{"state_map": {"0": "1ccb6290ea98bb94f0a12dd60214fff3", "1": "008d02c1066036047d3b8c7696fde555", "2": "e4a7bba61cc62ae868a34b903fa0d2ba", "3": "c64519dd7cee8be80dbc8cc90a20ea72", "4": "608a5864a64f3c15e3800464c1722fee", "5": "d175d5f50bd007037f14b020c6f23c93", "6": "5d6d313ffc3bfd78288550bcae68403c", "7": "fa915659e42e168803aafee40485ad07", "8": "b1eba837f742351413810e756c8edeae", "9": "e87d6f680036de5f3a809cecb5e34ba2", "10": "a2c23685dc5817b9feb60b486758f25e", "11": "8b84c9991ecfefd8cde43bb67f673e1b", "12": "c178379772d3bcd3f448c7c4b65f8861", "13": "833793e9aefa8385043f671cb5eeb4b4", "14": "e71f04ecb1e2eae5bafe4cd22d3f4b76", "15": "a1029bda9832546270cade622bf7eda2", "16": "b8fe36e76c0b82997ef986f636939c22", "17": "f5efcee9b712a0cbd339c96fc05bcd9a", "18": "4969a92f21cb7e52ea76e2f3df56db6c", "19": "c7cde986b66d7ba6f5678b893ddda7c2", "20": "81c685903f5fb18ece5e0dcd579b83ea", "21": "6cd73ae9adef9b5e89ffac6faac368ff", "22": "9e928143021f76b00f0d04d39e3c9a75", "23": "e763e522d0802568a86f8189a3e41547", "24": "de47a5b604cabfb0adffd5ad2e60f36c", "25": "f571c25bf6cb6bb432a821aea810add5", "26": "7de14d9570b524e265f4582c0a84b72c", "27": "f848a39e3b32b390f1db5c27c4fe07d6", "28": "c2808f19179d8a4a5ca531f07aa194f1", "29": "d453ef822a67b96542db13c6d29de4a4", "30": "e031762fa70538c642735193feee4cfe", "31": "20e1d6a26fa4da2593fbafd7454a886b", "32": "85aa44e4e39be5e96843b05a8d08f7db", "33": "3af88ac336b92005971664fb6b9f6f90", "34": "8c6fea8daf74d5713f3e788ae4d7a6ef", "35": "31c8a4c3311071d4e8f96467c5686b70", "36": "fc3b255db6cdbea0e904d003119c2cee", "37": "65d777aa1a903cf31f3afe88b6678a04", "38": "b3ec4c07995565f48e8a95b84d05ce6a", "39": "0093f37ee04b99d79bb4200780685621", "40": "948000fca3537bb11e1e89ae1e6d05c4", "41": "1e89c8fc65cb14a4161554a9fc7656bd", "42": "aefc47f1db0f236a1988302218abaef9", "43": "a1445f2c9c8683e50e0589dc10562107", "44": "ca75a1d734d02fc4aeac19f2812aa939", "45": "9153eeb59bd4adac1657bcc0bf944488", "46": "d535f59960c0b2f3946110933b359b76", "47": "fe0abae8d6ccbb72ca274f9ab3f24d10", "48": "4f38e891a76c3f97181f928e70cd74cc", "49": "00a8f76627f260be956f37997c88e25e", "50": "e8e394c889fa3109664a9caf1af888ba", "51": "476899433055b7b33b6591f26b26e02d", "52": "a628e2422cfd4db5ed9c150ced52a673", "53": "1e18b645271e6ff1f7e756ba32a7c69d", "54": "705868673dd2018308798ff8abc50fed", "55": "e0aec4cde516221faf714015ffe14c8b", "56": "e12f0e47d0bbb3f51850c354855b68bf", "57": "1b40cd242bce666576985d6fdf768bb5", "58": "9174a4da14944b253c66636a27645163", "59": "04ae9d57f66e9d4a4d820aa42c3eeddb", "60": "a42191af248ef310dc830ee0664b6be3", "61": "ecfaddc9429ee95a9dc82247809f676b", "62": "2f5efd7d2a82e28127449dc386097fb8", "63": "2cb13c2f63f64040832570d31d56dcdc", "64": "79ab8af36e5784961bd65339a053e3b1", "65": "3eec676fe40d8933f3e68d4dc838e39f", "66": "a67d24423588d91e4e14c03d70c6b98c", "67": "d54482d56315a33d0b606af873eeeded", "68": "0f1e22013959510a373d693724f0eec4", "69": "eac7271035847248ff82ee743b04699b"}, "act_map": {"0": "org.totschnig.myexpenses.MyExpenses", "1": "org.totschnig.myexpenses.MyExpenses", "2": "org.totschnig.myexpenses.MyExpenses", "3": "org.totschnig.myexpenses.ExpenseEdit", "4": "org.totschnig.myexpenses.ExpenseEdit", "5": "org.totschnig.myexpenses.SelectCategory", "6": "org.totschnig.myexpenses.SelectCategory", "7": "org.totschnig.myexpenses.SelectCategory", "8": "org.totschnig.myexpenses.MyPreferenceActivity", "9": "org.totschnig.myexpenses.ManageAccounts", "10": "org.totschnig.myexpenses.AccountEdit", "11": "org.totschnig.myexpenses.AccountEdit", "12": "org.totschnig.myexpenses.AccountEdit", "13": "org.totschnig.myexpenses.MyExpenses", "14": "org.totschnig.myexpenses.MyExpenses", "15": "org.totschnig.myexpenses.ManageParties", "16": "org.totschnig.myexpenses.ManageMethods", "17": "org.totschnig.myexpenses.MethodEdit", "18": "org.totschnig.myexpenses.MethodEdit", "19": "org.totschnig.myexpenses.ManageMethods", "20": "org.totschnig.myexpenses.ExpenseEdit", "21": "org.totschnig.myexpenses.GrisbiImport", "22": "org.totschnig.myexpenses.MyExpenses", "23": "org.totschnig.myexpenses.MyExpenses", "24": "org.totschnig.myexpenses.ExpenseEdit", "25": "org.totschnig.myexpenses.ManageAccounts", "26": "org.totschnig.myexpenses.SelectCategory", "27": "org.totschnig.myexpenses.ManageAccounts", "28": "org.totschnig.myexpenses.ManageAccounts", "29": "org.totschnig.myexpenses.ManageAccounts", "30": "org.totschnig.myexpenses.ManageAccounts", "31": "org.totschnig.myexpenses.ManageAccounts", "32": "org.totschnig.myexpenses.ManageAccounts", "33": "org.totschnig.myexpenses.ManageMethods", "34": "org.totschnig.myexpenses.ManageMethods", "35": "org.totschnig.myexpenses.ManageMethods", "36": "org.totschnig.myexpenses.MyPreferenceActivity", "37": "org.totschnig.myexpenses.AccountEdit", "38": "org.totschnig.myexpenses.SelectCategory", "39": "org.totschnig.myexpenses.SelectCategory", "40": "org.totschnig.myexpenses.SelectCategory", "41": "org.totschnig.myexpenses.MyPreferenceActivity", "42": "org.totschnig.myexpenses.Backup", "43": "org.totschnig.myexpenses.MyPreferenceActivity", "44": "org.totschnig.myexpenses.MyPreferenceActivity", "45": "org.totschnig.myexpenses.ExpenseEdit", "46": "org.totschnig.myexpenses.MyExpenses", "47": "org.totschnig.myexpenses.MyPreferenceActivity", "48": "org.totschnig.myexpenses.MyPreferenceActivity", "49": "org.totschnig.myexpenses.MyPreferenceActivity", "50": "org.totschnig.myexpenses.MyPreferenceActivity", "51": "org.totschnig.myexpenses.MyExpenses", "52": "org.totschnig.myexpenses.MyPreferenceActivity", "53": "org.totschnig.myexpenses.MyPreferenceActivity", "54": "org.totschnig.myexpenses.SelectCategory", "55": "org.totschnig.myexpenses.SelectCategory", "56": "org.totschnig.myexpenses.MyExpenses", "57": "org.totschnig.myexpenses.MyExpenses", "58": "org.totschnig.myexpenses.MyPreferenceActivity", "59": "org.totschnig.myexpenses.MyPreferenceActivity", "60": "org.totschnig.myexpenses.MyPreferenceActivity", "61": "org.totschnig.myexpenses.MyPreferenceActivity", "62": "org.totschnig.myexpenses.MyExpenses", "63": "org.totschnig.myexpenses.MyPreferenceActivity", "64": "org.totschnig.myexpenses.MyExpenses", "65": "org.totschnig.myexpenses.SelectCategory", "66": "org.totschnig.myexpenses.MyExpenses", "67": "org.totschnig.myexpenses.MyExpenses", "68": "org.totschnig.myexpenses.MyExpenses", "69": "org.totschnig.myexpenses.ExpenseEdit"}, "state_num": 70, "transition": [[0, 1, 0.1083677395177635], [0, 2, 0.04803292321913493], [0, 3, 0.01047701486250977], [0, 7, 0.010476953233373103], [0, 8, 0.010477075873293894], [0, 9, 0.010476953233373103], [0, 13, 0.2544557052868546], [0, 10, 0.010476953233373103], [0, 14, 0.011912397699860503], [0, 12, 0.018109069530385043], [0, 20, 0.029735813180968226], [0, 22, 0.17525427977749874], [0, 23, 0.06081022134399002], [0, 11, 0.013103569677796219], [0, 24, 0.01047701486250977], [0, 25, 0.010476953233373103], [0, 36, 0.019194913157932307], [0, 15, 0.010476953233373103], [0, 21, 0.011614899464713252], [0, 42, 0.07032428013420106], [0, 56, 6.162913666690061e-08], [0, 64, 6.162913666690061e-08], [0, 0, 0.09526819298544963], [1, 0, 0.09016296959303342], [1, 2, 1.1654420784027848e-05], [1, 46, 0.09016296959303342], [1, 66, 1.1654420784027848e-05], [1, 1, 0.8196507519723649], [2, 1, 0.45271294106290316], [2, 0, 2.4717907336581907e-06], [2, 14, 0.049764549749322214], [2, 46, 1.291434117994975e-06], [2, 56, 0.049764549749322214], [2, 3, 6.457170589974874e-07], [2, 64, 0.049764549749322214], [2, 2, 0.3979890007472195], [3, 0, 0.02668074219801537], [3, 4, 0.07572395662840593], [3, 5, 0.026680241946605447], [3, 6, 0.08624610740630209], [3, 7, 0.026680241946605447], [3, 20, 0.07572395662840593], [3, 23, 0.08467073523735089], [3, 21, 0.0295779110788618], [3, 14, 0.030335514732759732], [3, 8, 1.6675046997584672e-07], [3, 12, 0.04611563362368526], [3, 39, 0.026680241946605447], [3, 51, 0.030335431357524745], [3, 52, 1.6675046997584672e-07], [3, 62, 0.03033534798228976], [3, 56, 0.030335514732759736], [3, 2, 0.06691447632598284], [3, 65, 0.06435840398418113], [3, 46, 8.337523498792336e-08], [3, 3, 0.24260512536748344], [4, 3, 0.09908101048604405], [4, 4, 0.900918989513956], [5, 3, 0.05603358984329719], [5, 6, 0.18113334233639336], [5, 21, 0.062119584465460426], [5, 8, 0.056033122900606344], [5, 65, 0.13516444994428098], [5, 5, 0.5095159105099616], [6, 5, 0.04018338097460908], [6, 3, 1.7318845856338875e-06], [6, 7, 0.04018338097460908], [6, 8, 1.7318845856338875e-06], [6, 24, 1.7318845856338875e-06], [6, 26, 0.04018338097460908], [6, 38, 0.1724793361960821], [6, 39, 0.04018338097460908], [6, 40, 0.12411061672611896], [6, 54, 0.04018251503231627], [6, 55, 0.04018251503231627], [6, 65, 0.09692887454520588], [6, 46, 8.659422928169437e-07], [6, 6, 0.3653765569734741], [7, 3, 0.0652502122308766], [7, 6, 0.21092674730850527], [7, 0, 5.931783550229234e-07], [7, 8, 0.0652502122308766], [7, 24, 0.06524961905252157], [7, 7, 0.5933226159988649], [8, 0, 0.05755136947829873], [8, 9, 6.025154572408666e-08], [8, 15, 0.02892080219910732], [8, 16, 6.025154572408666e-08], [8, 17, 0.028920741947561595], [8, 12, 0.04998855250498238], [8, 19, 0.02892080219910732], [8, 7, 0.02892080219910732], [8, 6, 0.093489294836794], [8, 25, 6.025154572408666e-08], [8, 10, 0.028920741947561595], [8, 5, 6.025154572408666e-08], [8, 36, 0.05298599211369339], [8, 21, 0.032061946129131956], [8, 39, 6.025154572408666e-08], [8, 3, 0.028920741947561595], [8, 41, 0.02892080219910732], [8, 46, 0.028920741947561595], [8, 47, 6.025154572408666e-08], [8, 44, 0.06995333700901518], [8, 50, 6.025154572408666e-08], [8, 52, 0.02892080219910732], [8, 58, 6.025154572408666e-08], [8, 42, 0.09178152816416243], [8, 63, 0.028920741947561595], [8, 8, 0.26297977701821135], [9, 8, 0.02462435973335075], [9, 10, 0.024624711509918365], [9, 0, 8.79441419048241e-08], [9, 13, 0.5980562446007649], [9, 12, 0.04256239696976247], [9, 11, 0.030797790765092207], [9, 52, 0.02462435973335075], [9, 37, 0.030797790765092207], [9, 9, 0.2239122579785264], [10, 9, 0.01588123543305235], [10, 11, 0.019862430292373025], [10, 12, 0.027449760344017783], [10, 13, 0.3857035278776994], [10, 0, 3.97023796115664e-07], [10, 22, 0.2656501119157665], [10, 23, 0.04177686912436062], [10, 25, 0.015881121997682036], [10, 8, 1.1343537031876114e-07], [10, 27, 0.015881121997682036], [10, 28, 0.015881121997682036], [10, 29, 0.015881121997682036], [10, 32, 0.015881008562311717], [10, 37, 0.019862430292373025], [10, 52, 5.671768515938057e-08], [10, 53, 5.671768515938057e-08], [10, 41, 5.671768515938057e-08], [10, 46, 5.671768515938057e-08], [10, 10, 0.1444074008374107], [11, 10, 0.09907760230444902], [11, 0, 6.884217490441125e-07], [11, 25, 6.884217490441125e-07], [11, 9, 6.884217490441125e-07], [11, 27, 6.884217490441125e-07], [11, 29, 6.884217490441125e-07], [11, 28, 6.884217490441125e-07], [11, 11, 0.9009182671650569], [12, 10, 0.09907762809236852], [12, 8, 1.1416696829631115e-06], [12, 0, 1.1416696829631115e-06], [12, 9, 1.1416696829631115e-06], [12, 25, 1.1416696829631115e-06], [12, 27, 1.1416696829631115e-06], [12, 28, 1.1416696829631115e-06], [12, 3, 1.1416696829631115e-06], [12, 12, 0.9009143802198506], [13, 0, 0.09017790608686185], [13, 10, 4.378207295690809e-05], [13, 9, 4.378207295690809e-05], [13, 46, 0.09013412401390494], [13, 13, 0.8196004057533194], [14, 0, 0.06550249080592929], [14, 2, 2.1904731041516126e-07], [14, 23, 0.20787450203195879], [14, 3, 0.06550270985323971], [14, 46, 0.06550205271130848], [14, 14, 0.5956180255502533], [15, 8, 0.09014656222654084], [15, 0, 8.195067519980804e-07], [15, 50, 0.09014574271978883], [15, 48, 8.195067519980804e-07], [15, 15, 0.8197060560401663], [16, 8, 0.04619802788122383], [16, 17, 0.04619864385492892], [16, 18, 0.11637971279014685], [16, 35, 0.3249413763051625], [16, 52, 0.04619802788122383], [16, 16, 0.4200842112873141], [17, 16, 0.0640525599014611], [17, 18, 0.16135666535463497], [17, 19, 0.0640525599014611], [17, 8, 3.881938037015488e-07], [17, 33, 0.06405236580455924], [17, 34, 0.0640521717076574], [17, 35, 3.881938037015488e-07], [17, 48, 1.940969018507744e-07], [17, 41, 3.881938037015488e-07], [17, 17, 0.5824323186519135], [18, 17, 0.09907874058812363], [18, 16, 1.91991744147443e-06], [18, 19, 1.91991744147443e-06], [18, 18, 0.9009174195769935], [19, 17, 0.046198593795867764], [19, 8, 0.046198305058265755], [19, 35, 0.3249412949920745], [19, 18, 0.11637968366737421], [19, 53, 0.04619801632066375], [19, 19, 0.420084106165754], [20, 3, 0.09908111044166396], [20, 0, 3.3744049858731762e-06], [20, 20, 0.9009155151533501], [21, 5, 0.05367206691144154], [21, 26, 5.666730944509634e-07], [21, 3, 5.666730944509634e-07], [21, 38, 2.833365472254817e-07], [21, 8, 5.666730944509634e-07], [21, 41, 0.05367206691144154], [21, 0, 2.833365472254817e-07], [21, 47, 0.05367150023834709], [21, 42, 0.1899282160241618], [21, 49, 0.05367150023834709], [21, 48, 0.05367150023834709], [21, 60, 0.053671216901799865], [21, 61, 2.833365472254817e-07], [21, 63, 2.833365472254817e-07], [21, 65, 2.833365472254817e-07], [21, 21, 0.4880388158340944], [22, 0, 0.09016524585217173], [22, 10, 3.0154863817807977e-05], [22, 42, 3.0154863817807977e-05], [22, 46, 0.09016524585217173], [22, 22, 0.8196091985680208], [23, 0, 0.05682297645722948], [23, 10, 0.05681969798356343], [23, 3, 0.05681997842326603], [23, 14, 0.06460430914407055], [23, 57, 0.06460266990723752], [23, 62, 1.6392368330270678e-06], [23, 67, 0.1836711683942557], [23, 68, 1.5840306066276119e-06], [23, 23, 0.5166559764229377], [24, 0, 0.0631121916203276], [24, 7, 1.803195170894098e-07], [24, 6, 0.20401553269270548], [24, 26, 1.803195170894098e-07], [24, 45, 0.1589882821957967], [24, 46, 1.803195170894098e-07], [24, 24, 0.573883452532619], [25, 10, 0.07106205025049753], [25, 11, 0.08887701399705479], [25, 0, 3.1582922891846297e-07], [25, 8, 0.07106157650665416], [25, 12, 0.12282760085237741], [25, 25, 0.6461714425641871], [26, 21, 0.0534870043461391], [26, 6, 0.1559628006644533], [26, 24, 0.04824672351492953], [26, 38, 0.20709650987918996], [26, 50, 0.04824699155228239], [26, 53, 0.04824672351492953], [26, 26, 0.43871324652807603], [27, 10, 0.07649791073914088], [27, 11, 0.09567595155995046], [27, 12, 0.1322236994794449], [27, 27, 0.6956024382214638], [28, 10, 0.07649785429214262], [28, 11, 0.09567594737596473], [28, 12, 0.132223693697197], [28, 29, 9.683248180655569e-08], [28, 28, 0.6956024078022139], [29, 10, 0.06296238497791111], [29, 30, 7.969891883690455e-08], [29, 31, 0.22280601959637472], [29, 11, 0.07874702189079617], [29, 28, 0.06296214588115459], [29, 29, 0.5725223479548445], [30, 29, 0.0990766241738906], [30, 31, 7.743018021246632e-06], [30, 30, 0.9009156328080881], [31, 30, 0.43614620130237314], [31, 29, 3.989653918853363e-06], [31, 31, 0.5638498090437081], [32, 10, 0.09907757729242432], [32, 32, 0.9009224227075756], [33, 17, 0.058388726965814486], [33, 35, 0.41068181831567757], [33, 33, 0.5309294547185079], [34, 17, 0.09907788722643233], [34, 34, 0.9009221127735676], [35, 17, 0.09907508989347759], [35, 33, 7.742898114447358e-06], [35, 19, 7.742898114447358e-06], [35, 16, 7.742898114447358e-06], [35, 35, 0.9009016814121791], [36, 8, 0.0763764109739273], [36, 0, 7.773801863313072e-07], [36, 48, 0.0763764109739273], [36, 50, 0.0763764109739273], [36, 61, 0.07637563359374097], [36, 41, 7.773801863313072e-07], [36, 47, 7.773801863313072e-07], [36, 36, 0.694492801343918], [37, 10, 0.09907791428840598], [37, 9, 6.521913175849851e-07], [37, 37, 0.9009214335202764], [38, 21, 0.06995865890784976], [38, 6, 0.20399441865923287], [38, 40, 2.2572763659692912e-06], [38, 26, 2.2572763659692912e-06], [38, 65, 0.15222469743986386], [38, 38, 0.5738177104403217], [39, 6, 0.1931304180721992], [39, 8, 0.05974444345820478], [39, 3, 0.05974475790264403], [39, 65, 0.14411698686828076], [39, 39, 0.5432633936986712], [40, 38, 0.24363721843530595], [40, 6, 0.18348218275678793], [40, 49, 0.05675951527455396], [40, 40, 0.5161210835333522], [41, 8, 0.03540497395723966], [41, 21, 0.039250447032945085], [41, 42, 0.23764764405162458], [41, 43, 0.1090386770810077], [41, 44, 0.08563721943204995], [41, 48, 0.03540487280046024], [41, 36, 0.06486556192765171], [41, 10, 0.03540487280046024], [41, 17, 0.03540487280046024], [41, 49, 1.0115677942988638e-07], [41, 41, 0.321940756959321], [42, 41, 0.03580740926939659], [42, 22, 0.5989179724634015], [42, 0, 3.2177673483375944e-06], [42, 21, 0.03969418810246203], [42, 8, 1.0329684099764485e-06], [42, 63, 1.0329684099764485e-06], [42, 46, 3.3366294667458433e-06], [42, 42, 0.32557180983110506], [43, 41, 0.09908062547102969], [43, 43, 0.9009193745289703], [44, 41, 0.08269351279961092], [44, 47, 0.0826923362529175], [44, 49, 0.0826923362529175], [44, 8, 1.1765466934106752e-06], [44, 44, 0.7519206381478605], [45, 24, 0.09907912103558876], [45, 45, 0.9009208789644113], [46, 24, 0.01937342813685663], [46, 14, 9.225441969931728e-08], [46, 2, 0.0485891733395338], [46, 8, 9.225441969931728e-08], [46, 3, 0.01937342813685663], [46, 13, 9.225441969931728e-08], [46, 10, 0.01937342813685663], [46, 22, 0.324070929009044], [46, 42, 0.1300399416804002], [46, 6, 0.06262661374213946], [46, 1, 0.2003878741952398], [46, 46, 0.17616490685981379], [47, 8, 0.0647138338017381], [47, 21, 0.07174282767075038], [47, 44, 0.15652962796666056], [47, 48, 1.5049728791101883e-07], [47, 36, 0.11856275314701419], [47, 53, 1.5049728791101883e-07], [47, 47, 0.5884506564192609], [48, 47, 0.06236805725870987], [48, 36, 0.11426516636565763], [48, 41, 1.2993345262231222e-07], [48, 17, 0.06236805725870987], [48, 15, 0.06236805725870987], [48, 21, 0.06914224584573023], [48, 49, 0.06236805725870987], [48, 48, 0.56712022882032], [49, 21, 0.07097170910930956], [49, 44, 0.1548472008555756], [49, 58, 0.06401827423565055], [49, 53, 1.3917016138184901e-07], [49, 48, 1.3917016138184901e-07], [49, 63, 0.06401827423565055], [49, 41, 0.06401827423565055], [49, 40, 1.3917016138184901e-07], [49, 49, 0.5821258498176788], [50, 8, 0.07736803850001156], [50, 36, 0.14174677279988945], [50, 26, 0.07736818447744269], [50, 15, 1.459774311320973e-07], [50, 50, 0.7035168582452251], [51, 3, 0.09907768983231888], [51, 51, 0.9009223101676811], [52, 3, 0.08269160251293796], [52, 9, 1.759395798147616e-07], [52, 10, 0.08269160251293796], [52, 16, 1.759395798147616e-07], [52, 8, 0.08269177845251778], [52, 52, 0.7519246646424464], [53, 10, 0.08269160429441465], [53, 19, 1.6875837611105028e-07], [53, 49, 0.08269160429441465], [53, 59, 1.6875837611105028e-07], [53, 47, 0.08269160429441465], [53, 26, 1.6875837611105028e-07], [53, 53, 0.7519246808416278], [54, 6, 0.26226531280515136], [54, 54, 0.7377346871948487], [55, 6, 0.2622652744377037], [55, 55, 0.7377347255622964], [56, 0, 0.09014588281940805], [56, 57, 3.014594559901874e-07], [56, 3, 0.09014618427886405], [56, 2, 3.014594559901874e-07], [56, 56, 0.8197073299828158], [57, 56, 0.11114268871031527], [57, 23, 3.2689026091269195e-07], [57, 57, 0.8888569843994237], [58, 8, 0.09907737088123499], [58, 49, 2.0641118933590625e-07], [58, 58, 0.9009224227075756], [59, 53, 0.09907737281054427], [59, 60, 1.8693843926517789e-07], [59, 59, 0.9009224402510164], [60, 59, 0.09907737245436408], [60, 21, 1.905334085660848e-07], [60, 60, 0.9009224370122273], [61, 21, 0.10866917043106311], [61, 36, 2.1309245376831557e-07], [61, 61, 0.8913306164764832], [62, 23, 0.258713399127883], [62, 3, 2.726189764008087e-07], [62, 62, 0.7412863282531406], [63, 42, 0.2372698496786657], [63, 49, 1.8235297136127127e-07], [63, 21, 0.08288523072810443], [63, 8, 1.8235297136127127e-07], [63, 63, 0.6798445548872872], [64, 0, 0.09907735850485652], [64, 2, 3.313274623495993e-07], [64, 64, 0.9009223101676811], [65, 3, 0.05339997359818058], [65, 5, 7.156165415988744e-07], [65, 21, 0.05919917738788442], [65, 6, 0.17261934976373317], [65, 39, 7.156165415988744e-07], [65, 38, 0.22921420727911762], [65, 65, 0.48556586073800106], [66, 1, 0.5063722778786237], [66, 67, 1.0080661162333688e-06], [66, 69, 0.04846471712660428], [66, 66, 0.4451619969286557], [67, 66, 0.2535492471897082], [67, 23, 1.7690837906875631e-06], [67, 67, 0.7464489837265011], [68, 23, 0.2521977678584645], [68, 69, 5.427536880660124e-07], [68, 68, 0.7478016893878474], [69, 68, 0.09818087096724612], [69, 66, 3.3855472747326247e-07], [69, 69, 0.9018187904780265]]}