{"state_map": {"0": "df380542c22da1a4d8a4f027dea47c49", "1": "20d8404f739711b1c030202aa6e833de", "2": "8902546a05af2abbbb1766917d356600", "3": "589aa7d0c79d962055f0c9ae0b16e574", "4": "feb8d1a4018ce11917c624fd39d2f52a", "5": "e86415af73ec072dc26078cb9b62e83a", "6": "c7eef64be445582c6ce42aebd5ed4954", "7": "183158f9c92150c8919da452db21da07", "8": "c04947c394cfa39da5e621b254d0e43b", "9": "3b8478364dddd9ff7ed5c00debf30121", "10": "b157d3e87b7fb98edf90b2e7145e2b50", "11": "79706b645dddada8ba83957eeceaf890", "12": "069bf037bb276a96b3ae69e82a38217d", "13": "b7213b42caed2efd964a1105c97eb5f5", "14": "acc8217d3721cbda5fb71833046e7c3a", "15": "c628559cded1ffb989ed24fb906bc789", "16": "059fdc3807fb0490ba7b6e82f80bd74c", "17": "54841e0a3be9f7d12a9ee70b5dc06109", "18": "b74f2117280ca9d497d2fe865ba92e7e", "19": "ed8996ac1c0c20d9e7eb62e02894e1c9", "20": "9b99aeaa823c002ae8cb34f1cbe9254f", "21": "8e996c9690f183d5870d19fd4a8ab3ec", "22": "18dff56f7b1e13e084ef18d416f06c92", "23": "f2088fdea102793e1da62e38e571122a", "24": "faccaba10c5e686d3a849158ac2505c9", "25": "7394033d312b300cf90307afdd3f8fbc", "26": "4ab664da7ae3d9285139a95d47300b0a", "27": "5fde9d7624598d325eeeb74ba84ea1b0", "28": "f037af33d3c14c8e34d2ca7853345573", "29": "228f8f25873cd218a72921191f451533", "30": "f192eb7dae9fce0cfcc210ebd1c0e820", "31": "756fe448762ea28ded452a2d083febdf", "32": "bda7b212a10597c14f5ee5d3ff51a9ee", "33": "aa037c6076d4243fca0e8018b35d157a", "34": "8265b78ba3e842977697205b74753470", "35": "0e98a14bee65f112513c2c3dfa64c526", "36": "49a19e0ff9efcb4a301441c2f0e591f3", "37": "458e6abb12722b37470647657408b67d", "38": "1eb24cf500c907b7292b13e3c75469d6", "39": "caebb52ca941bf0cd2f4049052f78996", "40": "091667330505bc31db9d9c8d9fc915a2", "41": "2d286a117110c38a32e87337ac7d9a3a", "42": "860de55568417bf9d658eab8fa187edf", "43": "b48ef41a4dea46656bedd6213b412be8", "44": "a0dffdae1b97f43b57a544cb214ccead", "45": "77f8f699215d9590f410777e513b6cd5", "46": "49af273eb7376dd9230edbd73a28a90a", "47": "92e4c75bb0b36792dcb991eb7bdf5935", "48": "77e23131068fccf755f0b3d94312940e", "49": "36ef8327a8b4be658b95a35df991010c", "50": "1bc434060461f49f0479b5a7d83310c4", "51": "e3754c7e552ad4d0a3f0c4c5c4d034f7", "52": "192df43ec7222d294de7e930393a010d", "53": "de60a7e5dc4f757718e6cb186d30757f", "54": "96ba78dc5fb35e53da11c8a2863af42d"}, "act_map": {"0": "com.fsck.k9.activity.Accounts", "1": "com.fsck.k9.activity.setup.AccountSetupBasics", "2": "com.fsck.k9.activity.setup.AccountSetupAccountType", "3": "com.fsck.k9.activity.setup.AccountSetupIncoming", "4": "com.fsck.k9.activity.setup.AccountSetupIncoming", "5": "com.fsck.k9.activity.setup.AccountSetupCheckSettings", "6": "com.fsck.k9.activity.setup.AccountSetupOutgoing", "7": "com.fsck.k9.activity.setup.AccountSetupOutgoing", "8": "com.fsck.k9.activity.setup.AccountSetupOutgoing", "9": "com.fsck.k9.activity.setup.AccountSetupIncoming", "10": "com.fsck.k9.activity.setup.AccountSetupIncoming", "11": "com.fsck.k9.activity.setup.AccountSetupIncoming", "12": "com.fsck.k9.activity.setup.AccountSetupIncoming", "13": "com.fsck.k9.activity.setup.AccountSetupOptions", "14": "com.fsck.k9.activity.setup.AccountSetupOptions", "15": "com.fsck.k9.activity.setup.AccountSetupOptions", "16": "com.fsck.k9.activity.setup.AccountSetupNames", "17": "com.fsck.k9.activity.MessageList", "18": "com.fsck.k9.activity.Accounts", "19": "com.fsck.k9.activity.FolderList", "20": "com.fsck.k9.activity.setup.Prefs", "21": "com.fsck.k9.activity.setup.Prefs", "22": "com.fsck.k9.activity.setup.Prefs", "23": "com.fsck.k9.activity.setup.Prefs", "24": "com.fsck.k9.activity.setup.Prefs", "25": "com.fsck.k9.activity.setup.Prefs", "26": "com.fsck.k9.activity.Accounts", "27": "com.fsck.k9.activity.setup.Prefs", "28": "com.fsck.k9.activity.setup.Prefs", "29": "com.fsck.k9.activity.setup.Prefs", "30": "com.fsck.k9.activity.setup.Prefs", "31": "com.fsck.k9.activity.setup.Prefs", "32": "com.fsck.k9.activity.setup.Prefs", "33": "com.fsck.k9.activity.setup.FontSizeSettings", "34": "com.fsck.k9.activity.setup.FontSizeSettings", "35": "com.fsck.k9.activity.setup.FontSizeSettings", "36": "com.fsck.k9.activity.setup.FontSizeSettings", "37": "com.fsck.k9.activity.setup.FontSizeSettings", "38": "com.fsck.k9.activity.setup.FontSizeSettings", "39": "com.fsck.k9.activity.setup.Prefs", "40": "com.fsck.k9.activity.setup.Prefs", "41": "com.fsck.k9.activity.setup.Prefs", "42": "com.fsck.k9.activity.setup.Prefs", "43": "com.fsck.k9.activity.setup.Prefs", "44": "com.fsck.k9.activity.Accounts", "45": "com.fsck.k9.activity.Accounts", "46": "com.fsck.k9.activity.setup.Prefs", "47": "com.fsck.k9.activity.setup.FontSizeSettings", "48": "com.fsck.k9.activity.setup.Prefs", "49": "com.fsck.k9.activity.setup.AccountSetupCheckSettings", "50": "com.fsck.k9.activity.setup.AccountSetupOutgoing", "51": "com.fsck.k9.activity.setup.AccountSetupIncoming", "52": "com.fsck.k9.activity.MessageList", "53": "com.fsck.k9.activity.FolderList", "54": "com.fsck.k9.activity.Accounts"}, "state_num": 55, "transition": [[0, 1, 0.02035830331300611], [0, 2, 0.02035830331300611], [0, 3, 0.020358146711877554], [0, 4, 0.0402854697602311], [0, 7, 0.0873862684236726], [0, 5, 0.11844329302248567], [0, 11, 0.020358146711877554], [0, 20, 0.02035830331300611], [0, 26, 0.021218506695198116], [0, 24, 0.02035830331300611], [0, 43, 0.02035830331300611], [0, 21, 0.02035830331300611], [0, 29, 0.02035830331300611], [0, 25, 1.5660112855290425e-07], [0, 35, 0.023147447612840804], [0, 34, 0.02035830331300611], [0, 38, 0.02035830331300611], [0, 22, 0.02035830331300611], [0, 44, 0.021218506695198116], [0, 27, 0.02035830331300611], [0, 42, 0.02035830331300611], [0, 33, 0.02035830331300611], [0, 23, 0.03278718527344778], [0, 28, 0.02314729101171225], [0, 32, 1.5660112855290425e-07], [0, 36, 0.02035830331300611], [0, 37, 1.5660112855290425e-07], [0, 6, 0.02035830331300611], [0, 8, 0.0402854697602311], [0, 12, 0.020358146711877554], [0, 9, 0.020358146711877554], [0, 54, 0.020153884370286812], [0, 0, 0.18511907102870803], [1, 0, 0.09014793482598307], [1, 2, 0.09014673288557046], [1, 54, 6.009702063010523e-07], [1, 26, 6.009702063010523e-07], [1, 1, 0.8197041303480338], [2, 1, 0.09014597191259895], [2, 0, 0.09014777481400818], [2, 3, 9.014507046189433e-07], [2, 4, 2.70435211385683e-06], [2, 9, 9.014507046189433e-07], [2, 10, 9.014507046189433e-07], [2, 12, 9.014507046189433e-07], [2, 2, 0.8196999431184606], [3, 2, 0.06609355060653126], [3, 4, 0.13078928321883113], [3, 0, 1.101559176775521e-06], [3, 5, 0.20211947772419925], [3, 3, 0.6009965868912616], [4, 3, 0.041416127657269715], [4, 2, 0.04141538262086014], [4, 0, 0.041416127657269715], [4, 5, 0.11430333949584642], [4, 9, 0.041416127657269715], [4, 10, 0.17777408530141892], [4, 11, 0.041416127657269715], [4, 12, 0.041416127657269715], [4, 49, 0.04141538262086014], [4, 51, 0.041416127657269715], [4, 4, 0.3765950440173958], [5, 3, 0.05533452519983921], [5, 4, 0.1094964089257733], [5, 6, 0.05533554329995075], [5, 11, 0.05533452519983921], [5, 0, 2.146190698821311e-06], [5, 12, 0.055333397109251926], [5, 13, 1.1280905872851135e-06], [5, 15, 1.1280905872851135e-06], [5, 50, 0.055335543299950746], [5, 8, 2.256181174570227e-06], [5, 9, 0.05533452519983921], [5, 51, 0.055333397109251926], [5, 10, 1.1280905872851135e-06], [5, 44, 1.1280905872851135e-06], [5, 5, 0.503153219922081], [6, 5, 0.25096519670341627], [6, 7, 0.18516027491178197], [6, 8, 0.08535967329780828], [6, 0, 0.04313659034545461], [6, 50, 0.04313643058208033], [6, 6, 0.3922418341594585], [7, 6, 0.07650252870024497], [7, 8, 0.15138148758622275], [7, 0, 4.1045680138623096e-06], [7, 49, 0.07650252870024497], [7, 7, 0.6956093504452734], [8, 7, 0.22076345541548253], [8, 6, 0.05143138515405776], [8, 49, 9.252012851468641e-07], [8, 0, 0.05143138515405776], [8, 50, 0.05143138515405776], [8, 5, 0.1572781199153032], [8, 8, 0.4676633440057557], [9, 4, 0.09689500344476572], [9, 10, 0.2101825988022249], [9, 2, 0.04896557774610189], [9, 11, 1.4838053862455122e-07], [9, 5, 0.14974047766293974], [9, 0, 4.451416158736536e-07], [9, 49, 0.04896587450717914], [9, 9, 0.4452498743146341], [10, 9, 0.058379619923128394], [10, 4, 0.11552028225510358], [10, 11, 0.058379619923128394], [10, 2, 0.05837648769828996], [10, 5, 0.17851958238127527], [10, 10, 0.5308244078190744], [11, 10, 0.2210042478588117], [11, 5, 0.15745041684618222], [11, 4, 0.10188374206264655], [11, 0, 1.5602030174171382e-07], [11, 9, 0.05148669957476556], [11, 11, 0.4681747376372922], [12, 4, 0.16392032584830302], [12, 5, 4.872735088530192e-07], [12, 0, 2.436367544265096e-07], [12, 2, 0.08283649650501325], [12, 49, 2.436367544265096e-07], [12, 12, 0.7532422030996662], [13, 5, 0.22474352256396232], [13, 14, 0.10698549518528626], [13, 15, 6.127772607408036e-07], [13, 13, 0.6682703694734907], [14, 13, 0.12091395678247578], [14, 15, 1.0825742835790222e-06], [14, 14, 0.8790849606432406], [15, 14, 0.09797902857883933], [15, 16, 3.5423901987370783e-07], [15, 5, 0.20582489342953778], [15, 45, 3.5423901987370783e-07], [15, 13, 0.08417916539872113], [15, 15, 0.612016204114862], [16, 15, 0.09907726862795073], [16, 17, 6.19232928924692e-07], [16, 45, 6.19232928924692e-07], [16, 16, 0.9009214929061914], [17, 16, 0.06625496323291238], [17, 18, 0.06625643556542868], [17, 19, 0.06625643556542868], [17, 45, 0.06625569939917053], [17, 20, 7.36166258143471e-07], [17, 52, 0.06625496323291238], [17, 53, 0.06625643556542868], [17, 17, 0.6024643312724604], [18, 17, 0.0826924100344274], [18, 19, 0.08269181938068418], [18, 53, 0.08269181938068418], [18, 18, 0.7519239512042041], [19, 18, 0.08269270793842871], [19, 17, 0.0826927079384287], [19, 45, 0.0826914357624939], [19, 19, 0.7519231483606486], [20, 0, 0.04012020226221707], [20, 21, 0.04012020226221707], [20, 22, 0.04012020226221707], [20, 24, 0.04012020226221707], [20, 27, 0.040120331681806884], [20, 29, 0.04012020226221707], [20, 35, 0.045616676932462234], [20, 42, 0.04012007284262725], [20, 43, 0.04012020226221707], [20, 23, 0.06461414587939789], [20, 26, 0.04181541660768019], [20, 17, 0.04012007284262725], [20, 46, 0.04012007284262725], [20, 34, 0.04012007284262725], [20, 44, 0.041815287188090376], [20, 20, 0.3648166367667508], [21, 20, 0.08240473302792294], [21, 0, 0.08240473302792294], [21, 26, 0.08588593571633715], [21, 21, 0.749304598227817], [22, 20, 0.07871814774640695], [22, 23, 0.12677664802643704], [22, 0, 0.07871814774640695], [22, 22, 0.715787056480749], [23, 22, 0.0901470103963458], [23, 27, 0.0901470103963458], [23, 20, 7.641106627824503e-07], [23, 40, 7.641106627824503e-07], [23, 0, 7.641106627824503e-07], [23, 23, 0.8197036868753201], [24, 20, 0.06949657560000219], [24, 25, 0.1566361198650032], [24, 26, 0.07243303664220657], [24, 0, 0.06949657560000219], [24, 24, 0.6319376922927858], [25, 24, 0.090148097363686], [25, 0, 0.09014575301158748], [25, 25, 0.8197061496247264], [26, 24, 0.04932844390254423], [26, 0, 0.04932844390254423], [26, 34, 0.04932844390254423], [26, 35, 0.05608657150169919], [26, 36, 0.04932844390254423], [26, 20, 0.04932844390254423], [26, 43, 0.04932844390254423], [26, 44, 0.05141229781039376], [26, 29, 0.04932801546672915], [26, 38, 4.284358150866147e-07], [26, 21, 0.04932844390254423], [26, 1, 0.04932801546672915], [26, 26, 0.44854556400082424], [27, 20, 0.04683412740104049], [27, 28, 0.05325056966082033], [27, 23, 0.07542720101132984], [27, 32, 0.11119961498443948], [27, 33, 9.557965677833408e-08], [27, 39, 9.557965677833408e-08], [27, 0, 0.04683412740104049], [27, 42, 0.04683412740104049], [27, 40, 0.0468340318213837], [27, 36, 0.0468340318213837], [27, 48, 0.0468340318213837], [27, 35, 0.05325047408116355], [27, 27, 0.4258674714356606], [28, 27, 0.09907821250265242], [28, 42, 5.120506535932636e-07], [28, 0, 5.120506535932636e-07], [28, 28, 0.9009207633960404], [29, 20, 0.056747179136779805], [29, 30, 0.13473614512100807], [29, 31, 0.1766179438033157], [29, 0, 0.056747179136779805], [29, 26, 1.2610428206270153e-07], [29, 44, 0.05914481050833784], [29, 29, 0.5160066161894966], [30, 29, 0.09908136510230398], [30, 30, 0.900918634897696], [31, 29, 0.09908294757877549], [31, 31, 0.9009170524212244], [32, 27, 0.08269366949556539], [32, 39, 0.08269135965198655], [32, 0, 0.08269135965198655], [32, 48, 1.1549217894143451e-06], [32, 32, 0.751922456278672], [33, 27, 0.06145376673553276], [33, 34, 0.061454046070836106], [33, 35, 0.06987316883630357], [33, 36, 0.061454046070836106], [33, 38, 2.7933530334333074e-07], [33, 39, 0.06145376673553276], [33, 0, 0.061454046070836106], [33, 47, 0.06405040476661161], [33, 33, 0.5588064753782077], [34, 33, 0.06985886541202602], [34, 26, 0.07281062877918214], [34, 35, 0.07942973451159283], [34, 0, 0.06985886541202602], [34, 47, 0.07281062877918214], [34, 20, 4.657226645957428e-07], [34, 34, 0.6352308113833262], [35, 26, 0.0737340091377643], [35, 34, 0.07074482219592736], [35, 33, 7.3123911965598e-07], [35, 36, 0.07074482219592736], [35, 38, 0.07074482219592736], [35, 20, 3.6561955982799e-07], [35, 0, 0.07074482219592736], [35, 40, 3.6561955982799e-07], [35, 27, 3.6561955982799e-07], [35, 47, 3.6561955982799e-07], [35, 35, 0.6432845083611674], [36, 33, 0.06821412839379681], [36, 35, 0.077559702046839], [36, 26, 0.07109640811856684], [36, 37, 0.0946377934147762], [36, 27, 1.7490757304159944e-07], [36, 0, 0.06821412839379681], [36, 36, 0.6202776647246513], [37, 36, 0.09014710225583457], [37, 0, 0.0901458516042775], [37, 37, 0.8197070461398879], [38, 33, 0.07006534795959783], [38, 35, 0.0796648743990704], [38, 0, 0.07006565259154547], [38, 26, 0.07302585561986252], [38, 44, 3.0463194765042534e-07], [38, 43, 0.07006534795959783], [38, 38, 0.6371126168383783], [39, 27, 0.09907733778833079], [39, 32, 1.8014061416060144e-07], [39, 40, 1.8014061416060144e-07], [39, 33, 1.8014061416060144e-07], [39, 39, 0.9009221217898266], [40, 39, 0.07787769017173299], [40, 41, 1.276683445438246e-07], [40, 23, 0.12542351189752693], [40, 46, 1.276683445438246e-07], [40, 35, 0.08854723287131741], [40, 27, 1.276683445438246e-07], [40, 40, 0.7081511820543888], [41, 40, 0.09907737497137076], [41, 42, 1.6512895828561792e-07], [41, 41, 0.9009224598996709], [42, 41, 0.07558502944789573], [42, 20, 1.3997227675536244e-07], [42, 27, 0.07558530939244924], [42, 0, 0.07558530939244924], [42, 28, 0.08594046882167913], [42, 42, 0.6873037429732497], [43, 20, 0.08240401719778546], [43, 0, 0.08240401719778546], [43, 26, 0.08588585875390016], [43, 38, 4.337030710248128e-07], [43, 43, 0.7493056731474579], [44, 0, 0.06600211970932866], [44, 26, 4.2993778412836885e-07], [44, 38, 0.0660012598337604], [44, 20, 4.2993778412836885e-07], [44, 29, 0.06600168977154454], [44, 5, 0.20183669499023482], [44, 44, 0.6001573758195635], [45, 15, 0.07637590937371543], [45, 17, 0.07637617273892017], [45, 19, 2.6336520473694977e-07], [45, 16, 0.07637590937371543], [45, 52, 0.0763764361041249], [45, 45, 0.6944953090443193], [46, 40, 0.09907737523957638], [46, 20, 1.6242192662225636e-07], [46, 46, 0.9009224623384969], [47, 34, 0.08904668978785961], [47, 35, 0.10124576881404673], [47, 33, 5.800538838304761e-07], [47, 47, 0.8097069613442099], [48, 32, 0.20704959282625013], [48, 27, 1.5855149000208344e-07], [48, 48, 0.7929502486222597], [49, 8, 0.11395884077127734], [49, 7, 0.24719817010339776], [49, 50, 4.429922886010976e-07], [49, 9, 0.057589440510431286], [49, 4, 4.429922886010976e-07], [49, 12, 0.057588997518142684], [49, 49, 0.5236636651121737], [50, 8, 0.10475650751883574], [50, 6, 0.052938462917269904], [50, 5, 0.3079935828898477], [50, 49, 0.052938184295247305], [50, 50, 0.48137326237879924], [51, 4, 0.1787247917922684], [51, 5, 2.6564199493221786e-07], [51, 51, 0.8212749425657366], [52, 45, 0.09907838438861226], [52, 17, 1.2384643240536026e-06], [52, 52, 0.9009203771470636], [53, 18, 0.09014674216898746], [53, 17, 0.09014674216898746], [53, 53, 0.8197065156620249], [54, 1, 0.09907731657937455], [54, 0, 7.544863830073287e-07], [54, 54, 0.9009219289342424]]}