[{"414fd3ae3a8d8982541867ebf74f93f4": ["0", "com.duolingo.app.LoginActivity"]}, {"04e50421aef7e1b789023ddc1a7f6fc3": ["1", "com.duolingo.app.LoginActivity"]}, {"cec7a7a8ab72a09e3c1b73d5e2610520": ["822", "com.duolingo.app.HomeActivity"]}, {"cec7a7a8ab72a09e3c1b73d5e2610520": ["822", "com.duolingo.app.HomeActivity"]}, {"64c1c72699890f14fee8d38295042832": ["823", "com.duolingo.app.HomeActivity"]}, {"64c1c72699890f14fee8d38295042832": ["823", "com.duolingo.app.HomeActivity"]}, {"64c1c72699890f14fee8d38295042832": ["823", "com.duolingo.app.HomeActivity"]}, {"64c1c72699890f14fee8d38295042832": ["823", "com.duolingo.app.HomeActivity"]}, {"cec7a7a8ab72a09e3c1b73d5e2610520": ["822", "com.duolingo.app.HomeActivity"]}, {"64c1c72699890f14fee8d38295042832": ["823", "com.duolingo.app.HomeActivity"]}, {"64c1c72699890f14fee8d38295042832": ["823", "com.duolingo.app.HomeActivity"]}, {"64c1c72699890f14fee8d38295042832": ["823", "com.duolingo.app.HomeActivity"]}, {"64c1c72699890f14fee8d38295042832": ["823", "com.duolingo.app.HomeActivity"]}, {"64c1c72699890f14fee8d38295042832": ["823", "com.duolingo.app.HomeActivity"]}, {"64c1c72699890f14fee8d38295042832": ["823", "com.duolingo.app.HomeActivity"]}, {"051e98f28df26981a88e9a0165c64918": ["824", "com.duolingo.app.HomeActivity"]}, {"cec7a7a8ab72a09e3c1b73d5e2610520": ["822", "com.duolingo.app.HomeActivity"]}, {"e6b490b651254cfdf2c11d4f67340b65": ["93", "com.duolingo.app.HomeActivity"]}, {"30514b8451c844a7dad5433f02c882b2": ["825", "com.duolingo.app.HomeActivity"]}, {"30514b8451c844a7dad5433f02c882b2": ["825", "com.duolingo.app.HomeActivity"]}, {"3dbca313ccdaaaab0f7695b8626329ce": ["4", "com.duolingo.app.WelcomeFlowActivity"]}, {"3dbca313ccdaaaab0f7695b8626329ce": ["4", "com.duolingo.app.WelcomeFlowActivity"]}, {"3dbca313ccdaaaab0f7695b8626329ce": ["4", "com.duolingo.app.WelcomeFlowActivity"]}, {"3dbca313ccdaaaab0f7695b8626329ce": ["4", "com.duolingo.app.WelcomeFlowActivity"]}, {"3dbca313ccdaaaab0f7695b8626329ce": ["4", "com.duolingo.app.WelcomeFlowActivity"]}, {"b3f343cc2ecc2569ced2a043a6d14d78": ["19", "com.duolingo.app.WelcomeFlowActivity"]}, {"b3f343cc2ecc2569ced2a043a6d14d78": ["19", "com.duolingo.app.WelcomeFlowActivity"]}, {"0d3b291622464a1f71d8520e96be43f6": ["5", "com.duolingo.app.WelcomeFlowActivity"]}, {"f51445cd56d312779eed184127e63831": ["16", "com.duolingo.app.SettingsActivity"]}, {"f51445cd56d312779eed184127e63831": ["16", "com.duolingo.app.SettingsActivity"]}, {"3dbca313ccdaaaab0f7695b8626329ce": ["4", "com.duolingo.app.WelcomeFlowActivity"]}, {"b3f343cc2ecc2569ced2a043a6d14d78": ["19", "com.duolingo.app.WelcomeFlowActivity"]}, {"85514a7aae1cc4212dde0ca92c0af4e1": ["37", "com.duolingo.app.LessonActivity"]}, {"c0fa77ef9f7f67de7f62b6ce5d3ea9bc": ["38", "com.duolingo.app.LessonActivity"]}, {"c0fa77ef9f7f67de7f62b6ce5d3ea9bc": ["38", "com.duolingo.app.LessonActivity"]}, {"950597cb53557bf8287f63bebc21bfea": ["21", "com.duolingo.app.LessonActivity"]}, {"3372d91732dc201950418b125a8fe7ce": ["26", "com.duolingo.app.LessonActivity"]}, {"b3f343cc2ecc2569ced2a043a6d14d78": ["19", "com.duolingo.app.WelcomeFlowActivity"]}, {"7d90f9f12158806e5a3c1bf861a68b87": ["32", "com.duolingo.app.PlacementTestExplainedActivity"]}, {"b3f343cc2ecc2569ced2a043a6d14d78": ["19", "com.duolingo.app.WelcomeFlowActivity"]}, {"b3f343cc2ecc2569ced2a043a6d14d78": ["19", "com.duolingo.app.WelcomeFlowActivity"]}, {"b3f343cc2ecc2569ced2a043a6d14d78": ["19", "com.duolingo.app.WelcomeFlowActivity"]}, {"0d3b291622464a1f71d8520e96be43f6": ["5", "com.duolingo.app.WelcomeFlowActivity"]}, {"0d3b291622464a1f71d8520e96be43f6": ["5", "com.duolingo.app.WelcomeFlowActivity"]}, {"c0e0f039790532be2a456560f903f573": ["6", "com.duolingo.app.SignupActivity"]}, {"0d3b291622464a1f71d8520e96be43f6": ["5", "com.duolingo.app.WelcomeFlowActivity"]}, {"c0e0f039790532be2a456560f903f573": ["6", "com.duolingo.app.SignupActivity"]}, {"b3f343cc2ecc2569ced2a043a6d14d78": ["19", "com.duolingo.app.WelcomeFlowActivity"]}, {"b3f343cc2ecc2569ced2a043a6d14d78": ["19", "com.duolingo.app.WelcomeFlowActivity"]}, {"b3f343cc2ecc2569ced2a043a6d14d78": ["19", "com.duolingo.app.WelcomeFlowActivity"]}, {"0d3b291622464a1f71d8520e96be43f6": ["5", "com.duolingo.app.WelcomeFlowActivity"]}, {"5907478f6c9339cf07aeb1a72290387e": ["106", "com.duolingo.app.SettingsActivity"]}, {"5907478f6c9339cf07aeb1a72290387e": ["106", "com.duolingo.app.SettingsActivity"]}, {"5907478f6c9339cf07aeb1a72290387e": ["106", "com.duolingo.app.SettingsActivity"]}, {"0d3b291622464a1f71d8520e96be43f6": ["5", "com.duolingo.app.WelcomeFlowActivity"]}, {"4249d16327aec4b19a5e21ae0f5e8ccf": ["92", "com.duolingo.app.SignupActivity"]}, {"4249d16327aec4b19a5e21ae0f5e8ccf": ["92", "com.duolingo.app.SignupActivity"]}, {"891be92a111cbe3c2aa982433084de07": ["112", "com.duolingo.app.SignupActivity"]}, {"891be92a111cbe3c2aa982433084de07": ["112", "com.duolingo.app.SignupActivity"]}, {"891be92a111cbe3c2aa982433084de07": ["112", "com.duolingo.app.SignupActivity"]}, {"4249d16327aec4b19a5e21ae0f5e8ccf": ["92", "com.duolingo.app.SignupActivity"]}, {"4249d16327aec4b19a5e21ae0f5e8ccf": ["92", "com.duolingo.app.SignupActivity"]}, {"4249d16327aec4b19a5e21ae0f5e8ccf": ["92", "com.duolingo.app.SignupActivity"]}, {"b3f343cc2ecc2569ced2a043a6d14d78": ["19", "com.duolingo.app.WelcomeFlowActivity"]}, {"b3f343cc2ecc2569ced2a043a6d14d78": ["19", "com.duolingo.app.WelcomeFlowActivity"]}, {"b3f343cc2ecc2569ced2a043a6d14d78": ["19", "com.duolingo.app.WelcomeFlowActivity"]}, {"0d3b291622464a1f71d8520e96be43f6": ["5", "com.duolingo.app.WelcomeFlowActivity"]}, {"5907478f6c9339cf07aeb1a72290387e": ["106", "com.duolingo.app.SettingsActivity"]}, {"5907478f6c9339cf07aeb1a72290387e": ["106", "com.duolingo.app.SettingsActivity"]}, {"5907478f6c9339cf07aeb1a72290387e": ["106", "com.duolingo.app.SettingsActivity"]}, {"5907478f6c9339cf07aeb1a72290387e": ["106", "com.duolingo.app.SettingsActivity"]}, {"5907478f6c9339cf07aeb1a72290387e": ["106", "com.duolingo.app.SettingsActivity"]}, {"5907478f6c9339cf07aeb1a72290387e": ["106", "com.duolingo.app.SettingsActivity"]}, {"5907478f6c9339cf07aeb1a72290387e": ["106", "com.duolingo.app.SettingsActivity"]}, {"5907478f6c9339cf07aeb1a72290387e": ["106", "com.duolingo.app.SettingsActivity"]}, {"08f6eb40f3899164c8d6dedd9b2c74fb": ["105", "com.duolingo.app.SettingsActivity"]}, {"5907478f6c9339cf07aeb1a72290387e": ["106", "com.duolingo.app.SettingsActivity"]}, {"5907478f6c9339cf07aeb1a72290387e": ["106", "com.duolingo.app.SettingsActivity"]}, {"5907478f6c9339cf07aeb1a72290387e": ["106", "com.duolingo.app.SettingsActivity"]}, {"f51445cd56d312779eed184127e63831": ["16", "com.duolingo.app.SettingsActivity"]}, {"0d3b291622464a1f71d8520e96be43f6": ["5", "com.duolingo.app.WelcomeFlowActivity"]}, {"b3f343cc2ecc2569ced2a043a6d14d78": ["19", "com.duolingo.app.WelcomeFlowActivity"]}, {"855bc459c8cbdee0457827303aaeccbd": ["28", "com.duolingo.app.WelcomeFlowActivity"]}, {"e3a61581b5e95d41188b900e27233185": ["94", "com.duolingo.app.WelcomeFlowActivity"]}, {"90cb57ddf9e5082cbcf59282dc56d2f9": ["95", "com.duolingo.app.WelcomeFlowActivity"]}, {"8bef201ff2cf251b5102a90044102579": ["124", "com.duolingo.app.HomeActivity"]}, {"8bef201ff2cf251b5102a90044102579": ["124", "com.duolingo.app.HomeActivity"]}, {"8bef201ff2cf251b5102a90044102579": ["124", "com.duolingo.app.HomeActivity"]}, {"b3f343cc2ecc2569ced2a043a6d14d78": ["19", "com.duolingo.app.WelcomeFlowActivity"]}, {"b3f343cc2ecc2569ced2a043a6d14d78": ["19", "com.duolingo.app.WelcomeFlowActivity"]}, {"b3f343cc2ecc2569ced2a043a6d14d78": ["19", "com.duolingo.app.WelcomeFlowActivity"]}, {"0d3b291622464a1f71d8520e96be43f6": ["5", "com.duolingo.app.WelcomeFlowActivity"]}, {"b3f343cc2ecc2569ced2a043a6d14d78": ["19", "com.duolingo.app.WelcomeFlowActivity"]}, {"b3f343cc2ecc2569ced2a043a6d14d78": ["19", "com.duolingo.app.WelcomeFlowActivity"]}, {"b3f343cc2ecc2569ced2a043a6d14d78": ["19", "com.duolingo.app.WelcomeFlowActivity"]}, {"0d3b291622464a1f71d8520e96be43f6": ["5", "com.duolingo.app.WelcomeFlowActivity"]}, {"5907478f6c9339cf07aeb1a72290387e": ["106", "com.duolingo.app.SettingsActivity"]}, {"5907478f6c9339cf07aeb1a72290387e": ["106", "com.duolingo.app.SettingsActivity"]}, {"5907478f6c9339cf07aeb1a72290387e": ["106", "com.duolingo.app.SettingsActivity"]}, {"5907478f6c9339cf07aeb1a72290387e": ["106", "com.duolingo.app.SettingsActivity"]}, {"5907478f6c9339cf07aeb1a72290387e": ["106", "com.duolingo.app.SettingsActivity"]}, {"5907478f6c9339cf07aeb1a72290387e": ["106", "com.duolingo.app.SettingsActivity"]}, {"5907478f6c9339cf07aeb1a72290387e": ["106", "com.duolingo.app.SettingsActivity"]}, {"5907478f6c9339cf07aeb1a72290387e": ["106", "com.duolingo.app.SettingsActivity"]}, {"5907478f6c9339cf07aeb1a72290387e": ["106", "com.duolingo.app.SettingsActivity"]}, {"5907478f6c9339cf07aeb1a72290387e": ["106", "com.duolingo.app.SettingsActivity"]}, {"08f6eb40f3899164c8d6dedd9b2c74fb": ["105", "com.duolingo.app.SettingsActivity"]}, {"b3f343cc2ecc2569ced2a043a6d14d78": ["19", "com.duolingo.app.WelcomeFlowActivity"]}, {"b3f343cc2ecc2569ced2a043a6d14d78": ["19", "com.duolingo.app.WelcomeFlowActivity"]}, {"b3f343cc2ecc2569ced2a043a6d14d78": ["19", "com.duolingo.app.WelcomeFlowActivity"]}, {"0d3b291622464a1f71d8520e96be43f6": ["5", "com.duolingo.app.WelcomeFlowActivity"]}, {"c0e0f039790532be2a456560f903f573": ["6", "com.duolingo.app.SignupActivity"]}, {"d8f02137ddd9dff6038c9327bb7453c1": ["7", "com.facebook.FacebookActivity"]}, {"c0e0f039790532be2a456560f903f573": ["6", "com.duolingo.app.SignupActivity"]}, {"c0e0f039790532be2a456560f903f573": ["6", "com.duolingo.app.SignupActivity"]}, {"c0e0f039790532be2a456560f903f573": ["6", "com.duolingo.app.SignupActivity"]}, {"c0e0f039790532be2a456560f903f573": ["6", "com.duolingo.app.SignupActivity"]}, {"c0e0f039790532be2a456560f903f573": ["6", "com.duolingo.app.SignupActivity"]}, {"c0e0f039790532be2a456560f903f573": ["6", "com.duolingo.app.SignupActivity"]}, {"c0e0f039790532be2a456560f903f573": ["6", "com.duolingo.app.SignupActivity"]}, {"c0e0f039790532be2a456560f903f573": ["6", "com.duolingo.app.SignupActivity"]}, {"c0e0f039790532be2a456560f903f573": ["6", "com.duolingo.app.SignupActivity"]}, {"c0e0f039790532be2a456560f903f573": ["6", "com.duolingo.app.SignupActivity"]}, {"b3f343cc2ecc2569ced2a043a6d14d78": ["19", "com.duolingo.app.WelcomeFlowActivity"]}, {"b3f343cc2ecc2569ced2a043a6d14d78": ["19", "com.duolingo.app.WelcomeFlowActivity"]}, {"0d3b291622464a1f71d8520e96be43f6": ["5", "com.duolingo.app.WelcomeFlowActivity"]}, {"b3f343cc2ecc2569ced2a043a6d14d78": ["19", "com.duolingo.app.WelcomeFlowActivity"]}, {"b3f343cc2ecc2569ced2a043a6d14d78": ["19", "com.duolingo.app.WelcomeFlowActivity"]}, {"b3f343cc2ecc2569ced2a043a6d14d78": ["19", "com.duolingo.app.WelcomeFlowActivity"]}, {"0d3b291622464a1f71d8520e96be43f6": ["5", "com.duolingo.app.WelcomeFlowActivity"]}, {"f51445cd56d312779eed184127e63831": ["16", "com.duolingo.app.SettingsActivity"]}, {"bf77df4c6bc30d0a8ea5143593cf56fd": ["205", "com.duolingo.app.SettingsActivity"]}, {"08f6eb40f3899164c8d6dedd9b2c74fb": ["105", "com.duolingo.app.SettingsActivity"]}, {"b3f343cc2ecc2569ced2a043a6d14d78": ["19", "com.duolingo.app.WelcomeFlowActivity"]}, {"7d90f9f12158806e5a3c1bf861a68b87": ["32", "com.duolingo.app.PlacementTestExplainedActivity"]}, {"ee0340da8e00406f39b03867d2e037a2": ["826", "com.duolingo.app.BundledPlacementActivity"]}, {"b3f343cc2ecc2569ced2a043a6d14d78": ["19", "com.duolingo.app.WelcomeFlowActivity"]}, {"b3f343cc2ecc2569ced2a043a6d14d78": ["19", "com.duolingo.app.WelcomeFlowActivity"]}, {"b3f343cc2ecc2569ced2a043a6d14d78": ["19", "com.duolingo.app.WelcomeFlowActivity"]}, {"b3f343cc2ecc2569ced2a043a6d14d78": ["19", "com.duolingo.app.WelcomeFlowActivity"]}, {"0d3b291622464a1f71d8520e96be43f6": ["5", "com.duolingo.app.WelcomeFlowActivity"]}, {"c0e0f039790532be2a456560f903f573": ["6", "com.duolingo.app.SignupActivity"]}, {"98c7b3297fb4365a461f4fff0f80e9a0": ["8", "com.duolingo.app.SignupActivity"]}, {"98c7b3297fb4365a461f4fff0f80e9a0": ["8", "com.duolingo.app.SignupActivity"]}, {"b3f343cc2ecc2569ced2a043a6d14d78": ["19", "com.duolingo.app.WelcomeFlowActivity"]}, {"57f8c22990ee290eab64b28849390b45": ["128", "com.duolingo.app.WelcomeFlowActivity"]}, {"b3f343cc2ecc2569ced2a043a6d14d78": ["19", "com.duolingo.app.WelcomeFlowActivity"]}, {"7d90f9f12158806e5a3c1bf861a68b87": ["32", "com.duolingo.app.PlacementTestExplainedActivity"]}, {"b3f343cc2ecc2569ced2a043a6d14d78": ["19", "com.duolingo.app.WelcomeFlowActivity"]}, {"b3f343cc2ecc2569ced2a043a6d14d78": ["19", "com.duolingo.app.WelcomeFlowActivity"]}, {"b3f343cc2ecc2569ced2a043a6d14d78": ["19", "com.duolingo.app.WelcomeFlowActivity"]}, {"0d3b291622464a1f71d8520e96be43f6": ["5", "com.duolingo.app.WelcomeFlowActivity"]}, {"4249d16327aec4b19a5e21ae0f5e8ccf": ["92", "com.duolingo.app.SignupActivity"]}, {"4249d16327aec4b19a5e21ae0f5e8ccf": ["92", "com.duolingo.app.SignupActivity"]}, {"4249d16327aec4b19a5e21ae0f5e8ccf": ["92", "com.duolingo.app.SignupActivity"]}, {"b3f343cc2ecc2569ced2a043a6d14d78": ["19", "com.duolingo.app.WelcomeFlowActivity"]}, {"b3f343cc2ecc2569ced2a043a6d14d78": ["19", "com.duolingo.app.WelcomeFlowActivity"]}, {"b3f343cc2ecc2569ced2a043a6d14d78": ["19", "com.duolingo.app.WelcomeFlowActivity"]}, {"0d3b291622464a1f71d8520e96be43f6": ["5", "com.duolingo.app.WelcomeFlowActivity"]}, {"4249d16327aec4b19a5e21ae0f5e8ccf": ["92", "com.duolingo.app.SignupActivity"]}, {"4249d16327aec4b19a5e21ae0f5e8ccf": ["92", "com.duolingo.app.SignupActivity"]}, {"891be92a111cbe3c2aa982433084de07": ["112", "com.duolingo.app.SignupActivity"]}, {"b3f343cc2ecc2569ced2a043a6d14d78": ["19", "com.duolingo.app.WelcomeFlowActivity"]}, {"b3f343cc2ecc2569ced2a043a6d14d78": ["19", "com.duolingo.app.WelcomeFlowActivity"]}, {"0d3b291622464a1f71d8520e96be43f6": ["5", "com.duolingo.app.WelcomeFlowActivity"]}, {"08f6eb40f3899164c8d6dedd9b2c74fb": ["105", "com.duolingo.app.SettingsActivity"]}, {"b3f343cc2ecc2569ced2a043a6d14d78": ["19", "com.duolingo.app.WelcomeFlowActivity"]}, {"b3f343cc2ecc2569ced2a043a6d14d78": ["19", "com.duolingo.app.WelcomeFlowActivity"]}, {"b3f343cc2ecc2569ced2a043a6d14d78": ["19", "com.duolingo.app.WelcomeFlowActivity"]}, {"b3f343cc2ecc2569ced2a043a6d14d78": ["19", "com.duolingo.app.WelcomeFlowActivity"]}, {"7d90f9f12158806e5a3c1bf861a68b87": ["32", "com.duolingo.app.PlacementTestExplainedActivity"]}, {"b3f343cc2ecc2569ced2a043a6d14d78": ["19", "com.duolingo.app.WelcomeFlowActivity"]}, {"b3f343cc2ecc2569ced2a043a6d14d78": ["19", "com.duolingo.app.WelcomeFlowActivity"]}, {"b3f343cc2ecc2569ced2a043a6d14d78": ["19", "com.duolingo.app.WelcomeFlowActivity"]}, {"b3f343cc2ecc2569ced2a043a6d14d78": ["19", "com.duolingo.app.WelcomeFlowActivity"]}, {"b3f343cc2ecc2569ced2a043a6d14d78": ["19", "com.duolingo.app.WelcomeFlowActivity"]}, {"b3f343cc2ecc2569ced2a043a6d14d78": ["19", "com.duolingo.app.WelcomeFlowActivity"]}, {"0d3b291622464a1f71d8520e96be43f6": ["5", "com.duolingo.app.WelcomeFlowActivity"]}, {"c0e0f039790532be2a456560f903f573": ["6", "com.duolingo.app.SignupActivity"]}, {"c0e0f039790532be2a456560f903f573": ["6", "com.duolingo.app.SignupActivity"]}, {"c0e0f039790532be2a456560f903f573": ["6", "com.duolingo.app.SignupActivity"]}, {"c0e0f039790532be2a456560f903f573": ["6", "com.duolingo.app.SignupActivity"]}, {"b3f343cc2ecc2569ced2a043a6d14d78": ["19", "com.duolingo.app.WelcomeFlowActivity"]}, {"b3f343cc2ecc2569ced2a043a6d14d78": ["19", "com.duolingo.app.WelcomeFlowActivity"]}, {"b3f343cc2ecc2569ced2a043a6d14d78": ["19", "com.duolingo.app.WelcomeFlowActivity"]}, {"b3f343cc2ecc2569ced2a043a6d14d78": ["19", "com.duolingo.app.WelcomeFlowActivity"]}, {"b3f343cc2ecc2569ced2a043a6d14d78": ["19", "com.duolingo.app.WelcomeFlowActivity"]}, {"b3f343cc2ecc2569ced2a043a6d14d78": ["19", "com.duolingo.app.WelcomeFlowActivity"]}, {"0d3b291622464a1f71d8520e96be43f6": ["5", "com.duolingo.app.WelcomeFlowActivity"]}, {"5907478f6c9339cf07aeb1a72290387e": ["106", "com.duolingo.app.SettingsActivity"]}, {"5907478f6c9339cf07aeb1a72290387e": ["106", "com.duolingo.app.SettingsActivity"]}, {"5907478f6c9339cf07aeb1a72290387e": ["106", "com.duolingo.app.SettingsActivity"]}, {"f51445cd56d312779eed184127e63831": ["16", "com.duolingo.app.SettingsActivity"]}, {"0836eb6643cf8c88900a164fd9c28124": ["204", "com.duolingo.app.SettingsActivity"]}, {"0836eb6643cf8c88900a164fd9c28124": ["204", "com.duolingo.app.SettingsActivity"]}, {"0836eb6643cf8c88900a164fd9c28124": ["204", "com.duolingo.app.SettingsActivity"]}, {"0836eb6643cf8c88900a164fd9c28124": ["204", "com.duolingo.app.SettingsActivity"]}, {"f51445cd56d312779eed184127e63831": ["16", "com.duolingo.app.SettingsActivity"]}, {"bf77df4c6bc30d0a8ea5143593cf56fd": ["205", "com.duolingo.app.SettingsActivity"]}, {"f51445cd56d312779eed184127e63831": ["16", "com.duolingo.app.SettingsActivity"]}, {"f51445cd56d312779eed184127e63831": ["16", "com.duolingo.app.SettingsActivity"]}, {"b3f343cc2ecc2569ced2a043a6d14d78": ["19", "com.duolingo.app.WelcomeFlowActivity"]}, {"b3f343cc2ecc2569ced2a043a6d14d78": ["19", "com.duolingo.app.WelcomeFlowActivity"]}, {"b3f343cc2ecc2569ced2a043a6d14d78": ["19", "com.duolingo.app.WelcomeFlowActivity"]}, {"b3f343cc2ecc2569ced2a043a6d14d78": ["19", "com.duolingo.app.WelcomeFlowActivity"]}, {"57f8c22990ee290eab64b28849390b45": ["128", "com.duolingo.app.WelcomeFlowActivity"]}, {"db6b2d7f80b2b32f8b767fcf0a4ecefb": ["110", "com.duolingo.app.HomeActivity"]}, {"db6b2d7f80b2b32f8b767fcf0a4ecefb": ["110", "com.duolingo.app.HomeActivity"]}, {"db6b2d7f80b2b32f8b767fcf0a4ecefb": ["110", "com.duolingo.app.HomeActivity"]}, {"db6b2d7f80b2b32f8b767fcf0a4ecefb": ["110", "com.duolingo.app.HomeActivity"]}, {"db6b2d7f80b2b32f8b767fcf0a4ecefb": ["110", "com.duolingo.app.HomeActivity"]}, {"45f772c64a406b340fdc39b4de2f0515": ["91", "com.duolingo.app.HomeActivity"]}, {"b3f343cc2ecc2569ced2a043a6d14d78": ["19", "com.duolingo.app.WelcomeFlowActivity"]}, {"b3f343cc2ecc2569ced2a043a6d14d78": ["19", "com.duolingo.app.WelcomeFlowActivity"]}, {"b3f343cc2ecc2569ced2a043a6d14d78": ["19", "com.duolingo.app.WelcomeFlowActivity"]}, {"0d3b291622464a1f71d8520e96be43f6": ["5", "com.duolingo.app.WelcomeFlowActivity"]}, {"4249d16327aec4b19a5e21ae0f5e8ccf": ["92", "com.duolingo.app.SignupActivity"]}, {"891be92a111cbe3c2aa982433084de07": ["112", "com.duolingo.app.SignupActivity"]}, {"891be92a111cbe3c2aa982433084de07": ["112", "com.duolingo.app.SignupActivity"]}, {"4249d16327aec4b19a5e21ae0f5e8ccf": ["92", "com.duolingo.app.SignupActivity"]}, {"b3f343cc2ecc2569ced2a043a6d14d78": ["19", "com.duolingo.app.WelcomeFlowActivity"]}, {"b3f343cc2ecc2569ced2a043a6d14d78": ["19", "com.duolingo.app.WelcomeFlowActivity"]}, {"0d3b291622464a1f71d8520e96be43f6": ["5", "com.duolingo.app.WelcomeFlowActivity"]}, {"4249d16327aec4b19a5e21ae0f5e8ccf": ["92", "com.duolingo.app.SignupActivity"]}, {"4249d16327aec4b19a5e21ae0f5e8ccf": ["92", "com.duolingo.app.SignupActivity"]}, {"891be92a111cbe3c2aa982433084de07": ["112", "com.duolingo.app.SignupActivity"]}, {"891be92a111cbe3c2aa982433084de07": ["112", "com.duolingo.app.SignupActivity"]}, {"891be92a111cbe3c2aa982433084de07": ["112", "com.duolingo.app.SignupActivity"]}, {"4249d16327aec4b19a5e21ae0f5e8ccf": ["92", "com.duolingo.app.SignupActivity"]}, {"4249d16327aec4b19a5e21ae0f5e8ccf": ["92", "com.duolingo.app.SignupActivity"]}, {"0d3b291622464a1f71d8520e96be43f6": ["5", "com.duolingo.app.WelcomeFlowActivity"]}, {"08f6eb40f3899164c8d6dedd9b2c74fb": ["105", "com.duolingo.app.SettingsActivity"]}, {"b3f343cc2ecc2569ced2a043a6d14d78": ["19", "com.duolingo.app.WelcomeFlowActivity"]}, {"b3f343cc2ecc2569ced2a043a6d14d78": ["19", "com.duolingo.app.WelcomeFlowActivity"]}, {"b3f343cc2ecc2569ced2a043a6d14d78": ["19", "com.duolingo.app.WelcomeFlowActivity"]}, {"0d3b291622464a1f71d8520e96be43f6": ["5", "com.duolingo.app.WelcomeFlowActivity"]}, {"c0e0f039790532be2a456560f903f573": ["6", "com.duolingo.app.SignupActivity"]}, {"c0e0f039790532be2a456560f903f573": ["6", "com.duolingo.app.SignupActivity"]}, {"c0e0f039790532be2a456560f903f573": ["6", "com.duolingo.app.SignupActivity"]}, {"0d3b291622464a1f71d8520e96be43f6": ["5", "com.duolingo.app.WelcomeFlowActivity"]}, {"b3f343cc2ecc2569ced2a043a6d14d78": ["19", "com.duolingo.app.WelcomeFlowActivity"]}, {"b3f343cc2ecc2569ced2a043a6d14d78": ["19", "com.duolingo.app.WelcomeFlowActivity"]}, {"b3f343cc2ecc2569ced2a043a6d14d78": ["19", "com.duolingo.app.WelcomeFlowActivity"]}, {"0d3b291622464a1f71d8520e96be43f6": ["5", "com.duolingo.app.WelcomeFlowActivity"]}, {"c0e0f039790532be2a456560f903f573": ["6", "com.duolingo.app.SignupActivity"]}, {"c0e0f039790532be2a456560f903f573": ["6", "com.duolingo.app.SignupActivity"]}, {"c0e0f039790532be2a456560f903f573": ["6", "com.duolingo.app.SignupActivity"]}, {"96fef831ed93abf8f1e5b98c3505ccea": ["119", "com.duolingo.app.SignupActivity"]}, {"96fef831ed93abf8f1e5b98c3505ccea": ["119", "com.duolingo.app.SignupActivity"]}, {"96fef831ed93abf8f1e5b98c3505ccea": ["119", "com.duolingo.app.SignupActivity"]}, {"96fef831ed93abf8f1e5b98c3505ccea": ["119", "com.duolingo.app.SignupActivity"]}, {"c0e0f039790532be2a456560f903f573": ["6", "com.duolingo.app.SignupActivity"]}, {"c0e0f039790532be2a456560f903f573": ["6", "com.duolingo.app.SignupActivity"]}, {"c0e0f039790532be2a456560f903f573": ["6", "com.duolingo.app.SignupActivity"]}, {"b3f343cc2ecc2569ced2a043a6d14d78": ["19", "com.duolingo.app.WelcomeFlowActivity"]}, {"b3f343cc2ecc2569ced2a043a6d14d78": ["19", "com.duolingo.app.WelcomeFlowActivity"]}, {"b3f343cc2ecc2569ced2a043a6d14d78": ["19", "com.duolingo.app.WelcomeFlowActivity"]}, {"0d3b291622464a1f71d8520e96be43f6": ["5", "com.duolingo.app.WelcomeFlowActivity"]}, {"b3f343cc2ecc2569ced2a043a6d14d78": ["19", "com.duolingo.app.WelcomeFlowActivity"]}, {"b3f343cc2ecc2569ced2a043a6d14d78": ["19", "com.duolingo.app.WelcomeFlowActivity"]}, {"0d3b291622464a1f71d8520e96be43f6": ["5", "com.duolingo.app.WelcomeFlowActivity"]}, {"b3f343cc2ecc2569ced2a043a6d14d78": ["19", "com.duolingo.app.WelcomeFlowActivity"]}, {"7d90f9f12158806e5a3c1bf861a68b87": ["32", "com.duolingo.app.PlacementTestExplainedActivity"]}, {"0d3b291622464a1f71d8520e96be43f6": ["5", "com.duolingo.app.WelcomeFlowActivity"]}, {"4249d16327aec4b19a5e21ae0f5e8ccf": ["92", "com.duolingo.app.SignupActivity"]}, {"4249d16327aec4b19a5e21ae0f5e8ccf": ["92", "com.duolingo.app.SignupActivity"]}, {"4249d16327aec4b19a5e21ae0f5e8ccf": ["92", "com.duolingo.app.SignupActivity"]}, {"4249d16327aec4b19a5e21ae0f5e8ccf": ["92", "com.duolingo.app.SignupActivity"]}, {"4249d16327aec4b19a5e21ae0f5e8ccf": ["92", "com.duolingo.app.SignupActivity"]}, {"4249d16327aec4b19a5e21ae0f5e8ccf": ["92", "com.duolingo.app.SignupActivity"]}, {"4249d16327aec4b19a5e21ae0f5e8ccf": ["92", "com.duolingo.app.SignupActivity"]}, {"4249d16327aec4b19a5e21ae0f5e8ccf": ["92", "com.duolingo.app.SignupActivity"]}, {"b3f343cc2ecc2569ced2a043a6d14d78": ["19", "com.duolingo.app.WelcomeFlowActivity"]}, {"b3f343cc2ecc2569ced2a043a6d14d78": ["19", "com.duolingo.app.WelcomeFlowActivity"]}, {"0d3b291622464a1f71d8520e96be43f6": ["5", "com.duolingo.app.WelcomeFlowActivity"]}, {"0d3b291622464a1f71d8520e96be43f6": ["5", "com.duolingo.app.WelcomeFlowActivity"]}, {"c0e0f039790532be2a456560f903f573": ["6", "com.duolingo.app.SignupActivity"]}, {"c0e0f039790532be2a456560f903f573": ["6", "com.duolingo.app.SignupActivity"]}, {"c0e0f039790532be2a456560f903f573": ["6", "com.duolingo.app.SignupActivity"]}, {"c0e0f039790532be2a456560f903f573": ["6", "com.duolingo.app.SignupActivity"]}, {"0d3b291622464a1f71d8520e96be43f6": ["5", "com.duolingo.app.WelcomeFlowActivity"]}, {"5907478f6c9339cf07aeb1a72290387e": ["106", "com.duolingo.app.SettingsActivity"]}, {"5907478f6c9339cf07aeb1a72290387e": ["106", "com.duolingo.app.SettingsActivity"]}, {"5907478f6c9339cf07aeb1a72290387e": ["106", "com.duolingo.app.SettingsActivity"]}, {"5907478f6c9339cf07aeb1a72290387e": ["106", "com.duolingo.app.SettingsActivity"]}, {"5907478f6c9339cf07aeb1a72290387e": ["106", "com.duolingo.app.SettingsActivity"]}, {"5907478f6c9339cf07aeb1a72290387e": ["106", "com.duolingo.app.SettingsActivity"]}, {"5907478f6c9339cf07aeb1a72290387e": ["106", "com.duolingo.app.SettingsActivity"]}, {"f51445cd56d312779eed184127e63831": ["16", "com.duolingo.app.SettingsActivity"]}, {"57f8c22990ee290eab64b28849390b45": ["128", "com.duolingo.app.WelcomeFlowActivity"]}, {"57f8c22990ee290eab64b28849390b45": ["128", "com.duolingo.app.WelcomeFlowActivity"]}, {"57f8c22990ee290eab64b28849390b45": ["128", "com.duolingo.app.WelcomeFlowActivity"]}, {"b3f343cc2ecc2569ced2a043a6d14d78": ["19", "com.duolingo.app.WelcomeFlowActivity"]}, {"b3f343cc2ecc2569ced2a043a6d14d78": ["19", "com.duolingo.app.WelcomeFlowActivity"]}, {"b3f343cc2ecc2569ced2a043a6d14d78": ["19", "com.duolingo.app.WelcomeFlowActivity"]}, {"0d3b291622464a1f71d8520e96be43f6": ["5", "com.duolingo.app.WelcomeFlowActivity"]}, {"4249d16327aec4b19a5e21ae0f5e8ccf": ["92", "com.duolingo.app.SignupActivity"]}, {"891be92a111cbe3c2aa982433084de07": ["112", "com.duolingo.app.SignupActivity"]}, {"57f8c22990ee290eab64b28849390b45": ["128", "com.duolingo.app.WelcomeFlowActivity"]}, {"db6b2d7f80b2b32f8b767fcf0a4ecefb": ["110", "com.duolingo.app.HomeActivity"]}, {"db6b2d7f80b2b32f8b767fcf0a4ecefb": ["110", "com.duolingo.app.HomeActivity"]}, {"db6b2d7f80b2b32f8b767fcf0a4ecefb": ["110", "com.duolingo.app.HomeActivity"]}, {"1ba811895d2bd174781fce32ff9d976d": ["122", "com.duolingo.app.HomeActivity"]}, {"b3f343cc2ecc2569ced2a043a6d14d78": ["19", "com.duolingo.app.WelcomeFlowActivity"]}, {"7d90f9f12158806e5a3c1bf861a68b87": ["32", "com.duolingo.app.PlacementTestExplainedActivity"]}, {"b3f343cc2ecc2569ced2a043a6d14d78": ["19", "com.duolingo.app.WelcomeFlowActivity"]}, {"b3f343cc2ecc2569ced2a043a6d14d78": ["19", "com.duolingo.app.WelcomeFlowActivity"]}, {"b3f343cc2ecc2569ced2a043a6d14d78": ["19", "com.duolingo.app.WelcomeFlowActivity"]}, {"0d3b291622464a1f71d8520e96be43f6": ["5", "com.duolingo.app.WelcomeFlowActivity"]}, {"f51445cd56d312779eed184127e63831": ["16", "com.duolingo.app.SettingsActivity"]}, {"b3f343cc2ecc2569ced2a043a6d14d78": ["19", "com.duolingo.app.WelcomeFlowActivity"]}, {"b3f343cc2ecc2569ced2a043a6d14d78": ["19", "com.duolingo.app.WelcomeFlowActivity"]}, {"b3f343cc2ecc2569ced2a043a6d14d78": ["19", "com.duolingo.app.WelcomeFlowActivity"]}, {"0d3b291622464a1f71d8520e96be43f6": ["5", "com.duolingo.app.WelcomeFlowActivity"]}, {"b3f343cc2ecc2569ced2a043a6d14d78": ["19", "com.duolingo.app.WelcomeFlowActivity"]}, {"b3f343cc2ecc2569ced2a043a6d14d78": ["19", "com.duolingo.app.WelcomeFlowActivity"]}, {"b3f343cc2ecc2569ced2a043a6d14d78": ["19", "com.duolingo.app.WelcomeFlowActivity"]}, {"0d3b291622464a1f71d8520e96be43f6": ["5", "com.duolingo.app.WelcomeFlowActivity"]}, {"b3f343cc2ecc2569ced2a043a6d14d78": ["19", "com.duolingo.app.WelcomeFlowActivity"]}, {"7d90f9f12158806e5a3c1bf861a68b87": ["32", "com.duolingo.app.PlacementTestExplainedActivity"]}, {"b3f343cc2ecc2569ced2a043a6d14d78": ["19", "com.duolingo.app.WelcomeFlowActivity"]}, {"57f8c22990ee290eab64b28849390b45": ["128", "com.duolingo.app.WelcomeFlowActivity"]}, {"45f772c64a406b340fdc39b4de2f0515": ["91", "com.duolingo.app.HomeActivity"]}, {"4249d16327aec4b19a5e21ae0f5e8ccf": ["92", "com.duolingo.app.SignupActivity"]}, {"891be92a111cbe3c2aa982433084de07": ["112", "com.duolingo.app.SignupActivity"]}, {"891be92a111cbe3c2aa982433084de07": ["112", "com.duolingo.app.SignupActivity"]}, {"891be92a111cbe3c2aa982433084de07": ["112", "com.duolingo.app.SignupActivity"]}, {"b3f343cc2ecc2569ced2a043a6d14d78": ["19", "com.duolingo.app.WelcomeFlowActivity"]}, {"b3f343cc2ecc2569ced2a043a6d14d78": ["19", "com.duolingo.app.WelcomeFlowActivity"]}, {"0d3b291622464a1f71d8520e96be43f6": ["5", "com.duolingo.app.WelcomeFlowActivity"]}, {"b3f343cc2ecc2569ced2a043a6d14d78": ["19", "com.duolingo.app.WelcomeFlowActivity"]}, {"b3f343cc2ecc2569ced2a043a6d14d78": ["19", "com.duolingo.app.WelcomeFlowActivity"]}, {"0d3b291622464a1f71d8520e96be43f6": ["5", "com.duolingo.app.WelcomeFlowActivity"]}, {"b3f343cc2ecc2569ced2a043a6d14d78": ["19", "com.duolingo.app.WelcomeFlowActivity"]}, {"b3f343cc2ecc2569ced2a043a6d14d78": ["19", "com.duolingo.app.WelcomeFlowActivity"]}, {"0d3b291622464a1f71d8520e96be43f6": ["5", "com.duolingo.app.WelcomeFlowActivity"]}, {"b3f343cc2ecc2569ced2a043a6d14d78": ["19", "com.duolingo.app.WelcomeFlowActivity"]}, {"b3f343cc2ecc2569ced2a043a6d14d78": ["19", "com.duolingo.app.WelcomeFlowActivity"]}, {"0d3b291622464a1f71d8520e96be43f6": ["5", "com.duolingo.app.WelcomeFlowActivity"]}, {"b3f343cc2ecc2569ced2a043a6d14d78": ["19", "com.duolingo.app.WelcomeFlowActivity"]}, {"6bc4ad8fb688ebeaefcbcb677fead77c": ["259", "com.duolingo.app.LessonActivity"]}, {"6bc4ad8fb688ebeaefcbcb677fead77c": ["259", "com.duolingo.app.LessonActivity"]}, {"e4241f2ec45104410679c8206fc87137": ["260", "com.duolingo.app.LessonActivity"]}, {"6bc4ad8fb688ebeaefcbcb677fead77c": ["259", "com.duolingo.app.LessonActivity"]}, {"6bc4ad8fb688ebeaefcbcb677fead77c": ["259", "com.duolingo.app.LessonActivity"]}, {"e4241f2ec45104410679c8206fc87137": ["260", "com.duolingo.app.LessonActivity"]}, {"6bc4ad8fb688ebeaefcbcb677fead77c": ["259", "com.duolingo.app.LessonActivity"]}, {"6bc4ad8fb688ebeaefcbcb677fead77c": ["259", "com.duolingo.app.LessonActivity"]}, {"e4241f2ec45104410679c8206fc87137": ["260", "com.duolingo.app.LessonActivity"]}, {"e4241f2ec45104410679c8206fc87137": ["260", "com.duolingo.app.LessonActivity"]}, {"02284ea28274896493a81b9554d9fbf4": ["261", "com.duolingo.app.LessonActivity"]}, {"02284ea28274896493a81b9554d9fbf4": ["261", "com.duolingo.app.LessonActivity"]}, {"02284ea28274896493a81b9554d9fbf4": ["261", "com.duolingo.app.LessonActivity"]}, {"b3f343cc2ecc2569ced2a043a6d14d78": ["19", "com.duolingo.app.WelcomeFlowActivity"]}, {"57f8c22990ee290eab64b28849390b45": ["128", "com.duolingo.app.WelcomeFlowActivity"]}, {"db6b2d7f80b2b32f8b767fcf0a4ecefb": ["110", "com.duolingo.app.HomeActivity"]}, {"db6b2d7f80b2b32f8b767fcf0a4ecefb": ["110", "com.duolingo.app.HomeActivity"]}, {"db6b2d7f80b2b32f8b767fcf0a4ecefb": ["110", "com.duolingo.app.HomeActivity"]}, {"db6b2d7f80b2b32f8b767fcf0a4ecefb": ["110", "com.duolingo.app.HomeActivity"]}, {"db6b2d7f80b2b32f8b767fcf0a4ecefb": ["110", "com.duolingo.app.HomeActivity"]}, {"45f772c64a406b340fdc39b4de2f0515": ["91", "com.duolingo.app.HomeActivity"]}, {"b3f343cc2ecc2569ced2a043a6d14d78": ["19", "com.duolingo.app.WelcomeFlowActivity"]}, {"b3f343cc2ecc2569ced2a043a6d14d78": ["19", "com.duolingo.app.WelcomeFlowActivity"]}, {"b3f343cc2ecc2569ced2a043a6d14d78": ["19", "com.duolingo.app.WelcomeFlowActivity"]}, {"0d3b291622464a1f71d8520e96be43f6": ["5", "com.duolingo.app.WelcomeFlowActivity"]}, {"b3f343cc2ecc2569ced2a043a6d14d78": ["19", "com.duolingo.app.WelcomeFlowActivity"]}, {"57f8c22990ee290eab64b28849390b45": ["128", "com.duolingo.app.WelcomeFlowActivity"]}, {"db6b2d7f80b2b32f8b767fcf0a4ecefb": ["110", "com.duolingo.app.HomeActivity"]}, {"db6b2d7f80b2b32f8b767fcf0a4ecefb": ["110", "com.duolingo.app.HomeActivity"]}, {"db6b2d7f80b2b32f8b767fcf0a4ecefb": ["110", "com.duolingo.app.HomeActivity"]}, {"45f772c64a406b340fdc39b4de2f0515": ["91", "com.duolingo.app.HomeActivity"]}, {"b3f343cc2ecc2569ced2a043a6d14d78": ["19", "com.duolingo.app.WelcomeFlowActivity"]}, {"b3f343cc2ecc2569ced2a043a6d14d78": ["19", "com.duolingo.app.WelcomeFlowActivity"]}, {"b3f343cc2ecc2569ced2a043a6d14d78": ["19", "com.duolingo.app.WelcomeFlowActivity"]}, {"0d3b291622464a1f71d8520e96be43f6": ["5", "com.duolingo.app.WelcomeFlowActivity"]}, {"b3f343cc2ecc2569ced2a043a6d14d78": ["19", "com.duolingo.app.WelcomeFlowActivity"]}, {"b3f343cc2ecc2569ced2a043a6d14d78": ["19", "com.duolingo.app.WelcomeFlowActivity"]}, {"0d3b291622464a1f71d8520e96be43f6": ["5", "com.duolingo.app.WelcomeFlowActivity"]}, {"b3f343cc2ecc2569ced2a043a6d14d78": ["19", "com.duolingo.app.WelcomeFlowActivity"]}, {"57f8c22990ee290eab64b28849390b45": ["128", "com.duolingo.app.WelcomeFlowActivity"]}, {"57f8c22990ee290eab64b28849390b45": ["128", "com.duolingo.app.WelcomeFlowActivity"]}, {"57f8c22990ee290eab64b28849390b45": ["128", "com.duolingo.app.WelcomeFlowActivity"]}, {"b3f343cc2ecc2569ced2a043a6d14d78": ["19", "com.duolingo.app.WelcomeFlowActivity"]}, {"57f8c22990ee290eab64b28849390b45": ["128", "com.duolingo.app.WelcomeFlowActivity"]}, {"b3f343cc2ecc2569ced2a043a6d14d78": ["19", "com.duolingo.app.WelcomeFlowActivity"]}, {"b3f343cc2ecc2569ced2a043a6d14d78": ["19", "com.duolingo.app.WelcomeFlowActivity"]}, {"0d3b291622464a1f71d8520e96be43f6": ["5", "com.duolingo.app.WelcomeFlowActivity"]}, {"c0e0f039790532be2a456560f903f573": ["6", "com.duolingo.app.SignupActivity"]}, {"0d3b291622464a1f71d8520e96be43f6": ["5", "com.duolingo.app.WelcomeFlowActivity"]}, {"b3f343cc2ecc2569ced2a043a6d14d78": ["19", "com.duolingo.app.WelcomeFlowActivity"]}, {"259052783895dc2ce382a11d65601640": ["20", "com.duolingo.app.LessonActivity"]}, {"259052783895dc2ce382a11d65601640": ["20", "com.duolingo.app.LessonActivity"]}, {"259052783895dc2ce382a11d65601640": ["20", "com.duolingo.app.LessonActivity"]}, {"cce7b1ac7fd3c552fbc07559cf388ac8": ["22", "com.duolingo.app.LessonActivity"]}, {"259052783895dc2ce382a11d65601640": ["20", "com.duolingo.app.LessonActivity"]}, {"950597cb53557bf8287f63bebc21bfea": ["21", "com.duolingo.app.LessonActivity"]}, {"259052783895dc2ce382a11d65601640": ["20", "com.duolingo.app.LessonActivity"]}, {"950597cb53557bf8287f63bebc21bfea": ["21", "com.duolingo.app.LessonActivity"]}, {"3372d91732dc201950418b125a8fe7ce": ["26", "com.duolingo.app.LessonActivity"]}, {"3372d91732dc201950418b125a8fe7ce": ["26", "com.duolingo.app.LessonActivity"]}, {"3372d91732dc201950418b125a8fe7ce": ["26", "com.duolingo.app.LessonActivity"]}, {"3372d91732dc201950418b125a8fe7ce": ["26", "com.duolingo.app.LessonActivity"]}, {"3372d91732dc201950418b125a8fe7ce": ["26", "com.duolingo.app.LessonActivity"]}, {"3372d91732dc201950418b125a8fe7ce": ["26", "com.duolingo.app.LessonActivity"]}, {"3372d91732dc201950418b125a8fe7ce": ["26", "com.duolingo.app.LessonActivity"]}, {"3372d91732dc201950418b125a8fe7ce": ["26", "com.duolingo.app.LessonActivity"]}, {"b3f343cc2ecc2569ced2a043a6d14d78": ["19", "com.duolingo.app.WelcomeFlowActivity"]}, {"b3f343cc2ecc2569ced2a043a6d14d78": ["19", "com.duolingo.app.WelcomeFlowActivity"]}, {"b3f343cc2ecc2569ced2a043a6d14d78": ["19", "com.duolingo.app.WelcomeFlowActivity"]}, {"0d3b291622464a1f71d8520e96be43f6": ["5", "com.duolingo.app.WelcomeFlowActivity"]}, {"5907478f6c9339cf07aeb1a72290387e": ["106", "com.duolingo.app.SettingsActivity"]}, {"5907478f6c9339cf07aeb1a72290387e": ["106", "com.duolingo.app.SettingsActivity"]}, {"08f6eb40f3899164c8d6dedd9b2c74fb": ["105", "com.duolingo.app.SettingsActivity"]}, {"b3f343cc2ecc2569ced2a043a6d14d78": ["19", "com.duolingo.app.WelcomeFlowActivity"]}, {"b3f343cc2ecc2569ced2a043a6d14d78": ["19", "com.duolingo.app.WelcomeFlowActivity"]}, {"b3f343cc2ecc2569ced2a043a6d14d78": ["19", "com.duolingo.app.WelcomeFlowActivity"]}, {"0d3b291622464a1f71d8520e96be43f6": ["5", "com.duolingo.app.WelcomeFlowActivity"]}, {"c0e0f039790532be2a456560f903f573": ["6", "com.duolingo.app.SignupActivity"]}, {"c0e0f039790532be2a456560f903f573": ["6", "com.duolingo.app.SignupActivity"]}, {"98c7b3297fb4365a461f4fff0f80e9a0": ["8", "com.duolingo.app.SignupActivity"]}, {"c0e0f039790532be2a456560f903f573": ["6", "com.duolingo.app.SignupActivity"]}, {"c0e0f039790532be2a456560f903f573": ["6", "com.duolingo.app.SignupActivity"]}, {"c0e0f039790532be2a456560f903f573": ["6", "com.duolingo.app.SignupActivity"]}, {"c0e0f039790532be2a456560f903f573": ["6", "com.duolingo.app.SignupActivity"]}, {"c0e0f039790532be2a456560f903f573": ["6", "com.duolingo.app.SignupActivity"]}, {"c0e0f039790532be2a456560f903f573": ["6", "com.duolingo.app.SignupActivity"]}, {"c0e0f039790532be2a456560f903f573": ["6", "com.duolingo.app.SignupActivity"]}, {"c0e0f039790532be2a456560f903f573": ["6", "com.duolingo.app.SignupActivity"]}, {"0d3b291622464a1f71d8520e96be43f6": ["5", "com.duolingo.app.WelcomeFlowActivity"]}, {"b3f343cc2ecc2569ced2a043a6d14d78": ["19", "com.duolingo.app.WelcomeFlowActivity"]}, {"b3f343cc2ecc2569ced2a043a6d14d78": ["19", "com.duolingo.app.WelcomeFlowActivity"]}, {"0d3b291622464a1f71d8520e96be43f6": ["5", "com.duolingo.app.WelcomeFlowActivity"]}, {"b3f343cc2ecc2569ced2a043a6d14d78": ["19", "com.duolingo.app.WelcomeFlowActivity"]}, {"b3f343cc2ecc2569ced2a043a6d14d78": ["19", "com.duolingo.app.WelcomeFlowActivity"]}, {"0d3b291622464a1f71d8520e96be43f6": ["5", "com.duolingo.app.WelcomeFlowActivity"]}, {"4249d16327aec4b19a5e21ae0f5e8ccf": ["92", "com.duolingo.app.SignupActivity"]}, {"4249d16327aec4b19a5e21ae0f5e8ccf": ["92", "com.duolingo.app.SignupActivity"]}, {"4249d16327aec4b19a5e21ae0f5e8ccf": ["92", "com.duolingo.app.SignupActivity"]}, {"891be92a111cbe3c2aa982433084de07": ["112", "com.duolingo.app.SignupActivity"]}, {"891be92a111cbe3c2aa982433084de07": ["112", "com.duolingo.app.SignupActivity"]}, {"891be92a111cbe3c2aa982433084de07": ["112", "com.duolingo.app.SignupActivity"]}, {"4249d16327aec4b19a5e21ae0f5e8ccf": ["92", "com.duolingo.app.SignupActivity"]}, {"4249d16327aec4b19a5e21ae0f5e8ccf": ["92", "com.duolingo.app.SignupActivity"]}, {"891be92a111cbe3c2aa982433084de07": ["112", "com.duolingo.app.SignupActivity"]}, {"4249d16327aec4b19a5e21ae0f5e8ccf": ["92", "com.duolingo.app.SignupActivity"]}, {"b3f343cc2ecc2569ced2a043a6d14d78": ["19", "com.duolingo.app.WelcomeFlowActivity"]}, {"950597cb53557bf8287f63bebc21bfea": ["21", "com.duolingo.app.LessonActivity"]}, {"5d6941e0d03a92b743c609edb4fc8d3d": ["114", "com.duolingo.app.HomeActivity"]}, {"b3f343cc2ecc2569ced2a043a6d14d78": ["19", "com.duolingo.app.WelcomeFlowActivity"]}, {"0af0cb17ea6591b08561fd0005b96712": ["827", "com.duolingo.app.HomeActivity"]}, {"1a3264bbe500bf83a52af7ec4734a360": ["104", "com.duolingo.app.WelcomeFlowActivity"]}, {"0af0cb17ea6591b08561fd0005b96712": ["827", "com.duolingo.app.HomeActivity"]}, {"5d6941e0d03a92b743c609edb4fc8d3d": ["114", "com.duolingo.app.HomeActivity"]}, {"5d6941e0d03a92b743c609edb4fc8d3d": ["114", "com.duolingo.app.HomeActivity"]}, {"b3f343cc2ecc2569ced2a043a6d14d78": ["19", "com.duolingo.app.WelcomeFlowActivity"]}, {"57f8c22990ee290eab64b28849390b45": ["128", "com.duolingo.app.WelcomeFlowActivity"]}, {"db6b2d7f80b2b32f8b767fcf0a4ecefb": ["110", "com.duolingo.app.HomeActivity"]}, {"db6b2d7f80b2b32f8b767fcf0a4ecefb": ["110", "com.duolingo.app.HomeActivity"]}, {"db6b2d7f80b2b32f8b767fcf0a4ecefb": ["110", "com.duolingo.app.HomeActivity"]}, {"45f772c64a406b340fdc39b4de2f0515": ["91", "com.duolingo.app.HomeActivity"]}, {"b3f343cc2ecc2569ced2a043a6d14d78": ["19", "com.duolingo.app.WelcomeFlowActivity"]}, {"b3f343cc2ecc2569ced2a043a6d14d78": ["19", "com.duolingo.app.WelcomeFlowActivity"]}, {"0d3b291622464a1f71d8520e96be43f6": ["5", "com.duolingo.app.WelcomeFlowActivity"]}, {"b3f343cc2ecc2569ced2a043a6d14d78": ["19", "com.duolingo.app.WelcomeFlowActivity"]}, {"b3f343cc2ecc2569ced2a043a6d14d78": ["19", "com.duolingo.app.WelcomeFlowActivity"]}, {"b3f343cc2ecc2569ced2a043a6d14d78": ["19", "com.duolingo.app.WelcomeFlowActivity"]}, {"0d3b291622464a1f71d8520e96be43f6": ["5", "com.duolingo.app.WelcomeFlowActivity"]}, {"c0e0f039790532be2a456560f903f573": ["6", "com.duolingo.app.SignupActivity"]}, {"c0e0f039790532be2a456560f903f573": ["6", "com.duolingo.app.SignupActivity"]}, {"b3f343cc2ecc2569ced2a043a6d14d78": ["19", "com.duolingo.app.WelcomeFlowActivity"]}, {"57f8c22990ee290eab64b28849390b45": ["128", "com.duolingo.app.WelcomeFlowActivity"]}, {"57f8c22990ee290eab64b28849390b45": ["128", "com.duolingo.app.WelcomeFlowActivity"]}, {"db6b2d7f80b2b32f8b767fcf0a4ecefb": ["110", "com.duolingo.app.HomeActivity"]}, {"db6b2d7f80b2b32f8b767fcf0a4ecefb": ["110", "com.duolingo.app.HomeActivity"]}, {"45f772c64a406b340fdc39b4de2f0515": ["91", "com.duolingo.app.HomeActivity"]}, {"0d3b291622464a1f71d8520e96be43f6": ["5", "com.duolingo.app.WelcomeFlowActivity"]}, {"5907478f6c9339cf07aeb1a72290387e": ["106", "com.duolingo.app.SettingsActivity"]}, {"2b409a2c059018545767c61a1dd519c5": ["810", "com.duolingo.app.SettingsActivity"]}, {"b3f343cc2ecc2569ced2a043a6d14d78": ["19", "com.duolingo.app.WelcomeFlowActivity"]}, {"259052783895dc2ce382a11d65601640": ["20", "com.duolingo.app.LessonActivity"]}, {"259052783895dc2ce382a11d65601640": ["20", "com.duolingo.app.LessonActivity"]}, {"950597cb53557bf8287f63bebc21bfea": ["21", "com.duolingo.app.LessonActivity"]}, {"259052783895dc2ce382a11d65601640": ["20", "com.duolingo.app.LessonActivity"]}, {"259052783895dc2ce382a11d65601640": ["20", "com.duolingo.app.LessonActivity"]}, {"259052783895dc2ce382a11d65601640": ["20", "com.duolingo.app.LessonActivity"]}, {"259052783895dc2ce382a11d65601640": ["20", "com.duolingo.app.LessonActivity"]}, {"cce7b1ac7fd3c552fbc07559cf388ac8": ["22", "com.duolingo.app.LessonActivity"]}, {"950597cb53557bf8287f63bebc21bfea": ["21", "com.duolingo.app.LessonActivity"]}, {"cce7b1ac7fd3c552fbc07559cf388ac8": ["22", "com.duolingo.app.LessonActivity"]}, {"259052783895dc2ce382a11d65601640": ["20", "com.duolingo.app.LessonActivity"]}, {"259052783895dc2ce382a11d65601640": ["20", "com.duolingo.app.LessonActivity"]}, {"259052783895dc2ce382a11d65601640": ["20", "com.duolingo.app.LessonActivity"]}, {"259052783895dc2ce382a11d65601640": ["20", "com.duolingo.app.LessonActivity"]}, {"259052783895dc2ce382a11d65601640": ["20", "com.duolingo.app.LessonActivity"]}, {"950597cb53557bf8287f63bebc21bfea": ["21", "com.duolingo.app.LessonActivity"]}, {"cce7b1ac7fd3c552fbc07559cf388ac8": ["22", "com.duolingo.app.LessonActivity"]}, {"cce7b1ac7fd3c552fbc07559cf388ac8": ["22", "com.duolingo.app.LessonActivity"]}, {"950597cb53557bf8287f63bebc21bfea": ["21", "com.duolingo.app.LessonActivity"]}, {"3372d91732dc201950418b125a8fe7ce": ["26", "com.duolingo.app.LessonActivity"]}, {"3372d91732dc201950418b125a8fe7ce": ["26", "com.duolingo.app.LessonActivity"]}, {"3372d91732dc201950418b125a8fe7ce": ["26", "com.duolingo.app.LessonActivity"]}, {"3372d91732dc201950418b125a8fe7ce": ["26", "com.duolingo.app.LessonActivity"]}, {"3372d91732dc201950418b125a8fe7ce": ["26", "com.duolingo.app.LessonActivity"]}, {"3372d91732dc201950418b125a8fe7ce": ["26", "com.duolingo.app.LessonActivity"]}, {"3372d91732dc201950418b125a8fe7ce": ["26", "com.duolingo.app.LessonActivity"]}, {"3372d91732dc201950418b125a8fe7ce": ["26", "com.duolingo.app.LessonActivity"]}, {"3372d91732dc201950418b125a8fe7ce": ["26", "com.duolingo.app.LessonActivity"]}, {"3372d91732dc201950418b125a8fe7ce": ["26", "com.duolingo.app.LessonActivity"]}, {"3372d91732dc201950418b125a8fe7ce": ["26", "com.duolingo.app.LessonActivity"]}, {"3372d91732dc201950418b125a8fe7ce": ["26", "com.duolingo.app.LessonActivity"]}, {"3372d91732dc201950418b125a8fe7ce": ["26", "com.duolingo.app.LessonActivity"]}, {"3372d91732dc201950418b125a8fe7ce": ["26", "com.duolingo.app.LessonActivity"]}, {"3372d91732dc201950418b125a8fe7ce": ["26", "com.duolingo.app.LessonActivity"]}, {"3372d91732dc201950418b125a8fe7ce": ["26", "com.duolingo.app.LessonActivity"]}, {"3372d91732dc201950418b125a8fe7ce": ["26", "com.duolingo.app.LessonActivity"]}, {"3372d91732dc201950418b125a8fe7ce": ["26", "com.duolingo.app.LessonActivity"]}, {"3372d91732dc201950418b125a8fe7ce": ["26", "com.duolingo.app.LessonActivity"]}, {"3372d91732dc201950418b125a8fe7ce": ["26", "com.duolingo.app.LessonActivity"]}, {"3372d91732dc201950418b125a8fe7ce": ["26", "com.duolingo.app.LessonActivity"]}, {"3372d91732dc201950418b125a8fe7ce": ["26", "com.duolingo.app.LessonActivity"]}, {"b3f343cc2ecc2569ced2a043a6d14d78": ["19", "com.duolingo.app.WelcomeFlowActivity"]}, {"b3f343cc2ecc2569ced2a043a6d14d78": ["19", "com.duolingo.app.WelcomeFlowActivity"]}, {"b3f343cc2ecc2569ced2a043a6d14d78": ["19", "com.duolingo.app.WelcomeFlowActivity"]}, {"b3f343cc2ecc2569ced2a043a6d14d78": ["19", "com.duolingo.app.WelcomeFlowActivity"]}, {"b3f343cc2ecc2569ced2a043a6d14d78": ["19", "com.duolingo.app.WelcomeFlowActivity"]}, {"b3f343cc2ecc2569ced2a043a6d14d78": ["19", "com.duolingo.app.WelcomeFlowActivity"]}, {"b3f343cc2ecc2569ced2a043a6d14d78": ["19", "com.duolingo.app.WelcomeFlowActivity"]}, {"259052783895dc2ce382a11d65601640": ["20", "com.duolingo.app.LessonActivity"]}, {"259052783895dc2ce382a11d65601640": ["20", "com.duolingo.app.LessonActivity"]}, {"259052783895dc2ce382a11d65601640": ["20", "com.duolingo.app.LessonActivity"]}, {"259052783895dc2ce382a11d65601640": ["20", "com.duolingo.app.LessonActivity"]}, {"950597cb53557bf8287f63bebc21bfea": ["21", "com.duolingo.app.LessonActivity"]}, {"3372d91732dc201950418b125a8fe7ce": ["26", "com.duolingo.app.LessonActivity"]}, {"3372d91732dc201950418b125a8fe7ce": ["26", "com.duolingo.app.LessonActivity"]}, {"3372d91732dc201950418b125a8fe7ce": ["26", "com.duolingo.app.LessonActivity"]}, {"3372d91732dc201950418b125a8fe7ce": ["26", "com.duolingo.app.LessonActivity"]}, {"3372d91732dc201950418b125a8fe7ce": ["26", "com.duolingo.app.LessonActivity"]}, {"0d3b291622464a1f71d8520e96be43f6": ["5", "com.duolingo.app.WelcomeFlowActivity"]}, {"b3f343cc2ecc2569ced2a043a6d14d78": ["19", "com.duolingo.app.WelcomeFlowActivity"]}, {"b3f343cc2ecc2569ced2a043a6d14d78": ["19", "com.duolingo.app.WelcomeFlowActivity"]}, {"b3f343cc2ecc2569ced2a043a6d14d78": ["19", "com.duolingo.app.WelcomeFlowActivity"]}, {"0d3b291622464a1f71d8520e96be43f6": ["5", "com.duolingo.app.WelcomeFlowActivity"]}, {"4249d16327aec4b19a5e21ae0f5e8ccf": ["92", "com.duolingo.app.SignupActivity"]}, {"4249d16327aec4b19a5e21ae0f5e8ccf": ["92", "com.duolingo.app.SignupActivity"]}, {"4249d16327aec4b19a5e21ae0f5e8ccf": ["92", "com.duolingo.app.SignupActivity"]}, {"891be92a111cbe3c2aa982433084de07": ["112", "com.duolingo.app.SignupActivity"]}, {"891be92a111cbe3c2aa982433084de07": ["112", "com.duolingo.app.SignupActivity"]}, {"4249d16327aec4b19a5e21ae0f5e8ccf": ["92", "com.duolingo.app.SignupActivity"]}, {"4249d16327aec4b19a5e21ae0f5e8ccf": ["92", "com.duolingo.app.SignupActivity"]}, {"4249d16327aec4b19a5e21ae0f5e8ccf": ["92", "com.duolingo.app.SignupActivity"]}, {"4249d16327aec4b19a5e21ae0f5e8ccf": ["92", "com.duolingo.app.SignupActivity"]}, {"4249d16327aec4b19a5e21ae0f5e8ccf": ["92", "com.duolingo.app.SignupActivity"]}, {"891be92a111cbe3c2aa982433084de07": ["112", "com.duolingo.app.SignupActivity"]}, {"4249d16327aec4b19a5e21ae0f5e8ccf": ["92", "com.duolingo.app.SignupActivity"]}, {"4249d16327aec4b19a5e21ae0f5e8ccf": ["92", "com.duolingo.app.SignupActivity"]}, {"b3f343cc2ecc2569ced2a043a6d14d78": ["19", "com.duolingo.app.WelcomeFlowActivity"]}, {"b3f343cc2ecc2569ced2a043a6d14d78": ["19", "com.duolingo.app.WelcomeFlowActivity"]}, {"b3f343cc2ecc2569ced2a043a6d14d78": ["19", "com.duolingo.app.WelcomeFlowActivity"]}, {"0d3b291622464a1f71d8520e96be43f6": ["5", "com.duolingo.app.WelcomeFlowActivity"]}, {"c0e0f039790532be2a456560f903f573": ["6", "com.duolingo.app.SignupActivity"]}, {"c0e0f039790532be2a456560f903f573": ["6", "com.duolingo.app.SignupActivity"]}, {"c0e0f039790532be2a456560f903f573": ["6", "com.duolingo.app.SignupActivity"]}, {"c0e0f039790532be2a456560f903f573": ["6", "com.duolingo.app.SignupActivity"]}, {"96fef831ed93abf8f1e5b98c3505ccea": ["119", "com.duolingo.app.SignupActivity"]}, {"c0e0f039790532be2a456560f903f573": ["6", "com.duolingo.app.SignupActivity"]}, {"b3f343cc2ecc2569ced2a043a6d14d78": ["19", "com.duolingo.app.WelcomeFlowActivity"]}, {"950597cb53557bf8287f63bebc21bfea": ["21", "com.duolingo.app.LessonActivity"]}, {"3372d91732dc201950418b125a8fe7ce": ["26", "com.duolingo.app.LessonActivity"]}, {"0d3b291622464a1f71d8520e96be43f6": ["5", "com.duolingo.app.WelcomeFlowActivity"]}, {"b3f343cc2ecc2569ced2a043a6d14d78": ["19", "com.duolingo.app.WelcomeFlowActivity"]}, {"950597cb53557bf8287f63bebc21bfea": ["21", "com.duolingo.app.LessonActivity"]}, {"3372d91732dc201950418b125a8fe7ce": ["26", "com.duolingo.app.LessonActivity"]}, {"3372d91732dc201950418b125a8fe7ce": ["26", "com.duolingo.app.LessonActivity"]}, {"3372d91732dc201950418b125a8fe7ce": ["26", "com.duolingo.app.LessonActivity"]}, {"3372d91732dc201950418b125a8fe7ce": ["26", "com.duolingo.app.LessonActivity"]}, {"3372d91732dc201950418b125a8fe7ce": ["26", "com.duolingo.app.LessonActivity"]}, {"3372d91732dc201950418b125a8fe7ce": ["26", "com.duolingo.app.LessonActivity"]}, {"3372d91732dc201950418b125a8fe7ce": ["26", "com.duolingo.app.LessonActivity"]}, {"3372d91732dc201950418b125a8fe7ce": ["26", "com.duolingo.app.LessonActivity"]}, {"b3f343cc2ecc2569ced2a043a6d14d78": ["19", "com.duolingo.app.WelcomeFlowActivity"]}, {"b3f343cc2ecc2569ced2a043a6d14d78": ["19", "com.duolingo.app.WelcomeFlowActivity"]}, {"b3f343cc2ecc2569ced2a043a6d14d78": ["19", "com.duolingo.app.WelcomeFlowActivity"]}, {"0d3b291622464a1f71d8520e96be43f6": ["5", "com.duolingo.app.WelcomeFlowActivity"]}, {"c0e0f039790532be2a456560f903f573": ["6", "com.duolingo.app.SignupActivity"]}, {"c0e0f039790532be2a456560f903f573": ["6", "com.duolingo.app.SignupActivity"]}, {"c0e0f039790532be2a456560f903f573": ["6", "com.duolingo.app.SignupActivity"]}, {"d8f02137ddd9dff6038c9327bb7453c1": ["7", "com.facebook.FacebookActivity"]}, {"c0e0f039790532be2a456560f903f573": ["6", "com.duolingo.app.SignupActivity"]}, {"96fef831ed93abf8f1e5b98c3505ccea": ["119", "com.duolingo.app.SignupActivity"]}, {"c0e0f039790532be2a456560f903f573": ["6", "com.duolingo.app.SignupActivity"]}, {"c0e0f039790532be2a456560f903f573": ["6", "com.duolingo.app.SignupActivity"]}, {"c0e0f039790532be2a456560f903f573": ["6", "com.duolingo.app.SignupActivity"]}, {"57f8c22990ee290eab64b28849390b45": ["128", "com.duolingo.app.WelcomeFlowActivity"]}, {"96104ef749a3d1ba87e2f4929dee9664": ["134", "com.duolingo.app.HomeActivity"]}, {"96104ef749a3d1ba87e2f4929dee9664": ["134", "com.duolingo.app.HomeActivity"]}, {"96104ef749a3d1ba87e2f4929dee9664": ["134", "com.duolingo.app.HomeActivity"]}, {"eabe2db30666786373bd02f4c80c18d9": ["165", "com.duolingo.app.HomeActivity"]}, {"57f8c22990ee290eab64b28849390b45": ["128", "com.duolingo.app.WelcomeFlowActivity"]}, {"57f8c22990ee290eab64b28849390b45": ["128", "com.duolingo.app.WelcomeFlowActivity"]}, {"57f8c22990ee290eab64b28849390b45": ["128", "com.duolingo.app.WelcomeFlowActivity"]}, {"45f772c64a406b340fdc39b4de2f0515": ["91", "com.duolingo.app.HomeActivity"]}, {"5907478f6c9339cf07aeb1a72290387e": ["106", "com.duolingo.app.SettingsActivity"]}, {"5907478f6c9339cf07aeb1a72290387e": ["106", "com.duolingo.app.SettingsActivity"]}, {"5907478f6c9339cf07aeb1a72290387e": ["106", "com.duolingo.app.SettingsActivity"]}, {"5907478f6c9339cf07aeb1a72290387e": ["106", "com.duolingo.app.SettingsActivity"]}, {"08f6eb40f3899164c8d6dedd9b2c74fb": ["105", "com.duolingo.app.SettingsActivity"]}, {"5907478f6c9339cf07aeb1a72290387e": ["106", "com.duolingo.app.SettingsActivity"]}, {"5907478f6c9339cf07aeb1a72290387e": ["106", "com.duolingo.app.SettingsActivity"]}, {"5907478f6c9339cf07aeb1a72290387e": ["106", "com.duolingo.app.SettingsActivity"]}, {"5907478f6c9339cf07aeb1a72290387e": ["106", "com.duolingo.app.SettingsActivity"]}, {"5907478f6c9339cf07aeb1a72290387e": ["106", "com.duolingo.app.SettingsActivity"]}, {"5907478f6c9339cf07aeb1a72290387e": ["106", "com.duolingo.app.SettingsActivity"]}, {"f51445cd56d312779eed184127e63831": ["16", "com.duolingo.app.SettingsActivity"]}, {"08f6eb40f3899164c8d6dedd9b2c74fb": ["105", "com.duolingo.app.SettingsActivity"]}, {"57f8c22990ee290eab64b28849390b45": ["128", "com.duolingo.app.WelcomeFlowActivity"]}, {"96104ef749a3d1ba87e2f4929dee9664": ["134", "com.duolingo.app.HomeActivity"]}, {"96104ef749a3d1ba87e2f4929dee9664": ["134", "com.duolingo.app.HomeActivity"]}, {"45f772c64a406b340fdc39b4de2f0515": ["91", "com.duolingo.app.HomeActivity"]}, {"b3f343cc2ecc2569ced2a043a6d14d78": ["19", "com.duolingo.app.WelcomeFlowActivity"]}, {"b3f343cc2ecc2569ced2a043a6d14d78": ["19", "com.duolingo.app.WelcomeFlowActivity"]}, {"0d3b291622464a1f71d8520e96be43f6": ["5", "com.duolingo.app.WelcomeFlowActivity"]}, {"4249d16327aec4b19a5e21ae0f5e8ccf": ["92", "com.duolingo.app.SignupActivity"]}, {"4249d16327aec4b19a5e21ae0f5e8ccf": ["92", "com.duolingo.app.SignupActivity"]}, {"4249d16327aec4b19a5e21ae0f5e8ccf": ["92", "com.duolingo.app.SignupActivity"]}, {"4249d16327aec4b19a5e21ae0f5e8ccf": ["92", "com.duolingo.app.SignupActivity"]}, {"0d3b291622464a1f71d8520e96be43f6": ["5", "com.duolingo.app.WelcomeFlowActivity"]}, {"c0e0f039790532be2a456560f903f573": ["6", "com.duolingo.app.SignupActivity"]}, {"c0e0f039790532be2a456560f903f573": ["6", "com.duolingo.app.SignupActivity"]}, {"c0e0f039790532be2a456560f903f573": ["6", "com.duolingo.app.SignupActivity"]}, {"98c7b3297fb4365a461f4fff0f80e9a0": ["8", "com.duolingo.app.SignupActivity"]}, {"c0e0f039790532be2a456560f903f573": ["6", "com.duolingo.app.SignupActivity"]}, {"b3f343cc2ecc2569ced2a043a6d14d78": ["19", "com.duolingo.app.WelcomeFlowActivity"]}, {"b3f343cc2ecc2569ced2a043a6d14d78": ["19", "com.duolingo.app.WelcomeFlowActivity"]}, {"b3f343cc2ecc2569ced2a043a6d14d78": ["19", "com.duolingo.app.WelcomeFlowActivity"]}, {"0d3b291622464a1f71d8520e96be43f6": ["5", "com.duolingo.app.WelcomeFlowActivity"]}, {"c0e0f039790532be2a456560f903f573": ["6", "com.duolingo.app.SignupActivity"]}, {"c0e0f039790532be2a456560f903f573": ["6", "com.duolingo.app.SignupActivity"]}, {"c0e0f039790532be2a456560f903f573": ["6", "com.duolingo.app.SignupActivity"]}, {"96fef831ed93abf8f1e5b98c3505ccea": ["119", "com.duolingo.app.SignupActivity"]}, {"c0e0f039790532be2a456560f903f573": ["6", "com.duolingo.app.SignupActivity"]}, {"b3f343cc2ecc2569ced2a043a6d14d78": ["19", "com.duolingo.app.WelcomeFlowActivity"]}, {"b3f343cc2ecc2569ced2a043a6d14d78": ["19", "com.duolingo.app.WelcomeFlowActivity"]}, {"b3f343cc2ecc2569ced2a043a6d14d78": ["19", "com.duolingo.app.WelcomeFlowActivity"]}, {"0d3b291622464a1f71d8520e96be43f6": ["5", "com.duolingo.app.WelcomeFlowActivity"]}, {"c0e0f039790532be2a456560f903f573": ["6", "com.duolingo.app.SignupActivity"]}, {"98c7b3297fb4365a461f4fff0f80e9a0": ["8", "com.duolingo.app.SignupActivity"]}, {"98c7b3297fb4365a461f4fff0f80e9a0": ["8", "com.duolingo.app.SignupActivity"]}, {"98c7b3297fb4365a461f4fff0f80e9a0": ["8", "com.duolingo.app.SignupActivity"]}, {"98c7b3297fb4365a461f4fff0f80e9a0": ["8", "com.duolingo.app.SignupActivity"]}, {"d8f02137ddd9dff6038c9327bb7453c1": ["7", "com.facebook.FacebookActivity"]}, {"98c7b3297fb4365a461f4fff0f80e9a0": ["8", "com.duolingo.app.SignupActivity"]}, {"98c7b3297fb4365a461f4fff0f80e9a0": ["8", "com.duolingo.app.SignupActivity"]}, {"c0e0f039790532be2a456560f903f573": ["6", "com.duolingo.app.SignupActivity"]}, {"c0e0f039790532be2a456560f903f573": ["6", "com.duolingo.app.SignupActivity"]}, {"d8f02137ddd9dff6038c9327bb7453c1": ["7", "com.facebook.FacebookActivity"]}, {"c0e0f039790532be2a456560f903f573": ["6", "com.duolingo.app.SignupActivity"]}, {"c0e0f039790532be2a456560f903f573": ["6", "com.duolingo.app.SignupActivity"]}, {"b3f343cc2ecc2569ced2a043a6d14d78": ["19", "com.duolingo.app.WelcomeFlowActivity"]}, {"b3f343cc2ecc2569ced2a043a6d14d78": ["19", "com.duolingo.app.WelcomeFlowActivity"]}, {"b3f343cc2ecc2569ced2a043a6d14d78": ["19", "com.duolingo.app.WelcomeFlowActivity"]}, {"0d3b291622464a1f71d8520e96be43f6": ["5", "com.duolingo.app.WelcomeFlowActivity"]}, {"0d3b291622464a1f71d8520e96be43f6": ["5", "com.duolingo.app.WelcomeFlowActivity"]}, {"b3f343cc2ecc2569ced2a043a6d14d78": ["19", "com.duolingo.app.WelcomeFlowActivity"]}, {"b3f343cc2ecc2569ced2a043a6d14d78": ["19", "com.duolingo.app.WelcomeFlowActivity"]}, {"b3f343cc2ecc2569ced2a043a6d14d78": ["19", "com.duolingo.app.WelcomeFlowActivity"]}, {"0d3b291622464a1f71d8520e96be43f6": ["5", "com.duolingo.app.WelcomeFlowActivity"]}, {"c0e0f039790532be2a456560f903f573": ["6", "com.duolingo.app.SignupActivity"]}, {"c0e0f039790532be2a456560f903f573": ["6", "com.duolingo.app.SignupActivity"]}, {"c0e0f039790532be2a456560f903f573": ["6", "com.duolingo.app.SignupActivity"]}, {"c0e0f039790532be2a456560f903f573": ["6", "com.duolingo.app.SignupActivity"]}, {"b3f343cc2ecc2569ced2a043a6d14d78": ["19", "com.duolingo.app.WelcomeFlowActivity"]}, {"b3f343cc2ecc2569ced2a043a6d14d78": ["19", "com.duolingo.app.WelcomeFlowActivity"]}, {"b3f343cc2ecc2569ced2a043a6d14d78": ["19", "com.duolingo.app.WelcomeFlowActivity"]}, {"0d3b291622464a1f71d8520e96be43f6": ["5", "com.duolingo.app.WelcomeFlowActivity"]}, {"c0e0f039790532be2a456560f903f573": ["6", "com.duolingo.app.SignupActivity"]}, {"c0e0f039790532be2a456560f903f573": ["6", "com.duolingo.app.SignupActivity"]}, {"0d3b291622464a1f71d8520e96be43f6": ["5", "com.duolingo.app.WelcomeFlowActivity"]}, {"c0e0f039790532be2a456560f903f573": ["6", "com.duolingo.app.SignupActivity"]}, {"c0e0f039790532be2a456560f903f573": ["6", "com.duolingo.app.SignupActivity"]}, {"b3f343cc2ecc2569ced2a043a6d14d78": ["19", "com.duolingo.app.WelcomeFlowActivity"]}, {"950597cb53557bf8287f63bebc21bfea": ["21", "com.duolingo.app.LessonActivity"]}, {"259052783895dc2ce382a11d65601640": ["20", "com.duolingo.app.LessonActivity"]}, {"259052783895dc2ce382a11d65601640": ["20", "com.duolingo.app.LessonActivity"]}, {"cce7b1ac7fd3c552fbc07559cf388ac8": ["22", "com.duolingo.app.LessonActivity"]}, {"cce7b1ac7fd3c552fbc07559cf388ac8": ["22", "com.duolingo.app.LessonActivity"]}, {"950597cb53557bf8287f63bebc21bfea": ["21", "com.duolingo.app.LessonActivity"]}, {"3372d91732dc201950418b125a8fe7ce": ["26", "com.duolingo.app.LessonActivity"]}, {"3372d91732dc201950418b125a8fe7ce": ["26", "com.duolingo.app.LessonActivity"]}, {"3372d91732dc201950418b125a8fe7ce": ["26", "com.duolingo.app.LessonActivity"]}, {"3372d91732dc201950418b125a8fe7ce": ["26", "com.duolingo.app.LessonActivity"]}, {"3372d91732dc201950418b125a8fe7ce": ["26", "com.duolingo.app.LessonActivity"]}, {"3372d91732dc201950418b125a8fe7ce": ["26", "com.duolingo.app.LessonActivity"]}, {"3372d91732dc201950418b125a8fe7ce": ["26", "com.duolingo.app.LessonActivity"]}, {"3372d91732dc201950418b125a8fe7ce": ["26", "com.duolingo.app.LessonActivity"]}, {"3372d91732dc201950418b125a8fe7ce": ["26", "com.duolingo.app.LessonActivity"]}, {"3372d91732dc201950418b125a8fe7ce": ["26", "com.duolingo.app.LessonActivity"]}, {"b3f343cc2ecc2569ced2a043a6d14d78": ["19", "com.duolingo.app.WelcomeFlowActivity"]}, {"b3f343cc2ecc2569ced2a043a6d14d78": ["19", "com.duolingo.app.WelcomeFlowActivity"]}, {"b3f343cc2ecc2569ced2a043a6d14d78": ["19", "com.duolingo.app.WelcomeFlowActivity"]}, {"0d3b291622464a1f71d8520e96be43f6": ["5", "com.duolingo.app.WelcomeFlowActivity"]}, {"b3f343cc2ecc2569ced2a043a6d14d78": ["19", "com.duolingo.app.WelcomeFlowActivity"]}, {"b3f343cc2ecc2569ced2a043a6d14d78": ["19", "com.duolingo.app.WelcomeFlowActivity"]}, {"b3f343cc2ecc2569ced2a043a6d14d78": ["19", "com.duolingo.app.WelcomeFlowActivity"]}, {"b3f343cc2ecc2569ced2a043a6d14d78": ["19", "com.duolingo.app.WelcomeFlowActivity"]}, {"b3f343cc2ecc2569ced2a043a6d14d78": ["19", "com.duolingo.app.WelcomeFlowActivity"]}, {"0d3b291622464a1f71d8520e96be43f6": ["5", "com.duolingo.app.WelcomeFlowActivity"]}, {"5907478f6c9339cf07aeb1a72290387e": ["106", "com.duolingo.app.SettingsActivity"]}, {"5907478f6c9339cf07aeb1a72290387e": ["106", "com.duolingo.app.SettingsActivity"]}, {"5907478f6c9339cf07aeb1a72290387e": ["106", "com.duolingo.app.SettingsActivity"]}, {"5907478f6c9339cf07aeb1a72290387e": ["106", "com.duolingo.app.SettingsActivity"]}, {"f51445cd56d312779eed184127e63831": ["16", "com.duolingo.app.SettingsActivity"]}, {"f51445cd56d312779eed184127e63831": ["16", "com.duolingo.app.SettingsActivity"]}, {"5907478f6c9339cf07aeb1a72290387e": ["106", "com.duolingo.app.SettingsActivity"]}, {"5907478f6c9339cf07aeb1a72290387e": ["106", "com.duolingo.app.SettingsActivity"]}, {"08f6eb40f3899164c8d6dedd9b2c74fb": ["105", "com.duolingo.app.SettingsActivity"]}, {"5907478f6c9339cf07aeb1a72290387e": ["106", "com.duolingo.app.SettingsActivity"]}, {"5907478f6c9339cf07aeb1a72290387e": ["106", "com.duolingo.app.SettingsActivity"]}, {"5907478f6c9339cf07aeb1a72290387e": ["106", "com.duolingo.app.SettingsActivity"]}, {"08f6eb40f3899164c8d6dedd9b2c74fb": ["105", "com.duolingo.app.SettingsActivity"]}, {"08f6eb40f3899164c8d6dedd9b2c74fb": ["105", "com.duolingo.app.SettingsActivity"]}, {"5907478f6c9339cf07aeb1a72290387e": ["106", "com.duolingo.app.SettingsActivity"]}, {"08f6eb40f3899164c8d6dedd9b2c74fb": ["105", "com.duolingo.app.SettingsActivity"]}, {"b3f343cc2ecc2569ced2a043a6d14d78": ["19", "com.duolingo.app.WelcomeFlowActivity"]}, {"b3f343cc2ecc2569ced2a043a6d14d78": ["19", "com.duolingo.app.WelcomeFlowActivity"]}, {"b3f343cc2ecc2569ced2a043a6d14d78": ["19", "com.duolingo.app.WelcomeFlowActivity"]}, {"0d3b291622464a1f71d8520e96be43f6": ["5", "com.duolingo.app.WelcomeFlowActivity"]}, {"b3f343cc2ecc2569ced2a043a6d14d78": ["19", "com.duolingo.app.WelcomeFlowActivity"]}, {"7d90f9f12158806e5a3c1bf861a68b87": ["32", "com.duolingo.app.PlacementTestExplainedActivity"]}, {"0d3b291622464a1f71d8520e96be43f6": ["5", "com.duolingo.app.WelcomeFlowActivity"]}, {"c0e0f039790532be2a456560f903f573": ["6", "com.duolingo.app.SignupActivity"]}, {"c0e0f039790532be2a456560f903f573": ["6", "com.duolingo.app.SignupActivity"]}, {"c0e0f039790532be2a456560f903f573": ["6", "com.duolingo.app.SignupActivity"]}, {"c0e0f039790532be2a456560f903f573": ["6", "com.duolingo.app.SignupActivity"]}, {"c0e0f039790532be2a456560f903f573": ["6", "com.duolingo.app.SignupActivity"]}, {"c0e0f039790532be2a456560f903f573": ["6", "com.duolingo.app.SignupActivity"]}, {"b3f343cc2ecc2569ced2a043a6d14d78": ["19", "com.duolingo.app.WelcomeFlowActivity"]}, {"7d90f9f12158806e5a3c1bf861a68b87": ["32", "com.duolingo.app.PlacementTestExplainedActivity"]}, {"2d938d73ae36bcbf6a56a1c8e0263152": ["276", "com.duolingo.app.PlacementActivity"]}, {"2d938d73ae36bcbf6a56a1c8e0263152": ["276", "com.duolingo.app.PlacementActivity"]}, {"2d938d73ae36bcbf6a56a1c8e0263152": ["276", "com.duolingo.app.PlacementActivity"]}, {"0b78047ee341d0413491ce9f3980a9d4": ["291", "com.duolingo.app.PlacementActivity"]}, {"e0335a73eb2a922edb26aa87b2b7a34d": ["292", "com.duolingo.app.PlacementActivity"]}, {"0b78047ee341d0413491ce9f3980a9d4": ["291", "com.duolingo.app.PlacementActivity"]}, {"cda39a54b0bd27899bec0f31f930a9f8": ["279", "com.duolingo.app.PlacementActivity"]}, {"15a9dc9943b7fae8d8933b1381607cfc": ["48", "com.duolingo.app.SentenceDiscussionActivity"]}, {"cda39a54b0bd27899bec0f31f930a9f8": ["279", "com.duolingo.app.PlacementActivity"]}, {"947425d18da236e1d59eec2143e6019d": ["42", "com.duolingo.app.PlacementActivity"]}, {"b3f343cc2ecc2569ced2a043a6d14d78": ["19", "com.duolingo.app.WelcomeFlowActivity"]}, {"b3f343cc2ecc2569ced2a043a6d14d78": ["19", "com.duolingo.app.WelcomeFlowActivity"]}, {"0d3b291622464a1f71d8520e96be43f6": ["5", "com.duolingo.app.WelcomeFlowActivity"]}, {"c0e0f039790532be2a456560f903f573": ["6", "com.duolingo.app.SignupActivity"]}, {"c0e0f039790532be2a456560f903f573": ["6", "com.duolingo.app.SignupActivity"]}, {"c0e0f039790532be2a456560f903f573": ["6", "com.duolingo.app.SignupActivity"]}, {"c0e0f039790532be2a456560f903f573": ["6", "com.duolingo.app.SignupActivity"]}, {"c0e0f039790532be2a456560f903f573": ["6", "com.duolingo.app.SignupActivity"]}, {"c0e0f039790532be2a456560f903f573": ["6", "com.duolingo.app.SignupActivity"]}, {"96fef831ed93abf8f1e5b98c3505ccea": ["119", "com.duolingo.app.SignupActivity"]}, {"96fef831ed93abf8f1e5b98c3505ccea": ["119", "com.duolingo.app.SignupActivity"]}, {"c0e0f039790532be2a456560f903f573": ["6", "com.duolingo.app.SignupActivity"]}, {"c0e0f039790532be2a456560f903f573": ["6", "com.duolingo.app.SignupActivity"]}, {"96fef831ed93abf8f1e5b98c3505ccea": ["119", "com.duolingo.app.SignupActivity"]}, {"96fef831ed93abf8f1e5b98c3505ccea": ["119", "com.duolingo.app.SignupActivity"]}, {"96fef831ed93abf8f1e5b98c3505ccea": ["119", "com.duolingo.app.SignupActivity"]}, {"96fef831ed93abf8f1e5b98c3505ccea": ["119", "com.duolingo.app.SignupActivity"]}, {"d33269e437c246fa54ce175c4d7b6618": ["183", "com.duolingo.app.SignupActivity"]}, {"c0e0f039790532be2a456560f903f573": ["6", "com.duolingo.app.SignupActivity"]}, {"c0e0f039790532be2a456560f903f573": ["6", "com.duolingo.app.SignupActivity"]}, {"c0e0f039790532be2a456560f903f573": ["6", "com.duolingo.app.SignupActivity"]}, {"b3f343cc2ecc2569ced2a043a6d14d78": ["19", "com.duolingo.app.WelcomeFlowActivity"]}, {"b3f343cc2ecc2569ced2a043a6d14d78": ["19", "com.duolingo.app.WelcomeFlowActivity"]}, {"0d3b291622464a1f71d8520e96be43f6": ["5", "com.duolingo.app.WelcomeFlowActivity"]}, {"c0e0f039790532be2a456560f903f573": ["6", "com.duolingo.app.SignupActivity"]}, {"b3f343cc2ecc2569ced2a043a6d14d78": ["19", "com.duolingo.app.WelcomeFlowActivity"]}, {"57f8c22990ee290eab64b28849390b45": ["128", "com.duolingo.app.WelcomeFlowActivity"]}, {"96104ef749a3d1ba87e2f4929dee9664": ["134", "com.duolingo.app.HomeActivity"]}, {"96104ef749a3d1ba87e2f4929dee9664": ["134", "com.duolingo.app.HomeActivity"]}, {"96104ef749a3d1ba87e2f4929dee9664": ["134", "com.duolingo.app.HomeActivity"]}, {"45f772c64a406b340fdc39b4de2f0515": ["91", "com.duolingo.app.HomeActivity"]}, {"4249d16327aec4b19a5e21ae0f5e8ccf": ["92", "com.duolingo.app.SignupActivity"]}, {"d8f02137ddd9dff6038c9327bb7453c1": ["7", "com.facebook.FacebookActivity"]}, {"d8f02137ddd9dff6038c9327bb7453c1": ["7", "com.facebook.FacebookActivity"]}, {"4249d16327aec4b19a5e21ae0f5e8ccf": ["92", "com.duolingo.app.SignupActivity"]}, {"4249d16327aec4b19a5e21ae0f5e8ccf": ["92", "com.duolingo.app.SignupActivity"]}, {"4249d16327aec4b19a5e21ae0f5e8ccf": ["92", "com.duolingo.app.SignupActivity"]}, {"4249d16327aec4b19a5e21ae0f5e8ccf": ["92", "com.duolingo.app.SignupActivity"]}, {"4249d16327aec4b19a5e21ae0f5e8ccf": ["92", "com.duolingo.app.SignupActivity"]}, {"4249d16327aec4b19a5e21ae0f5e8ccf": ["92", "com.duolingo.app.SignupActivity"]}, {"4249d16327aec4b19a5e21ae0f5e8ccf": ["92", "com.duolingo.app.SignupActivity"]}, {"4249d16327aec4b19a5e21ae0f5e8ccf": ["92", "com.duolingo.app.SignupActivity"]}, {"4249d16327aec4b19a5e21ae0f5e8ccf": ["92", "com.duolingo.app.SignupActivity"]}, {"b3f343cc2ecc2569ced2a043a6d14d78": ["19", "com.duolingo.app.WelcomeFlowActivity"]}, {"b3f343cc2ecc2569ced2a043a6d14d78": ["19", "com.duolingo.app.WelcomeFlowActivity"]}, {"b3f343cc2ecc2569ced2a043a6d14d78": ["19", "com.duolingo.app.WelcomeFlowActivity"]}, {"7d90f9f12158806e5a3c1bf861a68b87": ["32", "com.duolingo.app.PlacementTestExplainedActivity"]}, {"b3f343cc2ecc2569ced2a043a6d14d78": ["19", "com.duolingo.app.WelcomeFlowActivity"]}, {"b3f343cc2ecc2569ced2a043a6d14d78": ["19", "com.duolingo.app.WelcomeFlowActivity"]}, {"0d3b291622464a1f71d8520e96be43f6": ["5", "com.duolingo.app.WelcomeFlowActivity"]}, {"b3f343cc2ecc2569ced2a043a6d14d78": ["19", "com.duolingo.app.WelcomeFlowActivity"]}, {"b3f343cc2ecc2569ced2a043a6d14d78": ["19", "com.duolingo.app.WelcomeFlowActivity"]}, {"0d3b291622464a1f71d8520e96be43f6": ["5", "com.duolingo.app.WelcomeFlowActivity"]}, {"b3f343cc2ecc2569ced2a043a6d14d78": ["19", "com.duolingo.app.WelcomeFlowActivity"]}, {"b3f343cc2ecc2569ced2a043a6d14d78": ["19", "com.duolingo.app.WelcomeFlowActivity"]}, {"b3f343cc2ecc2569ced2a043a6d14d78": ["19", "com.duolingo.app.WelcomeFlowActivity"]}, {"b3f343cc2ecc2569ced2a043a6d14d78": ["19", "com.duolingo.app.WelcomeFlowActivity"]}, {"b3f343cc2ecc2569ced2a043a6d14d78": ["19", "com.duolingo.app.WelcomeFlowActivity"]}, {"0d3b291622464a1f71d8520e96be43f6": ["5", "com.duolingo.app.WelcomeFlowActivity"]}, {"f51445cd56d312779eed184127e63831": ["16", "com.duolingo.app.SettingsActivity"]}, {"0836eb6643cf8c88900a164fd9c28124": ["204", "com.duolingo.app.SettingsActivity"]}, {"0836eb6643cf8c88900a164fd9c28124": ["204", "com.duolingo.app.SettingsActivity"]}, {"bf77df4c6bc30d0a8ea5143593cf56fd": ["205", "com.duolingo.app.SettingsActivity"]}, {"f51445cd56d312779eed184127e63831": ["16", "com.duolingo.app.SettingsActivity"]}, {"0d3b291622464a1f71d8520e96be43f6": ["5", "com.duolingo.app.WelcomeFlowActivity"]}, {"4249d16327aec4b19a5e21ae0f5e8ccf": ["92", "com.duolingo.app.SignupActivity"]}, {"b3f343cc2ecc2569ced2a043a6d14d78": ["19", "com.duolingo.app.WelcomeFlowActivity"]}, {"b3f343cc2ecc2569ced2a043a6d14d78": ["19", "com.duolingo.app.WelcomeFlowActivity"]}, {"b3f343cc2ecc2569ced2a043a6d14d78": ["19", "com.duolingo.app.WelcomeFlowActivity"]}, {"0d3b291622464a1f71d8520e96be43f6": ["5", "com.duolingo.app.WelcomeFlowActivity"]}, {"c0e0f039790532be2a456560f903f573": ["6", "com.duolingo.app.SignupActivity"]}, {"c0e0f039790532be2a456560f903f573": ["6", "com.duolingo.app.SignupActivity"]}, {"96fef831ed93abf8f1e5b98c3505ccea": ["119", "com.duolingo.app.SignupActivity"]}, {"d33269e437c246fa54ce175c4d7b6618": ["183", "com.duolingo.app.SignupActivity"]}, {"d33269e437c246fa54ce175c4d7b6618": ["183", "com.duolingo.app.SignupActivity"]}, {"d33269e437c246fa54ce175c4d7b6618": ["183", "com.duolingo.app.SignupActivity"]}, {"d33269e437c246fa54ce175c4d7b6618": ["183", "com.duolingo.app.SignupActivity"]}, {"d33269e437c246fa54ce175c4d7b6618": ["183", "com.duolingo.app.SignupActivity"]}, {"d33269e437c246fa54ce175c4d7b6618": ["183", "com.duolingo.app.SignupActivity"]}, {"c0e0f039790532be2a456560f903f573": ["6", "com.duolingo.app.SignupActivity"]}, {"c0e0f039790532be2a456560f903f573": ["6", "com.duolingo.app.SignupActivity"]}, {"c0e0f039790532be2a456560f903f573": ["6", "com.duolingo.app.SignupActivity"]}, {"c0e0f039790532be2a456560f903f573": ["6", "com.duolingo.app.SignupActivity"]}, {"c0e0f039790532be2a456560f903f573": ["6", "com.duolingo.app.SignupActivity"]}, {"0d3b291622464a1f71d8520e96be43f6": ["5", "com.duolingo.app.WelcomeFlowActivity"]}, {"0d3b291622464a1f71d8520e96be43f6": ["5", "com.duolingo.app.WelcomeFlowActivity"]}, {"b3f343cc2ecc2569ced2a043a6d14d78": ["19", "com.duolingo.app.WelcomeFlowActivity"]}, {"950597cb53557bf8287f63bebc21bfea": ["21", "com.duolingo.app.LessonActivity"]}, {"b3f343cc2ecc2569ced2a043a6d14d78": ["19", "com.duolingo.app.WelcomeFlowActivity"]}, {"b3f343cc2ecc2569ced2a043a6d14d78": ["19", "com.duolingo.app.WelcomeFlowActivity"]}, {"b3f343cc2ecc2569ced2a043a6d14d78": ["19", "com.duolingo.app.WelcomeFlowActivity"]}, {"b3f343cc2ecc2569ced2a043a6d14d78": ["19", "com.duolingo.app.WelcomeFlowActivity"]}, {"5d6941e0d03a92b743c609edb4fc8d3d": ["114", "com.duolingo.app.HomeActivity"]}, {"b3f343cc2ecc2569ced2a043a6d14d78": ["19", "com.duolingo.app.WelcomeFlowActivity"]}, {"b3f343cc2ecc2569ced2a043a6d14d78": ["19", "com.duolingo.app.WelcomeFlowActivity"]}, {"b3f343cc2ecc2569ced2a043a6d14d78": ["19", "com.duolingo.app.WelcomeFlowActivity"]}, {"57f8c22990ee290eab64b28849390b45": ["128", "com.duolingo.app.WelcomeFlowActivity"]}, {"5d6941e0d03a92b743c609edb4fc8d3d": ["114", "com.duolingo.app.HomeActivity"]}, {"0d3b291622464a1f71d8520e96be43f6": ["5", "com.duolingo.app.WelcomeFlowActivity"]}, {"0af0cb17ea6591b08561fd0005b96712": ["827", "com.duolingo.app.HomeActivity"]}, {"1a3264bbe500bf83a52af7ec4734a360": ["104", "com.duolingo.app.WelcomeFlowActivity"]}, {"b3f343cc2ecc2569ced2a043a6d14d78": ["19", "com.duolingo.app.WelcomeFlowActivity"]}, {"950597cb53557bf8287f63bebc21bfea": ["21", "com.duolingo.app.LessonActivity"]}, {"5d6941e0d03a92b743c609edb4fc8d3d": ["114", "com.duolingo.app.HomeActivity"]}, {"b3f343cc2ecc2569ced2a043a6d14d78": ["19", "com.duolingo.app.WelcomeFlowActivity"]}, {"b3f343cc2ecc2569ced2a043a6d14d78": ["19", "com.duolingo.app.WelcomeFlowActivity"]}, {"b3f343cc2ecc2569ced2a043a6d14d78": ["19", "com.duolingo.app.WelcomeFlowActivity"]}, {"0d3b291622464a1f71d8520e96be43f6": ["5", "com.duolingo.app.WelcomeFlowActivity"]}, {"b3f343cc2ecc2569ced2a043a6d14d78": ["19", "com.duolingo.app.WelcomeFlowActivity"]}, {"b3f343cc2ecc2569ced2a043a6d14d78": ["19", "com.duolingo.app.WelcomeFlowActivity"]}, {"b3f343cc2ecc2569ced2a043a6d14d78": ["19", "com.duolingo.app.WelcomeFlowActivity"]}, {"0d3b291622464a1f71d8520e96be43f6": ["5", "com.duolingo.app.WelcomeFlowActivity"]}, {"b3f343cc2ecc2569ced2a043a6d14d78": ["19", "com.duolingo.app.WelcomeFlowActivity"]}, {"7d90f9f12158806e5a3c1bf861a68b87": ["32", "com.duolingo.app.PlacementTestExplainedActivity"]}, {"947425d18da236e1d59eec2143e6019d": ["42", "com.duolingo.app.PlacementActivity"]}, {"b3f343cc2ecc2569ced2a043a6d14d78": ["19", "com.duolingo.app.WelcomeFlowActivity"]}, {"b3f343cc2ecc2569ced2a043a6d14d78": ["19", "com.duolingo.app.WelcomeFlowActivity"]}, {"b3f343cc2ecc2569ced2a043a6d14d78": ["19", "com.duolingo.app.WelcomeFlowActivity"]}, {"0d3b291622464a1f71d8520e96be43f6": ["5", "com.duolingo.app.WelcomeFlowActivity"]}, {"08f6eb40f3899164c8d6dedd9b2c74fb": ["105", "com.duolingo.app.SettingsActivity"]}, {"b3f343cc2ecc2569ced2a043a6d14d78": ["19", "com.duolingo.app.WelcomeFlowActivity"]}, {"6bc4ad8fb688ebeaefcbcb677fead77c": ["259", "com.duolingo.app.LessonActivity"]}, {"e4241f2ec45104410679c8206fc87137": ["260", "com.duolingo.app.LessonActivity"]}, {"950597cb53557bf8287f63bebc21bfea": ["21", "com.duolingo.app.LessonActivity"]}, {"3372d91732dc201950418b125a8fe7ce": ["26", "com.duolingo.app.LessonActivity"]}, {"b3f343cc2ecc2569ced2a043a6d14d78": ["19", "com.duolingo.app.WelcomeFlowActivity"]}, {"b3f343cc2ecc2569ced2a043a6d14d78": ["19", "com.duolingo.app.WelcomeFlowActivity"]}, {"0d3b291622464a1f71d8520e96be43f6": ["5", "com.duolingo.app.WelcomeFlowActivity"]}, {"c0e0f039790532be2a456560f903f573": ["6", "com.duolingo.app.SignupActivity"]}, {"b3f343cc2ecc2569ced2a043a6d14d78": ["19", "com.duolingo.app.WelcomeFlowActivity"]}, {"b3f343cc2ecc2569ced2a043a6d14d78": ["19", "com.duolingo.app.WelcomeFlowActivity"]}, {"b3f343cc2ecc2569ced2a043a6d14d78": ["19", "com.duolingo.app.WelcomeFlowActivity"]}, {"0d3b291622464a1f71d8520e96be43f6": ["5", "com.duolingo.app.WelcomeFlowActivity"]}, {"57f8c22990ee290eab64b28849390b45": ["128", "com.duolingo.app.WelcomeFlowActivity"]}, {"57f8c22990ee290eab64b28849390b45": ["128", "com.duolingo.app.WelcomeFlowActivity"]}, {"b6ed87c227bae15badccdb9c1ddd09b7": ["101", "com.duolingo.app.WelcomeFlowActivity"]}, {"90cb57ddf9e5082cbcf59282dc56d2f9": ["95", "com.duolingo.app.WelcomeFlowActivity"]}, {"b6ed87c227bae15badccdb9c1ddd09b7": ["101", "com.duolingo.app.WelcomeFlowActivity"]}, {"90cb57ddf9e5082cbcf59282dc56d2f9": ["95", "com.duolingo.app.WelcomeFlowActivity"]}, {"3df3e056521405913b5fc2e3e900beeb": ["179", "com.duolingo.app.WelcomeFlowActivity"]}, {"b3f343cc2ecc2569ced2a043a6d14d78": ["19", "com.duolingo.app.WelcomeFlowActivity"]}, {"b3f343cc2ecc2569ced2a043a6d14d78": ["19", "com.duolingo.app.WelcomeFlowActivity"]}, {"b3f343cc2ecc2569ced2a043a6d14d78": ["19", "com.duolingo.app.WelcomeFlowActivity"]}, {"0d3b291622464a1f71d8520e96be43f6": ["5", "com.duolingo.app.WelcomeFlowActivity"]}, {"c0e0f039790532be2a456560f903f573": ["6", "com.duolingo.app.SignupActivity"]}, {"c0e0f039790532be2a456560f903f573": ["6", "com.duolingo.app.SignupActivity"]}, {"c0e0f039790532be2a456560f903f573": ["6", "com.duolingo.app.SignupActivity"]}, {"c0e0f039790532be2a456560f903f573": ["6", "com.duolingo.app.SignupActivity"]}, {"c0e0f039790532be2a456560f903f573": ["6", "com.duolingo.app.SignupActivity"]}, {"b3f343cc2ecc2569ced2a043a6d14d78": ["19", "com.duolingo.app.WelcomeFlowActivity"]}, {"b3f343cc2ecc2569ced2a043a6d14d78": ["19", "com.duolingo.app.WelcomeFlowActivity"]}, {"7d90f9f12158806e5a3c1bf861a68b87": ["32", "com.duolingo.app.PlacementTestExplainedActivity"]}, {"c971513ce2fab53ea39346df68506c69": ["96", "com.duolingo.app.HomeActivity"]}, {"b3f343cc2ecc2569ced2a043a6d14d78": ["19", "com.duolingo.app.WelcomeFlowActivity"]}, {"7d90f9f12158806e5a3c1bf861a68b87": ["32", "com.duolingo.app.PlacementTestExplainedActivity"]}, {"b3f343cc2ecc2569ced2a043a6d14d78": ["19", "com.duolingo.app.WelcomeFlowActivity"]}, {"b3f343cc2ecc2569ced2a043a6d14d78": ["19", "com.duolingo.app.WelcomeFlowActivity"]}, {"b3f343cc2ecc2569ced2a043a6d14d78": ["19", "com.duolingo.app.WelcomeFlowActivity"]}, {"b3f343cc2ecc2569ced2a043a6d14d78": ["19", "com.duolingo.app.WelcomeFlowActivity"]}, {"0d3b291622464a1f71d8520e96be43f6": ["5", "com.duolingo.app.WelcomeFlowActivity"]}, {"b3f343cc2ecc2569ced2a043a6d14d78": ["19", "com.duolingo.app.WelcomeFlowActivity"]}, {"b3f343cc2ecc2569ced2a043a6d14d78": ["19", "com.duolingo.app.WelcomeFlowActivity"]}, {"b3f343cc2ecc2569ced2a043a6d14d78": ["19", "com.duolingo.app.WelcomeFlowActivity"]}, {"0d3b291622464a1f71d8520e96be43f6": ["5", "com.duolingo.app.WelcomeFlowActivity"]}, {"b3f343cc2ecc2569ced2a043a6d14d78": ["19", "com.duolingo.app.WelcomeFlowActivity"]}, {"b3f343cc2ecc2569ced2a043a6d14d78": ["19", "com.duolingo.app.WelcomeFlowActivity"]}, {"0d3b291622464a1f71d8520e96be43f6": ["5", "com.duolingo.app.WelcomeFlowActivity"]}, {"4249d16327aec4b19a5e21ae0f5e8ccf": ["92", "com.duolingo.app.SignupActivity"]}, {"4249d16327aec4b19a5e21ae0f5e8ccf": ["92", "com.duolingo.app.SignupActivity"]}, {"4249d16327aec4b19a5e21ae0f5e8ccf": ["92", "com.duolingo.app.SignupActivity"]}, {"4249d16327aec4b19a5e21ae0f5e8ccf": ["92", "com.duolingo.app.SignupActivity"]}, {"4249d16327aec4b19a5e21ae0f5e8ccf": ["92", "com.duolingo.app.SignupActivity"]}, {"891be92a111cbe3c2aa982433084de07": ["112", "com.duolingo.app.SignupActivity"]}, {"891be92a111cbe3c2aa982433084de07": ["112", "com.duolingo.app.SignupActivity"]}, {"891be92a111cbe3c2aa982433084de07": ["112", "com.duolingo.app.SignupActivity"]}, {"891be92a111cbe3c2aa982433084de07": ["112", "com.duolingo.app.SignupActivity"]}, {"891be92a111cbe3c2aa982433084de07": ["112", "com.duolingo.app.SignupActivity"]}, {"891be92a111cbe3c2aa982433084de07": ["112", "com.duolingo.app.SignupActivity"]}, {"4249d16327aec4b19a5e21ae0f5e8ccf": ["92", "com.duolingo.app.SignupActivity"]}, {"b3f343cc2ecc2569ced2a043a6d14d78": ["19", "com.duolingo.app.WelcomeFlowActivity"]}, {"b3f343cc2ecc2569ced2a043a6d14d78": ["19", "com.duolingo.app.WelcomeFlowActivity"]}, {"b3f343cc2ecc2569ced2a043a6d14d78": ["19", "com.duolingo.app.WelcomeFlowActivity"]}, {"b3f343cc2ecc2569ced2a043a6d14d78": ["19", "com.duolingo.app.WelcomeFlowActivity"]}, {"b3f343cc2ecc2569ced2a043a6d14d78": ["19", "com.duolingo.app.WelcomeFlowActivity"]}, {"b3f343cc2ecc2569ced2a043a6d14d78": ["19", "com.duolingo.app.WelcomeFlowActivity"]}, {"0d3b291622464a1f71d8520e96be43f6": ["5", "com.duolingo.app.WelcomeFlowActivity"]}, {"b3f343cc2ecc2569ced2a043a6d14d78": ["19", "com.duolingo.app.WelcomeFlowActivity"]}, {"b3f343cc2ecc2569ced2a043a6d14d78": ["19", "com.duolingo.app.WelcomeFlowActivity"]}, {"b3f343cc2ecc2569ced2a043a6d14d78": ["19", "com.duolingo.app.WelcomeFlowActivity"]}, {"0d3b291622464a1f71d8520e96be43f6": ["5", "com.duolingo.app.WelcomeFlowActivity"]}, {"08f6eb40f3899164c8d6dedd9b2c74fb": ["105", "com.duolingo.app.SettingsActivity"]}, {"b3f343cc2ecc2569ced2a043a6d14d78": ["19", "com.duolingo.app.WelcomeFlowActivity"]}, {"b3f343cc2ecc2569ced2a043a6d14d78": ["19", "com.duolingo.app.WelcomeFlowActivity"]}, {"b3f343cc2ecc2569ced2a043a6d14d78": ["19", "com.duolingo.app.WelcomeFlowActivity"]}, {"b3f343cc2ecc2569ced2a043a6d14d78": ["19", "com.duolingo.app.WelcomeFlowActivity"]}, {"b3f343cc2ecc2569ced2a043a6d14d78": ["19", "com.duolingo.app.WelcomeFlowActivity"]}, {"0d3b291622464a1f71d8520e96be43f6": ["5", "com.duolingo.app.WelcomeFlowActivity"]}, {"0d3b291622464a1f71d8520e96be43f6": ["5", "com.duolingo.app.WelcomeFlowActivity"]}, {"4249d16327aec4b19a5e21ae0f5e8ccf": ["92", "com.duolingo.app.SignupActivity"]}, {"891be92a111cbe3c2aa982433084de07": ["112", "com.duolingo.app.SignupActivity"]}, {"891be92a111cbe3c2aa982433084de07": ["112", "com.duolingo.app.SignupActivity"]}, {"4249d16327aec4b19a5e21ae0f5e8ccf": ["92", "com.duolingo.app.SignupActivity"]}, {"b3f343cc2ecc2569ced2a043a6d14d78": ["19", "com.duolingo.app.WelcomeFlowActivity"]}, {"b3f343cc2ecc2569ced2a043a6d14d78": ["19", "com.duolingo.app.WelcomeFlowActivity"]}, {"b3f343cc2ecc2569ced2a043a6d14d78": ["19", "com.duolingo.app.WelcomeFlowActivity"]}, {"0d3b291622464a1f71d8520e96be43f6": ["5", "com.duolingo.app.WelcomeFlowActivity"]}, {"b3f343cc2ecc2569ced2a043a6d14d78": ["19", "com.duolingo.app.WelcomeFlowActivity"]}, {"b3f343cc2ecc2569ced2a043a6d14d78": ["19", "com.duolingo.app.WelcomeFlowActivity"]}, {"b3f343cc2ecc2569ced2a043a6d14d78": ["19", "com.duolingo.app.WelcomeFlowActivity"]}, {"b3f343cc2ecc2569ced2a043a6d14d78": ["19", "com.duolingo.app.WelcomeFlowActivity"]}, {"0d3b291622464a1f71d8520e96be43f6": ["5", "com.duolingo.app.WelcomeFlowActivity"]}, {"4249d16327aec4b19a5e21ae0f5e8ccf": ["92", "com.duolingo.app.SignupActivity"]}, {"4249d16327aec4b19a5e21ae0f5e8ccf": ["92", "com.duolingo.app.SignupActivity"]}, {"d8f02137ddd9dff6038c9327bb7453c1": ["7", "com.facebook.FacebookActivity"]}, {"4249d16327aec4b19a5e21ae0f5e8ccf": ["92", "com.duolingo.app.SignupActivity"]}, {"57f8c22990ee290eab64b28849390b45": ["128", "com.duolingo.app.WelcomeFlowActivity"]}, {"f324d90f7b1b9f13b967bff0accb7e1b": ["147", "com.duolingo.app.HomeActivity"]}, {"f324d90f7b1b9f13b967bff0accb7e1b": ["147", "com.duolingo.app.HomeActivity"]}, {"45f772c64a406b340fdc39b4de2f0515": ["91", "com.duolingo.app.HomeActivity"]}, {"4249d16327aec4b19a5e21ae0f5e8ccf": ["92", "com.duolingo.app.SignupActivity"]}, {"4249d16327aec4b19a5e21ae0f5e8ccf": ["92", "com.duolingo.app.SignupActivity"]}, {"4249d16327aec4b19a5e21ae0f5e8ccf": ["92", "com.duolingo.app.SignupActivity"]}, {"c971513ce2fab53ea39346df68506c69": ["96", "com.duolingo.app.HomeActivity"]}, {"b3f343cc2ecc2569ced2a043a6d14d78": ["19", "com.duolingo.app.WelcomeFlowActivity"]}, {"b3f343cc2ecc2569ced2a043a6d14d78": ["19", "com.duolingo.app.WelcomeFlowActivity"]}, {"b3f343cc2ecc2569ced2a043a6d14d78": ["19", "com.duolingo.app.WelcomeFlowActivity"]}, {"0d3b291622464a1f71d8520e96be43f6": ["5", "com.duolingo.app.WelcomeFlowActivity"]}, {"c0e0f039790532be2a456560f903f573": ["6", "com.duolingo.app.SignupActivity"]}, {"c0e0f039790532be2a456560f903f573": ["6", "com.duolingo.app.SignupActivity"]}, {"b3f343cc2ecc2569ced2a043a6d14d78": ["19", "com.duolingo.app.WelcomeFlowActivity"]}, {"b3f343cc2ecc2569ced2a043a6d14d78": ["19", "com.duolingo.app.WelcomeFlowActivity"]}, {"0d3b291622464a1f71d8520e96be43f6": ["5", "com.duolingo.app.WelcomeFlowActivity"]}, {"4249d16327aec4b19a5e21ae0f5e8ccf": ["92", "com.duolingo.app.SignupActivity"]}, {"4249d16327aec4b19a5e21ae0f5e8ccf": ["92", "com.duolingo.app.SignupActivity"]}, {"b3f343cc2ecc2569ced2a043a6d14d78": ["19", "com.duolingo.app.WelcomeFlowActivity"]}, {"b3f343cc2ecc2569ced2a043a6d14d78": ["19", "com.duolingo.app.WelcomeFlowActivity"]}, {"0d3b291622464a1f71d8520e96be43f6": ["5", "com.duolingo.app.WelcomeFlowActivity"]}, {"b3f343cc2ecc2569ced2a043a6d14d78": ["19", "com.duolingo.app.WelcomeFlowActivity"]}, {"b3f343cc2ecc2569ced2a043a6d14d78": ["19", "com.duolingo.app.WelcomeFlowActivity"]}, {"0d3b291622464a1f71d8520e96be43f6": ["5", "com.duolingo.app.WelcomeFlowActivity"]}, {"4249d16327aec4b19a5e21ae0f5e8ccf": ["92", "com.duolingo.app.SignupActivity"]}, {"891be92a111cbe3c2aa982433084de07": ["112", "com.duolingo.app.SignupActivity"]}, {"4249d16327aec4b19a5e21ae0f5e8ccf": ["92", "com.duolingo.app.SignupActivity"]}, {"4249d16327aec4b19a5e21ae0f5e8ccf": ["92", "com.duolingo.app.SignupActivity"]}, {"4249d16327aec4b19a5e21ae0f5e8ccf": ["92", "com.duolingo.app.SignupActivity"]}, {"4249d16327aec4b19a5e21ae0f5e8ccf": ["92", "com.duolingo.app.SignupActivity"]}, {"4249d16327aec4b19a5e21ae0f5e8ccf": ["92", "com.duolingo.app.SignupActivity"]}, {"4249d16327aec4b19a5e21ae0f5e8ccf": ["92", "com.duolingo.app.SignupActivity"]}, {"4249d16327aec4b19a5e21ae0f5e8ccf": ["92", "com.duolingo.app.SignupActivity"]}, {"4249d16327aec4b19a5e21ae0f5e8ccf": ["92", "com.duolingo.app.SignupActivity"]}, {"4249d16327aec4b19a5e21ae0f5e8ccf": ["92", "com.duolingo.app.SignupActivity"]}, {"4249d16327aec4b19a5e21ae0f5e8ccf": ["92", "com.duolingo.app.SignupActivity"]}, {"4249d16327aec4b19a5e21ae0f5e8ccf": ["92", "com.duolingo.app.SignupActivity"]}, {"4249d16327aec4b19a5e21ae0f5e8ccf": ["92", "com.duolingo.app.SignupActivity"]}, {"4249d16327aec4b19a5e21ae0f5e8ccf": ["92", "com.duolingo.app.SignupActivity"]}, {"4249d16327aec4b19a5e21ae0f5e8ccf": ["92", "com.duolingo.app.SignupActivity"]}, {"b3f343cc2ecc2569ced2a043a6d14d78": ["19", "com.duolingo.app.WelcomeFlowActivity"]}, {"b3f343cc2ecc2569ced2a043a6d14d78": ["19", "com.duolingo.app.WelcomeFlowActivity"]}, {"b3f343cc2ecc2569ced2a043a6d14d78": ["19", "com.duolingo.app.WelcomeFlowActivity"]}, {"0d3b291622464a1f71d8520e96be43f6": ["5", "com.duolingo.app.WelcomeFlowActivity"]}, {"5907478f6c9339cf07aeb1a72290387e": ["106", "com.duolingo.app.SettingsActivity"]}, {"5907478f6c9339cf07aeb1a72290387e": ["106", "com.duolingo.app.SettingsActivity"]}, {"5907478f6c9339cf07aeb1a72290387e": ["106", "com.duolingo.app.SettingsActivity"]}, {"08f6eb40f3899164c8d6dedd9b2c74fb": ["105", "com.duolingo.app.SettingsActivity"]}, {"b3f343cc2ecc2569ced2a043a6d14d78": ["19", "com.duolingo.app.WelcomeFlowActivity"]}, {"b3f343cc2ecc2569ced2a043a6d14d78": ["19", "com.duolingo.app.WelcomeFlowActivity"]}, {"b3f343cc2ecc2569ced2a043a6d14d78": ["19", "com.duolingo.app.WelcomeFlowActivity"]}, {"0d3b291622464a1f71d8520e96be43f6": ["5", "com.duolingo.app.WelcomeFlowActivity"]}, {"08f6eb40f3899164c8d6dedd9b2c74fb": ["105", "com.duolingo.app.SettingsActivity"]}, {"08f6eb40f3899164c8d6dedd9b2c74fb": ["105", "com.duolingo.app.SettingsActivity"]}]