[{"ea871f741f16b152f32ee0c13c2b28bd": ["0", "com.photo.collage.musically.grid.picartcollage.MainCollageActivity"]}, {"ea871f741f16b152f32ee0c13c2b28bd": ["0", "com.photo.collage.musically.grid.picartcollage.MainCollageActivity"]}, {"51b18cacd5a69765b4cdc0833a44890b": ["1", "com.photo.collage.musically.grid.picartcollage.MainCollageActivity"]}, {"ea871f741f16b152f32ee0c13c2b28bd": ["0", "com.photo.collage.musically.grid.picartcollage.MainCollageActivity"]}, {"51b18cacd5a69765b4cdc0833a44890b": ["1", "com.photo.collage.musically.grid.picartcollage.MainCollageActivity"]}, {"f1c1e9bac667ddd60db5c7b52a03f0ac": ["5", "com.photo.collage.musically.grid.picartcollage.MainCollageActivity"]}, {"ea871f741f16b152f32ee0c13c2b28bd": ["0", "com.photo.collage.musically.grid.picartcollage.MainCollageActivity"]}, {"51b18cacd5a69765b4cdc0833a44890b": ["1", "com.photo.collage.musically.grid.picartcollage.MainCollageActivity"]}, {"51b18cacd5a69765b4cdc0833a44890b": ["1", "com.photo.collage.musically.grid.picartcollage.MainCollageActivity"]}, {"51b18cacd5a69765b4cdc0833a44890b": ["1", "com.photo.collage.musically.grid.picartcollage.MainCollageActivity"]}, {"44833b33d0860fc40f2a89a7fa7815bc": ["3", "com.photo.collage.musically.grid.picartcollage.MainCollageActivity"]}, {"d73776326ced7f1ef42c44385addb4fd": ["2", "com.photo.collage.musically.grid.picartcollage.MainCollageActivity"]}, {"ea871f741f16b152f32ee0c13c2b28bd": ["0", "com.photo.collage.musically.grid.picartcollage.MainCollageActivity"]}, {"d73776326ced7f1ef42c44385addb4fd": ["2", "com.photo.collage.musically.grid.picartcollage.MainCollageActivity"]}, {"44833b33d0860fc40f2a89a7fa7815bc": ["3", "com.photo.collage.musically.grid.picartcollage.MainCollageActivity"]}, {"51b18cacd5a69765b4cdc0833a44890b": ["1", "com.photo.collage.musically.grid.picartcollage.MainCollageActivity"]}, {"d73776326ced7f1ef42c44385addb4fd": ["2", "com.photo.collage.musically.grid.picartcollage.MainCollageActivity"]}, {"d73776326ced7f1ef42c44385addb4fd": ["2", "com.photo.collage.musically.grid.picartcollage.MainCollageActivity"]}, {"5757501397921f0533850b0630f2b088": ["6", "com.photo.collage.musically.grid.picartcollage.MainCollageActivity"]}, {"d73776326ced7f1ef42c44385addb4fd": ["2", "com.photo.collage.musically.grid.picartcollage.MainCollageActivity"]}, {"d73776326ced7f1ef42c44385addb4fd": ["2", "com.photo.collage.musically.grid.picartcollage.MainCollageActivity"]}, {"44833b33d0860fc40f2a89a7fa7815bc": ["3", "com.photo.collage.musically.grid.picartcollage.MainCollageActivity"]}, {"f30da958d138d266267fcef8c3237a00": ["4", "com.photo.collage.musically.grid.picartcollage.MainCollageActivity"]}, {"f30da958d138d266267fcef8c3237a00": ["4", "com.photo.collage.musically.grid.picartcollage.MainCollageActivity"]}, {"44833b33d0860fc40f2a89a7fa7815bc": ["3", "com.photo.collage.musically.grid.picartcollage.MainCollageActivity"]}, {"d73776326ced7f1ef42c44385addb4fd": ["2", "com.photo.collage.musically.grid.picartcollage.MainCollageActivity"]}, {"5757501397921f0533850b0630f2b088": ["6", "com.photo.collage.musically.grid.picartcollage.MainCollageActivity"]}, {"5757501397921f0533850b0630f2b088": ["6", "com.photo.collage.musically.grid.picartcollage.MainCollageActivity"]}, {"f30da958d138d266267fcef8c3237a00": ["4", "com.photo.collage.musically.grid.picartcollage.MainCollageActivity"]}, {"f30da958d138d266267fcef8c3237a00": ["4", "com.photo.collage.musically.grid.picartcollage.MainCollageActivity"]}, {"44833b33d0860fc40f2a89a7fa7815bc": ["3", "com.photo.collage.musically.grid.picartcollage.MainCollageActivity"]}, {"44833b33d0860fc40f2a89a7fa7815bc": ["3", "com.photo.collage.musically.grid.picartcollage.MainCollageActivity"]}, {"44833b33d0860fc40f2a89a7fa7815bc": ["3", "com.photo.collage.musically.grid.picartcollage.MainCollageActivity"]}, {"51b18cacd5a69765b4cdc0833a44890b": ["1", "com.photo.collage.musically.grid.picartcollage.MainCollageActivity"]}, {"ea871f741f16b152f32ee0c13c2b28bd": ["0", "com.photo.collage.musically.grid.picartcollage.MainCollageActivity"]}, {"d73776326ced7f1ef42c44385addb4fd": ["2", "com.photo.collage.musically.grid.picartcollage.MainCollageActivity"]}, {"d73776326ced7f1ef42c44385addb4fd": ["2", "com.photo.collage.musically.grid.picartcollage.MainCollageActivity"]}, {"d73776326ced7f1ef42c44385addb4fd": ["2", "com.photo.collage.musically.grid.picartcollage.MainCollageActivity"]}, {"d73776326ced7f1ef42c44385addb4fd": ["2", "com.photo.collage.musically.grid.picartcollage.MainCollageActivity"]}, {"ea871f741f16b152f32ee0c13c2b28bd": ["0", "com.photo.collage.musically.grid.picartcollage.MainCollageActivity"]}, {"ea871f741f16b152f32ee0c13c2b28bd": ["0", "com.photo.collage.musically.grid.picartcollage.MainCollageActivity"]}, {"51b18cacd5a69765b4cdc0833a44890b": ["1", "com.photo.collage.musically.grid.picartcollage.MainCollageActivity"]}, {"51b18cacd5a69765b4cdc0833a44890b": ["1", "com.photo.collage.musically.grid.picartcollage.MainCollageActivity"]}, {"51b18cacd5a69765b4cdc0833a44890b": ["1", "com.photo.collage.musically.grid.picartcollage.MainCollageActivity"]}, {"51b18cacd5a69765b4cdc0833a44890b": ["1", "com.photo.collage.musically.grid.picartcollage.MainCollageActivity"]}, {"d73776326ced7f1ef42c44385addb4fd": ["2", "com.photo.collage.musically.grid.picartcollage.MainCollageActivity"]}, {"d73776326ced7f1ef42c44385addb4fd": ["2", "com.photo.collage.musically.grid.picartcollage.MainCollageActivity"]}, {"ea871f741f16b152f32ee0c13c2b28bd": ["0", "com.photo.collage.musically.grid.picartcollage.MainCollageActivity"]}, {"ea871f741f16b152f32ee0c13c2b28bd": ["0", "com.photo.collage.musically.grid.picartcollage.MainCollageActivity"]}, {"d73776326ced7f1ef42c44385addb4fd": ["2", "com.photo.collage.musically.grid.picartcollage.MainCollageActivity"]}, {"44833b33d0860fc40f2a89a7fa7815bc": ["3", "com.photo.collage.musically.grid.picartcollage.MainCollageActivity"]}, {"ea871f741f16b152f32ee0c13c2b28bd": ["0", "com.photo.collage.musically.grid.picartcollage.MainCollageActivity"]}, {"f07258394d65dbe765574afea7230041": ["7", "com.photo.collage.musically.grid.picartcollage.MainCollageActivity"]}, {"f07258394d65dbe765574afea7230041": ["7", "com.photo.collage.musically.grid.picartcollage.MainCollageActivity"]}, {"f1c1e9bac667ddd60db5c7b52a03f0ac": ["5", "com.photo.collage.musically.grid.picartcollage.MainCollageActivity"]}, {"f1c1e9bac667ddd60db5c7b52a03f0ac": ["5", "com.photo.collage.musically.grid.picartcollage.MainCollageActivity"]}, {"ea871f741f16b152f32ee0c13c2b28bd": ["0", "com.photo.collage.musically.grid.picartcollage.MainCollageActivity"]}, {"51b18cacd5a69765b4cdc0833a44890b": ["1", "com.photo.collage.musically.grid.picartcollage.MainCollageActivity"]}, {"51b18cacd5a69765b4cdc0833a44890b": ["1", "com.photo.collage.musically.grid.picartcollage.MainCollageActivity"]}, {"51b18cacd5a69765b4cdc0833a44890b": ["1", "com.photo.collage.musically.grid.picartcollage.MainCollageActivity"]}, {"51b18cacd5a69765b4cdc0833a44890b": ["1", "com.photo.collage.musically.grid.picartcollage.MainCollageActivity"]}, {"ea871f741f16b152f32ee0c13c2b28bd": ["0", "com.photo.collage.musically.grid.picartcollage.MainCollageActivity"]}, {"f07258394d65dbe765574afea7230041": ["7", "com.photo.collage.musically.grid.picartcollage.MainCollageActivity"]}, {"ea871f741f16b152f32ee0c13c2b28bd": ["0", "com.photo.collage.musically.grid.picartcollage.MainCollageActivity"]}, {"f07258394d65dbe765574afea7230041": ["7", "com.photo.collage.musically.grid.picartcollage.MainCollageActivity"]}, {"ea871f741f16b152f32ee0c13c2b28bd": ["0", "com.photo.collage.musically.grid.picartcollage.MainCollageActivity"]}, {"51b18cacd5a69765b4cdc0833a44890b": ["1", "com.photo.collage.musically.grid.picartcollage.MainCollageActivity"]}, {"51b18cacd5a69765b4cdc0833a44890b": ["1", "com.photo.collage.musically.grid.picartcollage.MainCollageActivity"]}, {"51b18cacd5a69765b4cdc0833a44890b": ["1", "com.photo.collage.musically.grid.picartcollage.MainCollageActivity"]}, {"51b18cacd5a69765b4cdc0833a44890b": ["1", "com.photo.collage.musically.grid.picartcollage.MainCollageActivity"]}, {"51b18cacd5a69765b4cdc0833a44890b": ["1", "com.photo.collage.musically.grid.picartcollage.MainCollageActivity"]}, {"ea871f741f16b152f32ee0c13c2b28bd": ["0", "com.photo.collage.musically.grid.picartcollage.MainCollageActivity"]}, {"f07258394d65dbe765574afea7230041": ["7", "com.photo.collage.musically.grid.picartcollage.MainCollageActivity"]}, {"f07258394d65dbe765574afea7230041": ["7", "com.photo.collage.musically.grid.picartcollage.MainCollageActivity"]}, {"ea871f741f16b152f32ee0c13c2b28bd": ["0", "com.photo.collage.musically.grid.picartcollage.MainCollageActivity"]}, {"d73776326ced7f1ef42c44385addb4fd": ["2", "com.photo.collage.musically.grid.picartcollage.MainCollageActivity"]}, {"ea871f741f16b152f32ee0c13c2b28bd": ["0", "com.photo.collage.musically.grid.picartcollage.MainCollageActivity"]}, {"ea871f741f16b152f32ee0c13c2b28bd": ["0", "com.photo.collage.musically.grid.picartcollage.MainCollageActivity"]}, {"51b18cacd5a69765b4cdc0833a44890b": ["1", "com.photo.collage.musically.grid.picartcollage.MainCollageActivity"]}, {"51b18cacd5a69765b4cdc0833a44890b": ["1", "com.photo.collage.musically.grid.picartcollage.MainCollageActivity"]}, {"51b18cacd5a69765b4cdc0833a44890b": ["1", "com.photo.collage.musically.grid.picartcollage.MainCollageActivity"]}, {"ea871f741f16b152f32ee0c13c2b28bd": ["0", "com.photo.collage.musically.grid.picartcollage.MainCollageActivity"]}, {"51b18cacd5a69765b4cdc0833a44890b": ["1", "com.photo.collage.musically.grid.picartcollage.MainCollageActivity"]}, {"51b18cacd5a69765b4cdc0833a44890b": ["1", "com.photo.collage.musically.grid.picartcollage.MainCollageActivity"]}, {"44833b33d0860fc40f2a89a7fa7815bc": ["3", "com.photo.collage.musically.grid.picartcollage.MainCollageActivity"]}, {"44833b33d0860fc40f2a89a7fa7815bc": ["3", "com.photo.collage.musically.grid.picartcollage.MainCollageActivity"]}, {"d73776326ced7f1ef42c44385addb4fd": ["2", "com.photo.collage.musically.grid.picartcollage.MainCollageActivity"]}, {"44833b33d0860fc40f2a89a7fa7815bc": ["3", "com.photo.collage.musically.grid.picartcollage.MainCollageActivity"]}, {"44833b33d0860fc40f2a89a7fa7815bc": ["3", "com.photo.collage.musically.grid.picartcollage.MainCollageActivity"]}, {"d73776326ced7f1ef42c44385addb4fd": ["2", "com.photo.collage.musically.grid.picartcollage.MainCollageActivity"]}, {"d73776326ced7f1ef42c44385addb4fd": ["2", "com.photo.collage.musically.grid.picartcollage.MainCollageActivity"]}, {"44833b33d0860fc40f2a89a7fa7815bc": ["3", "com.photo.collage.musically.grid.picartcollage.MainCollageActivity"]}, {"51b18cacd5a69765b4cdc0833a44890b": ["1", "com.photo.collage.musically.grid.picartcollage.MainCollageActivity"]}, {"44833b33d0860fc40f2a89a7fa7815bc": ["3", "com.photo.collage.musically.grid.picartcollage.MainCollageActivity"]}, {"44833b33d0860fc40f2a89a7fa7815bc": ["3", "com.photo.collage.musically.grid.picartcollage.MainCollageActivity"]}, {"44833b33d0860fc40f2a89a7fa7815bc": ["3", "com.photo.collage.musically.grid.picartcollage.MainCollageActivity"]}, {"44833b33d0860fc40f2a89a7fa7815bc": ["3", "com.photo.collage.musically.grid.picartcollage.MainCollageActivity"]}, {"44833b33d0860fc40f2a89a7fa7815bc": ["3", "com.photo.collage.musically.grid.picartcollage.MainCollageActivity"]}, {"d73776326ced7f1ef42c44385addb4fd": ["2", "com.photo.collage.musically.grid.picartcollage.MainCollageActivity"]}, {"ea871f741f16b152f32ee0c13c2b28bd": ["0", "com.photo.collage.musically.grid.picartcollage.MainCollageActivity"]}, {"ea871f741f16b152f32ee0c13c2b28bd": ["0", "com.photo.collage.musically.grid.picartcollage.MainCollageActivity"]}, {"f07258394d65dbe765574afea7230041": ["7", "com.photo.collage.musically.grid.picartcollage.MainCollageActivity"]}, {"51b18cacd5a69765b4cdc0833a44890b": ["1", "com.photo.collage.musically.grid.picartcollage.MainCollageActivity"]}, {"51b18cacd5a69765b4cdc0833a44890b": ["1", "com.photo.collage.musically.grid.picartcollage.MainCollageActivity"]}, {"ea871f741f16b152f32ee0c13c2b28bd": ["0", "com.photo.collage.musically.grid.picartcollage.MainCollageActivity"]}, {"f07258394d65dbe765574afea7230041": ["7", "com.photo.collage.musically.grid.picartcollage.MainCollageActivity"]}, {"f1c1e9bac667ddd60db5c7b52a03f0ac": ["5", "com.photo.collage.musically.grid.picartcollage.MainCollageActivity"]}, {"f1c1e9bac667ddd60db5c7b52a03f0ac": ["5", "com.photo.collage.musically.grid.picartcollage.MainCollageActivity"]}, {"51b18cacd5a69765b4cdc0833a44890b": ["1", "com.photo.collage.musically.grid.picartcollage.MainCollageActivity"]}, {"ea871f741f16b152f32ee0c13c2b28bd": ["0", "com.photo.collage.musically.grid.picartcollage.MainCollageActivity"]}, {"51b18cacd5a69765b4cdc0833a44890b": ["1", "com.photo.collage.musically.grid.picartcollage.MainCollageActivity"]}, {"51b18cacd5a69765b4cdc0833a44890b": ["1", "com.photo.collage.musically.grid.picartcollage.MainCollageActivity"]}, {"44833b33d0860fc40f2a89a7fa7815bc": ["3", "com.photo.collage.musically.grid.picartcollage.MainCollageActivity"]}, {"ea871f741f16b152f32ee0c13c2b28bd": ["0", "com.photo.collage.musically.grid.picartcollage.MainCollageActivity"]}, {"51b18cacd5a69765b4cdc0833a44890b": ["1", "com.photo.collage.musically.grid.picartcollage.MainCollageActivity"]}, {"51b18cacd5a69765b4cdc0833a44890b": ["1", "com.photo.collage.musically.grid.picartcollage.MainCollageActivity"]}, {"51b18cacd5a69765b4cdc0833a44890b": ["1", "com.photo.collage.musically.grid.picartcollage.MainCollageActivity"]}, {"51b18cacd5a69765b4cdc0833a44890b": ["1", "com.photo.collage.musically.grid.picartcollage.MainCollageActivity"]}, {"f1c1e9bac667ddd60db5c7b52a03f0ac": ["5", "com.photo.collage.musically.grid.picartcollage.MainCollageActivity"]}, {"f07258394d65dbe765574afea7230041": ["7", "com.photo.collage.musically.grid.picartcollage.MainCollageActivity"]}, {"f1c1e9bac667ddd60db5c7b52a03f0ac": ["5", "com.photo.collage.musically.grid.picartcollage.MainCollageActivity"]}, {"51b18cacd5a69765b4cdc0833a44890b": ["1", "com.photo.collage.musically.grid.picartcollage.MainCollageActivity"]}, {"51b18cacd5a69765b4cdc0833a44890b": ["1", "com.photo.collage.musically.grid.picartcollage.MainCollageActivity"]}, {"44833b33d0860fc40f2a89a7fa7815bc": ["3", "com.photo.collage.musically.grid.picartcollage.MainCollageActivity"]}, {"44833b33d0860fc40f2a89a7fa7815bc": ["3", "com.photo.collage.musically.grid.picartcollage.MainCollageActivity"]}, {"f30da958d138d266267fcef8c3237a00": ["4", "com.photo.collage.musically.grid.picartcollage.MainCollageActivity"]}, {"44833b33d0860fc40f2a89a7fa7815bc": ["3", "com.photo.collage.musically.grid.picartcollage.MainCollageActivity"]}, {"44833b33d0860fc40f2a89a7fa7815bc": ["3", "com.photo.collage.musically.grid.picartcollage.MainCollageActivity"]}, {"d73776326ced7f1ef42c44385addb4fd": ["2", "com.photo.collage.musically.grid.picartcollage.MainCollageActivity"]}, {"5757501397921f0533850b0630f2b088": ["6", "com.photo.collage.musically.grid.picartcollage.MainCollageActivity"]}, {"d73776326ced7f1ef42c44385addb4fd": ["2", "com.photo.collage.musically.grid.picartcollage.MainCollageActivity"]}, {"d73776326ced7f1ef42c44385addb4fd": ["2", "com.photo.collage.musically.grid.picartcollage.MainCollageActivity"]}, {"44833b33d0860fc40f2a89a7fa7815bc": ["3", "com.photo.collage.musically.grid.picartcollage.MainCollageActivity"]}, {"44833b33d0860fc40f2a89a7fa7815bc": ["3", "com.photo.collage.musically.grid.picartcollage.MainCollageActivity"]}, {"f30da958d138d266267fcef8c3237a00": ["4", "com.photo.collage.musically.grid.picartcollage.MainCollageActivity"]}, {"ea871f741f16b152f32ee0c13c2b28bd": ["0", "com.photo.collage.musically.grid.picartcollage.MainCollageActivity"]}, {"ea871f741f16b152f32ee0c13c2b28bd": ["0", "com.photo.collage.musically.grid.picartcollage.MainCollageActivity"]}, {"f07258394d65dbe765574afea7230041": ["7", "com.photo.collage.musically.grid.picartcollage.MainCollageActivity"]}, {"f07258394d65dbe765574afea7230041": ["7", "com.photo.collage.musically.grid.picartcollage.MainCollageActivity"]}, {"f1c1e9bac667ddd60db5c7b52a03f0ac": ["5", "com.photo.collage.musically.grid.picartcollage.MainCollageActivity"]}, {"ea871f741f16b152f32ee0c13c2b28bd": ["0", "com.photo.collage.musically.grid.picartcollage.MainCollageActivity"]}, {"51b18cacd5a69765b4cdc0833a44890b": ["1", "com.photo.collage.musically.grid.picartcollage.MainCollageActivity"]}, {"51b18cacd5a69765b4cdc0833a44890b": ["1", "com.photo.collage.musically.grid.picartcollage.MainCollageActivity"]}, {"51b18cacd5a69765b4cdc0833a44890b": ["1", "com.photo.collage.musically.grid.picartcollage.MainCollageActivity"]}, {"f1c1e9bac667ddd60db5c7b52a03f0ac": ["5", "com.photo.collage.musically.grid.picartcollage.MainCollageActivity"]}, {"f30da958d138d266267fcef8c3237a00": ["4", "com.photo.collage.musically.grid.picartcollage.MainCollageActivity"]}, {"44833b33d0860fc40f2a89a7fa7815bc": ["3", "com.photo.collage.musically.grid.picartcollage.MainCollageActivity"]}, {"44833b33d0860fc40f2a89a7fa7815bc": ["3", "com.photo.collage.musically.grid.picartcollage.MainCollageActivity"]}, {"44833b33d0860fc40f2a89a7fa7815bc": ["3", "com.photo.collage.musically.grid.picartcollage.MainCollageActivity"]}, {"44833b33d0860fc40f2a89a7fa7815bc": ["3", "com.photo.collage.musically.grid.picartcollage.MainCollageActivity"]}, {"51b18cacd5a69765b4cdc0833a44890b": ["1", "com.photo.collage.musically.grid.picartcollage.MainCollageActivity"]}, {"51b18cacd5a69765b4cdc0833a44890b": ["1", "com.photo.collage.musically.grid.picartcollage.MainCollageActivity"]}, {"51b18cacd5a69765b4cdc0833a44890b": ["1", "com.photo.collage.musically.grid.picartcollage.MainCollageActivity"]}, {"51b18cacd5a69765b4cdc0833a44890b": ["1", "com.photo.collage.musically.grid.picartcollage.MainCollageActivity"]}, {"51b18cacd5a69765b4cdc0833a44890b": ["1", "com.photo.collage.musically.grid.picartcollage.MainCollageActivity"]}, {"f1c1e9bac667ddd60db5c7b52a03f0ac": ["5", "com.photo.collage.musically.grid.picartcollage.MainCollageActivity"]}, {"51b18cacd5a69765b4cdc0833a44890b": ["1", "com.photo.collage.musically.grid.picartcollage.MainCollageActivity"]}, {"f1c1e9bac667ddd60db5c7b52a03f0ac": ["5", "com.photo.collage.musically.grid.picartcollage.MainCollageActivity"]}, {"51b18cacd5a69765b4cdc0833a44890b": ["1", "com.photo.collage.musically.grid.picartcollage.MainCollageActivity"]}, {"ea871f741f16b152f32ee0c13c2b28bd": ["0", "com.photo.collage.musically.grid.picartcollage.MainCollageActivity"]}, {"51b18cacd5a69765b4cdc0833a44890b": ["1", "com.photo.collage.musically.grid.picartcollage.MainCollageActivity"]}, {"51b18cacd5a69765b4cdc0833a44890b": ["1", "com.photo.collage.musically.grid.picartcollage.MainCollageActivity"]}, {"51b18cacd5a69765b4cdc0833a44890b": ["1", "com.photo.collage.musically.grid.picartcollage.MainCollageActivity"]}, {"51b18cacd5a69765b4cdc0833a44890b": ["1", "com.photo.collage.musically.grid.picartcollage.MainCollageActivity"]}, {"51b18cacd5a69765b4cdc0833a44890b": ["1", "com.photo.collage.musically.grid.picartcollage.MainCollageActivity"]}, {"51b18cacd5a69765b4cdc0833a44890b": ["1", "com.photo.collage.musically.grid.picartcollage.MainCollageActivity"]}, {"51b18cacd5a69765b4cdc0833a44890b": ["1", "com.photo.collage.musically.grid.picartcollage.MainCollageActivity"]}, {"51b18cacd5a69765b4cdc0833a44890b": ["1", "com.photo.collage.musically.grid.picartcollage.MainCollageActivity"]}, {"51b18cacd5a69765b4cdc0833a44890b": ["1", "com.photo.collage.musically.grid.picartcollage.MainCollageActivity"]}, {"51b18cacd5a69765b4cdc0833a44890b": ["1", "com.photo.collage.musically.grid.picartcollage.MainCollageActivity"]}, {"f1c1e9bac667ddd60db5c7b52a03f0ac": ["5", "com.photo.collage.musically.grid.picartcollage.MainCollageActivity"]}, {"f1c1e9bac667ddd60db5c7b52a03f0ac": ["5", "com.photo.collage.musically.grid.picartcollage.MainCollageActivity"]}, {"f1c1e9bac667ddd60db5c7b52a03f0ac": ["5", "com.photo.collage.musically.grid.picartcollage.MainCollageActivity"]}, {"f1c1e9bac667ddd60db5c7b52a03f0ac": ["5", "com.photo.collage.musically.grid.picartcollage.MainCollageActivity"]}, {"f1c1e9bac667ddd60db5c7b52a03f0ac": ["5", "com.photo.collage.musically.grid.picartcollage.MainCollageActivity"]}, {"f1c1e9bac667ddd60db5c7b52a03f0ac": ["5", "com.photo.collage.musically.grid.picartcollage.MainCollageActivity"]}, {"51b18cacd5a69765b4cdc0833a44890b": ["1", "com.photo.collage.musically.grid.picartcollage.MainCollageActivity"]}, {"51b18cacd5a69765b4cdc0833a44890b": ["1", "com.photo.collage.musically.grid.picartcollage.MainCollageActivity"]}, {"51b18cacd5a69765b4cdc0833a44890b": ["1", "com.photo.collage.musically.grid.picartcollage.MainCollageActivity"]}, {"51b18cacd5a69765b4cdc0833a44890b": ["1", "com.photo.collage.musically.grid.picartcollage.MainCollageActivity"]}, {"ea871f741f16b152f32ee0c13c2b28bd": ["0", "com.photo.collage.musically.grid.picartcollage.MainCollageActivity"]}, {"ea871f741f16b152f32ee0c13c2b28bd": ["0", "com.photo.collage.musically.grid.picartcollage.MainCollageActivity"]}, {"51b18cacd5a69765b4cdc0833a44890b": ["1", "com.photo.collage.musically.grid.picartcollage.MainCollageActivity"]}, {"51b18cacd5a69765b4cdc0833a44890b": ["1", "com.photo.collage.musically.grid.picartcollage.MainCollageActivity"]}, {"51b18cacd5a69765b4cdc0833a44890b": ["1", "com.photo.collage.musically.grid.picartcollage.MainCollageActivity"]}, {"51b18cacd5a69765b4cdc0833a44890b": ["1", "com.photo.collage.musically.grid.picartcollage.MainCollageActivity"]}, {"51b18cacd5a69765b4cdc0833a44890b": ["1", "com.photo.collage.musically.grid.picartcollage.MainCollageActivity"]}, {"ea871f741f16b152f32ee0c13c2b28bd": ["0", "com.photo.collage.musically.grid.picartcollage.MainCollageActivity"]}, {"d73776326ced7f1ef42c44385addb4fd": ["2", "com.photo.collage.musically.grid.picartcollage.MainCollageActivity"]}, {"5757501397921f0533850b0630f2b088": ["6", "com.photo.collage.musically.grid.picartcollage.MainCollageActivity"]}, {"d73776326ced7f1ef42c44385addb4fd": ["2", "com.photo.collage.musically.grid.picartcollage.MainCollageActivity"]}, {"ea871f741f16b152f32ee0c13c2b28bd": ["0", "com.photo.collage.musically.grid.picartcollage.MainCollageActivity"]}, {"ea871f741f16b152f32ee0c13c2b28bd": ["0", "com.photo.collage.musically.grid.picartcollage.MainCollageActivity"]}, {"d73776326ced7f1ef42c44385addb4fd": ["2", "com.photo.collage.musically.grid.picartcollage.MainCollageActivity"]}, {"5757501397921f0533850b0630f2b088": ["6", "com.photo.collage.musically.grid.picartcollage.MainCollageActivity"]}, {"d73776326ced7f1ef42c44385addb4fd": ["2", "com.photo.collage.musically.grid.picartcollage.MainCollageActivity"]}, {"44833b33d0860fc40f2a89a7fa7815bc": ["3", "com.photo.collage.musically.grid.picartcollage.MainCollageActivity"]}, {"44833b33d0860fc40f2a89a7fa7815bc": ["3", "com.photo.collage.musically.grid.picartcollage.MainCollageActivity"]}, {"44833b33d0860fc40f2a89a7fa7815bc": ["3", "com.photo.collage.musically.grid.picartcollage.MainCollageActivity"]}, {"f30da958d138d266267fcef8c3237a00": ["4", "com.photo.collage.musically.grid.picartcollage.MainCollageActivity"]}, {"f30da958d138d266267fcef8c3237a00": ["4", "com.photo.collage.musically.grid.picartcollage.MainCollageActivity"]}, {"f30da958d138d266267fcef8c3237a00": ["4", "com.photo.collage.musically.grid.picartcollage.MainCollageActivity"]}, {"f30da958d138d266267fcef8c3237a00": ["4", "com.photo.collage.musically.grid.picartcollage.MainCollageActivity"]}, {"5757501397921f0533850b0630f2b088": ["6", "com.photo.collage.musically.grid.picartcollage.MainCollageActivity"]}, {"5757501397921f0533850b0630f2b088": ["6", "com.photo.collage.musically.grid.picartcollage.MainCollageActivity"]}, {"f30da958d138d266267fcef8c3237a00": ["4", "com.photo.collage.musically.grid.picartcollage.MainCollageActivity"]}, {"44833b33d0860fc40f2a89a7fa7815bc": ["3", "com.photo.collage.musically.grid.picartcollage.MainCollageActivity"]}, {"d73776326ced7f1ef42c44385addb4fd": ["2", "com.photo.collage.musically.grid.picartcollage.MainCollageActivity"]}, {"5757501397921f0533850b0630f2b088": ["6", "com.photo.collage.musically.grid.picartcollage.MainCollageActivity"]}, {"f30da958d138d266267fcef8c3237a00": ["4", "com.photo.collage.musically.grid.picartcollage.MainCollageActivity"]}, {"f30da958d138d266267fcef8c3237a00": ["4", "com.photo.collage.musically.grid.picartcollage.MainCollageActivity"]}, {"f30da958d138d266267fcef8c3237a00": ["4", "com.photo.collage.musically.grid.picartcollage.MainCollageActivity"]}, {"44833b33d0860fc40f2a89a7fa7815bc": ["3", "com.photo.collage.musically.grid.picartcollage.MainCollageActivity"]}, {"d73776326ced7f1ef42c44385addb4fd": ["2", "com.photo.collage.musically.grid.picartcollage.MainCollageActivity"]}, {"d73776326ced7f1ef42c44385addb4fd": ["2", "com.photo.collage.musically.grid.picartcollage.MainCollageActivity"]}, {"5757501397921f0533850b0630f2b088": ["6", "com.photo.collage.musically.grid.picartcollage.MainCollageActivity"]}, {"d73776326ced7f1ef42c44385addb4fd": ["2", "com.photo.collage.musically.grid.picartcollage.MainCollageActivity"]}, {"44833b33d0860fc40f2a89a7fa7815bc": ["3", "com.photo.collage.musically.grid.picartcollage.MainCollageActivity"]}, {"44833b33d0860fc40f2a89a7fa7815bc": ["3", "com.photo.collage.musically.grid.picartcollage.MainCollageActivity"]}, {"44833b33d0860fc40f2a89a7fa7815bc": ["3", "com.photo.collage.musically.grid.picartcollage.MainCollageActivity"]}, {"44833b33d0860fc40f2a89a7fa7815bc": ["3", "com.photo.collage.musically.grid.picartcollage.MainCollageActivity"]}, {"51b18cacd5a69765b4cdc0833a44890b": ["1", "com.photo.collage.musically.grid.picartcollage.MainCollageActivity"]}, {"51b18cacd5a69765b4cdc0833a44890b": ["1", "com.photo.collage.musically.grid.picartcollage.MainCollageActivity"]}, {"d73776326ced7f1ef42c44385addb4fd": ["2", "com.photo.collage.musically.grid.picartcollage.MainCollageActivity"]}, {"d73776326ced7f1ef42c44385addb4fd": ["2", "com.photo.collage.musically.grid.picartcollage.MainCollageActivity"]}, {"44833b33d0860fc40f2a89a7fa7815bc": ["3", "com.photo.collage.musically.grid.picartcollage.MainCollageActivity"]}, {"d73776326ced7f1ef42c44385addb4fd": ["2", "com.photo.collage.musically.grid.picartcollage.MainCollageActivity"]}, {"5757501397921f0533850b0630f2b088": ["6", "com.photo.collage.musically.grid.picartcollage.MainCollageActivity"]}, {"5757501397921f0533850b0630f2b088": ["6", "com.photo.collage.musically.grid.picartcollage.MainCollageActivity"]}, {"5757501397921f0533850b0630f2b088": ["6", "com.photo.collage.musically.grid.picartcollage.MainCollageActivity"]}, {"f30da958d138d266267fcef8c3237a00": ["4", "com.photo.collage.musically.grid.picartcollage.MainCollageActivity"]}, {"f30da958d138d266267fcef8c3237a00": ["4", "com.photo.collage.musically.grid.picartcollage.MainCollageActivity"]}, {"f30da958d138d266267fcef8c3237a00": ["4", "com.photo.collage.musically.grid.picartcollage.MainCollageActivity"]}, {"f30da958d138d266267fcef8c3237a00": ["4", "com.photo.collage.musically.grid.picartcollage.MainCollageActivity"]}, {"f1c1e9bac667ddd60db5c7b52a03f0ac": ["5", "com.photo.collage.musically.grid.picartcollage.MainCollageActivity"]}, {"ea871f741f16b152f32ee0c13c2b28bd": ["0", "com.photo.collage.musically.grid.picartcollage.MainCollageActivity"]}, {"ea871f741f16b152f32ee0c13c2b28bd": ["0", "com.photo.collage.musically.grid.picartcollage.MainCollageActivity"]}, {"51b18cacd5a69765b4cdc0833a44890b": ["1", "com.photo.collage.musically.grid.picartcollage.MainCollageActivity"]}, {"44833b33d0860fc40f2a89a7fa7815bc": ["3", "com.photo.collage.musically.grid.picartcollage.MainCollageActivity"]}, {"f30da958d138d266267fcef8c3237a00": ["4", "com.photo.collage.musically.grid.picartcollage.MainCollageActivity"]}, {"ea871f741f16b152f32ee0c13c2b28bd": ["0", "com.photo.collage.musically.grid.picartcollage.MainCollageActivity"]}, {"ea871f741f16b152f32ee0c13c2b28bd": ["0", "com.photo.collage.musically.grid.picartcollage.MainCollageActivity"]}, {"51b18cacd5a69765b4cdc0833a44890b": ["1", "com.photo.collage.musically.grid.picartcollage.MainCollageActivity"]}, {"f1c1e9bac667ddd60db5c7b52a03f0ac": ["5", "com.photo.collage.musically.grid.picartcollage.MainCollageActivity"]}, {"51b18cacd5a69765b4cdc0833a44890b": ["1", "com.photo.collage.musically.grid.picartcollage.MainCollageActivity"]}, {"ea871f741f16b152f32ee0c13c2b28bd": ["0", "com.photo.collage.musically.grid.picartcollage.MainCollageActivity"]}, {"ea871f741f16b152f32ee0c13c2b28bd": ["0", "com.photo.collage.musically.grid.picartcollage.MainCollageActivity"]}, {"51b18cacd5a69765b4cdc0833a44890b": ["1", "com.photo.collage.musically.grid.picartcollage.MainCollageActivity"]}, {"51b18cacd5a69765b4cdc0833a44890b": ["1", "com.photo.collage.musically.grid.picartcollage.MainCollageActivity"]}, {"51b18cacd5a69765b4cdc0833a44890b": ["1", "com.photo.collage.musically.grid.picartcollage.MainCollageActivity"]}, {"51b18cacd5a69765b4cdc0833a44890b": ["1", "com.photo.collage.musically.grid.picartcollage.MainCollageActivity"]}, {"ea871f741f16b152f32ee0c13c2b28bd": ["0", "com.photo.collage.musically.grid.picartcollage.MainCollageActivity"]}, {"ea871f741f16b152f32ee0c13c2b28bd": ["0", "com.photo.collage.musically.grid.picartcollage.MainCollageActivity"]}, {"51b18cacd5a69765b4cdc0833a44890b": ["1", "com.photo.collage.musically.grid.picartcollage.MainCollageActivity"]}, {"51b18cacd5a69765b4cdc0833a44890b": ["1", "com.photo.collage.musically.grid.picartcollage.MainCollageActivity"]}, {"51b18cacd5a69765b4cdc0833a44890b": ["1", "com.photo.collage.musically.grid.picartcollage.MainCollageActivity"]}, {"51b18cacd5a69765b4cdc0833a44890b": ["1", "com.photo.collage.musically.grid.picartcollage.MainCollageActivity"]}, {"ea871f741f16b152f32ee0c13c2b28bd": ["0", "com.photo.collage.musically.grid.picartcollage.MainCollageActivity"]}, {"ea871f741f16b152f32ee0c13c2b28bd": ["0", "com.photo.collage.musically.grid.picartcollage.MainCollageActivity"]}, {"51b18cacd5a69765b4cdc0833a44890b": ["1", "com.photo.collage.musically.grid.picartcollage.MainCollageActivity"]}, {"51b18cacd5a69765b4cdc0833a44890b": ["1", "com.photo.collage.musically.grid.picartcollage.MainCollageActivity"]}, {"ea871f741f16b152f32ee0c13c2b28bd": ["0", "com.photo.collage.musically.grid.picartcollage.MainCollageActivity"]}, {"51b18cacd5a69765b4cdc0833a44890b": ["1", "com.photo.collage.musically.grid.picartcollage.MainCollageActivity"]}, {"51b18cacd5a69765b4cdc0833a44890b": ["1", "com.photo.collage.musically.grid.picartcollage.MainCollageActivity"]}, {"d73776326ced7f1ef42c44385addb4fd": ["2", "com.photo.collage.musically.grid.picartcollage.MainCollageActivity"]}, {"d73776326ced7f1ef42c44385addb4fd": ["2", "com.photo.collage.musically.grid.picartcollage.MainCollageActivity"]}, {"ea871f741f16b152f32ee0c13c2b28bd": ["0", "com.photo.collage.musically.grid.picartcollage.MainCollageActivity"]}, {"d73776326ced7f1ef42c44385addb4fd": ["2", "com.photo.collage.musically.grid.picartcollage.MainCollageActivity"]}, {"44833b33d0860fc40f2a89a7fa7815bc": ["3", "com.photo.collage.musically.grid.picartcollage.MainCollageActivity"]}, {"ea871f741f16b152f32ee0c13c2b28bd": ["0", "com.photo.collage.musically.grid.picartcollage.MainCollageActivity"]}, {"51b18cacd5a69765b4cdc0833a44890b": ["1", "com.photo.collage.musically.grid.picartcollage.MainCollageActivity"]}, {"51b18cacd5a69765b4cdc0833a44890b": ["1", "com.photo.collage.musically.grid.picartcollage.MainCollageActivity"]}, {"ea871f741f16b152f32ee0c13c2b28bd": ["0", "com.photo.collage.musically.grid.picartcollage.MainCollageActivity"]}, {"51b18cacd5a69765b4cdc0833a44890b": ["1", "com.photo.collage.musically.grid.picartcollage.MainCollageActivity"]}, {"51b18cacd5a69765b4cdc0833a44890b": ["1", "com.photo.collage.musically.grid.picartcollage.MainCollageActivity"]}, {"f1c1e9bac667ddd60db5c7b52a03f0ac": ["5", "com.photo.collage.musically.grid.picartcollage.MainCollageActivity"]}, {"f30da958d138d266267fcef8c3237a00": ["4", "com.photo.collage.musically.grid.picartcollage.MainCollageActivity"]}, {"f30da958d138d266267fcef8c3237a00": ["4", "com.photo.collage.musically.grid.picartcollage.MainCollageActivity"]}, {"44833b33d0860fc40f2a89a7fa7815bc": ["3", "com.photo.collage.musically.grid.picartcollage.MainCollageActivity"]}, {"44833b33d0860fc40f2a89a7fa7815bc": ["3", "com.photo.collage.musically.grid.picartcollage.MainCollageActivity"]}, {"44833b33d0860fc40f2a89a7fa7815bc": ["3", "com.photo.collage.musically.grid.picartcollage.MainCollageActivity"]}, {"44833b33d0860fc40f2a89a7fa7815bc": ["3", "com.photo.collage.musically.grid.picartcollage.MainCollageActivity"]}, {"44833b33d0860fc40f2a89a7fa7815bc": ["3", "com.photo.collage.musically.grid.picartcollage.MainCollageActivity"]}, {"f30da958d138d266267fcef8c3237a00": ["4", "com.photo.collage.musically.grid.picartcollage.MainCollageActivity"]}, {"44833b33d0860fc40f2a89a7fa7815bc": ["3", "com.photo.collage.musically.grid.picartcollage.MainCollageActivity"]}, {"44833b33d0860fc40f2a89a7fa7815bc": ["3", "com.photo.collage.musically.grid.picartcollage.MainCollageActivity"]}, {"d73776326ced7f1ef42c44385addb4fd": ["2", "com.photo.collage.musically.grid.picartcollage.MainCollageActivity"]}, {"ea871f741f16b152f32ee0c13c2b28bd": ["0", "com.photo.collage.musically.grid.picartcollage.MainCollageActivity"]}, {"51b18cacd5a69765b4cdc0833a44890b": ["1", "com.photo.collage.musically.grid.picartcollage.MainCollageActivity"]}, {"51b18cacd5a69765b4cdc0833a44890b": ["1", "com.photo.collage.musically.grid.picartcollage.MainCollageActivity"]}, {"51b18cacd5a69765b4cdc0833a44890b": ["1", "com.photo.collage.musically.grid.picartcollage.MainCollageActivity"]}, {"51b18cacd5a69765b4cdc0833a44890b": ["1", "com.photo.collage.musically.grid.picartcollage.MainCollageActivity"]}, {"ea871f741f16b152f32ee0c13c2b28bd": ["0", "com.photo.collage.musically.grid.picartcollage.MainCollageActivity"]}, {"f07258394d65dbe765574afea7230041": ["7", "com.photo.collage.musically.grid.picartcollage.MainCollageActivity"]}, {"f07258394d65dbe765574afea7230041": ["7", "com.photo.collage.musically.grid.picartcollage.MainCollageActivity"]}, {"f1c1e9bac667ddd60db5c7b52a03f0ac": ["5", "com.photo.collage.musically.grid.picartcollage.MainCollageActivity"]}, {"f1c1e9bac667ddd60db5c7b52a03f0ac": ["5", "com.photo.collage.musically.grid.picartcollage.MainCollageActivity"]}, {"f1c1e9bac667ddd60db5c7b52a03f0ac": ["5", "com.photo.collage.musically.grid.picartcollage.MainCollageActivity"]}, {"51b18cacd5a69765b4cdc0833a44890b": ["1", "com.photo.collage.musically.grid.picartcollage.MainCollageActivity"]}, {"51b18cacd5a69765b4cdc0833a44890b": ["1", "com.photo.collage.musically.grid.picartcollage.MainCollageActivity"]}, {"51b18cacd5a69765b4cdc0833a44890b": ["1", "com.photo.collage.musically.grid.picartcollage.MainCollageActivity"]}, {"51b18cacd5a69765b4cdc0833a44890b": ["1", "com.photo.collage.musically.grid.picartcollage.MainCollageActivity"]}, {"ea871f741f16b152f32ee0c13c2b28bd": ["0", "com.photo.collage.musically.grid.picartcollage.MainCollageActivity"]}, {"d73776326ced7f1ef42c44385addb4fd": ["2", "com.photo.collage.musically.grid.picartcollage.MainCollageActivity"]}, {"d73776326ced7f1ef42c44385addb4fd": ["2", "com.photo.collage.musically.grid.picartcollage.MainCollageActivity"]}, {"d73776326ced7f1ef42c44385addb4fd": ["2", "com.photo.collage.musically.grid.picartcollage.MainCollageActivity"]}, {"d73776326ced7f1ef42c44385addb4fd": ["2", "com.photo.collage.musically.grid.picartcollage.MainCollageActivity"]}, {"d73776326ced7f1ef42c44385addb4fd": ["2", "com.photo.collage.musically.grid.picartcollage.MainCollageActivity"]}, {"5757501397921f0533850b0630f2b088": ["6", "com.photo.collage.musically.grid.picartcollage.MainCollageActivity"]}, {"5757501397921f0533850b0630f2b088": ["6", "com.photo.collage.musically.grid.picartcollage.MainCollageActivity"]}, {"f30da958d138d266267fcef8c3237a00": ["4", "com.photo.collage.musically.grid.picartcollage.MainCollageActivity"]}, {"f30da958d138d266267fcef8c3237a00": ["4", "com.photo.collage.musically.grid.picartcollage.MainCollageActivity"]}, {"44833b33d0860fc40f2a89a7fa7815bc": ["3", "com.photo.collage.musically.grid.picartcollage.MainCollageActivity"]}, {"ea871f741f16b152f32ee0c13c2b28bd": ["0", "com.photo.collage.musically.grid.picartcollage.MainCollageActivity"]}, {"ea871f741f16b152f32ee0c13c2b28bd": ["0", "com.photo.collage.musically.grid.picartcollage.MainCollageActivity"]}, {"51b18cacd5a69765b4cdc0833a44890b": ["1", "com.photo.collage.musically.grid.picartcollage.MainCollageActivity"]}, {"44833b33d0860fc40f2a89a7fa7815bc": ["3", "com.photo.collage.musically.grid.picartcollage.MainCollageActivity"]}, {"44833b33d0860fc40f2a89a7fa7815bc": ["3", "com.photo.collage.musically.grid.picartcollage.MainCollageActivity"]}, {"44833b33d0860fc40f2a89a7fa7815bc": ["3", "com.photo.collage.musically.grid.picartcollage.MainCollageActivity"]}, {"44833b33d0860fc40f2a89a7fa7815bc": ["3", "com.photo.collage.musically.grid.picartcollage.MainCollageActivity"]}, {"51b18cacd5a69765b4cdc0833a44890b": ["1", "com.photo.collage.musically.grid.picartcollage.MainCollageActivity"]}, {"51b18cacd5a69765b4cdc0833a44890b": ["1", "com.photo.collage.musically.grid.picartcollage.MainCollageActivity"]}, {"44833b33d0860fc40f2a89a7fa7815bc": ["3", "com.photo.collage.musically.grid.picartcollage.MainCollageActivity"]}, {"44833b33d0860fc40f2a89a7fa7815bc": ["3", "com.photo.collage.musically.grid.picartcollage.MainCollageActivity"]}, {"44833b33d0860fc40f2a89a7fa7815bc": ["3", "com.photo.collage.musically.grid.picartcollage.MainCollageActivity"]}, {"ea871f741f16b152f32ee0c13c2b28bd": ["0", "com.photo.collage.musically.grid.picartcollage.MainCollageActivity"]}, {"51b18cacd5a69765b4cdc0833a44890b": ["1", "com.photo.collage.musically.grid.picartcollage.MainCollageActivity"]}, {"51b18cacd5a69765b4cdc0833a44890b": ["1", "com.photo.collage.musically.grid.picartcollage.MainCollageActivity"]}, {"51b18cacd5a69765b4cdc0833a44890b": ["1", "com.photo.collage.musically.grid.picartcollage.MainCollageActivity"]}, {"51b18cacd5a69765b4cdc0833a44890b": ["1", "com.photo.collage.musically.grid.picartcollage.MainCollageActivity"]}, {"51b18cacd5a69765b4cdc0833a44890b": ["1", "com.photo.collage.musically.grid.picartcollage.MainCollageActivity"]}, {"51b18cacd5a69765b4cdc0833a44890b": ["1", "com.photo.collage.musically.grid.picartcollage.MainCollageActivity"]}, {"ea871f741f16b152f32ee0c13c2b28bd": ["0", "com.photo.collage.musically.grid.picartcollage.MainCollageActivity"]}, {"51b18cacd5a69765b4cdc0833a44890b": ["1", "com.photo.collage.musically.grid.picartcollage.MainCollageActivity"]}, {"ea871f741f16b152f32ee0c13c2b28bd": ["0", "com.photo.collage.musically.grid.picartcollage.MainCollageActivity"]}, {"51b18cacd5a69765b4cdc0833a44890b": ["1", "com.photo.collage.musically.grid.picartcollage.MainCollageActivity"]}, {"51b18cacd5a69765b4cdc0833a44890b": ["1", "com.photo.collage.musically.grid.picartcollage.MainCollageActivity"]}, {"f1c1e9bac667ddd60db5c7b52a03f0ac": ["5", "com.photo.collage.musically.grid.picartcollage.MainCollageActivity"]}, {"f1c1e9bac667ddd60db5c7b52a03f0ac": ["5", "com.photo.collage.musically.grid.picartcollage.MainCollageActivity"]}, {"51b18cacd5a69765b4cdc0833a44890b": ["1", "com.photo.collage.musically.grid.picartcollage.MainCollageActivity"]}, {"f1c1e9bac667ddd60db5c7b52a03f0ac": ["5", "com.photo.collage.musically.grid.picartcollage.MainCollageActivity"]}, {"f1c1e9bac667ddd60db5c7b52a03f0ac": ["5", "com.photo.collage.musically.grid.picartcollage.MainCollageActivity"]}, {"51b18cacd5a69765b4cdc0833a44890b": ["1", "com.photo.collage.musically.grid.picartcollage.MainCollageActivity"]}, {"51b18cacd5a69765b4cdc0833a44890b": ["1", "com.photo.collage.musically.grid.picartcollage.MainCollageActivity"]}, {"44833b33d0860fc40f2a89a7fa7815bc": ["3", "com.photo.collage.musically.grid.picartcollage.MainCollageActivity"]}, {"44833b33d0860fc40f2a89a7fa7815bc": ["3", "com.photo.collage.musically.grid.picartcollage.MainCollageActivity"]}, {"44833b33d0860fc40f2a89a7fa7815bc": ["3", "com.photo.collage.musically.grid.picartcollage.MainCollageActivity"]}, {"44833b33d0860fc40f2a89a7fa7815bc": ["3", "com.photo.collage.musically.grid.picartcollage.MainCollageActivity"]}, {"d73776326ced7f1ef42c44385addb4fd": ["2", "com.photo.collage.musically.grid.picartcollage.MainCollageActivity"]}, {"d73776326ced7f1ef42c44385addb4fd": ["2", "com.photo.collage.musically.grid.picartcollage.MainCollageActivity"]}, {"5757501397921f0533850b0630f2b088": ["6", "com.photo.collage.musically.grid.picartcollage.MainCollageActivity"]}, {"d73776326ced7f1ef42c44385addb4fd": ["2", "com.photo.collage.musically.grid.picartcollage.MainCollageActivity"]}, {"5757501397921f0533850b0630f2b088": ["6", "com.photo.collage.musically.grid.picartcollage.MainCollageActivity"]}, {"d73776326ced7f1ef42c44385addb4fd": ["2", "com.photo.collage.musically.grid.picartcollage.MainCollageActivity"]}, {"44833b33d0860fc40f2a89a7fa7815bc": ["3", "com.photo.collage.musically.grid.picartcollage.MainCollageActivity"]}, {"44833b33d0860fc40f2a89a7fa7815bc": ["3", "com.photo.collage.musically.grid.picartcollage.MainCollageActivity"]}, {"ea871f741f16b152f32ee0c13c2b28bd": ["0", "com.photo.collage.musically.grid.picartcollage.MainCollageActivity"]}, {"ea871f741f16b152f32ee0c13c2b28bd": ["0", "com.photo.collage.musically.grid.picartcollage.MainCollageActivity"]}, {"d73776326ced7f1ef42c44385addb4fd": ["2", "com.photo.collage.musically.grid.picartcollage.MainCollageActivity"]}, {"d73776326ced7f1ef42c44385addb4fd": ["2", "com.photo.collage.musically.grid.picartcollage.MainCollageActivity"]}, {"ea871f741f16b152f32ee0c13c2b28bd": ["0", "com.photo.collage.musically.grid.picartcollage.MainCollageActivity"]}, {"ea871f741f16b152f32ee0c13c2b28bd": ["0", "com.photo.collage.musically.grid.picartcollage.MainCollageActivity"]}, {"51b18cacd5a69765b4cdc0833a44890b": ["1", "com.photo.collage.musically.grid.picartcollage.MainCollageActivity"]}, {"ea871f741f16b152f32ee0c13c2b28bd": ["0", "com.photo.collage.musically.grid.picartcollage.MainCollageActivity"]}, {"51b18cacd5a69765b4cdc0833a44890b": ["1", "com.photo.collage.musically.grid.picartcollage.MainCollageActivity"]}, {"51b18cacd5a69765b4cdc0833a44890b": ["1", "com.photo.collage.musically.grid.picartcollage.MainCollageActivity"]}, {"51b18cacd5a69765b4cdc0833a44890b": ["1", "com.photo.collage.musically.grid.picartcollage.MainCollageActivity"]}, {"44833b33d0860fc40f2a89a7fa7815bc": ["3", "com.photo.collage.musically.grid.picartcollage.MainCollageActivity"]}, {"44833b33d0860fc40f2a89a7fa7815bc": ["3", "com.photo.collage.musically.grid.picartcollage.MainCollageActivity"]}, {"44833b33d0860fc40f2a89a7fa7815bc": ["3", "com.photo.collage.musically.grid.picartcollage.MainCollageActivity"]}, {"44833b33d0860fc40f2a89a7fa7815bc": ["3", "com.photo.collage.musically.grid.picartcollage.MainCollageActivity"]}, {"44833b33d0860fc40f2a89a7fa7815bc": ["3", "com.photo.collage.musically.grid.picartcollage.MainCollageActivity"]}, {"d73776326ced7f1ef42c44385addb4fd": ["2", "com.photo.collage.musically.grid.picartcollage.MainCollageActivity"]}, {"ea871f741f16b152f32ee0c13c2b28bd": ["0", "com.photo.collage.musically.grid.picartcollage.MainCollageActivity"]}, {"f07258394d65dbe765574afea7230041": ["7", "com.photo.collage.musically.grid.picartcollage.MainCollageActivity"]}, {"ea871f741f16b152f32ee0c13c2b28bd": ["0", "com.photo.collage.musically.grid.picartcollage.MainCollageActivity"]}, {"ea871f741f16b152f32ee0c13c2b28bd": ["0", "com.photo.collage.musically.grid.picartcollage.MainCollageActivity"]}, {"d73776326ced7f1ef42c44385addb4fd": ["2", "com.photo.collage.musically.grid.picartcollage.MainCollageActivity"]}, {"5757501397921f0533850b0630f2b088": ["6", "com.photo.collage.musically.grid.picartcollage.MainCollageActivity"]}, {"d73776326ced7f1ef42c44385addb4fd": ["2", "com.photo.collage.musically.grid.picartcollage.MainCollageActivity"]}, {"ea871f741f16b152f32ee0c13c2b28bd": ["0", "com.photo.collage.musically.grid.picartcollage.MainCollageActivity"]}, {"51b18cacd5a69765b4cdc0833a44890b": ["1", "com.photo.collage.musically.grid.picartcollage.MainCollageActivity"]}, {"51b18cacd5a69765b4cdc0833a44890b": ["1", "com.photo.collage.musically.grid.picartcollage.MainCollageActivity"]}, {"51b18cacd5a69765b4cdc0833a44890b": ["1", "com.photo.collage.musically.grid.picartcollage.MainCollageActivity"]}, {"51b18cacd5a69765b4cdc0833a44890b": ["1", "com.photo.collage.musically.grid.picartcollage.MainCollageActivity"]}, {"51b18cacd5a69765b4cdc0833a44890b": ["1", "com.photo.collage.musically.grid.picartcollage.MainCollageActivity"]}, {"51b18cacd5a69765b4cdc0833a44890b": ["1", "com.photo.collage.musically.grid.picartcollage.MainCollageActivity"]}, {"51b18cacd5a69765b4cdc0833a44890b": ["1", "com.photo.collage.musically.grid.picartcollage.MainCollageActivity"]}, {"51b18cacd5a69765b4cdc0833a44890b": ["1", "com.photo.collage.musically.grid.picartcollage.MainCollageActivity"]}, {"51b18cacd5a69765b4cdc0833a44890b": ["1", "com.photo.collage.musically.grid.picartcollage.MainCollageActivity"]}, {"51b18cacd5a69765b4cdc0833a44890b": ["1", "com.photo.collage.musically.grid.picartcollage.MainCollageActivity"]}, {"51b18cacd5a69765b4cdc0833a44890b": ["1", "com.photo.collage.musically.grid.picartcollage.MainCollageActivity"]}, {"f1c1e9bac667ddd60db5c7b52a03f0ac": ["5", "com.photo.collage.musically.grid.picartcollage.MainCollageActivity"]}, {"f1c1e9bac667ddd60db5c7b52a03f0ac": ["5", "com.photo.collage.musically.grid.picartcollage.MainCollageActivity"]}, {"f1c1e9bac667ddd60db5c7b52a03f0ac": ["5", "com.photo.collage.musically.grid.picartcollage.MainCollageActivity"]}, {"f1c1e9bac667ddd60db5c7b52a03f0ac": ["5", "com.photo.collage.musically.grid.picartcollage.MainCollageActivity"]}, {"51b18cacd5a69765b4cdc0833a44890b": ["1", "com.photo.collage.musically.grid.picartcollage.MainCollageActivity"]}, {"ea871f741f16b152f32ee0c13c2b28bd": ["0", "com.photo.collage.musically.grid.picartcollage.MainCollageActivity"]}, {"ea871f741f16b152f32ee0c13c2b28bd": ["0", "com.photo.collage.musically.grid.picartcollage.MainCollageActivity"]}, {"ea871f741f16b152f32ee0c13c2b28bd": ["0", "com.photo.collage.musically.grid.picartcollage.MainCollageActivity"]}, {"51b18cacd5a69765b4cdc0833a44890b": ["1", "com.photo.collage.musically.grid.picartcollage.MainCollageActivity"]}, {"f1c1e9bac667ddd60db5c7b52a03f0ac": ["5", "com.photo.collage.musically.grid.picartcollage.MainCollageActivity"]}, {"f1c1e9bac667ddd60db5c7b52a03f0ac": ["5", "com.photo.collage.musically.grid.picartcollage.MainCollageActivity"]}, {"f1c1e9bac667ddd60db5c7b52a03f0ac": ["5", "com.photo.collage.musically.grid.picartcollage.MainCollageActivity"]}, {"f1c1e9bac667ddd60db5c7b52a03f0ac": ["5", "com.photo.collage.musically.grid.picartcollage.MainCollageActivity"]}, {"f1c1e9bac667ddd60db5c7b52a03f0ac": ["5", "com.photo.collage.musically.grid.picartcollage.MainCollageActivity"]}, {"f1c1e9bac667ddd60db5c7b52a03f0ac": ["5", "com.photo.collage.musically.grid.picartcollage.MainCollageActivity"]}, {"f1c1e9bac667ddd60db5c7b52a03f0ac": ["5", "com.photo.collage.musically.grid.picartcollage.MainCollageActivity"]}, {"f30da958d138d266267fcef8c3237a00": ["4", "com.photo.collage.musically.grid.picartcollage.MainCollageActivity"]}, {"ea871f741f16b152f32ee0c13c2b28bd": ["0", "com.photo.collage.musically.grid.picartcollage.MainCollageActivity"]}, {"51b18cacd5a69765b4cdc0833a44890b": ["1", "com.photo.collage.musically.grid.picartcollage.MainCollageActivity"]}, {"51b18cacd5a69765b4cdc0833a44890b": ["1", "com.photo.collage.musically.grid.picartcollage.MainCollageActivity"]}, {"51b18cacd5a69765b4cdc0833a44890b": ["1", "com.photo.collage.musically.grid.picartcollage.MainCollageActivity"]}, {"51b18cacd5a69765b4cdc0833a44890b": ["1", "com.photo.collage.musically.grid.picartcollage.MainCollageActivity"]}, {"51b18cacd5a69765b4cdc0833a44890b": ["1", "com.photo.collage.musically.grid.picartcollage.MainCollageActivity"]}, {"f1c1e9bac667ddd60db5c7b52a03f0ac": ["5", "com.photo.collage.musically.grid.picartcollage.MainCollageActivity"]}, {"51b18cacd5a69765b4cdc0833a44890b": ["1", "com.photo.collage.musically.grid.picartcollage.MainCollageActivity"]}, {"44833b33d0860fc40f2a89a7fa7815bc": ["3", "com.photo.collage.musically.grid.picartcollage.MainCollageActivity"]}, {"44833b33d0860fc40f2a89a7fa7815bc": ["3", "com.photo.collage.musically.grid.picartcollage.MainCollageActivity"]}, {"ea871f741f16b152f32ee0c13c2b28bd": ["0", "com.photo.collage.musically.grid.picartcollage.MainCollageActivity"]}, {"51b18cacd5a69765b4cdc0833a44890b": ["1", "com.photo.collage.musically.grid.picartcollage.MainCollageActivity"]}, {"ea871f741f16b152f32ee0c13c2b28bd": ["0", "com.photo.collage.musically.grid.picartcollage.MainCollageActivity"]}, {"ea871f741f16b152f32ee0c13c2b28bd": ["0", "com.photo.collage.musically.grid.picartcollage.MainCollageActivity"]}, {"ea871f741f16b152f32ee0c13c2b28bd": ["0", "com.photo.collage.musically.grid.picartcollage.MainCollageActivity"]}, {"51b18cacd5a69765b4cdc0833a44890b": ["1", "com.photo.collage.musically.grid.picartcollage.MainCollageActivity"]}, {"51b18cacd5a69765b4cdc0833a44890b": ["1", "com.photo.collage.musically.grid.picartcollage.MainCollageActivity"]}, {"51b18cacd5a69765b4cdc0833a44890b": ["1", "com.photo.collage.musically.grid.picartcollage.MainCollageActivity"]}, {"ea871f741f16b152f32ee0c13c2b28bd": ["0", "com.photo.collage.musically.grid.picartcollage.MainCollageActivity"]}, {"ea871f741f16b152f32ee0c13c2b28bd": ["0", "com.photo.collage.musically.grid.picartcollage.MainCollageActivity"]}, {"51b18cacd5a69765b4cdc0833a44890b": ["1", "com.photo.collage.musically.grid.picartcollage.MainCollageActivity"]}, {"44833b33d0860fc40f2a89a7fa7815bc": ["3", "com.photo.collage.musically.grid.picartcollage.MainCollageActivity"]}, {"d73776326ced7f1ef42c44385addb4fd": ["2", "com.photo.collage.musically.grid.picartcollage.MainCollageActivity"]}, {"d73776326ced7f1ef42c44385addb4fd": ["2", "com.photo.collage.musically.grid.picartcollage.MainCollageActivity"]}, {"ea871f741f16b152f32ee0c13c2b28bd": ["0", "com.photo.collage.musically.grid.picartcollage.MainCollageActivity"]}, {"f07258394d65dbe765574afea7230041": ["7", "com.photo.collage.musically.grid.picartcollage.MainCollageActivity"]}, {"f1c1e9bac667ddd60db5c7b52a03f0ac": ["5", "com.photo.collage.musically.grid.picartcollage.MainCollageActivity"]}, {"51b18cacd5a69765b4cdc0833a44890b": ["1", "com.photo.collage.musically.grid.picartcollage.MainCollageActivity"]}, {"51b18cacd5a69765b4cdc0833a44890b": ["1", "com.photo.collage.musically.grid.picartcollage.MainCollageActivity"]}, {"f1c1e9bac667ddd60db5c7b52a03f0ac": ["5", "com.photo.collage.musically.grid.picartcollage.MainCollageActivity"]}, {"ea871f741f16b152f32ee0c13c2b28bd": ["0", "com.photo.collage.musically.grid.picartcollage.MainCollageActivity"]}, {"51b18cacd5a69765b4cdc0833a44890b": ["1", "com.photo.collage.musically.grid.picartcollage.MainCollageActivity"]}, {"51b18cacd5a69765b4cdc0833a44890b": ["1", "com.photo.collage.musically.grid.picartcollage.MainCollageActivity"]}, {"51b18cacd5a69765b4cdc0833a44890b": ["1", "com.photo.collage.musically.grid.picartcollage.MainCollageActivity"]}, {"51b18cacd5a69765b4cdc0833a44890b": ["1", "com.photo.collage.musically.grid.picartcollage.MainCollageActivity"]}, {"51b18cacd5a69765b4cdc0833a44890b": ["1", "com.photo.collage.musically.grid.picartcollage.MainCollageActivity"]}, {"ea871f741f16b152f32ee0c13c2b28bd": ["0", "com.photo.collage.musically.grid.picartcollage.MainCollageActivity"]}, {"f07258394d65dbe765574afea7230041": ["7", "com.photo.collage.musically.grid.picartcollage.MainCollageActivity"]}, {"51b18cacd5a69765b4cdc0833a44890b": ["1", "com.photo.collage.musically.grid.picartcollage.MainCollageActivity"]}, {"f1c1e9bac667ddd60db5c7b52a03f0ac": ["5", "com.photo.collage.musically.grid.picartcollage.MainCollageActivity"]}, {"f30da958d138d266267fcef8c3237a00": ["4", "com.photo.collage.musically.grid.picartcollage.MainCollageActivity"]}, {"f30da958d138d266267fcef8c3237a00": ["4", "com.photo.collage.musically.grid.picartcollage.MainCollageActivity"]}, {"f30da958d138d266267fcef8c3237a00": ["4", "com.photo.collage.musically.grid.picartcollage.MainCollageActivity"]}, {"f30da958d138d266267fcef8c3237a00": ["4", "com.photo.collage.musically.grid.picartcollage.MainCollageActivity"]}, {"f30da958d138d266267fcef8c3237a00": ["4", "com.photo.collage.musically.grid.picartcollage.MainCollageActivity"]}, {"44833b33d0860fc40f2a89a7fa7815bc": ["3", "com.photo.collage.musically.grid.picartcollage.MainCollageActivity"]}, {"d73776326ced7f1ef42c44385addb4fd": ["2", "com.photo.collage.musically.grid.picartcollage.MainCollageActivity"]}, {"d73776326ced7f1ef42c44385addb4fd": ["2", "com.photo.collage.musically.grid.picartcollage.MainCollageActivity"]}, {"d73776326ced7f1ef42c44385addb4fd": ["2", "com.photo.collage.musically.grid.picartcollage.MainCollageActivity"]}, {"44833b33d0860fc40f2a89a7fa7815bc": ["3", "com.photo.collage.musically.grid.picartcollage.MainCollageActivity"]}, {"44833b33d0860fc40f2a89a7fa7815bc": ["3", "com.photo.collage.musically.grid.picartcollage.MainCollageActivity"]}, {"44833b33d0860fc40f2a89a7fa7815bc": ["3", "com.photo.collage.musically.grid.picartcollage.MainCollageActivity"]}, {"44833b33d0860fc40f2a89a7fa7815bc": ["3", "com.photo.collage.musically.grid.picartcollage.MainCollageActivity"]}, {"44833b33d0860fc40f2a89a7fa7815bc": ["3", "com.photo.collage.musically.grid.picartcollage.MainCollageActivity"]}, {"44833b33d0860fc40f2a89a7fa7815bc": ["3", "com.photo.collage.musically.grid.picartcollage.MainCollageActivity"]}, {"44833b33d0860fc40f2a89a7fa7815bc": ["3", "com.photo.collage.musically.grid.picartcollage.MainCollageActivity"]}, {"44833b33d0860fc40f2a89a7fa7815bc": ["3", "com.photo.collage.musically.grid.picartcollage.MainCollageActivity"]}, {"44833b33d0860fc40f2a89a7fa7815bc": ["3", "com.photo.collage.musically.grid.picartcollage.MainCollageActivity"]}, {"44833b33d0860fc40f2a89a7fa7815bc": ["3", "com.photo.collage.musically.grid.picartcollage.MainCollageActivity"]}, {"ea871f741f16b152f32ee0c13c2b28bd": ["0", "com.photo.collage.musically.grid.picartcollage.MainCollageActivity"]}, {"51b18cacd5a69765b4cdc0833a44890b": ["1", "com.photo.collage.musically.grid.picartcollage.MainCollageActivity"]}, {"f1c1e9bac667ddd60db5c7b52a03f0ac": ["5", "com.photo.collage.musically.grid.picartcollage.MainCollageActivity"]}, {"51b18cacd5a69765b4cdc0833a44890b": ["1", "com.photo.collage.musically.grid.picartcollage.MainCollageActivity"]}, {"51b18cacd5a69765b4cdc0833a44890b": ["1", "com.photo.collage.musically.grid.picartcollage.MainCollageActivity"]}, {"ea871f741f16b152f32ee0c13c2b28bd": ["0", "com.photo.collage.musically.grid.picartcollage.MainCollageActivity"]}, {"51b18cacd5a69765b4cdc0833a44890b": ["1", "com.photo.collage.musically.grid.picartcollage.MainCollageActivity"]}, {"51b18cacd5a69765b4cdc0833a44890b": ["1", "com.photo.collage.musically.grid.picartcollage.MainCollageActivity"]}, {"51b18cacd5a69765b4cdc0833a44890b": ["1", "com.photo.collage.musically.grid.picartcollage.MainCollageActivity"]}, {"ea871f741f16b152f32ee0c13c2b28bd": ["0", "com.photo.collage.musically.grid.picartcollage.MainCollageActivity"]}, {"ea871f741f16b152f32ee0c13c2b28bd": ["0", "com.photo.collage.musically.grid.picartcollage.MainCollageActivity"]}, {"d73776326ced7f1ef42c44385addb4fd": ["2", "com.photo.collage.musically.grid.picartcollage.MainCollageActivity"]}, {"ea871f741f16b152f32ee0c13c2b28bd": ["0", "com.photo.collage.musically.grid.picartcollage.MainCollageActivity"]}, {"51b18cacd5a69765b4cdc0833a44890b": ["1", "com.photo.collage.musically.grid.picartcollage.MainCollageActivity"]}, {"ea871f741f16b152f32ee0c13c2b28bd": ["0", "com.photo.collage.musically.grid.picartcollage.MainCollageActivity"]}, {"51b18cacd5a69765b4cdc0833a44890b": ["1", "com.photo.collage.musically.grid.picartcollage.MainCollageActivity"]}, {"51b18cacd5a69765b4cdc0833a44890b": ["1", "com.photo.collage.musically.grid.picartcollage.MainCollageActivity"]}, {"ea871f741f16b152f32ee0c13c2b28bd": ["0", "com.photo.collage.musically.grid.picartcollage.MainCollageActivity"]}, {"51b18cacd5a69765b4cdc0833a44890b": ["1", "com.photo.collage.musically.grid.picartcollage.MainCollageActivity"]}, {"ea871f741f16b152f32ee0c13c2b28bd": ["0", "com.photo.collage.musically.grid.picartcollage.MainCollageActivity"]}, {"51b18cacd5a69765b4cdc0833a44890b": ["1", "com.photo.collage.musically.grid.picartcollage.MainCollageActivity"]}, {"44833b33d0860fc40f2a89a7fa7815bc": ["3", "com.photo.collage.musically.grid.picartcollage.MainCollageActivity"]}, {"f30da958d138d266267fcef8c3237a00": ["4", "com.photo.collage.musically.grid.picartcollage.MainCollageActivity"]}, {"44833b33d0860fc40f2a89a7fa7815bc": ["3", "com.photo.collage.musically.grid.picartcollage.MainCollageActivity"]}, {"51b18cacd5a69765b4cdc0833a44890b": ["1", "com.photo.collage.musically.grid.picartcollage.MainCollageActivity"]}, {"51b18cacd5a69765b4cdc0833a44890b": ["1", "com.photo.collage.musically.grid.picartcollage.MainCollageActivity"]}, {"51b18cacd5a69765b4cdc0833a44890b": ["1", "com.photo.collage.musically.grid.picartcollage.MainCollageActivity"]}, {"f1c1e9bac667ddd60db5c7b52a03f0ac": ["5", "com.photo.collage.musically.grid.picartcollage.MainCollageActivity"]}, {"51b18cacd5a69765b4cdc0833a44890b": ["1", "com.photo.collage.musically.grid.picartcollage.MainCollageActivity"]}, {"44833b33d0860fc40f2a89a7fa7815bc": ["3", "com.photo.collage.musically.grid.picartcollage.MainCollageActivity"]}, {"44833b33d0860fc40f2a89a7fa7815bc": ["3", "com.photo.collage.musically.grid.picartcollage.MainCollageActivity"]}, {"51b18cacd5a69765b4cdc0833a44890b": ["1", "com.photo.collage.musically.grid.picartcollage.MainCollageActivity"]}, {"51b18cacd5a69765b4cdc0833a44890b": ["1", "com.photo.collage.musically.grid.picartcollage.MainCollageActivity"]}, {"51b18cacd5a69765b4cdc0833a44890b": ["1", "com.photo.collage.musically.grid.picartcollage.MainCollageActivity"]}, {"f1c1e9bac667ddd60db5c7b52a03f0ac": ["5", "com.photo.collage.musically.grid.picartcollage.MainCollageActivity"]}, {"ea871f741f16b152f32ee0c13c2b28bd": ["0", "com.photo.collage.musically.grid.picartcollage.MainCollageActivity"]}, {"ea871f741f16b152f32ee0c13c2b28bd": ["0", "com.photo.collage.musically.grid.picartcollage.MainCollageActivity"]}, {"ea871f741f16b152f32ee0c13c2b28bd": ["0", "com.photo.collage.musically.grid.picartcollage.MainCollageActivity"]}, {"51b18cacd5a69765b4cdc0833a44890b": ["1", "com.photo.collage.musically.grid.picartcollage.MainCollageActivity"]}, {"51b18cacd5a69765b4cdc0833a44890b": ["1", "com.photo.collage.musically.grid.picartcollage.MainCollageActivity"]}, {"ea871f741f16b152f32ee0c13c2b28bd": ["0", "com.photo.collage.musically.grid.picartcollage.MainCollageActivity"]}, {"ea871f741f16b152f32ee0c13c2b28bd": ["0", "com.photo.collage.musically.grid.picartcollage.MainCollageActivity"]}, {"51b18cacd5a69765b4cdc0833a44890b": ["1", "com.photo.collage.musically.grid.picartcollage.MainCollageActivity"]}, {"51b18cacd5a69765b4cdc0833a44890b": ["1", "com.photo.collage.musically.grid.picartcollage.MainCollageActivity"]}, {"51b18cacd5a69765b4cdc0833a44890b": ["1", "com.photo.collage.musically.grid.picartcollage.MainCollageActivity"]}, {"51b18cacd5a69765b4cdc0833a44890b": ["1", "com.photo.collage.musically.grid.picartcollage.MainCollageActivity"]}, {"f1c1e9bac667ddd60db5c7b52a03f0ac": ["5", "com.photo.collage.musically.grid.picartcollage.MainCollageActivity"]}, {"51b18cacd5a69765b4cdc0833a44890b": ["1", "com.photo.collage.musically.grid.picartcollage.MainCollageActivity"]}, {"44833b33d0860fc40f2a89a7fa7815bc": ["3", "com.photo.collage.musically.grid.picartcollage.MainCollageActivity"]}, {"51b18cacd5a69765b4cdc0833a44890b": ["1", "com.photo.collage.musically.grid.picartcollage.MainCollageActivity"]}, {"f1c1e9bac667ddd60db5c7b52a03f0ac": ["5", "com.photo.collage.musically.grid.picartcollage.MainCollageActivity"]}, {"f1c1e9bac667ddd60db5c7b52a03f0ac": ["5", "com.photo.collage.musically.grid.picartcollage.MainCollageActivity"]}, {"f07258394d65dbe765574afea7230041": ["7", "com.photo.collage.musically.grid.picartcollage.MainCollageActivity"]}, {"ea871f741f16b152f32ee0c13c2b28bd": ["0", "com.photo.collage.musically.grid.picartcollage.MainCollageActivity"]}, {"51b18cacd5a69765b4cdc0833a44890b": ["1", "com.photo.collage.musically.grid.picartcollage.MainCollageActivity"]}, {"51b18cacd5a69765b4cdc0833a44890b": ["1", "com.photo.collage.musically.grid.picartcollage.MainCollageActivity"]}, {"ea871f741f16b152f32ee0c13c2b28bd": ["0", "com.photo.collage.musically.grid.picartcollage.MainCollageActivity"]}, {"51b18cacd5a69765b4cdc0833a44890b": ["1", "com.photo.collage.musically.grid.picartcollage.MainCollageActivity"]}, {"ea871f741f16b152f32ee0c13c2b28bd": ["0", "com.photo.collage.musically.grid.picartcollage.MainCollageActivity"]}, {"ea871f741f16b152f32ee0c13c2b28bd": ["0", "com.photo.collage.musically.grid.picartcollage.MainCollageActivity"]}, {"ea871f741f16b152f32ee0c13c2b28bd": ["0", "com.photo.collage.musically.grid.picartcollage.MainCollageActivity"]}, {"ea871f741f16b152f32ee0c13c2b28bd": ["0", "com.photo.collage.musically.grid.picartcollage.MainCollageActivity"]}, {"ea871f741f16b152f32ee0c13c2b28bd": ["0", "com.photo.collage.musically.grid.picartcollage.MainCollageActivity"]}, {"51b18cacd5a69765b4cdc0833a44890b": ["1", "com.photo.collage.musically.grid.picartcollage.MainCollageActivity"]}, {"51b18cacd5a69765b4cdc0833a44890b": ["1", "com.photo.collage.musically.grid.picartcollage.MainCollageActivity"]}, {"ea871f741f16b152f32ee0c13c2b28bd": ["0", "com.photo.collage.musically.grid.picartcollage.MainCollageActivity"]}, {"51b18cacd5a69765b4cdc0833a44890b": ["1", "com.photo.collage.musically.grid.picartcollage.MainCollageActivity"]}, {"44833b33d0860fc40f2a89a7fa7815bc": ["3", "com.photo.collage.musically.grid.picartcollage.MainCollageActivity"]}, {"d73776326ced7f1ef42c44385addb4fd": ["2", "com.photo.collage.musically.grid.picartcollage.MainCollageActivity"]}, {"44833b33d0860fc40f2a89a7fa7815bc": ["3", "com.photo.collage.musically.grid.picartcollage.MainCollageActivity"]}, {"d73776326ced7f1ef42c44385addb4fd": ["2", "com.photo.collage.musically.grid.picartcollage.MainCollageActivity"]}, {"44833b33d0860fc40f2a89a7fa7815bc": ["3", "com.photo.collage.musically.grid.picartcollage.MainCollageActivity"]}, {"44833b33d0860fc40f2a89a7fa7815bc": ["3", "com.photo.collage.musically.grid.picartcollage.MainCollageActivity"]}, {"51b18cacd5a69765b4cdc0833a44890b": ["1", "com.photo.collage.musically.grid.picartcollage.MainCollageActivity"]}, {"51b18cacd5a69765b4cdc0833a44890b": ["1", "com.photo.collage.musically.grid.picartcollage.MainCollageActivity"]}, {"51b18cacd5a69765b4cdc0833a44890b": ["1", "com.photo.collage.musically.grid.picartcollage.MainCollageActivity"]}, {"51b18cacd5a69765b4cdc0833a44890b": ["1", "com.photo.collage.musically.grid.picartcollage.MainCollageActivity"]}, {"51b18cacd5a69765b4cdc0833a44890b": ["1", "com.photo.collage.musically.grid.picartcollage.MainCollageActivity"]}, {"51b18cacd5a69765b4cdc0833a44890b": ["1", "com.photo.collage.musically.grid.picartcollage.MainCollageActivity"]}, {"ea871f741f16b152f32ee0c13c2b28bd": ["0", "com.photo.collage.musically.grid.picartcollage.MainCollageActivity"]}, {"51b18cacd5a69765b4cdc0833a44890b": ["1", "com.photo.collage.musically.grid.picartcollage.MainCollageActivity"]}, {"d73776326ced7f1ef42c44385addb4fd": ["2", "com.photo.collage.musically.grid.picartcollage.MainCollageActivity"]}, {"44833b33d0860fc40f2a89a7fa7815bc": ["3", "com.photo.collage.musically.grid.picartcollage.MainCollageActivity"]}, {"d73776326ced7f1ef42c44385addb4fd": ["2", "com.photo.collage.musically.grid.picartcollage.MainCollageActivity"]}, {"44833b33d0860fc40f2a89a7fa7815bc": ["3", "com.photo.collage.musically.grid.picartcollage.MainCollageActivity"]}, {"44833b33d0860fc40f2a89a7fa7815bc": ["3", "com.photo.collage.musically.grid.picartcollage.MainCollageActivity"]}, {"44833b33d0860fc40f2a89a7fa7815bc": ["3", "com.photo.collage.musically.grid.picartcollage.MainCollageActivity"]}, {"44833b33d0860fc40f2a89a7fa7815bc": ["3", "com.photo.collage.musically.grid.picartcollage.MainCollageActivity"]}, {"f30da958d138d266267fcef8c3237a00": ["4", "com.photo.collage.musically.grid.picartcollage.MainCollageActivity"]}, {"44833b33d0860fc40f2a89a7fa7815bc": ["3", "com.photo.collage.musically.grid.picartcollage.MainCollageActivity"]}, {"d73776326ced7f1ef42c44385addb4fd": ["2", "com.photo.collage.musically.grid.picartcollage.MainCollageActivity"]}, {"d73776326ced7f1ef42c44385addb4fd": ["2", "com.photo.collage.musically.grid.picartcollage.MainCollageActivity"]}, {"d73776326ced7f1ef42c44385addb4fd": ["2", "com.photo.collage.musically.grid.picartcollage.MainCollageActivity"]}, {"d73776326ced7f1ef42c44385addb4fd": ["2", "com.photo.collage.musically.grid.picartcollage.MainCollageActivity"]}, {"44833b33d0860fc40f2a89a7fa7815bc": ["3", "com.photo.collage.musically.grid.picartcollage.MainCollageActivity"]}, {"44833b33d0860fc40f2a89a7fa7815bc": ["3", "com.photo.collage.musically.grid.picartcollage.MainCollageActivity"]}, {"51b18cacd5a69765b4cdc0833a44890b": ["1", "com.photo.collage.musically.grid.picartcollage.MainCollageActivity"]}, {"51b18cacd5a69765b4cdc0833a44890b": ["1", "com.photo.collage.musically.grid.picartcollage.MainCollageActivity"]}, {"f1c1e9bac667ddd60db5c7b52a03f0ac": ["5", "com.photo.collage.musically.grid.picartcollage.MainCollageActivity"]}, {"f1c1e9bac667ddd60db5c7b52a03f0ac": ["5", "com.photo.collage.musically.grid.picartcollage.MainCollageActivity"]}, {"51b18cacd5a69765b4cdc0833a44890b": ["1", "com.photo.collage.musically.grid.picartcollage.MainCollageActivity"]}, {"f1c1e9bac667ddd60db5c7b52a03f0ac": ["5", "com.photo.collage.musically.grid.picartcollage.MainCollageActivity"]}, {"51b18cacd5a69765b4cdc0833a44890b": ["1", "com.photo.collage.musically.grid.picartcollage.MainCollageActivity"]}, {"51b18cacd5a69765b4cdc0833a44890b": ["1", "com.photo.collage.musically.grid.picartcollage.MainCollageActivity"]}, {"f1c1e9bac667ddd60db5c7b52a03f0ac": ["5", "com.photo.collage.musically.grid.picartcollage.MainCollageActivity"]}, {"51b18cacd5a69765b4cdc0833a44890b": ["1", "com.photo.collage.musically.grid.picartcollage.MainCollageActivity"]}, {"ea871f741f16b152f32ee0c13c2b28bd": ["0", "com.photo.collage.musically.grid.picartcollage.MainCollageActivity"]}, {"f07258394d65dbe765574afea7230041": ["7", "com.photo.collage.musically.grid.picartcollage.MainCollageActivity"]}, {"ea871f741f16b152f32ee0c13c2b28bd": ["0", "com.photo.collage.musically.grid.picartcollage.MainCollageActivity"]}, {"ea871f741f16b152f32ee0c13c2b28bd": ["0", "com.photo.collage.musically.grid.picartcollage.MainCollageActivity"]}, {"51b18cacd5a69765b4cdc0833a44890b": ["1", "com.photo.collage.musically.grid.picartcollage.MainCollageActivity"]}, {"51b18cacd5a69765b4cdc0833a44890b": ["1", "com.photo.collage.musically.grid.picartcollage.MainCollageActivity"]}, {"51b18cacd5a69765b4cdc0833a44890b": ["1", "com.photo.collage.musically.grid.picartcollage.MainCollageActivity"]}, {"44833b33d0860fc40f2a89a7fa7815bc": ["3", "com.photo.collage.musically.grid.picartcollage.MainCollageActivity"]}, {"f30da958d138d266267fcef8c3237a00": ["4", "com.photo.collage.musically.grid.picartcollage.MainCollageActivity"]}, {"f30da958d138d266267fcef8c3237a00": ["4", "com.photo.collage.musically.grid.picartcollage.MainCollageActivity"]}, {"f1c1e9bac667ddd60db5c7b52a03f0ac": ["5", "com.photo.collage.musically.grid.picartcollage.MainCollageActivity"]}, {"f1c1e9bac667ddd60db5c7b52a03f0ac": ["5", "com.photo.collage.musically.grid.picartcollage.MainCollageActivity"]}, {"f1c1e9bac667ddd60db5c7b52a03f0ac": ["5", "com.photo.collage.musically.grid.picartcollage.MainCollageActivity"]}, {"f1c1e9bac667ddd60db5c7b52a03f0ac": ["5", "com.photo.collage.musically.grid.picartcollage.MainCollageActivity"]}, {"51b18cacd5a69765b4cdc0833a44890b": ["1", "com.photo.collage.musically.grid.picartcollage.MainCollageActivity"]}, {"44833b33d0860fc40f2a89a7fa7815bc": ["3", "com.photo.collage.musically.grid.picartcollage.MainCollageActivity"]}, {"44833b33d0860fc40f2a89a7fa7815bc": ["3", "com.photo.collage.musically.grid.picartcollage.MainCollageActivity"]}, {"44833b33d0860fc40f2a89a7fa7815bc": ["3", "com.photo.collage.musically.grid.picartcollage.MainCollageActivity"]}, {"44833b33d0860fc40f2a89a7fa7815bc": ["3", "com.photo.collage.musically.grid.picartcollage.MainCollageActivity"]}, {"d73776326ced7f1ef42c44385addb4fd": ["2", "com.photo.collage.musically.grid.picartcollage.MainCollageActivity"]}, {"ea871f741f16b152f32ee0c13c2b28bd": ["0", "com.photo.collage.musically.grid.picartcollage.MainCollageActivity"]}, {"51b18cacd5a69765b4cdc0833a44890b": ["1", "com.photo.collage.musically.grid.picartcollage.MainCollageActivity"]}, {"ea871f741f16b152f32ee0c13c2b28bd": ["0", "com.photo.collage.musically.grid.picartcollage.MainCollageActivity"]}, {"51b18cacd5a69765b4cdc0833a44890b": ["1", "com.photo.collage.musically.grid.picartcollage.MainCollageActivity"]}, {"51b18cacd5a69765b4cdc0833a44890b": ["1", "com.photo.collage.musically.grid.picartcollage.MainCollageActivity"]}, {"f1c1e9bac667ddd60db5c7b52a03f0ac": ["5", "com.photo.collage.musically.grid.picartcollage.MainCollageActivity"]}, {"51b18cacd5a69765b4cdc0833a44890b": ["1", "com.photo.collage.musically.grid.picartcollage.MainCollageActivity"]}, {"f1c1e9bac667ddd60db5c7b52a03f0ac": ["5", "com.photo.collage.musically.grid.picartcollage.MainCollageActivity"]}, {"f1c1e9bac667ddd60db5c7b52a03f0ac": ["5", "com.photo.collage.musically.grid.picartcollage.MainCollageActivity"]}, {"f1c1e9bac667ddd60db5c7b52a03f0ac": ["5", "com.photo.collage.musically.grid.picartcollage.MainCollageActivity"]}, {"f1c1e9bac667ddd60db5c7b52a03f0ac": ["5", "com.photo.collage.musically.grid.picartcollage.MainCollageActivity"]}, {"f1c1e9bac667ddd60db5c7b52a03f0ac": ["5", "com.photo.collage.musically.grid.picartcollage.MainCollageActivity"]}, {"51b18cacd5a69765b4cdc0833a44890b": ["1", "com.photo.collage.musically.grid.picartcollage.MainCollageActivity"]}, {"51b18cacd5a69765b4cdc0833a44890b": ["1", "com.photo.collage.musically.grid.picartcollage.MainCollageActivity"]}, {"f1c1e9bac667ddd60db5c7b52a03f0ac": ["5", "com.photo.collage.musically.grid.picartcollage.MainCollageActivity"]}, {"f1c1e9bac667ddd60db5c7b52a03f0ac": ["5", "com.photo.collage.musically.grid.picartcollage.MainCollageActivity"]}, {"51b18cacd5a69765b4cdc0833a44890b": ["1", "com.photo.collage.musically.grid.picartcollage.MainCollageActivity"]}, {"44833b33d0860fc40f2a89a7fa7815bc": ["3", "com.photo.collage.musically.grid.picartcollage.MainCollageActivity"]}, {"44833b33d0860fc40f2a89a7fa7815bc": ["3", "com.photo.collage.musically.grid.picartcollage.MainCollageActivity"]}, {"f30da958d138d266267fcef8c3237a00": ["4", "com.photo.collage.musically.grid.picartcollage.MainCollageActivity"]}, {"44833b33d0860fc40f2a89a7fa7815bc": ["3", "com.photo.collage.musically.grid.picartcollage.MainCollageActivity"]}, {"d73776326ced7f1ef42c44385addb4fd": ["2", "com.photo.collage.musically.grid.picartcollage.MainCollageActivity"]}, {"44833b33d0860fc40f2a89a7fa7815bc": ["3", "com.photo.collage.musically.grid.picartcollage.MainCollageActivity"]}, {"d73776326ced7f1ef42c44385addb4fd": ["2", "com.photo.collage.musically.grid.picartcollage.MainCollageActivity"]}, {"ea871f741f16b152f32ee0c13c2b28bd": ["0", "com.photo.collage.musically.grid.picartcollage.MainCollageActivity"]}, {"51b18cacd5a69765b4cdc0833a44890b": ["1", "com.photo.collage.musically.grid.picartcollage.MainCollageActivity"]}, {"ea871f741f16b152f32ee0c13c2b28bd": ["0", "com.photo.collage.musically.grid.picartcollage.MainCollageActivity"]}, {"d73776326ced7f1ef42c44385addb4fd": ["2", "com.photo.collage.musically.grid.picartcollage.MainCollageActivity"]}, {"5757501397921f0533850b0630f2b088": ["6", "com.photo.collage.musically.grid.picartcollage.MainCollageActivity"]}, {"d73776326ced7f1ef42c44385addb4fd": ["2", "com.photo.collage.musically.grid.picartcollage.MainCollageActivity"]}, {"d73776326ced7f1ef42c44385addb4fd": ["2", "com.photo.collage.musically.grid.picartcollage.MainCollageActivity"]}, {"d73776326ced7f1ef42c44385addb4fd": ["2", "com.photo.collage.musically.grid.picartcollage.MainCollageActivity"]}, {"44833b33d0860fc40f2a89a7fa7815bc": ["3", "com.photo.collage.musically.grid.picartcollage.MainCollageActivity"]}, {"44833b33d0860fc40f2a89a7fa7815bc": ["3", "com.photo.collage.musically.grid.picartcollage.MainCollageActivity"]}, {"44833b33d0860fc40f2a89a7fa7815bc": ["3", "com.photo.collage.musically.grid.picartcollage.MainCollageActivity"]}, {"51b18cacd5a69765b4cdc0833a44890b": ["1", "com.photo.collage.musically.grid.picartcollage.MainCollageActivity"]}, {"d73776326ced7f1ef42c44385addb4fd": ["2", "com.photo.collage.musically.grid.picartcollage.MainCollageActivity"]}, {"44833b33d0860fc40f2a89a7fa7815bc": ["3", "com.photo.collage.musically.grid.picartcollage.MainCollageActivity"]}, {"44833b33d0860fc40f2a89a7fa7815bc": ["3", "com.photo.collage.musically.grid.picartcollage.MainCollageActivity"]}, {"f30da958d138d266267fcef8c3237a00": ["4", "com.photo.collage.musically.grid.picartcollage.MainCollageActivity"]}, {"ea871f741f16b152f32ee0c13c2b28bd": ["0", "com.photo.collage.musically.grid.picartcollage.MainCollageActivity"]}, {"d73776326ced7f1ef42c44385addb4fd": ["2", "com.photo.collage.musically.grid.picartcollage.MainCollageActivity"]}, {"ea871f741f16b152f32ee0c13c2b28bd": ["0", "com.photo.collage.musically.grid.picartcollage.MainCollageActivity"]}, {"51b18cacd5a69765b4cdc0833a44890b": ["1", "com.photo.collage.musically.grid.picartcollage.MainCollageActivity"]}, {"44833b33d0860fc40f2a89a7fa7815bc": ["3", "com.photo.collage.musically.grid.picartcollage.MainCollageActivity"]}, {"d73776326ced7f1ef42c44385addb4fd": ["2", "com.photo.collage.musically.grid.picartcollage.MainCollageActivity"]}, {"44833b33d0860fc40f2a89a7fa7815bc": ["3", "com.photo.collage.musically.grid.picartcollage.MainCollageActivity"]}, {"44833b33d0860fc40f2a89a7fa7815bc": ["3", "com.photo.collage.musically.grid.picartcollage.MainCollageActivity"]}, {"44833b33d0860fc40f2a89a7fa7815bc": ["3", "com.photo.collage.musically.grid.picartcollage.MainCollageActivity"]}, {"44833b33d0860fc40f2a89a7fa7815bc": ["3", "com.photo.collage.musically.grid.picartcollage.MainCollageActivity"]}, {"44833b33d0860fc40f2a89a7fa7815bc": ["3", "com.photo.collage.musically.grid.picartcollage.MainCollageActivity"]}, {"f30da958d138d266267fcef8c3237a00": ["4", "com.photo.collage.musically.grid.picartcollage.MainCollageActivity"]}, {"f30da958d138d266267fcef8c3237a00": ["4", "com.photo.collage.musically.grid.picartcollage.MainCollageActivity"]}, {"f30da958d138d266267fcef8c3237a00": ["4", "com.photo.collage.musically.grid.picartcollage.MainCollageActivity"]}, {"ea871f741f16b152f32ee0c13c2b28bd": ["0", "com.photo.collage.musically.grid.picartcollage.MainCollageActivity"]}, {"d73776326ced7f1ef42c44385addb4fd": ["2", "com.photo.collage.musically.grid.picartcollage.MainCollageActivity"]}, {"d73776326ced7f1ef42c44385addb4fd": ["2", "com.photo.collage.musically.grid.picartcollage.MainCollageActivity"]}, {"44833b33d0860fc40f2a89a7fa7815bc": ["3", "com.photo.collage.musically.grid.picartcollage.MainCollageActivity"]}, {"44833b33d0860fc40f2a89a7fa7815bc": ["3", "com.photo.collage.musically.grid.picartcollage.MainCollageActivity"]}, {"f30da958d138d266267fcef8c3237a00": ["4", "com.photo.collage.musically.grid.picartcollage.MainCollageActivity"]}, {"f30da958d138d266267fcef8c3237a00": ["4", "com.photo.collage.musically.grid.picartcollage.MainCollageActivity"]}, {"5757501397921f0533850b0630f2b088": ["6", "com.photo.collage.musically.grid.picartcollage.MainCollageActivity"]}, {"44833b33d0860fc40f2a89a7fa7815bc": ["3", "com.photo.collage.musically.grid.picartcollage.MainCollageActivity"]}, {"f30da958d138d266267fcef8c3237a00": ["4", "com.photo.collage.musically.grid.picartcollage.MainCollageActivity"]}, {"44833b33d0860fc40f2a89a7fa7815bc": ["3", "com.photo.collage.musically.grid.picartcollage.MainCollageActivity"]}, {"ea871f741f16b152f32ee0c13c2b28bd": ["0", "com.photo.collage.musically.grid.picartcollage.MainCollageActivity"]}, {"ea871f741f16b152f32ee0c13c2b28bd": ["0", "com.photo.collage.musically.grid.picartcollage.MainCollageActivity"]}, {"d73776326ced7f1ef42c44385addb4fd": ["2", "com.photo.collage.musically.grid.picartcollage.MainCollageActivity"]}, {"44833b33d0860fc40f2a89a7fa7815bc": ["3", "com.photo.collage.musically.grid.picartcollage.MainCollageActivity"]}, {"44833b33d0860fc40f2a89a7fa7815bc": ["3", "com.photo.collage.musically.grid.picartcollage.MainCollageActivity"]}, {"f30da958d138d266267fcef8c3237a00": ["4", "com.photo.collage.musically.grid.picartcollage.MainCollageActivity"]}, {"44833b33d0860fc40f2a89a7fa7815bc": ["3", "com.photo.collage.musically.grid.picartcollage.MainCollageActivity"]}, {"44833b33d0860fc40f2a89a7fa7815bc": ["3", "com.photo.collage.musically.grid.picartcollage.MainCollageActivity"]}, {"d73776326ced7f1ef42c44385addb4fd": ["2", "com.photo.collage.musically.grid.picartcollage.MainCollageActivity"]}, {"ea871f741f16b152f32ee0c13c2b28bd": ["0", "com.photo.collage.musically.grid.picartcollage.MainCollageActivity"]}, {"51b18cacd5a69765b4cdc0833a44890b": ["1", "com.photo.collage.musically.grid.picartcollage.MainCollageActivity"]}, {"51b18cacd5a69765b4cdc0833a44890b": ["1", "com.photo.collage.musically.grid.picartcollage.MainCollageActivity"]}, {"51b18cacd5a69765b4cdc0833a44890b": ["1", "com.photo.collage.musically.grid.picartcollage.MainCollageActivity"]}, {"51b18cacd5a69765b4cdc0833a44890b": ["1", "com.photo.collage.musically.grid.picartcollage.MainCollageActivity"]}, {"ea871f741f16b152f32ee0c13c2b28bd": ["0", "com.photo.collage.musically.grid.picartcollage.MainCollageActivity"]}, {"51b18cacd5a69765b4cdc0833a44890b": ["1", "com.photo.collage.musically.grid.picartcollage.MainCollageActivity"]}, {"51b18cacd5a69765b4cdc0833a44890b": ["1", "com.photo.collage.musically.grid.picartcollage.MainCollageActivity"]}, {"f1c1e9bac667ddd60db5c7b52a03f0ac": ["5", "com.photo.collage.musically.grid.picartcollage.MainCollageActivity"]}, {"f1c1e9bac667ddd60db5c7b52a03f0ac": ["5", "com.photo.collage.musically.grid.picartcollage.MainCollageActivity"]}, {"f07258394d65dbe765574afea7230041": ["7", "com.photo.collage.musically.grid.picartcollage.MainCollageActivity"]}, {"ea871f741f16b152f32ee0c13c2b28bd": ["0", "com.photo.collage.musically.grid.picartcollage.MainCollageActivity"]}, {"ea871f741f16b152f32ee0c13c2b28bd": ["0", "com.photo.collage.musically.grid.picartcollage.MainCollageActivity"]}, {"51b18cacd5a69765b4cdc0833a44890b": ["1", "com.photo.collage.musically.grid.picartcollage.MainCollageActivity"]}, {"51b18cacd5a69765b4cdc0833a44890b": ["1", "com.photo.collage.musically.grid.picartcollage.MainCollageActivity"]}, {"51b18cacd5a69765b4cdc0833a44890b": ["1", "com.photo.collage.musically.grid.picartcollage.MainCollageActivity"]}, {"51b18cacd5a69765b4cdc0833a44890b": ["1", "com.photo.collage.musically.grid.picartcollage.MainCollageActivity"]}, {"51b18cacd5a69765b4cdc0833a44890b": ["1", "com.photo.collage.musically.grid.picartcollage.MainCollageActivity"]}, {"ea871f741f16b152f32ee0c13c2b28bd": ["0", "com.photo.collage.musically.grid.picartcollage.MainCollageActivity"]}, {"d73776326ced7f1ef42c44385addb4fd": ["2", "com.photo.collage.musically.grid.picartcollage.MainCollageActivity"]}, {"44833b33d0860fc40f2a89a7fa7815bc": ["3", "com.photo.collage.musically.grid.picartcollage.MainCollageActivity"]}, {"44833b33d0860fc40f2a89a7fa7815bc": ["3", "com.photo.collage.musically.grid.picartcollage.MainCollageActivity"]}, {"44833b33d0860fc40f2a89a7fa7815bc": ["3", "com.photo.collage.musically.grid.picartcollage.MainCollageActivity"]}, {"44833b33d0860fc40f2a89a7fa7815bc": ["3", "com.photo.collage.musically.grid.picartcollage.MainCollageActivity"]}, {"44833b33d0860fc40f2a89a7fa7815bc": ["3", "com.photo.collage.musically.grid.picartcollage.MainCollageActivity"]}, {"d73776326ced7f1ef42c44385addb4fd": ["2", "com.photo.collage.musically.grid.picartcollage.MainCollageActivity"]}, {"ea871f741f16b152f32ee0c13c2b28bd": ["0", "com.photo.collage.musically.grid.picartcollage.MainCollageActivity"]}, {"51b18cacd5a69765b4cdc0833a44890b": ["1", "com.photo.collage.musically.grid.picartcollage.MainCollageActivity"]}, {"51b18cacd5a69765b4cdc0833a44890b": ["1", "com.photo.collage.musically.grid.picartcollage.MainCollageActivity"]}, {"ea871f741f16b152f32ee0c13c2b28bd": ["0", "com.photo.collage.musically.grid.picartcollage.MainCollageActivity"]}, {"51b18cacd5a69765b4cdc0833a44890b": ["1", "com.photo.collage.musically.grid.picartcollage.MainCollageActivity"]}, {"51b18cacd5a69765b4cdc0833a44890b": ["1", "com.photo.collage.musically.grid.picartcollage.MainCollageActivity"]}, {"51b18cacd5a69765b4cdc0833a44890b": ["1", "com.photo.collage.musically.grid.picartcollage.MainCollageActivity"]}, {"ea871f741f16b152f32ee0c13c2b28bd": ["0", "com.photo.collage.musically.grid.picartcollage.MainCollageActivity"]}, {"d73776326ced7f1ef42c44385addb4fd": ["2", "com.photo.collage.musically.grid.picartcollage.MainCollageActivity"]}, {"44833b33d0860fc40f2a89a7fa7815bc": ["3", "com.photo.collage.musically.grid.picartcollage.MainCollageActivity"]}, {"51b18cacd5a69765b4cdc0833a44890b": ["1", "com.photo.collage.musically.grid.picartcollage.MainCollageActivity"]}, {"44833b33d0860fc40f2a89a7fa7815bc": ["3", "com.photo.collage.musically.grid.picartcollage.MainCollageActivity"]}, {"44833b33d0860fc40f2a89a7fa7815bc": ["3", "com.photo.collage.musically.grid.picartcollage.MainCollageActivity"]}, {"44833b33d0860fc40f2a89a7fa7815bc": ["3", "com.photo.collage.musically.grid.picartcollage.MainCollageActivity"]}, {"44833b33d0860fc40f2a89a7fa7815bc": ["3", "com.photo.collage.musically.grid.picartcollage.MainCollageActivity"]}, {"44833b33d0860fc40f2a89a7fa7815bc": ["3", "com.photo.collage.musically.grid.picartcollage.MainCollageActivity"]}, {"d73776326ced7f1ef42c44385addb4fd": ["2", "com.photo.collage.musically.grid.picartcollage.MainCollageActivity"]}, {"d73776326ced7f1ef42c44385addb4fd": ["2", "com.photo.collage.musically.grid.picartcollage.MainCollageActivity"]}, {"5757501397921f0533850b0630f2b088": ["6", "com.photo.collage.musically.grid.picartcollage.MainCollageActivity"]}, {"d73776326ced7f1ef42c44385addb4fd": ["2", "com.photo.collage.musically.grid.picartcollage.MainCollageActivity"]}, {"d73776326ced7f1ef42c44385addb4fd": ["2", "com.photo.collage.musically.grid.picartcollage.MainCollageActivity"]}, {"44833b33d0860fc40f2a89a7fa7815bc": ["3", "com.photo.collage.musically.grid.picartcollage.MainCollageActivity"]}, {"44833b33d0860fc40f2a89a7fa7815bc": ["3", "com.photo.collage.musically.grid.picartcollage.MainCollageActivity"]}, {"ea871f741f16b152f32ee0c13c2b28bd": ["0", "com.photo.collage.musically.grid.picartcollage.MainCollageActivity"]}, {"d73776326ced7f1ef42c44385addb4fd": ["2", "com.photo.collage.musically.grid.picartcollage.MainCollageActivity"]}, {"5757501397921f0533850b0630f2b088": ["6", "com.photo.collage.musically.grid.picartcollage.MainCollageActivity"]}, {"f30da958d138d266267fcef8c3237a00": ["4", "com.photo.collage.musically.grid.picartcollage.MainCollageActivity"]}, {"f30da958d138d266267fcef8c3237a00": ["4", "com.photo.collage.musically.grid.picartcollage.MainCollageActivity"]}, {"44833b33d0860fc40f2a89a7fa7815bc": ["3", "com.photo.collage.musically.grid.picartcollage.MainCollageActivity"]}, {"51b18cacd5a69765b4cdc0833a44890b": ["1", "com.photo.collage.musically.grid.picartcollage.MainCollageActivity"]}, {"51b18cacd5a69765b4cdc0833a44890b": ["1", "com.photo.collage.musically.grid.picartcollage.MainCollageActivity"]}, {"f1c1e9bac667ddd60db5c7b52a03f0ac": ["5", "com.photo.collage.musically.grid.picartcollage.MainCollageActivity"]}, {"51b18cacd5a69765b4cdc0833a44890b": ["1", "com.photo.collage.musically.grid.picartcollage.MainCollageActivity"]}, {"f1c1e9bac667ddd60db5c7b52a03f0ac": ["5", "com.photo.collage.musically.grid.picartcollage.MainCollageActivity"]}, {"ea871f741f16b152f32ee0c13c2b28bd": ["0", "com.photo.collage.musically.grid.picartcollage.MainCollageActivity"]}, {"d73776326ced7f1ef42c44385addb4fd": ["2", "com.photo.collage.musically.grid.picartcollage.MainCollageActivity"]}, {"44833b33d0860fc40f2a89a7fa7815bc": ["3", "com.photo.collage.musically.grid.picartcollage.MainCollageActivity"]}, {"51b18cacd5a69765b4cdc0833a44890b": ["1", "com.photo.collage.musically.grid.picartcollage.MainCollageActivity"]}, {"51b18cacd5a69765b4cdc0833a44890b": ["1", "com.photo.collage.musically.grid.picartcollage.MainCollageActivity"]}, {"51b18cacd5a69765b4cdc0833a44890b": ["1", "com.photo.collage.musically.grid.picartcollage.MainCollageActivity"]}, {"51b18cacd5a69765b4cdc0833a44890b": ["1", "com.photo.collage.musically.grid.picartcollage.MainCollageActivity"]}, {"51b18cacd5a69765b4cdc0833a44890b": ["1", "com.photo.collage.musically.grid.picartcollage.MainCollageActivity"]}, {"51b18cacd5a69765b4cdc0833a44890b": ["1", "com.photo.collage.musically.grid.picartcollage.MainCollageActivity"]}, {"51b18cacd5a69765b4cdc0833a44890b": ["1", "com.photo.collage.musically.grid.picartcollage.MainCollageActivity"]}, {"51b18cacd5a69765b4cdc0833a44890b": ["1", "com.photo.collage.musically.grid.picartcollage.MainCollageActivity"]}, {"ea871f741f16b152f32ee0c13c2b28bd": ["0", "com.photo.collage.musically.grid.picartcollage.MainCollageActivity"]}, {"ea871f741f16b152f32ee0c13c2b28bd": ["0", "com.photo.collage.musically.grid.picartcollage.MainCollageActivity"]}, {"51b18cacd5a69765b4cdc0833a44890b": ["1", "com.photo.collage.musically.grid.picartcollage.MainCollageActivity"]}, {"51b18cacd5a69765b4cdc0833a44890b": ["1", "com.photo.collage.musically.grid.picartcollage.MainCollageActivity"]}, {"51b18cacd5a69765b4cdc0833a44890b": ["1", "com.photo.collage.musically.grid.picartcollage.MainCollageActivity"]}, {"51b18cacd5a69765b4cdc0833a44890b": ["1", "com.photo.collage.musically.grid.picartcollage.MainCollageActivity"]}, {"51b18cacd5a69765b4cdc0833a44890b": ["1", "com.photo.collage.musically.grid.picartcollage.MainCollageActivity"]}, {"51b18cacd5a69765b4cdc0833a44890b": ["1", "com.photo.collage.musically.grid.picartcollage.MainCollageActivity"]}, {"f1c1e9bac667ddd60db5c7b52a03f0ac": ["5", "com.photo.collage.musically.grid.picartcollage.MainCollageActivity"]}, {"f1c1e9bac667ddd60db5c7b52a03f0ac": ["5", "com.photo.collage.musically.grid.picartcollage.MainCollageActivity"]}, {"f1c1e9bac667ddd60db5c7b52a03f0ac": ["5", "com.photo.collage.musically.grid.picartcollage.MainCollageActivity"]}, {"f1c1e9bac667ddd60db5c7b52a03f0ac": ["5", "com.photo.collage.musically.grid.picartcollage.MainCollageActivity"]}, {"f1c1e9bac667ddd60db5c7b52a03f0ac": ["5", "com.photo.collage.musically.grid.picartcollage.MainCollageActivity"]}, {"51b18cacd5a69765b4cdc0833a44890b": ["1", "com.photo.collage.musically.grid.picartcollage.MainCollageActivity"]}, {"ea871f741f16b152f32ee0c13c2b28bd": ["0", "com.photo.collage.musically.grid.picartcollage.MainCollageActivity"]}, {"ea871f741f16b152f32ee0c13c2b28bd": ["0", "com.photo.collage.musically.grid.picartcollage.MainCollageActivity"]}, {"ea871f741f16b152f32ee0c13c2b28bd": ["0", "com.photo.collage.musically.grid.picartcollage.MainCollageActivity"]}, {"51b18cacd5a69765b4cdc0833a44890b": ["1", "com.photo.collage.musically.grid.picartcollage.MainCollageActivity"]}, {"44833b33d0860fc40f2a89a7fa7815bc": ["3", "com.photo.collage.musically.grid.picartcollage.MainCollageActivity"]}, {"d73776326ced7f1ef42c44385addb4fd": ["2", "com.photo.collage.musically.grid.picartcollage.MainCollageActivity"]}, {"44833b33d0860fc40f2a89a7fa7815bc": ["3", "com.photo.collage.musically.grid.picartcollage.MainCollageActivity"]}, {"ea871f741f16b152f32ee0c13c2b28bd": ["0", "com.photo.collage.musically.grid.picartcollage.MainCollageActivity"]}, {"51b18cacd5a69765b4cdc0833a44890b": ["1", "com.photo.collage.musically.grid.picartcollage.MainCollageActivity"]}, {"51b18cacd5a69765b4cdc0833a44890b": ["1", "com.photo.collage.musically.grid.picartcollage.MainCollageActivity"]}, {"51b18cacd5a69765b4cdc0833a44890b": ["1", "com.photo.collage.musically.grid.picartcollage.MainCollageActivity"]}, {"51b18cacd5a69765b4cdc0833a44890b": ["1", "com.photo.collage.musically.grid.picartcollage.MainCollageActivity"]}, {"51b18cacd5a69765b4cdc0833a44890b": ["1", "com.photo.collage.musically.grid.picartcollage.MainCollageActivity"]}, {"51b18cacd5a69765b4cdc0833a44890b": ["1", "com.photo.collage.musically.grid.picartcollage.MainCollageActivity"]}, {"ea871f741f16b152f32ee0c13c2b28bd": ["0", "com.photo.collage.musically.grid.picartcollage.MainCollageActivity"]}, {"ea871f741f16b152f32ee0c13c2b28bd": ["0", "com.photo.collage.musically.grid.picartcollage.MainCollageActivity"]}, {"51b18cacd5a69765b4cdc0833a44890b": ["1", "com.photo.collage.musically.grid.picartcollage.MainCollageActivity"]}, {"f1c1e9bac667ddd60db5c7b52a03f0ac": ["5", "com.photo.collage.musically.grid.picartcollage.MainCollageActivity"]}, {"f1c1e9bac667ddd60db5c7b52a03f0ac": ["5", "com.photo.collage.musically.grid.picartcollage.MainCollageActivity"]}, {"f1c1e9bac667ddd60db5c7b52a03f0ac": ["5", "com.photo.collage.musically.grid.picartcollage.MainCollageActivity"]}, {"f07258394d65dbe765574afea7230041": ["7", "com.photo.collage.musically.grid.picartcollage.MainCollageActivity"]}, {"ea871f741f16b152f32ee0c13c2b28bd": ["0", "com.photo.collage.musically.grid.picartcollage.MainCollageActivity"]}, {"f07258394d65dbe765574afea7230041": ["7", "com.photo.collage.musically.grid.picartcollage.MainCollageActivity"]}, {"ea871f741f16b152f32ee0c13c2b28bd": ["0", "com.photo.collage.musically.grid.picartcollage.MainCollageActivity"]}, {"51b18cacd5a69765b4cdc0833a44890b": ["1", "com.photo.collage.musically.grid.picartcollage.MainCollageActivity"]}, {"ea871f741f16b152f32ee0c13c2b28bd": ["0", "com.photo.collage.musically.grid.picartcollage.MainCollageActivity"]}, {"51b18cacd5a69765b4cdc0833a44890b": ["1", "com.photo.collage.musically.grid.picartcollage.MainCollageActivity"]}, {"ea871f741f16b152f32ee0c13c2b28bd": ["0", "com.photo.collage.musically.grid.picartcollage.MainCollageActivity"]}, {"ea871f741f16b152f32ee0c13c2b28bd": ["0", "com.photo.collage.musically.grid.picartcollage.MainCollageActivity"]}, {"51b18cacd5a69765b4cdc0833a44890b": ["1", "com.photo.collage.musically.grid.picartcollage.MainCollageActivity"]}, {"51b18cacd5a69765b4cdc0833a44890b": ["1", "com.photo.collage.musically.grid.picartcollage.MainCollageActivity"]}, {"51b18cacd5a69765b4cdc0833a44890b": ["1", "com.photo.collage.musically.grid.picartcollage.MainCollageActivity"]}, {"d73776326ced7f1ef42c44385addb4fd": ["2", "com.photo.collage.musically.grid.picartcollage.MainCollageActivity"]}, {"d73776326ced7f1ef42c44385addb4fd": ["2", "com.photo.collage.musically.grid.picartcollage.MainCollageActivity"]}, {"5757501397921f0533850b0630f2b088": ["6", "com.photo.collage.musically.grid.picartcollage.MainCollageActivity"]}, {"d73776326ced7f1ef42c44385addb4fd": ["2", "com.photo.collage.musically.grid.picartcollage.MainCollageActivity"]}, {"ea871f741f16b152f32ee0c13c2b28bd": ["0", "com.photo.collage.musically.grid.picartcollage.MainCollageActivity"]}, {"f07258394d65dbe765574afea7230041": ["7", "com.photo.collage.musically.grid.picartcollage.MainCollageActivity"]}, {"ea871f741f16b152f32ee0c13c2b28bd": ["0", "com.photo.collage.musically.grid.picartcollage.MainCollageActivity"]}, {"51b18cacd5a69765b4cdc0833a44890b": ["1", "com.photo.collage.musically.grid.picartcollage.MainCollageActivity"]}, {"f1c1e9bac667ddd60db5c7b52a03f0ac": ["5", "com.photo.collage.musically.grid.picartcollage.MainCollageActivity"]}, {"51b18cacd5a69765b4cdc0833a44890b": ["1", "com.photo.collage.musically.grid.picartcollage.MainCollageActivity"]}, {"ea871f741f16b152f32ee0c13c2b28bd": ["0", "com.photo.collage.musically.grid.picartcollage.MainCollageActivity"]}, {"d73776326ced7f1ef42c44385addb4fd": ["2", "com.photo.collage.musically.grid.picartcollage.MainCollageActivity"]}, {"d73776326ced7f1ef42c44385addb4fd": ["2", "com.photo.collage.musically.grid.picartcollage.MainCollageActivity"]}, {"44833b33d0860fc40f2a89a7fa7815bc": ["3", "com.photo.collage.musically.grid.picartcollage.MainCollageActivity"]}, {"44833b33d0860fc40f2a89a7fa7815bc": ["3", "com.photo.collage.musically.grid.picartcollage.MainCollageActivity"]}, {"44833b33d0860fc40f2a89a7fa7815bc": ["3", "com.photo.collage.musically.grid.picartcollage.MainCollageActivity"]}, {"44833b33d0860fc40f2a89a7fa7815bc": ["3", "com.photo.collage.musically.grid.picartcollage.MainCollageActivity"]}, {"44833b33d0860fc40f2a89a7fa7815bc": ["3", "com.photo.collage.musically.grid.picartcollage.MainCollageActivity"]}, {"44833b33d0860fc40f2a89a7fa7815bc": ["3", "com.photo.collage.musically.grid.picartcollage.MainCollageActivity"]}, {"44833b33d0860fc40f2a89a7fa7815bc": ["3", "com.photo.collage.musically.grid.picartcollage.MainCollageActivity"]}, {"44833b33d0860fc40f2a89a7fa7815bc": ["3", "com.photo.collage.musically.grid.picartcollage.MainCollageActivity"]}, {"44833b33d0860fc40f2a89a7fa7815bc": ["3", "com.photo.collage.musically.grid.picartcollage.MainCollageActivity"]}, {"44833b33d0860fc40f2a89a7fa7815bc": ["3", "com.photo.collage.musically.grid.picartcollage.MainCollageActivity"]}, {"44833b33d0860fc40f2a89a7fa7815bc": ["3", "com.photo.collage.musically.grid.picartcollage.MainCollageActivity"]}, {"44833b33d0860fc40f2a89a7fa7815bc": ["3", "com.photo.collage.musically.grid.picartcollage.MainCollageActivity"]}, {"44833b33d0860fc40f2a89a7fa7815bc": ["3", "com.photo.collage.musically.grid.picartcollage.MainCollageActivity"]}, {"44833b33d0860fc40f2a89a7fa7815bc": ["3", "com.photo.collage.musically.grid.picartcollage.MainCollageActivity"]}, {"44833b33d0860fc40f2a89a7fa7815bc": ["3", "com.photo.collage.musically.grid.picartcollage.MainCollageActivity"]}, {"44833b33d0860fc40f2a89a7fa7815bc": ["3", "com.photo.collage.musically.grid.picartcollage.MainCollageActivity"]}, {"f30da958d138d266267fcef8c3237a00": ["4", "com.photo.collage.musically.grid.picartcollage.MainCollageActivity"]}, {"44833b33d0860fc40f2a89a7fa7815bc": ["3", "com.photo.collage.musically.grid.picartcollage.MainCollageActivity"]}]