[{"7fcf71d4d3788ce89e3b5f5f554f9405": ["8", "com.photo.collage.musically.grid.picartcollage.MainCollageActivity"]}, {"510d2ef7e8687c976542bfdf3407c5cc": ["9", "com.photo.collage.musically.grid.picartcollage.MainCollageActivity"]}, {"e8fbc0c043a91983318677ce311ca82b": ["11", "com.photo.collage.musically.grid.picartcollage.MainCollageActivity"]}, {"966aac18150525db78a349ed5102910a": ["12", "com.photo.collage.musically.grid.picartcollage.MainCollageActivity"]}, {"966aac18150525db78a349ed5102910a": ["12", "com.photo.collage.musically.grid.picartcollage.MainCollageActivity"]}, {"070b50ba56a72e0c251c82d4c5ff89eb": ["15", "com.photo.collage.musically.grid.picartcollage.MainCollageActivity"]}, {"966aac18150525db78a349ed5102910a": ["12", "com.photo.collage.musically.grid.picartcollage.MainCollageActivity"]}, {"966aac18150525db78a349ed5102910a": ["12", "com.photo.collage.musically.grid.picartcollage.MainCollageActivity"]}, {"966aac18150525db78a349ed5102910a": ["12", "com.photo.collage.musically.grid.picartcollage.MainCollageActivity"]}, {"7fcf71d4d3788ce89e3b5f5f554f9405": ["8", "com.photo.collage.musically.grid.picartcollage.MainCollageActivity"]}, {"01d61196b1a949f789d7c011cedadca4": ["10", "com.photo.collage.musically.grid.picartcollage.MainCollageActivity"]}, {"7fcf71d4d3788ce89e3b5f5f554f9405": ["8", "com.photo.collage.musically.grid.picartcollage.MainCollageActivity"]}, {"01d61196b1a949f789d7c011cedadca4": ["10", "com.photo.collage.musically.grid.picartcollage.MainCollageActivity"]}, {"7fcf71d4d3788ce89e3b5f5f554f9405": ["8", "com.photo.collage.musically.grid.picartcollage.MainCollageActivity"]}, {"01d61196b1a949f789d7c011cedadca4": ["10", "com.photo.collage.musically.grid.picartcollage.MainCollageActivity"]}, {"e8fbc0c043a91983318677ce311ca82b": ["11", "com.photo.collage.musically.grid.picartcollage.MainCollageActivity"]}, {"2b602c4e70f75092f9610639bfdc6f41": ["13", "com.photo.collage.musically.grid.picartcollage.MainCollageActivity"]}, {"2b602c4e70f75092f9610639bfdc6f41": ["13", "com.photo.collage.musically.grid.picartcollage.MainCollageActivity"]}, {"0ed2a51c82bc31fbcfe661230596b809": ["20", "com.photo.collage.musically.grid.picartcollage.MainCollageActivity"]}, {"e8fbc0c043a91983318677ce311ca82b": ["11", "com.photo.collage.musically.grid.picartcollage.MainCollageActivity"]}, {"e8fbc0c043a91983318677ce311ca82b": ["11", "com.photo.collage.musically.grid.picartcollage.MainCollageActivity"]}, {"7fcf71d4d3788ce89e3b5f5f554f9405": ["8", "com.photo.collage.musically.grid.picartcollage.MainCollageActivity"]}, {"966aac18150525db78a349ed5102910a": ["12", "com.photo.collage.musically.grid.picartcollage.MainCollageActivity"]}, {"7fcf71d4d3788ce89e3b5f5f554f9405": ["8", "com.photo.collage.musically.grid.picartcollage.MainCollageActivity"]}, {"0ed2a51c82bc31fbcfe661230596b809": ["20", "com.photo.collage.musically.grid.picartcollage.MainCollageActivity"]}, {"7fcf71d4d3788ce89e3b5f5f554f9405": ["8", "com.photo.collage.musically.grid.picartcollage.MainCollageActivity"]}, {"510d2ef7e8687c976542bfdf3407c5cc": ["9", "com.photo.collage.musically.grid.picartcollage.MainCollageActivity"]}, {"e8fbc0c043a91983318677ce311ca82b": ["11", "com.photo.collage.musically.grid.picartcollage.MainCollageActivity"]}, {"7fcf71d4d3788ce89e3b5f5f554f9405": ["8", "com.photo.collage.musically.grid.picartcollage.MainCollageActivity"]}, {"01d61196b1a949f789d7c011cedadca4": ["10", "com.photo.collage.musically.grid.picartcollage.MainCollageActivity"]}, {"7fcf71d4d3788ce89e3b5f5f554f9405": ["8", "com.photo.collage.musically.grid.picartcollage.MainCollageActivity"]}, {"b48bcf5841690d6a5f90e2c0ad5ca899": ["196", "com.photo.collage.musically.grid.picartcollage.MainCollageActivity"]}, {"7fcf71d4d3788ce89e3b5f5f554f9405": ["8", "com.photo.collage.musically.grid.picartcollage.MainCollageActivity"]}, {"510d2ef7e8687c976542bfdf3407c5cc": ["9", "com.photo.collage.musically.grid.picartcollage.MainCollageActivity"]}, {"7fcf71d4d3788ce89e3b5f5f554f9405": ["8", "com.photo.collage.musically.grid.picartcollage.MainCollageActivity"]}, {"0ed2a51c82bc31fbcfe661230596b809": ["20", "com.photo.collage.musically.grid.picartcollage.MainCollageActivity"]}, {"e8fbc0c043a91983318677ce311ca82b": ["11", "com.photo.collage.musically.grid.picartcollage.MainCollageActivity"]}, {"e8fbc0c043a91983318677ce311ca82b": ["11", "com.photo.collage.musically.grid.picartcollage.MainCollageActivity"]}, {"966aac18150525db78a349ed5102910a": ["12", "com.photo.collage.musically.grid.picartcollage.MainCollageActivity"]}, {"e8fbc0c043a91983318677ce311ca82b": ["11", "com.photo.collage.musically.grid.picartcollage.MainCollageActivity"]}, {"510d2ef7e8687c976542bfdf3407c5cc": ["9", "com.photo.collage.musically.grid.picartcollage.MainCollageActivity"]}, {"7fcf71d4d3788ce89e3b5f5f554f9405": ["8", "com.photo.collage.musically.grid.picartcollage.MainCollageActivity"]}, {"966aac18150525db78a349ed5102910a": ["12", "com.photo.collage.musically.grid.picartcollage.MainCollageActivity"]}, {"e8fbc0c043a91983318677ce311ca82b": ["11", "com.photo.collage.musically.grid.picartcollage.MainCollageActivity"]}, {"966aac18150525db78a349ed5102910a": ["12", "com.photo.collage.musically.grid.picartcollage.MainCollageActivity"]}, {"7fcf71d4d3788ce89e3b5f5f554f9405": ["8", "com.photo.collage.musically.grid.picartcollage.MainCollageActivity"]}, {"510d2ef7e8687c976542bfdf3407c5cc": ["9", "com.photo.collage.musically.grid.picartcollage.MainCollageActivity"]}, {"510d2ef7e8687c976542bfdf3407c5cc": ["9", "com.photo.collage.musically.grid.picartcollage.MainCollageActivity"]}, {"510d2ef7e8687c976542bfdf3407c5cc": ["9", "com.photo.collage.musically.grid.picartcollage.MainCollageActivity"]}, {"510d2ef7e8687c976542bfdf3407c5cc": ["9", "com.photo.collage.musically.grid.picartcollage.MainCollageActivity"]}, {"966aac18150525db78a349ed5102910a": ["12", "com.photo.collage.musically.grid.picartcollage.MainCollageActivity"]}, {"e8fbc0c043a91983318677ce311ca82b": ["11", "com.photo.collage.musically.grid.picartcollage.MainCollageActivity"]}, {"966aac18150525db78a349ed5102910a": ["12", "com.photo.collage.musically.grid.picartcollage.MainCollageActivity"]}, {"e8fbc0c043a91983318677ce311ca82b": ["11", "com.photo.collage.musically.grid.picartcollage.MainCollageActivity"]}, {"2b602c4e70f75092f9610639bfdc6f41": ["13", "com.photo.collage.musically.grid.picartcollage.MainCollageActivity"]}, {"e8fbc0c043a91983318677ce311ca82b": ["11", "com.photo.collage.musically.grid.picartcollage.MainCollageActivity"]}, {"966aac18150525db78a349ed5102910a": ["12", "com.photo.collage.musically.grid.picartcollage.MainCollageActivity"]}, {"df96b02cc8359a3a172ef25eac834548": ["14", "com.photo.collage.musically.grid.picartcollage.MainCollageActivity"]}, {"df96b02cc8359a3a172ef25eac834548": ["14", "com.photo.collage.musically.grid.picartcollage.MainCollageActivity"]}, {"2b602c4e70f75092f9610639bfdc6f41": ["13", "com.photo.collage.musically.grid.picartcollage.MainCollageActivity"]}, {"e8fbc0c043a91983318677ce311ca82b": ["11", "com.photo.collage.musically.grid.picartcollage.MainCollageActivity"]}, {"e8fbc0c043a91983318677ce311ca82b": ["11", "com.photo.collage.musically.grid.picartcollage.MainCollageActivity"]}, {"966aac18150525db78a349ed5102910a": ["12", "com.photo.collage.musically.grid.picartcollage.MainCollageActivity"]}, {"7fcf71d4d3788ce89e3b5f5f554f9405": ["8", "com.photo.collage.musically.grid.picartcollage.MainCollageActivity"]}, {"7fcf71d4d3788ce89e3b5f5f554f9405": ["8", "com.photo.collage.musically.grid.picartcollage.MainCollageActivity"]}, {"0ed2a51c82bc31fbcfe661230596b809": ["20", "com.photo.collage.musically.grid.picartcollage.MainCollageActivity"]}, {"0ed2a51c82bc31fbcfe661230596b809": ["20", "com.photo.collage.musically.grid.picartcollage.MainCollageActivity"]}, {"7fcf71d4d3788ce89e3b5f5f554f9405": ["8", "com.photo.collage.musically.grid.picartcollage.MainCollageActivity"]}, {"510d2ef7e8687c976542bfdf3407c5cc": ["9", "com.photo.collage.musically.grid.picartcollage.MainCollageActivity"]}, {"7fcf71d4d3788ce89e3b5f5f554f9405": ["8", "com.photo.collage.musically.grid.picartcollage.MainCollageActivity"]}, {"966aac18150525db78a349ed5102910a": ["12", "com.photo.collage.musically.grid.picartcollage.MainCollageActivity"]}, {"e8fbc0c043a91983318677ce311ca82b": ["11", "com.photo.collage.musically.grid.picartcollage.MainCollageActivity"]}, {"966aac18150525db78a349ed5102910a": ["12", "com.photo.collage.musically.grid.picartcollage.MainCollageActivity"]}, {"e8fbc0c043a91983318677ce311ca82b": ["11", "com.photo.collage.musically.grid.picartcollage.MainCollageActivity"]}, {"2b602c4e70f75092f9610639bfdc6f41": ["13", "com.photo.collage.musically.grid.picartcollage.MainCollageActivity"]}, {"0ed2a51c82bc31fbcfe661230596b809": ["20", "com.photo.collage.musically.grid.picartcollage.MainCollageActivity"]}, {"e8fbc0c043a91983318677ce311ca82b": ["11", "com.photo.collage.musically.grid.picartcollage.MainCollageActivity"]}, {"510d2ef7e8687c976542bfdf3407c5cc": ["9", "com.photo.collage.musically.grid.picartcollage.MainCollageActivity"]}, {"7fcf71d4d3788ce89e3b5f5f554f9405": ["8", "com.photo.collage.musically.grid.picartcollage.MainCollageActivity"]}, {"b48bcf5841690d6a5f90e2c0ad5ca899": ["196", "com.photo.collage.musically.grid.picartcollage.MainCollageActivity"]}, {"7fcf71d4d3788ce89e3b5f5f554f9405": ["8", "com.photo.collage.musically.grid.picartcollage.MainCollageActivity"]}, {"7fcf71d4d3788ce89e3b5f5f554f9405": ["8", "com.photo.collage.musically.grid.picartcollage.MainCollageActivity"]}, {"510d2ef7e8687c976542bfdf3407c5cc": ["9", "com.photo.collage.musically.grid.picartcollage.MainCollageActivity"]}, {"e8fbc0c043a91983318677ce311ca82b": ["11", "com.photo.collage.musically.grid.picartcollage.MainCollageActivity"]}, {"966aac18150525db78a349ed5102910a": ["12", "com.photo.collage.musically.grid.picartcollage.MainCollageActivity"]}, {"df96b02cc8359a3a172ef25eac834548": ["14", "com.photo.collage.musically.grid.picartcollage.MainCollageActivity"]}, {"df96b02cc8359a3a172ef25eac834548": ["14", "com.photo.collage.musically.grid.picartcollage.MainCollageActivity"]}, {"2b602c4e70f75092f9610639bfdc6f41": ["13", "com.photo.collage.musically.grid.picartcollage.MainCollageActivity"]}, {"e8fbc0c043a91983318677ce311ca82b": ["11", "com.photo.collage.musically.grid.picartcollage.MainCollageActivity"]}, {"966aac18150525db78a349ed5102910a": ["12", "com.photo.collage.musically.grid.picartcollage.MainCollageActivity"]}, {"e8fbc0c043a91983318677ce311ca82b": ["11", "com.photo.collage.musically.grid.picartcollage.MainCollageActivity"]}, {"966aac18150525db78a349ed5102910a": ["12", "com.photo.collage.musically.grid.picartcollage.MainCollageActivity"]}, {"966aac18150525db78a349ed5102910a": ["12", "com.photo.collage.musically.grid.picartcollage.MainCollageActivity"]}, {"7fcf71d4d3788ce89e3b5f5f554f9405": ["8", "com.photo.collage.musically.grid.picartcollage.MainCollageActivity"]}, {"510d2ef7e8687c976542bfdf3407c5cc": ["9", "com.photo.collage.musically.grid.picartcollage.MainCollageActivity"]}, {"7fcf71d4d3788ce89e3b5f5f554f9405": ["8", "com.photo.collage.musically.grid.picartcollage.MainCollageActivity"]}, {"b48bcf5841690d6a5f90e2c0ad5ca899": ["196", "com.photo.collage.musically.grid.picartcollage.MainCollageActivity"]}, {"7fcf71d4d3788ce89e3b5f5f554f9405": ["8", "com.photo.collage.musically.grid.picartcollage.MainCollageActivity"]}, {"510d2ef7e8687c976542bfdf3407c5cc": ["9", "com.photo.collage.musically.grid.picartcollage.MainCollageActivity"]}, {"7fcf71d4d3788ce89e3b5f5f554f9405": ["8", "com.photo.collage.musically.grid.picartcollage.MainCollageActivity"]}, {"01d61196b1a949f789d7c011cedadca4": ["10", "com.photo.collage.musically.grid.picartcollage.MainCollageActivity"]}, {"7fcf71d4d3788ce89e3b5f5f554f9405": ["8", "com.photo.collage.musically.grid.picartcollage.MainCollageActivity"]}, {"78171ddc63fc88b2ee8e809180e76f8a": ["16", "com.photo.collage.musically.grid.picartcollage.MainCollageActivity"]}, {"e8fbc0c043a91983318677ce311ca82b": ["11", "com.photo.collage.musically.grid.picartcollage.MainCollageActivity"]}, {"a968a718f07a224718fca40f59c3380e": ["21", "com.photo.collage.musically.grid.picartcollage.MainCollageActivity"]}, {"8684ed60386188be18e85e9c2defe6f7": ["110", "com.photo.collage.musically.grid.picartcollage.MainCollageActivity"]}, {"3e3faeaeb80b89bccb082470647eae86": ["72", "com.photo.collage.musically.grid.collage.ArtActivity"]}, {"3e3faeaeb80b89bccb082470647eae86": ["72", "com.photo.collage.musically.grid.collage.ArtActivity"]}, {"5d398bff2cfdf10029f4217ef583b0d8": ["303", "com.photo.collage.musically.grid.collage.ArtActivity"]}, {"4963e0c49e30d0dabea8143cb1400875": ["39", "com.photo.collage.musically.grid.collage.ArtActivity"]}, {"5d398bff2cfdf10029f4217ef583b0d8": ["303", "com.photo.collage.musically.grid.collage.ArtActivity"]}, {"a1c1e7ca8a329c20ccac5ba9621f5f0c": ["304", "com.photo.collage.musically.grid.collage.ArtActivity"]}, {"a1c1e7ca8a329c20ccac5ba9621f5f0c": ["304", "com.photo.collage.musically.grid.collage.ArtActivity"]}, {"a1c1e7ca8a329c20ccac5ba9621f5f0c": ["304", "com.photo.collage.musically.grid.collage.ArtActivity"]}, {"5d398bff2cfdf10029f4217ef583b0d8": ["303", "com.photo.collage.musically.grid.collage.ArtActivity"]}, {"4963e0c49e30d0dabea8143cb1400875": ["39", "com.photo.collage.musically.grid.collage.ArtActivity"]}, {"e67de432999da1dce4c1fd59705f1821": ["305", "com.photo.collage.musically.grid.picartcollage.MainCollageActivity"]}, {"f4a56a4ca322f7e9db0bc2483f64f17b": ["306", "com.photo.collage.musically.grid.picartcollage.MainCollageActivity"]}, {"e8fbc0c043a91983318677ce311ca82b": ["11", "com.photo.collage.musically.grid.picartcollage.MainCollageActivity"]}, {"78171ddc63fc88b2ee8e809180e76f8a": ["16", "com.photo.collage.musically.grid.picartcollage.MainCollageActivity"]}, {"7fcf71d4d3788ce89e3b5f5f554f9405": ["8", "com.photo.collage.musically.grid.picartcollage.MainCollageActivity"]}, {"78171ddc63fc88b2ee8e809180e76f8a": ["16", "com.photo.collage.musically.grid.picartcollage.MainCollageActivity"]}, {"d150b7f56fb0c5dbc8b12a780593e064": ["100", "com.photo.collage.musically.grid.picartcollage.MainCollageActivity"]}, {"8684ed60386188be18e85e9c2defe6f7": ["110", "com.photo.collage.musically.grid.picartcollage.MainCollageActivity"]}, {"a968a718f07a224718fca40f59c3380e": ["21", "com.photo.collage.musically.grid.picartcollage.MainCollageActivity"]}, {"7fcf71d4d3788ce89e3b5f5f554f9405": ["8", "com.photo.collage.musically.grid.picartcollage.MainCollageActivity"]}, {"a968a718f07a224718fca40f59c3380e": ["21", "com.photo.collage.musically.grid.picartcollage.MainCollageActivity"]}, {"8684ed60386188be18e85e9c2defe6f7": ["110", "com.photo.collage.musically.grid.picartcollage.MainCollageActivity"]}, {"8684ed60386188be18e85e9c2defe6f7": ["110", "com.photo.collage.musically.grid.picartcollage.MainCollageActivity"]}, {"8684ed60386188be18e85e9c2defe6f7": ["110", "com.photo.collage.musically.grid.picartcollage.MainCollageActivity"]}, {"d150b7f56fb0c5dbc8b12a780593e064": ["100", "com.photo.collage.musically.grid.picartcollage.MainCollageActivity"]}, {"78171ddc63fc88b2ee8e809180e76f8a": ["16", "com.photo.collage.musically.grid.picartcollage.MainCollageActivity"]}, {"8684ed60386188be18e85e9c2defe6f7": ["110", "com.photo.collage.musically.grid.picartcollage.MainCollageActivity"]}, {"a968a718f07a224718fca40f59c3380e": ["21", "com.photo.collage.musically.grid.picartcollage.MainCollageActivity"]}, {"8684ed60386188be18e85e9c2defe6f7": ["110", "com.photo.collage.musically.grid.picartcollage.MainCollageActivity"]}, {"a968a718f07a224718fca40f59c3380e": ["21", "com.photo.collage.musically.grid.picartcollage.MainCollageActivity"]}, {"7fcf71d4d3788ce89e3b5f5f554f9405": ["8", "com.photo.collage.musically.grid.picartcollage.MainCollageActivity"]}, {"78171ddc63fc88b2ee8e809180e76f8a": ["16", "com.photo.collage.musically.grid.picartcollage.MainCollageActivity"]}, {"78171ddc63fc88b2ee8e809180e76f8a": ["16", "com.photo.collage.musically.grid.picartcollage.MainCollageActivity"]}, {"e8fbc0c043a91983318677ce311ca82b": ["11", "com.photo.collage.musically.grid.picartcollage.MainCollageActivity"]}, {"e8fbc0c043a91983318677ce311ca82b": ["11", "com.photo.collage.musically.grid.picartcollage.MainCollageActivity"]}, {"2b602c4e70f75092f9610639bfdc6f41": ["13", "com.photo.collage.musically.grid.picartcollage.MainCollageActivity"]}, {"7fcf71d4d3788ce89e3b5f5f554f9405": ["8", "com.photo.collage.musically.grid.picartcollage.MainCollageActivity"]}, {"78171ddc63fc88b2ee8e809180e76f8a": ["16", "com.photo.collage.musically.grid.picartcollage.MainCollageActivity"]}, {"7fcf71d4d3788ce89e3b5f5f554f9405": ["8", "com.photo.collage.musically.grid.picartcollage.MainCollageActivity"]}, {"a968a718f07a224718fca40f59c3380e": ["21", "com.photo.collage.musically.grid.picartcollage.MainCollageActivity"]}, {"8342898c1cf630e9987b2da6b0f0d65e": ["307", "com.photo.collage.musically.grid.picartcollage.MainCollageActivity"]}, {"2b602c4e70f75092f9610639bfdc6f41": ["13", "com.photo.collage.musically.grid.picartcollage.MainCollageActivity"]}, {"2b602c4e70f75092f9610639bfdc6f41": ["13", "com.photo.collage.musically.grid.picartcollage.MainCollageActivity"]}, {"e8fbc0c043a91983318677ce311ca82b": ["11", "com.photo.collage.musically.grid.picartcollage.MainCollageActivity"]}, {"a968a718f07a224718fca40f59c3380e": ["21", "com.photo.collage.musically.grid.picartcollage.MainCollageActivity"]}, {"8684ed60386188be18e85e9c2defe6f7": ["110", "com.photo.collage.musically.grid.picartcollage.MainCollageActivity"]}, {"a968a718f07a224718fca40f59c3380e": ["21", "com.photo.collage.musically.grid.picartcollage.MainCollageActivity"]}, {"8684ed60386188be18e85e9c2defe6f7": ["110", "com.photo.collage.musically.grid.picartcollage.MainCollageActivity"]}, {"8684ed60386188be18e85e9c2defe6f7": ["110", "com.photo.collage.musically.grid.picartcollage.MainCollageActivity"]}, {"a968a718f07a224718fca40f59c3380e": ["21", "com.photo.collage.musically.grid.picartcollage.MainCollageActivity"]}, {"8684ed60386188be18e85e9c2defe6f7": ["110", "com.photo.collage.musically.grid.picartcollage.MainCollageActivity"]}, {"a968a718f07a224718fca40f59c3380e": ["21", "com.photo.collage.musically.grid.picartcollage.MainCollageActivity"]}, {"7fcf71d4d3788ce89e3b5f5f554f9405": ["8", "com.photo.collage.musically.grid.picartcollage.MainCollageActivity"]}, {"a968a718f07a224718fca40f59c3380e": ["21", "com.photo.collage.musically.grid.picartcollage.MainCollageActivity"]}, {"7fcf71d4d3788ce89e3b5f5f554f9405": ["8", "com.photo.collage.musically.grid.picartcollage.MainCollageActivity"]}, {"78171ddc63fc88b2ee8e809180e76f8a": ["16", "com.photo.collage.musically.grid.picartcollage.MainCollageActivity"]}, {"7fcf71d4d3788ce89e3b5f5f554f9405": ["8", "com.photo.collage.musically.grid.picartcollage.MainCollageActivity"]}, {"b48bcf5841690d6a5f90e2c0ad5ca899": ["196", "com.photo.collage.musically.grid.picartcollage.MainCollageActivity"]}, {"e8fbc0c043a91983318677ce311ca82b": ["11", "com.photo.collage.musically.grid.picartcollage.MainCollageActivity"]}, {"a968a718f07a224718fca40f59c3380e": ["21", "com.photo.collage.musically.grid.picartcollage.MainCollageActivity"]}, {"8684ed60386188be18e85e9c2defe6f7": ["110", "com.photo.collage.musically.grid.picartcollage.MainCollageActivity"]}, {"3e3faeaeb80b89bccb082470647eae86": ["72", "com.photo.collage.musically.grid.collage.ArtActivity"]}, {"4963e0c49e30d0dabea8143cb1400875": ["39", "com.photo.collage.musically.grid.collage.ArtActivity"]}, {"e67de432999da1dce4c1fd59705f1821": ["305", "com.photo.collage.musically.grid.picartcollage.MainCollageActivity"]}, {"5bfa977c53fcc22a317f1bbcb08bb130": ["308", "com.photo.collage.musically.grid.picartcollage.MainCollageActivity"]}, {"5b8d5b7e1644c16b206598a938642b3a": ["309", "com.photo.collage.musically.grid.picartcollage.MainCollageActivity"]}, {"2b602c4e70f75092f9610639bfdc6f41": ["13", "com.photo.collage.musically.grid.picartcollage.MainCollageActivity"]}, {"e8fbc0c043a91983318677ce311ca82b": ["11", "com.photo.collage.musically.grid.picartcollage.MainCollageActivity"]}, {"a968a718f07a224718fca40f59c3380e": ["21", "com.photo.collage.musically.grid.picartcollage.MainCollageActivity"]}, {"d150b7f56fb0c5dbc8b12a780593e064": ["100", "com.photo.collage.musically.grid.picartcollage.MainCollageActivity"]}, {"78171ddc63fc88b2ee8e809180e76f8a": ["16", "com.photo.collage.musically.grid.picartcollage.MainCollageActivity"]}, {"e8fbc0c043a91983318677ce311ca82b": ["11", "com.photo.collage.musically.grid.picartcollage.MainCollageActivity"]}, {"a968a718f07a224718fca40f59c3380e": ["21", "com.photo.collage.musically.grid.picartcollage.MainCollageActivity"]}, {"8684ed60386188be18e85e9c2defe6f7": ["110", "com.photo.collage.musically.grid.picartcollage.MainCollageActivity"]}, {"78171ddc63fc88b2ee8e809180e76f8a": ["16", "com.photo.collage.musically.grid.picartcollage.MainCollageActivity"]}, {"e8fbc0c043a91983318677ce311ca82b": ["11", "com.photo.collage.musically.grid.picartcollage.MainCollageActivity"]}, {"e8fbc0c043a91983318677ce311ca82b": ["11", "com.photo.collage.musically.grid.picartcollage.MainCollageActivity"]}, {"7fcf71d4d3788ce89e3b5f5f554f9405": ["8", "com.photo.collage.musically.grid.picartcollage.MainCollageActivity"]}, {"78171ddc63fc88b2ee8e809180e76f8a": ["16", "com.photo.collage.musically.grid.picartcollage.MainCollageActivity"]}, {"d150b7f56fb0c5dbc8b12a780593e064": ["100", "com.photo.collage.musically.grid.picartcollage.MainCollageActivity"]}, {"78171ddc63fc88b2ee8e809180e76f8a": ["16", "com.photo.collage.musically.grid.picartcollage.MainCollageActivity"]}, {"7fcf71d4d3788ce89e3b5f5f554f9405": ["8", "com.photo.collage.musically.grid.picartcollage.MainCollageActivity"]}, {"78171ddc63fc88b2ee8e809180e76f8a": ["16", "com.photo.collage.musically.grid.picartcollage.MainCollageActivity"]}, {"78171ddc63fc88b2ee8e809180e76f8a": ["16", "com.photo.collage.musically.grid.picartcollage.MainCollageActivity"]}, {"d150b7f56fb0c5dbc8b12a780593e064": ["100", "com.photo.collage.musically.grid.picartcollage.MainCollageActivity"]}, {"78171ddc63fc88b2ee8e809180e76f8a": ["16", "com.photo.collage.musically.grid.picartcollage.MainCollageActivity"]}, {"7fcf71d4d3788ce89e3b5f5f554f9405": ["8", "com.photo.collage.musically.grid.picartcollage.MainCollageActivity"]}, {"78171ddc63fc88b2ee8e809180e76f8a": ["16", "com.photo.collage.musically.grid.picartcollage.MainCollageActivity"]}, {"d150b7f56fb0c5dbc8b12a780593e064": ["100", "com.photo.collage.musically.grid.picartcollage.MainCollageActivity"]}, {"a76bbf3fa4112b8db849a0467887b736": ["96", "com.photo.collage.musically.grid.collage.ArtActivity"]}, {"c4050ddde281c722ae739c0228f6611a": ["97", "com.photo.collage.musically.grid.collage.ArtActivity"]}, {"c4050ddde281c722ae739c0228f6611a": ["97", "com.photo.collage.musically.grid.collage.ArtActivity"]}, {"86a493e06560f82405f65f7c325d6cbf": ["98", "com.photo.collage.musically.grid.collage.ArtActivity"]}, {"86a493e06560f82405f65f7c325d6cbf": ["98", "com.photo.collage.musically.grid.collage.ArtActivity"]}, {"62341cd7a7e1df0345ea1799e3bec0d0": ["60", "com.photo.collage.musically.grid.collage.SaveActivity"]}, {"86a493e06560f82405f65f7c325d6cbf": ["98", "com.photo.collage.musically.grid.collage.ArtActivity"]}, {"1f6104058e57a2a739a276db19f7c487": ["310", "com.photo.collage.musically.grid.collage.ArtActivity"]}, {"738671c5757ba48d4cba08dda86c9e42": ["311", "com.photo.collage.musically.grid.collage.ArtActivity"]}, {"62341cd7a7e1df0345ea1799e3bec0d0": ["60", "com.photo.collage.musically.grid.collage.SaveActivity"]}, {"d98b370b3021205af9810173722d6c4c": ["115", "com.photo.collage.musically.grid.collage.SaveActivity"]}, {"11c6b0199c36b9100df714b2388156c6": ["73", "com.photo.collage.musically.grid.collage.ArtActivity"]}, {"c2eb0212821d2f9118daba47a4457df5": ["312", "com.photo.collage.musically.grid.collage.ArtActivity"]}, {"97107bcad6c871d1e8d9945bca6a60f3": ["313", "com.photo.collage.musically.grid.collage.ArtActivity"]}, {"2856a174713ccc69449dbbff01c5db65": ["314", "com.photo.collage.musically.grid.collage.ArtActivity"]}, {"b62e36e65224e1fa919a198bd8948d91": ["315", "com.photo.collage.musically.grid.collage.ArtActivity"]}, {"4438b95e9bd82000f3ede3402caf1809": ["316", "com.photo.collage.musically.grid.collage.ArtActivity"]}, {"245af68bd797b5c680c60b99d471752b": ["317", "com.photo.collage.musically.grid.collage.ArtActivity"]}, {"19e8a79edaccfbf9a39e8d7e5efccd62": ["318", "com.photo.collage.musically.grid.collage.ArtActivity"]}, {"dbaf3a1ce74d5e4dba6f7967de16210b": ["319", "com.photo.collage.musically.grid.collage.ArtActivity"]}, {"2b24ac3dcff21964939feb805b9050fc": ["320", "com.photo.collage.musically.grid.collage.ArtActivity"]}, {"2b24ac3dcff21964939feb805b9050fc": ["320", "com.photo.collage.musically.grid.collage.ArtActivity"]}, {"dbaf3a1ce74d5e4dba6f7967de16210b": ["319", "com.photo.collage.musically.grid.collage.ArtActivity"]}, {"2b24ac3dcff21964939feb805b9050fc": ["320", "com.photo.collage.musically.grid.collage.ArtActivity"]}, {"161a8a53658f37e53e9b202b58e6445f": ["321", "com.photo.collage.musically.grid.collage.ArtActivity"]}, {"27da6b52325540b0a2aa1fe7f5745b7a": ["322", "com.photo.collage.musically.grid.collage.ArtActivity"]}, {"fee3ef34d36504344201dfba471019ee": ["323", "com.photo.collage.musically.grid.collage.ArtActivity"]}, {"f88765b450981d66eb410b3bc199267e": ["324", "com.photo.collage.musically.grid.collage.ArtActivity"]}, {"1fd077e0c857b760ff2fc5d68b655712": ["325", "com.photo.collage.musically.grid.collage.ArtActivity"]}, {"1f18f332514a2b74cde3b42e3fc1da76": ["326", "com.photo.collage.musically.grid.collage.ArtActivity"]}, {"e4a0f0f6fdbca3fd0c3ebf6f7c426e5a": ["327", "com.photo.collage.musically.grid.collage.ArtActivity"]}, {"c93107d5651bfb154555ab786973cd8d": ["328", "com.photo.collage.musically.grid.collage.ArtActivity"]}, {"902293c5a8ef51879bff622004fa15f6": ["329", "com.photo.collage.musically.grid.collage.ArtActivity"]}, {"902293c5a8ef51879bff622004fa15f6": ["329", "com.photo.collage.musically.grid.collage.ArtActivity"]}, {"c93107d5651bfb154555ab786973cd8d": ["328", "com.photo.collage.musically.grid.collage.ArtActivity"]}, {"902293c5a8ef51879bff622004fa15f6": ["329", "com.photo.collage.musically.grid.collage.ArtActivity"]}, {"c93107d5651bfb154555ab786973cd8d": ["328", "com.photo.collage.musically.grid.collage.ArtActivity"]}, {"902293c5a8ef51879bff622004fa15f6": ["329", "com.photo.collage.musically.grid.collage.ArtActivity"]}, {"c93107d5651bfb154555ab786973cd8d": ["328", "com.photo.collage.musically.grid.collage.ArtActivity"]}, {"902293c5a8ef51879bff622004fa15f6": ["329", "com.photo.collage.musically.grid.collage.ArtActivity"]}, {"378df2d5d3f5a7f5f61c2057c26f703a": ["330", "com.photo.collage.musically.grid.collage.ArtActivity"]}, {"902293c5a8ef51879bff622004fa15f6": ["329", "com.photo.collage.musically.grid.collage.ArtActivity"]}, {"902293c5a8ef51879bff622004fa15f6": ["329", "com.photo.collage.musically.grid.collage.ArtActivity"]}, {"c93107d5651bfb154555ab786973cd8d": ["328", "com.photo.collage.musically.grid.collage.ArtActivity"]}, {"902293c5a8ef51879bff622004fa15f6": ["329", "com.photo.collage.musically.grid.collage.ArtActivity"]}, {"902293c5a8ef51879bff622004fa15f6": ["329", "com.photo.collage.musically.grid.collage.ArtActivity"]}, {"902293c5a8ef51879bff622004fa15f6": ["329", "com.photo.collage.musically.grid.collage.ArtActivity"]}, {"c93107d5651bfb154555ab786973cd8d": ["328", "com.photo.collage.musically.grid.collage.ArtActivity"]}, {"902293c5a8ef51879bff622004fa15f6": ["329", "com.photo.collage.musically.grid.collage.ArtActivity"]}, {"902293c5a8ef51879bff622004fa15f6": ["329", "com.photo.collage.musically.grid.collage.ArtActivity"]}, {"902293c5a8ef51879bff622004fa15f6": ["329", "com.photo.collage.musically.grid.collage.ArtActivity"]}, {"c93107d5651bfb154555ab786973cd8d": ["328", "com.photo.collage.musically.grid.collage.ArtActivity"]}, {"902293c5a8ef51879bff622004fa15f6": ["329", "com.photo.collage.musically.grid.collage.ArtActivity"]}, {"902293c5a8ef51879bff622004fa15f6": ["329", "com.photo.collage.musically.grid.collage.ArtActivity"]}, {"902293c5a8ef51879bff622004fa15f6": ["329", "com.photo.collage.musically.grid.collage.ArtActivity"]}, {"c93107d5651bfb154555ab786973cd8d": ["328", "com.photo.collage.musically.grid.collage.ArtActivity"]}, {"902293c5a8ef51879bff622004fa15f6": ["329", "com.photo.collage.musically.grid.collage.ArtActivity"]}, {"902293c5a8ef51879bff622004fa15f6": ["329", "com.photo.collage.musically.grid.collage.ArtActivity"]}, {"902293c5a8ef51879bff622004fa15f6": ["329", "com.photo.collage.musically.grid.collage.ArtActivity"]}, {"8a6cf2c256c7749d8c370212b99545cc": ["331", "com.photo.collage.musically.grid.collage.ArtActivity"]}, {"8a6cf2c256c7749d8c370212b99545cc": ["331", "com.photo.collage.musically.grid.collage.ArtActivity"]}, {"62341cd7a7e1df0345ea1799e3bec0d0": ["60", "com.photo.collage.musically.grid.collage.SaveActivity"]}, {"d98b370b3021205af9810173722d6c4c": ["115", "com.photo.collage.musically.grid.collage.SaveActivity"]}, {"8a6cf2c256c7749d8c370212b99545cc": ["331", "com.photo.collage.musically.grid.collage.ArtActivity"]}, {"8a6cf2c256c7749d8c370212b99545cc": ["331", "com.photo.collage.musically.grid.collage.ArtActivity"]}, {"79ecfb1f829f55b26ac37be266f6956a": ["332", "com.photo.collage.musically.grid.collage.ArtActivity"]}, {"79ecfb1f829f55b26ac37be266f6956a": ["332", "com.photo.collage.musically.grid.collage.ArtActivity"]}, {"4963e0c49e30d0dabea8143cb1400875": ["39", "com.photo.collage.musically.grid.collage.ArtActivity"]}, {"e72ac86cf9c72becd8779a237d689153": ["333", "com.photo.collage.musically.grid.picartcollage.MainCollageActivity"]}, {"004e8851f396818e060594cfd8ec3e9b": ["334", "com.photo.collage.musically.grid.picartcollage.MainCollageActivity"]}, {"004e8851f396818e060594cfd8ec3e9b": ["334", "com.photo.collage.musically.grid.picartcollage.MainCollageActivity"]}, {"807a047ebff6b4f9017a7b375fb7413f": ["335", "com.photo.collage.musically.grid.picartcollage.MainCollageActivity"]}, {"39bb5bdeb250b884a52db245cfec743a": ["336", "com.photo.collage.musically.grid.picartcollage.MainCollageActivity"]}, {"11c6b0199c36b9100df714b2388156c6": ["73", "com.photo.collage.musically.grid.collage.ArtActivity"]}, {"11c6b0199c36b9100df714b2388156c6": ["73", "com.photo.collage.musically.grid.collage.ArtActivity"]}, {"3e3faeaeb80b89bccb082470647eae86": ["72", "com.photo.collage.musically.grid.collage.ArtActivity"]}, {"62341cd7a7e1df0345ea1799e3bec0d0": ["60", "com.photo.collage.musically.grid.collage.SaveActivity"]}, {"11c6b0199c36b9100df714b2388156c6": ["73", "com.photo.collage.musically.grid.collage.ArtActivity"]}, {"4963e0c49e30d0dabea8143cb1400875": ["39", "com.photo.collage.musically.grid.collage.ArtActivity"]}, {"86a493e06560f82405f65f7c325d6cbf": ["98", "com.photo.collage.musically.grid.collage.ArtActivity"]}, {"1f6104058e57a2a739a276db19f7c487": ["310", "com.photo.collage.musically.grid.collage.ArtActivity"]}, {"62341cd7a7e1df0345ea1799e3bec0d0": ["60", "com.photo.collage.musically.grid.collage.SaveActivity"]}, {"7fcf71d4d3788ce89e3b5f5f554f9405": ["8", "com.photo.collage.musically.grid.picartcollage.MainCollageActivity"]}, {"903def3f461e5f5ea6f91f8e5b1c1e82": ["61", "com.photo.collage.musically.grid.picartcollage.MainCollageActivity"]}, {"d150b7f56fb0c5dbc8b12a780593e064": ["100", "com.photo.collage.musically.grid.picartcollage.MainCollageActivity"]}, {"903def3f461e5f5ea6f91f8e5b1c1e82": ["61", "com.photo.collage.musically.grid.picartcollage.MainCollageActivity"]}, {"903def3f461e5f5ea6f91f8e5b1c1e82": ["61", "com.photo.collage.musically.grid.picartcollage.MainCollageActivity"]}, {"7fcf71d4d3788ce89e3b5f5f554f9405": ["8", "com.photo.collage.musically.grid.picartcollage.MainCollageActivity"]}, {"d9a08ac9fcd259f4885afbad65251029": ["337", "com.photo.collage.musically.grid.picartcollage.MainCollageActivity"]}, {"dc4c27eb0bf0bc614fd4d00532828ae0": ["338", "com.photo.collage.musically.grid.picartcollage.MainCollageActivity"]}, {"d9a08ac9fcd259f4885afbad65251029": ["337", "com.photo.collage.musically.grid.picartcollage.MainCollageActivity"]}, {"e8fbc0c043a91983318677ce311ca82b": ["11", "com.photo.collage.musically.grid.picartcollage.MainCollageActivity"]}, {"9180b06bb89cecb3c1c28d809d6a42a2": ["69", "com.photo.collage.musically.grid.picartcollage.MainCollageActivity"]}, {"8684ed60386188be18e85e9c2defe6f7": ["110", "com.photo.collage.musically.grid.picartcollage.MainCollageActivity"]}, {"3e3faeaeb80b89bccb082470647eae86": ["72", "com.photo.collage.musically.grid.collage.ArtActivity"]}, {"3e3faeaeb80b89bccb082470647eae86": ["72", "com.photo.collage.musically.grid.collage.ArtActivity"]}, {"4963e0c49e30d0dabea8143cb1400875": ["39", "com.photo.collage.musically.grid.collage.ArtActivity"]}, {"11c6b0199c36b9100df714b2388156c6": ["73", "com.photo.collage.musically.grid.collage.ArtActivity"]}, {"11c6b0199c36b9100df714b2388156c6": ["73", "com.photo.collage.musically.grid.collage.ArtActivity"]}, {"4963e0c49e30d0dabea8143cb1400875": ["39", "com.photo.collage.musically.grid.collage.ArtActivity"]}, {"4282e37cce0e89b7797ac291edeef488": ["339", "com.photo.collage.musically.grid.picartcollage.MainCollageActivity"]}, {"d00152f2a838b6f3bd182d6cab92b622": ["340", "com.photo.collage.musically.grid.picartcollage.MainCollageActivity"]}, {"d663b37b62ee5ccab7e3d6731c03955e": ["30", "com.photo.collage.musically.grid.collage.ArtActivity"]}, {"4963e0c49e30d0dabea8143cb1400875": ["39", "com.photo.collage.musically.grid.collage.ArtActivity"]}, {"83877456f805d4c5e394c0f15edb10f5": ["341", "com.photo.collage.musically.grid.picartcollage.MainCollageActivity"]}, {"133ae3979476b58bd5f6aaa32a58e76c": ["342", "com.photo.collage.musically.grid.picartcollage.MainCollageActivity"]}, {"477f6e37d7c4a736d8ee3a376e52e3b0": ["343", "com.photo.collage.musically.grid.picartcollage.MainCollageActivity"]}, {"c0c5f5e73052b5d62230ac1fb3f5c1fa": ["344", "com.photo.collage.musically.grid.collage.ArtActivity"]}, {"c0c5f5e73052b5d62230ac1fb3f5c1fa": ["344", "com.photo.collage.musically.grid.collage.ArtActivity"]}, {"c0c5f5e73052b5d62230ac1fb3f5c1fa": ["344", "com.photo.collage.musically.grid.collage.ArtActivity"]}, {"4dd0fe3a3d79009f8d9b9961fda6f62f": ["345", "com.photo.collage.musically.grid.collage.ArtActivity"]}, {"4dd0fe3a3d79009f8d9b9961fda6f62f": ["345", "com.photo.collage.musically.grid.collage.ArtActivity"]}, {"c0c5f5e73052b5d62230ac1fb3f5c1fa": ["344", "com.photo.collage.musically.grid.collage.ArtActivity"]}, {"d663b37b62ee5ccab7e3d6731c03955e": ["30", "com.photo.collage.musically.grid.collage.ArtActivity"]}, {"4963e0c49e30d0dabea8143cb1400875": ["39", "com.photo.collage.musically.grid.collage.ArtActivity"]}, {"477f6e37d7c4a736d8ee3a376e52e3b0": ["343", "com.photo.collage.musically.grid.picartcollage.MainCollageActivity"]}, {"1a8676b1d0163c4b3d6afd1004ecd78d": ["346", "com.photo.collage.musically.grid.picartcollage.MainCollageActivity"]}, {"1a8676b1d0163c4b3d6afd1004ecd78d": ["346", "com.photo.collage.musically.grid.picartcollage.MainCollageActivity"]}, {"c19612ab33f289408fb99a8c5349e30e": ["347", "com.photo.collage.musically.grid.collage.ArtActivity"]}, {"a16f48f3c0d456a71f10426df8d381bd": ["42", "com.photo.collage.musically.grid.collage.ArtActivity"]}, {"f9bcf5c7fafad8f45708878acc8160cd": ["138", "com.photo.collage.musically.grid.collage.ArtActivity"]}, {"f9bcf5c7fafad8f45708878acc8160cd": ["138", "com.photo.collage.musically.grid.collage.ArtActivity"]}, {"f9bcf5c7fafad8f45708878acc8160cd": ["138", "com.photo.collage.musically.grid.collage.ArtActivity"]}, {"c19612ab33f289408fb99a8c5349e30e": ["347", "com.photo.collage.musically.grid.collage.ArtActivity"]}, {"c19612ab33f289408fb99a8c5349e30e": ["347", "com.photo.collage.musically.grid.collage.ArtActivity"]}, {"62341cd7a7e1df0345ea1799e3bec0d0": ["60", "com.photo.collage.musically.grid.collage.SaveActivity"]}, {"d98b370b3021205af9810173722d6c4c": ["115", "com.photo.collage.musically.grid.collage.SaveActivity"]}, {"c19612ab33f289408fb99a8c5349e30e": ["347", "com.photo.collage.musically.grid.collage.ArtActivity"]}, {"c19612ab33f289408fb99a8c5349e30e": ["347", "com.photo.collage.musically.grid.collage.ArtActivity"]}, {"d663b37b62ee5ccab7e3d6731c03955e": ["30", "com.photo.collage.musically.grid.collage.ArtActivity"]}, {"81dea4ee8a4cb87e0909ffd9fa0c5b2d": ["348", "com.photo.collage.musically.grid.collage.ArtActivity"]}, {"c0c5f5e73052b5d62230ac1fb3f5c1fa": ["344", "com.photo.collage.musically.grid.collage.ArtActivity"]}, {"4ffa54da30eeefc4acb38288609fd097": ["349", "com.photo.collage.musically.grid.collage.ArtActivity"]}, {"7bc6b521c1d2ac92b95a4774be711a3d": ["350", "com.photo.collage.musically.grid.collage.ArtActivity"]}, {"4963e0c49e30d0dabea8143cb1400875": ["39", "com.photo.collage.musically.grid.collage.ArtActivity"]}, {"847bb43efbba98f027dfc5f7136149b4": ["351", "com.photo.collage.musically.grid.picartcollage.MainCollageActivity"]}, {"847bb43efbba98f027dfc5f7136149b4": ["351", "com.photo.collage.musically.grid.picartcollage.MainCollageActivity"]}, {"d1f54b173b8e8d032f46bac5216af594": ["92", "com.photo.collage.musically.grid.picartcollage.MainCollageActivity"]}, {"e8fbc0c043a91983318677ce311ca82b": ["11", "com.photo.collage.musically.grid.picartcollage.MainCollageActivity"]}, {"d1f54b173b8e8d032f46bac5216af594": ["92", "com.photo.collage.musically.grid.picartcollage.MainCollageActivity"]}, {"c19612ab33f289408fb99a8c5349e30e": ["347", "com.photo.collage.musically.grid.collage.ArtActivity"]}, {"55c23b6d80be0b658f48ce4e91ad1d7d": ["352", "com.photo.collage.musically.grid.collage.ArtActivity"]}, {"55c23b6d80be0b658f48ce4e91ad1d7d": ["352", "com.photo.collage.musically.grid.collage.ArtActivity"]}, {"55c23b6d80be0b658f48ce4e91ad1d7d": ["352", "com.photo.collage.musically.grid.collage.ArtActivity"]}, {"55c23b6d80be0b658f48ce4e91ad1d7d": ["352", "com.photo.collage.musically.grid.collage.ArtActivity"]}, {"c19612ab33f289408fb99a8c5349e30e": ["347", "com.photo.collage.musically.grid.collage.ArtActivity"]}, {"c19612ab33f289408fb99a8c5349e30e": ["347", "com.photo.collage.musically.grid.collage.ArtActivity"]}, {"c19612ab33f289408fb99a8c5349e30e": ["347", "com.photo.collage.musically.grid.collage.ArtActivity"]}, {"ec38354969de48b2edbaf2c8fc22ebed": ["353", "com.photo.collage.musically.grid.collage.ArtActivity"]}, {"5c76523559a34511a1b9bd8165fa3f59": ["354", "com.photo.collage.musically.grid.collage.ArtActivity"]}, {"5c76523559a34511a1b9bd8165fa3f59": ["354", "com.photo.collage.musically.grid.collage.ArtActivity"]}, {"4963e0c49e30d0dabea8143cb1400875": ["39", "com.photo.collage.musically.grid.collage.ArtActivity"]}, {"2e71e9dbaec61f15e11c032a03808b10": ["90", "com.photo.collage.musically.grid.picartcollage.MainCollageActivity"]}, {"a16f48f3c0d456a71f10426df8d381bd": ["42", "com.photo.collage.musically.grid.collage.ArtActivity"]}, {"62341cd7a7e1df0345ea1799e3bec0d0": ["60", "com.photo.collage.musically.grid.collage.SaveActivity"]}, {"d98b370b3021205af9810173722d6c4c": ["115", "com.photo.collage.musically.grid.collage.SaveActivity"]}, {"c19612ab33f289408fb99a8c5349e30e": ["347", "com.photo.collage.musically.grid.collage.ArtActivity"]}, {"c19612ab33f289408fb99a8c5349e30e": ["347", "com.photo.collage.musically.grid.collage.ArtActivity"]}, {"b5a8e7ff1e1ee29b76328ff9f1541905": ["355", "com.photo.collage.musically.grid.collage.ArtActivity"]}, {"b922fddcc08c997eabe8541a6ba98705": ["356", "com.photo.collage.musically.grid.collage.ArtActivity"]}, {"f596aefa903d8e620a77412ae4a9b76f": ["357", "com.photo.collage.musically.grid.collage.ArtActivity"]}, {"f596aefa903d8e620a77412ae4a9b76f": ["357", "com.photo.collage.musically.grid.collage.ArtActivity"]}, {"f596aefa903d8e620a77412ae4a9b76f": ["357", "com.photo.collage.musically.grid.collage.ArtActivity"]}, {"4963e0c49e30d0dabea8143cb1400875": ["39", "com.photo.collage.musically.grid.collage.ArtActivity"]}, {"2e71e9dbaec61f15e11c032a03808b10": ["90", "com.photo.collage.musically.grid.picartcollage.MainCollageActivity"]}, {"7fcf71d4d3788ce89e3b5f5f554f9405": ["8", "com.photo.collage.musically.grid.picartcollage.MainCollageActivity"]}, {"903def3f461e5f5ea6f91f8e5b1c1e82": ["61", "com.photo.collage.musically.grid.picartcollage.MainCollageActivity"]}, {"854e66888327d8ca724c4e553e5527b6": ["177", "com.photo.collage.musically.grid.picartcollage.MainCollageActivity"]}, {"903def3f461e5f5ea6f91f8e5b1c1e82": ["61", "com.photo.collage.musically.grid.picartcollage.MainCollageActivity"]}, {"903def3f461e5f5ea6f91f8e5b1c1e82": ["61", "com.photo.collage.musically.grid.picartcollage.MainCollageActivity"]}, {"903def3f461e5f5ea6f91f8e5b1c1e82": ["61", "com.photo.collage.musically.grid.picartcollage.MainCollageActivity"]}, {"e8fbc0c043a91983318677ce311ca82b": ["11", "com.photo.collage.musically.grid.picartcollage.MainCollageActivity"]}, {"17282612144effcbf589053fc96eb620": ["203", "com.photo.collage.musically.grid.picartcollage.MainCollageActivity"]}, {"67cf9d2f49d6537a6ae45f5978d72291": ["195", "com.photo.collage.musically.grid.picartcollage.MainCollageActivity"]}, {"67cf9d2f49d6537a6ae45f5978d72291": ["195", "com.photo.collage.musically.grid.picartcollage.MainCollageActivity"]}, {"67cf9d2f49d6537a6ae45f5978d72291": ["195", "com.photo.collage.musically.grid.picartcollage.MainCollageActivity"]}, {"7fcf71d4d3788ce89e3b5f5f554f9405": ["8", "com.photo.collage.musically.grid.picartcollage.MainCollageActivity"]}, {"903def3f461e5f5ea6f91f8e5b1c1e82": ["61", "com.photo.collage.musically.grid.picartcollage.MainCollageActivity"]}, {"524744bc9c98de0ef08a60eb4bca5dd6": ["358", "com.photo.collage.musically.grid.picartcollage.MainCollageActivity"]}, {"903def3f461e5f5ea6f91f8e5b1c1e82": ["61", "com.photo.collage.musically.grid.picartcollage.MainCollageActivity"]}, {"854e66888327d8ca724c4e553e5527b6": ["177", "com.photo.collage.musically.grid.picartcollage.MainCollageActivity"]}, {"854e66888327d8ca724c4e553e5527b6": ["177", "com.photo.collage.musically.grid.picartcollage.MainCollageActivity"]}, {"a76bbf3fa4112b8db849a0467887b736": ["96", "com.photo.collage.musically.grid.collage.ArtActivity"]}, {"4963e0c49e30d0dabea8143cb1400875": ["39", "com.photo.collage.musically.grid.collage.ArtActivity"]}, {"35a692d529cb71e09a9d338fb1995236": ["359", "com.photo.collage.musically.grid.picartcollage.MainCollageActivity"]}, {"f538785a88e95ef70fa3f8f39e717ce8": ["360", "com.photo.collage.musically.grid.picartcollage.MainCollageActivity"]}, {"7ead136d9f3a1eb846b638001498f7e3": ["361", "com.photo.collage.musically.grid.picartcollage.MainCollageActivity"]}, {"d3c0aa8c46e012460ab40815694a86e3": ["362", "com.photo.collage.musically.grid.picartcollage.MainCollageActivity"]}, {"a9f0530c7a9d6c3d65576a75b0654719": ["363", "com.photo.collage.musically.grid.picartcollage.MainCollageActivity"]}, {"c26a72b19aedd11ac293d228bfca14a2": ["364", "com.photo.collage.musically.grid.picartcollage.MainCollageActivity"]}, {"6c4f769d78c877964b739d4c2b4ff18c": ["365", "com.photo.collage.musically.grid.picartcollage.MainCollageActivity"]}, {"d663b37b62ee5ccab7e3d6731c03955e": ["30", "com.photo.collage.musically.grid.collage.ArtActivity"]}, {"c19612ab33f289408fb99a8c5349e30e": ["347", "com.photo.collage.musically.grid.collage.ArtActivity"]}, {"4963e0c49e30d0dabea8143cb1400875": ["39", "com.photo.collage.musically.grid.collage.ArtActivity"]}, {"6c4f769d78c877964b739d4c2b4ff18c": ["365", "com.photo.collage.musically.grid.picartcollage.MainCollageActivity"]}, {"2ff4740bacce3efebaa2abac2ccec57c": ["202", "com.photo.collage.musically.grid.picartcollage.MainCollageActivity"]}, {"17282612144effcbf589053fc96eb620": ["203", "com.photo.collage.musically.grid.picartcollage.MainCollageActivity"]}, {"2ff4740bacce3efebaa2abac2ccec57c": ["202", "com.photo.collage.musically.grid.picartcollage.MainCollageActivity"]}, {"2ff4740bacce3efebaa2abac2ccec57c": ["202", "com.photo.collage.musically.grid.picartcollage.MainCollageActivity"]}, {"67cf9d2f49d6537a6ae45f5978d72291": ["195", "com.photo.collage.musically.grid.picartcollage.MainCollageActivity"]}, {"a5bc790c785e426cd14ab8752b886deb": ["193", "com.photo.collage.musically.grid.picartcollage.MainCollageActivity"]}, {"a5bc790c785e426cd14ab8752b886deb": ["193", "com.photo.collage.musically.grid.picartcollage.MainCollageActivity"]}, {"67cf9d2f49d6537a6ae45f5978d72291": ["195", "com.photo.collage.musically.grid.picartcollage.MainCollageActivity"]}, {"67cf9d2f49d6537a6ae45f5978d72291": ["195", "com.photo.collage.musically.grid.picartcollage.MainCollageActivity"]}, {"67cf9d2f49d6537a6ae45f5978d72291": ["195", "com.photo.collage.musically.grid.picartcollage.MainCollageActivity"]}, {"a5bc790c785e426cd14ab8752b886deb": ["193", "com.photo.collage.musically.grid.picartcollage.MainCollageActivity"]}, {"a5bc790c785e426cd14ab8752b886deb": ["193", "com.photo.collage.musically.grid.picartcollage.MainCollageActivity"]}, {"a5bc790c785e426cd14ab8752b886deb": ["193", "com.photo.collage.musically.grid.picartcollage.MainCollageActivity"]}, {"a5bc790c785e426cd14ab8752b886deb": ["193", "com.photo.collage.musically.grid.picartcollage.MainCollageActivity"]}, {"3a1f51c27b3132f8bdf01b0cee4d6371": ["235", "com.photo.collage.musically.grid.picartcollage.MainCollageActivity"]}, {"a5bc790c785e426cd14ab8752b886deb": ["193", "com.photo.collage.musically.grid.picartcollage.MainCollageActivity"]}, {"a5bc790c785e426cd14ab8752b886deb": ["193", "com.photo.collage.musically.grid.picartcollage.MainCollageActivity"]}, {"67cf9d2f49d6537a6ae45f5978d72291": ["195", "com.photo.collage.musically.grid.picartcollage.MainCollageActivity"]}, {"17282612144effcbf589053fc96eb620": ["203", "com.photo.collage.musically.grid.picartcollage.MainCollageActivity"]}, {"2ff4740bacce3efebaa2abac2ccec57c": ["202", "com.photo.collage.musically.grid.picartcollage.MainCollageActivity"]}, {"17282612144effcbf589053fc96eb620": ["203", "com.photo.collage.musically.grid.picartcollage.MainCollageActivity"]}, {"7fcf71d4d3788ce89e3b5f5f554f9405": ["8", "com.photo.collage.musically.grid.picartcollage.MainCollageActivity"]}, {"7fcf71d4d3788ce89e3b5f5f554f9405": ["8", "com.photo.collage.musically.grid.picartcollage.MainCollageActivity"]}, {"903def3f461e5f5ea6f91f8e5b1c1e82": ["61", "com.photo.collage.musically.grid.picartcollage.MainCollageActivity"]}, {"854e66888327d8ca724c4e553e5527b6": ["177", "com.photo.collage.musically.grid.picartcollage.MainCollageActivity"]}, {"903def3f461e5f5ea6f91f8e5b1c1e82": ["61", "com.photo.collage.musically.grid.picartcollage.MainCollageActivity"]}, {"7fcf71d4d3788ce89e3b5f5f554f9405": ["8", "com.photo.collage.musically.grid.picartcollage.MainCollageActivity"]}, {"01d61196b1a949f789d7c011cedadca4": ["10", "com.photo.collage.musically.grid.picartcollage.MainCollageActivity"]}, {"e8fbc0c043a91983318677ce311ca82b": ["11", "com.photo.collage.musically.grid.picartcollage.MainCollageActivity"]}, {"9180b06bb89cecb3c1c28d809d6a42a2": ["69", "com.photo.collage.musically.grid.picartcollage.MainCollageActivity"]}, {"83e563b813c644c87e6dd5c7b3899143": ["366", "com.photo.collage.musically.grid.picartcollage.MainCollageActivity"]}, {"9180b06bb89cecb3c1c28d809d6a42a2": ["69", "com.photo.collage.musically.grid.picartcollage.MainCollageActivity"]}, {"e8fbc0c043a91983318677ce311ca82b": ["11", "com.photo.collage.musically.grid.picartcollage.MainCollageActivity"]}, {"9180b06bb89cecb3c1c28d809d6a42a2": ["69", "com.photo.collage.musically.grid.picartcollage.MainCollageActivity"]}, {"f340762f834c8eba99b4500bb40bc8ce": ["367", "com.photo.collage.musically.grid.picartcollage.MainCollageActivity"]}, {"11c6b0199c36b9100df714b2388156c6": ["73", "com.photo.collage.musically.grid.collage.ArtActivity"]}, {"11c6b0199c36b9100df714b2388156c6": ["73", "com.photo.collage.musically.grid.collage.ArtActivity"]}, {"3e3faeaeb80b89bccb082470647eae86": ["72", "com.photo.collage.musically.grid.collage.ArtActivity"]}, {"3e3faeaeb80b89bccb082470647eae86": ["72", "com.photo.collage.musically.grid.collage.ArtActivity"]}, {"11c6b0199c36b9100df714b2388156c6": ["73", "com.photo.collage.musically.grid.collage.ArtActivity"]}, {"11c6b0199c36b9100df714b2388156c6": ["73", "com.photo.collage.musically.grid.collage.ArtActivity"]}, {"11c6b0199c36b9100df714b2388156c6": ["73", "com.photo.collage.musically.grid.collage.ArtActivity"]}, {"3e3faeaeb80b89bccb082470647eae86": ["72", "com.photo.collage.musically.grid.collage.ArtActivity"]}, {"11c6b0199c36b9100df714b2388156c6": ["73", "com.photo.collage.musically.grid.collage.ArtActivity"]}, {"11c6b0199c36b9100df714b2388156c6": ["73", "com.photo.collage.musically.grid.collage.ArtActivity"]}, {"c4050ddde281c722ae739c0228f6611a": ["97", "com.photo.collage.musically.grid.collage.ArtActivity"]}, {"86a493e06560f82405f65f7c325d6cbf": ["98", "com.photo.collage.musically.grid.collage.ArtActivity"]}, {"331440a4eaa9a0d5c486264c59cf25ff": ["368", "com.photo.collage.musically.grid.collage.ArtActivity"]}, {"6b98eb3629776028a379e6a3180a59e2": ["71", "com.photo.collage.musically.grid.collage.ArtActivity"]}, {"be16160ce3424bc593faaf62fb88da9f": ["369", "com.photo.collage.musically.grid.collage.ArtActivity"]}, {"876d6de4ab65ed7fa46ff15cf64f8f84": ["370", "com.photo.collage.musically.grid.collage.ArtActivity"]}, {"f781fcec0478a24ac3ce609a92cd7076": ["371", "com.photo.collage.musically.grid.collage.ArtActivity"]}, {"d14a4ead5f7658b6b0df9801342a2df8": ["372", "com.photo.collage.musically.grid.collage.ArtActivity"]}, {"d14a4ead5f7658b6b0df9801342a2df8": ["372", "com.photo.collage.musically.grid.collage.ArtActivity"]}, {"d14a4ead5f7658b6b0df9801342a2df8": ["372", "com.photo.collage.musically.grid.collage.ArtActivity"]}, {"d14a4ead5f7658b6b0df9801342a2df8": ["372", "com.photo.collage.musically.grid.collage.ArtActivity"]}, {"d14a4ead5f7658b6b0df9801342a2df8": ["372", "com.photo.collage.musically.grid.collage.ArtActivity"]}, {"d14a4ead5f7658b6b0df9801342a2df8": ["372", "com.photo.collage.musically.grid.collage.ArtActivity"]}, {"1c509c61d197a2e03ed95ff3167dbf3f": ["373", "com.photo.collage.musically.grid.collage.ArtActivity"]}, {"d14a4ead5f7658b6b0df9801342a2df8": ["372", "com.photo.collage.musically.grid.collage.ArtActivity"]}, {"4963e0c49e30d0dabea8143cb1400875": ["39", "com.photo.collage.musically.grid.collage.ArtActivity"]}, {"35a692d529cb71e09a9d338fb1995236": ["359", "com.photo.collage.musically.grid.picartcollage.MainCollageActivity"]}, {"f538785a88e95ef70fa3f8f39e717ce8": ["360", "com.photo.collage.musically.grid.picartcollage.MainCollageActivity"]}, {"7ead136d9f3a1eb846b638001498f7e3": ["361", "com.photo.collage.musically.grid.picartcollage.MainCollageActivity"]}, {"c37d950c9640bf4e5d523bec62315b67": ["180", "com.photo.collage.musically.grid.picartcollage.MainCollageActivity"]}, {"7176c3941a76ce790d86a5c123a0f754": ["374", "com.photo.collage.musically.grid.picartcollage.MainCollageActivity"]}, {"49a3d7ccecdd0a40232874a0e7117b95": ["375", "com.photo.collage.musically.grid.picartcollage.MainCollageActivity"]}, {"c1c6bf52c566aeccf0274aabfb02aaf7": ["376", "com.photo.collage.musically.grid.picartcollage.MainCollageActivity"]}, {"27ca7fe9d828feefc750247f3aee410e": ["377", "com.photo.collage.musically.grid.picartcollage.MainCollageActivity"]}, {"44c47125c53dede8dcb66fe42bedf122": ["378", "com.photo.collage.musically.grid.picartcollage.MainCollageActivity"]}, {"44c47125c53dede8dcb66fe42bedf122": ["378", "com.photo.collage.musically.grid.picartcollage.MainCollageActivity"]}, {"44c47125c53dede8dcb66fe42bedf122": ["378", "com.photo.collage.musically.grid.picartcollage.MainCollageActivity"]}, {"23052f53bd361d91e2bb76288f83b1ca": ["379", "com.photo.collage.musically.grid.picartcollage.MainCollageActivity"]}, {"a5bc790c785e426cd14ab8752b886deb": ["193", "com.photo.collage.musically.grid.picartcollage.MainCollageActivity"]}, {"67cf9d2f49d6537a6ae45f5978d72291": ["195", "com.photo.collage.musically.grid.picartcollage.MainCollageActivity"]}, {"e8fbc0c043a91983318677ce311ca82b": ["11", "com.photo.collage.musically.grid.picartcollage.MainCollageActivity"]}, {"17282612144effcbf589053fc96eb620": ["203", "com.photo.collage.musically.grid.picartcollage.MainCollageActivity"]}, {"e8fbc0c043a91983318677ce311ca82b": ["11", "com.photo.collage.musically.grid.picartcollage.MainCollageActivity"]}, {"d1f54b173b8e8d032f46bac5216af594": ["92", "com.photo.collage.musically.grid.picartcollage.MainCollageActivity"]}, {"e8fbc0c043a91983318677ce311ca82b": ["11", "com.photo.collage.musically.grid.picartcollage.MainCollageActivity"]}, {"903def3f461e5f5ea6f91f8e5b1c1e82": ["61", "com.photo.collage.musically.grid.picartcollage.MainCollageActivity"]}, {"903def3f461e5f5ea6f91f8e5b1c1e82": ["61", "com.photo.collage.musically.grid.picartcollage.MainCollageActivity"]}, {"524744bc9c98de0ef08a60eb4bca5dd6": ["358", "com.photo.collage.musically.grid.picartcollage.MainCollageActivity"]}, {"903def3f461e5f5ea6f91f8e5b1c1e82": ["61", "com.photo.collage.musically.grid.picartcollage.MainCollageActivity"]}, {"524744bc9c98de0ef08a60eb4bca5dd6": ["358", "com.photo.collage.musically.grid.picartcollage.MainCollageActivity"]}, {"3e3faeaeb80b89bccb082470647eae86": ["72", "com.photo.collage.musically.grid.collage.ArtActivity"]}, {"1f6104058e57a2a739a276db19f7c487": ["310", "com.photo.collage.musically.grid.collage.ArtActivity"]}, {"62341cd7a7e1df0345ea1799e3bec0d0": ["60", "com.photo.collage.musically.grid.collage.SaveActivity"]}, {"7fcf71d4d3788ce89e3b5f5f554f9405": ["8", "com.photo.collage.musically.grid.picartcollage.MainCollageActivity"]}, {"91fa3bd79306289bccc561560cc48589": ["212", "com.photo.collage.musically.grid.picartcollage.MainCollageActivity"]}, {"58ca52ae75e22dc968a1642b5fffb72f": ["380", "com.photo.collage.musically.grid.picartcollage.MainCollageActivity"]}, {"58ca52ae75e22dc968a1642b5fffb72f": ["380", "com.photo.collage.musically.grid.picartcollage.MainCollageActivity"]}, {"db2fb10a2e92d6ab3126aee71602bf82": ["289", "com.google.android.gms.ads.AdActivity"]}, {"db2fb10a2e92d6ab3126aee71602bf82": ["289", "com.google.android.gms.ads.AdActivity"]}, {"db2fb10a2e92d6ab3126aee71602bf82": ["289", "com.google.android.gms.ads.AdActivity"]}, {"db2fb10a2e92d6ab3126aee71602bf82": ["289", "com.google.android.gms.ads.AdActivity"]}, {"db2fb10a2e92d6ab3126aee71602bf82": ["289", "com.google.android.gms.ads.AdActivity"]}, {"db2fb10a2e92d6ab3126aee71602bf82": ["289", "com.google.android.gms.ads.AdActivity"]}, {"db2fb10a2e92d6ab3126aee71602bf82": ["289", "com.google.android.gms.ads.AdActivity"]}, {"db2fb10a2e92d6ab3126aee71602bf82": ["289", "com.google.android.gms.ads.AdActivity"]}, {"db2fb10a2e92d6ab3126aee71602bf82": ["289", "com.google.android.gms.ads.AdActivity"]}, {"db2fb10a2e92d6ab3126aee71602bf82": ["289", "com.google.android.gms.ads.AdActivity"]}, {"db2fb10a2e92d6ab3126aee71602bf82": ["289", "com.google.android.gms.ads.AdActivity"]}, {"db2fb10a2e92d6ab3126aee71602bf82": ["289", "com.google.android.gms.ads.AdActivity"]}, {"db2fb10a2e92d6ab3126aee71602bf82": ["289", "com.google.android.gms.ads.AdActivity"]}, {"db2fb10a2e92d6ab3126aee71602bf82": ["289", "com.google.android.gms.ads.AdActivity"]}, {"db2fb10a2e92d6ab3126aee71602bf82": ["289", "com.google.android.gms.ads.AdActivity"]}, {"db2fb10a2e92d6ab3126aee71602bf82": ["289", "com.google.android.gms.ads.AdActivity"]}, {"db2fb10a2e92d6ab3126aee71602bf82": ["289", "com.google.android.gms.ads.AdActivity"]}, {"db2fb10a2e92d6ab3126aee71602bf82": ["289", "com.google.android.gms.ads.AdActivity"]}, {"db2fb10a2e92d6ab3126aee71602bf82": ["289", "com.google.android.gms.ads.AdActivity"]}, {"db2fb10a2e92d6ab3126aee71602bf82": ["289", "com.google.android.gms.ads.AdActivity"]}, {"db2fb10a2e92d6ab3126aee71602bf82": ["289", "com.google.android.gms.ads.AdActivity"]}, {"db2fb10a2e92d6ab3126aee71602bf82": ["289", "com.google.android.gms.ads.AdActivity"]}, {"db2fb10a2e92d6ab3126aee71602bf82": ["289", "com.google.android.gms.ads.AdActivity"]}, {"db2fb10a2e92d6ab3126aee71602bf82": ["289", "com.google.android.gms.ads.AdActivity"]}, {"db2fb10a2e92d6ab3126aee71602bf82": ["289", "com.google.android.gms.ads.AdActivity"]}, {"db2fb10a2e92d6ab3126aee71602bf82": ["289", "com.google.android.gms.ads.AdActivity"]}, {"db2fb10a2e92d6ab3126aee71602bf82": ["289", "com.google.android.gms.ads.AdActivity"]}, {"db2fb10a2e92d6ab3126aee71602bf82": ["289", "com.google.android.gms.ads.AdActivity"]}, {"db2fb10a2e92d6ab3126aee71602bf82": ["289", "com.google.android.gms.ads.AdActivity"]}, {"db2fb10a2e92d6ab3126aee71602bf82": ["289", "com.google.android.gms.ads.AdActivity"]}, {"db2fb10a2e92d6ab3126aee71602bf82": ["289", "com.google.android.gms.ads.AdActivity"]}, {"db2fb10a2e92d6ab3126aee71602bf82": ["289", "com.google.android.gms.ads.AdActivity"]}, {"db2fb10a2e92d6ab3126aee71602bf82": ["289", "com.google.android.gms.ads.AdActivity"]}, {"db2fb10a2e92d6ab3126aee71602bf82": ["289", "com.google.android.gms.ads.AdActivity"]}, {"db2fb10a2e92d6ab3126aee71602bf82": ["289", "com.google.android.gms.ads.AdActivity"]}, {"db2fb10a2e92d6ab3126aee71602bf82": ["289", "com.google.android.gms.ads.AdActivity"]}, {"db2fb10a2e92d6ab3126aee71602bf82": ["289", "com.google.android.gms.ads.AdActivity"]}, {"db2fb10a2e92d6ab3126aee71602bf82": ["289", "com.google.android.gms.ads.AdActivity"]}, {"db2fb10a2e92d6ab3126aee71602bf82": ["289", "com.google.android.gms.ads.AdActivity"]}, {"db2fb10a2e92d6ab3126aee71602bf82": ["289", "com.google.android.gms.ads.AdActivity"]}, {"db2fb10a2e92d6ab3126aee71602bf82": ["289", "com.google.android.gms.ads.AdActivity"]}, {"db2fb10a2e92d6ab3126aee71602bf82": ["289", "com.google.android.gms.ads.AdActivity"]}, {"db2fb10a2e92d6ab3126aee71602bf82": ["289", "com.google.android.gms.ads.AdActivity"]}, {"db2fb10a2e92d6ab3126aee71602bf82": ["289", "com.google.android.gms.ads.AdActivity"]}, {"db2fb10a2e92d6ab3126aee71602bf82": ["289", "com.google.android.gms.ads.AdActivity"]}, {"db2fb10a2e92d6ab3126aee71602bf82": ["289", "com.google.android.gms.ads.AdActivity"]}, {"db2fb10a2e92d6ab3126aee71602bf82": ["289", "com.google.android.gms.ads.AdActivity"]}, {"db2fb10a2e92d6ab3126aee71602bf82": ["289", "com.google.android.gms.ads.AdActivity"]}, {"db2fb10a2e92d6ab3126aee71602bf82": ["289", "com.google.android.gms.ads.AdActivity"]}, {"db2fb10a2e92d6ab3126aee71602bf82": ["289", "com.google.android.gms.ads.AdActivity"]}, {"db2fb10a2e92d6ab3126aee71602bf82": ["289", "com.google.android.gms.ads.AdActivity"]}, {"db2fb10a2e92d6ab3126aee71602bf82": ["289", "com.google.android.gms.ads.AdActivity"]}, {"db2fb10a2e92d6ab3126aee71602bf82": ["289", "com.google.android.gms.ads.AdActivity"]}, {"db2fb10a2e92d6ab3126aee71602bf82": ["289", "com.google.android.gms.ads.AdActivity"]}, {"db2fb10a2e92d6ab3126aee71602bf82": ["289", "com.google.android.gms.ads.AdActivity"]}, {"db2fb10a2e92d6ab3126aee71602bf82": ["289", "com.google.android.gms.ads.AdActivity"]}, {"db2fb10a2e92d6ab3126aee71602bf82": ["289", "com.google.android.gms.ads.AdActivity"]}, {"db2fb10a2e92d6ab3126aee71602bf82": ["289", "com.google.android.gms.ads.AdActivity"]}, {"db2fb10a2e92d6ab3126aee71602bf82": ["289", "com.google.android.gms.ads.AdActivity"]}, {"db2fb10a2e92d6ab3126aee71602bf82": ["289", "com.google.android.gms.ads.AdActivity"]}, {"db2fb10a2e92d6ab3126aee71602bf82": ["289", "com.google.android.gms.ads.AdActivity"]}, {"db2fb10a2e92d6ab3126aee71602bf82": ["289", "com.google.android.gms.ads.AdActivity"]}, {"db2fb10a2e92d6ab3126aee71602bf82": ["289", "com.google.android.gms.ads.AdActivity"]}, {"db2fb10a2e92d6ab3126aee71602bf82": ["289", "com.google.android.gms.ads.AdActivity"]}, {"db2fb10a2e92d6ab3126aee71602bf82": ["289", "com.google.android.gms.ads.AdActivity"]}]