[{"57919a093ba917361402ba944698de1f": ["109", "com.iconology.ui.store.featured.FeaturedActivity"]}, {"b7ceb3fbd6fe10ac7b78f228cd4ead56": ["41", "com.iconology.ui.store.issues.IssueDetailActivity"]}, {"42b3de3906099431a6f52740f6b66e4c": ["12", "com.iconology.ui.store.preview.IssuePreviewActivity"]}, {"7433d38528fde79ef8f46e8af4c70b5f": ["110", "com.iconology.ui.store.issues.IssueDetailActivity"]}, {"5600cf291dac982e31ba24ac7024302c": ["111", "com.iconology.ui.store.featured.FeaturedActivity"]}, {"b7ceb3fbd6fe10ac7b78f228cd4ead56": ["41", "com.iconology.ui.store.issues.IssueDetailActivity"]}, {"64ade03fd702a5a5110cae803ffce2a6": ["18", "com.iconology.ui.store.issues.IssueDetailActivity"]}, {"b7ceb3fbd6fe10ac7b78f228cd4ead56": ["41", "com.iconology.ui.store.issues.IssueDetailActivity"]}, {"456ef616ccf840aa78c74f6610d89105": ["112", "com.iconology.ui.store.preview.IssuePreviewActivity"]}, {"7433d38528fde79ef8f46e8af4c70b5f": ["110", "com.iconology.ui.store.issues.IssueDetailActivity"]}, {"0e71951bb158bfb8f7ed7bf9bf0ffc57": ["73", "com.iconology.ui.store.creators.CreatorsActivity"]}, {"d81941910168ff5c20b7f411c3f116f2": ["113", "com.iconology.ui.store.creators.CreatorDetailActivity"]}, {"8f95d356dcece3b6499248d57f7865fc": ["31", "com.iconology.ui.store.sectionedpage.SectionedPageSectionActivity"]}, {"b7ceb3fbd6fe10ac7b78f228cd4ead56": ["41", "com.iconology.ui.store.issues.IssueDetailActivity"]}, {"8f95d356dcece3b6499248d57f7865fc": ["31", "com.iconology.ui.store.sectionedpage.SectionedPageSectionActivity"]}, {"b7ceb3fbd6fe10ac7b78f228cd4ead56": ["41", "com.iconology.ui.store.issues.IssueDetailActivity"]}, {"a906683d8ce1d237fb4eddb265479c0a": ["8", "com.iconology.ui.mybooks.MyBooksActivity"]}, {"a240da0da7af8bde1f115a656dc670a5": ["3", "com.iconology.ui.mybooks.MyBooksActivity"]}, {"894f64534d6eef63c7a583dd7e4e49aa": ["114", "com.iconology.ui.store.issues.IssueDetailActivity"]}, {"efa8844cd03ef67b7f4c08cabe3dec1a": ["115", "com.iconology.ui.store.series.SeriesDetailActivity"]}, {"b7ceb3fbd6fe10ac7b78f228cd4ead56": ["41", "com.iconology.ui.store.issues.IssueDetailActivity"]}, {"456ef616ccf840aa78c74f6610d89105": ["112", "com.iconology.ui.store.preview.IssuePreviewActivity"]}, {"b7ceb3fbd6fe10ac7b78f228cd4ead56": ["41", "com.iconology.ui.store.issues.IssueDetailActivity"]}, {"456ef616ccf840aa78c74f6610d89105": ["112", "com.iconology.ui.store.preview.IssuePreviewActivity"]}, {"38ecd3636408cf544fe532e2c504a0c7": ["116", "com.iconology.ui.store.issues.IssueDetailActivity"]}, {"fbbad5046597ccee0ecf75806017aa51": ["43", "com.iconology.ui.store.series.SeriesDetailActivity"]}, {"cbd191fae0ccdd9f4ae499ddbbbb4ba4": ["47", "com.iconology.ui.store.issues.IssueDetailActivity"]}, {"6d6f49abd6d2ee81eb8fa5ad4dc21ee1": ["117", "com.iconology.ui.store.preview.IssuePreviewActivity"]}, {"e7e47aa8bbe5c18b6a12ba16ffa9b4df": ["118", "com.iconology.ui.store.issues.IssueDetailActivity"]}, {"d11b35340a9e286b0060ca8cecde9211": ["46", "com.iconology.ui.store.series.SeriesDetailActivity"]}, {"ab65dac5cdaf34f7f97cf0a0808ea71e": ["6", "com.iconology.ui.store.issues.IssueDetailActivity"]}, {"e7e47aa8bbe5c18b6a12ba16ffa9b4df": ["118", "com.iconology.ui.store.issues.IssueDetailActivity"]}, {"4ee7638b31fe93cbe23f2abc1ea29144": ["48", "com.iconology.ui.store.series.SeriesDetailActivity"]}, {"4119ba497ea76f2f3d045451e55d0e21": ["24", "com.iconology.ui.store.issues.IssueDetailActivity"]}, {"a906683d8ce1d237fb4eddb265479c0a": ["8", "com.iconology.ui.mybooks.MyBooksActivity"]}, {"a240da0da7af8bde1f115a656dc670a5": ["3", "com.iconology.ui.mybooks.MyBooksActivity"]}, {"a240da0da7af8bde1f115a656dc670a5": ["3", "com.iconology.ui.mybooks.MyBooksActivity"]}, {"83c68acd99917033003d93c174e28ef8": ["5", "com.iconology.ui.account.LoginActivity"]}, {"a240da0da7af8bde1f115a656dc670a5": ["3", "com.iconology.ui.mybooks.MyBooksActivity"]}, {"83c68acd99917033003d93c174e28ef8": ["5", "com.iconology.ui.account.LoginActivity"]}, {"83c68acd99917033003d93c174e28ef8": ["5", "com.iconology.ui.account.LoginActivity"]}, {"a240da0da7af8bde1f115a656dc670a5": ["3", "com.iconology.ui.mybooks.MyBooksActivity"]}, {"83c68acd99917033003d93c174e28ef8": ["5", "com.iconology.ui.account.LoginActivity"]}, {"a240da0da7af8bde1f115a656dc670a5": ["3", "com.iconology.ui.mybooks.MyBooksActivity"]}, {"83c68acd99917033003d93c174e28ef8": ["5", "com.iconology.ui.account.LoginActivity"]}, {"83c68acd99917033003d93c174e28ef8": ["5", "com.iconology.ui.account.LoginActivity"]}, {"cdcff3bed69c4dcce0cd99e8b1db6b1c": ["119", "com.iconology.ui.account.CreateAccountActivity"]}, {"cdcff3bed69c4dcce0cd99e8b1db6b1c": ["119", "com.iconology.ui.account.CreateAccountActivity"]}, {"24796b91860d79a139de59692a72019a": ["63", "com.iconology.ui.WebViewActivity"]}, {"cdcff3bed69c4dcce0cd99e8b1db6b1c": ["119", "com.iconology.ui.account.CreateAccountActivity"]}, {"24796b91860d79a139de59692a72019a": ["63", "com.iconology.ui.WebViewActivity"]}, {"cdcff3bed69c4dcce0cd99e8b1db6b1c": ["119", "com.iconology.ui.account.CreateAccountActivity"]}, {"cdcff3bed69c4dcce0cd99e8b1db6b1c": ["119", "com.iconology.ui.account.CreateAccountActivity"]}, {"83c68acd99917033003d93c174e28ef8": ["5", "com.iconology.ui.account.LoginActivity"]}, {"a906683d8ce1d237fb4eddb265479c0a": ["8", "com.iconology.ui.mybooks.MyBooksActivity"]}, {"a906683d8ce1d237fb4eddb265479c0a": ["8", "com.iconology.ui.mybooks.MyBooksActivity"]}, {"a906683d8ce1d237fb4eddb265479c0a": ["8", "com.iconology.ui.mybooks.MyBooksActivity"]}, {"a240da0da7af8bde1f115a656dc670a5": ["3", "com.iconology.ui.mybooks.MyBooksActivity"]}, {"83c68acd99917033003d93c174e28ef8": ["5", "com.iconology.ui.account.LoginActivity"]}, {"a240da0da7af8bde1f115a656dc670a5": ["3", "com.iconology.ui.mybooks.MyBooksActivity"]}, {"a240da0da7af8bde1f115a656dc670a5": ["3", "com.iconology.ui.mybooks.MyBooksActivity"]}, {"a906683d8ce1d237fb4eddb265479c0a": ["8", "com.iconology.ui.mybooks.MyBooksActivity"]}, {"a240da0da7af8bde1f115a656dc670a5": ["3", "com.iconology.ui.mybooks.MyBooksActivity"]}, {"83c68acd99917033003d93c174e28ef8": ["5", "com.iconology.ui.account.LoginActivity"]}, {"83c68acd99917033003d93c174e28ef8": ["5", "com.iconology.ui.account.LoginActivity"]}, {"a240da0da7af8bde1f115a656dc670a5": ["3", "com.iconology.ui.mybooks.MyBooksActivity"]}, {"83c68acd99917033003d93c174e28ef8": ["5", "com.iconology.ui.account.LoginActivity"]}, {"a240da0da7af8bde1f115a656dc670a5": ["3", "com.iconology.ui.mybooks.MyBooksActivity"]}, {"83c68acd99917033003d93c174e28ef8": ["5", "com.iconology.ui.account.LoginActivity"]}, {"a240da0da7af8bde1f115a656dc670a5": ["3", "com.iconology.ui.mybooks.MyBooksActivity"]}, {"83c68acd99917033003d93c174e28ef8": ["5", "com.iconology.ui.account.LoginActivity"]}, {"83c68acd99917033003d93c174e28ef8": ["5", "com.iconology.ui.account.LoginActivity"]}, {"a240da0da7af8bde1f115a656dc670a5": ["3", "com.iconology.ui.mybooks.MyBooksActivity"]}, {"894f64534d6eef63c7a583dd7e4e49aa": ["114", "com.iconology.ui.store.issues.IssueDetailActivity"]}, {"e46f1af21169e504e5665ab316961b54": ["120", "com.iconology.ui.store.series.SeriesDetailActivity"]}, {"4119ba497ea76f2f3d045451e55d0e21": ["24", "com.iconology.ui.store.issues.IssueDetailActivity"]}, {"f6186052033c6590917691e15993ba5b": ["121", "com.iconology.ui.store.preview.IssuePreviewActivity"]}, {"4119ba497ea76f2f3d045451e55d0e21": ["24", "com.iconology.ui.store.issues.IssueDetailActivity"]}, {"3f77b328bb6c4ee58c330d03248466f2": ["122", "com.iconology.ui.store.series.SeriesDetailActivity"]}, {"ab65dac5cdaf34f7f97cf0a0808ea71e": ["6", "com.iconology.ui.store.issues.IssueDetailActivity"]}, {"7ff446ae69f8643549ce2b2adc180145": ["123", "com.iconology.ui.store.preview.IssuePreviewActivity"]}, {"ab65dac5cdaf34f7f97cf0a0808ea71e": ["6", "com.iconology.ui.store.issues.IssueDetailActivity"]}, {"e7e47aa8bbe5c18b6a12ba16ffa9b4df": ["118", "com.iconology.ui.store.issues.IssueDetailActivity"]}, {"d11b35340a9e286b0060ca8cecde9211": ["46", "com.iconology.ui.store.series.SeriesDetailActivity"]}, {"4119ba497ea76f2f3d045451e55d0e21": ["24", "com.iconology.ui.store.issues.IssueDetailActivity"]}, {"42b3de3906099431a6f52740f6b66e4c": ["12", "com.iconology.ui.store.preview.IssuePreviewActivity"]}, {"e7e47aa8bbe5c18b6a12ba16ffa9b4df": ["118", "com.iconology.ui.store.issues.IssueDetailActivity"]}, {"e46f1af21169e504e5665ab316961b54": ["120", "com.iconology.ui.store.series.SeriesDetailActivity"]}, {"4119ba497ea76f2f3d045451e55d0e21": ["24", "com.iconology.ui.store.issues.IssueDetailActivity"]}, {"42b3de3906099431a6f52740f6b66e4c": ["12", "com.iconology.ui.store.preview.IssuePreviewActivity"]}, {"4119ba497ea76f2f3d045451e55d0e21": ["24", "com.iconology.ui.store.issues.IssueDetailActivity"]}, {"42b3de3906099431a6f52740f6b66e4c": ["12", "com.iconology.ui.store.preview.IssuePreviewActivity"]}, {"e7e47aa8bbe5c18b6a12ba16ffa9b4df": ["118", "com.iconology.ui.store.issues.IssueDetailActivity"]}, {"e46f1af21169e504e5665ab316961b54": ["120", "com.iconology.ui.store.series.SeriesDetailActivity"]}, {"4119ba497ea76f2f3d045451e55d0e21": ["24", "com.iconology.ui.store.issues.IssueDetailActivity"]}, {"42b3de3906099431a6f52740f6b66e4c": ["12", "com.iconology.ui.store.preview.IssuePreviewActivity"]}, {"4119ba497ea76f2f3d045451e55d0e21": ["24", "com.iconology.ui.store.issues.IssueDetailActivity"]}, {"456ef616ccf840aa78c74f6610d89105": ["112", "com.iconology.ui.store.preview.IssuePreviewActivity"]}, {"4119ba497ea76f2f3d045451e55d0e21": ["24", "com.iconology.ui.store.issues.IssueDetailActivity"]}, {"42b3de3906099431a6f52740f6b66e4c": ["12", "com.iconology.ui.store.preview.IssuePreviewActivity"]}, {"27289b048bc2ef24aa82976c20e68fd4": ["124", "com.iconology.ui.store.issues.IssueDetailActivity"]}, {"e46f1af21169e504e5665ab316961b54": ["120", "com.iconology.ui.store.series.SeriesDetailActivity"]}, {"e7e47aa8bbe5c18b6a12ba16ffa9b4df": ["118", "com.iconology.ui.store.issues.IssueDetailActivity"]}, {"14a5d729955b9acf4db96a79fcdd4640": ["125", "com.iconology.ui.store.series.SeriesDetailActivity"]}, {"243f505ccac14002686ce49e7995c716": ["71", "com.iconology.ui.store.issues.IssueDetailActivity"]}, {"42b3de3906099431a6f52740f6b66e4c": ["12", "com.iconology.ui.store.preview.IssuePreviewActivity"]}, {"e7e47aa8bbe5c18b6a12ba16ffa9b4df": ["118", "com.iconology.ui.store.issues.IssueDetailActivity"]}, {"3f77b328bb6c4ee58c330d03248466f2": ["122", "com.iconology.ui.store.series.SeriesDetailActivity"]}, {"ab65dac5cdaf34f7f97cf0a0808ea71e": ["6", "com.iconology.ui.store.issues.IssueDetailActivity"]}, {"42b3de3906099431a6f52740f6b66e4c": ["12", "com.iconology.ui.store.preview.IssuePreviewActivity"]}, {"e7e47aa8bbe5c18b6a12ba16ffa9b4df": ["118", "com.iconology.ui.store.issues.IssueDetailActivity"]}, {"4027acba80f5b95dd71f56b70277920c": ["60", "com.iconology.ui.store.series.SeriesDetailActivity"]}, {"941d87c6623496929b368aad8be64c44": ["1", "com.iconology.search.ui.SearchActivity"]}, {"38f1c752f974ffb41d5b87093afd3526": ["9", "com.iconology.search.ui.SearchActivity"]}, {"38f1c752f974ffb41d5b87093afd3526": ["9", "com.iconology.search.ui.SearchActivity"]}, {"38f1c752f974ffb41d5b87093afd3526": ["9", "com.iconology.search.ui.SearchActivity"]}, {"38f1c752f974ffb41d5b87093afd3526": ["9", "com.iconology.search.ui.SearchActivity"]}, {"662eda35012190d6827ace7c729b4c15": ["126", "com.iconology.ui.store.series.SeriesDetailActivity"]}, {"f50b00fac5f2ee092734c3779decbc17": ["33", "com.iconology.ui.smartlists.SmartListsActivity"]}, {"4027acba80f5b95dd71f56b70277920c": ["60", "com.iconology.ui.store.series.SeriesDetailActivity"]}, {"38f1c752f974ffb41d5b87093afd3526": ["9", "com.iconology.search.ui.SearchActivity"]}, {"38f1c752f974ffb41d5b87093afd3526": ["9", "com.iconology.search.ui.SearchActivity"]}, {"38f1c752f974ffb41d5b87093afd3526": ["9", "com.iconology.search.ui.SearchActivity"]}, {"38f1c752f974ffb41d5b87093afd3526": ["9", "com.iconology.search.ui.SearchActivity"]}, {"662eda35012190d6827ace7c729b4c15": ["126", "com.iconology.ui.store.series.SeriesDetailActivity"]}, {"2ac6957cd05da567509cc4e2cba40a93": ["13", "com.iconology.ui.store.wishlist.WishListActivity"]}, {"4027acba80f5b95dd71f56b70277920c": ["60", "com.iconology.ui.store.series.SeriesDetailActivity"]}, {"2e2ca6185b360c7e87f805cf41d70012": ["127", "com.iconology.ui.store.series.SeriesActivity"]}, {"c2dc4879b11f936965fdbf3af7e374b0": ["128", "com.iconology.ui.store.series.SeriesActivity"]}, {"c2dc4879b11f936965fdbf3af7e374b0": ["128", "com.iconology.ui.store.series.SeriesActivity"]}, {"c2dc4879b11f936965fdbf3af7e374b0": ["128", "com.iconology.ui.store.series.SeriesActivity"]}, {"2e2ca6185b360c7e87f805cf41d70012": ["127", "com.iconology.ui.store.series.SeriesActivity"]}, {"2e2ca6185b360c7e87f805cf41d70012": ["127", "com.iconology.ui.store.series.SeriesActivity"]}, {"398f40159eaee72339a6a4cbaf6a1d6e": ["129", "com.iconology.ui.store.issues.IssueDetailActivity"]}, {"398f40159eaee72339a6a4cbaf6a1d6e": ["129", "com.iconology.ui.store.issues.IssueDetailActivity"]}, {"d8ff25e2147a35528c06d13a23d15915": ["130", "com.iconology.ui.store.issues.IssueDetailActivity"]}, {"3f77b328bb6c4ee58c330d03248466f2": ["122", "com.iconology.ui.store.series.SeriesDetailActivity"]}, {"8be46321be6883736fb8382379202286": ["131", "com.iconology.ui.store.issues.IssueDetailActivity"]}, {"8be46321be6883736fb8382379202286": ["131", "com.iconology.ui.store.issues.IssueDetailActivity"]}, {"8be46321be6883736fb8382379202286": ["131", "com.iconology.ui.store.issues.IssueDetailActivity"]}, {"8be46321be6883736fb8382379202286": ["131", "com.iconology.ui.store.issues.IssueDetailActivity"]}, {"8be46321be6883736fb8382379202286": ["131", "com.iconology.ui.store.issues.IssueDetailActivity"]}, {"7b9a5ca3f2a647971cd601d160fd91eb": ["132", "com.iconology.ui.store.series.SeriesDetailActivity"]}, {"8be46321be6883736fb8382379202286": ["131", "com.iconology.ui.store.issues.IssueDetailActivity"]}, {"8be46321be6883736fb8382379202286": ["131", "com.iconology.ui.store.issues.IssueDetailActivity"]}, {"c2613c8144f2c27a4d0fdd33e02a3b26": ["133", "com.iconology.ui.store.issues.IssueDetailActivity"]}, {"83c68acd99917033003d93c174e28ef8": ["5", "com.iconology.ui.account.LoginActivity"]}, {"8be46321be6883736fb8382379202286": ["131", "com.iconology.ui.store.issues.IssueDetailActivity"]}, {"8be46321be6883736fb8382379202286": ["131", "com.iconology.ui.store.issues.IssueDetailActivity"]}, {"7b9a5ca3f2a647971cd601d160fd91eb": ["132", "com.iconology.ui.store.series.SeriesDetailActivity"]}, {"8be46321be6883736fb8382379202286": ["131", "com.iconology.ui.store.issues.IssueDetailActivity"]}, {"8be46321be6883736fb8382379202286": ["131", "com.iconology.ui.store.issues.IssueDetailActivity"]}, {"8be46321be6883736fb8382379202286": ["131", "com.iconology.ui.store.issues.IssueDetailActivity"]}, {"8be46321be6883736fb8382379202286": ["131", "com.iconology.ui.store.issues.IssueDetailActivity"]}, {"7b9a5ca3f2a647971cd601d160fd91eb": ["132", "com.iconology.ui.store.series.SeriesDetailActivity"]}, {"8be46321be6883736fb8382379202286": ["131", "com.iconology.ui.store.issues.IssueDetailActivity"]}, {"c2613c8144f2c27a4d0fdd33e02a3b26": ["133", "com.iconology.ui.store.issues.IssueDetailActivity"]}, {"510b0b6a0a98059e28d037e9bc9fc414": ["134", "com.iconology.ui.store.featured.FeaturedActivity"]}, {"d0ee4b2cfc1179ad8843626e57739ec6": ["135", "com.iconology.ui.store.featured.FeaturedActivity"]}, {"a906683d8ce1d237fb4eddb265479c0a": ["8", "com.iconology.ui.mybooks.MyBooksActivity"]}, {"a240da0da7af8bde1f115a656dc670a5": ["3", "com.iconology.ui.mybooks.MyBooksActivity"]}, {"b022afd8ff1e3a99ddcae076b87b6166": ["136", "com.iconology.ui.store.featured.FeaturedActivity"]}, {"a240da0da7af8bde1f115a656dc670a5": ["3", "com.iconology.ui.mybooks.MyBooksActivity"]}, {"8acf826cbb35d49b1d92054437bcf7cf": ["94", "com.iconology.ui.store.featured.FeaturedActivity"]}, {"8acf826cbb35d49b1d92054437bcf7cf": ["94", "com.iconology.ui.store.featured.FeaturedActivity"]}, {"d0ee4b2cfc1179ad8843626e57739ec6": ["135", "com.iconology.ui.store.featured.FeaturedActivity"]}, {"8acf826cbb35d49b1d92054437bcf7cf": ["94", "com.iconology.ui.store.featured.FeaturedActivity"]}, {"d0ee4b2cfc1179ad8843626e57739ec6": ["135", "com.iconology.ui.store.featured.FeaturedActivity"]}, {"97ad498fbdd3e26638c2e819d78d4650": ["137", "com.iconology.ui.store.featured.FeaturedActivity"]}, {"d0ee4b2cfc1179ad8843626e57739ec6": ["135", "com.iconology.ui.store.featured.FeaturedActivity"]}, {"a906683d8ce1d237fb4eddb265479c0a": ["8", "com.iconology.ui.mybooks.MyBooksActivity"]}, {"a240da0da7af8bde1f115a656dc670a5": ["3", "com.iconology.ui.mybooks.MyBooksActivity"]}, {"83c68acd99917033003d93c174e28ef8": ["5", "com.iconology.ui.account.LoginActivity"]}, {"a906683d8ce1d237fb4eddb265479c0a": ["8", "com.iconology.ui.mybooks.MyBooksActivity"]}, {"a240da0da7af8bde1f115a656dc670a5": ["3", "com.iconology.ui.mybooks.MyBooksActivity"]}, {"83c68acd99917033003d93c174e28ef8": ["5", "com.iconology.ui.account.LoginActivity"]}, {"83c68acd99917033003d93c174e28ef8": ["5", "com.iconology.ui.account.LoginActivity"]}, {"cdcff3bed69c4dcce0cd99e8b1db6b1c": ["119", "com.iconology.ui.account.CreateAccountActivity"]}, {"24796b91860d79a139de59692a72019a": ["63", "com.iconology.ui.WebViewActivity"]}, {"cdcff3bed69c4dcce0cd99e8b1db6b1c": ["119", "com.iconology.ui.account.CreateAccountActivity"]}, {"83c68acd99917033003d93c174e28ef8": ["5", "com.iconology.ui.account.LoginActivity"]}, {"a906683d8ce1d237fb4eddb265479c0a": ["8", "com.iconology.ui.mybooks.MyBooksActivity"]}, {"a240da0da7af8bde1f115a656dc670a5": ["3", "com.iconology.ui.mybooks.MyBooksActivity"]}, {"83c68acd99917033003d93c174e28ef8": ["5", "com.iconology.ui.account.LoginActivity"]}, {"83c68acd99917033003d93c174e28ef8": ["5", "com.iconology.ui.account.LoginActivity"]}, {"a906683d8ce1d237fb4eddb265479c0a": ["8", "com.iconology.ui.mybooks.MyBooksActivity"]}, {"a240da0da7af8bde1f115a656dc670a5": ["3", "com.iconology.ui.mybooks.MyBooksActivity"]}, {"8acf826cbb35d49b1d92054437bcf7cf": ["94", "com.iconology.ui.store.featured.FeaturedActivity"]}, {"d0ee4b2cfc1179ad8843626e57739ec6": ["135", "com.iconology.ui.store.featured.FeaturedActivity"]}, {"d0ee4b2cfc1179ad8843626e57739ec6": ["135", "com.iconology.ui.store.featured.FeaturedActivity"]}, {"b022afd8ff1e3a99ddcae076b87b6166": ["136", "com.iconology.ui.store.featured.FeaturedActivity"]}, {"dd7593553fdf3dd424bd6a916c27876d": ["138", "com.iconology.ui.store.creators.CreatorsActivity"]}, {"941d87c6623496929b368aad8be64c44": ["1", "com.iconology.search.ui.SearchActivity"]}, {"38f1c752f974ffb41d5b87093afd3526": ["9", "com.iconology.search.ui.SearchActivity"]}, {"38f1c752f974ffb41d5b87093afd3526": ["9", "com.iconology.search.ui.SearchActivity"]}, {"38f1c752f974ffb41d5b87093afd3526": ["9", "com.iconology.search.ui.SearchActivity"]}, {"38f1c752f974ffb41d5b87093afd3526": ["9", "com.iconology.search.ui.SearchActivity"]}, {"b6011a88eac063f7c51a11f002f1032d": ["139", "com.iconology.ui.store.creators.CreatorsActivity"]}, {"dd7593553fdf3dd424bd6a916c27876d": ["138", "com.iconology.ui.store.creators.CreatorsActivity"]}, {"853dd2fbc51d8afe7b58e9cf6f5bbfba": ["140", "com.iconology.ui.store.creators.CreatorsActivity"]}, {"1222ab93c5ff89e81e6c4d668ca7e120": ["38", "com.iconology.ui.settings.SettingsActivity"]}, {"129767350e9424d74fce53605f5dc767": ["141", "com.iconology.ui.settings.SettingsActivity"]}, {"129767350e9424d74fce53605f5dc767": ["141", "com.iconology.ui.settings.SettingsActivity"]}, {"2477ddb3735a05db9d38cc9885d2b4bd": ["39", "com.iconology.ui.settings.SettingsActivity"]}, {"b9d92177fdb19042be658ef8aa394525": ["142", "com.iconology.ui.settings.SettingsActivity"]}, {"b9d92177fdb19042be658ef8aa394525": ["142", "com.iconology.ui.settings.SettingsActivity"]}, {"129767350e9424d74fce53605f5dc767": ["141", "com.iconology.ui.settings.SettingsActivity"]}, {"83c68acd99917033003d93c174e28ef8": ["5", "com.iconology.ui.account.LoginActivity"]}, {"129767350e9424d74fce53605f5dc767": ["141", "com.iconology.ui.settings.SettingsActivity"]}, {"2477ddb3735a05db9d38cc9885d2b4bd": ["39", "com.iconology.ui.settings.SettingsActivity"]}, {"129767350e9424d74fce53605f5dc767": ["141", "com.iconology.ui.settings.SettingsActivity"]}, {"83c68acd99917033003d93c174e28ef8": ["5", "com.iconology.ui.account.LoginActivity"]}, {"70c5773d31e5c6d0723c0dba4c1d53c3": ["143", "com.iconology.ui.settings.SettingsActivity"]}, {"70c5773d31e5c6d0723c0dba4c1d53c3": ["143", "com.iconology.ui.settings.SettingsActivity"]}, {"f965659ce7037e9d78ee4ed095f3cc0e": ["144", "com.iconology.ui.settings.SettingsActivity"]}, {"f965659ce7037e9d78ee4ed095f3cc0e": ["144", "com.iconology.ui.settings.SettingsActivity"]}, {"2477ddb3735a05db9d38cc9885d2b4bd": ["39", "com.iconology.ui.settings.SettingsActivity"]}, {"129767350e9424d74fce53605f5dc767": ["141", "com.iconology.ui.settings.SettingsActivity"]}, {"2477ddb3735a05db9d38cc9885d2b4bd": ["39", "com.iconology.ui.settings.SettingsActivity"]}, {"129767350e9424d74fce53605f5dc767": ["141", "com.iconology.ui.settings.SettingsActivity"]}, {"129767350e9424d74fce53605f5dc767": ["141", "com.iconology.ui.settings.SettingsActivity"]}, {"83c68acd99917033003d93c174e28ef8": ["5", "com.iconology.ui.account.LoginActivity"]}, {"129767350e9424d74fce53605f5dc767": ["141", "com.iconology.ui.settings.SettingsActivity"]}, {"b6011a88eac063f7c51a11f002f1032d": ["139", "com.iconology.ui.store.creators.CreatorsActivity"]}, {"a240da0da7af8bde1f115a656dc670a5": ["3", "com.iconology.ui.mybooks.MyBooksActivity"]}, {"83c68acd99917033003d93c174e28ef8": ["5", "com.iconology.ui.account.LoginActivity"]}, {"a240da0da7af8bde1f115a656dc670a5": ["3", "com.iconology.ui.mybooks.MyBooksActivity"]}, {"83c68acd99917033003d93c174e28ef8": ["5", "com.iconology.ui.account.LoginActivity"]}, {"a240da0da7af8bde1f115a656dc670a5": ["3", "com.iconology.ui.mybooks.MyBooksActivity"]}, {"83c68acd99917033003d93c174e28ef8": ["5", "com.iconology.ui.account.LoginActivity"]}, {"a906683d8ce1d237fb4eddb265479c0a": ["8", "com.iconology.ui.mybooks.MyBooksActivity"]}, {"a906683d8ce1d237fb4eddb265479c0a": ["8", "com.iconology.ui.mybooks.MyBooksActivity"]}, {"a240da0da7af8bde1f115a656dc670a5": ["3", "com.iconology.ui.mybooks.MyBooksActivity"]}, {"a240da0da7af8bde1f115a656dc670a5": ["3", "com.iconology.ui.mybooks.MyBooksActivity"]}, {"a240da0da7af8bde1f115a656dc670a5": ["3", "com.iconology.ui.mybooks.MyBooksActivity"]}, {"83c68acd99917033003d93c174e28ef8": ["5", "com.iconology.ui.account.LoginActivity"]}, {"a240da0da7af8bde1f115a656dc670a5": ["3", "com.iconology.ui.mybooks.MyBooksActivity"]}, {"a906683d8ce1d237fb4eddb265479c0a": ["8", "com.iconology.ui.mybooks.MyBooksActivity"]}, {"a240da0da7af8bde1f115a656dc670a5": ["3", "com.iconology.ui.mybooks.MyBooksActivity"]}, {"83c68acd99917033003d93c174e28ef8": ["5", "com.iconology.ui.account.LoginActivity"]}, {"a906683d8ce1d237fb4eddb265479c0a": ["8", "com.iconology.ui.mybooks.MyBooksActivity"]}, {"a240da0da7af8bde1f115a656dc670a5": ["3", "com.iconology.ui.mybooks.MyBooksActivity"]}, {"a240da0da7af8bde1f115a656dc670a5": ["3", "com.iconology.ui.mybooks.MyBooksActivity"]}, {"a240da0da7af8bde1f115a656dc670a5": ["3", "com.iconology.ui.mybooks.MyBooksActivity"]}, {"83c68acd99917033003d93c174e28ef8": ["5", "com.iconology.ui.account.LoginActivity"]}, {"83c68acd99917033003d93c174e28ef8": ["5", "com.iconology.ui.account.LoginActivity"]}, {"a906683d8ce1d237fb4eddb265479c0a": ["8", "com.iconology.ui.mybooks.MyBooksActivity"]}, {"a240da0da7af8bde1f115a656dc670a5": ["3", "com.iconology.ui.mybooks.MyBooksActivity"]}, {"83c68acd99917033003d93c174e28ef8": ["5", "com.iconology.ui.account.LoginActivity"]}, {"83c68acd99917033003d93c174e28ef8": ["5", "com.iconology.ui.account.LoginActivity"]}, {"a906683d8ce1d237fb4eddb265479c0a": ["8", "com.iconology.ui.mybooks.MyBooksActivity"]}, {"a240da0da7af8bde1f115a656dc670a5": ["3", "com.iconology.ui.mybooks.MyBooksActivity"]}, {"83c68acd99917033003d93c174e28ef8": ["5", "com.iconology.ui.account.LoginActivity"]}, {"a240da0da7af8bde1f115a656dc670a5": ["3", "com.iconology.ui.mybooks.MyBooksActivity"]}, {"83c68acd99917033003d93c174e28ef8": ["5", "com.iconology.ui.account.LoginActivity"]}, {"83c68acd99917033003d93c174e28ef8": ["5", "com.iconology.ui.account.LoginActivity"]}, {"83c68acd99917033003d93c174e28ef8": ["5", "com.iconology.ui.account.LoginActivity"]}, {"a240da0da7af8bde1f115a656dc670a5": ["3", "com.iconology.ui.mybooks.MyBooksActivity"]}, {"83c68acd99917033003d93c174e28ef8": ["5", "com.iconology.ui.account.LoginActivity"]}, {"83c68acd99917033003d93c174e28ef8": ["5", "com.iconology.ui.account.LoginActivity"]}, {"a240da0da7af8bde1f115a656dc670a5": ["3", "com.iconology.ui.mybooks.MyBooksActivity"]}, {"83c68acd99917033003d93c174e28ef8": ["5", "com.iconology.ui.account.LoginActivity"]}, {"a240da0da7af8bde1f115a656dc670a5": ["3", "com.iconology.ui.mybooks.MyBooksActivity"]}, {"dd7593553fdf3dd424bd6a916c27876d": ["138", "com.iconology.ui.store.creators.CreatorsActivity"]}, {"a906683d8ce1d237fb4eddb265479c0a": ["8", "com.iconology.ui.mybooks.MyBooksActivity"]}, {"a240da0da7af8bde1f115a656dc670a5": ["3", "com.iconology.ui.mybooks.MyBooksActivity"]}, {"faf2360e2c0e8d190804b31d3bad0184": ["4", "com.iconology.ui.mybooks.MyBooksActivity"]}, {"510b0b6a0a98059e28d037e9bc9fc414": ["134", "com.iconology.ui.store.featured.FeaturedActivity"]}, {"d0ee4b2cfc1179ad8843626e57739ec6": ["135", "com.iconology.ui.store.featured.FeaturedActivity"]}, {"8acf826cbb35d49b1d92054437bcf7cf": ["94", "com.iconology.ui.store.featured.FeaturedActivity"]}, {"8acf826cbb35d49b1d92054437bcf7cf": ["94", "com.iconology.ui.store.featured.FeaturedActivity"]}, {"97ad498fbdd3e26638c2e819d78d4650": ["137", "com.iconology.ui.store.featured.FeaturedActivity"]}, {"941d87c6623496929b368aad8be64c44": ["1", "com.iconology.search.ui.SearchActivity"]}, {"941d87c6623496929b368aad8be64c44": ["1", "com.iconology.search.ui.SearchActivity"]}, {"941d87c6623496929b368aad8be64c44": ["1", "com.iconology.search.ui.SearchActivity"]}, {"941d87c6623496929b368aad8be64c44": ["1", "com.iconology.search.ui.SearchActivity"]}, {"38f1c752f974ffb41d5b87093afd3526": ["9", "com.iconology.search.ui.SearchActivity"]}, {"38f1c752f974ffb41d5b87093afd3526": ["9", "com.iconology.search.ui.SearchActivity"]}, {"97ad498fbdd3e26638c2e819d78d4650": ["137", "com.iconology.ui.store.featured.FeaturedActivity"]}, {"97ad498fbdd3e26638c2e819d78d4650": ["137", "com.iconology.ui.store.featured.FeaturedActivity"]}, {"8acf826cbb35d49b1d92054437bcf7cf": ["94", "com.iconology.ui.store.featured.FeaturedActivity"]}, {"8acf826cbb35d49b1d92054437bcf7cf": ["94", "com.iconology.ui.store.featured.FeaturedActivity"]}, {"941d87c6623496929b368aad8be64c44": ["1", "com.iconology.search.ui.SearchActivity"]}, {"941d87c6623496929b368aad8be64c44": ["1", "com.iconology.search.ui.SearchActivity"]}, {"97ad498fbdd3e26638c2e819d78d4650": ["137", "com.iconology.ui.store.featured.FeaturedActivity"]}, {"97ad498fbdd3e26638c2e819d78d4650": ["137", "com.iconology.ui.store.featured.FeaturedActivity"]}, {"7c3bc7786aee47a54c5c9a9c34622f01": ["145", "com.iconology.ui.store.featured.FeaturedActivity"]}, {"97ad498fbdd3e26638c2e819d78d4650": ["137", "com.iconology.ui.store.featured.FeaturedActivity"]}, {"66e4e84a828c713ee5c7b79fb7887ab7": ["146", "com.iconology.ui.store.featured.FeaturedActivity"]}, {"1222ab93c5ff89e81e6c4d668ca7e120": ["38", "com.iconology.ui.settings.SettingsActivity"]}, {"1222ab93c5ff89e81e6c4d668ca7e120": ["38", "com.iconology.ui.settings.SettingsActivity"]}, {"98c48a1da08f258c63e1ffdfe54c9ecf": ["147", "com.iconology.ui.settings.SettingsActivity"]}, {"1222ab93c5ff89e81e6c4d668ca7e120": ["38", "com.iconology.ui.settings.SettingsActivity"]}, {"129767350e9424d74fce53605f5dc767": ["141", "com.iconology.ui.settings.SettingsActivity"]}, {"83c68acd99917033003d93c174e28ef8": ["5", "com.iconology.ui.account.LoginActivity"]}, {"129767350e9424d74fce53605f5dc767": ["141", "com.iconology.ui.settings.SettingsActivity"]}, {"129767350e9424d74fce53605f5dc767": ["141", "com.iconology.ui.settings.SettingsActivity"]}, {"129767350e9424d74fce53605f5dc767": ["141", "com.iconology.ui.settings.SettingsActivity"]}, {"129767350e9424d74fce53605f5dc767": ["141", "com.iconology.ui.settings.SettingsActivity"]}, {"129767350e9424d74fce53605f5dc767": ["141", "com.iconology.ui.settings.SettingsActivity"]}, {"129767350e9424d74fce53605f5dc767": ["141", "com.iconology.ui.settings.SettingsActivity"]}, {"129767350e9424d74fce53605f5dc767": ["141", "com.iconology.ui.settings.SettingsActivity"]}, {"129767350e9424d74fce53605f5dc767": ["141", "com.iconology.ui.settings.SettingsActivity"]}, {"b9d92177fdb19042be658ef8aa394525": ["142", "com.iconology.ui.settings.SettingsActivity"]}, {"4d023b66d4faaf431d0aa27ab4a23611": ["148", "com.iconology.ui.settings.SettingsActivity"]}, {"bb51d2dceeba6c2a5eef8beaf1566dd4": ["149", "com.iconology.ui.settings.SettingsActivity"]}, {"bb51d2dceeba6c2a5eef8beaf1566dd4": ["149", "com.iconology.ui.settings.SettingsActivity"]}, {"129767350e9424d74fce53605f5dc767": ["141", "com.iconology.ui.settings.SettingsActivity"]}, {"2477ddb3735a05db9d38cc9885d2b4bd": ["39", "com.iconology.ui.settings.SettingsActivity"]}, {"cf15a81abfdff5b3443c76e497602ba1": ["150", "com.iconology.ui.settings.SettingsActivity"]}, {"cf15a81abfdff5b3443c76e497602ba1": ["150", "com.iconology.ui.settings.SettingsActivity"]}, {"70c5773d31e5c6d0723c0dba4c1d53c3": ["143", "com.iconology.ui.settings.SettingsActivity"]}, {"83c68acd99917033003d93c174e28ef8": ["5", "com.iconology.ui.account.LoginActivity"]}, {"83c68acd99917033003d93c174e28ef8": ["5", "com.iconology.ui.account.LoginActivity"]}, {"cf15a81abfdff5b3443c76e497602ba1": ["150", "com.iconology.ui.settings.SettingsActivity"]}, {"cf15a81abfdff5b3443c76e497602ba1": ["150", "com.iconology.ui.settings.SettingsActivity"]}, {"cf15a81abfdff5b3443c76e497602ba1": ["150", "com.iconology.ui.settings.SettingsActivity"]}, {"cf15a81abfdff5b3443c76e497602ba1": ["150", "com.iconology.ui.settings.SettingsActivity"]}, {"cf15a81abfdff5b3443c76e497602ba1": ["150", "com.iconology.ui.settings.SettingsActivity"]}, {"cf15a81abfdff5b3443c76e497602ba1": ["150", "com.iconology.ui.settings.SettingsActivity"]}, {"cf15a81abfdff5b3443c76e497602ba1": ["150", "com.iconology.ui.settings.SettingsActivity"]}, {"cf15a81abfdff5b3443c76e497602ba1": ["150", "com.iconology.ui.settings.SettingsActivity"]}, {"2477ddb3735a05db9d38cc9885d2b4bd": ["39", "com.iconology.ui.settings.SettingsActivity"]}, {"cf15a81abfdff5b3443c76e497602ba1": ["150", "com.iconology.ui.settings.SettingsActivity"]}, {"cf15a81abfdff5b3443c76e497602ba1": ["150", "com.iconology.ui.settings.SettingsActivity"]}, {"cf15a81abfdff5b3443c76e497602ba1": ["150", "com.iconology.ui.settings.SettingsActivity"]}, {"cf15a81abfdff5b3443c76e497602ba1": ["150", "com.iconology.ui.settings.SettingsActivity"]}, {"cf15a81abfdff5b3443c76e497602ba1": ["150", "com.iconology.ui.settings.SettingsActivity"]}, {"cf15a81abfdff5b3443c76e497602ba1": ["150", "com.iconology.ui.settings.SettingsActivity"]}, {"17bd864151641e285a56d0b6d78fe9ac": ["151", "com.iconology.ui.settings.SettingsActivity"]}, {"17bd864151641e285a56d0b6d78fe9ac": ["151", "com.iconology.ui.settings.SettingsActivity"]}, {"17bd864151641e285a56d0b6d78fe9ac": ["151", "com.iconology.ui.settings.SettingsActivity"]}, {"cf15a81abfdff5b3443c76e497602ba1": ["150", "com.iconology.ui.settings.SettingsActivity"]}, {"cf15a81abfdff5b3443c76e497602ba1": ["150", "com.iconology.ui.settings.SettingsActivity"]}, {"cf15a81abfdff5b3443c76e497602ba1": ["150", "com.iconology.ui.settings.SettingsActivity"]}, {"cf15a81abfdff5b3443c76e497602ba1": ["150", "com.iconology.ui.settings.SettingsActivity"]}, {"cf15a81abfdff5b3443c76e497602ba1": ["150", "com.iconology.ui.settings.SettingsActivity"]}, {"17bd864151641e285a56d0b6d78fe9ac": ["151", "com.iconology.ui.settings.SettingsActivity"]}, {"17bd864151641e285a56d0b6d78fe9ac": ["151", "com.iconology.ui.settings.SettingsActivity"]}, {"cf15a81abfdff5b3443c76e497602ba1": ["150", "com.iconology.ui.settings.SettingsActivity"]}, {"cf15a81abfdff5b3443c76e497602ba1": ["150", "com.iconology.ui.settings.SettingsActivity"]}, {"cf15a81abfdff5b3443c76e497602ba1": ["150", "com.iconology.ui.settings.SettingsActivity"]}, {"cf15a81abfdff5b3443c76e497602ba1": ["150", "com.iconology.ui.settings.SettingsActivity"]}, {"17bd864151641e285a56d0b6d78fe9ac": ["151", "com.iconology.ui.settings.SettingsActivity"]}, {"17bd864151641e285a56d0b6d78fe9ac": ["151", "com.iconology.ui.settings.SettingsActivity"]}, {"17bd864151641e285a56d0b6d78fe9ac": ["151", "com.iconology.ui.settings.SettingsActivity"]}, {"17bd864151641e285a56d0b6d78fe9ac": ["151", "com.iconology.ui.settings.SettingsActivity"]}, {"cf15a81abfdff5b3443c76e497602ba1": ["150", "com.iconology.ui.settings.SettingsActivity"]}, {"cf15a81abfdff5b3443c76e497602ba1": ["150", "com.iconology.ui.settings.SettingsActivity"]}, {"cf15a81abfdff5b3443c76e497602ba1": ["150", "com.iconology.ui.settings.SettingsActivity"]}, {"e8bd2a71d9c9aede0a3c40bd09e4f640": ["152", "com.iconology.ui.settings.SettingsActivity"]}, {"e8bd2a71d9c9aede0a3c40bd09e4f640": ["152", "com.iconology.ui.settings.SettingsActivity"]}, {"17bd864151641e285a56d0b6d78fe9ac": ["151", "com.iconology.ui.settings.SettingsActivity"]}, {"cf15a81abfdff5b3443c76e497602ba1": ["150", "com.iconology.ui.settings.SettingsActivity"]}, {"cf15a81abfdff5b3443c76e497602ba1": ["150", "com.iconology.ui.settings.SettingsActivity"]}, {"cf15a81abfdff5b3443c76e497602ba1": ["150", "com.iconology.ui.settings.SettingsActivity"]}, {"cf15a81abfdff5b3443c76e497602ba1": ["150", "com.iconology.ui.settings.SettingsActivity"]}, {"cf15a81abfdff5b3443c76e497602ba1": ["150", "com.iconology.ui.settings.SettingsActivity"]}, {"129767350e9424d74fce53605f5dc767": ["141", "com.iconology.ui.settings.SettingsActivity"]}, {"e8bd2a71d9c9aede0a3c40bd09e4f640": ["152", "com.iconology.ui.settings.SettingsActivity"]}, {"e8bd2a71d9c9aede0a3c40bd09e4f640": ["152", "com.iconology.ui.settings.SettingsActivity"]}, {"129767350e9424d74fce53605f5dc767": ["141", "com.iconology.ui.settings.SettingsActivity"]}, {"83c68acd99917033003d93c174e28ef8": ["5", "com.iconology.ui.account.LoginActivity"]}, {"cdcff3bed69c4dcce0cd99e8b1db6b1c": ["119", "com.iconology.ui.account.CreateAccountActivity"]}, {"cdcff3bed69c4dcce0cd99e8b1db6b1c": ["119", "com.iconology.ui.account.CreateAccountActivity"]}, {"83c68acd99917033003d93c174e28ef8": ["5", "com.iconology.ui.account.LoginActivity"]}, {"83c68acd99917033003d93c174e28ef8": ["5", "com.iconology.ui.account.LoginActivity"]}, {"129767350e9424d74fce53605f5dc767": ["141", "com.iconology.ui.settings.SettingsActivity"]}, {"cf15a81abfdff5b3443c76e497602ba1": ["150", "com.iconology.ui.settings.SettingsActivity"]}, {"97ad498fbdd3e26638c2e819d78d4650": ["137", "com.iconology.ui.store.featured.FeaturedActivity"]}, {"d0ee4b2cfc1179ad8843626e57739ec6": ["135", "com.iconology.ui.store.featured.FeaturedActivity"]}, {"b022afd8ff1e3a99ddcae076b87b6166": ["136", "com.iconology.ui.store.featured.FeaturedActivity"]}, {"2e2ca6185b360c7e87f805cf41d70012": ["127", "com.iconology.ui.store.series.SeriesActivity"]}, {"2e2ca6185b360c7e87f805cf41d70012": ["127", "com.iconology.ui.store.series.SeriesActivity"]}, {"8acf826cbb35d49b1d92054437bcf7cf": ["94", "com.iconology.ui.store.featured.FeaturedActivity"]}, {"56f191a952b07546dbaf9002c3fe7264": ["153", "com.iconology.ui.store.featured.FeaturedActivity"]}, {"a906683d8ce1d237fb4eddb265479c0a": ["8", "com.iconology.ui.mybooks.MyBooksActivity"]}, {"a240da0da7af8bde1f115a656dc670a5": ["3", "com.iconology.ui.mybooks.MyBooksActivity"]}, {"83c68acd99917033003d93c174e28ef8": ["5", "com.iconology.ui.account.LoginActivity"]}, {"a906683d8ce1d237fb4eddb265479c0a": ["8", "com.iconology.ui.mybooks.MyBooksActivity"]}, {"a240da0da7af8bde1f115a656dc670a5": ["3", "com.iconology.ui.mybooks.MyBooksActivity"]}, {"83c68acd99917033003d93c174e28ef8": ["5", "com.iconology.ui.account.LoginActivity"]}, {"83c68acd99917033003d93c174e28ef8": ["5", "com.iconology.ui.account.LoginActivity"]}, {"a906683d8ce1d237fb4eddb265479c0a": ["8", "com.iconology.ui.mybooks.MyBooksActivity"]}, {"a906683d8ce1d237fb4eddb265479c0a": ["8", "com.iconology.ui.mybooks.MyBooksActivity"]}, {"a240da0da7af8bde1f115a656dc670a5": ["3", "com.iconology.ui.mybooks.MyBooksActivity"]}, {"83c68acd99917033003d93c174e28ef8": ["5", "com.iconology.ui.account.LoginActivity"]}, {"83c68acd99917033003d93c174e28ef8": ["5", "com.iconology.ui.account.LoginActivity"]}, {"a906683d8ce1d237fb4eddb265479c0a": ["8", "com.iconology.ui.mybooks.MyBooksActivity"]}, {"a240da0da7af8bde1f115a656dc670a5": ["3", "com.iconology.ui.mybooks.MyBooksActivity"]}, {"56f191a952b07546dbaf9002c3fe7264": ["153", "com.iconology.ui.store.featured.FeaturedActivity"]}, {"941d87c6623496929b368aad8be64c44": ["1", "com.iconology.search.ui.SearchActivity"]}, {"941d87c6623496929b368aad8be64c44": ["1", "com.iconology.search.ui.SearchActivity"]}, {"941d87c6623496929b368aad8be64c44": ["1", "com.iconology.search.ui.SearchActivity"]}, {"56f191a952b07546dbaf9002c3fe7264": ["153", "com.iconology.ui.store.featured.FeaturedActivity"]}, {"97ad498fbdd3e26638c2e819d78d4650": ["137", "com.iconology.ui.store.featured.FeaturedActivity"]}, {"97ad498fbdd3e26638c2e819d78d4650": ["137", "com.iconology.ui.store.featured.FeaturedActivity"]}, {"d0ee4b2cfc1179ad8843626e57739ec6": ["135", "com.iconology.ui.store.featured.FeaturedActivity"]}, {"97ad498fbdd3e26638c2e819d78d4650": ["137", "com.iconology.ui.store.featured.FeaturedActivity"]}, {"941d87c6623496929b368aad8be64c44": ["1", "com.iconology.search.ui.SearchActivity"]}, {"941d87c6623496929b368aad8be64c44": ["1", "com.iconology.search.ui.SearchActivity"]}, {"97ad498fbdd3e26638c2e819d78d4650": ["137", "com.iconology.ui.store.featured.FeaturedActivity"]}, {"941d87c6623496929b368aad8be64c44": ["1", "com.iconology.search.ui.SearchActivity"]}, {"941d87c6623496929b368aad8be64c44": ["1", "com.iconology.search.ui.SearchActivity"]}, {"941d87c6623496929b368aad8be64c44": ["1", "com.iconology.search.ui.SearchActivity"]}, {"97ad498fbdd3e26638c2e819d78d4650": ["137", "com.iconology.ui.store.featured.FeaturedActivity"]}, {"d0ee4b2cfc1179ad8843626e57739ec6": ["135", "com.iconology.ui.store.featured.FeaturedActivity"]}, {"510b0b6a0a98059e28d037e9bc9fc414": ["134", "com.iconology.ui.store.featured.FeaturedActivity"]}, {"8acf826cbb35d49b1d92054437bcf7cf": ["94", "com.iconology.ui.store.featured.FeaturedActivity"]}, {"a240da0da7af8bde1f115a656dc670a5": ["3", "com.iconology.ui.mybooks.MyBooksActivity"]}, {"7c3bc7786aee47a54c5c9a9c34622f01": ["145", "com.iconology.ui.store.featured.FeaturedActivity"]}, {"97ad498fbdd3e26638c2e819d78d4650": ["137", "com.iconology.ui.store.featured.FeaturedActivity"]}, {"a240da0da7af8bde1f115a656dc670a5": ["3", "com.iconology.ui.mybooks.MyBooksActivity"]}, {"7c3bc7786aee47a54c5c9a9c34622f01": ["145", "com.iconology.ui.store.featured.FeaturedActivity"]}, {"510b0b6a0a98059e28d037e9bc9fc414": ["134", "com.iconology.ui.store.featured.FeaturedActivity"]}, {"941d87c6623496929b368aad8be64c44": ["1", "com.iconology.search.ui.SearchActivity"]}, {"941d87c6623496929b368aad8be64c44": ["1", "com.iconology.search.ui.SearchActivity"]}, {"941d87c6623496929b368aad8be64c44": ["1", "com.iconology.search.ui.SearchActivity"]}, {"941d87c6623496929b368aad8be64c44": ["1", "com.iconology.search.ui.SearchActivity"]}, {"510b0b6a0a98059e28d037e9bc9fc414": ["134", "com.iconology.ui.store.featured.FeaturedActivity"]}, {"510b0b6a0a98059e28d037e9bc9fc414": ["134", "com.iconology.ui.store.featured.FeaturedActivity"]}, {"510b0b6a0a98059e28d037e9bc9fc414": ["134", "com.iconology.ui.store.featured.FeaturedActivity"]}, {"97ad498fbdd3e26638c2e819d78d4650": ["137", "com.iconology.ui.store.featured.FeaturedActivity"]}, {"97ad498fbdd3e26638c2e819d78d4650": ["137", "com.iconology.ui.store.featured.FeaturedActivity"]}, {"8acf826cbb35d49b1d92054437bcf7cf": ["94", "com.iconology.ui.store.featured.FeaturedActivity"]}, {"8acf826cbb35d49b1d92054437bcf7cf": ["94", "com.iconology.ui.store.featured.FeaturedActivity"]}, {"d0ee4b2cfc1179ad8843626e57739ec6": ["135", "com.iconology.ui.store.featured.FeaturedActivity"]}, {"d0ee4b2cfc1179ad8843626e57739ec6": ["135", "com.iconology.ui.store.featured.FeaturedActivity"]}, {"7c3bc7786aee47a54c5c9a9c34622f01": ["145", "com.iconology.ui.store.featured.FeaturedActivity"]}, {"510b0b6a0a98059e28d037e9bc9fc414": ["134", "com.iconology.ui.store.featured.FeaturedActivity"]}, {"d0ee4b2cfc1179ad8843626e57739ec6": ["135", "com.iconology.ui.store.featured.FeaturedActivity"]}, {"d0ee4b2cfc1179ad8843626e57739ec6": ["135", "com.iconology.ui.store.featured.FeaturedActivity"]}, {"d0a803ecb52f8e2bf141f01ec215153f": ["154", "com.iconology.ui.store.featured.FeaturedActivity"]}, {"97ad498fbdd3e26638c2e819d78d4650": ["137", "com.iconology.ui.store.featured.FeaturedActivity"]}, {"d0ee4b2cfc1179ad8843626e57739ec6": ["135", "com.iconology.ui.store.featured.FeaturedActivity"]}, {"510b0b6a0a98059e28d037e9bc9fc414": ["134", "com.iconology.ui.store.featured.FeaturedActivity"]}, {"97ad498fbdd3e26638c2e819d78d4650": ["137", "com.iconology.ui.store.featured.FeaturedActivity"]}, {"d0ee4b2cfc1179ad8843626e57739ec6": ["135", "com.iconology.ui.store.featured.FeaturedActivity"]}, {"97ad498fbdd3e26638c2e819d78d4650": ["137", "com.iconology.ui.store.featured.FeaturedActivity"]}, {"d0ee4b2cfc1179ad8843626e57739ec6": ["135", "com.iconology.ui.store.featured.FeaturedActivity"]}, {"97ad498fbdd3e26638c2e819d78d4650": ["137", "com.iconology.ui.store.featured.FeaturedActivity"]}, {"a240da0da7af8bde1f115a656dc670a5": ["3", "com.iconology.ui.mybooks.MyBooksActivity"]}, {"83c68acd99917033003d93c174e28ef8": ["5", "com.iconology.ui.account.LoginActivity"]}, {"cdcff3bed69c4dcce0cd99e8b1db6b1c": ["119", "com.iconology.ui.account.CreateAccountActivity"]}, {"24796b91860d79a139de59692a72019a": ["63", "com.iconology.ui.WebViewActivity"]}, {"cdcff3bed69c4dcce0cd99e8b1db6b1c": ["119", "com.iconology.ui.account.CreateAccountActivity"]}, {"83c68acd99917033003d93c174e28ef8": ["5", "com.iconology.ui.account.LoginActivity"]}, {"a240da0da7af8bde1f115a656dc670a5": ["3", "com.iconology.ui.mybooks.MyBooksActivity"]}, {"83c68acd99917033003d93c174e28ef8": ["5", "com.iconology.ui.account.LoginActivity"]}, {"a906683d8ce1d237fb4eddb265479c0a": ["8", "com.iconology.ui.mybooks.MyBooksActivity"]}, {"a240da0da7af8bde1f115a656dc670a5": ["3", "com.iconology.ui.mybooks.MyBooksActivity"]}, {"83c68acd99917033003d93c174e28ef8": ["5", "com.iconology.ui.account.LoginActivity"]}, {"83c68acd99917033003d93c174e28ef8": ["5", "com.iconology.ui.account.LoginActivity"]}, {"83c68acd99917033003d93c174e28ef8": ["5", "com.iconology.ui.account.LoginActivity"]}, {"a240da0da7af8bde1f115a656dc670a5": ["3", "com.iconology.ui.mybooks.MyBooksActivity"]}, {"83c68acd99917033003d93c174e28ef8": ["5", "com.iconology.ui.account.LoginActivity"]}, {"a906683d8ce1d237fb4eddb265479c0a": ["8", "com.iconology.ui.mybooks.MyBooksActivity"]}, {"a240da0da7af8bde1f115a656dc670a5": ["3", "com.iconology.ui.mybooks.MyBooksActivity"]}, {"83c68acd99917033003d93c174e28ef8": ["5", "com.iconology.ui.account.LoginActivity"]}, {"83c68acd99917033003d93c174e28ef8": ["5", "com.iconology.ui.account.LoginActivity"]}, {"a240da0da7af8bde1f115a656dc670a5": ["3", "com.iconology.ui.mybooks.MyBooksActivity"]}, {"83c68acd99917033003d93c174e28ef8": ["5", "com.iconology.ui.account.LoginActivity"]}, {"a240da0da7af8bde1f115a656dc670a5": ["3", "com.iconology.ui.mybooks.MyBooksActivity"]}, {"83c68acd99917033003d93c174e28ef8": ["5", "com.iconology.ui.account.LoginActivity"]}, {"a240da0da7af8bde1f115a656dc670a5": ["3", "com.iconology.ui.mybooks.MyBooksActivity"]}, {"83c68acd99917033003d93c174e28ef8": ["5", "com.iconology.ui.account.LoginActivity"]}, {"a240da0da7af8bde1f115a656dc670a5": ["3", "com.iconology.ui.mybooks.MyBooksActivity"]}, {"83c68acd99917033003d93c174e28ef8": ["5", "com.iconology.ui.account.LoginActivity"]}, {"a906683d8ce1d237fb4eddb265479c0a": ["8", "com.iconology.ui.mybooks.MyBooksActivity"]}, {"a906683d8ce1d237fb4eddb265479c0a": ["8", "com.iconology.ui.mybooks.MyBooksActivity"]}, {"a240da0da7af8bde1f115a656dc670a5": ["3", "com.iconology.ui.mybooks.MyBooksActivity"]}, {"a240da0da7af8bde1f115a656dc670a5": ["3", "com.iconology.ui.mybooks.MyBooksActivity"]}, {"83c68acd99917033003d93c174e28ef8": ["5", "com.iconology.ui.account.LoginActivity"]}, {"a240da0da7af8bde1f115a656dc670a5": ["3", "com.iconology.ui.mybooks.MyBooksActivity"]}, {"83c68acd99917033003d93c174e28ef8": ["5", "com.iconology.ui.account.LoginActivity"]}, {"a240da0da7af8bde1f115a656dc670a5": ["3", "com.iconology.ui.mybooks.MyBooksActivity"]}, {"510b0b6a0a98059e28d037e9bc9fc414": ["134", "com.iconology.ui.store.featured.FeaturedActivity"]}, {"510b0b6a0a98059e28d037e9bc9fc414": ["134", "com.iconology.ui.store.featured.FeaturedActivity"]}, {"d0ee4b2cfc1179ad8843626e57739ec6": ["135", "com.iconology.ui.store.featured.FeaturedActivity"]}, {"a906683d8ce1d237fb4eddb265479c0a": ["8", "com.iconology.ui.mybooks.MyBooksActivity"]}, {"a906683d8ce1d237fb4eddb265479c0a": ["8", "com.iconology.ui.mybooks.MyBooksActivity"]}, {"a240da0da7af8bde1f115a656dc670a5": ["3", "com.iconology.ui.mybooks.MyBooksActivity"]}, {"d0ee4b2cfc1179ad8843626e57739ec6": ["135", "com.iconology.ui.store.featured.FeaturedActivity"]}, {"97ad498fbdd3e26638c2e819d78d4650": ["137", "com.iconology.ui.store.featured.FeaturedActivity"]}, {"8acf826cbb35d49b1d92054437bcf7cf": ["94", "com.iconology.ui.store.featured.FeaturedActivity"]}, {"8acf826cbb35d49b1d92054437bcf7cf": ["94", "com.iconology.ui.store.featured.FeaturedActivity"]}, {"97ad498fbdd3e26638c2e819d78d4650": ["137", "com.iconology.ui.store.featured.FeaturedActivity"]}, {"97ad498fbdd3e26638c2e819d78d4650": ["137", "com.iconology.ui.store.featured.FeaturedActivity"]}, {"38f1c752f974ffb41d5b87093afd3526": ["9", "com.iconology.search.ui.SearchActivity"]}, {"38f1c752f974ffb41d5b87093afd3526": ["9", "com.iconology.search.ui.SearchActivity"]}, {"38f1c752f974ffb41d5b87093afd3526": ["9", "com.iconology.search.ui.SearchActivity"]}, {"38f1c752f974ffb41d5b87093afd3526": ["9", "com.iconology.search.ui.SearchActivity"]}, {"38f1c752f974ffb41d5b87093afd3526": ["9", "com.iconology.search.ui.SearchActivity"]}, {"38f1c752f974ffb41d5b87093afd3526": ["9", "com.iconology.search.ui.SearchActivity"]}, {"d0ee4b2cfc1179ad8843626e57739ec6": ["135", "com.iconology.ui.store.featured.FeaturedActivity"]}, {"8acf826cbb35d49b1d92054437bcf7cf": ["94", "com.iconology.ui.store.featured.FeaturedActivity"]}, {"d0ee4b2cfc1179ad8843626e57739ec6": ["135", "com.iconology.ui.store.featured.FeaturedActivity"]}, {"2d60c64d0eb2c571d9a60dc62aaa9e20": ["155", "com.iconology.ui.store.featured.FeaturedActivity"]}, {"a240da0da7af8bde1f115a656dc670a5": ["3", "com.iconology.ui.mybooks.MyBooksActivity"]}, {"a240da0da7af8bde1f115a656dc670a5": ["3", "com.iconology.ui.mybooks.MyBooksActivity"]}, {"a240da0da7af8bde1f115a656dc670a5": ["3", "com.iconology.ui.mybooks.MyBooksActivity"]}, {"83c68acd99917033003d93c174e28ef8": ["5", "com.iconology.ui.account.LoginActivity"]}, {"83c68acd99917033003d93c174e28ef8": ["5", "com.iconology.ui.account.LoginActivity"]}, {"a906683d8ce1d237fb4eddb265479c0a": ["8", "com.iconology.ui.mybooks.MyBooksActivity"]}, {"a240da0da7af8bde1f115a656dc670a5": ["3", "com.iconology.ui.mybooks.MyBooksActivity"]}, {"a906683d8ce1d237fb4eddb265479c0a": ["8", "com.iconology.ui.mybooks.MyBooksActivity"]}, {"a240da0da7af8bde1f115a656dc670a5": ["3", "com.iconology.ui.mybooks.MyBooksActivity"]}, {"83c68acd99917033003d93c174e28ef8": ["5", "com.iconology.ui.account.LoginActivity"]}, {"a240da0da7af8bde1f115a656dc670a5": ["3", "com.iconology.ui.mybooks.MyBooksActivity"]}, {"83c68acd99917033003d93c174e28ef8": ["5", "com.iconology.ui.account.LoginActivity"]}, {"a240da0da7af8bde1f115a656dc670a5": ["3", "com.iconology.ui.mybooks.MyBooksActivity"]}, {"83c68acd99917033003d93c174e28ef8": ["5", "com.iconology.ui.account.LoginActivity"]}, {"a240da0da7af8bde1f115a656dc670a5": ["3", "com.iconology.ui.mybooks.MyBooksActivity"]}, {"83c68acd99917033003d93c174e28ef8": ["5", "com.iconology.ui.account.LoginActivity"]}, {"24796b91860d79a139de59692a72019a": ["63", "com.iconology.ui.WebViewActivity"]}, {"cdcff3bed69c4dcce0cd99e8b1db6b1c": ["119", "com.iconology.ui.account.CreateAccountActivity"]}, {"83c68acd99917033003d93c174e28ef8": ["5", "com.iconology.ui.account.LoginActivity"]}, {"a240da0da7af8bde1f115a656dc670a5": ["3", "com.iconology.ui.mybooks.MyBooksActivity"]}, {"83c68acd99917033003d93c174e28ef8": ["5", "com.iconology.ui.account.LoginActivity"]}, {"cdcff3bed69c4dcce0cd99e8b1db6b1c": ["119", "com.iconology.ui.account.CreateAccountActivity"]}, {"2195b1b3072ae6a4abc692b31fb5c4a1": ["156", "com.iconology.ui.account.CreateAccountActivity"]}, {"cdcff3bed69c4dcce0cd99e8b1db6b1c": ["119", "com.iconology.ui.account.CreateAccountActivity"]}, {"cdcff3bed69c4dcce0cd99e8b1db6b1c": ["119", "com.iconology.ui.account.CreateAccountActivity"]}, {"83c68acd99917033003d93c174e28ef8": ["5", "com.iconology.ui.account.LoginActivity"]}, {"a240da0da7af8bde1f115a656dc670a5": ["3", "com.iconology.ui.mybooks.MyBooksActivity"]}, {"83c68acd99917033003d93c174e28ef8": ["5", "com.iconology.ui.account.LoginActivity"]}, {"83c68acd99917033003d93c174e28ef8": ["5", "com.iconology.ui.account.LoginActivity"]}, {"cdcff3bed69c4dcce0cd99e8b1db6b1c": ["119", "com.iconology.ui.account.CreateAccountActivity"]}, {"cdcff3bed69c4dcce0cd99e8b1db6b1c": ["119", "com.iconology.ui.account.CreateAccountActivity"]}, {"2195b1b3072ae6a4abc692b31fb5c4a1": ["156", "com.iconology.ui.account.CreateAccountActivity"]}, {"cdcff3bed69c4dcce0cd99e8b1db6b1c": ["119", "com.iconology.ui.account.CreateAccountActivity"]}, {"cdcff3bed69c4dcce0cd99e8b1db6b1c": ["119", "com.iconology.ui.account.CreateAccountActivity"]}, {"24796b91860d79a139de59692a72019a": ["63", "com.iconology.ui.WebViewActivity"]}, {"24796b91860d79a139de59692a72019a": ["63", "com.iconology.ui.WebViewActivity"]}, {"cdcff3bed69c4dcce0cd99e8b1db6b1c": ["119", "com.iconology.ui.account.CreateAccountActivity"]}, {"24796b91860d79a139de59692a72019a": ["63", "com.iconology.ui.WebViewActivity"]}, {"24796b91860d79a139de59692a72019a": ["63", "com.iconology.ui.WebViewActivity"]}, {"cdcff3bed69c4dcce0cd99e8b1db6b1c": ["119", "com.iconology.ui.account.CreateAccountActivity"]}, {"cdcff3bed69c4dcce0cd99e8b1db6b1c": ["119", "com.iconology.ui.account.CreateAccountActivity"]}, {"cdcff3bed69c4dcce0cd99e8b1db6b1c": ["119", "com.iconology.ui.account.CreateAccountActivity"]}, {"83c68acd99917033003d93c174e28ef8": ["5", "com.iconology.ui.account.LoginActivity"]}, {"a240da0da7af8bde1f115a656dc670a5": ["3", "com.iconology.ui.mybooks.MyBooksActivity"]}, {"d0ee4b2cfc1179ad8843626e57739ec6": ["135", "com.iconology.ui.store.featured.FeaturedActivity"]}, {"b022afd8ff1e3a99ddcae076b87b6166": ["136", "com.iconology.ui.store.featured.FeaturedActivity"]}, {"1222ab93c5ff89e81e6c4d668ca7e120": ["38", "com.iconology.ui.settings.SettingsActivity"]}, {"2477ddb3735a05db9d38cc9885d2b4bd": ["39", "com.iconology.ui.settings.SettingsActivity"]}, {"1222ab93c5ff89e81e6c4d668ca7e120": ["38", "com.iconology.ui.settings.SettingsActivity"]}, {"1222ab93c5ff89e81e6c4d668ca7e120": ["38", "com.iconology.ui.settings.SettingsActivity"]}, {"83c68acd99917033003d93c174e28ef8": ["5", "com.iconology.ui.account.LoginActivity"]}, {"1222ab93c5ff89e81e6c4d668ca7e120": ["38", "com.iconology.ui.settings.SettingsActivity"]}, {"a85cc83413f77fb1bd566f96b949b9e4": ["157", "com.iconology.ui.settings.SettingsActivity"]}, {"a85cc83413f77fb1bd566f96b949b9e4": ["157", "com.iconology.ui.settings.SettingsActivity"]}, {"a85cc83413f77fb1bd566f96b949b9e4": ["157", "com.iconology.ui.settings.SettingsActivity"]}, {"1222ab93c5ff89e81e6c4d668ca7e120": ["38", "com.iconology.ui.settings.SettingsActivity"]}, {"83c68acd99917033003d93c174e28ef8": ["5", "com.iconology.ui.account.LoginActivity"]}, {"82d53a758f925f5203f08203e52051a5": ["158", "com.iconology.ui.settings.SettingsActivity"]}, {"abcb73ae5090a045aec622272ada3104": ["159", "com.iconology.ui.settings.SettingsActivity"]}, {"abcb73ae5090a045aec622272ada3104": ["159", "com.iconology.ui.settings.SettingsActivity"]}, {"abcb73ae5090a045aec622272ada3104": ["159", "com.iconology.ui.settings.SettingsActivity"]}, {"cf15a81abfdff5b3443c76e497602ba1": ["150", "com.iconology.ui.settings.SettingsActivity"]}, {"cf15a81abfdff5b3443c76e497602ba1": ["150", "com.iconology.ui.settings.SettingsActivity"]}, {"cf15a81abfdff5b3443c76e497602ba1": ["150", "com.iconology.ui.settings.SettingsActivity"]}, {"129767350e9424d74fce53605f5dc767": ["141", "com.iconology.ui.settings.SettingsActivity"]}, {"129767350e9424d74fce53605f5dc767": ["141", "com.iconology.ui.settings.SettingsActivity"]}, {"83c68acd99917033003d93c174e28ef8": ["5", "com.iconology.ui.account.LoginActivity"]}, {"129767350e9424d74fce53605f5dc767": ["141", "com.iconology.ui.settings.SettingsActivity"]}, {"83c68acd99917033003d93c174e28ef8": ["5", "com.iconology.ui.account.LoginActivity"]}, {"129767350e9424d74fce53605f5dc767": ["141", "com.iconology.ui.settings.SettingsActivity"]}, {"129767350e9424d74fce53605f5dc767": ["141", "com.iconology.ui.settings.SettingsActivity"]}, {"83c68acd99917033003d93c174e28ef8": ["5", "com.iconology.ui.account.LoginActivity"]}, {"129767350e9424d74fce53605f5dc767": ["141", "com.iconology.ui.settings.SettingsActivity"]}, {"129767350e9424d74fce53605f5dc767": ["141", "com.iconology.ui.settings.SettingsActivity"]}, {"cf15a81abfdff5b3443c76e497602ba1": ["150", "com.iconology.ui.settings.SettingsActivity"]}, {"cf15a81abfdff5b3443c76e497602ba1": ["150", "com.iconology.ui.settings.SettingsActivity"]}, {"cf15a81abfdff5b3443c76e497602ba1": ["150", "com.iconology.ui.settings.SettingsActivity"]}, {"cf15a81abfdff5b3443c76e497602ba1": ["150", "com.iconology.ui.settings.SettingsActivity"]}, {"cf15a81abfdff5b3443c76e497602ba1": ["150", "com.iconology.ui.settings.SettingsActivity"]}, {"cf15a81abfdff5b3443c76e497602ba1": ["150", "com.iconology.ui.settings.SettingsActivity"]}, {"cf15a81abfdff5b3443c76e497602ba1": ["150", "com.iconology.ui.settings.SettingsActivity"]}, {"cf15a81abfdff5b3443c76e497602ba1": ["150", "com.iconology.ui.settings.SettingsActivity"]}, {"d4ff807e2b39b6e18e70b278c5bd1eb3": ["160", "com.iconology.ui.settings.SettingsActivity"]}, {"d4ff807e2b39b6e18e70b278c5bd1eb3": ["160", "com.iconology.ui.settings.SettingsActivity"]}, {"e8bd2a71d9c9aede0a3c40bd09e4f640": ["152", "com.iconology.ui.settings.SettingsActivity"]}, {"e8bd2a71d9c9aede0a3c40bd09e4f640": ["152", "com.iconology.ui.settings.SettingsActivity"]}, {"e8bd2a71d9c9aede0a3c40bd09e4f640": ["152", "com.iconology.ui.settings.SettingsActivity"]}, {"129767350e9424d74fce53605f5dc767": ["141", "com.iconology.ui.settings.SettingsActivity"]}, {"2477ddb3735a05db9d38cc9885d2b4bd": ["39", "com.iconology.ui.settings.SettingsActivity"]}, {"129767350e9424d74fce53605f5dc767": ["141", "com.iconology.ui.settings.SettingsActivity"]}, {"2477ddb3735a05db9d38cc9885d2b4bd": ["39", "com.iconology.ui.settings.SettingsActivity"]}, {"129767350e9424d74fce53605f5dc767": ["141", "com.iconology.ui.settings.SettingsActivity"]}, {"129767350e9424d74fce53605f5dc767": ["141", "com.iconology.ui.settings.SettingsActivity"]}, {"129767350e9424d74fce53605f5dc767": ["141", "com.iconology.ui.settings.SettingsActivity"]}, {"129767350e9424d74fce53605f5dc767": ["141", "com.iconology.ui.settings.SettingsActivity"]}, {"129767350e9424d74fce53605f5dc767": ["141", "com.iconology.ui.settings.SettingsActivity"]}, {"2477ddb3735a05db9d38cc9885d2b4bd": ["39", "com.iconology.ui.settings.SettingsActivity"]}, {"129767350e9424d74fce53605f5dc767": ["141", "com.iconology.ui.settings.SettingsActivity"]}, {"4d023b66d4faaf431d0aa27ab4a23611": ["148", "com.iconology.ui.settings.SettingsActivity"]}, {"2477ddb3735a05db9d38cc9885d2b4bd": ["39", "com.iconology.ui.settings.SettingsActivity"]}, {"4d023b66d4faaf431d0aa27ab4a23611": ["148", "com.iconology.ui.settings.SettingsActivity"]}, {"4d023b66d4faaf431d0aa27ab4a23611": ["148", "com.iconology.ui.settings.SettingsActivity"]}, {"4d023b66d4faaf431d0aa27ab4a23611": ["148", "com.iconology.ui.settings.SettingsActivity"]}, {"82d53a758f925f5203f08203e52051a5": ["158", "com.iconology.ui.settings.SettingsActivity"]}, {"1222ab93c5ff89e81e6c4d668ca7e120": ["38", "com.iconology.ui.settings.SettingsActivity"]}, {"83c68acd99917033003d93c174e28ef8": ["5", "com.iconology.ui.account.LoginActivity"]}, {"83c68acd99917033003d93c174e28ef8": ["5", "com.iconology.ui.account.LoginActivity"]}, {"1222ab93c5ff89e81e6c4d668ca7e120": ["38", "com.iconology.ui.settings.SettingsActivity"]}, {"2477ddb3735a05db9d38cc9885d2b4bd": ["39", "com.iconology.ui.settings.SettingsActivity"]}, {"e41ce13d934a36fae297131580ce227a": ["161", "com.iconology.ui.settings.SettingsActivity"]}, {"e41ce13d934a36fae297131580ce227a": ["161", "com.iconology.ui.settings.SettingsActivity"]}, {"e41ce13d934a36fae297131580ce227a": ["161", "com.iconology.ui.settings.SettingsActivity"]}, {"e41ce13d934a36fae297131580ce227a": ["161", "com.iconology.ui.settings.SettingsActivity"]}, {"e41ce13d934a36fae297131580ce227a": ["161", "com.iconology.ui.settings.SettingsActivity"]}, {"e41ce13d934a36fae297131580ce227a": ["161", "com.iconology.ui.settings.SettingsActivity"]}, {"e41ce13d934a36fae297131580ce227a": ["161", "com.iconology.ui.settings.SettingsActivity"]}, {"1222ab93c5ff89e81e6c4d668ca7e120": ["38", "com.iconology.ui.settings.SettingsActivity"]}, {"e41ce13d934a36fae297131580ce227a": ["161", "com.iconology.ui.settings.SettingsActivity"]}, {"1222ab93c5ff89e81e6c4d668ca7e120": ["38", "com.iconology.ui.settings.SettingsActivity"]}, {"1222ab93c5ff89e81e6c4d668ca7e120": ["38", "com.iconology.ui.settings.SettingsActivity"]}, {"2477ddb3735a05db9d38cc9885d2b4bd": ["39", "com.iconology.ui.settings.SettingsActivity"]}, {"1222ab93c5ff89e81e6c4d668ca7e120": ["38", "com.iconology.ui.settings.SettingsActivity"]}, {"e41ce13d934a36fae297131580ce227a": ["161", "com.iconology.ui.settings.SettingsActivity"]}, {"1399f724a7fbee7e2cd545614931552c": ["162", "com.iconology.ui.settings.SettingsActivity"]}, {"83c68acd99917033003d93c174e28ef8": ["5", "com.iconology.ui.account.LoginActivity"]}, {"cdcff3bed69c4dcce0cd99e8b1db6b1c": ["119", "com.iconology.ui.account.CreateAccountActivity"]}, {"83c68acd99917033003d93c174e28ef8": ["5", "com.iconology.ui.account.LoginActivity"]}, {"e41ce13d934a36fae297131580ce227a": ["161", "com.iconology.ui.settings.SettingsActivity"]}, {"83c68acd99917033003d93c174e28ef8": ["5", "com.iconology.ui.account.LoginActivity"]}, {"1399f724a7fbee7e2cd545614931552c": ["162", "com.iconology.ui.settings.SettingsActivity"]}, {"e41ce13d934a36fae297131580ce227a": ["161", "com.iconology.ui.settings.SettingsActivity"]}, {"e41ce13d934a36fae297131580ce227a": ["161", "com.iconology.ui.settings.SettingsActivity"]}, {"1222ab93c5ff89e81e6c4d668ca7e120": ["38", "com.iconology.ui.settings.SettingsActivity"]}, {"83c68acd99917033003d93c174e28ef8": ["5", "com.iconology.ui.account.LoginActivity"]}, {"1222ab93c5ff89e81e6c4d668ca7e120": ["38", "com.iconology.ui.settings.SettingsActivity"]}, {"83c68acd99917033003d93c174e28ef8": ["5", "com.iconology.ui.account.LoginActivity"]}, {"83c68acd99917033003d93c174e28ef8": ["5", "com.iconology.ui.account.LoginActivity"]}, {"83c68acd99917033003d93c174e28ef8": ["5", "com.iconology.ui.account.LoginActivity"]}, {"cdcff3bed69c4dcce0cd99e8b1db6b1c": ["119", "com.iconology.ui.account.CreateAccountActivity"]}, {"24796b91860d79a139de59692a72019a": ["63", "com.iconology.ui.WebViewActivity"]}, {"cdcff3bed69c4dcce0cd99e8b1db6b1c": ["119", "com.iconology.ui.account.CreateAccountActivity"]}, {"2195b1b3072ae6a4abc692b31fb5c4a1": ["156", "com.iconology.ui.account.CreateAccountActivity"]}, {"24796b91860d79a139de59692a72019a": ["63", "com.iconology.ui.WebViewActivity"]}, {"cdcff3bed69c4dcce0cd99e8b1db6b1c": ["119", "com.iconology.ui.account.CreateAccountActivity"]}, {"cdcff3bed69c4dcce0cd99e8b1db6b1c": ["119", "com.iconology.ui.account.CreateAccountActivity"]}]