[{"af7bead45b039766e33ff6c4339951fd": ["335", "com.iconology.ui.store.featured.FeaturedActivity"]}, {"e6d5e46edce2f58628d810408ec99b1b": ["277", "com.iconology.ui.store.issues.IssueDetailActivity"]}, {"fe03f0e30d377a14dbe151829ffd5aed": ["83", "com.iconology.ui.store.creators.CreatorDetailActivity"]}, {"d76ec4e7da8ead9c53c731899b8b81f1": ["203", "com.iconology.ui.store.series.SeriesDetailActivity"]}, {"ab65dac5cdaf34f7f97cf0a0808ea71e": ["6", "com.iconology.ui.store.issues.IssueDetailActivity"]}, {"e7e47aa8bbe5c18b6a12ba16ffa9b4df": ["118", "com.iconology.ui.store.issues.IssueDetailActivity"]}, {"d76ec4e7da8ead9c53c731899b8b81f1": ["203", "com.iconology.ui.store.series.SeriesDetailActivity"]}, {"cbd191fae0ccdd9f4ae499ddbbbb4ba4": ["47", "com.iconology.ui.store.issues.IssueDetailActivity"]}, {"42b3de3906099431a6f52740f6b66e4c": ["12", "com.iconology.ui.store.preview.IssuePreviewActivity"]}, {"8feb2a1e07edd66b81e049dcc83bac08": ["177", "com.iconology.ui.store.issues.IssueDetailActivity"]}, {"d76ec4e7da8ead9c53c731899b8b81f1": ["203", "com.iconology.ui.store.series.SeriesDetailActivity"]}, {"9ca9763000297a0df4ad35ef19ba4abc": ["336", "com.iconology.ui.store.issues.IssueDetailActivity"]}, {"fbbad5046597ccee0ecf75806017aa51": ["43", "com.iconology.ui.store.series.SeriesDetailActivity"]}, {"4119ba497ea76f2f3d045451e55d0e21": ["24", "com.iconology.ui.store.issues.IssueDetailActivity"]}, {"fbbad5046597ccee0ecf75806017aa51": ["43", "com.iconology.ui.store.series.SeriesDetailActivity"]}, {"4119ba497ea76f2f3d045451e55d0e21": ["24", "com.iconology.ui.store.issues.IssueDetailActivity"]}, {"4119ba497ea76f2f3d045451e55d0e21": ["24", "com.iconology.ui.store.issues.IssueDetailActivity"]}, {"fbbad5046597ccee0ecf75806017aa51": ["43", "com.iconology.ui.store.series.SeriesDetailActivity"]}, {"4119ba497ea76f2f3d045451e55d0e21": ["24", "com.iconology.ui.store.issues.IssueDetailActivity"]}, {"a906683d8ce1d237fb4eddb265479c0a": ["8", "com.iconology.ui.mybooks.MyBooksActivity"]}, {"a906683d8ce1d237fb4eddb265479c0a": ["8", "com.iconology.ui.mybooks.MyBooksActivity"]}, {"a240da0da7af8bde1f115a656dc670a5": ["3", "com.iconology.ui.mybooks.MyBooksActivity"]}, {"4119ba497ea76f2f3d045451e55d0e21": ["24", "com.iconology.ui.store.issues.IssueDetailActivity"]}, {"42b3de3906099431a6f52740f6b66e4c": ["12", "com.iconology.ui.store.preview.IssuePreviewActivity"]}, {"8feb2a1e07edd66b81e049dcc83bac08": ["177", "com.iconology.ui.store.issues.IssueDetailActivity"]}, {"d76ec4e7da8ead9c53c731899b8b81f1": ["203", "com.iconology.ui.store.series.SeriesDetailActivity"]}, {"e7e47aa8bbe5c18b6a12ba16ffa9b4df": ["118", "com.iconology.ui.store.issues.IssueDetailActivity"]}, {"3f77b328bb6c4ee58c330d03248466f2": ["122", "com.iconology.ui.store.series.SeriesDetailActivity"]}, {"ab65dac5cdaf34f7f97cf0a0808ea71e": ["6", "com.iconology.ui.store.issues.IssueDetailActivity"]}, {"ab65dac5cdaf34f7f97cf0a0808ea71e": ["6", "com.iconology.ui.store.issues.IssueDetailActivity"]}, {"64ade03fd702a5a5110cae803ffce2a6": ["18", "com.iconology.ui.store.issues.IssueDetailActivity"]}, {"e7e47aa8bbe5c18b6a12ba16ffa9b4df": ["118", "com.iconology.ui.store.issues.IssueDetailActivity"]}, {"d11b35340a9e286b0060ca8cecde9211": ["46", "com.iconology.ui.store.series.SeriesDetailActivity"]}, {"e47b0c62ceff3dc479ef3b4f69492cb8": ["14", "com.iconology.ui.store.series.SeriesActivity"]}, {"24796b91860d79a139de59692a72019a": ["63", "com.iconology.ui.WebViewActivity"]}, {"10c4a0ac5605e174facc9a64f4b9d921": ["44", "com.iconology.ui.store.series.SeriesActivity"]}, {"d11b35340a9e286b0060ca8cecde9211": ["46", "com.iconology.ui.store.series.SeriesDetailActivity"]}, {"10c4a0ac5605e174facc9a64f4b9d921": ["44", "com.iconology.ui.store.series.SeriesActivity"]}, {"ae2b63796855ff6c3273b787fea72442": ["293", "com.iconology.ui.store.series.SeriesDetailActivity"]}, {"cbd191fae0ccdd9f4ae499ddbbbb4ba4": ["47", "com.iconology.ui.store.issues.IssueDetailActivity"]}, {"42b3de3906099431a6f52740f6b66e4c": ["12", "com.iconology.ui.store.preview.IssuePreviewActivity"]}, {"cbd191fae0ccdd9f4ae499ddbbbb4ba4": ["47", "com.iconology.ui.store.issues.IssueDetailActivity"]}, {"456ef616ccf840aa78c74f6610d89105": ["112", "com.iconology.ui.store.preview.IssuePreviewActivity"]}, {"e7e47aa8bbe5c18b6a12ba16ffa9b4df": ["118", "com.iconology.ui.store.issues.IssueDetailActivity"]}, {"f938efabf1b6eb5e37b9d7215feaf49c": ["337", "com.iconology.ui.store.series.SeriesDetailActivity"]}, {"f50b00fac5f2ee092734c3779decbc17": ["33", "com.iconology.ui.smartlists.SmartListsActivity"]}, {"83c68acd99917033003d93c174e28ef8": ["5", "com.iconology.ui.account.LoginActivity"]}, {"24796b91860d79a139de59692a72019a": ["63", "com.iconology.ui.WebViewActivity"]}, {"cdcff3bed69c4dcce0cd99e8b1db6b1c": ["119", "com.iconology.ui.account.CreateAccountActivity"]}, {"06676f4ccc04a354557015c89999f23e": ["168", "com.iconology.ui.account.CreateAccountActivity"]}, {"cdcff3bed69c4dcce0cd99e8b1db6b1c": ["119", "com.iconology.ui.account.CreateAccountActivity"]}, {"83c68acd99917033003d93c174e28ef8": ["5", "com.iconology.ui.account.LoginActivity"]}, {"f50b00fac5f2ee092734c3779decbc17": ["33", "com.iconology.ui.smartlists.SmartListsActivity"]}, {"1205a50109dc07e4773cae50bf18ee7e": ["178", "com.iconology.ui.store.series.SeriesDetailActivity"]}, {"4119ba497ea76f2f3d045451e55d0e21": ["24", "com.iconology.ui.store.issues.IssueDetailActivity"]}, {"4119ba497ea76f2f3d045451e55d0e21": ["24", "com.iconology.ui.store.issues.IssueDetailActivity"]}, {"42b3de3906099431a6f52740f6b66e4c": ["12", "com.iconology.ui.store.preview.IssuePreviewActivity"]}, {"e7e47aa8bbe5c18b6a12ba16ffa9b4df": ["118", "com.iconology.ui.store.issues.IssueDetailActivity"]}, {"3f77b328bb6c4ee58c330d03248466f2": ["122", "com.iconology.ui.store.series.SeriesDetailActivity"]}, {"51fe82a36c237ce724ccf0565eb3ac0b": ["26", "com.iconology.ui.store.issues.IssueDetailActivity"]}, {"f6186052033c6590917691e15993ba5b": ["121", "com.iconology.ui.store.preview.IssuePreviewActivity"]}, {"27289b048bc2ef24aa82976c20e68fd4": ["124", "com.iconology.ui.store.issues.IssueDetailActivity"]}, {"4ee7638b31fe93cbe23f2abc1ea29144": ["48", "com.iconology.ui.store.series.SeriesDetailActivity"]}, {"d2364881d5c5eb066199aa6c5404c0d3": ["75", "com.iconology.ui.store.issues.IssueDetailActivity"]}, {"42b3de3906099431a6f52740f6b66e4c": ["12", "com.iconology.ui.store.preview.IssuePreviewActivity"]}, {"d2364881d5c5eb066199aa6c5404c0d3": ["75", "com.iconology.ui.store.issues.IssueDetailActivity"]}, {"51fe82a36c237ce724ccf0565eb3ac0b": ["26", "com.iconology.ui.store.issues.IssueDetailActivity"]}, {"42b3de3906099431a6f52740f6b66e4c": ["12", "com.iconology.ui.store.preview.IssuePreviewActivity"]}, {"51fe82a36c237ce724ccf0565eb3ac0b": ["26", "com.iconology.ui.store.issues.IssueDetailActivity"]}, {"42b3de3906099431a6f52740f6b66e4c": ["12", "com.iconology.ui.store.preview.IssuePreviewActivity"]}, {"8feb2a1e07edd66b81e049dcc83bac08": ["177", "com.iconology.ui.store.issues.IssueDetailActivity"]}, {"4ee7638b31fe93cbe23f2abc1ea29144": ["48", "com.iconology.ui.store.series.SeriesDetailActivity"]}, {"e47b0c62ceff3dc479ef3b4f69492cb8": ["14", "com.iconology.ui.store.series.SeriesActivity"]}, {"e7e47aa8bbe5c18b6a12ba16ffa9b4df": ["118", "com.iconology.ui.store.issues.IssueDetailActivity"]}, {"904a84c4f50b4c33d9a246f9a72a7b6d": ["229", "com.iconology.ui.store.series.SeriesDetailActivity"]}, {"8d9ab7f68f21c0647056365c6afeaf94": ["91", "com.iconology.ui.store.issues.IssueDetailActivity"]}, {"e7e47aa8bbe5c18b6a12ba16ffa9b4df": ["118", "com.iconology.ui.store.issues.IssueDetailActivity"]}, {"4ee7638b31fe93cbe23f2abc1ea29144": ["48", "com.iconology.ui.store.series.SeriesDetailActivity"]}, {"4119ba497ea76f2f3d045451e55d0e21": ["24", "com.iconology.ui.store.issues.IssueDetailActivity"]}, {"42b3de3906099431a6f52740f6b66e4c": ["12", "com.iconology.ui.store.preview.IssuePreviewActivity"]}, {"4119ba497ea76f2f3d045451e55d0e21": ["24", "com.iconology.ui.store.issues.IssueDetailActivity"]}, {"ab65dac5cdaf34f7f97cf0a0808ea71e": ["6", "com.iconology.ui.store.issues.IssueDetailActivity"]}, {"4119ba497ea76f2f3d045451e55d0e21": ["24", "com.iconology.ui.store.issues.IssueDetailActivity"]}, {"42b3de3906099431a6f52740f6b66e4c": ["12", "com.iconology.ui.store.preview.IssuePreviewActivity"]}, {"e7e47aa8bbe5c18b6a12ba16ffa9b4df": ["118", "com.iconology.ui.store.issues.IssueDetailActivity"]}, {"4ee7638b31fe93cbe23f2abc1ea29144": ["48", "com.iconology.ui.store.series.SeriesDetailActivity"]}, {"4119ba497ea76f2f3d045451e55d0e21": ["24", "com.iconology.ui.store.issues.IssueDetailActivity"]}, {"4ee7638b31fe93cbe23f2abc1ea29144": ["48", "com.iconology.ui.store.series.SeriesDetailActivity"]}, {"3f77b328bb6c4ee58c330d03248466f2": ["122", "com.iconology.ui.store.series.SeriesDetailActivity"]}, {"e7e47aa8bbe5c18b6a12ba16ffa9b4df": ["118", "com.iconology.ui.store.issues.IssueDetailActivity"]}, {"e46f1af21169e504e5665ab316961b54": ["120", "com.iconology.ui.store.series.SeriesDetailActivity"]}, {"4119ba497ea76f2f3d045451e55d0e21": ["24", "com.iconology.ui.store.issues.IssueDetailActivity"]}, {"42b3de3906099431a6f52740f6b66e4c": ["12", "com.iconology.ui.store.preview.IssuePreviewActivity"]}, {"4119ba497ea76f2f3d045451e55d0e21": ["24", "com.iconology.ui.store.issues.IssueDetailActivity"]}, {"42b3de3906099431a6f52740f6b66e4c": ["12", "com.iconology.ui.store.preview.IssuePreviewActivity"]}, {"4119ba497ea76f2f3d045451e55d0e21": ["24", "com.iconology.ui.store.issues.IssueDetailActivity"]}, {"cbd191fae0ccdd9f4ae499ddbbbb4ba4": ["47", "com.iconology.ui.store.issues.IssueDetailActivity"]}, {"42b3de3906099431a6f52740f6b66e4c": ["12", "com.iconology.ui.store.preview.IssuePreviewActivity"]}, {"cbd191fae0ccdd9f4ae499ddbbbb4ba4": ["47", "com.iconology.ui.store.issues.IssueDetailActivity"]}, {"4119ba497ea76f2f3d045451e55d0e21": ["24", "com.iconology.ui.store.issues.IssueDetailActivity"]}, {"42b3de3906099431a6f52740f6b66e4c": ["12", "com.iconology.ui.store.preview.IssuePreviewActivity"]}, {"8feb2a1e07edd66b81e049dcc83bac08": ["177", "com.iconology.ui.store.issues.IssueDetailActivity"]}, {"e46f1af21169e504e5665ab316961b54": ["120", "com.iconology.ui.store.series.SeriesDetailActivity"]}, {"4119ba497ea76f2f3d045451e55d0e21": ["24", "com.iconology.ui.store.issues.IssueDetailActivity"]}, {"4119ba497ea76f2f3d045451e55d0e21": ["24", "com.iconology.ui.store.issues.IssueDetailActivity"]}, {"64ade03fd702a5a5110cae803ffce2a6": ["18", "com.iconology.ui.store.issues.IssueDetailActivity"]}, {"4119ba497ea76f2f3d045451e55d0e21": ["24", "com.iconology.ui.store.issues.IssueDetailActivity"]}, {"42b3de3906099431a6f52740f6b66e4c": ["12", "com.iconology.ui.store.preview.IssuePreviewActivity"]}, {"4119ba497ea76f2f3d045451e55d0e21": ["24", "com.iconology.ui.store.issues.IssueDetailActivity"]}, {"42b3de3906099431a6f52740f6b66e4c": ["12", "com.iconology.ui.store.preview.IssuePreviewActivity"]}, {"e7e47aa8bbe5c18b6a12ba16ffa9b4df": ["118", "com.iconology.ui.store.issues.IssueDetailActivity"]}, {"1310dcd0d6450b0926daca4ff2ddbfd7": ["51", "com.iconology.ui.store.series.SeriesDetailActivity"]}, {"894f64534d6eef63c7a583dd7e4e49aa": ["114", "com.iconology.ui.store.issues.IssueDetailActivity"]}, {"3f77b328bb6c4ee58c330d03248466f2": ["122", "com.iconology.ui.store.series.SeriesDetailActivity"]}, {"a494c69d84cd0cb90cfd68c7a5830ae2": ["32", "com.iconology.ui.store.issues.IssueDetailActivity"]}, {"3f77b328bb6c4ee58c330d03248466f2": ["122", "com.iconology.ui.store.series.SeriesDetailActivity"]}, {"f8a16a5acd111787d93a97c797b5a345": ["52", "com.iconology.ui.store.issues.IssueDetailActivity"]}, {"456ef616ccf840aa78c74f6610d89105": ["112", "com.iconology.ui.store.preview.IssuePreviewActivity"]}, {"f8a16a5acd111787d93a97c797b5a345": ["52", "com.iconology.ui.store.issues.IssueDetailActivity"]}, {"42b3de3906099431a6f52740f6b66e4c": ["12", "com.iconology.ui.store.preview.IssuePreviewActivity"]}, {"f8a16a5acd111787d93a97c797b5a345": ["52", "com.iconology.ui.store.issues.IssueDetailActivity"]}, {"42b3de3906099431a6f52740f6b66e4c": ["12", "com.iconology.ui.store.preview.IssuePreviewActivity"]}, {"e7e47aa8bbe5c18b6a12ba16ffa9b4df": ["118", "com.iconology.ui.store.issues.IssueDetailActivity"]}, {"d76ec4e7da8ead9c53c731899b8b81f1": ["203", "com.iconology.ui.store.series.SeriesDetailActivity"]}, {"8feb2a1e07edd66b81e049dcc83bac08": ["177", "com.iconology.ui.store.issues.IssueDetailActivity"]}, {"1205a50109dc07e4773cae50bf18ee7e": ["178", "com.iconology.ui.store.series.SeriesDetailActivity"]}, {"4119ba497ea76f2f3d045451e55d0e21": ["24", "com.iconology.ui.store.issues.IssueDetailActivity"]}, {"ab65dac5cdaf34f7f97cf0a0808ea71e": ["6", "com.iconology.ui.store.issues.IssueDetailActivity"]}, {"42b3de3906099431a6f52740f6b66e4c": ["12", "com.iconology.ui.store.preview.IssuePreviewActivity"]}, {"e7e47aa8bbe5c18b6a12ba16ffa9b4df": ["118", "com.iconology.ui.store.issues.IssueDetailActivity"]}, {"d76ec4e7da8ead9c53c731899b8b81f1": ["203", "com.iconology.ui.store.series.SeriesDetailActivity"]}, {"51fe82a36c237ce724ccf0565eb3ac0b": ["26", "com.iconology.ui.store.issues.IssueDetailActivity"]}, {"d101b2dd2a109a6eaeae333814f7ebc4": ["29", "com.iconology.ui.store.storyarcs.StoryArcDetailActivity"]}, {"51fe82a36c237ce724ccf0565eb3ac0b": ["26", "com.iconology.ui.store.issues.IssueDetailActivity"]}, {"51fe82a36c237ce724ccf0565eb3ac0b": ["26", "com.iconology.ui.store.issues.IssueDetailActivity"]}, {"456ef616ccf840aa78c74f6610d89105": ["112", "com.iconology.ui.store.preview.IssuePreviewActivity"]}, {"51fe82a36c237ce724ccf0565eb3ac0b": ["26", "com.iconology.ui.store.issues.IssueDetailActivity"]}, {"f6186052033c6590917691e15993ba5b": ["121", "com.iconology.ui.store.preview.IssuePreviewActivity"]}, {"51fe82a36c237ce724ccf0565eb3ac0b": ["26", "com.iconology.ui.store.issues.IssueDetailActivity"]}, {"42b3de3906099431a6f52740f6b66e4c": ["12", "com.iconology.ui.store.preview.IssuePreviewActivity"]}, {"51fe82a36c237ce724ccf0565eb3ac0b": ["26", "com.iconology.ui.store.issues.IssueDetailActivity"]}, {"6d6f49abd6d2ee81eb8fa5ad4dc21ee1": ["117", "com.iconology.ui.store.preview.IssuePreviewActivity"]}, {"e7e47aa8bbe5c18b6a12ba16ffa9b4df": ["118", "com.iconology.ui.store.issues.IssueDetailActivity"]}, {"e46f1af21169e504e5665ab316961b54": ["120", "com.iconology.ui.store.series.SeriesDetailActivity"]}, {"e7e47aa8bbe5c18b6a12ba16ffa9b4df": ["118", "com.iconology.ui.store.issues.IssueDetailActivity"]}, {"d76ec4e7da8ead9c53c731899b8b81f1": ["203", "com.iconology.ui.store.series.SeriesDetailActivity"]}, {"c945b5b1cefff18cc3449b5c4636e153": ["338", "com.iconology.ui.store.sectionedpage.SectionedPageSectionActivity"]}, {"51fe82a36c237ce724ccf0565eb3ac0b": ["26", "com.iconology.ui.store.issues.IssueDetailActivity"]}, {"456ef616ccf840aa78c74f6610d89105": ["112", "com.iconology.ui.store.preview.IssuePreviewActivity"]}, {"51fe82a36c237ce724ccf0565eb3ac0b": ["26", "com.iconology.ui.store.issues.IssueDetailActivity"]}, {"42b3de3906099431a6f52740f6b66e4c": ["12", "com.iconology.ui.store.preview.IssuePreviewActivity"]}, {"e7e47aa8bbe5c18b6a12ba16ffa9b4df": ["118", "com.iconology.ui.store.issues.IssueDetailActivity"]}, {"904a84c4f50b4c33d9a246f9a72a7b6d": ["229", "com.iconology.ui.store.series.SeriesDetailActivity"]}, {"8d9ab7f68f21c0647056365c6afeaf94": ["91", "com.iconology.ui.store.issues.IssueDetailActivity"]}, {"64ade03fd702a5a5110cae803ffce2a6": ["18", "com.iconology.ui.store.issues.IssueDetailActivity"]}, {"faf4ced9bef6f737bd0c3bb3ae9d4ac5": ["339", "com.iconology.ui.store.issues.IssueDetailActivity"]}, {"fe03f0e30d377a14dbe151829ffd5aed": ["83", "com.iconology.ui.store.creators.CreatorDetailActivity"]}, {"1b6130f7cfa8f4d76ee86b7fc8a20915": ["86", "com.iconology.ui.store.series.SeriesDetailActivity"]}, {"4119ba497ea76f2f3d045451e55d0e21": ["24", "com.iconology.ui.store.issues.IssueDetailActivity"]}, {"4119ba497ea76f2f3d045451e55d0e21": ["24", "com.iconology.ui.store.issues.IssueDetailActivity"]}, {"e7e47aa8bbe5c18b6a12ba16ffa9b4df": ["118", "com.iconology.ui.store.issues.IssueDetailActivity"]}, {"d76ec4e7da8ead9c53c731899b8b81f1": ["203", "com.iconology.ui.store.series.SeriesDetailActivity"]}, {"f8a16a5acd111787d93a97c797b5a345": ["52", "com.iconology.ui.store.issues.IssueDetailActivity"]}, {"243f505ccac14002686ce49e7995c716": ["71", "com.iconology.ui.store.issues.IssueDetailActivity"]}, {"42b3de3906099431a6f52740f6b66e4c": ["12", "com.iconology.ui.store.preview.IssuePreviewActivity"]}, {"4f12ea76162f0c9d42e19999b68c57bb": ["340", "com.iconology.ui.store.issues.IssueDetailActivity"]}, {"42b3de3906099431a6f52740f6b66e4c": ["12", "com.iconology.ui.store.preview.IssuePreviewActivity"]}, {"4f12ea76162f0c9d42e19999b68c57bb": ["340", "com.iconology.ui.store.issues.IssueDetailActivity"]}, {"42b3de3906099431a6f52740f6b66e4c": ["12", "com.iconology.ui.store.preview.IssuePreviewActivity"]}, {"8feb2a1e07edd66b81e049dcc83bac08": ["177", "com.iconology.ui.store.issues.IssueDetailActivity"]}, {"8feb2a1e07edd66b81e049dcc83bac08": ["177", "com.iconology.ui.store.issues.IssueDetailActivity"]}, {"3f77b328bb6c4ee58c330d03248466f2": ["122", "com.iconology.ui.store.series.SeriesDetailActivity"]}, {"e7e47aa8bbe5c18b6a12ba16ffa9b4df": ["118", "com.iconology.ui.store.issues.IssueDetailActivity"]}, {"d76ec4e7da8ead9c53c731899b8b81f1": ["203", "com.iconology.ui.store.series.SeriesDetailActivity"]}, {"f8a16a5acd111787d93a97c797b5a345": ["52", "com.iconology.ui.store.issues.IssueDetailActivity"]}, {"42b3de3906099431a6f52740f6b66e4c": ["12", "com.iconology.ui.store.preview.IssuePreviewActivity"]}, {"f8a16a5acd111787d93a97c797b5a345": ["52", "com.iconology.ui.store.issues.IssueDetailActivity"]}, {"42b3de3906099431a6f52740f6b66e4c": ["12", "com.iconology.ui.store.preview.IssuePreviewActivity"]}, {"e7e47aa8bbe5c18b6a12ba16ffa9b4df": ["118", "com.iconology.ui.store.issues.IssueDetailActivity"]}, {"bafb20c74738725dda37f504956a2a3c": ["306", "com.iconology.ui.store.retail.RetailLocatorActivity"]}, {"e7e47aa8bbe5c18b6a12ba16ffa9b4df": ["118", "com.iconology.ui.store.issues.IssueDetailActivity"]}, {"e342b096ac0ec3b11716729aa36d7f20": ["174", "com.iconology.ui.store.series.SeriesDetailActivity"]}, {"4119ba497ea76f2f3d045451e55d0e21": ["24", "com.iconology.ui.store.issues.IssueDetailActivity"]}, {"e7e47aa8bbe5c18b6a12ba16ffa9b4df": ["118", "com.iconology.ui.store.issues.IssueDetailActivity"]}, {"4ee7638b31fe93cbe23f2abc1ea29144": ["48", "com.iconology.ui.store.series.SeriesDetailActivity"]}, {"e7e47aa8bbe5c18b6a12ba16ffa9b4df": ["118", "com.iconology.ui.store.issues.IssueDetailActivity"]}, {"fbbad5046597ccee0ecf75806017aa51": ["43", "com.iconology.ui.store.series.SeriesDetailActivity"]}, {"e7e47aa8bbe5c18b6a12ba16ffa9b4df": ["118", "com.iconology.ui.store.issues.IssueDetailActivity"]}, {"fbbad5046597ccee0ecf75806017aa51": ["43", "com.iconology.ui.store.series.SeriesDetailActivity"]}, {"894f64534d6eef63c7a583dd7e4e49aa": ["114", "com.iconology.ui.store.issues.IssueDetailActivity"]}, {"339554a2bb37980fef503124a867f74f": ["34", "com.iconology.ui.store.series.SeriesDetailActivity"]}, {"894f64534d6eef63c7a583dd7e4e49aa": ["114", "com.iconology.ui.store.issues.IssueDetailActivity"]}, {"3807b433a666a2289f4f0d6871ab25e6": ["341", "com.iconology.ui.store.series.SeriesDetailActivity"]}, {"e7e47aa8bbe5c18b6a12ba16ffa9b4df": ["118", "com.iconology.ui.store.issues.IssueDetailActivity"]}, {"a87e6488d18e2b4c543636b9ddec4b13": ["342", "com.iconology.ui.store.series.SeriesDetailActivity"]}, {"a906683d8ce1d237fb4eddb265479c0a": ["8", "com.iconology.ui.mybooks.MyBooksActivity"]}, {"faf2360e2c0e8d190804b31d3bad0184": ["4", "com.iconology.ui.mybooks.MyBooksActivity"]}, {"faf2360e2c0e8d190804b31d3bad0184": ["4", "com.iconology.ui.mybooks.MyBooksActivity"]}, {"faf2360e2c0e8d190804b31d3bad0184": ["4", "com.iconology.ui.mybooks.MyBooksActivity"]}, {"83c68acd99917033003d93c174e28ef8": ["5", "com.iconology.ui.account.LoginActivity"]}, {"a240da0da7af8bde1f115a656dc670a5": ["3", "com.iconology.ui.mybooks.MyBooksActivity"]}, {"a240da0da7af8bde1f115a656dc670a5": ["3", "com.iconology.ui.mybooks.MyBooksActivity"]}, {"faf2360e2c0e8d190804b31d3bad0184": ["4", "com.iconology.ui.mybooks.MyBooksActivity"]}, {"83c68acd99917033003d93c174e28ef8": ["5", "com.iconology.ui.account.LoginActivity"]}, {"0a77c0bda0a8d027c65d26f237ca31c0": ["172", "com.iconology.ui.mybooks.MyBooksActivity"]}, {"8b939e90228c2e9198a0c5e616dea357": ["343", "com.iconology.ui.store.series.SeriesActivity"]}, {"24796b91860d79a139de59692a72019a": ["63", "com.iconology.ui.WebViewActivity"]}, {"8b939e90228c2e9198a0c5e616dea357": ["343", "com.iconology.ui.store.series.SeriesActivity"]}, {"10c4a0ac5605e174facc9a64f4b9d921": ["44", "com.iconology.ui.store.series.SeriesActivity"]}, {"d76ec4e7da8ead9c53c731899b8b81f1": ["203", "com.iconology.ui.store.series.SeriesDetailActivity"]}, {"ab65dac5cdaf34f7f97cf0a0808ea71e": ["6", "com.iconology.ui.store.issues.IssueDetailActivity"]}, {"42b3de3906099431a6f52740f6b66e4c": ["12", "com.iconology.ui.store.preview.IssuePreviewActivity"]}, {"e7e47aa8bbe5c18b6a12ba16ffa9b4df": ["118", "com.iconology.ui.store.issues.IssueDetailActivity"]}, {"a43547c7e56a2351ab880d0696d7e4d8": ["92", "com.iconology.ui.store.series.SeriesDetailActivity"]}, {"38f1c752f974ffb41d5b87093afd3526": ["9", "com.iconology.search.ui.SearchActivity"]}, {"38f1c752f974ffb41d5b87093afd3526": ["9", "com.iconology.search.ui.SearchActivity"]}, {"a43547c7e56a2351ab880d0696d7e4d8": ["92", "com.iconology.ui.store.series.SeriesDetailActivity"]}, {"a906683d8ce1d237fb4eddb265479c0a": ["8", "com.iconology.ui.mybooks.MyBooksActivity"]}, {"a906683d8ce1d237fb4eddb265479c0a": ["8", "com.iconology.ui.mybooks.MyBooksActivity"]}, {"a906683d8ce1d237fb4eddb265479c0a": ["8", "com.iconology.ui.mybooks.MyBooksActivity"]}, {"a906683d8ce1d237fb4eddb265479c0a": ["8", "com.iconology.ui.mybooks.MyBooksActivity"]}, {"a240da0da7af8bde1f115a656dc670a5": ["3", "com.iconology.ui.mybooks.MyBooksActivity"]}, {"83c68acd99917033003d93c174e28ef8": ["5", "com.iconology.ui.account.LoginActivity"]}, {"a240da0da7af8bde1f115a656dc670a5": ["3", "com.iconology.ui.mybooks.MyBooksActivity"]}, {"a240da0da7af8bde1f115a656dc670a5": ["3", "com.iconology.ui.mybooks.MyBooksActivity"]}, {"a240da0da7af8bde1f115a656dc670a5": ["3", "com.iconology.ui.mybooks.MyBooksActivity"]}, {"a43547c7e56a2351ab880d0696d7e4d8": ["92", "com.iconology.ui.store.series.SeriesDetailActivity"]}, {"4f12ea76162f0c9d42e19999b68c57bb": ["340", "com.iconology.ui.store.issues.IssueDetailActivity"]}, {"42b3de3906099431a6f52740f6b66e4c": ["12", "com.iconology.ui.store.preview.IssuePreviewActivity"]}, {"4f12ea76162f0c9d42e19999b68c57bb": ["340", "com.iconology.ui.store.issues.IssueDetailActivity"]}, {"38ecd3636408cf544fe532e2c504a0c7": ["116", "com.iconology.ui.store.issues.IssueDetailActivity"]}, {"1310dcd0d6450b0926daca4ff2ddbfd7": ["51", "com.iconology.ui.store.series.SeriesDetailActivity"]}, {"4119ba497ea76f2f3d045451e55d0e21": ["24", "com.iconology.ui.store.issues.IssueDetailActivity"]}, {"42b3de3906099431a6f52740f6b66e4c": ["12", "com.iconology.ui.store.preview.IssuePreviewActivity"]}, {"4119ba497ea76f2f3d045451e55d0e21": ["24", "com.iconology.ui.store.issues.IssueDetailActivity"]}, {"456ef616ccf840aa78c74f6610d89105": ["112", "com.iconology.ui.store.preview.IssuePreviewActivity"]}, {"4119ba497ea76f2f3d045451e55d0e21": ["24", "com.iconology.ui.store.issues.IssueDetailActivity"]}, {"42b3de3906099431a6f52740f6b66e4c": ["12", "com.iconology.ui.store.preview.IssuePreviewActivity"]}, {"4119ba497ea76f2f3d045451e55d0e21": ["24", "com.iconology.ui.store.issues.IssueDetailActivity"]}, {"456ef616ccf840aa78c74f6610d89105": ["112", "com.iconology.ui.store.preview.IssuePreviewActivity"]}, {"4119ba497ea76f2f3d045451e55d0e21": ["24", "com.iconology.ui.store.issues.IssueDetailActivity"]}, {"e7e47aa8bbe5c18b6a12ba16ffa9b4df": ["118", "com.iconology.ui.store.issues.IssueDetailActivity"]}, {"edb12ef6584961b003fe8df506ea2f65": ["210", "com.iconology.ui.store.series.SeriesDetailActivity"]}, {"edb12ef6584961b003fe8df506ea2f65": ["210", "com.iconology.ui.store.series.SeriesDetailActivity"]}, {"243f505ccac14002686ce49e7995c716": ["71", "com.iconology.ui.store.issues.IssueDetailActivity"]}, {"456ef616ccf840aa78c74f6610d89105": ["112", "com.iconology.ui.store.preview.IssuePreviewActivity"]}, {"30d9f8da4a1d69f557af8b88f92804d1": ["344", "com.iconology.ui.store.issues.IssueDetailActivity"]}, {"965920a70b393f0c063207230cffda6d": ["50", "com.iconology.ui.store.issues.IssueDetailActivity"]}, {"64ade03fd702a5a5110cae803ffce2a6": ["18", "com.iconology.ui.store.issues.IssueDetailActivity"]}, {"965920a70b393f0c063207230cffda6d": ["50", "com.iconology.ui.store.issues.IssueDetailActivity"]}, {"797a00daa3ad2d9824ad5bd131e779d9": ["345", "com.iconology.ui.store.issues.IssueDetailActivity"]}, {"456ef616ccf840aa78c74f6610d89105": ["112", "com.iconology.ui.store.preview.IssuePreviewActivity"]}, {"31d2390e548a8a1308feac2bfaf758e9": ["346", "com.iconology.ui.store.issues.IssueDetailActivity"]}, {"42b3de3906099431a6f52740f6b66e4c": ["12", "com.iconology.ui.store.preview.IssuePreviewActivity"]}, {"4119ba497ea76f2f3d045451e55d0e21": ["24", "com.iconology.ui.store.issues.IssueDetailActivity"]}, {"965920a70b393f0c063207230cffda6d": ["50", "com.iconology.ui.store.issues.IssueDetailActivity"]}, {"4119ba497ea76f2f3d045451e55d0e21": ["24", "com.iconology.ui.store.issues.IssueDetailActivity"]}, {"e7e47aa8bbe5c18b6a12ba16ffa9b4df": ["118", "com.iconology.ui.store.issues.IssueDetailActivity"]}, {"e46f1af21169e504e5665ab316961b54": ["120", "com.iconology.ui.store.series.SeriesDetailActivity"]}, {"e7e47aa8bbe5c18b6a12ba16ffa9b4df": ["118", "com.iconology.ui.store.issues.IssueDetailActivity"]}, {"e46f1af21169e504e5665ab316961b54": ["120", "com.iconology.ui.store.series.SeriesDetailActivity"]}, {"d2364881d5c5eb066199aa6c5404c0d3": ["75", "com.iconology.ui.store.issues.IssueDetailActivity"]}, {"42b3de3906099431a6f52740f6b66e4c": ["12", "com.iconology.ui.store.preview.IssuePreviewActivity"]}, {"e7e47aa8bbe5c18b6a12ba16ffa9b4df": ["118", "com.iconology.ui.store.issues.IssueDetailActivity"]}, {"d11b35340a9e286b0060ca8cecde9211": ["46", "com.iconology.ui.store.series.SeriesDetailActivity"]}, {"894f64534d6eef63c7a583dd7e4e49aa": ["114", "com.iconology.ui.store.issues.IssueDetailActivity"]}, {"d11b35340a9e286b0060ca8cecde9211": ["46", "com.iconology.ui.store.series.SeriesDetailActivity"]}, {"894f64534d6eef63c7a583dd7e4e49aa": ["114", "com.iconology.ui.store.issues.IssueDetailActivity"]}, {"4ee7638b31fe93cbe23f2abc1ea29144": ["48", "com.iconology.ui.store.series.SeriesDetailActivity"]}, {"4119ba497ea76f2f3d045451e55d0e21": ["24", "com.iconology.ui.store.issues.IssueDetailActivity"]}, {"25dfddaa9cf6d07748db28cced31f39a": ["347", "com.iconology.ui.store.preview.IssuePreviewActivity"]}, {"e7e47aa8bbe5c18b6a12ba16ffa9b4df": ["118", "com.iconology.ui.store.issues.IssueDetailActivity"]}, {"4ee7638b31fe93cbe23f2abc1ea29144": ["48", "com.iconology.ui.store.series.SeriesDetailActivity"]}, {"894f64534d6eef63c7a583dd7e4e49aa": ["114", "com.iconology.ui.store.issues.IssueDetailActivity"]}, {"ca9f1e477fdab65174e782298b709831": ["348", "com.iconology.ui.store.series.SeriesDetailActivity"]}, {"4119ba497ea76f2f3d045451e55d0e21": ["24", "com.iconology.ui.store.issues.IssueDetailActivity"]}, {"331844d692678ca5a158496271a34e86": ["349", "com.iconology.ui.store.preview.IssuePreviewActivity"]}, {"8feb2a1e07edd66b81e049dcc83bac08": ["177", "com.iconology.ui.store.issues.IssueDetailActivity"]}, {"d76ec4e7da8ead9c53c731899b8b81f1": ["203", "com.iconology.ui.store.series.SeriesDetailActivity"]}, {"f8a16a5acd111787d93a97c797b5a345": ["52", "com.iconology.ui.store.issues.IssueDetailActivity"]}, {"42b3de3906099431a6f52740f6b66e4c": ["12", "com.iconology.ui.store.preview.IssuePreviewActivity"]}, {"f8a16a5acd111787d93a97c797b5a345": ["52", "com.iconology.ui.store.issues.IssueDetailActivity"]}, {"42b3de3906099431a6f52740f6b66e4c": ["12", "com.iconology.ui.store.preview.IssuePreviewActivity"]}, {"e7e47aa8bbe5c18b6a12ba16ffa9b4df": ["118", "com.iconology.ui.store.issues.IssueDetailActivity"]}, {"1205a50109dc07e4773cae50bf18ee7e": ["178", "com.iconology.ui.store.series.SeriesDetailActivity"]}, {"4119ba497ea76f2f3d045451e55d0e21": ["24", "com.iconology.ui.store.issues.IssueDetailActivity"]}, {"e7e47aa8bbe5c18b6a12ba16ffa9b4df": ["118", "com.iconology.ui.store.issues.IssueDetailActivity"]}, {"904a84c4f50b4c33d9a246f9a72a7b6d": ["229", "com.iconology.ui.store.series.SeriesDetailActivity"]}, {"e47b0c62ceff3dc479ef3b4f69492cb8": ["14", "com.iconology.ui.store.series.SeriesActivity"]}, {"24796b91860d79a139de59692a72019a": ["63", "com.iconology.ui.WebViewActivity"]}, {"e47b0c62ceff3dc479ef3b4f69492cb8": ["14", "com.iconology.ui.store.series.SeriesActivity"]}, {"f8a16a5acd111787d93a97c797b5a345": ["52", "com.iconology.ui.store.issues.IssueDetailActivity"]}, {"a906683d8ce1d237fb4eddb265479c0a": ["8", "com.iconology.ui.mybooks.MyBooksActivity"]}, {"a240da0da7af8bde1f115a656dc670a5": ["3", "com.iconology.ui.mybooks.MyBooksActivity"]}, {"83c68acd99917033003d93c174e28ef8": ["5", "com.iconology.ui.account.LoginActivity"]}, {"a906683d8ce1d237fb4eddb265479c0a": ["8", "com.iconology.ui.mybooks.MyBooksActivity"]}, {"a240da0da7af8bde1f115a656dc670a5": ["3", "com.iconology.ui.mybooks.MyBooksActivity"]}, {"83c68acd99917033003d93c174e28ef8": ["5", "com.iconology.ui.account.LoginActivity"]}, {"a240da0da7af8bde1f115a656dc670a5": ["3", "com.iconology.ui.mybooks.MyBooksActivity"]}, {"e7e47aa8bbe5c18b6a12ba16ffa9b4df": ["118", "com.iconology.ui.store.issues.IssueDetailActivity"]}, {"f8a16a5acd111787d93a97c797b5a345": ["52", "com.iconology.ui.store.issues.IssueDetailActivity"]}, {"42b3de3906099431a6f52740f6b66e4c": ["12", "com.iconology.ui.store.preview.IssuePreviewActivity"]}, {"f8a16a5acd111787d93a97c797b5a345": ["52", "com.iconology.ui.store.issues.IssueDetailActivity"]}, {"42b3de3906099431a6f52740f6b66e4c": ["12", "com.iconology.ui.store.preview.IssuePreviewActivity"]}, {"f8a16a5acd111787d93a97c797b5a345": ["52", "com.iconology.ui.store.issues.IssueDetailActivity"]}, {"456ef616ccf840aa78c74f6610d89105": ["112", "com.iconology.ui.store.preview.IssuePreviewActivity"]}, {"f8a16a5acd111787d93a97c797b5a345": ["52", "com.iconology.ui.store.issues.IssueDetailActivity"]}, {"f8a16a5acd111787d93a97c797b5a345": ["52", "com.iconology.ui.store.issues.IssueDetailActivity"]}, {"42b3de3906099431a6f52740f6b66e4c": ["12", "com.iconology.ui.store.preview.IssuePreviewActivity"]}, {"f8a16a5acd111787d93a97c797b5a345": ["52", "com.iconology.ui.store.issues.IssueDetailActivity"]}, {"cbd191fae0ccdd9f4ae499ddbbbb4ba4": ["47", "com.iconology.ui.store.issues.IssueDetailActivity"]}, {"a906683d8ce1d237fb4eddb265479c0a": ["8", "com.iconology.ui.mybooks.MyBooksActivity"]}, {"a240da0da7af8bde1f115a656dc670a5": ["3", "com.iconology.ui.mybooks.MyBooksActivity"]}, {"83c68acd99917033003d93c174e28ef8": ["5", "com.iconology.ui.account.LoginActivity"]}, {"cdcff3bed69c4dcce0cd99e8b1db6b1c": ["119", "com.iconology.ui.account.CreateAccountActivity"]}, {"24796b91860d79a139de59692a72019a": ["63", "com.iconology.ui.WebViewActivity"]}, {"24796b91860d79a139de59692a72019a": ["63", "com.iconology.ui.WebViewActivity"]}, {"24796b91860d79a139de59692a72019a": ["63", "com.iconology.ui.WebViewActivity"]}, {"24796b91860d79a139de59692a72019a": ["63", "com.iconology.ui.WebViewActivity"]}, {"24796b91860d79a139de59692a72019a": ["63", "com.iconology.ui.WebViewActivity"]}, {"24796b91860d79a139de59692a72019a": ["63", "com.iconology.ui.WebViewActivity"]}, {"24796b91860d79a139de59692a72019a": ["63", "com.iconology.ui.WebViewActivity"]}, {"cdcff3bed69c4dcce0cd99e8b1db6b1c": ["119", "com.iconology.ui.account.CreateAccountActivity"]}, {"2195b1b3072ae6a4abc692b31fb5c4a1": ["156", "com.iconology.ui.account.CreateAccountActivity"]}, {"24796b91860d79a139de59692a72019a": ["63", "com.iconology.ui.WebViewActivity"]}, {"cdcff3bed69c4dcce0cd99e8b1db6b1c": ["119", "com.iconology.ui.account.CreateAccountActivity"]}, {"06676f4ccc04a354557015c89999f23e": ["168", "com.iconology.ui.account.CreateAccountActivity"]}, {"cdcff3bed69c4dcce0cd99e8b1db6b1c": ["119", "com.iconology.ui.account.CreateAccountActivity"]}, {"06676f4ccc04a354557015c89999f23e": ["168", "com.iconology.ui.account.CreateAccountActivity"]}, {"24796b91860d79a139de59692a72019a": ["63", "com.iconology.ui.WebViewActivity"]}, {"24796b91860d79a139de59692a72019a": ["63", "com.iconology.ui.WebViewActivity"]}, {"cdcff3bed69c4dcce0cd99e8b1db6b1c": ["119", "com.iconology.ui.account.CreateAccountActivity"]}, {"cdcff3bed69c4dcce0cd99e8b1db6b1c": ["119", "com.iconology.ui.account.CreateAccountActivity"]}, {"83c68acd99917033003d93c174e28ef8": ["5", "com.iconology.ui.account.LoginActivity"]}, {"a240da0da7af8bde1f115a656dc670a5": ["3", "com.iconology.ui.mybooks.MyBooksActivity"]}, {"83c68acd99917033003d93c174e28ef8": ["5", "com.iconology.ui.account.LoginActivity"]}, {"a240da0da7af8bde1f115a656dc670a5": ["3", "com.iconology.ui.mybooks.MyBooksActivity"]}, {"cbd191fae0ccdd9f4ae499ddbbbb4ba4": ["47", "com.iconology.ui.store.issues.IssueDetailActivity"]}, {"42b3de3906099431a6f52740f6b66e4c": ["12", "com.iconology.ui.store.preview.IssuePreviewActivity"]}, {"e7e47aa8bbe5c18b6a12ba16ffa9b4df": ["118", "com.iconology.ui.store.issues.IssueDetailActivity"]}, {"1205a50109dc07e4773cae50bf18ee7e": ["178", "com.iconology.ui.store.series.SeriesDetailActivity"]}, {"d2364881d5c5eb066199aa6c5404c0d3": ["75", "com.iconology.ui.store.issues.IssueDetailActivity"]}, {"42b3de3906099431a6f52740f6b66e4c": ["12", "com.iconology.ui.store.preview.IssuePreviewActivity"]}, {"d2364881d5c5eb066199aa6c5404c0d3": ["75", "com.iconology.ui.store.issues.IssueDetailActivity"]}, {"1205a50109dc07e4773cae50bf18ee7e": ["178", "com.iconology.ui.store.series.SeriesDetailActivity"]}, {"d2364881d5c5eb066199aa6c5404c0d3": ["75", "com.iconology.ui.store.issues.IssueDetailActivity"]}, {"ab65dac5cdaf34f7f97cf0a0808ea71e": ["6", "com.iconology.ui.store.issues.IssueDetailActivity"]}, {"456ef616ccf840aa78c74f6610d89105": ["112", "com.iconology.ui.store.preview.IssuePreviewActivity"]}, {"ab65dac5cdaf34f7f97cf0a0808ea71e": ["6", "com.iconology.ui.store.issues.IssueDetailActivity"]}, {"42b3de3906099431a6f52740f6b66e4c": ["12", "com.iconology.ui.store.preview.IssuePreviewActivity"]}, {"ab65dac5cdaf34f7f97cf0a0808ea71e": ["6", "com.iconology.ui.store.issues.IssueDetailActivity"]}, {"894f64534d6eef63c7a583dd7e4e49aa": ["114", "com.iconology.ui.store.issues.IssueDetailActivity"]}, {"1205a50109dc07e4773cae50bf18ee7e": ["178", "com.iconology.ui.store.series.SeriesDetailActivity"]}, {"d2364881d5c5eb066199aa6c5404c0d3": ["75", "com.iconology.ui.store.issues.IssueDetailActivity"]}, {"ab65dac5cdaf34f7f97cf0a0808ea71e": ["6", "com.iconology.ui.store.issues.IssueDetailActivity"]}, {"ab65dac5cdaf34f7f97cf0a0808ea71e": ["6", "com.iconology.ui.store.issues.IssueDetailActivity"]}, {"42b3de3906099431a6f52740f6b66e4c": ["12", "com.iconology.ui.store.preview.IssuePreviewActivity"]}, {"ab65dac5cdaf34f7f97cf0a0808ea71e": ["6", "com.iconology.ui.store.issues.IssueDetailActivity"]}, {"456ef616ccf840aa78c74f6610d89105": ["112", "com.iconology.ui.store.preview.IssuePreviewActivity"]}, {"ab65dac5cdaf34f7f97cf0a0808ea71e": ["6", "com.iconology.ui.store.issues.IssueDetailActivity"]}, {"ab65dac5cdaf34f7f97cf0a0808ea71e": ["6", "com.iconology.ui.store.issues.IssueDetailActivity"]}, {"d2364881d5c5eb066199aa6c5404c0d3": ["75", "com.iconology.ui.store.issues.IssueDetailActivity"]}, {"456ef616ccf840aa78c74f6610d89105": ["112", "com.iconology.ui.store.preview.IssuePreviewActivity"]}, {"d2364881d5c5eb066199aa6c5404c0d3": ["75", "com.iconology.ui.store.issues.IssueDetailActivity"]}, {"cdf8febcf650ad98024d2e217dd2352d": ["208", "com.iconology.ui.store.preview.IssuePreviewActivity"]}, {"14d2f60a12be0543bcae1586f66b4dfd": ["350", "com.iconology.ui.store.issues.IssueDetailActivity"]}, {"456ef616ccf840aa78c74f6610d89105": ["112", "com.iconology.ui.store.preview.IssuePreviewActivity"]}, {"14d2f60a12be0543bcae1586f66b4dfd": ["350", "com.iconology.ui.store.issues.IssueDetailActivity"]}, {"15d9aa5c582a864210497fcf45218532": ["272", "com.iconology.ui.store.creators.CreatorDetailActivity"]}, {"a548fd8a601808afe5d2428e7e7d14a0": ["351", "com.iconology.ui.store.series.SeriesDetailActivity"]}, {"9ab70abb31e73dd8ca5b18236fc33392": ["7", "com.iconology.ui.store.issues.IssueDetailActivity"]}, {"456ef616ccf840aa78c74f6610d89105": ["112", "com.iconology.ui.store.preview.IssuePreviewActivity"]}, {"e7e47aa8bbe5c18b6a12ba16ffa9b4df": ["118", "com.iconology.ui.store.issues.IssueDetailActivity"]}, {"a548fd8a601808afe5d2428e7e7d14a0": ["351", "com.iconology.ui.store.series.SeriesDetailActivity"]}, {"e7e47aa8bbe5c18b6a12ba16ffa9b4df": ["118", "com.iconology.ui.store.issues.IssueDetailActivity"]}, {"da8ecc685dd16c89026aaee7123cd87d": ["286", "com.iconology.ui.store.series.SeriesDetailActivity"]}, {"ab65dac5cdaf34f7f97cf0a0808ea71e": ["6", "com.iconology.ui.store.issues.IssueDetailActivity"]}, {"ab65dac5cdaf34f7f97cf0a0808ea71e": ["6", "com.iconology.ui.store.issues.IssueDetailActivity"]}, {"42b3de3906099431a6f52740f6b66e4c": ["12", "com.iconology.ui.store.preview.IssuePreviewActivity"]}, {"ab65dac5cdaf34f7f97cf0a0808ea71e": ["6", "com.iconology.ui.store.issues.IssueDetailActivity"]}, {"a906683d8ce1d237fb4eddb265479c0a": ["8", "com.iconology.ui.mybooks.MyBooksActivity"]}, {"a240da0da7af8bde1f115a656dc670a5": ["3", "com.iconology.ui.mybooks.MyBooksActivity"]}, {"83c68acd99917033003d93c174e28ef8": ["5", "com.iconology.ui.account.LoginActivity"]}, {"a906683d8ce1d237fb4eddb265479c0a": ["8", "com.iconology.ui.mybooks.MyBooksActivity"]}, {"a240da0da7af8bde1f115a656dc670a5": ["3", "com.iconology.ui.mybooks.MyBooksActivity"]}, {"83c68acd99917033003d93c174e28ef8": ["5", "com.iconology.ui.account.LoginActivity"]}, {"a240da0da7af8bde1f115a656dc670a5": ["3", "com.iconology.ui.mybooks.MyBooksActivity"]}, {"83c68acd99917033003d93c174e28ef8": ["5", "com.iconology.ui.account.LoginActivity"]}, {"a240da0da7af8bde1f115a656dc670a5": ["3", "com.iconology.ui.mybooks.MyBooksActivity"]}, {"83c68acd99917033003d93c174e28ef8": ["5", "com.iconology.ui.account.LoginActivity"]}, {"83c68acd99917033003d93c174e28ef8": ["5", "com.iconology.ui.account.LoginActivity"]}, {"67527874468d359c9c8a1e0910e82ede": ["175", "com.iconology.ui.account.LoginActivity"]}, {"a240da0da7af8bde1f115a656dc670a5": ["3", "com.iconology.ui.mybooks.MyBooksActivity"]}, {"a240da0da7af8bde1f115a656dc670a5": ["3", "com.iconology.ui.mybooks.MyBooksActivity"]}, {"a906683d8ce1d237fb4eddb265479c0a": ["8", "com.iconology.ui.mybooks.MyBooksActivity"]}, {"0a77c0bda0a8d027c65d26f237ca31c0": ["172", "com.iconology.ui.mybooks.MyBooksActivity"]}, {"a240da0da7af8bde1f115a656dc670a5": ["3", "com.iconology.ui.mybooks.MyBooksActivity"]}, {"a240da0da7af8bde1f115a656dc670a5": ["3", "com.iconology.ui.mybooks.MyBooksActivity"]}, {"83c68acd99917033003d93c174e28ef8": ["5", "com.iconology.ui.account.LoginActivity"]}, {"83c68acd99917033003d93c174e28ef8": ["5", "com.iconology.ui.account.LoginActivity"]}, {"83c68acd99917033003d93c174e28ef8": ["5", "com.iconology.ui.account.LoginActivity"]}, {"a906683d8ce1d237fb4eddb265479c0a": ["8", "com.iconology.ui.mybooks.MyBooksActivity"]}, {"a240da0da7af8bde1f115a656dc670a5": ["3", "com.iconology.ui.mybooks.MyBooksActivity"]}, {"83c68acd99917033003d93c174e28ef8": ["5", "com.iconology.ui.account.LoginActivity"]}, {"64b7152ac0c0b7690a1715fd46e2df13": ["352", "com.iconology.ui.mybooks.MyBooksActivity"]}, {"64b7152ac0c0b7690a1715fd46e2df13": ["352", "com.iconology.ui.mybooks.MyBooksActivity"]}, {"83c68acd99917033003d93c174e28ef8": ["5", "com.iconology.ui.account.LoginActivity"]}, {"83c68acd99917033003d93c174e28ef8": ["5", "com.iconology.ui.account.LoginActivity"]}, {"a906683d8ce1d237fb4eddb265479c0a": ["8", "com.iconology.ui.mybooks.MyBooksActivity"]}, {"a906683d8ce1d237fb4eddb265479c0a": ["8", "com.iconology.ui.mybooks.MyBooksActivity"]}, {"ceef1915e8d1a58c4b023ac38f906bb9": ["353", "com.iconology.ui.mybooks.MyBooksActivity"]}, {"ceef1915e8d1a58c4b023ac38f906bb9": ["353", "com.iconology.ui.mybooks.MyBooksActivity"]}, {"83c68acd99917033003d93c174e28ef8": ["5", "com.iconology.ui.account.LoginActivity"]}, {"83c68acd99917033003d93c174e28ef8": ["5", "com.iconology.ui.account.LoginActivity"]}, {"a240da0da7af8bde1f115a656dc670a5": ["3", "com.iconology.ui.mybooks.MyBooksActivity"]}, {"83c68acd99917033003d93c174e28ef8": ["5", "com.iconology.ui.account.LoginActivity"]}, {"a240da0da7af8bde1f115a656dc670a5": ["3", "com.iconology.ui.mybooks.MyBooksActivity"]}, {"83c68acd99917033003d93c174e28ef8": ["5", "com.iconology.ui.account.LoginActivity"]}, {"cdcff3bed69c4dcce0cd99e8b1db6b1c": ["119", "com.iconology.ui.account.CreateAccountActivity"]}, {"06676f4ccc04a354557015c89999f23e": ["168", "com.iconology.ui.account.CreateAccountActivity"]}, {"24796b91860d79a139de59692a72019a": ["63", "com.iconology.ui.WebViewActivity"]}, {"24796b91860d79a139de59692a72019a": ["63", "com.iconology.ui.WebViewActivity"]}, {"cdcff3bed69c4dcce0cd99e8b1db6b1c": ["119", "com.iconology.ui.account.CreateAccountActivity"]}, {"83c68acd99917033003d93c174e28ef8": ["5", "com.iconology.ui.account.LoginActivity"]}, {"83c68acd99917033003d93c174e28ef8": ["5", "com.iconology.ui.account.LoginActivity"]}, {"a906683d8ce1d237fb4eddb265479c0a": ["8", "com.iconology.ui.mybooks.MyBooksActivity"]}, {"a906683d8ce1d237fb4eddb265479c0a": ["8", "com.iconology.ui.mybooks.MyBooksActivity"]}, {"a240da0da7af8bde1f115a656dc670a5": ["3", "com.iconology.ui.mybooks.MyBooksActivity"]}, {"ab65dac5cdaf34f7f97cf0a0808ea71e": ["6", "com.iconology.ui.store.issues.IssueDetailActivity"]}, {"42b3de3906099431a6f52740f6b66e4c": ["12", "com.iconology.ui.store.preview.IssuePreviewActivity"]}, {"ab65dac5cdaf34f7f97cf0a0808ea71e": ["6", "com.iconology.ui.store.issues.IssueDetailActivity"]}, {"42b3de3906099431a6f52740f6b66e4c": ["12", "com.iconology.ui.store.preview.IssuePreviewActivity"]}, {"e7e47aa8bbe5c18b6a12ba16ffa9b4df": ["118", "com.iconology.ui.store.issues.IssueDetailActivity"]}, {"d11b35340a9e286b0060ca8cecde9211": ["46", "com.iconology.ui.store.series.SeriesDetailActivity"]}, {"e7e47aa8bbe5c18b6a12ba16ffa9b4df": ["118", "com.iconology.ui.store.issues.IssueDetailActivity"]}, {"1310dcd0d6450b0926daca4ff2ddbfd7": ["51", "com.iconology.ui.store.series.SeriesDetailActivity"]}, {"243f505ccac14002686ce49e7995c716": ["71", "com.iconology.ui.store.issues.IssueDetailActivity"]}, {"64ade03fd702a5a5110cae803ffce2a6": ["18", "com.iconology.ui.store.issues.IssueDetailActivity"]}, {"243f505ccac14002686ce49e7995c716": ["71", "com.iconology.ui.store.issues.IssueDetailActivity"]}, {"1310dcd0d6450b0926daca4ff2ddbfd7": ["51", "com.iconology.ui.store.series.SeriesDetailActivity"]}, {"41e3d72d9c38c1f07af6e4c6cab09c02": ["106", "com.iconology.ui.store.series.SeriesActivity"]}, {"d76ec4e7da8ead9c53c731899b8b81f1": ["203", "com.iconology.ui.store.series.SeriesDetailActivity"]}, {"f8a16a5acd111787d93a97c797b5a345": ["52", "com.iconology.ui.store.issues.IssueDetailActivity"]}, {"f6186052033c6590917691e15993ba5b": ["121", "com.iconology.ui.store.preview.IssuePreviewActivity"]}, {"f8a16a5acd111787d93a97c797b5a345": ["52", "com.iconology.ui.store.issues.IssueDetailActivity"]}, {"42b3de3906099431a6f52740f6b66e4c": ["12", "com.iconology.ui.store.preview.IssuePreviewActivity"]}, {"f8a16a5acd111787d93a97c797b5a345": ["52", "com.iconology.ui.store.issues.IssueDetailActivity"]}, {"42b3de3906099431a6f52740f6b66e4c": ["12", "com.iconology.ui.store.preview.IssuePreviewActivity"]}, {"f8a16a5acd111787d93a97c797b5a345": ["52", "com.iconology.ui.store.issues.IssueDetailActivity"]}, {"e7e47aa8bbe5c18b6a12ba16ffa9b4df": ["118", "com.iconology.ui.store.issues.IssueDetailActivity"]}, {"3f77b328bb6c4ee58c330d03248466f2": ["122", "com.iconology.ui.store.series.SeriesDetailActivity"]}, {"ab65dac5cdaf34f7f97cf0a0808ea71e": ["6", "com.iconology.ui.store.issues.IssueDetailActivity"]}, {"42b3de3906099431a6f52740f6b66e4c": ["12", "com.iconology.ui.store.preview.IssuePreviewActivity"]}, {"e7e47aa8bbe5c18b6a12ba16ffa9b4df": ["118", "com.iconology.ui.store.issues.IssueDetailActivity"]}, {"904a84c4f50b4c33d9a246f9a72a7b6d": ["229", "com.iconology.ui.store.series.SeriesDetailActivity"]}, {"8d9ab7f68f21c0647056365c6afeaf94": ["91", "com.iconology.ui.store.issues.IssueDetailActivity"]}, {"42b3de3906099431a6f52740f6b66e4c": ["12", "com.iconology.ui.store.preview.IssuePreviewActivity"]}, {"8d9ab7f68f21c0647056365c6afeaf94": ["91", "com.iconology.ui.store.issues.IssueDetailActivity"]}, {"42b3de3906099431a6f52740f6b66e4c": ["12", "com.iconology.ui.store.preview.IssuePreviewActivity"]}, {"8d9ab7f68f21c0647056365c6afeaf94": ["91", "com.iconology.ui.store.issues.IssueDetailActivity"]}, {"456ef616ccf840aa78c74f6610d89105": ["112", "com.iconology.ui.store.preview.IssuePreviewActivity"]}, {"8d9ab7f68f21c0647056365c6afeaf94": ["91", "com.iconology.ui.store.issues.IssueDetailActivity"]}, {"42b3de3906099431a6f52740f6b66e4c": ["12", "com.iconology.ui.store.preview.IssuePreviewActivity"]}, {"894f64534d6eef63c7a583dd7e4e49aa": ["114", "com.iconology.ui.store.issues.IssueDetailActivity"]}, {"904a84c4f50b4c33d9a246f9a72a7b6d": ["229", "com.iconology.ui.store.series.SeriesDetailActivity"]}, {"8d9ab7f68f21c0647056365c6afeaf94": ["91", "com.iconology.ui.store.issues.IssueDetailActivity"]}, {"f6186052033c6590917691e15993ba5b": ["121", "com.iconology.ui.store.preview.IssuePreviewActivity"]}, {"8d9ab7f68f21c0647056365c6afeaf94": ["91", "com.iconology.ui.store.issues.IssueDetailActivity"]}, {"42b3de3906099431a6f52740f6b66e4c": ["12", "com.iconology.ui.store.preview.IssuePreviewActivity"]}, {"8d9ab7f68f21c0647056365c6afeaf94": ["91", "com.iconology.ui.store.issues.IssueDetailActivity"]}, {"42b3de3906099431a6f52740f6b66e4c": ["12", "com.iconology.ui.store.preview.IssuePreviewActivity"]}, {"8d9ab7f68f21c0647056365c6afeaf94": ["91", "com.iconology.ui.store.issues.IssueDetailActivity"]}, {"456ef616ccf840aa78c74f6610d89105": ["112", "com.iconology.ui.store.preview.IssuePreviewActivity"]}, {"fad16a321bb2f1e3d1090aaf0edeec41": ["281", "com.iconology.ui.store.issues.IssueDetailActivity"]}, {"904a84c4f50b4c33d9a246f9a72a7b6d": ["229", "com.iconology.ui.store.series.SeriesDetailActivity"]}, {"8d9ab7f68f21c0647056365c6afeaf94": ["91", "com.iconology.ui.store.issues.IssueDetailActivity"]}, {"456ef616ccf840aa78c74f6610d89105": ["112", "com.iconology.ui.store.preview.IssuePreviewActivity"]}, {"e7e47aa8bbe5c18b6a12ba16ffa9b4df": ["118", "com.iconology.ui.store.issues.IssueDetailActivity"]}, {"d11b35340a9e286b0060ca8cecde9211": ["46", "com.iconology.ui.store.series.SeriesDetailActivity"]}, {"4119ba497ea76f2f3d045451e55d0e21": ["24", "com.iconology.ui.store.issues.IssueDetailActivity"]}, {"d11b35340a9e286b0060ca8cecde9211": ["46", "com.iconology.ui.store.series.SeriesDetailActivity"]}, {"4f12ea76162f0c9d42e19999b68c57bb": ["340", "com.iconology.ui.store.issues.IssueDetailActivity"]}, {"456ef616ccf840aa78c74f6610d89105": ["112", "com.iconology.ui.store.preview.IssuePreviewActivity"]}, {"fad16a321bb2f1e3d1090aaf0edeec41": ["281", "com.iconology.ui.store.issues.IssueDetailActivity"]}, {"42b3de3906099431a6f52740f6b66e4c": ["12", "com.iconology.ui.store.preview.IssuePreviewActivity"]}, {"fad16a321bb2f1e3d1090aaf0edeec41": ["281", "com.iconology.ui.store.issues.IssueDetailActivity"]}, {"456ef616ccf840aa78c74f6610d89105": ["112", "com.iconology.ui.store.preview.IssuePreviewActivity"]}, {"fad16a321bb2f1e3d1090aaf0edeec41": ["281", "com.iconology.ui.store.issues.IssueDetailActivity"]}, {"456ef616ccf840aa78c74f6610d89105": ["112", "com.iconology.ui.store.preview.IssuePreviewActivity"]}, {"fad16a321bb2f1e3d1090aaf0edeec41": ["281", "com.iconology.ui.store.issues.IssueDetailActivity"]}, {"456ef616ccf840aa78c74f6610d89105": ["112", "com.iconology.ui.store.preview.IssuePreviewActivity"]}, {"4119ba497ea76f2f3d045451e55d0e21": ["24", "com.iconology.ui.store.issues.IssueDetailActivity"]}, {"ab65dac5cdaf34f7f97cf0a0808ea71e": ["6", "com.iconology.ui.store.issues.IssueDetailActivity"]}, {"c4346171dc7f2e5a5996e68ab3125e8a": ["354", "com.iconology.ui.store.issues.IssueDetailActivity"]}, {"d11b35340a9e286b0060ca8cecde9211": ["46", "com.iconology.ui.store.series.SeriesDetailActivity"]}, {"4119ba497ea76f2f3d045451e55d0e21": ["24", "com.iconology.ui.store.issues.IssueDetailActivity"]}, {"ab65dac5cdaf34f7f97cf0a0808ea71e": ["6", "com.iconology.ui.store.issues.IssueDetailActivity"]}, {"456ef616ccf840aa78c74f6610d89105": ["112", "com.iconology.ui.store.preview.IssuePreviewActivity"]}, {"e7e47aa8bbe5c18b6a12ba16ffa9b4df": ["118", "com.iconology.ui.store.issues.IssueDetailActivity"]}, {"a240da0da7af8bde1f115a656dc670a5": ["3", "com.iconology.ui.mybooks.MyBooksActivity"]}, {"83c68acd99917033003d93c174e28ef8": ["5", "com.iconology.ui.account.LoginActivity"]}, {"83c68acd99917033003d93c174e28ef8": ["5", "com.iconology.ui.account.LoginActivity"]}, {"83c68acd99917033003d93c174e28ef8": ["5", "com.iconology.ui.account.LoginActivity"]}, {"83c68acd99917033003d93c174e28ef8": ["5", "com.iconology.ui.account.LoginActivity"]}, {"a240da0da7af8bde1f115a656dc670a5": ["3", "com.iconology.ui.mybooks.MyBooksActivity"]}, {"a240da0da7af8bde1f115a656dc670a5": ["3", "com.iconology.ui.mybooks.MyBooksActivity"]}, {"a240da0da7af8bde1f115a656dc670a5": ["3", "com.iconology.ui.mybooks.MyBooksActivity"]}, {"64b7152ac0c0b7690a1715fd46e2df13": ["352", "com.iconology.ui.mybooks.MyBooksActivity"]}, {"64b7152ac0c0b7690a1715fd46e2df13": ["352", "com.iconology.ui.mybooks.MyBooksActivity"]}, {"64b7152ac0c0b7690a1715fd46e2df13": ["352", "com.iconology.ui.mybooks.MyBooksActivity"]}, {"83c68acd99917033003d93c174e28ef8": ["5", "com.iconology.ui.account.LoginActivity"]}]