[{"a73678738940432ca6bf0b6e5c070a60": ["0", "net.zedge.android.activity.ControllerActivity"]}, {"23aaa372323744cf32f26a7afba7d476": ["1", "net.zedge.android.activity.ControllerActivity"]}, {"23aaa372323744cf32f26a7afba7d476": ["1", "net.zedge.android.activity.ControllerActivity"]}, {"23aaa372323744cf32f26a7afba7d476": ["1", "net.zedge.android.activity.ControllerActivity"]}, {"23aaa372323744cf32f26a7afba7d476": ["1", "net.zedge.android.activity.ControllerActivity"]}, {"c4723fd35d5036d09da8730a6cc44d0f": ["252", "net.zedge.android.activity.ControllerActivity"]}, {"3d10a18b004cb48edaf58206ef3a9c38": ["253", "net.zedge.android.activity.ControllerActivity"]}, {"3d10a18b004cb48edaf58206ef3a9c38": ["253", "net.zedge.android.activity.ControllerActivity"]}, {"c4723fd35d5036d09da8730a6cc44d0f": ["252", "net.zedge.android.activity.ControllerActivity"]}, {"3d10a18b004cb48edaf58206ef3a9c38": ["253", "net.zedge.android.activity.ControllerActivity"]}, {"3d10a18b004cb48edaf58206ef3a9c38": ["253", "net.zedge.android.activity.ControllerActivity"]}, {"3d10a18b004cb48edaf58206ef3a9c38": ["253", "net.zedge.android.activity.ControllerActivity"]}, {"3dc68f3e985a47300df9e7bfbbefecf2": ["216", "net.zedge.android.activity.ControllerActivity"]}, {"3dc68f3e985a47300df9e7bfbbefecf2": ["216", "net.zedge.android.activity.ControllerActivity"]}, {"3dc68f3e985a47300df9e7bfbbefecf2": ["216", "net.zedge.android.activity.ControllerActivity"]}, {"3dc68f3e985a47300df9e7bfbbefecf2": ["216", "net.zedge.android.activity.ControllerActivity"]}, {"bbb0234b384e13e353cc1384f702fca5": ["217", "net.zedge.android.activity.ControllerActivity"]}, {"bbb0234b384e13e353cc1384f702fca5": ["217", "net.zedge.android.activity.ControllerActivity"]}, {"bbb0234b384e13e353cc1384f702fca5": ["217", "net.zedge.android.activity.ControllerActivity"]}, {"bbb0234b384e13e353cc1384f702fca5": ["217", "net.zedge.android.activity.ControllerActivity"]}, {"bf4dc07d20a5b32e8fe048252bbfdc79": ["254", "net.zedge.android.activity.ControllerActivity"]}, {"bf4dc07d20a5b32e8fe048252bbfdc79": ["254", "net.zedge.android.activity.ControllerActivity"]}, {"bf4dc07d20a5b32e8fe048252bbfdc79": ["254", "net.zedge.android.activity.ControllerActivity"]}, {"bf4dc07d20a5b32e8fe048252bbfdc79": ["254", "net.zedge.android.activity.ControllerActivity"]}, {"bf4dc07d20a5b32e8fe048252bbfdc79": ["254", "net.zedge.android.activity.ControllerActivity"]}, {"3fd82a2b744f7833a73286dd028f825b": ["16", "net.zedge.android.activity.ControllerActivity"]}, {"642ed4abe64a7c9d8bf02235f907fdbc": ["255", "net.zedge.android.activity.ControllerActivity"]}, {"642ed4abe64a7c9d8bf02235f907fdbc": ["255", "net.zedge.android.activity.ControllerActivity"]}, {"642ed4abe64a7c9d8bf02235f907fdbc": ["255", "net.zedge.android.activity.ControllerActivity"]}, {"96d669192e5c392e1c0ad6d1dc942fea": ["256", "com.google.android.gms.ads.AdActivity"]}, {"96d669192e5c392e1c0ad6d1dc942fea": ["256", "com.google.android.gms.ads.AdActivity"]}, {"b3b28e59212912084c63871e1f85126e": ["10", "com.google.android.gms.ads.AdActivity"]}, {"b3b28e59212912084c63871e1f85126e": ["10", "com.google.android.gms.ads.AdActivity"]}, {"b3b28e59212912084c63871e1f85126e": ["10", "com.google.android.gms.ads.AdActivity"]}, {"b3b28e59212912084c63871e1f85126e": ["10", "com.google.android.gms.ads.AdActivity"]}, {"b3b28e59212912084c63871e1f85126e": ["10", "com.google.android.gms.ads.AdActivity"]}, {"b3b28e59212912084c63871e1f85126e": ["10", "com.google.android.gms.ads.AdActivity"]}, {"b3b28e59212912084c63871e1f85126e": ["10", "com.google.android.gms.ads.AdActivity"]}, {"b3b28e59212912084c63871e1f85126e": ["10", "com.google.android.gms.ads.AdActivity"]}, {"b3b28e59212912084c63871e1f85126e": ["10", "com.google.android.gms.ads.AdActivity"]}, {"b3b28e59212912084c63871e1f85126e": ["10", "com.google.android.gms.ads.AdActivity"]}, {"b3b28e59212912084c63871e1f85126e": ["10", "com.google.android.gms.ads.AdActivity"]}, {"b3b28e59212912084c63871e1f85126e": ["10", "com.google.android.gms.ads.AdActivity"]}, {"b3b28e59212912084c63871e1f85126e": ["10", "com.google.android.gms.ads.AdActivity"]}, {"b3b28e59212912084c63871e1f85126e": ["10", "com.google.android.gms.ads.AdActivity"]}, {"b3b28e59212912084c63871e1f85126e": ["10", "com.google.android.gms.ads.AdActivity"]}, {"b3b28e59212912084c63871e1f85126e": ["10", "com.google.android.gms.ads.AdActivity"]}, {"b3b28e59212912084c63871e1f85126e": ["10", "com.google.android.gms.ads.AdActivity"]}, {"b3b28e59212912084c63871e1f85126e": ["10", "com.google.android.gms.ads.AdActivity"]}, {"b3b28e59212912084c63871e1f85126e": ["10", "com.google.android.gms.ads.AdActivity"]}, {"b3b28e59212912084c63871e1f85126e": ["10", "com.google.android.gms.ads.AdActivity"]}, {"b3b28e59212912084c63871e1f85126e": ["10", "com.google.android.gms.ads.AdActivity"]}, {"b3b28e59212912084c63871e1f85126e": ["10", "com.google.android.gms.ads.AdActivity"]}, {"b3b28e59212912084c63871e1f85126e": ["10", "com.google.android.gms.ads.AdActivity"]}, {"b3b28e59212912084c63871e1f85126e": ["10", "com.google.android.gms.ads.AdActivity"]}, {"b3b28e59212912084c63871e1f85126e": ["10", "com.google.android.gms.ads.AdActivity"]}, {"b3b28e59212912084c63871e1f85126e": ["10", "com.google.android.gms.ads.AdActivity"]}, {"b3b28e59212912084c63871e1f85126e": ["10", "com.google.android.gms.ads.AdActivity"]}, {"b3b28e59212912084c63871e1f85126e": ["10", "com.google.android.gms.ads.AdActivity"]}, {"b3b28e59212912084c63871e1f85126e": ["10", "com.google.android.gms.ads.AdActivity"]}, {"b3b28e59212912084c63871e1f85126e": ["10", "com.google.android.gms.ads.AdActivity"]}, {"b3b28e59212912084c63871e1f85126e": ["10", "com.google.android.gms.ads.AdActivity"]}, {"b3b28e59212912084c63871e1f85126e": ["10", "com.google.android.gms.ads.AdActivity"]}, {"b3b28e59212912084c63871e1f85126e": ["10", "com.google.android.gms.ads.AdActivity"]}, {"b3b28e59212912084c63871e1f85126e": ["10", "com.google.android.gms.ads.AdActivity"]}, {"b3b28e59212912084c63871e1f85126e": ["10", "com.google.android.gms.ads.AdActivity"]}, {"b3b28e59212912084c63871e1f85126e": ["10", "com.google.android.gms.ads.AdActivity"]}, {"b3b28e59212912084c63871e1f85126e": ["10", "com.google.android.gms.ads.AdActivity"]}, {"b3b28e59212912084c63871e1f85126e": ["10", "com.google.android.gms.ads.AdActivity"]}, {"b3b28e59212912084c63871e1f85126e": ["10", "com.google.android.gms.ads.AdActivity"]}, {"b3b28e59212912084c63871e1f85126e": ["10", "com.google.android.gms.ads.AdActivity"]}, {"b3b28e59212912084c63871e1f85126e": ["10", "com.google.android.gms.ads.AdActivity"]}, {"b3b28e59212912084c63871e1f85126e": ["10", "com.google.android.gms.ads.AdActivity"]}, {"b3b28e59212912084c63871e1f85126e": ["10", "com.google.android.gms.ads.AdActivity"]}, {"b3b28e59212912084c63871e1f85126e": ["10", "com.google.android.gms.ads.AdActivity"]}, {"b3b28e59212912084c63871e1f85126e": ["10", "com.google.android.gms.ads.AdActivity"]}, {"b3b28e59212912084c63871e1f85126e": ["10", "com.google.android.gms.ads.AdActivity"]}, {"b3b28e59212912084c63871e1f85126e": ["10", "com.google.android.gms.ads.AdActivity"]}, {"b3b28e59212912084c63871e1f85126e": ["10", "com.google.android.gms.ads.AdActivity"]}, {"b3b28e59212912084c63871e1f85126e": ["10", "com.google.android.gms.ads.AdActivity"]}, {"b3b28e59212912084c63871e1f85126e": ["10", "com.google.android.gms.ads.AdActivity"]}, {"b3b28e59212912084c63871e1f85126e": ["10", "com.google.android.gms.ads.AdActivity"]}, {"b3b28e59212912084c63871e1f85126e": ["10", "com.google.android.gms.ads.AdActivity"]}, {"b3b28e59212912084c63871e1f85126e": ["10", "com.google.android.gms.ads.AdActivity"]}, {"b3b28e59212912084c63871e1f85126e": ["10", "com.google.android.gms.ads.AdActivity"]}, {"b3b28e59212912084c63871e1f85126e": ["10", "com.google.android.gms.ads.AdActivity"]}, {"b3b28e59212912084c63871e1f85126e": ["10", "com.google.android.gms.ads.AdActivity"]}, {"b3b28e59212912084c63871e1f85126e": ["10", "com.google.android.gms.ads.AdActivity"]}, {"b3b28e59212912084c63871e1f85126e": ["10", "com.google.android.gms.ads.AdActivity"]}, {"b3b28e59212912084c63871e1f85126e": ["10", "com.google.android.gms.ads.AdActivity"]}, {"b3b28e59212912084c63871e1f85126e": ["10", "com.google.android.gms.ads.AdActivity"]}, {"b3b28e59212912084c63871e1f85126e": ["10", "com.google.android.gms.ads.AdActivity"]}, {"b3b28e59212912084c63871e1f85126e": ["10", "com.google.android.gms.ads.AdActivity"]}, {"b3b28e59212912084c63871e1f85126e": ["10", "com.google.android.gms.ads.AdActivity"]}, {"b3b28e59212912084c63871e1f85126e": ["10", "com.google.android.gms.ads.AdActivity"]}, {"b3b28e59212912084c63871e1f85126e": ["10", "com.google.android.gms.ads.AdActivity"]}, {"b3b28e59212912084c63871e1f85126e": ["10", "com.google.android.gms.ads.AdActivity"]}, {"b3b28e59212912084c63871e1f85126e": ["10", "com.google.android.gms.ads.AdActivity"]}, {"b3b28e59212912084c63871e1f85126e": ["10", "com.google.android.gms.ads.AdActivity"]}, {"b3b28e59212912084c63871e1f85126e": ["10", "com.google.android.gms.ads.AdActivity"]}, {"b3b28e59212912084c63871e1f85126e": ["10", "com.google.android.gms.ads.AdActivity"]}, {"b3b28e59212912084c63871e1f85126e": ["10", "com.google.android.gms.ads.AdActivity"]}, {"b3b28e59212912084c63871e1f85126e": ["10", "com.google.android.gms.ads.AdActivity"]}, {"b3b28e59212912084c63871e1f85126e": ["10", "com.google.android.gms.ads.AdActivity"]}, {"b3b28e59212912084c63871e1f85126e": ["10", "com.google.android.gms.ads.AdActivity"]}, {"b3b28e59212912084c63871e1f85126e": ["10", "com.google.android.gms.ads.AdActivity"]}, {"b3b28e59212912084c63871e1f85126e": ["10", "com.google.android.gms.ads.AdActivity"]}, {"b3b28e59212912084c63871e1f85126e": ["10", "com.google.android.gms.ads.AdActivity"]}, {"b3b28e59212912084c63871e1f85126e": ["10", "com.google.android.gms.ads.AdActivity"]}, {"b3b28e59212912084c63871e1f85126e": ["10", "com.google.android.gms.ads.AdActivity"]}, {"b3b28e59212912084c63871e1f85126e": ["10", "com.google.android.gms.ads.AdActivity"]}, {"b3b28e59212912084c63871e1f85126e": ["10", "com.google.android.gms.ads.AdActivity"]}, {"b3b28e59212912084c63871e1f85126e": ["10", "com.google.android.gms.ads.AdActivity"]}, {"b3b28e59212912084c63871e1f85126e": ["10", "com.google.android.gms.ads.AdActivity"]}, {"b3b28e59212912084c63871e1f85126e": ["10", "com.google.android.gms.ads.AdActivity"]}, {"b3b28e59212912084c63871e1f85126e": ["10", "com.google.android.gms.ads.AdActivity"]}, {"b3b28e59212912084c63871e1f85126e": ["10", "com.google.android.gms.ads.AdActivity"]}, {"b3b28e59212912084c63871e1f85126e": ["10", "com.google.android.gms.ads.AdActivity"]}, {"b3b28e59212912084c63871e1f85126e": ["10", "com.google.android.gms.ads.AdActivity"]}, {"b3b28e59212912084c63871e1f85126e": ["10", "com.google.android.gms.ads.AdActivity"]}, {"b3b28e59212912084c63871e1f85126e": ["10", "com.google.android.gms.ads.AdActivity"]}, {"b3b28e59212912084c63871e1f85126e": ["10", "com.google.android.gms.ads.AdActivity"]}, {"b3b28e59212912084c63871e1f85126e": ["10", "com.google.android.gms.ads.AdActivity"]}, {"b3b28e59212912084c63871e1f85126e": ["10", "com.google.android.gms.ads.AdActivity"]}, {"b3b28e59212912084c63871e1f85126e": ["10", "com.google.android.gms.ads.AdActivity"]}, {"b3b28e59212912084c63871e1f85126e": ["10", "com.google.android.gms.ads.AdActivity"]}, {"b3b28e59212912084c63871e1f85126e": ["10", "com.google.android.gms.ads.AdActivity"]}, {"b3b28e59212912084c63871e1f85126e": ["10", "com.google.android.gms.ads.AdActivity"]}, {"b3b28e59212912084c63871e1f85126e": ["10", "com.google.android.gms.ads.AdActivity"]}, {"b3b28e59212912084c63871e1f85126e": ["10", "com.google.android.gms.ads.AdActivity"]}, {"b3b28e59212912084c63871e1f85126e": ["10", "com.google.android.gms.ads.AdActivity"]}, {"b3b28e59212912084c63871e1f85126e": ["10", "com.google.android.gms.ads.AdActivity"]}, {"b3b28e59212912084c63871e1f85126e": ["10", "com.google.android.gms.ads.AdActivity"]}, {"95fe1145cba6d2c952b296f45ea0e345": ["257", "net.zedge.android.activity.ControllerActivity"]}, {"95fe1145cba6d2c952b296f45ea0e345": ["257", "net.zedge.android.activity.ControllerActivity"]}, {"e3be8a60c058d28a83883c22ebec4261": ["258", "net.zedge.android.activity.ControllerActivity"]}, {"0ab7c7beaa6a9e3fdbe62fe552ed8c2c": ["19", "net.zedge.android.activity.ControllerActivity"]}, {"3fd82a2b744f7833a73286dd028f825b": ["16", "net.zedge.android.activity.ControllerActivity"]}, {"3fd82a2b744f7833a73286dd028f825b": ["16", "net.zedge.android.activity.ControllerActivity"]}, {"a8fb4eae432f94055f598f23305da40c": ["259", "net.zedge.android.activity.ControllerActivity"]}, {"188ab1d5d0b16ccaac0680fc378c5f14": ["51", "net.zedge.android.activity.ControllerActivity"]}, {"3fd82a2b744f7833a73286dd028f825b": ["16", "net.zedge.android.activity.ControllerActivity"]}, {"188ab1d5d0b16ccaac0680fc378c5f14": ["51", "net.zedge.android.activity.ControllerActivity"]}, {"188ab1d5d0b16ccaac0680fc378c5f14": ["51", "net.zedge.android.activity.ControllerActivity"]}, {"a8fb4eae432f94055f598f23305da40c": ["259", "net.zedge.android.activity.ControllerActivity"]}, {"a8fb4eae432f94055f598f23305da40c": ["259", "net.zedge.android.activity.ControllerActivity"]}, {"a8fb4eae432f94055f598f23305da40c": ["259", "net.zedge.android.activity.ControllerActivity"]}, {"3fd82a2b744f7833a73286dd028f825b": ["16", "net.zedge.android.activity.ControllerActivity"]}, {"a8fb4eae432f94055f598f23305da40c": ["259", "net.zedge.android.activity.ControllerActivity"]}, {"cf3669de65d95dbf0bb13378777cbf0e": ["260", "net.zedge.android.activity.ControllerActivity"]}, {"cf3669de65d95dbf0bb13378777cbf0e": ["260", "net.zedge.android.activity.ControllerActivity"]}, {"cf3669de65d95dbf0bb13378777cbf0e": ["260", "net.zedge.android.activity.ControllerActivity"]}, {"cf3669de65d95dbf0bb13378777cbf0e": ["260", "net.zedge.android.activity.ControllerActivity"]}, {"cf3669de65d95dbf0bb13378777cbf0e": ["260", "net.zedge.android.activity.ControllerActivity"]}, {"3fd82a2b744f7833a73286dd028f825b": ["16", "net.zedge.android.activity.ControllerActivity"]}, {"aca3c01c76eaac85bfffe38fcb8ec4b2": ["43", "net.zedge.android.activity.ControllerActivity"]}, {"aca3c01c76eaac85bfffe38fcb8ec4b2": ["43", "net.zedge.android.activity.ControllerActivity"]}, {"aca3c01c76eaac85bfffe38fcb8ec4b2": ["43", "net.zedge.android.activity.ControllerActivity"]}, {"aca3c01c76eaac85bfffe38fcb8ec4b2": ["43", "net.zedge.android.activity.ControllerActivity"]}, {"aca3c01c76eaac85bfffe38fcb8ec4b2": ["43", "net.zedge.android.activity.ControllerActivity"]}, {"3fd82a2b744f7833a73286dd028f825b": ["16", "net.zedge.android.activity.ControllerActivity"]}, {"3fd82a2b744f7833a73286dd028f825b": ["16", "net.zedge.android.activity.ControllerActivity"]}, {"3fd82a2b744f7833a73286dd028f825b": ["16", "net.zedge.android.activity.ControllerActivity"]}, {"a8fb4eae432f94055f598f23305da40c": ["259", "net.zedge.android.activity.ControllerActivity"]}, {"054f84355841d3136a5af99ce08bdc2b": ["261", "net.zedge.android.activity.ControllerActivity"]}, {"3fd82a2b744f7833a73286dd028f825b": ["16", "net.zedge.android.activity.ControllerActivity"]}, {"054f84355841d3136a5af99ce08bdc2b": ["261", "net.zedge.android.activity.ControllerActivity"]}, {"27deb8e30909a28182e316db02a142ac": ["124", "net.zedge.android.activity.ControllerActivity"]}, {"188ab1d5d0b16ccaac0680fc378c5f14": ["51", "net.zedge.android.activity.ControllerActivity"]}, {"188ab1d5d0b16ccaac0680fc378c5f14": ["51", "net.zedge.android.activity.ControllerActivity"]}, {"51d2f5f973e4fd355fc0a957d1020065": ["262", "net.zedge.android.activity.ControllerActivity"]}, {"188ab1d5d0b16ccaac0680fc378c5f14": ["51", "net.zedge.android.activity.ControllerActivity"]}, {"3fd82a2b744f7833a73286dd028f825b": ["16", "net.zedge.android.activity.ControllerActivity"]}, {"3fd82a2b744f7833a73286dd028f825b": ["16", "net.zedge.android.activity.ControllerActivity"]}, {"3fd82a2b744f7833a73286dd028f825b": ["16", "net.zedge.android.activity.ControllerActivity"]}, {"3fd82a2b744f7833a73286dd028f825b": ["16", "net.zedge.android.activity.ControllerActivity"]}, {"3fd82a2b744f7833a73286dd028f825b": ["16", "net.zedge.android.activity.ControllerActivity"]}, {"a8fb4eae432f94055f598f23305da40c": ["259", "net.zedge.android.activity.ControllerActivity"]}, {"3fd82a2b744f7833a73286dd028f825b": ["16", "net.zedge.android.activity.ControllerActivity"]}, {"3fd82a2b744f7833a73286dd028f825b": ["16", "net.zedge.android.activity.ControllerActivity"]}, {"3fd82a2b744f7833a73286dd028f825b": ["16", "net.zedge.android.activity.ControllerActivity"]}, {"3fd82a2b744f7833a73286dd028f825b": ["16", "net.zedge.android.activity.ControllerActivity"]}, {"a8fb4eae432f94055f598f23305da40c": ["259", "net.zedge.android.activity.ControllerActivity"]}, {"95fe1145cba6d2c952b296f45ea0e345": ["257", "net.zedge.android.activity.ControllerActivity"]}, {"5a055613a4fc93e0aa12c2ed93b8e8bc": ["263", "net.zedge.android.activity.ControllerActivity"]}, {"5a055613a4fc93e0aa12c2ed93b8e8bc": ["263", "net.zedge.android.activity.ControllerActivity"]}, {"a8fb4eae432f94055f598f23305da40c": ["259", "net.zedge.android.activity.ControllerActivity"]}, {"cd09d4726dcb3bc32efa75b4d073ba50": ["157", "net.zedge.android.activity.ControllerActivity"]}, {"cd09d4726dcb3bc32efa75b4d073ba50": ["157", "net.zedge.android.activity.ControllerActivity"]}, {"a8fb4eae432f94055f598f23305da40c": ["259", "net.zedge.android.activity.ControllerActivity"]}, {"cd09d4726dcb3bc32efa75b4d073ba50": ["157", "net.zedge.android.activity.ControllerActivity"]}, {"cd09d4726dcb3bc32efa75b4d073ba50": ["157", "net.zedge.android.activity.ControllerActivity"]}, {"cd09d4726dcb3bc32efa75b4d073ba50": ["157", "net.zedge.android.activity.ControllerActivity"]}, {"cd09d4726dcb3bc32efa75b4d073ba50": ["157", "net.zedge.android.activity.ControllerActivity"]}, {"cd09d4726dcb3bc32efa75b4d073ba50": ["157", "net.zedge.android.activity.ControllerActivity"]}, {"cd09d4726dcb3bc32efa75b4d073ba50": ["157", "net.zedge.android.activity.ControllerActivity"]}, {"cd09d4726dcb3bc32efa75b4d073ba50": ["157", "net.zedge.android.activity.ControllerActivity"]}, {"cd09d4726dcb3bc32efa75b4d073ba50": ["157", "net.zedge.android.activity.ControllerActivity"]}, {"cd09d4726dcb3bc32efa75b4d073ba50": ["157", "net.zedge.android.activity.ControllerActivity"]}, {"cd09d4726dcb3bc32efa75b4d073ba50": ["157", "net.zedge.android.activity.ControllerActivity"]}, {"cd09d4726dcb3bc32efa75b4d073ba50": ["157", "net.zedge.android.activity.ControllerActivity"]}, {"cd09d4726dcb3bc32efa75b4d073ba50": ["157", "net.zedge.android.activity.ControllerActivity"]}, {"cd09d4726dcb3bc32efa75b4d073ba50": ["157", "net.zedge.android.activity.ControllerActivity"]}, {"cd09d4726dcb3bc32efa75b4d073ba50": ["157", "net.zedge.android.activity.ControllerActivity"]}, {"cd09d4726dcb3bc32efa75b4d073ba50": ["157", "net.zedge.android.activity.ControllerActivity"]}, {"cd09d4726dcb3bc32efa75b4d073ba50": ["157", "net.zedge.android.activity.ControllerActivity"]}, {"cd09d4726dcb3bc32efa75b4d073ba50": ["157", "net.zedge.android.activity.ControllerActivity"]}, {"cd09d4726dcb3bc32efa75b4d073ba50": ["157", "net.zedge.android.activity.ControllerActivity"]}, {"cd09d4726dcb3bc32efa75b4d073ba50": ["157", "net.zedge.android.activity.ControllerActivity"]}, {"3fd82a2b744f7833a73286dd028f825b": ["16", "net.zedge.android.activity.ControllerActivity"]}, {"aca3c01c76eaac85bfffe38fcb8ec4b2": ["43", "net.zedge.android.activity.ControllerActivity"]}, {"a8fb4eae432f94055f598f23305da40c": ["259", "net.zedge.android.activity.ControllerActivity"]}, {"95fe1145cba6d2c952b296f45ea0e345": ["257", "net.zedge.android.activity.ControllerActivity"]}, {"c4fbe1ee6decce490e719ce41f5ecdf7": ["264", "net.zedge.android.activity.ControllerActivity"]}, {"c4fbe1ee6decce490e719ce41f5ecdf7": ["264", "net.zedge.android.activity.ControllerActivity"]}, {"db2fb10a2e92d6ab3126aee71602bf82": ["265", "com.google.android.gms.ads.AdActivity"]}, {"db2fb10a2e92d6ab3126aee71602bf82": ["265", "com.google.android.gms.ads.AdActivity"]}, {"db2fb10a2e92d6ab3126aee71602bf82": ["265", "com.google.android.gms.ads.AdActivity"]}, {"db2fb10a2e92d6ab3126aee71602bf82": ["265", "com.google.android.gms.ads.AdActivity"]}, {"db2fb10a2e92d6ab3126aee71602bf82": ["265", "com.google.android.gms.ads.AdActivity"]}, {"db2fb10a2e92d6ab3126aee71602bf82": ["265", "com.google.android.gms.ads.AdActivity"]}, {"db2fb10a2e92d6ab3126aee71602bf82": ["265", "com.google.android.gms.ads.AdActivity"]}, {"db2fb10a2e92d6ab3126aee71602bf82": ["265", "com.google.android.gms.ads.AdActivity"]}, {"db2fb10a2e92d6ab3126aee71602bf82": ["265", "com.google.android.gms.ads.AdActivity"]}, {"db2fb10a2e92d6ab3126aee71602bf82": ["265", "com.google.android.gms.ads.AdActivity"]}, {"db2fb10a2e92d6ab3126aee71602bf82": ["265", "com.google.android.gms.ads.AdActivity"]}, {"db2fb10a2e92d6ab3126aee71602bf82": ["265", "com.google.android.gms.ads.AdActivity"]}, {"db2fb10a2e92d6ab3126aee71602bf82": ["265", "com.google.android.gms.ads.AdActivity"]}, {"db2fb10a2e92d6ab3126aee71602bf82": ["265", "com.google.android.gms.ads.AdActivity"]}, {"db2fb10a2e92d6ab3126aee71602bf82": ["265", "com.google.android.gms.ads.AdActivity"]}, {"db2fb10a2e92d6ab3126aee71602bf82": ["265", "com.google.android.gms.ads.AdActivity"]}, {"db2fb10a2e92d6ab3126aee71602bf82": ["265", "com.google.android.gms.ads.AdActivity"]}, {"db2fb10a2e92d6ab3126aee71602bf82": ["265", "com.google.android.gms.ads.AdActivity"]}, {"db2fb10a2e92d6ab3126aee71602bf82": ["265", "com.google.android.gms.ads.AdActivity"]}, {"db2fb10a2e92d6ab3126aee71602bf82": ["265", "com.google.android.gms.ads.AdActivity"]}, {"db2fb10a2e92d6ab3126aee71602bf82": ["265", "com.google.android.gms.ads.AdActivity"]}, {"db2fb10a2e92d6ab3126aee71602bf82": ["265", "com.google.android.gms.ads.AdActivity"]}, {"db2fb10a2e92d6ab3126aee71602bf82": ["265", "com.google.android.gms.ads.AdActivity"]}, {"db2fb10a2e92d6ab3126aee71602bf82": ["265", "com.google.android.gms.ads.AdActivity"]}, {"db2fb10a2e92d6ab3126aee71602bf82": ["265", "com.google.android.gms.ads.AdActivity"]}, {"db2fb10a2e92d6ab3126aee71602bf82": ["265", "com.google.android.gms.ads.AdActivity"]}, {"db2fb10a2e92d6ab3126aee71602bf82": ["265", "com.google.android.gms.ads.AdActivity"]}, {"db2fb10a2e92d6ab3126aee71602bf82": ["265", "com.google.android.gms.ads.AdActivity"]}, {"db2fb10a2e92d6ab3126aee71602bf82": ["265", "com.google.android.gms.ads.AdActivity"]}, {"db2fb10a2e92d6ab3126aee71602bf82": ["265", "com.google.android.gms.ads.AdActivity"]}, {"db2fb10a2e92d6ab3126aee71602bf82": ["265", "com.google.android.gms.ads.AdActivity"]}, {"db2fb10a2e92d6ab3126aee71602bf82": ["265", "com.google.android.gms.ads.AdActivity"]}, {"db2fb10a2e92d6ab3126aee71602bf82": ["265", "com.google.android.gms.ads.AdActivity"]}, {"db2fb10a2e92d6ab3126aee71602bf82": ["265", "com.google.android.gms.ads.AdActivity"]}, {"db2fb10a2e92d6ab3126aee71602bf82": ["265", "com.google.android.gms.ads.AdActivity"]}, {"db2fb10a2e92d6ab3126aee71602bf82": ["265", "com.google.android.gms.ads.AdActivity"]}, {"db2fb10a2e92d6ab3126aee71602bf82": ["265", "com.google.android.gms.ads.AdActivity"]}, {"db2fb10a2e92d6ab3126aee71602bf82": ["265", "com.google.android.gms.ads.AdActivity"]}, {"db2fb10a2e92d6ab3126aee71602bf82": ["265", "com.google.android.gms.ads.AdActivity"]}, {"db2fb10a2e92d6ab3126aee71602bf82": ["265", "com.google.android.gms.ads.AdActivity"]}, {"db2fb10a2e92d6ab3126aee71602bf82": ["265", "com.google.android.gms.ads.AdActivity"]}, {"db2fb10a2e92d6ab3126aee71602bf82": ["265", "com.google.android.gms.ads.AdActivity"]}, {"db2fb10a2e92d6ab3126aee71602bf82": ["265", "com.google.android.gms.ads.AdActivity"]}, {"db2fb10a2e92d6ab3126aee71602bf82": ["265", "com.google.android.gms.ads.AdActivity"]}, {"db2fb10a2e92d6ab3126aee71602bf82": ["265", "com.google.android.gms.ads.AdActivity"]}, {"db2fb10a2e92d6ab3126aee71602bf82": ["265", "com.google.android.gms.ads.AdActivity"]}, {"db2fb10a2e92d6ab3126aee71602bf82": ["265", "com.google.android.gms.ads.AdActivity"]}, {"db2fb10a2e92d6ab3126aee71602bf82": ["265", "com.google.android.gms.ads.AdActivity"]}, {"db2fb10a2e92d6ab3126aee71602bf82": ["265", "com.google.android.gms.ads.AdActivity"]}, {"db2fb10a2e92d6ab3126aee71602bf82": ["265", "com.google.android.gms.ads.AdActivity"]}, {"db2fb10a2e92d6ab3126aee71602bf82": ["265", "com.google.android.gms.ads.AdActivity"]}, {"db2fb10a2e92d6ab3126aee71602bf82": ["265", "com.google.android.gms.ads.AdActivity"]}, {"db2fb10a2e92d6ab3126aee71602bf82": ["265", "com.google.android.gms.ads.AdActivity"]}, {"db2fb10a2e92d6ab3126aee71602bf82": ["265", "com.google.android.gms.ads.AdActivity"]}, {"db2fb10a2e92d6ab3126aee71602bf82": ["265", "com.google.android.gms.ads.AdActivity"]}, {"db2fb10a2e92d6ab3126aee71602bf82": ["265", "com.google.android.gms.ads.AdActivity"]}, {"db2fb10a2e92d6ab3126aee71602bf82": ["265", "com.google.android.gms.ads.AdActivity"]}, {"db2fb10a2e92d6ab3126aee71602bf82": ["265", "com.google.android.gms.ads.AdActivity"]}, {"db2fb10a2e92d6ab3126aee71602bf82": ["265", "com.google.android.gms.ads.AdActivity"]}, {"db2fb10a2e92d6ab3126aee71602bf82": ["265", "com.google.android.gms.ads.AdActivity"]}, {"db2fb10a2e92d6ab3126aee71602bf82": ["265", "com.google.android.gms.ads.AdActivity"]}, {"db2fb10a2e92d6ab3126aee71602bf82": ["265", "com.google.android.gms.ads.AdActivity"]}, {"db2fb10a2e92d6ab3126aee71602bf82": ["265", "com.google.android.gms.ads.AdActivity"]}, {"db2fb10a2e92d6ab3126aee71602bf82": ["265", "com.google.android.gms.ads.AdActivity"]}, {"db2fb10a2e92d6ab3126aee71602bf82": ["265", "com.google.android.gms.ads.AdActivity"]}, {"db2fb10a2e92d6ab3126aee71602bf82": ["265", "com.google.android.gms.ads.AdActivity"]}, {"db2fb10a2e92d6ab3126aee71602bf82": ["265", "com.google.android.gms.ads.AdActivity"]}, {"db2fb10a2e92d6ab3126aee71602bf82": ["265", "com.google.android.gms.ads.AdActivity"]}, {"db2fb10a2e92d6ab3126aee71602bf82": ["265", "com.google.android.gms.ads.AdActivity"]}, {"db2fb10a2e92d6ab3126aee71602bf82": ["265", "com.google.android.gms.ads.AdActivity"]}, {"db2fb10a2e92d6ab3126aee71602bf82": ["265", "com.google.android.gms.ads.AdActivity"]}, {"db2fb10a2e92d6ab3126aee71602bf82": ["265", "com.google.android.gms.ads.AdActivity"]}, {"db2fb10a2e92d6ab3126aee71602bf82": ["265", "com.google.android.gms.ads.AdActivity"]}, {"db2fb10a2e92d6ab3126aee71602bf82": ["265", "com.google.android.gms.ads.AdActivity"]}, {"db2fb10a2e92d6ab3126aee71602bf82": ["265", "com.google.android.gms.ads.AdActivity"]}, {"db2fb10a2e92d6ab3126aee71602bf82": ["265", "com.google.android.gms.ads.AdActivity"]}, {"db2fb10a2e92d6ab3126aee71602bf82": ["265", "com.google.android.gms.ads.AdActivity"]}, {"db2fb10a2e92d6ab3126aee71602bf82": ["265", "com.google.android.gms.ads.AdActivity"]}]