{"state_map": {"0": "df380542c22da1a4d8a4f027dea47c49", "1": "20d8404f739711b1c030202aa6e833de", "2": "8902546a05af2abbbb1766917d356600", "3": "589aa7d0c79d962055f0c9ae0b16e574", "4": "feb8d1a4018ce11917c624fd39d2f52a", "5": "e86415af73ec072dc26078cb9b62e83a", "6": "c7eef64be445582c6ce42aebd5ed4954", "7": "183158f9c92150c8919da452db21da07", "8": "c04947c394cfa39da5e621b254d0e43b", "9": "3b8478364dddd9ff7ed5c00debf30121", "10": "b157d3e87b7fb98edf90b2e7145e2b50", "11": "79706b645dddada8ba83957eeceaf890", "12": "069bf037bb276a96b3ae69e82a38217d", "13": "b7213b42caed2efd964a1105c97eb5f5", "14": "acc8217d3721cbda5fb71833046e7c3a", "15": "c628559cded1ffb989ed24fb906bc789", "16": "059fdc3807fb0490ba7b6e82f80bd74c", "17": "54841e0a3be9f7d12a9ee70b5dc06109", "18": "b74f2117280ca9d497d2fe865ba92e7e", "19": "ed8996ac1c0c20d9e7eb62e02894e1c9", "20": "9b99aeaa823c002ae8cb34f1cbe9254f", "21": "8e996c9690f183d5870d19fd4a8ab3ec", "22": "18dff56f7b1e13e084ef18d416f06c92", "23": "f2088fdea102793e1da62e38e571122a", "24": "faccaba10c5e686d3a849158ac2505c9", "25": "7394033d312b300cf90307afdd3f8fbc", "26": "4ab664da7ae3d9285139a95d47300b0a", "27": "5fde9d7624598d325eeeb74ba84ea1b0", "28": "f037af33d3c14c8e34d2ca7853345573", "29": "228f8f25873cd218a72921191f451533", "30": "f192eb7dae9fce0cfcc210ebd1c0e820", "31": "756fe448762ea28ded452a2d083febdf", "32": "bda7b212a10597c14f5ee5d3ff51a9ee", "33": "aa037c6076d4243fca0e8018b35d157a", "34": "8265b78ba3e842977697205b74753470", "35": "0e98a14bee65f112513c2c3dfa64c526", "36": "49a19e0ff9efcb4a301441c2f0e591f3", "37": "458e6abb12722b37470647657408b67d", "38": "1eb24cf500c907b7292b13e3c75469d6", "39": "caebb52ca941bf0cd2f4049052f78996", "40": "091667330505bc31db9d9c8d9fc915a2", "41": "2d286a117110c38a32e87337ac7d9a3a", "42": "860de55568417bf9d658eab8fa187edf", "43": "b48ef41a4dea46656bedd6213b412be8", "44": "a0dffdae1b97f43b57a544cb214ccead", "45": "77f8f699215d9590f410777e513b6cd5", "46": "49af273eb7376dd9230edbd73a28a90a", "47": "92e4c75bb0b36792dcb991eb7bdf5935", "48": "77e23131068fccf755f0b3d94312940e", "49": "36ef8327a8b4be658b95a35df991010c", "50": "1bc434060461f49f0479b5a7d83310c4", "51": "e3754c7e552ad4d0a3f0c4c5c4d034f7", "52": "192df43ec7222d294de7e930393a010d", "53": "de60a7e5dc4f757718e6cb186d30757f", "54": "96ba78dc5fb35e53da11c8a2863af42d"}, "act_map": {"0": "com.fsck.k9.activity.Accounts", "1": "com.fsck.k9.activity.setup.AccountSetupBasics", "2": "com.fsck.k9.activity.setup.AccountSetupAccountType", "3": "com.fsck.k9.activity.setup.AccountSetupIncoming", "4": "com.fsck.k9.activity.setup.AccountSetupIncoming", "5": "com.fsck.k9.activity.setup.AccountSetupCheckSettings", "6": "com.fsck.k9.activity.setup.AccountSetupOutgoing", "7": "com.fsck.k9.activity.setup.AccountSetupOutgoing", "8": "com.fsck.k9.activity.setup.AccountSetupOutgoing", "9": "com.fsck.k9.activity.setup.AccountSetupIncoming", "10": "com.fsck.k9.activity.setup.AccountSetupIncoming", "11": "com.fsck.k9.activity.setup.AccountSetupIncoming", "12": "com.fsck.k9.activity.setup.AccountSetupIncoming", "13": "com.fsck.k9.activity.setup.AccountSetupOptions", "14": "com.fsck.k9.activity.setup.AccountSetupOptions", "15": "com.fsck.k9.activity.setup.AccountSetupOptions", "16": "com.fsck.k9.activity.setup.AccountSetupNames", "17": "com.fsck.k9.activity.MessageList", "18": "com.fsck.k9.activity.Accounts", "19": "com.fsck.k9.activity.FolderList", "20": "com.fsck.k9.activity.setup.Prefs", "21": "com.fsck.k9.activity.setup.Prefs", "22": "com.fsck.k9.activity.setup.Prefs", "23": "com.fsck.k9.activity.setup.Prefs", "24": "com.fsck.k9.activity.setup.Prefs", "25": "com.fsck.k9.activity.setup.Prefs", "26": "com.fsck.k9.activity.Accounts", "27": "com.fsck.k9.activity.setup.Prefs", "28": "com.fsck.k9.activity.setup.Prefs", "29": "com.fsck.k9.activity.setup.Prefs", "30": "com.fsck.k9.activity.setup.Prefs", "31": "com.fsck.k9.activity.setup.Prefs", "32": "com.fsck.k9.activity.setup.Prefs", "33": "com.fsck.k9.activity.setup.FontSizeSettings", "34": "com.fsck.k9.activity.setup.FontSizeSettings", "35": "com.fsck.k9.activity.setup.FontSizeSettings", "36": "com.fsck.k9.activity.setup.FontSizeSettings", "37": "com.fsck.k9.activity.setup.FontSizeSettings", "38": "com.fsck.k9.activity.setup.FontSizeSettings", "39": "com.fsck.k9.activity.setup.Prefs", "40": "com.fsck.k9.activity.setup.Prefs", "41": "com.fsck.k9.activity.setup.Prefs", "42": "com.fsck.k9.activity.setup.Prefs", "43": "com.fsck.k9.activity.setup.Prefs", "44": "com.fsck.k9.activity.Accounts", "45": "com.fsck.k9.activity.Accounts", "46": "com.fsck.k9.activity.setup.Prefs", "47": "com.fsck.k9.activity.setup.FontSizeSettings", "48": "com.fsck.k9.activity.setup.Prefs", "49": "com.fsck.k9.activity.setup.AccountSetupCheckSettings", "50": "com.fsck.k9.activity.setup.AccountSetupOutgoing", "51": "com.fsck.k9.activity.setup.AccountSetupIncoming", "52": "com.fsck.k9.activity.MessageList", "53": "com.fsck.k9.activity.FolderList", "54": "com.fsck.k9.activity.Accounts"}, "state_num": 55, "transition": [[0, 1, 0.03130353230256027], [0, 2, 0.03130353230256027], [0, 3, 0.010720387774849406], [0, 4, 0.04179697036407024], [0, 7, 0.04601669773566779], [0, 5, 0.06237100304372729], [0, 11, 0.010720387774849406], [0, 20, 0.03130353230256027], [0, 26, 0.03175650643389193], [0, 24, 0.03130353230256027], [0, 43, 0.03130353230256027], [0, 21, 0.03130353230256027], [0, 29, 0.03130353230256027], [0, 25, 0.020583144527710862], [0, 35, 0.032772266607181126], [0, 34, 0.03130353230256027], [0, 38, 0.03130353230256027], [0, 22, 0.03130353230256027], [0, 44, 0.03175650643389193], [0, 27, 0.03130353230256027], [0, 42, 0.03130353230256027], [0, 33, 0.03130353230256027], [0, 23, 0.01726538987815239], [0, 28, 0.01218912207947026], [0, 32, 0.020583144527710862], [0, 36, 0.03130353230256027], [0, 37, 0.020583144527710862], [0, 6, 0.03130353230256027], [0, 8, 0.04179697036407024], [0, 12, 0.010720387774849406], [0, 9, 0.010720387774849406], [0, 54, 0.010612825355703763], [0, 0, 0.09748177248323865], [1, 0, 0.5120159522124198], [1, 2, 0.13340987172625726], [1, 54, 0.0546415068280303], [1, 26, 0.0546415068280303], [1, 1, 0.24529116240526214], [2, 1, 0.0908146731100055], [2, 0, 0.25013740872134943], [2, 3, 0.07966136780567196], [2, 4, 0.23898410341701587], [2, 9, 0.07966136780567196], [2, 10, 0.07966136780567196], [2, 12, 0.07966136780567196], [2, 2, 0.10141834352894151], [3, 2, 0.012926439447979913], [3, 4, 0.4175140418915802], [3, 0, 0.29695650815055297], [3, 5, 0.15506134543667174], [3, 3, 0.11754166507321512], [4, 3, 0.11079517904580848], [4, 2, 0.007038416364180585], [4, 0, 0.11079517904580848], [4, 5, 0.12318213558416825], [4, 9, 0.11079517904580848], [4, 10, 0.13396879280316196], [4, 11, 0.11079517904580848], [4, 12, 0.11079517904580848], [4, 49, 0.007038416364180585], [4, 51, 0.11079517904580848], [4, 4, 0.06400116460945776], [5, 3, 0.06297034170707756], [5, 4, 0.06391270694898309], [5, 6, 0.11475811397978354], [5, 11, 0.06297034170707756], [5, 0, 0.10863078916449148], [5, 12, 0.006127324815292057], [5, 13, 0.056843016891785496], [5, 15, 0.056843016891785496], [5, 50, 0.11475811397978354], [5, 8, 0.11368603378357099], [5, 9, 0.06297034170707756], [5, 51, 0.006127324815292057], [5, 10, 0.056843016891785496], [5, 44, 0.056843016891785496], [5, 5, 0.055716499824428514], [6, 5, 0.07117610785161432], [6, 7, 0.31837865947740746], [6, 8, 0.2325475123499424], [6, 0, 0.20284782917081445], [6, 50, 0.09140882732205823], [6, 6, 0.08364106382816315], [7, 6, 0.2339127009924781], [7, 8, 0.2408557428244219], [7, 0, 0.22681949661664483], [7, 49, 0.2339127009924781], [7, 7, 0.06449935857397719], [8, 7, 0.20433402305774762], [8, 6, 0.16898879355505522], [8, 49, 0.1582535476701303], [8, 0, 0.16898879355505522], [8, 50, 0.16898879355505522], [8, 5, 0.03282916954582795], [8, 8, 0.0976168790611285], [9, 4, 0.2390202952002348], [9, 10, 0.2630308158360285], [9, 2, 0.01037791482118285], [9, 11, 0.07282805504913277], [9, 5, 0.05166202139270366], [9, 0, 0.1655817065549366], [9, 49, 0.10313156632698668], [9, 9, 0.0943676248187942], [10, 9, 0.2916743609790839], [10, 4, 0.3003318955250527], [10, 11, 0.2916743609790839], [10, 2, 0.008844777751857711], [10, 5, 0.02704797929394931], [10, 10, 0.0804266254709724], [11, 10, 0.3399493837378866], [11, 5, 0.22250110667584166], [11, 4, 0.20860380762788142], [11, 0, 0.04173400480643296], [11, 9, 0.01854844658063687], [11, 11, 0.16866325057132076], [12, 4, 0.5150041439705506], [12, 5, 0.07146829633853896], [12, 0, 0.12027240201087075], [12, 2, 0.017138680177107662], [12, 49, 0.12027240201087075], [12, 12, 0.15584407549206125], [13, 5, 0.09484920452183046], [13, 14, 0.33413487195561953], [13, 15, 0.2889837108609774], [13, 13, 0.28203221266157247], [14, 13, 0.37758906909748574], [14, 15, 0.33854501101426476], [14, 14, 0.28386591988824955], [15, 14, 0.07785678144057577], [15, 16, 0.10268678200811074], [15, 5, 0.16355401737708425], [15, 45, 0.10268678200811074], [15, 13, 0.06689103757570594], [15, 15, 0.4863245995904125], [16, 15, 0.05373940258980928], [16, 17, 0.37712163161424567], [16, 45, 0.08048012931849838], [16, 16, 0.4886588364774466], [17, 16, 0.00318849570343827], [17, 18, 0.2999379646275939], [17, 19, 0.2999379646275939], [17, 45, 0.03400211818146571], [17, 20, 0.030813622478027443], [17, 52, 0.00318849570343827], [17, 53, 0.2999379646275939], [17, 17, 0.028993374050848605], [18, 17, 0.47915378272521125], [18, 19, 0.077368068439497], [18, 53, 0.077368068439497], [18, 18, 0.3661100803957947], [19, 18, 0.340896480059725], [19, 17, 0.340896480059725], [19, 45, 0.031527123414816234], [19, 19, 0.2866799164657338], [20, 0, 0.10357244802890127], [20, 21, 0.10357244802890127], [20, 22, 0.10357244802890127], [20, 24, 0.10357244802890127], [20, 27, 0.11313557109258324], [20, 29, 0.10357244802890127], [20, 35, 0.010873307657553895], [20, 42, 0.009563123063681974], [20, 43, 0.10357244802890127], [20, 23, 0.01540159289149779], [20, 26, 0.10397652365131035], [20, 17, 0.009563123063681974], [20, 46, 0.009563123063681974], [20, 34, 0.009563123063681974], [20, 44, 0.009967198686091071], [20, 20, 0.08695862559282784], [21, 20, 0.3410910620450261], [21, 0, 0.3410910620450261], [21, 26, 0.19378634965655409], [21, 21, 0.12403152625339385], [22, 20, 0.25193496610404725], [22, 23, 0.26729887083449433], [22, 0, 0.25193496610404725], [22, 22, 0.22883119695741114], [23, 22, 0.21988300183394963], [23, 27, 0.21988300183394963], [23, 20, 0.15212103805243038], [23, 40, 0.15212103805243038], [23, 0, 0.15212103805243038], [23, 23, 0.10387088217480966], [24, 20, 0.1985008236211253], [24, 25, 0.22336248358461408], [24, 26, 0.19933862116233464], [24, 0, 0.1985008236211253], [24, 24, 0.18029724801080063], [25, 24, 0.6335717099464523], [25, 0, 0.03630475908872061], [25, 25, 0.3301235309648272], [26, 24, 0.0869692036374239], [26, 0, 0.0869692036374239], [26, 34, 0.0869692036374239], [26, 35, 0.08960997812265926], [26, 36, 0.0869692036374239], [26, 20, 0.0869692036374239], [26, 43, 0.0869692036374239], [26, 44, 0.02008963019608956], [26, 29, 0.019275185728680522], [26, 38, 0.06769401790874338], [26, 21, 0.0869692036374239], [26, 1, 0.019275185728680522], [26, 26, 0.17527157685317946], [27, 20, 0.1071386011720085], [27, 28, 0.10860479902086656], [27, 23, 0.11367230027227668], [27, 32, 0.12184652428806836], [27, 33, 0.09643672715370816], [27, 39, 0.09643672715370816], [27, 0, 0.1071386011720085], [27, 42, 0.1071386011720085], [27, 40, 0.010701874018300354], [27, 36, 0.010701874018300354], [27, 48, 0.010701874018300354], [27, 35, 0.012168071867158407], [27, 27, 0.09731342467328732], [28, 27, 0.33230254738770215], [28, 42, 0.2250274177731346], [28, 0, 0.2250274177731346], [28, 28, 0.21764261706602864], [29, 20, 0.2190353862655796], [29, 30, 0.11959229940674107], [29, 31, 0.14657094941277152], [29, 0, 0.2190353862655796], [29, 26, 0.09465259690383983], [29, 44, 0.10560030668797722], [29, 29, 0.0955130750575111], [30, 29, 0.7945907051864244], [30, 30, 0.20540929481357567], [31, 29, 0.8343435287928358], [31, 31, 0.16565647120716426], [32, 27, 0.4759341107504288], [32, 39, 0.017056109265573202], [32, 0, 0.017056109265573202], [32, 48, 0.33486042243345576], [32, 32, 0.155093248284969], [33, 27, 0.01798755993805049], [33, 34, 0.19481246915306208], [33, 35, 0.02045192474390376], [33, 36, 0.19481246915306208], [33, 38, 0.17682490921501157], [33, 39, 0.01798755993805049], [33, 0, 0.19481246915306208], [33, 47, 0.01874759768191178], [33, 33, 0.1635630410238857], [34, 33, 0.14640146177218188], [34, 26, 0.14701936744362784], [34, 35, 0.1484049741008096], [34, 0, 0.14640146177218188], [34, 47, 0.14701936744362784], [34, 20, 0.13177769421462818], [34, 34, 0.132975673252943], [35, 26, 0.10791592546595719], [35, 34, 0.10758848973929629], [35, 33, 0.0998391775416552], [35, 36, 0.10758848973929629], [35, 38, 0.10758848973929629], [35, 20, 0.07285637807614714], [35, 0, 0.10758848973929629], [35, 40, 0.07285637807614714], [35, 27, 0.07285637807614714], [35, 47, 0.07285637807614714], [35, 35, 0.07046542573061414], [36, 33, 0.14566630969610567], [36, 35, 0.1476597614267721], [36, 26, 0.1462811125663112], [36, 37, 0.15130259300221122], [36, 27, 0.13111597510124134], [36, 0, 0.14566630969610567], [36, 36, 0.13230793851125264], [37, 36, 0.6235824109059758], [37, 0, 0.03729447277888544], [37, 37, 0.3391231163151388], [38, 33, 0.0242095712014636], [38, 35, 0.24568366346120454], [38, 0, 0.24236685921209236], [38, 26, 0.025232510829694455], [38, 44, 0.21815728801062878], [38, 43, 0.0242095712014636], [38, 38, 0.2201405360834527], [39, 27, 0.026934779048620506], [39, 32, 0.2427146809629291], [39, 40, 0.2427146809629291], [39, 33, 0.2427146809629291], [39, 39, 0.24492117806259214], [40, 39, 0.025078846012276435], [40, 41, 0.22599049718582542], [40, 23, 0.040389961929542466], [40, 46, 0.22599049718582542], [40, 35, 0.028514744249553744], [40, 27, 0.22599049718582542], [40, 40, 0.22804495625115112], [41, 40, 0.04776753641796976], [41, 42, 0.5178765228290609], [41, 41, 0.43435594075296924], [42, 41, 0.015679554107498387], [42, 20, 0.16999145381185451], [42, 27, 0.3269626058928424], [42, 0, 0.3269626058928424], [42, 28, 0.017827713248986642], [42, 42, 0.14257606704597575], [43, 20, 0.2077867153303244], [43, 0, 0.2077867153303244], [43, 26, 0.20866370513834642], [43, 38, 0.18703128987380327], [43, 43, 0.1887315743272015], [44, 0, 0.2522404777933764], [44, 26, 0.04246817552698575], [44, 38, 0.044212774235407114], [44, 20, 0.04246817552698575], [44, 29, 0.08137242782151966], [44, 5, 0.1352059074402603], [44, 44, 0.4020320616554652], [45, 15, 0.02890413999778016], [45, 17, 0.3130433978319583], [45, 19, 0.026638055421954198], [45, 16, 0.02890413999778016], [45, 52, 0.33968145325391247], [45, 45, 0.26282881349661474], [46, 40, 0.05234418183950017], [46, 20, 0.4716838913921039], [46, 46, 0.4759719267683958], [47, 34, 0.25658283320515557], [47, 35, 0.059970214577317715], [47, 33, 0.20383875934830292], [47, 47, 0.4796081928692238], [48, 32, 0.1159417916219751], [48, 27, 0.44002897249584944], [48, 48, 0.44402923588217535], [49, 8, 0.07901288526524307], [49, 7, 0.2480573629684661], [49, 50, 0.07666385354114123], [49, 9, 0.1165929439271523], [49, 4, 0.07666385354114123], [49, 12, 0.039929090386011064], [49, 49, 0.3630800103708449], [50, 8, 0.414030825019672], [50, 6, 0.18175252271757597], [50, 5, 0.17541376585145427], [50, 49, 0.022669193114844336], [50, 50, 0.20613369329645334], [51, 4, 0.44960681504550876], [51, 5, 0.09595418147742177], [51, 51, 0.4544390034770695], [52, 45, 0.477125507171399], [52, 17, 0.4714726828394724], [52, 52, 0.05140180998912849], [53, 18, 0.3519938330763782], [53, 17, 0.3519938330763782], [53, 53, 0.2960123338472437], [54, 1, 0.08337602334448344], [54, 0, 0.15847579126132716], [54, 54, 0.7581481853941893]]}