{"state_map": {"0": "2b5c2d98eb573392fd38c6a9140cc1ff", "1": "da146cb22c7d67e7126d0e7b0dff5bb2", "2": "64ba9ddefdcafeb7da118bc3add16c92", "3": "9ad841d4f5c81eb770ce8ff742fb9bb2", "4": "a47117887f077510a83d014b50043732", "5": "98e734fa70ec089a73e477ee335b0589", "6": "ac229ec513cd2b0e9812edf493829a59", "7": "12dbaa52a36e01a7d3f2f4933d0a9813", "8": "2385214e950724a591c3a512a07787de", "9": "b77ad98e15ef8e6f8e2703badf1f7800", "10": "b6866a8cb51aca8c5fb96cfe9eca5ddd", "11": "b370856d8e4d55247bcb47cb7ec26f96", "12": "cefc223a83447d8821086639e85b90ab", "13": "a8ebb928afaf77baacd7de757454c360", "14": "a7ab68c53c0a2413eb74f53f60a6ede0", "15": "86287de1c18fab20dde7dfaefc39ef90", "16": "ac5a4262c961afd855584fa2b6c1b028", "17": "54121b89f7e5eb0534e04f0c60d0ac68", "18": "5a9b30de79ecf9d078eae838036215ae", "19": "374f7dd176dd2487b9fe1f959aa8eafc", "20": "e3b365376acce5ec4939c88f4c2f7663", "21": "519597a3df9fabadaa70365e6d52dd91", "22": "eae78475ccf62c7ca9cbe7c4abb15d73", "23": "14758683f464938c6a30bc9b72b48d5e", "24": "abfeaeec88dd5fd6cdd8696964100faf", "25": "476139ac7e0739edcebafdfbee06a006", "26": "758c3dfd8cd76c7a4cacabe34188d417", "27": "480b8d6942b5e6dcb35bae0493cc4b42", "28": "43847ec63cd1d933ea54a48be88b6131", "29": "a48b3b8702533911bae4c09bb4979e9a", "30": "e98754a8ee0eb9346de9f7e82b85b14b", "31": "3c13bcfe46f64d8759a45e6834449210", "32": "da7e9ac04cc149b9b1e5db3d4d1000cd", "33": "994206ee3261173afc407e747f6baeb0", "34": "b84f8b12bfb50ce66575b150545230c7", "35": "8633690522931c963471b8532d76355b", "36": "93cdb32ae35b6f3d9a39d3dba72a6d10", "37": "0324469af6b056cc5b69c2fa71bf2982", "38": "300e1b786402b51ee5d8320dab37adc0", "39": "c7595542edbf220a1aca49d632c4edd6", "40": "c43bc245bd3877b233153f3021dcd99a", "41": "19e861f7def1b66730f3a938c8fbdaca", "42": "e190163665f06c31210dcea7e1b97eb1", "43": "9ab2bd4fb1faa0e1ad6b7c1f7f5b6f05", "44": "39a34f25e954552d49d6e87328eed246", "45": "5a61d73095a7a866b640b4a2cece06bd", "46": "f6ff52a3275cd42b75b0d27f081875bd", "47": "036986a89b3ac0456c52a54f80c0de72", "48": "7d8789ac3a3852b1aeddd1852aa4ad7f", "49": "4cfedd8eaf46651d3f989fdefd84b9a0"}, "act_map": {"0": "com.morphoss.acal.activity.TodoListView", "1": "com.morphoss.acal.activity.ShowUpgradeChanges", "2": "com.morphoss.acal.activity.serverconfig.NewServerConfiguration", "3": "com.morphoss.acal.activity.MonthView", "4": "com.morphoss.acal.activity.Settings", "5": "com.morphoss.acal.activity.AcalPreferences", "6": "com.morphoss.acal.activity.AcalPreferences", "7": "com.morphoss.acal.activity.AcalPreferences", "8": "com.morphoss.acal.activity.AcalPreferences", "9": "com.morphoss.acal.activity.AcalPreferences", "10": "com.morphoss.acal.activity.AcalPreferences", "11": "com.morphoss.acal.activity.AcalPreferences", "12": "com.morphoss.acal.activity.AcalPreferences", "13": "com.morphoss.acal.activity.AcalPreferences", "14": "com.morphoss.acal.activity.AcalPreferences", "15": "com.morphoss.acal.activity.AcalPreferences", "16": "com.morphoss.acal.activity.AcalPreferences", "17": "com.morphoss.acal.activity.AcalPreferences", "18": "com.morphoss.acal.activity.serverconfig.ServerConfigList", "19": "com.morphoss.acal.activity.serverconfig.AddServerList", "20": "com.morphoss.acal.activity.serverconfig.ServerConfiguration", "21": "com.morphoss.acal.activity.serverconfig.ServerConfiguration", "22": "com.morphoss.acal.activity.MonthView", "23": "com.morphoss.acal.activity.YearView", "24": "com.morphoss.acal.activity.JournalListView", "25": "com.morphoss.acal.activity.serverconfig.ServerConfigList", "26": "com.morphoss.acal.activity.serverconfig.ServerConfigList", "27": "com.morphoss.acal.activity.serverconfig.ServerConfiguration", "28": "com.morphoss.acal.activity.serverconfig.ServerConfiguration", "29": "com.morphoss.acal.activity.serverconfig.ServerConfiguration", "30": "com.morphoss.acal.weekview.WeekViewActivity", "31": "com.morphoss.acal.weekview.WeekViewActivity", "32": "com.morphoss.acal.activity.MonthView", "33": "com.morphoss.acal.activity.MonthView", "34": "com.morphoss.acal.activity.MonthView", "35": "com.morphoss.acal.activity.serverconfig.AddServerList", "36": "com.morphoss.acal.activity.MonthView", "37": "com.morphoss.acal.activity.MonthView", "38": "com.morphoss.acal.activity.MonthView", "39": "com.morphoss.acal.activity.MonthView", "40": "com.morphoss.acal.activity.serverconfig.ServerConfiguration", "41": "com.morphoss.acal.activity.serverconfig.ServerConfiguration", "42": "com.morphoss.acal.activity.AcalPreferences", "43": "com.morphoss.acal.activity.AcalPreferences", "44": "com.morphoss.acal.activity.serverconfig.ServerConfigList", "45": "com.morphoss.acal.activity.serverconfig.ServerConfigList", "46": "com.morphoss.acal.activity.serverconfig.ServerConfigList", "47": "com.morphoss.acal.activity.MonthView", "48": "com.morphoss.acal.activity.YearView", "49": "com.morphoss.acal.activity.AcalPreferences"}, "state_num": 50, "transition": [[0, 1, 0.07705980217847436], [0, 3, 0.0912168792982705], [0, 24, 0.0912168792982705], [0, 30, 0.06553027857211238], [0, 33, 0.05137320145231624], [0, 22, 0.0912168792982705], [0, 4, 0.11691855565437828], [0, 29, 0.04127719099488274], [0, 19, 0.014157077119796142], [0, 2, 0.0912168792982705], [0, 23, 0.014157077119796142], [0, 32, 0.02568660072615812], [0, 36, 0.02568660072615812], [0, 16, 0.014157077119796142], [0, 34, 0.014157077119796142], [0, 31, 0.04623994292369278], [0, 0, 0.1287320010995607], [1, 0, 0.034865169416831224], [1, 2, 0.19279044080730998], [1, 4, 0.22765561022414119], [1, 24, 0.034865169416831224], [1, 3, 0.19279044080730998], [1, 1, 0.3170331693275764], [2, 1, 0.0081739735450981], [2, 3, 0.22114194987850205], [2, 24, 0.22114194987850205], [2, 0, 0.1608768777252028], [2, 22, 0.10061180557190351], [2, 30, 0.0081739735450981], [2, 32, 0.0529019567838749], [2, 23, 0.0081739735450981], [2, 4, 0.015654794133571882], [2, 34, 0.10499305539207608], [2, 36, 0.023828767678669985], [2, 2, 0.07432692232240244], [3, 2, 0.027131067556451158], [3, 4, 0.2406422554991295], [3, 20, 0.006088386418125569], [3, 22, 0.02434745728608415], [3, 30, 0.014329626273700338], [3, 32, 0.0197872558589081], [3, 0, 0.26168493663745507], [3, 34, 0.006088386418125569], [3, 23, 0.014329626273700338], [3, 24, 0.26168493663745507], [3, 36, 0.01064858784530162], [3, 37, 0.01064858784530162], [3, 39, 0.014329626273700338], [3, 31, 0.01988592970775358], [3, 1, 0.006088386418125569], [3, 9, 0.006922518744296421], [3, 3, 0.05536242830638598], [4, 3, 0.08902677184236542], [4, 1, 0.08902677184236542], [4, 5, 0.08902677184236542], [4, 18, 0.08080669023481948], [4, 24, 0.08902677184236542], [4, 20, 0.008220081607545927], [4, 30, 0.08902677184236542], [4, 0, 0.01635768747989909], [4, 25, 0.08080669023481948], [4, 34, 0.08080669023481948], [4, 31, 0.02684848723678449], [4, 2, 0.008220081607545927], [4, 45, 0.08080669023481948], [4, 22, 0.008220081607545927], [4, 44, 0.08902677184236542], [4, 4, 0.07474618846720803], [5, 4, 0.08716584297967991], [5, 6, 0.08716584297967991], [5, 7, 0.12994045029084275], [5, 8, 0.0791175859458049], [5, 13, 0.047880944723861577], [5, 14, 0.08716584297967991], [5, 16, 0.08716584297967991], [5, 17, 0.018139758429886063], [5, 10, 0.08716584297967991], [5, 42, 0.08716584297967991], [5, 9, 0.00915089916271576], [5, 43, 0.018139758429886063], [5, 15, 0.011261847875912077], [5, 49, 0.011072344317336833], [5, 24, 0.0791175859458049], [5, 5, 0.07318376699986953], [6, 5, 0.24899467806671072], [6, 9, 0.22412306646503352], [6, 13, 0.3007217065808128], [6, 6, 0.22616054888744294], [7, 5, 0.6277477337275804], [7, 7, 0.3722522662724196], [8, 5, 0.016052982219144533], [8, 9, 0.1446566333731552], [8, 11, 0.1827717355405358], [8, 12, 0.1446566333731552], [8, 13, 0.3658903218174617], [8, 8, 0.14597169367654755], [9, 8, 0.015237493469612208], [9, 10, 0.1584951861320426], [9, 14, 0.2115515374779969], [9, 6, 0.015237493469612208], [9, 42, 0.2115515374779969], [9, 5, 0.19631404400838467], [9, 3, 0.05305635134595429], [9, 9, 0.13855635661840018], [10, 9, 0.15435307418924965], [10, 11, 0.1731726937731813], [10, 12, 0.15435307418924965], [10, 13, 0.22754653317286624], [10, 5, 0.1522692606986743], [10, 10, 0.13830536397677895], [11, 10, 0.4299464107296453], [11, 8, 0.4299464107296453], [11, 11, 0.1401071785407095], [12, 10, 0.5790453217088296], [12, 8, 0.04170709139405558], [12, 12, 0.37924758689711474], [13, 10, 0.18875693192915952], [13, 5, 0.11999172179467904], [13, 42, 0.24663207254392489], [13, 16, 0.13088179131439415], [13, 6, 0.13088179131439415], [13, 8, 0.12239891018409757], [13, 13, 0.0604567809193507], [14, 5, 0.25240643507893473], [14, 15, 0.262473503693243], [14, 9, 0.25586063149462723], [14, 14, 0.22925942973319513], [15, 14, 0.7773413151640594], [15, 5, 0.07086223285385716], [15, 15, 0.15179645198208344], [16, 5, 0.15957503584336039], [16, 17, 0.1795613523100944], [16, 43, 0.1795613523100944], [16, 13, 0.19272571397551252], [16, 0, 0.1436353846683404], [16, 16, 0.14494116089259804], [17, 16, 0.5555895970356859], [17, 5, 0.06596517805360393], [17, 22, 0.16242854232419876], [17, 17, 0.21601668258651122], [18, 4, 0.027637031244364913], [18, 19, 0.31837859993508383], [18, 26, 0.056661896092342956], [18, 35, 0.3460156311794488], [18, 18, 0.2513068415487595], [19, 18, 0.00964591173263244], [19, 20, 0.2096635374204987], [19, 21, 0.0297071107907885], [19, 25, 0.00964591173263244], [19, 27, 0.20966353742049873], [19, 0, 0.08889672252794056], [19, 41, 0.00964591173263244], [19, 29, 0.028124176871997062], [19, 40, 0.021667844094425563], [19, 44, 0.098542634260573], [19, 45, 0.098542634260573], [19, 46, 0.098542634260573], [19, 19, 0.08771143289423469], [20, 19, 0.09475013435956192], [20, 21, 0.2229819507461117], [20, 3, 0.03837642780424201], [20, 27, 0.07035678430777702], [20, 29, 0.03436460922623853], [20, 4, 0.08954499820989802], [20, 30, 0.019188213902121005], [20, 25, 0.024393350051784904], [20, 26, 0.03837642780424201], [20, 35, 0.09475013435956192], [20, 40, 0.03088063673444111], [20, 46, 0.024393350051784904], [20, 45, 0.04358156395390591], [20, 24, 0.05116857040565601], [20, 44, 0.07556192045744092], [20, 20, 0.04733092762523181], [21, 20, 0.2135460196076726], [21, 25, 0.05238552780388512], [21, 27, 0.3107769409071431], [21, 19, 0.10477105560777024], [21, 24, 0.05238552780388512], [21, 41, 0.11037812428961523], [21, 35, 0.10477105560777024], [21, 21, 0.05098574837225836], [22, 3, 0.03376770501787667], [22, 23, 0.014848049645046242], [22, 30, 0.014848049645046242], [22, 33, 0.006308654675835419], [22, 0, 0.2626128916528714], [22, 34, 0.006308654675835419], [22, 2, 0.036652021935668626], [22, 38, 0.020503127696465114], [22, 32, 0.006308654675835419], [22, 24, 0.27115228662208213], [22, 4, 0.23450026468641355], [22, 17, 0.01421891365491433], [22, 31, 0.020605371410176928], [22, 22, 0.057365354005932574], [23, 22, 0.16429779267873462], [23, 24, 0.15905269172732187], [23, 3, 0.16429779267873465], [23, 0, 0.15905269172732184], [23, 32, 0.005245100951412807], [23, 2, 0.15567125654886696], [23, 48, 0.1649459352713824], [23, 36, 0.005245100951412807], [23, 34, 0.005245100951412807], [23, 23, 0.01694653651339924], [24, 23, 0.01563851540887395], [24, 4, 0.10166286097000778], [24, 0, 0.10166286097000778], [24, 30, 0.10166286097000778], [24, 31, 0.0510786268802945], [24, 3, 0.10166286097000778], [24, 21, 0.04816290286828964], [24, 2, 0.10166286097000778], [24, 22, 0.10166286097000778], [24, 1, 0.08602434556113382], [24, 36, 0.01563851540887395], [24, 20, 0.01563851540887395], [24, 5, 0.01563851540887395], [24, 24, 0.14220289723473992], [25, 21, 0.0522667698838415], [25, 26, 0.20162645032880908], [25, 4, 0.016971042805201886], [25, 19, 0.19550641311592576], [25, 20, 0.18380318199745854], [25, 35, 0.19550641311592576], [25, 25, 0.1543197287528374], [26, 25, 0.39081190639822894], [26, 18, 0.36679636638517044], [26, 20, 0.024015540013058466], [26, 26, 0.2183761872035422], [27, 20, 0.0070375008487757445], [27, 21, 0.19482358057878255], [27, 28, 0.08268797435480142], [27, 19, 0.21133896548907513], [27, 40, 0.04175155096440608], [27, 41, 0.18539592236014824], [27, 46, 0.032980543977702656], [27, 45, 0.12810503545043467], [27, 35, 0.05188608625785382], [27, 27, 0.06399283971801971], [28, 27, 0.6030889501901113], [28, 41, 0.155826991576987], [28, 28, 0.24108405823290172], [29, 20, 0.2167469719987556], [29, 0, 0.19491708648772388], [29, 19, 0.19491708648772388], [29, 40, 0.19491708648772388], [29, 29, 0.19850176853807283], [30, 4, 0.10490804961611444], [30, 22, 0.1075599533680716], [30, 3, 0.11021185712002875], [30, 31, 0.10556840477711844], [30, 32, 0.11021185712002875], [30, 24, 0.11021185712002875], [30, 0, 0.11021185712002875], [30, 20, 0.0014615871648793824], [30, 34, 0.1075599533680716], [30, 2, 0.11203884107612798], [30, 36, 0.004113490916836534], [30, 47, 0.0026519037519571512], [30, 30, 0.01329038748070801], [31, 30, 0.1723991092608984], [31, 24, 0.01968978137464554], [31, 4, 0.01968978137464554], [31, 3, 0.14668099532855944], [31, 32, 0.14668099532855944], [31, 34, 0.14668099532855944], [31, 22, 0.14668099532855944], [31, 0, 0.14668099532855944], [31, 31, 0.054816351347013195], [32, 30, 0.09696879047919639], [32, 3, 0.12782774020256407], [32, 22, 0.03085894972336765], [32, 23, 0.09696879047919639], [32, 0, 0.04120019989768712], [32, 2, 0.09696879047919639], [32, 31, 0.1345683770451353], [32, 32, 0.3746383616936567], [33, 0, 0.09223288434365233], [33, 22, 0.0690824303733956], [33, 33, 0.838684685282952], [34, 4, 0.04562433663787781], [34, 3, 0.03417262814177048], [34, 30, 0.1073814387109092], [34, 22, 0.03417262814177048], [34, 2, 0.04562433663787781], [34, 0, 0.0617571020730314], [34, 23, 0.1073814387109092], [34, 31, 0.149018522977234], [34, 34, 0.41486756796861946], [35, 25, 0.021220212361721485], [35, 20, 0.46124253589437825], [35, 18, 0.2167856894873467], [35, 21, 0.06535320010249374], [35, 27, 0.021220212361721485], [35, 44, 0.021220212361721485], [35, 35, 0.19295793743061687], [36, 3, 0.14497507583786115], [36, 30, 0.10997658044607427], [36, 47, 0.04672696313990239], [36, 24, 0.03499849539178689], [36, 0, 0.04672696313990239], [36, 23, 0.10997658044607427], [36, 2, 0.08172545853168928], [36, 36, 0.4248938830667093], [37, 3, 0.16131531471704794], [37, 37, 0.8386846852829521], [38, 22, 0.16131531471704794], [38, 38, 0.8386846852829521], [39, 3, 0.26330457777288074], [39, 39, 0.7366954222271193], [40, 27, 0.15775145192240453], [40, 19, 0.1377300545708271], [40, 20, 0.15775145192240453], [40, 29, 0.05837554146751745], [40, 45, 0.2863131340796931], [40, 41, 0.020021397351577458], [40, 40, 0.18205696868557605], [41, 27, 0.28573120668035146], [41, 21, 0.16280789310204458], [41, 19, 0.3196089480839465], [41, 28, 0.024202987075481318], [41, 45, 0.04648857426675586], [41, 40, 0.04648857426675586], [41, 41, 0.11467181652466445], [42, 9, 0.1353495285014128], [42, 13, 0.48966565299191517], [42, 5, 0.1335222686627882], [42, 49, 0.12018497956030419], [42, 42, 0.12127757028357969], [43, 16, 0.6302000224526079], [43, 5, 0.08650883183676011], [43, 43, 0.2832911457106319], [44, 19, 0.22849250427784687], [44, 20, 0.19765696632035087], [44, 4, 0.19765696632035087], [44, 35, 0.21024230425565463], [44, 44, 0.16595125882579673], [45, 19, 0.2506828862341601], [45, 40, 0.0934986472256819], [45, 20, 0.21685271014939678], [45, 27, 0.21685271014939678], [45, 41, 0.020022594747137384], [45, 4, 0.020022594747137384], [45, 45, 0.18206785674708992], [46, 19, 0.289319756564693], [46, 27, 0.25027545459251205], [46, 20, 0.25027545459251205], [46, 46, 0.21012933425028282], [47, 30, 0.09223288434365233], [47, 36, 0.0690824303733956], [47, 47, 0.838684685282952], [48, 23, 0.46316618147449157], [48, 48, 0.5368338185255084], [49, 42, 0.039623867984363105], [49, 5, 0.600071545569665], [49, 49, 0.36030458644597185]]}