[{"3266d72894b50281d84a8bbe39e33728": ["0", "aarddict.android.DictionariesActivity"]}, {"3266d72894b50281d84a8bbe39e33728": ["0", "aarddict.android.DictionariesActivity"]}, {"3266d72894b50281d84a8bbe39e33728": ["0", "aarddict.android.DictionariesActivity"]}, {"3266d72894b50281d84a8bbe39e33728": ["0", "aarddict.android.DictionariesActivity"]}, {"3266d72894b50281d84a8bbe39e33728": ["0", "aarddict.android.DictionariesActivity"]}, {"3266d72894b50281d84a8bbe39e33728": ["0", "aarddict.android.DictionariesActivity"]}, {"3266d72894b50281d84a8bbe39e33728": ["0", "aarddict.android.DictionariesActivity"]}, {"3266d72894b50281d84a8bbe39e33728": ["0", "aarddict.android.DictionariesActivity"]}, {"3266d72894b50281d84a8bbe39e33728": ["0", "aarddict.android.DictionariesActivity"]}, {"3266d72894b50281d84a8bbe39e33728": ["0", "aarddict.android.DictionariesActivity"]}, {"3266d72894b50281d84a8bbe39e33728": ["0", "aarddict.android.DictionariesActivity"]}, {"3266d72894b50281d84a8bbe39e33728": ["0", "aarddict.android.DictionariesActivity"]}, {"3266d72894b50281d84a8bbe39e33728": ["0", "aarddict.android.DictionariesActivity"]}, {"3266d72894b50281d84a8bbe39e33728": ["0", "aarddict.android.DictionariesActivity"]}, {"3266d72894b50281d84a8bbe39e33728": ["0", "aarddict.android.DictionariesActivity"]}, {"3266d72894b50281d84a8bbe39e33728": ["0", "aarddict.android.DictionariesActivity"]}, {"3266d72894b50281d84a8bbe39e33728": ["0", "aarddict.android.DictionariesActivity"]}, {"3266d72894b50281d84a8bbe39e33728": ["0", "aarddict.android.DictionariesActivity"]}, {"3266d72894b50281d84a8bbe39e33728": ["0", "aarddict.android.DictionariesActivity"]}, {"3266d72894b50281d84a8bbe39e33728": ["0", "aarddict.android.DictionariesActivity"]}, {"3266d72894b50281d84a8bbe39e33728": ["0", "aarddict.android.DictionariesActivity"]}, {"3266d72894b50281d84a8bbe39e33728": ["0", "aarddict.android.DictionariesActivity"]}, {"3266d72894b50281d84a8bbe39e33728": ["0", "aarddict.android.DictionariesActivity"]}, {"3266d72894b50281d84a8bbe39e33728": ["0", "aarddict.android.DictionariesActivity"]}, {"3266d72894b50281d84a8bbe39e33728": ["0", "aarddict.android.DictionariesActivity"]}, {"3266d72894b50281d84a8bbe39e33728": ["0", "aarddict.android.DictionariesActivity"]}, {"3266d72894b50281d84a8bbe39e33728": ["0", "aarddict.android.DictionariesActivity"]}, {"3266d72894b50281d84a8bbe39e33728": ["0", "aarddict.android.DictionariesActivity"]}, {"3266d72894b50281d84a8bbe39e33728": ["0", "aarddict.android.DictionariesActivity"]}, {"3266d72894b50281d84a8bbe39e33728": ["0", "aarddict.android.DictionariesActivity"]}, {"3266d72894b50281d84a8bbe39e33728": ["0", "aarddict.android.DictionariesActivity"]}, {"3266d72894b50281d84a8bbe39e33728": ["0", "aarddict.android.DictionariesActivity"]}, {"3266d72894b50281d84a8bbe39e33728": ["0", "aarddict.android.DictionariesActivity"]}, {"3266d72894b50281d84a8bbe39e33728": ["0", "aarddict.android.DictionariesActivity"]}, {"3266d72894b50281d84a8bbe39e33728": ["0", "aarddict.android.DictionariesActivity"]}, {"3266d72894b50281d84a8bbe39e33728": ["0", "aarddict.android.DictionariesActivity"]}, {"3266d72894b50281d84a8bbe39e33728": ["0", "aarddict.android.DictionariesActivity"]}, {"3266d72894b50281d84a8bbe39e33728": ["0", "aarddict.android.DictionariesActivity"]}, {"3266d72894b50281d84a8bbe39e33728": ["0", "aarddict.android.DictionariesActivity"]}, {"3266d72894b50281d84a8bbe39e33728": ["0", "aarddict.android.DictionariesActivity"]}, {"3266d72894b50281d84a8bbe39e33728": ["0", "aarddict.android.DictionariesActivity"]}, {"3266d72894b50281d84a8bbe39e33728": ["0", "aarddict.android.DictionariesActivity"]}, {"3266d72894b50281d84a8bbe39e33728": ["0", "aarddict.android.DictionariesActivity"]}, {"3266d72894b50281d84a8bbe39e33728": ["0", "aarddict.android.DictionariesActivity"]}, {"3266d72894b50281d84a8bbe39e33728": ["0", "aarddict.android.DictionariesActivity"]}, {"3266d72894b50281d84a8bbe39e33728": ["0", "aarddict.android.DictionariesActivity"]}, {"3266d72894b50281d84a8bbe39e33728": ["0", "aarddict.android.DictionariesActivity"]}, {"3266d72894b50281d84a8bbe39e33728": ["0", "aarddict.android.DictionariesActivity"]}, {"3266d72894b50281d84a8bbe39e33728": ["0", "aarddict.android.DictionariesActivity"]}, {"3266d72894b50281d84a8bbe39e33728": ["0", "aarddict.android.DictionariesActivity"]}, {"3266d72894b50281d84a8bbe39e33728": ["0", "aarddict.android.DictionariesActivity"]}, {"3266d72894b50281d84a8bbe39e33728": ["0", "aarddict.android.DictionariesActivity"]}, {"3266d72894b50281d84a8bbe39e33728": ["0", "aarddict.android.DictionariesActivity"]}, {"3266d72894b50281d84a8bbe39e33728": ["0", "aarddict.android.DictionariesActivity"]}, {"3266d72894b50281d84a8bbe39e33728": ["0", "aarddict.android.DictionariesActivity"]}, {"3266d72894b50281d84a8bbe39e33728": ["0", "aarddict.android.DictionariesActivity"]}, {"3266d72894b50281d84a8bbe39e33728": ["0", "aarddict.android.DictionariesActivity"]}, {"3266d72894b50281d84a8bbe39e33728": ["0", "aarddict.android.DictionariesActivity"]}, {"3266d72894b50281d84a8bbe39e33728": ["0", "aarddict.android.DictionariesActivity"]}, {"3266d72894b50281d84a8bbe39e33728": ["0", "aarddict.android.DictionariesActivity"]}, {"3266d72894b50281d84a8bbe39e33728": ["0", "aarddict.android.DictionariesActivity"]}, {"3266d72894b50281d84a8bbe39e33728": ["0", "aarddict.android.DictionariesActivity"]}, {"3266d72894b50281d84a8bbe39e33728": ["0", "aarddict.android.DictionariesActivity"]}, {"3266d72894b50281d84a8bbe39e33728": ["0", "aarddict.android.DictionariesActivity"]}, {"3266d72894b50281d84a8bbe39e33728": ["0", "aarddict.android.DictionariesActivity"]}, {"3266d72894b50281d84a8bbe39e33728": ["0", "aarddict.android.DictionariesActivity"]}, {"3266d72894b50281d84a8bbe39e33728": ["0", "aarddict.android.DictionariesActivity"]}, {"3266d72894b50281d84a8bbe39e33728": ["0", "aarddict.android.DictionariesActivity"]}, {"3266d72894b50281d84a8bbe39e33728": ["0", "aarddict.android.DictionariesActivity"]}, {"3266d72894b50281d84a8bbe39e33728": ["0", "aarddict.android.DictionariesActivity"]}, {"3266d72894b50281d84a8bbe39e33728": ["0", "aarddict.android.DictionariesActivity"]}, {"3266d72894b50281d84a8bbe39e33728": ["0", "aarddict.android.DictionariesActivity"]}, {"3266d72894b50281d84a8bbe39e33728": ["0", "aarddict.android.DictionariesActivity"]}, {"3266d72894b50281d84a8bbe39e33728": ["0", "aarddict.android.DictionariesActivity"]}, {"3266d72894b50281d84a8bbe39e33728": ["0", "aarddict.android.DictionariesActivity"]}, {"3266d72894b50281d84a8bbe39e33728": ["0", "aarddict.android.DictionariesActivity"]}, {"3266d72894b50281d84a8bbe39e33728": ["0", "aarddict.android.DictionariesActivity"]}, {"3266d72894b50281d84a8bbe39e33728": ["0", "aarddict.android.DictionariesActivity"]}, {"3266d72894b50281d84a8bbe39e33728": ["0", "aarddict.android.DictionariesActivity"]}, {"3266d72894b50281d84a8bbe39e33728": ["0", "aarddict.android.DictionariesActivity"]}, {"3266d72894b50281d84a8bbe39e33728": ["0", "aarddict.android.DictionariesActivity"]}, {"3266d72894b50281d84a8bbe39e33728": ["0", "aarddict.android.DictionariesActivity"]}, {"3266d72894b50281d84a8bbe39e33728": ["0", "aarddict.android.DictionariesActivity"]}, {"3266d72894b50281d84a8bbe39e33728": ["0", "aarddict.android.DictionariesActivity"]}, {"3266d72894b50281d84a8bbe39e33728": ["0", "aarddict.android.DictionariesActivity"]}, {"3266d72894b50281d84a8bbe39e33728": ["0", "aarddict.android.DictionariesActivity"]}, {"3266d72894b50281d84a8bbe39e33728": ["0", "aarddict.android.DictionariesActivity"]}, {"3266d72894b50281d84a8bbe39e33728": ["0", "aarddict.android.DictionariesActivity"]}, {"3266d72894b50281d84a8bbe39e33728": ["0", "aarddict.android.DictionariesActivity"]}, {"3266d72894b50281d84a8bbe39e33728": ["0", "aarddict.android.DictionariesActivity"]}, {"3266d72894b50281d84a8bbe39e33728": ["0", "aarddict.android.DictionariesActivity"]}, {"3266d72894b50281d84a8bbe39e33728": ["0", "aarddict.android.DictionariesActivity"]}, {"3266d72894b50281d84a8bbe39e33728": ["0", "aarddict.android.DictionariesActivity"]}, {"3266d72894b50281d84a8bbe39e33728": ["0", "aarddict.android.DictionariesActivity"]}, {"3266d72894b50281d84a8bbe39e33728": ["0", "aarddict.android.DictionariesActivity"]}, {"3266d72894b50281d84a8bbe39e33728": ["0", "aarddict.android.DictionariesActivity"]}, {"3266d72894b50281d84a8bbe39e33728": ["0", "aarddict.android.DictionariesActivity"]}, {"3266d72894b50281d84a8bbe39e33728": ["0", "aarddict.android.DictionariesActivity"]}, {"3266d72894b50281d84a8bbe39e33728": ["0", "aarddict.android.DictionariesActivity"]}, {"3266d72894b50281d84a8bbe39e33728": ["0", "aarddict.android.DictionariesActivity"]}, {"3266d72894b50281d84a8bbe39e33728": ["0", "aarddict.android.DictionariesActivity"]}, {"3266d72894b50281d84a8bbe39e33728": ["0", "aarddict.android.DictionariesActivity"]}, {"3266d72894b50281d84a8bbe39e33728": ["0", "aarddict.android.DictionariesActivity"]}, {"3266d72894b50281d84a8bbe39e33728": ["0", "aarddict.android.DictionariesActivity"]}, {"3266d72894b50281d84a8bbe39e33728": ["0", "aarddict.android.DictionariesActivity"]}, {"3266d72894b50281d84a8bbe39e33728": ["0", "aarddict.android.DictionariesActivity"]}, {"3266d72894b50281d84a8bbe39e33728": ["0", "aarddict.android.DictionariesActivity"]}, {"3266d72894b50281d84a8bbe39e33728": ["0", "aarddict.android.DictionariesActivity"]}, {"3266d72894b50281d84a8bbe39e33728": ["0", "aarddict.android.DictionariesActivity"]}, {"3266d72894b50281d84a8bbe39e33728": ["0", "aarddict.android.DictionariesActivity"]}, {"3266d72894b50281d84a8bbe39e33728": ["0", "aarddict.android.DictionariesActivity"]}, {"3266d72894b50281d84a8bbe39e33728": ["0", "aarddict.android.DictionariesActivity"]}, {"3266d72894b50281d84a8bbe39e33728": ["0", "aarddict.android.DictionariesActivity"]}, {"3266d72894b50281d84a8bbe39e33728": ["0", "aarddict.android.DictionariesActivity"]}, {"3266d72894b50281d84a8bbe39e33728": ["0", "aarddict.android.DictionariesActivity"]}, {"3266d72894b50281d84a8bbe39e33728": ["0", "aarddict.android.DictionariesActivity"]}, {"3266d72894b50281d84a8bbe39e33728": ["0", "aarddict.android.DictionariesActivity"]}, {"3266d72894b50281d84a8bbe39e33728": ["0", "aarddict.android.DictionariesActivity"]}, {"3266d72894b50281d84a8bbe39e33728": ["0", "aarddict.android.DictionariesActivity"]}, {"3266d72894b50281d84a8bbe39e33728": ["0", "aarddict.android.DictionariesActivity"]}, {"3266d72894b50281d84a8bbe39e33728": ["0", "aarddict.android.DictionariesActivity"]}, {"3266d72894b50281d84a8bbe39e33728": ["0", "aarddict.android.DictionariesActivity"]}, {"3266d72894b50281d84a8bbe39e33728": ["0", "aarddict.android.DictionariesActivity"]}, {"3266d72894b50281d84a8bbe39e33728": ["0", "aarddict.android.DictionariesActivity"]}, {"3266d72894b50281d84a8bbe39e33728": ["0", "aarddict.android.DictionariesActivity"]}, {"3266d72894b50281d84a8bbe39e33728": ["0", "aarddict.android.DictionariesActivity"]}, {"3266d72894b50281d84a8bbe39e33728": ["0", "aarddict.android.DictionariesActivity"]}, {"3266d72894b50281d84a8bbe39e33728": ["0", "aarddict.android.DictionariesActivity"]}, {"3266d72894b50281d84a8bbe39e33728": ["0", "aarddict.android.DictionariesActivity"]}, {"3266d72894b50281d84a8bbe39e33728": ["0", "aarddict.android.DictionariesActivity"]}, {"3266d72894b50281d84a8bbe39e33728": ["0", "aarddict.android.DictionariesActivity"]}, {"3266d72894b50281d84a8bbe39e33728": ["0", "aarddict.android.DictionariesActivity"]}, {"3266d72894b50281d84a8bbe39e33728": ["0", "aarddict.android.DictionariesActivity"]}, {"3266d72894b50281d84a8bbe39e33728": ["0", "aarddict.android.DictionariesActivity"]}, {"3266d72894b50281d84a8bbe39e33728": ["0", "aarddict.android.DictionariesActivity"]}, {"3266d72894b50281d84a8bbe39e33728": ["0", "aarddict.android.DictionariesActivity"]}, {"3266d72894b50281d84a8bbe39e33728": ["0", "aarddict.android.DictionariesActivity"]}, {"3266d72894b50281d84a8bbe39e33728": ["0", "aarddict.android.DictionariesActivity"]}, {"3266d72894b50281d84a8bbe39e33728": ["0", "aarddict.android.DictionariesActivity"]}, {"3266d72894b50281d84a8bbe39e33728": ["0", "aarddict.android.DictionariesActivity"]}, {"3266d72894b50281d84a8bbe39e33728": ["0", "aarddict.android.DictionariesActivity"]}, {"3266d72894b50281d84a8bbe39e33728": ["0", "aarddict.android.DictionariesActivity"]}, {"3266d72894b50281d84a8bbe39e33728": ["0", "aarddict.android.DictionariesActivity"]}, {"3266d72894b50281d84a8bbe39e33728": ["0", "aarddict.android.DictionariesActivity"]}, {"3266d72894b50281d84a8bbe39e33728": ["0", "aarddict.android.DictionariesActivity"]}, {"3266d72894b50281d84a8bbe39e33728": ["0", "aarddict.android.DictionariesActivity"]}, {"3266d72894b50281d84a8bbe39e33728": ["0", "aarddict.android.DictionariesActivity"]}, {"3266d72894b50281d84a8bbe39e33728": ["0", "aarddict.android.DictionariesActivity"]}, {"3266d72894b50281d84a8bbe39e33728": ["0", "aarddict.android.DictionariesActivity"]}, {"3266d72894b50281d84a8bbe39e33728": ["0", "aarddict.android.DictionariesActivity"]}, {"3266d72894b50281d84a8bbe39e33728": ["0", "aarddict.android.DictionariesActivity"]}, {"3266d72894b50281d84a8bbe39e33728": ["0", "aarddict.android.DictionariesActivity"]}, {"3266d72894b50281d84a8bbe39e33728": ["0", "aarddict.android.DictionariesActivity"]}, {"3266d72894b50281d84a8bbe39e33728": ["0", "aarddict.android.DictionariesActivity"]}, {"3266d72894b50281d84a8bbe39e33728": ["0", "aarddict.android.DictionariesActivity"]}, {"3266d72894b50281d84a8bbe39e33728": ["0", "aarddict.android.DictionariesActivity"]}, {"3266d72894b50281d84a8bbe39e33728": ["0", "aarddict.android.DictionariesActivity"]}, {"3266d72894b50281d84a8bbe39e33728": ["0", "aarddict.android.DictionariesActivity"]}, {"3266d72894b50281d84a8bbe39e33728": ["0", "aarddict.android.DictionariesActivity"]}, {"3266d72894b50281d84a8bbe39e33728": ["0", "aarddict.android.DictionariesActivity"]}, {"3266d72894b50281d84a8bbe39e33728": ["0", "aarddict.android.DictionariesActivity"]}, {"3266d72894b50281d84a8bbe39e33728": ["0", "aarddict.android.DictionariesActivity"]}, {"3266d72894b50281d84a8bbe39e33728": ["0", "aarddict.android.DictionariesActivity"]}, {"3266d72894b50281d84a8bbe39e33728": ["0", "aarddict.android.DictionariesActivity"]}, {"3266d72894b50281d84a8bbe39e33728": ["0", "aarddict.android.DictionariesActivity"]}, {"3266d72894b50281d84a8bbe39e33728": ["0", "aarddict.android.DictionariesActivity"]}, {"3266d72894b50281d84a8bbe39e33728": ["0", "aarddict.android.DictionariesActivity"]}, {"3266d72894b50281d84a8bbe39e33728": ["0", "aarddict.android.DictionariesActivity"]}, {"3266d72894b50281d84a8bbe39e33728": ["0", "aarddict.android.DictionariesActivity"]}, {"3266d72894b50281d84a8bbe39e33728": ["0", "aarddict.android.DictionariesActivity"]}, {"3266d72894b50281d84a8bbe39e33728": ["0", "aarddict.android.DictionariesActivity"]}, {"3266d72894b50281d84a8bbe39e33728": ["0", "aarddict.android.DictionariesActivity"]}, {"3266d72894b50281d84a8bbe39e33728": ["0", "aarddict.android.DictionariesActivity"]}, {"3266d72894b50281d84a8bbe39e33728": ["0", "aarddict.android.DictionariesActivity"]}, {"3266d72894b50281d84a8bbe39e33728": ["0", "aarddict.android.DictionariesActivity"]}, {"3266d72894b50281d84a8bbe39e33728": ["0", "aarddict.android.DictionariesActivity"]}, {"3266d72894b50281d84a8bbe39e33728": ["0", "aarddict.android.DictionariesActivity"]}, {"3266d72894b50281d84a8bbe39e33728": ["0", "aarddict.android.DictionariesActivity"]}, {"3266d72894b50281d84a8bbe39e33728": ["0", "aarddict.android.DictionariesActivity"]}, {"3266d72894b50281d84a8bbe39e33728": ["0", "aarddict.android.DictionariesActivity"]}, {"3266d72894b50281d84a8bbe39e33728": ["0", "aarddict.android.DictionariesActivity"]}, {"3266d72894b50281d84a8bbe39e33728": ["0", "aarddict.android.DictionariesActivity"]}, {"3266d72894b50281d84a8bbe39e33728": ["0", "aarddict.android.DictionariesActivity"]}, {"3266d72894b50281d84a8bbe39e33728": ["0", "aarddict.android.DictionariesActivity"]}, {"3266d72894b50281d84a8bbe39e33728": ["0", "aarddict.android.DictionariesActivity"]}, {"3266d72894b50281d84a8bbe39e33728": ["0", "aarddict.android.DictionariesActivity"]}, {"3266d72894b50281d84a8bbe39e33728": ["0", "aarddict.android.DictionariesActivity"]}, {"3266d72894b50281d84a8bbe39e33728": ["0", "aarddict.android.DictionariesActivity"]}]