[{"a6ef29e91209424fedd37719b9a3efff": ["0", "a2dp.Vol.main"]}, {"a6ef29e91209424fedd37719b9a3efff": ["0", "a2dp.Vol.main"]}, {"a6ef29e91209424fedd37719b9a3efff": ["0", "a2dp.Vol.main"]}, {"81091b58697b2b24f338002575d07f7e": ["1", "a2dp.Vol.main"]}, {"a6ef29e91209424fedd37719b9a3efff": ["0", "a2dp.Vol.main"]}, {"81091b58697b2b24f338002575d07f7e": ["1", "a2dp.Vol.main"]}, {"a6ef29e91209424fedd37719b9a3efff": ["0", "a2dp.Vol.main"]}, {"a6ef29e91209424fedd37719b9a3efff": ["0", "a2dp.Vol.main"]}, {"a6ef29e91209424fedd37719b9a3efff": ["0", "a2dp.Vol.main"]}, {"a6ef29e91209424fedd37719b9a3efff": ["0", "a2dp.Vol.main"]}, {"a6ef29e91209424fedd37719b9a3efff": ["0", "a2dp.Vol.main"]}, {"a6ef29e91209424fedd37719b9a3efff": ["0", "a2dp.Vol.main"]}, {"a6ef29e91209424fedd37719b9a3efff": ["0", "a2dp.Vol.main"]}, {"a6ef29e91209424fedd37719b9a3efff": ["0", "a2dp.Vol.main"]}, {"a6ef29e91209424fedd37719b9a3efff": ["0", "a2dp.Vol.main"]}, {"a6ef29e91209424fedd37719b9a3efff": ["0", "a2dp.Vol.main"]}, {"a6ef29e91209424fedd37719b9a3efff": ["0", "a2dp.Vol.main"]}, {"a6ef29e91209424fedd37719b9a3efff": ["0", "a2dp.Vol.main"]}, {"a6ef29e91209424fedd37719b9a3efff": ["0", "a2dp.Vol.main"]}, {"a6ef29e91209424fedd37719b9a3efff": ["0", "a2dp.Vol.main"]}, {"abb4c2edcc1fc5848b29736e0b0f480d": ["69", "a2dp.Vol.Preferences"]}, {"abb4c2edcc1fc5848b29736e0b0f480d": ["69", "a2dp.Vol.Preferences"]}, {"552d0c7e63d9437b29c3bc8ca187387d": ["108", "a2dp.Vol.Preferences"]}, {"552d0c7e63d9437b29c3bc8ca187387d": ["108", "a2dp.Vol.Preferences"]}, {"0c7064a714a2e61694559fd1f6ccaad3": ["106", "a2dp.Vol.Preferences"]}, {"0de54e237abf727fc1da1886ac8fe68e": ["70", "a2dp.Vol.Preferences"]}, {"2a597164a1793ef4aec96f5fa715ca21": ["71", "a2dp.Vol.Preferences"]}, {"a6ef29e91209424fedd37719b9a3efff": ["0", "a2dp.Vol.main"]}, {"0de54e237abf727fc1da1886ac8fe68e": ["70", "a2dp.Vol.Preferences"]}, {"41c98eae3759320853f7f62d93c5e57f": ["72", "a2dp.Vol.Preferences"]}, {"0de54e237abf727fc1da1886ac8fe68e": ["70", "a2dp.Vol.Preferences"]}, {"a6ef29e91209424fedd37719b9a3efff": ["0", "a2dp.Vol.main"]}, {"a5086139c546b47ab74736a93fcff1f9": ["107", "a2dp.Vol.main"]}, {"81091b58697b2b24f338002575d07f7e": ["1", "a2dp.Vol.main"]}, {"a5086139c546b47ab74736a93fcff1f9": ["107", "a2dp.Vol.main"]}, {"a5086139c546b47ab74736a93fcff1f9": ["107", "a2dp.Vol.main"]}, {"a5086139c546b47ab74736a93fcff1f9": ["107", "a2dp.Vol.main"]}, {"a5086139c546b47ab74736a93fcff1f9": ["107", "a2dp.Vol.main"]}, {"a5086139c546b47ab74736a93fcff1f9": ["107", "a2dp.Vol.main"]}, {"a5086139c546b47ab74736a93fcff1f9": ["107", "a2dp.Vol.main"]}, {"a5086139c546b47ab74736a93fcff1f9": ["107", "a2dp.Vol.main"]}, {"a5086139c546b47ab74736a93fcff1f9": ["107", "a2dp.Vol.main"]}, {"a5086139c546b47ab74736a93fcff1f9": ["107", "a2dp.Vol.main"]}, {"a5086139c546b47ab74736a93fcff1f9": ["107", "a2dp.Vol.main"]}, {"a5086139c546b47ab74736a93fcff1f9": ["107", "a2dp.Vol.main"]}, {"a5086139c546b47ab74736a93fcff1f9": ["107", "a2dp.Vol.main"]}, {"a5086139c546b47ab74736a93fcff1f9": ["107", "a2dp.Vol.main"]}, {"81091b58697b2b24f338002575d07f7e": ["1", "a2dp.Vol.main"]}, {"a5086139c546b47ab74736a93fcff1f9": ["107", "a2dp.Vol.main"]}, {"a5086139c546b47ab74736a93fcff1f9": ["107", "a2dp.Vol.main"]}, {"a5086139c546b47ab74736a93fcff1f9": ["107", "a2dp.Vol.main"]}, {"9aebd91966339d39e59cdaf8ca55f280": ["18", "a2dp.Vol.main"]}, {"9aebd91966339d39e59cdaf8ca55f280": ["18", "a2dp.Vol.main"]}, {"0851af6ecbf2d5d0279183c10e4a770b": ["76", "a2dp.Vol.main"]}, {"abb4c2edcc1fc5848b29736e0b0f480d": ["69", "a2dp.Vol.Preferences"]}, {"a6ef29e91209424fedd37719b9a3efff": ["0", "a2dp.Vol.main"]}, {"a6ef29e91209424fedd37719b9a3efff": ["0", "a2dp.Vol.main"]}, {"c2bb461cb03e0edfd6db4e31fc7235a0": ["74", "a2dp.Vol.ManageData"]}, {"c2bb461cb03e0edfd6db4e31fc7235a0": ["74", "a2dp.Vol.ManageData"]}, {"c2bb461cb03e0edfd6db4e31fc7235a0": ["74", "a2dp.Vol.ManageData"]}, {"c2bb461cb03e0edfd6db4e31fc7235a0": ["74", "a2dp.Vol.ManageData"]}, {"c2bb461cb03e0edfd6db4e31fc7235a0": ["74", "a2dp.Vol.ManageData"]}, {"c2bb461cb03e0edfd6db4e31fc7235a0": ["74", "a2dp.Vol.ManageData"]}, {"c2bb461cb03e0edfd6db4e31fc7235a0": ["74", "a2dp.Vol.ManageData"]}, {"c2bb461cb03e0edfd6db4e31fc7235a0": ["74", "a2dp.Vol.ManageData"]}, {"c2bb461cb03e0edfd6db4e31fc7235a0": ["74", "a2dp.Vol.ManageData"]}, {"c2bb461cb03e0edfd6db4e31fc7235a0": ["74", "a2dp.Vol.ManageData"]}, {"c2bb461cb03e0edfd6db4e31fc7235a0": ["74", "a2dp.Vol.ManageData"]}, {"c2bb461cb03e0edfd6db4e31fc7235a0": ["74", "a2dp.Vol.ManageData"]}, {"c2bb461cb03e0edfd6db4e31fc7235a0": ["74", "a2dp.Vol.ManageData"]}, {"c2bb461cb03e0edfd6db4e31fc7235a0": ["74", "a2dp.Vol.ManageData"]}, {"c2bb461cb03e0edfd6db4e31fc7235a0": ["74", "a2dp.Vol.ManageData"]}, {"c2bb461cb03e0edfd6db4e31fc7235a0": ["74", "a2dp.Vol.ManageData"]}, {"c2bb461cb03e0edfd6db4e31fc7235a0": ["74", "a2dp.Vol.ManageData"]}, {"c2bb461cb03e0edfd6db4e31fc7235a0": ["74", "a2dp.Vol.ManageData"]}, {"c2bb461cb03e0edfd6db4e31fc7235a0": ["74", "a2dp.Vol.ManageData"]}, {"c2bb461cb03e0edfd6db4e31fc7235a0": ["74", "a2dp.Vol.ManageData"]}, {"c2bb461cb03e0edfd6db4e31fc7235a0": ["74", "a2dp.Vol.ManageData"]}, {"c2bb461cb03e0edfd6db4e31fc7235a0": ["74", "a2dp.Vol.ManageData"]}, {"c2bb461cb03e0edfd6db4e31fc7235a0": ["74", "a2dp.Vol.ManageData"]}, {"c2bb461cb03e0edfd6db4e31fc7235a0": ["74", "a2dp.Vol.ManageData"]}, {"c2bb461cb03e0edfd6db4e31fc7235a0": ["74", "a2dp.Vol.ManageData"]}, {"c2bb461cb03e0edfd6db4e31fc7235a0": ["74", "a2dp.Vol.ManageData"]}, {"c2bb461cb03e0edfd6db4e31fc7235a0": ["74", "a2dp.Vol.ManageData"]}, {"c2bb461cb03e0edfd6db4e31fc7235a0": ["74", "a2dp.Vol.ManageData"]}, {"c2bb461cb03e0edfd6db4e31fc7235a0": ["74", "a2dp.Vol.ManageData"]}, {"c2bb461cb03e0edfd6db4e31fc7235a0": ["74", "a2dp.Vol.ManageData"]}, {"c2bb461cb03e0edfd6db4e31fc7235a0": ["74", "a2dp.Vol.ManageData"]}, {"c2bb461cb03e0edfd6db4e31fc7235a0": ["74", "a2dp.Vol.ManageData"]}, {"c2bb461cb03e0edfd6db4e31fc7235a0": ["74", "a2dp.Vol.ManageData"]}, {"c2bb461cb03e0edfd6db4e31fc7235a0": ["74", "a2dp.Vol.ManageData"]}, {"c2bb461cb03e0edfd6db4e31fc7235a0": ["74", "a2dp.Vol.ManageData"]}, {"c2bb461cb03e0edfd6db4e31fc7235a0": ["74", "a2dp.Vol.ManageData"]}, {"c2bb461cb03e0edfd6db4e31fc7235a0": ["74", "a2dp.Vol.ManageData"]}, {"c2bb461cb03e0edfd6db4e31fc7235a0": ["74", "a2dp.Vol.ManageData"]}, {"c2bb461cb03e0edfd6db4e31fc7235a0": ["74", "a2dp.Vol.ManageData"]}, {"c2bb461cb03e0edfd6db4e31fc7235a0": ["74", "a2dp.Vol.ManageData"]}, {"c2bb461cb03e0edfd6db4e31fc7235a0": ["74", "a2dp.Vol.ManageData"]}, {"a6ef29e91209424fedd37719b9a3efff": ["0", "a2dp.Vol.main"]}, {"0de54e237abf727fc1da1886ac8fe68e": ["70", "a2dp.Vol.Preferences"]}, {"0de54e237abf727fc1da1886ac8fe68e": ["70", "a2dp.Vol.Preferences"]}, {"0de54e237abf727fc1da1886ac8fe68e": ["70", "a2dp.Vol.Preferences"]}, {"a6ef29e91209424fedd37719b9a3efff": ["0", "a2dp.Vol.main"]}, {"9aebd91966339d39e59cdaf8ca55f280": ["18", "a2dp.Vol.main"]}, {"a6ef29e91209424fedd37719b9a3efff": ["0", "a2dp.Vol.main"]}, {"a6ef29e91209424fedd37719b9a3efff": ["0", "a2dp.Vol.main"]}, {"a6ef29e91209424fedd37719b9a3efff": ["0", "a2dp.Vol.main"]}, {"a6ef29e91209424fedd37719b9a3efff": ["0", "a2dp.Vol.main"]}, {"a6ef29e91209424fedd37719b9a3efff": ["0", "a2dp.Vol.main"]}, {"a6ef29e91209424fedd37719b9a3efff": ["0", "a2dp.Vol.main"]}, {"a6ef29e91209424fedd37719b9a3efff": ["0", "a2dp.Vol.main"]}, {"a6ef29e91209424fedd37719b9a3efff": ["0", "a2dp.Vol.main"]}, {"abb4c2edcc1fc5848b29736e0b0f480d": ["69", "a2dp.Vol.Preferences"]}, {"abb4c2edcc1fc5848b29736e0b0f480d": ["69", "a2dp.Vol.Preferences"]}, {"abb4c2edcc1fc5848b29736e0b0f480d": ["69", "a2dp.Vol.Preferences"]}, {"abb4c2edcc1fc5848b29736e0b0f480d": ["69", "a2dp.Vol.Preferences"]}, {"abb4c2edcc1fc5848b29736e0b0f480d": ["69", "a2dp.Vol.Preferences"]}, {"abb4c2edcc1fc5848b29736e0b0f480d": ["69", "a2dp.Vol.Preferences"]}, {"abb4c2edcc1fc5848b29736e0b0f480d": ["69", "a2dp.Vol.Preferences"]}, {"abb4c2edcc1fc5848b29736e0b0f480d": ["69", "a2dp.Vol.Preferences"]}, {"0de54e237abf727fc1da1886ac8fe68e": ["70", "a2dp.Vol.Preferences"]}, {"0de54e237abf727fc1da1886ac8fe68e": ["70", "a2dp.Vol.Preferences"]}, {"2a597164a1793ef4aec96f5fa715ca21": ["71", "a2dp.Vol.Preferences"]}, {"0de54e237abf727fc1da1886ac8fe68e": ["70", "a2dp.Vol.Preferences"]}, {"0de54e237abf727fc1da1886ac8fe68e": ["70", "a2dp.Vol.Preferences"]}, {"0de54e237abf727fc1da1886ac8fe68e": ["70", "a2dp.Vol.Preferences"]}, {"41c98eae3759320853f7f62d93c5e57f": ["72", "a2dp.Vol.Preferences"]}, {"0de54e237abf727fc1da1886ac8fe68e": ["70", "a2dp.Vol.Preferences"]}, {"0de54e237abf727fc1da1886ac8fe68e": ["70", "a2dp.Vol.Preferences"]}, {"41c98eae3759320853f7f62d93c5e57f": ["72", "a2dp.Vol.Preferences"]}, {"0c7064a714a2e61694559fd1f6ccaad3": ["106", "a2dp.Vol.Preferences"]}, {"0c7064a714a2e61694559fd1f6ccaad3": ["106", "a2dp.Vol.Preferences"]}, {"2a597164a1793ef4aec96f5fa715ca21": ["71", "a2dp.Vol.Preferences"]}, {"a5086139c546b47ab74736a93fcff1f9": ["107", "a2dp.Vol.main"]}, {"81091b58697b2b24f338002575d07f7e": ["1", "a2dp.Vol.main"]}, {"0c7064a714a2e61694559fd1f6ccaad3": ["106", "a2dp.Vol.Preferences"]}, {"0c7064a714a2e61694559fd1f6ccaad3": ["106", "a2dp.Vol.Preferences"]}, {"0c7064a714a2e61694559fd1f6ccaad3": ["106", "a2dp.Vol.Preferences"]}, {"0c7064a714a2e61694559fd1f6ccaad3": ["106", "a2dp.Vol.Preferences"]}, {"0c7064a714a2e61694559fd1f6ccaad3": ["106", "a2dp.Vol.Preferences"]}, {"0c7064a714a2e61694559fd1f6ccaad3": ["106", "a2dp.Vol.Preferences"]}, {"0c7064a714a2e61694559fd1f6ccaad3": ["106", "a2dp.Vol.Preferences"]}, {"9101aa577e179419989e136298781ac7": ["105", "a2dp.Vol.Preferences"]}, {"9101aa577e179419989e136298781ac7": ["105", "a2dp.Vol.Preferences"]}, {"a5086139c546b47ab74736a93fcff1f9": ["107", "a2dp.Vol.main"]}, {"c2bb461cb03e0edfd6db4e31fc7235a0": ["74", "a2dp.Vol.ManageData"]}, {"c2bb461cb03e0edfd6db4e31fc7235a0": ["74", "a2dp.Vol.ManageData"]}, {"c2bb461cb03e0edfd6db4e31fc7235a0": ["74", "a2dp.Vol.ManageData"]}, {"c2bb461cb03e0edfd6db4e31fc7235a0": ["74", "a2dp.Vol.ManageData"]}, {"c2bb461cb03e0edfd6db4e31fc7235a0": ["74", "a2dp.Vol.ManageData"]}, {"c2bb461cb03e0edfd6db4e31fc7235a0": ["74", "a2dp.Vol.ManageData"]}, {"a6ef29e91209424fedd37719b9a3efff": ["0", "a2dp.Vol.main"]}, {"a6ef29e91209424fedd37719b9a3efff": ["0", "a2dp.Vol.main"]}, {"a6ef29e91209424fedd37719b9a3efff": ["0", "a2dp.Vol.main"]}, {"a6ef29e91209424fedd37719b9a3efff": ["0", "a2dp.Vol.main"]}, {"a6ef29e91209424fedd37719b9a3efff": ["0", "a2dp.Vol.main"]}, {"9101aa577e179419989e136298781ac7": ["105", "a2dp.Vol.Preferences"]}, {"9101aa577e179419989e136298781ac7": ["105", "a2dp.Vol.Preferences"]}, {"9101aa577e179419989e136298781ac7": ["105", "a2dp.Vol.Preferences"]}, {"9aebd91966339d39e59cdaf8ca55f280": ["18", "a2dp.Vol.main"]}, {"9aebd91966339d39e59cdaf8ca55f280": ["18", "a2dp.Vol.main"]}, {"9aebd91966339d39e59cdaf8ca55f280": ["18", "a2dp.Vol.main"]}, {"a6ef29e91209424fedd37719b9a3efff": ["0", "a2dp.Vol.main"]}, {"0de54e237abf727fc1da1886ac8fe68e": ["70", "a2dp.Vol.Preferences"]}, {"ea6f416a1f26f9b43c9ecc309f15ce80": ["75", "a2dp.Vol.main"]}, {"ea6f416a1f26f9b43c9ecc309f15ce80": ["75", "a2dp.Vol.main"]}, {"ea6f416a1f26f9b43c9ecc309f15ce80": ["75", "a2dp.Vol.main"]}, {"ea6f416a1f26f9b43c9ecc309f15ce80": ["75", "a2dp.Vol.main"]}, {"ea6f416a1f26f9b43c9ecc309f15ce80": ["75", "a2dp.Vol.main"]}, {"ea6f416a1f26f9b43c9ecc309f15ce80": ["75", "a2dp.Vol.main"]}, {"ea6f416a1f26f9b43c9ecc309f15ce80": ["75", "a2dp.Vol.main"]}, {"41c98eae3759320853f7f62d93c5e57f": ["72", "a2dp.Vol.Preferences"]}, {"0de54e237abf727fc1da1886ac8fe68e": ["70", "a2dp.Vol.Preferences"]}, {"0de54e237abf727fc1da1886ac8fe68e": ["70", "a2dp.Vol.Preferences"]}, {"ea6f416a1f26f9b43c9ecc309f15ce80": ["75", "a2dp.Vol.main"]}, {"ea6f416a1f26f9b43c9ecc309f15ce80": ["75", "a2dp.Vol.main"]}, {"81091b58697b2b24f338002575d07f7e": ["1", "a2dp.Vol.main"]}, {"ea6f416a1f26f9b43c9ecc309f15ce80": ["75", "a2dp.Vol.main"]}, {"ea6f416a1f26f9b43c9ecc309f15ce80": ["75", "a2dp.Vol.main"]}, {"81091b58697b2b24f338002575d07f7e": ["1", "a2dp.Vol.main"]}, {"a5086139c546b47ab74736a93fcff1f9": ["107", "a2dp.Vol.main"]}, {"a5086139c546b47ab74736a93fcff1f9": ["107", "a2dp.Vol.main"]}, {"a5086139c546b47ab74736a93fcff1f9": ["107", "a2dp.Vol.main"]}, {"a5086139c546b47ab74736a93fcff1f9": ["107", "a2dp.Vol.main"]}, {"81091b58697b2b24f338002575d07f7e": ["1", "a2dp.Vol.main"]}, {"04c5b3773ca91fc43f91d66f50588450": ["120", "a2dp.Vol.EditDevice"]}, {"0c86a596803587cac0e6adf0ed792cbd": ["16", "a2dp.Vol.EditDevice"]}, {"4f0f818f67cd00649afd15d391eda010": ["10", "a2dp.Vol.EditDevice"]}, {"f2641250226e45872759212c2885ec90": ["11", "a2dp.Vol.CustomIntentMaker"]}, {"0c86a596803587cac0e6adf0ed792cbd": ["16", "a2dp.Vol.EditDevice"]}, {"3804555c899958266d780f165ef3d9ad": ["14", "a2dp.Vol.EditDevice"]}, {"abb4c2edcc1fc5848b29736e0b0f480d": ["69", "a2dp.Vol.Preferences"]}, {"abb4c2edcc1fc5848b29736e0b0f480d": ["69", "a2dp.Vol.Preferences"]}, {"abb4c2edcc1fc5848b29736e0b0f480d": ["69", "a2dp.Vol.Preferences"]}, {"a5086139c546b47ab74736a93fcff1f9": ["107", "a2dp.Vol.main"]}, {"81091b58697b2b24f338002575d07f7e": ["1", "a2dp.Vol.main"]}, {"a5086139c546b47ab74736a93fcff1f9": ["107", "a2dp.Vol.main"]}, {"a5086139c546b47ab74736a93fcff1f9": ["107", "a2dp.Vol.main"]}, {"a5086139c546b47ab74736a93fcff1f9": ["107", "a2dp.Vol.main"]}, {"81091b58697b2b24f338002575d07f7e": ["1", "a2dp.Vol.main"]}, {"a5086139c546b47ab74736a93fcff1f9": ["107", "a2dp.Vol.main"]}, {"a5086139c546b47ab74736a93fcff1f9": ["107", "a2dp.Vol.main"]}, {"552d0c7e63d9437b29c3bc8ca187387d": ["108", "a2dp.Vol.Preferences"]}, {"552d0c7e63d9437b29c3bc8ca187387d": ["108", "a2dp.Vol.Preferences"]}, {"abb4c2edcc1fc5848b29736e0b0f480d": ["69", "a2dp.Vol.Preferences"]}, {"abb4c2edcc1fc5848b29736e0b0f480d": ["69", "a2dp.Vol.Preferences"]}, {"2daa46153c734e9917d3302634804066": ["102", "a2dp.Vol.Preferences"]}, {"2daa46153c734e9917d3302634804066": ["102", "a2dp.Vol.Preferences"]}, {"2daa46153c734e9917d3302634804066": ["102", "a2dp.Vol.Preferences"]}, {"2daa46153c734e9917d3302634804066": ["102", "a2dp.Vol.Preferences"]}, {"2daa46153c734e9917d3302634804066": ["102", "a2dp.Vol.Preferences"]}, {"2daa46153c734e9917d3302634804066": ["102", "a2dp.Vol.Preferences"]}, {"abb4c2edcc1fc5848b29736e0b0f480d": ["69", "a2dp.Vol.Preferences"]}, {"abb4c2edcc1fc5848b29736e0b0f480d": ["69", "a2dp.Vol.Preferences"]}, {"abb4c2edcc1fc5848b29736e0b0f480d": ["69", "a2dp.Vol.Preferences"]}, {"abb4c2edcc1fc5848b29736e0b0f480d": ["69", "a2dp.Vol.Preferences"]}, {"abb4c2edcc1fc5848b29736e0b0f480d": ["69", "a2dp.Vol.Preferences"]}, {"abb4c2edcc1fc5848b29736e0b0f480d": ["69", "a2dp.Vol.Preferences"]}, {"abb4c2edcc1fc5848b29736e0b0f480d": ["69", "a2dp.Vol.Preferences"]}, {"abb4c2edcc1fc5848b29736e0b0f480d": ["69", "a2dp.Vol.Preferences"]}, {"abb4c2edcc1fc5848b29736e0b0f480d": ["69", "a2dp.Vol.Preferences"]}, {"a5086139c546b47ab74736a93fcff1f9": ["107", "a2dp.Vol.main"]}, {"ea6f416a1f26f9b43c9ecc309f15ce80": ["75", "a2dp.Vol.main"]}, {"ea6f416a1f26f9b43c9ecc309f15ce80": ["75", "a2dp.Vol.main"]}, {"ea6f416a1f26f9b43c9ecc309f15ce80": ["75", "a2dp.Vol.main"]}, {"ea6f416a1f26f9b43c9ecc309f15ce80": ["75", "a2dp.Vol.main"]}, {"ea6f416a1f26f9b43c9ecc309f15ce80": ["75", "a2dp.Vol.main"]}, {"81091b58697b2b24f338002575d07f7e": ["1", "a2dp.Vol.main"]}, {"ea6f416a1f26f9b43c9ecc309f15ce80": ["75", "a2dp.Vol.main"]}, {"ea6f416a1f26f9b43c9ecc309f15ce80": ["75", "a2dp.Vol.main"]}, {"ea6f416a1f26f9b43c9ecc309f15ce80": ["75", "a2dp.Vol.main"]}, {"ea6f416a1f26f9b43c9ecc309f15ce80": ["75", "a2dp.Vol.main"]}, {"ea6f416a1f26f9b43c9ecc309f15ce80": ["75", "a2dp.Vol.main"]}, {"ea6f416a1f26f9b43c9ecc309f15ce80": ["75", "a2dp.Vol.main"]}, {"ea6f416a1f26f9b43c9ecc309f15ce80": ["75", "a2dp.Vol.main"]}, {"81091b58697b2b24f338002575d07f7e": ["1", "a2dp.Vol.main"]}, {"ea6f416a1f26f9b43c9ecc309f15ce80": ["75", "a2dp.Vol.main"]}, {"ea6f416a1f26f9b43c9ecc309f15ce80": ["75", "a2dp.Vol.main"]}, {"ea6f416a1f26f9b43c9ecc309f15ce80": ["75", "a2dp.Vol.main"]}, {"ea6f416a1f26f9b43c9ecc309f15ce80": ["75", "a2dp.Vol.main"]}, {"ea6f416a1f26f9b43c9ecc309f15ce80": ["75", "a2dp.Vol.main"]}, {"81091b58697b2b24f338002575d07f7e": ["1", "a2dp.Vol.main"]}, {"abb4c2edcc1fc5848b29736e0b0f480d": ["69", "a2dp.Vol.Preferences"]}, {"abb4c2edcc1fc5848b29736e0b0f480d": ["69", "a2dp.Vol.Preferences"]}, {"abb4c2edcc1fc5848b29736e0b0f480d": ["69", "a2dp.Vol.Preferences"]}, {"abb4c2edcc1fc5848b29736e0b0f480d": ["69", "a2dp.Vol.Preferences"]}, {"0c7064a714a2e61694559fd1f6ccaad3": ["106", "a2dp.Vol.Preferences"]}, {"0de54e237abf727fc1da1886ac8fe68e": ["70", "a2dp.Vol.Preferences"]}, {"2a597164a1793ef4aec96f5fa715ca21": ["71", "a2dp.Vol.Preferences"]}, {"ea6f416a1f26f9b43c9ecc309f15ce80": ["75", "a2dp.Vol.main"]}, {"ea6f416a1f26f9b43c9ecc309f15ce80": ["75", "a2dp.Vol.main"]}, {"ea6f416a1f26f9b43c9ecc309f15ce80": ["75", "a2dp.Vol.main"]}, {"ea6f416a1f26f9b43c9ecc309f15ce80": ["75", "a2dp.Vol.main"]}, {"ea6f416a1f26f9b43c9ecc309f15ce80": ["75", "a2dp.Vol.main"]}, {"ea6f416a1f26f9b43c9ecc309f15ce80": ["75", "a2dp.Vol.main"]}, {"81091b58697b2b24f338002575d07f7e": ["1", "a2dp.Vol.main"]}, {"ea6f416a1f26f9b43c9ecc309f15ce80": ["75", "a2dp.Vol.main"]}, {"ea6f416a1f26f9b43c9ecc309f15ce80": ["75", "a2dp.Vol.main"]}, {"ea6f416a1f26f9b43c9ecc309f15ce80": ["75", "a2dp.Vol.main"]}, {"ea6f416a1f26f9b43c9ecc309f15ce80": ["75", "a2dp.Vol.main"]}, {"ea6f416a1f26f9b43c9ecc309f15ce80": ["75", "a2dp.Vol.main"]}, {"81091b58697b2b24f338002575d07f7e": ["1", "a2dp.Vol.main"]}, {"ea6f416a1f26f9b43c9ecc309f15ce80": ["75", "a2dp.Vol.main"]}, {"ea6f416a1f26f9b43c9ecc309f15ce80": ["75", "a2dp.Vol.main"]}, {"ea6f416a1f26f9b43c9ecc309f15ce80": ["75", "a2dp.Vol.main"]}, {"ea6f416a1f26f9b43c9ecc309f15ce80": ["75", "a2dp.Vol.main"]}, {"81091b58697b2b24f338002575d07f7e": ["1", "a2dp.Vol.main"]}, {"ea6f416a1f26f9b43c9ecc309f15ce80": ["75", "a2dp.Vol.main"]}, {"81091b58697b2b24f338002575d07f7e": ["1", "a2dp.Vol.main"]}, {"ea6f416a1f26f9b43c9ecc309f15ce80": ["75", "a2dp.Vol.main"]}, {"ea6f416a1f26f9b43c9ecc309f15ce80": ["75", "a2dp.Vol.main"]}, {"ea6f416a1f26f9b43c9ecc309f15ce80": ["75", "a2dp.Vol.main"]}, {"ea6f416a1f26f9b43c9ecc309f15ce80": ["75", "a2dp.Vol.main"]}, {"81091b58697b2b24f338002575d07f7e": ["1", "a2dp.Vol.main"]}, {"ea6f416a1f26f9b43c9ecc309f15ce80": ["75", "a2dp.Vol.main"]}, {"ea6f416a1f26f9b43c9ecc309f15ce80": ["75", "a2dp.Vol.main"]}, {"ea6f416a1f26f9b43c9ecc309f15ce80": ["75", "a2dp.Vol.main"]}, {"abb4c2edcc1fc5848b29736e0b0f480d": ["69", "a2dp.Vol.Preferences"]}, {"abb4c2edcc1fc5848b29736e0b0f480d": ["69", "a2dp.Vol.Preferences"]}, {"0c7064a714a2e61694559fd1f6ccaad3": ["106", "a2dp.Vol.Preferences"]}, {"2a597164a1793ef4aec96f5fa715ca21": ["71", "a2dp.Vol.Preferences"]}, {"0c7064a714a2e61694559fd1f6ccaad3": ["106", "a2dp.Vol.Preferences"]}, {"0c7064a714a2e61694559fd1f6ccaad3": ["106", "a2dp.Vol.Preferences"]}, {"0c7064a714a2e61694559fd1f6ccaad3": ["106", "a2dp.Vol.Preferences"]}, {"0c7064a714a2e61694559fd1f6ccaad3": ["106", "a2dp.Vol.Preferences"]}, {"3fba3e94dafcecc3659b89a8940c7516": ["111", "a2dp.Vol.Preferences"]}, {"3fba3e94dafcecc3659b89a8940c7516": ["111", "a2dp.Vol.Preferences"]}, {"0de54e237abf727fc1da1886ac8fe68e": ["70", "a2dp.Vol.Preferences"]}, {"0de54e237abf727fc1da1886ac8fe68e": ["70", "a2dp.Vol.Preferences"]}, {"0de54e237abf727fc1da1886ac8fe68e": ["70", "a2dp.Vol.Preferences"]}, {"0c7064a714a2e61694559fd1f6ccaad3": ["106", "a2dp.Vol.Preferences"]}, {"0c7064a714a2e61694559fd1f6ccaad3": ["106", "a2dp.Vol.Preferences"]}, {"0c7064a714a2e61694559fd1f6ccaad3": ["106", "a2dp.Vol.Preferences"]}, {"0c7064a714a2e61694559fd1f6ccaad3": ["106", "a2dp.Vol.Preferences"]}, {"abb4c2edcc1fc5848b29736e0b0f480d": ["69", "a2dp.Vol.Preferences"]}, {"abb4c2edcc1fc5848b29736e0b0f480d": ["69", "a2dp.Vol.Preferences"]}, {"abb4c2edcc1fc5848b29736e0b0f480d": ["69", "a2dp.Vol.Preferences"]}, {"abb4c2edcc1fc5848b29736e0b0f480d": ["69", "a2dp.Vol.Preferences"]}, {"abb4c2edcc1fc5848b29736e0b0f480d": ["69", "a2dp.Vol.Preferences"]}, {"abb4c2edcc1fc5848b29736e0b0f480d": ["69", "a2dp.Vol.Preferences"]}, {"ea6f416a1f26f9b43c9ecc309f15ce80": ["75", "a2dp.Vol.main"]}, {"ea6f416a1f26f9b43c9ecc309f15ce80": ["75", "a2dp.Vol.main"]}, {"c2bb461cb03e0edfd6db4e31fc7235a0": ["74", "a2dp.Vol.ManageData"]}, {"c2bb461cb03e0edfd6db4e31fc7235a0": ["74", "a2dp.Vol.ManageData"]}, {"c2bb461cb03e0edfd6db4e31fc7235a0": ["74", "a2dp.Vol.ManageData"]}, {"c2bb461cb03e0edfd6db4e31fc7235a0": ["74", "a2dp.Vol.ManageData"]}, {"c2bb461cb03e0edfd6db4e31fc7235a0": ["74", "a2dp.Vol.ManageData"]}, {"c2bb461cb03e0edfd6db4e31fc7235a0": ["74", "a2dp.Vol.ManageData"]}, {"c2bb461cb03e0edfd6db4e31fc7235a0": ["74", "a2dp.Vol.ManageData"]}, {"c2bb461cb03e0edfd6db4e31fc7235a0": ["74", "a2dp.Vol.ManageData"]}, {"c2bb461cb03e0edfd6db4e31fc7235a0": ["74", "a2dp.Vol.ManageData"]}, {"c2bb461cb03e0edfd6db4e31fc7235a0": ["74", "a2dp.Vol.ManageData"]}, {"c2bb461cb03e0edfd6db4e31fc7235a0": ["74", "a2dp.Vol.ManageData"]}, {"c2bb461cb03e0edfd6db4e31fc7235a0": ["74", "a2dp.Vol.ManageData"]}, {"c2bb461cb03e0edfd6db4e31fc7235a0": ["74", "a2dp.Vol.ManageData"]}, {"c2bb461cb03e0edfd6db4e31fc7235a0": ["74", "a2dp.Vol.ManageData"]}, {"c2bb461cb03e0edfd6db4e31fc7235a0": ["74", "a2dp.Vol.ManageData"]}, {"c2bb461cb03e0edfd6db4e31fc7235a0": ["74", "a2dp.Vol.ManageData"]}, {"c2bb461cb03e0edfd6db4e31fc7235a0": ["74", "a2dp.Vol.ManageData"]}, {"c2bb461cb03e0edfd6db4e31fc7235a0": ["74", "a2dp.Vol.ManageData"]}, {"c2bb461cb03e0edfd6db4e31fc7235a0": ["74", "a2dp.Vol.ManageData"]}, {"c2bb461cb03e0edfd6db4e31fc7235a0": ["74", "a2dp.Vol.ManageData"]}, {"c2bb461cb03e0edfd6db4e31fc7235a0": ["74", "a2dp.Vol.ManageData"]}, {"c2bb461cb03e0edfd6db4e31fc7235a0": ["74", "a2dp.Vol.ManageData"]}, {"c2bb461cb03e0edfd6db4e31fc7235a0": ["74", "a2dp.Vol.ManageData"]}, {"c2bb461cb03e0edfd6db4e31fc7235a0": ["74", "a2dp.Vol.ManageData"]}, {"c2bb461cb03e0edfd6db4e31fc7235a0": ["74", "a2dp.Vol.ManageData"]}, {"c2bb461cb03e0edfd6db4e31fc7235a0": ["74", "a2dp.Vol.ManageData"]}, {"c2bb461cb03e0edfd6db4e31fc7235a0": ["74", "a2dp.Vol.ManageData"]}, {"c2bb461cb03e0edfd6db4e31fc7235a0": ["74", "a2dp.Vol.ManageData"]}, {"c2bb461cb03e0edfd6db4e31fc7235a0": ["74", "a2dp.Vol.ManageData"]}, {"c2bb461cb03e0edfd6db4e31fc7235a0": ["74", "a2dp.Vol.ManageData"]}, {"c2bb461cb03e0edfd6db4e31fc7235a0": ["74", "a2dp.Vol.ManageData"]}, {"c2bb461cb03e0edfd6db4e31fc7235a0": ["74", "a2dp.Vol.ManageData"]}, {"c2bb461cb03e0edfd6db4e31fc7235a0": ["74", "a2dp.Vol.ManageData"]}, {"c2bb461cb03e0edfd6db4e31fc7235a0": ["74", "a2dp.Vol.ManageData"]}, {"c2bb461cb03e0edfd6db4e31fc7235a0": ["74", "a2dp.Vol.ManageData"]}, {"c2bb461cb03e0edfd6db4e31fc7235a0": ["74", "a2dp.Vol.ManageData"]}, {"c2bb461cb03e0edfd6db4e31fc7235a0": ["74", "a2dp.Vol.ManageData"]}, {"c2bb461cb03e0edfd6db4e31fc7235a0": ["74", "a2dp.Vol.ManageData"]}, {"c2bb461cb03e0edfd6db4e31fc7235a0": ["74", "a2dp.Vol.ManageData"]}, {"ea6f416a1f26f9b43c9ecc309f15ce80": ["75", "a2dp.Vol.main"]}, {"81091b58697b2b24f338002575d07f7e": ["1", "a2dp.Vol.main"]}, {"ea6f416a1f26f9b43c9ecc309f15ce80": ["75", "a2dp.Vol.main"]}, {"abb4c2edcc1fc5848b29736e0b0f480d": ["69", "a2dp.Vol.Preferences"]}, {"abb4c2edcc1fc5848b29736e0b0f480d": ["69", "a2dp.Vol.Preferences"]}, {"abb4c2edcc1fc5848b29736e0b0f480d": ["69", "a2dp.Vol.Preferences"]}, {"abb4c2edcc1fc5848b29736e0b0f480d": ["69", "a2dp.Vol.Preferences"]}, {"abb4c2edcc1fc5848b29736e0b0f480d": ["69", "a2dp.Vol.Preferences"]}, {"abb4c2edcc1fc5848b29736e0b0f480d": ["69", "a2dp.Vol.Preferences"]}, {"abb4c2edcc1fc5848b29736e0b0f480d": ["69", "a2dp.Vol.Preferences"]}, {"abb4c2edcc1fc5848b29736e0b0f480d": ["69", "a2dp.Vol.Preferences"]}, {"abb4c2edcc1fc5848b29736e0b0f480d": ["69", "a2dp.Vol.Preferences"]}, {"abb4c2edcc1fc5848b29736e0b0f480d": ["69", "a2dp.Vol.Preferences"]}, {"abb4c2edcc1fc5848b29736e0b0f480d": ["69", "a2dp.Vol.Preferences"]}, {"abb4c2edcc1fc5848b29736e0b0f480d": ["69", "a2dp.Vol.Preferences"]}, {"abb4c2edcc1fc5848b29736e0b0f480d": ["69", "a2dp.Vol.Preferences"]}, {"ea6f416a1f26f9b43c9ecc309f15ce80": ["75", "a2dp.Vol.main"]}, {"ea6f416a1f26f9b43c9ecc309f15ce80": ["75", "a2dp.Vol.main"]}, {"ea6f416a1f26f9b43c9ecc309f15ce80": ["75", "a2dp.Vol.main"]}, {"ea6f416a1f26f9b43c9ecc309f15ce80": ["75", "a2dp.Vol.main"]}, {"abb4c2edcc1fc5848b29736e0b0f480d": ["69", "a2dp.Vol.Preferences"]}, {"abb4c2edcc1fc5848b29736e0b0f480d": ["69", "a2dp.Vol.Preferences"]}, {"abb4c2edcc1fc5848b29736e0b0f480d": ["69", "a2dp.Vol.Preferences"]}, {"abb4c2edcc1fc5848b29736e0b0f480d": ["69", "a2dp.Vol.Preferences"]}, {"abb4c2edcc1fc5848b29736e0b0f480d": ["69", "a2dp.Vol.Preferences"]}, {"abb4c2edcc1fc5848b29736e0b0f480d": ["69", "a2dp.Vol.Preferences"]}, {"abb4c2edcc1fc5848b29736e0b0f480d": ["69", "a2dp.Vol.Preferences"]}, {"2daa46153c734e9917d3302634804066": ["102", "a2dp.Vol.Preferences"]}, {"2daa46153c734e9917d3302634804066": ["102", "a2dp.Vol.Preferences"]}, {"2daa46153c734e9917d3302634804066": ["102", "a2dp.Vol.Preferences"]}, {"2daa46153c734e9917d3302634804066": ["102", "a2dp.Vol.Preferences"]}, {"2daa46153c734e9917d3302634804066": ["102", "a2dp.Vol.Preferences"]}, {"2daa46153c734e9917d3302634804066": ["102", "a2dp.Vol.Preferences"]}, {"abb4c2edcc1fc5848b29736e0b0f480d": ["69", "a2dp.Vol.Preferences"]}, {"abb4c2edcc1fc5848b29736e0b0f480d": ["69", "a2dp.Vol.Preferences"]}, {"abb4c2edcc1fc5848b29736e0b0f480d": ["69", "a2dp.Vol.Preferences"]}, {"abb4c2edcc1fc5848b29736e0b0f480d": ["69", "a2dp.Vol.Preferences"]}, {"abb4c2edcc1fc5848b29736e0b0f480d": ["69", "a2dp.Vol.Preferences"]}, {"abb4c2edcc1fc5848b29736e0b0f480d": ["69", "a2dp.Vol.Preferences"]}, {"abb4c2edcc1fc5848b29736e0b0f480d": ["69", "a2dp.Vol.Preferences"]}, {"abb4c2edcc1fc5848b29736e0b0f480d": ["69", "a2dp.Vol.Preferences"]}, {"abb4c2edcc1fc5848b29736e0b0f480d": ["69", "a2dp.Vol.Preferences"]}, {"ea6f416a1f26f9b43c9ecc309f15ce80": ["75", "a2dp.Vol.main"]}, {"81091b58697b2b24f338002575d07f7e": ["1", "a2dp.Vol.main"]}, {"abb4c2edcc1fc5848b29736e0b0f480d": ["69", "a2dp.Vol.Preferences"]}, {"e953d2df79189e577f0fbfdda820c638": ["117", "a2dp.Vol.Preferences"]}, {"e953d2df79189e577f0fbfdda820c638": ["117", "a2dp.Vol.Preferences"]}, {"e953d2df79189e577f0fbfdda820c638": ["117", "a2dp.Vol.Preferences"]}, {"e953d2df79189e577f0fbfdda820c638": ["117", "a2dp.Vol.Preferences"]}, {"e953d2df79189e577f0fbfdda820c638": ["117", "a2dp.Vol.Preferences"]}, {"e953d2df79189e577f0fbfdda820c638": ["117", "a2dp.Vol.Preferences"]}, {"e953d2df79189e577f0fbfdda820c638": ["117", "a2dp.Vol.Preferences"]}, {"df917d8f31de7cb035fa374e07309f05": ["112", "a2dp.Vol.Preferences"]}, {"df917d8f31de7cb035fa374e07309f05": ["112", "a2dp.Vol.Preferences"]}, {"ea6f416a1f26f9b43c9ecc309f15ce80": ["75", "a2dp.Vol.main"]}, {"ea6f416a1f26f9b43c9ecc309f15ce80": ["75", "a2dp.Vol.main"]}, {"ea6f416a1f26f9b43c9ecc309f15ce80": ["75", "a2dp.Vol.main"]}, {"ea6f416a1f26f9b43c9ecc309f15ce80": ["75", "a2dp.Vol.main"]}, {"81091b58697b2b24f338002575d07f7e": ["1", "a2dp.Vol.main"]}, {"ea6f416a1f26f9b43c9ecc309f15ce80": ["75", "a2dp.Vol.main"]}, {"81091b58697b2b24f338002575d07f7e": ["1", "a2dp.Vol.main"]}, {"0c86a596803587cac0e6adf0ed792cbd": ["16", "a2dp.Vol.EditDevice"]}, {"ea6f416a1f26f9b43c9ecc309f15ce80": ["75", "a2dp.Vol.main"]}, {"ea6f416a1f26f9b43c9ecc309f15ce80": ["75", "a2dp.Vol.main"]}, {"ea6f416a1f26f9b43c9ecc309f15ce80": ["75", "a2dp.Vol.main"]}, {"81091b58697b2b24f338002575d07f7e": ["1", "a2dp.Vol.main"]}, {"ea6f416a1f26f9b43c9ecc309f15ce80": ["75", "a2dp.Vol.main"]}, {"ea6f416a1f26f9b43c9ecc309f15ce80": ["75", "a2dp.Vol.main"]}, {"81091b58697b2b24f338002575d07f7e": ["1", "a2dp.Vol.main"]}, {"ea6f416a1f26f9b43c9ecc309f15ce80": ["75", "a2dp.Vol.main"]}, {"ea6f416a1f26f9b43c9ecc309f15ce80": ["75", "a2dp.Vol.main"]}, {"81091b58697b2b24f338002575d07f7e": ["1", "a2dp.Vol.main"]}, {"a5086139c546b47ab74736a93fcff1f9": ["107", "a2dp.Vol.main"]}, {"0de54e237abf727fc1da1886ac8fe68e": ["70", "a2dp.Vol.Preferences"]}, {"a5086139c546b47ab74736a93fcff1f9": ["107", "a2dp.Vol.main"]}, {"a5086139c546b47ab74736a93fcff1f9": ["107", "a2dp.Vol.main"]}, {"a5086139c546b47ab74736a93fcff1f9": ["107", "a2dp.Vol.main"]}, {"a5086139c546b47ab74736a93fcff1f9": ["107", "a2dp.Vol.main"]}, {"a5086139c546b47ab74736a93fcff1f9": ["107", "a2dp.Vol.main"]}, {"a5086139c546b47ab74736a93fcff1f9": ["107", "a2dp.Vol.main"]}, {"41c98eae3759320853f7f62d93c5e57f": ["72", "a2dp.Vol.Preferences"]}, {"0de54e237abf727fc1da1886ac8fe68e": ["70", "a2dp.Vol.Preferences"]}, {"0de54e237abf727fc1da1886ac8fe68e": ["70", "a2dp.Vol.Preferences"]}, {"9aebd91966339d39e59cdaf8ca55f280": ["18", "a2dp.Vol.main"]}, {"a5086139c546b47ab74736a93fcff1f9": ["107", "a2dp.Vol.main"]}, {"81091b58697b2b24f338002575d07f7e": ["1", "a2dp.Vol.main"]}, {"a5086139c546b47ab74736a93fcff1f9": ["107", "a2dp.Vol.main"]}, {"a5086139c546b47ab74736a93fcff1f9": ["107", "a2dp.Vol.main"]}, {"81091b58697b2b24f338002575d07f7e": ["1", "a2dp.Vol.main"]}, {"a6ef29e91209424fedd37719b9a3efff": ["0", "a2dp.Vol.main"]}, {"a6ef29e91209424fedd37719b9a3efff": ["0", "a2dp.Vol.main"]}, {"a6ef29e91209424fedd37719b9a3efff": ["0", "a2dp.Vol.main"]}, {"a5086139c546b47ab74736a93fcff1f9": ["107", "a2dp.Vol.main"]}, {"abb4c2edcc1fc5848b29736e0b0f480d": ["69", "a2dp.Vol.Preferences"]}, {"abb4c2edcc1fc5848b29736e0b0f480d": ["69", "a2dp.Vol.Preferences"]}, {"abb4c2edcc1fc5848b29736e0b0f480d": ["69", "a2dp.Vol.Preferences"]}, {"abb4c2edcc1fc5848b29736e0b0f480d": ["69", "a2dp.Vol.Preferences"]}, {"abb4c2edcc1fc5848b29736e0b0f480d": ["69", "a2dp.Vol.Preferences"]}, {"abb4c2edcc1fc5848b29736e0b0f480d": ["69", "a2dp.Vol.Preferences"]}, {"0de54e237abf727fc1da1886ac8fe68e": ["70", "a2dp.Vol.Preferences"]}, {"41c98eae3759320853f7f62d93c5e57f": ["72", "a2dp.Vol.Preferences"]}, {"0de54e237abf727fc1da1886ac8fe68e": ["70", "a2dp.Vol.Preferences"]}, {"0de54e237abf727fc1da1886ac8fe68e": ["70", "a2dp.Vol.Preferences"]}, {"a5086139c546b47ab74736a93fcff1f9": ["107", "a2dp.Vol.main"]}, {"a5086139c546b47ab74736a93fcff1f9": ["107", "a2dp.Vol.main"]}, {"81091b58697b2b24f338002575d07f7e": ["1", "a2dp.Vol.main"]}, {"0c86a596803587cac0e6adf0ed792cbd": ["16", "a2dp.Vol.EditDevice"]}, {"4f0f818f67cd00649afd15d391eda010": ["10", "a2dp.Vol.EditDevice"]}, {"f2641250226e45872759212c2885ec90": ["11", "a2dp.Vol.CustomIntentMaker"]}, {"0c86a596803587cac0e6adf0ed792cbd": ["16", "a2dp.Vol.EditDevice"]}, {"3804555c899958266d780f165ef3d9ad": ["14", "a2dp.Vol.EditDevice"]}, {"a5086139c546b47ab74736a93fcff1f9": ["107", "a2dp.Vol.main"]}, {"a5086139c546b47ab74736a93fcff1f9": ["107", "a2dp.Vol.main"]}, {"81091b58697b2b24f338002575d07f7e": ["1", "a2dp.Vol.main"]}, {"a5086139c546b47ab74736a93fcff1f9": ["107", "a2dp.Vol.main"]}, {"81091b58697b2b24f338002575d07f7e": ["1", "a2dp.Vol.main"]}, {"a5086139c546b47ab74736a93fcff1f9": ["107", "a2dp.Vol.main"]}, {"a5086139c546b47ab74736a93fcff1f9": ["107", "a2dp.Vol.main"]}, {"a5086139c546b47ab74736a93fcff1f9": ["107", "a2dp.Vol.main"]}, {"81091b58697b2b24f338002575d07f7e": ["1", "a2dp.Vol.main"]}, {"a5086139c546b47ab74736a93fcff1f9": ["107", "a2dp.Vol.main"]}, {"a5086139c546b47ab74736a93fcff1f9": ["107", "a2dp.Vol.main"]}, {"0de54e237abf727fc1da1886ac8fe68e": ["70", "a2dp.Vol.Preferences"]}, {"0de54e237abf727fc1da1886ac8fe68e": ["70", "a2dp.Vol.Preferences"]}, {"0de54e237abf727fc1da1886ac8fe68e": ["70", "a2dp.Vol.Preferences"]}, {"9101aa577e179419989e136298781ac7": ["105", "a2dp.Vol.Preferences"]}, {"df917d8f31de7cb035fa374e07309f05": ["112", "a2dp.Vol.Preferences"]}, {"0c7064a714a2e61694559fd1f6ccaad3": ["106", "a2dp.Vol.Preferences"]}, {"0c7064a714a2e61694559fd1f6ccaad3": ["106", "a2dp.Vol.Preferences"]}, {"0c7064a714a2e61694559fd1f6ccaad3": ["106", "a2dp.Vol.Preferences"]}, {"2a597164a1793ef4aec96f5fa715ca21": ["71", "a2dp.Vol.Preferences"]}, {"0c7064a714a2e61694559fd1f6ccaad3": ["106", "a2dp.Vol.Preferences"]}, {"a62a5366ac4f70354dc65c70513b4567": ["110", "a2dp.Vol.Preferences"]}, {"a62a5366ac4f70354dc65c70513b4567": ["110", "a2dp.Vol.Preferences"]}, {"2a597164a1793ef4aec96f5fa715ca21": ["71", "a2dp.Vol.Preferences"]}, {"0c7064a714a2e61694559fd1f6ccaad3": ["106", "a2dp.Vol.Preferences"]}, {"2a597164a1793ef4aec96f5fa715ca21": ["71", "a2dp.Vol.Preferences"]}, {"0c7064a714a2e61694559fd1f6ccaad3": ["106", "a2dp.Vol.Preferences"]}, {"0c7064a714a2e61694559fd1f6ccaad3": ["106", "a2dp.Vol.Preferences"]}, {"abb4c2edcc1fc5848b29736e0b0f480d": ["69", "a2dp.Vol.Preferences"]}, {"abb4c2edcc1fc5848b29736e0b0f480d": ["69", "a2dp.Vol.Preferences"]}, {"a5086139c546b47ab74736a93fcff1f9": ["107", "a2dp.Vol.main"]}, {"ea6f416a1f26f9b43c9ecc309f15ce80": ["75", "a2dp.Vol.main"]}, {"ea6f416a1f26f9b43c9ecc309f15ce80": ["75", "a2dp.Vol.main"]}, {"ea6f416a1f26f9b43c9ecc309f15ce80": ["75", "a2dp.Vol.main"]}, {"ea6f416a1f26f9b43c9ecc309f15ce80": ["75", "a2dp.Vol.main"]}, {"ea6f416a1f26f9b43c9ecc309f15ce80": ["75", "a2dp.Vol.main"]}, {"81091b58697b2b24f338002575d07f7e": ["1", "a2dp.Vol.main"]}, {"ea6f416a1f26f9b43c9ecc309f15ce80": ["75", "a2dp.Vol.main"]}, {"ea6f416a1f26f9b43c9ecc309f15ce80": ["75", "a2dp.Vol.main"]}, {"ea6f416a1f26f9b43c9ecc309f15ce80": ["75", "a2dp.Vol.main"]}, {"ea6f416a1f26f9b43c9ecc309f15ce80": ["75", "a2dp.Vol.main"]}, {"ea6f416a1f26f9b43c9ecc309f15ce80": ["75", "a2dp.Vol.main"]}, {"ea6f416a1f26f9b43c9ecc309f15ce80": ["75", "a2dp.Vol.main"]}, {"ea6f416a1f26f9b43c9ecc309f15ce80": ["75", "a2dp.Vol.main"]}, {"ea6f416a1f26f9b43c9ecc309f15ce80": ["75", "a2dp.Vol.main"]}, {"81091b58697b2b24f338002575d07f7e": ["1", "a2dp.Vol.main"]}, {"ea6f416a1f26f9b43c9ecc309f15ce80": ["75", "a2dp.Vol.main"]}, {"ea6f416a1f26f9b43c9ecc309f15ce80": ["75", "a2dp.Vol.main"]}, {"ea6f416a1f26f9b43c9ecc309f15ce80": ["75", "a2dp.Vol.main"]}, {"ea6f416a1f26f9b43c9ecc309f15ce80": ["75", "a2dp.Vol.main"]}, {"ea6f416a1f26f9b43c9ecc309f15ce80": ["75", "a2dp.Vol.main"]}, {"ea6f416a1f26f9b43c9ecc309f15ce80": ["75", "a2dp.Vol.main"]}, {"abb4c2edcc1fc5848b29736e0b0f480d": ["69", "a2dp.Vol.Preferences"]}, {"abb4c2edcc1fc5848b29736e0b0f480d": ["69", "a2dp.Vol.Preferences"]}, {"552d0c7e63d9437b29c3bc8ca187387d": ["108", "a2dp.Vol.Preferences"]}, {"552d0c7e63d9437b29c3bc8ca187387d": ["108", "a2dp.Vol.Preferences"]}, {"0de54e237abf727fc1da1886ac8fe68e": ["70", "a2dp.Vol.Preferences"]}, {"0de54e237abf727fc1da1886ac8fe68e": ["70", "a2dp.Vol.Preferences"]}, {"2a597164a1793ef4aec96f5fa715ca21": ["71", "a2dp.Vol.Preferences"]}, {"ea6f416a1f26f9b43c9ecc309f15ce80": ["75", "a2dp.Vol.main"]}, {"ea6f416a1f26f9b43c9ecc309f15ce80": ["75", "a2dp.Vol.main"]}, {"ea6f416a1f26f9b43c9ecc309f15ce80": ["75", "a2dp.Vol.main"]}, {"ea6f416a1f26f9b43c9ecc309f15ce80": ["75", "a2dp.Vol.main"]}, {"ea6f416a1f26f9b43c9ecc309f15ce80": ["75", "a2dp.Vol.main"]}, {"ea6f416a1f26f9b43c9ecc309f15ce80": ["75", "a2dp.Vol.main"]}, {"81091b58697b2b24f338002575d07f7e": ["1", "a2dp.Vol.main"]}, {"ea6f416a1f26f9b43c9ecc309f15ce80": ["75", "a2dp.Vol.main"]}, {"ea6f416a1f26f9b43c9ecc309f15ce80": ["75", "a2dp.Vol.main"]}, {"ea6f416a1f26f9b43c9ecc309f15ce80": ["75", "a2dp.Vol.main"]}, {"ea6f416a1f26f9b43c9ecc309f15ce80": ["75", "a2dp.Vol.main"]}, {"ea6f416a1f26f9b43c9ecc309f15ce80": ["75", "a2dp.Vol.main"]}, {"81091b58697b2b24f338002575d07f7e": ["1", "a2dp.Vol.main"]}, {"ea6f416a1f26f9b43c9ecc309f15ce80": ["75", "a2dp.Vol.main"]}, {"ea6f416a1f26f9b43c9ecc309f15ce80": ["75", "a2dp.Vol.main"]}, {"ea6f416a1f26f9b43c9ecc309f15ce80": ["75", "a2dp.Vol.main"]}, {"ea6f416a1f26f9b43c9ecc309f15ce80": ["75", "a2dp.Vol.main"]}, {"81091b58697b2b24f338002575d07f7e": ["1", "a2dp.Vol.main"]}, {"ea6f416a1f26f9b43c9ecc309f15ce80": ["75", "a2dp.Vol.main"]}, {"81091b58697b2b24f338002575d07f7e": ["1", "a2dp.Vol.main"]}, {"ea6f416a1f26f9b43c9ecc309f15ce80": ["75", "a2dp.Vol.main"]}, {"ea6f416a1f26f9b43c9ecc309f15ce80": ["75", "a2dp.Vol.main"]}, {"ea6f416a1f26f9b43c9ecc309f15ce80": ["75", "a2dp.Vol.main"]}, {"ea6f416a1f26f9b43c9ecc309f15ce80": ["75", "a2dp.Vol.main"]}, {"81091b58697b2b24f338002575d07f7e": ["1", "a2dp.Vol.main"]}, {"ea6f416a1f26f9b43c9ecc309f15ce80": ["75", "a2dp.Vol.main"]}, {"ea6f416a1f26f9b43c9ecc309f15ce80": ["75", "a2dp.Vol.main"]}, {"ea6f416a1f26f9b43c9ecc309f15ce80": ["75", "a2dp.Vol.main"]}, {"abb4c2edcc1fc5848b29736e0b0f480d": ["69", "a2dp.Vol.Preferences"]}, {"abb4c2edcc1fc5848b29736e0b0f480d": ["69", "a2dp.Vol.Preferences"]}, {"0c7064a714a2e61694559fd1f6ccaad3": ["106", "a2dp.Vol.Preferences"]}, {"2a597164a1793ef4aec96f5fa715ca21": ["71", "a2dp.Vol.Preferences"]}, {"0c7064a714a2e61694559fd1f6ccaad3": ["106", "a2dp.Vol.Preferences"]}, {"0c7064a714a2e61694559fd1f6ccaad3": ["106", "a2dp.Vol.Preferences"]}, {"0c7064a714a2e61694559fd1f6ccaad3": ["106", "a2dp.Vol.Preferences"]}, {"0de54e237abf727fc1da1886ac8fe68e": ["70", "a2dp.Vol.Preferences"]}, {"0de54e237abf727fc1da1886ac8fe68e": ["70", "a2dp.Vol.Preferences"]}, {"0de54e237abf727fc1da1886ac8fe68e": ["70", "a2dp.Vol.Preferences"]}, {"0de54e237abf727fc1da1886ac8fe68e": ["70", "a2dp.Vol.Preferences"]}, {"0de54e237abf727fc1da1886ac8fe68e": ["70", "a2dp.Vol.Preferences"]}, {"0c7064a714a2e61694559fd1f6ccaad3": ["106", "a2dp.Vol.Preferences"]}, {"0c7064a714a2e61694559fd1f6ccaad3": ["106", "a2dp.Vol.Preferences"]}, {"0c7064a714a2e61694559fd1f6ccaad3": ["106", "a2dp.Vol.Preferences"]}, {"0c7064a714a2e61694559fd1f6ccaad3": ["106", "a2dp.Vol.Preferences"]}, {"0de54e237abf727fc1da1886ac8fe68e": ["70", "a2dp.Vol.Preferences"]}, {"0c7064a714a2e61694559fd1f6ccaad3": ["106", "a2dp.Vol.Preferences"]}, {"a62a5366ac4f70354dc65c70513b4567": ["110", "a2dp.Vol.Preferences"]}, {"9101aa577e179419989e136298781ac7": ["105", "a2dp.Vol.Preferences"]}, {"e953d2df79189e577f0fbfdda820c638": ["117", "a2dp.Vol.Preferences"]}, {"abb4c2edcc1fc5848b29736e0b0f480d": ["69", "a2dp.Vol.Preferences"]}, {"ea6f416a1f26f9b43c9ecc309f15ce80": ["75", "a2dp.Vol.main"]}, {"ea6f416a1f26f9b43c9ecc309f15ce80": ["75", "a2dp.Vol.main"]}, {"c2bb461cb03e0edfd6db4e31fc7235a0": ["74", "a2dp.Vol.ManageData"]}, {"c2bb461cb03e0edfd6db4e31fc7235a0": ["74", "a2dp.Vol.ManageData"]}, {"c2bb461cb03e0edfd6db4e31fc7235a0": ["74", "a2dp.Vol.ManageData"]}, {"c2bb461cb03e0edfd6db4e31fc7235a0": ["74", "a2dp.Vol.ManageData"]}, {"c2bb461cb03e0edfd6db4e31fc7235a0": ["74", "a2dp.Vol.ManageData"]}, {"c2bb461cb03e0edfd6db4e31fc7235a0": ["74", "a2dp.Vol.ManageData"]}, {"c2bb461cb03e0edfd6db4e31fc7235a0": ["74", "a2dp.Vol.ManageData"]}, {"c2bb461cb03e0edfd6db4e31fc7235a0": ["74", "a2dp.Vol.ManageData"]}, {"c2bb461cb03e0edfd6db4e31fc7235a0": ["74", "a2dp.Vol.ManageData"]}, {"c2bb461cb03e0edfd6db4e31fc7235a0": ["74", "a2dp.Vol.ManageData"]}, {"c2bb461cb03e0edfd6db4e31fc7235a0": ["74", "a2dp.Vol.ManageData"]}, {"c2bb461cb03e0edfd6db4e31fc7235a0": ["74", "a2dp.Vol.ManageData"]}, {"c2bb461cb03e0edfd6db4e31fc7235a0": ["74", "a2dp.Vol.ManageData"]}, {"c2bb461cb03e0edfd6db4e31fc7235a0": ["74", "a2dp.Vol.ManageData"]}, {"c2bb461cb03e0edfd6db4e31fc7235a0": ["74", "a2dp.Vol.ManageData"]}, {"c2bb461cb03e0edfd6db4e31fc7235a0": ["74", "a2dp.Vol.ManageData"]}, {"c2bb461cb03e0edfd6db4e31fc7235a0": ["74", "a2dp.Vol.ManageData"]}, {"c2bb461cb03e0edfd6db4e31fc7235a0": ["74", "a2dp.Vol.ManageData"]}, {"c2bb461cb03e0edfd6db4e31fc7235a0": ["74", "a2dp.Vol.ManageData"]}, {"c2bb461cb03e0edfd6db4e31fc7235a0": ["74", "a2dp.Vol.ManageData"]}, {"c2bb461cb03e0edfd6db4e31fc7235a0": ["74", "a2dp.Vol.ManageData"]}, {"c2bb461cb03e0edfd6db4e31fc7235a0": ["74", "a2dp.Vol.ManageData"]}, {"c2bb461cb03e0edfd6db4e31fc7235a0": ["74", "a2dp.Vol.ManageData"]}, {"c2bb461cb03e0edfd6db4e31fc7235a0": ["74", "a2dp.Vol.ManageData"]}, {"c2bb461cb03e0edfd6db4e31fc7235a0": ["74", "a2dp.Vol.ManageData"]}, {"c2bb461cb03e0edfd6db4e31fc7235a0": ["74", "a2dp.Vol.ManageData"]}, {"c2bb461cb03e0edfd6db4e31fc7235a0": ["74", "a2dp.Vol.ManageData"]}, {"c2bb461cb03e0edfd6db4e31fc7235a0": ["74", "a2dp.Vol.ManageData"]}, {"c2bb461cb03e0edfd6db4e31fc7235a0": ["74", "a2dp.Vol.ManageData"]}, {"c2bb461cb03e0edfd6db4e31fc7235a0": ["74", "a2dp.Vol.ManageData"]}, {"c2bb461cb03e0edfd6db4e31fc7235a0": ["74", "a2dp.Vol.ManageData"]}, {"c2bb461cb03e0edfd6db4e31fc7235a0": ["74", "a2dp.Vol.ManageData"]}, {"c2bb461cb03e0edfd6db4e31fc7235a0": ["74", "a2dp.Vol.ManageData"]}, {"c2bb461cb03e0edfd6db4e31fc7235a0": ["74", "a2dp.Vol.ManageData"]}, {"c2bb461cb03e0edfd6db4e31fc7235a0": ["74", "a2dp.Vol.ManageData"]}, {"c2bb461cb03e0edfd6db4e31fc7235a0": ["74", "a2dp.Vol.ManageData"]}, {"c2bb461cb03e0edfd6db4e31fc7235a0": ["74", "a2dp.Vol.ManageData"]}, {"c2bb461cb03e0edfd6db4e31fc7235a0": ["74", "a2dp.Vol.ManageData"]}, {"c2bb461cb03e0edfd6db4e31fc7235a0": ["74", "a2dp.Vol.ManageData"]}, {"ea6f416a1f26f9b43c9ecc309f15ce80": ["75", "a2dp.Vol.main"]}, {"81091b58697b2b24f338002575d07f7e": ["1", "a2dp.Vol.main"]}, {"ea6f416a1f26f9b43c9ecc309f15ce80": ["75", "a2dp.Vol.main"]}, {"abb4c2edcc1fc5848b29736e0b0f480d": ["69", "a2dp.Vol.Preferences"]}, {"abb4c2edcc1fc5848b29736e0b0f480d": ["69", "a2dp.Vol.Preferences"]}, {"abb4c2edcc1fc5848b29736e0b0f480d": ["69", "a2dp.Vol.Preferences"]}, {"abb4c2edcc1fc5848b29736e0b0f480d": ["69", "a2dp.Vol.Preferences"]}, {"abb4c2edcc1fc5848b29736e0b0f480d": ["69", "a2dp.Vol.Preferences"]}, {"abb4c2edcc1fc5848b29736e0b0f480d": ["69", "a2dp.Vol.Preferences"]}, {"abb4c2edcc1fc5848b29736e0b0f480d": ["69", "a2dp.Vol.Preferences"]}, {"abb4c2edcc1fc5848b29736e0b0f480d": ["69", "a2dp.Vol.Preferences"]}, {"abb4c2edcc1fc5848b29736e0b0f480d": ["69", "a2dp.Vol.Preferences"]}, {"abb4c2edcc1fc5848b29736e0b0f480d": ["69", "a2dp.Vol.Preferences"]}, {"abb4c2edcc1fc5848b29736e0b0f480d": ["69", "a2dp.Vol.Preferences"]}, {"abb4c2edcc1fc5848b29736e0b0f480d": ["69", "a2dp.Vol.Preferences"]}, {"abb4c2edcc1fc5848b29736e0b0f480d": ["69", "a2dp.Vol.Preferences"]}, {"abb4c2edcc1fc5848b29736e0b0f480d": ["69", "a2dp.Vol.Preferences"]}, {"ea6f416a1f26f9b43c9ecc309f15ce80": ["75", "a2dp.Vol.main"]}, {"ea6f416a1f26f9b43c9ecc309f15ce80": ["75", "a2dp.Vol.main"]}, {"ea6f416a1f26f9b43c9ecc309f15ce80": ["75", "a2dp.Vol.main"]}, {"ea6f416a1f26f9b43c9ecc309f15ce80": ["75", "a2dp.Vol.main"]}, {"abb4c2edcc1fc5848b29736e0b0f480d": ["69", "a2dp.Vol.Preferences"]}, {"abb4c2edcc1fc5848b29736e0b0f480d": ["69", "a2dp.Vol.Preferences"]}, {"abb4c2edcc1fc5848b29736e0b0f480d": ["69", "a2dp.Vol.Preferences"]}, {"abb4c2edcc1fc5848b29736e0b0f480d": ["69", "a2dp.Vol.Preferences"]}, {"abb4c2edcc1fc5848b29736e0b0f480d": ["69", "a2dp.Vol.Preferences"]}, {"abb4c2edcc1fc5848b29736e0b0f480d": ["69", "a2dp.Vol.Preferences"]}, {"abb4c2edcc1fc5848b29736e0b0f480d": ["69", "a2dp.Vol.Preferences"]}, {"0c7064a714a2e61694559fd1f6ccaad3": ["106", "a2dp.Vol.Preferences"]}, {"0c7064a714a2e61694559fd1f6ccaad3": ["106", "a2dp.Vol.Preferences"]}, {"3df5b5eb3ef8b7559d5e0d156614f4ef": ["125", "a2dp.Vol.Preferences"]}, {"3df5b5eb3ef8b7559d5e0d156614f4ef": ["125", "a2dp.Vol.Preferences"]}, {"41c98eae3759320853f7f62d93c5e57f": ["72", "a2dp.Vol.Preferences"]}, {"3df5b5eb3ef8b7559d5e0d156614f4ef": ["125", "a2dp.Vol.Preferences"]}, {"2a597164a1793ef4aec96f5fa715ca21": ["71", "a2dp.Vol.Preferences"]}, {"3df5b5eb3ef8b7559d5e0d156614f4ef": ["125", "a2dp.Vol.Preferences"]}, {"3df5b5eb3ef8b7559d5e0d156614f4ef": ["125", "a2dp.Vol.Preferences"]}, {"2a597164a1793ef4aec96f5fa715ca21": ["71", "a2dp.Vol.Preferences"]}, {"0c7064a714a2e61694559fd1f6ccaad3": ["106", "a2dp.Vol.Preferences"]}, {"0c7064a714a2e61694559fd1f6ccaad3": ["106", "a2dp.Vol.Preferences"]}, {"0c7064a714a2e61694559fd1f6ccaad3": ["106", "a2dp.Vol.Preferences"]}, {"0c7064a714a2e61694559fd1f6ccaad3": ["106", "a2dp.Vol.Preferences"]}, {"ea6f416a1f26f9b43c9ecc309f15ce80": ["75", "a2dp.Vol.main"]}, {"81091b58697b2b24f338002575d07f7e": ["1", "a2dp.Vol.main"]}, {"2a597164a1793ef4aec96f5fa715ca21": ["71", "a2dp.Vol.Preferences"]}, {"0c7064a714a2e61694559fd1f6ccaad3": ["106", "a2dp.Vol.Preferences"]}, {"0c7064a714a2e61694559fd1f6ccaad3": ["106", "a2dp.Vol.Preferences"]}, {"0c7064a714a2e61694559fd1f6ccaad3": ["106", "a2dp.Vol.Preferences"]}, {"0c7064a714a2e61694559fd1f6ccaad3": ["106", "a2dp.Vol.Preferences"]}, {"0c7064a714a2e61694559fd1f6ccaad3": ["106", "a2dp.Vol.Preferences"]}, {"0c7064a714a2e61694559fd1f6ccaad3": ["106", "a2dp.Vol.Preferences"]}, {"2a597164a1793ef4aec96f5fa715ca21": ["71", "a2dp.Vol.Preferences"]}, {"abb4c2edcc1fc5848b29736e0b0f480d": ["69", "a2dp.Vol.Preferences"]}, {"ea6f416a1f26f9b43c9ecc309f15ce80": ["75", "a2dp.Vol.main"]}, {"ea6f416a1f26f9b43c9ecc309f15ce80": ["75", "a2dp.Vol.main"]}, {"ea6f416a1f26f9b43c9ecc309f15ce80": ["75", "a2dp.Vol.main"]}, {"ea6f416a1f26f9b43c9ecc309f15ce80": ["75", "a2dp.Vol.main"]}, {"81091b58697b2b24f338002575d07f7e": ["1", "a2dp.Vol.main"]}, {"ea6f416a1f26f9b43c9ecc309f15ce80": ["75", "a2dp.Vol.main"]}, {"81091b58697b2b24f338002575d07f7e": ["1", "a2dp.Vol.main"]}, {"0c86a596803587cac0e6adf0ed792cbd": ["16", "a2dp.Vol.EditDevice"]}, {"ea6f416a1f26f9b43c9ecc309f15ce80": ["75", "a2dp.Vol.main"]}, {"ea6f416a1f26f9b43c9ecc309f15ce80": ["75", "a2dp.Vol.main"]}, {"ea6f416a1f26f9b43c9ecc309f15ce80": ["75", "a2dp.Vol.main"]}, {"81091b58697b2b24f338002575d07f7e": ["1", "a2dp.Vol.main"]}, {"ea6f416a1f26f9b43c9ecc309f15ce80": ["75", "a2dp.Vol.main"]}, {"ea6f416a1f26f9b43c9ecc309f15ce80": ["75", "a2dp.Vol.main"]}, {"81091b58697b2b24f338002575d07f7e": ["1", "a2dp.Vol.main"]}, {"ea6f416a1f26f9b43c9ecc309f15ce80": ["75", "a2dp.Vol.main"]}, {"ea6f416a1f26f9b43c9ecc309f15ce80": ["75", "a2dp.Vol.main"]}, {"81091b58697b2b24f338002575d07f7e": ["1", "a2dp.Vol.main"]}, {"a5086139c546b47ab74736a93fcff1f9": ["107", "a2dp.Vol.main"]}, {"0de54e237abf727fc1da1886ac8fe68e": ["70", "a2dp.Vol.Preferences"]}, {"a5086139c546b47ab74736a93fcff1f9": ["107", "a2dp.Vol.main"]}, {"a5086139c546b47ab74736a93fcff1f9": ["107", "a2dp.Vol.main"]}, {"a5086139c546b47ab74736a93fcff1f9": ["107", "a2dp.Vol.main"]}, {"a5086139c546b47ab74736a93fcff1f9": ["107", "a2dp.Vol.main"]}, {"a5086139c546b47ab74736a93fcff1f9": ["107", "a2dp.Vol.main"]}, {"a5086139c546b47ab74736a93fcff1f9": ["107", "a2dp.Vol.main"]}, {"41c98eae3759320853f7f62d93c5e57f": ["72", "a2dp.Vol.Preferences"]}, {"0de54e237abf727fc1da1886ac8fe68e": ["70", "a2dp.Vol.Preferences"]}, {"0de54e237abf727fc1da1886ac8fe68e": ["70", "a2dp.Vol.Preferences"]}, {"9aebd91966339d39e59cdaf8ca55f280": ["18", "a2dp.Vol.main"]}, {"a5086139c546b47ab74736a93fcff1f9": ["107", "a2dp.Vol.main"]}, {"81091b58697b2b24f338002575d07f7e": ["1", "a2dp.Vol.main"]}, {"a5086139c546b47ab74736a93fcff1f9": ["107", "a2dp.Vol.main"]}, {"a5086139c546b47ab74736a93fcff1f9": ["107", "a2dp.Vol.main"]}, {"81091b58697b2b24f338002575d07f7e": ["1", "a2dp.Vol.main"]}, {"a6ef29e91209424fedd37719b9a3efff": ["0", "a2dp.Vol.main"]}, {"a6ef29e91209424fedd37719b9a3efff": ["0", "a2dp.Vol.main"]}, {"a6ef29e91209424fedd37719b9a3efff": ["0", "a2dp.Vol.main"]}, {"599c08faec4c4e3e037c066dd6478cf4": ["73", "a2dp.Vol.main"]}, {"abb4c2edcc1fc5848b29736e0b0f480d": ["69", "a2dp.Vol.Preferences"]}, {"abb4c2edcc1fc5848b29736e0b0f480d": ["69", "a2dp.Vol.Preferences"]}, {"abb4c2edcc1fc5848b29736e0b0f480d": ["69", "a2dp.Vol.Preferences"]}, {"abb4c2edcc1fc5848b29736e0b0f480d": ["69", "a2dp.Vol.Preferences"]}, {"abb4c2edcc1fc5848b29736e0b0f480d": ["69", "a2dp.Vol.Preferences"]}, {"abb4c2edcc1fc5848b29736e0b0f480d": ["69", "a2dp.Vol.Preferences"]}, {"abb4c2edcc1fc5848b29736e0b0f480d": ["69", "a2dp.Vol.Preferences"]}, {"0c7064a714a2e61694559fd1f6ccaad3": ["106", "a2dp.Vol.Preferences"]}, {"0c7064a714a2e61694559fd1f6ccaad3": ["106", "a2dp.Vol.Preferences"]}, {"2a597164a1793ef4aec96f5fa715ca21": ["71", "a2dp.Vol.Preferences"]}, {"0c7064a714a2e61694559fd1f6ccaad3": ["106", "a2dp.Vol.Preferences"]}, {"599c08faec4c4e3e037c066dd6478cf4": ["73", "a2dp.Vol.main"]}, {"599c08faec4c4e3e037c066dd6478cf4": ["73", "a2dp.Vol.main"]}, {"81091b58697b2b24f338002575d07f7e": ["1", "a2dp.Vol.main"]}, {"0c86a596803587cac0e6adf0ed792cbd": ["16", "a2dp.Vol.EditDevice"]}, {"4f0f818f67cd00649afd15d391eda010": ["10", "a2dp.Vol.EditDevice"]}, {"f2641250226e45872759212c2885ec90": ["11", "a2dp.Vol.CustomIntentMaker"]}, {"0c86a596803587cac0e6adf0ed792cbd": ["16", "a2dp.Vol.EditDevice"]}, {"3804555c899958266d780f165ef3d9ad": ["14", "a2dp.Vol.EditDevice"]}, {"599c08faec4c4e3e037c066dd6478cf4": ["73", "a2dp.Vol.main"]}, {"599c08faec4c4e3e037c066dd6478cf4": ["73", "a2dp.Vol.main"]}, {"81091b58697b2b24f338002575d07f7e": ["1", "a2dp.Vol.main"]}, {"599c08faec4c4e3e037c066dd6478cf4": ["73", "a2dp.Vol.main"]}, {"81091b58697b2b24f338002575d07f7e": ["1", "a2dp.Vol.main"]}, {"599c08faec4c4e3e037c066dd6478cf4": ["73", "a2dp.Vol.main"]}, {"599c08faec4c4e3e037c066dd6478cf4": ["73", "a2dp.Vol.main"]}, {"81091b58697b2b24f338002575d07f7e": ["1", "a2dp.Vol.main"]}, {"599c08faec4c4e3e037c066dd6478cf4": ["73", "a2dp.Vol.main"]}, {"81091b58697b2b24f338002575d07f7e": ["1", "a2dp.Vol.main"]}, {"599c08faec4c4e3e037c066dd6478cf4": ["73", "a2dp.Vol.main"]}, {"599c08faec4c4e3e037c066dd6478cf4": ["73", "a2dp.Vol.main"]}, {"9101aa577e179419989e136298781ac7": ["105", "a2dp.Vol.Preferences"]}, {"df917d8f31de7cb035fa374e07309f05": ["112", "a2dp.Vol.Preferences"]}, {"df917d8f31de7cb035fa374e07309f05": ["112", "a2dp.Vol.Preferences"]}, {"abb4c2edcc1fc5848b29736e0b0f480d": ["69", "a2dp.Vol.Preferences"]}, {"abb4c2edcc1fc5848b29736e0b0f480d": ["69", "a2dp.Vol.Preferences"]}, {"abb4c2edcc1fc5848b29736e0b0f480d": ["69", "a2dp.Vol.Preferences"]}, {"abb4c2edcc1fc5848b29736e0b0f480d": ["69", "a2dp.Vol.Preferences"]}, {"abb4c2edcc1fc5848b29736e0b0f480d": ["69", "a2dp.Vol.Preferences"]}, {"abb4c2edcc1fc5848b29736e0b0f480d": ["69", "a2dp.Vol.Preferences"]}, {"abb4c2edcc1fc5848b29736e0b0f480d": ["69", "a2dp.Vol.Preferences"]}, {"df917d8f31de7cb035fa374e07309f05": ["112", "a2dp.Vol.Preferences"]}, {"df917d8f31de7cb035fa374e07309f05": ["112", "a2dp.Vol.Preferences"]}, {"df917d8f31de7cb035fa374e07309f05": ["112", "a2dp.Vol.Preferences"]}, {"df917d8f31de7cb035fa374e07309f05": ["112", "a2dp.Vol.Preferences"]}, {"df917d8f31de7cb035fa374e07309f05": ["112", "a2dp.Vol.Preferences"]}, {"df917d8f31de7cb035fa374e07309f05": ["112", "a2dp.Vol.Preferences"]}, {"df917d8f31de7cb035fa374e07309f05": ["112", "a2dp.Vol.Preferences"]}, {"abb4c2edcc1fc5848b29736e0b0f480d": ["69", "a2dp.Vol.Preferences"]}, {"abb4c2edcc1fc5848b29736e0b0f480d": ["69", "a2dp.Vol.Preferences"]}, {"599c08faec4c4e3e037c066dd6478cf4": ["73", "a2dp.Vol.main"]}, {"c2bb461cb03e0edfd6db4e31fc7235a0": ["74", "a2dp.Vol.ManageData"]}, {"c2bb461cb03e0edfd6db4e31fc7235a0": ["74", "a2dp.Vol.ManageData"]}, {"c2bb461cb03e0edfd6db4e31fc7235a0": ["74", "a2dp.Vol.ManageData"]}, {"c2bb461cb03e0edfd6db4e31fc7235a0": ["74", "a2dp.Vol.ManageData"]}, {"c2bb461cb03e0edfd6db4e31fc7235a0": ["74", "a2dp.Vol.ManageData"]}, {"c2bb461cb03e0edfd6db4e31fc7235a0": ["74", "a2dp.Vol.ManageData"]}, {"c2bb461cb03e0edfd6db4e31fc7235a0": ["74", "a2dp.Vol.ManageData"]}, {"c2bb461cb03e0edfd6db4e31fc7235a0": ["74", "a2dp.Vol.ManageData"]}, {"c2bb461cb03e0edfd6db4e31fc7235a0": ["74", "a2dp.Vol.ManageData"]}, {"c2bb461cb03e0edfd6db4e31fc7235a0": ["74", "a2dp.Vol.ManageData"]}, {"c2bb461cb03e0edfd6db4e31fc7235a0": ["74", "a2dp.Vol.ManageData"]}, {"599c08faec4c4e3e037c066dd6478cf4": ["73", "a2dp.Vol.main"]}, {"599c08faec4c4e3e037c066dd6478cf4": ["73", "a2dp.Vol.main"]}, {"599c08faec4c4e3e037c066dd6478cf4": ["73", "a2dp.Vol.main"]}, {"81091b58697b2b24f338002575d07f7e": ["1", "a2dp.Vol.main"]}, {"b2a5c87ebe77622afe39938d902f37d7": ["15", "a2dp.Vol.EditDevice"]}, {"599c08faec4c4e3e037c066dd6478cf4": ["73", "a2dp.Vol.main"]}, {"81091b58697b2b24f338002575d07f7e": ["1", "a2dp.Vol.main"]}, {"599c08faec4c4e3e037c066dd6478cf4": ["73", "a2dp.Vol.main"]}, {"81091b58697b2b24f338002575d07f7e": ["1", "a2dp.Vol.main"]}, {"599c08faec4c4e3e037c066dd6478cf4": ["73", "a2dp.Vol.main"]}, {"81091b58697b2b24f338002575d07f7e": ["1", "a2dp.Vol.main"]}, {"9aebd91966339d39e59cdaf8ca55f280": ["18", "a2dp.Vol.main"]}, {"9aebd91966339d39e59cdaf8ca55f280": ["18", "a2dp.Vol.main"]}, {"9aebd91966339d39e59cdaf8ca55f280": ["18", "a2dp.Vol.main"]}, {"599c08faec4c4e3e037c066dd6478cf4": ["73", "a2dp.Vol.main"]}, {"599c08faec4c4e3e037c066dd6478cf4": ["73", "a2dp.Vol.main"]}, {"81091b58697b2b24f338002575d07f7e": ["1", "a2dp.Vol.main"]}, {"599c08faec4c4e3e037c066dd6478cf4": ["73", "a2dp.Vol.main"]}, {"abb4c2edcc1fc5848b29736e0b0f480d": ["69", "a2dp.Vol.Preferences"]}, {"abb4c2edcc1fc5848b29736e0b0f480d": ["69", "a2dp.Vol.Preferences"]}, {"abb4c2edcc1fc5848b29736e0b0f480d": ["69", "a2dp.Vol.Preferences"]}, {"abb4c2edcc1fc5848b29736e0b0f480d": ["69", "a2dp.Vol.Preferences"]}, {"abb4c2edcc1fc5848b29736e0b0f480d": ["69", "a2dp.Vol.Preferences"]}, {"15e5f5d1858091f9f507dd230bcb3321": ["104", "a2dp.Vol.Preferences"]}, {"15e5f5d1858091f9f507dd230bcb3321": ["104", "a2dp.Vol.Preferences"]}, {"15e5f5d1858091f9f507dd230bcb3321": ["104", "a2dp.Vol.Preferences"]}, {"15e5f5d1858091f9f507dd230bcb3321": ["104", "a2dp.Vol.Preferences"]}, {"599c08faec4c4e3e037c066dd6478cf4": ["73", "a2dp.Vol.main"]}, {"599c08faec4c4e3e037c066dd6478cf4": ["73", "a2dp.Vol.main"]}, {"599c08faec4c4e3e037c066dd6478cf4": ["73", "a2dp.Vol.main"]}, {"599c08faec4c4e3e037c066dd6478cf4": ["73", "a2dp.Vol.main"]}, {"599c08faec4c4e3e037c066dd6478cf4": ["73", "a2dp.Vol.main"]}, {"81091b58697b2b24f338002575d07f7e": ["1", "a2dp.Vol.main"]}, {"0c86a596803587cac0e6adf0ed792cbd": ["16", "a2dp.Vol.EditDevice"]}, {"4f0f818f67cd00649afd15d391eda010": ["10", "a2dp.Vol.EditDevice"]}, {"f2641250226e45872759212c2885ec90": ["11", "a2dp.Vol.CustomIntentMaker"]}, {"0c86a596803587cac0e6adf0ed792cbd": ["16", "a2dp.Vol.EditDevice"]}, {"0c86a596803587cac0e6adf0ed792cbd": ["16", "a2dp.Vol.EditDevice"]}, {"4f0f818f67cd00649afd15d391eda010": ["10", "a2dp.Vol.EditDevice"]}, {"77065da92f39f9b4b56c687c4b70361a": ["17", "a2dp.Vol.AppChooser"]}, {"d59ff22e2da3e5b17e0bc0505543dc7b": ["29", "a2dp.Vol.EditDevice"]}, {"4f0f818f67cd00649afd15d391eda010": ["10", "a2dp.Vol.EditDevice"]}, {"15d0cce1865eabceca330f78f83a4782": ["51", "a2dp.Vol.EditDevice"]}, {"4f0f818f67cd00649afd15d391eda010": ["10", "a2dp.Vol.EditDevice"]}, {"77065da92f39f9b4b56c687c4b70361a": ["17", "a2dp.Vol.AppChooser"]}, {"77065da92f39f9b4b56c687c4b70361a": ["17", "a2dp.Vol.AppChooser"]}, {"12c18b6c9d454187dc579e646f23243b": ["126", "a2dp.Vol.AppChooser"]}, {"a6d8d43b35fead67bd15815e2f98543c": ["53", "a2dp.Vol.EditDevice"]}, {"599c08faec4c4e3e037c066dd6478cf4": ["73", "a2dp.Vol.main"]}, {"81091b58697b2b24f338002575d07f7e": ["1", "a2dp.Vol.main"]}, {"599c08faec4c4e3e037c066dd6478cf4": ["73", "a2dp.Vol.main"]}, {"81091b58697b2b24f338002575d07f7e": ["1", "a2dp.Vol.main"]}, {"599c08faec4c4e3e037c066dd6478cf4": ["73", "a2dp.Vol.main"]}, {"81091b58697b2b24f338002575d07f7e": ["1", "a2dp.Vol.main"]}, {"0851af6ecbf2d5d0279183c10e4a770b": ["76", "a2dp.Vol.main"]}, {"a6ef29e91209424fedd37719b9a3efff": ["0", "a2dp.Vol.main"]}, {"a5086139c546b47ab74736a93fcff1f9": ["107", "a2dp.Vol.main"]}, {"abb4c2edcc1fc5848b29736e0b0f480d": ["69", "a2dp.Vol.Preferences"]}, {"0de54e237abf727fc1da1886ac8fe68e": ["70", "a2dp.Vol.Preferences"]}, {"0de54e237abf727fc1da1886ac8fe68e": ["70", "a2dp.Vol.Preferences"]}, {"2a597164a1793ef4aec96f5fa715ca21": ["71", "a2dp.Vol.Preferences"]}, {"0de54e237abf727fc1da1886ac8fe68e": ["70", "a2dp.Vol.Preferences"]}, {"2a597164a1793ef4aec96f5fa715ca21": ["71", "a2dp.Vol.Preferences"]}, {"0de54e237abf727fc1da1886ac8fe68e": ["70", "a2dp.Vol.Preferences"]}, {"2a597164a1793ef4aec96f5fa715ca21": ["71", "a2dp.Vol.Preferences"]}, {"0de54e237abf727fc1da1886ac8fe68e": ["70", "a2dp.Vol.Preferences"]}, {"0de54e237abf727fc1da1886ac8fe68e": ["70", "a2dp.Vol.Preferences"]}, {"2a597164a1793ef4aec96f5fa715ca21": ["71", "a2dp.Vol.Preferences"]}, {"0de54e237abf727fc1da1886ac8fe68e": ["70", "a2dp.Vol.Preferences"]}, {"a5086139c546b47ab74736a93fcff1f9": ["107", "a2dp.Vol.main"]}, {"81091b58697b2b24f338002575d07f7e": ["1", "a2dp.Vol.main"]}, {"a5086139c546b47ab74736a93fcff1f9": ["107", "a2dp.Vol.main"]}, {"81091b58697b2b24f338002575d07f7e": ["1", "a2dp.Vol.main"]}, {"a6ef29e91209424fedd37719b9a3efff": ["0", "a2dp.Vol.main"]}, {"a6ef29e91209424fedd37719b9a3efff": ["0", "a2dp.Vol.main"]}, {"a5086139c546b47ab74736a93fcff1f9": ["107", "a2dp.Vol.main"]}, {"a5086139c546b47ab74736a93fcff1f9": ["107", "a2dp.Vol.main"]}, {"81091b58697b2b24f338002575d07f7e": ["1", "a2dp.Vol.main"]}, {"0851af6ecbf2d5d0279183c10e4a770b": ["76", "a2dp.Vol.main"]}, {"a6ef29e91209424fedd37719b9a3efff": ["0", "a2dp.Vol.main"]}, {"0de54e237abf727fc1da1886ac8fe68e": ["70", "a2dp.Vol.Preferences"]}, {"0de54e237abf727fc1da1886ac8fe68e": ["70", "a2dp.Vol.Preferences"]}, {"0de54e237abf727fc1da1886ac8fe68e": ["70", "a2dp.Vol.Preferences"]}, {"41c98eae3759320853f7f62d93c5e57f": ["72", "a2dp.Vol.Preferences"]}, {"0de54e237abf727fc1da1886ac8fe68e": ["70", "a2dp.Vol.Preferences"]}, {"a6ef29e91209424fedd37719b9a3efff": ["0", "a2dp.Vol.main"]}, {"a6ef29e91209424fedd37719b9a3efff": ["0", "a2dp.Vol.main"]}, {"a6ef29e91209424fedd37719b9a3efff": ["0", "a2dp.Vol.main"]}, {"a6ef29e91209424fedd37719b9a3efff": ["0", "a2dp.Vol.main"]}, {"a6ef29e91209424fedd37719b9a3efff": ["0", "a2dp.Vol.main"]}, {"a6ef29e91209424fedd37719b9a3efff": ["0", "a2dp.Vol.main"]}, {"a6ef29e91209424fedd37719b9a3efff": ["0", "a2dp.Vol.main"]}, {"a5086139c546b47ab74736a93fcff1f9": ["107", "a2dp.Vol.main"]}, {"81091b58697b2b24f338002575d07f7e": ["1", "a2dp.Vol.main"]}, {"0c86a596803587cac0e6adf0ed792cbd": ["16", "a2dp.Vol.EditDevice"]}, {"a5086139c546b47ab74736a93fcff1f9": ["107", "a2dp.Vol.main"]}, {"81091b58697b2b24f338002575d07f7e": ["1", "a2dp.Vol.main"]}, {"a5086139c546b47ab74736a93fcff1f9": ["107", "a2dp.Vol.main"]}, {"a5086139c546b47ab74736a93fcff1f9": ["107", "a2dp.Vol.main"]}, {"a5086139c546b47ab74736a93fcff1f9": ["107", "a2dp.Vol.main"]}, {"0851af6ecbf2d5d0279183c10e4a770b": ["76", "a2dp.Vol.main"]}, {"0de54e237abf727fc1da1886ac8fe68e": ["70", "a2dp.Vol.Preferences"]}, {"2daa46153c734e9917d3302634804066": ["102", "a2dp.Vol.Preferences"]}, {"a6ef29e91209424fedd37719b9a3efff": ["0", "a2dp.Vol.main"]}, {"a6ef29e91209424fedd37719b9a3efff": ["0", "a2dp.Vol.main"]}, {"a6ef29e91209424fedd37719b9a3efff": ["0", "a2dp.Vol.main"]}, {"a6ef29e91209424fedd37719b9a3efff": ["0", "a2dp.Vol.main"]}, {"a6ef29e91209424fedd37719b9a3efff": ["0", "a2dp.Vol.main"]}, {"a6ef29e91209424fedd37719b9a3efff": ["0", "a2dp.Vol.main"]}, {"a6ef29e91209424fedd37719b9a3efff": ["0", "a2dp.Vol.main"]}, {"a5086139c546b47ab74736a93fcff1f9": ["107", "a2dp.Vol.main"]}, {"a5086139c546b47ab74736a93fcff1f9": ["107", "a2dp.Vol.main"]}, {"a5086139c546b47ab74736a93fcff1f9": ["107", "a2dp.Vol.main"]}, {"a5086139c546b47ab74736a93fcff1f9": ["107", "a2dp.Vol.main"]}, {"2daa46153c734e9917d3302634804066": ["102", "a2dp.Vol.Preferences"]}, {"abb4c2edcc1fc5848b29736e0b0f480d": ["69", "a2dp.Vol.Preferences"]}, {"abb4c2edcc1fc5848b29736e0b0f480d": ["69", "a2dp.Vol.Preferences"]}, {"abb4c2edcc1fc5848b29736e0b0f480d": ["69", "a2dp.Vol.Preferences"]}, {"abb4c2edcc1fc5848b29736e0b0f480d": ["69", "a2dp.Vol.Preferences"]}, {"abb4c2edcc1fc5848b29736e0b0f480d": ["69", "a2dp.Vol.Preferences"]}, {"abb4c2edcc1fc5848b29736e0b0f480d": ["69", "a2dp.Vol.Preferences"]}, {"abb4c2edcc1fc5848b29736e0b0f480d": ["69", "a2dp.Vol.Preferences"]}, {"abb4c2edcc1fc5848b29736e0b0f480d": ["69", "a2dp.Vol.Preferences"]}, {"abb4c2edcc1fc5848b29736e0b0f480d": ["69", "a2dp.Vol.Preferences"]}, {"abb4c2edcc1fc5848b29736e0b0f480d": ["69", "a2dp.Vol.Preferences"]}, {"abb4c2edcc1fc5848b29736e0b0f480d": ["69", "a2dp.Vol.Preferences"]}, {"abb4c2edcc1fc5848b29736e0b0f480d": ["69", "a2dp.Vol.Preferences"]}, {"abb4c2edcc1fc5848b29736e0b0f480d": ["69", "a2dp.Vol.Preferences"]}, {"0de54e237abf727fc1da1886ac8fe68e": ["70", "a2dp.Vol.Preferences"]}, {"abb4c2edcc1fc5848b29736e0b0f480d": ["69", "a2dp.Vol.Preferences"]}, {"abb4c2edcc1fc5848b29736e0b0f480d": ["69", "a2dp.Vol.Preferences"]}, {"abb4c2edcc1fc5848b29736e0b0f480d": ["69", "a2dp.Vol.Preferences"]}, {"abb4c2edcc1fc5848b29736e0b0f480d": ["69", "a2dp.Vol.Preferences"]}, {"abb4c2edcc1fc5848b29736e0b0f480d": ["69", "a2dp.Vol.Preferences"]}, {"abb4c2edcc1fc5848b29736e0b0f480d": ["69", "a2dp.Vol.Preferences"]}, {"abb4c2edcc1fc5848b29736e0b0f480d": ["69", "a2dp.Vol.Preferences"]}, {"abb4c2edcc1fc5848b29736e0b0f480d": ["69", "a2dp.Vol.Preferences"]}, {"552d0c7e63d9437b29c3bc8ca187387d": ["108", "a2dp.Vol.Preferences"]}, {"552d0c7e63d9437b29c3bc8ca187387d": ["108", "a2dp.Vol.Preferences"]}, {"abb4c2edcc1fc5848b29736e0b0f480d": ["69", "a2dp.Vol.Preferences"]}, {"abb4c2edcc1fc5848b29736e0b0f480d": ["69", "a2dp.Vol.Preferences"]}, {"a5086139c546b47ab74736a93fcff1f9": ["107", "a2dp.Vol.main"]}, {"a5086139c546b47ab74736a93fcff1f9": ["107", "a2dp.Vol.main"]}, {"a5086139c546b47ab74736a93fcff1f9": ["107", "a2dp.Vol.main"]}, {"a5086139c546b47ab74736a93fcff1f9": ["107", "a2dp.Vol.main"]}, {"c2bb461cb03e0edfd6db4e31fc7235a0": ["74", "a2dp.Vol.ManageData"]}, {"c2bb461cb03e0edfd6db4e31fc7235a0": ["74", "a2dp.Vol.ManageData"]}, {"c2bb461cb03e0edfd6db4e31fc7235a0": ["74", "a2dp.Vol.ManageData"]}, {"c2bb461cb03e0edfd6db4e31fc7235a0": ["74", "a2dp.Vol.ManageData"]}, {"c2bb461cb03e0edfd6db4e31fc7235a0": ["74", "a2dp.Vol.ManageData"]}, {"c2bb461cb03e0edfd6db4e31fc7235a0": ["74", "a2dp.Vol.ManageData"]}, {"c2bb461cb03e0edfd6db4e31fc7235a0": ["74", "a2dp.Vol.ManageData"]}, {"c2bb461cb03e0edfd6db4e31fc7235a0": ["74", "a2dp.Vol.ManageData"]}, {"c2bb461cb03e0edfd6db4e31fc7235a0": ["74", "a2dp.Vol.ManageData"]}, {"c2bb461cb03e0edfd6db4e31fc7235a0": ["74", "a2dp.Vol.ManageData"]}, {"c2bb461cb03e0edfd6db4e31fc7235a0": ["74", "a2dp.Vol.ManageData"]}, {"c2bb461cb03e0edfd6db4e31fc7235a0": ["74", "a2dp.Vol.ManageData"]}, {"c2bb461cb03e0edfd6db4e31fc7235a0": ["74", "a2dp.Vol.ManageData"]}, {"c2bb461cb03e0edfd6db4e31fc7235a0": ["74", "a2dp.Vol.ManageData"]}, {"a5086139c546b47ab74736a93fcff1f9": ["107", "a2dp.Vol.main"]}, {"a5086139c546b47ab74736a93fcff1f9": ["107", "a2dp.Vol.main"]}, {"a5086139c546b47ab74736a93fcff1f9": ["107", "a2dp.Vol.main"]}, {"81091b58697b2b24f338002575d07f7e": ["1", "a2dp.Vol.main"]}, {"a5086139c546b47ab74736a93fcff1f9": ["107", "a2dp.Vol.main"]}, {"81091b58697b2b24f338002575d07f7e": ["1", "a2dp.Vol.main"]}, {"a5086139c546b47ab74736a93fcff1f9": ["107", "a2dp.Vol.main"]}, {"a5086139c546b47ab74736a93fcff1f9": ["107", "a2dp.Vol.main"]}, {"a5086139c546b47ab74736a93fcff1f9": ["107", "a2dp.Vol.main"]}, {"a5086139c546b47ab74736a93fcff1f9": ["107", "a2dp.Vol.main"]}, {"a5086139c546b47ab74736a93fcff1f9": ["107", "a2dp.Vol.main"]}, {"a5086139c546b47ab74736a93fcff1f9": ["107", "a2dp.Vol.main"]}, {"abb4c2edcc1fc5848b29736e0b0f480d": ["69", "a2dp.Vol.Preferences"]}, {"abb4c2edcc1fc5848b29736e0b0f480d": ["69", "a2dp.Vol.Preferences"]}, {"abb4c2edcc1fc5848b29736e0b0f480d": ["69", "a2dp.Vol.Preferences"]}, {"abb4c2edcc1fc5848b29736e0b0f480d": ["69", "a2dp.Vol.Preferences"]}, {"0de54e237abf727fc1da1886ac8fe68e": ["70", "a2dp.Vol.Preferences"]}, {"2a597164a1793ef4aec96f5fa715ca21": ["71", "a2dp.Vol.Preferences"]}, {"e953d2df79189e577f0fbfdda820c638": ["117", "a2dp.Vol.Preferences"]}, {"e953d2df79189e577f0fbfdda820c638": ["117", "a2dp.Vol.Preferences"]}, {"9101aa577e179419989e136298781ac7": ["105", "a2dp.Vol.Preferences"]}, {"e953d2df79189e577f0fbfdda820c638": ["117", "a2dp.Vol.Preferences"]}, {"e953d2df79189e577f0fbfdda820c638": ["117", "a2dp.Vol.Preferences"]}, {"df917d8f31de7cb035fa374e07309f05": ["112", "a2dp.Vol.Preferences"]}, {"df917d8f31de7cb035fa374e07309f05": ["112", "a2dp.Vol.Preferences"]}, {"df917d8f31de7cb035fa374e07309f05": ["112", "a2dp.Vol.Preferences"]}, {"df917d8f31de7cb035fa374e07309f05": ["112", "a2dp.Vol.Preferences"]}, {"df917d8f31de7cb035fa374e07309f05": ["112", "a2dp.Vol.Preferences"]}, {"df917d8f31de7cb035fa374e07309f05": ["112", "a2dp.Vol.Preferences"]}, {"df917d8f31de7cb035fa374e07309f05": ["112", "a2dp.Vol.Preferences"]}, {"df917d8f31de7cb035fa374e07309f05": ["112", "a2dp.Vol.Preferences"]}, {"df917d8f31de7cb035fa374e07309f05": ["112", "a2dp.Vol.Preferences"]}, {"df917d8f31de7cb035fa374e07309f05": ["112", "a2dp.Vol.Preferences"]}, {"df917d8f31de7cb035fa374e07309f05": ["112", "a2dp.Vol.Preferences"]}, {"df917d8f31de7cb035fa374e07309f05": ["112", "a2dp.Vol.Preferences"]}, {"df917d8f31de7cb035fa374e07309f05": ["112", "a2dp.Vol.Preferences"]}, {"a5086139c546b47ab74736a93fcff1f9": ["107", "a2dp.Vol.main"]}, {"ea6f416a1f26f9b43c9ecc309f15ce80": ["75", "a2dp.Vol.main"]}, {"ea6f416a1f26f9b43c9ecc309f15ce80": ["75", "a2dp.Vol.main"]}, {"ea6f416a1f26f9b43c9ecc309f15ce80": ["75", "a2dp.Vol.main"]}, {"ea6f416a1f26f9b43c9ecc309f15ce80": ["75", "a2dp.Vol.main"]}, {"81091b58697b2b24f338002575d07f7e": ["1", "a2dp.Vol.main"]}, {"ea6f416a1f26f9b43c9ecc309f15ce80": ["75", "a2dp.Vol.main"]}, {"ea6f416a1f26f9b43c9ecc309f15ce80": ["75", "a2dp.Vol.main"]}, {"ea6f416a1f26f9b43c9ecc309f15ce80": ["75", "a2dp.Vol.main"]}, {"ea6f416a1f26f9b43c9ecc309f15ce80": ["75", "a2dp.Vol.main"]}, {"ea6f416a1f26f9b43c9ecc309f15ce80": ["75", "a2dp.Vol.main"]}, {"ea6f416a1f26f9b43c9ecc309f15ce80": ["75", "a2dp.Vol.main"]}, {"ea6f416a1f26f9b43c9ecc309f15ce80": ["75", "a2dp.Vol.main"]}, {"ea6f416a1f26f9b43c9ecc309f15ce80": ["75", "a2dp.Vol.main"]}, {"ea6f416a1f26f9b43c9ecc309f15ce80": ["75", "a2dp.Vol.main"]}, {"ea6f416a1f26f9b43c9ecc309f15ce80": ["75", "a2dp.Vol.main"]}, {"ea6f416a1f26f9b43c9ecc309f15ce80": ["75", "a2dp.Vol.main"]}, {"ea6f416a1f26f9b43c9ecc309f15ce80": ["75", "a2dp.Vol.main"]}, {"ea6f416a1f26f9b43c9ecc309f15ce80": ["75", "a2dp.Vol.main"]}, {"81091b58697b2b24f338002575d07f7e": ["1", "a2dp.Vol.main"]}, {"df917d8f31de7cb035fa374e07309f05": ["112", "a2dp.Vol.Preferences"]}, {"ea6f416a1f26f9b43c9ecc309f15ce80": ["75", "a2dp.Vol.main"]}, {"ea6f416a1f26f9b43c9ecc309f15ce80": ["75", "a2dp.Vol.main"]}, {"ea6f416a1f26f9b43c9ecc309f15ce80": ["75", "a2dp.Vol.main"]}, {"ea6f416a1f26f9b43c9ecc309f15ce80": ["75", "a2dp.Vol.main"]}, {"abb4c2edcc1fc5848b29736e0b0f480d": ["69", "a2dp.Vol.Preferences"]}, {"abb4c2edcc1fc5848b29736e0b0f480d": ["69", "a2dp.Vol.Preferences"]}, {"abb4c2edcc1fc5848b29736e0b0f480d": ["69", "a2dp.Vol.Preferences"]}, {"ea6f416a1f26f9b43c9ecc309f15ce80": ["75", "a2dp.Vol.main"]}, {"ea6f416a1f26f9b43c9ecc309f15ce80": ["75", "a2dp.Vol.main"]}, {"81091b58697b2b24f338002575d07f7e": ["1", "a2dp.Vol.main"]}, {"6588d4e831549eea9fa0cfe389f3c355": ["127", "a2dp.Vol.EditDevice"]}, {"3804555c899958266d780f165ef3d9ad": ["14", "a2dp.Vol.EditDevice"]}, {"04c5b3773ca91fc43f91d66f50588450": ["120", "a2dp.Vol.EditDevice"]}, {"0c86a596803587cac0e6adf0ed792cbd": ["16", "a2dp.Vol.EditDevice"]}, {"4f0f818f67cd00649afd15d391eda010": ["10", "a2dp.Vol.EditDevice"]}, {"0c86a596803587cac0e6adf0ed792cbd": ["16", "a2dp.Vol.EditDevice"]}, {"4f0f818f67cd00649afd15d391eda010": ["10", "a2dp.Vol.EditDevice"]}, {"0c86a596803587cac0e6adf0ed792cbd": ["16", "a2dp.Vol.EditDevice"]}, {"4f0f818f67cd00649afd15d391eda010": ["10", "a2dp.Vol.EditDevice"]}, {"77065da92f39f9b4b56c687c4b70361a": ["17", "a2dp.Vol.AppChooser"]}, {"77065da92f39f9b4b56c687c4b70361a": ["17", "a2dp.Vol.AppChooser"]}, {"d59ff22e2da3e5b17e0bc0505543dc7b": ["29", "a2dp.Vol.EditDevice"]}, {"4f0f818f67cd00649afd15d391eda010": ["10", "a2dp.Vol.EditDevice"]}, {"77065da92f39f9b4b56c687c4b70361a": ["17", "a2dp.Vol.AppChooser"]}, {"f8165bfdfbdd0cc1df00df2a9a632659": ["30", "a2dp.Vol.EditDevice"]}, {"ea6f416a1f26f9b43c9ecc309f15ce80": ["75", "a2dp.Vol.main"]}, {"ea6f416a1f26f9b43c9ecc309f15ce80": ["75", "a2dp.Vol.main"]}, {"ea6f416a1f26f9b43c9ecc309f15ce80": ["75", "a2dp.Vol.main"]}, {"ea6f416a1f26f9b43c9ecc309f15ce80": ["75", "a2dp.Vol.main"]}, {"ea6f416a1f26f9b43c9ecc309f15ce80": ["75", "a2dp.Vol.main"]}, {"ea6f416a1f26f9b43c9ecc309f15ce80": ["75", "a2dp.Vol.main"]}, {"ea6f416a1f26f9b43c9ecc309f15ce80": ["75", "a2dp.Vol.main"]}, {"81091b58697b2b24f338002575d07f7e": ["1", "a2dp.Vol.main"]}, {"ea6f416a1f26f9b43c9ecc309f15ce80": ["75", "a2dp.Vol.main"]}, {"ea6f416a1f26f9b43c9ecc309f15ce80": ["75", "a2dp.Vol.main"]}, {"ea6f416a1f26f9b43c9ecc309f15ce80": ["75", "a2dp.Vol.main"]}, {"ea6f416a1f26f9b43c9ecc309f15ce80": ["75", "a2dp.Vol.main"]}, {"ea6f416a1f26f9b43c9ecc309f15ce80": ["75", "a2dp.Vol.main"]}, {"ea6f416a1f26f9b43c9ecc309f15ce80": ["75", "a2dp.Vol.main"]}, {"ea6f416a1f26f9b43c9ecc309f15ce80": ["75", "a2dp.Vol.main"]}, {"81091b58697b2b24f338002575d07f7e": ["1", "a2dp.Vol.main"]}, {"ea6f416a1f26f9b43c9ecc309f15ce80": ["75", "a2dp.Vol.main"]}, {"81091b58697b2b24f338002575d07f7e": ["1", "a2dp.Vol.main"]}, {"ea6f416a1f26f9b43c9ecc309f15ce80": ["75", "a2dp.Vol.main"]}, {"81091b58697b2b24f338002575d07f7e": ["1", "a2dp.Vol.main"]}, {"a5086139c546b47ab74736a93fcff1f9": ["107", "a2dp.Vol.main"]}, {"ea6f416a1f26f9b43c9ecc309f15ce80": ["75", "a2dp.Vol.main"]}, {"81091b58697b2b24f338002575d07f7e": ["1", "a2dp.Vol.main"]}, {"a5086139c546b47ab74736a93fcff1f9": ["107", "a2dp.Vol.main"]}, {"a5086139c546b47ab74736a93fcff1f9": ["107", "a2dp.Vol.main"]}, {"a5086139c546b47ab74736a93fcff1f9": ["107", "a2dp.Vol.main"]}, {"81091b58697b2b24f338002575d07f7e": ["1", "a2dp.Vol.main"]}, {"a5086139c546b47ab74736a93fcff1f9": ["107", "a2dp.Vol.main"]}, {"a5086139c546b47ab74736a93fcff1f9": ["107", "a2dp.Vol.main"]}, {"abb4c2edcc1fc5848b29736e0b0f480d": ["69", "a2dp.Vol.Preferences"]}, {"abb4c2edcc1fc5848b29736e0b0f480d": ["69", "a2dp.Vol.Preferences"]}, {"abb4c2edcc1fc5848b29736e0b0f480d": ["69", "a2dp.Vol.Preferences"]}, {"2daa46153c734e9917d3302634804066": ["102", "a2dp.Vol.Preferences"]}, {"2daa46153c734e9917d3302634804066": ["102", "a2dp.Vol.Preferences"]}, {"2daa46153c734e9917d3302634804066": ["102", "a2dp.Vol.Preferences"]}, {"2daa46153c734e9917d3302634804066": ["102", "a2dp.Vol.Preferences"]}, {"2daa46153c734e9917d3302634804066": ["102", "a2dp.Vol.Preferences"]}, {"2daa46153c734e9917d3302634804066": ["102", "a2dp.Vol.Preferences"]}, {"2daa46153c734e9917d3302634804066": ["102", "a2dp.Vol.Preferences"]}, {"abb4c2edcc1fc5848b29736e0b0f480d": ["69", "a2dp.Vol.Preferences"]}, {"a5086139c546b47ab74736a93fcff1f9": ["107", "a2dp.Vol.main"]}, {"81091b58697b2b24f338002575d07f7e": ["1", "a2dp.Vol.main"]}, {"0c86a596803587cac0e6adf0ed792cbd": ["16", "a2dp.Vol.EditDevice"]}, {"0851af6ecbf2d5d0279183c10e4a770b": ["76", "a2dp.Vol.main"]}, {"a6ef29e91209424fedd37719b9a3efff": ["0", "a2dp.Vol.main"]}, {"a6ef29e91209424fedd37719b9a3efff": ["0", "a2dp.Vol.main"]}, {"a6ef29e91209424fedd37719b9a3efff": ["0", "a2dp.Vol.main"]}, {"a6ef29e91209424fedd37719b9a3efff": ["0", "a2dp.Vol.main"]}, {"a6ef29e91209424fedd37719b9a3efff": ["0", "a2dp.Vol.main"]}, {"a6ef29e91209424fedd37719b9a3efff": ["0", "a2dp.Vol.main"]}, {"a6ef29e91209424fedd37719b9a3efff": ["0", "a2dp.Vol.main"]}, {"a6ef29e91209424fedd37719b9a3efff": ["0", "a2dp.Vol.main"]}, {"a6ef29e91209424fedd37719b9a3efff": ["0", "a2dp.Vol.main"]}, {"a6ef29e91209424fedd37719b9a3efff": ["0", "a2dp.Vol.main"]}, {"a6ef29e91209424fedd37719b9a3efff": ["0", "a2dp.Vol.main"]}, {"a6ef29e91209424fedd37719b9a3efff": ["0", "a2dp.Vol.main"]}, {"a6ef29e91209424fedd37719b9a3efff": ["0", "a2dp.Vol.main"]}, {"0851af6ecbf2d5d0279183c10e4a770b": ["76", "a2dp.Vol.main"]}, {"a6ef29e91209424fedd37719b9a3efff": ["0", "a2dp.Vol.main"]}, {"a6ef29e91209424fedd37719b9a3efff": ["0", "a2dp.Vol.main"]}, {"abb4c2edcc1fc5848b29736e0b0f480d": ["69", "a2dp.Vol.Preferences"]}, {"abb4c2edcc1fc5848b29736e0b0f480d": ["69", "a2dp.Vol.Preferences"]}, {"abb4c2edcc1fc5848b29736e0b0f480d": ["69", "a2dp.Vol.Preferences"]}, {"abb4c2edcc1fc5848b29736e0b0f480d": ["69", "a2dp.Vol.Preferences"]}, {"a6ef29e91209424fedd37719b9a3efff": ["0", "a2dp.Vol.main"]}, {"a6ef29e91209424fedd37719b9a3efff": ["0", "a2dp.Vol.main"]}, {"a6ef29e91209424fedd37719b9a3efff": ["0", "a2dp.Vol.main"]}, {"c2bb461cb03e0edfd6db4e31fc7235a0": ["74", "a2dp.Vol.ManageData"]}, {"c2bb461cb03e0edfd6db4e31fc7235a0": ["74", "a2dp.Vol.ManageData"]}, {"c2bb461cb03e0edfd6db4e31fc7235a0": ["74", "a2dp.Vol.ManageData"]}, {"c2bb461cb03e0edfd6db4e31fc7235a0": ["74", "a2dp.Vol.ManageData"]}, {"c2bb461cb03e0edfd6db4e31fc7235a0": ["74", "a2dp.Vol.ManageData"]}, {"a6ef29e91209424fedd37719b9a3efff": ["0", "a2dp.Vol.main"]}, {"a6ef29e91209424fedd37719b9a3efff": ["0", "a2dp.Vol.main"]}, {"abb4c2edcc1fc5848b29736e0b0f480d": ["69", "a2dp.Vol.Preferences"]}, {"0de54e237abf727fc1da1886ac8fe68e": ["70", "a2dp.Vol.Preferences"]}, {"0de54e237abf727fc1da1886ac8fe68e": ["70", "a2dp.Vol.Preferences"]}, {"41c98eae3759320853f7f62d93c5e57f": ["72", "a2dp.Vol.Preferences"]}, {"0de54e237abf727fc1da1886ac8fe68e": ["70", "a2dp.Vol.Preferences"]}, {"a6ef29e91209424fedd37719b9a3efff": ["0", "a2dp.Vol.main"]}, {"81091b58697b2b24f338002575d07f7e": ["1", "a2dp.Vol.main"]}]