[{"b61ec79352049b785714d494c6bf9e1d": ["0", "org.jtb.alogcat.LogActivity"]}, {"55b8ee0804c863c9ab1df2b060f9348c": ["30", "org.jtb.alogcat.LogActivity"]}, {"55b8ee0804c863c9ab1df2b060f9348c": ["30", "org.jtb.alogcat.LogActivity"]}, {"c04c2976e3789000307f9deb3f8b8873": ["22", "org.jtb.alogcat.LogActivity"]}, {"b61ec79352049b785714d494c6bf9e1d": ["0", "org.jtb.alogcat.LogActivity"]}, {"fc49c6fd6506aa1916e5f948da777996": ["1", "org.jtb.alogcat.PrefsActivity"]}, {"423b9ded68d0141aafab8bae247118cc": ["3", "org.jtb.alogcat.PrefsActivity"]}, {"fc49c6fd6506aa1916e5f948da777996": ["1", "org.jtb.alogcat.PrefsActivity"]}, {"fc49c6fd6506aa1916e5f948da777996": ["1", "org.jtb.alogcat.PrefsActivity"]}, {"423b9ded68d0141aafab8bae247118cc": ["3", "org.jtb.alogcat.PrefsActivity"]}, {"b61ec79352049b785714d494c6bf9e1d": ["0", "org.jtb.alogcat.LogActivity"]}, {"b61ec79352049b785714d494c6bf9e1d": ["0", "org.jtb.alogcat.LogActivity"]}, {"fc49c6fd6506aa1916e5f948da777996": ["1", "org.jtb.alogcat.PrefsActivity"]}, {"fc49c6fd6506aa1916e5f948da777996": ["1", "org.jtb.alogcat.PrefsActivity"]}, {"423b9ded68d0141aafab8bae247118cc": ["3", "org.jtb.alogcat.PrefsActivity"]}, {"fc49c6fd6506aa1916e5f948da777996": ["1", "org.jtb.alogcat.PrefsActivity"]}, {"fc49c6fd6506aa1916e5f948da777996": ["1", "org.jtb.alogcat.PrefsActivity"]}, {"423b9ded68d0141aafab8bae247118cc": ["3", "org.jtb.alogcat.PrefsActivity"]}, {"fc49c6fd6506aa1916e5f948da777996": ["1", "org.jtb.alogcat.PrefsActivity"]}, {"fc49c6fd6506aa1916e5f948da777996": ["1", "org.jtb.alogcat.PrefsActivity"]}, {"423b9ded68d0141aafab8bae247118cc": ["3", "org.jtb.alogcat.PrefsActivity"]}, {"fc49c6fd6506aa1916e5f948da777996": ["1", "org.jtb.alogcat.PrefsActivity"]}, {"6408f226e1777a6f9745a78f263ac789": ["4", "org.jtb.alogcat.PrefsActivity"]}, {"fc49c6fd6506aa1916e5f948da777996": ["1", "org.jtb.alogcat.PrefsActivity"]}, {"d9e85a52319eb7901bef0aa256f4a8f2": ["2", "org.jtb.alogcat.PrefsActivity"]}, {"fc49c6fd6506aa1916e5f948da777996": ["1", "org.jtb.alogcat.PrefsActivity"]}, {"d9e85a52319eb7901bef0aa256f4a8f2": ["2", "org.jtb.alogcat.PrefsActivity"]}, {"fc49c6fd6506aa1916e5f948da777996": ["1", "org.jtb.alogcat.PrefsActivity"]}, {"6408f226e1777a6f9745a78f263ac789": ["4", "org.jtb.alogcat.PrefsActivity"]}, {"fc49c6fd6506aa1916e5f948da777996": ["1", "org.jtb.alogcat.PrefsActivity"]}, {"fc49c6fd6506aa1916e5f948da777996": ["1", "org.jtb.alogcat.PrefsActivity"]}, {"fc49c6fd6506aa1916e5f948da777996": ["1", "org.jtb.alogcat.PrefsActivity"]}, {"d9e85a52319eb7901bef0aa256f4a8f2": ["2", "org.jtb.alogcat.PrefsActivity"]}, {"fc49c6fd6506aa1916e5f948da777996": ["1", "org.jtb.alogcat.PrefsActivity"]}, {"fc49c6fd6506aa1916e5f948da777996": ["1", "org.jtb.alogcat.PrefsActivity"]}, {"6408f226e1777a6f9745a78f263ac789": ["4", "org.jtb.alogcat.PrefsActivity"]}, {"fc49c6fd6506aa1916e5f948da777996": ["1", "org.jtb.alogcat.PrefsActivity"]}, {"6408f226e1777a6f9745a78f263ac789": ["4", "org.jtb.alogcat.PrefsActivity"]}, {"fc49c6fd6506aa1916e5f948da777996": ["1", "org.jtb.alogcat.PrefsActivity"]}, {"fc49c6fd6506aa1916e5f948da777996": ["1", "org.jtb.alogcat.PrefsActivity"]}, {"423b9ded68d0141aafab8bae247118cc": ["3", "org.jtb.alogcat.PrefsActivity"]}, {"fc49c6fd6506aa1916e5f948da777996": ["1", "org.jtb.alogcat.PrefsActivity"]}, {"fc49c6fd6506aa1916e5f948da777996": ["1", "org.jtb.alogcat.PrefsActivity"]}, {"d9e85a52319eb7901bef0aa256f4a8f2": ["2", "org.jtb.alogcat.PrefsActivity"]}, {"fc49c6fd6506aa1916e5f948da777996": ["1", "org.jtb.alogcat.PrefsActivity"]}, {"d9e85a52319eb7901bef0aa256f4a8f2": ["2", "org.jtb.alogcat.PrefsActivity"]}, {"fc49c6fd6506aa1916e5f948da777996": ["1", "org.jtb.alogcat.PrefsActivity"]}, {"d9e85a52319eb7901bef0aa256f4a8f2": ["2", "org.jtb.alogcat.PrefsActivity"]}, {"fc49c6fd6506aa1916e5f948da777996": ["1", "org.jtb.alogcat.PrefsActivity"]}, {"fc49c6fd6506aa1916e5f948da777996": ["1", "org.jtb.alogcat.PrefsActivity"]}, {"fc49c6fd6506aa1916e5f948da777996": ["1", "org.jtb.alogcat.PrefsActivity"]}, {"fc49c6fd6506aa1916e5f948da777996": ["1", "org.jtb.alogcat.PrefsActivity"]}, {"fc49c6fd6506aa1916e5f948da777996": ["1", "org.jtb.alogcat.PrefsActivity"]}, {"6408f226e1777a6f9745a78f263ac789": ["4", "org.jtb.alogcat.PrefsActivity"]}, {"fc49c6fd6506aa1916e5f948da777996": ["1", "org.jtb.alogcat.PrefsActivity"]}, {"423b9ded68d0141aafab8bae247118cc": ["3", "org.jtb.alogcat.PrefsActivity"]}, {"fc49c6fd6506aa1916e5f948da777996": ["1", "org.jtb.alogcat.PrefsActivity"]}, {"d9e85a52319eb7901bef0aa256f4a8f2": ["2", "org.jtb.alogcat.PrefsActivity"]}, {"fc49c6fd6506aa1916e5f948da777996": ["1", "org.jtb.alogcat.PrefsActivity"]}, {"fc49c6fd6506aa1916e5f948da777996": ["1", "org.jtb.alogcat.PrefsActivity"]}, {"423b9ded68d0141aafab8bae247118cc": ["3", "org.jtb.alogcat.PrefsActivity"]}, {"fc49c6fd6506aa1916e5f948da777996": ["1", "org.jtb.alogcat.PrefsActivity"]}, {"fc49c6fd6506aa1916e5f948da777996": ["1", "org.jtb.alogcat.PrefsActivity"]}, {"423b9ded68d0141aafab8bae247118cc": ["3", "org.jtb.alogcat.PrefsActivity"]}, {"fc49c6fd6506aa1916e5f948da777996": ["1", "org.jtb.alogcat.PrefsActivity"]}, {"423b9ded68d0141aafab8bae247118cc": ["3", "org.jtb.alogcat.PrefsActivity"]}, {"fc49c6fd6506aa1916e5f948da777996": ["1", "org.jtb.alogcat.PrefsActivity"]}, {"423b9ded68d0141aafab8bae247118cc": ["3", "org.jtb.alogcat.PrefsActivity"]}, {"fc49c6fd6506aa1916e5f948da777996": ["1", "org.jtb.alogcat.PrefsActivity"]}, {"fc49c6fd6506aa1916e5f948da777996": ["1", "org.jtb.alogcat.PrefsActivity"]}, {"fc49c6fd6506aa1916e5f948da777996": ["1", "org.jtb.alogcat.PrefsActivity"]}, {"fc49c6fd6506aa1916e5f948da777996": ["1", "org.jtb.alogcat.PrefsActivity"]}, {"b61ec79352049b785714d494c6bf9e1d": ["0", "org.jtb.alogcat.LogActivity"]}, {"b61ec79352049b785714d494c6bf9e1d": ["0", "org.jtb.alogcat.LogActivity"]}, {"b61ec79352049b785714d494c6bf9e1d": ["0", "org.jtb.alogcat.LogActivity"]}, {"fc49c6fd6506aa1916e5f948da777996": ["1", "org.jtb.alogcat.PrefsActivity"]}, {"fc49c6fd6506aa1916e5f948da777996": ["1", "org.jtb.alogcat.PrefsActivity"]}, {"423b9ded68d0141aafab8bae247118cc": ["3", "org.jtb.alogcat.PrefsActivity"]}, {"fc49c6fd6506aa1916e5f948da777996": ["1", "org.jtb.alogcat.PrefsActivity"]}, {"423b9ded68d0141aafab8bae247118cc": ["3", "org.jtb.alogcat.PrefsActivity"]}, {"fc49c6fd6506aa1916e5f948da777996": ["1", "org.jtb.alogcat.PrefsActivity"]}, {"fc49c6fd6506aa1916e5f948da777996": ["1", "org.jtb.alogcat.PrefsActivity"]}, {"fc49c6fd6506aa1916e5f948da777996": ["1", "org.jtb.alogcat.PrefsActivity"]}, {"d9e85a52319eb7901bef0aa256f4a8f2": ["2", "org.jtb.alogcat.PrefsActivity"]}, {"fc49c6fd6506aa1916e5f948da777996": ["1", "org.jtb.alogcat.PrefsActivity"]}, {"d9e85a52319eb7901bef0aa256f4a8f2": ["2", "org.jtb.alogcat.PrefsActivity"]}, {"fc49c6fd6506aa1916e5f948da777996": ["1", "org.jtb.alogcat.PrefsActivity"]}, {"423b9ded68d0141aafab8bae247118cc": ["3", "org.jtb.alogcat.PrefsActivity"]}, {"6408f226e1777a6f9745a78f263ac789": ["4", "org.jtb.alogcat.PrefsActivity"]}, {"fc49c6fd6506aa1916e5f948da777996": ["1", "org.jtb.alogcat.PrefsActivity"]}, {"423b9ded68d0141aafab8bae247118cc": ["3", "org.jtb.alogcat.PrefsActivity"]}, {"fc49c6fd6506aa1916e5f948da777996": ["1", "org.jtb.alogcat.PrefsActivity"]}, {"423b9ded68d0141aafab8bae247118cc": ["3", "org.jtb.alogcat.PrefsActivity"]}, {"fc49c6fd6506aa1916e5f948da777996": ["1", "org.jtb.alogcat.PrefsActivity"]}, {"423b9ded68d0141aafab8bae247118cc": ["3", "org.jtb.alogcat.PrefsActivity"]}, {"fc49c6fd6506aa1916e5f948da777996": ["1", "org.jtb.alogcat.PrefsActivity"]}, {"d9e85a52319eb7901bef0aa256f4a8f2": ["2", "org.jtb.alogcat.PrefsActivity"]}, {"fc49c6fd6506aa1916e5f948da777996": ["1", "org.jtb.alogcat.PrefsActivity"]}, {"fc49c6fd6506aa1916e5f948da777996": ["1", "org.jtb.alogcat.PrefsActivity"]}, {"d9e85a52319eb7901bef0aa256f4a8f2": ["2", "org.jtb.alogcat.PrefsActivity"]}, {"fc49c6fd6506aa1916e5f948da777996": ["1", "org.jtb.alogcat.PrefsActivity"]}, {"fc49c6fd6506aa1916e5f948da777996": ["1", "org.jtb.alogcat.PrefsActivity"]}, {"fc49c6fd6506aa1916e5f948da777996": ["1", "org.jtb.alogcat.PrefsActivity"]}, {"423b9ded68d0141aafab8bae247118cc": ["3", "org.jtb.alogcat.PrefsActivity"]}, {"fc49c6fd6506aa1916e5f948da777996": ["1", "org.jtb.alogcat.PrefsActivity"]}, {"fc49c6fd6506aa1916e5f948da777996": ["1", "org.jtb.alogcat.PrefsActivity"]}, {"d9e85a52319eb7901bef0aa256f4a8f2": ["2", "org.jtb.alogcat.PrefsActivity"]}, {"fc49c6fd6506aa1916e5f948da777996": ["1", "org.jtb.alogcat.PrefsActivity"]}, {"fc49c6fd6506aa1916e5f948da777996": ["1", "org.jtb.alogcat.PrefsActivity"]}, {"d9e85a52319eb7901bef0aa256f4a8f2": ["2", "org.jtb.alogcat.PrefsActivity"]}, {"fc49c6fd6506aa1916e5f948da777996": ["1", "org.jtb.alogcat.PrefsActivity"]}, {"fc49c6fd6506aa1916e5f948da777996": ["1", "org.jtb.alogcat.PrefsActivity"]}, {"fc49c6fd6506aa1916e5f948da777996": ["1", "org.jtb.alogcat.PrefsActivity"]}, {"423b9ded68d0141aafab8bae247118cc": ["3", "org.jtb.alogcat.PrefsActivity"]}, {"fc49c6fd6506aa1916e5f948da777996": ["1", "org.jtb.alogcat.PrefsActivity"]}, {"fc49c6fd6506aa1916e5f948da777996": ["1", "org.jtb.alogcat.PrefsActivity"]}, {"6408f226e1777a6f9745a78f263ac789": ["4", "org.jtb.alogcat.PrefsActivity"]}, {"fc49c6fd6506aa1916e5f948da777996": ["1", "org.jtb.alogcat.PrefsActivity"]}, {"fc49c6fd6506aa1916e5f948da777996": ["1", "org.jtb.alogcat.PrefsActivity"]}, {"423b9ded68d0141aafab8bae247118cc": ["3", "org.jtb.alogcat.PrefsActivity"]}, {"fc49c6fd6506aa1916e5f948da777996": ["1", "org.jtb.alogcat.PrefsActivity"]}, {"423b9ded68d0141aafab8bae247118cc": ["3", "org.jtb.alogcat.PrefsActivity"]}, {"fc49c6fd6506aa1916e5f948da777996": ["1", "org.jtb.alogcat.PrefsActivity"]}, {"6408f226e1777a6f9745a78f263ac789": ["4", "org.jtb.alogcat.PrefsActivity"]}, {"fc49c6fd6506aa1916e5f948da777996": ["1", "org.jtb.alogcat.PrefsActivity"]}, {"d9e85a52319eb7901bef0aa256f4a8f2": ["2", "org.jtb.alogcat.PrefsActivity"]}, {"fc49c6fd6506aa1916e5f948da777996": ["1", "org.jtb.alogcat.PrefsActivity"]}, {"fc49c6fd6506aa1916e5f948da777996": ["1", "org.jtb.alogcat.PrefsActivity"]}, {"fc49c6fd6506aa1916e5f948da777996": ["1", "org.jtb.alogcat.PrefsActivity"]}, {"fc49c6fd6506aa1916e5f948da777996": ["1", "org.jtb.alogcat.PrefsActivity"]}, {"fc49c6fd6506aa1916e5f948da777996": ["1", "org.jtb.alogcat.PrefsActivity"]}, {"d9e85a52319eb7901bef0aa256f4a8f2": ["2", "org.jtb.alogcat.PrefsActivity"]}, {"fc49c6fd6506aa1916e5f948da777996": ["1", "org.jtb.alogcat.PrefsActivity"]}, {"fc49c6fd6506aa1916e5f948da777996": ["1", "org.jtb.alogcat.PrefsActivity"]}, {"423b9ded68d0141aafab8bae247118cc": ["3", "org.jtb.alogcat.PrefsActivity"]}, {"fc49c6fd6506aa1916e5f948da777996": ["1", "org.jtb.alogcat.PrefsActivity"]}, {"fc49c6fd6506aa1916e5f948da777996": ["1", "org.jtb.alogcat.PrefsActivity"]}, {"fc49c6fd6506aa1916e5f948da777996": ["1", "org.jtb.alogcat.PrefsActivity"]}, {"d9e85a52319eb7901bef0aa256f4a8f2": ["2", "org.jtb.alogcat.PrefsActivity"]}, {"fc49c6fd6506aa1916e5f948da777996": ["1", "org.jtb.alogcat.PrefsActivity"]}, {"d9e85a52319eb7901bef0aa256f4a8f2": ["2", "org.jtb.alogcat.PrefsActivity"]}, {"fc49c6fd6506aa1916e5f948da777996": ["1", "org.jtb.alogcat.PrefsActivity"]}, {"d9e85a52319eb7901bef0aa256f4a8f2": ["2", "org.jtb.alogcat.PrefsActivity"]}, {"fc49c6fd6506aa1916e5f948da777996": ["1", "org.jtb.alogcat.PrefsActivity"]}, {"423b9ded68d0141aafab8bae247118cc": ["3", "org.jtb.alogcat.PrefsActivity"]}, {"fc49c6fd6506aa1916e5f948da777996": ["1", "org.jtb.alogcat.PrefsActivity"]}, {"423b9ded68d0141aafab8bae247118cc": ["3", "org.jtb.alogcat.PrefsActivity"]}, {"fc49c6fd6506aa1916e5f948da777996": ["1", "org.jtb.alogcat.PrefsActivity"]}, {"423b9ded68d0141aafab8bae247118cc": ["3", "org.jtb.alogcat.PrefsActivity"]}, {"fc49c6fd6506aa1916e5f948da777996": ["1", "org.jtb.alogcat.PrefsActivity"]}, {"423b9ded68d0141aafab8bae247118cc": ["3", "org.jtb.alogcat.PrefsActivity"]}, {"fc49c6fd6506aa1916e5f948da777996": ["1", "org.jtb.alogcat.PrefsActivity"]}, {"423b9ded68d0141aafab8bae247118cc": ["3", "org.jtb.alogcat.PrefsActivity"]}, {"fc49c6fd6506aa1916e5f948da777996": ["1", "org.jtb.alogcat.PrefsActivity"]}, {"d9e85a52319eb7901bef0aa256f4a8f2": ["2", "org.jtb.alogcat.PrefsActivity"]}, {"fc49c6fd6506aa1916e5f948da777996": ["1", "org.jtb.alogcat.PrefsActivity"]}, {"6408f226e1777a6f9745a78f263ac789": ["4", "org.jtb.alogcat.PrefsActivity"]}, {"fc49c6fd6506aa1916e5f948da777996": ["1", "org.jtb.alogcat.PrefsActivity"]}, {"d9e85a52319eb7901bef0aa256f4a8f2": ["2", "org.jtb.alogcat.PrefsActivity"]}, {"fc49c6fd6506aa1916e5f948da777996": ["1", "org.jtb.alogcat.PrefsActivity"]}, {"fc49c6fd6506aa1916e5f948da777996": ["1", "org.jtb.alogcat.PrefsActivity"]}, {"fc49c6fd6506aa1916e5f948da777996": ["1", "org.jtb.alogcat.PrefsActivity"]}, {"fc49c6fd6506aa1916e5f948da777996": ["1", "org.jtb.alogcat.PrefsActivity"]}, {"423b9ded68d0141aafab8bae247118cc": ["3", "org.jtb.alogcat.PrefsActivity"]}, {"fc49c6fd6506aa1916e5f948da777996": ["1", "org.jtb.alogcat.PrefsActivity"]}, {"fc49c6fd6506aa1916e5f948da777996": ["1", "org.jtb.alogcat.PrefsActivity"]}, {"fc49c6fd6506aa1916e5f948da777996": ["1", "org.jtb.alogcat.PrefsActivity"]}, {"fc49c6fd6506aa1916e5f948da777996": ["1", "org.jtb.alogcat.PrefsActivity"]}, {"d9e85a52319eb7901bef0aa256f4a8f2": ["2", "org.jtb.alogcat.PrefsActivity"]}, {"fc49c6fd6506aa1916e5f948da777996": ["1", "org.jtb.alogcat.PrefsActivity"]}, {"fc49c6fd6506aa1916e5f948da777996": ["1", "org.jtb.alogcat.PrefsActivity"]}, {"fc49c6fd6506aa1916e5f948da777996": ["1", "org.jtb.alogcat.PrefsActivity"]}, {"fc49c6fd6506aa1916e5f948da777996": ["1", "org.jtb.alogcat.PrefsActivity"]}, {"fc49c6fd6506aa1916e5f948da777996": ["1", "org.jtb.alogcat.PrefsActivity"]}, {"423b9ded68d0141aafab8bae247118cc": ["3", "org.jtb.alogcat.PrefsActivity"]}, {"fc49c6fd6506aa1916e5f948da777996": ["1", "org.jtb.alogcat.PrefsActivity"]}, {"423b9ded68d0141aafab8bae247118cc": ["3", "org.jtb.alogcat.PrefsActivity"]}, {"fc49c6fd6506aa1916e5f948da777996": ["1", "org.jtb.alogcat.PrefsActivity"]}, {"423b9ded68d0141aafab8bae247118cc": ["3", "org.jtb.alogcat.PrefsActivity"]}, {"fc49c6fd6506aa1916e5f948da777996": ["1", "org.jtb.alogcat.PrefsActivity"]}, {"fc49c6fd6506aa1916e5f948da777996": ["1", "org.jtb.alogcat.PrefsActivity"]}, {"fc49c6fd6506aa1916e5f948da777996": ["1", "org.jtb.alogcat.PrefsActivity"]}, {"fc49c6fd6506aa1916e5f948da777996": ["1", "org.jtb.alogcat.PrefsActivity"]}, {"fc49c6fd6506aa1916e5f948da777996": ["1", "org.jtb.alogcat.PrefsActivity"]}, {"423b9ded68d0141aafab8bae247118cc": ["3", "org.jtb.alogcat.PrefsActivity"]}, {"fc49c6fd6506aa1916e5f948da777996": ["1", "org.jtb.alogcat.PrefsActivity"]}, {"fc49c6fd6506aa1916e5f948da777996": ["1", "org.jtb.alogcat.PrefsActivity"]}, {"fc49c6fd6506aa1916e5f948da777996": ["1", "org.jtb.alogcat.PrefsActivity"]}, {"fc49c6fd6506aa1916e5f948da777996": ["1", "org.jtb.alogcat.PrefsActivity"]}, {"423b9ded68d0141aafab8bae247118cc": ["3", "org.jtb.alogcat.PrefsActivity"]}, {"fc49c6fd6506aa1916e5f948da777996": ["1", "org.jtb.alogcat.PrefsActivity"]}, {"fc49c6fd6506aa1916e5f948da777996": ["1", "org.jtb.alogcat.PrefsActivity"]}, {"6408f226e1777a6f9745a78f263ac789": ["4", "org.jtb.alogcat.PrefsActivity"]}, {"fc49c6fd6506aa1916e5f948da777996": ["1", "org.jtb.alogcat.PrefsActivity"]}, {"fc49c6fd6506aa1916e5f948da777996": ["1", "org.jtb.alogcat.PrefsActivity"]}, {"fc49c6fd6506aa1916e5f948da777996": ["1", "org.jtb.alogcat.PrefsActivity"]}, {"fc49c6fd6506aa1916e5f948da777996": ["1", "org.jtb.alogcat.PrefsActivity"]}, {"fc49c6fd6506aa1916e5f948da777996": ["1", "org.jtb.alogcat.PrefsActivity"]}, {"423b9ded68d0141aafab8bae247118cc": ["3", "org.jtb.alogcat.PrefsActivity"]}, {"fc49c6fd6506aa1916e5f948da777996": ["1", "org.jtb.alogcat.PrefsActivity"]}, {"fc49c6fd6506aa1916e5f948da777996": ["1", "org.jtb.alogcat.PrefsActivity"]}, {"423b9ded68d0141aafab8bae247118cc": ["3", "org.jtb.alogcat.PrefsActivity"]}, {"fc49c6fd6506aa1916e5f948da777996": ["1", "org.jtb.alogcat.PrefsActivity"]}, {"fc49c6fd6506aa1916e5f948da777996": ["1", "org.jtb.alogcat.PrefsActivity"]}, {"fc49c6fd6506aa1916e5f948da777996": ["1", "org.jtb.alogcat.PrefsActivity"]}, {"fc49c6fd6506aa1916e5f948da777996": ["1", "org.jtb.alogcat.PrefsActivity"]}, {"fc49c6fd6506aa1916e5f948da777996": ["1", "org.jtb.alogcat.PrefsActivity"]}, {"6408f226e1777a6f9745a78f263ac789": ["4", "org.jtb.alogcat.PrefsActivity"]}, {"fc49c6fd6506aa1916e5f948da777996": ["1", "org.jtb.alogcat.PrefsActivity"]}, {"fc49c6fd6506aa1916e5f948da777996": ["1", "org.jtb.alogcat.PrefsActivity"]}, {"423b9ded68d0141aafab8bae247118cc": ["3", "org.jtb.alogcat.PrefsActivity"]}, {"fc49c6fd6506aa1916e5f948da777996": ["1", "org.jtb.alogcat.PrefsActivity"]}, {"fc49c6fd6506aa1916e5f948da777996": ["1", "org.jtb.alogcat.PrefsActivity"]}, {"fc49c6fd6506aa1916e5f948da777996": ["1", "org.jtb.alogcat.PrefsActivity"]}, {"fc49c6fd6506aa1916e5f948da777996": ["1", "org.jtb.alogcat.PrefsActivity"]}, {"fc49c6fd6506aa1916e5f948da777996": ["1", "org.jtb.alogcat.PrefsActivity"]}, {"423b9ded68d0141aafab8bae247118cc": ["3", "org.jtb.alogcat.PrefsActivity"]}, {"fc49c6fd6506aa1916e5f948da777996": ["1", "org.jtb.alogcat.PrefsActivity"]}, {"423b9ded68d0141aafab8bae247118cc": ["3", "org.jtb.alogcat.PrefsActivity"]}, {"fc49c6fd6506aa1916e5f948da777996": ["1", "org.jtb.alogcat.PrefsActivity"]}, {"423b9ded68d0141aafab8bae247118cc": ["3", "org.jtb.alogcat.PrefsActivity"]}, {"fc49c6fd6506aa1916e5f948da777996": ["1", "org.jtb.alogcat.PrefsActivity"]}, {"fc49c6fd6506aa1916e5f948da777996": ["1", "org.jtb.alogcat.PrefsActivity"]}, {"423b9ded68d0141aafab8bae247118cc": ["3", "org.jtb.alogcat.PrefsActivity"]}, {"fc49c6fd6506aa1916e5f948da777996": ["1", "org.jtb.alogcat.PrefsActivity"]}, {"423b9ded68d0141aafab8bae247118cc": ["3", "org.jtb.alogcat.PrefsActivity"]}, {"fc49c6fd6506aa1916e5f948da777996": ["1", "org.jtb.alogcat.PrefsActivity"]}, {"fc49c6fd6506aa1916e5f948da777996": ["1", "org.jtb.alogcat.PrefsActivity"]}, {"fc49c6fd6506aa1916e5f948da777996": ["1", "org.jtb.alogcat.PrefsActivity"]}, {"423b9ded68d0141aafab8bae247118cc": ["3", "org.jtb.alogcat.PrefsActivity"]}, {"fc49c6fd6506aa1916e5f948da777996": ["1", "org.jtb.alogcat.PrefsActivity"]}, {"fc49c6fd6506aa1916e5f948da777996": ["1", "org.jtb.alogcat.PrefsActivity"]}, {"423b9ded68d0141aafab8bae247118cc": ["3", "org.jtb.alogcat.PrefsActivity"]}, {"fc49c6fd6506aa1916e5f948da777996": ["1", "org.jtb.alogcat.PrefsActivity"]}, {"6408f226e1777a6f9745a78f263ac789": ["4", "org.jtb.alogcat.PrefsActivity"]}, {"fc49c6fd6506aa1916e5f948da777996": ["1", "org.jtb.alogcat.PrefsActivity"]}, {"423b9ded68d0141aafab8bae247118cc": ["3", "org.jtb.alogcat.PrefsActivity"]}, {"fc49c6fd6506aa1916e5f948da777996": ["1", "org.jtb.alogcat.PrefsActivity"]}, {"6408f226e1777a6f9745a78f263ac789": ["4", "org.jtb.alogcat.PrefsActivity"]}, {"fc49c6fd6506aa1916e5f948da777996": ["1", "org.jtb.alogcat.PrefsActivity"]}, {"fc49c6fd6506aa1916e5f948da777996": ["1", "org.jtb.alogcat.PrefsActivity"]}, {"fc49c6fd6506aa1916e5f948da777996": ["1", "org.jtb.alogcat.PrefsActivity"]}, {"423b9ded68d0141aafab8bae247118cc": ["3", "org.jtb.alogcat.PrefsActivity"]}, {"fc49c6fd6506aa1916e5f948da777996": ["1", "org.jtb.alogcat.PrefsActivity"]}, {"fc49c6fd6506aa1916e5f948da777996": ["1", "org.jtb.alogcat.PrefsActivity"]}, {"fc49c6fd6506aa1916e5f948da777996": ["1", "org.jtb.alogcat.PrefsActivity"]}, {"fc49c6fd6506aa1916e5f948da777996": ["1", "org.jtb.alogcat.PrefsActivity"]}, {"fc49c6fd6506aa1916e5f948da777996": ["1", "org.jtb.alogcat.PrefsActivity"]}, {"fc49c6fd6506aa1916e5f948da777996": ["1", "org.jtb.alogcat.PrefsActivity"]}, {"423b9ded68d0141aafab8bae247118cc": ["3", "org.jtb.alogcat.PrefsActivity"]}, {"fc49c6fd6506aa1916e5f948da777996": ["1", "org.jtb.alogcat.PrefsActivity"]}, {"423b9ded68d0141aafab8bae247118cc": ["3", "org.jtb.alogcat.PrefsActivity"]}, {"fc49c6fd6506aa1916e5f948da777996": ["1", "org.jtb.alogcat.PrefsActivity"]}, {"fc49c6fd6506aa1916e5f948da777996": ["1", "org.jtb.alogcat.PrefsActivity"]}, {"fc49c6fd6506aa1916e5f948da777996": ["1", "org.jtb.alogcat.PrefsActivity"]}, {"423b9ded68d0141aafab8bae247118cc": ["3", "org.jtb.alogcat.PrefsActivity"]}, {"fc49c6fd6506aa1916e5f948da777996": ["1", "org.jtb.alogcat.PrefsActivity"]}, {"423b9ded68d0141aafab8bae247118cc": ["3", "org.jtb.alogcat.PrefsActivity"]}, {"fc49c6fd6506aa1916e5f948da777996": ["1", "org.jtb.alogcat.PrefsActivity"]}, {"423b9ded68d0141aafab8bae247118cc": ["3", "org.jtb.alogcat.PrefsActivity"]}, {"fc49c6fd6506aa1916e5f948da777996": ["1", "org.jtb.alogcat.PrefsActivity"]}, {"423b9ded68d0141aafab8bae247118cc": ["3", "org.jtb.alogcat.PrefsActivity"]}, {"b61ec79352049b785714d494c6bf9e1d": ["0", "org.jtb.alogcat.LogActivity"]}, {"b61ec79352049b785714d494c6bf9e1d": ["0", "org.jtb.alogcat.LogActivity"]}, {"b61ec79352049b785714d494c6bf9e1d": ["0", "org.jtb.alogcat.LogActivity"]}, {"7de14a47bfa0e8dea4a60f0483131a4a": ["16", "org.jtb.alogcat.LogActivity"]}, {"b61ec79352049b785714d494c6bf9e1d": ["0", "org.jtb.alogcat.LogActivity"]}, {"7de14a47bfa0e8dea4a60f0483131a4a": ["16", "org.jtb.alogcat.LogActivity"]}, {"7de14a47bfa0e8dea4a60f0483131a4a": ["16", "org.jtb.alogcat.LogActivity"]}, {"7de14a47bfa0e8dea4a60f0483131a4a": ["16", "org.jtb.alogcat.LogActivity"]}, {"b61ec79352049b785714d494c6bf9e1d": ["0", "org.jtb.alogcat.LogActivity"]}, {"b61ec79352049b785714d494c6bf9e1d": ["0", "org.jtb.alogcat.LogActivity"]}, {"b61ec79352049b785714d494c6bf9e1d": ["0", "org.jtb.alogcat.LogActivity"]}, {"b61ec79352049b785714d494c6bf9e1d": ["0", "org.jtb.alogcat.LogActivity"]}, {"7de14a47bfa0e8dea4a60f0483131a4a": ["16", "org.jtb.alogcat.LogActivity"]}, {"b61ec79352049b785714d494c6bf9e1d": ["0", "org.jtb.alogcat.LogActivity"]}, {"b61ec79352049b785714d494c6bf9e1d": ["0", "org.jtb.alogcat.LogActivity"]}, {"7de14a47bfa0e8dea4a60f0483131a4a": ["16", "org.jtb.alogcat.LogActivity"]}, {"7de14a47bfa0e8dea4a60f0483131a4a": ["16", "org.jtb.alogcat.LogActivity"]}, {"7de14a47bfa0e8dea4a60f0483131a4a": ["16", "org.jtb.alogcat.LogActivity"]}, {"7de14a47bfa0e8dea4a60f0483131a4a": ["16", "org.jtb.alogcat.LogActivity"]}, {"b61ec79352049b785714d494c6bf9e1d": ["0", "org.jtb.alogcat.LogActivity"]}, {"b61ec79352049b785714d494c6bf9e1d": ["0", "org.jtb.alogcat.LogActivity"]}, {"b61ec79352049b785714d494c6bf9e1d": ["0", "org.jtb.alogcat.LogActivity"]}, {"b61ec79352049b785714d494c6bf9e1d": ["0", "org.jtb.alogcat.LogActivity"]}, {"b61ec79352049b785714d494c6bf9e1d": ["0", "org.jtb.alogcat.LogActivity"]}, {"b61ec79352049b785714d494c6bf9e1d": ["0", "org.jtb.alogcat.LogActivity"]}, {"b61ec79352049b785714d494c6bf9e1d": ["0", "org.jtb.alogcat.LogActivity"]}, {"b61ec79352049b785714d494c6bf9e1d": ["0", "org.jtb.alogcat.LogActivity"]}, {"7de14a47bfa0e8dea4a60f0483131a4a": ["16", "org.jtb.alogcat.LogActivity"]}, {"7de14a47bfa0e8dea4a60f0483131a4a": ["16", "org.jtb.alogcat.LogActivity"]}, {"7de14a47bfa0e8dea4a60f0483131a4a": ["16", "org.jtb.alogcat.LogActivity"]}, {"7de14a47bfa0e8dea4a60f0483131a4a": ["16", "org.jtb.alogcat.LogActivity"]}, {"7de14a47bfa0e8dea4a60f0483131a4a": ["16", "org.jtb.alogcat.LogActivity"]}, {"b61ec79352049b785714d494c6bf9e1d": ["0", "org.jtb.alogcat.LogActivity"]}, {"7de14a47bfa0e8dea4a60f0483131a4a": ["16", "org.jtb.alogcat.LogActivity"]}, {"b61ec79352049b785714d494c6bf9e1d": ["0", "org.jtb.alogcat.LogActivity"]}, {"b61ec79352049b785714d494c6bf9e1d": ["0", "org.jtb.alogcat.LogActivity"]}, {"7de14a47bfa0e8dea4a60f0483131a4a": ["16", "org.jtb.alogcat.LogActivity"]}, {"b61ec79352049b785714d494c6bf9e1d": ["0", "org.jtb.alogcat.LogActivity"]}, {"b61ec79352049b785714d494c6bf9e1d": ["0", "org.jtb.alogcat.LogActivity"]}, {"b61ec79352049b785714d494c6bf9e1d": ["0", "org.jtb.alogcat.LogActivity"]}, {"fc49c6fd6506aa1916e5f948da777996": ["1", "org.jtb.alogcat.PrefsActivity"]}, {"fc49c6fd6506aa1916e5f948da777996": ["1", "org.jtb.alogcat.PrefsActivity"]}, {"fc49c6fd6506aa1916e5f948da777996": ["1", "org.jtb.alogcat.PrefsActivity"]}, {"d9e85a52319eb7901bef0aa256f4a8f2": ["2", "org.jtb.alogcat.PrefsActivity"]}, {"fc49c6fd6506aa1916e5f948da777996": ["1", "org.jtb.alogcat.PrefsActivity"]}, {"fc49c6fd6506aa1916e5f948da777996": ["1", "org.jtb.alogcat.PrefsActivity"]}, {"6408f226e1777a6f9745a78f263ac789": ["4", "org.jtb.alogcat.PrefsActivity"]}, {"fc49c6fd6506aa1916e5f948da777996": ["1", "org.jtb.alogcat.PrefsActivity"]}, {"fc49c6fd6506aa1916e5f948da777996": ["1", "org.jtb.alogcat.PrefsActivity"]}, {"fc49c6fd6506aa1916e5f948da777996": ["1", "org.jtb.alogcat.PrefsActivity"]}, {"fc49c6fd6506aa1916e5f948da777996": ["1", "org.jtb.alogcat.PrefsActivity"]}, {"fc49c6fd6506aa1916e5f948da777996": ["1", "org.jtb.alogcat.PrefsActivity"]}, {"fc49c6fd6506aa1916e5f948da777996": ["1", "org.jtb.alogcat.PrefsActivity"]}, {"b61ec79352049b785714d494c6bf9e1d": ["0", "org.jtb.alogcat.LogActivity"]}, {"b61ec79352049b785714d494c6bf9e1d": ["0", "org.jtb.alogcat.LogActivity"]}, {"7de14a47bfa0e8dea4a60f0483131a4a": ["16", "org.jtb.alogcat.LogActivity"]}, {"7de14a47bfa0e8dea4a60f0483131a4a": ["16", "org.jtb.alogcat.LogActivity"]}, {"7de14a47bfa0e8dea4a60f0483131a4a": ["16", "org.jtb.alogcat.LogActivity"]}, {"7de14a47bfa0e8dea4a60f0483131a4a": ["16", "org.jtb.alogcat.LogActivity"]}, {"b61ec79352049b785714d494c6bf9e1d": ["0", "org.jtb.alogcat.LogActivity"]}, {"b61ec79352049b785714d494c6bf9e1d": ["0", "org.jtb.alogcat.LogActivity"]}, {"b61ec79352049b785714d494c6bf9e1d": ["0", "org.jtb.alogcat.LogActivity"]}, {"7de14a47bfa0e8dea4a60f0483131a4a": ["16", "org.jtb.alogcat.LogActivity"]}, {"7de14a47bfa0e8dea4a60f0483131a4a": ["16", "org.jtb.alogcat.LogActivity"]}, {"7de14a47bfa0e8dea4a60f0483131a4a": ["16", "org.jtb.alogcat.LogActivity"]}, {"b61ec79352049b785714d494c6bf9e1d": ["0", "org.jtb.alogcat.LogActivity"]}, {"7de14a47bfa0e8dea4a60f0483131a4a": ["16", "org.jtb.alogcat.LogActivity"]}, {"7de14a47bfa0e8dea4a60f0483131a4a": ["16", "org.jtb.alogcat.LogActivity"]}, {"7de14a47bfa0e8dea4a60f0483131a4a": ["16", "org.jtb.alogcat.LogActivity"]}, {"b61ec79352049b785714d494c6bf9e1d": ["0", "org.jtb.alogcat.LogActivity"]}, {"7de14a47bfa0e8dea4a60f0483131a4a": ["16", "org.jtb.alogcat.LogActivity"]}, {"7de14a47bfa0e8dea4a60f0483131a4a": ["16", "org.jtb.alogcat.LogActivity"]}, {"7de14a47bfa0e8dea4a60f0483131a4a": ["16", "org.jtb.alogcat.LogActivity"]}, {"7de14a47bfa0e8dea4a60f0483131a4a": ["16", "org.jtb.alogcat.LogActivity"]}, {"7de14a47bfa0e8dea4a60f0483131a4a": ["16", "org.jtb.alogcat.LogActivity"]}, {"b61ec79352049b785714d494c6bf9e1d": ["0", "org.jtb.alogcat.LogActivity"]}, {"b61ec79352049b785714d494c6bf9e1d": ["0", "org.jtb.alogcat.LogActivity"]}, {"b61ec79352049b785714d494c6bf9e1d": ["0", "org.jtb.alogcat.LogActivity"]}, {"7de14a47bfa0e8dea4a60f0483131a4a": ["16", "org.jtb.alogcat.LogActivity"]}, {"7de14a47bfa0e8dea4a60f0483131a4a": ["16", "org.jtb.alogcat.LogActivity"]}, {"7de14a47bfa0e8dea4a60f0483131a4a": ["16", "org.jtb.alogcat.LogActivity"]}, {"b61ec79352049b785714d494c6bf9e1d": ["0", "org.jtb.alogcat.LogActivity"]}, {"b61ec79352049b785714d494c6bf9e1d": ["0", "org.jtb.alogcat.LogActivity"]}, {"7de14a47bfa0e8dea4a60f0483131a4a": ["16", "org.jtb.alogcat.LogActivity"]}, {"7de14a47bfa0e8dea4a60f0483131a4a": ["16", "org.jtb.alogcat.LogActivity"]}, {"7de14a47bfa0e8dea4a60f0483131a4a": ["16", "org.jtb.alogcat.LogActivity"]}, {"7de14a47bfa0e8dea4a60f0483131a4a": ["16", "org.jtb.alogcat.LogActivity"]}, {"7de14a47bfa0e8dea4a60f0483131a4a": ["16", "org.jtb.alogcat.LogActivity"]}, {"7de14a47bfa0e8dea4a60f0483131a4a": ["16", "org.jtb.alogcat.LogActivity"]}, {"7de14a47bfa0e8dea4a60f0483131a4a": ["16", "org.jtb.alogcat.LogActivity"]}, {"7de14a47bfa0e8dea4a60f0483131a4a": ["16", "org.jtb.alogcat.LogActivity"]}, {"7de14a47bfa0e8dea4a60f0483131a4a": ["16", "org.jtb.alogcat.LogActivity"]}, {"b61ec79352049b785714d494c6bf9e1d": ["0", "org.jtb.alogcat.LogActivity"]}, {"b61ec79352049b785714d494c6bf9e1d": ["0", "org.jtb.alogcat.LogActivity"]}, {"b61ec79352049b785714d494c6bf9e1d": ["0", "org.jtb.alogcat.LogActivity"]}, {"7de14a47bfa0e8dea4a60f0483131a4a": ["16", "org.jtb.alogcat.LogActivity"]}, {"7de14a47bfa0e8dea4a60f0483131a4a": ["16", "org.jtb.alogcat.LogActivity"]}, {"b61ec79352049b785714d494c6bf9e1d": ["0", "org.jtb.alogcat.LogActivity"]}, {"7de14a47bfa0e8dea4a60f0483131a4a": ["16", "org.jtb.alogcat.LogActivity"]}, {"b61ec79352049b785714d494c6bf9e1d": ["0", "org.jtb.alogcat.LogActivity"]}, {"b61ec79352049b785714d494c6bf9e1d": ["0", "org.jtb.alogcat.LogActivity"]}, {"7de14a47bfa0e8dea4a60f0483131a4a": ["16", "org.jtb.alogcat.LogActivity"]}, {"b61ec79352049b785714d494c6bf9e1d": ["0", "org.jtb.alogcat.LogActivity"]}, {"fc49c6fd6506aa1916e5f948da777996": ["1", "org.jtb.alogcat.PrefsActivity"]}, {"fc49c6fd6506aa1916e5f948da777996": ["1", "org.jtb.alogcat.PrefsActivity"]}, {"423b9ded68d0141aafab8bae247118cc": ["3", "org.jtb.alogcat.PrefsActivity"]}, {"fc49c6fd6506aa1916e5f948da777996": ["1", "org.jtb.alogcat.PrefsActivity"]}, {"6408f226e1777a6f9745a78f263ac789": ["4", "org.jtb.alogcat.PrefsActivity"]}, {"fc49c6fd6506aa1916e5f948da777996": ["1", "org.jtb.alogcat.PrefsActivity"]}, {"6408f226e1777a6f9745a78f263ac789": ["4", "org.jtb.alogcat.PrefsActivity"]}, {"fc49c6fd6506aa1916e5f948da777996": ["1", "org.jtb.alogcat.PrefsActivity"]}, {"fc49c6fd6506aa1916e5f948da777996": ["1", "org.jtb.alogcat.PrefsActivity"]}, {"fc49c6fd6506aa1916e5f948da777996": ["1", "org.jtb.alogcat.PrefsActivity"]}, {"423b9ded68d0141aafab8bae247118cc": ["3", "org.jtb.alogcat.PrefsActivity"]}, {"fc49c6fd6506aa1916e5f948da777996": ["1", "org.jtb.alogcat.PrefsActivity"]}, {"fc49c6fd6506aa1916e5f948da777996": ["1", "org.jtb.alogcat.PrefsActivity"]}, {"423b9ded68d0141aafab8bae247118cc": ["3", "org.jtb.alogcat.PrefsActivity"]}, {"fc49c6fd6506aa1916e5f948da777996": ["1", "org.jtb.alogcat.PrefsActivity"]}, {"423b9ded68d0141aafab8bae247118cc": ["3", "org.jtb.alogcat.PrefsActivity"]}, {"fc49c6fd6506aa1916e5f948da777996": ["1", "org.jtb.alogcat.PrefsActivity"]}, {"d9e85a52319eb7901bef0aa256f4a8f2": ["2", "org.jtb.alogcat.PrefsActivity"]}, {"fc49c6fd6506aa1916e5f948da777996": ["1", "org.jtb.alogcat.PrefsActivity"]}, {"423b9ded68d0141aafab8bae247118cc": ["3", "org.jtb.alogcat.PrefsActivity"]}, {"fc49c6fd6506aa1916e5f948da777996": ["1", "org.jtb.alogcat.PrefsActivity"]}, {"fc49c6fd6506aa1916e5f948da777996": ["1", "org.jtb.alogcat.PrefsActivity"]}, {"fc49c6fd6506aa1916e5f948da777996": ["1", "org.jtb.alogcat.PrefsActivity"]}, {"fc49c6fd6506aa1916e5f948da777996": ["1", "org.jtb.alogcat.PrefsActivity"]}, {"fc49c6fd6506aa1916e5f948da777996": ["1", "org.jtb.alogcat.PrefsActivity"]}, {"fc49c6fd6506aa1916e5f948da777996": ["1", "org.jtb.alogcat.PrefsActivity"]}, {"fc49c6fd6506aa1916e5f948da777996": ["1", "org.jtb.alogcat.PrefsActivity"]}, {"fc49c6fd6506aa1916e5f948da777996": ["1", "org.jtb.alogcat.PrefsActivity"]}, {"423b9ded68d0141aafab8bae247118cc": ["3", "org.jtb.alogcat.PrefsActivity"]}, {"fc49c6fd6506aa1916e5f948da777996": ["1", "org.jtb.alogcat.PrefsActivity"]}, {"fc49c6fd6506aa1916e5f948da777996": ["1", "org.jtb.alogcat.PrefsActivity"]}, {"d9e85a52319eb7901bef0aa256f4a8f2": ["2", "org.jtb.alogcat.PrefsActivity"]}, {"fc49c6fd6506aa1916e5f948da777996": ["1", "org.jtb.alogcat.PrefsActivity"]}, {"fc49c6fd6506aa1916e5f948da777996": ["1", "org.jtb.alogcat.PrefsActivity"]}, {"6408f226e1777a6f9745a78f263ac789": ["4", "org.jtb.alogcat.PrefsActivity"]}, {"fc49c6fd6506aa1916e5f948da777996": ["1", "org.jtb.alogcat.PrefsActivity"]}, {"a0e2b2d4f7a89c58ba223acb4fb4b758": ["9", "org.jtb.alogcat.LogActivity"]}, {"b61ec79352049b785714d494c6bf9e1d": ["0", "org.jtb.alogcat.LogActivity"]}, {"fc49c6fd6506aa1916e5f948da777996": ["1", "org.jtb.alogcat.PrefsActivity"]}, {"fc49c6fd6506aa1916e5f948da777996": ["1", "org.jtb.alogcat.PrefsActivity"]}, {"6408f226e1777a6f9745a78f263ac789": ["4", "org.jtb.alogcat.PrefsActivity"]}, {"fc49c6fd6506aa1916e5f948da777996": ["1", "org.jtb.alogcat.PrefsActivity"]}, {"6408f226e1777a6f9745a78f263ac789": ["4", "org.jtb.alogcat.PrefsActivity"]}, {"fc49c6fd6506aa1916e5f948da777996": ["1", "org.jtb.alogcat.PrefsActivity"]}, {"fc49c6fd6506aa1916e5f948da777996": ["1", "org.jtb.alogcat.PrefsActivity"]}, {"fc49c6fd6506aa1916e5f948da777996": ["1", "org.jtb.alogcat.PrefsActivity"]}, {"fc49c6fd6506aa1916e5f948da777996": ["1", "org.jtb.alogcat.PrefsActivity"]}, {"423b9ded68d0141aafab8bae247118cc": ["3", "org.jtb.alogcat.PrefsActivity"]}, {"fc49c6fd6506aa1916e5f948da777996": ["1", "org.jtb.alogcat.PrefsActivity"]}, {"fc49c6fd6506aa1916e5f948da777996": ["1", "org.jtb.alogcat.PrefsActivity"]}, {"6408f226e1777a6f9745a78f263ac789": ["4", "org.jtb.alogcat.PrefsActivity"]}, {"fc49c6fd6506aa1916e5f948da777996": ["1", "org.jtb.alogcat.PrefsActivity"]}, {"fc49c6fd6506aa1916e5f948da777996": ["1", "org.jtb.alogcat.PrefsActivity"]}, {"fc49c6fd6506aa1916e5f948da777996": ["1", "org.jtb.alogcat.PrefsActivity"]}, {"fc49c6fd6506aa1916e5f948da777996": ["1", "org.jtb.alogcat.PrefsActivity"]}, {"6408f226e1777a6f9745a78f263ac789": ["4", "org.jtb.alogcat.PrefsActivity"]}, {"fc49c6fd6506aa1916e5f948da777996": ["1", "org.jtb.alogcat.PrefsActivity"]}, {"fc49c6fd6506aa1916e5f948da777996": ["1", "org.jtb.alogcat.PrefsActivity"]}, {"fc49c6fd6506aa1916e5f948da777996": ["1", "org.jtb.alogcat.PrefsActivity"]}, {"423b9ded68d0141aafab8bae247118cc": ["3", "org.jtb.alogcat.PrefsActivity"]}, {"fc49c6fd6506aa1916e5f948da777996": ["1", "org.jtb.alogcat.PrefsActivity"]}, {"fc49c6fd6506aa1916e5f948da777996": ["1", "org.jtb.alogcat.PrefsActivity"]}, {"fc49c6fd6506aa1916e5f948da777996": ["1", "org.jtb.alogcat.PrefsActivity"]}, {"423b9ded68d0141aafab8bae247118cc": ["3", "org.jtb.alogcat.PrefsActivity"]}, {"b61ec79352049b785714d494c6bf9e1d": ["0", "org.jtb.alogcat.LogActivity"]}, {"b61ec79352049b785714d494c6bf9e1d": ["0", "org.jtb.alogcat.LogActivity"]}, {"7de14a47bfa0e8dea4a60f0483131a4a": ["16", "org.jtb.alogcat.LogActivity"]}, {"7de14a47bfa0e8dea4a60f0483131a4a": ["16", "org.jtb.alogcat.LogActivity"]}, {"b61ec79352049b785714d494c6bf9e1d": ["0", "org.jtb.alogcat.LogActivity"]}, {"b61ec79352049b785714d494c6bf9e1d": ["0", "org.jtb.alogcat.LogActivity"]}, {"7de14a47bfa0e8dea4a60f0483131a4a": ["16", "org.jtb.alogcat.LogActivity"]}, {"7de14a47bfa0e8dea4a60f0483131a4a": ["16", "org.jtb.alogcat.LogActivity"]}, {"7de14a47bfa0e8dea4a60f0483131a4a": ["16", "org.jtb.alogcat.LogActivity"]}, {"b61ec79352049b785714d494c6bf9e1d": ["0", "org.jtb.alogcat.LogActivity"]}, {"7de14a47bfa0e8dea4a60f0483131a4a": ["16", "org.jtb.alogcat.LogActivity"]}, {"b61ec79352049b785714d494c6bf9e1d": ["0", "org.jtb.alogcat.LogActivity"]}, {"fc49c6fd6506aa1916e5f948da777996": ["1", "org.jtb.alogcat.PrefsActivity"]}, {"6408f226e1777a6f9745a78f263ac789": ["4", "org.jtb.alogcat.PrefsActivity"]}, {"fc49c6fd6506aa1916e5f948da777996": ["1", "org.jtb.alogcat.PrefsActivity"]}, {"d9e85a52319eb7901bef0aa256f4a8f2": ["2", "org.jtb.alogcat.PrefsActivity"]}, {"fc49c6fd6506aa1916e5f948da777996": ["1", "org.jtb.alogcat.PrefsActivity"]}, {"d9e85a52319eb7901bef0aa256f4a8f2": ["2", "org.jtb.alogcat.PrefsActivity"]}, {"fc49c6fd6506aa1916e5f948da777996": ["1", "org.jtb.alogcat.PrefsActivity"]}, {"fc49c6fd6506aa1916e5f948da777996": ["1", "org.jtb.alogcat.PrefsActivity"]}, {"fc49c6fd6506aa1916e5f948da777996": ["1", "org.jtb.alogcat.PrefsActivity"]}, {"423b9ded68d0141aafab8bae247118cc": ["3", "org.jtb.alogcat.PrefsActivity"]}, {"fc49c6fd6506aa1916e5f948da777996": ["1", "org.jtb.alogcat.PrefsActivity"]}, {"6408f226e1777a6f9745a78f263ac789": ["4", "org.jtb.alogcat.PrefsActivity"]}, {"fc49c6fd6506aa1916e5f948da777996": ["1", "org.jtb.alogcat.PrefsActivity"]}, {"423b9ded68d0141aafab8bae247118cc": ["3", "org.jtb.alogcat.PrefsActivity"]}, {"fc49c6fd6506aa1916e5f948da777996": ["1", "org.jtb.alogcat.PrefsActivity"]}, {"423b9ded68d0141aafab8bae247118cc": ["3", "org.jtb.alogcat.PrefsActivity"]}, {"fc49c6fd6506aa1916e5f948da777996": ["1", "org.jtb.alogcat.PrefsActivity"]}, {"423b9ded68d0141aafab8bae247118cc": ["3", "org.jtb.alogcat.PrefsActivity"]}, {"fc49c6fd6506aa1916e5f948da777996": ["1", "org.jtb.alogcat.PrefsActivity"]}, {"423b9ded68d0141aafab8bae247118cc": ["3", "org.jtb.alogcat.PrefsActivity"]}, {"fc49c6fd6506aa1916e5f948da777996": ["1", "org.jtb.alogcat.PrefsActivity"]}, {"423b9ded68d0141aafab8bae247118cc": ["3", "org.jtb.alogcat.PrefsActivity"]}, {"fc49c6fd6506aa1916e5f948da777996": ["1", "org.jtb.alogcat.PrefsActivity"]}, {"6408f226e1777a6f9745a78f263ac789": ["4", "org.jtb.alogcat.PrefsActivity"]}, {"fc49c6fd6506aa1916e5f948da777996": ["1", "org.jtb.alogcat.PrefsActivity"]}, {"6408f226e1777a6f9745a78f263ac789": ["4", "org.jtb.alogcat.PrefsActivity"]}, {"fc49c6fd6506aa1916e5f948da777996": ["1", "org.jtb.alogcat.PrefsActivity"]}, {"d9e85a52319eb7901bef0aa256f4a8f2": ["2", "org.jtb.alogcat.PrefsActivity"]}, {"fc49c6fd6506aa1916e5f948da777996": ["1", "org.jtb.alogcat.PrefsActivity"]}, {"6408f226e1777a6f9745a78f263ac789": ["4", "org.jtb.alogcat.PrefsActivity"]}, {"fc49c6fd6506aa1916e5f948da777996": ["1", "org.jtb.alogcat.PrefsActivity"]}, {"423b9ded68d0141aafab8bae247118cc": ["3", "org.jtb.alogcat.PrefsActivity"]}, {"fc49c6fd6506aa1916e5f948da777996": ["1", "org.jtb.alogcat.PrefsActivity"]}, {"fc49c6fd6506aa1916e5f948da777996": ["1", "org.jtb.alogcat.PrefsActivity"]}, {"d9e85a52319eb7901bef0aa256f4a8f2": ["2", "org.jtb.alogcat.PrefsActivity"]}, {"fc49c6fd6506aa1916e5f948da777996": ["1", "org.jtb.alogcat.PrefsActivity"]}, {"fc49c6fd6506aa1916e5f948da777996": ["1", "org.jtb.alogcat.PrefsActivity"]}, {"d9e85a52319eb7901bef0aa256f4a8f2": ["2", "org.jtb.alogcat.PrefsActivity"]}, {"fc49c6fd6506aa1916e5f948da777996": ["1", "org.jtb.alogcat.PrefsActivity"]}, {"fc49c6fd6506aa1916e5f948da777996": ["1", "org.jtb.alogcat.PrefsActivity"]}, {"fc49c6fd6506aa1916e5f948da777996": ["1", "org.jtb.alogcat.PrefsActivity"]}, {"6408f226e1777a6f9745a78f263ac789": ["4", "org.jtb.alogcat.PrefsActivity"]}, {"fc49c6fd6506aa1916e5f948da777996": ["1", "org.jtb.alogcat.PrefsActivity"]}, {"fc49c6fd6506aa1916e5f948da777996": ["1", "org.jtb.alogcat.PrefsActivity"]}, {"423b9ded68d0141aafab8bae247118cc": ["3", "org.jtb.alogcat.PrefsActivity"]}, {"fc49c6fd6506aa1916e5f948da777996": ["1", "org.jtb.alogcat.PrefsActivity"]}, {"d9e85a52319eb7901bef0aa256f4a8f2": ["2", "org.jtb.alogcat.PrefsActivity"]}, {"fc49c6fd6506aa1916e5f948da777996": ["1", "org.jtb.alogcat.PrefsActivity"]}, {"423b9ded68d0141aafab8bae247118cc": ["3", "org.jtb.alogcat.PrefsActivity"]}, {"fc49c6fd6506aa1916e5f948da777996": ["1", "org.jtb.alogcat.PrefsActivity"]}, {"fc49c6fd6506aa1916e5f948da777996": ["1", "org.jtb.alogcat.PrefsActivity"]}, {"fc49c6fd6506aa1916e5f948da777996": ["1", "org.jtb.alogcat.PrefsActivity"]}, {"fc49c6fd6506aa1916e5f948da777996": ["1", "org.jtb.alogcat.PrefsActivity"]}, {"fc49c6fd6506aa1916e5f948da777996": ["1", "org.jtb.alogcat.PrefsActivity"]}, {"fc49c6fd6506aa1916e5f948da777996": ["1", "org.jtb.alogcat.PrefsActivity"]}, {"fc49c6fd6506aa1916e5f948da777996": ["1", "org.jtb.alogcat.PrefsActivity"]}, {"fc49c6fd6506aa1916e5f948da777996": ["1", "org.jtb.alogcat.PrefsActivity"]}, {"fc49c6fd6506aa1916e5f948da777996": ["1", "org.jtb.alogcat.PrefsActivity"]}, {"d9e85a52319eb7901bef0aa256f4a8f2": ["2", "org.jtb.alogcat.PrefsActivity"]}, {"fc49c6fd6506aa1916e5f948da777996": ["1", "org.jtb.alogcat.PrefsActivity"]}, {"423b9ded68d0141aafab8bae247118cc": ["3", "org.jtb.alogcat.PrefsActivity"]}, {"fc49c6fd6506aa1916e5f948da777996": ["1", "org.jtb.alogcat.PrefsActivity"]}, {"423b9ded68d0141aafab8bae247118cc": ["3", "org.jtb.alogcat.PrefsActivity"]}, {"fc49c6fd6506aa1916e5f948da777996": ["1", "org.jtb.alogcat.PrefsActivity"]}, {"6408f226e1777a6f9745a78f263ac789": ["4", "org.jtb.alogcat.PrefsActivity"]}, {"fc49c6fd6506aa1916e5f948da777996": ["1", "org.jtb.alogcat.PrefsActivity"]}, {"fc49c6fd6506aa1916e5f948da777996": ["1", "org.jtb.alogcat.PrefsActivity"]}, {"d9e85a52319eb7901bef0aa256f4a8f2": ["2", "org.jtb.alogcat.PrefsActivity"]}, {"fc49c6fd6506aa1916e5f948da777996": ["1", "org.jtb.alogcat.PrefsActivity"]}, {"fc49c6fd6506aa1916e5f948da777996": ["1", "org.jtb.alogcat.PrefsActivity"]}, {"fc49c6fd6506aa1916e5f948da777996": ["1", "org.jtb.alogcat.PrefsActivity"]}, {"423b9ded68d0141aafab8bae247118cc": ["3", "org.jtb.alogcat.PrefsActivity"]}, {"fc49c6fd6506aa1916e5f948da777996": ["1", "org.jtb.alogcat.PrefsActivity"]}, {"55b8ee0804c863c9ab1df2b060f9348c": ["30", "org.jtb.alogcat.LogActivity"]}, {"b61ec79352049b785714d494c6bf9e1d": ["0", "org.jtb.alogcat.LogActivity"]}, {"b61ec79352049b785714d494c6bf9e1d": ["0", "org.jtb.alogcat.LogActivity"]}, {"b61ec79352049b785714d494c6bf9e1d": ["0", "org.jtb.alogcat.LogActivity"]}, {"b61ec79352049b785714d494c6bf9e1d": ["0", "org.jtb.alogcat.LogActivity"]}, {"55b8ee0804c863c9ab1df2b060f9348c": ["30", "org.jtb.alogcat.LogActivity"]}, {"b61ec79352049b785714d494c6bf9e1d": ["0", "org.jtb.alogcat.LogActivity"]}, {"b61ec79352049b785714d494c6bf9e1d": ["0", "org.jtb.alogcat.LogActivity"]}, {"b61ec79352049b785714d494c6bf9e1d": ["0", "org.jtb.alogcat.LogActivity"]}, {"b61ec79352049b785714d494c6bf9e1d": ["0", "org.jtb.alogcat.LogActivity"]}, {"b61ec79352049b785714d494c6bf9e1d": ["0", "org.jtb.alogcat.LogActivity"]}, {"7de14a47bfa0e8dea4a60f0483131a4a": ["16", "org.jtb.alogcat.LogActivity"]}, {"7de14a47bfa0e8dea4a60f0483131a4a": ["16", "org.jtb.alogcat.LogActivity"]}, {"b61ec79352049b785714d494c6bf9e1d": ["0", "org.jtb.alogcat.LogActivity"]}, {"7de14a47bfa0e8dea4a60f0483131a4a": ["16", "org.jtb.alogcat.LogActivity"]}, {"b61ec79352049b785714d494c6bf9e1d": ["0", "org.jtb.alogcat.LogActivity"]}, {"7de14a47bfa0e8dea4a60f0483131a4a": ["16", "org.jtb.alogcat.LogActivity"]}, {"7de14a47bfa0e8dea4a60f0483131a4a": ["16", "org.jtb.alogcat.LogActivity"]}, {"55b8ee0804c863c9ab1df2b060f9348c": ["30", "org.jtb.alogcat.LogActivity"]}, {"b61ec79352049b785714d494c6bf9e1d": ["0", "org.jtb.alogcat.LogActivity"]}, {"55b8ee0804c863c9ab1df2b060f9348c": ["30", "org.jtb.alogcat.LogActivity"]}, {"b61ec79352049b785714d494c6bf9e1d": ["0", "org.jtb.alogcat.LogActivity"]}, {"b61ec79352049b785714d494c6bf9e1d": ["0", "org.jtb.alogcat.LogActivity"]}, {"fc49c6fd6506aa1916e5f948da777996": ["1", "org.jtb.alogcat.PrefsActivity"]}, {"423b9ded68d0141aafab8bae247118cc": ["3", "org.jtb.alogcat.PrefsActivity"]}, {"fc49c6fd6506aa1916e5f948da777996": ["1", "org.jtb.alogcat.PrefsActivity"]}, {"fc49c6fd6506aa1916e5f948da777996": ["1", "org.jtb.alogcat.PrefsActivity"]}, {"fc49c6fd6506aa1916e5f948da777996": ["1", "org.jtb.alogcat.PrefsActivity"]}, {"6408f226e1777a6f9745a78f263ac789": ["4", "org.jtb.alogcat.PrefsActivity"]}, {"fc49c6fd6506aa1916e5f948da777996": ["1", "org.jtb.alogcat.PrefsActivity"]}, {"fc49c6fd6506aa1916e5f948da777996": ["1", "org.jtb.alogcat.PrefsActivity"]}, {"423b9ded68d0141aafab8bae247118cc": ["3", "org.jtb.alogcat.PrefsActivity"]}, {"fc49c6fd6506aa1916e5f948da777996": ["1", "org.jtb.alogcat.PrefsActivity"]}, {"423b9ded68d0141aafab8bae247118cc": ["3", "org.jtb.alogcat.PrefsActivity"]}, {"fc49c6fd6506aa1916e5f948da777996": ["1", "org.jtb.alogcat.PrefsActivity"]}, {"fc49c6fd6506aa1916e5f948da777996": ["1", "org.jtb.alogcat.PrefsActivity"]}, {"fc49c6fd6506aa1916e5f948da777996": ["1", "org.jtb.alogcat.PrefsActivity"]}, {"6408f226e1777a6f9745a78f263ac789": ["4", "org.jtb.alogcat.PrefsActivity"]}, {"fc49c6fd6506aa1916e5f948da777996": ["1", "org.jtb.alogcat.PrefsActivity"]}, {"fc49c6fd6506aa1916e5f948da777996": ["1", "org.jtb.alogcat.PrefsActivity"]}, {"fc49c6fd6506aa1916e5f948da777996": ["1", "org.jtb.alogcat.PrefsActivity"]}, {"fc49c6fd6506aa1916e5f948da777996": ["1", "org.jtb.alogcat.PrefsActivity"]}, {"fc49c6fd6506aa1916e5f948da777996": ["1", "org.jtb.alogcat.PrefsActivity"]}, {"fc49c6fd6506aa1916e5f948da777996": ["1", "org.jtb.alogcat.PrefsActivity"]}, {"423b9ded68d0141aafab8bae247118cc": ["3", "org.jtb.alogcat.PrefsActivity"]}, {"fc49c6fd6506aa1916e5f948da777996": ["1", "org.jtb.alogcat.PrefsActivity"]}, {"423b9ded68d0141aafab8bae247118cc": ["3", "org.jtb.alogcat.PrefsActivity"]}, {"fc49c6fd6506aa1916e5f948da777996": ["1", "org.jtb.alogcat.PrefsActivity"]}, {"d9e85a52319eb7901bef0aa256f4a8f2": ["2", "org.jtb.alogcat.PrefsActivity"]}, {"fc49c6fd6506aa1916e5f948da777996": ["1", "org.jtb.alogcat.PrefsActivity"]}, {"fc49c6fd6506aa1916e5f948da777996": ["1", "org.jtb.alogcat.PrefsActivity"]}, {"423b9ded68d0141aafab8bae247118cc": ["3", "org.jtb.alogcat.PrefsActivity"]}, {"fc49c6fd6506aa1916e5f948da777996": ["1", "org.jtb.alogcat.PrefsActivity"]}, {"6408f226e1777a6f9745a78f263ac789": ["4", "org.jtb.alogcat.PrefsActivity"]}, {"fc49c6fd6506aa1916e5f948da777996": ["1", "org.jtb.alogcat.PrefsActivity"]}, {"d9e85a52319eb7901bef0aa256f4a8f2": ["2", "org.jtb.alogcat.PrefsActivity"]}, {"fc49c6fd6506aa1916e5f948da777996": ["1", "org.jtb.alogcat.PrefsActivity"]}, {"423b9ded68d0141aafab8bae247118cc": ["3", "org.jtb.alogcat.PrefsActivity"]}, {"fc49c6fd6506aa1916e5f948da777996": ["1", "org.jtb.alogcat.PrefsActivity"]}, {"fc49c6fd6506aa1916e5f948da777996": ["1", "org.jtb.alogcat.PrefsActivity"]}, {"423b9ded68d0141aafab8bae247118cc": ["3", "org.jtb.alogcat.PrefsActivity"]}, {"fc49c6fd6506aa1916e5f948da777996": ["1", "org.jtb.alogcat.PrefsActivity"]}, {"fc49c6fd6506aa1916e5f948da777996": ["1", "org.jtb.alogcat.PrefsActivity"]}, {"d9e85a52319eb7901bef0aa256f4a8f2": ["2", "org.jtb.alogcat.PrefsActivity"]}, {"fc49c6fd6506aa1916e5f948da777996": ["1", "org.jtb.alogcat.PrefsActivity"]}, {"d9e85a52319eb7901bef0aa256f4a8f2": ["2", "org.jtb.alogcat.PrefsActivity"]}, {"fc49c6fd6506aa1916e5f948da777996": ["1", "org.jtb.alogcat.PrefsActivity"]}, {"6408f226e1777a6f9745a78f263ac789": ["4", "org.jtb.alogcat.PrefsActivity"]}, {"fc49c6fd6506aa1916e5f948da777996": ["1", "org.jtb.alogcat.PrefsActivity"]}, {"d9e85a52319eb7901bef0aa256f4a8f2": ["2", "org.jtb.alogcat.PrefsActivity"]}, {"fc49c6fd6506aa1916e5f948da777996": ["1", "org.jtb.alogcat.PrefsActivity"]}, {"423b9ded68d0141aafab8bae247118cc": ["3", "org.jtb.alogcat.PrefsActivity"]}, {"fc49c6fd6506aa1916e5f948da777996": ["1", "org.jtb.alogcat.PrefsActivity"]}, {"fc49c6fd6506aa1916e5f948da777996": ["1", "org.jtb.alogcat.PrefsActivity"]}, {"6408f226e1777a6f9745a78f263ac789": ["4", "org.jtb.alogcat.PrefsActivity"]}, {"fc49c6fd6506aa1916e5f948da777996": ["1", "org.jtb.alogcat.PrefsActivity"]}, {"b61ec79352049b785714d494c6bf9e1d": ["0", "org.jtb.alogcat.LogActivity"]}, {"fc49c6fd6506aa1916e5f948da777996": ["1", "org.jtb.alogcat.PrefsActivity"]}, {"fc49c6fd6506aa1916e5f948da777996": ["1", "org.jtb.alogcat.PrefsActivity"]}, {"fc49c6fd6506aa1916e5f948da777996": ["1", "org.jtb.alogcat.PrefsActivity"]}, {"423b9ded68d0141aafab8bae247118cc": ["3", "org.jtb.alogcat.PrefsActivity"]}, {"fc49c6fd6506aa1916e5f948da777996": ["1", "org.jtb.alogcat.PrefsActivity"]}, {"fc49c6fd6506aa1916e5f948da777996": ["1", "org.jtb.alogcat.PrefsActivity"]}, {"6408f226e1777a6f9745a78f263ac789": ["4", "org.jtb.alogcat.PrefsActivity"]}, {"fc49c6fd6506aa1916e5f948da777996": ["1", "org.jtb.alogcat.PrefsActivity"]}, {"fc49c6fd6506aa1916e5f948da777996": ["1", "org.jtb.alogcat.PrefsActivity"]}, {"fc49c6fd6506aa1916e5f948da777996": ["1", "org.jtb.alogcat.PrefsActivity"]}, {"423b9ded68d0141aafab8bae247118cc": ["3", "org.jtb.alogcat.PrefsActivity"]}, {"fc49c6fd6506aa1916e5f948da777996": ["1", "org.jtb.alogcat.PrefsActivity"]}, {"fc49c6fd6506aa1916e5f948da777996": ["1", "org.jtb.alogcat.PrefsActivity"]}, {"423b9ded68d0141aafab8bae247118cc": ["3", "org.jtb.alogcat.PrefsActivity"]}, {"fc49c6fd6506aa1916e5f948da777996": ["1", "org.jtb.alogcat.PrefsActivity"]}, {"fc49c6fd6506aa1916e5f948da777996": ["1", "org.jtb.alogcat.PrefsActivity"]}, {"423b9ded68d0141aafab8bae247118cc": ["3", "org.jtb.alogcat.PrefsActivity"]}, {"fc49c6fd6506aa1916e5f948da777996": ["1", "org.jtb.alogcat.PrefsActivity"]}, {"423b9ded68d0141aafab8bae247118cc": ["3", "org.jtb.alogcat.PrefsActivity"]}, {"fc49c6fd6506aa1916e5f948da777996": ["1", "org.jtb.alogcat.PrefsActivity"]}, {"423b9ded68d0141aafab8bae247118cc": ["3", "org.jtb.alogcat.PrefsActivity"]}, {"fc49c6fd6506aa1916e5f948da777996": ["1", "org.jtb.alogcat.PrefsActivity"]}, {"423b9ded68d0141aafab8bae247118cc": ["3", "org.jtb.alogcat.PrefsActivity"]}, {"fc49c6fd6506aa1916e5f948da777996": ["1", "org.jtb.alogcat.PrefsActivity"]}, {"fc49c6fd6506aa1916e5f948da777996": ["1", "org.jtb.alogcat.PrefsActivity"]}, {"fc49c6fd6506aa1916e5f948da777996": ["1", "org.jtb.alogcat.PrefsActivity"]}, {"fc49c6fd6506aa1916e5f948da777996": ["1", "org.jtb.alogcat.PrefsActivity"]}, {"fc49c6fd6506aa1916e5f948da777996": ["1", "org.jtb.alogcat.PrefsActivity"]}, {"d9e85a52319eb7901bef0aa256f4a8f2": ["2", "org.jtb.alogcat.PrefsActivity"]}, {"fc49c6fd6506aa1916e5f948da777996": ["1", "org.jtb.alogcat.PrefsActivity"]}, {"d9e85a52319eb7901bef0aa256f4a8f2": ["2", "org.jtb.alogcat.PrefsActivity"]}, {"fc49c6fd6506aa1916e5f948da777996": ["1", "org.jtb.alogcat.PrefsActivity"]}, {"6408f226e1777a6f9745a78f263ac789": ["4", "org.jtb.alogcat.PrefsActivity"]}, {"b61ec79352049b785714d494c6bf9e1d": ["0", "org.jtb.alogcat.LogActivity"]}, {"e39a397274c90b5a710def81269041d7": ["45", "org.jtb.alogcat.LogActivity"]}, {"b61ec79352049b785714d494c6bf9e1d": ["0", "org.jtb.alogcat.LogActivity"]}, {"04bb5776b9cd300279c61a2c511ddf24": ["46", "org.jtb.alogcat.LogActivity"]}, {"b61ec79352049b785714d494c6bf9e1d": ["0", "org.jtb.alogcat.LogActivity"]}, {"e39a397274c90b5a710def81269041d7": ["45", "org.jtb.alogcat.LogActivity"]}, {"b61ec79352049b785714d494c6bf9e1d": ["0", "org.jtb.alogcat.LogActivity"]}, {"b61ec79352049b785714d494c6bf9e1d": ["0", "org.jtb.alogcat.LogActivity"]}, {"7de14a47bfa0e8dea4a60f0483131a4a": ["16", "org.jtb.alogcat.LogActivity"]}, {"846775d83f12067bf5dbc920d277045b": ["47", "org.jtb.alogcat.LogActivity"]}, {"b61ec79352049b785714d494c6bf9e1d": ["0", "org.jtb.alogcat.LogActivity"]}, {"7de14a47bfa0e8dea4a60f0483131a4a": ["16", "org.jtb.alogcat.LogActivity"]}, {"b61ec79352049b785714d494c6bf9e1d": ["0", "org.jtb.alogcat.LogActivity"]}, {"b61ec79352049b785714d494c6bf9e1d": ["0", "org.jtb.alogcat.LogActivity"]}, {"fc49c6fd6506aa1916e5f948da777996": ["1", "org.jtb.alogcat.PrefsActivity"]}, {"423b9ded68d0141aafab8bae247118cc": ["3", "org.jtb.alogcat.PrefsActivity"]}, {"fc49c6fd6506aa1916e5f948da777996": ["1", "org.jtb.alogcat.PrefsActivity"]}, {"423b9ded68d0141aafab8bae247118cc": ["3", "org.jtb.alogcat.PrefsActivity"]}, {"fc49c6fd6506aa1916e5f948da777996": ["1", "org.jtb.alogcat.PrefsActivity"]}, {"fc49c6fd6506aa1916e5f948da777996": ["1", "org.jtb.alogcat.PrefsActivity"]}, {"423b9ded68d0141aafab8bae247118cc": ["3", "org.jtb.alogcat.PrefsActivity"]}, {"fc49c6fd6506aa1916e5f948da777996": ["1", "org.jtb.alogcat.PrefsActivity"]}, {"fc49c6fd6506aa1916e5f948da777996": ["1", "org.jtb.alogcat.PrefsActivity"]}, {"fc49c6fd6506aa1916e5f948da777996": ["1", "org.jtb.alogcat.PrefsActivity"]}, {"fc49c6fd6506aa1916e5f948da777996": ["1", "org.jtb.alogcat.PrefsActivity"]}, {"fc49c6fd6506aa1916e5f948da777996": ["1", "org.jtb.alogcat.PrefsActivity"]}, {"fc49c6fd6506aa1916e5f948da777996": ["1", "org.jtb.alogcat.PrefsActivity"]}, {"423b9ded68d0141aafab8bae247118cc": ["3", "org.jtb.alogcat.PrefsActivity"]}, {"fc49c6fd6506aa1916e5f948da777996": ["1", "org.jtb.alogcat.PrefsActivity"]}, {"423b9ded68d0141aafab8bae247118cc": ["3", "org.jtb.alogcat.PrefsActivity"]}, {"b61ec79352049b785714d494c6bf9e1d": ["0", "org.jtb.alogcat.LogActivity"]}, {"b61ec79352049b785714d494c6bf9e1d": ["0", "org.jtb.alogcat.LogActivity"]}, {"b61ec79352049b785714d494c6bf9e1d": ["0", "org.jtb.alogcat.LogActivity"]}, {"7de14a47bfa0e8dea4a60f0483131a4a": ["16", "org.jtb.alogcat.LogActivity"]}, {"7de14a47bfa0e8dea4a60f0483131a4a": ["16", "org.jtb.alogcat.LogActivity"]}, {"6b932d3142d76b2b8ab0965444388582": ["6", "org.jtb.alogcat.LogActivity"]}, {"b61ec79352049b785714d494c6bf9e1d": ["0", "org.jtb.alogcat.LogActivity"]}, {"6b932d3142d76b2b8ab0965444388582": ["6", "org.jtb.alogcat.LogActivity"]}, {"b61ec79352049b785714d494c6bf9e1d": ["0", "org.jtb.alogcat.LogActivity"]}, {"b61ec79352049b785714d494c6bf9e1d": ["0", "org.jtb.alogcat.LogActivity"]}, {"b61ec79352049b785714d494c6bf9e1d": ["0", "org.jtb.alogcat.LogActivity"]}, {"b61ec79352049b785714d494c6bf9e1d": ["0", "org.jtb.alogcat.LogActivity"]}, {"b61ec79352049b785714d494c6bf9e1d": ["0", "org.jtb.alogcat.LogActivity"]}, {"b61ec79352049b785714d494c6bf9e1d": ["0", "org.jtb.alogcat.LogActivity"]}, {"b61ec79352049b785714d494c6bf9e1d": ["0", "org.jtb.alogcat.LogActivity"]}, {"fc49c6fd6506aa1916e5f948da777996": ["1", "org.jtb.alogcat.PrefsActivity"]}, {"fc49c6fd6506aa1916e5f948da777996": ["1", "org.jtb.alogcat.PrefsActivity"]}, {"fc49c6fd6506aa1916e5f948da777996": ["1", "org.jtb.alogcat.PrefsActivity"]}, {"d9e85a52319eb7901bef0aa256f4a8f2": ["2", "org.jtb.alogcat.PrefsActivity"]}, {"fc49c6fd6506aa1916e5f948da777996": ["1", "org.jtb.alogcat.PrefsActivity"]}, {"6408f226e1777a6f9745a78f263ac789": ["4", "org.jtb.alogcat.PrefsActivity"]}, {"fc49c6fd6506aa1916e5f948da777996": ["1", "org.jtb.alogcat.PrefsActivity"]}, {"fc49c6fd6506aa1916e5f948da777996": ["1", "org.jtb.alogcat.PrefsActivity"]}, {"fc49c6fd6506aa1916e5f948da777996": ["1", "org.jtb.alogcat.PrefsActivity"]}, {"6408f226e1777a6f9745a78f263ac789": ["4", "org.jtb.alogcat.PrefsActivity"]}, {"fc49c6fd6506aa1916e5f948da777996": ["1", "org.jtb.alogcat.PrefsActivity"]}, {"fc49c6fd6506aa1916e5f948da777996": ["1", "org.jtb.alogcat.PrefsActivity"]}, {"423b9ded68d0141aafab8bae247118cc": ["3", "org.jtb.alogcat.PrefsActivity"]}, {"fc49c6fd6506aa1916e5f948da777996": ["1", "org.jtb.alogcat.PrefsActivity"]}, {"423b9ded68d0141aafab8bae247118cc": ["3", "org.jtb.alogcat.PrefsActivity"]}, {"fc49c6fd6506aa1916e5f948da777996": ["1", "org.jtb.alogcat.PrefsActivity"]}, {"fc49c6fd6506aa1916e5f948da777996": ["1", "org.jtb.alogcat.PrefsActivity"]}, {"423b9ded68d0141aafab8bae247118cc": ["3", "org.jtb.alogcat.PrefsActivity"]}, {"fc49c6fd6506aa1916e5f948da777996": ["1", "org.jtb.alogcat.PrefsActivity"]}, {"fc49c6fd6506aa1916e5f948da777996": ["1", "org.jtb.alogcat.PrefsActivity"]}, {"fc49c6fd6506aa1916e5f948da777996": ["1", "org.jtb.alogcat.PrefsActivity"]}, {"423b9ded68d0141aafab8bae247118cc": ["3", "org.jtb.alogcat.PrefsActivity"]}, {"fc49c6fd6506aa1916e5f948da777996": ["1", "org.jtb.alogcat.PrefsActivity"]}, {"fc49c6fd6506aa1916e5f948da777996": ["1", "org.jtb.alogcat.PrefsActivity"]}, {"423b9ded68d0141aafab8bae247118cc": ["3", "org.jtb.alogcat.PrefsActivity"]}, {"fc49c6fd6506aa1916e5f948da777996": ["1", "org.jtb.alogcat.PrefsActivity"]}, {"fc49c6fd6506aa1916e5f948da777996": ["1", "org.jtb.alogcat.PrefsActivity"]}, {"fc49c6fd6506aa1916e5f948da777996": ["1", "org.jtb.alogcat.PrefsActivity"]}, {"423b9ded68d0141aafab8bae247118cc": ["3", "org.jtb.alogcat.PrefsActivity"]}, {"fc49c6fd6506aa1916e5f948da777996": ["1", "org.jtb.alogcat.PrefsActivity"]}, {"fc49c6fd6506aa1916e5f948da777996": ["1", "org.jtb.alogcat.PrefsActivity"]}, {"423b9ded68d0141aafab8bae247118cc": ["3", "org.jtb.alogcat.PrefsActivity"]}, {"fc49c6fd6506aa1916e5f948da777996": ["1", "org.jtb.alogcat.PrefsActivity"]}, {"6408f226e1777a6f9745a78f263ac789": ["4", "org.jtb.alogcat.PrefsActivity"]}, {"fc49c6fd6506aa1916e5f948da777996": ["1", "org.jtb.alogcat.PrefsActivity"]}, {"fc49c6fd6506aa1916e5f948da777996": ["1", "org.jtb.alogcat.PrefsActivity"]}, {"fc49c6fd6506aa1916e5f948da777996": ["1", "org.jtb.alogcat.PrefsActivity"]}, {"423b9ded68d0141aafab8bae247118cc": ["3", "org.jtb.alogcat.PrefsActivity"]}, {"fc49c6fd6506aa1916e5f948da777996": ["1", "org.jtb.alogcat.PrefsActivity"]}, {"fc49c6fd6506aa1916e5f948da777996": ["1", "org.jtb.alogcat.PrefsActivity"]}, {"fc49c6fd6506aa1916e5f948da777996": ["1", "org.jtb.alogcat.PrefsActivity"]}, {"423b9ded68d0141aafab8bae247118cc": ["3", "org.jtb.alogcat.PrefsActivity"]}, {"fc49c6fd6506aa1916e5f948da777996": ["1", "org.jtb.alogcat.PrefsActivity"]}, {"fc49c6fd6506aa1916e5f948da777996": ["1", "org.jtb.alogcat.PrefsActivity"]}, {"6408f226e1777a6f9745a78f263ac789": ["4", "org.jtb.alogcat.PrefsActivity"]}, {"fc49c6fd6506aa1916e5f948da777996": ["1", "org.jtb.alogcat.PrefsActivity"]}, {"d9e85a52319eb7901bef0aa256f4a8f2": ["2", "org.jtb.alogcat.PrefsActivity"]}, {"fc49c6fd6506aa1916e5f948da777996": ["1", "org.jtb.alogcat.PrefsActivity"]}, {"d9e85a52319eb7901bef0aa256f4a8f2": ["2", "org.jtb.alogcat.PrefsActivity"]}, {"fc49c6fd6506aa1916e5f948da777996": ["1", "org.jtb.alogcat.PrefsActivity"]}, {"6408f226e1777a6f9745a78f263ac789": ["4", "org.jtb.alogcat.PrefsActivity"]}, {"fc49c6fd6506aa1916e5f948da777996": ["1", "org.jtb.alogcat.PrefsActivity"]}, {"fc49c6fd6506aa1916e5f948da777996": ["1", "org.jtb.alogcat.PrefsActivity"]}, {"fc49c6fd6506aa1916e5f948da777996": ["1", "org.jtb.alogcat.PrefsActivity"]}, {"fc49c6fd6506aa1916e5f948da777996": ["1", "org.jtb.alogcat.PrefsActivity"]}, {"fc49c6fd6506aa1916e5f948da777996": ["1", "org.jtb.alogcat.PrefsActivity"]}, {"fc49c6fd6506aa1916e5f948da777996": ["1", "org.jtb.alogcat.PrefsActivity"]}, {"fc49c6fd6506aa1916e5f948da777996": ["1", "org.jtb.alogcat.PrefsActivity"]}, {"d9e85a52319eb7901bef0aa256f4a8f2": ["2", "org.jtb.alogcat.PrefsActivity"]}, {"fc49c6fd6506aa1916e5f948da777996": ["1", "org.jtb.alogcat.PrefsActivity"]}, {"fc49c6fd6506aa1916e5f948da777996": ["1", "org.jtb.alogcat.PrefsActivity"]}, {"423b9ded68d0141aafab8bae247118cc": ["3", "org.jtb.alogcat.PrefsActivity"]}, {"fc49c6fd6506aa1916e5f948da777996": ["1", "org.jtb.alogcat.PrefsActivity"]}, {"d9e85a52319eb7901bef0aa256f4a8f2": ["2", "org.jtb.alogcat.PrefsActivity"]}, {"fc49c6fd6506aa1916e5f948da777996": ["1", "org.jtb.alogcat.PrefsActivity"]}, {"423b9ded68d0141aafab8bae247118cc": ["3", "org.jtb.alogcat.PrefsActivity"]}, {"fc49c6fd6506aa1916e5f948da777996": ["1", "org.jtb.alogcat.PrefsActivity"]}, {"423b9ded68d0141aafab8bae247118cc": ["3", "org.jtb.alogcat.PrefsActivity"]}, {"fc49c6fd6506aa1916e5f948da777996": ["1", "org.jtb.alogcat.PrefsActivity"]}, {"d9e85a52319eb7901bef0aa256f4a8f2": ["2", "org.jtb.alogcat.PrefsActivity"]}, {"fc49c6fd6506aa1916e5f948da777996": ["1", "org.jtb.alogcat.PrefsActivity"]}, {"fc49c6fd6506aa1916e5f948da777996": ["1", "org.jtb.alogcat.PrefsActivity"]}, {"fc49c6fd6506aa1916e5f948da777996": ["1", "org.jtb.alogcat.PrefsActivity"]}, {"fc49c6fd6506aa1916e5f948da777996": ["1", "org.jtb.alogcat.PrefsActivity"]}, {"fc49c6fd6506aa1916e5f948da777996": ["1", "org.jtb.alogcat.PrefsActivity"]}, {"fc49c6fd6506aa1916e5f948da777996": ["1", "org.jtb.alogcat.PrefsActivity"]}, {"fc49c6fd6506aa1916e5f948da777996": ["1", "org.jtb.alogcat.PrefsActivity"]}, {"fc49c6fd6506aa1916e5f948da777996": ["1", "org.jtb.alogcat.PrefsActivity"]}, {"d9e85a52319eb7901bef0aa256f4a8f2": ["2", "org.jtb.alogcat.PrefsActivity"]}, {"fc49c6fd6506aa1916e5f948da777996": ["1", "org.jtb.alogcat.PrefsActivity"]}, {"d9e85a52319eb7901bef0aa256f4a8f2": ["2", "org.jtb.alogcat.PrefsActivity"]}, {"fc49c6fd6506aa1916e5f948da777996": ["1", "org.jtb.alogcat.PrefsActivity"]}, {"d9e85a52319eb7901bef0aa256f4a8f2": ["2", "org.jtb.alogcat.PrefsActivity"]}, {"fc49c6fd6506aa1916e5f948da777996": ["1", "org.jtb.alogcat.PrefsActivity"]}, {"fc49c6fd6506aa1916e5f948da777996": ["1", "org.jtb.alogcat.PrefsActivity"]}, {"fc49c6fd6506aa1916e5f948da777996": ["1", "org.jtb.alogcat.PrefsActivity"]}, {"fc49c6fd6506aa1916e5f948da777996": ["1", "org.jtb.alogcat.PrefsActivity"]}, {"fc49c6fd6506aa1916e5f948da777996": ["1", "org.jtb.alogcat.PrefsActivity"]}, {"fc49c6fd6506aa1916e5f948da777996": ["1", "org.jtb.alogcat.PrefsActivity"]}, {"6408f226e1777a6f9745a78f263ac789": ["4", "org.jtb.alogcat.PrefsActivity"]}, {"fc49c6fd6506aa1916e5f948da777996": ["1", "org.jtb.alogcat.PrefsActivity"]}, {"fc49c6fd6506aa1916e5f948da777996": ["1", "org.jtb.alogcat.PrefsActivity"]}, {"423b9ded68d0141aafab8bae247118cc": ["3", "org.jtb.alogcat.PrefsActivity"]}, {"fc49c6fd6506aa1916e5f948da777996": ["1", "org.jtb.alogcat.PrefsActivity"]}, {"fc49c6fd6506aa1916e5f948da777996": ["1", "org.jtb.alogcat.PrefsActivity"]}, {"fc49c6fd6506aa1916e5f948da777996": ["1", "org.jtb.alogcat.PrefsActivity"]}, {"fc49c6fd6506aa1916e5f948da777996": ["1", "org.jtb.alogcat.PrefsActivity"]}, {"fc49c6fd6506aa1916e5f948da777996": ["1", "org.jtb.alogcat.PrefsActivity"]}, {"fc49c6fd6506aa1916e5f948da777996": ["1", "org.jtb.alogcat.PrefsActivity"]}, {"d9e85a52319eb7901bef0aa256f4a8f2": ["2", "org.jtb.alogcat.PrefsActivity"]}, {"fc49c6fd6506aa1916e5f948da777996": ["1", "org.jtb.alogcat.PrefsActivity"]}, {"fc49c6fd6506aa1916e5f948da777996": ["1", "org.jtb.alogcat.PrefsActivity"]}, {"6408f226e1777a6f9745a78f263ac789": ["4", "org.jtb.alogcat.PrefsActivity"]}, {"fc49c6fd6506aa1916e5f948da777996": ["1", "org.jtb.alogcat.PrefsActivity"]}, {"6408f226e1777a6f9745a78f263ac789": ["4", "org.jtb.alogcat.PrefsActivity"]}, {"fc49c6fd6506aa1916e5f948da777996": ["1", "org.jtb.alogcat.PrefsActivity"]}, {"6408f226e1777a6f9745a78f263ac789": ["4", "org.jtb.alogcat.PrefsActivity"]}, {"fc49c6fd6506aa1916e5f948da777996": ["1", "org.jtb.alogcat.PrefsActivity"]}, {"6408f226e1777a6f9745a78f263ac789": ["4", "org.jtb.alogcat.PrefsActivity"]}, {"fc49c6fd6506aa1916e5f948da777996": ["1", "org.jtb.alogcat.PrefsActivity"]}, {"fc49c6fd6506aa1916e5f948da777996": ["1", "org.jtb.alogcat.PrefsActivity"]}, {"fc49c6fd6506aa1916e5f948da777996": ["1", "org.jtb.alogcat.PrefsActivity"]}, {"fc49c6fd6506aa1916e5f948da777996": ["1", "org.jtb.alogcat.PrefsActivity"]}, {"fc49c6fd6506aa1916e5f948da777996": ["1", "org.jtb.alogcat.PrefsActivity"]}, {"423b9ded68d0141aafab8bae247118cc": ["3", "org.jtb.alogcat.PrefsActivity"]}, {"fc49c6fd6506aa1916e5f948da777996": ["1", "org.jtb.alogcat.PrefsActivity"]}, {"fc49c6fd6506aa1916e5f948da777996": ["1", "org.jtb.alogcat.PrefsActivity"]}, {"fc49c6fd6506aa1916e5f948da777996": ["1", "org.jtb.alogcat.PrefsActivity"]}, {"fc49c6fd6506aa1916e5f948da777996": ["1", "org.jtb.alogcat.PrefsActivity"]}, {"d9e85a52319eb7901bef0aa256f4a8f2": ["2", "org.jtb.alogcat.PrefsActivity"]}, {"fc49c6fd6506aa1916e5f948da777996": ["1", "org.jtb.alogcat.PrefsActivity"]}, {"fc49c6fd6506aa1916e5f948da777996": ["1", "org.jtb.alogcat.PrefsActivity"]}, {"423b9ded68d0141aafab8bae247118cc": ["3", "org.jtb.alogcat.PrefsActivity"]}, {"fc49c6fd6506aa1916e5f948da777996": ["1", "org.jtb.alogcat.PrefsActivity"]}, {"fc49c6fd6506aa1916e5f948da777996": ["1", "org.jtb.alogcat.PrefsActivity"]}, {"fc49c6fd6506aa1916e5f948da777996": ["1", "org.jtb.alogcat.PrefsActivity"]}, {"fc49c6fd6506aa1916e5f948da777996": ["1", "org.jtb.alogcat.PrefsActivity"]}, {"d9e85a52319eb7901bef0aa256f4a8f2": ["2", "org.jtb.alogcat.PrefsActivity"]}, {"fc49c6fd6506aa1916e5f948da777996": ["1", "org.jtb.alogcat.PrefsActivity"]}, {"6408f226e1777a6f9745a78f263ac789": ["4", "org.jtb.alogcat.PrefsActivity"]}, {"fc49c6fd6506aa1916e5f948da777996": ["1", "org.jtb.alogcat.PrefsActivity"]}, {"d9e85a52319eb7901bef0aa256f4a8f2": ["2", "org.jtb.alogcat.PrefsActivity"]}, {"fc49c6fd6506aa1916e5f948da777996": ["1", "org.jtb.alogcat.PrefsActivity"]}, {"423b9ded68d0141aafab8bae247118cc": ["3", "org.jtb.alogcat.PrefsActivity"]}, {"fc49c6fd6506aa1916e5f948da777996": ["1", "org.jtb.alogcat.PrefsActivity"]}, {"d9e85a52319eb7901bef0aa256f4a8f2": ["2", "org.jtb.alogcat.PrefsActivity"]}, {"fc49c6fd6506aa1916e5f948da777996": ["1", "org.jtb.alogcat.PrefsActivity"]}, {"d9e85a52319eb7901bef0aa256f4a8f2": ["2", "org.jtb.alogcat.PrefsActivity"]}, {"fc49c6fd6506aa1916e5f948da777996": ["1", "org.jtb.alogcat.PrefsActivity"]}, {"d9e85a52319eb7901bef0aa256f4a8f2": ["2", "org.jtb.alogcat.PrefsActivity"]}, {"fc49c6fd6506aa1916e5f948da777996": ["1", "org.jtb.alogcat.PrefsActivity"]}, {"d9e85a52319eb7901bef0aa256f4a8f2": ["2", "org.jtb.alogcat.PrefsActivity"]}, {"fc49c6fd6506aa1916e5f948da777996": ["1", "org.jtb.alogcat.PrefsActivity"]}, {"fc49c6fd6506aa1916e5f948da777996": ["1", "org.jtb.alogcat.PrefsActivity"]}, {"fc49c6fd6506aa1916e5f948da777996": ["1", "org.jtb.alogcat.PrefsActivity"]}, {"fc49c6fd6506aa1916e5f948da777996": ["1", "org.jtb.alogcat.PrefsActivity"]}, {"d9e85a52319eb7901bef0aa256f4a8f2": ["2", "org.jtb.alogcat.PrefsActivity"]}, {"fc49c6fd6506aa1916e5f948da777996": ["1", "org.jtb.alogcat.PrefsActivity"]}, {"6408f226e1777a6f9745a78f263ac789": ["4", "org.jtb.alogcat.PrefsActivity"]}, {"fc49c6fd6506aa1916e5f948da777996": ["1", "org.jtb.alogcat.PrefsActivity"]}, {"6408f226e1777a6f9745a78f263ac789": ["4", "org.jtb.alogcat.PrefsActivity"]}, {"fc49c6fd6506aa1916e5f948da777996": ["1", "org.jtb.alogcat.PrefsActivity"]}, {"fc49c6fd6506aa1916e5f948da777996": ["1", "org.jtb.alogcat.PrefsActivity"]}, {"fc49c6fd6506aa1916e5f948da777996": ["1", "org.jtb.alogcat.PrefsActivity"]}, {"fc49c6fd6506aa1916e5f948da777996": ["1", "org.jtb.alogcat.PrefsActivity"]}, {"fc49c6fd6506aa1916e5f948da777996": ["1", "org.jtb.alogcat.PrefsActivity"]}, {"423b9ded68d0141aafab8bae247118cc": ["3", "org.jtb.alogcat.PrefsActivity"]}, {"fc49c6fd6506aa1916e5f948da777996": ["1", "org.jtb.alogcat.PrefsActivity"]}, {"423b9ded68d0141aafab8bae247118cc": ["3", "org.jtb.alogcat.PrefsActivity"]}, {"fc49c6fd6506aa1916e5f948da777996": ["1", "org.jtb.alogcat.PrefsActivity"]}, {"fc49c6fd6506aa1916e5f948da777996": ["1", "org.jtb.alogcat.PrefsActivity"]}, {"423b9ded68d0141aafab8bae247118cc": ["3", "org.jtb.alogcat.PrefsActivity"]}, {"fc49c6fd6506aa1916e5f948da777996": ["1", "org.jtb.alogcat.PrefsActivity"]}, {"6408f226e1777a6f9745a78f263ac789": ["4", "org.jtb.alogcat.PrefsActivity"]}, {"fc49c6fd6506aa1916e5f948da777996": ["1", "org.jtb.alogcat.PrefsActivity"]}, {"423b9ded68d0141aafab8bae247118cc": ["3", "org.jtb.alogcat.PrefsActivity"]}, {"fc49c6fd6506aa1916e5f948da777996": ["1", "org.jtb.alogcat.PrefsActivity"]}, {"423b9ded68d0141aafab8bae247118cc": ["3", "org.jtb.alogcat.PrefsActivity"]}, {"fc49c6fd6506aa1916e5f948da777996": ["1", "org.jtb.alogcat.PrefsActivity"]}, {"fc49c6fd6506aa1916e5f948da777996": ["1", "org.jtb.alogcat.PrefsActivity"]}, {"6408f226e1777a6f9745a78f263ac789": ["4", "org.jtb.alogcat.PrefsActivity"]}, {"fc49c6fd6506aa1916e5f948da777996": ["1", "org.jtb.alogcat.PrefsActivity"]}, {"d9e85a52319eb7901bef0aa256f4a8f2": ["2", "org.jtb.alogcat.PrefsActivity"]}, {"fc49c6fd6506aa1916e5f948da777996": ["1", "org.jtb.alogcat.PrefsActivity"]}, {"fc49c6fd6506aa1916e5f948da777996": ["1", "org.jtb.alogcat.PrefsActivity"]}, {"6408f226e1777a6f9745a78f263ac789": ["4", "org.jtb.alogcat.PrefsActivity"]}, {"fc49c6fd6506aa1916e5f948da777996": ["1", "org.jtb.alogcat.PrefsActivity"]}, {"6408f226e1777a6f9745a78f263ac789": ["4", "org.jtb.alogcat.PrefsActivity"]}, {"fc49c6fd6506aa1916e5f948da777996": ["1", "org.jtb.alogcat.PrefsActivity"]}, {"6408f226e1777a6f9745a78f263ac789": ["4", "org.jtb.alogcat.PrefsActivity"]}, {"fc49c6fd6506aa1916e5f948da777996": ["1", "org.jtb.alogcat.PrefsActivity"]}, {"6408f226e1777a6f9745a78f263ac789": ["4", "org.jtb.alogcat.PrefsActivity"]}, {"fc49c6fd6506aa1916e5f948da777996": ["1", "org.jtb.alogcat.PrefsActivity"]}, {"6408f226e1777a6f9745a78f263ac789": ["4", "org.jtb.alogcat.PrefsActivity"]}, {"fc49c6fd6506aa1916e5f948da777996": ["1", "org.jtb.alogcat.PrefsActivity"]}, {"6408f226e1777a6f9745a78f263ac789": ["4", "org.jtb.alogcat.PrefsActivity"]}, {"fc49c6fd6506aa1916e5f948da777996": ["1", "org.jtb.alogcat.PrefsActivity"]}, {"d9e85a52319eb7901bef0aa256f4a8f2": ["2", "org.jtb.alogcat.PrefsActivity"]}, {"fc49c6fd6506aa1916e5f948da777996": ["1", "org.jtb.alogcat.PrefsActivity"]}, {"d9e85a52319eb7901bef0aa256f4a8f2": ["2", "org.jtb.alogcat.PrefsActivity"]}, {"fc49c6fd6506aa1916e5f948da777996": ["1", "org.jtb.alogcat.PrefsActivity"]}, {"d9e85a52319eb7901bef0aa256f4a8f2": ["2", "org.jtb.alogcat.PrefsActivity"]}, {"fc49c6fd6506aa1916e5f948da777996": ["1", "org.jtb.alogcat.PrefsActivity"]}, {"fc49c6fd6506aa1916e5f948da777996": ["1", "org.jtb.alogcat.PrefsActivity"]}, {"423b9ded68d0141aafab8bae247118cc": ["3", "org.jtb.alogcat.PrefsActivity"]}, {"fc49c6fd6506aa1916e5f948da777996": ["1", "org.jtb.alogcat.PrefsActivity"]}, {"423b9ded68d0141aafab8bae247118cc": ["3", "org.jtb.alogcat.PrefsActivity"]}, {"fc49c6fd6506aa1916e5f948da777996": ["1", "org.jtb.alogcat.PrefsActivity"]}, {"6408f226e1777a6f9745a78f263ac789": ["4", "org.jtb.alogcat.PrefsActivity"]}, {"fc49c6fd6506aa1916e5f948da777996": ["1", "org.jtb.alogcat.PrefsActivity"]}, {"fc49c6fd6506aa1916e5f948da777996": ["1", "org.jtb.alogcat.PrefsActivity"]}, {"6408f226e1777a6f9745a78f263ac789": ["4", "org.jtb.alogcat.PrefsActivity"]}, {"fc49c6fd6506aa1916e5f948da777996": ["1", "org.jtb.alogcat.PrefsActivity"]}, {"fc49c6fd6506aa1916e5f948da777996": ["1", "org.jtb.alogcat.PrefsActivity"]}, {"d9e85a52319eb7901bef0aa256f4a8f2": ["2", "org.jtb.alogcat.PrefsActivity"]}, {"fc49c6fd6506aa1916e5f948da777996": ["1", "org.jtb.alogcat.PrefsActivity"]}, {"423b9ded68d0141aafab8bae247118cc": ["3", "org.jtb.alogcat.PrefsActivity"]}, {"fc49c6fd6506aa1916e5f948da777996": ["1", "org.jtb.alogcat.PrefsActivity"]}, {"423b9ded68d0141aafab8bae247118cc": ["3", "org.jtb.alogcat.PrefsActivity"]}, {"fc49c6fd6506aa1916e5f948da777996": ["1", "org.jtb.alogcat.PrefsActivity"]}, {"d9e85a52319eb7901bef0aa256f4a8f2": ["2", "org.jtb.alogcat.PrefsActivity"]}, {"fc49c6fd6506aa1916e5f948da777996": ["1", "org.jtb.alogcat.PrefsActivity"]}, {"fc49c6fd6506aa1916e5f948da777996": ["1", "org.jtb.alogcat.PrefsActivity"]}, {"fc49c6fd6506aa1916e5f948da777996": ["1", "org.jtb.alogcat.PrefsActivity"]}, {"423b9ded68d0141aafab8bae247118cc": ["3", "org.jtb.alogcat.PrefsActivity"]}, {"fc49c6fd6506aa1916e5f948da777996": ["1", "org.jtb.alogcat.PrefsActivity"]}, {"423b9ded68d0141aafab8bae247118cc": ["3", "org.jtb.alogcat.PrefsActivity"]}, {"fc49c6fd6506aa1916e5f948da777996": ["1", "org.jtb.alogcat.PrefsActivity"]}, {"d9e85a52319eb7901bef0aa256f4a8f2": ["2", "org.jtb.alogcat.PrefsActivity"]}, {"fc49c6fd6506aa1916e5f948da777996": ["1", "org.jtb.alogcat.PrefsActivity"]}, {"fc49c6fd6506aa1916e5f948da777996": ["1", "org.jtb.alogcat.PrefsActivity"]}, {"423b9ded68d0141aafab8bae247118cc": ["3", "org.jtb.alogcat.PrefsActivity"]}, {"fc49c6fd6506aa1916e5f948da777996": ["1", "org.jtb.alogcat.PrefsActivity"]}, {"fc49c6fd6506aa1916e5f948da777996": ["1", "org.jtb.alogcat.PrefsActivity"]}, {"fc49c6fd6506aa1916e5f948da777996": ["1", "org.jtb.alogcat.PrefsActivity"]}, {"fc49c6fd6506aa1916e5f948da777996": ["1", "org.jtb.alogcat.PrefsActivity"]}, {"6408f226e1777a6f9745a78f263ac789": ["4", "org.jtb.alogcat.PrefsActivity"]}, {"fc49c6fd6506aa1916e5f948da777996": ["1", "org.jtb.alogcat.PrefsActivity"]}, {"fc49c6fd6506aa1916e5f948da777996": ["1", "org.jtb.alogcat.PrefsActivity"]}, {"fc49c6fd6506aa1916e5f948da777996": ["1", "org.jtb.alogcat.PrefsActivity"]}, {"fc49c6fd6506aa1916e5f948da777996": ["1", "org.jtb.alogcat.PrefsActivity"]}, {"fc49c6fd6506aa1916e5f948da777996": ["1", "org.jtb.alogcat.PrefsActivity"]}, {"fc49c6fd6506aa1916e5f948da777996": ["1", "org.jtb.alogcat.PrefsActivity"]}, {"423b9ded68d0141aafab8bae247118cc": ["3", "org.jtb.alogcat.PrefsActivity"]}, {"fc49c6fd6506aa1916e5f948da777996": ["1", "org.jtb.alogcat.PrefsActivity"]}, {"fc49c6fd6506aa1916e5f948da777996": ["1", "org.jtb.alogcat.PrefsActivity"]}, {"fc49c6fd6506aa1916e5f948da777996": ["1", "org.jtb.alogcat.PrefsActivity"]}, {"fc49c6fd6506aa1916e5f948da777996": ["1", "org.jtb.alogcat.PrefsActivity"]}, {"fc49c6fd6506aa1916e5f948da777996": ["1", "org.jtb.alogcat.PrefsActivity"]}, {"fc49c6fd6506aa1916e5f948da777996": ["1", "org.jtb.alogcat.PrefsActivity"]}, {"423b9ded68d0141aafab8bae247118cc": ["3", "org.jtb.alogcat.PrefsActivity"]}, {"fc49c6fd6506aa1916e5f948da777996": ["1", "org.jtb.alogcat.PrefsActivity"]}, {"fc49c6fd6506aa1916e5f948da777996": ["1", "org.jtb.alogcat.PrefsActivity"]}, {"fc49c6fd6506aa1916e5f948da777996": ["1", "org.jtb.alogcat.PrefsActivity"]}, {"fc49c6fd6506aa1916e5f948da777996": ["1", "org.jtb.alogcat.PrefsActivity"]}, {"fc49c6fd6506aa1916e5f948da777996": ["1", "org.jtb.alogcat.PrefsActivity"]}, {"fc49c6fd6506aa1916e5f948da777996": ["1", "org.jtb.alogcat.PrefsActivity"]}, {"423b9ded68d0141aafab8bae247118cc": ["3", "org.jtb.alogcat.PrefsActivity"]}, {"fc49c6fd6506aa1916e5f948da777996": ["1", "org.jtb.alogcat.PrefsActivity"]}, {"423b9ded68d0141aafab8bae247118cc": ["3", "org.jtb.alogcat.PrefsActivity"]}, {"fc49c6fd6506aa1916e5f948da777996": ["1", "org.jtb.alogcat.PrefsActivity"]}, {"fc49c6fd6506aa1916e5f948da777996": ["1", "org.jtb.alogcat.PrefsActivity"]}, {"fc49c6fd6506aa1916e5f948da777996": ["1", "org.jtb.alogcat.PrefsActivity"]}, {"fc49c6fd6506aa1916e5f948da777996": ["1", "org.jtb.alogcat.PrefsActivity"]}, {"fc49c6fd6506aa1916e5f948da777996": ["1", "org.jtb.alogcat.PrefsActivity"]}, {"fc49c6fd6506aa1916e5f948da777996": ["1", "org.jtb.alogcat.PrefsActivity"]}, {"d9e85a52319eb7901bef0aa256f4a8f2": ["2", "org.jtb.alogcat.PrefsActivity"]}, {"fc49c6fd6506aa1916e5f948da777996": ["1", "org.jtb.alogcat.PrefsActivity"]}, {"fc49c6fd6506aa1916e5f948da777996": ["1", "org.jtb.alogcat.PrefsActivity"]}, {"fc49c6fd6506aa1916e5f948da777996": ["1", "org.jtb.alogcat.PrefsActivity"]}, {"fc49c6fd6506aa1916e5f948da777996": ["1", "org.jtb.alogcat.PrefsActivity"]}, {"fc49c6fd6506aa1916e5f948da777996": ["1", "org.jtb.alogcat.PrefsActivity"]}, {"fc49c6fd6506aa1916e5f948da777996": ["1", "org.jtb.alogcat.PrefsActivity"]}, {"fc49c6fd6506aa1916e5f948da777996": ["1", "org.jtb.alogcat.PrefsActivity"]}, {"423b9ded68d0141aafab8bae247118cc": ["3", "org.jtb.alogcat.PrefsActivity"]}, {"fc49c6fd6506aa1916e5f948da777996": ["1", "org.jtb.alogcat.PrefsActivity"]}, {"423b9ded68d0141aafab8bae247118cc": ["3", "org.jtb.alogcat.PrefsActivity"]}, {"fc49c6fd6506aa1916e5f948da777996": ["1", "org.jtb.alogcat.PrefsActivity"]}, {"fc49c6fd6506aa1916e5f948da777996": ["1", "org.jtb.alogcat.PrefsActivity"]}, {"fc49c6fd6506aa1916e5f948da777996": ["1", "org.jtb.alogcat.PrefsActivity"]}, {"fc49c6fd6506aa1916e5f948da777996": ["1", "org.jtb.alogcat.PrefsActivity"]}, {"fc49c6fd6506aa1916e5f948da777996": ["1", "org.jtb.alogcat.PrefsActivity"]}, {"fc49c6fd6506aa1916e5f948da777996": ["1", "org.jtb.alogcat.PrefsActivity"]}, {"6408f226e1777a6f9745a78f263ac789": ["4", "org.jtb.alogcat.PrefsActivity"]}, {"fc49c6fd6506aa1916e5f948da777996": ["1", "org.jtb.alogcat.PrefsActivity"]}, {"6408f226e1777a6f9745a78f263ac789": ["4", "org.jtb.alogcat.PrefsActivity"]}, {"fc49c6fd6506aa1916e5f948da777996": ["1", "org.jtb.alogcat.PrefsActivity"]}, {"6408f226e1777a6f9745a78f263ac789": ["4", "org.jtb.alogcat.PrefsActivity"]}, {"fc49c6fd6506aa1916e5f948da777996": ["1", "org.jtb.alogcat.PrefsActivity"]}, {"fc49c6fd6506aa1916e5f948da777996": ["1", "org.jtb.alogcat.PrefsActivity"]}]