[{"e0e273f505a8689321672519ce8de1ad": ["0", "be.ppareit.swiftp_free.gui.ServerPreferenceActivity"]}, {"e0e273f505a8689321672519ce8de1ad": ["0", "be.ppareit.swiftp_free.gui.ServerPreferenceActivity"]}, {"e0e273f505a8689321672519ce8de1ad": ["0", "be.ppareit.swiftp_free.gui.ServerPreferenceActivity"]}, {"b034b05b627c9318ed9f969bcff6e4f1": ["1", "be.ppareit.swiftp_free.gui.ServerPreferenceActivity"]}, {"e0e273f505a8689321672519ce8de1ad": ["0", "be.ppareit.swiftp_free.gui.ServerPreferenceActivity"]}, {"b034b05b627c9318ed9f969bcff6e4f1": ["1", "be.ppareit.swiftp_free.gui.ServerPreferenceActivity"]}, {"e0e273f505a8689321672519ce8de1ad": ["0", "be.ppareit.swiftp_free.gui.ServerPreferenceActivity"]}, {"e0e273f505a8689321672519ce8de1ad": ["0", "be.ppareit.swiftp_free.gui.ServerPreferenceActivity"]}, {"e0e273f505a8689321672519ce8de1ad": ["0", "be.ppareit.swiftp_free.gui.ServerPreferenceActivity"]}, {"b034b05b627c9318ed9f969bcff6e4f1": ["1", "be.ppareit.swiftp_free.gui.ServerPreferenceActivity"]}, {"e0e273f505a8689321672519ce8de1ad": ["0", "be.ppareit.swiftp_free.gui.ServerPreferenceActivity"]}, {"e0e273f505a8689321672519ce8de1ad": ["0", "be.ppareit.swiftp_free.gui.ServerPreferenceActivity"]}, {"e0e273f505a8689321672519ce8de1ad": ["0", "be.ppareit.swiftp_free.gui.ServerPreferenceActivity"]}, {"b034b05b627c9318ed9f969bcff6e4f1": ["1", "be.ppareit.swiftp_free.gui.ServerPreferenceActivity"]}, {"e0e273f505a8689321672519ce8de1ad": ["0", "be.ppareit.swiftp_free.gui.ServerPreferenceActivity"]}, {"e0e273f505a8689321672519ce8de1ad": ["0", "be.ppareit.swiftp_free.gui.ServerPreferenceActivity"]}, {"b034b05b627c9318ed9f969bcff6e4f1": ["1", "be.ppareit.swiftp_free.gui.ServerPreferenceActivity"]}, {"e0e273f505a8689321672519ce8de1ad": ["0", "be.ppareit.swiftp_free.gui.ServerPreferenceActivity"]}, {"e0e273f505a8689321672519ce8de1ad": ["0", "be.ppareit.swiftp_free.gui.ServerPreferenceActivity"]}, {"e0e273f505a8689321672519ce8de1ad": ["0", "be.ppareit.swiftp_free.gui.ServerPreferenceActivity"]}, {"b034b05b627c9318ed9f969bcff6e4f1": ["1", "be.ppareit.swiftp_free.gui.ServerPreferenceActivity"]}, {"e0e273f505a8689321672519ce8de1ad": ["0", "be.ppareit.swiftp_free.gui.ServerPreferenceActivity"]}, {"b034b05b627c9318ed9f969bcff6e4f1": ["1", "be.ppareit.swiftp_free.gui.ServerPreferenceActivity"]}, {"e0e273f505a8689321672519ce8de1ad": ["0", "be.ppareit.swiftp_free.gui.ServerPreferenceActivity"]}, {"e0e273f505a8689321672519ce8de1ad": ["0", "be.ppareit.swiftp_free.gui.ServerPreferenceActivity"]}, {"e0e273f505a8689321672519ce8de1ad": ["0", "be.ppareit.swiftp_free.gui.ServerPreferenceActivity"]}, {"e0e273f505a8689321672519ce8de1ad": ["0", "be.ppareit.swiftp_free.gui.ServerPreferenceActivity"]}, {"e0e273f505a8689321672519ce8de1ad": ["0", "be.ppareit.swiftp_free.gui.ServerPreferenceActivity"]}, {"e0e273f505a8689321672519ce8de1ad": ["0", "be.ppareit.swiftp_free.gui.ServerPreferenceActivity"]}, {"e0e273f505a8689321672519ce8de1ad": ["0", "be.ppareit.swiftp_free.gui.ServerPreferenceActivity"]}, {"b034b05b627c9318ed9f969bcff6e4f1": ["1", "be.ppareit.swiftp_free.gui.ServerPreferenceActivity"]}, {"e0e273f505a8689321672519ce8de1ad": ["0", "be.ppareit.swiftp_free.gui.ServerPreferenceActivity"]}, {"6b21cfe78d9bee3949d5dfdeb4ca24ce": ["2", "be.ppareit.swiftp_free.gui.ServerPreferenceActivity"]}, {"e0e273f505a8689321672519ce8de1ad": ["0", "be.ppareit.swiftp_free.gui.ServerPreferenceActivity"]}, {"b034b05b627c9318ed9f969bcff6e4f1": ["1", "be.ppareit.swiftp_free.gui.ServerPreferenceActivity"]}, {"e0e273f505a8689321672519ce8de1ad": ["0", "be.ppareit.swiftp_free.gui.ServerPreferenceActivity"]}, {"b034b05b627c9318ed9f969bcff6e4f1": ["1", "be.ppareit.swiftp_free.gui.ServerPreferenceActivity"]}, {"e0e273f505a8689321672519ce8de1ad": ["0", "be.ppareit.swiftp_free.gui.ServerPreferenceActivity"]}, {"e0e273f505a8689321672519ce8de1ad": ["0", "be.ppareit.swiftp_free.gui.ServerPreferenceActivity"]}, {"e0e273f505a8689321672519ce8de1ad": ["0", "be.ppareit.swiftp_free.gui.ServerPreferenceActivity"]}, {"e0e273f505a8689321672519ce8de1ad": ["0", "be.ppareit.swiftp_free.gui.ServerPreferenceActivity"]}, {"e0e273f505a8689321672519ce8de1ad": ["0", "be.ppareit.swiftp_free.gui.ServerPreferenceActivity"]}, {"e0e273f505a8689321672519ce8de1ad": ["0", "be.ppareit.swiftp_free.gui.ServerPreferenceActivity"]}, {"e0e273f505a8689321672519ce8de1ad": ["0", "be.ppareit.swiftp_free.gui.ServerPreferenceActivity"]}, {"e0e273f505a8689321672519ce8de1ad": ["0", "be.ppareit.swiftp_free.gui.ServerPreferenceActivity"]}, {"e0e273f505a8689321672519ce8de1ad": ["0", "be.ppareit.swiftp_free.gui.ServerPreferenceActivity"]}, {"e0e273f505a8689321672519ce8de1ad": ["0", "be.ppareit.swiftp_free.gui.ServerPreferenceActivity"]}, {"e0e273f505a8689321672519ce8de1ad": ["0", "be.ppareit.swiftp_free.gui.ServerPreferenceActivity"]}, {"e0e273f505a8689321672519ce8de1ad": ["0", "be.ppareit.swiftp_free.gui.ServerPreferenceActivity"]}, {"e0e273f505a8689321672519ce8de1ad": ["0", "be.ppareit.swiftp_free.gui.ServerPreferenceActivity"]}, {"e0e273f505a8689321672519ce8de1ad": ["0", "be.ppareit.swiftp_free.gui.ServerPreferenceActivity"]}, {"e0e273f505a8689321672519ce8de1ad": ["0", "be.ppareit.swiftp_free.gui.ServerPreferenceActivity"]}, {"bdc01c9e932b0602492f794447a96c24": ["4", "be.ppareit.swiftp_free.gui.ServerPreferenceActivity"]}, {"bdc01c9e932b0602492f794447a96c24": ["4", "be.ppareit.swiftp_free.gui.ServerPreferenceActivity"]}, {"bdc01c9e932b0602492f794447a96c24": ["4", "be.ppareit.swiftp_free.gui.ServerPreferenceActivity"]}, {"6b21cfe78d9bee3949d5dfdeb4ca24ce": ["2", "be.ppareit.swiftp_free.gui.ServerPreferenceActivity"]}, {"bdc01c9e932b0602492f794447a96c24": ["4", "be.ppareit.swiftp_free.gui.ServerPreferenceActivity"]}, {"bdc01c9e932b0602492f794447a96c24": ["4", "be.ppareit.swiftp_free.gui.ServerPreferenceActivity"]}, {"bdc01c9e932b0602492f794447a96c24": ["4", "be.ppareit.swiftp_free.gui.ServerPreferenceActivity"]}, {"bdc01c9e932b0602492f794447a96c24": ["4", "be.ppareit.swiftp_free.gui.ServerPreferenceActivity"]}, {"e0e273f505a8689321672519ce8de1ad": ["0", "be.ppareit.swiftp_free.gui.ServerPreferenceActivity"]}, {"bdc01c9e932b0602492f794447a96c24": ["4", "be.ppareit.swiftp_free.gui.ServerPreferenceActivity"]}, {"bdc01c9e932b0602492f794447a96c24": ["4", "be.ppareit.swiftp_free.gui.ServerPreferenceActivity"]}, {"bdc01c9e932b0602492f794447a96c24": ["4", "be.ppareit.swiftp_free.gui.ServerPreferenceActivity"]}, {"bdc01c9e932b0602492f794447a96c24": ["4", "be.ppareit.swiftp_free.gui.ServerPreferenceActivity"]}, {"bdc01c9e932b0602492f794447a96c24": ["4", "be.ppareit.swiftp_free.gui.ServerPreferenceActivity"]}, {"6b21cfe78d9bee3949d5dfdeb4ca24ce": ["2", "be.ppareit.swiftp_free.gui.ServerPreferenceActivity"]}, {"bdc01c9e932b0602492f794447a96c24": ["4", "be.ppareit.swiftp_free.gui.ServerPreferenceActivity"]}, {"bdc01c9e932b0602492f794447a96c24": ["4", "be.ppareit.swiftp_free.gui.ServerPreferenceActivity"]}, {"bdc01c9e932b0602492f794447a96c24": ["4", "be.ppareit.swiftp_free.gui.ServerPreferenceActivity"]}, {"bdc01c9e932b0602492f794447a96c24": ["4", "be.ppareit.swiftp_free.gui.ServerPreferenceActivity"]}, {"bdc01c9e932b0602492f794447a96c24": ["4", "be.ppareit.swiftp_free.gui.ServerPreferenceActivity"]}, {"bdc01c9e932b0602492f794447a96c24": ["4", "be.ppareit.swiftp_free.gui.ServerPreferenceActivity"]}, {"bdc01c9e932b0602492f794447a96c24": ["4", "be.ppareit.swiftp_free.gui.ServerPreferenceActivity"]}, {"bdc01c9e932b0602492f794447a96c24": ["4", "be.ppareit.swiftp_free.gui.ServerPreferenceActivity"]}, {"bdc01c9e932b0602492f794447a96c24": ["4", "be.ppareit.swiftp_free.gui.ServerPreferenceActivity"]}, {"bdc01c9e932b0602492f794447a96c24": ["4", "be.ppareit.swiftp_free.gui.ServerPreferenceActivity"]}, {"bdc01c9e932b0602492f794447a96c24": ["4", "be.ppareit.swiftp_free.gui.ServerPreferenceActivity"]}, {"bdc01c9e932b0602492f794447a96c24": ["4", "be.ppareit.swiftp_free.gui.ServerPreferenceActivity"]}, {"bdc01c9e932b0602492f794447a96c24": ["4", "be.ppareit.swiftp_free.gui.ServerPreferenceActivity"]}, {"bdc01c9e932b0602492f794447a96c24": ["4", "be.ppareit.swiftp_free.gui.ServerPreferenceActivity"]}, {"bdc01c9e932b0602492f794447a96c24": ["4", "be.ppareit.swiftp_free.gui.ServerPreferenceActivity"]}, {"6b21cfe78d9bee3949d5dfdeb4ca24ce": ["2", "be.ppareit.swiftp_free.gui.ServerPreferenceActivity"]}, {"bdc01c9e932b0602492f794447a96c24": ["4", "be.ppareit.swiftp_free.gui.ServerPreferenceActivity"]}, {"bdc01c9e932b0602492f794447a96c24": ["4", "be.ppareit.swiftp_free.gui.ServerPreferenceActivity"]}, {"bdc01c9e932b0602492f794447a96c24": ["4", "be.ppareit.swiftp_free.gui.ServerPreferenceActivity"]}, {"bdc01c9e932b0602492f794447a96c24": ["4", "be.ppareit.swiftp_free.gui.ServerPreferenceActivity"]}, {"bdc01c9e932b0602492f794447a96c24": ["4", "be.ppareit.swiftp_free.gui.ServerPreferenceActivity"]}, {"6b21cfe78d9bee3949d5dfdeb4ca24ce": ["2", "be.ppareit.swiftp_free.gui.ServerPreferenceActivity"]}, {"bdc01c9e932b0602492f794447a96c24": ["4", "be.ppareit.swiftp_free.gui.ServerPreferenceActivity"]}, {"bdc01c9e932b0602492f794447a96c24": ["4", "be.ppareit.swiftp_free.gui.ServerPreferenceActivity"]}, {"6b21cfe78d9bee3949d5dfdeb4ca24ce": ["2", "be.ppareit.swiftp_free.gui.ServerPreferenceActivity"]}, {"bdc01c9e932b0602492f794447a96c24": ["4", "be.ppareit.swiftp_free.gui.ServerPreferenceActivity"]}, {"6b21cfe78d9bee3949d5dfdeb4ca24ce": ["2", "be.ppareit.swiftp_free.gui.ServerPreferenceActivity"]}, {"bdc01c9e932b0602492f794447a96c24": ["4", "be.ppareit.swiftp_free.gui.ServerPreferenceActivity"]}, {"bdc01c9e932b0602492f794447a96c24": ["4", "be.ppareit.swiftp_free.gui.ServerPreferenceActivity"]}, {"bdc01c9e932b0602492f794447a96c24": ["4", "be.ppareit.swiftp_free.gui.ServerPreferenceActivity"]}, {"bdc01c9e932b0602492f794447a96c24": ["4", "be.ppareit.swiftp_free.gui.ServerPreferenceActivity"]}, {"bdc01c9e932b0602492f794447a96c24": ["4", "be.ppareit.swiftp_free.gui.ServerPreferenceActivity"]}, {"bdc01c9e932b0602492f794447a96c24": ["4", "be.ppareit.swiftp_free.gui.ServerPreferenceActivity"]}, {"bdc01c9e932b0602492f794447a96c24": ["4", "be.ppareit.swiftp_free.gui.ServerPreferenceActivity"]}, {"6b21cfe78d9bee3949d5dfdeb4ca24ce": ["2", "be.ppareit.swiftp_free.gui.ServerPreferenceActivity"]}, {"bdc01c9e932b0602492f794447a96c24": ["4", "be.ppareit.swiftp_free.gui.ServerPreferenceActivity"]}, {"e0e273f505a8689321672519ce8de1ad": ["0", "be.ppareit.swiftp_free.gui.ServerPreferenceActivity"]}, {"e0e273f505a8689321672519ce8de1ad": ["0", "be.ppareit.swiftp_free.gui.ServerPreferenceActivity"]}, {"bdc01c9e932b0602492f794447a96c24": ["4", "be.ppareit.swiftp_free.gui.ServerPreferenceActivity"]}, {"bdc01c9e932b0602492f794447a96c24": ["4", "be.ppareit.swiftp_free.gui.ServerPreferenceActivity"]}, {"bdc01c9e932b0602492f794447a96c24": ["4", "be.ppareit.swiftp_free.gui.ServerPreferenceActivity"]}, {"bdc01c9e932b0602492f794447a96c24": ["4", "be.ppareit.swiftp_free.gui.ServerPreferenceActivity"]}, {"bdc01c9e932b0602492f794447a96c24": ["4", "be.ppareit.swiftp_free.gui.ServerPreferenceActivity"]}, {"bdc01c9e932b0602492f794447a96c24": ["4", "be.ppareit.swiftp_free.gui.ServerPreferenceActivity"]}, {"6b21cfe78d9bee3949d5dfdeb4ca24ce": ["2", "be.ppareit.swiftp_free.gui.ServerPreferenceActivity"]}, {"bdc01c9e932b0602492f794447a96c24": ["4", "be.ppareit.swiftp_free.gui.ServerPreferenceActivity"]}, {"e0e273f505a8689321672519ce8de1ad": ["0", "be.ppareit.swiftp_free.gui.ServerPreferenceActivity"]}, {"e0e273f505a8689321672519ce8de1ad": ["0", "be.ppareit.swiftp_free.gui.ServerPreferenceActivity"]}, {"b034b05b627c9318ed9f969bcff6e4f1": ["1", "be.ppareit.swiftp_free.gui.ServerPreferenceActivity"]}, {"e0e273f505a8689321672519ce8de1ad": ["0", "be.ppareit.swiftp_free.gui.ServerPreferenceActivity"]}, {"e0e273f505a8689321672519ce8de1ad": ["0", "be.ppareit.swiftp_free.gui.ServerPreferenceActivity"]}, {"e0e273f505a8689321672519ce8de1ad": ["0", "be.ppareit.swiftp_free.gui.ServerPreferenceActivity"]}, {"bdc01c9e932b0602492f794447a96c24": ["4", "be.ppareit.swiftp_free.gui.ServerPreferenceActivity"]}, {"bdc01c9e932b0602492f794447a96c24": ["4", "be.ppareit.swiftp_free.gui.ServerPreferenceActivity"]}, {"bdc01c9e932b0602492f794447a96c24": ["4", "be.ppareit.swiftp_free.gui.ServerPreferenceActivity"]}, {"bdc01c9e932b0602492f794447a96c24": ["4", "be.ppareit.swiftp_free.gui.ServerPreferenceActivity"]}, {"bdc01c9e932b0602492f794447a96c24": ["4", "be.ppareit.swiftp_free.gui.ServerPreferenceActivity"]}, {"bdc01c9e932b0602492f794447a96c24": ["4", "be.ppareit.swiftp_free.gui.ServerPreferenceActivity"]}, {"bdc01c9e932b0602492f794447a96c24": ["4", "be.ppareit.swiftp_free.gui.ServerPreferenceActivity"]}, {"bdc01c9e932b0602492f794447a96c24": ["4", "be.ppareit.swiftp_free.gui.ServerPreferenceActivity"]}, {"bdc01c9e932b0602492f794447a96c24": ["4", "be.ppareit.swiftp_free.gui.ServerPreferenceActivity"]}, {"bdc01c9e932b0602492f794447a96c24": ["4", "be.ppareit.swiftp_free.gui.ServerPreferenceActivity"]}, {"bdc01c9e932b0602492f794447a96c24": ["4", "be.ppareit.swiftp_free.gui.ServerPreferenceActivity"]}, {"bdc01c9e932b0602492f794447a96c24": ["4", "be.ppareit.swiftp_free.gui.ServerPreferenceActivity"]}, {"6b21cfe78d9bee3949d5dfdeb4ca24ce": ["2", "be.ppareit.swiftp_free.gui.ServerPreferenceActivity"]}, {"bdc01c9e932b0602492f794447a96c24": ["4", "be.ppareit.swiftp_free.gui.ServerPreferenceActivity"]}, {"bdc01c9e932b0602492f794447a96c24": ["4", "be.ppareit.swiftp_free.gui.ServerPreferenceActivity"]}, {"bdc01c9e932b0602492f794447a96c24": ["4", "be.ppareit.swiftp_free.gui.ServerPreferenceActivity"]}, {"bdc01c9e932b0602492f794447a96c24": ["4", "be.ppareit.swiftp_free.gui.ServerPreferenceActivity"]}, {"bdc01c9e932b0602492f794447a96c24": ["4", "be.ppareit.swiftp_free.gui.ServerPreferenceActivity"]}, {"bdc01c9e932b0602492f794447a96c24": ["4", "be.ppareit.swiftp_free.gui.ServerPreferenceActivity"]}, {"bdc01c9e932b0602492f794447a96c24": ["4", "be.ppareit.swiftp_free.gui.ServerPreferenceActivity"]}, {"6b21cfe78d9bee3949d5dfdeb4ca24ce": ["2", "be.ppareit.swiftp_free.gui.ServerPreferenceActivity"]}, {"bdc01c9e932b0602492f794447a96c24": ["4", "be.ppareit.swiftp_free.gui.ServerPreferenceActivity"]}, {"e0e273f505a8689321672519ce8de1ad": ["0", "be.ppareit.swiftp_free.gui.ServerPreferenceActivity"]}, {"e0e273f505a8689321672519ce8de1ad": ["0", "be.ppareit.swiftp_free.gui.ServerPreferenceActivity"]}, {"b034b05b627c9318ed9f969bcff6e4f1": ["1", "be.ppareit.swiftp_free.gui.ServerPreferenceActivity"]}, {"e0e273f505a8689321672519ce8de1ad": ["0", "be.ppareit.swiftp_free.gui.ServerPreferenceActivity"]}, {"bdc01c9e932b0602492f794447a96c24": ["4", "be.ppareit.swiftp_free.gui.ServerPreferenceActivity"]}, {"bdc01c9e932b0602492f794447a96c24": ["4", "be.ppareit.swiftp_free.gui.ServerPreferenceActivity"]}, {"bdc01c9e932b0602492f794447a96c24": ["4", "be.ppareit.swiftp_free.gui.ServerPreferenceActivity"]}, {"bdc01c9e932b0602492f794447a96c24": ["4", "be.ppareit.swiftp_free.gui.ServerPreferenceActivity"]}, {"bdc01c9e932b0602492f794447a96c24": ["4", "be.ppareit.swiftp_free.gui.ServerPreferenceActivity"]}, {"bdc01c9e932b0602492f794447a96c24": ["4", "be.ppareit.swiftp_free.gui.ServerPreferenceActivity"]}, {"bdc01c9e932b0602492f794447a96c24": ["4", "be.ppareit.swiftp_free.gui.ServerPreferenceActivity"]}, {"bdc01c9e932b0602492f794447a96c24": ["4", "be.ppareit.swiftp_free.gui.ServerPreferenceActivity"]}, {"6b21cfe78d9bee3949d5dfdeb4ca24ce": ["2", "be.ppareit.swiftp_free.gui.ServerPreferenceActivity"]}, {"bdc01c9e932b0602492f794447a96c24": ["4", "be.ppareit.swiftp_free.gui.ServerPreferenceActivity"]}, {"bdc01c9e932b0602492f794447a96c24": ["4", "be.ppareit.swiftp_free.gui.ServerPreferenceActivity"]}, {"bdc01c9e932b0602492f794447a96c24": ["4", "be.ppareit.swiftp_free.gui.ServerPreferenceActivity"]}, {"bdc01c9e932b0602492f794447a96c24": ["4", "be.ppareit.swiftp_free.gui.ServerPreferenceActivity"]}, {"bdc01c9e932b0602492f794447a96c24": ["4", "be.ppareit.swiftp_free.gui.ServerPreferenceActivity"]}, {"6b21cfe78d9bee3949d5dfdeb4ca24ce": ["2", "be.ppareit.swiftp_free.gui.ServerPreferenceActivity"]}, {"bdc01c9e932b0602492f794447a96c24": ["4", "be.ppareit.swiftp_free.gui.ServerPreferenceActivity"]}, {"bdc01c9e932b0602492f794447a96c24": ["4", "be.ppareit.swiftp_free.gui.ServerPreferenceActivity"]}, {"bdc01c9e932b0602492f794447a96c24": ["4", "be.ppareit.swiftp_free.gui.ServerPreferenceActivity"]}, {"bdc01c9e932b0602492f794447a96c24": ["4", "be.ppareit.swiftp_free.gui.ServerPreferenceActivity"]}, {"bdc01c9e932b0602492f794447a96c24": ["4", "be.ppareit.swiftp_free.gui.ServerPreferenceActivity"]}, {"bdc01c9e932b0602492f794447a96c24": ["4", "be.ppareit.swiftp_free.gui.ServerPreferenceActivity"]}, {"6b21cfe78d9bee3949d5dfdeb4ca24ce": ["2", "be.ppareit.swiftp_free.gui.ServerPreferenceActivity"]}, {"bdc01c9e932b0602492f794447a96c24": ["4", "be.ppareit.swiftp_free.gui.ServerPreferenceActivity"]}, {"e0e273f505a8689321672519ce8de1ad": ["0", "be.ppareit.swiftp_free.gui.ServerPreferenceActivity"]}, {"e0e273f505a8689321672519ce8de1ad": ["0", "be.ppareit.swiftp_free.gui.ServerPreferenceActivity"]}, {"bdc01c9e932b0602492f794447a96c24": ["4", "be.ppareit.swiftp_free.gui.ServerPreferenceActivity"]}, {"bdc01c9e932b0602492f794447a96c24": ["4", "be.ppareit.swiftp_free.gui.ServerPreferenceActivity"]}, {"bdc01c9e932b0602492f794447a96c24": ["4", "be.ppareit.swiftp_free.gui.ServerPreferenceActivity"]}, {"bdc01c9e932b0602492f794447a96c24": ["4", "be.ppareit.swiftp_free.gui.ServerPreferenceActivity"]}, {"bdc01c9e932b0602492f794447a96c24": ["4", "be.ppareit.swiftp_free.gui.ServerPreferenceActivity"]}, {"bdc01c9e932b0602492f794447a96c24": ["4", "be.ppareit.swiftp_free.gui.ServerPreferenceActivity"]}, {"bdc01c9e932b0602492f794447a96c24": ["4", "be.ppareit.swiftp_free.gui.ServerPreferenceActivity"]}, {"bdc01c9e932b0602492f794447a96c24": ["4", "be.ppareit.swiftp_free.gui.ServerPreferenceActivity"]}, {"bdc01c9e932b0602492f794447a96c24": ["4", "be.ppareit.swiftp_free.gui.ServerPreferenceActivity"]}, {"bdc01c9e932b0602492f794447a96c24": ["4", "be.ppareit.swiftp_free.gui.ServerPreferenceActivity"]}, {"bdc01c9e932b0602492f794447a96c24": ["4", "be.ppareit.swiftp_free.gui.ServerPreferenceActivity"]}, {"6b21cfe78d9bee3949d5dfdeb4ca24ce": ["2", "be.ppareit.swiftp_free.gui.ServerPreferenceActivity"]}, {"bdc01c9e932b0602492f794447a96c24": ["4", "be.ppareit.swiftp_free.gui.ServerPreferenceActivity"]}, {"bdc01c9e932b0602492f794447a96c24": ["4", "be.ppareit.swiftp_free.gui.ServerPreferenceActivity"]}, {"bdc01c9e932b0602492f794447a96c24": ["4", "be.ppareit.swiftp_free.gui.ServerPreferenceActivity"]}, {"bdc01c9e932b0602492f794447a96c24": ["4", "be.ppareit.swiftp_free.gui.ServerPreferenceActivity"]}, {"bdc01c9e932b0602492f794447a96c24": ["4", "be.ppareit.swiftp_free.gui.ServerPreferenceActivity"]}, {"bdc01c9e932b0602492f794447a96c24": ["4", "be.ppareit.swiftp_free.gui.ServerPreferenceActivity"]}, {"bdc01c9e932b0602492f794447a96c24": ["4", "be.ppareit.swiftp_free.gui.ServerPreferenceActivity"]}, {"bdc01c9e932b0602492f794447a96c24": ["4", "be.ppareit.swiftp_free.gui.ServerPreferenceActivity"]}, {"e0e273f505a8689321672519ce8de1ad": ["0", "be.ppareit.swiftp_free.gui.ServerPreferenceActivity"]}, {"e0e273f505a8689321672519ce8de1ad": ["0", "be.ppareit.swiftp_free.gui.ServerPreferenceActivity"]}, {"bdc01c9e932b0602492f794447a96c24": ["4", "be.ppareit.swiftp_free.gui.ServerPreferenceActivity"]}, {"bdc01c9e932b0602492f794447a96c24": ["4", "be.ppareit.swiftp_free.gui.ServerPreferenceActivity"]}, {"e0e273f505a8689321672519ce8de1ad": ["0", "be.ppareit.swiftp_free.gui.ServerPreferenceActivity"]}, {"e0e273f505a8689321672519ce8de1ad": ["0", "be.ppareit.swiftp_free.gui.ServerPreferenceActivity"]}, {"e0e273f505a8689321672519ce8de1ad": ["0", "be.ppareit.swiftp_free.gui.ServerPreferenceActivity"]}, {"e0e273f505a8689321672519ce8de1ad": ["0", "be.ppareit.swiftp_free.gui.ServerPreferenceActivity"]}, {"e0e273f505a8689321672519ce8de1ad": ["0", "be.ppareit.swiftp_free.gui.ServerPreferenceActivity"]}, {"e0e273f505a8689321672519ce8de1ad": ["0", "be.ppareit.swiftp_free.gui.ServerPreferenceActivity"]}, {"e0e273f505a8689321672519ce8de1ad": ["0", "be.ppareit.swiftp_free.gui.ServerPreferenceActivity"]}, {"e0e273f505a8689321672519ce8de1ad": ["0", "be.ppareit.swiftp_free.gui.ServerPreferenceActivity"]}, {"bdc01c9e932b0602492f794447a96c24": ["4", "be.ppareit.swiftp_free.gui.ServerPreferenceActivity"]}, {"bdc01c9e932b0602492f794447a96c24": ["4", "be.ppareit.swiftp_free.gui.ServerPreferenceActivity"]}, {"bdc01c9e932b0602492f794447a96c24": ["4", "be.ppareit.swiftp_free.gui.ServerPreferenceActivity"]}, {"bdc01c9e932b0602492f794447a96c24": ["4", "be.ppareit.swiftp_free.gui.ServerPreferenceActivity"]}, {"bdc01c9e932b0602492f794447a96c24": ["4", "be.ppareit.swiftp_free.gui.ServerPreferenceActivity"]}, {"bdc01c9e932b0602492f794447a96c24": ["4", "be.ppareit.swiftp_free.gui.ServerPreferenceActivity"]}, {"bdc01c9e932b0602492f794447a96c24": ["4", "be.ppareit.swiftp_free.gui.ServerPreferenceActivity"]}, {"bdc01c9e932b0602492f794447a96c24": ["4", "be.ppareit.swiftp_free.gui.ServerPreferenceActivity"]}, {"bdc01c9e932b0602492f794447a96c24": ["4", "be.ppareit.swiftp_free.gui.ServerPreferenceActivity"]}, {"6b21cfe78d9bee3949d5dfdeb4ca24ce": ["2", "be.ppareit.swiftp_free.gui.ServerPreferenceActivity"]}, {"bdc01c9e932b0602492f794447a96c24": ["4", "be.ppareit.swiftp_free.gui.ServerPreferenceActivity"]}, {"e0e273f505a8689321672519ce8de1ad": ["0", "be.ppareit.swiftp_free.gui.ServerPreferenceActivity"]}, {"e0e273f505a8689321672519ce8de1ad": ["0", "be.ppareit.swiftp_free.gui.ServerPreferenceActivity"]}, {"e0e273f505a8689321672519ce8de1ad": ["0", "be.ppareit.swiftp_free.gui.ServerPreferenceActivity"]}, {"e0e273f505a8689321672519ce8de1ad": ["0", "be.ppareit.swiftp_free.gui.ServerPreferenceActivity"]}, {"b034b05b627c9318ed9f969bcff6e4f1": ["1", "be.ppareit.swiftp_free.gui.ServerPreferenceActivity"]}, {"e0e273f505a8689321672519ce8de1ad": ["0", "be.ppareit.swiftp_free.gui.ServerPreferenceActivity"]}, {"e0e273f505a8689321672519ce8de1ad": ["0", "be.ppareit.swiftp_free.gui.ServerPreferenceActivity"]}, {"6b21cfe78d9bee3949d5dfdeb4ca24ce": ["2", "be.ppareit.swiftp_free.gui.ServerPreferenceActivity"]}, {"e0e273f505a8689321672519ce8de1ad": ["0", "be.ppareit.swiftp_free.gui.ServerPreferenceActivity"]}, {"e0e273f505a8689321672519ce8de1ad": ["0", "be.ppareit.swiftp_free.gui.ServerPreferenceActivity"]}, {"e0e273f505a8689321672519ce8de1ad": ["0", "be.ppareit.swiftp_free.gui.ServerPreferenceActivity"]}, {"e0e273f505a8689321672519ce8de1ad": ["0", "be.ppareit.swiftp_free.gui.ServerPreferenceActivity"]}, {"e0e273f505a8689321672519ce8de1ad": ["0", "be.ppareit.swiftp_free.gui.ServerPreferenceActivity"]}, {"e0e273f505a8689321672519ce8de1ad": ["0", "be.ppareit.swiftp_free.gui.ServerPreferenceActivity"]}, {"b034b05b627c9318ed9f969bcff6e4f1": ["1", "be.ppareit.swiftp_free.gui.ServerPreferenceActivity"]}, {"e0e273f505a8689321672519ce8de1ad": ["0", "be.ppareit.swiftp_free.gui.ServerPreferenceActivity"]}, {"b034b05b627c9318ed9f969bcff6e4f1": ["1", "be.ppareit.swiftp_free.gui.ServerPreferenceActivity"]}, {"e0e273f505a8689321672519ce8de1ad": ["0", "be.ppareit.swiftp_free.gui.ServerPreferenceActivity"]}, {"bdc01c9e932b0602492f794447a96c24": ["4", "be.ppareit.swiftp_free.gui.ServerPreferenceActivity"]}, {"bdc01c9e932b0602492f794447a96c24": ["4", "be.ppareit.swiftp_free.gui.ServerPreferenceActivity"]}, {"e0e273f505a8689321672519ce8de1ad": ["0", "be.ppareit.swiftp_free.gui.ServerPreferenceActivity"]}, {"b034b05b627c9318ed9f969bcff6e4f1": ["1", "be.ppareit.swiftp_free.gui.ServerPreferenceActivity"]}, {"e0e273f505a8689321672519ce8de1ad": ["0", "be.ppareit.swiftp_free.gui.ServerPreferenceActivity"]}, {"e0e273f505a8689321672519ce8de1ad": ["0", "be.ppareit.swiftp_free.gui.ServerPreferenceActivity"]}, {"e0e273f505a8689321672519ce8de1ad": ["0", "be.ppareit.swiftp_free.gui.ServerPreferenceActivity"]}, {"e0e273f505a8689321672519ce8de1ad": ["0", "be.ppareit.swiftp_free.gui.ServerPreferenceActivity"]}, {"e0e273f505a8689321672519ce8de1ad": ["0", "be.ppareit.swiftp_free.gui.ServerPreferenceActivity"]}, {"e0e273f505a8689321672519ce8de1ad": ["0", "be.ppareit.swiftp_free.gui.ServerPreferenceActivity"]}, {"e0e273f505a8689321672519ce8de1ad": ["0", "be.ppareit.swiftp_free.gui.ServerPreferenceActivity"]}, {"e0e273f505a8689321672519ce8de1ad": ["0", "be.ppareit.swiftp_free.gui.ServerPreferenceActivity"]}, {"e0e273f505a8689321672519ce8de1ad": ["0", "be.ppareit.swiftp_free.gui.ServerPreferenceActivity"]}, {"e0e273f505a8689321672519ce8de1ad": ["0", "be.ppareit.swiftp_free.gui.ServerPreferenceActivity"]}, {"e0e273f505a8689321672519ce8de1ad": ["0", "be.ppareit.swiftp_free.gui.ServerPreferenceActivity"]}, {"e0e273f505a8689321672519ce8de1ad": ["0", "be.ppareit.swiftp_free.gui.ServerPreferenceActivity"]}, {"b034b05b627c9318ed9f969bcff6e4f1": ["1", "be.ppareit.swiftp_free.gui.ServerPreferenceActivity"]}, {"e0e273f505a8689321672519ce8de1ad": ["0", "be.ppareit.swiftp_free.gui.ServerPreferenceActivity"]}, {"e0e273f505a8689321672519ce8de1ad": ["0", "be.ppareit.swiftp_free.gui.ServerPreferenceActivity"]}, {"e0e273f505a8689321672519ce8de1ad": ["0", "be.ppareit.swiftp_free.gui.ServerPreferenceActivity"]}, {"b034b05b627c9318ed9f969bcff6e4f1": ["1", "be.ppareit.swiftp_free.gui.ServerPreferenceActivity"]}, {"e0e273f505a8689321672519ce8de1ad": ["0", "be.ppareit.swiftp_free.gui.ServerPreferenceActivity"]}, {"b034b05b627c9318ed9f969bcff6e4f1": ["1", "be.ppareit.swiftp_free.gui.ServerPreferenceActivity"]}, {"e0e273f505a8689321672519ce8de1ad": ["0", "be.ppareit.swiftp_free.gui.ServerPreferenceActivity"]}, {"e0e273f505a8689321672519ce8de1ad": ["0", "be.ppareit.swiftp_free.gui.ServerPreferenceActivity"]}, {"b034b05b627c9318ed9f969bcff6e4f1": ["1", "be.ppareit.swiftp_free.gui.ServerPreferenceActivity"]}, {"e0e273f505a8689321672519ce8de1ad": ["0", "be.ppareit.swiftp_free.gui.ServerPreferenceActivity"]}, {"e0e273f505a8689321672519ce8de1ad": ["0", "be.ppareit.swiftp_free.gui.ServerPreferenceActivity"]}, {"e0e273f505a8689321672519ce8de1ad": ["0", "be.ppareit.swiftp_free.gui.ServerPreferenceActivity"]}, {"e0e273f505a8689321672519ce8de1ad": ["0", "be.ppareit.swiftp_free.gui.ServerPreferenceActivity"]}, {"b034b05b627c9318ed9f969bcff6e4f1": ["1", "be.ppareit.swiftp_free.gui.ServerPreferenceActivity"]}, {"e0e273f505a8689321672519ce8de1ad": ["0", "be.ppareit.swiftp_free.gui.ServerPreferenceActivity"]}, {"bdc01c9e932b0602492f794447a96c24": ["4", "be.ppareit.swiftp_free.gui.ServerPreferenceActivity"]}, {"6b21cfe78d9bee3949d5dfdeb4ca24ce": ["2", "be.ppareit.swiftp_free.gui.ServerPreferenceActivity"]}, {"bdc01c9e932b0602492f794447a96c24": ["4", "be.ppareit.swiftp_free.gui.ServerPreferenceActivity"]}, {"bdc01c9e932b0602492f794447a96c24": ["4", "be.ppareit.swiftp_free.gui.ServerPreferenceActivity"]}, {"bdc01c9e932b0602492f794447a96c24": ["4", "be.ppareit.swiftp_free.gui.ServerPreferenceActivity"]}, {"bdc01c9e932b0602492f794447a96c24": ["4", "be.ppareit.swiftp_free.gui.ServerPreferenceActivity"]}, {"6b21cfe78d9bee3949d5dfdeb4ca24ce": ["2", "be.ppareit.swiftp_free.gui.ServerPreferenceActivity"]}, {"bdc01c9e932b0602492f794447a96c24": ["4", "be.ppareit.swiftp_free.gui.ServerPreferenceActivity"]}, {"bdc01c9e932b0602492f794447a96c24": ["4", "be.ppareit.swiftp_free.gui.ServerPreferenceActivity"]}, {"6b21cfe78d9bee3949d5dfdeb4ca24ce": ["2", "be.ppareit.swiftp_free.gui.ServerPreferenceActivity"]}, {"bdc01c9e932b0602492f794447a96c24": ["4", "be.ppareit.swiftp_free.gui.ServerPreferenceActivity"]}, {"bdc01c9e932b0602492f794447a96c24": ["4", "be.ppareit.swiftp_free.gui.ServerPreferenceActivity"]}, {"bdc01c9e932b0602492f794447a96c24": ["4", "be.ppareit.swiftp_free.gui.ServerPreferenceActivity"]}, {"6b21cfe78d9bee3949d5dfdeb4ca24ce": ["2", "be.ppareit.swiftp_free.gui.ServerPreferenceActivity"]}, {"bdc01c9e932b0602492f794447a96c24": ["4", "be.ppareit.swiftp_free.gui.ServerPreferenceActivity"]}, {"6b21cfe78d9bee3949d5dfdeb4ca24ce": ["2", "be.ppareit.swiftp_free.gui.ServerPreferenceActivity"]}, {"bdc01c9e932b0602492f794447a96c24": ["4", "be.ppareit.swiftp_free.gui.ServerPreferenceActivity"]}, {"bdc01c9e932b0602492f794447a96c24": ["4", "be.ppareit.swiftp_free.gui.ServerPreferenceActivity"]}, {"bdc01c9e932b0602492f794447a96c24": ["4", "be.ppareit.swiftp_free.gui.ServerPreferenceActivity"]}, {"bdc01c9e932b0602492f794447a96c24": ["4", "be.ppareit.swiftp_free.gui.ServerPreferenceActivity"]}, {"bdc01c9e932b0602492f794447a96c24": ["4", "be.ppareit.swiftp_free.gui.ServerPreferenceActivity"]}, {"bdc01c9e932b0602492f794447a96c24": ["4", "be.ppareit.swiftp_free.gui.ServerPreferenceActivity"]}, {"bdc01c9e932b0602492f794447a96c24": ["4", "be.ppareit.swiftp_free.gui.ServerPreferenceActivity"]}, {"bdc01c9e932b0602492f794447a96c24": ["4", "be.ppareit.swiftp_free.gui.ServerPreferenceActivity"]}, {"bdc01c9e932b0602492f794447a96c24": ["4", "be.ppareit.swiftp_free.gui.ServerPreferenceActivity"]}, {"bdc01c9e932b0602492f794447a96c24": ["4", "be.ppareit.swiftp_free.gui.ServerPreferenceActivity"]}, {"bdc01c9e932b0602492f794447a96c24": ["4", "be.ppareit.swiftp_free.gui.ServerPreferenceActivity"]}, {"bdc01c9e932b0602492f794447a96c24": ["4", "be.ppareit.swiftp_free.gui.ServerPreferenceActivity"]}, {"bdc01c9e932b0602492f794447a96c24": ["4", "be.ppareit.swiftp_free.gui.ServerPreferenceActivity"]}, {"bdc01c9e932b0602492f794447a96c24": ["4", "be.ppareit.swiftp_free.gui.ServerPreferenceActivity"]}, {"bdc01c9e932b0602492f794447a96c24": ["4", "be.ppareit.swiftp_free.gui.ServerPreferenceActivity"]}, {"6b21cfe78d9bee3949d5dfdeb4ca24ce": ["2", "be.ppareit.swiftp_free.gui.ServerPreferenceActivity"]}, {"bdc01c9e932b0602492f794447a96c24": ["4", "be.ppareit.swiftp_free.gui.ServerPreferenceActivity"]}, {"bdc01c9e932b0602492f794447a96c24": ["4", "be.ppareit.swiftp_free.gui.ServerPreferenceActivity"]}, {"e0e273f505a8689321672519ce8de1ad": ["0", "be.ppareit.swiftp_free.gui.ServerPreferenceActivity"]}, {"e0e273f505a8689321672519ce8de1ad": ["0", "be.ppareit.swiftp_free.gui.ServerPreferenceActivity"]}, {"e0e273f505a8689321672519ce8de1ad": ["0", "be.ppareit.swiftp_free.gui.ServerPreferenceActivity"]}, {"e0e273f505a8689321672519ce8de1ad": ["0", "be.ppareit.swiftp_free.gui.ServerPreferenceActivity"]}, {"e0e273f505a8689321672519ce8de1ad": ["0", "be.ppareit.swiftp_free.gui.ServerPreferenceActivity"]}, {"e0e273f505a8689321672519ce8de1ad": ["0", "be.ppareit.swiftp_free.gui.ServerPreferenceActivity"]}, {"6b21cfe78d9bee3949d5dfdeb4ca24ce": ["2", "be.ppareit.swiftp_free.gui.ServerPreferenceActivity"]}, {"e0e273f505a8689321672519ce8de1ad": ["0", "be.ppareit.swiftp_free.gui.ServerPreferenceActivity"]}, {"e0e273f505a8689321672519ce8de1ad": ["0", "be.ppareit.swiftp_free.gui.ServerPreferenceActivity"]}, {"e0e273f505a8689321672519ce8de1ad": ["0", "be.ppareit.swiftp_free.gui.ServerPreferenceActivity"]}, {"b034b05b627c9318ed9f969bcff6e4f1": ["1", "be.ppareit.swiftp_free.gui.ServerPreferenceActivity"]}, {"e0e273f505a8689321672519ce8de1ad": ["0", "be.ppareit.swiftp_free.gui.ServerPreferenceActivity"]}, {"b034b05b627c9318ed9f969bcff6e4f1": ["1", "be.ppareit.swiftp_free.gui.ServerPreferenceActivity"]}, {"e0e273f505a8689321672519ce8de1ad": ["0", "be.ppareit.swiftp_free.gui.ServerPreferenceActivity"]}, {"bdc01c9e932b0602492f794447a96c24": ["4", "be.ppareit.swiftp_free.gui.ServerPreferenceActivity"]}, {"bdc01c9e932b0602492f794447a96c24": ["4", "be.ppareit.swiftp_free.gui.ServerPreferenceActivity"]}, {"bdc01c9e932b0602492f794447a96c24": ["4", "be.ppareit.swiftp_free.gui.ServerPreferenceActivity"]}, {"6b21cfe78d9bee3949d5dfdeb4ca24ce": ["2", "be.ppareit.swiftp_free.gui.ServerPreferenceActivity"]}, {"bdc01c9e932b0602492f794447a96c24": ["4", "be.ppareit.swiftp_free.gui.ServerPreferenceActivity"]}, {"bdc01c9e932b0602492f794447a96c24": ["4", "be.ppareit.swiftp_free.gui.ServerPreferenceActivity"]}, {"bdc01c9e932b0602492f794447a96c24": ["4", "be.ppareit.swiftp_free.gui.ServerPreferenceActivity"]}, {"bdc01c9e932b0602492f794447a96c24": ["4", "be.ppareit.swiftp_free.gui.ServerPreferenceActivity"]}, {"bdc01c9e932b0602492f794447a96c24": ["4", "be.ppareit.swiftp_free.gui.ServerPreferenceActivity"]}, {"bdc01c9e932b0602492f794447a96c24": ["4", "be.ppareit.swiftp_free.gui.ServerPreferenceActivity"]}, {"bdc01c9e932b0602492f794447a96c24": ["4", "be.ppareit.swiftp_free.gui.ServerPreferenceActivity"]}, {"bdc01c9e932b0602492f794447a96c24": ["4", "be.ppareit.swiftp_free.gui.ServerPreferenceActivity"]}, {"bdc01c9e932b0602492f794447a96c24": ["4", "be.ppareit.swiftp_free.gui.ServerPreferenceActivity"]}, {"bdc01c9e932b0602492f794447a96c24": ["4", "be.ppareit.swiftp_free.gui.ServerPreferenceActivity"]}, {"bdc01c9e932b0602492f794447a96c24": ["4", "be.ppareit.swiftp_free.gui.ServerPreferenceActivity"]}, {"bdc01c9e932b0602492f794447a96c24": ["4", "be.ppareit.swiftp_free.gui.ServerPreferenceActivity"]}, {"bdc01c9e932b0602492f794447a96c24": ["4", "be.ppareit.swiftp_free.gui.ServerPreferenceActivity"]}, {"bdc01c9e932b0602492f794447a96c24": ["4", "be.ppareit.swiftp_free.gui.ServerPreferenceActivity"]}, {"bdc01c9e932b0602492f794447a96c24": ["4", "be.ppareit.swiftp_free.gui.ServerPreferenceActivity"]}, {"bdc01c9e932b0602492f794447a96c24": ["4", "be.ppareit.swiftp_free.gui.ServerPreferenceActivity"]}, {"bdc01c9e932b0602492f794447a96c24": ["4", "be.ppareit.swiftp_free.gui.ServerPreferenceActivity"]}, {"bdc01c9e932b0602492f794447a96c24": ["4", "be.ppareit.swiftp_free.gui.ServerPreferenceActivity"]}, {"bdc01c9e932b0602492f794447a96c24": ["4", "be.ppareit.swiftp_free.gui.ServerPreferenceActivity"]}, {"bdc01c9e932b0602492f794447a96c24": ["4", "be.ppareit.swiftp_free.gui.ServerPreferenceActivity"]}, {"bdc01c9e932b0602492f794447a96c24": ["4", "be.ppareit.swiftp_free.gui.ServerPreferenceActivity"]}, {"bdc01c9e932b0602492f794447a96c24": ["4", "be.ppareit.swiftp_free.gui.ServerPreferenceActivity"]}, {"6b21cfe78d9bee3949d5dfdeb4ca24ce": ["2", "be.ppareit.swiftp_free.gui.ServerPreferenceActivity"]}, {"bdc01c9e932b0602492f794447a96c24": ["4", "be.ppareit.swiftp_free.gui.ServerPreferenceActivity"]}, {"e0e273f505a8689321672519ce8de1ad": ["0", "be.ppareit.swiftp_free.gui.ServerPreferenceActivity"]}, {"bdc01c9e932b0602492f794447a96c24": ["4", "be.ppareit.swiftp_free.gui.ServerPreferenceActivity"]}, {"bdc01c9e932b0602492f794447a96c24": ["4", "be.ppareit.swiftp_free.gui.ServerPreferenceActivity"]}, {"bdc01c9e932b0602492f794447a96c24": ["4", "be.ppareit.swiftp_free.gui.ServerPreferenceActivity"]}, {"bdc01c9e932b0602492f794447a96c24": ["4", "be.ppareit.swiftp_free.gui.ServerPreferenceActivity"]}, {"bdc01c9e932b0602492f794447a96c24": ["4", "be.ppareit.swiftp_free.gui.ServerPreferenceActivity"]}, {"bdc01c9e932b0602492f794447a96c24": ["4", "be.ppareit.swiftp_free.gui.ServerPreferenceActivity"]}, {"bdc01c9e932b0602492f794447a96c24": ["4", "be.ppareit.swiftp_free.gui.ServerPreferenceActivity"]}, {"bdc01c9e932b0602492f794447a96c24": ["4", "be.ppareit.swiftp_free.gui.ServerPreferenceActivity"]}, {"bdc01c9e932b0602492f794447a96c24": ["4", "be.ppareit.swiftp_free.gui.ServerPreferenceActivity"]}, {"e0e273f505a8689321672519ce8de1ad": ["0", "be.ppareit.swiftp_free.gui.ServerPreferenceActivity"]}, {"e0e273f505a8689321672519ce8de1ad": ["0", "be.ppareit.swiftp_free.gui.ServerPreferenceActivity"]}, {"e0e273f505a8689321672519ce8de1ad": ["0", "be.ppareit.swiftp_free.gui.ServerPreferenceActivity"]}, {"b034b05b627c9318ed9f969bcff6e4f1": ["1", "be.ppareit.swiftp_free.gui.ServerPreferenceActivity"]}, {"e0e273f505a8689321672519ce8de1ad": ["0", "be.ppareit.swiftp_free.gui.ServerPreferenceActivity"]}, {"e0e273f505a8689321672519ce8de1ad": ["0", "be.ppareit.swiftp_free.gui.ServerPreferenceActivity"]}, {"e0e273f505a8689321672519ce8de1ad": ["0", "be.ppareit.swiftp_free.gui.ServerPreferenceActivity"]}, {"b034b05b627c9318ed9f969bcff6e4f1": ["1", "be.ppareit.swiftp_free.gui.ServerPreferenceActivity"]}, {"e0e273f505a8689321672519ce8de1ad": ["0", "be.ppareit.swiftp_free.gui.ServerPreferenceActivity"]}, {"e0e273f505a8689321672519ce8de1ad": ["0", "be.ppareit.swiftp_free.gui.ServerPreferenceActivity"]}, {"e0e273f505a8689321672519ce8de1ad": ["0", "be.ppareit.swiftp_free.gui.ServerPreferenceActivity"]}, {"e0e273f505a8689321672519ce8de1ad": ["0", "be.ppareit.swiftp_free.gui.ServerPreferenceActivity"]}, {"e0e273f505a8689321672519ce8de1ad": ["0", "be.ppareit.swiftp_free.gui.ServerPreferenceActivity"]}, {"e0e273f505a8689321672519ce8de1ad": ["0", "be.ppareit.swiftp_free.gui.ServerPreferenceActivity"]}, {"e0e273f505a8689321672519ce8de1ad": ["0", "be.ppareit.swiftp_free.gui.ServerPreferenceActivity"]}, {"e0e273f505a8689321672519ce8de1ad": ["0", "be.ppareit.swiftp_free.gui.ServerPreferenceActivity"]}, {"e0e273f505a8689321672519ce8de1ad": ["0", "be.ppareit.swiftp_free.gui.ServerPreferenceActivity"]}, {"6b21cfe78d9bee3949d5dfdeb4ca24ce": ["2", "be.ppareit.swiftp_free.gui.ServerPreferenceActivity"]}, {"e0e273f505a8689321672519ce8de1ad": ["0", "be.ppareit.swiftp_free.gui.ServerPreferenceActivity"]}, {"e0e273f505a8689321672519ce8de1ad": ["0", "be.ppareit.swiftp_free.gui.ServerPreferenceActivity"]}, {"e0e273f505a8689321672519ce8de1ad": ["0", "be.ppareit.swiftp_free.gui.ServerPreferenceActivity"]}, {"e0e273f505a8689321672519ce8de1ad": ["0", "be.ppareit.swiftp_free.gui.ServerPreferenceActivity"]}, {"b034b05b627c9318ed9f969bcff6e4f1": ["1", "be.ppareit.swiftp_free.gui.ServerPreferenceActivity"]}, {"e0e273f505a8689321672519ce8de1ad": ["0", "be.ppareit.swiftp_free.gui.ServerPreferenceActivity"]}, {"e0e273f505a8689321672519ce8de1ad": ["0", "be.ppareit.swiftp_free.gui.ServerPreferenceActivity"]}, {"e0e273f505a8689321672519ce8de1ad": ["0", "be.ppareit.swiftp_free.gui.ServerPreferenceActivity"]}, {"b034b05b627c9318ed9f969bcff6e4f1": ["1", "be.ppareit.swiftp_free.gui.ServerPreferenceActivity"]}, {"e0e273f505a8689321672519ce8de1ad": ["0", "be.ppareit.swiftp_free.gui.ServerPreferenceActivity"]}, {"e0e273f505a8689321672519ce8de1ad": ["0", "be.ppareit.swiftp_free.gui.ServerPreferenceActivity"]}, {"e0e273f505a8689321672519ce8de1ad": ["0", "be.ppareit.swiftp_free.gui.ServerPreferenceActivity"]}, {"b034b05b627c9318ed9f969bcff6e4f1": ["1", "be.ppareit.swiftp_free.gui.ServerPreferenceActivity"]}, {"e0e273f505a8689321672519ce8de1ad": ["0", "be.ppareit.swiftp_free.gui.ServerPreferenceActivity"]}, {"e0e273f505a8689321672519ce8de1ad": ["0", "be.ppareit.swiftp_free.gui.ServerPreferenceActivity"]}, {"e0e273f505a8689321672519ce8de1ad": ["0", "be.ppareit.swiftp_free.gui.ServerPreferenceActivity"]}, {"e0e273f505a8689321672519ce8de1ad": ["0", "be.ppareit.swiftp_free.gui.ServerPreferenceActivity"]}, {"e0e273f505a8689321672519ce8de1ad": ["0", "be.ppareit.swiftp_free.gui.ServerPreferenceActivity"]}, {"bdc01c9e932b0602492f794447a96c24": ["4", "be.ppareit.swiftp_free.gui.ServerPreferenceActivity"]}, {"bdc01c9e932b0602492f794447a96c24": ["4", "be.ppareit.swiftp_free.gui.ServerPreferenceActivity"]}, {"bdc01c9e932b0602492f794447a96c24": ["4", "be.ppareit.swiftp_free.gui.ServerPreferenceActivity"]}, {"bdc01c9e932b0602492f794447a96c24": ["4", "be.ppareit.swiftp_free.gui.ServerPreferenceActivity"]}, {"bdc01c9e932b0602492f794447a96c24": ["4", "be.ppareit.swiftp_free.gui.ServerPreferenceActivity"]}, {"bdc01c9e932b0602492f794447a96c24": ["4", "be.ppareit.swiftp_free.gui.ServerPreferenceActivity"]}, {"bdc01c9e932b0602492f794447a96c24": ["4", "be.ppareit.swiftp_free.gui.ServerPreferenceActivity"]}, {"bdc01c9e932b0602492f794447a96c24": ["4", "be.ppareit.swiftp_free.gui.ServerPreferenceActivity"]}, {"6b21cfe78d9bee3949d5dfdeb4ca24ce": ["2", "be.ppareit.swiftp_free.gui.ServerPreferenceActivity"]}, {"bdc01c9e932b0602492f794447a96c24": ["4", "be.ppareit.swiftp_free.gui.ServerPreferenceActivity"]}, {"bdc01c9e932b0602492f794447a96c24": ["4", "be.ppareit.swiftp_free.gui.ServerPreferenceActivity"]}, {"bdc01c9e932b0602492f794447a96c24": ["4", "be.ppareit.swiftp_free.gui.ServerPreferenceActivity"]}, {"6b21cfe78d9bee3949d5dfdeb4ca24ce": ["2", "be.ppareit.swiftp_free.gui.ServerPreferenceActivity"]}, {"bdc01c9e932b0602492f794447a96c24": ["4", "be.ppareit.swiftp_free.gui.ServerPreferenceActivity"]}, {"bdc01c9e932b0602492f794447a96c24": ["4", "be.ppareit.swiftp_free.gui.ServerPreferenceActivity"]}, {"bdc01c9e932b0602492f794447a96c24": ["4", "be.ppareit.swiftp_free.gui.ServerPreferenceActivity"]}, {"6b21cfe78d9bee3949d5dfdeb4ca24ce": ["2", "be.ppareit.swiftp_free.gui.ServerPreferenceActivity"]}, {"bdc01c9e932b0602492f794447a96c24": ["4", "be.ppareit.swiftp_free.gui.ServerPreferenceActivity"]}, {"bdc01c9e932b0602492f794447a96c24": ["4", "be.ppareit.swiftp_free.gui.ServerPreferenceActivity"]}, {"bdc01c9e932b0602492f794447a96c24": ["4", "be.ppareit.swiftp_free.gui.ServerPreferenceActivity"]}, {"bdc01c9e932b0602492f794447a96c24": ["4", "be.ppareit.swiftp_free.gui.ServerPreferenceActivity"]}, {"bdc01c9e932b0602492f794447a96c24": ["4", "be.ppareit.swiftp_free.gui.ServerPreferenceActivity"]}, {"bdc01c9e932b0602492f794447a96c24": ["4", "be.ppareit.swiftp_free.gui.ServerPreferenceActivity"]}, {"bdc01c9e932b0602492f794447a96c24": ["4", "be.ppareit.swiftp_free.gui.ServerPreferenceActivity"]}, {"bdc01c9e932b0602492f794447a96c24": ["4", "be.ppareit.swiftp_free.gui.ServerPreferenceActivity"]}, {"bdc01c9e932b0602492f794447a96c24": ["4", "be.ppareit.swiftp_free.gui.ServerPreferenceActivity"]}, {"bdc01c9e932b0602492f794447a96c24": ["4", "be.ppareit.swiftp_free.gui.ServerPreferenceActivity"]}, {"bdc01c9e932b0602492f794447a96c24": ["4", "be.ppareit.swiftp_free.gui.ServerPreferenceActivity"]}, {"bdc01c9e932b0602492f794447a96c24": ["4", "be.ppareit.swiftp_free.gui.ServerPreferenceActivity"]}, {"bdc01c9e932b0602492f794447a96c24": ["4", "be.ppareit.swiftp_free.gui.ServerPreferenceActivity"]}, {"bdc01c9e932b0602492f794447a96c24": ["4", "be.ppareit.swiftp_free.gui.ServerPreferenceActivity"]}, {"bdc01c9e932b0602492f794447a96c24": ["4", "be.ppareit.swiftp_free.gui.ServerPreferenceActivity"]}, {"bdc01c9e932b0602492f794447a96c24": ["4", "be.ppareit.swiftp_free.gui.ServerPreferenceActivity"]}, {"bdc01c9e932b0602492f794447a96c24": ["4", "be.ppareit.swiftp_free.gui.ServerPreferenceActivity"]}, {"bdc01c9e932b0602492f794447a96c24": ["4", "be.ppareit.swiftp_free.gui.ServerPreferenceActivity"]}, {"bdc01c9e932b0602492f794447a96c24": ["4", "be.ppareit.swiftp_free.gui.ServerPreferenceActivity"]}, {"bdc01c9e932b0602492f794447a96c24": ["4", "be.ppareit.swiftp_free.gui.ServerPreferenceActivity"]}, {"6b21cfe78d9bee3949d5dfdeb4ca24ce": ["2", "be.ppareit.swiftp_free.gui.ServerPreferenceActivity"]}, {"bdc01c9e932b0602492f794447a96c24": ["4", "be.ppareit.swiftp_free.gui.ServerPreferenceActivity"]}, {"bdc01c9e932b0602492f794447a96c24": ["4", "be.ppareit.swiftp_free.gui.ServerPreferenceActivity"]}, {"bdc01c9e932b0602492f794447a96c24": ["4", "be.ppareit.swiftp_free.gui.ServerPreferenceActivity"]}, {"bdc01c9e932b0602492f794447a96c24": ["4", "be.ppareit.swiftp_free.gui.ServerPreferenceActivity"]}, {"bdc01c9e932b0602492f794447a96c24": ["4", "be.ppareit.swiftp_free.gui.ServerPreferenceActivity"]}, {"bdc01c9e932b0602492f794447a96c24": ["4", "be.ppareit.swiftp_free.gui.ServerPreferenceActivity"]}, {"bdc01c9e932b0602492f794447a96c24": ["4", "be.ppareit.swiftp_free.gui.ServerPreferenceActivity"]}, {"bdc01c9e932b0602492f794447a96c24": ["4", "be.ppareit.swiftp_free.gui.ServerPreferenceActivity"]}, {"bdc01c9e932b0602492f794447a96c24": ["4", "be.ppareit.swiftp_free.gui.ServerPreferenceActivity"]}, {"bdc01c9e932b0602492f794447a96c24": ["4", "be.ppareit.swiftp_free.gui.ServerPreferenceActivity"]}, {"bdc01c9e932b0602492f794447a96c24": ["4", "be.ppareit.swiftp_free.gui.ServerPreferenceActivity"]}, {"bdc01c9e932b0602492f794447a96c24": ["4", "be.ppareit.swiftp_free.gui.ServerPreferenceActivity"]}, {"bdc01c9e932b0602492f794447a96c24": ["4", "be.ppareit.swiftp_free.gui.ServerPreferenceActivity"]}, {"6b21cfe78d9bee3949d5dfdeb4ca24ce": ["2", "be.ppareit.swiftp_free.gui.ServerPreferenceActivity"]}, {"bdc01c9e932b0602492f794447a96c24": ["4", "be.ppareit.swiftp_free.gui.ServerPreferenceActivity"]}, {"6b21cfe78d9bee3949d5dfdeb4ca24ce": ["2", "be.ppareit.swiftp_free.gui.ServerPreferenceActivity"]}, {"bdc01c9e932b0602492f794447a96c24": ["4", "be.ppareit.swiftp_free.gui.ServerPreferenceActivity"]}, {"bdc01c9e932b0602492f794447a96c24": ["4", "be.ppareit.swiftp_free.gui.ServerPreferenceActivity"]}, {"bdc01c9e932b0602492f794447a96c24": ["4", "be.ppareit.swiftp_free.gui.ServerPreferenceActivity"]}, {"bdc01c9e932b0602492f794447a96c24": ["4", "be.ppareit.swiftp_free.gui.ServerPreferenceActivity"]}, {"bdc01c9e932b0602492f794447a96c24": ["4", "be.ppareit.swiftp_free.gui.ServerPreferenceActivity"]}, {"bdc01c9e932b0602492f794447a96c24": ["4", "be.ppareit.swiftp_free.gui.ServerPreferenceActivity"]}, {"6b21cfe78d9bee3949d5dfdeb4ca24ce": ["2", "be.ppareit.swiftp_free.gui.ServerPreferenceActivity"]}, {"bdc01c9e932b0602492f794447a96c24": ["4", "be.ppareit.swiftp_free.gui.ServerPreferenceActivity"]}, {"bdc01c9e932b0602492f794447a96c24": ["4", "be.ppareit.swiftp_free.gui.ServerPreferenceActivity"]}, {"bdc01c9e932b0602492f794447a96c24": ["4", "be.ppareit.swiftp_free.gui.ServerPreferenceActivity"]}, {"e0e273f505a8689321672519ce8de1ad": ["0", "be.ppareit.swiftp_free.gui.ServerPreferenceActivity"]}, {"e0e273f505a8689321672519ce8de1ad": ["0", "be.ppareit.swiftp_free.gui.ServerPreferenceActivity"]}, {"e0e273f505a8689321672519ce8de1ad": ["0", "be.ppareit.swiftp_free.gui.ServerPreferenceActivity"]}, {"e0e273f505a8689321672519ce8de1ad": ["0", "be.ppareit.swiftp_free.gui.ServerPreferenceActivity"]}, {"e0e273f505a8689321672519ce8de1ad": ["0", "be.ppareit.swiftp_free.gui.ServerPreferenceActivity"]}, {"e0e273f505a8689321672519ce8de1ad": ["0", "be.ppareit.swiftp_free.gui.ServerPreferenceActivity"]}, {"e0e273f505a8689321672519ce8de1ad": ["0", "be.ppareit.swiftp_free.gui.ServerPreferenceActivity"]}, {"e0e273f505a8689321672519ce8de1ad": ["0", "be.ppareit.swiftp_free.gui.ServerPreferenceActivity"]}, {"b034b05b627c9318ed9f969bcff6e4f1": ["1", "be.ppareit.swiftp_free.gui.ServerPreferenceActivity"]}, {"e0e273f505a8689321672519ce8de1ad": ["0", "be.ppareit.swiftp_free.gui.ServerPreferenceActivity"]}, {"bdc01c9e932b0602492f794447a96c24": ["4", "be.ppareit.swiftp_free.gui.ServerPreferenceActivity"]}, {"bdc01c9e932b0602492f794447a96c24": ["4", "be.ppareit.swiftp_free.gui.ServerPreferenceActivity"]}, {"bdc01c9e932b0602492f794447a96c24": ["4", "be.ppareit.swiftp_free.gui.ServerPreferenceActivity"]}, {"bdc01c9e932b0602492f794447a96c24": ["4", "be.ppareit.swiftp_free.gui.ServerPreferenceActivity"]}, {"bdc01c9e932b0602492f794447a96c24": ["4", "be.ppareit.swiftp_free.gui.ServerPreferenceActivity"]}, {"6b21cfe78d9bee3949d5dfdeb4ca24ce": ["2", "be.ppareit.swiftp_free.gui.ServerPreferenceActivity"]}, {"bdc01c9e932b0602492f794447a96c24": ["4", "be.ppareit.swiftp_free.gui.ServerPreferenceActivity"]}, {"bdc01c9e932b0602492f794447a96c24": ["4", "be.ppareit.swiftp_free.gui.ServerPreferenceActivity"]}, {"bdc01c9e932b0602492f794447a96c24": ["4", "be.ppareit.swiftp_free.gui.ServerPreferenceActivity"]}, {"bdc01c9e932b0602492f794447a96c24": ["4", "be.ppareit.swiftp_free.gui.ServerPreferenceActivity"]}, {"bdc01c9e932b0602492f794447a96c24": ["4", "be.ppareit.swiftp_free.gui.ServerPreferenceActivity"]}, {"bdc01c9e932b0602492f794447a96c24": ["4", "be.ppareit.swiftp_free.gui.ServerPreferenceActivity"]}, {"bdc01c9e932b0602492f794447a96c24": ["4", "be.ppareit.swiftp_free.gui.ServerPreferenceActivity"]}, {"bdc01c9e932b0602492f794447a96c24": ["4", "be.ppareit.swiftp_free.gui.ServerPreferenceActivity"]}, {"bdc01c9e932b0602492f794447a96c24": ["4", "be.ppareit.swiftp_free.gui.ServerPreferenceActivity"]}, {"bdc01c9e932b0602492f794447a96c24": ["4", "be.ppareit.swiftp_free.gui.ServerPreferenceActivity"]}, {"bdc01c9e932b0602492f794447a96c24": ["4", "be.ppareit.swiftp_free.gui.ServerPreferenceActivity"]}, {"bdc01c9e932b0602492f794447a96c24": ["4", "be.ppareit.swiftp_free.gui.ServerPreferenceActivity"]}, {"6b21cfe78d9bee3949d5dfdeb4ca24ce": ["2", "be.ppareit.swiftp_free.gui.ServerPreferenceActivity"]}, {"bdc01c9e932b0602492f794447a96c24": ["4", "be.ppareit.swiftp_free.gui.ServerPreferenceActivity"]}, {"bdc01c9e932b0602492f794447a96c24": ["4", "be.ppareit.swiftp_free.gui.ServerPreferenceActivity"]}, {"bdc01c9e932b0602492f794447a96c24": ["4", "be.ppareit.swiftp_free.gui.ServerPreferenceActivity"]}, {"e0e273f505a8689321672519ce8de1ad": ["0", "be.ppareit.swiftp_free.gui.ServerPreferenceActivity"]}, {"b034b05b627c9318ed9f969bcff6e4f1": ["1", "be.ppareit.swiftp_free.gui.ServerPreferenceActivity"]}, {"e0e273f505a8689321672519ce8de1ad": ["0", "be.ppareit.swiftp_free.gui.ServerPreferenceActivity"]}, {"e0e273f505a8689321672519ce8de1ad": ["0", "be.ppareit.swiftp_free.gui.ServerPreferenceActivity"]}, {"bdc01c9e932b0602492f794447a96c24": ["4", "be.ppareit.swiftp_free.gui.ServerPreferenceActivity"]}, {"bdc01c9e932b0602492f794447a96c24": ["4", "be.ppareit.swiftp_free.gui.ServerPreferenceActivity"]}, {"bdc01c9e932b0602492f794447a96c24": ["4", "be.ppareit.swiftp_free.gui.ServerPreferenceActivity"]}, {"bdc01c9e932b0602492f794447a96c24": ["4", "be.ppareit.swiftp_free.gui.ServerPreferenceActivity"]}, {"bdc01c9e932b0602492f794447a96c24": ["4", "be.ppareit.swiftp_free.gui.ServerPreferenceActivity"]}, {"bdc01c9e932b0602492f794447a96c24": ["4", "be.ppareit.swiftp_free.gui.ServerPreferenceActivity"]}, {"bdc01c9e932b0602492f794447a96c24": ["4", "be.ppareit.swiftp_free.gui.ServerPreferenceActivity"]}, {"bdc01c9e932b0602492f794447a96c24": ["4", "be.ppareit.swiftp_free.gui.ServerPreferenceActivity"]}, {"bdc01c9e932b0602492f794447a96c24": ["4", "be.ppareit.swiftp_free.gui.ServerPreferenceActivity"]}, {"bdc01c9e932b0602492f794447a96c24": ["4", "be.ppareit.swiftp_free.gui.ServerPreferenceActivity"]}, {"bdc01c9e932b0602492f794447a96c24": ["4", "be.ppareit.swiftp_free.gui.ServerPreferenceActivity"]}, {"6b21cfe78d9bee3949d5dfdeb4ca24ce": ["2", "be.ppareit.swiftp_free.gui.ServerPreferenceActivity"]}, {"bdc01c9e932b0602492f794447a96c24": ["4", "be.ppareit.swiftp_free.gui.ServerPreferenceActivity"]}, {"bdc01c9e932b0602492f794447a96c24": ["4", "be.ppareit.swiftp_free.gui.ServerPreferenceActivity"]}, {"bdc01c9e932b0602492f794447a96c24": ["4", "be.ppareit.swiftp_free.gui.ServerPreferenceActivity"]}, {"bdc01c9e932b0602492f794447a96c24": ["4", "be.ppareit.swiftp_free.gui.ServerPreferenceActivity"]}, {"bdc01c9e932b0602492f794447a96c24": ["4", "be.ppareit.swiftp_free.gui.ServerPreferenceActivity"]}, {"bdc01c9e932b0602492f794447a96c24": ["4", "be.ppareit.swiftp_free.gui.ServerPreferenceActivity"]}, {"bdc01c9e932b0602492f794447a96c24": ["4", "be.ppareit.swiftp_free.gui.ServerPreferenceActivity"]}, {"bdc01c9e932b0602492f794447a96c24": ["4", "be.ppareit.swiftp_free.gui.ServerPreferenceActivity"]}, {"bdc01c9e932b0602492f794447a96c24": ["4", "be.ppareit.swiftp_free.gui.ServerPreferenceActivity"]}, {"bdc01c9e932b0602492f794447a96c24": ["4", "be.ppareit.swiftp_free.gui.ServerPreferenceActivity"]}, {"bdc01c9e932b0602492f794447a96c24": ["4", "be.ppareit.swiftp_free.gui.ServerPreferenceActivity"]}, {"bdc01c9e932b0602492f794447a96c24": ["4", "be.ppareit.swiftp_free.gui.ServerPreferenceActivity"]}, {"bdc01c9e932b0602492f794447a96c24": ["4", "be.ppareit.swiftp_free.gui.ServerPreferenceActivity"]}, {"bdc01c9e932b0602492f794447a96c24": ["4", "be.ppareit.swiftp_free.gui.ServerPreferenceActivity"]}, {"bdc01c9e932b0602492f794447a96c24": ["4", "be.ppareit.swiftp_free.gui.ServerPreferenceActivity"]}, {"bdc01c9e932b0602492f794447a96c24": ["4", "be.ppareit.swiftp_free.gui.ServerPreferenceActivity"]}, {"bdc01c9e932b0602492f794447a96c24": ["4", "be.ppareit.swiftp_free.gui.ServerPreferenceActivity"]}, {"bdc01c9e932b0602492f794447a96c24": ["4", "be.ppareit.swiftp_free.gui.ServerPreferenceActivity"]}, {"bdc01c9e932b0602492f794447a96c24": ["4", "be.ppareit.swiftp_free.gui.ServerPreferenceActivity"]}, {"bdc01c9e932b0602492f794447a96c24": ["4", "be.ppareit.swiftp_free.gui.ServerPreferenceActivity"]}, {"bdc01c9e932b0602492f794447a96c24": ["4", "be.ppareit.swiftp_free.gui.ServerPreferenceActivity"]}, {"bdc01c9e932b0602492f794447a96c24": ["4", "be.ppareit.swiftp_free.gui.ServerPreferenceActivity"]}, {"e0e273f505a8689321672519ce8de1ad": ["0", "be.ppareit.swiftp_free.gui.ServerPreferenceActivity"]}, {"b034b05b627c9318ed9f969bcff6e4f1": ["1", "be.ppareit.swiftp_free.gui.ServerPreferenceActivity"]}, {"e0e273f505a8689321672519ce8de1ad": ["0", "be.ppareit.swiftp_free.gui.ServerPreferenceActivity"]}, {"b034b05b627c9318ed9f969bcff6e4f1": ["1", "be.ppareit.swiftp_free.gui.ServerPreferenceActivity"]}, {"e0e273f505a8689321672519ce8de1ad": ["0", "be.ppareit.swiftp_free.gui.ServerPreferenceActivity"]}, {"e0e273f505a8689321672519ce8de1ad": ["0", "be.ppareit.swiftp_free.gui.ServerPreferenceActivity"]}, {"e0e273f505a8689321672519ce8de1ad": ["0", "be.ppareit.swiftp_free.gui.ServerPreferenceActivity"]}, {"b034b05b627c9318ed9f969bcff6e4f1": ["1", "be.ppareit.swiftp_free.gui.ServerPreferenceActivity"]}, {"e0e273f505a8689321672519ce8de1ad": ["0", "be.ppareit.swiftp_free.gui.ServerPreferenceActivity"]}, {"e0e273f505a8689321672519ce8de1ad": ["0", "be.ppareit.swiftp_free.gui.ServerPreferenceActivity"]}, {"e0e273f505a8689321672519ce8de1ad": ["0", "be.ppareit.swiftp_free.gui.ServerPreferenceActivity"]}, {"e0e273f505a8689321672519ce8de1ad": ["0", "be.ppareit.swiftp_free.gui.ServerPreferenceActivity"]}, {"e0e273f505a8689321672519ce8de1ad": ["0", "be.ppareit.swiftp_free.gui.ServerPreferenceActivity"]}, {"6b21cfe78d9bee3949d5dfdeb4ca24ce": ["2", "be.ppareit.swiftp_free.gui.ServerPreferenceActivity"]}, {"e0e273f505a8689321672519ce8de1ad": ["0", "be.ppareit.swiftp_free.gui.ServerPreferenceActivity"]}, {"e0e273f505a8689321672519ce8de1ad": ["0", "be.ppareit.swiftp_free.gui.ServerPreferenceActivity"]}, {"e0e273f505a8689321672519ce8de1ad": ["0", "be.ppareit.swiftp_free.gui.ServerPreferenceActivity"]}, {"e0e273f505a8689321672519ce8de1ad": ["0", "be.ppareit.swiftp_free.gui.ServerPreferenceActivity"]}, {"bdc01c9e932b0602492f794447a96c24": ["4", "be.ppareit.swiftp_free.gui.ServerPreferenceActivity"]}, {"bdc01c9e932b0602492f794447a96c24": ["4", "be.ppareit.swiftp_free.gui.ServerPreferenceActivity"]}, {"bdc01c9e932b0602492f794447a96c24": ["4", "be.ppareit.swiftp_free.gui.ServerPreferenceActivity"]}, {"bdc01c9e932b0602492f794447a96c24": ["4", "be.ppareit.swiftp_free.gui.ServerPreferenceActivity"]}, {"6b21cfe78d9bee3949d5dfdeb4ca24ce": ["2", "be.ppareit.swiftp_free.gui.ServerPreferenceActivity"]}, {"bdc01c9e932b0602492f794447a96c24": ["4", "be.ppareit.swiftp_free.gui.ServerPreferenceActivity"]}, {"bdc01c9e932b0602492f794447a96c24": ["4", "be.ppareit.swiftp_free.gui.ServerPreferenceActivity"]}, {"bdc01c9e932b0602492f794447a96c24": ["4", "be.ppareit.swiftp_free.gui.ServerPreferenceActivity"]}, {"bdc01c9e932b0602492f794447a96c24": ["4", "be.ppareit.swiftp_free.gui.ServerPreferenceActivity"]}, {"bdc01c9e932b0602492f794447a96c24": ["4", "be.ppareit.swiftp_free.gui.ServerPreferenceActivity"]}, {"bdc01c9e932b0602492f794447a96c24": ["4", "be.ppareit.swiftp_free.gui.ServerPreferenceActivity"]}, {"bdc01c9e932b0602492f794447a96c24": ["4", "be.ppareit.swiftp_free.gui.ServerPreferenceActivity"]}, {"bdc01c9e932b0602492f794447a96c24": ["4", "be.ppareit.swiftp_free.gui.ServerPreferenceActivity"]}, {"bdc01c9e932b0602492f794447a96c24": ["4", "be.ppareit.swiftp_free.gui.ServerPreferenceActivity"]}, {"bdc01c9e932b0602492f794447a96c24": ["4", "be.ppareit.swiftp_free.gui.ServerPreferenceActivity"]}, {"bdc01c9e932b0602492f794447a96c24": ["4", "be.ppareit.swiftp_free.gui.ServerPreferenceActivity"]}, {"bdc01c9e932b0602492f794447a96c24": ["4", "be.ppareit.swiftp_free.gui.ServerPreferenceActivity"]}, {"bdc01c9e932b0602492f794447a96c24": ["4", "be.ppareit.swiftp_free.gui.ServerPreferenceActivity"]}, {"bdc01c9e932b0602492f794447a96c24": ["4", "be.ppareit.swiftp_free.gui.ServerPreferenceActivity"]}, {"6b21cfe78d9bee3949d5dfdeb4ca24ce": ["2", "be.ppareit.swiftp_free.gui.ServerPreferenceActivity"]}, {"bdc01c9e932b0602492f794447a96c24": ["4", "be.ppareit.swiftp_free.gui.ServerPreferenceActivity"]}, {"bdc01c9e932b0602492f794447a96c24": ["4", "be.ppareit.swiftp_free.gui.ServerPreferenceActivity"]}, {"bdc01c9e932b0602492f794447a96c24": ["4", "be.ppareit.swiftp_free.gui.ServerPreferenceActivity"]}, {"bdc01c9e932b0602492f794447a96c24": ["4", "be.ppareit.swiftp_free.gui.ServerPreferenceActivity"]}, {"bdc01c9e932b0602492f794447a96c24": ["4", "be.ppareit.swiftp_free.gui.ServerPreferenceActivity"]}, {"bdc01c9e932b0602492f794447a96c24": ["4", "be.ppareit.swiftp_free.gui.ServerPreferenceActivity"]}, {"bdc01c9e932b0602492f794447a96c24": ["4", "be.ppareit.swiftp_free.gui.ServerPreferenceActivity"]}, {"e0e273f505a8689321672519ce8de1ad": ["0", "be.ppareit.swiftp_free.gui.ServerPreferenceActivity"]}, {"e0e273f505a8689321672519ce8de1ad": ["0", "be.ppareit.swiftp_free.gui.ServerPreferenceActivity"]}, {"b034b05b627c9318ed9f969bcff6e4f1": ["1", "be.ppareit.swiftp_free.gui.ServerPreferenceActivity"]}, {"e0e273f505a8689321672519ce8de1ad": ["0", "be.ppareit.swiftp_free.gui.ServerPreferenceActivity"]}, {"b034b05b627c9318ed9f969bcff6e4f1": ["1", "be.ppareit.swiftp_free.gui.ServerPreferenceActivity"]}, {"e0e273f505a8689321672519ce8de1ad": ["0", "be.ppareit.swiftp_free.gui.ServerPreferenceActivity"]}, {"b034b05b627c9318ed9f969bcff6e4f1": ["1", "be.ppareit.swiftp_free.gui.ServerPreferenceActivity"]}, {"e0e273f505a8689321672519ce8de1ad": ["0", "be.ppareit.swiftp_free.gui.ServerPreferenceActivity"]}, {"e0e273f505a8689321672519ce8de1ad": ["0", "be.ppareit.swiftp_free.gui.ServerPreferenceActivity"]}, {"e0e273f505a8689321672519ce8de1ad": ["0", "be.ppareit.swiftp_free.gui.ServerPreferenceActivity"]}, {"e0e273f505a8689321672519ce8de1ad": ["0", "be.ppareit.swiftp_free.gui.ServerPreferenceActivity"]}, {"e0e273f505a8689321672519ce8de1ad": ["0", "be.ppareit.swiftp_free.gui.ServerPreferenceActivity"]}, {"e0e273f505a8689321672519ce8de1ad": ["0", "be.ppareit.swiftp_free.gui.ServerPreferenceActivity"]}, {"e0e273f505a8689321672519ce8de1ad": ["0", "be.ppareit.swiftp_free.gui.ServerPreferenceActivity"]}, {"e0e273f505a8689321672519ce8de1ad": ["0", "be.ppareit.swiftp_free.gui.ServerPreferenceActivity"]}, {"b034b05b627c9318ed9f969bcff6e4f1": ["1", "be.ppareit.swiftp_free.gui.ServerPreferenceActivity"]}, {"e0e273f505a8689321672519ce8de1ad": ["0", "be.ppareit.swiftp_free.gui.ServerPreferenceActivity"]}, {"b034b05b627c9318ed9f969bcff6e4f1": ["1", "be.ppareit.swiftp_free.gui.ServerPreferenceActivity"]}, {"e0e273f505a8689321672519ce8de1ad": ["0", "be.ppareit.swiftp_free.gui.ServerPreferenceActivity"]}, {"e0e273f505a8689321672519ce8de1ad": ["0", "be.ppareit.swiftp_free.gui.ServerPreferenceActivity"]}, {"e0e273f505a8689321672519ce8de1ad": ["0", "be.ppareit.swiftp_free.gui.ServerPreferenceActivity"]}, {"bdc01c9e932b0602492f794447a96c24": ["4", "be.ppareit.swiftp_free.gui.ServerPreferenceActivity"]}, {"bdc01c9e932b0602492f794447a96c24": ["4", "be.ppareit.swiftp_free.gui.ServerPreferenceActivity"]}, {"bdc01c9e932b0602492f794447a96c24": ["4", "be.ppareit.swiftp_free.gui.ServerPreferenceActivity"]}, {"bdc01c9e932b0602492f794447a96c24": ["4", "be.ppareit.swiftp_free.gui.ServerPreferenceActivity"]}, {"bdc01c9e932b0602492f794447a96c24": ["4", "be.ppareit.swiftp_free.gui.ServerPreferenceActivity"]}, {"e0e273f505a8689321672519ce8de1ad": ["0", "be.ppareit.swiftp_free.gui.ServerPreferenceActivity"]}, {"bdc01c9e932b0602492f794447a96c24": ["4", "be.ppareit.swiftp_free.gui.ServerPreferenceActivity"]}, {"bdc01c9e932b0602492f794447a96c24": ["4", "be.ppareit.swiftp_free.gui.ServerPreferenceActivity"]}, {"6b21cfe78d9bee3949d5dfdeb4ca24ce": ["2", "be.ppareit.swiftp_free.gui.ServerPreferenceActivity"]}, {"bdc01c9e932b0602492f794447a96c24": ["4", "be.ppareit.swiftp_free.gui.ServerPreferenceActivity"]}, {"bdc01c9e932b0602492f794447a96c24": ["4", "be.ppareit.swiftp_free.gui.ServerPreferenceActivity"]}, {"bdc01c9e932b0602492f794447a96c24": ["4", "be.ppareit.swiftp_free.gui.ServerPreferenceActivity"]}, {"6b21cfe78d9bee3949d5dfdeb4ca24ce": ["2", "be.ppareit.swiftp_free.gui.ServerPreferenceActivity"]}, {"bdc01c9e932b0602492f794447a96c24": ["4", "be.ppareit.swiftp_free.gui.ServerPreferenceActivity"]}, {"bdc01c9e932b0602492f794447a96c24": ["4", "be.ppareit.swiftp_free.gui.ServerPreferenceActivity"]}, {"bdc01c9e932b0602492f794447a96c24": ["4", "be.ppareit.swiftp_free.gui.ServerPreferenceActivity"]}, {"bdc01c9e932b0602492f794447a96c24": ["4", "be.ppareit.swiftp_free.gui.ServerPreferenceActivity"]}, {"6b21cfe78d9bee3949d5dfdeb4ca24ce": ["2", "be.ppareit.swiftp_free.gui.ServerPreferenceActivity"]}, {"bdc01c9e932b0602492f794447a96c24": ["4", "be.ppareit.swiftp_free.gui.ServerPreferenceActivity"]}, {"bdc01c9e932b0602492f794447a96c24": ["4", "be.ppareit.swiftp_free.gui.ServerPreferenceActivity"]}, {"bdc01c9e932b0602492f794447a96c24": ["4", "be.ppareit.swiftp_free.gui.ServerPreferenceActivity"]}, {"bdc01c9e932b0602492f794447a96c24": ["4", "be.ppareit.swiftp_free.gui.ServerPreferenceActivity"]}, {"bdc01c9e932b0602492f794447a96c24": ["4", "be.ppareit.swiftp_free.gui.ServerPreferenceActivity"]}, {"bdc01c9e932b0602492f794447a96c24": ["4", "be.ppareit.swiftp_free.gui.ServerPreferenceActivity"]}, {"bdc01c9e932b0602492f794447a96c24": ["4", "be.ppareit.swiftp_free.gui.ServerPreferenceActivity"]}, {"bdc01c9e932b0602492f794447a96c24": ["4", "be.ppareit.swiftp_free.gui.ServerPreferenceActivity"]}, {"bdc01c9e932b0602492f794447a96c24": ["4", "be.ppareit.swiftp_free.gui.ServerPreferenceActivity"]}, {"bdc01c9e932b0602492f794447a96c24": ["4", "be.ppareit.swiftp_free.gui.ServerPreferenceActivity"]}, {"bdc01c9e932b0602492f794447a96c24": ["4", "be.ppareit.swiftp_free.gui.ServerPreferenceActivity"]}, {"bdc01c9e932b0602492f794447a96c24": ["4", "be.ppareit.swiftp_free.gui.ServerPreferenceActivity"]}, {"bdc01c9e932b0602492f794447a96c24": ["4", "be.ppareit.swiftp_free.gui.ServerPreferenceActivity"]}, {"bdc01c9e932b0602492f794447a96c24": ["4", "be.ppareit.swiftp_free.gui.ServerPreferenceActivity"]}, {"bdc01c9e932b0602492f794447a96c24": ["4", "be.ppareit.swiftp_free.gui.ServerPreferenceActivity"]}, {"bdc01c9e932b0602492f794447a96c24": ["4", "be.ppareit.swiftp_free.gui.ServerPreferenceActivity"]}, {"bdc01c9e932b0602492f794447a96c24": ["4", "be.ppareit.swiftp_free.gui.ServerPreferenceActivity"]}, {"bdc01c9e932b0602492f794447a96c24": ["4", "be.ppareit.swiftp_free.gui.ServerPreferenceActivity"]}, {"bdc01c9e932b0602492f794447a96c24": ["4", "be.ppareit.swiftp_free.gui.ServerPreferenceActivity"]}, {"bdc01c9e932b0602492f794447a96c24": ["4", "be.ppareit.swiftp_free.gui.ServerPreferenceActivity"]}, {"bdc01c9e932b0602492f794447a96c24": ["4", "be.ppareit.swiftp_free.gui.ServerPreferenceActivity"]}, {"bdc01c9e932b0602492f794447a96c24": ["4", "be.ppareit.swiftp_free.gui.ServerPreferenceActivity"]}, {"bdc01c9e932b0602492f794447a96c24": ["4", "be.ppareit.swiftp_free.gui.ServerPreferenceActivity"]}, {"6b21cfe78d9bee3949d5dfdeb4ca24ce": ["2", "be.ppareit.swiftp_free.gui.ServerPreferenceActivity"]}, {"bdc01c9e932b0602492f794447a96c24": ["4", "be.ppareit.swiftp_free.gui.ServerPreferenceActivity"]}, {"bdc01c9e932b0602492f794447a96c24": ["4", "be.ppareit.swiftp_free.gui.ServerPreferenceActivity"]}, {"e0e273f505a8689321672519ce8de1ad": ["0", "be.ppareit.swiftp_free.gui.ServerPreferenceActivity"]}, {"e0e273f505a8689321672519ce8de1ad": ["0", "be.ppareit.swiftp_free.gui.ServerPreferenceActivity"]}, {"e0e273f505a8689321672519ce8de1ad": ["0", "be.ppareit.swiftp_free.gui.ServerPreferenceActivity"]}, {"e0e273f505a8689321672519ce8de1ad": ["0", "be.ppareit.swiftp_free.gui.ServerPreferenceActivity"]}, {"e0e273f505a8689321672519ce8de1ad": ["0", "be.ppareit.swiftp_free.gui.ServerPreferenceActivity"]}, {"e0e273f505a8689321672519ce8de1ad": ["0", "be.ppareit.swiftp_free.gui.ServerPreferenceActivity"]}, {"e0e273f505a8689321672519ce8de1ad": ["0", "be.ppareit.swiftp_free.gui.ServerPreferenceActivity"]}, {"b034b05b627c9318ed9f969bcff6e4f1": ["1", "be.ppareit.swiftp_free.gui.ServerPreferenceActivity"]}, {"e0e273f505a8689321672519ce8de1ad": ["0", "be.ppareit.swiftp_free.gui.ServerPreferenceActivity"]}, {"e0e273f505a8689321672519ce8de1ad": ["0", "be.ppareit.swiftp_free.gui.ServerPreferenceActivity"]}, {"e0e273f505a8689321672519ce8de1ad": ["0", "be.ppareit.swiftp_free.gui.ServerPreferenceActivity"]}, {"b034b05b627c9318ed9f969bcff6e4f1": ["1", "be.ppareit.swiftp_free.gui.ServerPreferenceActivity"]}, {"e0e273f505a8689321672519ce8de1ad": ["0", "be.ppareit.swiftp_free.gui.ServerPreferenceActivity"]}, {"e0e273f505a8689321672519ce8de1ad": ["0", "be.ppareit.swiftp_free.gui.ServerPreferenceActivity"]}, {"e0e273f505a8689321672519ce8de1ad": ["0", "be.ppareit.swiftp_free.gui.ServerPreferenceActivity"]}, {"bdc01c9e932b0602492f794447a96c24": ["4", "be.ppareit.swiftp_free.gui.ServerPreferenceActivity"]}, {"bdc01c9e932b0602492f794447a96c24": ["4", "be.ppareit.swiftp_free.gui.ServerPreferenceActivity"]}, {"bdc01c9e932b0602492f794447a96c24": ["4", "be.ppareit.swiftp_free.gui.ServerPreferenceActivity"]}, {"bdc01c9e932b0602492f794447a96c24": ["4", "be.ppareit.swiftp_free.gui.ServerPreferenceActivity"]}, {"bdc01c9e932b0602492f794447a96c24": ["4", "be.ppareit.swiftp_free.gui.ServerPreferenceActivity"]}, {"bdc01c9e932b0602492f794447a96c24": ["4", "be.ppareit.swiftp_free.gui.ServerPreferenceActivity"]}, {"bdc01c9e932b0602492f794447a96c24": ["4", "be.ppareit.swiftp_free.gui.ServerPreferenceActivity"]}, {"bdc01c9e932b0602492f794447a96c24": ["4", "be.ppareit.swiftp_free.gui.ServerPreferenceActivity"]}, {"bdc01c9e932b0602492f794447a96c24": ["4", "be.ppareit.swiftp_free.gui.ServerPreferenceActivity"]}, {"bdc01c9e932b0602492f794447a96c24": ["4", "be.ppareit.swiftp_free.gui.ServerPreferenceActivity"]}, {"bdc01c9e932b0602492f794447a96c24": ["4", "be.ppareit.swiftp_free.gui.ServerPreferenceActivity"]}, {"bdc01c9e932b0602492f794447a96c24": ["4", "be.ppareit.swiftp_free.gui.ServerPreferenceActivity"]}, {"bdc01c9e932b0602492f794447a96c24": ["4", "be.ppareit.swiftp_free.gui.ServerPreferenceActivity"]}, {"bdc01c9e932b0602492f794447a96c24": ["4", "be.ppareit.swiftp_free.gui.ServerPreferenceActivity"]}, {"bdc01c9e932b0602492f794447a96c24": ["4", "be.ppareit.swiftp_free.gui.ServerPreferenceActivity"]}, {"bdc01c9e932b0602492f794447a96c24": ["4", "be.ppareit.swiftp_free.gui.ServerPreferenceActivity"]}, {"bdc01c9e932b0602492f794447a96c24": ["4", "be.ppareit.swiftp_free.gui.ServerPreferenceActivity"]}, {"bdc01c9e932b0602492f794447a96c24": ["4", "be.ppareit.swiftp_free.gui.ServerPreferenceActivity"]}, {"bdc01c9e932b0602492f794447a96c24": ["4", "be.ppareit.swiftp_free.gui.ServerPreferenceActivity"]}, {"bdc01c9e932b0602492f794447a96c24": ["4", "be.ppareit.swiftp_free.gui.ServerPreferenceActivity"]}, {"bdc01c9e932b0602492f794447a96c24": ["4", "be.ppareit.swiftp_free.gui.ServerPreferenceActivity"]}, {"bdc01c9e932b0602492f794447a96c24": ["4", "be.ppareit.swiftp_free.gui.ServerPreferenceActivity"]}, {"bdc01c9e932b0602492f794447a96c24": ["4", "be.ppareit.swiftp_free.gui.ServerPreferenceActivity"]}, {"bdc01c9e932b0602492f794447a96c24": ["4", "be.ppareit.swiftp_free.gui.ServerPreferenceActivity"]}, {"bdc01c9e932b0602492f794447a96c24": ["4", "be.ppareit.swiftp_free.gui.ServerPreferenceActivity"]}, {"bdc01c9e932b0602492f794447a96c24": ["4", "be.ppareit.swiftp_free.gui.ServerPreferenceActivity"]}, {"6b21cfe78d9bee3949d5dfdeb4ca24ce": ["2", "be.ppareit.swiftp_free.gui.ServerPreferenceActivity"]}, {"e0e273f505a8689321672519ce8de1ad": ["0", "be.ppareit.swiftp_free.gui.ServerPreferenceActivity"]}, {"bdc01c9e932b0602492f794447a96c24": ["4", "be.ppareit.swiftp_free.gui.ServerPreferenceActivity"]}, {"bdc01c9e932b0602492f794447a96c24": ["4", "be.ppareit.swiftp_free.gui.ServerPreferenceActivity"]}, {"bdc01c9e932b0602492f794447a96c24": ["4", "be.ppareit.swiftp_free.gui.ServerPreferenceActivity"]}, {"bdc01c9e932b0602492f794447a96c24": ["4", "be.ppareit.swiftp_free.gui.ServerPreferenceActivity"]}, {"bdc01c9e932b0602492f794447a96c24": ["4", "be.ppareit.swiftp_free.gui.ServerPreferenceActivity"]}, {"bdc01c9e932b0602492f794447a96c24": ["4", "be.ppareit.swiftp_free.gui.ServerPreferenceActivity"]}, {"e0e273f505a8689321672519ce8de1ad": ["0", "be.ppareit.swiftp_free.gui.ServerPreferenceActivity"]}, {"e0e273f505a8689321672519ce8de1ad": ["0", "be.ppareit.swiftp_free.gui.ServerPreferenceActivity"]}, {"e0e273f505a8689321672519ce8de1ad": ["0", "be.ppareit.swiftp_free.gui.ServerPreferenceActivity"]}, {"e0e273f505a8689321672519ce8de1ad": ["0", "be.ppareit.swiftp_free.gui.ServerPreferenceActivity"]}, {"b034b05b627c9318ed9f969bcff6e4f1": ["1", "be.ppareit.swiftp_free.gui.ServerPreferenceActivity"]}, {"e0e273f505a8689321672519ce8de1ad": ["0", "be.ppareit.swiftp_free.gui.ServerPreferenceActivity"]}, {"e0e273f505a8689321672519ce8de1ad": ["0", "be.ppareit.swiftp_free.gui.ServerPreferenceActivity"]}, {"bdc01c9e932b0602492f794447a96c24": ["4", "be.ppareit.swiftp_free.gui.ServerPreferenceActivity"]}, {"bdc01c9e932b0602492f794447a96c24": ["4", "be.ppareit.swiftp_free.gui.ServerPreferenceActivity"]}, {"bdc01c9e932b0602492f794447a96c24": ["4", "be.ppareit.swiftp_free.gui.ServerPreferenceActivity"]}, {"bdc01c9e932b0602492f794447a96c24": ["4", "be.ppareit.swiftp_free.gui.ServerPreferenceActivity"]}, {"bdc01c9e932b0602492f794447a96c24": ["4", "be.ppareit.swiftp_free.gui.ServerPreferenceActivity"]}, {"bdc01c9e932b0602492f794447a96c24": ["4", "be.ppareit.swiftp_free.gui.ServerPreferenceActivity"]}, {"bdc01c9e932b0602492f794447a96c24": ["4", "be.ppareit.swiftp_free.gui.ServerPreferenceActivity"]}, {"bdc01c9e932b0602492f794447a96c24": ["4", "be.ppareit.swiftp_free.gui.ServerPreferenceActivity"]}, {"bdc01c9e932b0602492f794447a96c24": ["4", "be.ppareit.swiftp_free.gui.ServerPreferenceActivity"]}, {"bdc01c9e932b0602492f794447a96c24": ["4", "be.ppareit.swiftp_free.gui.ServerPreferenceActivity"]}, {"bdc01c9e932b0602492f794447a96c24": ["4", "be.ppareit.swiftp_free.gui.ServerPreferenceActivity"]}, {"bdc01c9e932b0602492f794447a96c24": ["4", "be.ppareit.swiftp_free.gui.ServerPreferenceActivity"]}, {"e0e273f505a8689321672519ce8de1ad": ["0", "be.ppareit.swiftp_free.gui.ServerPreferenceActivity"]}, {"b034b05b627c9318ed9f969bcff6e4f1": ["1", "be.ppareit.swiftp_free.gui.ServerPreferenceActivity"]}, {"e0e273f505a8689321672519ce8de1ad": ["0", "be.ppareit.swiftp_free.gui.ServerPreferenceActivity"]}, {"e0e273f505a8689321672519ce8de1ad": ["0", "be.ppareit.swiftp_free.gui.ServerPreferenceActivity"]}, {"b034b05b627c9318ed9f969bcff6e4f1": ["1", "be.ppareit.swiftp_free.gui.ServerPreferenceActivity"]}, {"e0e273f505a8689321672519ce8de1ad": ["0", "be.ppareit.swiftp_free.gui.ServerPreferenceActivity"]}, {"b034b05b627c9318ed9f969bcff6e4f1": ["1", "be.ppareit.swiftp_free.gui.ServerPreferenceActivity"]}, {"e0e273f505a8689321672519ce8de1ad": ["0", "be.ppareit.swiftp_free.gui.ServerPreferenceActivity"]}, {"e0e273f505a8689321672519ce8de1ad": ["0", "be.ppareit.swiftp_free.gui.ServerPreferenceActivity"]}, {"b034b05b627c9318ed9f969bcff6e4f1": ["1", "be.ppareit.swiftp_free.gui.ServerPreferenceActivity"]}, {"e0e273f505a8689321672519ce8de1ad": ["0", "be.ppareit.swiftp_free.gui.ServerPreferenceActivity"]}, {"e0e273f505a8689321672519ce8de1ad": ["0", "be.ppareit.swiftp_free.gui.ServerPreferenceActivity"]}, {"e0e273f505a8689321672519ce8de1ad": ["0", "be.ppareit.swiftp_free.gui.ServerPreferenceActivity"]}, {"e0e273f505a8689321672519ce8de1ad": ["0", "be.ppareit.swiftp_free.gui.ServerPreferenceActivity"]}, {"e0e273f505a8689321672519ce8de1ad": ["0", "be.ppareit.swiftp_free.gui.ServerPreferenceActivity"]}, {"6b21cfe78d9bee3949d5dfdeb4ca24ce": ["2", "be.ppareit.swiftp_free.gui.ServerPreferenceActivity"]}, {"e0e273f505a8689321672519ce8de1ad": ["0", "be.ppareit.swiftp_free.gui.ServerPreferenceActivity"]}, {"e0e273f505a8689321672519ce8de1ad": ["0", "be.ppareit.swiftp_free.gui.ServerPreferenceActivity"]}, {"b034b05b627c9318ed9f969bcff6e4f1": ["1", "be.ppareit.swiftp_free.gui.ServerPreferenceActivity"]}, {"e0e273f505a8689321672519ce8de1ad": ["0", "be.ppareit.swiftp_free.gui.ServerPreferenceActivity"]}, {"b034b05b627c9318ed9f969bcff6e4f1": ["1", "be.ppareit.swiftp_free.gui.ServerPreferenceActivity"]}, {"e0e273f505a8689321672519ce8de1ad": ["0", "be.ppareit.swiftp_free.gui.ServerPreferenceActivity"]}, {"bdc01c9e932b0602492f794447a96c24": ["4", "be.ppareit.swiftp_free.gui.ServerPreferenceActivity"]}, {"bdc01c9e932b0602492f794447a96c24": ["4", "be.ppareit.swiftp_free.gui.ServerPreferenceActivity"]}, {"bdc01c9e932b0602492f794447a96c24": ["4", "be.ppareit.swiftp_free.gui.ServerPreferenceActivity"]}, {"e0e273f505a8689321672519ce8de1ad": ["0", "be.ppareit.swiftp_free.gui.ServerPreferenceActivity"]}, {"bdc01c9e932b0602492f794447a96c24": ["4", "be.ppareit.swiftp_free.gui.ServerPreferenceActivity"]}, {"bdc01c9e932b0602492f794447a96c24": ["4", "be.ppareit.swiftp_free.gui.ServerPreferenceActivity"]}, {"bdc01c9e932b0602492f794447a96c24": ["4", "be.ppareit.swiftp_free.gui.ServerPreferenceActivity"]}, {"bdc01c9e932b0602492f794447a96c24": ["4", "be.ppareit.swiftp_free.gui.ServerPreferenceActivity"]}, {"bdc01c9e932b0602492f794447a96c24": ["4", "be.ppareit.swiftp_free.gui.ServerPreferenceActivity"]}, {"bdc01c9e932b0602492f794447a96c24": ["4", "be.ppareit.swiftp_free.gui.ServerPreferenceActivity"]}, {"6b21cfe78d9bee3949d5dfdeb4ca24ce": ["2", "be.ppareit.swiftp_free.gui.ServerPreferenceActivity"]}, {"bdc01c9e932b0602492f794447a96c24": ["4", "be.ppareit.swiftp_free.gui.ServerPreferenceActivity"]}, {"bdc01c9e932b0602492f794447a96c24": ["4", "be.ppareit.swiftp_free.gui.ServerPreferenceActivity"]}, {"bdc01c9e932b0602492f794447a96c24": ["4", "be.ppareit.swiftp_free.gui.ServerPreferenceActivity"]}, {"bdc01c9e932b0602492f794447a96c24": ["4", "be.ppareit.swiftp_free.gui.ServerPreferenceActivity"]}, {"bdc01c9e932b0602492f794447a96c24": ["4", "be.ppareit.swiftp_free.gui.ServerPreferenceActivity"]}, {"bdc01c9e932b0602492f794447a96c24": ["4", "be.ppareit.swiftp_free.gui.ServerPreferenceActivity"]}, {"bdc01c9e932b0602492f794447a96c24": ["4", "be.ppareit.swiftp_free.gui.ServerPreferenceActivity"]}, {"bdc01c9e932b0602492f794447a96c24": ["4", "be.ppareit.swiftp_free.gui.ServerPreferenceActivity"]}, {"bdc01c9e932b0602492f794447a96c24": ["4", "be.ppareit.swiftp_free.gui.ServerPreferenceActivity"]}, {"bdc01c9e932b0602492f794447a96c24": ["4", "be.ppareit.swiftp_free.gui.ServerPreferenceActivity"]}, {"bdc01c9e932b0602492f794447a96c24": ["4", "be.ppareit.swiftp_free.gui.ServerPreferenceActivity"]}, {"bdc01c9e932b0602492f794447a96c24": ["4", "be.ppareit.swiftp_free.gui.ServerPreferenceActivity"]}, {"bdc01c9e932b0602492f794447a96c24": ["4", "be.ppareit.swiftp_free.gui.ServerPreferenceActivity"]}, {"6b21cfe78d9bee3949d5dfdeb4ca24ce": ["2", "be.ppareit.swiftp_free.gui.ServerPreferenceActivity"]}, {"bdc01c9e932b0602492f794447a96c24": ["4", "be.ppareit.swiftp_free.gui.ServerPreferenceActivity"]}, {"bdc01c9e932b0602492f794447a96c24": ["4", "be.ppareit.swiftp_free.gui.ServerPreferenceActivity"]}, {"bdc01c9e932b0602492f794447a96c24": ["4", "be.ppareit.swiftp_free.gui.ServerPreferenceActivity"]}, {"bdc01c9e932b0602492f794447a96c24": ["4", "be.ppareit.swiftp_free.gui.ServerPreferenceActivity"]}, {"bdc01c9e932b0602492f794447a96c24": ["4", "be.ppareit.swiftp_free.gui.ServerPreferenceActivity"]}, {"bdc01c9e932b0602492f794447a96c24": ["4", "be.ppareit.swiftp_free.gui.ServerPreferenceActivity"]}, {"bdc01c9e932b0602492f794447a96c24": ["4", "be.ppareit.swiftp_free.gui.ServerPreferenceActivity"]}, {"bdc01c9e932b0602492f794447a96c24": ["4", "be.ppareit.swiftp_free.gui.ServerPreferenceActivity"]}, {"bdc01c9e932b0602492f794447a96c24": ["4", "be.ppareit.swiftp_free.gui.ServerPreferenceActivity"]}, {"6b21cfe78d9bee3949d5dfdeb4ca24ce": ["2", "be.ppareit.swiftp_free.gui.ServerPreferenceActivity"]}, {"bdc01c9e932b0602492f794447a96c24": ["4", "be.ppareit.swiftp_free.gui.ServerPreferenceActivity"]}, {"bdc01c9e932b0602492f794447a96c24": ["4", "be.ppareit.swiftp_free.gui.ServerPreferenceActivity"]}, {"bdc01c9e932b0602492f794447a96c24": ["4", "be.ppareit.swiftp_free.gui.ServerPreferenceActivity"]}, {"e0e273f505a8689321672519ce8de1ad": ["0", "be.ppareit.swiftp_free.gui.ServerPreferenceActivity"]}, {"e0e273f505a8689321672519ce8de1ad": ["0", "be.ppareit.swiftp_free.gui.ServerPreferenceActivity"]}, {"e0e273f505a8689321672519ce8de1ad": ["0", "be.ppareit.swiftp_free.gui.ServerPreferenceActivity"]}, {"e0e273f505a8689321672519ce8de1ad": ["0", "be.ppareit.swiftp_free.gui.ServerPreferenceActivity"]}, {"e0e273f505a8689321672519ce8de1ad": ["0", "be.ppareit.swiftp_free.gui.ServerPreferenceActivity"]}, {"e0e273f505a8689321672519ce8de1ad": ["0", "be.ppareit.swiftp_free.gui.ServerPreferenceActivity"]}, {"e0e273f505a8689321672519ce8de1ad": ["0", "be.ppareit.swiftp_free.gui.ServerPreferenceActivity"]}, {"6b21cfe78d9bee3949d5dfdeb4ca24ce": ["2", "be.ppareit.swiftp_free.gui.ServerPreferenceActivity"]}, {"e0e273f505a8689321672519ce8de1ad": ["0", "be.ppareit.swiftp_free.gui.ServerPreferenceActivity"]}, {"e0e273f505a8689321672519ce8de1ad": ["0", "be.ppareit.swiftp_free.gui.ServerPreferenceActivity"]}, {"e0e273f505a8689321672519ce8de1ad": ["0", "be.ppareit.swiftp_free.gui.ServerPreferenceActivity"]}, {"bdc01c9e932b0602492f794447a96c24": ["4", "be.ppareit.swiftp_free.gui.ServerPreferenceActivity"]}, {"bdc01c9e932b0602492f794447a96c24": ["4", "be.ppareit.swiftp_free.gui.ServerPreferenceActivity"]}, {"bdc01c9e932b0602492f794447a96c24": ["4", "be.ppareit.swiftp_free.gui.ServerPreferenceActivity"]}, {"bdc01c9e932b0602492f794447a96c24": ["4", "be.ppareit.swiftp_free.gui.ServerPreferenceActivity"]}, {"bdc01c9e932b0602492f794447a96c24": ["4", "be.ppareit.swiftp_free.gui.ServerPreferenceActivity"]}, {"bdc01c9e932b0602492f794447a96c24": ["4", "be.ppareit.swiftp_free.gui.ServerPreferenceActivity"]}, {"bdc01c9e932b0602492f794447a96c24": ["4", "be.ppareit.swiftp_free.gui.ServerPreferenceActivity"]}, {"bdc01c9e932b0602492f794447a96c24": ["4", "be.ppareit.swiftp_free.gui.ServerPreferenceActivity"]}, {"bdc01c9e932b0602492f794447a96c24": ["4", "be.ppareit.swiftp_free.gui.ServerPreferenceActivity"]}, {"e0e273f505a8689321672519ce8de1ad": ["0", "be.ppareit.swiftp_free.gui.ServerPreferenceActivity"]}, {"e0e273f505a8689321672519ce8de1ad": ["0", "be.ppareit.swiftp_free.gui.ServerPreferenceActivity"]}, {"e0e273f505a8689321672519ce8de1ad": ["0", "be.ppareit.swiftp_free.gui.ServerPreferenceActivity"]}, {"e0e273f505a8689321672519ce8de1ad": ["0", "be.ppareit.swiftp_free.gui.ServerPreferenceActivity"]}, {"b034b05b627c9318ed9f969bcff6e4f1": ["1", "be.ppareit.swiftp_free.gui.ServerPreferenceActivity"]}, {"e0e273f505a8689321672519ce8de1ad": ["0", "be.ppareit.swiftp_free.gui.ServerPreferenceActivity"]}, {"b034b05b627c9318ed9f969bcff6e4f1": ["1", "be.ppareit.swiftp_free.gui.ServerPreferenceActivity"]}, {"e0e273f505a8689321672519ce8de1ad": ["0", "be.ppareit.swiftp_free.gui.ServerPreferenceActivity"]}, {"bdc01c9e932b0602492f794447a96c24": ["4", "be.ppareit.swiftp_free.gui.ServerPreferenceActivity"]}, {"bdc01c9e932b0602492f794447a96c24": ["4", "be.ppareit.swiftp_free.gui.ServerPreferenceActivity"]}, {"bdc01c9e932b0602492f794447a96c24": ["4", "be.ppareit.swiftp_free.gui.ServerPreferenceActivity"]}, {"bdc01c9e932b0602492f794447a96c24": ["4", "be.ppareit.swiftp_free.gui.ServerPreferenceActivity"]}, {"e0e273f505a8689321672519ce8de1ad": ["0", "be.ppareit.swiftp_free.gui.ServerPreferenceActivity"]}, {"b034b05b627c9318ed9f969bcff6e4f1": ["1", "be.ppareit.swiftp_free.gui.ServerPreferenceActivity"]}, {"e0e273f505a8689321672519ce8de1ad": ["0", "be.ppareit.swiftp_free.gui.ServerPreferenceActivity"]}, {"e0e273f505a8689321672519ce8de1ad": ["0", "be.ppareit.swiftp_free.gui.ServerPreferenceActivity"]}, {"e0e273f505a8689321672519ce8de1ad": ["0", "be.ppareit.swiftp_free.gui.ServerPreferenceActivity"]}, {"6b21cfe78d9bee3949d5dfdeb4ca24ce": ["2", "be.ppareit.swiftp_free.gui.ServerPreferenceActivity"]}, {"e0e273f505a8689321672519ce8de1ad": ["0", "be.ppareit.swiftp_free.gui.ServerPreferenceActivity"]}, {"e0e273f505a8689321672519ce8de1ad": ["0", "be.ppareit.swiftp_free.gui.ServerPreferenceActivity"]}, {"e0e273f505a8689321672519ce8de1ad": ["0", "be.ppareit.swiftp_free.gui.ServerPreferenceActivity"]}, {"e0e273f505a8689321672519ce8de1ad": ["0", "be.ppareit.swiftp_free.gui.ServerPreferenceActivity"]}, {"b034b05b627c9318ed9f969bcff6e4f1": ["1", "be.ppareit.swiftp_free.gui.ServerPreferenceActivity"]}, {"e0e273f505a8689321672519ce8de1ad": ["0", "be.ppareit.swiftp_free.gui.ServerPreferenceActivity"]}, {"e0e273f505a8689321672519ce8de1ad": ["0", "be.ppareit.swiftp_free.gui.ServerPreferenceActivity"]}, {"e0e273f505a8689321672519ce8de1ad": ["0", "be.ppareit.swiftp_free.gui.ServerPreferenceActivity"]}, {"6b21cfe78d9bee3949d5dfdeb4ca24ce": ["2", "be.ppareit.swiftp_free.gui.ServerPreferenceActivity"]}, {"e0e273f505a8689321672519ce8de1ad": ["0", "be.ppareit.swiftp_free.gui.ServerPreferenceActivity"]}, {"6b21cfe78d9bee3949d5dfdeb4ca24ce": ["2", "be.ppareit.swiftp_free.gui.ServerPreferenceActivity"]}, {"e0e273f505a8689321672519ce8de1ad": ["0", "be.ppareit.swiftp_free.gui.ServerPreferenceActivity"]}, {"b034b05b627c9318ed9f969bcff6e4f1": ["1", "be.ppareit.swiftp_free.gui.ServerPreferenceActivity"]}, {"e0e273f505a8689321672519ce8de1ad": ["0", "be.ppareit.swiftp_free.gui.ServerPreferenceActivity"]}, {"e0e273f505a8689321672519ce8de1ad": ["0", "be.ppareit.swiftp_free.gui.ServerPreferenceActivity"]}, {"e0e273f505a8689321672519ce8de1ad": ["0", "be.ppareit.swiftp_free.gui.ServerPreferenceActivity"]}, {"e0e273f505a8689321672519ce8de1ad": ["0", "be.ppareit.swiftp_free.gui.ServerPreferenceActivity"]}, {"b034b05b627c9318ed9f969bcff6e4f1": ["1", "be.ppareit.swiftp_free.gui.ServerPreferenceActivity"]}, {"e0e273f505a8689321672519ce8de1ad": ["0", "be.ppareit.swiftp_free.gui.ServerPreferenceActivity"]}, {"b034b05b627c9318ed9f969bcff6e4f1": ["1", "be.ppareit.swiftp_free.gui.ServerPreferenceActivity"]}, {"e0e273f505a8689321672519ce8de1ad": ["0", "be.ppareit.swiftp_free.gui.ServerPreferenceActivity"]}, {"6b21cfe78d9bee3949d5dfdeb4ca24ce": ["2", "be.ppareit.swiftp_free.gui.ServerPreferenceActivity"]}, {"e0e273f505a8689321672519ce8de1ad": ["0", "be.ppareit.swiftp_free.gui.ServerPreferenceActivity"]}, {"e0e273f505a8689321672519ce8de1ad": ["0", "be.ppareit.swiftp_free.gui.ServerPreferenceActivity"]}, {"bdc01c9e932b0602492f794447a96c24": ["4", "be.ppareit.swiftp_free.gui.ServerPreferenceActivity"]}, {"bdc01c9e932b0602492f794447a96c24": ["4", "be.ppareit.swiftp_free.gui.ServerPreferenceActivity"]}, {"bdc01c9e932b0602492f794447a96c24": ["4", "be.ppareit.swiftp_free.gui.ServerPreferenceActivity"]}, {"bdc01c9e932b0602492f794447a96c24": ["4", "be.ppareit.swiftp_free.gui.ServerPreferenceActivity"]}, {"bdc01c9e932b0602492f794447a96c24": ["4", "be.ppareit.swiftp_free.gui.ServerPreferenceActivity"]}, {"bdc01c9e932b0602492f794447a96c24": ["4", "be.ppareit.swiftp_free.gui.ServerPreferenceActivity"]}, {"bdc01c9e932b0602492f794447a96c24": ["4", "be.ppareit.swiftp_free.gui.ServerPreferenceActivity"]}, {"bdc01c9e932b0602492f794447a96c24": ["4", "be.ppareit.swiftp_free.gui.ServerPreferenceActivity"]}, {"bdc01c9e932b0602492f794447a96c24": ["4", "be.ppareit.swiftp_free.gui.ServerPreferenceActivity"]}, {"bdc01c9e932b0602492f794447a96c24": ["4", "be.ppareit.swiftp_free.gui.ServerPreferenceActivity"]}, {"bdc01c9e932b0602492f794447a96c24": ["4", "be.ppareit.swiftp_free.gui.ServerPreferenceActivity"]}, {"bdc01c9e932b0602492f794447a96c24": ["4", "be.ppareit.swiftp_free.gui.ServerPreferenceActivity"]}, {"bdc01c9e932b0602492f794447a96c24": ["4", "be.ppareit.swiftp_free.gui.ServerPreferenceActivity"]}, {"bdc01c9e932b0602492f794447a96c24": ["4", "be.ppareit.swiftp_free.gui.ServerPreferenceActivity"]}, {"bdc01c9e932b0602492f794447a96c24": ["4", "be.ppareit.swiftp_free.gui.ServerPreferenceActivity"]}, {"bdc01c9e932b0602492f794447a96c24": ["4", "be.ppareit.swiftp_free.gui.ServerPreferenceActivity"]}, {"bdc01c9e932b0602492f794447a96c24": ["4", "be.ppareit.swiftp_free.gui.ServerPreferenceActivity"]}, {"bdc01c9e932b0602492f794447a96c24": ["4", "be.ppareit.swiftp_free.gui.ServerPreferenceActivity"]}, {"bdc01c9e932b0602492f794447a96c24": ["4", "be.ppareit.swiftp_free.gui.ServerPreferenceActivity"]}, {"bdc01c9e932b0602492f794447a96c24": ["4", "be.ppareit.swiftp_free.gui.ServerPreferenceActivity"]}, {"6b21cfe78d9bee3949d5dfdeb4ca24ce": ["2", "be.ppareit.swiftp_free.gui.ServerPreferenceActivity"]}, {"e0e273f505a8689321672519ce8de1ad": ["0", "be.ppareit.swiftp_free.gui.ServerPreferenceActivity"]}, {"e0e273f505a8689321672519ce8de1ad": ["0", "be.ppareit.swiftp_free.gui.ServerPreferenceActivity"]}, {"b034b05b627c9318ed9f969bcff6e4f1": ["1", "be.ppareit.swiftp_free.gui.ServerPreferenceActivity"]}, {"e0e273f505a8689321672519ce8de1ad": ["0", "be.ppareit.swiftp_free.gui.ServerPreferenceActivity"]}, {"b034b05b627c9318ed9f969bcff6e4f1": ["1", "be.ppareit.swiftp_free.gui.ServerPreferenceActivity"]}, {"e0e273f505a8689321672519ce8de1ad": ["0", "be.ppareit.swiftp_free.gui.ServerPreferenceActivity"]}, {"b034b05b627c9318ed9f969bcff6e4f1": ["1", "be.ppareit.swiftp_free.gui.ServerPreferenceActivity"]}, {"e0e273f505a8689321672519ce8de1ad": ["0", "be.ppareit.swiftp_free.gui.ServerPreferenceActivity"]}, {"e0e273f505a8689321672519ce8de1ad": ["0", "be.ppareit.swiftp_free.gui.ServerPreferenceActivity"]}, {"b034b05b627c9318ed9f969bcff6e4f1": ["1", "be.ppareit.swiftp_free.gui.ServerPreferenceActivity"]}, {"e0e273f505a8689321672519ce8de1ad": ["0", "be.ppareit.swiftp_free.gui.ServerPreferenceActivity"]}, {"e0e273f505a8689321672519ce8de1ad": ["0", "be.ppareit.swiftp_free.gui.ServerPreferenceActivity"]}, {"bdc01c9e932b0602492f794447a96c24": ["4", "be.ppareit.swiftp_free.gui.ServerPreferenceActivity"]}, {"bdc01c9e932b0602492f794447a96c24": ["4", "be.ppareit.swiftp_free.gui.ServerPreferenceActivity"]}, {"6b21cfe78d9bee3949d5dfdeb4ca24ce": ["2", "be.ppareit.swiftp_free.gui.ServerPreferenceActivity"]}, {"bdc01c9e932b0602492f794447a96c24": ["4", "be.ppareit.swiftp_free.gui.ServerPreferenceActivity"]}, {"bdc01c9e932b0602492f794447a96c24": ["4", "be.ppareit.swiftp_free.gui.ServerPreferenceActivity"]}, {"bdc01c9e932b0602492f794447a96c24": ["4", "be.ppareit.swiftp_free.gui.ServerPreferenceActivity"]}, {"bdc01c9e932b0602492f794447a96c24": ["4", "be.ppareit.swiftp_free.gui.ServerPreferenceActivity"]}, {"bdc01c9e932b0602492f794447a96c24": ["4", "be.ppareit.swiftp_free.gui.ServerPreferenceActivity"]}, {"bdc01c9e932b0602492f794447a96c24": ["4", "be.ppareit.swiftp_free.gui.ServerPreferenceActivity"]}, {"e0e273f505a8689321672519ce8de1ad": ["0", "be.ppareit.swiftp_free.gui.ServerPreferenceActivity"]}, {"e0e273f505a8689321672519ce8de1ad": ["0", "be.ppareit.swiftp_free.gui.ServerPreferenceActivity"]}, {"b034b05b627c9318ed9f969bcff6e4f1": ["1", "be.ppareit.swiftp_free.gui.ServerPreferenceActivity"]}, {"e0e273f505a8689321672519ce8de1ad": ["0", "be.ppareit.swiftp_free.gui.ServerPreferenceActivity"]}, {"e0e273f505a8689321672519ce8de1ad": ["0", "be.ppareit.swiftp_free.gui.ServerPreferenceActivity"]}, {"e0e273f505a8689321672519ce8de1ad": ["0", "be.ppareit.swiftp_free.gui.ServerPreferenceActivity"]}, {"b034b05b627c9318ed9f969bcff6e4f1": ["1", "be.ppareit.swiftp_free.gui.ServerPreferenceActivity"]}, {"e0e273f505a8689321672519ce8de1ad": ["0", "be.ppareit.swiftp_free.gui.ServerPreferenceActivity"]}, {"e0e273f505a8689321672519ce8de1ad": ["0", "be.ppareit.swiftp_free.gui.ServerPreferenceActivity"]}, {"bdc01c9e932b0602492f794447a96c24": ["4", "be.ppareit.swiftp_free.gui.ServerPreferenceActivity"]}, {"e0e273f505a8689321672519ce8de1ad": ["0", "be.ppareit.swiftp_free.gui.ServerPreferenceActivity"]}, {"e0e273f505a8689321672519ce8de1ad": ["0", "be.ppareit.swiftp_free.gui.ServerPreferenceActivity"]}, {"e0e273f505a8689321672519ce8de1ad": ["0", "be.ppareit.swiftp_free.gui.ServerPreferenceActivity"]}, {"e0e273f505a8689321672519ce8de1ad": ["0", "be.ppareit.swiftp_free.gui.ServerPreferenceActivity"]}, {"e0e273f505a8689321672519ce8de1ad": ["0", "be.ppareit.swiftp_free.gui.ServerPreferenceActivity"]}, {"6b21cfe78d9bee3949d5dfdeb4ca24ce": ["2", "be.ppareit.swiftp_free.gui.ServerPreferenceActivity"]}, {"e0e273f505a8689321672519ce8de1ad": ["0", "be.ppareit.swiftp_free.gui.ServerPreferenceActivity"]}, {"e0e273f505a8689321672519ce8de1ad": ["0", "be.ppareit.swiftp_free.gui.ServerPreferenceActivity"]}, {"e0e273f505a8689321672519ce8de1ad": ["0", "be.ppareit.swiftp_free.gui.ServerPreferenceActivity"]}, {"e0e273f505a8689321672519ce8de1ad": ["0", "be.ppareit.swiftp_free.gui.ServerPreferenceActivity"]}, {"6b21cfe78d9bee3949d5dfdeb4ca24ce": ["2", "be.ppareit.swiftp_free.gui.ServerPreferenceActivity"]}, {"e0e273f505a8689321672519ce8de1ad": ["0", "be.ppareit.swiftp_free.gui.ServerPreferenceActivity"]}, {"e0e273f505a8689321672519ce8de1ad": ["0", "be.ppareit.swiftp_free.gui.ServerPreferenceActivity"]}, {"b034b05b627c9318ed9f969bcff6e4f1": ["1", "be.ppareit.swiftp_free.gui.ServerPreferenceActivity"]}, {"e0e273f505a8689321672519ce8de1ad": ["0", "be.ppareit.swiftp_free.gui.ServerPreferenceActivity"]}, {"e0e273f505a8689321672519ce8de1ad": ["0", "be.ppareit.swiftp_free.gui.ServerPreferenceActivity"]}, {"e0e273f505a8689321672519ce8de1ad": ["0", "be.ppareit.swiftp_free.gui.ServerPreferenceActivity"]}, {"b034b05b627c9318ed9f969bcff6e4f1": ["1", "be.ppareit.swiftp_free.gui.ServerPreferenceActivity"]}, {"e0e273f505a8689321672519ce8de1ad": ["0", "be.ppareit.swiftp_free.gui.ServerPreferenceActivity"]}, {"e0e273f505a8689321672519ce8de1ad": ["0", "be.ppareit.swiftp_free.gui.ServerPreferenceActivity"]}, {"e0e273f505a8689321672519ce8de1ad": ["0", "be.ppareit.swiftp_free.gui.ServerPreferenceActivity"]}, {"e0e273f505a8689321672519ce8de1ad": ["0", "be.ppareit.swiftp_free.gui.ServerPreferenceActivity"]}, {"e0e273f505a8689321672519ce8de1ad": ["0", "be.ppareit.swiftp_free.gui.ServerPreferenceActivity"]}, {"e0e273f505a8689321672519ce8de1ad": ["0", "be.ppareit.swiftp_free.gui.ServerPreferenceActivity"]}, {"e0e273f505a8689321672519ce8de1ad": ["0", "be.ppareit.swiftp_free.gui.ServerPreferenceActivity"]}, {"b034b05b627c9318ed9f969bcff6e4f1": ["1", "be.ppareit.swiftp_free.gui.ServerPreferenceActivity"]}, {"e0e273f505a8689321672519ce8de1ad": ["0", "be.ppareit.swiftp_free.gui.ServerPreferenceActivity"]}, {"6b21cfe78d9bee3949d5dfdeb4ca24ce": ["2", "be.ppareit.swiftp_free.gui.ServerPreferenceActivity"]}, {"e0e273f505a8689321672519ce8de1ad": ["0", "be.ppareit.swiftp_free.gui.ServerPreferenceActivity"]}, {"e0e273f505a8689321672519ce8de1ad": ["0", "be.ppareit.swiftp_free.gui.ServerPreferenceActivity"]}, {"e0e273f505a8689321672519ce8de1ad": ["0", "be.ppareit.swiftp_free.gui.ServerPreferenceActivity"]}, {"e0e273f505a8689321672519ce8de1ad": ["0", "be.ppareit.swiftp_free.gui.ServerPreferenceActivity"]}, {"e0e273f505a8689321672519ce8de1ad": ["0", "be.ppareit.swiftp_free.gui.ServerPreferenceActivity"]}, {"e0e273f505a8689321672519ce8de1ad": ["0", "be.ppareit.swiftp_free.gui.ServerPreferenceActivity"]}, {"b034b05b627c9318ed9f969bcff6e4f1": ["1", "be.ppareit.swiftp_free.gui.ServerPreferenceActivity"]}, {"e0e273f505a8689321672519ce8de1ad": ["0", "be.ppareit.swiftp_free.gui.ServerPreferenceActivity"]}, {"e0e273f505a8689321672519ce8de1ad": ["0", "be.ppareit.swiftp_free.gui.ServerPreferenceActivity"]}, {"e0e273f505a8689321672519ce8de1ad": ["0", "be.ppareit.swiftp_free.gui.ServerPreferenceActivity"]}, {"e0e273f505a8689321672519ce8de1ad": ["0", "be.ppareit.swiftp_free.gui.ServerPreferenceActivity"]}, {"6b21cfe78d9bee3949d5dfdeb4ca24ce": ["2", "be.ppareit.swiftp_free.gui.ServerPreferenceActivity"]}, {"e0e273f505a8689321672519ce8de1ad": ["0", "be.ppareit.swiftp_free.gui.ServerPreferenceActivity"]}, {"b034b05b627c9318ed9f969bcff6e4f1": ["1", "be.ppareit.swiftp_free.gui.ServerPreferenceActivity"]}, {"e0e273f505a8689321672519ce8de1ad": ["0", "be.ppareit.swiftp_free.gui.ServerPreferenceActivity"]}, {"e0e273f505a8689321672519ce8de1ad": ["0", "be.ppareit.swiftp_free.gui.ServerPreferenceActivity"]}, {"e0e273f505a8689321672519ce8de1ad": ["0", "be.ppareit.swiftp_free.gui.ServerPreferenceActivity"]}, {"e0e273f505a8689321672519ce8de1ad": ["0", "be.ppareit.swiftp_free.gui.ServerPreferenceActivity"]}, {"e0e273f505a8689321672519ce8de1ad": ["0", "be.ppareit.swiftp_free.gui.ServerPreferenceActivity"]}, {"e0e273f505a8689321672519ce8de1ad": ["0", "be.ppareit.swiftp_free.gui.ServerPreferenceActivity"]}, {"e0e273f505a8689321672519ce8de1ad": ["0", "be.ppareit.swiftp_free.gui.ServerPreferenceActivity"]}, {"e0e273f505a8689321672519ce8de1ad": ["0", "be.ppareit.swiftp_free.gui.ServerPreferenceActivity"]}, {"e0e273f505a8689321672519ce8de1ad": ["0", "be.ppareit.swiftp_free.gui.ServerPreferenceActivity"]}, {"e0e273f505a8689321672519ce8de1ad": ["0", "be.ppareit.swiftp_free.gui.ServerPreferenceActivity"]}, {"e0e273f505a8689321672519ce8de1ad": ["0", "be.ppareit.swiftp_free.gui.ServerPreferenceActivity"]}, {"bdc01c9e932b0602492f794447a96c24": ["4", "be.ppareit.swiftp_free.gui.ServerPreferenceActivity"]}, {"bdc01c9e932b0602492f794447a96c24": ["4", "be.ppareit.swiftp_free.gui.ServerPreferenceActivity"]}, {"bdc01c9e932b0602492f794447a96c24": ["4", "be.ppareit.swiftp_free.gui.ServerPreferenceActivity"]}, {"bdc01c9e932b0602492f794447a96c24": ["4", "be.ppareit.swiftp_free.gui.ServerPreferenceActivity"]}, {"bdc01c9e932b0602492f794447a96c24": ["4", "be.ppareit.swiftp_free.gui.ServerPreferenceActivity"]}, {"bdc01c9e932b0602492f794447a96c24": ["4", "be.ppareit.swiftp_free.gui.ServerPreferenceActivity"]}, {"bdc01c9e932b0602492f794447a96c24": ["4", "be.ppareit.swiftp_free.gui.ServerPreferenceActivity"]}, {"bdc01c9e932b0602492f794447a96c24": ["4", "be.ppareit.swiftp_free.gui.ServerPreferenceActivity"]}, {"bdc01c9e932b0602492f794447a96c24": ["4", "be.ppareit.swiftp_free.gui.ServerPreferenceActivity"]}, {"bdc01c9e932b0602492f794447a96c24": ["4", "be.ppareit.swiftp_free.gui.ServerPreferenceActivity"]}, {"bdc01c9e932b0602492f794447a96c24": ["4", "be.ppareit.swiftp_free.gui.ServerPreferenceActivity"]}, {"bdc01c9e932b0602492f794447a96c24": ["4", "be.ppareit.swiftp_free.gui.ServerPreferenceActivity"]}, {"bdc01c9e932b0602492f794447a96c24": ["4", "be.ppareit.swiftp_free.gui.ServerPreferenceActivity"]}, {"bdc01c9e932b0602492f794447a96c24": ["4", "be.ppareit.swiftp_free.gui.ServerPreferenceActivity"]}, {"e0e273f505a8689321672519ce8de1ad": ["0", "be.ppareit.swiftp_free.gui.ServerPreferenceActivity"]}, {"b034b05b627c9318ed9f969bcff6e4f1": ["1", "be.ppareit.swiftp_free.gui.ServerPreferenceActivity"]}, {"e0e273f505a8689321672519ce8de1ad": ["0", "be.ppareit.swiftp_free.gui.ServerPreferenceActivity"]}, {"e0e273f505a8689321672519ce8de1ad": ["0", "be.ppareit.swiftp_free.gui.ServerPreferenceActivity"]}, {"e0e273f505a8689321672519ce8de1ad": ["0", "be.ppareit.swiftp_free.gui.ServerPreferenceActivity"]}, {"b034b05b627c9318ed9f969bcff6e4f1": ["1", "be.ppareit.swiftp_free.gui.ServerPreferenceActivity"]}, {"e0e273f505a8689321672519ce8de1ad": ["0", "be.ppareit.swiftp_free.gui.ServerPreferenceActivity"]}, {"b034b05b627c9318ed9f969bcff6e4f1": ["1", "be.ppareit.swiftp_free.gui.ServerPreferenceActivity"]}, {"e0e273f505a8689321672519ce8de1ad": ["0", "be.ppareit.swiftp_free.gui.ServerPreferenceActivity"]}, {"b034b05b627c9318ed9f969bcff6e4f1": ["1", "be.ppareit.swiftp_free.gui.ServerPreferenceActivity"]}, {"e0e273f505a8689321672519ce8de1ad": ["0", "be.ppareit.swiftp_free.gui.ServerPreferenceActivity"]}, {"b034b05b627c9318ed9f969bcff6e4f1": ["1", "be.ppareit.swiftp_free.gui.ServerPreferenceActivity"]}, {"e0e273f505a8689321672519ce8de1ad": ["0", "be.ppareit.swiftp_free.gui.ServerPreferenceActivity"]}, {"e0e273f505a8689321672519ce8de1ad": ["0", "be.ppareit.swiftp_free.gui.ServerPreferenceActivity"]}, {"e0e273f505a8689321672519ce8de1ad": ["0", "be.ppareit.swiftp_free.gui.ServerPreferenceActivity"]}, {"b034b05b627c9318ed9f969bcff6e4f1": ["1", "be.ppareit.swiftp_free.gui.ServerPreferenceActivity"]}, {"e0e273f505a8689321672519ce8de1ad": ["0", "be.ppareit.swiftp_free.gui.ServerPreferenceActivity"]}, {"6b21cfe78d9bee3949d5dfdeb4ca24ce": ["2", "be.ppareit.swiftp_free.gui.ServerPreferenceActivity"]}, {"e0e273f505a8689321672519ce8de1ad": ["0", "be.ppareit.swiftp_free.gui.ServerPreferenceActivity"]}, {"b034b05b627c9318ed9f969bcff6e4f1": ["1", "be.ppareit.swiftp_free.gui.ServerPreferenceActivity"]}, {"e0e273f505a8689321672519ce8de1ad": ["0", "be.ppareit.swiftp_free.gui.ServerPreferenceActivity"]}, {"e0e273f505a8689321672519ce8de1ad": ["0", "be.ppareit.swiftp_free.gui.ServerPreferenceActivity"]}, {"bdc01c9e932b0602492f794447a96c24": ["4", "be.ppareit.swiftp_free.gui.ServerPreferenceActivity"]}, {"bdc01c9e932b0602492f794447a96c24": ["4", "be.ppareit.swiftp_free.gui.ServerPreferenceActivity"]}, {"bdc01c9e932b0602492f794447a96c24": ["4", "be.ppareit.swiftp_free.gui.ServerPreferenceActivity"]}, {"bdc01c9e932b0602492f794447a96c24": ["4", "be.ppareit.swiftp_free.gui.ServerPreferenceActivity"]}, {"bdc01c9e932b0602492f794447a96c24": ["4", "be.ppareit.swiftp_free.gui.ServerPreferenceActivity"]}, {"bdc01c9e932b0602492f794447a96c24": ["4", "be.ppareit.swiftp_free.gui.ServerPreferenceActivity"]}, {"bdc01c9e932b0602492f794447a96c24": ["4", "be.ppareit.swiftp_free.gui.ServerPreferenceActivity"]}]