[{"b5da35e77093ce7bef40a47f7616b5d2": ["9", "com.eleybourn.bookcatalogue.Administration"]}, {"b5da35e77093ce7bef40a47f7616b5d2": ["9", "com.eleybourn.bookcatalogue.Administration"]}, {"b5da35e77093ce7bef40a47f7616b5d2": ["9", "com.eleybourn.bookcatalogue.Administration"]}, {"342d137fe7cf71942481d6532d5c5b21": ["58", "com.eleybourn.bookcatalogue.Administration"]}, {"d33569656e3735d2d51224309ec05bbd": ["7", "com.eleybourn.bookcatalogue.Administration"]}, {"d33569656e3735d2d51224309ec05bbd": ["7", "com.eleybourn.bookcatalogue.Administration"]}, {"d33569656e3735d2d51224309ec05bbd": ["7", "com.eleybourn.bookcatalogue.Administration"]}, {"d33569656e3735d2d51224309ec05bbd": ["7", "com.eleybourn.bookcatalogue.Administration"]}, {"d33569656e3735d2d51224309ec05bbd": ["7", "com.eleybourn.bookcatalogue.Administration"]}, {"b5da35e77093ce7bef40a47f7616b5d2": ["9", "com.eleybourn.bookcatalogue.Administration"]}, {"b5da35e77093ce7bef40a47f7616b5d2": ["9", "com.eleybourn.bookcatalogue.Administration"]}, {"b5da35e77093ce7bef40a47f7616b5d2": ["9", "com.eleybourn.bookcatalogue.Administration"]}, {"b5da35e77093ce7bef40a47f7616b5d2": ["9", "com.eleybourn.bookcatalogue.Administration"]}, {"b5da35e77093ce7bef40a47f7616b5d2": ["9", "com.eleybourn.bookcatalogue.Administration"]}, {"b5da35e77093ce7bef40a47f7616b5d2": ["9", "com.eleybourn.bookcatalogue.Administration"]}, {"d33569656e3735d2d51224309ec05bbd": ["7", "com.eleybourn.bookcatalogue.Administration"]}, {"d33569656e3735d2d51224309ec05bbd": ["7", "com.eleybourn.bookcatalogue.Administration"]}, {"b5da35e77093ce7bef40a47f7616b5d2": ["9", "com.eleybourn.bookcatalogue.Administration"]}, {"b5da35e77093ce7bef40a47f7616b5d2": ["9", "com.eleybourn.bookcatalogue.Administration"]}, {"b5da35e77093ce7bef40a47f7616b5d2": ["9", "com.eleybourn.bookcatalogue.Administration"]}, {"d33569656e3735d2d51224309ec05bbd": ["7", "com.eleybourn.bookcatalogue.Administration"]}, {"d33569656e3735d2d51224309ec05bbd": ["7", "com.eleybourn.bookcatalogue.Administration"]}, {"d33569656e3735d2d51224309ec05bbd": ["7", "com.eleybourn.bookcatalogue.Administration"]}, {"d33569656e3735d2d51224309ec05bbd": ["7", "com.eleybourn.bookcatalogue.Administration"]}, {"7110233ef795f3d5c2a441a5c1a54eb0": ["6", "com.eleybourn.bookcatalogue.Administration"]}, {"d33569656e3735d2d51224309ec05bbd": ["7", "com.eleybourn.bookcatalogue.Administration"]}, {"d33569656e3735d2d51224309ec05bbd": ["7", "com.eleybourn.bookcatalogue.Administration"]}, {"d33569656e3735d2d51224309ec05bbd": ["7", "com.eleybourn.bookcatalogue.Administration"]}, {"d33569656e3735d2d51224309ec05bbd": ["7", "com.eleybourn.bookcatalogue.Administration"]}, {"d33569656e3735d2d51224309ec05bbd": ["7", "com.eleybourn.bookcatalogue.Administration"]}, {"b5da35e77093ce7bef40a47f7616b5d2": ["9", "com.eleybourn.bookcatalogue.Administration"]}, {"b5da35e77093ce7bef40a47f7616b5d2": ["9", "com.eleybourn.bookcatalogue.Administration"]}, {"d6bea6af88eb239711b47290e4155dfc": ["3", "com.eleybourn.bookcatalogue.Administration"]}, {"d6bea6af88eb239711b47290e4155dfc": ["3", "com.eleybourn.bookcatalogue.Administration"]}, {"d33569656e3735d2d51224309ec05bbd": ["7", "com.eleybourn.bookcatalogue.Administration"]}, {"dc1b9f7285589b90a791e9dce110b998": ["5", "com.eleybourn.bookcatalogue.Administration"]}, {"dc1b9f7285589b90a791e9dce110b998": ["5", "com.eleybourn.bookcatalogue.Administration"]}, {"b5da35e77093ce7bef40a47f7616b5d2": ["9", "com.eleybourn.bookcatalogue.Administration"]}, {"b4981cc8a3c4fafc210872eb0d8bc7ac": ["8", "com.eleybourn.bookcatalogue.Administration"]}, {"d33569656e3735d2d51224309ec05bbd": ["7", "com.eleybourn.bookcatalogue.Administration"]}, {"d33569656e3735d2d51224309ec05bbd": ["7", "com.eleybourn.bookcatalogue.Administration"]}, {"d33569656e3735d2d51224309ec05bbd": ["7", "com.eleybourn.bookcatalogue.Administration"]}, {"d33569656e3735d2d51224309ec05bbd": ["7", "com.eleybourn.bookcatalogue.Administration"]}, {"d33569656e3735d2d51224309ec05bbd": ["7", "com.eleybourn.bookcatalogue.Administration"]}, {"7110233ef795f3d5c2a441a5c1a54eb0": ["6", "com.eleybourn.bookcatalogue.Administration"]}, {"dc1b9f7285589b90a791e9dce110b998": ["5", "com.eleybourn.bookcatalogue.Administration"]}, {"dc1b9f7285589b90a791e9dce110b998": ["5", "com.eleybourn.bookcatalogue.Administration"]}, {"dc1b9f7285589b90a791e9dce110b998": ["5", "com.eleybourn.bookcatalogue.Administration"]}, {"dc1b9f7285589b90a791e9dce110b998": ["5", "com.eleybourn.bookcatalogue.Administration"]}, {"d33569656e3735d2d51224309ec05bbd": ["7", "com.eleybourn.bookcatalogue.Administration"]}, {"d33569656e3735d2d51224309ec05bbd": ["7", "com.eleybourn.bookcatalogue.Administration"]}, {"b5da35e77093ce7bef40a47f7616b5d2": ["9", "com.eleybourn.bookcatalogue.Administration"]}, {"7110233ef795f3d5c2a441a5c1a54eb0": ["6", "com.eleybourn.bookcatalogue.Administration"]}, {"7110233ef795f3d5c2a441a5c1a54eb0": ["6", "com.eleybourn.bookcatalogue.Administration"]}, {"b5da35e77093ce7bef40a47f7616b5d2": ["9", "com.eleybourn.bookcatalogue.Administration"]}, {"b5da35e77093ce7bef40a47f7616b5d2": ["9", "com.eleybourn.bookcatalogue.Administration"]}, {"b5da35e77093ce7bef40a47f7616b5d2": ["9", "com.eleybourn.bookcatalogue.Administration"]}, {"093d241f4458cd142cb3738ef3b0873c": ["0", "com.eleybourn.bookcatalogue.BookCatalogue"]}, {"093d241f4458cd142cb3738ef3b0873c": ["0", "com.eleybourn.bookcatalogue.BookCatalogue"]}, {"093d241f4458cd142cb3738ef3b0873c": ["0", "com.eleybourn.bookcatalogue.BookCatalogue"]}, {"6287acf463637c0828e78f5372db0803": ["15", "com.eleybourn.bookcatalogue.BookCatalogue"]}, {"096e0c294b6a12361fe4672a78960097": ["16", "com.eleybourn.bookcatalogue.BookISBNSearch"]}, {"b5da35e77093ce7bef40a47f7616b5d2": ["9", "com.eleybourn.bookcatalogue.Administration"]}, {"b5da35e77093ce7bef40a47f7616b5d2": ["9", "com.eleybourn.bookcatalogue.Administration"]}, {"7110233ef795f3d5c2a441a5c1a54eb0": ["6", "com.eleybourn.bookcatalogue.Administration"]}, {"d33569656e3735d2d51224309ec05bbd": ["7", "com.eleybourn.bookcatalogue.Administration"]}, {"d33569656e3735d2d51224309ec05bbd": ["7", "com.eleybourn.bookcatalogue.Administration"]}, {"d33569656e3735d2d51224309ec05bbd": ["7", "com.eleybourn.bookcatalogue.Administration"]}, {"d33569656e3735d2d51224309ec05bbd": ["7", "com.eleybourn.bookcatalogue.Administration"]}, {"d33569656e3735d2d51224309ec05bbd": ["7", "com.eleybourn.bookcatalogue.Administration"]}, {"b5da35e77093ce7bef40a47f7616b5d2": ["9", "com.eleybourn.bookcatalogue.Administration"]}, {"b5da35e77093ce7bef40a47f7616b5d2": ["9", "com.eleybourn.bookcatalogue.Administration"]}, {"b5da35e77093ce7bef40a47f7616b5d2": ["9", "com.eleybourn.bookcatalogue.Administration"]}, {"b5da35e77093ce7bef40a47f7616b5d2": ["9", "com.eleybourn.bookcatalogue.Administration"]}, {"b5da35e77093ce7bef40a47f7616b5d2": ["9", "com.eleybourn.bookcatalogue.Administration"]}, {"b5da35e77093ce7bef40a47f7616b5d2": ["9", "com.eleybourn.bookcatalogue.Administration"]}, {"d33569656e3735d2d51224309ec05bbd": ["7", "com.eleybourn.bookcatalogue.Administration"]}, {"d33569656e3735d2d51224309ec05bbd": ["7", "com.eleybourn.bookcatalogue.Administration"]}, {"b5da35e77093ce7bef40a47f7616b5d2": ["9", "com.eleybourn.bookcatalogue.Administration"]}, {"b5da35e77093ce7bef40a47f7616b5d2": ["9", "com.eleybourn.bookcatalogue.Administration"]}, {"b5da35e77093ce7bef40a47f7616b5d2": ["9", "com.eleybourn.bookcatalogue.Administration"]}, {"d33569656e3735d2d51224309ec05bbd": ["7", "com.eleybourn.bookcatalogue.Administration"]}, {"d33569656e3735d2d51224309ec05bbd": ["7", "com.eleybourn.bookcatalogue.Administration"]}, {"d33569656e3735d2d51224309ec05bbd": ["7", "com.eleybourn.bookcatalogue.Administration"]}, {"d33569656e3735d2d51224309ec05bbd": ["7", "com.eleybourn.bookcatalogue.Administration"]}, {"7110233ef795f3d5c2a441a5c1a54eb0": ["6", "com.eleybourn.bookcatalogue.Administration"]}, {"d33569656e3735d2d51224309ec05bbd": ["7", "com.eleybourn.bookcatalogue.Administration"]}, {"d33569656e3735d2d51224309ec05bbd": ["7", "com.eleybourn.bookcatalogue.Administration"]}, {"d33569656e3735d2d51224309ec05bbd": ["7", "com.eleybourn.bookcatalogue.Administration"]}, {"d33569656e3735d2d51224309ec05bbd": ["7", "com.eleybourn.bookcatalogue.Administration"]}, {"d33569656e3735d2d51224309ec05bbd": ["7", "com.eleybourn.bookcatalogue.Administration"]}, {"b5da35e77093ce7bef40a47f7616b5d2": ["9", "com.eleybourn.bookcatalogue.Administration"]}, {"b5da35e77093ce7bef40a47f7616b5d2": ["9", "com.eleybourn.bookcatalogue.Administration"]}, {"d6bea6af88eb239711b47290e4155dfc": ["3", "com.eleybourn.bookcatalogue.Administration"]}, {"d6bea6af88eb239711b47290e4155dfc": ["3", "com.eleybourn.bookcatalogue.Administration"]}, {"d33569656e3735d2d51224309ec05bbd": ["7", "com.eleybourn.bookcatalogue.Administration"]}, {"dc1b9f7285589b90a791e9dce110b998": ["5", "com.eleybourn.bookcatalogue.Administration"]}, {"dc1b9f7285589b90a791e9dce110b998": ["5", "com.eleybourn.bookcatalogue.Administration"]}, {"b5da35e77093ce7bef40a47f7616b5d2": ["9", "com.eleybourn.bookcatalogue.Administration"]}, {"b5da35e77093ce7bef40a47f7616b5d2": ["9", "com.eleybourn.bookcatalogue.Administration"]}, {"b4981cc8a3c4fafc210872eb0d8bc7ac": ["8", "com.eleybourn.bookcatalogue.Administration"]}, {"d33569656e3735d2d51224309ec05bbd": ["7", "com.eleybourn.bookcatalogue.Administration"]}, {"d33569656e3735d2d51224309ec05bbd": ["7", "com.eleybourn.bookcatalogue.Administration"]}, {"d33569656e3735d2d51224309ec05bbd": ["7", "com.eleybourn.bookcatalogue.Administration"]}, {"d33569656e3735d2d51224309ec05bbd": ["7", "com.eleybourn.bookcatalogue.Administration"]}, {"d33569656e3735d2d51224309ec05bbd": ["7", "com.eleybourn.bookcatalogue.Administration"]}, {"7110233ef795f3d5c2a441a5c1a54eb0": ["6", "com.eleybourn.bookcatalogue.Administration"]}, {"dc1b9f7285589b90a791e9dce110b998": ["5", "com.eleybourn.bookcatalogue.Administration"]}, {"dc1b9f7285589b90a791e9dce110b998": ["5", "com.eleybourn.bookcatalogue.Administration"]}, {"dc1b9f7285589b90a791e9dce110b998": ["5", "com.eleybourn.bookcatalogue.Administration"]}, {"dc1b9f7285589b90a791e9dce110b998": ["5", "com.eleybourn.bookcatalogue.Administration"]}, {"dc1b9f7285589b90a791e9dce110b998": ["5", "com.eleybourn.bookcatalogue.Administration"]}, {"dc1b9f7285589b90a791e9dce110b998": ["5", "com.eleybourn.bookcatalogue.Administration"]}, {"dc1b9f7285589b90a791e9dce110b998": ["5", "com.eleybourn.bookcatalogue.Administration"]}, {"dc1b9f7285589b90a791e9dce110b998": ["5", "com.eleybourn.bookcatalogue.Administration"]}, {"dc1b9f7285589b90a791e9dce110b998": ["5", "com.eleybourn.bookcatalogue.Administration"]}, {"7110233ef795f3d5c2a441a5c1a54eb0": ["6", "com.eleybourn.bookcatalogue.Administration"]}, {"7110233ef795f3d5c2a441a5c1a54eb0": ["6", "com.eleybourn.bookcatalogue.Administration"]}, {"093d241f4458cd142cb3738ef3b0873c": ["0", "com.eleybourn.bookcatalogue.BookCatalogue"]}, {"093d241f4458cd142cb3738ef3b0873c": ["0", "com.eleybourn.bookcatalogue.BookCatalogue"]}, {"093d241f4458cd142cb3738ef3b0873c": ["0", "com.eleybourn.bookcatalogue.BookCatalogue"]}, {"6287acf463637c0828e78f5372db0803": ["15", "com.eleybourn.bookcatalogue.BookCatalogue"]}, {"096e0c294b6a12361fe4672a78960097": ["16", "com.eleybourn.bookcatalogue.BookISBNSearch"]}, {"d33569656e3735d2d51224309ec05bbd": ["7", "com.eleybourn.bookcatalogue.Administration"]}, {"d33569656e3735d2d51224309ec05bbd": ["7", "com.eleybourn.bookcatalogue.Administration"]}, {"7110233ef795f3d5c2a441a5c1a54eb0": ["6", "com.eleybourn.bookcatalogue.Administration"]}, {"b5da35e77093ce7bef40a47f7616b5d2": ["9", "com.eleybourn.bookcatalogue.Administration"]}, {"b5da35e77093ce7bef40a47f7616b5d2": ["9", "com.eleybourn.bookcatalogue.Administration"]}, {"b5da35e77093ce7bef40a47f7616b5d2": ["9", "com.eleybourn.bookcatalogue.Administration"]}, {"b5da35e77093ce7bef40a47f7616b5d2": ["9", "com.eleybourn.bookcatalogue.Administration"]}, {"d33569656e3735d2d51224309ec05bbd": ["7", "com.eleybourn.bookcatalogue.Administration"]}, {"b5da35e77093ce7bef40a47f7616b5d2": ["9", "com.eleybourn.bookcatalogue.Administration"]}, {"b5da35e77093ce7bef40a47f7616b5d2": ["9", "com.eleybourn.bookcatalogue.Administration"]}, {"b5da35e77093ce7bef40a47f7616b5d2": ["9", "com.eleybourn.bookcatalogue.Administration"]}, {"b5da35e77093ce7bef40a47f7616b5d2": ["9", "com.eleybourn.bookcatalogue.Administration"]}, {"b5da35e77093ce7bef40a47f7616b5d2": ["9", "com.eleybourn.bookcatalogue.Administration"]}, {"b5da35e77093ce7bef40a47f7616b5d2": ["9", "com.eleybourn.bookcatalogue.Administration"]}, {"d33569656e3735d2d51224309ec05bbd": ["7", "com.eleybourn.bookcatalogue.Administration"]}, {"d33569656e3735d2d51224309ec05bbd": ["7", "com.eleybourn.bookcatalogue.Administration"]}, {"b5da35e77093ce7bef40a47f7616b5d2": ["9", "com.eleybourn.bookcatalogue.Administration"]}, {"b5da35e77093ce7bef40a47f7616b5d2": ["9", "com.eleybourn.bookcatalogue.Administration"]}, {"b5da35e77093ce7bef40a47f7616b5d2": ["9", "com.eleybourn.bookcatalogue.Administration"]}, {"d33569656e3735d2d51224309ec05bbd": ["7", "com.eleybourn.bookcatalogue.Administration"]}, {"d33569656e3735d2d51224309ec05bbd": ["7", "com.eleybourn.bookcatalogue.Administration"]}, {"d33569656e3735d2d51224309ec05bbd": ["7", "com.eleybourn.bookcatalogue.Administration"]}, {"d33569656e3735d2d51224309ec05bbd": ["7", "com.eleybourn.bookcatalogue.Administration"]}, {"7110233ef795f3d5c2a441a5c1a54eb0": ["6", "com.eleybourn.bookcatalogue.Administration"]}, {"d33569656e3735d2d51224309ec05bbd": ["7", "com.eleybourn.bookcatalogue.Administration"]}, {"d33569656e3735d2d51224309ec05bbd": ["7", "com.eleybourn.bookcatalogue.Administration"]}, {"d33569656e3735d2d51224309ec05bbd": ["7", "com.eleybourn.bookcatalogue.Administration"]}, {"d33569656e3735d2d51224309ec05bbd": ["7", "com.eleybourn.bookcatalogue.Administration"]}, {"d33569656e3735d2d51224309ec05bbd": ["7", "com.eleybourn.bookcatalogue.Administration"]}, {"b5da35e77093ce7bef40a47f7616b5d2": ["9", "com.eleybourn.bookcatalogue.Administration"]}, {"b5da35e77093ce7bef40a47f7616b5d2": ["9", "com.eleybourn.bookcatalogue.Administration"]}, {"d6bea6af88eb239711b47290e4155dfc": ["3", "com.eleybourn.bookcatalogue.Administration"]}, {"d6bea6af88eb239711b47290e4155dfc": ["3", "com.eleybourn.bookcatalogue.Administration"]}, {"d33569656e3735d2d51224309ec05bbd": ["7", "com.eleybourn.bookcatalogue.Administration"]}, {"dc1b9f7285589b90a791e9dce110b998": ["5", "com.eleybourn.bookcatalogue.Administration"]}, {"dc1b9f7285589b90a791e9dce110b998": ["5", "com.eleybourn.bookcatalogue.Administration"]}, {"b5da35e77093ce7bef40a47f7616b5d2": ["9", "com.eleybourn.bookcatalogue.Administration"]}, {"b5da35e77093ce7bef40a47f7616b5d2": ["9", "com.eleybourn.bookcatalogue.Administration"]}, {"b4981cc8a3c4fafc210872eb0d8bc7ac": ["8", "com.eleybourn.bookcatalogue.Administration"]}, {"d33569656e3735d2d51224309ec05bbd": ["7", "com.eleybourn.bookcatalogue.Administration"]}, {"d33569656e3735d2d51224309ec05bbd": ["7", "com.eleybourn.bookcatalogue.Administration"]}, {"d33569656e3735d2d51224309ec05bbd": ["7", "com.eleybourn.bookcatalogue.Administration"]}, {"d33569656e3735d2d51224309ec05bbd": ["7", "com.eleybourn.bookcatalogue.Administration"]}, {"d33569656e3735d2d51224309ec05bbd": ["7", "com.eleybourn.bookcatalogue.Administration"]}, {"7110233ef795f3d5c2a441a5c1a54eb0": ["6", "com.eleybourn.bookcatalogue.Administration"]}, {"dc1b9f7285589b90a791e9dce110b998": ["5", "com.eleybourn.bookcatalogue.Administration"]}, {"dc1b9f7285589b90a791e9dce110b998": ["5", "com.eleybourn.bookcatalogue.Administration"]}, {"dc1b9f7285589b90a791e9dce110b998": ["5", "com.eleybourn.bookcatalogue.Administration"]}, {"dc1b9f7285589b90a791e9dce110b998": ["5", "com.eleybourn.bookcatalogue.Administration"]}, {"dc1b9f7285589b90a791e9dce110b998": ["5", "com.eleybourn.bookcatalogue.Administration"]}, {"d33569656e3735d2d51224309ec05bbd": ["7", "com.eleybourn.bookcatalogue.Administration"]}, {"d33569656e3735d2d51224309ec05bbd": ["7", "com.eleybourn.bookcatalogue.Administration"]}, {"b5da35e77093ce7bef40a47f7616b5d2": ["9", "com.eleybourn.bookcatalogue.Administration"]}, {"7110233ef795f3d5c2a441a5c1a54eb0": ["6", "com.eleybourn.bookcatalogue.Administration"]}, {"7110233ef795f3d5c2a441a5c1a54eb0": ["6", "com.eleybourn.bookcatalogue.Administration"]}, {"b5da35e77093ce7bef40a47f7616b5d2": ["9", "com.eleybourn.bookcatalogue.Administration"]}, {"b5da35e77093ce7bef40a47f7616b5d2": ["9", "com.eleybourn.bookcatalogue.Administration"]}, {"b5da35e77093ce7bef40a47f7616b5d2": ["9", "com.eleybourn.bookcatalogue.Administration"]}, {"093d241f4458cd142cb3738ef3b0873c": ["0", "com.eleybourn.bookcatalogue.BookCatalogue"]}, {"093d241f4458cd142cb3738ef3b0873c": ["0", "com.eleybourn.bookcatalogue.BookCatalogue"]}, {"093d241f4458cd142cb3738ef3b0873c": ["0", "com.eleybourn.bookcatalogue.BookCatalogue"]}, {"6287acf463637c0828e78f5372db0803": ["15", "com.eleybourn.bookcatalogue.BookCatalogue"]}, {"096e0c294b6a12361fe4672a78960097": ["16", "com.eleybourn.bookcatalogue.BookISBNSearch"]}, {"b5da35e77093ce7bef40a47f7616b5d2": ["9", "com.eleybourn.bookcatalogue.Administration"]}, {"b5da35e77093ce7bef40a47f7616b5d2": ["9", "com.eleybourn.bookcatalogue.Administration"]}, {"342d137fe7cf71942481d6532d5c5b21": ["58", "com.eleybourn.bookcatalogue.Administration"]}, {"d33569656e3735d2d51224309ec05bbd": ["7", "com.eleybourn.bookcatalogue.Administration"]}, {"d33569656e3735d2d51224309ec05bbd": ["7", "com.eleybourn.bookcatalogue.Administration"]}, {"d33569656e3735d2d51224309ec05bbd": ["7", "com.eleybourn.bookcatalogue.Administration"]}, {"d33569656e3735d2d51224309ec05bbd": ["7", "com.eleybourn.bookcatalogue.Administration"]}, {"d33569656e3735d2d51224309ec05bbd": ["7", "com.eleybourn.bookcatalogue.Administration"]}, {"b5da35e77093ce7bef40a47f7616b5d2": ["9", "com.eleybourn.bookcatalogue.Administration"]}, {"b5da35e77093ce7bef40a47f7616b5d2": ["9", "com.eleybourn.bookcatalogue.Administration"]}, {"b5da35e77093ce7bef40a47f7616b5d2": ["9", "com.eleybourn.bookcatalogue.Administration"]}, {"b5da35e77093ce7bef40a47f7616b5d2": ["9", "com.eleybourn.bookcatalogue.Administration"]}, {"b5da35e77093ce7bef40a47f7616b5d2": ["9", "com.eleybourn.bookcatalogue.Administration"]}, {"b5da35e77093ce7bef40a47f7616b5d2": ["9", "com.eleybourn.bookcatalogue.Administration"]}, {"d33569656e3735d2d51224309ec05bbd": ["7", "com.eleybourn.bookcatalogue.Administration"]}, {"d33569656e3735d2d51224309ec05bbd": ["7", "com.eleybourn.bookcatalogue.Administration"]}, {"b5da35e77093ce7bef40a47f7616b5d2": ["9", "com.eleybourn.bookcatalogue.Administration"]}, {"b5da35e77093ce7bef40a47f7616b5d2": ["9", "com.eleybourn.bookcatalogue.Administration"]}, {"b5da35e77093ce7bef40a47f7616b5d2": ["9", "com.eleybourn.bookcatalogue.Administration"]}, {"d33569656e3735d2d51224309ec05bbd": ["7", "com.eleybourn.bookcatalogue.Administration"]}, {"d33569656e3735d2d51224309ec05bbd": ["7", "com.eleybourn.bookcatalogue.Administration"]}, {"d33569656e3735d2d51224309ec05bbd": ["7", "com.eleybourn.bookcatalogue.Administration"]}, {"d33569656e3735d2d51224309ec05bbd": ["7", "com.eleybourn.bookcatalogue.Administration"]}, {"7110233ef795f3d5c2a441a5c1a54eb0": ["6", "com.eleybourn.bookcatalogue.Administration"]}, {"d33569656e3735d2d51224309ec05bbd": ["7", "com.eleybourn.bookcatalogue.Administration"]}, {"d33569656e3735d2d51224309ec05bbd": ["7", "com.eleybourn.bookcatalogue.Administration"]}, {"d33569656e3735d2d51224309ec05bbd": ["7", "com.eleybourn.bookcatalogue.Administration"]}, {"d33569656e3735d2d51224309ec05bbd": ["7", "com.eleybourn.bookcatalogue.Administration"]}, {"d33569656e3735d2d51224309ec05bbd": ["7", "com.eleybourn.bookcatalogue.Administration"]}, {"b5da35e77093ce7bef40a47f7616b5d2": ["9", "com.eleybourn.bookcatalogue.Administration"]}, {"b5da35e77093ce7bef40a47f7616b5d2": ["9", "com.eleybourn.bookcatalogue.Administration"]}, {"d6bea6af88eb239711b47290e4155dfc": ["3", "com.eleybourn.bookcatalogue.Administration"]}, {"d6bea6af88eb239711b47290e4155dfc": ["3", "com.eleybourn.bookcatalogue.Administration"]}, {"d33569656e3735d2d51224309ec05bbd": ["7", "com.eleybourn.bookcatalogue.Administration"]}, {"dc1b9f7285589b90a791e9dce110b998": ["5", "com.eleybourn.bookcatalogue.Administration"]}, {"dc1b9f7285589b90a791e9dce110b998": ["5", "com.eleybourn.bookcatalogue.Administration"]}, {"b5da35e77093ce7bef40a47f7616b5d2": ["9", "com.eleybourn.bookcatalogue.Administration"]}, {"b5da35e77093ce7bef40a47f7616b5d2": ["9", "com.eleybourn.bookcatalogue.Administration"]}, {"b4981cc8a3c4fafc210872eb0d8bc7ac": ["8", "com.eleybourn.bookcatalogue.Administration"]}, {"d33569656e3735d2d51224309ec05bbd": ["7", "com.eleybourn.bookcatalogue.Administration"]}, {"d33569656e3735d2d51224309ec05bbd": ["7", "com.eleybourn.bookcatalogue.Administration"]}, {"d33569656e3735d2d51224309ec05bbd": ["7", "com.eleybourn.bookcatalogue.Administration"]}, {"d33569656e3735d2d51224309ec05bbd": ["7", "com.eleybourn.bookcatalogue.Administration"]}, {"d33569656e3735d2d51224309ec05bbd": ["7", "com.eleybourn.bookcatalogue.Administration"]}, {"dc1b9f7285589b90a791e9dce110b998": ["5", "com.eleybourn.bookcatalogue.Administration"]}, {"dc1b9f7285589b90a791e9dce110b998": ["5", "com.eleybourn.bookcatalogue.Administration"]}, {"dc1b9f7285589b90a791e9dce110b998": ["5", "com.eleybourn.bookcatalogue.Administration"]}, {"dc1b9f7285589b90a791e9dce110b998": ["5", "com.eleybourn.bookcatalogue.Administration"]}, {"dc1b9f7285589b90a791e9dce110b998": ["5", "com.eleybourn.bookcatalogue.Administration"]}, {"dc1b9f7285589b90a791e9dce110b998": ["5", "com.eleybourn.bookcatalogue.Administration"]}, {"dc1b9f7285589b90a791e9dce110b998": ["5", "com.eleybourn.bookcatalogue.Administration"]}, {"dc1b9f7285589b90a791e9dce110b998": ["5", "com.eleybourn.bookcatalogue.Administration"]}, {"dc1b9f7285589b90a791e9dce110b998": ["5", "com.eleybourn.bookcatalogue.Administration"]}, {"7110233ef795f3d5c2a441a5c1a54eb0": ["6", "com.eleybourn.bookcatalogue.Administration"]}, {"7110233ef795f3d5c2a441a5c1a54eb0": ["6", "com.eleybourn.bookcatalogue.Administration"]}, {"093d241f4458cd142cb3738ef3b0873c": ["0", "com.eleybourn.bookcatalogue.BookCatalogue"]}, {"093d241f4458cd142cb3738ef3b0873c": ["0", "com.eleybourn.bookcatalogue.BookCatalogue"]}, {"093d241f4458cd142cb3738ef3b0873c": ["0", "com.eleybourn.bookcatalogue.BookCatalogue"]}, {"6287acf463637c0828e78f5372db0803": ["15", "com.eleybourn.bookcatalogue.BookCatalogue"]}, {"096e0c294b6a12361fe4672a78960097": ["16", "com.eleybourn.bookcatalogue.BookISBNSearch"]}, {"d33569656e3735d2d51224309ec05bbd": ["7", "com.eleybourn.bookcatalogue.Administration"]}, {"d33569656e3735d2d51224309ec05bbd": ["7", "com.eleybourn.bookcatalogue.Administration"]}, {"7110233ef795f3d5c2a441a5c1a54eb0": ["6", "com.eleybourn.bookcatalogue.Administration"]}, {"b5da35e77093ce7bef40a47f7616b5d2": ["9", "com.eleybourn.bookcatalogue.Administration"]}, {"b5da35e77093ce7bef40a47f7616b5d2": ["9", "com.eleybourn.bookcatalogue.Administration"]}, {"b5da35e77093ce7bef40a47f7616b5d2": ["9", "com.eleybourn.bookcatalogue.Administration"]}, {"b5da35e77093ce7bef40a47f7616b5d2": ["9", "com.eleybourn.bookcatalogue.Administration"]}, {"d33569656e3735d2d51224309ec05bbd": ["7", "com.eleybourn.bookcatalogue.Administration"]}, {"b5da35e77093ce7bef40a47f7616b5d2": ["9", "com.eleybourn.bookcatalogue.Administration"]}, {"b5da35e77093ce7bef40a47f7616b5d2": ["9", "com.eleybourn.bookcatalogue.Administration"]}, {"b5da35e77093ce7bef40a47f7616b5d2": ["9", "com.eleybourn.bookcatalogue.Administration"]}, {"b5da35e77093ce7bef40a47f7616b5d2": ["9", "com.eleybourn.bookcatalogue.Administration"]}, {"b5da35e77093ce7bef40a47f7616b5d2": ["9", "com.eleybourn.bookcatalogue.Administration"]}, {"b5da35e77093ce7bef40a47f7616b5d2": ["9", "com.eleybourn.bookcatalogue.Administration"]}, {"d33569656e3735d2d51224309ec05bbd": ["7", "com.eleybourn.bookcatalogue.Administration"]}, {"d33569656e3735d2d51224309ec05bbd": ["7", "com.eleybourn.bookcatalogue.Administration"]}, {"b5da35e77093ce7bef40a47f7616b5d2": ["9", "com.eleybourn.bookcatalogue.Administration"]}, {"b5da35e77093ce7bef40a47f7616b5d2": ["9", "com.eleybourn.bookcatalogue.Administration"]}, {"b5da35e77093ce7bef40a47f7616b5d2": ["9", "com.eleybourn.bookcatalogue.Administration"]}, {"d33569656e3735d2d51224309ec05bbd": ["7", "com.eleybourn.bookcatalogue.Administration"]}, {"d33569656e3735d2d51224309ec05bbd": ["7", "com.eleybourn.bookcatalogue.Administration"]}, {"d33569656e3735d2d51224309ec05bbd": ["7", "com.eleybourn.bookcatalogue.Administration"]}, {"d33569656e3735d2d51224309ec05bbd": ["7", "com.eleybourn.bookcatalogue.Administration"]}, {"7110233ef795f3d5c2a441a5c1a54eb0": ["6", "com.eleybourn.bookcatalogue.Administration"]}, {"d33569656e3735d2d51224309ec05bbd": ["7", "com.eleybourn.bookcatalogue.Administration"]}, {"d33569656e3735d2d51224309ec05bbd": ["7", "com.eleybourn.bookcatalogue.Administration"]}, {"d33569656e3735d2d51224309ec05bbd": ["7", "com.eleybourn.bookcatalogue.Administration"]}, {"d33569656e3735d2d51224309ec05bbd": ["7", "com.eleybourn.bookcatalogue.Administration"]}, {"d33569656e3735d2d51224309ec05bbd": ["7", "com.eleybourn.bookcatalogue.Administration"]}, {"b5da35e77093ce7bef40a47f7616b5d2": ["9", "com.eleybourn.bookcatalogue.Administration"]}, {"b5da35e77093ce7bef40a47f7616b5d2": ["9", "com.eleybourn.bookcatalogue.Administration"]}, {"d6bea6af88eb239711b47290e4155dfc": ["3", "com.eleybourn.bookcatalogue.Administration"]}, {"d6bea6af88eb239711b47290e4155dfc": ["3", "com.eleybourn.bookcatalogue.Administration"]}, {"d33569656e3735d2d51224309ec05bbd": ["7", "com.eleybourn.bookcatalogue.Administration"]}, {"dc1b9f7285589b90a791e9dce110b998": ["5", "com.eleybourn.bookcatalogue.Administration"]}, {"dc1b9f7285589b90a791e9dce110b998": ["5", "com.eleybourn.bookcatalogue.Administration"]}, {"b5da35e77093ce7bef40a47f7616b5d2": ["9", "com.eleybourn.bookcatalogue.Administration"]}, {"b5da35e77093ce7bef40a47f7616b5d2": ["9", "com.eleybourn.bookcatalogue.Administration"]}, {"b4981cc8a3c4fafc210872eb0d8bc7ac": ["8", "com.eleybourn.bookcatalogue.Administration"]}, {"d33569656e3735d2d51224309ec05bbd": ["7", "com.eleybourn.bookcatalogue.Administration"]}, {"d33569656e3735d2d51224309ec05bbd": ["7", "com.eleybourn.bookcatalogue.Administration"]}, {"d33569656e3735d2d51224309ec05bbd": ["7", "com.eleybourn.bookcatalogue.Administration"]}, {"d33569656e3735d2d51224309ec05bbd": ["7", "com.eleybourn.bookcatalogue.Administration"]}, {"d33569656e3735d2d51224309ec05bbd": ["7", "com.eleybourn.bookcatalogue.Administration"]}, {"7110233ef795f3d5c2a441a5c1a54eb0": ["6", "com.eleybourn.bookcatalogue.Administration"]}, {"dc1b9f7285589b90a791e9dce110b998": ["5", "com.eleybourn.bookcatalogue.Administration"]}, {"dc1b9f7285589b90a791e9dce110b998": ["5", "com.eleybourn.bookcatalogue.Administration"]}, {"dc1b9f7285589b90a791e9dce110b998": ["5", "com.eleybourn.bookcatalogue.Administration"]}, {"dc1b9f7285589b90a791e9dce110b998": ["5", "com.eleybourn.bookcatalogue.Administration"]}, {"dc1b9f7285589b90a791e9dce110b998": ["5", "com.eleybourn.bookcatalogue.Administration"]}, {"dc1b9f7285589b90a791e9dce110b998": ["5", "com.eleybourn.bookcatalogue.Administration"]}, {"dc1b9f7285589b90a791e9dce110b998": ["5", "com.eleybourn.bookcatalogue.Administration"]}, {"dc1b9f7285589b90a791e9dce110b998": ["5", "com.eleybourn.bookcatalogue.Administration"]}, {"dc1b9f7285589b90a791e9dce110b998": ["5", "com.eleybourn.bookcatalogue.Administration"]}, {"7110233ef795f3d5c2a441a5c1a54eb0": ["6", "com.eleybourn.bookcatalogue.Administration"]}, {"7110233ef795f3d5c2a441a5c1a54eb0": ["6", "com.eleybourn.bookcatalogue.Administration"]}, {"093d241f4458cd142cb3738ef3b0873c": ["0", "com.eleybourn.bookcatalogue.BookCatalogue"]}, {"093d241f4458cd142cb3738ef3b0873c": ["0", "com.eleybourn.bookcatalogue.BookCatalogue"]}, {"093d241f4458cd142cb3738ef3b0873c": ["0", "com.eleybourn.bookcatalogue.BookCatalogue"]}, {"6287acf463637c0828e78f5372db0803": ["15", "com.eleybourn.bookcatalogue.BookCatalogue"]}, {"096e0c294b6a12361fe4672a78960097": ["16", "com.eleybourn.bookcatalogue.BookISBNSearch"]}, {"d33569656e3735d2d51224309ec05bbd": ["7", "com.eleybourn.bookcatalogue.Administration"]}, {"d33569656e3735d2d51224309ec05bbd": ["7", "com.eleybourn.bookcatalogue.Administration"]}, {"7110233ef795f3d5c2a441a5c1a54eb0": ["6", "com.eleybourn.bookcatalogue.Administration"]}, {"b5da35e77093ce7bef40a47f7616b5d2": ["9", "com.eleybourn.bookcatalogue.Administration"]}, {"b5da35e77093ce7bef40a47f7616b5d2": ["9", "com.eleybourn.bookcatalogue.Administration"]}, {"b5da35e77093ce7bef40a47f7616b5d2": ["9", "com.eleybourn.bookcatalogue.Administration"]}, {"b5da35e77093ce7bef40a47f7616b5d2": ["9", "com.eleybourn.bookcatalogue.Administration"]}, {"d33569656e3735d2d51224309ec05bbd": ["7", "com.eleybourn.bookcatalogue.Administration"]}, {"b5da35e77093ce7bef40a47f7616b5d2": ["9", "com.eleybourn.bookcatalogue.Administration"]}, {"b5da35e77093ce7bef40a47f7616b5d2": ["9", "com.eleybourn.bookcatalogue.Administration"]}, {"b5da35e77093ce7bef40a47f7616b5d2": ["9", "com.eleybourn.bookcatalogue.Administration"]}, {"b5da35e77093ce7bef40a47f7616b5d2": ["9", "com.eleybourn.bookcatalogue.Administration"]}, {"b5da35e77093ce7bef40a47f7616b5d2": ["9", "com.eleybourn.bookcatalogue.Administration"]}, {"b5da35e77093ce7bef40a47f7616b5d2": ["9", "com.eleybourn.bookcatalogue.Administration"]}, {"d33569656e3735d2d51224309ec05bbd": ["7", "com.eleybourn.bookcatalogue.Administration"]}, {"d33569656e3735d2d51224309ec05bbd": ["7", "com.eleybourn.bookcatalogue.Administration"]}, {"b5da35e77093ce7bef40a47f7616b5d2": ["9", "com.eleybourn.bookcatalogue.Administration"]}, {"b5da35e77093ce7bef40a47f7616b5d2": ["9", "com.eleybourn.bookcatalogue.Administration"]}, {"b5da35e77093ce7bef40a47f7616b5d2": ["9", "com.eleybourn.bookcatalogue.Administration"]}, {"d33569656e3735d2d51224309ec05bbd": ["7", "com.eleybourn.bookcatalogue.Administration"]}, {"d33569656e3735d2d51224309ec05bbd": ["7", "com.eleybourn.bookcatalogue.Administration"]}, {"d33569656e3735d2d51224309ec05bbd": ["7", "com.eleybourn.bookcatalogue.Administration"]}, {"d33569656e3735d2d51224309ec05bbd": ["7", "com.eleybourn.bookcatalogue.Administration"]}, {"7110233ef795f3d5c2a441a5c1a54eb0": ["6", "com.eleybourn.bookcatalogue.Administration"]}, {"d33569656e3735d2d51224309ec05bbd": ["7", "com.eleybourn.bookcatalogue.Administration"]}, {"d33569656e3735d2d51224309ec05bbd": ["7", "com.eleybourn.bookcatalogue.Administration"]}, {"d33569656e3735d2d51224309ec05bbd": ["7", "com.eleybourn.bookcatalogue.Administration"]}, {"d33569656e3735d2d51224309ec05bbd": ["7", "com.eleybourn.bookcatalogue.Administration"]}, {"d33569656e3735d2d51224309ec05bbd": ["7", "com.eleybourn.bookcatalogue.Administration"]}, {"b5da35e77093ce7bef40a47f7616b5d2": ["9", "com.eleybourn.bookcatalogue.Administration"]}, {"b5da35e77093ce7bef40a47f7616b5d2": ["9", "com.eleybourn.bookcatalogue.Administration"]}, {"d6bea6af88eb239711b47290e4155dfc": ["3", "com.eleybourn.bookcatalogue.Administration"]}, {"d6bea6af88eb239711b47290e4155dfc": ["3", "com.eleybourn.bookcatalogue.Administration"]}, {"d33569656e3735d2d51224309ec05bbd": ["7", "com.eleybourn.bookcatalogue.Administration"]}, {"dc1b9f7285589b90a791e9dce110b998": ["5", "com.eleybourn.bookcatalogue.Administration"]}, {"dc1b9f7285589b90a791e9dce110b998": ["5", "com.eleybourn.bookcatalogue.Administration"]}, {"b5da35e77093ce7bef40a47f7616b5d2": ["9", "com.eleybourn.bookcatalogue.Administration"]}, {"b5da35e77093ce7bef40a47f7616b5d2": ["9", "com.eleybourn.bookcatalogue.Administration"]}, {"b4981cc8a3c4fafc210872eb0d8bc7ac": ["8", "com.eleybourn.bookcatalogue.Administration"]}, {"d33569656e3735d2d51224309ec05bbd": ["7", "com.eleybourn.bookcatalogue.Administration"]}, {"d33569656e3735d2d51224309ec05bbd": ["7", "com.eleybourn.bookcatalogue.Administration"]}, {"d33569656e3735d2d51224309ec05bbd": ["7", "com.eleybourn.bookcatalogue.Administration"]}, {"d33569656e3735d2d51224309ec05bbd": ["7", "com.eleybourn.bookcatalogue.Administration"]}, {"d33569656e3735d2d51224309ec05bbd": ["7", "com.eleybourn.bookcatalogue.Administration"]}, {"7110233ef795f3d5c2a441a5c1a54eb0": ["6", "com.eleybourn.bookcatalogue.Administration"]}, {"dc1b9f7285589b90a791e9dce110b998": ["5", "com.eleybourn.bookcatalogue.Administration"]}, {"dc1b9f7285589b90a791e9dce110b998": ["5", "com.eleybourn.bookcatalogue.Administration"]}, {"dc1b9f7285589b90a791e9dce110b998": ["5", "com.eleybourn.bookcatalogue.Administration"]}, {"dc1b9f7285589b90a791e9dce110b998": ["5", "com.eleybourn.bookcatalogue.Administration"]}, {"dc1b9f7285589b90a791e9dce110b998": ["5", "com.eleybourn.bookcatalogue.Administration"]}, {"d33569656e3735d2d51224309ec05bbd": ["7", "com.eleybourn.bookcatalogue.Administration"]}, {"d33569656e3735d2d51224309ec05bbd": ["7", "com.eleybourn.bookcatalogue.Administration"]}, {"b5da35e77093ce7bef40a47f7616b5d2": ["9", "com.eleybourn.bookcatalogue.Administration"]}, {"7110233ef795f3d5c2a441a5c1a54eb0": ["6", "com.eleybourn.bookcatalogue.Administration"]}, {"7110233ef795f3d5c2a441a5c1a54eb0": ["6", "com.eleybourn.bookcatalogue.Administration"]}, {"b5da35e77093ce7bef40a47f7616b5d2": ["9", "com.eleybourn.bookcatalogue.Administration"]}, {"b5da35e77093ce7bef40a47f7616b5d2": ["9", "com.eleybourn.bookcatalogue.Administration"]}, {"b5da35e77093ce7bef40a47f7616b5d2": ["9", "com.eleybourn.bookcatalogue.Administration"]}, {"093d241f4458cd142cb3738ef3b0873c": ["0", "com.eleybourn.bookcatalogue.BookCatalogue"]}, {"093d241f4458cd142cb3738ef3b0873c": ["0", "com.eleybourn.bookcatalogue.BookCatalogue"]}, {"093d241f4458cd142cb3738ef3b0873c": ["0", "com.eleybourn.bookcatalogue.BookCatalogue"]}, {"6287acf463637c0828e78f5372db0803": ["15", "com.eleybourn.bookcatalogue.BookCatalogue"]}, {"096e0c294b6a12361fe4672a78960097": ["16", "com.eleybourn.bookcatalogue.BookISBNSearch"]}, {"b5da35e77093ce7bef40a47f7616b5d2": ["9", "com.eleybourn.bookcatalogue.Administration"]}, {"b5da35e77093ce7bef40a47f7616b5d2": ["9", "com.eleybourn.bookcatalogue.Administration"]}, {"7110233ef795f3d5c2a441a5c1a54eb0": ["6", "com.eleybourn.bookcatalogue.Administration"]}, {"d33569656e3735d2d51224309ec05bbd": ["7", "com.eleybourn.bookcatalogue.Administration"]}, {"d33569656e3735d2d51224309ec05bbd": ["7", "com.eleybourn.bookcatalogue.Administration"]}, {"d33569656e3735d2d51224309ec05bbd": ["7", "com.eleybourn.bookcatalogue.Administration"]}, {"d33569656e3735d2d51224309ec05bbd": ["7", "com.eleybourn.bookcatalogue.Administration"]}, {"d33569656e3735d2d51224309ec05bbd": ["7", "com.eleybourn.bookcatalogue.Administration"]}, {"b5da35e77093ce7bef40a47f7616b5d2": ["9", "com.eleybourn.bookcatalogue.Administration"]}, {"b5da35e77093ce7bef40a47f7616b5d2": ["9", "com.eleybourn.bookcatalogue.Administration"]}, {"b5da35e77093ce7bef40a47f7616b5d2": ["9", "com.eleybourn.bookcatalogue.Administration"]}, {"b5da35e77093ce7bef40a47f7616b5d2": ["9", "com.eleybourn.bookcatalogue.Administration"]}, {"b5da35e77093ce7bef40a47f7616b5d2": ["9", "com.eleybourn.bookcatalogue.Administration"]}, {"b5da35e77093ce7bef40a47f7616b5d2": ["9", "com.eleybourn.bookcatalogue.Administration"]}, {"d33569656e3735d2d51224309ec05bbd": ["7", "com.eleybourn.bookcatalogue.Administration"]}, {"b5da35e77093ce7bef40a47f7616b5d2": ["9", "com.eleybourn.bookcatalogue.Administration"]}, {"b5da35e77093ce7bef40a47f7616b5d2": ["9", "com.eleybourn.bookcatalogue.Administration"]}, {"b5da35e77093ce7bef40a47f7616b5d2": ["9", "com.eleybourn.bookcatalogue.Administration"]}, {"d33569656e3735d2d51224309ec05bbd": ["7", "com.eleybourn.bookcatalogue.Administration"]}, {"d33569656e3735d2d51224309ec05bbd": ["7", "com.eleybourn.bookcatalogue.Administration"]}, {"d33569656e3735d2d51224309ec05bbd": ["7", "com.eleybourn.bookcatalogue.Administration"]}, {"d33569656e3735d2d51224309ec05bbd": ["7", "com.eleybourn.bookcatalogue.Administration"]}, {"7110233ef795f3d5c2a441a5c1a54eb0": ["6", "com.eleybourn.bookcatalogue.Administration"]}, {"d33569656e3735d2d51224309ec05bbd": ["7", "com.eleybourn.bookcatalogue.Administration"]}, {"d33569656e3735d2d51224309ec05bbd": ["7", "com.eleybourn.bookcatalogue.Administration"]}, {"d33569656e3735d2d51224309ec05bbd": ["7", "com.eleybourn.bookcatalogue.Administration"]}, {"d33569656e3735d2d51224309ec05bbd": ["7", "com.eleybourn.bookcatalogue.Administration"]}, {"d33569656e3735d2d51224309ec05bbd": ["7", "com.eleybourn.bookcatalogue.Administration"]}, {"b5da35e77093ce7bef40a47f7616b5d2": ["9", "com.eleybourn.bookcatalogue.Administration"]}, {"b5da35e77093ce7bef40a47f7616b5d2": ["9", "com.eleybourn.bookcatalogue.Administration"]}, {"d6bea6af88eb239711b47290e4155dfc": ["3", "com.eleybourn.bookcatalogue.Administration"]}, {"d6bea6af88eb239711b47290e4155dfc": ["3", "com.eleybourn.bookcatalogue.Administration"]}, {"d33569656e3735d2d51224309ec05bbd": ["7", "com.eleybourn.bookcatalogue.Administration"]}, {"b5da35e77093ce7bef40a47f7616b5d2": ["9", "com.eleybourn.bookcatalogue.Administration"]}, {"b5da35e77093ce7bef40a47f7616b5d2": ["9", "com.eleybourn.bookcatalogue.Administration"]}, {"b5da35e77093ce7bef40a47f7616b5d2": ["9", "com.eleybourn.bookcatalogue.Administration"]}, {"b5da35e77093ce7bef40a47f7616b5d2": ["9", "com.eleybourn.bookcatalogue.Administration"]}, {"b4981cc8a3c4fafc210872eb0d8bc7ac": ["8", "com.eleybourn.bookcatalogue.Administration"]}, {"d33569656e3735d2d51224309ec05bbd": ["7", "com.eleybourn.bookcatalogue.Administration"]}, {"d33569656e3735d2d51224309ec05bbd": ["7", "com.eleybourn.bookcatalogue.Administration"]}, {"d33569656e3735d2d51224309ec05bbd": ["7", "com.eleybourn.bookcatalogue.Administration"]}, {"d33569656e3735d2d51224309ec05bbd": ["7", "com.eleybourn.bookcatalogue.Administration"]}, {"d33569656e3735d2d51224309ec05bbd": ["7", "com.eleybourn.bookcatalogue.Administration"]}, {"342d137fe7cf71942481d6532d5c5b21": ["58", "com.eleybourn.bookcatalogue.Administration"]}, {"dc1b9f7285589b90a791e9dce110b998": ["5", "com.eleybourn.bookcatalogue.Administration"]}, {"dc1b9f7285589b90a791e9dce110b998": ["5", "com.eleybourn.bookcatalogue.Administration"]}, {"dc1b9f7285589b90a791e9dce110b998": ["5", "com.eleybourn.bookcatalogue.Administration"]}, {"dc1b9f7285589b90a791e9dce110b998": ["5", "com.eleybourn.bookcatalogue.Administration"]}, {"dc1b9f7285589b90a791e9dce110b998": ["5", "com.eleybourn.bookcatalogue.Administration"]}, {"dc1b9f7285589b90a791e9dce110b998": ["5", "com.eleybourn.bookcatalogue.Administration"]}, {"dc1b9f7285589b90a791e9dce110b998": ["5", "com.eleybourn.bookcatalogue.Administration"]}, {"dc1b9f7285589b90a791e9dce110b998": ["5", "com.eleybourn.bookcatalogue.Administration"]}, {"7110233ef795f3d5c2a441a5c1a54eb0": ["6", "com.eleybourn.bookcatalogue.Administration"]}, {"7110233ef795f3d5c2a441a5c1a54eb0": ["6", "com.eleybourn.bookcatalogue.Administration"]}, {"093d241f4458cd142cb3738ef3b0873c": ["0", "com.eleybourn.bookcatalogue.BookCatalogue"]}, {"093d241f4458cd142cb3738ef3b0873c": ["0", "com.eleybourn.bookcatalogue.BookCatalogue"]}, {"093d241f4458cd142cb3738ef3b0873c": ["0", "com.eleybourn.bookcatalogue.BookCatalogue"]}, {"6287acf463637c0828e78f5372db0803": ["15", "com.eleybourn.bookcatalogue.BookCatalogue"]}, {"096e0c294b6a12361fe4672a78960097": ["16", "com.eleybourn.bookcatalogue.BookISBNSearch"]}, {"d33569656e3735d2d51224309ec05bbd": ["7", "com.eleybourn.bookcatalogue.Administration"]}, {"d33569656e3735d2d51224309ec05bbd": ["7", "com.eleybourn.bookcatalogue.Administration"]}, {"7110233ef795f3d5c2a441a5c1a54eb0": ["6", "com.eleybourn.bookcatalogue.Administration"]}, {"b5da35e77093ce7bef40a47f7616b5d2": ["9", "com.eleybourn.bookcatalogue.Administration"]}, {"b5da35e77093ce7bef40a47f7616b5d2": ["9", "com.eleybourn.bookcatalogue.Administration"]}, {"b5da35e77093ce7bef40a47f7616b5d2": ["9", "com.eleybourn.bookcatalogue.Administration"]}, {"b5da35e77093ce7bef40a47f7616b5d2": ["9", "com.eleybourn.bookcatalogue.Administration"]}, {"d33569656e3735d2d51224309ec05bbd": ["7", "com.eleybourn.bookcatalogue.Administration"]}, {"b5da35e77093ce7bef40a47f7616b5d2": ["9", "com.eleybourn.bookcatalogue.Administration"]}, {"b5da35e77093ce7bef40a47f7616b5d2": ["9", "com.eleybourn.bookcatalogue.Administration"]}, {"b5da35e77093ce7bef40a47f7616b5d2": ["9", "com.eleybourn.bookcatalogue.Administration"]}, {"b5da35e77093ce7bef40a47f7616b5d2": ["9", "com.eleybourn.bookcatalogue.Administration"]}, {"b5da35e77093ce7bef40a47f7616b5d2": ["9", "com.eleybourn.bookcatalogue.Administration"]}, {"b5da35e77093ce7bef40a47f7616b5d2": ["9", "com.eleybourn.bookcatalogue.Administration"]}, {"d33569656e3735d2d51224309ec05bbd": ["7", "com.eleybourn.bookcatalogue.Administration"]}, {"d33569656e3735d2d51224309ec05bbd": ["7", "com.eleybourn.bookcatalogue.Administration"]}, {"b5da35e77093ce7bef40a47f7616b5d2": ["9", "com.eleybourn.bookcatalogue.Administration"]}, {"b5da35e77093ce7bef40a47f7616b5d2": ["9", "com.eleybourn.bookcatalogue.Administration"]}, {"b5da35e77093ce7bef40a47f7616b5d2": ["9", "com.eleybourn.bookcatalogue.Administration"]}, {"d33569656e3735d2d51224309ec05bbd": ["7", "com.eleybourn.bookcatalogue.Administration"]}, {"d33569656e3735d2d51224309ec05bbd": ["7", "com.eleybourn.bookcatalogue.Administration"]}, {"d33569656e3735d2d51224309ec05bbd": ["7", "com.eleybourn.bookcatalogue.Administration"]}, {"d33569656e3735d2d51224309ec05bbd": ["7", "com.eleybourn.bookcatalogue.Administration"]}, {"7110233ef795f3d5c2a441a5c1a54eb0": ["6", "com.eleybourn.bookcatalogue.Administration"]}, {"d33569656e3735d2d51224309ec05bbd": ["7", "com.eleybourn.bookcatalogue.Administration"]}, {"d33569656e3735d2d51224309ec05bbd": ["7", "com.eleybourn.bookcatalogue.Administration"]}, {"d33569656e3735d2d51224309ec05bbd": ["7", "com.eleybourn.bookcatalogue.Administration"]}, {"d33569656e3735d2d51224309ec05bbd": ["7", "com.eleybourn.bookcatalogue.Administration"]}, {"d33569656e3735d2d51224309ec05bbd": ["7", "com.eleybourn.bookcatalogue.Administration"]}, {"b5da35e77093ce7bef40a47f7616b5d2": ["9", "com.eleybourn.bookcatalogue.Administration"]}, {"b5da35e77093ce7bef40a47f7616b5d2": ["9", "com.eleybourn.bookcatalogue.Administration"]}, {"d6bea6af88eb239711b47290e4155dfc": ["3", "com.eleybourn.bookcatalogue.Administration"]}, {"d6bea6af88eb239711b47290e4155dfc": ["3", "com.eleybourn.bookcatalogue.Administration"]}, {"d33569656e3735d2d51224309ec05bbd": ["7", "com.eleybourn.bookcatalogue.Administration"]}, {"dc1b9f7285589b90a791e9dce110b998": ["5", "com.eleybourn.bookcatalogue.Administration"]}, {"dc1b9f7285589b90a791e9dce110b998": ["5", "com.eleybourn.bookcatalogue.Administration"]}, {"b5da35e77093ce7bef40a47f7616b5d2": ["9", "com.eleybourn.bookcatalogue.Administration"]}, {"b5da35e77093ce7bef40a47f7616b5d2": ["9", "com.eleybourn.bookcatalogue.Administration"]}, {"b4981cc8a3c4fafc210872eb0d8bc7ac": ["8", "com.eleybourn.bookcatalogue.Administration"]}, {"d33569656e3735d2d51224309ec05bbd": ["7", "com.eleybourn.bookcatalogue.Administration"]}, {"d33569656e3735d2d51224309ec05bbd": ["7", "com.eleybourn.bookcatalogue.Administration"]}, {"d33569656e3735d2d51224309ec05bbd": ["7", "com.eleybourn.bookcatalogue.Administration"]}, {"d33569656e3735d2d51224309ec05bbd": ["7", "com.eleybourn.bookcatalogue.Administration"]}, {"d33569656e3735d2d51224309ec05bbd": ["7", "com.eleybourn.bookcatalogue.Administration"]}, {"d33569656e3735d2d51224309ec05bbd": ["7", "com.eleybourn.bookcatalogue.Administration"]}, {"d6bea6af88eb239711b47290e4155dfc": ["3", "com.eleybourn.bookcatalogue.Administration"]}, {"d6bea6af88eb239711b47290e4155dfc": ["3", "com.eleybourn.bookcatalogue.Administration"]}, {"d6bea6af88eb239711b47290e4155dfc": ["3", "com.eleybourn.bookcatalogue.Administration"]}, {"47069eb180eb4d27dee64d7ed7e8a763": ["4", "com.eleybourn.bookcatalogue.AdministrationFunctions"]}, {"b4981cc8a3c4fafc210872eb0d8bc7ac": ["8", "com.eleybourn.bookcatalogue.Administration"]}, {"b5da35e77093ce7bef40a47f7616b5d2": ["9", "com.eleybourn.bookcatalogue.Administration"]}, {"b5da35e77093ce7bef40a47f7616b5d2": ["9", "com.eleybourn.bookcatalogue.Administration"]}, {"b5da35e77093ce7bef40a47f7616b5d2": ["9", "com.eleybourn.bookcatalogue.Administration"]}, {"b5da35e77093ce7bef40a47f7616b5d2": ["9", "com.eleybourn.bookcatalogue.Administration"]}, {"7110233ef795f3d5c2a441a5c1a54eb0": ["6", "com.eleybourn.bookcatalogue.Administration"]}, {"7110233ef795f3d5c2a441a5c1a54eb0": ["6", "com.eleybourn.bookcatalogue.Administration"]}, {"d33569656e3735d2d51224309ec05bbd": ["7", "com.eleybourn.bookcatalogue.Administration"]}, {"d33569656e3735d2d51224309ec05bbd": ["7", "com.eleybourn.bookcatalogue.Administration"]}, {"d33569656e3735d2d51224309ec05bbd": ["7", "com.eleybourn.bookcatalogue.Administration"]}, {"093d241f4458cd142cb3738ef3b0873c": ["0", "com.eleybourn.bookcatalogue.BookCatalogue"]}, {"093d241f4458cd142cb3738ef3b0873c": ["0", "com.eleybourn.bookcatalogue.BookCatalogue"]}, {"093d241f4458cd142cb3738ef3b0873c": ["0", "com.eleybourn.bookcatalogue.BookCatalogue"]}, {"6287acf463637c0828e78f5372db0803": ["15", "com.eleybourn.bookcatalogue.BookCatalogue"]}, {"096e0c294b6a12361fe4672a78960097": ["16", "com.eleybourn.bookcatalogue.BookISBNSearch"]}, {"d33569656e3735d2d51224309ec05bbd": ["7", "com.eleybourn.bookcatalogue.Administration"]}, {"d33569656e3735d2d51224309ec05bbd": ["7", "com.eleybourn.bookcatalogue.Administration"]}, {"d33569656e3735d2d51224309ec05bbd": ["7", "com.eleybourn.bookcatalogue.Administration"]}, {"d33569656e3735d2d51224309ec05bbd": ["7", "com.eleybourn.bookcatalogue.Administration"]}, {"d33569656e3735d2d51224309ec05bbd": ["7", "com.eleybourn.bookcatalogue.Administration"]}, {"d33569656e3735d2d51224309ec05bbd": ["7", "com.eleybourn.bookcatalogue.Administration"]}, {"b5da35e77093ce7bef40a47f7616b5d2": ["9", "com.eleybourn.bookcatalogue.Administration"]}, {"b5da35e77093ce7bef40a47f7616b5d2": ["9", "com.eleybourn.bookcatalogue.Administration"]}, {"d33569656e3735d2d51224309ec05bbd": ["7", "com.eleybourn.bookcatalogue.Administration"]}, {"b5da35e77093ce7bef40a47f7616b5d2": ["9", "com.eleybourn.bookcatalogue.Administration"]}, {"b5da35e77093ce7bef40a47f7616b5d2": ["9", "com.eleybourn.bookcatalogue.Administration"]}, {"b5da35e77093ce7bef40a47f7616b5d2": ["9", "com.eleybourn.bookcatalogue.Administration"]}, {"b5da35e77093ce7bef40a47f7616b5d2": ["9", "com.eleybourn.bookcatalogue.Administration"]}, {"b5da35e77093ce7bef40a47f7616b5d2": ["9", "com.eleybourn.bookcatalogue.Administration"]}, {"b5da35e77093ce7bef40a47f7616b5d2": ["9", "com.eleybourn.bookcatalogue.Administration"]}, {"d33569656e3735d2d51224309ec05bbd": ["7", "com.eleybourn.bookcatalogue.Administration"]}, {"d33569656e3735d2d51224309ec05bbd": ["7", "com.eleybourn.bookcatalogue.Administration"]}, {"b5da35e77093ce7bef40a47f7616b5d2": ["9", "com.eleybourn.bookcatalogue.Administration"]}, {"b5da35e77093ce7bef40a47f7616b5d2": ["9", "com.eleybourn.bookcatalogue.Administration"]}, {"b5da35e77093ce7bef40a47f7616b5d2": ["9", "com.eleybourn.bookcatalogue.Administration"]}, {"d33569656e3735d2d51224309ec05bbd": ["7", "com.eleybourn.bookcatalogue.Administration"]}, {"d33569656e3735d2d51224309ec05bbd": ["7", "com.eleybourn.bookcatalogue.Administration"]}, {"d33569656e3735d2d51224309ec05bbd": ["7", "com.eleybourn.bookcatalogue.Administration"]}, {"d33569656e3735d2d51224309ec05bbd": ["7", "com.eleybourn.bookcatalogue.Administration"]}, {"7110233ef795f3d5c2a441a5c1a54eb0": ["6", "com.eleybourn.bookcatalogue.Administration"]}, {"d33569656e3735d2d51224309ec05bbd": ["7", "com.eleybourn.bookcatalogue.Administration"]}, {"d33569656e3735d2d51224309ec05bbd": ["7", "com.eleybourn.bookcatalogue.Administration"]}, {"d33569656e3735d2d51224309ec05bbd": ["7", "com.eleybourn.bookcatalogue.Administration"]}, {"d33569656e3735d2d51224309ec05bbd": ["7", "com.eleybourn.bookcatalogue.Administration"]}, {"d33569656e3735d2d51224309ec05bbd": ["7", "com.eleybourn.bookcatalogue.Administration"]}, {"b5da35e77093ce7bef40a47f7616b5d2": ["9", "com.eleybourn.bookcatalogue.Administration"]}, {"b5da35e77093ce7bef40a47f7616b5d2": ["9", "com.eleybourn.bookcatalogue.Administration"]}, {"d6bea6af88eb239711b47290e4155dfc": ["3", "com.eleybourn.bookcatalogue.Administration"]}, {"d6bea6af88eb239711b47290e4155dfc": ["3", "com.eleybourn.bookcatalogue.Administration"]}, {"d33569656e3735d2d51224309ec05bbd": ["7", "com.eleybourn.bookcatalogue.Administration"]}, {"dc1b9f7285589b90a791e9dce110b998": ["5", "com.eleybourn.bookcatalogue.Administration"]}, {"dc1b9f7285589b90a791e9dce110b998": ["5", "com.eleybourn.bookcatalogue.Administration"]}, {"b5da35e77093ce7bef40a47f7616b5d2": ["9", "com.eleybourn.bookcatalogue.Administration"]}, {"b5da35e77093ce7bef40a47f7616b5d2": ["9", "com.eleybourn.bookcatalogue.Administration"]}, {"b4981cc8a3c4fafc210872eb0d8bc7ac": ["8", "com.eleybourn.bookcatalogue.Administration"]}, {"d33569656e3735d2d51224309ec05bbd": ["7", "com.eleybourn.bookcatalogue.Administration"]}, {"d33569656e3735d2d51224309ec05bbd": ["7", "com.eleybourn.bookcatalogue.Administration"]}, {"b4981cc8a3c4fafc210872eb0d8bc7ac": ["8", "com.eleybourn.bookcatalogue.Administration"]}, {"d33569656e3735d2d51224309ec05bbd": ["7", "com.eleybourn.bookcatalogue.Administration"]}, {"d33569656e3735d2d51224309ec05bbd": ["7", "com.eleybourn.bookcatalogue.Administration"]}, {"7110233ef795f3d5c2a441a5c1a54eb0": ["6", "com.eleybourn.bookcatalogue.Administration"]}, {"dc1b9f7285589b90a791e9dce110b998": ["5", "com.eleybourn.bookcatalogue.Administration"]}, {"dc1b9f7285589b90a791e9dce110b998": ["5", "com.eleybourn.bookcatalogue.Administration"]}, {"dc1b9f7285589b90a791e9dce110b998": ["5", "com.eleybourn.bookcatalogue.Administration"]}, {"dc1b9f7285589b90a791e9dce110b998": ["5", "com.eleybourn.bookcatalogue.Administration"]}, {"dc1b9f7285589b90a791e9dce110b998": ["5", "com.eleybourn.bookcatalogue.Administration"]}, {"d33569656e3735d2d51224309ec05bbd": ["7", "com.eleybourn.bookcatalogue.Administration"]}, {"d33569656e3735d2d51224309ec05bbd": ["7", "com.eleybourn.bookcatalogue.Administration"]}, {"b5da35e77093ce7bef40a47f7616b5d2": ["9", "com.eleybourn.bookcatalogue.Administration"]}, {"7110233ef795f3d5c2a441a5c1a54eb0": ["6", "com.eleybourn.bookcatalogue.Administration"]}, {"7110233ef795f3d5c2a441a5c1a54eb0": ["6", "com.eleybourn.bookcatalogue.Administration"]}, {"b5da35e77093ce7bef40a47f7616b5d2": ["9", "com.eleybourn.bookcatalogue.Administration"]}, {"b5da35e77093ce7bef40a47f7616b5d2": ["9", "com.eleybourn.bookcatalogue.Administration"]}, {"b5da35e77093ce7bef40a47f7616b5d2": ["9", "com.eleybourn.bookcatalogue.Administration"]}, {"093d241f4458cd142cb3738ef3b0873c": ["0", "com.eleybourn.bookcatalogue.BookCatalogue"]}, {"093d241f4458cd142cb3738ef3b0873c": ["0", "com.eleybourn.bookcatalogue.BookCatalogue"]}, {"093d241f4458cd142cb3738ef3b0873c": ["0", "com.eleybourn.bookcatalogue.BookCatalogue"]}, {"6287acf463637c0828e78f5372db0803": ["15", "com.eleybourn.bookcatalogue.BookCatalogue"]}, {"096e0c294b6a12361fe4672a78960097": ["16", "com.eleybourn.bookcatalogue.BookISBNSearch"]}, {"b5da35e77093ce7bef40a47f7616b5d2": ["9", "com.eleybourn.bookcatalogue.Administration"]}, {"b5da35e77093ce7bef40a47f7616b5d2": ["9", "com.eleybourn.bookcatalogue.Administration"]}, {"b5da35e77093ce7bef40a47f7616b5d2": ["9", "com.eleybourn.bookcatalogue.Administration"]}, {"b5da35e77093ce7bef40a47f7616b5d2": ["9", "com.eleybourn.bookcatalogue.Administration"]}, {"b5da35e77093ce7bef40a47f7616b5d2": ["9", "com.eleybourn.bookcatalogue.Administration"]}, {"b5da35e77093ce7bef40a47f7616b5d2": ["9", "com.eleybourn.bookcatalogue.Administration"]}, {"b5da35e77093ce7bef40a47f7616b5d2": ["9", "com.eleybourn.bookcatalogue.Administration"]}, {"b5da35e77093ce7bef40a47f7616b5d2": ["9", "com.eleybourn.bookcatalogue.Administration"]}, {"d33569656e3735d2d51224309ec05bbd": ["7", "com.eleybourn.bookcatalogue.Administration"]}, {"b5da35e77093ce7bef40a47f7616b5d2": ["9", "com.eleybourn.bookcatalogue.Administration"]}, {"b5da35e77093ce7bef40a47f7616b5d2": ["9", "com.eleybourn.bookcatalogue.Administration"]}, {"b5da35e77093ce7bef40a47f7616b5d2": ["9", "com.eleybourn.bookcatalogue.Administration"]}, {"b5da35e77093ce7bef40a47f7616b5d2": ["9", "com.eleybourn.bookcatalogue.Administration"]}, {"b5da35e77093ce7bef40a47f7616b5d2": ["9", "com.eleybourn.bookcatalogue.Administration"]}, {"b5da35e77093ce7bef40a47f7616b5d2": ["9", "com.eleybourn.bookcatalogue.Administration"]}, {"d33569656e3735d2d51224309ec05bbd": ["7", "com.eleybourn.bookcatalogue.Administration"]}, {"dc1b9f7285589b90a791e9dce110b998": ["5", "com.eleybourn.bookcatalogue.Administration"]}, {"dc1b9f7285589b90a791e9dce110b998": ["5", "com.eleybourn.bookcatalogue.Administration"]}, {"d33569656e3735d2d51224309ec05bbd": ["7", "com.eleybourn.bookcatalogue.Administration"]}, {"d33569656e3735d2d51224309ec05bbd": ["7", "com.eleybourn.bookcatalogue.Administration"]}, {"d33569656e3735d2d51224309ec05bbd": ["7", "com.eleybourn.bookcatalogue.Administration"]}, {"d33569656e3735d2d51224309ec05bbd": ["7", "com.eleybourn.bookcatalogue.Administration"]}, {"dc1b9f7285589b90a791e9dce110b998": ["5", "com.eleybourn.bookcatalogue.Administration"]}, {"dc1b9f7285589b90a791e9dce110b998": ["5", "com.eleybourn.bookcatalogue.Administration"]}, {"dc1b9f7285589b90a791e9dce110b998": ["5", "com.eleybourn.bookcatalogue.Administration"]}, {"dc1b9f7285589b90a791e9dce110b998": ["5", "com.eleybourn.bookcatalogue.Administration"]}, {"dc1b9f7285589b90a791e9dce110b998": ["5", "com.eleybourn.bookcatalogue.Administration"]}, {"d33569656e3735d2d51224309ec05bbd": ["7", "com.eleybourn.bookcatalogue.Administration"]}, {"d33569656e3735d2d51224309ec05bbd": ["7", "com.eleybourn.bookcatalogue.Administration"]}, {"b4981cc8a3c4fafc210872eb0d8bc7ac": ["8", "com.eleybourn.bookcatalogue.Administration"]}, {"b5da35e77093ce7bef40a47f7616b5d2": ["9", "com.eleybourn.bookcatalogue.Administration"]}, {"b5da35e77093ce7bef40a47f7616b5d2": ["9", "com.eleybourn.bookcatalogue.Administration"]}, {"b5da35e77093ce7bef40a47f7616b5d2": ["9", "com.eleybourn.bookcatalogue.Administration"]}, {"d33569656e3735d2d51224309ec05bbd": ["7", "com.eleybourn.bookcatalogue.Administration"]}, {"d33569656e3735d2d51224309ec05bbd": ["7", "com.eleybourn.bookcatalogue.Administration"]}, {"7110233ef795f3d5c2a441a5c1a54eb0": ["6", "com.eleybourn.bookcatalogue.Administration"]}, {"dc1b9f7285589b90a791e9dce110b998": ["5", "com.eleybourn.bookcatalogue.Administration"]}, {"dc1b9f7285589b90a791e9dce110b998": ["5", "com.eleybourn.bookcatalogue.Administration"]}, {"dc1b9f7285589b90a791e9dce110b998": ["5", "com.eleybourn.bookcatalogue.Administration"]}, {"dc1b9f7285589b90a791e9dce110b998": ["5", "com.eleybourn.bookcatalogue.Administration"]}, {"dc1b9f7285589b90a791e9dce110b998": ["5", "com.eleybourn.bookcatalogue.Administration"]}, {"dc1b9f7285589b90a791e9dce110b998": ["5", "com.eleybourn.bookcatalogue.Administration"]}, {"dc1b9f7285589b90a791e9dce110b998": ["5", "com.eleybourn.bookcatalogue.Administration"]}, {"7110233ef795f3d5c2a441a5c1a54eb0": ["6", "com.eleybourn.bookcatalogue.Administration"]}, {"7110233ef795f3d5c2a441a5c1a54eb0": ["6", "com.eleybourn.bookcatalogue.Administration"]}, {"d33569656e3735d2d51224309ec05bbd": ["7", "com.eleybourn.bookcatalogue.Administration"]}, {"d33569656e3735d2d51224309ec05bbd": ["7", "com.eleybourn.bookcatalogue.Administration"]}, {"d33569656e3735d2d51224309ec05bbd": ["7", "com.eleybourn.bookcatalogue.Administration"]}, {"093d241f4458cd142cb3738ef3b0873c": ["0", "com.eleybourn.bookcatalogue.BookCatalogue"]}, {"093d241f4458cd142cb3738ef3b0873c": ["0", "com.eleybourn.bookcatalogue.BookCatalogue"]}, {"093d241f4458cd142cb3738ef3b0873c": ["0", "com.eleybourn.bookcatalogue.BookCatalogue"]}, {"6287acf463637c0828e78f5372db0803": ["15", "com.eleybourn.bookcatalogue.BookCatalogue"]}, {"096e0c294b6a12361fe4672a78960097": ["16", "com.eleybourn.bookcatalogue.BookISBNSearch"]}, {"d33569656e3735d2d51224309ec05bbd": ["7", "com.eleybourn.bookcatalogue.Administration"]}, {"d33569656e3735d2d51224309ec05bbd": ["7", "com.eleybourn.bookcatalogue.Administration"]}, {"7110233ef795f3d5c2a441a5c1a54eb0": ["6", "com.eleybourn.bookcatalogue.Administration"]}, {"b5da35e77093ce7bef40a47f7616b5d2": ["9", "com.eleybourn.bookcatalogue.Administration"]}, {"b5da35e77093ce7bef40a47f7616b5d2": ["9", "com.eleybourn.bookcatalogue.Administration"]}, {"b5da35e77093ce7bef40a47f7616b5d2": ["9", "com.eleybourn.bookcatalogue.Administration"]}, {"b5da35e77093ce7bef40a47f7616b5d2": ["9", "com.eleybourn.bookcatalogue.Administration"]}, {"d33569656e3735d2d51224309ec05bbd": ["7", "com.eleybourn.bookcatalogue.Administration"]}, {"b5da35e77093ce7bef40a47f7616b5d2": ["9", "com.eleybourn.bookcatalogue.Administration"]}, {"b5da35e77093ce7bef40a47f7616b5d2": ["9", "com.eleybourn.bookcatalogue.Administration"]}, {"b5da35e77093ce7bef40a47f7616b5d2": ["9", "com.eleybourn.bookcatalogue.Administration"]}, {"b5da35e77093ce7bef40a47f7616b5d2": ["9", "com.eleybourn.bookcatalogue.Administration"]}, {"b5da35e77093ce7bef40a47f7616b5d2": ["9", "com.eleybourn.bookcatalogue.Administration"]}, {"b5da35e77093ce7bef40a47f7616b5d2": ["9", "com.eleybourn.bookcatalogue.Administration"]}, {"d33569656e3735d2d51224309ec05bbd": ["7", "com.eleybourn.bookcatalogue.Administration"]}, {"d33569656e3735d2d51224309ec05bbd": ["7", "com.eleybourn.bookcatalogue.Administration"]}, {"b5da35e77093ce7bef40a47f7616b5d2": ["9", "com.eleybourn.bookcatalogue.Administration"]}, {"b5da35e77093ce7bef40a47f7616b5d2": ["9", "com.eleybourn.bookcatalogue.Administration"]}, {"b5da35e77093ce7bef40a47f7616b5d2": ["9", "com.eleybourn.bookcatalogue.Administration"]}, {"d33569656e3735d2d51224309ec05bbd": ["7", "com.eleybourn.bookcatalogue.Administration"]}, {"d33569656e3735d2d51224309ec05bbd": ["7", "com.eleybourn.bookcatalogue.Administration"]}, {"d33569656e3735d2d51224309ec05bbd": ["7", "com.eleybourn.bookcatalogue.Administration"]}, {"d33569656e3735d2d51224309ec05bbd": ["7", "com.eleybourn.bookcatalogue.Administration"]}, {"d33569656e3735d2d51224309ec05bbd": ["7", "com.eleybourn.bookcatalogue.Administration"]}, {"b5da35e77093ce7bef40a47f7616b5d2": ["9", "com.eleybourn.bookcatalogue.Administration"]}, {"b5da35e77093ce7bef40a47f7616b5d2": ["9", "com.eleybourn.bookcatalogue.Administration"]}, {"b5da35e77093ce7bef40a47f7616b5d2": ["9", "com.eleybourn.bookcatalogue.Administration"]}, {"b5da35e77093ce7bef40a47f7616b5d2": ["9", "com.eleybourn.bookcatalogue.Administration"]}, {"b5da35e77093ce7bef40a47f7616b5d2": ["9", "com.eleybourn.bookcatalogue.Administration"]}, {"b5da35e77093ce7bef40a47f7616b5d2": ["9", "com.eleybourn.bookcatalogue.Administration"]}, {"b5da35e77093ce7bef40a47f7616b5d2": ["9", "com.eleybourn.bookcatalogue.Administration"]}, {"d6bea6af88eb239711b47290e4155dfc": ["3", "com.eleybourn.bookcatalogue.Administration"]}, {"d6bea6af88eb239711b47290e4155dfc": ["3", "com.eleybourn.bookcatalogue.Administration"]}, {"d33569656e3735d2d51224309ec05bbd": ["7", "com.eleybourn.bookcatalogue.Administration"]}, {"dc1b9f7285589b90a791e9dce110b998": ["5", "com.eleybourn.bookcatalogue.Administration"]}, {"dc1b9f7285589b90a791e9dce110b998": ["5", "com.eleybourn.bookcatalogue.Administration"]}, {"b5da35e77093ce7bef40a47f7616b5d2": ["9", "com.eleybourn.bookcatalogue.Administration"]}, {"b5da35e77093ce7bef40a47f7616b5d2": ["9", "com.eleybourn.bookcatalogue.Administration"]}, {"b4981cc8a3c4fafc210872eb0d8bc7ac": ["8", "com.eleybourn.bookcatalogue.Administration"]}, {"d33569656e3735d2d51224309ec05bbd": ["7", "com.eleybourn.bookcatalogue.Administration"]}, {"d33569656e3735d2d51224309ec05bbd": ["7", "com.eleybourn.bookcatalogue.Administration"]}, {"d33569656e3735d2d51224309ec05bbd": ["7", "com.eleybourn.bookcatalogue.Administration"]}, {"d33569656e3735d2d51224309ec05bbd": ["7", "com.eleybourn.bookcatalogue.Administration"]}, {"d33569656e3735d2d51224309ec05bbd": ["7", "com.eleybourn.bookcatalogue.Administration"]}, {"7110233ef795f3d5c2a441a5c1a54eb0": ["6", "com.eleybourn.bookcatalogue.Administration"]}, {"dc1b9f7285589b90a791e9dce110b998": ["5", "com.eleybourn.bookcatalogue.Administration"]}, {"dc1b9f7285589b90a791e9dce110b998": ["5", "com.eleybourn.bookcatalogue.Administration"]}, {"dc1b9f7285589b90a791e9dce110b998": ["5", "com.eleybourn.bookcatalogue.Administration"]}, {"dc1b9f7285589b90a791e9dce110b998": ["5", "com.eleybourn.bookcatalogue.Administration"]}, {"dc1b9f7285589b90a791e9dce110b998": ["5", "com.eleybourn.bookcatalogue.Administration"]}, {"dc1b9f7285589b90a791e9dce110b998": ["5", "com.eleybourn.bookcatalogue.Administration"]}, {"dc1b9f7285589b90a791e9dce110b998": ["5", "com.eleybourn.bookcatalogue.Administration"]}, {"dc1b9f7285589b90a791e9dce110b998": ["5", "com.eleybourn.bookcatalogue.Administration"]}, {"7110233ef795f3d5c2a441a5c1a54eb0": ["6", "com.eleybourn.bookcatalogue.Administration"]}, {"7110233ef795f3d5c2a441a5c1a54eb0": ["6", "com.eleybourn.bookcatalogue.Administration"]}, {"d33569656e3735d2d51224309ec05bbd": ["7", "com.eleybourn.bookcatalogue.Administration"]}, {"d33569656e3735d2d51224309ec05bbd": ["7", "com.eleybourn.bookcatalogue.Administration"]}, {"d33569656e3735d2d51224309ec05bbd": ["7", "com.eleybourn.bookcatalogue.Administration"]}, {"093d241f4458cd142cb3738ef3b0873c": ["0", "com.eleybourn.bookcatalogue.BookCatalogue"]}, {"093d241f4458cd142cb3738ef3b0873c": ["0", "com.eleybourn.bookcatalogue.BookCatalogue"]}, {"093d241f4458cd142cb3738ef3b0873c": ["0", "com.eleybourn.bookcatalogue.BookCatalogue"]}, {"6287acf463637c0828e78f5372db0803": ["15", "com.eleybourn.bookcatalogue.BookCatalogue"]}, {"096e0c294b6a12361fe4672a78960097": ["16", "com.eleybourn.bookcatalogue.BookISBNSearch"]}, {"d33569656e3735d2d51224309ec05bbd": ["7", "com.eleybourn.bookcatalogue.Administration"]}, {"d33569656e3735d2d51224309ec05bbd": ["7", "com.eleybourn.bookcatalogue.Administration"]}, {"b5da35e77093ce7bef40a47f7616b5d2": ["9", "com.eleybourn.bookcatalogue.Administration"]}, {"b5da35e77093ce7bef40a47f7616b5d2": ["9", "com.eleybourn.bookcatalogue.Administration"]}, {"b5da35e77093ce7bef40a47f7616b5d2": ["9", "com.eleybourn.bookcatalogue.Administration"]}, {"b5da35e77093ce7bef40a47f7616b5d2": ["9", "com.eleybourn.bookcatalogue.Administration"]}, {"b5da35e77093ce7bef40a47f7616b5d2": ["9", "com.eleybourn.bookcatalogue.Administration"]}, {"d33569656e3735d2d51224309ec05bbd": ["7", "com.eleybourn.bookcatalogue.Administration"]}, {"b5da35e77093ce7bef40a47f7616b5d2": ["9", "com.eleybourn.bookcatalogue.Administration"]}, {"b5da35e77093ce7bef40a47f7616b5d2": ["9", "com.eleybourn.bookcatalogue.Administration"]}, {"b5da35e77093ce7bef40a47f7616b5d2": ["9", "com.eleybourn.bookcatalogue.Administration"]}, {"b5da35e77093ce7bef40a47f7616b5d2": ["9", "com.eleybourn.bookcatalogue.Administration"]}, {"b5da35e77093ce7bef40a47f7616b5d2": ["9", "com.eleybourn.bookcatalogue.Administration"]}, {"b5da35e77093ce7bef40a47f7616b5d2": ["9", "com.eleybourn.bookcatalogue.Administration"]}, {"d33569656e3735d2d51224309ec05bbd": ["7", "com.eleybourn.bookcatalogue.Administration"]}, {"d33569656e3735d2d51224309ec05bbd": ["7", "com.eleybourn.bookcatalogue.Administration"]}, {"b5da35e77093ce7bef40a47f7616b5d2": ["9", "com.eleybourn.bookcatalogue.Administration"]}, {"b5da35e77093ce7bef40a47f7616b5d2": ["9", "com.eleybourn.bookcatalogue.Administration"]}, {"b5da35e77093ce7bef40a47f7616b5d2": ["9", "com.eleybourn.bookcatalogue.Administration"]}, {"d33569656e3735d2d51224309ec05bbd": ["7", "com.eleybourn.bookcatalogue.Administration"]}, {"d33569656e3735d2d51224309ec05bbd": ["7", "com.eleybourn.bookcatalogue.Administration"]}, {"d33569656e3735d2d51224309ec05bbd": ["7", "com.eleybourn.bookcatalogue.Administration"]}, {"d33569656e3735d2d51224309ec05bbd": ["7", "com.eleybourn.bookcatalogue.Administration"]}, {"dc1b9f7285589b90a791e9dce110b998": ["5", "com.eleybourn.bookcatalogue.Administration"]}, {"dc1b9f7285589b90a791e9dce110b998": ["5", "com.eleybourn.bookcatalogue.Administration"]}, {"dc1b9f7285589b90a791e9dce110b998": ["5", "com.eleybourn.bookcatalogue.Administration"]}, {"d33569656e3735d2d51224309ec05bbd": ["7", "com.eleybourn.bookcatalogue.Administration"]}, {"b5da35e77093ce7bef40a47f7616b5d2": ["9", "com.eleybourn.bookcatalogue.Administration"]}, {"b5da35e77093ce7bef40a47f7616b5d2": ["9", "com.eleybourn.bookcatalogue.Administration"]}, {"b5da35e77093ce7bef40a47f7616b5d2": ["9", "com.eleybourn.bookcatalogue.Administration"]}, {"b5da35e77093ce7bef40a47f7616b5d2": ["9", "com.eleybourn.bookcatalogue.Administration"]}, {"b4981cc8a3c4fafc210872eb0d8bc7ac": ["8", "com.eleybourn.bookcatalogue.Administration"]}, {"d33569656e3735d2d51224309ec05bbd": ["7", "com.eleybourn.bookcatalogue.Administration"]}, {"d33569656e3735d2d51224309ec05bbd": ["7", "com.eleybourn.bookcatalogue.Administration"]}, {"d33569656e3735d2d51224309ec05bbd": ["7", "com.eleybourn.bookcatalogue.Administration"]}, {"d33569656e3735d2d51224309ec05bbd": ["7", "com.eleybourn.bookcatalogue.Administration"]}, {"d33569656e3735d2d51224309ec05bbd": ["7", "com.eleybourn.bookcatalogue.Administration"]}, {"7110233ef795f3d5c2a441a5c1a54eb0": ["6", "com.eleybourn.bookcatalogue.Administration"]}, {"dc1b9f7285589b90a791e9dce110b998": ["5", "com.eleybourn.bookcatalogue.Administration"]}, {"dc1b9f7285589b90a791e9dce110b998": ["5", "com.eleybourn.bookcatalogue.Administration"]}, {"dc1b9f7285589b90a791e9dce110b998": ["5", "com.eleybourn.bookcatalogue.Administration"]}, {"dc1b9f7285589b90a791e9dce110b998": ["5", "com.eleybourn.bookcatalogue.Administration"]}, {"dc1b9f7285589b90a791e9dce110b998": ["5", "com.eleybourn.bookcatalogue.Administration"]}, {"d33569656e3735d2d51224309ec05bbd": ["7", "com.eleybourn.bookcatalogue.Administration"]}, {"d33569656e3735d2d51224309ec05bbd": ["7", "com.eleybourn.bookcatalogue.Administration"]}, {"b5da35e77093ce7bef40a47f7616b5d2": ["9", "com.eleybourn.bookcatalogue.Administration"]}, {"b5da35e77093ce7bef40a47f7616b5d2": ["9", "com.eleybourn.bookcatalogue.Administration"]}, {"b5da35e77093ce7bef40a47f7616b5d2": ["9", "com.eleybourn.bookcatalogue.Administration"]}, {"d33569656e3735d2d51224309ec05bbd": ["7", "com.eleybourn.bookcatalogue.Administration"]}, {"d33569656e3735d2d51224309ec05bbd": ["7", "com.eleybourn.bookcatalogue.Administration"]}, {"d33569656e3735d2d51224309ec05bbd": ["7", "com.eleybourn.bookcatalogue.Administration"]}, {"093d241f4458cd142cb3738ef3b0873c": ["0", "com.eleybourn.bookcatalogue.BookCatalogue"]}, {"093d241f4458cd142cb3738ef3b0873c": ["0", "com.eleybourn.bookcatalogue.BookCatalogue"]}, {"093d241f4458cd142cb3738ef3b0873c": ["0", "com.eleybourn.bookcatalogue.BookCatalogue"]}, {"6287acf463637c0828e78f5372db0803": ["15", "com.eleybourn.bookcatalogue.BookCatalogue"]}, {"096e0c294b6a12361fe4672a78960097": ["16", "com.eleybourn.bookcatalogue.BookISBNSearch"]}, {"d33569656e3735d2d51224309ec05bbd": ["7", "com.eleybourn.bookcatalogue.Administration"]}, {"d33569656e3735d2d51224309ec05bbd": ["7", "com.eleybourn.bookcatalogue.Administration"]}, {"342d137fe7cf71942481d6532d5c5b21": ["58", "com.eleybourn.bookcatalogue.Administration"]}, {"b5da35e77093ce7bef40a47f7616b5d2": ["9", "com.eleybourn.bookcatalogue.Administration"]}, {"b5da35e77093ce7bef40a47f7616b5d2": ["9", "com.eleybourn.bookcatalogue.Administration"]}, {"b5da35e77093ce7bef40a47f7616b5d2": ["9", "com.eleybourn.bookcatalogue.Administration"]}, {"b5da35e77093ce7bef40a47f7616b5d2": ["9", "com.eleybourn.bookcatalogue.Administration"]}, {"d33569656e3735d2d51224309ec05bbd": ["7", "com.eleybourn.bookcatalogue.Administration"]}, {"b5da35e77093ce7bef40a47f7616b5d2": ["9", "com.eleybourn.bookcatalogue.Administration"]}, {"b5da35e77093ce7bef40a47f7616b5d2": ["9", "com.eleybourn.bookcatalogue.Administration"]}, {"b5da35e77093ce7bef40a47f7616b5d2": ["9", "com.eleybourn.bookcatalogue.Administration"]}, {"b5da35e77093ce7bef40a47f7616b5d2": ["9", "com.eleybourn.bookcatalogue.Administration"]}, {"b5da35e77093ce7bef40a47f7616b5d2": ["9", "com.eleybourn.bookcatalogue.Administration"]}, {"b5da35e77093ce7bef40a47f7616b5d2": ["9", "com.eleybourn.bookcatalogue.Administration"]}, {"d33569656e3735d2d51224309ec05bbd": ["7", "com.eleybourn.bookcatalogue.Administration"]}, {"d33569656e3735d2d51224309ec05bbd": ["7", "com.eleybourn.bookcatalogue.Administration"]}, {"b5da35e77093ce7bef40a47f7616b5d2": ["9", "com.eleybourn.bookcatalogue.Administration"]}, {"b5da35e77093ce7bef40a47f7616b5d2": ["9", "com.eleybourn.bookcatalogue.Administration"]}, {"b5da35e77093ce7bef40a47f7616b5d2": ["9", "com.eleybourn.bookcatalogue.Administration"]}, {"b5da35e77093ce7bef40a47f7616b5d2": ["9", "com.eleybourn.bookcatalogue.Administration"]}, {"b5da35e77093ce7bef40a47f7616b5d2": ["9", "com.eleybourn.bookcatalogue.Administration"]}, {"b5da35e77093ce7bef40a47f7616b5d2": ["9", "com.eleybourn.bookcatalogue.Administration"]}, {"7110233ef795f3d5c2a441a5c1a54eb0": ["6", "com.eleybourn.bookcatalogue.Administration"]}, {"d33569656e3735d2d51224309ec05bbd": ["7", "com.eleybourn.bookcatalogue.Administration"]}, {"d33569656e3735d2d51224309ec05bbd": ["7", "com.eleybourn.bookcatalogue.Administration"]}, {"d33569656e3735d2d51224309ec05bbd": ["7", "com.eleybourn.bookcatalogue.Administration"]}, {"b5da35e77093ce7bef40a47f7616b5d2": ["9", "com.eleybourn.bookcatalogue.Administration"]}, {"b5da35e77093ce7bef40a47f7616b5d2": ["9", "com.eleybourn.bookcatalogue.Administration"]}, {"b5da35e77093ce7bef40a47f7616b5d2": ["9", "com.eleybourn.bookcatalogue.Administration"]}, {"d6bea6af88eb239711b47290e4155dfc": ["3", "com.eleybourn.bookcatalogue.Administration"]}, {"d6bea6af88eb239711b47290e4155dfc": ["3", "com.eleybourn.bookcatalogue.Administration"]}, {"d33569656e3735d2d51224309ec05bbd": ["7", "com.eleybourn.bookcatalogue.Administration"]}, {"dc1b9f7285589b90a791e9dce110b998": ["5", "com.eleybourn.bookcatalogue.Administration"]}, {"dc1b9f7285589b90a791e9dce110b998": ["5", "com.eleybourn.bookcatalogue.Administration"]}, {"b5da35e77093ce7bef40a47f7616b5d2": ["9", "com.eleybourn.bookcatalogue.Administration"]}, {"b5da35e77093ce7bef40a47f7616b5d2": ["9", "com.eleybourn.bookcatalogue.Administration"]}, {"b4981cc8a3c4fafc210872eb0d8bc7ac": ["8", "com.eleybourn.bookcatalogue.Administration"]}, {"d33569656e3735d2d51224309ec05bbd": ["7", "com.eleybourn.bookcatalogue.Administration"]}, {"d33569656e3735d2d51224309ec05bbd": ["7", "com.eleybourn.bookcatalogue.Administration"]}, {"d33569656e3735d2d51224309ec05bbd": ["7", "com.eleybourn.bookcatalogue.Administration"]}, {"d33569656e3735d2d51224309ec05bbd": ["7", "com.eleybourn.bookcatalogue.Administration"]}, {"d33569656e3735d2d51224309ec05bbd": ["7", "com.eleybourn.bookcatalogue.Administration"]}, {"7110233ef795f3d5c2a441a5c1a54eb0": ["6", "com.eleybourn.bookcatalogue.Administration"]}, {"dc1b9f7285589b90a791e9dce110b998": ["5", "com.eleybourn.bookcatalogue.Administration"]}, {"dc1b9f7285589b90a791e9dce110b998": ["5", "com.eleybourn.bookcatalogue.Administration"]}, {"dc1b9f7285589b90a791e9dce110b998": ["5", "com.eleybourn.bookcatalogue.Administration"]}, {"dc1b9f7285589b90a791e9dce110b998": ["5", "com.eleybourn.bookcatalogue.Administration"]}, {"dc1b9f7285589b90a791e9dce110b998": ["5", "com.eleybourn.bookcatalogue.Administration"]}, {"dc1b9f7285589b90a791e9dce110b998": ["5", "com.eleybourn.bookcatalogue.Administration"]}, {"dc1b9f7285589b90a791e9dce110b998": ["5", "com.eleybourn.bookcatalogue.Administration"]}, {"dc1b9f7285589b90a791e9dce110b998": ["5", "com.eleybourn.bookcatalogue.Administration"]}, {"dc1b9f7285589b90a791e9dce110b998": ["5", "com.eleybourn.bookcatalogue.Administration"]}, {"7110233ef795f3d5c2a441a5c1a54eb0": ["6", "com.eleybourn.bookcatalogue.Administration"]}, {"7110233ef795f3d5c2a441a5c1a54eb0": ["6", "com.eleybourn.bookcatalogue.Administration"]}, {"d33569656e3735d2d51224309ec05bbd": ["7", "com.eleybourn.bookcatalogue.Administration"]}, {"d33569656e3735d2d51224309ec05bbd": ["7", "com.eleybourn.bookcatalogue.Administration"]}, {"d33569656e3735d2d51224309ec05bbd": ["7", "com.eleybourn.bookcatalogue.Administration"]}, {"093d241f4458cd142cb3738ef3b0873c": ["0", "com.eleybourn.bookcatalogue.BookCatalogue"]}, {"093d241f4458cd142cb3738ef3b0873c": ["0", "com.eleybourn.bookcatalogue.BookCatalogue"]}]