[{"9b583f52c11b1390dee5a84d2a4e6bc8": ["0", "caldwell.ben.bites.RecipeList"]}, {"ba069f05167a4eccee7ca6a1178ccd71": ["9", "caldwell.ben.bites.Bites"]}, {"ba069f05167a4eccee7ca6a1178ccd71": ["9", "caldwell.ben.bites.Bites"]}, {"ba069f05167a4eccee7ca6a1178ccd71": ["9", "caldwell.ben.bites.Bites"]}, {"f35409300efa87a956013c08d5aa698a": ["7", "caldwell.ben.bites.IngredientList"]}, {"ba069f05167a4eccee7ca6a1178ccd71": ["9", "caldwell.ben.bites.Bites"]}, {"7c15d9be3c82334acfe0845baaca25f8": ["10", "caldwell.ben.bites.Bites"]}, {"b1b56f2f6afd9dc7c7f46b694dcd1b6c": ["8", "caldwell.ben.bites.Bites"]}, {"b1b56f2f6afd9dc7c7f46b694dcd1b6c": ["8", "caldwell.ben.bites.Bites"]}, {"9fab7d5f53fe1c5d433bcfed295159ae": ["2", "caldwell.ben.bites.BitesPreferences"]}, {"9fab7d5f53fe1c5d433bcfed295159ae": ["2", "caldwell.ben.bites.BitesPreferences"]}, {"2f37f2ee3a580c7a4381269e56b4bf31": ["3", "caldwell.ben.bites.BitesPreferences"]}, {"9fab7d5f53fe1c5d433bcfed295159ae": ["2", "caldwell.ben.bites.BitesPreferences"]}, {"9fab7d5f53fe1c5d433bcfed295159ae": ["2", "caldwell.ben.bites.BitesPreferences"]}, {"2f37f2ee3a580c7a4381269e56b4bf31": ["3", "caldwell.ben.bites.BitesPreferences"]}, {"9fab7d5f53fe1c5d433bcfed295159ae": ["2", "caldwell.ben.bites.BitesPreferences"]}, {"2f37f2ee3a580c7a4381269e56b4bf31": ["3", "caldwell.ben.bites.BitesPreferences"]}, {"9fab7d5f53fe1c5d433bcfed295159ae": ["2", "caldwell.ben.bites.BitesPreferences"]}, {"9fab7d5f53fe1c5d433bcfed295159ae": ["2", "caldwell.ben.bites.BitesPreferences"]}, {"4b27e7f4327e060de7f6f8b791ec4e24": ["13", "caldwell.ben.bites.BitesPreferences"]}, {"9fab7d5f53fe1c5d433bcfed295159ae": ["2", "caldwell.ben.bites.BitesPreferences"]}, {"2f37f2ee3a580c7a4381269e56b4bf31": ["3", "caldwell.ben.bites.BitesPreferences"]}, {"9fab7d5f53fe1c5d433bcfed295159ae": ["2", "caldwell.ben.bites.BitesPreferences"]}, {"9fab7d5f53fe1c5d433bcfed295159ae": ["2", "caldwell.ben.bites.BitesPreferences"]}, {"2f37f2ee3a580c7a4381269e56b4bf31": ["3", "caldwell.ben.bites.BitesPreferences"]}, {"9fab7d5f53fe1c5d433bcfed295159ae": ["2", "caldwell.ben.bites.BitesPreferences"]}, {"2f37f2ee3a580c7a4381269e56b4bf31": ["3", "caldwell.ben.bites.BitesPreferences"]}, {"9fab7d5f53fe1c5d433bcfed295159ae": ["2", "caldwell.ben.bites.BitesPreferences"]}, {"9fab7d5f53fe1c5d433bcfed295159ae": ["2", "caldwell.ben.bites.BitesPreferences"]}, {"2f37f2ee3a580c7a4381269e56b4bf31": ["3", "caldwell.ben.bites.BitesPreferences"]}, {"9fab7d5f53fe1c5d433bcfed295159ae": ["2", "caldwell.ben.bites.BitesPreferences"]}, {"9fab7d5f53fe1c5d433bcfed295159ae": ["2", "caldwell.ben.bites.BitesPreferences"]}, {"4b27e7f4327e060de7f6f8b791ec4e24": ["13", "caldwell.ben.bites.BitesPreferences"]}, {"9fab7d5f53fe1c5d433bcfed295159ae": ["2", "caldwell.ben.bites.BitesPreferences"]}, {"4b27e7f4327e060de7f6f8b791ec4e24": ["13", "caldwell.ben.bites.BitesPreferences"]}, {"9fab7d5f53fe1c5d433bcfed295159ae": ["2", "caldwell.ben.bites.BitesPreferences"]}, {"9fab7d5f53fe1c5d433bcfed295159ae": ["2", "caldwell.ben.bites.BitesPreferences"]}, {"2f37f2ee3a580c7a4381269e56b4bf31": ["3", "caldwell.ben.bites.BitesPreferences"]}, {"9fab7d5f53fe1c5d433bcfed295159ae": ["2", "caldwell.ben.bites.BitesPreferences"]}, {"2f37f2ee3a580c7a4381269e56b4bf31": ["3", "caldwell.ben.bites.BitesPreferences"]}, {"9fab7d5f53fe1c5d433bcfed295159ae": ["2", "caldwell.ben.bites.BitesPreferences"]}, {"2f37f2ee3a580c7a4381269e56b4bf31": ["3", "caldwell.ben.bites.BitesPreferences"]}, {"b1b56f2f6afd9dc7c7f46b694dcd1b6c": ["8", "caldwell.ben.bites.Bites"]}, {"b1b56f2f6afd9dc7c7f46b694dcd1b6c": ["8", "caldwell.ben.bites.Bites"]}, {"b1b56f2f6afd9dc7c7f46b694dcd1b6c": ["8", "caldwell.ben.bites.Bites"]}, {"318ebfb38936b2680c13b49faa5c2ee0": ["15", "caldwell.ben.bites.MethodList"]}, {"7c15d9be3c82334acfe0845baaca25f8": ["10", "caldwell.ben.bites.Bites"]}, {"ba069f05167a4eccee7ca6a1178ccd71": ["9", "caldwell.ben.bites.Bites"]}, {"ba069f05167a4eccee7ca6a1178ccd71": ["9", "caldwell.ben.bites.Bites"]}, {"9b583f52c11b1390dee5a84d2a4e6bc8": ["0", "caldwell.ben.bites.RecipeList"]}, {"b1b56f2f6afd9dc7c7f46b694dcd1b6c": ["8", "caldwell.ben.bites.Bites"]}, {"b1b56f2f6afd9dc7c7f46b694dcd1b6c": ["8", "caldwell.ben.bites.Bites"]}, {"9b583f52c11b1390dee5a84d2a4e6bc8": ["0", "caldwell.ben.bites.RecipeList"]}, {"ba069f05167a4eccee7ca6a1178ccd71": ["9", "caldwell.ben.bites.Bites"]}, {"ba069f05167a4eccee7ca6a1178ccd71": ["9", "caldwell.ben.bites.Bites"]}, {"ba069f05167a4eccee7ca6a1178ccd71": ["9", "caldwell.ben.bites.Bites"]}, {"f35409300efa87a956013c08d5aa698a": ["7", "caldwell.ben.bites.IngredientList"]}, {"df4617621198898831fa1d4af32f2619": ["12", "caldwell.ben.bites.Bites"]}, {"ba069f05167a4eccee7ca6a1178ccd71": ["9", "caldwell.ben.bites.Bites"]}, {"7c15d9be3c82334acfe0845baaca25f8": ["10", "caldwell.ben.bites.Bites"]}, {"df4617621198898831fa1d4af32f2619": ["12", "caldwell.ben.bites.Bites"]}, {"df4617621198898831fa1d4af32f2619": ["12", "caldwell.ben.bites.Bites"]}, {"df4617621198898831fa1d4af32f2619": ["12", "caldwell.ben.bites.Bites"]}, {"df4617621198898831fa1d4af32f2619": ["12", "caldwell.ben.bites.Bites"]}, {"df4617621198898831fa1d4af32f2619": ["12", "caldwell.ben.bites.Bites"]}, {"df4617621198898831fa1d4af32f2619": ["12", "caldwell.ben.bites.Bites"]}, {"df4617621198898831fa1d4af32f2619": ["12", "caldwell.ben.bites.Bites"]}, {"df4617621198898831fa1d4af32f2619": ["12", "caldwell.ben.bites.Bites"]}, {"df4617621198898831fa1d4af32f2619": ["12", "caldwell.ben.bites.Bites"]}, {"df4617621198898831fa1d4af32f2619": ["12", "caldwell.ben.bites.Bites"]}, {"df4617621198898831fa1d4af32f2619": ["12", "caldwell.ben.bites.Bites"]}, {"7c15d9be3c82334acfe0845baaca25f8": ["10", "caldwell.ben.bites.Bites"]}, {"ba069f05167a4eccee7ca6a1178ccd71": ["9", "caldwell.ben.bites.Bites"]}, {"ba069f05167a4eccee7ca6a1178ccd71": ["9", "caldwell.ben.bites.Bites"]}, {"ba069f05167a4eccee7ca6a1178ccd71": ["9", "caldwell.ben.bites.Bites"]}, {"ba069f05167a4eccee7ca6a1178ccd71": ["9", "caldwell.ben.bites.Bites"]}, {"ba069f05167a4eccee7ca6a1178ccd71": ["9", "caldwell.ben.bites.Bites"]}, {"ba069f05167a4eccee7ca6a1178ccd71": ["9", "caldwell.ben.bites.Bites"]}, {"ba069f05167a4eccee7ca6a1178ccd71": ["9", "caldwell.ben.bites.Bites"]}, {"7c15d9be3c82334acfe0845baaca25f8": ["10", "caldwell.ben.bites.Bites"]}, {"7c15d9be3c82334acfe0845baaca25f8": ["10", "caldwell.ben.bites.Bites"]}, {"ba069f05167a4eccee7ca6a1178ccd71": ["9", "caldwell.ben.bites.Bites"]}, {"ba069f05167a4eccee7ca6a1178ccd71": ["9", "caldwell.ben.bites.Bites"]}, {"7c15d9be3c82334acfe0845baaca25f8": ["10", "caldwell.ben.bites.Bites"]}, {"ba069f05167a4eccee7ca6a1178ccd71": ["9", "caldwell.ben.bites.Bites"]}, {"9b583f52c11b1390dee5a84d2a4e6bc8": ["0", "caldwell.ben.bites.RecipeList"]}, {"436c0ea570703d9717cf6f0407740857": ["11", "caldwell.ben.bites.Bites"]}, {"1eff2dad01d17eb3dbcfcc597bf95ac4": ["1", "caldwell.ben.bites.Bites"]}, {"1eff2dad01d17eb3dbcfcc597bf95ac4": ["1", "caldwell.ben.bites.Bites"]}, {"3ae9aac1f2c29a14bd528f151595824f": ["14", "caldwell.ben.bites.Bites"]}, {"7c15d9be3c82334acfe0845baaca25f8": ["10", "caldwell.ben.bites.Bites"]}, {"3ae9aac1f2c29a14bd528f151595824f": ["14", "caldwell.ben.bites.Bites"]}, {"3ae9aac1f2c29a14bd528f151595824f": ["14", "caldwell.ben.bites.Bites"]}, {"3ae9aac1f2c29a14bd528f151595824f": ["14", "caldwell.ben.bites.Bites"]}, {"9b583f52c11b1390dee5a84d2a4e6bc8": ["0", "caldwell.ben.bites.RecipeList"]}, {"3ae9aac1f2c29a14bd528f151595824f": ["14", "caldwell.ben.bites.Bites"]}, {"1eff2dad01d17eb3dbcfcc597bf95ac4": ["1", "caldwell.ben.bites.Bites"]}, {"1eff2dad01d17eb3dbcfcc597bf95ac4": ["1", "caldwell.ben.bites.Bites"]}, {"9b583f52c11b1390dee5a84d2a4e6bc8": ["0", "caldwell.ben.bites.RecipeList"]}, {"3ae9aac1f2c29a14bd528f151595824f": ["14", "caldwell.ben.bites.Bites"]}, {"3ae9aac1f2c29a14bd528f151595824f": ["14", "caldwell.ben.bites.Bites"]}, {"318ebfb38936b2680c13b49faa5c2ee0": ["15", "caldwell.ben.bites.MethodList"]}, {"1eff2dad01d17eb3dbcfcc597bf95ac4": ["1", "caldwell.ben.bites.Bites"]}, {"318ebfb38936b2680c13b49faa5c2ee0": ["15", "caldwell.ben.bites.MethodList"]}, {"3ae9aac1f2c29a14bd528f151595824f": ["14", "caldwell.ben.bites.Bites"]}, {"1eff2dad01d17eb3dbcfcc597bf95ac4": ["1", "caldwell.ben.bites.Bites"]}, {"1eff2dad01d17eb3dbcfcc597bf95ac4": ["1", "caldwell.ben.bites.Bites"]}, {"1eff2dad01d17eb3dbcfcc597bf95ac4": ["1", "caldwell.ben.bites.Bites"]}, {"1eff2dad01d17eb3dbcfcc597bf95ac4": ["1", "caldwell.ben.bites.Bites"]}, {"7c15d9be3c82334acfe0845baaca25f8": ["10", "caldwell.ben.bites.Bites"]}, {"1eff2dad01d17eb3dbcfcc597bf95ac4": ["1", "caldwell.ben.bites.Bites"]}, {"1eff2dad01d17eb3dbcfcc597bf95ac4": ["1", "caldwell.ben.bites.Bites"]}, {"1eff2dad01d17eb3dbcfcc597bf95ac4": ["1", "caldwell.ben.bites.Bites"]}, {"1eff2dad01d17eb3dbcfcc597bf95ac4": ["1", "caldwell.ben.bites.Bites"]}, {"1eff2dad01d17eb3dbcfcc597bf95ac4": ["1", "caldwell.ben.bites.Bites"]}, {"1eff2dad01d17eb3dbcfcc597bf95ac4": ["1", "caldwell.ben.bites.Bites"]}, {"f35409300efa87a956013c08d5aa698a": ["7", "caldwell.ben.bites.IngredientList"]}, {"b1b56f2f6afd9dc7c7f46b694dcd1b6c": ["8", "caldwell.ben.bites.Bites"]}, {"3ae9aac1f2c29a14bd528f151595824f": ["14", "caldwell.ben.bites.Bites"]}, {"b1b56f2f6afd9dc7c7f46b694dcd1b6c": ["8", "caldwell.ben.bites.Bites"]}, {"b1b56f2f6afd9dc7c7f46b694dcd1b6c": ["8", "caldwell.ben.bites.Bites"]}, {"b1b56f2f6afd9dc7c7f46b694dcd1b6c": ["8", "caldwell.ben.bites.Bites"]}, {"b1b56f2f6afd9dc7c7f46b694dcd1b6c": ["8", "caldwell.ben.bites.Bites"]}, {"b1b56f2f6afd9dc7c7f46b694dcd1b6c": ["8", "caldwell.ben.bites.Bites"]}, {"1eff2dad01d17eb3dbcfcc597bf95ac4": ["1", "caldwell.ben.bites.Bites"]}, {"1eff2dad01d17eb3dbcfcc597bf95ac4": ["1", "caldwell.ben.bites.Bites"]}, {"f35409300efa87a956013c08d5aa698a": ["7", "caldwell.ben.bites.IngredientList"]}, {"df4617621198898831fa1d4af32f2619": ["12", "caldwell.ben.bites.Bites"]}, {"3ae9aac1f2c29a14bd528f151595824f": ["14", "caldwell.ben.bites.Bites"]}, {"df4617621198898831fa1d4af32f2619": ["12", "caldwell.ben.bites.Bites"]}, {"df4617621198898831fa1d4af32f2619": ["12", "caldwell.ben.bites.Bites"]}, {"9fab7d5f53fe1c5d433bcfed295159ae": ["2", "caldwell.ben.bites.BitesPreferences"]}, {"2f37f2ee3a580c7a4381269e56b4bf31": ["3", "caldwell.ben.bites.BitesPreferences"]}, {"9fab7d5f53fe1c5d433bcfed295159ae": ["2", "caldwell.ben.bites.BitesPreferences"]}, {"2f37f2ee3a580c7a4381269e56b4bf31": ["3", "caldwell.ben.bites.BitesPreferences"]}, {"9fab7d5f53fe1c5d433bcfed295159ae": ["2", "caldwell.ben.bites.BitesPreferences"]}, {"2f37f2ee3a580c7a4381269e56b4bf31": ["3", "caldwell.ben.bites.BitesPreferences"]}, {"9fab7d5f53fe1c5d433bcfed295159ae": ["2", "caldwell.ben.bites.BitesPreferences"]}, {"4b27e7f4327e060de7f6f8b791ec4e24": ["13", "caldwell.ben.bites.BitesPreferences"]}, {"9fab7d5f53fe1c5d433bcfed295159ae": ["2", "caldwell.ben.bites.BitesPreferences"]}, {"9fab7d5f53fe1c5d433bcfed295159ae": ["2", "caldwell.ben.bites.BitesPreferences"]}, {"9fab7d5f53fe1c5d433bcfed295159ae": ["2", "caldwell.ben.bites.BitesPreferences"]}, {"4b27e7f4327e060de7f6f8b791ec4e24": ["13", "caldwell.ben.bites.BitesPreferences"]}, {"9fab7d5f53fe1c5d433bcfed295159ae": ["2", "caldwell.ben.bites.BitesPreferences"]}, {"9fab7d5f53fe1c5d433bcfed295159ae": ["2", "caldwell.ben.bites.BitesPreferences"]}, {"4b27e7f4327e060de7f6f8b791ec4e24": ["13", "caldwell.ben.bites.BitesPreferences"]}, {"9fab7d5f53fe1c5d433bcfed295159ae": ["2", "caldwell.ben.bites.BitesPreferences"]}, {"4b27e7f4327e060de7f6f8b791ec4e24": ["13", "caldwell.ben.bites.BitesPreferences"]}, {"9fab7d5f53fe1c5d433bcfed295159ae": ["2", "caldwell.ben.bites.BitesPreferences"]}, {"2f37f2ee3a580c7a4381269e56b4bf31": ["3", "caldwell.ben.bites.BitesPreferences"]}, {"9fab7d5f53fe1c5d433bcfed295159ae": ["2", "caldwell.ben.bites.BitesPreferences"]}, {"2f37f2ee3a580c7a4381269e56b4bf31": ["3", "caldwell.ben.bites.BitesPreferences"]}, {"9fab7d5f53fe1c5d433bcfed295159ae": ["2", "caldwell.ben.bites.BitesPreferences"]}, {"2f37f2ee3a580c7a4381269e56b4bf31": ["3", "caldwell.ben.bites.BitesPreferences"]}, {"9fab7d5f53fe1c5d433bcfed295159ae": ["2", "caldwell.ben.bites.BitesPreferences"]}, {"2f37f2ee3a580c7a4381269e56b4bf31": ["3", "caldwell.ben.bites.BitesPreferences"]}, {"9fab7d5f53fe1c5d433bcfed295159ae": ["2", "caldwell.ben.bites.BitesPreferences"]}, {"9fab7d5f53fe1c5d433bcfed295159ae": ["2", "caldwell.ben.bites.BitesPreferences"]}, {"2f37f2ee3a580c7a4381269e56b4bf31": ["3", "caldwell.ben.bites.BitesPreferences"]}, {"9fab7d5f53fe1c5d433bcfed295159ae": ["2", "caldwell.ben.bites.BitesPreferences"]}, {"2f37f2ee3a580c7a4381269e56b4bf31": ["3", "caldwell.ben.bites.BitesPreferences"]}, {"9fab7d5f53fe1c5d433bcfed295159ae": ["2", "caldwell.ben.bites.BitesPreferences"]}, {"4b27e7f4327e060de7f6f8b791ec4e24": ["13", "caldwell.ben.bites.BitesPreferences"]}, {"9fab7d5f53fe1c5d433bcfed295159ae": ["2", "caldwell.ben.bites.BitesPreferences"]}, {"4b27e7f4327e060de7f6f8b791ec4e24": ["13", "caldwell.ben.bites.BitesPreferences"]}, {"9fab7d5f53fe1c5d433bcfed295159ae": ["2", "caldwell.ben.bites.BitesPreferences"]}, {"2f37f2ee3a580c7a4381269e56b4bf31": ["3", "caldwell.ben.bites.BitesPreferences"]}, {"9fab7d5f53fe1c5d433bcfed295159ae": ["2", "caldwell.ben.bites.BitesPreferences"]}, {"9fab7d5f53fe1c5d433bcfed295159ae": ["2", "caldwell.ben.bites.BitesPreferences"]}, {"2f37f2ee3a580c7a4381269e56b4bf31": ["3", "caldwell.ben.bites.BitesPreferences"]}, {"9fab7d5f53fe1c5d433bcfed295159ae": ["2", "caldwell.ben.bites.BitesPreferences"]}, {"9fab7d5f53fe1c5d433bcfed295159ae": ["2", "caldwell.ben.bites.BitesPreferences"]}, {"2f37f2ee3a580c7a4381269e56b4bf31": ["3", "caldwell.ben.bites.BitesPreferences"]}, {"9fab7d5f53fe1c5d433bcfed295159ae": ["2", "caldwell.ben.bites.BitesPreferences"]}, {"2f37f2ee3a580c7a4381269e56b4bf31": ["3", "caldwell.ben.bites.BitesPreferences"]}, {"9fab7d5f53fe1c5d433bcfed295159ae": ["2", "caldwell.ben.bites.BitesPreferences"]}, {"2f37f2ee3a580c7a4381269e56b4bf31": ["3", "caldwell.ben.bites.BitesPreferences"]}, {"9fab7d5f53fe1c5d433bcfed295159ae": ["2", "caldwell.ben.bites.BitesPreferences"]}, {"2f37f2ee3a580c7a4381269e56b4bf31": ["3", "caldwell.ben.bites.BitesPreferences"]}, {"9fab7d5f53fe1c5d433bcfed295159ae": ["2", "caldwell.ben.bites.BitesPreferences"]}, {"4b27e7f4327e060de7f6f8b791ec4e24": ["13", "caldwell.ben.bites.BitesPreferences"]}, {"9fab7d5f53fe1c5d433bcfed295159ae": ["2", "caldwell.ben.bites.BitesPreferences"]}, {"9fab7d5f53fe1c5d433bcfed295159ae": ["2", "caldwell.ben.bites.BitesPreferences"]}, {"9fab7d5f53fe1c5d433bcfed295159ae": ["2", "caldwell.ben.bites.BitesPreferences"]}, {"2f37f2ee3a580c7a4381269e56b4bf31": ["3", "caldwell.ben.bites.BitesPreferences"]}, {"9fab7d5f53fe1c5d433bcfed295159ae": ["2", "caldwell.ben.bites.BitesPreferences"]}, {"9fab7d5f53fe1c5d433bcfed295159ae": ["2", "caldwell.ben.bites.BitesPreferences"]}, {"2f37f2ee3a580c7a4381269e56b4bf31": ["3", "caldwell.ben.bites.BitesPreferences"]}, {"9fab7d5f53fe1c5d433bcfed295159ae": ["2", "caldwell.ben.bites.BitesPreferences"]}, {"4b27e7f4327e060de7f6f8b791ec4e24": ["13", "caldwell.ben.bites.BitesPreferences"]}, {"9fab7d5f53fe1c5d433bcfed295159ae": ["2", "caldwell.ben.bites.BitesPreferences"]}, {"2f37f2ee3a580c7a4381269e56b4bf31": ["3", "caldwell.ben.bites.BitesPreferences"]}, {"1eff2dad01d17eb3dbcfcc597bf95ac4": ["1", "caldwell.ben.bites.Bites"]}, {"df4617621198898831fa1d4af32f2619": ["12", "caldwell.ben.bites.Bites"]}, {"df4617621198898831fa1d4af32f2619": ["12", "caldwell.ben.bites.Bites"]}, {"1eff2dad01d17eb3dbcfcc597bf95ac4": ["1", "caldwell.ben.bites.Bites"]}, {"1eff2dad01d17eb3dbcfcc597bf95ac4": ["1", "caldwell.ben.bites.Bites"]}, {"f35409300efa87a956013c08d5aa698a": ["7", "caldwell.ben.bites.IngredientList"]}, {"9e20ead4e90463d407cb8abce0a6ffce": ["26", "caldwell.ben.bites.Bites"]}, {"3ae9aac1f2c29a14bd528f151595824f": ["14", "caldwell.ben.bites.Bites"]}, {"9e20ead4e90463d407cb8abce0a6ffce": ["26", "caldwell.ben.bites.Bites"]}, {"9e20ead4e90463d407cb8abce0a6ffce": ["26", "caldwell.ben.bites.Bites"]}, {"9e20ead4e90463d407cb8abce0a6ffce": ["26", "caldwell.ben.bites.Bites"]}, {"9fab7d5f53fe1c5d433bcfed295159ae": ["2", "caldwell.ben.bites.BitesPreferences"]}, {"2f37f2ee3a580c7a4381269e56b4bf31": ["3", "caldwell.ben.bites.BitesPreferences"]}, {"9fab7d5f53fe1c5d433bcfed295159ae": ["2", "caldwell.ben.bites.BitesPreferences"]}, {"2f37f2ee3a580c7a4381269e56b4bf31": ["3", "caldwell.ben.bites.BitesPreferences"]}, {"9fab7d5f53fe1c5d433bcfed295159ae": ["2", "caldwell.ben.bites.BitesPreferences"]}, {"2f37f2ee3a580c7a4381269e56b4bf31": ["3", "caldwell.ben.bites.BitesPreferences"]}, {"9fab7d5f53fe1c5d433bcfed295159ae": ["2", "caldwell.ben.bites.BitesPreferences"]}, {"9fab7d5f53fe1c5d433bcfed295159ae": ["2", "caldwell.ben.bites.BitesPreferences"]}, {"2f37f2ee3a580c7a4381269e56b4bf31": ["3", "caldwell.ben.bites.BitesPreferences"]}, {"9fab7d5f53fe1c5d433bcfed295159ae": ["2", "caldwell.ben.bites.BitesPreferences"]}, {"2f37f2ee3a580c7a4381269e56b4bf31": ["3", "caldwell.ben.bites.BitesPreferences"]}, {"9fab7d5f53fe1c5d433bcfed295159ae": ["2", "caldwell.ben.bites.BitesPreferences"]}, {"4b27e7f4327e060de7f6f8b791ec4e24": ["13", "caldwell.ben.bites.BitesPreferences"]}, {"9fab7d5f53fe1c5d433bcfed295159ae": ["2", "caldwell.ben.bites.BitesPreferences"]}, {"4b27e7f4327e060de7f6f8b791ec4e24": ["13", "caldwell.ben.bites.BitesPreferences"]}, {"9fab7d5f53fe1c5d433bcfed295159ae": ["2", "caldwell.ben.bites.BitesPreferences"]}, {"2f37f2ee3a580c7a4381269e56b4bf31": ["3", "caldwell.ben.bites.BitesPreferences"]}, {"9fab7d5f53fe1c5d433bcfed295159ae": ["2", "caldwell.ben.bites.BitesPreferences"]}, {"2f37f2ee3a580c7a4381269e56b4bf31": ["3", "caldwell.ben.bites.BitesPreferences"]}, {"9fab7d5f53fe1c5d433bcfed295159ae": ["2", "caldwell.ben.bites.BitesPreferences"]}, {"2f37f2ee3a580c7a4381269e56b4bf31": ["3", "caldwell.ben.bites.BitesPreferences"]}, {"9fab7d5f53fe1c5d433bcfed295159ae": ["2", "caldwell.ben.bites.BitesPreferences"]}, {"9fab7d5f53fe1c5d433bcfed295159ae": ["2", "caldwell.ben.bites.BitesPreferences"]}, {"2f37f2ee3a580c7a4381269e56b4bf31": ["3", "caldwell.ben.bites.BitesPreferences"]}, {"9fab7d5f53fe1c5d433bcfed295159ae": ["2", "caldwell.ben.bites.BitesPreferences"]}, {"2f37f2ee3a580c7a4381269e56b4bf31": ["3", "caldwell.ben.bites.BitesPreferences"]}, {"9fab7d5f53fe1c5d433bcfed295159ae": ["2", "caldwell.ben.bites.BitesPreferences"]}, {"2f37f2ee3a580c7a4381269e56b4bf31": ["3", "caldwell.ben.bites.BitesPreferences"]}, {"9fab7d5f53fe1c5d433bcfed295159ae": ["2", "caldwell.ben.bites.BitesPreferences"]}, {"4b27e7f4327e060de7f6f8b791ec4e24": ["13", "caldwell.ben.bites.BitesPreferences"]}, {"9fab7d5f53fe1c5d433bcfed295159ae": ["2", "caldwell.ben.bites.BitesPreferences"]}, {"9fab7d5f53fe1c5d433bcfed295159ae": ["2", "caldwell.ben.bites.BitesPreferences"]}, {"2f37f2ee3a580c7a4381269e56b4bf31": ["3", "caldwell.ben.bites.BitesPreferences"]}, {"9fab7d5f53fe1c5d433bcfed295159ae": ["2", "caldwell.ben.bites.BitesPreferences"]}, {"2f37f2ee3a580c7a4381269e56b4bf31": ["3", "caldwell.ben.bites.BitesPreferences"]}, {"9fab7d5f53fe1c5d433bcfed295159ae": ["2", "caldwell.ben.bites.BitesPreferences"]}, {"9fab7d5f53fe1c5d433bcfed295159ae": ["2", "caldwell.ben.bites.BitesPreferences"]}, {"2f37f2ee3a580c7a4381269e56b4bf31": ["3", "caldwell.ben.bites.BitesPreferences"]}, {"9fab7d5f53fe1c5d433bcfed295159ae": ["2", "caldwell.ben.bites.BitesPreferences"]}, {"4b27e7f4327e060de7f6f8b791ec4e24": ["13", "caldwell.ben.bites.BitesPreferences"]}, {"9fab7d5f53fe1c5d433bcfed295159ae": ["2", "caldwell.ben.bites.BitesPreferences"]}, {"2f37f2ee3a580c7a4381269e56b4bf31": ["3", "caldwell.ben.bites.BitesPreferences"]}, {"9e20ead4e90463d407cb8abce0a6ffce": ["26", "caldwell.ben.bites.Bites"]}, {"9e20ead4e90463d407cb8abce0a6ffce": ["26", "caldwell.ben.bites.Bites"]}, {"9e20ead4e90463d407cb8abce0a6ffce": ["26", "caldwell.ben.bites.Bites"]}, {"9e20ead4e90463d407cb8abce0a6ffce": ["26", "caldwell.ben.bites.Bites"]}, {"9e20ead4e90463d407cb8abce0a6ffce": ["26", "caldwell.ben.bites.Bites"]}, {"9b583f52c11b1390dee5a84d2a4e6bc8": ["0", "caldwell.ben.bites.RecipeList"]}, {"9fab7d5f53fe1c5d433bcfed295159ae": ["2", "caldwell.ben.bites.BitesPreferences"]}, {"9fab7d5f53fe1c5d433bcfed295159ae": ["2", "caldwell.ben.bites.BitesPreferences"]}, {"2f37f2ee3a580c7a4381269e56b4bf31": ["3", "caldwell.ben.bites.BitesPreferences"]}, {"9fab7d5f53fe1c5d433bcfed295159ae": ["2", "caldwell.ben.bites.BitesPreferences"]}, {"2f37f2ee3a580c7a4381269e56b4bf31": ["3", "caldwell.ben.bites.BitesPreferences"]}, {"9fab7d5f53fe1c5d433bcfed295159ae": ["2", "caldwell.ben.bites.BitesPreferences"]}, {"4b27e7f4327e060de7f6f8b791ec4e24": ["13", "caldwell.ben.bites.BitesPreferences"]}, {"9fab7d5f53fe1c5d433bcfed295159ae": ["2", "caldwell.ben.bites.BitesPreferences"]}, {"2f37f2ee3a580c7a4381269e56b4bf31": ["3", "caldwell.ben.bites.BitesPreferences"]}, {"9fab7d5f53fe1c5d433bcfed295159ae": ["2", "caldwell.ben.bites.BitesPreferences"]}, {"2f37f2ee3a580c7a4381269e56b4bf31": ["3", "caldwell.ben.bites.BitesPreferences"]}, {"9fab7d5f53fe1c5d433bcfed295159ae": ["2", "caldwell.ben.bites.BitesPreferences"]}, {"4b27e7f4327e060de7f6f8b791ec4e24": ["13", "caldwell.ben.bites.BitesPreferences"]}, {"9fab7d5f53fe1c5d433bcfed295159ae": ["2", "caldwell.ben.bites.BitesPreferences"]}, {"4b27e7f4327e060de7f6f8b791ec4e24": ["13", "caldwell.ben.bites.BitesPreferences"]}, {"9fab7d5f53fe1c5d433bcfed295159ae": ["2", "caldwell.ben.bites.BitesPreferences"]}, {"9fab7d5f53fe1c5d433bcfed295159ae": ["2", "caldwell.ben.bites.BitesPreferences"]}, {"9fab7d5f53fe1c5d433bcfed295159ae": ["2", "caldwell.ben.bites.BitesPreferences"]}, {"4b27e7f4327e060de7f6f8b791ec4e24": ["13", "caldwell.ben.bites.BitesPreferences"]}, {"9fab7d5f53fe1c5d433bcfed295159ae": ["2", "caldwell.ben.bites.BitesPreferences"]}, {"4b27e7f4327e060de7f6f8b791ec4e24": ["13", "caldwell.ben.bites.BitesPreferences"]}, {"9fab7d5f53fe1c5d433bcfed295159ae": ["2", "caldwell.ben.bites.BitesPreferences"]}, {"4b27e7f4327e060de7f6f8b791ec4e24": ["13", "caldwell.ben.bites.BitesPreferences"]}, {"9fab7d5f53fe1c5d433bcfed295159ae": ["2", "caldwell.ben.bites.BitesPreferences"]}, {"2f37f2ee3a580c7a4381269e56b4bf31": ["3", "caldwell.ben.bites.BitesPreferences"]}, {"9fab7d5f53fe1c5d433bcfed295159ae": ["2", "caldwell.ben.bites.BitesPreferences"]}, {"2f37f2ee3a580c7a4381269e56b4bf31": ["3", "caldwell.ben.bites.BitesPreferences"]}, {"9fab7d5f53fe1c5d433bcfed295159ae": ["2", "caldwell.ben.bites.BitesPreferences"]}, {"2f37f2ee3a580c7a4381269e56b4bf31": ["3", "caldwell.ben.bites.BitesPreferences"]}, {"9fab7d5f53fe1c5d433bcfed295159ae": ["2", "caldwell.ben.bites.BitesPreferences"]}, {"9fab7d5f53fe1c5d433bcfed295159ae": ["2", "caldwell.ben.bites.BitesPreferences"]}, {"2f37f2ee3a580c7a4381269e56b4bf31": ["3", "caldwell.ben.bites.BitesPreferences"]}, {"9fab7d5f53fe1c5d433bcfed295159ae": ["2", "caldwell.ben.bites.BitesPreferences"]}, {"9fab7d5f53fe1c5d433bcfed295159ae": ["2", "caldwell.ben.bites.BitesPreferences"]}, {"2f37f2ee3a580c7a4381269e56b4bf31": ["3", "caldwell.ben.bites.BitesPreferences"]}, {"9fab7d5f53fe1c5d433bcfed295159ae": ["2", "caldwell.ben.bites.BitesPreferences"]}, {"2f37f2ee3a580c7a4381269e56b4bf31": ["3", "caldwell.ben.bites.BitesPreferences"]}, {"9fab7d5f53fe1c5d433bcfed295159ae": ["2", "caldwell.ben.bites.BitesPreferences"]}, {"9fab7d5f53fe1c5d433bcfed295159ae": ["2", "caldwell.ben.bites.BitesPreferences"]}, {"4b27e7f4327e060de7f6f8b791ec4e24": ["13", "caldwell.ben.bites.BitesPreferences"]}, {"9fab7d5f53fe1c5d433bcfed295159ae": ["2", "caldwell.ben.bites.BitesPreferences"]}, {"4b27e7f4327e060de7f6f8b791ec4e24": ["13", "caldwell.ben.bites.BitesPreferences"]}, {"9fab7d5f53fe1c5d433bcfed295159ae": ["2", "caldwell.ben.bites.BitesPreferences"]}, {"4b27e7f4327e060de7f6f8b791ec4e24": ["13", "caldwell.ben.bites.BitesPreferences"]}, {"9fab7d5f53fe1c5d433bcfed295159ae": ["2", "caldwell.ben.bites.BitesPreferences"]}, {"4b27e7f4327e060de7f6f8b791ec4e24": ["13", "caldwell.ben.bites.BitesPreferences"]}, {"9fab7d5f53fe1c5d433bcfed295159ae": ["2", "caldwell.ben.bites.BitesPreferences"]}, {"2f37f2ee3a580c7a4381269e56b4bf31": ["3", "caldwell.ben.bites.BitesPreferences"]}, {"9fab7d5f53fe1c5d433bcfed295159ae": ["2", "caldwell.ben.bites.BitesPreferences"]}, {"2f37f2ee3a580c7a4381269e56b4bf31": ["3", "caldwell.ben.bites.BitesPreferences"]}, {"9fab7d5f53fe1c5d433bcfed295159ae": ["2", "caldwell.ben.bites.BitesPreferences"]}, {"4b27e7f4327e060de7f6f8b791ec4e24": ["13", "caldwell.ben.bites.BitesPreferences"]}, {"9fab7d5f53fe1c5d433bcfed295159ae": ["2", "caldwell.ben.bites.BitesPreferences"]}, {"9fab7d5f53fe1c5d433bcfed295159ae": ["2", "caldwell.ben.bites.BitesPreferences"]}, {"2f37f2ee3a580c7a4381269e56b4bf31": ["3", "caldwell.ben.bites.BitesPreferences"]}, {"9fab7d5f53fe1c5d433bcfed295159ae": ["2", "caldwell.ben.bites.BitesPreferences"]}, {"2f37f2ee3a580c7a4381269e56b4bf31": ["3", "caldwell.ben.bites.BitesPreferences"]}, {"9fab7d5f53fe1c5d433bcfed295159ae": ["2", "caldwell.ben.bites.BitesPreferences"]}, {"4b27e7f4327e060de7f6f8b791ec4e24": ["13", "caldwell.ben.bites.BitesPreferences"]}, {"9fab7d5f53fe1c5d433bcfed295159ae": ["2", "caldwell.ben.bites.BitesPreferences"]}, {"2f37f2ee3a580c7a4381269e56b4bf31": ["3", "caldwell.ben.bites.BitesPreferences"]}, {"9fab7d5f53fe1c5d433bcfed295159ae": ["2", "caldwell.ben.bites.BitesPreferences"]}, {"9fab7d5f53fe1c5d433bcfed295159ae": ["2", "caldwell.ben.bites.BitesPreferences"]}, {"2f37f2ee3a580c7a4381269e56b4bf31": ["3", "caldwell.ben.bites.BitesPreferences"]}, {"2ff8dd41401ff66e0b1735fbc59417ad": ["27", "caldwell.ben.bites.BitesPreferences"]}, {"9fab7d5f53fe1c5d433bcfed295159ae": ["2", "caldwell.ben.bites.BitesPreferences"]}, {"9fab7d5f53fe1c5d433bcfed295159ae": ["2", "caldwell.ben.bites.BitesPreferences"]}, {"2f37f2ee3a580c7a4381269e56b4bf31": ["3", "caldwell.ben.bites.BitesPreferences"]}, {"9fab7d5f53fe1c5d433bcfed295159ae": ["2", "caldwell.ben.bites.BitesPreferences"]}, {"2f37f2ee3a580c7a4381269e56b4bf31": ["3", "caldwell.ben.bites.BitesPreferences"]}, {"9fab7d5f53fe1c5d433bcfed295159ae": ["2", "caldwell.ben.bites.BitesPreferences"]}, {"2f37f2ee3a580c7a4381269e56b4bf31": ["3", "caldwell.ben.bites.BitesPreferences"]}, {"9fab7d5f53fe1c5d433bcfed295159ae": ["2", "caldwell.ben.bites.BitesPreferences"]}, {"2f37f2ee3a580c7a4381269e56b4bf31": ["3", "caldwell.ben.bites.BitesPreferences"]}, {"9fab7d5f53fe1c5d433bcfed295159ae": ["2", "caldwell.ben.bites.BitesPreferences"]}, {"4b27e7f4327e060de7f6f8b791ec4e24": ["13", "caldwell.ben.bites.BitesPreferences"]}, {"9fab7d5f53fe1c5d433bcfed295159ae": ["2", "caldwell.ben.bites.BitesPreferences"]}, {"4b27e7f4327e060de7f6f8b791ec4e24": ["13", "caldwell.ben.bites.BitesPreferences"]}, {"9fab7d5f53fe1c5d433bcfed295159ae": ["2", "caldwell.ben.bites.BitesPreferences"]}, {"4b27e7f4327e060de7f6f8b791ec4e24": ["13", "caldwell.ben.bites.BitesPreferences"]}, {"9fab7d5f53fe1c5d433bcfed295159ae": ["2", "caldwell.ben.bites.BitesPreferences"]}, {"9fab7d5f53fe1c5d433bcfed295159ae": ["2", "caldwell.ben.bites.BitesPreferences"]}, {"2f37f2ee3a580c7a4381269e56b4bf31": ["3", "caldwell.ben.bites.BitesPreferences"]}, {"9fab7d5f53fe1c5d433bcfed295159ae": ["2", "caldwell.ben.bites.BitesPreferences"]}, {"9fab7d5f53fe1c5d433bcfed295159ae": ["2", "caldwell.ben.bites.BitesPreferences"]}, {"9fab7d5f53fe1c5d433bcfed295159ae": ["2", "caldwell.ben.bites.BitesPreferences"]}, {"2f37f2ee3a580c7a4381269e56b4bf31": ["3", "caldwell.ben.bites.BitesPreferences"]}, {"9fab7d5f53fe1c5d433bcfed295159ae": ["2", "caldwell.ben.bites.BitesPreferences"]}, {"4b27e7f4327e060de7f6f8b791ec4e24": ["13", "caldwell.ben.bites.BitesPreferences"]}, {"9fab7d5f53fe1c5d433bcfed295159ae": ["2", "caldwell.ben.bites.BitesPreferences"]}, {"4b27e7f4327e060de7f6f8b791ec4e24": ["13", "caldwell.ben.bites.BitesPreferences"]}, {"9fab7d5f53fe1c5d433bcfed295159ae": ["2", "caldwell.ben.bites.BitesPreferences"]}, {"2f37f2ee3a580c7a4381269e56b4bf31": ["3", "caldwell.ben.bites.BitesPreferences"]}, {"1eff2dad01d17eb3dbcfcc597bf95ac4": ["1", "caldwell.ben.bites.Bites"]}, {"9e20ead4e90463d407cb8abce0a6ffce": ["26", "caldwell.ben.bites.Bites"]}, {"9e20ead4e90463d407cb8abce0a6ffce": ["26", "caldwell.ben.bites.Bites"]}, {"9e20ead4e90463d407cb8abce0a6ffce": ["26", "caldwell.ben.bites.Bites"]}, {"f35409300efa87a956013c08d5aa698a": ["7", "caldwell.ben.bites.IngredientList"]}, {"a4bd918909f074346652ab86498891b5": ["28", "caldwell.ben.bites.Bites"]}, {"a4bd918909f074346652ab86498891b5": ["28", "caldwell.ben.bites.Bites"]}, {"1eff2dad01d17eb3dbcfcc597bf95ac4": ["1", "caldwell.ben.bites.Bites"]}, {"a4bd918909f074346652ab86498891b5": ["28", "caldwell.ben.bites.Bites"]}, {"9b583f52c11b1390dee5a84d2a4e6bc8": ["0", "caldwell.ben.bites.RecipeList"]}, {"3ae9aac1f2c29a14bd528f151595824f": ["14", "caldwell.ben.bites.Bites"]}, {"7c15d9be3c82334acfe0845baaca25f8": ["10", "caldwell.ben.bites.Bites"]}, {"3ae9aac1f2c29a14bd528f151595824f": ["14", "caldwell.ben.bites.Bites"]}, {"3ae9aac1f2c29a14bd528f151595824f": ["14", "caldwell.ben.bites.Bites"]}, {"3ae9aac1f2c29a14bd528f151595824f": ["14", "caldwell.ben.bites.Bites"]}, {"a4bd918909f074346652ab86498891b5": ["28", "caldwell.ben.bites.Bites"]}, {"a4bd918909f074346652ab86498891b5": ["28", "caldwell.ben.bites.Bites"]}, {"a4bd918909f074346652ab86498891b5": ["28", "caldwell.ben.bites.Bites"]}, {"a4bd918909f074346652ab86498891b5": ["28", "caldwell.ben.bites.Bites"]}, {"a4bd918909f074346652ab86498891b5": ["28", "caldwell.ben.bites.Bites"]}, {"a4bd918909f074346652ab86498891b5": ["28", "caldwell.ben.bites.Bites"]}, {"a4bd918909f074346652ab86498891b5": ["28", "caldwell.ben.bites.Bites"]}, {"a4bd918909f074346652ab86498891b5": ["28", "caldwell.ben.bites.Bites"]}, {"a4bd918909f074346652ab86498891b5": ["28", "caldwell.ben.bites.Bites"]}, {"a4bd918909f074346652ab86498891b5": ["28", "caldwell.ben.bites.Bites"]}, {"a4bd918909f074346652ab86498891b5": ["28", "caldwell.ben.bites.Bites"]}, {"a4bd918909f074346652ab86498891b5": ["28", "caldwell.ben.bites.Bites"]}, {"a4bd918909f074346652ab86498891b5": ["28", "caldwell.ben.bites.Bites"]}, {"9fab7d5f53fe1c5d433bcfed295159ae": ["2", "caldwell.ben.bites.BitesPreferences"]}, {"4b27e7f4327e060de7f6f8b791ec4e24": ["13", "caldwell.ben.bites.BitesPreferences"]}, {"9fab7d5f53fe1c5d433bcfed295159ae": ["2", "caldwell.ben.bites.BitesPreferences"]}, {"2f37f2ee3a580c7a4381269e56b4bf31": ["3", "caldwell.ben.bites.BitesPreferences"]}, {"9fab7d5f53fe1c5d433bcfed295159ae": ["2", "caldwell.ben.bites.BitesPreferences"]}, {"9fab7d5f53fe1c5d433bcfed295159ae": ["2", "caldwell.ben.bites.BitesPreferences"]}, {"9fab7d5f53fe1c5d433bcfed295159ae": ["2", "caldwell.ben.bites.BitesPreferences"]}, {"9fab7d5f53fe1c5d433bcfed295159ae": ["2", "caldwell.ben.bites.BitesPreferences"]}, {"4b27e7f4327e060de7f6f8b791ec4e24": ["13", "caldwell.ben.bites.BitesPreferences"]}, {"9fab7d5f53fe1c5d433bcfed295159ae": ["2", "caldwell.ben.bites.BitesPreferences"]}, {"2f37f2ee3a580c7a4381269e56b4bf31": ["3", "caldwell.ben.bites.BitesPreferences"]}, {"9fab7d5f53fe1c5d433bcfed295159ae": ["2", "caldwell.ben.bites.BitesPreferences"]}, {"9fab7d5f53fe1c5d433bcfed295159ae": ["2", "caldwell.ben.bites.BitesPreferences"]}, {"2f37f2ee3a580c7a4381269e56b4bf31": ["3", "caldwell.ben.bites.BitesPreferences"]}, {"9fab7d5f53fe1c5d433bcfed295159ae": ["2", "caldwell.ben.bites.BitesPreferences"]}, {"4b27e7f4327e060de7f6f8b791ec4e24": ["13", "caldwell.ben.bites.BitesPreferences"]}, {"9fab7d5f53fe1c5d433bcfed295159ae": ["2", "caldwell.ben.bites.BitesPreferences"]}, {"2f37f2ee3a580c7a4381269e56b4bf31": ["3", "caldwell.ben.bites.BitesPreferences"]}, {"2f37f2ee3a580c7a4381269e56b4bf31": ["3", "caldwell.ben.bites.BitesPreferences"]}, {"9fab7d5f53fe1c5d433bcfed295159ae": ["2", "caldwell.ben.bites.BitesPreferences"]}, {"4b27e7f4327e060de7f6f8b791ec4e24": ["13", "caldwell.ben.bites.BitesPreferences"]}, {"9fab7d5f53fe1c5d433bcfed295159ae": ["2", "caldwell.ben.bites.BitesPreferences"]}, {"2f37f2ee3a580c7a4381269e56b4bf31": ["3", "caldwell.ben.bites.BitesPreferences"]}, {"9fab7d5f53fe1c5d433bcfed295159ae": ["2", "caldwell.ben.bites.BitesPreferences"]}, {"9fab7d5f53fe1c5d433bcfed295159ae": ["2", "caldwell.ben.bites.BitesPreferences"]}, {"2f37f2ee3a580c7a4381269e56b4bf31": ["3", "caldwell.ben.bites.BitesPreferences"]}, {"9fab7d5f53fe1c5d433bcfed295159ae": ["2", "caldwell.ben.bites.BitesPreferences"]}, {"2f37f2ee3a580c7a4381269e56b4bf31": ["3", "caldwell.ben.bites.BitesPreferences"]}, {"9fab7d5f53fe1c5d433bcfed295159ae": ["2", "caldwell.ben.bites.BitesPreferences"]}, {"2f37f2ee3a580c7a4381269e56b4bf31": ["3", "caldwell.ben.bites.BitesPreferences"]}, {"9fab7d5f53fe1c5d433bcfed295159ae": ["2", "caldwell.ben.bites.BitesPreferences"]}, {"9fab7d5f53fe1c5d433bcfed295159ae": ["2", "caldwell.ben.bites.BitesPreferences"]}, {"4b27e7f4327e060de7f6f8b791ec4e24": ["13", "caldwell.ben.bites.BitesPreferences"]}, {"9fab7d5f53fe1c5d433bcfed295159ae": ["2", "caldwell.ben.bites.BitesPreferences"]}, {"4b27e7f4327e060de7f6f8b791ec4e24": ["13", "caldwell.ben.bites.BitesPreferences"]}, {"9fab7d5f53fe1c5d433bcfed295159ae": ["2", "caldwell.ben.bites.BitesPreferences"]}, {"4b27e7f4327e060de7f6f8b791ec4e24": ["13", "caldwell.ben.bites.BitesPreferences"]}, {"9fab7d5f53fe1c5d433bcfed295159ae": ["2", "caldwell.ben.bites.BitesPreferences"]}, {"4b27e7f4327e060de7f6f8b791ec4e24": ["13", "caldwell.ben.bites.BitesPreferences"]}, {"9fab7d5f53fe1c5d433bcfed295159ae": ["2", "caldwell.ben.bites.BitesPreferences"]}, {"2f37f2ee3a580c7a4381269e56b4bf31": ["3", "caldwell.ben.bites.BitesPreferences"]}, {"9fab7d5f53fe1c5d433bcfed295159ae": ["2", "caldwell.ben.bites.BitesPreferences"]}, {"4b27e7f4327e060de7f6f8b791ec4e24": ["13", "caldwell.ben.bites.BitesPreferences"]}, {"9fab7d5f53fe1c5d433bcfed295159ae": ["2", "caldwell.ben.bites.BitesPreferences"]}, {"2f37f2ee3a580c7a4381269e56b4bf31": ["3", "caldwell.ben.bites.BitesPreferences"]}, {"9fab7d5f53fe1c5d433bcfed295159ae": ["2", "caldwell.ben.bites.BitesPreferences"]}, {"4b27e7f4327e060de7f6f8b791ec4e24": ["13", "caldwell.ben.bites.BitesPreferences"]}, {"9fab7d5f53fe1c5d433bcfed295159ae": ["2", "caldwell.ben.bites.BitesPreferences"]}, {"4b27e7f4327e060de7f6f8b791ec4e24": ["13", "caldwell.ben.bites.BitesPreferences"]}, {"9fab7d5f53fe1c5d433bcfed295159ae": ["2", "caldwell.ben.bites.BitesPreferences"]}, {"9fab7d5f53fe1c5d433bcfed295159ae": ["2", "caldwell.ben.bites.BitesPreferences"]}, {"2f37f2ee3a580c7a4381269e56b4bf31": ["3", "caldwell.ben.bites.BitesPreferences"]}, {"9fab7d5f53fe1c5d433bcfed295159ae": ["2", "caldwell.ben.bites.BitesPreferences"]}, {"2f37f2ee3a580c7a4381269e56b4bf31": ["3", "caldwell.ben.bites.BitesPreferences"]}, {"9fab7d5f53fe1c5d433bcfed295159ae": ["2", "caldwell.ben.bites.BitesPreferences"]}, {"4b27e7f4327e060de7f6f8b791ec4e24": ["13", "caldwell.ben.bites.BitesPreferences"]}, {"9fab7d5f53fe1c5d433bcfed295159ae": ["2", "caldwell.ben.bites.BitesPreferences"]}, {"2f37f2ee3a580c7a4381269e56b4bf31": ["3", "caldwell.ben.bites.BitesPreferences"]}, {"9fab7d5f53fe1c5d433bcfed295159ae": ["2", "caldwell.ben.bites.BitesPreferences"]}, {"2f37f2ee3a580c7a4381269e56b4bf31": ["3", "caldwell.ben.bites.BitesPreferences"]}, {"9fab7d5f53fe1c5d433bcfed295159ae": ["2", "caldwell.ben.bites.BitesPreferences"]}, {"9fab7d5f53fe1c5d433bcfed295159ae": ["2", "caldwell.ben.bites.BitesPreferences"]}, {"2f37f2ee3a580c7a4381269e56b4bf31": ["3", "caldwell.ben.bites.BitesPreferences"]}, {"9fab7d5f53fe1c5d433bcfed295159ae": ["2", "caldwell.ben.bites.BitesPreferences"]}, {"2f37f2ee3a580c7a4381269e56b4bf31": ["3", "caldwell.ben.bites.BitesPreferences"]}, {"9fab7d5f53fe1c5d433bcfed295159ae": ["2", "caldwell.ben.bites.BitesPreferences"]}, {"4b27e7f4327e060de7f6f8b791ec4e24": ["13", "caldwell.ben.bites.BitesPreferences"]}, {"9fab7d5f53fe1c5d433bcfed295159ae": ["2", "caldwell.ben.bites.BitesPreferences"]}, {"4b27e7f4327e060de7f6f8b791ec4e24": ["13", "caldwell.ben.bites.BitesPreferences"]}, {"9fab7d5f53fe1c5d433bcfed295159ae": ["2", "caldwell.ben.bites.BitesPreferences"]}, {"2f37f2ee3a580c7a4381269e56b4bf31": ["3", "caldwell.ben.bites.BitesPreferences"]}, {"9fab7d5f53fe1c5d433bcfed295159ae": ["2", "caldwell.ben.bites.BitesPreferences"]}, {"9fab7d5f53fe1c5d433bcfed295159ae": ["2", "caldwell.ben.bites.BitesPreferences"]}, {"4b27e7f4327e060de7f6f8b791ec4e24": ["13", "caldwell.ben.bites.BitesPreferences"]}, {"9fab7d5f53fe1c5d433bcfed295159ae": ["2", "caldwell.ben.bites.BitesPreferences"]}, {"2f37f2ee3a580c7a4381269e56b4bf31": ["3", "caldwell.ben.bites.BitesPreferences"]}, {"9fab7d5f53fe1c5d433bcfed295159ae": ["2", "caldwell.ben.bites.BitesPreferences"]}, {"2f37f2ee3a580c7a4381269e56b4bf31": ["3", "caldwell.ben.bites.BitesPreferences"]}, {"9fab7d5f53fe1c5d433bcfed295159ae": ["2", "caldwell.ben.bites.BitesPreferences"]}, {"2f37f2ee3a580c7a4381269e56b4bf31": ["3", "caldwell.ben.bites.BitesPreferences"]}, {"9fab7d5f53fe1c5d433bcfed295159ae": ["2", "caldwell.ben.bites.BitesPreferences"]}, {"2f37f2ee3a580c7a4381269e56b4bf31": ["3", "caldwell.ben.bites.BitesPreferences"]}, {"1eff2dad01d17eb3dbcfcc597bf95ac4": ["1", "caldwell.ben.bites.Bites"]}, {"a4bd918909f074346652ab86498891b5": ["28", "caldwell.ben.bites.Bites"]}, {"a4bd918909f074346652ab86498891b5": ["28", "caldwell.ben.bites.Bites"]}, {"9b583f52c11b1390dee5a84d2a4e6bc8": ["0", "caldwell.ben.bites.RecipeList"]}, {"f461c18a67999137b618ce62cc43f934": ["4", "caldwell.ben.bites.Bites"]}, {"a4bd918909f074346652ab86498891b5": ["28", "caldwell.ben.bites.Bites"]}, {"a4bd918909f074346652ab86498891b5": ["28", "caldwell.ben.bites.Bites"]}, {"a4bd918909f074346652ab86498891b5": ["28", "caldwell.ben.bites.Bites"]}, {"a4bd918909f074346652ab86498891b5": ["28", "caldwell.ben.bites.Bites"]}, {"a4bd918909f074346652ab86498891b5": ["28", "caldwell.ben.bites.Bites"]}, {"a4bd918909f074346652ab86498891b5": ["28", "caldwell.ben.bites.Bites"]}, {"a4bd918909f074346652ab86498891b5": ["28", "caldwell.ben.bites.Bites"]}, {"a4bd918909f074346652ab86498891b5": ["28", "caldwell.ben.bites.Bites"]}, {"a4bd918909f074346652ab86498891b5": ["28", "caldwell.ben.bites.Bites"]}, {"a4bd918909f074346652ab86498891b5": ["28", "caldwell.ben.bites.Bites"]}, {"a4bd918909f074346652ab86498891b5": ["28", "caldwell.ben.bites.Bites"]}, {"a4bd918909f074346652ab86498891b5": ["28", "caldwell.ben.bites.Bites"]}, {"a4bd918909f074346652ab86498891b5": ["28", "caldwell.ben.bites.Bites"]}, {"f461c18a67999137b618ce62cc43f934": ["4", "caldwell.ben.bites.Bites"]}, {"f461c18a67999137b618ce62cc43f934": ["4", "caldwell.ben.bites.Bites"]}, {"a4bd918909f074346652ab86498891b5": ["28", "caldwell.ben.bites.Bites"]}, {"a4bd918909f074346652ab86498891b5": ["28", "caldwell.ben.bites.Bites"]}, {"a4bd918909f074346652ab86498891b5": ["28", "caldwell.ben.bites.Bites"]}, {"a4bd918909f074346652ab86498891b5": ["28", "caldwell.ben.bites.Bites"]}, {"a4bd918909f074346652ab86498891b5": ["28", "caldwell.ben.bites.Bites"]}, {"a4bd918909f074346652ab86498891b5": ["28", "caldwell.ben.bites.Bites"]}, {"a4bd918909f074346652ab86498891b5": ["28", "caldwell.ben.bites.Bites"]}, {"f35409300efa87a956013c08d5aa698a": ["7", "caldwell.ben.bites.IngredientList"]}, {"b9ff80e423fdcb3bd74abecd55b4d0d1": ["29", "caldwell.ben.bites.Bites"]}, {"b9ff80e423fdcb3bd74abecd55b4d0d1": ["29", "caldwell.ben.bites.Bites"]}, {"f461c18a67999137b618ce62cc43f934": ["4", "caldwell.ben.bites.Bites"]}, {"b9ff80e423fdcb3bd74abecd55b4d0d1": ["29", "caldwell.ben.bites.Bites"]}, {"b9ff80e423fdcb3bd74abecd55b4d0d1": ["29", "caldwell.ben.bites.Bites"]}, {"b9ff80e423fdcb3bd74abecd55b4d0d1": ["29", "caldwell.ben.bites.Bites"]}, {"b9ff80e423fdcb3bd74abecd55b4d0d1": ["29", "caldwell.ben.bites.Bites"]}, {"b9ff80e423fdcb3bd74abecd55b4d0d1": ["29", "caldwell.ben.bites.Bites"]}, {"9b583f52c11b1390dee5a84d2a4e6bc8": ["0", "caldwell.ben.bites.RecipeList"]}, {"f461c18a67999137b618ce62cc43f934": ["4", "caldwell.ben.bites.Bites"]}, {"f461c18a67999137b618ce62cc43f934": ["4", "caldwell.ben.bites.Bites"]}, {"f461c18a67999137b618ce62cc43f934": ["4", "caldwell.ben.bites.Bites"]}, {"f461c18a67999137b618ce62cc43f934": ["4", "caldwell.ben.bites.Bites"]}, {"436c0ea570703d9717cf6f0407740857": ["11", "caldwell.ben.bites.Bites"]}, {"f461c18a67999137b618ce62cc43f934": ["4", "caldwell.ben.bites.Bites"]}, {"f461c18a67999137b618ce62cc43f934": ["4", "caldwell.ben.bites.Bites"]}, {"436c0ea570703d9717cf6f0407740857": ["11", "caldwell.ben.bites.Bites"]}, {"3ae9aac1f2c29a14bd528f151595824f": ["14", "caldwell.ben.bites.Bites"]}, {"9fab7d5f53fe1c5d433bcfed295159ae": ["2", "caldwell.ben.bites.BitesPreferences"]}, {"2f37f2ee3a580c7a4381269e56b4bf31": ["3", "caldwell.ben.bites.BitesPreferences"]}, {"9fab7d5f53fe1c5d433bcfed295159ae": ["2", "caldwell.ben.bites.BitesPreferences"]}, {"2f37f2ee3a580c7a4381269e56b4bf31": ["3", "caldwell.ben.bites.BitesPreferences"]}, {"9fab7d5f53fe1c5d433bcfed295159ae": ["2", "caldwell.ben.bites.BitesPreferences"]}, {"9fab7d5f53fe1c5d433bcfed295159ae": ["2", "caldwell.ben.bites.BitesPreferences"]}, {"9fab7d5f53fe1c5d433bcfed295159ae": ["2", "caldwell.ben.bites.BitesPreferences"]}, {"2f37f2ee3a580c7a4381269e56b4bf31": ["3", "caldwell.ben.bites.BitesPreferences"]}, {"9fab7d5f53fe1c5d433bcfed295159ae": ["2", "caldwell.ben.bites.BitesPreferences"]}, {"2f37f2ee3a580c7a4381269e56b4bf31": ["3", "caldwell.ben.bites.BitesPreferences"]}, {"9fab7d5f53fe1c5d433bcfed295159ae": ["2", "caldwell.ben.bites.BitesPreferences"]}, {"2f37f2ee3a580c7a4381269e56b4bf31": ["3", "caldwell.ben.bites.BitesPreferences"]}, {"9fab7d5f53fe1c5d433bcfed295159ae": ["2", "caldwell.ben.bites.BitesPreferences"]}, {"4b27e7f4327e060de7f6f8b791ec4e24": ["13", "caldwell.ben.bites.BitesPreferences"]}, {"9fab7d5f53fe1c5d433bcfed295159ae": ["2", "caldwell.ben.bites.BitesPreferences"]}, {"9fab7d5f53fe1c5d433bcfed295159ae": ["2", "caldwell.ben.bites.BitesPreferences"]}, {"2f37f2ee3a580c7a4381269e56b4bf31": ["3", "caldwell.ben.bites.BitesPreferences"]}, {"9fab7d5f53fe1c5d433bcfed295159ae": ["2", "caldwell.ben.bites.BitesPreferences"]}, {"9fab7d5f53fe1c5d433bcfed295159ae": ["2", "caldwell.ben.bites.BitesPreferences"]}, {"2f37f2ee3a580c7a4381269e56b4bf31": ["3", "caldwell.ben.bites.BitesPreferences"]}, {"9fab7d5f53fe1c5d433bcfed295159ae": ["2", "caldwell.ben.bites.BitesPreferences"]}, {"9fab7d5f53fe1c5d433bcfed295159ae": ["2", "caldwell.ben.bites.BitesPreferences"]}, {"2f37f2ee3a580c7a4381269e56b4bf31": ["3", "caldwell.ben.bites.BitesPreferences"]}, {"9fab7d5f53fe1c5d433bcfed295159ae": ["2", "caldwell.ben.bites.BitesPreferences"]}, {"2f37f2ee3a580c7a4381269e56b4bf31": ["3", "caldwell.ben.bites.BitesPreferences"]}, {"9fab7d5f53fe1c5d433bcfed295159ae": ["2", "caldwell.ben.bites.BitesPreferences"]}, {"4b27e7f4327e060de7f6f8b791ec4e24": ["13", "caldwell.ben.bites.BitesPreferences"]}, {"9fab7d5f53fe1c5d433bcfed295159ae": ["2", "caldwell.ben.bites.BitesPreferences"]}, {"2f37f2ee3a580c7a4381269e56b4bf31": ["3", "caldwell.ben.bites.BitesPreferences"]}, {"9fab7d5f53fe1c5d433bcfed295159ae": ["2", "caldwell.ben.bites.BitesPreferences"]}, {"2f37f2ee3a580c7a4381269e56b4bf31": ["3", "caldwell.ben.bites.BitesPreferences"]}, {"9fab7d5f53fe1c5d433bcfed295159ae": ["2", "caldwell.ben.bites.BitesPreferences"]}, {"2f37f2ee3a580c7a4381269e56b4bf31": ["3", "caldwell.ben.bites.BitesPreferences"]}, {"9fab7d5f53fe1c5d433bcfed295159ae": ["2", "caldwell.ben.bites.BitesPreferences"]}, {"2f37f2ee3a580c7a4381269e56b4bf31": ["3", "caldwell.ben.bites.BitesPreferences"]}, {"9fab7d5f53fe1c5d433bcfed295159ae": ["2", "caldwell.ben.bites.BitesPreferences"]}, {"9fab7d5f53fe1c5d433bcfed295159ae": ["2", "caldwell.ben.bites.BitesPreferences"]}, {"2f37f2ee3a580c7a4381269e56b4bf31": ["3", "caldwell.ben.bites.BitesPreferences"]}, {"9fab7d5f53fe1c5d433bcfed295159ae": ["2", "caldwell.ben.bites.BitesPreferences"]}, {"2f37f2ee3a580c7a4381269e56b4bf31": ["3", "caldwell.ben.bites.BitesPreferences"]}, {"9fab7d5f53fe1c5d433bcfed295159ae": ["2", "caldwell.ben.bites.BitesPreferences"]}, {"2f37f2ee3a580c7a4381269e56b4bf31": ["3", "caldwell.ben.bites.BitesPreferences"]}, {"f461c18a67999137b618ce62cc43f934": ["4", "caldwell.ben.bites.Bites"]}, {"3ae9aac1f2c29a14bd528f151595824f": ["14", "caldwell.ben.bites.Bites"]}, {"3ae9aac1f2c29a14bd528f151595824f": ["14", "caldwell.ben.bites.Bites"]}, {"3ae9aac1f2c29a14bd528f151595824f": ["14", "caldwell.ben.bites.Bites"]}, {"f461c18a67999137b618ce62cc43f934": ["4", "caldwell.ben.bites.Bites"]}, {"f461c18a67999137b618ce62cc43f934": ["4", "caldwell.ben.bites.Bites"]}, {"9b583f52c11b1390dee5a84d2a4e6bc8": ["0", "caldwell.ben.bites.RecipeList"]}, {"3ae9aac1f2c29a14bd528f151595824f": ["14", "caldwell.ben.bites.Bites"]}, {"3ae9aac1f2c29a14bd528f151595824f": ["14", "caldwell.ben.bites.Bites"]}, {"9b583f52c11b1390dee5a84d2a4e6bc8": ["0", "caldwell.ben.bites.RecipeList"]}, {"3ae9aac1f2c29a14bd528f151595824f": ["14", "caldwell.ben.bites.Bites"]}, {"f461c18a67999137b618ce62cc43f934": ["4", "caldwell.ben.bites.Bites"]}, {"f461c18a67999137b618ce62cc43f934": ["4", "caldwell.ben.bites.Bites"]}, {"3ae9aac1f2c29a14bd528f151595824f": ["14", "caldwell.ben.bites.Bites"]}, {"318ebfb38936b2680c13b49faa5c2ee0": ["15", "caldwell.ben.bites.MethodList"]}, {"f461c18a67999137b618ce62cc43f934": ["4", "caldwell.ben.bites.Bites"]}, {"b9ff80e423fdcb3bd74abecd55b4d0d1": ["29", "caldwell.ben.bites.Bites"]}, {"b9ff80e423fdcb3bd74abecd55b4d0d1": ["29", "caldwell.ben.bites.Bites"]}, {"b9ff80e423fdcb3bd74abecd55b4d0d1": ["29", "caldwell.ben.bites.Bites"]}, {"f461c18a67999137b618ce62cc43f934": ["4", "caldwell.ben.bites.Bites"]}, {"f461c18a67999137b618ce62cc43f934": ["4", "caldwell.ben.bites.Bites"]}, {"436c0ea570703d9717cf6f0407740857": ["11", "caldwell.ben.bites.Bites"]}, {"f461c18a67999137b618ce62cc43f934": ["4", "caldwell.ben.bites.Bites"]}, {"436c0ea570703d9717cf6f0407740857": ["11", "caldwell.ben.bites.Bites"]}, {"3ae9aac1f2c29a14bd528f151595824f": ["14", "caldwell.ben.bites.Bites"]}, {"9fab7d5f53fe1c5d433bcfed295159ae": ["2", "caldwell.ben.bites.BitesPreferences"]}, {"4b27e7f4327e060de7f6f8b791ec4e24": ["13", "caldwell.ben.bites.BitesPreferences"]}, {"9fab7d5f53fe1c5d433bcfed295159ae": ["2", "caldwell.ben.bites.BitesPreferences"]}, {"2f37f2ee3a580c7a4381269e56b4bf31": ["3", "caldwell.ben.bites.BitesPreferences"]}, {"9fab7d5f53fe1c5d433bcfed295159ae": ["2", "caldwell.ben.bites.BitesPreferences"]}, {"9fab7d5f53fe1c5d433bcfed295159ae": ["2", "caldwell.ben.bites.BitesPreferences"]}, {"2f37f2ee3a580c7a4381269e56b4bf31": ["3", "caldwell.ben.bites.BitesPreferences"]}, {"9fab7d5f53fe1c5d433bcfed295159ae": ["2", "caldwell.ben.bites.BitesPreferences"]}, {"2f37f2ee3a580c7a4381269e56b4bf31": ["3", "caldwell.ben.bites.BitesPreferences"]}, {"9fab7d5f53fe1c5d433bcfed295159ae": ["2", "caldwell.ben.bites.BitesPreferences"]}, {"2f37f2ee3a580c7a4381269e56b4bf31": ["3", "caldwell.ben.bites.BitesPreferences"]}, {"9fab7d5f53fe1c5d433bcfed295159ae": ["2", "caldwell.ben.bites.BitesPreferences"]}, {"4b27e7f4327e060de7f6f8b791ec4e24": ["13", "caldwell.ben.bites.BitesPreferences"]}, {"9fab7d5f53fe1c5d433bcfed295159ae": ["2", "caldwell.ben.bites.BitesPreferences"]}, {"4b27e7f4327e060de7f6f8b791ec4e24": ["13", "caldwell.ben.bites.BitesPreferences"]}, {"9fab7d5f53fe1c5d433bcfed295159ae": ["2", "caldwell.ben.bites.BitesPreferences"]}, {"9fab7d5f53fe1c5d433bcfed295159ae": ["2", "caldwell.ben.bites.BitesPreferences"]}, {"2f37f2ee3a580c7a4381269e56b4bf31": ["3", "caldwell.ben.bites.BitesPreferences"]}, {"9fab7d5f53fe1c5d433bcfed295159ae": ["2", "caldwell.ben.bites.BitesPreferences"]}, {"9fab7d5f53fe1c5d433bcfed295159ae": ["2", "caldwell.ben.bites.BitesPreferences"]}, {"9fab7d5f53fe1c5d433bcfed295159ae": ["2", "caldwell.ben.bites.BitesPreferences"]}, {"9fab7d5f53fe1c5d433bcfed295159ae": ["2", "caldwell.ben.bites.BitesPreferences"]}, {"2f37f2ee3a580c7a4381269e56b4bf31": ["3", "caldwell.ben.bites.BitesPreferences"]}, {"9fab7d5f53fe1c5d433bcfed295159ae": ["2", "caldwell.ben.bites.BitesPreferences"]}, {"2f37f2ee3a580c7a4381269e56b4bf31": ["3", "caldwell.ben.bites.BitesPreferences"]}, {"9fab7d5f53fe1c5d433bcfed295159ae": ["2", "caldwell.ben.bites.BitesPreferences"]}, {"2f37f2ee3a580c7a4381269e56b4bf31": ["3", "caldwell.ben.bites.BitesPreferences"]}, {"9fab7d5f53fe1c5d433bcfed295159ae": ["2", "caldwell.ben.bites.BitesPreferences"]}, {"2f37f2ee3a580c7a4381269e56b4bf31": ["3", "caldwell.ben.bites.BitesPreferences"]}, {"9fab7d5f53fe1c5d433bcfed295159ae": ["2", "caldwell.ben.bites.BitesPreferences"]}, {"4b27e7f4327e060de7f6f8b791ec4e24": ["13", "caldwell.ben.bites.BitesPreferences"]}, {"9fab7d5f53fe1c5d433bcfed295159ae": ["2", "caldwell.ben.bites.BitesPreferences"]}, {"9fab7d5f53fe1c5d433bcfed295159ae": ["2", "caldwell.ben.bites.BitesPreferences"]}, {"4b27e7f4327e060de7f6f8b791ec4e24": ["13", "caldwell.ben.bites.BitesPreferences"]}, {"9fab7d5f53fe1c5d433bcfed295159ae": ["2", "caldwell.ben.bites.BitesPreferences"]}, {"4b27e7f4327e060de7f6f8b791ec4e24": ["13", "caldwell.ben.bites.BitesPreferences"]}, {"9fab7d5f53fe1c5d433bcfed295159ae": ["2", "caldwell.ben.bites.BitesPreferences"]}, {"9fab7d5f53fe1c5d433bcfed295159ae": ["2", "caldwell.ben.bites.BitesPreferences"]}, {"2f37f2ee3a580c7a4381269e56b4bf31": ["3", "caldwell.ben.bites.BitesPreferences"]}, {"9fab7d5f53fe1c5d433bcfed295159ae": ["2", "caldwell.ben.bites.BitesPreferences"]}, {"4b27e7f4327e060de7f6f8b791ec4e24": ["13", "caldwell.ben.bites.BitesPreferences"]}, {"9fab7d5f53fe1c5d433bcfed295159ae": ["2", "caldwell.ben.bites.BitesPreferences"]}, {"2f37f2ee3a580c7a4381269e56b4bf31": ["3", "caldwell.ben.bites.BitesPreferences"]}, {"9fab7d5f53fe1c5d433bcfed295159ae": ["2", "caldwell.ben.bites.BitesPreferences"]}, {"2f37f2ee3a580c7a4381269e56b4bf31": ["3", "caldwell.ben.bites.BitesPreferences"]}, {"9fab7d5f53fe1c5d433bcfed295159ae": ["2", "caldwell.ben.bites.BitesPreferences"]}, {"4b27e7f4327e060de7f6f8b791ec4e24": ["13", "caldwell.ben.bites.BitesPreferences"]}, {"9fab7d5f53fe1c5d433bcfed295159ae": ["2", "caldwell.ben.bites.BitesPreferences"]}, {"2f37f2ee3a580c7a4381269e56b4bf31": ["3", "caldwell.ben.bites.BitesPreferences"]}, {"9fab7d5f53fe1c5d433bcfed295159ae": ["2", "caldwell.ben.bites.BitesPreferences"]}, {"4b27e7f4327e060de7f6f8b791ec4e24": ["13", "caldwell.ben.bites.BitesPreferences"]}, {"9fab7d5f53fe1c5d433bcfed295159ae": ["2", "caldwell.ben.bites.BitesPreferences"]}, {"2f37f2ee3a580c7a4381269e56b4bf31": ["3", "caldwell.ben.bites.BitesPreferences"]}, {"9fab7d5f53fe1c5d433bcfed295159ae": ["2", "caldwell.ben.bites.BitesPreferences"]}, {"2f37f2ee3a580c7a4381269e56b4bf31": ["3", "caldwell.ben.bites.BitesPreferences"]}, {"9fab7d5f53fe1c5d433bcfed295159ae": ["2", "caldwell.ben.bites.BitesPreferences"]}, {"4b27e7f4327e060de7f6f8b791ec4e24": ["13", "caldwell.ben.bites.BitesPreferences"]}, {"9fab7d5f53fe1c5d433bcfed295159ae": ["2", "caldwell.ben.bites.BitesPreferences"]}, {"2f37f2ee3a580c7a4381269e56b4bf31": ["3", "caldwell.ben.bites.BitesPreferences"]}, {"9fab7d5f53fe1c5d433bcfed295159ae": ["2", "caldwell.ben.bites.BitesPreferences"]}, {"2f37f2ee3a580c7a4381269e56b4bf31": ["3", "caldwell.ben.bites.BitesPreferences"]}, {"9fab7d5f53fe1c5d433bcfed295159ae": ["2", "caldwell.ben.bites.BitesPreferences"]}, {"4b27e7f4327e060de7f6f8b791ec4e24": ["13", "caldwell.ben.bites.BitesPreferences"]}, {"9fab7d5f53fe1c5d433bcfed295159ae": ["2", "caldwell.ben.bites.BitesPreferences"]}, {"4b27e7f4327e060de7f6f8b791ec4e24": ["13", "caldwell.ben.bites.BitesPreferences"]}, {"9fab7d5f53fe1c5d433bcfed295159ae": ["2", "caldwell.ben.bites.BitesPreferences"]}, {"9fab7d5f53fe1c5d433bcfed295159ae": ["2", "caldwell.ben.bites.BitesPreferences"]}, {"9fab7d5f53fe1c5d433bcfed295159ae": ["2", "caldwell.ben.bites.BitesPreferences"]}, {"4b27e7f4327e060de7f6f8b791ec4e24": ["13", "caldwell.ben.bites.BitesPreferences"]}, {"9fab7d5f53fe1c5d433bcfed295159ae": ["2", "caldwell.ben.bites.BitesPreferences"]}, {"4b27e7f4327e060de7f6f8b791ec4e24": ["13", "caldwell.ben.bites.BitesPreferences"]}, {"9fab7d5f53fe1c5d433bcfed295159ae": ["2", "caldwell.ben.bites.BitesPreferences"]}, {"4b27e7f4327e060de7f6f8b791ec4e24": ["13", "caldwell.ben.bites.BitesPreferences"]}, {"9fab7d5f53fe1c5d433bcfed295159ae": ["2", "caldwell.ben.bites.BitesPreferences"]}, {"2f37f2ee3a580c7a4381269e56b4bf31": ["3", "caldwell.ben.bites.BitesPreferences"]}, {"9fab7d5f53fe1c5d433bcfed295159ae": ["2", "caldwell.ben.bites.BitesPreferences"]}, {"4b27e7f4327e060de7f6f8b791ec4e24": ["13", "caldwell.ben.bites.BitesPreferences"]}, {"9fab7d5f53fe1c5d433bcfed295159ae": ["2", "caldwell.ben.bites.BitesPreferences"]}, {"2f37f2ee3a580c7a4381269e56b4bf31": ["3", "caldwell.ben.bites.BitesPreferences"]}, {"9fab7d5f53fe1c5d433bcfed295159ae": ["2", "caldwell.ben.bites.BitesPreferences"]}, {"9fab7d5f53fe1c5d433bcfed295159ae": ["2", "caldwell.ben.bites.BitesPreferences"]}, {"2f37f2ee3a580c7a4381269e56b4bf31": ["3", "caldwell.ben.bites.BitesPreferences"]}, {"9fab7d5f53fe1c5d433bcfed295159ae": ["2", "caldwell.ben.bites.BitesPreferences"]}, {"2f37f2ee3a580c7a4381269e56b4bf31": ["3", "caldwell.ben.bites.BitesPreferences"]}, {"f461c18a67999137b618ce62cc43f934": ["4", "caldwell.ben.bites.Bites"]}, {"f461c18a67999137b618ce62cc43f934": ["4", "caldwell.ben.bites.Bites"]}, {"b9ff80e423fdcb3bd74abecd55b4d0d1": ["29", "caldwell.ben.bites.Bites"]}, {"f461c18a67999137b618ce62cc43f934": ["4", "caldwell.ben.bites.Bites"]}, {"b9ff80e423fdcb3bd74abecd55b4d0d1": ["29", "caldwell.ben.bites.Bites"]}, {"b9ff80e423fdcb3bd74abecd55b4d0d1": ["29", "caldwell.ben.bites.Bites"]}, {"b9ff80e423fdcb3bd74abecd55b4d0d1": ["29", "caldwell.ben.bites.Bites"]}, {"f461c18a67999137b618ce62cc43f934": ["4", "caldwell.ben.bites.Bites"]}, {"f461c18a67999137b618ce62cc43f934": ["4", "caldwell.ben.bites.Bites"]}, {"436c0ea570703d9717cf6f0407740857": ["11", "caldwell.ben.bites.Bites"]}, {"f35409300efa87a956013c08d5aa698a": ["7", "caldwell.ben.bites.IngredientList"]}, {"b1b56f2f6afd9dc7c7f46b694dcd1b6c": ["8", "caldwell.ben.bites.Bites"]}, {"f461c18a67999137b618ce62cc43f934": ["4", "caldwell.ben.bites.Bites"]}, {"b9ff80e423fdcb3bd74abecd55b4d0d1": ["29", "caldwell.ben.bites.Bites"]}, {"b9ff80e423fdcb3bd74abecd55b4d0d1": ["29", "caldwell.ben.bites.Bites"]}, {"b9ff80e423fdcb3bd74abecd55b4d0d1": ["29", "caldwell.ben.bites.Bites"]}, {"b9ff80e423fdcb3bd74abecd55b4d0d1": ["29", "caldwell.ben.bites.Bites"]}, {"b9ff80e423fdcb3bd74abecd55b4d0d1": ["29", "caldwell.ben.bites.Bites"]}, {"d1bd9d6201690580af104971dd75f574": ["30", "caldwell.ben.bites.IngredientList"]}, {"b9ff80e423fdcb3bd74abecd55b4d0d1": ["29", "caldwell.ben.bites.Bites"]}, {"9b583f52c11b1390dee5a84d2a4e6bc8": ["0", "caldwell.ben.bites.RecipeList"]}, {"f461c18a67999137b618ce62cc43f934": ["4", "caldwell.ben.bites.Bites"]}, {"f461c18a67999137b618ce62cc43f934": ["4", "caldwell.ben.bites.Bites"]}, {"f461c18a67999137b618ce62cc43f934": ["4", "caldwell.ben.bites.Bites"]}, {"f461c18a67999137b618ce62cc43f934": ["4", "caldwell.ben.bites.Bites"]}, {"b1b56f2f6afd9dc7c7f46b694dcd1b6c": ["8", "caldwell.ben.bites.Bites"]}, {"f35409300efa87a956013c08d5aa698a": ["7", "caldwell.ben.bites.IngredientList"]}, {"df4617621198898831fa1d4af32f2619": ["12", "caldwell.ben.bites.Bites"]}, {"3ae9aac1f2c29a14bd528f151595824f": ["14", "caldwell.ben.bites.Bites"]}, {"df4617621198898831fa1d4af32f2619": ["12", "caldwell.ben.bites.Bites"]}, {"df4617621198898831fa1d4af32f2619": ["12", "caldwell.ben.bites.Bites"]}, {"9fab7d5f53fe1c5d433bcfed295159ae": ["2", "caldwell.ben.bites.BitesPreferences"]}, {"2f37f2ee3a580c7a4381269e56b4bf31": ["3", "caldwell.ben.bites.BitesPreferences"]}, {"9fab7d5f53fe1c5d433bcfed295159ae": ["2", "caldwell.ben.bites.BitesPreferences"]}, {"2f37f2ee3a580c7a4381269e56b4bf31": ["3", "caldwell.ben.bites.BitesPreferences"]}, {"9fab7d5f53fe1c5d433bcfed295159ae": ["2", "caldwell.ben.bites.BitesPreferences"]}, {"2f37f2ee3a580c7a4381269e56b4bf31": ["3", "caldwell.ben.bites.BitesPreferences"]}, {"9fab7d5f53fe1c5d433bcfed295159ae": ["2", "caldwell.ben.bites.BitesPreferences"]}, {"4b27e7f4327e060de7f6f8b791ec4e24": ["13", "caldwell.ben.bites.BitesPreferences"]}, {"9fab7d5f53fe1c5d433bcfed295159ae": ["2", "caldwell.ben.bites.BitesPreferences"]}, {"9fab7d5f53fe1c5d433bcfed295159ae": ["2", "caldwell.ben.bites.BitesPreferences"]}, {"2f37f2ee3a580c7a4381269e56b4bf31": ["3", "caldwell.ben.bites.BitesPreferences"]}, {"9fab7d5f53fe1c5d433bcfed295159ae": ["2", "caldwell.ben.bites.BitesPreferences"]}, {"9fab7d5f53fe1c5d433bcfed295159ae": ["2", "caldwell.ben.bites.BitesPreferences"]}, {"9fab7d5f53fe1c5d433bcfed295159ae": ["2", "caldwell.ben.bites.BitesPreferences"]}, {"4b27e7f4327e060de7f6f8b791ec4e24": ["13", "caldwell.ben.bites.BitesPreferences"]}, {"9fab7d5f53fe1c5d433bcfed295159ae": ["2", "caldwell.ben.bites.BitesPreferences"]}, {"2f37f2ee3a580c7a4381269e56b4bf31": ["3", "caldwell.ben.bites.BitesPreferences"]}, {"9fab7d5f53fe1c5d433bcfed295159ae": ["2", "caldwell.ben.bites.BitesPreferences"]}, {"2f37f2ee3a580c7a4381269e56b4bf31": ["3", "caldwell.ben.bites.BitesPreferences"]}, {"9fab7d5f53fe1c5d433bcfed295159ae": ["2", "caldwell.ben.bites.BitesPreferences"]}, {"2f37f2ee3a580c7a4381269e56b4bf31": ["3", "caldwell.ben.bites.BitesPreferences"]}, {"9fab7d5f53fe1c5d433bcfed295159ae": ["2", "caldwell.ben.bites.BitesPreferences"]}, {"2f37f2ee3a580c7a4381269e56b4bf31": ["3", "caldwell.ben.bites.BitesPreferences"]}, {"9fab7d5f53fe1c5d433bcfed295159ae": ["2", "caldwell.ben.bites.BitesPreferences"]}, {"9fab7d5f53fe1c5d433bcfed295159ae": ["2", "caldwell.ben.bites.BitesPreferences"]}, {"2f37f2ee3a580c7a4381269e56b4bf31": ["3", "caldwell.ben.bites.BitesPreferences"]}, {"9fab7d5f53fe1c5d433bcfed295159ae": ["2", "caldwell.ben.bites.BitesPreferences"]}, {"2f37f2ee3a580c7a4381269e56b4bf31": ["3", "caldwell.ben.bites.BitesPreferences"]}, {"9fab7d5f53fe1c5d433bcfed295159ae": ["2", "caldwell.ben.bites.BitesPreferences"]}, {"4b27e7f4327e060de7f6f8b791ec4e24": ["13", "caldwell.ben.bites.BitesPreferences"]}, {"9fab7d5f53fe1c5d433bcfed295159ae": ["2", "caldwell.ben.bites.BitesPreferences"]}, {"4b27e7f4327e060de7f6f8b791ec4e24": ["13", "caldwell.ben.bites.BitesPreferences"]}, {"9fab7d5f53fe1c5d433bcfed295159ae": ["2", "caldwell.ben.bites.BitesPreferences"]}, {"2f37f2ee3a580c7a4381269e56b4bf31": ["3", "caldwell.ben.bites.BitesPreferences"]}, {"9fab7d5f53fe1c5d433bcfed295159ae": ["2", "caldwell.ben.bites.BitesPreferences"]}, {"9fab7d5f53fe1c5d433bcfed295159ae": ["2", "caldwell.ben.bites.BitesPreferences"]}, {"2f37f2ee3a580c7a4381269e56b4bf31": ["3", "caldwell.ben.bites.BitesPreferences"]}, {"9fab7d5f53fe1c5d433bcfed295159ae": ["2", "caldwell.ben.bites.BitesPreferences"]}, {"2f37f2ee3a580c7a4381269e56b4bf31": ["3", "caldwell.ben.bites.BitesPreferences"]}, {"9fab7d5f53fe1c5d433bcfed295159ae": ["2", "caldwell.ben.bites.BitesPreferences"]}, {"9fab7d5f53fe1c5d433bcfed295159ae": ["2", "caldwell.ben.bites.BitesPreferences"]}, {"2f37f2ee3a580c7a4381269e56b4bf31": ["3", "caldwell.ben.bites.BitesPreferences"]}, {"9fab7d5f53fe1c5d433bcfed295159ae": ["2", "caldwell.ben.bites.BitesPreferences"]}, {"2f37f2ee3a580c7a4381269e56b4bf31": ["3", "caldwell.ben.bites.BitesPreferences"]}, {"9fab7d5f53fe1c5d433bcfed295159ae": ["2", "caldwell.ben.bites.BitesPreferences"]}, {"2f37f2ee3a580c7a4381269e56b4bf31": ["3", "caldwell.ben.bites.BitesPreferences"]}, {"9fab7d5f53fe1c5d433bcfed295159ae": ["2", "caldwell.ben.bites.BitesPreferences"]}, {"4b27e7f4327e060de7f6f8b791ec4e24": ["13", "caldwell.ben.bites.BitesPreferences"]}, {"9fab7d5f53fe1c5d433bcfed295159ae": ["2", "caldwell.ben.bites.BitesPreferences"]}, {"4b27e7f4327e060de7f6f8b791ec4e24": ["13", "caldwell.ben.bites.BitesPreferences"]}, {"9fab7d5f53fe1c5d433bcfed295159ae": ["2", "caldwell.ben.bites.BitesPreferences"]}, {"2f37f2ee3a580c7a4381269e56b4bf31": ["3", "caldwell.ben.bites.BitesPreferences"]}, {"9fab7d5f53fe1c5d433bcfed295159ae": ["2", "caldwell.ben.bites.BitesPreferences"]}, {"2f37f2ee3a580c7a4381269e56b4bf31": ["3", "caldwell.ben.bites.BitesPreferences"]}, {"9fab7d5f53fe1c5d433bcfed295159ae": ["2", "caldwell.ben.bites.BitesPreferences"]}, {"9fab7d5f53fe1c5d433bcfed295159ae": ["2", "caldwell.ben.bites.BitesPreferences"]}, {"2f37f2ee3a580c7a4381269e56b4bf31": ["3", "caldwell.ben.bites.BitesPreferences"]}, {"9fab7d5f53fe1c5d433bcfed295159ae": ["2", "caldwell.ben.bites.BitesPreferences"]}, {"4b27e7f4327e060de7f6f8b791ec4e24": ["13", "caldwell.ben.bites.BitesPreferences"]}, {"9fab7d5f53fe1c5d433bcfed295159ae": ["2", "caldwell.ben.bites.BitesPreferences"]}, {"2f37f2ee3a580c7a4381269e56b4bf31": ["3", "caldwell.ben.bites.BitesPreferences"]}, {"f461c18a67999137b618ce62cc43f934": ["4", "caldwell.ben.bites.Bites"]}, {"f461c18a67999137b618ce62cc43f934": ["4", "caldwell.ben.bites.Bites"]}, {"b9ff80e423fdcb3bd74abecd55b4d0d1": ["29", "caldwell.ben.bites.Bites"]}, {"b9ff80e423fdcb3bd74abecd55b4d0d1": ["29", "caldwell.ben.bites.Bites"]}, {"b9ff80e423fdcb3bd74abecd55b4d0d1": ["29", "caldwell.ben.bites.Bites"]}, {"f461c18a67999137b618ce62cc43f934": ["4", "caldwell.ben.bites.Bites"]}, {"f461c18a67999137b618ce62cc43f934": ["4", "caldwell.ben.bites.Bites"]}, {"df4617621198898831fa1d4af32f2619": ["12", "caldwell.ben.bites.Bites"]}, {"f35409300efa87a956013c08d5aa698a": ["7", "caldwell.ben.bites.IngredientList"]}, {"9e20ead4e90463d407cb8abce0a6ffce": ["26", "caldwell.ben.bites.Bites"]}, {"f35409300efa87a956013c08d5aa698a": ["7", "caldwell.ben.bites.IngredientList"]}, {"f461c18a67999137b618ce62cc43f934": ["4", "caldwell.ben.bites.Bites"]}, {"f461c18a67999137b618ce62cc43f934": ["4", "caldwell.ben.bites.Bites"]}, {"b9ff80e423fdcb3bd74abecd55b4d0d1": ["29", "caldwell.ben.bites.Bites"]}, {"b9ff80e423fdcb3bd74abecd55b4d0d1": ["29", "caldwell.ben.bites.Bites"]}, {"3ae9aac1f2c29a14bd528f151595824f": ["14", "caldwell.ben.bites.Bites"]}, {"9fab7d5f53fe1c5d433bcfed295159ae": ["2", "caldwell.ben.bites.BitesPreferences"]}, {"2f37f2ee3a580c7a4381269e56b4bf31": ["3", "caldwell.ben.bites.BitesPreferences"]}, {"9fab7d5f53fe1c5d433bcfed295159ae": ["2", "caldwell.ben.bites.BitesPreferences"]}, {"2f37f2ee3a580c7a4381269e56b4bf31": ["3", "caldwell.ben.bites.BitesPreferences"]}, {"9fab7d5f53fe1c5d433bcfed295159ae": ["2", "caldwell.ben.bites.BitesPreferences"]}, {"2f37f2ee3a580c7a4381269e56b4bf31": ["3", "caldwell.ben.bites.BitesPreferences"]}, {"9fab7d5f53fe1c5d433bcfed295159ae": ["2", "caldwell.ben.bites.BitesPreferences"]}, {"9fab7d5f53fe1c5d433bcfed295159ae": ["2", "caldwell.ben.bites.BitesPreferences"]}, {"2f37f2ee3a580c7a4381269e56b4bf31": ["3", "caldwell.ben.bites.BitesPreferences"]}, {"9fab7d5f53fe1c5d433bcfed295159ae": ["2", "caldwell.ben.bites.BitesPreferences"]}, {"2f37f2ee3a580c7a4381269e56b4bf31": ["3", "caldwell.ben.bites.BitesPreferences"]}, {"9fab7d5f53fe1c5d433bcfed295159ae": ["2", "caldwell.ben.bites.BitesPreferences"]}, {"4b27e7f4327e060de7f6f8b791ec4e24": ["13", "caldwell.ben.bites.BitesPreferences"]}, {"9fab7d5f53fe1c5d433bcfed295159ae": ["2", "caldwell.ben.bites.BitesPreferences"]}, {"4b27e7f4327e060de7f6f8b791ec4e24": ["13", "caldwell.ben.bites.BitesPreferences"]}, {"9fab7d5f53fe1c5d433bcfed295159ae": ["2", "caldwell.ben.bites.BitesPreferences"]}, {"9fab7d5f53fe1c5d433bcfed295159ae": ["2", "caldwell.ben.bites.BitesPreferences"]}, {"2f37f2ee3a580c7a4381269e56b4bf31": ["3", "caldwell.ben.bites.BitesPreferences"]}, {"9fab7d5f53fe1c5d433bcfed295159ae": ["2", "caldwell.ben.bites.BitesPreferences"]}, {"2f37f2ee3a580c7a4381269e56b4bf31": ["3", "caldwell.ben.bites.BitesPreferences"]}, {"9fab7d5f53fe1c5d433bcfed295159ae": ["2", "caldwell.ben.bites.BitesPreferences"]}, {"9fab7d5f53fe1c5d433bcfed295159ae": ["2", "caldwell.ben.bites.BitesPreferences"]}, {"2f37f2ee3a580c7a4381269e56b4bf31": ["3", "caldwell.ben.bites.BitesPreferences"]}, {"9fab7d5f53fe1c5d433bcfed295159ae": ["2", "caldwell.ben.bites.BitesPreferences"]}, {"2f37f2ee3a580c7a4381269e56b4bf31": ["3", "caldwell.ben.bites.BitesPreferences"]}, {"9fab7d5f53fe1c5d433bcfed295159ae": ["2", "caldwell.ben.bites.BitesPreferences"]}, {"4b27e7f4327e060de7f6f8b791ec4e24": ["13", "caldwell.ben.bites.BitesPreferences"]}, {"9fab7d5f53fe1c5d433bcfed295159ae": ["2", "caldwell.ben.bites.BitesPreferences"]}, {"9fab7d5f53fe1c5d433bcfed295159ae": ["2", "caldwell.ben.bites.BitesPreferences"]}, {"2f37f2ee3a580c7a4381269e56b4bf31": ["3", "caldwell.ben.bites.BitesPreferences"]}, {"9fab7d5f53fe1c5d433bcfed295159ae": ["2", "caldwell.ben.bites.BitesPreferences"]}, {"9fab7d5f53fe1c5d433bcfed295159ae": ["2", "caldwell.ben.bites.BitesPreferences"]}, {"2f37f2ee3a580c7a4381269e56b4bf31": ["3", "caldwell.ben.bites.BitesPreferences"]}, {"9fab7d5f53fe1c5d433bcfed295159ae": ["2", "caldwell.ben.bites.BitesPreferences"]}, {"9fab7d5f53fe1c5d433bcfed295159ae": ["2", "caldwell.ben.bites.BitesPreferences"]}, {"9fab7d5f53fe1c5d433bcfed295159ae": ["2", "caldwell.ben.bites.BitesPreferences"]}, {"2f37f2ee3a580c7a4381269e56b4bf31": ["3", "caldwell.ben.bites.BitesPreferences"]}, {"f461c18a67999137b618ce62cc43f934": ["4", "caldwell.ben.bites.Bites"]}, {"a4bd918909f074346652ab86498891b5": ["28", "caldwell.ben.bites.Bites"]}, {"a4bd918909f074346652ab86498891b5": ["28", "caldwell.ben.bites.Bites"]}, {"a4bd918909f074346652ab86498891b5": ["28", "caldwell.ben.bites.Bites"]}, {"a4bd918909f074346652ab86498891b5": ["28", "caldwell.ben.bites.Bites"]}, {"9b583f52c11b1390dee5a84d2a4e6bc8": ["0", "caldwell.ben.bites.RecipeList"]}, {"f461c18a67999137b618ce62cc43f934": ["4", "caldwell.ben.bites.Bites"]}, {"b9ff80e423fdcb3bd74abecd55b4d0d1": ["29", "caldwell.ben.bites.Bites"]}, {"3ae9aac1f2c29a14bd528f151595824f": ["14", "caldwell.ben.bites.Bites"]}, {"f461c18a67999137b618ce62cc43f934": ["4", "caldwell.ben.bites.Bites"]}, {"f461c18a67999137b618ce62cc43f934": ["4", "caldwell.ben.bites.Bites"]}, {"f35409300efa87a956013c08d5aa698a": ["7", "caldwell.ben.bites.IngredientList"]}, {"b9ff80e423fdcb3bd74abecd55b4d0d1": ["29", "caldwell.ben.bites.Bites"]}, {"b9ff80e423fdcb3bd74abecd55b4d0d1": ["29", "caldwell.ben.bites.Bites"]}, {"b9ff80e423fdcb3bd74abecd55b4d0d1": ["29", "caldwell.ben.bites.Bites"]}, {"f35409300efa87a956013c08d5aa698a": ["7", "caldwell.ben.bites.IngredientList"]}]