[{"ba069f05167a4eccee7ca6a1178ccd71": ["9", "caldwell.ben.bites.Bites"]}, {"ba069f05167a4eccee7ca6a1178ccd71": ["9", "caldwell.ben.bites.Bites"]}, {"ba069f05167a4eccee7ca6a1178ccd71": ["9", "caldwell.ben.bites.Bites"]}, {"ba069f05167a4eccee7ca6a1178ccd71": ["9", "caldwell.ben.bites.Bites"]}, {"ba069f05167a4eccee7ca6a1178ccd71": ["9", "caldwell.ben.bites.Bites"]}, {"ba069f05167a4eccee7ca6a1178ccd71": ["9", "caldwell.ben.bites.Bites"]}, {"ba069f05167a4eccee7ca6a1178ccd71": ["9", "caldwell.ben.bites.Bites"]}, {"9fab7d5f53fe1c5d433bcfed295159ae": ["2", "caldwell.ben.bites.BitesPreferences"]}, {"2f37f2ee3a580c7a4381269e56b4bf31": ["3", "caldwell.ben.bites.BitesPreferences"]}, {"ba069f05167a4eccee7ca6a1178ccd71": ["9", "caldwell.ben.bites.Bites"]}, {"7c15d9be3c82334acfe0845baaca25f8": ["10", "caldwell.ben.bites.Bites"]}, {"436c0ea570703d9717cf6f0407740857": ["11", "caldwell.ben.bites.Bites"]}, {"9b583f52c11b1390dee5a84d2a4e6bc8": ["0", "caldwell.ben.bites.RecipeList"]}, {"9fab7d5f53fe1c5d433bcfed295159ae": ["2", "caldwell.ben.bites.BitesPreferences"]}, {"4b27e7f4327e060de7f6f8b791ec4e24": ["13", "caldwell.ben.bites.BitesPreferences"]}, {"9fab7d5f53fe1c5d433bcfed295159ae": ["2", "caldwell.ben.bites.BitesPreferences"]}, {"4b27e7f4327e060de7f6f8b791ec4e24": ["13", "caldwell.ben.bites.BitesPreferences"]}, {"9fab7d5f53fe1c5d433bcfed295159ae": ["2", "caldwell.ben.bites.BitesPreferences"]}, {"1eff2dad01d17eb3dbcfcc597bf95ac4": ["1", "caldwell.ben.bites.Bites"]}, {"1eff2dad01d17eb3dbcfcc597bf95ac4": ["1", "caldwell.ben.bites.Bites"]}, {"1eff2dad01d17eb3dbcfcc597bf95ac4": ["1", "caldwell.ben.bites.Bites"]}, {"436c0ea570703d9717cf6f0407740857": ["11", "caldwell.ben.bites.Bites"]}, {"3ae9aac1f2c29a14bd528f151595824f": ["14", "caldwell.ben.bites.Bites"]}, {"1eff2dad01d17eb3dbcfcc597bf95ac4": ["1", "caldwell.ben.bites.Bites"]}, {"318ebfb38936b2680c13b49faa5c2ee0": ["15", "caldwell.ben.bites.MethodList"]}, {"1eff2dad01d17eb3dbcfcc597bf95ac4": ["1", "caldwell.ben.bites.Bites"]}, {"1eff2dad01d17eb3dbcfcc597bf95ac4": ["1", "caldwell.ben.bites.Bites"]}, {"9b583f52c11b1390dee5a84d2a4e6bc8": ["0", "caldwell.ben.bites.RecipeList"]}, {"7c15d9be3c82334acfe0845baaca25f8": ["10", "caldwell.ben.bites.Bites"]}, {"3ae9aac1f2c29a14bd528f151595824f": ["14", "caldwell.ben.bites.Bites"]}, {"f461c18a67999137b618ce62cc43f934": ["4", "caldwell.ben.bites.Bites"]}, {"f461c18a67999137b618ce62cc43f934": ["4", "caldwell.ben.bites.Bites"]}, {"f461c18a67999137b618ce62cc43f934": ["4", "caldwell.ben.bites.Bites"]}, {"f461c18a67999137b618ce62cc43f934": ["4", "caldwell.ben.bites.Bites"]}, {"f461c18a67999137b618ce62cc43f934": ["4", "caldwell.ben.bites.Bites"]}, {"f461c18a67999137b618ce62cc43f934": ["4", "caldwell.ben.bites.Bites"]}, {"f461c18a67999137b618ce62cc43f934": ["4", "caldwell.ben.bites.Bites"]}, {"f461c18a67999137b618ce62cc43f934": ["4", "caldwell.ben.bites.Bites"]}, {"f461c18a67999137b618ce62cc43f934": ["4", "caldwell.ben.bites.Bites"]}, {"f461c18a67999137b618ce62cc43f934": ["4", "caldwell.ben.bites.Bites"]}, {"f461c18a67999137b618ce62cc43f934": ["4", "caldwell.ben.bites.Bites"]}, {"f461c18a67999137b618ce62cc43f934": ["4", "caldwell.ben.bites.Bites"]}, {"f461c18a67999137b618ce62cc43f934": ["4", "caldwell.ben.bites.Bites"]}, {"f461c18a67999137b618ce62cc43f934": ["4", "caldwell.ben.bites.Bites"]}, {"f461c18a67999137b618ce62cc43f934": ["4", "caldwell.ben.bites.Bites"]}, {"f461c18a67999137b618ce62cc43f934": ["4", "caldwell.ben.bites.Bites"]}, {"f461c18a67999137b618ce62cc43f934": ["4", "caldwell.ben.bites.Bites"]}, {"f461c18a67999137b618ce62cc43f934": ["4", "caldwell.ben.bites.Bites"]}, {"f461c18a67999137b618ce62cc43f934": ["4", "caldwell.ben.bites.Bites"]}, {"f461c18a67999137b618ce62cc43f934": ["4", "caldwell.ben.bites.Bites"]}, {"f461c18a67999137b618ce62cc43f934": ["4", "caldwell.ben.bites.Bites"]}, {"f461c18a67999137b618ce62cc43f934": ["4", "caldwell.ben.bites.Bites"]}, {"f461c18a67999137b618ce62cc43f934": ["4", "caldwell.ben.bites.Bites"]}, {"f461c18a67999137b618ce62cc43f934": ["4", "caldwell.ben.bites.Bites"]}, {"f461c18a67999137b618ce62cc43f934": ["4", "caldwell.ben.bites.Bites"]}, {"f461c18a67999137b618ce62cc43f934": ["4", "caldwell.ben.bites.Bites"]}, {"f461c18a67999137b618ce62cc43f934": ["4", "caldwell.ben.bites.Bites"]}, {"f461c18a67999137b618ce62cc43f934": ["4", "caldwell.ben.bites.Bites"]}, {"f461c18a67999137b618ce62cc43f934": ["4", "caldwell.ben.bites.Bites"]}, {"f461c18a67999137b618ce62cc43f934": ["4", "caldwell.ben.bites.Bites"]}, {"f461c18a67999137b618ce62cc43f934": ["4", "caldwell.ben.bites.Bites"]}, {"f461c18a67999137b618ce62cc43f934": ["4", "caldwell.ben.bites.Bites"]}, {"f461c18a67999137b618ce62cc43f934": ["4", "caldwell.ben.bites.Bites"]}, {"f461c18a67999137b618ce62cc43f934": ["4", "caldwell.ben.bites.Bites"]}, {"f461c18a67999137b618ce62cc43f934": ["4", "caldwell.ben.bites.Bites"]}, {"f461c18a67999137b618ce62cc43f934": ["4", "caldwell.ben.bites.Bites"]}, {"f461c18a67999137b618ce62cc43f934": ["4", "caldwell.ben.bites.Bites"]}, {"f461c18a67999137b618ce62cc43f934": ["4", "caldwell.ben.bites.Bites"]}, {"f461c18a67999137b618ce62cc43f934": ["4", "caldwell.ben.bites.Bites"]}, {"f461c18a67999137b618ce62cc43f934": ["4", "caldwell.ben.bites.Bites"]}, {"f461c18a67999137b618ce62cc43f934": ["4", "caldwell.ben.bites.Bites"]}, {"f461c18a67999137b618ce62cc43f934": ["4", "caldwell.ben.bites.Bites"]}, {"f461c18a67999137b618ce62cc43f934": ["4", "caldwell.ben.bites.Bites"]}, {"f461c18a67999137b618ce62cc43f934": ["4", "caldwell.ben.bites.Bites"]}, {"f461c18a67999137b618ce62cc43f934": ["4", "caldwell.ben.bites.Bites"]}, {"f461c18a67999137b618ce62cc43f934": ["4", "caldwell.ben.bites.Bites"]}, {"f461c18a67999137b618ce62cc43f934": ["4", "caldwell.ben.bites.Bites"]}, {"f461c18a67999137b618ce62cc43f934": ["4", "caldwell.ben.bites.Bites"]}, {"f461c18a67999137b618ce62cc43f934": ["4", "caldwell.ben.bites.Bites"]}, {"f461c18a67999137b618ce62cc43f934": ["4", "caldwell.ben.bites.Bites"]}, {"f461c18a67999137b618ce62cc43f934": ["4", "caldwell.ben.bites.Bites"]}, {"f461c18a67999137b618ce62cc43f934": ["4", "caldwell.ben.bites.Bites"]}, {"f461c18a67999137b618ce62cc43f934": ["4", "caldwell.ben.bites.Bites"]}, {"f461c18a67999137b618ce62cc43f934": ["4", "caldwell.ben.bites.Bites"]}, {"f461c18a67999137b618ce62cc43f934": ["4", "caldwell.ben.bites.Bites"]}, {"f461c18a67999137b618ce62cc43f934": ["4", "caldwell.ben.bites.Bites"]}, {"f461c18a67999137b618ce62cc43f934": ["4", "caldwell.ben.bites.Bites"]}, {"f461c18a67999137b618ce62cc43f934": ["4", "caldwell.ben.bites.Bites"]}, {"f461c18a67999137b618ce62cc43f934": ["4", "caldwell.ben.bites.Bites"]}, {"f461c18a67999137b618ce62cc43f934": ["4", "caldwell.ben.bites.Bites"]}, {"f461c18a67999137b618ce62cc43f934": ["4", "caldwell.ben.bites.Bites"]}, {"f461c18a67999137b618ce62cc43f934": ["4", "caldwell.ben.bites.Bites"]}, {"f461c18a67999137b618ce62cc43f934": ["4", "caldwell.ben.bites.Bites"]}, {"f461c18a67999137b618ce62cc43f934": ["4", "caldwell.ben.bites.Bites"]}, {"f461c18a67999137b618ce62cc43f934": ["4", "caldwell.ben.bites.Bites"]}, {"f461c18a67999137b618ce62cc43f934": ["4", "caldwell.ben.bites.Bites"]}, {"f461c18a67999137b618ce62cc43f934": ["4", "caldwell.ben.bites.Bites"]}, {"f461c18a67999137b618ce62cc43f934": ["4", "caldwell.ben.bites.Bites"]}, {"f461c18a67999137b618ce62cc43f934": ["4", "caldwell.ben.bites.Bites"]}, {"f461c18a67999137b618ce62cc43f934": ["4", "caldwell.ben.bites.Bites"]}, {"f461c18a67999137b618ce62cc43f934": ["4", "caldwell.ben.bites.Bites"]}, {"f461c18a67999137b618ce62cc43f934": ["4", "caldwell.ben.bites.Bites"]}, {"f461c18a67999137b618ce62cc43f934": ["4", "caldwell.ben.bites.Bites"]}, {"f461c18a67999137b618ce62cc43f934": ["4", "caldwell.ben.bites.Bites"]}, {"f461c18a67999137b618ce62cc43f934": ["4", "caldwell.ben.bites.Bites"]}, {"f461c18a67999137b618ce62cc43f934": ["4", "caldwell.ben.bites.Bites"]}, {"f461c18a67999137b618ce62cc43f934": ["4", "caldwell.ben.bites.Bites"]}, {"f461c18a67999137b618ce62cc43f934": ["4", "caldwell.ben.bites.Bites"]}, {"f461c18a67999137b618ce62cc43f934": ["4", "caldwell.ben.bites.Bites"]}, {"f461c18a67999137b618ce62cc43f934": ["4", "caldwell.ben.bites.Bites"]}, {"f461c18a67999137b618ce62cc43f934": ["4", "caldwell.ben.bites.Bites"]}, {"f461c18a67999137b618ce62cc43f934": ["4", "caldwell.ben.bites.Bites"]}, {"f461c18a67999137b618ce62cc43f934": ["4", "caldwell.ben.bites.Bites"]}, {"f461c18a67999137b618ce62cc43f934": ["4", "caldwell.ben.bites.Bites"]}, {"f461c18a67999137b618ce62cc43f934": ["4", "caldwell.ben.bites.Bites"]}, {"f461c18a67999137b618ce62cc43f934": ["4", "caldwell.ben.bites.Bites"]}, {"f461c18a67999137b618ce62cc43f934": ["4", "caldwell.ben.bites.Bites"]}, {"f461c18a67999137b618ce62cc43f934": ["4", "caldwell.ben.bites.Bites"]}, {"f461c18a67999137b618ce62cc43f934": ["4", "caldwell.ben.bites.Bites"]}, {"f461c18a67999137b618ce62cc43f934": ["4", "caldwell.ben.bites.Bites"]}, {"f461c18a67999137b618ce62cc43f934": ["4", "caldwell.ben.bites.Bites"]}, {"f461c18a67999137b618ce62cc43f934": ["4", "caldwell.ben.bites.Bites"]}, {"f461c18a67999137b618ce62cc43f934": ["4", "caldwell.ben.bites.Bites"]}, {"f461c18a67999137b618ce62cc43f934": ["4", "caldwell.ben.bites.Bites"]}, {"f461c18a67999137b618ce62cc43f934": ["4", "caldwell.ben.bites.Bites"]}, {"f461c18a67999137b618ce62cc43f934": ["4", "caldwell.ben.bites.Bites"]}, {"f461c18a67999137b618ce62cc43f934": ["4", "caldwell.ben.bites.Bites"]}, {"f461c18a67999137b618ce62cc43f934": ["4", "caldwell.ben.bites.Bites"]}, {"f461c18a67999137b618ce62cc43f934": ["4", "caldwell.ben.bites.Bites"]}, {"f461c18a67999137b618ce62cc43f934": ["4", "caldwell.ben.bites.Bites"]}, {"f461c18a67999137b618ce62cc43f934": ["4", "caldwell.ben.bites.Bites"]}, {"f461c18a67999137b618ce62cc43f934": ["4", "caldwell.ben.bites.Bites"]}, {"f461c18a67999137b618ce62cc43f934": ["4", "caldwell.ben.bites.Bites"]}, {"f461c18a67999137b618ce62cc43f934": ["4", "caldwell.ben.bites.Bites"]}, {"f461c18a67999137b618ce62cc43f934": ["4", "caldwell.ben.bites.Bites"]}, {"f461c18a67999137b618ce62cc43f934": ["4", "caldwell.ben.bites.Bites"]}, {"f461c18a67999137b618ce62cc43f934": ["4", "caldwell.ben.bites.Bites"]}, {"f461c18a67999137b618ce62cc43f934": ["4", "caldwell.ben.bites.Bites"]}, {"f461c18a67999137b618ce62cc43f934": ["4", "caldwell.ben.bites.Bites"]}, {"f461c18a67999137b618ce62cc43f934": ["4", "caldwell.ben.bites.Bites"]}, {"f461c18a67999137b618ce62cc43f934": ["4", "caldwell.ben.bites.Bites"]}, {"f461c18a67999137b618ce62cc43f934": ["4", "caldwell.ben.bites.Bites"]}, {"f461c18a67999137b618ce62cc43f934": ["4", "caldwell.ben.bites.Bites"]}, {"f461c18a67999137b618ce62cc43f934": ["4", "caldwell.ben.bites.Bites"]}, {"f461c18a67999137b618ce62cc43f934": ["4", "caldwell.ben.bites.Bites"]}, {"f461c18a67999137b618ce62cc43f934": ["4", "caldwell.ben.bites.Bites"]}, {"f461c18a67999137b618ce62cc43f934": ["4", "caldwell.ben.bites.Bites"]}, {"f461c18a67999137b618ce62cc43f934": ["4", "caldwell.ben.bites.Bites"]}, {"f461c18a67999137b618ce62cc43f934": ["4", "caldwell.ben.bites.Bites"]}, {"f461c18a67999137b618ce62cc43f934": ["4", "caldwell.ben.bites.Bites"]}, {"f461c18a67999137b618ce62cc43f934": ["4", "caldwell.ben.bites.Bites"]}, {"f461c18a67999137b618ce62cc43f934": ["4", "caldwell.ben.bites.Bites"]}, {"f461c18a67999137b618ce62cc43f934": ["4", "caldwell.ben.bites.Bites"]}, {"f461c18a67999137b618ce62cc43f934": ["4", "caldwell.ben.bites.Bites"]}, {"f461c18a67999137b618ce62cc43f934": ["4", "caldwell.ben.bites.Bites"]}, {"f461c18a67999137b618ce62cc43f934": ["4", "caldwell.ben.bites.Bites"]}, {"f461c18a67999137b618ce62cc43f934": ["4", "caldwell.ben.bites.Bites"]}, {"f461c18a67999137b618ce62cc43f934": ["4", "caldwell.ben.bites.Bites"]}, {"f461c18a67999137b618ce62cc43f934": ["4", "caldwell.ben.bites.Bites"]}, {"f461c18a67999137b618ce62cc43f934": ["4", "caldwell.ben.bites.Bites"]}, {"f461c18a67999137b618ce62cc43f934": ["4", "caldwell.ben.bites.Bites"]}, {"f461c18a67999137b618ce62cc43f934": ["4", "caldwell.ben.bites.Bites"]}, {"f461c18a67999137b618ce62cc43f934": ["4", "caldwell.ben.bites.Bites"]}, {"f461c18a67999137b618ce62cc43f934": ["4", "caldwell.ben.bites.Bites"]}, {"f461c18a67999137b618ce62cc43f934": ["4", "caldwell.ben.bites.Bites"]}, {"f461c18a67999137b618ce62cc43f934": ["4", "caldwell.ben.bites.Bites"]}, {"f461c18a67999137b618ce62cc43f934": ["4", "caldwell.ben.bites.Bites"]}, {"f461c18a67999137b618ce62cc43f934": ["4", "caldwell.ben.bites.Bites"]}, {"f461c18a67999137b618ce62cc43f934": ["4", "caldwell.ben.bites.Bites"]}, {"f461c18a67999137b618ce62cc43f934": ["4", "caldwell.ben.bites.Bites"]}, {"f461c18a67999137b618ce62cc43f934": ["4", "caldwell.ben.bites.Bites"]}, {"f461c18a67999137b618ce62cc43f934": ["4", "caldwell.ben.bites.Bites"]}, {"f461c18a67999137b618ce62cc43f934": ["4", "caldwell.ben.bites.Bites"]}, {"f461c18a67999137b618ce62cc43f934": ["4", "caldwell.ben.bites.Bites"]}, {"f461c18a67999137b618ce62cc43f934": ["4", "caldwell.ben.bites.Bites"]}, {"f461c18a67999137b618ce62cc43f934": ["4", "caldwell.ben.bites.Bites"]}, {"f461c18a67999137b618ce62cc43f934": ["4", "caldwell.ben.bites.Bites"]}, {"f461c18a67999137b618ce62cc43f934": ["4", "caldwell.ben.bites.Bites"]}, {"f461c18a67999137b618ce62cc43f934": ["4", "caldwell.ben.bites.Bites"]}, {"f461c18a67999137b618ce62cc43f934": ["4", "caldwell.ben.bites.Bites"]}, {"f461c18a67999137b618ce62cc43f934": ["4", "caldwell.ben.bites.Bites"]}, {"f461c18a67999137b618ce62cc43f934": ["4", "caldwell.ben.bites.Bites"]}, {"f461c18a67999137b618ce62cc43f934": ["4", "caldwell.ben.bites.Bites"]}, {"f461c18a67999137b618ce62cc43f934": ["4", "caldwell.ben.bites.Bites"]}, {"f461c18a67999137b618ce62cc43f934": ["4", "caldwell.ben.bites.Bites"]}, {"f461c18a67999137b618ce62cc43f934": ["4", "caldwell.ben.bites.Bites"]}, {"f461c18a67999137b618ce62cc43f934": ["4", "caldwell.ben.bites.Bites"]}, {"f461c18a67999137b618ce62cc43f934": ["4", "caldwell.ben.bites.Bites"]}, {"f461c18a67999137b618ce62cc43f934": ["4", "caldwell.ben.bites.Bites"]}, {"f461c18a67999137b618ce62cc43f934": ["4", "caldwell.ben.bites.Bites"]}, {"f461c18a67999137b618ce62cc43f934": ["4", "caldwell.ben.bites.Bites"]}, {"f461c18a67999137b618ce62cc43f934": ["4", "caldwell.ben.bites.Bites"]}, {"f461c18a67999137b618ce62cc43f934": ["4", "caldwell.ben.bites.Bites"]}, {"f461c18a67999137b618ce62cc43f934": ["4", "caldwell.ben.bites.Bites"]}, {"f461c18a67999137b618ce62cc43f934": ["4", "caldwell.ben.bites.Bites"]}, {"f461c18a67999137b618ce62cc43f934": ["4", "caldwell.ben.bites.Bites"]}, {"f461c18a67999137b618ce62cc43f934": ["4", "caldwell.ben.bites.Bites"]}, {"f461c18a67999137b618ce62cc43f934": ["4", "caldwell.ben.bites.Bites"]}, {"f461c18a67999137b618ce62cc43f934": ["4", "caldwell.ben.bites.Bites"]}, {"f461c18a67999137b618ce62cc43f934": ["4", "caldwell.ben.bites.Bites"]}, {"f461c18a67999137b618ce62cc43f934": ["4", "caldwell.ben.bites.Bites"]}, {"f461c18a67999137b618ce62cc43f934": ["4", "caldwell.ben.bites.Bites"]}, {"f461c18a67999137b618ce62cc43f934": ["4", "caldwell.ben.bites.Bites"]}, {"f461c18a67999137b618ce62cc43f934": ["4", "caldwell.ben.bites.Bites"]}, {"f461c18a67999137b618ce62cc43f934": ["4", "caldwell.ben.bites.Bites"]}, {"f461c18a67999137b618ce62cc43f934": ["4", "caldwell.ben.bites.Bites"]}, {"f461c18a67999137b618ce62cc43f934": ["4", "caldwell.ben.bites.Bites"]}, {"f461c18a67999137b618ce62cc43f934": ["4", "caldwell.ben.bites.Bites"]}, {"f461c18a67999137b618ce62cc43f934": ["4", "caldwell.ben.bites.Bites"]}, {"f461c18a67999137b618ce62cc43f934": ["4", "caldwell.ben.bites.Bites"]}, {"f461c18a67999137b618ce62cc43f934": ["4", "caldwell.ben.bites.Bites"]}, {"f461c18a67999137b618ce62cc43f934": ["4", "caldwell.ben.bites.Bites"]}, {"f461c18a67999137b618ce62cc43f934": ["4", "caldwell.ben.bites.Bites"]}, {"f461c18a67999137b618ce62cc43f934": ["4", "caldwell.ben.bites.Bites"]}, {"f461c18a67999137b618ce62cc43f934": ["4", "caldwell.ben.bites.Bites"]}, {"f461c18a67999137b618ce62cc43f934": ["4", "caldwell.ben.bites.Bites"]}, {"f461c18a67999137b618ce62cc43f934": ["4", "caldwell.ben.bites.Bites"]}, {"f461c18a67999137b618ce62cc43f934": ["4", "caldwell.ben.bites.Bites"]}, {"f461c18a67999137b618ce62cc43f934": ["4", "caldwell.ben.bites.Bites"]}, {"f461c18a67999137b618ce62cc43f934": ["4", "caldwell.ben.bites.Bites"]}, {"f461c18a67999137b618ce62cc43f934": ["4", "caldwell.ben.bites.Bites"]}, {"f461c18a67999137b618ce62cc43f934": ["4", "caldwell.ben.bites.Bites"]}, {"f461c18a67999137b618ce62cc43f934": ["4", "caldwell.ben.bites.Bites"]}, {"f461c18a67999137b618ce62cc43f934": ["4", "caldwell.ben.bites.Bites"]}, {"f461c18a67999137b618ce62cc43f934": ["4", "caldwell.ben.bites.Bites"]}, {"f461c18a67999137b618ce62cc43f934": ["4", "caldwell.ben.bites.Bites"]}, {"f461c18a67999137b618ce62cc43f934": ["4", "caldwell.ben.bites.Bites"]}, {"f461c18a67999137b618ce62cc43f934": ["4", "caldwell.ben.bites.Bites"]}, {"f461c18a67999137b618ce62cc43f934": ["4", "caldwell.ben.bites.Bites"]}, {"f461c18a67999137b618ce62cc43f934": ["4", "caldwell.ben.bites.Bites"]}, {"f461c18a67999137b618ce62cc43f934": ["4", "caldwell.ben.bites.Bites"]}, {"f461c18a67999137b618ce62cc43f934": ["4", "caldwell.ben.bites.Bites"]}, {"f461c18a67999137b618ce62cc43f934": ["4", "caldwell.ben.bites.Bites"]}, {"f461c18a67999137b618ce62cc43f934": ["4", "caldwell.ben.bites.Bites"]}, {"f461c18a67999137b618ce62cc43f934": ["4", "caldwell.ben.bites.Bites"]}, {"f461c18a67999137b618ce62cc43f934": ["4", "caldwell.ben.bites.Bites"]}, {"f461c18a67999137b618ce62cc43f934": ["4", "caldwell.ben.bites.Bites"]}, {"f461c18a67999137b618ce62cc43f934": ["4", "caldwell.ben.bites.Bites"]}, {"f461c18a67999137b618ce62cc43f934": ["4", "caldwell.ben.bites.Bites"]}, {"f461c18a67999137b618ce62cc43f934": ["4", "caldwell.ben.bites.Bites"]}, {"f461c18a67999137b618ce62cc43f934": ["4", "caldwell.ben.bites.Bites"]}, {"f461c18a67999137b618ce62cc43f934": ["4", "caldwell.ben.bites.Bites"]}, {"f461c18a67999137b618ce62cc43f934": ["4", "caldwell.ben.bites.Bites"]}, {"f461c18a67999137b618ce62cc43f934": ["4", "caldwell.ben.bites.Bites"]}, {"f461c18a67999137b618ce62cc43f934": ["4", "caldwell.ben.bites.Bites"]}, {"f461c18a67999137b618ce62cc43f934": ["4", "caldwell.ben.bites.Bites"]}, {"f461c18a67999137b618ce62cc43f934": ["4", "caldwell.ben.bites.Bites"]}, {"f461c18a67999137b618ce62cc43f934": ["4", "caldwell.ben.bites.Bites"]}, {"f461c18a67999137b618ce62cc43f934": ["4", "caldwell.ben.bites.Bites"]}, {"f461c18a67999137b618ce62cc43f934": ["4", "caldwell.ben.bites.Bites"]}, {"f461c18a67999137b618ce62cc43f934": ["4", "caldwell.ben.bites.Bites"]}, {"f461c18a67999137b618ce62cc43f934": ["4", "caldwell.ben.bites.Bites"]}, {"f461c18a67999137b618ce62cc43f934": ["4", "caldwell.ben.bites.Bites"]}, {"f461c18a67999137b618ce62cc43f934": ["4", "caldwell.ben.bites.Bites"]}, {"f461c18a67999137b618ce62cc43f934": ["4", "caldwell.ben.bites.Bites"]}, {"f461c18a67999137b618ce62cc43f934": ["4", "caldwell.ben.bites.Bites"]}, {"f461c18a67999137b618ce62cc43f934": ["4", "caldwell.ben.bites.Bites"]}, {"f461c18a67999137b618ce62cc43f934": ["4", "caldwell.ben.bites.Bites"]}, {"f461c18a67999137b618ce62cc43f934": ["4", "caldwell.ben.bites.Bites"]}, {"f461c18a67999137b618ce62cc43f934": ["4", "caldwell.ben.bites.Bites"]}, {"f461c18a67999137b618ce62cc43f934": ["4", "caldwell.ben.bites.Bites"]}, {"f461c18a67999137b618ce62cc43f934": ["4", "caldwell.ben.bites.Bites"]}, {"f461c18a67999137b618ce62cc43f934": ["4", "caldwell.ben.bites.Bites"]}, {"f461c18a67999137b618ce62cc43f934": ["4", "caldwell.ben.bites.Bites"]}, {"f461c18a67999137b618ce62cc43f934": ["4", "caldwell.ben.bites.Bites"]}, {"f461c18a67999137b618ce62cc43f934": ["4", "caldwell.ben.bites.Bites"]}, {"f461c18a67999137b618ce62cc43f934": ["4", "caldwell.ben.bites.Bites"]}, {"f461c18a67999137b618ce62cc43f934": ["4", "caldwell.ben.bites.Bites"]}, {"f461c18a67999137b618ce62cc43f934": ["4", "caldwell.ben.bites.Bites"]}, {"f461c18a67999137b618ce62cc43f934": ["4", "caldwell.ben.bites.Bites"]}, {"f461c18a67999137b618ce62cc43f934": ["4", "caldwell.ben.bites.Bites"]}, {"f461c18a67999137b618ce62cc43f934": ["4", "caldwell.ben.bites.Bites"]}, {"f461c18a67999137b618ce62cc43f934": ["4", "caldwell.ben.bites.Bites"]}, {"f461c18a67999137b618ce62cc43f934": ["4", "caldwell.ben.bites.Bites"]}, {"f461c18a67999137b618ce62cc43f934": ["4", "caldwell.ben.bites.Bites"]}, {"f461c18a67999137b618ce62cc43f934": ["4", "caldwell.ben.bites.Bites"]}, {"f461c18a67999137b618ce62cc43f934": ["4", "caldwell.ben.bites.Bites"]}, {"f461c18a67999137b618ce62cc43f934": ["4", "caldwell.ben.bites.Bites"]}, {"f461c18a67999137b618ce62cc43f934": ["4", "caldwell.ben.bites.Bites"]}, {"f461c18a67999137b618ce62cc43f934": ["4", "caldwell.ben.bites.Bites"]}, {"f461c18a67999137b618ce62cc43f934": ["4", "caldwell.ben.bites.Bites"]}, {"f461c18a67999137b618ce62cc43f934": ["4", "caldwell.ben.bites.Bites"]}, {"f461c18a67999137b618ce62cc43f934": ["4", "caldwell.ben.bites.Bites"]}, {"f461c18a67999137b618ce62cc43f934": ["4", "caldwell.ben.bites.Bites"]}, {"f461c18a67999137b618ce62cc43f934": ["4", "caldwell.ben.bites.Bites"]}, {"f461c18a67999137b618ce62cc43f934": ["4", "caldwell.ben.bites.Bites"]}, {"f461c18a67999137b618ce62cc43f934": ["4", "caldwell.ben.bites.Bites"]}, {"f461c18a67999137b618ce62cc43f934": ["4", "caldwell.ben.bites.Bites"]}, {"f461c18a67999137b618ce62cc43f934": ["4", "caldwell.ben.bites.Bites"]}, {"f461c18a67999137b618ce62cc43f934": ["4", "caldwell.ben.bites.Bites"]}, {"f461c18a67999137b618ce62cc43f934": ["4", "caldwell.ben.bites.Bites"]}, {"f461c18a67999137b618ce62cc43f934": ["4", "caldwell.ben.bites.Bites"]}, {"f461c18a67999137b618ce62cc43f934": ["4", "caldwell.ben.bites.Bites"]}, {"f461c18a67999137b618ce62cc43f934": ["4", "caldwell.ben.bites.Bites"]}, {"f461c18a67999137b618ce62cc43f934": ["4", "caldwell.ben.bites.Bites"]}, {"f461c18a67999137b618ce62cc43f934": ["4", "caldwell.ben.bites.Bites"]}, {"f461c18a67999137b618ce62cc43f934": ["4", "caldwell.ben.bites.Bites"]}, {"f461c18a67999137b618ce62cc43f934": ["4", "caldwell.ben.bites.Bites"]}, {"f461c18a67999137b618ce62cc43f934": ["4", "caldwell.ben.bites.Bites"]}, {"f461c18a67999137b618ce62cc43f934": ["4", "caldwell.ben.bites.Bites"]}, {"f461c18a67999137b618ce62cc43f934": ["4", "caldwell.ben.bites.Bites"]}, {"f461c18a67999137b618ce62cc43f934": ["4", "caldwell.ben.bites.Bites"]}, {"f461c18a67999137b618ce62cc43f934": ["4", "caldwell.ben.bites.Bites"]}, {"f461c18a67999137b618ce62cc43f934": ["4", "caldwell.ben.bites.Bites"]}, {"f461c18a67999137b618ce62cc43f934": ["4", "caldwell.ben.bites.Bites"]}, {"f461c18a67999137b618ce62cc43f934": ["4", "caldwell.ben.bites.Bites"]}, {"f461c18a67999137b618ce62cc43f934": ["4", "caldwell.ben.bites.Bites"]}, {"f461c18a67999137b618ce62cc43f934": ["4", "caldwell.ben.bites.Bites"]}, {"f461c18a67999137b618ce62cc43f934": ["4", "caldwell.ben.bites.Bites"]}, {"f461c18a67999137b618ce62cc43f934": ["4", "caldwell.ben.bites.Bites"]}, {"f461c18a67999137b618ce62cc43f934": ["4", "caldwell.ben.bites.Bites"]}, {"f461c18a67999137b618ce62cc43f934": ["4", "caldwell.ben.bites.Bites"]}, {"f461c18a67999137b618ce62cc43f934": ["4", "caldwell.ben.bites.Bites"]}, {"f461c18a67999137b618ce62cc43f934": ["4", "caldwell.ben.bites.Bites"]}, {"f461c18a67999137b618ce62cc43f934": ["4", "caldwell.ben.bites.Bites"]}, {"f461c18a67999137b618ce62cc43f934": ["4", "caldwell.ben.bites.Bites"]}, {"f461c18a67999137b618ce62cc43f934": ["4", "caldwell.ben.bites.Bites"]}, {"f461c18a67999137b618ce62cc43f934": ["4", "caldwell.ben.bites.Bites"]}, {"f461c18a67999137b618ce62cc43f934": ["4", "caldwell.ben.bites.Bites"]}, {"f461c18a67999137b618ce62cc43f934": ["4", "caldwell.ben.bites.Bites"]}, {"f461c18a67999137b618ce62cc43f934": ["4", "caldwell.ben.bites.Bites"]}, {"f461c18a67999137b618ce62cc43f934": ["4", "caldwell.ben.bites.Bites"]}, {"f461c18a67999137b618ce62cc43f934": ["4", "caldwell.ben.bites.Bites"]}, {"f461c18a67999137b618ce62cc43f934": ["4", "caldwell.ben.bites.Bites"]}, {"f461c18a67999137b618ce62cc43f934": ["4", "caldwell.ben.bites.Bites"]}, {"f461c18a67999137b618ce62cc43f934": ["4", "caldwell.ben.bites.Bites"]}, {"f461c18a67999137b618ce62cc43f934": ["4", "caldwell.ben.bites.Bites"]}, {"f461c18a67999137b618ce62cc43f934": ["4", "caldwell.ben.bites.Bites"]}, {"f461c18a67999137b618ce62cc43f934": ["4", "caldwell.ben.bites.Bites"]}, {"f461c18a67999137b618ce62cc43f934": ["4", "caldwell.ben.bites.Bites"]}, {"f461c18a67999137b618ce62cc43f934": ["4", "caldwell.ben.bites.Bites"]}, {"f461c18a67999137b618ce62cc43f934": ["4", "caldwell.ben.bites.Bites"]}, {"f461c18a67999137b618ce62cc43f934": ["4", "caldwell.ben.bites.Bites"]}, {"f461c18a67999137b618ce62cc43f934": ["4", "caldwell.ben.bites.Bites"]}, {"f461c18a67999137b618ce62cc43f934": ["4", "caldwell.ben.bites.Bites"]}, {"f461c18a67999137b618ce62cc43f934": ["4", "caldwell.ben.bites.Bites"]}, {"f461c18a67999137b618ce62cc43f934": ["4", "caldwell.ben.bites.Bites"]}, {"f461c18a67999137b618ce62cc43f934": ["4", "caldwell.ben.bites.Bites"]}, {"f461c18a67999137b618ce62cc43f934": ["4", "caldwell.ben.bites.Bites"]}, {"f461c18a67999137b618ce62cc43f934": ["4", "caldwell.ben.bites.Bites"]}, {"f461c18a67999137b618ce62cc43f934": ["4", "caldwell.ben.bites.Bites"]}, {"f461c18a67999137b618ce62cc43f934": ["4", "caldwell.ben.bites.Bites"]}, {"f461c18a67999137b618ce62cc43f934": ["4", "caldwell.ben.bites.Bites"]}, {"f461c18a67999137b618ce62cc43f934": ["4", "caldwell.ben.bites.Bites"]}, {"f461c18a67999137b618ce62cc43f934": ["4", "caldwell.ben.bites.Bites"]}, {"f461c18a67999137b618ce62cc43f934": ["4", "caldwell.ben.bites.Bites"]}, {"f461c18a67999137b618ce62cc43f934": ["4", "caldwell.ben.bites.Bites"]}, {"f461c18a67999137b618ce62cc43f934": ["4", "caldwell.ben.bites.Bites"]}, {"f461c18a67999137b618ce62cc43f934": ["4", "caldwell.ben.bites.Bites"]}, {"f461c18a67999137b618ce62cc43f934": ["4", "caldwell.ben.bites.Bites"]}, {"f461c18a67999137b618ce62cc43f934": ["4", "caldwell.ben.bites.Bites"]}, {"f461c18a67999137b618ce62cc43f934": ["4", "caldwell.ben.bites.Bites"]}, {"f461c18a67999137b618ce62cc43f934": ["4", "caldwell.ben.bites.Bites"]}, {"f461c18a67999137b618ce62cc43f934": ["4", "caldwell.ben.bites.Bites"]}, {"f461c18a67999137b618ce62cc43f934": ["4", "caldwell.ben.bites.Bites"]}, {"f461c18a67999137b618ce62cc43f934": ["4", "caldwell.ben.bites.Bites"]}, {"f461c18a67999137b618ce62cc43f934": ["4", "caldwell.ben.bites.Bites"]}, {"f461c18a67999137b618ce62cc43f934": ["4", "caldwell.ben.bites.Bites"]}, {"f461c18a67999137b618ce62cc43f934": ["4", "caldwell.ben.bites.Bites"]}, {"f461c18a67999137b618ce62cc43f934": ["4", "caldwell.ben.bites.Bites"]}, {"f461c18a67999137b618ce62cc43f934": ["4", "caldwell.ben.bites.Bites"]}, {"f461c18a67999137b618ce62cc43f934": ["4", "caldwell.ben.bites.Bites"]}, {"f461c18a67999137b618ce62cc43f934": ["4", "caldwell.ben.bites.Bites"]}, {"f461c18a67999137b618ce62cc43f934": ["4", "caldwell.ben.bites.Bites"]}, {"f461c18a67999137b618ce62cc43f934": ["4", "caldwell.ben.bites.Bites"]}, {"f461c18a67999137b618ce62cc43f934": ["4", "caldwell.ben.bites.Bites"]}, {"f461c18a67999137b618ce62cc43f934": ["4", "caldwell.ben.bites.Bites"]}, {"f461c18a67999137b618ce62cc43f934": ["4", "caldwell.ben.bites.Bites"]}, {"f461c18a67999137b618ce62cc43f934": ["4", "caldwell.ben.bites.Bites"]}, {"f461c18a67999137b618ce62cc43f934": ["4", "caldwell.ben.bites.Bites"]}, {"f461c18a67999137b618ce62cc43f934": ["4", "caldwell.ben.bites.Bites"]}, {"f461c18a67999137b618ce62cc43f934": ["4", "caldwell.ben.bites.Bites"]}, {"f461c18a67999137b618ce62cc43f934": ["4", "caldwell.ben.bites.Bites"]}, {"f461c18a67999137b618ce62cc43f934": ["4", "caldwell.ben.bites.Bites"]}, {"f461c18a67999137b618ce62cc43f934": ["4", "caldwell.ben.bites.Bites"]}, {"f461c18a67999137b618ce62cc43f934": ["4", "caldwell.ben.bites.Bites"]}, {"f461c18a67999137b618ce62cc43f934": ["4", "caldwell.ben.bites.Bites"]}, {"f461c18a67999137b618ce62cc43f934": ["4", "caldwell.ben.bites.Bites"]}, {"f461c18a67999137b618ce62cc43f934": ["4", "caldwell.ben.bites.Bites"]}, {"f461c18a67999137b618ce62cc43f934": ["4", "caldwell.ben.bites.Bites"]}, {"f461c18a67999137b618ce62cc43f934": ["4", "caldwell.ben.bites.Bites"]}, {"f461c18a67999137b618ce62cc43f934": ["4", "caldwell.ben.bites.Bites"]}, {"f461c18a67999137b618ce62cc43f934": ["4", "caldwell.ben.bites.Bites"]}, {"f461c18a67999137b618ce62cc43f934": ["4", "caldwell.ben.bites.Bites"]}, {"f461c18a67999137b618ce62cc43f934": ["4", "caldwell.ben.bites.Bites"]}, {"f461c18a67999137b618ce62cc43f934": ["4", "caldwell.ben.bites.Bites"]}, {"f461c18a67999137b618ce62cc43f934": ["4", "caldwell.ben.bites.Bites"]}, {"f461c18a67999137b618ce62cc43f934": ["4", "caldwell.ben.bites.Bites"]}, {"f461c18a67999137b618ce62cc43f934": ["4", "caldwell.ben.bites.Bites"]}, {"f461c18a67999137b618ce62cc43f934": ["4", "caldwell.ben.bites.Bites"]}, {"f461c18a67999137b618ce62cc43f934": ["4", "caldwell.ben.bites.Bites"]}, {"f461c18a67999137b618ce62cc43f934": ["4", "caldwell.ben.bites.Bites"]}, {"f461c18a67999137b618ce62cc43f934": ["4", "caldwell.ben.bites.Bites"]}, {"f461c18a67999137b618ce62cc43f934": ["4", "caldwell.ben.bites.Bites"]}, {"f461c18a67999137b618ce62cc43f934": ["4", "caldwell.ben.bites.Bites"]}, {"f461c18a67999137b618ce62cc43f934": ["4", "caldwell.ben.bites.Bites"]}, {"f461c18a67999137b618ce62cc43f934": ["4", "caldwell.ben.bites.Bites"]}, {"f461c18a67999137b618ce62cc43f934": ["4", "caldwell.ben.bites.Bites"]}, {"f461c18a67999137b618ce62cc43f934": ["4", "caldwell.ben.bites.Bites"]}, {"f461c18a67999137b618ce62cc43f934": ["4", "caldwell.ben.bites.Bites"]}, {"f461c18a67999137b618ce62cc43f934": ["4", "caldwell.ben.bites.Bites"]}, {"f461c18a67999137b618ce62cc43f934": ["4", "caldwell.ben.bites.Bites"]}, {"f461c18a67999137b618ce62cc43f934": ["4", "caldwell.ben.bites.Bites"]}, {"f461c18a67999137b618ce62cc43f934": ["4", "caldwell.ben.bites.Bites"]}, {"f461c18a67999137b618ce62cc43f934": ["4", "caldwell.ben.bites.Bites"]}, {"f461c18a67999137b618ce62cc43f934": ["4", "caldwell.ben.bites.Bites"]}, {"f461c18a67999137b618ce62cc43f934": ["4", "caldwell.ben.bites.Bites"]}, {"f461c18a67999137b618ce62cc43f934": ["4", "caldwell.ben.bites.Bites"]}, {"f461c18a67999137b618ce62cc43f934": ["4", "caldwell.ben.bites.Bites"]}, {"f461c18a67999137b618ce62cc43f934": ["4", "caldwell.ben.bites.Bites"]}, {"f461c18a67999137b618ce62cc43f934": ["4", "caldwell.ben.bites.Bites"]}, {"f461c18a67999137b618ce62cc43f934": ["4", "caldwell.ben.bites.Bites"]}, {"f461c18a67999137b618ce62cc43f934": ["4", "caldwell.ben.bites.Bites"]}, {"f461c18a67999137b618ce62cc43f934": ["4", "caldwell.ben.bites.Bites"]}, {"f461c18a67999137b618ce62cc43f934": ["4", "caldwell.ben.bites.Bites"]}, {"f461c18a67999137b618ce62cc43f934": ["4", "caldwell.ben.bites.Bites"]}, {"f461c18a67999137b618ce62cc43f934": ["4", "caldwell.ben.bites.Bites"]}, {"f461c18a67999137b618ce62cc43f934": ["4", "caldwell.ben.bites.Bites"]}, {"f461c18a67999137b618ce62cc43f934": ["4", "caldwell.ben.bites.Bites"]}, {"f461c18a67999137b618ce62cc43f934": ["4", "caldwell.ben.bites.Bites"]}, {"f461c18a67999137b618ce62cc43f934": ["4", "caldwell.ben.bites.Bites"]}, {"f461c18a67999137b618ce62cc43f934": ["4", "caldwell.ben.bites.Bites"]}, {"f461c18a67999137b618ce62cc43f934": ["4", "caldwell.ben.bites.Bites"]}, {"f461c18a67999137b618ce62cc43f934": ["4", "caldwell.ben.bites.Bites"]}, {"3ae9aac1f2c29a14bd528f151595824f": ["14", "caldwell.ben.bites.Bites"]}, {"f461c18a67999137b618ce62cc43f934": ["4", "caldwell.ben.bites.Bites"]}, {"f461c18a67999137b618ce62cc43f934": ["4", "caldwell.ben.bites.Bites"]}, {"f461c18a67999137b618ce62cc43f934": ["4", "caldwell.ben.bites.Bites"]}, {"f461c18a67999137b618ce62cc43f934": ["4", "caldwell.ben.bites.Bites"]}, {"f461c18a67999137b618ce62cc43f934": ["4", "caldwell.ben.bites.Bites"]}, {"f461c18a67999137b618ce62cc43f934": ["4", "caldwell.ben.bites.Bites"]}, {"f461c18a67999137b618ce62cc43f934": ["4", "caldwell.ben.bites.Bites"]}, {"f461c18a67999137b618ce62cc43f934": ["4", "caldwell.ben.bites.Bites"]}, {"f461c18a67999137b618ce62cc43f934": ["4", "caldwell.ben.bites.Bites"]}, {"f461c18a67999137b618ce62cc43f934": ["4", "caldwell.ben.bites.Bites"]}, {"f461c18a67999137b618ce62cc43f934": ["4", "caldwell.ben.bites.Bites"]}, {"f461c18a67999137b618ce62cc43f934": ["4", "caldwell.ben.bites.Bites"]}, {"f461c18a67999137b618ce62cc43f934": ["4", "caldwell.ben.bites.Bites"]}, {"f461c18a67999137b618ce62cc43f934": ["4", "caldwell.ben.bites.Bites"]}, {"f461c18a67999137b618ce62cc43f934": ["4", "caldwell.ben.bites.Bites"]}, {"f461c18a67999137b618ce62cc43f934": ["4", "caldwell.ben.bites.Bites"]}, {"f461c18a67999137b618ce62cc43f934": ["4", "caldwell.ben.bites.Bites"]}, {"f461c18a67999137b618ce62cc43f934": ["4", "caldwell.ben.bites.Bites"]}, {"f461c18a67999137b618ce62cc43f934": ["4", "caldwell.ben.bites.Bites"]}, {"f461c18a67999137b618ce62cc43f934": ["4", "caldwell.ben.bites.Bites"]}, {"f461c18a67999137b618ce62cc43f934": ["4", "caldwell.ben.bites.Bites"]}, {"f461c18a67999137b618ce62cc43f934": ["4", "caldwell.ben.bites.Bites"]}, {"f461c18a67999137b618ce62cc43f934": ["4", "caldwell.ben.bites.Bites"]}, {"f461c18a67999137b618ce62cc43f934": ["4", "caldwell.ben.bites.Bites"]}]