[{"df197554e1c17e70c743f04e1dcaab24": ["0", "com.addi.Addi"]}, {"188fc7e40e29c7f39db37416e50b7025": ["5", "com.addi.Addi"]}, {"188fc7e40e29c7f39db37416e50b7025": ["5", "com.addi.Addi"]}, {"ffa6e3c2be74a02200562cdc0877c90c": ["1", "com.addi.Addi"]}, {"df197554e1c17e70c743f04e1dcaab24": ["0", "com.addi.Addi"]}, {"188fc7e40e29c7f39db37416e50b7025": ["5", "com.addi.Addi"]}, {"188fc7e40e29c7f39db37416e50b7025": ["5", "com.addi.Addi"]}, {"ffa6e3c2be74a02200562cdc0877c90c": ["1", "com.addi.Addi"]}, {"df197554e1c17e70c743f04e1dcaab24": ["0", "com.addi.Addi"]}, {"188fc7e40e29c7f39db37416e50b7025": ["5", "com.addi.Addi"]}, {"188fc7e40e29c7f39db37416e50b7025": ["5", "com.addi.Addi"]}, {"ffa6e3c2be74a02200562cdc0877c90c": ["1", "com.addi.Addi"]}, {"df197554e1c17e70c743f04e1dcaab24": ["0", "com.addi.Addi"]}, {"188fc7e40e29c7f39db37416e50b7025": ["5", "com.addi.Addi"]}, {"188fc7e40e29c7f39db37416e50b7025": ["5", "com.addi.Addi"]}, {"ffa6e3c2be74a02200562cdc0877c90c": ["1", "com.addi.Addi"]}, {"df197554e1c17e70c743f04e1dcaab24": ["0", "com.addi.Addi"]}, {"188fc7e40e29c7f39db37416e50b7025": ["5", "com.addi.Addi"]}, {"188fc7e40e29c7f39db37416e50b7025": ["5", "com.addi.Addi"]}, {"ffa6e3c2be74a02200562cdc0877c90c": ["1", "com.addi.Addi"]}, {"df197554e1c17e70c743f04e1dcaab24": ["0", "com.addi.Addi"]}, {"188fc7e40e29c7f39db37416e50b7025": ["5", "com.addi.Addi"]}, {"188fc7e40e29c7f39db37416e50b7025": ["5", "com.addi.Addi"]}, {"ffa6e3c2be74a02200562cdc0877c90c": ["1", "com.addi.Addi"]}, {"df197554e1c17e70c743f04e1dcaab24": ["0", "com.addi.Addi"]}, {"188fc7e40e29c7f39db37416e50b7025": ["5", "com.addi.Addi"]}, {"188fc7e40e29c7f39db37416e50b7025": ["5", "com.addi.Addi"]}, {"ffa6e3c2be74a02200562cdc0877c90c": ["1", "com.addi.Addi"]}, {"df197554e1c17e70c743f04e1dcaab24": ["0", "com.addi.Addi"]}, {"188fc7e40e29c7f39db37416e50b7025": ["5", "com.addi.Addi"]}, {"188fc7e40e29c7f39db37416e50b7025": ["5", "com.addi.Addi"]}, {"ffa6e3c2be74a02200562cdc0877c90c": ["1", "com.addi.Addi"]}, {"df197554e1c17e70c743f04e1dcaab24": ["0", "com.addi.Addi"]}, {"188fc7e40e29c7f39db37416e50b7025": ["5", "com.addi.Addi"]}, {"188fc7e40e29c7f39db37416e50b7025": ["5", "com.addi.Addi"]}, {"ffa6e3c2be74a02200562cdc0877c90c": ["1", "com.addi.Addi"]}, {"df197554e1c17e70c743f04e1dcaab24": ["0", "com.addi.Addi"]}, {"188fc7e40e29c7f39db37416e50b7025": ["5", "com.addi.Addi"]}, {"188fc7e40e29c7f39db37416e50b7025": ["5", "com.addi.Addi"]}, {"ffa6e3c2be74a02200562cdc0877c90c": ["1", "com.addi.Addi"]}, {"df197554e1c17e70c743f04e1dcaab24": ["0", "com.addi.Addi"]}, {"188fc7e40e29c7f39db37416e50b7025": ["5", "com.addi.Addi"]}, {"188fc7e40e29c7f39db37416e50b7025": ["5", "com.addi.Addi"]}, {"ffa6e3c2be74a02200562cdc0877c90c": ["1", "com.addi.Addi"]}, {"df197554e1c17e70c743f04e1dcaab24": ["0", "com.addi.Addi"]}, {"188fc7e40e29c7f39db37416e50b7025": ["5", "com.addi.Addi"]}, {"188fc7e40e29c7f39db37416e50b7025": ["5", "com.addi.Addi"]}, {"ffa6e3c2be74a02200562cdc0877c90c": ["1", "com.addi.Addi"]}, {"df197554e1c17e70c743f04e1dcaab24": ["0", "com.addi.Addi"]}, {"188fc7e40e29c7f39db37416e50b7025": ["5", "com.addi.Addi"]}, {"188fc7e40e29c7f39db37416e50b7025": ["5", "com.addi.Addi"]}, {"ffa6e3c2be74a02200562cdc0877c90c": ["1", "com.addi.Addi"]}, {"df197554e1c17e70c743f04e1dcaab24": ["0", "com.addi.Addi"]}, {"188fc7e40e29c7f39db37416e50b7025": ["5", "com.addi.Addi"]}, {"188fc7e40e29c7f39db37416e50b7025": ["5", "com.addi.Addi"]}, {"ffa6e3c2be74a02200562cdc0877c90c": ["1", "com.addi.Addi"]}, {"df197554e1c17e70c743f04e1dcaab24": ["0", "com.addi.Addi"]}, {"188fc7e40e29c7f39db37416e50b7025": ["5", "com.addi.Addi"]}, {"188fc7e40e29c7f39db37416e50b7025": ["5", "com.addi.Addi"]}, {"ffa6e3c2be74a02200562cdc0877c90c": ["1", "com.addi.Addi"]}, {"df197554e1c17e70c743f04e1dcaab24": ["0", "com.addi.Addi"]}, {"188fc7e40e29c7f39db37416e50b7025": ["5", "com.addi.Addi"]}, {"188fc7e40e29c7f39db37416e50b7025": ["5", "com.addi.Addi"]}, {"ffa6e3c2be74a02200562cdc0877c90c": ["1", "com.addi.Addi"]}, {"df197554e1c17e70c743f04e1dcaab24": ["0", "com.addi.Addi"]}, {"188fc7e40e29c7f39db37416e50b7025": ["5", "com.addi.Addi"]}, {"188fc7e40e29c7f39db37416e50b7025": ["5", "com.addi.Addi"]}, {"ffa6e3c2be74a02200562cdc0877c90c": ["1", "com.addi.Addi"]}, {"df197554e1c17e70c743f04e1dcaab24": ["0", "com.addi.Addi"]}, {"188fc7e40e29c7f39db37416e50b7025": ["5", "com.addi.Addi"]}, {"188fc7e40e29c7f39db37416e50b7025": ["5", "com.addi.Addi"]}, {"ffa6e3c2be74a02200562cdc0877c90c": ["1", "com.addi.Addi"]}, {"df197554e1c17e70c743f04e1dcaab24": ["0", "com.addi.Addi"]}, {"188fc7e40e29c7f39db37416e50b7025": ["5", "com.addi.Addi"]}, {"188fc7e40e29c7f39db37416e50b7025": ["5", "com.addi.Addi"]}, {"ffa6e3c2be74a02200562cdc0877c90c": ["1", "com.addi.Addi"]}, {"df197554e1c17e70c743f04e1dcaab24": ["0", "com.addi.Addi"]}, {"188fc7e40e29c7f39db37416e50b7025": ["5", "com.addi.Addi"]}, {"188fc7e40e29c7f39db37416e50b7025": ["5", "com.addi.Addi"]}, {"ffa6e3c2be74a02200562cdc0877c90c": ["1", "com.addi.Addi"]}, {"df197554e1c17e70c743f04e1dcaab24": ["0", "com.addi.Addi"]}, {"188fc7e40e29c7f39db37416e50b7025": ["5", "com.addi.Addi"]}, {"188fc7e40e29c7f39db37416e50b7025": ["5", "com.addi.Addi"]}, {"ffa6e3c2be74a02200562cdc0877c90c": ["1", "com.addi.Addi"]}, {"df197554e1c17e70c743f04e1dcaab24": ["0", "com.addi.Addi"]}, {"188fc7e40e29c7f39db37416e50b7025": ["5", "com.addi.Addi"]}, {"188fc7e40e29c7f39db37416e50b7025": ["5", "com.addi.Addi"]}, {"ffa6e3c2be74a02200562cdc0877c90c": ["1", "com.addi.Addi"]}, {"df197554e1c17e70c743f04e1dcaab24": ["0", "com.addi.Addi"]}, {"188fc7e40e29c7f39db37416e50b7025": ["5", "com.addi.Addi"]}, {"188fc7e40e29c7f39db37416e50b7025": ["5", "com.addi.Addi"]}, {"ffa6e3c2be74a02200562cdc0877c90c": ["1", "com.addi.Addi"]}, {"df197554e1c17e70c743f04e1dcaab24": ["0", "com.addi.Addi"]}, {"188fc7e40e29c7f39db37416e50b7025": ["5", "com.addi.Addi"]}, {"188fc7e40e29c7f39db37416e50b7025": ["5", "com.addi.Addi"]}, {"ffa6e3c2be74a02200562cdc0877c90c": ["1", "com.addi.Addi"]}, {"df197554e1c17e70c743f04e1dcaab24": ["0", "com.addi.Addi"]}, {"188fc7e40e29c7f39db37416e50b7025": ["5", "com.addi.Addi"]}, {"188fc7e40e29c7f39db37416e50b7025": ["5", "com.addi.Addi"]}, {"ffa6e3c2be74a02200562cdc0877c90c": ["1", "com.addi.Addi"]}, {"df197554e1c17e70c743f04e1dcaab24": ["0", "com.addi.Addi"]}, {"188fc7e40e29c7f39db37416e50b7025": ["5", "com.addi.Addi"]}, {"188fc7e40e29c7f39db37416e50b7025": ["5", "com.addi.Addi"]}, {"ffa6e3c2be74a02200562cdc0877c90c": ["1", "com.addi.Addi"]}, {"df197554e1c17e70c743f04e1dcaab24": ["0", "com.addi.Addi"]}, {"188fc7e40e29c7f39db37416e50b7025": ["5", "com.addi.Addi"]}, {"188fc7e40e29c7f39db37416e50b7025": ["5", "com.addi.Addi"]}, {"ffa6e3c2be74a02200562cdc0877c90c": ["1", "com.addi.Addi"]}, {"df197554e1c17e70c743f04e1dcaab24": ["0", "com.addi.Addi"]}, {"188fc7e40e29c7f39db37416e50b7025": ["5", "com.addi.Addi"]}, {"188fc7e40e29c7f39db37416e50b7025": ["5", "com.addi.Addi"]}, {"ffa6e3c2be74a02200562cdc0877c90c": ["1", "com.addi.Addi"]}, {"df197554e1c17e70c743f04e1dcaab24": ["0", "com.addi.Addi"]}, {"188fc7e40e29c7f39db37416e50b7025": ["5", "com.addi.Addi"]}, {"188fc7e40e29c7f39db37416e50b7025": ["5", "com.addi.Addi"]}, {"ffa6e3c2be74a02200562cdc0877c90c": ["1", "com.addi.Addi"]}, {"df197554e1c17e70c743f04e1dcaab24": ["0", "com.addi.Addi"]}, {"188fc7e40e29c7f39db37416e50b7025": ["5", "com.addi.Addi"]}, {"188fc7e40e29c7f39db37416e50b7025": ["5", "com.addi.Addi"]}, {"ffa6e3c2be74a02200562cdc0877c90c": ["1", "com.addi.Addi"]}, {"df197554e1c17e70c743f04e1dcaab24": ["0", "com.addi.Addi"]}, {"188fc7e40e29c7f39db37416e50b7025": ["5", "com.addi.Addi"]}, {"188fc7e40e29c7f39db37416e50b7025": ["5", "com.addi.Addi"]}, {"ffa6e3c2be74a02200562cdc0877c90c": ["1", "com.addi.Addi"]}, {"df197554e1c17e70c743f04e1dcaab24": ["0", "com.addi.Addi"]}, {"188fc7e40e29c7f39db37416e50b7025": ["5", "com.addi.Addi"]}, {"188fc7e40e29c7f39db37416e50b7025": ["5", "com.addi.Addi"]}, {"ffa6e3c2be74a02200562cdc0877c90c": ["1", "com.addi.Addi"]}, {"df197554e1c17e70c743f04e1dcaab24": ["0", "com.addi.Addi"]}, {"188fc7e40e29c7f39db37416e50b7025": ["5", "com.addi.Addi"]}, {"188fc7e40e29c7f39db37416e50b7025": ["5", "com.addi.Addi"]}, {"ffa6e3c2be74a02200562cdc0877c90c": ["1", "com.addi.Addi"]}, {"df197554e1c17e70c743f04e1dcaab24": ["0", "com.addi.Addi"]}, {"188fc7e40e29c7f39db37416e50b7025": ["5", "com.addi.Addi"]}, {"188fc7e40e29c7f39db37416e50b7025": ["5", "com.addi.Addi"]}, {"ffa6e3c2be74a02200562cdc0877c90c": ["1", "com.addi.Addi"]}, {"df197554e1c17e70c743f04e1dcaab24": ["0", "com.addi.Addi"]}, {"188fc7e40e29c7f39db37416e50b7025": ["5", "com.addi.Addi"]}, {"188fc7e40e29c7f39db37416e50b7025": ["5", "com.addi.Addi"]}, {"ffa6e3c2be74a02200562cdc0877c90c": ["1", "com.addi.Addi"]}, {"df197554e1c17e70c743f04e1dcaab24": ["0", "com.addi.Addi"]}, {"188fc7e40e29c7f39db37416e50b7025": ["5", "com.addi.Addi"]}, {"188fc7e40e29c7f39db37416e50b7025": ["5", "com.addi.Addi"]}, {"ffa6e3c2be74a02200562cdc0877c90c": ["1", "com.addi.Addi"]}, {"df197554e1c17e70c743f04e1dcaab24": ["0", "com.addi.Addi"]}, {"188fc7e40e29c7f39db37416e50b7025": ["5", "com.addi.Addi"]}, {"188fc7e40e29c7f39db37416e50b7025": ["5", "com.addi.Addi"]}, {"ffa6e3c2be74a02200562cdc0877c90c": ["1", "com.addi.Addi"]}, {"df197554e1c17e70c743f04e1dcaab24": ["0", "com.addi.Addi"]}, {"188fc7e40e29c7f39db37416e50b7025": ["5", "com.addi.Addi"]}, {"188fc7e40e29c7f39db37416e50b7025": ["5", "com.addi.Addi"]}, {"ffa6e3c2be74a02200562cdc0877c90c": ["1", "com.addi.Addi"]}, {"df197554e1c17e70c743f04e1dcaab24": ["0", "com.addi.Addi"]}, {"188fc7e40e29c7f39db37416e50b7025": ["5", "com.addi.Addi"]}, {"188fc7e40e29c7f39db37416e50b7025": ["5", "com.addi.Addi"]}, {"ffa6e3c2be74a02200562cdc0877c90c": ["1", "com.addi.Addi"]}, {"df197554e1c17e70c743f04e1dcaab24": ["0", "com.addi.Addi"]}, {"188fc7e40e29c7f39db37416e50b7025": ["5", "com.addi.Addi"]}, {"188fc7e40e29c7f39db37416e50b7025": ["5", "com.addi.Addi"]}, {"ffa6e3c2be74a02200562cdc0877c90c": ["1", "com.addi.Addi"]}, {"df197554e1c17e70c743f04e1dcaab24": ["0", "com.addi.Addi"]}, {"188fc7e40e29c7f39db37416e50b7025": ["5", "com.addi.Addi"]}, {"188fc7e40e29c7f39db37416e50b7025": ["5", "com.addi.Addi"]}, {"ffa6e3c2be74a02200562cdc0877c90c": ["1", "com.addi.Addi"]}, {"df197554e1c17e70c743f04e1dcaab24": ["0", "com.addi.Addi"]}, {"188fc7e40e29c7f39db37416e50b7025": ["5", "com.addi.Addi"]}, {"188fc7e40e29c7f39db37416e50b7025": ["5", "com.addi.Addi"]}, {"ffa6e3c2be74a02200562cdc0877c90c": ["1", "com.addi.Addi"]}, {"df197554e1c17e70c743f04e1dcaab24": ["0", "com.addi.Addi"]}, {"188fc7e40e29c7f39db37416e50b7025": ["5", "com.addi.Addi"]}, {"188fc7e40e29c7f39db37416e50b7025": ["5", "com.addi.Addi"]}, {"ffa6e3c2be74a02200562cdc0877c90c": ["1", "com.addi.Addi"]}, {"df197554e1c17e70c743f04e1dcaab24": ["0", "com.addi.Addi"]}, {"188fc7e40e29c7f39db37416e50b7025": ["5", "com.addi.Addi"]}, {"188fc7e40e29c7f39db37416e50b7025": ["5", "com.addi.Addi"]}, {"ffa6e3c2be74a02200562cdc0877c90c": ["1", "com.addi.Addi"]}, {"df197554e1c17e70c743f04e1dcaab24": ["0", "com.addi.Addi"]}, {"188fc7e40e29c7f39db37416e50b7025": ["5", "com.addi.Addi"]}, {"188fc7e40e29c7f39db37416e50b7025": ["5", "com.addi.Addi"]}, {"ffa6e3c2be74a02200562cdc0877c90c": ["1", "com.addi.Addi"]}, {"df197554e1c17e70c743f04e1dcaab24": ["0", "com.addi.Addi"]}, {"188fc7e40e29c7f39db37416e50b7025": ["5", "com.addi.Addi"]}, {"188fc7e40e29c7f39db37416e50b7025": ["5", "com.addi.Addi"]}, {"ffa6e3c2be74a02200562cdc0877c90c": ["1", "com.addi.Addi"]}, {"df197554e1c17e70c743f04e1dcaab24": ["0", "com.addi.Addi"]}, {"188fc7e40e29c7f39db37416e50b7025": ["5", "com.addi.Addi"]}, {"188fc7e40e29c7f39db37416e50b7025": ["5", "com.addi.Addi"]}, {"ffa6e3c2be74a02200562cdc0877c90c": ["1", "com.addi.Addi"]}, {"df197554e1c17e70c743f04e1dcaab24": ["0", "com.addi.Addi"]}, {"188fc7e40e29c7f39db37416e50b7025": ["5", "com.addi.Addi"]}, {"188fc7e40e29c7f39db37416e50b7025": ["5", "com.addi.Addi"]}, {"ffa6e3c2be74a02200562cdc0877c90c": ["1", "com.addi.Addi"]}, {"df197554e1c17e70c743f04e1dcaab24": ["0", "com.addi.Addi"]}, {"188fc7e40e29c7f39db37416e50b7025": ["5", "com.addi.Addi"]}, {"188fc7e40e29c7f39db37416e50b7025": ["5", "com.addi.Addi"]}, {"ffa6e3c2be74a02200562cdc0877c90c": ["1", "com.addi.Addi"]}, {"df197554e1c17e70c743f04e1dcaab24": ["0", "com.addi.Addi"]}, {"188fc7e40e29c7f39db37416e50b7025": ["5", "com.addi.Addi"]}, {"188fc7e40e29c7f39db37416e50b7025": ["5", "com.addi.Addi"]}, {"ffa6e3c2be74a02200562cdc0877c90c": ["1", "com.addi.Addi"]}, {"df197554e1c17e70c743f04e1dcaab24": ["0", "com.addi.Addi"]}, {"188fc7e40e29c7f39db37416e50b7025": ["5", "com.addi.Addi"]}, {"188fc7e40e29c7f39db37416e50b7025": ["5", "com.addi.Addi"]}, {"ffa6e3c2be74a02200562cdc0877c90c": ["1", "com.addi.Addi"]}, {"df197554e1c17e70c743f04e1dcaab24": ["0", "com.addi.Addi"]}, {"188fc7e40e29c7f39db37416e50b7025": ["5", "com.addi.Addi"]}, {"188fc7e40e29c7f39db37416e50b7025": ["5", "com.addi.Addi"]}, {"ffa6e3c2be74a02200562cdc0877c90c": ["1", "com.addi.Addi"]}, {"df197554e1c17e70c743f04e1dcaab24": ["0", "com.addi.Addi"]}, {"188fc7e40e29c7f39db37416e50b7025": ["5", "com.addi.Addi"]}, {"188fc7e40e29c7f39db37416e50b7025": ["5", "com.addi.Addi"]}, {"ffa6e3c2be74a02200562cdc0877c90c": ["1", "com.addi.Addi"]}, {"df197554e1c17e70c743f04e1dcaab24": ["0", "com.addi.Addi"]}, {"188fc7e40e29c7f39db37416e50b7025": ["5", "com.addi.Addi"]}, {"188fc7e40e29c7f39db37416e50b7025": ["5", "com.addi.Addi"]}, {"ffa6e3c2be74a02200562cdc0877c90c": ["1", "com.addi.Addi"]}, {"df197554e1c17e70c743f04e1dcaab24": ["0", "com.addi.Addi"]}, {"188fc7e40e29c7f39db37416e50b7025": ["5", "com.addi.Addi"]}, {"188fc7e40e29c7f39db37416e50b7025": ["5", "com.addi.Addi"]}, {"ffa6e3c2be74a02200562cdc0877c90c": ["1", "com.addi.Addi"]}, {"df197554e1c17e70c743f04e1dcaab24": ["0", "com.addi.Addi"]}, {"188fc7e40e29c7f39db37416e50b7025": ["5", "com.addi.Addi"]}, {"188fc7e40e29c7f39db37416e50b7025": ["5", "com.addi.Addi"]}, {"ffa6e3c2be74a02200562cdc0877c90c": ["1", "com.addi.Addi"]}, {"df197554e1c17e70c743f04e1dcaab24": ["0", "com.addi.Addi"]}, {"188fc7e40e29c7f39db37416e50b7025": ["5", "com.addi.Addi"]}, {"188fc7e40e29c7f39db37416e50b7025": ["5", "com.addi.Addi"]}, {"ffa6e3c2be74a02200562cdc0877c90c": ["1", "com.addi.Addi"]}, {"df197554e1c17e70c743f04e1dcaab24": ["0", "com.addi.Addi"]}, {"188fc7e40e29c7f39db37416e50b7025": ["5", "com.addi.Addi"]}, {"188fc7e40e29c7f39db37416e50b7025": ["5", "com.addi.Addi"]}, {"ffa6e3c2be74a02200562cdc0877c90c": ["1", "com.addi.Addi"]}, {"df197554e1c17e70c743f04e1dcaab24": ["0", "com.addi.Addi"]}, {"188fc7e40e29c7f39db37416e50b7025": ["5", "com.addi.Addi"]}, {"188fc7e40e29c7f39db37416e50b7025": ["5", "com.addi.Addi"]}, {"ffa6e3c2be74a02200562cdc0877c90c": ["1", "com.addi.Addi"]}, {"df197554e1c17e70c743f04e1dcaab24": ["0", "com.addi.Addi"]}, {"188fc7e40e29c7f39db37416e50b7025": ["5", "com.addi.Addi"]}, {"188fc7e40e29c7f39db37416e50b7025": ["5", "com.addi.Addi"]}, {"ffa6e3c2be74a02200562cdc0877c90c": ["1", "com.addi.Addi"]}, {"df197554e1c17e70c743f04e1dcaab24": ["0", "com.addi.Addi"]}, {"188fc7e40e29c7f39db37416e50b7025": ["5", "com.addi.Addi"]}, {"188fc7e40e29c7f39db37416e50b7025": ["5", "com.addi.Addi"]}, {"ffa6e3c2be74a02200562cdc0877c90c": ["1", "com.addi.Addi"]}, {"df197554e1c17e70c743f04e1dcaab24": ["0", "com.addi.Addi"]}, {"188fc7e40e29c7f39db37416e50b7025": ["5", "com.addi.Addi"]}, {"188fc7e40e29c7f39db37416e50b7025": ["5", "com.addi.Addi"]}, {"ffa6e3c2be74a02200562cdc0877c90c": ["1", "com.addi.Addi"]}, {"df197554e1c17e70c743f04e1dcaab24": ["0", "com.addi.Addi"]}, {"188fc7e40e29c7f39db37416e50b7025": ["5", "com.addi.Addi"]}, {"188fc7e40e29c7f39db37416e50b7025": ["5", "com.addi.Addi"]}, {"ffa6e3c2be74a02200562cdc0877c90c": ["1", "com.addi.Addi"]}, {"df197554e1c17e70c743f04e1dcaab24": ["0", "com.addi.Addi"]}, {"188fc7e40e29c7f39db37416e50b7025": ["5", "com.addi.Addi"]}, {"188fc7e40e29c7f39db37416e50b7025": ["5", "com.addi.Addi"]}, {"ffa6e3c2be74a02200562cdc0877c90c": ["1", "com.addi.Addi"]}, {"df197554e1c17e70c743f04e1dcaab24": ["0", "com.addi.Addi"]}, {"188fc7e40e29c7f39db37416e50b7025": ["5", "com.addi.Addi"]}, {"188fc7e40e29c7f39db37416e50b7025": ["5", "com.addi.Addi"]}, {"ffa6e3c2be74a02200562cdc0877c90c": ["1", "com.addi.Addi"]}, {"df197554e1c17e70c743f04e1dcaab24": ["0", "com.addi.Addi"]}, {"188fc7e40e29c7f39db37416e50b7025": ["5", "com.addi.Addi"]}, {"188fc7e40e29c7f39db37416e50b7025": ["5", "com.addi.Addi"]}, {"ffa6e3c2be74a02200562cdc0877c90c": ["1", "com.addi.Addi"]}, {"df197554e1c17e70c743f04e1dcaab24": ["0", "com.addi.Addi"]}, {"188fc7e40e29c7f39db37416e50b7025": ["5", "com.addi.Addi"]}, {"188fc7e40e29c7f39db37416e50b7025": ["5", "com.addi.Addi"]}, {"ffa6e3c2be74a02200562cdc0877c90c": ["1", "com.addi.Addi"]}, {"df197554e1c17e70c743f04e1dcaab24": ["0", "com.addi.Addi"]}, {"188fc7e40e29c7f39db37416e50b7025": ["5", "com.addi.Addi"]}, {"188fc7e40e29c7f39db37416e50b7025": ["5", "com.addi.Addi"]}, {"ffa6e3c2be74a02200562cdc0877c90c": ["1", "com.addi.Addi"]}, {"df197554e1c17e70c743f04e1dcaab24": ["0", "com.addi.Addi"]}, {"188fc7e40e29c7f39db37416e50b7025": ["5", "com.addi.Addi"]}, {"188fc7e40e29c7f39db37416e50b7025": ["5", "com.addi.Addi"]}, {"ffa6e3c2be74a02200562cdc0877c90c": ["1", "com.addi.Addi"]}, {"df197554e1c17e70c743f04e1dcaab24": ["0", "com.addi.Addi"]}, {"188fc7e40e29c7f39db37416e50b7025": ["5", "com.addi.Addi"]}, {"188fc7e40e29c7f39db37416e50b7025": ["5", "com.addi.Addi"]}, {"ffa6e3c2be74a02200562cdc0877c90c": ["1", "com.addi.Addi"]}, {"df197554e1c17e70c743f04e1dcaab24": ["0", "com.addi.Addi"]}, {"188fc7e40e29c7f39db37416e50b7025": ["5", "com.addi.Addi"]}, {"188fc7e40e29c7f39db37416e50b7025": ["5", "com.addi.Addi"]}, {"ffa6e3c2be74a02200562cdc0877c90c": ["1", "com.addi.Addi"]}, {"df197554e1c17e70c743f04e1dcaab24": ["0", "com.addi.Addi"]}, {"188fc7e40e29c7f39db37416e50b7025": ["5", "com.addi.Addi"]}, {"188fc7e40e29c7f39db37416e50b7025": ["5", "com.addi.Addi"]}, {"ffa6e3c2be74a02200562cdc0877c90c": ["1", "com.addi.Addi"]}, {"df197554e1c17e70c743f04e1dcaab24": ["0", "com.addi.Addi"]}, {"188fc7e40e29c7f39db37416e50b7025": ["5", "com.addi.Addi"]}, {"188fc7e40e29c7f39db37416e50b7025": ["5", "com.addi.Addi"]}, {"ffa6e3c2be74a02200562cdc0877c90c": ["1", "com.addi.Addi"]}, {"df197554e1c17e70c743f04e1dcaab24": ["0", "com.addi.Addi"]}, {"188fc7e40e29c7f39db37416e50b7025": ["5", "com.addi.Addi"]}, {"188fc7e40e29c7f39db37416e50b7025": ["5", "com.addi.Addi"]}, {"ffa6e3c2be74a02200562cdc0877c90c": ["1", "com.addi.Addi"]}, {"df197554e1c17e70c743f04e1dcaab24": ["0", "com.addi.Addi"]}, {"188fc7e40e29c7f39db37416e50b7025": ["5", "com.addi.Addi"]}, {"188fc7e40e29c7f39db37416e50b7025": ["5", "com.addi.Addi"]}, {"ffa6e3c2be74a02200562cdc0877c90c": ["1", "com.addi.Addi"]}, {"df197554e1c17e70c743f04e1dcaab24": ["0", "com.addi.Addi"]}, {"188fc7e40e29c7f39db37416e50b7025": ["5", "com.addi.Addi"]}, {"188fc7e40e29c7f39db37416e50b7025": ["5", "com.addi.Addi"]}, {"ffa6e3c2be74a02200562cdc0877c90c": ["1", "com.addi.Addi"]}, {"df197554e1c17e70c743f04e1dcaab24": ["0", "com.addi.Addi"]}, {"188fc7e40e29c7f39db37416e50b7025": ["5", "com.addi.Addi"]}, {"188fc7e40e29c7f39db37416e50b7025": ["5", "com.addi.Addi"]}, {"ffa6e3c2be74a02200562cdc0877c90c": ["1", "com.addi.Addi"]}, {"df197554e1c17e70c743f04e1dcaab24": ["0", "com.addi.Addi"]}, {"188fc7e40e29c7f39db37416e50b7025": ["5", "com.addi.Addi"]}, {"188fc7e40e29c7f39db37416e50b7025": ["5", "com.addi.Addi"]}, {"ffa6e3c2be74a02200562cdc0877c90c": ["1", "com.addi.Addi"]}, {"df197554e1c17e70c743f04e1dcaab24": ["0", "com.addi.Addi"]}, {"188fc7e40e29c7f39db37416e50b7025": ["5", "com.addi.Addi"]}, {"188fc7e40e29c7f39db37416e50b7025": ["5", "com.addi.Addi"]}, {"ffa6e3c2be74a02200562cdc0877c90c": ["1", "com.addi.Addi"]}, {"df197554e1c17e70c743f04e1dcaab24": ["0", "com.addi.Addi"]}, {"188fc7e40e29c7f39db37416e50b7025": ["5", "com.addi.Addi"]}, {"188fc7e40e29c7f39db37416e50b7025": ["5", "com.addi.Addi"]}, {"ffa6e3c2be74a02200562cdc0877c90c": ["1", "com.addi.Addi"]}, {"df197554e1c17e70c743f04e1dcaab24": ["0", "com.addi.Addi"]}, {"188fc7e40e29c7f39db37416e50b7025": ["5", "com.addi.Addi"]}, {"188fc7e40e29c7f39db37416e50b7025": ["5", "com.addi.Addi"]}, {"ffa6e3c2be74a02200562cdc0877c90c": ["1", "com.addi.Addi"]}, {"df197554e1c17e70c743f04e1dcaab24": ["0", "com.addi.Addi"]}, {"188fc7e40e29c7f39db37416e50b7025": ["5", "com.addi.Addi"]}, {"188fc7e40e29c7f39db37416e50b7025": ["5", "com.addi.Addi"]}, {"ffa6e3c2be74a02200562cdc0877c90c": ["1", "com.addi.Addi"]}, {"df197554e1c17e70c743f04e1dcaab24": ["0", "com.addi.Addi"]}, {"188fc7e40e29c7f39db37416e50b7025": ["5", "com.addi.Addi"]}, {"188fc7e40e29c7f39db37416e50b7025": ["5", "com.addi.Addi"]}, {"ffa6e3c2be74a02200562cdc0877c90c": ["1", "com.addi.Addi"]}, {"df197554e1c17e70c743f04e1dcaab24": ["0", "com.addi.Addi"]}, {"188fc7e40e29c7f39db37416e50b7025": ["5", "com.addi.Addi"]}, {"188fc7e40e29c7f39db37416e50b7025": ["5", "com.addi.Addi"]}, {"ffa6e3c2be74a02200562cdc0877c90c": ["1", "com.addi.Addi"]}, {"df197554e1c17e70c743f04e1dcaab24": ["0", "com.addi.Addi"]}, {"188fc7e40e29c7f39db37416e50b7025": ["5", "com.addi.Addi"]}, {"188fc7e40e29c7f39db37416e50b7025": ["5", "com.addi.Addi"]}, {"ffa6e3c2be74a02200562cdc0877c90c": ["1", "com.addi.Addi"]}, {"df197554e1c17e70c743f04e1dcaab24": ["0", "com.addi.Addi"]}, {"188fc7e40e29c7f39db37416e50b7025": ["5", "com.addi.Addi"]}, {"188fc7e40e29c7f39db37416e50b7025": ["5", "com.addi.Addi"]}, {"ffa6e3c2be74a02200562cdc0877c90c": ["1", "com.addi.Addi"]}, {"df197554e1c17e70c743f04e1dcaab24": ["0", "com.addi.Addi"]}, {"188fc7e40e29c7f39db37416e50b7025": ["5", "com.addi.Addi"]}, {"188fc7e40e29c7f39db37416e50b7025": ["5", "com.addi.Addi"]}, {"ffa6e3c2be74a02200562cdc0877c90c": ["1", "com.addi.Addi"]}, {"df197554e1c17e70c743f04e1dcaab24": ["0", "com.addi.Addi"]}, {"188fc7e40e29c7f39db37416e50b7025": ["5", "com.addi.Addi"]}, {"188fc7e40e29c7f39db37416e50b7025": ["5", "com.addi.Addi"]}, {"ffa6e3c2be74a02200562cdc0877c90c": ["1", "com.addi.Addi"]}, {"df197554e1c17e70c743f04e1dcaab24": ["0", "com.addi.Addi"]}, {"188fc7e40e29c7f39db37416e50b7025": ["5", "com.addi.Addi"]}, {"188fc7e40e29c7f39db37416e50b7025": ["5", "com.addi.Addi"]}, {"ffa6e3c2be74a02200562cdc0877c90c": ["1", "com.addi.Addi"]}, {"df197554e1c17e70c743f04e1dcaab24": ["0", "com.addi.Addi"]}, {"188fc7e40e29c7f39db37416e50b7025": ["5", "com.addi.Addi"]}, {"188fc7e40e29c7f39db37416e50b7025": ["5", "com.addi.Addi"]}, {"ffa6e3c2be74a02200562cdc0877c90c": ["1", "com.addi.Addi"]}, {"df197554e1c17e70c743f04e1dcaab24": ["0", "com.addi.Addi"]}, {"188fc7e40e29c7f39db37416e50b7025": ["5", "com.addi.Addi"]}, {"188fc7e40e29c7f39db37416e50b7025": ["5", "com.addi.Addi"]}, {"ffa6e3c2be74a02200562cdc0877c90c": ["1", "com.addi.Addi"]}, {"df197554e1c17e70c743f04e1dcaab24": ["0", "com.addi.Addi"]}, {"188fc7e40e29c7f39db37416e50b7025": ["5", "com.addi.Addi"]}, {"188fc7e40e29c7f39db37416e50b7025": ["5", "com.addi.Addi"]}, {"ffa6e3c2be74a02200562cdc0877c90c": ["1", "com.addi.Addi"]}, {"df197554e1c17e70c743f04e1dcaab24": ["0", "com.addi.Addi"]}, {"188fc7e40e29c7f39db37416e50b7025": ["5", "com.addi.Addi"]}, {"188fc7e40e29c7f39db37416e50b7025": ["5", "com.addi.Addi"]}, {"ffa6e3c2be74a02200562cdc0877c90c": ["1", "com.addi.Addi"]}, {"df197554e1c17e70c743f04e1dcaab24": ["0", "com.addi.Addi"]}, {"188fc7e40e29c7f39db37416e50b7025": ["5", "com.addi.Addi"]}, {"188fc7e40e29c7f39db37416e50b7025": ["5", "com.addi.Addi"]}, {"ffa6e3c2be74a02200562cdc0877c90c": ["1", "com.addi.Addi"]}, {"df197554e1c17e70c743f04e1dcaab24": ["0", "com.addi.Addi"]}, {"188fc7e40e29c7f39db37416e50b7025": ["5", "com.addi.Addi"]}, {"188fc7e40e29c7f39db37416e50b7025": ["5", "com.addi.Addi"]}, {"ffa6e3c2be74a02200562cdc0877c90c": ["1", "com.addi.Addi"]}, {"df197554e1c17e70c743f04e1dcaab24": ["0", "com.addi.Addi"]}, {"188fc7e40e29c7f39db37416e50b7025": ["5", "com.addi.Addi"]}, {"188fc7e40e29c7f39db37416e50b7025": ["5", "com.addi.Addi"]}, {"ffa6e3c2be74a02200562cdc0877c90c": ["1", "com.addi.Addi"]}, {"df197554e1c17e70c743f04e1dcaab24": ["0", "com.addi.Addi"]}, {"188fc7e40e29c7f39db37416e50b7025": ["5", "com.addi.Addi"]}, {"188fc7e40e29c7f39db37416e50b7025": ["5", "com.addi.Addi"]}, {"ffa6e3c2be74a02200562cdc0877c90c": ["1", "com.addi.Addi"]}, {"df197554e1c17e70c743f04e1dcaab24": ["0", "com.addi.Addi"]}, {"188fc7e40e29c7f39db37416e50b7025": ["5", "com.addi.Addi"]}, {"188fc7e40e29c7f39db37416e50b7025": ["5", "com.addi.Addi"]}, {"ffa6e3c2be74a02200562cdc0877c90c": ["1", "com.addi.Addi"]}, {"df197554e1c17e70c743f04e1dcaab24": ["0", "com.addi.Addi"]}, {"188fc7e40e29c7f39db37416e50b7025": ["5", "com.addi.Addi"]}, {"188fc7e40e29c7f39db37416e50b7025": ["5", "com.addi.Addi"]}, {"ffa6e3c2be74a02200562cdc0877c90c": ["1", "com.addi.Addi"]}, {"df197554e1c17e70c743f04e1dcaab24": ["0", "com.addi.Addi"]}, {"188fc7e40e29c7f39db37416e50b7025": ["5", "com.addi.Addi"]}, {"188fc7e40e29c7f39db37416e50b7025": ["5", "com.addi.Addi"]}, {"ffa6e3c2be74a02200562cdc0877c90c": ["1", "com.addi.Addi"]}, {"df197554e1c17e70c743f04e1dcaab24": ["0", "com.addi.Addi"]}, {"188fc7e40e29c7f39db37416e50b7025": ["5", "com.addi.Addi"]}, {"188fc7e40e29c7f39db37416e50b7025": ["5", "com.addi.Addi"]}, {"ffa6e3c2be74a02200562cdc0877c90c": ["1", "com.addi.Addi"]}, {"df197554e1c17e70c743f04e1dcaab24": ["0", "com.addi.Addi"]}, {"188fc7e40e29c7f39db37416e50b7025": ["5", "com.addi.Addi"]}, {"188fc7e40e29c7f39db37416e50b7025": ["5", "com.addi.Addi"]}, {"ffa6e3c2be74a02200562cdc0877c90c": ["1", "com.addi.Addi"]}, {"df197554e1c17e70c743f04e1dcaab24": ["0", "com.addi.Addi"]}, {"188fc7e40e29c7f39db37416e50b7025": ["5", "com.addi.Addi"]}, {"188fc7e40e29c7f39db37416e50b7025": ["5", "com.addi.Addi"]}, {"ffa6e3c2be74a02200562cdc0877c90c": ["1", "com.addi.Addi"]}, {"df197554e1c17e70c743f04e1dcaab24": ["0", "com.addi.Addi"]}, {"188fc7e40e29c7f39db37416e50b7025": ["5", "com.addi.Addi"]}, {"188fc7e40e29c7f39db37416e50b7025": ["5", "com.addi.Addi"]}, {"ffa6e3c2be74a02200562cdc0877c90c": ["1", "com.addi.Addi"]}, {"df197554e1c17e70c743f04e1dcaab24": ["0", "com.addi.Addi"]}, {"188fc7e40e29c7f39db37416e50b7025": ["5", "com.addi.Addi"]}, {"188fc7e40e29c7f39db37416e50b7025": ["5", "com.addi.Addi"]}, {"ffa6e3c2be74a02200562cdc0877c90c": ["1", "com.addi.Addi"]}, {"df197554e1c17e70c743f04e1dcaab24": ["0", "com.addi.Addi"]}, {"188fc7e40e29c7f39db37416e50b7025": ["5", "com.addi.Addi"]}, {"188fc7e40e29c7f39db37416e50b7025": ["5", "com.addi.Addi"]}, {"ffa6e3c2be74a02200562cdc0877c90c": ["1", "com.addi.Addi"]}, {"df197554e1c17e70c743f04e1dcaab24": ["0", "com.addi.Addi"]}, {"188fc7e40e29c7f39db37416e50b7025": ["5", "com.addi.Addi"]}, {"188fc7e40e29c7f39db37416e50b7025": ["5", "com.addi.Addi"]}, {"ffa6e3c2be74a02200562cdc0877c90c": ["1", "com.addi.Addi"]}, {"df197554e1c17e70c743f04e1dcaab24": ["0", "com.addi.Addi"]}, {"188fc7e40e29c7f39db37416e50b7025": ["5", "com.addi.Addi"]}, {"188fc7e40e29c7f39db37416e50b7025": ["5", "com.addi.Addi"]}, {"ffa6e3c2be74a02200562cdc0877c90c": ["1", "com.addi.Addi"]}, {"df197554e1c17e70c743f04e1dcaab24": ["0", "com.addi.Addi"]}, {"188fc7e40e29c7f39db37416e50b7025": ["5", "com.addi.Addi"]}, {"188fc7e40e29c7f39db37416e50b7025": ["5", "com.addi.Addi"]}, {"ffa6e3c2be74a02200562cdc0877c90c": ["1", "com.addi.Addi"]}, {"df197554e1c17e70c743f04e1dcaab24": ["0", "com.addi.Addi"]}, {"188fc7e40e29c7f39db37416e50b7025": ["5", "com.addi.Addi"]}, {"188fc7e40e29c7f39db37416e50b7025": ["5", "com.addi.Addi"]}, {"ffa6e3c2be74a02200562cdc0877c90c": ["1", "com.addi.Addi"]}, {"df197554e1c17e70c743f04e1dcaab24": ["0", "com.addi.Addi"]}, {"188fc7e40e29c7f39db37416e50b7025": ["5", "com.addi.Addi"]}, {"188fc7e40e29c7f39db37416e50b7025": ["5", "com.addi.Addi"]}, {"ffa6e3c2be74a02200562cdc0877c90c": ["1", "com.addi.Addi"]}, {"df197554e1c17e70c743f04e1dcaab24": ["0", "com.addi.Addi"]}, {"188fc7e40e29c7f39db37416e50b7025": ["5", "com.addi.Addi"]}, {"188fc7e40e29c7f39db37416e50b7025": ["5", "com.addi.Addi"]}, {"ffa6e3c2be74a02200562cdc0877c90c": ["1", "com.addi.Addi"]}, {"df197554e1c17e70c743f04e1dcaab24": ["0", "com.addi.Addi"]}, {"188fc7e40e29c7f39db37416e50b7025": ["5", "com.addi.Addi"]}, {"188fc7e40e29c7f39db37416e50b7025": ["5", "com.addi.Addi"]}, {"ffa6e3c2be74a02200562cdc0877c90c": ["1", "com.addi.Addi"]}, {"df197554e1c17e70c743f04e1dcaab24": ["0", "com.addi.Addi"]}, {"188fc7e40e29c7f39db37416e50b7025": ["5", "com.addi.Addi"]}, {"188fc7e40e29c7f39db37416e50b7025": ["5", "com.addi.Addi"]}, {"ffa6e3c2be74a02200562cdc0877c90c": ["1", "com.addi.Addi"]}, {"df197554e1c17e70c743f04e1dcaab24": ["0", "com.addi.Addi"]}, {"188fc7e40e29c7f39db37416e50b7025": ["5", "com.addi.Addi"]}, {"188fc7e40e29c7f39db37416e50b7025": ["5", "com.addi.Addi"]}, {"ffa6e3c2be74a02200562cdc0877c90c": ["1", "com.addi.Addi"]}, {"df197554e1c17e70c743f04e1dcaab24": ["0", "com.addi.Addi"]}, {"188fc7e40e29c7f39db37416e50b7025": ["5", "com.addi.Addi"]}, {"188fc7e40e29c7f39db37416e50b7025": ["5", "com.addi.Addi"]}, {"ffa6e3c2be74a02200562cdc0877c90c": ["1", "com.addi.Addi"]}, {"df197554e1c17e70c743f04e1dcaab24": ["0", "com.addi.Addi"]}, {"188fc7e40e29c7f39db37416e50b7025": ["5", "com.addi.Addi"]}, {"188fc7e40e29c7f39db37416e50b7025": ["5", "com.addi.Addi"]}, {"ffa6e3c2be74a02200562cdc0877c90c": ["1", "com.addi.Addi"]}, {"df197554e1c17e70c743f04e1dcaab24": ["0", "com.addi.Addi"]}, {"188fc7e40e29c7f39db37416e50b7025": ["5", "com.addi.Addi"]}, {"188fc7e40e29c7f39db37416e50b7025": ["5", "com.addi.Addi"]}, {"ffa6e3c2be74a02200562cdc0877c90c": ["1", "com.addi.Addi"]}, {"df197554e1c17e70c743f04e1dcaab24": ["0", "com.addi.Addi"]}, {"188fc7e40e29c7f39db37416e50b7025": ["5", "com.addi.Addi"]}, {"188fc7e40e29c7f39db37416e50b7025": ["5", "com.addi.Addi"]}, {"ffa6e3c2be74a02200562cdc0877c90c": ["1", "com.addi.Addi"]}, {"df197554e1c17e70c743f04e1dcaab24": ["0", "com.addi.Addi"]}, {"188fc7e40e29c7f39db37416e50b7025": ["5", "com.addi.Addi"]}, {"188fc7e40e29c7f39db37416e50b7025": ["5", "com.addi.Addi"]}, {"ffa6e3c2be74a02200562cdc0877c90c": ["1", "com.addi.Addi"]}, {"df197554e1c17e70c743f04e1dcaab24": ["0", "com.addi.Addi"]}, {"188fc7e40e29c7f39db37416e50b7025": ["5", "com.addi.Addi"]}, {"188fc7e40e29c7f39db37416e50b7025": ["5", "com.addi.Addi"]}, {"ffa6e3c2be74a02200562cdc0877c90c": ["1", "com.addi.Addi"]}, {"df197554e1c17e70c743f04e1dcaab24": ["0", "com.addi.Addi"]}, {"188fc7e40e29c7f39db37416e50b7025": ["5", "com.addi.Addi"]}, {"188fc7e40e29c7f39db37416e50b7025": ["5", "com.addi.Addi"]}, {"ffa6e3c2be74a02200562cdc0877c90c": ["1", "com.addi.Addi"]}, {"df197554e1c17e70c743f04e1dcaab24": ["0", "com.addi.Addi"]}, {"188fc7e40e29c7f39db37416e50b7025": ["5", "com.addi.Addi"]}, {"188fc7e40e29c7f39db37416e50b7025": ["5", "com.addi.Addi"]}, {"ffa6e3c2be74a02200562cdc0877c90c": ["1", "com.addi.Addi"]}, {"df197554e1c17e70c743f04e1dcaab24": ["0", "com.addi.Addi"]}, {"188fc7e40e29c7f39db37416e50b7025": ["5", "com.addi.Addi"]}, {"188fc7e40e29c7f39db37416e50b7025": ["5", "com.addi.Addi"]}, {"ffa6e3c2be74a02200562cdc0877c90c": ["1", "com.addi.Addi"]}, {"df197554e1c17e70c743f04e1dcaab24": ["0", "com.addi.Addi"]}, {"188fc7e40e29c7f39db37416e50b7025": ["5", "com.addi.Addi"]}, {"188fc7e40e29c7f39db37416e50b7025": ["5", "com.addi.Addi"]}, {"ffa6e3c2be74a02200562cdc0877c90c": ["1", "com.addi.Addi"]}, {"df197554e1c17e70c743f04e1dcaab24": ["0", "com.addi.Addi"]}, {"188fc7e40e29c7f39db37416e50b7025": ["5", "com.addi.Addi"]}, {"188fc7e40e29c7f39db37416e50b7025": ["5", "com.addi.Addi"]}, {"ffa6e3c2be74a02200562cdc0877c90c": ["1", "com.addi.Addi"]}, {"df197554e1c17e70c743f04e1dcaab24": ["0", "com.addi.Addi"]}, {"188fc7e40e29c7f39db37416e50b7025": ["5", "com.addi.Addi"]}, {"188fc7e40e29c7f39db37416e50b7025": ["5", "com.addi.Addi"]}, {"ffa6e3c2be74a02200562cdc0877c90c": ["1", "com.addi.Addi"]}, {"df197554e1c17e70c743f04e1dcaab24": ["0", "com.addi.Addi"]}, {"188fc7e40e29c7f39db37416e50b7025": ["5", "com.addi.Addi"]}, {"188fc7e40e29c7f39db37416e50b7025": ["5", "com.addi.Addi"]}, {"ffa6e3c2be74a02200562cdc0877c90c": ["1", "com.addi.Addi"]}, {"df197554e1c17e70c743f04e1dcaab24": ["0", "com.addi.Addi"]}, {"188fc7e40e29c7f39db37416e50b7025": ["5", "com.addi.Addi"]}, {"188fc7e40e29c7f39db37416e50b7025": ["5", "com.addi.Addi"]}, {"ffa6e3c2be74a02200562cdc0877c90c": ["1", "com.addi.Addi"]}, {"df197554e1c17e70c743f04e1dcaab24": ["0", "com.addi.Addi"]}, {"188fc7e40e29c7f39db37416e50b7025": ["5", "com.addi.Addi"]}, {"188fc7e40e29c7f39db37416e50b7025": ["5", "com.addi.Addi"]}, {"ffa6e3c2be74a02200562cdc0877c90c": ["1", "com.addi.Addi"]}, {"df197554e1c17e70c743f04e1dcaab24": ["0", "com.addi.Addi"]}, {"188fc7e40e29c7f39db37416e50b7025": ["5", "com.addi.Addi"]}, {"188fc7e40e29c7f39db37416e50b7025": ["5", "com.addi.Addi"]}, {"ffa6e3c2be74a02200562cdc0877c90c": ["1", "com.addi.Addi"]}, {"df197554e1c17e70c743f04e1dcaab24": ["0", "com.addi.Addi"]}, {"188fc7e40e29c7f39db37416e50b7025": ["5", "com.addi.Addi"]}, {"188fc7e40e29c7f39db37416e50b7025": ["5", "com.addi.Addi"]}, {"ffa6e3c2be74a02200562cdc0877c90c": ["1", "com.addi.Addi"]}, {"df197554e1c17e70c743f04e1dcaab24": ["0", "com.addi.Addi"]}, {"188fc7e40e29c7f39db37416e50b7025": ["5", "com.addi.Addi"]}, {"188fc7e40e29c7f39db37416e50b7025": ["5", "com.addi.Addi"]}, {"ffa6e3c2be74a02200562cdc0877c90c": ["1", "com.addi.Addi"]}, {"df197554e1c17e70c743f04e1dcaab24": ["0", "com.addi.Addi"]}, {"188fc7e40e29c7f39db37416e50b7025": ["5", "com.addi.Addi"]}, {"188fc7e40e29c7f39db37416e50b7025": ["5", "com.addi.Addi"]}, {"ffa6e3c2be74a02200562cdc0877c90c": ["1", "com.addi.Addi"]}, {"df197554e1c17e70c743f04e1dcaab24": ["0", "com.addi.Addi"]}, {"188fc7e40e29c7f39db37416e50b7025": ["5", "com.addi.Addi"]}, {"188fc7e40e29c7f39db37416e50b7025": ["5", "com.addi.Addi"]}, {"ffa6e3c2be74a02200562cdc0877c90c": ["1", "com.addi.Addi"]}, {"df197554e1c17e70c743f04e1dcaab24": ["0", "com.addi.Addi"]}, {"188fc7e40e29c7f39db37416e50b7025": ["5", "com.addi.Addi"]}, {"188fc7e40e29c7f39db37416e50b7025": ["5", "com.addi.Addi"]}, {"ffa6e3c2be74a02200562cdc0877c90c": ["1", "com.addi.Addi"]}, {"df197554e1c17e70c743f04e1dcaab24": ["0", "com.addi.Addi"]}, {"188fc7e40e29c7f39db37416e50b7025": ["5", "com.addi.Addi"]}, {"188fc7e40e29c7f39db37416e50b7025": ["5", "com.addi.Addi"]}, {"ffa6e3c2be74a02200562cdc0877c90c": ["1", "com.addi.Addi"]}, {"df197554e1c17e70c743f04e1dcaab24": ["0", "com.addi.Addi"]}, {"188fc7e40e29c7f39db37416e50b7025": ["5", "com.addi.Addi"]}, {"188fc7e40e29c7f39db37416e50b7025": ["5", "com.addi.Addi"]}, {"ffa6e3c2be74a02200562cdc0877c90c": ["1", "com.addi.Addi"]}, {"df197554e1c17e70c743f04e1dcaab24": ["0", "com.addi.Addi"]}, {"188fc7e40e29c7f39db37416e50b7025": ["5", "com.addi.Addi"]}, {"188fc7e40e29c7f39db37416e50b7025": ["5", "com.addi.Addi"]}, {"ffa6e3c2be74a02200562cdc0877c90c": ["1", "com.addi.Addi"]}, {"df197554e1c17e70c743f04e1dcaab24": ["0", "com.addi.Addi"]}, {"188fc7e40e29c7f39db37416e50b7025": ["5", "com.addi.Addi"]}, {"188fc7e40e29c7f39db37416e50b7025": ["5", "com.addi.Addi"]}, {"ffa6e3c2be74a02200562cdc0877c90c": ["1", "com.addi.Addi"]}, {"df197554e1c17e70c743f04e1dcaab24": ["0", "com.addi.Addi"]}, {"188fc7e40e29c7f39db37416e50b7025": ["5", "com.addi.Addi"]}, {"188fc7e40e29c7f39db37416e50b7025": ["5", "com.addi.Addi"]}, {"ffa6e3c2be74a02200562cdc0877c90c": ["1", "com.addi.Addi"]}, {"df197554e1c17e70c743f04e1dcaab24": ["0", "com.addi.Addi"]}, {"188fc7e40e29c7f39db37416e50b7025": ["5", "com.addi.Addi"]}, {"188fc7e40e29c7f39db37416e50b7025": ["5", "com.addi.Addi"]}, {"ffa6e3c2be74a02200562cdc0877c90c": ["1", "com.addi.Addi"]}, {"df197554e1c17e70c743f04e1dcaab24": ["0", "com.addi.Addi"]}, {"188fc7e40e29c7f39db37416e50b7025": ["5", "com.addi.Addi"]}, {"188fc7e40e29c7f39db37416e50b7025": ["5", "com.addi.Addi"]}, {"ffa6e3c2be74a02200562cdc0877c90c": ["1", "com.addi.Addi"]}, {"df197554e1c17e70c743f04e1dcaab24": ["0", "com.addi.Addi"]}, {"188fc7e40e29c7f39db37416e50b7025": ["5", "com.addi.Addi"]}, {"188fc7e40e29c7f39db37416e50b7025": ["5", "com.addi.Addi"]}, {"ffa6e3c2be74a02200562cdc0877c90c": ["1", "com.addi.Addi"]}, {"df197554e1c17e70c743f04e1dcaab24": ["0", "com.addi.Addi"]}, {"188fc7e40e29c7f39db37416e50b7025": ["5", "com.addi.Addi"]}, {"188fc7e40e29c7f39db37416e50b7025": ["5", "com.addi.Addi"]}, {"ffa6e3c2be74a02200562cdc0877c90c": ["1", "com.addi.Addi"]}, {"df197554e1c17e70c743f04e1dcaab24": ["0", "com.addi.Addi"]}, {"188fc7e40e29c7f39db37416e50b7025": ["5", "com.addi.Addi"]}, {"188fc7e40e29c7f39db37416e50b7025": ["5", "com.addi.Addi"]}, {"ffa6e3c2be74a02200562cdc0877c90c": ["1", "com.addi.Addi"]}, {"df197554e1c17e70c743f04e1dcaab24": ["0", "com.addi.Addi"]}, {"188fc7e40e29c7f39db37416e50b7025": ["5", "com.addi.Addi"]}, {"188fc7e40e29c7f39db37416e50b7025": ["5", "com.addi.Addi"]}, {"ffa6e3c2be74a02200562cdc0877c90c": ["1", "com.addi.Addi"]}, {"df197554e1c17e70c743f04e1dcaab24": ["0", "com.addi.Addi"]}, {"188fc7e40e29c7f39db37416e50b7025": ["5", "com.addi.Addi"]}, {"188fc7e40e29c7f39db37416e50b7025": ["5", "com.addi.Addi"]}, {"ffa6e3c2be74a02200562cdc0877c90c": ["1", "com.addi.Addi"]}, {"df197554e1c17e70c743f04e1dcaab24": ["0", "com.addi.Addi"]}, {"188fc7e40e29c7f39db37416e50b7025": ["5", "com.addi.Addi"]}, {"188fc7e40e29c7f39db37416e50b7025": ["5", "com.addi.Addi"]}, {"ffa6e3c2be74a02200562cdc0877c90c": ["1", "com.addi.Addi"]}, {"df197554e1c17e70c743f04e1dcaab24": ["0", "com.addi.Addi"]}, {"188fc7e40e29c7f39db37416e50b7025": ["5", "com.addi.Addi"]}, {"188fc7e40e29c7f39db37416e50b7025": ["5", "com.addi.Addi"]}, {"ffa6e3c2be74a02200562cdc0877c90c": ["1", "com.addi.Addi"]}, {"df197554e1c17e70c743f04e1dcaab24": ["0", "com.addi.Addi"]}, {"188fc7e40e29c7f39db37416e50b7025": ["5", "com.addi.Addi"]}, {"188fc7e40e29c7f39db37416e50b7025": ["5", "com.addi.Addi"]}, {"ffa6e3c2be74a02200562cdc0877c90c": ["1", "com.addi.Addi"]}, {"df197554e1c17e70c743f04e1dcaab24": ["0", "com.addi.Addi"]}, {"188fc7e40e29c7f39db37416e50b7025": ["5", "com.addi.Addi"]}, {"188fc7e40e29c7f39db37416e50b7025": ["5", "com.addi.Addi"]}, {"ffa6e3c2be74a02200562cdc0877c90c": ["1", "com.addi.Addi"]}, {"df197554e1c17e70c743f04e1dcaab24": ["0", "com.addi.Addi"]}, {"188fc7e40e29c7f39db37416e50b7025": ["5", "com.addi.Addi"]}, {"188fc7e40e29c7f39db37416e50b7025": ["5", "com.addi.Addi"]}, {"ffa6e3c2be74a02200562cdc0877c90c": ["1", "com.addi.Addi"]}, {"df197554e1c17e70c743f04e1dcaab24": ["0", "com.addi.Addi"]}, {"188fc7e40e29c7f39db37416e50b7025": ["5", "com.addi.Addi"]}, {"188fc7e40e29c7f39db37416e50b7025": ["5", "com.addi.Addi"]}, {"ffa6e3c2be74a02200562cdc0877c90c": ["1", "com.addi.Addi"]}, {"df197554e1c17e70c743f04e1dcaab24": ["0", "com.addi.Addi"]}, {"188fc7e40e29c7f39db37416e50b7025": ["5", "com.addi.Addi"]}, {"188fc7e40e29c7f39db37416e50b7025": ["5", "com.addi.Addi"]}, {"ffa6e3c2be74a02200562cdc0877c90c": ["1", "com.addi.Addi"]}, {"df197554e1c17e70c743f04e1dcaab24": ["0", "com.addi.Addi"]}, {"188fc7e40e29c7f39db37416e50b7025": ["5", "com.addi.Addi"]}, {"188fc7e40e29c7f39db37416e50b7025": ["5", "com.addi.Addi"]}, {"ffa6e3c2be74a02200562cdc0877c90c": ["1", "com.addi.Addi"]}, {"df197554e1c17e70c743f04e1dcaab24": ["0", "com.addi.Addi"]}, {"188fc7e40e29c7f39db37416e50b7025": ["5", "com.addi.Addi"]}, {"188fc7e40e29c7f39db37416e50b7025": ["5", "com.addi.Addi"]}, {"ffa6e3c2be74a02200562cdc0877c90c": ["1", "com.addi.Addi"]}, {"df197554e1c17e70c743f04e1dcaab24": ["0", "com.addi.Addi"]}, {"188fc7e40e29c7f39db37416e50b7025": ["5", "com.addi.Addi"]}, {"188fc7e40e29c7f39db37416e50b7025": ["5", "com.addi.Addi"]}, {"ffa6e3c2be74a02200562cdc0877c90c": ["1", "com.addi.Addi"]}, {"df197554e1c17e70c743f04e1dcaab24": ["0", "com.addi.Addi"]}, {"188fc7e40e29c7f39db37416e50b7025": ["5", "com.addi.Addi"]}, {"188fc7e40e29c7f39db37416e50b7025": ["5", "com.addi.Addi"]}, {"ffa6e3c2be74a02200562cdc0877c90c": ["1", "com.addi.Addi"]}, {"df197554e1c17e70c743f04e1dcaab24": ["0", "com.addi.Addi"]}, {"188fc7e40e29c7f39db37416e50b7025": ["5", "com.addi.Addi"]}, {"188fc7e40e29c7f39db37416e50b7025": ["5", "com.addi.Addi"]}, {"ffa6e3c2be74a02200562cdc0877c90c": ["1", "com.addi.Addi"]}, {"df197554e1c17e70c743f04e1dcaab24": ["0", "com.addi.Addi"]}, {"188fc7e40e29c7f39db37416e50b7025": ["5", "com.addi.Addi"]}, {"188fc7e40e29c7f39db37416e50b7025": ["5", "com.addi.Addi"]}, {"ffa6e3c2be74a02200562cdc0877c90c": ["1", "com.addi.Addi"]}, {"df197554e1c17e70c743f04e1dcaab24": ["0", "com.addi.Addi"]}, {"188fc7e40e29c7f39db37416e50b7025": ["5", "com.addi.Addi"]}, {"188fc7e40e29c7f39db37416e50b7025": ["5", "com.addi.Addi"]}, {"ffa6e3c2be74a02200562cdc0877c90c": ["1", "com.addi.Addi"]}, {"df197554e1c17e70c743f04e1dcaab24": ["0", "com.addi.Addi"]}, {"188fc7e40e29c7f39db37416e50b7025": ["5", "com.addi.Addi"]}, {"188fc7e40e29c7f39db37416e50b7025": ["5", "com.addi.Addi"]}, {"ffa6e3c2be74a02200562cdc0877c90c": ["1", "com.addi.Addi"]}, {"df197554e1c17e70c743f04e1dcaab24": ["0", "com.addi.Addi"]}, {"188fc7e40e29c7f39db37416e50b7025": ["5", "com.addi.Addi"]}, {"188fc7e40e29c7f39db37416e50b7025": ["5", "com.addi.Addi"]}, {"ffa6e3c2be74a02200562cdc0877c90c": ["1", "com.addi.Addi"]}, {"df197554e1c17e70c743f04e1dcaab24": ["0", "com.addi.Addi"]}, {"188fc7e40e29c7f39db37416e50b7025": ["5", "com.addi.Addi"]}, {"188fc7e40e29c7f39db37416e50b7025": ["5", "com.addi.Addi"]}, {"ffa6e3c2be74a02200562cdc0877c90c": ["1", "com.addi.Addi"]}, {"df197554e1c17e70c743f04e1dcaab24": ["0", "com.addi.Addi"]}, {"188fc7e40e29c7f39db37416e50b7025": ["5", "com.addi.Addi"]}, {"188fc7e40e29c7f39db37416e50b7025": ["5", "com.addi.Addi"]}, {"ffa6e3c2be74a02200562cdc0877c90c": ["1", "com.addi.Addi"]}, {"df197554e1c17e70c743f04e1dcaab24": ["0", "com.addi.Addi"]}, {"188fc7e40e29c7f39db37416e50b7025": ["5", "com.addi.Addi"]}, {"188fc7e40e29c7f39db37416e50b7025": ["5", "com.addi.Addi"]}, {"ffa6e3c2be74a02200562cdc0877c90c": ["1", "com.addi.Addi"]}, {"df197554e1c17e70c743f04e1dcaab24": ["0", "com.addi.Addi"]}, {"188fc7e40e29c7f39db37416e50b7025": ["5", "com.addi.Addi"]}, {"188fc7e40e29c7f39db37416e50b7025": ["5", "com.addi.Addi"]}, {"ffa6e3c2be74a02200562cdc0877c90c": ["1", "com.addi.Addi"]}, {"df197554e1c17e70c743f04e1dcaab24": ["0", "com.addi.Addi"]}, {"188fc7e40e29c7f39db37416e50b7025": ["5", "com.addi.Addi"]}, {"188fc7e40e29c7f39db37416e50b7025": ["5", "com.addi.Addi"]}, {"ffa6e3c2be74a02200562cdc0877c90c": ["1", "com.addi.Addi"]}, {"df197554e1c17e70c743f04e1dcaab24": ["0", "com.addi.Addi"]}, {"188fc7e40e29c7f39db37416e50b7025": ["5", "com.addi.Addi"]}, {"188fc7e40e29c7f39db37416e50b7025": ["5", "com.addi.Addi"]}, {"ffa6e3c2be74a02200562cdc0877c90c": ["1", "com.addi.Addi"]}, {"df197554e1c17e70c743f04e1dcaab24": ["0", "com.addi.Addi"]}, {"188fc7e40e29c7f39db37416e50b7025": ["5", "com.addi.Addi"]}, {"188fc7e40e29c7f39db37416e50b7025": ["5", "com.addi.Addi"]}, {"ffa6e3c2be74a02200562cdc0877c90c": ["1", "com.addi.Addi"]}, {"df197554e1c17e70c743f04e1dcaab24": ["0", "com.addi.Addi"]}, {"188fc7e40e29c7f39db37416e50b7025": ["5", "com.addi.Addi"]}, {"188fc7e40e29c7f39db37416e50b7025": ["5", "com.addi.Addi"]}, {"ffa6e3c2be74a02200562cdc0877c90c": ["1", "com.addi.Addi"]}, {"df197554e1c17e70c743f04e1dcaab24": ["0", "com.addi.Addi"]}, {"188fc7e40e29c7f39db37416e50b7025": ["5", "com.addi.Addi"]}, {"188fc7e40e29c7f39db37416e50b7025": ["5", "com.addi.Addi"]}, {"ffa6e3c2be74a02200562cdc0877c90c": ["1", "com.addi.Addi"]}, {"df197554e1c17e70c743f04e1dcaab24": ["0", "com.addi.Addi"]}, {"188fc7e40e29c7f39db37416e50b7025": ["5", "com.addi.Addi"]}, {"188fc7e40e29c7f39db37416e50b7025": ["5", "com.addi.Addi"]}, {"ffa6e3c2be74a02200562cdc0877c90c": ["1", "com.addi.Addi"]}, {"df197554e1c17e70c743f04e1dcaab24": ["0", "com.addi.Addi"]}, {"188fc7e40e29c7f39db37416e50b7025": ["5", "com.addi.Addi"]}, {"188fc7e40e29c7f39db37416e50b7025": ["5", "com.addi.Addi"]}, {"ffa6e3c2be74a02200562cdc0877c90c": ["1", "com.addi.Addi"]}, {"df197554e1c17e70c743f04e1dcaab24": ["0", "com.addi.Addi"]}, {"188fc7e40e29c7f39db37416e50b7025": ["5", "com.addi.Addi"]}, {"188fc7e40e29c7f39db37416e50b7025": ["5", "com.addi.Addi"]}, {"ffa6e3c2be74a02200562cdc0877c90c": ["1", "com.addi.Addi"]}, {"df197554e1c17e70c743f04e1dcaab24": ["0", "com.addi.Addi"]}, {"188fc7e40e29c7f39db37416e50b7025": ["5", "com.addi.Addi"]}, {"188fc7e40e29c7f39db37416e50b7025": ["5", "com.addi.Addi"]}, {"ffa6e3c2be74a02200562cdc0877c90c": ["1", "com.addi.Addi"]}, {"df197554e1c17e70c743f04e1dcaab24": ["0", "com.addi.Addi"]}, {"188fc7e40e29c7f39db37416e50b7025": ["5", "com.addi.Addi"]}, {"188fc7e40e29c7f39db37416e50b7025": ["5", "com.addi.Addi"]}, {"ffa6e3c2be74a02200562cdc0877c90c": ["1", "com.addi.Addi"]}, {"df197554e1c17e70c743f04e1dcaab24": ["0", "com.addi.Addi"]}, {"188fc7e40e29c7f39db37416e50b7025": ["5", "com.addi.Addi"]}, {"188fc7e40e29c7f39db37416e50b7025": ["5", "com.addi.Addi"]}, {"ffa6e3c2be74a02200562cdc0877c90c": ["1", "com.addi.Addi"]}, {"df197554e1c17e70c743f04e1dcaab24": ["0", "com.addi.Addi"]}, {"188fc7e40e29c7f39db37416e50b7025": ["5", "com.addi.Addi"]}, {"188fc7e40e29c7f39db37416e50b7025": ["5", "com.addi.Addi"]}, {"ffa6e3c2be74a02200562cdc0877c90c": ["1", "com.addi.Addi"]}, {"df197554e1c17e70c743f04e1dcaab24": ["0", "com.addi.Addi"]}, {"188fc7e40e29c7f39db37416e50b7025": ["5", "com.addi.Addi"]}, {"188fc7e40e29c7f39db37416e50b7025": ["5", "com.addi.Addi"]}, {"ffa6e3c2be74a02200562cdc0877c90c": ["1", "com.addi.Addi"]}, {"df197554e1c17e70c743f04e1dcaab24": ["0", "com.addi.Addi"]}, {"ffa6e3c2be74a02200562cdc0877c90c": ["1", "com.addi.Addi"]}, {"df197554e1c17e70c743f04e1dcaab24": ["0", "com.addi.Addi"]}, {"188fc7e40e29c7f39db37416e50b7025": ["5", "com.addi.Addi"]}, {"188fc7e40e29c7f39db37416e50b7025": ["5", "com.addi.Addi"]}, {"ffa6e3c2be74a02200562cdc0877c90c": ["1", "com.addi.Addi"]}, {"df197554e1c17e70c743f04e1dcaab24": ["0", "com.addi.Addi"]}, {"188fc7e40e29c7f39db37416e50b7025": ["5", "com.addi.Addi"]}, {"188fc7e40e29c7f39db37416e50b7025": ["5", "com.addi.Addi"]}, {"ffa6e3c2be74a02200562cdc0877c90c": ["1", "com.addi.Addi"]}, {"df197554e1c17e70c743f04e1dcaab24": ["0", "com.addi.Addi"]}, {"188fc7e40e29c7f39db37416e50b7025": ["5", "com.addi.Addi"]}, {"188fc7e40e29c7f39db37416e50b7025": ["5", "com.addi.Addi"]}, {"ffa6e3c2be74a02200562cdc0877c90c": ["1", "com.addi.Addi"]}, {"df197554e1c17e70c743f04e1dcaab24": ["0", "com.addi.Addi"]}, {"188fc7e40e29c7f39db37416e50b7025": ["5", "com.addi.Addi"]}, {"188fc7e40e29c7f39db37416e50b7025": ["5", "com.addi.Addi"]}, {"ffa6e3c2be74a02200562cdc0877c90c": ["1", "com.addi.Addi"]}, {"df197554e1c17e70c743f04e1dcaab24": ["0", "com.addi.Addi"]}, {"188fc7e40e29c7f39db37416e50b7025": ["5", "com.addi.Addi"]}, {"188fc7e40e29c7f39db37416e50b7025": ["5", "com.addi.Addi"]}, {"ffa6e3c2be74a02200562cdc0877c90c": ["1", "com.addi.Addi"]}, {"df197554e1c17e70c743f04e1dcaab24": ["0", "com.addi.Addi"]}, {"188fc7e40e29c7f39db37416e50b7025": ["5", "com.addi.Addi"]}, {"188fc7e40e29c7f39db37416e50b7025": ["5", "com.addi.Addi"]}, {"ffa6e3c2be74a02200562cdc0877c90c": ["1", "com.addi.Addi"]}, {"df197554e1c17e70c743f04e1dcaab24": ["0", "com.addi.Addi"]}, {"188fc7e40e29c7f39db37416e50b7025": ["5", "com.addi.Addi"]}, {"188fc7e40e29c7f39db37416e50b7025": ["5", "com.addi.Addi"]}, {"ffa6e3c2be74a02200562cdc0877c90c": ["1", "com.addi.Addi"]}, {"df197554e1c17e70c743f04e1dcaab24": ["0", "com.addi.Addi"]}, {"188fc7e40e29c7f39db37416e50b7025": ["5", "com.addi.Addi"]}, {"188fc7e40e29c7f39db37416e50b7025": ["5", "com.addi.Addi"]}, {"ffa6e3c2be74a02200562cdc0877c90c": ["1", "com.addi.Addi"]}, {"df197554e1c17e70c743f04e1dcaab24": ["0", "com.addi.Addi"]}, {"188fc7e40e29c7f39db37416e50b7025": ["5", "com.addi.Addi"]}, {"188fc7e40e29c7f39db37416e50b7025": ["5", "com.addi.Addi"]}, {"ffa6e3c2be74a02200562cdc0877c90c": ["1", "com.addi.Addi"]}, {"df197554e1c17e70c743f04e1dcaab24": ["0", "com.addi.Addi"]}, {"188fc7e40e29c7f39db37416e50b7025": ["5", "com.addi.Addi"]}, {"188fc7e40e29c7f39db37416e50b7025": ["5", "com.addi.Addi"]}, {"ffa6e3c2be74a02200562cdc0877c90c": ["1", "com.addi.Addi"]}, {"df197554e1c17e70c743f04e1dcaab24": ["0", "com.addi.Addi"]}, {"188fc7e40e29c7f39db37416e50b7025": ["5", "com.addi.Addi"]}, {"188fc7e40e29c7f39db37416e50b7025": ["5", "com.addi.Addi"]}, {"ffa6e3c2be74a02200562cdc0877c90c": ["1", "com.addi.Addi"]}, {"df197554e1c17e70c743f04e1dcaab24": ["0", "com.addi.Addi"]}, {"188fc7e40e29c7f39db37416e50b7025": ["5", "com.addi.Addi"]}, {"188fc7e40e29c7f39db37416e50b7025": ["5", "com.addi.Addi"]}, {"ffa6e3c2be74a02200562cdc0877c90c": ["1", "com.addi.Addi"]}, {"df197554e1c17e70c743f04e1dcaab24": ["0", "com.addi.Addi"]}, {"188fc7e40e29c7f39db37416e50b7025": ["5", "com.addi.Addi"]}, {"188fc7e40e29c7f39db37416e50b7025": ["5", "com.addi.Addi"]}, {"ffa6e3c2be74a02200562cdc0877c90c": ["1", "com.addi.Addi"]}, {"df197554e1c17e70c743f04e1dcaab24": ["0", "com.addi.Addi"]}, {"188fc7e40e29c7f39db37416e50b7025": ["5", "com.addi.Addi"]}, {"188fc7e40e29c7f39db37416e50b7025": ["5", "com.addi.Addi"]}, {"ffa6e3c2be74a02200562cdc0877c90c": ["1", "com.addi.Addi"]}, {"df197554e1c17e70c743f04e1dcaab24": ["0", "com.addi.Addi"]}, {"188fc7e40e29c7f39db37416e50b7025": ["5", "com.addi.Addi"]}, {"188fc7e40e29c7f39db37416e50b7025": ["5", "com.addi.Addi"]}, {"ffa6e3c2be74a02200562cdc0877c90c": ["1", "com.addi.Addi"]}, {"df197554e1c17e70c743f04e1dcaab24": ["0", "com.addi.Addi"]}, {"188fc7e40e29c7f39db37416e50b7025": ["5", "com.addi.Addi"]}, {"188fc7e40e29c7f39db37416e50b7025": ["5", "com.addi.Addi"]}, {"ffa6e3c2be74a02200562cdc0877c90c": ["1", "com.addi.Addi"]}, {"df197554e1c17e70c743f04e1dcaab24": ["0", "com.addi.Addi"]}, {"188fc7e40e29c7f39db37416e50b7025": ["5", "com.addi.Addi"]}, {"188fc7e40e29c7f39db37416e50b7025": ["5", "com.addi.Addi"]}, {"ffa6e3c2be74a02200562cdc0877c90c": ["1", "com.addi.Addi"]}, {"df197554e1c17e70c743f04e1dcaab24": ["0", "com.addi.Addi"]}, {"188fc7e40e29c7f39db37416e50b7025": ["5", "com.addi.Addi"]}, {"188fc7e40e29c7f39db37416e50b7025": ["5", "com.addi.Addi"]}, {"ffa6e3c2be74a02200562cdc0877c90c": ["1", "com.addi.Addi"]}, {"df197554e1c17e70c743f04e1dcaab24": ["0", "com.addi.Addi"]}, {"188fc7e40e29c7f39db37416e50b7025": ["5", "com.addi.Addi"]}, {"188fc7e40e29c7f39db37416e50b7025": ["5", "com.addi.Addi"]}, {"ffa6e3c2be74a02200562cdc0877c90c": ["1", "com.addi.Addi"]}, {"df197554e1c17e70c743f04e1dcaab24": ["0", "com.addi.Addi"]}, {"188fc7e40e29c7f39db37416e50b7025": ["5", "com.addi.Addi"]}, {"188fc7e40e29c7f39db37416e50b7025": ["5", "com.addi.Addi"]}, {"ffa6e3c2be74a02200562cdc0877c90c": ["1", "com.addi.Addi"]}, {"df197554e1c17e70c743f04e1dcaab24": ["0", "com.addi.Addi"]}, {"188fc7e40e29c7f39db37416e50b7025": ["5", "com.addi.Addi"]}, {"188fc7e40e29c7f39db37416e50b7025": ["5", "com.addi.Addi"]}, {"ffa6e3c2be74a02200562cdc0877c90c": ["1", "com.addi.Addi"]}, {"df197554e1c17e70c743f04e1dcaab24": ["0", "com.addi.Addi"]}, {"188fc7e40e29c7f39db37416e50b7025": ["5", "com.addi.Addi"]}, {"188fc7e40e29c7f39db37416e50b7025": ["5", "com.addi.Addi"]}, {"ffa6e3c2be74a02200562cdc0877c90c": ["1", "com.addi.Addi"]}, {"df197554e1c17e70c743f04e1dcaab24": ["0", "com.addi.Addi"]}, {"188fc7e40e29c7f39db37416e50b7025": ["5", "com.addi.Addi"]}, {"188fc7e40e29c7f39db37416e50b7025": ["5", "com.addi.Addi"]}, {"ffa6e3c2be74a02200562cdc0877c90c": ["1", "com.addi.Addi"]}, {"df197554e1c17e70c743f04e1dcaab24": ["0", "com.addi.Addi"]}, {"188fc7e40e29c7f39db37416e50b7025": ["5", "com.addi.Addi"]}, {"188fc7e40e29c7f39db37416e50b7025": ["5", "com.addi.Addi"]}, {"ffa6e3c2be74a02200562cdc0877c90c": ["1", "com.addi.Addi"]}, {"df197554e1c17e70c743f04e1dcaab24": ["0", "com.addi.Addi"]}, {"188fc7e40e29c7f39db37416e50b7025": ["5", "com.addi.Addi"]}, {"188fc7e40e29c7f39db37416e50b7025": ["5", "com.addi.Addi"]}, {"ffa6e3c2be74a02200562cdc0877c90c": ["1", "com.addi.Addi"]}, {"df197554e1c17e70c743f04e1dcaab24": ["0", "com.addi.Addi"]}, {"188fc7e40e29c7f39db37416e50b7025": ["5", "com.addi.Addi"]}, {"188fc7e40e29c7f39db37416e50b7025": ["5", "com.addi.Addi"]}, {"ffa6e3c2be74a02200562cdc0877c90c": ["1", "com.addi.Addi"]}, {"df197554e1c17e70c743f04e1dcaab24": ["0", "com.addi.Addi"]}, {"188fc7e40e29c7f39db37416e50b7025": ["5", "com.addi.Addi"]}, {"188fc7e40e29c7f39db37416e50b7025": ["5", "com.addi.Addi"]}, {"ffa6e3c2be74a02200562cdc0877c90c": ["1", "com.addi.Addi"]}, {"df197554e1c17e70c743f04e1dcaab24": ["0", "com.addi.Addi"]}, {"188fc7e40e29c7f39db37416e50b7025": ["5", "com.addi.Addi"]}, {"188fc7e40e29c7f39db37416e50b7025": ["5", "com.addi.Addi"]}, {"ffa6e3c2be74a02200562cdc0877c90c": ["1", "com.addi.Addi"]}, {"df197554e1c17e70c743f04e1dcaab24": ["0", "com.addi.Addi"]}, {"188fc7e40e29c7f39db37416e50b7025": ["5", "com.addi.Addi"]}, {"188fc7e40e29c7f39db37416e50b7025": ["5", "com.addi.Addi"]}, {"ffa6e3c2be74a02200562cdc0877c90c": ["1", "com.addi.Addi"]}, {"df197554e1c17e70c743f04e1dcaab24": ["0", "com.addi.Addi"]}, {"188fc7e40e29c7f39db37416e50b7025": ["5", "com.addi.Addi"]}, {"188fc7e40e29c7f39db37416e50b7025": ["5", "com.addi.Addi"]}, {"ffa6e3c2be74a02200562cdc0877c90c": ["1", "com.addi.Addi"]}, {"df197554e1c17e70c743f04e1dcaab24": ["0", "com.addi.Addi"]}, {"188fc7e40e29c7f39db37416e50b7025": ["5", "com.addi.Addi"]}, {"188fc7e40e29c7f39db37416e50b7025": ["5", "com.addi.Addi"]}, {"ffa6e3c2be74a02200562cdc0877c90c": ["1", "com.addi.Addi"]}, {"df197554e1c17e70c743f04e1dcaab24": ["0", "com.addi.Addi"]}, {"188fc7e40e29c7f39db37416e50b7025": ["5", "com.addi.Addi"]}, {"188fc7e40e29c7f39db37416e50b7025": ["5", "com.addi.Addi"]}, {"ffa6e3c2be74a02200562cdc0877c90c": ["1", "com.addi.Addi"]}, {"df197554e1c17e70c743f04e1dcaab24": ["0", "com.addi.Addi"]}, {"188fc7e40e29c7f39db37416e50b7025": ["5", "com.addi.Addi"]}, {"188fc7e40e29c7f39db37416e50b7025": ["5", "com.addi.Addi"]}, {"ffa6e3c2be74a02200562cdc0877c90c": ["1", "com.addi.Addi"]}, {"df197554e1c17e70c743f04e1dcaab24": ["0", "com.addi.Addi"]}, {"188fc7e40e29c7f39db37416e50b7025": ["5", "com.addi.Addi"]}, {"188fc7e40e29c7f39db37416e50b7025": ["5", "com.addi.Addi"]}, {"ffa6e3c2be74a02200562cdc0877c90c": ["1", "com.addi.Addi"]}, {"df197554e1c17e70c743f04e1dcaab24": ["0", "com.addi.Addi"]}, {"188fc7e40e29c7f39db37416e50b7025": ["5", "com.addi.Addi"]}, {"188fc7e40e29c7f39db37416e50b7025": ["5", "com.addi.Addi"]}, {"ffa6e3c2be74a02200562cdc0877c90c": ["1", "com.addi.Addi"]}, {"df197554e1c17e70c743f04e1dcaab24": ["0", "com.addi.Addi"]}, {"188fc7e40e29c7f39db37416e50b7025": ["5", "com.addi.Addi"]}, {"188fc7e40e29c7f39db37416e50b7025": ["5", "com.addi.Addi"]}, {"ffa6e3c2be74a02200562cdc0877c90c": ["1", "com.addi.Addi"]}, {"df197554e1c17e70c743f04e1dcaab24": ["0", "com.addi.Addi"]}, {"188fc7e40e29c7f39db37416e50b7025": ["5", "com.addi.Addi"]}, {"188fc7e40e29c7f39db37416e50b7025": ["5", "com.addi.Addi"]}, {"ffa6e3c2be74a02200562cdc0877c90c": ["1", "com.addi.Addi"]}, {"df197554e1c17e70c743f04e1dcaab24": ["0", "com.addi.Addi"]}, {"188fc7e40e29c7f39db37416e50b7025": ["5", "com.addi.Addi"]}, {"188fc7e40e29c7f39db37416e50b7025": ["5", "com.addi.Addi"]}, {"ffa6e3c2be74a02200562cdc0877c90c": ["1", "com.addi.Addi"]}, {"df197554e1c17e70c743f04e1dcaab24": ["0", "com.addi.Addi"]}, {"188fc7e40e29c7f39db37416e50b7025": ["5", "com.addi.Addi"]}, {"188fc7e40e29c7f39db37416e50b7025": ["5", "com.addi.Addi"]}, {"ffa6e3c2be74a02200562cdc0877c90c": ["1", "com.addi.Addi"]}, {"df197554e1c17e70c743f04e1dcaab24": ["0", "com.addi.Addi"]}, {"188fc7e40e29c7f39db37416e50b7025": ["5", "com.addi.Addi"]}, {"ffa6e3c2be74a02200562cdc0877c90c": ["1", "com.addi.Addi"]}, {"df197554e1c17e70c743f04e1dcaab24": ["0", "com.addi.Addi"]}, {"188fc7e40e29c7f39db37416e50b7025": ["5", "com.addi.Addi"]}, {"188fc7e40e29c7f39db37416e50b7025": ["5", "com.addi.Addi"]}, {"ffa6e3c2be74a02200562cdc0877c90c": ["1", "com.addi.Addi"]}, {"df197554e1c17e70c743f04e1dcaab24": ["0", "com.addi.Addi"]}, {"188fc7e40e29c7f39db37416e50b7025": ["5", "com.addi.Addi"]}, {"188fc7e40e29c7f39db37416e50b7025": ["5", "com.addi.Addi"]}, {"ffa6e3c2be74a02200562cdc0877c90c": ["1", "com.addi.Addi"]}, {"df197554e1c17e70c743f04e1dcaab24": ["0", "com.addi.Addi"]}, {"188fc7e40e29c7f39db37416e50b7025": ["5", "com.addi.Addi"]}, {"188fc7e40e29c7f39db37416e50b7025": ["5", "com.addi.Addi"]}, {"ffa6e3c2be74a02200562cdc0877c90c": ["1", "com.addi.Addi"]}, {"df197554e1c17e70c743f04e1dcaab24": ["0", "com.addi.Addi"]}, {"188fc7e40e29c7f39db37416e50b7025": ["5", "com.addi.Addi"]}, {"188fc7e40e29c7f39db37416e50b7025": ["5", "com.addi.Addi"]}, {"ffa6e3c2be74a02200562cdc0877c90c": ["1", "com.addi.Addi"]}, {"df197554e1c17e70c743f04e1dcaab24": ["0", "com.addi.Addi"]}, {"188fc7e40e29c7f39db37416e50b7025": ["5", "com.addi.Addi"]}, {"ffa6e3c2be74a02200562cdc0877c90c": ["1", "com.addi.Addi"]}, {"df197554e1c17e70c743f04e1dcaab24": ["0", "com.addi.Addi"]}, {"188fc7e40e29c7f39db37416e50b7025": ["5", "com.addi.Addi"]}, {"188fc7e40e29c7f39db37416e50b7025": ["5", "com.addi.Addi"]}, {"ffa6e3c2be74a02200562cdc0877c90c": ["1", "com.addi.Addi"]}, {"df197554e1c17e70c743f04e1dcaab24": ["0", "com.addi.Addi"]}, {"188fc7e40e29c7f39db37416e50b7025": ["5", "com.addi.Addi"]}, {"188fc7e40e29c7f39db37416e50b7025": ["5", "com.addi.Addi"]}, {"ffa6e3c2be74a02200562cdc0877c90c": ["1", "com.addi.Addi"]}, {"df197554e1c17e70c743f04e1dcaab24": ["0", "com.addi.Addi"]}, {"188fc7e40e29c7f39db37416e50b7025": ["5", "com.addi.Addi"]}, {"188fc7e40e29c7f39db37416e50b7025": ["5", "com.addi.Addi"]}, {"ffa6e3c2be74a02200562cdc0877c90c": ["1", "com.addi.Addi"]}, {"df197554e1c17e70c743f04e1dcaab24": ["0", "com.addi.Addi"]}, {"188fc7e40e29c7f39db37416e50b7025": ["5", "com.addi.Addi"]}, {"188fc7e40e29c7f39db37416e50b7025": ["5", "com.addi.Addi"]}, {"ffa6e3c2be74a02200562cdc0877c90c": ["1", "com.addi.Addi"]}, {"df197554e1c17e70c743f04e1dcaab24": ["0", "com.addi.Addi"]}, {"188fc7e40e29c7f39db37416e50b7025": ["5", "com.addi.Addi"]}, {"188fc7e40e29c7f39db37416e50b7025": ["5", "com.addi.Addi"]}, {"ffa6e3c2be74a02200562cdc0877c90c": ["1", "com.addi.Addi"]}, {"df197554e1c17e70c743f04e1dcaab24": ["0", "com.addi.Addi"]}, {"188fc7e40e29c7f39db37416e50b7025": ["5", "com.addi.Addi"]}, {"188fc7e40e29c7f39db37416e50b7025": ["5", "com.addi.Addi"]}, {"ffa6e3c2be74a02200562cdc0877c90c": ["1", "com.addi.Addi"]}, {"df197554e1c17e70c743f04e1dcaab24": ["0", "com.addi.Addi"]}, {"188fc7e40e29c7f39db37416e50b7025": ["5", "com.addi.Addi"]}, {"188fc7e40e29c7f39db37416e50b7025": ["5", "com.addi.Addi"]}, {"ffa6e3c2be74a02200562cdc0877c90c": ["1", "com.addi.Addi"]}, {"df197554e1c17e70c743f04e1dcaab24": ["0", "com.addi.Addi"]}, {"188fc7e40e29c7f39db37416e50b7025": ["5", "com.addi.Addi"]}, {"188fc7e40e29c7f39db37416e50b7025": ["5", "com.addi.Addi"]}, {"ffa6e3c2be74a02200562cdc0877c90c": ["1", "com.addi.Addi"]}, {"df197554e1c17e70c743f04e1dcaab24": ["0", "com.addi.Addi"]}, {"188fc7e40e29c7f39db37416e50b7025": ["5", "com.addi.Addi"]}, {"188fc7e40e29c7f39db37416e50b7025": ["5", "com.addi.Addi"]}, {"ffa6e3c2be74a02200562cdc0877c90c": ["1", "com.addi.Addi"]}, {"df197554e1c17e70c743f04e1dcaab24": ["0", "com.addi.Addi"]}, {"188fc7e40e29c7f39db37416e50b7025": ["5", "com.addi.Addi"]}, {"188fc7e40e29c7f39db37416e50b7025": ["5", "com.addi.Addi"]}, {"ffa6e3c2be74a02200562cdc0877c90c": ["1", "com.addi.Addi"]}, {"df197554e1c17e70c743f04e1dcaab24": ["0", "com.addi.Addi"]}, {"188fc7e40e29c7f39db37416e50b7025": ["5", "com.addi.Addi"]}, {"188fc7e40e29c7f39db37416e50b7025": ["5", "com.addi.Addi"]}, {"ffa6e3c2be74a02200562cdc0877c90c": ["1", "com.addi.Addi"]}, {"df197554e1c17e70c743f04e1dcaab24": ["0", "com.addi.Addi"]}, {"188fc7e40e29c7f39db37416e50b7025": ["5", "com.addi.Addi"]}, {"188fc7e40e29c7f39db37416e50b7025": ["5", "com.addi.Addi"]}, {"ffa6e3c2be74a02200562cdc0877c90c": ["1", "com.addi.Addi"]}, {"df197554e1c17e70c743f04e1dcaab24": ["0", "com.addi.Addi"]}, {"188fc7e40e29c7f39db37416e50b7025": ["5", "com.addi.Addi"]}, {"188fc7e40e29c7f39db37416e50b7025": ["5", "com.addi.Addi"]}, {"ffa6e3c2be74a02200562cdc0877c90c": ["1", "com.addi.Addi"]}, {"df197554e1c17e70c743f04e1dcaab24": ["0", "com.addi.Addi"]}, {"188fc7e40e29c7f39db37416e50b7025": ["5", "com.addi.Addi"]}, {"188fc7e40e29c7f39db37416e50b7025": ["5", "com.addi.Addi"]}, {"ffa6e3c2be74a02200562cdc0877c90c": ["1", "com.addi.Addi"]}, {"df197554e1c17e70c743f04e1dcaab24": ["0", "com.addi.Addi"]}, {"ffa6e3c2be74a02200562cdc0877c90c": ["1", "com.addi.Addi"]}, {"df197554e1c17e70c743f04e1dcaab24": ["0", "com.addi.Addi"]}, {"188fc7e40e29c7f39db37416e50b7025": ["5", "com.addi.Addi"]}, {"188fc7e40e29c7f39db37416e50b7025": ["5", "com.addi.Addi"]}, {"ffa6e3c2be74a02200562cdc0877c90c": ["1", "com.addi.Addi"]}, {"df197554e1c17e70c743f04e1dcaab24": ["0", "com.addi.Addi"]}, {"188fc7e40e29c7f39db37416e50b7025": ["5", "com.addi.Addi"]}, {"188fc7e40e29c7f39db37416e50b7025": ["5", "com.addi.Addi"]}, {"ffa6e3c2be74a02200562cdc0877c90c": ["1", "com.addi.Addi"]}, {"df197554e1c17e70c743f04e1dcaab24": ["0", "com.addi.Addi"]}, {"188fc7e40e29c7f39db37416e50b7025": ["5", "com.addi.Addi"]}, {"188fc7e40e29c7f39db37416e50b7025": ["5", "com.addi.Addi"]}, {"ffa6e3c2be74a02200562cdc0877c90c": ["1", "com.addi.Addi"]}, {"df197554e1c17e70c743f04e1dcaab24": ["0", "com.addi.Addi"]}, {"188fc7e40e29c7f39db37416e50b7025": ["5", "com.addi.Addi"]}, {"188fc7e40e29c7f39db37416e50b7025": ["5", "com.addi.Addi"]}, {"ffa6e3c2be74a02200562cdc0877c90c": ["1", "com.addi.Addi"]}, {"df197554e1c17e70c743f04e1dcaab24": ["0", "com.addi.Addi"]}, {"188fc7e40e29c7f39db37416e50b7025": ["5", "com.addi.Addi"]}, {"188fc7e40e29c7f39db37416e50b7025": ["5", "com.addi.Addi"]}, {"ffa6e3c2be74a02200562cdc0877c90c": ["1", "com.addi.Addi"]}, {"df197554e1c17e70c743f04e1dcaab24": ["0", "com.addi.Addi"]}, {"188fc7e40e29c7f39db37416e50b7025": ["5", "com.addi.Addi"]}, {"188fc7e40e29c7f39db37416e50b7025": ["5", "com.addi.Addi"]}, {"ffa6e3c2be74a02200562cdc0877c90c": ["1", "com.addi.Addi"]}, {"df197554e1c17e70c743f04e1dcaab24": ["0", "com.addi.Addi"]}, {"188fc7e40e29c7f39db37416e50b7025": ["5", "com.addi.Addi"]}, {"188fc7e40e29c7f39db37416e50b7025": ["5", "com.addi.Addi"]}, {"ffa6e3c2be74a02200562cdc0877c90c": ["1", "com.addi.Addi"]}, {"df197554e1c17e70c743f04e1dcaab24": ["0", "com.addi.Addi"]}, {"188fc7e40e29c7f39db37416e50b7025": ["5", "com.addi.Addi"]}, {"188fc7e40e29c7f39db37416e50b7025": ["5", "com.addi.Addi"]}, {"ffa6e3c2be74a02200562cdc0877c90c": ["1", "com.addi.Addi"]}, {"df197554e1c17e70c743f04e1dcaab24": ["0", "com.addi.Addi"]}, {"188fc7e40e29c7f39db37416e50b7025": ["5", "com.addi.Addi"]}, {"188fc7e40e29c7f39db37416e50b7025": ["5", "com.addi.Addi"]}]