[{"2b3215d84eea97738cf3390eb46d8c6f": ["0", "com.evancharlton.mileage.Mileage"]}, {"207d463a5369aea5018a81286169e5ba": ["34", "com.evancharlton.mileage.ServiceIntervalActivity"]}, {"207d463a5369aea5018a81286169e5ba": ["34", "com.evancharlton.mileage.ServiceIntervalActivity"]}, {"91e5505908896e0580303d1558483795": ["53", "com.evancharlton.mileage.ServiceIntervalActivity"]}, {"207d463a5369aea5018a81286169e5ba": ["34", "com.evancharlton.mileage.ServiceIntervalActivity"]}, {"d08d6db5859122d36e9aa8e3e0c5143c": ["33", "com.evancharlton.mileage.ServiceIntervalActivity"]}, {"d08d6db5859122d36e9aa8e3e0c5143c": ["33", "com.evancharlton.mileage.ServiceIntervalActivity"]}, {"207d463a5369aea5018a81286169e5ba": ["34", "com.evancharlton.mileage.ServiceIntervalActivity"]}, {"767ca9ee5e457dde1b747efc11f5e462": ["54", "com.evancharlton.mileage.ServiceIntervalActivity"]}, {"d08d6db5859122d36e9aa8e3e0c5143c": ["33", "com.evancharlton.mileage.ServiceIntervalActivity"]}, {"207d463a5369aea5018a81286169e5ba": ["34", "com.evancharlton.mileage.ServiceIntervalActivity"]}, {"d08d6db5859122d36e9aa8e3e0c5143c": ["33", "com.evancharlton.mileage.ServiceIntervalActivity"]}, {"d08d6db5859122d36e9aa8e3e0c5143c": ["33", "com.evancharlton.mileage.ServiceIntervalActivity"]}, {"207d463a5369aea5018a81286169e5ba": ["34", "com.evancharlton.mileage.ServiceIntervalActivity"]}, {"767ca9ee5e457dde1b747efc11f5e462": ["54", "com.evancharlton.mileage.ServiceIntervalActivity"]}, {"207d463a5369aea5018a81286169e5ba": ["34", "com.evancharlton.mileage.ServiceIntervalActivity"]}, {"207d463a5369aea5018a81286169e5ba": ["34", "com.evancharlton.mileage.ServiceIntervalActivity"]}, {"14921ca1e08edbe9eeeb2f8b443688bb": ["55", "com.evancharlton.mileage.ServiceIntervalActivity"]}, {"4a271b20e97a0cc0df4e774ecdcaef12": ["32", "com.evancharlton.mileage.ServiceIntervalsListActivity"]}, {"4a271b20e97a0cc0df4e774ecdcaef12": ["32", "com.evancharlton.mileage.ServiceIntervalsListActivity"]}, {"8119b01f29600886378ced5a60dd5d21": ["35", "com.evancharlton.mileage.ServiceIntervalTemplateListActivity"]}, {"3f04f7000f276f83cc13711ae740ba6d": ["36", "com.evancharlton.mileage.ServiceIntervalTemplateActivity"]}, {"8119b01f29600886378ced5a60dd5d21": ["35", "com.evancharlton.mileage.ServiceIntervalTemplateListActivity"]}, {"3f04f7000f276f83cc13711ae740ba6d": ["36", "com.evancharlton.mileage.ServiceIntervalTemplateActivity"]}, {"8119b01f29600886378ced5a60dd5d21": ["35", "com.evancharlton.mileage.ServiceIntervalTemplateListActivity"]}, {"3f04f7000f276f83cc13711ae740ba6d": ["36", "com.evancharlton.mileage.ServiceIntervalTemplateActivity"]}, {"3f04f7000f276f83cc13711ae740ba6d": ["36", "com.evancharlton.mileage.ServiceIntervalTemplateActivity"]}, {"3f04f7000f276f83cc13711ae740ba6d": ["36", "com.evancharlton.mileage.ServiceIntervalTemplateActivity"]}, {"8ac0ba09ffd316c4f230b0fba96e1f3d": ["37", "com.evancharlton.mileage.ServiceIntervalTemplateActivity"]}, {"3f04f7000f276f83cc13711ae740ba6d": ["36", "com.evancharlton.mileage.ServiceIntervalTemplateActivity"]}, {"3f04f7000f276f83cc13711ae740ba6d": ["36", "com.evancharlton.mileage.ServiceIntervalTemplateActivity"]}, {"3f04f7000f276f83cc13711ae740ba6d": ["36", "com.evancharlton.mileage.ServiceIntervalTemplateActivity"]}, {"3f04f7000f276f83cc13711ae740ba6d": ["36", "com.evancharlton.mileage.ServiceIntervalTemplateActivity"]}, {"3f04f7000f276f83cc13711ae740ba6d": ["36", "com.evancharlton.mileage.ServiceIntervalTemplateActivity"]}, {"3f04f7000f276f83cc13711ae740ba6d": ["36", "com.evancharlton.mileage.ServiceIntervalTemplateActivity"]}, {"3f04f7000f276f83cc13711ae740ba6d": ["36", "com.evancharlton.mileage.ServiceIntervalTemplateActivity"]}, {"3f04f7000f276f83cc13711ae740ba6d": ["36", "com.evancharlton.mileage.ServiceIntervalTemplateActivity"]}, {"3f04f7000f276f83cc13711ae740ba6d": ["36", "com.evancharlton.mileage.ServiceIntervalTemplateActivity"]}, {"8ac0ba09ffd316c4f230b0fba96e1f3d": ["37", "com.evancharlton.mileage.ServiceIntervalTemplateActivity"]}, {"8ac0ba09ffd316c4f230b0fba96e1f3d": ["37", "com.evancharlton.mileage.ServiceIntervalTemplateActivity"]}, {"8ac0ba09ffd316c4f230b0fba96e1f3d": ["37", "com.evancharlton.mileage.ServiceIntervalTemplateActivity"]}, {"3f04f7000f276f83cc13711ae740ba6d": ["36", "com.evancharlton.mileage.ServiceIntervalTemplateActivity"]}, {"8ac0ba09ffd316c4f230b0fba96e1f3d": ["37", "com.evancharlton.mileage.ServiceIntervalTemplateActivity"]}, {"8119b01f29600886378ced5a60dd5d21": ["35", "com.evancharlton.mileage.ServiceIntervalTemplateListActivity"]}, {"3f04f7000f276f83cc13711ae740ba6d": ["36", "com.evancharlton.mileage.ServiceIntervalTemplateActivity"]}, {"8119b01f29600886378ced5a60dd5d21": ["35", "com.evancharlton.mileage.ServiceIntervalTemplateListActivity"]}, {"8ac0ba09ffd316c4f230b0fba96e1f3d": ["37", "com.evancharlton.mileage.ServiceIntervalTemplateActivity"]}, {"8119b01f29600886378ced5a60dd5d21": ["35", "com.evancharlton.mileage.ServiceIntervalTemplateListActivity"]}, {"097ddc5f3d96a32719e736d33c2d54ac": ["38", "com.evancharlton.mileage.ServiceIntervalTemplateActivity"]}, {"00bd4b249ccaa25574dbc44075aed0a6": ["41", "com.evancharlton.mileage.ServiceIntervalTemplateListActivity"]}, {"00bd4b249ccaa25574dbc44075aed0a6": ["41", "com.evancharlton.mileage.ServiceIntervalTemplateListActivity"]}, {"3f04f7000f276f83cc13711ae740ba6d": ["36", "com.evancharlton.mileage.ServiceIntervalTemplateActivity"]}, {"00bd4b249ccaa25574dbc44075aed0a6": ["41", "com.evancharlton.mileage.ServiceIntervalTemplateListActivity"]}, {"c54067384f6957ced6317452c2e4ad1d": ["39", "com.evancharlton.mileage.ServiceIntervalTemplateActivity"]}, {"3f04f7000f276f83cc13711ae740ba6d": ["36", "com.evancharlton.mileage.ServiceIntervalTemplateActivity"]}, {"00bd4b249ccaa25574dbc44075aed0a6": ["41", "com.evancharlton.mileage.ServiceIntervalTemplateListActivity"]}, {"3f04f7000f276f83cc13711ae740ba6d": ["36", "com.evancharlton.mileage.ServiceIntervalTemplateActivity"]}, {"c54067384f6957ced6317452c2e4ad1d": ["39", "com.evancharlton.mileage.ServiceIntervalTemplateActivity"]}, {"3f04f7000f276f83cc13711ae740ba6d": ["36", "com.evancharlton.mileage.ServiceIntervalTemplateActivity"]}, {"3f04f7000f276f83cc13711ae740ba6d": ["36", "com.evancharlton.mileage.ServiceIntervalTemplateActivity"]}, {"3f04f7000f276f83cc13711ae740ba6d": ["36", "com.evancharlton.mileage.ServiceIntervalTemplateActivity"]}, {"3f04f7000f276f83cc13711ae740ba6d": ["36", "com.evancharlton.mileage.ServiceIntervalTemplateActivity"]}, {"3f04f7000f276f83cc13711ae740ba6d": ["36", "com.evancharlton.mileage.ServiceIntervalTemplateActivity"]}, {"3f04f7000f276f83cc13711ae740ba6d": ["36", "com.evancharlton.mileage.ServiceIntervalTemplateActivity"]}, {"c54067384f6957ced6317452c2e4ad1d": ["39", "com.evancharlton.mileage.ServiceIntervalTemplateActivity"]}, {"3f04f7000f276f83cc13711ae740ba6d": ["36", "com.evancharlton.mileage.ServiceIntervalTemplateActivity"]}, {"8ac0ba09ffd316c4f230b0fba96e1f3d": ["37", "com.evancharlton.mileage.ServiceIntervalTemplateActivity"]}, {"3f04f7000f276f83cc13711ae740ba6d": ["36", "com.evancharlton.mileage.ServiceIntervalTemplateActivity"]}, {"c54067384f6957ced6317452c2e4ad1d": ["39", "com.evancharlton.mileage.ServiceIntervalTemplateActivity"]}, {"00bd4b249ccaa25574dbc44075aed0a6": ["41", "com.evancharlton.mileage.ServiceIntervalTemplateListActivity"]}, {"097ddc5f3d96a32719e736d33c2d54ac": ["38", "com.evancharlton.mileage.ServiceIntervalTemplateActivity"]}, {"df4c04b795bf13f6d925af818eb25ec9": ["56", "com.evancharlton.mileage.ServiceIntervalTemplateListActivity"]}, {"3f04f7000f276f83cc13711ae740ba6d": ["36", "com.evancharlton.mileage.ServiceIntervalTemplateActivity"]}, {"3f04f7000f276f83cc13711ae740ba6d": ["36", "com.evancharlton.mileage.ServiceIntervalTemplateActivity"]}, {"3f04f7000f276f83cc13711ae740ba6d": ["36", "com.evancharlton.mileage.ServiceIntervalTemplateActivity"]}, {"3f04f7000f276f83cc13711ae740ba6d": ["36", "com.evancharlton.mileage.ServiceIntervalTemplateActivity"]}, {"8ac0ba09ffd316c4f230b0fba96e1f3d": ["37", "com.evancharlton.mileage.ServiceIntervalTemplateActivity"]}, {"c54067384f6957ced6317452c2e4ad1d": ["39", "com.evancharlton.mileage.ServiceIntervalTemplateActivity"]}, {"3f04f7000f276f83cc13711ae740ba6d": ["36", "com.evancharlton.mileage.ServiceIntervalTemplateActivity"]}, {"3f04f7000f276f83cc13711ae740ba6d": ["36", "com.evancharlton.mileage.ServiceIntervalTemplateActivity"]}, {"3f04f7000f276f83cc13711ae740ba6d": ["36", "com.evancharlton.mileage.ServiceIntervalTemplateActivity"]}, {"3f04f7000f276f83cc13711ae740ba6d": ["36", "com.evancharlton.mileage.ServiceIntervalTemplateActivity"]}, {"8ac0ba09ffd316c4f230b0fba96e1f3d": ["37", "com.evancharlton.mileage.ServiceIntervalTemplateActivity"]}, {"c54067384f6957ced6317452c2e4ad1d": ["39", "com.evancharlton.mileage.ServiceIntervalTemplateActivity"]}, {"3f04f7000f276f83cc13711ae740ba6d": ["36", "com.evancharlton.mileage.ServiceIntervalTemplateActivity"]}, {"3f04f7000f276f83cc13711ae740ba6d": ["36", "com.evancharlton.mileage.ServiceIntervalTemplateActivity"]}, {"3f04f7000f276f83cc13711ae740ba6d": ["36", "com.evancharlton.mileage.ServiceIntervalTemplateActivity"]}, {"3f04f7000f276f83cc13711ae740ba6d": ["36", "com.evancharlton.mileage.ServiceIntervalTemplateActivity"]}, {"3f04f7000f276f83cc13711ae740ba6d": ["36", "com.evancharlton.mileage.ServiceIntervalTemplateActivity"]}, {"3f04f7000f276f83cc13711ae740ba6d": ["36", "com.evancharlton.mileage.ServiceIntervalTemplateActivity"]}, {"3f04f7000f276f83cc13711ae740ba6d": ["36", "com.evancharlton.mileage.ServiceIntervalTemplateActivity"]}, {"3f04f7000f276f83cc13711ae740ba6d": ["36", "com.evancharlton.mileage.ServiceIntervalTemplateActivity"]}, {"8ac0ba09ffd316c4f230b0fba96e1f3d": ["37", "com.evancharlton.mileage.ServiceIntervalTemplateActivity"]}, {"c54067384f6957ced6317452c2e4ad1d": ["39", "com.evancharlton.mileage.ServiceIntervalTemplateActivity"]}, {"3f04f7000f276f83cc13711ae740ba6d": ["36", "com.evancharlton.mileage.ServiceIntervalTemplateActivity"]}, {"3f04f7000f276f83cc13711ae740ba6d": ["36", "com.evancharlton.mileage.ServiceIntervalTemplateActivity"]}, {"3f04f7000f276f83cc13711ae740ba6d": ["36", "com.evancharlton.mileage.ServiceIntervalTemplateActivity"]}, {"3f04f7000f276f83cc13711ae740ba6d": ["36", "com.evancharlton.mileage.ServiceIntervalTemplateActivity"]}, {"8ac0ba09ffd316c4f230b0fba96e1f3d": ["37", "com.evancharlton.mileage.ServiceIntervalTemplateActivity"]}, {"c54067384f6957ced6317452c2e4ad1d": ["39", "com.evancharlton.mileage.ServiceIntervalTemplateActivity"]}, {"3f04f7000f276f83cc13711ae740ba6d": ["36", "com.evancharlton.mileage.ServiceIntervalTemplateActivity"]}, {"3f04f7000f276f83cc13711ae740ba6d": ["36", "com.evancharlton.mileage.ServiceIntervalTemplateActivity"]}, {"3f04f7000f276f83cc13711ae740ba6d": ["36", "com.evancharlton.mileage.ServiceIntervalTemplateActivity"]}, {"3f04f7000f276f83cc13711ae740ba6d": ["36", "com.evancharlton.mileage.ServiceIntervalTemplateActivity"]}, {"8ac0ba09ffd316c4f230b0fba96e1f3d": ["37", "com.evancharlton.mileage.ServiceIntervalTemplateActivity"]}, {"c54067384f6957ced6317452c2e4ad1d": ["39", "com.evancharlton.mileage.ServiceIntervalTemplateActivity"]}, {"3f04f7000f276f83cc13711ae740ba6d": ["36", "com.evancharlton.mileage.ServiceIntervalTemplateActivity"]}, {"3f04f7000f276f83cc13711ae740ba6d": ["36", "com.evancharlton.mileage.ServiceIntervalTemplateActivity"]}, {"3f04f7000f276f83cc13711ae740ba6d": ["36", "com.evancharlton.mileage.ServiceIntervalTemplateActivity"]}, {"3f04f7000f276f83cc13711ae740ba6d": ["36", "com.evancharlton.mileage.ServiceIntervalTemplateActivity"]}, {"8ac0ba09ffd316c4f230b0fba96e1f3d": ["37", "com.evancharlton.mileage.ServiceIntervalTemplateActivity"]}, {"c54067384f6957ced6317452c2e4ad1d": ["39", "com.evancharlton.mileage.ServiceIntervalTemplateActivity"]}, {"3f04f7000f276f83cc13711ae740ba6d": ["36", "com.evancharlton.mileage.ServiceIntervalTemplateActivity"]}, {"3f04f7000f276f83cc13711ae740ba6d": ["36", "com.evancharlton.mileage.ServiceIntervalTemplateActivity"]}, {"3f04f7000f276f83cc13711ae740ba6d": ["36", "com.evancharlton.mileage.ServiceIntervalTemplateActivity"]}, {"3f04f7000f276f83cc13711ae740ba6d": ["36", "com.evancharlton.mileage.ServiceIntervalTemplateActivity"]}, {"8ac0ba09ffd316c4f230b0fba96e1f3d": ["37", "com.evancharlton.mileage.ServiceIntervalTemplateActivity"]}, {"c54067384f6957ced6317452c2e4ad1d": ["39", "com.evancharlton.mileage.ServiceIntervalTemplateActivity"]}, {"3f04f7000f276f83cc13711ae740ba6d": ["36", "com.evancharlton.mileage.ServiceIntervalTemplateActivity"]}, {"3f04f7000f276f83cc13711ae740ba6d": ["36", "com.evancharlton.mileage.ServiceIntervalTemplateActivity"]}, {"3f04f7000f276f83cc13711ae740ba6d": ["36", "com.evancharlton.mileage.ServiceIntervalTemplateActivity"]}, {"3f04f7000f276f83cc13711ae740ba6d": ["36", "com.evancharlton.mileage.ServiceIntervalTemplateActivity"]}, {"8ac0ba09ffd316c4f230b0fba96e1f3d": ["37", "com.evancharlton.mileage.ServiceIntervalTemplateActivity"]}, {"c54067384f6957ced6317452c2e4ad1d": ["39", "com.evancharlton.mileage.ServiceIntervalTemplateActivity"]}, {"3f04f7000f276f83cc13711ae740ba6d": ["36", "com.evancharlton.mileage.ServiceIntervalTemplateActivity"]}, {"c54067384f6957ced6317452c2e4ad1d": ["39", "com.evancharlton.mileage.ServiceIntervalTemplateActivity"]}, {"c54067384f6957ced6317452c2e4ad1d": ["39", "com.evancharlton.mileage.ServiceIntervalTemplateActivity"]}, {"3f04f7000f276f83cc13711ae740ba6d": ["36", "com.evancharlton.mileage.ServiceIntervalTemplateActivity"]}, {"3f04f7000f276f83cc13711ae740ba6d": ["36", "com.evancharlton.mileage.ServiceIntervalTemplateActivity"]}, {"8ac0ba09ffd316c4f230b0fba96e1f3d": ["37", "com.evancharlton.mileage.ServiceIntervalTemplateActivity"]}, {"3f04f7000f276f83cc13711ae740ba6d": ["36", "com.evancharlton.mileage.ServiceIntervalTemplateActivity"]}, {"c54067384f6957ced6317452c2e4ad1d": ["39", "com.evancharlton.mileage.ServiceIntervalTemplateActivity"]}, {"df4c04b795bf13f6d925af818eb25ec9": ["56", "com.evancharlton.mileage.ServiceIntervalTemplateListActivity"]}, {"df4c04b795bf13f6d925af818eb25ec9": ["56", "com.evancharlton.mileage.ServiceIntervalTemplateListActivity"]}, {"3f04f7000f276f83cc13711ae740ba6d": ["36", "com.evancharlton.mileage.ServiceIntervalTemplateActivity"]}, {"df4c04b795bf13f6d925af818eb25ec9": ["56", "com.evancharlton.mileage.ServiceIntervalTemplateListActivity"]}, {"3f04f7000f276f83cc13711ae740ba6d": ["36", "com.evancharlton.mileage.ServiceIntervalTemplateActivity"]}, {"3f04f7000f276f83cc13711ae740ba6d": ["36", "com.evancharlton.mileage.ServiceIntervalTemplateActivity"]}, {"3f04f7000f276f83cc13711ae740ba6d": ["36", "com.evancharlton.mileage.ServiceIntervalTemplateActivity"]}, {"8ac0ba09ffd316c4f230b0fba96e1f3d": ["37", "com.evancharlton.mileage.ServiceIntervalTemplateActivity"]}, {"3f04f7000f276f83cc13711ae740ba6d": ["36", "com.evancharlton.mileage.ServiceIntervalTemplateActivity"]}, {"3f04f7000f276f83cc13711ae740ba6d": ["36", "com.evancharlton.mileage.ServiceIntervalTemplateActivity"]}, {"3f04f7000f276f83cc13711ae740ba6d": ["36", "com.evancharlton.mileage.ServiceIntervalTemplateActivity"]}, {"3f04f7000f276f83cc13711ae740ba6d": ["36", "com.evancharlton.mileage.ServiceIntervalTemplateActivity"]}, {"3f04f7000f276f83cc13711ae740ba6d": ["36", "com.evancharlton.mileage.ServiceIntervalTemplateActivity"]}, {"3f04f7000f276f83cc13711ae740ba6d": ["36", "com.evancharlton.mileage.ServiceIntervalTemplateActivity"]}, {"3f04f7000f276f83cc13711ae740ba6d": ["36", "com.evancharlton.mileage.ServiceIntervalTemplateActivity"]}, {"3f04f7000f276f83cc13711ae740ba6d": ["36", "com.evancharlton.mileage.ServiceIntervalTemplateActivity"]}, {"8ac0ba09ffd316c4f230b0fba96e1f3d": ["37", "com.evancharlton.mileage.ServiceIntervalTemplateActivity"]}, {"8ac0ba09ffd316c4f230b0fba96e1f3d": ["37", "com.evancharlton.mileage.ServiceIntervalTemplateActivity"]}, {"3f04f7000f276f83cc13711ae740ba6d": ["36", "com.evancharlton.mileage.ServiceIntervalTemplateActivity"]}, {"8ac0ba09ffd316c4f230b0fba96e1f3d": ["37", "com.evancharlton.mileage.ServiceIntervalTemplateActivity"]}, {"df4c04b795bf13f6d925af818eb25ec9": ["56", "com.evancharlton.mileage.ServiceIntervalTemplateListActivity"]}, {"3f04f7000f276f83cc13711ae740ba6d": ["36", "com.evancharlton.mileage.ServiceIntervalTemplateActivity"]}, {"df4c04b795bf13f6d925af818eb25ec9": ["56", "com.evancharlton.mileage.ServiceIntervalTemplateListActivity"]}, {"8ac0ba09ffd316c4f230b0fba96e1f3d": ["37", "com.evancharlton.mileage.ServiceIntervalTemplateActivity"]}, {"df4c04b795bf13f6d925af818eb25ec9": ["56", "com.evancharlton.mileage.ServiceIntervalTemplateListActivity"]}, {"097ddc5f3d96a32719e736d33c2d54ac": ["38", "com.evancharlton.mileage.ServiceIntervalTemplateActivity"]}, {"227c1acb39c083f0abccdd950158e0ca": ["57", "com.evancharlton.mileage.ServiceIntervalTemplateListActivity"]}, {"227c1acb39c083f0abccdd950158e0ca": ["57", "com.evancharlton.mileage.ServiceIntervalTemplateListActivity"]}, {"3f04f7000f276f83cc13711ae740ba6d": ["36", "com.evancharlton.mileage.ServiceIntervalTemplateActivity"]}, {"227c1acb39c083f0abccdd950158e0ca": ["57", "com.evancharlton.mileage.ServiceIntervalTemplateListActivity"]}, {"c54067384f6957ced6317452c2e4ad1d": ["39", "com.evancharlton.mileage.ServiceIntervalTemplateActivity"]}, {"3f04f7000f276f83cc13711ae740ba6d": ["36", "com.evancharlton.mileage.ServiceIntervalTemplateActivity"]}, {"227c1acb39c083f0abccdd950158e0ca": ["57", "com.evancharlton.mileage.ServiceIntervalTemplateListActivity"]}, {"3f04f7000f276f83cc13711ae740ba6d": ["36", "com.evancharlton.mileage.ServiceIntervalTemplateActivity"]}, {"c54067384f6957ced6317452c2e4ad1d": ["39", "com.evancharlton.mileage.ServiceIntervalTemplateActivity"]}, {"3f04f7000f276f83cc13711ae740ba6d": ["36", "com.evancharlton.mileage.ServiceIntervalTemplateActivity"]}, {"3f04f7000f276f83cc13711ae740ba6d": ["36", "com.evancharlton.mileage.ServiceIntervalTemplateActivity"]}, {"3f04f7000f276f83cc13711ae740ba6d": ["36", "com.evancharlton.mileage.ServiceIntervalTemplateActivity"]}, {"3f04f7000f276f83cc13711ae740ba6d": ["36", "com.evancharlton.mileage.ServiceIntervalTemplateActivity"]}, {"3f04f7000f276f83cc13711ae740ba6d": ["36", "com.evancharlton.mileage.ServiceIntervalTemplateActivity"]}, {"3f04f7000f276f83cc13711ae740ba6d": ["36", "com.evancharlton.mileage.ServiceIntervalTemplateActivity"]}, {"c54067384f6957ced6317452c2e4ad1d": ["39", "com.evancharlton.mileage.ServiceIntervalTemplateActivity"]}, {"3f04f7000f276f83cc13711ae740ba6d": ["36", "com.evancharlton.mileage.ServiceIntervalTemplateActivity"]}, {"8ac0ba09ffd316c4f230b0fba96e1f3d": ["37", "com.evancharlton.mileage.ServiceIntervalTemplateActivity"]}, {"3f04f7000f276f83cc13711ae740ba6d": ["36", "com.evancharlton.mileage.ServiceIntervalTemplateActivity"]}, {"c54067384f6957ced6317452c2e4ad1d": ["39", "com.evancharlton.mileage.ServiceIntervalTemplateActivity"]}, {"227c1acb39c083f0abccdd950158e0ca": ["57", "com.evancharlton.mileage.ServiceIntervalTemplateListActivity"]}, {"097ddc5f3d96a32719e736d33c2d54ac": ["38", "com.evancharlton.mileage.ServiceIntervalTemplateActivity"]}, {"9cee024b2b2b28c5eb9a1f7ef5fbce6e": ["58", "com.evancharlton.mileage.ServiceIntervalTemplateListActivity"]}, {"8ac0ba09ffd316c4f230b0fba96e1f3d": ["37", "com.evancharlton.mileage.ServiceIntervalTemplateActivity"]}, {"3f04f7000f276f83cc13711ae740ba6d": ["36", "com.evancharlton.mileage.ServiceIntervalTemplateActivity"]}, {"4a271b20e97a0cc0df4e774ecdcaef12": ["32", "com.evancharlton.mileage.ServiceIntervalsListActivity"]}, {"9cee024b2b2b28c5eb9a1f7ef5fbce6e": ["58", "com.evancharlton.mileage.ServiceIntervalTemplateListActivity"]}, {"c54067384f6957ced6317452c2e4ad1d": ["39", "com.evancharlton.mileage.ServiceIntervalTemplateActivity"]}, {"3f04f7000f276f83cc13711ae740ba6d": ["36", "com.evancharlton.mileage.ServiceIntervalTemplateActivity"]}, {"3f04f7000f276f83cc13711ae740ba6d": ["36", "com.evancharlton.mileage.ServiceIntervalTemplateActivity"]}, {"3f04f7000f276f83cc13711ae740ba6d": ["36", "com.evancharlton.mileage.ServiceIntervalTemplateActivity"]}, {"3f04f7000f276f83cc13711ae740ba6d": ["36", "com.evancharlton.mileage.ServiceIntervalTemplateActivity"]}, {"3f04f7000f276f83cc13711ae740ba6d": ["36", "com.evancharlton.mileage.ServiceIntervalTemplateActivity"]}, {"3f04f7000f276f83cc13711ae740ba6d": ["36", "com.evancharlton.mileage.ServiceIntervalTemplateActivity"]}, {"3f04f7000f276f83cc13711ae740ba6d": ["36", "com.evancharlton.mileage.ServiceIntervalTemplateActivity"]}, {"3f04f7000f276f83cc13711ae740ba6d": ["36", "com.evancharlton.mileage.ServiceIntervalTemplateActivity"]}, {"8ac0ba09ffd316c4f230b0fba96e1f3d": ["37", "com.evancharlton.mileage.ServiceIntervalTemplateActivity"]}, {"c54067384f6957ced6317452c2e4ad1d": ["39", "com.evancharlton.mileage.ServiceIntervalTemplateActivity"]}, {"3f04f7000f276f83cc13711ae740ba6d": ["36", "com.evancharlton.mileage.ServiceIntervalTemplateActivity"]}, {"3f04f7000f276f83cc13711ae740ba6d": ["36", "com.evancharlton.mileage.ServiceIntervalTemplateActivity"]}, {"3f04f7000f276f83cc13711ae740ba6d": ["36", "com.evancharlton.mileage.ServiceIntervalTemplateActivity"]}, {"3f04f7000f276f83cc13711ae740ba6d": ["36", "com.evancharlton.mileage.ServiceIntervalTemplateActivity"]}, {"8ac0ba09ffd316c4f230b0fba96e1f3d": ["37", "com.evancharlton.mileage.ServiceIntervalTemplateActivity"]}, {"c54067384f6957ced6317452c2e4ad1d": ["39", "com.evancharlton.mileage.ServiceIntervalTemplateActivity"]}, {"c54067384f6957ced6317452c2e4ad1d": ["39", "com.evancharlton.mileage.ServiceIntervalTemplateActivity"]}, {"3f04f7000f276f83cc13711ae740ba6d": ["36", "com.evancharlton.mileage.ServiceIntervalTemplateActivity"]}, {"3f04f7000f276f83cc13711ae740ba6d": ["36", "com.evancharlton.mileage.ServiceIntervalTemplateActivity"]}, {"3f04f7000f276f83cc13711ae740ba6d": ["36", "com.evancharlton.mileage.ServiceIntervalTemplateActivity"]}, {"3f04f7000f276f83cc13711ae740ba6d": ["36", "com.evancharlton.mileage.ServiceIntervalTemplateActivity"]}, {"3f04f7000f276f83cc13711ae740ba6d": ["36", "com.evancharlton.mileage.ServiceIntervalTemplateActivity"]}, {"3f04f7000f276f83cc13711ae740ba6d": ["36", "com.evancharlton.mileage.ServiceIntervalTemplateActivity"]}, {"3f04f7000f276f83cc13711ae740ba6d": ["36", "com.evancharlton.mileage.ServiceIntervalTemplateActivity"]}, {"3f04f7000f276f83cc13711ae740ba6d": ["36", "com.evancharlton.mileage.ServiceIntervalTemplateActivity"]}, {"8ac0ba09ffd316c4f230b0fba96e1f3d": ["37", "com.evancharlton.mileage.ServiceIntervalTemplateActivity"]}, {"c54067384f6957ced6317452c2e4ad1d": ["39", "com.evancharlton.mileage.ServiceIntervalTemplateActivity"]}, {"3f04f7000f276f83cc13711ae740ba6d": ["36", "com.evancharlton.mileage.ServiceIntervalTemplateActivity"]}, {"3f04f7000f276f83cc13711ae740ba6d": ["36", "com.evancharlton.mileage.ServiceIntervalTemplateActivity"]}, {"3f04f7000f276f83cc13711ae740ba6d": ["36", "com.evancharlton.mileage.ServiceIntervalTemplateActivity"]}, {"3f04f7000f276f83cc13711ae740ba6d": ["36", "com.evancharlton.mileage.ServiceIntervalTemplateActivity"]}, {"8ac0ba09ffd316c4f230b0fba96e1f3d": ["37", "com.evancharlton.mileage.ServiceIntervalTemplateActivity"]}, {"c54067384f6957ced6317452c2e4ad1d": ["39", "com.evancharlton.mileage.ServiceIntervalTemplateActivity"]}, {"3f04f7000f276f83cc13711ae740ba6d": ["36", "com.evancharlton.mileage.ServiceIntervalTemplateActivity"]}, {"3f04f7000f276f83cc13711ae740ba6d": ["36", "com.evancharlton.mileage.ServiceIntervalTemplateActivity"]}, {"3f04f7000f276f83cc13711ae740ba6d": ["36", "com.evancharlton.mileage.ServiceIntervalTemplateActivity"]}, {"8ac0ba09ffd316c4f230b0fba96e1f3d": ["37", "com.evancharlton.mileage.ServiceIntervalTemplateActivity"]}, {"c54067384f6957ced6317452c2e4ad1d": ["39", "com.evancharlton.mileage.ServiceIntervalTemplateActivity"]}, {"c54067384f6957ced6317452c2e4ad1d": ["39", "com.evancharlton.mileage.ServiceIntervalTemplateActivity"]}, {"3f04f7000f276f83cc13711ae740ba6d": ["36", "com.evancharlton.mileage.ServiceIntervalTemplateActivity"]}, {"3f04f7000f276f83cc13711ae740ba6d": ["36", "com.evancharlton.mileage.ServiceIntervalTemplateActivity"]}, {"3f04f7000f276f83cc13711ae740ba6d": ["36", "com.evancharlton.mileage.ServiceIntervalTemplateActivity"]}, {"3f04f7000f276f83cc13711ae740ba6d": ["36", "com.evancharlton.mileage.ServiceIntervalTemplateActivity"]}, {"8ac0ba09ffd316c4f230b0fba96e1f3d": ["37", "com.evancharlton.mileage.ServiceIntervalTemplateActivity"]}, {"c54067384f6957ced6317452c2e4ad1d": ["39", "com.evancharlton.mileage.ServiceIntervalTemplateActivity"]}, {"3f04f7000f276f83cc13711ae740ba6d": ["36", "com.evancharlton.mileage.ServiceIntervalTemplateActivity"]}, {"c54067384f6957ced6317452c2e4ad1d": ["39", "com.evancharlton.mileage.ServiceIntervalTemplateActivity"]}, {"c54067384f6957ced6317452c2e4ad1d": ["39", "com.evancharlton.mileage.ServiceIntervalTemplateActivity"]}, {"3f04f7000f276f83cc13711ae740ba6d": ["36", "com.evancharlton.mileage.ServiceIntervalTemplateActivity"]}, {"8ac0ba09ffd316c4f230b0fba96e1f3d": ["37", "com.evancharlton.mileage.ServiceIntervalTemplateActivity"]}, {"3f04f7000f276f83cc13711ae740ba6d": ["36", "com.evancharlton.mileage.ServiceIntervalTemplateActivity"]}, {"c54067384f6957ced6317452c2e4ad1d": ["39", "com.evancharlton.mileage.ServiceIntervalTemplateActivity"]}, {"9cee024b2b2b28c5eb9a1f7ef5fbce6e": ["58", "com.evancharlton.mileage.ServiceIntervalTemplateListActivity"]}, {"9cee024b2b2b28c5eb9a1f7ef5fbce6e": ["58", "com.evancharlton.mileage.ServiceIntervalTemplateListActivity"]}, {"3f04f7000f276f83cc13711ae740ba6d": ["36", "com.evancharlton.mileage.ServiceIntervalTemplateActivity"]}, {"3f04f7000f276f83cc13711ae740ba6d": ["36", "com.evancharlton.mileage.ServiceIntervalTemplateActivity"]}, {"3f04f7000f276f83cc13711ae740ba6d": ["36", "com.evancharlton.mileage.ServiceIntervalTemplateActivity"]}, {"8ac0ba09ffd316c4f230b0fba96e1f3d": ["37", "com.evancharlton.mileage.ServiceIntervalTemplateActivity"]}, {"3f04f7000f276f83cc13711ae740ba6d": ["36", "com.evancharlton.mileage.ServiceIntervalTemplateActivity"]}, {"3f04f7000f276f83cc13711ae740ba6d": ["36", "com.evancharlton.mileage.ServiceIntervalTemplateActivity"]}, {"3f04f7000f276f83cc13711ae740ba6d": ["36", "com.evancharlton.mileage.ServiceIntervalTemplateActivity"]}, {"3f04f7000f276f83cc13711ae740ba6d": ["36", "com.evancharlton.mileage.ServiceIntervalTemplateActivity"]}, {"8ac0ba09ffd316c4f230b0fba96e1f3d": ["37", "com.evancharlton.mileage.ServiceIntervalTemplateActivity"]}, {"3f04f7000f276f83cc13711ae740ba6d": ["36", "com.evancharlton.mileage.ServiceIntervalTemplateActivity"]}, {"3f04f7000f276f83cc13711ae740ba6d": ["36", "com.evancharlton.mileage.ServiceIntervalTemplateActivity"]}, {"3f04f7000f276f83cc13711ae740ba6d": ["36", "com.evancharlton.mileage.ServiceIntervalTemplateActivity"]}, {"3f04f7000f276f83cc13711ae740ba6d": ["36", "com.evancharlton.mileage.ServiceIntervalTemplateActivity"]}, {"8ac0ba09ffd316c4f230b0fba96e1f3d": ["37", "com.evancharlton.mileage.ServiceIntervalTemplateActivity"]}, {"8ac0ba09ffd316c4f230b0fba96e1f3d": ["37", "com.evancharlton.mileage.ServiceIntervalTemplateActivity"]}, {"8ac0ba09ffd316c4f230b0fba96e1f3d": ["37", "com.evancharlton.mileage.ServiceIntervalTemplateActivity"]}, {"3f04f7000f276f83cc13711ae740ba6d": ["36", "com.evancharlton.mileage.ServiceIntervalTemplateActivity"]}, {"8ac0ba09ffd316c4f230b0fba96e1f3d": ["37", "com.evancharlton.mileage.ServiceIntervalTemplateActivity"]}, {"9cee024b2b2b28c5eb9a1f7ef5fbce6e": ["58", "com.evancharlton.mileage.ServiceIntervalTemplateListActivity"]}, {"3f04f7000f276f83cc13711ae740ba6d": ["36", "com.evancharlton.mileage.ServiceIntervalTemplateActivity"]}, {"9cee024b2b2b28c5eb9a1f7ef5fbce6e": ["58", "com.evancharlton.mileage.ServiceIntervalTemplateListActivity"]}, {"9cee024b2b2b28c5eb9a1f7ef5fbce6e": ["58", "com.evancharlton.mileage.ServiceIntervalTemplateListActivity"]}, {"097ddc5f3d96a32719e736d33c2d54ac": ["38", "com.evancharlton.mileage.ServiceIntervalTemplateActivity"]}, {"4a271b20e97a0cc0df4e774ecdcaef12": ["32", "com.evancharlton.mileage.ServiceIntervalsListActivity"]}, {"f98376ef12915b88eb4451738c61af20": ["59", "com.evancharlton.mileage.ServiceIntervalTemplateListActivity"]}, {"3f04f7000f276f83cc13711ae740ba6d": ["36", "com.evancharlton.mileage.ServiceIntervalTemplateActivity"]}, {"f98376ef12915b88eb4451738c61af20": ["59", "com.evancharlton.mileage.ServiceIntervalTemplateListActivity"]}, {"c54067384f6957ced6317452c2e4ad1d": ["39", "com.evancharlton.mileage.ServiceIntervalTemplateActivity"]}, {"3f04f7000f276f83cc13711ae740ba6d": ["36", "com.evancharlton.mileage.ServiceIntervalTemplateActivity"]}, {"f98376ef12915b88eb4451738c61af20": ["59", "com.evancharlton.mileage.ServiceIntervalTemplateListActivity"]}, {"3f04f7000f276f83cc13711ae740ba6d": ["36", "com.evancharlton.mileage.ServiceIntervalTemplateActivity"]}, {"c54067384f6957ced6317452c2e4ad1d": ["39", "com.evancharlton.mileage.ServiceIntervalTemplateActivity"]}, {"3f04f7000f276f83cc13711ae740ba6d": ["36", "com.evancharlton.mileage.ServiceIntervalTemplateActivity"]}, {"3f04f7000f276f83cc13711ae740ba6d": ["36", "com.evancharlton.mileage.ServiceIntervalTemplateActivity"]}, {"3f04f7000f276f83cc13711ae740ba6d": ["36", "com.evancharlton.mileage.ServiceIntervalTemplateActivity"]}, {"3f04f7000f276f83cc13711ae740ba6d": ["36", "com.evancharlton.mileage.ServiceIntervalTemplateActivity"]}, {"3f04f7000f276f83cc13711ae740ba6d": ["36", "com.evancharlton.mileage.ServiceIntervalTemplateActivity"]}, {"3f04f7000f276f83cc13711ae740ba6d": ["36", "com.evancharlton.mileage.ServiceIntervalTemplateActivity"]}, {"c54067384f6957ced6317452c2e4ad1d": ["39", "com.evancharlton.mileage.ServiceIntervalTemplateActivity"]}, {"3f04f7000f276f83cc13711ae740ba6d": ["36", "com.evancharlton.mileage.ServiceIntervalTemplateActivity"]}, {"8ac0ba09ffd316c4f230b0fba96e1f3d": ["37", "com.evancharlton.mileage.ServiceIntervalTemplateActivity"]}, {"3f04f7000f276f83cc13711ae740ba6d": ["36", "com.evancharlton.mileage.ServiceIntervalTemplateActivity"]}, {"c54067384f6957ced6317452c2e4ad1d": ["39", "com.evancharlton.mileage.ServiceIntervalTemplateActivity"]}, {"f98376ef12915b88eb4451738c61af20": ["59", "com.evancharlton.mileage.ServiceIntervalTemplateListActivity"]}, {"097ddc5f3d96a32719e736d33c2d54ac": ["38", "com.evancharlton.mileage.ServiceIntervalTemplateActivity"]}, {"716d6be61797d4a3722b081b11147b85": ["60", "com.evancharlton.mileage.ServiceIntervalTemplateListActivity"]}, {"8ac0ba09ffd316c4f230b0fba96e1f3d": ["37", "com.evancharlton.mileage.ServiceIntervalTemplateActivity"]}, {"3f04f7000f276f83cc13711ae740ba6d": ["36", "com.evancharlton.mileage.ServiceIntervalTemplateActivity"]}, {"4a271b20e97a0cc0df4e774ecdcaef12": ["32", "com.evancharlton.mileage.ServiceIntervalsListActivity"]}, {"716d6be61797d4a3722b081b11147b85": ["60", "com.evancharlton.mileage.ServiceIntervalTemplateListActivity"]}, {"c54067384f6957ced6317452c2e4ad1d": ["39", "com.evancharlton.mileage.ServiceIntervalTemplateActivity"]}, {"3f04f7000f276f83cc13711ae740ba6d": ["36", "com.evancharlton.mileage.ServiceIntervalTemplateActivity"]}, {"3f04f7000f276f83cc13711ae740ba6d": ["36", "com.evancharlton.mileage.ServiceIntervalTemplateActivity"]}, {"3f04f7000f276f83cc13711ae740ba6d": ["36", "com.evancharlton.mileage.ServiceIntervalTemplateActivity"]}, {"3f04f7000f276f83cc13711ae740ba6d": ["36", "com.evancharlton.mileage.ServiceIntervalTemplateActivity"]}, {"8ac0ba09ffd316c4f230b0fba96e1f3d": ["37", "com.evancharlton.mileage.ServiceIntervalTemplateActivity"]}]