[{"fbe82fb95f3619a01a5fa3e566233058": ["0", "com.hectorone.multismssender.MultiSmsSender"]}, {"fbe82fb95f3619a01a5fa3e566233058": ["0", "com.hectorone.multismssender.MultiSmsSender"]}, {"aa94df71178836b00ff5d3e928d0e886": ["6", "com.hectorone.multismssender.GroupEditActivity"]}, {"6cfc1d1333372e646b8edfbe8632c5ff": ["7", "com.hectorone.multismssender.SelectGroupActivity"]}, {"fbe82fb95f3619a01a5fa3e566233058": ["0", "com.hectorone.multismssender.MultiSmsSender"]}, {"949b2f7840dad904d727e4970da960c3": ["1", "com.hectorone.multismssender.PhoneNumberSelection"]}, {"fbe82fb95f3619a01a5fa3e566233058": ["0", "com.hectorone.multismssender.MultiSmsSender"]}, {"949b2f7840dad904d727e4970da960c3": ["1", "com.hectorone.multismssender.PhoneNumberSelection"]}, {"fbe82fb95f3619a01a5fa3e566233058": ["0", "com.hectorone.multismssender.MultiSmsSender"]}, {"949b2f7840dad904d727e4970da960c3": ["1", "com.hectorone.multismssender.PhoneNumberSelection"]}, {"fbe82fb95f3619a01a5fa3e566233058": ["0", "com.hectorone.multismssender.MultiSmsSender"]}, {"949b2f7840dad904d727e4970da960c3": ["1", "com.hectorone.multismssender.PhoneNumberSelection"]}, {"fbe82fb95f3619a01a5fa3e566233058": ["0", "com.hectorone.multismssender.MultiSmsSender"]}]