[{"bb5fb590557a76a1582b16f7a217181f": ["1", "com.kvance.Nectroid.NectroidActivity"]}, {"bb5fb590557a76a1582b16f7a217181f": ["1", "com.kvance.Nectroid.NectroidActivity"]}, {"bb5fb590557a76a1582b16f7a217181f": ["1", "com.kvance.Nectroid.NectroidActivity"]}, {"bb5fb590557a76a1582b16f7a217181f": ["1", "com.kvance.Nectroid.NectroidActivity"]}, {"bb5fb590557a76a1582b16f7a217181f": ["1", "com.kvance.Nectroid.NectroidActivity"]}, {"25da500e108f81c7347afef48a550ba6": ["6", "com.kvance.Nectroid.NectroidActivity"]}, {"bb5fb590557a76a1582b16f7a217181f": ["1", "com.kvance.Nectroid.NectroidActivity"]}, {"bb5fb590557a76a1582b16f7a217181f": ["1", "com.kvance.Nectroid.NectroidActivity"]}, {"bb5fb590557a76a1582b16f7a217181f": ["1", "com.kvance.Nectroid.NectroidActivity"]}, {"25da500e108f81c7347afef48a550ba6": ["6", "com.kvance.Nectroid.NectroidActivity"]}, {"bb5fb590557a76a1582b16f7a217181f": ["1", "com.kvance.Nectroid.NectroidActivity"]}, {"bb5fb590557a76a1582b16f7a217181f": ["1", "com.kvance.Nectroid.NectroidActivity"]}, {"bb5fb590557a76a1582b16f7a217181f": ["1", "com.kvance.Nectroid.NectroidActivity"]}, {"bb5fb590557a76a1582b16f7a217181f": ["1", "com.kvance.Nectroid.NectroidActivity"]}, {"bb5fb590557a76a1582b16f7a217181f": ["1", "com.kvance.Nectroid.NectroidActivity"]}, {"bb5fb590557a76a1582b16f7a217181f": ["1", "com.kvance.Nectroid.NectroidActivity"]}, {"25da500e108f81c7347afef48a550ba6": ["6", "com.kvance.Nectroid.NectroidActivity"]}, {"bb5fb590557a76a1582b16f7a217181f": ["1", "com.kvance.Nectroid.NectroidActivity"]}, {"bb5fb590557a76a1582b16f7a217181f": ["1", "com.kvance.Nectroid.NectroidActivity"]}, {"bb5fb590557a76a1582b16f7a217181f": ["1", "com.kvance.Nectroid.NectroidActivity"]}, {"bb5fb590557a76a1582b16f7a217181f": ["1", "com.kvance.Nectroid.NectroidActivity"]}, {"bb5fb590557a76a1582b16f7a217181f": ["1", "com.kvance.Nectroid.NectroidActivity"]}, {"25da500e108f81c7347afef48a550ba6": ["6", "com.kvance.Nectroid.NectroidActivity"]}, {"bb5fb590557a76a1582b16f7a217181f": ["1", "com.kvance.Nectroid.NectroidActivity"]}, {"bb5fb590557a76a1582b16f7a217181f": ["1", "com.kvance.Nectroid.NectroidActivity"]}, {"bb5fb590557a76a1582b16f7a217181f": ["1", "com.kvance.Nectroid.NectroidActivity"]}, {"bb5fb590557a76a1582b16f7a217181f": ["1", "com.kvance.Nectroid.NectroidActivity"]}, {"bb5fb590557a76a1582b16f7a217181f": ["1", "com.kvance.Nectroid.NectroidActivity"]}, {"bb5fb590557a76a1582b16f7a217181f": ["1", "com.kvance.Nectroid.NectroidActivity"]}, {"bb5fb590557a76a1582b16f7a217181f": ["1", "com.kvance.Nectroid.NectroidActivity"]}, {"25da500e108f81c7347afef48a550ba6": ["6", "com.kvance.Nectroid.NectroidActivity"]}, {"bb5fb590557a76a1582b16f7a217181f": ["1", "com.kvance.Nectroid.NectroidActivity"]}, {"ec254e10da3388a4542f51e992993fce": ["0", "com.kvance.Nectroid.SettingsActivity"]}, {"318e4f984cd95dde4e6710d0a4cad8c9": ["3", "com.kvance.Nectroid.SettingsActivity"]}, {"ec254e10da3388a4542f51e992993fce": ["0", "com.kvance.Nectroid.SettingsActivity"]}, {"6af52f286e9fb911a5e180357a81c6b4": ["2", "com.kvance.Nectroid.SettingsActivity"]}, {"ec254e10da3388a4542f51e992993fce": ["0", "com.kvance.Nectroid.SettingsActivity"]}, {"ec254e10da3388a4542f51e992993fce": ["0", "com.kvance.Nectroid.SettingsActivity"]}, {"ec254e10da3388a4542f51e992993fce": ["0", "com.kvance.Nectroid.SettingsActivity"]}, {"ec254e10da3388a4542f51e992993fce": ["0", "com.kvance.Nectroid.SettingsActivity"]}, {"ec254e10da3388a4542f51e992993fce": ["0", "com.kvance.Nectroid.SettingsActivity"]}, {"ec254e10da3388a4542f51e992993fce": ["0", "com.kvance.Nectroid.SettingsActivity"]}, {"318e4f984cd95dde4e6710d0a4cad8c9": ["3", "com.kvance.Nectroid.SettingsActivity"]}, {"ec254e10da3388a4542f51e992993fce": ["0", "com.kvance.Nectroid.SettingsActivity"]}, {"6af52f286e9fb911a5e180357a81c6b4": ["2", "com.kvance.Nectroid.SettingsActivity"]}, {"ec254e10da3388a4542f51e992993fce": ["0", "com.kvance.Nectroid.SettingsActivity"]}, {"bb5fb590557a76a1582b16f7a217181f": ["1", "com.kvance.Nectroid.NectroidActivity"]}, {"bb5fb590557a76a1582b16f7a217181f": ["1", "com.kvance.Nectroid.NectroidActivity"]}, {"ec254e10da3388a4542f51e992993fce": ["0", "com.kvance.Nectroid.SettingsActivity"]}, {"bb5fb590557a76a1582b16f7a217181f": ["1", "com.kvance.Nectroid.NectroidActivity"]}, {"bb5fb590557a76a1582b16f7a217181f": ["1", "com.kvance.Nectroid.NectroidActivity"]}, {"bb5fb590557a76a1582b16f7a217181f": ["1", "com.kvance.Nectroid.NectroidActivity"]}, {"bb5fb590557a76a1582b16f7a217181f": ["1", "com.kvance.Nectroid.NectroidActivity"]}, {"bb5fb590557a76a1582b16f7a217181f": ["1", "com.kvance.Nectroid.NectroidActivity"]}, {"bb5fb590557a76a1582b16f7a217181f": ["1", "com.kvance.Nectroid.NectroidActivity"]}, {"ec254e10da3388a4542f51e992993fce": ["0", "com.kvance.Nectroid.SettingsActivity"]}, {"6af52f286e9fb911a5e180357a81c6b4": ["2", "com.kvance.Nectroid.SettingsActivity"]}, {"ec254e10da3388a4542f51e992993fce": ["0", "com.kvance.Nectroid.SettingsActivity"]}, {"bb5fb590557a76a1582b16f7a217181f": ["1", "com.kvance.Nectroid.NectroidActivity"]}, {"bb5fb590557a76a1582b16f7a217181f": ["1", "com.kvance.Nectroid.NectroidActivity"]}, {"bb5fb590557a76a1582b16f7a217181f": ["1", "com.kvance.Nectroid.NectroidActivity"]}, {"bb5fb590557a76a1582b16f7a217181f": ["1", "com.kvance.Nectroid.NectroidActivity"]}, {"bb5fb590557a76a1582b16f7a217181f": ["1", "com.kvance.Nectroid.NectroidActivity"]}, {"bb5fb590557a76a1582b16f7a217181f": ["1", "com.kvance.Nectroid.NectroidActivity"]}, {"bb5fb590557a76a1582b16f7a217181f": ["1", "com.kvance.Nectroid.NectroidActivity"]}, {"bb5fb590557a76a1582b16f7a217181f": ["1", "com.kvance.Nectroid.NectroidActivity"]}, {"ec254e10da3388a4542f51e992993fce": ["0", "com.kvance.Nectroid.SettingsActivity"]}, {"318e4f984cd95dde4e6710d0a4cad8c9": ["3", "com.kvance.Nectroid.SettingsActivity"]}, {"ec254e10da3388a4542f51e992993fce": ["0", "com.kvance.Nectroid.SettingsActivity"]}, {"bb5fb590557a76a1582b16f7a217181f": ["1", "com.kvance.Nectroid.NectroidActivity"]}, {"bb5fb590557a76a1582b16f7a217181f": ["1", "com.kvance.Nectroid.NectroidActivity"]}, {"bb5fb590557a76a1582b16f7a217181f": ["1", "com.kvance.Nectroid.NectroidActivity"]}, {"ec254e10da3388a4542f51e992993fce": ["0", "com.kvance.Nectroid.SettingsActivity"]}, {"ec254e10da3388a4542f51e992993fce": ["0", "com.kvance.Nectroid.SettingsActivity"]}, {"ec254e10da3388a4542f51e992993fce": ["0", "com.kvance.Nectroid.SettingsActivity"]}, {"ec254e10da3388a4542f51e992993fce": ["0", "com.kvance.Nectroid.SettingsActivity"]}, {"6af52f286e9fb911a5e180357a81c6b4": ["2", "com.kvance.Nectroid.SettingsActivity"]}, {"ec254e10da3388a4542f51e992993fce": ["0", "com.kvance.Nectroid.SettingsActivity"]}, {"ec254e10da3388a4542f51e992993fce": ["0", "com.kvance.Nectroid.SettingsActivity"]}, {"ec254e10da3388a4542f51e992993fce": ["0", "com.kvance.Nectroid.SettingsActivity"]}, {"6af52f286e9fb911a5e180357a81c6b4": ["2", "com.kvance.Nectroid.SettingsActivity"]}, {"ec254e10da3388a4542f51e992993fce": ["0", "com.kvance.Nectroid.SettingsActivity"]}, {"ec254e10da3388a4542f51e992993fce": ["0", "com.kvance.Nectroid.SettingsActivity"]}, {"6af52f286e9fb911a5e180357a81c6b4": ["2", "com.kvance.Nectroid.SettingsActivity"]}, {"bb5fb590557a76a1582b16f7a217181f": ["1", "com.kvance.Nectroid.NectroidActivity"]}, {"bb5fb590557a76a1582b16f7a217181f": ["1", "com.kvance.Nectroid.NectroidActivity"]}, {"bb5fb590557a76a1582b16f7a217181f": ["1", "com.kvance.Nectroid.NectroidActivity"]}, {"bb5fb590557a76a1582b16f7a217181f": ["1", "com.kvance.Nectroid.NectroidActivity"]}, {"bb5fb590557a76a1582b16f7a217181f": ["1", "com.kvance.Nectroid.NectroidActivity"]}, {"bb5fb590557a76a1582b16f7a217181f": ["1", "com.kvance.Nectroid.NectroidActivity"]}, {"bb5fb590557a76a1582b16f7a217181f": ["1", "com.kvance.Nectroid.NectroidActivity"]}, {"bb5fb590557a76a1582b16f7a217181f": ["1", "com.kvance.Nectroid.NectroidActivity"]}, {"bb5fb590557a76a1582b16f7a217181f": ["1", "com.kvance.Nectroid.NectroidActivity"]}, {"bb5fb590557a76a1582b16f7a217181f": ["1", "com.kvance.Nectroid.NectroidActivity"]}, {"bb5fb590557a76a1582b16f7a217181f": ["1", "com.kvance.Nectroid.NectroidActivity"]}, {"ec254e10da3388a4542f51e992993fce": ["0", "com.kvance.Nectroid.SettingsActivity"]}, {"bb5fb590557a76a1582b16f7a217181f": ["1", "com.kvance.Nectroid.NectroidActivity"]}, {"bb5fb590557a76a1582b16f7a217181f": ["1", "com.kvance.Nectroid.NectroidActivity"]}, {"bb5fb590557a76a1582b16f7a217181f": ["1", "com.kvance.Nectroid.NectroidActivity"]}, {"bb5fb590557a76a1582b16f7a217181f": ["1", "com.kvance.Nectroid.NectroidActivity"]}, {"bb5fb590557a76a1582b16f7a217181f": ["1", "com.kvance.Nectroid.NectroidActivity"]}, {"bb5fb590557a76a1582b16f7a217181f": ["1", "com.kvance.Nectroid.NectroidActivity"]}, {"bb5fb590557a76a1582b16f7a217181f": ["1", "com.kvance.Nectroid.NectroidActivity"]}, {"bb5fb590557a76a1582b16f7a217181f": ["1", "com.kvance.Nectroid.NectroidActivity"]}, {"bb5fb590557a76a1582b16f7a217181f": ["1", "com.kvance.Nectroid.NectroidActivity"]}, {"bb5fb590557a76a1582b16f7a217181f": ["1", "com.kvance.Nectroid.NectroidActivity"]}, {"bb5fb590557a76a1582b16f7a217181f": ["1", "com.kvance.Nectroid.NectroidActivity"]}, {"ec254e10da3388a4542f51e992993fce": ["0", "com.kvance.Nectroid.SettingsActivity"]}, {"bb5fb590557a76a1582b16f7a217181f": ["1", "com.kvance.Nectroid.NectroidActivity"]}, {"bb5fb590557a76a1582b16f7a217181f": ["1", "com.kvance.Nectroid.NectroidActivity"]}, {"bb5fb590557a76a1582b16f7a217181f": ["1", "com.kvance.Nectroid.NectroidActivity"]}, {"bb5fb590557a76a1582b16f7a217181f": ["1", "com.kvance.Nectroid.NectroidActivity"]}, {"bb5fb590557a76a1582b16f7a217181f": ["1", "com.kvance.Nectroid.NectroidActivity"]}, {"bb5fb590557a76a1582b16f7a217181f": ["1", "com.kvance.Nectroid.NectroidActivity"]}, {"bb5fb590557a76a1582b16f7a217181f": ["1", "com.kvance.Nectroid.NectroidActivity"]}, {"bb5fb590557a76a1582b16f7a217181f": ["1", "com.kvance.Nectroid.NectroidActivity"]}, {"bb5fb590557a76a1582b16f7a217181f": ["1", "com.kvance.Nectroid.NectroidActivity"]}, {"bb5fb590557a76a1582b16f7a217181f": ["1", "com.kvance.Nectroid.NectroidActivity"]}, {"bb5fb590557a76a1582b16f7a217181f": ["1", "com.kvance.Nectroid.NectroidActivity"]}, {"bb5fb590557a76a1582b16f7a217181f": ["1", "com.kvance.Nectroid.NectroidActivity"]}, {"bb5fb590557a76a1582b16f7a217181f": ["1", "com.kvance.Nectroid.NectroidActivity"]}, {"bb5fb590557a76a1582b16f7a217181f": ["1", "com.kvance.Nectroid.NectroidActivity"]}, {"bb5fb590557a76a1582b16f7a217181f": ["1", "com.kvance.Nectroid.NectroidActivity"]}, {"bb5fb590557a76a1582b16f7a217181f": ["1", "com.kvance.Nectroid.NectroidActivity"]}, {"bb5fb590557a76a1582b16f7a217181f": ["1", "com.kvance.Nectroid.NectroidActivity"]}, {"bb5fb590557a76a1582b16f7a217181f": ["1", "com.kvance.Nectroid.NectroidActivity"]}, {"bb5fb590557a76a1582b16f7a217181f": ["1", "com.kvance.Nectroid.NectroidActivity"]}, {"bb5fb590557a76a1582b16f7a217181f": ["1", "com.kvance.Nectroid.NectroidActivity"]}, {"ec254e10da3388a4542f51e992993fce": ["0", "com.kvance.Nectroid.SettingsActivity"]}, {"bb5fb590557a76a1582b16f7a217181f": ["1", "com.kvance.Nectroid.NectroidActivity"]}, {"bb5fb590557a76a1582b16f7a217181f": ["1", "com.kvance.Nectroid.NectroidActivity"]}, {"bb5fb590557a76a1582b16f7a217181f": ["1", "com.kvance.Nectroid.NectroidActivity"]}, {"bb5fb590557a76a1582b16f7a217181f": ["1", "com.kvance.Nectroid.NectroidActivity"]}, {"bb5fb590557a76a1582b16f7a217181f": ["1", "com.kvance.Nectroid.NectroidActivity"]}, {"bb5fb590557a76a1582b16f7a217181f": ["1", "com.kvance.Nectroid.NectroidActivity"]}, {"bb5fb590557a76a1582b16f7a217181f": ["1", "com.kvance.Nectroid.NectroidActivity"]}, {"bb5fb590557a76a1582b16f7a217181f": ["1", "com.kvance.Nectroid.NectroidActivity"]}, {"bb5fb590557a76a1582b16f7a217181f": ["1", "com.kvance.Nectroid.NectroidActivity"]}, {"bb5fb590557a76a1582b16f7a217181f": ["1", "com.kvance.Nectroid.NectroidActivity"]}, {"bb5fb590557a76a1582b16f7a217181f": ["1", "com.kvance.Nectroid.NectroidActivity"]}, {"bb5fb590557a76a1582b16f7a217181f": ["1", "com.kvance.Nectroid.NectroidActivity"]}, {"bb5fb590557a76a1582b16f7a217181f": ["1", "com.kvance.Nectroid.NectroidActivity"]}, {"bb5fb590557a76a1582b16f7a217181f": ["1", "com.kvance.Nectroid.NectroidActivity"]}, {"bb5fb590557a76a1582b16f7a217181f": ["1", "com.kvance.Nectroid.NectroidActivity"]}, {"bb5fb590557a76a1582b16f7a217181f": ["1", "com.kvance.Nectroid.NectroidActivity"]}, {"bb5fb590557a76a1582b16f7a217181f": ["1", "com.kvance.Nectroid.NectroidActivity"]}, {"bb5fb590557a76a1582b16f7a217181f": ["1", "com.kvance.Nectroid.NectroidActivity"]}, {"bb5fb590557a76a1582b16f7a217181f": ["1", "com.kvance.Nectroid.NectroidActivity"]}, {"bb5fb590557a76a1582b16f7a217181f": ["1", "com.kvance.Nectroid.NectroidActivity"]}, {"bb5fb590557a76a1582b16f7a217181f": ["1", "com.kvance.Nectroid.NectroidActivity"]}, {"bb5fb590557a76a1582b16f7a217181f": ["1", "com.kvance.Nectroid.NectroidActivity"]}, {"bb5fb590557a76a1582b16f7a217181f": ["1", "com.kvance.Nectroid.NectroidActivity"]}, {"bb5fb590557a76a1582b16f7a217181f": ["1", "com.kvance.Nectroid.NectroidActivity"]}, {"bb5fb590557a76a1582b16f7a217181f": ["1", "com.kvance.Nectroid.NectroidActivity"]}, {"bb5fb590557a76a1582b16f7a217181f": ["1", "com.kvance.Nectroid.NectroidActivity"]}, {"bb5fb590557a76a1582b16f7a217181f": ["1", "com.kvance.Nectroid.NectroidActivity"]}, {"bb5fb590557a76a1582b16f7a217181f": ["1", "com.kvance.Nectroid.NectroidActivity"]}, {"bb5fb590557a76a1582b16f7a217181f": ["1", "com.kvance.Nectroid.NectroidActivity"]}, {"bb5fb590557a76a1582b16f7a217181f": ["1", "com.kvance.Nectroid.NectroidActivity"]}, {"bb5fb590557a76a1582b16f7a217181f": ["1", "com.kvance.Nectroid.NectroidActivity"]}, {"bb5fb590557a76a1582b16f7a217181f": ["1", "com.kvance.Nectroid.NectroidActivity"]}, {"bb5fb590557a76a1582b16f7a217181f": ["1", "com.kvance.Nectroid.NectroidActivity"]}, {"bb5fb590557a76a1582b16f7a217181f": ["1", "com.kvance.Nectroid.NectroidActivity"]}, {"bb5fb590557a76a1582b16f7a217181f": ["1", "com.kvance.Nectroid.NectroidActivity"]}, {"bb5fb590557a76a1582b16f7a217181f": ["1", "com.kvance.Nectroid.NectroidActivity"]}, {"bb5fb590557a76a1582b16f7a217181f": ["1", "com.kvance.Nectroid.NectroidActivity"]}, {"bb5fb590557a76a1582b16f7a217181f": ["1", "com.kvance.Nectroid.NectroidActivity"]}, {"bb5fb590557a76a1582b16f7a217181f": ["1", "com.kvance.Nectroid.NectroidActivity"]}, {"bb5fb590557a76a1582b16f7a217181f": ["1", "com.kvance.Nectroid.NectroidActivity"]}, {"bb5fb590557a76a1582b16f7a217181f": ["1", "com.kvance.Nectroid.NectroidActivity"]}, {"bb5fb590557a76a1582b16f7a217181f": ["1", "com.kvance.Nectroid.NectroidActivity"]}, {"bb5fb590557a76a1582b16f7a217181f": ["1", "com.kvance.Nectroid.NectroidActivity"]}, {"bb5fb590557a76a1582b16f7a217181f": ["1", "com.kvance.Nectroid.NectroidActivity"]}, {"bb5fb590557a76a1582b16f7a217181f": ["1", "com.kvance.Nectroid.NectroidActivity"]}, {"bb5fb590557a76a1582b16f7a217181f": ["1", "com.kvance.Nectroid.NectroidActivity"]}, {"bb5fb590557a76a1582b16f7a217181f": ["1", "com.kvance.Nectroid.NectroidActivity"]}, {"bb5fb590557a76a1582b16f7a217181f": ["1", "com.kvance.Nectroid.NectroidActivity"]}, {"bb5fb590557a76a1582b16f7a217181f": ["1", "com.kvance.Nectroid.NectroidActivity"]}, {"bb5fb590557a76a1582b16f7a217181f": ["1", "com.kvance.Nectroid.NectroidActivity"]}, {"bb5fb590557a76a1582b16f7a217181f": ["1", "com.kvance.Nectroid.NectroidActivity"]}, {"bb5fb590557a76a1582b16f7a217181f": ["1", "com.kvance.Nectroid.NectroidActivity"]}, {"bb5fb590557a76a1582b16f7a217181f": ["1", "com.kvance.Nectroid.NectroidActivity"]}, {"bb5fb590557a76a1582b16f7a217181f": ["1", "com.kvance.Nectroid.NectroidActivity"]}, {"bb5fb590557a76a1582b16f7a217181f": ["1", "com.kvance.Nectroid.NectroidActivity"]}, {"bb5fb590557a76a1582b16f7a217181f": ["1", "com.kvance.Nectroid.NectroidActivity"]}, {"bb5fb590557a76a1582b16f7a217181f": ["1", "com.kvance.Nectroid.NectroidActivity"]}, {"bb5fb590557a76a1582b16f7a217181f": ["1", "com.kvance.Nectroid.NectroidActivity"]}, {"bb5fb590557a76a1582b16f7a217181f": ["1", "com.kvance.Nectroid.NectroidActivity"]}, {"bb5fb590557a76a1582b16f7a217181f": ["1", "com.kvance.Nectroid.NectroidActivity"]}, {"bb5fb590557a76a1582b16f7a217181f": ["1", "com.kvance.Nectroid.NectroidActivity"]}]