[{"b677360a6d7f8e29cf0ef9d5e388f7b8": ["0", "com.tum.yahtzee.YahtzeeActivity"]}, {"cb3c0d63e7151e309152506291eeb3c2": ["1", "com.tum.yahtzee.YahtzeeActivity"]}, {"b677360a6d7f8e29cf0ef9d5e388f7b8": ["0", "com.tum.yahtzee.YahtzeeActivity"]}, {"cb3c0d63e7151e309152506291eeb3c2": ["1", "com.tum.yahtzee.YahtzeeActivity"]}, {"b677360a6d7f8e29cf0ef9d5e388f7b8": ["0", "com.tum.yahtzee.YahtzeeActivity"]}, {"cb3c0d63e7151e309152506291eeb3c2": ["1", "com.tum.yahtzee.YahtzeeActivity"]}, {"b677360a6d7f8e29cf0ef9d5e388f7b8": ["0", "com.tum.yahtzee.YahtzeeActivity"]}, {"cb3c0d63e7151e309152506291eeb3c2": ["1", "com.tum.yahtzee.YahtzeeActivity"]}, {"b677360a6d7f8e29cf0ef9d5e388f7b8": ["0", "com.tum.yahtzee.YahtzeeActivity"]}, {"08f206a634281ed0f990e50534f091ee": ["2", "com.tum.yahtzee.GameActivity"]}, {"08f206a634281ed0f990e50534f091ee": ["2", "com.tum.yahtzee.GameActivity"]}, {"08f206a634281ed0f990e50534f091ee": ["2", "com.tum.yahtzee.GameActivity"]}, {"08f206a634281ed0f990e50534f091ee": ["2", "com.tum.yahtzee.GameActivity"]}, {"b677360a6d7f8e29cf0ef9d5e388f7b8": ["0", "com.tum.yahtzee.YahtzeeActivity"]}, {"b677360a6d7f8e29cf0ef9d5e388f7b8": ["0", "com.tum.yahtzee.YahtzeeActivity"]}, {"cb3c0d63e7151e309152506291eeb3c2": ["1", "com.tum.yahtzee.YahtzeeActivity"]}, {"b677360a6d7f8e29cf0ef9d5e388f7b8": ["0", "com.tum.yahtzee.YahtzeeActivity"]}, {"cb3c0d63e7151e309152506291eeb3c2": ["1", "com.tum.yahtzee.YahtzeeActivity"]}, {"b677360a6d7f8e29cf0ef9d5e388f7b8": ["0", "com.tum.yahtzee.YahtzeeActivity"]}, {"cb3c0d63e7151e309152506291eeb3c2": ["1", "com.tum.yahtzee.YahtzeeActivity"]}, {"b677360a6d7f8e29cf0ef9d5e388f7b8": ["0", "com.tum.yahtzee.YahtzeeActivity"]}, {"cb3c0d63e7151e309152506291eeb3c2": ["1", "com.tum.yahtzee.YahtzeeActivity"]}, {"b677360a6d7f8e29cf0ef9d5e388f7b8": ["0", "com.tum.yahtzee.YahtzeeActivity"]}, {"cb3c0d63e7151e309152506291eeb3c2": ["1", "com.tum.yahtzee.YahtzeeActivity"]}, {"b677360a6d7f8e29cf0ef9d5e388f7b8": ["0", "com.tum.yahtzee.YahtzeeActivity"]}, {"cb3c0d63e7151e309152506291eeb3c2": ["1", "com.tum.yahtzee.YahtzeeActivity"]}, {"b677360a6d7f8e29cf0ef9d5e388f7b8": ["0", "com.tum.yahtzee.YahtzeeActivity"]}, {"cb3c0d63e7151e309152506291eeb3c2": ["1", "com.tum.yahtzee.YahtzeeActivity"]}, {"b677360a6d7f8e29cf0ef9d5e388f7b8": ["0", "com.tum.yahtzee.YahtzeeActivity"]}, {"cb3c0d63e7151e309152506291eeb3c2": ["1", "com.tum.yahtzee.YahtzeeActivity"]}, {"b677360a6d7f8e29cf0ef9d5e388f7b8": ["0", "com.tum.yahtzee.YahtzeeActivity"]}, {"cb3c0d63e7151e309152506291eeb3c2": ["1", "com.tum.yahtzee.YahtzeeActivity"]}, {"b677360a6d7f8e29cf0ef9d5e388f7b8": ["0", "com.tum.yahtzee.YahtzeeActivity"]}, {"cb3c0d63e7151e309152506291eeb3c2": ["1", "com.tum.yahtzee.YahtzeeActivity"]}, {"b677360a6d7f8e29cf0ef9d5e388f7b8": ["0", "com.tum.yahtzee.YahtzeeActivity"]}, {"cb3c0d63e7151e309152506291eeb3c2": ["1", "com.tum.yahtzee.YahtzeeActivity"]}, {"b677360a6d7f8e29cf0ef9d5e388f7b8": ["0", "com.tum.yahtzee.YahtzeeActivity"]}, {"cb3c0d63e7151e309152506291eeb3c2": ["1", "com.tum.yahtzee.YahtzeeActivity"]}, {"b677360a6d7f8e29cf0ef9d5e388f7b8": ["0", "com.tum.yahtzee.YahtzeeActivity"]}, {"cb3c0d63e7151e309152506291eeb3c2": ["1", "com.tum.yahtzee.YahtzeeActivity"]}, {"b677360a6d7f8e29cf0ef9d5e388f7b8": ["0", "com.tum.yahtzee.YahtzeeActivity"]}, {"cb3c0d63e7151e309152506291eeb3c2": ["1", "com.tum.yahtzee.YahtzeeActivity"]}, {"b677360a6d7f8e29cf0ef9d5e388f7b8": ["0", "com.tum.yahtzee.YahtzeeActivity"]}, {"cb3c0d63e7151e309152506291eeb3c2": ["1", "com.tum.yahtzee.YahtzeeActivity"]}, {"b677360a6d7f8e29cf0ef9d5e388f7b8": ["0", "com.tum.yahtzee.YahtzeeActivity"]}, {"cb3c0d63e7151e309152506291eeb3c2": ["1", "com.tum.yahtzee.YahtzeeActivity"]}, {"b677360a6d7f8e29cf0ef9d5e388f7b8": ["0", "com.tum.yahtzee.YahtzeeActivity"]}, {"cb3c0d63e7151e309152506291eeb3c2": ["1", "com.tum.yahtzee.YahtzeeActivity"]}, {"b677360a6d7f8e29cf0ef9d5e388f7b8": ["0", "com.tum.yahtzee.YahtzeeActivity"]}, {"cb3c0d63e7151e309152506291eeb3c2": ["1", "com.tum.yahtzee.YahtzeeActivity"]}, {"b677360a6d7f8e29cf0ef9d5e388f7b8": ["0", "com.tum.yahtzee.YahtzeeActivity"]}, {"cb3c0d63e7151e309152506291eeb3c2": ["1", "com.tum.yahtzee.YahtzeeActivity"]}, {"b677360a6d7f8e29cf0ef9d5e388f7b8": ["0", "com.tum.yahtzee.YahtzeeActivity"]}, {"cb3c0d63e7151e309152506291eeb3c2": ["1", "com.tum.yahtzee.YahtzeeActivity"]}, {"b677360a6d7f8e29cf0ef9d5e388f7b8": ["0", "com.tum.yahtzee.YahtzeeActivity"]}, {"cb3c0d63e7151e309152506291eeb3c2": ["1", "com.tum.yahtzee.YahtzeeActivity"]}, {"b677360a6d7f8e29cf0ef9d5e388f7b8": ["0", "com.tum.yahtzee.YahtzeeActivity"]}, {"cb3c0d63e7151e309152506291eeb3c2": ["1", "com.tum.yahtzee.YahtzeeActivity"]}, {"b677360a6d7f8e29cf0ef9d5e388f7b8": ["0", "com.tum.yahtzee.YahtzeeActivity"]}, {"cb3c0d63e7151e309152506291eeb3c2": ["1", "com.tum.yahtzee.YahtzeeActivity"]}, {"b677360a6d7f8e29cf0ef9d5e388f7b8": ["0", "com.tum.yahtzee.YahtzeeActivity"]}, {"cb3c0d63e7151e309152506291eeb3c2": ["1", "com.tum.yahtzee.YahtzeeActivity"]}, {"b677360a6d7f8e29cf0ef9d5e388f7b8": ["0", "com.tum.yahtzee.YahtzeeActivity"]}, {"cb3c0d63e7151e309152506291eeb3c2": ["1", "com.tum.yahtzee.YahtzeeActivity"]}, {"b677360a6d7f8e29cf0ef9d5e388f7b8": ["0", "com.tum.yahtzee.YahtzeeActivity"]}, {"cb3c0d63e7151e309152506291eeb3c2": ["1", "com.tum.yahtzee.YahtzeeActivity"]}, {"b677360a6d7f8e29cf0ef9d5e388f7b8": ["0", "com.tum.yahtzee.YahtzeeActivity"]}, {"cb3c0d63e7151e309152506291eeb3c2": ["1", "com.tum.yahtzee.YahtzeeActivity"]}, {"b677360a6d7f8e29cf0ef9d5e388f7b8": ["0", "com.tum.yahtzee.YahtzeeActivity"]}, {"cb3c0d63e7151e309152506291eeb3c2": ["1", "com.tum.yahtzee.YahtzeeActivity"]}, {"b677360a6d7f8e29cf0ef9d5e388f7b8": ["0", "com.tum.yahtzee.YahtzeeActivity"]}, {"cb3c0d63e7151e309152506291eeb3c2": ["1", "com.tum.yahtzee.YahtzeeActivity"]}, {"b677360a6d7f8e29cf0ef9d5e388f7b8": ["0", "com.tum.yahtzee.YahtzeeActivity"]}, {"cb3c0d63e7151e309152506291eeb3c2": ["1", "com.tum.yahtzee.YahtzeeActivity"]}, {"b677360a6d7f8e29cf0ef9d5e388f7b8": ["0", "com.tum.yahtzee.YahtzeeActivity"]}, {"cb3c0d63e7151e309152506291eeb3c2": ["1", "com.tum.yahtzee.YahtzeeActivity"]}, {"b677360a6d7f8e29cf0ef9d5e388f7b8": ["0", "com.tum.yahtzee.YahtzeeActivity"]}, {"cb3c0d63e7151e309152506291eeb3c2": ["1", "com.tum.yahtzee.YahtzeeActivity"]}, {"b677360a6d7f8e29cf0ef9d5e388f7b8": ["0", "com.tum.yahtzee.YahtzeeActivity"]}, {"cb3c0d63e7151e309152506291eeb3c2": ["1", "com.tum.yahtzee.YahtzeeActivity"]}, {"b677360a6d7f8e29cf0ef9d5e388f7b8": ["0", "com.tum.yahtzee.YahtzeeActivity"]}, {"cb3c0d63e7151e309152506291eeb3c2": ["1", "com.tum.yahtzee.YahtzeeActivity"]}, {"b677360a6d7f8e29cf0ef9d5e388f7b8": ["0", "com.tum.yahtzee.YahtzeeActivity"]}, {"cb3c0d63e7151e309152506291eeb3c2": ["1", "com.tum.yahtzee.YahtzeeActivity"]}, {"b677360a6d7f8e29cf0ef9d5e388f7b8": ["0", "com.tum.yahtzee.YahtzeeActivity"]}, {"cb3c0d63e7151e309152506291eeb3c2": ["1", "com.tum.yahtzee.YahtzeeActivity"]}, {"b677360a6d7f8e29cf0ef9d5e388f7b8": ["0", "com.tum.yahtzee.YahtzeeActivity"]}, {"cb3c0d63e7151e309152506291eeb3c2": ["1", "com.tum.yahtzee.YahtzeeActivity"]}, {"b677360a6d7f8e29cf0ef9d5e388f7b8": ["0", "com.tum.yahtzee.YahtzeeActivity"]}, {"cb3c0d63e7151e309152506291eeb3c2": ["1", "com.tum.yahtzee.YahtzeeActivity"]}, {"b677360a6d7f8e29cf0ef9d5e388f7b8": ["0", "com.tum.yahtzee.YahtzeeActivity"]}, {"cb3c0d63e7151e309152506291eeb3c2": ["1", "com.tum.yahtzee.YahtzeeActivity"]}, {"b677360a6d7f8e29cf0ef9d5e388f7b8": ["0", "com.tum.yahtzee.YahtzeeActivity"]}, {"cb3c0d63e7151e309152506291eeb3c2": ["1", "com.tum.yahtzee.YahtzeeActivity"]}, {"b677360a6d7f8e29cf0ef9d5e388f7b8": ["0", "com.tum.yahtzee.YahtzeeActivity"]}, {"cb3c0d63e7151e309152506291eeb3c2": ["1", "com.tum.yahtzee.YahtzeeActivity"]}, {"b677360a6d7f8e29cf0ef9d5e388f7b8": ["0", "com.tum.yahtzee.YahtzeeActivity"]}, {"cb3c0d63e7151e309152506291eeb3c2": ["1", "com.tum.yahtzee.YahtzeeActivity"]}, {"b677360a6d7f8e29cf0ef9d5e388f7b8": ["0", "com.tum.yahtzee.YahtzeeActivity"]}, {"cb3c0d63e7151e309152506291eeb3c2": ["1", "com.tum.yahtzee.YahtzeeActivity"]}, {"b677360a6d7f8e29cf0ef9d5e388f7b8": ["0", "com.tum.yahtzee.YahtzeeActivity"]}, {"cb3c0d63e7151e309152506291eeb3c2": ["1", "com.tum.yahtzee.YahtzeeActivity"]}, {"b677360a6d7f8e29cf0ef9d5e388f7b8": ["0", "com.tum.yahtzee.YahtzeeActivity"]}, {"cb3c0d63e7151e309152506291eeb3c2": ["1", "com.tum.yahtzee.YahtzeeActivity"]}, {"b677360a6d7f8e29cf0ef9d5e388f7b8": ["0", "com.tum.yahtzee.YahtzeeActivity"]}, {"cb3c0d63e7151e309152506291eeb3c2": ["1", "com.tum.yahtzee.YahtzeeActivity"]}, {"b677360a6d7f8e29cf0ef9d5e388f7b8": ["0", "com.tum.yahtzee.YahtzeeActivity"]}, {"cb3c0d63e7151e309152506291eeb3c2": ["1", "com.tum.yahtzee.YahtzeeActivity"]}, {"b677360a6d7f8e29cf0ef9d5e388f7b8": ["0", "com.tum.yahtzee.YahtzeeActivity"]}, {"cb3c0d63e7151e309152506291eeb3c2": ["1", "com.tum.yahtzee.YahtzeeActivity"]}, {"b677360a6d7f8e29cf0ef9d5e388f7b8": ["0", "com.tum.yahtzee.YahtzeeActivity"]}, {"cb3c0d63e7151e309152506291eeb3c2": ["1", "com.tum.yahtzee.YahtzeeActivity"]}, {"b677360a6d7f8e29cf0ef9d5e388f7b8": ["0", "com.tum.yahtzee.YahtzeeActivity"]}, {"cb3c0d63e7151e309152506291eeb3c2": ["1", "com.tum.yahtzee.YahtzeeActivity"]}, {"b677360a6d7f8e29cf0ef9d5e388f7b8": ["0", "com.tum.yahtzee.YahtzeeActivity"]}, {"cb3c0d63e7151e309152506291eeb3c2": ["1", "com.tum.yahtzee.YahtzeeActivity"]}, {"b677360a6d7f8e29cf0ef9d5e388f7b8": ["0", "com.tum.yahtzee.YahtzeeActivity"]}, {"cb3c0d63e7151e309152506291eeb3c2": ["1", "com.tum.yahtzee.YahtzeeActivity"]}, {"b677360a6d7f8e29cf0ef9d5e388f7b8": ["0", "com.tum.yahtzee.YahtzeeActivity"]}, {"cb3c0d63e7151e309152506291eeb3c2": ["1", "com.tum.yahtzee.YahtzeeActivity"]}, {"b677360a6d7f8e29cf0ef9d5e388f7b8": ["0", "com.tum.yahtzee.YahtzeeActivity"]}, {"cb3c0d63e7151e309152506291eeb3c2": ["1", "com.tum.yahtzee.YahtzeeActivity"]}, {"b677360a6d7f8e29cf0ef9d5e388f7b8": ["0", "com.tum.yahtzee.YahtzeeActivity"]}, {"cb3c0d63e7151e309152506291eeb3c2": ["1", "com.tum.yahtzee.YahtzeeActivity"]}, {"b677360a6d7f8e29cf0ef9d5e388f7b8": ["0", "com.tum.yahtzee.YahtzeeActivity"]}, {"cb3c0d63e7151e309152506291eeb3c2": ["1", "com.tum.yahtzee.YahtzeeActivity"]}, {"b677360a6d7f8e29cf0ef9d5e388f7b8": ["0", "com.tum.yahtzee.YahtzeeActivity"]}, {"cb3c0d63e7151e309152506291eeb3c2": ["1", "com.tum.yahtzee.YahtzeeActivity"]}, {"b677360a6d7f8e29cf0ef9d5e388f7b8": ["0", "com.tum.yahtzee.YahtzeeActivity"]}, {"cb3c0d63e7151e309152506291eeb3c2": ["1", "com.tum.yahtzee.YahtzeeActivity"]}, {"b677360a6d7f8e29cf0ef9d5e388f7b8": ["0", "com.tum.yahtzee.YahtzeeActivity"]}, {"cb3c0d63e7151e309152506291eeb3c2": ["1", "com.tum.yahtzee.YahtzeeActivity"]}, {"b677360a6d7f8e29cf0ef9d5e388f7b8": ["0", "com.tum.yahtzee.YahtzeeActivity"]}, {"cb3c0d63e7151e309152506291eeb3c2": ["1", "com.tum.yahtzee.YahtzeeActivity"]}, {"b677360a6d7f8e29cf0ef9d5e388f7b8": ["0", "com.tum.yahtzee.YahtzeeActivity"]}, {"cb3c0d63e7151e309152506291eeb3c2": ["1", "com.tum.yahtzee.YahtzeeActivity"]}, {"b677360a6d7f8e29cf0ef9d5e388f7b8": ["0", "com.tum.yahtzee.YahtzeeActivity"]}, {"cb3c0d63e7151e309152506291eeb3c2": ["1", "com.tum.yahtzee.YahtzeeActivity"]}, {"b677360a6d7f8e29cf0ef9d5e388f7b8": ["0", "com.tum.yahtzee.YahtzeeActivity"]}, {"cb3c0d63e7151e309152506291eeb3c2": ["1", "com.tum.yahtzee.YahtzeeActivity"]}, {"b677360a6d7f8e29cf0ef9d5e388f7b8": ["0", "com.tum.yahtzee.YahtzeeActivity"]}, {"cb3c0d63e7151e309152506291eeb3c2": ["1", "com.tum.yahtzee.YahtzeeActivity"]}, {"b677360a6d7f8e29cf0ef9d5e388f7b8": ["0", "com.tum.yahtzee.YahtzeeActivity"]}, {"cb3c0d63e7151e309152506291eeb3c2": ["1", "com.tum.yahtzee.YahtzeeActivity"]}, {"b677360a6d7f8e29cf0ef9d5e388f7b8": ["0", "com.tum.yahtzee.YahtzeeActivity"]}, {"cb3c0d63e7151e309152506291eeb3c2": ["1", "com.tum.yahtzee.YahtzeeActivity"]}, {"b677360a6d7f8e29cf0ef9d5e388f7b8": ["0", "com.tum.yahtzee.YahtzeeActivity"]}, {"cb3c0d63e7151e309152506291eeb3c2": ["1", "com.tum.yahtzee.YahtzeeActivity"]}, {"b677360a6d7f8e29cf0ef9d5e388f7b8": ["0", "com.tum.yahtzee.YahtzeeActivity"]}, {"cb3c0d63e7151e309152506291eeb3c2": ["1", "com.tum.yahtzee.YahtzeeActivity"]}, {"b677360a6d7f8e29cf0ef9d5e388f7b8": ["0", "com.tum.yahtzee.YahtzeeActivity"]}, {"cb3c0d63e7151e309152506291eeb3c2": ["1", "com.tum.yahtzee.YahtzeeActivity"]}, {"b677360a6d7f8e29cf0ef9d5e388f7b8": ["0", "com.tum.yahtzee.YahtzeeActivity"]}, {"cb3c0d63e7151e309152506291eeb3c2": ["1", "com.tum.yahtzee.YahtzeeActivity"]}, {"b677360a6d7f8e29cf0ef9d5e388f7b8": ["0", "com.tum.yahtzee.YahtzeeActivity"]}, {"cb3c0d63e7151e309152506291eeb3c2": ["1", "com.tum.yahtzee.YahtzeeActivity"]}, {"b677360a6d7f8e29cf0ef9d5e388f7b8": ["0", "com.tum.yahtzee.YahtzeeActivity"]}, {"cb3c0d63e7151e309152506291eeb3c2": ["1", "com.tum.yahtzee.YahtzeeActivity"]}, {"b677360a6d7f8e29cf0ef9d5e388f7b8": ["0", "com.tum.yahtzee.YahtzeeActivity"]}, {"cb3c0d63e7151e309152506291eeb3c2": ["1", "com.tum.yahtzee.YahtzeeActivity"]}, {"b677360a6d7f8e29cf0ef9d5e388f7b8": ["0", "com.tum.yahtzee.YahtzeeActivity"]}, {"cb3c0d63e7151e309152506291eeb3c2": ["1", "com.tum.yahtzee.YahtzeeActivity"]}, {"b677360a6d7f8e29cf0ef9d5e388f7b8": ["0", "com.tum.yahtzee.YahtzeeActivity"]}, {"cb3c0d63e7151e309152506291eeb3c2": ["1", "com.tum.yahtzee.YahtzeeActivity"]}, {"b677360a6d7f8e29cf0ef9d5e388f7b8": ["0", "com.tum.yahtzee.YahtzeeActivity"]}, {"cb3c0d63e7151e309152506291eeb3c2": ["1", "com.tum.yahtzee.YahtzeeActivity"]}, {"b677360a6d7f8e29cf0ef9d5e388f7b8": ["0", "com.tum.yahtzee.YahtzeeActivity"]}, {"cb3c0d63e7151e309152506291eeb3c2": ["1", "com.tum.yahtzee.YahtzeeActivity"]}, {"b677360a6d7f8e29cf0ef9d5e388f7b8": ["0", "com.tum.yahtzee.YahtzeeActivity"]}, {"cb3c0d63e7151e309152506291eeb3c2": ["1", "com.tum.yahtzee.YahtzeeActivity"]}, {"b677360a6d7f8e29cf0ef9d5e388f7b8": ["0", "com.tum.yahtzee.YahtzeeActivity"]}, {"cb3c0d63e7151e309152506291eeb3c2": ["1", "com.tum.yahtzee.YahtzeeActivity"]}, {"b677360a6d7f8e29cf0ef9d5e388f7b8": ["0", "com.tum.yahtzee.YahtzeeActivity"]}, {"cb3c0d63e7151e309152506291eeb3c2": ["1", "com.tum.yahtzee.YahtzeeActivity"]}, {"b677360a6d7f8e29cf0ef9d5e388f7b8": ["0", "com.tum.yahtzee.YahtzeeActivity"]}, {"cb3c0d63e7151e309152506291eeb3c2": ["1", "com.tum.yahtzee.YahtzeeActivity"]}, {"b677360a6d7f8e29cf0ef9d5e388f7b8": ["0", "com.tum.yahtzee.YahtzeeActivity"]}, {"cb3c0d63e7151e309152506291eeb3c2": ["1", "com.tum.yahtzee.YahtzeeActivity"]}, {"b677360a6d7f8e29cf0ef9d5e388f7b8": ["0", "com.tum.yahtzee.YahtzeeActivity"]}, {"cb3c0d63e7151e309152506291eeb3c2": ["1", "com.tum.yahtzee.YahtzeeActivity"]}, {"b677360a6d7f8e29cf0ef9d5e388f7b8": ["0", "com.tum.yahtzee.YahtzeeActivity"]}, {"cb3c0d63e7151e309152506291eeb3c2": ["1", "com.tum.yahtzee.YahtzeeActivity"]}, {"b677360a6d7f8e29cf0ef9d5e388f7b8": ["0", "com.tum.yahtzee.YahtzeeActivity"]}, {"08f206a634281ed0f990e50534f091ee": ["2", "com.tum.yahtzee.GameActivity"]}, {"08f206a634281ed0f990e50534f091ee": ["2", "com.tum.yahtzee.GameActivity"]}, {"08f206a634281ed0f990e50534f091ee": ["2", "com.tum.yahtzee.GameActivity"]}, {"08f206a634281ed0f990e50534f091ee": ["2", "com.tum.yahtzee.GameActivity"]}, {"08f206a634281ed0f990e50534f091ee": ["2", "com.tum.yahtzee.GameActivity"]}, {"b677360a6d7f8e29cf0ef9d5e388f7b8": ["0", "com.tum.yahtzee.YahtzeeActivity"]}, {"08f206a634281ed0f990e50534f091ee": ["2", "com.tum.yahtzee.GameActivity"]}, {"08f206a634281ed0f990e50534f091ee": ["2", "com.tum.yahtzee.GameActivity"]}, {"08f206a634281ed0f990e50534f091ee": ["2", "com.tum.yahtzee.GameActivity"]}, {"08f206a634281ed0f990e50534f091ee": ["2", "com.tum.yahtzee.GameActivity"]}, {"08f206a634281ed0f990e50534f091ee": ["2", "com.tum.yahtzee.GameActivity"]}, {"08f206a634281ed0f990e50534f091ee": ["2", "com.tum.yahtzee.GameActivity"]}, {"866a3e0d34822eb1cee341f1ed4805db": ["4", "com.tum.yahtzee.GameActivity"]}, {"08f206a634281ed0f990e50534f091ee": ["2", "com.tum.yahtzee.GameActivity"]}, {"08f206a634281ed0f990e50534f091ee": ["2", "com.tum.yahtzee.GameActivity"]}, {"08f206a634281ed0f990e50534f091ee": ["2", "com.tum.yahtzee.GameActivity"]}, {"08f206a634281ed0f990e50534f091ee": ["2", "com.tum.yahtzee.GameActivity"]}, {"08f206a634281ed0f990e50534f091ee": ["2", "com.tum.yahtzee.GameActivity"]}, {"08f206a634281ed0f990e50534f091ee": ["2", "com.tum.yahtzee.GameActivity"]}, {"b677360a6d7f8e29cf0ef9d5e388f7b8": ["0", "com.tum.yahtzee.YahtzeeActivity"]}, {"08f206a634281ed0f990e50534f091ee": ["2", "com.tum.yahtzee.GameActivity"]}, {"4b37438b21f123c083bf69caf63a470e": ["3", "com.tum.yahtzee.GameActivity"]}, {"08f206a634281ed0f990e50534f091ee": ["2", "com.tum.yahtzee.GameActivity"]}, {"866a3e0d34822eb1cee341f1ed4805db": ["4", "com.tum.yahtzee.GameActivity"]}, {"08f206a634281ed0f990e50534f091ee": ["2", "com.tum.yahtzee.GameActivity"]}, {"08f206a634281ed0f990e50534f091ee": ["2", "com.tum.yahtzee.GameActivity"]}, {"08f206a634281ed0f990e50534f091ee": ["2", "com.tum.yahtzee.GameActivity"]}, {"08f206a634281ed0f990e50534f091ee": ["2", "com.tum.yahtzee.GameActivity"]}, {"4b37438b21f123c083bf69caf63a470e": ["3", "com.tum.yahtzee.GameActivity"]}, {"866a3e0d34822eb1cee341f1ed4805db": ["4", "com.tum.yahtzee.GameActivity"]}, {"08f206a634281ed0f990e50534f091ee": ["2", "com.tum.yahtzee.GameActivity"]}, {"08f206a634281ed0f990e50534f091ee": ["2", "com.tum.yahtzee.GameActivity"]}, {"08f206a634281ed0f990e50534f091ee": ["2", "com.tum.yahtzee.GameActivity"]}, {"08f206a634281ed0f990e50534f091ee": ["2", "com.tum.yahtzee.GameActivity"]}, {"08f206a634281ed0f990e50534f091ee": ["2", "com.tum.yahtzee.GameActivity"]}, {"08f206a634281ed0f990e50534f091ee": ["2", "com.tum.yahtzee.GameActivity"]}, {"08f206a634281ed0f990e50534f091ee": ["2", "com.tum.yahtzee.GameActivity"]}, {"08f206a634281ed0f990e50534f091ee": ["2", "com.tum.yahtzee.GameActivity"]}, {"4b37438b21f123c083bf69caf63a470e": ["3", "com.tum.yahtzee.GameActivity"]}, {"08f206a634281ed0f990e50534f091ee": ["2", "com.tum.yahtzee.GameActivity"]}, {"4b37438b21f123c083bf69caf63a470e": ["3", "com.tum.yahtzee.GameActivity"]}, {"08f206a634281ed0f990e50534f091ee": ["2", "com.tum.yahtzee.GameActivity"]}, {"08f206a634281ed0f990e50534f091ee": ["2", "com.tum.yahtzee.GameActivity"]}, {"4b37438b21f123c083bf69caf63a470e": ["3", "com.tum.yahtzee.GameActivity"]}, {"08f206a634281ed0f990e50534f091ee": ["2", "com.tum.yahtzee.GameActivity"]}, {"4b37438b21f123c083bf69caf63a470e": ["3", "com.tum.yahtzee.GameActivity"]}, {"08f206a634281ed0f990e50534f091ee": ["2", "com.tum.yahtzee.GameActivity"]}, {"4b37438b21f123c083bf69caf63a470e": ["3", "com.tum.yahtzee.GameActivity"]}, {"08f206a634281ed0f990e50534f091ee": ["2", "com.tum.yahtzee.GameActivity"]}, {"4b37438b21f123c083bf69caf63a470e": ["3", "com.tum.yahtzee.GameActivity"]}, {"08f206a634281ed0f990e50534f091ee": ["2", "com.tum.yahtzee.GameActivity"]}, {"4b37438b21f123c083bf69caf63a470e": ["3", "com.tum.yahtzee.GameActivity"]}, {"08f206a634281ed0f990e50534f091ee": ["2", "com.tum.yahtzee.GameActivity"]}, {"08f206a634281ed0f990e50534f091ee": ["2", "com.tum.yahtzee.GameActivity"]}, {"4b37438b21f123c083bf69caf63a470e": ["3", "com.tum.yahtzee.GameActivity"]}, {"08f206a634281ed0f990e50534f091ee": ["2", "com.tum.yahtzee.GameActivity"]}, {"08f206a634281ed0f990e50534f091ee": ["2", "com.tum.yahtzee.GameActivity"]}, {"08f206a634281ed0f990e50534f091ee": ["2", "com.tum.yahtzee.GameActivity"]}, {"4b37438b21f123c083bf69caf63a470e": ["3", "com.tum.yahtzee.GameActivity"]}, {"08f206a634281ed0f990e50534f091ee": ["2", "com.tum.yahtzee.GameActivity"]}, {"4b37438b21f123c083bf69caf63a470e": ["3", "com.tum.yahtzee.GameActivity"]}, {"08f206a634281ed0f990e50534f091ee": ["2", "com.tum.yahtzee.GameActivity"]}, {"4b37438b21f123c083bf69caf63a470e": ["3", "com.tum.yahtzee.GameActivity"]}, {"08f206a634281ed0f990e50534f091ee": ["2", "com.tum.yahtzee.GameActivity"]}, {"866a3e0d34822eb1cee341f1ed4805db": ["4", "com.tum.yahtzee.GameActivity"]}, {"08f206a634281ed0f990e50534f091ee": ["2", "com.tum.yahtzee.GameActivity"]}, {"08f206a634281ed0f990e50534f091ee": ["2", "com.tum.yahtzee.GameActivity"]}, {"4b37438b21f123c083bf69caf63a470e": ["3", "com.tum.yahtzee.GameActivity"]}, {"08f206a634281ed0f990e50534f091ee": ["2", "com.tum.yahtzee.GameActivity"]}, {"08f206a634281ed0f990e50534f091ee": ["2", "com.tum.yahtzee.GameActivity"]}, {"08f206a634281ed0f990e50534f091ee": ["2", "com.tum.yahtzee.GameActivity"]}, {"4b37438b21f123c083bf69caf63a470e": ["3", "com.tum.yahtzee.GameActivity"]}, {"866a3e0d34822eb1cee341f1ed4805db": ["4", "com.tum.yahtzee.GameActivity"]}, {"08f206a634281ed0f990e50534f091ee": ["2", "com.tum.yahtzee.GameActivity"]}, {"08f206a634281ed0f990e50534f091ee": ["2", "com.tum.yahtzee.GameActivity"]}, {"866a3e0d34822eb1cee341f1ed4805db": ["4", "com.tum.yahtzee.GameActivity"]}, {"866a3e0d34822eb1cee341f1ed4805db": ["4", "com.tum.yahtzee.GameActivity"]}, {"08f206a634281ed0f990e50534f091ee": ["2", "com.tum.yahtzee.GameActivity"]}, {"08f206a634281ed0f990e50534f091ee": ["2", "com.tum.yahtzee.GameActivity"]}, {"08f206a634281ed0f990e50534f091ee": ["2", "com.tum.yahtzee.GameActivity"]}, {"866a3e0d34822eb1cee341f1ed4805db": ["4", "com.tum.yahtzee.GameActivity"]}, {"08f206a634281ed0f990e50534f091ee": ["2", "com.tum.yahtzee.GameActivity"]}, {"4b37438b21f123c083bf69caf63a470e": ["3", "com.tum.yahtzee.GameActivity"]}, {"08f206a634281ed0f990e50534f091ee": ["2", "com.tum.yahtzee.GameActivity"]}, {"08f206a634281ed0f990e50534f091ee": ["2", "com.tum.yahtzee.GameActivity"]}, {"08f206a634281ed0f990e50534f091ee": ["2", "com.tum.yahtzee.GameActivity"]}, {"08f206a634281ed0f990e50534f091ee": ["2", "com.tum.yahtzee.GameActivity"]}, {"08f206a634281ed0f990e50534f091ee": ["2", "com.tum.yahtzee.GameActivity"]}, {"08f206a634281ed0f990e50534f091ee": ["2", "com.tum.yahtzee.GameActivity"]}, {"08f206a634281ed0f990e50534f091ee": ["2", "com.tum.yahtzee.GameActivity"]}, {"08f206a634281ed0f990e50534f091ee": ["2", "com.tum.yahtzee.GameActivity"]}, {"08f206a634281ed0f990e50534f091ee": ["2", "com.tum.yahtzee.GameActivity"]}, {"4b37438b21f123c083bf69caf63a470e": ["3", "com.tum.yahtzee.GameActivity"]}, {"08f206a634281ed0f990e50534f091ee": ["2", "com.tum.yahtzee.GameActivity"]}, {"866a3e0d34822eb1cee341f1ed4805db": ["4", "com.tum.yahtzee.GameActivity"]}, {"08f206a634281ed0f990e50534f091ee": ["2", "com.tum.yahtzee.GameActivity"]}, {"4b37438b21f123c083bf69caf63a470e": ["3", "com.tum.yahtzee.GameActivity"]}, {"866a3e0d34822eb1cee341f1ed4805db": ["4", "com.tum.yahtzee.GameActivity"]}, {"08f206a634281ed0f990e50534f091ee": ["2", "com.tum.yahtzee.GameActivity"]}, {"4b37438b21f123c083bf69caf63a470e": ["3", "com.tum.yahtzee.GameActivity"]}, {"08f206a634281ed0f990e50534f091ee": ["2", "com.tum.yahtzee.GameActivity"]}, {"4b37438b21f123c083bf69caf63a470e": ["3", "com.tum.yahtzee.GameActivity"]}, {"866a3e0d34822eb1cee341f1ed4805db": ["4", "com.tum.yahtzee.GameActivity"]}, {"b677360a6d7f8e29cf0ef9d5e388f7b8": ["0", "com.tum.yahtzee.YahtzeeActivity"]}, {"cb3c0d63e7151e309152506291eeb3c2": ["1", "com.tum.yahtzee.YahtzeeActivity"]}, {"b677360a6d7f8e29cf0ef9d5e388f7b8": ["0", "com.tum.yahtzee.YahtzeeActivity"]}, {"cb3c0d63e7151e309152506291eeb3c2": ["1", "com.tum.yahtzee.YahtzeeActivity"]}, {"b677360a6d7f8e29cf0ef9d5e388f7b8": ["0", "com.tum.yahtzee.YahtzeeActivity"]}, {"cb3c0d63e7151e309152506291eeb3c2": ["1", "com.tum.yahtzee.YahtzeeActivity"]}, {"b677360a6d7f8e29cf0ef9d5e388f7b8": ["0", "com.tum.yahtzee.YahtzeeActivity"]}, {"cb3c0d63e7151e309152506291eeb3c2": ["1", "com.tum.yahtzee.YahtzeeActivity"]}, {"b677360a6d7f8e29cf0ef9d5e388f7b8": ["0", "com.tum.yahtzee.YahtzeeActivity"]}, {"cb3c0d63e7151e309152506291eeb3c2": ["1", "com.tum.yahtzee.YahtzeeActivity"]}, {"b677360a6d7f8e29cf0ef9d5e388f7b8": ["0", "com.tum.yahtzee.YahtzeeActivity"]}, {"cb3c0d63e7151e309152506291eeb3c2": ["1", "com.tum.yahtzee.YahtzeeActivity"]}, {"b677360a6d7f8e29cf0ef9d5e388f7b8": ["0", "com.tum.yahtzee.YahtzeeActivity"]}, {"cb3c0d63e7151e309152506291eeb3c2": ["1", "com.tum.yahtzee.YahtzeeActivity"]}, {"b677360a6d7f8e29cf0ef9d5e388f7b8": ["0", "com.tum.yahtzee.YahtzeeActivity"]}, {"cb3c0d63e7151e309152506291eeb3c2": ["1", "com.tum.yahtzee.YahtzeeActivity"]}, {"b677360a6d7f8e29cf0ef9d5e388f7b8": ["0", "com.tum.yahtzee.YahtzeeActivity"]}, {"cb3c0d63e7151e309152506291eeb3c2": ["1", "com.tum.yahtzee.YahtzeeActivity"]}, {"b677360a6d7f8e29cf0ef9d5e388f7b8": ["0", "com.tum.yahtzee.YahtzeeActivity"]}, {"cb3c0d63e7151e309152506291eeb3c2": ["1", "com.tum.yahtzee.YahtzeeActivity"]}, {"b677360a6d7f8e29cf0ef9d5e388f7b8": ["0", "com.tum.yahtzee.YahtzeeActivity"]}, {"cb3c0d63e7151e309152506291eeb3c2": ["1", "com.tum.yahtzee.YahtzeeActivity"]}, {"b677360a6d7f8e29cf0ef9d5e388f7b8": ["0", "com.tum.yahtzee.YahtzeeActivity"]}, {"cb3c0d63e7151e309152506291eeb3c2": ["1", "com.tum.yahtzee.YahtzeeActivity"]}, {"b677360a6d7f8e29cf0ef9d5e388f7b8": ["0", "com.tum.yahtzee.YahtzeeActivity"]}, {"cb3c0d63e7151e309152506291eeb3c2": ["1", "com.tum.yahtzee.YahtzeeActivity"]}, {"b677360a6d7f8e29cf0ef9d5e388f7b8": ["0", "com.tum.yahtzee.YahtzeeActivity"]}, {"cb3c0d63e7151e309152506291eeb3c2": ["1", "com.tum.yahtzee.YahtzeeActivity"]}, {"b677360a6d7f8e29cf0ef9d5e388f7b8": ["0", "com.tum.yahtzee.YahtzeeActivity"]}, {"cb3c0d63e7151e309152506291eeb3c2": ["1", "com.tum.yahtzee.YahtzeeActivity"]}, {"b677360a6d7f8e29cf0ef9d5e388f7b8": ["0", "com.tum.yahtzee.YahtzeeActivity"]}, {"cb3c0d63e7151e309152506291eeb3c2": ["1", "com.tum.yahtzee.YahtzeeActivity"]}, {"b677360a6d7f8e29cf0ef9d5e388f7b8": ["0", "com.tum.yahtzee.YahtzeeActivity"]}, {"cb3c0d63e7151e309152506291eeb3c2": ["1", "com.tum.yahtzee.YahtzeeActivity"]}, {"b677360a6d7f8e29cf0ef9d5e388f7b8": ["0", "com.tum.yahtzee.YahtzeeActivity"]}, {"cb3c0d63e7151e309152506291eeb3c2": ["1", "com.tum.yahtzee.YahtzeeActivity"]}, {"b677360a6d7f8e29cf0ef9d5e388f7b8": ["0", "com.tum.yahtzee.YahtzeeActivity"]}, {"cb3c0d63e7151e309152506291eeb3c2": ["1", "com.tum.yahtzee.YahtzeeActivity"]}, {"b677360a6d7f8e29cf0ef9d5e388f7b8": ["0", "com.tum.yahtzee.YahtzeeActivity"]}, {"cb3c0d63e7151e309152506291eeb3c2": ["1", "com.tum.yahtzee.YahtzeeActivity"]}, {"b677360a6d7f8e29cf0ef9d5e388f7b8": ["0", "com.tum.yahtzee.YahtzeeActivity"]}, {"cb3c0d63e7151e309152506291eeb3c2": ["1", "com.tum.yahtzee.YahtzeeActivity"]}, {"b677360a6d7f8e29cf0ef9d5e388f7b8": ["0", "com.tum.yahtzee.YahtzeeActivity"]}, {"cb3c0d63e7151e309152506291eeb3c2": ["1", "com.tum.yahtzee.YahtzeeActivity"]}, {"b677360a6d7f8e29cf0ef9d5e388f7b8": ["0", "com.tum.yahtzee.YahtzeeActivity"]}, {"cb3c0d63e7151e309152506291eeb3c2": ["1", "com.tum.yahtzee.YahtzeeActivity"]}, {"b677360a6d7f8e29cf0ef9d5e388f7b8": ["0", "com.tum.yahtzee.YahtzeeActivity"]}, {"cb3c0d63e7151e309152506291eeb3c2": ["1", "com.tum.yahtzee.YahtzeeActivity"]}, {"b677360a6d7f8e29cf0ef9d5e388f7b8": ["0", "com.tum.yahtzee.YahtzeeActivity"]}, {"cb3c0d63e7151e309152506291eeb3c2": ["1", "com.tum.yahtzee.YahtzeeActivity"]}, {"b677360a6d7f8e29cf0ef9d5e388f7b8": ["0", "com.tum.yahtzee.YahtzeeActivity"]}, {"cb3c0d63e7151e309152506291eeb3c2": ["1", "com.tum.yahtzee.YahtzeeActivity"]}, {"b677360a6d7f8e29cf0ef9d5e388f7b8": ["0", "com.tum.yahtzee.YahtzeeActivity"]}, {"cb3c0d63e7151e309152506291eeb3c2": ["1", "com.tum.yahtzee.YahtzeeActivity"]}, {"b677360a6d7f8e29cf0ef9d5e388f7b8": ["0", "com.tum.yahtzee.YahtzeeActivity"]}, {"08f206a634281ed0f990e50534f091ee": ["2", "com.tum.yahtzee.GameActivity"]}, {"08f206a634281ed0f990e50534f091ee": ["2", "com.tum.yahtzee.GameActivity"]}, {"4b37438b21f123c083bf69caf63a470e": ["3", "com.tum.yahtzee.GameActivity"]}, {"08f206a634281ed0f990e50534f091ee": ["2", "com.tum.yahtzee.GameActivity"]}, {"866a3e0d34822eb1cee341f1ed4805db": ["4", "com.tum.yahtzee.GameActivity"]}, {"08f206a634281ed0f990e50534f091ee": ["2", "com.tum.yahtzee.GameActivity"]}, {"4b37438b21f123c083bf69caf63a470e": ["3", "com.tum.yahtzee.GameActivity"]}, {"08f206a634281ed0f990e50534f091ee": ["2", "com.tum.yahtzee.GameActivity"]}, {"4b37438b21f123c083bf69caf63a470e": ["3", "com.tum.yahtzee.GameActivity"]}, {"866a3e0d34822eb1cee341f1ed4805db": ["4", "com.tum.yahtzee.GameActivity"]}, {"08f206a634281ed0f990e50534f091ee": ["2", "com.tum.yahtzee.GameActivity"]}, {"4b37438b21f123c083bf69caf63a470e": ["3", "com.tum.yahtzee.GameActivity"]}, {"08f206a634281ed0f990e50534f091ee": ["2", "com.tum.yahtzee.GameActivity"]}, {"08f206a634281ed0f990e50534f091ee": ["2", "com.tum.yahtzee.GameActivity"]}, {"08f206a634281ed0f990e50534f091ee": ["2", "com.tum.yahtzee.GameActivity"]}, {"4b37438b21f123c083bf69caf63a470e": ["3", "com.tum.yahtzee.GameActivity"]}, {"866a3e0d34822eb1cee341f1ed4805db": ["4", "com.tum.yahtzee.GameActivity"]}, {"866a3e0d34822eb1cee341f1ed4805db": ["4", "com.tum.yahtzee.GameActivity"]}, {"08f206a634281ed0f990e50534f091ee": ["2", "com.tum.yahtzee.GameActivity"]}, {"08f206a634281ed0f990e50534f091ee": ["2", "com.tum.yahtzee.GameActivity"]}, {"4b37438b21f123c083bf69caf63a470e": ["3", "com.tum.yahtzee.GameActivity"]}, {"08f206a634281ed0f990e50534f091ee": ["2", "com.tum.yahtzee.GameActivity"]}, {"4b37438b21f123c083bf69caf63a470e": ["3", "com.tum.yahtzee.GameActivity"]}, {"08f206a634281ed0f990e50534f091ee": ["2", "com.tum.yahtzee.GameActivity"]}, {"4b37438b21f123c083bf69caf63a470e": ["3", "com.tum.yahtzee.GameActivity"]}, {"08f206a634281ed0f990e50534f091ee": ["2", "com.tum.yahtzee.GameActivity"]}, {"b677360a6d7f8e29cf0ef9d5e388f7b8": ["0", "com.tum.yahtzee.YahtzeeActivity"]}, {"08f206a634281ed0f990e50534f091ee": ["2", "com.tum.yahtzee.GameActivity"]}, {"08f206a634281ed0f990e50534f091ee": ["2", "com.tum.yahtzee.GameActivity"]}, {"4b37438b21f123c083bf69caf63a470e": ["3", "com.tum.yahtzee.GameActivity"]}, {"b677360a6d7f8e29cf0ef9d5e388f7b8": ["0", "com.tum.yahtzee.YahtzeeActivity"]}, {"08f206a634281ed0f990e50534f091ee": ["2", "com.tum.yahtzee.GameActivity"]}, {"08f206a634281ed0f990e50534f091ee": ["2", "com.tum.yahtzee.GameActivity"]}, {"08f206a634281ed0f990e50534f091ee": ["2", "com.tum.yahtzee.GameActivity"]}, {"08f206a634281ed0f990e50534f091ee": ["2", "com.tum.yahtzee.GameActivity"]}, {"08f206a634281ed0f990e50534f091ee": ["2", "com.tum.yahtzee.GameActivity"]}, {"08f206a634281ed0f990e50534f091ee": ["2", "com.tum.yahtzee.GameActivity"]}, {"08f206a634281ed0f990e50534f091ee": ["2", "com.tum.yahtzee.GameActivity"]}, {"08f206a634281ed0f990e50534f091ee": ["2", "com.tum.yahtzee.GameActivity"]}, {"08f206a634281ed0f990e50534f091ee": ["2", "com.tum.yahtzee.GameActivity"]}, {"08f206a634281ed0f990e50534f091ee": ["2", "com.tum.yahtzee.GameActivity"]}, {"08f206a634281ed0f990e50534f091ee": ["2", "com.tum.yahtzee.GameActivity"]}, {"08f206a634281ed0f990e50534f091ee": ["2", "com.tum.yahtzee.GameActivity"]}, {"08f206a634281ed0f990e50534f091ee": ["2", "com.tum.yahtzee.GameActivity"]}, {"4b37438b21f123c083bf69caf63a470e": ["3", "com.tum.yahtzee.GameActivity"]}, {"08f206a634281ed0f990e50534f091ee": ["2", "com.tum.yahtzee.GameActivity"]}, {"08f206a634281ed0f990e50534f091ee": ["2", "com.tum.yahtzee.GameActivity"]}, {"08f206a634281ed0f990e50534f091ee": ["2", "com.tum.yahtzee.GameActivity"]}, {"4b37438b21f123c083bf69caf63a470e": ["3", "com.tum.yahtzee.GameActivity"]}, {"08f206a634281ed0f990e50534f091ee": ["2", "com.tum.yahtzee.GameActivity"]}, {"866a3e0d34822eb1cee341f1ed4805db": ["4", "com.tum.yahtzee.GameActivity"]}, {"08f206a634281ed0f990e50534f091ee": ["2", "com.tum.yahtzee.GameActivity"]}, {"4b37438b21f123c083bf69caf63a470e": ["3", "com.tum.yahtzee.GameActivity"]}, {"08f206a634281ed0f990e50534f091ee": ["2", "com.tum.yahtzee.GameActivity"]}, {"08f206a634281ed0f990e50534f091ee": ["2", "com.tum.yahtzee.GameActivity"]}, {"4b37438b21f123c083bf69caf63a470e": ["3", "com.tum.yahtzee.GameActivity"]}, {"08f206a634281ed0f990e50534f091ee": ["2", "com.tum.yahtzee.GameActivity"]}, {"08f206a634281ed0f990e50534f091ee": ["2", "com.tum.yahtzee.GameActivity"]}, {"08f206a634281ed0f990e50534f091ee": ["2", "com.tum.yahtzee.GameActivity"]}, {"08f206a634281ed0f990e50534f091ee": ["2", "com.tum.yahtzee.GameActivity"]}, {"4b37438b21f123c083bf69caf63a470e": ["3", "com.tum.yahtzee.GameActivity"]}, {"08f206a634281ed0f990e50534f091ee": ["2", "com.tum.yahtzee.GameActivity"]}, {"4b37438b21f123c083bf69caf63a470e": ["3", "com.tum.yahtzee.GameActivity"]}, {"08f206a634281ed0f990e50534f091ee": ["2", "com.tum.yahtzee.GameActivity"]}, {"08f206a634281ed0f990e50534f091ee": ["2", "com.tum.yahtzee.GameActivity"]}, {"08f206a634281ed0f990e50534f091ee": ["2", "com.tum.yahtzee.GameActivity"]}, {"08f206a634281ed0f990e50534f091ee": ["2", "com.tum.yahtzee.GameActivity"]}, {"08f206a634281ed0f990e50534f091ee": ["2", "com.tum.yahtzee.GameActivity"]}, {"4b37438b21f123c083bf69caf63a470e": ["3", "com.tum.yahtzee.GameActivity"]}, {"08f206a634281ed0f990e50534f091ee": ["2", "com.tum.yahtzee.GameActivity"]}, {"4b37438b21f123c083bf69caf63a470e": ["3", "com.tum.yahtzee.GameActivity"]}, {"08f206a634281ed0f990e50534f091ee": ["2", "com.tum.yahtzee.GameActivity"]}, {"08f206a634281ed0f990e50534f091ee": ["2", "com.tum.yahtzee.GameActivity"]}, {"08f206a634281ed0f990e50534f091ee": ["2", "com.tum.yahtzee.GameActivity"]}, {"4b37438b21f123c083bf69caf63a470e": ["3", "com.tum.yahtzee.GameActivity"]}, {"866a3e0d34822eb1cee341f1ed4805db": ["4", "com.tum.yahtzee.GameActivity"]}, {"08f206a634281ed0f990e50534f091ee": ["2", "com.tum.yahtzee.GameActivity"]}, {"08f206a634281ed0f990e50534f091ee": ["2", "com.tum.yahtzee.GameActivity"]}, {"08f206a634281ed0f990e50534f091ee": ["2", "com.tum.yahtzee.GameActivity"]}, {"08f206a634281ed0f990e50534f091ee": ["2", "com.tum.yahtzee.GameActivity"]}, {"866a3e0d34822eb1cee341f1ed4805db": ["4", "com.tum.yahtzee.GameActivity"]}, {"08f206a634281ed0f990e50534f091ee": ["2", "com.tum.yahtzee.GameActivity"]}, {"08f206a634281ed0f990e50534f091ee": ["2", "com.tum.yahtzee.GameActivity"]}, {"4b37438b21f123c083bf69caf63a470e": ["3", "com.tum.yahtzee.GameActivity"]}, {"08f206a634281ed0f990e50534f091ee": ["2", "com.tum.yahtzee.GameActivity"]}, {"08f206a634281ed0f990e50534f091ee": ["2", "com.tum.yahtzee.GameActivity"]}, {"08f206a634281ed0f990e50534f091ee": ["2", "com.tum.yahtzee.GameActivity"]}, {"08f206a634281ed0f990e50534f091ee": ["2", "com.tum.yahtzee.GameActivity"]}, {"866a3e0d34822eb1cee341f1ed4805db": ["4", "com.tum.yahtzee.GameActivity"]}, {"b677360a6d7f8e29cf0ef9d5e388f7b8": ["0", "com.tum.yahtzee.YahtzeeActivity"]}, {"cb3c0d63e7151e309152506291eeb3c2": ["1", "com.tum.yahtzee.YahtzeeActivity"]}, {"b677360a6d7f8e29cf0ef9d5e388f7b8": ["0", "com.tum.yahtzee.YahtzeeActivity"]}, {"cb3c0d63e7151e309152506291eeb3c2": ["1", "com.tum.yahtzee.YahtzeeActivity"]}, {"b677360a6d7f8e29cf0ef9d5e388f7b8": ["0", "com.tum.yahtzee.YahtzeeActivity"]}, {"cb3c0d63e7151e309152506291eeb3c2": ["1", "com.tum.yahtzee.YahtzeeActivity"]}, {"b677360a6d7f8e29cf0ef9d5e388f7b8": ["0", "com.tum.yahtzee.YahtzeeActivity"]}, {"cb3c0d63e7151e309152506291eeb3c2": ["1", "com.tum.yahtzee.YahtzeeActivity"]}, {"b677360a6d7f8e29cf0ef9d5e388f7b8": ["0", "com.tum.yahtzee.YahtzeeActivity"]}, {"cb3c0d63e7151e309152506291eeb3c2": ["1", "com.tum.yahtzee.YahtzeeActivity"]}, {"b677360a6d7f8e29cf0ef9d5e388f7b8": ["0", "com.tum.yahtzee.YahtzeeActivity"]}, {"08f206a634281ed0f990e50534f091ee": ["2", "com.tum.yahtzee.GameActivity"]}, {"08f206a634281ed0f990e50534f091ee": ["2", "com.tum.yahtzee.GameActivity"]}, {"08f206a634281ed0f990e50534f091ee": ["2", "com.tum.yahtzee.GameActivity"]}, {"08f206a634281ed0f990e50534f091ee": ["2", "com.tum.yahtzee.GameActivity"]}, {"b677360a6d7f8e29cf0ef9d5e388f7b8": ["0", "com.tum.yahtzee.YahtzeeActivity"]}, {"b677360a6d7f8e29cf0ef9d5e388f7b8": ["0", "com.tum.yahtzee.YahtzeeActivity"]}]