[{"e8c7be8ad80ea997aa00bb6145585ac7": ["25", "com.teleca.jamendo.activity.SplashscreenActivity"]}, {"d831000b8f2c61d916f64442a74ed63e": ["1", "com.teleca.jamendo.activity.HomeActivity"]}, {"d56083debae55c599956b965bf28efb5": ["10", "com.teleca.jamendo.activity.DownloadActivity"]}, {"d56083debae55c599956b965bf28efb5": ["10", "com.teleca.jamendo.activity.DownloadActivity"]}, {"d56083debae55c599956b965bf28efb5": ["10", "com.teleca.jamendo.activity.DownloadActivity"]}, {"d56083debae55c599956b965bf28efb5": ["10", "com.teleca.jamendo.activity.DownloadActivity"]}, {"d56083debae55c599956b965bf28efb5": ["10", "com.teleca.jamendo.activity.DownloadActivity"]}, {"d56083debae55c599956b965bf28efb5": ["10", "com.teleca.jamendo.activity.DownloadActivity"]}, {"d56083debae55c599956b965bf28efb5": ["10", "com.teleca.jamendo.activity.DownloadActivity"]}, {"d56083debae55c599956b965bf28efb5": ["10", "com.teleca.jamendo.activity.DownloadActivity"]}, {"d56083debae55c599956b965bf28efb5": ["10", "com.teleca.jamendo.activity.DownloadActivity"]}, {"d56083debae55c599956b965bf28efb5": ["10", "com.teleca.jamendo.activity.DownloadActivity"]}, {"d56083debae55c599956b965bf28efb5": ["10", "com.teleca.jamendo.activity.DownloadActivity"]}, {"d56083debae55c599956b965bf28efb5": ["10", "com.teleca.jamendo.activity.DownloadActivity"]}, {"d56083debae55c599956b965bf28efb5": ["10", "com.teleca.jamendo.activity.DownloadActivity"]}, {"d831000b8f2c61d916f64442a74ed63e": ["1", "com.teleca.jamendo.activity.HomeActivity"]}, {"c7b9ba65fec36f7252c8629dd737edd6": ["19", "com.teleca.jamendo.activity.SettingsActivity"]}, {"13a983b75e4d4a13a9520e34547aed5e": ["23", "com.teleca.jamendo.activity.SettingsActivity"]}, {"c7b9ba65fec36f7252c8629dd737edd6": ["19", "com.teleca.jamendo.activity.SettingsActivity"]}, {"c7b9ba65fec36f7252c8629dd737edd6": ["19", "com.teleca.jamendo.activity.SettingsActivity"]}, {"324538a3cd112ad6a5cccc3c7899d25c": ["22", "com.teleca.jamendo.activity.SettingsActivity"]}, {"05cbf9996d01992e16fc13007a59f2c4": ["26", "com.teleca.jamendo.activity.SettingsActivity"]}, {"107cd4453977cd824de8185c73fd57b5": ["21", "com.teleca.jamendo.activity.SettingsActivity"]}, {"107cd4453977cd824de8185c73fd57b5": ["21", "com.teleca.jamendo.activity.SettingsActivity"]}, {"107cd4453977cd824de8185c73fd57b5": ["21", "com.teleca.jamendo.activity.SettingsActivity"]}, {"107cd4453977cd824de8185c73fd57b5": ["21", "com.teleca.jamendo.activity.SettingsActivity"]}, {"107cd4453977cd824de8185c73fd57b5": ["21", "com.teleca.jamendo.activity.SettingsActivity"]}, {"107cd4453977cd824de8185c73fd57b5": ["21", "com.teleca.jamendo.activity.SettingsActivity"]}, {"324538a3cd112ad6a5cccc3c7899d25c": ["22", "com.teleca.jamendo.activity.SettingsActivity"]}, {"9a697746227a0dc700a1e5c5596f5a17": ["24", "com.teleca.jamendo.activity.SettingsActivity"]}, {"324538a3cd112ad6a5cccc3c7899d25c": ["22", "com.teleca.jamendo.activity.SettingsActivity"]}, {"107cd4453977cd824de8185c73fd57b5": ["21", "com.teleca.jamendo.activity.SettingsActivity"]}, {"107cd4453977cd824de8185c73fd57b5": ["21", "com.teleca.jamendo.activity.SettingsActivity"]}, {"107cd4453977cd824de8185c73fd57b5": ["21", "com.teleca.jamendo.activity.SettingsActivity"]}, {"943724ca6a1e95923ee5a80e0a2485df": ["27", "com.teleca.jamendo.activity.SettingsActivity"]}, {"324538a3cd112ad6a5cccc3c7899d25c": ["22", "com.teleca.jamendo.activity.SettingsActivity"]}, {"943724ca6a1e95923ee5a80e0a2485df": ["27", "com.teleca.jamendo.activity.SettingsActivity"]}, {"943724ca6a1e95923ee5a80e0a2485df": ["27", "com.teleca.jamendo.activity.SettingsActivity"]}, {"324538a3cd112ad6a5cccc3c7899d25c": ["22", "com.teleca.jamendo.activity.SettingsActivity"]}, {"943724ca6a1e95923ee5a80e0a2485df": ["27", "com.teleca.jamendo.activity.SettingsActivity"]}, {"495d88e4bfa971e87d96ad612e3bbf33": ["28", "com.teleca.jamendo.activity.SettingsActivity"]}, {"495d88e4bfa971e87d96ad612e3bbf33": ["28", "com.teleca.jamendo.activity.SettingsActivity"]}, {"495d88e4bfa971e87d96ad612e3bbf33": ["28", "com.teleca.jamendo.activity.SettingsActivity"]}, {"9a697746227a0dc700a1e5c5596f5a17": ["24", "com.teleca.jamendo.activity.SettingsActivity"]}, {"324538a3cd112ad6a5cccc3c7899d25c": ["22", "com.teleca.jamendo.activity.SettingsActivity"]}, {"9a697746227a0dc700a1e5c5596f5a17": ["24", "com.teleca.jamendo.activity.SettingsActivity"]}, {"324538a3cd112ad6a5cccc3c7899d25c": ["22", "com.teleca.jamendo.activity.SettingsActivity"]}, {"c7b9ba65fec36f7252c8629dd737edd6": ["19", "com.teleca.jamendo.activity.SettingsActivity"]}, {"c7b9ba65fec36f7252c8629dd737edd6": ["19", "com.teleca.jamendo.activity.SettingsActivity"]}, {"c7b9ba65fec36f7252c8629dd737edd6": ["19", "com.teleca.jamendo.activity.SettingsActivity"]}, {"355db58fbb39526791a6e70eae47697c": ["20", "com.teleca.jamendo.activity.SettingsActivity"]}, {"c7b9ba65fec36f7252c8629dd737edd6": ["19", "com.teleca.jamendo.activity.SettingsActivity"]}, {"355db58fbb39526791a6e70eae47697c": ["20", "com.teleca.jamendo.activity.SettingsActivity"]}, {"c7b9ba65fec36f7252c8629dd737edd6": ["19", "com.teleca.jamendo.activity.SettingsActivity"]}, {"c7b9ba65fec36f7252c8629dd737edd6": ["19", "com.teleca.jamendo.activity.SettingsActivity"]}, {"c7b9ba65fec36f7252c8629dd737edd6": ["19", "com.teleca.jamendo.activity.SettingsActivity"]}, {"c7b9ba65fec36f7252c8629dd737edd6": ["19", "com.teleca.jamendo.activity.SettingsActivity"]}, {"c7b9ba65fec36f7252c8629dd737edd6": ["19", "com.teleca.jamendo.activity.SettingsActivity"]}, {"c7b9ba65fec36f7252c8629dd737edd6": ["19", "com.teleca.jamendo.activity.SettingsActivity"]}, {"c7b9ba65fec36f7252c8629dd737edd6": ["19", "com.teleca.jamendo.activity.SettingsActivity"]}, {"c7b9ba65fec36f7252c8629dd737edd6": ["19", "com.teleca.jamendo.activity.SettingsActivity"]}, {"324538a3cd112ad6a5cccc3c7899d25c": ["22", "com.teleca.jamendo.activity.SettingsActivity"]}, {"c7b9ba65fec36f7252c8629dd737edd6": ["19", "com.teleca.jamendo.activity.SettingsActivity"]}, {"c7b9ba65fec36f7252c8629dd737edd6": ["19", "com.teleca.jamendo.activity.SettingsActivity"]}, {"13a983b75e4d4a13a9520e34547aed5e": ["23", "com.teleca.jamendo.activity.SettingsActivity"]}, {"107cd4453977cd824de8185c73fd57b5": ["21", "com.teleca.jamendo.activity.SettingsActivity"]}, {"d831000b8f2c61d916f64442a74ed63e": ["1", "com.teleca.jamendo.activity.HomeActivity"]}, {"d831000b8f2c61d916f64442a74ed63e": ["1", "com.teleca.jamendo.activity.HomeActivity"]}, {"708a80e12b14d3c4d7f10bba014c7cbb": ["18", "com.teleca.jamendo.activity.RadioActivity"]}, {"708a80e12b14d3c4d7f10bba014c7cbb": ["18", "com.teleca.jamendo.activity.RadioActivity"]}, {"d831000b8f2c61d916f64442a74ed63e": ["1", "com.teleca.jamendo.activity.HomeActivity"]}, {"d831000b8f2c61d916f64442a74ed63e": ["1", "com.teleca.jamendo.activity.HomeActivity"]}, {"c4276c6a50202388f5b756f01da53383": ["2", "com.teleca.jamendo.activity.BrowsePlaylistActivity"]}, {"c4276c6a50202388f5b756f01da53383": ["2", "com.teleca.jamendo.activity.BrowsePlaylistActivity"]}, {"1cd2c6f7d0550d7f621d64e73ffd6af4": ["3", "com.teleca.jamendo.activity.BrowsePlaylistActivity"]}, {"1cd2c6f7d0550d7f621d64e73ffd6af4": ["3", "com.teleca.jamendo.activity.BrowsePlaylistActivity"]}, {"b008d22fd1f35eaf3000b59927e8248d": ["4", "com.teleca.jamendo.activity.BrowsePlaylistActivity"]}, {"1cd2c6f7d0550d7f621d64e73ffd6af4": ["3", "com.teleca.jamendo.activity.BrowsePlaylistActivity"]}, {"099029a8b5cc41c2365c05d0030398ef": ["5", "com.teleca.jamendo.activity.BrowsePlaylistActivity"]}, {"b008d22fd1f35eaf3000b59927e8248d": ["4", "com.teleca.jamendo.activity.BrowsePlaylistActivity"]}, {"099029a8b5cc41c2365c05d0030398ef": ["5", "com.teleca.jamendo.activity.BrowsePlaylistActivity"]}, {"b008d22fd1f35eaf3000b59927e8248d": ["4", "com.teleca.jamendo.activity.BrowsePlaylistActivity"]}, {"1cd2c6f7d0550d7f621d64e73ffd6af4": ["3", "com.teleca.jamendo.activity.BrowsePlaylistActivity"]}, {"1cd2c6f7d0550d7f621d64e73ffd6af4": ["3", "com.teleca.jamendo.activity.BrowsePlaylistActivity"]}, {"fd5a3bc4f4f8fe27a04aa09759e956bf": ["6", "com.teleca.jamendo.activity.BrowsePlaylistActivity"]}, {"fd5a3bc4f4f8fe27a04aa09759e956bf": ["6", "com.teleca.jamendo.activity.BrowsePlaylistActivity"]}, {"fd5a3bc4f4f8fe27a04aa09759e956bf": ["6", "com.teleca.jamendo.activity.BrowsePlaylistActivity"]}, {"fd5a3bc4f4f8fe27a04aa09759e956bf": ["6", "com.teleca.jamendo.activity.BrowsePlaylistActivity"]}, {"fd5a3bc4f4f8fe27a04aa09759e956bf": ["6", "com.teleca.jamendo.activity.BrowsePlaylistActivity"]}, {"fd5a3bc4f4f8fe27a04aa09759e956bf": ["6", "com.teleca.jamendo.activity.BrowsePlaylistActivity"]}, {"b008d22fd1f35eaf3000b59927e8248d": ["4", "com.teleca.jamendo.activity.BrowsePlaylistActivity"]}, {"fd5a3bc4f4f8fe27a04aa09759e956bf": ["6", "com.teleca.jamendo.activity.BrowsePlaylistActivity"]}, {"fd5a3bc4f4f8fe27a04aa09759e956bf": ["6", "com.teleca.jamendo.activity.BrowsePlaylistActivity"]}, {"fd5a3bc4f4f8fe27a04aa09759e956bf": ["6", "com.teleca.jamendo.activity.BrowsePlaylistActivity"]}, {"fd5a3bc4f4f8fe27a04aa09759e956bf": ["6", "com.teleca.jamendo.activity.BrowsePlaylistActivity"]}, {"fd5a3bc4f4f8fe27a04aa09759e956bf": ["6", "com.teleca.jamendo.activity.BrowsePlaylistActivity"]}, {"fd5a3bc4f4f8fe27a04aa09759e956bf": ["6", "com.teleca.jamendo.activity.BrowsePlaylistActivity"]}, {"fd5a3bc4f4f8fe27a04aa09759e956bf": ["6", "com.teleca.jamendo.activity.BrowsePlaylistActivity"]}, {"b008d22fd1f35eaf3000b59927e8248d": ["4", "com.teleca.jamendo.activity.BrowsePlaylistActivity"]}, {"fd5a3bc4f4f8fe27a04aa09759e956bf": ["6", "com.teleca.jamendo.activity.BrowsePlaylistActivity"]}, {"b008d22fd1f35eaf3000b59927e8248d": ["4", "com.teleca.jamendo.activity.BrowsePlaylistActivity"]}, {"fd5a3bc4f4f8fe27a04aa09759e956bf": ["6", "com.teleca.jamendo.activity.BrowsePlaylistActivity"]}, {"fd5a3bc4f4f8fe27a04aa09759e956bf": ["6", "com.teleca.jamendo.activity.BrowsePlaylistActivity"]}, {"fd5a3bc4f4f8fe27a04aa09759e956bf": ["6", "com.teleca.jamendo.activity.BrowsePlaylistActivity"]}, {"fd5a3bc4f4f8fe27a04aa09759e956bf": ["6", "com.teleca.jamendo.activity.BrowsePlaylistActivity"]}, {"fd5a3bc4f4f8fe27a04aa09759e956bf": ["6", "com.teleca.jamendo.activity.BrowsePlaylistActivity"]}, {"fd5a3bc4f4f8fe27a04aa09759e956bf": ["6", "com.teleca.jamendo.activity.BrowsePlaylistActivity"]}, {"fd5a3bc4f4f8fe27a04aa09759e956bf": ["6", "com.teleca.jamendo.activity.BrowsePlaylistActivity"]}, {"fd5a3bc4f4f8fe27a04aa09759e956bf": ["6", "com.teleca.jamendo.activity.BrowsePlaylistActivity"]}, {"b008d22fd1f35eaf3000b59927e8248d": ["4", "com.teleca.jamendo.activity.BrowsePlaylistActivity"]}, {"fd5a3bc4f4f8fe27a04aa09759e956bf": ["6", "com.teleca.jamendo.activity.BrowsePlaylistActivity"]}, {"fd5a3bc4f4f8fe27a04aa09759e956bf": ["6", "com.teleca.jamendo.activity.BrowsePlaylistActivity"]}, {"fd5a3bc4f4f8fe27a04aa09759e956bf": ["6", "com.teleca.jamendo.activity.BrowsePlaylistActivity"]}, {"b008d22fd1f35eaf3000b59927e8248d": ["4", "com.teleca.jamendo.activity.BrowsePlaylistActivity"]}, {"fd5a3bc4f4f8fe27a04aa09759e956bf": ["6", "com.teleca.jamendo.activity.BrowsePlaylistActivity"]}, {"fd5a3bc4f4f8fe27a04aa09759e956bf": ["6", "com.teleca.jamendo.activity.BrowsePlaylistActivity"]}, {"81345d691dcda7625439f1d253c5a674": ["7", "com.teleca.jamendo.activity.BrowsePlaylistActivity"]}, {"81345d691dcda7625439f1d253c5a674": ["7", "com.teleca.jamendo.activity.BrowsePlaylistActivity"]}, {"b008d22fd1f35eaf3000b59927e8248d": ["4", "com.teleca.jamendo.activity.BrowsePlaylistActivity"]}, {"81345d691dcda7625439f1d253c5a674": ["7", "com.teleca.jamendo.activity.BrowsePlaylistActivity"]}, {"b008d22fd1f35eaf3000b59927e8248d": ["4", "com.teleca.jamendo.activity.BrowsePlaylistActivity"]}, {"81345d691dcda7625439f1d253c5a674": ["7", "com.teleca.jamendo.activity.BrowsePlaylistActivity"]}, {"b008d22fd1f35eaf3000b59927e8248d": ["4", "com.teleca.jamendo.activity.BrowsePlaylistActivity"]}, {"81345d691dcda7625439f1d253c5a674": ["7", "com.teleca.jamendo.activity.BrowsePlaylistActivity"]}, {"b008d22fd1f35eaf3000b59927e8248d": ["4", "com.teleca.jamendo.activity.BrowsePlaylistActivity"]}, {"81345d691dcda7625439f1d253c5a674": ["7", "com.teleca.jamendo.activity.BrowsePlaylistActivity"]}, {"81345d691dcda7625439f1d253c5a674": ["7", "com.teleca.jamendo.activity.BrowsePlaylistActivity"]}, {"81345d691dcda7625439f1d253c5a674": ["7", "com.teleca.jamendo.activity.BrowsePlaylistActivity"]}, {"b008d22fd1f35eaf3000b59927e8248d": ["4", "com.teleca.jamendo.activity.BrowsePlaylistActivity"]}, {"81345d691dcda7625439f1d253c5a674": ["7", "com.teleca.jamendo.activity.BrowsePlaylistActivity"]}, {"b008d22fd1f35eaf3000b59927e8248d": ["4", "com.teleca.jamendo.activity.BrowsePlaylistActivity"]}, {"81345d691dcda7625439f1d253c5a674": ["7", "com.teleca.jamendo.activity.BrowsePlaylistActivity"]}, {"81345d691dcda7625439f1d253c5a674": ["7", "com.teleca.jamendo.activity.BrowsePlaylistActivity"]}, {"81345d691dcda7625439f1d253c5a674": ["7", "com.teleca.jamendo.activity.BrowsePlaylistActivity"]}, {"81345d691dcda7625439f1d253c5a674": ["7", "com.teleca.jamendo.activity.BrowsePlaylistActivity"]}, {"b008d22fd1f35eaf3000b59927e8248d": ["4", "com.teleca.jamendo.activity.BrowsePlaylistActivity"]}, {"81345d691dcda7625439f1d253c5a674": ["7", "com.teleca.jamendo.activity.BrowsePlaylistActivity"]}, {"81345d691dcda7625439f1d253c5a674": ["7", "com.teleca.jamendo.activity.BrowsePlaylistActivity"]}, {"81345d691dcda7625439f1d253c5a674": ["7", "com.teleca.jamendo.activity.BrowsePlaylistActivity"]}, {"e702ae9da652c1e662b446a5fdf49526": ["8", "com.teleca.jamendo.activity.BrowsePlaylistActivity"]}, {"b008d22fd1f35eaf3000b59927e8248d": ["4", "com.teleca.jamendo.activity.BrowsePlaylistActivity"]}, {"e702ae9da652c1e662b446a5fdf49526": ["8", "com.teleca.jamendo.activity.BrowsePlaylistActivity"]}, {"e702ae9da652c1e662b446a5fdf49526": ["8", "com.teleca.jamendo.activity.BrowsePlaylistActivity"]}, {"e702ae9da652c1e662b446a5fdf49526": ["8", "com.teleca.jamendo.activity.BrowsePlaylistActivity"]}, {"e702ae9da652c1e662b446a5fdf49526": ["8", "com.teleca.jamendo.activity.BrowsePlaylistActivity"]}, {"b008d22fd1f35eaf3000b59927e8248d": ["4", "com.teleca.jamendo.activity.BrowsePlaylistActivity"]}, {"e702ae9da652c1e662b446a5fdf49526": ["8", "com.teleca.jamendo.activity.BrowsePlaylistActivity"]}, {"e702ae9da652c1e662b446a5fdf49526": ["8", "com.teleca.jamendo.activity.BrowsePlaylistActivity"]}, {"e702ae9da652c1e662b446a5fdf49526": ["8", "com.teleca.jamendo.activity.BrowsePlaylistActivity"]}, {"e702ae9da652c1e662b446a5fdf49526": ["8", "com.teleca.jamendo.activity.BrowsePlaylistActivity"]}, {"e702ae9da652c1e662b446a5fdf49526": ["8", "com.teleca.jamendo.activity.BrowsePlaylistActivity"]}, {"b008d22fd1f35eaf3000b59927e8248d": ["4", "com.teleca.jamendo.activity.BrowsePlaylistActivity"]}, {"e702ae9da652c1e662b446a5fdf49526": ["8", "com.teleca.jamendo.activity.BrowsePlaylistActivity"]}, {"b008d22fd1f35eaf3000b59927e8248d": ["4", "com.teleca.jamendo.activity.BrowsePlaylistActivity"]}, {"e702ae9da652c1e662b446a5fdf49526": ["8", "com.teleca.jamendo.activity.BrowsePlaylistActivity"]}, {"e702ae9da652c1e662b446a5fdf49526": ["8", "com.teleca.jamendo.activity.BrowsePlaylistActivity"]}, {"b008d22fd1f35eaf3000b59927e8248d": ["4", "com.teleca.jamendo.activity.BrowsePlaylistActivity"]}, {"e702ae9da652c1e662b446a5fdf49526": ["8", "com.teleca.jamendo.activity.BrowsePlaylistActivity"]}, {"e702ae9da652c1e662b446a5fdf49526": ["8", "com.teleca.jamendo.activity.BrowsePlaylistActivity"]}, {"b008d22fd1f35eaf3000b59927e8248d": ["4", "com.teleca.jamendo.activity.BrowsePlaylistActivity"]}, {"fd5a3bc4f4f8fe27a04aa09759e956bf": ["6", "com.teleca.jamendo.activity.BrowsePlaylistActivity"]}, {"9297983fd8645c597eb34fe8225222b0": ["9", "com.teleca.jamendo.activity.BrowsePlaylistActivity"]}, {"9297983fd8645c597eb34fe8225222b0": ["9", "com.teleca.jamendo.activity.BrowsePlaylistActivity"]}, {"9297983fd8645c597eb34fe8225222b0": ["9", "com.teleca.jamendo.activity.BrowsePlaylistActivity"]}, {"979cbcecfb2416bc496a356b676d0793": ["11", "com.teleca.jamendo.activity.BrowsePlaylistActivity"]}, {"979cbcecfb2416bc496a356b676d0793": ["11", "com.teleca.jamendo.activity.BrowsePlaylistActivity"]}, {"979cbcecfb2416bc496a356b676d0793": ["11", "com.teleca.jamendo.activity.BrowsePlaylistActivity"]}, {"979cbcecfb2416bc496a356b676d0793": ["11", "com.teleca.jamendo.activity.BrowsePlaylistActivity"]}, {"b008d22fd1f35eaf3000b59927e8248d": ["4", "com.teleca.jamendo.activity.BrowsePlaylistActivity"]}, {"979cbcecfb2416bc496a356b676d0793": ["11", "com.teleca.jamendo.activity.BrowsePlaylistActivity"]}, {"979cbcecfb2416bc496a356b676d0793": ["11", "com.teleca.jamendo.activity.BrowsePlaylistActivity"]}, {"979cbcecfb2416bc496a356b676d0793": ["11", "com.teleca.jamendo.activity.BrowsePlaylistActivity"]}, {"b008d22fd1f35eaf3000b59927e8248d": ["4", "com.teleca.jamendo.activity.BrowsePlaylistActivity"]}, {"979cbcecfb2416bc496a356b676d0793": ["11", "com.teleca.jamendo.activity.BrowsePlaylistActivity"]}, {"979cbcecfb2416bc496a356b676d0793": ["11", "com.teleca.jamendo.activity.BrowsePlaylistActivity"]}, {"979cbcecfb2416bc496a356b676d0793": ["11", "com.teleca.jamendo.activity.BrowsePlaylistActivity"]}, {"979cbcecfb2416bc496a356b676d0793": ["11", "com.teleca.jamendo.activity.BrowsePlaylistActivity"]}, {"b008d22fd1f35eaf3000b59927e8248d": ["4", "com.teleca.jamendo.activity.BrowsePlaylistActivity"]}, {"9297983fd8645c597eb34fe8225222b0": ["9", "com.teleca.jamendo.activity.BrowsePlaylistActivity"]}, {"d831000b8f2c61d916f64442a74ed63e": ["1", "com.teleca.jamendo.activity.HomeActivity"]}, {"979cbcecfb2416bc496a356b676d0793": ["11", "com.teleca.jamendo.activity.BrowsePlaylistActivity"]}, {"979cbcecfb2416bc496a356b676d0793": ["11", "com.teleca.jamendo.activity.BrowsePlaylistActivity"]}, {"979cbcecfb2416bc496a356b676d0793": ["11", "com.teleca.jamendo.activity.BrowsePlaylistActivity"]}, {"b008d22fd1f35eaf3000b59927e8248d": ["4", "com.teleca.jamendo.activity.BrowsePlaylistActivity"]}, {"979cbcecfb2416bc496a356b676d0793": ["11", "com.teleca.jamendo.activity.BrowsePlaylistActivity"]}, {"979cbcecfb2416bc496a356b676d0793": ["11", "com.teleca.jamendo.activity.BrowsePlaylistActivity"]}, {"979cbcecfb2416bc496a356b676d0793": ["11", "com.teleca.jamendo.activity.BrowsePlaylistActivity"]}, {"979cbcecfb2416bc496a356b676d0793": ["11", "com.teleca.jamendo.activity.BrowsePlaylistActivity"]}, {"979cbcecfb2416bc496a356b676d0793": ["11", "com.teleca.jamendo.activity.BrowsePlaylistActivity"]}, {"979cbcecfb2416bc496a356b676d0793": ["11", "com.teleca.jamendo.activity.BrowsePlaylistActivity"]}, {"979cbcecfb2416bc496a356b676d0793": ["11", "com.teleca.jamendo.activity.BrowsePlaylistActivity"]}, {"979cbcecfb2416bc496a356b676d0793": ["11", "com.teleca.jamendo.activity.BrowsePlaylistActivity"]}, {"979cbcecfb2416bc496a356b676d0793": ["11", "com.teleca.jamendo.activity.BrowsePlaylistActivity"]}, {"b008d22fd1f35eaf3000b59927e8248d": ["4", "com.teleca.jamendo.activity.BrowsePlaylistActivity"]}, {"979cbcecfb2416bc496a356b676d0793": ["11", "com.teleca.jamendo.activity.BrowsePlaylistActivity"]}, {"979cbcecfb2416bc496a356b676d0793": ["11", "com.teleca.jamendo.activity.BrowsePlaylistActivity"]}, {"979cbcecfb2416bc496a356b676d0793": ["11", "com.teleca.jamendo.activity.BrowsePlaylistActivity"]}, {"b008d22fd1f35eaf3000b59927e8248d": ["4", "com.teleca.jamendo.activity.BrowsePlaylistActivity"]}, {"979cbcecfb2416bc496a356b676d0793": ["11", "com.teleca.jamendo.activity.BrowsePlaylistActivity"]}, {"979cbcecfb2416bc496a356b676d0793": ["11", "com.teleca.jamendo.activity.BrowsePlaylistActivity"]}, {"979cbcecfb2416bc496a356b676d0793": ["11", "com.teleca.jamendo.activity.BrowsePlaylistActivity"]}, {"b008d22fd1f35eaf3000b59927e8248d": ["4", "com.teleca.jamendo.activity.BrowsePlaylistActivity"]}, {"979cbcecfb2416bc496a356b676d0793": ["11", "com.teleca.jamendo.activity.BrowsePlaylistActivity"]}, {"979cbcecfb2416bc496a356b676d0793": ["11", "com.teleca.jamendo.activity.BrowsePlaylistActivity"]}, {"b008d22fd1f35eaf3000b59927e8248d": ["4", "com.teleca.jamendo.activity.BrowsePlaylistActivity"]}, {"979cbcecfb2416bc496a356b676d0793": ["11", "com.teleca.jamendo.activity.BrowsePlaylistActivity"]}, {"b008d22fd1f35eaf3000b59927e8248d": ["4", "com.teleca.jamendo.activity.BrowsePlaylistActivity"]}, {"979cbcecfb2416bc496a356b676d0793": ["11", "com.teleca.jamendo.activity.BrowsePlaylistActivity"]}, {"979cbcecfb2416bc496a356b676d0793": ["11", "com.teleca.jamendo.activity.BrowsePlaylistActivity"]}, {"b008d22fd1f35eaf3000b59927e8248d": ["4", "com.teleca.jamendo.activity.BrowsePlaylistActivity"]}, {"979cbcecfb2416bc496a356b676d0793": ["11", "com.teleca.jamendo.activity.BrowsePlaylistActivity"]}, {"b008d22fd1f35eaf3000b59927e8248d": ["4", "com.teleca.jamendo.activity.BrowsePlaylistActivity"]}, {"979cbcecfb2416bc496a356b676d0793": ["11", "com.teleca.jamendo.activity.BrowsePlaylistActivity"]}, {"979cbcecfb2416bc496a356b676d0793": ["11", "com.teleca.jamendo.activity.BrowsePlaylistActivity"]}, {"979cbcecfb2416bc496a356b676d0793": ["11", "com.teleca.jamendo.activity.BrowsePlaylistActivity"]}, {"979cbcecfb2416bc496a356b676d0793": ["11", "com.teleca.jamendo.activity.BrowsePlaylistActivity"]}, {"b008d22fd1f35eaf3000b59927e8248d": ["4", "com.teleca.jamendo.activity.BrowsePlaylistActivity"]}, {"979cbcecfb2416bc496a356b676d0793": ["11", "com.teleca.jamendo.activity.BrowsePlaylistActivity"]}, {"979cbcecfb2416bc496a356b676d0793": ["11", "com.teleca.jamendo.activity.BrowsePlaylistActivity"]}, {"979cbcecfb2416bc496a356b676d0793": ["11", "com.teleca.jamendo.activity.BrowsePlaylistActivity"]}, {"979cbcecfb2416bc496a356b676d0793": ["11", "com.teleca.jamendo.activity.BrowsePlaylistActivity"]}, {"979cbcecfb2416bc496a356b676d0793": ["11", "com.teleca.jamendo.activity.BrowsePlaylistActivity"]}, {"979cbcecfb2416bc496a356b676d0793": ["11", "com.teleca.jamendo.activity.BrowsePlaylistActivity"]}, {"979cbcecfb2416bc496a356b676d0793": ["11", "com.teleca.jamendo.activity.BrowsePlaylistActivity"]}, {"b008d22fd1f35eaf3000b59927e8248d": ["4", "com.teleca.jamendo.activity.BrowsePlaylistActivity"]}, {"979cbcecfb2416bc496a356b676d0793": ["11", "com.teleca.jamendo.activity.BrowsePlaylistActivity"]}, {"979cbcecfb2416bc496a356b676d0793": ["11", "com.teleca.jamendo.activity.BrowsePlaylistActivity"]}, {"979cbcecfb2416bc496a356b676d0793": ["11", "com.teleca.jamendo.activity.BrowsePlaylistActivity"]}, {"979cbcecfb2416bc496a356b676d0793": ["11", "com.teleca.jamendo.activity.BrowsePlaylistActivity"]}, {"979cbcecfb2416bc496a356b676d0793": ["11", "com.teleca.jamendo.activity.BrowsePlaylistActivity"]}, {"979cbcecfb2416bc496a356b676d0793": ["11", "com.teleca.jamendo.activity.BrowsePlaylistActivity"]}, {"b008d22fd1f35eaf3000b59927e8248d": ["4", "com.teleca.jamendo.activity.BrowsePlaylistActivity"]}, {"979cbcecfb2416bc496a356b676d0793": ["11", "com.teleca.jamendo.activity.BrowsePlaylistActivity"]}, {"979cbcecfb2416bc496a356b676d0793": ["11", "com.teleca.jamendo.activity.BrowsePlaylistActivity"]}, {"b008d22fd1f35eaf3000b59927e8248d": ["4", "com.teleca.jamendo.activity.BrowsePlaylistActivity"]}, {"979cbcecfb2416bc496a356b676d0793": ["11", "com.teleca.jamendo.activity.BrowsePlaylistActivity"]}, {"979cbcecfb2416bc496a356b676d0793": ["11", "com.teleca.jamendo.activity.BrowsePlaylistActivity"]}, {"979cbcecfb2416bc496a356b676d0793": ["11", "com.teleca.jamendo.activity.BrowsePlaylistActivity"]}, {"979cbcecfb2416bc496a356b676d0793": ["11", "com.teleca.jamendo.activity.BrowsePlaylistActivity"]}, {"979cbcecfb2416bc496a356b676d0793": ["11", "com.teleca.jamendo.activity.BrowsePlaylistActivity"]}, {"979cbcecfb2416bc496a356b676d0793": ["11", "com.teleca.jamendo.activity.BrowsePlaylistActivity"]}, {"b008d22fd1f35eaf3000b59927e8248d": ["4", "com.teleca.jamendo.activity.BrowsePlaylistActivity"]}, {"979cbcecfb2416bc496a356b676d0793": ["11", "com.teleca.jamendo.activity.BrowsePlaylistActivity"]}, {"b008d22fd1f35eaf3000b59927e8248d": ["4", "com.teleca.jamendo.activity.BrowsePlaylistActivity"]}, {"979cbcecfb2416bc496a356b676d0793": ["11", "com.teleca.jamendo.activity.BrowsePlaylistActivity"]}, {"979cbcecfb2416bc496a356b676d0793": ["11", "com.teleca.jamendo.activity.BrowsePlaylistActivity"]}, {"979cbcecfb2416bc496a356b676d0793": ["11", "com.teleca.jamendo.activity.BrowsePlaylistActivity"]}, {"979cbcecfb2416bc496a356b676d0793": ["11", "com.teleca.jamendo.activity.BrowsePlaylistActivity"]}, {"979cbcecfb2416bc496a356b676d0793": ["11", "com.teleca.jamendo.activity.BrowsePlaylistActivity"]}, {"979cbcecfb2416bc496a356b676d0793": ["11", "com.teleca.jamendo.activity.BrowsePlaylistActivity"]}, {"979cbcecfb2416bc496a356b676d0793": ["11", "com.teleca.jamendo.activity.BrowsePlaylistActivity"]}, {"979cbcecfb2416bc496a356b676d0793": ["11", "com.teleca.jamendo.activity.BrowsePlaylistActivity"]}, {"b008d22fd1f35eaf3000b59927e8248d": ["4", "com.teleca.jamendo.activity.BrowsePlaylistActivity"]}, {"979cbcecfb2416bc496a356b676d0793": ["11", "com.teleca.jamendo.activity.BrowsePlaylistActivity"]}, {"b008d22fd1f35eaf3000b59927e8248d": ["4", "com.teleca.jamendo.activity.BrowsePlaylistActivity"]}, {"979cbcecfb2416bc496a356b676d0793": ["11", "com.teleca.jamendo.activity.BrowsePlaylistActivity"]}, {"b008d22fd1f35eaf3000b59927e8248d": ["4", "com.teleca.jamendo.activity.BrowsePlaylistActivity"]}, {"979cbcecfb2416bc496a356b676d0793": ["11", "com.teleca.jamendo.activity.BrowsePlaylistActivity"]}, {"979cbcecfb2416bc496a356b676d0793": ["11", "com.teleca.jamendo.activity.BrowsePlaylistActivity"]}, {"979cbcecfb2416bc496a356b676d0793": ["11", "com.teleca.jamendo.activity.BrowsePlaylistActivity"]}, {"b008d22fd1f35eaf3000b59927e8248d": ["4", "com.teleca.jamendo.activity.BrowsePlaylistActivity"]}, {"979cbcecfb2416bc496a356b676d0793": ["11", "com.teleca.jamendo.activity.BrowsePlaylistActivity"]}, {"979cbcecfb2416bc496a356b676d0793": ["11", "com.teleca.jamendo.activity.BrowsePlaylistActivity"]}, {"b008d22fd1f35eaf3000b59927e8248d": ["4", "com.teleca.jamendo.activity.BrowsePlaylistActivity"]}, {"979cbcecfb2416bc496a356b676d0793": ["11", "com.teleca.jamendo.activity.BrowsePlaylistActivity"]}, {"979cbcecfb2416bc496a356b676d0793": ["11", "com.teleca.jamendo.activity.BrowsePlaylistActivity"]}, {"979cbcecfb2416bc496a356b676d0793": ["11", "com.teleca.jamendo.activity.BrowsePlaylistActivity"]}, {"979cbcecfb2416bc496a356b676d0793": ["11", "com.teleca.jamendo.activity.BrowsePlaylistActivity"]}, {"b008d22fd1f35eaf3000b59927e8248d": ["4", "com.teleca.jamendo.activity.BrowsePlaylistActivity"]}, {"979cbcecfb2416bc496a356b676d0793": ["11", "com.teleca.jamendo.activity.BrowsePlaylistActivity"]}, {"979cbcecfb2416bc496a356b676d0793": ["11", "com.teleca.jamendo.activity.BrowsePlaylistActivity"]}, {"979cbcecfb2416bc496a356b676d0793": ["11", "com.teleca.jamendo.activity.BrowsePlaylistActivity"]}, {"b008d22fd1f35eaf3000b59927e8248d": ["4", "com.teleca.jamendo.activity.BrowsePlaylistActivity"]}, {"979cbcecfb2416bc496a356b676d0793": ["11", "com.teleca.jamendo.activity.BrowsePlaylistActivity"]}, {"b008d22fd1f35eaf3000b59927e8248d": ["4", "com.teleca.jamendo.activity.BrowsePlaylistActivity"]}, {"979cbcecfb2416bc496a356b676d0793": ["11", "com.teleca.jamendo.activity.BrowsePlaylistActivity"]}, {"b008d22fd1f35eaf3000b59927e8248d": ["4", "com.teleca.jamendo.activity.BrowsePlaylistActivity"]}, {"979cbcecfb2416bc496a356b676d0793": ["11", "com.teleca.jamendo.activity.BrowsePlaylistActivity"]}, {"b008d22fd1f35eaf3000b59927e8248d": ["4", "com.teleca.jamendo.activity.BrowsePlaylistActivity"]}, {"979cbcecfb2416bc496a356b676d0793": ["11", "com.teleca.jamendo.activity.BrowsePlaylistActivity"]}, {"979cbcecfb2416bc496a356b676d0793": ["11", "com.teleca.jamendo.activity.BrowsePlaylistActivity"]}, {"979cbcecfb2416bc496a356b676d0793": ["11", "com.teleca.jamendo.activity.BrowsePlaylistActivity"]}, {"979cbcecfb2416bc496a356b676d0793": ["11", "com.teleca.jamendo.activity.BrowsePlaylistActivity"]}, {"979cbcecfb2416bc496a356b676d0793": ["11", "com.teleca.jamendo.activity.BrowsePlaylistActivity"]}, {"979cbcecfb2416bc496a356b676d0793": ["11", "com.teleca.jamendo.activity.BrowsePlaylistActivity"]}, {"6c270da4d95bb2089586f6b2e0472f01": ["12", "com.teleca.jamendo.activity.BrowsePlaylistActivity"]}, {"6c270da4d95bb2089586f6b2e0472f01": ["12", "com.teleca.jamendo.activity.BrowsePlaylistActivity"]}, {"6c270da4d95bb2089586f6b2e0472f01": ["12", "com.teleca.jamendo.activity.BrowsePlaylistActivity"]}, {"6c270da4d95bb2089586f6b2e0472f01": ["12", "com.teleca.jamendo.activity.BrowsePlaylistActivity"]}, {"b008d22fd1f35eaf3000b59927e8248d": ["4", "com.teleca.jamendo.activity.BrowsePlaylistActivity"]}, {"6c270da4d95bb2089586f6b2e0472f01": ["12", "com.teleca.jamendo.activity.BrowsePlaylistActivity"]}, {"6c270da4d95bb2089586f6b2e0472f01": ["12", "com.teleca.jamendo.activity.BrowsePlaylistActivity"]}, {"6c270da4d95bb2089586f6b2e0472f01": ["12", "com.teleca.jamendo.activity.BrowsePlaylistActivity"]}, {"6c270da4d95bb2089586f6b2e0472f01": ["12", "com.teleca.jamendo.activity.BrowsePlaylistActivity"]}, {"6c270da4d95bb2089586f6b2e0472f01": ["12", "com.teleca.jamendo.activity.BrowsePlaylistActivity"]}, {"6c270da4d95bb2089586f6b2e0472f01": ["12", "com.teleca.jamendo.activity.BrowsePlaylistActivity"]}, {"b008d22fd1f35eaf3000b59927e8248d": ["4", "com.teleca.jamendo.activity.BrowsePlaylistActivity"]}, {"6c270da4d95bb2089586f6b2e0472f01": ["12", "com.teleca.jamendo.activity.BrowsePlaylistActivity"]}, {"6c270da4d95bb2089586f6b2e0472f01": ["12", "com.teleca.jamendo.activity.BrowsePlaylistActivity"]}, {"b008d22fd1f35eaf3000b59927e8248d": ["4", "com.teleca.jamendo.activity.BrowsePlaylistActivity"]}, {"6c270da4d95bb2089586f6b2e0472f01": ["12", "com.teleca.jamendo.activity.BrowsePlaylistActivity"]}, {"b008d22fd1f35eaf3000b59927e8248d": ["4", "com.teleca.jamendo.activity.BrowsePlaylistActivity"]}, {"6c270da4d95bb2089586f6b2e0472f01": ["12", "com.teleca.jamendo.activity.BrowsePlaylistActivity"]}, {"6c270da4d95bb2089586f6b2e0472f01": ["12", "com.teleca.jamendo.activity.BrowsePlaylistActivity"]}, {"6c270da4d95bb2089586f6b2e0472f01": ["12", "com.teleca.jamendo.activity.BrowsePlaylistActivity"]}, {"6c270da4d95bb2089586f6b2e0472f01": ["12", "com.teleca.jamendo.activity.BrowsePlaylistActivity"]}, {"6c270da4d95bb2089586f6b2e0472f01": ["12", "com.teleca.jamendo.activity.BrowsePlaylistActivity"]}, {"6c270da4d95bb2089586f6b2e0472f01": ["12", "com.teleca.jamendo.activity.BrowsePlaylistActivity"]}, {"6c270da4d95bb2089586f6b2e0472f01": ["12", "com.teleca.jamendo.activity.BrowsePlaylistActivity"]}, {"6c270da4d95bb2089586f6b2e0472f01": ["12", "com.teleca.jamendo.activity.BrowsePlaylistActivity"]}, {"b008d22fd1f35eaf3000b59927e8248d": ["4", "com.teleca.jamendo.activity.BrowsePlaylistActivity"]}, {"6c270da4d95bb2089586f6b2e0472f01": ["12", "com.teleca.jamendo.activity.BrowsePlaylistActivity"]}, {"6c270da4d95bb2089586f6b2e0472f01": ["12", "com.teleca.jamendo.activity.BrowsePlaylistActivity"]}, {"6c270da4d95bb2089586f6b2e0472f01": ["12", "com.teleca.jamendo.activity.BrowsePlaylistActivity"]}, {"b008d22fd1f35eaf3000b59927e8248d": ["4", "com.teleca.jamendo.activity.BrowsePlaylistActivity"]}, {"6c270da4d95bb2089586f6b2e0472f01": ["12", "com.teleca.jamendo.activity.BrowsePlaylistActivity"]}, {"6c270da4d95bb2089586f6b2e0472f01": ["12", "com.teleca.jamendo.activity.BrowsePlaylistActivity"]}, {"b008d22fd1f35eaf3000b59927e8248d": ["4", "com.teleca.jamendo.activity.BrowsePlaylistActivity"]}, {"6c270da4d95bb2089586f6b2e0472f01": ["12", "com.teleca.jamendo.activity.BrowsePlaylistActivity"]}, {"6c270da4d95bb2089586f6b2e0472f01": ["12", "com.teleca.jamendo.activity.BrowsePlaylistActivity"]}, {"6c270da4d95bb2089586f6b2e0472f01": ["12", "com.teleca.jamendo.activity.BrowsePlaylistActivity"]}, {"6c270da4d95bb2089586f6b2e0472f01": ["12", "com.teleca.jamendo.activity.BrowsePlaylistActivity"]}, {"6c270da4d95bb2089586f6b2e0472f01": ["12", "com.teleca.jamendo.activity.BrowsePlaylistActivity"]}, {"6c270da4d95bb2089586f6b2e0472f01": ["12", "com.teleca.jamendo.activity.BrowsePlaylistActivity"]}, {"6c270da4d95bb2089586f6b2e0472f01": ["12", "com.teleca.jamendo.activity.BrowsePlaylistActivity"]}, {"6c270da4d95bb2089586f6b2e0472f01": ["12", "com.teleca.jamendo.activity.BrowsePlaylistActivity"]}, {"b008d22fd1f35eaf3000b59927e8248d": ["4", "com.teleca.jamendo.activity.BrowsePlaylistActivity"]}, {"6c270da4d95bb2089586f6b2e0472f01": ["12", "com.teleca.jamendo.activity.BrowsePlaylistActivity"]}, {"6c270da4d95bb2089586f6b2e0472f01": ["12", "com.teleca.jamendo.activity.BrowsePlaylistActivity"]}, {"6c270da4d95bb2089586f6b2e0472f01": ["12", "com.teleca.jamendo.activity.BrowsePlaylistActivity"]}, {"b008d22fd1f35eaf3000b59927e8248d": ["4", "com.teleca.jamendo.activity.BrowsePlaylistActivity"]}, {"6c270da4d95bb2089586f6b2e0472f01": ["12", "com.teleca.jamendo.activity.BrowsePlaylistActivity"]}, {"6c270da4d95bb2089586f6b2e0472f01": ["12", "com.teleca.jamendo.activity.BrowsePlaylistActivity"]}, {"979cbcecfb2416bc496a356b676d0793": ["11", "com.teleca.jamendo.activity.BrowsePlaylistActivity"]}, {"6c270da4d95bb2089586f6b2e0472f01": ["12", "com.teleca.jamendo.activity.BrowsePlaylistActivity"]}, {"6c270da4d95bb2089586f6b2e0472f01": ["12", "com.teleca.jamendo.activity.BrowsePlaylistActivity"]}, {"6c270da4d95bb2089586f6b2e0472f01": ["12", "com.teleca.jamendo.activity.BrowsePlaylistActivity"]}, {"b008d22fd1f35eaf3000b59927e8248d": ["4", "com.teleca.jamendo.activity.BrowsePlaylistActivity"]}, {"6c270da4d95bb2089586f6b2e0472f01": ["12", "com.teleca.jamendo.activity.BrowsePlaylistActivity"]}, {"b008d22fd1f35eaf3000b59927e8248d": ["4", "com.teleca.jamendo.activity.BrowsePlaylistActivity"]}, {"6c270da4d95bb2089586f6b2e0472f01": ["12", "com.teleca.jamendo.activity.BrowsePlaylistActivity"]}, {"6c270da4d95bb2089586f6b2e0472f01": ["12", "com.teleca.jamendo.activity.BrowsePlaylistActivity"]}, {"6c270da4d95bb2089586f6b2e0472f01": ["12", "com.teleca.jamendo.activity.BrowsePlaylistActivity"]}, {"b008d22fd1f35eaf3000b59927e8248d": ["4", "com.teleca.jamendo.activity.BrowsePlaylistActivity"]}, {"6c270da4d95bb2089586f6b2e0472f01": ["12", "com.teleca.jamendo.activity.BrowsePlaylistActivity"]}, {"6c270da4d95bb2089586f6b2e0472f01": ["12", "com.teleca.jamendo.activity.BrowsePlaylistActivity"]}, {"6c270da4d95bb2089586f6b2e0472f01": ["12", "com.teleca.jamendo.activity.BrowsePlaylistActivity"]}, {"43dc4918294886fbd481ddb411f00219": ["13", "com.teleca.jamendo.activity.BrowsePlaylistActivity"]}, {"b008d22fd1f35eaf3000b59927e8248d": ["4", "com.teleca.jamendo.activity.BrowsePlaylistActivity"]}, {"43dc4918294886fbd481ddb411f00219": ["13", "com.teleca.jamendo.activity.BrowsePlaylistActivity"]}, {"43dc4918294886fbd481ddb411f00219": ["13", "com.teleca.jamendo.activity.BrowsePlaylistActivity"]}, {"b008d22fd1f35eaf3000b59927e8248d": ["4", "com.teleca.jamendo.activity.BrowsePlaylistActivity"]}, {"43dc4918294886fbd481ddb411f00219": ["13", "com.teleca.jamendo.activity.BrowsePlaylistActivity"]}, {"43dc4918294886fbd481ddb411f00219": ["13", "com.teleca.jamendo.activity.BrowsePlaylistActivity"]}, {"b008d22fd1f35eaf3000b59927e8248d": ["4", "com.teleca.jamendo.activity.BrowsePlaylistActivity"]}, {"43dc4918294886fbd481ddb411f00219": ["13", "com.teleca.jamendo.activity.BrowsePlaylistActivity"]}, {"43dc4918294886fbd481ddb411f00219": ["13", "com.teleca.jamendo.activity.BrowsePlaylistActivity"]}, {"b008d22fd1f35eaf3000b59927e8248d": ["4", "com.teleca.jamendo.activity.BrowsePlaylistActivity"]}, {"43dc4918294886fbd481ddb411f00219": ["13", "com.teleca.jamendo.activity.BrowsePlaylistActivity"]}, {"43dc4918294886fbd481ddb411f00219": ["13", "com.teleca.jamendo.activity.BrowsePlaylistActivity"]}, {"43dc4918294886fbd481ddb411f00219": ["13", "com.teleca.jamendo.activity.BrowsePlaylistActivity"]}, {"b008d22fd1f35eaf3000b59927e8248d": ["4", "com.teleca.jamendo.activity.BrowsePlaylistActivity"]}, {"43dc4918294886fbd481ddb411f00219": ["13", "com.teleca.jamendo.activity.BrowsePlaylistActivity"]}, {"b008d22fd1f35eaf3000b59927e8248d": ["4", "com.teleca.jamendo.activity.BrowsePlaylistActivity"]}, {"43dc4918294886fbd481ddb411f00219": ["13", "com.teleca.jamendo.activity.BrowsePlaylistActivity"]}, {"43dc4918294886fbd481ddb411f00219": ["13", "com.teleca.jamendo.activity.BrowsePlaylistActivity"]}, {"43dc4918294886fbd481ddb411f00219": ["13", "com.teleca.jamendo.activity.BrowsePlaylistActivity"]}, {"43dc4918294886fbd481ddb411f00219": ["13", "com.teleca.jamendo.activity.BrowsePlaylistActivity"]}, {"b008d22fd1f35eaf3000b59927e8248d": ["4", "com.teleca.jamendo.activity.BrowsePlaylistActivity"]}, {"43dc4918294886fbd481ddb411f00219": ["13", "com.teleca.jamendo.activity.BrowsePlaylistActivity"]}, {"b008d22fd1f35eaf3000b59927e8248d": ["4", "com.teleca.jamendo.activity.BrowsePlaylistActivity"]}, {"43dc4918294886fbd481ddb411f00219": ["13", "com.teleca.jamendo.activity.BrowsePlaylistActivity"]}, {"43dc4918294886fbd481ddb411f00219": ["13", "com.teleca.jamendo.activity.BrowsePlaylistActivity"]}, {"b008d22fd1f35eaf3000b59927e8248d": ["4", "com.teleca.jamendo.activity.BrowsePlaylistActivity"]}, {"43dc4918294886fbd481ddb411f00219": ["13", "com.teleca.jamendo.activity.BrowsePlaylistActivity"]}, {"979cbcecfb2416bc496a356b676d0793": ["11", "com.teleca.jamendo.activity.BrowsePlaylistActivity"]}, {"43dc4918294886fbd481ddb411f00219": ["13", "com.teleca.jamendo.activity.BrowsePlaylistActivity"]}, {"43dc4918294886fbd481ddb411f00219": ["13", "com.teleca.jamendo.activity.BrowsePlaylistActivity"]}, {"43dc4918294886fbd481ddb411f00219": ["13", "com.teleca.jamendo.activity.BrowsePlaylistActivity"]}, {"b008d22fd1f35eaf3000b59927e8248d": ["4", "com.teleca.jamendo.activity.BrowsePlaylistActivity"]}, {"43dc4918294886fbd481ddb411f00219": ["13", "com.teleca.jamendo.activity.BrowsePlaylistActivity"]}, {"b008d22fd1f35eaf3000b59927e8248d": ["4", "com.teleca.jamendo.activity.BrowsePlaylistActivity"]}, {"979cbcecfb2416bc496a356b676d0793": ["11", "com.teleca.jamendo.activity.BrowsePlaylistActivity"]}, {"43dc4918294886fbd481ddb411f00219": ["13", "com.teleca.jamendo.activity.BrowsePlaylistActivity"]}, {"43dc4918294886fbd481ddb411f00219": ["13", "com.teleca.jamendo.activity.BrowsePlaylistActivity"]}, {"43dc4918294886fbd481ddb411f00219": ["13", "com.teleca.jamendo.activity.BrowsePlaylistActivity"]}, {"b008d22fd1f35eaf3000b59927e8248d": ["4", "com.teleca.jamendo.activity.BrowsePlaylistActivity"]}, {"43dc4918294886fbd481ddb411f00219": ["13", "com.teleca.jamendo.activity.BrowsePlaylistActivity"]}, {"43dc4918294886fbd481ddb411f00219": ["13", "com.teleca.jamendo.activity.BrowsePlaylistActivity"]}, {"43dc4918294886fbd481ddb411f00219": ["13", "com.teleca.jamendo.activity.BrowsePlaylistActivity"]}, {"43dc4918294886fbd481ddb411f00219": ["13", "com.teleca.jamendo.activity.BrowsePlaylistActivity"]}, {"43dc4918294886fbd481ddb411f00219": ["13", "com.teleca.jamendo.activity.BrowsePlaylistActivity"]}, {"43dc4918294886fbd481ddb411f00219": ["13", "com.teleca.jamendo.activity.BrowsePlaylistActivity"]}, {"43dc4918294886fbd481ddb411f00219": ["13", "com.teleca.jamendo.activity.BrowsePlaylistActivity"]}, {"43dc4918294886fbd481ddb411f00219": ["13", "com.teleca.jamendo.activity.BrowsePlaylistActivity"]}, {"43dc4918294886fbd481ddb411f00219": ["13", "com.teleca.jamendo.activity.BrowsePlaylistActivity"]}, {"43dc4918294886fbd481ddb411f00219": ["13", "com.teleca.jamendo.activity.BrowsePlaylistActivity"]}, {"43dc4918294886fbd481ddb411f00219": ["13", "com.teleca.jamendo.activity.BrowsePlaylistActivity"]}, {"b008d22fd1f35eaf3000b59927e8248d": ["4", "com.teleca.jamendo.activity.BrowsePlaylistActivity"]}, {"43dc4918294886fbd481ddb411f00219": ["13", "com.teleca.jamendo.activity.BrowsePlaylistActivity"]}, {"43dc4918294886fbd481ddb411f00219": ["13", "com.teleca.jamendo.activity.BrowsePlaylistActivity"]}, {"43dc4918294886fbd481ddb411f00219": ["13", "com.teleca.jamendo.activity.BrowsePlaylistActivity"]}, {"43dc4918294886fbd481ddb411f00219": ["13", "com.teleca.jamendo.activity.BrowsePlaylistActivity"]}, {"43dc4918294886fbd481ddb411f00219": ["13", "com.teleca.jamendo.activity.BrowsePlaylistActivity"]}, {"b008d22fd1f35eaf3000b59927e8248d": ["4", "com.teleca.jamendo.activity.BrowsePlaylistActivity"]}, {"43dc4918294886fbd481ddb411f00219": ["13", "com.teleca.jamendo.activity.BrowsePlaylistActivity"]}, {"43dc4918294886fbd481ddb411f00219": ["13", "com.teleca.jamendo.activity.BrowsePlaylistActivity"]}, {"43dc4918294886fbd481ddb411f00219": ["13", "com.teleca.jamendo.activity.BrowsePlaylistActivity"]}, {"43dc4918294886fbd481ddb411f00219": ["13", "com.teleca.jamendo.activity.BrowsePlaylistActivity"]}, {"b008d22fd1f35eaf3000b59927e8248d": ["4", "com.teleca.jamendo.activity.BrowsePlaylistActivity"]}, {"43dc4918294886fbd481ddb411f00219": ["13", "com.teleca.jamendo.activity.BrowsePlaylistActivity"]}, {"43dc4918294886fbd481ddb411f00219": ["13", "com.teleca.jamendo.activity.BrowsePlaylistActivity"]}, {"43dc4918294886fbd481ddb411f00219": ["13", "com.teleca.jamendo.activity.BrowsePlaylistActivity"]}, {"43dc4918294886fbd481ddb411f00219": ["13", "com.teleca.jamendo.activity.BrowsePlaylistActivity"]}, {"b008d22fd1f35eaf3000b59927e8248d": ["4", "com.teleca.jamendo.activity.BrowsePlaylistActivity"]}, {"979cbcecfb2416bc496a356b676d0793": ["11", "com.teleca.jamendo.activity.BrowsePlaylistActivity"]}, {"979cbcecfb2416bc496a356b676d0793": ["11", "com.teleca.jamendo.activity.BrowsePlaylistActivity"]}, {"43dc4918294886fbd481ddb411f00219": ["13", "com.teleca.jamendo.activity.BrowsePlaylistActivity"]}, {"43dc4918294886fbd481ddb411f00219": ["13", "com.teleca.jamendo.activity.BrowsePlaylistActivity"]}, {"43dc4918294886fbd481ddb411f00219": ["13", "com.teleca.jamendo.activity.BrowsePlaylistActivity"]}, {"b008d22fd1f35eaf3000b59927e8248d": ["4", "com.teleca.jamendo.activity.BrowsePlaylistActivity"]}, {"43dc4918294886fbd481ddb411f00219": ["13", "com.teleca.jamendo.activity.BrowsePlaylistActivity"]}, {"43dc4918294886fbd481ddb411f00219": ["13", "com.teleca.jamendo.activity.BrowsePlaylistActivity"]}, {"43dc4918294886fbd481ddb411f00219": ["13", "com.teleca.jamendo.activity.BrowsePlaylistActivity"]}, {"43dc4918294886fbd481ddb411f00219": ["13", "com.teleca.jamendo.activity.BrowsePlaylistActivity"]}, {"b008d22fd1f35eaf3000b59927e8248d": ["4", "com.teleca.jamendo.activity.BrowsePlaylistActivity"]}, {"43dc4918294886fbd481ddb411f00219": ["13", "com.teleca.jamendo.activity.BrowsePlaylistActivity"]}, {"eb4f18a10fe0075f2ddb554b2ea003af": ["29", "com.teleca.jamendo.activity.BrowsePlaylistActivity"]}, {"eb4f18a10fe0075f2ddb554b2ea003af": ["29", "com.teleca.jamendo.activity.BrowsePlaylistActivity"]}, {"eb4f18a10fe0075f2ddb554b2ea003af": ["29", "com.teleca.jamendo.activity.BrowsePlaylistActivity"]}, {"b008d22fd1f35eaf3000b59927e8248d": ["4", "com.teleca.jamendo.activity.BrowsePlaylistActivity"]}, {"43dc4918294886fbd481ddb411f00219": ["13", "com.teleca.jamendo.activity.BrowsePlaylistActivity"]}, {"b008d22fd1f35eaf3000b59927e8248d": ["4", "com.teleca.jamendo.activity.BrowsePlaylistActivity"]}, {"43dc4918294886fbd481ddb411f00219": ["13", "com.teleca.jamendo.activity.BrowsePlaylistActivity"]}, {"43dc4918294886fbd481ddb411f00219": ["13", "com.teleca.jamendo.activity.BrowsePlaylistActivity"]}, {"43dc4918294886fbd481ddb411f00219": ["13", "com.teleca.jamendo.activity.BrowsePlaylistActivity"]}, {"43dc4918294886fbd481ddb411f00219": ["13", "com.teleca.jamendo.activity.BrowsePlaylistActivity"]}, {"b008d22fd1f35eaf3000b59927e8248d": ["4", "com.teleca.jamendo.activity.BrowsePlaylistActivity"]}, {"43dc4918294886fbd481ddb411f00219": ["13", "com.teleca.jamendo.activity.BrowsePlaylistActivity"]}, {"43dc4918294886fbd481ddb411f00219": ["13", "com.teleca.jamendo.activity.BrowsePlaylistActivity"]}, {"eb4f18a10fe0075f2ddb554b2ea003af": ["29", "com.teleca.jamendo.activity.BrowsePlaylistActivity"]}, {"b008d22fd1f35eaf3000b59927e8248d": ["4", "com.teleca.jamendo.activity.BrowsePlaylistActivity"]}, {"abceb581386fc51022023af4c111263c": ["30", "com.teleca.jamendo.activity.BrowsePlaylistActivity"]}, {"b008d22fd1f35eaf3000b59927e8248d": ["4", "com.teleca.jamendo.activity.BrowsePlaylistActivity"]}, {"43dc4918294886fbd481ddb411f00219": ["13", "com.teleca.jamendo.activity.BrowsePlaylistActivity"]}, {"b008d22fd1f35eaf3000b59927e8248d": ["4", "com.teleca.jamendo.activity.BrowsePlaylistActivity"]}, {"43dc4918294886fbd481ddb411f00219": ["13", "com.teleca.jamendo.activity.BrowsePlaylistActivity"]}, {"43dc4918294886fbd481ddb411f00219": ["13", "com.teleca.jamendo.activity.BrowsePlaylistActivity"]}, {"b008d22fd1f35eaf3000b59927e8248d": ["4", "com.teleca.jamendo.activity.BrowsePlaylistActivity"]}, {"43dc4918294886fbd481ddb411f00219": ["13", "com.teleca.jamendo.activity.BrowsePlaylistActivity"]}, {"43dc4918294886fbd481ddb411f00219": ["13", "com.teleca.jamendo.activity.BrowsePlaylistActivity"]}, {"43dc4918294886fbd481ddb411f00219": ["13", "com.teleca.jamendo.activity.BrowsePlaylistActivity"]}, {"43dc4918294886fbd481ddb411f00219": ["13", "com.teleca.jamendo.activity.BrowsePlaylistActivity"]}, {"43dc4918294886fbd481ddb411f00219": ["13", "com.teleca.jamendo.activity.BrowsePlaylistActivity"]}, {"43dc4918294886fbd481ddb411f00219": ["13", "com.teleca.jamendo.activity.BrowsePlaylistActivity"]}, {"43dc4918294886fbd481ddb411f00219": ["13", "com.teleca.jamendo.activity.BrowsePlaylistActivity"]}, {"43dc4918294886fbd481ddb411f00219": ["13", "com.teleca.jamendo.activity.BrowsePlaylistActivity"]}, {"43dc4918294886fbd481ddb411f00219": ["13", "com.teleca.jamendo.activity.BrowsePlaylistActivity"]}, {"b008d22fd1f35eaf3000b59927e8248d": ["4", "com.teleca.jamendo.activity.BrowsePlaylistActivity"]}, {"979cbcecfb2416bc496a356b676d0793": ["11", "com.teleca.jamendo.activity.BrowsePlaylistActivity"]}, {"43dc4918294886fbd481ddb411f00219": ["13", "com.teleca.jamendo.activity.BrowsePlaylistActivity"]}, {"979cbcecfb2416bc496a356b676d0793": ["11", "com.teleca.jamendo.activity.BrowsePlaylistActivity"]}, {"43dc4918294886fbd481ddb411f00219": ["13", "com.teleca.jamendo.activity.BrowsePlaylistActivity"]}, {"43dc4918294886fbd481ddb411f00219": ["13", "com.teleca.jamendo.activity.BrowsePlaylistActivity"]}, {"b008d22fd1f35eaf3000b59927e8248d": ["4", "com.teleca.jamendo.activity.BrowsePlaylistActivity"]}, {"43dc4918294886fbd481ddb411f00219": ["13", "com.teleca.jamendo.activity.BrowsePlaylistActivity"]}, {"43dc4918294886fbd481ddb411f00219": ["13", "com.teleca.jamendo.activity.BrowsePlaylistActivity"]}, {"eb4f18a10fe0075f2ddb554b2ea003af": ["29", "com.teleca.jamendo.activity.BrowsePlaylistActivity"]}, {"43dc4918294886fbd481ddb411f00219": ["13", "com.teleca.jamendo.activity.BrowsePlaylistActivity"]}, {"43dc4918294886fbd481ddb411f00219": ["13", "com.teleca.jamendo.activity.BrowsePlaylistActivity"]}, {"43dc4918294886fbd481ddb411f00219": ["13", "com.teleca.jamendo.activity.BrowsePlaylistActivity"]}, {"b008d22fd1f35eaf3000b59927e8248d": ["4", "com.teleca.jamendo.activity.BrowsePlaylistActivity"]}, {"979cbcecfb2416bc496a356b676d0793": ["11", "com.teleca.jamendo.activity.BrowsePlaylistActivity"]}, {"43dc4918294886fbd481ddb411f00219": ["13", "com.teleca.jamendo.activity.BrowsePlaylistActivity"]}, {"43dc4918294886fbd481ddb411f00219": ["13", "com.teleca.jamendo.activity.BrowsePlaylistActivity"]}, {"43dc4918294886fbd481ddb411f00219": ["13", "com.teleca.jamendo.activity.BrowsePlaylistActivity"]}, {"43dc4918294886fbd481ddb411f00219": ["13", "com.teleca.jamendo.activity.BrowsePlaylistActivity"]}, {"43dc4918294886fbd481ddb411f00219": ["13", "com.teleca.jamendo.activity.BrowsePlaylistActivity"]}, {"b008d22fd1f35eaf3000b59927e8248d": ["4", "com.teleca.jamendo.activity.BrowsePlaylistActivity"]}, {"43dc4918294886fbd481ddb411f00219": ["13", "com.teleca.jamendo.activity.BrowsePlaylistActivity"]}, {"b008d22fd1f35eaf3000b59927e8248d": ["4", "com.teleca.jamendo.activity.BrowsePlaylistActivity"]}, {"43dc4918294886fbd481ddb411f00219": ["13", "com.teleca.jamendo.activity.BrowsePlaylistActivity"]}, {"43dc4918294886fbd481ddb411f00219": ["13", "com.teleca.jamendo.activity.BrowsePlaylistActivity"]}, {"43dc4918294886fbd481ddb411f00219": ["13", "com.teleca.jamendo.activity.BrowsePlaylistActivity"]}, {"b008d22fd1f35eaf3000b59927e8248d": ["4", "com.teleca.jamendo.activity.BrowsePlaylistActivity"]}, {"43dc4918294886fbd481ddb411f00219": ["13", "com.teleca.jamendo.activity.BrowsePlaylistActivity"]}, {"43dc4918294886fbd481ddb411f00219": ["13", "com.teleca.jamendo.activity.BrowsePlaylistActivity"]}, {"43dc4918294886fbd481ddb411f00219": ["13", "com.teleca.jamendo.activity.BrowsePlaylistActivity"]}, {"43dc4918294886fbd481ddb411f00219": ["13", "com.teleca.jamendo.activity.BrowsePlaylistActivity"]}, {"b008d22fd1f35eaf3000b59927e8248d": ["4", "com.teleca.jamendo.activity.BrowsePlaylistActivity"]}, {"979cbcecfb2416bc496a356b676d0793": ["11", "com.teleca.jamendo.activity.BrowsePlaylistActivity"]}, {"43dc4918294886fbd481ddb411f00219": ["13", "com.teleca.jamendo.activity.BrowsePlaylistActivity"]}]