[{"5e3892ed11cee2374059114dfd5d12cc": ["0", "net.everythingandroid.timer.TimerActivity"]}, {"bef0a426b013c3ec07d508d7d0c913c0": ["1", "net.everythingandroid.timer.Preferences"]}, {"5e3892ed11cee2374059114dfd5d12cc": ["0", "net.everythingandroid.timer.TimerActivity"]}, {"5e3892ed11cee2374059114dfd5d12cc": ["0", "net.everythingandroid.timer.TimerActivity"]}, {"5e3892ed11cee2374059114dfd5d12cc": ["0", "net.everythingandroid.timer.TimerActivity"]}, {"5e3892ed11cee2374059114dfd5d12cc": ["0", "net.everythingandroid.timer.TimerActivity"]}, {"5e3892ed11cee2374059114dfd5d12cc": ["0", "net.everythingandroid.timer.TimerActivity"]}, {"5e3892ed11cee2374059114dfd5d12cc": ["0", "net.everythingandroid.timer.TimerActivity"]}, {"bef0a426b013c3ec07d508d7d0c913c0": ["1", "net.everythingandroid.timer.Preferences"]}, {"bef0a426b013c3ec07d508d7d0c913c0": ["1", "net.everythingandroid.timer.Preferences"]}, {"5e3892ed11cee2374059114dfd5d12cc": ["0", "net.everythingandroid.timer.TimerActivity"]}, {"5e3892ed11cee2374059114dfd5d12cc": ["0", "net.everythingandroid.timer.TimerActivity"]}, {"5e3892ed11cee2374059114dfd5d12cc": ["0", "net.everythingandroid.timer.TimerActivity"]}, {"5e3892ed11cee2374059114dfd5d12cc": ["0", "net.everythingandroid.timer.TimerActivity"]}, {"5e3892ed11cee2374059114dfd5d12cc": ["0", "net.everythingandroid.timer.TimerActivity"]}, {"5e3892ed11cee2374059114dfd5d12cc": ["0", "net.everythingandroid.timer.TimerActivity"]}, {"5e3892ed11cee2374059114dfd5d12cc": ["0", "net.everythingandroid.timer.TimerActivity"]}, {"5e3892ed11cee2374059114dfd5d12cc": ["0", "net.everythingandroid.timer.TimerActivity"]}, {"5e3892ed11cee2374059114dfd5d12cc": ["0", "net.everythingandroid.timer.TimerActivity"]}, {"5e3892ed11cee2374059114dfd5d12cc": ["0", "net.everythingandroid.timer.TimerActivity"]}, {"5e3892ed11cee2374059114dfd5d12cc": ["0", "net.everythingandroid.timer.TimerActivity"]}, {"5e3892ed11cee2374059114dfd5d12cc": ["0", "net.everythingandroid.timer.TimerActivity"]}, {"5e3892ed11cee2374059114dfd5d12cc": ["0", "net.everythingandroid.timer.TimerActivity"]}, {"bef0a426b013c3ec07d508d7d0c913c0": ["1", "net.everythingandroid.timer.Preferences"]}, {"bef0a426b013c3ec07d508d7d0c913c0": ["1", "net.everythingandroid.timer.Preferences"]}, {"bef0a426b013c3ec07d508d7d0c913c0": ["1", "net.everythingandroid.timer.Preferences"]}, {"bef0a426b013c3ec07d508d7d0c913c0": ["1", "net.everythingandroid.timer.Preferences"]}, {"bef0a426b013c3ec07d508d7d0c913c0": ["1", "net.everythingandroid.timer.Preferences"]}, {"bef0a426b013c3ec07d508d7d0c913c0": ["1", "net.everythingandroid.timer.Preferences"]}, {"bef0a426b013c3ec07d508d7d0c913c0": ["1", "net.everythingandroid.timer.Preferences"]}, {"01327891472caa1cb7ea78762d9228ad": ["3", "net.everythingandroid.timer.TimerActivity"]}, {"5e3892ed11cee2374059114dfd5d12cc": ["0", "net.everythingandroid.timer.TimerActivity"]}, {"5e3892ed11cee2374059114dfd5d12cc": ["0", "net.everythingandroid.timer.TimerActivity"]}, {"5e3892ed11cee2374059114dfd5d12cc": ["0", "net.everythingandroid.timer.TimerActivity"]}, {"5e3892ed11cee2374059114dfd5d12cc": ["0", "net.everythingandroid.timer.TimerActivity"]}, {"5e3892ed11cee2374059114dfd5d12cc": ["0", "net.everythingandroid.timer.TimerActivity"]}, {"5e3892ed11cee2374059114dfd5d12cc": ["0", "net.everythingandroid.timer.TimerActivity"]}, {"5e3892ed11cee2374059114dfd5d12cc": ["0", "net.everythingandroid.timer.TimerActivity"]}, {"5e3892ed11cee2374059114dfd5d12cc": ["0", "net.everythingandroid.timer.TimerActivity"]}, {"5e3892ed11cee2374059114dfd5d12cc": ["0", "net.everythingandroid.timer.TimerActivity"]}, {"5e3892ed11cee2374059114dfd5d12cc": ["0", "net.everythingandroid.timer.TimerActivity"]}, {"5e3892ed11cee2374059114dfd5d12cc": ["0", "net.everythingandroid.timer.TimerActivity"]}, {"5e3892ed11cee2374059114dfd5d12cc": ["0", "net.everythingandroid.timer.TimerActivity"]}, {"5e3892ed11cee2374059114dfd5d12cc": ["0", "net.everythingandroid.timer.TimerActivity"]}, {"5e3892ed11cee2374059114dfd5d12cc": ["0", "net.everythingandroid.timer.TimerActivity"]}, {"5e3892ed11cee2374059114dfd5d12cc": ["0", "net.everythingandroid.timer.TimerActivity"]}, {"5e3892ed11cee2374059114dfd5d12cc": ["0", "net.everythingandroid.timer.TimerActivity"]}, {"5e3892ed11cee2374059114dfd5d12cc": ["0", "net.everythingandroid.timer.TimerActivity"]}, {"5e3892ed11cee2374059114dfd5d12cc": ["0", "net.everythingandroid.timer.TimerActivity"]}, {"5e3892ed11cee2374059114dfd5d12cc": ["0", "net.everythingandroid.timer.TimerActivity"]}, {"bef0a426b013c3ec07d508d7d0c913c0": ["1", "net.everythingandroid.timer.Preferences"]}, {"bef0a426b013c3ec07d508d7d0c913c0": ["1", "net.everythingandroid.timer.Preferences"]}, {"bef0a426b013c3ec07d508d7d0c913c0": ["1", "net.everythingandroid.timer.Preferences"]}, {"bef0a426b013c3ec07d508d7d0c913c0": ["1", "net.everythingandroid.timer.Preferences"]}, {"5e3892ed11cee2374059114dfd5d12cc": ["0", "net.everythingandroid.timer.TimerActivity"]}, {"5e3892ed11cee2374059114dfd5d12cc": ["0", "net.everythingandroid.timer.TimerActivity"]}, {"5e3892ed11cee2374059114dfd5d12cc": ["0", "net.everythingandroid.timer.TimerActivity"]}, {"5e3892ed11cee2374059114dfd5d12cc": ["0", "net.everythingandroid.timer.TimerActivity"]}, {"5e3892ed11cee2374059114dfd5d12cc": ["0", "net.everythingandroid.timer.TimerActivity"]}, {"5e3892ed11cee2374059114dfd5d12cc": ["0", "net.everythingandroid.timer.TimerActivity"]}, {"5e3892ed11cee2374059114dfd5d12cc": ["0", "net.everythingandroid.timer.TimerActivity"]}, {"5e3892ed11cee2374059114dfd5d12cc": ["0", "net.everythingandroid.timer.TimerActivity"]}, {"5e3892ed11cee2374059114dfd5d12cc": ["0", "net.everythingandroid.timer.TimerActivity"]}, {"bef0a426b013c3ec07d508d7d0c913c0": ["1", "net.everythingandroid.timer.Preferences"]}, {"bef0a426b013c3ec07d508d7d0c913c0": ["1", "net.everythingandroid.timer.Preferences"]}, {"705cf6069e1b1a26bedf415077ebe917": ["2", "net.everythingandroid.timer.Preferences"]}, {"bef0a426b013c3ec07d508d7d0c913c0": ["1", "net.everythingandroid.timer.Preferences"]}, {"bef0a426b013c3ec07d508d7d0c913c0": ["1", "net.everythingandroid.timer.Preferences"]}, {"bef0a426b013c3ec07d508d7d0c913c0": ["1", "net.everythingandroid.timer.Preferences"]}, {"bef0a426b013c3ec07d508d7d0c913c0": ["1", "net.everythingandroid.timer.Preferences"]}, {"705cf6069e1b1a26bedf415077ebe917": ["2", "net.everythingandroid.timer.Preferences"]}, {"bef0a426b013c3ec07d508d7d0c913c0": ["1", "net.everythingandroid.timer.Preferences"]}, {"bef0a426b013c3ec07d508d7d0c913c0": ["1", "net.everythingandroid.timer.Preferences"]}, {"bef0a426b013c3ec07d508d7d0c913c0": ["1", "net.everythingandroid.timer.Preferences"]}, {"bef0a426b013c3ec07d508d7d0c913c0": ["1", "net.everythingandroid.timer.Preferences"]}, {"5e3892ed11cee2374059114dfd5d12cc": ["0", "net.everythingandroid.timer.TimerActivity"]}, {"5e3892ed11cee2374059114dfd5d12cc": ["0", "net.everythingandroid.timer.TimerActivity"]}, {"5e3892ed11cee2374059114dfd5d12cc": ["0", "net.everythingandroid.timer.TimerActivity"]}, {"5e3892ed11cee2374059114dfd5d12cc": ["0", "net.everythingandroid.timer.TimerActivity"]}, {"5e3892ed11cee2374059114dfd5d12cc": ["0", "net.everythingandroid.timer.TimerActivity"]}, {"5e3892ed11cee2374059114dfd5d12cc": ["0", "net.everythingandroid.timer.TimerActivity"]}, {"5e3892ed11cee2374059114dfd5d12cc": ["0", "net.everythingandroid.timer.TimerActivity"]}, {"bef0a426b013c3ec07d508d7d0c913c0": ["1", "net.everythingandroid.timer.Preferences"]}, {"5e3892ed11cee2374059114dfd5d12cc": ["0", "net.everythingandroid.timer.TimerActivity"]}, {"01327891472caa1cb7ea78762d9228ad": ["3", "net.everythingandroid.timer.TimerActivity"]}, {"5e3892ed11cee2374059114dfd5d12cc": ["0", "net.everythingandroid.timer.TimerActivity"]}, {"5e3892ed11cee2374059114dfd5d12cc": ["0", "net.everythingandroid.timer.TimerActivity"]}, {"5e3892ed11cee2374059114dfd5d12cc": ["0", "net.everythingandroid.timer.TimerActivity"]}, {"5e3892ed11cee2374059114dfd5d12cc": ["0", "net.everythingandroid.timer.TimerActivity"]}, {"5e3892ed11cee2374059114dfd5d12cc": ["0", "net.everythingandroid.timer.TimerActivity"]}, {"5e3892ed11cee2374059114dfd5d12cc": ["0", "net.everythingandroid.timer.TimerActivity"]}, {"5e3892ed11cee2374059114dfd5d12cc": ["0", "net.everythingandroid.timer.TimerActivity"]}, {"5e3892ed11cee2374059114dfd5d12cc": ["0", "net.everythingandroid.timer.TimerActivity"]}, {"5e3892ed11cee2374059114dfd5d12cc": ["0", "net.everythingandroid.timer.TimerActivity"]}, {"bef0a426b013c3ec07d508d7d0c913c0": ["1", "net.everythingandroid.timer.Preferences"]}, {"bef0a426b013c3ec07d508d7d0c913c0": ["1", "net.everythingandroid.timer.Preferences"]}, {"bef0a426b013c3ec07d508d7d0c913c0": ["1", "net.everythingandroid.timer.Preferences"]}, {"bef0a426b013c3ec07d508d7d0c913c0": ["1", "net.everythingandroid.timer.Preferences"]}, {"bef0a426b013c3ec07d508d7d0c913c0": ["1", "net.everythingandroid.timer.Preferences"]}, {"bef0a426b013c3ec07d508d7d0c913c0": ["1", "net.everythingandroid.timer.Preferences"]}, {"5e3892ed11cee2374059114dfd5d12cc": ["0", "net.everythingandroid.timer.TimerActivity"]}, {"5e3892ed11cee2374059114dfd5d12cc": ["0", "net.everythingandroid.timer.TimerActivity"]}, {"5e3892ed11cee2374059114dfd5d12cc": ["0", "net.everythingandroid.timer.TimerActivity"]}, {"5e3892ed11cee2374059114dfd5d12cc": ["0", "net.everythingandroid.timer.TimerActivity"]}, {"5e3892ed11cee2374059114dfd5d12cc": ["0", "net.everythingandroid.timer.TimerActivity"]}, {"5e3892ed11cee2374059114dfd5d12cc": ["0", "net.everythingandroid.timer.TimerActivity"]}, {"5e3892ed11cee2374059114dfd5d12cc": ["0", "net.everythingandroid.timer.TimerActivity"]}, {"bef0a426b013c3ec07d508d7d0c913c0": ["1", "net.everythingandroid.timer.Preferences"]}, {"bef0a426b013c3ec07d508d7d0c913c0": ["1", "net.everythingandroid.timer.Preferences"]}, {"bef0a426b013c3ec07d508d7d0c913c0": ["1", "net.everythingandroid.timer.Preferences"]}, {"bef0a426b013c3ec07d508d7d0c913c0": ["1", "net.everythingandroid.timer.Preferences"]}, {"bef0a426b013c3ec07d508d7d0c913c0": ["1", "net.everythingandroid.timer.Preferences"]}, {"bef0a426b013c3ec07d508d7d0c913c0": ["1", "net.everythingandroid.timer.Preferences"]}, {"bef0a426b013c3ec07d508d7d0c913c0": ["1", "net.everythingandroid.timer.Preferences"]}, {"bef0a426b013c3ec07d508d7d0c913c0": ["1", "net.everythingandroid.timer.Preferences"]}, {"e50457562674e5b895b3fdd16cfd8a83": ["4", "net.everythingandroid.timer.Preferences"]}, {"bef0a426b013c3ec07d508d7d0c913c0": ["1", "net.everythingandroid.timer.Preferences"]}, {"bef0a426b013c3ec07d508d7d0c913c0": ["1", "net.everythingandroid.timer.Preferences"]}, {"705cf6069e1b1a26bedf415077ebe917": ["2", "net.everythingandroid.timer.Preferences"]}, {"bef0a426b013c3ec07d508d7d0c913c0": ["1", "net.everythingandroid.timer.Preferences"]}, {"bef0a426b013c3ec07d508d7d0c913c0": ["1", "net.everythingandroid.timer.Preferences"]}, {"5e3892ed11cee2374059114dfd5d12cc": ["0", "net.everythingandroid.timer.TimerActivity"]}, {"5e3892ed11cee2374059114dfd5d12cc": ["0", "net.everythingandroid.timer.TimerActivity"]}, {"5e3892ed11cee2374059114dfd5d12cc": ["0", "net.everythingandroid.timer.TimerActivity"]}, {"5e3892ed11cee2374059114dfd5d12cc": ["0", "net.everythingandroid.timer.TimerActivity"]}, {"5e3892ed11cee2374059114dfd5d12cc": ["0", "net.everythingandroid.timer.TimerActivity"]}, {"5e3892ed11cee2374059114dfd5d12cc": ["0", "net.everythingandroid.timer.TimerActivity"]}, {"5e3892ed11cee2374059114dfd5d12cc": ["0", "net.everythingandroid.timer.TimerActivity"]}, {"5e3892ed11cee2374059114dfd5d12cc": ["0", "net.everythingandroid.timer.TimerActivity"]}, {"5e3892ed11cee2374059114dfd5d12cc": ["0", "net.everythingandroid.timer.TimerActivity"]}, {"5e3892ed11cee2374059114dfd5d12cc": ["0", "net.everythingandroid.timer.TimerActivity"]}, {"5e3892ed11cee2374059114dfd5d12cc": ["0", "net.everythingandroid.timer.TimerActivity"]}, {"5e3892ed11cee2374059114dfd5d12cc": ["0", "net.everythingandroid.timer.TimerActivity"]}, {"5e3892ed11cee2374059114dfd5d12cc": ["0", "net.everythingandroid.timer.TimerActivity"]}, {"5e3892ed11cee2374059114dfd5d12cc": ["0", "net.everythingandroid.timer.TimerActivity"]}, {"5e3892ed11cee2374059114dfd5d12cc": ["0", "net.everythingandroid.timer.TimerActivity"]}, {"5e3892ed11cee2374059114dfd5d12cc": ["0", "net.everythingandroid.timer.TimerActivity"]}, {"5e3892ed11cee2374059114dfd5d12cc": ["0", "net.everythingandroid.timer.TimerActivity"]}, {"5e3892ed11cee2374059114dfd5d12cc": ["0", "net.everythingandroid.timer.TimerActivity"]}, {"bef0a426b013c3ec07d508d7d0c913c0": ["1", "net.everythingandroid.timer.Preferences"]}, {"bef0a426b013c3ec07d508d7d0c913c0": ["1", "net.everythingandroid.timer.Preferences"]}, {"bef0a426b013c3ec07d508d7d0c913c0": ["1", "net.everythingandroid.timer.Preferences"]}, {"bef0a426b013c3ec07d508d7d0c913c0": ["1", "net.everythingandroid.timer.Preferences"]}, {"5e3892ed11cee2374059114dfd5d12cc": ["0", "net.everythingandroid.timer.TimerActivity"]}, {"5e3892ed11cee2374059114dfd5d12cc": ["0", "net.everythingandroid.timer.TimerActivity"]}, {"bef0a426b013c3ec07d508d7d0c913c0": ["1", "net.everythingandroid.timer.Preferences"]}, {"bef0a426b013c3ec07d508d7d0c913c0": ["1", "net.everythingandroid.timer.Preferences"]}, {"bef0a426b013c3ec07d508d7d0c913c0": ["1", "net.everythingandroid.timer.Preferences"]}, {"bef0a426b013c3ec07d508d7d0c913c0": ["1", "net.everythingandroid.timer.Preferences"]}, {"bef0a426b013c3ec07d508d7d0c913c0": ["1", "net.everythingandroid.timer.Preferences"]}, {"705cf6069e1b1a26bedf415077ebe917": ["2", "net.everythingandroid.timer.Preferences"]}, {"bef0a426b013c3ec07d508d7d0c913c0": ["1", "net.everythingandroid.timer.Preferences"]}, {"705cf6069e1b1a26bedf415077ebe917": ["2", "net.everythingandroid.timer.Preferences"]}, {"bef0a426b013c3ec07d508d7d0c913c0": ["1", "net.everythingandroid.timer.Preferences"]}, {"705cf6069e1b1a26bedf415077ebe917": ["2", "net.everythingandroid.timer.Preferences"]}, {"bef0a426b013c3ec07d508d7d0c913c0": ["1", "net.everythingandroid.timer.Preferences"]}, {"bef0a426b013c3ec07d508d7d0c913c0": ["1", "net.everythingandroid.timer.Preferences"]}, {"bef0a426b013c3ec07d508d7d0c913c0": ["1", "net.everythingandroid.timer.Preferences"]}, {"bef0a426b013c3ec07d508d7d0c913c0": ["1", "net.everythingandroid.timer.Preferences"]}, {"5e3892ed11cee2374059114dfd5d12cc": ["0", "net.everythingandroid.timer.TimerActivity"]}, {"5e3892ed11cee2374059114dfd5d12cc": ["0", "net.everythingandroid.timer.TimerActivity"]}, {"bef0a426b013c3ec07d508d7d0c913c0": ["1", "net.everythingandroid.timer.Preferences"]}, {"bef0a426b013c3ec07d508d7d0c913c0": ["1", "net.everythingandroid.timer.Preferences"]}, {"bef0a426b013c3ec07d508d7d0c913c0": ["1", "net.everythingandroid.timer.Preferences"]}, {"e50457562674e5b895b3fdd16cfd8a83": ["4", "net.everythingandroid.timer.Preferences"]}, {"bef0a426b013c3ec07d508d7d0c913c0": ["1", "net.everythingandroid.timer.Preferences"]}, {"bef0a426b013c3ec07d508d7d0c913c0": ["1", "net.everythingandroid.timer.Preferences"]}, {"bef0a426b013c3ec07d508d7d0c913c0": ["1", "net.everythingandroid.timer.Preferences"]}, {"bef0a426b013c3ec07d508d7d0c913c0": ["1", "net.everythingandroid.timer.Preferences"]}, {"bef0a426b013c3ec07d508d7d0c913c0": ["1", "net.everythingandroid.timer.Preferences"]}, {"bef0a426b013c3ec07d508d7d0c913c0": ["1", "net.everythingandroid.timer.Preferences"]}, {"bef0a426b013c3ec07d508d7d0c913c0": ["1", "net.everythingandroid.timer.Preferences"]}, {"bef0a426b013c3ec07d508d7d0c913c0": ["1", "net.everythingandroid.timer.Preferences"]}, {"bef0a426b013c3ec07d508d7d0c913c0": ["1", "net.everythingandroid.timer.Preferences"]}, {"bef0a426b013c3ec07d508d7d0c913c0": ["1", "net.everythingandroid.timer.Preferences"]}, {"bef0a426b013c3ec07d508d7d0c913c0": ["1", "net.everythingandroid.timer.Preferences"]}, {"bef0a426b013c3ec07d508d7d0c913c0": ["1", "net.everythingandroid.timer.Preferences"]}, {"5e3892ed11cee2374059114dfd5d12cc": ["0", "net.everythingandroid.timer.TimerActivity"]}, {"bef0a426b013c3ec07d508d7d0c913c0": ["1", "net.everythingandroid.timer.Preferences"]}, {"bef0a426b013c3ec07d508d7d0c913c0": ["1", "net.everythingandroid.timer.Preferences"]}, {"bef0a426b013c3ec07d508d7d0c913c0": ["1", "net.everythingandroid.timer.Preferences"]}, {"e50457562674e5b895b3fdd16cfd8a83": ["4", "net.everythingandroid.timer.Preferences"]}, {"bef0a426b013c3ec07d508d7d0c913c0": ["1", "net.everythingandroid.timer.Preferences"]}, {"bef0a426b013c3ec07d508d7d0c913c0": ["1", "net.everythingandroid.timer.Preferences"]}, {"705cf6069e1b1a26bedf415077ebe917": ["2", "net.everythingandroid.timer.Preferences"]}, {"bef0a426b013c3ec07d508d7d0c913c0": ["1", "net.everythingandroid.timer.Preferences"]}, {"bef0a426b013c3ec07d508d7d0c913c0": ["1", "net.everythingandroid.timer.Preferences"]}, {"e50457562674e5b895b3fdd16cfd8a83": ["4", "net.everythingandroid.timer.Preferences"]}, {"bef0a426b013c3ec07d508d7d0c913c0": ["1", "net.everythingandroid.timer.Preferences"]}, {"bef0a426b013c3ec07d508d7d0c913c0": ["1", "net.everythingandroid.timer.Preferences"]}, {"bef0a426b013c3ec07d508d7d0c913c0": ["1", "net.everythingandroid.timer.Preferences"]}, {"bef0a426b013c3ec07d508d7d0c913c0": ["1", "net.everythingandroid.timer.Preferences"]}, {"bef0a426b013c3ec07d508d7d0c913c0": ["1", "net.everythingandroid.timer.Preferences"]}, {"705cf6069e1b1a26bedf415077ebe917": ["2", "net.everythingandroid.timer.Preferences"]}, {"bef0a426b013c3ec07d508d7d0c913c0": ["1", "net.everythingandroid.timer.Preferences"]}, {"5e3892ed11cee2374059114dfd5d12cc": ["0", "net.everythingandroid.timer.TimerActivity"]}, {"5e3892ed11cee2374059114dfd5d12cc": ["0", "net.everythingandroid.timer.TimerActivity"]}, {"5e3892ed11cee2374059114dfd5d12cc": ["0", "net.everythingandroid.timer.TimerActivity"]}, {"bef0a426b013c3ec07d508d7d0c913c0": ["1", "net.everythingandroid.timer.Preferences"]}, {"bef0a426b013c3ec07d508d7d0c913c0": ["1", "net.everythingandroid.timer.Preferences"]}, {"5e3892ed11cee2374059114dfd5d12cc": ["0", "net.everythingandroid.timer.TimerActivity"]}, {"5e3892ed11cee2374059114dfd5d12cc": ["0", "net.everythingandroid.timer.TimerActivity"]}, {"5e3892ed11cee2374059114dfd5d12cc": ["0", "net.everythingandroid.timer.TimerActivity"]}, {"5e3892ed11cee2374059114dfd5d12cc": ["0", "net.everythingandroid.timer.TimerActivity"]}, {"5e3892ed11cee2374059114dfd5d12cc": ["0", "net.everythingandroid.timer.TimerActivity"]}, {"5e3892ed11cee2374059114dfd5d12cc": ["0", "net.everythingandroid.timer.TimerActivity"]}, {"5e3892ed11cee2374059114dfd5d12cc": ["0", "net.everythingandroid.timer.TimerActivity"]}, {"5e3892ed11cee2374059114dfd5d12cc": ["0", "net.everythingandroid.timer.TimerActivity"]}, {"5e3892ed11cee2374059114dfd5d12cc": ["0", "net.everythingandroid.timer.TimerActivity"]}, {"5e3892ed11cee2374059114dfd5d12cc": ["0", "net.everythingandroid.timer.TimerActivity"]}, {"5e3892ed11cee2374059114dfd5d12cc": ["0", "net.everythingandroid.timer.TimerActivity"]}, {"5e3892ed11cee2374059114dfd5d12cc": ["0", "net.everythingandroid.timer.TimerActivity"]}, {"5e3892ed11cee2374059114dfd5d12cc": ["0", "net.everythingandroid.timer.TimerActivity"]}, {"5e3892ed11cee2374059114dfd5d12cc": ["0", "net.everythingandroid.timer.TimerActivity"]}, {"5e3892ed11cee2374059114dfd5d12cc": ["0", "net.everythingandroid.timer.TimerActivity"]}, {"5e3892ed11cee2374059114dfd5d12cc": ["0", "net.everythingandroid.timer.TimerActivity"]}, {"bef0a426b013c3ec07d508d7d0c913c0": ["1", "net.everythingandroid.timer.Preferences"]}, {"bef0a426b013c3ec07d508d7d0c913c0": ["1", "net.everythingandroid.timer.Preferences"]}, {"bef0a426b013c3ec07d508d7d0c913c0": ["1", "net.everythingandroid.timer.Preferences"]}, {"bef0a426b013c3ec07d508d7d0c913c0": ["1", "net.everythingandroid.timer.Preferences"]}, {"bef0a426b013c3ec07d508d7d0c913c0": ["1", "net.everythingandroid.timer.Preferences"]}, {"bef0a426b013c3ec07d508d7d0c913c0": ["1", "net.everythingandroid.timer.Preferences"]}, {"bef0a426b013c3ec07d508d7d0c913c0": ["1", "net.everythingandroid.timer.Preferences"]}, {"e50457562674e5b895b3fdd16cfd8a83": ["4", "net.everythingandroid.timer.Preferences"]}, {"bef0a426b013c3ec07d508d7d0c913c0": ["1", "net.everythingandroid.timer.Preferences"]}, {"bef0a426b013c3ec07d508d7d0c913c0": ["1", "net.everythingandroid.timer.Preferences"]}, {"bef0a426b013c3ec07d508d7d0c913c0": ["1", "net.everythingandroid.timer.Preferences"]}, {"bef0a426b013c3ec07d508d7d0c913c0": ["1", "net.everythingandroid.timer.Preferences"]}, {"bef0a426b013c3ec07d508d7d0c913c0": ["1", "net.everythingandroid.timer.Preferences"]}, {"bef0a426b013c3ec07d508d7d0c913c0": ["1", "net.everythingandroid.timer.Preferences"]}, {"705cf6069e1b1a26bedf415077ebe917": ["2", "net.everythingandroid.timer.Preferences"]}, {"bef0a426b013c3ec07d508d7d0c913c0": ["1", "net.everythingandroid.timer.Preferences"]}, {"bef0a426b013c3ec07d508d7d0c913c0": ["1", "net.everythingandroid.timer.Preferences"]}, {"bef0a426b013c3ec07d508d7d0c913c0": ["1", "net.everythingandroid.timer.Preferences"]}, {"bef0a426b013c3ec07d508d7d0c913c0": ["1", "net.everythingandroid.timer.Preferences"]}, {"bef0a426b013c3ec07d508d7d0c913c0": ["1", "net.everythingandroid.timer.Preferences"]}, {"bef0a426b013c3ec07d508d7d0c913c0": ["1", "net.everythingandroid.timer.Preferences"]}, {"bef0a426b013c3ec07d508d7d0c913c0": ["1", "net.everythingandroid.timer.Preferences"]}, {"bef0a426b013c3ec07d508d7d0c913c0": ["1", "net.everythingandroid.timer.Preferences"]}, {"bef0a426b013c3ec07d508d7d0c913c0": ["1", "net.everythingandroid.timer.Preferences"]}, {"705cf6069e1b1a26bedf415077ebe917": ["2", "net.everythingandroid.timer.Preferences"]}, {"5e3892ed11cee2374059114dfd5d12cc": ["0", "net.everythingandroid.timer.TimerActivity"]}, {"5e3892ed11cee2374059114dfd5d12cc": ["0", "net.everythingandroid.timer.TimerActivity"]}, {"bef0a426b013c3ec07d508d7d0c913c0": ["1", "net.everythingandroid.timer.Preferences"]}, {"bef0a426b013c3ec07d508d7d0c913c0": ["1", "net.everythingandroid.timer.Preferences"]}, {"705cf6069e1b1a26bedf415077ebe917": ["2", "net.everythingandroid.timer.Preferences"]}, {"bef0a426b013c3ec07d508d7d0c913c0": ["1", "net.everythingandroid.timer.Preferences"]}, {"bef0a426b013c3ec07d508d7d0c913c0": ["1", "net.everythingandroid.timer.Preferences"]}, {"bef0a426b013c3ec07d508d7d0c913c0": ["1", "net.everythingandroid.timer.Preferences"]}, {"bef0a426b013c3ec07d508d7d0c913c0": ["1", "net.everythingandroid.timer.Preferences"]}, {"bef0a426b013c3ec07d508d7d0c913c0": ["1", "net.everythingandroid.timer.Preferences"]}, {"bef0a426b013c3ec07d508d7d0c913c0": ["1", "net.everythingandroid.timer.Preferences"]}, {"bef0a426b013c3ec07d508d7d0c913c0": ["1", "net.everythingandroid.timer.Preferences"]}, {"bef0a426b013c3ec07d508d7d0c913c0": ["1", "net.everythingandroid.timer.Preferences"]}, {"bef0a426b013c3ec07d508d7d0c913c0": ["1", "net.everythingandroid.timer.Preferences"]}, {"bef0a426b013c3ec07d508d7d0c913c0": ["1", "net.everythingandroid.timer.Preferences"]}, {"5e3892ed11cee2374059114dfd5d12cc": ["0", "net.everythingandroid.timer.TimerActivity"]}, {"5e3892ed11cee2374059114dfd5d12cc": ["0", "net.everythingandroid.timer.TimerActivity"]}, {"bef0a426b013c3ec07d508d7d0c913c0": ["1", "net.everythingandroid.timer.Preferences"]}, {"bef0a426b013c3ec07d508d7d0c913c0": ["1", "net.everythingandroid.timer.Preferences"]}, {"bef0a426b013c3ec07d508d7d0c913c0": ["1", "net.everythingandroid.timer.Preferences"]}, {"bef0a426b013c3ec07d508d7d0c913c0": ["1", "net.everythingandroid.timer.Preferences"]}, {"bef0a426b013c3ec07d508d7d0c913c0": ["1", "net.everythingandroid.timer.Preferences"]}, {"bef0a426b013c3ec07d508d7d0c913c0": ["1", "net.everythingandroid.timer.Preferences"]}, {"bef0a426b013c3ec07d508d7d0c913c0": ["1", "net.everythingandroid.timer.Preferences"]}, {"bef0a426b013c3ec07d508d7d0c913c0": ["1", "net.everythingandroid.timer.Preferences"]}, {"bef0a426b013c3ec07d508d7d0c913c0": ["1", "net.everythingandroid.timer.Preferences"]}, {"bef0a426b013c3ec07d508d7d0c913c0": ["1", "net.everythingandroid.timer.Preferences"]}, {"bef0a426b013c3ec07d508d7d0c913c0": ["1", "net.everythingandroid.timer.Preferences"]}, {"705cf6069e1b1a26bedf415077ebe917": ["2", "net.everythingandroid.timer.Preferences"]}, {"bef0a426b013c3ec07d508d7d0c913c0": ["1", "net.everythingandroid.timer.Preferences"]}, {"bef0a426b013c3ec07d508d7d0c913c0": ["1", "net.everythingandroid.timer.Preferences"]}, {"bef0a426b013c3ec07d508d7d0c913c0": ["1", "net.everythingandroid.timer.Preferences"]}, {"bef0a426b013c3ec07d508d7d0c913c0": ["1", "net.everythingandroid.timer.Preferences"]}, {"bef0a426b013c3ec07d508d7d0c913c0": ["1", "net.everythingandroid.timer.Preferences"]}, {"bef0a426b013c3ec07d508d7d0c913c0": ["1", "net.everythingandroid.timer.Preferences"]}, {"5e3892ed11cee2374059114dfd5d12cc": ["0", "net.everythingandroid.timer.TimerActivity"]}, {"5e3892ed11cee2374059114dfd5d12cc": ["0", "net.everythingandroid.timer.TimerActivity"]}, {"5e3892ed11cee2374059114dfd5d12cc": ["0", "net.everythingandroid.timer.TimerActivity"]}, {"5e3892ed11cee2374059114dfd5d12cc": ["0", "net.everythingandroid.timer.TimerActivity"]}, {"5e3892ed11cee2374059114dfd5d12cc": ["0", "net.everythingandroid.timer.TimerActivity"]}, {"5e3892ed11cee2374059114dfd5d12cc": ["0", "net.everythingandroid.timer.TimerActivity"]}, {"5e3892ed11cee2374059114dfd5d12cc": ["0", "net.everythingandroid.timer.TimerActivity"]}, {"5e3892ed11cee2374059114dfd5d12cc": ["0", "net.everythingandroid.timer.TimerActivity"]}, {"5e3892ed11cee2374059114dfd5d12cc": ["0", "net.everythingandroid.timer.TimerActivity"]}, {"5e3892ed11cee2374059114dfd5d12cc": ["0", "net.everythingandroid.timer.TimerActivity"]}, {"bef0a426b013c3ec07d508d7d0c913c0": ["1", "net.everythingandroid.timer.Preferences"]}, {"bef0a426b013c3ec07d508d7d0c913c0": ["1", "net.everythingandroid.timer.Preferences"]}, {"705cf6069e1b1a26bedf415077ebe917": ["2", "net.everythingandroid.timer.Preferences"]}, {"bef0a426b013c3ec07d508d7d0c913c0": ["1", "net.everythingandroid.timer.Preferences"]}, {"bef0a426b013c3ec07d508d7d0c913c0": ["1", "net.everythingandroid.timer.Preferences"]}, {"bef0a426b013c3ec07d508d7d0c913c0": ["1", "net.everythingandroid.timer.Preferences"]}, {"bef0a426b013c3ec07d508d7d0c913c0": ["1", "net.everythingandroid.timer.Preferences"]}, {"5e3892ed11cee2374059114dfd5d12cc": ["0", "net.everythingandroid.timer.TimerActivity"]}, {"5e3892ed11cee2374059114dfd5d12cc": ["0", "net.everythingandroid.timer.TimerActivity"]}, {"5e3892ed11cee2374059114dfd5d12cc": ["0", "net.everythingandroid.timer.TimerActivity"]}, {"5e3892ed11cee2374059114dfd5d12cc": ["0", "net.everythingandroid.timer.TimerActivity"]}, {"bef0a426b013c3ec07d508d7d0c913c0": ["1", "net.everythingandroid.timer.Preferences"]}, {"bef0a426b013c3ec07d508d7d0c913c0": ["1", "net.everythingandroid.timer.Preferences"]}, {"5e3892ed11cee2374059114dfd5d12cc": ["0", "net.everythingandroid.timer.TimerActivity"]}, {"5e3892ed11cee2374059114dfd5d12cc": ["0", "net.everythingandroid.timer.TimerActivity"]}, {"5e3892ed11cee2374059114dfd5d12cc": ["0", "net.everythingandroid.timer.TimerActivity"]}, {"01327891472caa1cb7ea78762d9228ad": ["3", "net.everythingandroid.timer.TimerActivity"]}, {"5e3892ed11cee2374059114dfd5d12cc": ["0", "net.everythingandroid.timer.TimerActivity"]}, {"5e3892ed11cee2374059114dfd5d12cc": ["0", "net.everythingandroid.timer.TimerActivity"]}, {"5e3892ed11cee2374059114dfd5d12cc": ["0", "net.everythingandroid.timer.TimerActivity"]}, {"5e3892ed11cee2374059114dfd5d12cc": ["0", "net.everythingandroid.timer.TimerActivity"]}, {"5e3892ed11cee2374059114dfd5d12cc": ["0", "net.everythingandroid.timer.TimerActivity"]}, {"5e3892ed11cee2374059114dfd5d12cc": ["0", "net.everythingandroid.timer.TimerActivity"]}, {"bef0a426b013c3ec07d508d7d0c913c0": ["1", "net.everythingandroid.timer.Preferences"]}, {"bef0a426b013c3ec07d508d7d0c913c0": ["1", "net.everythingandroid.timer.Preferences"]}, {"5e3892ed11cee2374059114dfd5d12cc": ["0", "net.everythingandroid.timer.TimerActivity"]}, {"bef0a426b013c3ec07d508d7d0c913c0": ["1", "net.everythingandroid.timer.Preferences"]}, {"bef0a426b013c3ec07d508d7d0c913c0": ["1", "net.everythingandroid.timer.Preferences"]}, {"bef0a426b013c3ec07d508d7d0c913c0": ["1", "net.everythingandroid.timer.Preferences"]}, {"bef0a426b013c3ec07d508d7d0c913c0": ["1", "net.everythingandroid.timer.Preferences"]}, {"bef0a426b013c3ec07d508d7d0c913c0": ["1", "net.everythingandroid.timer.Preferences"]}, {"bef0a426b013c3ec07d508d7d0c913c0": ["1", "net.everythingandroid.timer.Preferences"]}, {"bef0a426b013c3ec07d508d7d0c913c0": ["1", "net.everythingandroid.timer.Preferences"]}, {"bef0a426b013c3ec07d508d7d0c913c0": ["1", "net.everythingandroid.timer.Preferences"]}, {"bef0a426b013c3ec07d508d7d0c913c0": ["1", "net.everythingandroid.timer.Preferences"]}, {"bef0a426b013c3ec07d508d7d0c913c0": ["1", "net.everythingandroid.timer.Preferences"]}, {"bef0a426b013c3ec07d508d7d0c913c0": ["1", "net.everythingandroid.timer.Preferences"]}, {"5e3892ed11cee2374059114dfd5d12cc": ["0", "net.everythingandroid.timer.TimerActivity"]}, {"5e3892ed11cee2374059114dfd5d12cc": ["0", "net.everythingandroid.timer.TimerActivity"]}, {"bef0a426b013c3ec07d508d7d0c913c0": ["1", "net.everythingandroid.timer.Preferences"]}, {"bef0a426b013c3ec07d508d7d0c913c0": ["1", "net.everythingandroid.timer.Preferences"]}, {"bef0a426b013c3ec07d508d7d0c913c0": ["1", "net.everythingandroid.timer.Preferences"]}, {"705cf6069e1b1a26bedf415077ebe917": ["2", "net.everythingandroid.timer.Preferences"]}, {"bef0a426b013c3ec07d508d7d0c913c0": ["1", "net.everythingandroid.timer.Preferences"]}, {"705cf6069e1b1a26bedf415077ebe917": ["2", "net.everythingandroid.timer.Preferences"]}, {"5e3892ed11cee2374059114dfd5d12cc": ["0", "net.everythingandroid.timer.TimerActivity"]}, {"5e3892ed11cee2374059114dfd5d12cc": ["0", "net.everythingandroid.timer.TimerActivity"]}, {"5e3892ed11cee2374059114dfd5d12cc": ["0", "net.everythingandroid.timer.TimerActivity"]}, {"5e3892ed11cee2374059114dfd5d12cc": ["0", "net.everythingandroid.timer.TimerActivity"]}, {"5e3892ed11cee2374059114dfd5d12cc": ["0", "net.everythingandroid.timer.TimerActivity"]}, {"bef0a426b013c3ec07d508d7d0c913c0": ["1", "net.everythingandroid.timer.Preferences"]}, {"bef0a426b013c3ec07d508d7d0c913c0": ["1", "net.everythingandroid.timer.Preferences"]}, {"bef0a426b013c3ec07d508d7d0c913c0": ["1", "net.everythingandroid.timer.Preferences"]}, {"bef0a426b013c3ec07d508d7d0c913c0": ["1", "net.everythingandroid.timer.Preferences"]}, {"bef0a426b013c3ec07d508d7d0c913c0": ["1", "net.everythingandroid.timer.Preferences"]}, {"5e3892ed11cee2374059114dfd5d12cc": ["0", "net.everythingandroid.timer.TimerActivity"]}, {"5e3892ed11cee2374059114dfd5d12cc": ["0", "net.everythingandroid.timer.TimerActivity"]}, {"5e3892ed11cee2374059114dfd5d12cc": ["0", "net.everythingandroid.timer.TimerActivity"]}, {"bef0a426b013c3ec07d508d7d0c913c0": ["1", "net.everythingandroid.timer.Preferences"]}, {"bef0a426b013c3ec07d508d7d0c913c0": ["1", "net.everythingandroid.timer.Preferences"]}, {"bef0a426b013c3ec07d508d7d0c913c0": ["1", "net.everythingandroid.timer.Preferences"]}, {"bef0a426b013c3ec07d508d7d0c913c0": ["1", "net.everythingandroid.timer.Preferences"]}, {"bef0a426b013c3ec07d508d7d0c913c0": ["1", "net.everythingandroid.timer.Preferences"]}, {"bef0a426b013c3ec07d508d7d0c913c0": ["1", "net.everythingandroid.timer.Preferences"]}, {"bef0a426b013c3ec07d508d7d0c913c0": ["1", "net.everythingandroid.timer.Preferences"]}, {"bef0a426b013c3ec07d508d7d0c913c0": ["1", "net.everythingandroid.timer.Preferences"]}, {"bef0a426b013c3ec07d508d7d0c913c0": ["1", "net.everythingandroid.timer.Preferences"]}, {"bef0a426b013c3ec07d508d7d0c913c0": ["1", "net.everythingandroid.timer.Preferences"]}, {"bef0a426b013c3ec07d508d7d0c913c0": ["1", "net.everythingandroid.timer.Preferences"]}, {"bef0a426b013c3ec07d508d7d0c913c0": ["1", "net.everythingandroid.timer.Preferences"]}, {"5e3892ed11cee2374059114dfd5d12cc": ["0", "net.everythingandroid.timer.TimerActivity"]}, {"5e3892ed11cee2374059114dfd5d12cc": ["0", "net.everythingandroid.timer.TimerActivity"]}, {"bef0a426b013c3ec07d508d7d0c913c0": ["1", "net.everythingandroid.timer.Preferences"]}, {"bef0a426b013c3ec07d508d7d0c913c0": ["1", "net.everythingandroid.timer.Preferences"]}, {"bef0a426b013c3ec07d508d7d0c913c0": ["1", "net.everythingandroid.timer.Preferences"]}, {"bef0a426b013c3ec07d508d7d0c913c0": ["1", "net.everythingandroid.timer.Preferences"]}, {"705cf6069e1b1a26bedf415077ebe917": ["2", "net.everythingandroid.timer.Preferences"]}, {"bef0a426b013c3ec07d508d7d0c913c0": ["1", "net.everythingandroid.timer.Preferences"]}, {"bef0a426b013c3ec07d508d7d0c913c0": ["1", "net.everythingandroid.timer.Preferences"]}, {"bef0a426b013c3ec07d508d7d0c913c0": ["1", "net.everythingandroid.timer.Preferences"]}, {"bef0a426b013c3ec07d508d7d0c913c0": ["1", "net.everythingandroid.timer.Preferences"]}, {"705cf6069e1b1a26bedf415077ebe917": ["2", "net.everythingandroid.timer.Preferences"]}, {"bef0a426b013c3ec07d508d7d0c913c0": ["1", "net.everythingandroid.timer.Preferences"]}, {"bef0a426b013c3ec07d508d7d0c913c0": ["1", "net.everythingandroid.timer.Preferences"]}, {"bef0a426b013c3ec07d508d7d0c913c0": ["1", "net.everythingandroid.timer.Preferences"]}, {"5e3892ed11cee2374059114dfd5d12cc": ["0", "net.everythingandroid.timer.TimerActivity"]}, {"5e3892ed11cee2374059114dfd5d12cc": ["0", "net.everythingandroid.timer.TimerActivity"]}, {"bef0a426b013c3ec07d508d7d0c913c0": ["1", "net.everythingandroid.timer.Preferences"]}, {"bef0a426b013c3ec07d508d7d0c913c0": ["1", "net.everythingandroid.timer.Preferences"]}, {"bef0a426b013c3ec07d508d7d0c913c0": ["1", "net.everythingandroid.timer.Preferences"]}, {"5e3892ed11cee2374059114dfd5d12cc": ["0", "net.everythingandroid.timer.TimerActivity"]}, {"5e3892ed11cee2374059114dfd5d12cc": ["0", "net.everythingandroid.timer.TimerActivity"]}, {"5e3892ed11cee2374059114dfd5d12cc": ["0", "net.everythingandroid.timer.TimerActivity"]}, {"5e3892ed11cee2374059114dfd5d12cc": ["0", "net.everythingandroid.timer.TimerActivity"]}, {"bef0a426b013c3ec07d508d7d0c913c0": ["1", "net.everythingandroid.timer.Preferences"]}, {"bef0a426b013c3ec07d508d7d0c913c0": ["1", "net.everythingandroid.timer.Preferences"]}, {"bef0a426b013c3ec07d508d7d0c913c0": ["1", "net.everythingandroid.timer.Preferences"]}, {"e50457562674e5b895b3fdd16cfd8a83": ["4", "net.everythingandroid.timer.Preferences"]}, {"5e3892ed11cee2374059114dfd5d12cc": ["0", "net.everythingandroid.timer.TimerActivity"]}, {"5e3892ed11cee2374059114dfd5d12cc": ["0", "net.everythingandroid.timer.TimerActivity"]}, {"5e3892ed11cee2374059114dfd5d12cc": ["0", "net.everythingandroid.timer.TimerActivity"]}, {"5e3892ed11cee2374059114dfd5d12cc": ["0", "net.everythingandroid.timer.TimerActivity"]}, {"5e3892ed11cee2374059114dfd5d12cc": ["0", "net.everythingandroid.timer.TimerActivity"]}, {"5e3892ed11cee2374059114dfd5d12cc": ["0", "net.everythingandroid.timer.TimerActivity"]}, {"5e3892ed11cee2374059114dfd5d12cc": ["0", "net.everythingandroid.timer.TimerActivity"]}, {"5e3892ed11cee2374059114dfd5d12cc": ["0", "net.everythingandroid.timer.TimerActivity"]}, {"5e3892ed11cee2374059114dfd5d12cc": ["0", "net.everythingandroid.timer.TimerActivity"]}, {"5e3892ed11cee2374059114dfd5d12cc": ["0", "net.everythingandroid.timer.TimerActivity"]}, {"5e3892ed11cee2374059114dfd5d12cc": ["0", "net.everythingandroid.timer.TimerActivity"]}, {"5e3892ed11cee2374059114dfd5d12cc": ["0", "net.everythingandroid.timer.TimerActivity"]}, {"5e3892ed11cee2374059114dfd5d12cc": ["0", "net.everythingandroid.timer.TimerActivity"]}, {"bef0a426b013c3ec07d508d7d0c913c0": ["1", "net.everythingandroid.timer.Preferences"]}, {"bef0a426b013c3ec07d508d7d0c913c0": ["1", "net.everythingandroid.timer.Preferences"]}, {"bef0a426b013c3ec07d508d7d0c913c0": ["1", "net.everythingandroid.timer.Preferences"]}, {"bef0a426b013c3ec07d508d7d0c913c0": ["1", "net.everythingandroid.timer.Preferences"]}, {"bef0a426b013c3ec07d508d7d0c913c0": ["1", "net.everythingandroid.timer.Preferences"]}, {"bef0a426b013c3ec07d508d7d0c913c0": ["1", "net.everythingandroid.timer.Preferences"]}, {"bef0a426b013c3ec07d508d7d0c913c0": ["1", "net.everythingandroid.timer.Preferences"]}, {"bef0a426b013c3ec07d508d7d0c913c0": ["1", "net.everythingandroid.timer.Preferences"]}, {"bef0a426b013c3ec07d508d7d0c913c0": ["1", "net.everythingandroid.timer.Preferences"]}, {"bef0a426b013c3ec07d508d7d0c913c0": ["1", "net.everythingandroid.timer.Preferences"]}, {"bef0a426b013c3ec07d508d7d0c913c0": ["1", "net.everythingandroid.timer.Preferences"]}, {"bef0a426b013c3ec07d508d7d0c913c0": ["1", "net.everythingandroid.timer.Preferences"]}, {"bef0a426b013c3ec07d508d7d0c913c0": ["1", "net.everythingandroid.timer.Preferences"]}, {"bef0a426b013c3ec07d508d7d0c913c0": ["1", "net.everythingandroid.timer.Preferences"]}, {"bef0a426b013c3ec07d508d7d0c913c0": ["1", "net.everythingandroid.timer.Preferences"]}, {"bef0a426b013c3ec07d508d7d0c913c0": ["1", "net.everythingandroid.timer.Preferences"]}, {"bef0a426b013c3ec07d508d7d0c913c0": ["1", "net.everythingandroid.timer.Preferences"]}, {"bef0a426b013c3ec07d508d7d0c913c0": ["1", "net.everythingandroid.timer.Preferences"]}, {"bef0a426b013c3ec07d508d7d0c913c0": ["1", "net.everythingandroid.timer.Preferences"]}, {"5e3892ed11cee2374059114dfd5d12cc": ["0", "net.everythingandroid.timer.TimerActivity"]}, {"5e3892ed11cee2374059114dfd5d12cc": ["0", "net.everythingandroid.timer.TimerActivity"]}, {"5e3892ed11cee2374059114dfd5d12cc": ["0", "net.everythingandroid.timer.TimerActivity"]}, {"5e3892ed11cee2374059114dfd5d12cc": ["0", "net.everythingandroid.timer.TimerActivity"]}, {"5e3892ed11cee2374059114dfd5d12cc": ["0", "net.everythingandroid.timer.TimerActivity"]}, {"5e3892ed11cee2374059114dfd5d12cc": ["0", "net.everythingandroid.timer.TimerActivity"]}, {"5e3892ed11cee2374059114dfd5d12cc": ["0", "net.everythingandroid.timer.TimerActivity"]}, {"5e3892ed11cee2374059114dfd5d12cc": ["0", "net.everythingandroid.timer.TimerActivity"]}, {"5e3892ed11cee2374059114dfd5d12cc": ["0", "net.everythingandroid.timer.TimerActivity"]}, {"bef0a426b013c3ec07d508d7d0c913c0": ["1", "net.everythingandroid.timer.Preferences"]}, {"bef0a426b013c3ec07d508d7d0c913c0": ["1", "net.everythingandroid.timer.Preferences"]}, {"bef0a426b013c3ec07d508d7d0c913c0": ["1", "net.everythingandroid.timer.Preferences"]}, {"bef0a426b013c3ec07d508d7d0c913c0": ["1", "net.everythingandroid.timer.Preferences"]}, {"bef0a426b013c3ec07d508d7d0c913c0": ["1", "net.everythingandroid.timer.Preferences"]}, {"705cf6069e1b1a26bedf415077ebe917": ["2", "net.everythingandroid.timer.Preferences"]}, {"bef0a426b013c3ec07d508d7d0c913c0": ["1", "net.everythingandroid.timer.Preferences"]}, {"bef0a426b013c3ec07d508d7d0c913c0": ["1", "net.everythingandroid.timer.Preferences"]}, {"bef0a426b013c3ec07d508d7d0c913c0": ["1", "net.everythingandroid.timer.Preferences"]}, {"bef0a426b013c3ec07d508d7d0c913c0": ["1", "net.everythingandroid.timer.Preferences"]}, {"5e3892ed11cee2374059114dfd5d12cc": ["0", "net.everythingandroid.timer.TimerActivity"]}, {"5e3892ed11cee2374059114dfd5d12cc": ["0", "net.everythingandroid.timer.TimerActivity"]}, {"5e3892ed11cee2374059114dfd5d12cc": ["0", "net.everythingandroid.timer.TimerActivity"]}, {"5e3892ed11cee2374059114dfd5d12cc": ["0", "net.everythingandroid.timer.TimerActivity"]}, {"5e3892ed11cee2374059114dfd5d12cc": ["0", "net.everythingandroid.timer.TimerActivity"]}, {"5e3892ed11cee2374059114dfd5d12cc": ["0", "net.everythingandroid.timer.TimerActivity"]}, {"bef0a426b013c3ec07d508d7d0c913c0": ["1", "net.everythingandroid.timer.Preferences"]}, {"bef0a426b013c3ec07d508d7d0c913c0": ["1", "net.everythingandroid.timer.Preferences"]}, {"bef0a426b013c3ec07d508d7d0c913c0": ["1", "net.everythingandroid.timer.Preferences"]}, {"bef0a426b013c3ec07d508d7d0c913c0": ["1", "net.everythingandroid.timer.Preferences"]}, {"bef0a426b013c3ec07d508d7d0c913c0": ["1", "net.everythingandroid.timer.Preferences"]}, {"bef0a426b013c3ec07d508d7d0c913c0": ["1", "net.everythingandroid.timer.Preferences"]}, {"bef0a426b013c3ec07d508d7d0c913c0": ["1", "net.everythingandroid.timer.Preferences"]}, {"bef0a426b013c3ec07d508d7d0c913c0": ["1", "net.everythingandroid.timer.Preferences"]}, {"bef0a426b013c3ec07d508d7d0c913c0": ["1", "net.everythingandroid.timer.Preferences"]}, {"bef0a426b013c3ec07d508d7d0c913c0": ["1", "net.everythingandroid.timer.Preferences"]}, {"bef0a426b013c3ec07d508d7d0c913c0": ["1", "net.everythingandroid.timer.Preferences"]}, {"705cf6069e1b1a26bedf415077ebe917": ["2", "net.everythingandroid.timer.Preferences"]}, {"5e3892ed11cee2374059114dfd5d12cc": ["0", "net.everythingandroid.timer.TimerActivity"]}, {"5e3892ed11cee2374059114dfd5d12cc": ["0", "net.everythingandroid.timer.TimerActivity"]}, {"5e3892ed11cee2374059114dfd5d12cc": ["0", "net.everythingandroid.timer.TimerActivity"]}, {"5e3892ed11cee2374059114dfd5d12cc": ["0", "net.everythingandroid.timer.TimerActivity"]}, {"5e3892ed11cee2374059114dfd5d12cc": ["0", "net.everythingandroid.timer.TimerActivity"]}, {"5e3892ed11cee2374059114dfd5d12cc": ["0", "net.everythingandroid.timer.TimerActivity"]}, {"5e3892ed11cee2374059114dfd5d12cc": ["0", "net.everythingandroid.timer.TimerActivity"]}, {"5e3892ed11cee2374059114dfd5d12cc": ["0", "net.everythingandroid.timer.TimerActivity"]}, {"5e3892ed11cee2374059114dfd5d12cc": ["0", "net.everythingandroid.timer.TimerActivity"]}, {"5e3892ed11cee2374059114dfd5d12cc": ["0", "net.everythingandroid.timer.TimerActivity"]}, {"5e3892ed11cee2374059114dfd5d12cc": ["0", "net.everythingandroid.timer.TimerActivity"]}, {"5e3892ed11cee2374059114dfd5d12cc": ["0", "net.everythingandroid.timer.TimerActivity"]}, {"5e3892ed11cee2374059114dfd5d12cc": ["0", "net.everythingandroid.timer.TimerActivity"]}, {"bef0a426b013c3ec07d508d7d0c913c0": ["1", "net.everythingandroid.timer.Preferences"]}, {"705cf6069e1b1a26bedf415077ebe917": ["2", "net.everythingandroid.timer.Preferences"]}, {"5e3892ed11cee2374059114dfd5d12cc": ["0", "net.everythingandroid.timer.TimerActivity"]}, {"5e3892ed11cee2374059114dfd5d12cc": ["0", "net.everythingandroid.timer.TimerActivity"]}, {"5e3892ed11cee2374059114dfd5d12cc": ["0", "net.everythingandroid.timer.TimerActivity"]}, {"5e3892ed11cee2374059114dfd5d12cc": ["0", "net.everythingandroid.timer.TimerActivity"]}, {"5e3892ed11cee2374059114dfd5d12cc": ["0", "net.everythingandroid.timer.TimerActivity"]}, {"5e3892ed11cee2374059114dfd5d12cc": ["0", "net.everythingandroid.timer.TimerActivity"]}, {"5e3892ed11cee2374059114dfd5d12cc": ["0", "net.everythingandroid.timer.TimerActivity"]}, {"5e3892ed11cee2374059114dfd5d12cc": ["0", "net.everythingandroid.timer.TimerActivity"]}, {"5e3892ed11cee2374059114dfd5d12cc": ["0", "net.everythingandroid.timer.TimerActivity"]}, {"5e3892ed11cee2374059114dfd5d12cc": ["0", "net.everythingandroid.timer.TimerActivity"]}, {"5e3892ed11cee2374059114dfd5d12cc": ["0", "net.everythingandroid.timer.TimerActivity"]}, {"5e3892ed11cee2374059114dfd5d12cc": ["0", "net.everythingandroid.timer.TimerActivity"]}, {"5e3892ed11cee2374059114dfd5d12cc": ["0", "net.everythingandroid.timer.TimerActivity"]}, {"5e3892ed11cee2374059114dfd5d12cc": ["0", "net.everythingandroid.timer.TimerActivity"]}, {"5e3892ed11cee2374059114dfd5d12cc": ["0", "net.everythingandroid.timer.TimerActivity"]}, {"5e3892ed11cee2374059114dfd5d12cc": ["0", "net.everythingandroid.timer.TimerActivity"]}, {"5e3892ed11cee2374059114dfd5d12cc": ["0", "net.everythingandroid.timer.TimerActivity"]}, {"5e3892ed11cee2374059114dfd5d12cc": ["0", "net.everythingandroid.timer.TimerActivity"]}, {"bef0a426b013c3ec07d508d7d0c913c0": ["1", "net.everythingandroid.timer.Preferences"]}, {"705cf6069e1b1a26bedf415077ebe917": ["2", "net.everythingandroid.timer.Preferences"]}, {"bef0a426b013c3ec07d508d7d0c913c0": ["1", "net.everythingandroid.timer.Preferences"]}, {"bef0a426b013c3ec07d508d7d0c913c0": ["1", "net.everythingandroid.timer.Preferences"]}, {"bef0a426b013c3ec07d508d7d0c913c0": ["1", "net.everythingandroid.timer.Preferences"]}, {"bef0a426b013c3ec07d508d7d0c913c0": ["1", "net.everythingandroid.timer.Preferences"]}, {"bef0a426b013c3ec07d508d7d0c913c0": ["1", "net.everythingandroid.timer.Preferences"]}, {"bef0a426b013c3ec07d508d7d0c913c0": ["1", "net.everythingandroid.timer.Preferences"]}, {"bef0a426b013c3ec07d508d7d0c913c0": ["1", "net.everythingandroid.timer.Preferences"]}, {"bef0a426b013c3ec07d508d7d0c913c0": ["1", "net.everythingandroid.timer.Preferences"]}, {"bef0a426b013c3ec07d508d7d0c913c0": ["1", "net.everythingandroid.timer.Preferences"]}, {"bef0a426b013c3ec07d508d7d0c913c0": ["1", "net.everythingandroid.timer.Preferences"]}, {"bef0a426b013c3ec07d508d7d0c913c0": ["1", "net.everythingandroid.timer.Preferences"]}, {"bef0a426b013c3ec07d508d7d0c913c0": ["1", "net.everythingandroid.timer.Preferences"]}, {"bef0a426b013c3ec07d508d7d0c913c0": ["1", "net.everythingandroid.timer.Preferences"]}, {"bef0a426b013c3ec07d508d7d0c913c0": ["1", "net.everythingandroid.timer.Preferences"]}, {"bef0a426b013c3ec07d508d7d0c913c0": ["1", "net.everythingandroid.timer.Preferences"]}, {"705cf6069e1b1a26bedf415077ebe917": ["2", "net.everythingandroid.timer.Preferences"]}, {"bef0a426b013c3ec07d508d7d0c913c0": ["1", "net.everythingandroid.timer.Preferences"]}, {"bef0a426b013c3ec07d508d7d0c913c0": ["1", "net.everythingandroid.timer.Preferences"]}, {"bef0a426b013c3ec07d508d7d0c913c0": ["1", "net.everythingandroid.timer.Preferences"]}, {"bef0a426b013c3ec07d508d7d0c913c0": ["1", "net.everythingandroid.timer.Preferences"]}, {"bef0a426b013c3ec07d508d7d0c913c0": ["1", "net.everythingandroid.timer.Preferences"]}, {"705cf6069e1b1a26bedf415077ebe917": ["2", "net.everythingandroid.timer.Preferences"]}, {"bef0a426b013c3ec07d508d7d0c913c0": ["1", "net.everythingandroid.timer.Preferences"]}, {"bef0a426b013c3ec07d508d7d0c913c0": ["1", "net.everythingandroid.timer.Preferences"]}, {"bef0a426b013c3ec07d508d7d0c913c0": ["1", "net.everythingandroid.timer.Preferences"]}, {"bef0a426b013c3ec07d508d7d0c913c0": ["1", "net.everythingandroid.timer.Preferences"]}, {"bef0a426b013c3ec07d508d7d0c913c0": ["1", "net.everythingandroid.timer.Preferences"]}, {"bef0a426b013c3ec07d508d7d0c913c0": ["1", "net.everythingandroid.timer.Preferences"]}, {"bef0a426b013c3ec07d508d7d0c913c0": ["1", "net.everythingandroid.timer.Preferences"]}, {"bef0a426b013c3ec07d508d7d0c913c0": ["1", "net.everythingandroid.timer.Preferences"]}, {"bef0a426b013c3ec07d508d7d0c913c0": ["1", "net.everythingandroid.timer.Preferences"]}, {"bef0a426b013c3ec07d508d7d0c913c0": ["1", "net.everythingandroid.timer.Preferences"]}, {"bef0a426b013c3ec07d508d7d0c913c0": ["1", "net.everythingandroid.timer.Preferences"]}, {"bef0a426b013c3ec07d508d7d0c913c0": ["1", "net.everythingandroid.timer.Preferences"]}, {"705cf6069e1b1a26bedf415077ebe917": ["2", "net.everythingandroid.timer.Preferences"]}, {"bef0a426b013c3ec07d508d7d0c913c0": ["1", "net.everythingandroid.timer.Preferences"]}, {"bef0a426b013c3ec07d508d7d0c913c0": ["1", "net.everythingandroid.timer.Preferences"]}, {"bef0a426b013c3ec07d508d7d0c913c0": ["1", "net.everythingandroid.timer.Preferences"]}, {"bef0a426b013c3ec07d508d7d0c913c0": ["1", "net.everythingandroid.timer.Preferences"]}, {"bef0a426b013c3ec07d508d7d0c913c0": ["1", "net.everythingandroid.timer.Preferences"]}, {"bef0a426b013c3ec07d508d7d0c913c0": ["1", "net.everythingandroid.timer.Preferences"]}, {"bef0a426b013c3ec07d508d7d0c913c0": ["1", "net.everythingandroid.timer.Preferences"]}, {"bef0a426b013c3ec07d508d7d0c913c0": ["1", "net.everythingandroid.timer.Preferences"]}, {"bef0a426b013c3ec07d508d7d0c913c0": ["1", "net.everythingandroid.timer.Preferences"]}, {"bef0a426b013c3ec07d508d7d0c913c0": ["1", "net.everythingandroid.timer.Preferences"]}, {"bef0a426b013c3ec07d508d7d0c913c0": ["1", "net.everythingandroid.timer.Preferences"]}, {"bef0a426b013c3ec07d508d7d0c913c0": ["1", "net.everythingandroid.timer.Preferences"]}, {"bef0a426b013c3ec07d508d7d0c913c0": ["1", "net.everythingandroid.timer.Preferences"]}, {"bef0a426b013c3ec07d508d7d0c913c0": ["1", "net.everythingandroid.timer.Preferences"]}, {"bef0a426b013c3ec07d508d7d0c913c0": ["1", "net.everythingandroid.timer.Preferences"]}, {"bef0a426b013c3ec07d508d7d0c913c0": ["1", "net.everythingandroid.timer.Preferences"]}, {"bef0a426b013c3ec07d508d7d0c913c0": ["1", "net.everythingandroid.timer.Preferences"]}, {"5e3892ed11cee2374059114dfd5d12cc": ["0", "net.everythingandroid.timer.TimerActivity"]}, {"5e3892ed11cee2374059114dfd5d12cc": ["0", "net.everythingandroid.timer.TimerActivity"]}, {"5e3892ed11cee2374059114dfd5d12cc": ["0", "net.everythingandroid.timer.TimerActivity"]}, {"bef0a426b013c3ec07d508d7d0c913c0": ["1", "net.everythingandroid.timer.Preferences"]}, {"bef0a426b013c3ec07d508d7d0c913c0": ["1", "net.everythingandroid.timer.Preferences"]}, {"bef0a426b013c3ec07d508d7d0c913c0": ["1", "net.everythingandroid.timer.Preferences"]}, {"bef0a426b013c3ec07d508d7d0c913c0": ["1", "net.everythingandroid.timer.Preferences"]}, {"bef0a426b013c3ec07d508d7d0c913c0": ["1", "net.everythingandroid.timer.Preferences"]}, {"bef0a426b013c3ec07d508d7d0c913c0": ["1", "net.everythingandroid.timer.Preferences"]}, {"705cf6069e1b1a26bedf415077ebe917": ["2", "net.everythingandroid.timer.Preferences"]}, {"bef0a426b013c3ec07d508d7d0c913c0": ["1", "net.everythingandroid.timer.Preferences"]}, {"bef0a426b013c3ec07d508d7d0c913c0": ["1", "net.everythingandroid.timer.Preferences"]}, {"bef0a426b013c3ec07d508d7d0c913c0": ["1", "net.everythingandroid.timer.Preferences"]}, {"705cf6069e1b1a26bedf415077ebe917": ["2", "net.everythingandroid.timer.Preferences"]}, {"bef0a426b013c3ec07d508d7d0c913c0": ["1", "net.everythingandroid.timer.Preferences"]}, {"bef0a426b013c3ec07d508d7d0c913c0": ["1", "net.everythingandroid.timer.Preferences"]}, {"bef0a426b013c3ec07d508d7d0c913c0": ["1", "net.everythingandroid.timer.Preferences"]}, {"bef0a426b013c3ec07d508d7d0c913c0": ["1", "net.everythingandroid.timer.Preferences"]}, {"705cf6069e1b1a26bedf415077ebe917": ["2", "net.everythingandroid.timer.Preferences"]}, {"bef0a426b013c3ec07d508d7d0c913c0": ["1", "net.everythingandroid.timer.Preferences"]}, {"bef0a426b013c3ec07d508d7d0c913c0": ["1", "net.everythingandroid.timer.Preferences"]}, {"bef0a426b013c3ec07d508d7d0c913c0": ["1", "net.everythingandroid.timer.Preferences"]}, {"5e3892ed11cee2374059114dfd5d12cc": ["0", "net.everythingandroid.timer.TimerActivity"]}, {"bef0a426b013c3ec07d508d7d0c913c0": ["1", "net.everythingandroid.timer.Preferences"]}, {"bef0a426b013c3ec07d508d7d0c913c0": ["1", "net.everythingandroid.timer.Preferences"]}, {"705cf6069e1b1a26bedf415077ebe917": ["2", "net.everythingandroid.timer.Preferences"]}, {"bef0a426b013c3ec07d508d7d0c913c0": ["1", "net.everythingandroid.timer.Preferences"]}, {"bef0a426b013c3ec07d508d7d0c913c0": ["1", "net.everythingandroid.timer.Preferences"]}, {"bef0a426b013c3ec07d508d7d0c913c0": ["1", "net.everythingandroid.timer.Preferences"]}, {"bef0a426b013c3ec07d508d7d0c913c0": ["1", "net.everythingandroid.timer.Preferences"]}, {"bef0a426b013c3ec07d508d7d0c913c0": ["1", "net.everythingandroid.timer.Preferences"]}, {"e50457562674e5b895b3fdd16cfd8a83": ["4", "net.everythingandroid.timer.Preferences"]}, {"bef0a426b013c3ec07d508d7d0c913c0": ["1", "net.everythingandroid.timer.Preferences"]}, {"bef0a426b013c3ec07d508d7d0c913c0": ["1", "net.everythingandroid.timer.Preferences"]}, {"bef0a426b013c3ec07d508d7d0c913c0": ["1", "net.everythingandroid.timer.Preferences"]}, {"bef0a426b013c3ec07d508d7d0c913c0": ["1", "net.everythingandroid.timer.Preferences"]}, {"bef0a426b013c3ec07d508d7d0c913c0": ["1", "net.everythingandroid.timer.Preferences"]}, {"bef0a426b013c3ec07d508d7d0c913c0": ["1", "net.everythingandroid.timer.Preferences"]}, {"bef0a426b013c3ec07d508d7d0c913c0": ["1", "net.everythingandroid.timer.Preferences"]}, {"705cf6069e1b1a26bedf415077ebe917": ["2", "net.everythingandroid.timer.Preferences"]}, {"bef0a426b013c3ec07d508d7d0c913c0": ["1", "net.everythingandroid.timer.Preferences"]}, {"705cf6069e1b1a26bedf415077ebe917": ["2", "net.everythingandroid.timer.Preferences"]}, {"bef0a426b013c3ec07d508d7d0c913c0": ["1", "net.everythingandroid.timer.Preferences"]}, {"705cf6069e1b1a26bedf415077ebe917": ["2", "net.everythingandroid.timer.Preferences"]}, {"bef0a426b013c3ec07d508d7d0c913c0": ["1", "net.everythingandroid.timer.Preferences"]}, {"bef0a426b013c3ec07d508d7d0c913c0": ["1", "net.everythingandroid.timer.Preferences"]}, {"bef0a426b013c3ec07d508d7d0c913c0": ["1", "net.everythingandroid.timer.Preferences"]}, {"bef0a426b013c3ec07d508d7d0c913c0": ["1", "net.everythingandroid.timer.Preferences"]}, {"705cf6069e1b1a26bedf415077ebe917": ["2", "net.everythingandroid.timer.Preferences"]}, {"bef0a426b013c3ec07d508d7d0c913c0": ["1", "net.everythingandroid.timer.Preferences"]}, {"5e3892ed11cee2374059114dfd5d12cc": ["0", "net.everythingandroid.timer.TimerActivity"]}, {"bef0a426b013c3ec07d508d7d0c913c0": ["1", "net.everythingandroid.timer.Preferences"]}, {"bef0a426b013c3ec07d508d7d0c913c0": ["1", "net.everythingandroid.timer.Preferences"]}, {"bef0a426b013c3ec07d508d7d0c913c0": ["1", "net.everythingandroid.timer.Preferences"]}, {"bef0a426b013c3ec07d508d7d0c913c0": ["1", "net.everythingandroid.timer.Preferences"]}, {"bef0a426b013c3ec07d508d7d0c913c0": ["1", "net.everythingandroid.timer.Preferences"]}, {"705cf6069e1b1a26bedf415077ebe917": ["2", "net.everythingandroid.timer.Preferences"]}, {"bef0a426b013c3ec07d508d7d0c913c0": ["1", "net.everythingandroid.timer.Preferences"]}, {"bef0a426b013c3ec07d508d7d0c913c0": ["1", "net.everythingandroid.timer.Preferences"]}, {"bef0a426b013c3ec07d508d7d0c913c0": ["1", "net.everythingandroid.timer.Preferences"]}, {"bef0a426b013c3ec07d508d7d0c913c0": ["1", "net.everythingandroid.timer.Preferences"]}, {"bef0a426b013c3ec07d508d7d0c913c0": ["1", "net.everythingandroid.timer.Preferences"]}, {"bef0a426b013c3ec07d508d7d0c913c0": ["1", "net.everythingandroid.timer.Preferences"]}, {"705cf6069e1b1a26bedf415077ebe917": ["2", "net.everythingandroid.timer.Preferences"]}, {"bef0a426b013c3ec07d508d7d0c913c0": ["1", "net.everythingandroid.timer.Preferences"]}, {"bef0a426b013c3ec07d508d7d0c913c0": ["1", "net.everythingandroid.timer.Preferences"]}, {"bef0a426b013c3ec07d508d7d0c913c0": ["1", "net.everythingandroid.timer.Preferences"]}, {"bef0a426b013c3ec07d508d7d0c913c0": ["1", "net.everythingandroid.timer.Preferences"]}, {"bef0a426b013c3ec07d508d7d0c913c0": ["1", "net.everythingandroid.timer.Preferences"]}, {"5e3892ed11cee2374059114dfd5d12cc": ["0", "net.everythingandroid.timer.TimerActivity"]}, {"5e3892ed11cee2374059114dfd5d12cc": ["0", "net.everythingandroid.timer.TimerActivity"]}, {"5e3892ed11cee2374059114dfd5d12cc": ["0", "net.everythingandroid.timer.TimerActivity"]}, {"5e3892ed11cee2374059114dfd5d12cc": ["0", "net.everythingandroid.timer.TimerActivity"]}, {"5e3892ed11cee2374059114dfd5d12cc": ["0", "net.everythingandroid.timer.TimerActivity"]}, {"5e3892ed11cee2374059114dfd5d12cc": ["0", "net.everythingandroid.timer.TimerActivity"]}, {"5e3892ed11cee2374059114dfd5d12cc": ["0", "net.everythingandroid.timer.TimerActivity"]}, {"5e3892ed11cee2374059114dfd5d12cc": ["0", "net.everythingandroid.timer.TimerActivity"]}, {"5e3892ed11cee2374059114dfd5d12cc": ["0", "net.everythingandroid.timer.TimerActivity"]}, {"5e3892ed11cee2374059114dfd5d12cc": ["0", "net.everythingandroid.timer.TimerActivity"]}, {"bef0a426b013c3ec07d508d7d0c913c0": ["1", "net.everythingandroid.timer.Preferences"]}, {"bef0a426b013c3ec07d508d7d0c913c0": ["1", "net.everythingandroid.timer.Preferences"]}, {"bef0a426b013c3ec07d508d7d0c913c0": ["1", "net.everythingandroid.timer.Preferences"]}, {"bef0a426b013c3ec07d508d7d0c913c0": ["1", "net.everythingandroid.timer.Preferences"]}, {"bef0a426b013c3ec07d508d7d0c913c0": ["1", "net.everythingandroid.timer.Preferences"]}, {"bef0a426b013c3ec07d508d7d0c913c0": ["1", "net.everythingandroid.timer.Preferences"]}, {"5e3892ed11cee2374059114dfd5d12cc": ["0", "net.everythingandroid.timer.TimerActivity"]}, {"5e3892ed11cee2374059114dfd5d12cc": ["0", "net.everythingandroid.timer.TimerActivity"]}, {"5e3892ed11cee2374059114dfd5d12cc": ["0", "net.everythingandroid.timer.TimerActivity"]}, {"5e3892ed11cee2374059114dfd5d12cc": ["0", "net.everythingandroid.timer.TimerActivity"]}, {"5e3892ed11cee2374059114dfd5d12cc": ["0", "net.everythingandroid.timer.TimerActivity"]}, {"5e3892ed11cee2374059114dfd5d12cc": ["0", "net.everythingandroid.timer.TimerActivity"]}, {"5e3892ed11cee2374059114dfd5d12cc": ["0", "net.everythingandroid.timer.TimerActivity"]}, {"5e3892ed11cee2374059114dfd5d12cc": ["0", "net.everythingandroid.timer.TimerActivity"]}, {"bef0a426b013c3ec07d508d7d0c913c0": ["1", "net.everythingandroid.timer.Preferences"]}, {"bef0a426b013c3ec07d508d7d0c913c0": ["1", "net.everythingandroid.timer.Preferences"]}, {"bef0a426b013c3ec07d508d7d0c913c0": ["1", "net.everythingandroid.timer.Preferences"]}, {"bef0a426b013c3ec07d508d7d0c913c0": ["1", "net.everythingandroid.timer.Preferences"]}, {"bef0a426b013c3ec07d508d7d0c913c0": ["1", "net.everythingandroid.timer.Preferences"]}, {"5e3892ed11cee2374059114dfd5d12cc": ["0", "net.everythingandroid.timer.TimerActivity"]}, {"5e3892ed11cee2374059114dfd5d12cc": ["0", "net.everythingandroid.timer.TimerActivity"]}, {"5e3892ed11cee2374059114dfd5d12cc": ["0", "net.everythingandroid.timer.TimerActivity"]}, {"bef0a426b013c3ec07d508d7d0c913c0": ["1", "net.everythingandroid.timer.Preferences"]}, {"bef0a426b013c3ec07d508d7d0c913c0": ["1", "net.everythingandroid.timer.Preferences"]}, {"bef0a426b013c3ec07d508d7d0c913c0": ["1", "net.everythingandroid.timer.Preferences"]}, {"bef0a426b013c3ec07d508d7d0c913c0": ["1", "net.everythingandroid.timer.Preferences"]}, {"bef0a426b013c3ec07d508d7d0c913c0": ["1", "net.everythingandroid.timer.Preferences"]}, {"bef0a426b013c3ec07d508d7d0c913c0": ["1", "net.everythingandroid.timer.Preferences"]}, {"bef0a426b013c3ec07d508d7d0c913c0": ["1", "net.everythingandroid.timer.Preferences"]}, {"bef0a426b013c3ec07d508d7d0c913c0": ["1", "net.everythingandroid.timer.Preferences"]}, {"e50457562674e5b895b3fdd16cfd8a83": ["4", "net.everythingandroid.timer.Preferences"]}, {"bef0a426b013c3ec07d508d7d0c913c0": ["1", "net.everythingandroid.timer.Preferences"]}, {"705cf6069e1b1a26bedf415077ebe917": ["2", "net.everythingandroid.timer.Preferences"]}, {"bef0a426b013c3ec07d508d7d0c913c0": ["1", "net.everythingandroid.timer.Preferences"]}, {"e50457562674e5b895b3fdd16cfd8a83": ["4", "net.everythingandroid.timer.Preferences"]}, {"bef0a426b013c3ec07d508d7d0c913c0": ["1", "net.everythingandroid.timer.Preferences"]}, {"bef0a426b013c3ec07d508d7d0c913c0": ["1", "net.everythingandroid.timer.Preferences"]}, {"bef0a426b013c3ec07d508d7d0c913c0": ["1", "net.everythingandroid.timer.Preferences"]}, {"5e3892ed11cee2374059114dfd5d12cc": ["0", "net.everythingandroid.timer.TimerActivity"]}, {"bef0a426b013c3ec07d508d7d0c913c0": ["1", "net.everythingandroid.timer.Preferences"]}, {"bef0a426b013c3ec07d508d7d0c913c0": ["1", "net.everythingandroid.timer.Preferences"]}, {"bef0a426b013c3ec07d508d7d0c913c0": ["1", "net.everythingandroid.timer.Preferences"]}, {"705cf6069e1b1a26bedf415077ebe917": ["2", "net.everythingandroid.timer.Preferences"]}, {"bef0a426b013c3ec07d508d7d0c913c0": ["1", "net.everythingandroid.timer.Preferences"]}, {"bef0a426b013c3ec07d508d7d0c913c0": ["1", "net.everythingandroid.timer.Preferences"]}, {"bef0a426b013c3ec07d508d7d0c913c0": ["1", "net.everythingandroid.timer.Preferences"]}, {"705cf6069e1b1a26bedf415077ebe917": ["2", "net.everythingandroid.timer.Preferences"]}, {"bef0a426b013c3ec07d508d7d0c913c0": ["1", "net.everythingandroid.timer.Preferences"]}, {"705cf6069e1b1a26bedf415077ebe917": ["2", "net.everythingandroid.timer.Preferences"]}, {"bef0a426b013c3ec07d508d7d0c913c0": ["1", "net.everythingandroid.timer.Preferences"]}, {"bef0a426b013c3ec07d508d7d0c913c0": ["1", "net.everythingandroid.timer.Preferences"]}, {"5e3892ed11cee2374059114dfd5d12cc": ["0", "net.everythingandroid.timer.TimerActivity"]}, {"5e3892ed11cee2374059114dfd5d12cc": ["0", "net.everythingandroid.timer.TimerActivity"]}, {"5e3892ed11cee2374059114dfd5d12cc": ["0", "net.everythingandroid.timer.TimerActivity"]}, {"5e3892ed11cee2374059114dfd5d12cc": ["0", "net.everythingandroid.timer.TimerActivity"]}, {"5e3892ed11cee2374059114dfd5d12cc": ["0", "net.everythingandroid.timer.TimerActivity"]}, {"bef0a426b013c3ec07d508d7d0c913c0": ["1", "net.everythingandroid.timer.Preferences"]}, {"5e3892ed11cee2374059114dfd5d12cc": ["0", "net.everythingandroid.timer.TimerActivity"]}, {"5e3892ed11cee2374059114dfd5d12cc": ["0", "net.everythingandroid.timer.TimerActivity"]}, {"5e3892ed11cee2374059114dfd5d12cc": ["0", "net.everythingandroid.timer.TimerActivity"]}, {"5e3892ed11cee2374059114dfd5d12cc": ["0", "net.everythingandroid.timer.TimerActivity"]}, {"5e3892ed11cee2374059114dfd5d12cc": ["0", "net.everythingandroid.timer.TimerActivity"]}, {"5e3892ed11cee2374059114dfd5d12cc": ["0", "net.everythingandroid.timer.TimerActivity"]}, {"5e3892ed11cee2374059114dfd5d12cc": ["0", "net.everythingandroid.timer.TimerActivity"]}, {"5e3892ed11cee2374059114dfd5d12cc": ["0", "net.everythingandroid.timer.TimerActivity"]}, {"5e3892ed11cee2374059114dfd5d12cc": ["0", "net.everythingandroid.timer.TimerActivity"]}, {"5e3892ed11cee2374059114dfd5d12cc": ["0", "net.everythingandroid.timer.TimerActivity"]}, {"5e3892ed11cee2374059114dfd5d12cc": ["0", "net.everythingandroid.timer.TimerActivity"]}, {"5e3892ed11cee2374059114dfd5d12cc": ["0", "net.everythingandroid.timer.TimerActivity"]}, {"5e3892ed11cee2374059114dfd5d12cc": ["0", "net.everythingandroid.timer.TimerActivity"]}, {"5e3892ed11cee2374059114dfd5d12cc": ["0", "net.everythingandroid.timer.TimerActivity"]}, {"5e3892ed11cee2374059114dfd5d12cc": ["0", "net.everythingandroid.timer.TimerActivity"]}, {"5e3892ed11cee2374059114dfd5d12cc": ["0", "net.everythingandroid.timer.TimerActivity"]}, {"bef0a426b013c3ec07d508d7d0c913c0": ["1", "net.everythingandroid.timer.Preferences"]}, {"bef0a426b013c3ec07d508d7d0c913c0": ["1", "net.everythingandroid.timer.Preferences"]}, {"705cf6069e1b1a26bedf415077ebe917": ["2", "net.everythingandroid.timer.Preferences"]}, {"bef0a426b013c3ec07d508d7d0c913c0": ["1", "net.everythingandroid.timer.Preferences"]}, {"bef0a426b013c3ec07d508d7d0c913c0": ["1", "net.everythingandroid.timer.Preferences"]}, {"bef0a426b013c3ec07d508d7d0c913c0": ["1", "net.everythingandroid.timer.Preferences"]}, {"bef0a426b013c3ec07d508d7d0c913c0": ["1", "net.everythingandroid.timer.Preferences"]}, {"5e3892ed11cee2374059114dfd5d12cc": ["0", "net.everythingandroid.timer.TimerActivity"]}, {"5e3892ed11cee2374059114dfd5d12cc": ["0", "net.everythingandroid.timer.TimerActivity"]}, {"5e3892ed11cee2374059114dfd5d12cc": ["0", "net.everythingandroid.timer.TimerActivity"]}, {"5e3892ed11cee2374059114dfd5d12cc": ["0", "net.everythingandroid.timer.TimerActivity"]}, {"5e3892ed11cee2374059114dfd5d12cc": ["0", "net.everythingandroid.timer.TimerActivity"]}, {"01327891472caa1cb7ea78762d9228ad": ["3", "net.everythingandroid.timer.TimerActivity"]}, {"5e3892ed11cee2374059114dfd5d12cc": ["0", "net.everythingandroid.timer.TimerActivity"]}, {"5e3892ed11cee2374059114dfd5d12cc": ["0", "net.everythingandroid.timer.TimerActivity"]}, {"5e3892ed11cee2374059114dfd5d12cc": ["0", "net.everythingandroid.timer.TimerActivity"]}, {"5e3892ed11cee2374059114dfd5d12cc": ["0", "net.everythingandroid.timer.TimerActivity"]}, {"5e3892ed11cee2374059114dfd5d12cc": ["0", "net.everythingandroid.timer.TimerActivity"]}, {"5e3892ed11cee2374059114dfd5d12cc": ["0", "net.everythingandroid.timer.TimerActivity"]}, {"bef0a426b013c3ec07d508d7d0c913c0": ["1", "net.everythingandroid.timer.Preferences"]}, {"bef0a426b013c3ec07d508d7d0c913c0": ["1", "net.everythingandroid.timer.Preferences"]}, {"bef0a426b013c3ec07d508d7d0c913c0": ["1", "net.everythingandroid.timer.Preferences"]}, {"bef0a426b013c3ec07d508d7d0c913c0": ["1", "net.everythingandroid.timer.Preferences"]}, {"bef0a426b013c3ec07d508d7d0c913c0": ["1", "net.everythingandroid.timer.Preferences"]}, {"bef0a426b013c3ec07d508d7d0c913c0": ["1", "net.everythingandroid.timer.Preferences"]}, {"5e3892ed11cee2374059114dfd5d12cc": ["0", "net.everythingandroid.timer.TimerActivity"]}, {"bef0a426b013c3ec07d508d7d0c913c0": ["1", "net.everythingandroid.timer.Preferences"]}, {"705cf6069e1b1a26bedf415077ebe917": ["2", "net.everythingandroid.timer.Preferences"]}, {"bef0a426b013c3ec07d508d7d0c913c0": ["1", "net.everythingandroid.timer.Preferences"]}, {"bef0a426b013c3ec07d508d7d0c913c0": ["1", "net.everythingandroid.timer.Preferences"]}, {"bef0a426b013c3ec07d508d7d0c913c0": ["1", "net.everythingandroid.timer.Preferences"]}, {"bef0a426b013c3ec07d508d7d0c913c0": ["1", "net.everythingandroid.timer.Preferences"]}, {"5e3892ed11cee2374059114dfd5d12cc": ["0", "net.everythingandroid.timer.TimerActivity"]}, {"5e3892ed11cee2374059114dfd5d12cc": ["0", "net.everythingandroid.timer.TimerActivity"]}, {"bef0a426b013c3ec07d508d7d0c913c0": ["1", "net.everythingandroid.timer.Preferences"]}, {"bef0a426b013c3ec07d508d7d0c913c0": ["1", "net.everythingandroid.timer.Preferences"]}, {"5e3892ed11cee2374059114dfd5d12cc": ["0", "net.everythingandroid.timer.TimerActivity"]}, {"bef0a426b013c3ec07d508d7d0c913c0": ["1", "net.everythingandroid.timer.Preferences"]}, {"bef0a426b013c3ec07d508d7d0c913c0": ["1", "net.everythingandroid.timer.Preferences"]}, {"bef0a426b013c3ec07d508d7d0c913c0": ["1", "net.everythingandroid.timer.Preferences"]}, {"bef0a426b013c3ec07d508d7d0c913c0": ["1", "net.everythingandroid.timer.Preferences"]}, {"bef0a426b013c3ec07d508d7d0c913c0": ["1", "net.everythingandroid.timer.Preferences"]}, {"bef0a426b013c3ec07d508d7d0c913c0": ["1", "net.everythingandroid.timer.Preferences"]}, {"bef0a426b013c3ec07d508d7d0c913c0": ["1", "net.everythingandroid.timer.Preferences"]}, {"bef0a426b013c3ec07d508d7d0c913c0": ["1", "net.everythingandroid.timer.Preferences"]}, {"bef0a426b013c3ec07d508d7d0c913c0": ["1", "net.everythingandroid.timer.Preferences"]}, {"bef0a426b013c3ec07d508d7d0c913c0": ["1", "net.everythingandroid.timer.Preferences"]}, {"bef0a426b013c3ec07d508d7d0c913c0": ["1", "net.everythingandroid.timer.Preferences"]}, {"e50457562674e5b895b3fdd16cfd8a83": ["4", "net.everythingandroid.timer.Preferences"]}, {"bef0a426b013c3ec07d508d7d0c913c0": ["1", "net.everythingandroid.timer.Preferences"]}, {"705cf6069e1b1a26bedf415077ebe917": ["2", "net.everythingandroid.timer.Preferences"]}, {"bef0a426b013c3ec07d508d7d0c913c0": ["1", "net.everythingandroid.timer.Preferences"]}, {"bef0a426b013c3ec07d508d7d0c913c0": ["1", "net.everythingandroid.timer.Preferences"]}, {"5e3892ed11cee2374059114dfd5d12cc": ["0", "net.everythingandroid.timer.TimerActivity"]}, {"5e3892ed11cee2374059114dfd5d12cc": ["0", "net.everythingandroid.timer.TimerActivity"]}, {"5e3892ed11cee2374059114dfd5d12cc": ["0", "net.everythingandroid.timer.TimerActivity"]}, {"5e3892ed11cee2374059114dfd5d12cc": ["0", "net.everythingandroid.timer.TimerActivity"]}, {"bef0a426b013c3ec07d508d7d0c913c0": ["1", "net.everythingandroid.timer.Preferences"]}, {"bef0a426b013c3ec07d508d7d0c913c0": ["1", "net.everythingandroid.timer.Preferences"]}, {"bef0a426b013c3ec07d508d7d0c913c0": ["1", "net.everythingandroid.timer.Preferences"]}, {"bef0a426b013c3ec07d508d7d0c913c0": ["1", "net.everythingandroid.timer.Preferences"]}, {"5e3892ed11cee2374059114dfd5d12cc": ["0", "net.everythingandroid.timer.TimerActivity"]}, {"5e3892ed11cee2374059114dfd5d12cc": ["0", "net.everythingandroid.timer.TimerActivity"]}, {"5e3892ed11cee2374059114dfd5d12cc": ["0", "net.everythingandroid.timer.TimerActivity"]}, {"5e3892ed11cee2374059114dfd5d12cc": ["0", "net.everythingandroid.timer.TimerActivity"]}, {"5e3892ed11cee2374059114dfd5d12cc": ["0", "net.everythingandroid.timer.TimerActivity"]}, {"5e3892ed11cee2374059114dfd5d12cc": ["0", "net.everythingandroid.timer.TimerActivity"]}, {"bef0a426b013c3ec07d508d7d0c913c0": ["1", "net.everythingandroid.timer.Preferences"]}, {"bef0a426b013c3ec07d508d7d0c913c0": ["1", "net.everythingandroid.timer.Preferences"]}, {"bef0a426b013c3ec07d508d7d0c913c0": ["1", "net.everythingandroid.timer.Preferences"]}, {"bef0a426b013c3ec07d508d7d0c913c0": ["1", "net.everythingandroid.timer.Preferences"]}, {"bef0a426b013c3ec07d508d7d0c913c0": ["1", "net.everythingandroid.timer.Preferences"]}, {"bef0a426b013c3ec07d508d7d0c913c0": ["1", "net.everythingandroid.timer.Preferences"]}, {"bef0a426b013c3ec07d508d7d0c913c0": ["1", "net.everythingandroid.timer.Preferences"]}, {"e50457562674e5b895b3fdd16cfd8a83": ["4", "net.everythingandroid.timer.Preferences"]}, {"bef0a426b013c3ec07d508d7d0c913c0": ["1", "net.everythingandroid.timer.Preferences"]}, {"5e3892ed11cee2374059114dfd5d12cc": ["0", "net.everythingandroid.timer.TimerActivity"]}, {"5e3892ed11cee2374059114dfd5d12cc": ["0", "net.everythingandroid.timer.TimerActivity"]}, {"01327891472caa1cb7ea78762d9228ad": ["3", "net.everythingandroid.timer.TimerActivity"]}, {"5e3892ed11cee2374059114dfd5d12cc": ["0", "net.everythingandroid.timer.TimerActivity"]}, {"5e3892ed11cee2374059114dfd5d12cc": ["0", "net.everythingandroid.timer.TimerActivity"]}, {"5e3892ed11cee2374059114dfd5d12cc": ["0", "net.everythingandroid.timer.TimerActivity"]}, {"5e3892ed11cee2374059114dfd5d12cc": ["0", "net.everythingandroid.timer.TimerActivity"]}, {"bef0a426b013c3ec07d508d7d0c913c0": ["1", "net.everythingandroid.timer.Preferences"]}, {"bef0a426b013c3ec07d508d7d0c913c0": ["1", "net.everythingandroid.timer.Preferences"]}, {"bef0a426b013c3ec07d508d7d0c913c0": ["1", "net.everythingandroid.timer.Preferences"]}, {"bef0a426b013c3ec07d508d7d0c913c0": ["1", "net.everythingandroid.timer.Preferences"]}, {"bef0a426b013c3ec07d508d7d0c913c0": ["1", "net.everythingandroid.timer.Preferences"]}, {"bef0a426b013c3ec07d508d7d0c913c0": ["1", "net.everythingandroid.timer.Preferences"]}, {"bef0a426b013c3ec07d508d7d0c913c0": ["1", "net.everythingandroid.timer.Preferences"]}, {"bef0a426b013c3ec07d508d7d0c913c0": ["1", "net.everythingandroid.timer.Preferences"]}, {"bef0a426b013c3ec07d508d7d0c913c0": ["1", "net.everythingandroid.timer.Preferences"]}, {"bef0a426b013c3ec07d508d7d0c913c0": ["1", "net.everythingandroid.timer.Preferences"]}, {"bef0a426b013c3ec07d508d7d0c913c0": ["1", "net.everythingandroid.timer.Preferences"]}, {"bef0a426b013c3ec07d508d7d0c913c0": ["1", "net.everythingandroid.timer.Preferences"]}, {"bef0a426b013c3ec07d508d7d0c913c0": ["1", "net.everythingandroid.timer.Preferences"]}, {"5e3892ed11cee2374059114dfd5d12cc": ["0", "net.everythingandroid.timer.TimerActivity"]}, {"5e3892ed11cee2374059114dfd5d12cc": ["0", "net.everythingandroid.timer.TimerActivity"]}, {"bef0a426b013c3ec07d508d7d0c913c0": ["1", "net.everythingandroid.timer.Preferences"]}, {"bef0a426b013c3ec07d508d7d0c913c0": ["1", "net.everythingandroid.timer.Preferences"]}, {"bef0a426b013c3ec07d508d7d0c913c0": ["1", "net.everythingandroid.timer.Preferences"]}, {"5e3892ed11cee2374059114dfd5d12cc": ["0", "net.everythingandroid.timer.TimerActivity"]}, {"bef0a426b013c3ec07d508d7d0c913c0": ["1", "net.everythingandroid.timer.Preferences"]}, {"705cf6069e1b1a26bedf415077ebe917": ["2", "net.everythingandroid.timer.Preferences"]}, {"bef0a426b013c3ec07d508d7d0c913c0": ["1", "net.everythingandroid.timer.Preferences"]}, {"bef0a426b013c3ec07d508d7d0c913c0": ["1", "net.everythingandroid.timer.Preferences"]}, {"bef0a426b013c3ec07d508d7d0c913c0": ["1", "net.everythingandroid.timer.Preferences"]}, {"bef0a426b013c3ec07d508d7d0c913c0": ["1", "net.everythingandroid.timer.Preferences"]}, {"5e3892ed11cee2374059114dfd5d12cc": ["0", "net.everythingandroid.timer.TimerActivity"]}, {"5e3892ed11cee2374059114dfd5d12cc": ["0", "net.everythingandroid.timer.TimerActivity"]}, {"5e3892ed11cee2374059114dfd5d12cc": ["0", "net.everythingandroid.timer.TimerActivity"]}, {"5e3892ed11cee2374059114dfd5d12cc": ["0", "net.everythingandroid.timer.TimerActivity"]}, {"5e3892ed11cee2374059114dfd5d12cc": ["0", "net.everythingandroid.timer.TimerActivity"]}, {"5e3892ed11cee2374059114dfd5d12cc": ["0", "net.everythingandroid.timer.TimerActivity"]}, {"5e3892ed11cee2374059114dfd5d12cc": ["0", "net.everythingandroid.timer.TimerActivity"]}, {"5e3892ed11cee2374059114dfd5d12cc": ["0", "net.everythingandroid.timer.TimerActivity"]}, {"5e3892ed11cee2374059114dfd5d12cc": ["0", "net.everythingandroid.timer.TimerActivity"]}, {"bef0a426b013c3ec07d508d7d0c913c0": ["1", "net.everythingandroid.timer.Preferences"]}, {"bef0a426b013c3ec07d508d7d0c913c0": ["1", "net.everythingandroid.timer.Preferences"]}, {"bef0a426b013c3ec07d508d7d0c913c0": ["1", "net.everythingandroid.timer.Preferences"]}, {"bef0a426b013c3ec07d508d7d0c913c0": ["1", "net.everythingandroid.timer.Preferences"]}, {"bef0a426b013c3ec07d508d7d0c913c0": ["1", "net.everythingandroid.timer.Preferences"]}, {"bef0a426b013c3ec07d508d7d0c913c0": ["1", "net.everythingandroid.timer.Preferences"]}, {"bef0a426b013c3ec07d508d7d0c913c0": ["1", "net.everythingandroid.timer.Preferences"]}, {"705cf6069e1b1a26bedf415077ebe917": ["2", "net.everythingandroid.timer.Preferences"]}, {"bef0a426b013c3ec07d508d7d0c913c0": ["1", "net.everythingandroid.timer.Preferences"]}, {"bef0a426b013c3ec07d508d7d0c913c0": ["1", "net.everythingandroid.timer.Preferences"]}, {"bef0a426b013c3ec07d508d7d0c913c0": ["1", "net.everythingandroid.timer.Preferences"]}, {"bef0a426b013c3ec07d508d7d0c913c0": ["1", "net.everythingandroid.timer.Preferences"]}, {"bef0a426b013c3ec07d508d7d0c913c0": ["1", "net.everythingandroid.timer.Preferences"]}, {"bef0a426b013c3ec07d508d7d0c913c0": ["1", "net.everythingandroid.timer.Preferences"]}, {"e50457562674e5b895b3fdd16cfd8a83": ["4", "net.everythingandroid.timer.Preferences"]}, {"bef0a426b013c3ec07d508d7d0c913c0": ["1", "net.everythingandroid.timer.Preferences"]}, {"e50457562674e5b895b3fdd16cfd8a83": ["4", "net.everythingandroid.timer.Preferences"]}, {"bef0a426b013c3ec07d508d7d0c913c0": ["1", "net.everythingandroid.timer.Preferences"]}, {"bef0a426b013c3ec07d508d7d0c913c0": ["1", "net.everythingandroid.timer.Preferences"]}, {"bef0a426b013c3ec07d508d7d0c913c0": ["1", "net.everythingandroid.timer.Preferences"]}, {"bef0a426b013c3ec07d508d7d0c913c0": ["1", "net.everythingandroid.timer.Preferences"]}, {"bef0a426b013c3ec07d508d7d0c913c0": ["1", "net.everythingandroid.timer.Preferences"]}, {"bef0a426b013c3ec07d508d7d0c913c0": ["1", "net.everythingandroid.timer.Preferences"]}, {"5e3892ed11cee2374059114dfd5d12cc": ["0", "net.everythingandroid.timer.TimerActivity"]}, {"5e3892ed11cee2374059114dfd5d12cc": ["0", "net.everythingandroid.timer.TimerActivity"]}, {"5e3892ed11cee2374059114dfd5d12cc": ["0", "net.everythingandroid.timer.TimerActivity"]}, {"bef0a426b013c3ec07d508d7d0c913c0": ["1", "net.everythingandroid.timer.Preferences"]}, {"bef0a426b013c3ec07d508d7d0c913c0": ["1", "net.everythingandroid.timer.Preferences"]}, {"e50457562674e5b895b3fdd16cfd8a83": ["4", "net.everythingandroid.timer.Preferences"]}, {"bef0a426b013c3ec07d508d7d0c913c0": ["1", "net.everythingandroid.timer.Preferences"]}, {"705cf6069e1b1a26bedf415077ebe917": ["2", "net.everythingandroid.timer.Preferences"]}, {"bef0a426b013c3ec07d508d7d0c913c0": ["1", "net.everythingandroid.timer.Preferences"]}, {"bef0a426b013c3ec07d508d7d0c913c0": ["1", "net.everythingandroid.timer.Preferences"]}, {"bef0a426b013c3ec07d508d7d0c913c0": ["1", "net.everythingandroid.timer.Preferences"]}, {"5e3892ed11cee2374059114dfd5d12cc": ["0", "net.everythingandroid.timer.TimerActivity"]}, {"bef0a426b013c3ec07d508d7d0c913c0": ["1", "net.everythingandroid.timer.Preferences"]}, {"bef0a426b013c3ec07d508d7d0c913c0": ["1", "net.everythingandroid.timer.Preferences"]}, {"bef0a426b013c3ec07d508d7d0c913c0": ["1", "net.everythingandroid.timer.Preferences"]}, {"bef0a426b013c3ec07d508d7d0c913c0": ["1", "net.everythingandroid.timer.Preferences"]}, {"705cf6069e1b1a26bedf415077ebe917": ["2", "net.everythingandroid.timer.Preferences"]}, {"bef0a426b013c3ec07d508d7d0c913c0": ["1", "net.everythingandroid.timer.Preferences"]}, {"bef0a426b013c3ec07d508d7d0c913c0": ["1", "net.everythingandroid.timer.Preferences"]}, {"bef0a426b013c3ec07d508d7d0c913c0": ["1", "net.everythingandroid.timer.Preferences"]}, {"bef0a426b013c3ec07d508d7d0c913c0": ["1", "net.everythingandroid.timer.Preferences"]}, {"bef0a426b013c3ec07d508d7d0c913c0": ["1", "net.everythingandroid.timer.Preferences"]}, {"bef0a426b013c3ec07d508d7d0c913c0": ["1", "net.everythingandroid.timer.Preferences"]}, {"bef0a426b013c3ec07d508d7d0c913c0": ["1", "net.everythingandroid.timer.Preferences"]}, {"bef0a426b013c3ec07d508d7d0c913c0": ["1", "net.everythingandroid.timer.Preferences"]}, {"5e3892ed11cee2374059114dfd5d12cc": ["0", "net.everythingandroid.timer.TimerActivity"]}, {"5e3892ed11cee2374059114dfd5d12cc": ["0", "net.everythingandroid.timer.TimerActivity"]}, {"5e3892ed11cee2374059114dfd5d12cc": ["0", "net.everythingandroid.timer.TimerActivity"]}, {"5e3892ed11cee2374059114dfd5d12cc": ["0", "net.everythingandroid.timer.TimerActivity"]}, {"5e3892ed11cee2374059114dfd5d12cc": ["0", "net.everythingandroid.timer.TimerActivity"]}, {"5e3892ed11cee2374059114dfd5d12cc": ["0", "net.everythingandroid.timer.TimerActivity"]}, {"bef0a426b013c3ec07d508d7d0c913c0": ["1", "net.everythingandroid.timer.Preferences"]}, {"5e3892ed11cee2374059114dfd5d12cc": ["0", "net.everythingandroid.timer.TimerActivity"]}, {"5e3892ed11cee2374059114dfd5d12cc": ["0", "net.everythingandroid.timer.TimerActivity"]}, {"5e3892ed11cee2374059114dfd5d12cc": ["0", "net.everythingandroid.timer.TimerActivity"]}, {"5e3892ed11cee2374059114dfd5d12cc": ["0", "net.everythingandroid.timer.TimerActivity"]}, {"5e3892ed11cee2374059114dfd5d12cc": ["0", "net.everythingandroid.timer.TimerActivity"]}, {"bef0a426b013c3ec07d508d7d0c913c0": ["1", "net.everythingandroid.timer.Preferences"]}, {"bef0a426b013c3ec07d508d7d0c913c0": ["1", "net.everythingandroid.timer.Preferences"]}, {"bef0a426b013c3ec07d508d7d0c913c0": ["1", "net.everythingandroid.timer.Preferences"]}, {"e50457562674e5b895b3fdd16cfd8a83": ["4", "net.everythingandroid.timer.Preferences"]}, {"bef0a426b013c3ec07d508d7d0c913c0": ["1", "net.everythingandroid.timer.Preferences"]}, {"5e3892ed11cee2374059114dfd5d12cc": ["0", "net.everythingandroid.timer.TimerActivity"]}, {"5e3892ed11cee2374059114dfd5d12cc": ["0", "net.everythingandroid.timer.TimerActivity"]}, {"5e3892ed11cee2374059114dfd5d12cc": ["0", "net.everythingandroid.timer.TimerActivity"]}, {"5e3892ed11cee2374059114dfd5d12cc": ["0", "net.everythingandroid.timer.TimerActivity"]}, {"5e3892ed11cee2374059114dfd5d12cc": ["0", "net.everythingandroid.timer.TimerActivity"]}, {"5e3892ed11cee2374059114dfd5d12cc": ["0", "net.everythingandroid.timer.TimerActivity"]}, {"5e3892ed11cee2374059114dfd5d12cc": ["0", "net.everythingandroid.timer.TimerActivity"]}, {"bef0a426b013c3ec07d508d7d0c913c0": ["1", "net.everythingandroid.timer.Preferences"]}, {"bef0a426b013c3ec07d508d7d0c913c0": ["1", "net.everythingandroid.timer.Preferences"]}, {"bef0a426b013c3ec07d508d7d0c913c0": ["1", "net.everythingandroid.timer.Preferences"]}, {"bef0a426b013c3ec07d508d7d0c913c0": ["1", "net.everythingandroid.timer.Preferences"]}, {"bef0a426b013c3ec07d508d7d0c913c0": ["1", "net.everythingandroid.timer.Preferences"]}, {"705cf6069e1b1a26bedf415077ebe917": ["2", "net.everythingandroid.timer.Preferences"]}, {"bef0a426b013c3ec07d508d7d0c913c0": ["1", "net.everythingandroid.timer.Preferences"]}, {"705cf6069e1b1a26bedf415077ebe917": ["2", "net.everythingandroid.timer.Preferences"]}, {"bef0a426b013c3ec07d508d7d0c913c0": ["1", "net.everythingandroid.timer.Preferences"]}, {"bef0a426b013c3ec07d508d7d0c913c0": ["1", "net.everythingandroid.timer.Preferences"]}, {"e50457562674e5b895b3fdd16cfd8a83": ["4", "net.everythingandroid.timer.Preferences"]}, {"bef0a426b013c3ec07d508d7d0c913c0": ["1", "net.everythingandroid.timer.Preferences"]}, {"bef0a426b013c3ec07d508d7d0c913c0": ["1", "net.everythingandroid.timer.Preferences"]}, {"bef0a426b013c3ec07d508d7d0c913c0": ["1", "net.everythingandroid.timer.Preferences"]}, {"bef0a426b013c3ec07d508d7d0c913c0": ["1", "net.everythingandroid.timer.Preferences"]}, {"705cf6069e1b1a26bedf415077ebe917": ["2", "net.everythingandroid.timer.Preferences"]}, {"5e3892ed11cee2374059114dfd5d12cc": ["0", "net.everythingandroid.timer.TimerActivity"]}, {"5e3892ed11cee2374059114dfd5d12cc": ["0", "net.everythingandroid.timer.TimerActivity"]}, {"5e3892ed11cee2374059114dfd5d12cc": ["0", "net.everythingandroid.timer.TimerActivity"]}, {"5e3892ed11cee2374059114dfd5d12cc": ["0", "net.everythingandroid.timer.TimerActivity"]}, {"5e3892ed11cee2374059114dfd5d12cc": ["0", "net.everythingandroid.timer.TimerActivity"]}, {"5e3892ed11cee2374059114dfd5d12cc": ["0", "net.everythingandroid.timer.TimerActivity"]}, {"5e3892ed11cee2374059114dfd5d12cc": ["0", "net.everythingandroid.timer.TimerActivity"]}, {"5e3892ed11cee2374059114dfd5d12cc": ["0", "net.everythingandroid.timer.TimerActivity"]}, {"5e3892ed11cee2374059114dfd5d12cc": ["0", "net.everythingandroid.timer.TimerActivity"]}, {"5e3892ed11cee2374059114dfd5d12cc": ["0", "net.everythingandroid.timer.TimerActivity"]}, {"5e3892ed11cee2374059114dfd5d12cc": ["0", "net.everythingandroid.timer.TimerActivity"]}, {"5e3892ed11cee2374059114dfd5d12cc": ["0", "net.everythingandroid.timer.TimerActivity"]}, {"5e3892ed11cee2374059114dfd5d12cc": ["0", "net.everythingandroid.timer.TimerActivity"]}, {"5e3892ed11cee2374059114dfd5d12cc": ["0", "net.everythingandroid.timer.TimerActivity"]}, {"5e3892ed11cee2374059114dfd5d12cc": ["0", "net.everythingandroid.timer.TimerActivity"]}, {"5e3892ed11cee2374059114dfd5d12cc": ["0", "net.everythingandroid.timer.TimerActivity"]}, {"bef0a426b013c3ec07d508d7d0c913c0": ["1", "net.everythingandroid.timer.Preferences"]}, {"bef0a426b013c3ec07d508d7d0c913c0": ["1", "net.everythingandroid.timer.Preferences"]}, {"bef0a426b013c3ec07d508d7d0c913c0": ["1", "net.everythingandroid.timer.Preferences"]}, {"705cf6069e1b1a26bedf415077ebe917": ["2", "net.everythingandroid.timer.Preferences"]}, {"bef0a426b013c3ec07d508d7d0c913c0": ["1", "net.everythingandroid.timer.Preferences"]}, {"705cf6069e1b1a26bedf415077ebe917": ["2", "net.everythingandroid.timer.Preferences"]}, {"bef0a426b013c3ec07d508d7d0c913c0": ["1", "net.everythingandroid.timer.Preferences"]}, {"bef0a426b013c3ec07d508d7d0c913c0": ["1", "net.everythingandroid.timer.Preferences"]}, {"bef0a426b013c3ec07d508d7d0c913c0": ["1", "net.everythingandroid.timer.Preferences"]}, {"5e3892ed11cee2374059114dfd5d12cc": ["0", "net.everythingandroid.timer.TimerActivity"]}, {"5e3892ed11cee2374059114dfd5d12cc": ["0", "net.everythingandroid.timer.TimerActivity"]}, {"5e3892ed11cee2374059114dfd5d12cc": ["0", "net.everythingandroid.timer.TimerActivity"]}, {"5e3892ed11cee2374059114dfd5d12cc": ["0", "net.everythingandroid.timer.TimerActivity"]}, {"5e3892ed11cee2374059114dfd5d12cc": ["0", "net.everythingandroid.timer.TimerActivity"]}, {"5e3892ed11cee2374059114dfd5d12cc": ["0", "net.everythingandroid.timer.TimerActivity"]}, {"5e3892ed11cee2374059114dfd5d12cc": ["0", "net.everythingandroid.timer.TimerActivity"]}, {"5e3892ed11cee2374059114dfd5d12cc": ["0", "net.everythingandroid.timer.TimerActivity"]}, {"5e3892ed11cee2374059114dfd5d12cc": ["0", "net.everythingandroid.timer.TimerActivity"]}, {"5e3892ed11cee2374059114dfd5d12cc": ["0", "net.everythingandroid.timer.TimerActivity"]}, {"5e3892ed11cee2374059114dfd5d12cc": ["0", "net.everythingandroid.timer.TimerActivity"]}, {"5e3892ed11cee2374059114dfd5d12cc": ["0", "net.everythingandroid.timer.TimerActivity"]}, {"5e3892ed11cee2374059114dfd5d12cc": ["0", "net.everythingandroid.timer.TimerActivity"]}, {"5e3892ed11cee2374059114dfd5d12cc": ["0", "net.everythingandroid.timer.TimerActivity"]}, {"5e3892ed11cee2374059114dfd5d12cc": ["0", "net.everythingandroid.timer.TimerActivity"]}, {"5e3892ed11cee2374059114dfd5d12cc": ["0", "net.everythingandroid.timer.TimerActivity"]}, {"5e3892ed11cee2374059114dfd5d12cc": ["0", "net.everythingandroid.timer.TimerActivity"]}, {"5e3892ed11cee2374059114dfd5d12cc": ["0", "net.everythingandroid.timer.TimerActivity"]}, {"5e3892ed11cee2374059114dfd5d12cc": ["0", "net.everythingandroid.timer.TimerActivity"]}, {"5e3892ed11cee2374059114dfd5d12cc": ["0", "net.everythingandroid.timer.TimerActivity"]}, {"5e3892ed11cee2374059114dfd5d12cc": ["0", "net.everythingandroid.timer.TimerActivity"]}, {"5e3892ed11cee2374059114dfd5d12cc": ["0", "net.everythingandroid.timer.TimerActivity"]}, {"5e3892ed11cee2374059114dfd5d12cc": ["0", "net.everythingandroid.timer.TimerActivity"]}, {"5e3892ed11cee2374059114dfd5d12cc": ["0", "net.everythingandroid.timer.TimerActivity"]}, {"5e3892ed11cee2374059114dfd5d12cc": ["0", "net.everythingandroid.timer.TimerActivity"]}, {"bef0a426b013c3ec07d508d7d0c913c0": ["1", "net.everythingandroid.timer.Preferences"]}, {"bef0a426b013c3ec07d508d7d0c913c0": ["1", "net.everythingandroid.timer.Preferences"]}, {"bef0a426b013c3ec07d508d7d0c913c0": ["1", "net.everythingandroid.timer.Preferences"]}, {"bef0a426b013c3ec07d508d7d0c913c0": ["1", "net.everythingandroid.timer.Preferences"]}, {"bef0a426b013c3ec07d508d7d0c913c0": ["1", "net.everythingandroid.timer.Preferences"]}, {"bef0a426b013c3ec07d508d7d0c913c0": ["1", "net.everythingandroid.timer.Preferences"]}, {"bef0a426b013c3ec07d508d7d0c913c0": ["1", "net.everythingandroid.timer.Preferences"]}, {"bef0a426b013c3ec07d508d7d0c913c0": ["1", "net.everythingandroid.timer.Preferences"]}, {"bef0a426b013c3ec07d508d7d0c913c0": ["1", "net.everythingandroid.timer.Preferences"]}, {"bef0a426b013c3ec07d508d7d0c913c0": ["1", "net.everythingandroid.timer.Preferences"]}, {"5e3892ed11cee2374059114dfd5d12cc": ["0", "net.everythingandroid.timer.TimerActivity"]}, {"5e3892ed11cee2374059114dfd5d12cc": ["0", "net.everythingandroid.timer.TimerActivity"]}, {"5e3892ed11cee2374059114dfd5d12cc": ["0", "net.everythingandroid.timer.TimerActivity"]}, {"5e3892ed11cee2374059114dfd5d12cc": ["0", "net.everythingandroid.timer.TimerActivity"]}, {"5e3892ed11cee2374059114dfd5d12cc": ["0", "net.everythingandroid.timer.TimerActivity"]}, {"5e3892ed11cee2374059114dfd5d12cc": ["0", "net.everythingandroid.timer.TimerActivity"]}, {"5e3892ed11cee2374059114dfd5d12cc": ["0", "net.everythingandroid.timer.TimerActivity"]}, {"5e3892ed11cee2374059114dfd5d12cc": ["0", "net.everythingandroid.timer.TimerActivity"]}, {"bef0a426b013c3ec07d508d7d0c913c0": ["1", "net.everythingandroid.timer.Preferences"]}, {"705cf6069e1b1a26bedf415077ebe917": ["2", "net.everythingandroid.timer.Preferences"]}, {"bef0a426b013c3ec07d508d7d0c913c0": ["1", "net.everythingandroid.timer.Preferences"]}, {"bef0a426b013c3ec07d508d7d0c913c0": ["1", "net.everythingandroid.timer.Preferences"]}, {"bef0a426b013c3ec07d508d7d0c913c0": ["1", "net.everythingandroid.timer.Preferences"]}, {"bef0a426b013c3ec07d508d7d0c913c0": ["1", "net.everythingandroid.timer.Preferences"]}]