[{"b15b0e2c380341f52f295be7a8cea1cb": ["0", "cri.sanity.MainActivity"]}, {"b15b0e2c380341f52f295be7a8cea1cb": ["0", "cri.sanity.MainActivity"]}, {"b15b0e2c380341f52f295be7a8cea1cb": ["0", "cri.sanity.MainActivity"]}, {"eba1f4bae0b98e2148e8d584baac3bb6": ["118", "cri.sanity.MainActivity"]}, {"9b7703da029ea890b87ea2ad070ff468": ["1", "cri.sanity.MainActivity"]}, {"a166177da80e963cba1a1b06f060786e": ["8", "cri.sanity.screen.RecordActivity"]}, {"a166177da80e963cba1a1b06f060786e": ["8", "cri.sanity.screen.RecordActivity"]}, {"a166177da80e963cba1a1b06f060786e": ["8", "cri.sanity.screen.RecordActivity"]}, {"33d8af6855547d32c29c58c95b26ac68": ["9", "cri.sanity.screen.RecordActivity"]}, {"a166177da80e963cba1a1b06f060786e": ["8", "cri.sanity.screen.RecordActivity"]}, {"a166177da80e963cba1a1b06f060786e": ["8", "cri.sanity.screen.RecordActivity"]}, {"fbcc34504bca3f612538c7b0cda21eff": ["119", "cri.sanity.screen.RecordActivity"]}, {"33d8af6855547d32c29c58c95b26ac68": ["9", "cri.sanity.screen.RecordActivity"]}, {"a166177da80e963cba1a1b06f060786e": ["8", "cri.sanity.screen.RecordActivity"]}, {"06611908e7aa86566bb67014028377bf": ["15", "cri.sanity.screen.TtsActivity"]}, {"06611908e7aa86566bb67014028377bf": ["15", "cri.sanity.screen.TtsActivity"]}, {"388efc7d136a6466d5dd8c1fde4765c8": ["24", "cri.sanity.screen.GeneralActivity"]}, {"388efc7d136a6466d5dd8c1fde4765c8": ["24", "cri.sanity.screen.GeneralActivity"]}, {"388efc7d136a6466d5dd8c1fde4765c8": ["24", "cri.sanity.screen.GeneralActivity"]}, {"388efc7d136a6466d5dd8c1fde4765c8": ["24", "cri.sanity.screen.GeneralActivity"]}, {"388efc7d136a6466d5dd8c1fde4765c8": ["24", "cri.sanity.screen.GeneralActivity"]}, {"388efc7d136a6466d5dd8c1fde4765c8": ["24", "cri.sanity.screen.GeneralActivity"]}, {"388efc7d136a6466d5dd8c1fde4765c8": ["24", "cri.sanity.screen.GeneralActivity"]}, {"aadf3ab0cd1f7ecb04b3b01eb5dcfc73": ["46", "cri.sanity.screen.GeneralActivity"]}, {"928cb30c52ed67a3c8dec6e3a5c54f3e": ["35", "cri.sanity.screen.GeneralActivity"]}, {"3b239ebcf3ba6caec9189081f15614b2": ["81", "cri.sanity.screen.ProfileActivity"]}, {"aff64c675b9441a1620bb13218b2cfaa": ["82", "cri.sanity.screen.ProfileActivity"]}, {"3b239ebcf3ba6caec9189081f15614b2": ["81", "cri.sanity.screen.ProfileActivity"]}, {"0539fb7687df4168c9a2f03770a51470": ["68", "cri.sanity.screen.GeneralActivity"]}, {"0539fb7687df4168c9a2f03770a51470": ["68", "cri.sanity.screen.GeneralActivity"]}, {"0539fb7687df4168c9a2f03770a51470": ["68", "cri.sanity.screen.GeneralActivity"]}, {"3f127b5c2311dfe6fa57f798478c6891": ["120", "cri.sanity.screen.GeneralActivity"]}, {"3f127b5c2311dfe6fa57f798478c6891": ["120", "cri.sanity.screen.GeneralActivity"]}, {"3f127b5c2311dfe6fa57f798478c6891": ["120", "cri.sanity.screen.GeneralActivity"]}, {"388efc7d136a6466d5dd8c1fde4765c8": ["24", "cri.sanity.screen.GeneralActivity"]}, {"732b2215f50bc64c829db86786170a5a": ["25", "cri.sanity.screen.GeneralActivity"]}, {"aadf3ab0cd1f7ecb04b3b01eb5dcfc73": ["46", "cri.sanity.screen.GeneralActivity"]}, {"388efc7d136a6466d5dd8c1fde4765c8": ["24", "cri.sanity.screen.GeneralActivity"]}, {"388efc7d136a6466d5dd8c1fde4765c8": ["24", "cri.sanity.screen.GeneralActivity"]}, {"388efc7d136a6466d5dd8c1fde4765c8": ["24", "cri.sanity.screen.GeneralActivity"]}, {"388efc7d136a6466d5dd8c1fde4765c8": ["24", "cri.sanity.screen.GeneralActivity"]}, {"388efc7d136a6466d5dd8c1fde4765c8": ["24", "cri.sanity.screen.GeneralActivity"]}, {"732b2215f50bc64c829db86786170a5a": ["25", "cri.sanity.screen.GeneralActivity"]}, {"388efc7d136a6466d5dd8c1fde4765c8": ["24", "cri.sanity.screen.GeneralActivity"]}, {"388efc7d136a6466d5dd8c1fde4765c8": ["24", "cri.sanity.screen.GeneralActivity"]}, {"f9942b6b533b2cc6563cf07e84a12d36": ["40", "cri.sanity.screen.GeneralActivity"]}, {"61bf409ec946a5b20e04378e0652de5d": ["51", "cri.sanity.screen.GeneralActivity"]}, {"732b2215f50bc64c829db86786170a5a": ["25", "cri.sanity.screen.GeneralActivity"]}, {"388efc7d136a6466d5dd8c1fde4765c8": ["24", "cri.sanity.screen.GeneralActivity"]}, {"aadf3ab0cd1f7ecb04b3b01eb5dcfc73": ["46", "cri.sanity.screen.GeneralActivity"]}, {"388efc7d136a6466d5dd8c1fde4765c8": ["24", "cri.sanity.screen.GeneralActivity"]}, {"388efc7d136a6466d5dd8c1fde4765c8": ["24", "cri.sanity.screen.GeneralActivity"]}, {"388efc7d136a6466d5dd8c1fde4765c8": ["24", "cri.sanity.screen.GeneralActivity"]}, {"388efc7d136a6466d5dd8c1fde4765c8": ["24", "cri.sanity.screen.GeneralActivity"]}, {"de913914d83fa530f8a6de9ece1af01c": ["12", "cri.sanity.screen.UrgentActivity"]}, {"de913914d83fa530f8a6de9ece1af01c": ["12", "cri.sanity.screen.UrgentActivity"]}, {"de913914d83fa530f8a6de9ece1af01c": ["12", "cri.sanity.screen.UrgentActivity"]}, {"de913914d83fa530f8a6de9ece1af01c": ["12", "cri.sanity.screen.UrgentActivity"]}, {"06611908e7aa86566bb67014028377bf": ["15", "cri.sanity.screen.TtsActivity"]}, {"43ca62123a2445098199aab385b8251a": ["32", "cri.sanity.screen.TtsActivity"]}, {"9b7703da029ea890b87ea2ad070ff468": ["1", "cri.sanity.MainActivity"]}, {"2985b6f51ce15d3a9b7a53776c23c068": ["2", "cri.sanity.screen.AnswerActivity"]}, {"6de4417d0069472fdd7d2d4d3bec15f5": ["22", "cri.sanity.screen.AnswerActivity"]}, {"2985b6f51ce15d3a9b7a53776c23c068": ["2", "cri.sanity.screen.AnswerActivity"]}, {"6de4417d0069472fdd7d2d4d3bec15f5": ["22", "cri.sanity.screen.AnswerActivity"]}, {"2985b6f51ce15d3a9b7a53776c23c068": ["2", "cri.sanity.screen.AnswerActivity"]}, {"6de4417d0069472fdd7d2d4d3bec15f5": ["22", "cri.sanity.screen.AnswerActivity"]}, {"388efc7d136a6466d5dd8c1fde4765c8": ["24", "cri.sanity.screen.GeneralActivity"]}, {"732b2215f50bc64c829db86786170a5a": ["25", "cri.sanity.screen.GeneralActivity"]}, {"de913914d83fa530f8a6de9ece1af01c": ["12", "cri.sanity.screen.UrgentActivity"]}, {"de913914d83fa530f8a6de9ece1af01c": ["12", "cri.sanity.screen.UrgentActivity"]}, {"de913914d83fa530f8a6de9ece1af01c": ["12", "cri.sanity.screen.UrgentActivity"]}, {"eb916eb313d4539adcc9a9e0ae1a345a": ["13", "cri.sanity.screen.UrgentActivity"]}, {"de913914d83fa530f8a6de9ece1af01c": ["12", "cri.sanity.screen.UrgentActivity"]}, {"de913914d83fa530f8a6de9ece1af01c": ["12", "cri.sanity.screen.UrgentActivity"]}, {"de913914d83fa530f8a6de9ece1af01c": ["12", "cri.sanity.screen.UrgentActivity"]}, {"eb916eb313d4539adcc9a9e0ae1a345a": ["13", "cri.sanity.screen.UrgentActivity"]}, {"de913914d83fa530f8a6de9ece1af01c": ["12", "cri.sanity.screen.UrgentActivity"]}, {"eb916eb313d4539adcc9a9e0ae1a345a": ["13", "cri.sanity.screen.UrgentActivity"]}, {"de913914d83fa530f8a6de9ece1af01c": ["12", "cri.sanity.screen.UrgentActivity"]}, {"de913914d83fa530f8a6de9ece1af01c": ["12", "cri.sanity.screen.UrgentActivity"]}, {"fdbded06ded2995b238e5c80b6013b06": ["23", "cri.sanity.screen.UrgentActivity"]}, {"eb916eb313d4539adcc9a9e0ae1a345a": ["13", "cri.sanity.screen.UrgentActivity"]}, {"de913914d83fa530f8a6de9ece1af01c": ["12", "cri.sanity.screen.UrgentActivity"]}, {"700a94b4f192b83f3bf43123998d683c": ["3", "cri.sanity.screen.FilterActivity"]}, {"a1fe68a29155e614a044e6bfefc7b189": ["4", "cri.sanity.screen.FilterActivity"]}, {"a1fe68a29155e614a044e6bfefc7b189": ["4", "cri.sanity.screen.FilterActivity"]}, {"700a94b4f192b83f3bf43123998d683c": ["3", "cri.sanity.screen.FilterActivity"]}, {"388efc7d136a6466d5dd8c1fde4765c8": ["24", "cri.sanity.screen.GeneralActivity"]}, {"388efc7d136a6466d5dd8c1fde4765c8": ["24", "cri.sanity.screen.GeneralActivity"]}, {"aadf3ab0cd1f7ecb04b3b01eb5dcfc73": ["46", "cri.sanity.screen.GeneralActivity"]}, {"aadf3ab0cd1f7ecb04b3b01eb5dcfc73": ["46", "cri.sanity.screen.GeneralActivity"]}, {"aadf3ab0cd1f7ecb04b3b01eb5dcfc73": ["46", "cri.sanity.screen.GeneralActivity"]}, {"388efc7d136a6466d5dd8c1fde4765c8": ["24", "cri.sanity.screen.GeneralActivity"]}, {"732b2215f50bc64c829db86786170a5a": ["25", "cri.sanity.screen.GeneralActivity"]}, {"f9942b6b533b2cc6563cf07e84a12d36": ["40", "cri.sanity.screen.GeneralActivity"]}, {"61bf409ec946a5b20e04378e0652de5d": ["51", "cri.sanity.screen.GeneralActivity"]}, {"0cc705d56aff05cc05acad63c6a57108": ["83", "cri.sanity.screen.AnonymActivity"]}, {"0cc705d56aff05cc05acad63c6a57108": ["83", "cri.sanity.screen.AnonymActivity"]}, {"700a94b4f192b83f3bf43123998d683c": ["3", "cri.sanity.screen.FilterActivity"]}, {"388efc7d136a6466d5dd8c1fde4765c8": ["24", "cri.sanity.screen.GeneralActivity"]}, {"388efc7d136a6466d5dd8c1fde4765c8": ["24", "cri.sanity.screen.GeneralActivity"]}, {"388efc7d136a6466d5dd8c1fde4765c8": ["24", "cri.sanity.screen.GeneralActivity"]}, {"388efc7d136a6466d5dd8c1fde4765c8": ["24", "cri.sanity.screen.GeneralActivity"]}, {"388efc7d136a6466d5dd8c1fde4765c8": ["24", "cri.sanity.screen.GeneralActivity"]}, {"388efc7d136a6466d5dd8c1fde4765c8": ["24", "cri.sanity.screen.GeneralActivity"]}, {"388efc7d136a6466d5dd8c1fde4765c8": ["24", "cri.sanity.screen.GeneralActivity"]}, {"388efc7d136a6466d5dd8c1fde4765c8": ["24", "cri.sanity.screen.GeneralActivity"]}, {"388efc7d136a6466d5dd8c1fde4765c8": ["24", "cri.sanity.screen.GeneralActivity"]}, {"388efc7d136a6466d5dd8c1fde4765c8": ["24", "cri.sanity.screen.GeneralActivity"]}, {"732b2215f50bc64c829db86786170a5a": ["25", "cri.sanity.screen.GeneralActivity"]}, {"388efc7d136a6466d5dd8c1fde4765c8": ["24", "cri.sanity.screen.GeneralActivity"]}, {"388efc7d136a6466d5dd8c1fde4765c8": ["24", "cri.sanity.screen.GeneralActivity"]}, {"732b2215f50bc64c829db86786170a5a": ["25", "cri.sanity.screen.GeneralActivity"]}, {"388efc7d136a6466d5dd8c1fde4765c8": ["24", "cri.sanity.screen.GeneralActivity"]}, {"a166177da80e963cba1a1b06f060786e": ["8", "cri.sanity.screen.RecordActivity"]}, {"a166177da80e963cba1a1b06f060786e": ["8", "cri.sanity.screen.RecordActivity"]}, {"0cc705d56aff05cc05acad63c6a57108": ["83", "cri.sanity.screen.AnonymActivity"]}, {"0cc705d56aff05cc05acad63c6a57108": ["83", "cri.sanity.screen.AnonymActivity"]}, {"0cc705d56aff05cc05acad63c6a57108": ["83", "cri.sanity.screen.AnonymActivity"]}, {"0cc705d56aff05cc05acad63c6a57108": ["83", "cri.sanity.screen.AnonymActivity"]}, {"0cc705d56aff05cc05acad63c6a57108": ["83", "cri.sanity.screen.AnonymActivity"]}, {"700a94b4f192b83f3bf43123998d683c": ["3", "cri.sanity.screen.FilterActivity"]}, {"388efc7d136a6466d5dd8c1fde4765c8": ["24", "cri.sanity.screen.GeneralActivity"]}, {"388efc7d136a6466d5dd8c1fde4765c8": ["24", "cri.sanity.screen.GeneralActivity"]}, {"388efc7d136a6466d5dd8c1fde4765c8": ["24", "cri.sanity.screen.GeneralActivity"]}, {"388efc7d136a6466d5dd8c1fde4765c8": ["24", "cri.sanity.screen.GeneralActivity"]}, {"388efc7d136a6466d5dd8c1fde4765c8": ["24", "cri.sanity.screen.GeneralActivity"]}, {"388efc7d136a6466d5dd8c1fde4765c8": ["24", "cri.sanity.screen.GeneralActivity"]}, {"388efc7d136a6466d5dd8c1fde4765c8": ["24", "cri.sanity.screen.GeneralActivity"]}, {"928cb30c52ed67a3c8dec6e3a5c54f3e": ["35", "cri.sanity.screen.GeneralActivity"]}, {"928cb30c52ed67a3c8dec6e3a5c54f3e": ["35", "cri.sanity.screen.GeneralActivity"]}, {"928cb30c52ed67a3c8dec6e3a5c54f3e": ["35", "cri.sanity.screen.GeneralActivity"]}, {"06455e957f2e0a9abb8f25593d8841d1": ["75", "cri.sanity.screen.GeneralActivity"]}, {"2985b6f51ce15d3a9b7a53776c23c068": ["2", "cri.sanity.screen.AnswerActivity"]}, {"6de4417d0069472fdd7d2d4d3bec15f5": ["22", "cri.sanity.screen.AnswerActivity"]}, {"2985b6f51ce15d3a9b7a53776c23c068": ["2", "cri.sanity.screen.AnswerActivity"]}, {"6de4417d0069472fdd7d2d4d3bec15f5": ["22", "cri.sanity.screen.AnswerActivity"]}, {"388efc7d136a6466d5dd8c1fde4765c8": ["24", "cri.sanity.screen.GeneralActivity"]}, {"388efc7d136a6466d5dd8c1fde4765c8": ["24", "cri.sanity.screen.GeneralActivity"]}, {"388efc7d136a6466d5dd8c1fde4765c8": ["24", "cri.sanity.screen.GeneralActivity"]}, {"388efc7d136a6466d5dd8c1fde4765c8": ["24", "cri.sanity.screen.GeneralActivity"]}, {"388efc7d136a6466d5dd8c1fde4765c8": ["24", "cri.sanity.screen.GeneralActivity"]}, {"388efc7d136a6466d5dd8c1fde4765c8": ["24", "cri.sanity.screen.GeneralActivity"]}, {"388efc7d136a6466d5dd8c1fde4765c8": ["24", "cri.sanity.screen.GeneralActivity"]}, {"388efc7d136a6466d5dd8c1fde4765c8": ["24", "cri.sanity.screen.GeneralActivity"]}, {"388efc7d136a6466d5dd8c1fde4765c8": ["24", "cri.sanity.screen.GeneralActivity"]}, {"388efc7d136a6466d5dd8c1fde4765c8": ["24", "cri.sanity.screen.GeneralActivity"]}, {"388efc7d136a6466d5dd8c1fde4765c8": ["24", "cri.sanity.screen.GeneralActivity"]}, {"388efc7d136a6466d5dd8c1fde4765c8": ["24", "cri.sanity.screen.GeneralActivity"]}, {"aadf3ab0cd1f7ecb04b3b01eb5dcfc73": ["46", "cri.sanity.screen.GeneralActivity"]}, {"a166177da80e963cba1a1b06f060786e": ["8", "cri.sanity.screen.RecordActivity"]}, {"26a1dbded4114dfe849f3b9e756f0a39": ["11", "cri.sanity.screen.BrowseActivity"]}, {"0c4784b41c274ae916c3d8f458bbb37d": ["27", "cri.sanity.screen.BrowseActivity"]}, {"26a1dbded4114dfe849f3b9e756f0a39": ["11", "cri.sanity.screen.BrowseActivity"]}, {"0c4784b41c274ae916c3d8f458bbb37d": ["27", "cri.sanity.screen.BrowseActivity"]}, {"06611908e7aa86566bb67014028377bf": ["15", "cri.sanity.screen.TtsActivity"]}, {"3d020bc7abaa3547350c97830874b607": ["16", "cri.sanity.screen.TtsActivity"]}, {"06611908e7aa86566bb67014028377bf": ["15", "cri.sanity.screen.TtsActivity"]}, {"388efc7d136a6466d5dd8c1fde4765c8": ["24", "cri.sanity.screen.GeneralActivity"]}, {"388efc7d136a6466d5dd8c1fde4765c8": ["24", "cri.sanity.screen.GeneralActivity"]}, {"0539fb7687df4168c9a2f03770a51470": ["68", "cri.sanity.screen.GeneralActivity"]}, {"68ab6fe678ccdc4821da6d080ac24a17": ["38", "cri.sanity.screen.GeneralActivity"]}, {"0539fb7687df4168c9a2f03770a51470": ["68", "cri.sanity.screen.GeneralActivity"]}, {"0539fb7687df4168c9a2f03770a51470": ["68", "cri.sanity.screen.GeneralActivity"]}, {"68ab6fe678ccdc4821da6d080ac24a17": ["38", "cri.sanity.screen.GeneralActivity"]}, {"0539fb7687df4168c9a2f03770a51470": ["68", "cri.sanity.screen.GeneralActivity"]}, {"0539fb7687df4168c9a2f03770a51470": ["68", "cri.sanity.screen.GeneralActivity"]}, {"68ab6fe678ccdc4821da6d080ac24a17": ["38", "cri.sanity.screen.GeneralActivity"]}, {"3f127b5c2311dfe6fa57f798478c6891": ["120", "cri.sanity.screen.GeneralActivity"]}, {"68ab6fe678ccdc4821da6d080ac24a17": ["38", "cri.sanity.screen.GeneralActivity"]}, {"388efc7d136a6466d5dd8c1fde4765c8": ["24", "cri.sanity.screen.GeneralActivity"]}, {"388efc7d136a6466d5dd8c1fde4765c8": ["24", "cri.sanity.screen.GeneralActivity"]}, {"f9942b6b533b2cc6563cf07e84a12d36": ["40", "cri.sanity.screen.GeneralActivity"]}, {"61bf409ec946a5b20e04378e0652de5d": ["51", "cri.sanity.screen.GeneralActivity"]}, {"de913914d83fa530f8a6de9ece1af01c": ["12", "cri.sanity.screen.UrgentActivity"]}, {"a166177da80e963cba1a1b06f060786e": ["8", "cri.sanity.screen.RecordActivity"]}, {"a166177da80e963cba1a1b06f060786e": ["8", "cri.sanity.screen.RecordActivity"]}, {"a166177da80e963cba1a1b06f060786e": ["8", "cri.sanity.screen.RecordActivity"]}, {"a166177da80e963cba1a1b06f060786e": ["8", "cri.sanity.screen.RecordActivity"]}, {"a166177da80e963cba1a1b06f060786e": ["8", "cri.sanity.screen.RecordActivity"]}, {"a166177da80e963cba1a1b06f060786e": ["8", "cri.sanity.screen.RecordActivity"]}, {"33d8af6855547d32c29c58c95b26ac68": ["9", "cri.sanity.screen.RecordActivity"]}, {"a166177da80e963cba1a1b06f060786e": ["8", "cri.sanity.screen.RecordActivity"]}, {"e11ce91dd2a32d9191690cda4baa7137": ["90", "cri.sanity.screen.RecordActivity"]}, {"a166177da80e963cba1a1b06f060786e": ["8", "cri.sanity.screen.RecordActivity"]}, {"a166177da80e963cba1a1b06f060786e": ["8", "cri.sanity.screen.RecordActivity"]}, {"a166177da80e963cba1a1b06f060786e": ["8", "cri.sanity.screen.RecordActivity"]}, {"a166177da80e963cba1a1b06f060786e": ["8", "cri.sanity.screen.RecordActivity"]}, {"33d8af6855547d32c29c58c95b26ac68": ["9", "cri.sanity.screen.RecordActivity"]}, {"06611908e7aa86566bb67014028377bf": ["15", "cri.sanity.screen.TtsActivity"]}, {"06611908e7aa86566bb67014028377bf": ["15", "cri.sanity.screen.TtsActivity"]}, {"c9383c25d548c01b8e0b6e3d0fc5f4e6": ["121", "cri.sanity.screen.BlockerActivity"]}, {"67f8dc5d9dabda29da039779270f9fbc": ["108", "cri.sanity.screen.CallHistoryActivity"]}, {"67f8dc5d9dabda29da039779270f9fbc": ["108", "cri.sanity.screen.CallHistoryActivity"]}, {"67f8dc5d9dabda29da039779270f9fbc": ["108", "cri.sanity.screen.CallHistoryActivity"]}, {"388efc7d136a6466d5dd8c1fde4765c8": ["24", "cri.sanity.screen.GeneralActivity"]}, {"388efc7d136a6466d5dd8c1fde4765c8": ["24", "cri.sanity.screen.GeneralActivity"]}, {"388efc7d136a6466d5dd8c1fde4765c8": ["24", "cri.sanity.screen.GeneralActivity"]}, {"388efc7d136a6466d5dd8c1fde4765c8": ["24", "cri.sanity.screen.GeneralActivity"]}, {"388efc7d136a6466d5dd8c1fde4765c8": ["24", "cri.sanity.screen.GeneralActivity"]}, {"388efc7d136a6466d5dd8c1fde4765c8": ["24", "cri.sanity.screen.GeneralActivity"]}, {"388efc7d136a6466d5dd8c1fde4765c8": ["24", "cri.sanity.screen.GeneralActivity"]}, {"928cb30c52ed67a3c8dec6e3a5c54f3e": ["35", "cri.sanity.screen.GeneralActivity"]}, {"3b239ebcf3ba6caec9189081f15614b2": ["81", "cri.sanity.screen.ProfileActivity"]}, {"aff64c675b9441a1620bb13218b2cfaa": ["82", "cri.sanity.screen.ProfileActivity"]}, {"3b239ebcf3ba6caec9189081f15614b2": ["81", "cri.sanity.screen.ProfileActivity"]}, {"3f127b5c2311dfe6fa57f798478c6891": ["120", "cri.sanity.screen.GeneralActivity"]}, {"3f127b5c2311dfe6fa57f798478c6891": ["120", "cri.sanity.screen.GeneralActivity"]}, {"3f127b5c2311dfe6fa57f798478c6891": ["120", "cri.sanity.screen.GeneralActivity"]}, {"3f127b5c2311dfe6fa57f798478c6891": ["120", "cri.sanity.screen.GeneralActivity"]}, {"3f127b5c2311dfe6fa57f798478c6891": ["120", "cri.sanity.screen.GeneralActivity"]}, {"388efc7d136a6466d5dd8c1fde4765c8": ["24", "cri.sanity.screen.GeneralActivity"]}, {"388efc7d136a6466d5dd8c1fde4765c8": ["24", "cri.sanity.screen.GeneralActivity"]}, {"388efc7d136a6466d5dd8c1fde4765c8": ["24", "cri.sanity.screen.GeneralActivity"]}, {"388efc7d136a6466d5dd8c1fde4765c8": ["24", "cri.sanity.screen.GeneralActivity"]}, {"388efc7d136a6466d5dd8c1fde4765c8": ["24", "cri.sanity.screen.GeneralActivity"]}, {"732b2215f50bc64c829db86786170a5a": ["25", "cri.sanity.screen.GeneralActivity"]}, {"da0aa84dcba6ccd4f1553638ef4b7a72": ["17", "cri.sanity.screen.BlockerActivity"]}, {"d20c005a1da1ce6c3da3b65f6b0539bf": ["19", "cri.sanity.screen.BlockerActivity"]}, {"da0aa84dcba6ccd4f1553638ef4b7a72": ["17", "cri.sanity.screen.BlockerActivity"]}, {"da0aa84dcba6ccd4f1553638ef4b7a72": ["17", "cri.sanity.screen.BlockerActivity"]}, {"e522a632abaaafb26a0d4ee60a89fbe9": ["122", "cri.sanity.screen.BlockerActivity"]}, {"42a72701a212685c5996462affb4c6ce": ["123", "cri.sanity.screen.BlockerActivity"]}, {"d20c005a1da1ce6c3da3b65f6b0539bf": ["19", "cri.sanity.screen.BlockerActivity"]}, {"da0aa84dcba6ccd4f1553638ef4b7a72": ["17", "cri.sanity.screen.BlockerActivity"]}, {"da0aa84dcba6ccd4f1553638ef4b7a72": ["17", "cri.sanity.screen.BlockerActivity"]}, {"da0aa84dcba6ccd4f1553638ef4b7a72": ["17", "cri.sanity.screen.BlockerActivity"]}, {"da0aa84dcba6ccd4f1553638ef4b7a72": ["17", "cri.sanity.screen.BlockerActivity"]}, {"da0aa84dcba6ccd4f1553638ef4b7a72": ["17", "cri.sanity.screen.BlockerActivity"]}, {"da0aa84dcba6ccd4f1553638ef4b7a72": ["17", "cri.sanity.screen.BlockerActivity"]}, {"de913914d83fa530f8a6de9ece1af01c": ["12", "cri.sanity.screen.UrgentActivity"]}, {"de913914d83fa530f8a6de9ece1af01c": ["12", "cri.sanity.screen.UrgentActivity"]}, {"de913914d83fa530f8a6de9ece1af01c": ["12", "cri.sanity.screen.UrgentActivity"]}, {"de913914d83fa530f8a6de9ece1af01c": ["12", "cri.sanity.screen.UrgentActivity"]}, {"06611908e7aa86566bb67014028377bf": ["15", "cri.sanity.screen.TtsActivity"]}, {"43ca62123a2445098199aab385b8251a": ["32", "cri.sanity.screen.TtsActivity"]}, {"de913914d83fa530f8a6de9ece1af01c": ["12", "cri.sanity.screen.UrgentActivity"]}, {"eb916eb313d4539adcc9a9e0ae1a345a": ["13", "cri.sanity.screen.UrgentActivity"]}, {"388efc7d136a6466d5dd8c1fde4765c8": ["24", "cri.sanity.screen.GeneralActivity"]}, {"732b2215f50bc64c829db86786170a5a": ["25", "cri.sanity.screen.GeneralActivity"]}, {"388efc7d136a6466d5dd8c1fde4765c8": ["24", "cri.sanity.screen.GeneralActivity"]}, {"732b2215f50bc64c829db86786170a5a": ["25", "cri.sanity.screen.GeneralActivity"]}, {"a166177da80e963cba1a1b06f060786e": ["8", "cri.sanity.screen.RecordActivity"]}, {"33d8af6855547d32c29c58c95b26ac68": ["9", "cri.sanity.screen.RecordActivity"]}, {"de913914d83fa530f8a6de9ece1af01c": ["12", "cri.sanity.screen.UrgentActivity"]}, {"de913914d83fa530f8a6de9ece1af01c": ["12", "cri.sanity.screen.UrgentActivity"]}, {"de913914d83fa530f8a6de9ece1af01c": ["12", "cri.sanity.screen.UrgentActivity"]}, {"eb916eb313d4539adcc9a9e0ae1a345a": ["13", "cri.sanity.screen.UrgentActivity"]}, {"de913914d83fa530f8a6de9ece1af01c": ["12", "cri.sanity.screen.UrgentActivity"]}, {"de913914d83fa530f8a6de9ece1af01c": ["12", "cri.sanity.screen.UrgentActivity"]}, {"de913914d83fa530f8a6de9ece1af01c": ["12", "cri.sanity.screen.UrgentActivity"]}, {"eb916eb313d4539adcc9a9e0ae1a345a": ["13", "cri.sanity.screen.UrgentActivity"]}, {"de913914d83fa530f8a6de9ece1af01c": ["12", "cri.sanity.screen.UrgentActivity"]}, {"eb916eb313d4539adcc9a9e0ae1a345a": ["13", "cri.sanity.screen.UrgentActivity"]}, {"de913914d83fa530f8a6de9ece1af01c": ["12", "cri.sanity.screen.UrgentActivity"]}, {"fdbded06ded2995b238e5c80b6013b06": ["23", "cri.sanity.screen.UrgentActivity"]}, {"de913914d83fa530f8a6de9ece1af01c": ["12", "cri.sanity.screen.UrgentActivity"]}, {"fdbded06ded2995b238e5c80b6013b06": ["23", "cri.sanity.screen.UrgentActivity"]}, {"eb916eb313d4539adcc9a9e0ae1a345a": ["13", "cri.sanity.screen.UrgentActivity"]}, {"de913914d83fa530f8a6de9ece1af01c": ["12", "cri.sanity.screen.UrgentActivity"]}, {"700a94b4f192b83f3bf43123998d683c": ["3", "cri.sanity.screen.FilterActivity"]}, {"700a94b4f192b83f3bf43123998d683c": ["3", "cri.sanity.screen.FilterActivity"]}, {"700a94b4f192b83f3bf43123998d683c": ["3", "cri.sanity.screen.FilterActivity"]}, {"388efc7d136a6466d5dd8c1fde4765c8": ["24", "cri.sanity.screen.GeneralActivity"]}, {"388efc7d136a6466d5dd8c1fde4765c8": ["24", "cri.sanity.screen.GeneralActivity"]}, {"aadf3ab0cd1f7ecb04b3b01eb5dcfc73": ["46", "cri.sanity.screen.GeneralActivity"]}, {"aadf3ab0cd1f7ecb04b3b01eb5dcfc73": ["46", "cri.sanity.screen.GeneralActivity"]}, {"aadf3ab0cd1f7ecb04b3b01eb5dcfc73": ["46", "cri.sanity.screen.GeneralActivity"]}, {"848e9b204182b446cafc2b09cfe48967": ["57", "cri.sanity.screen.GeneralActivity"]}, {"a166177da80e963cba1a1b06f060786e": ["8", "cri.sanity.screen.RecordActivity"]}, {"a166177da80e963cba1a1b06f060786e": ["8", "cri.sanity.screen.RecordActivity"]}, {"a166177da80e963cba1a1b06f060786e": ["8", "cri.sanity.screen.RecordActivity"]}, {"388efc7d136a6466d5dd8c1fde4765c8": ["24", "cri.sanity.screen.GeneralActivity"]}, {"388efc7d136a6466d5dd8c1fde4765c8": ["24", "cri.sanity.screen.GeneralActivity"]}, {"3a5d5be756f95fff25e18c57363cc78a": ["79", "cri.sanity.screen.GeneralActivity"]}, {"732b2215f50bc64c829db86786170a5a": ["25", "cri.sanity.screen.GeneralActivity"]}, {"388efc7d136a6466d5dd8c1fde4765c8": ["24", "cri.sanity.screen.GeneralActivity"]}, {"732b2215f50bc64c829db86786170a5a": ["25", "cri.sanity.screen.GeneralActivity"]}, {"a166177da80e963cba1a1b06f060786e": ["8", "cri.sanity.screen.RecordActivity"]}, {"a166177da80e963cba1a1b06f060786e": ["8", "cri.sanity.screen.RecordActivity"]}, {"700a94b4f192b83f3bf43123998d683c": ["3", "cri.sanity.screen.FilterActivity"]}, {"700a94b4f192b83f3bf43123998d683c": ["3", "cri.sanity.screen.FilterActivity"]}, {"700a94b4f192b83f3bf43123998d683c": ["3", "cri.sanity.screen.FilterActivity"]}, {"700a94b4f192b83f3bf43123998d683c": ["3", "cri.sanity.screen.FilterActivity"]}, {"700a94b4f192b83f3bf43123998d683c": ["3", "cri.sanity.screen.FilterActivity"]}, {"700a94b4f192b83f3bf43123998d683c": ["3", "cri.sanity.screen.FilterActivity"]}, {"700a94b4f192b83f3bf43123998d683c": ["3", "cri.sanity.screen.FilterActivity"]}, {"700a94b4f192b83f3bf43123998d683c": ["3", "cri.sanity.screen.FilterActivity"]}, {"de913914d83fa530f8a6de9ece1af01c": ["12", "cri.sanity.screen.UrgentActivity"]}, {"de913914d83fa530f8a6de9ece1af01c": ["12", "cri.sanity.screen.UrgentActivity"]}, {"388efc7d136a6466d5dd8c1fde4765c8": ["24", "cri.sanity.screen.GeneralActivity"]}, {"388efc7d136a6466d5dd8c1fde4765c8": ["24", "cri.sanity.screen.GeneralActivity"]}, {"388efc7d136a6466d5dd8c1fde4765c8": ["24", "cri.sanity.screen.GeneralActivity"]}, {"8a7e8b052e0d1061a8a796f181669b4c": ["124", "cri.sanity.screen.GeneralActivity"]}, {"68ab6fe678ccdc4821da6d080ac24a17": ["38", "cri.sanity.screen.GeneralActivity"]}, {"388efc7d136a6466d5dd8c1fde4765c8": ["24", "cri.sanity.screen.GeneralActivity"]}, {"aadf3ab0cd1f7ecb04b3b01eb5dcfc73": ["46", "cri.sanity.screen.GeneralActivity"]}, {"590580dbeced54ff4a978cf8099751f6": ["37", "cri.sanity.screen.GeneralActivity"]}, {"590580dbeced54ff4a978cf8099751f6": ["37", "cri.sanity.screen.GeneralActivity"]}, {"68ab6fe678ccdc4821da6d080ac24a17": ["38", "cri.sanity.screen.GeneralActivity"]}, {"23094b30f2fce9f51fd3f397fac24d2a": ["39", "cri.sanity.screen.GeneralActivity"]}, {"23094b30f2fce9f51fd3f397fac24d2a": ["39", "cri.sanity.screen.GeneralActivity"]}, {"388efc7d136a6466d5dd8c1fde4765c8": ["24", "cri.sanity.screen.GeneralActivity"]}, {"732b2215f50bc64c829db86786170a5a": ["25", "cri.sanity.screen.GeneralActivity"]}, {"388efc7d136a6466d5dd8c1fde4765c8": ["24", "cri.sanity.screen.GeneralActivity"]}, {"a166177da80e963cba1a1b06f060786e": ["8", "cri.sanity.screen.RecordActivity"]}, {"a166177da80e963cba1a1b06f060786e": ["8", "cri.sanity.screen.RecordActivity"]}, {"a166177da80e963cba1a1b06f060786e": ["8", "cri.sanity.screen.RecordActivity"]}, {"a166177da80e963cba1a1b06f060786e": ["8", "cri.sanity.screen.RecordActivity"]}, {"4d3281f445c6366a6c3e08a1a9c105e6": ["125", "cri.sanity.screen.RecordActivity"]}, {"e60cf416033b01142df10da0b5be6b1c": ["29", "cri.sanity.screen.RecordActivity"]}, {"388efc7d136a6466d5dd8c1fde4765c8": ["24", "cri.sanity.screen.GeneralActivity"]}, {"388efc7d136a6466d5dd8c1fde4765c8": ["24", "cri.sanity.screen.GeneralActivity"]}, {"388efc7d136a6466d5dd8c1fde4765c8": ["24", "cri.sanity.screen.GeneralActivity"]}, {"732b2215f50bc64c829db86786170a5a": ["25", "cri.sanity.screen.GeneralActivity"]}, {"388efc7d136a6466d5dd8c1fde4765c8": ["24", "cri.sanity.screen.GeneralActivity"]}, {"388efc7d136a6466d5dd8c1fde4765c8": ["24", "cri.sanity.screen.GeneralActivity"]}, {"de913914d83fa530f8a6de9ece1af01c": ["12", "cri.sanity.screen.UrgentActivity"]}, {"eb916eb313d4539adcc9a9e0ae1a345a": ["13", "cri.sanity.screen.UrgentActivity"]}, {"de913914d83fa530f8a6de9ece1af01c": ["12", "cri.sanity.screen.UrgentActivity"]}, {"388efc7d136a6466d5dd8c1fde4765c8": ["24", "cri.sanity.screen.GeneralActivity"]}, {"928cb30c52ed67a3c8dec6e3a5c54f3e": ["35", "cri.sanity.screen.GeneralActivity"]}, {"928cb30c52ed67a3c8dec6e3a5c54f3e": ["35", "cri.sanity.screen.GeneralActivity"]}, {"928cb30c52ed67a3c8dec6e3a5c54f3e": ["35", "cri.sanity.screen.GeneralActivity"]}, {"928cb30c52ed67a3c8dec6e3a5c54f3e": ["35", "cri.sanity.screen.GeneralActivity"]}, {"aecc991487da30026e0dac7a9a1aac55": ["77", "cri.sanity.screen.GeneralActivity"]}, {"f9942b6b533b2cc6563cf07e84a12d36": ["40", "cri.sanity.screen.GeneralActivity"]}, {"61bf409ec946a5b20e04378e0652de5d": ["51", "cri.sanity.screen.GeneralActivity"]}, {"46848808cf10c0938cbf3737873c6b57": ["126", "cri.sanity.MainActivity"]}, {"848e9b204182b446cafc2b09cfe48967": ["57", "cri.sanity.screen.GeneralActivity"]}, {"3b239ebcf3ba6caec9189081f15614b2": ["81", "cri.sanity.screen.ProfileActivity"]}, {"3b239ebcf3ba6caec9189081f15614b2": ["81", "cri.sanity.screen.ProfileActivity"]}, {"3b239ebcf3ba6caec9189081f15614b2": ["81", "cri.sanity.screen.ProfileActivity"]}, {"aff64c675b9441a1620bb13218b2cfaa": ["82", "cri.sanity.screen.ProfileActivity"]}, {"3b239ebcf3ba6caec9189081f15614b2": ["81", "cri.sanity.screen.ProfileActivity"]}, {"3b239ebcf3ba6caec9189081f15614b2": ["81", "cri.sanity.screen.ProfileActivity"]}, {"3b239ebcf3ba6caec9189081f15614b2": ["81", "cri.sanity.screen.ProfileActivity"]}, {"aff64c675b9441a1620bb13218b2cfaa": ["82", "cri.sanity.screen.ProfileActivity"]}, {"3b239ebcf3ba6caec9189081f15614b2": ["81", "cri.sanity.screen.ProfileActivity"]}, {"3b239ebcf3ba6caec9189081f15614b2": ["81", "cri.sanity.screen.ProfileActivity"]}, {"3b239ebcf3ba6caec9189081f15614b2": ["81", "cri.sanity.screen.ProfileActivity"]}, {"3b239ebcf3ba6caec9189081f15614b2": ["81", "cri.sanity.screen.ProfileActivity"]}, {"aff64c675b9441a1620bb13218b2cfaa": ["82", "cri.sanity.screen.ProfileActivity"]}, {"3b239ebcf3ba6caec9189081f15614b2": ["81", "cri.sanity.screen.ProfileActivity"]}, {"3b239ebcf3ba6caec9189081f15614b2": ["81", "cri.sanity.screen.ProfileActivity"]}, {"3b239ebcf3ba6caec9189081f15614b2": ["81", "cri.sanity.screen.ProfileActivity"]}, {"3b239ebcf3ba6caec9189081f15614b2": ["81", "cri.sanity.screen.ProfileActivity"]}, {"aff64c675b9441a1620bb13218b2cfaa": ["82", "cri.sanity.screen.ProfileActivity"]}, {"3b239ebcf3ba6caec9189081f15614b2": ["81", "cri.sanity.screen.ProfileActivity"]}, {"3b239ebcf3ba6caec9189081f15614b2": ["81", "cri.sanity.screen.ProfileActivity"]}, {"aff64c675b9441a1620bb13218b2cfaa": ["82", "cri.sanity.screen.ProfileActivity"]}, {"3b239ebcf3ba6caec9189081f15614b2": ["81", "cri.sanity.screen.ProfileActivity"]}, {"388efc7d136a6466d5dd8c1fde4765c8": ["24", "cri.sanity.screen.GeneralActivity"]}, {"388efc7d136a6466d5dd8c1fde4765c8": ["24", "cri.sanity.screen.GeneralActivity"]}, {"732b2215f50bc64c829db86786170a5a": ["25", "cri.sanity.screen.GeneralActivity"]}, {"388efc7d136a6466d5dd8c1fde4765c8": ["24", "cri.sanity.screen.GeneralActivity"]}, {"388efc7d136a6466d5dd8c1fde4765c8": ["24", "cri.sanity.screen.GeneralActivity"]}, {"388efc7d136a6466d5dd8c1fde4765c8": ["24", "cri.sanity.screen.GeneralActivity"]}, {"388efc7d136a6466d5dd8c1fde4765c8": ["24", "cri.sanity.screen.GeneralActivity"]}, {"732b2215f50bc64c829db86786170a5a": ["25", "cri.sanity.screen.GeneralActivity"]}, {"46848808cf10c0938cbf3737873c6b57": ["126", "cri.sanity.MainActivity"]}, {"2985b6f51ce15d3a9b7a53776c23c068": ["2", "cri.sanity.screen.AnswerActivity"]}, {"2985b6f51ce15d3a9b7a53776c23c068": ["2", "cri.sanity.screen.AnswerActivity"]}, {"2985b6f51ce15d3a9b7a53776c23c068": ["2", "cri.sanity.screen.AnswerActivity"]}, {"6de4417d0069472fdd7d2d4d3bec15f5": ["22", "cri.sanity.screen.AnswerActivity"]}, {"2985b6f51ce15d3a9b7a53776c23c068": ["2", "cri.sanity.screen.AnswerActivity"]}, {"2985b6f51ce15d3a9b7a53776c23c068": ["2", "cri.sanity.screen.AnswerActivity"]}, {"18fed440f9661cb5d162a542680888a4": ["70", "cri.sanity.screen.AnswerActivity"]}, {"90fec60ee42deacf555566219ede9e6f": ["71", "cri.sanity.screen.AnswerActivity"]}, {"6de4417d0069472fdd7d2d4d3bec15f5": ["22", "cri.sanity.screen.AnswerActivity"]}, {"2985b6f51ce15d3a9b7a53776c23c068": ["2", "cri.sanity.screen.AnswerActivity"]}, {"2985b6f51ce15d3a9b7a53776c23c068": ["2", "cri.sanity.screen.AnswerActivity"]}, {"2985b6f51ce15d3a9b7a53776c23c068": ["2", "cri.sanity.screen.AnswerActivity"]}, {"2985b6f51ce15d3a9b7a53776c23c068": ["2", "cri.sanity.screen.AnswerActivity"]}, {"2985b6f51ce15d3a9b7a53776c23c068": ["2", "cri.sanity.screen.AnswerActivity"]}, {"2985b6f51ce15d3a9b7a53776c23c068": ["2", "cri.sanity.screen.AnswerActivity"]}, {"06611908e7aa86566bb67014028377bf": ["15", "cri.sanity.screen.TtsActivity"]}, {"06611908e7aa86566bb67014028377bf": ["15", "cri.sanity.screen.TtsActivity"]}, {"06611908e7aa86566bb67014028377bf": ["15", "cri.sanity.screen.TtsActivity"]}, {"de913914d83fa530f8a6de9ece1af01c": ["12", "cri.sanity.screen.UrgentActivity"]}, {"928cb30c52ed67a3c8dec6e3a5c54f3e": ["35", "cri.sanity.screen.GeneralActivity"]}, {"928cb30c52ed67a3c8dec6e3a5c54f3e": ["35", "cri.sanity.screen.GeneralActivity"]}, {"928cb30c52ed67a3c8dec6e3a5c54f3e": ["35", "cri.sanity.screen.GeneralActivity"]}, {"3b239ebcf3ba6caec9189081f15614b2": ["81", "cri.sanity.screen.ProfileActivity"]}, {"3b239ebcf3ba6caec9189081f15614b2": ["81", "cri.sanity.screen.ProfileActivity"]}, {"aff64c675b9441a1620bb13218b2cfaa": ["82", "cri.sanity.screen.ProfileActivity"]}, {"3b239ebcf3ba6caec9189081f15614b2": ["81", "cri.sanity.screen.ProfileActivity"]}, {"aff64c675b9441a1620bb13218b2cfaa": ["82", "cri.sanity.screen.ProfileActivity"]}, {"3b239ebcf3ba6caec9189081f15614b2": ["81", "cri.sanity.screen.ProfileActivity"]}, {"aff64c675b9441a1620bb13218b2cfaa": ["82", "cri.sanity.screen.ProfileActivity"]}, {"ae4921393d54553b5229e610e5f94869": ["87", "cri.sanity.screen.ProfileActivity"]}, {"239c8a004717513195387aac61b19650": ["127", "cri.sanity.screen.ProfileActivity"]}, {"239c8a004717513195387aac61b19650": ["127", "cri.sanity.screen.ProfileActivity"]}, {"239c8a004717513195387aac61b19650": ["127", "cri.sanity.screen.ProfileActivity"]}, {"239c8a004717513195387aac61b19650": ["127", "cri.sanity.screen.ProfileActivity"]}, {"239c8a004717513195387aac61b19650": ["127", "cri.sanity.screen.ProfileActivity"]}, {"aff64c675b9441a1620bb13218b2cfaa": ["82", "cri.sanity.screen.ProfileActivity"]}, {"239c8a004717513195387aac61b19650": ["127", "cri.sanity.screen.ProfileActivity"]}, {"239c8a004717513195387aac61b19650": ["127", "cri.sanity.screen.ProfileActivity"]}, {"239c8a004717513195387aac61b19650": ["127", "cri.sanity.screen.ProfileActivity"]}, {"aff64c675b9441a1620bb13218b2cfaa": ["82", "cri.sanity.screen.ProfileActivity"]}, {"239c8a004717513195387aac61b19650": ["127", "cri.sanity.screen.ProfileActivity"]}, {"aff64c675b9441a1620bb13218b2cfaa": ["82", "cri.sanity.screen.ProfileActivity"]}, {"239c8a004717513195387aac61b19650": ["127", "cri.sanity.screen.ProfileActivity"]}, {"239c8a004717513195387aac61b19650": ["127", "cri.sanity.screen.ProfileActivity"]}, {"aff64c675b9441a1620bb13218b2cfaa": ["82", "cri.sanity.screen.ProfileActivity"]}, {"239c8a004717513195387aac61b19650": ["127", "cri.sanity.screen.ProfileActivity"]}, {"239c8a004717513195387aac61b19650": ["127", "cri.sanity.screen.ProfileActivity"]}, {"8bfd926c22f036f66b6f7d501f266146": ["128", "cri.sanity.screen.ProfileActivity"]}, {"239c8a004717513195387aac61b19650": ["127", "cri.sanity.screen.ProfileActivity"]}, {"239c8a004717513195387aac61b19650": ["127", "cri.sanity.screen.ProfileActivity"]}, {"aff64c675b9441a1620bb13218b2cfaa": ["82", "cri.sanity.screen.ProfileActivity"]}, {"8bfd926c22f036f66b6f7d501f266146": ["128", "cri.sanity.screen.ProfileActivity"]}, {"239c8a004717513195387aac61b19650": ["127", "cri.sanity.screen.ProfileActivity"]}, {"239c8a004717513195387aac61b19650": ["127", "cri.sanity.screen.ProfileActivity"]}, {"239c8a004717513195387aac61b19650": ["127", "cri.sanity.screen.ProfileActivity"]}, {"239c8a004717513195387aac61b19650": ["127", "cri.sanity.screen.ProfileActivity"]}, {"aff64c675b9441a1620bb13218b2cfaa": ["82", "cri.sanity.screen.ProfileActivity"]}, {"239c8a004717513195387aac61b19650": ["127", "cri.sanity.screen.ProfileActivity"]}, {"239c8a004717513195387aac61b19650": ["127", "cri.sanity.screen.ProfileActivity"]}, {"239c8a004717513195387aac61b19650": ["127", "cri.sanity.screen.ProfileActivity"]}, {"239c8a004717513195387aac61b19650": ["127", "cri.sanity.screen.ProfileActivity"]}, {"239c8a004717513195387aac61b19650": ["127", "cri.sanity.screen.ProfileActivity"]}, {"aff64c675b9441a1620bb13218b2cfaa": ["82", "cri.sanity.screen.ProfileActivity"]}, {"239c8a004717513195387aac61b19650": ["127", "cri.sanity.screen.ProfileActivity"]}, {"aff64c675b9441a1620bb13218b2cfaa": ["82", "cri.sanity.screen.ProfileActivity"]}, {"8bfd926c22f036f66b6f7d501f266146": ["128", "cri.sanity.screen.ProfileActivity"]}, {"239c8a004717513195387aac61b19650": ["127", "cri.sanity.screen.ProfileActivity"]}, {"388efc7d136a6466d5dd8c1fde4765c8": ["24", "cri.sanity.screen.GeneralActivity"]}, {"388efc7d136a6466d5dd8c1fde4765c8": ["24", "cri.sanity.screen.GeneralActivity"]}, {"388efc7d136a6466d5dd8c1fde4765c8": ["24", "cri.sanity.screen.GeneralActivity"]}, {"46848808cf10c0938cbf3737873c6b57": ["126", "cri.sanity.MainActivity"]}, {"de913914d83fa530f8a6de9ece1af01c": ["12", "cri.sanity.screen.UrgentActivity"]}, {"388efc7d136a6466d5dd8c1fde4765c8": ["24", "cri.sanity.screen.GeneralActivity"]}, {"388efc7d136a6466d5dd8c1fde4765c8": ["24", "cri.sanity.screen.GeneralActivity"]}, {"388efc7d136a6466d5dd8c1fde4765c8": ["24", "cri.sanity.screen.GeneralActivity"]}, {"388efc7d136a6466d5dd8c1fde4765c8": ["24", "cri.sanity.screen.GeneralActivity"]}, {"aadf3ab0cd1f7ecb04b3b01eb5dcfc73": ["46", "cri.sanity.screen.GeneralActivity"]}, {"590580dbeced54ff4a978cf8099751f6": ["37", "cri.sanity.screen.GeneralActivity"]}, {"68ab6fe678ccdc4821da6d080ac24a17": ["38", "cri.sanity.screen.GeneralActivity"]}, {"928cb30c52ed67a3c8dec6e3a5c54f3e": ["35", "cri.sanity.screen.GeneralActivity"]}, {"928cb30c52ed67a3c8dec6e3a5c54f3e": ["35", "cri.sanity.screen.GeneralActivity"]}, {"928cb30c52ed67a3c8dec6e3a5c54f3e": ["35", "cri.sanity.screen.GeneralActivity"]}, {"23094b30f2fce9f51fd3f397fac24d2a": ["39", "cri.sanity.screen.GeneralActivity"]}, {"68ab6fe678ccdc4821da6d080ac24a17": ["38", "cri.sanity.screen.GeneralActivity"]}, {"23094b30f2fce9f51fd3f397fac24d2a": ["39", "cri.sanity.screen.GeneralActivity"]}, {"23094b30f2fce9f51fd3f397fac24d2a": ["39", "cri.sanity.screen.GeneralActivity"]}, {"68ab6fe678ccdc4821da6d080ac24a17": ["38", "cri.sanity.screen.GeneralActivity"]}, {"06455e957f2e0a9abb8f25593d8841d1": ["75", "cri.sanity.screen.GeneralActivity"]}, {"06455e957f2e0a9abb8f25593d8841d1": ["75", "cri.sanity.screen.GeneralActivity"]}, {"06455e957f2e0a9abb8f25593d8841d1": ["75", "cri.sanity.screen.GeneralActivity"]}, {"a166177da80e963cba1a1b06f060786e": ["8", "cri.sanity.screen.RecordActivity"]}, {"a166177da80e963cba1a1b06f060786e": ["8", "cri.sanity.screen.RecordActivity"]}, {"388efc7d136a6466d5dd8c1fde4765c8": ["24", "cri.sanity.screen.GeneralActivity"]}, {"388efc7d136a6466d5dd8c1fde4765c8": ["24", "cri.sanity.screen.GeneralActivity"]}, {"388efc7d136a6466d5dd8c1fde4765c8": ["24", "cri.sanity.screen.GeneralActivity"]}, {"732b2215f50bc64c829db86786170a5a": ["25", "cri.sanity.screen.GeneralActivity"]}, {"388efc7d136a6466d5dd8c1fde4765c8": ["24", "cri.sanity.screen.GeneralActivity"]}, {"388efc7d136a6466d5dd8c1fde4765c8": ["24", "cri.sanity.screen.GeneralActivity"]}, {"de913914d83fa530f8a6de9ece1af01c": ["12", "cri.sanity.screen.UrgentActivity"]}, {"eb916eb313d4539adcc9a9e0ae1a345a": ["13", "cri.sanity.screen.UrgentActivity"]}, {"de913914d83fa530f8a6de9ece1af01c": ["12", "cri.sanity.screen.UrgentActivity"]}, {"388efc7d136a6466d5dd8c1fde4765c8": ["24", "cri.sanity.screen.GeneralActivity"]}, {"388efc7d136a6466d5dd8c1fde4765c8": ["24", "cri.sanity.screen.GeneralActivity"]}, {"388efc7d136a6466d5dd8c1fde4765c8": ["24", "cri.sanity.screen.GeneralActivity"]}, {"388efc7d136a6466d5dd8c1fde4765c8": ["24", "cri.sanity.screen.GeneralActivity"]}, {"388efc7d136a6466d5dd8c1fde4765c8": ["24", "cri.sanity.screen.GeneralActivity"]}, {"732b2215f50bc64c829db86786170a5a": ["25", "cri.sanity.screen.GeneralActivity"]}, {"388efc7d136a6466d5dd8c1fde4765c8": ["24", "cri.sanity.screen.GeneralActivity"]}, {"732b2215f50bc64c829db86786170a5a": ["25", "cri.sanity.screen.GeneralActivity"]}, {"388efc7d136a6466d5dd8c1fde4765c8": ["24", "cri.sanity.screen.GeneralActivity"]}, {"388efc7d136a6466d5dd8c1fde4765c8": ["24", "cri.sanity.screen.GeneralActivity"]}, {"3f127b5c2311dfe6fa57f798478c6891": ["120", "cri.sanity.screen.GeneralActivity"]}, {"68ab6fe678ccdc4821da6d080ac24a17": ["38", "cri.sanity.screen.GeneralActivity"]}, {"388efc7d136a6466d5dd8c1fde4765c8": ["24", "cri.sanity.screen.GeneralActivity"]}, {"388efc7d136a6466d5dd8c1fde4765c8": ["24", "cri.sanity.screen.GeneralActivity"]}, {"f9942b6b533b2cc6563cf07e84a12d36": ["40", "cri.sanity.screen.GeneralActivity"]}, {"61bf409ec946a5b20e04378e0652de5d": ["51", "cri.sanity.screen.GeneralActivity"]}, {"46848808cf10c0938cbf3737873c6b57": ["126", "cri.sanity.MainActivity"]}, {"46848808cf10c0938cbf3737873c6b57": ["126", "cri.sanity.MainActivity"]}, {"388efc7d136a6466d5dd8c1fde4765c8": ["24", "cri.sanity.screen.GeneralActivity"]}, {"848e9b204182b446cafc2b09cfe48967": ["57", "cri.sanity.screen.GeneralActivity"]}, {"239c8a004717513195387aac61b19650": ["127", "cri.sanity.screen.ProfileActivity"]}, {"239c8a004717513195387aac61b19650": ["127", "cri.sanity.screen.ProfileActivity"]}, {"239c8a004717513195387aac61b19650": ["127", "cri.sanity.screen.ProfileActivity"]}, {"aff64c675b9441a1620bb13218b2cfaa": ["82", "cri.sanity.screen.ProfileActivity"]}, {"239c8a004717513195387aac61b19650": ["127", "cri.sanity.screen.ProfileActivity"]}, {"239c8a004717513195387aac61b19650": ["127", "cri.sanity.screen.ProfileActivity"]}, {"239c8a004717513195387aac61b19650": ["127", "cri.sanity.screen.ProfileActivity"]}, {"aff64c675b9441a1620bb13218b2cfaa": ["82", "cri.sanity.screen.ProfileActivity"]}, {"239c8a004717513195387aac61b19650": ["127", "cri.sanity.screen.ProfileActivity"]}, {"239c8a004717513195387aac61b19650": ["127", "cri.sanity.screen.ProfileActivity"]}, {"239c8a004717513195387aac61b19650": ["127", "cri.sanity.screen.ProfileActivity"]}, {"239c8a004717513195387aac61b19650": ["127", "cri.sanity.screen.ProfileActivity"]}, {"239c8a004717513195387aac61b19650": ["127", "cri.sanity.screen.ProfileActivity"]}, {"239c8a004717513195387aac61b19650": ["127", "cri.sanity.screen.ProfileActivity"]}, {"aff64c675b9441a1620bb13218b2cfaa": ["82", "cri.sanity.screen.ProfileActivity"]}, {"239c8a004717513195387aac61b19650": ["127", "cri.sanity.screen.ProfileActivity"]}, {"239c8a004717513195387aac61b19650": ["127", "cri.sanity.screen.ProfileActivity"]}, {"239c8a004717513195387aac61b19650": ["127", "cri.sanity.screen.ProfileActivity"]}, {"239c8a004717513195387aac61b19650": ["127", "cri.sanity.screen.ProfileActivity"]}, {"239c8a004717513195387aac61b19650": ["127", "cri.sanity.screen.ProfileActivity"]}, {"239c8a004717513195387aac61b19650": ["127", "cri.sanity.screen.ProfileActivity"]}, {"239c8a004717513195387aac61b19650": ["127", "cri.sanity.screen.ProfileActivity"]}, {"aff64c675b9441a1620bb13218b2cfaa": ["82", "cri.sanity.screen.ProfileActivity"]}, {"239c8a004717513195387aac61b19650": ["127", "cri.sanity.screen.ProfileActivity"]}, {"239c8a004717513195387aac61b19650": ["127", "cri.sanity.screen.ProfileActivity"]}, {"239c8a004717513195387aac61b19650": ["127", "cri.sanity.screen.ProfileActivity"]}, {"aff64c675b9441a1620bb13218b2cfaa": ["82", "cri.sanity.screen.ProfileActivity"]}, {"239c8a004717513195387aac61b19650": ["127", "cri.sanity.screen.ProfileActivity"]}, {"239c8a004717513195387aac61b19650": ["127", "cri.sanity.screen.ProfileActivity"]}, {"239c8a004717513195387aac61b19650": ["127", "cri.sanity.screen.ProfileActivity"]}, {"239c8a004717513195387aac61b19650": ["127", "cri.sanity.screen.ProfileActivity"]}, {"aff64c675b9441a1620bb13218b2cfaa": ["82", "cri.sanity.screen.ProfileActivity"]}, {"239c8a004717513195387aac61b19650": ["127", "cri.sanity.screen.ProfileActivity"]}, {"239c8a004717513195387aac61b19650": ["127", "cri.sanity.screen.ProfileActivity"]}, {"239c8a004717513195387aac61b19650": ["127", "cri.sanity.screen.ProfileActivity"]}, {"aff64c675b9441a1620bb13218b2cfaa": ["82", "cri.sanity.screen.ProfileActivity"]}, {"239c8a004717513195387aac61b19650": ["127", "cri.sanity.screen.ProfileActivity"]}, {"239c8a004717513195387aac61b19650": ["127", "cri.sanity.screen.ProfileActivity"]}, {"239c8a004717513195387aac61b19650": ["127", "cri.sanity.screen.ProfileActivity"]}, {"239c8a004717513195387aac61b19650": ["127", "cri.sanity.screen.ProfileActivity"]}, {"aff64c675b9441a1620bb13218b2cfaa": ["82", "cri.sanity.screen.ProfileActivity"]}, {"239c8a004717513195387aac61b19650": ["127", "cri.sanity.screen.ProfileActivity"]}, {"239c8a004717513195387aac61b19650": ["127", "cri.sanity.screen.ProfileActivity"]}, {"816203b9aba8d7b25cc94a760d258649": ["85", "cri.sanity.screen.ProfileActivity"]}, {"a2cf32b6deb164c6715cb09578770c31": ["86", "cri.sanity.screen.ProfileActivity"]}, {"aff64c675b9441a1620bb13218b2cfaa": ["82", "cri.sanity.screen.ProfileActivity"]}, {"239c8a004717513195387aac61b19650": ["127", "cri.sanity.screen.ProfileActivity"]}, {"239c8a004717513195387aac61b19650": ["127", "cri.sanity.screen.ProfileActivity"]}, {"239c8a004717513195387aac61b19650": ["127", "cri.sanity.screen.ProfileActivity"]}, {"239c8a004717513195387aac61b19650": ["127", "cri.sanity.screen.ProfileActivity"]}, {"239c8a004717513195387aac61b19650": ["127", "cri.sanity.screen.ProfileActivity"]}, {"239c8a004717513195387aac61b19650": ["127", "cri.sanity.screen.ProfileActivity"]}, {"239c8a004717513195387aac61b19650": ["127", "cri.sanity.screen.ProfileActivity"]}, {"aff64c675b9441a1620bb13218b2cfaa": ["82", "cri.sanity.screen.ProfileActivity"]}, {"239c8a004717513195387aac61b19650": ["127", "cri.sanity.screen.ProfileActivity"]}, {"239c8a004717513195387aac61b19650": ["127", "cri.sanity.screen.ProfileActivity"]}, {"239c8a004717513195387aac61b19650": ["127", "cri.sanity.screen.ProfileActivity"]}, {"239c8a004717513195387aac61b19650": ["127", "cri.sanity.screen.ProfileActivity"]}, {"239c8a004717513195387aac61b19650": ["127", "cri.sanity.screen.ProfileActivity"]}, {"239c8a004717513195387aac61b19650": ["127", "cri.sanity.screen.ProfileActivity"]}, {"239c8a004717513195387aac61b19650": ["127", "cri.sanity.screen.ProfileActivity"]}, {"239c8a004717513195387aac61b19650": ["127", "cri.sanity.screen.ProfileActivity"]}, {"848e9b204182b446cafc2b09cfe48967": ["57", "cri.sanity.screen.GeneralActivity"]}, {"848e9b204182b446cafc2b09cfe48967": ["57", "cri.sanity.screen.GeneralActivity"]}, {"68ab6fe678ccdc4821da6d080ac24a17": ["38", "cri.sanity.screen.GeneralActivity"]}, {"928cb30c52ed67a3c8dec6e3a5c54f3e": ["35", "cri.sanity.screen.GeneralActivity"]}, {"928cb30c52ed67a3c8dec6e3a5c54f3e": ["35", "cri.sanity.screen.GeneralActivity"]}, {"68ab6fe678ccdc4821da6d080ac24a17": ["38", "cri.sanity.screen.GeneralActivity"]}, {"928cb30c52ed67a3c8dec6e3a5c54f3e": ["35", "cri.sanity.screen.GeneralActivity"]}, {"68ab6fe678ccdc4821da6d080ac24a17": ["38", "cri.sanity.screen.GeneralActivity"]}, {"0539fb7687df4168c9a2f03770a51470": ["68", "cri.sanity.screen.GeneralActivity"]}, {"0539fb7687df4168c9a2f03770a51470": ["68", "cri.sanity.screen.GeneralActivity"]}, {"a166177da80e963cba1a1b06f060786e": ["8", "cri.sanity.screen.RecordActivity"]}, {"33d8af6855547d32c29c58c95b26ac68": ["9", "cri.sanity.screen.RecordActivity"]}, {"de913914d83fa530f8a6de9ece1af01c": ["12", "cri.sanity.screen.UrgentActivity"]}, {"de913914d83fa530f8a6de9ece1af01c": ["12", "cri.sanity.screen.UrgentActivity"]}, {"de913914d83fa530f8a6de9ece1af01c": ["12", "cri.sanity.screen.UrgentActivity"]}, {"eb916eb313d4539adcc9a9e0ae1a345a": ["13", "cri.sanity.screen.UrgentActivity"]}, {"de913914d83fa530f8a6de9ece1af01c": ["12", "cri.sanity.screen.UrgentActivity"]}, {"de913914d83fa530f8a6de9ece1af01c": ["12", "cri.sanity.screen.UrgentActivity"]}, {"de913914d83fa530f8a6de9ece1af01c": ["12", "cri.sanity.screen.UrgentActivity"]}, {"eb916eb313d4539adcc9a9e0ae1a345a": ["13", "cri.sanity.screen.UrgentActivity"]}, {"de913914d83fa530f8a6de9ece1af01c": ["12", "cri.sanity.screen.UrgentActivity"]}, {"eb916eb313d4539adcc9a9e0ae1a345a": ["13", "cri.sanity.screen.UrgentActivity"]}, {"de913914d83fa530f8a6de9ece1af01c": ["12", "cri.sanity.screen.UrgentActivity"]}, {"fdbded06ded2995b238e5c80b6013b06": ["23", "cri.sanity.screen.UrgentActivity"]}, {"de913914d83fa530f8a6de9ece1af01c": ["12", "cri.sanity.screen.UrgentActivity"]}, {"fdbded06ded2995b238e5c80b6013b06": ["23", "cri.sanity.screen.UrgentActivity"]}, {"eb916eb313d4539adcc9a9e0ae1a345a": ["13", "cri.sanity.screen.UrgentActivity"]}, {"de913914d83fa530f8a6de9ece1af01c": ["12", "cri.sanity.screen.UrgentActivity"]}, {"700a94b4f192b83f3bf43123998d683c": ["3", "cri.sanity.screen.FilterActivity"]}, {"a1fe68a29155e614a044e6bfefc7b189": ["4", "cri.sanity.screen.FilterActivity"]}, {"a1fe68a29155e614a044e6bfefc7b189": ["4", "cri.sanity.screen.FilterActivity"]}, {"d43fa71324dd8debc54283f7c546d354": ["36", "cri.sanity.screen.FilterActivity"]}, {"388efc7d136a6466d5dd8c1fde4765c8": ["24", "cri.sanity.screen.GeneralActivity"]}, {"388efc7d136a6466d5dd8c1fde4765c8": ["24", "cri.sanity.screen.GeneralActivity"]}, {"aadf3ab0cd1f7ecb04b3b01eb5dcfc73": ["46", "cri.sanity.screen.GeneralActivity"]}, {"aadf3ab0cd1f7ecb04b3b01eb5dcfc73": ["46", "cri.sanity.screen.GeneralActivity"]}, {"aadf3ab0cd1f7ecb04b3b01eb5dcfc73": ["46", "cri.sanity.screen.GeneralActivity"]}, {"388efc7d136a6466d5dd8c1fde4765c8": ["24", "cri.sanity.screen.GeneralActivity"]}, {"590580dbeced54ff4a978cf8099751f6": ["37", "cri.sanity.screen.GeneralActivity"]}, {"06611908e7aa86566bb67014028377bf": ["15", "cri.sanity.screen.TtsActivity"]}, {"06611908e7aa86566bb67014028377bf": ["15", "cri.sanity.screen.TtsActivity"]}, {"388efc7d136a6466d5dd8c1fde4765c8": ["24", "cri.sanity.screen.GeneralActivity"]}, {"388efc7d136a6466d5dd8c1fde4765c8": ["24", "cri.sanity.screen.GeneralActivity"]}, {"388efc7d136a6466d5dd8c1fde4765c8": ["24", "cri.sanity.screen.GeneralActivity"]}, {"388efc7d136a6466d5dd8c1fde4765c8": ["24", "cri.sanity.screen.GeneralActivity"]}, {"388efc7d136a6466d5dd8c1fde4765c8": ["24", "cri.sanity.screen.GeneralActivity"]}, {"388efc7d136a6466d5dd8c1fde4765c8": ["24", "cri.sanity.screen.GeneralActivity"]}, {"388efc7d136a6466d5dd8c1fde4765c8": ["24", "cri.sanity.screen.GeneralActivity"]}, {"388efc7d136a6466d5dd8c1fde4765c8": ["24", "cri.sanity.screen.GeneralActivity"]}, {"aadf3ab0cd1f7ecb04b3b01eb5dcfc73": ["46", "cri.sanity.screen.GeneralActivity"]}, {"aadf3ab0cd1f7ecb04b3b01eb5dcfc73": ["46", "cri.sanity.screen.GeneralActivity"]}, {"732b2215f50bc64c829db86786170a5a": ["25", "cri.sanity.screen.GeneralActivity"]}, {"388efc7d136a6466d5dd8c1fde4765c8": ["24", "cri.sanity.screen.GeneralActivity"]}, {"388efc7d136a6466d5dd8c1fde4765c8": ["24", "cri.sanity.screen.GeneralActivity"]}, {"732b2215f50bc64c829db86786170a5a": ["25", "cri.sanity.screen.GeneralActivity"]}, {"388efc7d136a6466d5dd8c1fde4765c8": ["24", "cri.sanity.screen.GeneralActivity"]}, {"a166177da80e963cba1a1b06f060786e": ["8", "cri.sanity.screen.RecordActivity"]}, {"a166177da80e963cba1a1b06f060786e": ["8", "cri.sanity.screen.RecordActivity"]}, {"de913914d83fa530f8a6de9ece1af01c": ["12", "cri.sanity.screen.UrgentActivity"]}, {"de913914d83fa530f8a6de9ece1af01c": ["12", "cri.sanity.screen.UrgentActivity"]}, {"de913914d83fa530f8a6de9ece1af01c": ["12", "cri.sanity.screen.UrgentActivity"]}, {"de913914d83fa530f8a6de9ece1af01c": ["12", "cri.sanity.screen.UrgentActivity"]}, {"9b7703da029ea890b87ea2ad070ff468": ["1", "cri.sanity.MainActivity"]}, {"9b7703da029ea890b87ea2ad070ff468": ["1", "cri.sanity.MainActivity"]}, {"a166177da80e963cba1a1b06f060786e": ["8", "cri.sanity.screen.RecordActivity"]}, {"388efc7d136a6466d5dd8c1fde4765c8": ["24", "cri.sanity.screen.GeneralActivity"]}, {"388efc7d136a6466d5dd8c1fde4765c8": ["24", "cri.sanity.screen.GeneralActivity"]}, {"388efc7d136a6466d5dd8c1fde4765c8": ["24", "cri.sanity.screen.GeneralActivity"]}, {"388efc7d136a6466d5dd8c1fde4765c8": ["24", "cri.sanity.screen.GeneralActivity"]}, {"388efc7d136a6466d5dd8c1fde4765c8": ["24", "cri.sanity.screen.GeneralActivity"]}, {"928cb30c52ed67a3c8dec6e3a5c54f3e": ["35", "cri.sanity.screen.GeneralActivity"]}, {"68ab6fe678ccdc4821da6d080ac24a17": ["38", "cri.sanity.screen.GeneralActivity"]}, {"388efc7d136a6466d5dd8c1fde4765c8": ["24", "cri.sanity.screen.GeneralActivity"]}, {"928cb30c52ed67a3c8dec6e3a5c54f3e": ["35", "cri.sanity.screen.GeneralActivity"]}, {"928cb30c52ed67a3c8dec6e3a5c54f3e": ["35", "cri.sanity.screen.GeneralActivity"]}, {"928cb30c52ed67a3c8dec6e3a5c54f3e": ["35", "cri.sanity.screen.GeneralActivity"]}, {"2985b6f51ce15d3a9b7a53776c23c068": ["2", "cri.sanity.screen.AnswerActivity"]}, {"6de4417d0069472fdd7d2d4d3bec15f5": ["22", "cri.sanity.screen.AnswerActivity"]}, {"2985b6f51ce15d3a9b7a53776c23c068": ["2", "cri.sanity.screen.AnswerActivity"]}, {"6de4417d0069472fdd7d2d4d3bec15f5": ["22", "cri.sanity.screen.AnswerActivity"]}, {"388efc7d136a6466d5dd8c1fde4765c8": ["24", "cri.sanity.screen.GeneralActivity"]}, {"928cb30c52ed67a3c8dec6e3a5c54f3e": ["35", "cri.sanity.screen.GeneralActivity"]}, {"928cb30c52ed67a3c8dec6e3a5c54f3e": ["35", "cri.sanity.screen.GeneralActivity"]}, {"928cb30c52ed67a3c8dec6e3a5c54f3e": ["35", "cri.sanity.screen.GeneralActivity"]}, {"239c8a004717513195387aac61b19650": ["127", "cri.sanity.screen.ProfileActivity"]}, {"239c8a004717513195387aac61b19650": ["127", "cri.sanity.screen.ProfileActivity"]}, {"aff64c675b9441a1620bb13218b2cfaa": ["82", "cri.sanity.screen.ProfileActivity"]}, {"239c8a004717513195387aac61b19650": ["127", "cri.sanity.screen.ProfileActivity"]}, {"239c8a004717513195387aac61b19650": ["127", "cri.sanity.screen.ProfileActivity"]}, {"ae4921393d54553b5229e610e5f94869": ["87", "cri.sanity.screen.ProfileActivity"]}, {"239c8a004717513195387aac61b19650": ["127", "cri.sanity.screen.ProfileActivity"]}, {"239c8a004717513195387aac61b19650": ["127", "cri.sanity.screen.ProfileActivity"]}, {"239c8a004717513195387aac61b19650": ["127", "cri.sanity.screen.ProfileActivity"]}, {"239c8a004717513195387aac61b19650": ["127", "cri.sanity.screen.ProfileActivity"]}, {"239c8a004717513195387aac61b19650": ["127", "cri.sanity.screen.ProfileActivity"]}, {"239c8a004717513195387aac61b19650": ["127", "cri.sanity.screen.ProfileActivity"]}, {"239c8a004717513195387aac61b19650": ["127", "cri.sanity.screen.ProfileActivity"]}, {"816203b9aba8d7b25cc94a760d258649": ["85", "cri.sanity.screen.ProfileActivity"]}, {"239c8a004717513195387aac61b19650": ["127", "cri.sanity.screen.ProfileActivity"]}, {"239c8a004717513195387aac61b19650": ["127", "cri.sanity.screen.ProfileActivity"]}, {"239c8a004717513195387aac61b19650": ["127", "cri.sanity.screen.ProfileActivity"]}, {"239c8a004717513195387aac61b19650": ["127", "cri.sanity.screen.ProfileActivity"]}, {"aff64c675b9441a1620bb13218b2cfaa": ["82", "cri.sanity.screen.ProfileActivity"]}, {"239c8a004717513195387aac61b19650": ["127", "cri.sanity.screen.ProfileActivity"]}, {"239c8a004717513195387aac61b19650": ["127", "cri.sanity.screen.ProfileActivity"]}, {"239c8a004717513195387aac61b19650": ["127", "cri.sanity.screen.ProfileActivity"]}, {"239c8a004717513195387aac61b19650": ["127", "cri.sanity.screen.ProfileActivity"]}, {"239c8a004717513195387aac61b19650": ["127", "cri.sanity.screen.ProfileActivity"]}, {"aff64c675b9441a1620bb13218b2cfaa": ["82", "cri.sanity.screen.ProfileActivity"]}, {"239c8a004717513195387aac61b19650": ["127", "cri.sanity.screen.ProfileActivity"]}, {"239c8a004717513195387aac61b19650": ["127", "cri.sanity.screen.ProfileActivity"]}, {"ae4921393d54553b5229e610e5f94869": ["87", "cri.sanity.screen.ProfileActivity"]}, {"239c8a004717513195387aac61b19650": ["127", "cri.sanity.screen.ProfileActivity"]}, {"590580dbeced54ff4a978cf8099751f6": ["37", "cri.sanity.screen.GeneralActivity"]}, {"06611908e7aa86566bb67014028377bf": ["15", "cri.sanity.screen.TtsActivity"]}, {"06611908e7aa86566bb67014028377bf": ["15", "cri.sanity.screen.TtsActivity"]}, {"43ca62123a2445098199aab385b8251a": ["32", "cri.sanity.screen.TtsActivity"]}, {"06611908e7aa86566bb67014028377bf": ["15", "cri.sanity.screen.TtsActivity"]}, {"2985b6f51ce15d3a9b7a53776c23c068": ["2", "cri.sanity.screen.AnswerActivity"]}, {"2985b6f51ce15d3a9b7a53776c23c068": ["2", "cri.sanity.screen.AnswerActivity"]}, {"6de4417d0069472fdd7d2d4d3bec15f5": ["22", "cri.sanity.screen.AnswerActivity"]}, {"2985b6f51ce15d3a9b7a53776c23c068": ["2", "cri.sanity.screen.AnswerActivity"]}, {"2985b6f51ce15d3a9b7a53776c23c068": ["2", "cri.sanity.screen.AnswerActivity"]}, {"2985b6f51ce15d3a9b7a53776c23c068": ["2", "cri.sanity.screen.AnswerActivity"]}, {"6de4417d0069472fdd7d2d4d3bec15f5": ["22", "cri.sanity.screen.AnswerActivity"]}, {"2985b6f51ce15d3a9b7a53776c23c068": ["2", "cri.sanity.screen.AnswerActivity"]}, {"2985b6f51ce15d3a9b7a53776c23c068": ["2", "cri.sanity.screen.AnswerActivity"]}, {"388efc7d136a6466d5dd8c1fde4765c8": ["24", "cri.sanity.screen.GeneralActivity"]}, {"388efc7d136a6466d5dd8c1fde4765c8": ["24", "cri.sanity.screen.GeneralActivity"]}, {"732b2215f50bc64c829db86786170a5a": ["25", "cri.sanity.screen.GeneralActivity"]}, {"388efc7d136a6466d5dd8c1fde4765c8": ["24", "cri.sanity.screen.GeneralActivity"]}, {"928cb30c52ed67a3c8dec6e3a5c54f3e": ["35", "cri.sanity.screen.GeneralActivity"]}, {"928cb30c52ed67a3c8dec6e3a5c54f3e": ["35", "cri.sanity.screen.GeneralActivity"]}, {"68ab6fe678ccdc4821da6d080ac24a17": ["38", "cri.sanity.screen.GeneralActivity"]}, {"928cb30c52ed67a3c8dec6e3a5c54f3e": ["35", "cri.sanity.screen.GeneralActivity"]}, {"928cb30c52ed67a3c8dec6e3a5c54f3e": ["35", "cri.sanity.screen.GeneralActivity"]}, {"928cb30c52ed67a3c8dec6e3a5c54f3e": ["35", "cri.sanity.screen.GeneralActivity"]}, {"928cb30c52ed67a3c8dec6e3a5c54f3e": ["35", "cri.sanity.screen.GeneralActivity"]}, {"590580dbeced54ff4a978cf8099751f6": ["37", "cri.sanity.screen.GeneralActivity"]}, {"239c8a004717513195387aac61b19650": ["127", "cri.sanity.screen.ProfileActivity"]}, {"ae4921393d54553b5229e610e5f94869": ["87", "cri.sanity.screen.ProfileActivity"]}, {"239c8a004717513195387aac61b19650": ["127", "cri.sanity.screen.ProfileActivity"]}, {"239c8a004717513195387aac61b19650": ["127", "cri.sanity.screen.ProfileActivity"]}, {"239c8a004717513195387aac61b19650": ["127", "cri.sanity.screen.ProfileActivity"]}, {"239c8a004717513195387aac61b19650": ["127", "cri.sanity.screen.ProfileActivity"]}, {"aff64c675b9441a1620bb13218b2cfaa": ["82", "cri.sanity.screen.ProfileActivity"]}, {"239c8a004717513195387aac61b19650": ["127", "cri.sanity.screen.ProfileActivity"]}, {"816203b9aba8d7b25cc94a760d258649": ["85", "cri.sanity.screen.ProfileActivity"]}, {"239c8a004717513195387aac61b19650": ["127", "cri.sanity.screen.ProfileActivity"]}, {"239c8a004717513195387aac61b19650": ["127", "cri.sanity.screen.ProfileActivity"]}, {"239c8a004717513195387aac61b19650": ["127", "cri.sanity.screen.ProfileActivity"]}, {"928cb30c52ed67a3c8dec6e3a5c54f3e": ["35", "cri.sanity.screen.GeneralActivity"]}, {"239c8a004717513195387aac61b19650": ["127", "cri.sanity.screen.ProfileActivity"]}, {"239c8a004717513195387aac61b19650": ["127", "cri.sanity.screen.ProfileActivity"]}, {"816203b9aba8d7b25cc94a760d258649": ["85", "cri.sanity.screen.ProfileActivity"]}, {"239c8a004717513195387aac61b19650": ["127", "cri.sanity.screen.ProfileActivity"]}, {"aff64c675b9441a1620bb13218b2cfaa": ["82", "cri.sanity.screen.ProfileActivity"]}, {"239c8a004717513195387aac61b19650": ["127", "cri.sanity.screen.ProfileActivity"]}, {"aff64c675b9441a1620bb13218b2cfaa": ["82", "cri.sanity.screen.ProfileActivity"]}, {"590580dbeced54ff4a978cf8099751f6": ["37", "cri.sanity.screen.GeneralActivity"]}, {"388efc7d136a6466d5dd8c1fde4765c8": ["24", "cri.sanity.screen.GeneralActivity"]}, {"388efc7d136a6466d5dd8c1fde4765c8": ["24", "cri.sanity.screen.GeneralActivity"]}, {"732b2215f50bc64c829db86786170a5a": ["25", "cri.sanity.screen.GeneralActivity"]}, {"388efc7d136a6466d5dd8c1fde4765c8": ["24", "cri.sanity.screen.GeneralActivity"]}, {"388efc7d136a6466d5dd8c1fde4765c8": ["24", "cri.sanity.screen.GeneralActivity"]}, {"388efc7d136a6466d5dd8c1fde4765c8": ["24", "cri.sanity.screen.GeneralActivity"]}, {"2985b6f51ce15d3a9b7a53776c23c068": ["2", "cri.sanity.screen.AnswerActivity"]}, {"700a94b4f192b83f3bf43123998d683c": ["3", "cri.sanity.screen.FilterActivity"]}, {"700a94b4f192b83f3bf43123998d683c": ["3", "cri.sanity.screen.FilterActivity"]}, {"5741246b922e2b5775101c8660292f59": ["129", "cri.sanity.screen.FilterActivity"]}, {"2985b6f51ce15d3a9b7a53776c23c068": ["2", "cri.sanity.screen.AnswerActivity"]}, {"2985b6f51ce15d3a9b7a53776c23c068": ["2", "cri.sanity.screen.AnswerActivity"]}, {"7c861241110adf236da1abeaecc0afa6": ["55", "cri.sanity.screen.FilterActivity"]}, {"484e1ac61df4292745c5c4641f66f86c": ["109", "cri.sanity.screen.PrefixActivity"]}, {"484e1ac61df4292745c5c4641f66f86c": ["109", "cri.sanity.screen.PrefixActivity"]}, {"7c861241110adf236da1abeaecc0afa6": ["55", "cri.sanity.screen.FilterActivity"]}, {"7c861241110adf236da1abeaecc0afa6": ["55", "cri.sanity.screen.FilterActivity"]}, {"7c861241110adf236da1abeaecc0afa6": ["55", "cri.sanity.screen.FilterActivity"]}, {"a166177da80e963cba1a1b06f060786e": ["8", "cri.sanity.screen.RecordActivity"]}, {"33d8af6855547d32c29c58c95b26ac68": ["9", "cri.sanity.screen.RecordActivity"]}, {"a166177da80e963cba1a1b06f060786e": ["8", "cri.sanity.screen.RecordActivity"]}, {"33d8af6855547d32c29c58c95b26ac68": ["9", "cri.sanity.screen.RecordActivity"]}, {"a166177da80e963cba1a1b06f060786e": ["8", "cri.sanity.screen.RecordActivity"]}, {"33d8af6855547d32c29c58c95b26ac68": ["9", "cri.sanity.screen.RecordActivity"]}, {"2985b6f51ce15d3a9b7a53776c23c068": ["2", "cri.sanity.screen.AnswerActivity"]}, {"1e84e05309ff42b1706944e04a1e00a5": ["21", "cri.sanity.screen.AnswerActivity"]}, {"2985b6f51ce15d3a9b7a53776c23c068": ["2", "cri.sanity.screen.AnswerActivity"]}, {"388efc7d136a6466d5dd8c1fde4765c8": ["24", "cri.sanity.screen.GeneralActivity"]}, {"732b2215f50bc64c829db86786170a5a": ["25", "cri.sanity.screen.GeneralActivity"]}, {"aadf3ab0cd1f7ecb04b3b01eb5dcfc73": ["46", "cri.sanity.screen.GeneralActivity"]}, {"aadf3ab0cd1f7ecb04b3b01eb5dcfc73": ["46", "cri.sanity.screen.GeneralActivity"]}, {"aadf3ab0cd1f7ecb04b3b01eb5dcfc73": ["46", "cri.sanity.screen.GeneralActivity"]}, {"aadf3ab0cd1f7ecb04b3b01eb5dcfc73": ["46", "cri.sanity.screen.GeneralActivity"]}, {"388efc7d136a6466d5dd8c1fde4765c8": ["24", "cri.sanity.screen.GeneralActivity"]}, {"2985b6f51ce15d3a9b7a53776c23c068": ["2", "cri.sanity.screen.AnswerActivity"]}, {"2985b6f51ce15d3a9b7a53776c23c068": ["2", "cri.sanity.screen.AnswerActivity"]}, {"2985b6f51ce15d3a9b7a53776c23c068": ["2", "cri.sanity.screen.AnswerActivity"]}, {"2985b6f51ce15d3a9b7a53776c23c068": ["2", "cri.sanity.screen.AnswerActivity"]}, {"2985b6f51ce15d3a9b7a53776c23c068": ["2", "cri.sanity.screen.AnswerActivity"]}, {"2985b6f51ce15d3a9b7a53776c23c068": ["2", "cri.sanity.screen.AnswerActivity"]}, {"6df0019f8af1a163a3d81a8793a20935": ["69", "cri.sanity.screen.AnswerActivity"]}, {"2985b6f51ce15d3a9b7a53776c23c068": ["2", "cri.sanity.screen.AnswerActivity"]}, {"2985b6f51ce15d3a9b7a53776c23c068": ["2", "cri.sanity.screen.AnswerActivity"]}, {"1e84e05309ff42b1706944e04a1e00a5": ["21", "cri.sanity.screen.AnswerActivity"]}, {"6de4417d0069472fdd7d2d4d3bec15f5": ["22", "cri.sanity.screen.AnswerActivity"]}, {"2985b6f51ce15d3a9b7a53776c23c068": ["2", "cri.sanity.screen.AnswerActivity"]}, {"2985b6f51ce15d3a9b7a53776c23c068": ["2", "cri.sanity.screen.AnswerActivity"]}, {"2985b6f51ce15d3a9b7a53776c23c068": ["2", "cri.sanity.screen.AnswerActivity"]}, {"6df0019f8af1a163a3d81a8793a20935": ["69", "cri.sanity.screen.AnswerActivity"]}, {"06611908e7aa86566bb67014028377bf": ["15", "cri.sanity.screen.TtsActivity"]}, {"43ca62123a2445098199aab385b8251a": ["32", "cri.sanity.screen.TtsActivity"]}, {"388efc7d136a6466d5dd8c1fde4765c8": ["24", "cri.sanity.screen.GeneralActivity"]}, {"a166177da80e963cba1a1b06f060786e": ["8", "cri.sanity.screen.RecordActivity"]}, {"da0aa84dcba6ccd4f1553638ef4b7a72": ["17", "cri.sanity.screen.BlockerActivity"]}, {"da0aa84dcba6ccd4f1553638ef4b7a72": ["17", "cri.sanity.screen.BlockerActivity"]}, {"388efc7d136a6466d5dd8c1fde4765c8": ["24", "cri.sanity.screen.GeneralActivity"]}, {"388efc7d136a6466d5dd8c1fde4765c8": ["24", "cri.sanity.screen.GeneralActivity"]}, {"732b2215f50bc64c829db86786170a5a": ["25", "cri.sanity.screen.GeneralActivity"]}, {"2985b6f51ce15d3a9b7a53776c23c068": ["2", "cri.sanity.screen.AnswerActivity"]}, {"2985b6f51ce15d3a9b7a53776c23c068": ["2", "cri.sanity.screen.AnswerActivity"]}, {"2985b6f51ce15d3a9b7a53776c23c068": ["2", "cri.sanity.screen.AnswerActivity"]}, {"2985b6f51ce15d3a9b7a53776c23c068": ["2", "cri.sanity.screen.AnswerActivity"]}, {"590580dbeced54ff4a978cf8099751f6": ["37", "cri.sanity.screen.GeneralActivity"]}, {"68ab6fe678ccdc4821da6d080ac24a17": ["38", "cri.sanity.screen.GeneralActivity"]}, {"02393034976bd14a57f16a80fc865606": ["60", "cri.sanity.screen.GeneralActivity"]}, {"a166177da80e963cba1a1b06f060786e": ["8", "cri.sanity.screen.RecordActivity"]}, {"a166177da80e963cba1a1b06f060786e": ["8", "cri.sanity.screen.RecordActivity"]}, {"a166177da80e963cba1a1b06f060786e": ["8", "cri.sanity.screen.RecordActivity"]}, {"26a1dbded4114dfe849f3b9e756f0a39": ["11", "cri.sanity.screen.BrowseActivity"]}, {"0c4784b41c274ae916c3d8f458bbb37d": ["27", "cri.sanity.screen.BrowseActivity"]}, {"26a1dbded4114dfe849f3b9e756f0a39": ["11", "cri.sanity.screen.BrowseActivity"]}, {"26a1dbded4114dfe849f3b9e756f0a39": ["11", "cri.sanity.screen.BrowseActivity"]}, {"26a1dbded4114dfe849f3b9e756f0a39": ["11", "cri.sanity.screen.BrowseActivity"]}, {"26a1dbded4114dfe849f3b9e756f0a39": ["11", "cri.sanity.screen.BrowseActivity"]}, {"26a1dbded4114dfe849f3b9e756f0a39": ["11", "cri.sanity.screen.BrowseActivity"]}, {"26a1dbded4114dfe849f3b9e756f0a39": ["11", "cri.sanity.screen.BrowseActivity"]}, {"de913914d83fa530f8a6de9ece1af01c": ["12", "cri.sanity.screen.UrgentActivity"]}, {"95bfb1a06b38c57c0913135fdf404b8f": ["47", "cri.sanity.screen.BlockerActivity"]}, {"d20c005a1da1ce6c3da3b65f6b0539bf": ["19", "cri.sanity.screen.BlockerActivity"]}, {"da0aa84dcba6ccd4f1553638ef4b7a72": ["17", "cri.sanity.screen.BlockerActivity"]}, {"da0aa84dcba6ccd4f1553638ef4b7a72": ["17", "cri.sanity.screen.BlockerActivity"]}, {"d20c005a1da1ce6c3da3b65f6b0539bf": ["19", "cri.sanity.screen.BlockerActivity"]}, {"da0aa84dcba6ccd4f1553638ef4b7a72": ["17", "cri.sanity.screen.BlockerActivity"]}, {"da0aa84dcba6ccd4f1553638ef4b7a72": ["17", "cri.sanity.screen.BlockerActivity"]}, {"7a3153e7607475f6ab6c8b136cedad21": ["18", "cri.sanity.screen.BlockerActivity"]}, {"388efc7d136a6466d5dd8c1fde4765c8": ["24", "cri.sanity.screen.GeneralActivity"]}, {"388efc7d136a6466d5dd8c1fde4765c8": ["24", "cri.sanity.screen.GeneralActivity"]}, {"388efc7d136a6466d5dd8c1fde4765c8": ["24", "cri.sanity.screen.GeneralActivity"]}, {"388efc7d136a6466d5dd8c1fde4765c8": ["24", "cri.sanity.screen.GeneralActivity"]}, {"732b2215f50bc64c829db86786170a5a": ["25", "cri.sanity.screen.GeneralActivity"]}, {"aadf3ab0cd1f7ecb04b3b01eb5dcfc73": ["46", "cri.sanity.screen.GeneralActivity"]}, {"388efc7d136a6466d5dd8c1fde4765c8": ["24", "cri.sanity.screen.GeneralActivity"]}, {"388efc7d136a6466d5dd8c1fde4765c8": ["24", "cri.sanity.screen.GeneralActivity"]}, {"388efc7d136a6466d5dd8c1fde4765c8": ["24", "cri.sanity.screen.GeneralActivity"]}, {"1a37db7fa59b13d7bf950b4ccbc221d6": ["130", "cri.sanity.screen.GeneralActivity"]}, {"2cc55a0fea3bb830e7b99f305bf3ede2": ["31", "cri.sanity.screen.RecordActivity"]}, {"2cc55a0fea3bb830e7b99f305bf3ede2": ["31", "cri.sanity.screen.RecordActivity"]}, {"4d3281f445c6366a6c3e08a1a9c105e6": ["125", "cri.sanity.screen.RecordActivity"]}, {"4d3281f445c6366a6c3e08a1a9c105e6": ["125", "cri.sanity.screen.RecordActivity"]}, {"9b7703da029ea890b87ea2ad070ff468": ["1", "cri.sanity.MainActivity"]}, {"2985b6f51ce15d3a9b7a53776c23c068": ["2", "cri.sanity.screen.AnswerActivity"]}, {"2985b6f51ce15d3a9b7a53776c23c068": ["2", "cri.sanity.screen.AnswerActivity"]}, {"2985b6f51ce15d3a9b7a53776c23c068": ["2", "cri.sanity.screen.AnswerActivity"]}, {"6de4417d0069472fdd7d2d4d3bec15f5": ["22", "cri.sanity.screen.AnswerActivity"]}, {"da0aa84dcba6ccd4f1553638ef4b7a72": ["17", "cri.sanity.screen.BlockerActivity"]}, {"7a3153e7607475f6ab6c8b136cedad21": ["18", "cri.sanity.screen.BlockerActivity"]}, {"d20c005a1da1ce6c3da3b65f6b0539bf": ["19", "cri.sanity.screen.BlockerActivity"]}, {"388efc7d136a6466d5dd8c1fde4765c8": ["24", "cri.sanity.screen.GeneralActivity"]}, {"732b2215f50bc64c829db86786170a5a": ["25", "cri.sanity.screen.GeneralActivity"]}, {"388efc7d136a6466d5dd8c1fde4765c8": ["24", "cri.sanity.screen.GeneralActivity"]}, {"388efc7d136a6466d5dd8c1fde4765c8": ["24", "cri.sanity.screen.GeneralActivity"]}, {"2985b6f51ce15d3a9b7a53776c23c068": ["2", "cri.sanity.screen.AnswerActivity"]}, {"2985b6f51ce15d3a9b7a53776c23c068": ["2", "cri.sanity.screen.AnswerActivity"]}, {"2985b6f51ce15d3a9b7a53776c23c068": ["2", "cri.sanity.screen.AnswerActivity"]}, {"1e84e05309ff42b1706944e04a1e00a5": ["21", "cri.sanity.screen.AnswerActivity"]}, {"6de4417d0069472fdd7d2d4d3bec15f5": ["22", "cri.sanity.screen.AnswerActivity"]}, {"2985b6f51ce15d3a9b7a53776c23c068": ["2", "cri.sanity.screen.AnswerActivity"]}, {"388efc7d136a6466d5dd8c1fde4765c8": ["24", "cri.sanity.screen.GeneralActivity"]}, {"388efc7d136a6466d5dd8c1fde4765c8": ["24", "cri.sanity.screen.GeneralActivity"]}, {"aadf3ab0cd1f7ecb04b3b01eb5dcfc73": ["46", "cri.sanity.screen.GeneralActivity"]}, {"388efc7d136a6466d5dd8c1fde4765c8": ["24", "cri.sanity.screen.GeneralActivity"]}, {"da0aa84dcba6ccd4f1553638ef4b7a72": ["17", "cri.sanity.screen.BlockerActivity"]}, {"c8dbfcec04f0ecb869c0e27dcdb572e9": ["131", "cri.sanity.ModeActivity"]}, {"700a94b4f192b83f3bf43123998d683c": ["3", "cri.sanity.screen.FilterActivity"]}, {"700a94b4f192b83f3bf43123998d683c": ["3", "cri.sanity.screen.FilterActivity"]}, {"700a94b4f192b83f3bf43123998d683c": ["3", "cri.sanity.screen.FilterActivity"]}, {"9cf99100c7ea83a812da477e402adfb4": ["7", "cri.sanity.screen.FilterActivity"]}, {"700a94b4f192b83f3bf43123998d683c": ["3", "cri.sanity.screen.FilterActivity"]}, {"700a94b4f192b83f3bf43123998d683c": ["3", "cri.sanity.screen.FilterActivity"]}, {"a1fe68a29155e614a044e6bfefc7b189": ["4", "cri.sanity.screen.FilterActivity"]}, {"700a94b4f192b83f3bf43123998d683c": ["3", "cri.sanity.screen.FilterActivity"]}, {"a1fe68a29155e614a044e6bfefc7b189": ["4", "cri.sanity.screen.FilterActivity"]}, {"700a94b4f192b83f3bf43123998d683c": ["3", "cri.sanity.screen.FilterActivity"]}, {"a1fe68a29155e614a044e6bfefc7b189": ["4", "cri.sanity.screen.FilterActivity"]}, {"da0aa84dcba6ccd4f1553638ef4b7a72": ["17", "cri.sanity.screen.BlockerActivity"]}, {"da0aa84dcba6ccd4f1553638ef4b7a72": ["17", "cri.sanity.screen.BlockerActivity"]}, {"d20c005a1da1ce6c3da3b65f6b0539bf": ["19", "cri.sanity.screen.BlockerActivity"]}, {"da0aa84dcba6ccd4f1553638ef4b7a72": ["17", "cri.sanity.screen.BlockerActivity"]}, {"da0aa84dcba6ccd4f1553638ef4b7a72": ["17", "cri.sanity.screen.BlockerActivity"]}, {"da0aa84dcba6ccd4f1553638ef4b7a72": ["17", "cri.sanity.screen.BlockerActivity"]}, {"b1ae33f00b97c1766467ae037061b2dd": ["42", "cri.sanity.screen.BlockerActivity"]}, {"67f8dc5d9dabda29da039779270f9fbc": ["108", "cri.sanity.screen.CallHistoryActivity"]}, {"f8ad5875af8b0dee6c179d553d763702": ["132", "cri.sanity.screen.CallHistoryActivity"]}, {"0b621b818374426ec9f9012431b2be07": ["133", "cri.sanity.screen.CallHistoryActivity"]}, {"2985b6f51ce15d3a9b7a53776c23c068": ["2", "cri.sanity.screen.AnswerActivity"]}, {"2985b6f51ce15d3a9b7a53776c23c068": ["2", "cri.sanity.screen.AnswerActivity"]}, {"2985b6f51ce15d3a9b7a53776c23c068": ["2", "cri.sanity.screen.AnswerActivity"]}, {"6de4417d0069472fdd7d2d4d3bec15f5": ["22", "cri.sanity.screen.AnswerActivity"]}, {"2985b6f51ce15d3a9b7a53776c23c068": ["2", "cri.sanity.screen.AnswerActivity"]}, {"2985b6f51ce15d3a9b7a53776c23c068": ["2", "cri.sanity.screen.AnswerActivity"]}, {"de913914d83fa530f8a6de9ece1af01c": ["12", "cri.sanity.screen.UrgentActivity"]}, {"de913914d83fa530f8a6de9ece1af01c": ["12", "cri.sanity.screen.UrgentActivity"]}, {"eb916eb313d4539adcc9a9e0ae1a345a": ["13", "cri.sanity.screen.UrgentActivity"]}, {"de913914d83fa530f8a6de9ece1af01c": ["12", "cri.sanity.screen.UrgentActivity"]}, {"de913914d83fa530f8a6de9ece1af01c": ["12", "cri.sanity.screen.UrgentActivity"]}, {"de913914d83fa530f8a6de9ece1af01c": ["12", "cri.sanity.screen.UrgentActivity"]}, {"de913914d83fa530f8a6de9ece1af01c": ["12", "cri.sanity.screen.UrgentActivity"]}, {"de913914d83fa530f8a6de9ece1af01c": ["12", "cri.sanity.screen.UrgentActivity"]}, {"a166177da80e963cba1a1b06f060786e": ["8", "cri.sanity.screen.RecordActivity"]}, {"879462caed9a5fd9dadba9104b49dfb7": ["88", "cri.sanity.screen.RecordActivity"]}, {"4b3a1d7581d5d40783a5482bf8b68517": ["89", "cri.sanity.screen.RecordActivity"]}, {"4f0bf53e6f9c6d4994d7bd613d48f639": ["134", "cri.sanity.screen.RecordActivity"]}, {"4f0bf53e6f9c6d4994d7bd613d48f639": ["134", "cri.sanity.screen.RecordActivity"]}, {"4b3a1d7581d5d40783a5482bf8b68517": ["89", "cri.sanity.screen.RecordActivity"]}, {"da0aa84dcba6ccd4f1553638ef4b7a72": ["17", "cri.sanity.screen.BlockerActivity"]}, {"95bfb1a06b38c57c0913135fdf404b8f": ["47", "cri.sanity.screen.BlockerActivity"]}, {"700a94b4f192b83f3bf43123998d683c": ["3", "cri.sanity.screen.FilterActivity"]}, {"700a94b4f192b83f3bf43123998d683c": ["3", "cri.sanity.screen.FilterActivity"]}, {"700a94b4f192b83f3bf43123998d683c": ["3", "cri.sanity.screen.FilterActivity"]}, {"a1fe68a29155e614a044e6bfefc7b189": ["4", "cri.sanity.screen.FilterActivity"]}, {"700a94b4f192b83f3bf43123998d683c": ["3", "cri.sanity.screen.FilterActivity"]}, {"700a94b4f192b83f3bf43123998d683c": ["3", "cri.sanity.screen.FilterActivity"]}, {"06611908e7aa86566bb67014028377bf": ["15", "cri.sanity.screen.TtsActivity"]}, {"3d020bc7abaa3547350c97830874b607": ["16", "cri.sanity.screen.TtsActivity"]}, {"17aed5c5d10c34c41df8b6dcbf0cdba2": ["76", "cri.sanity.screen.TtsActivity"]}, {"388efc7d136a6466d5dd8c1fde4765c8": ["24", "cri.sanity.screen.GeneralActivity"]}, {"bd4e47b9057d59bd1088b287b81e711d": ["135", "cri.sanity.screen.GeneralActivity"]}, {"bd4e47b9057d59bd1088b287b81e711d": ["135", "cri.sanity.screen.GeneralActivity"]}, {"68ab6fe678ccdc4821da6d080ac24a17": ["38", "cri.sanity.screen.GeneralActivity"]}, {"da0aa84dcba6ccd4f1553638ef4b7a72": ["17", "cri.sanity.screen.BlockerActivity"]}, {"da0aa84dcba6ccd4f1553638ef4b7a72": ["17", "cri.sanity.screen.BlockerActivity"]}, {"d43fa71324dd8debc54283f7c546d354": ["36", "cri.sanity.screen.FilterActivity"]}, {"d43fa71324dd8debc54283f7c546d354": ["36", "cri.sanity.screen.FilterActivity"]}, {"700a94b4f192b83f3bf43123998d683c": ["3", "cri.sanity.screen.FilterActivity"]}, {"700a94b4f192b83f3bf43123998d683c": ["3", "cri.sanity.screen.FilterActivity"]}, {"700a94b4f192b83f3bf43123998d683c": ["3", "cri.sanity.screen.FilterActivity"]}, {"700a94b4f192b83f3bf43123998d683c": ["3", "cri.sanity.screen.FilterActivity"]}, {"a1fe68a29155e614a044e6bfefc7b189": ["4", "cri.sanity.screen.FilterActivity"]}, {"700a94b4f192b83f3bf43123998d683c": ["3", "cri.sanity.screen.FilterActivity"]}, {"700a94b4f192b83f3bf43123998d683c": ["3", "cri.sanity.screen.FilterActivity"]}, {"700a94b4f192b83f3bf43123998d683c": ["3", "cri.sanity.screen.FilterActivity"]}, {"31105b3e768e618248f254bceb690935": ["5", "cri.sanity.screen.DateTimeActivity"]}, {"700a94b4f192b83f3bf43123998d683c": ["3", "cri.sanity.screen.FilterActivity"]}, {"700a94b4f192b83f3bf43123998d683c": ["3", "cri.sanity.screen.FilterActivity"]}, {"700a94b4f192b83f3bf43123998d683c": ["3", "cri.sanity.screen.FilterActivity"]}, {"700a94b4f192b83f3bf43123998d683c": ["3", "cri.sanity.screen.FilterActivity"]}, {"879462caed9a5fd9dadba9104b49dfb7": ["88", "cri.sanity.screen.RecordActivity"]}, {"4b3a1d7581d5d40783a5482bf8b68517": ["89", "cri.sanity.screen.RecordActivity"]}, {"a166177da80e963cba1a1b06f060786e": ["8", "cri.sanity.screen.RecordActivity"]}, {"a166177da80e963cba1a1b06f060786e": ["8", "cri.sanity.screen.RecordActivity"]}, {"26a1dbded4114dfe849f3b9e756f0a39": ["11", "cri.sanity.screen.BrowseActivity"]}, {"0c4784b41c274ae916c3d8f458bbb37d": ["27", "cri.sanity.screen.BrowseActivity"]}, {"26a1dbded4114dfe849f3b9e756f0a39": ["11", "cri.sanity.screen.BrowseActivity"]}, {"0c4784b41c274ae916c3d8f458bbb37d": ["27", "cri.sanity.screen.BrowseActivity"]}, {"26a1dbded4114dfe849f3b9e756f0a39": ["11", "cri.sanity.screen.BrowseActivity"]}, {"0c4784b41c274ae916c3d8f458bbb37d": ["27", "cri.sanity.screen.BrowseActivity"]}, {"26a1dbded4114dfe849f3b9e756f0a39": ["11", "cri.sanity.screen.BrowseActivity"]}, {"0c4784b41c274ae916c3d8f458bbb37d": ["27", "cri.sanity.screen.BrowseActivity"]}, {"06611908e7aa86566bb67014028377bf": ["15", "cri.sanity.screen.TtsActivity"]}, {"388efc7d136a6466d5dd8c1fde4765c8": ["24", "cri.sanity.screen.GeneralActivity"]}, {"732b2215f50bc64c829db86786170a5a": ["25", "cri.sanity.screen.GeneralActivity"]}, {"388efc7d136a6466d5dd8c1fde4765c8": ["24", "cri.sanity.screen.GeneralActivity"]}, {"388efc7d136a6466d5dd8c1fde4765c8": ["24", "cri.sanity.screen.GeneralActivity"]}, {"732b2215f50bc64c829db86786170a5a": ["25", "cri.sanity.screen.GeneralActivity"]}, {"388efc7d136a6466d5dd8c1fde4765c8": ["24", "cri.sanity.screen.GeneralActivity"]}, {"f9942b6b533b2cc6563cf07e84a12d36": ["40", "cri.sanity.screen.GeneralActivity"]}, {"61bf409ec946a5b20e04378e0652de5d": ["51", "cri.sanity.screen.GeneralActivity"]}, {"fdcdf16e7c7fa908d0867783fc7cbfe8": ["116", "cri.sanity.screen.NotifyActivity"]}, {"fdcdf16e7c7fa908d0867783fc7cbfe8": ["116", "cri.sanity.screen.NotifyActivity"]}, {"fdcdf16e7c7fa908d0867783fc7cbfe8": ["116", "cri.sanity.screen.NotifyActivity"]}, {"fdcdf16e7c7fa908d0867783fc7cbfe8": ["116", "cri.sanity.screen.NotifyActivity"]}, {"fdcdf16e7c7fa908d0867783fc7cbfe8": ["116", "cri.sanity.screen.NotifyActivity"]}, {"fdcdf16e7c7fa908d0867783fc7cbfe8": ["116", "cri.sanity.screen.NotifyActivity"]}, {"a166177da80e963cba1a1b06f060786e": ["8", "cri.sanity.screen.RecordActivity"]}, {"26a1dbded4114dfe849f3b9e756f0a39": ["11", "cri.sanity.screen.BrowseActivity"]}, {"26a1dbded4114dfe849f3b9e756f0a39": ["11", "cri.sanity.screen.BrowseActivity"]}, {"0c4784b41c274ae916c3d8f458bbb37d": ["27", "cri.sanity.screen.BrowseActivity"]}, {"879462caed9a5fd9dadba9104b49dfb7": ["88", "cri.sanity.screen.RecordActivity"]}, {"879462caed9a5fd9dadba9104b49dfb7": ["88", "cri.sanity.screen.RecordActivity"]}, {"a166177da80e963cba1a1b06f060786e": ["8", "cri.sanity.screen.RecordActivity"]}, {"2cc55a0fea3bb830e7b99f305bf3ede2": ["31", "cri.sanity.screen.RecordActivity"]}, {"653f9c313e14c4d01eb68fbc0f02e273": ["10", "cri.sanity.screen.RecordActivity"]}, {"caf2f02f63a3188b162457fb418c8093": ["49", "cri.sanity.screen.RecordActivity"]}, {"a166177da80e963cba1a1b06f060786e": ["8", "cri.sanity.screen.RecordActivity"]}, {"2cc55a0fea3bb830e7b99f305bf3ede2": ["31", "cri.sanity.screen.RecordActivity"]}, {"08a7775eb95cce5dc489421196f1f5ee": ["136", "cri.sanity.screen.RecordActivity"]}, {"653f9c313e14c4d01eb68fbc0f02e273": ["10", "cri.sanity.screen.RecordActivity"]}, {"08a7775eb95cce5dc489421196f1f5ee": ["136", "cri.sanity.screen.RecordActivity"]}, {"08a7775eb95cce5dc489421196f1f5ee": ["136", "cri.sanity.screen.RecordActivity"]}, {"928cb30c52ed67a3c8dec6e3a5c54f3e": ["35", "cri.sanity.screen.GeneralActivity"]}, {"239c8a004717513195387aac61b19650": ["127", "cri.sanity.screen.ProfileActivity"]}, {"239c8a004717513195387aac61b19650": ["127", "cri.sanity.screen.ProfileActivity"]}, {"239c8a004717513195387aac61b19650": ["127", "cri.sanity.screen.ProfileActivity"]}, {"239c8a004717513195387aac61b19650": ["127", "cri.sanity.screen.ProfileActivity"]}, {"239c8a004717513195387aac61b19650": ["127", "cri.sanity.screen.ProfileActivity"]}]