[{"b15b0e2c380341f52f295be7a8cea1cb": ["0", "cri.sanity.MainActivity"]}, {"f3cb0cb5f2d0606bd5b813017567670e": ["14", "cri.sanity.MainActivity"]}, {"b15b0e2c380341f52f295be7a8cea1cb": ["0", "cri.sanity.MainActivity"]}, {"9b7703da029ea890b87ea2ad070ff468": ["1", "cri.sanity.MainActivity"]}, {"388efc7d136a6466d5dd8c1fde4765c8": ["24", "cri.sanity.screen.GeneralActivity"]}, {"a166177da80e963cba1a1b06f060786e": ["8", "cri.sanity.screen.RecordActivity"]}, {"33d8af6855547d32c29c58c95b26ac68": ["9", "cri.sanity.screen.RecordActivity"]}, {"a166177da80e963cba1a1b06f060786e": ["8", "cri.sanity.screen.RecordActivity"]}, {"d3702652fcde8cc07bb4e761ca0013be": ["28", "cri.sanity.screen.RecordActivity"]}, {"e60cf416033b01142df10da0b5be6b1c": ["29", "cri.sanity.screen.RecordActivity"]}, {"e60cf416033b01142df10da0b5be6b1c": ["29", "cri.sanity.screen.RecordActivity"]}, {"123aa768aed8905b64576a38952d0382": ["30", "cri.sanity.screen.RecordActivity"]}, {"a166177da80e963cba1a1b06f060786e": ["8", "cri.sanity.screen.RecordActivity"]}, {"a166177da80e963cba1a1b06f060786e": ["8", "cri.sanity.screen.RecordActivity"]}, {"33d8af6855547d32c29c58c95b26ac68": ["9", "cri.sanity.screen.RecordActivity"]}, {"a166177da80e963cba1a1b06f060786e": ["8", "cri.sanity.screen.RecordActivity"]}, {"2cc55a0fea3bb830e7b99f305bf3ede2": ["31", "cri.sanity.screen.RecordActivity"]}, {"a166177da80e963cba1a1b06f060786e": ["8", "cri.sanity.screen.RecordActivity"]}, {"33d8af6855547d32c29c58c95b26ac68": ["9", "cri.sanity.screen.RecordActivity"]}, {"a166177da80e963cba1a1b06f060786e": ["8", "cri.sanity.screen.RecordActivity"]}, {"a166177da80e963cba1a1b06f060786e": ["8", "cri.sanity.screen.RecordActivity"]}, {"a166177da80e963cba1a1b06f060786e": ["8", "cri.sanity.screen.RecordActivity"]}, {"33d8af6855547d32c29c58c95b26ac68": ["9", "cri.sanity.screen.RecordActivity"]}, {"a166177da80e963cba1a1b06f060786e": ["8", "cri.sanity.screen.RecordActivity"]}, {"06611908e7aa86566bb67014028377bf": ["15", "cri.sanity.screen.TtsActivity"]}, {"43ca62123a2445098199aab385b8251a": ["32", "cri.sanity.screen.TtsActivity"]}, {"06611908e7aa86566bb67014028377bf": ["15", "cri.sanity.screen.TtsActivity"]}, {"06611908e7aa86566bb67014028377bf": ["15", "cri.sanity.screen.TtsActivity"]}, {"06611908e7aa86566bb67014028377bf": ["15", "cri.sanity.screen.TtsActivity"]}, {"fd901e925d020f76a2f5dba7ba3126ef": ["33", "cri.sanity.screen.TtsActivity"]}, {"43ca62123a2445098199aab385b8251a": ["32", "cri.sanity.screen.TtsActivity"]}, {"06611908e7aa86566bb67014028377bf": ["15", "cri.sanity.screen.TtsActivity"]}, {"da0aa84dcba6ccd4f1553638ef4b7a72": ["17", "cri.sanity.screen.BlockerActivity"]}, {"da0aa84dcba6ccd4f1553638ef4b7a72": ["17", "cri.sanity.screen.BlockerActivity"]}, {"da0aa84dcba6ccd4f1553638ef4b7a72": ["17", "cri.sanity.screen.BlockerActivity"]}, {"700a94b4f192b83f3bf43123998d683c": ["3", "cri.sanity.screen.FilterActivity"]}, {"036726b3355e146cf1e18cd0d0a2f389": ["34", "cri.sanity.screen.FilterActivity"]}, {"036726b3355e146cf1e18cd0d0a2f389": ["34", "cri.sanity.screen.FilterActivity"]}, {"388efc7d136a6466d5dd8c1fde4765c8": ["24", "cri.sanity.screen.GeneralActivity"]}, {"388efc7d136a6466d5dd8c1fde4765c8": ["24", "cri.sanity.screen.GeneralActivity"]}, {"388efc7d136a6466d5dd8c1fde4765c8": ["24", "cri.sanity.screen.GeneralActivity"]}, {"928cb30c52ed67a3c8dec6e3a5c54f3e": ["35", "cri.sanity.screen.GeneralActivity"]}, {"2985b6f51ce15d3a9b7a53776c23c068": ["2", "cri.sanity.screen.AnswerActivity"]}, {"2985b6f51ce15d3a9b7a53776c23c068": ["2", "cri.sanity.screen.AnswerActivity"]}, {"2985b6f51ce15d3a9b7a53776c23c068": ["2", "cri.sanity.screen.AnswerActivity"]}, {"6de4417d0069472fdd7d2d4d3bec15f5": ["22", "cri.sanity.screen.AnswerActivity"]}, {"2985b6f51ce15d3a9b7a53776c23c068": ["2", "cri.sanity.screen.AnswerActivity"]}, {"2985b6f51ce15d3a9b7a53776c23c068": ["2", "cri.sanity.screen.AnswerActivity"]}, {"2985b6f51ce15d3a9b7a53776c23c068": ["2", "cri.sanity.screen.AnswerActivity"]}, {"2985b6f51ce15d3a9b7a53776c23c068": ["2", "cri.sanity.screen.AnswerActivity"]}, {"2985b6f51ce15d3a9b7a53776c23c068": ["2", "cri.sanity.screen.AnswerActivity"]}, {"2985b6f51ce15d3a9b7a53776c23c068": ["2", "cri.sanity.screen.AnswerActivity"]}, {"6de4417d0069472fdd7d2d4d3bec15f5": ["22", "cri.sanity.screen.AnswerActivity"]}, {"2985b6f51ce15d3a9b7a53776c23c068": ["2", "cri.sanity.screen.AnswerActivity"]}, {"700a94b4f192b83f3bf43123998d683c": ["3", "cri.sanity.screen.FilterActivity"]}, {"d43fa71324dd8debc54283f7c546d354": ["36", "cri.sanity.screen.FilterActivity"]}, {"a1fe68a29155e614a044e6bfefc7b189": ["4", "cri.sanity.screen.FilterActivity"]}, {"590580dbeced54ff4a978cf8099751f6": ["37", "cri.sanity.screen.GeneralActivity"]}, {"68ab6fe678ccdc4821da6d080ac24a17": ["38", "cri.sanity.screen.GeneralActivity"]}, {"23094b30f2fce9f51fd3f397fac24d2a": ["39", "cri.sanity.screen.GeneralActivity"]}, {"388efc7d136a6466d5dd8c1fde4765c8": ["24", "cri.sanity.screen.GeneralActivity"]}, {"388efc7d136a6466d5dd8c1fde4765c8": ["24", "cri.sanity.screen.GeneralActivity"]}, {"388efc7d136a6466d5dd8c1fde4765c8": ["24", "cri.sanity.screen.GeneralActivity"]}, {"de913914d83fa530f8a6de9ece1af01c": ["12", "cri.sanity.screen.UrgentActivity"]}, {"de913914d83fa530f8a6de9ece1af01c": ["12", "cri.sanity.screen.UrgentActivity"]}, {"fdbded06ded2995b238e5c80b6013b06": ["23", "cri.sanity.screen.UrgentActivity"]}, {"de913914d83fa530f8a6de9ece1af01c": ["12", "cri.sanity.screen.UrgentActivity"]}, {"de913914d83fa530f8a6de9ece1af01c": ["12", "cri.sanity.screen.UrgentActivity"]}, {"388efc7d136a6466d5dd8c1fde4765c8": ["24", "cri.sanity.screen.GeneralActivity"]}, {"388efc7d136a6466d5dd8c1fde4765c8": ["24", "cri.sanity.screen.GeneralActivity"]}, {"928cb30c52ed67a3c8dec6e3a5c54f3e": ["35", "cri.sanity.screen.GeneralActivity"]}, {"68ab6fe678ccdc4821da6d080ac24a17": ["38", "cri.sanity.screen.GeneralActivity"]}, {"928cb30c52ed67a3c8dec6e3a5c54f3e": ["35", "cri.sanity.screen.GeneralActivity"]}, {"68ab6fe678ccdc4821da6d080ac24a17": ["38", "cri.sanity.screen.GeneralActivity"]}, {"23094b30f2fce9f51fd3f397fac24d2a": ["39", "cri.sanity.screen.GeneralActivity"]}, {"f9942b6b533b2cc6563cf07e84a12d36": ["40", "cri.sanity.screen.GeneralActivity"]}, {"de913914d83fa530f8a6de9ece1af01c": ["12", "cri.sanity.screen.UrgentActivity"]}, {"2985b6f51ce15d3a9b7a53776c23c068": ["2", "cri.sanity.screen.AnswerActivity"]}, {"6de4417d0069472fdd7d2d4d3bec15f5": ["22", "cri.sanity.screen.AnswerActivity"]}, {"da0aa84dcba6ccd4f1553638ef4b7a72": ["17", "cri.sanity.screen.BlockerActivity"]}, {"2378c27e691ac5ebf6a3f5b84df813dc": ["41", "cri.sanity.screen.BlockerActivity"]}, {"b1ae33f00b97c1766467ae037061b2dd": ["42", "cri.sanity.screen.BlockerActivity"]}, {"cb9fc87751e9ae0a129240d07d311268": ["43", "cri.sanity.screen.BlockerActivity"]}, {"7a3153e7607475f6ab6c8b136cedad21": ["18", "cri.sanity.screen.BlockerActivity"]}, {"000e1a75ed0c7007dbb83334dcb75b00": ["44", "cri.sanity.screen.BlockerActivity"]}, {"7a3153e7607475f6ab6c8b136cedad21": ["18", "cri.sanity.screen.BlockerActivity"]}, {"eb916eb313d4539adcc9a9e0ae1a345a": ["13", "cri.sanity.screen.UrgentActivity"]}, {"de913914d83fa530f8a6de9ece1af01c": ["12", "cri.sanity.screen.UrgentActivity"]}, {"eb916eb313d4539adcc9a9e0ae1a345a": ["13", "cri.sanity.screen.UrgentActivity"]}, {"de913914d83fa530f8a6de9ece1af01c": ["12", "cri.sanity.screen.UrgentActivity"]}, {"eb916eb313d4539adcc9a9e0ae1a345a": ["13", "cri.sanity.screen.UrgentActivity"]}, {"de913914d83fa530f8a6de9ece1af01c": ["12", "cri.sanity.screen.UrgentActivity"]}, {"2985b6f51ce15d3a9b7a53776c23c068": ["2", "cri.sanity.screen.AnswerActivity"]}, {"2985b6f51ce15d3a9b7a53776c23c068": ["2", "cri.sanity.screen.AnswerActivity"]}, {"700a94b4f192b83f3bf43123998d683c": ["3", "cri.sanity.screen.FilterActivity"]}, {"700a94b4f192b83f3bf43123998d683c": ["3", "cri.sanity.screen.FilterActivity"]}, {"a1fe68a29155e614a044e6bfefc7b189": ["4", "cri.sanity.screen.FilterActivity"]}, {"700a94b4f192b83f3bf43123998d683c": ["3", "cri.sanity.screen.FilterActivity"]}, {"06611908e7aa86566bb67014028377bf": ["15", "cri.sanity.screen.TtsActivity"]}, {"43ca62123a2445098199aab385b8251a": ["32", "cri.sanity.screen.TtsActivity"]}, {"06611908e7aa86566bb67014028377bf": ["15", "cri.sanity.screen.TtsActivity"]}, {"43ca62123a2445098199aab385b8251a": ["32", "cri.sanity.screen.TtsActivity"]}, {"06611908e7aa86566bb67014028377bf": ["15", "cri.sanity.screen.TtsActivity"]}, {"06611908e7aa86566bb67014028377bf": ["15", "cri.sanity.screen.TtsActivity"]}, {"43ca62123a2445098199aab385b8251a": ["32", "cri.sanity.screen.TtsActivity"]}, {"3d020bc7abaa3547350c97830874b607": ["16", "cri.sanity.screen.TtsActivity"]}, {"43ca62123a2445098199aab385b8251a": ["32", "cri.sanity.screen.TtsActivity"]}, {"388efc7d136a6466d5dd8c1fde4765c8": ["24", "cri.sanity.screen.GeneralActivity"]}, {"388efc7d136a6466d5dd8c1fde4765c8": ["24", "cri.sanity.screen.GeneralActivity"]}, {"388efc7d136a6466d5dd8c1fde4765c8": ["24", "cri.sanity.screen.GeneralActivity"]}, {"ff770f5342b1de8d368ec2d580c21954": ["45", "cri.sanity.screen.GeneralActivity"]}, {"ff770f5342b1de8d368ec2d580c21954": ["45", "cri.sanity.screen.GeneralActivity"]}, {"ff770f5342b1de8d368ec2d580c21954": ["45", "cri.sanity.screen.GeneralActivity"]}, {"ff770f5342b1de8d368ec2d580c21954": ["45", "cri.sanity.screen.GeneralActivity"]}, {"ff770f5342b1de8d368ec2d580c21954": ["45", "cri.sanity.screen.GeneralActivity"]}, {"388efc7d136a6466d5dd8c1fde4765c8": ["24", "cri.sanity.screen.GeneralActivity"]}, {"2985b6f51ce15d3a9b7a53776c23c068": ["2", "cri.sanity.screen.AnswerActivity"]}, {"6de4417d0069472fdd7d2d4d3bec15f5": ["22", "cri.sanity.screen.AnswerActivity"]}, {"2985b6f51ce15d3a9b7a53776c23c068": ["2", "cri.sanity.screen.AnswerActivity"]}, {"2985b6f51ce15d3a9b7a53776c23c068": ["2", "cri.sanity.screen.AnswerActivity"]}, {"2985b6f51ce15d3a9b7a53776c23c068": ["2", "cri.sanity.screen.AnswerActivity"]}, {"6de4417d0069472fdd7d2d4d3bec15f5": ["22", "cri.sanity.screen.AnswerActivity"]}, {"2985b6f51ce15d3a9b7a53776c23c068": ["2", "cri.sanity.screen.AnswerActivity"]}, {"6de4417d0069472fdd7d2d4d3bec15f5": ["22", "cri.sanity.screen.AnswerActivity"]}, {"2985b6f51ce15d3a9b7a53776c23c068": ["2", "cri.sanity.screen.AnswerActivity"]}, {"6de4417d0069472fdd7d2d4d3bec15f5": ["22", "cri.sanity.screen.AnswerActivity"]}, {"2985b6f51ce15d3a9b7a53776c23c068": ["2", "cri.sanity.screen.AnswerActivity"]}, {"700a94b4f192b83f3bf43123998d683c": ["3", "cri.sanity.screen.FilterActivity"]}, {"700a94b4f192b83f3bf43123998d683c": ["3", "cri.sanity.screen.FilterActivity"]}, {"2985b6f51ce15d3a9b7a53776c23c068": ["2", "cri.sanity.screen.AnswerActivity"]}, {"2985b6f51ce15d3a9b7a53776c23c068": ["2", "cri.sanity.screen.AnswerActivity"]}, {"6de4417d0069472fdd7d2d4d3bec15f5": ["22", "cri.sanity.screen.AnswerActivity"]}, {"2985b6f51ce15d3a9b7a53776c23c068": ["2", "cri.sanity.screen.AnswerActivity"]}, {"700a94b4f192b83f3bf43123998d683c": ["3", "cri.sanity.screen.FilterActivity"]}, {"700a94b4f192b83f3bf43123998d683c": ["3", "cri.sanity.screen.FilterActivity"]}, {"2985b6f51ce15d3a9b7a53776c23c068": ["2", "cri.sanity.screen.AnswerActivity"]}, {"2985b6f51ce15d3a9b7a53776c23c068": ["2", "cri.sanity.screen.AnswerActivity"]}, {"2985b6f51ce15d3a9b7a53776c23c068": ["2", "cri.sanity.screen.AnswerActivity"]}, {"2985b6f51ce15d3a9b7a53776c23c068": ["2", "cri.sanity.screen.AnswerActivity"]}, {"a166177da80e963cba1a1b06f060786e": ["8", "cri.sanity.screen.RecordActivity"]}, {"33d8af6855547d32c29c58c95b26ac68": ["9", "cri.sanity.screen.RecordActivity"]}, {"a166177da80e963cba1a1b06f060786e": ["8", "cri.sanity.screen.RecordActivity"]}, {"a166177da80e963cba1a1b06f060786e": ["8", "cri.sanity.screen.RecordActivity"]}, {"a166177da80e963cba1a1b06f060786e": ["8", "cri.sanity.screen.RecordActivity"]}, {"a166177da80e963cba1a1b06f060786e": ["8", "cri.sanity.screen.RecordActivity"]}, {"33d8af6855547d32c29c58c95b26ac68": ["9", "cri.sanity.screen.RecordActivity"]}, {"a166177da80e963cba1a1b06f060786e": ["8", "cri.sanity.screen.RecordActivity"]}, {"2cc55a0fea3bb830e7b99f305bf3ede2": ["31", "cri.sanity.screen.RecordActivity"]}, {"2cc55a0fea3bb830e7b99f305bf3ede2": ["31", "cri.sanity.screen.RecordActivity"]}, {"2985b6f51ce15d3a9b7a53776c23c068": ["2", "cri.sanity.screen.AnswerActivity"]}, {"2985b6f51ce15d3a9b7a53776c23c068": ["2", "cri.sanity.screen.AnswerActivity"]}, {"2985b6f51ce15d3a9b7a53776c23c068": ["2", "cri.sanity.screen.AnswerActivity"]}, {"2985b6f51ce15d3a9b7a53776c23c068": ["2", "cri.sanity.screen.AnswerActivity"]}, {"700a94b4f192b83f3bf43123998d683c": ["3", "cri.sanity.screen.FilterActivity"]}, {"a1fe68a29155e614a044e6bfefc7b189": ["4", "cri.sanity.screen.FilterActivity"]}, {"700a94b4f192b83f3bf43123998d683c": ["3", "cri.sanity.screen.FilterActivity"]}, {"2985b6f51ce15d3a9b7a53776c23c068": ["2", "cri.sanity.screen.AnswerActivity"]}, {"6de4417d0069472fdd7d2d4d3bec15f5": ["22", "cri.sanity.screen.AnswerActivity"]}, {"2985b6f51ce15d3a9b7a53776c23c068": ["2", "cri.sanity.screen.AnswerActivity"]}, {"6de4417d0069472fdd7d2d4d3bec15f5": ["22", "cri.sanity.screen.AnswerActivity"]}, {"2985b6f51ce15d3a9b7a53776c23c068": ["2", "cri.sanity.screen.AnswerActivity"]}, {"1e84e05309ff42b1706944e04a1e00a5": ["21", "cri.sanity.screen.AnswerActivity"]}, {"6de4417d0069472fdd7d2d4d3bec15f5": ["22", "cri.sanity.screen.AnswerActivity"]}, {"2985b6f51ce15d3a9b7a53776c23c068": ["2", "cri.sanity.screen.AnswerActivity"]}, {"6de4417d0069472fdd7d2d4d3bec15f5": ["22", "cri.sanity.screen.AnswerActivity"]}, {"2985b6f51ce15d3a9b7a53776c23c068": ["2", "cri.sanity.screen.AnswerActivity"]}, {"6de4417d0069472fdd7d2d4d3bec15f5": ["22", "cri.sanity.screen.AnswerActivity"]}, {"2985b6f51ce15d3a9b7a53776c23c068": ["2", "cri.sanity.screen.AnswerActivity"]}, {"2985b6f51ce15d3a9b7a53776c23c068": ["2", "cri.sanity.screen.AnswerActivity"]}, {"388efc7d136a6466d5dd8c1fde4765c8": ["24", "cri.sanity.screen.GeneralActivity"]}, {"388efc7d136a6466d5dd8c1fde4765c8": ["24", "cri.sanity.screen.GeneralActivity"]}, {"388efc7d136a6466d5dd8c1fde4765c8": ["24", "cri.sanity.screen.GeneralActivity"]}, {"388efc7d136a6466d5dd8c1fde4765c8": ["24", "cri.sanity.screen.GeneralActivity"]}, {"388efc7d136a6466d5dd8c1fde4765c8": ["24", "cri.sanity.screen.GeneralActivity"]}, {"590580dbeced54ff4a978cf8099751f6": ["37", "cri.sanity.screen.GeneralActivity"]}, {"68ab6fe678ccdc4821da6d080ac24a17": ["38", "cri.sanity.screen.GeneralActivity"]}, {"590580dbeced54ff4a978cf8099751f6": ["37", "cri.sanity.screen.GeneralActivity"]}, {"590580dbeced54ff4a978cf8099751f6": ["37", "cri.sanity.screen.GeneralActivity"]}, {"68ab6fe678ccdc4821da6d080ac24a17": ["38", "cri.sanity.screen.GeneralActivity"]}, {"2985b6f51ce15d3a9b7a53776c23c068": ["2", "cri.sanity.screen.AnswerActivity"]}, {"da0aa84dcba6ccd4f1553638ef4b7a72": ["17", "cri.sanity.screen.BlockerActivity"]}, {"388efc7d136a6466d5dd8c1fde4765c8": ["24", "cri.sanity.screen.GeneralActivity"]}, {"732b2215f50bc64c829db86786170a5a": ["25", "cri.sanity.screen.GeneralActivity"]}, {"928cb30c52ed67a3c8dec6e3a5c54f3e": ["35", "cri.sanity.screen.GeneralActivity"]}, {"68ab6fe678ccdc4821da6d080ac24a17": ["38", "cri.sanity.screen.GeneralActivity"]}, {"388efc7d136a6466d5dd8c1fde4765c8": ["24", "cri.sanity.screen.GeneralActivity"]}, {"388efc7d136a6466d5dd8c1fde4765c8": ["24", "cri.sanity.screen.GeneralActivity"]}, {"aadf3ab0cd1f7ecb04b3b01eb5dcfc73": ["46", "cri.sanity.screen.GeneralActivity"]}, {"388efc7d136a6466d5dd8c1fde4765c8": ["24", "cri.sanity.screen.GeneralActivity"]}, {"388efc7d136a6466d5dd8c1fde4765c8": ["24", "cri.sanity.screen.GeneralActivity"]}, {"388efc7d136a6466d5dd8c1fde4765c8": ["24", "cri.sanity.screen.GeneralActivity"]}, {"aadf3ab0cd1f7ecb04b3b01eb5dcfc73": ["46", "cri.sanity.screen.GeneralActivity"]}, {"da0aa84dcba6ccd4f1553638ef4b7a72": ["17", "cri.sanity.screen.BlockerActivity"]}, {"da0aa84dcba6ccd4f1553638ef4b7a72": ["17", "cri.sanity.screen.BlockerActivity"]}, {"7a3153e7607475f6ab6c8b136cedad21": ["18", "cri.sanity.screen.BlockerActivity"]}, {"da0aa84dcba6ccd4f1553638ef4b7a72": ["17", "cri.sanity.screen.BlockerActivity"]}, {"95bfb1a06b38c57c0913135fdf404b8f": ["47", "cri.sanity.screen.BlockerActivity"]}, {"700a94b4f192b83f3bf43123998d683c": ["3", "cri.sanity.screen.FilterActivity"]}, {"a1fe68a29155e614a044e6bfefc7b189": ["4", "cri.sanity.screen.FilterActivity"]}, {"700a94b4f192b83f3bf43123998d683c": ["3", "cri.sanity.screen.FilterActivity"]}, {"31105b3e768e618248f254bceb690935": ["5", "cri.sanity.screen.DateTimeActivity"]}, {"31105b3e768e618248f254bceb690935": ["5", "cri.sanity.screen.DateTimeActivity"]}, {"31105b3e768e618248f254bceb690935": ["5", "cri.sanity.screen.DateTimeActivity"]}, {"31105b3e768e618248f254bceb690935": ["5", "cri.sanity.screen.DateTimeActivity"]}, {"31105b3e768e618248f254bceb690935": ["5", "cri.sanity.screen.DateTimeActivity"]}, {"ce2c7c0754e337ab915a65b4bc53b5ce": ["48", "cri.sanity.screen.DateTimeActivity"]}, {"31105b3e768e618248f254bceb690935": ["5", "cri.sanity.screen.DateTimeActivity"]}, {"da0aa84dcba6ccd4f1553638ef4b7a72": ["17", "cri.sanity.screen.BlockerActivity"]}, {"da0aa84dcba6ccd4f1553638ef4b7a72": ["17", "cri.sanity.screen.BlockerActivity"]}, {"700a94b4f192b83f3bf43123998d683c": ["3", "cri.sanity.screen.FilterActivity"]}, {"700a94b4f192b83f3bf43123998d683c": ["3", "cri.sanity.screen.FilterActivity"]}, {"700a94b4f192b83f3bf43123998d683c": ["3", "cri.sanity.screen.FilterActivity"]}, {"a1fe68a29155e614a044e6bfefc7b189": ["4", "cri.sanity.screen.FilterActivity"]}, {"700a94b4f192b83f3bf43123998d683c": ["3", "cri.sanity.screen.FilterActivity"]}, {"700a94b4f192b83f3bf43123998d683c": ["3", "cri.sanity.screen.FilterActivity"]}, {"700a94b4f192b83f3bf43123998d683c": ["3", "cri.sanity.screen.FilterActivity"]}, {"700a94b4f192b83f3bf43123998d683c": ["3", "cri.sanity.screen.FilterActivity"]}, {"700a94b4f192b83f3bf43123998d683c": ["3", "cri.sanity.screen.FilterActivity"]}, {"9cf99100c7ea83a812da477e402adfb4": ["7", "cri.sanity.screen.FilterActivity"]}, {"700a94b4f192b83f3bf43123998d683c": ["3", "cri.sanity.screen.FilterActivity"]}, {"31105b3e768e618248f254bceb690935": ["5", "cri.sanity.screen.DateTimeActivity"]}, {"a166177da80e963cba1a1b06f060786e": ["8", "cri.sanity.screen.RecordActivity"]}, {"a166177da80e963cba1a1b06f060786e": ["8", "cri.sanity.screen.RecordActivity"]}, {"a166177da80e963cba1a1b06f060786e": ["8", "cri.sanity.screen.RecordActivity"]}, {"e60cf416033b01142df10da0b5be6b1c": ["29", "cri.sanity.screen.RecordActivity"]}, {"caf2f02f63a3188b162457fb418c8093": ["49", "cri.sanity.screen.RecordActivity"]}, {"653f9c313e14c4d01eb68fbc0f02e273": ["10", "cri.sanity.screen.RecordActivity"]}, {"2cc55a0fea3bb830e7b99f305bf3ede2": ["31", "cri.sanity.screen.RecordActivity"]}, {"2985b6f51ce15d3a9b7a53776c23c068": ["2", "cri.sanity.screen.AnswerActivity"]}, {"d43fa71324dd8debc54283f7c546d354": ["36", "cri.sanity.screen.FilterActivity"]}, {"700a94b4f192b83f3bf43123998d683c": ["3", "cri.sanity.screen.FilterActivity"]}, {"700a94b4f192b83f3bf43123998d683c": ["3", "cri.sanity.screen.FilterActivity"]}, {"a1fe68a29155e614a044e6bfefc7b189": ["4", "cri.sanity.screen.FilterActivity"]}, {"700a94b4f192b83f3bf43123998d683c": ["3", "cri.sanity.screen.FilterActivity"]}, {"700a94b4f192b83f3bf43123998d683c": ["3", "cri.sanity.screen.FilterActivity"]}, {"700a94b4f192b83f3bf43123998d683c": ["3", "cri.sanity.screen.FilterActivity"]}, {"9cf99100c7ea83a812da477e402adfb4": ["7", "cri.sanity.screen.FilterActivity"]}, {"06611908e7aa86566bb67014028377bf": ["15", "cri.sanity.screen.TtsActivity"]}, {"06611908e7aa86566bb67014028377bf": ["15", "cri.sanity.screen.TtsActivity"]}, {"43ca62123a2445098199aab385b8251a": ["32", "cri.sanity.screen.TtsActivity"]}, {"06611908e7aa86566bb67014028377bf": ["15", "cri.sanity.screen.TtsActivity"]}, {"3d020bc7abaa3547350c97830874b607": ["16", "cri.sanity.screen.TtsActivity"]}, {"06611908e7aa86566bb67014028377bf": ["15", "cri.sanity.screen.TtsActivity"]}, {"06611908e7aa86566bb67014028377bf": ["15", "cri.sanity.screen.TtsActivity"]}, {"3d020bc7abaa3547350c97830874b607": ["16", "cri.sanity.screen.TtsActivity"]}, {"388efc7d136a6466d5dd8c1fde4765c8": ["24", "cri.sanity.screen.GeneralActivity"]}, {"732b2215f50bc64c829db86786170a5a": ["25", "cri.sanity.screen.GeneralActivity"]}, {"388efc7d136a6466d5dd8c1fde4765c8": ["24", "cri.sanity.screen.GeneralActivity"]}, {"388efc7d136a6466d5dd8c1fde4765c8": ["24", "cri.sanity.screen.GeneralActivity"]}, {"388efc7d136a6466d5dd8c1fde4765c8": ["24", "cri.sanity.screen.GeneralActivity"]}, {"8dfd2401738251a2d5a702150cfd0189": ["50", "cri.sanity.screen.GeneralActivity"]}, {"8dfd2401738251a2d5a702150cfd0189": ["50", "cri.sanity.screen.GeneralActivity"]}, {"68ab6fe678ccdc4821da6d080ac24a17": ["38", "cri.sanity.screen.GeneralActivity"]}, {"388efc7d136a6466d5dd8c1fde4765c8": ["24", "cri.sanity.screen.GeneralActivity"]}, {"388efc7d136a6466d5dd8c1fde4765c8": ["24", "cri.sanity.screen.GeneralActivity"]}, {"388efc7d136a6466d5dd8c1fde4765c8": ["24", "cri.sanity.screen.GeneralActivity"]}, {"aadf3ab0cd1f7ecb04b3b01eb5dcfc73": ["46", "cri.sanity.screen.GeneralActivity"]}, {"de913914d83fa530f8a6de9ece1af01c": ["12", "cri.sanity.screen.UrgentActivity"]}, {"de913914d83fa530f8a6de9ece1af01c": ["12", "cri.sanity.screen.UrgentActivity"]}, {"fdbded06ded2995b238e5c80b6013b06": ["23", "cri.sanity.screen.UrgentActivity"]}, {"de913914d83fa530f8a6de9ece1af01c": ["12", "cri.sanity.screen.UrgentActivity"]}, {"de913914d83fa530f8a6de9ece1af01c": ["12", "cri.sanity.screen.UrgentActivity"]}, {"388efc7d136a6466d5dd8c1fde4765c8": ["24", "cri.sanity.screen.GeneralActivity"]}, {"388efc7d136a6466d5dd8c1fde4765c8": ["24", "cri.sanity.screen.GeneralActivity"]}, {"928cb30c52ed67a3c8dec6e3a5c54f3e": ["35", "cri.sanity.screen.GeneralActivity"]}, {"68ab6fe678ccdc4821da6d080ac24a17": ["38", "cri.sanity.screen.GeneralActivity"]}, {"23094b30f2fce9f51fd3f397fac24d2a": ["39", "cri.sanity.screen.GeneralActivity"]}, {"68ab6fe678ccdc4821da6d080ac24a17": ["38", "cri.sanity.screen.GeneralActivity"]}, {"23094b30f2fce9f51fd3f397fac24d2a": ["39", "cri.sanity.screen.GeneralActivity"]}, {"06611908e7aa86566bb67014028377bf": ["15", "cri.sanity.screen.TtsActivity"]}, {"06611908e7aa86566bb67014028377bf": ["15", "cri.sanity.screen.TtsActivity"]}, {"3d020bc7abaa3547350c97830874b607": ["16", "cri.sanity.screen.TtsActivity"]}, {"06611908e7aa86566bb67014028377bf": ["15", "cri.sanity.screen.TtsActivity"]}, {"3d020bc7abaa3547350c97830874b607": ["16", "cri.sanity.screen.TtsActivity"]}, {"06611908e7aa86566bb67014028377bf": ["15", "cri.sanity.screen.TtsActivity"]}, {"43ca62123a2445098199aab385b8251a": ["32", "cri.sanity.screen.TtsActivity"]}, {"de913914d83fa530f8a6de9ece1af01c": ["12", "cri.sanity.screen.UrgentActivity"]}, {"fdbded06ded2995b238e5c80b6013b06": ["23", "cri.sanity.screen.UrgentActivity"]}, {"eb916eb313d4539adcc9a9e0ae1a345a": ["13", "cri.sanity.screen.UrgentActivity"]}, {"de913914d83fa530f8a6de9ece1af01c": ["12", "cri.sanity.screen.UrgentActivity"]}, {"eb916eb313d4539adcc9a9e0ae1a345a": ["13", "cri.sanity.screen.UrgentActivity"]}, {"de913914d83fa530f8a6de9ece1af01c": ["12", "cri.sanity.screen.UrgentActivity"]}, {"2985b6f51ce15d3a9b7a53776c23c068": ["2", "cri.sanity.screen.AnswerActivity"]}, {"2985b6f51ce15d3a9b7a53776c23c068": ["2", "cri.sanity.screen.AnswerActivity"]}, {"700a94b4f192b83f3bf43123998d683c": ["3", "cri.sanity.screen.FilterActivity"]}, {"700a94b4f192b83f3bf43123998d683c": ["3", "cri.sanity.screen.FilterActivity"]}, {"2985b6f51ce15d3a9b7a53776c23c068": ["2", "cri.sanity.screen.AnswerActivity"]}, {"036726b3355e146cf1e18cd0d0a2f389": ["34", "cri.sanity.screen.FilterActivity"]}, {"31105b3e768e618248f254bceb690935": ["5", "cri.sanity.screen.DateTimeActivity"]}, {"0a225278980027d4cb43da19cfdbaf0e": ["6", "cri.sanity.screen.DateTimeActivity"]}, {"31105b3e768e618248f254bceb690935": ["5", "cri.sanity.screen.DateTimeActivity"]}, {"388efc7d136a6466d5dd8c1fde4765c8": ["24", "cri.sanity.screen.GeneralActivity"]}, {"732b2215f50bc64c829db86786170a5a": ["25", "cri.sanity.screen.GeneralActivity"]}, {"928cb30c52ed67a3c8dec6e3a5c54f3e": ["35", "cri.sanity.screen.GeneralActivity"]}, {"68ab6fe678ccdc4821da6d080ac24a17": ["38", "cri.sanity.screen.GeneralActivity"]}, {"aadf3ab0cd1f7ecb04b3b01eb5dcfc73": ["46", "cri.sanity.screen.GeneralActivity"]}, {"aadf3ab0cd1f7ecb04b3b01eb5dcfc73": ["46", "cri.sanity.screen.GeneralActivity"]}, {"aadf3ab0cd1f7ecb04b3b01eb5dcfc73": ["46", "cri.sanity.screen.GeneralActivity"]}, {"388efc7d136a6466d5dd8c1fde4765c8": ["24", "cri.sanity.screen.GeneralActivity"]}, {"388efc7d136a6466d5dd8c1fde4765c8": ["24", "cri.sanity.screen.GeneralActivity"]}, {"388efc7d136a6466d5dd8c1fde4765c8": ["24", "cri.sanity.screen.GeneralActivity"]}, {"388efc7d136a6466d5dd8c1fde4765c8": ["24", "cri.sanity.screen.GeneralActivity"]}, {"732b2215f50bc64c829db86786170a5a": ["25", "cri.sanity.screen.GeneralActivity"]}, {"388efc7d136a6466d5dd8c1fde4765c8": ["24", "cri.sanity.screen.GeneralActivity"]}, {"388efc7d136a6466d5dd8c1fde4765c8": ["24", "cri.sanity.screen.GeneralActivity"]}, {"aadf3ab0cd1f7ecb04b3b01eb5dcfc73": ["46", "cri.sanity.screen.GeneralActivity"]}, {"aadf3ab0cd1f7ecb04b3b01eb5dcfc73": ["46", "cri.sanity.screen.GeneralActivity"]}, {"aadf3ab0cd1f7ecb04b3b01eb5dcfc73": ["46", "cri.sanity.screen.GeneralActivity"]}, {"aadf3ab0cd1f7ecb04b3b01eb5dcfc73": ["46", "cri.sanity.screen.GeneralActivity"]}, {"388efc7d136a6466d5dd8c1fde4765c8": ["24", "cri.sanity.screen.GeneralActivity"]}, {"732b2215f50bc64c829db86786170a5a": ["25", "cri.sanity.screen.GeneralActivity"]}, {"aadf3ab0cd1f7ecb04b3b01eb5dcfc73": ["46", "cri.sanity.screen.GeneralActivity"]}, {"388efc7d136a6466d5dd8c1fde4765c8": ["24", "cri.sanity.screen.GeneralActivity"]}, {"f9942b6b533b2cc6563cf07e84a12d36": ["40", "cri.sanity.screen.GeneralActivity"]}, {"f9942b6b533b2cc6563cf07e84a12d36": ["40", "cri.sanity.screen.GeneralActivity"]}, {"61bf409ec946a5b20e04378e0652de5d": ["51", "cri.sanity.screen.GeneralActivity"]}, {"500652f3fad9480253142740488f33d4": ["52", "cri.sanity.screen.SpeakerActivity"]}, {"036726b3355e146cf1e18cd0d0a2f389": ["34", "cri.sanity.screen.FilterActivity"]}, {"e8415b3f7289faa07cbdffbbce6356c7": ["53", "cri.sanity.screen.NumsActivity"]}, {"e8415b3f7289faa07cbdffbbce6356c7": ["53", "cri.sanity.screen.NumsActivity"]}, {"9a80671c500ff14b9e0fd317cd61585b": ["54", "cri.sanity.screen.NumsActivity"]}, {"e8415b3f7289faa07cbdffbbce6356c7": ["53", "cri.sanity.screen.NumsActivity"]}, {"9a80671c500ff14b9e0fd317cd61585b": ["54", "cri.sanity.screen.NumsActivity"]}, {"e8415b3f7289faa07cbdffbbce6356c7": ["53", "cri.sanity.screen.NumsActivity"]}, {"e8415b3f7289faa07cbdffbbce6356c7": ["53", "cri.sanity.screen.NumsActivity"]}, {"e8415b3f7289faa07cbdffbbce6356c7": ["53", "cri.sanity.screen.NumsActivity"]}, {"e8415b3f7289faa07cbdffbbce6356c7": ["53", "cri.sanity.screen.NumsActivity"]}, {"e8415b3f7289faa07cbdffbbce6356c7": ["53", "cri.sanity.screen.NumsActivity"]}, {"e8415b3f7289faa07cbdffbbce6356c7": ["53", "cri.sanity.screen.NumsActivity"]}, {"e8415b3f7289faa07cbdffbbce6356c7": ["53", "cri.sanity.screen.NumsActivity"]}, {"9a80671c500ff14b9e0fd317cd61585b": ["54", "cri.sanity.screen.NumsActivity"]}, {"e8415b3f7289faa07cbdffbbce6356c7": ["53", "cri.sanity.screen.NumsActivity"]}, {"e8415b3f7289faa07cbdffbbce6356c7": ["53", "cri.sanity.screen.NumsActivity"]}, {"e8415b3f7289faa07cbdffbbce6356c7": ["53", "cri.sanity.screen.NumsActivity"]}, {"e8415b3f7289faa07cbdffbbce6356c7": ["53", "cri.sanity.screen.NumsActivity"]}, {"e8415b3f7289faa07cbdffbbce6356c7": ["53", "cri.sanity.screen.NumsActivity"]}, {"e8415b3f7289faa07cbdffbbce6356c7": ["53", "cri.sanity.screen.NumsActivity"]}, {"9a80671c500ff14b9e0fd317cd61585b": ["54", "cri.sanity.screen.NumsActivity"]}, {"e8415b3f7289faa07cbdffbbce6356c7": ["53", "cri.sanity.screen.NumsActivity"]}, {"e8415b3f7289faa07cbdffbbce6356c7": ["53", "cri.sanity.screen.NumsActivity"]}, {"e8415b3f7289faa07cbdffbbce6356c7": ["53", "cri.sanity.screen.NumsActivity"]}, {"e8415b3f7289faa07cbdffbbce6356c7": ["53", "cri.sanity.screen.NumsActivity"]}, {"e8415b3f7289faa07cbdffbbce6356c7": ["53", "cri.sanity.screen.NumsActivity"]}, {"9a80671c500ff14b9e0fd317cd61585b": ["54", "cri.sanity.screen.NumsActivity"]}, {"e8415b3f7289faa07cbdffbbce6356c7": ["53", "cri.sanity.screen.NumsActivity"]}, {"e8415b3f7289faa07cbdffbbce6356c7": ["53", "cri.sanity.screen.NumsActivity"]}, {"e8415b3f7289faa07cbdffbbce6356c7": ["53", "cri.sanity.screen.NumsActivity"]}, {"e8415b3f7289faa07cbdffbbce6356c7": ["53", "cri.sanity.screen.NumsActivity"]}, {"9a80671c500ff14b9e0fd317cd61585b": ["54", "cri.sanity.screen.NumsActivity"]}, {"e8415b3f7289faa07cbdffbbce6356c7": ["53", "cri.sanity.screen.NumsActivity"]}, {"e8415b3f7289faa07cbdffbbce6356c7": ["53", "cri.sanity.screen.NumsActivity"]}, {"e8415b3f7289faa07cbdffbbce6356c7": ["53", "cri.sanity.screen.NumsActivity"]}, {"9a80671c500ff14b9e0fd317cd61585b": ["54", "cri.sanity.screen.NumsActivity"]}, {"e8415b3f7289faa07cbdffbbce6356c7": ["53", "cri.sanity.screen.NumsActivity"]}, {"e8415b3f7289faa07cbdffbbce6356c7": ["53", "cri.sanity.screen.NumsActivity"]}, {"e8415b3f7289faa07cbdffbbce6356c7": ["53", "cri.sanity.screen.NumsActivity"]}, {"9a80671c500ff14b9e0fd317cd61585b": ["54", "cri.sanity.screen.NumsActivity"]}, {"e8415b3f7289faa07cbdffbbce6356c7": ["53", "cri.sanity.screen.NumsActivity"]}, {"e8415b3f7289faa07cbdffbbce6356c7": ["53", "cri.sanity.screen.NumsActivity"]}, {"9a80671c500ff14b9e0fd317cd61585b": ["54", "cri.sanity.screen.NumsActivity"]}, {"e8415b3f7289faa07cbdffbbce6356c7": ["53", "cri.sanity.screen.NumsActivity"]}, {"9a80671c500ff14b9e0fd317cd61585b": ["54", "cri.sanity.screen.NumsActivity"]}, {"e8415b3f7289faa07cbdffbbce6356c7": ["53", "cri.sanity.screen.NumsActivity"]}, {"9a80671c500ff14b9e0fd317cd61585b": ["54", "cri.sanity.screen.NumsActivity"]}, {"e8415b3f7289faa07cbdffbbce6356c7": ["53", "cri.sanity.screen.NumsActivity"]}, {"e8415b3f7289faa07cbdffbbce6356c7": ["53", "cri.sanity.screen.NumsActivity"]}, {"036726b3355e146cf1e18cd0d0a2f389": ["34", "cri.sanity.screen.FilterActivity"]}, {"036726b3355e146cf1e18cd0d0a2f389": ["34", "cri.sanity.screen.FilterActivity"]}, {"036726b3355e146cf1e18cd0d0a2f389": ["34", "cri.sanity.screen.FilterActivity"]}, {"7c861241110adf236da1abeaecc0afa6": ["55", "cri.sanity.screen.FilterActivity"]}, {"7c861241110adf236da1abeaecc0afa6": ["55", "cri.sanity.screen.FilterActivity"]}, {"e8415b3f7289faa07cbdffbbce6356c7": ["53", "cri.sanity.screen.NumsActivity"]}, {"e8415b3f7289faa07cbdffbbce6356c7": ["53", "cri.sanity.screen.NumsActivity"]}, {"e8415b3f7289faa07cbdffbbce6356c7": ["53", "cri.sanity.screen.NumsActivity"]}, {"9a80671c500ff14b9e0fd317cd61585b": ["54", "cri.sanity.screen.NumsActivity"]}, {"e8415b3f7289faa07cbdffbbce6356c7": ["53", "cri.sanity.screen.NumsActivity"]}, {"e8415b3f7289faa07cbdffbbce6356c7": ["53", "cri.sanity.screen.NumsActivity"]}, {"e8415b3f7289faa07cbdffbbce6356c7": ["53", "cri.sanity.screen.NumsActivity"]}, {"9a80671c500ff14b9e0fd317cd61585b": ["54", "cri.sanity.screen.NumsActivity"]}, {"e8415b3f7289faa07cbdffbbce6356c7": ["53", "cri.sanity.screen.NumsActivity"]}, {"e8415b3f7289faa07cbdffbbce6356c7": ["53", "cri.sanity.screen.NumsActivity"]}, {"9a80671c500ff14b9e0fd317cd61585b": ["54", "cri.sanity.screen.NumsActivity"]}, {"e8415b3f7289faa07cbdffbbce6356c7": ["53", "cri.sanity.screen.NumsActivity"]}, {"e8415b3f7289faa07cbdffbbce6356c7": ["53", "cri.sanity.screen.NumsActivity"]}, {"e8415b3f7289faa07cbdffbbce6356c7": ["53", "cri.sanity.screen.NumsActivity"]}, {"e8415b3f7289faa07cbdffbbce6356c7": ["53", "cri.sanity.screen.NumsActivity"]}, {"e8415b3f7289faa07cbdffbbce6356c7": ["53", "cri.sanity.screen.NumsActivity"]}, {"7c861241110adf236da1abeaecc0afa6": ["55", "cri.sanity.screen.FilterActivity"]}, {"700a94b4f192b83f3bf43123998d683c": ["3", "cri.sanity.screen.FilterActivity"]}, {"700a94b4f192b83f3bf43123998d683c": ["3", "cri.sanity.screen.FilterActivity"]}, {"a1fe68a29155e614a044e6bfefc7b189": ["4", "cri.sanity.screen.FilterActivity"]}, {"700a94b4f192b83f3bf43123998d683c": ["3", "cri.sanity.screen.FilterActivity"]}, {"700a94b4f192b83f3bf43123998d683c": ["3", "cri.sanity.screen.FilterActivity"]}, {"700a94b4f192b83f3bf43123998d683c": ["3", "cri.sanity.screen.FilterActivity"]}, {"a1fe68a29155e614a044e6bfefc7b189": ["4", "cri.sanity.screen.FilterActivity"]}, {"700a94b4f192b83f3bf43123998d683c": ["3", "cri.sanity.screen.FilterActivity"]}, {"700a94b4f192b83f3bf43123998d683c": ["3", "cri.sanity.screen.FilterActivity"]}, {"700a94b4f192b83f3bf43123998d683c": ["3", "cri.sanity.screen.FilterActivity"]}, {"700a94b4f192b83f3bf43123998d683c": ["3", "cri.sanity.screen.FilterActivity"]}, {"700a94b4f192b83f3bf43123998d683c": ["3", "cri.sanity.screen.FilterActivity"]}, {"700a94b4f192b83f3bf43123998d683c": ["3", "cri.sanity.screen.FilterActivity"]}, {"700a94b4f192b83f3bf43123998d683c": ["3", "cri.sanity.screen.FilterActivity"]}, {"700a94b4f192b83f3bf43123998d683c": ["3", "cri.sanity.screen.FilterActivity"]}, {"a166177da80e963cba1a1b06f060786e": ["8", "cri.sanity.screen.RecordActivity"]}, {"a166177da80e963cba1a1b06f060786e": ["8", "cri.sanity.screen.RecordActivity"]}, {"a166177da80e963cba1a1b06f060786e": ["8", "cri.sanity.screen.RecordActivity"]}, {"33d8af6855547d32c29c58c95b26ac68": ["9", "cri.sanity.screen.RecordActivity"]}, {"a166177da80e963cba1a1b06f060786e": ["8", "cri.sanity.screen.RecordActivity"]}, {"2cc55a0fea3bb830e7b99f305bf3ede2": ["31", "cri.sanity.screen.RecordActivity"]}, {"2cc55a0fea3bb830e7b99f305bf3ede2": ["31", "cri.sanity.screen.RecordActivity"]}, {"2985b6f51ce15d3a9b7a53776c23c068": ["2", "cri.sanity.screen.AnswerActivity"]}, {"2985b6f51ce15d3a9b7a53776c23c068": ["2", "cri.sanity.screen.AnswerActivity"]}, {"2985b6f51ce15d3a9b7a53776c23c068": ["2", "cri.sanity.screen.AnswerActivity"]}, {"2985b6f51ce15d3a9b7a53776c23c068": ["2", "cri.sanity.screen.AnswerActivity"]}, {"700a94b4f192b83f3bf43123998d683c": ["3", "cri.sanity.screen.FilterActivity"]}, {"31105b3e768e618248f254bceb690935": ["5", "cri.sanity.screen.DateTimeActivity"]}, {"0a225278980027d4cb43da19cfdbaf0e": ["6", "cri.sanity.screen.DateTimeActivity"]}, {"31105b3e768e618248f254bceb690935": ["5", "cri.sanity.screen.DateTimeActivity"]}, {"700a94b4f192b83f3bf43123998d683c": ["3", "cri.sanity.screen.FilterActivity"]}, {"a1fe68a29155e614a044e6bfefc7b189": ["4", "cri.sanity.screen.FilterActivity"]}, {"700a94b4f192b83f3bf43123998d683c": ["3", "cri.sanity.screen.FilterActivity"]}, {"9cf99100c7ea83a812da477e402adfb4": ["7", "cri.sanity.screen.FilterActivity"]}, {"d43fa71324dd8debc54283f7c546d354": ["36", "cri.sanity.screen.FilterActivity"]}, {"d43fa71324dd8debc54283f7c546d354": ["36", "cri.sanity.screen.FilterActivity"]}, {"d43fa71324dd8debc54283f7c546d354": ["36", "cri.sanity.screen.FilterActivity"]}, {"9cf99100c7ea83a812da477e402adfb4": ["7", "cri.sanity.screen.FilterActivity"]}, {"d43fa71324dd8debc54283f7c546d354": ["36", "cri.sanity.screen.FilterActivity"]}, {"a1fe68a29155e614a044e6bfefc7b189": ["4", "cri.sanity.screen.FilterActivity"]}, {"700a94b4f192b83f3bf43123998d683c": ["3", "cri.sanity.screen.FilterActivity"]}, {"a1fe68a29155e614a044e6bfefc7b189": ["4", "cri.sanity.screen.FilterActivity"]}, {"700a94b4f192b83f3bf43123998d683c": ["3", "cri.sanity.screen.FilterActivity"]}, {"700a94b4f192b83f3bf43123998d683c": ["3", "cri.sanity.screen.FilterActivity"]}, {"388efc7d136a6466d5dd8c1fde4765c8": ["24", "cri.sanity.screen.GeneralActivity"]}, {"388efc7d136a6466d5dd8c1fde4765c8": ["24", "cri.sanity.screen.GeneralActivity"]}, {"388efc7d136a6466d5dd8c1fde4765c8": ["24", "cri.sanity.screen.GeneralActivity"]}, {"388efc7d136a6466d5dd8c1fde4765c8": ["24", "cri.sanity.screen.GeneralActivity"]}, {"388efc7d136a6466d5dd8c1fde4765c8": ["24", "cri.sanity.screen.GeneralActivity"]}, {"590580dbeced54ff4a978cf8099751f6": ["37", "cri.sanity.screen.GeneralActivity"]}, {"68ab6fe678ccdc4821da6d080ac24a17": ["38", "cri.sanity.screen.GeneralActivity"]}, {"590580dbeced54ff4a978cf8099751f6": ["37", "cri.sanity.screen.GeneralActivity"]}, {"590580dbeced54ff4a978cf8099751f6": ["37", "cri.sanity.screen.GeneralActivity"]}, {"68ab6fe678ccdc4821da6d080ac24a17": ["38", "cri.sanity.screen.GeneralActivity"]}, {"2985b6f51ce15d3a9b7a53776c23c068": ["2", "cri.sanity.screen.AnswerActivity"]}, {"b1b34719d58c72b5aca3a227c8b3ea7a": ["56", "cri.sanity.screen.FilterActivity"]}, {"9cf99100c7ea83a812da477e402adfb4": ["7", "cri.sanity.screen.FilterActivity"]}, {"da0aa84dcba6ccd4f1553638ef4b7a72": ["17", "cri.sanity.screen.BlockerActivity"]}, {"388efc7d136a6466d5dd8c1fde4765c8": ["24", "cri.sanity.screen.GeneralActivity"]}, {"732b2215f50bc64c829db86786170a5a": ["25", "cri.sanity.screen.GeneralActivity"]}, {"388efc7d136a6466d5dd8c1fde4765c8": ["24", "cri.sanity.screen.GeneralActivity"]}, {"388efc7d136a6466d5dd8c1fde4765c8": ["24", "cri.sanity.screen.GeneralActivity"]}, {"388efc7d136a6466d5dd8c1fde4765c8": ["24", "cri.sanity.screen.GeneralActivity"]}, {"388efc7d136a6466d5dd8c1fde4765c8": ["24", "cri.sanity.screen.GeneralActivity"]}, {"388efc7d136a6466d5dd8c1fde4765c8": ["24", "cri.sanity.screen.GeneralActivity"]}, {"848e9b204182b446cafc2b09cfe48967": ["57", "cri.sanity.screen.GeneralActivity"]}, {"68ab6fe678ccdc4821da6d080ac24a17": ["38", "cri.sanity.screen.GeneralActivity"]}, {"da0aa84dcba6ccd4f1553638ef4b7a72": ["17", "cri.sanity.screen.BlockerActivity"]}, {"da0aa84dcba6ccd4f1553638ef4b7a72": ["17", "cri.sanity.screen.BlockerActivity"]}, {"a6d3e9892ab00a41251721d267829318": ["58", "cri.sanity.screen.BlockerActivity"]}, {"da0aa84dcba6ccd4f1553638ef4b7a72": ["17", "cri.sanity.screen.BlockerActivity"]}, {"95bfb1a06b38c57c0913135fdf404b8f": ["47", "cri.sanity.screen.BlockerActivity"]}, {"700a94b4f192b83f3bf43123998d683c": ["3", "cri.sanity.screen.FilterActivity"]}, {"a1fe68a29155e614a044e6bfefc7b189": ["4", "cri.sanity.screen.FilterActivity"]}, {"700a94b4f192b83f3bf43123998d683c": ["3", "cri.sanity.screen.FilterActivity"]}, {"31105b3e768e618248f254bceb690935": ["5", "cri.sanity.screen.DateTimeActivity"]}, {"ce2c7c0754e337ab915a65b4bc53b5ce": ["48", "cri.sanity.screen.DateTimeActivity"]}, {"da0aa84dcba6ccd4f1553638ef4b7a72": ["17", "cri.sanity.screen.BlockerActivity"]}, {"da0aa84dcba6ccd4f1553638ef4b7a72": ["17", "cri.sanity.screen.BlockerActivity"]}, {"700a94b4f192b83f3bf43123998d683c": ["3", "cri.sanity.screen.FilterActivity"]}, {"700a94b4f192b83f3bf43123998d683c": ["3", "cri.sanity.screen.FilterActivity"]}, {"700a94b4f192b83f3bf43123998d683c": ["3", "cri.sanity.screen.FilterActivity"]}, {"a1fe68a29155e614a044e6bfefc7b189": ["4", "cri.sanity.screen.FilterActivity"]}, {"700a94b4f192b83f3bf43123998d683c": ["3", "cri.sanity.screen.FilterActivity"]}, {"8588ccc5807870a575cbb5802ef5dca0": ["59", "cri.sanity.screen.FilterActivity"]}, {"e8415b3f7289faa07cbdffbbce6356c7": ["53", "cri.sanity.screen.NumsActivity"]}, {"9a80671c500ff14b9e0fd317cd61585b": ["54", "cri.sanity.screen.NumsActivity"]}, {"e8415b3f7289faa07cbdffbbce6356c7": ["53", "cri.sanity.screen.NumsActivity"]}, {"e8415b3f7289faa07cbdffbbce6356c7": ["53", "cri.sanity.screen.NumsActivity"]}, {"e8415b3f7289faa07cbdffbbce6356c7": ["53", "cri.sanity.screen.NumsActivity"]}, {"e8415b3f7289faa07cbdffbbce6356c7": ["53", "cri.sanity.screen.NumsActivity"]}, {"e8415b3f7289faa07cbdffbbce6356c7": ["53", "cri.sanity.screen.NumsActivity"]}, {"e8415b3f7289faa07cbdffbbce6356c7": ["53", "cri.sanity.screen.NumsActivity"]}, {"9a80671c500ff14b9e0fd317cd61585b": ["54", "cri.sanity.screen.NumsActivity"]}, {"e8415b3f7289faa07cbdffbbce6356c7": ["53", "cri.sanity.screen.NumsActivity"]}, {"9a80671c500ff14b9e0fd317cd61585b": ["54", "cri.sanity.screen.NumsActivity"]}, {"e8415b3f7289faa07cbdffbbce6356c7": ["53", "cri.sanity.screen.NumsActivity"]}, {"e8415b3f7289faa07cbdffbbce6356c7": ["53", "cri.sanity.screen.NumsActivity"]}, {"e8415b3f7289faa07cbdffbbce6356c7": ["53", "cri.sanity.screen.NumsActivity"]}, {"e8415b3f7289faa07cbdffbbce6356c7": ["53", "cri.sanity.screen.NumsActivity"]}, {"e8415b3f7289faa07cbdffbbce6356c7": ["53", "cri.sanity.screen.NumsActivity"]}, {"e8415b3f7289faa07cbdffbbce6356c7": ["53", "cri.sanity.screen.NumsActivity"]}, {"9a80671c500ff14b9e0fd317cd61585b": ["54", "cri.sanity.screen.NumsActivity"]}, {"e8415b3f7289faa07cbdffbbce6356c7": ["53", "cri.sanity.screen.NumsActivity"]}, {"e8415b3f7289faa07cbdffbbce6356c7": ["53", "cri.sanity.screen.NumsActivity"]}, {"e8415b3f7289faa07cbdffbbce6356c7": ["53", "cri.sanity.screen.NumsActivity"]}, {"e8415b3f7289faa07cbdffbbce6356c7": ["53", "cri.sanity.screen.NumsActivity"]}, {"e8415b3f7289faa07cbdffbbce6356c7": ["53", "cri.sanity.screen.NumsActivity"]}, {"9a80671c500ff14b9e0fd317cd61585b": ["54", "cri.sanity.screen.NumsActivity"]}, {"e8415b3f7289faa07cbdffbbce6356c7": ["53", "cri.sanity.screen.NumsActivity"]}, {"e8415b3f7289faa07cbdffbbce6356c7": ["53", "cri.sanity.screen.NumsActivity"]}, {"e8415b3f7289faa07cbdffbbce6356c7": ["53", "cri.sanity.screen.NumsActivity"]}, {"e8415b3f7289faa07cbdffbbce6356c7": ["53", "cri.sanity.screen.NumsActivity"]}, {"9a80671c500ff14b9e0fd317cd61585b": ["54", "cri.sanity.screen.NumsActivity"]}, {"e8415b3f7289faa07cbdffbbce6356c7": ["53", "cri.sanity.screen.NumsActivity"]}, {"e8415b3f7289faa07cbdffbbce6356c7": ["53", "cri.sanity.screen.NumsActivity"]}, {"e8415b3f7289faa07cbdffbbce6356c7": ["53", "cri.sanity.screen.NumsActivity"]}, {"9a80671c500ff14b9e0fd317cd61585b": ["54", "cri.sanity.screen.NumsActivity"]}, {"e8415b3f7289faa07cbdffbbce6356c7": ["53", "cri.sanity.screen.NumsActivity"]}, {"e8415b3f7289faa07cbdffbbce6356c7": ["53", "cri.sanity.screen.NumsActivity"]}, {"e8415b3f7289faa07cbdffbbce6356c7": ["53", "cri.sanity.screen.NumsActivity"]}, {"9a80671c500ff14b9e0fd317cd61585b": ["54", "cri.sanity.screen.NumsActivity"]}, {"e8415b3f7289faa07cbdffbbce6356c7": ["53", "cri.sanity.screen.NumsActivity"]}, {"e8415b3f7289faa07cbdffbbce6356c7": ["53", "cri.sanity.screen.NumsActivity"]}, {"9a80671c500ff14b9e0fd317cd61585b": ["54", "cri.sanity.screen.NumsActivity"]}, {"e8415b3f7289faa07cbdffbbce6356c7": ["53", "cri.sanity.screen.NumsActivity"]}, {"9a80671c500ff14b9e0fd317cd61585b": ["54", "cri.sanity.screen.NumsActivity"]}, {"e8415b3f7289faa07cbdffbbce6356c7": ["53", "cri.sanity.screen.NumsActivity"]}, {"9a80671c500ff14b9e0fd317cd61585b": ["54", "cri.sanity.screen.NumsActivity"]}, {"e8415b3f7289faa07cbdffbbce6356c7": ["53", "cri.sanity.screen.NumsActivity"]}, {"e8415b3f7289faa07cbdffbbce6356c7": ["53", "cri.sanity.screen.NumsActivity"]}, {"8588ccc5807870a575cbb5802ef5dca0": ["59", "cri.sanity.screen.FilterActivity"]}, {"8588ccc5807870a575cbb5802ef5dca0": ["59", "cri.sanity.screen.FilterActivity"]}, {"8588ccc5807870a575cbb5802ef5dca0": ["59", "cri.sanity.screen.FilterActivity"]}, {"036726b3355e146cf1e18cd0d0a2f389": ["34", "cri.sanity.screen.FilterActivity"]}, {"8588ccc5807870a575cbb5802ef5dca0": ["59", "cri.sanity.screen.FilterActivity"]}, {"8588ccc5807870a575cbb5802ef5dca0": ["59", "cri.sanity.screen.FilterActivity"]}, {"31105b3e768e618248f254bceb690935": ["5", "cri.sanity.screen.DateTimeActivity"]}, {"31105b3e768e618248f254bceb690935": ["5", "cri.sanity.screen.DateTimeActivity"]}, {"0a225278980027d4cb43da19cfdbaf0e": ["6", "cri.sanity.screen.DateTimeActivity"]}, {"31105b3e768e618248f254bceb690935": ["5", "cri.sanity.screen.DateTimeActivity"]}, {"06611908e7aa86566bb67014028377bf": ["15", "cri.sanity.screen.TtsActivity"]}, {"43ca62123a2445098199aab385b8251a": ["32", "cri.sanity.screen.TtsActivity"]}, {"06611908e7aa86566bb67014028377bf": ["15", "cri.sanity.screen.TtsActivity"]}, {"43ca62123a2445098199aab385b8251a": ["32", "cri.sanity.screen.TtsActivity"]}, {"06611908e7aa86566bb67014028377bf": ["15", "cri.sanity.screen.TtsActivity"]}, {"06611908e7aa86566bb67014028377bf": ["15", "cri.sanity.screen.TtsActivity"]}, {"95bfb1a06b38c57c0913135fdf404b8f": ["47", "cri.sanity.screen.BlockerActivity"]}, {"d20c005a1da1ce6c3da3b65f6b0539bf": ["19", "cri.sanity.screen.BlockerActivity"]}, {"95bfb1a06b38c57c0913135fdf404b8f": ["47", "cri.sanity.screen.BlockerActivity"]}, {"da0aa84dcba6ccd4f1553638ef4b7a72": ["17", "cri.sanity.screen.BlockerActivity"]}, {"da0aa84dcba6ccd4f1553638ef4b7a72": ["17", "cri.sanity.screen.BlockerActivity"]}, {"da0aa84dcba6ccd4f1553638ef4b7a72": ["17", "cri.sanity.screen.BlockerActivity"]}, {"700a94b4f192b83f3bf43123998d683c": ["3", "cri.sanity.screen.FilterActivity"]}, {"700a94b4f192b83f3bf43123998d683c": ["3", "cri.sanity.screen.FilterActivity"]}, {"700a94b4f192b83f3bf43123998d683c": ["3", "cri.sanity.screen.FilterActivity"]}, {"700a94b4f192b83f3bf43123998d683c": ["3", "cri.sanity.screen.FilterActivity"]}, {"9cf99100c7ea83a812da477e402adfb4": ["7", "cri.sanity.screen.FilterActivity"]}, {"700a94b4f192b83f3bf43123998d683c": ["3", "cri.sanity.screen.FilterActivity"]}, {"d43fa71324dd8debc54283f7c546d354": ["36", "cri.sanity.screen.FilterActivity"]}, {"d43fa71324dd8debc54283f7c546d354": ["36", "cri.sanity.screen.FilterActivity"]}, {"700a94b4f192b83f3bf43123998d683c": ["3", "cri.sanity.screen.FilterActivity"]}, {"da0aa84dcba6ccd4f1553638ef4b7a72": ["17", "cri.sanity.screen.BlockerActivity"]}, {"d20c005a1da1ce6c3da3b65f6b0539bf": ["19", "cri.sanity.screen.BlockerActivity"]}, {"388efc7d136a6466d5dd8c1fde4765c8": ["24", "cri.sanity.screen.GeneralActivity"]}, {"732b2215f50bc64c829db86786170a5a": ["25", "cri.sanity.screen.GeneralActivity"]}, {"388efc7d136a6466d5dd8c1fde4765c8": ["24", "cri.sanity.screen.GeneralActivity"]}, {"388efc7d136a6466d5dd8c1fde4765c8": ["24", "cri.sanity.screen.GeneralActivity"]}, {"388efc7d136a6466d5dd8c1fde4765c8": ["24", "cri.sanity.screen.GeneralActivity"]}, {"388efc7d136a6466d5dd8c1fde4765c8": ["24", "cri.sanity.screen.GeneralActivity"]}, {"388efc7d136a6466d5dd8c1fde4765c8": ["24", "cri.sanity.screen.GeneralActivity"]}, {"388efc7d136a6466d5dd8c1fde4765c8": ["24", "cri.sanity.screen.GeneralActivity"]}, {"388efc7d136a6466d5dd8c1fde4765c8": ["24", "cri.sanity.screen.GeneralActivity"]}, {"02393034976bd14a57f16a80fc865606": ["60", "cri.sanity.screen.GeneralActivity"]}, {"02393034976bd14a57f16a80fc865606": ["60", "cri.sanity.screen.GeneralActivity"]}, {"8588ccc5807870a575cbb5802ef5dca0": ["59", "cri.sanity.screen.FilterActivity"]}, {"8588ccc5807870a575cbb5802ef5dca0": ["59", "cri.sanity.screen.FilterActivity"]}, {"31105b3e768e618248f254bceb690935": ["5", "cri.sanity.screen.DateTimeActivity"]}, {"0a225278980027d4cb43da19cfdbaf0e": ["6", "cri.sanity.screen.DateTimeActivity"]}, {"31105b3e768e618248f254bceb690935": ["5", "cri.sanity.screen.DateTimeActivity"]}, {"31105b3e768e618248f254bceb690935": ["5", "cri.sanity.screen.DateTimeActivity"]}, {"31105b3e768e618248f254bceb690935": ["5", "cri.sanity.screen.DateTimeActivity"]}, {"31105b3e768e618248f254bceb690935": ["5", "cri.sanity.screen.DateTimeActivity"]}, {"31105b3e768e618248f254bceb690935": ["5", "cri.sanity.screen.DateTimeActivity"]}, {"9461824d5230838c81ee80004b923754": ["61", "cri.sanity.screen.DateTimeActivity"]}, {"e8fcb7c7c8aeffcdf98ce33ad1d5fa19": ["62", "cri.sanity.screen.DateTimeActivity"]}, {"e8fcb7c7c8aeffcdf98ce33ad1d5fa19": ["62", "cri.sanity.screen.DateTimeActivity"]}, {"8588ccc5807870a575cbb5802ef5dca0": ["59", "cri.sanity.screen.FilterActivity"]}, {"31105b3e768e618248f254bceb690935": ["5", "cri.sanity.screen.DateTimeActivity"]}, {"4b0904553b1ad766bcd7379bc36888f5": ["63", "cri.sanity.screen.DateTimeActivity"]}, {"4b0904553b1ad766bcd7379bc36888f5": ["63", "cri.sanity.screen.DateTimeActivity"]}, {"4b0904553b1ad766bcd7379bc36888f5": ["63", "cri.sanity.screen.DateTimeActivity"]}, {"4b0904553b1ad766bcd7379bc36888f5": ["63", "cri.sanity.screen.DateTimeActivity"]}, {"4b0904553b1ad766bcd7379bc36888f5": ["63", "cri.sanity.screen.DateTimeActivity"]}, {"fe00d8325de346df920a2ae328fe3df1": ["64", "cri.sanity.screen.DateTimeActivity"]}, {"fe00d8325de346df920a2ae328fe3df1": ["64", "cri.sanity.screen.DateTimeActivity"]}, {"fe00d8325de346df920a2ae328fe3df1": ["64", "cri.sanity.screen.DateTimeActivity"]}, {"31105b3e768e618248f254bceb690935": ["5", "cri.sanity.screen.DateTimeActivity"]}, {"31105b3e768e618248f254bceb690935": ["5", "cri.sanity.screen.DateTimeActivity"]}, {"31105b3e768e618248f254bceb690935": ["5", "cri.sanity.screen.DateTimeActivity"]}, {"0a225278980027d4cb43da19cfdbaf0e": ["6", "cri.sanity.screen.DateTimeActivity"]}, {"31105b3e768e618248f254bceb690935": ["5", "cri.sanity.screen.DateTimeActivity"]}, {"31105b3e768e618248f254bceb690935": ["5", "cri.sanity.screen.DateTimeActivity"]}, {"31105b3e768e618248f254bceb690935": ["5", "cri.sanity.screen.DateTimeActivity"]}, {"de913914d83fa530f8a6de9ece1af01c": ["12", "cri.sanity.screen.UrgentActivity"]}, {"8588ccc5807870a575cbb5802ef5dca0": ["59", "cri.sanity.screen.FilterActivity"]}, {"700a94b4f192b83f3bf43123998d683c": ["3", "cri.sanity.screen.FilterActivity"]}, {"700a94b4f192b83f3bf43123998d683c": ["3", "cri.sanity.screen.FilterActivity"]}, {"700a94b4f192b83f3bf43123998d683c": ["3", "cri.sanity.screen.FilterActivity"]}, {"a1fe68a29155e614a044e6bfefc7b189": ["4", "cri.sanity.screen.FilterActivity"]}, {"700a94b4f192b83f3bf43123998d683c": ["3", "cri.sanity.screen.FilterActivity"]}, {"da0aa84dcba6ccd4f1553638ef4b7a72": ["17", "cri.sanity.screen.BlockerActivity"]}, {"d20c005a1da1ce6c3da3b65f6b0539bf": ["19", "cri.sanity.screen.BlockerActivity"]}, {"388efc7d136a6466d5dd8c1fde4765c8": ["24", "cri.sanity.screen.GeneralActivity"]}, {"732b2215f50bc64c829db86786170a5a": ["25", "cri.sanity.screen.GeneralActivity"]}, {"388efc7d136a6466d5dd8c1fde4765c8": ["24", "cri.sanity.screen.GeneralActivity"]}, {"732b2215f50bc64c829db86786170a5a": ["25", "cri.sanity.screen.GeneralActivity"]}, {"388efc7d136a6466d5dd8c1fde4765c8": ["24", "cri.sanity.screen.GeneralActivity"]}, {"388efc7d136a6466d5dd8c1fde4765c8": ["24", "cri.sanity.screen.GeneralActivity"]}, {"a166177da80e963cba1a1b06f060786e": ["8", "cri.sanity.screen.RecordActivity"]}, {"de913914d83fa530f8a6de9ece1af01c": ["12", "cri.sanity.screen.UrgentActivity"]}, {"de913914d83fa530f8a6de9ece1af01c": ["12", "cri.sanity.screen.UrgentActivity"]}, {"700a94b4f192b83f3bf43123998d683c": ["3", "cri.sanity.screen.FilterActivity"]}, {"700a94b4f192b83f3bf43123998d683c": ["3", "cri.sanity.screen.FilterActivity"]}, {"700a94b4f192b83f3bf43123998d683c": ["3", "cri.sanity.screen.FilterActivity"]}, {"036726b3355e146cf1e18cd0d0a2f389": ["34", "cri.sanity.screen.FilterActivity"]}, {"036726b3355e146cf1e18cd0d0a2f389": ["34", "cri.sanity.screen.FilterActivity"]}, {"036726b3355e146cf1e18cd0d0a2f389": ["34", "cri.sanity.screen.FilterActivity"]}, {"036726b3355e146cf1e18cd0d0a2f389": ["34", "cri.sanity.screen.FilterActivity"]}, {"700a94b4f192b83f3bf43123998d683c": ["3", "cri.sanity.screen.FilterActivity"]}, {"700a94b4f192b83f3bf43123998d683c": ["3", "cri.sanity.screen.FilterActivity"]}, {"700a94b4f192b83f3bf43123998d683c": ["3", "cri.sanity.screen.FilterActivity"]}, {"700a94b4f192b83f3bf43123998d683c": ["3", "cri.sanity.screen.FilterActivity"]}, {"700a94b4f192b83f3bf43123998d683c": ["3", "cri.sanity.screen.FilterActivity"]}, {"da0aa84dcba6ccd4f1553638ef4b7a72": ["17", "cri.sanity.screen.BlockerActivity"]}, {"da0aa84dcba6ccd4f1553638ef4b7a72": ["17", "cri.sanity.screen.BlockerActivity"]}, {"d20c005a1da1ce6c3da3b65f6b0539bf": ["19", "cri.sanity.screen.BlockerActivity"]}, {"da0aa84dcba6ccd4f1553638ef4b7a72": ["17", "cri.sanity.screen.BlockerActivity"]}, {"de913914d83fa530f8a6de9ece1af01c": ["12", "cri.sanity.screen.UrgentActivity"]}, {"de913914d83fa530f8a6de9ece1af01c": ["12", "cri.sanity.screen.UrgentActivity"]}, {"de913914d83fa530f8a6de9ece1af01c": ["12", "cri.sanity.screen.UrgentActivity"]}, {"eb916eb313d4539adcc9a9e0ae1a345a": ["13", "cri.sanity.screen.UrgentActivity"]}, {"2985b6f51ce15d3a9b7a53776c23c068": ["2", "cri.sanity.screen.AnswerActivity"]}, {"6de4417d0069472fdd7d2d4d3bec15f5": ["22", "cri.sanity.screen.AnswerActivity"]}, {"2985b6f51ce15d3a9b7a53776c23c068": ["2", "cri.sanity.screen.AnswerActivity"]}, {"6de4417d0069472fdd7d2d4d3bec15f5": ["22", "cri.sanity.screen.AnswerActivity"]}, {"2985b6f51ce15d3a9b7a53776c23c068": ["2", "cri.sanity.screen.AnswerActivity"]}, {"2985b6f51ce15d3a9b7a53776c23c068": ["2", "cri.sanity.screen.AnswerActivity"]}, {"2985b6f51ce15d3a9b7a53776c23c068": ["2", "cri.sanity.screen.AnswerActivity"]}, {"6de4417d0069472fdd7d2d4d3bec15f5": ["22", "cri.sanity.screen.AnswerActivity"]}, {"2985b6f51ce15d3a9b7a53776c23c068": ["2", "cri.sanity.screen.AnswerActivity"]}, {"2985b6f51ce15d3a9b7a53776c23c068": ["2", "cri.sanity.screen.AnswerActivity"]}, {"1e84e05309ff42b1706944e04a1e00a5": ["21", "cri.sanity.screen.AnswerActivity"]}, {"2985b6f51ce15d3a9b7a53776c23c068": ["2", "cri.sanity.screen.AnswerActivity"]}, {"2985b6f51ce15d3a9b7a53776c23c068": ["2", "cri.sanity.screen.AnswerActivity"]}, {"2985b6f51ce15d3a9b7a53776c23c068": ["2", "cri.sanity.screen.AnswerActivity"]}, {"700a94b4f192b83f3bf43123998d683c": ["3", "cri.sanity.screen.FilterActivity"]}, {"a1fe68a29155e614a044e6bfefc7b189": ["4", "cri.sanity.screen.FilterActivity"]}, {"700a94b4f192b83f3bf43123998d683c": ["3", "cri.sanity.screen.FilterActivity"]}, {"700a94b4f192b83f3bf43123998d683c": ["3", "cri.sanity.screen.FilterActivity"]}, {"700a94b4f192b83f3bf43123998d683c": ["3", "cri.sanity.screen.FilterActivity"]}, {"98d677108fb8a21d8c79a14a137a0e90": ["65", "cri.sanity.screen.FilterActivity"]}, {"161252e477b9285cb6a982ed2116fa15": ["66", "cri.sanity.screen.GroupsActivity"]}, {"161252e477b9285cb6a982ed2116fa15": ["66", "cri.sanity.screen.GroupsActivity"]}, {"161252e477b9285cb6a982ed2116fa15": ["66", "cri.sanity.screen.GroupsActivity"]}, {"98d677108fb8a21d8c79a14a137a0e90": ["65", "cri.sanity.screen.FilterActivity"]}, {"161252e477b9285cb6a982ed2116fa15": ["66", "cri.sanity.screen.GroupsActivity"]}, {"161252e477b9285cb6a982ed2116fa15": ["66", "cri.sanity.screen.GroupsActivity"]}, {"5f628bb28a072583ca7f3d1f70cadb13": ["67", "cri.sanity.screen.GroupsActivity"]}, {"161252e477b9285cb6a982ed2116fa15": ["66", "cri.sanity.screen.GroupsActivity"]}, {"161252e477b9285cb6a982ed2116fa15": ["66", "cri.sanity.screen.GroupsActivity"]}, {"700a94b4f192b83f3bf43123998d683c": ["3", "cri.sanity.screen.FilterActivity"]}, {"31105b3e768e618248f254bceb690935": ["5", "cri.sanity.screen.DateTimeActivity"]}, {"0a225278980027d4cb43da19cfdbaf0e": ["6", "cri.sanity.screen.DateTimeActivity"]}, {"de913914d83fa530f8a6de9ece1af01c": ["12", "cri.sanity.screen.UrgentActivity"]}, {"de913914d83fa530f8a6de9ece1af01c": ["12", "cri.sanity.screen.UrgentActivity"]}, {"eb916eb313d4539adcc9a9e0ae1a345a": ["13", "cri.sanity.screen.UrgentActivity"]}, {"de913914d83fa530f8a6de9ece1af01c": ["12", "cri.sanity.screen.UrgentActivity"]}, {"de913914d83fa530f8a6de9ece1af01c": ["12", "cri.sanity.screen.UrgentActivity"]}, {"eb916eb313d4539adcc9a9e0ae1a345a": ["13", "cri.sanity.screen.UrgentActivity"]}, {"de913914d83fa530f8a6de9ece1af01c": ["12", "cri.sanity.screen.UrgentActivity"]}, {"de913914d83fa530f8a6de9ece1af01c": ["12", "cri.sanity.screen.UrgentActivity"]}, {"388efc7d136a6466d5dd8c1fde4765c8": ["24", "cri.sanity.screen.GeneralActivity"]}, {"388efc7d136a6466d5dd8c1fde4765c8": ["24", "cri.sanity.screen.GeneralActivity"]}, {"388efc7d136a6466d5dd8c1fde4765c8": ["24", "cri.sanity.screen.GeneralActivity"]}, {"388efc7d136a6466d5dd8c1fde4765c8": ["24", "cri.sanity.screen.GeneralActivity"]}, {"0539fb7687df4168c9a2f03770a51470": ["68", "cri.sanity.screen.GeneralActivity"]}, {"0539fb7687df4168c9a2f03770a51470": ["68", "cri.sanity.screen.GeneralActivity"]}, {"0539fb7687df4168c9a2f03770a51470": ["68", "cri.sanity.screen.GeneralActivity"]}, {"388efc7d136a6466d5dd8c1fde4765c8": ["24", "cri.sanity.screen.GeneralActivity"]}, {"388efc7d136a6466d5dd8c1fde4765c8": ["24", "cri.sanity.screen.GeneralActivity"]}, {"a166177da80e963cba1a1b06f060786e": ["8", "cri.sanity.screen.RecordActivity"]}, {"33d8af6855547d32c29c58c95b26ac68": ["9", "cri.sanity.screen.RecordActivity"]}, {"a166177da80e963cba1a1b06f060786e": ["8", "cri.sanity.screen.RecordActivity"]}, {"33d8af6855547d32c29c58c95b26ac68": ["9", "cri.sanity.screen.RecordActivity"]}, {"2985b6f51ce15d3a9b7a53776c23c068": ["2", "cri.sanity.screen.AnswerActivity"]}, {"2985b6f51ce15d3a9b7a53776c23c068": ["2", "cri.sanity.screen.AnswerActivity"]}, {"2985b6f51ce15d3a9b7a53776c23c068": ["2", "cri.sanity.screen.AnswerActivity"]}, {"2985b6f51ce15d3a9b7a53776c23c068": ["2", "cri.sanity.screen.AnswerActivity"]}, {"2985b6f51ce15d3a9b7a53776c23c068": ["2", "cri.sanity.screen.AnswerActivity"]}, {"2985b6f51ce15d3a9b7a53776c23c068": ["2", "cri.sanity.screen.AnswerActivity"]}, {"2985b6f51ce15d3a9b7a53776c23c068": ["2", "cri.sanity.screen.AnswerActivity"]}, {"6df0019f8af1a163a3d81a8793a20935": ["69", "cri.sanity.screen.AnswerActivity"]}, {"6de4417d0069472fdd7d2d4d3bec15f5": ["22", "cri.sanity.screen.AnswerActivity"]}, {"2985b6f51ce15d3a9b7a53776c23c068": ["2", "cri.sanity.screen.AnswerActivity"]}, {"2985b6f51ce15d3a9b7a53776c23c068": ["2", "cri.sanity.screen.AnswerActivity"]}, {"2985b6f51ce15d3a9b7a53776c23c068": ["2", "cri.sanity.screen.AnswerActivity"]}, {"06611908e7aa86566bb67014028377bf": ["15", "cri.sanity.screen.TtsActivity"]}, {"43ca62123a2445098199aab385b8251a": ["32", "cri.sanity.screen.TtsActivity"]}, {"06611908e7aa86566bb67014028377bf": ["15", "cri.sanity.screen.TtsActivity"]}, {"3d020bc7abaa3547350c97830874b607": ["16", "cri.sanity.screen.TtsActivity"]}, {"2985b6f51ce15d3a9b7a53776c23c068": ["2", "cri.sanity.screen.AnswerActivity"]}, {"2985b6f51ce15d3a9b7a53776c23c068": ["2", "cri.sanity.screen.AnswerActivity"]}, {"2985b6f51ce15d3a9b7a53776c23c068": ["2", "cri.sanity.screen.AnswerActivity"]}, {"2985b6f51ce15d3a9b7a53776c23c068": ["2", "cri.sanity.screen.AnswerActivity"]}, {"2985b6f51ce15d3a9b7a53776c23c068": ["2", "cri.sanity.screen.AnswerActivity"]}, {"6de4417d0069472fdd7d2d4d3bec15f5": ["22", "cri.sanity.screen.AnswerActivity"]}, {"2985b6f51ce15d3a9b7a53776c23c068": ["2", "cri.sanity.screen.AnswerActivity"]}, {"2985b6f51ce15d3a9b7a53776c23c068": ["2", "cri.sanity.screen.AnswerActivity"]}, {"2985b6f51ce15d3a9b7a53776c23c068": ["2", "cri.sanity.screen.AnswerActivity"]}, {"2985b6f51ce15d3a9b7a53776c23c068": ["2", "cri.sanity.screen.AnswerActivity"]}, {"2985b6f51ce15d3a9b7a53776c23c068": ["2", "cri.sanity.screen.AnswerActivity"]}, {"18fed440f9661cb5d162a542680888a4": ["70", "cri.sanity.screen.AnswerActivity"]}, {"90fec60ee42deacf555566219ede9e6f": ["71", "cri.sanity.screen.AnswerActivity"]}, {"49dc96f6a391205f9bfdc62b7199defc": ["72", "cri.sanity.screen.AboutActivity"]}, {"49dc96f6a391205f9bfdc62b7199defc": ["72", "cri.sanity.screen.AboutActivity"]}, {"1647f716bdaef476fd41db1bc3e007f8": ["73", "cri.sanity.screen.AboutActivity"]}, {"1647f716bdaef476fd41db1bc3e007f8": ["73", "cri.sanity.screen.AboutActivity"]}, {"1647f716bdaef476fd41db1bc3e007f8": ["73", "cri.sanity.screen.AboutActivity"]}, {"1647f716bdaef476fd41db1bc3e007f8": ["73", "cri.sanity.screen.AboutActivity"]}, {"1647f716bdaef476fd41db1bc3e007f8": ["73", "cri.sanity.screen.AboutActivity"]}, {"1647f716bdaef476fd41db1bc3e007f8": ["73", "cri.sanity.screen.AboutActivity"]}, {"a35812d48d6c8023f3b0ed006f03c618": ["74", "cri.sanity.screen.BlockerActivity"]}, {"da0aa84dcba6ccd4f1553638ef4b7a72": ["17", "cri.sanity.screen.BlockerActivity"]}, {"d20c005a1da1ce6c3da3b65f6b0539bf": ["19", "cri.sanity.screen.BlockerActivity"]}, {"da0aa84dcba6ccd4f1553638ef4b7a72": ["17", "cri.sanity.screen.BlockerActivity"]}, {"700a94b4f192b83f3bf43123998d683c": ["3", "cri.sanity.screen.FilterActivity"]}, {"a1fe68a29155e614a044e6bfefc7b189": ["4", "cri.sanity.screen.FilterActivity"]}, {"700a94b4f192b83f3bf43123998d683c": ["3", "cri.sanity.screen.FilterActivity"]}, {"700a94b4f192b83f3bf43123998d683c": ["3", "cri.sanity.screen.FilterActivity"]}, {"06611908e7aa86566bb67014028377bf": ["15", "cri.sanity.screen.TtsActivity"]}, {"3d020bc7abaa3547350c97830874b607": ["16", "cri.sanity.screen.TtsActivity"]}, {"06611908e7aa86566bb67014028377bf": ["15", "cri.sanity.screen.TtsActivity"]}, {"06611908e7aa86566bb67014028377bf": ["15", "cri.sanity.screen.TtsActivity"]}, {"43ca62123a2445098199aab385b8251a": ["32", "cri.sanity.screen.TtsActivity"]}, {"388efc7d136a6466d5dd8c1fde4765c8": ["24", "cri.sanity.screen.GeneralActivity"]}, {"928cb30c52ed67a3c8dec6e3a5c54f3e": ["35", "cri.sanity.screen.GeneralActivity"]}, {"928cb30c52ed67a3c8dec6e3a5c54f3e": ["35", "cri.sanity.screen.GeneralActivity"]}, {"68ab6fe678ccdc4821da6d080ac24a17": ["38", "cri.sanity.screen.GeneralActivity"]}, {"590580dbeced54ff4a978cf8099751f6": ["37", "cri.sanity.screen.GeneralActivity"]}, {"590580dbeced54ff4a978cf8099751f6": ["37", "cri.sanity.screen.GeneralActivity"]}, {"590580dbeced54ff4a978cf8099751f6": ["37", "cri.sanity.screen.GeneralActivity"]}, {"590580dbeced54ff4a978cf8099751f6": ["37", "cri.sanity.screen.GeneralActivity"]}, {"68ab6fe678ccdc4821da6d080ac24a17": ["38", "cri.sanity.screen.GeneralActivity"]}, {"06455e957f2e0a9abb8f25593d8841d1": ["75", "cri.sanity.screen.GeneralActivity"]}, {"06455e957f2e0a9abb8f25593d8841d1": ["75", "cri.sanity.screen.GeneralActivity"]}, {"68ab6fe678ccdc4821da6d080ac24a17": ["38", "cri.sanity.screen.GeneralActivity"]}, {"06455e957f2e0a9abb8f25593d8841d1": ["75", "cri.sanity.screen.GeneralActivity"]}, {"17aed5c5d10c34c41df8b6dcbf0cdba2": ["76", "cri.sanity.screen.TtsActivity"]}, {"06611908e7aa86566bb67014028377bf": ["15", "cri.sanity.screen.TtsActivity"]}, {"388efc7d136a6466d5dd8c1fde4765c8": ["24", "cri.sanity.screen.GeneralActivity"]}, {"388efc7d136a6466d5dd8c1fde4765c8": ["24", "cri.sanity.screen.GeneralActivity"]}, {"388efc7d136a6466d5dd8c1fde4765c8": ["24", "cri.sanity.screen.GeneralActivity"]}, {"388efc7d136a6466d5dd8c1fde4765c8": ["24", "cri.sanity.screen.GeneralActivity"]}, {"388efc7d136a6466d5dd8c1fde4765c8": ["24", "cri.sanity.screen.GeneralActivity"]}, {"388efc7d136a6466d5dd8c1fde4765c8": ["24", "cri.sanity.screen.GeneralActivity"]}, {"928cb30c52ed67a3c8dec6e3a5c54f3e": ["35", "cri.sanity.screen.GeneralActivity"]}, {"928cb30c52ed67a3c8dec6e3a5c54f3e": ["35", "cri.sanity.screen.GeneralActivity"]}, {"aecc991487da30026e0dac7a9a1aac55": ["77", "cri.sanity.screen.GeneralActivity"]}, {"700a94b4f192b83f3bf43123998d683c": ["3", "cri.sanity.screen.FilterActivity"]}, {"700a94b4f192b83f3bf43123998d683c": ["3", "cri.sanity.screen.FilterActivity"]}, {"2cc55a0fea3bb830e7b99f305bf3ede2": ["31", "cri.sanity.screen.RecordActivity"]}, {"2985b6f51ce15d3a9b7a53776c23c068": ["2", "cri.sanity.screen.AnswerActivity"]}, {"6de4417d0069472fdd7d2d4d3bec15f5": ["22", "cri.sanity.screen.AnswerActivity"]}, {"2985b6f51ce15d3a9b7a53776c23c068": ["2", "cri.sanity.screen.AnswerActivity"]}, {"2985b6f51ce15d3a9b7a53776c23c068": ["2", "cri.sanity.screen.AnswerActivity"]}, {"6de4417d0069472fdd7d2d4d3bec15f5": ["22", "cri.sanity.screen.AnswerActivity"]}, {"2985b6f51ce15d3a9b7a53776c23c068": ["2", "cri.sanity.screen.AnswerActivity"]}, {"6de4417d0069472fdd7d2d4d3bec15f5": ["22", "cri.sanity.screen.AnswerActivity"]}, {"2985b6f51ce15d3a9b7a53776c23c068": ["2", "cri.sanity.screen.AnswerActivity"]}, {"700a94b4f192b83f3bf43123998d683c": ["3", "cri.sanity.screen.FilterActivity"]}, {"700a94b4f192b83f3bf43123998d683c": ["3", "cri.sanity.screen.FilterActivity"]}, {"036726b3355e146cf1e18cd0d0a2f389": ["34", "cri.sanity.screen.FilterActivity"]}, {"e8415b3f7289faa07cbdffbbce6356c7": ["53", "cri.sanity.screen.NumsActivity"]}, {"e8415b3f7289faa07cbdffbbce6356c7": ["53", "cri.sanity.screen.NumsActivity"]}, {"e8415b3f7289faa07cbdffbbce6356c7": ["53", "cri.sanity.screen.NumsActivity"]}, {"e8415b3f7289faa07cbdffbbce6356c7": ["53", "cri.sanity.screen.NumsActivity"]}, {"9a80671c500ff14b9e0fd317cd61585b": ["54", "cri.sanity.screen.NumsActivity"]}, {"e8415b3f7289faa07cbdffbbce6356c7": ["53", "cri.sanity.screen.NumsActivity"]}, {"00782b7a3d5dac3d95666d3cb6b98afa": ["78", "cri.sanity.screen.NumsActivity"]}, {"e8415b3f7289faa07cbdffbbce6356c7": ["53", "cri.sanity.screen.NumsActivity"]}, {"e8415b3f7289faa07cbdffbbce6356c7": ["53", "cri.sanity.screen.NumsActivity"]}, {"e8415b3f7289faa07cbdffbbce6356c7": ["53", "cri.sanity.screen.NumsActivity"]}, {"9a80671c500ff14b9e0fd317cd61585b": ["54", "cri.sanity.screen.NumsActivity"]}, {"e8415b3f7289faa07cbdffbbce6356c7": ["53", "cri.sanity.screen.NumsActivity"]}, {"e8415b3f7289faa07cbdffbbce6356c7": ["53", "cri.sanity.screen.NumsActivity"]}, {"9a80671c500ff14b9e0fd317cd61585b": ["54", "cri.sanity.screen.NumsActivity"]}, {"e8415b3f7289faa07cbdffbbce6356c7": ["53", "cri.sanity.screen.NumsActivity"]}, {"9a80671c500ff14b9e0fd317cd61585b": ["54", "cri.sanity.screen.NumsActivity"]}, {"e8415b3f7289faa07cbdffbbce6356c7": ["53", "cri.sanity.screen.NumsActivity"]}, {"9a80671c500ff14b9e0fd317cd61585b": ["54", "cri.sanity.screen.NumsActivity"]}, {"e8415b3f7289faa07cbdffbbce6356c7": ["53", "cri.sanity.screen.NumsActivity"]}, {"036726b3355e146cf1e18cd0d0a2f389": ["34", "cri.sanity.screen.FilterActivity"]}, {"31105b3e768e618248f254bceb690935": ["5", "cri.sanity.screen.DateTimeActivity"]}, {"31105b3e768e618248f254bceb690935": ["5", "cri.sanity.screen.DateTimeActivity"]}, {"31105b3e768e618248f254bceb690935": ["5", "cri.sanity.screen.DateTimeActivity"]}, {"31105b3e768e618248f254bceb690935": ["5", "cri.sanity.screen.DateTimeActivity"]}, {"31105b3e768e618248f254bceb690935": ["5", "cri.sanity.screen.DateTimeActivity"]}, {"388efc7d136a6466d5dd8c1fde4765c8": ["24", "cri.sanity.screen.GeneralActivity"]}, {"732b2215f50bc64c829db86786170a5a": ["25", "cri.sanity.screen.GeneralActivity"]}, {"3a5d5be756f95fff25e18c57363cc78a": ["79", "cri.sanity.screen.GeneralActivity"]}, {"388efc7d136a6466d5dd8c1fde4765c8": ["24", "cri.sanity.screen.GeneralActivity"]}, {"732b2215f50bc64c829db86786170a5a": ["25", "cri.sanity.screen.GeneralActivity"]}, {"388efc7d136a6466d5dd8c1fde4765c8": ["24", "cri.sanity.screen.GeneralActivity"]}, {"732b2215f50bc64c829db86786170a5a": ["25", "cri.sanity.screen.GeneralActivity"]}, {"388efc7d136a6466d5dd8c1fde4765c8": ["24", "cri.sanity.screen.GeneralActivity"]}, {"b5afc1b14a639080a75d34a06841b188": ["80", "cri.sanity.screen.GeneralActivity"]}, {"23094b30f2fce9f51fd3f397fac24d2a": ["39", "cri.sanity.screen.GeneralActivity"]}, {"3b239ebcf3ba6caec9189081f15614b2": ["81", "cri.sanity.screen.ProfileActivity"]}, {"aff64c675b9441a1620bb13218b2cfaa": ["82", "cri.sanity.screen.ProfileActivity"]}, {"590580dbeced54ff4a978cf8099751f6": ["37", "cri.sanity.screen.GeneralActivity"]}, {"de913914d83fa530f8a6de9ece1af01c": ["12", "cri.sanity.screen.UrgentActivity"]}, {"de913914d83fa530f8a6de9ece1af01c": ["12", "cri.sanity.screen.UrgentActivity"]}, {"de913914d83fa530f8a6de9ece1af01c": ["12", "cri.sanity.screen.UrgentActivity"]}, {"eb916eb313d4539adcc9a9e0ae1a345a": ["13", "cri.sanity.screen.UrgentActivity"]}, {"de913914d83fa530f8a6de9ece1af01c": ["12", "cri.sanity.screen.UrgentActivity"]}, {"700a94b4f192b83f3bf43123998d683c": ["3", "cri.sanity.screen.FilterActivity"]}, {"700a94b4f192b83f3bf43123998d683c": ["3", "cri.sanity.screen.FilterActivity"]}, {"700a94b4f192b83f3bf43123998d683c": ["3", "cri.sanity.screen.FilterActivity"]}, {"9cf99100c7ea83a812da477e402adfb4": ["7", "cri.sanity.screen.FilterActivity"]}, {"a166177da80e963cba1a1b06f060786e": ["8", "cri.sanity.screen.RecordActivity"]}, {"33d8af6855547d32c29c58c95b26ac68": ["9", "cri.sanity.screen.RecordActivity"]}, {"da0aa84dcba6ccd4f1553638ef4b7a72": ["17", "cri.sanity.screen.BlockerActivity"]}, {"da0aa84dcba6ccd4f1553638ef4b7a72": ["17", "cri.sanity.screen.BlockerActivity"]}, {"d20c005a1da1ce6c3da3b65f6b0539bf": ["19", "cri.sanity.screen.BlockerActivity"]}, {"f9942b6b533b2cc6563cf07e84a12d36": ["40", "cri.sanity.screen.GeneralActivity"]}, {"61bf409ec946a5b20e04378e0652de5d": ["51", "cri.sanity.screen.GeneralActivity"]}, {"0cc705d56aff05cc05acad63c6a57108": ["83", "cri.sanity.screen.AnonymActivity"]}, {"0cc705d56aff05cc05acad63c6a57108": ["83", "cri.sanity.screen.AnonymActivity"]}, {"036726b3355e146cf1e18cd0d0a2f389": ["34", "cri.sanity.screen.FilterActivity"]}, {"036726b3355e146cf1e18cd0d0a2f389": ["34", "cri.sanity.screen.FilterActivity"]}, {"036726b3355e146cf1e18cd0d0a2f389": ["34", "cri.sanity.screen.FilterActivity"]}, {"700a94b4f192b83f3bf43123998d683c": ["3", "cri.sanity.screen.FilterActivity"]}, {"a1fe68a29155e614a044e6bfefc7b189": ["4", "cri.sanity.screen.FilterActivity"]}, {"700a94b4f192b83f3bf43123998d683c": ["3", "cri.sanity.screen.FilterActivity"]}, {"a1fe68a29155e614a044e6bfefc7b189": ["4", "cri.sanity.screen.FilterActivity"]}, {"700a94b4f192b83f3bf43123998d683c": ["3", "cri.sanity.screen.FilterActivity"]}, {"700a94b4f192b83f3bf43123998d683c": ["3", "cri.sanity.screen.FilterActivity"]}, {"35c7a434ce6b4ae2c73c216aa842c41d": ["84", "cri.sanity.screen.FilterActivity"]}, {"35c7a434ce6b4ae2c73c216aa842c41d": ["84", "cri.sanity.screen.FilterActivity"]}, {"700a94b4f192b83f3bf43123998d683c": ["3", "cri.sanity.screen.FilterActivity"]}, {"9cf99100c7ea83a812da477e402adfb4": ["7", "cri.sanity.screen.FilterActivity"]}, {"388efc7d136a6466d5dd8c1fde4765c8": ["24", "cri.sanity.screen.GeneralActivity"]}, {"aadf3ab0cd1f7ecb04b3b01eb5dcfc73": ["46", "cri.sanity.screen.GeneralActivity"]}, {"928cb30c52ed67a3c8dec6e3a5c54f3e": ["35", "cri.sanity.screen.GeneralActivity"]}, {"3b239ebcf3ba6caec9189081f15614b2": ["81", "cri.sanity.screen.ProfileActivity"]}, {"3b239ebcf3ba6caec9189081f15614b2": ["81", "cri.sanity.screen.ProfileActivity"]}, {"928cb30c52ed67a3c8dec6e3a5c54f3e": ["35", "cri.sanity.screen.GeneralActivity"]}, {"928cb30c52ed67a3c8dec6e3a5c54f3e": ["35", "cri.sanity.screen.GeneralActivity"]}, {"928cb30c52ed67a3c8dec6e3a5c54f3e": ["35", "cri.sanity.screen.GeneralActivity"]}, {"3b239ebcf3ba6caec9189081f15614b2": ["81", "cri.sanity.screen.ProfileActivity"]}, {"aff64c675b9441a1620bb13218b2cfaa": ["82", "cri.sanity.screen.ProfileActivity"]}, {"816203b9aba8d7b25cc94a760d258649": ["85", "cri.sanity.screen.ProfileActivity"]}, {"a2cf32b6deb164c6715cb09578770c31": ["86", "cri.sanity.screen.ProfileActivity"]}, {"aff64c675b9441a1620bb13218b2cfaa": ["82", "cri.sanity.screen.ProfileActivity"]}, {"3b239ebcf3ba6caec9189081f15614b2": ["81", "cri.sanity.screen.ProfileActivity"]}, {"3b239ebcf3ba6caec9189081f15614b2": ["81", "cri.sanity.screen.ProfileActivity"]}, {"3b239ebcf3ba6caec9189081f15614b2": ["81", "cri.sanity.screen.ProfileActivity"]}, {"ae4921393d54553b5229e610e5f94869": ["87", "cri.sanity.screen.ProfileActivity"]}, {"3b239ebcf3ba6caec9189081f15614b2": ["81", "cri.sanity.screen.ProfileActivity"]}, {"aff64c675b9441a1620bb13218b2cfaa": ["82", "cri.sanity.screen.ProfileActivity"]}, {"3b239ebcf3ba6caec9189081f15614b2": ["81", "cri.sanity.screen.ProfileActivity"]}, {"ae4921393d54553b5229e610e5f94869": ["87", "cri.sanity.screen.ProfileActivity"]}, {"3b239ebcf3ba6caec9189081f15614b2": ["81", "cri.sanity.screen.ProfileActivity"]}, {"aff64c675b9441a1620bb13218b2cfaa": ["82", "cri.sanity.screen.ProfileActivity"]}, {"3b239ebcf3ba6caec9189081f15614b2": ["81", "cri.sanity.screen.ProfileActivity"]}, {"3b239ebcf3ba6caec9189081f15614b2": ["81", "cri.sanity.screen.ProfileActivity"]}, {"aff64c675b9441a1620bb13218b2cfaa": ["82", "cri.sanity.screen.ProfileActivity"]}, {"3b239ebcf3ba6caec9189081f15614b2": ["81", "cri.sanity.screen.ProfileActivity"]}, {"3b239ebcf3ba6caec9189081f15614b2": ["81", "cri.sanity.screen.ProfileActivity"]}, {"3b239ebcf3ba6caec9189081f15614b2": ["81", "cri.sanity.screen.ProfileActivity"]}, {"ae4921393d54553b5229e610e5f94869": ["87", "cri.sanity.screen.ProfileActivity"]}, {"3b239ebcf3ba6caec9189081f15614b2": ["81", "cri.sanity.screen.ProfileActivity"]}, {"aff64c675b9441a1620bb13218b2cfaa": ["82", "cri.sanity.screen.ProfileActivity"]}, {"3b239ebcf3ba6caec9189081f15614b2": ["81", "cri.sanity.screen.ProfileActivity"]}, {"3b239ebcf3ba6caec9189081f15614b2": ["81", "cri.sanity.screen.ProfileActivity"]}, {"3b239ebcf3ba6caec9189081f15614b2": ["81", "cri.sanity.screen.ProfileActivity"]}, {"3b239ebcf3ba6caec9189081f15614b2": ["81", "cri.sanity.screen.ProfileActivity"]}, {"aff64c675b9441a1620bb13218b2cfaa": ["82", "cri.sanity.screen.ProfileActivity"]}, {"3b239ebcf3ba6caec9189081f15614b2": ["81", "cri.sanity.screen.ProfileActivity"]}, {"aff64c675b9441a1620bb13218b2cfaa": ["82", "cri.sanity.screen.ProfileActivity"]}, {"3b239ebcf3ba6caec9189081f15614b2": ["81", "cri.sanity.screen.ProfileActivity"]}, {"aff64c675b9441a1620bb13218b2cfaa": ["82", "cri.sanity.screen.ProfileActivity"]}, {"3b239ebcf3ba6caec9189081f15614b2": ["81", "cri.sanity.screen.ProfileActivity"]}, {"3b239ebcf3ba6caec9189081f15614b2": ["81", "cri.sanity.screen.ProfileActivity"]}, {"3b239ebcf3ba6caec9189081f15614b2": ["81", "cri.sanity.screen.ProfileActivity"]}, {"3b239ebcf3ba6caec9189081f15614b2": ["81", "cri.sanity.screen.ProfileActivity"]}, {"aff64c675b9441a1620bb13218b2cfaa": ["82", "cri.sanity.screen.ProfileActivity"]}, {"3b239ebcf3ba6caec9189081f15614b2": ["81", "cri.sanity.screen.ProfileActivity"]}, {"590580dbeced54ff4a978cf8099751f6": ["37", "cri.sanity.screen.GeneralActivity"]}, {"68ab6fe678ccdc4821da6d080ac24a17": ["38", "cri.sanity.screen.GeneralActivity"]}]