[{"8a3a2d6e5a180b067a78e12f83f16dbc": ["0", "org.jessies.dalvikexplorer.DalvikExplorerActivity"]}, {"8a3a2d6e5a180b067a78e12f83f16dbc": ["0", "org.jessies.dalvikexplorer.DalvikExplorerActivity"]}, {"9cae5f51bf41e942705bc4665ba7456d": ["1", "org.jessies.dalvikexplorer.BuildActivity"]}, {"3be267ee24864fa47dc1290a0a9e97bb": ["2", "org.jessies.dalvikexplorer.BuildActivity"]}, {"3be267ee24864fa47dc1290a0a9e97bb": ["2", "org.jessies.dalvikexplorer.BuildActivity"]}, {"3be267ee24864fa47dc1290a0a9e97bb": ["2", "org.jessies.dalvikexplorer.BuildActivity"]}, {"3be267ee24864fa47dc1290a0a9e97bb": ["2", "org.jessies.dalvikexplorer.BuildActivity"]}, {"3be267ee24864fa47dc1290a0a9e97bb": ["2", "org.jessies.dalvikexplorer.BuildActivity"]}, {"3be267ee24864fa47dc1290a0a9e97bb": ["2", "org.jessies.dalvikexplorer.BuildActivity"]}, {"3be267ee24864fa47dc1290a0a9e97bb": ["2", "org.jessies.dalvikexplorer.BuildActivity"]}, {"3be267ee24864fa47dc1290a0a9e97bb": ["2", "org.jessies.dalvikexplorer.BuildActivity"]}, {"3be267ee24864fa47dc1290a0a9e97bb": ["2", "org.jessies.dalvikexplorer.BuildActivity"]}, {"3be267ee24864fa47dc1290a0a9e97bb": ["2", "org.jessies.dalvikexplorer.BuildActivity"]}, {"3be267ee24864fa47dc1290a0a9e97bb": ["2", "org.jessies.dalvikexplorer.BuildActivity"]}, {"3be267ee24864fa47dc1290a0a9e97bb": ["2", "org.jessies.dalvikexplorer.BuildActivity"]}, {"3be267ee24864fa47dc1290a0a9e97bb": ["2", "org.jessies.dalvikexplorer.BuildActivity"]}, {"3be267ee24864fa47dc1290a0a9e97bb": ["2", "org.jessies.dalvikexplorer.BuildActivity"]}, {"3be267ee24864fa47dc1290a0a9e97bb": ["2", "org.jessies.dalvikexplorer.BuildActivity"]}, {"3be267ee24864fa47dc1290a0a9e97bb": ["2", "org.jessies.dalvikexplorer.BuildActivity"]}, {"3be267ee24864fa47dc1290a0a9e97bb": ["2", "org.jessies.dalvikexplorer.BuildActivity"]}, {"3be267ee24864fa47dc1290a0a9e97bb": ["2", "org.jessies.dalvikexplorer.BuildActivity"]}, {"3be267ee24864fa47dc1290a0a9e97bb": ["2", "org.jessies.dalvikexplorer.BuildActivity"]}, {"3be267ee24864fa47dc1290a0a9e97bb": ["2", "org.jessies.dalvikexplorer.BuildActivity"]}, {"3be267ee24864fa47dc1290a0a9e97bb": ["2", "org.jessies.dalvikexplorer.BuildActivity"]}, {"3be267ee24864fa47dc1290a0a9e97bb": ["2", "org.jessies.dalvikexplorer.BuildActivity"]}, {"3be267ee24864fa47dc1290a0a9e97bb": ["2", "org.jessies.dalvikexplorer.BuildActivity"]}, {"3be267ee24864fa47dc1290a0a9e97bb": ["2", "org.jessies.dalvikexplorer.BuildActivity"]}, {"3be267ee24864fa47dc1290a0a9e97bb": ["2", "org.jessies.dalvikexplorer.BuildActivity"]}, {"3be267ee24864fa47dc1290a0a9e97bb": ["2", "org.jessies.dalvikexplorer.BuildActivity"]}, {"3be267ee24864fa47dc1290a0a9e97bb": ["2", "org.jessies.dalvikexplorer.BuildActivity"]}, {"3be267ee24864fa47dc1290a0a9e97bb": ["2", "org.jessies.dalvikexplorer.BuildActivity"]}, {"3be267ee24864fa47dc1290a0a9e97bb": ["2", "org.jessies.dalvikexplorer.BuildActivity"]}, {"3be267ee24864fa47dc1290a0a9e97bb": ["2", "org.jessies.dalvikexplorer.BuildActivity"]}, {"3be267ee24864fa47dc1290a0a9e97bb": ["2", "org.jessies.dalvikexplorer.BuildActivity"]}, {"8a3a2d6e5a180b067a78e12f83f16dbc": ["0", "org.jessies.dalvikexplorer.DalvikExplorerActivity"]}, {"5948f1329cd40375960d7b95625c7012": ["3", "org.jessies.dalvikexplorer.DeviceActivity"]}, {"9d6af6bf988bd0a5ccf1a507911d2f0b": ["4", "org.jessies.dalvikexplorer.DeviceActivity"]}, {"9d6af6bf988bd0a5ccf1a507911d2f0b": ["4", "org.jessies.dalvikexplorer.DeviceActivity"]}, {"9d6af6bf988bd0a5ccf1a507911d2f0b": ["4", "org.jessies.dalvikexplorer.DeviceActivity"]}, {"9d6af6bf988bd0a5ccf1a507911d2f0b": ["4", "org.jessies.dalvikexplorer.DeviceActivity"]}, {"9d6af6bf988bd0a5ccf1a507911d2f0b": ["4", "org.jessies.dalvikexplorer.DeviceActivity"]}, {"9d6af6bf988bd0a5ccf1a507911d2f0b": ["4", "org.jessies.dalvikexplorer.DeviceActivity"]}, {"9d6af6bf988bd0a5ccf1a507911d2f0b": ["4", "org.jessies.dalvikexplorer.DeviceActivity"]}, {"9d6af6bf988bd0a5ccf1a507911d2f0b": ["4", "org.jessies.dalvikexplorer.DeviceActivity"]}, {"9d6af6bf988bd0a5ccf1a507911d2f0b": ["4", "org.jessies.dalvikexplorer.DeviceActivity"]}, {"9d6af6bf988bd0a5ccf1a507911d2f0b": ["4", "org.jessies.dalvikexplorer.DeviceActivity"]}, {"9d6af6bf988bd0a5ccf1a507911d2f0b": ["4", "org.jessies.dalvikexplorer.DeviceActivity"]}, {"9d6af6bf988bd0a5ccf1a507911d2f0b": ["4", "org.jessies.dalvikexplorer.DeviceActivity"]}, {"9d6af6bf988bd0a5ccf1a507911d2f0b": ["4", "org.jessies.dalvikexplorer.DeviceActivity"]}, {"9d6af6bf988bd0a5ccf1a507911d2f0b": ["4", "org.jessies.dalvikexplorer.DeviceActivity"]}, {"9d6af6bf988bd0a5ccf1a507911d2f0b": ["4", "org.jessies.dalvikexplorer.DeviceActivity"]}, {"9d6af6bf988bd0a5ccf1a507911d2f0b": ["4", "org.jessies.dalvikexplorer.DeviceActivity"]}, {"9d6af6bf988bd0a5ccf1a507911d2f0b": ["4", "org.jessies.dalvikexplorer.DeviceActivity"]}, {"9d6af6bf988bd0a5ccf1a507911d2f0b": ["4", "org.jessies.dalvikexplorer.DeviceActivity"]}, {"9d6af6bf988bd0a5ccf1a507911d2f0b": ["4", "org.jessies.dalvikexplorer.DeviceActivity"]}, {"9d6af6bf988bd0a5ccf1a507911d2f0b": ["4", "org.jessies.dalvikexplorer.DeviceActivity"]}, {"9d6af6bf988bd0a5ccf1a507911d2f0b": ["4", "org.jessies.dalvikexplorer.DeviceActivity"]}, {"9d6af6bf988bd0a5ccf1a507911d2f0b": ["4", "org.jessies.dalvikexplorer.DeviceActivity"]}, {"9d6af6bf988bd0a5ccf1a507911d2f0b": ["4", "org.jessies.dalvikexplorer.DeviceActivity"]}, {"9d6af6bf988bd0a5ccf1a507911d2f0b": ["4", "org.jessies.dalvikexplorer.DeviceActivity"]}, {"9d6af6bf988bd0a5ccf1a507911d2f0b": ["4", "org.jessies.dalvikexplorer.DeviceActivity"]}, {"9d6af6bf988bd0a5ccf1a507911d2f0b": ["4", "org.jessies.dalvikexplorer.DeviceActivity"]}, {"9d6af6bf988bd0a5ccf1a507911d2f0b": ["4", "org.jessies.dalvikexplorer.DeviceActivity"]}, {"9d6af6bf988bd0a5ccf1a507911d2f0b": ["4", "org.jessies.dalvikexplorer.DeviceActivity"]}, {"9d6af6bf988bd0a5ccf1a507911d2f0b": ["4", "org.jessies.dalvikexplorer.DeviceActivity"]}, {"9d6af6bf988bd0a5ccf1a507911d2f0b": ["4", "org.jessies.dalvikexplorer.DeviceActivity"]}, {"9d6af6bf988bd0a5ccf1a507911d2f0b": ["4", "org.jessies.dalvikexplorer.DeviceActivity"]}, {"9d6af6bf988bd0a5ccf1a507911d2f0b": ["4", "org.jessies.dalvikexplorer.DeviceActivity"]}, {"9d6af6bf988bd0a5ccf1a507911d2f0b": ["4", "org.jessies.dalvikexplorer.DeviceActivity"]}, {"9d6af6bf988bd0a5ccf1a507911d2f0b": ["4", "org.jessies.dalvikexplorer.DeviceActivity"]}, {"9d6af6bf988bd0a5ccf1a507911d2f0b": ["4", "org.jessies.dalvikexplorer.DeviceActivity"]}, {"9d6af6bf988bd0a5ccf1a507911d2f0b": ["4", "org.jessies.dalvikexplorer.DeviceActivity"]}, {"9d6af6bf988bd0a5ccf1a507911d2f0b": ["4", "org.jessies.dalvikexplorer.DeviceActivity"]}, {"9d6af6bf988bd0a5ccf1a507911d2f0b": ["4", "org.jessies.dalvikexplorer.DeviceActivity"]}, {"9d6af6bf988bd0a5ccf1a507911d2f0b": ["4", "org.jessies.dalvikexplorer.DeviceActivity"]}, {"9d6af6bf988bd0a5ccf1a507911d2f0b": ["4", "org.jessies.dalvikexplorer.DeviceActivity"]}, {"9d6af6bf988bd0a5ccf1a507911d2f0b": ["4", "org.jessies.dalvikexplorer.DeviceActivity"]}, {"9d6af6bf988bd0a5ccf1a507911d2f0b": ["4", "org.jessies.dalvikexplorer.DeviceActivity"]}, {"9d6af6bf988bd0a5ccf1a507911d2f0b": ["4", "org.jessies.dalvikexplorer.DeviceActivity"]}, {"9d6af6bf988bd0a5ccf1a507911d2f0b": ["4", "org.jessies.dalvikexplorer.DeviceActivity"]}, {"9d6af6bf988bd0a5ccf1a507911d2f0b": ["4", "org.jessies.dalvikexplorer.DeviceActivity"]}, {"9d6af6bf988bd0a5ccf1a507911d2f0b": ["4", "org.jessies.dalvikexplorer.DeviceActivity"]}, {"9d6af6bf988bd0a5ccf1a507911d2f0b": ["4", "org.jessies.dalvikexplorer.DeviceActivity"]}, {"9d6af6bf988bd0a5ccf1a507911d2f0b": ["4", "org.jessies.dalvikexplorer.DeviceActivity"]}, {"9d6af6bf988bd0a5ccf1a507911d2f0b": ["4", "org.jessies.dalvikexplorer.DeviceActivity"]}, {"9d6af6bf988bd0a5ccf1a507911d2f0b": ["4", "org.jessies.dalvikexplorer.DeviceActivity"]}, {"9d6af6bf988bd0a5ccf1a507911d2f0b": ["4", "org.jessies.dalvikexplorer.DeviceActivity"]}, {"9d6af6bf988bd0a5ccf1a507911d2f0b": ["4", "org.jessies.dalvikexplorer.DeviceActivity"]}, {"9d6af6bf988bd0a5ccf1a507911d2f0b": ["4", "org.jessies.dalvikexplorer.DeviceActivity"]}, {"9d6af6bf988bd0a5ccf1a507911d2f0b": ["4", "org.jessies.dalvikexplorer.DeviceActivity"]}, {"9d6af6bf988bd0a5ccf1a507911d2f0b": ["4", "org.jessies.dalvikexplorer.DeviceActivity"]}, {"9d6af6bf988bd0a5ccf1a507911d2f0b": ["4", "org.jessies.dalvikexplorer.DeviceActivity"]}, {"9d6af6bf988bd0a5ccf1a507911d2f0b": ["4", "org.jessies.dalvikexplorer.DeviceActivity"]}, {"9d6af6bf988bd0a5ccf1a507911d2f0b": ["4", "org.jessies.dalvikexplorer.DeviceActivity"]}, {"9d6af6bf988bd0a5ccf1a507911d2f0b": ["4", "org.jessies.dalvikexplorer.DeviceActivity"]}, {"9d6af6bf988bd0a5ccf1a507911d2f0b": ["4", "org.jessies.dalvikexplorer.DeviceActivity"]}, {"9d6af6bf988bd0a5ccf1a507911d2f0b": ["4", "org.jessies.dalvikexplorer.DeviceActivity"]}, {"9d6af6bf988bd0a5ccf1a507911d2f0b": ["4", "org.jessies.dalvikexplorer.DeviceActivity"]}, {"9d6af6bf988bd0a5ccf1a507911d2f0b": ["4", "org.jessies.dalvikexplorer.DeviceActivity"]}, {"9d6af6bf988bd0a5ccf1a507911d2f0b": ["4", "org.jessies.dalvikexplorer.DeviceActivity"]}, {"9d6af6bf988bd0a5ccf1a507911d2f0b": ["4", "org.jessies.dalvikexplorer.DeviceActivity"]}, {"9d6af6bf988bd0a5ccf1a507911d2f0b": ["4", "org.jessies.dalvikexplorer.DeviceActivity"]}, {"9d6af6bf988bd0a5ccf1a507911d2f0b": ["4", "org.jessies.dalvikexplorer.DeviceActivity"]}, {"9d6af6bf988bd0a5ccf1a507911d2f0b": ["4", "org.jessies.dalvikexplorer.DeviceActivity"]}, {"8a3a2d6e5a180b067a78e12f83f16dbc": ["0", "org.jessies.dalvikexplorer.DalvikExplorerActivity"]}, {"ce977ee312ec7f44748d4c49e2e1c27a": ["5", "org.jessies.dalvikexplorer.EnvironmentVariablesActivity"]}, {"8b6b9a77523b3a94477d5e7a9650d790": ["6", "org.jessies.dalvikexplorer.EnvironmentVariablesActivity"]}, {"8b6b9a77523b3a94477d5e7a9650d790": ["6", "org.jessies.dalvikexplorer.EnvironmentVariablesActivity"]}, {"8b6b9a77523b3a94477d5e7a9650d790": ["6", "org.jessies.dalvikexplorer.EnvironmentVariablesActivity"]}, {"8b6b9a77523b3a94477d5e7a9650d790": ["6", "org.jessies.dalvikexplorer.EnvironmentVariablesActivity"]}, {"8b6b9a77523b3a94477d5e7a9650d790": ["6", "org.jessies.dalvikexplorer.EnvironmentVariablesActivity"]}, {"8b6b9a77523b3a94477d5e7a9650d790": ["6", "org.jessies.dalvikexplorer.EnvironmentVariablesActivity"]}, {"8b6b9a77523b3a94477d5e7a9650d790": ["6", "org.jessies.dalvikexplorer.EnvironmentVariablesActivity"]}, {"8b6b9a77523b3a94477d5e7a9650d790": ["6", "org.jessies.dalvikexplorer.EnvironmentVariablesActivity"]}, {"8b6b9a77523b3a94477d5e7a9650d790": ["6", "org.jessies.dalvikexplorer.EnvironmentVariablesActivity"]}, {"8b6b9a77523b3a94477d5e7a9650d790": ["6", "org.jessies.dalvikexplorer.EnvironmentVariablesActivity"]}, {"8b6b9a77523b3a94477d5e7a9650d790": ["6", "org.jessies.dalvikexplorer.EnvironmentVariablesActivity"]}, {"8b6b9a77523b3a94477d5e7a9650d790": ["6", "org.jessies.dalvikexplorer.EnvironmentVariablesActivity"]}, {"8b6b9a77523b3a94477d5e7a9650d790": ["6", "org.jessies.dalvikexplorer.EnvironmentVariablesActivity"]}, {"8b6b9a77523b3a94477d5e7a9650d790": ["6", "org.jessies.dalvikexplorer.EnvironmentVariablesActivity"]}, {"8b6b9a77523b3a94477d5e7a9650d790": ["6", "org.jessies.dalvikexplorer.EnvironmentVariablesActivity"]}, {"8b6b9a77523b3a94477d5e7a9650d790": ["6", "org.jessies.dalvikexplorer.EnvironmentVariablesActivity"]}, {"8b6b9a77523b3a94477d5e7a9650d790": ["6", "org.jessies.dalvikexplorer.EnvironmentVariablesActivity"]}, {"8b6b9a77523b3a94477d5e7a9650d790": ["6", "org.jessies.dalvikexplorer.EnvironmentVariablesActivity"]}, {"8b6b9a77523b3a94477d5e7a9650d790": ["6", "org.jessies.dalvikexplorer.EnvironmentVariablesActivity"]}, {"8b6b9a77523b3a94477d5e7a9650d790": ["6", "org.jessies.dalvikexplorer.EnvironmentVariablesActivity"]}, {"8b6b9a77523b3a94477d5e7a9650d790": ["6", "org.jessies.dalvikexplorer.EnvironmentVariablesActivity"]}, {"8b6b9a77523b3a94477d5e7a9650d790": ["6", "org.jessies.dalvikexplorer.EnvironmentVariablesActivity"]}, {"8b6b9a77523b3a94477d5e7a9650d790": ["6", "org.jessies.dalvikexplorer.EnvironmentVariablesActivity"]}, {"8b6b9a77523b3a94477d5e7a9650d790": ["6", "org.jessies.dalvikexplorer.EnvironmentVariablesActivity"]}, {"8b6b9a77523b3a94477d5e7a9650d790": ["6", "org.jessies.dalvikexplorer.EnvironmentVariablesActivity"]}, {"8b6b9a77523b3a94477d5e7a9650d790": ["6", "org.jessies.dalvikexplorer.EnvironmentVariablesActivity"]}, {"8b6b9a77523b3a94477d5e7a9650d790": ["6", "org.jessies.dalvikexplorer.EnvironmentVariablesActivity"]}, {"8b6b9a77523b3a94477d5e7a9650d790": ["6", "org.jessies.dalvikexplorer.EnvironmentVariablesActivity"]}, {"8b6b9a77523b3a94477d5e7a9650d790": ["6", "org.jessies.dalvikexplorer.EnvironmentVariablesActivity"]}, {"8b6b9a77523b3a94477d5e7a9650d790": ["6", "org.jessies.dalvikexplorer.EnvironmentVariablesActivity"]}, {"8b6b9a77523b3a94477d5e7a9650d790": ["6", "org.jessies.dalvikexplorer.EnvironmentVariablesActivity"]}, {"8b6b9a77523b3a94477d5e7a9650d790": ["6", "org.jessies.dalvikexplorer.EnvironmentVariablesActivity"]}, {"8b6b9a77523b3a94477d5e7a9650d790": ["6", "org.jessies.dalvikexplorer.EnvironmentVariablesActivity"]}, {"8b6b9a77523b3a94477d5e7a9650d790": ["6", "org.jessies.dalvikexplorer.EnvironmentVariablesActivity"]}, {"8b6b9a77523b3a94477d5e7a9650d790": ["6", "org.jessies.dalvikexplorer.EnvironmentVariablesActivity"]}, {"8b6b9a77523b3a94477d5e7a9650d790": ["6", "org.jessies.dalvikexplorer.EnvironmentVariablesActivity"]}, {"8b6b9a77523b3a94477d5e7a9650d790": ["6", "org.jessies.dalvikexplorer.EnvironmentVariablesActivity"]}, {"8b6b9a77523b3a94477d5e7a9650d790": ["6", "org.jessies.dalvikexplorer.EnvironmentVariablesActivity"]}, {"8b6b9a77523b3a94477d5e7a9650d790": ["6", "org.jessies.dalvikexplorer.EnvironmentVariablesActivity"]}, {"8b6b9a77523b3a94477d5e7a9650d790": ["6", "org.jessies.dalvikexplorer.EnvironmentVariablesActivity"]}, {"8b6b9a77523b3a94477d5e7a9650d790": ["6", "org.jessies.dalvikexplorer.EnvironmentVariablesActivity"]}, {"8b6b9a77523b3a94477d5e7a9650d790": ["6", "org.jessies.dalvikexplorer.EnvironmentVariablesActivity"]}, {"8b6b9a77523b3a94477d5e7a9650d790": ["6", "org.jessies.dalvikexplorer.EnvironmentVariablesActivity"]}, {"8b6b9a77523b3a94477d5e7a9650d790": ["6", "org.jessies.dalvikexplorer.EnvironmentVariablesActivity"]}, {"8b6b9a77523b3a94477d5e7a9650d790": ["6", "org.jessies.dalvikexplorer.EnvironmentVariablesActivity"]}, {"8b6b9a77523b3a94477d5e7a9650d790": ["6", "org.jessies.dalvikexplorer.EnvironmentVariablesActivity"]}, {"8b6b9a77523b3a94477d5e7a9650d790": ["6", "org.jessies.dalvikexplorer.EnvironmentVariablesActivity"]}, {"8b6b9a77523b3a94477d5e7a9650d790": ["6", "org.jessies.dalvikexplorer.EnvironmentVariablesActivity"]}, {"8b6b9a77523b3a94477d5e7a9650d790": ["6", "org.jessies.dalvikexplorer.EnvironmentVariablesActivity"]}, {"8b6b9a77523b3a94477d5e7a9650d790": ["6", "org.jessies.dalvikexplorer.EnvironmentVariablesActivity"]}, {"8b6b9a77523b3a94477d5e7a9650d790": ["6", "org.jessies.dalvikexplorer.EnvironmentVariablesActivity"]}, {"8b6b9a77523b3a94477d5e7a9650d790": ["6", "org.jessies.dalvikexplorer.EnvironmentVariablesActivity"]}, {"8b6b9a77523b3a94477d5e7a9650d790": ["6", "org.jessies.dalvikexplorer.EnvironmentVariablesActivity"]}, {"8b6b9a77523b3a94477d5e7a9650d790": ["6", "org.jessies.dalvikexplorer.EnvironmentVariablesActivity"]}, {"8b6b9a77523b3a94477d5e7a9650d790": ["6", "org.jessies.dalvikexplorer.EnvironmentVariablesActivity"]}, {"8b6b9a77523b3a94477d5e7a9650d790": ["6", "org.jessies.dalvikexplorer.EnvironmentVariablesActivity"]}, {"8b6b9a77523b3a94477d5e7a9650d790": ["6", "org.jessies.dalvikexplorer.EnvironmentVariablesActivity"]}, {"8b6b9a77523b3a94477d5e7a9650d790": ["6", "org.jessies.dalvikexplorer.EnvironmentVariablesActivity"]}, {"8b6b9a77523b3a94477d5e7a9650d790": ["6", "org.jessies.dalvikexplorer.EnvironmentVariablesActivity"]}, {"8b6b9a77523b3a94477d5e7a9650d790": ["6", "org.jessies.dalvikexplorer.EnvironmentVariablesActivity"]}, {"8b6b9a77523b3a94477d5e7a9650d790": ["6", "org.jessies.dalvikexplorer.EnvironmentVariablesActivity"]}, {"8b6b9a77523b3a94477d5e7a9650d790": ["6", "org.jessies.dalvikexplorer.EnvironmentVariablesActivity"]}, {"8b6b9a77523b3a94477d5e7a9650d790": ["6", "org.jessies.dalvikexplorer.EnvironmentVariablesActivity"]}, {"8b6b9a77523b3a94477d5e7a9650d790": ["6", "org.jessies.dalvikexplorer.EnvironmentVariablesActivity"]}, {"8b6b9a77523b3a94477d5e7a9650d790": ["6", "org.jessies.dalvikexplorer.EnvironmentVariablesActivity"]}, {"8b6b9a77523b3a94477d5e7a9650d790": ["6", "org.jessies.dalvikexplorer.EnvironmentVariablesActivity"]}, {"8b6b9a77523b3a94477d5e7a9650d790": ["6", "org.jessies.dalvikexplorer.EnvironmentVariablesActivity"]}, {"8b6b9a77523b3a94477d5e7a9650d790": ["6", "org.jessies.dalvikexplorer.EnvironmentVariablesActivity"]}, {"8b6b9a77523b3a94477d5e7a9650d790": ["6", "org.jessies.dalvikexplorer.EnvironmentVariablesActivity"]}, {"8b6b9a77523b3a94477d5e7a9650d790": ["6", "org.jessies.dalvikexplorer.EnvironmentVariablesActivity"]}, {"8b6b9a77523b3a94477d5e7a9650d790": ["6", "org.jessies.dalvikexplorer.EnvironmentVariablesActivity"]}, {"8b6b9a77523b3a94477d5e7a9650d790": ["6", "org.jessies.dalvikexplorer.EnvironmentVariablesActivity"]}, {"8b6b9a77523b3a94477d5e7a9650d790": ["6", "org.jessies.dalvikexplorer.EnvironmentVariablesActivity"]}, {"8b6b9a77523b3a94477d5e7a9650d790": ["6", "org.jessies.dalvikexplorer.EnvironmentVariablesActivity"]}, {"8b6b9a77523b3a94477d5e7a9650d790": ["6", "org.jessies.dalvikexplorer.EnvironmentVariablesActivity"]}, {"8b6b9a77523b3a94477d5e7a9650d790": ["6", "org.jessies.dalvikexplorer.EnvironmentVariablesActivity"]}, {"8b6b9a77523b3a94477d5e7a9650d790": ["6", "org.jessies.dalvikexplorer.EnvironmentVariablesActivity"]}, {"8b6b9a77523b3a94477d5e7a9650d790": ["6", "org.jessies.dalvikexplorer.EnvironmentVariablesActivity"]}, {"8b6b9a77523b3a94477d5e7a9650d790": ["6", "org.jessies.dalvikexplorer.EnvironmentVariablesActivity"]}, {"8b6b9a77523b3a94477d5e7a9650d790": ["6", "org.jessies.dalvikexplorer.EnvironmentVariablesActivity"]}, {"8b6b9a77523b3a94477d5e7a9650d790": ["6", "org.jessies.dalvikexplorer.EnvironmentVariablesActivity"]}, {"8b6b9a77523b3a94477d5e7a9650d790": ["6", "org.jessies.dalvikexplorer.EnvironmentVariablesActivity"]}, {"8b6b9a77523b3a94477d5e7a9650d790": ["6", "org.jessies.dalvikexplorer.EnvironmentVariablesActivity"]}, {"8b6b9a77523b3a94477d5e7a9650d790": ["6", "org.jessies.dalvikexplorer.EnvironmentVariablesActivity"]}, {"8b6b9a77523b3a94477d5e7a9650d790": ["6", "org.jessies.dalvikexplorer.EnvironmentVariablesActivity"]}, {"8b6b9a77523b3a94477d5e7a9650d790": ["6", "org.jessies.dalvikexplorer.EnvironmentVariablesActivity"]}, {"8b6b9a77523b3a94477d5e7a9650d790": ["6", "org.jessies.dalvikexplorer.EnvironmentVariablesActivity"]}, {"8b6b9a77523b3a94477d5e7a9650d790": ["6", "org.jessies.dalvikexplorer.EnvironmentVariablesActivity"]}, {"8b6b9a77523b3a94477d5e7a9650d790": ["6", "org.jessies.dalvikexplorer.EnvironmentVariablesActivity"]}, {"8b6b9a77523b3a94477d5e7a9650d790": ["6", "org.jessies.dalvikexplorer.EnvironmentVariablesActivity"]}, {"8b6b9a77523b3a94477d5e7a9650d790": ["6", "org.jessies.dalvikexplorer.EnvironmentVariablesActivity"]}, {"8b6b9a77523b3a94477d5e7a9650d790": ["6", "org.jessies.dalvikexplorer.EnvironmentVariablesActivity"]}, {"8b6b9a77523b3a94477d5e7a9650d790": ["6", "org.jessies.dalvikexplorer.EnvironmentVariablesActivity"]}, {"8b6b9a77523b3a94477d5e7a9650d790": ["6", "org.jessies.dalvikexplorer.EnvironmentVariablesActivity"]}, {"8b6b9a77523b3a94477d5e7a9650d790": ["6", "org.jessies.dalvikexplorer.EnvironmentVariablesActivity"]}, {"8b6b9a77523b3a94477d5e7a9650d790": ["6", "org.jessies.dalvikexplorer.EnvironmentVariablesActivity"]}, {"8b6b9a77523b3a94477d5e7a9650d790": ["6", "org.jessies.dalvikexplorer.EnvironmentVariablesActivity"]}, {"8b6b9a77523b3a94477d5e7a9650d790": ["6", "org.jessies.dalvikexplorer.EnvironmentVariablesActivity"]}, {"8b6b9a77523b3a94477d5e7a9650d790": ["6", "org.jessies.dalvikexplorer.EnvironmentVariablesActivity"]}, {"8b6b9a77523b3a94477d5e7a9650d790": ["6", "org.jessies.dalvikexplorer.EnvironmentVariablesActivity"]}, {"8b6b9a77523b3a94477d5e7a9650d790": ["6", "org.jessies.dalvikexplorer.EnvironmentVariablesActivity"]}, {"8b6b9a77523b3a94477d5e7a9650d790": ["6", "org.jessies.dalvikexplorer.EnvironmentVariablesActivity"]}, {"8b6b9a77523b3a94477d5e7a9650d790": ["6", "org.jessies.dalvikexplorer.EnvironmentVariablesActivity"]}, {"8b6b9a77523b3a94477d5e7a9650d790": ["6", "org.jessies.dalvikexplorer.EnvironmentVariablesActivity"]}, {"8b6b9a77523b3a94477d5e7a9650d790": ["6", "org.jessies.dalvikexplorer.EnvironmentVariablesActivity"]}, {"8b6b9a77523b3a94477d5e7a9650d790": ["6", "org.jessies.dalvikexplorer.EnvironmentVariablesActivity"]}, {"8b6b9a77523b3a94477d5e7a9650d790": ["6", "org.jessies.dalvikexplorer.EnvironmentVariablesActivity"]}, {"8b6b9a77523b3a94477d5e7a9650d790": ["6", "org.jessies.dalvikexplorer.EnvironmentVariablesActivity"]}, {"8b6b9a77523b3a94477d5e7a9650d790": ["6", "org.jessies.dalvikexplorer.EnvironmentVariablesActivity"]}, {"8b6b9a77523b3a94477d5e7a9650d790": ["6", "org.jessies.dalvikexplorer.EnvironmentVariablesActivity"]}, {"8b6b9a77523b3a94477d5e7a9650d790": ["6", "org.jessies.dalvikexplorer.EnvironmentVariablesActivity"]}, {"8b6b9a77523b3a94477d5e7a9650d790": ["6", "org.jessies.dalvikexplorer.EnvironmentVariablesActivity"]}, {"8b6b9a77523b3a94477d5e7a9650d790": ["6", "org.jessies.dalvikexplorer.EnvironmentVariablesActivity"]}, {"8b6b9a77523b3a94477d5e7a9650d790": ["6", "org.jessies.dalvikexplorer.EnvironmentVariablesActivity"]}, {"8b6b9a77523b3a94477d5e7a9650d790": ["6", "org.jessies.dalvikexplorer.EnvironmentVariablesActivity"]}, {"8b6b9a77523b3a94477d5e7a9650d790": ["6", "org.jessies.dalvikexplorer.EnvironmentVariablesActivity"]}, {"8b6b9a77523b3a94477d5e7a9650d790": ["6", "org.jessies.dalvikexplorer.EnvironmentVariablesActivity"]}, {"8b6b9a77523b3a94477d5e7a9650d790": ["6", "org.jessies.dalvikexplorer.EnvironmentVariablesActivity"]}, {"8b6b9a77523b3a94477d5e7a9650d790": ["6", "org.jessies.dalvikexplorer.EnvironmentVariablesActivity"]}, {"8b6b9a77523b3a94477d5e7a9650d790": ["6", "org.jessies.dalvikexplorer.EnvironmentVariablesActivity"]}, {"8b6b9a77523b3a94477d5e7a9650d790": ["6", "org.jessies.dalvikexplorer.EnvironmentVariablesActivity"]}, {"8b6b9a77523b3a94477d5e7a9650d790": ["6", "org.jessies.dalvikexplorer.EnvironmentVariablesActivity"]}, {"8b6b9a77523b3a94477d5e7a9650d790": ["6", "org.jessies.dalvikexplorer.EnvironmentVariablesActivity"]}, {"8b6b9a77523b3a94477d5e7a9650d790": ["6", "org.jessies.dalvikexplorer.EnvironmentVariablesActivity"]}, {"8b6b9a77523b3a94477d5e7a9650d790": ["6", "org.jessies.dalvikexplorer.EnvironmentVariablesActivity"]}, {"8b6b9a77523b3a94477d5e7a9650d790": ["6", "org.jessies.dalvikexplorer.EnvironmentVariablesActivity"]}, {"8b6b9a77523b3a94477d5e7a9650d790": ["6", "org.jessies.dalvikexplorer.EnvironmentVariablesActivity"]}, {"8b6b9a77523b3a94477d5e7a9650d790": ["6", "org.jessies.dalvikexplorer.EnvironmentVariablesActivity"]}, {"8b6b9a77523b3a94477d5e7a9650d790": ["6", "org.jessies.dalvikexplorer.EnvironmentVariablesActivity"]}, {"8b6b9a77523b3a94477d5e7a9650d790": ["6", "org.jessies.dalvikexplorer.EnvironmentVariablesActivity"]}, {"8b6b9a77523b3a94477d5e7a9650d790": ["6", "org.jessies.dalvikexplorer.EnvironmentVariablesActivity"]}, {"8b6b9a77523b3a94477d5e7a9650d790": ["6", "org.jessies.dalvikexplorer.EnvironmentVariablesActivity"]}, {"8b6b9a77523b3a94477d5e7a9650d790": ["6", "org.jessies.dalvikexplorer.EnvironmentVariablesActivity"]}, {"8b6b9a77523b3a94477d5e7a9650d790": ["6", "org.jessies.dalvikexplorer.EnvironmentVariablesActivity"]}, {"8b6b9a77523b3a94477d5e7a9650d790": ["6", "org.jessies.dalvikexplorer.EnvironmentVariablesActivity"]}, {"8b6b9a77523b3a94477d5e7a9650d790": ["6", "org.jessies.dalvikexplorer.EnvironmentVariablesActivity"]}, {"8b6b9a77523b3a94477d5e7a9650d790": ["6", "org.jessies.dalvikexplorer.EnvironmentVariablesActivity"]}, {"8a3a2d6e5a180b067a78e12f83f16dbc": ["0", "org.jessies.dalvikexplorer.DalvikExplorerActivity"]}, {"8a3a2d6e5a180b067a78e12f83f16dbc": ["0", "org.jessies.dalvikexplorer.DalvikExplorerActivity"]}, {"8a3a2d6e5a180b067a78e12f83f16dbc": ["0", "org.jessies.dalvikexplorer.DalvikExplorerActivity"]}, {"8a3a2d6e5a180b067a78e12f83f16dbc": ["0", "org.jessies.dalvikexplorer.DalvikExplorerActivity"]}, {"9cae5f51bf41e942705bc4665ba7456d": ["1", "org.jessies.dalvikexplorer.BuildActivity"]}, {"3be267ee24864fa47dc1290a0a9e97bb": ["2", "org.jessies.dalvikexplorer.BuildActivity"]}, {"3be267ee24864fa47dc1290a0a9e97bb": ["2", "org.jessies.dalvikexplorer.BuildActivity"]}, {"3be267ee24864fa47dc1290a0a9e97bb": ["2", "org.jessies.dalvikexplorer.BuildActivity"]}, {"3be267ee24864fa47dc1290a0a9e97bb": ["2", "org.jessies.dalvikexplorer.BuildActivity"]}, {"3be267ee24864fa47dc1290a0a9e97bb": ["2", "org.jessies.dalvikexplorer.BuildActivity"]}, {"3be267ee24864fa47dc1290a0a9e97bb": ["2", "org.jessies.dalvikexplorer.BuildActivity"]}, {"3be267ee24864fa47dc1290a0a9e97bb": ["2", "org.jessies.dalvikexplorer.BuildActivity"]}, {"3be267ee24864fa47dc1290a0a9e97bb": ["2", "org.jessies.dalvikexplorer.BuildActivity"]}, {"3be267ee24864fa47dc1290a0a9e97bb": ["2", "org.jessies.dalvikexplorer.BuildActivity"]}, {"3be267ee24864fa47dc1290a0a9e97bb": ["2", "org.jessies.dalvikexplorer.BuildActivity"]}, {"3be267ee24864fa47dc1290a0a9e97bb": ["2", "org.jessies.dalvikexplorer.BuildActivity"]}, {"3be267ee24864fa47dc1290a0a9e97bb": ["2", "org.jessies.dalvikexplorer.BuildActivity"]}, {"3be267ee24864fa47dc1290a0a9e97bb": ["2", "org.jessies.dalvikexplorer.BuildActivity"]}, {"3be267ee24864fa47dc1290a0a9e97bb": ["2", "org.jessies.dalvikexplorer.BuildActivity"]}, {"3be267ee24864fa47dc1290a0a9e97bb": ["2", "org.jessies.dalvikexplorer.BuildActivity"]}, {"3be267ee24864fa47dc1290a0a9e97bb": ["2", "org.jessies.dalvikexplorer.BuildActivity"]}, {"3be267ee24864fa47dc1290a0a9e97bb": ["2", "org.jessies.dalvikexplorer.BuildActivity"]}, {"3be267ee24864fa47dc1290a0a9e97bb": ["2", "org.jessies.dalvikexplorer.BuildActivity"]}, {"3be267ee24864fa47dc1290a0a9e97bb": ["2", "org.jessies.dalvikexplorer.BuildActivity"]}, {"3be267ee24864fa47dc1290a0a9e97bb": ["2", "org.jessies.dalvikexplorer.BuildActivity"]}, {"3be267ee24864fa47dc1290a0a9e97bb": ["2", "org.jessies.dalvikexplorer.BuildActivity"]}, {"3be267ee24864fa47dc1290a0a9e97bb": ["2", "org.jessies.dalvikexplorer.BuildActivity"]}, {"3be267ee24864fa47dc1290a0a9e97bb": ["2", "org.jessies.dalvikexplorer.BuildActivity"]}, {"3be267ee24864fa47dc1290a0a9e97bb": ["2", "org.jessies.dalvikexplorer.BuildActivity"]}, {"3be267ee24864fa47dc1290a0a9e97bb": ["2", "org.jessies.dalvikexplorer.BuildActivity"]}, {"3be267ee24864fa47dc1290a0a9e97bb": ["2", "org.jessies.dalvikexplorer.BuildActivity"]}, {"3be267ee24864fa47dc1290a0a9e97bb": ["2", "org.jessies.dalvikexplorer.BuildActivity"]}, {"3be267ee24864fa47dc1290a0a9e97bb": ["2", "org.jessies.dalvikexplorer.BuildActivity"]}, {"3be267ee24864fa47dc1290a0a9e97bb": ["2", "org.jessies.dalvikexplorer.BuildActivity"]}, {"3be267ee24864fa47dc1290a0a9e97bb": ["2", "org.jessies.dalvikexplorer.BuildActivity"]}, {"3be267ee24864fa47dc1290a0a9e97bb": ["2", "org.jessies.dalvikexplorer.BuildActivity"]}, {"3be267ee24864fa47dc1290a0a9e97bb": ["2", "org.jessies.dalvikexplorer.BuildActivity"]}, {"3be267ee24864fa47dc1290a0a9e97bb": ["2", "org.jessies.dalvikexplorer.BuildActivity"]}, {"3be267ee24864fa47dc1290a0a9e97bb": ["2", "org.jessies.dalvikexplorer.BuildActivity"]}, {"3be267ee24864fa47dc1290a0a9e97bb": ["2", "org.jessies.dalvikexplorer.BuildActivity"]}, {"3be267ee24864fa47dc1290a0a9e97bb": ["2", "org.jessies.dalvikexplorer.BuildActivity"]}, {"3be267ee24864fa47dc1290a0a9e97bb": ["2", "org.jessies.dalvikexplorer.BuildActivity"]}, {"3be267ee24864fa47dc1290a0a9e97bb": ["2", "org.jessies.dalvikexplorer.BuildActivity"]}, {"3be267ee24864fa47dc1290a0a9e97bb": ["2", "org.jessies.dalvikexplorer.BuildActivity"]}, {"3be267ee24864fa47dc1290a0a9e97bb": ["2", "org.jessies.dalvikexplorer.BuildActivity"]}, {"3be267ee24864fa47dc1290a0a9e97bb": ["2", "org.jessies.dalvikexplorer.BuildActivity"]}, {"3be267ee24864fa47dc1290a0a9e97bb": ["2", "org.jessies.dalvikexplorer.BuildActivity"]}, {"3be267ee24864fa47dc1290a0a9e97bb": ["2", "org.jessies.dalvikexplorer.BuildActivity"]}, {"3be267ee24864fa47dc1290a0a9e97bb": ["2", "org.jessies.dalvikexplorer.BuildActivity"]}, {"3be267ee24864fa47dc1290a0a9e97bb": ["2", "org.jessies.dalvikexplorer.BuildActivity"]}, {"3be267ee24864fa47dc1290a0a9e97bb": ["2", "org.jessies.dalvikexplorer.BuildActivity"]}, {"3be267ee24864fa47dc1290a0a9e97bb": ["2", "org.jessies.dalvikexplorer.BuildActivity"]}, {"3be267ee24864fa47dc1290a0a9e97bb": ["2", "org.jessies.dalvikexplorer.BuildActivity"]}, {"3be267ee24864fa47dc1290a0a9e97bb": ["2", "org.jessies.dalvikexplorer.BuildActivity"]}, {"3be267ee24864fa47dc1290a0a9e97bb": ["2", "org.jessies.dalvikexplorer.BuildActivity"]}, {"3be267ee24864fa47dc1290a0a9e97bb": ["2", "org.jessies.dalvikexplorer.BuildActivity"]}, {"3be267ee24864fa47dc1290a0a9e97bb": ["2", "org.jessies.dalvikexplorer.BuildActivity"]}, {"3be267ee24864fa47dc1290a0a9e97bb": ["2", "org.jessies.dalvikexplorer.BuildActivity"]}, {"3be267ee24864fa47dc1290a0a9e97bb": ["2", "org.jessies.dalvikexplorer.BuildActivity"]}, {"3be267ee24864fa47dc1290a0a9e97bb": ["2", "org.jessies.dalvikexplorer.BuildActivity"]}, {"3be267ee24864fa47dc1290a0a9e97bb": ["2", "org.jessies.dalvikexplorer.BuildActivity"]}, {"3be267ee24864fa47dc1290a0a9e97bb": ["2", "org.jessies.dalvikexplorer.BuildActivity"]}, {"3be267ee24864fa47dc1290a0a9e97bb": ["2", "org.jessies.dalvikexplorer.BuildActivity"]}, {"3be267ee24864fa47dc1290a0a9e97bb": ["2", "org.jessies.dalvikexplorer.BuildActivity"]}, {"3be267ee24864fa47dc1290a0a9e97bb": ["2", "org.jessies.dalvikexplorer.BuildActivity"]}, {"3be267ee24864fa47dc1290a0a9e97bb": ["2", "org.jessies.dalvikexplorer.BuildActivity"]}, {"3be267ee24864fa47dc1290a0a9e97bb": ["2", "org.jessies.dalvikexplorer.BuildActivity"]}, {"3be267ee24864fa47dc1290a0a9e97bb": ["2", "org.jessies.dalvikexplorer.BuildActivity"]}, {"3be267ee24864fa47dc1290a0a9e97bb": ["2", "org.jessies.dalvikexplorer.BuildActivity"]}, {"3be267ee24864fa47dc1290a0a9e97bb": ["2", "org.jessies.dalvikexplorer.BuildActivity"]}, {"3be267ee24864fa47dc1290a0a9e97bb": ["2", "org.jessies.dalvikexplorer.BuildActivity"]}, {"3be267ee24864fa47dc1290a0a9e97bb": ["2", "org.jessies.dalvikexplorer.BuildActivity"]}, {"3be267ee24864fa47dc1290a0a9e97bb": ["2", "org.jessies.dalvikexplorer.BuildActivity"]}, {"3be267ee24864fa47dc1290a0a9e97bb": ["2", "org.jessies.dalvikexplorer.BuildActivity"]}, {"3be267ee24864fa47dc1290a0a9e97bb": ["2", "org.jessies.dalvikexplorer.BuildActivity"]}, {"3be267ee24864fa47dc1290a0a9e97bb": ["2", "org.jessies.dalvikexplorer.BuildActivity"]}, {"3be267ee24864fa47dc1290a0a9e97bb": ["2", "org.jessies.dalvikexplorer.BuildActivity"]}, {"3be267ee24864fa47dc1290a0a9e97bb": ["2", "org.jessies.dalvikexplorer.BuildActivity"]}, {"3be267ee24864fa47dc1290a0a9e97bb": ["2", "org.jessies.dalvikexplorer.BuildActivity"]}, {"3be267ee24864fa47dc1290a0a9e97bb": ["2", "org.jessies.dalvikexplorer.BuildActivity"]}, {"3be267ee24864fa47dc1290a0a9e97bb": ["2", "org.jessies.dalvikexplorer.BuildActivity"]}, {"3be267ee24864fa47dc1290a0a9e97bb": ["2", "org.jessies.dalvikexplorer.BuildActivity"]}, {"3be267ee24864fa47dc1290a0a9e97bb": ["2", "org.jessies.dalvikexplorer.BuildActivity"]}, {"3be267ee24864fa47dc1290a0a9e97bb": ["2", "org.jessies.dalvikexplorer.BuildActivity"]}, {"3be267ee24864fa47dc1290a0a9e97bb": ["2", "org.jessies.dalvikexplorer.BuildActivity"]}, {"3be267ee24864fa47dc1290a0a9e97bb": ["2", "org.jessies.dalvikexplorer.BuildActivity"]}, {"3be267ee24864fa47dc1290a0a9e97bb": ["2", "org.jessies.dalvikexplorer.BuildActivity"]}, {"3be267ee24864fa47dc1290a0a9e97bb": ["2", "org.jessies.dalvikexplorer.BuildActivity"]}, {"3be267ee24864fa47dc1290a0a9e97bb": ["2", "org.jessies.dalvikexplorer.BuildActivity"]}, {"3be267ee24864fa47dc1290a0a9e97bb": ["2", "org.jessies.dalvikexplorer.BuildActivity"]}, {"3be267ee24864fa47dc1290a0a9e97bb": ["2", "org.jessies.dalvikexplorer.BuildActivity"]}, {"3be267ee24864fa47dc1290a0a9e97bb": ["2", "org.jessies.dalvikexplorer.BuildActivity"]}, {"3be267ee24864fa47dc1290a0a9e97bb": ["2", "org.jessies.dalvikexplorer.BuildActivity"]}, {"3be267ee24864fa47dc1290a0a9e97bb": ["2", "org.jessies.dalvikexplorer.BuildActivity"]}, {"3be267ee24864fa47dc1290a0a9e97bb": ["2", "org.jessies.dalvikexplorer.BuildActivity"]}, {"3be267ee24864fa47dc1290a0a9e97bb": ["2", "org.jessies.dalvikexplorer.BuildActivity"]}, {"3be267ee24864fa47dc1290a0a9e97bb": ["2", "org.jessies.dalvikexplorer.BuildActivity"]}, {"3be267ee24864fa47dc1290a0a9e97bb": ["2", "org.jessies.dalvikexplorer.BuildActivity"]}, {"3be267ee24864fa47dc1290a0a9e97bb": ["2", "org.jessies.dalvikexplorer.BuildActivity"]}, {"3be267ee24864fa47dc1290a0a9e97bb": ["2", "org.jessies.dalvikexplorer.BuildActivity"]}, {"3be267ee24864fa47dc1290a0a9e97bb": ["2", "org.jessies.dalvikexplorer.BuildActivity"]}, {"8a3a2d6e5a180b067a78e12f83f16dbc": ["0", "org.jessies.dalvikexplorer.DalvikExplorerActivity"]}, {"8a3a2d6e5a180b067a78e12f83f16dbc": ["0", "org.jessies.dalvikexplorer.DalvikExplorerActivity"]}, {"d692aad88e7397134fbd140f93df050d": ["7", "org.jessies.dalvikexplorer.FileSystemsActivity"]}, {"d692aad88e7397134fbd140f93df050d": ["7", "org.jessies.dalvikexplorer.FileSystemsActivity"]}, {"d692aad88e7397134fbd140f93df050d": ["7", "org.jessies.dalvikexplorer.FileSystemsActivity"]}, {"d692aad88e7397134fbd140f93df050d": ["7", "org.jessies.dalvikexplorer.FileSystemsActivity"]}, {"d692aad88e7397134fbd140f93df050d": ["7", "org.jessies.dalvikexplorer.FileSystemsActivity"]}, {"a9ef03cc20d39bd3d3b029e0025ef1b4": ["8", "org.jessies.dalvikexplorer.FileSystemActivity"]}, {"a9ef03cc20d39bd3d3b029e0025ef1b4": ["8", "org.jessies.dalvikexplorer.FileSystemActivity"]}, {"a9ef03cc20d39bd3d3b029e0025ef1b4": ["8", "org.jessies.dalvikexplorer.FileSystemActivity"]}, {"c1bf26e78e0f1675ea247e64c460593e": ["9", "org.jessies.dalvikexplorer.FileViewerActivity"]}, {"0b2d501438bd8c06404184c30d116fb8": ["10", "org.jessies.dalvikexplorer.FileViewerActivity"]}, {"0b2d501438bd8c06404184c30d116fb8": ["10", "org.jessies.dalvikexplorer.FileViewerActivity"]}, {"0b2d501438bd8c06404184c30d116fb8": ["10", "org.jessies.dalvikexplorer.FileViewerActivity"]}, {"0b2d501438bd8c06404184c30d116fb8": ["10", "org.jessies.dalvikexplorer.FileViewerActivity"]}, {"0b2d501438bd8c06404184c30d116fb8": ["10", "org.jessies.dalvikexplorer.FileViewerActivity"]}, {"0b2d501438bd8c06404184c30d116fb8": ["10", "org.jessies.dalvikexplorer.FileViewerActivity"]}, {"0b2d501438bd8c06404184c30d116fb8": ["10", "org.jessies.dalvikexplorer.FileViewerActivity"]}, {"0b2d501438bd8c06404184c30d116fb8": ["10", "org.jessies.dalvikexplorer.FileViewerActivity"]}, {"0b2d501438bd8c06404184c30d116fb8": ["10", "org.jessies.dalvikexplorer.FileViewerActivity"]}, {"0b2d501438bd8c06404184c30d116fb8": ["10", "org.jessies.dalvikexplorer.FileViewerActivity"]}, {"0b2d501438bd8c06404184c30d116fb8": ["10", "org.jessies.dalvikexplorer.FileViewerActivity"]}, {"0b2d501438bd8c06404184c30d116fb8": ["10", "org.jessies.dalvikexplorer.FileViewerActivity"]}, {"0b2d501438bd8c06404184c30d116fb8": ["10", "org.jessies.dalvikexplorer.FileViewerActivity"]}, {"0b2d501438bd8c06404184c30d116fb8": ["10", "org.jessies.dalvikexplorer.FileViewerActivity"]}, {"a9ef03cc20d39bd3d3b029e0025ef1b4": ["8", "org.jessies.dalvikexplorer.FileSystemActivity"]}, {"a9ef03cc20d39bd3d3b029e0025ef1b4": ["8", "org.jessies.dalvikexplorer.FileSystemActivity"]}, {"a9ef03cc20d39bd3d3b029e0025ef1b4": ["8", "org.jessies.dalvikexplorer.FileSystemActivity"]}, {"a9ef03cc20d39bd3d3b029e0025ef1b4": ["8", "org.jessies.dalvikexplorer.FileSystemActivity"]}, {"a9ef03cc20d39bd3d3b029e0025ef1b4": ["8", "org.jessies.dalvikexplorer.FileSystemActivity"]}, {"a9ef03cc20d39bd3d3b029e0025ef1b4": ["8", "org.jessies.dalvikexplorer.FileSystemActivity"]}, {"a9ef03cc20d39bd3d3b029e0025ef1b4": ["8", "org.jessies.dalvikexplorer.FileSystemActivity"]}, {"b7e0eb2441bc32635998248d0dc8ebcf": ["11", "org.jessies.dalvikexplorer.FileSystemActivity"]}, {"05c0e601c4416803bc2d8415a40b8adc": ["12", "org.jessies.dalvikexplorer.FileSystemActivity"]}, {"05c0e601c4416803bc2d8415a40b8adc": ["12", "org.jessies.dalvikexplorer.FileSystemActivity"]}, {"05c0e601c4416803bc2d8415a40b8adc": ["12", "org.jessies.dalvikexplorer.FileSystemActivity"]}, {"05c0e601c4416803bc2d8415a40b8adc": ["12", "org.jessies.dalvikexplorer.FileSystemActivity"]}, {"05c0e601c4416803bc2d8415a40b8adc": ["12", "org.jessies.dalvikexplorer.FileSystemActivity"]}, {"05c0e601c4416803bc2d8415a40b8adc": ["12", "org.jessies.dalvikexplorer.FileSystemActivity"]}, {"05c0e601c4416803bc2d8415a40b8adc": ["12", "org.jessies.dalvikexplorer.FileSystemActivity"]}, {"05c0e601c4416803bc2d8415a40b8adc": ["12", "org.jessies.dalvikexplorer.FileSystemActivity"]}, {"05c0e601c4416803bc2d8415a40b8adc": ["12", "org.jessies.dalvikexplorer.FileSystemActivity"]}, {"05c0e601c4416803bc2d8415a40b8adc": ["12", "org.jessies.dalvikexplorer.FileSystemActivity"]}, {"05c0e601c4416803bc2d8415a40b8adc": ["12", "org.jessies.dalvikexplorer.FileSystemActivity"]}, {"05c0e601c4416803bc2d8415a40b8adc": ["12", "org.jessies.dalvikexplorer.FileSystemActivity"]}, {"05c0e601c4416803bc2d8415a40b8adc": ["12", "org.jessies.dalvikexplorer.FileSystemActivity"]}, {"05c0e601c4416803bc2d8415a40b8adc": ["12", "org.jessies.dalvikexplorer.FileSystemActivity"]}, {"05c0e601c4416803bc2d8415a40b8adc": ["12", "org.jessies.dalvikexplorer.FileSystemActivity"]}, {"05c0e601c4416803bc2d8415a40b8adc": ["12", "org.jessies.dalvikexplorer.FileSystemActivity"]}, {"05c0e601c4416803bc2d8415a40b8adc": ["12", "org.jessies.dalvikexplorer.FileSystemActivity"]}, {"05c0e601c4416803bc2d8415a40b8adc": ["12", "org.jessies.dalvikexplorer.FileSystemActivity"]}, {"05c0e601c4416803bc2d8415a40b8adc": ["12", "org.jessies.dalvikexplorer.FileSystemActivity"]}, {"05c0e601c4416803bc2d8415a40b8adc": ["12", "org.jessies.dalvikexplorer.FileSystemActivity"]}, {"05c0e601c4416803bc2d8415a40b8adc": ["12", "org.jessies.dalvikexplorer.FileSystemActivity"]}, {"05c0e601c4416803bc2d8415a40b8adc": ["12", "org.jessies.dalvikexplorer.FileSystemActivity"]}, {"05c0e601c4416803bc2d8415a40b8adc": ["12", "org.jessies.dalvikexplorer.FileSystemActivity"]}, {"05c0e601c4416803bc2d8415a40b8adc": ["12", "org.jessies.dalvikexplorer.FileSystemActivity"]}, {"05c0e601c4416803bc2d8415a40b8adc": ["12", "org.jessies.dalvikexplorer.FileSystemActivity"]}, {"05c0e601c4416803bc2d8415a40b8adc": ["12", "org.jessies.dalvikexplorer.FileSystemActivity"]}, {"05c0e601c4416803bc2d8415a40b8adc": ["12", "org.jessies.dalvikexplorer.FileSystemActivity"]}, {"05c0e601c4416803bc2d8415a40b8adc": ["12", "org.jessies.dalvikexplorer.FileSystemActivity"]}, {"05c0e601c4416803bc2d8415a40b8adc": ["12", "org.jessies.dalvikexplorer.FileSystemActivity"]}, {"05c0e601c4416803bc2d8415a40b8adc": ["12", "org.jessies.dalvikexplorer.FileSystemActivity"]}, {"05c0e601c4416803bc2d8415a40b8adc": ["12", "org.jessies.dalvikexplorer.FileSystemActivity"]}, {"05c0e601c4416803bc2d8415a40b8adc": ["12", "org.jessies.dalvikexplorer.FileSystemActivity"]}, {"05c0e601c4416803bc2d8415a40b8adc": ["12", "org.jessies.dalvikexplorer.FileSystemActivity"]}, {"05c0e601c4416803bc2d8415a40b8adc": ["12", "org.jessies.dalvikexplorer.FileSystemActivity"]}, {"05c0e601c4416803bc2d8415a40b8adc": ["12", "org.jessies.dalvikexplorer.FileSystemActivity"]}, {"05c0e601c4416803bc2d8415a40b8adc": ["12", "org.jessies.dalvikexplorer.FileSystemActivity"]}, {"05c0e601c4416803bc2d8415a40b8adc": ["12", "org.jessies.dalvikexplorer.FileSystemActivity"]}, {"05c0e601c4416803bc2d8415a40b8adc": ["12", "org.jessies.dalvikexplorer.FileSystemActivity"]}, {"05c0e601c4416803bc2d8415a40b8adc": ["12", "org.jessies.dalvikexplorer.FileSystemActivity"]}, {"05c0e601c4416803bc2d8415a40b8adc": ["12", "org.jessies.dalvikexplorer.FileSystemActivity"]}, {"05c0e601c4416803bc2d8415a40b8adc": ["12", "org.jessies.dalvikexplorer.FileSystemActivity"]}, {"05c0e601c4416803bc2d8415a40b8adc": ["12", "org.jessies.dalvikexplorer.FileSystemActivity"]}, {"05c0e601c4416803bc2d8415a40b8adc": ["12", "org.jessies.dalvikexplorer.FileSystemActivity"]}, {"05c0e601c4416803bc2d8415a40b8adc": ["12", "org.jessies.dalvikexplorer.FileSystemActivity"]}, {"05c0e601c4416803bc2d8415a40b8adc": ["12", "org.jessies.dalvikexplorer.FileSystemActivity"]}, {"05c0e601c4416803bc2d8415a40b8adc": ["12", "org.jessies.dalvikexplorer.FileSystemActivity"]}, {"05c0e601c4416803bc2d8415a40b8adc": ["12", "org.jessies.dalvikexplorer.FileSystemActivity"]}, {"05c0e601c4416803bc2d8415a40b8adc": ["12", "org.jessies.dalvikexplorer.FileSystemActivity"]}, {"05c0e601c4416803bc2d8415a40b8adc": ["12", "org.jessies.dalvikexplorer.FileSystemActivity"]}, {"05c0e601c4416803bc2d8415a40b8adc": ["12", "org.jessies.dalvikexplorer.FileSystemActivity"]}, {"05c0e601c4416803bc2d8415a40b8adc": ["12", "org.jessies.dalvikexplorer.FileSystemActivity"]}, {"05c0e601c4416803bc2d8415a40b8adc": ["12", "org.jessies.dalvikexplorer.FileSystemActivity"]}, {"05c0e601c4416803bc2d8415a40b8adc": ["12", "org.jessies.dalvikexplorer.FileSystemActivity"]}, {"05c0e601c4416803bc2d8415a40b8adc": ["12", "org.jessies.dalvikexplorer.FileSystemActivity"]}, {"05c0e601c4416803bc2d8415a40b8adc": ["12", "org.jessies.dalvikexplorer.FileSystemActivity"]}, {"05c0e601c4416803bc2d8415a40b8adc": ["12", "org.jessies.dalvikexplorer.FileSystemActivity"]}, {"05c0e601c4416803bc2d8415a40b8adc": ["12", "org.jessies.dalvikexplorer.FileSystemActivity"]}, {"05c0e601c4416803bc2d8415a40b8adc": ["12", "org.jessies.dalvikexplorer.FileSystemActivity"]}, {"05c0e601c4416803bc2d8415a40b8adc": ["12", "org.jessies.dalvikexplorer.FileSystemActivity"]}, {"05c0e601c4416803bc2d8415a40b8adc": ["12", "org.jessies.dalvikexplorer.FileSystemActivity"]}, {"05c0e601c4416803bc2d8415a40b8adc": ["12", "org.jessies.dalvikexplorer.FileSystemActivity"]}, {"05c0e601c4416803bc2d8415a40b8adc": ["12", "org.jessies.dalvikexplorer.FileSystemActivity"]}, {"05c0e601c4416803bc2d8415a40b8adc": ["12", "org.jessies.dalvikexplorer.FileSystemActivity"]}, {"05c0e601c4416803bc2d8415a40b8adc": ["12", "org.jessies.dalvikexplorer.FileSystemActivity"]}, {"05c0e601c4416803bc2d8415a40b8adc": ["12", "org.jessies.dalvikexplorer.FileSystemActivity"]}, {"05c0e601c4416803bc2d8415a40b8adc": ["12", "org.jessies.dalvikexplorer.FileSystemActivity"]}, {"05c0e601c4416803bc2d8415a40b8adc": ["12", "org.jessies.dalvikexplorer.FileSystemActivity"]}, {"05c0e601c4416803bc2d8415a40b8adc": ["12", "org.jessies.dalvikexplorer.FileSystemActivity"]}, {"05c0e601c4416803bc2d8415a40b8adc": ["12", "org.jessies.dalvikexplorer.FileSystemActivity"]}, {"05c0e601c4416803bc2d8415a40b8adc": ["12", "org.jessies.dalvikexplorer.FileSystemActivity"]}, {"05c0e601c4416803bc2d8415a40b8adc": ["12", "org.jessies.dalvikexplorer.FileSystemActivity"]}, {"05c0e601c4416803bc2d8415a40b8adc": ["12", "org.jessies.dalvikexplorer.FileSystemActivity"]}, {"05c0e601c4416803bc2d8415a40b8adc": ["12", "org.jessies.dalvikexplorer.FileSystemActivity"]}, {"05c0e601c4416803bc2d8415a40b8adc": ["12", "org.jessies.dalvikexplorer.FileSystemActivity"]}, {"05c0e601c4416803bc2d8415a40b8adc": ["12", "org.jessies.dalvikexplorer.FileSystemActivity"]}, {"05c0e601c4416803bc2d8415a40b8adc": ["12", "org.jessies.dalvikexplorer.FileSystemActivity"]}, {"05c0e601c4416803bc2d8415a40b8adc": ["12", "org.jessies.dalvikexplorer.FileSystemActivity"]}, {"05c0e601c4416803bc2d8415a40b8adc": ["12", "org.jessies.dalvikexplorer.FileSystemActivity"]}, {"05c0e601c4416803bc2d8415a40b8adc": ["12", "org.jessies.dalvikexplorer.FileSystemActivity"]}, {"05c0e601c4416803bc2d8415a40b8adc": ["12", "org.jessies.dalvikexplorer.FileSystemActivity"]}, {"05c0e601c4416803bc2d8415a40b8adc": ["12", "org.jessies.dalvikexplorer.FileSystemActivity"]}, {"05c0e601c4416803bc2d8415a40b8adc": ["12", "org.jessies.dalvikexplorer.FileSystemActivity"]}, {"05c0e601c4416803bc2d8415a40b8adc": ["12", "org.jessies.dalvikexplorer.FileSystemActivity"]}, {"05c0e601c4416803bc2d8415a40b8adc": ["12", "org.jessies.dalvikexplorer.FileSystemActivity"]}, {"05c0e601c4416803bc2d8415a40b8adc": ["12", "org.jessies.dalvikexplorer.FileSystemActivity"]}, {"05c0e601c4416803bc2d8415a40b8adc": ["12", "org.jessies.dalvikexplorer.FileSystemActivity"]}, {"449bfc86d7a72e64e358d3e32697a472": ["13", "org.jessies.dalvikexplorer.FileSystemActivity"]}, {"05c0e601c4416803bc2d8415a40b8adc": ["12", "org.jessies.dalvikexplorer.FileSystemActivity"]}, {"05c0e601c4416803bc2d8415a40b8adc": ["12", "org.jessies.dalvikexplorer.FileSystemActivity"]}, {"05c0e601c4416803bc2d8415a40b8adc": ["12", "org.jessies.dalvikexplorer.FileSystemActivity"]}, {"05c0e601c4416803bc2d8415a40b8adc": ["12", "org.jessies.dalvikexplorer.FileSystemActivity"]}, {"05c0e601c4416803bc2d8415a40b8adc": ["12", "org.jessies.dalvikexplorer.FileSystemActivity"]}, {"05c0e601c4416803bc2d8415a40b8adc": ["12", "org.jessies.dalvikexplorer.FileSystemActivity"]}, {"05c0e601c4416803bc2d8415a40b8adc": ["12", "org.jessies.dalvikexplorer.FileSystemActivity"]}, {"05c0e601c4416803bc2d8415a40b8adc": ["12", "org.jessies.dalvikexplorer.FileSystemActivity"]}, {"05c0e601c4416803bc2d8415a40b8adc": ["12", "org.jessies.dalvikexplorer.FileSystemActivity"]}, {"05c0e601c4416803bc2d8415a40b8adc": ["12", "org.jessies.dalvikexplorer.FileSystemActivity"]}, {"05c0e601c4416803bc2d8415a40b8adc": ["12", "org.jessies.dalvikexplorer.FileSystemActivity"]}, {"05c0e601c4416803bc2d8415a40b8adc": ["12", "org.jessies.dalvikexplorer.FileSystemActivity"]}, {"05c0e601c4416803bc2d8415a40b8adc": ["12", "org.jessies.dalvikexplorer.FileSystemActivity"]}, {"05c0e601c4416803bc2d8415a40b8adc": ["12", "org.jessies.dalvikexplorer.FileSystemActivity"]}, {"05c0e601c4416803bc2d8415a40b8adc": ["12", "org.jessies.dalvikexplorer.FileSystemActivity"]}, {"05c0e601c4416803bc2d8415a40b8adc": ["12", "org.jessies.dalvikexplorer.FileSystemActivity"]}, {"05c0e601c4416803bc2d8415a40b8adc": ["12", "org.jessies.dalvikexplorer.FileSystemActivity"]}, {"05c0e601c4416803bc2d8415a40b8adc": ["12", "org.jessies.dalvikexplorer.FileSystemActivity"]}, {"05c0e601c4416803bc2d8415a40b8adc": ["12", "org.jessies.dalvikexplorer.FileSystemActivity"]}, {"05c0e601c4416803bc2d8415a40b8adc": ["12", "org.jessies.dalvikexplorer.FileSystemActivity"]}, {"05c0e601c4416803bc2d8415a40b8adc": ["12", "org.jessies.dalvikexplorer.FileSystemActivity"]}, {"05c0e601c4416803bc2d8415a40b8adc": ["12", "org.jessies.dalvikexplorer.FileSystemActivity"]}, {"05c0e601c4416803bc2d8415a40b8adc": ["12", "org.jessies.dalvikexplorer.FileSystemActivity"]}, {"05c0e601c4416803bc2d8415a40b8adc": ["12", "org.jessies.dalvikexplorer.FileSystemActivity"]}, {"05c0e601c4416803bc2d8415a40b8adc": ["12", "org.jessies.dalvikexplorer.FileSystemActivity"]}, {"05c0e601c4416803bc2d8415a40b8adc": ["12", "org.jessies.dalvikexplorer.FileSystemActivity"]}, {"05c0e601c4416803bc2d8415a40b8adc": ["12", "org.jessies.dalvikexplorer.FileSystemActivity"]}, {"05c0e601c4416803bc2d8415a40b8adc": ["12", "org.jessies.dalvikexplorer.FileSystemActivity"]}, {"05c0e601c4416803bc2d8415a40b8adc": ["12", "org.jessies.dalvikexplorer.FileSystemActivity"]}, {"05c0e601c4416803bc2d8415a40b8adc": ["12", "org.jessies.dalvikexplorer.FileSystemActivity"]}, {"05c0e601c4416803bc2d8415a40b8adc": ["12", "org.jessies.dalvikexplorer.FileSystemActivity"]}, {"05c0e601c4416803bc2d8415a40b8adc": ["12", "org.jessies.dalvikexplorer.FileSystemActivity"]}, {"05c0e601c4416803bc2d8415a40b8adc": ["12", "org.jessies.dalvikexplorer.FileSystemActivity"]}, {"05c0e601c4416803bc2d8415a40b8adc": ["12", "org.jessies.dalvikexplorer.FileSystemActivity"]}, {"05c0e601c4416803bc2d8415a40b8adc": ["12", "org.jessies.dalvikexplorer.FileSystemActivity"]}, {"05c0e601c4416803bc2d8415a40b8adc": ["12", "org.jessies.dalvikexplorer.FileSystemActivity"]}, {"05c0e601c4416803bc2d8415a40b8adc": ["12", "org.jessies.dalvikexplorer.FileSystemActivity"]}, {"05c0e601c4416803bc2d8415a40b8adc": ["12", "org.jessies.dalvikexplorer.FileSystemActivity"]}, {"05c0e601c4416803bc2d8415a40b8adc": ["12", "org.jessies.dalvikexplorer.FileSystemActivity"]}, {"05c0e601c4416803bc2d8415a40b8adc": ["12", "org.jessies.dalvikexplorer.FileSystemActivity"]}, {"05c0e601c4416803bc2d8415a40b8adc": ["12", "org.jessies.dalvikexplorer.FileSystemActivity"]}, {"05c0e601c4416803bc2d8415a40b8adc": ["12", "org.jessies.dalvikexplorer.FileSystemActivity"]}, {"05c0e601c4416803bc2d8415a40b8adc": ["12", "org.jessies.dalvikexplorer.FileSystemActivity"]}, {"05c0e601c4416803bc2d8415a40b8adc": ["12", "org.jessies.dalvikexplorer.FileSystemActivity"]}, {"05c0e601c4416803bc2d8415a40b8adc": ["12", "org.jessies.dalvikexplorer.FileSystemActivity"]}, {"05c0e601c4416803bc2d8415a40b8adc": ["12", "org.jessies.dalvikexplorer.FileSystemActivity"]}, {"05c0e601c4416803bc2d8415a40b8adc": ["12", "org.jessies.dalvikexplorer.FileSystemActivity"]}, {"05c0e601c4416803bc2d8415a40b8adc": ["12", "org.jessies.dalvikexplorer.FileSystemActivity"]}, {"05c0e601c4416803bc2d8415a40b8adc": ["12", "org.jessies.dalvikexplorer.FileSystemActivity"]}, {"05c0e601c4416803bc2d8415a40b8adc": ["12", "org.jessies.dalvikexplorer.FileSystemActivity"]}, {"449bfc86d7a72e64e358d3e32697a472": ["13", "org.jessies.dalvikexplorer.FileSystemActivity"]}, {"449bfc86d7a72e64e358d3e32697a472": ["13", "org.jessies.dalvikexplorer.FileSystemActivity"]}, {"449bfc86d7a72e64e358d3e32697a472": ["13", "org.jessies.dalvikexplorer.FileSystemActivity"]}, {"449bfc86d7a72e64e358d3e32697a472": ["13", "org.jessies.dalvikexplorer.FileSystemActivity"]}, {"449bfc86d7a72e64e358d3e32697a472": ["13", "org.jessies.dalvikexplorer.FileSystemActivity"]}, {"449bfc86d7a72e64e358d3e32697a472": ["13", "org.jessies.dalvikexplorer.FileSystemActivity"]}, {"449bfc86d7a72e64e358d3e32697a472": ["13", "org.jessies.dalvikexplorer.FileSystemActivity"]}, {"449bfc86d7a72e64e358d3e32697a472": ["13", "org.jessies.dalvikexplorer.FileSystemActivity"]}, {"c1bf26e78e0f1675ea247e64c460593e": ["9", "org.jessies.dalvikexplorer.FileViewerActivity"]}, {"0b2d501438bd8c06404184c30d116fb8": ["10", "org.jessies.dalvikexplorer.FileViewerActivity"]}, {"0b2d501438bd8c06404184c30d116fb8": ["10", "org.jessies.dalvikexplorer.FileViewerActivity"]}, {"0b2d501438bd8c06404184c30d116fb8": ["10", "org.jessies.dalvikexplorer.FileViewerActivity"]}, {"0b2d501438bd8c06404184c30d116fb8": ["10", "org.jessies.dalvikexplorer.FileViewerActivity"]}, {"0b2d501438bd8c06404184c30d116fb8": ["10", "org.jessies.dalvikexplorer.FileViewerActivity"]}, {"0b2d501438bd8c06404184c30d116fb8": ["10", "org.jessies.dalvikexplorer.FileViewerActivity"]}, {"0b2d501438bd8c06404184c30d116fb8": ["10", "org.jessies.dalvikexplorer.FileViewerActivity"]}, {"0b2d501438bd8c06404184c30d116fb8": ["10", "org.jessies.dalvikexplorer.FileViewerActivity"]}, {"0b2d501438bd8c06404184c30d116fb8": ["10", "org.jessies.dalvikexplorer.FileViewerActivity"]}, {"0b2d501438bd8c06404184c30d116fb8": ["10", "org.jessies.dalvikexplorer.FileViewerActivity"]}, {"0b2d501438bd8c06404184c30d116fb8": ["10", "org.jessies.dalvikexplorer.FileViewerActivity"]}, {"0b2d501438bd8c06404184c30d116fb8": ["10", "org.jessies.dalvikexplorer.FileViewerActivity"]}, {"0b2d501438bd8c06404184c30d116fb8": ["10", "org.jessies.dalvikexplorer.FileViewerActivity"]}, {"0b2d501438bd8c06404184c30d116fb8": ["10", "org.jessies.dalvikexplorer.FileViewerActivity"]}]