[{"87f76ec466335c36274b703973a59ba6": ["0", "com.smorgasbork.hotdeath.Main"]}, {"87f76ec466335c36274b703973a59ba6": ["0", "com.smorgasbork.hotdeath.Main"]}, {"87f76ec466335c36274b703973a59ba6": ["0", "com.smorgasbork.hotdeath.Main"]}, {"87f76ec466335c36274b703973a59ba6": ["0", "com.smorgasbork.hotdeath.Main"]}, {"00f78fe87a5df84bfc90fd40acf35f03": ["9", "com.smorgasbork.hotdeath.Main"]}, {"84823da6771636aedb494e236596562e": ["1", "com.smorgasbork.hotdeath.Prefs"]}, {"5d239d9e3dfb1e2bb0d5b467d8d09c5c": ["4", "com.smorgasbork.hotdeath.Prefs"]}, {"84823da6771636aedb494e236596562e": ["1", "com.smorgasbork.hotdeath.Prefs"]}, {"84823da6771636aedb494e236596562e": ["1", "com.smorgasbork.hotdeath.Prefs"]}, {"84823da6771636aedb494e236596562e": ["1", "com.smorgasbork.hotdeath.Prefs"]}, {"84823da6771636aedb494e236596562e": ["1", "com.smorgasbork.hotdeath.Prefs"]}, {"84823da6771636aedb494e236596562e": ["1", "com.smorgasbork.hotdeath.Prefs"]}, {"966381167ef14e6a30cabc7f8b698137": ["5", "com.smorgasbork.hotdeath.Prefs"]}, {"5d239d9e3dfb1e2bb0d5b467d8d09c5c": ["4", "com.smorgasbork.hotdeath.Prefs"]}, {"966381167ef14e6a30cabc7f8b698137": ["5", "com.smorgasbork.hotdeath.Prefs"]}, {"966381167ef14e6a30cabc7f8b698137": ["5", "com.smorgasbork.hotdeath.Prefs"]}, {"bbb6e102e055285a8ccb0728f2d13303": ["10", "com.smorgasbork.hotdeath.Prefs"]}, {"966381167ef14e6a30cabc7f8b698137": ["5", "com.smorgasbork.hotdeath.Prefs"]}, {"966381167ef14e6a30cabc7f8b698137": ["5", "com.smorgasbork.hotdeath.Prefs"]}, {"966381167ef14e6a30cabc7f8b698137": ["5", "com.smorgasbork.hotdeath.Prefs"]}, {"966381167ef14e6a30cabc7f8b698137": ["5", "com.smorgasbork.hotdeath.Prefs"]}, {"966381167ef14e6a30cabc7f8b698137": ["5", "com.smorgasbork.hotdeath.Prefs"]}, {"5d239d9e3dfb1e2bb0d5b467d8d09c5c": ["4", "com.smorgasbork.hotdeath.Prefs"]}, {"966381167ef14e6a30cabc7f8b698137": ["5", "com.smorgasbork.hotdeath.Prefs"]}, {"bbb6e102e055285a8ccb0728f2d13303": ["10", "com.smorgasbork.hotdeath.Prefs"]}, {"966381167ef14e6a30cabc7f8b698137": ["5", "com.smorgasbork.hotdeath.Prefs"]}, {"bbb6e102e055285a8ccb0728f2d13303": ["10", "com.smorgasbork.hotdeath.Prefs"]}, {"966381167ef14e6a30cabc7f8b698137": ["5", "com.smorgasbork.hotdeath.Prefs"]}, {"5d239d9e3dfb1e2bb0d5b467d8d09c5c": ["4", "com.smorgasbork.hotdeath.Prefs"]}, {"966381167ef14e6a30cabc7f8b698137": ["5", "com.smorgasbork.hotdeath.Prefs"]}, {"bbb6e102e055285a8ccb0728f2d13303": ["10", "com.smorgasbork.hotdeath.Prefs"]}, {"966381167ef14e6a30cabc7f8b698137": ["5", "com.smorgasbork.hotdeath.Prefs"]}, {"966381167ef14e6a30cabc7f8b698137": ["5", "com.smorgasbork.hotdeath.Prefs"]}, {"bbb6e102e055285a8ccb0728f2d13303": ["10", "com.smorgasbork.hotdeath.Prefs"]}, {"966381167ef14e6a30cabc7f8b698137": ["5", "com.smorgasbork.hotdeath.Prefs"]}, {"5d239d9e3dfb1e2bb0d5b467d8d09c5c": ["4", "com.smorgasbork.hotdeath.Prefs"]}, {"966381167ef14e6a30cabc7f8b698137": ["5", "com.smorgasbork.hotdeath.Prefs"]}, {"bbb6e102e055285a8ccb0728f2d13303": ["10", "com.smorgasbork.hotdeath.Prefs"]}, {"966381167ef14e6a30cabc7f8b698137": ["5", "com.smorgasbork.hotdeath.Prefs"]}, {"966381167ef14e6a30cabc7f8b698137": ["5", "com.smorgasbork.hotdeath.Prefs"]}, {"5d239d9e3dfb1e2bb0d5b467d8d09c5c": ["4", "com.smorgasbork.hotdeath.Prefs"]}, {"966381167ef14e6a30cabc7f8b698137": ["5", "com.smorgasbork.hotdeath.Prefs"]}, {"966381167ef14e6a30cabc7f8b698137": ["5", "com.smorgasbork.hotdeath.Prefs"]}, {"5d239d9e3dfb1e2bb0d5b467d8d09c5c": ["4", "com.smorgasbork.hotdeath.Prefs"]}, {"966381167ef14e6a30cabc7f8b698137": ["5", "com.smorgasbork.hotdeath.Prefs"]}, {"966381167ef14e6a30cabc7f8b698137": ["5", "com.smorgasbork.hotdeath.Prefs"]}, {"5d239d9e3dfb1e2bb0d5b467d8d09c5c": ["4", "com.smorgasbork.hotdeath.Prefs"]}, {"966381167ef14e6a30cabc7f8b698137": ["5", "com.smorgasbork.hotdeath.Prefs"]}, {"bbb6e102e055285a8ccb0728f2d13303": ["10", "com.smorgasbork.hotdeath.Prefs"]}, {"966381167ef14e6a30cabc7f8b698137": ["5", "com.smorgasbork.hotdeath.Prefs"]}, {"5d239d9e3dfb1e2bb0d5b467d8d09c5c": ["4", "com.smorgasbork.hotdeath.Prefs"]}, {"966381167ef14e6a30cabc7f8b698137": ["5", "com.smorgasbork.hotdeath.Prefs"]}, {"bbb6e102e055285a8ccb0728f2d13303": ["10", "com.smorgasbork.hotdeath.Prefs"]}, {"966381167ef14e6a30cabc7f8b698137": ["5", "com.smorgasbork.hotdeath.Prefs"]}, {"5d239d9e3dfb1e2bb0d5b467d8d09c5c": ["4", "com.smorgasbork.hotdeath.Prefs"]}, {"966381167ef14e6a30cabc7f8b698137": ["5", "com.smorgasbork.hotdeath.Prefs"]}, {"5d239d9e3dfb1e2bb0d5b467d8d09c5c": ["4", "com.smorgasbork.hotdeath.Prefs"]}, {"966381167ef14e6a30cabc7f8b698137": ["5", "com.smorgasbork.hotdeath.Prefs"]}, {"5d239d9e3dfb1e2bb0d5b467d8d09c5c": ["4", "com.smorgasbork.hotdeath.Prefs"]}, {"966381167ef14e6a30cabc7f8b698137": ["5", "com.smorgasbork.hotdeath.Prefs"]}, {"966381167ef14e6a30cabc7f8b698137": ["5", "com.smorgasbork.hotdeath.Prefs"]}, {"966381167ef14e6a30cabc7f8b698137": ["5", "com.smorgasbork.hotdeath.Prefs"]}, {"5d239d9e3dfb1e2bb0d5b467d8d09c5c": ["4", "com.smorgasbork.hotdeath.Prefs"]}, {"966381167ef14e6a30cabc7f8b698137": ["5", "com.smorgasbork.hotdeath.Prefs"]}, {"5d239d9e3dfb1e2bb0d5b467d8d09c5c": ["4", "com.smorgasbork.hotdeath.Prefs"]}, {"966381167ef14e6a30cabc7f8b698137": ["5", "com.smorgasbork.hotdeath.Prefs"]}, {"966381167ef14e6a30cabc7f8b698137": ["5", "com.smorgasbork.hotdeath.Prefs"]}, {"bbb6e102e055285a8ccb0728f2d13303": ["10", "com.smorgasbork.hotdeath.Prefs"]}, {"966381167ef14e6a30cabc7f8b698137": ["5", "com.smorgasbork.hotdeath.Prefs"]}, {"5d239d9e3dfb1e2bb0d5b467d8d09c5c": ["4", "com.smorgasbork.hotdeath.Prefs"]}, {"966381167ef14e6a30cabc7f8b698137": ["5", "com.smorgasbork.hotdeath.Prefs"]}, {"966381167ef14e6a30cabc7f8b698137": ["5", "com.smorgasbork.hotdeath.Prefs"]}, {"5d239d9e3dfb1e2bb0d5b467d8d09c5c": ["4", "com.smorgasbork.hotdeath.Prefs"]}, {"966381167ef14e6a30cabc7f8b698137": ["5", "com.smorgasbork.hotdeath.Prefs"]}, {"5d239d9e3dfb1e2bb0d5b467d8d09c5c": ["4", "com.smorgasbork.hotdeath.Prefs"]}, {"966381167ef14e6a30cabc7f8b698137": ["5", "com.smorgasbork.hotdeath.Prefs"]}, {"bbb6e102e055285a8ccb0728f2d13303": ["10", "com.smorgasbork.hotdeath.Prefs"]}, {"966381167ef14e6a30cabc7f8b698137": ["5", "com.smorgasbork.hotdeath.Prefs"]}, {"5d239d9e3dfb1e2bb0d5b467d8d09c5c": ["4", "com.smorgasbork.hotdeath.Prefs"]}, {"966381167ef14e6a30cabc7f8b698137": ["5", "com.smorgasbork.hotdeath.Prefs"]}, {"5d239d9e3dfb1e2bb0d5b467d8d09c5c": ["4", "com.smorgasbork.hotdeath.Prefs"]}, {"84823da6771636aedb494e236596562e": ["1", "com.smorgasbork.hotdeath.Prefs"]}, {"966381167ef14e6a30cabc7f8b698137": ["5", "com.smorgasbork.hotdeath.Prefs"]}, {"bbb6e102e055285a8ccb0728f2d13303": ["10", "com.smorgasbork.hotdeath.Prefs"]}, {"966381167ef14e6a30cabc7f8b698137": ["5", "com.smorgasbork.hotdeath.Prefs"]}, {"bbb6e102e055285a8ccb0728f2d13303": ["10", "com.smorgasbork.hotdeath.Prefs"]}, {"966381167ef14e6a30cabc7f8b698137": ["5", "com.smorgasbork.hotdeath.Prefs"]}, {"bbb6e102e055285a8ccb0728f2d13303": ["10", "com.smorgasbork.hotdeath.Prefs"]}, {"966381167ef14e6a30cabc7f8b698137": ["5", "com.smorgasbork.hotdeath.Prefs"]}, {"bbb6e102e055285a8ccb0728f2d13303": ["10", "com.smorgasbork.hotdeath.Prefs"]}, {"966381167ef14e6a30cabc7f8b698137": ["5", "com.smorgasbork.hotdeath.Prefs"]}, {"966381167ef14e6a30cabc7f8b698137": ["5", "com.smorgasbork.hotdeath.Prefs"]}, {"5d239d9e3dfb1e2bb0d5b467d8d09c5c": ["4", "com.smorgasbork.hotdeath.Prefs"]}, {"966381167ef14e6a30cabc7f8b698137": ["5", "com.smorgasbork.hotdeath.Prefs"]}, {"84823da6771636aedb494e236596562e": ["1", "com.smorgasbork.hotdeath.Prefs"]}, {"966381167ef14e6a30cabc7f8b698137": ["5", "com.smorgasbork.hotdeath.Prefs"]}, {"84823da6771636aedb494e236596562e": ["1", "com.smorgasbork.hotdeath.Prefs"]}, {"84823da6771636aedb494e236596562e": ["1", "com.smorgasbork.hotdeath.Prefs"]}, {"84823da6771636aedb494e236596562e": ["1", "com.smorgasbork.hotdeath.Prefs"]}, {"84823da6771636aedb494e236596562e": ["1", "com.smorgasbork.hotdeath.Prefs"]}, {"84823da6771636aedb494e236596562e": ["1", "com.smorgasbork.hotdeath.Prefs"]}, {"84823da6771636aedb494e236596562e": ["1", "com.smorgasbork.hotdeath.Prefs"]}, {"966381167ef14e6a30cabc7f8b698137": ["5", "com.smorgasbork.hotdeath.Prefs"]}, {"5d239d9e3dfb1e2bb0d5b467d8d09c5c": ["4", "com.smorgasbork.hotdeath.Prefs"]}, {"966381167ef14e6a30cabc7f8b698137": ["5", "com.smorgasbork.hotdeath.Prefs"]}, {"bbb6e102e055285a8ccb0728f2d13303": ["10", "com.smorgasbork.hotdeath.Prefs"]}, {"966381167ef14e6a30cabc7f8b698137": ["5", "com.smorgasbork.hotdeath.Prefs"]}, {"bbb6e102e055285a8ccb0728f2d13303": ["10", "com.smorgasbork.hotdeath.Prefs"]}, {"966381167ef14e6a30cabc7f8b698137": ["5", "com.smorgasbork.hotdeath.Prefs"]}, {"5d239d9e3dfb1e2bb0d5b467d8d09c5c": ["4", "com.smorgasbork.hotdeath.Prefs"]}, {"966381167ef14e6a30cabc7f8b698137": ["5", "com.smorgasbork.hotdeath.Prefs"]}, {"bbb6e102e055285a8ccb0728f2d13303": ["10", "com.smorgasbork.hotdeath.Prefs"]}, {"966381167ef14e6a30cabc7f8b698137": ["5", "com.smorgasbork.hotdeath.Prefs"]}, {"5d239d9e3dfb1e2bb0d5b467d8d09c5c": ["4", "com.smorgasbork.hotdeath.Prefs"]}, {"966381167ef14e6a30cabc7f8b698137": ["5", "com.smorgasbork.hotdeath.Prefs"]}, {"5d239d9e3dfb1e2bb0d5b467d8d09c5c": ["4", "com.smorgasbork.hotdeath.Prefs"]}, {"966381167ef14e6a30cabc7f8b698137": ["5", "com.smorgasbork.hotdeath.Prefs"]}, {"5d239d9e3dfb1e2bb0d5b467d8d09c5c": ["4", "com.smorgasbork.hotdeath.Prefs"]}, {"966381167ef14e6a30cabc7f8b698137": ["5", "com.smorgasbork.hotdeath.Prefs"]}, {"966381167ef14e6a30cabc7f8b698137": ["5", "com.smorgasbork.hotdeath.Prefs"]}, {"966381167ef14e6a30cabc7f8b698137": ["5", "com.smorgasbork.hotdeath.Prefs"]}, {"966381167ef14e6a30cabc7f8b698137": ["5", "com.smorgasbork.hotdeath.Prefs"]}, {"966381167ef14e6a30cabc7f8b698137": ["5", "com.smorgasbork.hotdeath.Prefs"]}, {"5d239d9e3dfb1e2bb0d5b467d8d09c5c": ["4", "com.smorgasbork.hotdeath.Prefs"]}, {"84823da6771636aedb494e236596562e": ["1", "com.smorgasbork.hotdeath.Prefs"]}, {"966381167ef14e6a30cabc7f8b698137": ["5", "com.smorgasbork.hotdeath.Prefs"]}, {"bbb6e102e055285a8ccb0728f2d13303": ["10", "com.smorgasbork.hotdeath.Prefs"]}, {"966381167ef14e6a30cabc7f8b698137": ["5", "com.smorgasbork.hotdeath.Prefs"]}, {"5d239d9e3dfb1e2bb0d5b467d8d09c5c": ["4", "com.smorgasbork.hotdeath.Prefs"]}, {"966381167ef14e6a30cabc7f8b698137": ["5", "com.smorgasbork.hotdeath.Prefs"]}, {"bbb6e102e055285a8ccb0728f2d13303": ["10", "com.smorgasbork.hotdeath.Prefs"]}, {"966381167ef14e6a30cabc7f8b698137": ["5", "com.smorgasbork.hotdeath.Prefs"]}, {"5d239d9e3dfb1e2bb0d5b467d8d09c5c": ["4", "com.smorgasbork.hotdeath.Prefs"]}, {"966381167ef14e6a30cabc7f8b698137": ["5", "com.smorgasbork.hotdeath.Prefs"]}, {"bbb6e102e055285a8ccb0728f2d13303": ["10", "com.smorgasbork.hotdeath.Prefs"]}, {"966381167ef14e6a30cabc7f8b698137": ["5", "com.smorgasbork.hotdeath.Prefs"]}, {"bbb6e102e055285a8ccb0728f2d13303": ["10", "com.smorgasbork.hotdeath.Prefs"]}, {"966381167ef14e6a30cabc7f8b698137": ["5", "com.smorgasbork.hotdeath.Prefs"]}, {"bbb6e102e055285a8ccb0728f2d13303": ["10", "com.smorgasbork.hotdeath.Prefs"]}, {"966381167ef14e6a30cabc7f8b698137": ["5", "com.smorgasbork.hotdeath.Prefs"]}, {"bbb6e102e055285a8ccb0728f2d13303": ["10", "com.smorgasbork.hotdeath.Prefs"]}, {"966381167ef14e6a30cabc7f8b698137": ["5", "com.smorgasbork.hotdeath.Prefs"]}, {"84823da6771636aedb494e236596562e": ["1", "com.smorgasbork.hotdeath.Prefs"]}, {"84823da6771636aedb494e236596562e": ["1", "com.smorgasbork.hotdeath.Prefs"]}, {"3b32a5ae822050bf76aea702f14fdca3": ["2", "com.smorgasbork.hotdeath.Prefs"]}, {"84823da6771636aedb494e236596562e": ["1", "com.smorgasbork.hotdeath.Prefs"]}, {"84823da6771636aedb494e236596562e": ["1", "com.smorgasbork.hotdeath.Prefs"]}, {"84823da6771636aedb494e236596562e": ["1", "com.smorgasbork.hotdeath.Prefs"]}, {"5d239d9e3dfb1e2bb0d5b467d8d09c5c": ["4", "com.smorgasbork.hotdeath.Prefs"]}, {"84823da6771636aedb494e236596562e": ["1", "com.smorgasbork.hotdeath.Prefs"]}, {"84823da6771636aedb494e236596562e": ["1", "com.smorgasbork.hotdeath.Prefs"]}, {"84823da6771636aedb494e236596562e": ["1", "com.smorgasbork.hotdeath.Prefs"]}, {"c2361eefef412f05cad442f66ce6ee77": ["3", "com.smorgasbork.hotdeath.Prefs"]}, {"00f78fe87a5df84bfc90fd40acf35f03": ["9", "com.smorgasbork.hotdeath.Main"]}, {"731935722f86e267022196ac47df01c4": ["12", "com.smorgasbork.hotdeath.GameActivity"]}, {"731935722f86e267022196ac47df01c4": ["12", "com.smorgasbork.hotdeath.GameActivity"]}, {"5fb637b71f9f3052fc5f8324212292e8": ["16", "com.smorgasbork.hotdeath.GameActivity"]}, {"731935722f86e267022196ac47df01c4": ["12", "com.smorgasbork.hotdeath.GameActivity"]}, {"5fb637b71f9f3052fc5f8324212292e8": ["16", "com.smorgasbork.hotdeath.GameActivity"]}, {"731935722f86e267022196ac47df01c4": ["12", "com.smorgasbork.hotdeath.GameActivity"]}, {"731935722f86e267022196ac47df01c4": ["12", "com.smorgasbork.hotdeath.GameActivity"]}, {"731935722f86e267022196ac47df01c4": ["12", "com.smorgasbork.hotdeath.GameActivity"]}, {"5fb637b71f9f3052fc5f8324212292e8": ["16", "com.smorgasbork.hotdeath.GameActivity"]}, {"5fb637b71f9f3052fc5f8324212292e8": ["16", "com.smorgasbork.hotdeath.GameActivity"]}, {"731935722f86e267022196ac47df01c4": ["12", "com.smorgasbork.hotdeath.GameActivity"]}, {"00f78fe87a5df84bfc90fd40acf35f03": ["9", "com.smorgasbork.hotdeath.Main"]}, {"00f78fe87a5df84bfc90fd40acf35f03": ["9", "com.smorgasbork.hotdeath.Main"]}, {"ab06b4b8c4020c340d6cd7f967b4ee78": ["6", "com.smorgasbork.hotdeath.GameActivity"]}, {"731935722f86e267022196ac47df01c4": ["12", "com.smorgasbork.hotdeath.GameActivity"]}, {"731935722f86e267022196ac47df01c4": ["12", "com.smorgasbork.hotdeath.GameActivity"]}, {"731935722f86e267022196ac47df01c4": ["12", "com.smorgasbork.hotdeath.GameActivity"]}, {"731935722f86e267022196ac47df01c4": ["12", "com.smorgasbork.hotdeath.GameActivity"]}, {"731935722f86e267022196ac47df01c4": ["12", "com.smorgasbork.hotdeath.GameActivity"]}, {"731935722f86e267022196ac47df01c4": ["12", "com.smorgasbork.hotdeath.GameActivity"]}, {"731935722f86e267022196ac47df01c4": ["12", "com.smorgasbork.hotdeath.GameActivity"]}, {"731935722f86e267022196ac47df01c4": ["12", "com.smorgasbork.hotdeath.GameActivity"]}, {"731935722f86e267022196ac47df01c4": ["12", "com.smorgasbork.hotdeath.GameActivity"]}, {"5fb637b71f9f3052fc5f8324212292e8": ["16", "com.smorgasbork.hotdeath.GameActivity"]}, {"bea6a038ca29ed13491e43fda0e3d397": ["18", "com.smorgasbork.hotdeath.GameActivity"]}, {"bea6a038ca29ed13491e43fda0e3d397": ["18", "com.smorgasbork.hotdeath.GameActivity"]}, {"bea6a038ca29ed13491e43fda0e3d397": ["18", "com.smorgasbork.hotdeath.GameActivity"]}, {"bea6a038ca29ed13491e43fda0e3d397": ["18", "com.smorgasbork.hotdeath.GameActivity"]}, {"731935722f86e267022196ac47df01c4": ["12", "com.smorgasbork.hotdeath.GameActivity"]}, {"5fb637b71f9f3052fc5f8324212292e8": ["16", "com.smorgasbork.hotdeath.GameActivity"]}, {"5fb637b71f9f3052fc5f8324212292e8": ["16", "com.smorgasbork.hotdeath.GameActivity"]}, {"5fb637b71f9f3052fc5f8324212292e8": ["16", "com.smorgasbork.hotdeath.GameActivity"]}, {"5fb637b71f9f3052fc5f8324212292e8": ["16", "com.smorgasbork.hotdeath.GameActivity"]}, {"5fb637b71f9f3052fc5f8324212292e8": ["16", "com.smorgasbork.hotdeath.GameActivity"]}, {"5fb637b71f9f3052fc5f8324212292e8": ["16", "com.smorgasbork.hotdeath.GameActivity"]}, {"5fb637b71f9f3052fc5f8324212292e8": ["16", "com.smorgasbork.hotdeath.GameActivity"]}, {"5fb637b71f9f3052fc5f8324212292e8": ["16", "com.smorgasbork.hotdeath.GameActivity"]}, {"731935722f86e267022196ac47df01c4": ["12", "com.smorgasbork.hotdeath.GameActivity"]}, {"731935722f86e267022196ac47df01c4": ["12", "com.smorgasbork.hotdeath.GameActivity"]}, {"731935722f86e267022196ac47df01c4": ["12", "com.smorgasbork.hotdeath.GameActivity"]}, {"731935722f86e267022196ac47df01c4": ["12", "com.smorgasbork.hotdeath.GameActivity"]}, {"731935722f86e267022196ac47df01c4": ["12", "com.smorgasbork.hotdeath.GameActivity"]}, {"731935722f86e267022196ac47df01c4": ["12", "com.smorgasbork.hotdeath.GameActivity"]}, {"731935722f86e267022196ac47df01c4": ["12", "com.smorgasbork.hotdeath.GameActivity"]}, {"731935722f86e267022196ac47df01c4": ["12", "com.smorgasbork.hotdeath.GameActivity"]}, {"731935722f86e267022196ac47df01c4": ["12", "com.smorgasbork.hotdeath.GameActivity"]}, {"731935722f86e267022196ac47df01c4": ["12", "com.smorgasbork.hotdeath.GameActivity"]}, {"731935722f86e267022196ac47df01c4": ["12", "com.smorgasbork.hotdeath.GameActivity"]}, {"731935722f86e267022196ac47df01c4": ["12", "com.smorgasbork.hotdeath.GameActivity"]}, {"731935722f86e267022196ac47df01c4": ["12", "com.smorgasbork.hotdeath.GameActivity"]}, {"731935722f86e267022196ac47df01c4": ["12", "com.smorgasbork.hotdeath.GameActivity"]}, {"731935722f86e267022196ac47df01c4": ["12", "com.smorgasbork.hotdeath.GameActivity"]}, {"731935722f86e267022196ac47df01c4": ["12", "com.smorgasbork.hotdeath.GameActivity"]}, {"731935722f86e267022196ac47df01c4": ["12", "com.smorgasbork.hotdeath.GameActivity"]}, {"731935722f86e267022196ac47df01c4": ["12", "com.smorgasbork.hotdeath.GameActivity"]}, {"731935722f86e267022196ac47df01c4": ["12", "com.smorgasbork.hotdeath.GameActivity"]}, {"731935722f86e267022196ac47df01c4": ["12", "com.smorgasbork.hotdeath.GameActivity"]}, {"731935722f86e267022196ac47df01c4": ["12", "com.smorgasbork.hotdeath.GameActivity"]}, {"731935722f86e267022196ac47df01c4": ["12", "com.smorgasbork.hotdeath.GameActivity"]}, {"731935722f86e267022196ac47df01c4": ["12", "com.smorgasbork.hotdeath.GameActivity"]}, {"731935722f86e267022196ac47df01c4": ["12", "com.smorgasbork.hotdeath.GameActivity"]}, {"731935722f86e267022196ac47df01c4": ["12", "com.smorgasbork.hotdeath.GameActivity"]}, {"731935722f86e267022196ac47df01c4": ["12", "com.smorgasbork.hotdeath.GameActivity"]}, {"731935722f86e267022196ac47df01c4": ["12", "com.smorgasbork.hotdeath.GameActivity"]}, {"c03bfd25b88386c6a15eacf18cd1d77d": ["19", "com.smorgasbork.hotdeath.GameActivity"]}, {"c03bfd25b88386c6a15eacf18cd1d77d": ["19", "com.smorgasbork.hotdeath.GameActivity"]}, {"c03bfd25b88386c6a15eacf18cd1d77d": ["19", "com.smorgasbork.hotdeath.GameActivity"]}, {"731935722f86e267022196ac47df01c4": ["12", "com.smorgasbork.hotdeath.GameActivity"]}, {"731935722f86e267022196ac47df01c4": ["12", "com.smorgasbork.hotdeath.GameActivity"]}, {"731935722f86e267022196ac47df01c4": ["12", "com.smorgasbork.hotdeath.GameActivity"]}, {"731935722f86e267022196ac47df01c4": ["12", "com.smorgasbork.hotdeath.GameActivity"]}, {"731935722f86e267022196ac47df01c4": ["12", "com.smorgasbork.hotdeath.GameActivity"]}, {"00f78fe87a5df84bfc90fd40acf35f03": ["9", "com.smorgasbork.hotdeath.Main"]}, {"00f78fe87a5df84bfc90fd40acf35f03": ["9", "com.smorgasbork.hotdeath.Main"]}, {"731935722f86e267022196ac47df01c4": ["12", "com.smorgasbork.hotdeath.GameActivity"]}, {"731935722f86e267022196ac47df01c4": ["12", "com.smorgasbork.hotdeath.GameActivity"]}, {"731935722f86e267022196ac47df01c4": ["12", "com.smorgasbork.hotdeath.GameActivity"]}, {"5fb637b71f9f3052fc5f8324212292e8": ["16", "com.smorgasbork.hotdeath.GameActivity"]}, {"731935722f86e267022196ac47df01c4": ["12", "com.smorgasbork.hotdeath.GameActivity"]}, {"731935722f86e267022196ac47df01c4": ["12", "com.smorgasbork.hotdeath.GameActivity"]}, {"731935722f86e267022196ac47df01c4": ["12", "com.smorgasbork.hotdeath.GameActivity"]}, {"731935722f86e267022196ac47df01c4": ["12", "com.smorgasbork.hotdeath.GameActivity"]}, {"731935722f86e267022196ac47df01c4": ["12", "com.smorgasbork.hotdeath.GameActivity"]}, {"731935722f86e267022196ac47df01c4": ["12", "com.smorgasbork.hotdeath.GameActivity"]}, {"731935722f86e267022196ac47df01c4": ["12", "com.smorgasbork.hotdeath.GameActivity"]}, {"731935722f86e267022196ac47df01c4": ["12", "com.smorgasbork.hotdeath.GameActivity"]}, {"731935722f86e267022196ac47df01c4": ["12", "com.smorgasbork.hotdeath.GameActivity"]}, {"731935722f86e267022196ac47df01c4": ["12", "com.smorgasbork.hotdeath.GameActivity"]}, {"731935722f86e267022196ac47df01c4": ["12", "com.smorgasbork.hotdeath.GameActivity"]}, {"731935722f86e267022196ac47df01c4": ["12", "com.smorgasbork.hotdeath.GameActivity"]}, {"731935722f86e267022196ac47df01c4": ["12", "com.smorgasbork.hotdeath.GameActivity"]}, {"5fb637b71f9f3052fc5f8324212292e8": ["16", "com.smorgasbork.hotdeath.GameActivity"]}, {"5fb637b71f9f3052fc5f8324212292e8": ["16", "com.smorgasbork.hotdeath.GameActivity"]}, {"5fb637b71f9f3052fc5f8324212292e8": ["16", "com.smorgasbork.hotdeath.GameActivity"]}, {"731935722f86e267022196ac47df01c4": ["12", "com.smorgasbork.hotdeath.GameActivity"]}, {"731935722f86e267022196ac47df01c4": ["12", "com.smorgasbork.hotdeath.GameActivity"]}, {"731935722f86e267022196ac47df01c4": ["12", "com.smorgasbork.hotdeath.GameActivity"]}, {"731935722f86e267022196ac47df01c4": ["12", "com.smorgasbork.hotdeath.GameActivity"]}, {"731935722f86e267022196ac47df01c4": ["12", "com.smorgasbork.hotdeath.GameActivity"]}, {"731935722f86e267022196ac47df01c4": ["12", "com.smorgasbork.hotdeath.GameActivity"]}, {"5fb637b71f9f3052fc5f8324212292e8": ["16", "com.smorgasbork.hotdeath.GameActivity"]}, {"5fb637b71f9f3052fc5f8324212292e8": ["16", "com.smorgasbork.hotdeath.GameActivity"]}, {"731935722f86e267022196ac47df01c4": ["12", "com.smorgasbork.hotdeath.GameActivity"]}, {"731935722f86e267022196ac47df01c4": ["12", "com.smorgasbork.hotdeath.GameActivity"]}, {"731935722f86e267022196ac47df01c4": ["12", "com.smorgasbork.hotdeath.GameActivity"]}, {"731935722f86e267022196ac47df01c4": ["12", "com.smorgasbork.hotdeath.GameActivity"]}, {"731935722f86e267022196ac47df01c4": ["12", "com.smorgasbork.hotdeath.GameActivity"]}, {"731935722f86e267022196ac47df01c4": ["12", "com.smorgasbork.hotdeath.GameActivity"]}, {"731935722f86e267022196ac47df01c4": ["12", "com.smorgasbork.hotdeath.GameActivity"]}, {"5fb637b71f9f3052fc5f8324212292e8": ["16", "com.smorgasbork.hotdeath.GameActivity"]}, {"5fb637b71f9f3052fc5f8324212292e8": ["16", "com.smorgasbork.hotdeath.GameActivity"]}, {"5fb637b71f9f3052fc5f8324212292e8": ["16", "com.smorgasbork.hotdeath.GameActivity"]}, {"731935722f86e267022196ac47df01c4": ["12", "com.smorgasbork.hotdeath.GameActivity"]}, {"731935722f86e267022196ac47df01c4": ["12", "com.smorgasbork.hotdeath.GameActivity"]}, {"731935722f86e267022196ac47df01c4": ["12", "com.smorgasbork.hotdeath.GameActivity"]}, {"731935722f86e267022196ac47df01c4": ["12", "com.smorgasbork.hotdeath.GameActivity"]}, {"5fb637b71f9f3052fc5f8324212292e8": ["16", "com.smorgasbork.hotdeath.GameActivity"]}, {"5fb637b71f9f3052fc5f8324212292e8": ["16", "com.smorgasbork.hotdeath.GameActivity"]}, {"5fb637b71f9f3052fc5f8324212292e8": ["16", "com.smorgasbork.hotdeath.GameActivity"]}, {"5fb637b71f9f3052fc5f8324212292e8": ["16", "com.smorgasbork.hotdeath.GameActivity"]}, {"c03bfd25b88386c6a15eacf18cd1d77d": ["19", "com.smorgasbork.hotdeath.GameActivity"]}, {"5fb637b71f9f3052fc5f8324212292e8": ["16", "com.smorgasbork.hotdeath.GameActivity"]}, {"5fb637b71f9f3052fc5f8324212292e8": ["16", "com.smorgasbork.hotdeath.GameActivity"]}, {"5fb637b71f9f3052fc5f8324212292e8": ["16", "com.smorgasbork.hotdeath.GameActivity"]}, {"c03bfd25b88386c6a15eacf18cd1d77d": ["19", "com.smorgasbork.hotdeath.GameActivity"]}, {"5fb637b71f9f3052fc5f8324212292e8": ["16", "com.smorgasbork.hotdeath.GameActivity"]}, {"5fb637b71f9f3052fc5f8324212292e8": ["16", "com.smorgasbork.hotdeath.GameActivity"]}, {"5fb637b71f9f3052fc5f8324212292e8": ["16", "com.smorgasbork.hotdeath.GameActivity"]}, {"5fb637b71f9f3052fc5f8324212292e8": ["16", "com.smorgasbork.hotdeath.GameActivity"]}, {"c03bfd25b88386c6a15eacf18cd1d77d": ["19", "com.smorgasbork.hotdeath.GameActivity"]}, {"00f78fe87a5df84bfc90fd40acf35f03": ["9", "com.smorgasbork.hotdeath.Main"]}, {"00f78fe87a5df84bfc90fd40acf35f03": ["9", "com.smorgasbork.hotdeath.Main"]}, {"00f78fe87a5df84bfc90fd40acf35f03": ["9", "com.smorgasbork.hotdeath.Main"]}, {"00f78fe87a5df84bfc90fd40acf35f03": ["9", "com.smorgasbork.hotdeath.Main"]}, {"00f78fe87a5df84bfc90fd40acf35f03": ["9", "com.smorgasbork.hotdeath.Main"]}, {"00f78fe87a5df84bfc90fd40acf35f03": ["9", "com.smorgasbork.hotdeath.Main"]}, {"00f78fe87a5df84bfc90fd40acf35f03": ["9", "com.smorgasbork.hotdeath.Main"]}, {"00f78fe87a5df84bfc90fd40acf35f03": ["9", "com.smorgasbork.hotdeath.Main"]}, {"731935722f86e267022196ac47df01c4": ["12", "com.smorgasbork.hotdeath.GameActivity"]}, {"731935722f86e267022196ac47df01c4": ["12", "com.smorgasbork.hotdeath.GameActivity"]}, {"731935722f86e267022196ac47df01c4": ["12", "com.smorgasbork.hotdeath.GameActivity"]}, {"731935722f86e267022196ac47df01c4": ["12", "com.smorgasbork.hotdeath.GameActivity"]}, {"731935722f86e267022196ac47df01c4": ["12", "com.smorgasbork.hotdeath.GameActivity"]}, {"c03bfd25b88386c6a15eacf18cd1d77d": ["19", "com.smorgasbork.hotdeath.GameActivity"]}, {"5fb637b71f9f3052fc5f8324212292e8": ["16", "com.smorgasbork.hotdeath.GameActivity"]}, {"5fb637b71f9f3052fc5f8324212292e8": ["16", "com.smorgasbork.hotdeath.GameActivity"]}, {"731935722f86e267022196ac47df01c4": ["12", "com.smorgasbork.hotdeath.GameActivity"]}, {"731935722f86e267022196ac47df01c4": ["12", "com.smorgasbork.hotdeath.GameActivity"]}, {"731935722f86e267022196ac47df01c4": ["12", "com.smorgasbork.hotdeath.GameActivity"]}, {"731935722f86e267022196ac47df01c4": ["12", "com.smorgasbork.hotdeath.GameActivity"]}, {"731935722f86e267022196ac47df01c4": ["12", "com.smorgasbork.hotdeath.GameActivity"]}, {"731935722f86e267022196ac47df01c4": ["12", "com.smorgasbork.hotdeath.GameActivity"]}, {"731935722f86e267022196ac47df01c4": ["12", "com.smorgasbork.hotdeath.GameActivity"]}, {"731935722f86e267022196ac47df01c4": ["12", "com.smorgasbork.hotdeath.GameActivity"]}, {"731935722f86e267022196ac47df01c4": ["12", "com.smorgasbork.hotdeath.GameActivity"]}, {"731935722f86e267022196ac47df01c4": ["12", "com.smorgasbork.hotdeath.GameActivity"]}, {"731935722f86e267022196ac47df01c4": ["12", "com.smorgasbork.hotdeath.GameActivity"]}, {"731935722f86e267022196ac47df01c4": ["12", "com.smorgasbork.hotdeath.GameActivity"]}, {"731935722f86e267022196ac47df01c4": ["12", "com.smorgasbork.hotdeath.GameActivity"]}, {"731935722f86e267022196ac47df01c4": ["12", "com.smorgasbork.hotdeath.GameActivity"]}, {"731935722f86e267022196ac47df01c4": ["12", "com.smorgasbork.hotdeath.GameActivity"]}, {"731935722f86e267022196ac47df01c4": ["12", "com.smorgasbork.hotdeath.GameActivity"]}, {"731935722f86e267022196ac47df01c4": ["12", "com.smorgasbork.hotdeath.GameActivity"]}, {"731935722f86e267022196ac47df01c4": ["12", "com.smorgasbork.hotdeath.GameActivity"]}, {"731935722f86e267022196ac47df01c4": ["12", "com.smorgasbork.hotdeath.GameActivity"]}, {"5fb637b71f9f3052fc5f8324212292e8": ["16", "com.smorgasbork.hotdeath.GameActivity"]}, {"5fb637b71f9f3052fc5f8324212292e8": ["16", "com.smorgasbork.hotdeath.GameActivity"]}, {"5fb637b71f9f3052fc5f8324212292e8": ["16", "com.smorgasbork.hotdeath.GameActivity"]}, {"731935722f86e267022196ac47df01c4": ["12", "com.smorgasbork.hotdeath.GameActivity"]}, {"731935722f86e267022196ac47df01c4": ["12", "com.smorgasbork.hotdeath.GameActivity"]}, {"731935722f86e267022196ac47df01c4": ["12", "com.smorgasbork.hotdeath.GameActivity"]}, {"731935722f86e267022196ac47df01c4": ["12", "com.smorgasbork.hotdeath.GameActivity"]}, {"731935722f86e267022196ac47df01c4": ["12", "com.smorgasbork.hotdeath.GameActivity"]}, {"731935722f86e267022196ac47df01c4": ["12", "com.smorgasbork.hotdeath.GameActivity"]}, {"731935722f86e267022196ac47df01c4": ["12", "com.smorgasbork.hotdeath.GameActivity"]}, {"731935722f86e267022196ac47df01c4": ["12", "com.smorgasbork.hotdeath.GameActivity"]}, {"731935722f86e267022196ac47df01c4": ["12", "com.smorgasbork.hotdeath.GameActivity"]}, {"c03bfd25b88386c6a15eacf18cd1d77d": ["19", "com.smorgasbork.hotdeath.GameActivity"]}, {"c03bfd25b88386c6a15eacf18cd1d77d": ["19", "com.smorgasbork.hotdeath.GameActivity"]}, {"c03bfd25b88386c6a15eacf18cd1d77d": ["19", "com.smorgasbork.hotdeath.GameActivity"]}, {"c03bfd25b88386c6a15eacf18cd1d77d": ["19", "com.smorgasbork.hotdeath.GameActivity"]}, {"c03bfd25b88386c6a15eacf18cd1d77d": ["19", "com.smorgasbork.hotdeath.GameActivity"]}, {"c03bfd25b88386c6a15eacf18cd1d77d": ["19", "com.smorgasbork.hotdeath.GameActivity"]}, {"c03bfd25b88386c6a15eacf18cd1d77d": ["19", "com.smorgasbork.hotdeath.GameActivity"]}, {"5fb637b71f9f3052fc5f8324212292e8": ["16", "com.smorgasbork.hotdeath.GameActivity"]}, {"5fb637b71f9f3052fc5f8324212292e8": ["16", "com.smorgasbork.hotdeath.GameActivity"]}, {"5fb637b71f9f3052fc5f8324212292e8": ["16", "com.smorgasbork.hotdeath.GameActivity"]}, {"5fb637b71f9f3052fc5f8324212292e8": ["16", "com.smorgasbork.hotdeath.GameActivity"]}, {"5fb637b71f9f3052fc5f8324212292e8": ["16", "com.smorgasbork.hotdeath.GameActivity"]}, {"5fb637b71f9f3052fc5f8324212292e8": ["16", "com.smorgasbork.hotdeath.GameActivity"]}, {"5fb637b71f9f3052fc5f8324212292e8": ["16", "com.smorgasbork.hotdeath.GameActivity"]}, {"5fb637b71f9f3052fc5f8324212292e8": ["16", "com.smorgasbork.hotdeath.GameActivity"]}, {"c03bfd25b88386c6a15eacf18cd1d77d": ["19", "com.smorgasbork.hotdeath.GameActivity"]}, {"731935722f86e267022196ac47df01c4": ["12", "com.smorgasbork.hotdeath.GameActivity"]}, {"731935722f86e267022196ac47df01c4": ["12", "com.smorgasbork.hotdeath.GameActivity"]}, {"731935722f86e267022196ac47df01c4": ["12", "com.smorgasbork.hotdeath.GameActivity"]}, {"731935722f86e267022196ac47df01c4": ["12", "com.smorgasbork.hotdeath.GameActivity"]}, {"731935722f86e267022196ac47df01c4": ["12", "com.smorgasbork.hotdeath.GameActivity"]}, {"731935722f86e267022196ac47df01c4": ["12", "com.smorgasbork.hotdeath.GameActivity"]}, {"731935722f86e267022196ac47df01c4": ["12", "com.smorgasbork.hotdeath.GameActivity"]}, {"731935722f86e267022196ac47df01c4": ["12", "com.smorgasbork.hotdeath.GameActivity"]}, {"731935722f86e267022196ac47df01c4": ["12", "com.smorgasbork.hotdeath.GameActivity"]}, {"731935722f86e267022196ac47df01c4": ["12", "com.smorgasbork.hotdeath.GameActivity"]}, {"731935722f86e267022196ac47df01c4": ["12", "com.smorgasbork.hotdeath.GameActivity"]}, {"731935722f86e267022196ac47df01c4": ["12", "com.smorgasbork.hotdeath.GameActivity"]}, {"bea6a038ca29ed13491e43fda0e3d397": ["18", "com.smorgasbork.hotdeath.GameActivity"]}, {"731935722f86e267022196ac47df01c4": ["12", "com.smorgasbork.hotdeath.GameActivity"]}, {"731935722f86e267022196ac47df01c4": ["12", "com.smorgasbork.hotdeath.GameActivity"]}, {"731935722f86e267022196ac47df01c4": ["12", "com.smorgasbork.hotdeath.GameActivity"]}, {"731935722f86e267022196ac47df01c4": ["12", "com.smorgasbork.hotdeath.GameActivity"]}, {"731935722f86e267022196ac47df01c4": ["12", "com.smorgasbork.hotdeath.GameActivity"]}, {"731935722f86e267022196ac47df01c4": ["12", "com.smorgasbork.hotdeath.GameActivity"]}, {"731935722f86e267022196ac47df01c4": ["12", "com.smorgasbork.hotdeath.GameActivity"]}, {"5fb637b71f9f3052fc5f8324212292e8": ["16", "com.smorgasbork.hotdeath.GameActivity"]}, {"5fb637b71f9f3052fc5f8324212292e8": ["16", "com.smorgasbork.hotdeath.GameActivity"]}, {"5fb637b71f9f3052fc5f8324212292e8": ["16", "com.smorgasbork.hotdeath.GameActivity"]}, {"5fb637b71f9f3052fc5f8324212292e8": ["16", "com.smorgasbork.hotdeath.GameActivity"]}, {"c03bfd25b88386c6a15eacf18cd1d77d": ["19", "com.smorgasbork.hotdeath.GameActivity"]}, {"5fb637b71f9f3052fc5f8324212292e8": ["16", "com.smorgasbork.hotdeath.GameActivity"]}, {"c03bfd25b88386c6a15eacf18cd1d77d": ["19", "com.smorgasbork.hotdeath.GameActivity"]}, {"731935722f86e267022196ac47df01c4": ["12", "com.smorgasbork.hotdeath.GameActivity"]}, {"731935722f86e267022196ac47df01c4": ["12", "com.smorgasbork.hotdeath.GameActivity"]}, {"00f78fe87a5df84bfc90fd40acf35f03": ["9", "com.smorgasbork.hotdeath.Main"]}, {"731935722f86e267022196ac47df01c4": ["12", "com.smorgasbork.hotdeath.GameActivity"]}, {"731935722f86e267022196ac47df01c4": ["12", "com.smorgasbork.hotdeath.GameActivity"]}, {"731935722f86e267022196ac47df01c4": ["12", "com.smorgasbork.hotdeath.GameActivity"]}, {"731935722f86e267022196ac47df01c4": ["12", "com.smorgasbork.hotdeath.GameActivity"]}, {"731935722f86e267022196ac47df01c4": ["12", "com.smorgasbork.hotdeath.GameActivity"]}, {"c03bfd25b88386c6a15eacf18cd1d77d": ["19", "com.smorgasbork.hotdeath.GameActivity"]}, {"c03bfd25b88386c6a15eacf18cd1d77d": ["19", "com.smorgasbork.hotdeath.GameActivity"]}, {"731935722f86e267022196ac47df01c4": ["12", "com.smorgasbork.hotdeath.GameActivity"]}, {"731935722f86e267022196ac47df01c4": ["12", "com.smorgasbork.hotdeath.GameActivity"]}, {"731935722f86e267022196ac47df01c4": ["12", "com.smorgasbork.hotdeath.GameActivity"]}, {"731935722f86e267022196ac47df01c4": ["12", "com.smorgasbork.hotdeath.GameActivity"]}, {"731935722f86e267022196ac47df01c4": ["12", "com.smorgasbork.hotdeath.GameActivity"]}, {"731935722f86e267022196ac47df01c4": ["12", "com.smorgasbork.hotdeath.GameActivity"]}, {"731935722f86e267022196ac47df01c4": ["12", "com.smorgasbork.hotdeath.GameActivity"]}, {"731935722f86e267022196ac47df01c4": ["12", "com.smorgasbork.hotdeath.GameActivity"]}, {"731935722f86e267022196ac47df01c4": ["12", "com.smorgasbork.hotdeath.GameActivity"]}, {"731935722f86e267022196ac47df01c4": ["12", "com.smorgasbork.hotdeath.GameActivity"]}, {"731935722f86e267022196ac47df01c4": ["12", "com.smorgasbork.hotdeath.GameActivity"]}, {"731935722f86e267022196ac47df01c4": ["12", "com.smorgasbork.hotdeath.GameActivity"]}, {"5fb637b71f9f3052fc5f8324212292e8": ["16", "com.smorgasbork.hotdeath.GameActivity"]}, {"5fb637b71f9f3052fc5f8324212292e8": ["16", "com.smorgasbork.hotdeath.GameActivity"]}, {"5fb637b71f9f3052fc5f8324212292e8": ["16", "com.smorgasbork.hotdeath.GameActivity"]}, {"5fb637b71f9f3052fc5f8324212292e8": ["16", "com.smorgasbork.hotdeath.GameActivity"]}, {"5fb637b71f9f3052fc5f8324212292e8": ["16", "com.smorgasbork.hotdeath.GameActivity"]}, {"c03bfd25b88386c6a15eacf18cd1d77d": ["19", "com.smorgasbork.hotdeath.GameActivity"]}, {"c03bfd25b88386c6a15eacf18cd1d77d": ["19", "com.smorgasbork.hotdeath.GameActivity"]}, {"c03bfd25b88386c6a15eacf18cd1d77d": ["19", "com.smorgasbork.hotdeath.GameActivity"]}, {"c03bfd25b88386c6a15eacf18cd1d77d": ["19", "com.smorgasbork.hotdeath.GameActivity"]}, {"c03bfd25b88386c6a15eacf18cd1d77d": ["19", "com.smorgasbork.hotdeath.GameActivity"]}, {"c03bfd25b88386c6a15eacf18cd1d77d": ["19", "com.smorgasbork.hotdeath.GameActivity"]}, {"c03bfd25b88386c6a15eacf18cd1d77d": ["19", "com.smorgasbork.hotdeath.GameActivity"]}, {"c03bfd25b88386c6a15eacf18cd1d77d": ["19", "com.smorgasbork.hotdeath.GameActivity"]}]