[{"82331d028fbdd6c521c00da710f23daf": ["0", "jp.gr.java_conf.hatalab.mnv.MainActivity"]}, {"42ded163b381212c2b8e46ef9e0f966e": ["3", "jp.gr.java_conf.hatalab.mnv.TextEdit"]}, {"42ded163b381212c2b8e46ef9e0f966e": ["3", "jp.gr.java_conf.hatalab.mnv.TextEdit"]}, {"ced35a833c1e22a41b5b068606eb9718": ["2", "jp.gr.java_conf.hatalab.mnv.MainActivity"]}, {"ced35a833c1e22a41b5b068606eb9718": ["2", "jp.gr.java_conf.hatalab.mnv.MainActivity"]}, {"ced35a833c1e22a41b5b068606eb9718": ["2", "jp.gr.java_conf.hatalab.mnv.MainActivity"]}, {"ced35a833c1e22a41b5b068606eb9718": ["2", "jp.gr.java_conf.hatalab.mnv.MainActivity"]}, {"ced35a833c1e22a41b5b068606eb9718": ["2", "jp.gr.java_conf.hatalab.mnv.MainActivity"]}, {"ced35a833c1e22a41b5b068606eb9718": ["2", "jp.gr.java_conf.hatalab.mnv.MainActivity"]}, {"ced35a833c1e22a41b5b068606eb9718": ["2", "jp.gr.java_conf.hatalab.mnv.MainActivity"]}, {"ced35a833c1e22a41b5b068606eb9718": ["2", "jp.gr.java_conf.hatalab.mnv.MainActivity"]}, {"ced35a833c1e22a41b5b068606eb9718": ["2", "jp.gr.java_conf.hatalab.mnv.MainActivity"]}, {"ced35a833c1e22a41b5b068606eb9718": ["2", "jp.gr.java_conf.hatalab.mnv.MainActivity"]}, {"ced35a833c1e22a41b5b068606eb9718": ["2", "jp.gr.java_conf.hatalab.mnv.MainActivity"]}, {"ced35a833c1e22a41b5b068606eb9718": ["2", "jp.gr.java_conf.hatalab.mnv.MainActivity"]}, {"ced35a833c1e22a41b5b068606eb9718": ["2", "jp.gr.java_conf.hatalab.mnv.MainActivity"]}, {"ced35a833c1e22a41b5b068606eb9718": ["2", "jp.gr.java_conf.hatalab.mnv.MainActivity"]}, {"422da4a6aa02b2b25f28e1c1dc9dc72d": ["7", "jp.gr.java_conf.hatalab.mnv.MainActivity"]}, {"ced35a833c1e22a41b5b068606eb9718": ["2", "jp.gr.java_conf.hatalab.mnv.MainActivity"]}, {"461e4f9f2c0f09e9f97ac51404b09681": ["17", "jp.gr.java_conf.hatalab.mnv.MainActivity"]}, {"ced35a833c1e22a41b5b068606eb9718": ["2", "jp.gr.java_conf.hatalab.mnv.MainActivity"]}, {"ced35a833c1e22a41b5b068606eb9718": ["2", "jp.gr.java_conf.hatalab.mnv.MainActivity"]}, {"ced35a833c1e22a41b5b068606eb9718": ["2", "jp.gr.java_conf.hatalab.mnv.MainActivity"]}, {"461e4f9f2c0f09e9f97ac51404b09681": ["17", "jp.gr.java_conf.hatalab.mnv.MainActivity"]}, {"461e4f9f2c0f09e9f97ac51404b09681": ["17", "jp.gr.java_conf.hatalab.mnv.MainActivity"]}, {"461e4f9f2c0f09e9f97ac51404b09681": ["17", "jp.gr.java_conf.hatalab.mnv.MainActivity"]}, {"461e4f9f2c0f09e9f97ac51404b09681": ["17", "jp.gr.java_conf.hatalab.mnv.MainActivity"]}, {"461e4f9f2c0f09e9f97ac51404b09681": ["17", "jp.gr.java_conf.hatalab.mnv.MainActivity"]}, {"461e4f9f2c0f09e9f97ac51404b09681": ["17", "jp.gr.java_conf.hatalab.mnv.MainActivity"]}, {"ced35a833c1e22a41b5b068606eb9718": ["2", "jp.gr.java_conf.hatalab.mnv.MainActivity"]}, {"4934e42d4575a8a4d2d6e2438dd5202d": ["4", "jp.gr.java_conf.hatalab.mnv.MainActivity"]}, {"5c850c80edaa3f7db12e47962a92cca0": ["6", "jp.gr.java_conf.hatalab.mnv.MainActivity"]}, {"ced35a833c1e22a41b5b068606eb9718": ["2", "jp.gr.java_conf.hatalab.mnv.MainActivity"]}, {"ced35a833c1e22a41b5b068606eb9718": ["2", "jp.gr.java_conf.hatalab.mnv.MainActivity"]}, {"ced35a833c1e22a41b5b068606eb9718": ["2", "jp.gr.java_conf.hatalab.mnv.MainActivity"]}, {"ced35a833c1e22a41b5b068606eb9718": ["2", "jp.gr.java_conf.hatalab.mnv.MainActivity"]}, {"ced35a833c1e22a41b5b068606eb9718": ["2", "jp.gr.java_conf.hatalab.mnv.MainActivity"]}, {"ced35a833c1e22a41b5b068606eb9718": ["2", "jp.gr.java_conf.hatalab.mnv.MainActivity"]}, {"42ded163b381212c2b8e46ef9e0f966e": ["3", "jp.gr.java_conf.hatalab.mnv.TextEdit"]}, {"42ded163b381212c2b8e46ef9e0f966e": ["3", "jp.gr.java_conf.hatalab.mnv.TextEdit"]}, {"42ded163b381212c2b8e46ef9e0f966e": ["3", "jp.gr.java_conf.hatalab.mnv.TextEdit"]}, {"42ded163b381212c2b8e46ef9e0f966e": ["3", "jp.gr.java_conf.hatalab.mnv.TextEdit"]}, {"42ded163b381212c2b8e46ef9e0f966e": ["3", "jp.gr.java_conf.hatalab.mnv.TextEdit"]}, {"7b773e84d27757e844cd3c0f95dc744b": ["9", "jp.gr.java_conf.hatalab.mnv.TextEdit"]}, {"7b773e84d27757e844cd3c0f95dc744b": ["9", "jp.gr.java_conf.hatalab.mnv.TextEdit"]}, {"7b773e84d27757e844cd3c0f95dc744b": ["9", "jp.gr.java_conf.hatalab.mnv.TextEdit"]}, {"7b773e84d27757e844cd3c0f95dc744b": ["9", "jp.gr.java_conf.hatalab.mnv.TextEdit"]}, {"7b773e84d27757e844cd3c0f95dc744b": ["9", "jp.gr.java_conf.hatalab.mnv.TextEdit"]}, {"7b773e84d27757e844cd3c0f95dc744b": ["9", "jp.gr.java_conf.hatalab.mnv.TextEdit"]}, {"ced35a833c1e22a41b5b068606eb9718": ["2", "jp.gr.java_conf.hatalab.mnv.MainActivity"]}, {"422da4a6aa02b2b25f28e1c1dc9dc72d": ["7", "jp.gr.java_conf.hatalab.mnv.MainActivity"]}, {"ced35a833c1e22a41b5b068606eb9718": ["2", "jp.gr.java_conf.hatalab.mnv.MainActivity"]}, {"461e4f9f2c0f09e9f97ac51404b09681": ["17", "jp.gr.java_conf.hatalab.mnv.MainActivity"]}, {"7576eb3d82b96fca077c2ab09b0a01de": ["57", "jp.gr.java_conf.hatalab.mnv.MainActivity"]}, {"7576eb3d82b96fca077c2ab09b0a01de": ["57", "jp.gr.java_conf.hatalab.mnv.MainActivity"]}, {"7576eb3d82b96fca077c2ab09b0a01de": ["57", "jp.gr.java_conf.hatalab.mnv.MainActivity"]}, {"7576eb3d82b96fca077c2ab09b0a01de": ["57", "jp.gr.java_conf.hatalab.mnv.MainActivity"]}, {"7576eb3d82b96fca077c2ab09b0a01de": ["57", "jp.gr.java_conf.hatalab.mnv.MainActivity"]}, {"7576eb3d82b96fca077c2ab09b0a01de": ["57", "jp.gr.java_conf.hatalab.mnv.MainActivity"]}, {"461e4f9f2c0f09e9f97ac51404b09681": ["17", "jp.gr.java_conf.hatalab.mnv.MainActivity"]}, {"7576eb3d82b96fca077c2ab09b0a01de": ["57", "jp.gr.java_conf.hatalab.mnv.MainActivity"]}, {"461e4f9f2c0f09e9f97ac51404b09681": ["17", "jp.gr.java_conf.hatalab.mnv.MainActivity"]}, {"461e4f9f2c0f09e9f97ac51404b09681": ["17", "jp.gr.java_conf.hatalab.mnv.MainActivity"]}, {"7576eb3d82b96fca077c2ab09b0a01de": ["57", "jp.gr.java_conf.hatalab.mnv.MainActivity"]}, {"461e4f9f2c0f09e9f97ac51404b09681": ["17", "jp.gr.java_conf.hatalab.mnv.MainActivity"]}, {"ced35a833c1e22a41b5b068606eb9718": ["2", "jp.gr.java_conf.hatalab.mnv.MainActivity"]}, {"ced35a833c1e22a41b5b068606eb9718": ["2", "jp.gr.java_conf.hatalab.mnv.MainActivity"]}, {"82331d028fbdd6c521c00da710f23daf": ["0", "jp.gr.java_conf.hatalab.mnv.MainActivity"]}, {"42ded163b381212c2b8e46ef9e0f966e": ["3", "jp.gr.java_conf.hatalab.mnv.TextEdit"]}, {"461e4f9f2c0f09e9f97ac51404b09681": ["17", "jp.gr.java_conf.hatalab.mnv.MainActivity"]}, {"461e4f9f2c0f09e9f97ac51404b09681": ["17", "jp.gr.java_conf.hatalab.mnv.MainActivity"]}, {"ced35a833c1e22a41b5b068606eb9718": ["2", "jp.gr.java_conf.hatalab.mnv.MainActivity"]}, {"461e4f9f2c0f09e9f97ac51404b09681": ["17", "jp.gr.java_conf.hatalab.mnv.MainActivity"]}, {"573e5072875fcf3fa465d0f111360a4f": ["1", "jp.gr.java_conf.hatalab.mnv.MainActivity"]}, {"461e4f9f2c0f09e9f97ac51404b09681": ["17", "jp.gr.java_conf.hatalab.mnv.MainActivity"]}, {"970e0be951894b09918d79b329851ea8": ["56", "jp.gr.java_conf.hatalab.mnv.MainActivity"]}, {"461e4f9f2c0f09e9f97ac51404b09681": ["17", "jp.gr.java_conf.hatalab.mnv.MainActivity"]}, {"73516da65e111f3c9dab65d67f16e946": ["71", "jp.gr.java_conf.hatalab.mnv.MainActivity"]}, {"73516da65e111f3c9dab65d67f16e946": ["71", "jp.gr.java_conf.hatalab.mnv.MainActivity"]}, {"42ded163b381212c2b8e46ef9e0f966e": ["3", "jp.gr.java_conf.hatalab.mnv.TextEdit"]}, {"42ded163b381212c2b8e46ef9e0f966e": ["3", "jp.gr.java_conf.hatalab.mnv.TextEdit"]}, {"73516da65e111f3c9dab65d67f16e946": ["71", "jp.gr.java_conf.hatalab.mnv.MainActivity"]}, {"73516da65e111f3c9dab65d67f16e946": ["71", "jp.gr.java_conf.hatalab.mnv.MainActivity"]}, {"73516da65e111f3c9dab65d67f16e946": ["71", "jp.gr.java_conf.hatalab.mnv.MainActivity"]}, {"82331d028fbdd6c521c00da710f23daf": ["0", "jp.gr.java_conf.hatalab.mnv.MainActivity"]}, {"82331d028fbdd6c521c00da710f23daf": ["0", "jp.gr.java_conf.hatalab.mnv.MainActivity"]}, {"82331d028fbdd6c521c00da710f23daf": ["0", "jp.gr.java_conf.hatalab.mnv.MainActivity"]}, {"42ded163b381212c2b8e46ef9e0f966e": ["3", "jp.gr.java_conf.hatalab.mnv.TextEdit"]}, {"42ded163b381212c2b8e46ef9e0f966e": ["3", "jp.gr.java_conf.hatalab.mnv.TextEdit"]}, {"42ded163b381212c2b8e46ef9e0f966e": ["3", "jp.gr.java_conf.hatalab.mnv.TextEdit"]}, {"42ded163b381212c2b8e46ef9e0f966e": ["3", "jp.gr.java_conf.hatalab.mnv.TextEdit"]}, {"42ded163b381212c2b8e46ef9e0f966e": ["3", "jp.gr.java_conf.hatalab.mnv.TextEdit"]}, {"42ded163b381212c2b8e46ef9e0f966e": ["3", "jp.gr.java_conf.hatalab.mnv.TextEdit"]}, {"842fd95630ee424e64ea5a4755e57e8b": ["8", "jp.gr.java_conf.hatalab.mnv.TextEdit"]}, {"bf2ddda27bf3e7a624c4ad5938380d35": ["10", "jp.gr.java_conf.hatalab.mnv.SelectFileName"]}, {"bf2ddda27bf3e7a624c4ad5938380d35": ["10", "jp.gr.java_conf.hatalab.mnv.SelectFileName"]}, {"546007e01bdc5e4a647ff3ac80e88e21": ["118", "jp.gr.java_conf.hatalab.mnv.SelectFileName"]}, {"546007e01bdc5e4a647ff3ac80e88e21": ["118", "jp.gr.java_conf.hatalab.mnv.SelectFileName"]}, {"546007e01bdc5e4a647ff3ac80e88e21": ["118", "jp.gr.java_conf.hatalab.mnv.SelectFileName"]}, {"bf2ddda27bf3e7a624c4ad5938380d35": ["10", "jp.gr.java_conf.hatalab.mnv.SelectFileName"]}, {"b96715a46240281f055ee003fc4aa10f": ["11", "jp.gr.java_conf.hatalab.mnv.SelectFileName"]}, {"546007e01bdc5e4a647ff3ac80e88e21": ["118", "jp.gr.java_conf.hatalab.mnv.SelectFileName"]}, {"546007e01bdc5e4a647ff3ac80e88e21": ["118", "jp.gr.java_conf.hatalab.mnv.SelectFileName"]}, {"bf2ddda27bf3e7a624c4ad5938380d35": ["10", "jp.gr.java_conf.hatalab.mnv.SelectFileName"]}, {"42ded163b381212c2b8e46ef9e0f966e": ["3", "jp.gr.java_conf.hatalab.mnv.TextEdit"]}, {"42ded163b381212c2b8e46ef9e0f966e": ["3", "jp.gr.java_conf.hatalab.mnv.TextEdit"]}, {"42ded163b381212c2b8e46ef9e0f966e": ["3", "jp.gr.java_conf.hatalab.mnv.TextEdit"]}, {"42ded163b381212c2b8e46ef9e0f966e": ["3", "jp.gr.java_conf.hatalab.mnv.TextEdit"]}, {"42ded163b381212c2b8e46ef9e0f966e": ["3", "jp.gr.java_conf.hatalab.mnv.TextEdit"]}, {"42ded163b381212c2b8e46ef9e0f966e": ["3", "jp.gr.java_conf.hatalab.mnv.TextEdit"]}, {"42ded163b381212c2b8e46ef9e0f966e": ["3", "jp.gr.java_conf.hatalab.mnv.TextEdit"]}, {"42ded163b381212c2b8e46ef9e0f966e": ["3", "jp.gr.java_conf.hatalab.mnv.TextEdit"]}, {"42ded163b381212c2b8e46ef9e0f966e": ["3", "jp.gr.java_conf.hatalab.mnv.TextEdit"]}, {"42ded163b381212c2b8e46ef9e0f966e": ["3", "jp.gr.java_conf.hatalab.mnv.TextEdit"]}, {"42ded163b381212c2b8e46ef9e0f966e": ["3", "jp.gr.java_conf.hatalab.mnv.TextEdit"]}, {"42ded163b381212c2b8e46ef9e0f966e": ["3", "jp.gr.java_conf.hatalab.mnv.TextEdit"]}, {"42ded163b381212c2b8e46ef9e0f966e": ["3", "jp.gr.java_conf.hatalab.mnv.TextEdit"]}, {"42ded163b381212c2b8e46ef9e0f966e": ["3", "jp.gr.java_conf.hatalab.mnv.TextEdit"]}, {"42ded163b381212c2b8e46ef9e0f966e": ["3", "jp.gr.java_conf.hatalab.mnv.TextEdit"]}, {"42ded163b381212c2b8e46ef9e0f966e": ["3", "jp.gr.java_conf.hatalab.mnv.TextEdit"]}, {"42ded163b381212c2b8e46ef9e0f966e": ["3", "jp.gr.java_conf.hatalab.mnv.TextEdit"]}, {"42ded163b381212c2b8e46ef9e0f966e": ["3", "jp.gr.java_conf.hatalab.mnv.TextEdit"]}, {"42ded163b381212c2b8e46ef9e0f966e": ["3", "jp.gr.java_conf.hatalab.mnv.TextEdit"]}, {"42ded163b381212c2b8e46ef9e0f966e": ["3", "jp.gr.java_conf.hatalab.mnv.TextEdit"]}, {"42ded163b381212c2b8e46ef9e0f966e": ["3", "jp.gr.java_conf.hatalab.mnv.TextEdit"]}, {"842fd95630ee424e64ea5a4755e57e8b": ["8", "jp.gr.java_conf.hatalab.mnv.TextEdit"]}, {"7b773e84d27757e844cd3c0f95dc744b": ["9", "jp.gr.java_conf.hatalab.mnv.TextEdit"]}, {"7b773e84d27757e844cd3c0f95dc744b": ["9", "jp.gr.java_conf.hatalab.mnv.TextEdit"]}, {"7b773e84d27757e844cd3c0f95dc744b": ["9", "jp.gr.java_conf.hatalab.mnv.TextEdit"]}, {"7b773e84d27757e844cd3c0f95dc744b": ["9", "jp.gr.java_conf.hatalab.mnv.TextEdit"]}, {"7b773e84d27757e844cd3c0f95dc744b": ["9", "jp.gr.java_conf.hatalab.mnv.TextEdit"]}, {"7b773e84d27757e844cd3c0f95dc744b": ["9", "jp.gr.java_conf.hatalab.mnv.TextEdit"]}, {"7b773e84d27757e844cd3c0f95dc744b": ["9", "jp.gr.java_conf.hatalab.mnv.TextEdit"]}, {"7b773e84d27757e844cd3c0f95dc744b": ["9", "jp.gr.java_conf.hatalab.mnv.TextEdit"]}, {"7b773e84d27757e844cd3c0f95dc744b": ["9", "jp.gr.java_conf.hatalab.mnv.TextEdit"]}, {"7b773e84d27757e844cd3c0f95dc744b": ["9", "jp.gr.java_conf.hatalab.mnv.TextEdit"]}, {"7b773e84d27757e844cd3c0f95dc744b": ["9", "jp.gr.java_conf.hatalab.mnv.TextEdit"]}, {"7b773e84d27757e844cd3c0f95dc744b": ["9", "jp.gr.java_conf.hatalab.mnv.TextEdit"]}, {"7b773e84d27757e844cd3c0f95dc744b": ["9", "jp.gr.java_conf.hatalab.mnv.TextEdit"]}, {"7b773e84d27757e844cd3c0f95dc744b": ["9", "jp.gr.java_conf.hatalab.mnv.TextEdit"]}, {"7b773e84d27757e844cd3c0f95dc744b": ["9", "jp.gr.java_conf.hatalab.mnv.TextEdit"]}, {"7b773e84d27757e844cd3c0f95dc744b": ["9", "jp.gr.java_conf.hatalab.mnv.TextEdit"]}, {"7b773e84d27757e844cd3c0f95dc744b": ["9", "jp.gr.java_conf.hatalab.mnv.TextEdit"]}, {"7b773e84d27757e844cd3c0f95dc744b": ["9", "jp.gr.java_conf.hatalab.mnv.TextEdit"]}, {"7b773e84d27757e844cd3c0f95dc744b": ["9", "jp.gr.java_conf.hatalab.mnv.TextEdit"]}, {"7b773e84d27757e844cd3c0f95dc744b": ["9", "jp.gr.java_conf.hatalab.mnv.TextEdit"]}, {"7b773e84d27757e844cd3c0f95dc744b": ["9", "jp.gr.java_conf.hatalab.mnv.TextEdit"]}, {"7b773e84d27757e844cd3c0f95dc744b": ["9", "jp.gr.java_conf.hatalab.mnv.TextEdit"]}, {"7b773e84d27757e844cd3c0f95dc744b": ["9", "jp.gr.java_conf.hatalab.mnv.TextEdit"]}, {"7b773e84d27757e844cd3c0f95dc744b": ["9", "jp.gr.java_conf.hatalab.mnv.TextEdit"]}, {"7b773e84d27757e844cd3c0f95dc744b": ["9", "jp.gr.java_conf.hatalab.mnv.TextEdit"]}, {"842fd95630ee424e64ea5a4755e57e8b": ["8", "jp.gr.java_conf.hatalab.mnv.TextEdit"]}, {"bf2ddda27bf3e7a624c4ad5938380d35": ["10", "jp.gr.java_conf.hatalab.mnv.SelectFileName"]}, {"b96715a46240281f055ee003fc4aa10f": ["11", "jp.gr.java_conf.hatalab.mnv.SelectFileName"]}, {"bf2ddda27bf3e7a624c4ad5938380d35": ["10", "jp.gr.java_conf.hatalab.mnv.SelectFileName"]}, {"3d295437e4153e10878b491a9a7a2f73": ["12", "jp.gr.java_conf.hatalab.mnv.SelectFileName"]}, {"bf2ddda27bf3e7a624c4ad5938380d35": ["10", "jp.gr.java_conf.hatalab.mnv.SelectFileName"]}, {"3d295437e4153e10878b491a9a7a2f73": ["12", "jp.gr.java_conf.hatalab.mnv.SelectFileName"]}, {"bf2ddda27bf3e7a624c4ad5938380d35": ["10", "jp.gr.java_conf.hatalab.mnv.SelectFileName"]}, {"3d295437e4153e10878b491a9a7a2f73": ["12", "jp.gr.java_conf.hatalab.mnv.SelectFileName"]}, {"bf2ddda27bf3e7a624c4ad5938380d35": ["10", "jp.gr.java_conf.hatalab.mnv.SelectFileName"]}, {"bf2ddda27bf3e7a624c4ad5938380d35": ["10", "jp.gr.java_conf.hatalab.mnv.SelectFileName"]}, {"bf2ddda27bf3e7a624c4ad5938380d35": ["10", "jp.gr.java_conf.hatalab.mnv.SelectFileName"]}, {"bf2ddda27bf3e7a624c4ad5938380d35": ["10", "jp.gr.java_conf.hatalab.mnv.SelectFileName"]}, {"bf2ddda27bf3e7a624c4ad5938380d35": ["10", "jp.gr.java_conf.hatalab.mnv.SelectFileName"]}, {"7b773e84d27757e844cd3c0f95dc744b": ["9", "jp.gr.java_conf.hatalab.mnv.TextEdit"]}, {"7b773e84d27757e844cd3c0f95dc744b": ["9", "jp.gr.java_conf.hatalab.mnv.TextEdit"]}, {"7b773e84d27757e844cd3c0f95dc744b": ["9", "jp.gr.java_conf.hatalab.mnv.TextEdit"]}, {"7b773e84d27757e844cd3c0f95dc744b": ["9", "jp.gr.java_conf.hatalab.mnv.TextEdit"]}, {"842fd95630ee424e64ea5a4755e57e8b": ["8", "jp.gr.java_conf.hatalab.mnv.TextEdit"]}, {"ced35a833c1e22a41b5b068606eb9718": ["2", "jp.gr.java_conf.hatalab.mnv.MainActivity"]}, {"82331d028fbdd6c521c00da710f23daf": ["0", "jp.gr.java_conf.hatalab.mnv.MainActivity"]}, {"82331d028fbdd6c521c00da710f23daf": ["0", "jp.gr.java_conf.hatalab.mnv.MainActivity"]}, {"ced35a833c1e22a41b5b068606eb9718": ["2", "jp.gr.java_conf.hatalab.mnv.MainActivity"]}, {"ced35a833c1e22a41b5b068606eb9718": ["2", "jp.gr.java_conf.hatalab.mnv.MainActivity"]}, {"ced35a833c1e22a41b5b068606eb9718": ["2", "jp.gr.java_conf.hatalab.mnv.MainActivity"]}, {"ced35a833c1e22a41b5b068606eb9718": ["2", "jp.gr.java_conf.hatalab.mnv.MainActivity"]}, {"ced35a833c1e22a41b5b068606eb9718": ["2", "jp.gr.java_conf.hatalab.mnv.MainActivity"]}, {"ced35a833c1e22a41b5b068606eb9718": ["2", "jp.gr.java_conf.hatalab.mnv.MainActivity"]}, {"4934e42d4575a8a4d2d6e2438dd5202d": ["4", "jp.gr.java_conf.hatalab.mnv.MainActivity"]}, {"ced35a833c1e22a41b5b068606eb9718": ["2", "jp.gr.java_conf.hatalab.mnv.MainActivity"]}, {"82331d028fbdd6c521c00da710f23daf": ["0", "jp.gr.java_conf.hatalab.mnv.MainActivity"]}, {"ced35a833c1e22a41b5b068606eb9718": ["2", "jp.gr.java_conf.hatalab.mnv.MainActivity"]}, {"ced35a833c1e22a41b5b068606eb9718": ["2", "jp.gr.java_conf.hatalab.mnv.MainActivity"]}, {"4934e42d4575a8a4d2d6e2438dd5202d": ["4", "jp.gr.java_conf.hatalab.mnv.MainActivity"]}, {"ced35a833c1e22a41b5b068606eb9718": ["2", "jp.gr.java_conf.hatalab.mnv.MainActivity"]}, {"4934e42d4575a8a4d2d6e2438dd5202d": ["4", "jp.gr.java_conf.hatalab.mnv.MainActivity"]}, {"ced35a833c1e22a41b5b068606eb9718": ["2", "jp.gr.java_conf.hatalab.mnv.MainActivity"]}, {"82331d028fbdd6c521c00da710f23daf": ["0", "jp.gr.java_conf.hatalab.mnv.MainActivity"]}, {"ced35a833c1e22a41b5b068606eb9718": ["2", "jp.gr.java_conf.hatalab.mnv.MainActivity"]}, {"ced35a833c1e22a41b5b068606eb9718": ["2", "jp.gr.java_conf.hatalab.mnv.MainActivity"]}, {"ced35a833c1e22a41b5b068606eb9718": ["2", "jp.gr.java_conf.hatalab.mnv.MainActivity"]}, {"42ded163b381212c2b8e46ef9e0f966e": ["3", "jp.gr.java_conf.hatalab.mnv.TextEdit"]}, {"42ded163b381212c2b8e46ef9e0f966e": ["3", "jp.gr.java_conf.hatalab.mnv.TextEdit"]}, {"42ded163b381212c2b8e46ef9e0f966e": ["3", "jp.gr.java_conf.hatalab.mnv.TextEdit"]}, {"42ded163b381212c2b8e46ef9e0f966e": ["3", "jp.gr.java_conf.hatalab.mnv.TextEdit"]}, {"ced35a833c1e22a41b5b068606eb9718": ["2", "jp.gr.java_conf.hatalab.mnv.MainActivity"]}, {"ced35a833c1e22a41b5b068606eb9718": ["2", "jp.gr.java_conf.hatalab.mnv.MainActivity"]}, {"ced35a833c1e22a41b5b068606eb9718": ["2", "jp.gr.java_conf.hatalab.mnv.MainActivity"]}, {"ced35a833c1e22a41b5b068606eb9718": ["2", "jp.gr.java_conf.hatalab.mnv.MainActivity"]}, {"a605b2168ae38210455cd4f8d78a3a0f": ["41", "jp.gr.java_conf.hatalab.mnv.GrepActivity"]}, {"a605b2168ae38210455cd4f8d78a3a0f": ["41", "jp.gr.java_conf.hatalab.mnv.GrepActivity"]}, {"a605b2168ae38210455cd4f8d78a3a0f": ["41", "jp.gr.java_conf.hatalab.mnv.GrepActivity"]}, {"a605b2168ae38210455cd4f8d78a3a0f": ["41", "jp.gr.java_conf.hatalab.mnv.GrepActivity"]}, {"a605b2168ae38210455cd4f8d78a3a0f": ["41", "jp.gr.java_conf.hatalab.mnv.GrepActivity"]}, {"a605b2168ae38210455cd4f8d78a3a0f": ["41", "jp.gr.java_conf.hatalab.mnv.GrepActivity"]}, {"a605b2168ae38210455cd4f8d78a3a0f": ["41", "jp.gr.java_conf.hatalab.mnv.GrepActivity"]}, {"a605b2168ae38210455cd4f8d78a3a0f": ["41", "jp.gr.java_conf.hatalab.mnv.GrepActivity"]}, {"a605b2168ae38210455cd4f8d78a3a0f": ["41", "jp.gr.java_conf.hatalab.mnv.GrepActivity"]}, {"a605b2168ae38210455cd4f8d78a3a0f": ["41", "jp.gr.java_conf.hatalab.mnv.GrepActivity"]}, {"a605b2168ae38210455cd4f8d78a3a0f": ["41", "jp.gr.java_conf.hatalab.mnv.GrepActivity"]}, {"a605b2168ae38210455cd4f8d78a3a0f": ["41", "jp.gr.java_conf.hatalab.mnv.GrepActivity"]}, {"a605b2168ae38210455cd4f8d78a3a0f": ["41", "jp.gr.java_conf.hatalab.mnv.GrepActivity"]}, {"a605b2168ae38210455cd4f8d78a3a0f": ["41", "jp.gr.java_conf.hatalab.mnv.GrepActivity"]}, {"a605b2168ae38210455cd4f8d78a3a0f": ["41", "jp.gr.java_conf.hatalab.mnv.GrepActivity"]}, {"ced35a833c1e22a41b5b068606eb9718": ["2", "jp.gr.java_conf.hatalab.mnv.MainActivity"]}, {"ced35a833c1e22a41b5b068606eb9718": ["2", "jp.gr.java_conf.hatalab.mnv.MainActivity"]}, {"ced35a833c1e22a41b5b068606eb9718": ["2", "jp.gr.java_conf.hatalab.mnv.MainActivity"]}, {"42ded163b381212c2b8e46ef9e0f966e": ["3", "jp.gr.java_conf.hatalab.mnv.TextEdit"]}, {"42ded163b381212c2b8e46ef9e0f966e": ["3", "jp.gr.java_conf.hatalab.mnv.TextEdit"]}, {"42ded163b381212c2b8e46ef9e0f966e": ["3", "jp.gr.java_conf.hatalab.mnv.TextEdit"]}, {"42ded163b381212c2b8e46ef9e0f966e": ["3", "jp.gr.java_conf.hatalab.mnv.TextEdit"]}, {"82331d028fbdd6c521c00da710f23daf": ["0", "jp.gr.java_conf.hatalab.mnv.MainActivity"]}, {"573e5072875fcf3fa465d0f111360a4f": ["1", "jp.gr.java_conf.hatalab.mnv.MainActivity"]}, {"f26c116ed02a1b791d4fef477f8b35d4": ["16", "jp.gr.java_conf.hatalab.mnv.MainActivity"]}, {"f26c116ed02a1b791d4fef477f8b35d4": ["16", "jp.gr.java_conf.hatalab.mnv.MainActivity"]}, {"ced35a833c1e22a41b5b068606eb9718": ["2", "jp.gr.java_conf.hatalab.mnv.MainActivity"]}, {"ced35a833c1e22a41b5b068606eb9718": ["2", "jp.gr.java_conf.hatalab.mnv.MainActivity"]}, {"ced35a833c1e22a41b5b068606eb9718": ["2", "jp.gr.java_conf.hatalab.mnv.MainActivity"]}, {"ced35a833c1e22a41b5b068606eb9718": ["2", "jp.gr.java_conf.hatalab.mnv.MainActivity"]}, {"ced35a833c1e22a41b5b068606eb9718": ["2", "jp.gr.java_conf.hatalab.mnv.MainActivity"]}, {"ced35a833c1e22a41b5b068606eb9718": ["2", "jp.gr.java_conf.hatalab.mnv.MainActivity"]}, {"42ded163b381212c2b8e46ef9e0f966e": ["3", "jp.gr.java_conf.hatalab.mnv.TextEdit"]}, {"42ded163b381212c2b8e46ef9e0f966e": ["3", "jp.gr.java_conf.hatalab.mnv.TextEdit"]}, {"42ded163b381212c2b8e46ef9e0f966e": ["3", "jp.gr.java_conf.hatalab.mnv.TextEdit"]}, {"573e5072875fcf3fa465d0f111360a4f": ["1", "jp.gr.java_conf.hatalab.mnv.MainActivity"]}, {"573e5072875fcf3fa465d0f111360a4f": ["1", "jp.gr.java_conf.hatalab.mnv.MainActivity"]}, {"ced35a833c1e22a41b5b068606eb9718": ["2", "jp.gr.java_conf.hatalab.mnv.MainActivity"]}, {"ced35a833c1e22a41b5b068606eb9718": ["2", "jp.gr.java_conf.hatalab.mnv.MainActivity"]}, {"ced35a833c1e22a41b5b068606eb9718": ["2", "jp.gr.java_conf.hatalab.mnv.MainActivity"]}, {"ced35a833c1e22a41b5b068606eb9718": ["2", "jp.gr.java_conf.hatalab.mnv.MainActivity"]}, {"42ded163b381212c2b8e46ef9e0f966e": ["3", "jp.gr.java_conf.hatalab.mnv.TextEdit"]}, {"42ded163b381212c2b8e46ef9e0f966e": ["3", "jp.gr.java_conf.hatalab.mnv.TextEdit"]}, {"42ded163b381212c2b8e46ef9e0f966e": ["3", "jp.gr.java_conf.hatalab.mnv.TextEdit"]}, {"42ded163b381212c2b8e46ef9e0f966e": ["3", "jp.gr.java_conf.hatalab.mnv.TextEdit"]}, {"42ded163b381212c2b8e46ef9e0f966e": ["3", "jp.gr.java_conf.hatalab.mnv.TextEdit"]}, {"42ded163b381212c2b8e46ef9e0f966e": ["3", "jp.gr.java_conf.hatalab.mnv.TextEdit"]}, {"42ded163b381212c2b8e46ef9e0f966e": ["3", "jp.gr.java_conf.hatalab.mnv.TextEdit"]}, {"42ded163b381212c2b8e46ef9e0f966e": ["3", "jp.gr.java_conf.hatalab.mnv.TextEdit"]}, {"42ded163b381212c2b8e46ef9e0f966e": ["3", "jp.gr.java_conf.hatalab.mnv.TextEdit"]}, {"42ded163b381212c2b8e46ef9e0f966e": ["3", "jp.gr.java_conf.hatalab.mnv.TextEdit"]}, {"42ded163b381212c2b8e46ef9e0f966e": ["3", "jp.gr.java_conf.hatalab.mnv.TextEdit"]}, {"42ded163b381212c2b8e46ef9e0f966e": ["3", "jp.gr.java_conf.hatalab.mnv.TextEdit"]}, {"842fd95630ee424e64ea5a4755e57e8b": ["8", "jp.gr.java_conf.hatalab.mnv.TextEdit"]}, {"bf2ddda27bf3e7a624c4ad5938380d35": ["10", "jp.gr.java_conf.hatalab.mnv.SelectFileName"]}, {"bf2ddda27bf3e7a624c4ad5938380d35": ["10", "jp.gr.java_conf.hatalab.mnv.SelectFileName"]}, {"c04cadd7c89bbe94047ac9c87816d846": ["117", "jp.gr.java_conf.hatalab.mnv.SelectFileName"]}, {"42ded163b381212c2b8e46ef9e0f966e": ["3", "jp.gr.java_conf.hatalab.mnv.TextEdit"]}, {"42ded163b381212c2b8e46ef9e0f966e": ["3", "jp.gr.java_conf.hatalab.mnv.TextEdit"]}, {"42ded163b381212c2b8e46ef9e0f966e": ["3", "jp.gr.java_conf.hatalab.mnv.TextEdit"]}, {"42ded163b381212c2b8e46ef9e0f966e": ["3", "jp.gr.java_conf.hatalab.mnv.TextEdit"]}, {"42ded163b381212c2b8e46ef9e0f966e": ["3", "jp.gr.java_conf.hatalab.mnv.TextEdit"]}, {"42ded163b381212c2b8e46ef9e0f966e": ["3", "jp.gr.java_conf.hatalab.mnv.TextEdit"]}, {"42ded163b381212c2b8e46ef9e0f966e": ["3", "jp.gr.java_conf.hatalab.mnv.TextEdit"]}, {"842fd95630ee424e64ea5a4755e57e8b": ["8", "jp.gr.java_conf.hatalab.mnv.TextEdit"]}, {"842fd95630ee424e64ea5a4755e57e8b": ["8", "jp.gr.java_conf.hatalab.mnv.TextEdit"]}, {"42ded163b381212c2b8e46ef9e0f966e": ["3", "jp.gr.java_conf.hatalab.mnv.TextEdit"]}, {"42ded163b381212c2b8e46ef9e0f966e": ["3", "jp.gr.java_conf.hatalab.mnv.TextEdit"]}, {"42ded163b381212c2b8e46ef9e0f966e": ["3", "jp.gr.java_conf.hatalab.mnv.TextEdit"]}, {"42ded163b381212c2b8e46ef9e0f966e": ["3", "jp.gr.java_conf.hatalab.mnv.TextEdit"]}, {"42ded163b381212c2b8e46ef9e0f966e": ["3", "jp.gr.java_conf.hatalab.mnv.TextEdit"]}, {"42ded163b381212c2b8e46ef9e0f966e": ["3", "jp.gr.java_conf.hatalab.mnv.TextEdit"]}, {"42ded163b381212c2b8e46ef9e0f966e": ["3", "jp.gr.java_conf.hatalab.mnv.TextEdit"]}, {"842fd95630ee424e64ea5a4755e57e8b": ["8", "jp.gr.java_conf.hatalab.mnv.TextEdit"]}, {"42ded163b381212c2b8e46ef9e0f966e": ["3", "jp.gr.java_conf.hatalab.mnv.TextEdit"]}, {"42ded163b381212c2b8e46ef9e0f966e": ["3", "jp.gr.java_conf.hatalab.mnv.TextEdit"]}, {"842fd95630ee424e64ea5a4755e57e8b": ["8", "jp.gr.java_conf.hatalab.mnv.TextEdit"]}, {"ced35a833c1e22a41b5b068606eb9718": ["2", "jp.gr.java_conf.hatalab.mnv.MainActivity"]}, {"ced35a833c1e22a41b5b068606eb9718": ["2", "jp.gr.java_conf.hatalab.mnv.MainActivity"]}, {"ced35a833c1e22a41b5b068606eb9718": ["2", "jp.gr.java_conf.hatalab.mnv.MainActivity"]}, {"73516da65e111f3c9dab65d67f16e946": ["71", "jp.gr.java_conf.hatalab.mnv.MainActivity"]}, {"73516da65e111f3c9dab65d67f16e946": ["71", "jp.gr.java_conf.hatalab.mnv.MainActivity"]}, {"73516da65e111f3c9dab65d67f16e946": ["71", "jp.gr.java_conf.hatalab.mnv.MainActivity"]}, {"73516da65e111f3c9dab65d67f16e946": ["71", "jp.gr.java_conf.hatalab.mnv.MainActivity"]}, {"ced35a833c1e22a41b5b068606eb9718": ["2", "jp.gr.java_conf.hatalab.mnv.MainActivity"]}, {"ced35a833c1e22a41b5b068606eb9718": ["2", "jp.gr.java_conf.hatalab.mnv.MainActivity"]}, {"ced35a833c1e22a41b5b068606eb9718": ["2", "jp.gr.java_conf.hatalab.mnv.MainActivity"]}, {"ced35a833c1e22a41b5b068606eb9718": ["2", "jp.gr.java_conf.hatalab.mnv.MainActivity"]}, {"461e4f9f2c0f09e9f97ac51404b09681": ["17", "jp.gr.java_conf.hatalab.mnv.MainActivity"]}, {"461e4f9f2c0f09e9f97ac51404b09681": ["17", "jp.gr.java_conf.hatalab.mnv.MainActivity"]}, {"42ded163b381212c2b8e46ef9e0f966e": ["3", "jp.gr.java_conf.hatalab.mnv.TextEdit"]}, {"42ded163b381212c2b8e46ef9e0f966e": ["3", "jp.gr.java_conf.hatalab.mnv.TextEdit"]}, {"42ded163b381212c2b8e46ef9e0f966e": ["3", "jp.gr.java_conf.hatalab.mnv.TextEdit"]}, {"42ded163b381212c2b8e46ef9e0f966e": ["3", "jp.gr.java_conf.hatalab.mnv.TextEdit"]}, {"461e4f9f2c0f09e9f97ac51404b09681": ["17", "jp.gr.java_conf.hatalab.mnv.MainActivity"]}, {"ced35a833c1e22a41b5b068606eb9718": ["2", "jp.gr.java_conf.hatalab.mnv.MainActivity"]}, {"ced35a833c1e22a41b5b068606eb9718": ["2", "jp.gr.java_conf.hatalab.mnv.MainActivity"]}, {"ced35a833c1e22a41b5b068606eb9718": ["2", "jp.gr.java_conf.hatalab.mnv.MainActivity"]}, {"82331d028fbdd6c521c00da710f23daf": ["0", "jp.gr.java_conf.hatalab.mnv.MainActivity"]}, {"a8ea3ab1490fb17fb368f274f4da93d2": ["70", "jp.gr.java_conf.hatalab.mnv.MainActivity"]}, {"a8ea3ab1490fb17fb368f274f4da93d2": ["70", "jp.gr.java_conf.hatalab.mnv.MainActivity"]}, {"ced35a833c1e22a41b5b068606eb9718": ["2", "jp.gr.java_conf.hatalab.mnv.MainActivity"]}, {"42ded163b381212c2b8e46ef9e0f966e": ["3", "jp.gr.java_conf.hatalab.mnv.TextEdit"]}, {"42ded163b381212c2b8e46ef9e0f966e": ["3", "jp.gr.java_conf.hatalab.mnv.TextEdit"]}, {"42ded163b381212c2b8e46ef9e0f966e": ["3", "jp.gr.java_conf.hatalab.mnv.TextEdit"]}, {"42ded163b381212c2b8e46ef9e0f966e": ["3", "jp.gr.java_conf.hatalab.mnv.TextEdit"]}, {"42ded163b381212c2b8e46ef9e0f966e": ["3", "jp.gr.java_conf.hatalab.mnv.TextEdit"]}, {"42ded163b381212c2b8e46ef9e0f966e": ["3", "jp.gr.java_conf.hatalab.mnv.TextEdit"]}, {"42ded163b381212c2b8e46ef9e0f966e": ["3", "jp.gr.java_conf.hatalab.mnv.TextEdit"]}, {"42ded163b381212c2b8e46ef9e0f966e": ["3", "jp.gr.java_conf.hatalab.mnv.TextEdit"]}, {"42ded163b381212c2b8e46ef9e0f966e": ["3", "jp.gr.java_conf.hatalab.mnv.TextEdit"]}, {"42ded163b381212c2b8e46ef9e0f966e": ["3", "jp.gr.java_conf.hatalab.mnv.TextEdit"]}, {"42ded163b381212c2b8e46ef9e0f966e": ["3", "jp.gr.java_conf.hatalab.mnv.TextEdit"]}, {"ced35a833c1e22a41b5b068606eb9718": ["2", "jp.gr.java_conf.hatalab.mnv.MainActivity"]}, {"a8ea3ab1490fb17fb368f274f4da93d2": ["70", "jp.gr.java_conf.hatalab.mnv.MainActivity"]}, {"f26c116ed02a1b791d4fef477f8b35d4": ["16", "jp.gr.java_conf.hatalab.mnv.MainActivity"]}, {"f26c116ed02a1b791d4fef477f8b35d4": ["16", "jp.gr.java_conf.hatalab.mnv.MainActivity"]}, {"ced35a833c1e22a41b5b068606eb9718": ["2", "jp.gr.java_conf.hatalab.mnv.MainActivity"]}, {"ced35a833c1e22a41b5b068606eb9718": ["2", "jp.gr.java_conf.hatalab.mnv.MainActivity"]}, {"ced35a833c1e22a41b5b068606eb9718": ["2", "jp.gr.java_conf.hatalab.mnv.MainActivity"]}, {"ced35a833c1e22a41b5b068606eb9718": ["2", "jp.gr.java_conf.hatalab.mnv.MainActivity"]}, {"ced35a833c1e22a41b5b068606eb9718": ["2", "jp.gr.java_conf.hatalab.mnv.MainActivity"]}, {"ced35a833c1e22a41b5b068606eb9718": ["2", "jp.gr.java_conf.hatalab.mnv.MainActivity"]}, {"ced35a833c1e22a41b5b068606eb9718": ["2", "jp.gr.java_conf.hatalab.mnv.MainActivity"]}, {"4934e42d4575a8a4d2d6e2438dd5202d": ["4", "jp.gr.java_conf.hatalab.mnv.MainActivity"]}, {"ced35a833c1e22a41b5b068606eb9718": ["2", "jp.gr.java_conf.hatalab.mnv.MainActivity"]}, {"ced35a833c1e22a41b5b068606eb9718": ["2", "jp.gr.java_conf.hatalab.mnv.MainActivity"]}, {"ced35a833c1e22a41b5b068606eb9718": ["2", "jp.gr.java_conf.hatalab.mnv.MainActivity"]}, {"ced35a833c1e22a41b5b068606eb9718": ["2", "jp.gr.java_conf.hatalab.mnv.MainActivity"]}, {"ced35a833c1e22a41b5b068606eb9718": ["2", "jp.gr.java_conf.hatalab.mnv.MainActivity"]}, {"ced35a833c1e22a41b5b068606eb9718": ["2", "jp.gr.java_conf.hatalab.mnv.MainActivity"]}, {"ced35a833c1e22a41b5b068606eb9718": ["2", "jp.gr.java_conf.hatalab.mnv.MainActivity"]}, {"ced35a833c1e22a41b5b068606eb9718": ["2", "jp.gr.java_conf.hatalab.mnv.MainActivity"]}, {"ced35a833c1e22a41b5b068606eb9718": ["2", "jp.gr.java_conf.hatalab.mnv.MainActivity"]}, {"ced35a833c1e22a41b5b068606eb9718": ["2", "jp.gr.java_conf.hatalab.mnv.MainActivity"]}, {"ced35a833c1e22a41b5b068606eb9718": ["2", "jp.gr.java_conf.hatalab.mnv.MainActivity"]}, {"ced35a833c1e22a41b5b068606eb9718": ["2", "jp.gr.java_conf.hatalab.mnv.MainActivity"]}, {"42ded163b381212c2b8e46ef9e0f966e": ["3", "jp.gr.java_conf.hatalab.mnv.TextEdit"]}, {"42ded163b381212c2b8e46ef9e0f966e": ["3", "jp.gr.java_conf.hatalab.mnv.TextEdit"]}, {"7b773e84d27757e844cd3c0f95dc744b": ["9", "jp.gr.java_conf.hatalab.mnv.TextEdit"]}, {"82331d028fbdd6c521c00da710f23daf": ["0", "jp.gr.java_conf.hatalab.mnv.MainActivity"]}, {"ced35a833c1e22a41b5b068606eb9718": ["2", "jp.gr.java_conf.hatalab.mnv.MainActivity"]}, {"82331d028fbdd6c521c00da710f23daf": ["0", "jp.gr.java_conf.hatalab.mnv.MainActivity"]}, {"573e5072875fcf3fa465d0f111360a4f": ["1", "jp.gr.java_conf.hatalab.mnv.MainActivity"]}, {"82331d028fbdd6c521c00da710f23daf": ["0", "jp.gr.java_conf.hatalab.mnv.MainActivity"]}, {"422da4a6aa02b2b25f28e1c1dc9dc72d": ["7", "jp.gr.java_conf.hatalab.mnv.MainActivity"]}, {"82331d028fbdd6c521c00da710f23daf": ["0", "jp.gr.java_conf.hatalab.mnv.MainActivity"]}, {"422da4a6aa02b2b25f28e1c1dc9dc72d": ["7", "jp.gr.java_conf.hatalab.mnv.MainActivity"]}, {"ced35a833c1e22a41b5b068606eb9718": ["2", "jp.gr.java_conf.hatalab.mnv.MainActivity"]}, {"82331d028fbdd6c521c00da710f23daf": ["0", "jp.gr.java_conf.hatalab.mnv.MainActivity"]}, {"ced35a833c1e22a41b5b068606eb9718": ["2", "jp.gr.java_conf.hatalab.mnv.MainActivity"]}, {"ced35a833c1e22a41b5b068606eb9718": ["2", "jp.gr.java_conf.hatalab.mnv.MainActivity"]}, {"ced35a833c1e22a41b5b068606eb9718": ["2", "jp.gr.java_conf.hatalab.mnv.MainActivity"]}, {"ced35a833c1e22a41b5b068606eb9718": ["2", "jp.gr.java_conf.hatalab.mnv.MainActivity"]}, {"ced35a833c1e22a41b5b068606eb9718": ["2", "jp.gr.java_conf.hatalab.mnv.MainActivity"]}, {"ced35a833c1e22a41b5b068606eb9718": ["2", "jp.gr.java_conf.hatalab.mnv.MainActivity"]}, {"ced35a833c1e22a41b5b068606eb9718": ["2", "jp.gr.java_conf.hatalab.mnv.MainActivity"]}, {"ced35a833c1e22a41b5b068606eb9718": ["2", "jp.gr.java_conf.hatalab.mnv.MainActivity"]}, {"ced35a833c1e22a41b5b068606eb9718": ["2", "jp.gr.java_conf.hatalab.mnv.MainActivity"]}, {"ced35a833c1e22a41b5b068606eb9718": ["2", "jp.gr.java_conf.hatalab.mnv.MainActivity"]}, {"249a6581dea267718e37a0d1d2ef8ea5": ["44", "jp.gr.java_conf.hatalab.mnv.MainActivity"]}, {"ced35a833c1e22a41b5b068606eb9718": ["2", "jp.gr.java_conf.hatalab.mnv.MainActivity"]}, {"ced35a833c1e22a41b5b068606eb9718": ["2", "jp.gr.java_conf.hatalab.mnv.MainActivity"]}, {"ced35a833c1e22a41b5b068606eb9718": ["2", "jp.gr.java_conf.hatalab.mnv.MainActivity"]}, {"ced35a833c1e22a41b5b068606eb9718": ["2", "jp.gr.java_conf.hatalab.mnv.MainActivity"]}, {"ced35a833c1e22a41b5b068606eb9718": ["2", "jp.gr.java_conf.hatalab.mnv.MainActivity"]}, {"573e5072875fcf3fa465d0f111360a4f": ["1", "jp.gr.java_conf.hatalab.mnv.MainActivity"]}, {"ced35a833c1e22a41b5b068606eb9718": ["2", "jp.gr.java_conf.hatalab.mnv.MainActivity"]}, {"ced35a833c1e22a41b5b068606eb9718": ["2", "jp.gr.java_conf.hatalab.mnv.MainActivity"]}, {"ced35a833c1e22a41b5b068606eb9718": ["2", "jp.gr.java_conf.hatalab.mnv.MainActivity"]}, {"ced35a833c1e22a41b5b068606eb9718": ["2", "jp.gr.java_conf.hatalab.mnv.MainActivity"]}, {"ced35a833c1e22a41b5b068606eb9718": ["2", "jp.gr.java_conf.hatalab.mnv.MainActivity"]}, {"ced35a833c1e22a41b5b068606eb9718": ["2", "jp.gr.java_conf.hatalab.mnv.MainActivity"]}, {"82331d028fbdd6c521c00da710f23daf": ["0", "jp.gr.java_conf.hatalab.mnv.MainActivity"]}, {"ced35a833c1e22a41b5b068606eb9718": ["2", "jp.gr.java_conf.hatalab.mnv.MainActivity"]}, {"ced35a833c1e22a41b5b068606eb9718": ["2", "jp.gr.java_conf.hatalab.mnv.MainActivity"]}, {"ced35a833c1e22a41b5b068606eb9718": ["2", "jp.gr.java_conf.hatalab.mnv.MainActivity"]}, {"ced35a833c1e22a41b5b068606eb9718": ["2", "jp.gr.java_conf.hatalab.mnv.MainActivity"]}, {"ced35a833c1e22a41b5b068606eb9718": ["2", "jp.gr.java_conf.hatalab.mnv.MainActivity"]}, {"ced35a833c1e22a41b5b068606eb9718": ["2", "jp.gr.java_conf.hatalab.mnv.MainActivity"]}, {"ced35a833c1e22a41b5b068606eb9718": ["2", "jp.gr.java_conf.hatalab.mnv.MainActivity"]}, {"82331d028fbdd6c521c00da710f23daf": ["0", "jp.gr.java_conf.hatalab.mnv.MainActivity"]}, {"573e5072875fcf3fa465d0f111360a4f": ["1", "jp.gr.java_conf.hatalab.mnv.MainActivity"]}, {"82331d028fbdd6c521c00da710f23daf": ["0", "jp.gr.java_conf.hatalab.mnv.MainActivity"]}, {"ced35a833c1e22a41b5b068606eb9718": ["2", "jp.gr.java_conf.hatalab.mnv.MainActivity"]}, {"970e0be951894b09918d79b329851ea8": ["56", "jp.gr.java_conf.hatalab.mnv.MainActivity"]}, {"461e4f9f2c0f09e9f97ac51404b09681": ["17", "jp.gr.java_conf.hatalab.mnv.MainActivity"]}, {"ced35a833c1e22a41b5b068606eb9718": ["2", "jp.gr.java_conf.hatalab.mnv.MainActivity"]}, {"ced35a833c1e22a41b5b068606eb9718": ["2", "jp.gr.java_conf.hatalab.mnv.MainActivity"]}, {"ced35a833c1e22a41b5b068606eb9718": ["2", "jp.gr.java_conf.hatalab.mnv.MainActivity"]}, {"ced35a833c1e22a41b5b068606eb9718": ["2", "jp.gr.java_conf.hatalab.mnv.MainActivity"]}, {"ced35a833c1e22a41b5b068606eb9718": ["2", "jp.gr.java_conf.hatalab.mnv.MainActivity"]}, {"461e4f9f2c0f09e9f97ac51404b09681": ["17", "jp.gr.java_conf.hatalab.mnv.MainActivity"]}, {"461e4f9f2c0f09e9f97ac51404b09681": ["17", "jp.gr.java_conf.hatalab.mnv.MainActivity"]}, {"461e4f9f2c0f09e9f97ac51404b09681": ["17", "jp.gr.java_conf.hatalab.mnv.MainActivity"]}, {"461e4f9f2c0f09e9f97ac51404b09681": ["17", "jp.gr.java_conf.hatalab.mnv.MainActivity"]}, {"461e4f9f2c0f09e9f97ac51404b09681": ["17", "jp.gr.java_conf.hatalab.mnv.MainActivity"]}, {"ced35a833c1e22a41b5b068606eb9718": ["2", "jp.gr.java_conf.hatalab.mnv.MainActivity"]}, {"ced35a833c1e22a41b5b068606eb9718": ["2", "jp.gr.java_conf.hatalab.mnv.MainActivity"]}, {"461e4f9f2c0f09e9f97ac51404b09681": ["17", "jp.gr.java_conf.hatalab.mnv.MainActivity"]}, {"ced35a833c1e22a41b5b068606eb9718": ["2", "jp.gr.java_conf.hatalab.mnv.MainActivity"]}, {"ced35a833c1e22a41b5b068606eb9718": ["2", "jp.gr.java_conf.hatalab.mnv.MainActivity"]}, {"ced35a833c1e22a41b5b068606eb9718": ["2", "jp.gr.java_conf.hatalab.mnv.MainActivity"]}, {"ced35a833c1e22a41b5b068606eb9718": ["2", "jp.gr.java_conf.hatalab.mnv.MainActivity"]}, {"ced35a833c1e22a41b5b068606eb9718": ["2", "jp.gr.java_conf.hatalab.mnv.MainActivity"]}, {"ced35a833c1e22a41b5b068606eb9718": ["2", "jp.gr.java_conf.hatalab.mnv.MainActivity"]}, {"ced35a833c1e22a41b5b068606eb9718": ["2", "jp.gr.java_conf.hatalab.mnv.MainActivity"]}, {"ced35a833c1e22a41b5b068606eb9718": ["2", "jp.gr.java_conf.hatalab.mnv.MainActivity"]}, {"ced35a833c1e22a41b5b068606eb9718": ["2", "jp.gr.java_conf.hatalab.mnv.MainActivity"]}, {"ced35a833c1e22a41b5b068606eb9718": ["2", "jp.gr.java_conf.hatalab.mnv.MainActivity"]}, {"ced35a833c1e22a41b5b068606eb9718": ["2", "jp.gr.java_conf.hatalab.mnv.MainActivity"]}, {"461e4f9f2c0f09e9f97ac51404b09681": ["17", "jp.gr.java_conf.hatalab.mnv.MainActivity"]}, {"42ded163b381212c2b8e46ef9e0f966e": ["3", "jp.gr.java_conf.hatalab.mnv.TextEdit"]}, {"42ded163b381212c2b8e46ef9e0f966e": ["3", "jp.gr.java_conf.hatalab.mnv.TextEdit"]}, {"42ded163b381212c2b8e46ef9e0f966e": ["3", "jp.gr.java_conf.hatalab.mnv.TextEdit"]}, {"42ded163b381212c2b8e46ef9e0f966e": ["3", "jp.gr.java_conf.hatalab.mnv.TextEdit"]}, {"42ded163b381212c2b8e46ef9e0f966e": ["3", "jp.gr.java_conf.hatalab.mnv.TextEdit"]}, {"42ded163b381212c2b8e46ef9e0f966e": ["3", "jp.gr.java_conf.hatalab.mnv.TextEdit"]}, {"42ded163b381212c2b8e46ef9e0f966e": ["3", "jp.gr.java_conf.hatalab.mnv.TextEdit"]}, {"7b773e84d27757e844cd3c0f95dc744b": ["9", "jp.gr.java_conf.hatalab.mnv.TextEdit"]}, {"7b773e84d27757e844cd3c0f95dc744b": ["9", "jp.gr.java_conf.hatalab.mnv.TextEdit"]}, {"7b773e84d27757e844cd3c0f95dc744b": ["9", "jp.gr.java_conf.hatalab.mnv.TextEdit"]}, {"7b773e84d27757e844cd3c0f95dc744b": ["9", "jp.gr.java_conf.hatalab.mnv.TextEdit"]}, {"7b773e84d27757e844cd3c0f95dc744b": ["9", "jp.gr.java_conf.hatalab.mnv.TextEdit"]}, {"7b773e84d27757e844cd3c0f95dc744b": ["9", "jp.gr.java_conf.hatalab.mnv.TextEdit"]}, {"7b773e84d27757e844cd3c0f95dc744b": ["9", "jp.gr.java_conf.hatalab.mnv.TextEdit"]}, {"7b773e84d27757e844cd3c0f95dc744b": ["9", "jp.gr.java_conf.hatalab.mnv.TextEdit"]}, {"7b773e84d27757e844cd3c0f95dc744b": ["9", "jp.gr.java_conf.hatalab.mnv.TextEdit"]}, {"7b773e84d27757e844cd3c0f95dc744b": ["9", "jp.gr.java_conf.hatalab.mnv.TextEdit"]}, {"842fd95630ee424e64ea5a4755e57e8b": ["8", "jp.gr.java_conf.hatalab.mnv.TextEdit"]}, {"573e5072875fcf3fa465d0f111360a4f": ["1", "jp.gr.java_conf.hatalab.mnv.MainActivity"]}, {"ced35a833c1e22a41b5b068606eb9718": ["2", "jp.gr.java_conf.hatalab.mnv.MainActivity"]}, {"461e4f9f2c0f09e9f97ac51404b09681": ["17", "jp.gr.java_conf.hatalab.mnv.MainActivity"]}, {"ced35a833c1e22a41b5b068606eb9718": ["2", "jp.gr.java_conf.hatalab.mnv.MainActivity"]}, {"4934e42d4575a8a4d2d6e2438dd5202d": ["4", "jp.gr.java_conf.hatalab.mnv.MainActivity"]}, {"ced35a833c1e22a41b5b068606eb9718": ["2", "jp.gr.java_conf.hatalab.mnv.MainActivity"]}, {"4934e42d4575a8a4d2d6e2438dd5202d": ["4", "jp.gr.java_conf.hatalab.mnv.MainActivity"]}, {"ced35a833c1e22a41b5b068606eb9718": ["2", "jp.gr.java_conf.hatalab.mnv.MainActivity"]}, {"ced35a833c1e22a41b5b068606eb9718": ["2", "jp.gr.java_conf.hatalab.mnv.MainActivity"]}, {"82331d028fbdd6c521c00da710f23daf": ["0", "jp.gr.java_conf.hatalab.mnv.MainActivity"]}, {"970e0be951894b09918d79b329851ea8": ["56", "jp.gr.java_conf.hatalab.mnv.MainActivity"]}, {"ced35a833c1e22a41b5b068606eb9718": ["2", "jp.gr.java_conf.hatalab.mnv.MainActivity"]}, {"82331d028fbdd6c521c00da710f23daf": ["0", "jp.gr.java_conf.hatalab.mnv.MainActivity"]}, {"d401ec3466c4d512526812dde960467b": ["5", "jp.gr.java_conf.hatalab.mnv.MainActivity"]}, {"ced35a833c1e22a41b5b068606eb9718": ["2", "jp.gr.java_conf.hatalab.mnv.MainActivity"]}, {"ced35a833c1e22a41b5b068606eb9718": ["2", "jp.gr.java_conf.hatalab.mnv.MainActivity"]}, {"ced35a833c1e22a41b5b068606eb9718": ["2", "jp.gr.java_conf.hatalab.mnv.MainActivity"]}, {"ced35a833c1e22a41b5b068606eb9718": ["2", "jp.gr.java_conf.hatalab.mnv.MainActivity"]}, {"ced35a833c1e22a41b5b068606eb9718": ["2", "jp.gr.java_conf.hatalab.mnv.MainActivity"]}, {"ced35a833c1e22a41b5b068606eb9718": ["2", "jp.gr.java_conf.hatalab.mnv.MainActivity"]}, {"ced35a833c1e22a41b5b068606eb9718": ["2", "jp.gr.java_conf.hatalab.mnv.MainActivity"]}, {"ced35a833c1e22a41b5b068606eb9718": ["2", "jp.gr.java_conf.hatalab.mnv.MainActivity"]}, {"ced35a833c1e22a41b5b068606eb9718": ["2", "jp.gr.java_conf.hatalab.mnv.MainActivity"]}, {"461e4f9f2c0f09e9f97ac51404b09681": ["17", "jp.gr.java_conf.hatalab.mnv.MainActivity"]}, {"4934e42d4575a8a4d2d6e2438dd5202d": ["4", "jp.gr.java_conf.hatalab.mnv.MainActivity"]}, {"ced35a833c1e22a41b5b068606eb9718": ["2", "jp.gr.java_conf.hatalab.mnv.MainActivity"]}, {"4934e42d4575a8a4d2d6e2438dd5202d": ["4", "jp.gr.java_conf.hatalab.mnv.MainActivity"]}, {"ced35a833c1e22a41b5b068606eb9718": ["2", "jp.gr.java_conf.hatalab.mnv.MainActivity"]}, {"4934e42d4575a8a4d2d6e2438dd5202d": ["4", "jp.gr.java_conf.hatalab.mnv.MainActivity"]}, {"ced35a833c1e22a41b5b068606eb9718": ["2", "jp.gr.java_conf.hatalab.mnv.MainActivity"]}, {"ced35a833c1e22a41b5b068606eb9718": ["2", "jp.gr.java_conf.hatalab.mnv.MainActivity"]}, {"7601ffe9e870b74834149017e12a43e5": ["15", "jp.gr.java_conf.hatalab.mnv.MainActivity"]}, {"4934e42d4575a8a4d2d6e2438dd5202d": ["4", "jp.gr.java_conf.hatalab.mnv.MainActivity"]}, {"4c9c09cd15823fa86789b66647c2d3c8": ["42", "jp.gr.java_conf.hatalab.mnv.GrepActivity"]}, {"a605b2168ae38210455cd4f8d78a3a0f": ["41", "jp.gr.java_conf.hatalab.mnv.GrepActivity"]}, {"a605b2168ae38210455cd4f8d78a3a0f": ["41", "jp.gr.java_conf.hatalab.mnv.GrepActivity"]}, {"a605b2168ae38210455cd4f8d78a3a0f": ["41", "jp.gr.java_conf.hatalab.mnv.GrepActivity"]}, {"a605b2168ae38210455cd4f8d78a3a0f": ["41", "jp.gr.java_conf.hatalab.mnv.GrepActivity"]}, {"a605b2168ae38210455cd4f8d78a3a0f": ["41", "jp.gr.java_conf.hatalab.mnv.GrepActivity"]}, {"a605b2168ae38210455cd4f8d78a3a0f": ["41", "jp.gr.java_conf.hatalab.mnv.GrepActivity"]}, {"a605b2168ae38210455cd4f8d78a3a0f": ["41", "jp.gr.java_conf.hatalab.mnv.GrepActivity"]}, {"a605b2168ae38210455cd4f8d78a3a0f": ["41", "jp.gr.java_conf.hatalab.mnv.GrepActivity"]}, {"a605b2168ae38210455cd4f8d78a3a0f": ["41", "jp.gr.java_conf.hatalab.mnv.GrepActivity"]}, {"a605b2168ae38210455cd4f8d78a3a0f": ["41", "jp.gr.java_conf.hatalab.mnv.GrepActivity"]}, {"a605b2168ae38210455cd4f8d78a3a0f": ["41", "jp.gr.java_conf.hatalab.mnv.GrepActivity"]}, {"a605b2168ae38210455cd4f8d78a3a0f": ["41", "jp.gr.java_conf.hatalab.mnv.GrepActivity"]}, {"a605b2168ae38210455cd4f8d78a3a0f": ["41", "jp.gr.java_conf.hatalab.mnv.GrepActivity"]}, {"a605b2168ae38210455cd4f8d78a3a0f": ["41", "jp.gr.java_conf.hatalab.mnv.GrepActivity"]}, {"a605b2168ae38210455cd4f8d78a3a0f": ["41", "jp.gr.java_conf.hatalab.mnv.GrepActivity"]}, {"a605b2168ae38210455cd4f8d78a3a0f": ["41", "jp.gr.java_conf.hatalab.mnv.GrepActivity"]}, {"a605b2168ae38210455cd4f8d78a3a0f": ["41", "jp.gr.java_conf.hatalab.mnv.GrepActivity"]}, {"a605b2168ae38210455cd4f8d78a3a0f": ["41", "jp.gr.java_conf.hatalab.mnv.GrepActivity"]}, {"a605b2168ae38210455cd4f8d78a3a0f": ["41", "jp.gr.java_conf.hatalab.mnv.GrepActivity"]}, {"a605b2168ae38210455cd4f8d78a3a0f": ["41", "jp.gr.java_conf.hatalab.mnv.GrepActivity"]}, {"a605b2168ae38210455cd4f8d78a3a0f": ["41", "jp.gr.java_conf.hatalab.mnv.GrepActivity"]}, {"a605b2168ae38210455cd4f8d78a3a0f": ["41", "jp.gr.java_conf.hatalab.mnv.GrepActivity"]}, {"a605b2168ae38210455cd4f8d78a3a0f": ["41", "jp.gr.java_conf.hatalab.mnv.GrepActivity"]}, {"a605b2168ae38210455cd4f8d78a3a0f": ["41", "jp.gr.java_conf.hatalab.mnv.GrepActivity"]}, {"a605b2168ae38210455cd4f8d78a3a0f": ["41", "jp.gr.java_conf.hatalab.mnv.GrepActivity"]}, {"a605b2168ae38210455cd4f8d78a3a0f": ["41", "jp.gr.java_conf.hatalab.mnv.GrepActivity"]}, {"a605b2168ae38210455cd4f8d78a3a0f": ["41", "jp.gr.java_conf.hatalab.mnv.GrepActivity"]}, {"a605b2168ae38210455cd4f8d78a3a0f": ["41", "jp.gr.java_conf.hatalab.mnv.GrepActivity"]}, {"a605b2168ae38210455cd4f8d78a3a0f": ["41", "jp.gr.java_conf.hatalab.mnv.GrepActivity"]}, {"a605b2168ae38210455cd4f8d78a3a0f": ["41", "jp.gr.java_conf.hatalab.mnv.GrepActivity"]}, {"a605b2168ae38210455cd4f8d78a3a0f": ["41", "jp.gr.java_conf.hatalab.mnv.GrepActivity"]}, {"4c9c09cd15823fa86789b66647c2d3c8": ["42", "jp.gr.java_conf.hatalab.mnv.GrepActivity"]}, {"4c9c09cd15823fa86789b66647c2d3c8": ["42", "jp.gr.java_conf.hatalab.mnv.GrepActivity"]}, {"a605b2168ae38210455cd4f8d78a3a0f": ["41", "jp.gr.java_conf.hatalab.mnv.GrepActivity"]}, {"a605b2168ae38210455cd4f8d78a3a0f": ["41", "jp.gr.java_conf.hatalab.mnv.GrepActivity"]}, {"a605b2168ae38210455cd4f8d78a3a0f": ["41", "jp.gr.java_conf.hatalab.mnv.GrepActivity"]}, {"a605b2168ae38210455cd4f8d78a3a0f": ["41", "jp.gr.java_conf.hatalab.mnv.GrepActivity"]}, {"4934e42d4575a8a4d2d6e2438dd5202d": ["4", "jp.gr.java_conf.hatalab.mnv.MainActivity"]}, {"7601ffe9e870b74834149017e12a43e5": ["15", "jp.gr.java_conf.hatalab.mnv.MainActivity"]}, {"7601ffe9e870b74834149017e12a43e5": ["15", "jp.gr.java_conf.hatalab.mnv.MainActivity"]}, {"85ff5f3833e030a69b7a43c0f7d57e27": ["59", "jp.gr.java_conf.hatalab.mnv.MainActivity"]}, {"85ff5f3833e030a69b7a43c0f7d57e27": ["59", "jp.gr.java_conf.hatalab.mnv.MainActivity"]}, {"970e0be951894b09918d79b329851ea8": ["56", "jp.gr.java_conf.hatalab.mnv.MainActivity"]}, {"85ff5f3833e030a69b7a43c0f7d57e27": ["59", "jp.gr.java_conf.hatalab.mnv.MainActivity"]}, {"ced35a833c1e22a41b5b068606eb9718": ["2", "jp.gr.java_conf.hatalab.mnv.MainActivity"]}, {"ced35a833c1e22a41b5b068606eb9718": ["2", "jp.gr.java_conf.hatalab.mnv.MainActivity"]}, {"ced35a833c1e22a41b5b068606eb9718": ["2", "jp.gr.java_conf.hatalab.mnv.MainActivity"]}, {"ced35a833c1e22a41b5b068606eb9718": ["2", "jp.gr.java_conf.hatalab.mnv.MainActivity"]}, {"ced35a833c1e22a41b5b068606eb9718": ["2", "jp.gr.java_conf.hatalab.mnv.MainActivity"]}, {"ced35a833c1e22a41b5b068606eb9718": ["2", "jp.gr.java_conf.hatalab.mnv.MainActivity"]}, {"ced35a833c1e22a41b5b068606eb9718": ["2", "jp.gr.java_conf.hatalab.mnv.MainActivity"]}, {"82331d028fbdd6c521c00da710f23daf": ["0", "jp.gr.java_conf.hatalab.mnv.MainActivity"]}, {"ced35a833c1e22a41b5b068606eb9718": ["2", "jp.gr.java_conf.hatalab.mnv.MainActivity"]}, {"ced35a833c1e22a41b5b068606eb9718": ["2", "jp.gr.java_conf.hatalab.mnv.MainActivity"]}, {"ced35a833c1e22a41b5b068606eb9718": ["2", "jp.gr.java_conf.hatalab.mnv.MainActivity"]}, {"ced35a833c1e22a41b5b068606eb9718": ["2", "jp.gr.java_conf.hatalab.mnv.MainActivity"]}, {"461e4f9f2c0f09e9f97ac51404b09681": ["17", "jp.gr.java_conf.hatalab.mnv.MainActivity"]}, {"461e4f9f2c0f09e9f97ac51404b09681": ["17", "jp.gr.java_conf.hatalab.mnv.MainActivity"]}, {"4934e42d4575a8a4d2d6e2438dd5202d": ["4", "jp.gr.java_conf.hatalab.mnv.MainActivity"]}, {"461e4f9f2c0f09e9f97ac51404b09681": ["17", "jp.gr.java_conf.hatalab.mnv.MainActivity"]}, {"4934e42d4575a8a4d2d6e2438dd5202d": ["4", "jp.gr.java_conf.hatalab.mnv.MainActivity"]}, {"461e4f9f2c0f09e9f97ac51404b09681": ["17", "jp.gr.java_conf.hatalab.mnv.MainActivity"]}, {"573e5072875fcf3fa465d0f111360a4f": ["1", "jp.gr.java_conf.hatalab.mnv.MainActivity"]}, {"42ded163b381212c2b8e46ef9e0f966e": ["3", "jp.gr.java_conf.hatalab.mnv.TextEdit"]}, {"42ded163b381212c2b8e46ef9e0f966e": ["3", "jp.gr.java_conf.hatalab.mnv.TextEdit"]}, {"ced35a833c1e22a41b5b068606eb9718": ["2", "jp.gr.java_conf.hatalab.mnv.MainActivity"]}, {"461e4f9f2c0f09e9f97ac51404b09681": ["17", "jp.gr.java_conf.hatalab.mnv.MainActivity"]}, {"ced35a833c1e22a41b5b068606eb9718": ["2", "jp.gr.java_conf.hatalab.mnv.MainActivity"]}, {"ced35a833c1e22a41b5b068606eb9718": ["2", "jp.gr.java_conf.hatalab.mnv.MainActivity"]}, {"ced35a833c1e22a41b5b068606eb9718": ["2", "jp.gr.java_conf.hatalab.mnv.MainActivity"]}, {"ced35a833c1e22a41b5b068606eb9718": ["2", "jp.gr.java_conf.hatalab.mnv.MainActivity"]}, {"ced35a833c1e22a41b5b068606eb9718": ["2", "jp.gr.java_conf.hatalab.mnv.MainActivity"]}, {"ced35a833c1e22a41b5b068606eb9718": ["2", "jp.gr.java_conf.hatalab.mnv.MainActivity"]}, {"ced35a833c1e22a41b5b068606eb9718": ["2", "jp.gr.java_conf.hatalab.mnv.MainActivity"]}, {"461e4f9f2c0f09e9f97ac51404b09681": ["17", "jp.gr.java_conf.hatalab.mnv.MainActivity"]}, {"461e4f9f2c0f09e9f97ac51404b09681": ["17", "jp.gr.java_conf.hatalab.mnv.MainActivity"]}, {"461e4f9f2c0f09e9f97ac51404b09681": ["17", "jp.gr.java_conf.hatalab.mnv.MainActivity"]}, {"461e4f9f2c0f09e9f97ac51404b09681": ["17", "jp.gr.java_conf.hatalab.mnv.MainActivity"]}, {"42ded163b381212c2b8e46ef9e0f966e": ["3", "jp.gr.java_conf.hatalab.mnv.TextEdit"]}, {"42ded163b381212c2b8e46ef9e0f966e": ["3", "jp.gr.java_conf.hatalab.mnv.TextEdit"]}, {"42ded163b381212c2b8e46ef9e0f966e": ["3", "jp.gr.java_conf.hatalab.mnv.TextEdit"]}, {"42ded163b381212c2b8e46ef9e0f966e": ["3", "jp.gr.java_conf.hatalab.mnv.TextEdit"]}, {"42ded163b381212c2b8e46ef9e0f966e": ["3", "jp.gr.java_conf.hatalab.mnv.TextEdit"]}, {"42ded163b381212c2b8e46ef9e0f966e": ["3", "jp.gr.java_conf.hatalab.mnv.TextEdit"]}, {"42ded163b381212c2b8e46ef9e0f966e": ["3", "jp.gr.java_conf.hatalab.mnv.TextEdit"]}, {"82331d028fbdd6c521c00da710f23daf": ["0", "jp.gr.java_conf.hatalab.mnv.MainActivity"]}, {"82331d028fbdd6c521c00da710f23daf": ["0", "jp.gr.java_conf.hatalab.mnv.MainActivity"]}, {"82331d028fbdd6c521c00da710f23daf": ["0", "jp.gr.java_conf.hatalab.mnv.MainActivity"]}, {"82331d028fbdd6c521c00da710f23daf": ["0", "jp.gr.java_conf.hatalab.mnv.MainActivity"]}, {"82331d028fbdd6c521c00da710f23daf": ["0", "jp.gr.java_conf.hatalab.mnv.MainActivity"]}, {"82331d028fbdd6c521c00da710f23daf": ["0", "jp.gr.java_conf.hatalab.mnv.MainActivity"]}, {"461e4f9f2c0f09e9f97ac51404b09681": ["17", "jp.gr.java_conf.hatalab.mnv.MainActivity"]}, {"42ded163b381212c2b8e46ef9e0f966e": ["3", "jp.gr.java_conf.hatalab.mnv.TextEdit"]}, {"42ded163b381212c2b8e46ef9e0f966e": ["3", "jp.gr.java_conf.hatalab.mnv.TextEdit"]}, {"42ded163b381212c2b8e46ef9e0f966e": ["3", "jp.gr.java_conf.hatalab.mnv.TextEdit"]}, {"42ded163b381212c2b8e46ef9e0f966e": ["3", "jp.gr.java_conf.hatalab.mnv.TextEdit"]}, {"42ded163b381212c2b8e46ef9e0f966e": ["3", "jp.gr.java_conf.hatalab.mnv.TextEdit"]}, {"461e4f9f2c0f09e9f97ac51404b09681": ["17", "jp.gr.java_conf.hatalab.mnv.MainActivity"]}, {"ced35a833c1e22a41b5b068606eb9718": ["2", "jp.gr.java_conf.hatalab.mnv.MainActivity"]}, {"ced35a833c1e22a41b5b068606eb9718": ["2", "jp.gr.java_conf.hatalab.mnv.MainActivity"]}, {"ced35a833c1e22a41b5b068606eb9718": ["2", "jp.gr.java_conf.hatalab.mnv.MainActivity"]}, {"82331d028fbdd6c521c00da710f23daf": ["0", "jp.gr.java_conf.hatalab.mnv.MainActivity"]}, {"85ff5f3833e030a69b7a43c0f7d57e27": ["59", "jp.gr.java_conf.hatalab.mnv.MainActivity"]}, {"85ff5f3833e030a69b7a43c0f7d57e27": ["59", "jp.gr.java_conf.hatalab.mnv.MainActivity"]}, {"ced35a833c1e22a41b5b068606eb9718": ["2", "jp.gr.java_conf.hatalab.mnv.MainActivity"]}, {"ced35a833c1e22a41b5b068606eb9718": ["2", "jp.gr.java_conf.hatalab.mnv.MainActivity"]}, {"ced35a833c1e22a41b5b068606eb9718": ["2", "jp.gr.java_conf.hatalab.mnv.MainActivity"]}, {"ced35a833c1e22a41b5b068606eb9718": ["2", "jp.gr.java_conf.hatalab.mnv.MainActivity"]}, {"ced35a833c1e22a41b5b068606eb9718": ["2", "jp.gr.java_conf.hatalab.mnv.MainActivity"]}, {"ced35a833c1e22a41b5b068606eb9718": ["2", "jp.gr.java_conf.hatalab.mnv.MainActivity"]}, {"ced35a833c1e22a41b5b068606eb9718": ["2", "jp.gr.java_conf.hatalab.mnv.MainActivity"]}, {"ced35a833c1e22a41b5b068606eb9718": ["2", "jp.gr.java_conf.hatalab.mnv.MainActivity"]}, {"ced35a833c1e22a41b5b068606eb9718": ["2", "jp.gr.java_conf.hatalab.mnv.MainActivity"]}, {"ced35a833c1e22a41b5b068606eb9718": ["2", "jp.gr.java_conf.hatalab.mnv.MainActivity"]}, {"ced35a833c1e22a41b5b068606eb9718": ["2", "jp.gr.java_conf.hatalab.mnv.MainActivity"]}, {"ced35a833c1e22a41b5b068606eb9718": ["2", "jp.gr.java_conf.hatalab.mnv.MainActivity"]}, {"ced35a833c1e22a41b5b068606eb9718": ["2", "jp.gr.java_conf.hatalab.mnv.MainActivity"]}, {"82331d028fbdd6c521c00da710f23daf": ["0", "jp.gr.java_conf.hatalab.mnv.MainActivity"]}, {"461e4f9f2c0f09e9f97ac51404b09681": ["17", "jp.gr.java_conf.hatalab.mnv.MainActivity"]}, {"ced35a833c1e22a41b5b068606eb9718": ["2", "jp.gr.java_conf.hatalab.mnv.MainActivity"]}, {"ced35a833c1e22a41b5b068606eb9718": ["2", "jp.gr.java_conf.hatalab.mnv.MainActivity"]}, {"ced35a833c1e22a41b5b068606eb9718": ["2", "jp.gr.java_conf.hatalab.mnv.MainActivity"]}, {"461e4f9f2c0f09e9f97ac51404b09681": ["17", "jp.gr.java_conf.hatalab.mnv.MainActivity"]}, {"573e5072875fcf3fa465d0f111360a4f": ["1", "jp.gr.java_conf.hatalab.mnv.MainActivity"]}, {"461e4f9f2c0f09e9f97ac51404b09681": ["17", "jp.gr.java_conf.hatalab.mnv.MainActivity"]}, {"461e4f9f2c0f09e9f97ac51404b09681": ["17", "jp.gr.java_conf.hatalab.mnv.MainActivity"]}, {"461e4f9f2c0f09e9f97ac51404b09681": ["17", "jp.gr.java_conf.hatalab.mnv.MainActivity"]}, {"461e4f9f2c0f09e9f97ac51404b09681": ["17", "jp.gr.java_conf.hatalab.mnv.MainActivity"]}, {"573e5072875fcf3fa465d0f111360a4f": ["1", "jp.gr.java_conf.hatalab.mnv.MainActivity"]}, {"461e4f9f2c0f09e9f97ac51404b09681": ["17", "jp.gr.java_conf.hatalab.mnv.MainActivity"]}, {"573e5072875fcf3fa465d0f111360a4f": ["1", "jp.gr.java_conf.hatalab.mnv.MainActivity"]}, {"ced35a833c1e22a41b5b068606eb9718": ["2", "jp.gr.java_conf.hatalab.mnv.MainActivity"]}, {"ced35a833c1e22a41b5b068606eb9718": ["2", "jp.gr.java_conf.hatalab.mnv.MainActivity"]}, {"ced35a833c1e22a41b5b068606eb9718": ["2", "jp.gr.java_conf.hatalab.mnv.MainActivity"]}, {"85ff5f3833e030a69b7a43c0f7d57e27": ["59", "jp.gr.java_conf.hatalab.mnv.MainActivity"]}, {"573e5072875fcf3fa465d0f111360a4f": ["1", "jp.gr.java_conf.hatalab.mnv.MainActivity"]}, {"42ded163b381212c2b8e46ef9e0f966e": ["3", "jp.gr.java_conf.hatalab.mnv.TextEdit"]}, {"42ded163b381212c2b8e46ef9e0f966e": ["3", "jp.gr.java_conf.hatalab.mnv.TextEdit"]}, {"42ded163b381212c2b8e46ef9e0f966e": ["3", "jp.gr.java_conf.hatalab.mnv.TextEdit"]}, {"42ded163b381212c2b8e46ef9e0f966e": ["3", "jp.gr.java_conf.hatalab.mnv.TextEdit"]}, {"42ded163b381212c2b8e46ef9e0f966e": ["3", "jp.gr.java_conf.hatalab.mnv.TextEdit"]}, {"42ded163b381212c2b8e46ef9e0f966e": ["3", "jp.gr.java_conf.hatalab.mnv.TextEdit"]}, {"42ded163b381212c2b8e46ef9e0f966e": ["3", "jp.gr.java_conf.hatalab.mnv.TextEdit"]}, {"85ff5f3833e030a69b7a43c0f7d57e27": ["59", "jp.gr.java_conf.hatalab.mnv.MainActivity"]}, {"42ded163b381212c2b8e46ef9e0f966e": ["3", "jp.gr.java_conf.hatalab.mnv.TextEdit"]}, {"42ded163b381212c2b8e46ef9e0f966e": ["3", "jp.gr.java_conf.hatalab.mnv.TextEdit"]}, {"42ded163b381212c2b8e46ef9e0f966e": ["3", "jp.gr.java_conf.hatalab.mnv.TextEdit"]}, {"573e5072875fcf3fa465d0f111360a4f": ["1", "jp.gr.java_conf.hatalab.mnv.MainActivity"]}, {"85ff5f3833e030a69b7a43c0f7d57e27": ["59", "jp.gr.java_conf.hatalab.mnv.MainActivity"]}, {"85ff5f3833e030a69b7a43c0f7d57e27": ["59", "jp.gr.java_conf.hatalab.mnv.MainActivity"]}, {"573e5072875fcf3fa465d0f111360a4f": ["1", "jp.gr.java_conf.hatalab.mnv.MainActivity"]}, {"ced35a833c1e22a41b5b068606eb9718": ["2", "jp.gr.java_conf.hatalab.mnv.MainActivity"]}, {"ced35a833c1e22a41b5b068606eb9718": ["2", "jp.gr.java_conf.hatalab.mnv.MainActivity"]}, {"ced35a833c1e22a41b5b068606eb9718": ["2", "jp.gr.java_conf.hatalab.mnv.MainActivity"]}, {"573e5072875fcf3fa465d0f111360a4f": ["1", "jp.gr.java_conf.hatalab.mnv.MainActivity"]}, {"ced35a833c1e22a41b5b068606eb9718": ["2", "jp.gr.java_conf.hatalab.mnv.MainActivity"]}, {"ced35a833c1e22a41b5b068606eb9718": ["2", "jp.gr.java_conf.hatalab.mnv.MainActivity"]}, {"ced35a833c1e22a41b5b068606eb9718": ["2", "jp.gr.java_conf.hatalab.mnv.MainActivity"]}, {"82331d028fbdd6c521c00da710f23daf": ["0", "jp.gr.java_conf.hatalab.mnv.MainActivity"]}, {"ced35a833c1e22a41b5b068606eb9718": ["2", "jp.gr.java_conf.hatalab.mnv.MainActivity"]}, {"42ded163b381212c2b8e46ef9e0f966e": ["3", "jp.gr.java_conf.hatalab.mnv.TextEdit"]}, {"42ded163b381212c2b8e46ef9e0f966e": ["3", "jp.gr.java_conf.hatalab.mnv.TextEdit"]}, {"42ded163b381212c2b8e46ef9e0f966e": ["3", "jp.gr.java_conf.hatalab.mnv.TextEdit"]}, {"42ded163b381212c2b8e46ef9e0f966e": ["3", "jp.gr.java_conf.hatalab.mnv.TextEdit"]}, {"42ded163b381212c2b8e46ef9e0f966e": ["3", "jp.gr.java_conf.hatalab.mnv.TextEdit"]}, {"42ded163b381212c2b8e46ef9e0f966e": ["3", "jp.gr.java_conf.hatalab.mnv.TextEdit"]}, {"42ded163b381212c2b8e46ef9e0f966e": ["3", "jp.gr.java_conf.hatalab.mnv.TextEdit"]}, {"42ded163b381212c2b8e46ef9e0f966e": ["3", "jp.gr.java_conf.hatalab.mnv.TextEdit"]}, {"42ded163b381212c2b8e46ef9e0f966e": ["3", "jp.gr.java_conf.hatalab.mnv.TextEdit"]}, {"42ded163b381212c2b8e46ef9e0f966e": ["3", "jp.gr.java_conf.hatalab.mnv.TextEdit"]}, {"42ded163b381212c2b8e46ef9e0f966e": ["3", "jp.gr.java_conf.hatalab.mnv.TextEdit"]}, {"ced35a833c1e22a41b5b068606eb9718": ["2", "jp.gr.java_conf.hatalab.mnv.MainActivity"]}, {"ced35a833c1e22a41b5b068606eb9718": ["2", "jp.gr.java_conf.hatalab.mnv.MainActivity"]}, {"ced35a833c1e22a41b5b068606eb9718": ["2", "jp.gr.java_conf.hatalab.mnv.MainActivity"]}, {"ced35a833c1e22a41b5b068606eb9718": ["2", "jp.gr.java_conf.hatalab.mnv.MainActivity"]}, {"ced35a833c1e22a41b5b068606eb9718": ["2", "jp.gr.java_conf.hatalab.mnv.MainActivity"]}, {"42ded163b381212c2b8e46ef9e0f966e": ["3", "jp.gr.java_conf.hatalab.mnv.TextEdit"]}, {"42ded163b381212c2b8e46ef9e0f966e": ["3", "jp.gr.java_conf.hatalab.mnv.TextEdit"]}, {"42ded163b381212c2b8e46ef9e0f966e": ["3", "jp.gr.java_conf.hatalab.mnv.TextEdit"]}, {"42ded163b381212c2b8e46ef9e0f966e": ["3", "jp.gr.java_conf.hatalab.mnv.TextEdit"]}, {"42ded163b381212c2b8e46ef9e0f966e": ["3", "jp.gr.java_conf.hatalab.mnv.TextEdit"]}, {"42ded163b381212c2b8e46ef9e0f966e": ["3", "jp.gr.java_conf.hatalab.mnv.TextEdit"]}, {"42ded163b381212c2b8e46ef9e0f966e": ["3", "jp.gr.java_conf.hatalab.mnv.TextEdit"]}, {"42ded163b381212c2b8e46ef9e0f966e": ["3", "jp.gr.java_conf.hatalab.mnv.TextEdit"]}, {"42ded163b381212c2b8e46ef9e0f966e": ["3", "jp.gr.java_conf.hatalab.mnv.TextEdit"]}, {"42ded163b381212c2b8e46ef9e0f966e": ["3", "jp.gr.java_conf.hatalab.mnv.TextEdit"]}, {"ced35a833c1e22a41b5b068606eb9718": ["2", "jp.gr.java_conf.hatalab.mnv.MainActivity"]}, {"ced35a833c1e22a41b5b068606eb9718": ["2", "jp.gr.java_conf.hatalab.mnv.MainActivity"]}, {"ced35a833c1e22a41b5b068606eb9718": ["2", "jp.gr.java_conf.hatalab.mnv.MainActivity"]}, {"ced35a833c1e22a41b5b068606eb9718": ["2", "jp.gr.java_conf.hatalab.mnv.MainActivity"]}, {"ced35a833c1e22a41b5b068606eb9718": ["2", "jp.gr.java_conf.hatalab.mnv.MainActivity"]}, {"ced35a833c1e22a41b5b068606eb9718": ["2", "jp.gr.java_conf.hatalab.mnv.MainActivity"]}, {"ced35a833c1e22a41b5b068606eb9718": ["2", "jp.gr.java_conf.hatalab.mnv.MainActivity"]}, {"573e5072875fcf3fa465d0f111360a4f": ["1", "jp.gr.java_conf.hatalab.mnv.MainActivity"]}, {"ced35a833c1e22a41b5b068606eb9718": ["2", "jp.gr.java_conf.hatalab.mnv.MainActivity"]}, {"ced35a833c1e22a41b5b068606eb9718": ["2", "jp.gr.java_conf.hatalab.mnv.MainActivity"]}, {"42ded163b381212c2b8e46ef9e0f966e": ["3", "jp.gr.java_conf.hatalab.mnv.TextEdit"]}, {"42ded163b381212c2b8e46ef9e0f966e": ["3", "jp.gr.java_conf.hatalab.mnv.TextEdit"]}, {"42ded163b381212c2b8e46ef9e0f966e": ["3", "jp.gr.java_conf.hatalab.mnv.TextEdit"]}, {"42ded163b381212c2b8e46ef9e0f966e": ["3", "jp.gr.java_conf.hatalab.mnv.TextEdit"]}, {"42ded163b381212c2b8e46ef9e0f966e": ["3", "jp.gr.java_conf.hatalab.mnv.TextEdit"]}, {"42ded163b381212c2b8e46ef9e0f966e": ["3", "jp.gr.java_conf.hatalab.mnv.TextEdit"]}, {"42ded163b381212c2b8e46ef9e0f966e": ["3", "jp.gr.java_conf.hatalab.mnv.TextEdit"]}, {"42ded163b381212c2b8e46ef9e0f966e": ["3", "jp.gr.java_conf.hatalab.mnv.TextEdit"]}, {"42ded163b381212c2b8e46ef9e0f966e": ["3", "jp.gr.java_conf.hatalab.mnv.TextEdit"]}, {"42ded163b381212c2b8e46ef9e0f966e": ["3", "jp.gr.java_conf.hatalab.mnv.TextEdit"]}, {"ced35a833c1e22a41b5b068606eb9718": ["2", "jp.gr.java_conf.hatalab.mnv.MainActivity"]}, {"ced35a833c1e22a41b5b068606eb9718": ["2", "jp.gr.java_conf.hatalab.mnv.MainActivity"]}, {"ced35a833c1e22a41b5b068606eb9718": ["2", "jp.gr.java_conf.hatalab.mnv.MainActivity"]}, {"42ded163b381212c2b8e46ef9e0f966e": ["3", "jp.gr.java_conf.hatalab.mnv.TextEdit"]}, {"7b773e84d27757e844cd3c0f95dc744b": ["9", "jp.gr.java_conf.hatalab.mnv.TextEdit"]}, {"7b773e84d27757e844cd3c0f95dc744b": ["9", "jp.gr.java_conf.hatalab.mnv.TextEdit"]}, {"7b773e84d27757e844cd3c0f95dc744b": ["9", "jp.gr.java_conf.hatalab.mnv.TextEdit"]}, {"7b773e84d27757e844cd3c0f95dc744b": ["9", "jp.gr.java_conf.hatalab.mnv.TextEdit"]}, {"7b773e84d27757e844cd3c0f95dc744b": ["9", "jp.gr.java_conf.hatalab.mnv.TextEdit"]}, {"7b773e84d27757e844cd3c0f95dc744b": ["9", "jp.gr.java_conf.hatalab.mnv.TextEdit"]}, {"7b773e84d27757e844cd3c0f95dc744b": ["9", "jp.gr.java_conf.hatalab.mnv.TextEdit"]}, {"7b773e84d27757e844cd3c0f95dc744b": ["9", "jp.gr.java_conf.hatalab.mnv.TextEdit"]}, {"7b773e84d27757e844cd3c0f95dc744b": ["9", "jp.gr.java_conf.hatalab.mnv.TextEdit"]}, {"7b773e84d27757e844cd3c0f95dc744b": ["9", "jp.gr.java_conf.hatalab.mnv.TextEdit"]}, {"7b773e84d27757e844cd3c0f95dc744b": ["9", "jp.gr.java_conf.hatalab.mnv.TextEdit"]}, {"7b773e84d27757e844cd3c0f95dc744b": ["9", "jp.gr.java_conf.hatalab.mnv.TextEdit"]}, {"7b773e84d27757e844cd3c0f95dc744b": ["9", "jp.gr.java_conf.hatalab.mnv.TextEdit"]}, {"7b773e84d27757e844cd3c0f95dc744b": ["9", "jp.gr.java_conf.hatalab.mnv.TextEdit"]}, {"7b773e84d27757e844cd3c0f95dc744b": ["9", "jp.gr.java_conf.hatalab.mnv.TextEdit"]}, {"7b773e84d27757e844cd3c0f95dc744b": ["9", "jp.gr.java_conf.hatalab.mnv.TextEdit"]}, {"7b773e84d27757e844cd3c0f95dc744b": ["9", "jp.gr.java_conf.hatalab.mnv.TextEdit"]}, {"7b773e84d27757e844cd3c0f95dc744b": ["9", "jp.gr.java_conf.hatalab.mnv.TextEdit"]}, {"7b773e84d27757e844cd3c0f95dc744b": ["9", "jp.gr.java_conf.hatalab.mnv.TextEdit"]}, {"546007e01bdc5e4a647ff3ac80e88e21": ["118", "jp.gr.java_conf.hatalab.mnv.SelectFileName"]}, {"35fc227fa30a970791c7183601752aa3": ["100", "jp.gr.java_conf.hatalab.mnv.SelectFileName"]}, {"7b773e84d27757e844cd3c0f95dc744b": ["9", "jp.gr.java_conf.hatalab.mnv.TextEdit"]}, {"7b773e84d27757e844cd3c0f95dc744b": ["9", "jp.gr.java_conf.hatalab.mnv.TextEdit"]}, {"7b773e84d27757e844cd3c0f95dc744b": ["9", "jp.gr.java_conf.hatalab.mnv.TextEdit"]}, {"7b773e84d27757e844cd3c0f95dc744b": ["9", "jp.gr.java_conf.hatalab.mnv.TextEdit"]}, {"7b773e84d27757e844cd3c0f95dc744b": ["9", "jp.gr.java_conf.hatalab.mnv.TextEdit"]}, {"842fd95630ee424e64ea5a4755e57e8b": ["8", "jp.gr.java_conf.hatalab.mnv.TextEdit"]}, {"4934e42d4575a8a4d2d6e2438dd5202d": ["4", "jp.gr.java_conf.hatalab.mnv.MainActivity"]}, {"ced35a833c1e22a41b5b068606eb9718": ["2", "jp.gr.java_conf.hatalab.mnv.MainActivity"]}, {"4934e42d4575a8a4d2d6e2438dd5202d": ["4", "jp.gr.java_conf.hatalab.mnv.MainActivity"]}, {"ced35a833c1e22a41b5b068606eb9718": ["2", "jp.gr.java_conf.hatalab.mnv.MainActivity"]}, {"461e4f9f2c0f09e9f97ac51404b09681": ["17", "jp.gr.java_conf.hatalab.mnv.MainActivity"]}, {"ced35a833c1e22a41b5b068606eb9718": ["2", "jp.gr.java_conf.hatalab.mnv.MainActivity"]}, {"82331d028fbdd6c521c00da710f23daf": ["0", "jp.gr.java_conf.hatalab.mnv.MainActivity"]}, {"d401ec3466c4d512526812dde960467b": ["5", "jp.gr.java_conf.hatalab.mnv.MainActivity"]}, {"82331d028fbdd6c521c00da710f23daf": ["0", "jp.gr.java_conf.hatalab.mnv.MainActivity"]}, {"ced35a833c1e22a41b5b068606eb9718": ["2", "jp.gr.java_conf.hatalab.mnv.MainActivity"]}, {"82331d028fbdd6c521c00da710f23daf": ["0", "jp.gr.java_conf.hatalab.mnv.MainActivity"]}, {"82331d028fbdd6c521c00da710f23daf": ["0", "jp.gr.java_conf.hatalab.mnv.MainActivity"]}, {"82331d028fbdd6c521c00da710f23daf": ["0", "jp.gr.java_conf.hatalab.mnv.MainActivity"]}, {"d401ec3466c4d512526812dde960467b": ["5", "jp.gr.java_conf.hatalab.mnv.MainActivity"]}, {"ced35a833c1e22a41b5b068606eb9718": ["2", "jp.gr.java_conf.hatalab.mnv.MainActivity"]}, {"0898c4ac8b5ecac4d75f9723f235aa01": ["31", "jp.gr.java_conf.hatalab.mnv.Settings"]}, {"746d0118eb0493305193015a68005da7": ["18", "jp.gr.java_conf.hatalab.mnv.Settings"]}, {"448c91f0fb1286358f67be633001f3f9": ["20", "jp.gr.java_conf.hatalab.mnv.SelectDirName"]}, {"49b7055bd2dcd3242a398211614cff20": ["72", "jp.gr.java_conf.hatalab.mnv.SelectDirName"]}, {"448c91f0fb1286358f67be633001f3f9": ["20", "jp.gr.java_conf.hatalab.mnv.SelectDirName"]}, {"91d990a3f010649633cdcba2e5bc60cf": ["65", "jp.gr.java_conf.hatalab.mnv.SelectDirName"]}, {"448c91f0fb1286358f67be633001f3f9": ["20", "jp.gr.java_conf.hatalab.mnv.SelectDirName"]}, {"7876368e12b019c0cfca476fa90bc78e": ["32", "jp.gr.java_conf.hatalab.mnv.SelectDirName"]}, {"448c91f0fb1286358f67be633001f3f9": ["20", "jp.gr.java_conf.hatalab.mnv.SelectDirName"]}, {"448c91f0fb1286358f67be633001f3f9": ["20", "jp.gr.java_conf.hatalab.mnv.SelectDirName"]}, {"448c91f0fb1286358f67be633001f3f9": ["20", "jp.gr.java_conf.hatalab.mnv.SelectDirName"]}, {"448c91f0fb1286358f67be633001f3f9": ["20", "jp.gr.java_conf.hatalab.mnv.SelectDirName"]}, {"49b7055bd2dcd3242a398211614cff20": ["72", "jp.gr.java_conf.hatalab.mnv.SelectDirName"]}, {"7876368e12b019c0cfca476fa90bc78e": ["32", "jp.gr.java_conf.hatalab.mnv.SelectDirName"]}, {"746d0118eb0493305193015a68005da7": ["18", "jp.gr.java_conf.hatalab.mnv.Settings"]}, {"448c91f0fb1286358f67be633001f3f9": ["20", "jp.gr.java_conf.hatalab.mnv.SelectDirName"]}, {"448c91f0fb1286358f67be633001f3f9": ["20", "jp.gr.java_conf.hatalab.mnv.SelectDirName"]}, {"448c91f0fb1286358f67be633001f3f9": ["20", "jp.gr.java_conf.hatalab.mnv.SelectDirName"]}, {"448c91f0fb1286358f67be633001f3f9": ["20", "jp.gr.java_conf.hatalab.mnv.SelectDirName"]}, {"49b7055bd2dcd3242a398211614cff20": ["72", "jp.gr.java_conf.hatalab.mnv.SelectDirName"]}, {"5d3aca3c5a24d7fb94ac81e0f1d061b0": ["37", "jp.gr.java_conf.hatalab.mnv.SelectDirName"]}, {"7876368e12b019c0cfca476fa90bc78e": ["32", "jp.gr.java_conf.hatalab.mnv.SelectDirName"]}, {"746d0118eb0493305193015a68005da7": ["18", "jp.gr.java_conf.hatalab.mnv.Settings"]}, {"746d0118eb0493305193015a68005da7": ["18", "jp.gr.java_conf.hatalab.mnv.Settings"]}, {"448c91f0fb1286358f67be633001f3f9": ["20", "jp.gr.java_conf.hatalab.mnv.SelectDirName"]}, {"448c91f0fb1286358f67be633001f3f9": ["20", "jp.gr.java_conf.hatalab.mnv.SelectDirName"]}, {"448c91f0fb1286358f67be633001f3f9": ["20", "jp.gr.java_conf.hatalab.mnv.SelectDirName"]}, {"448c91f0fb1286358f67be633001f3f9": ["20", "jp.gr.java_conf.hatalab.mnv.SelectDirName"]}, {"7876368e12b019c0cfca476fa90bc78e": ["32", "jp.gr.java_conf.hatalab.mnv.SelectDirName"]}, {"746d0118eb0493305193015a68005da7": ["18", "jp.gr.java_conf.hatalab.mnv.Settings"]}, {"a05247f56d75e9131feeaeda28a4ac54": ["19", "jp.gr.java_conf.hatalab.mnv.Settings"]}, {"746d0118eb0493305193015a68005da7": ["18", "jp.gr.java_conf.hatalab.mnv.Settings"]}, {"a05247f56d75e9131feeaeda28a4ac54": ["19", "jp.gr.java_conf.hatalab.mnv.Settings"]}, {"aaeb37d302ea3c2106c0d0197c697e45": ["25", "jp.gr.java_conf.hatalab.mnv.Settings"]}, {"aaeb37d302ea3c2106c0d0197c697e45": ["25", "jp.gr.java_conf.hatalab.mnv.Settings"]}, {"944b20db94ba86a7042070d030f1c77f": ["77", "jp.gr.java_conf.hatalab.mnv.Settings"]}, {"944b20db94ba86a7042070d030f1c77f": ["77", "jp.gr.java_conf.hatalab.mnv.Settings"]}, {"23a829576acdcd49ef41afb9b832149e": ["24", "jp.gr.java_conf.hatalab.mnv.Settings"]}, {"944b20db94ba86a7042070d030f1c77f": ["77", "jp.gr.java_conf.hatalab.mnv.Settings"]}, {"23a829576acdcd49ef41afb9b832149e": ["24", "jp.gr.java_conf.hatalab.mnv.Settings"]}, {"2b3c15b6415d9cdf81a46e5f612a07f7": ["35", "jp.gr.java_conf.hatalab.mnv.Settings"]}, {"47750acba33fc37523270e293051df5f": ["33", "jp.gr.java_conf.hatalab.mnv.Settings"]}, {"2b3c15b6415d9cdf81a46e5f612a07f7": ["35", "jp.gr.java_conf.hatalab.mnv.Settings"]}, {"aaeb37d302ea3c2106c0d0197c697e45": ["25", "jp.gr.java_conf.hatalab.mnv.Settings"]}, {"aaeb37d302ea3c2106c0d0197c697e45": ["25", "jp.gr.java_conf.hatalab.mnv.Settings"]}, {"23a829576acdcd49ef41afb9b832149e": ["24", "jp.gr.java_conf.hatalab.mnv.Settings"]}, {"aaeb37d302ea3c2106c0d0197c697e45": ["25", "jp.gr.java_conf.hatalab.mnv.Settings"]}, {"23a829576acdcd49ef41afb9b832149e": ["24", "jp.gr.java_conf.hatalab.mnv.Settings"]}, {"ced35a833c1e22a41b5b068606eb9718": ["2", "jp.gr.java_conf.hatalab.mnv.MainActivity"]}, {"ced35a833c1e22a41b5b068606eb9718": ["2", "jp.gr.java_conf.hatalab.mnv.MainActivity"]}, {"4934e42d4575a8a4d2d6e2438dd5202d": ["4", "jp.gr.java_conf.hatalab.mnv.MainActivity"]}, {"573e5072875fcf3fa465d0f111360a4f": ["1", "jp.gr.java_conf.hatalab.mnv.MainActivity"]}, {"ced35a833c1e22a41b5b068606eb9718": ["2", "jp.gr.java_conf.hatalab.mnv.MainActivity"]}, {"ced35a833c1e22a41b5b068606eb9718": ["2", "jp.gr.java_conf.hatalab.mnv.MainActivity"]}, {"82331d028fbdd6c521c00da710f23daf": ["0", "jp.gr.java_conf.hatalab.mnv.MainActivity"]}, {"ced35a833c1e22a41b5b068606eb9718": ["2", "jp.gr.java_conf.hatalab.mnv.MainActivity"]}, {"ced35a833c1e22a41b5b068606eb9718": ["2", "jp.gr.java_conf.hatalab.mnv.MainActivity"]}, {"4934e42d4575a8a4d2d6e2438dd5202d": ["4", "jp.gr.java_conf.hatalab.mnv.MainActivity"]}, {"ced35a833c1e22a41b5b068606eb9718": ["2", "jp.gr.java_conf.hatalab.mnv.MainActivity"]}, {"ced35a833c1e22a41b5b068606eb9718": ["2", "jp.gr.java_conf.hatalab.mnv.MainActivity"]}, {"4934e42d4575a8a4d2d6e2438dd5202d": ["4", "jp.gr.java_conf.hatalab.mnv.MainActivity"]}, {"ced35a833c1e22a41b5b068606eb9718": ["2", "jp.gr.java_conf.hatalab.mnv.MainActivity"]}, {"ced35a833c1e22a41b5b068606eb9718": ["2", "jp.gr.java_conf.hatalab.mnv.MainActivity"]}, {"ced35a833c1e22a41b5b068606eb9718": ["2", "jp.gr.java_conf.hatalab.mnv.MainActivity"]}, {"ced35a833c1e22a41b5b068606eb9718": ["2", "jp.gr.java_conf.hatalab.mnv.MainActivity"]}, {"ced35a833c1e22a41b5b068606eb9718": ["2", "jp.gr.java_conf.hatalab.mnv.MainActivity"]}, {"42ded163b381212c2b8e46ef9e0f966e": ["3", "jp.gr.java_conf.hatalab.mnv.TextEdit"]}, {"42ded163b381212c2b8e46ef9e0f966e": ["3", "jp.gr.java_conf.hatalab.mnv.TextEdit"]}, {"42ded163b381212c2b8e46ef9e0f966e": ["3", "jp.gr.java_conf.hatalab.mnv.TextEdit"]}, {"42ded163b381212c2b8e46ef9e0f966e": ["3", "jp.gr.java_conf.hatalab.mnv.TextEdit"]}, {"42ded163b381212c2b8e46ef9e0f966e": ["3", "jp.gr.java_conf.hatalab.mnv.TextEdit"]}, {"42ded163b381212c2b8e46ef9e0f966e": ["3", "jp.gr.java_conf.hatalab.mnv.TextEdit"]}, {"42ded163b381212c2b8e46ef9e0f966e": ["3", "jp.gr.java_conf.hatalab.mnv.TextEdit"]}, {"42ded163b381212c2b8e46ef9e0f966e": ["3", "jp.gr.java_conf.hatalab.mnv.TextEdit"]}, {"42ded163b381212c2b8e46ef9e0f966e": ["3", "jp.gr.java_conf.hatalab.mnv.TextEdit"]}, {"42ded163b381212c2b8e46ef9e0f966e": ["3", "jp.gr.java_conf.hatalab.mnv.TextEdit"]}, {"42ded163b381212c2b8e46ef9e0f966e": ["3", "jp.gr.java_conf.hatalab.mnv.TextEdit"]}, {"42ded163b381212c2b8e46ef9e0f966e": ["3", "jp.gr.java_conf.hatalab.mnv.TextEdit"]}, {"42ded163b381212c2b8e46ef9e0f966e": ["3", "jp.gr.java_conf.hatalab.mnv.TextEdit"]}, {"42ded163b381212c2b8e46ef9e0f966e": ["3", "jp.gr.java_conf.hatalab.mnv.TextEdit"]}, {"42ded163b381212c2b8e46ef9e0f966e": ["3", "jp.gr.java_conf.hatalab.mnv.TextEdit"]}, {"42ded163b381212c2b8e46ef9e0f966e": ["3", "jp.gr.java_conf.hatalab.mnv.TextEdit"]}, {"422da4a6aa02b2b25f28e1c1dc9dc72d": ["7", "jp.gr.java_conf.hatalab.mnv.MainActivity"]}, {"461e4f9f2c0f09e9f97ac51404b09681": ["17", "jp.gr.java_conf.hatalab.mnv.MainActivity"]}, {"ced35a833c1e22a41b5b068606eb9718": ["2", "jp.gr.java_conf.hatalab.mnv.MainActivity"]}, {"ced35a833c1e22a41b5b068606eb9718": ["2", "jp.gr.java_conf.hatalab.mnv.MainActivity"]}, {"ced35a833c1e22a41b5b068606eb9718": ["2", "jp.gr.java_conf.hatalab.mnv.MainActivity"]}, {"461e4f9f2c0f09e9f97ac51404b09681": ["17", "jp.gr.java_conf.hatalab.mnv.MainActivity"]}, {"461e4f9f2c0f09e9f97ac51404b09681": ["17", "jp.gr.java_conf.hatalab.mnv.MainActivity"]}, {"422da4a6aa02b2b25f28e1c1dc9dc72d": ["7", "jp.gr.java_conf.hatalab.mnv.MainActivity"]}, {"5c850c80edaa3f7db12e47962a92cca0": ["6", "jp.gr.java_conf.hatalab.mnv.MainActivity"]}, {"461e4f9f2c0f09e9f97ac51404b09681": ["17", "jp.gr.java_conf.hatalab.mnv.MainActivity"]}, {"573e5072875fcf3fa465d0f111360a4f": ["1", "jp.gr.java_conf.hatalab.mnv.MainActivity"]}, {"42ded163b381212c2b8e46ef9e0f966e": ["3", "jp.gr.java_conf.hatalab.mnv.TextEdit"]}, {"42ded163b381212c2b8e46ef9e0f966e": ["3", "jp.gr.java_conf.hatalab.mnv.TextEdit"]}, {"42ded163b381212c2b8e46ef9e0f966e": ["3", "jp.gr.java_conf.hatalab.mnv.TextEdit"]}, {"461e4f9f2c0f09e9f97ac51404b09681": ["17", "jp.gr.java_conf.hatalab.mnv.MainActivity"]}, {"422da4a6aa02b2b25f28e1c1dc9dc72d": ["7", "jp.gr.java_conf.hatalab.mnv.MainActivity"]}, {"461e4f9f2c0f09e9f97ac51404b09681": ["17", "jp.gr.java_conf.hatalab.mnv.MainActivity"]}, {"ced35a833c1e22a41b5b068606eb9718": ["2", "jp.gr.java_conf.hatalab.mnv.MainActivity"]}, {"ced35a833c1e22a41b5b068606eb9718": ["2", "jp.gr.java_conf.hatalab.mnv.MainActivity"]}, {"82331d028fbdd6c521c00da710f23daf": ["0", "jp.gr.java_conf.hatalab.mnv.MainActivity"]}, {"82331d028fbdd6c521c00da710f23daf": ["0", "jp.gr.java_conf.hatalab.mnv.MainActivity"]}, {"ced35a833c1e22a41b5b068606eb9718": ["2", "jp.gr.java_conf.hatalab.mnv.MainActivity"]}, {"422da4a6aa02b2b25f28e1c1dc9dc72d": ["7", "jp.gr.java_conf.hatalab.mnv.MainActivity"]}, {"ced35a833c1e22a41b5b068606eb9718": ["2", "jp.gr.java_conf.hatalab.mnv.MainActivity"]}, {"82331d028fbdd6c521c00da710f23daf": ["0", "jp.gr.java_conf.hatalab.mnv.MainActivity"]}, {"42ded163b381212c2b8e46ef9e0f966e": ["3", "jp.gr.java_conf.hatalab.mnv.TextEdit"]}, {"42ded163b381212c2b8e46ef9e0f966e": ["3", "jp.gr.java_conf.hatalab.mnv.TextEdit"]}, {"42ded163b381212c2b8e46ef9e0f966e": ["3", "jp.gr.java_conf.hatalab.mnv.TextEdit"]}, {"42ded163b381212c2b8e46ef9e0f966e": ["3", "jp.gr.java_conf.hatalab.mnv.TextEdit"]}, {"42ded163b381212c2b8e46ef9e0f966e": ["3", "jp.gr.java_conf.hatalab.mnv.TextEdit"]}, {"422da4a6aa02b2b25f28e1c1dc9dc72d": ["7", "jp.gr.java_conf.hatalab.mnv.MainActivity"]}, {"ced35a833c1e22a41b5b068606eb9718": ["2", "jp.gr.java_conf.hatalab.mnv.MainActivity"]}, {"42ded163b381212c2b8e46ef9e0f966e": ["3", "jp.gr.java_conf.hatalab.mnv.TextEdit"]}, {"42ded163b381212c2b8e46ef9e0f966e": ["3", "jp.gr.java_conf.hatalab.mnv.TextEdit"]}, {"42ded163b381212c2b8e46ef9e0f966e": ["3", "jp.gr.java_conf.hatalab.mnv.TextEdit"]}, {"42ded163b381212c2b8e46ef9e0f966e": ["3", "jp.gr.java_conf.hatalab.mnv.TextEdit"]}, {"42ded163b381212c2b8e46ef9e0f966e": ["3", "jp.gr.java_conf.hatalab.mnv.TextEdit"]}, {"42ded163b381212c2b8e46ef9e0f966e": ["3", "jp.gr.java_conf.hatalab.mnv.TextEdit"]}, {"42ded163b381212c2b8e46ef9e0f966e": ["3", "jp.gr.java_conf.hatalab.mnv.TextEdit"]}, {"42ded163b381212c2b8e46ef9e0f966e": ["3", "jp.gr.java_conf.hatalab.mnv.TextEdit"]}, {"42ded163b381212c2b8e46ef9e0f966e": ["3", "jp.gr.java_conf.hatalab.mnv.TextEdit"]}, {"42ded163b381212c2b8e46ef9e0f966e": ["3", "jp.gr.java_conf.hatalab.mnv.TextEdit"]}, {"42ded163b381212c2b8e46ef9e0f966e": ["3", "jp.gr.java_conf.hatalab.mnv.TextEdit"]}, {"42ded163b381212c2b8e46ef9e0f966e": ["3", "jp.gr.java_conf.hatalab.mnv.TextEdit"]}, {"42ded163b381212c2b8e46ef9e0f966e": ["3", "jp.gr.java_conf.hatalab.mnv.TextEdit"]}, {"42ded163b381212c2b8e46ef9e0f966e": ["3", "jp.gr.java_conf.hatalab.mnv.TextEdit"]}, {"42ded163b381212c2b8e46ef9e0f966e": ["3", "jp.gr.java_conf.hatalab.mnv.TextEdit"]}, {"42ded163b381212c2b8e46ef9e0f966e": ["3", "jp.gr.java_conf.hatalab.mnv.TextEdit"]}, {"42ded163b381212c2b8e46ef9e0f966e": ["3", "jp.gr.java_conf.hatalab.mnv.TextEdit"]}, {"42ded163b381212c2b8e46ef9e0f966e": ["3", "jp.gr.java_conf.hatalab.mnv.TextEdit"]}, {"42ded163b381212c2b8e46ef9e0f966e": ["3", "jp.gr.java_conf.hatalab.mnv.TextEdit"]}, {"42ded163b381212c2b8e46ef9e0f966e": ["3", "jp.gr.java_conf.hatalab.mnv.TextEdit"]}, {"42ded163b381212c2b8e46ef9e0f966e": ["3", "jp.gr.java_conf.hatalab.mnv.TextEdit"]}, {"42ded163b381212c2b8e46ef9e0f966e": ["3", "jp.gr.java_conf.hatalab.mnv.TextEdit"]}, {"42ded163b381212c2b8e46ef9e0f966e": ["3", "jp.gr.java_conf.hatalab.mnv.TextEdit"]}, {"42ded163b381212c2b8e46ef9e0f966e": ["3", "jp.gr.java_conf.hatalab.mnv.TextEdit"]}, {"42ded163b381212c2b8e46ef9e0f966e": ["3", "jp.gr.java_conf.hatalab.mnv.TextEdit"]}, {"42ded163b381212c2b8e46ef9e0f966e": ["3", "jp.gr.java_conf.hatalab.mnv.TextEdit"]}, {"8a631c2f67c689f970997eba00e6159e": ["13", "jp.gr.java_conf.hatalab.mnv.TextEdit"]}, {"42ded163b381212c2b8e46ef9e0f966e": ["3", "jp.gr.java_conf.hatalab.mnv.TextEdit"]}, {"42ded163b381212c2b8e46ef9e0f966e": ["3", "jp.gr.java_conf.hatalab.mnv.TextEdit"]}, {"42ded163b381212c2b8e46ef9e0f966e": ["3", "jp.gr.java_conf.hatalab.mnv.TextEdit"]}, {"42ded163b381212c2b8e46ef9e0f966e": ["3", "jp.gr.java_conf.hatalab.mnv.TextEdit"]}, {"42ded163b381212c2b8e46ef9e0f966e": ["3", "jp.gr.java_conf.hatalab.mnv.TextEdit"]}, {"42ded163b381212c2b8e46ef9e0f966e": ["3", "jp.gr.java_conf.hatalab.mnv.TextEdit"]}, {"42ded163b381212c2b8e46ef9e0f966e": ["3", "jp.gr.java_conf.hatalab.mnv.TextEdit"]}, {"42ded163b381212c2b8e46ef9e0f966e": ["3", "jp.gr.java_conf.hatalab.mnv.TextEdit"]}, {"42ded163b381212c2b8e46ef9e0f966e": ["3", "jp.gr.java_conf.hatalab.mnv.TextEdit"]}, {"42ded163b381212c2b8e46ef9e0f966e": ["3", "jp.gr.java_conf.hatalab.mnv.TextEdit"]}, {"42ded163b381212c2b8e46ef9e0f966e": ["3", "jp.gr.java_conf.hatalab.mnv.TextEdit"]}, {"42ded163b381212c2b8e46ef9e0f966e": ["3", "jp.gr.java_conf.hatalab.mnv.TextEdit"]}, {"42ded163b381212c2b8e46ef9e0f966e": ["3", "jp.gr.java_conf.hatalab.mnv.TextEdit"]}, {"42ded163b381212c2b8e46ef9e0f966e": ["3", "jp.gr.java_conf.hatalab.mnv.TextEdit"]}, {"42ded163b381212c2b8e46ef9e0f966e": ["3", "jp.gr.java_conf.hatalab.mnv.TextEdit"]}, {"42ded163b381212c2b8e46ef9e0f966e": ["3", "jp.gr.java_conf.hatalab.mnv.TextEdit"]}, {"8a631c2f67c689f970997eba00e6159e": ["13", "jp.gr.java_conf.hatalab.mnv.TextEdit"]}, {"42ded163b381212c2b8e46ef9e0f966e": ["3", "jp.gr.java_conf.hatalab.mnv.TextEdit"]}, {"42ded163b381212c2b8e46ef9e0f966e": ["3", "jp.gr.java_conf.hatalab.mnv.TextEdit"]}, {"42ded163b381212c2b8e46ef9e0f966e": ["3", "jp.gr.java_conf.hatalab.mnv.TextEdit"]}, {"42ded163b381212c2b8e46ef9e0f966e": ["3", "jp.gr.java_conf.hatalab.mnv.TextEdit"]}, {"42ded163b381212c2b8e46ef9e0f966e": ["3", "jp.gr.java_conf.hatalab.mnv.TextEdit"]}, {"42ded163b381212c2b8e46ef9e0f966e": ["3", "jp.gr.java_conf.hatalab.mnv.TextEdit"]}, {"42ded163b381212c2b8e46ef9e0f966e": ["3", "jp.gr.java_conf.hatalab.mnv.TextEdit"]}, {"42ded163b381212c2b8e46ef9e0f966e": ["3", "jp.gr.java_conf.hatalab.mnv.TextEdit"]}, {"42ded163b381212c2b8e46ef9e0f966e": ["3", "jp.gr.java_conf.hatalab.mnv.TextEdit"]}, {"42ded163b381212c2b8e46ef9e0f966e": ["3", "jp.gr.java_conf.hatalab.mnv.TextEdit"]}, {"42ded163b381212c2b8e46ef9e0f966e": ["3", "jp.gr.java_conf.hatalab.mnv.TextEdit"]}, {"42ded163b381212c2b8e46ef9e0f966e": ["3", "jp.gr.java_conf.hatalab.mnv.TextEdit"]}, {"42ded163b381212c2b8e46ef9e0f966e": ["3", "jp.gr.java_conf.hatalab.mnv.TextEdit"]}, {"42ded163b381212c2b8e46ef9e0f966e": ["3", "jp.gr.java_conf.hatalab.mnv.TextEdit"]}, {"42ded163b381212c2b8e46ef9e0f966e": ["3", "jp.gr.java_conf.hatalab.mnv.TextEdit"]}, {"42ded163b381212c2b8e46ef9e0f966e": ["3", "jp.gr.java_conf.hatalab.mnv.TextEdit"]}, {"42ded163b381212c2b8e46ef9e0f966e": ["3", "jp.gr.java_conf.hatalab.mnv.TextEdit"]}]