[{"82331d028fbdd6c521c00da710f23daf": ["0", "jp.gr.java_conf.hatalab.mnv.MainActivity"]}, {"573e5072875fcf3fa465d0f111360a4f": ["1", "jp.gr.java_conf.hatalab.mnv.MainActivity"]}, {"ced35a833c1e22a41b5b068606eb9718": ["2", "jp.gr.java_conf.hatalab.mnv.MainActivity"]}, {"82331d028fbdd6c521c00da710f23daf": ["0", "jp.gr.java_conf.hatalab.mnv.MainActivity"]}, {"ced35a833c1e22a41b5b068606eb9718": ["2", "jp.gr.java_conf.hatalab.mnv.MainActivity"]}, {"82331d028fbdd6c521c00da710f23daf": ["0", "jp.gr.java_conf.hatalab.mnv.MainActivity"]}, {"ced35a833c1e22a41b5b068606eb9718": ["2", "jp.gr.java_conf.hatalab.mnv.MainActivity"]}, {"82331d028fbdd6c521c00da710f23daf": ["0", "jp.gr.java_conf.hatalab.mnv.MainActivity"]}, {"42ded163b381212c2b8e46ef9e0f966e": ["3", "jp.gr.java_conf.hatalab.mnv.TextEdit"]}, {"42ded163b381212c2b8e46ef9e0f966e": ["3", "jp.gr.java_conf.hatalab.mnv.TextEdit"]}, {"82331d028fbdd6c521c00da710f23daf": ["0", "jp.gr.java_conf.hatalab.mnv.MainActivity"]}, {"ced35a833c1e22a41b5b068606eb9718": ["2", "jp.gr.java_conf.hatalab.mnv.MainActivity"]}, {"42ded163b381212c2b8e46ef9e0f966e": ["3", "jp.gr.java_conf.hatalab.mnv.TextEdit"]}, {"42ded163b381212c2b8e46ef9e0f966e": ["3", "jp.gr.java_conf.hatalab.mnv.TextEdit"]}, {"ced35a833c1e22a41b5b068606eb9718": ["2", "jp.gr.java_conf.hatalab.mnv.MainActivity"]}, {"ced35a833c1e22a41b5b068606eb9718": ["2", "jp.gr.java_conf.hatalab.mnv.MainActivity"]}, {"82331d028fbdd6c521c00da710f23daf": ["0", "jp.gr.java_conf.hatalab.mnv.MainActivity"]}, {"82331d028fbdd6c521c00da710f23daf": ["0", "jp.gr.java_conf.hatalab.mnv.MainActivity"]}, {"ced35a833c1e22a41b5b068606eb9718": ["2", "jp.gr.java_conf.hatalab.mnv.MainActivity"]}, {"ced35a833c1e22a41b5b068606eb9718": ["2", "jp.gr.java_conf.hatalab.mnv.MainActivity"]}, {"ced35a833c1e22a41b5b068606eb9718": ["2", "jp.gr.java_conf.hatalab.mnv.MainActivity"]}, {"ced35a833c1e22a41b5b068606eb9718": ["2", "jp.gr.java_conf.hatalab.mnv.MainActivity"]}, {"ced35a833c1e22a41b5b068606eb9718": ["2", "jp.gr.java_conf.hatalab.mnv.MainActivity"]}, {"ced35a833c1e22a41b5b068606eb9718": ["2", "jp.gr.java_conf.hatalab.mnv.MainActivity"]}, {"42ded163b381212c2b8e46ef9e0f966e": ["3", "jp.gr.java_conf.hatalab.mnv.TextEdit"]}, {"42ded163b381212c2b8e46ef9e0f966e": ["3", "jp.gr.java_conf.hatalab.mnv.TextEdit"]}, {"42ded163b381212c2b8e46ef9e0f966e": ["3", "jp.gr.java_conf.hatalab.mnv.TextEdit"]}, {"42ded163b381212c2b8e46ef9e0f966e": ["3", "jp.gr.java_conf.hatalab.mnv.TextEdit"]}, {"42ded163b381212c2b8e46ef9e0f966e": ["3", "jp.gr.java_conf.hatalab.mnv.TextEdit"]}, {"42ded163b381212c2b8e46ef9e0f966e": ["3", "jp.gr.java_conf.hatalab.mnv.TextEdit"]}, {"42ded163b381212c2b8e46ef9e0f966e": ["3", "jp.gr.java_conf.hatalab.mnv.TextEdit"]}, {"42ded163b381212c2b8e46ef9e0f966e": ["3", "jp.gr.java_conf.hatalab.mnv.TextEdit"]}, {"ced35a833c1e22a41b5b068606eb9718": ["2", "jp.gr.java_conf.hatalab.mnv.MainActivity"]}, {"ced35a833c1e22a41b5b068606eb9718": ["2", "jp.gr.java_conf.hatalab.mnv.MainActivity"]}, {"ced35a833c1e22a41b5b068606eb9718": ["2", "jp.gr.java_conf.hatalab.mnv.MainActivity"]}, {"ced35a833c1e22a41b5b068606eb9718": ["2", "jp.gr.java_conf.hatalab.mnv.MainActivity"]}, {"ced35a833c1e22a41b5b068606eb9718": ["2", "jp.gr.java_conf.hatalab.mnv.MainActivity"]}, {"ced35a833c1e22a41b5b068606eb9718": ["2", "jp.gr.java_conf.hatalab.mnv.MainActivity"]}, {"ced35a833c1e22a41b5b068606eb9718": ["2", "jp.gr.java_conf.hatalab.mnv.MainActivity"]}, {"ced35a833c1e22a41b5b068606eb9718": ["2", "jp.gr.java_conf.hatalab.mnv.MainActivity"]}, {"ced35a833c1e22a41b5b068606eb9718": ["2", "jp.gr.java_conf.hatalab.mnv.MainActivity"]}, {"82331d028fbdd6c521c00da710f23daf": ["0", "jp.gr.java_conf.hatalab.mnv.MainActivity"]}, {"ced35a833c1e22a41b5b068606eb9718": ["2", "jp.gr.java_conf.hatalab.mnv.MainActivity"]}, {"4934e42d4575a8a4d2d6e2438dd5202d": ["4", "jp.gr.java_conf.hatalab.mnv.MainActivity"]}, {"ced35a833c1e22a41b5b068606eb9718": ["2", "jp.gr.java_conf.hatalab.mnv.MainActivity"]}, {"573e5072875fcf3fa465d0f111360a4f": ["1", "jp.gr.java_conf.hatalab.mnv.MainActivity"]}, {"ced35a833c1e22a41b5b068606eb9718": ["2", "jp.gr.java_conf.hatalab.mnv.MainActivity"]}, {"82331d028fbdd6c521c00da710f23daf": ["0", "jp.gr.java_conf.hatalab.mnv.MainActivity"]}, {"d401ec3466c4d512526812dde960467b": ["5", "jp.gr.java_conf.hatalab.mnv.MainActivity"]}, {"ced35a833c1e22a41b5b068606eb9718": ["2", "jp.gr.java_conf.hatalab.mnv.MainActivity"]}, {"ced35a833c1e22a41b5b068606eb9718": ["2", "jp.gr.java_conf.hatalab.mnv.MainActivity"]}, {"ced35a833c1e22a41b5b068606eb9718": ["2", "jp.gr.java_conf.hatalab.mnv.MainActivity"]}, {"ced35a833c1e22a41b5b068606eb9718": ["2", "jp.gr.java_conf.hatalab.mnv.MainActivity"]}, {"ced35a833c1e22a41b5b068606eb9718": ["2", "jp.gr.java_conf.hatalab.mnv.MainActivity"]}, {"ced35a833c1e22a41b5b068606eb9718": ["2", "jp.gr.java_conf.hatalab.mnv.MainActivity"]}, {"ced35a833c1e22a41b5b068606eb9718": ["2", "jp.gr.java_conf.hatalab.mnv.MainActivity"]}, {"ced35a833c1e22a41b5b068606eb9718": ["2", "jp.gr.java_conf.hatalab.mnv.MainActivity"]}, {"ced35a833c1e22a41b5b068606eb9718": ["2", "jp.gr.java_conf.hatalab.mnv.MainActivity"]}, {"ced35a833c1e22a41b5b068606eb9718": ["2", "jp.gr.java_conf.hatalab.mnv.MainActivity"]}, {"ced35a833c1e22a41b5b068606eb9718": ["2", "jp.gr.java_conf.hatalab.mnv.MainActivity"]}, {"ced35a833c1e22a41b5b068606eb9718": ["2", "jp.gr.java_conf.hatalab.mnv.MainActivity"]}, {"ced35a833c1e22a41b5b068606eb9718": ["2", "jp.gr.java_conf.hatalab.mnv.MainActivity"]}, {"ced35a833c1e22a41b5b068606eb9718": ["2", "jp.gr.java_conf.hatalab.mnv.MainActivity"]}, {"ced35a833c1e22a41b5b068606eb9718": ["2", "jp.gr.java_conf.hatalab.mnv.MainActivity"]}, {"ced35a833c1e22a41b5b068606eb9718": ["2", "jp.gr.java_conf.hatalab.mnv.MainActivity"]}, {"ced35a833c1e22a41b5b068606eb9718": ["2", "jp.gr.java_conf.hatalab.mnv.MainActivity"]}, {"ced35a833c1e22a41b5b068606eb9718": ["2", "jp.gr.java_conf.hatalab.mnv.MainActivity"]}, {"ced35a833c1e22a41b5b068606eb9718": ["2", "jp.gr.java_conf.hatalab.mnv.MainActivity"]}, {"ced35a833c1e22a41b5b068606eb9718": ["2", "jp.gr.java_conf.hatalab.mnv.MainActivity"]}, {"ced35a833c1e22a41b5b068606eb9718": ["2", "jp.gr.java_conf.hatalab.mnv.MainActivity"]}, {"4934e42d4575a8a4d2d6e2438dd5202d": ["4", "jp.gr.java_conf.hatalab.mnv.MainActivity"]}, {"573e5072875fcf3fa465d0f111360a4f": ["1", "jp.gr.java_conf.hatalab.mnv.MainActivity"]}, {"4934e42d4575a8a4d2d6e2438dd5202d": ["4", "jp.gr.java_conf.hatalab.mnv.MainActivity"]}, {"4934e42d4575a8a4d2d6e2438dd5202d": ["4", "jp.gr.java_conf.hatalab.mnv.MainActivity"]}, {"ced35a833c1e22a41b5b068606eb9718": ["2", "jp.gr.java_conf.hatalab.mnv.MainActivity"]}, {"ced35a833c1e22a41b5b068606eb9718": ["2", "jp.gr.java_conf.hatalab.mnv.MainActivity"]}, {"ced35a833c1e22a41b5b068606eb9718": ["2", "jp.gr.java_conf.hatalab.mnv.MainActivity"]}, {"ced35a833c1e22a41b5b068606eb9718": ["2", "jp.gr.java_conf.hatalab.mnv.MainActivity"]}, {"ced35a833c1e22a41b5b068606eb9718": ["2", "jp.gr.java_conf.hatalab.mnv.MainActivity"]}, {"ced35a833c1e22a41b5b068606eb9718": ["2", "jp.gr.java_conf.hatalab.mnv.MainActivity"]}, {"ced35a833c1e22a41b5b068606eb9718": ["2", "jp.gr.java_conf.hatalab.mnv.MainActivity"]}, {"ced35a833c1e22a41b5b068606eb9718": ["2", "jp.gr.java_conf.hatalab.mnv.MainActivity"]}, {"ced35a833c1e22a41b5b068606eb9718": ["2", "jp.gr.java_conf.hatalab.mnv.MainActivity"]}, {"ced35a833c1e22a41b5b068606eb9718": ["2", "jp.gr.java_conf.hatalab.mnv.MainActivity"]}, {"4934e42d4575a8a4d2d6e2438dd5202d": ["4", "jp.gr.java_conf.hatalab.mnv.MainActivity"]}, {"4934e42d4575a8a4d2d6e2438dd5202d": ["4", "jp.gr.java_conf.hatalab.mnv.MainActivity"]}, {"5c850c80edaa3f7db12e47962a92cca0": ["6", "jp.gr.java_conf.hatalab.mnv.MainActivity"]}, {"4934e42d4575a8a4d2d6e2438dd5202d": ["4", "jp.gr.java_conf.hatalab.mnv.MainActivity"]}, {"5c850c80edaa3f7db12e47962a92cca0": ["6", "jp.gr.java_conf.hatalab.mnv.MainActivity"]}, {"5c850c80edaa3f7db12e47962a92cca0": ["6", "jp.gr.java_conf.hatalab.mnv.MainActivity"]}, {"4934e42d4575a8a4d2d6e2438dd5202d": ["4", "jp.gr.java_conf.hatalab.mnv.MainActivity"]}, {"5c850c80edaa3f7db12e47962a92cca0": ["6", "jp.gr.java_conf.hatalab.mnv.MainActivity"]}, {"422da4a6aa02b2b25f28e1c1dc9dc72d": ["7", "jp.gr.java_conf.hatalab.mnv.MainActivity"]}, {"5c850c80edaa3f7db12e47962a92cca0": ["6", "jp.gr.java_conf.hatalab.mnv.MainActivity"]}, {"5c850c80edaa3f7db12e47962a92cca0": ["6", "jp.gr.java_conf.hatalab.mnv.MainActivity"]}, {"422da4a6aa02b2b25f28e1c1dc9dc72d": ["7", "jp.gr.java_conf.hatalab.mnv.MainActivity"]}, {"5c850c80edaa3f7db12e47962a92cca0": ["6", "jp.gr.java_conf.hatalab.mnv.MainActivity"]}, {"ced35a833c1e22a41b5b068606eb9718": ["2", "jp.gr.java_conf.hatalab.mnv.MainActivity"]}, {"ced35a833c1e22a41b5b068606eb9718": ["2", "jp.gr.java_conf.hatalab.mnv.MainActivity"]}, {"ced35a833c1e22a41b5b068606eb9718": ["2", "jp.gr.java_conf.hatalab.mnv.MainActivity"]}, {"82331d028fbdd6c521c00da710f23daf": ["0", "jp.gr.java_conf.hatalab.mnv.MainActivity"]}, {"ced35a833c1e22a41b5b068606eb9718": ["2", "jp.gr.java_conf.hatalab.mnv.MainActivity"]}, {"82331d028fbdd6c521c00da710f23daf": ["0", "jp.gr.java_conf.hatalab.mnv.MainActivity"]}, {"ced35a833c1e22a41b5b068606eb9718": ["2", "jp.gr.java_conf.hatalab.mnv.MainActivity"]}, {"ced35a833c1e22a41b5b068606eb9718": ["2", "jp.gr.java_conf.hatalab.mnv.MainActivity"]}, {"ced35a833c1e22a41b5b068606eb9718": ["2", "jp.gr.java_conf.hatalab.mnv.MainActivity"]}, {"ced35a833c1e22a41b5b068606eb9718": ["2", "jp.gr.java_conf.hatalab.mnv.MainActivity"]}, {"ced35a833c1e22a41b5b068606eb9718": ["2", "jp.gr.java_conf.hatalab.mnv.MainActivity"]}, {"ced35a833c1e22a41b5b068606eb9718": ["2", "jp.gr.java_conf.hatalab.mnv.MainActivity"]}, {"ced35a833c1e22a41b5b068606eb9718": ["2", "jp.gr.java_conf.hatalab.mnv.MainActivity"]}, {"ced35a833c1e22a41b5b068606eb9718": ["2", "jp.gr.java_conf.hatalab.mnv.MainActivity"]}, {"ced35a833c1e22a41b5b068606eb9718": ["2", "jp.gr.java_conf.hatalab.mnv.MainActivity"]}, {"ced35a833c1e22a41b5b068606eb9718": ["2", "jp.gr.java_conf.hatalab.mnv.MainActivity"]}, {"ced35a833c1e22a41b5b068606eb9718": ["2", "jp.gr.java_conf.hatalab.mnv.MainActivity"]}, {"ced35a833c1e22a41b5b068606eb9718": ["2", "jp.gr.java_conf.hatalab.mnv.MainActivity"]}, {"ced35a833c1e22a41b5b068606eb9718": ["2", "jp.gr.java_conf.hatalab.mnv.MainActivity"]}, {"ced35a833c1e22a41b5b068606eb9718": ["2", "jp.gr.java_conf.hatalab.mnv.MainActivity"]}, {"ced35a833c1e22a41b5b068606eb9718": ["2", "jp.gr.java_conf.hatalab.mnv.MainActivity"]}, {"4934e42d4575a8a4d2d6e2438dd5202d": ["4", "jp.gr.java_conf.hatalab.mnv.MainActivity"]}, {"ced35a833c1e22a41b5b068606eb9718": ["2", "jp.gr.java_conf.hatalab.mnv.MainActivity"]}, {"ced35a833c1e22a41b5b068606eb9718": ["2", "jp.gr.java_conf.hatalab.mnv.MainActivity"]}, {"ced35a833c1e22a41b5b068606eb9718": ["2", "jp.gr.java_conf.hatalab.mnv.MainActivity"]}, {"ced35a833c1e22a41b5b068606eb9718": ["2", "jp.gr.java_conf.hatalab.mnv.MainActivity"]}, {"82331d028fbdd6c521c00da710f23daf": ["0", "jp.gr.java_conf.hatalab.mnv.MainActivity"]}, {"573e5072875fcf3fa465d0f111360a4f": ["1", "jp.gr.java_conf.hatalab.mnv.MainActivity"]}, {"82331d028fbdd6c521c00da710f23daf": ["0", "jp.gr.java_conf.hatalab.mnv.MainActivity"]}, {"573e5072875fcf3fa465d0f111360a4f": ["1", "jp.gr.java_conf.hatalab.mnv.MainActivity"]}, {"82331d028fbdd6c521c00da710f23daf": ["0", "jp.gr.java_conf.hatalab.mnv.MainActivity"]}, {"573e5072875fcf3fa465d0f111360a4f": ["1", "jp.gr.java_conf.hatalab.mnv.MainActivity"]}, {"ced35a833c1e22a41b5b068606eb9718": ["2", "jp.gr.java_conf.hatalab.mnv.MainActivity"]}, {"82331d028fbdd6c521c00da710f23daf": ["0", "jp.gr.java_conf.hatalab.mnv.MainActivity"]}, {"573e5072875fcf3fa465d0f111360a4f": ["1", "jp.gr.java_conf.hatalab.mnv.MainActivity"]}, {"82331d028fbdd6c521c00da710f23daf": ["0", "jp.gr.java_conf.hatalab.mnv.MainActivity"]}, {"ced35a833c1e22a41b5b068606eb9718": ["2", "jp.gr.java_conf.hatalab.mnv.MainActivity"]}, {"82331d028fbdd6c521c00da710f23daf": ["0", "jp.gr.java_conf.hatalab.mnv.MainActivity"]}, {"ced35a833c1e22a41b5b068606eb9718": ["2", "jp.gr.java_conf.hatalab.mnv.MainActivity"]}, {"ced35a833c1e22a41b5b068606eb9718": ["2", "jp.gr.java_conf.hatalab.mnv.MainActivity"]}, {"82331d028fbdd6c521c00da710f23daf": ["0", "jp.gr.java_conf.hatalab.mnv.MainActivity"]}, {"d401ec3466c4d512526812dde960467b": ["5", "jp.gr.java_conf.hatalab.mnv.MainActivity"]}, {"82331d028fbdd6c521c00da710f23daf": ["0", "jp.gr.java_conf.hatalab.mnv.MainActivity"]}, {"ced35a833c1e22a41b5b068606eb9718": ["2", "jp.gr.java_conf.hatalab.mnv.MainActivity"]}, {"ced35a833c1e22a41b5b068606eb9718": ["2", "jp.gr.java_conf.hatalab.mnv.MainActivity"]}, {"ced35a833c1e22a41b5b068606eb9718": ["2", "jp.gr.java_conf.hatalab.mnv.MainActivity"]}, {"4934e42d4575a8a4d2d6e2438dd5202d": ["4", "jp.gr.java_conf.hatalab.mnv.MainActivity"]}, {"ced35a833c1e22a41b5b068606eb9718": ["2", "jp.gr.java_conf.hatalab.mnv.MainActivity"]}, {"4934e42d4575a8a4d2d6e2438dd5202d": ["4", "jp.gr.java_conf.hatalab.mnv.MainActivity"]}, {"ced35a833c1e22a41b5b068606eb9718": ["2", "jp.gr.java_conf.hatalab.mnv.MainActivity"]}, {"ced35a833c1e22a41b5b068606eb9718": ["2", "jp.gr.java_conf.hatalab.mnv.MainActivity"]}, {"ced35a833c1e22a41b5b068606eb9718": ["2", "jp.gr.java_conf.hatalab.mnv.MainActivity"]}, {"ced35a833c1e22a41b5b068606eb9718": ["2", "jp.gr.java_conf.hatalab.mnv.MainActivity"]}, {"ced35a833c1e22a41b5b068606eb9718": ["2", "jp.gr.java_conf.hatalab.mnv.MainActivity"]}, {"ced35a833c1e22a41b5b068606eb9718": ["2", "jp.gr.java_conf.hatalab.mnv.MainActivity"]}, {"ced35a833c1e22a41b5b068606eb9718": ["2", "jp.gr.java_conf.hatalab.mnv.MainActivity"]}, {"ced35a833c1e22a41b5b068606eb9718": ["2", "jp.gr.java_conf.hatalab.mnv.MainActivity"]}, {"ced35a833c1e22a41b5b068606eb9718": ["2", "jp.gr.java_conf.hatalab.mnv.MainActivity"]}, {"82331d028fbdd6c521c00da710f23daf": ["0", "jp.gr.java_conf.hatalab.mnv.MainActivity"]}, {"573e5072875fcf3fa465d0f111360a4f": ["1", "jp.gr.java_conf.hatalab.mnv.MainActivity"]}, {"82331d028fbdd6c521c00da710f23daf": ["0", "jp.gr.java_conf.hatalab.mnv.MainActivity"]}, {"573e5072875fcf3fa465d0f111360a4f": ["1", "jp.gr.java_conf.hatalab.mnv.MainActivity"]}, {"82331d028fbdd6c521c00da710f23daf": ["0", "jp.gr.java_conf.hatalab.mnv.MainActivity"]}, {"82331d028fbdd6c521c00da710f23daf": ["0", "jp.gr.java_conf.hatalab.mnv.MainActivity"]}, {"42ded163b381212c2b8e46ef9e0f966e": ["3", "jp.gr.java_conf.hatalab.mnv.TextEdit"]}, {"42ded163b381212c2b8e46ef9e0f966e": ["3", "jp.gr.java_conf.hatalab.mnv.TextEdit"]}, {"42ded163b381212c2b8e46ef9e0f966e": ["3", "jp.gr.java_conf.hatalab.mnv.TextEdit"]}, {"42ded163b381212c2b8e46ef9e0f966e": ["3", "jp.gr.java_conf.hatalab.mnv.TextEdit"]}, {"42ded163b381212c2b8e46ef9e0f966e": ["3", "jp.gr.java_conf.hatalab.mnv.TextEdit"]}, {"42ded163b381212c2b8e46ef9e0f966e": ["3", "jp.gr.java_conf.hatalab.mnv.TextEdit"]}, {"42ded163b381212c2b8e46ef9e0f966e": ["3", "jp.gr.java_conf.hatalab.mnv.TextEdit"]}, {"42ded163b381212c2b8e46ef9e0f966e": ["3", "jp.gr.java_conf.hatalab.mnv.TextEdit"]}, {"42ded163b381212c2b8e46ef9e0f966e": ["3", "jp.gr.java_conf.hatalab.mnv.TextEdit"]}, {"42ded163b381212c2b8e46ef9e0f966e": ["3", "jp.gr.java_conf.hatalab.mnv.TextEdit"]}, {"42ded163b381212c2b8e46ef9e0f966e": ["3", "jp.gr.java_conf.hatalab.mnv.TextEdit"]}, {"42ded163b381212c2b8e46ef9e0f966e": ["3", "jp.gr.java_conf.hatalab.mnv.TextEdit"]}, {"42ded163b381212c2b8e46ef9e0f966e": ["3", "jp.gr.java_conf.hatalab.mnv.TextEdit"]}, {"42ded163b381212c2b8e46ef9e0f966e": ["3", "jp.gr.java_conf.hatalab.mnv.TextEdit"]}, {"42ded163b381212c2b8e46ef9e0f966e": ["3", "jp.gr.java_conf.hatalab.mnv.TextEdit"]}, {"42ded163b381212c2b8e46ef9e0f966e": ["3", "jp.gr.java_conf.hatalab.mnv.TextEdit"]}, {"42ded163b381212c2b8e46ef9e0f966e": ["3", "jp.gr.java_conf.hatalab.mnv.TextEdit"]}, {"42ded163b381212c2b8e46ef9e0f966e": ["3", "jp.gr.java_conf.hatalab.mnv.TextEdit"]}, {"42ded163b381212c2b8e46ef9e0f966e": ["3", "jp.gr.java_conf.hatalab.mnv.TextEdit"]}, {"42ded163b381212c2b8e46ef9e0f966e": ["3", "jp.gr.java_conf.hatalab.mnv.TextEdit"]}, {"42ded163b381212c2b8e46ef9e0f966e": ["3", "jp.gr.java_conf.hatalab.mnv.TextEdit"]}, {"42ded163b381212c2b8e46ef9e0f966e": ["3", "jp.gr.java_conf.hatalab.mnv.TextEdit"]}, {"42ded163b381212c2b8e46ef9e0f966e": ["3", "jp.gr.java_conf.hatalab.mnv.TextEdit"]}, {"42ded163b381212c2b8e46ef9e0f966e": ["3", "jp.gr.java_conf.hatalab.mnv.TextEdit"]}, {"42ded163b381212c2b8e46ef9e0f966e": ["3", "jp.gr.java_conf.hatalab.mnv.TextEdit"]}, {"842fd95630ee424e64ea5a4755e57e8b": ["8", "jp.gr.java_conf.hatalab.mnv.TextEdit"]}, {"573e5072875fcf3fa465d0f111360a4f": ["1", "jp.gr.java_conf.hatalab.mnv.MainActivity"]}, {"42ded163b381212c2b8e46ef9e0f966e": ["3", "jp.gr.java_conf.hatalab.mnv.TextEdit"]}, {"42ded163b381212c2b8e46ef9e0f966e": ["3", "jp.gr.java_conf.hatalab.mnv.TextEdit"]}, {"ced35a833c1e22a41b5b068606eb9718": ["2", "jp.gr.java_conf.hatalab.mnv.MainActivity"]}, {"42ded163b381212c2b8e46ef9e0f966e": ["3", "jp.gr.java_conf.hatalab.mnv.TextEdit"]}, {"42ded163b381212c2b8e46ef9e0f966e": ["3", "jp.gr.java_conf.hatalab.mnv.TextEdit"]}, {"42ded163b381212c2b8e46ef9e0f966e": ["3", "jp.gr.java_conf.hatalab.mnv.TextEdit"]}, {"42ded163b381212c2b8e46ef9e0f966e": ["3", "jp.gr.java_conf.hatalab.mnv.TextEdit"]}, {"ced35a833c1e22a41b5b068606eb9718": ["2", "jp.gr.java_conf.hatalab.mnv.MainActivity"]}, {"ced35a833c1e22a41b5b068606eb9718": ["2", "jp.gr.java_conf.hatalab.mnv.MainActivity"]}, {"ced35a833c1e22a41b5b068606eb9718": ["2", "jp.gr.java_conf.hatalab.mnv.MainActivity"]}, {"ced35a833c1e22a41b5b068606eb9718": ["2", "jp.gr.java_conf.hatalab.mnv.MainActivity"]}, {"ced35a833c1e22a41b5b068606eb9718": ["2", "jp.gr.java_conf.hatalab.mnv.MainActivity"]}, {"ced35a833c1e22a41b5b068606eb9718": ["2", "jp.gr.java_conf.hatalab.mnv.MainActivity"]}, {"ced35a833c1e22a41b5b068606eb9718": ["2", "jp.gr.java_conf.hatalab.mnv.MainActivity"]}, {"ced35a833c1e22a41b5b068606eb9718": ["2", "jp.gr.java_conf.hatalab.mnv.MainActivity"]}, {"ced35a833c1e22a41b5b068606eb9718": ["2", "jp.gr.java_conf.hatalab.mnv.MainActivity"]}, {"ced35a833c1e22a41b5b068606eb9718": ["2", "jp.gr.java_conf.hatalab.mnv.MainActivity"]}, {"82331d028fbdd6c521c00da710f23daf": ["0", "jp.gr.java_conf.hatalab.mnv.MainActivity"]}, {"42ded163b381212c2b8e46ef9e0f966e": ["3", "jp.gr.java_conf.hatalab.mnv.TextEdit"]}, {"42ded163b381212c2b8e46ef9e0f966e": ["3", "jp.gr.java_conf.hatalab.mnv.TextEdit"]}, {"82331d028fbdd6c521c00da710f23daf": ["0", "jp.gr.java_conf.hatalab.mnv.MainActivity"]}, {"ced35a833c1e22a41b5b068606eb9718": ["2", "jp.gr.java_conf.hatalab.mnv.MainActivity"]}, {"ced35a833c1e22a41b5b068606eb9718": ["2", "jp.gr.java_conf.hatalab.mnv.MainActivity"]}, {"ced35a833c1e22a41b5b068606eb9718": ["2", "jp.gr.java_conf.hatalab.mnv.MainActivity"]}, {"82331d028fbdd6c521c00da710f23daf": ["0", "jp.gr.java_conf.hatalab.mnv.MainActivity"]}, {"42ded163b381212c2b8e46ef9e0f966e": ["3", "jp.gr.java_conf.hatalab.mnv.TextEdit"]}, {"42ded163b381212c2b8e46ef9e0f966e": ["3", "jp.gr.java_conf.hatalab.mnv.TextEdit"]}, {"ced35a833c1e22a41b5b068606eb9718": ["2", "jp.gr.java_conf.hatalab.mnv.MainActivity"]}, {"422da4a6aa02b2b25f28e1c1dc9dc72d": ["7", "jp.gr.java_conf.hatalab.mnv.MainActivity"]}, {"5c850c80edaa3f7db12e47962a92cca0": ["6", "jp.gr.java_conf.hatalab.mnv.MainActivity"]}, {"422da4a6aa02b2b25f28e1c1dc9dc72d": ["7", "jp.gr.java_conf.hatalab.mnv.MainActivity"]}, {"5c850c80edaa3f7db12e47962a92cca0": ["6", "jp.gr.java_conf.hatalab.mnv.MainActivity"]}, {"ced35a833c1e22a41b5b068606eb9718": ["2", "jp.gr.java_conf.hatalab.mnv.MainActivity"]}, {"ced35a833c1e22a41b5b068606eb9718": ["2", "jp.gr.java_conf.hatalab.mnv.MainActivity"]}, {"ced35a833c1e22a41b5b068606eb9718": ["2", "jp.gr.java_conf.hatalab.mnv.MainActivity"]}, {"ced35a833c1e22a41b5b068606eb9718": ["2", "jp.gr.java_conf.hatalab.mnv.MainActivity"]}, {"ced35a833c1e22a41b5b068606eb9718": ["2", "jp.gr.java_conf.hatalab.mnv.MainActivity"]}, {"ced35a833c1e22a41b5b068606eb9718": ["2", "jp.gr.java_conf.hatalab.mnv.MainActivity"]}, {"ced35a833c1e22a41b5b068606eb9718": ["2", "jp.gr.java_conf.hatalab.mnv.MainActivity"]}, {"ced35a833c1e22a41b5b068606eb9718": ["2", "jp.gr.java_conf.hatalab.mnv.MainActivity"]}, {"ced35a833c1e22a41b5b068606eb9718": ["2", "jp.gr.java_conf.hatalab.mnv.MainActivity"]}, {"422da4a6aa02b2b25f28e1c1dc9dc72d": ["7", "jp.gr.java_conf.hatalab.mnv.MainActivity"]}, {"ced35a833c1e22a41b5b068606eb9718": ["2", "jp.gr.java_conf.hatalab.mnv.MainActivity"]}, {"42ded163b381212c2b8e46ef9e0f966e": ["3", "jp.gr.java_conf.hatalab.mnv.TextEdit"]}, {"42ded163b381212c2b8e46ef9e0f966e": ["3", "jp.gr.java_conf.hatalab.mnv.TextEdit"]}, {"42ded163b381212c2b8e46ef9e0f966e": ["3", "jp.gr.java_conf.hatalab.mnv.TextEdit"]}, {"42ded163b381212c2b8e46ef9e0f966e": ["3", "jp.gr.java_conf.hatalab.mnv.TextEdit"]}, {"7b773e84d27757e844cd3c0f95dc744b": ["9", "jp.gr.java_conf.hatalab.mnv.TextEdit"]}, {"7b773e84d27757e844cd3c0f95dc744b": ["9", "jp.gr.java_conf.hatalab.mnv.TextEdit"]}, {"ced35a833c1e22a41b5b068606eb9718": ["2", "jp.gr.java_conf.hatalab.mnv.MainActivity"]}, {"ced35a833c1e22a41b5b068606eb9718": ["2", "jp.gr.java_conf.hatalab.mnv.MainActivity"]}, {"82331d028fbdd6c521c00da710f23daf": ["0", "jp.gr.java_conf.hatalab.mnv.MainActivity"]}, {"42ded163b381212c2b8e46ef9e0f966e": ["3", "jp.gr.java_conf.hatalab.mnv.TextEdit"]}, {"42ded163b381212c2b8e46ef9e0f966e": ["3", "jp.gr.java_conf.hatalab.mnv.TextEdit"]}, {"42ded163b381212c2b8e46ef9e0f966e": ["3", "jp.gr.java_conf.hatalab.mnv.TextEdit"]}, {"42ded163b381212c2b8e46ef9e0f966e": ["3", "jp.gr.java_conf.hatalab.mnv.TextEdit"]}, {"842fd95630ee424e64ea5a4755e57e8b": ["8", "jp.gr.java_conf.hatalab.mnv.TextEdit"]}, {"42ded163b381212c2b8e46ef9e0f966e": ["3", "jp.gr.java_conf.hatalab.mnv.TextEdit"]}, {"42ded163b381212c2b8e46ef9e0f966e": ["3", "jp.gr.java_conf.hatalab.mnv.TextEdit"]}, {"42ded163b381212c2b8e46ef9e0f966e": ["3", "jp.gr.java_conf.hatalab.mnv.TextEdit"]}, {"42ded163b381212c2b8e46ef9e0f966e": ["3", "jp.gr.java_conf.hatalab.mnv.TextEdit"]}, {"42ded163b381212c2b8e46ef9e0f966e": ["3", "jp.gr.java_conf.hatalab.mnv.TextEdit"]}, {"842fd95630ee424e64ea5a4755e57e8b": ["8", "jp.gr.java_conf.hatalab.mnv.TextEdit"]}, {"bf2ddda27bf3e7a624c4ad5938380d35": ["10", "jp.gr.java_conf.hatalab.mnv.SelectFileName"]}, {"bf2ddda27bf3e7a624c4ad5938380d35": ["10", "jp.gr.java_conf.hatalab.mnv.SelectFileName"]}, {"bf2ddda27bf3e7a624c4ad5938380d35": ["10", "jp.gr.java_conf.hatalab.mnv.SelectFileName"]}, {"bf2ddda27bf3e7a624c4ad5938380d35": ["10", "jp.gr.java_conf.hatalab.mnv.SelectFileName"]}, {"b96715a46240281f055ee003fc4aa10f": ["11", "jp.gr.java_conf.hatalab.mnv.SelectFileName"]}, {"b96715a46240281f055ee003fc4aa10f": ["11", "jp.gr.java_conf.hatalab.mnv.SelectFileName"]}, {"b96715a46240281f055ee003fc4aa10f": ["11", "jp.gr.java_conf.hatalab.mnv.SelectFileName"]}, {"b96715a46240281f055ee003fc4aa10f": ["11", "jp.gr.java_conf.hatalab.mnv.SelectFileName"]}, {"b96715a46240281f055ee003fc4aa10f": ["11", "jp.gr.java_conf.hatalab.mnv.SelectFileName"]}, {"b96715a46240281f055ee003fc4aa10f": ["11", "jp.gr.java_conf.hatalab.mnv.SelectFileName"]}, {"b96715a46240281f055ee003fc4aa10f": ["11", "jp.gr.java_conf.hatalab.mnv.SelectFileName"]}, {"b96715a46240281f055ee003fc4aa10f": ["11", "jp.gr.java_conf.hatalab.mnv.SelectFileName"]}, {"b96715a46240281f055ee003fc4aa10f": ["11", "jp.gr.java_conf.hatalab.mnv.SelectFileName"]}, {"bf2ddda27bf3e7a624c4ad5938380d35": ["10", "jp.gr.java_conf.hatalab.mnv.SelectFileName"]}, {"42ded163b381212c2b8e46ef9e0f966e": ["3", "jp.gr.java_conf.hatalab.mnv.TextEdit"]}, {"42ded163b381212c2b8e46ef9e0f966e": ["3", "jp.gr.java_conf.hatalab.mnv.TextEdit"]}, {"42ded163b381212c2b8e46ef9e0f966e": ["3", "jp.gr.java_conf.hatalab.mnv.TextEdit"]}, {"42ded163b381212c2b8e46ef9e0f966e": ["3", "jp.gr.java_conf.hatalab.mnv.TextEdit"]}, {"7b773e84d27757e844cd3c0f95dc744b": ["9", "jp.gr.java_conf.hatalab.mnv.TextEdit"]}, {"7b773e84d27757e844cd3c0f95dc744b": ["9", "jp.gr.java_conf.hatalab.mnv.TextEdit"]}, {"7b773e84d27757e844cd3c0f95dc744b": ["9", "jp.gr.java_conf.hatalab.mnv.TextEdit"]}, {"842fd95630ee424e64ea5a4755e57e8b": ["8", "jp.gr.java_conf.hatalab.mnv.TextEdit"]}, {"42ded163b381212c2b8e46ef9e0f966e": ["3", "jp.gr.java_conf.hatalab.mnv.TextEdit"]}, {"42ded163b381212c2b8e46ef9e0f966e": ["3", "jp.gr.java_conf.hatalab.mnv.TextEdit"]}, {"42ded163b381212c2b8e46ef9e0f966e": ["3", "jp.gr.java_conf.hatalab.mnv.TextEdit"]}, {"842fd95630ee424e64ea5a4755e57e8b": ["8", "jp.gr.java_conf.hatalab.mnv.TextEdit"]}, {"bf2ddda27bf3e7a624c4ad5938380d35": ["10", "jp.gr.java_conf.hatalab.mnv.SelectFileName"]}, {"bf2ddda27bf3e7a624c4ad5938380d35": ["10", "jp.gr.java_conf.hatalab.mnv.SelectFileName"]}, {"bf2ddda27bf3e7a624c4ad5938380d35": ["10", "jp.gr.java_conf.hatalab.mnv.SelectFileName"]}, {"bf2ddda27bf3e7a624c4ad5938380d35": ["10", "jp.gr.java_conf.hatalab.mnv.SelectFileName"]}, {"bf2ddda27bf3e7a624c4ad5938380d35": ["10", "jp.gr.java_conf.hatalab.mnv.SelectFileName"]}, {"bf2ddda27bf3e7a624c4ad5938380d35": ["10", "jp.gr.java_conf.hatalab.mnv.SelectFileName"]}, {"bf2ddda27bf3e7a624c4ad5938380d35": ["10", "jp.gr.java_conf.hatalab.mnv.SelectFileName"]}, {"bf2ddda27bf3e7a624c4ad5938380d35": ["10", "jp.gr.java_conf.hatalab.mnv.SelectFileName"]}, {"b96715a46240281f055ee003fc4aa10f": ["11", "jp.gr.java_conf.hatalab.mnv.SelectFileName"]}, {"b96715a46240281f055ee003fc4aa10f": ["11", "jp.gr.java_conf.hatalab.mnv.SelectFileName"]}, {"b96715a46240281f055ee003fc4aa10f": ["11", "jp.gr.java_conf.hatalab.mnv.SelectFileName"]}, {"b96715a46240281f055ee003fc4aa10f": ["11", "jp.gr.java_conf.hatalab.mnv.SelectFileName"]}, {"b96715a46240281f055ee003fc4aa10f": ["11", "jp.gr.java_conf.hatalab.mnv.SelectFileName"]}, {"b96715a46240281f055ee003fc4aa10f": ["11", "jp.gr.java_conf.hatalab.mnv.SelectFileName"]}, {"b96715a46240281f055ee003fc4aa10f": ["11", "jp.gr.java_conf.hatalab.mnv.SelectFileName"]}, {"b96715a46240281f055ee003fc4aa10f": ["11", "jp.gr.java_conf.hatalab.mnv.SelectFileName"]}, {"b96715a46240281f055ee003fc4aa10f": ["11", "jp.gr.java_conf.hatalab.mnv.SelectFileName"]}, {"b96715a46240281f055ee003fc4aa10f": ["11", "jp.gr.java_conf.hatalab.mnv.SelectFileName"]}, {"b96715a46240281f055ee003fc4aa10f": ["11", "jp.gr.java_conf.hatalab.mnv.SelectFileName"]}, {"b96715a46240281f055ee003fc4aa10f": ["11", "jp.gr.java_conf.hatalab.mnv.SelectFileName"]}, {"42ded163b381212c2b8e46ef9e0f966e": ["3", "jp.gr.java_conf.hatalab.mnv.TextEdit"]}, {"42ded163b381212c2b8e46ef9e0f966e": ["3", "jp.gr.java_conf.hatalab.mnv.TextEdit"]}, {"842fd95630ee424e64ea5a4755e57e8b": ["8", "jp.gr.java_conf.hatalab.mnv.TextEdit"]}, {"bf2ddda27bf3e7a624c4ad5938380d35": ["10", "jp.gr.java_conf.hatalab.mnv.SelectFileName"]}, {"bf2ddda27bf3e7a624c4ad5938380d35": ["10", "jp.gr.java_conf.hatalab.mnv.SelectFileName"]}, {"bf2ddda27bf3e7a624c4ad5938380d35": ["10", "jp.gr.java_conf.hatalab.mnv.SelectFileName"]}, {"bf2ddda27bf3e7a624c4ad5938380d35": ["10", "jp.gr.java_conf.hatalab.mnv.SelectFileName"]}, {"bf2ddda27bf3e7a624c4ad5938380d35": ["10", "jp.gr.java_conf.hatalab.mnv.SelectFileName"]}, {"bf2ddda27bf3e7a624c4ad5938380d35": ["10", "jp.gr.java_conf.hatalab.mnv.SelectFileName"]}, {"3d295437e4153e10878b491a9a7a2f73": ["12", "jp.gr.java_conf.hatalab.mnv.SelectFileName"]}, {"bf2ddda27bf3e7a624c4ad5938380d35": ["10", "jp.gr.java_conf.hatalab.mnv.SelectFileName"]}, {"bf2ddda27bf3e7a624c4ad5938380d35": ["10", "jp.gr.java_conf.hatalab.mnv.SelectFileName"]}, {"bf2ddda27bf3e7a624c4ad5938380d35": ["10", "jp.gr.java_conf.hatalab.mnv.SelectFileName"]}, {"bf2ddda27bf3e7a624c4ad5938380d35": ["10", "jp.gr.java_conf.hatalab.mnv.SelectFileName"]}, {"bf2ddda27bf3e7a624c4ad5938380d35": ["10", "jp.gr.java_conf.hatalab.mnv.SelectFileName"]}, {"bf2ddda27bf3e7a624c4ad5938380d35": ["10", "jp.gr.java_conf.hatalab.mnv.SelectFileName"]}, {"bf2ddda27bf3e7a624c4ad5938380d35": ["10", "jp.gr.java_conf.hatalab.mnv.SelectFileName"]}, {"bf2ddda27bf3e7a624c4ad5938380d35": ["10", "jp.gr.java_conf.hatalab.mnv.SelectFileName"]}, {"bf2ddda27bf3e7a624c4ad5938380d35": ["10", "jp.gr.java_conf.hatalab.mnv.SelectFileName"]}, {"bf2ddda27bf3e7a624c4ad5938380d35": ["10", "jp.gr.java_conf.hatalab.mnv.SelectFileName"]}, {"bf2ddda27bf3e7a624c4ad5938380d35": ["10", "jp.gr.java_conf.hatalab.mnv.SelectFileName"]}, {"42ded163b381212c2b8e46ef9e0f966e": ["3", "jp.gr.java_conf.hatalab.mnv.TextEdit"]}, {"42ded163b381212c2b8e46ef9e0f966e": ["3", "jp.gr.java_conf.hatalab.mnv.TextEdit"]}, {"42ded163b381212c2b8e46ef9e0f966e": ["3", "jp.gr.java_conf.hatalab.mnv.TextEdit"]}, {"42ded163b381212c2b8e46ef9e0f966e": ["3", "jp.gr.java_conf.hatalab.mnv.TextEdit"]}, {"42ded163b381212c2b8e46ef9e0f966e": ["3", "jp.gr.java_conf.hatalab.mnv.TextEdit"]}, {"42ded163b381212c2b8e46ef9e0f966e": ["3", "jp.gr.java_conf.hatalab.mnv.TextEdit"]}, {"42ded163b381212c2b8e46ef9e0f966e": ["3", "jp.gr.java_conf.hatalab.mnv.TextEdit"]}, {"42ded163b381212c2b8e46ef9e0f966e": ["3", "jp.gr.java_conf.hatalab.mnv.TextEdit"]}, {"42ded163b381212c2b8e46ef9e0f966e": ["3", "jp.gr.java_conf.hatalab.mnv.TextEdit"]}, {"42ded163b381212c2b8e46ef9e0f966e": ["3", "jp.gr.java_conf.hatalab.mnv.TextEdit"]}, {"842fd95630ee424e64ea5a4755e57e8b": ["8", "jp.gr.java_conf.hatalab.mnv.TextEdit"]}, {"42ded163b381212c2b8e46ef9e0f966e": ["3", "jp.gr.java_conf.hatalab.mnv.TextEdit"]}, {"42ded163b381212c2b8e46ef9e0f966e": ["3", "jp.gr.java_conf.hatalab.mnv.TextEdit"]}, {"42ded163b381212c2b8e46ef9e0f966e": ["3", "jp.gr.java_conf.hatalab.mnv.TextEdit"]}, {"42ded163b381212c2b8e46ef9e0f966e": ["3", "jp.gr.java_conf.hatalab.mnv.TextEdit"]}, {"42ded163b381212c2b8e46ef9e0f966e": ["3", "jp.gr.java_conf.hatalab.mnv.TextEdit"]}, {"42ded163b381212c2b8e46ef9e0f966e": ["3", "jp.gr.java_conf.hatalab.mnv.TextEdit"]}, {"842fd95630ee424e64ea5a4755e57e8b": ["8", "jp.gr.java_conf.hatalab.mnv.TextEdit"]}, {"8a631c2f67c689f970997eba00e6159e": ["13", "jp.gr.java_conf.hatalab.mnv.TextEdit"]}, {"42ded163b381212c2b8e46ef9e0f966e": ["3", "jp.gr.java_conf.hatalab.mnv.TextEdit"]}, {"42ded163b381212c2b8e46ef9e0f966e": ["3", "jp.gr.java_conf.hatalab.mnv.TextEdit"]}, {"42ded163b381212c2b8e46ef9e0f966e": ["3", "jp.gr.java_conf.hatalab.mnv.TextEdit"]}, {"842fd95630ee424e64ea5a4755e57e8b": ["8", "jp.gr.java_conf.hatalab.mnv.TextEdit"]}, {"8a631c2f67c689f970997eba00e6159e": ["13", "jp.gr.java_conf.hatalab.mnv.TextEdit"]}, {"42ded163b381212c2b8e46ef9e0f966e": ["3", "jp.gr.java_conf.hatalab.mnv.TextEdit"]}, {"42ded163b381212c2b8e46ef9e0f966e": ["3", "jp.gr.java_conf.hatalab.mnv.TextEdit"]}, {"42ded163b381212c2b8e46ef9e0f966e": ["3", "jp.gr.java_conf.hatalab.mnv.TextEdit"]}, {"42ded163b381212c2b8e46ef9e0f966e": ["3", "jp.gr.java_conf.hatalab.mnv.TextEdit"]}, {"6f0317fbd51f95dc49f023b2ff9026da": ["14", "jp.gr.java_conf.hatalab.mnv.TextEdit"]}, {"42ded163b381212c2b8e46ef9e0f966e": ["3", "jp.gr.java_conf.hatalab.mnv.TextEdit"]}, {"42ded163b381212c2b8e46ef9e0f966e": ["3", "jp.gr.java_conf.hatalab.mnv.TextEdit"]}, {"42ded163b381212c2b8e46ef9e0f966e": ["3", "jp.gr.java_conf.hatalab.mnv.TextEdit"]}, {"42ded163b381212c2b8e46ef9e0f966e": ["3", "jp.gr.java_conf.hatalab.mnv.TextEdit"]}, {"42ded163b381212c2b8e46ef9e0f966e": ["3", "jp.gr.java_conf.hatalab.mnv.TextEdit"]}, {"42ded163b381212c2b8e46ef9e0f966e": ["3", "jp.gr.java_conf.hatalab.mnv.TextEdit"]}, {"42ded163b381212c2b8e46ef9e0f966e": ["3", "jp.gr.java_conf.hatalab.mnv.TextEdit"]}, {"842fd95630ee424e64ea5a4755e57e8b": ["8", "jp.gr.java_conf.hatalab.mnv.TextEdit"]}, {"42ded163b381212c2b8e46ef9e0f966e": ["3", "jp.gr.java_conf.hatalab.mnv.TextEdit"]}, {"842fd95630ee424e64ea5a4755e57e8b": ["8", "jp.gr.java_conf.hatalab.mnv.TextEdit"]}, {"42ded163b381212c2b8e46ef9e0f966e": ["3", "jp.gr.java_conf.hatalab.mnv.TextEdit"]}, {"42ded163b381212c2b8e46ef9e0f966e": ["3", "jp.gr.java_conf.hatalab.mnv.TextEdit"]}, {"42ded163b381212c2b8e46ef9e0f966e": ["3", "jp.gr.java_conf.hatalab.mnv.TextEdit"]}, {"42ded163b381212c2b8e46ef9e0f966e": ["3", "jp.gr.java_conf.hatalab.mnv.TextEdit"]}, {"42ded163b381212c2b8e46ef9e0f966e": ["3", "jp.gr.java_conf.hatalab.mnv.TextEdit"]}, {"42ded163b381212c2b8e46ef9e0f966e": ["3", "jp.gr.java_conf.hatalab.mnv.TextEdit"]}, {"42ded163b381212c2b8e46ef9e0f966e": ["3", "jp.gr.java_conf.hatalab.mnv.TextEdit"]}, {"42ded163b381212c2b8e46ef9e0f966e": ["3", "jp.gr.java_conf.hatalab.mnv.TextEdit"]}, {"42ded163b381212c2b8e46ef9e0f966e": ["3", "jp.gr.java_conf.hatalab.mnv.TextEdit"]}, {"42ded163b381212c2b8e46ef9e0f966e": ["3", "jp.gr.java_conf.hatalab.mnv.TextEdit"]}, {"842fd95630ee424e64ea5a4755e57e8b": ["8", "jp.gr.java_conf.hatalab.mnv.TextEdit"]}, {"842fd95630ee424e64ea5a4755e57e8b": ["8", "jp.gr.java_conf.hatalab.mnv.TextEdit"]}, {"42ded163b381212c2b8e46ef9e0f966e": ["3", "jp.gr.java_conf.hatalab.mnv.TextEdit"]}, {"42ded163b381212c2b8e46ef9e0f966e": ["3", "jp.gr.java_conf.hatalab.mnv.TextEdit"]}, {"42ded163b381212c2b8e46ef9e0f966e": ["3", "jp.gr.java_conf.hatalab.mnv.TextEdit"]}, {"42ded163b381212c2b8e46ef9e0f966e": ["3", "jp.gr.java_conf.hatalab.mnv.TextEdit"]}, {"42ded163b381212c2b8e46ef9e0f966e": ["3", "jp.gr.java_conf.hatalab.mnv.TextEdit"]}, {"42ded163b381212c2b8e46ef9e0f966e": ["3", "jp.gr.java_conf.hatalab.mnv.TextEdit"]}, {"42ded163b381212c2b8e46ef9e0f966e": ["3", "jp.gr.java_conf.hatalab.mnv.TextEdit"]}, {"42ded163b381212c2b8e46ef9e0f966e": ["3", "jp.gr.java_conf.hatalab.mnv.TextEdit"]}, {"42ded163b381212c2b8e46ef9e0f966e": ["3", "jp.gr.java_conf.hatalab.mnv.TextEdit"]}, {"42ded163b381212c2b8e46ef9e0f966e": ["3", "jp.gr.java_conf.hatalab.mnv.TextEdit"]}, {"42ded163b381212c2b8e46ef9e0f966e": ["3", "jp.gr.java_conf.hatalab.mnv.TextEdit"]}, {"42ded163b381212c2b8e46ef9e0f966e": ["3", "jp.gr.java_conf.hatalab.mnv.TextEdit"]}, {"42ded163b381212c2b8e46ef9e0f966e": ["3", "jp.gr.java_conf.hatalab.mnv.TextEdit"]}, {"842fd95630ee424e64ea5a4755e57e8b": ["8", "jp.gr.java_conf.hatalab.mnv.TextEdit"]}, {"8a631c2f67c689f970997eba00e6159e": ["13", "jp.gr.java_conf.hatalab.mnv.TextEdit"]}, {"842fd95630ee424e64ea5a4755e57e8b": ["8", "jp.gr.java_conf.hatalab.mnv.TextEdit"]}, {"42ded163b381212c2b8e46ef9e0f966e": ["3", "jp.gr.java_conf.hatalab.mnv.TextEdit"]}, {"42ded163b381212c2b8e46ef9e0f966e": ["3", "jp.gr.java_conf.hatalab.mnv.TextEdit"]}, {"42ded163b381212c2b8e46ef9e0f966e": ["3", "jp.gr.java_conf.hatalab.mnv.TextEdit"]}, {"42ded163b381212c2b8e46ef9e0f966e": ["3", "jp.gr.java_conf.hatalab.mnv.TextEdit"]}, {"42ded163b381212c2b8e46ef9e0f966e": ["3", "jp.gr.java_conf.hatalab.mnv.TextEdit"]}, {"42ded163b381212c2b8e46ef9e0f966e": ["3", "jp.gr.java_conf.hatalab.mnv.TextEdit"]}, {"42ded163b381212c2b8e46ef9e0f966e": ["3", "jp.gr.java_conf.hatalab.mnv.TextEdit"]}, {"42ded163b381212c2b8e46ef9e0f966e": ["3", "jp.gr.java_conf.hatalab.mnv.TextEdit"]}, {"42ded163b381212c2b8e46ef9e0f966e": ["3", "jp.gr.java_conf.hatalab.mnv.TextEdit"]}, {"42ded163b381212c2b8e46ef9e0f966e": ["3", "jp.gr.java_conf.hatalab.mnv.TextEdit"]}, {"42ded163b381212c2b8e46ef9e0f966e": ["3", "jp.gr.java_conf.hatalab.mnv.TextEdit"]}, {"42ded163b381212c2b8e46ef9e0f966e": ["3", "jp.gr.java_conf.hatalab.mnv.TextEdit"]}, {"42ded163b381212c2b8e46ef9e0f966e": ["3", "jp.gr.java_conf.hatalab.mnv.TextEdit"]}, {"42ded163b381212c2b8e46ef9e0f966e": ["3", "jp.gr.java_conf.hatalab.mnv.TextEdit"]}, {"842fd95630ee424e64ea5a4755e57e8b": ["8", "jp.gr.java_conf.hatalab.mnv.TextEdit"]}, {"8a631c2f67c689f970997eba00e6159e": ["13", "jp.gr.java_conf.hatalab.mnv.TextEdit"]}, {"42ded163b381212c2b8e46ef9e0f966e": ["3", "jp.gr.java_conf.hatalab.mnv.TextEdit"]}, {"42ded163b381212c2b8e46ef9e0f966e": ["3", "jp.gr.java_conf.hatalab.mnv.TextEdit"]}, {"42ded163b381212c2b8e46ef9e0f966e": ["3", "jp.gr.java_conf.hatalab.mnv.TextEdit"]}, {"42ded163b381212c2b8e46ef9e0f966e": ["3", "jp.gr.java_conf.hatalab.mnv.TextEdit"]}, {"42ded163b381212c2b8e46ef9e0f966e": ["3", "jp.gr.java_conf.hatalab.mnv.TextEdit"]}, {"42ded163b381212c2b8e46ef9e0f966e": ["3", "jp.gr.java_conf.hatalab.mnv.TextEdit"]}, {"42ded163b381212c2b8e46ef9e0f966e": ["3", "jp.gr.java_conf.hatalab.mnv.TextEdit"]}, {"42ded163b381212c2b8e46ef9e0f966e": ["3", "jp.gr.java_conf.hatalab.mnv.TextEdit"]}, {"42ded163b381212c2b8e46ef9e0f966e": ["3", "jp.gr.java_conf.hatalab.mnv.TextEdit"]}, {"42ded163b381212c2b8e46ef9e0f966e": ["3", "jp.gr.java_conf.hatalab.mnv.TextEdit"]}, {"42ded163b381212c2b8e46ef9e0f966e": ["3", "jp.gr.java_conf.hatalab.mnv.TextEdit"]}, {"842fd95630ee424e64ea5a4755e57e8b": ["8", "jp.gr.java_conf.hatalab.mnv.TextEdit"]}, {"ced35a833c1e22a41b5b068606eb9718": ["2", "jp.gr.java_conf.hatalab.mnv.MainActivity"]}, {"ced35a833c1e22a41b5b068606eb9718": ["2", "jp.gr.java_conf.hatalab.mnv.MainActivity"]}, {"ced35a833c1e22a41b5b068606eb9718": ["2", "jp.gr.java_conf.hatalab.mnv.MainActivity"]}, {"ced35a833c1e22a41b5b068606eb9718": ["2", "jp.gr.java_conf.hatalab.mnv.MainActivity"]}, {"ced35a833c1e22a41b5b068606eb9718": ["2", "jp.gr.java_conf.hatalab.mnv.MainActivity"]}, {"ced35a833c1e22a41b5b068606eb9718": ["2", "jp.gr.java_conf.hatalab.mnv.MainActivity"]}, {"ced35a833c1e22a41b5b068606eb9718": ["2", "jp.gr.java_conf.hatalab.mnv.MainActivity"]}, {"82331d028fbdd6c521c00da710f23daf": ["0", "jp.gr.java_conf.hatalab.mnv.MainActivity"]}, {"42ded163b381212c2b8e46ef9e0f966e": ["3", "jp.gr.java_conf.hatalab.mnv.TextEdit"]}, {"82331d028fbdd6c521c00da710f23daf": ["0", "jp.gr.java_conf.hatalab.mnv.MainActivity"]}, {"573e5072875fcf3fa465d0f111360a4f": ["1", "jp.gr.java_conf.hatalab.mnv.MainActivity"]}, {"82331d028fbdd6c521c00da710f23daf": ["0", "jp.gr.java_conf.hatalab.mnv.MainActivity"]}, {"573e5072875fcf3fa465d0f111360a4f": ["1", "jp.gr.java_conf.hatalab.mnv.MainActivity"]}, {"82331d028fbdd6c521c00da710f23daf": ["0", "jp.gr.java_conf.hatalab.mnv.MainActivity"]}, {"ced35a833c1e22a41b5b068606eb9718": ["2", "jp.gr.java_conf.hatalab.mnv.MainActivity"]}, {"ced35a833c1e22a41b5b068606eb9718": ["2", "jp.gr.java_conf.hatalab.mnv.MainActivity"]}, {"ced35a833c1e22a41b5b068606eb9718": ["2", "jp.gr.java_conf.hatalab.mnv.MainActivity"]}, {"ced35a833c1e22a41b5b068606eb9718": ["2", "jp.gr.java_conf.hatalab.mnv.MainActivity"]}, {"ced35a833c1e22a41b5b068606eb9718": ["2", "jp.gr.java_conf.hatalab.mnv.MainActivity"]}, {"ced35a833c1e22a41b5b068606eb9718": ["2", "jp.gr.java_conf.hatalab.mnv.MainActivity"]}, {"ced35a833c1e22a41b5b068606eb9718": ["2", "jp.gr.java_conf.hatalab.mnv.MainActivity"]}, {"ced35a833c1e22a41b5b068606eb9718": ["2", "jp.gr.java_conf.hatalab.mnv.MainActivity"]}, {"ced35a833c1e22a41b5b068606eb9718": ["2", "jp.gr.java_conf.hatalab.mnv.MainActivity"]}, {"ced35a833c1e22a41b5b068606eb9718": ["2", "jp.gr.java_conf.hatalab.mnv.MainActivity"]}, {"573e5072875fcf3fa465d0f111360a4f": ["1", "jp.gr.java_conf.hatalab.mnv.MainActivity"]}, {"ced35a833c1e22a41b5b068606eb9718": ["2", "jp.gr.java_conf.hatalab.mnv.MainActivity"]}, {"82331d028fbdd6c521c00da710f23daf": ["0", "jp.gr.java_conf.hatalab.mnv.MainActivity"]}, {"42ded163b381212c2b8e46ef9e0f966e": ["3", "jp.gr.java_conf.hatalab.mnv.TextEdit"]}, {"42ded163b381212c2b8e46ef9e0f966e": ["3", "jp.gr.java_conf.hatalab.mnv.TextEdit"]}, {"42ded163b381212c2b8e46ef9e0f966e": ["3", "jp.gr.java_conf.hatalab.mnv.TextEdit"]}, {"42ded163b381212c2b8e46ef9e0f966e": ["3", "jp.gr.java_conf.hatalab.mnv.TextEdit"]}, {"42ded163b381212c2b8e46ef9e0f966e": ["3", "jp.gr.java_conf.hatalab.mnv.TextEdit"]}, {"42ded163b381212c2b8e46ef9e0f966e": ["3", "jp.gr.java_conf.hatalab.mnv.TextEdit"]}, {"42ded163b381212c2b8e46ef9e0f966e": ["3", "jp.gr.java_conf.hatalab.mnv.TextEdit"]}, {"42ded163b381212c2b8e46ef9e0f966e": ["3", "jp.gr.java_conf.hatalab.mnv.TextEdit"]}, {"42ded163b381212c2b8e46ef9e0f966e": ["3", "jp.gr.java_conf.hatalab.mnv.TextEdit"]}, {"422da4a6aa02b2b25f28e1c1dc9dc72d": ["7", "jp.gr.java_conf.hatalab.mnv.MainActivity"]}, {"7601ffe9e870b74834149017e12a43e5": ["15", "jp.gr.java_conf.hatalab.mnv.MainActivity"]}, {"7601ffe9e870b74834149017e12a43e5": ["15", "jp.gr.java_conf.hatalab.mnv.MainActivity"]}, {"82331d028fbdd6c521c00da710f23daf": ["0", "jp.gr.java_conf.hatalab.mnv.MainActivity"]}, {"ced35a833c1e22a41b5b068606eb9718": ["2", "jp.gr.java_conf.hatalab.mnv.MainActivity"]}, {"4934e42d4575a8a4d2d6e2438dd5202d": ["4", "jp.gr.java_conf.hatalab.mnv.MainActivity"]}, {"ced35a833c1e22a41b5b068606eb9718": ["2", "jp.gr.java_conf.hatalab.mnv.MainActivity"]}, {"ced35a833c1e22a41b5b068606eb9718": ["2", "jp.gr.java_conf.hatalab.mnv.MainActivity"]}, {"82331d028fbdd6c521c00da710f23daf": ["0", "jp.gr.java_conf.hatalab.mnv.MainActivity"]}, {"ced35a833c1e22a41b5b068606eb9718": ["2", "jp.gr.java_conf.hatalab.mnv.MainActivity"]}, {"ced35a833c1e22a41b5b068606eb9718": ["2", "jp.gr.java_conf.hatalab.mnv.MainActivity"]}, {"ced35a833c1e22a41b5b068606eb9718": ["2", "jp.gr.java_conf.hatalab.mnv.MainActivity"]}, {"ced35a833c1e22a41b5b068606eb9718": ["2", "jp.gr.java_conf.hatalab.mnv.MainActivity"]}, {"82331d028fbdd6c521c00da710f23daf": ["0", "jp.gr.java_conf.hatalab.mnv.MainActivity"]}, {"573e5072875fcf3fa465d0f111360a4f": ["1", "jp.gr.java_conf.hatalab.mnv.MainActivity"]}, {"82331d028fbdd6c521c00da710f23daf": ["0", "jp.gr.java_conf.hatalab.mnv.MainActivity"]}, {"573e5072875fcf3fa465d0f111360a4f": ["1", "jp.gr.java_conf.hatalab.mnv.MainActivity"]}, {"f26c116ed02a1b791d4fef477f8b35d4": ["16", "jp.gr.java_conf.hatalab.mnv.MainActivity"]}, {"f26c116ed02a1b791d4fef477f8b35d4": ["16", "jp.gr.java_conf.hatalab.mnv.MainActivity"]}, {"ced35a833c1e22a41b5b068606eb9718": ["2", "jp.gr.java_conf.hatalab.mnv.MainActivity"]}, {"82331d028fbdd6c521c00da710f23daf": ["0", "jp.gr.java_conf.hatalab.mnv.MainActivity"]}, {"ced35a833c1e22a41b5b068606eb9718": ["2", "jp.gr.java_conf.hatalab.mnv.MainActivity"]}, {"82331d028fbdd6c521c00da710f23daf": ["0", "jp.gr.java_conf.hatalab.mnv.MainActivity"]}, {"ced35a833c1e22a41b5b068606eb9718": ["2", "jp.gr.java_conf.hatalab.mnv.MainActivity"]}, {"4934e42d4575a8a4d2d6e2438dd5202d": ["4", "jp.gr.java_conf.hatalab.mnv.MainActivity"]}, {"5c850c80edaa3f7db12e47962a92cca0": ["6", "jp.gr.java_conf.hatalab.mnv.MainActivity"]}, {"5c850c80edaa3f7db12e47962a92cca0": ["6", "jp.gr.java_conf.hatalab.mnv.MainActivity"]}, {"5c850c80edaa3f7db12e47962a92cca0": ["6", "jp.gr.java_conf.hatalab.mnv.MainActivity"]}, {"5c850c80edaa3f7db12e47962a92cca0": ["6", "jp.gr.java_conf.hatalab.mnv.MainActivity"]}, {"5c850c80edaa3f7db12e47962a92cca0": ["6", "jp.gr.java_conf.hatalab.mnv.MainActivity"]}, {"5c850c80edaa3f7db12e47962a92cca0": ["6", "jp.gr.java_conf.hatalab.mnv.MainActivity"]}, {"5c850c80edaa3f7db12e47962a92cca0": ["6", "jp.gr.java_conf.hatalab.mnv.MainActivity"]}, {"ced35a833c1e22a41b5b068606eb9718": ["2", "jp.gr.java_conf.hatalab.mnv.MainActivity"]}, {"ced35a833c1e22a41b5b068606eb9718": ["2", "jp.gr.java_conf.hatalab.mnv.MainActivity"]}, {"573e5072875fcf3fa465d0f111360a4f": ["1", "jp.gr.java_conf.hatalab.mnv.MainActivity"]}, {"ced35a833c1e22a41b5b068606eb9718": ["2", "jp.gr.java_conf.hatalab.mnv.MainActivity"]}, {"ced35a833c1e22a41b5b068606eb9718": ["2", "jp.gr.java_conf.hatalab.mnv.MainActivity"]}, {"573e5072875fcf3fa465d0f111360a4f": ["1", "jp.gr.java_conf.hatalab.mnv.MainActivity"]}, {"ced35a833c1e22a41b5b068606eb9718": ["2", "jp.gr.java_conf.hatalab.mnv.MainActivity"]}, {"573e5072875fcf3fa465d0f111360a4f": ["1", "jp.gr.java_conf.hatalab.mnv.MainActivity"]}, {"ced35a833c1e22a41b5b068606eb9718": ["2", "jp.gr.java_conf.hatalab.mnv.MainActivity"]}, {"ced35a833c1e22a41b5b068606eb9718": ["2", "jp.gr.java_conf.hatalab.mnv.MainActivity"]}, {"ced35a833c1e22a41b5b068606eb9718": ["2", "jp.gr.java_conf.hatalab.mnv.MainActivity"]}, {"461e4f9f2c0f09e9f97ac51404b09681": ["17", "jp.gr.java_conf.hatalab.mnv.MainActivity"]}, {"461e4f9f2c0f09e9f97ac51404b09681": ["17", "jp.gr.java_conf.hatalab.mnv.MainActivity"]}, {"461e4f9f2c0f09e9f97ac51404b09681": ["17", "jp.gr.java_conf.hatalab.mnv.MainActivity"]}, {"ced35a833c1e22a41b5b068606eb9718": ["2", "jp.gr.java_conf.hatalab.mnv.MainActivity"]}, {"ced35a833c1e22a41b5b068606eb9718": ["2", "jp.gr.java_conf.hatalab.mnv.MainActivity"]}, {"ced35a833c1e22a41b5b068606eb9718": ["2", "jp.gr.java_conf.hatalab.mnv.MainActivity"]}, {"ced35a833c1e22a41b5b068606eb9718": ["2", "jp.gr.java_conf.hatalab.mnv.MainActivity"]}, {"746d0118eb0493305193015a68005da7": ["18", "jp.gr.java_conf.hatalab.mnv.Settings"]}, {"746d0118eb0493305193015a68005da7": ["18", "jp.gr.java_conf.hatalab.mnv.Settings"]}, {"a05247f56d75e9131feeaeda28a4ac54": ["19", "jp.gr.java_conf.hatalab.mnv.Settings"]}, {"746d0118eb0493305193015a68005da7": ["18", "jp.gr.java_conf.hatalab.mnv.Settings"]}, {"a05247f56d75e9131feeaeda28a4ac54": ["19", "jp.gr.java_conf.hatalab.mnv.Settings"]}, {"746d0118eb0493305193015a68005da7": ["18", "jp.gr.java_conf.hatalab.mnv.Settings"]}, {"a05247f56d75e9131feeaeda28a4ac54": ["19", "jp.gr.java_conf.hatalab.mnv.Settings"]}, {"746d0118eb0493305193015a68005da7": ["18", "jp.gr.java_conf.hatalab.mnv.Settings"]}, {"a05247f56d75e9131feeaeda28a4ac54": ["19", "jp.gr.java_conf.hatalab.mnv.Settings"]}, {"746d0118eb0493305193015a68005da7": ["18", "jp.gr.java_conf.hatalab.mnv.Settings"]}, {"448c91f0fb1286358f67be633001f3f9": ["20", "jp.gr.java_conf.hatalab.mnv.SelectDirName"]}, {"d11b039569988e617b515f871d4354cb": ["21", "jp.gr.java_conf.hatalab.mnv.SelectDirName"]}, {"448c91f0fb1286358f67be633001f3f9": ["20", "jp.gr.java_conf.hatalab.mnv.SelectDirName"]}, {"d11b039569988e617b515f871d4354cb": ["21", "jp.gr.java_conf.hatalab.mnv.SelectDirName"]}, {"d11b039569988e617b515f871d4354cb": ["21", "jp.gr.java_conf.hatalab.mnv.SelectDirName"]}, {"746d0118eb0493305193015a68005da7": ["18", "jp.gr.java_conf.hatalab.mnv.Settings"]}, {"746d0118eb0493305193015a68005da7": ["18", "jp.gr.java_conf.hatalab.mnv.Settings"]}, {"746d0118eb0493305193015a68005da7": ["18", "jp.gr.java_conf.hatalab.mnv.Settings"]}, {"1aab2af79127e84652f879525f0e5ea8": ["22", "jp.gr.java_conf.hatalab.mnv.Settings"]}, {"746d0118eb0493305193015a68005da7": ["18", "jp.gr.java_conf.hatalab.mnv.Settings"]}, {"746d0118eb0493305193015a68005da7": ["18", "jp.gr.java_conf.hatalab.mnv.Settings"]}, {"a05247f56d75e9131feeaeda28a4ac54": ["19", "jp.gr.java_conf.hatalab.mnv.Settings"]}, {"746d0118eb0493305193015a68005da7": ["18", "jp.gr.java_conf.hatalab.mnv.Settings"]}, {"746d0118eb0493305193015a68005da7": ["18", "jp.gr.java_conf.hatalab.mnv.Settings"]}, {"3ac2618c2710215fc1f6780732cc04f2": ["23", "jp.gr.java_conf.hatalab.mnv.Settings"]}, {"23a829576acdcd49ef41afb9b832149e": ["24", "jp.gr.java_conf.hatalab.mnv.Settings"]}, {"aaeb37d302ea3c2106c0d0197c697e45": ["25", "jp.gr.java_conf.hatalab.mnv.Settings"]}, {"fccbb3929a3ffb9362f00f28b50bdc06": ["26", "jp.gr.java_conf.hatalab.mnv.Settings"]}, {"aaeb37d302ea3c2106c0d0197c697e45": ["25", "jp.gr.java_conf.hatalab.mnv.Settings"]}, {"fccbb3929a3ffb9362f00f28b50bdc06": ["26", "jp.gr.java_conf.hatalab.mnv.Settings"]}, {"aaeb37d302ea3c2106c0d0197c697e45": ["25", "jp.gr.java_conf.hatalab.mnv.Settings"]}, {"aaeb37d302ea3c2106c0d0197c697e45": ["25", "jp.gr.java_conf.hatalab.mnv.Settings"]}, {"aaeb37d302ea3c2106c0d0197c697e45": ["25", "jp.gr.java_conf.hatalab.mnv.Settings"]}, {"35ec4915d6d8334d7a9534f10adc8610": ["27", "jp.gr.java_conf.hatalab.mnv.Settings"]}, {"23a829576acdcd49ef41afb9b832149e": ["24", "jp.gr.java_conf.hatalab.mnv.Settings"]}, {"aaeb37d302ea3c2106c0d0197c697e45": ["25", "jp.gr.java_conf.hatalab.mnv.Settings"]}, {"de80e0efd2687a1aead509e9923fa32b": ["28", "jp.gr.java_conf.hatalab.mnv.TemplateTextList"]}, {"de80e0efd2687a1aead509e9923fa32b": ["28", "jp.gr.java_conf.hatalab.mnv.TemplateTextList"]}, {"de80e0efd2687a1aead509e9923fa32b": ["28", "jp.gr.java_conf.hatalab.mnv.TemplateTextList"]}, {"a4c6e23a2e9716d0db1f8a485a39a43b": ["29", "jp.gr.java_conf.hatalab.mnv.TemplateTextList"]}, {"de80e0efd2687a1aead509e9923fa32b": ["28", "jp.gr.java_conf.hatalab.mnv.TemplateTextList"]}, {"de80e0efd2687a1aead509e9923fa32b": ["28", "jp.gr.java_conf.hatalab.mnv.TemplateTextList"]}, {"de80e0efd2687a1aead509e9923fa32b": ["28", "jp.gr.java_conf.hatalab.mnv.TemplateTextList"]}, {"de80e0efd2687a1aead509e9923fa32b": ["28", "jp.gr.java_conf.hatalab.mnv.TemplateTextList"]}, {"de80e0efd2687a1aead509e9923fa32b": ["28", "jp.gr.java_conf.hatalab.mnv.TemplateTextList"]}, {"de80e0efd2687a1aead509e9923fa32b": ["28", "jp.gr.java_conf.hatalab.mnv.TemplateTextList"]}, {"de80e0efd2687a1aead509e9923fa32b": ["28", "jp.gr.java_conf.hatalab.mnv.TemplateTextList"]}, {"de80e0efd2687a1aead509e9923fa32b": ["28", "jp.gr.java_conf.hatalab.mnv.TemplateTextList"]}, {"de80e0efd2687a1aead509e9923fa32b": ["28", "jp.gr.java_conf.hatalab.mnv.TemplateTextList"]}, {"de80e0efd2687a1aead509e9923fa32b": ["28", "jp.gr.java_conf.hatalab.mnv.TemplateTextList"]}, {"de80e0efd2687a1aead509e9923fa32b": ["28", "jp.gr.java_conf.hatalab.mnv.TemplateTextList"]}, {"de80e0efd2687a1aead509e9923fa32b": ["28", "jp.gr.java_conf.hatalab.mnv.TemplateTextList"]}, {"de80e0efd2687a1aead509e9923fa32b": ["28", "jp.gr.java_conf.hatalab.mnv.TemplateTextList"]}, {"a4c6e23a2e9716d0db1f8a485a39a43b": ["29", "jp.gr.java_conf.hatalab.mnv.TemplateTextList"]}, {"de80e0efd2687a1aead509e9923fa32b": ["28", "jp.gr.java_conf.hatalab.mnv.TemplateTextList"]}, {"a4c6e23a2e9716d0db1f8a485a39a43b": ["29", "jp.gr.java_conf.hatalab.mnv.TemplateTextList"]}, {"e189de30fdbd8477bec300620ea7c09b": ["30", "jp.gr.java_conf.hatalab.mnv.TemplateTextList"]}, {"e189de30fdbd8477bec300620ea7c09b": ["30", "jp.gr.java_conf.hatalab.mnv.TemplateTextList"]}, {"e189de30fdbd8477bec300620ea7c09b": ["30", "jp.gr.java_conf.hatalab.mnv.TemplateTextList"]}, {"aaeb37d302ea3c2106c0d0197c697e45": ["25", "jp.gr.java_conf.hatalab.mnv.Settings"]}, {"aaeb37d302ea3c2106c0d0197c697e45": ["25", "jp.gr.java_conf.hatalab.mnv.Settings"]}, {"35ec4915d6d8334d7a9534f10adc8610": ["27", "jp.gr.java_conf.hatalab.mnv.Settings"]}, {"ced35a833c1e22a41b5b068606eb9718": ["2", "jp.gr.java_conf.hatalab.mnv.MainActivity"]}, {"ced35a833c1e22a41b5b068606eb9718": ["2", "jp.gr.java_conf.hatalab.mnv.MainActivity"]}, {"42ded163b381212c2b8e46ef9e0f966e": ["3", "jp.gr.java_conf.hatalab.mnv.TextEdit"]}, {"42ded163b381212c2b8e46ef9e0f966e": ["3", "jp.gr.java_conf.hatalab.mnv.TextEdit"]}, {"ced35a833c1e22a41b5b068606eb9718": ["2", "jp.gr.java_conf.hatalab.mnv.MainActivity"]}, {"0898c4ac8b5ecac4d75f9723f235aa01": ["31", "jp.gr.java_conf.hatalab.mnv.Settings"]}, {"0898c4ac8b5ecac4d75f9723f235aa01": ["31", "jp.gr.java_conf.hatalab.mnv.Settings"]}, {"0898c4ac8b5ecac4d75f9723f235aa01": ["31", "jp.gr.java_conf.hatalab.mnv.Settings"]}, {"746d0118eb0493305193015a68005da7": ["18", "jp.gr.java_conf.hatalab.mnv.Settings"]}, {"746d0118eb0493305193015a68005da7": ["18", "jp.gr.java_conf.hatalab.mnv.Settings"]}, {"448c91f0fb1286358f67be633001f3f9": ["20", "jp.gr.java_conf.hatalab.mnv.SelectDirName"]}, {"448c91f0fb1286358f67be633001f3f9": ["20", "jp.gr.java_conf.hatalab.mnv.SelectDirName"]}, {"7876368e12b019c0cfca476fa90bc78e": ["32", "jp.gr.java_conf.hatalab.mnv.SelectDirName"]}, {"448c91f0fb1286358f67be633001f3f9": ["20", "jp.gr.java_conf.hatalab.mnv.SelectDirName"]}, {"7876368e12b019c0cfca476fa90bc78e": ["32", "jp.gr.java_conf.hatalab.mnv.SelectDirName"]}, {"448c91f0fb1286358f67be633001f3f9": ["20", "jp.gr.java_conf.hatalab.mnv.SelectDirName"]}, {"448c91f0fb1286358f67be633001f3f9": ["20", "jp.gr.java_conf.hatalab.mnv.SelectDirName"]}, {"746d0118eb0493305193015a68005da7": ["18", "jp.gr.java_conf.hatalab.mnv.Settings"]}, {"746d0118eb0493305193015a68005da7": ["18", "jp.gr.java_conf.hatalab.mnv.Settings"]}, {"47750acba33fc37523270e293051df5f": ["33", "jp.gr.java_conf.hatalab.mnv.Settings"]}, {"746d0118eb0493305193015a68005da7": ["18", "jp.gr.java_conf.hatalab.mnv.Settings"]}, {"746d0118eb0493305193015a68005da7": ["18", "jp.gr.java_conf.hatalab.mnv.Settings"]}, {"a05247f56d75e9131feeaeda28a4ac54": ["19", "jp.gr.java_conf.hatalab.mnv.Settings"]}, {"746d0118eb0493305193015a68005da7": ["18", "jp.gr.java_conf.hatalab.mnv.Settings"]}, {"746d0118eb0493305193015a68005da7": ["18", "jp.gr.java_conf.hatalab.mnv.Settings"]}, {"47750acba33fc37523270e293051df5f": ["33", "jp.gr.java_conf.hatalab.mnv.Settings"]}, {"746d0118eb0493305193015a68005da7": ["18", "jp.gr.java_conf.hatalab.mnv.Settings"]}, {"746d0118eb0493305193015a68005da7": ["18", "jp.gr.java_conf.hatalab.mnv.Settings"]}, {"746d0118eb0493305193015a68005da7": ["18", "jp.gr.java_conf.hatalab.mnv.Settings"]}, {"746d0118eb0493305193015a68005da7": ["18", "jp.gr.java_conf.hatalab.mnv.Settings"]}, {"746d0118eb0493305193015a68005da7": ["18", "jp.gr.java_conf.hatalab.mnv.Settings"]}, {"746d0118eb0493305193015a68005da7": ["18", "jp.gr.java_conf.hatalab.mnv.Settings"]}, {"35ec4915d6d8334d7a9534f10adc8610": ["27", "jp.gr.java_conf.hatalab.mnv.Settings"]}, {"22f808cfd442bf5fa179bdb72fa3d75f": ["34", "jp.gr.java_conf.hatalab.mnv.Settings"]}, {"22f808cfd442bf5fa179bdb72fa3d75f": ["34", "jp.gr.java_conf.hatalab.mnv.Settings"]}, {"47750acba33fc37523270e293051df5f": ["33", "jp.gr.java_conf.hatalab.mnv.Settings"]}, {"2b3c15b6415d9cdf81a46e5f612a07f7": ["35", "jp.gr.java_conf.hatalab.mnv.Settings"]}, {"746d0118eb0493305193015a68005da7": ["18", "jp.gr.java_conf.hatalab.mnv.Settings"]}, {"746d0118eb0493305193015a68005da7": ["18", "jp.gr.java_conf.hatalab.mnv.Settings"]}, {"746d0118eb0493305193015a68005da7": ["18", "jp.gr.java_conf.hatalab.mnv.Settings"]}, {"746d0118eb0493305193015a68005da7": ["18", "jp.gr.java_conf.hatalab.mnv.Settings"]}, {"0898c4ac8b5ecac4d75f9723f235aa01": ["31", "jp.gr.java_conf.hatalab.mnv.Settings"]}, {"a05247f56d75e9131feeaeda28a4ac54": ["19", "jp.gr.java_conf.hatalab.mnv.Settings"]}, {"746d0118eb0493305193015a68005da7": ["18", "jp.gr.java_conf.hatalab.mnv.Settings"]}, {"0898c4ac8b5ecac4d75f9723f235aa01": ["31", "jp.gr.java_conf.hatalab.mnv.Settings"]}, {"0898c4ac8b5ecac4d75f9723f235aa01": ["31", "jp.gr.java_conf.hatalab.mnv.Settings"]}, {"0898c4ac8b5ecac4d75f9723f235aa01": ["31", "jp.gr.java_conf.hatalab.mnv.Settings"]}, {"746d0118eb0493305193015a68005da7": ["18", "jp.gr.java_conf.hatalab.mnv.Settings"]}, {"746d0118eb0493305193015a68005da7": ["18", "jp.gr.java_conf.hatalab.mnv.Settings"]}, {"3ac2618c2710215fc1f6780732cc04f2": ["23", "jp.gr.java_conf.hatalab.mnv.Settings"]}, {"746d0118eb0493305193015a68005da7": ["18", "jp.gr.java_conf.hatalab.mnv.Settings"]}, {"746d0118eb0493305193015a68005da7": ["18", "jp.gr.java_conf.hatalab.mnv.Settings"]}, {"746d0118eb0493305193015a68005da7": ["18", "jp.gr.java_conf.hatalab.mnv.Settings"]}, {"47750acba33fc37523270e293051df5f": ["33", "jp.gr.java_conf.hatalab.mnv.Settings"]}, {"746d0118eb0493305193015a68005da7": ["18", "jp.gr.java_conf.hatalab.mnv.Settings"]}, {"fccbb3929a3ffb9362f00f28b50bdc06": ["26", "jp.gr.java_conf.hatalab.mnv.Settings"]}, {"746d0118eb0493305193015a68005da7": ["18", "jp.gr.java_conf.hatalab.mnv.Settings"]}, {"fccbb3929a3ffb9362f00f28b50bdc06": ["26", "jp.gr.java_conf.hatalab.mnv.Settings"]}, {"746d0118eb0493305193015a68005da7": ["18", "jp.gr.java_conf.hatalab.mnv.Settings"]}, {"746d0118eb0493305193015a68005da7": ["18", "jp.gr.java_conf.hatalab.mnv.Settings"]}, {"746d0118eb0493305193015a68005da7": ["18", "jp.gr.java_conf.hatalab.mnv.Settings"]}, {"47750acba33fc37523270e293051df5f": ["33", "jp.gr.java_conf.hatalab.mnv.Settings"]}, {"746d0118eb0493305193015a68005da7": ["18", "jp.gr.java_conf.hatalab.mnv.Settings"]}, {"55cd1053198ad3b0ef7cf3efc9bf1c0b": ["36", "jp.gr.java_conf.hatalab.mnv.SelectDirName"]}, {"746d0118eb0493305193015a68005da7": ["18", "jp.gr.java_conf.hatalab.mnv.Settings"]}, {"fccbb3929a3ffb9362f00f28b50bdc06": ["26", "jp.gr.java_conf.hatalab.mnv.Settings"]}, {"746d0118eb0493305193015a68005da7": ["18", "jp.gr.java_conf.hatalab.mnv.Settings"]}, {"55cd1053198ad3b0ef7cf3efc9bf1c0b": ["36", "jp.gr.java_conf.hatalab.mnv.SelectDirName"]}, {"746d0118eb0493305193015a68005da7": ["18", "jp.gr.java_conf.hatalab.mnv.Settings"]}, {"746d0118eb0493305193015a68005da7": ["18", "jp.gr.java_conf.hatalab.mnv.Settings"]}, {"746d0118eb0493305193015a68005da7": ["18", "jp.gr.java_conf.hatalab.mnv.Settings"]}, {"746d0118eb0493305193015a68005da7": ["18", "jp.gr.java_conf.hatalab.mnv.Settings"]}, {"746d0118eb0493305193015a68005da7": ["18", "jp.gr.java_conf.hatalab.mnv.Settings"]}, {"fccbb3929a3ffb9362f00f28b50bdc06": ["26", "jp.gr.java_conf.hatalab.mnv.Settings"]}, {"aaeb37d302ea3c2106c0d0197c697e45": ["25", "jp.gr.java_conf.hatalab.mnv.Settings"]}, {"aaeb37d302ea3c2106c0d0197c697e45": ["25", "jp.gr.java_conf.hatalab.mnv.Settings"]}, {"aaeb37d302ea3c2106c0d0197c697e45": ["25", "jp.gr.java_conf.hatalab.mnv.Settings"]}, {"746d0118eb0493305193015a68005da7": ["18", "jp.gr.java_conf.hatalab.mnv.Settings"]}, {"746d0118eb0493305193015a68005da7": ["18", "jp.gr.java_conf.hatalab.mnv.Settings"]}, {"448c91f0fb1286358f67be633001f3f9": ["20", "jp.gr.java_conf.hatalab.mnv.SelectDirName"]}, {"448c91f0fb1286358f67be633001f3f9": ["20", "jp.gr.java_conf.hatalab.mnv.SelectDirName"]}, {"5d3aca3c5a24d7fb94ac81e0f1d061b0": ["37", "jp.gr.java_conf.hatalab.mnv.SelectDirName"]}, {"746d0118eb0493305193015a68005da7": ["18", "jp.gr.java_conf.hatalab.mnv.Settings"]}, {"82d68b58f2c4ac8332b75d4dfc53a4ec": ["38", "jp.gr.java_conf.hatalab.mnv.Settings"]}, {"55cd1053198ad3b0ef7cf3efc9bf1c0b": ["36", "jp.gr.java_conf.hatalab.mnv.SelectDirName"]}, {"aaeb37d302ea3c2106c0d0197c697e45": ["25", "jp.gr.java_conf.hatalab.mnv.Settings"]}, {"aaeb37d302ea3c2106c0d0197c697e45": ["25", "jp.gr.java_conf.hatalab.mnv.Settings"]}, {"9bb4edb2537ac1ea2f65d5a019cebbab": ["39", "jp.gr.java_conf.hatalab.mnv.SettingAutoLink"]}, {"9bb4edb2537ac1ea2f65d5a019cebbab": ["39", "jp.gr.java_conf.hatalab.mnv.SettingAutoLink"]}, {"9bb4edb2537ac1ea2f65d5a019cebbab": ["39", "jp.gr.java_conf.hatalab.mnv.SettingAutoLink"]}, {"9bb4edb2537ac1ea2f65d5a019cebbab": ["39", "jp.gr.java_conf.hatalab.mnv.SettingAutoLink"]}, {"9bb4edb2537ac1ea2f65d5a019cebbab": ["39", "jp.gr.java_conf.hatalab.mnv.SettingAutoLink"]}, {"9bb4edb2537ac1ea2f65d5a019cebbab": ["39", "jp.gr.java_conf.hatalab.mnv.SettingAutoLink"]}, {"9bb4edb2537ac1ea2f65d5a019cebbab": ["39", "jp.gr.java_conf.hatalab.mnv.SettingAutoLink"]}, {"9bb4edb2537ac1ea2f65d5a019cebbab": ["39", "jp.gr.java_conf.hatalab.mnv.SettingAutoLink"]}, {"9bb4edb2537ac1ea2f65d5a019cebbab": ["39", "jp.gr.java_conf.hatalab.mnv.SettingAutoLink"]}, {"9bb4edb2537ac1ea2f65d5a019cebbab": ["39", "jp.gr.java_conf.hatalab.mnv.SettingAutoLink"]}, {"9bb4edb2537ac1ea2f65d5a019cebbab": ["39", "jp.gr.java_conf.hatalab.mnv.SettingAutoLink"]}, {"9bb4edb2537ac1ea2f65d5a019cebbab": ["39", "jp.gr.java_conf.hatalab.mnv.SettingAutoLink"]}, {"9bb4edb2537ac1ea2f65d5a019cebbab": ["39", "jp.gr.java_conf.hatalab.mnv.SettingAutoLink"]}, {"9bb4edb2537ac1ea2f65d5a019cebbab": ["39", "jp.gr.java_conf.hatalab.mnv.SettingAutoLink"]}, {"9bb4edb2537ac1ea2f65d5a019cebbab": ["39", "jp.gr.java_conf.hatalab.mnv.SettingAutoLink"]}, {"9bb4edb2537ac1ea2f65d5a019cebbab": ["39", "jp.gr.java_conf.hatalab.mnv.SettingAutoLink"]}, {"9bb4edb2537ac1ea2f65d5a019cebbab": ["39", "jp.gr.java_conf.hatalab.mnv.SettingAutoLink"]}, {"9bb4edb2537ac1ea2f65d5a019cebbab": ["39", "jp.gr.java_conf.hatalab.mnv.SettingAutoLink"]}, {"9bb4edb2537ac1ea2f65d5a019cebbab": ["39", "jp.gr.java_conf.hatalab.mnv.SettingAutoLink"]}, {"9bb4edb2537ac1ea2f65d5a019cebbab": ["39", "jp.gr.java_conf.hatalab.mnv.SettingAutoLink"]}, {"9bb4edb2537ac1ea2f65d5a019cebbab": ["39", "jp.gr.java_conf.hatalab.mnv.SettingAutoLink"]}, {"9bb4edb2537ac1ea2f65d5a019cebbab": ["39", "jp.gr.java_conf.hatalab.mnv.SettingAutoLink"]}, {"9bb4edb2537ac1ea2f65d5a019cebbab": ["39", "jp.gr.java_conf.hatalab.mnv.SettingAutoLink"]}, {"9bb4edb2537ac1ea2f65d5a019cebbab": ["39", "jp.gr.java_conf.hatalab.mnv.SettingAutoLink"]}, {"9bb4edb2537ac1ea2f65d5a019cebbab": ["39", "jp.gr.java_conf.hatalab.mnv.SettingAutoLink"]}, {"9bb4edb2537ac1ea2f65d5a019cebbab": ["39", "jp.gr.java_conf.hatalab.mnv.SettingAutoLink"]}, {"9bb4edb2537ac1ea2f65d5a019cebbab": ["39", "jp.gr.java_conf.hatalab.mnv.SettingAutoLink"]}, {"9bb4edb2537ac1ea2f65d5a019cebbab": ["39", "jp.gr.java_conf.hatalab.mnv.SettingAutoLink"]}, {"9bb4edb2537ac1ea2f65d5a019cebbab": ["39", "jp.gr.java_conf.hatalab.mnv.SettingAutoLink"]}, {"9bb4edb2537ac1ea2f65d5a019cebbab": ["39", "jp.gr.java_conf.hatalab.mnv.SettingAutoLink"]}, {"9bb4edb2537ac1ea2f65d5a019cebbab": ["39", "jp.gr.java_conf.hatalab.mnv.SettingAutoLink"]}, {"9bb4edb2537ac1ea2f65d5a019cebbab": ["39", "jp.gr.java_conf.hatalab.mnv.SettingAutoLink"]}, {"9bb4edb2537ac1ea2f65d5a019cebbab": ["39", "jp.gr.java_conf.hatalab.mnv.SettingAutoLink"]}, {"9bb4edb2537ac1ea2f65d5a019cebbab": ["39", "jp.gr.java_conf.hatalab.mnv.SettingAutoLink"]}, {"9bb4edb2537ac1ea2f65d5a019cebbab": ["39", "jp.gr.java_conf.hatalab.mnv.SettingAutoLink"]}, {"9bb4edb2537ac1ea2f65d5a019cebbab": ["39", "jp.gr.java_conf.hatalab.mnv.SettingAutoLink"]}, {"9bb4edb2537ac1ea2f65d5a019cebbab": ["39", "jp.gr.java_conf.hatalab.mnv.SettingAutoLink"]}, {"9bb4edb2537ac1ea2f65d5a019cebbab": ["39", "jp.gr.java_conf.hatalab.mnv.SettingAutoLink"]}, {"9bb4edb2537ac1ea2f65d5a019cebbab": ["39", "jp.gr.java_conf.hatalab.mnv.SettingAutoLink"]}, {"9bb4edb2537ac1ea2f65d5a019cebbab": ["39", "jp.gr.java_conf.hatalab.mnv.SettingAutoLink"]}, {"9bb4edb2537ac1ea2f65d5a019cebbab": ["39", "jp.gr.java_conf.hatalab.mnv.SettingAutoLink"]}, {"9bb4edb2537ac1ea2f65d5a019cebbab": ["39", "jp.gr.java_conf.hatalab.mnv.SettingAutoLink"]}, {"9bb4edb2537ac1ea2f65d5a019cebbab": ["39", "jp.gr.java_conf.hatalab.mnv.SettingAutoLink"]}, {"9bb4edb2537ac1ea2f65d5a019cebbab": ["39", "jp.gr.java_conf.hatalab.mnv.SettingAutoLink"]}, {"9bb4edb2537ac1ea2f65d5a019cebbab": ["39", "jp.gr.java_conf.hatalab.mnv.SettingAutoLink"]}, {"9bb4edb2537ac1ea2f65d5a019cebbab": ["39", "jp.gr.java_conf.hatalab.mnv.SettingAutoLink"]}, {"9bb4edb2537ac1ea2f65d5a019cebbab": ["39", "jp.gr.java_conf.hatalab.mnv.SettingAutoLink"]}, {"9bb4edb2537ac1ea2f65d5a019cebbab": ["39", "jp.gr.java_conf.hatalab.mnv.SettingAutoLink"]}, {"9bb4edb2537ac1ea2f65d5a019cebbab": ["39", "jp.gr.java_conf.hatalab.mnv.SettingAutoLink"]}, {"9bb4edb2537ac1ea2f65d5a019cebbab": ["39", "jp.gr.java_conf.hatalab.mnv.SettingAutoLink"]}, {"9bb4edb2537ac1ea2f65d5a019cebbab": ["39", "jp.gr.java_conf.hatalab.mnv.SettingAutoLink"]}, {"9bb4edb2537ac1ea2f65d5a019cebbab": ["39", "jp.gr.java_conf.hatalab.mnv.SettingAutoLink"]}, {"9bb4edb2537ac1ea2f65d5a019cebbab": ["39", "jp.gr.java_conf.hatalab.mnv.SettingAutoLink"]}, {"9bb4edb2537ac1ea2f65d5a019cebbab": ["39", "jp.gr.java_conf.hatalab.mnv.SettingAutoLink"]}, {"9bb4edb2537ac1ea2f65d5a019cebbab": ["39", "jp.gr.java_conf.hatalab.mnv.SettingAutoLink"]}, {"9bb4edb2537ac1ea2f65d5a019cebbab": ["39", "jp.gr.java_conf.hatalab.mnv.SettingAutoLink"]}, {"9bb4edb2537ac1ea2f65d5a019cebbab": ["39", "jp.gr.java_conf.hatalab.mnv.SettingAutoLink"]}, {"aaeb37d302ea3c2106c0d0197c697e45": ["25", "jp.gr.java_conf.hatalab.mnv.Settings"]}, {"9bb4edb2537ac1ea2f65d5a019cebbab": ["39", "jp.gr.java_conf.hatalab.mnv.SettingAutoLink"]}, {"9bb4edb2537ac1ea2f65d5a019cebbab": ["39", "jp.gr.java_conf.hatalab.mnv.SettingAutoLink"]}, {"9bb4edb2537ac1ea2f65d5a019cebbab": ["39", "jp.gr.java_conf.hatalab.mnv.SettingAutoLink"]}, {"9bb4edb2537ac1ea2f65d5a019cebbab": ["39", "jp.gr.java_conf.hatalab.mnv.SettingAutoLink"]}, {"9bb4edb2537ac1ea2f65d5a019cebbab": ["39", "jp.gr.java_conf.hatalab.mnv.SettingAutoLink"]}, {"9bb4edb2537ac1ea2f65d5a019cebbab": ["39", "jp.gr.java_conf.hatalab.mnv.SettingAutoLink"]}, {"9bb4edb2537ac1ea2f65d5a019cebbab": ["39", "jp.gr.java_conf.hatalab.mnv.SettingAutoLink"]}, {"9bb4edb2537ac1ea2f65d5a019cebbab": ["39", "jp.gr.java_conf.hatalab.mnv.SettingAutoLink"]}, {"9bb4edb2537ac1ea2f65d5a019cebbab": ["39", "jp.gr.java_conf.hatalab.mnv.SettingAutoLink"]}, {"9bb4edb2537ac1ea2f65d5a019cebbab": ["39", "jp.gr.java_conf.hatalab.mnv.SettingAutoLink"]}, {"9bb4edb2537ac1ea2f65d5a019cebbab": ["39", "jp.gr.java_conf.hatalab.mnv.SettingAutoLink"]}, {"9bb4edb2537ac1ea2f65d5a019cebbab": ["39", "jp.gr.java_conf.hatalab.mnv.SettingAutoLink"]}, {"9bb4edb2537ac1ea2f65d5a019cebbab": ["39", "jp.gr.java_conf.hatalab.mnv.SettingAutoLink"]}, {"9bb4edb2537ac1ea2f65d5a019cebbab": ["39", "jp.gr.java_conf.hatalab.mnv.SettingAutoLink"]}, {"9bb4edb2537ac1ea2f65d5a019cebbab": ["39", "jp.gr.java_conf.hatalab.mnv.SettingAutoLink"]}, {"9bb4edb2537ac1ea2f65d5a019cebbab": ["39", "jp.gr.java_conf.hatalab.mnv.SettingAutoLink"]}, {"9bb4edb2537ac1ea2f65d5a019cebbab": ["39", "jp.gr.java_conf.hatalab.mnv.SettingAutoLink"]}, {"9bb4edb2537ac1ea2f65d5a019cebbab": ["39", "jp.gr.java_conf.hatalab.mnv.SettingAutoLink"]}, {"9bb4edb2537ac1ea2f65d5a019cebbab": ["39", "jp.gr.java_conf.hatalab.mnv.SettingAutoLink"]}, {"9bb4edb2537ac1ea2f65d5a019cebbab": ["39", "jp.gr.java_conf.hatalab.mnv.SettingAutoLink"]}, {"9bb4edb2537ac1ea2f65d5a019cebbab": ["39", "jp.gr.java_conf.hatalab.mnv.SettingAutoLink"]}, {"9bb4edb2537ac1ea2f65d5a019cebbab": ["39", "jp.gr.java_conf.hatalab.mnv.SettingAutoLink"]}, {"9bb4edb2537ac1ea2f65d5a019cebbab": ["39", "jp.gr.java_conf.hatalab.mnv.SettingAutoLink"]}, {"9bb4edb2537ac1ea2f65d5a019cebbab": ["39", "jp.gr.java_conf.hatalab.mnv.SettingAutoLink"]}, {"9bb4edb2537ac1ea2f65d5a019cebbab": ["39", "jp.gr.java_conf.hatalab.mnv.SettingAutoLink"]}, {"9bb4edb2537ac1ea2f65d5a019cebbab": ["39", "jp.gr.java_conf.hatalab.mnv.SettingAutoLink"]}, {"9bb4edb2537ac1ea2f65d5a019cebbab": ["39", "jp.gr.java_conf.hatalab.mnv.SettingAutoLink"]}, {"9bb4edb2537ac1ea2f65d5a019cebbab": ["39", "jp.gr.java_conf.hatalab.mnv.SettingAutoLink"]}, {"9bb4edb2537ac1ea2f65d5a019cebbab": ["39", "jp.gr.java_conf.hatalab.mnv.SettingAutoLink"]}, {"aaeb37d302ea3c2106c0d0197c697e45": ["25", "jp.gr.java_conf.hatalab.mnv.Settings"]}, {"aaeb37d302ea3c2106c0d0197c697e45": ["25", "jp.gr.java_conf.hatalab.mnv.Settings"]}, {"aaeb37d302ea3c2106c0d0197c697e45": ["25", "jp.gr.java_conf.hatalab.mnv.Settings"]}, {"aaeb37d302ea3c2106c0d0197c697e45": ["25", "jp.gr.java_conf.hatalab.mnv.Settings"]}, {"aaeb37d302ea3c2106c0d0197c697e45": ["25", "jp.gr.java_conf.hatalab.mnv.Settings"]}, {"aaeb37d302ea3c2106c0d0197c697e45": ["25", "jp.gr.java_conf.hatalab.mnv.Settings"]}, {"746d0118eb0493305193015a68005da7": ["18", "jp.gr.java_conf.hatalab.mnv.Settings"]}, {"746d0118eb0493305193015a68005da7": ["18", "jp.gr.java_conf.hatalab.mnv.Settings"]}, {"746d0118eb0493305193015a68005da7": ["18", "jp.gr.java_conf.hatalab.mnv.Settings"]}, {"a05247f56d75e9131feeaeda28a4ac54": ["19", "jp.gr.java_conf.hatalab.mnv.Settings"]}, {"aaeb37d302ea3c2106c0d0197c697e45": ["25", "jp.gr.java_conf.hatalab.mnv.Settings"]}, {"aaeb37d302ea3c2106c0d0197c697e45": ["25", "jp.gr.java_conf.hatalab.mnv.Settings"]}, {"af9620ab2859afa9fe2253a2ca923f01": ["40", "jp.gr.java_conf.hatalab.mnv.MainActivity"]}, {"af9620ab2859afa9fe2253a2ca923f01": ["40", "jp.gr.java_conf.hatalab.mnv.MainActivity"]}, {"af9620ab2859afa9fe2253a2ca923f01": ["40", "jp.gr.java_conf.hatalab.mnv.MainActivity"]}, {"af9620ab2859afa9fe2253a2ca923f01": ["40", "jp.gr.java_conf.hatalab.mnv.MainActivity"]}, {"a605b2168ae38210455cd4f8d78a3a0f": ["41", "jp.gr.java_conf.hatalab.mnv.GrepActivity"]}, {"a605b2168ae38210455cd4f8d78a3a0f": ["41", "jp.gr.java_conf.hatalab.mnv.GrepActivity"]}, {"a605b2168ae38210455cd4f8d78a3a0f": ["41", "jp.gr.java_conf.hatalab.mnv.GrepActivity"]}, {"a605b2168ae38210455cd4f8d78a3a0f": ["41", "jp.gr.java_conf.hatalab.mnv.GrepActivity"]}, {"a605b2168ae38210455cd4f8d78a3a0f": ["41", "jp.gr.java_conf.hatalab.mnv.GrepActivity"]}, {"a605b2168ae38210455cd4f8d78a3a0f": ["41", "jp.gr.java_conf.hatalab.mnv.GrepActivity"]}, {"a605b2168ae38210455cd4f8d78a3a0f": ["41", "jp.gr.java_conf.hatalab.mnv.GrepActivity"]}, {"a605b2168ae38210455cd4f8d78a3a0f": ["41", "jp.gr.java_conf.hatalab.mnv.GrepActivity"]}, {"a605b2168ae38210455cd4f8d78a3a0f": ["41", "jp.gr.java_conf.hatalab.mnv.GrepActivity"]}, {"a605b2168ae38210455cd4f8d78a3a0f": ["41", "jp.gr.java_conf.hatalab.mnv.GrepActivity"]}, {"a605b2168ae38210455cd4f8d78a3a0f": ["41", "jp.gr.java_conf.hatalab.mnv.GrepActivity"]}, {"af9620ab2859afa9fe2253a2ca923f01": ["40", "jp.gr.java_conf.hatalab.mnv.MainActivity"]}, {"af9620ab2859afa9fe2253a2ca923f01": ["40", "jp.gr.java_conf.hatalab.mnv.MainActivity"]}, {"af9620ab2859afa9fe2253a2ca923f01": ["40", "jp.gr.java_conf.hatalab.mnv.MainActivity"]}, {"af9620ab2859afa9fe2253a2ca923f01": ["40", "jp.gr.java_conf.hatalab.mnv.MainActivity"]}, {"af9620ab2859afa9fe2253a2ca923f01": ["40", "jp.gr.java_conf.hatalab.mnv.MainActivity"]}, {"af9620ab2859afa9fe2253a2ca923f01": ["40", "jp.gr.java_conf.hatalab.mnv.MainActivity"]}, {"af9620ab2859afa9fe2253a2ca923f01": ["40", "jp.gr.java_conf.hatalab.mnv.MainActivity"]}, {"af9620ab2859afa9fe2253a2ca923f01": ["40", "jp.gr.java_conf.hatalab.mnv.MainActivity"]}, {"af9620ab2859afa9fe2253a2ca923f01": ["40", "jp.gr.java_conf.hatalab.mnv.MainActivity"]}, {"af9620ab2859afa9fe2253a2ca923f01": ["40", "jp.gr.java_conf.hatalab.mnv.MainActivity"]}, {"af9620ab2859afa9fe2253a2ca923f01": ["40", "jp.gr.java_conf.hatalab.mnv.MainActivity"]}, {"af9620ab2859afa9fe2253a2ca923f01": ["40", "jp.gr.java_conf.hatalab.mnv.MainActivity"]}, {"af9620ab2859afa9fe2253a2ca923f01": ["40", "jp.gr.java_conf.hatalab.mnv.MainActivity"]}, {"af9620ab2859afa9fe2253a2ca923f01": ["40", "jp.gr.java_conf.hatalab.mnv.MainActivity"]}, {"af9620ab2859afa9fe2253a2ca923f01": ["40", "jp.gr.java_conf.hatalab.mnv.MainActivity"]}, {"af9620ab2859afa9fe2253a2ca923f01": ["40", "jp.gr.java_conf.hatalab.mnv.MainActivity"]}, {"af9620ab2859afa9fe2253a2ca923f01": ["40", "jp.gr.java_conf.hatalab.mnv.MainActivity"]}, {"af9620ab2859afa9fe2253a2ca923f01": ["40", "jp.gr.java_conf.hatalab.mnv.MainActivity"]}, {"af9620ab2859afa9fe2253a2ca923f01": ["40", "jp.gr.java_conf.hatalab.mnv.MainActivity"]}, {"af9620ab2859afa9fe2253a2ca923f01": ["40", "jp.gr.java_conf.hatalab.mnv.MainActivity"]}, {"af9620ab2859afa9fe2253a2ca923f01": ["40", "jp.gr.java_conf.hatalab.mnv.MainActivity"]}, {"af9620ab2859afa9fe2253a2ca923f01": ["40", "jp.gr.java_conf.hatalab.mnv.MainActivity"]}, {"af9620ab2859afa9fe2253a2ca923f01": ["40", "jp.gr.java_conf.hatalab.mnv.MainActivity"]}, {"af9620ab2859afa9fe2253a2ca923f01": ["40", "jp.gr.java_conf.hatalab.mnv.MainActivity"]}, {"af9620ab2859afa9fe2253a2ca923f01": ["40", "jp.gr.java_conf.hatalab.mnv.MainActivity"]}, {"af9620ab2859afa9fe2253a2ca923f01": ["40", "jp.gr.java_conf.hatalab.mnv.MainActivity"]}, {"af9620ab2859afa9fe2253a2ca923f01": ["40", "jp.gr.java_conf.hatalab.mnv.MainActivity"]}, {"af9620ab2859afa9fe2253a2ca923f01": ["40", "jp.gr.java_conf.hatalab.mnv.MainActivity"]}, {"af9620ab2859afa9fe2253a2ca923f01": ["40", "jp.gr.java_conf.hatalab.mnv.MainActivity"]}, {"4c9c09cd15823fa86789b66647c2d3c8": ["42", "jp.gr.java_conf.hatalab.mnv.GrepActivity"]}, {"4c9c09cd15823fa86789b66647c2d3c8": ["42", "jp.gr.java_conf.hatalab.mnv.GrepActivity"]}, {"a605b2168ae38210455cd4f8d78a3a0f": ["41", "jp.gr.java_conf.hatalab.mnv.GrepActivity"]}, {"a605b2168ae38210455cd4f8d78a3a0f": ["41", "jp.gr.java_conf.hatalab.mnv.GrepActivity"]}, {"a605b2168ae38210455cd4f8d78a3a0f": ["41", "jp.gr.java_conf.hatalab.mnv.GrepActivity"]}, {"a605b2168ae38210455cd4f8d78a3a0f": ["41", "jp.gr.java_conf.hatalab.mnv.GrepActivity"]}, {"a605b2168ae38210455cd4f8d78a3a0f": ["41", "jp.gr.java_conf.hatalab.mnv.GrepActivity"]}, {"a605b2168ae38210455cd4f8d78a3a0f": ["41", "jp.gr.java_conf.hatalab.mnv.GrepActivity"]}, {"a605b2168ae38210455cd4f8d78a3a0f": ["41", "jp.gr.java_conf.hatalab.mnv.GrepActivity"]}, {"a605b2168ae38210455cd4f8d78a3a0f": ["41", "jp.gr.java_conf.hatalab.mnv.GrepActivity"]}, {"a605b2168ae38210455cd4f8d78a3a0f": ["41", "jp.gr.java_conf.hatalab.mnv.GrepActivity"]}, {"af9620ab2859afa9fe2253a2ca923f01": ["40", "jp.gr.java_conf.hatalab.mnv.MainActivity"]}, {"af9620ab2859afa9fe2253a2ca923f01": ["40", "jp.gr.java_conf.hatalab.mnv.MainActivity"]}, {"af9620ab2859afa9fe2253a2ca923f01": ["40", "jp.gr.java_conf.hatalab.mnv.MainActivity"]}, {"af9620ab2859afa9fe2253a2ca923f01": ["40", "jp.gr.java_conf.hatalab.mnv.MainActivity"]}, {"af9620ab2859afa9fe2253a2ca923f01": ["40", "jp.gr.java_conf.hatalab.mnv.MainActivity"]}, {"af9620ab2859afa9fe2253a2ca923f01": ["40", "jp.gr.java_conf.hatalab.mnv.MainActivity"]}, {"af9620ab2859afa9fe2253a2ca923f01": ["40", "jp.gr.java_conf.hatalab.mnv.MainActivity"]}, {"af9620ab2859afa9fe2253a2ca923f01": ["40", "jp.gr.java_conf.hatalab.mnv.MainActivity"]}, {"14a1092fa095d6aab3a8cb727faf8e27": ["43", "jp.gr.java_conf.hatalab.mnv.TextEdit"]}, {"14a1092fa095d6aab3a8cb727faf8e27": ["43", "jp.gr.java_conf.hatalab.mnv.TextEdit"]}, {"14a1092fa095d6aab3a8cb727faf8e27": ["43", "jp.gr.java_conf.hatalab.mnv.TextEdit"]}, {"14a1092fa095d6aab3a8cb727faf8e27": ["43", "jp.gr.java_conf.hatalab.mnv.TextEdit"]}, {"af9620ab2859afa9fe2253a2ca923f01": ["40", "jp.gr.java_conf.hatalab.mnv.MainActivity"]}, {"af9620ab2859afa9fe2253a2ca923f01": ["40", "jp.gr.java_conf.hatalab.mnv.MainActivity"]}, {"af9620ab2859afa9fe2253a2ca923f01": ["40", "jp.gr.java_conf.hatalab.mnv.MainActivity"]}, {"af9620ab2859afa9fe2253a2ca923f01": ["40", "jp.gr.java_conf.hatalab.mnv.MainActivity"]}, {"af9620ab2859afa9fe2253a2ca923f01": ["40", "jp.gr.java_conf.hatalab.mnv.MainActivity"]}, {"af9620ab2859afa9fe2253a2ca923f01": ["40", "jp.gr.java_conf.hatalab.mnv.MainActivity"]}, {"af9620ab2859afa9fe2253a2ca923f01": ["40", "jp.gr.java_conf.hatalab.mnv.MainActivity"]}, {"af9620ab2859afa9fe2253a2ca923f01": ["40", "jp.gr.java_conf.hatalab.mnv.MainActivity"]}, {"af9620ab2859afa9fe2253a2ca923f01": ["40", "jp.gr.java_conf.hatalab.mnv.MainActivity"]}, {"af9620ab2859afa9fe2253a2ca923f01": ["40", "jp.gr.java_conf.hatalab.mnv.MainActivity"]}, {"af9620ab2859afa9fe2253a2ca923f01": ["40", "jp.gr.java_conf.hatalab.mnv.MainActivity"]}, {"af9620ab2859afa9fe2253a2ca923f01": ["40", "jp.gr.java_conf.hatalab.mnv.MainActivity"]}, {"14a1092fa095d6aab3a8cb727faf8e27": ["43", "jp.gr.java_conf.hatalab.mnv.TextEdit"]}, {"14a1092fa095d6aab3a8cb727faf8e27": ["43", "jp.gr.java_conf.hatalab.mnv.TextEdit"]}, {"14a1092fa095d6aab3a8cb727faf8e27": ["43", "jp.gr.java_conf.hatalab.mnv.TextEdit"]}, {"14a1092fa095d6aab3a8cb727faf8e27": ["43", "jp.gr.java_conf.hatalab.mnv.TextEdit"]}, {"14a1092fa095d6aab3a8cb727faf8e27": ["43", "jp.gr.java_conf.hatalab.mnv.TextEdit"]}, {"14a1092fa095d6aab3a8cb727faf8e27": ["43", "jp.gr.java_conf.hatalab.mnv.TextEdit"]}, {"14a1092fa095d6aab3a8cb727faf8e27": ["43", "jp.gr.java_conf.hatalab.mnv.TextEdit"]}, {"14a1092fa095d6aab3a8cb727faf8e27": ["43", "jp.gr.java_conf.hatalab.mnv.TextEdit"]}, {"14a1092fa095d6aab3a8cb727faf8e27": ["43", "jp.gr.java_conf.hatalab.mnv.TextEdit"]}, {"14a1092fa095d6aab3a8cb727faf8e27": ["43", "jp.gr.java_conf.hatalab.mnv.TextEdit"]}, {"14a1092fa095d6aab3a8cb727faf8e27": ["43", "jp.gr.java_conf.hatalab.mnv.TextEdit"]}, {"14a1092fa095d6aab3a8cb727faf8e27": ["43", "jp.gr.java_conf.hatalab.mnv.TextEdit"]}, {"14a1092fa095d6aab3a8cb727faf8e27": ["43", "jp.gr.java_conf.hatalab.mnv.TextEdit"]}, {"461e4f9f2c0f09e9f97ac51404b09681": ["17", "jp.gr.java_conf.hatalab.mnv.MainActivity"]}, {"422da4a6aa02b2b25f28e1c1dc9dc72d": ["7", "jp.gr.java_conf.hatalab.mnv.MainActivity"]}, {"a605b2168ae38210455cd4f8d78a3a0f": ["41", "jp.gr.java_conf.hatalab.mnv.GrepActivity"]}, {"a605b2168ae38210455cd4f8d78a3a0f": ["41", "jp.gr.java_conf.hatalab.mnv.GrepActivity"]}, {"a605b2168ae38210455cd4f8d78a3a0f": ["41", "jp.gr.java_conf.hatalab.mnv.GrepActivity"]}, {"a605b2168ae38210455cd4f8d78a3a0f": ["41", "jp.gr.java_conf.hatalab.mnv.GrepActivity"]}, {"a605b2168ae38210455cd4f8d78a3a0f": ["41", "jp.gr.java_conf.hatalab.mnv.GrepActivity"]}, {"a605b2168ae38210455cd4f8d78a3a0f": ["41", "jp.gr.java_conf.hatalab.mnv.GrepActivity"]}, {"a605b2168ae38210455cd4f8d78a3a0f": ["41", "jp.gr.java_conf.hatalab.mnv.GrepActivity"]}, {"a605b2168ae38210455cd4f8d78a3a0f": ["41", "jp.gr.java_conf.hatalab.mnv.GrepActivity"]}, {"422da4a6aa02b2b25f28e1c1dc9dc72d": ["7", "jp.gr.java_conf.hatalab.mnv.MainActivity"]}, {"af9620ab2859afa9fe2253a2ca923f01": ["40", "jp.gr.java_conf.hatalab.mnv.MainActivity"]}, {"af9620ab2859afa9fe2253a2ca923f01": ["40", "jp.gr.java_conf.hatalab.mnv.MainActivity"]}, {"af9620ab2859afa9fe2253a2ca923f01": ["40", "jp.gr.java_conf.hatalab.mnv.MainActivity"]}, {"422da4a6aa02b2b25f28e1c1dc9dc72d": ["7", "jp.gr.java_conf.hatalab.mnv.MainActivity"]}, {"af9620ab2859afa9fe2253a2ca923f01": ["40", "jp.gr.java_conf.hatalab.mnv.MainActivity"]}, {"af9620ab2859afa9fe2253a2ca923f01": ["40", "jp.gr.java_conf.hatalab.mnv.MainActivity"]}, {"af9620ab2859afa9fe2253a2ca923f01": ["40", "jp.gr.java_conf.hatalab.mnv.MainActivity"]}, {"af9620ab2859afa9fe2253a2ca923f01": ["40", "jp.gr.java_conf.hatalab.mnv.MainActivity"]}, {"af9620ab2859afa9fe2253a2ca923f01": ["40", "jp.gr.java_conf.hatalab.mnv.MainActivity"]}, {"af9620ab2859afa9fe2253a2ca923f01": ["40", "jp.gr.java_conf.hatalab.mnv.MainActivity"]}, {"af9620ab2859afa9fe2253a2ca923f01": ["40", "jp.gr.java_conf.hatalab.mnv.MainActivity"]}, {"249a6581dea267718e37a0d1d2ef8ea5": ["44", "jp.gr.java_conf.hatalab.mnv.MainActivity"]}, {"06a702643c6a98f6003fdd760ecabfe4": ["45", "jp.gr.java_conf.hatalab.mnv.SelectFileName"]}, {"06a702643c6a98f6003fdd760ecabfe4": ["45", "jp.gr.java_conf.hatalab.mnv.SelectFileName"]}, {"06a702643c6a98f6003fdd760ecabfe4": ["45", "jp.gr.java_conf.hatalab.mnv.SelectFileName"]}, {"06a702643c6a98f6003fdd760ecabfe4": ["45", "jp.gr.java_conf.hatalab.mnv.SelectFileName"]}, {"06a702643c6a98f6003fdd760ecabfe4": ["45", "jp.gr.java_conf.hatalab.mnv.SelectFileName"]}, {"af9620ab2859afa9fe2253a2ca923f01": ["40", "jp.gr.java_conf.hatalab.mnv.MainActivity"]}, {"af9620ab2859afa9fe2253a2ca923f01": ["40", "jp.gr.java_conf.hatalab.mnv.MainActivity"]}, {"af9620ab2859afa9fe2253a2ca923f01": ["40", "jp.gr.java_conf.hatalab.mnv.MainActivity"]}, {"af9620ab2859afa9fe2253a2ca923f01": ["40", "jp.gr.java_conf.hatalab.mnv.MainActivity"]}, {"af9620ab2859afa9fe2253a2ca923f01": ["40", "jp.gr.java_conf.hatalab.mnv.MainActivity"]}, {"af9620ab2859afa9fe2253a2ca923f01": ["40", "jp.gr.java_conf.hatalab.mnv.MainActivity"]}, {"af9620ab2859afa9fe2253a2ca923f01": ["40", "jp.gr.java_conf.hatalab.mnv.MainActivity"]}, {"af9620ab2859afa9fe2253a2ca923f01": ["40", "jp.gr.java_conf.hatalab.mnv.MainActivity"]}, {"af9620ab2859afa9fe2253a2ca923f01": ["40", "jp.gr.java_conf.hatalab.mnv.MainActivity"]}, {"82331d028fbdd6c521c00da710f23daf": ["0", "jp.gr.java_conf.hatalab.mnv.MainActivity"]}, {"cc36ef42f5e41252844b325cbf856f77": ["46", "jp.gr.java_conf.hatalab.mnv.MainActivity"]}, {"af9620ab2859afa9fe2253a2ca923f01": ["40", "jp.gr.java_conf.hatalab.mnv.MainActivity"]}, {"82331d028fbdd6c521c00da710f23daf": ["0", "jp.gr.java_conf.hatalab.mnv.MainActivity"]}, {"af9620ab2859afa9fe2253a2ca923f01": ["40", "jp.gr.java_conf.hatalab.mnv.MainActivity"]}, {"af9620ab2859afa9fe2253a2ca923f01": ["40", "jp.gr.java_conf.hatalab.mnv.MainActivity"]}, {"14a1092fa095d6aab3a8cb727faf8e27": ["43", "jp.gr.java_conf.hatalab.mnv.TextEdit"]}, {"14a1092fa095d6aab3a8cb727faf8e27": ["43", "jp.gr.java_conf.hatalab.mnv.TextEdit"]}, {"14a1092fa095d6aab3a8cb727faf8e27": ["43", "jp.gr.java_conf.hatalab.mnv.TextEdit"]}, {"14a1092fa095d6aab3a8cb727faf8e27": ["43", "jp.gr.java_conf.hatalab.mnv.TextEdit"]}, {"14a1092fa095d6aab3a8cb727faf8e27": ["43", "jp.gr.java_conf.hatalab.mnv.TextEdit"]}, {"14a1092fa095d6aab3a8cb727faf8e27": ["43", "jp.gr.java_conf.hatalab.mnv.TextEdit"]}, {"14a1092fa095d6aab3a8cb727faf8e27": ["43", "jp.gr.java_conf.hatalab.mnv.TextEdit"]}, {"af9620ab2859afa9fe2253a2ca923f01": ["40", "jp.gr.java_conf.hatalab.mnv.MainActivity"]}, {"573e5072875fcf3fa465d0f111360a4f": ["1", "jp.gr.java_conf.hatalab.mnv.MainActivity"]}, {"af9620ab2859afa9fe2253a2ca923f01": ["40", "jp.gr.java_conf.hatalab.mnv.MainActivity"]}, {"af9620ab2859afa9fe2253a2ca923f01": ["40", "jp.gr.java_conf.hatalab.mnv.MainActivity"]}, {"af9620ab2859afa9fe2253a2ca923f01": ["40", "jp.gr.java_conf.hatalab.mnv.MainActivity"]}, {"af9620ab2859afa9fe2253a2ca923f01": ["40", "jp.gr.java_conf.hatalab.mnv.MainActivity"]}, {"af9620ab2859afa9fe2253a2ca923f01": ["40", "jp.gr.java_conf.hatalab.mnv.MainActivity"]}, {"af9620ab2859afa9fe2253a2ca923f01": ["40", "jp.gr.java_conf.hatalab.mnv.MainActivity"]}, {"573e5072875fcf3fa465d0f111360a4f": ["1", "jp.gr.java_conf.hatalab.mnv.MainActivity"]}, {"af9620ab2859afa9fe2253a2ca923f01": ["40", "jp.gr.java_conf.hatalab.mnv.MainActivity"]}, {"af9620ab2859afa9fe2253a2ca923f01": ["40", "jp.gr.java_conf.hatalab.mnv.MainActivity"]}, {"af9620ab2859afa9fe2253a2ca923f01": ["40", "jp.gr.java_conf.hatalab.mnv.MainActivity"]}, {"573e5072875fcf3fa465d0f111360a4f": ["1", "jp.gr.java_conf.hatalab.mnv.MainActivity"]}, {"af9620ab2859afa9fe2253a2ca923f01": ["40", "jp.gr.java_conf.hatalab.mnv.MainActivity"]}, {"af9620ab2859afa9fe2253a2ca923f01": ["40", "jp.gr.java_conf.hatalab.mnv.MainActivity"]}, {"af9620ab2859afa9fe2253a2ca923f01": ["40", "jp.gr.java_conf.hatalab.mnv.MainActivity"]}, {"af9620ab2859afa9fe2253a2ca923f01": ["40", "jp.gr.java_conf.hatalab.mnv.MainActivity"]}, {"bb8144d7818e17d9819b6d7c21d199b1": ["47", "jp.gr.java_conf.hatalab.mnv.MainActivity"]}, {"af9620ab2859afa9fe2253a2ca923f01": ["40", "jp.gr.java_conf.hatalab.mnv.MainActivity"]}, {"82331d028fbdd6c521c00da710f23daf": ["0", "jp.gr.java_conf.hatalab.mnv.MainActivity"]}, {"af9620ab2859afa9fe2253a2ca923f01": ["40", "jp.gr.java_conf.hatalab.mnv.MainActivity"]}, {"82331d028fbdd6c521c00da710f23daf": ["0", "jp.gr.java_conf.hatalab.mnv.MainActivity"]}, {"af9620ab2859afa9fe2253a2ca923f01": ["40", "jp.gr.java_conf.hatalab.mnv.MainActivity"]}, {"573e5072875fcf3fa465d0f111360a4f": ["1", "jp.gr.java_conf.hatalab.mnv.MainActivity"]}, {"af9620ab2859afa9fe2253a2ca923f01": ["40", "jp.gr.java_conf.hatalab.mnv.MainActivity"]}, {"14a1092fa095d6aab3a8cb727faf8e27": ["43", "jp.gr.java_conf.hatalab.mnv.TextEdit"]}, {"e8cb0b4e7515e90100c438d8903772ca": ["48", "jp.gr.java_conf.hatalab.mnv.TextEdit"]}, {"573e5072875fcf3fa465d0f111360a4f": ["1", "jp.gr.java_conf.hatalab.mnv.MainActivity"]}, {"af9620ab2859afa9fe2253a2ca923f01": ["40", "jp.gr.java_conf.hatalab.mnv.MainActivity"]}, {"af9620ab2859afa9fe2253a2ca923f01": ["40", "jp.gr.java_conf.hatalab.mnv.MainActivity"]}, {"af9620ab2859afa9fe2253a2ca923f01": ["40", "jp.gr.java_conf.hatalab.mnv.MainActivity"]}, {"af9620ab2859afa9fe2253a2ca923f01": ["40", "jp.gr.java_conf.hatalab.mnv.MainActivity"]}, {"af9620ab2859afa9fe2253a2ca923f01": ["40", "jp.gr.java_conf.hatalab.mnv.MainActivity"]}, {"af9620ab2859afa9fe2253a2ca923f01": ["40", "jp.gr.java_conf.hatalab.mnv.MainActivity"]}, {"af9620ab2859afa9fe2253a2ca923f01": ["40", "jp.gr.java_conf.hatalab.mnv.MainActivity"]}, {"af9620ab2859afa9fe2253a2ca923f01": ["40", "jp.gr.java_conf.hatalab.mnv.MainActivity"]}, {"af9620ab2859afa9fe2253a2ca923f01": ["40", "jp.gr.java_conf.hatalab.mnv.MainActivity"]}, {"af9620ab2859afa9fe2253a2ca923f01": ["40", "jp.gr.java_conf.hatalab.mnv.MainActivity"]}, {"573e5072875fcf3fa465d0f111360a4f": ["1", "jp.gr.java_conf.hatalab.mnv.MainActivity"]}, {"af9620ab2859afa9fe2253a2ca923f01": ["40", "jp.gr.java_conf.hatalab.mnv.MainActivity"]}, {"af9620ab2859afa9fe2253a2ca923f01": ["40", "jp.gr.java_conf.hatalab.mnv.MainActivity"]}, {"af9620ab2859afa9fe2253a2ca923f01": ["40", "jp.gr.java_conf.hatalab.mnv.MainActivity"]}, {"af9620ab2859afa9fe2253a2ca923f01": ["40", "jp.gr.java_conf.hatalab.mnv.MainActivity"]}, {"573e5072875fcf3fa465d0f111360a4f": ["1", "jp.gr.java_conf.hatalab.mnv.MainActivity"]}, {"746d0118eb0493305193015a68005da7": ["18", "jp.gr.java_conf.hatalab.mnv.Settings"]}, {"55cd1053198ad3b0ef7cf3efc9bf1c0b": ["36", "jp.gr.java_conf.hatalab.mnv.SelectDirName"]}, {"746d0118eb0493305193015a68005da7": ["18", "jp.gr.java_conf.hatalab.mnv.Settings"]}, {"746d0118eb0493305193015a68005da7": ["18", "jp.gr.java_conf.hatalab.mnv.Settings"]}, {"47750acba33fc37523270e293051df5f": ["33", "jp.gr.java_conf.hatalab.mnv.Settings"]}, {"aaeb37d302ea3c2106c0d0197c697e45": ["25", "jp.gr.java_conf.hatalab.mnv.Settings"]}, {"fccbb3929a3ffb9362f00f28b50bdc06": ["26", "jp.gr.java_conf.hatalab.mnv.Settings"]}, {"aaeb37d302ea3c2106c0d0197c697e45": ["25", "jp.gr.java_conf.hatalab.mnv.Settings"]}, {"aaeb37d302ea3c2106c0d0197c697e45": ["25", "jp.gr.java_conf.hatalab.mnv.Settings"]}, {"aaeb37d302ea3c2106c0d0197c697e45": ["25", "jp.gr.java_conf.hatalab.mnv.Settings"]}, {"746d0118eb0493305193015a68005da7": ["18", "jp.gr.java_conf.hatalab.mnv.Settings"]}, {"55cd1053198ad3b0ef7cf3efc9bf1c0b": ["36", "jp.gr.java_conf.hatalab.mnv.SelectDirName"]}, {"746d0118eb0493305193015a68005da7": ["18", "jp.gr.java_conf.hatalab.mnv.Settings"]}, {"23a829576acdcd49ef41afb9b832149e": ["24", "jp.gr.java_conf.hatalab.mnv.Settings"]}, {"746d0118eb0493305193015a68005da7": ["18", "jp.gr.java_conf.hatalab.mnv.Settings"]}, {"23a829576acdcd49ef41afb9b832149e": ["24", "jp.gr.java_conf.hatalab.mnv.Settings"]}, {"aaeb37d302ea3c2106c0d0197c697e45": ["25", "jp.gr.java_conf.hatalab.mnv.Settings"]}, {"9bb4edb2537ac1ea2f65d5a019cebbab": ["39", "jp.gr.java_conf.hatalab.mnv.SettingAutoLink"]}, {"9bb4edb2537ac1ea2f65d5a019cebbab": ["39", "jp.gr.java_conf.hatalab.mnv.SettingAutoLink"]}, {"9bb4edb2537ac1ea2f65d5a019cebbab": ["39", "jp.gr.java_conf.hatalab.mnv.SettingAutoLink"]}, {"9bb4edb2537ac1ea2f65d5a019cebbab": ["39", "jp.gr.java_conf.hatalab.mnv.SettingAutoLink"]}, {"9bb4edb2537ac1ea2f65d5a019cebbab": ["39", "jp.gr.java_conf.hatalab.mnv.SettingAutoLink"]}, {"9bb4edb2537ac1ea2f65d5a019cebbab": ["39", "jp.gr.java_conf.hatalab.mnv.SettingAutoLink"]}, {"9bb4edb2537ac1ea2f65d5a019cebbab": ["39", "jp.gr.java_conf.hatalab.mnv.SettingAutoLink"]}, {"9bb4edb2537ac1ea2f65d5a019cebbab": ["39", "jp.gr.java_conf.hatalab.mnv.SettingAutoLink"]}, {"9bb4edb2537ac1ea2f65d5a019cebbab": ["39", "jp.gr.java_conf.hatalab.mnv.SettingAutoLink"]}, {"9bb4edb2537ac1ea2f65d5a019cebbab": ["39", "jp.gr.java_conf.hatalab.mnv.SettingAutoLink"]}, {"9bb4edb2537ac1ea2f65d5a019cebbab": ["39", "jp.gr.java_conf.hatalab.mnv.SettingAutoLink"]}, {"9bb4edb2537ac1ea2f65d5a019cebbab": ["39", "jp.gr.java_conf.hatalab.mnv.SettingAutoLink"]}, {"9bb4edb2537ac1ea2f65d5a019cebbab": ["39", "jp.gr.java_conf.hatalab.mnv.SettingAutoLink"]}, {"9bb4edb2537ac1ea2f65d5a019cebbab": ["39", "jp.gr.java_conf.hatalab.mnv.SettingAutoLink"]}, {"9bb4edb2537ac1ea2f65d5a019cebbab": ["39", "jp.gr.java_conf.hatalab.mnv.SettingAutoLink"]}, {"aaeb37d302ea3c2106c0d0197c697e45": ["25", "jp.gr.java_conf.hatalab.mnv.Settings"]}, {"9bb4edb2537ac1ea2f65d5a019cebbab": ["39", "jp.gr.java_conf.hatalab.mnv.SettingAutoLink"]}, {"9bb4edb2537ac1ea2f65d5a019cebbab": ["39", "jp.gr.java_conf.hatalab.mnv.SettingAutoLink"]}, {"9bb4edb2537ac1ea2f65d5a019cebbab": ["39", "jp.gr.java_conf.hatalab.mnv.SettingAutoLink"]}, {"9bb4edb2537ac1ea2f65d5a019cebbab": ["39", "jp.gr.java_conf.hatalab.mnv.SettingAutoLink"]}, {"9bb4edb2537ac1ea2f65d5a019cebbab": ["39", "jp.gr.java_conf.hatalab.mnv.SettingAutoLink"]}, {"9bb4edb2537ac1ea2f65d5a019cebbab": ["39", "jp.gr.java_conf.hatalab.mnv.SettingAutoLink"]}, {"9bb4edb2537ac1ea2f65d5a019cebbab": ["39", "jp.gr.java_conf.hatalab.mnv.SettingAutoLink"]}, {"9bb4edb2537ac1ea2f65d5a019cebbab": ["39", "jp.gr.java_conf.hatalab.mnv.SettingAutoLink"]}, {"9bb4edb2537ac1ea2f65d5a019cebbab": ["39", "jp.gr.java_conf.hatalab.mnv.SettingAutoLink"]}, {"9bb4edb2537ac1ea2f65d5a019cebbab": ["39", "jp.gr.java_conf.hatalab.mnv.SettingAutoLink"]}, {"9bb4edb2537ac1ea2f65d5a019cebbab": ["39", "jp.gr.java_conf.hatalab.mnv.SettingAutoLink"]}, {"9bb4edb2537ac1ea2f65d5a019cebbab": ["39", "jp.gr.java_conf.hatalab.mnv.SettingAutoLink"]}, {"9bb4edb2537ac1ea2f65d5a019cebbab": ["39", "jp.gr.java_conf.hatalab.mnv.SettingAutoLink"]}, {"9bb4edb2537ac1ea2f65d5a019cebbab": ["39", "jp.gr.java_conf.hatalab.mnv.SettingAutoLink"]}, {"9bb4edb2537ac1ea2f65d5a019cebbab": ["39", "jp.gr.java_conf.hatalab.mnv.SettingAutoLink"]}, {"9bb4edb2537ac1ea2f65d5a019cebbab": ["39", "jp.gr.java_conf.hatalab.mnv.SettingAutoLink"]}, {"9bb4edb2537ac1ea2f65d5a019cebbab": ["39", "jp.gr.java_conf.hatalab.mnv.SettingAutoLink"]}, {"9bb4edb2537ac1ea2f65d5a019cebbab": ["39", "jp.gr.java_conf.hatalab.mnv.SettingAutoLink"]}, {"9bb4edb2537ac1ea2f65d5a019cebbab": ["39", "jp.gr.java_conf.hatalab.mnv.SettingAutoLink"]}, {"9bb4edb2537ac1ea2f65d5a019cebbab": ["39", "jp.gr.java_conf.hatalab.mnv.SettingAutoLink"]}, {"9bb4edb2537ac1ea2f65d5a019cebbab": ["39", "jp.gr.java_conf.hatalab.mnv.SettingAutoLink"]}, {"9bb4edb2537ac1ea2f65d5a019cebbab": ["39", "jp.gr.java_conf.hatalab.mnv.SettingAutoLink"]}, {"9bb4edb2537ac1ea2f65d5a019cebbab": ["39", "jp.gr.java_conf.hatalab.mnv.SettingAutoLink"]}, {"9bb4edb2537ac1ea2f65d5a019cebbab": ["39", "jp.gr.java_conf.hatalab.mnv.SettingAutoLink"]}, {"9bb4edb2537ac1ea2f65d5a019cebbab": ["39", "jp.gr.java_conf.hatalab.mnv.SettingAutoLink"]}, {"9bb4edb2537ac1ea2f65d5a019cebbab": ["39", "jp.gr.java_conf.hatalab.mnv.SettingAutoLink"]}, {"9bb4edb2537ac1ea2f65d5a019cebbab": ["39", "jp.gr.java_conf.hatalab.mnv.SettingAutoLink"]}, {"9bb4edb2537ac1ea2f65d5a019cebbab": ["39", "jp.gr.java_conf.hatalab.mnv.SettingAutoLink"]}, {"9bb4edb2537ac1ea2f65d5a019cebbab": ["39", "jp.gr.java_conf.hatalab.mnv.SettingAutoLink"]}, {"9bb4edb2537ac1ea2f65d5a019cebbab": ["39", "jp.gr.java_conf.hatalab.mnv.SettingAutoLink"]}, {"aaeb37d302ea3c2106c0d0197c697e45": ["25", "jp.gr.java_conf.hatalab.mnv.Settings"]}, {"aaeb37d302ea3c2106c0d0197c697e45": ["25", "jp.gr.java_conf.hatalab.mnv.Settings"]}, {"9bb4edb2537ac1ea2f65d5a019cebbab": ["39", "jp.gr.java_conf.hatalab.mnv.SettingAutoLink"]}, {"aaeb37d302ea3c2106c0d0197c697e45": ["25", "jp.gr.java_conf.hatalab.mnv.Settings"]}, {"35ec4915d6d8334d7a9534f10adc8610": ["27", "jp.gr.java_conf.hatalab.mnv.Settings"]}, {"35ec4915d6d8334d7a9534f10adc8610": ["27", "jp.gr.java_conf.hatalab.mnv.Settings"]}, {"35ec4915d6d8334d7a9534f10adc8610": ["27", "jp.gr.java_conf.hatalab.mnv.Settings"]}, {"24c74246c38a230396b112404aa31cb0": ["49", "jp.gr.java_conf.hatalab.mnv.Settings"]}, {"22f808cfd442bf5fa179bdb72fa3d75f": ["34", "jp.gr.java_conf.hatalab.mnv.Settings"]}, {"23a829576acdcd49ef41afb9b832149e": ["24", "jp.gr.java_conf.hatalab.mnv.Settings"]}, {"22f808cfd442bf5fa179bdb72fa3d75f": ["34", "jp.gr.java_conf.hatalab.mnv.Settings"]}, {"22f808cfd442bf5fa179bdb72fa3d75f": ["34", "jp.gr.java_conf.hatalab.mnv.Settings"]}, {"23a829576acdcd49ef41afb9b832149e": ["24", "jp.gr.java_conf.hatalab.mnv.Settings"]}, {"3ac2618c2710215fc1f6780732cc04f2": ["23", "jp.gr.java_conf.hatalab.mnv.Settings"]}, {"23a829576acdcd49ef41afb9b832149e": ["24", "jp.gr.java_conf.hatalab.mnv.Settings"]}, {"3ac2618c2710215fc1f6780732cc04f2": ["23", "jp.gr.java_conf.hatalab.mnv.Settings"]}, {"23a829576acdcd49ef41afb9b832149e": ["24", "jp.gr.java_conf.hatalab.mnv.Settings"]}, {"3ac2618c2710215fc1f6780732cc04f2": ["23", "jp.gr.java_conf.hatalab.mnv.Settings"]}, {"fccbb3929a3ffb9362f00f28b50bdc06": ["26", "jp.gr.java_conf.hatalab.mnv.Settings"]}, {"3ac2618c2710215fc1f6780732cc04f2": ["23", "jp.gr.java_conf.hatalab.mnv.Settings"]}, {"3ac2618c2710215fc1f6780732cc04f2": ["23", "jp.gr.java_conf.hatalab.mnv.Settings"]}, {"746d0118eb0493305193015a68005da7": ["18", "jp.gr.java_conf.hatalab.mnv.Settings"]}, {"746d0118eb0493305193015a68005da7": ["18", "jp.gr.java_conf.hatalab.mnv.Settings"]}, {"746d0118eb0493305193015a68005da7": ["18", "jp.gr.java_conf.hatalab.mnv.Settings"]}, {"47750acba33fc37523270e293051df5f": ["33", "jp.gr.java_conf.hatalab.mnv.Settings"]}, {"746d0118eb0493305193015a68005da7": ["18", "jp.gr.java_conf.hatalab.mnv.Settings"]}, {"746d0118eb0493305193015a68005da7": ["18", "jp.gr.java_conf.hatalab.mnv.Settings"]}, {"746d0118eb0493305193015a68005da7": ["18", "jp.gr.java_conf.hatalab.mnv.Settings"]}, {"746d0118eb0493305193015a68005da7": ["18", "jp.gr.java_conf.hatalab.mnv.Settings"]}, {"746d0118eb0493305193015a68005da7": ["18", "jp.gr.java_conf.hatalab.mnv.Settings"]}, {"746d0118eb0493305193015a68005da7": ["18", "jp.gr.java_conf.hatalab.mnv.Settings"]}, {"a05247f56d75e9131feeaeda28a4ac54": ["19", "jp.gr.java_conf.hatalab.mnv.Settings"]}, {"746d0118eb0493305193015a68005da7": ["18", "jp.gr.java_conf.hatalab.mnv.Settings"]}, {"aaeb37d302ea3c2106c0d0197c697e45": ["25", "jp.gr.java_conf.hatalab.mnv.Settings"]}, {"746d0118eb0493305193015a68005da7": ["18", "jp.gr.java_conf.hatalab.mnv.Settings"]}, {"746d0118eb0493305193015a68005da7": ["18", "jp.gr.java_conf.hatalab.mnv.Settings"]}, {"a05247f56d75e9131feeaeda28a4ac54": ["19", "jp.gr.java_conf.hatalab.mnv.Settings"]}, {"746d0118eb0493305193015a68005da7": ["18", "jp.gr.java_conf.hatalab.mnv.Settings"]}, {"47750acba33fc37523270e293051df5f": ["33", "jp.gr.java_conf.hatalab.mnv.Settings"]}, {"746d0118eb0493305193015a68005da7": ["18", "jp.gr.java_conf.hatalab.mnv.Settings"]}, {"47750acba33fc37523270e293051df5f": ["33", "jp.gr.java_conf.hatalab.mnv.Settings"]}, {"746d0118eb0493305193015a68005da7": ["18", "jp.gr.java_conf.hatalab.mnv.Settings"]}, {"3ac2618c2710215fc1f6780732cc04f2": ["23", "jp.gr.java_conf.hatalab.mnv.Settings"]}, {"3ac2618c2710215fc1f6780732cc04f2": ["23", "jp.gr.java_conf.hatalab.mnv.Settings"]}, {"55cd1053198ad3b0ef7cf3efc9bf1c0b": ["36", "jp.gr.java_conf.hatalab.mnv.SelectDirName"]}, {"3ac2618c2710215fc1f6780732cc04f2": ["23", "jp.gr.java_conf.hatalab.mnv.Settings"]}, {"a05247f56d75e9131feeaeda28a4ac54": ["19", "jp.gr.java_conf.hatalab.mnv.Settings"]}, {"3ac2618c2710215fc1f6780732cc04f2": ["23", "jp.gr.java_conf.hatalab.mnv.Settings"]}, {"a05247f56d75e9131feeaeda28a4ac54": ["19", "jp.gr.java_conf.hatalab.mnv.Settings"]}, {"0898c4ac8b5ecac4d75f9723f235aa01": ["31", "jp.gr.java_conf.hatalab.mnv.Settings"]}, {"47750acba33fc37523270e293051df5f": ["33", "jp.gr.java_conf.hatalab.mnv.Settings"]}, {"0898c4ac8b5ecac4d75f9723f235aa01": ["31", "jp.gr.java_conf.hatalab.mnv.Settings"]}, {"0898c4ac8b5ecac4d75f9723f235aa01": ["31", "jp.gr.java_conf.hatalab.mnv.Settings"]}, {"aaeb37d302ea3c2106c0d0197c697e45": ["25", "jp.gr.java_conf.hatalab.mnv.Settings"]}, {"aaeb37d302ea3c2106c0d0197c697e45": ["25", "jp.gr.java_conf.hatalab.mnv.Settings"]}, {"aaeb37d302ea3c2106c0d0197c697e45": ["25", "jp.gr.java_conf.hatalab.mnv.Settings"]}, {"aaeb37d302ea3c2106c0d0197c697e45": ["25", "jp.gr.java_conf.hatalab.mnv.Settings"]}, {"aaeb37d302ea3c2106c0d0197c697e45": ["25", "jp.gr.java_conf.hatalab.mnv.Settings"]}, {"23a829576acdcd49ef41afb9b832149e": ["24", "jp.gr.java_conf.hatalab.mnv.Settings"]}, {"aaeb37d302ea3c2106c0d0197c697e45": ["25", "jp.gr.java_conf.hatalab.mnv.Settings"]}, {"9bb4edb2537ac1ea2f65d5a019cebbab": ["39", "jp.gr.java_conf.hatalab.mnv.SettingAutoLink"]}, {"9bb4edb2537ac1ea2f65d5a019cebbab": ["39", "jp.gr.java_conf.hatalab.mnv.SettingAutoLink"]}, {"9bb4edb2537ac1ea2f65d5a019cebbab": ["39", "jp.gr.java_conf.hatalab.mnv.SettingAutoLink"]}, {"9bb4edb2537ac1ea2f65d5a019cebbab": ["39", "jp.gr.java_conf.hatalab.mnv.SettingAutoLink"]}, {"9bb4edb2537ac1ea2f65d5a019cebbab": ["39", "jp.gr.java_conf.hatalab.mnv.SettingAutoLink"]}, {"9bb4edb2537ac1ea2f65d5a019cebbab": ["39", "jp.gr.java_conf.hatalab.mnv.SettingAutoLink"]}, {"9bb4edb2537ac1ea2f65d5a019cebbab": ["39", "jp.gr.java_conf.hatalab.mnv.SettingAutoLink"]}, {"9bb4edb2537ac1ea2f65d5a019cebbab": ["39", "jp.gr.java_conf.hatalab.mnv.SettingAutoLink"]}, {"aaeb37d302ea3c2106c0d0197c697e45": ["25", "jp.gr.java_conf.hatalab.mnv.Settings"]}, {"aaeb37d302ea3c2106c0d0197c697e45": ["25", "jp.gr.java_conf.hatalab.mnv.Settings"]}, {"287340b98def78b2ef024f2761f9d959": ["50", "jp.gr.java_conf.hatalab.mnv.MainActivity"]}, {"ef0769bef0f089ebade6146c314a0413": ["51", "jp.gr.java_conf.hatalab.mnv.MainActivity"]}, {"daafe5ada304ef34e969a961a9602d9f": ["52", "jp.gr.java_conf.hatalab.mnv.MainActivity"]}, {"ba7d8cc967c92c0994cf478223408415": ["53", "jp.gr.java_conf.hatalab.mnv.TextEdit"]}, {"ba7d8cc967c92c0994cf478223408415": ["53", "jp.gr.java_conf.hatalab.mnv.TextEdit"]}, {"ba7d8cc967c92c0994cf478223408415": ["53", "jp.gr.java_conf.hatalab.mnv.TextEdit"]}, {"ba7d8cc967c92c0994cf478223408415": ["53", "jp.gr.java_conf.hatalab.mnv.TextEdit"]}, {"ba7d8cc967c92c0994cf478223408415": ["53", "jp.gr.java_conf.hatalab.mnv.TextEdit"]}, {"ba7d8cc967c92c0994cf478223408415": ["53", "jp.gr.java_conf.hatalab.mnv.TextEdit"]}, {"64e85ab9c559b102d07e377f2a4b1ad3": ["54", "jp.gr.java_conf.hatalab.mnv.SelectFileName"]}, {"64e85ab9c559b102d07e377f2a4b1ad3": ["54", "jp.gr.java_conf.hatalab.mnv.SelectFileName"]}, {"64e85ab9c559b102d07e377f2a4b1ad3": ["54", "jp.gr.java_conf.hatalab.mnv.SelectFileName"]}, {"64e85ab9c559b102d07e377f2a4b1ad3": ["54", "jp.gr.java_conf.hatalab.mnv.SelectFileName"]}, {"64e85ab9c559b102d07e377f2a4b1ad3": ["54", "jp.gr.java_conf.hatalab.mnv.SelectFileName"]}, {"64e85ab9c559b102d07e377f2a4b1ad3": ["54", "jp.gr.java_conf.hatalab.mnv.SelectFileName"]}, {"64e85ab9c559b102d07e377f2a4b1ad3": ["54", "jp.gr.java_conf.hatalab.mnv.SelectFileName"]}, {"64e85ab9c559b102d07e377f2a4b1ad3": ["54", "jp.gr.java_conf.hatalab.mnv.SelectFileName"]}, {"27859f1e785de079785eba05fe2b0b10": ["55", "jp.gr.java_conf.hatalab.mnv.SelectFileName"]}, {"64e85ab9c559b102d07e377f2a4b1ad3": ["54", "jp.gr.java_conf.hatalab.mnv.SelectFileName"]}, {"27859f1e785de079785eba05fe2b0b10": ["55", "jp.gr.java_conf.hatalab.mnv.SelectFileName"]}, {"27859f1e785de079785eba05fe2b0b10": ["55", "jp.gr.java_conf.hatalab.mnv.SelectFileName"]}, {"8a631c2f67c689f970997eba00e6159e": ["13", "jp.gr.java_conf.hatalab.mnv.TextEdit"]}, {"ba7d8cc967c92c0994cf478223408415": ["53", "jp.gr.java_conf.hatalab.mnv.TextEdit"]}, {"ba7d8cc967c92c0994cf478223408415": ["53", "jp.gr.java_conf.hatalab.mnv.TextEdit"]}, {"ba7d8cc967c92c0994cf478223408415": ["53", "jp.gr.java_conf.hatalab.mnv.TextEdit"]}, {"ba7d8cc967c92c0994cf478223408415": ["53", "jp.gr.java_conf.hatalab.mnv.TextEdit"]}, {"ba7d8cc967c92c0994cf478223408415": ["53", "jp.gr.java_conf.hatalab.mnv.TextEdit"]}, {"ba7d8cc967c92c0994cf478223408415": ["53", "jp.gr.java_conf.hatalab.mnv.TextEdit"]}, {"ba7d8cc967c92c0994cf478223408415": ["53", "jp.gr.java_conf.hatalab.mnv.TextEdit"]}, {"ba7d8cc967c92c0994cf478223408415": ["53", "jp.gr.java_conf.hatalab.mnv.TextEdit"]}, {"8a631c2f67c689f970997eba00e6159e": ["13", "jp.gr.java_conf.hatalab.mnv.TextEdit"]}, {"ba7d8cc967c92c0994cf478223408415": ["53", "jp.gr.java_conf.hatalab.mnv.TextEdit"]}, {"ba7d8cc967c92c0994cf478223408415": ["53", "jp.gr.java_conf.hatalab.mnv.TextEdit"]}, {"ba7d8cc967c92c0994cf478223408415": ["53", "jp.gr.java_conf.hatalab.mnv.TextEdit"]}, {"ba7d8cc967c92c0994cf478223408415": ["53", "jp.gr.java_conf.hatalab.mnv.TextEdit"]}, {"8a631c2f67c689f970997eba00e6159e": ["13", "jp.gr.java_conf.hatalab.mnv.TextEdit"]}]