[{"82331d028fbdd6c521c00da710f23daf": ["0", "jp.gr.java_conf.hatalab.mnv.MainActivity"]}, {"573e5072875fcf3fa465d0f111360a4f": ["1", "jp.gr.java_conf.hatalab.mnv.MainActivity"]}, {"ced35a833c1e22a41b5b068606eb9718": ["2", "jp.gr.java_conf.hatalab.mnv.MainActivity"]}, {"82331d028fbdd6c521c00da710f23daf": ["0", "jp.gr.java_conf.hatalab.mnv.MainActivity"]}, {"82331d028fbdd6c521c00da710f23daf": ["0", "jp.gr.java_conf.hatalab.mnv.MainActivity"]}, {"573e5072875fcf3fa465d0f111360a4f": ["1", "jp.gr.java_conf.hatalab.mnv.MainActivity"]}, {"ced35a833c1e22a41b5b068606eb9718": ["2", "jp.gr.java_conf.hatalab.mnv.MainActivity"]}, {"ced35a833c1e22a41b5b068606eb9718": ["2", "jp.gr.java_conf.hatalab.mnv.MainActivity"]}, {"82331d028fbdd6c521c00da710f23daf": ["0", "jp.gr.java_conf.hatalab.mnv.MainActivity"]}, {"ced35a833c1e22a41b5b068606eb9718": ["2", "jp.gr.java_conf.hatalab.mnv.MainActivity"]}, {"ced35a833c1e22a41b5b068606eb9718": ["2", "jp.gr.java_conf.hatalab.mnv.MainActivity"]}, {"ced35a833c1e22a41b5b068606eb9718": ["2", "jp.gr.java_conf.hatalab.mnv.MainActivity"]}, {"ced35a833c1e22a41b5b068606eb9718": ["2", "jp.gr.java_conf.hatalab.mnv.MainActivity"]}, {"ced35a833c1e22a41b5b068606eb9718": ["2", "jp.gr.java_conf.hatalab.mnv.MainActivity"]}, {"ced35a833c1e22a41b5b068606eb9718": ["2", "jp.gr.java_conf.hatalab.mnv.MainActivity"]}, {"422da4a6aa02b2b25f28e1c1dc9dc72d": ["7", "jp.gr.java_conf.hatalab.mnv.MainActivity"]}, {"ced35a833c1e22a41b5b068606eb9718": ["2", "jp.gr.java_conf.hatalab.mnv.MainActivity"]}, {"ced35a833c1e22a41b5b068606eb9718": ["2", "jp.gr.java_conf.hatalab.mnv.MainActivity"]}, {"ced35a833c1e22a41b5b068606eb9718": ["2", "jp.gr.java_conf.hatalab.mnv.MainActivity"]}, {"ced35a833c1e22a41b5b068606eb9718": ["2", "jp.gr.java_conf.hatalab.mnv.MainActivity"]}, {"ced35a833c1e22a41b5b068606eb9718": ["2", "jp.gr.java_conf.hatalab.mnv.MainActivity"]}, {"ced35a833c1e22a41b5b068606eb9718": ["2", "jp.gr.java_conf.hatalab.mnv.MainActivity"]}, {"ced35a833c1e22a41b5b068606eb9718": ["2", "jp.gr.java_conf.hatalab.mnv.MainActivity"]}, {"ced35a833c1e22a41b5b068606eb9718": ["2", "jp.gr.java_conf.hatalab.mnv.MainActivity"]}, {"ced35a833c1e22a41b5b068606eb9718": ["2", "jp.gr.java_conf.hatalab.mnv.MainActivity"]}, {"ced35a833c1e22a41b5b068606eb9718": ["2", "jp.gr.java_conf.hatalab.mnv.MainActivity"]}, {"82331d028fbdd6c521c00da710f23daf": ["0", "jp.gr.java_conf.hatalab.mnv.MainActivity"]}, {"ced35a833c1e22a41b5b068606eb9718": ["2", "jp.gr.java_conf.hatalab.mnv.MainActivity"]}, {"ced35a833c1e22a41b5b068606eb9718": ["2", "jp.gr.java_conf.hatalab.mnv.MainActivity"]}, {"746d0118eb0493305193015a68005da7": ["18", "jp.gr.java_conf.hatalab.mnv.Settings"]}, {"a05247f56d75e9131feeaeda28a4ac54": ["19", "jp.gr.java_conf.hatalab.mnv.Settings"]}, {"746d0118eb0493305193015a68005da7": ["18", "jp.gr.java_conf.hatalab.mnv.Settings"]}, {"47750acba33fc37523270e293051df5f": ["33", "jp.gr.java_conf.hatalab.mnv.Settings"]}, {"d7605b0d3bd4110651ec245b2a7ad005": ["74", "jp.gr.java_conf.hatalab.mnv.Settings"]}, {"d7605b0d3bd4110651ec245b2a7ad005": ["74", "jp.gr.java_conf.hatalab.mnv.Settings"]}, {"d7605b0d3bd4110651ec245b2a7ad005": ["74", "jp.gr.java_conf.hatalab.mnv.Settings"]}, {"d7605b0d3bd4110651ec245b2a7ad005": ["74", "jp.gr.java_conf.hatalab.mnv.Settings"]}, {"82d68b58f2c4ac8332b75d4dfc53a4ec": ["38", "jp.gr.java_conf.hatalab.mnv.Settings"]}, {"82d68b58f2c4ac8332b75d4dfc53a4ec": ["38", "jp.gr.java_conf.hatalab.mnv.Settings"]}, {"82d68b58f2c4ac8332b75d4dfc53a4ec": ["38", "jp.gr.java_conf.hatalab.mnv.Settings"]}, {"3ac2618c2710215fc1f6780732cc04f2": ["23", "jp.gr.java_conf.hatalab.mnv.Settings"]}, {"3ac2618c2710215fc1f6780732cc04f2": ["23", "jp.gr.java_conf.hatalab.mnv.Settings"]}, {"3ac2618c2710215fc1f6780732cc04f2": ["23", "jp.gr.java_conf.hatalab.mnv.Settings"]}, {"448c91f0fb1286358f67be633001f3f9": ["20", "jp.gr.java_conf.hatalab.mnv.SelectDirName"]}, {"448c91f0fb1286358f67be633001f3f9": ["20", "jp.gr.java_conf.hatalab.mnv.SelectDirName"]}, {"d11b039569988e617b515f871d4354cb": ["21", "jp.gr.java_conf.hatalab.mnv.SelectDirName"]}, {"448c91f0fb1286358f67be633001f3f9": ["20", "jp.gr.java_conf.hatalab.mnv.SelectDirName"]}, {"448c91f0fb1286358f67be633001f3f9": ["20", "jp.gr.java_conf.hatalab.mnv.SelectDirName"]}, {"448c91f0fb1286358f67be633001f3f9": ["20", "jp.gr.java_conf.hatalab.mnv.SelectDirName"]}, {"1b4ff99ac63bc151a4541a22b28c0581": ["75", "jp.gr.java_conf.hatalab.mnv.SelectDirName"]}, {"3ac2618c2710215fc1f6780732cc04f2": ["23", "jp.gr.java_conf.hatalab.mnv.Settings"]}, {"3ac2618c2710215fc1f6780732cc04f2": ["23", "jp.gr.java_conf.hatalab.mnv.Settings"]}, {"746d0118eb0493305193015a68005da7": ["18", "jp.gr.java_conf.hatalab.mnv.Settings"]}, {"746d0118eb0493305193015a68005da7": ["18", "jp.gr.java_conf.hatalab.mnv.Settings"]}, {"746d0118eb0493305193015a68005da7": ["18", "jp.gr.java_conf.hatalab.mnv.Settings"]}, {"448c91f0fb1286358f67be633001f3f9": ["20", "jp.gr.java_conf.hatalab.mnv.SelectDirName"]}, {"448c91f0fb1286358f67be633001f3f9": ["20", "jp.gr.java_conf.hatalab.mnv.SelectDirName"]}, {"448c91f0fb1286358f67be633001f3f9": ["20", "jp.gr.java_conf.hatalab.mnv.SelectDirName"]}, {"448c91f0fb1286358f67be633001f3f9": ["20", "jp.gr.java_conf.hatalab.mnv.SelectDirName"]}, {"746d0118eb0493305193015a68005da7": ["18", "jp.gr.java_conf.hatalab.mnv.Settings"]}, {"448c91f0fb1286358f67be633001f3f9": ["20", "jp.gr.java_conf.hatalab.mnv.SelectDirName"]}, {"448c91f0fb1286358f67be633001f3f9": ["20", "jp.gr.java_conf.hatalab.mnv.SelectDirName"]}, {"448c91f0fb1286358f67be633001f3f9": ["20", "jp.gr.java_conf.hatalab.mnv.SelectDirName"]}, {"91d990a3f010649633cdcba2e5bc60cf": ["65", "jp.gr.java_conf.hatalab.mnv.SelectDirName"]}, {"91d990a3f010649633cdcba2e5bc60cf": ["65", "jp.gr.java_conf.hatalab.mnv.SelectDirName"]}, {"91d990a3f010649633cdcba2e5bc60cf": ["65", "jp.gr.java_conf.hatalab.mnv.SelectDirName"]}, {"91d990a3f010649633cdcba2e5bc60cf": ["65", "jp.gr.java_conf.hatalab.mnv.SelectDirName"]}, {"91d990a3f010649633cdcba2e5bc60cf": ["65", "jp.gr.java_conf.hatalab.mnv.SelectDirName"]}, {"448c91f0fb1286358f67be633001f3f9": ["20", "jp.gr.java_conf.hatalab.mnv.SelectDirName"]}, {"91d990a3f010649633cdcba2e5bc60cf": ["65", "jp.gr.java_conf.hatalab.mnv.SelectDirName"]}, {"448c91f0fb1286358f67be633001f3f9": ["20", "jp.gr.java_conf.hatalab.mnv.SelectDirName"]}, {"746d0118eb0493305193015a68005da7": ["18", "jp.gr.java_conf.hatalab.mnv.Settings"]}, {"448c91f0fb1286358f67be633001f3f9": ["20", "jp.gr.java_conf.hatalab.mnv.SelectDirName"]}, {"7876368e12b019c0cfca476fa90bc78e": ["32", "jp.gr.java_conf.hatalab.mnv.SelectDirName"]}, {"448c91f0fb1286358f67be633001f3f9": ["20", "jp.gr.java_conf.hatalab.mnv.SelectDirName"]}, {"7876368e12b019c0cfca476fa90bc78e": ["32", "jp.gr.java_conf.hatalab.mnv.SelectDirName"]}, {"448c91f0fb1286358f67be633001f3f9": ["20", "jp.gr.java_conf.hatalab.mnv.SelectDirName"]}, {"448c91f0fb1286358f67be633001f3f9": ["20", "jp.gr.java_conf.hatalab.mnv.SelectDirName"]}, {"7876368e12b019c0cfca476fa90bc78e": ["32", "jp.gr.java_conf.hatalab.mnv.SelectDirName"]}, {"448c91f0fb1286358f67be633001f3f9": ["20", "jp.gr.java_conf.hatalab.mnv.SelectDirName"]}, {"448c91f0fb1286358f67be633001f3f9": ["20", "jp.gr.java_conf.hatalab.mnv.SelectDirName"]}, {"448c91f0fb1286358f67be633001f3f9": ["20", "jp.gr.java_conf.hatalab.mnv.SelectDirName"]}, {"ced35a833c1e22a41b5b068606eb9718": ["2", "jp.gr.java_conf.hatalab.mnv.MainActivity"]}, {"461e4f9f2c0f09e9f97ac51404b09681": ["17", "jp.gr.java_conf.hatalab.mnv.MainActivity"]}, {"461e4f9f2c0f09e9f97ac51404b09681": ["17", "jp.gr.java_conf.hatalab.mnv.MainActivity"]}, {"746d0118eb0493305193015a68005da7": ["18", "jp.gr.java_conf.hatalab.mnv.Settings"]}, {"746d0118eb0493305193015a68005da7": ["18", "jp.gr.java_conf.hatalab.mnv.Settings"]}, {"47750acba33fc37523270e293051df5f": ["33", "jp.gr.java_conf.hatalab.mnv.Settings"]}, {"d7605b0d3bd4110651ec245b2a7ad005": ["74", "jp.gr.java_conf.hatalab.mnv.Settings"]}, {"23a829576acdcd49ef41afb9b832149e": ["24", "jp.gr.java_conf.hatalab.mnv.Settings"]}, {"d7605b0d3bd4110651ec245b2a7ad005": ["74", "jp.gr.java_conf.hatalab.mnv.Settings"]}, {"47750acba33fc37523270e293051df5f": ["33", "jp.gr.java_conf.hatalab.mnv.Settings"]}, {"d7605b0d3bd4110651ec245b2a7ad005": ["74", "jp.gr.java_conf.hatalab.mnv.Settings"]}, {"22f808cfd442bf5fa179bdb72fa3d75f": ["34", "jp.gr.java_conf.hatalab.mnv.Settings"]}, {"22f808cfd442bf5fa179bdb72fa3d75f": ["34", "jp.gr.java_conf.hatalab.mnv.Settings"]}, {"22f808cfd442bf5fa179bdb72fa3d75f": ["34", "jp.gr.java_conf.hatalab.mnv.Settings"]}, {"22f808cfd442bf5fa179bdb72fa3d75f": ["34", "jp.gr.java_conf.hatalab.mnv.Settings"]}, {"47750acba33fc37523270e293051df5f": ["33", "jp.gr.java_conf.hatalab.mnv.Settings"]}, {"22f808cfd442bf5fa179bdb72fa3d75f": ["34", "jp.gr.java_conf.hatalab.mnv.Settings"]}, {"47750acba33fc37523270e293051df5f": ["33", "jp.gr.java_conf.hatalab.mnv.Settings"]}, {"22f808cfd442bf5fa179bdb72fa3d75f": ["34", "jp.gr.java_conf.hatalab.mnv.Settings"]}, {"22f808cfd442bf5fa179bdb72fa3d75f": ["34", "jp.gr.java_conf.hatalab.mnv.Settings"]}, {"22f808cfd442bf5fa179bdb72fa3d75f": ["34", "jp.gr.java_conf.hatalab.mnv.Settings"]}, {"22f808cfd442bf5fa179bdb72fa3d75f": ["34", "jp.gr.java_conf.hatalab.mnv.Settings"]}, {"22f808cfd442bf5fa179bdb72fa3d75f": ["34", "jp.gr.java_conf.hatalab.mnv.Settings"]}, {"22f808cfd442bf5fa179bdb72fa3d75f": ["34", "jp.gr.java_conf.hatalab.mnv.Settings"]}, {"22f808cfd442bf5fa179bdb72fa3d75f": ["34", "jp.gr.java_conf.hatalab.mnv.Settings"]}, {"0898c4ac8b5ecac4d75f9723f235aa01": ["31", "jp.gr.java_conf.hatalab.mnv.Settings"]}, {"fccbb3929a3ffb9362f00f28b50bdc06": ["26", "jp.gr.java_conf.hatalab.mnv.Settings"]}, {"0898c4ac8b5ecac4d75f9723f235aa01": ["31", "jp.gr.java_conf.hatalab.mnv.Settings"]}, {"0898c4ac8b5ecac4d75f9723f235aa01": ["31", "jp.gr.java_conf.hatalab.mnv.Settings"]}, {"a05247f56d75e9131feeaeda28a4ac54": ["19", "jp.gr.java_conf.hatalab.mnv.Settings"]}, {"0898c4ac8b5ecac4d75f9723f235aa01": ["31", "jp.gr.java_conf.hatalab.mnv.Settings"]}, {"0898c4ac8b5ecac4d75f9723f235aa01": ["31", "jp.gr.java_conf.hatalab.mnv.Settings"]}, {"746d0118eb0493305193015a68005da7": ["18", "jp.gr.java_conf.hatalab.mnv.Settings"]}, {"746d0118eb0493305193015a68005da7": ["18", "jp.gr.java_conf.hatalab.mnv.Settings"]}, {"448c91f0fb1286358f67be633001f3f9": ["20", "jp.gr.java_conf.hatalab.mnv.SelectDirName"]}, {"746d0118eb0493305193015a68005da7": ["18", "jp.gr.java_conf.hatalab.mnv.Settings"]}, {"448c91f0fb1286358f67be633001f3f9": ["20", "jp.gr.java_conf.hatalab.mnv.SelectDirName"]}, {"448c91f0fb1286358f67be633001f3f9": ["20", "jp.gr.java_conf.hatalab.mnv.SelectDirName"]}, {"448c91f0fb1286358f67be633001f3f9": ["20", "jp.gr.java_conf.hatalab.mnv.SelectDirName"]}, {"448c91f0fb1286358f67be633001f3f9": ["20", "jp.gr.java_conf.hatalab.mnv.SelectDirName"]}, {"448c91f0fb1286358f67be633001f3f9": ["20", "jp.gr.java_conf.hatalab.mnv.SelectDirName"]}, {"448c91f0fb1286358f67be633001f3f9": ["20", "jp.gr.java_conf.hatalab.mnv.SelectDirName"]}, {"448c91f0fb1286358f67be633001f3f9": ["20", "jp.gr.java_conf.hatalab.mnv.SelectDirName"]}, {"49b7055bd2dcd3242a398211614cff20": ["72", "jp.gr.java_conf.hatalab.mnv.SelectDirName"]}, {"448c91f0fb1286358f67be633001f3f9": ["20", "jp.gr.java_conf.hatalab.mnv.SelectDirName"]}, {"746d0118eb0493305193015a68005da7": ["18", "jp.gr.java_conf.hatalab.mnv.Settings"]}, {"448c91f0fb1286358f67be633001f3f9": ["20", "jp.gr.java_conf.hatalab.mnv.SelectDirName"]}, {"448c91f0fb1286358f67be633001f3f9": ["20", "jp.gr.java_conf.hatalab.mnv.SelectDirName"]}, {"448c91f0fb1286358f67be633001f3f9": ["20", "jp.gr.java_conf.hatalab.mnv.SelectDirName"]}, {"448c91f0fb1286358f67be633001f3f9": ["20", "jp.gr.java_conf.hatalab.mnv.SelectDirName"]}, {"448c91f0fb1286358f67be633001f3f9": ["20", "jp.gr.java_conf.hatalab.mnv.SelectDirName"]}, {"448c91f0fb1286358f67be633001f3f9": ["20", "jp.gr.java_conf.hatalab.mnv.SelectDirName"]}, {"448c91f0fb1286358f67be633001f3f9": ["20", "jp.gr.java_conf.hatalab.mnv.SelectDirName"]}, {"448c91f0fb1286358f67be633001f3f9": ["20", "jp.gr.java_conf.hatalab.mnv.SelectDirName"]}, {"448c91f0fb1286358f67be633001f3f9": ["20", "jp.gr.java_conf.hatalab.mnv.SelectDirName"]}, {"448c91f0fb1286358f67be633001f3f9": ["20", "jp.gr.java_conf.hatalab.mnv.SelectDirName"]}, {"448c91f0fb1286358f67be633001f3f9": ["20", "jp.gr.java_conf.hatalab.mnv.SelectDirName"]}, {"448c91f0fb1286358f67be633001f3f9": ["20", "jp.gr.java_conf.hatalab.mnv.SelectDirName"]}, {"448c91f0fb1286358f67be633001f3f9": ["20", "jp.gr.java_conf.hatalab.mnv.SelectDirName"]}, {"448c91f0fb1286358f67be633001f3f9": ["20", "jp.gr.java_conf.hatalab.mnv.SelectDirName"]}, {"7876368e12b019c0cfca476fa90bc78e": ["32", "jp.gr.java_conf.hatalab.mnv.SelectDirName"]}, {"448c91f0fb1286358f67be633001f3f9": ["20", "jp.gr.java_conf.hatalab.mnv.SelectDirName"]}, {"448c91f0fb1286358f67be633001f3f9": ["20", "jp.gr.java_conf.hatalab.mnv.SelectDirName"]}, {"448c91f0fb1286358f67be633001f3f9": ["20", "jp.gr.java_conf.hatalab.mnv.SelectDirName"]}, {"5d3aca3c5a24d7fb94ac81e0f1d061b0": ["37", "jp.gr.java_conf.hatalab.mnv.SelectDirName"]}, {"448c91f0fb1286358f67be633001f3f9": ["20", "jp.gr.java_conf.hatalab.mnv.SelectDirName"]}, {"448c91f0fb1286358f67be633001f3f9": ["20", "jp.gr.java_conf.hatalab.mnv.SelectDirName"]}, {"448c91f0fb1286358f67be633001f3f9": ["20", "jp.gr.java_conf.hatalab.mnv.SelectDirName"]}, {"448c91f0fb1286358f67be633001f3f9": ["20", "jp.gr.java_conf.hatalab.mnv.SelectDirName"]}, {"448c91f0fb1286358f67be633001f3f9": ["20", "jp.gr.java_conf.hatalab.mnv.SelectDirName"]}, {"448c91f0fb1286358f67be633001f3f9": ["20", "jp.gr.java_conf.hatalab.mnv.SelectDirName"]}, {"448c91f0fb1286358f67be633001f3f9": ["20", "jp.gr.java_conf.hatalab.mnv.SelectDirName"]}, {"448c91f0fb1286358f67be633001f3f9": ["20", "jp.gr.java_conf.hatalab.mnv.SelectDirName"]}, {"448c91f0fb1286358f67be633001f3f9": ["20", "jp.gr.java_conf.hatalab.mnv.SelectDirName"]}, {"448c91f0fb1286358f67be633001f3f9": ["20", "jp.gr.java_conf.hatalab.mnv.SelectDirName"]}, {"448c91f0fb1286358f67be633001f3f9": ["20", "jp.gr.java_conf.hatalab.mnv.SelectDirName"]}, {"448c91f0fb1286358f67be633001f3f9": ["20", "jp.gr.java_conf.hatalab.mnv.SelectDirName"]}, {"448c91f0fb1286358f67be633001f3f9": ["20", "jp.gr.java_conf.hatalab.mnv.SelectDirName"]}, {"448c91f0fb1286358f67be633001f3f9": ["20", "jp.gr.java_conf.hatalab.mnv.SelectDirName"]}, {"746d0118eb0493305193015a68005da7": ["18", "jp.gr.java_conf.hatalab.mnv.Settings"]}, {"448c91f0fb1286358f67be633001f3f9": ["20", "jp.gr.java_conf.hatalab.mnv.SelectDirName"]}, {"448c91f0fb1286358f67be633001f3f9": ["20", "jp.gr.java_conf.hatalab.mnv.SelectDirName"]}, {"448c91f0fb1286358f67be633001f3f9": ["20", "jp.gr.java_conf.hatalab.mnv.SelectDirName"]}, {"448c91f0fb1286358f67be633001f3f9": ["20", "jp.gr.java_conf.hatalab.mnv.SelectDirName"]}, {"448c91f0fb1286358f67be633001f3f9": ["20", "jp.gr.java_conf.hatalab.mnv.SelectDirName"]}, {"448c91f0fb1286358f67be633001f3f9": ["20", "jp.gr.java_conf.hatalab.mnv.SelectDirName"]}, {"448c91f0fb1286358f67be633001f3f9": ["20", "jp.gr.java_conf.hatalab.mnv.SelectDirName"]}, {"448c91f0fb1286358f67be633001f3f9": ["20", "jp.gr.java_conf.hatalab.mnv.SelectDirName"]}, {"448c91f0fb1286358f67be633001f3f9": ["20", "jp.gr.java_conf.hatalab.mnv.SelectDirName"]}, {"448c91f0fb1286358f67be633001f3f9": ["20", "jp.gr.java_conf.hatalab.mnv.SelectDirName"]}, {"24c74246c38a230396b112404aa31cb0": ["49", "jp.gr.java_conf.hatalab.mnv.Settings"]}, {"746d0118eb0493305193015a68005da7": ["18", "jp.gr.java_conf.hatalab.mnv.Settings"]}, {"746d0118eb0493305193015a68005da7": ["18", "jp.gr.java_conf.hatalab.mnv.Settings"]}, {"448c91f0fb1286358f67be633001f3f9": ["20", "jp.gr.java_conf.hatalab.mnv.SelectDirName"]}, {"448c91f0fb1286358f67be633001f3f9": ["20", "jp.gr.java_conf.hatalab.mnv.SelectDirName"]}, {"448c91f0fb1286358f67be633001f3f9": ["20", "jp.gr.java_conf.hatalab.mnv.SelectDirName"]}, {"448c91f0fb1286358f67be633001f3f9": ["20", "jp.gr.java_conf.hatalab.mnv.SelectDirName"]}, {"3ac2618c2710215fc1f6780732cc04f2": ["23", "jp.gr.java_conf.hatalab.mnv.Settings"]}, {"3ac2618c2710215fc1f6780732cc04f2": ["23", "jp.gr.java_conf.hatalab.mnv.Settings"]}, {"23a829576acdcd49ef41afb9b832149e": ["24", "jp.gr.java_conf.hatalab.mnv.Settings"]}, {"22f808cfd442bf5fa179bdb72fa3d75f": ["34", "jp.gr.java_conf.hatalab.mnv.Settings"]}, {"47750acba33fc37523270e293051df5f": ["33", "jp.gr.java_conf.hatalab.mnv.Settings"]}, {"22f808cfd442bf5fa179bdb72fa3d75f": ["34", "jp.gr.java_conf.hatalab.mnv.Settings"]}, {"23a829576acdcd49ef41afb9b832149e": ["24", "jp.gr.java_conf.hatalab.mnv.Settings"]}, {"d7605b0d3bd4110651ec245b2a7ad005": ["74", "jp.gr.java_conf.hatalab.mnv.Settings"]}, {"d7605b0d3bd4110651ec245b2a7ad005": ["74", "jp.gr.java_conf.hatalab.mnv.Settings"]}, {"448c91f0fb1286358f67be633001f3f9": ["20", "jp.gr.java_conf.hatalab.mnv.SelectDirName"]}, {"448c91f0fb1286358f67be633001f3f9": ["20", "jp.gr.java_conf.hatalab.mnv.SelectDirName"]}, {"3ac2618c2710215fc1f6780732cc04f2": ["23", "jp.gr.java_conf.hatalab.mnv.Settings"]}, {"3ac2618c2710215fc1f6780732cc04f2": ["23", "jp.gr.java_conf.hatalab.mnv.Settings"]}, {"746d0118eb0493305193015a68005da7": ["18", "jp.gr.java_conf.hatalab.mnv.Settings"]}, {"746d0118eb0493305193015a68005da7": ["18", "jp.gr.java_conf.hatalab.mnv.Settings"]}, {"a05247f56d75e9131feeaeda28a4ac54": ["19", "jp.gr.java_conf.hatalab.mnv.Settings"]}, {"22f808cfd442bf5fa179bdb72fa3d75f": ["34", "jp.gr.java_conf.hatalab.mnv.Settings"]}, {"22f808cfd442bf5fa179bdb72fa3d75f": ["34", "jp.gr.java_conf.hatalab.mnv.Settings"]}, {"fb586f171bc52db6416acb6804652a5e": ["76", "jp.gr.java_conf.hatalab.mnv.Settings"]}, {"23a829576acdcd49ef41afb9b832149e": ["24", "jp.gr.java_conf.hatalab.mnv.Settings"]}, {"fb586f171bc52db6416acb6804652a5e": ["76", "jp.gr.java_conf.hatalab.mnv.Settings"]}, {"944b20db94ba86a7042070d030f1c77f": ["77", "jp.gr.java_conf.hatalab.mnv.Settings"]}, {"47750acba33fc37523270e293051df5f": ["33", "jp.gr.java_conf.hatalab.mnv.Settings"]}, {"944b20db94ba86a7042070d030f1c77f": ["77", "jp.gr.java_conf.hatalab.mnv.Settings"]}, {"944b20db94ba86a7042070d030f1c77f": ["77", "jp.gr.java_conf.hatalab.mnv.Settings"]}, {"47750acba33fc37523270e293051df5f": ["33", "jp.gr.java_conf.hatalab.mnv.Settings"]}, {"944b20db94ba86a7042070d030f1c77f": ["77", "jp.gr.java_conf.hatalab.mnv.Settings"]}, {"0898c4ac8b5ecac4d75f9723f235aa01": ["31", "jp.gr.java_conf.hatalab.mnv.Settings"]}, {"0898c4ac8b5ecac4d75f9723f235aa01": ["31", "jp.gr.java_conf.hatalab.mnv.Settings"]}, {"0898c4ac8b5ecac4d75f9723f235aa01": ["31", "jp.gr.java_conf.hatalab.mnv.Settings"]}, {"0898c4ac8b5ecac4d75f9723f235aa01": ["31", "jp.gr.java_conf.hatalab.mnv.Settings"]}, {"0898c4ac8b5ecac4d75f9723f235aa01": ["31", "jp.gr.java_conf.hatalab.mnv.Settings"]}, {"0898c4ac8b5ecac4d75f9723f235aa01": ["31", "jp.gr.java_conf.hatalab.mnv.Settings"]}, {"0898c4ac8b5ecac4d75f9723f235aa01": ["31", "jp.gr.java_conf.hatalab.mnv.Settings"]}, {"0898c4ac8b5ecac4d75f9723f235aa01": ["31", "jp.gr.java_conf.hatalab.mnv.Settings"]}, {"0898c4ac8b5ecac4d75f9723f235aa01": ["31", "jp.gr.java_conf.hatalab.mnv.Settings"]}, {"746d0118eb0493305193015a68005da7": ["18", "jp.gr.java_conf.hatalab.mnv.Settings"]}, {"448c91f0fb1286358f67be633001f3f9": ["20", "jp.gr.java_conf.hatalab.mnv.SelectDirName"]}, {"448c91f0fb1286358f67be633001f3f9": ["20", "jp.gr.java_conf.hatalab.mnv.SelectDirName"]}, {"746d0118eb0493305193015a68005da7": ["18", "jp.gr.java_conf.hatalab.mnv.Settings"]}, {"47750acba33fc37523270e293051df5f": ["33", "jp.gr.java_conf.hatalab.mnv.Settings"]}, {"746d0118eb0493305193015a68005da7": ["18", "jp.gr.java_conf.hatalab.mnv.Settings"]}, {"47750acba33fc37523270e293051df5f": ["33", "jp.gr.java_conf.hatalab.mnv.Settings"]}, {"746d0118eb0493305193015a68005da7": ["18", "jp.gr.java_conf.hatalab.mnv.Settings"]}, {"746d0118eb0493305193015a68005da7": ["18", "jp.gr.java_conf.hatalab.mnv.Settings"]}, {"fccbb3929a3ffb9362f00f28b50bdc06": ["26", "jp.gr.java_conf.hatalab.mnv.Settings"]}, {"82d68b58f2c4ac8332b75d4dfc53a4ec": ["38", "jp.gr.java_conf.hatalab.mnv.Settings"]}, {"944b20db94ba86a7042070d030f1c77f": ["77", "jp.gr.java_conf.hatalab.mnv.Settings"]}, {"944b20db94ba86a7042070d030f1c77f": ["77", "jp.gr.java_conf.hatalab.mnv.Settings"]}, {"24c74246c38a230396b112404aa31cb0": ["49", "jp.gr.java_conf.hatalab.mnv.Settings"]}, {"aaeb37d302ea3c2106c0d0197c697e45": ["25", "jp.gr.java_conf.hatalab.mnv.Settings"]}, {"746d0118eb0493305193015a68005da7": ["18", "jp.gr.java_conf.hatalab.mnv.Settings"]}, {"23a829576acdcd49ef41afb9b832149e": ["24", "jp.gr.java_conf.hatalab.mnv.Settings"]}, {"22f808cfd442bf5fa179bdb72fa3d75f": ["34", "jp.gr.java_conf.hatalab.mnv.Settings"]}, {"23a829576acdcd49ef41afb9b832149e": ["24", "jp.gr.java_conf.hatalab.mnv.Settings"]}, {"22f808cfd442bf5fa179bdb72fa3d75f": ["34", "jp.gr.java_conf.hatalab.mnv.Settings"]}, {"47750acba33fc37523270e293051df5f": ["33", "jp.gr.java_conf.hatalab.mnv.Settings"]}, {"22f808cfd442bf5fa179bdb72fa3d75f": ["34", "jp.gr.java_conf.hatalab.mnv.Settings"]}, {"22f808cfd442bf5fa179bdb72fa3d75f": ["34", "jp.gr.java_conf.hatalab.mnv.Settings"]}, {"22f808cfd442bf5fa179bdb72fa3d75f": ["34", "jp.gr.java_conf.hatalab.mnv.Settings"]}, {"2b3c15b6415d9cdf81a46e5f612a07f7": ["35", "jp.gr.java_conf.hatalab.mnv.Settings"]}, {"fccbb3929a3ffb9362f00f28b50bdc06": ["26", "jp.gr.java_conf.hatalab.mnv.Settings"]}, {"2b3c15b6415d9cdf81a46e5f612a07f7": ["35", "jp.gr.java_conf.hatalab.mnv.Settings"]}, {"fccbb3929a3ffb9362f00f28b50bdc06": ["26", "jp.gr.java_conf.hatalab.mnv.Settings"]}, {"2b3c15b6415d9cdf81a46e5f612a07f7": ["35", "jp.gr.java_conf.hatalab.mnv.Settings"]}, {"2b3c15b6415d9cdf81a46e5f612a07f7": ["35", "jp.gr.java_conf.hatalab.mnv.Settings"]}, {"2b3c15b6415d9cdf81a46e5f612a07f7": ["35", "jp.gr.java_conf.hatalab.mnv.Settings"]}, {"2b3c15b6415d9cdf81a46e5f612a07f7": ["35", "jp.gr.java_conf.hatalab.mnv.Settings"]}, {"2b3c15b6415d9cdf81a46e5f612a07f7": ["35", "jp.gr.java_conf.hatalab.mnv.Settings"]}, {"aaeb37d302ea3c2106c0d0197c697e45": ["25", "jp.gr.java_conf.hatalab.mnv.Settings"]}, {"35ec4915d6d8334d7a9534f10adc8610": ["27", "jp.gr.java_conf.hatalab.mnv.Settings"]}, {"35ec4915d6d8334d7a9534f10adc8610": ["27", "jp.gr.java_conf.hatalab.mnv.Settings"]}, {"23a829576acdcd49ef41afb9b832149e": ["24", "jp.gr.java_conf.hatalab.mnv.Settings"]}, {"746d0118eb0493305193015a68005da7": ["18", "jp.gr.java_conf.hatalab.mnv.Settings"]}, {"a05247f56d75e9131feeaeda28a4ac54": ["19", "jp.gr.java_conf.hatalab.mnv.Settings"]}, {"746d0118eb0493305193015a68005da7": ["18", "jp.gr.java_conf.hatalab.mnv.Settings"]}, {"746d0118eb0493305193015a68005da7": ["18", "jp.gr.java_conf.hatalab.mnv.Settings"]}, {"47750acba33fc37523270e293051df5f": ["33", "jp.gr.java_conf.hatalab.mnv.Settings"]}, {"746d0118eb0493305193015a68005da7": ["18", "jp.gr.java_conf.hatalab.mnv.Settings"]}, {"47750acba33fc37523270e293051df5f": ["33", "jp.gr.java_conf.hatalab.mnv.Settings"]}, {"746d0118eb0493305193015a68005da7": ["18", "jp.gr.java_conf.hatalab.mnv.Settings"]}, {"448c91f0fb1286358f67be633001f3f9": ["20", "jp.gr.java_conf.hatalab.mnv.SelectDirName"]}, {"746d0118eb0493305193015a68005da7": ["18", "jp.gr.java_conf.hatalab.mnv.Settings"]}, {"47750acba33fc37523270e293051df5f": ["33", "jp.gr.java_conf.hatalab.mnv.Settings"]}, {"0898c4ac8b5ecac4d75f9723f235aa01": ["31", "jp.gr.java_conf.hatalab.mnv.Settings"]}, {"a05247f56d75e9131feeaeda28a4ac54": ["19", "jp.gr.java_conf.hatalab.mnv.Settings"]}, {"0898c4ac8b5ecac4d75f9723f235aa01": ["31", "jp.gr.java_conf.hatalab.mnv.Settings"]}, {"23a829576acdcd49ef41afb9b832149e": ["24", "jp.gr.java_conf.hatalab.mnv.Settings"]}, {"0898c4ac8b5ecac4d75f9723f235aa01": ["31", "jp.gr.java_conf.hatalab.mnv.Settings"]}, {"a05247f56d75e9131feeaeda28a4ac54": ["19", "jp.gr.java_conf.hatalab.mnv.Settings"]}, {"0898c4ac8b5ecac4d75f9723f235aa01": ["31", "jp.gr.java_conf.hatalab.mnv.Settings"]}, {"fccbb3929a3ffb9362f00f28b50bdc06": ["26", "jp.gr.java_conf.hatalab.mnv.Settings"]}, {"0898c4ac8b5ecac4d75f9723f235aa01": ["31", "jp.gr.java_conf.hatalab.mnv.Settings"]}, {"0898c4ac8b5ecac4d75f9723f235aa01": ["31", "jp.gr.java_conf.hatalab.mnv.Settings"]}, {"0898c4ac8b5ecac4d75f9723f235aa01": ["31", "jp.gr.java_conf.hatalab.mnv.Settings"]}, {"1aab2af79127e84652f879525f0e5ea8": ["22", "jp.gr.java_conf.hatalab.mnv.Settings"]}, {"0898c4ac8b5ecac4d75f9723f235aa01": ["31", "jp.gr.java_conf.hatalab.mnv.Settings"]}, {"47750acba33fc37523270e293051df5f": ["33", "jp.gr.java_conf.hatalab.mnv.Settings"]}, {"0898c4ac8b5ecac4d75f9723f235aa01": ["31", "jp.gr.java_conf.hatalab.mnv.Settings"]}, {"23a829576acdcd49ef41afb9b832149e": ["24", "jp.gr.java_conf.hatalab.mnv.Settings"]}, {"3ac2618c2710215fc1f6780732cc04f2": ["23", "jp.gr.java_conf.hatalab.mnv.Settings"]}, {"23a829576acdcd49ef41afb9b832149e": ["24", "jp.gr.java_conf.hatalab.mnv.Settings"]}, {"3ac2618c2710215fc1f6780732cc04f2": ["23", "jp.gr.java_conf.hatalab.mnv.Settings"]}, {"3ac2618c2710215fc1f6780732cc04f2": ["23", "jp.gr.java_conf.hatalab.mnv.Settings"]}, {"3ac2618c2710215fc1f6780732cc04f2": ["23", "jp.gr.java_conf.hatalab.mnv.Settings"]}, {"23a829576acdcd49ef41afb9b832149e": ["24", "jp.gr.java_conf.hatalab.mnv.Settings"]}, {"aaeb37d302ea3c2106c0d0197c697e45": ["25", "jp.gr.java_conf.hatalab.mnv.Settings"]}, {"aaeb37d302ea3c2106c0d0197c697e45": ["25", "jp.gr.java_conf.hatalab.mnv.Settings"]}, {"aaeb37d302ea3c2106c0d0197c697e45": ["25", "jp.gr.java_conf.hatalab.mnv.Settings"]}, {"aaeb37d302ea3c2106c0d0197c697e45": ["25", "jp.gr.java_conf.hatalab.mnv.Settings"]}, {"aaeb37d302ea3c2106c0d0197c697e45": ["25", "jp.gr.java_conf.hatalab.mnv.Settings"]}, {"52b47cca8411620b1ec4cf408872c963": ["78", "jp.gr.java_conf.hatalab.mnv.MainActivity"]}, {"52b47cca8411620b1ec4cf408872c963": ["78", "jp.gr.java_conf.hatalab.mnv.MainActivity"]}, {"52b47cca8411620b1ec4cf408872c963": ["78", "jp.gr.java_conf.hatalab.mnv.MainActivity"]}, {"52b47cca8411620b1ec4cf408872c963": ["78", "jp.gr.java_conf.hatalab.mnv.MainActivity"]}, {"52b47cca8411620b1ec4cf408872c963": ["78", "jp.gr.java_conf.hatalab.mnv.MainActivity"]}, {"52b47cca8411620b1ec4cf408872c963": ["78", "jp.gr.java_conf.hatalab.mnv.MainActivity"]}, {"52b47cca8411620b1ec4cf408872c963": ["78", "jp.gr.java_conf.hatalab.mnv.MainActivity"]}, {"52b47cca8411620b1ec4cf408872c963": ["78", "jp.gr.java_conf.hatalab.mnv.MainActivity"]}, {"52b47cca8411620b1ec4cf408872c963": ["78", "jp.gr.java_conf.hatalab.mnv.MainActivity"]}, {"52b47cca8411620b1ec4cf408872c963": ["78", "jp.gr.java_conf.hatalab.mnv.MainActivity"]}, {"52b47cca8411620b1ec4cf408872c963": ["78", "jp.gr.java_conf.hatalab.mnv.MainActivity"]}, {"52b47cca8411620b1ec4cf408872c963": ["78", "jp.gr.java_conf.hatalab.mnv.MainActivity"]}, {"52b47cca8411620b1ec4cf408872c963": ["78", "jp.gr.java_conf.hatalab.mnv.MainActivity"]}, {"52b47cca8411620b1ec4cf408872c963": ["78", "jp.gr.java_conf.hatalab.mnv.MainActivity"]}, {"52b47cca8411620b1ec4cf408872c963": ["78", "jp.gr.java_conf.hatalab.mnv.MainActivity"]}, {"decf3ef66936e2f19c84b60bbac41a16": ["79", "jp.gr.java_conf.hatalab.mnv.MainActivity"]}, {"52b47cca8411620b1ec4cf408872c963": ["78", "jp.gr.java_conf.hatalab.mnv.MainActivity"]}, {"decf3ef66936e2f19c84b60bbac41a16": ["79", "jp.gr.java_conf.hatalab.mnv.MainActivity"]}, {"52b47cca8411620b1ec4cf408872c963": ["78", "jp.gr.java_conf.hatalab.mnv.MainActivity"]}, {"52b47cca8411620b1ec4cf408872c963": ["78", "jp.gr.java_conf.hatalab.mnv.MainActivity"]}, {"463c0e5cd80edf846883910f3315ad01": ["80", "jp.gr.java_conf.hatalab.mnv.MainActivity"]}, {"52b47cca8411620b1ec4cf408872c963": ["78", "jp.gr.java_conf.hatalab.mnv.MainActivity"]}, {"52b47cca8411620b1ec4cf408872c963": ["78", "jp.gr.java_conf.hatalab.mnv.MainActivity"]}, {"52b47cca8411620b1ec4cf408872c963": ["78", "jp.gr.java_conf.hatalab.mnv.MainActivity"]}, {"463c0e5cd80edf846883910f3315ad01": ["80", "jp.gr.java_conf.hatalab.mnv.MainActivity"]}, {"9b5ec98d2baa1a426cdca13a976a8789": ["81", "jp.gr.java_conf.hatalab.mnv.MainActivity"]}, {"a605b2168ae38210455cd4f8d78a3a0f": ["41", "jp.gr.java_conf.hatalab.mnv.GrepActivity"]}, {"a605b2168ae38210455cd4f8d78a3a0f": ["41", "jp.gr.java_conf.hatalab.mnv.GrepActivity"]}, {"a605b2168ae38210455cd4f8d78a3a0f": ["41", "jp.gr.java_conf.hatalab.mnv.GrepActivity"]}, {"a605b2168ae38210455cd4f8d78a3a0f": ["41", "jp.gr.java_conf.hatalab.mnv.GrepActivity"]}, {"a605b2168ae38210455cd4f8d78a3a0f": ["41", "jp.gr.java_conf.hatalab.mnv.GrepActivity"]}, {"9b5ec98d2baa1a426cdca13a976a8789": ["81", "jp.gr.java_conf.hatalab.mnv.MainActivity"]}, {"463c0e5cd80edf846883910f3315ad01": ["80", "jp.gr.java_conf.hatalab.mnv.MainActivity"]}, {"9b5ec98d2baa1a426cdca13a976a8789": ["81", "jp.gr.java_conf.hatalab.mnv.MainActivity"]}, {"9b5ec98d2baa1a426cdca13a976a8789": ["81", "jp.gr.java_conf.hatalab.mnv.MainActivity"]}, {"9b5ec98d2baa1a426cdca13a976a8789": ["81", "jp.gr.java_conf.hatalab.mnv.MainActivity"]}, {"9b5ec98d2baa1a426cdca13a976a8789": ["81", "jp.gr.java_conf.hatalab.mnv.MainActivity"]}, {"52b47cca8411620b1ec4cf408872c963": ["78", "jp.gr.java_conf.hatalab.mnv.MainActivity"]}, {"463c0e5cd80edf846883910f3315ad01": ["80", "jp.gr.java_conf.hatalab.mnv.MainActivity"]}, {"9b5ec98d2baa1a426cdca13a976a8789": ["81", "jp.gr.java_conf.hatalab.mnv.MainActivity"]}, {"52b47cca8411620b1ec4cf408872c963": ["78", "jp.gr.java_conf.hatalab.mnv.MainActivity"]}, {"463c0e5cd80edf846883910f3315ad01": ["80", "jp.gr.java_conf.hatalab.mnv.MainActivity"]}, {"52b47cca8411620b1ec4cf408872c963": ["78", "jp.gr.java_conf.hatalab.mnv.MainActivity"]}, {"a605b2168ae38210455cd4f8d78a3a0f": ["41", "jp.gr.java_conf.hatalab.mnv.GrepActivity"]}, {"a605b2168ae38210455cd4f8d78a3a0f": ["41", "jp.gr.java_conf.hatalab.mnv.GrepActivity"]}, {"a605b2168ae38210455cd4f8d78a3a0f": ["41", "jp.gr.java_conf.hatalab.mnv.GrepActivity"]}, {"a605b2168ae38210455cd4f8d78a3a0f": ["41", "jp.gr.java_conf.hatalab.mnv.GrepActivity"]}, {"a605b2168ae38210455cd4f8d78a3a0f": ["41", "jp.gr.java_conf.hatalab.mnv.GrepActivity"]}, {"4c9c09cd15823fa86789b66647c2d3c8": ["42", "jp.gr.java_conf.hatalab.mnv.GrepActivity"]}, {"a605b2168ae38210455cd4f8d78a3a0f": ["41", "jp.gr.java_conf.hatalab.mnv.GrepActivity"]}, {"a605b2168ae38210455cd4f8d78a3a0f": ["41", "jp.gr.java_conf.hatalab.mnv.GrepActivity"]}, {"a605b2168ae38210455cd4f8d78a3a0f": ["41", "jp.gr.java_conf.hatalab.mnv.GrepActivity"]}, {"a605b2168ae38210455cd4f8d78a3a0f": ["41", "jp.gr.java_conf.hatalab.mnv.GrepActivity"]}, {"a605b2168ae38210455cd4f8d78a3a0f": ["41", "jp.gr.java_conf.hatalab.mnv.GrepActivity"]}, {"a605b2168ae38210455cd4f8d78a3a0f": ["41", "jp.gr.java_conf.hatalab.mnv.GrepActivity"]}, {"a605b2168ae38210455cd4f8d78a3a0f": ["41", "jp.gr.java_conf.hatalab.mnv.GrepActivity"]}, {"a605b2168ae38210455cd4f8d78a3a0f": ["41", "jp.gr.java_conf.hatalab.mnv.GrepActivity"]}, {"a605b2168ae38210455cd4f8d78a3a0f": ["41", "jp.gr.java_conf.hatalab.mnv.GrepActivity"]}, {"a605b2168ae38210455cd4f8d78a3a0f": ["41", "jp.gr.java_conf.hatalab.mnv.GrepActivity"]}, {"a605b2168ae38210455cd4f8d78a3a0f": ["41", "jp.gr.java_conf.hatalab.mnv.GrepActivity"]}, {"a605b2168ae38210455cd4f8d78a3a0f": ["41", "jp.gr.java_conf.hatalab.mnv.GrepActivity"]}, {"a605b2168ae38210455cd4f8d78a3a0f": ["41", "jp.gr.java_conf.hatalab.mnv.GrepActivity"]}, {"a605b2168ae38210455cd4f8d78a3a0f": ["41", "jp.gr.java_conf.hatalab.mnv.GrepActivity"]}, {"a605b2168ae38210455cd4f8d78a3a0f": ["41", "jp.gr.java_conf.hatalab.mnv.GrepActivity"]}, {"52b47cca8411620b1ec4cf408872c963": ["78", "jp.gr.java_conf.hatalab.mnv.MainActivity"]}, {"52b47cca8411620b1ec4cf408872c963": ["78", "jp.gr.java_conf.hatalab.mnv.MainActivity"]}, {"52b47cca8411620b1ec4cf408872c963": ["78", "jp.gr.java_conf.hatalab.mnv.MainActivity"]}, {"52b47cca8411620b1ec4cf408872c963": ["78", "jp.gr.java_conf.hatalab.mnv.MainActivity"]}, {"52b47cca8411620b1ec4cf408872c963": ["78", "jp.gr.java_conf.hatalab.mnv.MainActivity"]}, {"52b47cca8411620b1ec4cf408872c963": ["78", "jp.gr.java_conf.hatalab.mnv.MainActivity"]}, {"52b47cca8411620b1ec4cf408872c963": ["78", "jp.gr.java_conf.hatalab.mnv.MainActivity"]}, {"52b47cca8411620b1ec4cf408872c963": ["78", "jp.gr.java_conf.hatalab.mnv.MainActivity"]}, {"52b47cca8411620b1ec4cf408872c963": ["78", "jp.gr.java_conf.hatalab.mnv.MainActivity"]}, {"52b47cca8411620b1ec4cf408872c963": ["78", "jp.gr.java_conf.hatalab.mnv.MainActivity"]}, {"52b47cca8411620b1ec4cf408872c963": ["78", "jp.gr.java_conf.hatalab.mnv.MainActivity"]}, {"52b47cca8411620b1ec4cf408872c963": ["78", "jp.gr.java_conf.hatalab.mnv.MainActivity"]}, {"52b47cca8411620b1ec4cf408872c963": ["78", "jp.gr.java_conf.hatalab.mnv.MainActivity"]}, {"52b47cca8411620b1ec4cf408872c963": ["78", "jp.gr.java_conf.hatalab.mnv.MainActivity"]}, {"52b47cca8411620b1ec4cf408872c963": ["78", "jp.gr.java_conf.hatalab.mnv.MainActivity"]}, {"52b47cca8411620b1ec4cf408872c963": ["78", "jp.gr.java_conf.hatalab.mnv.MainActivity"]}, {"52b47cca8411620b1ec4cf408872c963": ["78", "jp.gr.java_conf.hatalab.mnv.MainActivity"]}, {"52b47cca8411620b1ec4cf408872c963": ["78", "jp.gr.java_conf.hatalab.mnv.MainActivity"]}, {"52b47cca8411620b1ec4cf408872c963": ["78", "jp.gr.java_conf.hatalab.mnv.MainActivity"]}, {"52b47cca8411620b1ec4cf408872c963": ["78", "jp.gr.java_conf.hatalab.mnv.MainActivity"]}, {"52b47cca8411620b1ec4cf408872c963": ["78", "jp.gr.java_conf.hatalab.mnv.MainActivity"]}, {"52b47cca8411620b1ec4cf408872c963": ["78", "jp.gr.java_conf.hatalab.mnv.MainActivity"]}, {"52b47cca8411620b1ec4cf408872c963": ["78", "jp.gr.java_conf.hatalab.mnv.MainActivity"]}, {"52b47cca8411620b1ec4cf408872c963": ["78", "jp.gr.java_conf.hatalab.mnv.MainActivity"]}, {"52b47cca8411620b1ec4cf408872c963": ["78", "jp.gr.java_conf.hatalab.mnv.MainActivity"]}, {"52b47cca8411620b1ec4cf408872c963": ["78", "jp.gr.java_conf.hatalab.mnv.MainActivity"]}, {"52b47cca8411620b1ec4cf408872c963": ["78", "jp.gr.java_conf.hatalab.mnv.MainActivity"]}, {"52b47cca8411620b1ec4cf408872c963": ["78", "jp.gr.java_conf.hatalab.mnv.MainActivity"]}, {"52b47cca8411620b1ec4cf408872c963": ["78", "jp.gr.java_conf.hatalab.mnv.MainActivity"]}, {"52b47cca8411620b1ec4cf408872c963": ["78", "jp.gr.java_conf.hatalab.mnv.MainActivity"]}, {"52b47cca8411620b1ec4cf408872c963": ["78", "jp.gr.java_conf.hatalab.mnv.MainActivity"]}, {"52b47cca8411620b1ec4cf408872c963": ["78", "jp.gr.java_conf.hatalab.mnv.MainActivity"]}, {"52b47cca8411620b1ec4cf408872c963": ["78", "jp.gr.java_conf.hatalab.mnv.MainActivity"]}, {"52b47cca8411620b1ec4cf408872c963": ["78", "jp.gr.java_conf.hatalab.mnv.MainActivity"]}, {"52b47cca8411620b1ec4cf408872c963": ["78", "jp.gr.java_conf.hatalab.mnv.MainActivity"]}, {"52b47cca8411620b1ec4cf408872c963": ["78", "jp.gr.java_conf.hatalab.mnv.MainActivity"]}, {"52b47cca8411620b1ec4cf408872c963": ["78", "jp.gr.java_conf.hatalab.mnv.MainActivity"]}, {"52b47cca8411620b1ec4cf408872c963": ["78", "jp.gr.java_conf.hatalab.mnv.MainActivity"]}, {"52b47cca8411620b1ec4cf408872c963": ["78", "jp.gr.java_conf.hatalab.mnv.MainActivity"]}, {"52b47cca8411620b1ec4cf408872c963": ["78", "jp.gr.java_conf.hatalab.mnv.MainActivity"]}, {"52b47cca8411620b1ec4cf408872c963": ["78", "jp.gr.java_conf.hatalab.mnv.MainActivity"]}, {"decf3ef66936e2f19c84b60bbac41a16": ["79", "jp.gr.java_conf.hatalab.mnv.MainActivity"]}, {"52b47cca8411620b1ec4cf408872c963": ["78", "jp.gr.java_conf.hatalab.mnv.MainActivity"]}, {"decf3ef66936e2f19c84b60bbac41a16": ["79", "jp.gr.java_conf.hatalab.mnv.MainActivity"]}, {"52b47cca8411620b1ec4cf408872c963": ["78", "jp.gr.java_conf.hatalab.mnv.MainActivity"]}, {"52b47cca8411620b1ec4cf408872c963": ["78", "jp.gr.java_conf.hatalab.mnv.MainActivity"]}, {"52b47cca8411620b1ec4cf408872c963": ["78", "jp.gr.java_conf.hatalab.mnv.MainActivity"]}, {"52b47cca8411620b1ec4cf408872c963": ["78", "jp.gr.java_conf.hatalab.mnv.MainActivity"]}, {"ba7d8cc967c92c0994cf478223408415": ["53", "jp.gr.java_conf.hatalab.mnv.TextEdit"]}, {"ba7d8cc967c92c0994cf478223408415": ["53", "jp.gr.java_conf.hatalab.mnv.TextEdit"]}, {"ba7d8cc967c92c0994cf478223408415": ["53", "jp.gr.java_conf.hatalab.mnv.TextEdit"]}, {"ba7d8cc967c92c0994cf478223408415": ["53", "jp.gr.java_conf.hatalab.mnv.TextEdit"]}, {"decf3ef66936e2f19c84b60bbac41a16": ["79", "jp.gr.java_conf.hatalab.mnv.MainActivity"]}, {"52b47cca8411620b1ec4cf408872c963": ["78", "jp.gr.java_conf.hatalab.mnv.MainActivity"]}, {"decf3ef66936e2f19c84b60bbac41a16": ["79", "jp.gr.java_conf.hatalab.mnv.MainActivity"]}, {"52b47cca8411620b1ec4cf408872c963": ["78", "jp.gr.java_conf.hatalab.mnv.MainActivity"]}, {"52b47cca8411620b1ec4cf408872c963": ["78", "jp.gr.java_conf.hatalab.mnv.MainActivity"]}, {"decf3ef66936e2f19c84b60bbac41a16": ["79", "jp.gr.java_conf.hatalab.mnv.MainActivity"]}, {"ba7d8cc967c92c0994cf478223408415": ["53", "jp.gr.java_conf.hatalab.mnv.TextEdit"]}, {"ba7d8cc967c92c0994cf478223408415": ["53", "jp.gr.java_conf.hatalab.mnv.TextEdit"]}, {"ba7d8cc967c92c0994cf478223408415": ["53", "jp.gr.java_conf.hatalab.mnv.TextEdit"]}, {"52b47cca8411620b1ec4cf408872c963": ["78", "jp.gr.java_conf.hatalab.mnv.MainActivity"]}, {"52b47cca8411620b1ec4cf408872c963": ["78", "jp.gr.java_conf.hatalab.mnv.MainActivity"]}, {"53fdcd85fe3fce742589e7a43979471d": ["82", "jp.gr.java_conf.hatalab.mnv.MainActivity"]}, {"02f682f6c97803986f674391de1e242f": ["83", "jp.gr.java_conf.hatalab.mnv.MainActivity"]}, {"decf3ef66936e2f19c84b60bbac41a16": ["79", "jp.gr.java_conf.hatalab.mnv.MainActivity"]}, {"02f682f6c97803986f674391de1e242f": ["83", "jp.gr.java_conf.hatalab.mnv.MainActivity"]}, {"53fdcd85fe3fce742589e7a43979471d": ["82", "jp.gr.java_conf.hatalab.mnv.MainActivity"]}, {"53fdcd85fe3fce742589e7a43979471d": ["82", "jp.gr.java_conf.hatalab.mnv.MainActivity"]}, {"52b47cca8411620b1ec4cf408872c963": ["78", "jp.gr.java_conf.hatalab.mnv.MainActivity"]}, {"52b47cca8411620b1ec4cf408872c963": ["78", "jp.gr.java_conf.hatalab.mnv.MainActivity"]}, {"52b47cca8411620b1ec4cf408872c963": ["78", "jp.gr.java_conf.hatalab.mnv.MainActivity"]}, {"52b47cca8411620b1ec4cf408872c963": ["78", "jp.gr.java_conf.hatalab.mnv.MainActivity"]}, {"52b47cca8411620b1ec4cf408872c963": ["78", "jp.gr.java_conf.hatalab.mnv.MainActivity"]}, {"52b47cca8411620b1ec4cf408872c963": ["78", "jp.gr.java_conf.hatalab.mnv.MainActivity"]}, {"52b47cca8411620b1ec4cf408872c963": ["78", "jp.gr.java_conf.hatalab.mnv.MainActivity"]}, {"52b47cca8411620b1ec4cf408872c963": ["78", "jp.gr.java_conf.hatalab.mnv.MainActivity"]}, {"4eed5152258d078dfbf4a5dd59989ce3": ["84", "jp.gr.java_conf.hatalab.mnv.MainActivity"]}, {"52b47cca8411620b1ec4cf408872c963": ["78", "jp.gr.java_conf.hatalab.mnv.MainActivity"]}, {"4eed5152258d078dfbf4a5dd59989ce3": ["84", "jp.gr.java_conf.hatalab.mnv.MainActivity"]}, {"463c0e5cd80edf846883910f3315ad01": ["80", "jp.gr.java_conf.hatalab.mnv.MainActivity"]}, {"ba7d8cc967c92c0994cf478223408415": ["53", "jp.gr.java_conf.hatalab.mnv.TextEdit"]}, {"ba7d8cc967c92c0994cf478223408415": ["53", "jp.gr.java_conf.hatalab.mnv.TextEdit"]}, {"ba7d8cc967c92c0994cf478223408415": ["53", "jp.gr.java_conf.hatalab.mnv.TextEdit"]}, {"dff1d2a6016ccf0f5b4e60575b1dd6d0": ["85", "jp.gr.java_conf.hatalab.mnv.TextEdit"]}, {"dff1d2a6016ccf0f5b4e60575b1dd6d0": ["85", "jp.gr.java_conf.hatalab.mnv.TextEdit"]}, {"dff1d2a6016ccf0f5b4e60575b1dd6d0": ["85", "jp.gr.java_conf.hatalab.mnv.TextEdit"]}, {"dff1d2a6016ccf0f5b4e60575b1dd6d0": ["85", "jp.gr.java_conf.hatalab.mnv.TextEdit"]}, {"dff1d2a6016ccf0f5b4e60575b1dd6d0": ["85", "jp.gr.java_conf.hatalab.mnv.TextEdit"]}, {"dff1d2a6016ccf0f5b4e60575b1dd6d0": ["85", "jp.gr.java_conf.hatalab.mnv.TextEdit"]}, {"dff1d2a6016ccf0f5b4e60575b1dd6d0": ["85", "jp.gr.java_conf.hatalab.mnv.TextEdit"]}, {"dff1d2a6016ccf0f5b4e60575b1dd6d0": ["85", "jp.gr.java_conf.hatalab.mnv.TextEdit"]}, {"dff1d2a6016ccf0f5b4e60575b1dd6d0": ["85", "jp.gr.java_conf.hatalab.mnv.TextEdit"]}, {"dff1d2a6016ccf0f5b4e60575b1dd6d0": ["85", "jp.gr.java_conf.hatalab.mnv.TextEdit"]}, {"dff1d2a6016ccf0f5b4e60575b1dd6d0": ["85", "jp.gr.java_conf.hatalab.mnv.TextEdit"]}, {"dff1d2a6016ccf0f5b4e60575b1dd6d0": ["85", "jp.gr.java_conf.hatalab.mnv.TextEdit"]}]