[{"e0ed11ff578e85890a6111359eb40458": ["0", "jp.sblo.pandora.aGrep.Settings"]}, {"e0ed11ff578e85890a6111359eb40458": ["0", "jp.sblo.pandora.aGrep.Settings"]}, {"f43e025396b76c22f0d80f9a3b227ac3": ["5", "jp.sblo.pandora.aGrep.OptionActivity"]}, {"f43e025396b76c22f0d80f9a3b227ac3": ["5", "jp.sblo.pandora.aGrep.OptionActivity"]}, {"f43e025396b76c22f0d80f9a3b227ac3": ["5", "jp.sblo.pandora.aGrep.OptionActivity"]}, {"f43e025396b76c22f0d80f9a3b227ac3": ["5", "jp.sblo.pandora.aGrep.OptionActivity"]}, {"f43e025396b76c22f0d80f9a3b227ac3": ["5", "jp.sblo.pandora.aGrep.OptionActivity"]}, {"f43e025396b76c22f0d80f9a3b227ac3": ["5", "jp.sblo.pandora.aGrep.OptionActivity"]}, {"f43e025396b76c22f0d80f9a3b227ac3": ["5", "jp.sblo.pandora.aGrep.OptionActivity"]}, {"f43e025396b76c22f0d80f9a3b227ac3": ["5", "jp.sblo.pandora.aGrep.OptionActivity"]}, {"f6945a46f0d3627d46e60e21d13ba72e": ["6", "jp.sblo.pandora.aGrep.OptionActivity"]}, {"f43e025396b76c22f0d80f9a3b227ac3": ["5", "jp.sblo.pandora.aGrep.OptionActivity"]}, {"f6945a46f0d3627d46e60e21d13ba72e": ["6", "jp.sblo.pandora.aGrep.OptionActivity"]}, {"f43e025396b76c22f0d80f9a3b227ac3": ["5", "jp.sblo.pandora.aGrep.OptionActivity"]}, {"f43e025396b76c22f0d80f9a3b227ac3": ["5", "jp.sblo.pandora.aGrep.OptionActivity"]}, {"f43e025396b76c22f0d80f9a3b227ac3": ["5", "jp.sblo.pandora.aGrep.OptionActivity"]}, {"f6945a46f0d3627d46e60e21d13ba72e": ["6", "jp.sblo.pandora.aGrep.OptionActivity"]}, {"f43e025396b76c22f0d80f9a3b227ac3": ["5", "jp.sblo.pandora.aGrep.OptionActivity"]}, {"f43e025396b76c22f0d80f9a3b227ac3": ["5", "jp.sblo.pandora.aGrep.OptionActivity"]}, {"f43e025396b76c22f0d80f9a3b227ac3": ["5", "jp.sblo.pandora.aGrep.OptionActivity"]}, {"f43e025396b76c22f0d80f9a3b227ac3": ["5", "jp.sblo.pandora.aGrep.OptionActivity"]}, {"f6945a46f0d3627d46e60e21d13ba72e": ["6", "jp.sblo.pandora.aGrep.OptionActivity"]}, {"f43e025396b76c22f0d80f9a3b227ac3": ["5", "jp.sblo.pandora.aGrep.OptionActivity"]}, {"f6945a46f0d3627d46e60e21d13ba72e": ["6", "jp.sblo.pandora.aGrep.OptionActivity"]}, {"f43e025396b76c22f0d80f9a3b227ac3": ["5", "jp.sblo.pandora.aGrep.OptionActivity"]}, {"f43e025396b76c22f0d80f9a3b227ac3": ["5", "jp.sblo.pandora.aGrep.OptionActivity"]}, {"f43e025396b76c22f0d80f9a3b227ac3": ["5", "jp.sblo.pandora.aGrep.OptionActivity"]}, {"f6945a46f0d3627d46e60e21d13ba72e": ["6", "jp.sblo.pandora.aGrep.OptionActivity"]}, {"f43e025396b76c22f0d80f9a3b227ac3": ["5", "jp.sblo.pandora.aGrep.OptionActivity"]}, {"f6945a46f0d3627d46e60e21d13ba72e": ["6", "jp.sblo.pandora.aGrep.OptionActivity"]}, {"f43e025396b76c22f0d80f9a3b227ac3": ["5", "jp.sblo.pandora.aGrep.OptionActivity"]}, {"f43e025396b76c22f0d80f9a3b227ac3": ["5", "jp.sblo.pandora.aGrep.OptionActivity"]}, {"f43e025396b76c22f0d80f9a3b227ac3": ["5", "jp.sblo.pandora.aGrep.OptionActivity"]}, {"f6945a46f0d3627d46e60e21d13ba72e": ["6", "jp.sblo.pandora.aGrep.OptionActivity"]}, {"f43e025396b76c22f0d80f9a3b227ac3": ["5", "jp.sblo.pandora.aGrep.OptionActivity"]}, {"f43e025396b76c22f0d80f9a3b227ac3": ["5", "jp.sblo.pandora.aGrep.OptionActivity"]}, {"f43e025396b76c22f0d80f9a3b227ac3": ["5", "jp.sblo.pandora.aGrep.OptionActivity"]}, {"f43e025396b76c22f0d80f9a3b227ac3": ["5", "jp.sblo.pandora.aGrep.OptionActivity"]}, {"f43e025396b76c22f0d80f9a3b227ac3": ["5", "jp.sblo.pandora.aGrep.OptionActivity"]}, {"f43e025396b76c22f0d80f9a3b227ac3": ["5", "jp.sblo.pandora.aGrep.OptionActivity"]}, {"f6945a46f0d3627d46e60e21d13ba72e": ["6", "jp.sblo.pandora.aGrep.OptionActivity"]}, {"e0ed11ff578e85890a6111359eb40458": ["0", "jp.sblo.pandora.aGrep.Settings"]}, {"e0ed11ff578e85890a6111359eb40458": ["0", "jp.sblo.pandora.aGrep.Settings"]}, {"e0ed11ff578e85890a6111359eb40458": ["0", "jp.sblo.pandora.aGrep.Settings"]}, {"e0ed11ff578e85890a6111359eb40458": ["0", "jp.sblo.pandora.aGrep.Settings"]}, {"bd9c5f047f7981b5c918d89906cf0f9c": ["7", "jp.sblo.pandora.aGrep.OptionActivity"]}, {"f6945a46f0d3627d46e60e21d13ba72e": ["6", "jp.sblo.pandora.aGrep.OptionActivity"]}, {"bd9c5f047f7981b5c918d89906cf0f9c": ["7", "jp.sblo.pandora.aGrep.OptionActivity"]}, {"f6945a46f0d3627d46e60e21d13ba72e": ["6", "jp.sblo.pandora.aGrep.OptionActivity"]}, {"bd9c5f047f7981b5c918d89906cf0f9c": ["7", "jp.sblo.pandora.aGrep.OptionActivity"]}, {"bd9c5f047f7981b5c918d89906cf0f9c": ["7", "jp.sblo.pandora.aGrep.OptionActivity"]}, {"f6945a46f0d3627d46e60e21d13ba72e": ["6", "jp.sblo.pandora.aGrep.OptionActivity"]}, {"bd9c5f047f7981b5c918d89906cf0f9c": ["7", "jp.sblo.pandora.aGrep.OptionActivity"]}, {"f6945a46f0d3627d46e60e21d13ba72e": ["6", "jp.sblo.pandora.aGrep.OptionActivity"]}, {"bd9c5f047f7981b5c918d89906cf0f9c": ["7", "jp.sblo.pandora.aGrep.OptionActivity"]}, {"f6945a46f0d3627d46e60e21d13ba72e": ["6", "jp.sblo.pandora.aGrep.OptionActivity"]}, {"bd9c5f047f7981b5c918d89906cf0f9c": ["7", "jp.sblo.pandora.aGrep.OptionActivity"]}, {"f6945a46f0d3627d46e60e21d13ba72e": ["6", "jp.sblo.pandora.aGrep.OptionActivity"]}, {"bd9c5f047f7981b5c918d89906cf0f9c": ["7", "jp.sblo.pandora.aGrep.OptionActivity"]}, {"bd9c5f047f7981b5c918d89906cf0f9c": ["7", "jp.sblo.pandora.aGrep.OptionActivity"]}, {"bd9c5f047f7981b5c918d89906cf0f9c": ["7", "jp.sblo.pandora.aGrep.OptionActivity"]}, {"bd9c5f047f7981b5c918d89906cf0f9c": ["7", "jp.sblo.pandora.aGrep.OptionActivity"]}, {"bd9c5f047f7981b5c918d89906cf0f9c": ["7", "jp.sblo.pandora.aGrep.OptionActivity"]}, {"bd9c5f047f7981b5c918d89906cf0f9c": ["7", "jp.sblo.pandora.aGrep.OptionActivity"]}, {"bd9c5f047f7981b5c918d89906cf0f9c": ["7", "jp.sblo.pandora.aGrep.OptionActivity"]}, {"bd9c5f047f7981b5c918d89906cf0f9c": ["7", "jp.sblo.pandora.aGrep.OptionActivity"]}, {"bd9c5f047f7981b5c918d89906cf0f9c": ["7", "jp.sblo.pandora.aGrep.OptionActivity"]}, {"bd9c5f047f7981b5c918d89906cf0f9c": ["7", "jp.sblo.pandora.aGrep.OptionActivity"]}, {"bd9c5f047f7981b5c918d89906cf0f9c": ["7", "jp.sblo.pandora.aGrep.OptionActivity"]}, {"e0ed11ff578e85890a6111359eb40458": ["0", "jp.sblo.pandora.aGrep.Settings"]}, {"e0ed11ff578e85890a6111359eb40458": ["0", "jp.sblo.pandora.aGrep.Settings"]}, {"e0ed11ff578e85890a6111359eb40458": ["0", "jp.sblo.pandora.aGrep.Settings"]}, {"bd9c5f047f7981b5c918d89906cf0f9c": ["7", "jp.sblo.pandora.aGrep.OptionActivity"]}, {"bd9c5f047f7981b5c918d89906cf0f9c": ["7", "jp.sblo.pandora.aGrep.OptionActivity"]}, {"bd9c5f047f7981b5c918d89906cf0f9c": ["7", "jp.sblo.pandora.aGrep.OptionActivity"]}, {"bd9c5f047f7981b5c918d89906cf0f9c": ["7", "jp.sblo.pandora.aGrep.OptionActivity"]}, {"bd9c5f047f7981b5c918d89906cf0f9c": ["7", "jp.sblo.pandora.aGrep.OptionActivity"]}, {"bd9c5f047f7981b5c918d89906cf0f9c": ["7", "jp.sblo.pandora.aGrep.OptionActivity"]}, {"f6945a46f0d3627d46e60e21d13ba72e": ["6", "jp.sblo.pandora.aGrep.OptionActivity"]}, {"bd9c5f047f7981b5c918d89906cf0f9c": ["7", "jp.sblo.pandora.aGrep.OptionActivity"]}, {"bd9c5f047f7981b5c918d89906cf0f9c": ["7", "jp.sblo.pandora.aGrep.OptionActivity"]}, {"bd9c5f047f7981b5c918d89906cf0f9c": ["7", "jp.sblo.pandora.aGrep.OptionActivity"]}, {"bd9c5f047f7981b5c918d89906cf0f9c": ["7", "jp.sblo.pandora.aGrep.OptionActivity"]}, {"bd9c5f047f7981b5c918d89906cf0f9c": ["7", "jp.sblo.pandora.aGrep.OptionActivity"]}, {"bd9c5f047f7981b5c918d89906cf0f9c": ["7", "jp.sblo.pandora.aGrep.OptionActivity"]}, {"bd9c5f047f7981b5c918d89906cf0f9c": ["7", "jp.sblo.pandora.aGrep.OptionActivity"]}, {"f6945a46f0d3627d46e60e21d13ba72e": ["6", "jp.sblo.pandora.aGrep.OptionActivity"]}, {"bd9c5f047f7981b5c918d89906cf0f9c": ["7", "jp.sblo.pandora.aGrep.OptionActivity"]}, {"f6945a46f0d3627d46e60e21d13ba72e": ["6", "jp.sblo.pandora.aGrep.OptionActivity"]}, {"bd9c5f047f7981b5c918d89906cf0f9c": ["7", "jp.sblo.pandora.aGrep.OptionActivity"]}, {"bd9c5f047f7981b5c918d89906cf0f9c": ["7", "jp.sblo.pandora.aGrep.OptionActivity"]}, {"bd9c5f047f7981b5c918d89906cf0f9c": ["7", "jp.sblo.pandora.aGrep.OptionActivity"]}, {"bd9c5f047f7981b5c918d89906cf0f9c": ["7", "jp.sblo.pandora.aGrep.OptionActivity"]}, {"f6945a46f0d3627d46e60e21d13ba72e": ["6", "jp.sblo.pandora.aGrep.OptionActivity"]}, {"bd9c5f047f7981b5c918d89906cf0f9c": ["7", "jp.sblo.pandora.aGrep.OptionActivity"]}, {"bd9c5f047f7981b5c918d89906cf0f9c": ["7", "jp.sblo.pandora.aGrep.OptionActivity"]}, {"bd9c5f047f7981b5c918d89906cf0f9c": ["7", "jp.sblo.pandora.aGrep.OptionActivity"]}, {"bd9c5f047f7981b5c918d89906cf0f9c": ["7", "jp.sblo.pandora.aGrep.OptionActivity"]}, {"f6945a46f0d3627d46e60e21d13ba72e": ["6", "jp.sblo.pandora.aGrep.OptionActivity"]}, {"e0ed11ff578e85890a6111359eb40458": ["0", "jp.sblo.pandora.aGrep.Settings"]}, {"e0ed11ff578e85890a6111359eb40458": ["0", "jp.sblo.pandora.aGrep.Settings"]}, {"1e13702478feb3bb340b9c8948431ccd": ["3", "jp.sblo.pandora.aGrep.FileSelectorActivity"]}, {"b734fe295b7ea32773b1b7c3fc3f0aff": ["4", "jp.sblo.pandora.aGrep.FileSelectorActivity"]}, {"1e13702478feb3bb340b9c8948431ccd": ["3", "jp.sblo.pandora.aGrep.FileSelectorActivity"]}, {"b734fe295b7ea32773b1b7c3fc3f0aff": ["4", "jp.sblo.pandora.aGrep.FileSelectorActivity"]}, {"1e13702478feb3bb340b9c8948431ccd": ["3", "jp.sblo.pandora.aGrep.FileSelectorActivity"]}, {"b734fe295b7ea32773b1b7c3fc3f0aff": ["4", "jp.sblo.pandora.aGrep.FileSelectorActivity"]}, {"1e13702478feb3bb340b9c8948431ccd": ["3", "jp.sblo.pandora.aGrep.FileSelectorActivity"]}, {"b734fe295b7ea32773b1b7c3fc3f0aff": ["4", "jp.sblo.pandora.aGrep.FileSelectorActivity"]}, {"1e13702478feb3bb340b9c8948431ccd": ["3", "jp.sblo.pandora.aGrep.FileSelectorActivity"]}, {"247411c4410eb6d3fe7e67c3867da937": ["13", "jp.sblo.pandora.aGrep.FileSelectorActivity"]}, {"3bab101ef69d2dced37cd0de89cab9d2": ["14", "jp.sblo.pandora.aGrep.FileSelectorActivity"]}, {"25fa28b68581b0f4ce666238a2b6a66d": ["15", "jp.sblo.pandora.aGrep.FileSelectorActivity"]}, {"b734fe295b7ea32773b1b7c3fc3f0aff": ["4", "jp.sblo.pandora.aGrep.FileSelectorActivity"]}, {"25fa28b68581b0f4ce666238a2b6a66d": ["15", "jp.sblo.pandora.aGrep.FileSelectorActivity"]}, {"77ba6488349e488d5905dd51d71cad65": ["12", "jp.sblo.pandora.aGrep.Settings"]}, {"77ba6488349e488d5905dd51d71cad65": ["12", "jp.sblo.pandora.aGrep.Settings"]}, {"77ba6488349e488d5905dd51d71cad65": ["12", "jp.sblo.pandora.aGrep.Settings"]}, {"bd9c5f047f7981b5c918d89906cf0f9c": ["7", "jp.sblo.pandora.aGrep.OptionActivity"]}, {"f6945a46f0d3627d46e60e21d13ba72e": ["6", "jp.sblo.pandora.aGrep.OptionActivity"]}, {"bd9c5f047f7981b5c918d89906cf0f9c": ["7", "jp.sblo.pandora.aGrep.OptionActivity"]}, {"bd9c5f047f7981b5c918d89906cf0f9c": ["7", "jp.sblo.pandora.aGrep.OptionActivity"]}, {"bd9c5f047f7981b5c918d89906cf0f9c": ["7", "jp.sblo.pandora.aGrep.OptionActivity"]}, {"bd9c5f047f7981b5c918d89906cf0f9c": ["7", "jp.sblo.pandora.aGrep.OptionActivity"]}, {"bd9c5f047f7981b5c918d89906cf0f9c": ["7", "jp.sblo.pandora.aGrep.OptionActivity"]}, {"bd9c5f047f7981b5c918d89906cf0f9c": ["7", "jp.sblo.pandora.aGrep.OptionActivity"]}, {"f6945a46f0d3627d46e60e21d13ba72e": ["6", "jp.sblo.pandora.aGrep.OptionActivity"]}, {"bd9c5f047f7981b5c918d89906cf0f9c": ["7", "jp.sblo.pandora.aGrep.OptionActivity"]}, {"f6945a46f0d3627d46e60e21d13ba72e": ["6", "jp.sblo.pandora.aGrep.OptionActivity"]}, {"bd9c5f047f7981b5c918d89906cf0f9c": ["7", "jp.sblo.pandora.aGrep.OptionActivity"]}, {"bd9c5f047f7981b5c918d89906cf0f9c": ["7", "jp.sblo.pandora.aGrep.OptionActivity"]}, {"9f7cd8c2c9a13a545c0758207e68298f": ["26", "jp.sblo.pandora.aGrep.OptionActivity"]}, {"bd9c5f047f7981b5c918d89906cf0f9c": ["7", "jp.sblo.pandora.aGrep.OptionActivity"]}, {"f6945a46f0d3627d46e60e21d13ba72e": ["6", "jp.sblo.pandora.aGrep.OptionActivity"]}, {"bd9c5f047f7981b5c918d89906cf0f9c": ["7", "jp.sblo.pandora.aGrep.OptionActivity"]}, {"f6945a46f0d3627d46e60e21d13ba72e": ["6", "jp.sblo.pandora.aGrep.OptionActivity"]}, {"bd9c5f047f7981b5c918d89906cf0f9c": ["7", "jp.sblo.pandora.aGrep.OptionActivity"]}, {"f6945a46f0d3627d46e60e21d13ba72e": ["6", "jp.sblo.pandora.aGrep.OptionActivity"]}, {"bd9c5f047f7981b5c918d89906cf0f9c": ["7", "jp.sblo.pandora.aGrep.OptionActivity"]}, {"f6945a46f0d3627d46e60e21d13ba72e": ["6", "jp.sblo.pandora.aGrep.OptionActivity"]}, {"bd9c5f047f7981b5c918d89906cf0f9c": ["7", "jp.sblo.pandora.aGrep.OptionActivity"]}, {"f6945a46f0d3627d46e60e21d13ba72e": ["6", "jp.sblo.pandora.aGrep.OptionActivity"]}, {"bd9c5f047f7981b5c918d89906cf0f9c": ["7", "jp.sblo.pandora.aGrep.OptionActivity"]}, {"bd9c5f047f7981b5c918d89906cf0f9c": ["7", "jp.sblo.pandora.aGrep.OptionActivity"]}, {"bd9c5f047f7981b5c918d89906cf0f9c": ["7", "jp.sblo.pandora.aGrep.OptionActivity"]}, {"f6945a46f0d3627d46e60e21d13ba72e": ["6", "jp.sblo.pandora.aGrep.OptionActivity"]}, {"bd9c5f047f7981b5c918d89906cf0f9c": ["7", "jp.sblo.pandora.aGrep.OptionActivity"]}, {"f6945a46f0d3627d46e60e21d13ba72e": ["6", "jp.sblo.pandora.aGrep.OptionActivity"]}, {"bd9c5f047f7981b5c918d89906cf0f9c": ["7", "jp.sblo.pandora.aGrep.OptionActivity"]}, {"bd9c5f047f7981b5c918d89906cf0f9c": ["7", "jp.sblo.pandora.aGrep.OptionActivity"]}, {"bd9c5f047f7981b5c918d89906cf0f9c": ["7", "jp.sblo.pandora.aGrep.OptionActivity"]}, {"bd9c5f047f7981b5c918d89906cf0f9c": ["7", "jp.sblo.pandora.aGrep.OptionActivity"]}, {"bd9c5f047f7981b5c918d89906cf0f9c": ["7", "jp.sblo.pandora.aGrep.OptionActivity"]}, {"bd9c5f047f7981b5c918d89906cf0f9c": ["7", "jp.sblo.pandora.aGrep.OptionActivity"]}, {"f6945a46f0d3627d46e60e21d13ba72e": ["6", "jp.sblo.pandora.aGrep.OptionActivity"]}, {"bd9c5f047f7981b5c918d89906cf0f9c": ["7", "jp.sblo.pandora.aGrep.OptionActivity"]}, {"bd9c5f047f7981b5c918d89906cf0f9c": ["7", "jp.sblo.pandora.aGrep.OptionActivity"]}, {"f6945a46f0d3627d46e60e21d13ba72e": ["6", "jp.sblo.pandora.aGrep.OptionActivity"]}, {"bd9c5f047f7981b5c918d89906cf0f9c": ["7", "jp.sblo.pandora.aGrep.OptionActivity"]}, {"f6945a46f0d3627d46e60e21d13ba72e": ["6", "jp.sblo.pandora.aGrep.OptionActivity"]}]