[{"62930aed9decf72ae20da72ec96e2d15": ["0", "com.android.lolcat.LolcatActivity"]}, {"62930aed9decf72ae20da72ec96e2d15": ["0", "com.android.lolcat.LolcatActivity"]}, {"62930aed9decf72ae20da72ec96e2d15": ["0", "com.android.lolcat.LolcatActivity"]}, {"62930aed9decf72ae20da72ec96e2d15": ["0", "com.android.lolcat.LolcatActivity"]}, {"62930aed9decf72ae20da72ec96e2d15": ["0", "com.android.lolcat.LolcatActivity"]}, {"62930aed9decf72ae20da72ec96e2d15": ["0", "com.android.lolcat.LolcatActivity"]}, {"62930aed9decf72ae20da72ec96e2d15": ["0", "com.android.lolcat.LolcatActivity"]}, {"62930aed9decf72ae20da72ec96e2d15": ["0", "com.android.lolcat.LolcatActivity"]}, {"62930aed9decf72ae20da72ec96e2d15": ["0", "com.android.lolcat.LolcatActivity"]}, {"62930aed9decf72ae20da72ec96e2d15": ["0", "com.android.lolcat.LolcatActivity"]}, {"62930aed9decf72ae20da72ec96e2d15": ["0", "com.android.lolcat.LolcatActivity"]}, {"62930aed9decf72ae20da72ec96e2d15": ["0", "com.android.lolcat.LolcatActivity"]}, {"62930aed9decf72ae20da72ec96e2d15": ["0", "com.android.lolcat.LolcatActivity"]}, {"62930aed9decf72ae20da72ec96e2d15": ["0", "com.android.lolcat.LolcatActivity"]}, {"62930aed9decf72ae20da72ec96e2d15": ["0", "com.android.lolcat.LolcatActivity"]}, {"62930aed9decf72ae20da72ec96e2d15": ["0", "com.android.lolcat.LolcatActivity"]}, {"62930aed9decf72ae20da72ec96e2d15": ["0", "com.android.lolcat.LolcatActivity"]}, {"62930aed9decf72ae20da72ec96e2d15": ["0", "com.android.lolcat.LolcatActivity"]}, {"62930aed9decf72ae20da72ec96e2d15": ["0", "com.android.lolcat.LolcatActivity"]}, {"62930aed9decf72ae20da72ec96e2d15": ["0", "com.android.lolcat.LolcatActivity"]}, {"62930aed9decf72ae20da72ec96e2d15": ["0", "com.android.lolcat.LolcatActivity"]}, {"62930aed9decf72ae20da72ec96e2d15": ["0", "com.android.lolcat.LolcatActivity"]}, {"62930aed9decf72ae20da72ec96e2d15": ["0", "com.android.lolcat.LolcatActivity"]}, {"62930aed9decf72ae20da72ec96e2d15": ["0", "com.android.lolcat.LolcatActivity"]}, {"62930aed9decf72ae20da72ec96e2d15": ["0", "com.android.lolcat.LolcatActivity"]}, {"62930aed9decf72ae20da72ec96e2d15": ["0", "com.android.lolcat.LolcatActivity"]}, {"62930aed9decf72ae20da72ec96e2d15": ["0", "com.android.lolcat.LolcatActivity"]}, {"62930aed9decf72ae20da72ec96e2d15": ["0", "com.android.lolcat.LolcatActivity"]}, {"62930aed9decf72ae20da72ec96e2d15": ["0", "com.android.lolcat.LolcatActivity"]}, {"62930aed9decf72ae20da72ec96e2d15": ["0", "com.android.lolcat.LolcatActivity"]}, {"62930aed9decf72ae20da72ec96e2d15": ["0", "com.android.lolcat.LolcatActivity"]}, {"62930aed9decf72ae20da72ec96e2d15": ["0", "com.android.lolcat.LolcatActivity"]}, {"62930aed9decf72ae20da72ec96e2d15": ["0", "com.android.lolcat.LolcatActivity"]}, {"62930aed9decf72ae20da72ec96e2d15": ["0", "com.android.lolcat.LolcatActivity"]}, {"62930aed9decf72ae20da72ec96e2d15": ["0", "com.android.lolcat.LolcatActivity"]}, {"62930aed9decf72ae20da72ec96e2d15": ["0", "com.android.lolcat.LolcatActivity"]}, {"62930aed9decf72ae20da72ec96e2d15": ["0", "com.android.lolcat.LolcatActivity"]}, {"62930aed9decf72ae20da72ec96e2d15": ["0", "com.android.lolcat.LolcatActivity"]}, {"62930aed9decf72ae20da72ec96e2d15": ["0", "com.android.lolcat.LolcatActivity"]}, {"62930aed9decf72ae20da72ec96e2d15": ["0", "com.android.lolcat.LolcatActivity"]}, {"62930aed9decf72ae20da72ec96e2d15": ["0", "com.android.lolcat.LolcatActivity"]}, {"62930aed9decf72ae20da72ec96e2d15": ["0", "com.android.lolcat.LolcatActivity"]}, {"62930aed9decf72ae20da72ec96e2d15": ["0", "com.android.lolcat.LolcatActivity"]}, {"62930aed9decf72ae20da72ec96e2d15": ["0", "com.android.lolcat.LolcatActivity"]}, {"62930aed9decf72ae20da72ec96e2d15": ["0", "com.android.lolcat.LolcatActivity"]}, {"62930aed9decf72ae20da72ec96e2d15": ["0", "com.android.lolcat.LolcatActivity"]}, {"62930aed9decf72ae20da72ec96e2d15": ["0", "com.android.lolcat.LolcatActivity"]}, {"62930aed9decf72ae20da72ec96e2d15": ["0", "com.android.lolcat.LolcatActivity"]}, {"62930aed9decf72ae20da72ec96e2d15": ["0", "com.android.lolcat.LolcatActivity"]}, {"62930aed9decf72ae20da72ec96e2d15": ["0", "com.android.lolcat.LolcatActivity"]}, {"62930aed9decf72ae20da72ec96e2d15": ["0", "com.android.lolcat.LolcatActivity"]}, {"62930aed9decf72ae20da72ec96e2d15": ["0", "com.android.lolcat.LolcatActivity"]}, {"62930aed9decf72ae20da72ec96e2d15": ["0", "com.android.lolcat.LolcatActivity"]}, {"62930aed9decf72ae20da72ec96e2d15": ["0", "com.android.lolcat.LolcatActivity"]}, {"62930aed9decf72ae20da72ec96e2d15": ["0", "com.android.lolcat.LolcatActivity"]}, {"62930aed9decf72ae20da72ec96e2d15": ["0", "com.android.lolcat.LolcatActivity"]}, {"62930aed9decf72ae20da72ec96e2d15": ["0", "com.android.lolcat.LolcatActivity"]}, {"62930aed9decf72ae20da72ec96e2d15": ["0", "com.android.lolcat.LolcatActivity"]}, {"62930aed9decf72ae20da72ec96e2d15": ["0", "com.android.lolcat.LolcatActivity"]}, {"62930aed9decf72ae20da72ec96e2d15": ["0", "com.android.lolcat.LolcatActivity"]}, {"62930aed9decf72ae20da72ec96e2d15": ["0", "com.android.lolcat.LolcatActivity"]}, {"62930aed9decf72ae20da72ec96e2d15": ["0", "com.android.lolcat.LolcatActivity"]}, {"62930aed9decf72ae20da72ec96e2d15": ["0", "com.android.lolcat.LolcatActivity"]}, {"62930aed9decf72ae20da72ec96e2d15": ["0", "com.android.lolcat.LolcatActivity"]}, {"62930aed9decf72ae20da72ec96e2d15": ["0", "com.android.lolcat.LolcatActivity"]}, {"62930aed9decf72ae20da72ec96e2d15": ["0", "com.android.lolcat.LolcatActivity"]}, {"62930aed9decf72ae20da72ec96e2d15": ["0", "com.android.lolcat.LolcatActivity"]}, {"62930aed9decf72ae20da72ec96e2d15": ["0", "com.android.lolcat.LolcatActivity"]}, {"62930aed9decf72ae20da72ec96e2d15": ["0", "com.android.lolcat.LolcatActivity"]}, {"62930aed9decf72ae20da72ec96e2d15": ["0", "com.android.lolcat.LolcatActivity"]}, {"62930aed9decf72ae20da72ec96e2d15": ["0", "com.android.lolcat.LolcatActivity"]}, {"62930aed9decf72ae20da72ec96e2d15": ["0", "com.android.lolcat.LolcatActivity"]}, {"62930aed9decf72ae20da72ec96e2d15": ["0", "com.android.lolcat.LolcatActivity"]}, {"62930aed9decf72ae20da72ec96e2d15": ["0", "com.android.lolcat.LolcatActivity"]}, {"62930aed9decf72ae20da72ec96e2d15": ["0", "com.android.lolcat.LolcatActivity"]}, {"62930aed9decf72ae20da72ec96e2d15": ["0", "com.android.lolcat.LolcatActivity"]}, {"62930aed9decf72ae20da72ec96e2d15": ["0", "com.android.lolcat.LolcatActivity"]}, {"62930aed9decf72ae20da72ec96e2d15": ["0", "com.android.lolcat.LolcatActivity"]}, {"62930aed9decf72ae20da72ec96e2d15": ["0", "com.android.lolcat.LolcatActivity"]}, {"62930aed9decf72ae20da72ec96e2d15": ["0", "com.android.lolcat.LolcatActivity"]}, {"62930aed9decf72ae20da72ec96e2d15": ["0", "com.android.lolcat.LolcatActivity"]}, {"62930aed9decf72ae20da72ec96e2d15": ["0", "com.android.lolcat.LolcatActivity"]}, {"62930aed9decf72ae20da72ec96e2d15": ["0", "com.android.lolcat.LolcatActivity"]}, {"62930aed9decf72ae20da72ec96e2d15": ["0", "com.android.lolcat.LolcatActivity"]}, {"62930aed9decf72ae20da72ec96e2d15": ["0", "com.android.lolcat.LolcatActivity"]}, {"62930aed9decf72ae20da72ec96e2d15": ["0", "com.android.lolcat.LolcatActivity"]}, {"62930aed9decf72ae20da72ec96e2d15": ["0", "com.android.lolcat.LolcatActivity"]}, {"62930aed9decf72ae20da72ec96e2d15": ["0", "com.android.lolcat.LolcatActivity"]}, {"62930aed9decf72ae20da72ec96e2d15": ["0", "com.android.lolcat.LolcatActivity"]}, {"62930aed9decf72ae20da72ec96e2d15": ["0", "com.android.lolcat.LolcatActivity"]}, {"62930aed9decf72ae20da72ec96e2d15": ["0", "com.android.lolcat.LolcatActivity"]}, {"62930aed9decf72ae20da72ec96e2d15": ["0", "com.android.lolcat.LolcatActivity"]}, {"62930aed9decf72ae20da72ec96e2d15": ["0", "com.android.lolcat.LolcatActivity"]}, {"62930aed9decf72ae20da72ec96e2d15": ["0", "com.android.lolcat.LolcatActivity"]}, {"62930aed9decf72ae20da72ec96e2d15": ["0", "com.android.lolcat.LolcatActivity"]}, {"62930aed9decf72ae20da72ec96e2d15": ["0", "com.android.lolcat.LolcatActivity"]}, {"62930aed9decf72ae20da72ec96e2d15": ["0", "com.android.lolcat.LolcatActivity"]}, {"62930aed9decf72ae20da72ec96e2d15": ["0", "com.android.lolcat.LolcatActivity"]}, {"62930aed9decf72ae20da72ec96e2d15": ["0", "com.android.lolcat.LolcatActivity"]}, {"62930aed9decf72ae20da72ec96e2d15": ["0", "com.android.lolcat.LolcatActivity"]}, {"62930aed9decf72ae20da72ec96e2d15": ["0", "com.android.lolcat.LolcatActivity"]}, {"62930aed9decf72ae20da72ec96e2d15": ["0", "com.android.lolcat.LolcatActivity"]}, {"62930aed9decf72ae20da72ec96e2d15": ["0", "com.android.lolcat.LolcatActivity"]}, {"62930aed9decf72ae20da72ec96e2d15": ["0", "com.android.lolcat.LolcatActivity"]}, {"62930aed9decf72ae20da72ec96e2d15": ["0", "com.android.lolcat.LolcatActivity"]}, {"62930aed9decf72ae20da72ec96e2d15": ["0", "com.android.lolcat.LolcatActivity"]}, {"62930aed9decf72ae20da72ec96e2d15": ["0", "com.android.lolcat.LolcatActivity"]}, {"62930aed9decf72ae20da72ec96e2d15": ["0", "com.android.lolcat.LolcatActivity"]}, {"62930aed9decf72ae20da72ec96e2d15": ["0", "com.android.lolcat.LolcatActivity"]}, {"62930aed9decf72ae20da72ec96e2d15": ["0", "com.android.lolcat.LolcatActivity"]}, {"62930aed9decf72ae20da72ec96e2d15": ["0", "com.android.lolcat.LolcatActivity"]}, {"62930aed9decf72ae20da72ec96e2d15": ["0", "com.android.lolcat.LolcatActivity"]}, {"62930aed9decf72ae20da72ec96e2d15": ["0", "com.android.lolcat.LolcatActivity"]}, {"62930aed9decf72ae20da72ec96e2d15": ["0", "com.android.lolcat.LolcatActivity"]}, {"62930aed9decf72ae20da72ec96e2d15": ["0", "com.android.lolcat.LolcatActivity"]}, {"62930aed9decf72ae20da72ec96e2d15": ["0", "com.android.lolcat.LolcatActivity"]}, {"62930aed9decf72ae20da72ec96e2d15": ["0", "com.android.lolcat.LolcatActivity"]}, {"62930aed9decf72ae20da72ec96e2d15": ["0", "com.android.lolcat.LolcatActivity"]}, {"62930aed9decf72ae20da72ec96e2d15": ["0", "com.android.lolcat.LolcatActivity"]}, {"62930aed9decf72ae20da72ec96e2d15": ["0", "com.android.lolcat.LolcatActivity"]}, {"62930aed9decf72ae20da72ec96e2d15": ["0", "com.android.lolcat.LolcatActivity"]}, {"62930aed9decf72ae20da72ec96e2d15": ["0", "com.android.lolcat.LolcatActivity"]}, {"62930aed9decf72ae20da72ec96e2d15": ["0", "com.android.lolcat.LolcatActivity"]}, {"62930aed9decf72ae20da72ec96e2d15": ["0", "com.android.lolcat.LolcatActivity"]}, {"62930aed9decf72ae20da72ec96e2d15": ["0", "com.android.lolcat.LolcatActivity"]}, {"62930aed9decf72ae20da72ec96e2d15": ["0", "com.android.lolcat.LolcatActivity"]}, {"62930aed9decf72ae20da72ec96e2d15": ["0", "com.android.lolcat.LolcatActivity"]}, {"62930aed9decf72ae20da72ec96e2d15": ["0", "com.android.lolcat.LolcatActivity"]}, {"62930aed9decf72ae20da72ec96e2d15": ["0", "com.android.lolcat.LolcatActivity"]}, {"62930aed9decf72ae20da72ec96e2d15": ["0", "com.android.lolcat.LolcatActivity"]}, {"62930aed9decf72ae20da72ec96e2d15": ["0", "com.android.lolcat.LolcatActivity"]}, {"62930aed9decf72ae20da72ec96e2d15": ["0", "com.android.lolcat.LolcatActivity"]}, {"62930aed9decf72ae20da72ec96e2d15": ["0", "com.android.lolcat.LolcatActivity"]}, {"62930aed9decf72ae20da72ec96e2d15": ["0", "com.android.lolcat.LolcatActivity"]}, {"62930aed9decf72ae20da72ec96e2d15": ["0", "com.android.lolcat.LolcatActivity"]}, {"62930aed9decf72ae20da72ec96e2d15": ["0", "com.android.lolcat.LolcatActivity"]}, {"62930aed9decf72ae20da72ec96e2d15": ["0", "com.android.lolcat.LolcatActivity"]}, {"62930aed9decf72ae20da72ec96e2d15": ["0", "com.android.lolcat.LolcatActivity"]}, {"62930aed9decf72ae20da72ec96e2d15": ["0", "com.android.lolcat.LolcatActivity"]}, {"62930aed9decf72ae20da72ec96e2d15": ["0", "com.android.lolcat.LolcatActivity"]}, {"62930aed9decf72ae20da72ec96e2d15": ["0", "com.android.lolcat.LolcatActivity"]}, {"62930aed9decf72ae20da72ec96e2d15": ["0", "com.android.lolcat.LolcatActivity"]}, {"62930aed9decf72ae20da72ec96e2d15": ["0", "com.android.lolcat.LolcatActivity"]}, {"62930aed9decf72ae20da72ec96e2d15": ["0", "com.android.lolcat.LolcatActivity"]}, {"62930aed9decf72ae20da72ec96e2d15": ["0", "com.android.lolcat.LolcatActivity"]}, {"62930aed9decf72ae20da72ec96e2d15": ["0", "com.android.lolcat.LolcatActivity"]}, {"62930aed9decf72ae20da72ec96e2d15": ["0", "com.android.lolcat.LolcatActivity"]}, {"62930aed9decf72ae20da72ec96e2d15": ["0", "com.android.lolcat.LolcatActivity"]}, {"62930aed9decf72ae20da72ec96e2d15": ["0", "com.android.lolcat.LolcatActivity"]}, {"62930aed9decf72ae20da72ec96e2d15": ["0", "com.android.lolcat.LolcatActivity"]}, {"62930aed9decf72ae20da72ec96e2d15": ["0", "com.android.lolcat.LolcatActivity"]}, {"62930aed9decf72ae20da72ec96e2d15": ["0", "com.android.lolcat.LolcatActivity"]}, {"62930aed9decf72ae20da72ec96e2d15": ["0", "com.android.lolcat.LolcatActivity"]}, {"62930aed9decf72ae20da72ec96e2d15": ["0", "com.android.lolcat.LolcatActivity"]}, {"62930aed9decf72ae20da72ec96e2d15": ["0", "com.android.lolcat.LolcatActivity"]}, {"62930aed9decf72ae20da72ec96e2d15": ["0", "com.android.lolcat.LolcatActivity"]}, {"62930aed9decf72ae20da72ec96e2d15": ["0", "com.android.lolcat.LolcatActivity"]}, {"62930aed9decf72ae20da72ec96e2d15": ["0", "com.android.lolcat.LolcatActivity"]}, {"62930aed9decf72ae20da72ec96e2d15": ["0", "com.android.lolcat.LolcatActivity"]}, {"62930aed9decf72ae20da72ec96e2d15": ["0", "com.android.lolcat.LolcatActivity"]}, {"62930aed9decf72ae20da72ec96e2d15": ["0", "com.android.lolcat.LolcatActivity"]}, {"62930aed9decf72ae20da72ec96e2d15": ["0", "com.android.lolcat.LolcatActivity"]}, {"62930aed9decf72ae20da72ec96e2d15": ["0", "com.android.lolcat.LolcatActivity"]}, {"62930aed9decf72ae20da72ec96e2d15": ["0", "com.android.lolcat.LolcatActivity"]}, {"62930aed9decf72ae20da72ec96e2d15": ["0", "com.android.lolcat.LolcatActivity"]}, {"62930aed9decf72ae20da72ec96e2d15": ["0", "com.android.lolcat.LolcatActivity"]}, {"62930aed9decf72ae20da72ec96e2d15": ["0", "com.android.lolcat.LolcatActivity"]}, {"62930aed9decf72ae20da72ec96e2d15": ["0", "com.android.lolcat.LolcatActivity"]}, {"62930aed9decf72ae20da72ec96e2d15": ["0", "com.android.lolcat.LolcatActivity"]}, {"62930aed9decf72ae20da72ec96e2d15": ["0", "com.android.lolcat.LolcatActivity"]}, {"62930aed9decf72ae20da72ec96e2d15": ["0", "com.android.lolcat.LolcatActivity"]}, {"62930aed9decf72ae20da72ec96e2d15": ["0", "com.android.lolcat.LolcatActivity"]}, {"62930aed9decf72ae20da72ec96e2d15": ["0", "com.android.lolcat.LolcatActivity"]}, {"62930aed9decf72ae20da72ec96e2d15": ["0", "com.android.lolcat.LolcatActivity"]}, {"62930aed9decf72ae20da72ec96e2d15": ["0", "com.android.lolcat.LolcatActivity"]}, {"62930aed9decf72ae20da72ec96e2d15": ["0", "com.android.lolcat.LolcatActivity"]}, {"62930aed9decf72ae20da72ec96e2d15": ["0", "com.android.lolcat.LolcatActivity"]}, {"62930aed9decf72ae20da72ec96e2d15": ["0", "com.android.lolcat.LolcatActivity"]}, {"62930aed9decf72ae20da72ec96e2d15": ["0", "com.android.lolcat.LolcatActivity"]}, {"62930aed9decf72ae20da72ec96e2d15": ["0", "com.android.lolcat.LolcatActivity"]}, {"62930aed9decf72ae20da72ec96e2d15": ["0", "com.android.lolcat.LolcatActivity"]}, {"62930aed9decf72ae20da72ec96e2d15": ["0", "com.android.lolcat.LolcatActivity"]}, {"62930aed9decf72ae20da72ec96e2d15": ["0", "com.android.lolcat.LolcatActivity"]}, {"62930aed9decf72ae20da72ec96e2d15": ["0", "com.android.lolcat.LolcatActivity"]}, {"62930aed9decf72ae20da72ec96e2d15": ["0", "com.android.lolcat.LolcatActivity"]}, {"62930aed9decf72ae20da72ec96e2d15": ["0", "com.android.lolcat.LolcatActivity"]}, {"62930aed9decf72ae20da72ec96e2d15": ["0", "com.android.lolcat.LolcatActivity"]}, {"62930aed9decf72ae20da72ec96e2d15": ["0", "com.android.lolcat.LolcatActivity"]}, {"62930aed9decf72ae20da72ec96e2d15": ["0", "com.android.lolcat.LolcatActivity"]}, {"62930aed9decf72ae20da72ec96e2d15": ["0", "com.android.lolcat.LolcatActivity"]}, {"62930aed9decf72ae20da72ec96e2d15": ["0", "com.android.lolcat.LolcatActivity"]}, {"62930aed9decf72ae20da72ec96e2d15": ["0", "com.android.lolcat.LolcatActivity"]}, {"62930aed9decf72ae20da72ec96e2d15": ["0", "com.android.lolcat.LolcatActivity"]}, {"62930aed9decf72ae20da72ec96e2d15": ["0", "com.android.lolcat.LolcatActivity"]}, {"62930aed9decf72ae20da72ec96e2d15": ["0", "com.android.lolcat.LolcatActivity"]}, {"62930aed9decf72ae20da72ec96e2d15": ["0", "com.android.lolcat.LolcatActivity"]}, {"62930aed9decf72ae20da72ec96e2d15": ["0", "com.android.lolcat.LolcatActivity"]}, {"62930aed9decf72ae20da72ec96e2d15": ["0", "com.android.lolcat.LolcatActivity"]}, {"62930aed9decf72ae20da72ec96e2d15": ["0", "com.android.lolcat.LolcatActivity"]}, {"62930aed9decf72ae20da72ec96e2d15": ["0", "com.android.lolcat.LolcatActivity"]}, {"62930aed9decf72ae20da72ec96e2d15": ["0", "com.android.lolcat.LolcatActivity"]}, {"62930aed9decf72ae20da72ec96e2d15": ["0", "com.android.lolcat.LolcatActivity"]}, {"62930aed9decf72ae20da72ec96e2d15": ["0", "com.android.lolcat.LolcatActivity"]}, {"62930aed9decf72ae20da72ec96e2d15": ["0", "com.android.lolcat.LolcatActivity"]}, {"62930aed9decf72ae20da72ec96e2d15": ["0", "com.android.lolcat.LolcatActivity"]}, {"62930aed9decf72ae20da72ec96e2d15": ["0", "com.android.lolcat.LolcatActivity"]}, {"62930aed9decf72ae20da72ec96e2d15": ["0", "com.android.lolcat.LolcatActivity"]}, {"62930aed9decf72ae20da72ec96e2d15": ["0", "com.android.lolcat.LolcatActivity"]}, {"62930aed9decf72ae20da72ec96e2d15": ["0", "com.android.lolcat.LolcatActivity"]}, {"62930aed9decf72ae20da72ec96e2d15": ["0", "com.android.lolcat.LolcatActivity"]}, {"62930aed9decf72ae20da72ec96e2d15": ["0", "com.android.lolcat.LolcatActivity"]}, {"62930aed9decf72ae20da72ec96e2d15": ["0", "com.android.lolcat.LolcatActivity"]}, {"62930aed9decf72ae20da72ec96e2d15": ["0", "com.android.lolcat.LolcatActivity"]}, {"62930aed9decf72ae20da72ec96e2d15": ["0", "com.android.lolcat.LolcatActivity"]}, {"62930aed9decf72ae20da72ec96e2d15": ["0", "com.android.lolcat.LolcatActivity"]}, {"62930aed9decf72ae20da72ec96e2d15": ["0", "com.android.lolcat.LolcatActivity"]}, {"62930aed9decf72ae20da72ec96e2d15": ["0", "com.android.lolcat.LolcatActivity"]}, {"62930aed9decf72ae20da72ec96e2d15": ["0", "com.android.lolcat.LolcatActivity"]}, {"62930aed9decf72ae20da72ec96e2d15": ["0", "com.android.lolcat.LolcatActivity"]}, {"62930aed9decf72ae20da72ec96e2d15": ["0", "com.android.lolcat.LolcatActivity"]}, {"62930aed9decf72ae20da72ec96e2d15": ["0", "com.android.lolcat.LolcatActivity"]}, {"62930aed9decf72ae20da72ec96e2d15": ["0", "com.android.lolcat.LolcatActivity"]}, {"62930aed9decf72ae20da72ec96e2d15": ["0", "com.android.lolcat.LolcatActivity"]}, {"62930aed9decf72ae20da72ec96e2d15": ["0", "com.android.lolcat.LolcatActivity"]}, {"62930aed9decf72ae20da72ec96e2d15": ["0", "com.android.lolcat.LolcatActivity"]}, {"62930aed9decf72ae20da72ec96e2d15": ["0", "com.android.lolcat.LolcatActivity"]}, {"62930aed9decf72ae20da72ec96e2d15": ["0", "com.android.lolcat.LolcatActivity"]}, {"62930aed9decf72ae20da72ec96e2d15": ["0", "com.android.lolcat.LolcatActivity"]}, {"62930aed9decf72ae20da72ec96e2d15": ["0", "com.android.lolcat.LolcatActivity"]}, {"62930aed9decf72ae20da72ec96e2d15": ["0", "com.android.lolcat.LolcatActivity"]}, {"62930aed9decf72ae20da72ec96e2d15": ["0", "com.android.lolcat.LolcatActivity"]}, {"62930aed9decf72ae20da72ec96e2d15": ["0", "com.android.lolcat.LolcatActivity"]}, {"62930aed9decf72ae20da72ec96e2d15": ["0", "com.android.lolcat.LolcatActivity"]}, {"62930aed9decf72ae20da72ec96e2d15": ["0", "com.android.lolcat.LolcatActivity"]}, {"62930aed9decf72ae20da72ec96e2d15": ["0", "com.android.lolcat.LolcatActivity"]}, {"62930aed9decf72ae20da72ec96e2d15": ["0", "com.android.lolcat.LolcatActivity"]}, {"62930aed9decf72ae20da72ec96e2d15": ["0", "com.android.lolcat.LolcatActivity"]}, {"62930aed9decf72ae20da72ec96e2d15": ["0", "com.android.lolcat.LolcatActivity"]}, {"62930aed9decf72ae20da72ec96e2d15": ["0", "com.android.lolcat.LolcatActivity"]}, {"62930aed9decf72ae20da72ec96e2d15": ["0", "com.android.lolcat.LolcatActivity"]}, {"62930aed9decf72ae20da72ec96e2d15": ["0", "com.android.lolcat.LolcatActivity"]}, {"62930aed9decf72ae20da72ec96e2d15": ["0", "com.android.lolcat.LolcatActivity"]}, {"62930aed9decf72ae20da72ec96e2d15": ["0", "com.android.lolcat.LolcatActivity"]}, {"62930aed9decf72ae20da72ec96e2d15": ["0", "com.android.lolcat.LolcatActivity"]}, {"62930aed9decf72ae20da72ec96e2d15": ["0", "com.android.lolcat.LolcatActivity"]}, {"62930aed9decf72ae20da72ec96e2d15": ["0", "com.android.lolcat.LolcatActivity"]}, {"62930aed9decf72ae20da72ec96e2d15": ["0", "com.android.lolcat.LolcatActivity"]}, {"62930aed9decf72ae20da72ec96e2d15": ["0", "com.android.lolcat.LolcatActivity"]}, {"62930aed9decf72ae20da72ec96e2d15": ["0", "com.android.lolcat.LolcatActivity"]}, {"62930aed9decf72ae20da72ec96e2d15": ["0", "com.android.lolcat.LolcatActivity"]}, {"62930aed9decf72ae20da72ec96e2d15": ["0", "com.android.lolcat.LolcatActivity"]}, {"62930aed9decf72ae20da72ec96e2d15": ["0", "com.android.lolcat.LolcatActivity"]}, {"62930aed9decf72ae20da72ec96e2d15": ["0", "com.android.lolcat.LolcatActivity"]}, {"62930aed9decf72ae20da72ec96e2d15": ["0", "com.android.lolcat.LolcatActivity"]}, {"62930aed9decf72ae20da72ec96e2d15": ["0", "com.android.lolcat.LolcatActivity"]}, {"62930aed9decf72ae20da72ec96e2d15": ["0", "com.android.lolcat.LolcatActivity"]}, {"62930aed9decf72ae20da72ec96e2d15": ["0", "com.android.lolcat.LolcatActivity"]}, {"62930aed9decf72ae20da72ec96e2d15": ["0", "com.android.lolcat.LolcatActivity"]}, {"62930aed9decf72ae20da72ec96e2d15": ["0", "com.android.lolcat.LolcatActivity"]}, {"62930aed9decf72ae20da72ec96e2d15": ["0", "com.android.lolcat.LolcatActivity"]}, {"62930aed9decf72ae20da72ec96e2d15": ["0", "com.android.lolcat.LolcatActivity"]}, {"62930aed9decf72ae20da72ec96e2d15": ["0", "com.android.lolcat.LolcatActivity"]}, {"62930aed9decf72ae20da72ec96e2d15": ["0", "com.android.lolcat.LolcatActivity"]}, {"62930aed9decf72ae20da72ec96e2d15": ["0", "com.android.lolcat.LolcatActivity"]}, {"62930aed9decf72ae20da72ec96e2d15": ["0", "com.android.lolcat.LolcatActivity"]}, {"62930aed9decf72ae20da72ec96e2d15": ["0", "com.android.lolcat.LolcatActivity"]}, {"62930aed9decf72ae20da72ec96e2d15": ["0", "com.android.lolcat.LolcatActivity"]}, {"62930aed9decf72ae20da72ec96e2d15": ["0", "com.android.lolcat.LolcatActivity"]}, {"62930aed9decf72ae20da72ec96e2d15": ["0", "com.android.lolcat.LolcatActivity"]}, {"62930aed9decf72ae20da72ec96e2d15": ["0", "com.android.lolcat.LolcatActivity"]}, {"62930aed9decf72ae20da72ec96e2d15": ["0", "com.android.lolcat.LolcatActivity"]}, {"62930aed9decf72ae20da72ec96e2d15": ["0", "com.android.lolcat.LolcatActivity"]}, {"62930aed9decf72ae20da72ec96e2d15": ["0", "com.android.lolcat.LolcatActivity"]}, {"62930aed9decf72ae20da72ec96e2d15": ["0", "com.android.lolcat.LolcatActivity"]}, {"62930aed9decf72ae20da72ec96e2d15": ["0", "com.android.lolcat.LolcatActivity"]}, {"62930aed9decf72ae20da72ec96e2d15": ["0", "com.android.lolcat.LolcatActivity"]}, {"62930aed9decf72ae20da72ec96e2d15": ["0", "com.android.lolcat.LolcatActivity"]}, {"62930aed9decf72ae20da72ec96e2d15": ["0", "com.android.lolcat.LolcatActivity"]}, {"62930aed9decf72ae20da72ec96e2d15": ["0", "com.android.lolcat.LolcatActivity"]}, {"62930aed9decf72ae20da72ec96e2d15": ["0", "com.android.lolcat.LolcatActivity"]}, {"62930aed9decf72ae20da72ec96e2d15": ["0", "com.android.lolcat.LolcatActivity"]}, {"62930aed9decf72ae20da72ec96e2d15": ["0", "com.android.lolcat.LolcatActivity"]}, {"62930aed9decf72ae20da72ec96e2d15": ["0", "com.android.lolcat.LolcatActivity"]}, {"62930aed9decf72ae20da72ec96e2d15": ["0", "com.android.lolcat.LolcatActivity"]}, {"62930aed9decf72ae20da72ec96e2d15": ["0", "com.android.lolcat.LolcatActivity"]}, {"62930aed9decf72ae20da72ec96e2d15": ["0", "com.android.lolcat.LolcatActivity"]}, {"62930aed9decf72ae20da72ec96e2d15": ["0", "com.android.lolcat.LolcatActivity"]}, {"62930aed9decf72ae20da72ec96e2d15": ["0", "com.android.lolcat.LolcatActivity"]}, {"62930aed9decf72ae20da72ec96e2d15": ["0", "com.android.lolcat.LolcatActivity"]}, {"62930aed9decf72ae20da72ec96e2d15": ["0", "com.android.lolcat.LolcatActivity"]}, {"62930aed9decf72ae20da72ec96e2d15": ["0", "com.android.lolcat.LolcatActivity"]}, {"62930aed9decf72ae20da72ec96e2d15": ["0", "com.android.lolcat.LolcatActivity"]}, {"62930aed9decf72ae20da72ec96e2d15": ["0", "com.android.lolcat.LolcatActivity"]}, {"62930aed9decf72ae20da72ec96e2d15": ["0", "com.android.lolcat.LolcatActivity"]}, {"62930aed9decf72ae20da72ec96e2d15": ["0", "com.android.lolcat.LolcatActivity"]}, {"62930aed9decf72ae20da72ec96e2d15": ["0", "com.android.lolcat.LolcatActivity"]}, {"62930aed9decf72ae20da72ec96e2d15": ["0", "com.android.lolcat.LolcatActivity"]}, {"62930aed9decf72ae20da72ec96e2d15": ["0", "com.android.lolcat.LolcatActivity"]}, {"62930aed9decf72ae20da72ec96e2d15": ["0", "com.android.lolcat.LolcatActivity"]}, {"62930aed9decf72ae20da72ec96e2d15": ["0", "com.android.lolcat.LolcatActivity"]}, {"62930aed9decf72ae20da72ec96e2d15": ["0", "com.android.lolcat.LolcatActivity"]}, {"62930aed9decf72ae20da72ec96e2d15": ["0", "com.android.lolcat.LolcatActivity"]}, {"62930aed9decf72ae20da72ec96e2d15": ["0", "com.android.lolcat.LolcatActivity"]}, {"62930aed9decf72ae20da72ec96e2d15": ["0", "com.android.lolcat.LolcatActivity"]}, {"62930aed9decf72ae20da72ec96e2d15": ["0", "com.android.lolcat.LolcatActivity"]}, {"62930aed9decf72ae20da72ec96e2d15": ["0", "com.android.lolcat.LolcatActivity"]}, {"62930aed9decf72ae20da72ec96e2d15": ["0", "com.android.lolcat.LolcatActivity"]}, {"62930aed9decf72ae20da72ec96e2d15": ["0", "com.android.lolcat.LolcatActivity"]}, {"62930aed9decf72ae20da72ec96e2d15": ["0", "com.android.lolcat.LolcatActivity"]}, {"62930aed9decf72ae20da72ec96e2d15": ["0", "com.android.lolcat.LolcatActivity"]}, {"62930aed9decf72ae20da72ec96e2d15": ["0", "com.android.lolcat.LolcatActivity"]}, {"62930aed9decf72ae20da72ec96e2d15": ["0", "com.android.lolcat.LolcatActivity"]}, {"62930aed9decf72ae20da72ec96e2d15": ["0", "com.android.lolcat.LolcatActivity"]}, {"62930aed9decf72ae20da72ec96e2d15": ["0", "com.android.lolcat.LolcatActivity"]}, {"62930aed9decf72ae20da72ec96e2d15": ["0", "com.android.lolcat.LolcatActivity"]}, {"62930aed9decf72ae20da72ec96e2d15": ["0", "com.android.lolcat.LolcatActivity"]}, {"62930aed9decf72ae20da72ec96e2d15": ["0", "com.android.lolcat.LolcatActivity"]}, {"62930aed9decf72ae20da72ec96e2d15": ["0", "com.android.lolcat.LolcatActivity"]}, {"62930aed9decf72ae20da72ec96e2d15": ["0", "com.android.lolcat.LolcatActivity"]}, {"62930aed9decf72ae20da72ec96e2d15": ["0", "com.android.lolcat.LolcatActivity"]}, {"62930aed9decf72ae20da72ec96e2d15": ["0", "com.android.lolcat.LolcatActivity"]}, {"62930aed9decf72ae20da72ec96e2d15": ["0", "com.android.lolcat.LolcatActivity"]}, {"62930aed9decf72ae20da72ec96e2d15": ["0", "com.android.lolcat.LolcatActivity"]}, {"62930aed9decf72ae20da72ec96e2d15": ["0", "com.android.lolcat.LolcatActivity"]}, {"62930aed9decf72ae20da72ec96e2d15": ["0", "com.android.lolcat.LolcatActivity"]}, {"62930aed9decf72ae20da72ec96e2d15": ["0", "com.android.lolcat.LolcatActivity"]}, {"62930aed9decf72ae20da72ec96e2d15": ["0", "com.android.lolcat.LolcatActivity"]}, {"62930aed9decf72ae20da72ec96e2d15": ["0", "com.android.lolcat.LolcatActivity"]}, {"62930aed9decf72ae20da72ec96e2d15": ["0", "com.android.lolcat.LolcatActivity"]}, {"62930aed9decf72ae20da72ec96e2d15": ["0", "com.android.lolcat.LolcatActivity"]}, {"62930aed9decf72ae20da72ec96e2d15": ["0", "com.android.lolcat.LolcatActivity"]}, {"62930aed9decf72ae20da72ec96e2d15": ["0", "com.android.lolcat.LolcatActivity"]}, {"62930aed9decf72ae20da72ec96e2d15": ["0", "com.android.lolcat.LolcatActivity"]}, {"62930aed9decf72ae20da72ec96e2d15": ["0", "com.android.lolcat.LolcatActivity"]}, {"62930aed9decf72ae20da72ec96e2d15": ["0", "com.android.lolcat.LolcatActivity"]}, {"62930aed9decf72ae20da72ec96e2d15": ["0", "com.android.lolcat.LolcatActivity"]}, {"62930aed9decf72ae20da72ec96e2d15": ["0", "com.android.lolcat.LolcatActivity"]}, {"62930aed9decf72ae20da72ec96e2d15": ["0", "com.android.lolcat.LolcatActivity"]}, {"62930aed9decf72ae20da72ec96e2d15": ["0", "com.android.lolcat.LolcatActivity"]}, {"62930aed9decf72ae20da72ec96e2d15": ["0", "com.android.lolcat.LolcatActivity"]}, {"62930aed9decf72ae20da72ec96e2d15": ["0", "com.android.lolcat.LolcatActivity"]}, {"62930aed9decf72ae20da72ec96e2d15": ["0", "com.android.lolcat.LolcatActivity"]}, {"62930aed9decf72ae20da72ec96e2d15": ["0", "com.android.lolcat.LolcatActivity"]}, {"62930aed9decf72ae20da72ec96e2d15": ["0", "com.android.lolcat.LolcatActivity"]}, {"62930aed9decf72ae20da72ec96e2d15": ["0", "com.android.lolcat.LolcatActivity"]}, {"62930aed9decf72ae20da72ec96e2d15": ["0", "com.android.lolcat.LolcatActivity"]}, {"62930aed9decf72ae20da72ec96e2d15": ["0", "com.android.lolcat.LolcatActivity"]}, {"62930aed9decf72ae20da72ec96e2d15": ["0", "com.android.lolcat.LolcatActivity"]}, {"62930aed9decf72ae20da72ec96e2d15": ["0", "com.android.lolcat.LolcatActivity"]}, {"62930aed9decf72ae20da72ec96e2d15": ["0", "com.android.lolcat.LolcatActivity"]}, {"62930aed9decf72ae20da72ec96e2d15": ["0", "com.android.lolcat.LolcatActivity"]}, {"62930aed9decf72ae20da72ec96e2d15": ["0", "com.android.lolcat.LolcatActivity"]}, {"62930aed9decf72ae20da72ec96e2d15": ["0", "com.android.lolcat.LolcatActivity"]}, {"62930aed9decf72ae20da72ec96e2d15": ["0", "com.android.lolcat.LolcatActivity"]}, {"62930aed9decf72ae20da72ec96e2d15": ["0", "com.android.lolcat.LolcatActivity"]}, {"62930aed9decf72ae20da72ec96e2d15": ["0", "com.android.lolcat.LolcatActivity"]}, {"62930aed9decf72ae20da72ec96e2d15": ["0", "com.android.lolcat.LolcatActivity"]}, {"62930aed9decf72ae20da72ec96e2d15": ["0", "com.android.lolcat.LolcatActivity"]}, {"62930aed9decf72ae20da72ec96e2d15": ["0", "com.android.lolcat.LolcatActivity"]}, {"62930aed9decf72ae20da72ec96e2d15": ["0", "com.android.lolcat.LolcatActivity"]}, {"62930aed9decf72ae20da72ec96e2d15": ["0", "com.android.lolcat.LolcatActivity"]}, {"62930aed9decf72ae20da72ec96e2d15": ["0", "com.android.lolcat.LolcatActivity"]}, {"62930aed9decf72ae20da72ec96e2d15": ["0", "com.android.lolcat.LolcatActivity"]}, {"62930aed9decf72ae20da72ec96e2d15": ["0", "com.android.lolcat.LolcatActivity"]}, {"62930aed9decf72ae20da72ec96e2d15": ["0", "com.android.lolcat.LolcatActivity"]}, {"62930aed9decf72ae20da72ec96e2d15": ["0", "com.android.lolcat.LolcatActivity"]}, {"62930aed9decf72ae20da72ec96e2d15": ["0", "com.android.lolcat.LolcatActivity"]}, {"62930aed9decf72ae20da72ec96e2d15": ["0", "com.android.lolcat.LolcatActivity"]}, {"62930aed9decf72ae20da72ec96e2d15": ["0", "com.android.lolcat.LolcatActivity"]}, {"62930aed9decf72ae20da72ec96e2d15": ["0", "com.android.lolcat.LolcatActivity"]}, {"62930aed9decf72ae20da72ec96e2d15": ["0", "com.android.lolcat.LolcatActivity"]}, {"62930aed9decf72ae20da72ec96e2d15": ["0", "com.android.lolcat.LolcatActivity"]}, {"62930aed9decf72ae20da72ec96e2d15": ["0", "com.android.lolcat.LolcatActivity"]}, {"62930aed9decf72ae20da72ec96e2d15": ["0", "com.android.lolcat.LolcatActivity"]}, {"62930aed9decf72ae20da72ec96e2d15": ["0", "com.android.lolcat.LolcatActivity"]}, {"62930aed9decf72ae20da72ec96e2d15": ["0", "com.android.lolcat.LolcatActivity"]}, {"62930aed9decf72ae20da72ec96e2d15": ["0", "com.android.lolcat.LolcatActivity"]}, {"62930aed9decf72ae20da72ec96e2d15": ["0", "com.android.lolcat.LolcatActivity"]}, {"62930aed9decf72ae20da72ec96e2d15": ["0", "com.android.lolcat.LolcatActivity"]}, {"62930aed9decf72ae20da72ec96e2d15": ["0", "com.android.lolcat.LolcatActivity"]}, {"62930aed9decf72ae20da72ec96e2d15": ["0", "com.android.lolcat.LolcatActivity"]}, {"62930aed9decf72ae20da72ec96e2d15": ["0", "com.android.lolcat.LolcatActivity"]}, {"62930aed9decf72ae20da72ec96e2d15": ["0", "com.android.lolcat.LolcatActivity"]}, {"62930aed9decf72ae20da72ec96e2d15": ["0", "com.android.lolcat.LolcatActivity"]}, {"62930aed9decf72ae20da72ec96e2d15": ["0", "com.android.lolcat.LolcatActivity"]}, {"62930aed9decf72ae20da72ec96e2d15": ["0", "com.android.lolcat.LolcatActivity"]}, {"62930aed9decf72ae20da72ec96e2d15": ["0", "com.android.lolcat.LolcatActivity"]}, {"62930aed9decf72ae20da72ec96e2d15": ["0", "com.android.lolcat.LolcatActivity"]}, {"62930aed9decf72ae20da72ec96e2d15": ["0", "com.android.lolcat.LolcatActivity"]}, {"62930aed9decf72ae20da72ec96e2d15": ["0", "com.android.lolcat.LolcatActivity"]}, {"62930aed9decf72ae20da72ec96e2d15": ["0", "com.android.lolcat.LolcatActivity"]}, {"62930aed9decf72ae20da72ec96e2d15": ["0", "com.android.lolcat.LolcatActivity"]}, {"62930aed9decf72ae20da72ec96e2d15": ["0", "com.android.lolcat.LolcatActivity"]}, {"62930aed9decf72ae20da72ec96e2d15": ["0", "com.android.lolcat.LolcatActivity"]}, {"62930aed9decf72ae20da72ec96e2d15": ["0", "com.android.lolcat.LolcatActivity"]}, {"62930aed9decf72ae20da72ec96e2d15": ["0", "com.android.lolcat.LolcatActivity"]}, {"62930aed9decf72ae20da72ec96e2d15": ["0", "com.android.lolcat.LolcatActivity"]}, {"62930aed9decf72ae20da72ec96e2d15": ["0", "com.android.lolcat.LolcatActivity"]}, {"62930aed9decf72ae20da72ec96e2d15": ["0", "com.android.lolcat.LolcatActivity"]}, {"62930aed9decf72ae20da72ec96e2d15": ["0", "com.android.lolcat.LolcatActivity"]}, {"62930aed9decf72ae20da72ec96e2d15": ["0", "com.android.lolcat.LolcatActivity"]}, {"62930aed9decf72ae20da72ec96e2d15": ["0", "com.android.lolcat.LolcatActivity"]}, {"62930aed9decf72ae20da72ec96e2d15": ["0", "com.android.lolcat.LolcatActivity"]}, {"62930aed9decf72ae20da72ec96e2d15": ["0", "com.android.lolcat.LolcatActivity"]}, {"62930aed9decf72ae20da72ec96e2d15": ["0", "com.android.lolcat.LolcatActivity"]}, {"62930aed9decf72ae20da72ec96e2d15": ["0", "com.android.lolcat.LolcatActivity"]}, {"62930aed9decf72ae20da72ec96e2d15": ["0", "com.android.lolcat.LolcatActivity"]}, {"62930aed9decf72ae20da72ec96e2d15": ["0", "com.android.lolcat.LolcatActivity"]}, {"62930aed9decf72ae20da72ec96e2d15": ["0", "com.android.lolcat.LolcatActivity"]}, {"62930aed9decf72ae20da72ec96e2d15": ["0", "com.android.lolcat.LolcatActivity"]}, {"62930aed9decf72ae20da72ec96e2d15": ["0", "com.android.lolcat.LolcatActivity"]}]