[{"9df22ce55d433f2fef947f076c647aff": ["0", "info.bpace.munchlife.MunchLifeActivity"]}, {"9df22ce55d433f2fef947f076c647aff": ["0", "info.bpace.munchlife.MunchLifeActivity"]}, {"9df22ce55d433f2fef947f076c647aff": ["0", "info.bpace.munchlife.MunchLifeActivity"]}, {"9df22ce55d433f2fef947f076c647aff": ["0", "info.bpace.munchlife.MunchLifeActivity"]}, {"9df22ce55d433f2fef947f076c647aff": ["0", "info.bpace.munchlife.MunchLifeActivity"]}, {"9df22ce55d433f2fef947f076c647aff": ["0", "info.bpace.munchlife.MunchLifeActivity"]}, {"9df22ce55d433f2fef947f076c647aff": ["0", "info.bpace.munchlife.MunchLifeActivity"]}, {"9df22ce55d433f2fef947f076c647aff": ["0", "info.bpace.munchlife.MunchLifeActivity"]}, {"9df22ce55d433f2fef947f076c647aff": ["0", "info.bpace.munchlife.MunchLifeActivity"]}, {"9df22ce55d433f2fef947f076c647aff": ["0", "info.bpace.munchlife.MunchLifeActivity"]}, {"9df22ce55d433f2fef947f076c647aff": ["0", "info.bpace.munchlife.MunchLifeActivity"]}, {"9df22ce55d433f2fef947f076c647aff": ["0", "info.bpace.munchlife.MunchLifeActivity"]}, {"9df22ce55d433f2fef947f076c647aff": ["0", "info.bpace.munchlife.MunchLifeActivity"]}, {"9df22ce55d433f2fef947f076c647aff": ["0", "info.bpace.munchlife.MunchLifeActivity"]}, {"9df22ce55d433f2fef947f076c647aff": ["0", "info.bpace.munchlife.MunchLifeActivity"]}, {"9df22ce55d433f2fef947f076c647aff": ["0", "info.bpace.munchlife.MunchLifeActivity"]}, {"9df22ce55d433f2fef947f076c647aff": ["0", "info.bpace.munchlife.MunchLifeActivity"]}, {"9df22ce55d433f2fef947f076c647aff": ["0", "info.bpace.munchlife.MunchLifeActivity"]}, {"9df22ce55d433f2fef947f076c647aff": ["0", "info.bpace.munchlife.MunchLifeActivity"]}, {"9df22ce55d433f2fef947f076c647aff": ["0", "info.bpace.munchlife.MunchLifeActivity"]}, {"9df22ce55d433f2fef947f076c647aff": ["0", "info.bpace.munchlife.MunchLifeActivity"]}, {"9df22ce55d433f2fef947f076c647aff": ["0", "info.bpace.munchlife.MunchLifeActivity"]}, {"9df22ce55d433f2fef947f076c647aff": ["0", "info.bpace.munchlife.MunchLifeActivity"]}, {"9df22ce55d433f2fef947f076c647aff": ["0", "info.bpace.munchlife.MunchLifeActivity"]}, {"9df22ce55d433f2fef947f076c647aff": ["0", "info.bpace.munchlife.MunchLifeActivity"]}, {"9df22ce55d433f2fef947f076c647aff": ["0", "info.bpace.munchlife.MunchLifeActivity"]}, {"9df22ce55d433f2fef947f076c647aff": ["0", "info.bpace.munchlife.MunchLifeActivity"]}, {"9df22ce55d433f2fef947f076c647aff": ["0", "info.bpace.munchlife.MunchLifeActivity"]}, {"9df22ce55d433f2fef947f076c647aff": ["0", "info.bpace.munchlife.MunchLifeActivity"]}, {"9df22ce55d433f2fef947f076c647aff": ["0", "info.bpace.munchlife.MunchLifeActivity"]}, {"9df22ce55d433f2fef947f076c647aff": ["0", "info.bpace.munchlife.MunchLifeActivity"]}, {"9df22ce55d433f2fef947f076c647aff": ["0", "info.bpace.munchlife.MunchLifeActivity"]}, {"9df22ce55d433f2fef947f076c647aff": ["0", "info.bpace.munchlife.MunchLifeActivity"]}, {"9df22ce55d433f2fef947f076c647aff": ["0", "info.bpace.munchlife.MunchLifeActivity"]}, {"9df22ce55d433f2fef947f076c647aff": ["0", "info.bpace.munchlife.MunchLifeActivity"]}, {"9df22ce55d433f2fef947f076c647aff": ["0", "info.bpace.munchlife.MunchLifeActivity"]}, {"9df22ce55d433f2fef947f076c647aff": ["0", "info.bpace.munchlife.MunchLifeActivity"]}, {"9df22ce55d433f2fef947f076c647aff": ["0", "info.bpace.munchlife.MunchLifeActivity"]}, {"9df22ce55d433f2fef947f076c647aff": ["0", "info.bpace.munchlife.MunchLifeActivity"]}, {"9df22ce55d433f2fef947f076c647aff": ["0", "info.bpace.munchlife.MunchLifeActivity"]}, {"9df22ce55d433f2fef947f076c647aff": ["0", "info.bpace.munchlife.MunchLifeActivity"]}, {"9df22ce55d433f2fef947f076c647aff": ["0", "info.bpace.munchlife.MunchLifeActivity"]}, {"9df22ce55d433f2fef947f076c647aff": ["0", "info.bpace.munchlife.MunchLifeActivity"]}, {"9df22ce55d433f2fef947f076c647aff": ["0", "info.bpace.munchlife.MunchLifeActivity"]}, {"9df22ce55d433f2fef947f076c647aff": ["0", "info.bpace.munchlife.MunchLifeActivity"]}, {"9df22ce55d433f2fef947f076c647aff": ["0", "info.bpace.munchlife.MunchLifeActivity"]}, {"9df22ce55d433f2fef947f076c647aff": ["0", "info.bpace.munchlife.MunchLifeActivity"]}, {"9df22ce55d433f2fef947f076c647aff": ["0", "info.bpace.munchlife.MunchLifeActivity"]}, {"9df22ce55d433f2fef947f076c647aff": ["0", "info.bpace.munchlife.MunchLifeActivity"]}, {"9df22ce55d433f2fef947f076c647aff": ["0", "info.bpace.munchlife.MunchLifeActivity"]}, {"9df22ce55d433f2fef947f076c647aff": ["0", "info.bpace.munchlife.MunchLifeActivity"]}, {"9df22ce55d433f2fef947f076c647aff": ["0", "info.bpace.munchlife.MunchLifeActivity"]}, {"9df22ce55d433f2fef947f076c647aff": ["0", "info.bpace.munchlife.MunchLifeActivity"]}, {"9df22ce55d433f2fef947f076c647aff": ["0", "info.bpace.munchlife.MunchLifeActivity"]}, {"9df22ce55d433f2fef947f076c647aff": ["0", "info.bpace.munchlife.MunchLifeActivity"]}, {"9df22ce55d433f2fef947f076c647aff": ["0", "info.bpace.munchlife.MunchLifeActivity"]}, {"9df22ce55d433f2fef947f076c647aff": ["0", "info.bpace.munchlife.MunchLifeActivity"]}, {"9df22ce55d433f2fef947f076c647aff": ["0", "info.bpace.munchlife.MunchLifeActivity"]}, {"9df22ce55d433f2fef947f076c647aff": ["0", "info.bpace.munchlife.MunchLifeActivity"]}, {"9df22ce55d433f2fef947f076c647aff": ["0", "info.bpace.munchlife.MunchLifeActivity"]}, {"9df22ce55d433f2fef947f076c647aff": ["0", "info.bpace.munchlife.MunchLifeActivity"]}, {"9df22ce55d433f2fef947f076c647aff": ["0", "info.bpace.munchlife.MunchLifeActivity"]}, {"9df22ce55d433f2fef947f076c647aff": ["0", "info.bpace.munchlife.MunchLifeActivity"]}, {"9df22ce55d433f2fef947f076c647aff": ["0", "info.bpace.munchlife.MunchLifeActivity"]}, {"9df22ce55d433f2fef947f076c647aff": ["0", "info.bpace.munchlife.MunchLifeActivity"]}, {"9df22ce55d433f2fef947f076c647aff": ["0", "info.bpace.munchlife.MunchLifeActivity"]}, {"9df22ce55d433f2fef947f076c647aff": ["0", "info.bpace.munchlife.MunchLifeActivity"]}, {"9df22ce55d433f2fef947f076c647aff": ["0", "info.bpace.munchlife.MunchLifeActivity"]}, {"9df22ce55d433f2fef947f076c647aff": ["0", "info.bpace.munchlife.MunchLifeActivity"]}, {"9df22ce55d433f2fef947f076c647aff": ["0", "info.bpace.munchlife.MunchLifeActivity"]}, {"9df22ce55d433f2fef947f076c647aff": ["0", "info.bpace.munchlife.MunchLifeActivity"]}, {"9df22ce55d433f2fef947f076c647aff": ["0", "info.bpace.munchlife.MunchLifeActivity"]}, {"9df22ce55d433f2fef947f076c647aff": ["0", "info.bpace.munchlife.MunchLifeActivity"]}, {"9df22ce55d433f2fef947f076c647aff": ["0", "info.bpace.munchlife.MunchLifeActivity"]}, {"9df22ce55d433f2fef947f076c647aff": ["0", "info.bpace.munchlife.MunchLifeActivity"]}, {"9df22ce55d433f2fef947f076c647aff": ["0", "info.bpace.munchlife.MunchLifeActivity"]}, {"9df22ce55d433f2fef947f076c647aff": ["0", "info.bpace.munchlife.MunchLifeActivity"]}, {"9df22ce55d433f2fef947f076c647aff": ["0", "info.bpace.munchlife.MunchLifeActivity"]}, {"9df22ce55d433f2fef947f076c647aff": ["0", "info.bpace.munchlife.MunchLifeActivity"]}, {"9df22ce55d433f2fef947f076c647aff": ["0", "info.bpace.munchlife.MunchLifeActivity"]}, {"9df22ce55d433f2fef947f076c647aff": ["0", "info.bpace.munchlife.MunchLifeActivity"]}, {"9df22ce55d433f2fef947f076c647aff": ["0", "info.bpace.munchlife.MunchLifeActivity"]}, {"9df22ce55d433f2fef947f076c647aff": ["0", "info.bpace.munchlife.MunchLifeActivity"]}, {"9df22ce55d433f2fef947f076c647aff": ["0", "info.bpace.munchlife.MunchLifeActivity"]}, {"9df22ce55d433f2fef947f076c647aff": ["0", "info.bpace.munchlife.MunchLifeActivity"]}, {"9df22ce55d433f2fef947f076c647aff": ["0", "info.bpace.munchlife.MunchLifeActivity"]}, {"9df22ce55d433f2fef947f076c647aff": ["0", "info.bpace.munchlife.MunchLifeActivity"]}, {"9df22ce55d433f2fef947f076c647aff": ["0", "info.bpace.munchlife.MunchLifeActivity"]}, {"9df22ce55d433f2fef947f076c647aff": ["0", "info.bpace.munchlife.MunchLifeActivity"]}, {"9df22ce55d433f2fef947f076c647aff": ["0", "info.bpace.munchlife.MunchLifeActivity"]}, {"9df22ce55d433f2fef947f076c647aff": ["0", "info.bpace.munchlife.MunchLifeActivity"]}, {"9df22ce55d433f2fef947f076c647aff": ["0", "info.bpace.munchlife.MunchLifeActivity"]}, {"9df22ce55d433f2fef947f076c647aff": ["0", "info.bpace.munchlife.MunchLifeActivity"]}, {"9df22ce55d433f2fef947f076c647aff": ["0", "info.bpace.munchlife.MunchLifeActivity"]}, {"9df22ce55d433f2fef947f076c647aff": ["0", "info.bpace.munchlife.MunchLifeActivity"]}, {"9df22ce55d433f2fef947f076c647aff": ["0", "info.bpace.munchlife.MunchLifeActivity"]}, {"9df22ce55d433f2fef947f076c647aff": ["0", "info.bpace.munchlife.MunchLifeActivity"]}, {"9df22ce55d433f2fef947f076c647aff": ["0", "info.bpace.munchlife.MunchLifeActivity"]}, {"9df22ce55d433f2fef947f076c647aff": ["0", "info.bpace.munchlife.MunchLifeActivity"]}, {"9df22ce55d433f2fef947f076c647aff": ["0", "info.bpace.munchlife.MunchLifeActivity"]}, {"9df22ce55d433f2fef947f076c647aff": ["0", "info.bpace.munchlife.MunchLifeActivity"]}, {"9df22ce55d433f2fef947f076c647aff": ["0", "info.bpace.munchlife.MunchLifeActivity"]}, {"9df22ce55d433f2fef947f076c647aff": ["0", "info.bpace.munchlife.MunchLifeActivity"]}, {"9df22ce55d433f2fef947f076c647aff": ["0", "info.bpace.munchlife.MunchLifeActivity"]}, {"9df22ce55d433f2fef947f076c647aff": ["0", "info.bpace.munchlife.MunchLifeActivity"]}, {"9df22ce55d433f2fef947f076c647aff": ["0", "info.bpace.munchlife.MunchLifeActivity"]}, {"9df22ce55d433f2fef947f076c647aff": ["0", "info.bpace.munchlife.MunchLifeActivity"]}, {"9df22ce55d433f2fef947f076c647aff": ["0", "info.bpace.munchlife.MunchLifeActivity"]}, {"9df22ce55d433f2fef947f076c647aff": ["0", "info.bpace.munchlife.MunchLifeActivity"]}, {"9df22ce55d433f2fef947f076c647aff": ["0", "info.bpace.munchlife.MunchLifeActivity"]}, {"9df22ce55d433f2fef947f076c647aff": ["0", "info.bpace.munchlife.MunchLifeActivity"]}, {"9df22ce55d433f2fef947f076c647aff": ["0", "info.bpace.munchlife.MunchLifeActivity"]}, {"9df22ce55d433f2fef947f076c647aff": ["0", "info.bpace.munchlife.MunchLifeActivity"]}, {"9df22ce55d433f2fef947f076c647aff": ["0", "info.bpace.munchlife.MunchLifeActivity"]}, {"9df22ce55d433f2fef947f076c647aff": ["0", "info.bpace.munchlife.MunchLifeActivity"]}, {"9df22ce55d433f2fef947f076c647aff": ["0", "info.bpace.munchlife.MunchLifeActivity"]}, {"9df22ce55d433f2fef947f076c647aff": ["0", "info.bpace.munchlife.MunchLifeActivity"]}, {"9df22ce55d433f2fef947f076c647aff": ["0", "info.bpace.munchlife.MunchLifeActivity"]}, {"9df22ce55d433f2fef947f076c647aff": ["0", "info.bpace.munchlife.MunchLifeActivity"]}, {"9df22ce55d433f2fef947f076c647aff": ["0", "info.bpace.munchlife.MunchLifeActivity"]}, {"9df22ce55d433f2fef947f076c647aff": ["0", "info.bpace.munchlife.MunchLifeActivity"]}, {"9df22ce55d433f2fef947f076c647aff": ["0", "info.bpace.munchlife.MunchLifeActivity"]}, {"9df22ce55d433f2fef947f076c647aff": ["0", "info.bpace.munchlife.MunchLifeActivity"]}, {"9df22ce55d433f2fef947f076c647aff": ["0", "info.bpace.munchlife.MunchLifeActivity"]}, {"9df22ce55d433f2fef947f076c647aff": ["0", "info.bpace.munchlife.MunchLifeActivity"]}, {"9df22ce55d433f2fef947f076c647aff": ["0", "info.bpace.munchlife.MunchLifeActivity"]}, {"9df22ce55d433f2fef947f076c647aff": ["0", "info.bpace.munchlife.MunchLifeActivity"]}, {"9df22ce55d433f2fef947f076c647aff": ["0", "info.bpace.munchlife.MunchLifeActivity"]}, {"9df22ce55d433f2fef947f076c647aff": ["0", "info.bpace.munchlife.MunchLifeActivity"]}, {"9df22ce55d433f2fef947f076c647aff": ["0", "info.bpace.munchlife.MunchLifeActivity"]}, {"9df22ce55d433f2fef947f076c647aff": ["0", "info.bpace.munchlife.MunchLifeActivity"]}, {"9df22ce55d433f2fef947f076c647aff": ["0", "info.bpace.munchlife.MunchLifeActivity"]}, {"9df22ce55d433f2fef947f076c647aff": ["0", "info.bpace.munchlife.MunchLifeActivity"]}, {"9df22ce55d433f2fef947f076c647aff": ["0", "info.bpace.munchlife.MunchLifeActivity"]}, {"9df22ce55d433f2fef947f076c647aff": ["0", "info.bpace.munchlife.MunchLifeActivity"]}, {"9df22ce55d433f2fef947f076c647aff": ["0", "info.bpace.munchlife.MunchLifeActivity"]}, {"9df22ce55d433f2fef947f076c647aff": ["0", "info.bpace.munchlife.MunchLifeActivity"]}, {"9df22ce55d433f2fef947f076c647aff": ["0", "info.bpace.munchlife.MunchLifeActivity"]}, {"9df22ce55d433f2fef947f076c647aff": ["0", "info.bpace.munchlife.MunchLifeActivity"]}, {"9df22ce55d433f2fef947f076c647aff": ["0", "info.bpace.munchlife.MunchLifeActivity"]}, {"9df22ce55d433f2fef947f076c647aff": ["0", "info.bpace.munchlife.MunchLifeActivity"]}, {"9df22ce55d433f2fef947f076c647aff": ["0", "info.bpace.munchlife.MunchLifeActivity"]}, {"9df22ce55d433f2fef947f076c647aff": ["0", "info.bpace.munchlife.MunchLifeActivity"]}, {"9df22ce55d433f2fef947f076c647aff": ["0", "info.bpace.munchlife.MunchLifeActivity"]}, {"9df22ce55d433f2fef947f076c647aff": ["0", "info.bpace.munchlife.MunchLifeActivity"]}, {"9df22ce55d433f2fef947f076c647aff": ["0", "info.bpace.munchlife.MunchLifeActivity"]}, {"9df22ce55d433f2fef947f076c647aff": ["0", "info.bpace.munchlife.MunchLifeActivity"]}, {"9df22ce55d433f2fef947f076c647aff": ["0", "info.bpace.munchlife.MunchLifeActivity"]}, {"9df22ce55d433f2fef947f076c647aff": ["0", "info.bpace.munchlife.MunchLifeActivity"]}, {"9df22ce55d433f2fef947f076c647aff": ["0", "info.bpace.munchlife.MunchLifeActivity"]}, {"9df22ce55d433f2fef947f076c647aff": ["0", "info.bpace.munchlife.MunchLifeActivity"]}, {"6afc173dc7b660a19dafa32e62e2e1fe": ["1", "info.bpace.munchlife.SettingsActivity"]}, {"6afc173dc7b660a19dafa32e62e2e1fe": ["1", "info.bpace.munchlife.SettingsActivity"]}, {"6afc173dc7b660a19dafa32e62e2e1fe": ["1", "info.bpace.munchlife.SettingsActivity"]}, {"6afc173dc7b660a19dafa32e62e2e1fe": ["1", "info.bpace.munchlife.SettingsActivity"]}, {"6afc173dc7b660a19dafa32e62e2e1fe": ["1", "info.bpace.munchlife.SettingsActivity"]}, {"6afc173dc7b660a19dafa32e62e2e1fe": ["1", "info.bpace.munchlife.SettingsActivity"]}, {"6afc173dc7b660a19dafa32e62e2e1fe": ["1", "info.bpace.munchlife.SettingsActivity"]}, {"6afc173dc7b660a19dafa32e62e2e1fe": ["1", "info.bpace.munchlife.SettingsActivity"]}, {"6afc173dc7b660a19dafa32e62e2e1fe": ["1", "info.bpace.munchlife.SettingsActivity"]}, {"6afc173dc7b660a19dafa32e62e2e1fe": ["1", "info.bpace.munchlife.SettingsActivity"]}, {"6afc173dc7b660a19dafa32e62e2e1fe": ["1", "info.bpace.munchlife.SettingsActivity"]}, {"6afc173dc7b660a19dafa32e62e2e1fe": ["1", "info.bpace.munchlife.SettingsActivity"]}, {"6afc173dc7b660a19dafa32e62e2e1fe": ["1", "info.bpace.munchlife.SettingsActivity"]}, {"6afc173dc7b660a19dafa32e62e2e1fe": ["1", "info.bpace.munchlife.SettingsActivity"]}, {"6afc173dc7b660a19dafa32e62e2e1fe": ["1", "info.bpace.munchlife.SettingsActivity"]}, {"6afc173dc7b660a19dafa32e62e2e1fe": ["1", "info.bpace.munchlife.SettingsActivity"]}, {"6afc173dc7b660a19dafa32e62e2e1fe": ["1", "info.bpace.munchlife.SettingsActivity"]}, {"6afc173dc7b660a19dafa32e62e2e1fe": ["1", "info.bpace.munchlife.SettingsActivity"]}, {"6afc173dc7b660a19dafa32e62e2e1fe": ["1", "info.bpace.munchlife.SettingsActivity"]}, {"6afc173dc7b660a19dafa32e62e2e1fe": ["1", "info.bpace.munchlife.SettingsActivity"]}, {"6afc173dc7b660a19dafa32e62e2e1fe": ["1", "info.bpace.munchlife.SettingsActivity"]}, {"6afc173dc7b660a19dafa32e62e2e1fe": ["1", "info.bpace.munchlife.SettingsActivity"]}, {"6afc173dc7b660a19dafa32e62e2e1fe": ["1", "info.bpace.munchlife.SettingsActivity"]}, {"6afc173dc7b660a19dafa32e62e2e1fe": ["1", "info.bpace.munchlife.SettingsActivity"]}, {"6afc173dc7b660a19dafa32e62e2e1fe": ["1", "info.bpace.munchlife.SettingsActivity"]}, {"6afc173dc7b660a19dafa32e62e2e1fe": ["1", "info.bpace.munchlife.SettingsActivity"]}, {"4bae3f75b2585306713a0c0e2f5f46d8": ["2", "info.bpace.munchlife.SettingsActivity"]}, {"6afc173dc7b660a19dafa32e62e2e1fe": ["1", "info.bpace.munchlife.SettingsActivity"]}, {"6afc173dc7b660a19dafa32e62e2e1fe": ["1", "info.bpace.munchlife.SettingsActivity"]}, {"6afc173dc7b660a19dafa32e62e2e1fe": ["1", "info.bpace.munchlife.SettingsActivity"]}, {"6afc173dc7b660a19dafa32e62e2e1fe": ["1", "info.bpace.munchlife.SettingsActivity"]}, {"6afc173dc7b660a19dafa32e62e2e1fe": ["1", "info.bpace.munchlife.SettingsActivity"]}, {"6afc173dc7b660a19dafa32e62e2e1fe": ["1", "info.bpace.munchlife.SettingsActivity"]}, {"6afc173dc7b660a19dafa32e62e2e1fe": ["1", "info.bpace.munchlife.SettingsActivity"]}, {"6afc173dc7b660a19dafa32e62e2e1fe": ["1", "info.bpace.munchlife.SettingsActivity"]}, {"9df22ce55d433f2fef947f076c647aff": ["0", "info.bpace.munchlife.MunchLifeActivity"]}, {"9df22ce55d433f2fef947f076c647aff": ["0", "info.bpace.munchlife.MunchLifeActivity"]}, {"9df22ce55d433f2fef947f076c647aff": ["0", "info.bpace.munchlife.MunchLifeActivity"]}, {"9df22ce55d433f2fef947f076c647aff": ["0", "info.bpace.munchlife.MunchLifeActivity"]}, {"9df22ce55d433f2fef947f076c647aff": ["0", "info.bpace.munchlife.MunchLifeActivity"]}, {"9df22ce55d433f2fef947f076c647aff": ["0", "info.bpace.munchlife.MunchLifeActivity"]}, {"9df22ce55d433f2fef947f076c647aff": ["0", "info.bpace.munchlife.MunchLifeActivity"]}, {"9df22ce55d433f2fef947f076c647aff": ["0", "info.bpace.munchlife.MunchLifeActivity"]}, {"9df22ce55d433f2fef947f076c647aff": ["0", "info.bpace.munchlife.MunchLifeActivity"]}, {"9df22ce55d433f2fef947f076c647aff": ["0", "info.bpace.munchlife.MunchLifeActivity"]}, {"9df22ce55d433f2fef947f076c647aff": ["0", "info.bpace.munchlife.MunchLifeActivity"]}, {"9df22ce55d433f2fef947f076c647aff": ["0", "info.bpace.munchlife.MunchLifeActivity"]}, {"6afc173dc7b660a19dafa32e62e2e1fe": ["1", "info.bpace.munchlife.SettingsActivity"]}, {"6afc173dc7b660a19dafa32e62e2e1fe": ["1", "info.bpace.munchlife.SettingsActivity"]}, {"6afc173dc7b660a19dafa32e62e2e1fe": ["1", "info.bpace.munchlife.SettingsActivity"]}, {"6afc173dc7b660a19dafa32e62e2e1fe": ["1", "info.bpace.munchlife.SettingsActivity"]}, {"6afc173dc7b660a19dafa32e62e2e1fe": ["1", "info.bpace.munchlife.SettingsActivity"]}, {"6afc173dc7b660a19dafa32e62e2e1fe": ["1", "info.bpace.munchlife.SettingsActivity"]}, {"6afc173dc7b660a19dafa32e62e2e1fe": ["1", "info.bpace.munchlife.SettingsActivity"]}, {"6afc173dc7b660a19dafa32e62e2e1fe": ["1", "info.bpace.munchlife.SettingsActivity"]}, {"6afc173dc7b660a19dafa32e62e2e1fe": ["1", "info.bpace.munchlife.SettingsActivity"]}, {"6afc173dc7b660a19dafa32e62e2e1fe": ["1", "info.bpace.munchlife.SettingsActivity"]}, {"6afc173dc7b660a19dafa32e62e2e1fe": ["1", "info.bpace.munchlife.SettingsActivity"]}, {"6afc173dc7b660a19dafa32e62e2e1fe": ["1", "info.bpace.munchlife.SettingsActivity"]}, {"6afc173dc7b660a19dafa32e62e2e1fe": ["1", "info.bpace.munchlife.SettingsActivity"]}, {"4bae3f75b2585306713a0c0e2f5f46d8": ["2", "info.bpace.munchlife.SettingsActivity"]}, {"6afc173dc7b660a19dafa32e62e2e1fe": ["1", "info.bpace.munchlife.SettingsActivity"]}, {"6afc173dc7b660a19dafa32e62e2e1fe": ["1", "info.bpace.munchlife.SettingsActivity"]}, {"6afc173dc7b660a19dafa32e62e2e1fe": ["1", "info.bpace.munchlife.SettingsActivity"]}, {"6afc173dc7b660a19dafa32e62e2e1fe": ["1", "info.bpace.munchlife.SettingsActivity"]}, {"9df22ce55d433f2fef947f076c647aff": ["0", "info.bpace.munchlife.MunchLifeActivity"]}, {"9df22ce55d433f2fef947f076c647aff": ["0", "info.bpace.munchlife.MunchLifeActivity"]}, {"9df22ce55d433f2fef947f076c647aff": ["0", "info.bpace.munchlife.MunchLifeActivity"]}, {"9df22ce55d433f2fef947f076c647aff": ["0", "info.bpace.munchlife.MunchLifeActivity"]}, {"9df22ce55d433f2fef947f076c647aff": ["0", "info.bpace.munchlife.MunchLifeActivity"]}, {"9df22ce55d433f2fef947f076c647aff": ["0", "info.bpace.munchlife.MunchLifeActivity"]}, {"9df22ce55d433f2fef947f076c647aff": ["0", "info.bpace.munchlife.MunchLifeActivity"]}, {"9df22ce55d433f2fef947f076c647aff": ["0", "info.bpace.munchlife.MunchLifeActivity"]}, {"9df22ce55d433f2fef947f076c647aff": ["0", "info.bpace.munchlife.MunchLifeActivity"]}, {"9df22ce55d433f2fef947f076c647aff": ["0", "info.bpace.munchlife.MunchLifeActivity"]}, {"6afc173dc7b660a19dafa32e62e2e1fe": ["1", "info.bpace.munchlife.SettingsActivity"]}, {"9df22ce55d433f2fef947f076c647aff": ["0", "info.bpace.munchlife.MunchLifeActivity"]}, {"9df22ce55d433f2fef947f076c647aff": ["0", "info.bpace.munchlife.MunchLifeActivity"]}, {"9df22ce55d433f2fef947f076c647aff": ["0", "info.bpace.munchlife.MunchLifeActivity"]}, {"9df22ce55d433f2fef947f076c647aff": ["0", "info.bpace.munchlife.MunchLifeActivity"]}, {"9df22ce55d433f2fef947f076c647aff": ["0", "info.bpace.munchlife.MunchLifeActivity"]}, {"9df22ce55d433f2fef947f076c647aff": ["0", "info.bpace.munchlife.MunchLifeActivity"]}, {"9df22ce55d433f2fef947f076c647aff": ["0", "info.bpace.munchlife.MunchLifeActivity"]}, {"9df22ce55d433f2fef947f076c647aff": ["0", "info.bpace.munchlife.MunchLifeActivity"]}, {"9df22ce55d433f2fef947f076c647aff": ["0", "info.bpace.munchlife.MunchLifeActivity"]}, {"9df22ce55d433f2fef947f076c647aff": ["0", "info.bpace.munchlife.MunchLifeActivity"]}, {"9df22ce55d433f2fef947f076c647aff": ["0", "info.bpace.munchlife.MunchLifeActivity"]}, {"9df22ce55d433f2fef947f076c647aff": ["0", "info.bpace.munchlife.MunchLifeActivity"]}, {"9df22ce55d433f2fef947f076c647aff": ["0", "info.bpace.munchlife.MunchLifeActivity"]}, {"9df22ce55d433f2fef947f076c647aff": ["0", "info.bpace.munchlife.MunchLifeActivity"]}, {"9df22ce55d433f2fef947f076c647aff": ["0", "info.bpace.munchlife.MunchLifeActivity"]}, {"9df22ce55d433f2fef947f076c647aff": ["0", "info.bpace.munchlife.MunchLifeActivity"]}, {"9df22ce55d433f2fef947f076c647aff": ["0", "info.bpace.munchlife.MunchLifeActivity"]}, {"9df22ce55d433f2fef947f076c647aff": ["0", "info.bpace.munchlife.MunchLifeActivity"]}, {"9df22ce55d433f2fef947f076c647aff": ["0", "info.bpace.munchlife.MunchLifeActivity"]}, {"9df22ce55d433f2fef947f076c647aff": ["0", "info.bpace.munchlife.MunchLifeActivity"]}, {"9df22ce55d433f2fef947f076c647aff": ["0", "info.bpace.munchlife.MunchLifeActivity"]}, {"fb3e61bec4faa8af8d3d9edb449db7b0": ["3", "info.bpace.munchlife.MunchLifeActivity"]}, {"9df22ce55d433f2fef947f076c647aff": ["0", "info.bpace.munchlife.MunchLifeActivity"]}, {"9df22ce55d433f2fef947f076c647aff": ["0", "info.bpace.munchlife.MunchLifeActivity"]}, {"9df22ce55d433f2fef947f076c647aff": ["0", "info.bpace.munchlife.MunchLifeActivity"]}, {"9df22ce55d433f2fef947f076c647aff": ["0", "info.bpace.munchlife.MunchLifeActivity"]}, {"9df22ce55d433f2fef947f076c647aff": ["0", "info.bpace.munchlife.MunchLifeActivity"]}, {"9df22ce55d433f2fef947f076c647aff": ["0", "info.bpace.munchlife.MunchLifeActivity"]}, {"9df22ce55d433f2fef947f076c647aff": ["0", "info.bpace.munchlife.MunchLifeActivity"]}, {"9df22ce55d433f2fef947f076c647aff": ["0", "info.bpace.munchlife.MunchLifeActivity"]}, {"9df22ce55d433f2fef947f076c647aff": ["0", "info.bpace.munchlife.MunchLifeActivity"]}, {"9df22ce55d433f2fef947f076c647aff": ["0", "info.bpace.munchlife.MunchLifeActivity"]}, {"9df22ce55d433f2fef947f076c647aff": ["0", "info.bpace.munchlife.MunchLifeActivity"]}, {"9df22ce55d433f2fef947f076c647aff": ["0", "info.bpace.munchlife.MunchLifeActivity"]}, {"9df22ce55d433f2fef947f076c647aff": ["0", "info.bpace.munchlife.MunchLifeActivity"]}, {"9df22ce55d433f2fef947f076c647aff": ["0", "info.bpace.munchlife.MunchLifeActivity"]}, {"9df22ce55d433f2fef947f076c647aff": ["0", "info.bpace.munchlife.MunchLifeActivity"]}, {"9df22ce55d433f2fef947f076c647aff": ["0", "info.bpace.munchlife.MunchLifeActivity"]}, {"9df22ce55d433f2fef947f076c647aff": ["0", "info.bpace.munchlife.MunchLifeActivity"]}, {"9df22ce55d433f2fef947f076c647aff": ["0", "info.bpace.munchlife.MunchLifeActivity"]}, {"9df22ce55d433f2fef947f076c647aff": ["0", "info.bpace.munchlife.MunchLifeActivity"]}, {"9df22ce55d433f2fef947f076c647aff": ["0", "info.bpace.munchlife.MunchLifeActivity"]}, {"9df22ce55d433f2fef947f076c647aff": ["0", "info.bpace.munchlife.MunchLifeActivity"]}, {"9df22ce55d433f2fef947f076c647aff": ["0", "info.bpace.munchlife.MunchLifeActivity"]}, {"9df22ce55d433f2fef947f076c647aff": ["0", "info.bpace.munchlife.MunchLifeActivity"]}, {"9df22ce55d433f2fef947f076c647aff": ["0", "info.bpace.munchlife.MunchLifeActivity"]}, {"9df22ce55d433f2fef947f076c647aff": ["0", "info.bpace.munchlife.MunchLifeActivity"]}, {"9df22ce55d433f2fef947f076c647aff": ["0", "info.bpace.munchlife.MunchLifeActivity"]}, {"9df22ce55d433f2fef947f076c647aff": ["0", "info.bpace.munchlife.MunchLifeActivity"]}, {"fb3e61bec4faa8af8d3d9edb449db7b0": ["3", "info.bpace.munchlife.MunchLifeActivity"]}, {"9df22ce55d433f2fef947f076c647aff": ["0", "info.bpace.munchlife.MunchLifeActivity"]}, {"9df22ce55d433f2fef947f076c647aff": ["0", "info.bpace.munchlife.MunchLifeActivity"]}, {"9df22ce55d433f2fef947f076c647aff": ["0", "info.bpace.munchlife.MunchLifeActivity"]}, {"9df22ce55d433f2fef947f076c647aff": ["0", "info.bpace.munchlife.MunchLifeActivity"]}, {"9df22ce55d433f2fef947f076c647aff": ["0", "info.bpace.munchlife.MunchLifeActivity"]}, {"9df22ce55d433f2fef947f076c647aff": ["0", "info.bpace.munchlife.MunchLifeActivity"]}, {"9df22ce55d433f2fef947f076c647aff": ["0", "info.bpace.munchlife.MunchLifeActivity"]}, {"9df22ce55d433f2fef947f076c647aff": ["0", "info.bpace.munchlife.MunchLifeActivity"]}, {"9df22ce55d433f2fef947f076c647aff": ["0", "info.bpace.munchlife.MunchLifeActivity"]}, {"9df22ce55d433f2fef947f076c647aff": ["0", "info.bpace.munchlife.MunchLifeActivity"]}, {"9df22ce55d433f2fef947f076c647aff": ["0", "info.bpace.munchlife.MunchLifeActivity"]}, {"9df22ce55d433f2fef947f076c647aff": ["0", "info.bpace.munchlife.MunchLifeActivity"]}, {"9df22ce55d433f2fef947f076c647aff": ["0", "info.bpace.munchlife.MunchLifeActivity"]}, {"9df22ce55d433f2fef947f076c647aff": ["0", "info.bpace.munchlife.MunchLifeActivity"]}, {"9df22ce55d433f2fef947f076c647aff": ["0", "info.bpace.munchlife.MunchLifeActivity"]}, {"9df22ce55d433f2fef947f076c647aff": ["0", "info.bpace.munchlife.MunchLifeActivity"]}, {"9df22ce55d433f2fef947f076c647aff": ["0", "info.bpace.munchlife.MunchLifeActivity"]}, {"9df22ce55d433f2fef947f076c647aff": ["0", "info.bpace.munchlife.MunchLifeActivity"]}, {"9df22ce55d433f2fef947f076c647aff": ["0", "info.bpace.munchlife.MunchLifeActivity"]}, {"9df22ce55d433f2fef947f076c647aff": ["0", "info.bpace.munchlife.MunchLifeActivity"]}, {"9df22ce55d433f2fef947f076c647aff": ["0", "info.bpace.munchlife.MunchLifeActivity"]}, {"9df22ce55d433f2fef947f076c647aff": ["0", "info.bpace.munchlife.MunchLifeActivity"]}, {"9df22ce55d433f2fef947f076c647aff": ["0", "info.bpace.munchlife.MunchLifeActivity"]}, {"9df22ce55d433f2fef947f076c647aff": ["0", "info.bpace.munchlife.MunchLifeActivity"]}, {"9df22ce55d433f2fef947f076c647aff": ["0", "info.bpace.munchlife.MunchLifeActivity"]}, {"9df22ce55d433f2fef947f076c647aff": ["0", "info.bpace.munchlife.MunchLifeActivity"]}, {"9df22ce55d433f2fef947f076c647aff": ["0", "info.bpace.munchlife.MunchLifeActivity"]}, {"9df22ce55d433f2fef947f076c647aff": ["0", "info.bpace.munchlife.MunchLifeActivity"]}, {"9df22ce55d433f2fef947f076c647aff": ["0", "info.bpace.munchlife.MunchLifeActivity"]}, {"9df22ce55d433f2fef947f076c647aff": ["0", "info.bpace.munchlife.MunchLifeActivity"]}, {"9df22ce55d433f2fef947f076c647aff": ["0", "info.bpace.munchlife.MunchLifeActivity"]}, {"9df22ce55d433f2fef947f076c647aff": ["0", "info.bpace.munchlife.MunchLifeActivity"]}, {"9df22ce55d433f2fef947f076c647aff": ["0", "info.bpace.munchlife.MunchLifeActivity"]}, {"9df22ce55d433f2fef947f076c647aff": ["0", "info.bpace.munchlife.MunchLifeActivity"]}, {"9df22ce55d433f2fef947f076c647aff": ["0", "info.bpace.munchlife.MunchLifeActivity"]}, {"9df22ce55d433f2fef947f076c647aff": ["0", "info.bpace.munchlife.MunchLifeActivity"]}, {"9df22ce55d433f2fef947f076c647aff": ["0", "info.bpace.munchlife.MunchLifeActivity"]}, {"9df22ce55d433f2fef947f076c647aff": ["0", "info.bpace.munchlife.MunchLifeActivity"]}, {"9df22ce55d433f2fef947f076c647aff": ["0", "info.bpace.munchlife.MunchLifeActivity"]}, {"9df22ce55d433f2fef947f076c647aff": ["0", "info.bpace.munchlife.MunchLifeActivity"]}, {"9df22ce55d433f2fef947f076c647aff": ["0", "info.bpace.munchlife.MunchLifeActivity"]}, {"9df22ce55d433f2fef947f076c647aff": ["0", "info.bpace.munchlife.MunchLifeActivity"]}, {"9df22ce55d433f2fef947f076c647aff": ["0", "info.bpace.munchlife.MunchLifeActivity"]}, {"9df22ce55d433f2fef947f076c647aff": ["0", "info.bpace.munchlife.MunchLifeActivity"]}, {"9df22ce55d433f2fef947f076c647aff": ["0", "info.bpace.munchlife.MunchLifeActivity"]}, {"9df22ce55d433f2fef947f076c647aff": ["0", "info.bpace.munchlife.MunchLifeActivity"]}, {"9df22ce55d433f2fef947f076c647aff": ["0", "info.bpace.munchlife.MunchLifeActivity"]}, {"9df22ce55d433f2fef947f076c647aff": ["0", "info.bpace.munchlife.MunchLifeActivity"]}, {"9df22ce55d433f2fef947f076c647aff": ["0", "info.bpace.munchlife.MunchLifeActivity"]}, {"9df22ce55d433f2fef947f076c647aff": ["0", "info.bpace.munchlife.MunchLifeActivity"]}, {"9df22ce55d433f2fef947f076c647aff": ["0", "info.bpace.munchlife.MunchLifeActivity"]}, {"9df22ce55d433f2fef947f076c647aff": ["0", "info.bpace.munchlife.MunchLifeActivity"]}, {"9df22ce55d433f2fef947f076c647aff": ["0", "info.bpace.munchlife.MunchLifeActivity"]}, {"9df22ce55d433f2fef947f076c647aff": ["0", "info.bpace.munchlife.MunchLifeActivity"]}, {"9df22ce55d433f2fef947f076c647aff": ["0", "info.bpace.munchlife.MunchLifeActivity"]}, {"9df22ce55d433f2fef947f076c647aff": ["0", "info.bpace.munchlife.MunchLifeActivity"]}, {"9df22ce55d433f2fef947f076c647aff": ["0", "info.bpace.munchlife.MunchLifeActivity"]}, {"9df22ce55d433f2fef947f076c647aff": ["0", "info.bpace.munchlife.MunchLifeActivity"]}, {"9df22ce55d433f2fef947f076c647aff": ["0", "info.bpace.munchlife.MunchLifeActivity"]}, {"9df22ce55d433f2fef947f076c647aff": ["0", "info.bpace.munchlife.MunchLifeActivity"]}, {"9df22ce55d433f2fef947f076c647aff": ["0", "info.bpace.munchlife.MunchLifeActivity"]}, {"9df22ce55d433f2fef947f076c647aff": ["0", "info.bpace.munchlife.MunchLifeActivity"]}, {"9df22ce55d433f2fef947f076c647aff": ["0", "info.bpace.munchlife.MunchLifeActivity"]}, {"6afc173dc7b660a19dafa32e62e2e1fe": ["1", "info.bpace.munchlife.SettingsActivity"]}, {"6afc173dc7b660a19dafa32e62e2e1fe": ["1", "info.bpace.munchlife.SettingsActivity"]}, {"6afc173dc7b660a19dafa32e62e2e1fe": ["1", "info.bpace.munchlife.SettingsActivity"]}, {"4bae3f75b2585306713a0c0e2f5f46d8": ["2", "info.bpace.munchlife.SettingsActivity"]}, {"6afc173dc7b660a19dafa32e62e2e1fe": ["1", "info.bpace.munchlife.SettingsActivity"]}, {"6afc173dc7b660a19dafa32e62e2e1fe": ["1", "info.bpace.munchlife.SettingsActivity"]}, {"6afc173dc7b660a19dafa32e62e2e1fe": ["1", "info.bpace.munchlife.SettingsActivity"]}, {"6afc173dc7b660a19dafa32e62e2e1fe": ["1", "info.bpace.munchlife.SettingsActivity"]}, {"6afc173dc7b660a19dafa32e62e2e1fe": ["1", "info.bpace.munchlife.SettingsActivity"]}, {"6afc173dc7b660a19dafa32e62e2e1fe": ["1", "info.bpace.munchlife.SettingsActivity"]}, {"6afc173dc7b660a19dafa32e62e2e1fe": ["1", "info.bpace.munchlife.SettingsActivity"]}, {"6afc173dc7b660a19dafa32e62e2e1fe": ["1", "info.bpace.munchlife.SettingsActivity"]}, {"6afc173dc7b660a19dafa32e62e2e1fe": ["1", "info.bpace.munchlife.SettingsActivity"]}, {"6afc173dc7b660a19dafa32e62e2e1fe": ["1", "info.bpace.munchlife.SettingsActivity"]}, {"6afc173dc7b660a19dafa32e62e2e1fe": ["1", "info.bpace.munchlife.SettingsActivity"]}, {"6afc173dc7b660a19dafa32e62e2e1fe": ["1", "info.bpace.munchlife.SettingsActivity"]}, {"4bae3f75b2585306713a0c0e2f5f46d8": ["2", "info.bpace.munchlife.SettingsActivity"]}, {"6afc173dc7b660a19dafa32e62e2e1fe": ["1", "info.bpace.munchlife.SettingsActivity"]}, {"6afc173dc7b660a19dafa32e62e2e1fe": ["1", "info.bpace.munchlife.SettingsActivity"]}, {"6afc173dc7b660a19dafa32e62e2e1fe": ["1", "info.bpace.munchlife.SettingsActivity"]}, {"4bae3f75b2585306713a0c0e2f5f46d8": ["2", "info.bpace.munchlife.SettingsActivity"]}, {"6afc173dc7b660a19dafa32e62e2e1fe": ["1", "info.bpace.munchlife.SettingsActivity"]}, {"6afc173dc7b660a19dafa32e62e2e1fe": ["1", "info.bpace.munchlife.SettingsActivity"]}, {"6afc173dc7b660a19dafa32e62e2e1fe": ["1", "info.bpace.munchlife.SettingsActivity"]}, {"6afc173dc7b660a19dafa32e62e2e1fe": ["1", "info.bpace.munchlife.SettingsActivity"]}, {"4bae3f75b2585306713a0c0e2f5f46d8": ["2", "info.bpace.munchlife.SettingsActivity"]}, {"6afc173dc7b660a19dafa32e62e2e1fe": ["1", "info.bpace.munchlife.SettingsActivity"]}, {"6afc173dc7b660a19dafa32e62e2e1fe": ["1", "info.bpace.munchlife.SettingsActivity"]}, {"4bae3f75b2585306713a0c0e2f5f46d8": ["2", "info.bpace.munchlife.SettingsActivity"]}, {"6afc173dc7b660a19dafa32e62e2e1fe": ["1", "info.bpace.munchlife.SettingsActivity"]}, {"6afc173dc7b660a19dafa32e62e2e1fe": ["1", "info.bpace.munchlife.SettingsActivity"]}, {"6afc173dc7b660a19dafa32e62e2e1fe": ["1", "info.bpace.munchlife.SettingsActivity"]}, {"6afc173dc7b660a19dafa32e62e2e1fe": ["1", "info.bpace.munchlife.SettingsActivity"]}, {"6afc173dc7b660a19dafa32e62e2e1fe": ["1", "info.bpace.munchlife.SettingsActivity"]}, {"6afc173dc7b660a19dafa32e62e2e1fe": ["1", "info.bpace.munchlife.SettingsActivity"]}, {"6afc173dc7b660a19dafa32e62e2e1fe": ["1", "info.bpace.munchlife.SettingsActivity"]}, {"6afc173dc7b660a19dafa32e62e2e1fe": ["1", "info.bpace.munchlife.SettingsActivity"]}, {"6afc173dc7b660a19dafa32e62e2e1fe": ["1", "info.bpace.munchlife.SettingsActivity"]}, {"6afc173dc7b660a19dafa32e62e2e1fe": ["1", "info.bpace.munchlife.SettingsActivity"]}, {"6afc173dc7b660a19dafa32e62e2e1fe": ["1", "info.bpace.munchlife.SettingsActivity"]}, {"6afc173dc7b660a19dafa32e62e2e1fe": ["1", "info.bpace.munchlife.SettingsActivity"]}, {"6afc173dc7b660a19dafa32e62e2e1fe": ["1", "info.bpace.munchlife.SettingsActivity"]}, {"6afc173dc7b660a19dafa32e62e2e1fe": ["1", "info.bpace.munchlife.SettingsActivity"]}, {"6afc173dc7b660a19dafa32e62e2e1fe": ["1", "info.bpace.munchlife.SettingsActivity"]}, {"6afc173dc7b660a19dafa32e62e2e1fe": ["1", "info.bpace.munchlife.SettingsActivity"]}, {"6afc173dc7b660a19dafa32e62e2e1fe": ["1", "info.bpace.munchlife.SettingsActivity"]}, {"6afc173dc7b660a19dafa32e62e2e1fe": ["1", "info.bpace.munchlife.SettingsActivity"]}, {"6afc173dc7b660a19dafa32e62e2e1fe": ["1", "info.bpace.munchlife.SettingsActivity"]}, {"6afc173dc7b660a19dafa32e62e2e1fe": ["1", "info.bpace.munchlife.SettingsActivity"]}, {"6afc173dc7b660a19dafa32e62e2e1fe": ["1", "info.bpace.munchlife.SettingsActivity"]}, {"6afc173dc7b660a19dafa32e62e2e1fe": ["1", "info.bpace.munchlife.SettingsActivity"]}, {"6afc173dc7b660a19dafa32e62e2e1fe": ["1", "info.bpace.munchlife.SettingsActivity"]}, {"6afc173dc7b660a19dafa32e62e2e1fe": ["1", "info.bpace.munchlife.SettingsActivity"]}, {"6afc173dc7b660a19dafa32e62e2e1fe": ["1", "info.bpace.munchlife.SettingsActivity"]}, {"6afc173dc7b660a19dafa32e62e2e1fe": ["1", "info.bpace.munchlife.SettingsActivity"]}, {"6afc173dc7b660a19dafa32e62e2e1fe": ["1", "info.bpace.munchlife.SettingsActivity"]}, {"6afc173dc7b660a19dafa32e62e2e1fe": ["1", "info.bpace.munchlife.SettingsActivity"]}, {"6afc173dc7b660a19dafa32e62e2e1fe": ["1", "info.bpace.munchlife.SettingsActivity"]}, {"6afc173dc7b660a19dafa32e62e2e1fe": ["1", "info.bpace.munchlife.SettingsActivity"]}, {"6afc173dc7b660a19dafa32e62e2e1fe": ["1", "info.bpace.munchlife.SettingsActivity"]}, {"6afc173dc7b660a19dafa32e62e2e1fe": ["1", "info.bpace.munchlife.SettingsActivity"]}, {"4bae3f75b2585306713a0c0e2f5f46d8": ["2", "info.bpace.munchlife.SettingsActivity"]}, {"6afc173dc7b660a19dafa32e62e2e1fe": ["1", "info.bpace.munchlife.SettingsActivity"]}, {"6afc173dc7b660a19dafa32e62e2e1fe": ["1", "info.bpace.munchlife.SettingsActivity"]}, {"4bae3f75b2585306713a0c0e2f5f46d8": ["2", "info.bpace.munchlife.SettingsActivity"]}, {"6afc173dc7b660a19dafa32e62e2e1fe": ["1", "info.bpace.munchlife.SettingsActivity"]}, {"6afc173dc7b660a19dafa32e62e2e1fe": ["1", "info.bpace.munchlife.SettingsActivity"]}, {"6afc173dc7b660a19dafa32e62e2e1fe": ["1", "info.bpace.munchlife.SettingsActivity"]}, {"6afc173dc7b660a19dafa32e62e2e1fe": ["1", "info.bpace.munchlife.SettingsActivity"]}, {"6afc173dc7b660a19dafa32e62e2e1fe": ["1", "info.bpace.munchlife.SettingsActivity"]}, {"6afc173dc7b660a19dafa32e62e2e1fe": ["1", "info.bpace.munchlife.SettingsActivity"]}, {"6afc173dc7b660a19dafa32e62e2e1fe": ["1", "info.bpace.munchlife.SettingsActivity"]}, {"6afc173dc7b660a19dafa32e62e2e1fe": ["1", "info.bpace.munchlife.SettingsActivity"]}, {"6afc173dc7b660a19dafa32e62e2e1fe": ["1", "info.bpace.munchlife.SettingsActivity"]}, {"6afc173dc7b660a19dafa32e62e2e1fe": ["1", "info.bpace.munchlife.SettingsActivity"]}, {"6afc173dc7b660a19dafa32e62e2e1fe": ["1", "info.bpace.munchlife.SettingsActivity"]}, {"6afc173dc7b660a19dafa32e62e2e1fe": ["1", "info.bpace.munchlife.SettingsActivity"]}, {"6afc173dc7b660a19dafa32e62e2e1fe": ["1", "info.bpace.munchlife.SettingsActivity"]}, {"6afc173dc7b660a19dafa32e62e2e1fe": ["1", "info.bpace.munchlife.SettingsActivity"]}, {"4bae3f75b2585306713a0c0e2f5f46d8": ["2", "info.bpace.munchlife.SettingsActivity"]}, {"6afc173dc7b660a19dafa32e62e2e1fe": ["1", "info.bpace.munchlife.SettingsActivity"]}, {"4bae3f75b2585306713a0c0e2f5f46d8": ["2", "info.bpace.munchlife.SettingsActivity"]}, {"6afc173dc7b660a19dafa32e62e2e1fe": ["1", "info.bpace.munchlife.SettingsActivity"]}, {"6afc173dc7b660a19dafa32e62e2e1fe": ["1", "info.bpace.munchlife.SettingsActivity"]}, {"6afc173dc7b660a19dafa32e62e2e1fe": ["1", "info.bpace.munchlife.SettingsActivity"]}, {"6afc173dc7b660a19dafa32e62e2e1fe": ["1", "info.bpace.munchlife.SettingsActivity"]}, {"6afc173dc7b660a19dafa32e62e2e1fe": ["1", "info.bpace.munchlife.SettingsActivity"]}, {"6afc173dc7b660a19dafa32e62e2e1fe": ["1", "info.bpace.munchlife.SettingsActivity"]}, {"6afc173dc7b660a19dafa32e62e2e1fe": ["1", "info.bpace.munchlife.SettingsActivity"]}, {"6afc173dc7b660a19dafa32e62e2e1fe": ["1", "info.bpace.munchlife.SettingsActivity"]}, {"6afc173dc7b660a19dafa32e62e2e1fe": ["1", "info.bpace.munchlife.SettingsActivity"]}, {"6afc173dc7b660a19dafa32e62e2e1fe": ["1", "info.bpace.munchlife.SettingsActivity"]}, {"6afc173dc7b660a19dafa32e62e2e1fe": ["1", "info.bpace.munchlife.SettingsActivity"]}, {"6afc173dc7b660a19dafa32e62e2e1fe": ["1", "info.bpace.munchlife.SettingsActivity"]}, {"6afc173dc7b660a19dafa32e62e2e1fe": ["1", "info.bpace.munchlife.SettingsActivity"]}, {"4bae3f75b2585306713a0c0e2f5f46d8": ["2", "info.bpace.munchlife.SettingsActivity"]}, {"6afc173dc7b660a19dafa32e62e2e1fe": ["1", "info.bpace.munchlife.SettingsActivity"]}, {"4bae3f75b2585306713a0c0e2f5f46d8": ["2", "info.bpace.munchlife.SettingsActivity"]}, {"6afc173dc7b660a19dafa32e62e2e1fe": ["1", "info.bpace.munchlife.SettingsActivity"]}, {"6afc173dc7b660a19dafa32e62e2e1fe": ["1", "info.bpace.munchlife.SettingsActivity"]}, {"4bae3f75b2585306713a0c0e2f5f46d8": ["2", "info.bpace.munchlife.SettingsActivity"]}, {"6afc173dc7b660a19dafa32e62e2e1fe": ["1", "info.bpace.munchlife.SettingsActivity"]}, {"6afc173dc7b660a19dafa32e62e2e1fe": ["1", "info.bpace.munchlife.SettingsActivity"]}, {"6afc173dc7b660a19dafa32e62e2e1fe": ["1", "info.bpace.munchlife.SettingsActivity"]}, {"6afc173dc7b660a19dafa32e62e2e1fe": ["1", "info.bpace.munchlife.SettingsActivity"]}, {"9df22ce55d433f2fef947f076c647aff": ["0", "info.bpace.munchlife.MunchLifeActivity"]}, {"9df22ce55d433f2fef947f076c647aff": ["0", "info.bpace.munchlife.MunchLifeActivity"]}, {"9df22ce55d433f2fef947f076c647aff": ["0", "info.bpace.munchlife.MunchLifeActivity"]}, {"9df22ce55d433f2fef947f076c647aff": ["0", "info.bpace.munchlife.MunchLifeActivity"]}, {"6afc173dc7b660a19dafa32e62e2e1fe": ["1", "info.bpace.munchlife.SettingsActivity"]}, {"6afc173dc7b660a19dafa32e62e2e1fe": ["1", "info.bpace.munchlife.SettingsActivity"]}, {"6afc173dc7b660a19dafa32e62e2e1fe": ["1", "info.bpace.munchlife.SettingsActivity"]}, {"6afc173dc7b660a19dafa32e62e2e1fe": ["1", "info.bpace.munchlife.SettingsActivity"]}, {"6afc173dc7b660a19dafa32e62e2e1fe": ["1", "info.bpace.munchlife.SettingsActivity"]}, {"6afc173dc7b660a19dafa32e62e2e1fe": ["1", "info.bpace.munchlife.SettingsActivity"]}, {"4bae3f75b2585306713a0c0e2f5f46d8": ["2", "info.bpace.munchlife.SettingsActivity"]}, {"6afc173dc7b660a19dafa32e62e2e1fe": ["1", "info.bpace.munchlife.SettingsActivity"]}, {"6afc173dc7b660a19dafa32e62e2e1fe": ["1", "info.bpace.munchlife.SettingsActivity"]}, {"6afc173dc7b660a19dafa32e62e2e1fe": ["1", "info.bpace.munchlife.SettingsActivity"]}, {"6afc173dc7b660a19dafa32e62e2e1fe": ["1", "info.bpace.munchlife.SettingsActivity"]}, {"6afc173dc7b660a19dafa32e62e2e1fe": ["1", "info.bpace.munchlife.SettingsActivity"]}, {"6afc173dc7b660a19dafa32e62e2e1fe": ["1", "info.bpace.munchlife.SettingsActivity"]}, {"6afc173dc7b660a19dafa32e62e2e1fe": ["1", "info.bpace.munchlife.SettingsActivity"]}, {"6afc173dc7b660a19dafa32e62e2e1fe": ["1", "info.bpace.munchlife.SettingsActivity"]}, {"6afc173dc7b660a19dafa32e62e2e1fe": ["1", "info.bpace.munchlife.SettingsActivity"]}, {"6afc173dc7b660a19dafa32e62e2e1fe": ["1", "info.bpace.munchlife.SettingsActivity"]}, {"4bae3f75b2585306713a0c0e2f5f46d8": ["2", "info.bpace.munchlife.SettingsActivity"]}, {"6afc173dc7b660a19dafa32e62e2e1fe": ["1", "info.bpace.munchlife.SettingsActivity"]}, {"6afc173dc7b660a19dafa32e62e2e1fe": ["1", "info.bpace.munchlife.SettingsActivity"]}, {"6afc173dc7b660a19dafa32e62e2e1fe": ["1", "info.bpace.munchlife.SettingsActivity"]}, {"6afc173dc7b660a19dafa32e62e2e1fe": ["1", "info.bpace.munchlife.SettingsActivity"]}, {"6afc173dc7b660a19dafa32e62e2e1fe": ["1", "info.bpace.munchlife.SettingsActivity"]}, {"6afc173dc7b660a19dafa32e62e2e1fe": ["1", "info.bpace.munchlife.SettingsActivity"]}, {"6afc173dc7b660a19dafa32e62e2e1fe": ["1", "info.bpace.munchlife.SettingsActivity"]}, {"4bae3f75b2585306713a0c0e2f5f46d8": ["2", "info.bpace.munchlife.SettingsActivity"]}, {"6afc173dc7b660a19dafa32e62e2e1fe": ["1", "info.bpace.munchlife.SettingsActivity"]}, {"6afc173dc7b660a19dafa32e62e2e1fe": ["1", "info.bpace.munchlife.SettingsActivity"]}, {"6afc173dc7b660a19dafa32e62e2e1fe": ["1", "info.bpace.munchlife.SettingsActivity"]}, {"6afc173dc7b660a19dafa32e62e2e1fe": ["1", "info.bpace.munchlife.SettingsActivity"]}, {"6afc173dc7b660a19dafa32e62e2e1fe": ["1", "info.bpace.munchlife.SettingsActivity"]}, {"6afc173dc7b660a19dafa32e62e2e1fe": ["1", "info.bpace.munchlife.SettingsActivity"]}, {"6afc173dc7b660a19dafa32e62e2e1fe": ["1", "info.bpace.munchlife.SettingsActivity"]}, {"6afc173dc7b660a19dafa32e62e2e1fe": ["1", "info.bpace.munchlife.SettingsActivity"]}, {"6afc173dc7b660a19dafa32e62e2e1fe": ["1", "info.bpace.munchlife.SettingsActivity"]}, {"6afc173dc7b660a19dafa32e62e2e1fe": ["1", "info.bpace.munchlife.SettingsActivity"]}, {"6afc173dc7b660a19dafa32e62e2e1fe": ["1", "info.bpace.munchlife.SettingsActivity"]}, {"4bae3f75b2585306713a0c0e2f5f46d8": ["2", "info.bpace.munchlife.SettingsActivity"]}, {"6afc173dc7b660a19dafa32e62e2e1fe": ["1", "info.bpace.munchlife.SettingsActivity"]}, {"6afc173dc7b660a19dafa32e62e2e1fe": ["1", "info.bpace.munchlife.SettingsActivity"]}, {"6afc173dc7b660a19dafa32e62e2e1fe": ["1", "info.bpace.munchlife.SettingsActivity"]}, {"6afc173dc7b660a19dafa32e62e2e1fe": ["1", "info.bpace.munchlife.SettingsActivity"]}, {"6afc173dc7b660a19dafa32e62e2e1fe": ["1", "info.bpace.munchlife.SettingsActivity"]}, {"4bae3f75b2585306713a0c0e2f5f46d8": ["2", "info.bpace.munchlife.SettingsActivity"]}, {"6afc173dc7b660a19dafa32e62e2e1fe": ["1", "info.bpace.munchlife.SettingsActivity"]}, {"6afc173dc7b660a19dafa32e62e2e1fe": ["1", "info.bpace.munchlife.SettingsActivity"]}, {"6afc173dc7b660a19dafa32e62e2e1fe": ["1", "info.bpace.munchlife.SettingsActivity"]}, {"9df22ce55d433f2fef947f076c647aff": ["0", "info.bpace.munchlife.MunchLifeActivity"]}, {"9df22ce55d433f2fef947f076c647aff": ["0", "info.bpace.munchlife.MunchLifeActivity"]}, {"9df22ce55d433f2fef947f076c647aff": ["0", "info.bpace.munchlife.MunchLifeActivity"]}, {"9df22ce55d433f2fef947f076c647aff": ["0", "info.bpace.munchlife.MunchLifeActivity"]}, {"9df22ce55d433f2fef947f076c647aff": ["0", "info.bpace.munchlife.MunchLifeActivity"]}, {"9df22ce55d433f2fef947f076c647aff": ["0", "info.bpace.munchlife.MunchLifeActivity"]}, {"fb3e61bec4faa8af8d3d9edb449db7b0": ["3", "info.bpace.munchlife.MunchLifeActivity"]}, {"9df22ce55d433f2fef947f076c647aff": ["0", "info.bpace.munchlife.MunchLifeActivity"]}, {"9df22ce55d433f2fef947f076c647aff": ["0", "info.bpace.munchlife.MunchLifeActivity"]}, {"9df22ce55d433f2fef947f076c647aff": ["0", "info.bpace.munchlife.MunchLifeActivity"]}, {"9df22ce55d433f2fef947f076c647aff": ["0", "info.bpace.munchlife.MunchLifeActivity"]}, {"9df22ce55d433f2fef947f076c647aff": ["0", "info.bpace.munchlife.MunchLifeActivity"]}, {"9df22ce55d433f2fef947f076c647aff": ["0", "info.bpace.munchlife.MunchLifeActivity"]}, {"9df22ce55d433f2fef947f076c647aff": ["0", "info.bpace.munchlife.MunchLifeActivity"]}, {"9df22ce55d433f2fef947f076c647aff": ["0", "info.bpace.munchlife.MunchLifeActivity"]}, {"9df22ce55d433f2fef947f076c647aff": ["0", "info.bpace.munchlife.MunchLifeActivity"]}, {"9df22ce55d433f2fef947f076c647aff": ["0", "info.bpace.munchlife.MunchLifeActivity"]}, {"9df22ce55d433f2fef947f076c647aff": ["0", "info.bpace.munchlife.MunchLifeActivity"]}, {"9df22ce55d433f2fef947f076c647aff": ["0", "info.bpace.munchlife.MunchLifeActivity"]}, {"9df22ce55d433f2fef947f076c647aff": ["0", "info.bpace.munchlife.MunchLifeActivity"]}, {"9df22ce55d433f2fef947f076c647aff": ["0", "info.bpace.munchlife.MunchLifeActivity"]}, {"9df22ce55d433f2fef947f076c647aff": ["0", "info.bpace.munchlife.MunchLifeActivity"]}, {"9df22ce55d433f2fef947f076c647aff": ["0", "info.bpace.munchlife.MunchLifeActivity"]}, {"9df22ce55d433f2fef947f076c647aff": ["0", "info.bpace.munchlife.MunchLifeActivity"]}, {"9df22ce55d433f2fef947f076c647aff": ["0", "info.bpace.munchlife.MunchLifeActivity"]}, {"9df22ce55d433f2fef947f076c647aff": ["0", "info.bpace.munchlife.MunchLifeActivity"]}, {"9df22ce55d433f2fef947f076c647aff": ["0", "info.bpace.munchlife.MunchLifeActivity"]}, {"9df22ce55d433f2fef947f076c647aff": ["0", "info.bpace.munchlife.MunchLifeActivity"]}, {"9df22ce55d433f2fef947f076c647aff": ["0", "info.bpace.munchlife.MunchLifeActivity"]}, {"9df22ce55d433f2fef947f076c647aff": ["0", "info.bpace.munchlife.MunchLifeActivity"]}, {"9df22ce55d433f2fef947f076c647aff": ["0", "info.bpace.munchlife.MunchLifeActivity"]}, {"9df22ce55d433f2fef947f076c647aff": ["0", "info.bpace.munchlife.MunchLifeActivity"]}, {"9df22ce55d433f2fef947f076c647aff": ["0", "info.bpace.munchlife.MunchLifeActivity"]}, {"9df22ce55d433f2fef947f076c647aff": ["0", "info.bpace.munchlife.MunchLifeActivity"]}, {"9df22ce55d433f2fef947f076c647aff": ["0", "info.bpace.munchlife.MunchLifeActivity"]}, {"9df22ce55d433f2fef947f076c647aff": ["0", "info.bpace.munchlife.MunchLifeActivity"]}, {"9df22ce55d433f2fef947f076c647aff": ["0", "info.bpace.munchlife.MunchLifeActivity"]}, {"9df22ce55d433f2fef947f076c647aff": ["0", "info.bpace.munchlife.MunchLifeActivity"]}, {"9df22ce55d433f2fef947f076c647aff": ["0", "info.bpace.munchlife.MunchLifeActivity"]}, {"9df22ce55d433f2fef947f076c647aff": ["0", "info.bpace.munchlife.MunchLifeActivity"]}, {"9df22ce55d433f2fef947f076c647aff": ["0", "info.bpace.munchlife.MunchLifeActivity"]}, {"9df22ce55d433f2fef947f076c647aff": ["0", "info.bpace.munchlife.MunchLifeActivity"]}, {"9df22ce55d433f2fef947f076c647aff": ["0", "info.bpace.munchlife.MunchLifeActivity"]}, {"9df22ce55d433f2fef947f076c647aff": ["0", "info.bpace.munchlife.MunchLifeActivity"]}, {"9df22ce55d433f2fef947f076c647aff": ["0", "info.bpace.munchlife.MunchLifeActivity"]}, {"9df22ce55d433f2fef947f076c647aff": ["0", "info.bpace.munchlife.MunchLifeActivity"]}, {"9df22ce55d433f2fef947f076c647aff": ["0", "info.bpace.munchlife.MunchLifeActivity"]}, {"9df22ce55d433f2fef947f076c647aff": ["0", "info.bpace.munchlife.MunchLifeActivity"]}, {"9df22ce55d433f2fef947f076c647aff": ["0", "info.bpace.munchlife.MunchLifeActivity"]}, {"9df22ce55d433f2fef947f076c647aff": ["0", "info.bpace.munchlife.MunchLifeActivity"]}, {"9df22ce55d433f2fef947f076c647aff": ["0", "info.bpace.munchlife.MunchLifeActivity"]}, {"9df22ce55d433f2fef947f076c647aff": ["0", "info.bpace.munchlife.MunchLifeActivity"]}, {"9df22ce55d433f2fef947f076c647aff": ["0", "info.bpace.munchlife.MunchLifeActivity"]}, {"9df22ce55d433f2fef947f076c647aff": ["0", "info.bpace.munchlife.MunchLifeActivity"]}, {"9df22ce55d433f2fef947f076c647aff": ["0", "info.bpace.munchlife.MunchLifeActivity"]}, {"9df22ce55d433f2fef947f076c647aff": ["0", "info.bpace.munchlife.MunchLifeActivity"]}, {"9df22ce55d433f2fef947f076c647aff": ["0", "info.bpace.munchlife.MunchLifeActivity"]}, {"9df22ce55d433f2fef947f076c647aff": ["0", "info.bpace.munchlife.MunchLifeActivity"]}, {"9df22ce55d433f2fef947f076c647aff": ["0", "info.bpace.munchlife.MunchLifeActivity"]}, {"9df22ce55d433f2fef947f076c647aff": ["0", "info.bpace.munchlife.MunchLifeActivity"]}, {"6afc173dc7b660a19dafa32e62e2e1fe": ["1", "info.bpace.munchlife.SettingsActivity"]}, {"6afc173dc7b660a19dafa32e62e2e1fe": ["1", "info.bpace.munchlife.SettingsActivity"]}, {"6afc173dc7b660a19dafa32e62e2e1fe": ["1", "info.bpace.munchlife.SettingsActivity"]}, {"6afc173dc7b660a19dafa32e62e2e1fe": ["1", "info.bpace.munchlife.SettingsActivity"]}, {"6afc173dc7b660a19dafa32e62e2e1fe": ["1", "info.bpace.munchlife.SettingsActivity"]}, {"6afc173dc7b660a19dafa32e62e2e1fe": ["1", "info.bpace.munchlife.SettingsActivity"]}, {"6afc173dc7b660a19dafa32e62e2e1fe": ["1", "info.bpace.munchlife.SettingsActivity"]}, {"6afc173dc7b660a19dafa32e62e2e1fe": ["1", "info.bpace.munchlife.SettingsActivity"]}, {"6afc173dc7b660a19dafa32e62e2e1fe": ["1", "info.bpace.munchlife.SettingsActivity"]}, {"6afc173dc7b660a19dafa32e62e2e1fe": ["1", "info.bpace.munchlife.SettingsActivity"]}, {"6afc173dc7b660a19dafa32e62e2e1fe": ["1", "info.bpace.munchlife.SettingsActivity"]}, {"6afc173dc7b660a19dafa32e62e2e1fe": ["1", "info.bpace.munchlife.SettingsActivity"]}, {"6afc173dc7b660a19dafa32e62e2e1fe": ["1", "info.bpace.munchlife.SettingsActivity"]}, {"6afc173dc7b660a19dafa32e62e2e1fe": ["1", "info.bpace.munchlife.SettingsActivity"]}, {"6afc173dc7b660a19dafa32e62e2e1fe": ["1", "info.bpace.munchlife.SettingsActivity"]}, {"6afc173dc7b660a19dafa32e62e2e1fe": ["1", "info.bpace.munchlife.SettingsActivity"]}, {"6afc173dc7b660a19dafa32e62e2e1fe": ["1", "info.bpace.munchlife.SettingsActivity"]}, {"6afc173dc7b660a19dafa32e62e2e1fe": ["1", "info.bpace.munchlife.SettingsActivity"]}, {"6afc173dc7b660a19dafa32e62e2e1fe": ["1", "info.bpace.munchlife.SettingsActivity"]}, {"6afc173dc7b660a19dafa32e62e2e1fe": ["1", "info.bpace.munchlife.SettingsActivity"]}, {"6afc173dc7b660a19dafa32e62e2e1fe": ["1", "info.bpace.munchlife.SettingsActivity"]}, {"6afc173dc7b660a19dafa32e62e2e1fe": ["1", "info.bpace.munchlife.SettingsActivity"]}, {"6afc173dc7b660a19dafa32e62e2e1fe": ["1", "info.bpace.munchlife.SettingsActivity"]}, {"4bae3f75b2585306713a0c0e2f5f46d8": ["2", "info.bpace.munchlife.SettingsActivity"]}, {"6afc173dc7b660a19dafa32e62e2e1fe": ["1", "info.bpace.munchlife.SettingsActivity"]}, {"9df22ce55d433f2fef947f076c647aff": ["0", "info.bpace.munchlife.MunchLifeActivity"]}, {"9df22ce55d433f2fef947f076c647aff": ["0", "info.bpace.munchlife.MunchLifeActivity"]}, {"9df22ce55d433f2fef947f076c647aff": ["0", "info.bpace.munchlife.MunchLifeActivity"]}, {"9df22ce55d433f2fef947f076c647aff": ["0", "info.bpace.munchlife.MunchLifeActivity"]}, {"9df22ce55d433f2fef947f076c647aff": ["0", "info.bpace.munchlife.MunchLifeActivity"]}, {"9df22ce55d433f2fef947f076c647aff": ["0", "info.bpace.munchlife.MunchLifeActivity"]}, {"9df22ce55d433f2fef947f076c647aff": ["0", "info.bpace.munchlife.MunchLifeActivity"]}, {"9df22ce55d433f2fef947f076c647aff": ["0", "info.bpace.munchlife.MunchLifeActivity"]}, {"9df22ce55d433f2fef947f076c647aff": ["0", "info.bpace.munchlife.MunchLifeActivity"]}, {"9df22ce55d433f2fef947f076c647aff": ["0", "info.bpace.munchlife.MunchLifeActivity"]}, {"9df22ce55d433f2fef947f076c647aff": ["0", "info.bpace.munchlife.MunchLifeActivity"]}, {"9df22ce55d433f2fef947f076c647aff": ["0", "info.bpace.munchlife.MunchLifeActivity"]}, {"9df22ce55d433f2fef947f076c647aff": ["0", "info.bpace.munchlife.MunchLifeActivity"]}, {"9df22ce55d433f2fef947f076c647aff": ["0", "info.bpace.munchlife.MunchLifeActivity"]}, {"9df22ce55d433f2fef947f076c647aff": ["0", "info.bpace.munchlife.MunchLifeActivity"]}, {"9df22ce55d433f2fef947f076c647aff": ["0", "info.bpace.munchlife.MunchLifeActivity"]}, {"9df22ce55d433f2fef947f076c647aff": ["0", "info.bpace.munchlife.MunchLifeActivity"]}, {"9df22ce55d433f2fef947f076c647aff": ["0", "info.bpace.munchlife.MunchLifeActivity"]}, {"9df22ce55d433f2fef947f076c647aff": ["0", "info.bpace.munchlife.MunchLifeActivity"]}, {"9df22ce55d433f2fef947f076c647aff": ["0", "info.bpace.munchlife.MunchLifeActivity"]}, {"9df22ce55d433f2fef947f076c647aff": ["0", "info.bpace.munchlife.MunchLifeActivity"]}, {"9df22ce55d433f2fef947f076c647aff": ["0", "info.bpace.munchlife.MunchLifeActivity"]}, {"9df22ce55d433f2fef947f076c647aff": ["0", "info.bpace.munchlife.MunchLifeActivity"]}, {"9df22ce55d433f2fef947f076c647aff": ["0", "info.bpace.munchlife.MunchLifeActivity"]}, {"9df22ce55d433f2fef947f076c647aff": ["0", "info.bpace.munchlife.MunchLifeActivity"]}, {"9df22ce55d433f2fef947f076c647aff": ["0", "info.bpace.munchlife.MunchLifeActivity"]}, {"9df22ce55d433f2fef947f076c647aff": ["0", "info.bpace.munchlife.MunchLifeActivity"]}, {"9df22ce55d433f2fef947f076c647aff": ["0", "info.bpace.munchlife.MunchLifeActivity"]}, {"9df22ce55d433f2fef947f076c647aff": ["0", "info.bpace.munchlife.MunchLifeActivity"]}, {"9df22ce55d433f2fef947f076c647aff": ["0", "info.bpace.munchlife.MunchLifeActivity"]}, {"9df22ce55d433f2fef947f076c647aff": ["0", "info.bpace.munchlife.MunchLifeActivity"]}, {"9df22ce55d433f2fef947f076c647aff": ["0", "info.bpace.munchlife.MunchLifeActivity"]}, {"9df22ce55d433f2fef947f076c647aff": ["0", "info.bpace.munchlife.MunchLifeActivity"]}, {"9df22ce55d433f2fef947f076c647aff": ["0", "info.bpace.munchlife.MunchLifeActivity"]}, {"9df22ce55d433f2fef947f076c647aff": ["0", "info.bpace.munchlife.MunchLifeActivity"]}, {"9df22ce55d433f2fef947f076c647aff": ["0", "info.bpace.munchlife.MunchLifeActivity"]}, {"9df22ce55d433f2fef947f076c647aff": ["0", "info.bpace.munchlife.MunchLifeActivity"]}, {"9df22ce55d433f2fef947f076c647aff": ["0", "info.bpace.munchlife.MunchLifeActivity"]}, {"9df22ce55d433f2fef947f076c647aff": ["0", "info.bpace.munchlife.MunchLifeActivity"]}, {"9df22ce55d433f2fef947f076c647aff": ["0", "info.bpace.munchlife.MunchLifeActivity"]}, {"9df22ce55d433f2fef947f076c647aff": ["0", "info.bpace.munchlife.MunchLifeActivity"]}, {"9df22ce55d433f2fef947f076c647aff": ["0", "info.bpace.munchlife.MunchLifeActivity"]}, {"9df22ce55d433f2fef947f076c647aff": ["0", "info.bpace.munchlife.MunchLifeActivity"]}, {"9df22ce55d433f2fef947f076c647aff": ["0", "info.bpace.munchlife.MunchLifeActivity"]}, {"9df22ce55d433f2fef947f076c647aff": ["0", "info.bpace.munchlife.MunchLifeActivity"]}, {"9df22ce55d433f2fef947f076c647aff": ["0", "info.bpace.munchlife.MunchLifeActivity"]}, {"9df22ce55d433f2fef947f076c647aff": ["0", "info.bpace.munchlife.MunchLifeActivity"]}, {"9df22ce55d433f2fef947f076c647aff": ["0", "info.bpace.munchlife.MunchLifeActivity"]}, {"9df22ce55d433f2fef947f076c647aff": ["0", "info.bpace.munchlife.MunchLifeActivity"]}, {"fb3e61bec4faa8af8d3d9edb449db7b0": ["3", "info.bpace.munchlife.MunchLifeActivity"]}, {"9df22ce55d433f2fef947f076c647aff": ["0", "info.bpace.munchlife.MunchLifeActivity"]}, {"9df22ce55d433f2fef947f076c647aff": ["0", "info.bpace.munchlife.MunchLifeActivity"]}, {"9df22ce55d433f2fef947f076c647aff": ["0", "info.bpace.munchlife.MunchLifeActivity"]}, {"9df22ce55d433f2fef947f076c647aff": ["0", "info.bpace.munchlife.MunchLifeActivity"]}, {"9df22ce55d433f2fef947f076c647aff": ["0", "info.bpace.munchlife.MunchLifeActivity"]}, {"9df22ce55d433f2fef947f076c647aff": ["0", "info.bpace.munchlife.MunchLifeActivity"]}, {"9df22ce55d433f2fef947f076c647aff": ["0", "info.bpace.munchlife.MunchLifeActivity"]}, {"9df22ce55d433f2fef947f076c647aff": ["0", "info.bpace.munchlife.MunchLifeActivity"]}, {"9df22ce55d433f2fef947f076c647aff": ["0", "info.bpace.munchlife.MunchLifeActivity"]}, {"9df22ce55d433f2fef947f076c647aff": ["0", "info.bpace.munchlife.MunchLifeActivity"]}, {"9df22ce55d433f2fef947f076c647aff": ["0", "info.bpace.munchlife.MunchLifeActivity"]}, {"9df22ce55d433f2fef947f076c647aff": ["0", "info.bpace.munchlife.MunchLifeActivity"]}, {"9df22ce55d433f2fef947f076c647aff": ["0", "info.bpace.munchlife.MunchLifeActivity"]}, {"9df22ce55d433f2fef947f076c647aff": ["0", "info.bpace.munchlife.MunchLifeActivity"]}, {"9df22ce55d433f2fef947f076c647aff": ["0", "info.bpace.munchlife.MunchLifeActivity"]}, {"9df22ce55d433f2fef947f076c647aff": ["0", "info.bpace.munchlife.MunchLifeActivity"]}, {"9df22ce55d433f2fef947f076c647aff": ["0", "info.bpace.munchlife.MunchLifeActivity"]}, {"9df22ce55d433f2fef947f076c647aff": ["0", "info.bpace.munchlife.MunchLifeActivity"]}, {"9df22ce55d433f2fef947f076c647aff": ["0", "info.bpace.munchlife.MunchLifeActivity"]}, {"9df22ce55d433f2fef947f076c647aff": ["0", "info.bpace.munchlife.MunchLifeActivity"]}, {"9df22ce55d433f2fef947f076c647aff": ["0", "info.bpace.munchlife.MunchLifeActivity"]}, {"9df22ce55d433f2fef947f076c647aff": ["0", "info.bpace.munchlife.MunchLifeActivity"]}, {"9df22ce55d433f2fef947f076c647aff": ["0", "info.bpace.munchlife.MunchLifeActivity"]}, {"9df22ce55d433f2fef947f076c647aff": ["0", "info.bpace.munchlife.MunchLifeActivity"]}, {"9df22ce55d433f2fef947f076c647aff": ["0", "info.bpace.munchlife.MunchLifeActivity"]}, {"9df22ce55d433f2fef947f076c647aff": ["0", "info.bpace.munchlife.MunchLifeActivity"]}, {"9df22ce55d433f2fef947f076c647aff": ["0", "info.bpace.munchlife.MunchLifeActivity"]}, {"9df22ce55d433f2fef947f076c647aff": ["0", "info.bpace.munchlife.MunchLifeActivity"]}, {"9df22ce55d433f2fef947f076c647aff": ["0", "info.bpace.munchlife.MunchLifeActivity"]}, {"9df22ce55d433f2fef947f076c647aff": ["0", "info.bpace.munchlife.MunchLifeActivity"]}, {"9df22ce55d433f2fef947f076c647aff": ["0", "info.bpace.munchlife.MunchLifeActivity"]}, {"9df22ce55d433f2fef947f076c647aff": ["0", "info.bpace.munchlife.MunchLifeActivity"]}, {"9df22ce55d433f2fef947f076c647aff": ["0", "info.bpace.munchlife.MunchLifeActivity"]}, {"9df22ce55d433f2fef947f076c647aff": ["0", "info.bpace.munchlife.MunchLifeActivity"]}, {"9df22ce55d433f2fef947f076c647aff": ["0", "info.bpace.munchlife.MunchLifeActivity"]}, {"9df22ce55d433f2fef947f076c647aff": ["0", "info.bpace.munchlife.MunchLifeActivity"]}, {"9df22ce55d433f2fef947f076c647aff": ["0", "info.bpace.munchlife.MunchLifeActivity"]}, {"9df22ce55d433f2fef947f076c647aff": ["0", "info.bpace.munchlife.MunchLifeActivity"]}, {"9df22ce55d433f2fef947f076c647aff": ["0", "info.bpace.munchlife.MunchLifeActivity"]}, {"9df22ce55d433f2fef947f076c647aff": ["0", "info.bpace.munchlife.MunchLifeActivity"]}, {"9df22ce55d433f2fef947f076c647aff": ["0", "info.bpace.munchlife.MunchLifeActivity"]}, {"9df22ce55d433f2fef947f076c647aff": ["0", "info.bpace.munchlife.MunchLifeActivity"]}, {"9df22ce55d433f2fef947f076c647aff": ["0", "info.bpace.munchlife.MunchLifeActivity"]}, {"9df22ce55d433f2fef947f076c647aff": ["0", "info.bpace.munchlife.MunchLifeActivity"]}, {"9df22ce55d433f2fef947f076c647aff": ["0", "info.bpace.munchlife.MunchLifeActivity"]}, {"9df22ce55d433f2fef947f076c647aff": ["0", "info.bpace.munchlife.MunchLifeActivity"]}, {"9df22ce55d433f2fef947f076c647aff": ["0", "info.bpace.munchlife.MunchLifeActivity"]}, {"9df22ce55d433f2fef947f076c647aff": ["0", "info.bpace.munchlife.MunchLifeActivity"]}, {"9df22ce55d433f2fef947f076c647aff": ["0", "info.bpace.munchlife.MunchLifeActivity"]}, {"9df22ce55d433f2fef947f076c647aff": ["0", "info.bpace.munchlife.MunchLifeActivity"]}, {"9df22ce55d433f2fef947f076c647aff": ["0", "info.bpace.munchlife.MunchLifeActivity"]}, {"9df22ce55d433f2fef947f076c647aff": ["0", "info.bpace.munchlife.MunchLifeActivity"]}, {"9df22ce55d433f2fef947f076c647aff": ["0", "info.bpace.munchlife.MunchLifeActivity"]}, {"9df22ce55d433f2fef947f076c647aff": ["0", "info.bpace.munchlife.MunchLifeActivity"]}, {"9df22ce55d433f2fef947f076c647aff": ["0", "info.bpace.munchlife.MunchLifeActivity"]}, {"9df22ce55d433f2fef947f076c647aff": ["0", "info.bpace.munchlife.MunchLifeActivity"]}, {"9df22ce55d433f2fef947f076c647aff": ["0", "info.bpace.munchlife.MunchLifeActivity"]}, {"9df22ce55d433f2fef947f076c647aff": ["0", "info.bpace.munchlife.MunchLifeActivity"]}, {"9df22ce55d433f2fef947f076c647aff": ["0", "info.bpace.munchlife.MunchLifeActivity"]}, {"9df22ce55d433f2fef947f076c647aff": ["0", "info.bpace.munchlife.MunchLifeActivity"]}, {"9df22ce55d433f2fef947f076c647aff": ["0", "info.bpace.munchlife.MunchLifeActivity"]}, {"9df22ce55d433f2fef947f076c647aff": ["0", "info.bpace.munchlife.MunchLifeActivity"]}, {"9df22ce55d433f2fef947f076c647aff": ["0", "info.bpace.munchlife.MunchLifeActivity"]}, {"9df22ce55d433f2fef947f076c647aff": ["0", "info.bpace.munchlife.MunchLifeActivity"]}, {"9df22ce55d433f2fef947f076c647aff": ["0", "info.bpace.munchlife.MunchLifeActivity"]}, {"9df22ce55d433f2fef947f076c647aff": ["0", "info.bpace.munchlife.MunchLifeActivity"]}, {"9df22ce55d433f2fef947f076c647aff": ["0", "info.bpace.munchlife.MunchLifeActivity"]}, {"9df22ce55d433f2fef947f076c647aff": ["0", "info.bpace.munchlife.MunchLifeActivity"]}, {"9df22ce55d433f2fef947f076c647aff": ["0", "info.bpace.munchlife.MunchLifeActivity"]}, {"9df22ce55d433f2fef947f076c647aff": ["0", "info.bpace.munchlife.MunchLifeActivity"]}, {"9df22ce55d433f2fef947f076c647aff": ["0", "info.bpace.munchlife.MunchLifeActivity"]}, {"9df22ce55d433f2fef947f076c647aff": ["0", "info.bpace.munchlife.MunchLifeActivity"]}, {"9df22ce55d433f2fef947f076c647aff": ["0", "info.bpace.munchlife.MunchLifeActivity"]}, {"9df22ce55d433f2fef947f076c647aff": ["0", "info.bpace.munchlife.MunchLifeActivity"]}, {"9df22ce55d433f2fef947f076c647aff": ["0", "info.bpace.munchlife.MunchLifeActivity"]}, {"9df22ce55d433f2fef947f076c647aff": ["0", "info.bpace.munchlife.MunchLifeActivity"]}, {"9df22ce55d433f2fef947f076c647aff": ["0", "info.bpace.munchlife.MunchLifeActivity"]}, {"9df22ce55d433f2fef947f076c647aff": ["0", "info.bpace.munchlife.MunchLifeActivity"]}, {"9df22ce55d433f2fef947f076c647aff": ["0", "info.bpace.munchlife.MunchLifeActivity"]}, {"9df22ce55d433f2fef947f076c647aff": ["0", "info.bpace.munchlife.MunchLifeActivity"]}, {"9df22ce55d433f2fef947f076c647aff": ["0", "info.bpace.munchlife.MunchLifeActivity"]}, {"9df22ce55d433f2fef947f076c647aff": ["0", "info.bpace.munchlife.MunchLifeActivity"]}, {"9df22ce55d433f2fef947f076c647aff": ["0", "info.bpace.munchlife.MunchLifeActivity"]}, {"9df22ce55d433f2fef947f076c647aff": ["0", "info.bpace.munchlife.MunchLifeActivity"]}, {"9df22ce55d433f2fef947f076c647aff": ["0", "info.bpace.munchlife.MunchLifeActivity"]}, {"9df22ce55d433f2fef947f076c647aff": ["0", "info.bpace.munchlife.MunchLifeActivity"]}, {"9df22ce55d433f2fef947f076c647aff": ["0", "info.bpace.munchlife.MunchLifeActivity"]}, {"9df22ce55d433f2fef947f076c647aff": ["0", "info.bpace.munchlife.MunchLifeActivity"]}, {"9df22ce55d433f2fef947f076c647aff": ["0", "info.bpace.munchlife.MunchLifeActivity"]}, {"9df22ce55d433f2fef947f076c647aff": ["0", "info.bpace.munchlife.MunchLifeActivity"]}, {"9df22ce55d433f2fef947f076c647aff": ["0", "info.bpace.munchlife.MunchLifeActivity"]}, {"9df22ce55d433f2fef947f076c647aff": ["0", "info.bpace.munchlife.MunchLifeActivity"]}, {"9df22ce55d433f2fef947f076c647aff": ["0", "info.bpace.munchlife.MunchLifeActivity"]}, {"9df22ce55d433f2fef947f076c647aff": ["0", "info.bpace.munchlife.MunchLifeActivity"]}, {"9df22ce55d433f2fef947f076c647aff": ["0", "info.bpace.munchlife.MunchLifeActivity"]}, {"9df22ce55d433f2fef947f076c647aff": ["0", "info.bpace.munchlife.MunchLifeActivity"]}, {"9df22ce55d433f2fef947f076c647aff": ["0", "info.bpace.munchlife.MunchLifeActivity"]}, {"9df22ce55d433f2fef947f076c647aff": ["0", "info.bpace.munchlife.MunchLifeActivity"]}, {"fb3e61bec4faa8af8d3d9edb449db7b0": ["3", "info.bpace.munchlife.MunchLifeActivity"]}, {"9df22ce55d433f2fef947f076c647aff": ["0", "info.bpace.munchlife.MunchLifeActivity"]}, {"9df22ce55d433f2fef947f076c647aff": ["0", "info.bpace.munchlife.MunchLifeActivity"]}, {"9df22ce55d433f2fef947f076c647aff": ["0", "info.bpace.munchlife.MunchLifeActivity"]}, {"9df22ce55d433f2fef947f076c647aff": ["0", "info.bpace.munchlife.MunchLifeActivity"]}, {"9df22ce55d433f2fef947f076c647aff": ["0", "info.bpace.munchlife.MunchLifeActivity"]}, {"9df22ce55d433f2fef947f076c647aff": ["0", "info.bpace.munchlife.MunchLifeActivity"]}, {"9df22ce55d433f2fef947f076c647aff": ["0", "info.bpace.munchlife.MunchLifeActivity"]}, {"9df22ce55d433f2fef947f076c647aff": ["0", "info.bpace.munchlife.MunchLifeActivity"]}, {"9df22ce55d433f2fef947f076c647aff": ["0", "info.bpace.munchlife.MunchLifeActivity"]}, {"9df22ce55d433f2fef947f076c647aff": ["0", "info.bpace.munchlife.MunchLifeActivity"]}, {"9df22ce55d433f2fef947f076c647aff": ["0", "info.bpace.munchlife.MunchLifeActivity"]}, {"9df22ce55d433f2fef947f076c647aff": ["0", "info.bpace.munchlife.MunchLifeActivity"]}, {"9df22ce55d433f2fef947f076c647aff": ["0", "info.bpace.munchlife.MunchLifeActivity"]}, {"9df22ce55d433f2fef947f076c647aff": ["0", "info.bpace.munchlife.MunchLifeActivity"]}, {"9df22ce55d433f2fef947f076c647aff": ["0", "info.bpace.munchlife.MunchLifeActivity"]}, {"9df22ce55d433f2fef947f076c647aff": ["0", "info.bpace.munchlife.MunchLifeActivity"]}, {"9df22ce55d433f2fef947f076c647aff": ["0", "info.bpace.munchlife.MunchLifeActivity"]}, {"9df22ce55d433f2fef947f076c647aff": ["0", "info.bpace.munchlife.MunchLifeActivity"]}, {"9df22ce55d433f2fef947f076c647aff": ["0", "info.bpace.munchlife.MunchLifeActivity"]}, {"9df22ce55d433f2fef947f076c647aff": ["0", "info.bpace.munchlife.MunchLifeActivity"]}, {"9df22ce55d433f2fef947f076c647aff": ["0", "info.bpace.munchlife.MunchLifeActivity"]}, {"9df22ce55d433f2fef947f076c647aff": ["0", "info.bpace.munchlife.MunchLifeActivity"]}, {"9df22ce55d433f2fef947f076c647aff": ["0", "info.bpace.munchlife.MunchLifeActivity"]}, {"9df22ce55d433f2fef947f076c647aff": ["0", "info.bpace.munchlife.MunchLifeActivity"]}, {"9df22ce55d433f2fef947f076c647aff": ["0", "info.bpace.munchlife.MunchLifeActivity"]}, {"9df22ce55d433f2fef947f076c647aff": ["0", "info.bpace.munchlife.MunchLifeActivity"]}, {"9df22ce55d433f2fef947f076c647aff": ["0", "info.bpace.munchlife.MunchLifeActivity"]}, {"9df22ce55d433f2fef947f076c647aff": ["0", "info.bpace.munchlife.MunchLifeActivity"]}, {"9df22ce55d433f2fef947f076c647aff": ["0", "info.bpace.munchlife.MunchLifeActivity"]}, {"9df22ce55d433f2fef947f076c647aff": ["0", "info.bpace.munchlife.MunchLifeActivity"]}, {"9df22ce55d433f2fef947f076c647aff": ["0", "info.bpace.munchlife.MunchLifeActivity"]}, {"9df22ce55d433f2fef947f076c647aff": ["0", "info.bpace.munchlife.MunchLifeActivity"]}, {"9df22ce55d433f2fef947f076c647aff": ["0", "info.bpace.munchlife.MunchLifeActivity"]}, {"9df22ce55d433f2fef947f076c647aff": ["0", "info.bpace.munchlife.MunchLifeActivity"]}, {"9df22ce55d433f2fef947f076c647aff": ["0", "info.bpace.munchlife.MunchLifeActivity"]}, {"9df22ce55d433f2fef947f076c647aff": ["0", "info.bpace.munchlife.MunchLifeActivity"]}, {"9df22ce55d433f2fef947f076c647aff": ["0", "info.bpace.munchlife.MunchLifeActivity"]}, {"9df22ce55d433f2fef947f076c647aff": ["0", "info.bpace.munchlife.MunchLifeActivity"]}, {"9df22ce55d433f2fef947f076c647aff": ["0", "info.bpace.munchlife.MunchLifeActivity"]}, {"9df22ce55d433f2fef947f076c647aff": ["0", "info.bpace.munchlife.MunchLifeActivity"]}, {"9df22ce55d433f2fef947f076c647aff": ["0", "info.bpace.munchlife.MunchLifeActivity"]}, {"9df22ce55d433f2fef947f076c647aff": ["0", "info.bpace.munchlife.MunchLifeActivity"]}, {"fb3e61bec4faa8af8d3d9edb449db7b0": ["3", "info.bpace.munchlife.MunchLifeActivity"]}, {"9df22ce55d433f2fef947f076c647aff": ["0", "info.bpace.munchlife.MunchLifeActivity"]}, {"9df22ce55d433f2fef947f076c647aff": ["0", "info.bpace.munchlife.MunchLifeActivity"]}, {"9df22ce55d433f2fef947f076c647aff": ["0", "info.bpace.munchlife.MunchLifeActivity"]}, {"6afc173dc7b660a19dafa32e62e2e1fe": ["1", "info.bpace.munchlife.SettingsActivity"]}, {"6afc173dc7b660a19dafa32e62e2e1fe": ["1", "info.bpace.munchlife.SettingsActivity"]}, {"6afc173dc7b660a19dafa32e62e2e1fe": ["1", "info.bpace.munchlife.SettingsActivity"]}, {"6afc173dc7b660a19dafa32e62e2e1fe": ["1", "info.bpace.munchlife.SettingsActivity"]}, {"6afc173dc7b660a19dafa32e62e2e1fe": ["1", "info.bpace.munchlife.SettingsActivity"]}, {"6afc173dc7b660a19dafa32e62e2e1fe": ["1", "info.bpace.munchlife.SettingsActivity"]}, {"6afc173dc7b660a19dafa32e62e2e1fe": ["1", "info.bpace.munchlife.SettingsActivity"]}, {"6afc173dc7b660a19dafa32e62e2e1fe": ["1", "info.bpace.munchlife.SettingsActivity"]}, {"6afc173dc7b660a19dafa32e62e2e1fe": ["1", "info.bpace.munchlife.SettingsActivity"]}, {"6afc173dc7b660a19dafa32e62e2e1fe": ["1", "info.bpace.munchlife.SettingsActivity"]}, {"6afc173dc7b660a19dafa32e62e2e1fe": ["1", "info.bpace.munchlife.SettingsActivity"]}, {"6afc173dc7b660a19dafa32e62e2e1fe": ["1", "info.bpace.munchlife.SettingsActivity"]}, {"6afc173dc7b660a19dafa32e62e2e1fe": ["1", "info.bpace.munchlife.SettingsActivity"]}, {"6afc173dc7b660a19dafa32e62e2e1fe": ["1", "info.bpace.munchlife.SettingsActivity"]}, {"6afc173dc7b660a19dafa32e62e2e1fe": ["1", "info.bpace.munchlife.SettingsActivity"]}, {"6afc173dc7b660a19dafa32e62e2e1fe": ["1", "info.bpace.munchlife.SettingsActivity"]}, {"6afc173dc7b660a19dafa32e62e2e1fe": ["1", "info.bpace.munchlife.SettingsActivity"]}, {"6afc173dc7b660a19dafa32e62e2e1fe": ["1", "info.bpace.munchlife.SettingsActivity"]}, {"6afc173dc7b660a19dafa32e62e2e1fe": ["1", "info.bpace.munchlife.SettingsActivity"]}, {"6afc173dc7b660a19dafa32e62e2e1fe": ["1", "info.bpace.munchlife.SettingsActivity"]}, {"6afc173dc7b660a19dafa32e62e2e1fe": ["1", "info.bpace.munchlife.SettingsActivity"]}, {"6afc173dc7b660a19dafa32e62e2e1fe": ["1", "info.bpace.munchlife.SettingsActivity"]}, {"6afc173dc7b660a19dafa32e62e2e1fe": ["1", "info.bpace.munchlife.SettingsActivity"]}, {"6afc173dc7b660a19dafa32e62e2e1fe": ["1", "info.bpace.munchlife.SettingsActivity"]}, {"6afc173dc7b660a19dafa32e62e2e1fe": ["1", "info.bpace.munchlife.SettingsActivity"]}, {"6afc173dc7b660a19dafa32e62e2e1fe": ["1", "info.bpace.munchlife.SettingsActivity"]}, {"6afc173dc7b660a19dafa32e62e2e1fe": ["1", "info.bpace.munchlife.SettingsActivity"]}, {"6afc173dc7b660a19dafa32e62e2e1fe": ["1", "info.bpace.munchlife.SettingsActivity"]}, {"6afc173dc7b660a19dafa32e62e2e1fe": ["1", "info.bpace.munchlife.SettingsActivity"]}, {"6afc173dc7b660a19dafa32e62e2e1fe": ["1", "info.bpace.munchlife.SettingsActivity"]}, {"6afc173dc7b660a19dafa32e62e2e1fe": ["1", "info.bpace.munchlife.SettingsActivity"]}, {"6afc173dc7b660a19dafa32e62e2e1fe": ["1", "info.bpace.munchlife.SettingsActivity"]}, {"6afc173dc7b660a19dafa32e62e2e1fe": ["1", "info.bpace.munchlife.SettingsActivity"]}, {"6afc173dc7b660a19dafa32e62e2e1fe": ["1", "info.bpace.munchlife.SettingsActivity"]}, {"6afc173dc7b660a19dafa32e62e2e1fe": ["1", "info.bpace.munchlife.SettingsActivity"]}, {"6afc173dc7b660a19dafa32e62e2e1fe": ["1", "info.bpace.munchlife.SettingsActivity"]}, {"6afc173dc7b660a19dafa32e62e2e1fe": ["1", "info.bpace.munchlife.SettingsActivity"]}, {"9df22ce55d433f2fef947f076c647aff": ["0", "info.bpace.munchlife.MunchLifeActivity"]}, {"9df22ce55d433f2fef947f076c647aff": ["0", "info.bpace.munchlife.MunchLifeActivity"]}, {"9df22ce55d433f2fef947f076c647aff": ["0", "info.bpace.munchlife.MunchLifeActivity"]}, {"9df22ce55d433f2fef947f076c647aff": ["0", "info.bpace.munchlife.MunchLifeActivity"]}, {"9df22ce55d433f2fef947f076c647aff": ["0", "info.bpace.munchlife.MunchLifeActivity"]}, {"9df22ce55d433f2fef947f076c647aff": ["0", "info.bpace.munchlife.MunchLifeActivity"]}, {"6afc173dc7b660a19dafa32e62e2e1fe": ["1", "info.bpace.munchlife.SettingsActivity"]}, {"6afc173dc7b660a19dafa32e62e2e1fe": ["1", "info.bpace.munchlife.SettingsActivity"]}, {"6afc173dc7b660a19dafa32e62e2e1fe": ["1", "info.bpace.munchlife.SettingsActivity"]}, {"6afc173dc7b660a19dafa32e62e2e1fe": ["1", "info.bpace.munchlife.SettingsActivity"]}, {"6afc173dc7b660a19dafa32e62e2e1fe": ["1", "info.bpace.munchlife.SettingsActivity"]}, {"6afc173dc7b660a19dafa32e62e2e1fe": ["1", "info.bpace.munchlife.SettingsActivity"]}, {"9df22ce55d433f2fef947f076c647aff": ["0", "info.bpace.munchlife.MunchLifeActivity"]}, {"9df22ce55d433f2fef947f076c647aff": ["0", "info.bpace.munchlife.MunchLifeActivity"]}, {"9df22ce55d433f2fef947f076c647aff": ["0", "info.bpace.munchlife.MunchLifeActivity"]}, {"9df22ce55d433f2fef947f076c647aff": ["0", "info.bpace.munchlife.MunchLifeActivity"]}, {"9df22ce55d433f2fef947f076c647aff": ["0", "info.bpace.munchlife.MunchLifeActivity"]}, {"9df22ce55d433f2fef947f076c647aff": ["0", "info.bpace.munchlife.MunchLifeActivity"]}, {"9df22ce55d433f2fef947f076c647aff": ["0", "info.bpace.munchlife.MunchLifeActivity"]}, {"9df22ce55d433f2fef947f076c647aff": ["0", "info.bpace.munchlife.MunchLifeActivity"]}, {"9df22ce55d433f2fef947f076c647aff": ["0", "info.bpace.munchlife.MunchLifeActivity"]}, {"9df22ce55d433f2fef947f076c647aff": ["0", "info.bpace.munchlife.MunchLifeActivity"]}, {"9df22ce55d433f2fef947f076c647aff": ["0", "info.bpace.munchlife.MunchLifeActivity"]}, {"9df22ce55d433f2fef947f076c647aff": ["0", "info.bpace.munchlife.MunchLifeActivity"]}, {"9df22ce55d433f2fef947f076c647aff": ["0", "info.bpace.munchlife.MunchLifeActivity"]}, {"9df22ce55d433f2fef947f076c647aff": ["0", "info.bpace.munchlife.MunchLifeActivity"]}, {"9df22ce55d433f2fef947f076c647aff": ["0", "info.bpace.munchlife.MunchLifeActivity"]}, {"9df22ce55d433f2fef947f076c647aff": ["0", "info.bpace.munchlife.MunchLifeActivity"]}, {"9df22ce55d433f2fef947f076c647aff": ["0", "info.bpace.munchlife.MunchLifeActivity"]}, {"9df22ce55d433f2fef947f076c647aff": ["0", "info.bpace.munchlife.MunchLifeActivity"]}, {"9df22ce55d433f2fef947f076c647aff": ["0", "info.bpace.munchlife.MunchLifeActivity"]}, {"9df22ce55d433f2fef947f076c647aff": ["0", "info.bpace.munchlife.MunchLifeActivity"]}, {"9df22ce55d433f2fef947f076c647aff": ["0", "info.bpace.munchlife.MunchLifeActivity"]}, {"9df22ce55d433f2fef947f076c647aff": ["0", "info.bpace.munchlife.MunchLifeActivity"]}, {"9df22ce55d433f2fef947f076c647aff": ["0", "info.bpace.munchlife.MunchLifeActivity"]}, {"9df22ce55d433f2fef947f076c647aff": ["0", "info.bpace.munchlife.MunchLifeActivity"]}, {"9df22ce55d433f2fef947f076c647aff": ["0", "info.bpace.munchlife.MunchLifeActivity"]}, {"9df22ce55d433f2fef947f076c647aff": ["0", "info.bpace.munchlife.MunchLifeActivity"]}, {"9df22ce55d433f2fef947f076c647aff": ["0", "info.bpace.munchlife.MunchLifeActivity"]}, {"9df22ce55d433f2fef947f076c647aff": ["0", "info.bpace.munchlife.MunchLifeActivity"]}, {"9df22ce55d433f2fef947f076c647aff": ["0", "info.bpace.munchlife.MunchLifeActivity"]}, {"9df22ce55d433f2fef947f076c647aff": ["0", "info.bpace.munchlife.MunchLifeActivity"]}, {"9df22ce55d433f2fef947f076c647aff": ["0", "info.bpace.munchlife.MunchLifeActivity"]}, {"9df22ce55d433f2fef947f076c647aff": ["0", "info.bpace.munchlife.MunchLifeActivity"]}, {"9df22ce55d433f2fef947f076c647aff": ["0", "info.bpace.munchlife.MunchLifeActivity"]}, {"9df22ce55d433f2fef947f076c647aff": ["0", "info.bpace.munchlife.MunchLifeActivity"]}, {"9df22ce55d433f2fef947f076c647aff": ["0", "info.bpace.munchlife.MunchLifeActivity"]}, {"9df22ce55d433f2fef947f076c647aff": ["0", "info.bpace.munchlife.MunchLifeActivity"]}, {"9df22ce55d433f2fef947f076c647aff": ["0", "info.bpace.munchlife.MunchLifeActivity"]}, {"9df22ce55d433f2fef947f076c647aff": ["0", "info.bpace.munchlife.MunchLifeActivity"]}, {"9df22ce55d433f2fef947f076c647aff": ["0", "info.bpace.munchlife.MunchLifeActivity"]}, {"9df22ce55d433f2fef947f076c647aff": ["0", "info.bpace.munchlife.MunchLifeActivity"]}, {"9df22ce55d433f2fef947f076c647aff": ["0", "info.bpace.munchlife.MunchLifeActivity"]}, {"9df22ce55d433f2fef947f076c647aff": ["0", "info.bpace.munchlife.MunchLifeActivity"]}, {"9df22ce55d433f2fef947f076c647aff": ["0", "info.bpace.munchlife.MunchLifeActivity"]}, {"9df22ce55d433f2fef947f076c647aff": ["0", "info.bpace.munchlife.MunchLifeActivity"]}, {"9df22ce55d433f2fef947f076c647aff": ["0", "info.bpace.munchlife.MunchLifeActivity"]}, {"9df22ce55d433f2fef947f076c647aff": ["0", "info.bpace.munchlife.MunchLifeActivity"]}, {"9df22ce55d433f2fef947f076c647aff": ["0", "info.bpace.munchlife.MunchLifeActivity"]}, {"9df22ce55d433f2fef947f076c647aff": ["0", "info.bpace.munchlife.MunchLifeActivity"]}, {"9df22ce55d433f2fef947f076c647aff": ["0", "info.bpace.munchlife.MunchLifeActivity"]}, {"9df22ce55d433f2fef947f076c647aff": ["0", "info.bpace.munchlife.MunchLifeActivity"]}, {"9df22ce55d433f2fef947f076c647aff": ["0", "info.bpace.munchlife.MunchLifeActivity"]}, {"9df22ce55d433f2fef947f076c647aff": ["0", "info.bpace.munchlife.MunchLifeActivity"]}, {"9df22ce55d433f2fef947f076c647aff": ["0", "info.bpace.munchlife.MunchLifeActivity"]}, {"9df22ce55d433f2fef947f076c647aff": ["0", "info.bpace.munchlife.MunchLifeActivity"]}, {"9df22ce55d433f2fef947f076c647aff": ["0", "info.bpace.munchlife.MunchLifeActivity"]}, {"9df22ce55d433f2fef947f076c647aff": ["0", "info.bpace.munchlife.MunchLifeActivity"]}, {"9df22ce55d433f2fef947f076c647aff": ["0", "info.bpace.munchlife.MunchLifeActivity"]}, {"9df22ce55d433f2fef947f076c647aff": ["0", "info.bpace.munchlife.MunchLifeActivity"]}, {"9df22ce55d433f2fef947f076c647aff": ["0", "info.bpace.munchlife.MunchLifeActivity"]}, {"9df22ce55d433f2fef947f076c647aff": ["0", "info.bpace.munchlife.MunchLifeActivity"]}, {"9df22ce55d433f2fef947f076c647aff": ["0", "info.bpace.munchlife.MunchLifeActivity"]}, {"9df22ce55d433f2fef947f076c647aff": ["0", "info.bpace.munchlife.MunchLifeActivity"]}, {"9df22ce55d433f2fef947f076c647aff": ["0", "info.bpace.munchlife.MunchLifeActivity"]}, {"9df22ce55d433f2fef947f076c647aff": ["0", "info.bpace.munchlife.MunchLifeActivity"]}, {"9df22ce55d433f2fef947f076c647aff": ["0", "info.bpace.munchlife.MunchLifeActivity"]}, {"9df22ce55d433f2fef947f076c647aff": ["0", "info.bpace.munchlife.MunchLifeActivity"]}, {"9df22ce55d433f2fef947f076c647aff": ["0", "info.bpace.munchlife.MunchLifeActivity"]}, {"9df22ce55d433f2fef947f076c647aff": ["0", "info.bpace.munchlife.MunchLifeActivity"]}, {"9df22ce55d433f2fef947f076c647aff": ["0", "info.bpace.munchlife.MunchLifeActivity"]}, {"9df22ce55d433f2fef947f076c647aff": ["0", "info.bpace.munchlife.MunchLifeActivity"]}, {"9df22ce55d433f2fef947f076c647aff": ["0", "info.bpace.munchlife.MunchLifeActivity"]}, {"9df22ce55d433f2fef947f076c647aff": ["0", "info.bpace.munchlife.MunchLifeActivity"]}, {"9df22ce55d433f2fef947f076c647aff": ["0", "info.bpace.munchlife.MunchLifeActivity"]}, {"9df22ce55d433f2fef947f076c647aff": ["0", "info.bpace.munchlife.MunchLifeActivity"]}, {"9df22ce55d433f2fef947f076c647aff": ["0", "info.bpace.munchlife.MunchLifeActivity"]}, {"9df22ce55d433f2fef947f076c647aff": ["0", "info.bpace.munchlife.MunchLifeActivity"]}]