[{"7d3bc37b9fdc7e1949c4a34bdf8f7181": ["5", "net.jaqpot.netcounter.activity.NetCounterActivity"]}, {"fe40f9833db9c8027a44555136fc60d7": ["0", "net.jaqpot.netcounter.activity.NetCounterActivity"]}, {"fe40f9833db9c8027a44555136fc60d7": ["0", "net.jaqpot.netcounter.activity.NetCounterActivity"]}, {"fe40f9833db9c8027a44555136fc60d7": ["0", "net.jaqpot.netcounter.activity.NetCounterActivity"]}, {"f6ffa4940c3dc98a6b888b48f216ed53": ["13", "net.jaqpot.netcounter.activity.NetCounterActivity"]}, {"fe40f9833db9c8027a44555136fc60d7": ["0", "net.jaqpot.netcounter.activity.NetCounterActivity"]}, {"fe40f9833db9c8027a44555136fc60d7": ["0", "net.jaqpot.netcounter.activity.NetCounterActivity"]}, {"f6ffa4940c3dc98a6b888b48f216ed53": ["13", "net.jaqpot.netcounter.activity.NetCounterActivity"]}, {"f6ffa4940c3dc98a6b888b48f216ed53": ["13", "net.jaqpot.netcounter.activity.NetCounterActivity"]}, {"f6ffa4940c3dc98a6b888b48f216ed53": ["13", "net.jaqpot.netcounter.activity.NetCounterActivity"]}, {"8d6133db6bfd72ce8558e3f55393a7d2": ["19", "net.jaqpot.netcounter.activity.NetCounterActivity"]}, {"cbc647b29f59df170575d53d650dccd8": ["16", "net.jaqpot.netcounter.activity.NetCounterPreferences"]}, {"cbc647b29f59df170575d53d650dccd8": ["16", "net.jaqpot.netcounter.activity.NetCounterPreferences"]}, {"cbc647b29f59df170575d53d650dccd8": ["16", "net.jaqpot.netcounter.activity.NetCounterPreferences"]}, {"cbc647b29f59df170575d53d650dccd8": ["16", "net.jaqpot.netcounter.activity.NetCounterPreferences"]}, {"cbc647b29f59df170575d53d650dccd8": ["16", "net.jaqpot.netcounter.activity.NetCounterPreferences"]}, {"cbc647b29f59df170575d53d650dccd8": ["16", "net.jaqpot.netcounter.activity.NetCounterPreferences"]}, {"cbc647b29f59df170575d53d650dccd8": ["16", "net.jaqpot.netcounter.activity.NetCounterPreferences"]}, {"f6ffa4940c3dc98a6b888b48f216ed53": ["13", "net.jaqpot.netcounter.activity.NetCounterActivity"]}, {"fe40f9833db9c8027a44555136fc60d7": ["0", "net.jaqpot.netcounter.activity.NetCounterActivity"]}, {"fe40f9833db9c8027a44555136fc60d7": ["0", "net.jaqpot.netcounter.activity.NetCounterActivity"]}, {"cbc647b29f59df170575d53d650dccd8": ["16", "net.jaqpot.netcounter.activity.NetCounterPreferences"]}, {"cbc647b29f59df170575d53d650dccd8": ["16", "net.jaqpot.netcounter.activity.NetCounterPreferences"]}, {"cbc647b29f59df170575d53d650dccd8": ["16", "net.jaqpot.netcounter.activity.NetCounterPreferences"]}, {"cbc647b29f59df170575d53d650dccd8": ["16", "net.jaqpot.netcounter.activity.NetCounterPreferences"]}, {"cbc647b29f59df170575d53d650dccd8": ["16", "net.jaqpot.netcounter.activity.NetCounterPreferences"]}, {"cbc647b29f59df170575d53d650dccd8": ["16", "net.jaqpot.netcounter.activity.NetCounterPreferences"]}, {"cbc647b29f59df170575d53d650dccd8": ["16", "net.jaqpot.netcounter.activity.NetCounterPreferences"]}, {"fe40f9833db9c8027a44555136fc60d7": ["0", "net.jaqpot.netcounter.activity.NetCounterActivity"]}, {"f6ffa4940c3dc98a6b888b48f216ed53": ["13", "net.jaqpot.netcounter.activity.NetCounterActivity"]}, {"fe40f9833db9c8027a44555136fc60d7": ["0", "net.jaqpot.netcounter.activity.NetCounterActivity"]}, {"f6ffa4940c3dc98a6b888b48f216ed53": ["13", "net.jaqpot.netcounter.activity.NetCounterActivity"]}, {"cbc647b29f59df170575d53d650dccd8": ["16", "net.jaqpot.netcounter.activity.NetCounterPreferences"]}, {"cbc647b29f59df170575d53d650dccd8": ["16", "net.jaqpot.netcounter.activity.NetCounterPreferences"]}, {"cbc647b29f59df170575d53d650dccd8": ["16", "net.jaqpot.netcounter.activity.NetCounterPreferences"]}, {"f6ffa4940c3dc98a6b888b48f216ed53": ["13", "net.jaqpot.netcounter.activity.NetCounterActivity"]}, {"fe40f9833db9c8027a44555136fc60d7": ["0", "net.jaqpot.netcounter.activity.NetCounterActivity"]}, {"fe40f9833db9c8027a44555136fc60d7": ["0", "net.jaqpot.netcounter.activity.NetCounterActivity"]}, {"cbc647b29f59df170575d53d650dccd8": ["16", "net.jaqpot.netcounter.activity.NetCounterPreferences"]}, {"01a0d7d0c47d24daf19d2deafc81bac1": ["17", "net.jaqpot.netcounter.activity.NetCounterPreferences"]}, {"01a0d7d0c47d24daf19d2deafc81bac1": ["17", "net.jaqpot.netcounter.activity.NetCounterPreferences"]}, {"f6ffa4940c3dc98a6b888b48f216ed53": ["13", "net.jaqpot.netcounter.activity.NetCounterActivity"]}, {"f6ffa4940c3dc98a6b888b48f216ed53": ["13", "net.jaqpot.netcounter.activity.NetCounterActivity"]}, {"f6ffa4940c3dc98a6b888b48f216ed53": ["13", "net.jaqpot.netcounter.activity.NetCounterActivity"]}, {"f6ffa4940c3dc98a6b888b48f216ed53": ["13", "net.jaqpot.netcounter.activity.NetCounterActivity"]}, {"fe40f9833db9c8027a44555136fc60d7": ["0", "net.jaqpot.netcounter.activity.NetCounterActivity"]}, {"f6ffa4940c3dc98a6b888b48f216ed53": ["13", "net.jaqpot.netcounter.activity.NetCounterActivity"]}, {"8d6133db6bfd72ce8558e3f55393a7d2": ["19", "net.jaqpot.netcounter.activity.NetCounterActivity"]}, {"cbc647b29f59df170575d53d650dccd8": ["16", "net.jaqpot.netcounter.activity.NetCounterPreferences"]}, {"cbc647b29f59df170575d53d650dccd8": ["16", "net.jaqpot.netcounter.activity.NetCounterPreferences"]}, {"cbc647b29f59df170575d53d650dccd8": ["16", "net.jaqpot.netcounter.activity.NetCounterPreferences"]}, {"cbc647b29f59df170575d53d650dccd8": ["16", "net.jaqpot.netcounter.activity.NetCounterPreferences"]}, {"cbc647b29f59df170575d53d650dccd8": ["16", "net.jaqpot.netcounter.activity.NetCounterPreferences"]}, {"01a0d7d0c47d24daf19d2deafc81bac1": ["17", "net.jaqpot.netcounter.activity.NetCounterPreferences"]}, {"01a0d7d0c47d24daf19d2deafc81bac1": ["17", "net.jaqpot.netcounter.activity.NetCounterPreferences"]}, {"01a0d7d0c47d24daf19d2deafc81bac1": ["17", "net.jaqpot.netcounter.activity.NetCounterPreferences"]}, {"f6ffa4940c3dc98a6b888b48f216ed53": ["13", "net.jaqpot.netcounter.activity.NetCounterActivity"]}, {"fe40f9833db9c8027a44555136fc60d7": ["0", "net.jaqpot.netcounter.activity.NetCounterActivity"]}, {"f6ffa4940c3dc98a6b888b48f216ed53": ["13", "net.jaqpot.netcounter.activity.NetCounterActivity"]}, {"f6ffa4940c3dc98a6b888b48f216ed53": ["13", "net.jaqpot.netcounter.activity.NetCounterActivity"]}, {"8d6133db6bfd72ce8558e3f55393a7d2": ["19", "net.jaqpot.netcounter.activity.NetCounterActivity"]}, {"fe40f9833db9c8027a44555136fc60d7": ["0", "net.jaqpot.netcounter.activity.NetCounterActivity"]}, {"f6ffa4940c3dc98a6b888b48f216ed53": ["13", "net.jaqpot.netcounter.activity.NetCounterActivity"]}, {"cbc647b29f59df170575d53d650dccd8": ["16", "net.jaqpot.netcounter.activity.NetCounterPreferences"]}, {"cbc647b29f59df170575d53d650dccd8": ["16", "net.jaqpot.netcounter.activity.NetCounterPreferences"]}, {"cbc647b29f59df170575d53d650dccd8": ["16", "net.jaqpot.netcounter.activity.NetCounterPreferences"]}, {"f6ffa4940c3dc98a6b888b48f216ed53": ["13", "net.jaqpot.netcounter.activity.NetCounterActivity"]}, {"cbc647b29f59df170575d53d650dccd8": ["16", "net.jaqpot.netcounter.activity.NetCounterPreferences"]}, {"cbc647b29f59df170575d53d650dccd8": ["16", "net.jaqpot.netcounter.activity.NetCounterPreferences"]}, {"cbc647b29f59df170575d53d650dccd8": ["16", "net.jaqpot.netcounter.activity.NetCounterPreferences"]}, {"cbc647b29f59df170575d53d650dccd8": ["16", "net.jaqpot.netcounter.activity.NetCounterPreferences"]}, {"cbc647b29f59df170575d53d650dccd8": ["16", "net.jaqpot.netcounter.activity.NetCounterPreferences"]}, {"cbc647b29f59df170575d53d650dccd8": ["16", "net.jaqpot.netcounter.activity.NetCounterPreferences"]}, {"01a0d7d0c47d24daf19d2deafc81bac1": ["17", "net.jaqpot.netcounter.activity.NetCounterPreferences"]}, {"2786f0e3287784a2d558d074fa97f558": ["18", "net.jaqpot.netcounter.activity.NetCounterPreferences"]}, {"01a0d7d0c47d24daf19d2deafc81bac1": ["17", "net.jaqpot.netcounter.activity.NetCounterPreferences"]}, {"2786f0e3287784a2d558d074fa97f558": ["18", "net.jaqpot.netcounter.activity.NetCounterPreferences"]}, {"f6ffa4940c3dc98a6b888b48f216ed53": ["13", "net.jaqpot.netcounter.activity.NetCounterActivity"]}, {"fe40f9833db9c8027a44555136fc60d7": ["0", "net.jaqpot.netcounter.activity.NetCounterActivity"]}, {"f6ffa4940c3dc98a6b888b48f216ed53": ["13", "net.jaqpot.netcounter.activity.NetCounterActivity"]}, {"f6ffa4940c3dc98a6b888b48f216ed53": ["13", "net.jaqpot.netcounter.activity.NetCounterActivity"]}, {"f6ffa4940c3dc98a6b888b48f216ed53": ["13", "net.jaqpot.netcounter.activity.NetCounterActivity"]}, {"f6ffa4940c3dc98a6b888b48f216ed53": ["13", "net.jaqpot.netcounter.activity.NetCounterActivity"]}, {"fe40f9833db9c8027a44555136fc60d7": ["0", "net.jaqpot.netcounter.activity.NetCounterActivity"]}, {"fe40f9833db9c8027a44555136fc60d7": ["0", "net.jaqpot.netcounter.activity.NetCounterActivity"]}, {"fe40f9833db9c8027a44555136fc60d7": ["0", "net.jaqpot.netcounter.activity.NetCounterActivity"]}, {"cbc647b29f59df170575d53d650dccd8": ["16", "net.jaqpot.netcounter.activity.NetCounterPreferences"]}, {"01a0d7d0c47d24daf19d2deafc81bac1": ["17", "net.jaqpot.netcounter.activity.NetCounterPreferences"]}, {"fe40f9833db9c8027a44555136fc60d7": ["0", "net.jaqpot.netcounter.activity.NetCounterActivity"]}, {"8d6133db6bfd72ce8558e3f55393a7d2": ["19", "net.jaqpot.netcounter.activity.NetCounterActivity"]}, {"cbc647b29f59df170575d53d650dccd8": ["16", "net.jaqpot.netcounter.activity.NetCounterPreferences"]}, {"cbc647b29f59df170575d53d650dccd8": ["16", "net.jaqpot.netcounter.activity.NetCounterPreferences"]}, {"cbc647b29f59df170575d53d650dccd8": ["16", "net.jaqpot.netcounter.activity.NetCounterPreferences"]}, {"cbc647b29f59df170575d53d650dccd8": ["16", "net.jaqpot.netcounter.activity.NetCounterPreferences"]}, {"cbc647b29f59df170575d53d650dccd8": ["16", "net.jaqpot.netcounter.activity.NetCounterPreferences"]}, {"cbc647b29f59df170575d53d650dccd8": ["16", "net.jaqpot.netcounter.activity.NetCounterPreferences"]}, {"cbc647b29f59df170575d53d650dccd8": ["16", "net.jaqpot.netcounter.activity.NetCounterPreferences"]}, {"01a0d7d0c47d24daf19d2deafc81bac1": ["17", "net.jaqpot.netcounter.activity.NetCounterPreferences"]}, {"cbc647b29f59df170575d53d650dccd8": ["16", "net.jaqpot.netcounter.activity.NetCounterPreferences"]}, {"01a0d7d0c47d24daf19d2deafc81bac1": ["17", "net.jaqpot.netcounter.activity.NetCounterPreferences"]}, {"8d6133db6bfd72ce8558e3f55393a7d2": ["19", "net.jaqpot.netcounter.activity.NetCounterActivity"]}, {"f6ffa4940c3dc98a6b888b48f216ed53": ["13", "net.jaqpot.netcounter.activity.NetCounterActivity"]}, {"fe40f9833db9c8027a44555136fc60d7": ["0", "net.jaqpot.netcounter.activity.NetCounterActivity"]}, {"fe40f9833db9c8027a44555136fc60d7": ["0", "net.jaqpot.netcounter.activity.NetCounterActivity"]}, {"fe40f9833db9c8027a44555136fc60d7": ["0", "net.jaqpot.netcounter.activity.NetCounterActivity"]}, {"fe40f9833db9c8027a44555136fc60d7": ["0", "net.jaqpot.netcounter.activity.NetCounterActivity"]}, {"8d6133db6bfd72ce8558e3f55393a7d2": ["19", "net.jaqpot.netcounter.activity.NetCounterActivity"]}, {"fe40f9833db9c8027a44555136fc60d7": ["0", "net.jaqpot.netcounter.activity.NetCounterActivity"]}, {"fe40f9833db9c8027a44555136fc60d7": ["0", "net.jaqpot.netcounter.activity.NetCounterActivity"]}, {"cbc647b29f59df170575d53d650dccd8": ["16", "net.jaqpot.netcounter.activity.NetCounterPreferences"]}, {"cbc647b29f59df170575d53d650dccd8": ["16", "net.jaqpot.netcounter.activity.NetCounterPreferences"]}, {"cbc647b29f59df170575d53d650dccd8": ["16", "net.jaqpot.netcounter.activity.NetCounterPreferences"]}, {"cbc647b29f59df170575d53d650dccd8": ["16", "net.jaqpot.netcounter.activity.NetCounterPreferences"]}, {"cbc647b29f59df170575d53d650dccd8": ["16", "net.jaqpot.netcounter.activity.NetCounterPreferences"]}, {"cbc647b29f59df170575d53d650dccd8": ["16", "net.jaqpot.netcounter.activity.NetCounterPreferences"]}, {"cbc647b29f59df170575d53d650dccd8": ["16", "net.jaqpot.netcounter.activity.NetCounterPreferences"]}, {"cbc647b29f59df170575d53d650dccd8": ["16", "net.jaqpot.netcounter.activity.NetCounterPreferences"]}, {"cbc647b29f59df170575d53d650dccd8": ["16", "net.jaqpot.netcounter.activity.NetCounterPreferences"]}, {"cbc647b29f59df170575d53d650dccd8": ["16", "net.jaqpot.netcounter.activity.NetCounterPreferences"]}, {"cbc647b29f59df170575d53d650dccd8": ["16", "net.jaqpot.netcounter.activity.NetCounterPreferences"]}, {"cbc647b29f59df170575d53d650dccd8": ["16", "net.jaqpot.netcounter.activity.NetCounterPreferences"]}, {"f6ffa4940c3dc98a6b888b48f216ed53": ["13", "net.jaqpot.netcounter.activity.NetCounterActivity"]}, {"f6ffa4940c3dc98a6b888b48f216ed53": ["13", "net.jaqpot.netcounter.activity.NetCounterActivity"]}, {"fe40f9833db9c8027a44555136fc60d7": ["0", "net.jaqpot.netcounter.activity.NetCounterActivity"]}, {"fe40f9833db9c8027a44555136fc60d7": ["0", "net.jaqpot.netcounter.activity.NetCounterActivity"]}, {"cbc647b29f59df170575d53d650dccd8": ["16", "net.jaqpot.netcounter.activity.NetCounterPreferences"]}, {"01a0d7d0c47d24daf19d2deafc81bac1": ["17", "net.jaqpot.netcounter.activity.NetCounterPreferences"]}, {"f6ffa4940c3dc98a6b888b48f216ed53": ["13", "net.jaqpot.netcounter.activity.NetCounterActivity"]}, {"f6ffa4940c3dc98a6b888b48f216ed53": ["13", "net.jaqpot.netcounter.activity.NetCounterActivity"]}, {"cbc647b29f59df170575d53d650dccd8": ["16", "net.jaqpot.netcounter.activity.NetCounterPreferences"]}, {"01a0d7d0c47d24daf19d2deafc81bac1": ["17", "net.jaqpot.netcounter.activity.NetCounterPreferences"]}, {"01a0d7d0c47d24daf19d2deafc81bac1": ["17", "net.jaqpot.netcounter.activity.NetCounterPreferences"]}, {"01a0d7d0c47d24daf19d2deafc81bac1": ["17", "net.jaqpot.netcounter.activity.NetCounterPreferences"]}, {"01a0d7d0c47d24daf19d2deafc81bac1": ["17", "net.jaqpot.netcounter.activity.NetCounterPreferences"]}, {"2786f0e3287784a2d558d074fa97f558": ["18", "net.jaqpot.netcounter.activity.NetCounterPreferences"]}, {"01a0d7d0c47d24daf19d2deafc81bac1": ["17", "net.jaqpot.netcounter.activity.NetCounterPreferences"]}, {"01a0d7d0c47d24daf19d2deafc81bac1": ["17", "net.jaqpot.netcounter.activity.NetCounterPreferences"]}, {"cbc647b29f59df170575d53d650dccd8": ["16", "net.jaqpot.netcounter.activity.NetCounterPreferences"]}, {"cbc647b29f59df170575d53d650dccd8": ["16", "net.jaqpot.netcounter.activity.NetCounterPreferences"]}, {"cbc647b29f59df170575d53d650dccd8": ["16", "net.jaqpot.netcounter.activity.NetCounterPreferences"]}, {"cbc647b29f59df170575d53d650dccd8": ["16", "net.jaqpot.netcounter.activity.NetCounterPreferences"]}, {"cbc647b29f59df170575d53d650dccd8": ["16", "net.jaqpot.netcounter.activity.NetCounterPreferences"]}, {"cbc647b29f59df170575d53d650dccd8": ["16", "net.jaqpot.netcounter.activity.NetCounterPreferences"]}, {"01a0d7d0c47d24daf19d2deafc81bac1": ["17", "net.jaqpot.netcounter.activity.NetCounterPreferences"]}, {"2786f0e3287784a2d558d074fa97f558": ["18", "net.jaqpot.netcounter.activity.NetCounterPreferences"]}, {"01a0d7d0c47d24daf19d2deafc81bac1": ["17", "net.jaqpot.netcounter.activity.NetCounterPreferences"]}, {"01a0d7d0c47d24daf19d2deafc81bac1": ["17", "net.jaqpot.netcounter.activity.NetCounterPreferences"]}, {"f6ffa4940c3dc98a6b888b48f216ed53": ["13", "net.jaqpot.netcounter.activity.NetCounterActivity"]}, {"f6ffa4940c3dc98a6b888b48f216ed53": ["13", "net.jaqpot.netcounter.activity.NetCounterActivity"]}, {"f6ffa4940c3dc98a6b888b48f216ed53": ["13", "net.jaqpot.netcounter.activity.NetCounterActivity"]}, {"fe40f9833db9c8027a44555136fc60d7": ["0", "net.jaqpot.netcounter.activity.NetCounterActivity"]}, {"f6ffa4940c3dc98a6b888b48f216ed53": ["13", "net.jaqpot.netcounter.activity.NetCounterActivity"]}, {"f6ffa4940c3dc98a6b888b48f216ed53": ["13", "net.jaqpot.netcounter.activity.NetCounterActivity"]}, {"f6ffa4940c3dc98a6b888b48f216ed53": ["13", "net.jaqpot.netcounter.activity.NetCounterActivity"]}, {"fe40f9833db9c8027a44555136fc60d7": ["0", "net.jaqpot.netcounter.activity.NetCounterActivity"]}, {"f6ffa4940c3dc98a6b888b48f216ed53": ["13", "net.jaqpot.netcounter.activity.NetCounterActivity"]}]