[{"469b7ac12b39f588f4060f6b4c070274": ["0", "net.fercanet.LNM.MainMenu"]}, {"b271a011e8bc2c6a2ceef44761b0da7e": ["1", "net.fercanet.LNM.Game"]}, {"b271a011e8bc2c6a2ceef44761b0da7e": ["1", "net.fercanet.LNM.Game"]}, {"b271a011e8bc2c6a2ceef44761b0da7e": ["1", "net.fercanet.LNM.Game"]}, {"b271a011e8bc2c6a2ceef44761b0da7e": ["1", "net.fercanet.LNM.Game"]}, {"b271a011e8bc2c6a2ceef44761b0da7e": ["1", "net.fercanet.LNM.Game"]}, {"b271a011e8bc2c6a2ceef44761b0da7e": ["1", "net.fercanet.LNM.Game"]}, {"469b7ac12b39f588f4060f6b4c070274": ["0", "net.fercanet.LNM.MainMenu"]}, {"b271a011e8bc2c6a2ceef44761b0da7e": ["1", "net.fercanet.LNM.Game"]}, {"b271a011e8bc2c6a2ceef44761b0da7e": ["1", "net.fercanet.LNM.Game"]}, {"b271a011e8bc2c6a2ceef44761b0da7e": ["1", "net.fercanet.LNM.Game"]}, {"b271a011e8bc2c6a2ceef44761b0da7e": ["1", "net.fercanet.LNM.Game"]}, {"b271a011e8bc2c6a2ceef44761b0da7e": ["1", "net.fercanet.LNM.Game"]}, {"b271a011e8bc2c6a2ceef44761b0da7e": ["1", "net.fercanet.LNM.Game"]}, {"b271a011e8bc2c6a2ceef44761b0da7e": ["1", "net.fercanet.LNM.Game"]}, {"b271a011e8bc2c6a2ceef44761b0da7e": ["1", "net.fercanet.LNM.Game"]}, {"b271a011e8bc2c6a2ceef44761b0da7e": ["1", "net.fercanet.LNM.Game"]}, {"469b7ac12b39f588f4060f6b4c070274": ["0", "net.fercanet.LNM.MainMenu"]}, {"b271a011e8bc2c6a2ceef44761b0da7e": ["1", "net.fercanet.LNM.Game"]}, {"469b7ac12b39f588f4060f6b4c070274": ["0", "net.fercanet.LNM.MainMenu"]}, {"9b8fa273ac4daaac5e265714c02295bf": ["3", "net.fercanet.LNM.Hof"]}, {"469b7ac12b39f588f4060f6b4c070274": ["0", "net.fercanet.LNM.MainMenu"]}, {"9b8fa273ac4daaac5e265714c02295bf": ["3", "net.fercanet.LNM.Hof"]}, {"469b7ac12b39f588f4060f6b4c070274": ["0", "net.fercanet.LNM.MainMenu"]}, {"b271a011e8bc2c6a2ceef44761b0da7e": ["1", "net.fercanet.LNM.Game"]}, {"469b7ac12b39f588f4060f6b4c070274": ["0", "net.fercanet.LNM.MainMenu"]}, {"469b7ac12b39f588f4060f6b4c070274": ["0", "net.fercanet.LNM.MainMenu"]}, {"9b8fa273ac4daaac5e265714c02295bf": ["3", "net.fercanet.LNM.Hof"]}, {"469b7ac12b39f588f4060f6b4c070274": ["0", "net.fercanet.LNM.MainMenu"]}, {"9b8fa273ac4daaac5e265714c02295bf": ["3", "net.fercanet.LNM.Hof"]}, {"469b7ac12b39f588f4060f6b4c070274": ["0", "net.fercanet.LNM.MainMenu"]}, {"b271a011e8bc2c6a2ceef44761b0da7e": ["1", "net.fercanet.LNM.Game"]}, {"b271a011e8bc2c6a2ceef44761b0da7e": ["1", "net.fercanet.LNM.Game"]}, {"0682112f1d9d87ab6570824af48dc998": ["2", "net.fercanet.LNM.Game"]}, {"469b7ac12b39f588f4060f6b4c070274": ["0", "net.fercanet.LNM.MainMenu"]}, {"b271a011e8bc2c6a2ceef44761b0da7e": ["1", "net.fercanet.LNM.Game"]}, {"469b7ac12b39f588f4060f6b4c070274": ["0", "net.fercanet.LNM.MainMenu"]}, {"b271a011e8bc2c6a2ceef44761b0da7e": ["1", "net.fercanet.LNM.Game"]}, {"b271a011e8bc2c6a2ceef44761b0da7e": ["1", "net.fercanet.LNM.Game"]}, {"b271a011e8bc2c6a2ceef44761b0da7e": ["1", "net.fercanet.LNM.Game"]}, {"b271a011e8bc2c6a2ceef44761b0da7e": ["1", "net.fercanet.LNM.Game"]}, {"b271a011e8bc2c6a2ceef44761b0da7e": ["1", "net.fercanet.LNM.Game"]}, {"b271a011e8bc2c6a2ceef44761b0da7e": ["1", "net.fercanet.LNM.Game"]}, {"b271a011e8bc2c6a2ceef44761b0da7e": ["1", "net.fercanet.LNM.Game"]}, {"b271a011e8bc2c6a2ceef44761b0da7e": ["1", "net.fercanet.LNM.Game"]}, {"469b7ac12b39f588f4060f6b4c070274": ["0", "net.fercanet.LNM.MainMenu"]}, {"b271a011e8bc2c6a2ceef44761b0da7e": ["1", "net.fercanet.LNM.Game"]}, {"b271a011e8bc2c6a2ceef44761b0da7e": ["1", "net.fercanet.LNM.Game"]}, {"0682112f1d9d87ab6570824af48dc998": ["2", "net.fercanet.LNM.Game"]}, {"469b7ac12b39f588f4060f6b4c070274": ["0", "net.fercanet.LNM.MainMenu"]}, {"b271a011e8bc2c6a2ceef44761b0da7e": ["1", "net.fercanet.LNM.Game"]}, {"b271a011e8bc2c6a2ceef44761b0da7e": ["1", "net.fercanet.LNM.Game"]}, {"b271a011e8bc2c6a2ceef44761b0da7e": ["1", "net.fercanet.LNM.Game"]}, {"b271a011e8bc2c6a2ceef44761b0da7e": ["1", "net.fercanet.LNM.Game"]}, {"b271a011e8bc2c6a2ceef44761b0da7e": ["1", "net.fercanet.LNM.Game"]}, {"b271a011e8bc2c6a2ceef44761b0da7e": ["1", "net.fercanet.LNM.Game"]}, {"b271a011e8bc2c6a2ceef44761b0da7e": ["1", "net.fercanet.LNM.Game"]}, {"b271a011e8bc2c6a2ceef44761b0da7e": ["1", "net.fercanet.LNM.Game"]}, {"b271a011e8bc2c6a2ceef44761b0da7e": ["1", "net.fercanet.LNM.Game"]}, {"b271a011e8bc2c6a2ceef44761b0da7e": ["1", "net.fercanet.LNM.Game"]}, {"b271a011e8bc2c6a2ceef44761b0da7e": ["1", "net.fercanet.LNM.Game"]}, {"b271a011e8bc2c6a2ceef44761b0da7e": ["1", "net.fercanet.LNM.Game"]}, {"b271a011e8bc2c6a2ceef44761b0da7e": ["1", "net.fercanet.LNM.Game"]}, {"b271a011e8bc2c6a2ceef44761b0da7e": ["1", "net.fercanet.LNM.Game"]}, {"b271a011e8bc2c6a2ceef44761b0da7e": ["1", "net.fercanet.LNM.Game"]}, {"b271a011e8bc2c6a2ceef44761b0da7e": ["1", "net.fercanet.LNM.Game"]}, {"b271a011e8bc2c6a2ceef44761b0da7e": ["1", "net.fercanet.LNM.Game"]}, {"b271a011e8bc2c6a2ceef44761b0da7e": ["1", "net.fercanet.LNM.Game"]}, {"0682112f1d9d87ab6570824af48dc998": ["2", "net.fercanet.LNM.Game"]}, {"469b7ac12b39f588f4060f6b4c070274": ["0", "net.fercanet.LNM.MainMenu"]}, {"b271a011e8bc2c6a2ceef44761b0da7e": ["1", "net.fercanet.LNM.Game"]}, {"b271a011e8bc2c6a2ceef44761b0da7e": ["1", "net.fercanet.LNM.Game"]}, {"b271a011e8bc2c6a2ceef44761b0da7e": ["1", "net.fercanet.LNM.Game"]}, {"b271a011e8bc2c6a2ceef44761b0da7e": ["1", "net.fercanet.LNM.Game"]}, {"0682112f1d9d87ab6570824af48dc998": ["2", "net.fercanet.LNM.Game"]}, {"469b7ac12b39f588f4060f6b4c070274": ["0", "net.fercanet.LNM.MainMenu"]}, {"b271a011e8bc2c6a2ceef44761b0da7e": ["1", "net.fercanet.LNM.Game"]}, {"0682112f1d9d87ab6570824af48dc998": ["2", "net.fercanet.LNM.Game"]}, {"469b7ac12b39f588f4060f6b4c070274": ["0", "net.fercanet.LNM.MainMenu"]}, {"b271a011e8bc2c6a2ceef44761b0da7e": ["1", "net.fercanet.LNM.Game"]}, {"b271a011e8bc2c6a2ceef44761b0da7e": ["1", "net.fercanet.LNM.Game"]}, {"b271a011e8bc2c6a2ceef44761b0da7e": ["1", "net.fercanet.LNM.Game"]}, {"469b7ac12b39f588f4060f6b4c070274": ["0", "net.fercanet.LNM.MainMenu"]}, {"469b7ac12b39f588f4060f6b4c070274": ["0", "net.fercanet.LNM.MainMenu"]}, {"9b8fa273ac4daaac5e265714c02295bf": ["3", "net.fercanet.LNM.Hof"]}, {"469b7ac12b39f588f4060f6b4c070274": ["0", "net.fercanet.LNM.MainMenu"]}, {"b271a011e8bc2c6a2ceef44761b0da7e": ["1", "net.fercanet.LNM.Game"]}, {"b271a011e8bc2c6a2ceef44761b0da7e": ["1", "net.fercanet.LNM.Game"]}, {"b271a011e8bc2c6a2ceef44761b0da7e": ["1", "net.fercanet.LNM.Game"]}, {"b271a011e8bc2c6a2ceef44761b0da7e": ["1", "net.fercanet.LNM.Game"]}, {"b271a011e8bc2c6a2ceef44761b0da7e": ["1", "net.fercanet.LNM.Game"]}, {"b271a011e8bc2c6a2ceef44761b0da7e": ["1", "net.fercanet.LNM.Game"]}, {"469b7ac12b39f588f4060f6b4c070274": ["0", "net.fercanet.LNM.MainMenu"]}, {"9b8fa273ac4daaac5e265714c02295bf": ["3", "net.fercanet.LNM.Hof"]}, {"469b7ac12b39f588f4060f6b4c070274": ["0", "net.fercanet.LNM.MainMenu"]}, {"b271a011e8bc2c6a2ceef44761b0da7e": ["1", "net.fercanet.LNM.Game"]}, {"b271a011e8bc2c6a2ceef44761b0da7e": ["1", "net.fercanet.LNM.Game"]}, {"b271a011e8bc2c6a2ceef44761b0da7e": ["1", "net.fercanet.LNM.Game"]}, {"b271a011e8bc2c6a2ceef44761b0da7e": ["1", "net.fercanet.LNM.Game"]}, {"0682112f1d9d87ab6570824af48dc998": ["2", "net.fercanet.LNM.Game"]}, {"469b7ac12b39f588f4060f6b4c070274": ["0", "net.fercanet.LNM.MainMenu"]}, {"b271a011e8bc2c6a2ceef44761b0da7e": ["1", "net.fercanet.LNM.Game"]}, {"b271a011e8bc2c6a2ceef44761b0da7e": ["1", "net.fercanet.LNM.Game"]}, {"b271a011e8bc2c6a2ceef44761b0da7e": ["1", "net.fercanet.LNM.Game"]}, {"b271a011e8bc2c6a2ceef44761b0da7e": ["1", "net.fercanet.LNM.Game"]}, {"469b7ac12b39f588f4060f6b4c070274": ["0", "net.fercanet.LNM.MainMenu"]}, {"b271a011e8bc2c6a2ceef44761b0da7e": ["1", "net.fercanet.LNM.Game"]}, {"b271a011e8bc2c6a2ceef44761b0da7e": ["1", "net.fercanet.LNM.Game"]}, {"b271a011e8bc2c6a2ceef44761b0da7e": ["1", "net.fercanet.LNM.Game"]}, {"b271a011e8bc2c6a2ceef44761b0da7e": ["1", "net.fercanet.LNM.Game"]}, {"b271a011e8bc2c6a2ceef44761b0da7e": ["1", "net.fercanet.LNM.Game"]}, {"b271a011e8bc2c6a2ceef44761b0da7e": ["1", "net.fercanet.LNM.Game"]}, {"b271a011e8bc2c6a2ceef44761b0da7e": ["1", "net.fercanet.LNM.Game"]}, {"469b7ac12b39f588f4060f6b4c070274": ["0", "net.fercanet.LNM.MainMenu"]}, {"b271a011e8bc2c6a2ceef44761b0da7e": ["1", "net.fercanet.LNM.Game"]}, {"b271a011e8bc2c6a2ceef44761b0da7e": ["1", "net.fercanet.LNM.Game"]}, {"b271a011e8bc2c6a2ceef44761b0da7e": ["1", "net.fercanet.LNM.Game"]}, {"b271a011e8bc2c6a2ceef44761b0da7e": ["1", "net.fercanet.LNM.Game"]}, {"b271a011e8bc2c6a2ceef44761b0da7e": ["1", "net.fercanet.LNM.Game"]}, {"b271a011e8bc2c6a2ceef44761b0da7e": ["1", "net.fercanet.LNM.Game"]}, {"b271a011e8bc2c6a2ceef44761b0da7e": ["1", "net.fercanet.LNM.Game"]}, {"0682112f1d9d87ab6570824af48dc998": ["2", "net.fercanet.LNM.Game"]}, {"469b7ac12b39f588f4060f6b4c070274": ["0", "net.fercanet.LNM.MainMenu"]}, {"b271a011e8bc2c6a2ceef44761b0da7e": ["1", "net.fercanet.LNM.Game"]}, {"b271a011e8bc2c6a2ceef44761b0da7e": ["1", "net.fercanet.LNM.Game"]}, {"b271a011e8bc2c6a2ceef44761b0da7e": ["1", "net.fercanet.LNM.Game"]}, {"b271a011e8bc2c6a2ceef44761b0da7e": ["1", "net.fercanet.LNM.Game"]}, {"b271a011e8bc2c6a2ceef44761b0da7e": ["1", "net.fercanet.LNM.Game"]}, {"b271a011e8bc2c6a2ceef44761b0da7e": ["1", "net.fercanet.LNM.Game"]}, {"b271a011e8bc2c6a2ceef44761b0da7e": ["1", "net.fercanet.LNM.Game"]}, {"b271a011e8bc2c6a2ceef44761b0da7e": ["1", "net.fercanet.LNM.Game"]}, {"b271a011e8bc2c6a2ceef44761b0da7e": ["1", "net.fercanet.LNM.Game"]}, {"469b7ac12b39f588f4060f6b4c070274": ["0", "net.fercanet.LNM.MainMenu"]}, {"b271a011e8bc2c6a2ceef44761b0da7e": ["1", "net.fercanet.LNM.Game"]}, {"469b7ac12b39f588f4060f6b4c070274": ["0", "net.fercanet.LNM.MainMenu"]}, {"9b8fa273ac4daaac5e265714c02295bf": ["3", "net.fercanet.LNM.Hof"]}, {"469b7ac12b39f588f4060f6b4c070274": ["0", "net.fercanet.LNM.MainMenu"]}, {"b271a011e8bc2c6a2ceef44761b0da7e": ["1", "net.fercanet.LNM.Game"]}, {"b271a011e8bc2c6a2ceef44761b0da7e": ["1", "net.fercanet.LNM.Game"]}, {"b271a011e8bc2c6a2ceef44761b0da7e": ["1", "net.fercanet.LNM.Game"]}, {"469b7ac12b39f588f4060f6b4c070274": ["0", "net.fercanet.LNM.MainMenu"]}, {"b271a011e8bc2c6a2ceef44761b0da7e": ["1", "net.fercanet.LNM.Game"]}, {"b271a011e8bc2c6a2ceef44761b0da7e": ["1", "net.fercanet.LNM.Game"]}, {"469b7ac12b39f588f4060f6b4c070274": ["0", "net.fercanet.LNM.MainMenu"]}, {"469b7ac12b39f588f4060f6b4c070274": ["0", "net.fercanet.LNM.MainMenu"]}, {"b271a011e8bc2c6a2ceef44761b0da7e": ["1", "net.fercanet.LNM.Game"]}, {"b271a011e8bc2c6a2ceef44761b0da7e": ["1", "net.fercanet.LNM.Game"]}, {"b271a011e8bc2c6a2ceef44761b0da7e": ["1", "net.fercanet.LNM.Game"]}, {"b271a011e8bc2c6a2ceef44761b0da7e": ["1", "net.fercanet.LNM.Game"]}, {"b271a011e8bc2c6a2ceef44761b0da7e": ["1", "net.fercanet.LNM.Game"]}, {"b271a011e8bc2c6a2ceef44761b0da7e": ["1", "net.fercanet.LNM.Game"]}, {"b271a011e8bc2c6a2ceef44761b0da7e": ["1", "net.fercanet.LNM.Game"]}, {"b271a011e8bc2c6a2ceef44761b0da7e": ["1", "net.fercanet.LNM.Game"]}, {"b271a011e8bc2c6a2ceef44761b0da7e": ["1", "net.fercanet.LNM.Game"]}, {"b271a011e8bc2c6a2ceef44761b0da7e": ["1", "net.fercanet.LNM.Game"]}, {"b271a011e8bc2c6a2ceef44761b0da7e": ["1", "net.fercanet.LNM.Game"]}, {"b271a011e8bc2c6a2ceef44761b0da7e": ["1", "net.fercanet.LNM.Game"]}, {"b271a011e8bc2c6a2ceef44761b0da7e": ["1", "net.fercanet.LNM.Game"]}, {"b271a011e8bc2c6a2ceef44761b0da7e": ["1", "net.fercanet.LNM.Game"]}, {"b271a011e8bc2c6a2ceef44761b0da7e": ["1", "net.fercanet.LNM.Game"]}, {"b271a011e8bc2c6a2ceef44761b0da7e": ["1", "net.fercanet.LNM.Game"]}, {"469b7ac12b39f588f4060f6b4c070274": ["0", "net.fercanet.LNM.MainMenu"]}, {"b271a011e8bc2c6a2ceef44761b0da7e": ["1", "net.fercanet.LNM.Game"]}, {"b271a011e8bc2c6a2ceef44761b0da7e": ["1", "net.fercanet.LNM.Game"]}, {"469b7ac12b39f588f4060f6b4c070274": ["0", "net.fercanet.LNM.MainMenu"]}, {"b271a011e8bc2c6a2ceef44761b0da7e": ["1", "net.fercanet.LNM.Game"]}, {"469b7ac12b39f588f4060f6b4c070274": ["0", "net.fercanet.LNM.MainMenu"]}, {"b271a011e8bc2c6a2ceef44761b0da7e": ["1", "net.fercanet.LNM.Game"]}, {"b271a011e8bc2c6a2ceef44761b0da7e": ["1", "net.fercanet.LNM.Game"]}, {"b271a011e8bc2c6a2ceef44761b0da7e": ["1", "net.fercanet.LNM.Game"]}, {"469b7ac12b39f588f4060f6b4c070274": ["0", "net.fercanet.LNM.MainMenu"]}, {"469b7ac12b39f588f4060f6b4c070274": ["0", "net.fercanet.LNM.MainMenu"]}, {"b271a011e8bc2c6a2ceef44761b0da7e": ["1", "net.fercanet.LNM.Game"]}, {"b271a011e8bc2c6a2ceef44761b0da7e": ["1", "net.fercanet.LNM.Game"]}, {"b271a011e8bc2c6a2ceef44761b0da7e": ["1", "net.fercanet.LNM.Game"]}, {"b271a011e8bc2c6a2ceef44761b0da7e": ["1", "net.fercanet.LNM.Game"]}, {"469b7ac12b39f588f4060f6b4c070274": ["0", "net.fercanet.LNM.MainMenu"]}, {"b271a011e8bc2c6a2ceef44761b0da7e": ["1", "net.fercanet.LNM.Game"]}, {"b271a011e8bc2c6a2ceef44761b0da7e": ["1", "net.fercanet.LNM.Game"]}, {"b271a011e8bc2c6a2ceef44761b0da7e": ["1", "net.fercanet.LNM.Game"]}, {"0682112f1d9d87ab6570824af48dc998": ["2", "net.fercanet.LNM.Game"]}, {"469b7ac12b39f588f4060f6b4c070274": ["0", "net.fercanet.LNM.MainMenu"]}, {"b271a011e8bc2c6a2ceef44761b0da7e": ["1", "net.fercanet.LNM.Game"]}, {"469b7ac12b39f588f4060f6b4c070274": ["0", "net.fercanet.LNM.MainMenu"]}, {"b271a011e8bc2c6a2ceef44761b0da7e": ["1", "net.fercanet.LNM.Game"]}, {"b271a011e8bc2c6a2ceef44761b0da7e": ["1", "net.fercanet.LNM.Game"]}, {"b271a011e8bc2c6a2ceef44761b0da7e": ["1", "net.fercanet.LNM.Game"]}, {"b271a011e8bc2c6a2ceef44761b0da7e": ["1", "net.fercanet.LNM.Game"]}, {"b271a011e8bc2c6a2ceef44761b0da7e": ["1", "net.fercanet.LNM.Game"]}, {"469b7ac12b39f588f4060f6b4c070274": ["0", "net.fercanet.LNM.MainMenu"]}, {"b271a011e8bc2c6a2ceef44761b0da7e": ["1", "net.fercanet.LNM.Game"]}, {"469b7ac12b39f588f4060f6b4c070274": ["0", "net.fercanet.LNM.MainMenu"]}, {"b271a011e8bc2c6a2ceef44761b0da7e": ["1", "net.fercanet.LNM.Game"]}, {"b271a011e8bc2c6a2ceef44761b0da7e": ["1", "net.fercanet.LNM.Game"]}, {"b271a011e8bc2c6a2ceef44761b0da7e": ["1", "net.fercanet.LNM.Game"]}, {"b271a011e8bc2c6a2ceef44761b0da7e": ["1", "net.fercanet.LNM.Game"]}, {"b271a011e8bc2c6a2ceef44761b0da7e": ["1", "net.fercanet.LNM.Game"]}, {"469b7ac12b39f588f4060f6b4c070274": ["0", "net.fercanet.LNM.MainMenu"]}, {"b271a011e8bc2c6a2ceef44761b0da7e": ["1", "net.fercanet.LNM.Game"]}, {"b271a011e8bc2c6a2ceef44761b0da7e": ["1", "net.fercanet.LNM.Game"]}, {"b271a011e8bc2c6a2ceef44761b0da7e": ["1", "net.fercanet.LNM.Game"]}, {"b271a011e8bc2c6a2ceef44761b0da7e": ["1", "net.fercanet.LNM.Game"]}, {"b271a011e8bc2c6a2ceef44761b0da7e": ["1", "net.fercanet.LNM.Game"]}, {"b271a011e8bc2c6a2ceef44761b0da7e": ["1", "net.fercanet.LNM.Game"]}, {"b271a011e8bc2c6a2ceef44761b0da7e": ["1", "net.fercanet.LNM.Game"]}, {"b271a011e8bc2c6a2ceef44761b0da7e": ["1", "net.fercanet.LNM.Game"]}, {"b271a011e8bc2c6a2ceef44761b0da7e": ["1", "net.fercanet.LNM.Game"]}, {"b271a011e8bc2c6a2ceef44761b0da7e": ["1", "net.fercanet.LNM.Game"]}, {"b271a011e8bc2c6a2ceef44761b0da7e": ["1", "net.fercanet.LNM.Game"]}, {"469b7ac12b39f588f4060f6b4c070274": ["0", "net.fercanet.LNM.MainMenu"]}, {"9b8fa273ac4daaac5e265714c02295bf": ["3", "net.fercanet.LNM.Hof"]}, {"469b7ac12b39f588f4060f6b4c070274": ["0", "net.fercanet.LNM.MainMenu"]}, {"469b7ac12b39f588f4060f6b4c070274": ["0", "net.fercanet.LNM.MainMenu"]}, {"469b7ac12b39f588f4060f6b4c070274": ["0", "net.fercanet.LNM.MainMenu"]}, {"b271a011e8bc2c6a2ceef44761b0da7e": ["1", "net.fercanet.LNM.Game"]}, {"b271a011e8bc2c6a2ceef44761b0da7e": ["1", "net.fercanet.LNM.Game"]}, {"b271a011e8bc2c6a2ceef44761b0da7e": ["1", "net.fercanet.LNM.Game"]}, {"469b7ac12b39f588f4060f6b4c070274": ["0", "net.fercanet.LNM.MainMenu"]}, {"469b7ac12b39f588f4060f6b4c070274": ["0", "net.fercanet.LNM.MainMenu"]}, {"469b7ac12b39f588f4060f6b4c070274": ["0", "net.fercanet.LNM.MainMenu"]}, {"b271a011e8bc2c6a2ceef44761b0da7e": ["1", "net.fercanet.LNM.Game"]}, {"469b7ac12b39f588f4060f6b4c070274": ["0", "net.fercanet.LNM.MainMenu"]}, {"b271a011e8bc2c6a2ceef44761b0da7e": ["1", "net.fercanet.LNM.Game"]}, {"469b7ac12b39f588f4060f6b4c070274": ["0", "net.fercanet.LNM.MainMenu"]}, {"b271a011e8bc2c6a2ceef44761b0da7e": ["1", "net.fercanet.LNM.Game"]}, {"b271a011e8bc2c6a2ceef44761b0da7e": ["1", "net.fercanet.LNM.Game"]}, {"b271a011e8bc2c6a2ceef44761b0da7e": ["1", "net.fercanet.LNM.Game"]}, {"b271a011e8bc2c6a2ceef44761b0da7e": ["1", "net.fercanet.LNM.Game"]}, {"b271a011e8bc2c6a2ceef44761b0da7e": ["1", "net.fercanet.LNM.Game"]}, {"b271a011e8bc2c6a2ceef44761b0da7e": ["1", "net.fercanet.LNM.Game"]}, {"b271a011e8bc2c6a2ceef44761b0da7e": ["1", "net.fercanet.LNM.Game"]}, {"b271a011e8bc2c6a2ceef44761b0da7e": ["1", "net.fercanet.LNM.Game"]}, {"b271a011e8bc2c6a2ceef44761b0da7e": ["1", "net.fercanet.LNM.Game"]}, {"b271a011e8bc2c6a2ceef44761b0da7e": ["1", "net.fercanet.LNM.Game"]}, {"b271a011e8bc2c6a2ceef44761b0da7e": ["1", "net.fercanet.LNM.Game"]}, {"b271a011e8bc2c6a2ceef44761b0da7e": ["1", "net.fercanet.LNM.Game"]}, {"b271a011e8bc2c6a2ceef44761b0da7e": ["1", "net.fercanet.LNM.Game"]}, {"b271a011e8bc2c6a2ceef44761b0da7e": ["1", "net.fercanet.LNM.Game"]}, {"b271a011e8bc2c6a2ceef44761b0da7e": ["1", "net.fercanet.LNM.Game"]}, {"469b7ac12b39f588f4060f6b4c070274": ["0", "net.fercanet.LNM.MainMenu"]}, {"469b7ac12b39f588f4060f6b4c070274": ["0", "net.fercanet.LNM.MainMenu"]}, {"b271a011e8bc2c6a2ceef44761b0da7e": ["1", "net.fercanet.LNM.Game"]}, {"b271a011e8bc2c6a2ceef44761b0da7e": ["1", "net.fercanet.LNM.Game"]}, {"b271a011e8bc2c6a2ceef44761b0da7e": ["1", "net.fercanet.LNM.Game"]}, {"b271a011e8bc2c6a2ceef44761b0da7e": ["1", "net.fercanet.LNM.Game"]}, {"b271a011e8bc2c6a2ceef44761b0da7e": ["1", "net.fercanet.LNM.Game"]}, {"0682112f1d9d87ab6570824af48dc998": ["2", "net.fercanet.LNM.Game"]}, {"b271a011e8bc2c6a2ceef44761b0da7e": ["1", "net.fercanet.LNM.Game"]}, {"b271a011e8bc2c6a2ceef44761b0da7e": ["1", "net.fercanet.LNM.Game"]}, {"b271a011e8bc2c6a2ceef44761b0da7e": ["1", "net.fercanet.LNM.Game"]}, {"b271a011e8bc2c6a2ceef44761b0da7e": ["1", "net.fercanet.LNM.Game"]}, {"469b7ac12b39f588f4060f6b4c070274": ["0", "net.fercanet.LNM.MainMenu"]}, {"9b8fa273ac4daaac5e265714c02295bf": ["3", "net.fercanet.LNM.Hof"]}, {"9b8fa273ac4daaac5e265714c02295bf": ["3", "net.fercanet.LNM.Hof"]}, {"469b7ac12b39f588f4060f6b4c070274": ["0", "net.fercanet.LNM.MainMenu"]}, {"b271a011e8bc2c6a2ceef44761b0da7e": ["1", "net.fercanet.LNM.Game"]}, {"b271a011e8bc2c6a2ceef44761b0da7e": ["1", "net.fercanet.LNM.Game"]}, {"b271a011e8bc2c6a2ceef44761b0da7e": ["1", "net.fercanet.LNM.Game"]}, {"b271a011e8bc2c6a2ceef44761b0da7e": ["1", "net.fercanet.LNM.Game"]}, {"9b8fa273ac4daaac5e265714c02295bf": ["3", "net.fercanet.LNM.Hof"]}, {"469b7ac12b39f588f4060f6b4c070274": ["0", "net.fercanet.LNM.MainMenu"]}, {"469b7ac12b39f588f4060f6b4c070274": ["0", "net.fercanet.LNM.MainMenu"]}, {"b271a011e8bc2c6a2ceef44761b0da7e": ["1", "net.fercanet.LNM.Game"]}, {"b271a011e8bc2c6a2ceef44761b0da7e": ["1", "net.fercanet.LNM.Game"]}, {"b271a011e8bc2c6a2ceef44761b0da7e": ["1", "net.fercanet.LNM.Game"]}, {"0682112f1d9d87ab6570824af48dc998": ["2", "net.fercanet.LNM.Game"]}, {"469b7ac12b39f588f4060f6b4c070274": ["0", "net.fercanet.LNM.MainMenu"]}, {"b271a011e8bc2c6a2ceef44761b0da7e": ["1", "net.fercanet.LNM.Game"]}, {"b271a011e8bc2c6a2ceef44761b0da7e": ["1", "net.fercanet.LNM.Game"]}, {"b271a011e8bc2c6a2ceef44761b0da7e": ["1", "net.fercanet.LNM.Game"]}, {"b271a011e8bc2c6a2ceef44761b0da7e": ["1", "net.fercanet.LNM.Game"]}, {"469b7ac12b39f588f4060f6b4c070274": ["0", "net.fercanet.LNM.MainMenu"]}, {"b271a011e8bc2c6a2ceef44761b0da7e": ["1", "net.fercanet.LNM.Game"]}, {"b271a011e8bc2c6a2ceef44761b0da7e": ["1", "net.fercanet.LNM.Game"]}, {"b271a011e8bc2c6a2ceef44761b0da7e": ["1", "net.fercanet.LNM.Game"]}, {"b271a011e8bc2c6a2ceef44761b0da7e": ["1", "net.fercanet.LNM.Game"]}, {"b271a011e8bc2c6a2ceef44761b0da7e": ["1", "net.fercanet.LNM.Game"]}, {"0682112f1d9d87ab6570824af48dc998": ["2", "net.fercanet.LNM.Game"]}, {"469b7ac12b39f588f4060f6b4c070274": ["0", "net.fercanet.LNM.MainMenu"]}, {"469b7ac12b39f588f4060f6b4c070274": ["0", "net.fercanet.LNM.MainMenu"]}, {"b271a011e8bc2c6a2ceef44761b0da7e": ["1", "net.fercanet.LNM.Game"]}, {"b271a011e8bc2c6a2ceef44761b0da7e": ["1", "net.fercanet.LNM.Game"]}, {"469b7ac12b39f588f4060f6b4c070274": ["0", "net.fercanet.LNM.MainMenu"]}, {"469b7ac12b39f588f4060f6b4c070274": ["0", "net.fercanet.LNM.MainMenu"]}, {"b271a011e8bc2c6a2ceef44761b0da7e": ["1", "net.fercanet.LNM.Game"]}, {"b271a011e8bc2c6a2ceef44761b0da7e": ["1", "net.fercanet.LNM.Game"]}, {"469b7ac12b39f588f4060f6b4c070274": ["0", "net.fercanet.LNM.MainMenu"]}, {"b271a011e8bc2c6a2ceef44761b0da7e": ["1", "net.fercanet.LNM.Game"]}, {"469b7ac12b39f588f4060f6b4c070274": ["0", "net.fercanet.LNM.MainMenu"]}, {"9b8fa273ac4daaac5e265714c02295bf": ["3", "net.fercanet.LNM.Hof"]}, {"469b7ac12b39f588f4060f6b4c070274": ["0", "net.fercanet.LNM.MainMenu"]}, {"469b7ac12b39f588f4060f6b4c070274": ["0", "net.fercanet.LNM.MainMenu"]}, {"469b7ac12b39f588f4060f6b4c070274": ["0", "net.fercanet.LNM.MainMenu"]}, {"b271a011e8bc2c6a2ceef44761b0da7e": ["1", "net.fercanet.LNM.Game"]}, {"b271a011e8bc2c6a2ceef44761b0da7e": ["1", "net.fercanet.LNM.Game"]}, {"b271a011e8bc2c6a2ceef44761b0da7e": ["1", "net.fercanet.LNM.Game"]}, {"b271a011e8bc2c6a2ceef44761b0da7e": ["1", "net.fercanet.LNM.Game"]}, {"b271a011e8bc2c6a2ceef44761b0da7e": ["1", "net.fercanet.LNM.Game"]}, {"469b7ac12b39f588f4060f6b4c070274": ["0", "net.fercanet.LNM.MainMenu"]}, {"469b7ac12b39f588f4060f6b4c070274": ["0", "net.fercanet.LNM.MainMenu"]}, {"b271a011e8bc2c6a2ceef44761b0da7e": ["1", "net.fercanet.LNM.Game"]}, {"b271a011e8bc2c6a2ceef44761b0da7e": ["1", "net.fercanet.LNM.Game"]}, {"469b7ac12b39f588f4060f6b4c070274": ["0", "net.fercanet.LNM.MainMenu"]}, {"469b7ac12b39f588f4060f6b4c070274": ["0", "net.fercanet.LNM.MainMenu"]}, {"b271a011e8bc2c6a2ceef44761b0da7e": ["1", "net.fercanet.LNM.Game"]}, {"b271a011e8bc2c6a2ceef44761b0da7e": ["1", "net.fercanet.LNM.Game"]}, {"b271a011e8bc2c6a2ceef44761b0da7e": ["1", "net.fercanet.LNM.Game"]}, {"b271a011e8bc2c6a2ceef44761b0da7e": ["1", "net.fercanet.LNM.Game"]}, {"b271a011e8bc2c6a2ceef44761b0da7e": ["1", "net.fercanet.LNM.Game"]}, {"b271a011e8bc2c6a2ceef44761b0da7e": ["1", "net.fercanet.LNM.Game"]}, {"469b7ac12b39f588f4060f6b4c070274": ["0", "net.fercanet.LNM.MainMenu"]}, {"9b8fa273ac4daaac5e265714c02295bf": ["3", "net.fercanet.LNM.Hof"]}, {"b271a011e8bc2c6a2ceef44761b0da7e": ["1", "net.fercanet.LNM.Game"]}, {"469b7ac12b39f588f4060f6b4c070274": ["0", "net.fercanet.LNM.MainMenu"]}, {"b271a011e8bc2c6a2ceef44761b0da7e": ["1", "net.fercanet.LNM.Game"]}, {"b271a011e8bc2c6a2ceef44761b0da7e": ["1", "net.fercanet.LNM.Game"]}, {"b271a011e8bc2c6a2ceef44761b0da7e": ["1", "net.fercanet.LNM.Game"]}, {"b271a011e8bc2c6a2ceef44761b0da7e": ["1", "net.fercanet.LNM.Game"]}, {"b271a011e8bc2c6a2ceef44761b0da7e": ["1", "net.fercanet.LNM.Game"]}, {"469b7ac12b39f588f4060f6b4c070274": ["0", "net.fercanet.LNM.MainMenu"]}, {"b271a011e8bc2c6a2ceef44761b0da7e": ["1", "net.fercanet.LNM.Game"]}, {"b271a011e8bc2c6a2ceef44761b0da7e": ["1", "net.fercanet.LNM.Game"]}, {"b271a011e8bc2c6a2ceef44761b0da7e": ["1", "net.fercanet.LNM.Game"]}, {"b271a011e8bc2c6a2ceef44761b0da7e": ["1", "net.fercanet.LNM.Game"]}, {"b271a011e8bc2c6a2ceef44761b0da7e": ["1", "net.fercanet.LNM.Game"]}, {"b271a011e8bc2c6a2ceef44761b0da7e": ["1", "net.fercanet.LNM.Game"]}, {"b271a011e8bc2c6a2ceef44761b0da7e": ["1", "net.fercanet.LNM.Game"]}, {"0682112f1d9d87ab6570824af48dc998": ["2", "net.fercanet.LNM.Game"]}, {"469b7ac12b39f588f4060f6b4c070274": ["0", "net.fercanet.LNM.MainMenu"]}, {"b271a011e8bc2c6a2ceef44761b0da7e": ["1", "net.fercanet.LNM.Game"]}, {"b271a011e8bc2c6a2ceef44761b0da7e": ["1", "net.fercanet.LNM.Game"]}, {"b271a011e8bc2c6a2ceef44761b0da7e": ["1", "net.fercanet.LNM.Game"]}, {"b271a011e8bc2c6a2ceef44761b0da7e": ["1", "net.fercanet.LNM.Game"]}, {"b271a011e8bc2c6a2ceef44761b0da7e": ["1", "net.fercanet.LNM.Game"]}, {"469b7ac12b39f588f4060f6b4c070274": ["0", "net.fercanet.LNM.MainMenu"]}, {"b271a011e8bc2c6a2ceef44761b0da7e": ["1", "net.fercanet.LNM.Game"]}, {"b271a011e8bc2c6a2ceef44761b0da7e": ["1", "net.fercanet.LNM.Game"]}, {"b271a011e8bc2c6a2ceef44761b0da7e": ["1", "net.fercanet.LNM.Game"]}, {"0682112f1d9d87ab6570824af48dc998": ["2", "net.fercanet.LNM.Game"]}, {"469b7ac12b39f588f4060f6b4c070274": ["0", "net.fercanet.LNM.MainMenu"]}, {"b271a011e8bc2c6a2ceef44761b0da7e": ["1", "net.fercanet.LNM.Game"]}, {"b271a011e8bc2c6a2ceef44761b0da7e": ["1", "net.fercanet.LNM.Game"]}, {"b271a011e8bc2c6a2ceef44761b0da7e": ["1", "net.fercanet.LNM.Game"]}, {"469b7ac12b39f588f4060f6b4c070274": ["0", "net.fercanet.LNM.MainMenu"]}, {"9b8fa273ac4daaac5e265714c02295bf": ["3", "net.fercanet.LNM.Hof"]}, {"469b7ac12b39f588f4060f6b4c070274": ["0", "net.fercanet.LNM.MainMenu"]}, {"b271a011e8bc2c6a2ceef44761b0da7e": ["1", "net.fercanet.LNM.Game"]}, {"b271a011e8bc2c6a2ceef44761b0da7e": ["1", "net.fercanet.LNM.Game"]}, {"469b7ac12b39f588f4060f6b4c070274": ["0", "net.fercanet.LNM.MainMenu"]}, {"9b8fa273ac4daaac5e265714c02295bf": ["3", "net.fercanet.LNM.Hof"]}, {"469b7ac12b39f588f4060f6b4c070274": ["0", "net.fercanet.LNM.MainMenu"]}, {"469b7ac12b39f588f4060f6b4c070274": ["0", "net.fercanet.LNM.MainMenu"]}, {"b271a011e8bc2c6a2ceef44761b0da7e": ["1", "net.fercanet.LNM.Game"]}, {"b271a011e8bc2c6a2ceef44761b0da7e": ["1", "net.fercanet.LNM.Game"]}, {"b271a011e8bc2c6a2ceef44761b0da7e": ["1", "net.fercanet.LNM.Game"]}, {"b271a011e8bc2c6a2ceef44761b0da7e": ["1", "net.fercanet.LNM.Game"]}, {"469b7ac12b39f588f4060f6b4c070274": ["0", "net.fercanet.LNM.MainMenu"]}, {"b271a011e8bc2c6a2ceef44761b0da7e": ["1", "net.fercanet.LNM.Game"]}, {"b271a011e8bc2c6a2ceef44761b0da7e": ["1", "net.fercanet.LNM.Game"]}, {"469b7ac12b39f588f4060f6b4c070274": ["0", "net.fercanet.LNM.MainMenu"]}, {"b271a011e8bc2c6a2ceef44761b0da7e": ["1", "net.fercanet.LNM.Game"]}, {"b271a011e8bc2c6a2ceef44761b0da7e": ["1", "net.fercanet.LNM.Game"]}, {"b271a011e8bc2c6a2ceef44761b0da7e": ["1", "net.fercanet.LNM.Game"]}, {"b271a011e8bc2c6a2ceef44761b0da7e": ["1", "net.fercanet.LNM.Game"]}, {"b271a011e8bc2c6a2ceef44761b0da7e": ["1", "net.fercanet.LNM.Game"]}, {"b271a011e8bc2c6a2ceef44761b0da7e": ["1", "net.fercanet.LNM.Game"]}, {"469b7ac12b39f588f4060f6b4c070274": ["0", "net.fercanet.LNM.MainMenu"]}, {"469b7ac12b39f588f4060f6b4c070274": ["0", "net.fercanet.LNM.MainMenu"]}, {"b271a011e8bc2c6a2ceef44761b0da7e": ["1", "net.fercanet.LNM.Game"]}, {"b271a011e8bc2c6a2ceef44761b0da7e": ["1", "net.fercanet.LNM.Game"]}, {"469b7ac12b39f588f4060f6b4c070274": ["0", "net.fercanet.LNM.MainMenu"]}, {"b271a011e8bc2c6a2ceef44761b0da7e": ["1", "net.fercanet.LNM.Game"]}, {"b271a011e8bc2c6a2ceef44761b0da7e": ["1", "net.fercanet.LNM.Game"]}, {"b271a011e8bc2c6a2ceef44761b0da7e": ["1", "net.fercanet.LNM.Game"]}, {"469b7ac12b39f588f4060f6b4c070274": ["0", "net.fercanet.LNM.MainMenu"]}, {"b271a011e8bc2c6a2ceef44761b0da7e": ["1", "net.fercanet.LNM.Game"]}, {"0682112f1d9d87ab6570824af48dc998": ["2", "net.fercanet.LNM.Game"]}, {"469b7ac12b39f588f4060f6b4c070274": ["0", "net.fercanet.LNM.MainMenu"]}, {"9b8fa273ac4daaac5e265714c02295bf": ["3", "net.fercanet.LNM.Hof"]}, {"469b7ac12b39f588f4060f6b4c070274": ["0", "net.fercanet.LNM.MainMenu"]}, {"b271a011e8bc2c6a2ceef44761b0da7e": ["1", "net.fercanet.LNM.Game"]}, {"b271a011e8bc2c6a2ceef44761b0da7e": ["1", "net.fercanet.LNM.Game"]}, {"b271a011e8bc2c6a2ceef44761b0da7e": ["1", "net.fercanet.LNM.Game"]}, {"b271a011e8bc2c6a2ceef44761b0da7e": ["1", "net.fercanet.LNM.Game"]}, {"469b7ac12b39f588f4060f6b4c070274": ["0", "net.fercanet.LNM.MainMenu"]}, {"469b7ac12b39f588f4060f6b4c070274": ["0", "net.fercanet.LNM.MainMenu"]}, {"b271a011e8bc2c6a2ceef44761b0da7e": ["1", "net.fercanet.LNM.Game"]}, {"b271a011e8bc2c6a2ceef44761b0da7e": ["1", "net.fercanet.LNM.Game"]}, {"b271a011e8bc2c6a2ceef44761b0da7e": ["1", "net.fercanet.LNM.Game"]}, {"b271a011e8bc2c6a2ceef44761b0da7e": ["1", "net.fercanet.LNM.Game"]}, {"469b7ac12b39f588f4060f6b4c070274": ["0", "net.fercanet.LNM.MainMenu"]}, {"b271a011e8bc2c6a2ceef44761b0da7e": ["1", "net.fercanet.LNM.Game"]}, {"469b7ac12b39f588f4060f6b4c070274": ["0", "net.fercanet.LNM.MainMenu"]}, {"469b7ac12b39f588f4060f6b4c070274": ["0", "net.fercanet.LNM.MainMenu"]}, {"b271a011e8bc2c6a2ceef44761b0da7e": ["1", "net.fercanet.LNM.Game"]}, {"b271a011e8bc2c6a2ceef44761b0da7e": ["1", "net.fercanet.LNM.Game"]}, {"b271a011e8bc2c6a2ceef44761b0da7e": ["1", "net.fercanet.LNM.Game"]}, {"b271a011e8bc2c6a2ceef44761b0da7e": ["1", "net.fercanet.LNM.Game"]}, {"b271a011e8bc2c6a2ceef44761b0da7e": ["1", "net.fercanet.LNM.Game"]}, {"b271a011e8bc2c6a2ceef44761b0da7e": ["1", "net.fercanet.LNM.Game"]}, {"b271a011e8bc2c6a2ceef44761b0da7e": ["1", "net.fercanet.LNM.Game"]}, {"469b7ac12b39f588f4060f6b4c070274": ["0", "net.fercanet.LNM.MainMenu"]}, {"9b8fa273ac4daaac5e265714c02295bf": ["3", "net.fercanet.LNM.Hof"]}, {"469b7ac12b39f588f4060f6b4c070274": ["0", "net.fercanet.LNM.MainMenu"]}, {"b271a011e8bc2c6a2ceef44761b0da7e": ["1", "net.fercanet.LNM.Game"]}, {"b271a011e8bc2c6a2ceef44761b0da7e": ["1", "net.fercanet.LNM.Game"]}, {"b271a011e8bc2c6a2ceef44761b0da7e": ["1", "net.fercanet.LNM.Game"]}, {"b271a011e8bc2c6a2ceef44761b0da7e": ["1", "net.fercanet.LNM.Game"]}, {"b271a011e8bc2c6a2ceef44761b0da7e": ["1", "net.fercanet.LNM.Game"]}, {"b271a011e8bc2c6a2ceef44761b0da7e": ["1", "net.fercanet.LNM.Game"]}, {"b271a011e8bc2c6a2ceef44761b0da7e": ["1", "net.fercanet.LNM.Game"]}, {"b271a011e8bc2c6a2ceef44761b0da7e": ["1", "net.fercanet.LNM.Game"]}, {"b271a011e8bc2c6a2ceef44761b0da7e": ["1", "net.fercanet.LNM.Game"]}, {"b271a011e8bc2c6a2ceef44761b0da7e": ["1", "net.fercanet.LNM.Game"]}, {"b271a011e8bc2c6a2ceef44761b0da7e": ["1", "net.fercanet.LNM.Game"]}, {"b271a011e8bc2c6a2ceef44761b0da7e": ["1", "net.fercanet.LNM.Game"]}, {"b271a011e8bc2c6a2ceef44761b0da7e": ["1", "net.fercanet.LNM.Game"]}, {"469b7ac12b39f588f4060f6b4c070274": ["0", "net.fercanet.LNM.MainMenu"]}, {"b271a011e8bc2c6a2ceef44761b0da7e": ["1", "net.fercanet.LNM.Game"]}, {"b271a011e8bc2c6a2ceef44761b0da7e": ["1", "net.fercanet.LNM.Game"]}, {"b271a011e8bc2c6a2ceef44761b0da7e": ["1", "net.fercanet.LNM.Game"]}, {"b271a011e8bc2c6a2ceef44761b0da7e": ["1", "net.fercanet.LNM.Game"]}, {"b271a011e8bc2c6a2ceef44761b0da7e": ["1", "net.fercanet.LNM.Game"]}, {"0682112f1d9d87ab6570824af48dc998": ["2", "net.fercanet.LNM.Game"]}, {"469b7ac12b39f588f4060f6b4c070274": ["0", "net.fercanet.LNM.MainMenu"]}, {"469b7ac12b39f588f4060f6b4c070274": ["0", "net.fercanet.LNM.MainMenu"]}, {"b271a011e8bc2c6a2ceef44761b0da7e": ["1", "net.fercanet.LNM.Game"]}, {"b271a011e8bc2c6a2ceef44761b0da7e": ["1", "net.fercanet.LNM.Game"]}, {"469b7ac12b39f588f4060f6b4c070274": ["0", "net.fercanet.LNM.MainMenu"]}, {"b271a011e8bc2c6a2ceef44761b0da7e": ["1", "net.fercanet.LNM.Game"]}, {"b271a011e8bc2c6a2ceef44761b0da7e": ["1", "net.fercanet.LNM.Game"]}, {"b271a011e8bc2c6a2ceef44761b0da7e": ["1", "net.fercanet.LNM.Game"]}, {"b271a011e8bc2c6a2ceef44761b0da7e": ["1", "net.fercanet.LNM.Game"]}, {"b271a011e8bc2c6a2ceef44761b0da7e": ["1", "net.fercanet.LNM.Game"]}, {"b271a011e8bc2c6a2ceef44761b0da7e": ["1", "net.fercanet.LNM.Game"]}, {"b271a011e8bc2c6a2ceef44761b0da7e": ["1", "net.fercanet.LNM.Game"]}, {"b271a011e8bc2c6a2ceef44761b0da7e": ["1", "net.fercanet.LNM.Game"]}, {"b271a011e8bc2c6a2ceef44761b0da7e": ["1", "net.fercanet.LNM.Game"]}, {"b271a011e8bc2c6a2ceef44761b0da7e": ["1", "net.fercanet.LNM.Game"]}, {"469b7ac12b39f588f4060f6b4c070274": ["0", "net.fercanet.LNM.MainMenu"]}, {"b271a011e8bc2c6a2ceef44761b0da7e": ["1", "net.fercanet.LNM.Game"]}, {"469b7ac12b39f588f4060f6b4c070274": ["0", "net.fercanet.LNM.MainMenu"]}, {"b271a011e8bc2c6a2ceef44761b0da7e": ["1", "net.fercanet.LNM.Game"]}, {"469b7ac12b39f588f4060f6b4c070274": ["0", "net.fercanet.LNM.MainMenu"]}, {"b271a011e8bc2c6a2ceef44761b0da7e": ["1", "net.fercanet.LNM.Game"]}, {"b271a011e8bc2c6a2ceef44761b0da7e": ["1", "net.fercanet.LNM.Game"]}, {"b271a011e8bc2c6a2ceef44761b0da7e": ["1", "net.fercanet.LNM.Game"]}, {"b271a011e8bc2c6a2ceef44761b0da7e": ["1", "net.fercanet.LNM.Game"]}, {"b271a011e8bc2c6a2ceef44761b0da7e": ["1", "net.fercanet.LNM.Game"]}, {"469b7ac12b39f588f4060f6b4c070274": ["0", "net.fercanet.LNM.MainMenu"]}, {"b271a011e8bc2c6a2ceef44761b0da7e": ["1", "net.fercanet.LNM.Game"]}, {"b271a011e8bc2c6a2ceef44761b0da7e": ["1", "net.fercanet.LNM.Game"]}, {"469b7ac12b39f588f4060f6b4c070274": ["0", "net.fercanet.LNM.MainMenu"]}, {"b271a011e8bc2c6a2ceef44761b0da7e": ["1", "net.fercanet.LNM.Game"]}, {"b271a011e8bc2c6a2ceef44761b0da7e": ["1", "net.fercanet.LNM.Game"]}, {"b271a011e8bc2c6a2ceef44761b0da7e": ["1", "net.fercanet.LNM.Game"]}, {"b271a011e8bc2c6a2ceef44761b0da7e": ["1", "net.fercanet.LNM.Game"]}, {"b271a011e8bc2c6a2ceef44761b0da7e": ["1", "net.fercanet.LNM.Game"]}, {"b271a011e8bc2c6a2ceef44761b0da7e": ["1", "net.fercanet.LNM.Game"]}, {"b271a011e8bc2c6a2ceef44761b0da7e": ["1", "net.fercanet.LNM.Game"]}, {"469b7ac12b39f588f4060f6b4c070274": ["0", "net.fercanet.LNM.MainMenu"]}, {"b271a011e8bc2c6a2ceef44761b0da7e": ["1", "net.fercanet.LNM.Game"]}, {"b271a011e8bc2c6a2ceef44761b0da7e": ["1", "net.fercanet.LNM.Game"]}, {"b271a011e8bc2c6a2ceef44761b0da7e": ["1", "net.fercanet.LNM.Game"]}, {"0682112f1d9d87ab6570824af48dc998": ["2", "net.fercanet.LNM.Game"]}, {"469b7ac12b39f588f4060f6b4c070274": ["0", "net.fercanet.LNM.MainMenu"]}, {"9b8fa273ac4daaac5e265714c02295bf": ["3", "net.fercanet.LNM.Hof"]}, {"469b7ac12b39f588f4060f6b4c070274": ["0", "net.fercanet.LNM.MainMenu"]}, {"9b8fa273ac4daaac5e265714c02295bf": ["3", "net.fercanet.LNM.Hof"]}, {"469b7ac12b39f588f4060f6b4c070274": ["0", "net.fercanet.LNM.MainMenu"]}, {"b271a011e8bc2c6a2ceef44761b0da7e": ["1", "net.fercanet.LNM.Game"]}, {"b271a011e8bc2c6a2ceef44761b0da7e": ["1", "net.fercanet.LNM.Game"]}, {"469b7ac12b39f588f4060f6b4c070274": ["0", "net.fercanet.LNM.MainMenu"]}, {"9b8fa273ac4daaac5e265714c02295bf": ["3", "net.fercanet.LNM.Hof"]}, {"469b7ac12b39f588f4060f6b4c070274": ["0", "net.fercanet.LNM.MainMenu"]}, {"b271a011e8bc2c6a2ceef44761b0da7e": ["1", "net.fercanet.LNM.Game"]}, {"0682112f1d9d87ab6570824af48dc998": ["2", "net.fercanet.LNM.Game"]}, {"469b7ac12b39f588f4060f6b4c070274": ["0", "net.fercanet.LNM.MainMenu"]}, {"9b8fa273ac4daaac5e265714c02295bf": ["3", "net.fercanet.LNM.Hof"]}, {"b271a011e8bc2c6a2ceef44761b0da7e": ["1", "net.fercanet.LNM.Game"]}, {"469b7ac12b39f588f4060f6b4c070274": ["0", "net.fercanet.LNM.MainMenu"]}, {"f9ea704fb05a99864cd61f8363a184da": ["4", "net.fercanet.LNM.Settings"]}, {"f9ea704fb05a99864cd61f8363a184da": ["4", "net.fercanet.LNM.Settings"]}, {"469b7ac12b39f588f4060f6b4c070274": ["0", "net.fercanet.LNM.MainMenu"]}, {"b271a011e8bc2c6a2ceef44761b0da7e": ["1", "net.fercanet.LNM.Game"]}, {"b271a011e8bc2c6a2ceef44761b0da7e": ["1", "net.fercanet.LNM.Game"]}, {"b271a011e8bc2c6a2ceef44761b0da7e": ["1", "net.fercanet.LNM.Game"]}, {"b271a011e8bc2c6a2ceef44761b0da7e": ["1", "net.fercanet.LNM.Game"]}, {"b271a011e8bc2c6a2ceef44761b0da7e": ["1", "net.fercanet.LNM.Game"]}, {"b271a011e8bc2c6a2ceef44761b0da7e": ["1", "net.fercanet.LNM.Game"]}, {"b271a011e8bc2c6a2ceef44761b0da7e": ["1", "net.fercanet.LNM.Game"]}, {"b271a011e8bc2c6a2ceef44761b0da7e": ["1", "net.fercanet.LNM.Game"]}, {"b271a011e8bc2c6a2ceef44761b0da7e": ["1", "net.fercanet.LNM.Game"]}, {"b271a011e8bc2c6a2ceef44761b0da7e": ["1", "net.fercanet.LNM.Game"]}, {"b271a011e8bc2c6a2ceef44761b0da7e": ["1", "net.fercanet.LNM.Game"]}, {"469b7ac12b39f588f4060f6b4c070274": ["0", "net.fercanet.LNM.MainMenu"]}, {"9b8fa273ac4daaac5e265714c02295bf": ["3", "net.fercanet.LNM.Hof"]}, {"469b7ac12b39f588f4060f6b4c070274": ["0", "net.fercanet.LNM.MainMenu"]}, {"b271a011e8bc2c6a2ceef44761b0da7e": ["1", "net.fercanet.LNM.Game"]}, {"b271a011e8bc2c6a2ceef44761b0da7e": ["1", "net.fercanet.LNM.Game"]}, {"b271a011e8bc2c6a2ceef44761b0da7e": ["1", "net.fercanet.LNM.Game"]}, {"0682112f1d9d87ab6570824af48dc998": ["2", "net.fercanet.LNM.Game"]}, {"469b7ac12b39f588f4060f6b4c070274": ["0", "net.fercanet.LNM.MainMenu"]}, {"b271a011e8bc2c6a2ceef44761b0da7e": ["1", "net.fercanet.LNM.Game"]}, {"b271a011e8bc2c6a2ceef44761b0da7e": ["1", "net.fercanet.LNM.Game"]}, {"b271a011e8bc2c6a2ceef44761b0da7e": ["1", "net.fercanet.LNM.Game"]}, {"469b7ac12b39f588f4060f6b4c070274": ["0", "net.fercanet.LNM.MainMenu"]}, {"9b8fa273ac4daaac5e265714c02295bf": ["3", "net.fercanet.LNM.Hof"]}, {"469b7ac12b39f588f4060f6b4c070274": ["0", "net.fercanet.LNM.MainMenu"]}, {"b271a011e8bc2c6a2ceef44761b0da7e": ["1", "net.fercanet.LNM.Game"]}, {"b271a011e8bc2c6a2ceef44761b0da7e": ["1", "net.fercanet.LNM.Game"]}, {"b271a011e8bc2c6a2ceef44761b0da7e": ["1", "net.fercanet.LNM.Game"]}, {"b271a011e8bc2c6a2ceef44761b0da7e": ["1", "net.fercanet.LNM.Game"]}, {"b271a011e8bc2c6a2ceef44761b0da7e": ["1", "net.fercanet.LNM.Game"]}, {"b271a011e8bc2c6a2ceef44761b0da7e": ["1", "net.fercanet.LNM.Game"]}, {"b271a011e8bc2c6a2ceef44761b0da7e": ["1", "net.fercanet.LNM.Game"]}, {"b271a011e8bc2c6a2ceef44761b0da7e": ["1", "net.fercanet.LNM.Game"]}, {"b271a011e8bc2c6a2ceef44761b0da7e": ["1", "net.fercanet.LNM.Game"]}, {"b271a011e8bc2c6a2ceef44761b0da7e": ["1", "net.fercanet.LNM.Game"]}, {"b271a011e8bc2c6a2ceef44761b0da7e": ["1", "net.fercanet.LNM.Game"]}, {"b271a011e8bc2c6a2ceef44761b0da7e": ["1", "net.fercanet.LNM.Game"]}, {"b271a011e8bc2c6a2ceef44761b0da7e": ["1", "net.fercanet.LNM.Game"]}, {"469b7ac12b39f588f4060f6b4c070274": ["0", "net.fercanet.LNM.MainMenu"]}, {"b271a011e8bc2c6a2ceef44761b0da7e": ["1", "net.fercanet.LNM.Game"]}, {"b271a011e8bc2c6a2ceef44761b0da7e": ["1", "net.fercanet.LNM.Game"]}, {"b271a011e8bc2c6a2ceef44761b0da7e": ["1", "net.fercanet.LNM.Game"]}, {"b271a011e8bc2c6a2ceef44761b0da7e": ["1", "net.fercanet.LNM.Game"]}, {"b271a011e8bc2c6a2ceef44761b0da7e": ["1", "net.fercanet.LNM.Game"]}, {"b271a011e8bc2c6a2ceef44761b0da7e": ["1", "net.fercanet.LNM.Game"]}, {"b271a011e8bc2c6a2ceef44761b0da7e": ["1", "net.fercanet.LNM.Game"]}, {"b271a011e8bc2c6a2ceef44761b0da7e": ["1", "net.fercanet.LNM.Game"]}, {"b271a011e8bc2c6a2ceef44761b0da7e": ["1", "net.fercanet.LNM.Game"]}, {"469b7ac12b39f588f4060f6b4c070274": ["0", "net.fercanet.LNM.MainMenu"]}, {"469b7ac12b39f588f4060f6b4c070274": ["0", "net.fercanet.LNM.MainMenu"]}, {"9b8fa273ac4daaac5e265714c02295bf": ["3", "net.fercanet.LNM.Hof"]}, {"469b7ac12b39f588f4060f6b4c070274": ["0", "net.fercanet.LNM.MainMenu"]}, {"b271a011e8bc2c6a2ceef44761b0da7e": ["1", "net.fercanet.LNM.Game"]}, {"469b7ac12b39f588f4060f6b4c070274": ["0", "net.fercanet.LNM.MainMenu"]}, {"b271a011e8bc2c6a2ceef44761b0da7e": ["1", "net.fercanet.LNM.Game"]}, {"b271a011e8bc2c6a2ceef44761b0da7e": ["1", "net.fercanet.LNM.Game"]}, {"b271a011e8bc2c6a2ceef44761b0da7e": ["1", "net.fercanet.LNM.Game"]}, {"b271a011e8bc2c6a2ceef44761b0da7e": ["1", "net.fercanet.LNM.Game"]}, {"b271a011e8bc2c6a2ceef44761b0da7e": ["1", "net.fercanet.LNM.Game"]}, {"b271a011e8bc2c6a2ceef44761b0da7e": ["1", "net.fercanet.LNM.Game"]}, {"469b7ac12b39f588f4060f6b4c070274": ["0", "net.fercanet.LNM.MainMenu"]}, {"b271a011e8bc2c6a2ceef44761b0da7e": ["1", "net.fercanet.LNM.Game"]}, {"469b7ac12b39f588f4060f6b4c070274": ["0", "net.fercanet.LNM.MainMenu"]}, {"9b8fa273ac4daaac5e265714c02295bf": ["3", "net.fercanet.LNM.Hof"]}, {"469b7ac12b39f588f4060f6b4c070274": ["0", "net.fercanet.LNM.MainMenu"]}, {"b271a011e8bc2c6a2ceef44761b0da7e": ["1", "net.fercanet.LNM.Game"]}, {"b271a011e8bc2c6a2ceef44761b0da7e": ["1", "net.fercanet.LNM.Game"]}, {"b271a011e8bc2c6a2ceef44761b0da7e": ["1", "net.fercanet.LNM.Game"]}, {"b271a011e8bc2c6a2ceef44761b0da7e": ["1", "net.fercanet.LNM.Game"]}, {"b271a011e8bc2c6a2ceef44761b0da7e": ["1", "net.fercanet.LNM.Game"]}, {"b271a011e8bc2c6a2ceef44761b0da7e": ["1", "net.fercanet.LNM.Game"]}, {"b271a011e8bc2c6a2ceef44761b0da7e": ["1", "net.fercanet.LNM.Game"]}, {"b271a011e8bc2c6a2ceef44761b0da7e": ["1", "net.fercanet.LNM.Game"]}, {"b271a011e8bc2c6a2ceef44761b0da7e": ["1", "net.fercanet.LNM.Game"]}, {"b271a011e8bc2c6a2ceef44761b0da7e": ["1", "net.fercanet.LNM.Game"]}, {"b271a011e8bc2c6a2ceef44761b0da7e": ["1", "net.fercanet.LNM.Game"]}, {"b271a011e8bc2c6a2ceef44761b0da7e": ["1", "net.fercanet.LNM.Game"]}, {"b271a011e8bc2c6a2ceef44761b0da7e": ["1", "net.fercanet.LNM.Game"]}, {"b271a011e8bc2c6a2ceef44761b0da7e": ["1", "net.fercanet.LNM.Game"]}, {"b271a011e8bc2c6a2ceef44761b0da7e": ["1", "net.fercanet.LNM.Game"]}, {"469b7ac12b39f588f4060f6b4c070274": ["0", "net.fercanet.LNM.MainMenu"]}, {"b271a011e8bc2c6a2ceef44761b0da7e": ["1", "net.fercanet.LNM.Game"]}, {"b271a011e8bc2c6a2ceef44761b0da7e": ["1", "net.fercanet.LNM.Game"]}, {"b271a011e8bc2c6a2ceef44761b0da7e": ["1", "net.fercanet.LNM.Game"]}, {"469b7ac12b39f588f4060f6b4c070274": ["0", "net.fercanet.LNM.MainMenu"]}, {"b271a011e8bc2c6a2ceef44761b0da7e": ["1", "net.fercanet.LNM.Game"]}, {"b271a011e8bc2c6a2ceef44761b0da7e": ["1", "net.fercanet.LNM.Game"]}, {"b271a011e8bc2c6a2ceef44761b0da7e": ["1", "net.fercanet.LNM.Game"]}, {"469b7ac12b39f588f4060f6b4c070274": ["0", "net.fercanet.LNM.MainMenu"]}, {"9b8fa273ac4daaac5e265714c02295bf": ["3", "net.fercanet.LNM.Hof"]}, {"469b7ac12b39f588f4060f6b4c070274": ["0", "net.fercanet.LNM.MainMenu"]}, {"b271a011e8bc2c6a2ceef44761b0da7e": ["1", "net.fercanet.LNM.Game"]}, {"b271a011e8bc2c6a2ceef44761b0da7e": ["1", "net.fercanet.LNM.Game"]}, {"469b7ac12b39f588f4060f6b4c070274": ["0", "net.fercanet.LNM.MainMenu"]}, {"9b8fa273ac4daaac5e265714c02295bf": ["3", "net.fercanet.LNM.Hof"]}, {"9b8fa273ac4daaac5e265714c02295bf": ["3", "net.fercanet.LNM.Hof"]}, {"469b7ac12b39f588f4060f6b4c070274": ["0", "net.fercanet.LNM.MainMenu"]}, {"b271a011e8bc2c6a2ceef44761b0da7e": ["1", "net.fercanet.LNM.Game"]}, {"469b7ac12b39f588f4060f6b4c070274": ["0", "net.fercanet.LNM.MainMenu"]}, {"b271a011e8bc2c6a2ceef44761b0da7e": ["1", "net.fercanet.LNM.Game"]}, {"b271a011e8bc2c6a2ceef44761b0da7e": ["1", "net.fercanet.LNM.Game"]}, {"b271a011e8bc2c6a2ceef44761b0da7e": ["1", "net.fercanet.LNM.Game"]}, {"b271a011e8bc2c6a2ceef44761b0da7e": ["1", "net.fercanet.LNM.Game"]}, {"b271a011e8bc2c6a2ceef44761b0da7e": ["1", "net.fercanet.LNM.Game"]}, {"b271a011e8bc2c6a2ceef44761b0da7e": ["1", "net.fercanet.LNM.Game"]}, {"b271a011e8bc2c6a2ceef44761b0da7e": ["1", "net.fercanet.LNM.Game"]}, {"b271a011e8bc2c6a2ceef44761b0da7e": ["1", "net.fercanet.LNM.Game"]}, {"469b7ac12b39f588f4060f6b4c070274": ["0", "net.fercanet.LNM.MainMenu"]}, {"469b7ac12b39f588f4060f6b4c070274": ["0", "net.fercanet.LNM.MainMenu"]}, {"469b7ac12b39f588f4060f6b4c070274": ["0", "net.fercanet.LNM.MainMenu"]}, {"469b7ac12b39f588f4060f6b4c070274": ["0", "net.fercanet.LNM.MainMenu"]}, {"b271a011e8bc2c6a2ceef44761b0da7e": ["1", "net.fercanet.LNM.Game"]}, {"b271a011e8bc2c6a2ceef44761b0da7e": ["1", "net.fercanet.LNM.Game"]}, {"b271a011e8bc2c6a2ceef44761b0da7e": ["1", "net.fercanet.LNM.Game"]}, {"b271a011e8bc2c6a2ceef44761b0da7e": ["1", "net.fercanet.LNM.Game"]}, {"b271a011e8bc2c6a2ceef44761b0da7e": ["1", "net.fercanet.LNM.Game"]}, {"b271a011e8bc2c6a2ceef44761b0da7e": ["1", "net.fercanet.LNM.Game"]}, {"b271a011e8bc2c6a2ceef44761b0da7e": ["1", "net.fercanet.LNM.Game"]}, {"b271a011e8bc2c6a2ceef44761b0da7e": ["1", "net.fercanet.LNM.Game"]}, {"b271a011e8bc2c6a2ceef44761b0da7e": ["1", "net.fercanet.LNM.Game"]}, {"b271a011e8bc2c6a2ceef44761b0da7e": ["1", "net.fercanet.LNM.Game"]}, {"469b7ac12b39f588f4060f6b4c070274": ["0", "net.fercanet.LNM.MainMenu"]}, {"b271a011e8bc2c6a2ceef44761b0da7e": ["1", "net.fercanet.LNM.Game"]}, {"b271a011e8bc2c6a2ceef44761b0da7e": ["1", "net.fercanet.LNM.Game"]}, {"b271a011e8bc2c6a2ceef44761b0da7e": ["1", "net.fercanet.LNM.Game"]}, {"b271a011e8bc2c6a2ceef44761b0da7e": ["1", "net.fercanet.LNM.Game"]}, {"b271a011e8bc2c6a2ceef44761b0da7e": ["1", "net.fercanet.LNM.Game"]}, {"b271a011e8bc2c6a2ceef44761b0da7e": ["1", "net.fercanet.LNM.Game"]}, {"b271a011e8bc2c6a2ceef44761b0da7e": ["1", "net.fercanet.LNM.Game"]}, {"b271a011e8bc2c6a2ceef44761b0da7e": ["1", "net.fercanet.LNM.Game"]}, {"b271a011e8bc2c6a2ceef44761b0da7e": ["1", "net.fercanet.LNM.Game"]}, {"0682112f1d9d87ab6570824af48dc998": ["2", "net.fercanet.LNM.Game"]}, {"469b7ac12b39f588f4060f6b4c070274": ["0", "net.fercanet.LNM.MainMenu"]}, {"9b8fa273ac4daaac5e265714c02295bf": ["3", "net.fercanet.LNM.Hof"]}, {"469b7ac12b39f588f4060f6b4c070274": ["0", "net.fercanet.LNM.MainMenu"]}, {"b271a011e8bc2c6a2ceef44761b0da7e": ["1", "net.fercanet.LNM.Game"]}, {"b271a011e8bc2c6a2ceef44761b0da7e": ["1", "net.fercanet.LNM.Game"]}, {"b271a011e8bc2c6a2ceef44761b0da7e": ["1", "net.fercanet.LNM.Game"]}, {"b271a011e8bc2c6a2ceef44761b0da7e": ["1", "net.fercanet.LNM.Game"]}, {"b271a011e8bc2c6a2ceef44761b0da7e": ["1", "net.fercanet.LNM.Game"]}, {"b271a011e8bc2c6a2ceef44761b0da7e": ["1", "net.fercanet.LNM.Game"]}, {"469b7ac12b39f588f4060f6b4c070274": ["0", "net.fercanet.LNM.MainMenu"]}, {"9b8fa273ac4daaac5e265714c02295bf": ["3", "net.fercanet.LNM.Hof"]}, {"469b7ac12b39f588f4060f6b4c070274": ["0", "net.fercanet.LNM.MainMenu"]}, {"469b7ac12b39f588f4060f6b4c070274": ["0", "net.fercanet.LNM.MainMenu"]}, {"b271a011e8bc2c6a2ceef44761b0da7e": ["1", "net.fercanet.LNM.Game"]}, {"b271a011e8bc2c6a2ceef44761b0da7e": ["1", "net.fercanet.LNM.Game"]}, {"b271a011e8bc2c6a2ceef44761b0da7e": ["1", "net.fercanet.LNM.Game"]}, {"b271a011e8bc2c6a2ceef44761b0da7e": ["1", "net.fercanet.LNM.Game"]}, {"b271a011e8bc2c6a2ceef44761b0da7e": ["1", "net.fercanet.LNM.Game"]}, {"b271a011e8bc2c6a2ceef44761b0da7e": ["1", "net.fercanet.LNM.Game"]}, {"b271a011e8bc2c6a2ceef44761b0da7e": ["1", "net.fercanet.LNM.Game"]}, {"b271a011e8bc2c6a2ceef44761b0da7e": ["1", "net.fercanet.LNM.Game"]}, {"b271a011e8bc2c6a2ceef44761b0da7e": ["1", "net.fercanet.LNM.Game"]}, {"469b7ac12b39f588f4060f6b4c070274": ["0", "net.fercanet.LNM.MainMenu"]}, {"b271a011e8bc2c6a2ceef44761b0da7e": ["1", "net.fercanet.LNM.Game"]}, {"469b7ac12b39f588f4060f6b4c070274": ["0", "net.fercanet.LNM.MainMenu"]}, {"b271a011e8bc2c6a2ceef44761b0da7e": ["1", "net.fercanet.LNM.Game"]}, {"b271a011e8bc2c6a2ceef44761b0da7e": ["1", "net.fercanet.LNM.Game"]}, {"b271a011e8bc2c6a2ceef44761b0da7e": ["1", "net.fercanet.LNM.Game"]}, {"b271a011e8bc2c6a2ceef44761b0da7e": ["1", "net.fercanet.LNM.Game"]}, {"b271a011e8bc2c6a2ceef44761b0da7e": ["1", "net.fercanet.LNM.Game"]}, {"b271a011e8bc2c6a2ceef44761b0da7e": ["1", "net.fercanet.LNM.Game"]}, {"b271a011e8bc2c6a2ceef44761b0da7e": ["1", "net.fercanet.LNM.Game"]}, {"b271a011e8bc2c6a2ceef44761b0da7e": ["1", "net.fercanet.LNM.Game"]}, {"b271a011e8bc2c6a2ceef44761b0da7e": ["1", "net.fercanet.LNM.Game"]}, {"b271a011e8bc2c6a2ceef44761b0da7e": ["1", "net.fercanet.LNM.Game"]}, {"b271a011e8bc2c6a2ceef44761b0da7e": ["1", "net.fercanet.LNM.Game"]}, {"b271a011e8bc2c6a2ceef44761b0da7e": ["1", "net.fercanet.LNM.Game"]}, {"b271a011e8bc2c6a2ceef44761b0da7e": ["1", "net.fercanet.LNM.Game"]}, {"469b7ac12b39f588f4060f6b4c070274": ["0", "net.fercanet.LNM.MainMenu"]}, {"b271a011e8bc2c6a2ceef44761b0da7e": ["1", "net.fercanet.LNM.Game"]}, {"b271a011e8bc2c6a2ceef44761b0da7e": ["1", "net.fercanet.LNM.Game"]}, {"469b7ac12b39f588f4060f6b4c070274": ["0", "net.fercanet.LNM.MainMenu"]}, {"b271a011e8bc2c6a2ceef44761b0da7e": ["1", "net.fercanet.LNM.Game"]}, {"b271a011e8bc2c6a2ceef44761b0da7e": ["1", "net.fercanet.LNM.Game"]}, {"b271a011e8bc2c6a2ceef44761b0da7e": ["1", "net.fercanet.LNM.Game"]}, {"b271a011e8bc2c6a2ceef44761b0da7e": ["1", "net.fercanet.LNM.Game"]}, {"469b7ac12b39f588f4060f6b4c070274": ["0", "net.fercanet.LNM.MainMenu"]}, {"9b8fa273ac4daaac5e265714c02295bf": ["3", "net.fercanet.LNM.Hof"]}, {"469b7ac12b39f588f4060f6b4c070274": ["0", "net.fercanet.LNM.MainMenu"]}, {"469b7ac12b39f588f4060f6b4c070274": ["0", "net.fercanet.LNM.MainMenu"]}, {"b271a011e8bc2c6a2ceef44761b0da7e": ["1", "net.fercanet.LNM.Game"]}, {"b271a011e8bc2c6a2ceef44761b0da7e": ["1", "net.fercanet.LNM.Game"]}, {"b271a011e8bc2c6a2ceef44761b0da7e": ["1", "net.fercanet.LNM.Game"]}, {"b271a011e8bc2c6a2ceef44761b0da7e": ["1", "net.fercanet.LNM.Game"]}, {"b271a011e8bc2c6a2ceef44761b0da7e": ["1", "net.fercanet.LNM.Game"]}, {"b271a011e8bc2c6a2ceef44761b0da7e": ["1", "net.fercanet.LNM.Game"]}, {"469b7ac12b39f588f4060f6b4c070274": ["0", "net.fercanet.LNM.MainMenu"]}, {"469b7ac12b39f588f4060f6b4c070274": ["0", "net.fercanet.LNM.MainMenu"]}, {"469b7ac12b39f588f4060f6b4c070274": ["0", "net.fercanet.LNM.MainMenu"]}, {"b271a011e8bc2c6a2ceef44761b0da7e": ["1", "net.fercanet.LNM.Game"]}, {"b271a011e8bc2c6a2ceef44761b0da7e": ["1", "net.fercanet.LNM.Game"]}, {"469b7ac12b39f588f4060f6b4c070274": ["0", "net.fercanet.LNM.MainMenu"]}, {"b271a011e8bc2c6a2ceef44761b0da7e": ["1", "net.fercanet.LNM.Game"]}, {"469b7ac12b39f588f4060f6b4c070274": ["0", "net.fercanet.LNM.MainMenu"]}, {"b271a011e8bc2c6a2ceef44761b0da7e": ["1", "net.fercanet.LNM.Game"]}, {"469b7ac12b39f588f4060f6b4c070274": ["0", "net.fercanet.LNM.MainMenu"]}, {"469b7ac12b39f588f4060f6b4c070274": ["0", "net.fercanet.LNM.MainMenu"]}, {"b271a011e8bc2c6a2ceef44761b0da7e": ["1", "net.fercanet.LNM.Game"]}, {"b271a011e8bc2c6a2ceef44761b0da7e": ["1", "net.fercanet.LNM.Game"]}, {"b271a011e8bc2c6a2ceef44761b0da7e": ["1", "net.fercanet.LNM.Game"]}, {"b271a011e8bc2c6a2ceef44761b0da7e": ["1", "net.fercanet.LNM.Game"]}, {"b271a011e8bc2c6a2ceef44761b0da7e": ["1", "net.fercanet.LNM.Game"]}, {"469b7ac12b39f588f4060f6b4c070274": ["0", "net.fercanet.LNM.MainMenu"]}, {"b271a011e8bc2c6a2ceef44761b0da7e": ["1", "net.fercanet.LNM.Game"]}, {"b271a011e8bc2c6a2ceef44761b0da7e": ["1", "net.fercanet.LNM.Game"]}, {"b271a011e8bc2c6a2ceef44761b0da7e": ["1", "net.fercanet.LNM.Game"]}, {"469b7ac12b39f588f4060f6b4c070274": ["0", "net.fercanet.LNM.MainMenu"]}, {"b271a011e8bc2c6a2ceef44761b0da7e": ["1", "net.fercanet.LNM.Game"]}, {"b271a011e8bc2c6a2ceef44761b0da7e": ["1", "net.fercanet.LNM.Game"]}, {"b271a011e8bc2c6a2ceef44761b0da7e": ["1", "net.fercanet.LNM.Game"]}, {"b271a011e8bc2c6a2ceef44761b0da7e": ["1", "net.fercanet.LNM.Game"]}, {"b271a011e8bc2c6a2ceef44761b0da7e": ["1", "net.fercanet.LNM.Game"]}, {"b271a011e8bc2c6a2ceef44761b0da7e": ["1", "net.fercanet.LNM.Game"]}, {"b271a011e8bc2c6a2ceef44761b0da7e": ["1", "net.fercanet.LNM.Game"]}, {"b271a011e8bc2c6a2ceef44761b0da7e": ["1", "net.fercanet.LNM.Game"]}, {"b271a011e8bc2c6a2ceef44761b0da7e": ["1", "net.fercanet.LNM.Game"]}, {"b271a011e8bc2c6a2ceef44761b0da7e": ["1", "net.fercanet.LNM.Game"]}, {"b271a011e8bc2c6a2ceef44761b0da7e": ["1", "net.fercanet.LNM.Game"]}, {"469b7ac12b39f588f4060f6b4c070274": ["0", "net.fercanet.LNM.MainMenu"]}, {"b271a011e8bc2c6a2ceef44761b0da7e": ["1", "net.fercanet.LNM.Game"]}, {"b271a011e8bc2c6a2ceef44761b0da7e": ["1", "net.fercanet.LNM.Game"]}, {"b271a011e8bc2c6a2ceef44761b0da7e": ["1", "net.fercanet.LNM.Game"]}, {"b271a011e8bc2c6a2ceef44761b0da7e": ["1", "net.fercanet.LNM.Game"]}, {"b271a011e8bc2c6a2ceef44761b0da7e": ["1", "net.fercanet.LNM.Game"]}, {"b271a011e8bc2c6a2ceef44761b0da7e": ["1", "net.fercanet.LNM.Game"]}, {"b271a011e8bc2c6a2ceef44761b0da7e": ["1", "net.fercanet.LNM.Game"]}, {"469b7ac12b39f588f4060f6b4c070274": ["0", "net.fercanet.LNM.MainMenu"]}, {"b271a011e8bc2c6a2ceef44761b0da7e": ["1", "net.fercanet.LNM.Game"]}, {"b271a011e8bc2c6a2ceef44761b0da7e": ["1", "net.fercanet.LNM.Game"]}, {"b271a011e8bc2c6a2ceef44761b0da7e": ["1", "net.fercanet.LNM.Game"]}, {"0682112f1d9d87ab6570824af48dc998": ["2", "net.fercanet.LNM.Game"]}, {"469b7ac12b39f588f4060f6b4c070274": ["0", "net.fercanet.LNM.MainMenu"]}, {"469b7ac12b39f588f4060f6b4c070274": ["0", "net.fercanet.LNM.MainMenu"]}, {"b271a011e8bc2c6a2ceef44761b0da7e": ["1", "net.fercanet.LNM.Game"]}, {"469b7ac12b39f588f4060f6b4c070274": ["0", "net.fercanet.LNM.MainMenu"]}, {"b271a011e8bc2c6a2ceef44761b0da7e": ["1", "net.fercanet.LNM.Game"]}, {"b271a011e8bc2c6a2ceef44761b0da7e": ["1", "net.fercanet.LNM.Game"]}, {"b271a011e8bc2c6a2ceef44761b0da7e": ["1", "net.fercanet.LNM.Game"]}, {"b271a011e8bc2c6a2ceef44761b0da7e": ["1", "net.fercanet.LNM.Game"]}, {"b271a011e8bc2c6a2ceef44761b0da7e": ["1", "net.fercanet.LNM.Game"]}, {"b271a011e8bc2c6a2ceef44761b0da7e": ["1", "net.fercanet.LNM.Game"]}, {"b271a011e8bc2c6a2ceef44761b0da7e": ["1", "net.fercanet.LNM.Game"]}, {"b271a011e8bc2c6a2ceef44761b0da7e": ["1", "net.fercanet.LNM.Game"]}, {"469b7ac12b39f588f4060f6b4c070274": ["0", "net.fercanet.LNM.MainMenu"]}, {"469b7ac12b39f588f4060f6b4c070274": ["0", "net.fercanet.LNM.MainMenu"]}, {"b271a011e8bc2c6a2ceef44761b0da7e": ["1", "net.fercanet.LNM.Game"]}, {"b271a011e8bc2c6a2ceef44761b0da7e": ["1", "net.fercanet.LNM.Game"]}, {"b271a011e8bc2c6a2ceef44761b0da7e": ["1", "net.fercanet.LNM.Game"]}, {"b271a011e8bc2c6a2ceef44761b0da7e": ["1", "net.fercanet.LNM.Game"]}, {"b271a011e8bc2c6a2ceef44761b0da7e": ["1", "net.fercanet.LNM.Game"]}, {"b271a011e8bc2c6a2ceef44761b0da7e": ["1", "net.fercanet.LNM.Game"]}, {"b271a011e8bc2c6a2ceef44761b0da7e": ["1", "net.fercanet.LNM.Game"]}, {"469b7ac12b39f588f4060f6b4c070274": ["0", "net.fercanet.LNM.MainMenu"]}, {"b271a011e8bc2c6a2ceef44761b0da7e": ["1", "net.fercanet.LNM.Game"]}, {"0682112f1d9d87ab6570824af48dc998": ["2", "net.fercanet.LNM.Game"]}, {"469b7ac12b39f588f4060f6b4c070274": ["0", "net.fercanet.LNM.MainMenu"]}, {"9b8fa273ac4daaac5e265714c02295bf": ["3", "net.fercanet.LNM.Hof"]}, {"469b7ac12b39f588f4060f6b4c070274": ["0", "net.fercanet.LNM.MainMenu"]}, {"469b7ac12b39f588f4060f6b4c070274": ["0", "net.fercanet.LNM.MainMenu"]}, {"b271a011e8bc2c6a2ceef44761b0da7e": ["1", "net.fercanet.LNM.Game"]}, {"b271a011e8bc2c6a2ceef44761b0da7e": ["1", "net.fercanet.LNM.Game"]}, {"b271a011e8bc2c6a2ceef44761b0da7e": ["1", "net.fercanet.LNM.Game"]}, {"b271a011e8bc2c6a2ceef44761b0da7e": ["1", "net.fercanet.LNM.Game"]}, {"469b7ac12b39f588f4060f6b4c070274": ["0", "net.fercanet.LNM.MainMenu"]}, {"9b8fa273ac4daaac5e265714c02295bf": ["3", "net.fercanet.LNM.Hof"]}, {"469b7ac12b39f588f4060f6b4c070274": ["0", "net.fercanet.LNM.MainMenu"]}, {"469b7ac12b39f588f4060f6b4c070274": ["0", "net.fercanet.LNM.MainMenu"]}, {"9b8fa273ac4daaac5e265714c02295bf": ["3", "net.fercanet.LNM.Hof"]}, {"469b7ac12b39f588f4060f6b4c070274": ["0", "net.fercanet.LNM.MainMenu"]}, {"9b8fa273ac4daaac5e265714c02295bf": ["3", "net.fercanet.LNM.Hof"]}, {"469b7ac12b39f588f4060f6b4c070274": ["0", "net.fercanet.LNM.MainMenu"]}, {"b271a011e8bc2c6a2ceef44761b0da7e": ["1", "net.fercanet.LNM.Game"]}, {"b271a011e8bc2c6a2ceef44761b0da7e": ["1", "net.fercanet.LNM.Game"]}, {"f9ea704fb05a99864cd61f8363a184da": ["4", "net.fercanet.LNM.Settings"]}, {"bfdf1482ec19ef9f86ca5d7a7b2e6adc": ["8", "net.fercanet.LNM.Settings"]}, {"f9ea704fb05a99864cd61f8363a184da": ["4", "net.fercanet.LNM.Settings"]}, {"f9ea704fb05a99864cd61f8363a184da": ["4", "net.fercanet.LNM.Settings"]}, {"f9ea704fb05a99864cd61f8363a184da": ["4", "net.fercanet.LNM.Settings"]}, {"f9ea704fb05a99864cd61f8363a184da": ["4", "net.fercanet.LNM.Settings"]}, {"469b7ac12b39f588f4060f6b4c070274": ["0", "net.fercanet.LNM.MainMenu"]}, {"469b7ac12b39f588f4060f6b4c070274": ["0", "net.fercanet.LNM.MainMenu"]}, {"b271a011e8bc2c6a2ceef44761b0da7e": ["1", "net.fercanet.LNM.Game"]}, {"b271a011e8bc2c6a2ceef44761b0da7e": ["1", "net.fercanet.LNM.Game"]}, {"b271a011e8bc2c6a2ceef44761b0da7e": ["1", "net.fercanet.LNM.Game"]}, {"b271a011e8bc2c6a2ceef44761b0da7e": ["1", "net.fercanet.LNM.Game"]}, {"b271a011e8bc2c6a2ceef44761b0da7e": ["1", "net.fercanet.LNM.Game"]}, {"469b7ac12b39f588f4060f6b4c070274": ["0", "net.fercanet.LNM.MainMenu"]}, {"9b8fa273ac4daaac5e265714c02295bf": ["3", "net.fercanet.LNM.Hof"]}, {"b271a011e8bc2c6a2ceef44761b0da7e": ["1", "net.fercanet.LNM.Game"]}, {"b271a011e8bc2c6a2ceef44761b0da7e": ["1", "net.fercanet.LNM.Game"]}, {"b271a011e8bc2c6a2ceef44761b0da7e": ["1", "net.fercanet.LNM.Game"]}, {"b271a011e8bc2c6a2ceef44761b0da7e": ["1", "net.fercanet.LNM.Game"]}, {"b271a011e8bc2c6a2ceef44761b0da7e": ["1", "net.fercanet.LNM.Game"]}, {"469b7ac12b39f588f4060f6b4c070274": ["0", "net.fercanet.LNM.MainMenu"]}, {"b271a011e8bc2c6a2ceef44761b0da7e": ["1", "net.fercanet.LNM.Game"]}, {"b271a011e8bc2c6a2ceef44761b0da7e": ["1", "net.fercanet.LNM.Game"]}, {"b271a011e8bc2c6a2ceef44761b0da7e": ["1", "net.fercanet.LNM.Game"]}, {"b271a011e8bc2c6a2ceef44761b0da7e": ["1", "net.fercanet.LNM.Game"]}, {"469b7ac12b39f588f4060f6b4c070274": ["0", "net.fercanet.LNM.MainMenu"]}, {"b271a011e8bc2c6a2ceef44761b0da7e": ["1", "net.fercanet.LNM.Game"]}, {"b271a011e8bc2c6a2ceef44761b0da7e": ["1", "net.fercanet.LNM.Game"]}, {"b271a011e8bc2c6a2ceef44761b0da7e": ["1", "net.fercanet.LNM.Game"]}, {"b271a011e8bc2c6a2ceef44761b0da7e": ["1", "net.fercanet.LNM.Game"]}, {"b271a011e8bc2c6a2ceef44761b0da7e": ["1", "net.fercanet.LNM.Game"]}, {"469b7ac12b39f588f4060f6b4c070274": ["0", "net.fercanet.LNM.MainMenu"]}, {"b271a011e8bc2c6a2ceef44761b0da7e": ["1", "net.fercanet.LNM.Game"]}, {"469b7ac12b39f588f4060f6b4c070274": ["0", "net.fercanet.LNM.MainMenu"]}, {"b271a011e8bc2c6a2ceef44761b0da7e": ["1", "net.fercanet.LNM.Game"]}, {"b271a011e8bc2c6a2ceef44761b0da7e": ["1", "net.fercanet.LNM.Game"]}, {"469b7ac12b39f588f4060f6b4c070274": ["0", "net.fercanet.LNM.MainMenu"]}, {"9b8fa273ac4daaac5e265714c02295bf": ["3", "net.fercanet.LNM.Hof"]}, {"469b7ac12b39f588f4060f6b4c070274": ["0", "net.fercanet.LNM.MainMenu"]}, {"b271a011e8bc2c6a2ceef44761b0da7e": ["1", "net.fercanet.LNM.Game"]}, {"469b7ac12b39f588f4060f6b4c070274": ["0", "net.fercanet.LNM.MainMenu"]}, {"b271a011e8bc2c6a2ceef44761b0da7e": ["1", "net.fercanet.LNM.Game"]}, {"b271a011e8bc2c6a2ceef44761b0da7e": ["1", "net.fercanet.LNM.Game"]}, {"b271a011e8bc2c6a2ceef44761b0da7e": ["1", "net.fercanet.LNM.Game"]}, {"469b7ac12b39f588f4060f6b4c070274": ["0", "net.fercanet.LNM.MainMenu"]}, {"9b8fa273ac4daaac5e265714c02295bf": ["3", "net.fercanet.LNM.Hof"]}, {"469b7ac12b39f588f4060f6b4c070274": ["0", "net.fercanet.LNM.MainMenu"]}, {"9b8fa273ac4daaac5e265714c02295bf": ["3", "net.fercanet.LNM.Hof"]}, {"469b7ac12b39f588f4060f6b4c070274": ["0", "net.fercanet.LNM.MainMenu"]}, {"469b7ac12b39f588f4060f6b4c070274": ["0", "net.fercanet.LNM.MainMenu"]}, {"b271a011e8bc2c6a2ceef44761b0da7e": ["1", "net.fercanet.LNM.Game"]}, {"0682112f1d9d87ab6570824af48dc998": ["2", "net.fercanet.LNM.Game"]}, {"469b7ac12b39f588f4060f6b4c070274": ["0", "net.fercanet.LNM.MainMenu"]}, {"469b7ac12b39f588f4060f6b4c070274": ["0", "net.fercanet.LNM.MainMenu"]}, {"b271a011e8bc2c6a2ceef44761b0da7e": ["1", "net.fercanet.LNM.Game"]}, {"b271a011e8bc2c6a2ceef44761b0da7e": ["1", "net.fercanet.LNM.Game"]}, {"469b7ac12b39f588f4060f6b4c070274": ["0", "net.fercanet.LNM.MainMenu"]}, {"b271a011e8bc2c6a2ceef44761b0da7e": ["1", "net.fercanet.LNM.Game"]}, {"b271a011e8bc2c6a2ceef44761b0da7e": ["1", "net.fercanet.LNM.Game"]}, {"b271a011e8bc2c6a2ceef44761b0da7e": ["1", "net.fercanet.LNM.Game"]}, {"b271a011e8bc2c6a2ceef44761b0da7e": ["1", "net.fercanet.LNM.Game"]}, {"b271a011e8bc2c6a2ceef44761b0da7e": ["1", "net.fercanet.LNM.Game"]}, {"b271a011e8bc2c6a2ceef44761b0da7e": ["1", "net.fercanet.LNM.Game"]}, {"0682112f1d9d87ab6570824af48dc998": ["2", "net.fercanet.LNM.Game"]}, {"469b7ac12b39f588f4060f6b4c070274": ["0", "net.fercanet.LNM.MainMenu"]}, {"b271a011e8bc2c6a2ceef44761b0da7e": ["1", "net.fercanet.LNM.Game"]}, {"b271a011e8bc2c6a2ceef44761b0da7e": ["1", "net.fercanet.LNM.Game"]}, {"b271a011e8bc2c6a2ceef44761b0da7e": ["1", "net.fercanet.LNM.Game"]}, {"469b7ac12b39f588f4060f6b4c070274": ["0", "net.fercanet.LNM.MainMenu"]}, {"b271a011e8bc2c6a2ceef44761b0da7e": ["1", "net.fercanet.LNM.Game"]}, {"b271a011e8bc2c6a2ceef44761b0da7e": ["1", "net.fercanet.LNM.Game"]}, {"b271a011e8bc2c6a2ceef44761b0da7e": ["1", "net.fercanet.LNM.Game"]}, {"b271a011e8bc2c6a2ceef44761b0da7e": ["1", "net.fercanet.LNM.Game"]}, {"0682112f1d9d87ab6570824af48dc998": ["2", "net.fercanet.LNM.Game"]}, {"469b7ac12b39f588f4060f6b4c070274": ["0", "net.fercanet.LNM.MainMenu"]}, {"9b8fa273ac4daaac5e265714c02295bf": ["3", "net.fercanet.LNM.Hof"]}, {"469b7ac12b39f588f4060f6b4c070274": ["0", "net.fercanet.LNM.MainMenu"]}, {"469b7ac12b39f588f4060f6b4c070274": ["0", "net.fercanet.LNM.MainMenu"]}, {"b271a011e8bc2c6a2ceef44761b0da7e": ["1", "net.fercanet.LNM.Game"]}, {"b271a011e8bc2c6a2ceef44761b0da7e": ["1", "net.fercanet.LNM.Game"]}, {"b271a011e8bc2c6a2ceef44761b0da7e": ["1", "net.fercanet.LNM.Game"]}]