[{"c6b7cbe60c492c5245a2f36120682b72": ["0", "org.jfedor.frozenbubble.FrozenBubble"]}, {"c6b7cbe60c492c5245a2f36120682b72": ["0", "org.jfedor.frozenbubble.FrozenBubble"]}, {"c6b7cbe60c492c5245a2f36120682b72": ["0", "org.jfedor.frozenbubble.FrozenBubble"]}, {"c6b7cbe60c492c5245a2f36120682b72": ["0", "org.jfedor.frozenbubble.FrozenBubble"]}, {"c6b7cbe60c492c5245a2f36120682b72": ["0", "org.jfedor.frozenbubble.FrozenBubble"]}, {"ecf14c3192a354723c701701579ef4c7": ["1", "org.jfedor.frozenbubble.FrozenBubble"]}, {"c6b7cbe60c492c5245a2f36120682b72": ["0", "org.jfedor.frozenbubble.FrozenBubble"]}, {"c6b7cbe60c492c5245a2f36120682b72": ["0", "org.jfedor.frozenbubble.FrozenBubble"]}, {"ecf14c3192a354723c701701579ef4c7": ["1", "org.jfedor.frozenbubble.FrozenBubble"]}, {"c6b7cbe60c492c5245a2f36120682b72": ["0", "org.jfedor.frozenbubble.FrozenBubble"]}, {"c6b7cbe60c492c5245a2f36120682b72": ["0", "org.jfedor.frozenbubble.FrozenBubble"]}, {"c6b7cbe60c492c5245a2f36120682b72": ["0", "org.jfedor.frozenbubble.FrozenBubble"]}]