[{"7c89547e629cd7a43e3182e1cdfb1d4b": ["2", "org.scoutant.blokish.Settings"]}, {"7c89547e629cd7a43e3182e1cdfb1d4b": ["2", "org.scoutant.blokish.Settings"]}, {"7c89547e629cd7a43e3182e1cdfb1d4b": ["2", "org.scoutant.blokish.Settings"]}, {"7c89547e629cd7a43e3182e1cdfb1d4b": ["2", "org.scoutant.blokish.Settings"]}, {"7c89547e629cd7a43e3182e1cdfb1d4b": ["2", "org.scoutant.blokish.Settings"]}, {"f3fe1ec362205040297a21521f9aa17e": ["0", "org.scoutant.blokish.UI"]}, {"f3fe1ec362205040297a21521f9aa17e": ["0", "org.scoutant.blokish.UI"]}, {"f3fe1ec362205040297a21521f9aa17e": ["0", "org.scoutant.blokish.UI"]}, {"f3fe1ec362205040297a21521f9aa17e": ["0", "org.scoutant.blokish.UI"]}, {"f3fe1ec362205040297a21521f9aa17e": ["0", "org.scoutant.blokish.UI"]}, {"f3fe1ec362205040297a21521f9aa17e": ["0", "org.scoutant.blokish.UI"]}, {"f3fe1ec362205040297a21521f9aa17e": ["0", "org.scoutant.blokish.UI"]}, {"f3fe1ec362205040297a21521f9aa17e": ["0", "org.scoutant.blokish.UI"]}, {"f3fe1ec362205040297a21521f9aa17e": ["0", "org.scoutant.blokish.UI"]}, {"f3fe1ec362205040297a21521f9aa17e": ["0", "org.scoutant.blokish.UI"]}, {"7c89547e629cd7a43e3182e1cdfb1d4b": ["2", "org.scoutant.blokish.Settings"]}, {"7c89547e629cd7a43e3182e1cdfb1d4b": ["2", "org.scoutant.blokish.Settings"]}, {"7c89547e629cd7a43e3182e1cdfb1d4b": ["2", "org.scoutant.blokish.Settings"]}, {"7c89547e629cd7a43e3182e1cdfb1d4b": ["2", "org.scoutant.blokish.Settings"]}, {"7c89547e629cd7a43e3182e1cdfb1d4b": ["2", "org.scoutant.blokish.Settings"]}, {"7c89547e629cd7a43e3182e1cdfb1d4b": ["2", "org.scoutant.blokish.Settings"]}, {"7c89547e629cd7a43e3182e1cdfb1d4b": ["2", "org.scoutant.blokish.Settings"]}, {"7c89547e629cd7a43e3182e1cdfb1d4b": ["2", "org.scoutant.blokish.Settings"]}, {"7c89547e629cd7a43e3182e1cdfb1d4b": ["2", "org.scoutant.blokish.Settings"]}, {"7c89547e629cd7a43e3182e1cdfb1d4b": ["2", "org.scoutant.blokish.Settings"]}, {"7c89547e629cd7a43e3182e1cdfb1d4b": ["2", "org.scoutant.blokish.Settings"]}, {"12b186fafb4ce3d20412ff75624ce696": ["3", "org.scoutant.blokish.Settings"]}, {"7c89547e629cd7a43e3182e1cdfb1d4b": ["2", "org.scoutant.blokish.Settings"]}, {"7c89547e629cd7a43e3182e1cdfb1d4b": ["2", "org.scoutant.blokish.Settings"]}, {"7c89547e629cd7a43e3182e1cdfb1d4b": ["2", "org.scoutant.blokish.Settings"]}, {"7c89547e629cd7a43e3182e1cdfb1d4b": ["2", "org.scoutant.blokish.Settings"]}, {"7c89547e629cd7a43e3182e1cdfb1d4b": ["2", "org.scoutant.blokish.Settings"]}, {"7c89547e629cd7a43e3182e1cdfb1d4b": ["2", "org.scoutant.blokish.Settings"]}, {"7c89547e629cd7a43e3182e1cdfb1d4b": ["2", "org.scoutant.blokish.Settings"]}, {"7c89547e629cd7a43e3182e1cdfb1d4b": ["2", "org.scoutant.blokish.Settings"]}, {"7c89547e629cd7a43e3182e1cdfb1d4b": ["2", "org.scoutant.blokish.Settings"]}, {"12b186fafb4ce3d20412ff75624ce696": ["3", "org.scoutant.blokish.Settings"]}, {"7c89547e629cd7a43e3182e1cdfb1d4b": ["2", "org.scoutant.blokish.Settings"]}, {"12b186fafb4ce3d20412ff75624ce696": ["3", "org.scoutant.blokish.Settings"]}, {"7c89547e629cd7a43e3182e1cdfb1d4b": ["2", "org.scoutant.blokish.Settings"]}, {"7c89547e629cd7a43e3182e1cdfb1d4b": ["2", "org.scoutant.blokish.Settings"]}, {"7c89547e629cd7a43e3182e1cdfb1d4b": ["2", "org.scoutant.blokish.Settings"]}, {"12b186fafb4ce3d20412ff75624ce696": ["3", "org.scoutant.blokish.Settings"]}, {"7c89547e629cd7a43e3182e1cdfb1d4b": ["2", "org.scoutant.blokish.Settings"]}, {"7c89547e629cd7a43e3182e1cdfb1d4b": ["2", "org.scoutant.blokish.Settings"]}, {"12b186fafb4ce3d20412ff75624ce696": ["3", "org.scoutant.blokish.Settings"]}, {"7c89547e629cd7a43e3182e1cdfb1d4b": ["2", "org.scoutant.blokish.Settings"]}, {"7c89547e629cd7a43e3182e1cdfb1d4b": ["2", "org.scoutant.blokish.Settings"]}, {"7c89547e629cd7a43e3182e1cdfb1d4b": ["2", "org.scoutant.blokish.Settings"]}, {"7c89547e629cd7a43e3182e1cdfb1d4b": ["2", "org.scoutant.blokish.Settings"]}, {"7c89547e629cd7a43e3182e1cdfb1d4b": ["2", "org.scoutant.blokish.Settings"]}, {"7c89547e629cd7a43e3182e1cdfb1d4b": ["2", "org.scoutant.blokish.Settings"]}, {"f3fe1ec362205040297a21521f9aa17e": ["0", "org.scoutant.blokish.UI"]}, {"f3fe1ec362205040297a21521f9aa17e": ["0", "org.scoutant.blokish.UI"]}, {"f3fe1ec362205040297a21521f9aa17e": ["0", "org.scoutant.blokish.UI"]}, {"f3fe1ec362205040297a21521f9aa17e": ["0", "org.scoutant.blokish.UI"]}, {"7c89547e629cd7a43e3182e1cdfb1d4b": ["2", "org.scoutant.blokish.Settings"]}, {"7c89547e629cd7a43e3182e1cdfb1d4b": ["2", "org.scoutant.blokish.Settings"]}, {"12b186fafb4ce3d20412ff75624ce696": ["3", "org.scoutant.blokish.Settings"]}, {"7c89547e629cd7a43e3182e1cdfb1d4b": ["2", "org.scoutant.blokish.Settings"]}, {"7c89547e629cd7a43e3182e1cdfb1d4b": ["2", "org.scoutant.blokish.Settings"]}, {"7c89547e629cd7a43e3182e1cdfb1d4b": ["2", "org.scoutant.blokish.Settings"]}, {"7c89547e629cd7a43e3182e1cdfb1d4b": ["2", "org.scoutant.blokish.Settings"]}, {"7c89547e629cd7a43e3182e1cdfb1d4b": ["2", "org.scoutant.blokish.Settings"]}, {"12b186fafb4ce3d20412ff75624ce696": ["3", "org.scoutant.blokish.Settings"]}, {"7c89547e629cd7a43e3182e1cdfb1d4b": ["2", "org.scoutant.blokish.Settings"]}, {"7c89547e629cd7a43e3182e1cdfb1d4b": ["2", "org.scoutant.blokish.Settings"]}, {"7c89547e629cd7a43e3182e1cdfb1d4b": ["2", "org.scoutant.blokish.Settings"]}, {"7c89547e629cd7a43e3182e1cdfb1d4b": ["2", "org.scoutant.blokish.Settings"]}, {"7c89547e629cd7a43e3182e1cdfb1d4b": ["2", "org.scoutant.blokish.Settings"]}, {"12b186fafb4ce3d20412ff75624ce696": ["3", "org.scoutant.blokish.Settings"]}, {"7c89547e629cd7a43e3182e1cdfb1d4b": ["2", "org.scoutant.blokish.Settings"]}, {"7c89547e629cd7a43e3182e1cdfb1d4b": ["2", "org.scoutant.blokish.Settings"]}, {"12b186fafb4ce3d20412ff75624ce696": ["3", "org.scoutant.blokish.Settings"]}, {"7c89547e629cd7a43e3182e1cdfb1d4b": ["2", "org.scoutant.blokish.Settings"]}, {"7c89547e629cd7a43e3182e1cdfb1d4b": ["2", "org.scoutant.blokish.Settings"]}, {"12b186fafb4ce3d20412ff75624ce696": ["3", "org.scoutant.blokish.Settings"]}, {"7c89547e629cd7a43e3182e1cdfb1d4b": ["2", "org.scoutant.blokish.Settings"]}, {"7c89547e629cd7a43e3182e1cdfb1d4b": ["2", "org.scoutant.blokish.Settings"]}, {"12b186fafb4ce3d20412ff75624ce696": ["3", "org.scoutant.blokish.Settings"]}, {"7c89547e629cd7a43e3182e1cdfb1d4b": ["2", "org.scoutant.blokish.Settings"]}, {"7c89547e629cd7a43e3182e1cdfb1d4b": ["2", "org.scoutant.blokish.Settings"]}, {"7c89547e629cd7a43e3182e1cdfb1d4b": ["2", "org.scoutant.blokish.Settings"]}, {"7c89547e629cd7a43e3182e1cdfb1d4b": ["2", "org.scoutant.blokish.Settings"]}, {"12b186fafb4ce3d20412ff75624ce696": ["3", "org.scoutant.blokish.Settings"]}, {"7c89547e629cd7a43e3182e1cdfb1d4b": ["2", "org.scoutant.blokish.Settings"]}, {"7c89547e629cd7a43e3182e1cdfb1d4b": ["2", "org.scoutant.blokish.Settings"]}, {"7c89547e629cd7a43e3182e1cdfb1d4b": ["2", "org.scoutant.blokish.Settings"]}, {"7c89547e629cd7a43e3182e1cdfb1d4b": ["2", "org.scoutant.blokish.Settings"]}, {"7c89547e629cd7a43e3182e1cdfb1d4b": ["2", "org.scoutant.blokish.Settings"]}, {"7c89547e629cd7a43e3182e1cdfb1d4b": ["2", "org.scoutant.blokish.Settings"]}, {"7c89547e629cd7a43e3182e1cdfb1d4b": ["2", "org.scoutant.blokish.Settings"]}, {"12b186fafb4ce3d20412ff75624ce696": ["3", "org.scoutant.blokish.Settings"]}, {"7c89547e629cd7a43e3182e1cdfb1d4b": ["2", "org.scoutant.blokish.Settings"]}, {"7c89547e629cd7a43e3182e1cdfb1d4b": ["2", "org.scoutant.blokish.Settings"]}, {"7c89547e629cd7a43e3182e1cdfb1d4b": ["2", "org.scoutant.blokish.Settings"]}, {"7c89547e629cd7a43e3182e1cdfb1d4b": ["2", "org.scoutant.blokish.Settings"]}, {"f3fe1ec362205040297a21521f9aa17e": ["0", "org.scoutant.blokish.UI"]}, {"f3fe1ec362205040297a21521f9aa17e": ["0", "org.scoutant.blokish.UI"]}, {"f3fe1ec362205040297a21521f9aa17e": ["0", "org.scoutant.blokish.UI"]}, {"f3fe1ec362205040297a21521f9aa17e": ["0", "org.scoutant.blokish.UI"]}, {"7c89547e629cd7a43e3182e1cdfb1d4b": ["2", "org.scoutant.blokish.Settings"]}, {"7c89547e629cd7a43e3182e1cdfb1d4b": ["2", "org.scoutant.blokish.Settings"]}, {"7c89547e629cd7a43e3182e1cdfb1d4b": ["2", "org.scoutant.blokish.Settings"]}, {"7c89547e629cd7a43e3182e1cdfb1d4b": ["2", "org.scoutant.blokish.Settings"]}, {"7c89547e629cd7a43e3182e1cdfb1d4b": ["2", "org.scoutant.blokish.Settings"]}, {"f3fe1ec362205040297a21521f9aa17e": ["0", "org.scoutant.blokish.UI"]}, {"f3fe1ec362205040297a21521f9aa17e": ["0", "org.scoutant.blokish.UI"]}, {"f3fe1ec362205040297a21521f9aa17e": ["0", "org.scoutant.blokish.UI"]}, {"f3fe1ec362205040297a21521f9aa17e": ["0", "org.scoutant.blokish.UI"]}, {"ab95e3a7db588e58b262283f8ec2c0f6": ["1", "org.scoutant.blokish.Help"]}, {"7c89547e629cd7a43e3182e1cdfb1d4b": ["2", "org.scoutant.blokish.Settings"]}, {"7c89547e629cd7a43e3182e1cdfb1d4b": ["2", "org.scoutant.blokish.Settings"]}, {"7c89547e629cd7a43e3182e1cdfb1d4b": ["2", "org.scoutant.blokish.Settings"]}, {"7c89547e629cd7a43e3182e1cdfb1d4b": ["2", "org.scoutant.blokish.Settings"]}, {"7c89547e629cd7a43e3182e1cdfb1d4b": ["2", "org.scoutant.blokish.Settings"]}, {"f3fe1ec362205040297a21521f9aa17e": ["0", "org.scoutant.blokish.UI"]}, {"f3fe1ec362205040297a21521f9aa17e": ["0", "org.scoutant.blokish.UI"]}, {"f3fe1ec362205040297a21521f9aa17e": ["0", "org.scoutant.blokish.UI"]}, {"f3fe1ec362205040297a21521f9aa17e": ["0", "org.scoutant.blokish.UI"]}, {"f3fe1ec362205040297a21521f9aa17e": ["0", "org.scoutant.blokish.UI"]}, {"f3fe1ec362205040297a21521f9aa17e": ["0", "org.scoutant.blokish.UI"]}, {"f3fe1ec362205040297a21521f9aa17e": ["0", "org.scoutant.blokish.UI"]}, {"f3fe1ec362205040297a21521f9aa17e": ["0", "org.scoutant.blokish.UI"]}, {"7c89547e629cd7a43e3182e1cdfb1d4b": ["2", "org.scoutant.blokish.Settings"]}, {"7c89547e629cd7a43e3182e1cdfb1d4b": ["2", "org.scoutant.blokish.Settings"]}, {"7c89547e629cd7a43e3182e1cdfb1d4b": ["2", "org.scoutant.blokish.Settings"]}, {"7c89547e629cd7a43e3182e1cdfb1d4b": ["2", "org.scoutant.blokish.Settings"]}, {"7c89547e629cd7a43e3182e1cdfb1d4b": ["2", "org.scoutant.blokish.Settings"]}, {"7c89547e629cd7a43e3182e1cdfb1d4b": ["2", "org.scoutant.blokish.Settings"]}, {"7c89547e629cd7a43e3182e1cdfb1d4b": ["2", "org.scoutant.blokish.Settings"]}, {"7c89547e629cd7a43e3182e1cdfb1d4b": ["2", "org.scoutant.blokish.Settings"]}, {"7c89547e629cd7a43e3182e1cdfb1d4b": ["2", "org.scoutant.blokish.Settings"]}, {"7c89547e629cd7a43e3182e1cdfb1d4b": ["2", "org.scoutant.blokish.Settings"]}, {"7c89547e629cd7a43e3182e1cdfb1d4b": ["2", "org.scoutant.blokish.Settings"]}, {"12b186fafb4ce3d20412ff75624ce696": ["3", "org.scoutant.blokish.Settings"]}, {"7c89547e629cd7a43e3182e1cdfb1d4b": ["2", "org.scoutant.blokish.Settings"]}, {"7c89547e629cd7a43e3182e1cdfb1d4b": ["2", "org.scoutant.blokish.Settings"]}, {"7c89547e629cd7a43e3182e1cdfb1d4b": ["2", "org.scoutant.blokish.Settings"]}, {"7c89547e629cd7a43e3182e1cdfb1d4b": ["2", "org.scoutant.blokish.Settings"]}, {"7c89547e629cd7a43e3182e1cdfb1d4b": ["2", "org.scoutant.blokish.Settings"]}, {"7c89547e629cd7a43e3182e1cdfb1d4b": ["2", "org.scoutant.blokish.Settings"]}, {"7c89547e629cd7a43e3182e1cdfb1d4b": ["2", "org.scoutant.blokish.Settings"]}, {"7c89547e629cd7a43e3182e1cdfb1d4b": ["2", "org.scoutant.blokish.Settings"]}, {"7c89547e629cd7a43e3182e1cdfb1d4b": ["2", "org.scoutant.blokish.Settings"]}, {"12b186fafb4ce3d20412ff75624ce696": ["3", "org.scoutant.blokish.Settings"]}, {"7c89547e629cd7a43e3182e1cdfb1d4b": ["2", "org.scoutant.blokish.Settings"]}, {"12b186fafb4ce3d20412ff75624ce696": ["3", "org.scoutant.blokish.Settings"]}, {"7c89547e629cd7a43e3182e1cdfb1d4b": ["2", "org.scoutant.blokish.Settings"]}, {"7c89547e629cd7a43e3182e1cdfb1d4b": ["2", "org.scoutant.blokish.Settings"]}, {"7c89547e629cd7a43e3182e1cdfb1d4b": ["2", "org.scoutant.blokish.Settings"]}, {"12b186fafb4ce3d20412ff75624ce696": ["3", "org.scoutant.blokish.Settings"]}, {"7c89547e629cd7a43e3182e1cdfb1d4b": ["2", "org.scoutant.blokish.Settings"]}, {"7c89547e629cd7a43e3182e1cdfb1d4b": ["2", "org.scoutant.blokish.Settings"]}, {"12b186fafb4ce3d20412ff75624ce696": ["3", "org.scoutant.blokish.Settings"]}, {"7c89547e629cd7a43e3182e1cdfb1d4b": ["2", "org.scoutant.blokish.Settings"]}, {"7c89547e629cd7a43e3182e1cdfb1d4b": ["2", "org.scoutant.blokish.Settings"]}, {"7c89547e629cd7a43e3182e1cdfb1d4b": ["2", "org.scoutant.blokish.Settings"]}, {"7c89547e629cd7a43e3182e1cdfb1d4b": ["2", "org.scoutant.blokish.Settings"]}, {"7c89547e629cd7a43e3182e1cdfb1d4b": ["2", "org.scoutant.blokish.Settings"]}, {"7c89547e629cd7a43e3182e1cdfb1d4b": ["2", "org.scoutant.blokish.Settings"]}, {"f3fe1ec362205040297a21521f9aa17e": ["0", "org.scoutant.blokish.UI"]}, {"f3fe1ec362205040297a21521f9aa17e": ["0", "org.scoutant.blokish.UI"]}, {"7c89547e629cd7a43e3182e1cdfb1d4b": ["2", "org.scoutant.blokish.Settings"]}, {"7c89547e629cd7a43e3182e1cdfb1d4b": ["2", "org.scoutant.blokish.Settings"]}, {"12b186fafb4ce3d20412ff75624ce696": ["3", "org.scoutant.blokish.Settings"]}, {"7c89547e629cd7a43e3182e1cdfb1d4b": ["2", "org.scoutant.blokish.Settings"]}, {"7c89547e629cd7a43e3182e1cdfb1d4b": ["2", "org.scoutant.blokish.Settings"]}, {"12b186fafb4ce3d20412ff75624ce696": ["3", "org.scoutant.blokish.Settings"]}, {"7c89547e629cd7a43e3182e1cdfb1d4b": ["2", "org.scoutant.blokish.Settings"]}, {"7c89547e629cd7a43e3182e1cdfb1d4b": ["2", "org.scoutant.blokish.Settings"]}, {"7c89547e629cd7a43e3182e1cdfb1d4b": ["2", "org.scoutant.blokish.Settings"]}, {"12b186fafb4ce3d20412ff75624ce696": ["3", "org.scoutant.blokish.Settings"]}, {"7c89547e629cd7a43e3182e1cdfb1d4b": ["2", "org.scoutant.blokish.Settings"]}, {"7c89547e629cd7a43e3182e1cdfb1d4b": ["2", "org.scoutant.blokish.Settings"]}, {"7c89547e629cd7a43e3182e1cdfb1d4b": ["2", "org.scoutant.blokish.Settings"]}, {"7c89547e629cd7a43e3182e1cdfb1d4b": ["2", "org.scoutant.blokish.Settings"]}, {"7c89547e629cd7a43e3182e1cdfb1d4b": ["2", "org.scoutant.blokish.Settings"]}, {"12b186fafb4ce3d20412ff75624ce696": ["3", "org.scoutant.blokish.Settings"]}, {"7c89547e629cd7a43e3182e1cdfb1d4b": ["2", "org.scoutant.blokish.Settings"]}, {"7c89547e629cd7a43e3182e1cdfb1d4b": ["2", "org.scoutant.blokish.Settings"]}, {"12b186fafb4ce3d20412ff75624ce696": ["3", "org.scoutant.blokish.Settings"]}, {"7c89547e629cd7a43e3182e1cdfb1d4b": ["2", "org.scoutant.blokish.Settings"]}, {"7c89547e629cd7a43e3182e1cdfb1d4b": ["2", "org.scoutant.blokish.Settings"]}, {"12b186fafb4ce3d20412ff75624ce696": ["3", "org.scoutant.blokish.Settings"]}, {"7c89547e629cd7a43e3182e1cdfb1d4b": ["2", "org.scoutant.blokish.Settings"]}, {"7c89547e629cd7a43e3182e1cdfb1d4b": ["2", "org.scoutant.blokish.Settings"]}, {"12b186fafb4ce3d20412ff75624ce696": ["3", "org.scoutant.blokish.Settings"]}, {"7c89547e629cd7a43e3182e1cdfb1d4b": ["2", "org.scoutant.blokish.Settings"]}, {"7c89547e629cd7a43e3182e1cdfb1d4b": ["2", "org.scoutant.blokish.Settings"]}, {"7c89547e629cd7a43e3182e1cdfb1d4b": ["2", "org.scoutant.blokish.Settings"]}, {"7c89547e629cd7a43e3182e1cdfb1d4b": ["2", "org.scoutant.blokish.Settings"]}, {"12b186fafb4ce3d20412ff75624ce696": ["3", "org.scoutant.blokish.Settings"]}, {"7c89547e629cd7a43e3182e1cdfb1d4b": ["2", "org.scoutant.blokish.Settings"]}, {"7c89547e629cd7a43e3182e1cdfb1d4b": ["2", "org.scoutant.blokish.Settings"]}, {"7c89547e629cd7a43e3182e1cdfb1d4b": ["2", "org.scoutant.blokish.Settings"]}, {"7c89547e629cd7a43e3182e1cdfb1d4b": ["2", "org.scoutant.blokish.Settings"]}, {"7c89547e629cd7a43e3182e1cdfb1d4b": ["2", "org.scoutant.blokish.Settings"]}, {"7c89547e629cd7a43e3182e1cdfb1d4b": ["2", "org.scoutant.blokish.Settings"]}, {"7c89547e629cd7a43e3182e1cdfb1d4b": ["2", "org.scoutant.blokish.Settings"]}, {"12b186fafb4ce3d20412ff75624ce696": ["3", "org.scoutant.blokish.Settings"]}, {"7c89547e629cd7a43e3182e1cdfb1d4b": ["2", "org.scoutant.blokish.Settings"]}, {"7c89547e629cd7a43e3182e1cdfb1d4b": ["2", "org.scoutant.blokish.Settings"]}, {"7c89547e629cd7a43e3182e1cdfb1d4b": ["2", "org.scoutant.blokish.Settings"]}, {"7c89547e629cd7a43e3182e1cdfb1d4b": ["2", "org.scoutant.blokish.Settings"]}, {"f3fe1ec362205040297a21521f9aa17e": ["0", "org.scoutant.blokish.UI"]}, {"f3fe1ec362205040297a21521f9aa17e": ["0", "org.scoutant.blokish.UI"]}, {"7c89547e629cd7a43e3182e1cdfb1d4b": ["2", "org.scoutant.blokish.Settings"]}, {"7c89547e629cd7a43e3182e1cdfb1d4b": ["2", "org.scoutant.blokish.Settings"]}, {"7c89547e629cd7a43e3182e1cdfb1d4b": ["2", "org.scoutant.blokish.Settings"]}, {"7c89547e629cd7a43e3182e1cdfb1d4b": ["2", "org.scoutant.blokish.Settings"]}, {"7c89547e629cd7a43e3182e1cdfb1d4b": ["2", "org.scoutant.blokish.Settings"]}, {"f3fe1ec362205040297a21521f9aa17e": ["0", "org.scoutant.blokish.UI"]}, {"f3fe1ec362205040297a21521f9aa17e": ["0", "org.scoutant.blokish.UI"]}, {"f3fe1ec362205040297a21521f9aa17e": ["0", "org.scoutant.blokish.UI"]}, {"f3fe1ec362205040297a21521f9aa17e": ["0", "org.scoutant.blokish.UI"]}, {"ab95e3a7db588e58b262283f8ec2c0f6": ["1", "org.scoutant.blokish.Help"]}, {"7c89547e629cd7a43e3182e1cdfb1d4b": ["2", "org.scoutant.blokish.Settings"]}, {"7c89547e629cd7a43e3182e1cdfb1d4b": ["2", "org.scoutant.blokish.Settings"]}, {"7c89547e629cd7a43e3182e1cdfb1d4b": ["2", "org.scoutant.blokish.Settings"]}, {"7c89547e629cd7a43e3182e1cdfb1d4b": ["2", "org.scoutant.blokish.Settings"]}, {"7c89547e629cd7a43e3182e1cdfb1d4b": ["2", "org.scoutant.blokish.Settings"]}, {"f3fe1ec362205040297a21521f9aa17e": ["0", "org.scoutant.blokish.UI"]}, {"f3fe1ec362205040297a21521f9aa17e": ["0", "org.scoutant.blokish.UI"]}, {"f3fe1ec362205040297a21521f9aa17e": ["0", "org.scoutant.blokish.UI"]}, {"f3fe1ec362205040297a21521f9aa17e": ["0", "org.scoutant.blokish.UI"]}, {"f3fe1ec362205040297a21521f9aa17e": ["0", "org.scoutant.blokish.UI"]}, {"f3fe1ec362205040297a21521f9aa17e": ["0", "org.scoutant.blokish.UI"]}, {"f3fe1ec362205040297a21521f9aa17e": ["0", "org.scoutant.blokish.UI"]}, {"f3fe1ec362205040297a21521f9aa17e": ["0", "org.scoutant.blokish.UI"]}, {"7c89547e629cd7a43e3182e1cdfb1d4b": ["2", "org.scoutant.blokish.Settings"]}, {"7c89547e629cd7a43e3182e1cdfb1d4b": ["2", "org.scoutant.blokish.Settings"]}, {"7c89547e629cd7a43e3182e1cdfb1d4b": ["2", "org.scoutant.blokish.Settings"]}, {"7c89547e629cd7a43e3182e1cdfb1d4b": ["2", "org.scoutant.blokish.Settings"]}, {"7c89547e629cd7a43e3182e1cdfb1d4b": ["2", "org.scoutant.blokish.Settings"]}, {"7c89547e629cd7a43e3182e1cdfb1d4b": ["2", "org.scoutant.blokish.Settings"]}, {"7c89547e629cd7a43e3182e1cdfb1d4b": ["2", "org.scoutant.blokish.Settings"]}, {"7c89547e629cd7a43e3182e1cdfb1d4b": ["2", "org.scoutant.blokish.Settings"]}, {"7c89547e629cd7a43e3182e1cdfb1d4b": ["2", "org.scoutant.blokish.Settings"]}, {"7c89547e629cd7a43e3182e1cdfb1d4b": ["2", "org.scoutant.blokish.Settings"]}, {"7c89547e629cd7a43e3182e1cdfb1d4b": ["2", "org.scoutant.blokish.Settings"]}, {"12b186fafb4ce3d20412ff75624ce696": ["3", "org.scoutant.blokish.Settings"]}, {"7c89547e629cd7a43e3182e1cdfb1d4b": ["2", "org.scoutant.blokish.Settings"]}, {"7c89547e629cd7a43e3182e1cdfb1d4b": ["2", "org.scoutant.blokish.Settings"]}, {"7c89547e629cd7a43e3182e1cdfb1d4b": ["2", "org.scoutant.blokish.Settings"]}, {"7c89547e629cd7a43e3182e1cdfb1d4b": ["2", "org.scoutant.blokish.Settings"]}, {"7c89547e629cd7a43e3182e1cdfb1d4b": ["2", "org.scoutant.blokish.Settings"]}, {"7c89547e629cd7a43e3182e1cdfb1d4b": ["2", "org.scoutant.blokish.Settings"]}, {"7c89547e629cd7a43e3182e1cdfb1d4b": ["2", "org.scoutant.blokish.Settings"]}, {"7c89547e629cd7a43e3182e1cdfb1d4b": ["2", "org.scoutant.blokish.Settings"]}, {"7c89547e629cd7a43e3182e1cdfb1d4b": ["2", "org.scoutant.blokish.Settings"]}, {"12b186fafb4ce3d20412ff75624ce696": ["3", "org.scoutant.blokish.Settings"]}, {"7c89547e629cd7a43e3182e1cdfb1d4b": ["2", "org.scoutant.blokish.Settings"]}, {"12b186fafb4ce3d20412ff75624ce696": ["3", "org.scoutant.blokish.Settings"]}, {"7c89547e629cd7a43e3182e1cdfb1d4b": ["2", "org.scoutant.blokish.Settings"]}, {"7c89547e629cd7a43e3182e1cdfb1d4b": ["2", "org.scoutant.blokish.Settings"]}, {"7c89547e629cd7a43e3182e1cdfb1d4b": ["2", "org.scoutant.blokish.Settings"]}, {"12b186fafb4ce3d20412ff75624ce696": ["3", "org.scoutant.blokish.Settings"]}, {"7c89547e629cd7a43e3182e1cdfb1d4b": ["2", "org.scoutant.blokish.Settings"]}, {"7c89547e629cd7a43e3182e1cdfb1d4b": ["2", "org.scoutant.blokish.Settings"]}, {"12b186fafb4ce3d20412ff75624ce696": ["3", "org.scoutant.blokish.Settings"]}, {"7c89547e629cd7a43e3182e1cdfb1d4b": ["2", "org.scoutant.blokish.Settings"]}, {"7c89547e629cd7a43e3182e1cdfb1d4b": ["2", "org.scoutant.blokish.Settings"]}, {"7c89547e629cd7a43e3182e1cdfb1d4b": ["2", "org.scoutant.blokish.Settings"]}, {"7c89547e629cd7a43e3182e1cdfb1d4b": ["2", "org.scoutant.blokish.Settings"]}, {"7c89547e629cd7a43e3182e1cdfb1d4b": ["2", "org.scoutant.blokish.Settings"]}, {"7c89547e629cd7a43e3182e1cdfb1d4b": ["2", "org.scoutant.blokish.Settings"]}, {"f3fe1ec362205040297a21521f9aa17e": ["0", "org.scoutant.blokish.UI"]}, {"f3fe1ec362205040297a21521f9aa17e": ["0", "org.scoutant.blokish.UI"]}, {"7c89547e629cd7a43e3182e1cdfb1d4b": ["2", "org.scoutant.blokish.Settings"]}, {"7c89547e629cd7a43e3182e1cdfb1d4b": ["2", "org.scoutant.blokish.Settings"]}, {"12b186fafb4ce3d20412ff75624ce696": ["3", "org.scoutant.blokish.Settings"]}, {"7c89547e629cd7a43e3182e1cdfb1d4b": ["2", "org.scoutant.blokish.Settings"]}, {"7c89547e629cd7a43e3182e1cdfb1d4b": ["2", "org.scoutant.blokish.Settings"]}, {"12b186fafb4ce3d20412ff75624ce696": ["3", "org.scoutant.blokish.Settings"]}, {"7c89547e629cd7a43e3182e1cdfb1d4b": ["2", "org.scoutant.blokish.Settings"]}, {"7c89547e629cd7a43e3182e1cdfb1d4b": ["2", "org.scoutant.blokish.Settings"]}, {"7c89547e629cd7a43e3182e1cdfb1d4b": ["2", "org.scoutant.blokish.Settings"]}, {"12b186fafb4ce3d20412ff75624ce696": ["3", "org.scoutant.blokish.Settings"]}, {"7c89547e629cd7a43e3182e1cdfb1d4b": ["2", "org.scoutant.blokish.Settings"]}, {"7c89547e629cd7a43e3182e1cdfb1d4b": ["2", "org.scoutant.blokish.Settings"]}, {"7c89547e629cd7a43e3182e1cdfb1d4b": ["2", "org.scoutant.blokish.Settings"]}, {"7c89547e629cd7a43e3182e1cdfb1d4b": ["2", "org.scoutant.blokish.Settings"]}, {"7c89547e629cd7a43e3182e1cdfb1d4b": ["2", "org.scoutant.blokish.Settings"]}, {"12b186fafb4ce3d20412ff75624ce696": ["3", "org.scoutant.blokish.Settings"]}, {"7c89547e629cd7a43e3182e1cdfb1d4b": ["2", "org.scoutant.blokish.Settings"]}, {"7c89547e629cd7a43e3182e1cdfb1d4b": ["2", "org.scoutant.blokish.Settings"]}, {"12b186fafb4ce3d20412ff75624ce696": ["3", "org.scoutant.blokish.Settings"]}, {"7c89547e629cd7a43e3182e1cdfb1d4b": ["2", "org.scoutant.blokish.Settings"]}, {"7c89547e629cd7a43e3182e1cdfb1d4b": ["2", "org.scoutant.blokish.Settings"]}, {"12b186fafb4ce3d20412ff75624ce696": ["3", "org.scoutant.blokish.Settings"]}, {"7c89547e629cd7a43e3182e1cdfb1d4b": ["2", "org.scoutant.blokish.Settings"]}, {"7c89547e629cd7a43e3182e1cdfb1d4b": ["2", "org.scoutant.blokish.Settings"]}, {"12b186fafb4ce3d20412ff75624ce696": ["3", "org.scoutant.blokish.Settings"]}, {"7c89547e629cd7a43e3182e1cdfb1d4b": ["2", "org.scoutant.blokish.Settings"]}, {"7c89547e629cd7a43e3182e1cdfb1d4b": ["2", "org.scoutant.blokish.Settings"]}, {"7c89547e629cd7a43e3182e1cdfb1d4b": ["2", "org.scoutant.blokish.Settings"]}, {"7c89547e629cd7a43e3182e1cdfb1d4b": ["2", "org.scoutant.blokish.Settings"]}, {"12b186fafb4ce3d20412ff75624ce696": ["3", "org.scoutant.blokish.Settings"]}, {"7c89547e629cd7a43e3182e1cdfb1d4b": ["2", "org.scoutant.blokish.Settings"]}, {"7c89547e629cd7a43e3182e1cdfb1d4b": ["2", "org.scoutant.blokish.Settings"]}, {"7c89547e629cd7a43e3182e1cdfb1d4b": ["2", "org.scoutant.blokish.Settings"]}, {"7c89547e629cd7a43e3182e1cdfb1d4b": ["2", "org.scoutant.blokish.Settings"]}, {"7c89547e629cd7a43e3182e1cdfb1d4b": ["2", "org.scoutant.blokish.Settings"]}, {"7c89547e629cd7a43e3182e1cdfb1d4b": ["2", "org.scoutant.blokish.Settings"]}, {"7c89547e629cd7a43e3182e1cdfb1d4b": ["2", "org.scoutant.blokish.Settings"]}, {"12b186fafb4ce3d20412ff75624ce696": ["3", "org.scoutant.blokish.Settings"]}, {"7c89547e629cd7a43e3182e1cdfb1d4b": ["2", "org.scoutant.blokish.Settings"]}, {"7c89547e629cd7a43e3182e1cdfb1d4b": ["2", "org.scoutant.blokish.Settings"]}, {"7c89547e629cd7a43e3182e1cdfb1d4b": ["2", "org.scoutant.blokish.Settings"]}, {"7c89547e629cd7a43e3182e1cdfb1d4b": ["2", "org.scoutant.blokish.Settings"]}, {"f3fe1ec362205040297a21521f9aa17e": ["0", "org.scoutant.blokish.UI"]}, {"f3fe1ec362205040297a21521f9aa17e": ["0", "org.scoutant.blokish.UI"]}, {"7c89547e629cd7a43e3182e1cdfb1d4b": ["2", "org.scoutant.blokish.Settings"]}, {"7c89547e629cd7a43e3182e1cdfb1d4b": ["2", "org.scoutant.blokish.Settings"]}, {"7c89547e629cd7a43e3182e1cdfb1d4b": ["2", "org.scoutant.blokish.Settings"]}, {"7c89547e629cd7a43e3182e1cdfb1d4b": ["2", "org.scoutant.blokish.Settings"]}, {"7c89547e629cd7a43e3182e1cdfb1d4b": ["2", "org.scoutant.blokish.Settings"]}, {"f3fe1ec362205040297a21521f9aa17e": ["0", "org.scoutant.blokish.UI"]}, {"f3fe1ec362205040297a21521f9aa17e": ["0", "org.scoutant.blokish.UI"]}, {"f3fe1ec362205040297a21521f9aa17e": ["0", "org.scoutant.blokish.UI"]}, {"f3fe1ec362205040297a21521f9aa17e": ["0", "org.scoutant.blokish.UI"]}, {"ab95e3a7db588e58b262283f8ec2c0f6": ["1", "org.scoutant.blokish.Help"]}, {"7c89547e629cd7a43e3182e1cdfb1d4b": ["2", "org.scoutant.blokish.Settings"]}, {"7c89547e629cd7a43e3182e1cdfb1d4b": ["2", "org.scoutant.blokish.Settings"]}, {"7c89547e629cd7a43e3182e1cdfb1d4b": ["2", "org.scoutant.blokish.Settings"]}, {"7c89547e629cd7a43e3182e1cdfb1d4b": ["2", "org.scoutant.blokish.Settings"]}, {"7c89547e629cd7a43e3182e1cdfb1d4b": ["2", "org.scoutant.blokish.Settings"]}, {"f3fe1ec362205040297a21521f9aa17e": ["0", "org.scoutant.blokish.UI"]}, {"f3fe1ec362205040297a21521f9aa17e": ["0", "org.scoutant.blokish.UI"]}, {"f3fe1ec362205040297a21521f9aa17e": ["0", "org.scoutant.blokish.UI"]}, {"f3fe1ec362205040297a21521f9aa17e": ["0", "org.scoutant.blokish.UI"]}, {"f3fe1ec362205040297a21521f9aa17e": ["0", "org.scoutant.blokish.UI"]}, {"f3fe1ec362205040297a21521f9aa17e": ["0", "org.scoutant.blokish.UI"]}, {"f3fe1ec362205040297a21521f9aa17e": ["0", "org.scoutant.blokish.UI"]}, {"f3fe1ec362205040297a21521f9aa17e": ["0", "org.scoutant.blokish.UI"]}, {"7c89547e629cd7a43e3182e1cdfb1d4b": ["2", "org.scoutant.blokish.Settings"]}, {"7c89547e629cd7a43e3182e1cdfb1d4b": ["2", "org.scoutant.blokish.Settings"]}, {"7c89547e629cd7a43e3182e1cdfb1d4b": ["2", "org.scoutant.blokish.Settings"]}, {"7c89547e629cd7a43e3182e1cdfb1d4b": ["2", "org.scoutant.blokish.Settings"]}, {"7c89547e629cd7a43e3182e1cdfb1d4b": ["2", "org.scoutant.blokish.Settings"]}, {"7c89547e629cd7a43e3182e1cdfb1d4b": ["2", "org.scoutant.blokish.Settings"]}, {"7c89547e629cd7a43e3182e1cdfb1d4b": ["2", "org.scoutant.blokish.Settings"]}, {"7c89547e629cd7a43e3182e1cdfb1d4b": ["2", "org.scoutant.blokish.Settings"]}, {"7c89547e629cd7a43e3182e1cdfb1d4b": ["2", "org.scoutant.blokish.Settings"]}, {"7c89547e629cd7a43e3182e1cdfb1d4b": ["2", "org.scoutant.blokish.Settings"]}, {"7c89547e629cd7a43e3182e1cdfb1d4b": ["2", "org.scoutant.blokish.Settings"]}, {"12b186fafb4ce3d20412ff75624ce696": ["3", "org.scoutant.blokish.Settings"]}, {"7c89547e629cd7a43e3182e1cdfb1d4b": ["2", "org.scoutant.blokish.Settings"]}, {"7c89547e629cd7a43e3182e1cdfb1d4b": ["2", "org.scoutant.blokish.Settings"]}, {"7c89547e629cd7a43e3182e1cdfb1d4b": ["2", "org.scoutant.blokish.Settings"]}, {"7c89547e629cd7a43e3182e1cdfb1d4b": ["2", "org.scoutant.blokish.Settings"]}, {"7c89547e629cd7a43e3182e1cdfb1d4b": ["2", "org.scoutant.blokish.Settings"]}, {"7c89547e629cd7a43e3182e1cdfb1d4b": ["2", "org.scoutant.blokish.Settings"]}, {"7c89547e629cd7a43e3182e1cdfb1d4b": ["2", "org.scoutant.blokish.Settings"]}, {"7c89547e629cd7a43e3182e1cdfb1d4b": ["2", "org.scoutant.blokish.Settings"]}, {"7c89547e629cd7a43e3182e1cdfb1d4b": ["2", "org.scoutant.blokish.Settings"]}, {"12b186fafb4ce3d20412ff75624ce696": ["3", "org.scoutant.blokish.Settings"]}, {"7c89547e629cd7a43e3182e1cdfb1d4b": ["2", "org.scoutant.blokish.Settings"]}, {"12b186fafb4ce3d20412ff75624ce696": ["3", "org.scoutant.blokish.Settings"]}, {"7c89547e629cd7a43e3182e1cdfb1d4b": ["2", "org.scoutant.blokish.Settings"]}, {"7c89547e629cd7a43e3182e1cdfb1d4b": ["2", "org.scoutant.blokish.Settings"]}, {"7c89547e629cd7a43e3182e1cdfb1d4b": ["2", "org.scoutant.blokish.Settings"]}, {"12b186fafb4ce3d20412ff75624ce696": ["3", "org.scoutant.blokish.Settings"]}, {"7c89547e629cd7a43e3182e1cdfb1d4b": ["2", "org.scoutant.blokish.Settings"]}, {"7c89547e629cd7a43e3182e1cdfb1d4b": ["2", "org.scoutant.blokish.Settings"]}, {"12b186fafb4ce3d20412ff75624ce696": ["3", "org.scoutant.blokish.Settings"]}, {"7c89547e629cd7a43e3182e1cdfb1d4b": ["2", "org.scoutant.blokish.Settings"]}, {"7c89547e629cd7a43e3182e1cdfb1d4b": ["2", "org.scoutant.blokish.Settings"]}, {"7c89547e629cd7a43e3182e1cdfb1d4b": ["2", "org.scoutant.blokish.Settings"]}, {"7c89547e629cd7a43e3182e1cdfb1d4b": ["2", "org.scoutant.blokish.Settings"]}, {"7c89547e629cd7a43e3182e1cdfb1d4b": ["2", "org.scoutant.blokish.Settings"]}, {"7c89547e629cd7a43e3182e1cdfb1d4b": ["2", "org.scoutant.blokish.Settings"]}, {"f3fe1ec362205040297a21521f9aa17e": ["0", "org.scoutant.blokish.UI"]}, {"f3fe1ec362205040297a21521f9aa17e": ["0", "org.scoutant.blokish.UI"]}, {"7c89547e629cd7a43e3182e1cdfb1d4b": ["2", "org.scoutant.blokish.Settings"]}, {"7c89547e629cd7a43e3182e1cdfb1d4b": ["2", "org.scoutant.blokish.Settings"]}, {"12b186fafb4ce3d20412ff75624ce696": ["3", "org.scoutant.blokish.Settings"]}, {"7c89547e629cd7a43e3182e1cdfb1d4b": ["2", "org.scoutant.blokish.Settings"]}, {"7c89547e629cd7a43e3182e1cdfb1d4b": ["2", "org.scoutant.blokish.Settings"]}, {"12b186fafb4ce3d20412ff75624ce696": ["3", "org.scoutant.blokish.Settings"]}, {"7c89547e629cd7a43e3182e1cdfb1d4b": ["2", "org.scoutant.blokish.Settings"]}, {"7c89547e629cd7a43e3182e1cdfb1d4b": ["2", "org.scoutant.blokish.Settings"]}, {"7c89547e629cd7a43e3182e1cdfb1d4b": ["2", "org.scoutant.blokish.Settings"]}, {"12b186fafb4ce3d20412ff75624ce696": ["3", "org.scoutant.blokish.Settings"]}, {"7c89547e629cd7a43e3182e1cdfb1d4b": ["2", "org.scoutant.blokish.Settings"]}, {"7c89547e629cd7a43e3182e1cdfb1d4b": ["2", "org.scoutant.blokish.Settings"]}, {"7c89547e629cd7a43e3182e1cdfb1d4b": ["2", "org.scoutant.blokish.Settings"]}, {"7c89547e629cd7a43e3182e1cdfb1d4b": ["2", "org.scoutant.blokish.Settings"]}, {"7c89547e629cd7a43e3182e1cdfb1d4b": ["2", "org.scoutant.blokish.Settings"]}, {"12b186fafb4ce3d20412ff75624ce696": ["3", "org.scoutant.blokish.Settings"]}, {"7c89547e629cd7a43e3182e1cdfb1d4b": ["2", "org.scoutant.blokish.Settings"]}, {"7c89547e629cd7a43e3182e1cdfb1d4b": ["2", "org.scoutant.blokish.Settings"]}, {"12b186fafb4ce3d20412ff75624ce696": ["3", "org.scoutant.blokish.Settings"]}, {"7c89547e629cd7a43e3182e1cdfb1d4b": ["2", "org.scoutant.blokish.Settings"]}, {"7c89547e629cd7a43e3182e1cdfb1d4b": ["2", "org.scoutant.blokish.Settings"]}, {"12b186fafb4ce3d20412ff75624ce696": ["3", "org.scoutant.blokish.Settings"]}, {"7c89547e629cd7a43e3182e1cdfb1d4b": ["2", "org.scoutant.blokish.Settings"]}, {"7c89547e629cd7a43e3182e1cdfb1d4b": ["2", "org.scoutant.blokish.Settings"]}, {"12b186fafb4ce3d20412ff75624ce696": ["3", "org.scoutant.blokish.Settings"]}, {"7c89547e629cd7a43e3182e1cdfb1d4b": ["2", "org.scoutant.blokish.Settings"]}, {"7c89547e629cd7a43e3182e1cdfb1d4b": ["2", "org.scoutant.blokish.Settings"]}, {"7c89547e629cd7a43e3182e1cdfb1d4b": ["2", "org.scoutant.blokish.Settings"]}, {"7c89547e629cd7a43e3182e1cdfb1d4b": ["2", "org.scoutant.blokish.Settings"]}, {"12b186fafb4ce3d20412ff75624ce696": ["3", "org.scoutant.blokish.Settings"]}, {"7c89547e629cd7a43e3182e1cdfb1d4b": ["2", "org.scoutant.blokish.Settings"]}, {"7c89547e629cd7a43e3182e1cdfb1d4b": ["2", "org.scoutant.blokish.Settings"]}, {"7c89547e629cd7a43e3182e1cdfb1d4b": ["2", "org.scoutant.blokish.Settings"]}, {"7c89547e629cd7a43e3182e1cdfb1d4b": ["2", "org.scoutant.blokish.Settings"]}, {"7c89547e629cd7a43e3182e1cdfb1d4b": ["2", "org.scoutant.blokish.Settings"]}, {"7c89547e629cd7a43e3182e1cdfb1d4b": ["2", "org.scoutant.blokish.Settings"]}, {"7c89547e629cd7a43e3182e1cdfb1d4b": ["2", "org.scoutant.blokish.Settings"]}, {"12b186fafb4ce3d20412ff75624ce696": ["3", "org.scoutant.blokish.Settings"]}, {"7c89547e629cd7a43e3182e1cdfb1d4b": ["2", "org.scoutant.blokish.Settings"]}, {"7c89547e629cd7a43e3182e1cdfb1d4b": ["2", "org.scoutant.blokish.Settings"]}, {"7c89547e629cd7a43e3182e1cdfb1d4b": ["2", "org.scoutant.blokish.Settings"]}, {"7c89547e629cd7a43e3182e1cdfb1d4b": ["2", "org.scoutant.blokish.Settings"]}, {"f3fe1ec362205040297a21521f9aa17e": ["0", "org.scoutant.blokish.UI"]}, {"f3fe1ec362205040297a21521f9aa17e": ["0", "org.scoutant.blokish.UI"]}, {"7c89547e629cd7a43e3182e1cdfb1d4b": ["2", "org.scoutant.blokish.Settings"]}, {"7c89547e629cd7a43e3182e1cdfb1d4b": ["2", "org.scoutant.blokish.Settings"]}, {"7c89547e629cd7a43e3182e1cdfb1d4b": ["2", "org.scoutant.blokish.Settings"]}, {"7c89547e629cd7a43e3182e1cdfb1d4b": ["2", "org.scoutant.blokish.Settings"]}, {"7c89547e629cd7a43e3182e1cdfb1d4b": ["2", "org.scoutant.blokish.Settings"]}, {"f3fe1ec362205040297a21521f9aa17e": ["0", "org.scoutant.blokish.UI"]}, {"f3fe1ec362205040297a21521f9aa17e": ["0", "org.scoutant.blokish.UI"]}, {"f3fe1ec362205040297a21521f9aa17e": ["0", "org.scoutant.blokish.UI"]}, {"f3fe1ec362205040297a21521f9aa17e": ["0", "org.scoutant.blokish.UI"]}, {"ab95e3a7db588e58b262283f8ec2c0f6": ["1", "org.scoutant.blokish.Help"]}, {"7c89547e629cd7a43e3182e1cdfb1d4b": ["2", "org.scoutant.blokish.Settings"]}, {"7c89547e629cd7a43e3182e1cdfb1d4b": ["2", "org.scoutant.blokish.Settings"]}, {"7c89547e629cd7a43e3182e1cdfb1d4b": ["2", "org.scoutant.blokish.Settings"]}, {"7c89547e629cd7a43e3182e1cdfb1d4b": ["2", "org.scoutant.blokish.Settings"]}, {"7c89547e629cd7a43e3182e1cdfb1d4b": ["2", "org.scoutant.blokish.Settings"]}, {"f3fe1ec362205040297a21521f9aa17e": ["0", "org.scoutant.blokish.UI"]}, {"f3fe1ec362205040297a21521f9aa17e": ["0", "org.scoutant.blokish.UI"]}, {"f3fe1ec362205040297a21521f9aa17e": ["0", "org.scoutant.blokish.UI"]}, {"f3fe1ec362205040297a21521f9aa17e": ["0", "org.scoutant.blokish.UI"]}, {"f3fe1ec362205040297a21521f9aa17e": ["0", "org.scoutant.blokish.UI"]}, {"f3fe1ec362205040297a21521f9aa17e": ["0", "org.scoutant.blokish.UI"]}, {"f3fe1ec362205040297a21521f9aa17e": ["0", "org.scoutant.blokish.UI"]}, {"f3fe1ec362205040297a21521f9aa17e": ["0", "org.scoutant.blokish.UI"]}, {"7c89547e629cd7a43e3182e1cdfb1d4b": ["2", "org.scoutant.blokish.Settings"]}, {"7c89547e629cd7a43e3182e1cdfb1d4b": ["2", "org.scoutant.blokish.Settings"]}, {"7c89547e629cd7a43e3182e1cdfb1d4b": ["2", "org.scoutant.blokish.Settings"]}, {"7c89547e629cd7a43e3182e1cdfb1d4b": ["2", "org.scoutant.blokish.Settings"]}, {"7c89547e629cd7a43e3182e1cdfb1d4b": ["2", "org.scoutant.blokish.Settings"]}, {"7c89547e629cd7a43e3182e1cdfb1d4b": ["2", "org.scoutant.blokish.Settings"]}, {"7c89547e629cd7a43e3182e1cdfb1d4b": ["2", "org.scoutant.blokish.Settings"]}, {"7c89547e629cd7a43e3182e1cdfb1d4b": ["2", "org.scoutant.blokish.Settings"]}, {"7c89547e629cd7a43e3182e1cdfb1d4b": ["2", "org.scoutant.blokish.Settings"]}, {"7c89547e629cd7a43e3182e1cdfb1d4b": ["2", "org.scoutant.blokish.Settings"]}, {"7c89547e629cd7a43e3182e1cdfb1d4b": ["2", "org.scoutant.blokish.Settings"]}, {"12b186fafb4ce3d20412ff75624ce696": ["3", "org.scoutant.blokish.Settings"]}, {"7c89547e629cd7a43e3182e1cdfb1d4b": ["2", "org.scoutant.blokish.Settings"]}, {"7c89547e629cd7a43e3182e1cdfb1d4b": ["2", "org.scoutant.blokish.Settings"]}, {"7c89547e629cd7a43e3182e1cdfb1d4b": ["2", "org.scoutant.blokish.Settings"]}, {"7c89547e629cd7a43e3182e1cdfb1d4b": ["2", "org.scoutant.blokish.Settings"]}, {"7c89547e629cd7a43e3182e1cdfb1d4b": ["2", "org.scoutant.blokish.Settings"]}, {"7c89547e629cd7a43e3182e1cdfb1d4b": ["2", "org.scoutant.blokish.Settings"]}, {"7c89547e629cd7a43e3182e1cdfb1d4b": ["2", "org.scoutant.blokish.Settings"]}, {"7c89547e629cd7a43e3182e1cdfb1d4b": ["2", "org.scoutant.blokish.Settings"]}, {"7c89547e629cd7a43e3182e1cdfb1d4b": ["2", "org.scoutant.blokish.Settings"]}, {"12b186fafb4ce3d20412ff75624ce696": ["3", "org.scoutant.blokish.Settings"]}, {"7c89547e629cd7a43e3182e1cdfb1d4b": ["2", "org.scoutant.blokish.Settings"]}, {"12b186fafb4ce3d20412ff75624ce696": ["3", "org.scoutant.blokish.Settings"]}, {"7c89547e629cd7a43e3182e1cdfb1d4b": ["2", "org.scoutant.blokish.Settings"]}, {"7c89547e629cd7a43e3182e1cdfb1d4b": ["2", "org.scoutant.blokish.Settings"]}, {"7c89547e629cd7a43e3182e1cdfb1d4b": ["2", "org.scoutant.blokish.Settings"]}, {"12b186fafb4ce3d20412ff75624ce696": ["3", "org.scoutant.blokish.Settings"]}, {"7c89547e629cd7a43e3182e1cdfb1d4b": ["2", "org.scoutant.blokish.Settings"]}, {"7c89547e629cd7a43e3182e1cdfb1d4b": ["2", "org.scoutant.blokish.Settings"]}, {"12b186fafb4ce3d20412ff75624ce696": ["3", "org.scoutant.blokish.Settings"]}, {"7c89547e629cd7a43e3182e1cdfb1d4b": ["2", "org.scoutant.blokish.Settings"]}, {"7c89547e629cd7a43e3182e1cdfb1d4b": ["2", "org.scoutant.blokish.Settings"]}, {"7c89547e629cd7a43e3182e1cdfb1d4b": ["2", "org.scoutant.blokish.Settings"]}, {"7c89547e629cd7a43e3182e1cdfb1d4b": ["2", "org.scoutant.blokish.Settings"]}, {"7c89547e629cd7a43e3182e1cdfb1d4b": ["2", "org.scoutant.blokish.Settings"]}, {"7c89547e629cd7a43e3182e1cdfb1d4b": ["2", "org.scoutant.blokish.Settings"]}, {"f3fe1ec362205040297a21521f9aa17e": ["0", "org.scoutant.blokish.UI"]}, {"f3fe1ec362205040297a21521f9aa17e": ["0", "org.scoutant.blokish.UI"]}, {"7c89547e629cd7a43e3182e1cdfb1d4b": ["2", "org.scoutant.blokish.Settings"]}, {"7c89547e629cd7a43e3182e1cdfb1d4b": ["2", "org.scoutant.blokish.Settings"]}, {"12b186fafb4ce3d20412ff75624ce696": ["3", "org.scoutant.blokish.Settings"]}, {"7c89547e629cd7a43e3182e1cdfb1d4b": ["2", "org.scoutant.blokish.Settings"]}, {"7c89547e629cd7a43e3182e1cdfb1d4b": ["2", "org.scoutant.blokish.Settings"]}, {"12b186fafb4ce3d20412ff75624ce696": ["3", "org.scoutant.blokish.Settings"]}, {"7c89547e629cd7a43e3182e1cdfb1d4b": ["2", "org.scoutant.blokish.Settings"]}, {"7c89547e629cd7a43e3182e1cdfb1d4b": ["2", "org.scoutant.blokish.Settings"]}, {"7c89547e629cd7a43e3182e1cdfb1d4b": ["2", "org.scoutant.blokish.Settings"]}, {"7c89547e629cd7a43e3182e1cdfb1d4b": ["2", "org.scoutant.blokish.Settings"]}, {"12b186fafb4ce3d20412ff75624ce696": ["3", "org.scoutant.blokish.Settings"]}, {"7c89547e629cd7a43e3182e1cdfb1d4b": ["2", "org.scoutant.blokish.Settings"]}, {"7c89547e629cd7a43e3182e1cdfb1d4b": ["2", "org.scoutant.blokish.Settings"]}, {"7c89547e629cd7a43e3182e1cdfb1d4b": ["2", "org.scoutant.blokish.Settings"]}, {"7c89547e629cd7a43e3182e1cdfb1d4b": ["2", "org.scoutant.blokish.Settings"]}, {"7c89547e629cd7a43e3182e1cdfb1d4b": ["2", "org.scoutant.blokish.Settings"]}, {"12b186fafb4ce3d20412ff75624ce696": ["3", "org.scoutant.blokish.Settings"]}, {"7c89547e629cd7a43e3182e1cdfb1d4b": ["2", "org.scoutant.blokish.Settings"]}, {"7c89547e629cd7a43e3182e1cdfb1d4b": ["2", "org.scoutant.blokish.Settings"]}, {"12b186fafb4ce3d20412ff75624ce696": ["3", "org.scoutant.blokish.Settings"]}, {"7c89547e629cd7a43e3182e1cdfb1d4b": ["2", "org.scoutant.blokish.Settings"]}, {"7c89547e629cd7a43e3182e1cdfb1d4b": ["2", "org.scoutant.blokish.Settings"]}, {"12b186fafb4ce3d20412ff75624ce696": ["3", "org.scoutant.blokish.Settings"]}, {"7c89547e629cd7a43e3182e1cdfb1d4b": ["2", "org.scoutant.blokish.Settings"]}, {"7c89547e629cd7a43e3182e1cdfb1d4b": ["2", "org.scoutant.blokish.Settings"]}, {"12b186fafb4ce3d20412ff75624ce696": ["3", "org.scoutant.blokish.Settings"]}, {"7c89547e629cd7a43e3182e1cdfb1d4b": ["2", "org.scoutant.blokish.Settings"]}, {"7c89547e629cd7a43e3182e1cdfb1d4b": ["2", "org.scoutant.blokish.Settings"]}, {"7c89547e629cd7a43e3182e1cdfb1d4b": ["2", "org.scoutant.blokish.Settings"]}, {"7c89547e629cd7a43e3182e1cdfb1d4b": ["2", "org.scoutant.blokish.Settings"]}, {"12b186fafb4ce3d20412ff75624ce696": ["3", "org.scoutant.blokish.Settings"]}, {"7c89547e629cd7a43e3182e1cdfb1d4b": ["2", "org.scoutant.blokish.Settings"]}, {"7c89547e629cd7a43e3182e1cdfb1d4b": ["2", "org.scoutant.blokish.Settings"]}, {"7c89547e629cd7a43e3182e1cdfb1d4b": ["2", "org.scoutant.blokish.Settings"]}, {"7c89547e629cd7a43e3182e1cdfb1d4b": ["2", "org.scoutant.blokish.Settings"]}, {"7c89547e629cd7a43e3182e1cdfb1d4b": ["2", "org.scoutant.blokish.Settings"]}, {"7c89547e629cd7a43e3182e1cdfb1d4b": ["2", "org.scoutant.blokish.Settings"]}, {"7c89547e629cd7a43e3182e1cdfb1d4b": ["2", "org.scoutant.blokish.Settings"]}, {"12b186fafb4ce3d20412ff75624ce696": ["3", "org.scoutant.blokish.Settings"]}, {"7c89547e629cd7a43e3182e1cdfb1d4b": ["2", "org.scoutant.blokish.Settings"]}, {"7c89547e629cd7a43e3182e1cdfb1d4b": ["2", "org.scoutant.blokish.Settings"]}, {"7c89547e629cd7a43e3182e1cdfb1d4b": ["2", "org.scoutant.blokish.Settings"]}, {"7c89547e629cd7a43e3182e1cdfb1d4b": ["2", "org.scoutant.blokish.Settings"]}, {"f3fe1ec362205040297a21521f9aa17e": ["0", "org.scoutant.blokish.UI"]}, {"f3fe1ec362205040297a21521f9aa17e": ["0", "org.scoutant.blokish.UI"]}, {"7c89547e629cd7a43e3182e1cdfb1d4b": ["2", "org.scoutant.blokish.Settings"]}, {"7c89547e629cd7a43e3182e1cdfb1d4b": ["2", "org.scoutant.blokish.Settings"]}, {"7c89547e629cd7a43e3182e1cdfb1d4b": ["2", "org.scoutant.blokish.Settings"]}, {"7c89547e629cd7a43e3182e1cdfb1d4b": ["2", "org.scoutant.blokish.Settings"]}, {"7c89547e629cd7a43e3182e1cdfb1d4b": ["2", "org.scoutant.blokish.Settings"]}, {"f3fe1ec362205040297a21521f9aa17e": ["0", "org.scoutant.blokish.UI"]}, {"f3fe1ec362205040297a21521f9aa17e": ["0", "org.scoutant.blokish.UI"]}, {"f3fe1ec362205040297a21521f9aa17e": ["0", "org.scoutant.blokish.UI"]}, {"f3fe1ec362205040297a21521f9aa17e": ["0", "org.scoutant.blokish.UI"]}, {"ab95e3a7db588e58b262283f8ec2c0f6": ["1", "org.scoutant.blokish.Help"]}, {"7c89547e629cd7a43e3182e1cdfb1d4b": ["2", "org.scoutant.blokish.Settings"]}, {"7c89547e629cd7a43e3182e1cdfb1d4b": ["2", "org.scoutant.blokish.Settings"]}, {"7c89547e629cd7a43e3182e1cdfb1d4b": ["2", "org.scoutant.blokish.Settings"]}, {"7c89547e629cd7a43e3182e1cdfb1d4b": ["2", "org.scoutant.blokish.Settings"]}, {"7c89547e629cd7a43e3182e1cdfb1d4b": ["2", "org.scoutant.blokish.Settings"]}, {"f3fe1ec362205040297a21521f9aa17e": ["0", "org.scoutant.blokish.UI"]}, {"f3fe1ec362205040297a21521f9aa17e": ["0", "org.scoutant.blokish.UI"]}, {"f3fe1ec362205040297a21521f9aa17e": ["0", "org.scoutant.blokish.UI"]}, {"f3fe1ec362205040297a21521f9aa17e": ["0", "org.scoutant.blokish.UI"]}, {"f3fe1ec362205040297a21521f9aa17e": ["0", "org.scoutant.blokish.UI"]}, {"f3fe1ec362205040297a21521f9aa17e": ["0", "org.scoutant.blokish.UI"]}, {"f3fe1ec362205040297a21521f9aa17e": ["0", "org.scoutant.blokish.UI"]}, {"f3fe1ec362205040297a21521f9aa17e": ["0", "org.scoutant.blokish.UI"]}, {"7c89547e629cd7a43e3182e1cdfb1d4b": ["2", "org.scoutant.blokish.Settings"]}, {"7c89547e629cd7a43e3182e1cdfb1d4b": ["2", "org.scoutant.blokish.Settings"]}, {"7c89547e629cd7a43e3182e1cdfb1d4b": ["2", "org.scoutant.blokish.Settings"]}, {"7c89547e629cd7a43e3182e1cdfb1d4b": ["2", "org.scoutant.blokish.Settings"]}, {"7c89547e629cd7a43e3182e1cdfb1d4b": ["2", "org.scoutant.blokish.Settings"]}, {"7c89547e629cd7a43e3182e1cdfb1d4b": ["2", "org.scoutant.blokish.Settings"]}, {"7c89547e629cd7a43e3182e1cdfb1d4b": ["2", "org.scoutant.blokish.Settings"]}, {"7c89547e629cd7a43e3182e1cdfb1d4b": ["2", "org.scoutant.blokish.Settings"]}, {"7c89547e629cd7a43e3182e1cdfb1d4b": ["2", "org.scoutant.blokish.Settings"]}, {"7c89547e629cd7a43e3182e1cdfb1d4b": ["2", "org.scoutant.blokish.Settings"]}, {"7c89547e629cd7a43e3182e1cdfb1d4b": ["2", "org.scoutant.blokish.Settings"]}, {"12b186fafb4ce3d20412ff75624ce696": ["3", "org.scoutant.blokish.Settings"]}, {"7c89547e629cd7a43e3182e1cdfb1d4b": ["2", "org.scoutant.blokish.Settings"]}, {"7c89547e629cd7a43e3182e1cdfb1d4b": ["2", "org.scoutant.blokish.Settings"]}, {"7c89547e629cd7a43e3182e1cdfb1d4b": ["2", "org.scoutant.blokish.Settings"]}, {"7c89547e629cd7a43e3182e1cdfb1d4b": ["2", "org.scoutant.blokish.Settings"]}, {"7c89547e629cd7a43e3182e1cdfb1d4b": ["2", "org.scoutant.blokish.Settings"]}, {"7c89547e629cd7a43e3182e1cdfb1d4b": ["2", "org.scoutant.blokish.Settings"]}, {"7c89547e629cd7a43e3182e1cdfb1d4b": ["2", "org.scoutant.blokish.Settings"]}, {"7c89547e629cd7a43e3182e1cdfb1d4b": ["2", "org.scoutant.blokish.Settings"]}, {"7c89547e629cd7a43e3182e1cdfb1d4b": ["2", "org.scoutant.blokish.Settings"]}, {"12b186fafb4ce3d20412ff75624ce696": ["3", "org.scoutant.blokish.Settings"]}, {"7c89547e629cd7a43e3182e1cdfb1d4b": ["2", "org.scoutant.blokish.Settings"]}, {"12b186fafb4ce3d20412ff75624ce696": ["3", "org.scoutant.blokish.Settings"]}, {"7c89547e629cd7a43e3182e1cdfb1d4b": ["2", "org.scoutant.blokish.Settings"]}, {"7c89547e629cd7a43e3182e1cdfb1d4b": ["2", "org.scoutant.blokish.Settings"]}, {"7c89547e629cd7a43e3182e1cdfb1d4b": ["2", "org.scoutant.blokish.Settings"]}, {"12b186fafb4ce3d20412ff75624ce696": ["3", "org.scoutant.blokish.Settings"]}, {"7c89547e629cd7a43e3182e1cdfb1d4b": ["2", "org.scoutant.blokish.Settings"]}, {"7c89547e629cd7a43e3182e1cdfb1d4b": ["2", "org.scoutant.blokish.Settings"]}, {"12b186fafb4ce3d20412ff75624ce696": ["3", "org.scoutant.blokish.Settings"]}, {"7c89547e629cd7a43e3182e1cdfb1d4b": ["2", "org.scoutant.blokish.Settings"]}, {"7c89547e629cd7a43e3182e1cdfb1d4b": ["2", "org.scoutant.blokish.Settings"]}, {"7c89547e629cd7a43e3182e1cdfb1d4b": ["2", "org.scoutant.blokish.Settings"]}, {"7c89547e629cd7a43e3182e1cdfb1d4b": ["2", "org.scoutant.blokish.Settings"]}, {"7c89547e629cd7a43e3182e1cdfb1d4b": ["2", "org.scoutant.blokish.Settings"]}, {"7c89547e629cd7a43e3182e1cdfb1d4b": ["2", "org.scoutant.blokish.Settings"]}, {"f3fe1ec362205040297a21521f9aa17e": ["0", "org.scoutant.blokish.UI"]}, {"f3fe1ec362205040297a21521f9aa17e": ["0", "org.scoutant.blokish.UI"]}, {"7c89547e629cd7a43e3182e1cdfb1d4b": ["2", "org.scoutant.blokish.Settings"]}, {"7c89547e629cd7a43e3182e1cdfb1d4b": ["2", "org.scoutant.blokish.Settings"]}, {"12b186fafb4ce3d20412ff75624ce696": ["3", "org.scoutant.blokish.Settings"]}, {"7c89547e629cd7a43e3182e1cdfb1d4b": ["2", "org.scoutant.blokish.Settings"]}, {"7c89547e629cd7a43e3182e1cdfb1d4b": ["2", "org.scoutant.blokish.Settings"]}, {"12b186fafb4ce3d20412ff75624ce696": ["3", "org.scoutant.blokish.Settings"]}, {"7c89547e629cd7a43e3182e1cdfb1d4b": ["2", "org.scoutant.blokish.Settings"]}, {"7c89547e629cd7a43e3182e1cdfb1d4b": ["2", "org.scoutant.blokish.Settings"]}, {"7c89547e629cd7a43e3182e1cdfb1d4b": ["2", "org.scoutant.blokish.Settings"]}, {"12b186fafb4ce3d20412ff75624ce696": ["3", "org.scoutant.blokish.Settings"]}, {"7c89547e629cd7a43e3182e1cdfb1d4b": ["2", "org.scoutant.blokish.Settings"]}, {"7c89547e629cd7a43e3182e1cdfb1d4b": ["2", "org.scoutant.blokish.Settings"]}, {"7c89547e629cd7a43e3182e1cdfb1d4b": ["2", "org.scoutant.blokish.Settings"]}, {"7c89547e629cd7a43e3182e1cdfb1d4b": ["2", "org.scoutant.blokish.Settings"]}, {"7c89547e629cd7a43e3182e1cdfb1d4b": ["2", "org.scoutant.blokish.Settings"]}, {"12b186fafb4ce3d20412ff75624ce696": ["3", "org.scoutant.blokish.Settings"]}, {"7c89547e629cd7a43e3182e1cdfb1d4b": ["2", "org.scoutant.blokish.Settings"]}, {"7c89547e629cd7a43e3182e1cdfb1d4b": ["2", "org.scoutant.blokish.Settings"]}, {"12b186fafb4ce3d20412ff75624ce696": ["3", "org.scoutant.blokish.Settings"]}, {"7c89547e629cd7a43e3182e1cdfb1d4b": ["2", "org.scoutant.blokish.Settings"]}, {"7c89547e629cd7a43e3182e1cdfb1d4b": ["2", "org.scoutant.blokish.Settings"]}, {"12b186fafb4ce3d20412ff75624ce696": ["3", "org.scoutant.blokish.Settings"]}, {"7c89547e629cd7a43e3182e1cdfb1d4b": ["2", "org.scoutant.blokish.Settings"]}, {"7c89547e629cd7a43e3182e1cdfb1d4b": ["2", "org.scoutant.blokish.Settings"]}, {"12b186fafb4ce3d20412ff75624ce696": ["3", "org.scoutant.blokish.Settings"]}, {"7c89547e629cd7a43e3182e1cdfb1d4b": ["2", "org.scoutant.blokish.Settings"]}, {"7c89547e629cd7a43e3182e1cdfb1d4b": ["2", "org.scoutant.blokish.Settings"]}, {"7c89547e629cd7a43e3182e1cdfb1d4b": ["2", "org.scoutant.blokish.Settings"]}, {"7c89547e629cd7a43e3182e1cdfb1d4b": ["2", "org.scoutant.blokish.Settings"]}, {"12b186fafb4ce3d20412ff75624ce696": ["3", "org.scoutant.blokish.Settings"]}, {"7c89547e629cd7a43e3182e1cdfb1d4b": ["2", "org.scoutant.blokish.Settings"]}, {"7c89547e629cd7a43e3182e1cdfb1d4b": ["2", "org.scoutant.blokish.Settings"]}, {"7c89547e629cd7a43e3182e1cdfb1d4b": ["2", "org.scoutant.blokish.Settings"]}, {"7c89547e629cd7a43e3182e1cdfb1d4b": ["2", "org.scoutant.blokish.Settings"]}, {"7c89547e629cd7a43e3182e1cdfb1d4b": ["2", "org.scoutant.blokish.Settings"]}, {"7c89547e629cd7a43e3182e1cdfb1d4b": ["2", "org.scoutant.blokish.Settings"]}, {"7c89547e629cd7a43e3182e1cdfb1d4b": ["2", "org.scoutant.blokish.Settings"]}, {"12b186fafb4ce3d20412ff75624ce696": ["3", "org.scoutant.blokish.Settings"]}, {"7c89547e629cd7a43e3182e1cdfb1d4b": ["2", "org.scoutant.blokish.Settings"]}, {"7c89547e629cd7a43e3182e1cdfb1d4b": ["2", "org.scoutant.blokish.Settings"]}, {"7c89547e629cd7a43e3182e1cdfb1d4b": ["2", "org.scoutant.blokish.Settings"]}, {"7c89547e629cd7a43e3182e1cdfb1d4b": ["2", "org.scoutant.blokish.Settings"]}, {"f3fe1ec362205040297a21521f9aa17e": ["0", "org.scoutant.blokish.UI"]}, {"f3fe1ec362205040297a21521f9aa17e": ["0", "org.scoutant.blokish.UI"]}, {"7c89547e629cd7a43e3182e1cdfb1d4b": ["2", "org.scoutant.blokish.Settings"]}, {"7c89547e629cd7a43e3182e1cdfb1d4b": ["2", "org.scoutant.blokish.Settings"]}, {"7c89547e629cd7a43e3182e1cdfb1d4b": ["2", "org.scoutant.blokish.Settings"]}, {"7c89547e629cd7a43e3182e1cdfb1d4b": ["2", "org.scoutant.blokish.Settings"]}, {"7c89547e629cd7a43e3182e1cdfb1d4b": ["2", "org.scoutant.blokish.Settings"]}, {"f3fe1ec362205040297a21521f9aa17e": ["0", "org.scoutant.blokish.UI"]}, {"f3fe1ec362205040297a21521f9aa17e": ["0", "org.scoutant.blokish.UI"]}, {"f3fe1ec362205040297a21521f9aa17e": ["0", "org.scoutant.blokish.UI"]}, {"f3fe1ec362205040297a21521f9aa17e": ["0", "org.scoutant.blokish.UI"]}, {"ab95e3a7db588e58b262283f8ec2c0f6": ["1", "org.scoutant.blokish.Help"]}, {"7c89547e629cd7a43e3182e1cdfb1d4b": ["2", "org.scoutant.blokish.Settings"]}, {"7c89547e629cd7a43e3182e1cdfb1d4b": ["2", "org.scoutant.blokish.Settings"]}, {"7c89547e629cd7a43e3182e1cdfb1d4b": ["2", "org.scoutant.blokish.Settings"]}, {"7c89547e629cd7a43e3182e1cdfb1d4b": ["2", "org.scoutant.blokish.Settings"]}, {"7c89547e629cd7a43e3182e1cdfb1d4b": ["2", "org.scoutant.blokish.Settings"]}, {"f3fe1ec362205040297a21521f9aa17e": ["0", "org.scoutant.blokish.UI"]}, {"f3fe1ec362205040297a21521f9aa17e": ["0", "org.scoutant.blokish.UI"]}, {"f3fe1ec362205040297a21521f9aa17e": ["0", "org.scoutant.blokish.UI"]}, {"f3fe1ec362205040297a21521f9aa17e": ["0", "org.scoutant.blokish.UI"]}, {"f3fe1ec362205040297a21521f9aa17e": ["0", "org.scoutant.blokish.UI"]}, {"f3fe1ec362205040297a21521f9aa17e": ["0", "org.scoutant.blokish.UI"]}, {"f3fe1ec362205040297a21521f9aa17e": ["0", "org.scoutant.blokish.UI"]}, {"f3fe1ec362205040297a21521f9aa17e": ["0", "org.scoutant.blokish.UI"]}, {"7c89547e629cd7a43e3182e1cdfb1d4b": ["2", "org.scoutant.blokish.Settings"]}, {"7c89547e629cd7a43e3182e1cdfb1d4b": ["2", "org.scoutant.blokish.Settings"]}, {"7c89547e629cd7a43e3182e1cdfb1d4b": ["2", "org.scoutant.blokish.Settings"]}, {"7c89547e629cd7a43e3182e1cdfb1d4b": ["2", "org.scoutant.blokish.Settings"]}, {"7c89547e629cd7a43e3182e1cdfb1d4b": ["2", "org.scoutant.blokish.Settings"]}, {"7c89547e629cd7a43e3182e1cdfb1d4b": ["2", "org.scoutant.blokish.Settings"]}, {"7c89547e629cd7a43e3182e1cdfb1d4b": ["2", "org.scoutant.blokish.Settings"]}, {"7c89547e629cd7a43e3182e1cdfb1d4b": ["2", "org.scoutant.blokish.Settings"]}, {"7c89547e629cd7a43e3182e1cdfb1d4b": ["2", "org.scoutant.blokish.Settings"]}, {"7c89547e629cd7a43e3182e1cdfb1d4b": ["2", "org.scoutant.blokish.Settings"]}, {"7c89547e629cd7a43e3182e1cdfb1d4b": ["2", "org.scoutant.blokish.Settings"]}, {"12b186fafb4ce3d20412ff75624ce696": ["3", "org.scoutant.blokish.Settings"]}, {"7c89547e629cd7a43e3182e1cdfb1d4b": ["2", "org.scoutant.blokish.Settings"]}, {"7c89547e629cd7a43e3182e1cdfb1d4b": ["2", "org.scoutant.blokish.Settings"]}, {"7c89547e629cd7a43e3182e1cdfb1d4b": ["2", "org.scoutant.blokish.Settings"]}, {"7c89547e629cd7a43e3182e1cdfb1d4b": ["2", "org.scoutant.blokish.Settings"]}, {"7c89547e629cd7a43e3182e1cdfb1d4b": ["2", "org.scoutant.blokish.Settings"]}, {"7c89547e629cd7a43e3182e1cdfb1d4b": ["2", "org.scoutant.blokish.Settings"]}, {"7c89547e629cd7a43e3182e1cdfb1d4b": ["2", "org.scoutant.blokish.Settings"]}, {"7c89547e629cd7a43e3182e1cdfb1d4b": ["2", "org.scoutant.blokish.Settings"]}, {"7c89547e629cd7a43e3182e1cdfb1d4b": ["2", "org.scoutant.blokish.Settings"]}, {"12b186fafb4ce3d20412ff75624ce696": ["3", "org.scoutant.blokish.Settings"]}, {"7c89547e629cd7a43e3182e1cdfb1d4b": ["2", "org.scoutant.blokish.Settings"]}, {"12b186fafb4ce3d20412ff75624ce696": ["3", "org.scoutant.blokish.Settings"]}, {"7c89547e629cd7a43e3182e1cdfb1d4b": ["2", "org.scoutant.blokish.Settings"]}, {"7c89547e629cd7a43e3182e1cdfb1d4b": ["2", "org.scoutant.blokish.Settings"]}, {"7c89547e629cd7a43e3182e1cdfb1d4b": ["2", "org.scoutant.blokish.Settings"]}, {"12b186fafb4ce3d20412ff75624ce696": ["3", "org.scoutant.blokish.Settings"]}, {"7c89547e629cd7a43e3182e1cdfb1d4b": ["2", "org.scoutant.blokish.Settings"]}, {"7c89547e629cd7a43e3182e1cdfb1d4b": ["2", "org.scoutant.blokish.Settings"]}, {"12b186fafb4ce3d20412ff75624ce696": ["3", "org.scoutant.blokish.Settings"]}, {"7c89547e629cd7a43e3182e1cdfb1d4b": ["2", "org.scoutant.blokish.Settings"]}, {"7c89547e629cd7a43e3182e1cdfb1d4b": ["2", "org.scoutant.blokish.Settings"]}, {"7c89547e629cd7a43e3182e1cdfb1d4b": ["2", "org.scoutant.blokish.Settings"]}, {"7c89547e629cd7a43e3182e1cdfb1d4b": ["2", "org.scoutant.blokish.Settings"]}, {"7c89547e629cd7a43e3182e1cdfb1d4b": ["2", "org.scoutant.blokish.Settings"]}, {"7c89547e629cd7a43e3182e1cdfb1d4b": ["2", "org.scoutant.blokish.Settings"]}, {"f3fe1ec362205040297a21521f9aa17e": ["0", "org.scoutant.blokish.UI"]}, {"f3fe1ec362205040297a21521f9aa17e": ["0", "org.scoutant.blokish.UI"]}, {"7c89547e629cd7a43e3182e1cdfb1d4b": ["2", "org.scoutant.blokish.Settings"]}, {"7c89547e629cd7a43e3182e1cdfb1d4b": ["2", "org.scoutant.blokish.Settings"]}, {"12b186fafb4ce3d20412ff75624ce696": ["3", "org.scoutant.blokish.Settings"]}, {"7c89547e629cd7a43e3182e1cdfb1d4b": ["2", "org.scoutant.blokish.Settings"]}, {"7c89547e629cd7a43e3182e1cdfb1d4b": ["2", "org.scoutant.blokish.Settings"]}, {"12b186fafb4ce3d20412ff75624ce696": ["3", "org.scoutant.blokish.Settings"]}, {"7c89547e629cd7a43e3182e1cdfb1d4b": ["2", "org.scoutant.blokish.Settings"]}, {"7c89547e629cd7a43e3182e1cdfb1d4b": ["2", "org.scoutant.blokish.Settings"]}, {"7c89547e629cd7a43e3182e1cdfb1d4b": ["2", "org.scoutant.blokish.Settings"]}, {"12b186fafb4ce3d20412ff75624ce696": ["3", "org.scoutant.blokish.Settings"]}, {"7c89547e629cd7a43e3182e1cdfb1d4b": ["2", "org.scoutant.blokish.Settings"]}, {"7c89547e629cd7a43e3182e1cdfb1d4b": ["2", "org.scoutant.blokish.Settings"]}, {"7c89547e629cd7a43e3182e1cdfb1d4b": ["2", "org.scoutant.blokish.Settings"]}, {"7c89547e629cd7a43e3182e1cdfb1d4b": ["2", "org.scoutant.blokish.Settings"]}, {"7c89547e629cd7a43e3182e1cdfb1d4b": ["2", "org.scoutant.blokish.Settings"]}, {"12b186fafb4ce3d20412ff75624ce696": ["3", "org.scoutant.blokish.Settings"]}, {"7c89547e629cd7a43e3182e1cdfb1d4b": ["2", "org.scoutant.blokish.Settings"]}, {"7c89547e629cd7a43e3182e1cdfb1d4b": ["2", "org.scoutant.blokish.Settings"]}, {"12b186fafb4ce3d20412ff75624ce696": ["3", "org.scoutant.blokish.Settings"]}, {"7c89547e629cd7a43e3182e1cdfb1d4b": ["2", "org.scoutant.blokish.Settings"]}, {"7c89547e629cd7a43e3182e1cdfb1d4b": ["2", "org.scoutant.blokish.Settings"]}, {"12b186fafb4ce3d20412ff75624ce696": ["3", "org.scoutant.blokish.Settings"]}, {"7c89547e629cd7a43e3182e1cdfb1d4b": ["2", "org.scoutant.blokish.Settings"]}, {"7c89547e629cd7a43e3182e1cdfb1d4b": ["2", "org.scoutant.blokish.Settings"]}, {"12b186fafb4ce3d20412ff75624ce696": ["3", "org.scoutant.blokish.Settings"]}, {"7c89547e629cd7a43e3182e1cdfb1d4b": ["2", "org.scoutant.blokish.Settings"]}, {"7c89547e629cd7a43e3182e1cdfb1d4b": ["2", "org.scoutant.blokish.Settings"]}, {"7c89547e629cd7a43e3182e1cdfb1d4b": ["2", "org.scoutant.blokish.Settings"]}, {"7c89547e629cd7a43e3182e1cdfb1d4b": ["2", "org.scoutant.blokish.Settings"]}, {"12b186fafb4ce3d20412ff75624ce696": ["3", "org.scoutant.blokish.Settings"]}, {"7c89547e629cd7a43e3182e1cdfb1d4b": ["2", "org.scoutant.blokish.Settings"]}, {"7c89547e629cd7a43e3182e1cdfb1d4b": ["2", "org.scoutant.blokish.Settings"]}, {"7c89547e629cd7a43e3182e1cdfb1d4b": ["2", "org.scoutant.blokish.Settings"]}, {"7c89547e629cd7a43e3182e1cdfb1d4b": ["2", "org.scoutant.blokish.Settings"]}, {"7c89547e629cd7a43e3182e1cdfb1d4b": ["2", "org.scoutant.blokish.Settings"]}, {"7c89547e629cd7a43e3182e1cdfb1d4b": ["2", "org.scoutant.blokish.Settings"]}, {"7c89547e629cd7a43e3182e1cdfb1d4b": ["2", "org.scoutant.blokish.Settings"]}, {"12b186fafb4ce3d20412ff75624ce696": ["3", "org.scoutant.blokish.Settings"]}, {"7c89547e629cd7a43e3182e1cdfb1d4b": ["2", "org.scoutant.blokish.Settings"]}, {"7c89547e629cd7a43e3182e1cdfb1d4b": ["2", "org.scoutant.blokish.Settings"]}, {"7c89547e629cd7a43e3182e1cdfb1d4b": ["2", "org.scoutant.blokish.Settings"]}, {"7c89547e629cd7a43e3182e1cdfb1d4b": ["2", "org.scoutant.blokish.Settings"]}, {"f3fe1ec362205040297a21521f9aa17e": ["0", "org.scoutant.blokish.UI"]}, {"f3fe1ec362205040297a21521f9aa17e": ["0", "org.scoutant.blokish.UI"]}, {"7c89547e629cd7a43e3182e1cdfb1d4b": ["2", "org.scoutant.blokish.Settings"]}, {"7c89547e629cd7a43e3182e1cdfb1d4b": ["2", "org.scoutant.blokish.Settings"]}, {"7c89547e629cd7a43e3182e1cdfb1d4b": ["2", "org.scoutant.blokish.Settings"]}, {"7c89547e629cd7a43e3182e1cdfb1d4b": ["2", "org.scoutant.blokish.Settings"]}, {"7c89547e629cd7a43e3182e1cdfb1d4b": ["2", "org.scoutant.blokish.Settings"]}, {"f3fe1ec362205040297a21521f9aa17e": ["0", "org.scoutant.blokish.UI"]}, {"f3fe1ec362205040297a21521f9aa17e": ["0", "org.scoutant.blokish.UI"]}, {"f3fe1ec362205040297a21521f9aa17e": ["0", "org.scoutant.blokish.UI"]}, {"f3fe1ec362205040297a21521f9aa17e": ["0", "org.scoutant.blokish.UI"]}, {"ab95e3a7db588e58b262283f8ec2c0f6": ["1", "org.scoutant.blokish.Help"]}, {"7c89547e629cd7a43e3182e1cdfb1d4b": ["2", "org.scoutant.blokish.Settings"]}, {"7c89547e629cd7a43e3182e1cdfb1d4b": ["2", "org.scoutant.blokish.Settings"]}, {"7c89547e629cd7a43e3182e1cdfb1d4b": ["2", "org.scoutant.blokish.Settings"]}, {"7c89547e629cd7a43e3182e1cdfb1d4b": ["2", "org.scoutant.blokish.Settings"]}, {"7c89547e629cd7a43e3182e1cdfb1d4b": ["2", "org.scoutant.blokish.Settings"]}, {"f3fe1ec362205040297a21521f9aa17e": ["0", "org.scoutant.blokish.UI"]}, {"f3fe1ec362205040297a21521f9aa17e": ["0", "org.scoutant.blokish.UI"]}, {"f3fe1ec362205040297a21521f9aa17e": ["0", "org.scoutant.blokish.UI"]}, {"f3fe1ec362205040297a21521f9aa17e": ["0", "org.scoutant.blokish.UI"]}, {"f3fe1ec362205040297a21521f9aa17e": ["0", "org.scoutant.blokish.UI"]}, {"f3fe1ec362205040297a21521f9aa17e": ["0", "org.scoutant.blokish.UI"]}, {"f3fe1ec362205040297a21521f9aa17e": ["0", "org.scoutant.blokish.UI"]}, {"f3fe1ec362205040297a21521f9aa17e": ["0", "org.scoutant.blokish.UI"]}, {"7c89547e629cd7a43e3182e1cdfb1d4b": ["2", "org.scoutant.blokish.Settings"]}, {"7c89547e629cd7a43e3182e1cdfb1d4b": ["2", "org.scoutant.blokish.Settings"]}, {"7c89547e629cd7a43e3182e1cdfb1d4b": ["2", "org.scoutant.blokish.Settings"]}, {"7c89547e629cd7a43e3182e1cdfb1d4b": ["2", "org.scoutant.blokish.Settings"]}, {"7c89547e629cd7a43e3182e1cdfb1d4b": ["2", "org.scoutant.blokish.Settings"]}, {"7c89547e629cd7a43e3182e1cdfb1d4b": ["2", "org.scoutant.blokish.Settings"]}, {"7c89547e629cd7a43e3182e1cdfb1d4b": ["2", "org.scoutant.blokish.Settings"]}, {"7c89547e629cd7a43e3182e1cdfb1d4b": ["2", "org.scoutant.blokish.Settings"]}, {"7c89547e629cd7a43e3182e1cdfb1d4b": ["2", "org.scoutant.blokish.Settings"]}, {"7c89547e629cd7a43e3182e1cdfb1d4b": ["2", "org.scoutant.blokish.Settings"]}, {"7c89547e629cd7a43e3182e1cdfb1d4b": ["2", "org.scoutant.blokish.Settings"]}, {"12b186fafb4ce3d20412ff75624ce696": ["3", "org.scoutant.blokish.Settings"]}, {"7c89547e629cd7a43e3182e1cdfb1d4b": ["2", "org.scoutant.blokish.Settings"]}, {"7c89547e629cd7a43e3182e1cdfb1d4b": ["2", "org.scoutant.blokish.Settings"]}, {"7c89547e629cd7a43e3182e1cdfb1d4b": ["2", "org.scoutant.blokish.Settings"]}, {"7c89547e629cd7a43e3182e1cdfb1d4b": ["2", "org.scoutant.blokish.Settings"]}, {"7c89547e629cd7a43e3182e1cdfb1d4b": ["2", "org.scoutant.blokish.Settings"]}, {"7c89547e629cd7a43e3182e1cdfb1d4b": ["2", "org.scoutant.blokish.Settings"]}, {"7c89547e629cd7a43e3182e1cdfb1d4b": ["2", "org.scoutant.blokish.Settings"]}, {"7c89547e629cd7a43e3182e1cdfb1d4b": ["2", "org.scoutant.blokish.Settings"]}, {"7c89547e629cd7a43e3182e1cdfb1d4b": ["2", "org.scoutant.blokish.Settings"]}, {"12b186fafb4ce3d20412ff75624ce696": ["3", "org.scoutant.blokish.Settings"]}, {"7c89547e629cd7a43e3182e1cdfb1d4b": ["2", "org.scoutant.blokish.Settings"]}, {"12b186fafb4ce3d20412ff75624ce696": ["3", "org.scoutant.blokish.Settings"]}, {"7c89547e629cd7a43e3182e1cdfb1d4b": ["2", "org.scoutant.blokish.Settings"]}, {"7c89547e629cd7a43e3182e1cdfb1d4b": ["2", "org.scoutant.blokish.Settings"]}, {"7c89547e629cd7a43e3182e1cdfb1d4b": ["2", "org.scoutant.blokish.Settings"]}, {"12b186fafb4ce3d20412ff75624ce696": ["3", "org.scoutant.blokish.Settings"]}, {"7c89547e629cd7a43e3182e1cdfb1d4b": ["2", "org.scoutant.blokish.Settings"]}, {"7c89547e629cd7a43e3182e1cdfb1d4b": ["2", "org.scoutant.blokish.Settings"]}, {"12b186fafb4ce3d20412ff75624ce696": ["3", "org.scoutant.blokish.Settings"]}, {"7c89547e629cd7a43e3182e1cdfb1d4b": ["2", "org.scoutant.blokish.Settings"]}, {"7c89547e629cd7a43e3182e1cdfb1d4b": ["2", "org.scoutant.blokish.Settings"]}, {"7c89547e629cd7a43e3182e1cdfb1d4b": ["2", "org.scoutant.blokish.Settings"]}, {"7c89547e629cd7a43e3182e1cdfb1d4b": ["2", "org.scoutant.blokish.Settings"]}, {"7c89547e629cd7a43e3182e1cdfb1d4b": ["2", "org.scoutant.blokish.Settings"]}, {"7c89547e629cd7a43e3182e1cdfb1d4b": ["2", "org.scoutant.blokish.Settings"]}, {"f3fe1ec362205040297a21521f9aa17e": ["0", "org.scoutant.blokish.UI"]}, {"f3fe1ec362205040297a21521f9aa17e": ["0", "org.scoutant.blokish.UI"]}, {"7c89547e629cd7a43e3182e1cdfb1d4b": ["2", "org.scoutant.blokish.Settings"]}, {"7c89547e629cd7a43e3182e1cdfb1d4b": ["2", "org.scoutant.blokish.Settings"]}, {"12b186fafb4ce3d20412ff75624ce696": ["3", "org.scoutant.blokish.Settings"]}, {"7c89547e629cd7a43e3182e1cdfb1d4b": ["2", "org.scoutant.blokish.Settings"]}, {"7c89547e629cd7a43e3182e1cdfb1d4b": ["2", "org.scoutant.blokish.Settings"]}, {"12b186fafb4ce3d20412ff75624ce696": ["3", "org.scoutant.blokish.Settings"]}, {"7c89547e629cd7a43e3182e1cdfb1d4b": ["2", "org.scoutant.blokish.Settings"]}, {"7c89547e629cd7a43e3182e1cdfb1d4b": ["2", "org.scoutant.blokish.Settings"]}, {"7c89547e629cd7a43e3182e1cdfb1d4b": ["2", "org.scoutant.blokish.Settings"]}, {"12b186fafb4ce3d20412ff75624ce696": ["3", "org.scoutant.blokish.Settings"]}, {"7c89547e629cd7a43e3182e1cdfb1d4b": ["2", "org.scoutant.blokish.Settings"]}, {"7c89547e629cd7a43e3182e1cdfb1d4b": ["2", "org.scoutant.blokish.Settings"]}, {"7c89547e629cd7a43e3182e1cdfb1d4b": ["2", "org.scoutant.blokish.Settings"]}, {"7c89547e629cd7a43e3182e1cdfb1d4b": ["2", "org.scoutant.blokish.Settings"]}, {"7c89547e629cd7a43e3182e1cdfb1d4b": ["2", "org.scoutant.blokish.Settings"]}, {"12b186fafb4ce3d20412ff75624ce696": ["3", "org.scoutant.blokish.Settings"]}, {"7c89547e629cd7a43e3182e1cdfb1d4b": ["2", "org.scoutant.blokish.Settings"]}, {"7c89547e629cd7a43e3182e1cdfb1d4b": ["2", "org.scoutant.blokish.Settings"]}, {"12b186fafb4ce3d20412ff75624ce696": ["3", "org.scoutant.blokish.Settings"]}, {"7c89547e629cd7a43e3182e1cdfb1d4b": ["2", "org.scoutant.blokish.Settings"]}, {"7c89547e629cd7a43e3182e1cdfb1d4b": ["2", "org.scoutant.blokish.Settings"]}, {"12b186fafb4ce3d20412ff75624ce696": ["3", "org.scoutant.blokish.Settings"]}, {"7c89547e629cd7a43e3182e1cdfb1d4b": ["2", "org.scoutant.blokish.Settings"]}, {"7c89547e629cd7a43e3182e1cdfb1d4b": ["2", "org.scoutant.blokish.Settings"]}, {"12b186fafb4ce3d20412ff75624ce696": ["3", "org.scoutant.blokish.Settings"]}, {"7c89547e629cd7a43e3182e1cdfb1d4b": ["2", "org.scoutant.blokish.Settings"]}, {"7c89547e629cd7a43e3182e1cdfb1d4b": ["2", "org.scoutant.blokish.Settings"]}, {"7c89547e629cd7a43e3182e1cdfb1d4b": ["2", "org.scoutant.blokish.Settings"]}, {"7c89547e629cd7a43e3182e1cdfb1d4b": ["2", "org.scoutant.blokish.Settings"]}, {"12b186fafb4ce3d20412ff75624ce696": ["3", "org.scoutant.blokish.Settings"]}, {"7c89547e629cd7a43e3182e1cdfb1d4b": ["2", "org.scoutant.blokish.Settings"]}, {"7c89547e629cd7a43e3182e1cdfb1d4b": ["2", "org.scoutant.blokish.Settings"]}, {"7c89547e629cd7a43e3182e1cdfb1d4b": ["2", "org.scoutant.blokish.Settings"]}, {"7c89547e629cd7a43e3182e1cdfb1d4b": ["2", "org.scoutant.blokish.Settings"]}, {"7c89547e629cd7a43e3182e1cdfb1d4b": ["2", "org.scoutant.blokish.Settings"]}, {"7c89547e629cd7a43e3182e1cdfb1d4b": ["2", "org.scoutant.blokish.Settings"]}, {"7c89547e629cd7a43e3182e1cdfb1d4b": ["2", "org.scoutant.blokish.Settings"]}, {"12b186fafb4ce3d20412ff75624ce696": ["3", "org.scoutant.blokish.Settings"]}, {"7c89547e629cd7a43e3182e1cdfb1d4b": ["2", "org.scoutant.blokish.Settings"]}, {"7c89547e629cd7a43e3182e1cdfb1d4b": ["2", "org.scoutant.blokish.Settings"]}, {"7c89547e629cd7a43e3182e1cdfb1d4b": ["2", "org.scoutant.blokish.Settings"]}, {"7c89547e629cd7a43e3182e1cdfb1d4b": ["2", "org.scoutant.blokish.Settings"]}, {"f3fe1ec362205040297a21521f9aa17e": ["0", "org.scoutant.blokish.UI"]}, {"f3fe1ec362205040297a21521f9aa17e": ["0", "org.scoutant.blokish.UI"]}, {"7c89547e629cd7a43e3182e1cdfb1d4b": ["2", "org.scoutant.blokish.Settings"]}, {"7c89547e629cd7a43e3182e1cdfb1d4b": ["2", "org.scoutant.blokish.Settings"]}, {"7c89547e629cd7a43e3182e1cdfb1d4b": ["2", "org.scoutant.blokish.Settings"]}, {"7c89547e629cd7a43e3182e1cdfb1d4b": ["2", "org.scoutant.blokish.Settings"]}, {"7c89547e629cd7a43e3182e1cdfb1d4b": ["2", "org.scoutant.blokish.Settings"]}, {"f3fe1ec362205040297a21521f9aa17e": ["0", "org.scoutant.blokish.UI"]}, {"f3fe1ec362205040297a21521f9aa17e": ["0", "org.scoutant.blokish.UI"]}, {"f3fe1ec362205040297a21521f9aa17e": ["0", "org.scoutant.blokish.UI"]}, {"f3fe1ec362205040297a21521f9aa17e": ["0", "org.scoutant.blokish.UI"]}, {"ab95e3a7db588e58b262283f8ec2c0f6": ["1", "org.scoutant.blokish.Help"]}, {"7c89547e629cd7a43e3182e1cdfb1d4b": ["2", "org.scoutant.blokish.Settings"]}, {"7c89547e629cd7a43e3182e1cdfb1d4b": ["2", "org.scoutant.blokish.Settings"]}, {"7c89547e629cd7a43e3182e1cdfb1d4b": ["2", "org.scoutant.blokish.Settings"]}, {"7c89547e629cd7a43e3182e1cdfb1d4b": ["2", "org.scoutant.blokish.Settings"]}, {"7c89547e629cd7a43e3182e1cdfb1d4b": ["2", "org.scoutant.blokish.Settings"]}, {"f3fe1ec362205040297a21521f9aa17e": ["0", "org.scoutant.blokish.UI"]}, {"f3fe1ec362205040297a21521f9aa17e": ["0", "org.scoutant.blokish.UI"]}, {"f3fe1ec362205040297a21521f9aa17e": ["0", "org.scoutant.blokish.UI"]}, {"f3fe1ec362205040297a21521f9aa17e": ["0", "org.scoutant.blokish.UI"]}, {"f3fe1ec362205040297a21521f9aa17e": ["0", "org.scoutant.blokish.UI"]}, {"f3fe1ec362205040297a21521f9aa17e": ["0", "org.scoutant.blokish.UI"]}, {"f3fe1ec362205040297a21521f9aa17e": ["0", "org.scoutant.blokish.UI"]}, {"f3fe1ec362205040297a21521f9aa17e": ["0", "org.scoutant.blokish.UI"]}, {"7c89547e629cd7a43e3182e1cdfb1d4b": ["2", "org.scoutant.blokish.Settings"]}, {"7c89547e629cd7a43e3182e1cdfb1d4b": ["2", "org.scoutant.blokish.Settings"]}, {"7c89547e629cd7a43e3182e1cdfb1d4b": ["2", "org.scoutant.blokish.Settings"]}, {"7c89547e629cd7a43e3182e1cdfb1d4b": ["2", "org.scoutant.blokish.Settings"]}, {"7c89547e629cd7a43e3182e1cdfb1d4b": ["2", "org.scoutant.blokish.Settings"]}, {"7c89547e629cd7a43e3182e1cdfb1d4b": ["2", "org.scoutant.blokish.Settings"]}, {"7c89547e629cd7a43e3182e1cdfb1d4b": ["2", "org.scoutant.blokish.Settings"]}, {"7c89547e629cd7a43e3182e1cdfb1d4b": ["2", "org.scoutant.blokish.Settings"]}, {"7c89547e629cd7a43e3182e1cdfb1d4b": ["2", "org.scoutant.blokish.Settings"]}, {"7c89547e629cd7a43e3182e1cdfb1d4b": ["2", "org.scoutant.blokish.Settings"]}, {"7c89547e629cd7a43e3182e1cdfb1d4b": ["2", "org.scoutant.blokish.Settings"]}, {"12b186fafb4ce3d20412ff75624ce696": ["3", "org.scoutant.blokish.Settings"]}, {"7c89547e629cd7a43e3182e1cdfb1d4b": ["2", "org.scoutant.blokish.Settings"]}, {"7c89547e629cd7a43e3182e1cdfb1d4b": ["2", "org.scoutant.blokish.Settings"]}, {"7c89547e629cd7a43e3182e1cdfb1d4b": ["2", "org.scoutant.blokish.Settings"]}, {"7c89547e629cd7a43e3182e1cdfb1d4b": ["2", "org.scoutant.blokish.Settings"]}, {"7c89547e629cd7a43e3182e1cdfb1d4b": ["2", "org.scoutant.blokish.Settings"]}, {"7c89547e629cd7a43e3182e1cdfb1d4b": ["2", "org.scoutant.blokish.Settings"]}, {"7c89547e629cd7a43e3182e1cdfb1d4b": ["2", "org.scoutant.blokish.Settings"]}, {"7c89547e629cd7a43e3182e1cdfb1d4b": ["2", "org.scoutant.blokish.Settings"]}, {"7c89547e629cd7a43e3182e1cdfb1d4b": ["2", "org.scoutant.blokish.Settings"]}, {"12b186fafb4ce3d20412ff75624ce696": ["3", "org.scoutant.blokish.Settings"]}, {"7c89547e629cd7a43e3182e1cdfb1d4b": ["2", "org.scoutant.blokish.Settings"]}, {"12b186fafb4ce3d20412ff75624ce696": ["3", "org.scoutant.blokish.Settings"]}, {"7c89547e629cd7a43e3182e1cdfb1d4b": ["2", "org.scoutant.blokish.Settings"]}, {"7c89547e629cd7a43e3182e1cdfb1d4b": ["2", "org.scoutant.blokish.Settings"]}, {"7c89547e629cd7a43e3182e1cdfb1d4b": ["2", "org.scoutant.blokish.Settings"]}, {"12b186fafb4ce3d20412ff75624ce696": ["3", "org.scoutant.blokish.Settings"]}, {"7c89547e629cd7a43e3182e1cdfb1d4b": ["2", "org.scoutant.blokish.Settings"]}, {"7c89547e629cd7a43e3182e1cdfb1d4b": ["2", "org.scoutant.blokish.Settings"]}, {"12b186fafb4ce3d20412ff75624ce696": ["3", "org.scoutant.blokish.Settings"]}, {"7c89547e629cd7a43e3182e1cdfb1d4b": ["2", "org.scoutant.blokish.Settings"]}, {"7c89547e629cd7a43e3182e1cdfb1d4b": ["2", "org.scoutant.blokish.Settings"]}, {"7c89547e629cd7a43e3182e1cdfb1d4b": ["2", "org.scoutant.blokish.Settings"]}, {"7c89547e629cd7a43e3182e1cdfb1d4b": ["2", "org.scoutant.blokish.Settings"]}, {"7c89547e629cd7a43e3182e1cdfb1d4b": ["2", "org.scoutant.blokish.Settings"]}, {"7c89547e629cd7a43e3182e1cdfb1d4b": ["2", "org.scoutant.blokish.Settings"]}, {"f3fe1ec362205040297a21521f9aa17e": ["0", "org.scoutant.blokish.UI"]}]