[{"5ded1a6c73fac00ded5d0a5fa6a8e77b": ["2", "org.smerty.zooborns.ZooBorns"]}, {"5ded1a6c73fac00ded5d0a5fa6a8e77b": ["2", "org.smerty.zooborns.ZooBorns"]}, {"5ded1a6c73fac00ded5d0a5fa6a8e77b": ["2", "org.smerty.zooborns.ZooBorns"]}, {"5ded1a6c73fac00ded5d0a5fa6a8e77b": ["2", "org.smerty.zooborns.ZooBorns"]}, {"5ded1a6c73fac00ded5d0a5fa6a8e77b": ["2", "org.smerty.zooborns.ZooBorns"]}, {"5ded1a6c73fac00ded5d0a5fa6a8e77b": ["2", "org.smerty.zooborns.ZooBorns"]}, {"5ded1a6c73fac00ded5d0a5fa6a8e77b": ["2", "org.smerty.zooborns.ZooBorns"]}, {"5ded1a6c73fac00ded5d0a5fa6a8e77b": ["2", "org.smerty.zooborns.ZooBorns"]}, {"5ded1a6c73fac00ded5d0a5fa6a8e77b": ["2", "org.smerty.zooborns.ZooBorns"]}, {"5ded1a6c73fac00ded5d0a5fa6a8e77b": ["2", "org.smerty.zooborns.ZooBorns"]}, {"5ded1a6c73fac00ded5d0a5fa6a8e77b": ["2", "org.smerty.zooborns.ZooBorns"]}, {"5ded1a6c73fac00ded5d0a5fa6a8e77b": ["2", "org.smerty.zooborns.ZooBorns"]}, {"5ded1a6c73fac00ded5d0a5fa6a8e77b": ["2", "org.smerty.zooborns.ZooBorns"]}, {"5ded1a6c73fac00ded5d0a5fa6a8e77b": ["2", "org.smerty.zooborns.ZooBorns"]}, {"5ded1a6c73fac00ded5d0a5fa6a8e77b": ["2", "org.smerty.zooborns.ZooBorns"]}, {"5ded1a6c73fac00ded5d0a5fa6a8e77b": ["2", "org.smerty.zooborns.ZooBorns"]}, {"5ded1a6c73fac00ded5d0a5fa6a8e77b": ["2", "org.smerty.zooborns.ZooBorns"]}, {"5ded1a6c73fac00ded5d0a5fa6a8e77b": ["2", "org.smerty.zooborns.ZooBorns"]}, {"5ded1a6c73fac00ded5d0a5fa6a8e77b": ["2", "org.smerty.zooborns.ZooBorns"]}, {"5ded1a6c73fac00ded5d0a5fa6a8e77b": ["2", "org.smerty.zooborns.ZooBorns"]}, {"5ded1a6c73fac00ded5d0a5fa6a8e77b": ["2", "org.smerty.zooborns.ZooBorns"]}, {"5ded1a6c73fac00ded5d0a5fa6a8e77b": ["2", "org.smerty.zooborns.ZooBorns"]}, {"5ded1a6c73fac00ded5d0a5fa6a8e77b": ["2", "org.smerty.zooborns.ZooBorns"]}, {"5ded1a6c73fac00ded5d0a5fa6a8e77b": ["2", "org.smerty.zooborns.ZooBorns"]}, {"5ded1a6c73fac00ded5d0a5fa6a8e77b": ["2", "org.smerty.zooborns.ZooBorns"]}, {"5ded1a6c73fac00ded5d0a5fa6a8e77b": ["2", "org.smerty.zooborns.ZooBorns"]}, {"5ded1a6c73fac00ded5d0a5fa6a8e77b": ["2", "org.smerty.zooborns.ZooBorns"]}, {"5ded1a6c73fac00ded5d0a5fa6a8e77b": ["2", "org.smerty.zooborns.ZooBorns"]}, {"5ded1a6c73fac00ded5d0a5fa6a8e77b": ["2", "org.smerty.zooborns.ZooBorns"]}, {"5ded1a6c73fac00ded5d0a5fa6a8e77b": ["2", "org.smerty.zooborns.ZooBorns"]}, {"5ded1a6c73fac00ded5d0a5fa6a8e77b": ["2", "org.smerty.zooborns.ZooBorns"]}, {"5ded1a6c73fac00ded5d0a5fa6a8e77b": ["2", "org.smerty.zooborns.ZooBorns"]}, {"5ded1a6c73fac00ded5d0a5fa6a8e77b": ["2", "org.smerty.zooborns.ZooBorns"]}, {"5ded1a6c73fac00ded5d0a5fa6a8e77b": ["2", "org.smerty.zooborns.ZooBorns"]}, {"5ded1a6c73fac00ded5d0a5fa6a8e77b": ["2", "org.smerty.zooborns.ZooBorns"]}, {"5ded1a6c73fac00ded5d0a5fa6a8e77b": ["2", "org.smerty.zooborns.ZooBorns"]}]