[{"f3fe1ec362205040297a21521f9aa17e": ["0", "org.scoutant.blokish.UI"]}, {"f3fe1ec362205040297a21521f9aa17e": ["0", "org.scoutant.blokish.UI"]}, {"f3fe1ec362205040297a21521f9aa17e": ["0", "org.scoutant.blokish.UI"]}, {"f3fe1ec362205040297a21521f9aa17e": ["0", "org.scoutant.blokish.UI"]}, {"f3fe1ec362205040297a21521f9aa17e": ["0", "org.scoutant.blokish.UI"]}, {"f3fe1ec362205040297a21521f9aa17e": ["0", "org.scoutant.blokish.UI"]}, {"ab95e3a7db588e58b262283f8ec2c0f6": ["1", "org.scoutant.blokish.Help"]}, {"f3fe1ec362205040297a21521f9aa17e": ["0", "org.scoutant.blokish.UI"]}, {"f3fe1ec362205040297a21521f9aa17e": ["0", "org.scoutant.blokish.UI"]}, {"f3fe1ec362205040297a21521f9aa17e": ["0", "org.scoutant.blokish.UI"]}, {"f3fe1ec362205040297a21521f9aa17e": ["0", "org.scoutant.blokish.UI"]}, {"f3fe1ec362205040297a21521f9aa17e": ["0", "org.scoutant.blokish.UI"]}, {"f3fe1ec362205040297a21521f9aa17e": ["0", "org.scoutant.blokish.UI"]}, {"7c89547e629cd7a43e3182e1cdfb1d4b": ["2", "org.scoutant.blokish.Settings"]}, {"7c89547e629cd7a43e3182e1cdfb1d4b": ["2", "org.scoutant.blokish.Settings"]}, {"7c89547e629cd7a43e3182e1cdfb1d4b": ["2", "org.scoutant.blokish.Settings"]}, {"7c89547e629cd7a43e3182e1cdfb1d4b": ["2", "org.scoutant.blokish.Settings"]}, {"7c89547e629cd7a43e3182e1cdfb1d4b": ["2", "org.scoutant.blokish.Settings"]}, {"7c89547e629cd7a43e3182e1cdfb1d4b": ["2", "org.scoutant.blokish.Settings"]}, {"7c89547e629cd7a43e3182e1cdfb1d4b": ["2", "org.scoutant.blokish.Settings"]}, {"7c89547e629cd7a43e3182e1cdfb1d4b": ["2", "org.scoutant.blokish.Settings"]}, {"7c89547e629cd7a43e3182e1cdfb1d4b": ["2", "org.scoutant.blokish.Settings"]}, {"12b186fafb4ce3d20412ff75624ce696": ["3", "org.scoutant.blokish.Settings"]}, {"7c89547e629cd7a43e3182e1cdfb1d4b": ["2", "org.scoutant.blokish.Settings"]}, {"7c89547e629cd7a43e3182e1cdfb1d4b": ["2", "org.scoutant.blokish.Settings"]}, {"7c89547e629cd7a43e3182e1cdfb1d4b": ["2", "org.scoutant.blokish.Settings"]}, {"7c89547e629cd7a43e3182e1cdfb1d4b": ["2", "org.scoutant.blokish.Settings"]}, {"7c89547e629cd7a43e3182e1cdfb1d4b": ["2", "org.scoutant.blokish.Settings"]}, {"7c89547e629cd7a43e3182e1cdfb1d4b": ["2", "org.scoutant.blokish.Settings"]}, {"7c89547e629cd7a43e3182e1cdfb1d4b": ["2", "org.scoutant.blokish.Settings"]}, {"7c89547e629cd7a43e3182e1cdfb1d4b": ["2", "org.scoutant.blokish.Settings"]}, {"7c89547e629cd7a43e3182e1cdfb1d4b": ["2", "org.scoutant.blokish.Settings"]}, {"7c89547e629cd7a43e3182e1cdfb1d4b": ["2", "org.scoutant.blokish.Settings"]}, {"7c89547e629cd7a43e3182e1cdfb1d4b": ["2", "org.scoutant.blokish.Settings"]}, {"f3fe1ec362205040297a21521f9aa17e": ["0", "org.scoutant.blokish.UI"]}, {"f3fe1ec362205040297a21521f9aa17e": ["0", "org.scoutant.blokish.UI"]}, {"f3fe1ec362205040297a21521f9aa17e": ["0", "org.scoutant.blokish.UI"]}, {"d81f1004fefdfd53cfb75400f5868d49": ["4", "org.scoutant.blokish.UI"]}, {"d81f1004fefdfd53cfb75400f5868d49": ["4", "org.scoutant.blokish.UI"]}, {"d81f1004fefdfd53cfb75400f5868d49": ["4", "org.scoutant.blokish.UI"]}, {"d81f1004fefdfd53cfb75400f5868d49": ["4", "org.scoutant.blokish.UI"]}, {"d81f1004fefdfd53cfb75400f5868d49": ["4", "org.scoutant.blokish.UI"]}, {"d81f1004fefdfd53cfb75400f5868d49": ["4", "org.scoutant.blokish.UI"]}, {"d81f1004fefdfd53cfb75400f5868d49": ["4", "org.scoutant.blokish.UI"]}, {"d81f1004fefdfd53cfb75400f5868d49": ["4", "org.scoutant.blokish.UI"]}, {"f3fe1ec362205040297a21521f9aa17e": ["0", "org.scoutant.blokish.UI"]}, {"f3fe1ec362205040297a21521f9aa17e": ["0", "org.scoutant.blokish.UI"]}, {"f3fe1ec362205040297a21521f9aa17e": ["0", "org.scoutant.blokish.UI"]}, {"f3fe1ec362205040297a21521f9aa17e": ["0", "org.scoutant.blokish.UI"]}, {"f3fe1ec362205040297a21521f9aa17e": ["0", "org.scoutant.blokish.UI"]}, {"72f4e6b48cca0ae1b46d5a151d4012ca": ["5", "org.scoutant.blokish.UI"]}, {"f3fe1ec362205040297a21521f9aa17e": ["0", "org.scoutant.blokish.UI"]}, {"f3fe1ec362205040297a21521f9aa17e": ["0", "org.scoutant.blokish.UI"]}, {"f3fe1ec362205040297a21521f9aa17e": ["0", "org.scoutant.blokish.UI"]}, {"f3fe1ec362205040297a21521f9aa17e": ["0", "org.scoutant.blokish.UI"]}, {"f3fe1ec362205040297a21521f9aa17e": ["0", "org.scoutant.blokish.UI"]}, {"f3fe1ec362205040297a21521f9aa17e": ["0", "org.scoutant.blokish.UI"]}, {"f3fe1ec362205040297a21521f9aa17e": ["0", "org.scoutant.blokish.UI"]}, {"f3fe1ec362205040297a21521f9aa17e": ["0", "org.scoutant.blokish.UI"]}, {"f3fe1ec362205040297a21521f9aa17e": ["0", "org.scoutant.blokish.UI"]}, {"f3fe1ec362205040297a21521f9aa17e": ["0", "org.scoutant.blokish.UI"]}, {"f3fe1ec362205040297a21521f9aa17e": ["0", "org.scoutant.blokish.UI"]}, {"f3fe1ec362205040297a21521f9aa17e": ["0", "org.scoutant.blokish.UI"]}, {"f3fe1ec362205040297a21521f9aa17e": ["0", "org.scoutant.blokish.UI"]}, {"f3fe1ec362205040297a21521f9aa17e": ["0", "org.scoutant.blokish.UI"]}, {"f3fe1ec362205040297a21521f9aa17e": ["0", "org.scoutant.blokish.UI"]}, {"f3fe1ec362205040297a21521f9aa17e": ["0", "org.scoutant.blokish.UI"]}, {"f3fe1ec362205040297a21521f9aa17e": ["0", "org.scoutant.blokish.UI"]}, {"f3fe1ec362205040297a21521f9aa17e": ["0", "org.scoutant.blokish.UI"]}, {"f3fe1ec362205040297a21521f9aa17e": ["0", "org.scoutant.blokish.UI"]}, {"f3fe1ec362205040297a21521f9aa17e": ["0", "org.scoutant.blokish.UI"]}, {"f3fe1ec362205040297a21521f9aa17e": ["0", "org.scoutant.blokish.UI"]}, {"f3fe1ec362205040297a21521f9aa17e": ["0", "org.scoutant.blokish.UI"]}, {"f3fe1ec362205040297a21521f9aa17e": ["0", "org.scoutant.blokish.UI"]}, {"f3fe1ec362205040297a21521f9aa17e": ["0", "org.scoutant.blokish.UI"]}, {"f3fe1ec362205040297a21521f9aa17e": ["0", "org.scoutant.blokish.UI"]}, {"d81f1004fefdfd53cfb75400f5868d49": ["4", "org.scoutant.blokish.UI"]}, {"d81f1004fefdfd53cfb75400f5868d49": ["4", "org.scoutant.blokish.UI"]}, {"72f4e6b48cca0ae1b46d5a151d4012ca": ["5", "org.scoutant.blokish.UI"]}, {"f3fe1ec362205040297a21521f9aa17e": ["0", "org.scoutant.blokish.UI"]}, {"f3fe1ec362205040297a21521f9aa17e": ["0", "org.scoutant.blokish.UI"]}, {"f3fe1ec362205040297a21521f9aa17e": ["0", "org.scoutant.blokish.UI"]}, {"f3fe1ec362205040297a21521f9aa17e": ["0", "org.scoutant.blokish.UI"]}, {"f3fe1ec362205040297a21521f9aa17e": ["0", "org.scoutant.blokish.UI"]}, {"f3fe1ec362205040297a21521f9aa17e": ["0", "org.scoutant.blokish.UI"]}, {"f3fe1ec362205040297a21521f9aa17e": ["0", "org.scoutant.blokish.UI"]}, {"f3fe1ec362205040297a21521f9aa17e": ["0", "org.scoutant.blokish.UI"]}, {"f3fe1ec362205040297a21521f9aa17e": ["0", "org.scoutant.blokish.UI"]}, {"f3fe1ec362205040297a21521f9aa17e": ["0", "org.scoutant.blokish.UI"]}, {"f3fe1ec362205040297a21521f9aa17e": ["0", "org.scoutant.blokish.UI"]}, {"f3fe1ec362205040297a21521f9aa17e": ["0", "org.scoutant.blokish.UI"]}, {"f3fe1ec362205040297a21521f9aa17e": ["0", "org.scoutant.blokish.UI"]}, {"f3fe1ec362205040297a21521f9aa17e": ["0", "org.scoutant.blokish.UI"]}, {"f3fe1ec362205040297a21521f9aa17e": ["0", "org.scoutant.blokish.UI"]}, {"f3fe1ec362205040297a21521f9aa17e": ["0", "org.scoutant.blokish.UI"]}, {"f3fe1ec362205040297a21521f9aa17e": ["0", "org.scoutant.blokish.UI"]}, {"f3fe1ec362205040297a21521f9aa17e": ["0", "org.scoutant.blokish.UI"]}, {"7c89547e629cd7a43e3182e1cdfb1d4b": ["2", "org.scoutant.blokish.Settings"]}, {"7c89547e629cd7a43e3182e1cdfb1d4b": ["2", "org.scoutant.blokish.Settings"]}, {"7c89547e629cd7a43e3182e1cdfb1d4b": ["2", "org.scoutant.blokish.Settings"]}, {"7c89547e629cd7a43e3182e1cdfb1d4b": ["2", "org.scoutant.blokish.Settings"]}, {"12b186fafb4ce3d20412ff75624ce696": ["3", "org.scoutant.blokish.Settings"]}, {"7c89547e629cd7a43e3182e1cdfb1d4b": ["2", "org.scoutant.blokish.Settings"]}, {"7c89547e629cd7a43e3182e1cdfb1d4b": ["2", "org.scoutant.blokish.Settings"]}, {"7c89547e629cd7a43e3182e1cdfb1d4b": ["2", "org.scoutant.blokish.Settings"]}, {"7c89547e629cd7a43e3182e1cdfb1d4b": ["2", "org.scoutant.blokish.Settings"]}, {"7c89547e629cd7a43e3182e1cdfb1d4b": ["2", "org.scoutant.blokish.Settings"]}, {"7c89547e629cd7a43e3182e1cdfb1d4b": ["2", "org.scoutant.blokish.Settings"]}, {"7c89547e629cd7a43e3182e1cdfb1d4b": ["2", "org.scoutant.blokish.Settings"]}, {"7c89547e629cd7a43e3182e1cdfb1d4b": ["2", "org.scoutant.blokish.Settings"]}, {"7c89547e629cd7a43e3182e1cdfb1d4b": ["2", "org.scoutant.blokish.Settings"]}, {"7c89547e629cd7a43e3182e1cdfb1d4b": ["2", "org.scoutant.blokish.Settings"]}, {"7c89547e629cd7a43e3182e1cdfb1d4b": ["2", "org.scoutant.blokish.Settings"]}, {"7c89547e629cd7a43e3182e1cdfb1d4b": ["2", "org.scoutant.blokish.Settings"]}, {"7c89547e629cd7a43e3182e1cdfb1d4b": ["2", "org.scoutant.blokish.Settings"]}, {"7c89547e629cd7a43e3182e1cdfb1d4b": ["2", "org.scoutant.blokish.Settings"]}, {"7c89547e629cd7a43e3182e1cdfb1d4b": ["2", "org.scoutant.blokish.Settings"]}, {"7c89547e629cd7a43e3182e1cdfb1d4b": ["2", "org.scoutant.blokish.Settings"]}, {"7c89547e629cd7a43e3182e1cdfb1d4b": ["2", "org.scoutant.blokish.Settings"]}, {"7c89547e629cd7a43e3182e1cdfb1d4b": ["2", "org.scoutant.blokish.Settings"]}, {"7c89547e629cd7a43e3182e1cdfb1d4b": ["2", "org.scoutant.blokish.Settings"]}, {"7c89547e629cd7a43e3182e1cdfb1d4b": ["2", "org.scoutant.blokish.Settings"]}, {"7c89547e629cd7a43e3182e1cdfb1d4b": ["2", "org.scoutant.blokish.Settings"]}, {"7c89547e629cd7a43e3182e1cdfb1d4b": ["2", "org.scoutant.blokish.Settings"]}, {"12b186fafb4ce3d20412ff75624ce696": ["3", "org.scoutant.blokish.Settings"]}, {"7c89547e629cd7a43e3182e1cdfb1d4b": ["2", "org.scoutant.blokish.Settings"]}, {"12b186fafb4ce3d20412ff75624ce696": ["3", "org.scoutant.blokish.Settings"]}, {"7c89547e629cd7a43e3182e1cdfb1d4b": ["2", "org.scoutant.blokish.Settings"]}, {"7c89547e629cd7a43e3182e1cdfb1d4b": ["2", "org.scoutant.blokish.Settings"]}, {"12b186fafb4ce3d20412ff75624ce696": ["3", "org.scoutant.blokish.Settings"]}, {"7c89547e629cd7a43e3182e1cdfb1d4b": ["2", "org.scoutant.blokish.Settings"]}, {"7c89547e629cd7a43e3182e1cdfb1d4b": ["2", "org.scoutant.blokish.Settings"]}, {"7c89547e629cd7a43e3182e1cdfb1d4b": ["2", "org.scoutant.blokish.Settings"]}, {"7c89547e629cd7a43e3182e1cdfb1d4b": ["2", "org.scoutant.blokish.Settings"]}, {"9b5dde10daf502f1e68e11331a68e784": ["6", "org.scoutant.blokish.UI"]}, {"f3fe1ec362205040297a21521f9aa17e": ["0", "org.scoutant.blokish.UI"]}, {"f3fe1ec362205040297a21521f9aa17e": ["0", "org.scoutant.blokish.UI"]}, {"f3fe1ec362205040297a21521f9aa17e": ["0", "org.scoutant.blokish.UI"]}, {"f3fe1ec362205040297a21521f9aa17e": ["0", "org.scoutant.blokish.UI"]}, {"f3fe1ec362205040297a21521f9aa17e": ["0", "org.scoutant.blokish.UI"]}, {"f3fe1ec362205040297a21521f9aa17e": ["0", "org.scoutant.blokish.UI"]}, {"f3fe1ec362205040297a21521f9aa17e": ["0", "org.scoutant.blokish.UI"]}, {"f3fe1ec362205040297a21521f9aa17e": ["0", "org.scoutant.blokish.UI"]}, {"f3fe1ec362205040297a21521f9aa17e": ["0", "org.scoutant.blokish.UI"]}, {"f3fe1ec362205040297a21521f9aa17e": ["0", "org.scoutant.blokish.UI"]}, {"f3fe1ec362205040297a21521f9aa17e": ["0", "org.scoutant.blokish.UI"]}, {"f3fe1ec362205040297a21521f9aa17e": ["0", "org.scoutant.blokish.UI"]}, {"ab95e3a7db588e58b262283f8ec2c0f6": ["1", "org.scoutant.blokish.Help"]}, {"f3fe1ec362205040297a21521f9aa17e": ["0", "org.scoutant.blokish.UI"]}, {"f3fe1ec362205040297a21521f9aa17e": ["0", "org.scoutant.blokish.UI"]}, {"f3fe1ec362205040297a21521f9aa17e": ["0", "org.scoutant.blokish.UI"]}, {"f3fe1ec362205040297a21521f9aa17e": ["0", "org.scoutant.blokish.UI"]}, {"72f4e6b48cca0ae1b46d5a151d4012ca": ["5", "org.scoutant.blokish.UI"]}, {"ab95e3a7db588e58b262283f8ec2c0f6": ["1", "org.scoutant.blokish.Help"]}, {"f3fe1ec362205040297a21521f9aa17e": ["0", "org.scoutant.blokish.UI"]}, {"f3fe1ec362205040297a21521f9aa17e": ["0", "org.scoutant.blokish.UI"]}, {"f3fe1ec362205040297a21521f9aa17e": ["0", "org.scoutant.blokish.UI"]}, {"f3fe1ec362205040297a21521f9aa17e": ["0", "org.scoutant.blokish.UI"]}, {"72f4e6b48cca0ae1b46d5a151d4012ca": ["5", "org.scoutant.blokish.UI"]}, {"ab95e3a7db588e58b262283f8ec2c0f6": ["1", "org.scoutant.blokish.Help"]}, {"f3fe1ec362205040297a21521f9aa17e": ["0", "org.scoutant.blokish.UI"]}, {"f3fe1ec362205040297a21521f9aa17e": ["0", "org.scoutant.blokish.UI"]}, {"f3fe1ec362205040297a21521f9aa17e": ["0", "org.scoutant.blokish.UI"]}, {"f3fe1ec362205040297a21521f9aa17e": ["0", "org.scoutant.blokish.UI"]}, {"72f4e6b48cca0ae1b46d5a151d4012ca": ["5", "org.scoutant.blokish.UI"]}, {"ab95e3a7db588e58b262283f8ec2c0f6": ["1", "org.scoutant.blokish.Help"]}, {"f3fe1ec362205040297a21521f9aa17e": ["0", "org.scoutant.blokish.UI"]}, {"f3fe1ec362205040297a21521f9aa17e": ["0", "org.scoutant.blokish.UI"]}, {"f3fe1ec362205040297a21521f9aa17e": ["0", "org.scoutant.blokish.UI"]}, {"f3fe1ec362205040297a21521f9aa17e": ["0", "org.scoutant.blokish.UI"]}, {"72f4e6b48cca0ae1b46d5a151d4012ca": ["5", "org.scoutant.blokish.UI"]}, {"5e49d8b3b9ef83013cd5e0b2c3d2c75a": ["7", "org.scoutant.blokish.Help"]}, {"f3fe1ec362205040297a21521f9aa17e": ["0", "org.scoutant.blokish.UI"]}, {"f3fe1ec362205040297a21521f9aa17e": ["0", "org.scoutant.blokish.UI"]}, {"f3fe1ec362205040297a21521f9aa17e": ["0", "org.scoutant.blokish.UI"]}, {"f3fe1ec362205040297a21521f9aa17e": ["0", "org.scoutant.blokish.UI"]}, {"72f4e6b48cca0ae1b46d5a151d4012ca": ["5", "org.scoutant.blokish.UI"]}, {"ab95e3a7db588e58b262283f8ec2c0f6": ["1", "org.scoutant.blokish.Help"]}, {"f3fe1ec362205040297a21521f9aa17e": ["0", "org.scoutant.blokish.UI"]}, {"f3fe1ec362205040297a21521f9aa17e": ["0", "org.scoutant.blokish.UI"]}, {"f3fe1ec362205040297a21521f9aa17e": ["0", "org.scoutant.blokish.UI"]}, {"f3fe1ec362205040297a21521f9aa17e": ["0", "org.scoutant.blokish.UI"]}, {"72f4e6b48cca0ae1b46d5a151d4012ca": ["5", "org.scoutant.blokish.UI"]}, {"ab95e3a7db588e58b262283f8ec2c0f6": ["1", "org.scoutant.blokish.Help"]}, {"f3fe1ec362205040297a21521f9aa17e": ["0", "org.scoutant.blokish.UI"]}, {"f3fe1ec362205040297a21521f9aa17e": ["0", "org.scoutant.blokish.UI"]}, {"f3fe1ec362205040297a21521f9aa17e": ["0", "org.scoutant.blokish.UI"]}, {"f3fe1ec362205040297a21521f9aa17e": ["0", "org.scoutant.blokish.UI"]}, {"72f4e6b48cca0ae1b46d5a151d4012ca": ["5", "org.scoutant.blokish.UI"]}, {"ab95e3a7db588e58b262283f8ec2c0f6": ["1", "org.scoutant.blokish.Help"]}, {"f3fe1ec362205040297a21521f9aa17e": ["0", "org.scoutant.blokish.UI"]}, {"f3fe1ec362205040297a21521f9aa17e": ["0", "org.scoutant.blokish.UI"]}, {"f3fe1ec362205040297a21521f9aa17e": ["0", "org.scoutant.blokish.UI"]}, {"f3fe1ec362205040297a21521f9aa17e": ["0", "org.scoutant.blokish.UI"]}, {"72f4e6b48cca0ae1b46d5a151d4012ca": ["5", "org.scoutant.blokish.UI"]}, {"ab95e3a7db588e58b262283f8ec2c0f6": ["1", "org.scoutant.blokish.Help"]}, {"f3fe1ec362205040297a21521f9aa17e": ["0", "org.scoutant.blokish.UI"]}, {"f3fe1ec362205040297a21521f9aa17e": ["0", "org.scoutant.blokish.UI"]}, {"f3fe1ec362205040297a21521f9aa17e": ["0", "org.scoutant.blokish.UI"]}, {"f3fe1ec362205040297a21521f9aa17e": ["0", "org.scoutant.blokish.UI"]}, {"72f4e6b48cca0ae1b46d5a151d4012ca": ["5", "org.scoutant.blokish.UI"]}, {"ab95e3a7db588e58b262283f8ec2c0f6": ["1", "org.scoutant.blokish.Help"]}, {"f3fe1ec362205040297a21521f9aa17e": ["0", "org.scoutant.blokish.UI"]}, {"f3fe1ec362205040297a21521f9aa17e": ["0", "org.scoutant.blokish.UI"]}, {"f3fe1ec362205040297a21521f9aa17e": ["0", "org.scoutant.blokish.UI"]}, {"f3fe1ec362205040297a21521f9aa17e": ["0", "org.scoutant.blokish.UI"]}, {"72f4e6b48cca0ae1b46d5a151d4012ca": ["5", "org.scoutant.blokish.UI"]}, {"ab95e3a7db588e58b262283f8ec2c0f6": ["1", "org.scoutant.blokish.Help"]}, {"f3fe1ec362205040297a21521f9aa17e": ["0", "org.scoutant.blokish.UI"]}, {"f3fe1ec362205040297a21521f9aa17e": ["0", "org.scoutant.blokish.UI"]}, {"f3fe1ec362205040297a21521f9aa17e": ["0", "org.scoutant.blokish.UI"]}, {"f3fe1ec362205040297a21521f9aa17e": ["0", "org.scoutant.blokish.UI"]}, {"72f4e6b48cca0ae1b46d5a151d4012ca": ["5", "org.scoutant.blokish.UI"]}, {"ab95e3a7db588e58b262283f8ec2c0f6": ["1", "org.scoutant.blokish.Help"]}, {"f3fe1ec362205040297a21521f9aa17e": ["0", "org.scoutant.blokish.UI"]}, {"f3fe1ec362205040297a21521f9aa17e": ["0", "org.scoutant.blokish.UI"]}, {"f3fe1ec362205040297a21521f9aa17e": ["0", "org.scoutant.blokish.UI"]}, {"f3fe1ec362205040297a21521f9aa17e": ["0", "org.scoutant.blokish.UI"]}, {"72f4e6b48cca0ae1b46d5a151d4012ca": ["5", "org.scoutant.blokish.UI"]}, {"ab95e3a7db588e58b262283f8ec2c0f6": ["1", "org.scoutant.blokish.Help"]}, {"f3fe1ec362205040297a21521f9aa17e": ["0", "org.scoutant.blokish.UI"]}, {"f3fe1ec362205040297a21521f9aa17e": ["0", "org.scoutant.blokish.UI"]}, {"f3fe1ec362205040297a21521f9aa17e": ["0", "org.scoutant.blokish.UI"]}, {"f3fe1ec362205040297a21521f9aa17e": ["0", "org.scoutant.blokish.UI"]}, {"72f4e6b48cca0ae1b46d5a151d4012ca": ["5", "org.scoutant.blokish.UI"]}, {"ab95e3a7db588e58b262283f8ec2c0f6": ["1", "org.scoutant.blokish.Help"]}, {"f3fe1ec362205040297a21521f9aa17e": ["0", "org.scoutant.blokish.UI"]}, {"f3fe1ec362205040297a21521f9aa17e": ["0", "org.scoutant.blokish.UI"]}, {"f3fe1ec362205040297a21521f9aa17e": ["0", "org.scoutant.blokish.UI"]}, {"f3fe1ec362205040297a21521f9aa17e": ["0", "org.scoutant.blokish.UI"]}, {"72f4e6b48cca0ae1b46d5a151d4012ca": ["5", "org.scoutant.blokish.UI"]}, {"ab95e3a7db588e58b262283f8ec2c0f6": ["1", "org.scoutant.blokish.Help"]}, {"f3fe1ec362205040297a21521f9aa17e": ["0", "org.scoutant.blokish.UI"]}, {"f3fe1ec362205040297a21521f9aa17e": ["0", "org.scoutant.blokish.UI"]}, {"f3fe1ec362205040297a21521f9aa17e": ["0", "org.scoutant.blokish.UI"]}, {"f3fe1ec362205040297a21521f9aa17e": ["0", "org.scoutant.blokish.UI"]}, {"f3fe1ec362205040297a21521f9aa17e": ["0", "org.scoutant.blokish.UI"]}, {"f3fe1ec362205040297a21521f9aa17e": ["0", "org.scoutant.blokish.UI"]}, {"ab95e3a7db588e58b262283f8ec2c0f6": ["1", "org.scoutant.blokish.Help"]}, {"f3fe1ec362205040297a21521f9aa17e": ["0", "org.scoutant.blokish.UI"]}, {"f3fe1ec362205040297a21521f9aa17e": ["0", "org.scoutant.blokish.UI"]}, {"f3fe1ec362205040297a21521f9aa17e": ["0", "org.scoutant.blokish.UI"]}, {"f3fe1ec362205040297a21521f9aa17e": ["0", "org.scoutant.blokish.UI"]}, {"72f4e6b48cca0ae1b46d5a151d4012ca": ["5", "org.scoutant.blokish.UI"]}, {"ab95e3a7db588e58b262283f8ec2c0f6": ["1", "org.scoutant.blokish.Help"]}, {"f3fe1ec362205040297a21521f9aa17e": ["0", "org.scoutant.blokish.UI"]}, {"f3fe1ec362205040297a21521f9aa17e": ["0", "org.scoutant.blokish.UI"]}, {"f3fe1ec362205040297a21521f9aa17e": ["0", "org.scoutant.blokish.UI"]}, {"f3fe1ec362205040297a21521f9aa17e": ["0", "org.scoutant.blokish.UI"]}, {"72f4e6b48cca0ae1b46d5a151d4012ca": ["5", "org.scoutant.blokish.UI"]}, {"ab95e3a7db588e58b262283f8ec2c0f6": ["1", "org.scoutant.blokish.Help"]}, {"f3fe1ec362205040297a21521f9aa17e": ["0", "org.scoutant.blokish.UI"]}, {"f3fe1ec362205040297a21521f9aa17e": ["0", "org.scoutant.blokish.UI"]}, {"f3fe1ec362205040297a21521f9aa17e": ["0", "org.scoutant.blokish.UI"]}, {"f3fe1ec362205040297a21521f9aa17e": ["0", "org.scoutant.blokish.UI"]}, {"72f4e6b48cca0ae1b46d5a151d4012ca": ["5", "org.scoutant.blokish.UI"]}, {"ab95e3a7db588e58b262283f8ec2c0f6": ["1", "org.scoutant.blokish.Help"]}, {"f3fe1ec362205040297a21521f9aa17e": ["0", "org.scoutant.blokish.UI"]}, {"f3fe1ec362205040297a21521f9aa17e": ["0", "org.scoutant.blokish.UI"]}, {"f3fe1ec362205040297a21521f9aa17e": ["0", "org.scoutant.blokish.UI"]}, {"f3fe1ec362205040297a21521f9aa17e": ["0", "org.scoutant.blokish.UI"]}, {"72f4e6b48cca0ae1b46d5a151d4012ca": ["5", "org.scoutant.blokish.UI"]}, {"ab95e3a7db588e58b262283f8ec2c0f6": ["1", "org.scoutant.blokish.Help"]}, {"f3fe1ec362205040297a21521f9aa17e": ["0", "org.scoutant.blokish.UI"]}, {"f3fe1ec362205040297a21521f9aa17e": ["0", "org.scoutant.blokish.UI"]}, {"f3fe1ec362205040297a21521f9aa17e": ["0", "org.scoutant.blokish.UI"]}, {"f3fe1ec362205040297a21521f9aa17e": ["0", "org.scoutant.blokish.UI"]}, {"72f4e6b48cca0ae1b46d5a151d4012ca": ["5", "org.scoutant.blokish.UI"]}, {"ab95e3a7db588e58b262283f8ec2c0f6": ["1", "org.scoutant.blokish.Help"]}, {"f3fe1ec362205040297a21521f9aa17e": ["0", "org.scoutant.blokish.UI"]}, {"f3fe1ec362205040297a21521f9aa17e": ["0", "org.scoutant.blokish.UI"]}, {"f3fe1ec362205040297a21521f9aa17e": ["0", "org.scoutant.blokish.UI"]}, {"f3fe1ec362205040297a21521f9aa17e": ["0", "org.scoutant.blokish.UI"]}, {"72f4e6b48cca0ae1b46d5a151d4012ca": ["5", "org.scoutant.blokish.UI"]}, {"ab95e3a7db588e58b262283f8ec2c0f6": ["1", "org.scoutant.blokish.Help"]}, {"f3fe1ec362205040297a21521f9aa17e": ["0", "org.scoutant.blokish.UI"]}, {"f3fe1ec362205040297a21521f9aa17e": ["0", "org.scoutant.blokish.UI"]}, {"f3fe1ec362205040297a21521f9aa17e": ["0", "org.scoutant.blokish.UI"]}, {"f3fe1ec362205040297a21521f9aa17e": ["0", "org.scoutant.blokish.UI"]}, {"72f4e6b48cca0ae1b46d5a151d4012ca": ["5", "org.scoutant.blokish.UI"]}, {"ab95e3a7db588e58b262283f8ec2c0f6": ["1", "org.scoutant.blokish.Help"]}, {"f3fe1ec362205040297a21521f9aa17e": ["0", "org.scoutant.blokish.UI"]}, {"f3fe1ec362205040297a21521f9aa17e": ["0", "org.scoutant.blokish.UI"]}, {"f3fe1ec362205040297a21521f9aa17e": ["0", "org.scoutant.blokish.UI"]}, {"f3fe1ec362205040297a21521f9aa17e": ["0", "org.scoutant.blokish.UI"]}, {"72f4e6b48cca0ae1b46d5a151d4012ca": ["5", "org.scoutant.blokish.UI"]}, {"ab95e3a7db588e58b262283f8ec2c0f6": ["1", "org.scoutant.blokish.Help"]}, {"f3fe1ec362205040297a21521f9aa17e": ["0", "org.scoutant.blokish.UI"]}, {"f3fe1ec362205040297a21521f9aa17e": ["0", "org.scoutant.blokish.UI"]}, {"f3fe1ec362205040297a21521f9aa17e": ["0", "org.scoutant.blokish.UI"]}, {"f3fe1ec362205040297a21521f9aa17e": ["0", "org.scoutant.blokish.UI"]}, {"72f4e6b48cca0ae1b46d5a151d4012ca": ["5", "org.scoutant.blokish.UI"]}, {"ab95e3a7db588e58b262283f8ec2c0f6": ["1", "org.scoutant.blokish.Help"]}, {"f3fe1ec362205040297a21521f9aa17e": ["0", "org.scoutant.blokish.UI"]}, {"f3fe1ec362205040297a21521f9aa17e": ["0", "org.scoutant.blokish.UI"]}, {"f3fe1ec362205040297a21521f9aa17e": ["0", "org.scoutant.blokish.UI"]}, {"f3fe1ec362205040297a21521f9aa17e": ["0", "org.scoutant.blokish.UI"]}, {"72f4e6b48cca0ae1b46d5a151d4012ca": ["5", "org.scoutant.blokish.UI"]}, {"ab95e3a7db588e58b262283f8ec2c0f6": ["1", "org.scoutant.blokish.Help"]}, {"f3fe1ec362205040297a21521f9aa17e": ["0", "org.scoutant.blokish.UI"]}, {"f3fe1ec362205040297a21521f9aa17e": ["0", "org.scoutant.blokish.UI"]}, {"f3fe1ec362205040297a21521f9aa17e": ["0", "org.scoutant.blokish.UI"]}, {"f3fe1ec362205040297a21521f9aa17e": ["0", "org.scoutant.blokish.UI"]}, {"72f4e6b48cca0ae1b46d5a151d4012ca": ["5", "org.scoutant.blokish.UI"]}, {"ab95e3a7db588e58b262283f8ec2c0f6": ["1", "org.scoutant.blokish.Help"]}, {"f3fe1ec362205040297a21521f9aa17e": ["0", "org.scoutant.blokish.UI"]}, {"f3fe1ec362205040297a21521f9aa17e": ["0", "org.scoutant.blokish.UI"]}, {"f3fe1ec362205040297a21521f9aa17e": ["0", "org.scoutant.blokish.UI"]}, {"f3fe1ec362205040297a21521f9aa17e": ["0", "org.scoutant.blokish.UI"]}, {"72f4e6b48cca0ae1b46d5a151d4012ca": ["5", "org.scoutant.blokish.UI"]}, {"ab95e3a7db588e58b262283f8ec2c0f6": ["1", "org.scoutant.blokish.Help"]}, {"f3fe1ec362205040297a21521f9aa17e": ["0", "org.scoutant.blokish.UI"]}, {"f3fe1ec362205040297a21521f9aa17e": ["0", "org.scoutant.blokish.UI"]}, {"f3fe1ec362205040297a21521f9aa17e": ["0", "org.scoutant.blokish.UI"]}, {"f3fe1ec362205040297a21521f9aa17e": ["0", "org.scoutant.blokish.UI"]}, {"72f4e6b48cca0ae1b46d5a151d4012ca": ["5", "org.scoutant.blokish.UI"]}, {"ab95e3a7db588e58b262283f8ec2c0f6": ["1", "org.scoutant.blokish.Help"]}, {"f3fe1ec362205040297a21521f9aa17e": ["0", "org.scoutant.blokish.UI"]}, {"f3fe1ec362205040297a21521f9aa17e": ["0", "org.scoutant.blokish.UI"]}, {"f3fe1ec362205040297a21521f9aa17e": ["0", "org.scoutant.blokish.UI"]}, {"f3fe1ec362205040297a21521f9aa17e": ["0", "org.scoutant.blokish.UI"]}, {"72f4e6b48cca0ae1b46d5a151d4012ca": ["5", "org.scoutant.blokish.UI"]}, {"f3fe1ec362205040297a21521f9aa17e": ["0", "org.scoutant.blokish.UI"]}, {"f3fe1ec362205040297a21521f9aa17e": ["0", "org.scoutant.blokish.UI"]}, {"f3fe1ec362205040297a21521f9aa17e": ["0", "org.scoutant.blokish.UI"]}, {"d81f1004fefdfd53cfb75400f5868d49": ["4", "org.scoutant.blokish.UI"]}, {"d81f1004fefdfd53cfb75400f5868d49": ["4", "org.scoutant.blokish.UI"]}, {"d81f1004fefdfd53cfb75400f5868d49": ["4", "org.scoutant.blokish.UI"]}, {"d81f1004fefdfd53cfb75400f5868d49": ["4", "org.scoutant.blokish.UI"]}, {"d81f1004fefdfd53cfb75400f5868d49": ["4", "org.scoutant.blokish.UI"]}, {"d81f1004fefdfd53cfb75400f5868d49": ["4", "org.scoutant.blokish.UI"]}, {"d81f1004fefdfd53cfb75400f5868d49": ["4", "org.scoutant.blokish.UI"]}, {"d81f1004fefdfd53cfb75400f5868d49": ["4", "org.scoutant.blokish.UI"]}, {"f3fe1ec362205040297a21521f9aa17e": ["0", "org.scoutant.blokish.UI"]}, {"f3fe1ec362205040297a21521f9aa17e": ["0", "org.scoutant.blokish.UI"]}, {"f3fe1ec362205040297a21521f9aa17e": ["0", "org.scoutant.blokish.UI"]}, {"f3fe1ec362205040297a21521f9aa17e": ["0", "org.scoutant.blokish.UI"]}, {"f3fe1ec362205040297a21521f9aa17e": ["0", "org.scoutant.blokish.UI"]}, {"72f4e6b48cca0ae1b46d5a151d4012ca": ["5", "org.scoutant.blokish.UI"]}, {"f3fe1ec362205040297a21521f9aa17e": ["0", "org.scoutant.blokish.UI"]}, {"f3fe1ec362205040297a21521f9aa17e": ["0", "org.scoutant.blokish.UI"]}, {"f3fe1ec362205040297a21521f9aa17e": ["0", "org.scoutant.blokish.UI"]}, {"f3fe1ec362205040297a21521f9aa17e": ["0", "org.scoutant.blokish.UI"]}, {"f3fe1ec362205040297a21521f9aa17e": ["0", "org.scoutant.blokish.UI"]}, {"f3fe1ec362205040297a21521f9aa17e": ["0", "org.scoutant.blokish.UI"]}, {"f3fe1ec362205040297a21521f9aa17e": ["0", "org.scoutant.blokish.UI"]}, {"f3fe1ec362205040297a21521f9aa17e": ["0", "org.scoutant.blokish.UI"]}, {"f3fe1ec362205040297a21521f9aa17e": ["0", "org.scoutant.blokish.UI"]}, {"f3fe1ec362205040297a21521f9aa17e": ["0", "org.scoutant.blokish.UI"]}, {"f3fe1ec362205040297a21521f9aa17e": ["0", "org.scoutant.blokish.UI"]}, {"f3fe1ec362205040297a21521f9aa17e": ["0", "org.scoutant.blokish.UI"]}, {"f3fe1ec362205040297a21521f9aa17e": ["0", "org.scoutant.blokish.UI"]}, {"f3fe1ec362205040297a21521f9aa17e": ["0", "org.scoutant.blokish.UI"]}, {"f3fe1ec362205040297a21521f9aa17e": ["0", "org.scoutant.blokish.UI"]}, {"f3fe1ec362205040297a21521f9aa17e": ["0", "org.scoutant.blokish.UI"]}, {"f3fe1ec362205040297a21521f9aa17e": ["0", "org.scoutant.blokish.UI"]}, {"f3fe1ec362205040297a21521f9aa17e": ["0", "org.scoutant.blokish.UI"]}, {"f3fe1ec362205040297a21521f9aa17e": ["0", "org.scoutant.blokish.UI"]}, {"f3fe1ec362205040297a21521f9aa17e": ["0", "org.scoutant.blokish.UI"]}, {"f3fe1ec362205040297a21521f9aa17e": ["0", "org.scoutant.blokish.UI"]}, {"f3fe1ec362205040297a21521f9aa17e": ["0", "org.scoutant.blokish.UI"]}, {"f3fe1ec362205040297a21521f9aa17e": ["0", "org.scoutant.blokish.UI"]}, {"f3fe1ec362205040297a21521f9aa17e": ["0", "org.scoutant.blokish.UI"]}, {"f3fe1ec362205040297a21521f9aa17e": ["0", "org.scoutant.blokish.UI"]}, {"d81f1004fefdfd53cfb75400f5868d49": ["4", "org.scoutant.blokish.UI"]}, {"d81f1004fefdfd53cfb75400f5868d49": ["4", "org.scoutant.blokish.UI"]}, {"72f4e6b48cca0ae1b46d5a151d4012ca": ["5", "org.scoutant.blokish.UI"]}, {"f3fe1ec362205040297a21521f9aa17e": ["0", "org.scoutant.blokish.UI"]}, {"f3fe1ec362205040297a21521f9aa17e": ["0", "org.scoutant.blokish.UI"]}, {"f3fe1ec362205040297a21521f9aa17e": ["0", "org.scoutant.blokish.UI"]}, {"f3fe1ec362205040297a21521f9aa17e": ["0", "org.scoutant.blokish.UI"]}, {"f3fe1ec362205040297a21521f9aa17e": ["0", "org.scoutant.blokish.UI"]}, {"f3fe1ec362205040297a21521f9aa17e": ["0", "org.scoutant.blokish.UI"]}, {"f3fe1ec362205040297a21521f9aa17e": ["0", "org.scoutant.blokish.UI"]}, {"f3fe1ec362205040297a21521f9aa17e": ["0", "org.scoutant.blokish.UI"]}, {"f3fe1ec362205040297a21521f9aa17e": ["0", "org.scoutant.blokish.UI"]}, {"f3fe1ec362205040297a21521f9aa17e": ["0", "org.scoutant.blokish.UI"]}, {"f3fe1ec362205040297a21521f9aa17e": ["0", "org.scoutant.blokish.UI"]}, {"f3fe1ec362205040297a21521f9aa17e": ["0", "org.scoutant.blokish.UI"]}, {"f3fe1ec362205040297a21521f9aa17e": ["0", "org.scoutant.blokish.UI"]}, {"f3fe1ec362205040297a21521f9aa17e": ["0", "org.scoutant.blokish.UI"]}, {"f3fe1ec362205040297a21521f9aa17e": ["0", "org.scoutant.blokish.UI"]}, {"f3fe1ec362205040297a21521f9aa17e": ["0", "org.scoutant.blokish.UI"]}, {"f3fe1ec362205040297a21521f9aa17e": ["0", "org.scoutant.blokish.UI"]}, {"f3fe1ec362205040297a21521f9aa17e": ["0", "org.scoutant.blokish.UI"]}, {"f3fe1ec362205040297a21521f9aa17e": ["0", "org.scoutant.blokish.UI"]}, {"f3fe1ec362205040297a21521f9aa17e": ["0", "org.scoutant.blokish.UI"]}, {"f3fe1ec362205040297a21521f9aa17e": ["0", "org.scoutant.blokish.UI"]}, {"f3fe1ec362205040297a21521f9aa17e": ["0", "org.scoutant.blokish.UI"]}, {"f3fe1ec362205040297a21521f9aa17e": ["0", "org.scoutant.blokish.UI"]}, {"ab95e3a7db588e58b262283f8ec2c0f6": ["1", "org.scoutant.blokish.Help"]}, {"f3fe1ec362205040297a21521f9aa17e": ["0", "org.scoutant.blokish.UI"]}, {"f3fe1ec362205040297a21521f9aa17e": ["0", "org.scoutant.blokish.UI"]}, {"f3fe1ec362205040297a21521f9aa17e": ["0", "org.scoutant.blokish.UI"]}, {"f3fe1ec362205040297a21521f9aa17e": ["0", "org.scoutant.blokish.UI"]}, {"72f4e6b48cca0ae1b46d5a151d4012ca": ["5", "org.scoutant.blokish.UI"]}, {"ab95e3a7db588e58b262283f8ec2c0f6": ["1", "org.scoutant.blokish.Help"]}, {"f3fe1ec362205040297a21521f9aa17e": ["0", "org.scoutant.blokish.UI"]}, {"f3fe1ec362205040297a21521f9aa17e": ["0", "org.scoutant.blokish.UI"]}, {"f3fe1ec362205040297a21521f9aa17e": ["0", "org.scoutant.blokish.UI"]}, {"f3fe1ec362205040297a21521f9aa17e": ["0", "org.scoutant.blokish.UI"]}, {"72f4e6b48cca0ae1b46d5a151d4012ca": ["5", "org.scoutant.blokish.UI"]}, {"f3fe1ec362205040297a21521f9aa17e": ["0", "org.scoutant.blokish.UI"]}, {"f3fe1ec362205040297a21521f9aa17e": ["0", "org.scoutant.blokish.UI"]}, {"f3fe1ec362205040297a21521f9aa17e": ["0", "org.scoutant.blokish.UI"]}, {"d81f1004fefdfd53cfb75400f5868d49": ["4", "org.scoutant.blokish.UI"]}, {"d81f1004fefdfd53cfb75400f5868d49": ["4", "org.scoutant.blokish.UI"]}, {"d81f1004fefdfd53cfb75400f5868d49": ["4", "org.scoutant.blokish.UI"]}, {"d81f1004fefdfd53cfb75400f5868d49": ["4", "org.scoutant.blokish.UI"]}, {"d81f1004fefdfd53cfb75400f5868d49": ["4", "org.scoutant.blokish.UI"]}, {"d81f1004fefdfd53cfb75400f5868d49": ["4", "org.scoutant.blokish.UI"]}, {"d81f1004fefdfd53cfb75400f5868d49": ["4", "org.scoutant.blokish.UI"]}, {"d81f1004fefdfd53cfb75400f5868d49": ["4", "org.scoutant.blokish.UI"]}, {"f3fe1ec362205040297a21521f9aa17e": ["0", "org.scoutant.blokish.UI"]}, {"f3fe1ec362205040297a21521f9aa17e": ["0", "org.scoutant.blokish.UI"]}, {"f3fe1ec362205040297a21521f9aa17e": ["0", "org.scoutant.blokish.UI"]}, {"f3fe1ec362205040297a21521f9aa17e": ["0", "org.scoutant.blokish.UI"]}, {"f3fe1ec362205040297a21521f9aa17e": ["0", "org.scoutant.blokish.UI"]}, {"72f4e6b48cca0ae1b46d5a151d4012ca": ["5", "org.scoutant.blokish.UI"]}, {"f3fe1ec362205040297a21521f9aa17e": ["0", "org.scoutant.blokish.UI"]}, {"f3fe1ec362205040297a21521f9aa17e": ["0", "org.scoutant.blokish.UI"]}, {"f3fe1ec362205040297a21521f9aa17e": ["0", "org.scoutant.blokish.UI"]}, {"f3fe1ec362205040297a21521f9aa17e": ["0", "org.scoutant.blokish.UI"]}, {"f3fe1ec362205040297a21521f9aa17e": ["0", "org.scoutant.blokish.UI"]}, {"f3fe1ec362205040297a21521f9aa17e": ["0", "org.scoutant.blokish.UI"]}, {"f3fe1ec362205040297a21521f9aa17e": ["0", "org.scoutant.blokish.UI"]}, {"f3fe1ec362205040297a21521f9aa17e": ["0", "org.scoutant.blokish.UI"]}, {"f3fe1ec362205040297a21521f9aa17e": ["0", "org.scoutant.blokish.UI"]}, {"f3fe1ec362205040297a21521f9aa17e": ["0", "org.scoutant.blokish.UI"]}, {"f3fe1ec362205040297a21521f9aa17e": ["0", "org.scoutant.blokish.UI"]}, {"f3fe1ec362205040297a21521f9aa17e": ["0", "org.scoutant.blokish.UI"]}, {"f3fe1ec362205040297a21521f9aa17e": ["0", "org.scoutant.blokish.UI"]}, {"f3fe1ec362205040297a21521f9aa17e": ["0", "org.scoutant.blokish.UI"]}, {"f3fe1ec362205040297a21521f9aa17e": ["0", "org.scoutant.blokish.UI"]}, {"f3fe1ec362205040297a21521f9aa17e": ["0", "org.scoutant.blokish.UI"]}, {"f3fe1ec362205040297a21521f9aa17e": ["0", "org.scoutant.blokish.UI"]}, {"f3fe1ec362205040297a21521f9aa17e": ["0", "org.scoutant.blokish.UI"]}, {"f3fe1ec362205040297a21521f9aa17e": ["0", "org.scoutant.blokish.UI"]}, {"f3fe1ec362205040297a21521f9aa17e": ["0", "org.scoutant.blokish.UI"]}, {"f3fe1ec362205040297a21521f9aa17e": ["0", "org.scoutant.blokish.UI"]}, {"f3fe1ec362205040297a21521f9aa17e": ["0", "org.scoutant.blokish.UI"]}, {"f3fe1ec362205040297a21521f9aa17e": ["0", "org.scoutant.blokish.UI"]}, {"f3fe1ec362205040297a21521f9aa17e": ["0", "org.scoutant.blokish.UI"]}, {"f3fe1ec362205040297a21521f9aa17e": ["0", "org.scoutant.blokish.UI"]}, {"d81f1004fefdfd53cfb75400f5868d49": ["4", "org.scoutant.blokish.UI"]}, {"d81f1004fefdfd53cfb75400f5868d49": ["4", "org.scoutant.blokish.UI"]}, {"72f4e6b48cca0ae1b46d5a151d4012ca": ["5", "org.scoutant.blokish.UI"]}, {"f3fe1ec362205040297a21521f9aa17e": ["0", "org.scoutant.blokish.UI"]}, {"f3fe1ec362205040297a21521f9aa17e": ["0", "org.scoutant.blokish.UI"]}, {"f3fe1ec362205040297a21521f9aa17e": ["0", "org.scoutant.blokish.UI"]}, {"f3fe1ec362205040297a21521f9aa17e": ["0", "org.scoutant.blokish.UI"]}, {"f3fe1ec362205040297a21521f9aa17e": ["0", "org.scoutant.blokish.UI"]}, {"f3fe1ec362205040297a21521f9aa17e": ["0", "org.scoutant.blokish.UI"]}, {"f3fe1ec362205040297a21521f9aa17e": ["0", "org.scoutant.blokish.UI"]}, {"f3fe1ec362205040297a21521f9aa17e": ["0", "org.scoutant.blokish.UI"]}, {"f3fe1ec362205040297a21521f9aa17e": ["0", "org.scoutant.blokish.UI"]}, {"f3fe1ec362205040297a21521f9aa17e": ["0", "org.scoutant.blokish.UI"]}, {"f3fe1ec362205040297a21521f9aa17e": ["0", "org.scoutant.blokish.UI"]}, {"f3fe1ec362205040297a21521f9aa17e": ["0", "org.scoutant.blokish.UI"]}, {"f3fe1ec362205040297a21521f9aa17e": ["0", "org.scoutant.blokish.UI"]}, {"f3fe1ec362205040297a21521f9aa17e": ["0", "org.scoutant.blokish.UI"]}, {"f3fe1ec362205040297a21521f9aa17e": ["0", "org.scoutant.blokish.UI"]}, {"f3fe1ec362205040297a21521f9aa17e": ["0", "org.scoutant.blokish.UI"]}, {"f3fe1ec362205040297a21521f9aa17e": ["0", "org.scoutant.blokish.UI"]}, {"f3fe1ec362205040297a21521f9aa17e": ["0", "org.scoutant.blokish.UI"]}, {"f3fe1ec362205040297a21521f9aa17e": ["0", "org.scoutant.blokish.UI"]}, {"f3fe1ec362205040297a21521f9aa17e": ["0", "org.scoutant.blokish.UI"]}, {"f3fe1ec362205040297a21521f9aa17e": ["0", "org.scoutant.blokish.UI"]}, {"f3fe1ec362205040297a21521f9aa17e": ["0", "org.scoutant.blokish.UI"]}, {"f3fe1ec362205040297a21521f9aa17e": ["0", "org.scoutant.blokish.UI"]}, {"ab95e3a7db588e58b262283f8ec2c0f6": ["1", "org.scoutant.blokish.Help"]}, {"f3fe1ec362205040297a21521f9aa17e": ["0", "org.scoutant.blokish.UI"]}, {"f3fe1ec362205040297a21521f9aa17e": ["0", "org.scoutant.blokish.UI"]}, {"f3fe1ec362205040297a21521f9aa17e": ["0", "org.scoutant.blokish.UI"]}, {"f3fe1ec362205040297a21521f9aa17e": ["0", "org.scoutant.blokish.UI"]}, {"72f4e6b48cca0ae1b46d5a151d4012ca": ["5", "org.scoutant.blokish.UI"]}, {"ab95e3a7db588e58b262283f8ec2c0f6": ["1", "org.scoutant.blokish.Help"]}, {"f3fe1ec362205040297a21521f9aa17e": ["0", "org.scoutant.blokish.UI"]}, {"f3fe1ec362205040297a21521f9aa17e": ["0", "org.scoutant.blokish.UI"]}, {"f3fe1ec362205040297a21521f9aa17e": ["0", "org.scoutant.blokish.UI"]}, {"f3fe1ec362205040297a21521f9aa17e": ["0", "org.scoutant.blokish.UI"]}, {"72f4e6b48cca0ae1b46d5a151d4012ca": ["5", "org.scoutant.blokish.UI"]}, {"ab95e3a7db588e58b262283f8ec2c0f6": ["1", "org.scoutant.blokish.Help"]}, {"f3fe1ec362205040297a21521f9aa17e": ["0", "org.scoutant.blokish.UI"]}, {"f3fe1ec362205040297a21521f9aa17e": ["0", "org.scoutant.blokish.UI"]}, {"f3fe1ec362205040297a21521f9aa17e": ["0", "org.scoutant.blokish.UI"]}, {"f3fe1ec362205040297a21521f9aa17e": ["0", "org.scoutant.blokish.UI"]}, {"72f4e6b48cca0ae1b46d5a151d4012ca": ["5", "org.scoutant.blokish.UI"]}, {"d81f1004fefdfd53cfb75400f5868d49": ["4", "org.scoutant.blokish.UI"]}, {"d81f1004fefdfd53cfb75400f5868d49": ["4", "org.scoutant.blokish.UI"]}, {"d81f1004fefdfd53cfb75400f5868d49": ["4", "org.scoutant.blokish.UI"]}, {"f3fe1ec362205040297a21521f9aa17e": ["0", "org.scoutant.blokish.UI"]}]