[{"9ae14df41405075c4cebd9c9fd551350": ["0", "org.wikipedia.WikipediaActivity"]}, {"9ae14df41405075c4cebd9c9fd551350": ["0", "org.wikipedia.WikipediaActivity"]}, {"9ae14df41405075c4cebd9c9fd551350": ["0", "org.wikipedia.WikipediaActivity"]}, {"9ae14df41405075c4cebd9c9fd551350": ["0", "org.wikipedia.WikipediaActivity"]}, {"9ae14df41405075c4cebd9c9fd551350": ["0", "org.wikipedia.WikipediaActivity"]}, {"9ae14df41405075c4cebd9c9fd551350": ["0", "org.wikipedia.WikipediaActivity"]}, {"9ae14df41405075c4cebd9c9fd551350": ["0", "org.wikipedia.WikipediaActivity"]}, {"9ae14df41405075c4cebd9c9fd551350": ["0", "org.wikipedia.WikipediaActivity"]}, {"9ae14df41405075c4cebd9c9fd551350": ["0", "org.wikipedia.WikipediaActivity"]}, {"9ae14df41405075c4cebd9c9fd551350": ["0", "org.wikipedia.WikipediaActivity"]}, {"9ae14df41405075c4cebd9c9fd551350": ["0", "org.wikipedia.WikipediaActivity"]}, {"9ae14df41405075c4cebd9c9fd551350": ["0", "org.wikipedia.WikipediaActivity"]}, {"9ae14df41405075c4cebd9c9fd551350": ["0", "org.wikipedia.WikipediaActivity"]}, {"9ae14df41405075c4cebd9c9fd551350": ["0", "org.wikipedia.WikipediaActivity"]}, {"9ae14df41405075c4cebd9c9fd551350": ["0", "org.wikipedia.WikipediaActivity"]}, {"9ae14df41405075c4cebd9c9fd551350": ["0", "org.wikipedia.WikipediaActivity"]}, {"9ae14df41405075c4cebd9c9fd551350": ["0", "org.wikipedia.WikipediaActivity"]}, {"9ae14df41405075c4cebd9c9fd551350": ["0", "org.wikipedia.WikipediaActivity"]}, {"9ae14df41405075c4cebd9c9fd551350": ["0", "org.wikipedia.WikipediaActivity"]}, {"9ae14df41405075c4cebd9c9fd551350": ["0", "org.wikipedia.WikipediaActivity"]}, {"9ae14df41405075c4cebd9c9fd551350": ["0", "org.wikipedia.WikipediaActivity"]}, {"9ae14df41405075c4cebd9c9fd551350": ["0", "org.wikipedia.WikipediaActivity"]}, {"9ae14df41405075c4cebd9c9fd551350": ["0", "org.wikipedia.WikipediaActivity"]}, {"9ae14df41405075c4cebd9c9fd551350": ["0", "org.wikipedia.WikipediaActivity"]}, {"9ae14df41405075c4cebd9c9fd551350": ["0", "org.wikipedia.WikipediaActivity"]}, {"9ae14df41405075c4cebd9c9fd551350": ["0", "org.wikipedia.WikipediaActivity"]}, {"9ae14df41405075c4cebd9c9fd551350": ["0", "org.wikipedia.WikipediaActivity"]}, {"9ae14df41405075c4cebd9c9fd551350": ["0", "org.wikipedia.WikipediaActivity"]}, {"9ae14df41405075c4cebd9c9fd551350": ["0", "org.wikipedia.WikipediaActivity"]}, {"9ae14df41405075c4cebd9c9fd551350": ["0", "org.wikipedia.WikipediaActivity"]}, {"9ae14df41405075c4cebd9c9fd551350": ["0", "org.wikipedia.WikipediaActivity"]}, {"7705133e5a516d2af86b3e6aeb8f0b15": ["1", "org.wikipedia.WikipediaActivity"]}, {"9ae14df41405075c4cebd9c9fd551350": ["0", "org.wikipedia.WikipediaActivity"]}, {"9ae14df41405075c4cebd9c9fd551350": ["0", "org.wikipedia.WikipediaActivity"]}, {"9ae14df41405075c4cebd9c9fd551350": ["0", "org.wikipedia.WikipediaActivity"]}, {"9ae14df41405075c4cebd9c9fd551350": ["0", "org.wikipedia.WikipediaActivity"]}, {"9ae14df41405075c4cebd9c9fd551350": ["0", "org.wikipedia.WikipediaActivity"]}, {"9ae14df41405075c4cebd9c9fd551350": ["0", "org.wikipedia.WikipediaActivity"]}, {"9ae14df41405075c4cebd9c9fd551350": ["0", "org.wikipedia.WikipediaActivity"]}, {"9ae14df41405075c4cebd9c9fd551350": ["0", "org.wikipedia.WikipediaActivity"]}, {"9ae14df41405075c4cebd9c9fd551350": ["0", "org.wikipedia.WikipediaActivity"]}, {"9ae14df41405075c4cebd9c9fd551350": ["0", "org.wikipedia.WikipediaActivity"]}, {"9ae14df41405075c4cebd9c9fd551350": ["0", "org.wikipedia.WikipediaActivity"]}, {"9ae14df41405075c4cebd9c9fd551350": ["0", "org.wikipedia.WikipediaActivity"]}, {"9ae14df41405075c4cebd9c9fd551350": ["0", "org.wikipedia.WikipediaActivity"]}, {"9ae14df41405075c4cebd9c9fd551350": ["0", "org.wikipedia.WikipediaActivity"]}, {"9ae14df41405075c4cebd9c9fd551350": ["0", "org.wikipedia.WikipediaActivity"]}, {"9ae14df41405075c4cebd9c9fd551350": ["0", "org.wikipedia.WikipediaActivity"]}, {"9ae14df41405075c4cebd9c9fd551350": ["0", "org.wikipedia.WikipediaActivity"]}, {"9ae14df41405075c4cebd9c9fd551350": ["0", "org.wikipedia.WikipediaActivity"]}, {"9ae14df41405075c4cebd9c9fd551350": ["0", "org.wikipedia.WikipediaActivity"]}, {"9ae14df41405075c4cebd9c9fd551350": ["0", "org.wikipedia.WikipediaActivity"]}, {"9ae14df41405075c4cebd9c9fd551350": ["0", "org.wikipedia.WikipediaActivity"]}, {"9ae14df41405075c4cebd9c9fd551350": ["0", "org.wikipedia.WikipediaActivity"]}, {"9ae14df41405075c4cebd9c9fd551350": ["0", "org.wikipedia.WikipediaActivity"]}, {"9ae14df41405075c4cebd9c9fd551350": ["0", "org.wikipedia.WikipediaActivity"]}, {"9ae14df41405075c4cebd9c9fd551350": ["0", "org.wikipedia.WikipediaActivity"]}, {"9ae14df41405075c4cebd9c9fd551350": ["0", "org.wikipedia.WikipediaActivity"]}, {"9ae14df41405075c4cebd9c9fd551350": ["0", "org.wikipedia.WikipediaActivity"]}, {"9ae14df41405075c4cebd9c9fd551350": ["0", "org.wikipedia.WikipediaActivity"]}, {"9ae14df41405075c4cebd9c9fd551350": ["0", "org.wikipedia.WikipediaActivity"]}, {"9ae14df41405075c4cebd9c9fd551350": ["0", "org.wikipedia.WikipediaActivity"]}, {"9ae14df41405075c4cebd9c9fd551350": ["0", "org.wikipedia.WikipediaActivity"]}, {"9ae14df41405075c4cebd9c9fd551350": ["0", "org.wikipedia.WikipediaActivity"]}, {"9ae14df41405075c4cebd9c9fd551350": ["0", "org.wikipedia.WikipediaActivity"]}, {"9ae14df41405075c4cebd9c9fd551350": ["0", "org.wikipedia.WikipediaActivity"]}, {"9ae14df41405075c4cebd9c9fd551350": ["0", "org.wikipedia.WikipediaActivity"]}, {"9ae14df41405075c4cebd9c9fd551350": ["0", "org.wikipedia.WikipediaActivity"]}, {"9ae14df41405075c4cebd9c9fd551350": ["0", "org.wikipedia.WikipediaActivity"]}, {"9ae14df41405075c4cebd9c9fd551350": ["0", "org.wikipedia.WikipediaActivity"]}, {"9ae14df41405075c4cebd9c9fd551350": ["0", "org.wikipedia.WikipediaActivity"]}, {"9ae14df41405075c4cebd9c9fd551350": ["0", "org.wikipedia.WikipediaActivity"]}, {"9ae14df41405075c4cebd9c9fd551350": ["0", "org.wikipedia.WikipediaActivity"]}, {"9ae14df41405075c4cebd9c9fd551350": ["0", "org.wikipedia.WikipediaActivity"]}, {"9ae14df41405075c4cebd9c9fd551350": ["0", "org.wikipedia.WikipediaActivity"]}, {"9ae14df41405075c4cebd9c9fd551350": ["0", "org.wikipedia.WikipediaActivity"]}, {"9ae14df41405075c4cebd9c9fd551350": ["0", "org.wikipedia.WikipediaActivity"]}, {"9ae14df41405075c4cebd9c9fd551350": ["0", "org.wikipedia.WikipediaActivity"]}, {"9ae14df41405075c4cebd9c9fd551350": ["0", "org.wikipedia.WikipediaActivity"]}, {"9ae14df41405075c4cebd9c9fd551350": ["0", "org.wikipedia.WikipediaActivity"]}, {"9ae14df41405075c4cebd9c9fd551350": ["0", "org.wikipedia.WikipediaActivity"]}, {"9ae14df41405075c4cebd9c9fd551350": ["0", "org.wikipedia.WikipediaActivity"]}, {"9ae14df41405075c4cebd9c9fd551350": ["0", "org.wikipedia.WikipediaActivity"]}, {"9ae14df41405075c4cebd9c9fd551350": ["0", "org.wikipedia.WikipediaActivity"]}, {"9ae14df41405075c4cebd9c9fd551350": ["0", "org.wikipedia.WikipediaActivity"]}, {"9ae14df41405075c4cebd9c9fd551350": ["0", "org.wikipedia.WikipediaActivity"]}, {"9ae14df41405075c4cebd9c9fd551350": ["0", "org.wikipedia.WikipediaActivity"]}, {"9ae14df41405075c4cebd9c9fd551350": ["0", "org.wikipedia.WikipediaActivity"]}, {"9ae14df41405075c4cebd9c9fd551350": ["0", "org.wikipedia.WikipediaActivity"]}, {"9ae14df41405075c4cebd9c9fd551350": ["0", "org.wikipedia.WikipediaActivity"]}, {"9ae14df41405075c4cebd9c9fd551350": ["0", "org.wikipedia.WikipediaActivity"]}, {"9ae14df41405075c4cebd9c9fd551350": ["0", "org.wikipedia.WikipediaActivity"]}, {"9ae14df41405075c4cebd9c9fd551350": ["0", "org.wikipedia.WikipediaActivity"]}, {"9ae14df41405075c4cebd9c9fd551350": ["0", "org.wikipedia.WikipediaActivity"]}, {"9ae14df41405075c4cebd9c9fd551350": ["0", "org.wikipedia.WikipediaActivity"]}, {"9ae14df41405075c4cebd9c9fd551350": ["0", "org.wikipedia.WikipediaActivity"]}, {"9ae14df41405075c4cebd9c9fd551350": ["0", "org.wikipedia.WikipediaActivity"]}, {"9ae14df41405075c4cebd9c9fd551350": ["0", "org.wikipedia.WikipediaActivity"]}, {"9ae14df41405075c4cebd9c9fd551350": ["0", "org.wikipedia.WikipediaActivity"]}, {"9ae14df41405075c4cebd9c9fd551350": ["0", "org.wikipedia.WikipediaActivity"]}, {"9ae14df41405075c4cebd9c9fd551350": ["0", "org.wikipedia.WikipediaActivity"]}, {"9ae14df41405075c4cebd9c9fd551350": ["0", "org.wikipedia.WikipediaActivity"]}, {"9ae14df41405075c4cebd9c9fd551350": ["0", "org.wikipedia.WikipediaActivity"]}, {"9ae14df41405075c4cebd9c9fd551350": ["0", "org.wikipedia.WikipediaActivity"]}, {"9ae14df41405075c4cebd9c9fd551350": ["0", "org.wikipedia.WikipediaActivity"]}, {"9ae14df41405075c4cebd9c9fd551350": ["0", "org.wikipedia.WikipediaActivity"]}, {"9ae14df41405075c4cebd9c9fd551350": ["0", "org.wikipedia.WikipediaActivity"]}, {"9ae14df41405075c4cebd9c9fd551350": ["0", "org.wikipedia.WikipediaActivity"]}, {"9ae14df41405075c4cebd9c9fd551350": ["0", "org.wikipedia.WikipediaActivity"]}, {"9ae14df41405075c4cebd9c9fd551350": ["0", "org.wikipedia.WikipediaActivity"]}, {"9ae14df41405075c4cebd9c9fd551350": ["0", "org.wikipedia.WikipediaActivity"]}, {"9ae14df41405075c4cebd9c9fd551350": ["0", "org.wikipedia.WikipediaActivity"]}, {"9ae14df41405075c4cebd9c9fd551350": ["0", "org.wikipedia.WikipediaActivity"]}, {"9ae14df41405075c4cebd9c9fd551350": ["0", "org.wikipedia.WikipediaActivity"]}, {"7705133e5a516d2af86b3e6aeb8f0b15": ["1", "org.wikipedia.WikipediaActivity"]}, {"649ff702f2626dd30b6a63ef3a36e913": ["3", "org.wikipedia.WikipediaActivity"]}, {"9ae14df41405075c4cebd9c9fd551350": ["0", "org.wikipedia.WikipediaActivity"]}, {"9ae14df41405075c4cebd9c9fd551350": ["0", "org.wikipedia.WikipediaActivity"]}, {"9ae14df41405075c4cebd9c9fd551350": ["0", "org.wikipedia.WikipediaActivity"]}, {"9ae14df41405075c4cebd9c9fd551350": ["0", "org.wikipedia.WikipediaActivity"]}, {"9ae14df41405075c4cebd9c9fd551350": ["0", "org.wikipedia.WikipediaActivity"]}, {"9ae14df41405075c4cebd9c9fd551350": ["0", "org.wikipedia.WikipediaActivity"]}, {"9ae14df41405075c4cebd9c9fd551350": ["0", "org.wikipedia.WikipediaActivity"]}, {"9ae14df41405075c4cebd9c9fd551350": ["0", "org.wikipedia.WikipediaActivity"]}, {"9ae14df41405075c4cebd9c9fd551350": ["0", "org.wikipedia.WikipediaActivity"]}, {"9ae14df41405075c4cebd9c9fd551350": ["0", "org.wikipedia.WikipediaActivity"]}, {"9ae14df41405075c4cebd9c9fd551350": ["0", "org.wikipedia.WikipediaActivity"]}, {"9ae14df41405075c4cebd9c9fd551350": ["0", "org.wikipedia.WikipediaActivity"]}, {"9ae14df41405075c4cebd9c9fd551350": ["0", "org.wikipedia.WikipediaActivity"]}, {"9ae14df41405075c4cebd9c9fd551350": ["0", "org.wikipedia.WikipediaActivity"]}, {"9ae14df41405075c4cebd9c9fd551350": ["0", "org.wikipedia.WikipediaActivity"]}, {"9ae14df41405075c4cebd9c9fd551350": ["0", "org.wikipedia.WikipediaActivity"]}, {"9ae14df41405075c4cebd9c9fd551350": ["0", "org.wikipedia.WikipediaActivity"]}, {"9ae14df41405075c4cebd9c9fd551350": ["0", "org.wikipedia.WikipediaActivity"]}, {"9ae14df41405075c4cebd9c9fd551350": ["0", "org.wikipedia.WikipediaActivity"]}, {"9ae14df41405075c4cebd9c9fd551350": ["0", "org.wikipedia.WikipediaActivity"]}, {"9ae14df41405075c4cebd9c9fd551350": ["0", "org.wikipedia.WikipediaActivity"]}, {"9ae14df41405075c4cebd9c9fd551350": ["0", "org.wikipedia.WikipediaActivity"]}, {"9ae14df41405075c4cebd9c9fd551350": ["0", "org.wikipedia.WikipediaActivity"]}, {"9ae14df41405075c4cebd9c9fd551350": ["0", "org.wikipedia.WikipediaActivity"]}, {"9ae14df41405075c4cebd9c9fd551350": ["0", "org.wikipedia.WikipediaActivity"]}, {"9ae14df41405075c4cebd9c9fd551350": ["0", "org.wikipedia.WikipediaActivity"]}, {"9ae14df41405075c4cebd9c9fd551350": ["0", "org.wikipedia.WikipediaActivity"]}, {"9ae14df41405075c4cebd9c9fd551350": ["0", "org.wikipedia.WikipediaActivity"]}, {"9ae14df41405075c4cebd9c9fd551350": ["0", "org.wikipedia.WikipediaActivity"]}, {"9ae14df41405075c4cebd9c9fd551350": ["0", "org.wikipedia.WikipediaActivity"]}, {"9ae14df41405075c4cebd9c9fd551350": ["0", "org.wikipedia.WikipediaActivity"]}, {"9ae14df41405075c4cebd9c9fd551350": ["0", "org.wikipedia.WikipediaActivity"]}, {"9ae14df41405075c4cebd9c9fd551350": ["0", "org.wikipedia.WikipediaActivity"]}, {"9ae14df41405075c4cebd9c9fd551350": ["0", "org.wikipedia.WikipediaActivity"]}, {"9ae14df41405075c4cebd9c9fd551350": ["0", "org.wikipedia.WikipediaActivity"]}, {"9ae14df41405075c4cebd9c9fd551350": ["0", "org.wikipedia.WikipediaActivity"]}, {"9ae14df41405075c4cebd9c9fd551350": ["0", "org.wikipedia.WikipediaActivity"]}, {"9ae14df41405075c4cebd9c9fd551350": ["0", "org.wikipedia.WikipediaActivity"]}, {"9ae14df41405075c4cebd9c9fd551350": ["0", "org.wikipedia.WikipediaActivity"]}, {"9ae14df41405075c4cebd9c9fd551350": ["0", "org.wikipedia.WikipediaActivity"]}, {"9ae14df41405075c4cebd9c9fd551350": ["0", "org.wikipedia.WikipediaActivity"]}, {"9ae14df41405075c4cebd9c9fd551350": ["0", "org.wikipedia.WikipediaActivity"]}, {"9ae14df41405075c4cebd9c9fd551350": ["0", "org.wikipedia.WikipediaActivity"]}, {"9ae14df41405075c4cebd9c9fd551350": ["0", "org.wikipedia.WikipediaActivity"]}, {"9ae14df41405075c4cebd9c9fd551350": ["0", "org.wikipedia.WikipediaActivity"]}, {"9ae14df41405075c4cebd9c9fd551350": ["0", "org.wikipedia.WikipediaActivity"]}, {"9ae14df41405075c4cebd9c9fd551350": ["0", "org.wikipedia.WikipediaActivity"]}, {"9ae14df41405075c4cebd9c9fd551350": ["0", "org.wikipedia.WikipediaActivity"]}, {"9ae14df41405075c4cebd9c9fd551350": ["0", "org.wikipedia.WikipediaActivity"]}, {"9ae14df41405075c4cebd9c9fd551350": ["0", "org.wikipedia.WikipediaActivity"]}, {"9ae14df41405075c4cebd9c9fd551350": ["0", "org.wikipedia.WikipediaActivity"]}, {"9ae14df41405075c4cebd9c9fd551350": ["0", "org.wikipedia.WikipediaActivity"]}, {"9ae14df41405075c4cebd9c9fd551350": ["0", "org.wikipedia.WikipediaActivity"]}, {"9ae14df41405075c4cebd9c9fd551350": ["0", "org.wikipedia.WikipediaActivity"]}, {"9ae14df41405075c4cebd9c9fd551350": ["0", "org.wikipedia.WikipediaActivity"]}, {"9ae14df41405075c4cebd9c9fd551350": ["0", "org.wikipedia.WikipediaActivity"]}, {"9ae14df41405075c4cebd9c9fd551350": ["0", "org.wikipedia.WikipediaActivity"]}, {"9ae14df41405075c4cebd9c9fd551350": ["0", "org.wikipedia.WikipediaActivity"]}, {"9ae14df41405075c4cebd9c9fd551350": ["0", "org.wikipedia.WikipediaActivity"]}, {"9ae14df41405075c4cebd9c9fd551350": ["0", "org.wikipedia.WikipediaActivity"]}, {"9ae14df41405075c4cebd9c9fd551350": ["0", "org.wikipedia.WikipediaActivity"]}, {"9ae14df41405075c4cebd9c9fd551350": ["0", "org.wikipedia.WikipediaActivity"]}, {"9ae14df41405075c4cebd9c9fd551350": ["0", "org.wikipedia.WikipediaActivity"]}, {"9ae14df41405075c4cebd9c9fd551350": ["0", "org.wikipedia.WikipediaActivity"]}, {"9ae14df41405075c4cebd9c9fd551350": ["0", "org.wikipedia.WikipediaActivity"]}, {"9ae14df41405075c4cebd9c9fd551350": ["0", "org.wikipedia.WikipediaActivity"]}, {"9ae14df41405075c4cebd9c9fd551350": ["0", "org.wikipedia.WikipediaActivity"]}, {"9ae14df41405075c4cebd9c9fd551350": ["0", "org.wikipedia.WikipediaActivity"]}, {"9ae14df41405075c4cebd9c9fd551350": ["0", "org.wikipedia.WikipediaActivity"]}, {"9ae14df41405075c4cebd9c9fd551350": ["0", "org.wikipedia.WikipediaActivity"]}, {"9ae14df41405075c4cebd9c9fd551350": ["0", "org.wikipedia.WikipediaActivity"]}, {"9ae14df41405075c4cebd9c9fd551350": ["0", "org.wikipedia.WikipediaActivity"]}, {"9ae14df41405075c4cebd9c9fd551350": ["0", "org.wikipedia.WikipediaActivity"]}, {"9ae14df41405075c4cebd9c9fd551350": ["0", "org.wikipedia.WikipediaActivity"]}, {"9ae14df41405075c4cebd9c9fd551350": ["0", "org.wikipedia.WikipediaActivity"]}, {"9ae14df41405075c4cebd9c9fd551350": ["0", "org.wikipedia.WikipediaActivity"]}, {"9ae14df41405075c4cebd9c9fd551350": ["0", "org.wikipedia.WikipediaActivity"]}, {"9ae14df41405075c4cebd9c9fd551350": ["0", "org.wikipedia.WikipediaActivity"]}, {"9ae14df41405075c4cebd9c9fd551350": ["0", "org.wikipedia.WikipediaActivity"]}, {"9ae14df41405075c4cebd9c9fd551350": ["0", "org.wikipedia.WikipediaActivity"]}, {"9ae14df41405075c4cebd9c9fd551350": ["0", "org.wikipedia.WikipediaActivity"]}, {"9ae14df41405075c4cebd9c9fd551350": ["0", "org.wikipedia.WikipediaActivity"]}, {"9ae14df41405075c4cebd9c9fd551350": ["0", "org.wikipedia.WikipediaActivity"]}, {"9ae14df41405075c4cebd9c9fd551350": ["0", "org.wikipedia.WikipediaActivity"]}, {"9ae14df41405075c4cebd9c9fd551350": ["0", "org.wikipedia.WikipediaActivity"]}, {"9ae14df41405075c4cebd9c9fd551350": ["0", "org.wikipedia.WikipediaActivity"]}, {"9ae14df41405075c4cebd9c9fd551350": ["0", "org.wikipedia.WikipediaActivity"]}, {"9ae14df41405075c4cebd9c9fd551350": ["0", "org.wikipedia.WikipediaActivity"]}, {"9ae14df41405075c4cebd9c9fd551350": ["0", "org.wikipedia.WikipediaActivity"]}, {"9ae14df41405075c4cebd9c9fd551350": ["0", "org.wikipedia.WikipediaActivity"]}, {"9ae14df41405075c4cebd9c9fd551350": ["0", "org.wikipedia.WikipediaActivity"]}, {"9ae14df41405075c4cebd9c9fd551350": ["0", "org.wikipedia.WikipediaActivity"]}, {"9ae14df41405075c4cebd9c9fd551350": ["0", "org.wikipedia.WikipediaActivity"]}, {"9ae14df41405075c4cebd9c9fd551350": ["0", "org.wikipedia.WikipediaActivity"]}, {"9ae14df41405075c4cebd9c9fd551350": ["0", "org.wikipedia.WikipediaActivity"]}, {"9ae14df41405075c4cebd9c9fd551350": ["0", "org.wikipedia.WikipediaActivity"]}, {"9ae14df41405075c4cebd9c9fd551350": ["0", "org.wikipedia.WikipediaActivity"]}, {"9ae14df41405075c4cebd9c9fd551350": ["0", "org.wikipedia.WikipediaActivity"]}, {"9ae14df41405075c4cebd9c9fd551350": ["0", "org.wikipedia.WikipediaActivity"]}, {"9ae14df41405075c4cebd9c9fd551350": ["0", "org.wikipedia.WikipediaActivity"]}, {"9ae14df41405075c4cebd9c9fd551350": ["0", "org.wikipedia.WikipediaActivity"]}, {"9ae14df41405075c4cebd9c9fd551350": ["0", "org.wikipedia.WikipediaActivity"]}, {"9ae14df41405075c4cebd9c9fd551350": ["0", "org.wikipedia.WikipediaActivity"]}, {"9ae14df41405075c4cebd9c9fd551350": ["0", "org.wikipedia.WikipediaActivity"]}, {"9ae14df41405075c4cebd9c9fd551350": ["0", "org.wikipedia.WikipediaActivity"]}, {"9ae14df41405075c4cebd9c9fd551350": ["0", "org.wikipedia.WikipediaActivity"]}, {"9ae14df41405075c4cebd9c9fd551350": ["0", "org.wikipedia.WikipediaActivity"]}, {"9ae14df41405075c4cebd9c9fd551350": ["0", "org.wikipedia.WikipediaActivity"]}, {"9ae14df41405075c4cebd9c9fd551350": ["0", "org.wikipedia.WikipediaActivity"]}, {"9ae14df41405075c4cebd9c9fd551350": ["0", "org.wikipedia.WikipediaActivity"]}, {"9ae14df41405075c4cebd9c9fd551350": ["0", "org.wikipedia.WikipediaActivity"]}, {"9ae14df41405075c4cebd9c9fd551350": ["0", "org.wikipedia.WikipediaActivity"]}, {"9ae14df41405075c4cebd9c9fd551350": ["0", "org.wikipedia.WikipediaActivity"]}, {"9ae14df41405075c4cebd9c9fd551350": ["0", "org.wikipedia.WikipediaActivity"]}, {"9ae14df41405075c4cebd9c9fd551350": ["0", "org.wikipedia.WikipediaActivity"]}, {"9ae14df41405075c4cebd9c9fd551350": ["0", "org.wikipedia.WikipediaActivity"]}, {"9ae14df41405075c4cebd9c9fd551350": ["0", "org.wikipedia.WikipediaActivity"]}, {"9ae14df41405075c4cebd9c9fd551350": ["0", "org.wikipedia.WikipediaActivity"]}, {"9ae14df41405075c4cebd9c9fd551350": ["0", "org.wikipedia.WikipediaActivity"]}, {"9ae14df41405075c4cebd9c9fd551350": ["0", "org.wikipedia.WikipediaActivity"]}, {"9ae14df41405075c4cebd9c9fd551350": ["0", "org.wikipedia.WikipediaActivity"]}, {"9ae14df41405075c4cebd9c9fd551350": ["0", "org.wikipedia.WikipediaActivity"]}, {"9ae14df41405075c4cebd9c9fd551350": ["0", "org.wikipedia.WikipediaActivity"]}, {"9ae14df41405075c4cebd9c9fd551350": ["0", "org.wikipedia.WikipediaActivity"]}, {"9ae14df41405075c4cebd9c9fd551350": ["0", "org.wikipedia.WikipediaActivity"]}, {"9ae14df41405075c4cebd9c9fd551350": ["0", "org.wikipedia.WikipediaActivity"]}, {"9ae14df41405075c4cebd9c9fd551350": ["0", "org.wikipedia.WikipediaActivity"]}, {"9ae14df41405075c4cebd9c9fd551350": ["0", "org.wikipedia.WikipediaActivity"]}, {"9ae14df41405075c4cebd9c9fd551350": ["0", "org.wikipedia.WikipediaActivity"]}, {"9ae14df41405075c4cebd9c9fd551350": ["0", "org.wikipedia.WikipediaActivity"]}, {"9ae14df41405075c4cebd9c9fd551350": ["0", "org.wikipedia.WikipediaActivity"]}, {"9ae14df41405075c4cebd9c9fd551350": ["0", "org.wikipedia.WikipediaActivity"]}, {"9ae14df41405075c4cebd9c9fd551350": ["0", "org.wikipedia.WikipediaActivity"]}, {"9ae14df41405075c4cebd9c9fd551350": ["0", "org.wikipedia.WikipediaActivity"]}, {"9ae14df41405075c4cebd9c9fd551350": ["0", "org.wikipedia.WikipediaActivity"]}, {"9ae14df41405075c4cebd9c9fd551350": ["0", "org.wikipedia.WikipediaActivity"]}, {"9ae14df41405075c4cebd9c9fd551350": ["0", "org.wikipedia.WikipediaActivity"]}, {"9ae14df41405075c4cebd9c9fd551350": ["0", "org.wikipedia.WikipediaActivity"]}, {"9ae14df41405075c4cebd9c9fd551350": ["0", "org.wikipedia.WikipediaActivity"]}, {"9ae14df41405075c4cebd9c9fd551350": ["0", "org.wikipedia.WikipediaActivity"]}, {"9ae14df41405075c4cebd9c9fd551350": ["0", "org.wikipedia.WikipediaActivity"]}, {"9ae14df41405075c4cebd9c9fd551350": ["0", "org.wikipedia.WikipediaActivity"]}, {"7705133e5a516d2af86b3e6aeb8f0b15": ["1", "org.wikipedia.WikipediaActivity"]}, {"13fdc75b9c2f311ee737dec194141af8": ["4", "org.wikipedia.WikipediaActivity"]}, {"9ae14df41405075c4cebd9c9fd551350": ["0", "org.wikipedia.WikipediaActivity"]}, {"9ae14df41405075c4cebd9c9fd551350": ["0", "org.wikipedia.WikipediaActivity"]}, {"9ae14df41405075c4cebd9c9fd551350": ["0", "org.wikipedia.WikipediaActivity"]}, {"9ae14df41405075c4cebd9c9fd551350": ["0", "org.wikipedia.WikipediaActivity"]}, {"9ae14df41405075c4cebd9c9fd551350": ["0", "org.wikipedia.WikipediaActivity"]}, {"9ae14df41405075c4cebd9c9fd551350": ["0", "org.wikipedia.WikipediaActivity"]}, {"9ae14df41405075c4cebd9c9fd551350": ["0", "org.wikipedia.WikipediaActivity"]}, {"9ae14df41405075c4cebd9c9fd551350": ["0", "org.wikipedia.WikipediaActivity"]}, {"9ae14df41405075c4cebd9c9fd551350": ["0", "org.wikipedia.WikipediaActivity"]}, {"9ae14df41405075c4cebd9c9fd551350": ["0", "org.wikipedia.WikipediaActivity"]}, {"9ae14df41405075c4cebd9c9fd551350": ["0", "org.wikipedia.WikipediaActivity"]}, {"9ae14df41405075c4cebd9c9fd551350": ["0", "org.wikipedia.WikipediaActivity"]}, {"9ae14df41405075c4cebd9c9fd551350": ["0", "org.wikipedia.WikipediaActivity"]}, {"9ae14df41405075c4cebd9c9fd551350": ["0", "org.wikipedia.WikipediaActivity"]}, {"9ae14df41405075c4cebd9c9fd551350": ["0", "org.wikipedia.WikipediaActivity"]}, {"9ae14df41405075c4cebd9c9fd551350": ["0", "org.wikipedia.WikipediaActivity"]}, {"9ae14df41405075c4cebd9c9fd551350": ["0", "org.wikipedia.WikipediaActivity"]}, {"9ae14df41405075c4cebd9c9fd551350": ["0", "org.wikipedia.WikipediaActivity"]}, {"9ae14df41405075c4cebd9c9fd551350": ["0", "org.wikipedia.WikipediaActivity"]}, {"9ae14df41405075c4cebd9c9fd551350": ["0", "org.wikipedia.WikipediaActivity"]}, {"9ae14df41405075c4cebd9c9fd551350": ["0", "org.wikipedia.WikipediaActivity"]}, {"9ae14df41405075c4cebd9c9fd551350": ["0", "org.wikipedia.WikipediaActivity"]}, {"9ae14df41405075c4cebd9c9fd551350": ["0", "org.wikipedia.WikipediaActivity"]}, {"9ae14df41405075c4cebd9c9fd551350": ["0", "org.wikipedia.WikipediaActivity"]}, {"9ae14df41405075c4cebd9c9fd551350": ["0", "org.wikipedia.WikipediaActivity"]}, {"9ae14df41405075c4cebd9c9fd551350": ["0", "org.wikipedia.WikipediaActivity"]}, {"9ae14df41405075c4cebd9c9fd551350": ["0", "org.wikipedia.WikipediaActivity"]}, {"9ae14df41405075c4cebd9c9fd551350": ["0", "org.wikipedia.WikipediaActivity"]}, {"9ae14df41405075c4cebd9c9fd551350": ["0", "org.wikipedia.WikipediaActivity"]}, {"9ae14df41405075c4cebd9c9fd551350": ["0", "org.wikipedia.WikipediaActivity"]}, {"9ae14df41405075c4cebd9c9fd551350": ["0", "org.wikipedia.WikipediaActivity"]}, {"9ae14df41405075c4cebd9c9fd551350": ["0", "org.wikipedia.WikipediaActivity"]}, {"9ae14df41405075c4cebd9c9fd551350": ["0", "org.wikipedia.WikipediaActivity"]}, {"9ae14df41405075c4cebd9c9fd551350": ["0", "org.wikipedia.WikipediaActivity"]}, {"9ae14df41405075c4cebd9c9fd551350": ["0", "org.wikipedia.WikipediaActivity"]}, {"9ae14df41405075c4cebd9c9fd551350": ["0", "org.wikipedia.WikipediaActivity"]}, {"9ae14df41405075c4cebd9c9fd551350": ["0", "org.wikipedia.WikipediaActivity"]}, {"9ae14df41405075c4cebd9c9fd551350": ["0", "org.wikipedia.WikipediaActivity"]}, {"9ae14df41405075c4cebd9c9fd551350": ["0", "org.wikipedia.WikipediaActivity"]}, {"9ae14df41405075c4cebd9c9fd551350": ["0", "org.wikipedia.WikipediaActivity"]}, {"9ae14df41405075c4cebd9c9fd551350": ["0", "org.wikipedia.WikipediaActivity"]}, {"9ae14df41405075c4cebd9c9fd551350": ["0", "org.wikipedia.WikipediaActivity"]}, {"9ae14df41405075c4cebd9c9fd551350": ["0", "org.wikipedia.WikipediaActivity"]}, {"9ae14df41405075c4cebd9c9fd551350": ["0", "org.wikipedia.WikipediaActivity"]}, {"9ae14df41405075c4cebd9c9fd551350": ["0", "org.wikipedia.WikipediaActivity"]}, {"9ae14df41405075c4cebd9c9fd551350": ["0", "org.wikipedia.WikipediaActivity"]}, {"9ae14df41405075c4cebd9c9fd551350": ["0", "org.wikipedia.WikipediaActivity"]}, {"9ae14df41405075c4cebd9c9fd551350": ["0", "org.wikipedia.WikipediaActivity"]}, {"9ae14df41405075c4cebd9c9fd551350": ["0", "org.wikipedia.WikipediaActivity"]}, {"9ae14df41405075c4cebd9c9fd551350": ["0", "org.wikipedia.WikipediaActivity"]}, {"9ae14df41405075c4cebd9c9fd551350": ["0", "org.wikipedia.WikipediaActivity"]}, {"9ae14df41405075c4cebd9c9fd551350": ["0", "org.wikipedia.WikipediaActivity"]}, {"9ae14df41405075c4cebd9c9fd551350": ["0", "org.wikipedia.WikipediaActivity"]}, {"9ae14df41405075c4cebd9c9fd551350": ["0", "org.wikipedia.WikipediaActivity"]}, {"9ae14df41405075c4cebd9c9fd551350": ["0", "org.wikipedia.WikipediaActivity"]}, {"9ae14df41405075c4cebd9c9fd551350": ["0", "org.wikipedia.WikipediaActivity"]}, {"9ae14df41405075c4cebd9c9fd551350": ["0", "org.wikipedia.WikipediaActivity"]}, {"9ae14df41405075c4cebd9c9fd551350": ["0", "org.wikipedia.WikipediaActivity"]}, {"7705133e5a516d2af86b3e6aeb8f0b15": ["1", "org.wikipedia.WikipediaActivity"]}, {"9ae14df41405075c4cebd9c9fd551350": ["0", "org.wikipedia.WikipediaActivity"]}, {"9ae14df41405075c4cebd9c9fd551350": ["0", "org.wikipedia.WikipediaActivity"]}, {"9ae14df41405075c4cebd9c9fd551350": ["0", "org.wikipedia.WikipediaActivity"]}, {"9ae14df41405075c4cebd9c9fd551350": ["0", "org.wikipedia.WikipediaActivity"]}, {"9ae14df41405075c4cebd9c9fd551350": ["0", "org.wikipedia.WikipediaActivity"]}, {"9ae14df41405075c4cebd9c9fd551350": ["0", "org.wikipedia.WikipediaActivity"]}, {"9ae14df41405075c4cebd9c9fd551350": ["0", "org.wikipedia.WikipediaActivity"]}, {"9ae14df41405075c4cebd9c9fd551350": ["0", "org.wikipedia.WikipediaActivity"]}, {"9ae14df41405075c4cebd9c9fd551350": ["0", "org.wikipedia.WikipediaActivity"]}, {"9ae14df41405075c4cebd9c9fd551350": ["0", "org.wikipedia.WikipediaActivity"]}, {"9ae14df41405075c4cebd9c9fd551350": ["0", "org.wikipedia.WikipediaActivity"]}, {"9ae14df41405075c4cebd9c9fd551350": ["0", "org.wikipedia.WikipediaActivity"]}, {"9ae14df41405075c4cebd9c9fd551350": ["0", "org.wikipedia.WikipediaActivity"]}, {"9ae14df41405075c4cebd9c9fd551350": ["0", "org.wikipedia.WikipediaActivity"]}, {"9ae14df41405075c4cebd9c9fd551350": ["0", "org.wikipedia.WikipediaActivity"]}, {"9ae14df41405075c4cebd9c9fd551350": ["0", "org.wikipedia.WikipediaActivity"]}, {"9ae14df41405075c4cebd9c9fd551350": ["0", "org.wikipedia.WikipediaActivity"]}, {"9ae14df41405075c4cebd9c9fd551350": ["0", "org.wikipedia.WikipediaActivity"]}, {"9ae14df41405075c4cebd9c9fd551350": ["0", "org.wikipedia.WikipediaActivity"]}, {"9ae14df41405075c4cebd9c9fd551350": ["0", "org.wikipedia.WikipediaActivity"]}, {"9ae14df41405075c4cebd9c9fd551350": ["0", "org.wikipedia.WikipediaActivity"]}, {"9ae14df41405075c4cebd9c9fd551350": ["0", "org.wikipedia.WikipediaActivity"]}, {"9ae14df41405075c4cebd9c9fd551350": ["0", "org.wikipedia.WikipediaActivity"]}, {"9ae14df41405075c4cebd9c9fd551350": ["0", "org.wikipedia.WikipediaActivity"]}, {"9ae14df41405075c4cebd9c9fd551350": ["0", "org.wikipedia.WikipediaActivity"]}, {"9ae14df41405075c4cebd9c9fd551350": ["0", "org.wikipedia.WikipediaActivity"]}]