[{"fe83aa5869338505d5beb82d5fe9c367": ["0", "org.passwordmaker.android.PasswordMakerProForAndroidActivity"]}, {"fe83aa5869338505d5beb82d5fe9c367": ["0", "org.passwordmaker.android.PasswordMakerProForAndroidActivity"]}, {"fe83aa5869338505d5beb82d5fe9c367": ["0", "org.passwordmaker.android.PasswordMakerProForAndroidActivity"]}, {"fe83aa5869338505d5beb82d5fe9c367": ["0", "org.passwordmaker.android.PasswordMakerProForAndroidActivity"]}, {"a69374f1408a7e8850f07cb2411f18da": ["25", "org.passwordmaker.android.PasswordMakerProForAndroidActivity"]}, {"fe83aa5869338505d5beb82d5fe9c367": ["0", "org.passwordmaker.android.PasswordMakerProForAndroidActivity"]}, {"fe83aa5869338505d5beb82d5fe9c367": ["0", "org.passwordmaker.android.PasswordMakerProForAndroidActivity"]}, {"fe83aa5869338505d5beb82d5fe9c367": ["0", "org.passwordmaker.android.PasswordMakerProForAndroidActivity"]}, {"fe83aa5869338505d5beb82d5fe9c367": ["0", "org.passwordmaker.android.PasswordMakerProForAndroidActivity"]}, {"fe83aa5869338505d5beb82d5fe9c367": ["0", "org.passwordmaker.android.PasswordMakerProForAndroidActivity"]}, {"fe83aa5869338505d5beb82d5fe9c367": ["0", "org.passwordmaker.android.PasswordMakerProForAndroidActivity"]}, {"fe83aa5869338505d5beb82d5fe9c367": ["0", "org.passwordmaker.android.PasswordMakerProForAndroidActivity"]}, {"fe83aa5869338505d5beb82d5fe9c367": ["0", "org.passwordmaker.android.PasswordMakerProForAndroidActivity"]}, {"fe83aa5869338505d5beb82d5fe9c367": ["0", "org.passwordmaker.android.PasswordMakerProForAndroidActivity"]}, {"b6db671c22459c8ec0a3ce1b09ccf0ee": ["6", "org.passwordmaker.android.PasswordMakerProForAndroidActivity"]}, {"b6db671c22459c8ec0a3ce1b09ccf0ee": ["6", "org.passwordmaker.android.PasswordMakerProForAndroidActivity"]}, {"ad649cc6feb381d21738971d1f305740": ["1", "org.passwordmaker.android.PasswordMakerProForAndroidActivity"]}, {"ad649cc6feb381d21738971d1f305740": ["1", "org.passwordmaker.android.PasswordMakerProForAndroidActivity"]}, {"a69374f1408a7e8850f07cb2411f18da": ["25", "org.passwordmaker.android.PasswordMakerProForAndroidActivity"]}, {"afa2d5e163d4892d961bd11f508a44ab": ["10", "org.passwordmaker.android.PasswordMakerEditProfile"]}, {"21de6f74af7851ed9cac358b143e89e4": ["8", "org.passwordmaker.android.PasswordMakerEditProfile"]}, {"21de6f74af7851ed9cac358b143e89e4": ["8", "org.passwordmaker.android.PasswordMakerEditProfile"]}, {"94b74d64352c7aab9164fc1bc1625dac": ["11", "org.passwordmaker.android.PasswordMakerEditProfile"]}, {"21de6f74af7851ed9cac358b143e89e4": ["8", "org.passwordmaker.android.PasswordMakerEditProfile"]}, {"21de6f74af7851ed9cac358b143e89e4": ["8", "org.passwordmaker.android.PasswordMakerEditProfile"]}, {"94b74d64352c7aab9164fc1bc1625dac": ["11", "org.passwordmaker.android.PasswordMakerEditProfile"]}, {"94b74d64352c7aab9164fc1bc1625dac": ["11", "org.passwordmaker.android.PasswordMakerEditProfile"]}, {"b6db671c22459c8ec0a3ce1b09ccf0ee": ["6", "org.passwordmaker.android.PasswordMakerProForAndroidActivity"]}, {"ad649cc6feb381d21738971d1f305740": ["1", "org.passwordmaker.android.PasswordMakerProForAndroidActivity"]}, {"4897467ee766fed58c0aed364f4c3674": ["28", "org.passwordmaker.android.PasswordMakerEditProfile"]}, {"afa2d5e163d4892d961bd11f508a44ab": ["10", "org.passwordmaker.android.PasswordMakerEditProfile"]}, {"b6db671c22459c8ec0a3ce1b09ccf0ee": ["6", "org.passwordmaker.android.PasswordMakerProForAndroidActivity"]}, {"b6db671c22459c8ec0a3ce1b09ccf0ee": ["6", "org.passwordmaker.android.PasswordMakerProForAndroidActivity"]}, {"b6db671c22459c8ec0a3ce1b09ccf0ee": ["6", "org.passwordmaker.android.PasswordMakerProForAndroidActivity"]}, {"ad649cc6feb381d21738971d1f305740": ["1", "org.passwordmaker.android.PasswordMakerProForAndroidActivity"]}, {"b6db671c22459c8ec0a3ce1b09ccf0ee": ["6", "org.passwordmaker.android.PasswordMakerProForAndroidActivity"]}, {"17f18953d4f5235eeaa5e9f40ca19922": ["2", "org.passwordmaker.android.PasswordMakerProForAndroidActivity"]}, {"b6db671c22459c8ec0a3ce1b09ccf0ee": ["6", "org.passwordmaker.android.PasswordMakerProForAndroidActivity"]}, {"b6db671c22459c8ec0a3ce1b09ccf0ee": ["6", "org.passwordmaker.android.PasswordMakerProForAndroidActivity"]}, {"b6db671c22459c8ec0a3ce1b09ccf0ee": ["6", "org.passwordmaker.android.PasswordMakerProForAndroidActivity"]}, {"b6db671c22459c8ec0a3ce1b09ccf0ee": ["6", "org.passwordmaker.android.PasswordMakerProForAndroidActivity"]}, {"fe83aa5869338505d5beb82d5fe9c367": ["0", "org.passwordmaker.android.PasswordMakerProForAndroidActivity"]}, {"fe83aa5869338505d5beb82d5fe9c367": ["0", "org.passwordmaker.android.PasswordMakerProForAndroidActivity"]}, {"17f18953d4f5235eeaa5e9f40ca19922": ["2", "org.passwordmaker.android.PasswordMakerProForAndroidActivity"]}, {"fe83aa5869338505d5beb82d5fe9c367": ["0", "org.passwordmaker.android.PasswordMakerProForAndroidActivity"]}, {"fe83aa5869338505d5beb82d5fe9c367": ["0", "org.passwordmaker.android.PasswordMakerProForAndroidActivity"]}, {"fe83aa5869338505d5beb82d5fe9c367": ["0", "org.passwordmaker.android.PasswordMakerProForAndroidActivity"]}, {"fe83aa5869338505d5beb82d5fe9c367": ["0", "org.passwordmaker.android.PasswordMakerProForAndroidActivity"]}, {"fe83aa5869338505d5beb82d5fe9c367": ["0", "org.passwordmaker.android.PasswordMakerProForAndroidActivity"]}, {"fe83aa5869338505d5beb82d5fe9c367": ["0", "org.passwordmaker.android.PasswordMakerProForAndroidActivity"]}, {"fe83aa5869338505d5beb82d5fe9c367": ["0", "org.passwordmaker.android.PasswordMakerProForAndroidActivity"]}, {"b6db671c22459c8ec0a3ce1b09ccf0ee": ["6", "org.passwordmaker.android.PasswordMakerProForAndroidActivity"]}, {"b6db671c22459c8ec0a3ce1b09ccf0ee": ["6", "org.passwordmaker.android.PasswordMakerProForAndroidActivity"]}, {"b6db671c22459c8ec0a3ce1b09ccf0ee": ["6", "org.passwordmaker.android.PasswordMakerProForAndroidActivity"]}, {"b6db671c22459c8ec0a3ce1b09ccf0ee": ["6", "org.passwordmaker.android.PasswordMakerProForAndroidActivity"]}, {"b6db671c22459c8ec0a3ce1b09ccf0ee": ["6", "org.passwordmaker.android.PasswordMakerProForAndroidActivity"]}, {"17f18953d4f5235eeaa5e9f40ca19922": ["2", "org.passwordmaker.android.PasswordMakerProForAndroidActivity"]}, {"b6db671c22459c8ec0a3ce1b09ccf0ee": ["6", "org.passwordmaker.android.PasswordMakerProForAndroidActivity"]}, {"b6db671c22459c8ec0a3ce1b09ccf0ee": ["6", "org.passwordmaker.android.PasswordMakerProForAndroidActivity"]}, {"17f18953d4f5235eeaa5e9f40ca19922": ["2", "org.passwordmaker.android.PasswordMakerProForAndroidActivity"]}, {"b6db671c22459c8ec0a3ce1b09ccf0ee": ["6", "org.passwordmaker.android.PasswordMakerProForAndroidActivity"]}, {"b6db671c22459c8ec0a3ce1b09ccf0ee": ["6", "org.passwordmaker.android.PasswordMakerProForAndroidActivity"]}, {"b6db671c22459c8ec0a3ce1b09ccf0ee": ["6", "org.passwordmaker.android.PasswordMakerProForAndroidActivity"]}, {"fe83aa5869338505d5beb82d5fe9c367": ["0", "org.passwordmaker.android.PasswordMakerProForAndroidActivity"]}, {"fe83aa5869338505d5beb82d5fe9c367": ["0", "org.passwordmaker.android.PasswordMakerProForAndroidActivity"]}, {"fe83aa5869338505d5beb82d5fe9c367": ["0", "org.passwordmaker.android.PasswordMakerProForAndroidActivity"]}, {"17f18953d4f5235eeaa5e9f40ca19922": ["2", "org.passwordmaker.android.PasswordMakerProForAndroidActivity"]}, {"b6db671c22459c8ec0a3ce1b09ccf0ee": ["6", "org.passwordmaker.android.PasswordMakerProForAndroidActivity"]}, {"fe83aa5869338505d5beb82d5fe9c367": ["0", "org.passwordmaker.android.PasswordMakerProForAndroidActivity"]}, {"ad649cc6feb381d21738971d1f305740": ["1", "org.passwordmaker.android.PasswordMakerProForAndroidActivity"]}, {"fe83aa5869338505d5beb82d5fe9c367": ["0", "org.passwordmaker.android.PasswordMakerProForAndroidActivity"]}, {"b6db671c22459c8ec0a3ce1b09ccf0ee": ["6", "org.passwordmaker.android.PasswordMakerProForAndroidActivity"]}, {"b6db671c22459c8ec0a3ce1b09ccf0ee": ["6", "org.passwordmaker.android.PasswordMakerProForAndroidActivity"]}, {"17f18953d4f5235eeaa5e9f40ca19922": ["2", "org.passwordmaker.android.PasswordMakerProForAndroidActivity"]}, {"21de6f74af7851ed9cac358b143e89e4": ["8", "org.passwordmaker.android.PasswordMakerEditProfile"]}, {"21de6f74af7851ed9cac358b143e89e4": ["8", "org.passwordmaker.android.PasswordMakerEditProfile"]}, {"21de6f74af7851ed9cac358b143e89e4": ["8", "org.passwordmaker.android.PasswordMakerEditProfile"]}, {"afa2d5e163d4892d961bd11f508a44ab": ["10", "org.passwordmaker.android.PasswordMakerEditProfile"]}, {"21de6f74af7851ed9cac358b143e89e4": ["8", "org.passwordmaker.android.PasswordMakerEditProfile"]}, {"4897467ee766fed58c0aed364f4c3674": ["28", "org.passwordmaker.android.PasswordMakerEditProfile"]}, {"21de6f74af7851ed9cac358b143e89e4": ["8", "org.passwordmaker.android.PasswordMakerEditProfile"]}, {"21de6f74af7851ed9cac358b143e89e4": ["8", "org.passwordmaker.android.PasswordMakerEditProfile"]}, {"b6db671c22459c8ec0a3ce1b09ccf0ee": ["6", "org.passwordmaker.android.PasswordMakerProForAndroidActivity"]}, {"17f18953d4f5235eeaa5e9f40ca19922": ["2", "org.passwordmaker.android.PasswordMakerProForAndroidActivity"]}, {"b6db671c22459c8ec0a3ce1b09ccf0ee": ["6", "org.passwordmaker.android.PasswordMakerProForAndroidActivity"]}, {"b6db671c22459c8ec0a3ce1b09ccf0ee": ["6", "org.passwordmaker.android.PasswordMakerProForAndroidActivity"]}, {"b6db671c22459c8ec0a3ce1b09ccf0ee": ["6", "org.passwordmaker.android.PasswordMakerProForAndroidActivity"]}, {"b6db671c22459c8ec0a3ce1b09ccf0ee": ["6", "org.passwordmaker.android.PasswordMakerProForAndroidActivity"]}, {"b6db671c22459c8ec0a3ce1b09ccf0ee": ["6", "org.passwordmaker.android.PasswordMakerProForAndroidActivity"]}, {"b6db671c22459c8ec0a3ce1b09ccf0ee": ["6", "org.passwordmaker.android.PasswordMakerProForAndroidActivity"]}, {"b6db671c22459c8ec0a3ce1b09ccf0ee": ["6", "org.passwordmaker.android.PasswordMakerProForAndroidActivity"]}, {"b6db671c22459c8ec0a3ce1b09ccf0ee": ["6", "org.passwordmaker.android.PasswordMakerProForAndroidActivity"]}, {"b6db671c22459c8ec0a3ce1b09ccf0ee": ["6", "org.passwordmaker.android.PasswordMakerProForAndroidActivity"]}, {"b6db671c22459c8ec0a3ce1b09ccf0ee": ["6", "org.passwordmaker.android.PasswordMakerProForAndroidActivity"]}, {"fe83aa5869338505d5beb82d5fe9c367": ["0", "org.passwordmaker.android.PasswordMakerProForAndroidActivity"]}, {"ad649cc6feb381d21738971d1f305740": ["1", "org.passwordmaker.android.PasswordMakerProForAndroidActivity"]}, {"17f18953d4f5235eeaa5e9f40ca19922": ["2", "org.passwordmaker.android.PasswordMakerProForAndroidActivity"]}, {"afa2d5e163d4892d961bd11f508a44ab": ["10", "org.passwordmaker.android.PasswordMakerEditProfile"]}, {"21de6f74af7851ed9cac358b143e89e4": ["8", "org.passwordmaker.android.PasswordMakerEditProfile"]}, {"21de6f74af7851ed9cac358b143e89e4": ["8", "org.passwordmaker.android.PasswordMakerEditProfile"]}, {"21de6f74af7851ed9cac358b143e89e4": ["8", "org.passwordmaker.android.PasswordMakerEditProfile"]}, {"fe83aa5869338505d5beb82d5fe9c367": ["0", "org.passwordmaker.android.PasswordMakerProForAndroidActivity"]}, {"fe83aa5869338505d5beb82d5fe9c367": ["0", "org.passwordmaker.android.PasswordMakerProForAndroidActivity"]}, {"17f18953d4f5235eeaa5e9f40ca19922": ["2", "org.passwordmaker.android.PasswordMakerProForAndroidActivity"]}, {"b6db671c22459c8ec0a3ce1b09ccf0ee": ["6", "org.passwordmaker.android.PasswordMakerProForAndroidActivity"]}, {"b6db671c22459c8ec0a3ce1b09ccf0ee": ["6", "org.passwordmaker.android.PasswordMakerProForAndroidActivity"]}, {"b6db671c22459c8ec0a3ce1b09ccf0ee": ["6", "org.passwordmaker.android.PasswordMakerProForAndroidActivity"]}, {"ad649cc6feb381d21738971d1f305740": ["1", "org.passwordmaker.android.PasswordMakerProForAndroidActivity"]}, {"b6db671c22459c8ec0a3ce1b09ccf0ee": ["6", "org.passwordmaker.android.PasswordMakerProForAndroidActivity"]}, {"17f18953d4f5235eeaa5e9f40ca19922": ["2", "org.passwordmaker.android.PasswordMakerProForAndroidActivity"]}, {"b6db671c22459c8ec0a3ce1b09ccf0ee": ["6", "org.passwordmaker.android.PasswordMakerProForAndroidActivity"]}, {"b6db671c22459c8ec0a3ce1b09ccf0ee": ["6", "org.passwordmaker.android.PasswordMakerProForAndroidActivity"]}, {"b6db671c22459c8ec0a3ce1b09ccf0ee": ["6", "org.passwordmaker.android.PasswordMakerProForAndroidActivity"]}, {"b6db671c22459c8ec0a3ce1b09ccf0ee": ["6", "org.passwordmaker.android.PasswordMakerProForAndroidActivity"]}, {"fe83aa5869338505d5beb82d5fe9c367": ["0", "org.passwordmaker.android.PasswordMakerProForAndroidActivity"]}, {"fe83aa5869338505d5beb82d5fe9c367": ["0", "org.passwordmaker.android.PasswordMakerProForAndroidActivity"]}, {"17f18953d4f5235eeaa5e9f40ca19922": ["2", "org.passwordmaker.android.PasswordMakerProForAndroidActivity"]}, {"fe83aa5869338505d5beb82d5fe9c367": ["0", "org.passwordmaker.android.PasswordMakerProForAndroidActivity"]}, {"fe83aa5869338505d5beb82d5fe9c367": ["0", "org.passwordmaker.android.PasswordMakerProForAndroidActivity"]}, {"fe83aa5869338505d5beb82d5fe9c367": ["0", "org.passwordmaker.android.PasswordMakerProForAndroidActivity"]}, {"fe83aa5869338505d5beb82d5fe9c367": ["0", "org.passwordmaker.android.PasswordMakerProForAndroidActivity"]}, {"fe83aa5869338505d5beb82d5fe9c367": ["0", "org.passwordmaker.android.PasswordMakerProForAndroidActivity"]}, {"fe83aa5869338505d5beb82d5fe9c367": ["0", "org.passwordmaker.android.PasswordMakerProForAndroidActivity"]}, {"fe83aa5869338505d5beb82d5fe9c367": ["0", "org.passwordmaker.android.PasswordMakerProForAndroidActivity"]}, {"ad649cc6feb381d21738971d1f305740": ["1", "org.passwordmaker.android.PasswordMakerProForAndroidActivity"]}, {"21de6f74af7851ed9cac358b143e89e4": ["8", "org.passwordmaker.android.PasswordMakerEditProfile"]}, {"b6db671c22459c8ec0a3ce1b09ccf0ee": ["6", "org.passwordmaker.android.PasswordMakerProForAndroidActivity"]}, {"650fc1e833252a96849deda40dc4f70c": ["20", "org.passwordmaker.android.PasswordMakerProForAndroidActivity"]}, {"b6db671c22459c8ec0a3ce1b09ccf0ee": ["6", "org.passwordmaker.android.PasswordMakerProForAndroidActivity"]}, {"17f18953d4f5235eeaa5e9f40ca19922": ["2", "org.passwordmaker.android.PasswordMakerProForAndroidActivity"]}, {"b6db671c22459c8ec0a3ce1b09ccf0ee": ["6", "org.passwordmaker.android.PasswordMakerProForAndroidActivity"]}, {"b6db671c22459c8ec0a3ce1b09ccf0ee": ["6", "org.passwordmaker.android.PasswordMakerProForAndroidActivity"]}, {"b6db671c22459c8ec0a3ce1b09ccf0ee": ["6", "org.passwordmaker.android.PasswordMakerProForAndroidActivity"]}, {"b6db671c22459c8ec0a3ce1b09ccf0ee": ["6", "org.passwordmaker.android.PasswordMakerProForAndroidActivity"]}, {"fe83aa5869338505d5beb82d5fe9c367": ["0", "org.passwordmaker.android.PasswordMakerProForAndroidActivity"]}, {"fe83aa5869338505d5beb82d5fe9c367": ["0", "org.passwordmaker.android.PasswordMakerProForAndroidActivity"]}, {"fe83aa5869338505d5beb82d5fe9c367": ["0", "org.passwordmaker.android.PasswordMakerProForAndroidActivity"]}, {"650fc1e833252a96849deda40dc4f70c": ["20", "org.passwordmaker.android.PasswordMakerProForAndroidActivity"]}, {"fe83aa5869338505d5beb82d5fe9c367": ["0", "org.passwordmaker.android.PasswordMakerProForAndroidActivity"]}, {"17f18953d4f5235eeaa5e9f40ca19922": ["2", "org.passwordmaker.android.PasswordMakerProForAndroidActivity"]}, {"fe83aa5869338505d5beb82d5fe9c367": ["0", "org.passwordmaker.android.PasswordMakerProForAndroidActivity"]}, {"b6db671c22459c8ec0a3ce1b09ccf0ee": ["6", "org.passwordmaker.android.PasswordMakerProForAndroidActivity"]}, {"ad649cc6feb381d21738971d1f305740": ["1", "org.passwordmaker.android.PasswordMakerProForAndroidActivity"]}, {"b6db671c22459c8ec0a3ce1b09ccf0ee": ["6", "org.passwordmaker.android.PasswordMakerProForAndroidActivity"]}, {"17f18953d4f5235eeaa5e9f40ca19922": ["2", "org.passwordmaker.android.PasswordMakerProForAndroidActivity"]}, {"b6db671c22459c8ec0a3ce1b09ccf0ee": ["6", "org.passwordmaker.android.PasswordMakerProForAndroidActivity"]}, {"fe83aa5869338505d5beb82d5fe9c367": ["0", "org.passwordmaker.android.PasswordMakerProForAndroidActivity"]}, {"ad649cc6feb381d21738971d1f305740": ["1", "org.passwordmaker.android.PasswordMakerProForAndroidActivity"]}, {"21de6f74af7851ed9cac358b143e89e4": ["8", "org.passwordmaker.android.PasswordMakerEditProfile"]}, {"21de6f74af7851ed9cac358b143e89e4": ["8", "org.passwordmaker.android.PasswordMakerEditProfile"]}, {"afa2d5e163d4892d961bd11f508a44ab": ["10", "org.passwordmaker.android.PasswordMakerEditProfile"]}, {"a9cca47e01764c0426dbda008ba67d9c": ["21", "org.passwordmaker.android.PasswordMakerProForAndroidActivity"]}, {"a9cca47e01764c0426dbda008ba67d9c": ["21", "org.passwordmaker.android.PasswordMakerProForAndroidActivity"]}, {"ad649cc6feb381d21738971d1f305740": ["1", "org.passwordmaker.android.PasswordMakerProForAndroidActivity"]}, {"fe83aa5869338505d5beb82d5fe9c367": ["0", "org.passwordmaker.android.PasswordMakerProForAndroidActivity"]}, {"a9cca47e01764c0426dbda008ba67d9c": ["21", "org.passwordmaker.android.PasswordMakerProForAndroidActivity"]}, {"fe83aa5869338505d5beb82d5fe9c367": ["0", "org.passwordmaker.android.PasswordMakerProForAndroidActivity"]}, {"fe83aa5869338505d5beb82d5fe9c367": ["0", "org.passwordmaker.android.PasswordMakerProForAndroidActivity"]}, {"fe83aa5869338505d5beb82d5fe9c367": ["0", "org.passwordmaker.android.PasswordMakerProForAndroidActivity"]}, {"fe83aa5869338505d5beb82d5fe9c367": ["0", "org.passwordmaker.android.PasswordMakerProForAndroidActivity"]}, {"fe83aa5869338505d5beb82d5fe9c367": ["0", "org.passwordmaker.android.PasswordMakerProForAndroidActivity"]}, {"fe83aa5869338505d5beb82d5fe9c367": ["0", "org.passwordmaker.android.PasswordMakerProForAndroidActivity"]}, {"fe83aa5869338505d5beb82d5fe9c367": ["0", "org.passwordmaker.android.PasswordMakerProForAndroidActivity"]}, {"fe83aa5869338505d5beb82d5fe9c367": ["0", "org.passwordmaker.android.PasswordMakerProForAndroidActivity"]}, {"fe83aa5869338505d5beb82d5fe9c367": ["0", "org.passwordmaker.android.PasswordMakerProForAndroidActivity"]}, {"ad649cc6feb381d21738971d1f305740": ["1", "org.passwordmaker.android.PasswordMakerProForAndroidActivity"]}, {"fe83aa5869338505d5beb82d5fe9c367": ["0", "org.passwordmaker.android.PasswordMakerProForAndroidActivity"]}, {"fe83aa5869338505d5beb82d5fe9c367": ["0", "org.passwordmaker.android.PasswordMakerProForAndroidActivity"]}, {"ad649cc6feb381d21738971d1f305740": ["1", "org.passwordmaker.android.PasswordMakerProForAndroidActivity"]}, {"b6db671c22459c8ec0a3ce1b09ccf0ee": ["6", "org.passwordmaker.android.PasswordMakerProForAndroidActivity"]}, {"ad649cc6feb381d21738971d1f305740": ["1", "org.passwordmaker.android.PasswordMakerProForAndroidActivity"]}, {"21de6f74af7851ed9cac358b143e89e4": ["8", "org.passwordmaker.android.PasswordMakerEditProfile"]}, {"2061c443483f88749db517a1e2d15b7f": ["23", "org.passwordmaker.android.PasswordMakerProForAndroidActivity"]}, {"b6db671c22459c8ec0a3ce1b09ccf0ee": ["6", "org.passwordmaker.android.PasswordMakerProForAndroidActivity"]}, {"2061c443483f88749db517a1e2d15b7f": ["23", "org.passwordmaker.android.PasswordMakerProForAndroidActivity"]}, {"21de6f74af7851ed9cac358b143e89e4": ["8", "org.passwordmaker.android.PasswordMakerEditProfile"]}, {"21de6f74af7851ed9cac358b143e89e4": ["8", "org.passwordmaker.android.PasswordMakerEditProfile"]}, {"94b74d64352c7aab9164fc1bc1625dac": ["11", "org.passwordmaker.android.PasswordMakerEditProfile"]}, {"21de6f74af7851ed9cac358b143e89e4": ["8", "org.passwordmaker.android.PasswordMakerEditProfile"]}, {"21de6f74af7851ed9cac358b143e89e4": ["8", "org.passwordmaker.android.PasswordMakerEditProfile"]}, {"21de6f74af7851ed9cac358b143e89e4": ["8", "org.passwordmaker.android.PasswordMakerEditProfile"]}, {"4897467ee766fed58c0aed364f4c3674": ["28", "org.passwordmaker.android.PasswordMakerEditProfile"]}, {"21de6f74af7851ed9cac358b143e89e4": ["8", "org.passwordmaker.android.PasswordMakerEditProfile"]}, {"afa2d5e163d4892d961bd11f508a44ab": ["10", "org.passwordmaker.android.PasswordMakerEditProfile"]}, {"afa2d5e163d4892d961bd11f508a44ab": ["10", "org.passwordmaker.android.PasswordMakerEditProfile"]}, {"21de6f74af7851ed9cac358b143e89e4": ["8", "org.passwordmaker.android.PasswordMakerEditProfile"]}, {"afa2d5e163d4892d961bd11f508a44ab": ["10", "org.passwordmaker.android.PasswordMakerEditProfile"]}, {"21de6f74af7851ed9cac358b143e89e4": ["8", "org.passwordmaker.android.PasswordMakerEditProfile"]}, {"afa2d5e163d4892d961bd11f508a44ab": ["10", "org.passwordmaker.android.PasswordMakerEditProfile"]}, {"94b74d64352c7aab9164fc1bc1625dac": ["11", "org.passwordmaker.android.PasswordMakerEditProfile"]}, {"21de6f74af7851ed9cac358b143e89e4": ["8", "org.passwordmaker.android.PasswordMakerEditProfile"]}, {"21de6f74af7851ed9cac358b143e89e4": ["8", "org.passwordmaker.android.PasswordMakerEditProfile"]}, {"21de6f74af7851ed9cac358b143e89e4": ["8", "org.passwordmaker.android.PasswordMakerEditProfile"]}, {"21de6f74af7851ed9cac358b143e89e4": ["8", "org.passwordmaker.android.PasswordMakerEditProfile"]}, {"21de6f74af7851ed9cac358b143e89e4": ["8", "org.passwordmaker.android.PasswordMakerEditProfile"]}, {"b6db671c22459c8ec0a3ce1b09ccf0ee": ["6", "org.passwordmaker.android.PasswordMakerProForAndroidActivity"]}, {"b6db671c22459c8ec0a3ce1b09ccf0ee": ["6", "org.passwordmaker.android.PasswordMakerProForAndroidActivity"]}, {"b6db671c22459c8ec0a3ce1b09ccf0ee": ["6", "org.passwordmaker.android.PasswordMakerProForAndroidActivity"]}, {"b6db671c22459c8ec0a3ce1b09ccf0ee": ["6", "org.passwordmaker.android.PasswordMakerProForAndroidActivity"]}, {"b6db671c22459c8ec0a3ce1b09ccf0ee": ["6", "org.passwordmaker.android.PasswordMakerProForAndroidActivity"]}, {"b6db671c22459c8ec0a3ce1b09ccf0ee": ["6", "org.passwordmaker.android.PasswordMakerProForAndroidActivity"]}, {"50737808f31a75ddd94f24a4b8838fd2": ["29", "org.passwordmaker.android.PasswordMakerProForAndroidActivity"]}, {"fe83aa5869338505d5beb82d5fe9c367": ["0", "org.passwordmaker.android.PasswordMakerProForAndroidActivity"]}, {"fe83aa5869338505d5beb82d5fe9c367": ["0", "org.passwordmaker.android.PasswordMakerProForAndroidActivity"]}, {"b6db671c22459c8ec0a3ce1b09ccf0ee": ["6", "org.passwordmaker.android.PasswordMakerProForAndroidActivity"]}, {"b6db671c22459c8ec0a3ce1b09ccf0ee": ["6", "org.passwordmaker.android.PasswordMakerProForAndroidActivity"]}, {"b6db671c22459c8ec0a3ce1b09ccf0ee": ["6", "org.passwordmaker.android.PasswordMakerProForAndroidActivity"]}, {"ad649cc6feb381d21738971d1f305740": ["1", "org.passwordmaker.android.PasswordMakerProForAndroidActivity"]}, {"4897467ee766fed58c0aed364f4c3674": ["28", "org.passwordmaker.android.PasswordMakerEditProfile"]}, {"b6db671c22459c8ec0a3ce1b09ccf0ee": ["6", "org.passwordmaker.android.PasswordMakerProForAndroidActivity"]}, {"b6db671c22459c8ec0a3ce1b09ccf0ee": ["6", "org.passwordmaker.android.PasswordMakerProForAndroidActivity"]}, {"ad649cc6feb381d21738971d1f305740": ["1", "org.passwordmaker.android.PasswordMakerProForAndroidActivity"]}, {"ad649cc6feb381d21738971d1f305740": ["1", "org.passwordmaker.android.PasswordMakerProForAndroidActivity"]}, {"fe83aa5869338505d5beb82d5fe9c367": ["0", "org.passwordmaker.android.PasswordMakerProForAndroidActivity"]}, {"fe83aa5869338505d5beb82d5fe9c367": ["0", "org.passwordmaker.android.PasswordMakerProForAndroidActivity"]}, {"fe83aa5869338505d5beb82d5fe9c367": ["0", "org.passwordmaker.android.PasswordMakerProForAndroidActivity"]}, {"fe83aa5869338505d5beb82d5fe9c367": ["0", "org.passwordmaker.android.PasswordMakerProForAndroidActivity"]}, {"ad649cc6feb381d21738971d1f305740": ["1", "org.passwordmaker.android.PasswordMakerProForAndroidActivity"]}, {"fe83aa5869338505d5beb82d5fe9c367": ["0", "org.passwordmaker.android.PasswordMakerProForAndroidActivity"]}, {"fe83aa5869338505d5beb82d5fe9c367": ["0", "org.passwordmaker.android.PasswordMakerProForAndroidActivity"]}, {"14b52740243ba824d227040a25a6e833": ["30", "org.passwordmaker.android.PasswordMakerProForAndroidActivity"]}, {"fe83aa5869338505d5beb82d5fe9c367": ["0", "org.passwordmaker.android.PasswordMakerProForAndroidActivity"]}, {"fe83aa5869338505d5beb82d5fe9c367": ["0", "org.passwordmaker.android.PasswordMakerProForAndroidActivity"]}, {"14b52740243ba824d227040a25a6e833": ["30", "org.passwordmaker.android.PasswordMakerProForAndroidActivity"]}, {"21de6f74af7851ed9cac358b143e89e4": ["8", "org.passwordmaker.android.PasswordMakerEditProfile"]}, {"fe83aa5869338505d5beb82d5fe9c367": ["0", "org.passwordmaker.android.PasswordMakerProForAndroidActivity"]}, {"fe83aa5869338505d5beb82d5fe9c367": ["0", "org.passwordmaker.android.PasswordMakerProForAndroidActivity"]}, {"14b52740243ba824d227040a25a6e833": ["30", "org.passwordmaker.android.PasswordMakerProForAndroidActivity"]}, {"fe83aa5869338505d5beb82d5fe9c367": ["0", "org.passwordmaker.android.PasswordMakerProForAndroidActivity"]}, {"b6db671c22459c8ec0a3ce1b09ccf0ee": ["6", "org.passwordmaker.android.PasswordMakerProForAndroidActivity"]}, {"b6db671c22459c8ec0a3ce1b09ccf0ee": ["6", "org.passwordmaker.android.PasswordMakerProForAndroidActivity"]}, {"b6db671c22459c8ec0a3ce1b09ccf0ee": ["6", "org.passwordmaker.android.PasswordMakerProForAndroidActivity"]}, {"b6db671c22459c8ec0a3ce1b09ccf0ee": ["6", "org.passwordmaker.android.PasswordMakerProForAndroidActivity"]}, {"b6db671c22459c8ec0a3ce1b09ccf0ee": ["6", "org.passwordmaker.android.PasswordMakerProForAndroidActivity"]}, {"b6db671c22459c8ec0a3ce1b09ccf0ee": ["6", "org.passwordmaker.android.PasswordMakerProForAndroidActivity"]}, {"b6db671c22459c8ec0a3ce1b09ccf0ee": ["6", "org.passwordmaker.android.PasswordMakerProForAndroidActivity"]}, {"b6db671c22459c8ec0a3ce1b09ccf0ee": ["6", "org.passwordmaker.android.PasswordMakerProForAndroidActivity"]}, {"fe83aa5869338505d5beb82d5fe9c367": ["0", "org.passwordmaker.android.PasswordMakerProForAndroidActivity"]}, {"ad649cc6feb381d21738971d1f305740": ["1", "org.passwordmaker.android.PasswordMakerProForAndroidActivity"]}, {"14b52740243ba824d227040a25a6e833": ["30", "org.passwordmaker.android.PasswordMakerProForAndroidActivity"]}, {"afa2d5e163d4892d961bd11f508a44ab": ["10", "org.passwordmaker.android.PasswordMakerEditProfile"]}, {"21de6f74af7851ed9cac358b143e89e4": ["8", "org.passwordmaker.android.PasswordMakerEditProfile"]}, {"21de6f74af7851ed9cac358b143e89e4": ["8", "org.passwordmaker.android.PasswordMakerEditProfile"]}, {"fe83aa5869338505d5beb82d5fe9c367": ["0", "org.passwordmaker.android.PasswordMakerProForAndroidActivity"]}, {"b6db671c22459c8ec0a3ce1b09ccf0ee": ["6", "org.passwordmaker.android.PasswordMakerProForAndroidActivity"]}, {"b6db671c22459c8ec0a3ce1b09ccf0ee": ["6", "org.passwordmaker.android.PasswordMakerProForAndroidActivity"]}, {"ad649cc6feb381d21738971d1f305740": ["1", "org.passwordmaker.android.PasswordMakerProForAndroidActivity"]}, {"b6db671c22459c8ec0a3ce1b09ccf0ee": ["6", "org.passwordmaker.android.PasswordMakerProForAndroidActivity"]}, {"ad649cc6feb381d21738971d1f305740": ["1", "org.passwordmaker.android.PasswordMakerProForAndroidActivity"]}, {"b6db671c22459c8ec0a3ce1b09ccf0ee": ["6", "org.passwordmaker.android.PasswordMakerProForAndroidActivity"]}, {"b6db671c22459c8ec0a3ce1b09ccf0ee": ["6", "org.passwordmaker.android.PasswordMakerProForAndroidActivity"]}, {"b6db671c22459c8ec0a3ce1b09ccf0ee": ["6", "org.passwordmaker.android.PasswordMakerProForAndroidActivity"]}, {"ad649cc6feb381d21738971d1f305740": ["1", "org.passwordmaker.android.PasswordMakerProForAndroidActivity"]}, {"b6db671c22459c8ec0a3ce1b09ccf0ee": ["6", "org.passwordmaker.android.PasswordMakerProForAndroidActivity"]}, {"b6db671c22459c8ec0a3ce1b09ccf0ee": ["6", "org.passwordmaker.android.PasswordMakerProForAndroidActivity"]}, {"b6db671c22459c8ec0a3ce1b09ccf0ee": ["6", "org.passwordmaker.android.PasswordMakerProForAndroidActivity"]}, {"b6db671c22459c8ec0a3ce1b09ccf0ee": ["6", "org.passwordmaker.android.PasswordMakerProForAndroidActivity"]}, {"b6db671c22459c8ec0a3ce1b09ccf0ee": ["6", "org.passwordmaker.android.PasswordMakerProForAndroidActivity"]}, {"b6db671c22459c8ec0a3ce1b09ccf0ee": ["6", "org.passwordmaker.android.PasswordMakerProForAndroidActivity"]}, {"fe83aa5869338505d5beb82d5fe9c367": ["0", "org.passwordmaker.android.PasswordMakerProForAndroidActivity"]}, {"fe83aa5869338505d5beb82d5fe9c367": ["0", "org.passwordmaker.android.PasswordMakerProForAndroidActivity"]}, {"fe83aa5869338505d5beb82d5fe9c367": ["0", "org.passwordmaker.android.PasswordMakerProForAndroidActivity"]}, {"fe83aa5869338505d5beb82d5fe9c367": ["0", "org.passwordmaker.android.PasswordMakerProForAndroidActivity"]}]