[{"9002c01b476ecd765016898ca1c659ba": ["0", "es.senselesssolutions.gpl.weightchart.ChartActivity"]}, {"d10f34616e7808013718018c5da6f4d7": ["1", "es.senselesssolutions.gpl.weightchart.ChartActivity"]}, {"fe5b57d7e4330d9b0b3fb3145fd4185f": ["12", "es.senselesssolutions.gpl.weightchart.PreferencesActivity"]}, {"79c923a8fb078fa077f20b2bfe7eef92": ["15", "es.senselesssolutions.gpl.weightchart.PreferencesActivity"]}, {"fe5b57d7e4330d9b0b3fb3145fd4185f": ["12", "es.senselesssolutions.gpl.weightchart.PreferencesActivity"]}, {"79c923a8fb078fa077f20b2bfe7eef92": ["15", "es.senselesssolutions.gpl.weightchart.PreferencesActivity"]}, {"fe5b57d7e4330d9b0b3fb3145fd4185f": ["12", "es.senselesssolutions.gpl.weightchart.PreferencesActivity"]}, {"fe5b57d7e4330d9b0b3fb3145fd4185f": ["12", "es.senselesssolutions.gpl.weightchart.PreferencesActivity"]}, {"fe5b57d7e4330d9b0b3fb3145fd4185f": ["12", "es.senselesssolutions.gpl.weightchart.PreferencesActivity"]}, {"fe5b57d7e4330d9b0b3fb3145fd4185f": ["12", "es.senselesssolutions.gpl.weightchart.PreferencesActivity"]}, {"fe5b57d7e4330d9b0b3fb3145fd4185f": ["12", "es.senselesssolutions.gpl.weightchart.PreferencesActivity"]}, {"556048a2981efde4a123a51f9e9b6ca5": ["20", "es.senselesssolutions.gpl.weightchart.PreferencesActivity"]}, {"fe5b57d7e4330d9b0b3fb3145fd4185f": ["12", "es.senselesssolutions.gpl.weightchart.PreferencesActivity"]}, {"00c57445a94c80c8448fe88ca0ec0f6f": ["13", "es.senselesssolutions.gpl.weightchart.PreferencesActivity"]}, {"fe5b57d7e4330d9b0b3fb3145fd4185f": ["12", "es.senselesssolutions.gpl.weightchart.PreferencesActivity"]}, {"fe5b57d7e4330d9b0b3fb3145fd4185f": ["12", "es.senselesssolutions.gpl.weightchart.PreferencesActivity"]}, {"b3f9b74b8b738aa1fc9b911009ca4f9b": ["26", "es.senselesssolutions.gpl.weightchart.PreferencesActivity"]}, {"b3f9b74b8b738aa1fc9b911009ca4f9b": ["26", "es.senselesssolutions.gpl.weightchart.PreferencesActivity"]}, {"b3f9b74b8b738aa1fc9b911009ca4f9b": ["26", "es.senselesssolutions.gpl.weightchart.PreferencesActivity"]}, {"b3f9b74b8b738aa1fc9b911009ca4f9b": ["26", "es.senselesssolutions.gpl.weightchart.PreferencesActivity"]}, {"556048a2981efde4a123a51f9e9b6ca5": ["20", "es.senselesssolutions.gpl.weightchart.PreferencesActivity"]}, {"b3f9b74b8b738aa1fc9b911009ca4f9b": ["26", "es.senselesssolutions.gpl.weightchart.PreferencesActivity"]}, {"556048a2981efde4a123a51f9e9b6ca5": ["20", "es.senselesssolutions.gpl.weightchart.PreferencesActivity"]}, {"b3f9b74b8b738aa1fc9b911009ca4f9b": ["26", "es.senselesssolutions.gpl.weightchart.PreferencesActivity"]}, {"fe5b57d7e4330d9b0b3fb3145fd4185f": ["12", "es.senselesssolutions.gpl.weightchart.PreferencesActivity"]}, {"79c923a8fb078fa077f20b2bfe7eef92": ["15", "es.senselesssolutions.gpl.weightchart.PreferencesActivity"]}, {"fe5b57d7e4330d9b0b3fb3145fd4185f": ["12", "es.senselesssolutions.gpl.weightchart.PreferencesActivity"]}, {"79c923a8fb078fa077f20b2bfe7eef92": ["15", "es.senselesssolutions.gpl.weightchart.PreferencesActivity"]}, {"fe5b57d7e4330d9b0b3fb3145fd4185f": ["12", "es.senselesssolutions.gpl.weightchart.PreferencesActivity"]}, {"fe5b57d7e4330d9b0b3fb3145fd4185f": ["12", "es.senselesssolutions.gpl.weightchart.PreferencesActivity"]}, {"00c57445a94c80c8448fe88ca0ec0f6f": ["13", "es.senselesssolutions.gpl.weightchart.PreferencesActivity"]}, {"79c923a8fb078fa077f20b2bfe7eef92": ["15", "es.senselesssolutions.gpl.weightchart.PreferencesActivity"]}, {"fe5b57d7e4330d9b0b3fb3145fd4185f": ["12", "es.senselesssolutions.gpl.weightchart.PreferencesActivity"]}, {"fe5b57d7e4330d9b0b3fb3145fd4185f": ["12", "es.senselesssolutions.gpl.weightchart.PreferencesActivity"]}, {"fe5b57d7e4330d9b0b3fb3145fd4185f": ["12", "es.senselesssolutions.gpl.weightchart.PreferencesActivity"]}, {"fe5b57d7e4330d9b0b3fb3145fd4185f": ["12", "es.senselesssolutions.gpl.weightchart.PreferencesActivity"]}, {"556048a2981efde4a123a51f9e9b6ca5": ["20", "es.senselesssolutions.gpl.weightchart.PreferencesActivity"]}, {"b3f9b74b8b738aa1fc9b911009ca4f9b": ["26", "es.senselesssolutions.gpl.weightchart.PreferencesActivity"]}, {"b3f9b74b8b738aa1fc9b911009ca4f9b": ["26", "es.senselesssolutions.gpl.weightchart.PreferencesActivity"]}, {"b3f9b74b8b738aa1fc9b911009ca4f9b": ["26", "es.senselesssolutions.gpl.weightchart.PreferencesActivity"]}, {"b3f9b74b8b738aa1fc9b911009ca4f9b": ["26", "es.senselesssolutions.gpl.weightchart.PreferencesActivity"]}, {"b3f9b74b8b738aa1fc9b911009ca4f9b": ["26", "es.senselesssolutions.gpl.weightchart.PreferencesActivity"]}, {"b3f9b74b8b738aa1fc9b911009ca4f9b": ["26", "es.senselesssolutions.gpl.weightchart.PreferencesActivity"]}, {"b3f9b74b8b738aa1fc9b911009ca4f9b": ["26", "es.senselesssolutions.gpl.weightchart.PreferencesActivity"]}, {"556048a2981efde4a123a51f9e9b6ca5": ["20", "es.senselesssolutions.gpl.weightchart.PreferencesActivity"]}, {"b3f9b74b8b738aa1fc9b911009ca4f9b": ["26", "es.senselesssolutions.gpl.weightchart.PreferencesActivity"]}, {"556048a2981efde4a123a51f9e9b6ca5": ["20", "es.senselesssolutions.gpl.weightchart.PreferencesActivity"]}, {"b3f9b74b8b738aa1fc9b911009ca4f9b": ["26", "es.senselesssolutions.gpl.weightchart.PreferencesActivity"]}, {"d941c43613281a08d1fd2a0a899a5941": ["22", "es.senselesssolutions.gpl.weightchart.EntryActivity"]}, {"d941c43613281a08d1fd2a0a899a5941": ["22", "es.senselesssolutions.gpl.weightchart.EntryActivity"]}, {"81a81ba789e34b3e91148d4b78c517ca": ["11", "es.senselesssolutions.gpl.weightchart.EntryActivity"]}, {"d941c43613281a08d1fd2a0a899a5941": ["22", "es.senselesssolutions.gpl.weightchart.EntryActivity"]}, {"d941c43613281a08d1fd2a0a899a5941": ["22", "es.senselesssolutions.gpl.weightchart.EntryActivity"]}, {"d941c43613281a08d1fd2a0a899a5941": ["22", "es.senselesssolutions.gpl.weightchart.EntryActivity"]}, {"d941c43613281a08d1fd2a0a899a5941": ["22", "es.senselesssolutions.gpl.weightchart.EntryActivity"]}, {"d941c43613281a08d1fd2a0a899a5941": ["22", "es.senselesssolutions.gpl.weightchart.EntryActivity"]}, {"d941c43613281a08d1fd2a0a899a5941": ["22", "es.senselesssolutions.gpl.weightchart.EntryActivity"]}, {"d941c43613281a08d1fd2a0a899a5941": ["22", "es.senselesssolutions.gpl.weightchart.EntryActivity"]}, {"d941c43613281a08d1fd2a0a899a5941": ["22", "es.senselesssolutions.gpl.weightchart.EntryActivity"]}, {"d941c43613281a08d1fd2a0a899a5941": ["22", "es.senselesssolutions.gpl.weightchart.EntryActivity"]}, {"d941c43613281a08d1fd2a0a899a5941": ["22", "es.senselesssolutions.gpl.weightchart.EntryActivity"]}, {"d941c43613281a08d1fd2a0a899a5941": ["22", "es.senselesssolutions.gpl.weightchart.EntryActivity"]}, {"d941c43613281a08d1fd2a0a899a5941": ["22", "es.senselesssolutions.gpl.weightchart.EntryActivity"]}, {"18af5886db074164b4e61e8dea58bec2": ["10", "es.senselesssolutions.gpl.weightchart.EntryActivity"]}, {"d941c43613281a08d1fd2a0a899a5941": ["22", "es.senselesssolutions.gpl.weightchart.EntryActivity"]}, {"d941c43613281a08d1fd2a0a899a5941": ["22", "es.senselesssolutions.gpl.weightchart.EntryActivity"]}, {"d941c43613281a08d1fd2a0a899a5941": ["22", "es.senselesssolutions.gpl.weightchart.EntryActivity"]}, {"d941c43613281a08d1fd2a0a899a5941": ["22", "es.senselesssolutions.gpl.weightchart.EntryActivity"]}, {"d941c43613281a08d1fd2a0a899a5941": ["22", "es.senselesssolutions.gpl.weightchart.EntryActivity"]}, {"d941c43613281a08d1fd2a0a899a5941": ["22", "es.senselesssolutions.gpl.weightchart.EntryActivity"]}, {"d941c43613281a08d1fd2a0a899a5941": ["22", "es.senselesssolutions.gpl.weightchart.EntryActivity"]}, {"d941c43613281a08d1fd2a0a899a5941": ["22", "es.senselesssolutions.gpl.weightchart.EntryActivity"]}, {"d941c43613281a08d1fd2a0a899a5941": ["22", "es.senselesssolutions.gpl.weightchart.EntryActivity"]}, {"d941c43613281a08d1fd2a0a899a5941": ["22", "es.senselesssolutions.gpl.weightchart.EntryActivity"]}, {"d941c43613281a08d1fd2a0a899a5941": ["22", "es.senselesssolutions.gpl.weightchart.EntryActivity"]}, {"81a81ba789e34b3e91148d4b78c517ca": ["11", "es.senselesssolutions.gpl.weightchart.EntryActivity"]}, {"81a81ba789e34b3e91148d4b78c517ca": ["11", "es.senselesssolutions.gpl.weightchart.EntryActivity"]}, {"d941c43613281a08d1fd2a0a899a5941": ["22", "es.senselesssolutions.gpl.weightchart.EntryActivity"]}, {"81a81ba789e34b3e91148d4b78c517ca": ["11", "es.senselesssolutions.gpl.weightchart.EntryActivity"]}, {"d941c43613281a08d1fd2a0a899a5941": ["22", "es.senselesssolutions.gpl.weightchart.EntryActivity"]}, {"d941c43613281a08d1fd2a0a899a5941": ["22", "es.senselesssolutions.gpl.weightchart.EntryActivity"]}, {"d941c43613281a08d1fd2a0a899a5941": ["22", "es.senselesssolutions.gpl.weightchart.EntryActivity"]}, {"d941c43613281a08d1fd2a0a899a5941": ["22", "es.senselesssolutions.gpl.weightchart.EntryActivity"]}, {"d941c43613281a08d1fd2a0a899a5941": ["22", "es.senselesssolutions.gpl.weightchart.EntryActivity"]}, {"d941c43613281a08d1fd2a0a899a5941": ["22", "es.senselesssolutions.gpl.weightchart.EntryActivity"]}, {"81a81ba789e34b3e91148d4b78c517ca": ["11", "es.senselesssolutions.gpl.weightchart.EntryActivity"]}, {"d941c43613281a08d1fd2a0a899a5941": ["22", "es.senselesssolutions.gpl.weightchart.EntryActivity"]}, {"d941c43613281a08d1fd2a0a899a5941": ["22", "es.senselesssolutions.gpl.weightchart.EntryActivity"]}, {"d941c43613281a08d1fd2a0a899a5941": ["22", "es.senselesssolutions.gpl.weightchart.EntryActivity"]}, {"d941c43613281a08d1fd2a0a899a5941": ["22", "es.senselesssolutions.gpl.weightchart.EntryActivity"]}, {"d941c43613281a08d1fd2a0a899a5941": ["22", "es.senselesssolutions.gpl.weightchart.EntryActivity"]}, {"d941c43613281a08d1fd2a0a899a5941": ["22", "es.senselesssolutions.gpl.weightchart.EntryActivity"]}, {"d941c43613281a08d1fd2a0a899a5941": ["22", "es.senselesssolutions.gpl.weightchart.EntryActivity"]}, {"d941c43613281a08d1fd2a0a899a5941": ["22", "es.senselesssolutions.gpl.weightchart.EntryActivity"]}, {"d941c43613281a08d1fd2a0a899a5941": ["22", "es.senselesssolutions.gpl.weightchart.EntryActivity"]}, {"81a81ba789e34b3e91148d4b78c517ca": ["11", "es.senselesssolutions.gpl.weightchart.EntryActivity"]}, {"d941c43613281a08d1fd2a0a899a5941": ["22", "es.senselesssolutions.gpl.weightchart.EntryActivity"]}, {"d941c43613281a08d1fd2a0a899a5941": ["22", "es.senselesssolutions.gpl.weightchart.EntryActivity"]}, {"d941c43613281a08d1fd2a0a899a5941": ["22", "es.senselesssolutions.gpl.weightchart.EntryActivity"]}, {"81a81ba789e34b3e91148d4b78c517ca": ["11", "es.senselesssolutions.gpl.weightchart.EntryActivity"]}, {"d941c43613281a08d1fd2a0a899a5941": ["22", "es.senselesssolutions.gpl.weightchart.EntryActivity"]}, {"d941c43613281a08d1fd2a0a899a5941": ["22", "es.senselesssolutions.gpl.weightchart.EntryActivity"]}, {"d941c43613281a08d1fd2a0a899a5941": ["22", "es.senselesssolutions.gpl.weightchart.EntryActivity"]}, {"d941c43613281a08d1fd2a0a899a5941": ["22", "es.senselesssolutions.gpl.weightchart.EntryActivity"]}, {"d941c43613281a08d1fd2a0a899a5941": ["22", "es.senselesssolutions.gpl.weightchart.EntryActivity"]}, {"d941c43613281a08d1fd2a0a899a5941": ["22", "es.senselesssolutions.gpl.weightchart.EntryActivity"]}, {"18af5886db074164b4e61e8dea58bec2": ["10", "es.senselesssolutions.gpl.weightchart.EntryActivity"]}, {"c4e9f730fa0bfadf38e511bb786adeda": ["7", "es.senselesssolutions.gpl.weightchart.EntryListActivity"]}, {"c4e9f730fa0bfadf38e511bb786adeda": ["7", "es.senselesssolutions.gpl.weightchart.EntryListActivity"]}, {"d941c43613281a08d1fd2a0a899a5941": ["22", "es.senselesssolutions.gpl.weightchart.EntryActivity"]}, {"d941c43613281a08d1fd2a0a899a5941": ["22", "es.senselesssolutions.gpl.weightchart.EntryActivity"]}, {"18af5886db074164b4e61e8dea58bec2": ["10", "es.senselesssolutions.gpl.weightchart.EntryActivity"]}, {"18af5886db074164b4e61e8dea58bec2": ["10", "es.senselesssolutions.gpl.weightchart.EntryActivity"]}, {"18af5886db074164b4e61e8dea58bec2": ["10", "es.senselesssolutions.gpl.weightchart.EntryActivity"]}, {"d941c43613281a08d1fd2a0a899a5941": ["22", "es.senselesssolutions.gpl.weightchart.EntryActivity"]}, {"d941c43613281a08d1fd2a0a899a5941": ["22", "es.senselesssolutions.gpl.weightchart.EntryActivity"]}, {"d941c43613281a08d1fd2a0a899a5941": ["22", "es.senselesssolutions.gpl.weightchart.EntryActivity"]}, {"d941c43613281a08d1fd2a0a899a5941": ["22", "es.senselesssolutions.gpl.weightchart.EntryActivity"]}, {"d941c43613281a08d1fd2a0a899a5941": ["22", "es.senselesssolutions.gpl.weightchart.EntryActivity"]}, {"d941c43613281a08d1fd2a0a899a5941": ["22", "es.senselesssolutions.gpl.weightchart.EntryActivity"]}, {"d941c43613281a08d1fd2a0a899a5941": ["22", "es.senselesssolutions.gpl.weightchart.EntryActivity"]}, {"81a81ba789e34b3e91148d4b78c517ca": ["11", "es.senselesssolutions.gpl.weightchart.EntryActivity"]}, {"fe5b57d7e4330d9b0b3fb3145fd4185f": ["12", "es.senselesssolutions.gpl.weightchart.PreferencesActivity"]}, {"492eee65e9d42b3e160aa7ff9c83d14a": ["21", "es.senselesssolutions.gpl.weightchart.PreferencesActivity"]}, {"c4e9f730fa0bfadf38e511bb786adeda": ["7", "es.senselesssolutions.gpl.weightchart.EntryListActivity"]}, {"c4e9f730fa0bfadf38e511bb786adeda": ["7", "es.senselesssolutions.gpl.weightchart.EntryListActivity"]}, {"c4e9f730fa0bfadf38e511bb786adeda": ["7", "es.senselesssolutions.gpl.weightchart.EntryListActivity"]}, {"41290721da10c1c09e07b544bdb52cc7": ["8", "es.senselesssolutions.gpl.weightchart.EntryListActivity"]}, {"d941c43613281a08d1fd2a0a899a5941": ["22", "es.senselesssolutions.gpl.weightchart.EntryActivity"]}, {"c4e9f730fa0bfadf38e511bb786adeda": ["7", "es.senselesssolutions.gpl.weightchart.EntryListActivity"]}, {"c4e9f730fa0bfadf38e511bb786adeda": ["7", "es.senselesssolutions.gpl.weightchart.EntryListActivity"]}, {"41290721da10c1c09e07b544bdb52cc7": ["8", "es.senselesssolutions.gpl.weightchart.EntryListActivity"]}, {"d941c43613281a08d1fd2a0a899a5941": ["22", "es.senselesssolutions.gpl.weightchart.EntryActivity"]}, {"c4e9f730fa0bfadf38e511bb786adeda": ["7", "es.senselesssolutions.gpl.weightchart.EntryListActivity"]}, {"fe5b57d7e4330d9b0b3fb3145fd4185f": ["12", "es.senselesssolutions.gpl.weightchart.PreferencesActivity"]}, {"d941c43613281a08d1fd2a0a899a5941": ["22", "es.senselesssolutions.gpl.weightchart.EntryActivity"]}, {"d941c43613281a08d1fd2a0a899a5941": ["22", "es.senselesssolutions.gpl.weightchart.EntryActivity"]}, {"81a81ba789e34b3e91148d4b78c517ca": ["11", "es.senselesssolutions.gpl.weightchart.EntryActivity"]}, {"d941c43613281a08d1fd2a0a899a5941": ["22", "es.senselesssolutions.gpl.weightchart.EntryActivity"]}, {"d941c43613281a08d1fd2a0a899a5941": ["22", "es.senselesssolutions.gpl.weightchart.EntryActivity"]}, {"18af5886db074164b4e61e8dea58bec2": ["10", "es.senselesssolutions.gpl.weightchart.EntryActivity"]}, {"18af5886db074164b4e61e8dea58bec2": ["10", "es.senselesssolutions.gpl.weightchart.EntryActivity"]}, {"d941c43613281a08d1fd2a0a899a5941": ["22", "es.senselesssolutions.gpl.weightchart.EntryActivity"]}, {"d941c43613281a08d1fd2a0a899a5941": ["22", "es.senselesssolutions.gpl.weightchart.EntryActivity"]}, {"d941c43613281a08d1fd2a0a899a5941": ["22", "es.senselesssolutions.gpl.weightchart.EntryActivity"]}, {"d941c43613281a08d1fd2a0a899a5941": ["22", "es.senselesssolutions.gpl.weightchart.EntryActivity"]}, {"d941c43613281a08d1fd2a0a899a5941": ["22", "es.senselesssolutions.gpl.weightchart.EntryActivity"]}, {"d941c43613281a08d1fd2a0a899a5941": ["22", "es.senselesssolutions.gpl.weightchart.EntryActivity"]}, {"d941c43613281a08d1fd2a0a899a5941": ["22", "es.senselesssolutions.gpl.weightchart.EntryActivity"]}, {"d941c43613281a08d1fd2a0a899a5941": ["22", "es.senselesssolutions.gpl.weightchart.EntryActivity"]}, {"d941c43613281a08d1fd2a0a899a5941": ["22", "es.senselesssolutions.gpl.weightchart.EntryActivity"]}, {"d941c43613281a08d1fd2a0a899a5941": ["22", "es.senselesssolutions.gpl.weightchart.EntryActivity"]}, {"d941c43613281a08d1fd2a0a899a5941": ["22", "es.senselesssolutions.gpl.weightchart.EntryActivity"]}, {"d941c43613281a08d1fd2a0a899a5941": ["22", "es.senselesssolutions.gpl.weightchart.EntryActivity"]}, {"d941c43613281a08d1fd2a0a899a5941": ["22", "es.senselesssolutions.gpl.weightchart.EntryActivity"]}, {"d941c43613281a08d1fd2a0a899a5941": ["22", "es.senselesssolutions.gpl.weightchart.EntryActivity"]}, {"d941c43613281a08d1fd2a0a899a5941": ["22", "es.senselesssolutions.gpl.weightchart.EntryActivity"]}, {"18af5886db074164b4e61e8dea58bec2": ["10", "es.senselesssolutions.gpl.weightchart.EntryActivity"]}, {"d941c43613281a08d1fd2a0a899a5941": ["22", "es.senselesssolutions.gpl.weightchart.EntryActivity"]}, {"d941c43613281a08d1fd2a0a899a5941": ["22", "es.senselesssolutions.gpl.weightchart.EntryActivity"]}, {"d941c43613281a08d1fd2a0a899a5941": ["22", "es.senselesssolutions.gpl.weightchart.EntryActivity"]}, {"d941c43613281a08d1fd2a0a899a5941": ["22", "es.senselesssolutions.gpl.weightchart.EntryActivity"]}, {"d941c43613281a08d1fd2a0a899a5941": ["22", "es.senselesssolutions.gpl.weightchart.EntryActivity"]}, {"d941c43613281a08d1fd2a0a899a5941": ["22", "es.senselesssolutions.gpl.weightchart.EntryActivity"]}, {"d941c43613281a08d1fd2a0a899a5941": ["22", "es.senselesssolutions.gpl.weightchart.EntryActivity"]}, {"d941c43613281a08d1fd2a0a899a5941": ["22", "es.senselesssolutions.gpl.weightchart.EntryActivity"]}, {"d941c43613281a08d1fd2a0a899a5941": ["22", "es.senselesssolutions.gpl.weightchart.EntryActivity"]}, {"d941c43613281a08d1fd2a0a899a5941": ["22", "es.senselesssolutions.gpl.weightchart.EntryActivity"]}, {"81a81ba789e34b3e91148d4b78c517ca": ["11", "es.senselesssolutions.gpl.weightchart.EntryActivity"]}, {"81a81ba789e34b3e91148d4b78c517ca": ["11", "es.senselesssolutions.gpl.weightchart.EntryActivity"]}, {"d941c43613281a08d1fd2a0a899a5941": ["22", "es.senselesssolutions.gpl.weightchart.EntryActivity"]}, {"d941c43613281a08d1fd2a0a899a5941": ["22", "es.senselesssolutions.gpl.weightchart.EntryActivity"]}, {"394f2e9b0601d93435c0ba55d29e1a43": ["30", "es.senselesssolutions.gpl.weightchart.EntryActivity"]}, {"d941c43613281a08d1fd2a0a899a5941": ["22", "es.senselesssolutions.gpl.weightchart.EntryActivity"]}, {"d941c43613281a08d1fd2a0a899a5941": ["22", "es.senselesssolutions.gpl.weightchart.EntryActivity"]}, {"d941c43613281a08d1fd2a0a899a5941": ["22", "es.senselesssolutions.gpl.weightchart.EntryActivity"]}, {"81a81ba789e34b3e91148d4b78c517ca": ["11", "es.senselesssolutions.gpl.weightchart.EntryActivity"]}, {"d941c43613281a08d1fd2a0a899a5941": ["22", "es.senselesssolutions.gpl.weightchart.EntryActivity"]}, {"d941c43613281a08d1fd2a0a899a5941": ["22", "es.senselesssolutions.gpl.weightchart.EntryActivity"]}, {"d941c43613281a08d1fd2a0a899a5941": ["22", "es.senselesssolutions.gpl.weightchart.EntryActivity"]}, {"d941c43613281a08d1fd2a0a899a5941": ["22", "es.senselesssolutions.gpl.weightchart.EntryActivity"]}, {"d941c43613281a08d1fd2a0a899a5941": ["22", "es.senselesssolutions.gpl.weightchart.EntryActivity"]}, {"d941c43613281a08d1fd2a0a899a5941": ["22", "es.senselesssolutions.gpl.weightchart.EntryActivity"]}, {"d941c43613281a08d1fd2a0a899a5941": ["22", "es.senselesssolutions.gpl.weightchart.EntryActivity"]}, {"d941c43613281a08d1fd2a0a899a5941": ["22", "es.senselesssolutions.gpl.weightchart.EntryActivity"]}, {"d941c43613281a08d1fd2a0a899a5941": ["22", "es.senselesssolutions.gpl.weightchart.EntryActivity"]}, {"81a81ba789e34b3e91148d4b78c517ca": ["11", "es.senselesssolutions.gpl.weightchart.EntryActivity"]}, {"81a81ba789e34b3e91148d4b78c517ca": ["11", "es.senselesssolutions.gpl.weightchart.EntryActivity"]}, {"81a81ba789e34b3e91148d4b78c517ca": ["11", "es.senselesssolutions.gpl.weightchart.EntryActivity"]}, {"d941c43613281a08d1fd2a0a899a5941": ["22", "es.senselesssolutions.gpl.weightchart.EntryActivity"]}, {"d941c43613281a08d1fd2a0a899a5941": ["22", "es.senselesssolutions.gpl.weightchart.EntryActivity"]}, {"d941c43613281a08d1fd2a0a899a5941": ["22", "es.senselesssolutions.gpl.weightchart.EntryActivity"]}, {"81a81ba789e34b3e91148d4b78c517ca": ["11", "es.senselesssolutions.gpl.weightchart.EntryActivity"]}, {"d941c43613281a08d1fd2a0a899a5941": ["22", "es.senselesssolutions.gpl.weightchart.EntryActivity"]}, {"d941c43613281a08d1fd2a0a899a5941": ["22", "es.senselesssolutions.gpl.weightchart.EntryActivity"]}, {"d941c43613281a08d1fd2a0a899a5941": ["22", "es.senselesssolutions.gpl.weightchart.EntryActivity"]}, {"d941c43613281a08d1fd2a0a899a5941": ["22", "es.senselesssolutions.gpl.weightchart.EntryActivity"]}, {"18af5886db074164b4e61e8dea58bec2": ["10", "es.senselesssolutions.gpl.weightchart.EntryActivity"]}, {"d941c43613281a08d1fd2a0a899a5941": ["22", "es.senselesssolutions.gpl.weightchart.EntryActivity"]}, {"d941c43613281a08d1fd2a0a899a5941": ["22", "es.senselesssolutions.gpl.weightchart.EntryActivity"]}, {"18af5886db074164b4e61e8dea58bec2": ["10", "es.senselesssolutions.gpl.weightchart.EntryActivity"]}, {"c4e9f730fa0bfadf38e511bb786adeda": ["7", "es.senselesssolutions.gpl.weightchart.EntryListActivity"]}, {"fe5b57d7e4330d9b0b3fb3145fd4185f": ["12", "es.senselesssolutions.gpl.weightchart.PreferencesActivity"]}, {"fe5b57d7e4330d9b0b3fb3145fd4185f": ["12", "es.senselesssolutions.gpl.weightchart.PreferencesActivity"]}, {"fe5b57d7e4330d9b0b3fb3145fd4185f": ["12", "es.senselesssolutions.gpl.weightchart.PreferencesActivity"]}, {"492eee65e9d42b3e160aa7ff9c83d14a": ["21", "es.senselesssolutions.gpl.weightchart.PreferencesActivity"]}, {"fe5b57d7e4330d9b0b3fb3145fd4185f": ["12", "es.senselesssolutions.gpl.weightchart.PreferencesActivity"]}, {"00c57445a94c80c8448fe88ca0ec0f6f": ["13", "es.senselesssolutions.gpl.weightchart.PreferencesActivity"]}, {"fe5b57d7e4330d9b0b3fb3145fd4185f": ["12", "es.senselesssolutions.gpl.weightchart.PreferencesActivity"]}, {"492eee65e9d42b3e160aa7ff9c83d14a": ["21", "es.senselesssolutions.gpl.weightchart.PreferencesActivity"]}, {"fe5b57d7e4330d9b0b3fb3145fd4185f": ["12", "es.senselesssolutions.gpl.weightchart.PreferencesActivity"]}, {"79c923a8fb078fa077f20b2bfe7eef92": ["15", "es.senselesssolutions.gpl.weightchart.PreferencesActivity"]}, {"fe5b57d7e4330d9b0b3fb3145fd4185f": ["12", "es.senselesssolutions.gpl.weightchart.PreferencesActivity"]}, {"fe5b57d7e4330d9b0b3fb3145fd4185f": ["12", "es.senselesssolutions.gpl.weightchart.PreferencesActivity"]}, {"492eee65e9d42b3e160aa7ff9c83d14a": ["21", "es.senselesssolutions.gpl.weightchart.PreferencesActivity"]}, {"dfacc1b110848a2461f466c42fa524a2": ["25", "es.senselesssolutions.gpl.weightchart.PreferencesActivity"]}, {"556048a2981efde4a123a51f9e9b6ca5": ["20", "es.senselesssolutions.gpl.weightchart.PreferencesActivity"]}, {"28d7ad9970219285b5254527976c3ea9": ["16", "es.senselesssolutions.gpl.weightchart.PreferencesActivity"]}, {"28d7ad9970219285b5254527976c3ea9": ["16", "es.senselesssolutions.gpl.weightchart.PreferencesActivity"]}, {"79c923a8fb078fa077f20b2bfe7eef92": ["15", "es.senselesssolutions.gpl.weightchart.PreferencesActivity"]}, {"492eee65e9d42b3e160aa7ff9c83d14a": ["21", "es.senselesssolutions.gpl.weightchart.PreferencesActivity"]}, {"dfacc1b110848a2461f466c42fa524a2": ["25", "es.senselesssolutions.gpl.weightchart.PreferencesActivity"]}, {"556048a2981efde4a123a51f9e9b6ca5": ["20", "es.senselesssolutions.gpl.weightchart.PreferencesActivity"]}, {"fe5b57d7e4330d9b0b3fb3145fd4185f": ["12", "es.senselesssolutions.gpl.weightchart.PreferencesActivity"]}, {"00c57445a94c80c8448fe88ca0ec0f6f": ["13", "es.senselesssolutions.gpl.weightchart.PreferencesActivity"]}, {"fe5b57d7e4330d9b0b3fb3145fd4185f": ["12", "es.senselesssolutions.gpl.weightchart.PreferencesActivity"]}, {"fe5b57d7e4330d9b0b3fb3145fd4185f": ["12", "es.senselesssolutions.gpl.weightchart.PreferencesActivity"]}, {"fe5b57d7e4330d9b0b3fb3145fd4185f": ["12", "es.senselesssolutions.gpl.weightchart.PreferencesActivity"]}, {"556048a2981efde4a123a51f9e9b6ca5": ["20", "es.senselesssolutions.gpl.weightchart.PreferencesActivity"]}, {"c3ac63bf26979613535d714df874c0a0": ["28", "es.senselesssolutions.gpl.weightchart.PreferencesActivity"]}, {"556048a2981efde4a123a51f9e9b6ca5": ["20", "es.senselesssolutions.gpl.weightchart.PreferencesActivity"]}, {"c3ac63bf26979613535d714df874c0a0": ["28", "es.senselesssolutions.gpl.weightchart.PreferencesActivity"]}, {"b1e5dd190f4a1e90270c7788e1346a41": ["6", "es.senselesssolutions.gpl.weightchart.EntryActivity"]}, {"b1e5dd190f4a1e90270c7788e1346a41": ["6", "es.senselesssolutions.gpl.weightchart.EntryActivity"]}, {"81a81ba789e34b3e91148d4b78c517ca": ["11", "es.senselesssolutions.gpl.weightchart.EntryActivity"]}, {"b1e5dd190f4a1e90270c7788e1346a41": ["6", "es.senselesssolutions.gpl.weightchart.EntryActivity"]}, {"c4e9f730fa0bfadf38e511bb786adeda": ["7", "es.senselesssolutions.gpl.weightchart.EntryListActivity"]}, {"c4e9f730fa0bfadf38e511bb786adeda": ["7", "es.senselesssolutions.gpl.weightchart.EntryListActivity"]}, {"41290721da10c1c09e07b544bdb52cc7": ["8", "es.senselesssolutions.gpl.weightchart.EntryListActivity"]}, {"b1e5dd190f4a1e90270c7788e1346a41": ["6", "es.senselesssolutions.gpl.weightchart.EntryActivity"]}, {"b1e5dd190f4a1e90270c7788e1346a41": ["6", "es.senselesssolutions.gpl.weightchart.EntryActivity"]}, {"b1e5dd190f4a1e90270c7788e1346a41": ["6", "es.senselesssolutions.gpl.weightchart.EntryActivity"]}, {"b1e5dd190f4a1e90270c7788e1346a41": ["6", "es.senselesssolutions.gpl.weightchart.EntryActivity"]}, {"b1e5dd190f4a1e90270c7788e1346a41": ["6", "es.senselesssolutions.gpl.weightchart.EntryActivity"]}, {"b1e5dd190f4a1e90270c7788e1346a41": ["6", "es.senselesssolutions.gpl.weightchart.EntryActivity"]}, {"b1e5dd190f4a1e90270c7788e1346a41": ["6", "es.senselesssolutions.gpl.weightchart.EntryActivity"]}, {"b1e5dd190f4a1e90270c7788e1346a41": ["6", "es.senselesssolutions.gpl.weightchart.EntryActivity"]}, {"b1e5dd190f4a1e90270c7788e1346a41": ["6", "es.senselesssolutions.gpl.weightchart.EntryActivity"]}, {"b1e5dd190f4a1e90270c7788e1346a41": ["6", "es.senselesssolutions.gpl.weightchart.EntryActivity"]}, {"18af5886db074164b4e61e8dea58bec2": ["10", "es.senselesssolutions.gpl.weightchart.EntryActivity"]}, {"b1e5dd190f4a1e90270c7788e1346a41": ["6", "es.senselesssolutions.gpl.weightchart.EntryActivity"]}, {"b1e5dd190f4a1e90270c7788e1346a41": ["6", "es.senselesssolutions.gpl.weightchart.EntryActivity"]}, {"b1e5dd190f4a1e90270c7788e1346a41": ["6", "es.senselesssolutions.gpl.weightchart.EntryActivity"]}, {"b1e5dd190f4a1e90270c7788e1346a41": ["6", "es.senselesssolutions.gpl.weightchart.EntryActivity"]}, {"b1e5dd190f4a1e90270c7788e1346a41": ["6", "es.senselesssolutions.gpl.weightchart.EntryActivity"]}, {"b1e5dd190f4a1e90270c7788e1346a41": ["6", "es.senselesssolutions.gpl.weightchart.EntryActivity"]}, {"b1e5dd190f4a1e90270c7788e1346a41": ["6", "es.senselesssolutions.gpl.weightchart.EntryActivity"]}, {"b1e5dd190f4a1e90270c7788e1346a41": ["6", "es.senselesssolutions.gpl.weightchart.EntryActivity"]}, {"b1e5dd190f4a1e90270c7788e1346a41": ["6", "es.senselesssolutions.gpl.weightchart.EntryActivity"]}, {"b1e5dd190f4a1e90270c7788e1346a41": ["6", "es.senselesssolutions.gpl.weightchart.EntryActivity"]}, {"b1e5dd190f4a1e90270c7788e1346a41": ["6", "es.senselesssolutions.gpl.weightchart.EntryActivity"]}, {"b1e5dd190f4a1e90270c7788e1346a41": ["6", "es.senselesssolutions.gpl.weightchart.EntryActivity"]}, {"b1e5dd190f4a1e90270c7788e1346a41": ["6", "es.senselesssolutions.gpl.weightchart.EntryActivity"]}, {"b1e5dd190f4a1e90270c7788e1346a41": ["6", "es.senselesssolutions.gpl.weightchart.EntryActivity"]}, {"b1e5dd190f4a1e90270c7788e1346a41": ["6", "es.senselesssolutions.gpl.weightchart.EntryActivity"]}, {"b1e5dd190f4a1e90270c7788e1346a41": ["6", "es.senselesssolutions.gpl.weightchart.EntryActivity"]}, {"b1e5dd190f4a1e90270c7788e1346a41": ["6", "es.senselesssolutions.gpl.weightchart.EntryActivity"]}, {"b1e5dd190f4a1e90270c7788e1346a41": ["6", "es.senselesssolutions.gpl.weightchart.EntryActivity"]}, {"b1e5dd190f4a1e90270c7788e1346a41": ["6", "es.senselesssolutions.gpl.weightchart.EntryActivity"]}, {"b1e5dd190f4a1e90270c7788e1346a41": ["6", "es.senselesssolutions.gpl.weightchart.EntryActivity"]}, {"b1e5dd190f4a1e90270c7788e1346a41": ["6", "es.senselesssolutions.gpl.weightchart.EntryActivity"]}, {"b1e5dd190f4a1e90270c7788e1346a41": ["6", "es.senselesssolutions.gpl.weightchart.EntryActivity"]}, {"81a81ba789e34b3e91148d4b78c517ca": ["11", "es.senselesssolutions.gpl.weightchart.EntryActivity"]}, {"81a81ba789e34b3e91148d4b78c517ca": ["11", "es.senselesssolutions.gpl.weightchart.EntryActivity"]}, {"b1e5dd190f4a1e90270c7788e1346a41": ["6", "es.senselesssolutions.gpl.weightchart.EntryActivity"]}, {"b1e5dd190f4a1e90270c7788e1346a41": ["6", "es.senselesssolutions.gpl.weightchart.EntryActivity"]}, {"b1e5dd190f4a1e90270c7788e1346a41": ["6", "es.senselesssolutions.gpl.weightchart.EntryActivity"]}, {"b1e5dd190f4a1e90270c7788e1346a41": ["6", "es.senselesssolutions.gpl.weightchart.EntryActivity"]}, {"b1e5dd190f4a1e90270c7788e1346a41": ["6", "es.senselesssolutions.gpl.weightchart.EntryActivity"]}, {"b1e5dd190f4a1e90270c7788e1346a41": ["6", "es.senselesssolutions.gpl.weightchart.EntryActivity"]}, {"81a81ba789e34b3e91148d4b78c517ca": ["11", "es.senselesssolutions.gpl.weightchart.EntryActivity"]}, {"81a81ba789e34b3e91148d4b78c517ca": ["11", "es.senselesssolutions.gpl.weightchart.EntryActivity"]}, {"81a81ba789e34b3e91148d4b78c517ca": ["11", "es.senselesssolutions.gpl.weightchart.EntryActivity"]}, {"b1e5dd190f4a1e90270c7788e1346a41": ["6", "es.senselesssolutions.gpl.weightchart.EntryActivity"]}, {"b1e5dd190f4a1e90270c7788e1346a41": ["6", "es.senselesssolutions.gpl.weightchart.EntryActivity"]}, {"b1e5dd190f4a1e90270c7788e1346a41": ["6", "es.senselesssolutions.gpl.weightchart.EntryActivity"]}, {"b1e5dd190f4a1e90270c7788e1346a41": ["6", "es.senselesssolutions.gpl.weightchart.EntryActivity"]}, {"81a81ba789e34b3e91148d4b78c517ca": ["11", "es.senselesssolutions.gpl.weightchart.EntryActivity"]}, {"b1e5dd190f4a1e90270c7788e1346a41": ["6", "es.senselesssolutions.gpl.weightchart.EntryActivity"]}, {"18af5886db074164b4e61e8dea58bec2": ["10", "es.senselesssolutions.gpl.weightchart.EntryActivity"]}, {"b1e5dd190f4a1e90270c7788e1346a41": ["6", "es.senselesssolutions.gpl.weightchart.EntryActivity"]}, {"b1e5dd190f4a1e90270c7788e1346a41": ["6", "es.senselesssolutions.gpl.weightchart.EntryActivity"]}, {"81a81ba789e34b3e91148d4b78c517ca": ["11", "es.senselesssolutions.gpl.weightchart.EntryActivity"]}, {"81a81ba789e34b3e91148d4b78c517ca": ["11", "es.senselesssolutions.gpl.weightchart.EntryActivity"]}, {"b1e5dd190f4a1e90270c7788e1346a41": ["6", "es.senselesssolutions.gpl.weightchart.EntryActivity"]}, {"b1e5dd190f4a1e90270c7788e1346a41": ["6", "es.senselesssolutions.gpl.weightchart.EntryActivity"]}, {"b1e5dd190f4a1e90270c7788e1346a41": ["6", "es.senselesssolutions.gpl.weightchart.EntryActivity"]}, {"b1e5dd190f4a1e90270c7788e1346a41": ["6", "es.senselesssolutions.gpl.weightchart.EntryActivity"]}, {"b1e5dd190f4a1e90270c7788e1346a41": ["6", "es.senselesssolutions.gpl.weightchart.EntryActivity"]}, {"b1e5dd190f4a1e90270c7788e1346a41": ["6", "es.senselesssolutions.gpl.weightchart.EntryActivity"]}, {"b1e5dd190f4a1e90270c7788e1346a41": ["6", "es.senselesssolutions.gpl.weightchart.EntryActivity"]}, {"b1e5dd190f4a1e90270c7788e1346a41": ["6", "es.senselesssolutions.gpl.weightchart.EntryActivity"]}, {"262a7c4443ca6dae7ba5f804a0081fbb": ["23", "es.senselesssolutions.gpl.weightchart.EntryListActivity"]}, {"262a7c4443ca6dae7ba5f804a0081fbb": ["23", "es.senselesssolutions.gpl.weightchart.EntryListActivity"]}, {"262a7c4443ca6dae7ba5f804a0081fbb": ["23", "es.senselesssolutions.gpl.weightchart.EntryListActivity"]}, {"b1e5dd190f4a1e90270c7788e1346a41": ["6", "es.senselesssolutions.gpl.weightchart.EntryActivity"]}, {"b1e5dd190f4a1e90270c7788e1346a41": ["6", "es.senselesssolutions.gpl.weightchart.EntryActivity"]}, {"18af5886db074164b4e61e8dea58bec2": ["10", "es.senselesssolutions.gpl.weightchart.EntryActivity"]}, {"b1e5dd190f4a1e90270c7788e1346a41": ["6", "es.senselesssolutions.gpl.weightchart.EntryActivity"]}, {"18af5886db074164b4e61e8dea58bec2": ["10", "es.senselesssolutions.gpl.weightchart.EntryActivity"]}, {"18af5886db074164b4e61e8dea58bec2": ["10", "es.senselesssolutions.gpl.weightchart.EntryActivity"]}, {"b1e5dd190f4a1e90270c7788e1346a41": ["6", "es.senselesssolutions.gpl.weightchart.EntryActivity"]}, {"b1e5dd190f4a1e90270c7788e1346a41": ["6", "es.senselesssolutions.gpl.weightchart.EntryActivity"]}, {"b1e5dd190f4a1e90270c7788e1346a41": ["6", "es.senselesssolutions.gpl.weightchart.EntryActivity"]}, {"b1e5dd190f4a1e90270c7788e1346a41": ["6", "es.senselesssolutions.gpl.weightchart.EntryActivity"]}, {"b1e5dd190f4a1e90270c7788e1346a41": ["6", "es.senselesssolutions.gpl.weightchart.EntryActivity"]}, {"b1e5dd190f4a1e90270c7788e1346a41": ["6", "es.senselesssolutions.gpl.weightchart.EntryActivity"]}, {"b1e5dd190f4a1e90270c7788e1346a41": ["6", "es.senselesssolutions.gpl.weightchart.EntryActivity"]}, {"b1e5dd190f4a1e90270c7788e1346a41": ["6", "es.senselesssolutions.gpl.weightchart.EntryActivity"]}, {"fe5b57d7e4330d9b0b3fb3145fd4185f": ["12", "es.senselesssolutions.gpl.weightchart.PreferencesActivity"]}, {"492eee65e9d42b3e160aa7ff9c83d14a": ["21", "es.senselesssolutions.gpl.weightchart.PreferencesActivity"]}, {"262a7c4443ca6dae7ba5f804a0081fbb": ["23", "es.senselesssolutions.gpl.weightchart.EntryListActivity"]}, {"262a7c4443ca6dae7ba5f804a0081fbb": ["23", "es.senselesssolutions.gpl.weightchart.EntryListActivity"]}, {"b1e5dd190f4a1e90270c7788e1346a41": ["6", "es.senselesssolutions.gpl.weightchart.EntryActivity"]}, {"18af5886db074164b4e61e8dea58bec2": ["10", "es.senselesssolutions.gpl.weightchart.EntryActivity"]}, {"18af5886db074164b4e61e8dea58bec2": ["10", "es.senselesssolutions.gpl.weightchart.EntryActivity"]}, {"b1e5dd190f4a1e90270c7788e1346a41": ["6", "es.senselesssolutions.gpl.weightchart.EntryActivity"]}, {"81a81ba789e34b3e91148d4b78c517ca": ["11", "es.senselesssolutions.gpl.weightchart.EntryActivity"]}, {"b1e5dd190f4a1e90270c7788e1346a41": ["6", "es.senselesssolutions.gpl.weightchart.EntryActivity"]}, {"fe733929d3211b394ed7f304101affde": ["31", "es.senselesssolutions.gpl.weightchart.EntryListActivity"]}, {"41290721da10c1c09e07b544bdb52cc7": ["8", "es.senselesssolutions.gpl.weightchart.EntryListActivity"]}, {"262a7c4443ca6dae7ba5f804a0081fbb": ["23", "es.senselesssolutions.gpl.weightchart.EntryListActivity"]}, {"262a7c4443ca6dae7ba5f804a0081fbb": ["23", "es.senselesssolutions.gpl.weightchart.EntryListActivity"]}, {"262a7c4443ca6dae7ba5f804a0081fbb": ["23", "es.senselesssolutions.gpl.weightchart.EntryListActivity"]}, {"262a7c4443ca6dae7ba5f804a0081fbb": ["23", "es.senselesssolutions.gpl.weightchart.EntryListActivity"]}, {"41290721da10c1c09e07b544bdb52cc7": ["8", "es.senselesssolutions.gpl.weightchart.EntryListActivity"]}, {"262a7c4443ca6dae7ba5f804a0081fbb": ["23", "es.senselesssolutions.gpl.weightchart.EntryListActivity"]}, {"262a7c4443ca6dae7ba5f804a0081fbb": ["23", "es.senselesssolutions.gpl.weightchart.EntryListActivity"]}, {"262a7c4443ca6dae7ba5f804a0081fbb": ["23", "es.senselesssolutions.gpl.weightchart.EntryListActivity"]}, {"41290721da10c1c09e07b544bdb52cc7": ["8", "es.senselesssolutions.gpl.weightchart.EntryListActivity"]}, {"b1e5dd190f4a1e90270c7788e1346a41": ["6", "es.senselesssolutions.gpl.weightchart.EntryActivity"]}, {"b1e5dd190f4a1e90270c7788e1346a41": ["6", "es.senselesssolutions.gpl.weightchart.EntryActivity"]}, {"b1e5dd190f4a1e90270c7788e1346a41": ["6", "es.senselesssolutions.gpl.weightchart.EntryActivity"]}, {"b1e5dd190f4a1e90270c7788e1346a41": ["6", "es.senselesssolutions.gpl.weightchart.EntryActivity"]}, {"b1e5dd190f4a1e90270c7788e1346a41": ["6", "es.senselesssolutions.gpl.weightchart.EntryActivity"]}, {"81a81ba789e34b3e91148d4b78c517ca": ["11", "es.senselesssolutions.gpl.weightchart.EntryActivity"]}, {"81a81ba789e34b3e91148d4b78c517ca": ["11", "es.senselesssolutions.gpl.weightchart.EntryActivity"]}, {"b1e5dd190f4a1e90270c7788e1346a41": ["6", "es.senselesssolutions.gpl.weightchart.EntryActivity"]}, {"18af5886db074164b4e61e8dea58bec2": ["10", "es.senselesssolutions.gpl.weightchart.EntryActivity"]}, {"b1e5dd190f4a1e90270c7788e1346a41": ["6", "es.senselesssolutions.gpl.weightchart.EntryActivity"]}, {"b1e5dd190f4a1e90270c7788e1346a41": ["6", "es.senselesssolutions.gpl.weightchart.EntryActivity"]}, {"b1e5dd190f4a1e90270c7788e1346a41": ["6", "es.senselesssolutions.gpl.weightchart.EntryActivity"]}, {"b1e5dd190f4a1e90270c7788e1346a41": ["6", "es.senselesssolutions.gpl.weightchart.EntryActivity"]}, {"18af5886db074164b4e61e8dea58bec2": ["10", "es.senselesssolutions.gpl.weightchart.EntryActivity"]}, {"b1e5dd190f4a1e90270c7788e1346a41": ["6", "es.senselesssolutions.gpl.weightchart.EntryActivity"]}, {"b1e5dd190f4a1e90270c7788e1346a41": ["6", "es.senselesssolutions.gpl.weightchart.EntryActivity"]}, {"81a81ba789e34b3e91148d4b78c517ca": ["11", "es.senselesssolutions.gpl.weightchart.EntryActivity"]}, {"b1e5dd190f4a1e90270c7788e1346a41": ["6", "es.senselesssolutions.gpl.weightchart.EntryActivity"]}, {"18af5886db074164b4e61e8dea58bec2": ["10", "es.senselesssolutions.gpl.weightchart.EntryActivity"]}, {"b1e5dd190f4a1e90270c7788e1346a41": ["6", "es.senselesssolutions.gpl.weightchart.EntryActivity"]}, {"b1e5dd190f4a1e90270c7788e1346a41": ["6", "es.senselesssolutions.gpl.weightchart.EntryActivity"]}, {"fe733929d3211b394ed7f304101affde": ["31", "es.senselesssolutions.gpl.weightchart.EntryListActivity"]}, {"fe733929d3211b394ed7f304101affde": ["31", "es.senselesssolutions.gpl.weightchart.EntryListActivity"]}, {"fe733929d3211b394ed7f304101affde": ["31", "es.senselesssolutions.gpl.weightchart.EntryListActivity"]}, {"41290721da10c1c09e07b544bdb52cc7": ["8", "es.senselesssolutions.gpl.weightchart.EntryListActivity"]}, {"b1e5dd190f4a1e90270c7788e1346a41": ["6", "es.senselesssolutions.gpl.weightchart.EntryActivity"]}, {"81a81ba789e34b3e91148d4b78c517ca": ["11", "es.senselesssolutions.gpl.weightchart.EntryActivity"]}, {"fe733929d3211b394ed7f304101affde": ["31", "es.senselesssolutions.gpl.weightchart.EntryListActivity"]}, {"b1e5dd190f4a1e90270c7788e1346a41": ["6", "es.senselesssolutions.gpl.weightchart.EntryActivity"]}, {"b1e5dd190f4a1e90270c7788e1346a41": ["6", "es.senselesssolutions.gpl.weightchart.EntryActivity"]}, {"b1e5dd190f4a1e90270c7788e1346a41": ["6", "es.senselesssolutions.gpl.weightchart.EntryActivity"]}, {"b1e5dd190f4a1e90270c7788e1346a41": ["6", "es.senselesssolutions.gpl.weightchart.EntryActivity"]}, {"b1e5dd190f4a1e90270c7788e1346a41": ["6", "es.senselesssolutions.gpl.weightchart.EntryActivity"]}, {"b1e5dd190f4a1e90270c7788e1346a41": ["6", "es.senselesssolutions.gpl.weightchart.EntryActivity"]}, {"b1e5dd190f4a1e90270c7788e1346a41": ["6", "es.senselesssolutions.gpl.weightchart.EntryActivity"]}, {"b1e5dd190f4a1e90270c7788e1346a41": ["6", "es.senselesssolutions.gpl.weightchart.EntryActivity"]}, {"b1e5dd190f4a1e90270c7788e1346a41": ["6", "es.senselesssolutions.gpl.weightchart.EntryActivity"]}, {"b1e5dd190f4a1e90270c7788e1346a41": ["6", "es.senselesssolutions.gpl.weightchart.EntryActivity"]}, {"b1e5dd190f4a1e90270c7788e1346a41": ["6", "es.senselesssolutions.gpl.weightchart.EntryActivity"]}, {"b1e5dd190f4a1e90270c7788e1346a41": ["6", "es.senselesssolutions.gpl.weightchart.EntryActivity"]}, {"b1e5dd190f4a1e90270c7788e1346a41": ["6", "es.senselesssolutions.gpl.weightchart.EntryActivity"]}, {"b1e5dd190f4a1e90270c7788e1346a41": ["6", "es.senselesssolutions.gpl.weightchart.EntryActivity"]}, {"81a81ba789e34b3e91148d4b78c517ca": ["11", "es.senselesssolutions.gpl.weightchart.EntryActivity"]}, {"b1e5dd190f4a1e90270c7788e1346a41": ["6", "es.senselesssolutions.gpl.weightchart.EntryActivity"]}, {"b1e5dd190f4a1e90270c7788e1346a41": ["6", "es.senselesssolutions.gpl.weightchart.EntryActivity"]}, {"b1e5dd190f4a1e90270c7788e1346a41": ["6", "es.senselesssolutions.gpl.weightchart.EntryActivity"]}, {"b1e5dd190f4a1e90270c7788e1346a41": ["6", "es.senselesssolutions.gpl.weightchart.EntryActivity"]}, {"b1e5dd190f4a1e90270c7788e1346a41": ["6", "es.senselesssolutions.gpl.weightchart.EntryActivity"]}, {"b1e5dd190f4a1e90270c7788e1346a41": ["6", "es.senselesssolutions.gpl.weightchart.EntryActivity"]}, {"b1e5dd190f4a1e90270c7788e1346a41": ["6", "es.senselesssolutions.gpl.weightchart.EntryActivity"]}, {"b1e5dd190f4a1e90270c7788e1346a41": ["6", "es.senselesssolutions.gpl.weightchart.EntryActivity"]}, {"b1e5dd190f4a1e90270c7788e1346a41": ["6", "es.senselesssolutions.gpl.weightchart.EntryActivity"]}, {"b1e5dd190f4a1e90270c7788e1346a41": ["6", "es.senselesssolutions.gpl.weightchart.EntryActivity"]}, {"b1e5dd190f4a1e90270c7788e1346a41": ["6", "es.senselesssolutions.gpl.weightchart.EntryActivity"]}, {"b1e5dd190f4a1e90270c7788e1346a41": ["6", "es.senselesssolutions.gpl.weightchart.EntryActivity"]}, {"18af5886db074164b4e61e8dea58bec2": ["10", "es.senselesssolutions.gpl.weightchart.EntryActivity"]}, {"b1e5dd190f4a1e90270c7788e1346a41": ["6", "es.senselesssolutions.gpl.weightchart.EntryActivity"]}, {"18af5886db074164b4e61e8dea58bec2": ["10", "es.senselesssolutions.gpl.weightchart.EntryActivity"]}, {"18af5886db074164b4e61e8dea58bec2": ["10", "es.senselesssolutions.gpl.weightchart.EntryActivity"]}, {"b1e5dd190f4a1e90270c7788e1346a41": ["6", "es.senselesssolutions.gpl.weightchart.EntryActivity"]}, {"81a81ba789e34b3e91148d4b78c517ca": ["11", "es.senselesssolutions.gpl.weightchart.EntryActivity"]}, {"81a81ba789e34b3e91148d4b78c517ca": ["11", "es.senselesssolutions.gpl.weightchart.EntryActivity"]}, {"81a81ba789e34b3e91148d4b78c517ca": ["11", "es.senselesssolutions.gpl.weightchart.EntryActivity"]}, {"81a81ba789e34b3e91148d4b78c517ca": ["11", "es.senselesssolutions.gpl.weightchart.EntryActivity"]}, {"81a81ba789e34b3e91148d4b78c517ca": ["11", "es.senselesssolutions.gpl.weightchart.EntryActivity"]}, {"b1e5dd190f4a1e90270c7788e1346a41": ["6", "es.senselesssolutions.gpl.weightchart.EntryActivity"]}, {"18af5886db074164b4e61e8dea58bec2": ["10", "es.senselesssolutions.gpl.weightchart.EntryActivity"]}, {"b1e5dd190f4a1e90270c7788e1346a41": ["6", "es.senselesssolutions.gpl.weightchart.EntryActivity"]}, {"b1e5dd190f4a1e90270c7788e1346a41": ["6", "es.senselesssolutions.gpl.weightchart.EntryActivity"]}, {"b1e5dd190f4a1e90270c7788e1346a41": ["6", "es.senselesssolutions.gpl.weightchart.EntryActivity"]}, {"b1e5dd190f4a1e90270c7788e1346a41": ["6", "es.senselesssolutions.gpl.weightchart.EntryActivity"]}, {"fe5b57d7e4330d9b0b3fb3145fd4185f": ["12", "es.senselesssolutions.gpl.weightchart.PreferencesActivity"]}, {"556048a2981efde4a123a51f9e9b6ca5": ["20", "es.senselesssolutions.gpl.weightchart.PreferencesActivity"]}, {"28d7ad9970219285b5254527976c3ea9": ["16", "es.senselesssolutions.gpl.weightchart.PreferencesActivity"]}, {"492eee65e9d42b3e160aa7ff9c83d14a": ["21", "es.senselesssolutions.gpl.weightchart.PreferencesActivity"]}, {"18a175653d12321ddee360274322ee59": ["32", "es.senselesssolutions.gpl.weightchart.PreferencesActivity"]}, {"fe5b57d7e4330d9b0b3fb3145fd4185f": ["12", "es.senselesssolutions.gpl.weightchart.PreferencesActivity"]}, {"fe5b57d7e4330d9b0b3fb3145fd4185f": ["12", "es.senselesssolutions.gpl.weightchart.PreferencesActivity"]}, {"492eee65e9d42b3e160aa7ff9c83d14a": ["21", "es.senselesssolutions.gpl.weightchart.PreferencesActivity"]}, {"28d7ad9970219285b5254527976c3ea9": ["16", "es.senselesssolutions.gpl.weightchart.PreferencesActivity"]}, {"79c923a8fb078fa077f20b2bfe7eef92": ["15", "es.senselesssolutions.gpl.weightchart.PreferencesActivity"]}, {"fe5b57d7e4330d9b0b3fb3145fd4185f": ["12", "es.senselesssolutions.gpl.weightchart.PreferencesActivity"]}, {"556048a2981efde4a123a51f9e9b6ca5": ["20", "es.senselesssolutions.gpl.weightchart.PreferencesActivity"]}, {"fe5b57d7e4330d9b0b3fb3145fd4185f": ["12", "es.senselesssolutions.gpl.weightchart.PreferencesActivity"]}, {"b1e5dd190f4a1e90270c7788e1346a41": ["6", "es.senselesssolutions.gpl.weightchart.EntryActivity"]}, {"b1e5dd190f4a1e90270c7788e1346a41": ["6", "es.senselesssolutions.gpl.weightchart.EntryActivity"]}, {"81a81ba789e34b3e91148d4b78c517ca": ["11", "es.senselesssolutions.gpl.weightchart.EntryActivity"]}, {"b1e5dd190f4a1e90270c7788e1346a41": ["6", "es.senselesssolutions.gpl.weightchart.EntryActivity"]}, {"5bb84447bb6996709f681e0fb92288c0": ["33", "es.senselesssolutions.gpl.weightchart.EntryListActivity"]}, {"41290721da10c1c09e07b544bdb52cc7": ["8", "es.senselesssolutions.gpl.weightchart.EntryListActivity"]}, {"b1e5dd190f4a1e90270c7788e1346a41": ["6", "es.senselesssolutions.gpl.weightchart.EntryActivity"]}, {"b1e5dd190f4a1e90270c7788e1346a41": ["6", "es.senselesssolutions.gpl.weightchart.EntryActivity"]}, {"5bb84447bb6996709f681e0fb92288c0": ["33", "es.senselesssolutions.gpl.weightchart.EntryListActivity"]}, {"5bb84447bb6996709f681e0fb92288c0": ["33", "es.senselesssolutions.gpl.weightchart.EntryListActivity"]}, {"5bb84447bb6996709f681e0fb92288c0": ["33", "es.senselesssolutions.gpl.weightchart.EntryListActivity"]}, {"28d7ad9970219285b5254527976c3ea9": ["16", "es.senselesssolutions.gpl.weightchart.PreferencesActivity"]}, {"28d7ad9970219285b5254527976c3ea9": ["16", "es.senselesssolutions.gpl.weightchart.PreferencesActivity"]}, {"492eee65e9d42b3e160aa7ff9c83d14a": ["21", "es.senselesssolutions.gpl.weightchart.PreferencesActivity"]}, {"fe5b57d7e4330d9b0b3fb3145fd4185f": ["12", "es.senselesssolutions.gpl.weightchart.PreferencesActivity"]}, {"fe5b57d7e4330d9b0b3fb3145fd4185f": ["12", "es.senselesssolutions.gpl.weightchart.PreferencesActivity"]}, {"556048a2981efde4a123a51f9e9b6ca5": ["20", "es.senselesssolutions.gpl.weightchart.PreferencesActivity"]}, {"28d7ad9970219285b5254527976c3ea9": ["16", "es.senselesssolutions.gpl.weightchart.PreferencesActivity"]}, {"b1e5dd190f4a1e90270c7788e1346a41": ["6", "es.senselesssolutions.gpl.weightchart.EntryActivity"]}, {"b1e5dd190f4a1e90270c7788e1346a41": ["6", "es.senselesssolutions.gpl.weightchart.EntryActivity"]}, {"b1e5dd190f4a1e90270c7788e1346a41": ["6", "es.senselesssolutions.gpl.weightchart.EntryActivity"]}, {"81a81ba789e34b3e91148d4b78c517ca": ["11", "es.senselesssolutions.gpl.weightchart.EntryActivity"]}, {"b1e5dd190f4a1e90270c7788e1346a41": ["6", "es.senselesssolutions.gpl.weightchart.EntryActivity"]}, {"5bb84447bb6996709f681e0fb92288c0": ["33", "es.senselesssolutions.gpl.weightchart.EntryListActivity"]}, {"5bb84447bb6996709f681e0fb92288c0": ["33", "es.senselesssolutions.gpl.weightchart.EntryListActivity"]}, {"5bb84447bb6996709f681e0fb92288c0": ["33", "es.senselesssolutions.gpl.weightchart.EntryListActivity"]}, {"41290721da10c1c09e07b544bdb52cc7": ["8", "es.senselesssolutions.gpl.weightchart.EntryListActivity"]}, {"fe733929d3211b394ed7f304101affde": ["31", "es.senselesssolutions.gpl.weightchart.EntryListActivity"]}, {"fe733929d3211b394ed7f304101affde": ["31", "es.senselesssolutions.gpl.weightchart.EntryListActivity"]}, {"fe733929d3211b394ed7f304101affde": ["31", "es.senselesssolutions.gpl.weightchart.EntryListActivity"]}, {"41290721da10c1c09e07b544bdb52cc7": ["8", "es.senselesssolutions.gpl.weightchart.EntryListActivity"]}, {"b1e5dd190f4a1e90270c7788e1346a41": ["6", "es.senselesssolutions.gpl.weightchart.EntryActivity"]}, {"fe733929d3211b394ed7f304101affde": ["31", "es.senselesssolutions.gpl.weightchart.EntryListActivity"]}, {"41290721da10c1c09e07b544bdb52cc7": ["8", "es.senselesssolutions.gpl.weightchart.EntryListActivity"]}, {"fe733929d3211b394ed7f304101affde": ["31", "es.senselesssolutions.gpl.weightchart.EntryListActivity"]}, {"fe733929d3211b394ed7f304101affde": ["31", "es.senselesssolutions.gpl.weightchart.EntryListActivity"]}, {"fe733929d3211b394ed7f304101affde": ["31", "es.senselesssolutions.gpl.weightchart.EntryListActivity"]}, {"fe733929d3211b394ed7f304101affde": ["31", "es.senselesssolutions.gpl.weightchart.EntryListActivity"]}, {"fe733929d3211b394ed7f304101affde": ["31", "es.senselesssolutions.gpl.weightchart.EntryListActivity"]}, {"41290721da10c1c09e07b544bdb52cc7": ["8", "es.senselesssolutions.gpl.weightchart.EntryListActivity"]}, {"b1e5dd190f4a1e90270c7788e1346a41": ["6", "es.senselesssolutions.gpl.weightchart.EntryActivity"]}, {"fe733929d3211b394ed7f304101affde": ["31", "es.senselesssolutions.gpl.weightchart.EntryListActivity"]}, {"fe733929d3211b394ed7f304101affde": ["31", "es.senselesssolutions.gpl.weightchart.EntryListActivity"]}, {"41290721da10c1c09e07b544bdb52cc7": ["8", "es.senselesssolutions.gpl.weightchart.EntryListActivity"]}, {"41290721da10c1c09e07b544bdb52cc7": ["8", "es.senselesssolutions.gpl.weightchart.EntryListActivity"]}, {"b1e5dd190f4a1e90270c7788e1346a41": ["6", "es.senselesssolutions.gpl.weightchart.EntryActivity"]}, {"fe733929d3211b394ed7f304101affde": ["31", "es.senselesssolutions.gpl.weightchart.EntryListActivity"]}, {"fe733929d3211b394ed7f304101affde": ["31", "es.senselesssolutions.gpl.weightchart.EntryListActivity"]}, {"fe733929d3211b394ed7f304101affde": ["31", "es.senselesssolutions.gpl.weightchart.EntryListActivity"]}, {"fe733929d3211b394ed7f304101affde": ["31", "es.senselesssolutions.gpl.weightchart.EntryListActivity"]}, {"fe733929d3211b394ed7f304101affde": ["31", "es.senselesssolutions.gpl.weightchart.EntryListActivity"]}, {"fe733929d3211b394ed7f304101affde": ["31", "es.senselesssolutions.gpl.weightchart.EntryListActivity"]}, {"fe733929d3211b394ed7f304101affde": ["31", "es.senselesssolutions.gpl.weightchart.EntryListActivity"]}, {"fe733929d3211b394ed7f304101affde": ["31", "es.senselesssolutions.gpl.weightchart.EntryListActivity"]}, {"b1e5dd190f4a1e90270c7788e1346a41": ["6", "es.senselesssolutions.gpl.weightchart.EntryActivity"]}, {"b1e5dd190f4a1e90270c7788e1346a41": ["6", "es.senselesssolutions.gpl.weightchart.EntryActivity"]}, {"5bb84447bb6996709f681e0fb92288c0": ["33", "es.senselesssolutions.gpl.weightchart.EntryListActivity"]}, {"5bb84447bb6996709f681e0fb92288c0": ["33", "es.senselesssolutions.gpl.weightchart.EntryListActivity"]}, {"5bb84447bb6996709f681e0fb92288c0": ["33", "es.senselesssolutions.gpl.weightchart.EntryListActivity"]}, {"5bb84447bb6996709f681e0fb92288c0": ["33", "es.senselesssolutions.gpl.weightchart.EntryListActivity"]}, {"5bb84447bb6996709f681e0fb92288c0": ["33", "es.senselesssolutions.gpl.weightchart.EntryListActivity"]}, {"b1e5dd190f4a1e90270c7788e1346a41": ["6", "es.senselesssolutions.gpl.weightchart.EntryActivity"]}, {"b1e5dd190f4a1e90270c7788e1346a41": ["6", "es.senselesssolutions.gpl.weightchart.EntryActivity"]}, {"b1e5dd190f4a1e90270c7788e1346a41": ["6", "es.senselesssolutions.gpl.weightchart.EntryActivity"]}, {"b1e5dd190f4a1e90270c7788e1346a41": ["6", "es.senselesssolutions.gpl.weightchart.EntryActivity"]}, {"b1e5dd190f4a1e90270c7788e1346a41": ["6", "es.senselesssolutions.gpl.weightchart.EntryActivity"]}, {"b1e5dd190f4a1e90270c7788e1346a41": ["6", "es.senselesssolutions.gpl.weightchart.EntryActivity"]}, {"b1e5dd190f4a1e90270c7788e1346a41": ["6", "es.senselesssolutions.gpl.weightchart.EntryActivity"]}, {"b1e5dd190f4a1e90270c7788e1346a41": ["6", "es.senselesssolutions.gpl.weightchart.EntryActivity"]}, {"81a81ba789e34b3e91148d4b78c517ca": ["11", "es.senselesssolutions.gpl.weightchart.EntryActivity"]}, {"b1e5dd190f4a1e90270c7788e1346a41": ["6", "es.senselesssolutions.gpl.weightchart.EntryActivity"]}, {"81a81ba789e34b3e91148d4b78c517ca": ["11", "es.senselesssolutions.gpl.weightchart.EntryActivity"]}, {"b1e5dd190f4a1e90270c7788e1346a41": ["6", "es.senselesssolutions.gpl.weightchart.EntryActivity"]}, {"b1e5dd190f4a1e90270c7788e1346a41": ["6", "es.senselesssolutions.gpl.weightchart.EntryActivity"]}, {"b1e5dd190f4a1e90270c7788e1346a41": ["6", "es.senselesssolutions.gpl.weightchart.EntryActivity"]}, {"b1e5dd190f4a1e90270c7788e1346a41": ["6", "es.senselesssolutions.gpl.weightchart.EntryActivity"]}, {"b1e5dd190f4a1e90270c7788e1346a41": ["6", "es.senselesssolutions.gpl.weightchart.EntryActivity"]}, {"03a6b5c03bca254103b11b7679371e0e": ["34", "es.senselesssolutions.gpl.weightchart.EntryListActivity"]}, {"41290721da10c1c09e07b544bdb52cc7": ["8", "es.senselesssolutions.gpl.weightchart.EntryListActivity"]}, {"b1e5dd190f4a1e90270c7788e1346a41": ["6", "es.senselesssolutions.gpl.weightchart.EntryActivity"]}, {"81a81ba789e34b3e91148d4b78c517ca": ["11", "es.senselesssolutions.gpl.weightchart.EntryActivity"]}, {"b1e5dd190f4a1e90270c7788e1346a41": ["6", "es.senselesssolutions.gpl.weightchart.EntryActivity"]}, {"48080823e2005163343b37651428364c": ["9", "es.senselesssolutions.gpl.weightchart.EntryListActivity"]}, {"03a6b5c03bca254103b11b7679371e0e": ["34", "es.senselesssolutions.gpl.weightchart.EntryListActivity"]}, {"03a6b5c03bca254103b11b7679371e0e": ["34", "es.senselesssolutions.gpl.weightchart.EntryListActivity"]}, {"03a6b5c03bca254103b11b7679371e0e": ["34", "es.senselesssolutions.gpl.weightchart.EntryListActivity"]}, {"03a6b5c03bca254103b11b7679371e0e": ["34", "es.senselesssolutions.gpl.weightchart.EntryListActivity"]}, {"03a6b5c03bca254103b11b7679371e0e": ["34", "es.senselesssolutions.gpl.weightchart.EntryListActivity"]}, {"03a6b5c03bca254103b11b7679371e0e": ["34", "es.senselesssolutions.gpl.weightchart.EntryListActivity"]}, {"48080823e2005163343b37651428364c": ["9", "es.senselesssolutions.gpl.weightchart.EntryListActivity"]}, {"1a57dc32ca194a1610dfa8ebfc3ab4bc": ["35", "es.senselesssolutions.gpl.weightchart.EntryListActivity"]}, {"03a6b5c03bca254103b11b7679371e0e": ["34", "es.senselesssolutions.gpl.weightchart.EntryListActivity"]}, {"03a6b5c03bca254103b11b7679371e0e": ["34", "es.senselesssolutions.gpl.weightchart.EntryListActivity"]}, {"03a6b5c03bca254103b11b7679371e0e": ["34", "es.senselesssolutions.gpl.weightchart.EntryListActivity"]}, {"03a6b5c03bca254103b11b7679371e0e": ["34", "es.senselesssolutions.gpl.weightchart.EntryListActivity"]}, {"03a6b5c03bca254103b11b7679371e0e": ["34", "es.senselesssolutions.gpl.weightchart.EntryListActivity"]}, {"03a6b5c03bca254103b11b7679371e0e": ["34", "es.senselesssolutions.gpl.weightchart.EntryListActivity"]}, {"03a6b5c03bca254103b11b7679371e0e": ["34", "es.senselesssolutions.gpl.weightchart.EntryListActivity"]}, {"03a6b5c03bca254103b11b7679371e0e": ["34", "es.senselesssolutions.gpl.weightchart.EntryListActivity"]}, {"41290721da10c1c09e07b544bdb52cc7": ["8", "es.senselesssolutions.gpl.weightchart.EntryListActivity"]}, {"b1e5dd190f4a1e90270c7788e1346a41": ["6", "es.senselesssolutions.gpl.weightchart.EntryActivity"]}, {"03a6b5c03bca254103b11b7679371e0e": ["34", "es.senselesssolutions.gpl.weightchart.EntryListActivity"]}, {"03a6b5c03bca254103b11b7679371e0e": ["34", "es.senselesssolutions.gpl.weightchart.EntryListActivity"]}, {"41290721da10c1c09e07b544bdb52cc7": ["8", "es.senselesssolutions.gpl.weightchart.EntryListActivity"]}, {"b1e5dd190f4a1e90270c7788e1346a41": ["6", "es.senselesssolutions.gpl.weightchart.EntryActivity"]}, {"81a81ba789e34b3e91148d4b78c517ca": ["11", "es.senselesssolutions.gpl.weightchart.EntryActivity"]}, {"b1e5dd190f4a1e90270c7788e1346a41": ["6", "es.senselesssolutions.gpl.weightchart.EntryActivity"]}, {"b1e5dd190f4a1e90270c7788e1346a41": ["6", "es.senselesssolutions.gpl.weightchart.EntryActivity"]}, {"b1e5dd190f4a1e90270c7788e1346a41": ["6", "es.senselesssolutions.gpl.weightchart.EntryActivity"]}, {"03a6b5c03bca254103b11b7679371e0e": ["34", "es.senselesssolutions.gpl.weightchart.EntryListActivity"]}, {"41290721da10c1c09e07b544bdb52cc7": ["8", "es.senselesssolutions.gpl.weightchart.EntryListActivity"]}, {"b1e5dd190f4a1e90270c7788e1346a41": ["6", "es.senselesssolutions.gpl.weightchart.EntryActivity"]}, {"03a6b5c03bca254103b11b7679371e0e": ["34", "es.senselesssolutions.gpl.weightchart.EntryListActivity"]}, {"03a6b5c03bca254103b11b7679371e0e": ["34", "es.senselesssolutions.gpl.weightchart.EntryListActivity"]}, {"03a6b5c03bca254103b11b7679371e0e": ["34", "es.senselesssolutions.gpl.weightchart.EntryListActivity"]}, {"41290721da10c1c09e07b544bdb52cc7": ["8", "es.senselesssolutions.gpl.weightchart.EntryListActivity"]}, {"b1e5dd190f4a1e90270c7788e1346a41": ["6", "es.senselesssolutions.gpl.weightchart.EntryActivity"]}, {"18af5886db074164b4e61e8dea58bec2": ["10", "es.senselesssolutions.gpl.weightchart.EntryActivity"]}, {"03a6b5c03bca254103b11b7679371e0e": ["34", "es.senselesssolutions.gpl.weightchart.EntryListActivity"]}, {"41290721da10c1c09e07b544bdb52cc7": ["8", "es.senselesssolutions.gpl.weightchart.EntryListActivity"]}, {"5bb84447bb6996709f681e0fb92288c0": ["33", "es.senselesssolutions.gpl.weightchart.EntryListActivity"]}, {"41290721da10c1c09e07b544bdb52cc7": ["8", "es.senselesssolutions.gpl.weightchart.EntryListActivity"]}, {"b1e5dd190f4a1e90270c7788e1346a41": ["6", "es.senselesssolutions.gpl.weightchart.EntryActivity"]}, {"18af5886db074164b4e61e8dea58bec2": ["10", "es.senselesssolutions.gpl.weightchart.EntryActivity"]}, {"5bb84447bb6996709f681e0fb92288c0": ["33", "es.senselesssolutions.gpl.weightchart.EntryListActivity"]}, {"5bb84447bb6996709f681e0fb92288c0": ["33", "es.senselesssolutions.gpl.weightchart.EntryListActivity"]}, {"5bb84447bb6996709f681e0fb92288c0": ["33", "es.senselesssolutions.gpl.weightchart.EntryListActivity"]}, {"5bb84447bb6996709f681e0fb92288c0": ["33", "es.senselesssolutions.gpl.weightchart.EntryListActivity"]}, {"b1e5dd190f4a1e90270c7788e1346a41": ["6", "es.senselesssolutions.gpl.weightchart.EntryActivity"]}, {"b1e5dd190f4a1e90270c7788e1346a41": ["6", "es.senselesssolutions.gpl.weightchart.EntryActivity"]}, {"18af5886db074164b4e61e8dea58bec2": ["10", "es.senselesssolutions.gpl.weightchart.EntryActivity"]}, {"b1e5dd190f4a1e90270c7788e1346a41": ["6", "es.senselesssolutions.gpl.weightchart.EntryActivity"]}, {"18af5886db074164b4e61e8dea58bec2": ["10", "es.senselesssolutions.gpl.weightchart.EntryActivity"]}, {"18af5886db074164b4e61e8dea58bec2": ["10", "es.senselesssolutions.gpl.weightchart.EntryActivity"]}, {"b1e5dd190f4a1e90270c7788e1346a41": ["6", "es.senselesssolutions.gpl.weightchart.EntryActivity"]}, {"b1e5dd190f4a1e90270c7788e1346a41": ["6", "es.senselesssolutions.gpl.weightchart.EntryActivity"]}, {"b1e5dd190f4a1e90270c7788e1346a41": ["6", "es.senselesssolutions.gpl.weightchart.EntryActivity"]}, {"b1e5dd190f4a1e90270c7788e1346a41": ["6", "es.senselesssolutions.gpl.weightchart.EntryActivity"]}, {"b1e5dd190f4a1e90270c7788e1346a41": ["6", "es.senselesssolutions.gpl.weightchart.EntryActivity"]}, {"b1e5dd190f4a1e90270c7788e1346a41": ["6", "es.senselesssolutions.gpl.weightchart.EntryActivity"]}, {"b1e5dd190f4a1e90270c7788e1346a41": ["6", "es.senselesssolutions.gpl.weightchart.EntryActivity"]}, {"fe5b57d7e4330d9b0b3fb3145fd4185f": ["12", "es.senselesssolutions.gpl.weightchart.PreferencesActivity"]}, {"492eee65e9d42b3e160aa7ff9c83d14a": ["21", "es.senselesssolutions.gpl.weightchart.PreferencesActivity"]}, {"5bb84447bb6996709f681e0fb92288c0": ["33", "es.senselesssolutions.gpl.weightchart.EntryListActivity"]}, {"41290721da10c1c09e07b544bdb52cc7": ["8", "es.senselesssolutions.gpl.weightchart.EntryListActivity"]}, {"b1e5dd190f4a1e90270c7788e1346a41": ["6", "es.senselesssolutions.gpl.weightchart.EntryActivity"]}, {"18af5886db074164b4e61e8dea58bec2": ["10", "es.senselesssolutions.gpl.weightchart.EntryActivity"]}, {"18af5886db074164b4e61e8dea58bec2": ["10", "es.senselesssolutions.gpl.weightchart.EntryActivity"]}, {"b1e5dd190f4a1e90270c7788e1346a41": ["6", "es.senselesssolutions.gpl.weightchart.EntryActivity"]}, {"5bb84447bb6996709f681e0fb92288c0": ["33", "es.senselesssolutions.gpl.weightchart.EntryListActivity"]}, {"41290721da10c1c09e07b544bdb52cc7": ["8", "es.senselesssolutions.gpl.weightchart.EntryListActivity"]}, {"fe733929d3211b394ed7f304101affde": ["31", "es.senselesssolutions.gpl.weightchart.EntryListActivity"]}, {"fe733929d3211b394ed7f304101affde": ["31", "es.senselesssolutions.gpl.weightchart.EntryListActivity"]}, {"fe733929d3211b394ed7f304101affde": ["31", "es.senselesssolutions.gpl.weightchart.EntryListActivity"]}, {"fe733929d3211b394ed7f304101affde": ["31", "es.senselesssolutions.gpl.weightchart.EntryListActivity"]}, {"fe733929d3211b394ed7f304101affde": ["31", "es.senselesssolutions.gpl.weightchart.EntryListActivity"]}, {"fe733929d3211b394ed7f304101affde": ["31", "es.senselesssolutions.gpl.weightchart.EntryListActivity"]}, {"fe733929d3211b394ed7f304101affde": ["31", "es.senselesssolutions.gpl.weightchart.EntryListActivity"]}, {"fe733929d3211b394ed7f304101affde": ["31", "es.senselesssolutions.gpl.weightchart.EntryListActivity"]}, {"fe733929d3211b394ed7f304101affde": ["31", "es.senselesssolutions.gpl.weightchart.EntryListActivity"]}, {"fe733929d3211b394ed7f304101affde": ["31", "es.senselesssolutions.gpl.weightchart.EntryListActivity"]}, {"fe733929d3211b394ed7f304101affde": ["31", "es.senselesssolutions.gpl.weightchart.EntryListActivity"]}, {"fe733929d3211b394ed7f304101affde": ["31", "es.senselesssolutions.gpl.weightchart.EntryListActivity"]}, {"41290721da10c1c09e07b544bdb52cc7": ["8", "es.senselesssolutions.gpl.weightchart.EntryListActivity"]}, {"fe733929d3211b394ed7f304101affde": ["31", "es.senselesssolutions.gpl.weightchart.EntryListActivity"]}, {"fe733929d3211b394ed7f304101affde": ["31", "es.senselesssolutions.gpl.weightchart.EntryListActivity"]}, {"41290721da10c1c09e07b544bdb52cc7": ["8", "es.senselesssolutions.gpl.weightchart.EntryListActivity"]}, {"b1e5dd190f4a1e90270c7788e1346a41": ["6", "es.senselesssolutions.gpl.weightchart.EntryActivity"]}, {"b1e5dd190f4a1e90270c7788e1346a41": ["6", "es.senselesssolutions.gpl.weightchart.EntryActivity"]}, {"b1e5dd190f4a1e90270c7788e1346a41": ["6", "es.senselesssolutions.gpl.weightchart.EntryActivity"]}, {"b1e5dd190f4a1e90270c7788e1346a41": ["6", "es.senselesssolutions.gpl.weightchart.EntryActivity"]}, {"81a81ba789e34b3e91148d4b78c517ca": ["11", "es.senselesssolutions.gpl.weightchart.EntryActivity"]}, {"b1e5dd190f4a1e90270c7788e1346a41": ["6", "es.senselesssolutions.gpl.weightchart.EntryActivity"]}, {"18af5886db074164b4e61e8dea58bec2": ["10", "es.senselesssolutions.gpl.weightchart.EntryActivity"]}, {"b1e5dd190f4a1e90270c7788e1346a41": ["6", "es.senselesssolutions.gpl.weightchart.EntryActivity"]}, {"b1e5dd190f4a1e90270c7788e1346a41": ["6", "es.senselesssolutions.gpl.weightchart.EntryActivity"]}, {"b1e5dd190f4a1e90270c7788e1346a41": ["6", "es.senselesssolutions.gpl.weightchart.EntryActivity"]}, {"b1e5dd190f4a1e90270c7788e1346a41": ["6", "es.senselesssolutions.gpl.weightchart.EntryActivity"]}, {"18af5886db074164b4e61e8dea58bec2": ["10", "es.senselesssolutions.gpl.weightchart.EntryActivity"]}, {"b1e5dd190f4a1e90270c7788e1346a41": ["6", "es.senselesssolutions.gpl.weightchart.EntryActivity"]}, {"18af5886db074164b4e61e8dea58bec2": ["10", "es.senselesssolutions.gpl.weightchart.EntryActivity"]}, {"b1e5dd190f4a1e90270c7788e1346a41": ["6", "es.senselesssolutions.gpl.weightchart.EntryActivity"]}, {"b1e5dd190f4a1e90270c7788e1346a41": ["6", "es.senselesssolutions.gpl.weightchart.EntryActivity"]}, {"18af5886db074164b4e61e8dea58bec2": ["10", "es.senselesssolutions.gpl.weightchart.EntryActivity"]}, {"b1e5dd190f4a1e90270c7788e1346a41": ["6", "es.senselesssolutions.gpl.weightchart.EntryActivity"]}, {"18af5886db074164b4e61e8dea58bec2": ["10", "es.senselesssolutions.gpl.weightchart.EntryActivity"]}, {"18af5886db074164b4e61e8dea58bec2": ["10", "es.senselesssolutions.gpl.weightchart.EntryActivity"]}, {"b1e5dd190f4a1e90270c7788e1346a41": ["6", "es.senselesssolutions.gpl.weightchart.EntryActivity"]}, {"b1e5dd190f4a1e90270c7788e1346a41": ["6", "es.senselesssolutions.gpl.weightchart.EntryActivity"]}, {"81a81ba789e34b3e91148d4b78c517ca": ["11", "es.senselesssolutions.gpl.weightchart.EntryActivity"]}, {"fe733929d3211b394ed7f304101affde": ["31", "es.senselesssolutions.gpl.weightchart.EntryListActivity"]}, {"b1e5dd190f4a1e90270c7788e1346a41": ["6", "es.senselesssolutions.gpl.weightchart.EntryActivity"]}, {"b1e5dd190f4a1e90270c7788e1346a41": ["6", "es.senselesssolutions.gpl.weightchart.EntryActivity"]}, {"b1e5dd190f4a1e90270c7788e1346a41": ["6", "es.senselesssolutions.gpl.weightchart.EntryActivity"]}, {"b1e5dd190f4a1e90270c7788e1346a41": ["6", "es.senselesssolutions.gpl.weightchart.EntryActivity"]}, {"b1e5dd190f4a1e90270c7788e1346a41": ["6", "es.senselesssolutions.gpl.weightchart.EntryActivity"]}, {"b1e5dd190f4a1e90270c7788e1346a41": ["6", "es.senselesssolutions.gpl.weightchart.EntryActivity"]}, {"b1e5dd190f4a1e90270c7788e1346a41": ["6", "es.senselesssolutions.gpl.weightchart.EntryActivity"]}, {"81a81ba789e34b3e91148d4b78c517ca": ["11", "es.senselesssolutions.gpl.weightchart.EntryActivity"]}, {"81a81ba789e34b3e91148d4b78c517ca": ["11", "es.senselesssolutions.gpl.weightchart.EntryActivity"]}, {"81a81ba789e34b3e91148d4b78c517ca": ["11", "es.senselesssolutions.gpl.weightchart.EntryActivity"]}, {"b1e5dd190f4a1e90270c7788e1346a41": ["6", "es.senselesssolutions.gpl.weightchart.EntryActivity"]}, {"b1e5dd190f4a1e90270c7788e1346a41": ["6", "es.senselesssolutions.gpl.weightchart.EntryActivity"]}, {"b1e5dd190f4a1e90270c7788e1346a41": ["6", "es.senselesssolutions.gpl.weightchart.EntryActivity"]}, {"b1e5dd190f4a1e90270c7788e1346a41": ["6", "es.senselesssolutions.gpl.weightchart.EntryActivity"]}]