[{"9002c01b476ecd765016898ca1c659ba": ["0", "es.senselesssolutions.gpl.weightchart.ChartActivity"]}, {"d10f34616e7808013718018c5da6f4d7": ["1", "es.senselesssolutions.gpl.weightchart.ChartActivity"]}, {"d9ed60096582fd39e8c4ef20533e6492": ["4", "es.senselesssolutions.gpl.weightchart.ChartActivity"]}, {"d941c43613281a08d1fd2a0a899a5941": ["22", "es.senselesssolutions.gpl.weightchart.EntryActivity"]}, {"d941c43613281a08d1fd2a0a899a5941": ["22", "es.senselesssolutions.gpl.weightchart.EntryActivity"]}, {"d941c43613281a08d1fd2a0a899a5941": ["22", "es.senselesssolutions.gpl.weightchart.EntryActivity"]}, {"81a81ba789e34b3e91148d4b78c517ca": ["11", "es.senselesssolutions.gpl.weightchart.EntryActivity"]}, {"d941c43613281a08d1fd2a0a899a5941": ["22", "es.senselesssolutions.gpl.weightchart.EntryActivity"]}, {"d941c43613281a08d1fd2a0a899a5941": ["22", "es.senselesssolutions.gpl.weightchart.EntryActivity"]}, {"81a81ba789e34b3e91148d4b78c517ca": ["11", "es.senselesssolutions.gpl.weightchart.EntryActivity"]}, {"81a81ba789e34b3e91148d4b78c517ca": ["11", "es.senselesssolutions.gpl.weightchart.EntryActivity"]}, {"81a81ba789e34b3e91148d4b78c517ca": ["11", "es.senselesssolutions.gpl.weightchart.EntryActivity"]}, {"81a81ba789e34b3e91148d4b78c517ca": ["11", "es.senselesssolutions.gpl.weightchart.EntryActivity"]}, {"81a81ba789e34b3e91148d4b78c517ca": ["11", "es.senselesssolutions.gpl.weightchart.EntryActivity"]}, {"81a81ba789e34b3e91148d4b78c517ca": ["11", "es.senselesssolutions.gpl.weightchart.EntryActivity"]}, {"d941c43613281a08d1fd2a0a899a5941": ["22", "es.senselesssolutions.gpl.weightchart.EntryActivity"]}, {"81a81ba789e34b3e91148d4b78c517ca": ["11", "es.senselesssolutions.gpl.weightchart.EntryActivity"]}, {"b7ecb1b00d5ad2442c3508e2d36129e9": ["27", "es.senselesssolutions.gpl.weightchart.ChartActivity"]}, {"d941c43613281a08d1fd2a0a899a5941": ["22", "es.senselesssolutions.gpl.weightchart.EntryActivity"]}, {"d941c43613281a08d1fd2a0a899a5941": ["22", "es.senselesssolutions.gpl.weightchart.EntryActivity"]}, {"d941c43613281a08d1fd2a0a899a5941": ["22", "es.senselesssolutions.gpl.weightchart.EntryActivity"]}, {"d941c43613281a08d1fd2a0a899a5941": ["22", "es.senselesssolutions.gpl.weightchart.EntryActivity"]}, {"d941c43613281a08d1fd2a0a899a5941": ["22", "es.senselesssolutions.gpl.weightchart.EntryActivity"]}, {"d941c43613281a08d1fd2a0a899a5941": ["22", "es.senselesssolutions.gpl.weightchart.EntryActivity"]}, {"d941c43613281a08d1fd2a0a899a5941": ["22", "es.senselesssolutions.gpl.weightchart.EntryActivity"]}, {"d941c43613281a08d1fd2a0a899a5941": ["22", "es.senselesssolutions.gpl.weightchart.EntryActivity"]}, {"d941c43613281a08d1fd2a0a899a5941": ["22", "es.senselesssolutions.gpl.weightchart.EntryActivity"]}, {"d941c43613281a08d1fd2a0a899a5941": ["22", "es.senselesssolutions.gpl.weightchart.EntryActivity"]}, {"fe5b57d7e4330d9b0b3fb3145fd4185f": ["12", "es.senselesssolutions.gpl.weightchart.PreferencesActivity"]}, {"cbec62e149ffc2ffbf42748075787eb5": ["14", "es.senselesssolutions.gpl.weightchart.PreferencesActivity"]}, {"fe5b57d7e4330d9b0b3fb3145fd4185f": ["12", "es.senselesssolutions.gpl.weightchart.PreferencesActivity"]}, {"c3ac63bf26979613535d714df874c0a0": ["28", "es.senselesssolutions.gpl.weightchart.PreferencesActivity"]}, {"cbec62e149ffc2ffbf42748075787eb5": ["14", "es.senselesssolutions.gpl.weightchart.PreferencesActivity"]}, {"c3ac63bf26979613535d714df874c0a0": ["28", "es.senselesssolutions.gpl.weightchart.PreferencesActivity"]}, {"556048a2981efde4a123a51f9e9b6ca5": ["20", "es.senselesssolutions.gpl.weightchart.PreferencesActivity"]}, {"c3ac63bf26979613535d714df874c0a0": ["28", "es.senselesssolutions.gpl.weightchart.PreferencesActivity"]}, {"b3f9b74b8b738aa1fc9b911009ca4f9b": ["26", "es.senselesssolutions.gpl.weightchart.PreferencesActivity"]}, {"b3f9b74b8b738aa1fc9b911009ca4f9b": ["26", "es.senselesssolutions.gpl.weightchart.PreferencesActivity"]}, {"fe5b57d7e4330d9b0b3fb3145fd4185f": ["12", "es.senselesssolutions.gpl.weightchart.PreferencesActivity"]}, {"d941c43613281a08d1fd2a0a899a5941": ["22", "es.senselesssolutions.gpl.weightchart.EntryActivity"]}, {"d941c43613281a08d1fd2a0a899a5941": ["22", "es.senselesssolutions.gpl.weightchart.EntryActivity"]}, {"d941c43613281a08d1fd2a0a899a5941": ["22", "es.senselesssolutions.gpl.weightchart.EntryActivity"]}, {"81a81ba789e34b3e91148d4b78c517ca": ["11", "es.senselesssolutions.gpl.weightchart.EntryActivity"]}, {"d941c43613281a08d1fd2a0a899a5941": ["22", "es.senselesssolutions.gpl.weightchart.EntryActivity"]}, {"d941c43613281a08d1fd2a0a899a5941": ["22", "es.senselesssolutions.gpl.weightchart.EntryActivity"]}, {"81a81ba789e34b3e91148d4b78c517ca": ["11", "es.senselesssolutions.gpl.weightchart.EntryActivity"]}, {"81a81ba789e34b3e91148d4b78c517ca": ["11", "es.senselesssolutions.gpl.weightchart.EntryActivity"]}, {"81a81ba789e34b3e91148d4b78c517ca": ["11", "es.senselesssolutions.gpl.weightchart.EntryActivity"]}, {"81a81ba789e34b3e91148d4b78c517ca": ["11", "es.senselesssolutions.gpl.weightchart.EntryActivity"]}, {"81a81ba789e34b3e91148d4b78c517ca": ["11", "es.senselesssolutions.gpl.weightchart.EntryActivity"]}, {"81a81ba789e34b3e91148d4b78c517ca": ["11", "es.senselesssolutions.gpl.weightchart.EntryActivity"]}, {"d941c43613281a08d1fd2a0a899a5941": ["22", "es.senselesssolutions.gpl.weightchart.EntryActivity"]}, {"81a81ba789e34b3e91148d4b78c517ca": ["11", "es.senselesssolutions.gpl.weightchart.EntryActivity"]}, {"b7ecb1b00d5ad2442c3508e2d36129e9": ["27", "es.senselesssolutions.gpl.weightchart.ChartActivity"]}, {"d941c43613281a08d1fd2a0a899a5941": ["22", "es.senselesssolutions.gpl.weightchart.EntryActivity"]}, {"d941c43613281a08d1fd2a0a899a5941": ["22", "es.senselesssolutions.gpl.weightchart.EntryActivity"]}, {"d941c43613281a08d1fd2a0a899a5941": ["22", "es.senselesssolutions.gpl.weightchart.EntryActivity"]}, {"d941c43613281a08d1fd2a0a899a5941": ["22", "es.senselesssolutions.gpl.weightchart.EntryActivity"]}, {"d941c43613281a08d1fd2a0a899a5941": ["22", "es.senselesssolutions.gpl.weightchart.EntryActivity"]}, {"d941c43613281a08d1fd2a0a899a5941": ["22", "es.senselesssolutions.gpl.weightchart.EntryActivity"]}, {"d941c43613281a08d1fd2a0a899a5941": ["22", "es.senselesssolutions.gpl.weightchart.EntryActivity"]}, {"d941c43613281a08d1fd2a0a899a5941": ["22", "es.senselesssolutions.gpl.weightchart.EntryActivity"]}, {"d941c43613281a08d1fd2a0a899a5941": ["22", "es.senselesssolutions.gpl.weightchart.EntryActivity"]}, {"d941c43613281a08d1fd2a0a899a5941": ["22", "es.senselesssolutions.gpl.weightchart.EntryActivity"]}, {"d941c43613281a08d1fd2a0a899a5941": ["22", "es.senselesssolutions.gpl.weightchart.EntryActivity"]}, {"d941c43613281a08d1fd2a0a899a5941": ["22", "es.senselesssolutions.gpl.weightchart.EntryActivity"]}, {"18af5886db074164b4e61e8dea58bec2": ["10", "es.senselesssolutions.gpl.weightchart.EntryActivity"]}, {"18af5886db074164b4e61e8dea58bec2": ["10", "es.senselesssolutions.gpl.weightchart.EntryActivity"]}, {"fe5b57d7e4330d9b0b3fb3145fd4185f": ["12", "es.senselesssolutions.gpl.weightchart.PreferencesActivity"]}, {"cbec62e149ffc2ffbf42748075787eb5": ["14", "es.senselesssolutions.gpl.weightchart.PreferencesActivity"]}, {"fe5b57d7e4330d9b0b3fb3145fd4185f": ["12", "es.senselesssolutions.gpl.weightchart.PreferencesActivity"]}, {"c3ac63bf26979613535d714df874c0a0": ["28", "es.senselesssolutions.gpl.weightchart.PreferencesActivity"]}, {"cbec62e149ffc2ffbf42748075787eb5": ["14", "es.senselesssolutions.gpl.weightchart.PreferencesActivity"]}, {"c3ac63bf26979613535d714df874c0a0": ["28", "es.senselesssolutions.gpl.weightchart.PreferencesActivity"]}, {"556048a2981efde4a123a51f9e9b6ca5": ["20", "es.senselesssolutions.gpl.weightchart.PreferencesActivity"]}, {"c3ac63bf26979613535d714df874c0a0": ["28", "es.senselesssolutions.gpl.weightchart.PreferencesActivity"]}, {"b3f9b74b8b738aa1fc9b911009ca4f9b": ["26", "es.senselesssolutions.gpl.weightchart.PreferencesActivity"]}, {"b3f9b74b8b738aa1fc9b911009ca4f9b": ["26", "es.senselesssolutions.gpl.weightchart.PreferencesActivity"]}, {"fe5b57d7e4330d9b0b3fb3145fd4185f": ["12", "es.senselesssolutions.gpl.weightchart.PreferencesActivity"]}, {"d941c43613281a08d1fd2a0a899a5941": ["22", "es.senselesssolutions.gpl.weightchart.EntryActivity"]}, {"d941c43613281a08d1fd2a0a899a5941": ["22", "es.senselesssolutions.gpl.weightchart.EntryActivity"]}, {"d941c43613281a08d1fd2a0a899a5941": ["22", "es.senselesssolutions.gpl.weightchart.EntryActivity"]}, {"81a81ba789e34b3e91148d4b78c517ca": ["11", "es.senselesssolutions.gpl.weightchart.EntryActivity"]}, {"d941c43613281a08d1fd2a0a899a5941": ["22", "es.senselesssolutions.gpl.weightchart.EntryActivity"]}, {"d941c43613281a08d1fd2a0a899a5941": ["22", "es.senselesssolutions.gpl.weightchart.EntryActivity"]}, {"81a81ba789e34b3e91148d4b78c517ca": ["11", "es.senselesssolutions.gpl.weightchart.EntryActivity"]}, {"81a81ba789e34b3e91148d4b78c517ca": ["11", "es.senselesssolutions.gpl.weightchart.EntryActivity"]}, {"81a81ba789e34b3e91148d4b78c517ca": ["11", "es.senselesssolutions.gpl.weightchart.EntryActivity"]}, {"81a81ba789e34b3e91148d4b78c517ca": ["11", "es.senselesssolutions.gpl.weightchart.EntryActivity"]}, {"81a81ba789e34b3e91148d4b78c517ca": ["11", "es.senselesssolutions.gpl.weightchart.EntryActivity"]}, {"81a81ba789e34b3e91148d4b78c517ca": ["11", "es.senselesssolutions.gpl.weightchart.EntryActivity"]}, {"d941c43613281a08d1fd2a0a899a5941": ["22", "es.senselesssolutions.gpl.weightchart.EntryActivity"]}, {"81a81ba789e34b3e91148d4b78c517ca": ["11", "es.senselesssolutions.gpl.weightchart.EntryActivity"]}, {"b7ecb1b00d5ad2442c3508e2d36129e9": ["27", "es.senselesssolutions.gpl.weightchart.ChartActivity"]}, {"d941c43613281a08d1fd2a0a899a5941": ["22", "es.senselesssolutions.gpl.weightchart.EntryActivity"]}, {"d941c43613281a08d1fd2a0a899a5941": ["22", "es.senselesssolutions.gpl.weightchart.EntryActivity"]}, {"d941c43613281a08d1fd2a0a899a5941": ["22", "es.senselesssolutions.gpl.weightchart.EntryActivity"]}, {"d941c43613281a08d1fd2a0a899a5941": ["22", "es.senselesssolutions.gpl.weightchart.EntryActivity"]}, {"d941c43613281a08d1fd2a0a899a5941": ["22", "es.senselesssolutions.gpl.weightchart.EntryActivity"]}, {"d941c43613281a08d1fd2a0a899a5941": ["22", "es.senselesssolutions.gpl.weightchart.EntryActivity"]}, {"d941c43613281a08d1fd2a0a899a5941": ["22", "es.senselesssolutions.gpl.weightchart.EntryActivity"]}, {"d941c43613281a08d1fd2a0a899a5941": ["22", "es.senselesssolutions.gpl.weightchart.EntryActivity"]}, {"d941c43613281a08d1fd2a0a899a5941": ["22", "es.senselesssolutions.gpl.weightchart.EntryActivity"]}, {"d941c43613281a08d1fd2a0a899a5941": ["22", "es.senselesssolutions.gpl.weightchart.EntryActivity"]}, {"d941c43613281a08d1fd2a0a899a5941": ["22", "es.senselesssolutions.gpl.weightchart.EntryActivity"]}, {"d941c43613281a08d1fd2a0a899a5941": ["22", "es.senselesssolutions.gpl.weightchart.EntryActivity"]}, {"18af5886db074164b4e61e8dea58bec2": ["10", "es.senselesssolutions.gpl.weightchart.EntryActivity"]}, {"18af5886db074164b4e61e8dea58bec2": ["10", "es.senselesssolutions.gpl.weightchart.EntryActivity"]}, {"fe5b57d7e4330d9b0b3fb3145fd4185f": ["12", "es.senselesssolutions.gpl.weightchart.PreferencesActivity"]}, {"cbec62e149ffc2ffbf42748075787eb5": ["14", "es.senselesssolutions.gpl.weightchart.PreferencesActivity"]}, {"fe5b57d7e4330d9b0b3fb3145fd4185f": ["12", "es.senselesssolutions.gpl.weightchart.PreferencesActivity"]}, {"c3ac63bf26979613535d714df874c0a0": ["28", "es.senselesssolutions.gpl.weightchart.PreferencesActivity"]}, {"cbec62e149ffc2ffbf42748075787eb5": ["14", "es.senselesssolutions.gpl.weightchart.PreferencesActivity"]}, {"c3ac63bf26979613535d714df874c0a0": ["28", "es.senselesssolutions.gpl.weightchart.PreferencesActivity"]}, {"556048a2981efde4a123a51f9e9b6ca5": ["20", "es.senselesssolutions.gpl.weightchart.PreferencesActivity"]}, {"c3ac63bf26979613535d714df874c0a0": ["28", "es.senselesssolutions.gpl.weightchart.PreferencesActivity"]}, {"b3f9b74b8b738aa1fc9b911009ca4f9b": ["26", "es.senselesssolutions.gpl.weightchart.PreferencesActivity"]}, {"b3f9b74b8b738aa1fc9b911009ca4f9b": ["26", "es.senselesssolutions.gpl.weightchart.PreferencesActivity"]}, {"fe5b57d7e4330d9b0b3fb3145fd4185f": ["12", "es.senselesssolutions.gpl.weightchart.PreferencesActivity"]}, {"d941c43613281a08d1fd2a0a899a5941": ["22", "es.senselesssolutions.gpl.weightchart.EntryActivity"]}, {"d941c43613281a08d1fd2a0a899a5941": ["22", "es.senselesssolutions.gpl.weightchart.EntryActivity"]}, {"d941c43613281a08d1fd2a0a899a5941": ["22", "es.senselesssolutions.gpl.weightchart.EntryActivity"]}, {"81a81ba789e34b3e91148d4b78c517ca": ["11", "es.senselesssolutions.gpl.weightchart.EntryActivity"]}, {"d941c43613281a08d1fd2a0a899a5941": ["22", "es.senselesssolutions.gpl.weightchart.EntryActivity"]}, {"d941c43613281a08d1fd2a0a899a5941": ["22", "es.senselesssolutions.gpl.weightchart.EntryActivity"]}, {"81a81ba789e34b3e91148d4b78c517ca": ["11", "es.senselesssolutions.gpl.weightchart.EntryActivity"]}, {"81a81ba789e34b3e91148d4b78c517ca": ["11", "es.senselesssolutions.gpl.weightchart.EntryActivity"]}, {"81a81ba789e34b3e91148d4b78c517ca": ["11", "es.senselesssolutions.gpl.weightchart.EntryActivity"]}, {"81a81ba789e34b3e91148d4b78c517ca": ["11", "es.senselesssolutions.gpl.weightchart.EntryActivity"]}, {"81a81ba789e34b3e91148d4b78c517ca": ["11", "es.senselesssolutions.gpl.weightchart.EntryActivity"]}, {"81a81ba789e34b3e91148d4b78c517ca": ["11", "es.senselesssolutions.gpl.weightchart.EntryActivity"]}, {"d941c43613281a08d1fd2a0a899a5941": ["22", "es.senselesssolutions.gpl.weightchart.EntryActivity"]}, {"81a81ba789e34b3e91148d4b78c517ca": ["11", "es.senselesssolutions.gpl.weightchart.EntryActivity"]}, {"b7ecb1b00d5ad2442c3508e2d36129e9": ["27", "es.senselesssolutions.gpl.weightchart.ChartActivity"]}, {"d941c43613281a08d1fd2a0a899a5941": ["22", "es.senselesssolutions.gpl.weightchart.EntryActivity"]}, {"d941c43613281a08d1fd2a0a899a5941": ["22", "es.senselesssolutions.gpl.weightchart.EntryActivity"]}, {"d941c43613281a08d1fd2a0a899a5941": ["22", "es.senselesssolutions.gpl.weightchart.EntryActivity"]}, {"d941c43613281a08d1fd2a0a899a5941": ["22", "es.senselesssolutions.gpl.weightchart.EntryActivity"]}, {"d941c43613281a08d1fd2a0a899a5941": ["22", "es.senselesssolutions.gpl.weightchart.EntryActivity"]}, {"d941c43613281a08d1fd2a0a899a5941": ["22", "es.senselesssolutions.gpl.weightchart.EntryActivity"]}, {"d941c43613281a08d1fd2a0a899a5941": ["22", "es.senselesssolutions.gpl.weightchart.EntryActivity"]}, {"d941c43613281a08d1fd2a0a899a5941": ["22", "es.senselesssolutions.gpl.weightchart.EntryActivity"]}, {"d941c43613281a08d1fd2a0a899a5941": ["22", "es.senselesssolutions.gpl.weightchart.EntryActivity"]}, {"d941c43613281a08d1fd2a0a899a5941": ["22", "es.senselesssolutions.gpl.weightchart.EntryActivity"]}, {"d941c43613281a08d1fd2a0a899a5941": ["22", "es.senselesssolutions.gpl.weightchart.EntryActivity"]}, {"d941c43613281a08d1fd2a0a899a5941": ["22", "es.senselesssolutions.gpl.weightchart.EntryActivity"]}, {"18af5886db074164b4e61e8dea58bec2": ["10", "es.senselesssolutions.gpl.weightchart.EntryActivity"]}, {"18af5886db074164b4e61e8dea58bec2": ["10", "es.senselesssolutions.gpl.weightchart.EntryActivity"]}, {"d941c43613281a08d1fd2a0a899a5941": ["22", "es.senselesssolutions.gpl.weightchart.EntryActivity"]}, {"18af5886db074164b4e61e8dea58bec2": ["10", "es.senselesssolutions.gpl.weightchart.EntryActivity"]}, {"18af5886db074164b4e61e8dea58bec2": ["10", "es.senselesssolutions.gpl.weightchart.EntryActivity"]}, {"fe5b57d7e4330d9b0b3fb3145fd4185f": ["12", "es.senselesssolutions.gpl.weightchart.PreferencesActivity"]}, {"cbec62e149ffc2ffbf42748075787eb5": ["14", "es.senselesssolutions.gpl.weightchart.PreferencesActivity"]}, {"fe5b57d7e4330d9b0b3fb3145fd4185f": ["12", "es.senselesssolutions.gpl.weightchart.PreferencesActivity"]}, {"c3ac63bf26979613535d714df874c0a0": ["28", "es.senselesssolutions.gpl.weightchart.PreferencesActivity"]}, {"cbec62e149ffc2ffbf42748075787eb5": ["14", "es.senselesssolutions.gpl.weightchart.PreferencesActivity"]}, {"c3ac63bf26979613535d714df874c0a0": ["28", "es.senselesssolutions.gpl.weightchart.PreferencesActivity"]}, {"556048a2981efde4a123a51f9e9b6ca5": ["20", "es.senselesssolutions.gpl.weightchart.PreferencesActivity"]}, {"c3ac63bf26979613535d714df874c0a0": ["28", "es.senselesssolutions.gpl.weightchart.PreferencesActivity"]}, {"b3f9b74b8b738aa1fc9b911009ca4f9b": ["26", "es.senselesssolutions.gpl.weightchart.PreferencesActivity"]}, {"b3f9b74b8b738aa1fc9b911009ca4f9b": ["26", "es.senselesssolutions.gpl.weightchart.PreferencesActivity"]}, {"fe5b57d7e4330d9b0b3fb3145fd4185f": ["12", "es.senselesssolutions.gpl.weightchart.PreferencesActivity"]}, {"d941c43613281a08d1fd2a0a899a5941": ["22", "es.senselesssolutions.gpl.weightchart.EntryActivity"]}, {"81a81ba789e34b3e91148d4b78c517ca": ["11", "es.senselesssolutions.gpl.weightchart.EntryActivity"]}, {"d941c43613281a08d1fd2a0a899a5941": ["22", "es.senselesssolutions.gpl.weightchart.EntryActivity"]}, {"81a81ba789e34b3e91148d4b78c517ca": ["11", "es.senselesssolutions.gpl.weightchart.EntryActivity"]}, {"81a81ba789e34b3e91148d4b78c517ca": ["11", "es.senselesssolutions.gpl.weightchart.EntryActivity"]}, {"81a81ba789e34b3e91148d4b78c517ca": ["11", "es.senselesssolutions.gpl.weightchart.EntryActivity"]}, {"81a81ba789e34b3e91148d4b78c517ca": ["11", "es.senselesssolutions.gpl.weightchart.EntryActivity"]}, {"81a81ba789e34b3e91148d4b78c517ca": ["11", "es.senselesssolutions.gpl.weightchart.EntryActivity"]}, {"81a81ba789e34b3e91148d4b78c517ca": ["11", "es.senselesssolutions.gpl.weightchart.EntryActivity"]}, {"d941c43613281a08d1fd2a0a899a5941": ["22", "es.senselesssolutions.gpl.weightchart.EntryActivity"]}, {"81a81ba789e34b3e91148d4b78c517ca": ["11", "es.senselesssolutions.gpl.weightchart.EntryActivity"]}, {"b7ecb1b00d5ad2442c3508e2d36129e9": ["27", "es.senselesssolutions.gpl.weightchart.ChartActivity"]}, {"d941c43613281a08d1fd2a0a899a5941": ["22", "es.senselesssolutions.gpl.weightchart.EntryActivity"]}, {"d941c43613281a08d1fd2a0a899a5941": ["22", "es.senselesssolutions.gpl.weightchart.EntryActivity"]}, {"d941c43613281a08d1fd2a0a899a5941": ["22", "es.senselesssolutions.gpl.weightchart.EntryActivity"]}, {"d941c43613281a08d1fd2a0a899a5941": ["22", "es.senselesssolutions.gpl.weightchart.EntryActivity"]}, {"d941c43613281a08d1fd2a0a899a5941": ["22", "es.senselesssolutions.gpl.weightchart.EntryActivity"]}, {"d941c43613281a08d1fd2a0a899a5941": ["22", "es.senselesssolutions.gpl.weightchart.EntryActivity"]}, {"d941c43613281a08d1fd2a0a899a5941": ["22", "es.senselesssolutions.gpl.weightchart.EntryActivity"]}, {"d941c43613281a08d1fd2a0a899a5941": ["22", "es.senselesssolutions.gpl.weightchart.EntryActivity"]}, {"d941c43613281a08d1fd2a0a899a5941": ["22", "es.senselesssolutions.gpl.weightchart.EntryActivity"]}, {"d941c43613281a08d1fd2a0a899a5941": ["22", "es.senselesssolutions.gpl.weightchart.EntryActivity"]}, {"d941c43613281a08d1fd2a0a899a5941": ["22", "es.senselesssolutions.gpl.weightchart.EntryActivity"]}, {"d941c43613281a08d1fd2a0a899a5941": ["22", "es.senselesssolutions.gpl.weightchart.EntryActivity"]}, {"18af5886db074164b4e61e8dea58bec2": ["10", "es.senselesssolutions.gpl.weightchart.EntryActivity"]}, {"18af5886db074164b4e61e8dea58bec2": ["10", "es.senselesssolutions.gpl.weightchart.EntryActivity"]}, {"fe5b57d7e4330d9b0b3fb3145fd4185f": ["12", "es.senselesssolutions.gpl.weightchart.PreferencesActivity"]}, {"cbec62e149ffc2ffbf42748075787eb5": ["14", "es.senselesssolutions.gpl.weightchart.PreferencesActivity"]}, {"fe5b57d7e4330d9b0b3fb3145fd4185f": ["12", "es.senselesssolutions.gpl.weightchart.PreferencesActivity"]}, {"c3ac63bf26979613535d714df874c0a0": ["28", "es.senselesssolutions.gpl.weightchart.PreferencesActivity"]}, {"cbec62e149ffc2ffbf42748075787eb5": ["14", "es.senselesssolutions.gpl.weightchart.PreferencesActivity"]}, {"c3ac63bf26979613535d714df874c0a0": ["28", "es.senselesssolutions.gpl.weightchart.PreferencesActivity"]}, {"556048a2981efde4a123a51f9e9b6ca5": ["20", "es.senselesssolutions.gpl.weightchart.PreferencesActivity"]}, {"c3ac63bf26979613535d714df874c0a0": ["28", "es.senselesssolutions.gpl.weightchart.PreferencesActivity"]}, {"b3f9b74b8b738aa1fc9b911009ca4f9b": ["26", "es.senselesssolutions.gpl.weightchart.PreferencesActivity"]}, {"b3f9b74b8b738aa1fc9b911009ca4f9b": ["26", "es.senselesssolutions.gpl.weightchart.PreferencesActivity"]}, {"fe5b57d7e4330d9b0b3fb3145fd4185f": ["12", "es.senselesssolutions.gpl.weightchart.PreferencesActivity"]}, {"d941c43613281a08d1fd2a0a899a5941": ["22", "es.senselesssolutions.gpl.weightchart.EntryActivity"]}, {"81a81ba789e34b3e91148d4b78c517ca": ["11", "es.senselesssolutions.gpl.weightchart.EntryActivity"]}, {"d941c43613281a08d1fd2a0a899a5941": ["22", "es.senselesssolutions.gpl.weightchart.EntryActivity"]}, {"81a81ba789e34b3e91148d4b78c517ca": ["11", "es.senselesssolutions.gpl.weightchart.EntryActivity"]}, {"81a81ba789e34b3e91148d4b78c517ca": ["11", "es.senselesssolutions.gpl.weightchart.EntryActivity"]}, {"81a81ba789e34b3e91148d4b78c517ca": ["11", "es.senselesssolutions.gpl.weightchart.EntryActivity"]}, {"81a81ba789e34b3e91148d4b78c517ca": ["11", "es.senselesssolutions.gpl.weightchart.EntryActivity"]}, {"81a81ba789e34b3e91148d4b78c517ca": ["11", "es.senselesssolutions.gpl.weightchart.EntryActivity"]}, {"81a81ba789e34b3e91148d4b78c517ca": ["11", "es.senselesssolutions.gpl.weightchart.EntryActivity"]}, {"d941c43613281a08d1fd2a0a899a5941": ["22", "es.senselesssolutions.gpl.weightchart.EntryActivity"]}, {"81a81ba789e34b3e91148d4b78c517ca": ["11", "es.senselesssolutions.gpl.weightchart.EntryActivity"]}, {"b7ecb1b00d5ad2442c3508e2d36129e9": ["27", "es.senselesssolutions.gpl.weightchart.ChartActivity"]}, {"d941c43613281a08d1fd2a0a899a5941": ["22", "es.senselesssolutions.gpl.weightchart.EntryActivity"]}, {"d941c43613281a08d1fd2a0a899a5941": ["22", "es.senselesssolutions.gpl.weightchart.EntryActivity"]}, {"d941c43613281a08d1fd2a0a899a5941": ["22", "es.senselesssolutions.gpl.weightchart.EntryActivity"]}, {"d941c43613281a08d1fd2a0a899a5941": ["22", "es.senselesssolutions.gpl.weightchart.EntryActivity"]}, {"d941c43613281a08d1fd2a0a899a5941": ["22", "es.senselesssolutions.gpl.weightchart.EntryActivity"]}, {"d941c43613281a08d1fd2a0a899a5941": ["22", "es.senselesssolutions.gpl.weightchart.EntryActivity"]}, {"d941c43613281a08d1fd2a0a899a5941": ["22", "es.senselesssolutions.gpl.weightchart.EntryActivity"]}, {"d941c43613281a08d1fd2a0a899a5941": ["22", "es.senselesssolutions.gpl.weightchart.EntryActivity"]}, {"d941c43613281a08d1fd2a0a899a5941": ["22", "es.senselesssolutions.gpl.weightchart.EntryActivity"]}, {"d941c43613281a08d1fd2a0a899a5941": ["22", "es.senselesssolutions.gpl.weightchart.EntryActivity"]}, {"d941c43613281a08d1fd2a0a899a5941": ["22", "es.senselesssolutions.gpl.weightchart.EntryActivity"]}, {"d941c43613281a08d1fd2a0a899a5941": ["22", "es.senselesssolutions.gpl.weightchart.EntryActivity"]}, {"18af5886db074164b4e61e8dea58bec2": ["10", "es.senselesssolutions.gpl.weightchart.EntryActivity"]}, {"18af5886db074164b4e61e8dea58bec2": ["10", "es.senselesssolutions.gpl.weightchart.EntryActivity"]}, {"fe5b57d7e4330d9b0b3fb3145fd4185f": ["12", "es.senselesssolutions.gpl.weightchart.PreferencesActivity"]}, {"cbec62e149ffc2ffbf42748075787eb5": ["14", "es.senselesssolutions.gpl.weightchart.PreferencesActivity"]}, {"fe5b57d7e4330d9b0b3fb3145fd4185f": ["12", "es.senselesssolutions.gpl.weightchart.PreferencesActivity"]}, {"fe5b57d7e4330d9b0b3fb3145fd4185f": ["12", "es.senselesssolutions.gpl.weightchart.PreferencesActivity"]}, {"492eee65e9d42b3e160aa7ff9c83d14a": ["21", "es.senselesssolutions.gpl.weightchart.PreferencesActivity"]}, {"28d7ad9970219285b5254527976c3ea9": ["16", "es.senselesssolutions.gpl.weightchart.PreferencesActivity"]}, {"fe5b57d7e4330d9b0b3fb3145fd4185f": ["12", "es.senselesssolutions.gpl.weightchart.PreferencesActivity"]}, {"d941c43613281a08d1fd2a0a899a5941": ["22", "es.senselesssolutions.gpl.weightchart.EntryActivity"]}, {"81a81ba789e34b3e91148d4b78c517ca": ["11", "es.senselesssolutions.gpl.weightchart.EntryActivity"]}, {"d941c43613281a08d1fd2a0a899a5941": ["22", "es.senselesssolutions.gpl.weightchart.EntryActivity"]}, {"81a81ba789e34b3e91148d4b78c517ca": ["11", "es.senselesssolutions.gpl.weightchart.EntryActivity"]}, {"81a81ba789e34b3e91148d4b78c517ca": ["11", "es.senselesssolutions.gpl.weightchart.EntryActivity"]}, {"81a81ba789e34b3e91148d4b78c517ca": ["11", "es.senselesssolutions.gpl.weightchart.EntryActivity"]}, {"81a81ba789e34b3e91148d4b78c517ca": ["11", "es.senselesssolutions.gpl.weightchart.EntryActivity"]}, {"81a81ba789e34b3e91148d4b78c517ca": ["11", "es.senselesssolutions.gpl.weightchart.EntryActivity"]}, {"81a81ba789e34b3e91148d4b78c517ca": ["11", "es.senselesssolutions.gpl.weightchart.EntryActivity"]}, {"d941c43613281a08d1fd2a0a899a5941": ["22", "es.senselesssolutions.gpl.weightchart.EntryActivity"]}, {"81a81ba789e34b3e91148d4b78c517ca": ["11", "es.senselesssolutions.gpl.weightchart.EntryActivity"]}, {"b7ecb1b00d5ad2442c3508e2d36129e9": ["27", "es.senselesssolutions.gpl.weightchart.ChartActivity"]}, {"d941c43613281a08d1fd2a0a899a5941": ["22", "es.senselesssolutions.gpl.weightchart.EntryActivity"]}, {"d941c43613281a08d1fd2a0a899a5941": ["22", "es.senselesssolutions.gpl.weightchart.EntryActivity"]}, {"d941c43613281a08d1fd2a0a899a5941": ["22", "es.senselesssolutions.gpl.weightchart.EntryActivity"]}, {"d941c43613281a08d1fd2a0a899a5941": ["22", "es.senselesssolutions.gpl.weightchart.EntryActivity"]}, {"d941c43613281a08d1fd2a0a899a5941": ["22", "es.senselesssolutions.gpl.weightchart.EntryActivity"]}, {"d941c43613281a08d1fd2a0a899a5941": ["22", "es.senselesssolutions.gpl.weightchart.EntryActivity"]}, {"d941c43613281a08d1fd2a0a899a5941": ["22", "es.senselesssolutions.gpl.weightchart.EntryActivity"]}, {"d941c43613281a08d1fd2a0a899a5941": ["22", "es.senselesssolutions.gpl.weightchart.EntryActivity"]}, {"d941c43613281a08d1fd2a0a899a5941": ["22", "es.senselesssolutions.gpl.weightchart.EntryActivity"]}, {"d941c43613281a08d1fd2a0a899a5941": ["22", "es.senselesssolutions.gpl.weightchart.EntryActivity"]}, {"d941c43613281a08d1fd2a0a899a5941": ["22", "es.senselesssolutions.gpl.weightchart.EntryActivity"]}, {"d941c43613281a08d1fd2a0a899a5941": ["22", "es.senselesssolutions.gpl.weightchart.EntryActivity"]}, {"18af5886db074164b4e61e8dea58bec2": ["10", "es.senselesssolutions.gpl.weightchart.EntryActivity"]}, {"18af5886db074164b4e61e8dea58bec2": ["10", "es.senselesssolutions.gpl.weightchart.EntryActivity"]}, {"fe5b57d7e4330d9b0b3fb3145fd4185f": ["12", "es.senselesssolutions.gpl.weightchart.PreferencesActivity"]}, {"cbec62e149ffc2ffbf42748075787eb5": ["14", "es.senselesssolutions.gpl.weightchart.PreferencesActivity"]}, {"fe5b57d7e4330d9b0b3fb3145fd4185f": ["12", "es.senselesssolutions.gpl.weightchart.PreferencesActivity"]}, {"c3ac63bf26979613535d714df874c0a0": ["28", "es.senselesssolutions.gpl.weightchart.PreferencesActivity"]}, {"cbec62e149ffc2ffbf42748075787eb5": ["14", "es.senselesssolutions.gpl.weightchart.PreferencesActivity"]}, {"c3ac63bf26979613535d714df874c0a0": ["28", "es.senselesssolutions.gpl.weightchart.PreferencesActivity"]}, {"556048a2981efde4a123a51f9e9b6ca5": ["20", "es.senselesssolutions.gpl.weightchart.PreferencesActivity"]}, {"c3ac63bf26979613535d714df874c0a0": ["28", "es.senselesssolutions.gpl.weightchart.PreferencesActivity"]}, {"b3f9b74b8b738aa1fc9b911009ca4f9b": ["26", "es.senselesssolutions.gpl.weightchart.PreferencesActivity"]}, {"b3f9b74b8b738aa1fc9b911009ca4f9b": ["26", "es.senselesssolutions.gpl.weightchart.PreferencesActivity"]}, {"fe5b57d7e4330d9b0b3fb3145fd4185f": ["12", "es.senselesssolutions.gpl.weightchart.PreferencesActivity"]}, {"d941c43613281a08d1fd2a0a899a5941": ["22", "es.senselesssolutions.gpl.weightchart.EntryActivity"]}, {"81a81ba789e34b3e91148d4b78c517ca": ["11", "es.senselesssolutions.gpl.weightchart.EntryActivity"]}, {"d941c43613281a08d1fd2a0a899a5941": ["22", "es.senselesssolutions.gpl.weightchart.EntryActivity"]}, {"81a81ba789e34b3e91148d4b78c517ca": ["11", "es.senselesssolutions.gpl.weightchart.EntryActivity"]}, {"81a81ba789e34b3e91148d4b78c517ca": ["11", "es.senselesssolutions.gpl.weightchart.EntryActivity"]}, {"81a81ba789e34b3e91148d4b78c517ca": ["11", "es.senselesssolutions.gpl.weightchart.EntryActivity"]}, {"81a81ba789e34b3e91148d4b78c517ca": ["11", "es.senselesssolutions.gpl.weightchart.EntryActivity"]}, {"81a81ba789e34b3e91148d4b78c517ca": ["11", "es.senselesssolutions.gpl.weightchart.EntryActivity"]}, {"81a81ba789e34b3e91148d4b78c517ca": ["11", "es.senselesssolutions.gpl.weightchart.EntryActivity"]}, {"d941c43613281a08d1fd2a0a899a5941": ["22", "es.senselesssolutions.gpl.weightchart.EntryActivity"]}, {"81a81ba789e34b3e91148d4b78c517ca": ["11", "es.senselesssolutions.gpl.weightchart.EntryActivity"]}, {"b7ecb1b00d5ad2442c3508e2d36129e9": ["27", "es.senselesssolutions.gpl.weightchart.ChartActivity"]}, {"d941c43613281a08d1fd2a0a899a5941": ["22", "es.senselesssolutions.gpl.weightchart.EntryActivity"]}, {"d941c43613281a08d1fd2a0a899a5941": ["22", "es.senselesssolutions.gpl.weightchart.EntryActivity"]}, {"d941c43613281a08d1fd2a0a899a5941": ["22", "es.senselesssolutions.gpl.weightchart.EntryActivity"]}, {"d941c43613281a08d1fd2a0a899a5941": ["22", "es.senselesssolutions.gpl.weightchart.EntryActivity"]}, {"d941c43613281a08d1fd2a0a899a5941": ["22", "es.senselesssolutions.gpl.weightchart.EntryActivity"]}, {"d941c43613281a08d1fd2a0a899a5941": ["22", "es.senselesssolutions.gpl.weightchart.EntryActivity"]}, {"d941c43613281a08d1fd2a0a899a5941": ["22", "es.senselesssolutions.gpl.weightchart.EntryActivity"]}, {"d941c43613281a08d1fd2a0a899a5941": ["22", "es.senselesssolutions.gpl.weightchart.EntryActivity"]}, {"d941c43613281a08d1fd2a0a899a5941": ["22", "es.senselesssolutions.gpl.weightchart.EntryActivity"]}, {"d941c43613281a08d1fd2a0a899a5941": ["22", "es.senselesssolutions.gpl.weightchart.EntryActivity"]}, {"d941c43613281a08d1fd2a0a899a5941": ["22", "es.senselesssolutions.gpl.weightchart.EntryActivity"]}, {"d941c43613281a08d1fd2a0a899a5941": ["22", "es.senselesssolutions.gpl.weightchart.EntryActivity"]}, {"18af5886db074164b4e61e8dea58bec2": ["10", "es.senselesssolutions.gpl.weightchart.EntryActivity"]}, {"18af5886db074164b4e61e8dea58bec2": ["10", "es.senselesssolutions.gpl.weightchart.EntryActivity"]}, {"fe5b57d7e4330d9b0b3fb3145fd4185f": ["12", "es.senselesssolutions.gpl.weightchart.PreferencesActivity"]}, {"cbec62e149ffc2ffbf42748075787eb5": ["14", "es.senselesssolutions.gpl.weightchart.PreferencesActivity"]}, {"fe5b57d7e4330d9b0b3fb3145fd4185f": ["12", "es.senselesssolutions.gpl.weightchart.PreferencesActivity"]}, {"b3f9b74b8b738aa1fc9b911009ca4f9b": ["26", "es.senselesssolutions.gpl.weightchart.PreferencesActivity"]}, {"b3f9b74b8b738aa1fc9b911009ca4f9b": ["26", "es.senselesssolutions.gpl.weightchart.PreferencesActivity"]}, {"556048a2981efde4a123a51f9e9b6ca5": ["20", "es.senselesssolutions.gpl.weightchart.PreferencesActivity"]}, {"b3f9b74b8b738aa1fc9b911009ca4f9b": ["26", "es.senselesssolutions.gpl.weightchart.PreferencesActivity"]}, {"b3f9b74b8b738aa1fc9b911009ca4f9b": ["26", "es.senselesssolutions.gpl.weightchart.PreferencesActivity"]}, {"b3f9b74b8b738aa1fc9b911009ca4f9b": ["26", "es.senselesssolutions.gpl.weightchart.PreferencesActivity"]}, {"fe5b57d7e4330d9b0b3fb3145fd4185f": ["12", "es.senselesssolutions.gpl.weightchart.PreferencesActivity"]}, {"d941c43613281a08d1fd2a0a899a5941": ["22", "es.senselesssolutions.gpl.weightchart.EntryActivity"]}, {"81a81ba789e34b3e91148d4b78c517ca": ["11", "es.senselesssolutions.gpl.weightchart.EntryActivity"]}, {"d941c43613281a08d1fd2a0a899a5941": ["22", "es.senselesssolutions.gpl.weightchart.EntryActivity"]}, {"81a81ba789e34b3e91148d4b78c517ca": ["11", "es.senselesssolutions.gpl.weightchart.EntryActivity"]}, {"81a81ba789e34b3e91148d4b78c517ca": ["11", "es.senselesssolutions.gpl.weightchart.EntryActivity"]}, {"81a81ba789e34b3e91148d4b78c517ca": ["11", "es.senselesssolutions.gpl.weightchart.EntryActivity"]}, {"81a81ba789e34b3e91148d4b78c517ca": ["11", "es.senselesssolutions.gpl.weightchart.EntryActivity"]}, {"81a81ba789e34b3e91148d4b78c517ca": ["11", "es.senselesssolutions.gpl.weightchart.EntryActivity"]}, {"81a81ba789e34b3e91148d4b78c517ca": ["11", "es.senselesssolutions.gpl.weightchart.EntryActivity"]}, {"d941c43613281a08d1fd2a0a899a5941": ["22", "es.senselesssolutions.gpl.weightchart.EntryActivity"]}, {"81a81ba789e34b3e91148d4b78c517ca": ["11", "es.senselesssolutions.gpl.weightchart.EntryActivity"]}, {"b7ecb1b00d5ad2442c3508e2d36129e9": ["27", "es.senselesssolutions.gpl.weightchart.ChartActivity"]}, {"d941c43613281a08d1fd2a0a899a5941": ["22", "es.senselesssolutions.gpl.weightchart.EntryActivity"]}, {"d941c43613281a08d1fd2a0a899a5941": ["22", "es.senselesssolutions.gpl.weightchart.EntryActivity"]}, {"d941c43613281a08d1fd2a0a899a5941": ["22", "es.senselesssolutions.gpl.weightchart.EntryActivity"]}, {"d941c43613281a08d1fd2a0a899a5941": ["22", "es.senselesssolutions.gpl.weightchart.EntryActivity"]}, {"d941c43613281a08d1fd2a0a899a5941": ["22", "es.senselesssolutions.gpl.weightchart.EntryActivity"]}, {"d941c43613281a08d1fd2a0a899a5941": ["22", "es.senselesssolutions.gpl.weightchart.EntryActivity"]}, {"d941c43613281a08d1fd2a0a899a5941": ["22", "es.senselesssolutions.gpl.weightchart.EntryActivity"]}, {"d941c43613281a08d1fd2a0a899a5941": ["22", "es.senselesssolutions.gpl.weightchart.EntryActivity"]}, {"d941c43613281a08d1fd2a0a899a5941": ["22", "es.senselesssolutions.gpl.weightchart.EntryActivity"]}, {"d941c43613281a08d1fd2a0a899a5941": ["22", "es.senselesssolutions.gpl.weightchart.EntryActivity"]}, {"d941c43613281a08d1fd2a0a899a5941": ["22", "es.senselesssolutions.gpl.weightchart.EntryActivity"]}, {"d941c43613281a08d1fd2a0a899a5941": ["22", "es.senselesssolutions.gpl.weightchart.EntryActivity"]}, {"18af5886db074164b4e61e8dea58bec2": ["10", "es.senselesssolutions.gpl.weightchart.EntryActivity"]}, {"18af5886db074164b4e61e8dea58bec2": ["10", "es.senselesssolutions.gpl.weightchart.EntryActivity"]}, {"fe5b57d7e4330d9b0b3fb3145fd4185f": ["12", "es.senselesssolutions.gpl.weightchart.PreferencesActivity"]}, {"cbec62e149ffc2ffbf42748075787eb5": ["14", "es.senselesssolutions.gpl.weightchart.PreferencesActivity"]}, {"fe5b57d7e4330d9b0b3fb3145fd4185f": ["12", "es.senselesssolutions.gpl.weightchart.PreferencesActivity"]}, {"c3ac63bf26979613535d714df874c0a0": ["28", "es.senselesssolutions.gpl.weightchart.PreferencesActivity"]}, {"cbec62e149ffc2ffbf42748075787eb5": ["14", "es.senselesssolutions.gpl.weightchart.PreferencesActivity"]}, {"c3ac63bf26979613535d714df874c0a0": ["28", "es.senselesssolutions.gpl.weightchart.PreferencesActivity"]}, {"556048a2981efde4a123a51f9e9b6ca5": ["20", "es.senselesssolutions.gpl.weightchart.PreferencesActivity"]}, {"c3ac63bf26979613535d714df874c0a0": ["28", "es.senselesssolutions.gpl.weightchart.PreferencesActivity"]}, {"b3f9b74b8b738aa1fc9b911009ca4f9b": ["26", "es.senselesssolutions.gpl.weightchart.PreferencesActivity"]}, {"b3f9b74b8b738aa1fc9b911009ca4f9b": ["26", "es.senselesssolutions.gpl.weightchart.PreferencesActivity"]}, {"fe5b57d7e4330d9b0b3fb3145fd4185f": ["12", "es.senselesssolutions.gpl.weightchart.PreferencesActivity"]}, {"d941c43613281a08d1fd2a0a899a5941": ["22", "es.senselesssolutions.gpl.weightchart.EntryActivity"]}, {"81a81ba789e34b3e91148d4b78c517ca": ["11", "es.senselesssolutions.gpl.weightchart.EntryActivity"]}, {"d941c43613281a08d1fd2a0a899a5941": ["22", "es.senselesssolutions.gpl.weightchart.EntryActivity"]}, {"81a81ba789e34b3e91148d4b78c517ca": ["11", "es.senselesssolutions.gpl.weightchart.EntryActivity"]}, {"81a81ba789e34b3e91148d4b78c517ca": ["11", "es.senselesssolutions.gpl.weightchart.EntryActivity"]}, {"81a81ba789e34b3e91148d4b78c517ca": ["11", "es.senselesssolutions.gpl.weightchart.EntryActivity"]}, {"81a81ba789e34b3e91148d4b78c517ca": ["11", "es.senselesssolutions.gpl.weightchart.EntryActivity"]}, {"81a81ba789e34b3e91148d4b78c517ca": ["11", "es.senselesssolutions.gpl.weightchart.EntryActivity"]}, {"81a81ba789e34b3e91148d4b78c517ca": ["11", "es.senselesssolutions.gpl.weightchart.EntryActivity"]}, {"d941c43613281a08d1fd2a0a899a5941": ["22", "es.senselesssolutions.gpl.weightchart.EntryActivity"]}, {"81a81ba789e34b3e91148d4b78c517ca": ["11", "es.senselesssolutions.gpl.weightchart.EntryActivity"]}, {"b7ecb1b00d5ad2442c3508e2d36129e9": ["27", "es.senselesssolutions.gpl.weightchart.ChartActivity"]}, {"d941c43613281a08d1fd2a0a899a5941": ["22", "es.senselesssolutions.gpl.weightchart.EntryActivity"]}, {"d941c43613281a08d1fd2a0a899a5941": ["22", "es.senselesssolutions.gpl.weightchart.EntryActivity"]}, {"d941c43613281a08d1fd2a0a899a5941": ["22", "es.senselesssolutions.gpl.weightchart.EntryActivity"]}, {"d941c43613281a08d1fd2a0a899a5941": ["22", "es.senselesssolutions.gpl.weightchart.EntryActivity"]}, {"d941c43613281a08d1fd2a0a899a5941": ["22", "es.senselesssolutions.gpl.weightchart.EntryActivity"]}, {"d941c43613281a08d1fd2a0a899a5941": ["22", "es.senselesssolutions.gpl.weightchart.EntryActivity"]}, {"d941c43613281a08d1fd2a0a899a5941": ["22", "es.senselesssolutions.gpl.weightchart.EntryActivity"]}, {"d941c43613281a08d1fd2a0a899a5941": ["22", "es.senselesssolutions.gpl.weightchart.EntryActivity"]}, {"d941c43613281a08d1fd2a0a899a5941": ["22", "es.senselesssolutions.gpl.weightchart.EntryActivity"]}, {"d941c43613281a08d1fd2a0a899a5941": ["22", "es.senselesssolutions.gpl.weightchart.EntryActivity"]}, {"d941c43613281a08d1fd2a0a899a5941": ["22", "es.senselesssolutions.gpl.weightchart.EntryActivity"]}, {"d941c43613281a08d1fd2a0a899a5941": ["22", "es.senselesssolutions.gpl.weightchart.EntryActivity"]}, {"18af5886db074164b4e61e8dea58bec2": ["10", "es.senselesssolutions.gpl.weightchart.EntryActivity"]}, {"18af5886db074164b4e61e8dea58bec2": ["10", "es.senselesssolutions.gpl.weightchart.EntryActivity"]}, {"fe5b57d7e4330d9b0b3fb3145fd4185f": ["12", "es.senselesssolutions.gpl.weightchart.PreferencesActivity"]}, {"cbec62e149ffc2ffbf42748075787eb5": ["14", "es.senselesssolutions.gpl.weightchart.PreferencesActivity"]}, {"fe5b57d7e4330d9b0b3fb3145fd4185f": ["12", "es.senselesssolutions.gpl.weightchart.PreferencesActivity"]}, {"c3ac63bf26979613535d714df874c0a0": ["28", "es.senselesssolutions.gpl.weightchart.PreferencesActivity"]}, {"cbec62e149ffc2ffbf42748075787eb5": ["14", "es.senselesssolutions.gpl.weightchart.PreferencesActivity"]}, {"c3ac63bf26979613535d714df874c0a0": ["28", "es.senselesssolutions.gpl.weightchart.PreferencesActivity"]}, {"556048a2981efde4a123a51f9e9b6ca5": ["20", "es.senselesssolutions.gpl.weightchart.PreferencesActivity"]}, {"c3ac63bf26979613535d714df874c0a0": ["28", "es.senselesssolutions.gpl.weightchart.PreferencesActivity"]}, {"b3f9b74b8b738aa1fc9b911009ca4f9b": ["26", "es.senselesssolutions.gpl.weightchart.PreferencesActivity"]}, {"b3f9b74b8b738aa1fc9b911009ca4f9b": ["26", "es.senselesssolutions.gpl.weightchart.PreferencesActivity"]}, {"fe5b57d7e4330d9b0b3fb3145fd4185f": ["12", "es.senselesssolutions.gpl.weightchart.PreferencesActivity"]}, {"d941c43613281a08d1fd2a0a899a5941": ["22", "es.senselesssolutions.gpl.weightchart.EntryActivity"]}, {"81a81ba789e34b3e91148d4b78c517ca": ["11", "es.senselesssolutions.gpl.weightchart.EntryActivity"]}, {"d941c43613281a08d1fd2a0a899a5941": ["22", "es.senselesssolutions.gpl.weightchart.EntryActivity"]}, {"81a81ba789e34b3e91148d4b78c517ca": ["11", "es.senselesssolutions.gpl.weightchart.EntryActivity"]}, {"81a81ba789e34b3e91148d4b78c517ca": ["11", "es.senselesssolutions.gpl.weightchart.EntryActivity"]}, {"81a81ba789e34b3e91148d4b78c517ca": ["11", "es.senselesssolutions.gpl.weightchart.EntryActivity"]}, {"81a81ba789e34b3e91148d4b78c517ca": ["11", "es.senselesssolutions.gpl.weightchart.EntryActivity"]}, {"81a81ba789e34b3e91148d4b78c517ca": ["11", "es.senselesssolutions.gpl.weightchart.EntryActivity"]}, {"81a81ba789e34b3e91148d4b78c517ca": ["11", "es.senselesssolutions.gpl.weightchart.EntryActivity"]}, {"d941c43613281a08d1fd2a0a899a5941": ["22", "es.senselesssolutions.gpl.weightchart.EntryActivity"]}, {"81a81ba789e34b3e91148d4b78c517ca": ["11", "es.senselesssolutions.gpl.weightchart.EntryActivity"]}, {"b7ecb1b00d5ad2442c3508e2d36129e9": ["27", "es.senselesssolutions.gpl.weightchart.ChartActivity"]}, {"d941c43613281a08d1fd2a0a899a5941": ["22", "es.senselesssolutions.gpl.weightchart.EntryActivity"]}, {"d941c43613281a08d1fd2a0a899a5941": ["22", "es.senselesssolutions.gpl.weightchart.EntryActivity"]}, {"d941c43613281a08d1fd2a0a899a5941": ["22", "es.senselesssolutions.gpl.weightchart.EntryActivity"]}, {"d941c43613281a08d1fd2a0a899a5941": ["22", "es.senselesssolutions.gpl.weightchart.EntryActivity"]}, {"d941c43613281a08d1fd2a0a899a5941": ["22", "es.senselesssolutions.gpl.weightchart.EntryActivity"]}, {"d941c43613281a08d1fd2a0a899a5941": ["22", "es.senselesssolutions.gpl.weightchart.EntryActivity"]}, {"d941c43613281a08d1fd2a0a899a5941": ["22", "es.senselesssolutions.gpl.weightchart.EntryActivity"]}, {"d941c43613281a08d1fd2a0a899a5941": ["22", "es.senselesssolutions.gpl.weightchart.EntryActivity"]}, {"d941c43613281a08d1fd2a0a899a5941": ["22", "es.senselesssolutions.gpl.weightchart.EntryActivity"]}, {"d941c43613281a08d1fd2a0a899a5941": ["22", "es.senselesssolutions.gpl.weightchart.EntryActivity"]}, {"d941c43613281a08d1fd2a0a899a5941": ["22", "es.senselesssolutions.gpl.weightchart.EntryActivity"]}, {"d941c43613281a08d1fd2a0a899a5941": ["22", "es.senselesssolutions.gpl.weightchart.EntryActivity"]}, {"18af5886db074164b4e61e8dea58bec2": ["10", "es.senselesssolutions.gpl.weightchart.EntryActivity"]}, {"18af5886db074164b4e61e8dea58bec2": ["10", "es.senselesssolutions.gpl.weightchart.EntryActivity"]}, {"fe5b57d7e4330d9b0b3fb3145fd4185f": ["12", "es.senselesssolutions.gpl.weightchart.PreferencesActivity"]}, {"cbec62e149ffc2ffbf42748075787eb5": ["14", "es.senselesssolutions.gpl.weightchart.PreferencesActivity"]}, {"fe5b57d7e4330d9b0b3fb3145fd4185f": ["12", "es.senselesssolutions.gpl.weightchart.PreferencesActivity"]}, {"c3ac63bf26979613535d714df874c0a0": ["28", "es.senselesssolutions.gpl.weightchart.PreferencesActivity"]}, {"cbec62e149ffc2ffbf42748075787eb5": ["14", "es.senselesssolutions.gpl.weightchart.PreferencesActivity"]}, {"c3ac63bf26979613535d714df874c0a0": ["28", "es.senselesssolutions.gpl.weightchart.PreferencesActivity"]}, {"556048a2981efde4a123a51f9e9b6ca5": ["20", "es.senselesssolutions.gpl.weightchart.PreferencesActivity"]}, {"c3ac63bf26979613535d714df874c0a0": ["28", "es.senselesssolutions.gpl.weightchart.PreferencesActivity"]}, {"b3f9b74b8b738aa1fc9b911009ca4f9b": ["26", "es.senselesssolutions.gpl.weightchart.PreferencesActivity"]}, {"b3f9b74b8b738aa1fc9b911009ca4f9b": ["26", "es.senselesssolutions.gpl.weightchart.PreferencesActivity"]}, {"fe5b57d7e4330d9b0b3fb3145fd4185f": ["12", "es.senselesssolutions.gpl.weightchart.PreferencesActivity"]}, {"d941c43613281a08d1fd2a0a899a5941": ["22", "es.senselesssolutions.gpl.weightchart.EntryActivity"]}, {"d941c43613281a08d1fd2a0a899a5941": ["22", "es.senselesssolutions.gpl.weightchart.EntryActivity"]}, {"d941c43613281a08d1fd2a0a899a5941": ["22", "es.senselesssolutions.gpl.weightchart.EntryActivity"]}, {"81a81ba789e34b3e91148d4b78c517ca": ["11", "es.senselesssolutions.gpl.weightchart.EntryActivity"]}, {"d941c43613281a08d1fd2a0a899a5941": ["22", "es.senselesssolutions.gpl.weightchart.EntryActivity"]}, {"d941c43613281a08d1fd2a0a899a5941": ["22", "es.senselesssolutions.gpl.weightchart.EntryActivity"]}, {"81a81ba789e34b3e91148d4b78c517ca": ["11", "es.senselesssolutions.gpl.weightchart.EntryActivity"]}, {"81a81ba789e34b3e91148d4b78c517ca": ["11", "es.senselesssolutions.gpl.weightchart.EntryActivity"]}, {"81a81ba789e34b3e91148d4b78c517ca": ["11", "es.senselesssolutions.gpl.weightchart.EntryActivity"]}, {"81a81ba789e34b3e91148d4b78c517ca": ["11", "es.senselesssolutions.gpl.weightchart.EntryActivity"]}, {"81a81ba789e34b3e91148d4b78c517ca": ["11", "es.senselesssolutions.gpl.weightchart.EntryActivity"]}, {"81a81ba789e34b3e91148d4b78c517ca": ["11", "es.senselesssolutions.gpl.weightchart.EntryActivity"]}, {"d941c43613281a08d1fd2a0a899a5941": ["22", "es.senselesssolutions.gpl.weightchart.EntryActivity"]}, {"81a81ba789e34b3e91148d4b78c517ca": ["11", "es.senselesssolutions.gpl.weightchart.EntryActivity"]}, {"b7ecb1b00d5ad2442c3508e2d36129e9": ["27", "es.senselesssolutions.gpl.weightchart.ChartActivity"]}, {"d941c43613281a08d1fd2a0a899a5941": ["22", "es.senselesssolutions.gpl.weightchart.EntryActivity"]}, {"d941c43613281a08d1fd2a0a899a5941": ["22", "es.senselesssolutions.gpl.weightchart.EntryActivity"]}, {"d941c43613281a08d1fd2a0a899a5941": ["22", "es.senselesssolutions.gpl.weightchart.EntryActivity"]}, {"d941c43613281a08d1fd2a0a899a5941": ["22", "es.senselesssolutions.gpl.weightchart.EntryActivity"]}, {"d941c43613281a08d1fd2a0a899a5941": ["22", "es.senselesssolutions.gpl.weightchart.EntryActivity"]}, {"d941c43613281a08d1fd2a0a899a5941": ["22", "es.senselesssolutions.gpl.weightchart.EntryActivity"]}, {"d941c43613281a08d1fd2a0a899a5941": ["22", "es.senselesssolutions.gpl.weightchart.EntryActivity"]}, {"d941c43613281a08d1fd2a0a899a5941": ["22", "es.senselesssolutions.gpl.weightchart.EntryActivity"]}, {"d941c43613281a08d1fd2a0a899a5941": ["22", "es.senselesssolutions.gpl.weightchart.EntryActivity"]}, {"d941c43613281a08d1fd2a0a899a5941": ["22", "es.senselesssolutions.gpl.weightchart.EntryActivity"]}, {"d941c43613281a08d1fd2a0a899a5941": ["22", "es.senselesssolutions.gpl.weightchart.EntryActivity"]}, {"d941c43613281a08d1fd2a0a899a5941": ["22", "es.senselesssolutions.gpl.weightchart.EntryActivity"]}, {"18af5886db074164b4e61e8dea58bec2": ["10", "es.senselesssolutions.gpl.weightchart.EntryActivity"]}, {"18af5886db074164b4e61e8dea58bec2": ["10", "es.senselesssolutions.gpl.weightchart.EntryActivity"]}, {"fe5b57d7e4330d9b0b3fb3145fd4185f": ["12", "es.senselesssolutions.gpl.weightchart.PreferencesActivity"]}, {"cbec62e149ffc2ffbf42748075787eb5": ["14", "es.senselesssolutions.gpl.weightchart.PreferencesActivity"]}, {"fe5b57d7e4330d9b0b3fb3145fd4185f": ["12", "es.senselesssolutions.gpl.weightchart.PreferencesActivity"]}, {"c3ac63bf26979613535d714df874c0a0": ["28", "es.senselesssolutions.gpl.weightchart.PreferencesActivity"]}, {"cbec62e149ffc2ffbf42748075787eb5": ["14", "es.senselesssolutions.gpl.weightchart.PreferencesActivity"]}, {"c3ac63bf26979613535d714df874c0a0": ["28", "es.senselesssolutions.gpl.weightchart.PreferencesActivity"]}, {"556048a2981efde4a123a51f9e9b6ca5": ["20", "es.senselesssolutions.gpl.weightchart.PreferencesActivity"]}, {"c3ac63bf26979613535d714df874c0a0": ["28", "es.senselesssolutions.gpl.weightchart.PreferencesActivity"]}, {"b3f9b74b8b738aa1fc9b911009ca4f9b": ["26", "es.senselesssolutions.gpl.weightchart.PreferencesActivity"]}, {"b3f9b74b8b738aa1fc9b911009ca4f9b": ["26", "es.senselesssolutions.gpl.weightchart.PreferencesActivity"]}, {"fe5b57d7e4330d9b0b3fb3145fd4185f": ["12", "es.senselesssolutions.gpl.weightchart.PreferencesActivity"]}, {"d941c43613281a08d1fd2a0a899a5941": ["22", "es.senselesssolutions.gpl.weightchart.EntryActivity"]}, {"81a81ba789e34b3e91148d4b78c517ca": ["11", "es.senselesssolutions.gpl.weightchart.EntryActivity"]}, {"d941c43613281a08d1fd2a0a899a5941": ["22", "es.senselesssolutions.gpl.weightchart.EntryActivity"]}, {"81a81ba789e34b3e91148d4b78c517ca": ["11", "es.senselesssolutions.gpl.weightchart.EntryActivity"]}, {"81a81ba789e34b3e91148d4b78c517ca": ["11", "es.senselesssolutions.gpl.weightchart.EntryActivity"]}, {"81a81ba789e34b3e91148d4b78c517ca": ["11", "es.senselesssolutions.gpl.weightchart.EntryActivity"]}, {"81a81ba789e34b3e91148d4b78c517ca": ["11", "es.senselesssolutions.gpl.weightchart.EntryActivity"]}, {"81a81ba789e34b3e91148d4b78c517ca": ["11", "es.senselesssolutions.gpl.weightchart.EntryActivity"]}, {"81a81ba789e34b3e91148d4b78c517ca": ["11", "es.senselesssolutions.gpl.weightchart.EntryActivity"]}, {"d941c43613281a08d1fd2a0a899a5941": ["22", "es.senselesssolutions.gpl.weightchart.EntryActivity"]}, {"81a81ba789e34b3e91148d4b78c517ca": ["11", "es.senselesssolutions.gpl.weightchart.EntryActivity"]}, {"b7ecb1b00d5ad2442c3508e2d36129e9": ["27", "es.senselesssolutions.gpl.weightchart.ChartActivity"]}, {"d941c43613281a08d1fd2a0a899a5941": ["22", "es.senselesssolutions.gpl.weightchart.EntryActivity"]}, {"d941c43613281a08d1fd2a0a899a5941": ["22", "es.senselesssolutions.gpl.weightchart.EntryActivity"]}, {"d941c43613281a08d1fd2a0a899a5941": ["22", "es.senselesssolutions.gpl.weightchart.EntryActivity"]}, {"d941c43613281a08d1fd2a0a899a5941": ["22", "es.senselesssolutions.gpl.weightchart.EntryActivity"]}, {"d941c43613281a08d1fd2a0a899a5941": ["22", "es.senselesssolutions.gpl.weightchart.EntryActivity"]}, {"d941c43613281a08d1fd2a0a899a5941": ["22", "es.senselesssolutions.gpl.weightchart.EntryActivity"]}, {"d941c43613281a08d1fd2a0a899a5941": ["22", "es.senselesssolutions.gpl.weightchart.EntryActivity"]}, {"d941c43613281a08d1fd2a0a899a5941": ["22", "es.senselesssolutions.gpl.weightchart.EntryActivity"]}, {"d941c43613281a08d1fd2a0a899a5941": ["22", "es.senselesssolutions.gpl.weightchart.EntryActivity"]}, {"d941c43613281a08d1fd2a0a899a5941": ["22", "es.senselesssolutions.gpl.weightchart.EntryActivity"]}, {"d941c43613281a08d1fd2a0a899a5941": ["22", "es.senselesssolutions.gpl.weightchart.EntryActivity"]}, {"d941c43613281a08d1fd2a0a899a5941": ["22", "es.senselesssolutions.gpl.weightchart.EntryActivity"]}, {"18af5886db074164b4e61e8dea58bec2": ["10", "es.senselesssolutions.gpl.weightchart.EntryActivity"]}, {"18af5886db074164b4e61e8dea58bec2": ["10", "es.senselesssolutions.gpl.weightchart.EntryActivity"]}, {"fe5b57d7e4330d9b0b3fb3145fd4185f": ["12", "es.senselesssolutions.gpl.weightchart.PreferencesActivity"]}, {"cbec62e149ffc2ffbf42748075787eb5": ["14", "es.senselesssolutions.gpl.weightchart.PreferencesActivity"]}, {"fe5b57d7e4330d9b0b3fb3145fd4185f": ["12", "es.senselesssolutions.gpl.weightchart.PreferencesActivity"]}, {"fe5b57d7e4330d9b0b3fb3145fd4185f": ["12", "es.senselesssolutions.gpl.weightchart.PreferencesActivity"]}, {"492eee65e9d42b3e160aa7ff9c83d14a": ["21", "es.senselesssolutions.gpl.weightchart.PreferencesActivity"]}, {"28d7ad9970219285b5254527976c3ea9": ["16", "es.senselesssolutions.gpl.weightchart.PreferencesActivity"]}, {"fe5b57d7e4330d9b0b3fb3145fd4185f": ["12", "es.senselesssolutions.gpl.weightchart.PreferencesActivity"]}, {"d941c43613281a08d1fd2a0a899a5941": ["22", "es.senselesssolutions.gpl.weightchart.EntryActivity"]}, {"d941c43613281a08d1fd2a0a899a5941": ["22", "es.senselesssolutions.gpl.weightchart.EntryActivity"]}, {"d941c43613281a08d1fd2a0a899a5941": ["22", "es.senselesssolutions.gpl.weightchart.EntryActivity"]}, {"81a81ba789e34b3e91148d4b78c517ca": ["11", "es.senselesssolutions.gpl.weightchart.EntryActivity"]}, {"d941c43613281a08d1fd2a0a899a5941": ["22", "es.senselesssolutions.gpl.weightchart.EntryActivity"]}, {"d941c43613281a08d1fd2a0a899a5941": ["22", "es.senselesssolutions.gpl.weightchart.EntryActivity"]}, {"81a81ba789e34b3e91148d4b78c517ca": ["11", "es.senselesssolutions.gpl.weightchart.EntryActivity"]}, {"81a81ba789e34b3e91148d4b78c517ca": ["11", "es.senselesssolutions.gpl.weightchart.EntryActivity"]}, {"81a81ba789e34b3e91148d4b78c517ca": ["11", "es.senselesssolutions.gpl.weightchart.EntryActivity"]}, {"81a81ba789e34b3e91148d4b78c517ca": ["11", "es.senselesssolutions.gpl.weightchart.EntryActivity"]}, {"81a81ba789e34b3e91148d4b78c517ca": ["11", "es.senselesssolutions.gpl.weightchart.EntryActivity"]}, {"81a81ba789e34b3e91148d4b78c517ca": ["11", "es.senselesssolutions.gpl.weightchart.EntryActivity"]}, {"d941c43613281a08d1fd2a0a899a5941": ["22", "es.senselesssolutions.gpl.weightchart.EntryActivity"]}, {"81a81ba789e34b3e91148d4b78c517ca": ["11", "es.senselesssolutions.gpl.weightchart.EntryActivity"]}, {"b7ecb1b00d5ad2442c3508e2d36129e9": ["27", "es.senselesssolutions.gpl.weightchart.ChartActivity"]}, {"d941c43613281a08d1fd2a0a899a5941": ["22", "es.senselesssolutions.gpl.weightchart.EntryActivity"]}, {"d941c43613281a08d1fd2a0a899a5941": ["22", "es.senselesssolutions.gpl.weightchart.EntryActivity"]}, {"d941c43613281a08d1fd2a0a899a5941": ["22", "es.senselesssolutions.gpl.weightchart.EntryActivity"]}, {"d941c43613281a08d1fd2a0a899a5941": ["22", "es.senselesssolutions.gpl.weightchart.EntryActivity"]}, {"d941c43613281a08d1fd2a0a899a5941": ["22", "es.senselesssolutions.gpl.weightchart.EntryActivity"]}, {"d941c43613281a08d1fd2a0a899a5941": ["22", "es.senselesssolutions.gpl.weightchart.EntryActivity"]}, {"d941c43613281a08d1fd2a0a899a5941": ["22", "es.senselesssolutions.gpl.weightchart.EntryActivity"]}, {"d941c43613281a08d1fd2a0a899a5941": ["22", "es.senselesssolutions.gpl.weightchart.EntryActivity"]}, {"d941c43613281a08d1fd2a0a899a5941": ["22", "es.senselesssolutions.gpl.weightchart.EntryActivity"]}, {"d941c43613281a08d1fd2a0a899a5941": ["22", "es.senselesssolutions.gpl.weightchart.EntryActivity"]}, {"d941c43613281a08d1fd2a0a899a5941": ["22", "es.senselesssolutions.gpl.weightchart.EntryActivity"]}, {"d941c43613281a08d1fd2a0a899a5941": ["22", "es.senselesssolutions.gpl.weightchart.EntryActivity"]}, {"18af5886db074164b4e61e8dea58bec2": ["10", "es.senselesssolutions.gpl.weightchart.EntryActivity"]}, {"18af5886db074164b4e61e8dea58bec2": ["10", "es.senselesssolutions.gpl.weightchart.EntryActivity"]}, {"fe5b57d7e4330d9b0b3fb3145fd4185f": ["12", "es.senselesssolutions.gpl.weightchart.PreferencesActivity"]}, {"cbec62e149ffc2ffbf42748075787eb5": ["14", "es.senselesssolutions.gpl.weightchart.PreferencesActivity"]}, {"fe5b57d7e4330d9b0b3fb3145fd4185f": ["12", "es.senselesssolutions.gpl.weightchart.PreferencesActivity"]}, {"c3ac63bf26979613535d714df874c0a0": ["28", "es.senselesssolutions.gpl.weightchart.PreferencesActivity"]}, {"cbec62e149ffc2ffbf42748075787eb5": ["14", "es.senselesssolutions.gpl.weightchart.PreferencesActivity"]}, {"c3ac63bf26979613535d714df874c0a0": ["28", "es.senselesssolutions.gpl.weightchart.PreferencesActivity"]}, {"556048a2981efde4a123a51f9e9b6ca5": ["20", "es.senselesssolutions.gpl.weightchart.PreferencesActivity"]}, {"c3ac63bf26979613535d714df874c0a0": ["28", "es.senselesssolutions.gpl.weightchart.PreferencesActivity"]}, {"b3f9b74b8b738aa1fc9b911009ca4f9b": ["26", "es.senselesssolutions.gpl.weightchart.PreferencesActivity"]}, {"b3f9b74b8b738aa1fc9b911009ca4f9b": ["26", "es.senselesssolutions.gpl.weightchart.PreferencesActivity"]}, {"fe5b57d7e4330d9b0b3fb3145fd4185f": ["12", "es.senselesssolutions.gpl.weightchart.PreferencesActivity"]}, {"d941c43613281a08d1fd2a0a899a5941": ["22", "es.senselesssolutions.gpl.weightchart.EntryActivity"]}, {"81a81ba789e34b3e91148d4b78c517ca": ["11", "es.senselesssolutions.gpl.weightchart.EntryActivity"]}, {"d941c43613281a08d1fd2a0a899a5941": ["22", "es.senselesssolutions.gpl.weightchart.EntryActivity"]}, {"81a81ba789e34b3e91148d4b78c517ca": ["11", "es.senselesssolutions.gpl.weightchart.EntryActivity"]}, {"81a81ba789e34b3e91148d4b78c517ca": ["11", "es.senselesssolutions.gpl.weightchart.EntryActivity"]}, {"81a81ba789e34b3e91148d4b78c517ca": ["11", "es.senselesssolutions.gpl.weightchart.EntryActivity"]}, {"81a81ba789e34b3e91148d4b78c517ca": ["11", "es.senselesssolutions.gpl.weightchart.EntryActivity"]}, {"81a81ba789e34b3e91148d4b78c517ca": ["11", "es.senselesssolutions.gpl.weightchart.EntryActivity"]}, {"81a81ba789e34b3e91148d4b78c517ca": ["11", "es.senselesssolutions.gpl.weightchart.EntryActivity"]}, {"d941c43613281a08d1fd2a0a899a5941": ["22", "es.senselesssolutions.gpl.weightchart.EntryActivity"]}, {"81a81ba789e34b3e91148d4b78c517ca": ["11", "es.senselesssolutions.gpl.weightchart.EntryActivity"]}, {"b7ecb1b00d5ad2442c3508e2d36129e9": ["27", "es.senselesssolutions.gpl.weightchart.ChartActivity"]}, {"d941c43613281a08d1fd2a0a899a5941": ["22", "es.senselesssolutions.gpl.weightchart.EntryActivity"]}, {"d941c43613281a08d1fd2a0a899a5941": ["22", "es.senselesssolutions.gpl.weightchart.EntryActivity"]}, {"d941c43613281a08d1fd2a0a899a5941": ["22", "es.senselesssolutions.gpl.weightchart.EntryActivity"]}, {"d941c43613281a08d1fd2a0a899a5941": ["22", "es.senselesssolutions.gpl.weightchart.EntryActivity"]}, {"d941c43613281a08d1fd2a0a899a5941": ["22", "es.senselesssolutions.gpl.weightchart.EntryActivity"]}, {"d941c43613281a08d1fd2a0a899a5941": ["22", "es.senselesssolutions.gpl.weightchart.EntryActivity"]}, {"d941c43613281a08d1fd2a0a899a5941": ["22", "es.senselesssolutions.gpl.weightchart.EntryActivity"]}, {"d941c43613281a08d1fd2a0a899a5941": ["22", "es.senselesssolutions.gpl.weightchart.EntryActivity"]}, {"d941c43613281a08d1fd2a0a899a5941": ["22", "es.senselesssolutions.gpl.weightchart.EntryActivity"]}, {"d941c43613281a08d1fd2a0a899a5941": ["22", "es.senselesssolutions.gpl.weightchart.EntryActivity"]}, {"d941c43613281a08d1fd2a0a899a5941": ["22", "es.senselesssolutions.gpl.weightchart.EntryActivity"]}, {"d941c43613281a08d1fd2a0a899a5941": ["22", "es.senselesssolutions.gpl.weightchart.EntryActivity"]}, {"18af5886db074164b4e61e8dea58bec2": ["10", "es.senselesssolutions.gpl.weightchart.EntryActivity"]}, {"18af5886db074164b4e61e8dea58bec2": ["10", "es.senselesssolutions.gpl.weightchart.EntryActivity"]}, {"fe5b57d7e4330d9b0b3fb3145fd4185f": ["12", "es.senselesssolutions.gpl.weightchart.PreferencesActivity"]}, {"cbec62e149ffc2ffbf42748075787eb5": ["14", "es.senselesssolutions.gpl.weightchart.PreferencesActivity"]}, {"fe5b57d7e4330d9b0b3fb3145fd4185f": ["12", "es.senselesssolutions.gpl.weightchart.PreferencesActivity"]}, {"c3ac63bf26979613535d714df874c0a0": ["28", "es.senselesssolutions.gpl.weightchart.PreferencesActivity"]}, {"cbec62e149ffc2ffbf42748075787eb5": ["14", "es.senselesssolutions.gpl.weightchart.PreferencesActivity"]}, {"c3ac63bf26979613535d714df874c0a0": ["28", "es.senselesssolutions.gpl.weightchart.PreferencesActivity"]}, {"556048a2981efde4a123a51f9e9b6ca5": ["20", "es.senselesssolutions.gpl.weightchart.PreferencesActivity"]}, {"c3ac63bf26979613535d714df874c0a0": ["28", "es.senselesssolutions.gpl.weightchart.PreferencesActivity"]}, {"b3f9b74b8b738aa1fc9b911009ca4f9b": ["26", "es.senselesssolutions.gpl.weightchart.PreferencesActivity"]}, {"b3f9b74b8b738aa1fc9b911009ca4f9b": ["26", "es.senselesssolutions.gpl.weightchart.PreferencesActivity"]}, {"fe5b57d7e4330d9b0b3fb3145fd4185f": ["12", "es.senselesssolutions.gpl.weightchart.PreferencesActivity"]}, {"d941c43613281a08d1fd2a0a899a5941": ["22", "es.senselesssolutions.gpl.weightchart.EntryActivity"]}, {"d941c43613281a08d1fd2a0a899a5941": ["22", "es.senselesssolutions.gpl.weightchart.EntryActivity"]}, {"d941c43613281a08d1fd2a0a899a5941": ["22", "es.senselesssolutions.gpl.weightchart.EntryActivity"]}, {"81a81ba789e34b3e91148d4b78c517ca": ["11", "es.senselesssolutions.gpl.weightchart.EntryActivity"]}, {"d941c43613281a08d1fd2a0a899a5941": ["22", "es.senselesssolutions.gpl.weightchart.EntryActivity"]}, {"d941c43613281a08d1fd2a0a899a5941": ["22", "es.senselesssolutions.gpl.weightchart.EntryActivity"]}, {"81a81ba789e34b3e91148d4b78c517ca": ["11", "es.senselesssolutions.gpl.weightchart.EntryActivity"]}, {"81a81ba789e34b3e91148d4b78c517ca": ["11", "es.senselesssolutions.gpl.weightchart.EntryActivity"]}, {"81a81ba789e34b3e91148d4b78c517ca": ["11", "es.senselesssolutions.gpl.weightchart.EntryActivity"]}, {"81a81ba789e34b3e91148d4b78c517ca": ["11", "es.senselesssolutions.gpl.weightchart.EntryActivity"]}, {"81a81ba789e34b3e91148d4b78c517ca": ["11", "es.senselesssolutions.gpl.weightchart.EntryActivity"]}, {"81a81ba789e34b3e91148d4b78c517ca": ["11", "es.senselesssolutions.gpl.weightchart.EntryActivity"]}, {"d941c43613281a08d1fd2a0a899a5941": ["22", "es.senselesssolutions.gpl.weightchart.EntryActivity"]}, {"81a81ba789e34b3e91148d4b78c517ca": ["11", "es.senselesssolutions.gpl.weightchart.EntryActivity"]}, {"b7ecb1b00d5ad2442c3508e2d36129e9": ["27", "es.senselesssolutions.gpl.weightchart.ChartActivity"]}, {"d941c43613281a08d1fd2a0a899a5941": ["22", "es.senselesssolutions.gpl.weightchart.EntryActivity"]}, {"d941c43613281a08d1fd2a0a899a5941": ["22", "es.senselesssolutions.gpl.weightchart.EntryActivity"]}, {"d941c43613281a08d1fd2a0a899a5941": ["22", "es.senselesssolutions.gpl.weightchart.EntryActivity"]}, {"d941c43613281a08d1fd2a0a899a5941": ["22", "es.senselesssolutions.gpl.weightchart.EntryActivity"]}, {"d941c43613281a08d1fd2a0a899a5941": ["22", "es.senselesssolutions.gpl.weightchart.EntryActivity"]}, {"d941c43613281a08d1fd2a0a899a5941": ["22", "es.senselesssolutions.gpl.weightchart.EntryActivity"]}, {"d941c43613281a08d1fd2a0a899a5941": ["22", "es.senselesssolutions.gpl.weightchart.EntryActivity"]}, {"d941c43613281a08d1fd2a0a899a5941": ["22", "es.senselesssolutions.gpl.weightchart.EntryActivity"]}, {"d941c43613281a08d1fd2a0a899a5941": ["22", "es.senselesssolutions.gpl.weightchart.EntryActivity"]}, {"d941c43613281a08d1fd2a0a899a5941": ["22", "es.senselesssolutions.gpl.weightchart.EntryActivity"]}, {"d941c43613281a08d1fd2a0a899a5941": ["22", "es.senselesssolutions.gpl.weightchart.EntryActivity"]}, {"d941c43613281a08d1fd2a0a899a5941": ["22", "es.senselesssolutions.gpl.weightchart.EntryActivity"]}, {"18af5886db074164b4e61e8dea58bec2": ["10", "es.senselesssolutions.gpl.weightchart.EntryActivity"]}, {"18af5886db074164b4e61e8dea58bec2": ["10", "es.senselesssolutions.gpl.weightchart.EntryActivity"]}, {"fe5b57d7e4330d9b0b3fb3145fd4185f": ["12", "es.senselesssolutions.gpl.weightchart.PreferencesActivity"]}, {"cbec62e149ffc2ffbf42748075787eb5": ["14", "es.senselesssolutions.gpl.weightchart.PreferencesActivity"]}, {"fe5b57d7e4330d9b0b3fb3145fd4185f": ["12", "es.senselesssolutions.gpl.weightchart.PreferencesActivity"]}, {"c3ac63bf26979613535d714df874c0a0": ["28", "es.senselesssolutions.gpl.weightchart.PreferencesActivity"]}, {"cbec62e149ffc2ffbf42748075787eb5": ["14", "es.senselesssolutions.gpl.weightchart.PreferencesActivity"]}, {"c3ac63bf26979613535d714df874c0a0": ["28", "es.senselesssolutions.gpl.weightchart.PreferencesActivity"]}, {"556048a2981efde4a123a51f9e9b6ca5": ["20", "es.senselesssolutions.gpl.weightchart.PreferencesActivity"]}, {"c3ac63bf26979613535d714df874c0a0": ["28", "es.senselesssolutions.gpl.weightchart.PreferencesActivity"]}, {"b3f9b74b8b738aa1fc9b911009ca4f9b": ["26", "es.senselesssolutions.gpl.weightchart.PreferencesActivity"]}, {"b3f9b74b8b738aa1fc9b911009ca4f9b": ["26", "es.senselesssolutions.gpl.weightchart.PreferencesActivity"]}, {"fe5b57d7e4330d9b0b3fb3145fd4185f": ["12", "es.senselesssolutions.gpl.weightchart.PreferencesActivity"]}, {"d941c43613281a08d1fd2a0a899a5941": ["22", "es.senselesssolutions.gpl.weightchart.EntryActivity"]}, {"81a81ba789e34b3e91148d4b78c517ca": ["11", "es.senselesssolutions.gpl.weightchart.EntryActivity"]}, {"d941c43613281a08d1fd2a0a899a5941": ["22", "es.senselesssolutions.gpl.weightchart.EntryActivity"]}, {"81a81ba789e34b3e91148d4b78c517ca": ["11", "es.senselesssolutions.gpl.weightchart.EntryActivity"]}, {"81a81ba789e34b3e91148d4b78c517ca": ["11", "es.senselesssolutions.gpl.weightchart.EntryActivity"]}, {"81a81ba789e34b3e91148d4b78c517ca": ["11", "es.senselesssolutions.gpl.weightchart.EntryActivity"]}, {"81a81ba789e34b3e91148d4b78c517ca": ["11", "es.senselesssolutions.gpl.weightchart.EntryActivity"]}, {"81a81ba789e34b3e91148d4b78c517ca": ["11", "es.senselesssolutions.gpl.weightchart.EntryActivity"]}, {"81a81ba789e34b3e91148d4b78c517ca": ["11", "es.senselesssolutions.gpl.weightchart.EntryActivity"]}, {"d941c43613281a08d1fd2a0a899a5941": ["22", "es.senselesssolutions.gpl.weightchart.EntryActivity"]}, {"81a81ba789e34b3e91148d4b78c517ca": ["11", "es.senselesssolutions.gpl.weightchart.EntryActivity"]}, {"b7ecb1b00d5ad2442c3508e2d36129e9": ["27", "es.senselesssolutions.gpl.weightchart.ChartActivity"]}, {"d941c43613281a08d1fd2a0a899a5941": ["22", "es.senselesssolutions.gpl.weightchart.EntryActivity"]}, {"d941c43613281a08d1fd2a0a899a5941": ["22", "es.senselesssolutions.gpl.weightchart.EntryActivity"]}, {"d941c43613281a08d1fd2a0a899a5941": ["22", "es.senselesssolutions.gpl.weightchart.EntryActivity"]}, {"d941c43613281a08d1fd2a0a899a5941": ["22", "es.senselesssolutions.gpl.weightchart.EntryActivity"]}, {"d941c43613281a08d1fd2a0a899a5941": ["22", "es.senselesssolutions.gpl.weightchart.EntryActivity"]}, {"d941c43613281a08d1fd2a0a899a5941": ["22", "es.senselesssolutions.gpl.weightchart.EntryActivity"]}, {"d941c43613281a08d1fd2a0a899a5941": ["22", "es.senselesssolutions.gpl.weightchart.EntryActivity"]}, {"d941c43613281a08d1fd2a0a899a5941": ["22", "es.senselesssolutions.gpl.weightchart.EntryActivity"]}, {"d941c43613281a08d1fd2a0a899a5941": ["22", "es.senselesssolutions.gpl.weightchart.EntryActivity"]}, {"d941c43613281a08d1fd2a0a899a5941": ["22", "es.senselesssolutions.gpl.weightchart.EntryActivity"]}, {"d941c43613281a08d1fd2a0a899a5941": ["22", "es.senselesssolutions.gpl.weightchart.EntryActivity"]}, {"d941c43613281a08d1fd2a0a899a5941": ["22", "es.senselesssolutions.gpl.weightchart.EntryActivity"]}, {"18af5886db074164b4e61e8dea58bec2": ["10", "es.senselesssolutions.gpl.weightchart.EntryActivity"]}, {"18af5886db074164b4e61e8dea58bec2": ["10", "es.senselesssolutions.gpl.weightchart.EntryActivity"]}, {"fe5b57d7e4330d9b0b3fb3145fd4185f": ["12", "es.senselesssolutions.gpl.weightchart.PreferencesActivity"]}, {"cbec62e149ffc2ffbf42748075787eb5": ["14", "es.senselesssolutions.gpl.weightchart.PreferencesActivity"]}, {"fe5b57d7e4330d9b0b3fb3145fd4185f": ["12", "es.senselesssolutions.gpl.weightchart.PreferencesActivity"]}, {"c3ac63bf26979613535d714df874c0a0": ["28", "es.senselesssolutions.gpl.weightchart.PreferencesActivity"]}, {"cbec62e149ffc2ffbf42748075787eb5": ["14", "es.senselesssolutions.gpl.weightchart.PreferencesActivity"]}]