[{"556082ece26ce743740c3ac2d910d83c": ["0", "de.freewarepoint.whohasmystuff.ListLentObjects"]}, {"8e040dea99599a42348df636704a959a": ["2", "de.freewarepoint.whohasmystuff.AddObject"]}, {"556082ece26ce743740c3ac2d910d83c": ["0", "de.freewarepoint.whohasmystuff.ListLentObjects"]}, {"8e040dea99599a42348df636704a959a": ["2", "de.freewarepoint.whohasmystuff.AddObject"]}, {"8e040dea99599a42348df636704a959a": ["2", "de.freewarepoint.whohasmystuff.AddObject"]}, {"4cb2c5c5ef5759431194bee93b174fe7": ["1", "de.freewarepoint.whohasmystuff.AddObject"]}, {"8e040dea99599a42348df636704a959a": ["2", "de.freewarepoint.whohasmystuff.AddObject"]}, {"8e040dea99599a42348df636704a959a": ["2", "de.freewarepoint.whohasmystuff.AddObject"]}, {"21200d0aaad2a9d642552b1f8b2e8437": ["10", "de.freewarepoint.whohasmystuff.AddObject"]}, {"8e040dea99599a42348df636704a959a": ["2", "de.freewarepoint.whohasmystuff.AddObject"]}, {"5f111044a946ef6cc0f998bd27ecc66f": ["4", "de.freewarepoint.whohasmystuff.ListLentObjects"]}, {"52102a2108db03840275d7f9af7e3358": ["9", "de.freewarepoint.whohasmystuff.AddObject"]}, {"21200d0aaad2a9d642552b1f8b2e8437": ["10", "de.freewarepoint.whohasmystuff.AddObject"]}, {"5db6f2ad60a47a91bfa6a6479f60502b": ["3", "de.freewarepoint.whohasmystuff.ListLentObjects"]}, {"8e040dea99599a42348df636704a959a": ["2", "de.freewarepoint.whohasmystuff.AddObject"]}, {"8e040dea99599a42348df636704a959a": ["2", "de.freewarepoint.whohasmystuff.AddObject"]}, {"21200d0aaad2a9d642552b1f8b2e8437": ["10", "de.freewarepoint.whohasmystuff.AddObject"]}, {"21200d0aaad2a9d642552b1f8b2e8437": ["10", "de.freewarepoint.whohasmystuff.AddObject"]}, {"4cb2c5c5ef5759431194bee93b174fe7": ["1", "de.freewarepoint.whohasmystuff.AddObject"]}, {"4cb2c5c5ef5759431194bee93b174fe7": ["1", "de.freewarepoint.whohasmystuff.AddObject"]}, {"8e040dea99599a42348df636704a959a": ["2", "de.freewarepoint.whohasmystuff.AddObject"]}, {"8e040dea99599a42348df636704a959a": ["2", "de.freewarepoint.whohasmystuff.AddObject"]}, {"8e040dea99599a42348df636704a959a": ["2", "de.freewarepoint.whohasmystuff.AddObject"]}, {"8e040dea99599a42348df636704a959a": ["2", "de.freewarepoint.whohasmystuff.AddObject"]}, {"8e040dea99599a42348df636704a959a": ["2", "de.freewarepoint.whohasmystuff.AddObject"]}, {"21200d0aaad2a9d642552b1f8b2e8437": ["10", "de.freewarepoint.whohasmystuff.AddObject"]}, {"4cb2c5c5ef5759431194bee93b174fe7": ["1", "de.freewarepoint.whohasmystuff.AddObject"]}, {"8e040dea99599a42348df636704a959a": ["2", "de.freewarepoint.whohasmystuff.AddObject"]}, {"5db6f2ad60a47a91bfa6a6479f60502b": ["3", "de.freewarepoint.whohasmystuff.ListLentObjects"]}, {"8e040dea99599a42348df636704a959a": ["2", "de.freewarepoint.whohasmystuff.AddObject"]}, {"4cb2c5c5ef5759431194bee93b174fe7": ["1", "de.freewarepoint.whohasmystuff.AddObject"]}, {"8e040dea99599a42348df636704a959a": ["2", "de.freewarepoint.whohasmystuff.AddObject"]}, {"21200d0aaad2a9d642552b1f8b2e8437": ["10", "de.freewarepoint.whohasmystuff.AddObject"]}, {"8e040dea99599a42348df636704a959a": ["2", "de.freewarepoint.whohasmystuff.AddObject"]}, {"5db6f2ad60a47a91bfa6a6479f60502b": ["3", "de.freewarepoint.whohasmystuff.ListLentObjects"]}, {"8e040dea99599a42348df636704a959a": ["2", "de.freewarepoint.whohasmystuff.AddObject"]}, {"21200d0aaad2a9d642552b1f8b2e8437": ["10", "de.freewarepoint.whohasmystuff.AddObject"]}, {"13f43651fdd284fe7c5169fb4d52125a": ["13", "de.freewarepoint.whohasmystuff.AddObject"]}, {"21200d0aaad2a9d642552b1f8b2e8437": ["10", "de.freewarepoint.whohasmystuff.AddObject"]}, {"21200d0aaad2a9d642552b1f8b2e8437": ["10", "de.freewarepoint.whohasmystuff.AddObject"]}, {"13f43651fdd284fe7c5169fb4d52125a": ["13", "de.freewarepoint.whohasmystuff.AddObject"]}, {"8e040dea99599a42348df636704a959a": ["2", "de.freewarepoint.whohasmystuff.AddObject"]}, {"8e040dea99599a42348df636704a959a": ["2", "de.freewarepoint.whohasmystuff.AddObject"]}, {"21200d0aaad2a9d642552b1f8b2e8437": ["10", "de.freewarepoint.whohasmystuff.AddObject"]}, {"13f43651fdd284fe7c5169fb4d52125a": ["13", "de.freewarepoint.whohasmystuff.AddObject"]}, {"21200d0aaad2a9d642552b1f8b2e8437": ["10", "de.freewarepoint.whohasmystuff.AddObject"]}, {"8e040dea99599a42348df636704a959a": ["2", "de.freewarepoint.whohasmystuff.AddObject"]}, {"5f111044a946ef6cc0f998bd27ecc66f": ["4", "de.freewarepoint.whohasmystuff.ListLentObjects"]}, {"4cb2c5c5ef5759431194bee93b174fe7": ["1", "de.freewarepoint.whohasmystuff.AddObject"]}, {"52102a2108db03840275d7f9af7e3358": ["9", "de.freewarepoint.whohasmystuff.AddObject"]}, {"21200d0aaad2a9d642552b1f8b2e8437": ["10", "de.freewarepoint.whohasmystuff.AddObject"]}, {"4cb2c5c5ef5759431194bee93b174fe7": ["1", "de.freewarepoint.whohasmystuff.AddObject"]}, {"52102a2108db03840275d7f9af7e3358": ["9", "de.freewarepoint.whohasmystuff.AddObject"]}, {"5f111044a946ef6cc0f998bd27ecc66f": ["4", "de.freewarepoint.whohasmystuff.ListLentObjects"]}, {"52102a2108db03840275d7f9af7e3358": ["9", "de.freewarepoint.whohasmystuff.AddObject"]}, {"5f111044a946ef6cc0f998bd27ecc66f": ["4", "de.freewarepoint.whohasmystuff.ListLentObjects"]}, {"52102a2108db03840275d7f9af7e3358": ["9", "de.freewarepoint.whohasmystuff.AddObject"]}, {"52102a2108db03840275d7f9af7e3358": ["9", "de.freewarepoint.whohasmystuff.AddObject"]}, {"5db6f2ad60a47a91bfa6a6479f60502b": ["3", "de.freewarepoint.whohasmystuff.ListLentObjects"]}, {"8e040dea99599a42348df636704a959a": ["2", "de.freewarepoint.whohasmystuff.AddObject"]}, {"21200d0aaad2a9d642552b1f8b2e8437": ["10", "de.freewarepoint.whohasmystuff.AddObject"]}, {"8e040dea99599a42348df636704a959a": ["2", "de.freewarepoint.whohasmystuff.AddObject"]}, {"8e040dea99599a42348df636704a959a": ["2", "de.freewarepoint.whohasmystuff.AddObject"]}, {"5f111044a946ef6cc0f998bd27ecc66f": ["4", "de.freewarepoint.whohasmystuff.ListLentObjects"]}, {"4cb2c5c5ef5759431194bee93b174fe7": ["1", "de.freewarepoint.whohasmystuff.AddObject"]}, {"5f111044a946ef6cc0f998bd27ecc66f": ["4", "de.freewarepoint.whohasmystuff.ListLentObjects"]}, {"52102a2108db03840275d7f9af7e3358": ["9", "de.freewarepoint.whohasmystuff.AddObject"]}, {"4ea2d059b976b69c9ac0f98e421a8708": ["7", "de.freewarepoint.whohasmystuff.ListLentObjects"]}, {"4ea2d059b976b69c9ac0f98e421a8708": ["7", "de.freewarepoint.whohasmystuff.ListLentObjects"]}, {"5f111044a946ef6cc0f998bd27ecc66f": ["4", "de.freewarepoint.whohasmystuff.ListLentObjects"]}, {"3a0ede78d1237b988f2830d75796131b": ["11", "de.freewarepoint.whohasmystuff.ListLentObjects"]}, {"1fa897deec1ea5961aaeb289469a45ed": ["23", "de.freewarepoint.whohasmystuff.ListLentObjects"]}, {"5f111044a946ef6cc0f998bd27ecc66f": ["4", "de.freewarepoint.whohasmystuff.ListLentObjects"]}, {"52102a2108db03840275d7f9af7e3358": ["9", "de.freewarepoint.whohasmystuff.AddObject"]}, {"21200d0aaad2a9d642552b1f8b2e8437": ["10", "de.freewarepoint.whohasmystuff.AddObject"]}, {"5f111044a946ef6cc0f998bd27ecc66f": ["4", "de.freewarepoint.whohasmystuff.ListLentObjects"]}, {"52102a2108db03840275d7f9af7e3358": ["9", "de.freewarepoint.whohasmystuff.AddObject"]}, {"52102a2108db03840275d7f9af7e3358": ["9", "de.freewarepoint.whohasmystuff.AddObject"]}, {"21200d0aaad2a9d642552b1f8b2e8437": ["10", "de.freewarepoint.whohasmystuff.AddObject"]}, {"21200d0aaad2a9d642552b1f8b2e8437": ["10", "de.freewarepoint.whohasmystuff.AddObject"]}, {"52102a2108db03840275d7f9af7e3358": ["9", "de.freewarepoint.whohasmystuff.AddObject"]}, {"5db6f2ad60a47a91bfa6a6479f60502b": ["3", "de.freewarepoint.whohasmystuff.ListLentObjects"]}, {"8e040dea99599a42348df636704a959a": ["2", "de.freewarepoint.whohasmystuff.AddObject"]}, {"8e040dea99599a42348df636704a959a": ["2", "de.freewarepoint.whohasmystuff.AddObject"]}, {"5f111044a946ef6cc0f998bd27ecc66f": ["4", "de.freewarepoint.whohasmystuff.ListLentObjects"]}, {"3e5acb97f5dffccb8442669ca2a6f35f": ["19", "de.freewarepoint.whohasmystuff.ShowHistory"]}, {"5cfd7586e6fd57ab6dfbb38d01d8b2ab": ["6", "de.freewarepoint.whohasmystuff.AddObject"]}, {"3e5acb97f5dffccb8442669ca2a6f35f": ["19", "de.freewarepoint.whohasmystuff.ShowHistory"]}, {"5cfd7586e6fd57ab6dfbb38d01d8b2ab": ["6", "de.freewarepoint.whohasmystuff.AddObject"]}, {"2af2cb42670161f0760e1fdbef385584": ["15", "de.freewarepoint.whohasmystuff.ShowHistory"]}, {"5cfd7586e6fd57ab6dfbb38d01d8b2ab": ["6", "de.freewarepoint.whohasmystuff.AddObject"]}, {"2af2cb42670161f0760e1fdbef385584": ["15", "de.freewarepoint.whohasmystuff.ShowHistory"]}, {"5cfd7586e6fd57ab6dfbb38d01d8b2ab": ["6", "de.freewarepoint.whohasmystuff.AddObject"]}, {"5cfd7586e6fd57ab6dfbb38d01d8b2ab": ["6", "de.freewarepoint.whohasmystuff.AddObject"]}, {"2af2cb42670161f0760e1fdbef385584": ["15", "de.freewarepoint.whohasmystuff.ShowHistory"]}, {"5cfd7586e6fd57ab6dfbb38d01d8b2ab": ["6", "de.freewarepoint.whohasmystuff.AddObject"]}, {"21200d0aaad2a9d642552b1f8b2e8437": ["10", "de.freewarepoint.whohasmystuff.AddObject"]}, {"13f43651fdd284fe7c5169fb4d52125a": ["13", "de.freewarepoint.whohasmystuff.AddObject"]}, {"2af2cb42670161f0760e1fdbef385584": ["15", "de.freewarepoint.whohasmystuff.ShowHistory"]}, {"5cfd7586e6fd57ab6dfbb38d01d8b2ab": ["6", "de.freewarepoint.whohasmystuff.AddObject"]}, {"2af2cb42670161f0760e1fdbef385584": ["15", "de.freewarepoint.whohasmystuff.ShowHistory"]}, {"5cfd7586e6fd57ab6dfbb38d01d8b2ab": ["6", "de.freewarepoint.whohasmystuff.AddObject"]}, {"f4209f4101c0f9c9e7ff5fc34b4cc195": ["5", "de.freewarepoint.whohasmystuff.ShowHistory"]}, {"5cfd7586e6fd57ab6dfbb38d01d8b2ab": ["6", "de.freewarepoint.whohasmystuff.AddObject"]}, {"f4209f4101c0f9c9e7ff5fc34b4cc195": ["5", "de.freewarepoint.whohasmystuff.ShowHistory"]}, {"5cfd7586e6fd57ab6dfbb38d01d8b2ab": ["6", "de.freewarepoint.whohasmystuff.AddObject"]}, {"39d0212a8ffba3a5637ecb3218377cf6": ["8", "de.freewarepoint.whohasmystuff.ShowHistory"]}, {"39d0212a8ffba3a5637ecb3218377cf6": ["8", "de.freewarepoint.whohasmystuff.ShowHistory"]}, {"5cfd7586e6fd57ab6dfbb38d01d8b2ab": ["6", "de.freewarepoint.whohasmystuff.AddObject"]}, {"39d0212a8ffba3a5637ecb3218377cf6": ["8", "de.freewarepoint.whohasmystuff.ShowHistory"]}, {"4cb2c5c5ef5759431194bee93b174fe7": ["1", "de.freewarepoint.whohasmystuff.AddObject"]}, {"5cfd7586e6fd57ab6dfbb38d01d8b2ab": ["6", "de.freewarepoint.whohasmystuff.AddObject"]}, {"39d0212a8ffba3a5637ecb3218377cf6": ["8", "de.freewarepoint.whohasmystuff.ShowHistory"]}, {"5cfd7586e6fd57ab6dfbb38d01d8b2ab": ["6", "de.freewarepoint.whohasmystuff.AddObject"]}, {"21200d0aaad2a9d642552b1f8b2e8437": ["10", "de.freewarepoint.whohasmystuff.AddObject"]}, {"5cfd7586e6fd57ab6dfbb38d01d8b2ab": ["6", "de.freewarepoint.whohasmystuff.AddObject"]}, {"39d0212a8ffba3a5637ecb3218377cf6": ["8", "de.freewarepoint.whohasmystuff.ShowHistory"]}, {"5cfd7586e6fd57ab6dfbb38d01d8b2ab": ["6", "de.freewarepoint.whohasmystuff.AddObject"]}, {"21200d0aaad2a9d642552b1f8b2e8437": ["10", "de.freewarepoint.whohasmystuff.AddObject"]}, {"5cfd7586e6fd57ab6dfbb38d01d8b2ab": ["6", "de.freewarepoint.whohasmystuff.AddObject"]}, {"39d0212a8ffba3a5637ecb3218377cf6": ["8", "de.freewarepoint.whohasmystuff.ShowHistory"]}, {"5cfd7586e6fd57ab6dfbb38d01d8b2ab": ["6", "de.freewarepoint.whohasmystuff.AddObject"]}, {"39d0212a8ffba3a5637ecb3218377cf6": ["8", "de.freewarepoint.whohasmystuff.ShowHistory"]}, {"5cfd7586e6fd57ab6dfbb38d01d8b2ab": ["6", "de.freewarepoint.whohasmystuff.AddObject"]}, {"21200d0aaad2a9d642552b1f8b2e8437": ["10", "de.freewarepoint.whohasmystuff.AddObject"]}, {"5cfd7586e6fd57ab6dfbb38d01d8b2ab": ["6", "de.freewarepoint.whohasmystuff.AddObject"]}, {"39d0212a8ffba3a5637ecb3218377cf6": ["8", "de.freewarepoint.whohasmystuff.ShowHistory"]}, {"4cb2c5c5ef5759431194bee93b174fe7": ["1", "de.freewarepoint.whohasmystuff.AddObject"]}, {"5cfd7586e6fd57ab6dfbb38d01d8b2ab": ["6", "de.freewarepoint.whohasmystuff.AddObject"]}, {"39d0212a8ffba3a5637ecb3218377cf6": ["8", "de.freewarepoint.whohasmystuff.ShowHistory"]}, {"5cfd7586e6fd57ab6dfbb38d01d8b2ab": ["6", "de.freewarepoint.whohasmystuff.AddObject"]}, {"5cfd7586e6fd57ab6dfbb38d01d8b2ab": ["6", "de.freewarepoint.whohasmystuff.AddObject"]}, {"5cfd7586e6fd57ab6dfbb38d01d8b2ab": ["6", "de.freewarepoint.whohasmystuff.AddObject"]}, {"5f111044a946ef6cc0f998bd27ecc66f": ["4", "de.freewarepoint.whohasmystuff.ListLentObjects"]}, {"5f111044a946ef6cc0f998bd27ecc66f": ["4", "de.freewarepoint.whohasmystuff.ListLentObjects"]}, {"5f111044a946ef6cc0f998bd27ecc66f": ["4", "de.freewarepoint.whohasmystuff.ListLentObjects"]}, {"52102a2108db03840275d7f9af7e3358": ["9", "de.freewarepoint.whohasmystuff.AddObject"]}, {"52102a2108db03840275d7f9af7e3358": ["9", "de.freewarepoint.whohasmystuff.AddObject"]}, {"21200d0aaad2a9d642552b1f8b2e8437": ["10", "de.freewarepoint.whohasmystuff.AddObject"]}, {"52102a2108db03840275d7f9af7e3358": ["9", "de.freewarepoint.whohasmystuff.AddObject"]}, {"5db6f2ad60a47a91bfa6a6479f60502b": ["3", "de.freewarepoint.whohasmystuff.ListLentObjects"]}, {"8e040dea99599a42348df636704a959a": ["2", "de.freewarepoint.whohasmystuff.AddObject"]}, {"21200d0aaad2a9d642552b1f8b2e8437": ["10", "de.freewarepoint.whohasmystuff.AddObject"]}, {"21200d0aaad2a9d642552b1f8b2e8437": ["10", "de.freewarepoint.whohasmystuff.AddObject"]}, {"8e040dea99599a42348df636704a959a": ["2", "de.freewarepoint.whohasmystuff.AddObject"]}, {"5f111044a946ef6cc0f998bd27ecc66f": ["4", "de.freewarepoint.whohasmystuff.ListLentObjects"]}, {"4ea2d059b976b69c9ac0f98e421a8708": ["7", "de.freewarepoint.whohasmystuff.ListLentObjects"]}, {"4ea2d059b976b69c9ac0f98e421a8708": ["7", "de.freewarepoint.whohasmystuff.ListLentObjects"]}, {"4ea2d059b976b69c9ac0f98e421a8708": ["7", "de.freewarepoint.whohasmystuff.ListLentObjects"]}, {"4ea2d059b976b69c9ac0f98e421a8708": ["7", "de.freewarepoint.whohasmystuff.ListLentObjects"]}, {"5f111044a946ef6cc0f998bd27ecc66f": ["4", "de.freewarepoint.whohasmystuff.ListLentObjects"]}, {"5f111044a946ef6cc0f998bd27ecc66f": ["4", "de.freewarepoint.whohasmystuff.ListLentObjects"]}, {"52102a2108db03840275d7f9af7e3358": ["9", "de.freewarepoint.whohasmystuff.AddObject"]}, {"4ea2d059b976b69c9ac0f98e421a8708": ["7", "de.freewarepoint.whohasmystuff.ListLentObjects"]}, {"4ea2d059b976b69c9ac0f98e421a8708": ["7", "de.freewarepoint.whohasmystuff.ListLentObjects"]}, {"5f111044a946ef6cc0f998bd27ecc66f": ["4", "de.freewarepoint.whohasmystuff.ListLentObjects"]}, {"52102a2108db03840275d7f9af7e3358": ["9", "de.freewarepoint.whohasmystuff.AddObject"]}, {"52102a2108db03840275d7f9af7e3358": ["9", "de.freewarepoint.whohasmystuff.AddObject"]}, {"21200d0aaad2a9d642552b1f8b2e8437": ["10", "de.freewarepoint.whohasmystuff.AddObject"]}, {"52102a2108db03840275d7f9af7e3358": ["9", "de.freewarepoint.whohasmystuff.AddObject"]}, {"5f111044a946ef6cc0f998bd27ecc66f": ["4", "de.freewarepoint.whohasmystuff.ListLentObjects"]}, {"52102a2108db03840275d7f9af7e3358": ["9", "de.freewarepoint.whohasmystuff.AddObject"]}, {"57e99f6498b88c378912c7e8c0cd5887": ["12", "de.freewarepoint.whohasmystuff.AddObject"]}, {"94ed7c75d9258908788f15de9cfde44c": ["16", "de.freewarepoint.whohasmystuff.AddObject"]}, {"94ed7c75d9258908788f15de9cfde44c": ["16", "de.freewarepoint.whohasmystuff.AddObject"]}, {"556082ece26ce743740c3ac2d910d83c": ["0", "de.freewarepoint.whohasmystuff.ListLentObjects"]}, {"8e040dea99599a42348df636704a959a": ["2", "de.freewarepoint.whohasmystuff.AddObject"]}, {"8d681f72ef1fac5298031836e3ddbf8c": ["17", "de.freewarepoint.whohasmystuff.AddObject"]}, {"13f43651fdd284fe7c5169fb4d52125a": ["13", "de.freewarepoint.whohasmystuff.AddObject"]}, {"8e040dea99599a42348df636704a959a": ["2", "de.freewarepoint.whohasmystuff.AddObject"]}, {"8e040dea99599a42348df636704a959a": ["2", "de.freewarepoint.whohasmystuff.AddObject"]}, {"5f111044a946ef6cc0f998bd27ecc66f": ["4", "de.freewarepoint.whohasmystuff.ListLentObjects"]}, {"f4209f4101c0f9c9e7ff5fc34b4cc195": ["5", "de.freewarepoint.whohasmystuff.ShowHistory"]}, {"5cfd7586e6fd57ab6dfbb38d01d8b2ab": ["6", "de.freewarepoint.whohasmystuff.AddObject"]}, {"21200d0aaad2a9d642552b1f8b2e8437": ["10", "de.freewarepoint.whohasmystuff.AddObject"]}, {"5cfd7586e6fd57ab6dfbb38d01d8b2ab": ["6", "de.freewarepoint.whohasmystuff.AddObject"]}, {"39d0212a8ffba3a5637ecb3218377cf6": ["8", "de.freewarepoint.whohasmystuff.ShowHistory"]}, {"5cfd7586e6fd57ab6dfbb38d01d8b2ab": ["6", "de.freewarepoint.whohasmystuff.AddObject"]}, {"5f111044a946ef6cc0f998bd27ecc66f": ["4", "de.freewarepoint.whohasmystuff.ListLentObjects"]}, {"52102a2108db03840275d7f9af7e3358": ["9", "de.freewarepoint.whohasmystuff.AddObject"]}, {"52102a2108db03840275d7f9af7e3358": ["9", "de.freewarepoint.whohasmystuff.AddObject"]}, {"21200d0aaad2a9d642552b1f8b2e8437": ["10", "de.freewarepoint.whohasmystuff.AddObject"]}, {"5db6f2ad60a47a91bfa6a6479f60502b": ["3", "de.freewarepoint.whohasmystuff.ListLentObjects"]}, {"8e040dea99599a42348df636704a959a": ["2", "de.freewarepoint.whohasmystuff.AddObject"]}, {"21200d0aaad2a9d642552b1f8b2e8437": ["10", "de.freewarepoint.whohasmystuff.AddObject"]}, {"8e040dea99599a42348df636704a959a": ["2", "de.freewarepoint.whohasmystuff.AddObject"]}, {"8e040dea99599a42348df636704a959a": ["2", "de.freewarepoint.whohasmystuff.AddObject"]}, {"8e040dea99599a42348df636704a959a": ["2", "de.freewarepoint.whohasmystuff.AddObject"]}, {"8e040dea99599a42348df636704a959a": ["2", "de.freewarepoint.whohasmystuff.AddObject"]}, {"5db6f2ad60a47a91bfa6a6479f60502b": ["3", "de.freewarepoint.whohasmystuff.ListLentObjects"]}, {"8e040dea99599a42348df636704a959a": ["2", "de.freewarepoint.whohasmystuff.AddObject"]}, {"8e040dea99599a42348df636704a959a": ["2", "de.freewarepoint.whohasmystuff.AddObject"]}, {"5db6f2ad60a47a91bfa6a6479f60502b": ["3", "de.freewarepoint.whohasmystuff.ListLentObjects"]}, {"8e040dea99599a42348df636704a959a": ["2", "de.freewarepoint.whohasmystuff.AddObject"]}, {"4ea2d059b976b69c9ac0f98e421a8708": ["7", "de.freewarepoint.whohasmystuff.ListLentObjects"]}, {"4ea2d059b976b69c9ac0f98e421a8708": ["7", "de.freewarepoint.whohasmystuff.ListLentObjects"]}, {"5f111044a946ef6cc0f998bd27ecc66f": ["4", "de.freewarepoint.whohasmystuff.ListLentObjects"]}, {"3a0ede78d1237b988f2830d75796131b": ["11", "de.freewarepoint.whohasmystuff.ListLentObjects"]}, {"5f111044a946ef6cc0f998bd27ecc66f": ["4", "de.freewarepoint.whohasmystuff.ListLentObjects"]}, {"52102a2108db03840275d7f9af7e3358": ["9", "de.freewarepoint.whohasmystuff.AddObject"]}, {"21200d0aaad2a9d642552b1f8b2e8437": ["10", "de.freewarepoint.whohasmystuff.AddObject"]}, {"52102a2108db03840275d7f9af7e3358": ["9", "de.freewarepoint.whohasmystuff.AddObject"]}, {"52102a2108db03840275d7f9af7e3358": ["9", "de.freewarepoint.whohasmystuff.AddObject"]}, {"52102a2108db03840275d7f9af7e3358": ["9", "de.freewarepoint.whohasmystuff.AddObject"]}, {"5db6f2ad60a47a91bfa6a6479f60502b": ["3", "de.freewarepoint.whohasmystuff.ListLentObjects"]}, {"8e040dea99599a42348df636704a959a": ["2", "de.freewarepoint.whohasmystuff.AddObject"]}, {"21200d0aaad2a9d642552b1f8b2e8437": ["10", "de.freewarepoint.whohasmystuff.AddObject"]}, {"8e040dea99599a42348df636704a959a": ["2", "de.freewarepoint.whohasmystuff.AddObject"]}, {"8e040dea99599a42348df636704a959a": ["2", "de.freewarepoint.whohasmystuff.AddObject"]}, {"21200d0aaad2a9d642552b1f8b2e8437": ["10", "de.freewarepoint.whohasmystuff.AddObject"]}, {"8e040dea99599a42348df636704a959a": ["2", "de.freewarepoint.whohasmystuff.AddObject"]}, {"21200d0aaad2a9d642552b1f8b2e8437": ["10", "de.freewarepoint.whohasmystuff.AddObject"]}, {"21200d0aaad2a9d642552b1f8b2e8437": ["10", "de.freewarepoint.whohasmystuff.AddObject"]}, {"b62ac092b9140ddc9f2f9361b39fdb3f": ["18", "de.freewarepoint.whohasmystuff.AddObject"]}, {"21200d0aaad2a9d642552b1f8b2e8437": ["10", "de.freewarepoint.whohasmystuff.AddObject"]}, {"21200d0aaad2a9d642552b1f8b2e8437": ["10", "de.freewarepoint.whohasmystuff.AddObject"]}, {"8e040dea99599a42348df636704a959a": ["2", "de.freewarepoint.whohasmystuff.AddObject"]}, {"5f111044a946ef6cc0f998bd27ecc66f": ["4", "de.freewarepoint.whohasmystuff.ListLentObjects"]}, {"5f111044a946ef6cc0f998bd27ecc66f": ["4", "de.freewarepoint.whohasmystuff.ListLentObjects"]}, {"4cb2c5c5ef5759431194bee93b174fe7": ["1", "de.freewarepoint.whohasmystuff.AddObject"]}, {"52102a2108db03840275d7f9af7e3358": ["9", "de.freewarepoint.whohasmystuff.AddObject"]}, {"21200d0aaad2a9d642552b1f8b2e8437": ["10", "de.freewarepoint.whohasmystuff.AddObject"]}, {"52102a2108db03840275d7f9af7e3358": ["9", "de.freewarepoint.whohasmystuff.AddObject"]}, {"5f111044a946ef6cc0f998bd27ecc66f": ["4", "de.freewarepoint.whohasmystuff.ListLentObjects"]}, {"f4209f4101c0f9c9e7ff5fc34b4cc195": ["5", "de.freewarepoint.whohasmystuff.ShowHistory"]}, {"5cfd7586e6fd57ab6dfbb38d01d8b2ab": ["6", "de.freewarepoint.whohasmystuff.AddObject"]}, {"f4209f4101c0f9c9e7ff5fc34b4cc195": ["5", "de.freewarepoint.whohasmystuff.ShowHistory"]}, {"5cfd7586e6fd57ab6dfbb38d01d8b2ab": ["6", "de.freewarepoint.whohasmystuff.AddObject"]}, {"f4209f4101c0f9c9e7ff5fc34b4cc195": ["5", "de.freewarepoint.whohasmystuff.ShowHistory"]}, {"f4209f4101c0f9c9e7ff5fc34b4cc195": ["5", "de.freewarepoint.whohasmystuff.ShowHistory"]}, {"5cfd7586e6fd57ab6dfbb38d01d8b2ab": ["6", "de.freewarepoint.whohasmystuff.AddObject"]}, {"5cfd7586e6fd57ab6dfbb38d01d8b2ab": ["6", "de.freewarepoint.whohasmystuff.AddObject"]}, {"39d0212a8ffba3a5637ecb3218377cf6": ["8", "de.freewarepoint.whohasmystuff.ShowHistory"]}, {"5cfd7586e6fd57ab6dfbb38d01d8b2ab": ["6", "de.freewarepoint.whohasmystuff.AddObject"]}, {"39d0212a8ffba3a5637ecb3218377cf6": ["8", "de.freewarepoint.whohasmystuff.ShowHistory"]}, {"4cb2c5c5ef5759431194bee93b174fe7": ["1", "de.freewarepoint.whohasmystuff.AddObject"]}, {"5cfd7586e6fd57ab6dfbb38d01d8b2ab": ["6", "de.freewarepoint.whohasmystuff.AddObject"]}, {"5cfd7586e6fd57ab6dfbb38d01d8b2ab": ["6", "de.freewarepoint.whohasmystuff.AddObject"]}, {"5cfd7586e6fd57ab6dfbb38d01d8b2ab": ["6", "de.freewarepoint.whohasmystuff.AddObject"]}, {"5f111044a946ef6cc0f998bd27ecc66f": ["4", "de.freewarepoint.whohasmystuff.ListLentObjects"]}, {"5f111044a946ef6cc0f998bd27ecc66f": ["4", "de.freewarepoint.whohasmystuff.ListLentObjects"]}, {"52102a2108db03840275d7f9af7e3358": ["9", "de.freewarepoint.whohasmystuff.AddObject"]}, {"5f111044a946ef6cc0f998bd27ecc66f": ["4", "de.freewarepoint.whohasmystuff.ListLentObjects"]}, {"52102a2108db03840275d7f9af7e3358": ["9", "de.freewarepoint.whohasmystuff.AddObject"]}, {"5f111044a946ef6cc0f998bd27ecc66f": ["4", "de.freewarepoint.whohasmystuff.ListLentObjects"]}, {"52102a2108db03840275d7f9af7e3358": ["9", "de.freewarepoint.whohasmystuff.AddObject"]}, {"52102a2108db03840275d7f9af7e3358": ["9", "de.freewarepoint.whohasmystuff.AddObject"]}, {"5db6f2ad60a47a91bfa6a6479f60502b": ["3", "de.freewarepoint.whohasmystuff.ListLentObjects"]}, {"8e040dea99599a42348df636704a959a": ["2", "de.freewarepoint.whohasmystuff.AddObject"]}, {"8e040dea99599a42348df636704a959a": ["2", "de.freewarepoint.whohasmystuff.AddObject"]}, {"5db6f2ad60a47a91bfa6a6479f60502b": ["3", "de.freewarepoint.whohasmystuff.ListLentObjects"]}, {"8e040dea99599a42348df636704a959a": ["2", "de.freewarepoint.whohasmystuff.AddObject"]}, {"8e040dea99599a42348df636704a959a": ["2", "de.freewarepoint.whohasmystuff.AddObject"]}, {"4cb2c5c5ef5759431194bee93b174fe7": ["1", "de.freewarepoint.whohasmystuff.AddObject"]}, {"5db6f2ad60a47a91bfa6a6479f60502b": ["3", "de.freewarepoint.whohasmystuff.ListLentObjects"]}, {"8e040dea99599a42348df636704a959a": ["2", "de.freewarepoint.whohasmystuff.AddObject"]}, {"5f111044a946ef6cc0f998bd27ecc66f": ["4", "de.freewarepoint.whohasmystuff.ListLentObjects"]}, {"5f111044a946ef6cc0f998bd27ecc66f": ["4", "de.freewarepoint.whohasmystuff.ListLentObjects"]}, {"52102a2108db03840275d7f9af7e3358": ["9", "de.freewarepoint.whohasmystuff.AddObject"]}, {"5f111044a946ef6cc0f998bd27ecc66f": ["4", "de.freewarepoint.whohasmystuff.ListLentObjects"]}, {"52102a2108db03840275d7f9af7e3358": ["9", "de.freewarepoint.whohasmystuff.AddObject"]}, {"5f111044a946ef6cc0f998bd27ecc66f": ["4", "de.freewarepoint.whohasmystuff.ListLentObjects"]}, {"39d0212a8ffba3a5637ecb3218377cf6": ["8", "de.freewarepoint.whohasmystuff.ShowHistory"]}, {"5cfd7586e6fd57ab6dfbb38d01d8b2ab": ["6", "de.freewarepoint.whohasmystuff.AddObject"]}, {"39d0212a8ffba3a5637ecb3218377cf6": ["8", "de.freewarepoint.whohasmystuff.ShowHistory"]}, {"5cfd7586e6fd57ab6dfbb38d01d8b2ab": ["6", "de.freewarepoint.whohasmystuff.AddObject"]}, {"4cb2c5c5ef5759431194bee93b174fe7": ["1", "de.freewarepoint.whohasmystuff.AddObject"]}, {"5cfd7586e6fd57ab6dfbb38d01d8b2ab": ["6", "de.freewarepoint.whohasmystuff.AddObject"]}, {"39d0212a8ffba3a5637ecb3218377cf6": ["8", "de.freewarepoint.whohasmystuff.ShowHistory"]}, {"4cb2c5c5ef5759431194bee93b174fe7": ["1", "de.freewarepoint.whohasmystuff.AddObject"]}, {"5cfd7586e6fd57ab6dfbb38d01d8b2ab": ["6", "de.freewarepoint.whohasmystuff.AddObject"]}, {"5f111044a946ef6cc0f998bd27ecc66f": ["4", "de.freewarepoint.whohasmystuff.ListLentObjects"]}, {"52102a2108db03840275d7f9af7e3358": ["9", "de.freewarepoint.whohasmystuff.AddObject"]}, {"5f111044a946ef6cc0f998bd27ecc66f": ["4", "de.freewarepoint.whohasmystuff.ListLentObjects"]}, {"5f111044a946ef6cc0f998bd27ecc66f": ["4", "de.freewarepoint.whohasmystuff.ListLentObjects"]}, {"52102a2108db03840275d7f9af7e3358": ["9", "de.freewarepoint.whohasmystuff.AddObject"]}, {"5f111044a946ef6cc0f998bd27ecc66f": ["4", "de.freewarepoint.whohasmystuff.ListLentObjects"]}, {"52102a2108db03840275d7f9af7e3358": ["9", "de.freewarepoint.whohasmystuff.AddObject"]}, {"5f111044a946ef6cc0f998bd27ecc66f": ["4", "de.freewarepoint.whohasmystuff.ListLentObjects"]}, {"52102a2108db03840275d7f9af7e3358": ["9", "de.freewarepoint.whohasmystuff.AddObject"]}, {"5f111044a946ef6cc0f998bd27ecc66f": ["4", "de.freewarepoint.whohasmystuff.ListLentObjects"]}, {"5f111044a946ef6cc0f998bd27ecc66f": ["4", "de.freewarepoint.whohasmystuff.ListLentObjects"]}, {"52102a2108db03840275d7f9af7e3358": ["9", "de.freewarepoint.whohasmystuff.AddObject"]}, {"5f111044a946ef6cc0f998bd27ecc66f": ["4", "de.freewarepoint.whohasmystuff.ListLentObjects"]}, {"52102a2108db03840275d7f9af7e3358": ["9", "de.freewarepoint.whohasmystuff.AddObject"]}, {"5f111044a946ef6cc0f998bd27ecc66f": ["4", "de.freewarepoint.whohasmystuff.ListLentObjects"]}, {"52102a2108db03840275d7f9af7e3358": ["9", "de.freewarepoint.whohasmystuff.AddObject"]}, {"57e99f6498b88c378912c7e8c0cd5887": ["12", "de.freewarepoint.whohasmystuff.AddObject"]}, {"57e99f6498b88c378912c7e8c0cd5887": ["12", "de.freewarepoint.whohasmystuff.AddObject"]}, {"57e99f6498b88c378912c7e8c0cd5887": ["12", "de.freewarepoint.whohasmystuff.AddObject"]}, {"21200d0aaad2a9d642552b1f8b2e8437": ["10", "de.freewarepoint.whohasmystuff.AddObject"]}, {"57e99f6498b88c378912c7e8c0cd5887": ["12", "de.freewarepoint.whohasmystuff.AddObject"]}, {"57e99f6498b88c378912c7e8c0cd5887": ["12", "de.freewarepoint.whohasmystuff.AddObject"]}, {"21200d0aaad2a9d642552b1f8b2e8437": ["10", "de.freewarepoint.whohasmystuff.AddObject"]}, {"13f43651fdd284fe7c5169fb4d52125a": ["13", "de.freewarepoint.whohasmystuff.AddObject"]}, {"b62ac092b9140ddc9f2f9361b39fdb3f": ["18", "de.freewarepoint.whohasmystuff.AddObject"]}, {"21200d0aaad2a9d642552b1f8b2e8437": ["10", "de.freewarepoint.whohasmystuff.AddObject"]}, {"13f43651fdd284fe7c5169fb4d52125a": ["13", "de.freewarepoint.whohasmystuff.AddObject"]}, {"21200d0aaad2a9d642552b1f8b2e8437": ["10", "de.freewarepoint.whohasmystuff.AddObject"]}, {"57e99f6498b88c378912c7e8c0cd5887": ["12", "de.freewarepoint.whohasmystuff.AddObject"]}, {"57e99f6498b88c378912c7e8c0cd5887": ["12", "de.freewarepoint.whohasmystuff.AddObject"]}, {"21200d0aaad2a9d642552b1f8b2e8437": ["10", "de.freewarepoint.whohasmystuff.AddObject"]}, {"57e99f6498b88c378912c7e8c0cd5887": ["12", "de.freewarepoint.whohasmystuff.AddObject"]}, {"5f111044a946ef6cc0f998bd27ecc66f": ["4", "de.freewarepoint.whohasmystuff.ListLentObjects"]}, {"52102a2108db03840275d7f9af7e3358": ["9", "de.freewarepoint.whohasmystuff.AddObject"]}, {"52102a2108db03840275d7f9af7e3358": ["9", "de.freewarepoint.whohasmystuff.AddObject"]}, {"5f111044a946ef6cc0f998bd27ecc66f": ["4", "de.freewarepoint.whohasmystuff.ListLentObjects"]}, {"3a0ede78d1237b988f2830d75796131b": ["11", "de.freewarepoint.whohasmystuff.ListLentObjects"]}, {"5f111044a946ef6cc0f998bd27ecc66f": ["4", "de.freewarepoint.whohasmystuff.ListLentObjects"]}, {"52102a2108db03840275d7f9af7e3358": ["9", "de.freewarepoint.whohasmystuff.AddObject"]}, {"52102a2108db03840275d7f9af7e3358": ["9", "de.freewarepoint.whohasmystuff.AddObject"]}, {"4cb2c5c5ef5759431194bee93b174fe7": ["1", "de.freewarepoint.whohasmystuff.AddObject"]}, {"52102a2108db03840275d7f9af7e3358": ["9", "de.freewarepoint.whohasmystuff.AddObject"]}, {"52102a2108db03840275d7f9af7e3358": ["9", "de.freewarepoint.whohasmystuff.AddObject"]}, {"4cb2c5c5ef5759431194bee93b174fe7": ["1", "de.freewarepoint.whohasmystuff.AddObject"]}, {"57e99f6498b88c378912c7e8c0cd5887": ["12", "de.freewarepoint.whohasmystuff.AddObject"]}, {"4cb2c5c5ef5759431194bee93b174fe7": ["1", "de.freewarepoint.whohasmystuff.AddObject"]}, {"57e99f6498b88c378912c7e8c0cd5887": ["12", "de.freewarepoint.whohasmystuff.AddObject"]}, {"5f111044a946ef6cc0f998bd27ecc66f": ["4", "de.freewarepoint.whohasmystuff.ListLentObjects"]}, {"5f111044a946ef6cc0f998bd27ecc66f": ["4", "de.freewarepoint.whohasmystuff.ListLentObjects"]}, {"52102a2108db03840275d7f9af7e3358": ["9", "de.freewarepoint.whohasmystuff.AddObject"]}, {"5f111044a946ef6cc0f998bd27ecc66f": ["4", "de.freewarepoint.whohasmystuff.ListLentObjects"]}, {"52102a2108db03840275d7f9af7e3358": ["9", "de.freewarepoint.whohasmystuff.AddObject"]}, {"57e99f6498b88c378912c7e8c0cd5887": ["12", "de.freewarepoint.whohasmystuff.AddObject"]}, {"5db6f2ad60a47a91bfa6a6479f60502b": ["3", "de.freewarepoint.whohasmystuff.ListLentObjects"]}, {"8e040dea99599a42348df636704a959a": ["2", "de.freewarepoint.whohasmystuff.AddObject"]}, {"4ea2d059b976b69c9ac0f98e421a8708": ["7", "de.freewarepoint.whohasmystuff.ListLentObjects"]}, {"4ea2d059b976b69c9ac0f98e421a8708": ["7", "de.freewarepoint.whohasmystuff.ListLentObjects"]}, {"5f111044a946ef6cc0f998bd27ecc66f": ["4", "de.freewarepoint.whohasmystuff.ListLentObjects"]}, {"3a0ede78d1237b988f2830d75796131b": ["11", "de.freewarepoint.whohasmystuff.ListLentObjects"]}, {"5f111044a946ef6cc0f998bd27ecc66f": ["4", "de.freewarepoint.whohasmystuff.ListLentObjects"]}, {"52102a2108db03840275d7f9af7e3358": ["9", "de.freewarepoint.whohasmystuff.AddObject"]}, {"5f111044a946ef6cc0f998bd27ecc66f": ["4", "de.freewarepoint.whohasmystuff.ListLentObjects"]}, {"39d0212a8ffba3a5637ecb3218377cf6": ["8", "de.freewarepoint.whohasmystuff.ShowHistory"]}, {"5cfd7586e6fd57ab6dfbb38d01d8b2ab": ["6", "de.freewarepoint.whohasmystuff.AddObject"]}, {"5f111044a946ef6cc0f998bd27ecc66f": ["4", "de.freewarepoint.whohasmystuff.ListLentObjects"]}, {"52102a2108db03840275d7f9af7e3358": ["9", "de.freewarepoint.whohasmystuff.AddObject"]}, {"5f111044a946ef6cc0f998bd27ecc66f": ["4", "de.freewarepoint.whohasmystuff.ListLentObjects"]}, {"52102a2108db03840275d7f9af7e3358": ["9", "de.freewarepoint.whohasmystuff.AddObject"]}, {"52102a2108db03840275d7f9af7e3358": ["9", "de.freewarepoint.whohasmystuff.AddObject"]}, {"57e99f6498b88c378912c7e8c0cd5887": ["12", "de.freewarepoint.whohasmystuff.AddObject"]}, {"21200d0aaad2a9d642552b1f8b2e8437": ["10", "de.freewarepoint.whohasmystuff.AddObject"]}, {"57e99f6498b88c378912c7e8c0cd5887": ["12", "de.freewarepoint.whohasmystuff.AddObject"]}, {"57e99f6498b88c378912c7e8c0cd5887": ["12", "de.freewarepoint.whohasmystuff.AddObject"]}, {"21200d0aaad2a9d642552b1f8b2e8437": ["10", "de.freewarepoint.whohasmystuff.AddObject"]}, {"8d681f72ef1fac5298031836e3ddbf8c": ["17", "de.freewarepoint.whohasmystuff.AddObject"]}, {"57e99f6498b88c378912c7e8c0cd5887": ["12", "de.freewarepoint.whohasmystuff.AddObject"]}, {"83e8c9091bb550fc4c66f1e0e02edd00": ["20", "de.freewarepoint.whohasmystuff.AddObject"]}, {"57e99f6498b88c378912c7e8c0cd5887": ["12", "de.freewarepoint.whohasmystuff.AddObject"]}, {"94ed7c75d9258908788f15de9cfde44c": ["16", "de.freewarepoint.whohasmystuff.AddObject"]}, {"21200d0aaad2a9d642552b1f8b2e8437": ["10", "de.freewarepoint.whohasmystuff.AddObject"]}, {"21200d0aaad2a9d642552b1f8b2e8437": ["10", "de.freewarepoint.whohasmystuff.AddObject"]}, {"94ed7c75d9258908788f15de9cfde44c": ["16", "de.freewarepoint.whohasmystuff.AddObject"]}, {"57e99f6498b88c378912c7e8c0cd5887": ["12", "de.freewarepoint.whohasmystuff.AddObject"]}, {"57e99f6498b88c378912c7e8c0cd5887": ["12", "de.freewarepoint.whohasmystuff.AddObject"]}, {"94ed7c75d9258908788f15de9cfde44c": ["16", "de.freewarepoint.whohasmystuff.AddObject"]}, {"5db6f2ad60a47a91bfa6a6479f60502b": ["3", "de.freewarepoint.whohasmystuff.ListLentObjects"]}, {"8e040dea99599a42348df636704a959a": ["2", "de.freewarepoint.whohasmystuff.AddObject"]}, {"21200d0aaad2a9d642552b1f8b2e8437": ["10", "de.freewarepoint.whohasmystuff.AddObject"]}, {"8e040dea99599a42348df636704a959a": ["2", "de.freewarepoint.whohasmystuff.AddObject"]}, {"8e040dea99599a42348df636704a959a": ["2", "de.freewarepoint.whohasmystuff.AddObject"]}, {"5f111044a946ef6cc0f998bd27ecc66f": ["4", "de.freewarepoint.whohasmystuff.ListLentObjects"]}, {"52102a2108db03840275d7f9af7e3358": ["9", "de.freewarepoint.whohasmystuff.AddObject"]}, {"5f111044a946ef6cc0f998bd27ecc66f": ["4", "de.freewarepoint.whohasmystuff.ListLentObjects"]}, {"3a0ede78d1237b988f2830d75796131b": ["11", "de.freewarepoint.whohasmystuff.ListLentObjects"]}, {"5f111044a946ef6cc0f998bd27ecc66f": ["4", "de.freewarepoint.whohasmystuff.ListLentObjects"]}, {"52102a2108db03840275d7f9af7e3358": ["9", "de.freewarepoint.whohasmystuff.AddObject"]}, {"5f111044a946ef6cc0f998bd27ecc66f": ["4", "de.freewarepoint.whohasmystuff.ListLentObjects"]}, {"3a0ede78d1237b988f2830d75796131b": ["11", "de.freewarepoint.whohasmystuff.ListLentObjects"]}, {"5f111044a946ef6cc0f998bd27ecc66f": ["4", "de.freewarepoint.whohasmystuff.ListLentObjects"]}, {"52102a2108db03840275d7f9af7e3358": ["9", "de.freewarepoint.whohasmystuff.AddObject"]}, {"5f111044a946ef6cc0f998bd27ecc66f": ["4", "de.freewarepoint.whohasmystuff.ListLentObjects"]}, {"4cb2c5c5ef5759431194bee93b174fe7": ["1", "de.freewarepoint.whohasmystuff.AddObject"]}, {"52102a2108db03840275d7f9af7e3358": ["9", "de.freewarepoint.whohasmystuff.AddObject"]}, {"4ea2d059b976b69c9ac0f98e421a8708": ["7", "de.freewarepoint.whohasmystuff.ListLentObjects"]}, {"4ea2d059b976b69c9ac0f98e421a8708": ["7", "de.freewarepoint.whohasmystuff.ListLentObjects"]}, {"5f111044a946ef6cc0f998bd27ecc66f": ["4", "de.freewarepoint.whohasmystuff.ListLentObjects"]}, {"5f111044a946ef6cc0f998bd27ecc66f": ["4", "de.freewarepoint.whohasmystuff.ListLentObjects"]}, {"4ea2d059b976b69c9ac0f98e421a8708": ["7", "de.freewarepoint.whohasmystuff.ListLentObjects"]}, {"5f111044a946ef6cc0f998bd27ecc66f": ["4", "de.freewarepoint.whohasmystuff.ListLentObjects"]}, {"5f111044a946ef6cc0f998bd27ecc66f": ["4", "de.freewarepoint.whohasmystuff.ListLentObjects"]}, {"3a0ede78d1237b988f2830d75796131b": ["11", "de.freewarepoint.whohasmystuff.ListLentObjects"]}, {"5f111044a946ef6cc0f998bd27ecc66f": ["4", "de.freewarepoint.whohasmystuff.ListLentObjects"]}, {"52102a2108db03840275d7f9af7e3358": ["9", "de.freewarepoint.whohasmystuff.AddObject"]}, {"21200d0aaad2a9d642552b1f8b2e8437": ["10", "de.freewarepoint.whohasmystuff.AddObject"]}, {"52102a2108db03840275d7f9af7e3358": ["9", "de.freewarepoint.whohasmystuff.AddObject"]}, {"57e99f6498b88c378912c7e8c0cd5887": ["12", "de.freewarepoint.whohasmystuff.AddObject"]}, {"57e99f6498b88c378912c7e8c0cd5887": ["12", "de.freewarepoint.whohasmystuff.AddObject"]}, {"21200d0aaad2a9d642552b1f8b2e8437": ["10", "de.freewarepoint.whohasmystuff.AddObject"]}, {"57e99f6498b88c378912c7e8c0cd5887": ["12", "de.freewarepoint.whohasmystuff.AddObject"]}, {"21200d0aaad2a9d642552b1f8b2e8437": ["10", "de.freewarepoint.whohasmystuff.AddObject"]}, {"57e99f6498b88c378912c7e8c0cd5887": ["12", "de.freewarepoint.whohasmystuff.AddObject"]}, {"57e99f6498b88c378912c7e8c0cd5887": ["12", "de.freewarepoint.whohasmystuff.AddObject"]}, {"21200d0aaad2a9d642552b1f8b2e8437": ["10", "de.freewarepoint.whohasmystuff.AddObject"]}, {"13f43651fdd284fe7c5169fb4d52125a": ["13", "de.freewarepoint.whohasmystuff.AddObject"]}, {"21200d0aaad2a9d642552b1f8b2e8437": ["10", "de.freewarepoint.whohasmystuff.AddObject"]}, {"21200d0aaad2a9d642552b1f8b2e8437": ["10", "de.freewarepoint.whohasmystuff.AddObject"]}, {"21200d0aaad2a9d642552b1f8b2e8437": ["10", "de.freewarepoint.whohasmystuff.AddObject"]}, {"57e99f6498b88c378912c7e8c0cd5887": ["12", "de.freewarepoint.whohasmystuff.AddObject"]}, {"57e99f6498b88c378912c7e8c0cd5887": ["12", "de.freewarepoint.whohasmystuff.AddObject"]}, {"21200d0aaad2a9d642552b1f8b2e8437": ["10", "de.freewarepoint.whohasmystuff.AddObject"]}, {"13f43651fdd284fe7c5169fb4d52125a": ["13", "de.freewarepoint.whohasmystuff.AddObject"]}, {"57e99f6498b88c378912c7e8c0cd5887": ["12", "de.freewarepoint.whohasmystuff.AddObject"]}, {"57e99f6498b88c378912c7e8c0cd5887": ["12", "de.freewarepoint.whohasmystuff.AddObject"]}, {"57e99f6498b88c378912c7e8c0cd5887": ["12", "de.freewarepoint.whohasmystuff.AddObject"]}, {"57e99f6498b88c378912c7e8c0cd5887": ["12", "de.freewarepoint.whohasmystuff.AddObject"]}, {"57e99f6498b88c378912c7e8c0cd5887": ["12", "de.freewarepoint.whohasmystuff.AddObject"]}, {"5f111044a946ef6cc0f998bd27ecc66f": ["4", "de.freewarepoint.whohasmystuff.ListLentObjects"]}, {"39d0212a8ffba3a5637ecb3218377cf6": ["8", "de.freewarepoint.whohasmystuff.ShowHistory"]}, {"5cfd7586e6fd57ab6dfbb38d01d8b2ab": ["6", "de.freewarepoint.whohasmystuff.AddObject"]}, {"39d0212a8ffba3a5637ecb3218377cf6": ["8", "de.freewarepoint.whohasmystuff.ShowHistory"]}, {"5cfd7586e6fd57ab6dfbb38d01d8b2ab": ["6", "de.freewarepoint.whohasmystuff.AddObject"]}, {"5cfd7586e6fd57ab6dfbb38d01d8b2ab": ["6", "de.freewarepoint.whohasmystuff.AddObject"]}, {"5cfd7586e6fd57ab6dfbb38d01d8b2ab": ["6", "de.freewarepoint.whohasmystuff.AddObject"]}, {"21200d0aaad2a9d642552b1f8b2e8437": ["10", "de.freewarepoint.whohasmystuff.AddObject"]}, {"13f43651fdd284fe7c5169fb4d52125a": ["13", "de.freewarepoint.whohasmystuff.AddObject"]}, {"5cfd7586e6fd57ab6dfbb38d01d8b2ab": ["6", "de.freewarepoint.whohasmystuff.AddObject"]}, {"5cfd7586e6fd57ab6dfbb38d01d8b2ab": ["6", "de.freewarepoint.whohasmystuff.AddObject"]}, {"5cfd7586e6fd57ab6dfbb38d01d8b2ab": ["6", "de.freewarepoint.whohasmystuff.AddObject"]}]