[{"b61ec79352049b785714d494c6bf9e1d": ["0", "org.jtb.alogcat.LogActivity"]}, {"b61ec79352049b785714d494c6bf9e1d": ["0", "org.jtb.alogcat.LogActivity"]}, {"13d49027bdba46974a24aaf311fccb6c": ["28", "org.jtb.alogcat.LogActivity"]}, {"13d49027bdba46974a24aaf311fccb6c": ["28", "org.jtb.alogcat.LogActivity"]}, {"b61ec79352049b785714d494c6bf9e1d": ["0", "org.jtb.alogcat.LogActivity"]}, {"b61ec79352049b785714d494c6bf9e1d": ["0", "org.jtb.alogcat.LogActivity"]}, {"b61ec79352049b785714d494c6bf9e1d": ["0", "org.jtb.alogcat.LogActivity"]}, {"55b8ee0804c863c9ab1df2b060f9348c": ["30", "org.jtb.alogcat.LogActivity"]}, {"55b8ee0804c863c9ab1df2b060f9348c": ["30", "org.jtb.alogcat.LogActivity"]}, {"b61ec79352049b785714d494c6bf9e1d": ["0", "org.jtb.alogcat.LogActivity"]}, {"2d53496bdc60f187f8ed54b6073480f6": ["44", "org.jtb.alogcat.LogActivity"]}, {"b61ec79352049b785714d494c6bf9e1d": ["0", "org.jtb.alogcat.LogActivity"]}, {"b61ec79352049b785714d494c6bf9e1d": ["0", "org.jtb.alogcat.LogActivity"]}, {"fc49c6fd6506aa1916e5f948da777996": ["1", "org.jtb.alogcat.PrefsActivity"]}, {"d9e85a52319eb7901bef0aa256f4a8f2": ["2", "org.jtb.alogcat.PrefsActivity"]}, {"fc49c6fd6506aa1916e5f948da777996": ["1", "org.jtb.alogcat.PrefsActivity"]}, {"fc49c6fd6506aa1916e5f948da777996": ["1", "org.jtb.alogcat.PrefsActivity"]}, {"423b9ded68d0141aafab8bae247118cc": ["3", "org.jtb.alogcat.PrefsActivity"]}, {"fc49c6fd6506aa1916e5f948da777996": ["1", "org.jtb.alogcat.PrefsActivity"]}, {"fc49c6fd6506aa1916e5f948da777996": ["1", "org.jtb.alogcat.PrefsActivity"]}, {"d9e85a52319eb7901bef0aa256f4a8f2": ["2", "org.jtb.alogcat.PrefsActivity"]}, {"fc49c6fd6506aa1916e5f948da777996": ["1", "org.jtb.alogcat.PrefsActivity"]}, {"d9e85a52319eb7901bef0aa256f4a8f2": ["2", "org.jtb.alogcat.PrefsActivity"]}, {"fc49c6fd6506aa1916e5f948da777996": ["1", "org.jtb.alogcat.PrefsActivity"]}, {"6408f226e1777a6f9745a78f263ac789": ["4", "org.jtb.alogcat.PrefsActivity"]}, {"c04c2976e3789000307f9deb3f8b8873": ["22", "org.jtb.alogcat.LogActivity"]}, {"b61ec79352049b785714d494c6bf9e1d": ["0", "org.jtb.alogcat.LogActivity"]}, {"7de14a47bfa0e8dea4a60f0483131a4a": ["16", "org.jtb.alogcat.LogActivity"]}, {"b61ec79352049b785714d494c6bf9e1d": ["0", "org.jtb.alogcat.LogActivity"]}, {"b61ec79352049b785714d494c6bf9e1d": ["0", "org.jtb.alogcat.LogActivity"]}, {"ea6e92fb986beda9ebfc9e2023285961": ["36", "org.jtb.alogcat.LogActivity"]}, {"0feec9231c66b453a6e9372eb74c77c9": ["25", "org.jtb.alogcat.LogActivity"]}, {"b61ec79352049b785714d494c6bf9e1d": ["0", "org.jtb.alogcat.LogActivity"]}, {"0feec9231c66b453a6e9372eb74c77c9": ["25", "org.jtb.alogcat.LogActivity"]}, {"b61ec79352049b785714d494c6bf9e1d": ["0", "org.jtb.alogcat.LogActivity"]}, {"b61ec79352049b785714d494c6bf9e1d": ["0", "org.jtb.alogcat.LogActivity"]}, {"fc49c6fd6506aa1916e5f948da777996": ["1", "org.jtb.alogcat.PrefsActivity"]}, {"423b9ded68d0141aafab8bae247118cc": ["3", "org.jtb.alogcat.PrefsActivity"]}, {"fc49c6fd6506aa1916e5f948da777996": ["1", "org.jtb.alogcat.PrefsActivity"]}, {"fc49c6fd6506aa1916e5f948da777996": ["1", "org.jtb.alogcat.PrefsActivity"]}, {"6408f226e1777a6f9745a78f263ac789": ["4", "org.jtb.alogcat.PrefsActivity"]}, {"fc49c6fd6506aa1916e5f948da777996": ["1", "org.jtb.alogcat.PrefsActivity"]}, {"fc49c6fd6506aa1916e5f948da777996": ["1", "org.jtb.alogcat.PrefsActivity"]}, {"6408f226e1777a6f9745a78f263ac789": ["4", "org.jtb.alogcat.PrefsActivity"]}, {"fc49c6fd6506aa1916e5f948da777996": ["1", "org.jtb.alogcat.PrefsActivity"]}, {"d9e85a52319eb7901bef0aa256f4a8f2": ["2", "org.jtb.alogcat.PrefsActivity"]}, {"fc49c6fd6506aa1916e5f948da777996": ["1", "org.jtb.alogcat.PrefsActivity"]}, {"d9e85a52319eb7901bef0aa256f4a8f2": ["2", "org.jtb.alogcat.PrefsActivity"]}, {"fc49c6fd6506aa1916e5f948da777996": ["1", "org.jtb.alogcat.PrefsActivity"]}, {"fc49c6fd6506aa1916e5f948da777996": ["1", "org.jtb.alogcat.PrefsActivity"]}, {"fc49c6fd6506aa1916e5f948da777996": ["1", "org.jtb.alogcat.PrefsActivity"]}, {"fc49c6fd6506aa1916e5f948da777996": ["1", "org.jtb.alogcat.PrefsActivity"]}, {"423b9ded68d0141aafab8bae247118cc": ["3", "org.jtb.alogcat.PrefsActivity"]}, {"fc49c6fd6506aa1916e5f948da777996": ["1", "org.jtb.alogcat.PrefsActivity"]}, {"fc49c6fd6506aa1916e5f948da777996": ["1", "org.jtb.alogcat.PrefsActivity"]}, {"fc49c6fd6506aa1916e5f948da777996": ["1", "org.jtb.alogcat.PrefsActivity"]}, {"fc49c6fd6506aa1916e5f948da777996": ["1", "org.jtb.alogcat.PrefsActivity"]}, {"fc49c6fd6506aa1916e5f948da777996": ["1", "org.jtb.alogcat.PrefsActivity"]}, {"6408f226e1777a6f9745a78f263ac789": ["4", "org.jtb.alogcat.PrefsActivity"]}, {"fc49c6fd6506aa1916e5f948da777996": ["1", "org.jtb.alogcat.PrefsActivity"]}, {"fc49c6fd6506aa1916e5f948da777996": ["1", "org.jtb.alogcat.PrefsActivity"]}, {"fc49c6fd6506aa1916e5f948da777996": ["1", "org.jtb.alogcat.PrefsActivity"]}, {"fc49c6fd6506aa1916e5f948da777996": ["1", "org.jtb.alogcat.PrefsActivity"]}, {"fc49c6fd6506aa1916e5f948da777996": ["1", "org.jtb.alogcat.PrefsActivity"]}, {"fc49c6fd6506aa1916e5f948da777996": ["1", "org.jtb.alogcat.PrefsActivity"]}, {"d9e85a52319eb7901bef0aa256f4a8f2": ["2", "org.jtb.alogcat.PrefsActivity"]}, {"fc49c6fd6506aa1916e5f948da777996": ["1", "org.jtb.alogcat.PrefsActivity"]}, {"fc49c6fd6506aa1916e5f948da777996": ["1", "org.jtb.alogcat.PrefsActivity"]}, {"fc49c6fd6506aa1916e5f948da777996": ["1", "org.jtb.alogcat.PrefsActivity"]}, {"6408f226e1777a6f9745a78f263ac789": ["4", "org.jtb.alogcat.PrefsActivity"]}, {"fc49c6fd6506aa1916e5f948da777996": ["1", "org.jtb.alogcat.PrefsActivity"]}, {"6408f226e1777a6f9745a78f263ac789": ["4", "org.jtb.alogcat.PrefsActivity"]}, {"fc49c6fd6506aa1916e5f948da777996": ["1", "org.jtb.alogcat.PrefsActivity"]}, {"6408f226e1777a6f9745a78f263ac789": ["4", "org.jtb.alogcat.PrefsActivity"]}, {"fc49c6fd6506aa1916e5f948da777996": ["1", "org.jtb.alogcat.PrefsActivity"]}, {"fc49c6fd6506aa1916e5f948da777996": ["1", "org.jtb.alogcat.PrefsActivity"]}, {"fc49c6fd6506aa1916e5f948da777996": ["1", "org.jtb.alogcat.PrefsActivity"]}, {"6408f226e1777a6f9745a78f263ac789": ["4", "org.jtb.alogcat.PrefsActivity"]}, {"fc49c6fd6506aa1916e5f948da777996": ["1", "org.jtb.alogcat.PrefsActivity"]}, {"423b9ded68d0141aafab8bae247118cc": ["3", "org.jtb.alogcat.PrefsActivity"]}, {"fc49c6fd6506aa1916e5f948da777996": ["1", "org.jtb.alogcat.PrefsActivity"]}, {"fc49c6fd6506aa1916e5f948da777996": ["1", "org.jtb.alogcat.PrefsActivity"]}, {"6408f226e1777a6f9745a78f263ac789": ["4", "org.jtb.alogcat.PrefsActivity"]}, {"fc49c6fd6506aa1916e5f948da777996": ["1", "org.jtb.alogcat.PrefsActivity"]}, {"423b9ded68d0141aafab8bae247118cc": ["3", "org.jtb.alogcat.PrefsActivity"]}, {"fc49c6fd6506aa1916e5f948da777996": ["1", "org.jtb.alogcat.PrefsActivity"]}, {"d9e85a52319eb7901bef0aa256f4a8f2": ["2", "org.jtb.alogcat.PrefsActivity"]}, {"fc49c6fd6506aa1916e5f948da777996": ["1", "org.jtb.alogcat.PrefsActivity"]}, {"6408f226e1777a6f9745a78f263ac789": ["4", "org.jtb.alogcat.PrefsActivity"]}, {"fc49c6fd6506aa1916e5f948da777996": ["1", "org.jtb.alogcat.PrefsActivity"]}, {"fc49c6fd6506aa1916e5f948da777996": ["1", "org.jtb.alogcat.PrefsActivity"]}, {"fc49c6fd6506aa1916e5f948da777996": ["1", "org.jtb.alogcat.PrefsActivity"]}, {"d9e85a52319eb7901bef0aa256f4a8f2": ["2", "org.jtb.alogcat.PrefsActivity"]}, {"fc49c6fd6506aa1916e5f948da777996": ["1", "org.jtb.alogcat.PrefsActivity"]}, {"fc49c6fd6506aa1916e5f948da777996": ["1", "org.jtb.alogcat.PrefsActivity"]}, {"fc49c6fd6506aa1916e5f948da777996": ["1", "org.jtb.alogcat.PrefsActivity"]}, {"fc49c6fd6506aa1916e5f948da777996": ["1", "org.jtb.alogcat.PrefsActivity"]}, {"fc49c6fd6506aa1916e5f948da777996": ["1", "org.jtb.alogcat.PrefsActivity"]}, {"d9e85a52319eb7901bef0aa256f4a8f2": ["2", "org.jtb.alogcat.PrefsActivity"]}, {"fc49c6fd6506aa1916e5f948da777996": ["1", "org.jtb.alogcat.PrefsActivity"]}, {"d9e85a52319eb7901bef0aa256f4a8f2": ["2", "org.jtb.alogcat.PrefsActivity"]}, {"fc49c6fd6506aa1916e5f948da777996": ["1", "org.jtb.alogcat.PrefsActivity"]}, {"6408f226e1777a6f9745a78f263ac789": ["4", "org.jtb.alogcat.PrefsActivity"]}, {"fc49c6fd6506aa1916e5f948da777996": ["1", "org.jtb.alogcat.PrefsActivity"]}, {"6408f226e1777a6f9745a78f263ac789": ["4", "org.jtb.alogcat.PrefsActivity"]}, {"fc49c6fd6506aa1916e5f948da777996": ["1", "org.jtb.alogcat.PrefsActivity"]}, {"423b9ded68d0141aafab8bae247118cc": ["3", "org.jtb.alogcat.PrefsActivity"]}, {"fc49c6fd6506aa1916e5f948da777996": ["1", "org.jtb.alogcat.PrefsActivity"]}, {"423b9ded68d0141aafab8bae247118cc": ["3", "org.jtb.alogcat.PrefsActivity"]}, {"fc49c6fd6506aa1916e5f948da777996": ["1", "org.jtb.alogcat.PrefsActivity"]}, {"6408f226e1777a6f9745a78f263ac789": ["4", "org.jtb.alogcat.PrefsActivity"]}, {"fc49c6fd6506aa1916e5f948da777996": ["1", "org.jtb.alogcat.PrefsActivity"]}, {"fc49c6fd6506aa1916e5f948da777996": ["1", "org.jtb.alogcat.PrefsActivity"]}, {"fc49c6fd6506aa1916e5f948da777996": ["1", "org.jtb.alogcat.PrefsActivity"]}, {"fc49c6fd6506aa1916e5f948da777996": ["1", "org.jtb.alogcat.PrefsActivity"]}, {"fc49c6fd6506aa1916e5f948da777996": ["1", "org.jtb.alogcat.PrefsActivity"]}, {"fc49c6fd6506aa1916e5f948da777996": ["1", "org.jtb.alogcat.PrefsActivity"]}, {"6408f226e1777a6f9745a78f263ac789": ["4", "org.jtb.alogcat.PrefsActivity"]}, {"fc49c6fd6506aa1916e5f948da777996": ["1", "org.jtb.alogcat.PrefsActivity"]}, {"6408f226e1777a6f9745a78f263ac789": ["4", "org.jtb.alogcat.PrefsActivity"]}, {"fc49c6fd6506aa1916e5f948da777996": ["1", "org.jtb.alogcat.PrefsActivity"]}, {"423b9ded68d0141aafab8bae247118cc": ["3", "org.jtb.alogcat.PrefsActivity"]}, {"fc49c6fd6506aa1916e5f948da777996": ["1", "org.jtb.alogcat.PrefsActivity"]}, {"fc49c6fd6506aa1916e5f948da777996": ["1", "org.jtb.alogcat.PrefsActivity"]}, {"fc49c6fd6506aa1916e5f948da777996": ["1", "org.jtb.alogcat.PrefsActivity"]}, {"fc49c6fd6506aa1916e5f948da777996": ["1", "org.jtb.alogcat.PrefsActivity"]}, {"fc49c6fd6506aa1916e5f948da777996": ["1", "org.jtb.alogcat.PrefsActivity"]}, {"6408f226e1777a6f9745a78f263ac789": ["4", "org.jtb.alogcat.PrefsActivity"]}, {"fc49c6fd6506aa1916e5f948da777996": ["1", "org.jtb.alogcat.PrefsActivity"]}, {"6408f226e1777a6f9745a78f263ac789": ["4", "org.jtb.alogcat.PrefsActivity"]}, {"fc49c6fd6506aa1916e5f948da777996": ["1", "org.jtb.alogcat.PrefsActivity"]}, {"fc49c6fd6506aa1916e5f948da777996": ["1", "org.jtb.alogcat.PrefsActivity"]}, {"fc49c6fd6506aa1916e5f948da777996": ["1", "org.jtb.alogcat.PrefsActivity"]}, {"423b9ded68d0141aafab8bae247118cc": ["3", "org.jtb.alogcat.PrefsActivity"]}, {"fc49c6fd6506aa1916e5f948da777996": ["1", "org.jtb.alogcat.PrefsActivity"]}, {"423b9ded68d0141aafab8bae247118cc": ["3", "org.jtb.alogcat.PrefsActivity"]}, {"b61ec79352049b785714d494c6bf9e1d": ["0", "org.jtb.alogcat.LogActivity"]}, {"7de14a47bfa0e8dea4a60f0483131a4a": ["16", "org.jtb.alogcat.LogActivity"]}, {"b61ec79352049b785714d494c6bf9e1d": ["0", "org.jtb.alogcat.LogActivity"]}, {"fc49c6fd6506aa1916e5f948da777996": ["1", "org.jtb.alogcat.PrefsActivity"]}, {"6408f226e1777a6f9745a78f263ac789": ["4", "org.jtb.alogcat.PrefsActivity"]}, {"fc49c6fd6506aa1916e5f948da777996": ["1", "org.jtb.alogcat.PrefsActivity"]}, {"6408f226e1777a6f9745a78f263ac789": ["4", "org.jtb.alogcat.PrefsActivity"]}, {"fc49c6fd6506aa1916e5f948da777996": ["1", "org.jtb.alogcat.PrefsActivity"]}, {"fc49c6fd6506aa1916e5f948da777996": ["1", "org.jtb.alogcat.PrefsActivity"]}, {"423b9ded68d0141aafab8bae247118cc": ["3", "org.jtb.alogcat.PrefsActivity"]}, {"fc49c6fd6506aa1916e5f948da777996": ["1", "org.jtb.alogcat.PrefsActivity"]}, {"fc49c6fd6506aa1916e5f948da777996": ["1", "org.jtb.alogcat.PrefsActivity"]}, {"6408f226e1777a6f9745a78f263ac789": ["4", "org.jtb.alogcat.PrefsActivity"]}, {"fc49c6fd6506aa1916e5f948da777996": ["1", "org.jtb.alogcat.PrefsActivity"]}, {"fc49c6fd6506aa1916e5f948da777996": ["1", "org.jtb.alogcat.PrefsActivity"]}, {"423b9ded68d0141aafab8bae247118cc": ["3", "org.jtb.alogcat.PrefsActivity"]}, {"fc49c6fd6506aa1916e5f948da777996": ["1", "org.jtb.alogcat.PrefsActivity"]}, {"fc49c6fd6506aa1916e5f948da777996": ["1", "org.jtb.alogcat.PrefsActivity"]}, {"fc49c6fd6506aa1916e5f948da777996": ["1", "org.jtb.alogcat.PrefsActivity"]}, {"fc49c6fd6506aa1916e5f948da777996": ["1", "org.jtb.alogcat.PrefsActivity"]}, {"6408f226e1777a6f9745a78f263ac789": ["4", "org.jtb.alogcat.PrefsActivity"]}, {"fc49c6fd6506aa1916e5f948da777996": ["1", "org.jtb.alogcat.PrefsActivity"]}, {"6408f226e1777a6f9745a78f263ac789": ["4", "org.jtb.alogcat.PrefsActivity"]}, {"fc49c6fd6506aa1916e5f948da777996": ["1", "org.jtb.alogcat.PrefsActivity"]}, {"fc49c6fd6506aa1916e5f948da777996": ["1", "org.jtb.alogcat.PrefsActivity"]}, {"fc49c6fd6506aa1916e5f948da777996": ["1", "org.jtb.alogcat.PrefsActivity"]}, {"423b9ded68d0141aafab8bae247118cc": ["3", "org.jtb.alogcat.PrefsActivity"]}, {"fc49c6fd6506aa1916e5f948da777996": ["1", "org.jtb.alogcat.PrefsActivity"]}, {"423b9ded68d0141aafab8bae247118cc": ["3", "org.jtb.alogcat.PrefsActivity"]}, {"fc49c6fd6506aa1916e5f948da777996": ["1", "org.jtb.alogcat.PrefsActivity"]}, {"fc49c6fd6506aa1916e5f948da777996": ["1", "org.jtb.alogcat.PrefsActivity"]}, {"423b9ded68d0141aafab8bae247118cc": ["3", "org.jtb.alogcat.PrefsActivity"]}, {"55b8ee0804c863c9ab1df2b060f9348c": ["30", "org.jtb.alogcat.LogActivity"]}, {"b61ec79352049b785714d494c6bf9e1d": ["0", "org.jtb.alogcat.LogActivity"]}, {"55b8ee0804c863c9ab1df2b060f9348c": ["30", "org.jtb.alogcat.LogActivity"]}, {"55b8ee0804c863c9ab1df2b060f9348c": ["30", "org.jtb.alogcat.LogActivity"]}, {"b61ec79352049b785714d494c6bf9e1d": ["0", "org.jtb.alogcat.LogActivity"]}, {"fc49c6fd6506aa1916e5f948da777996": ["1", "org.jtb.alogcat.PrefsActivity"]}, {"fc49c6fd6506aa1916e5f948da777996": ["1", "org.jtb.alogcat.PrefsActivity"]}, {"fc49c6fd6506aa1916e5f948da777996": ["1", "org.jtb.alogcat.PrefsActivity"]}, {"423b9ded68d0141aafab8bae247118cc": ["3", "org.jtb.alogcat.PrefsActivity"]}, {"fc49c6fd6506aa1916e5f948da777996": ["1", "org.jtb.alogcat.PrefsActivity"]}, {"fc49c6fd6506aa1916e5f948da777996": ["1", "org.jtb.alogcat.PrefsActivity"]}, {"6408f226e1777a6f9745a78f263ac789": ["4", "org.jtb.alogcat.PrefsActivity"]}, {"fc49c6fd6506aa1916e5f948da777996": ["1", "org.jtb.alogcat.PrefsActivity"]}, {"d9e85a52319eb7901bef0aa256f4a8f2": ["2", "org.jtb.alogcat.PrefsActivity"]}, {"fc49c6fd6506aa1916e5f948da777996": ["1", "org.jtb.alogcat.PrefsActivity"]}, {"fc49c6fd6506aa1916e5f948da777996": ["1", "org.jtb.alogcat.PrefsActivity"]}, {"fc49c6fd6506aa1916e5f948da777996": ["1", "org.jtb.alogcat.PrefsActivity"]}, {"fc49c6fd6506aa1916e5f948da777996": ["1", "org.jtb.alogcat.PrefsActivity"]}, {"6408f226e1777a6f9745a78f263ac789": ["4", "org.jtb.alogcat.PrefsActivity"]}, {"fc49c6fd6506aa1916e5f948da777996": ["1", "org.jtb.alogcat.PrefsActivity"]}, {"fc49c6fd6506aa1916e5f948da777996": ["1", "org.jtb.alogcat.PrefsActivity"]}, {"6408f226e1777a6f9745a78f263ac789": ["4", "org.jtb.alogcat.PrefsActivity"]}, {"fc49c6fd6506aa1916e5f948da777996": ["1", "org.jtb.alogcat.PrefsActivity"]}, {"fc49c6fd6506aa1916e5f948da777996": ["1", "org.jtb.alogcat.PrefsActivity"]}, {"fc49c6fd6506aa1916e5f948da777996": ["1", "org.jtb.alogcat.PrefsActivity"]}, {"423b9ded68d0141aafab8bae247118cc": ["3", "org.jtb.alogcat.PrefsActivity"]}, {"fc49c6fd6506aa1916e5f948da777996": ["1", "org.jtb.alogcat.PrefsActivity"]}, {"fc49c6fd6506aa1916e5f948da777996": ["1", "org.jtb.alogcat.PrefsActivity"]}, {"423b9ded68d0141aafab8bae247118cc": ["3", "org.jtb.alogcat.PrefsActivity"]}, {"fc49c6fd6506aa1916e5f948da777996": ["1", "org.jtb.alogcat.PrefsActivity"]}, {"423b9ded68d0141aafab8bae247118cc": ["3", "org.jtb.alogcat.PrefsActivity"]}, {"fc49c6fd6506aa1916e5f948da777996": ["1", "org.jtb.alogcat.PrefsActivity"]}, {"fc49c6fd6506aa1916e5f948da777996": ["1", "org.jtb.alogcat.PrefsActivity"]}, {"423b9ded68d0141aafab8bae247118cc": ["3", "org.jtb.alogcat.PrefsActivity"]}, {"fc49c6fd6506aa1916e5f948da777996": ["1", "org.jtb.alogcat.PrefsActivity"]}, {"d9e85a52319eb7901bef0aa256f4a8f2": ["2", "org.jtb.alogcat.PrefsActivity"]}, {"fc49c6fd6506aa1916e5f948da777996": ["1", "org.jtb.alogcat.PrefsActivity"]}, {"fc49c6fd6506aa1916e5f948da777996": ["1", "org.jtb.alogcat.PrefsActivity"]}, {"6408f226e1777a6f9745a78f263ac789": ["4", "org.jtb.alogcat.PrefsActivity"]}, {"fc49c6fd6506aa1916e5f948da777996": ["1", "org.jtb.alogcat.PrefsActivity"]}, {"fc49c6fd6506aa1916e5f948da777996": ["1", "org.jtb.alogcat.PrefsActivity"]}, {"fc49c6fd6506aa1916e5f948da777996": ["1", "org.jtb.alogcat.PrefsActivity"]}, {"fc49c6fd6506aa1916e5f948da777996": ["1", "org.jtb.alogcat.PrefsActivity"]}, {"d9e85a52319eb7901bef0aa256f4a8f2": ["2", "org.jtb.alogcat.PrefsActivity"]}, {"fc49c6fd6506aa1916e5f948da777996": ["1", "org.jtb.alogcat.PrefsActivity"]}, {"6408f226e1777a6f9745a78f263ac789": ["4", "org.jtb.alogcat.PrefsActivity"]}, {"fc49c6fd6506aa1916e5f948da777996": ["1", "org.jtb.alogcat.PrefsActivity"]}, {"fc49c6fd6506aa1916e5f948da777996": ["1", "org.jtb.alogcat.PrefsActivity"]}, {"fc49c6fd6506aa1916e5f948da777996": ["1", "org.jtb.alogcat.PrefsActivity"]}, {"423b9ded68d0141aafab8bae247118cc": ["3", "org.jtb.alogcat.PrefsActivity"]}, {"fc49c6fd6506aa1916e5f948da777996": ["1", "org.jtb.alogcat.PrefsActivity"]}, {"fc49c6fd6506aa1916e5f948da777996": ["1", "org.jtb.alogcat.PrefsActivity"]}, {"fc49c6fd6506aa1916e5f948da777996": ["1", "org.jtb.alogcat.PrefsActivity"]}, {"6408f226e1777a6f9745a78f263ac789": ["4", "org.jtb.alogcat.PrefsActivity"]}, {"fc49c6fd6506aa1916e5f948da777996": ["1", "org.jtb.alogcat.PrefsActivity"]}, {"6408f226e1777a6f9745a78f263ac789": ["4", "org.jtb.alogcat.PrefsActivity"]}, {"fc49c6fd6506aa1916e5f948da777996": ["1", "org.jtb.alogcat.PrefsActivity"]}, {"fc49c6fd6506aa1916e5f948da777996": ["1", "org.jtb.alogcat.PrefsActivity"]}, {"423b9ded68d0141aafab8bae247118cc": ["3", "org.jtb.alogcat.PrefsActivity"]}, {"fc49c6fd6506aa1916e5f948da777996": ["1", "org.jtb.alogcat.PrefsActivity"]}, {"d9e85a52319eb7901bef0aa256f4a8f2": ["2", "org.jtb.alogcat.PrefsActivity"]}, {"fc49c6fd6506aa1916e5f948da777996": ["1", "org.jtb.alogcat.PrefsActivity"]}, {"fc49c6fd6506aa1916e5f948da777996": ["1", "org.jtb.alogcat.PrefsActivity"]}, {"423b9ded68d0141aafab8bae247118cc": ["3", "org.jtb.alogcat.PrefsActivity"]}, {"fc49c6fd6506aa1916e5f948da777996": ["1", "org.jtb.alogcat.PrefsActivity"]}, {"fc49c6fd6506aa1916e5f948da777996": ["1", "org.jtb.alogcat.PrefsActivity"]}, {"fc49c6fd6506aa1916e5f948da777996": ["1", "org.jtb.alogcat.PrefsActivity"]}, {"fc49c6fd6506aa1916e5f948da777996": ["1", "org.jtb.alogcat.PrefsActivity"]}, {"fc49c6fd6506aa1916e5f948da777996": ["1", "org.jtb.alogcat.PrefsActivity"]}, {"d9e85a52319eb7901bef0aa256f4a8f2": ["2", "org.jtb.alogcat.PrefsActivity"]}, {"fc49c6fd6506aa1916e5f948da777996": ["1", "org.jtb.alogcat.PrefsActivity"]}, {"6408f226e1777a6f9745a78f263ac789": ["4", "org.jtb.alogcat.PrefsActivity"]}, {"fc49c6fd6506aa1916e5f948da777996": ["1", "org.jtb.alogcat.PrefsActivity"]}, {"fc49c6fd6506aa1916e5f948da777996": ["1", "org.jtb.alogcat.PrefsActivity"]}, {"fc49c6fd6506aa1916e5f948da777996": ["1", "org.jtb.alogcat.PrefsActivity"]}, {"6408f226e1777a6f9745a78f263ac789": ["4", "org.jtb.alogcat.PrefsActivity"]}, {"fc49c6fd6506aa1916e5f948da777996": ["1", "org.jtb.alogcat.PrefsActivity"]}, {"6408f226e1777a6f9745a78f263ac789": ["4", "org.jtb.alogcat.PrefsActivity"]}, {"fc49c6fd6506aa1916e5f948da777996": ["1", "org.jtb.alogcat.PrefsActivity"]}, {"d9e85a52319eb7901bef0aa256f4a8f2": ["2", "org.jtb.alogcat.PrefsActivity"]}, {"fc49c6fd6506aa1916e5f948da777996": ["1", "org.jtb.alogcat.PrefsActivity"]}, {"d9e85a52319eb7901bef0aa256f4a8f2": ["2", "org.jtb.alogcat.PrefsActivity"]}, {"fc49c6fd6506aa1916e5f948da777996": ["1", "org.jtb.alogcat.PrefsActivity"]}, {"6408f226e1777a6f9745a78f263ac789": ["4", "org.jtb.alogcat.PrefsActivity"]}, {"fc49c6fd6506aa1916e5f948da777996": ["1", "org.jtb.alogcat.PrefsActivity"]}, {"fc49c6fd6506aa1916e5f948da777996": ["1", "org.jtb.alogcat.PrefsActivity"]}, {"423b9ded68d0141aafab8bae247118cc": ["3", "org.jtb.alogcat.PrefsActivity"]}, {"fc49c6fd6506aa1916e5f948da777996": ["1", "org.jtb.alogcat.PrefsActivity"]}, {"fc49c6fd6506aa1916e5f948da777996": ["1", "org.jtb.alogcat.PrefsActivity"]}, {"6408f226e1777a6f9745a78f263ac789": ["4", "org.jtb.alogcat.PrefsActivity"]}, {"fc49c6fd6506aa1916e5f948da777996": ["1", "org.jtb.alogcat.PrefsActivity"]}, {"423b9ded68d0141aafab8bae247118cc": ["3", "org.jtb.alogcat.PrefsActivity"]}, {"fc49c6fd6506aa1916e5f948da777996": ["1", "org.jtb.alogcat.PrefsActivity"]}, {"fc49c6fd6506aa1916e5f948da777996": ["1", "org.jtb.alogcat.PrefsActivity"]}, {"fc49c6fd6506aa1916e5f948da777996": ["1", "org.jtb.alogcat.PrefsActivity"]}, {"fc49c6fd6506aa1916e5f948da777996": ["1", "org.jtb.alogcat.PrefsActivity"]}, {"6408f226e1777a6f9745a78f263ac789": ["4", "org.jtb.alogcat.PrefsActivity"]}, {"b61ec79352049b785714d494c6bf9e1d": ["0", "org.jtb.alogcat.LogActivity"]}, {"55b8ee0804c863c9ab1df2b060f9348c": ["30", "org.jtb.alogcat.LogActivity"]}, {"55b8ee0804c863c9ab1df2b060f9348c": ["30", "org.jtb.alogcat.LogActivity"]}, {"b61ec79352049b785714d494c6bf9e1d": ["0", "org.jtb.alogcat.LogActivity"]}, {"b61ec79352049b785714d494c6bf9e1d": ["0", "org.jtb.alogcat.LogActivity"]}, {"7de14a47bfa0e8dea4a60f0483131a4a": ["16", "org.jtb.alogcat.LogActivity"]}, {"b61ec79352049b785714d494c6bf9e1d": ["0", "org.jtb.alogcat.LogActivity"]}, {"fc49c6fd6506aa1916e5f948da777996": ["1", "org.jtb.alogcat.PrefsActivity"]}, {"d9e85a52319eb7901bef0aa256f4a8f2": ["2", "org.jtb.alogcat.PrefsActivity"]}, {"fc49c6fd6506aa1916e5f948da777996": ["1", "org.jtb.alogcat.PrefsActivity"]}, {"fc49c6fd6506aa1916e5f948da777996": ["1", "org.jtb.alogcat.PrefsActivity"]}, {"423b9ded68d0141aafab8bae247118cc": ["3", "org.jtb.alogcat.PrefsActivity"]}, {"fc49c6fd6506aa1916e5f948da777996": ["1", "org.jtb.alogcat.PrefsActivity"]}, {"fc49c6fd6506aa1916e5f948da777996": ["1", "org.jtb.alogcat.PrefsActivity"]}, {"6408f226e1777a6f9745a78f263ac789": ["4", "org.jtb.alogcat.PrefsActivity"]}, {"fc49c6fd6506aa1916e5f948da777996": ["1", "org.jtb.alogcat.PrefsActivity"]}, {"6408f226e1777a6f9745a78f263ac789": ["4", "org.jtb.alogcat.PrefsActivity"]}, {"fc49c6fd6506aa1916e5f948da777996": ["1", "org.jtb.alogcat.PrefsActivity"]}, {"6408f226e1777a6f9745a78f263ac789": ["4", "org.jtb.alogcat.PrefsActivity"]}, {"fc49c6fd6506aa1916e5f948da777996": ["1", "org.jtb.alogcat.PrefsActivity"]}, {"fc49c6fd6506aa1916e5f948da777996": ["1", "org.jtb.alogcat.PrefsActivity"]}, {"fc49c6fd6506aa1916e5f948da777996": ["1", "org.jtb.alogcat.PrefsActivity"]}, {"fc49c6fd6506aa1916e5f948da777996": ["1", "org.jtb.alogcat.PrefsActivity"]}, {"d9e85a52319eb7901bef0aa256f4a8f2": ["2", "org.jtb.alogcat.PrefsActivity"]}, {"fc49c6fd6506aa1916e5f948da777996": ["1", "org.jtb.alogcat.PrefsActivity"]}, {"fc49c6fd6506aa1916e5f948da777996": ["1", "org.jtb.alogcat.PrefsActivity"]}, {"fc49c6fd6506aa1916e5f948da777996": ["1", "org.jtb.alogcat.PrefsActivity"]}, {"fc49c6fd6506aa1916e5f948da777996": ["1", "org.jtb.alogcat.PrefsActivity"]}, {"fc49c6fd6506aa1916e5f948da777996": ["1", "org.jtb.alogcat.PrefsActivity"]}, {"fc49c6fd6506aa1916e5f948da777996": ["1", "org.jtb.alogcat.PrefsActivity"]}, {"fc49c6fd6506aa1916e5f948da777996": ["1", "org.jtb.alogcat.PrefsActivity"]}, {"fc49c6fd6506aa1916e5f948da777996": ["1", "org.jtb.alogcat.PrefsActivity"]}, {"fc49c6fd6506aa1916e5f948da777996": ["1", "org.jtb.alogcat.PrefsActivity"]}, {"fc49c6fd6506aa1916e5f948da777996": ["1", "org.jtb.alogcat.PrefsActivity"]}, {"fc49c6fd6506aa1916e5f948da777996": ["1", "org.jtb.alogcat.PrefsActivity"]}, {"d9e85a52319eb7901bef0aa256f4a8f2": ["2", "org.jtb.alogcat.PrefsActivity"]}, {"fc49c6fd6506aa1916e5f948da777996": ["1", "org.jtb.alogcat.PrefsActivity"]}, {"423b9ded68d0141aafab8bae247118cc": ["3", "org.jtb.alogcat.PrefsActivity"]}, {"fc49c6fd6506aa1916e5f948da777996": ["1", "org.jtb.alogcat.PrefsActivity"]}, {"6408f226e1777a6f9745a78f263ac789": ["4", "org.jtb.alogcat.PrefsActivity"]}, {"fc49c6fd6506aa1916e5f948da777996": ["1", "org.jtb.alogcat.PrefsActivity"]}, {"6408f226e1777a6f9745a78f263ac789": ["4", "org.jtb.alogcat.PrefsActivity"]}, {"fc49c6fd6506aa1916e5f948da777996": ["1", "org.jtb.alogcat.PrefsActivity"]}, {"fc49c6fd6506aa1916e5f948da777996": ["1", "org.jtb.alogcat.PrefsActivity"]}, {"fc49c6fd6506aa1916e5f948da777996": ["1", "org.jtb.alogcat.PrefsActivity"]}, {"fc49c6fd6506aa1916e5f948da777996": ["1", "org.jtb.alogcat.PrefsActivity"]}, {"fc49c6fd6506aa1916e5f948da777996": ["1", "org.jtb.alogcat.PrefsActivity"]}, {"fc49c6fd6506aa1916e5f948da777996": ["1", "org.jtb.alogcat.PrefsActivity"]}, {"fc49c6fd6506aa1916e5f948da777996": ["1", "org.jtb.alogcat.PrefsActivity"]}, {"fc49c6fd6506aa1916e5f948da777996": ["1", "org.jtb.alogcat.PrefsActivity"]}, {"423b9ded68d0141aafab8bae247118cc": ["3", "org.jtb.alogcat.PrefsActivity"]}, {"fc49c6fd6506aa1916e5f948da777996": ["1", "org.jtb.alogcat.PrefsActivity"]}, {"6408f226e1777a6f9745a78f263ac789": ["4", "org.jtb.alogcat.PrefsActivity"]}, {"fc49c6fd6506aa1916e5f948da777996": ["1", "org.jtb.alogcat.PrefsActivity"]}, {"fc49c6fd6506aa1916e5f948da777996": ["1", "org.jtb.alogcat.PrefsActivity"]}, {"fc49c6fd6506aa1916e5f948da777996": ["1", "org.jtb.alogcat.PrefsActivity"]}, {"fc49c6fd6506aa1916e5f948da777996": ["1", "org.jtb.alogcat.PrefsActivity"]}, {"423b9ded68d0141aafab8bae247118cc": ["3", "org.jtb.alogcat.PrefsActivity"]}, {"fc49c6fd6506aa1916e5f948da777996": ["1", "org.jtb.alogcat.PrefsActivity"]}, {"fc49c6fd6506aa1916e5f948da777996": ["1", "org.jtb.alogcat.PrefsActivity"]}, {"fc49c6fd6506aa1916e5f948da777996": ["1", "org.jtb.alogcat.PrefsActivity"]}, {"d9e85a52319eb7901bef0aa256f4a8f2": ["2", "org.jtb.alogcat.PrefsActivity"]}, {"fc49c6fd6506aa1916e5f948da777996": ["1", "org.jtb.alogcat.PrefsActivity"]}, {"d9e85a52319eb7901bef0aa256f4a8f2": ["2", "org.jtb.alogcat.PrefsActivity"]}, {"fc49c6fd6506aa1916e5f948da777996": ["1", "org.jtb.alogcat.PrefsActivity"]}, {"fc49c6fd6506aa1916e5f948da777996": ["1", "org.jtb.alogcat.PrefsActivity"]}, {"fc49c6fd6506aa1916e5f948da777996": ["1", "org.jtb.alogcat.PrefsActivity"]}, {"6408f226e1777a6f9745a78f263ac789": ["4", "org.jtb.alogcat.PrefsActivity"]}, {"fc49c6fd6506aa1916e5f948da777996": ["1", "org.jtb.alogcat.PrefsActivity"]}, {"fc49c6fd6506aa1916e5f948da777996": ["1", "org.jtb.alogcat.PrefsActivity"]}, {"423b9ded68d0141aafab8bae247118cc": ["3", "org.jtb.alogcat.PrefsActivity"]}, {"fc49c6fd6506aa1916e5f948da777996": ["1", "org.jtb.alogcat.PrefsActivity"]}, {"d9e85a52319eb7901bef0aa256f4a8f2": ["2", "org.jtb.alogcat.PrefsActivity"]}, {"fc49c6fd6506aa1916e5f948da777996": ["1", "org.jtb.alogcat.PrefsActivity"]}, {"423b9ded68d0141aafab8bae247118cc": ["3", "org.jtb.alogcat.PrefsActivity"]}, {"fc49c6fd6506aa1916e5f948da777996": ["1", "org.jtb.alogcat.PrefsActivity"]}, {"fc49c6fd6506aa1916e5f948da777996": ["1", "org.jtb.alogcat.PrefsActivity"]}, {"fc49c6fd6506aa1916e5f948da777996": ["1", "org.jtb.alogcat.PrefsActivity"]}, {"6408f226e1777a6f9745a78f263ac789": ["4", "org.jtb.alogcat.PrefsActivity"]}, {"fc49c6fd6506aa1916e5f948da777996": ["1", "org.jtb.alogcat.PrefsActivity"]}, {"fc49c6fd6506aa1916e5f948da777996": ["1", "org.jtb.alogcat.PrefsActivity"]}, {"6408f226e1777a6f9745a78f263ac789": ["4", "org.jtb.alogcat.PrefsActivity"]}, {"fc49c6fd6506aa1916e5f948da777996": ["1", "org.jtb.alogcat.PrefsActivity"]}, {"423b9ded68d0141aafab8bae247118cc": ["3", "org.jtb.alogcat.PrefsActivity"]}, {"fc49c6fd6506aa1916e5f948da777996": ["1", "org.jtb.alogcat.PrefsActivity"]}, {"423b9ded68d0141aafab8bae247118cc": ["3", "org.jtb.alogcat.PrefsActivity"]}, {"fc49c6fd6506aa1916e5f948da777996": ["1", "org.jtb.alogcat.PrefsActivity"]}, {"6408f226e1777a6f9745a78f263ac789": ["4", "org.jtb.alogcat.PrefsActivity"]}, {"fc49c6fd6506aa1916e5f948da777996": ["1", "org.jtb.alogcat.PrefsActivity"]}, {"fc49c6fd6506aa1916e5f948da777996": ["1", "org.jtb.alogcat.PrefsActivity"]}, {"d9e85a52319eb7901bef0aa256f4a8f2": ["2", "org.jtb.alogcat.PrefsActivity"]}, {"fc49c6fd6506aa1916e5f948da777996": ["1", "org.jtb.alogcat.PrefsActivity"]}, {"fc49c6fd6506aa1916e5f948da777996": ["1", "org.jtb.alogcat.PrefsActivity"]}, {"d9e85a52319eb7901bef0aa256f4a8f2": ["2", "org.jtb.alogcat.PrefsActivity"]}, {"fc49c6fd6506aa1916e5f948da777996": ["1", "org.jtb.alogcat.PrefsActivity"]}, {"d9e85a52319eb7901bef0aa256f4a8f2": ["2", "org.jtb.alogcat.PrefsActivity"]}, {"fc49c6fd6506aa1916e5f948da777996": ["1", "org.jtb.alogcat.PrefsActivity"]}, {"d9e85a52319eb7901bef0aa256f4a8f2": ["2", "org.jtb.alogcat.PrefsActivity"]}, {"fc49c6fd6506aa1916e5f948da777996": ["1", "org.jtb.alogcat.PrefsActivity"]}, {"fc49c6fd6506aa1916e5f948da777996": ["1", "org.jtb.alogcat.PrefsActivity"]}, {"423b9ded68d0141aafab8bae247118cc": ["3", "org.jtb.alogcat.PrefsActivity"]}, {"fc49c6fd6506aa1916e5f948da777996": ["1", "org.jtb.alogcat.PrefsActivity"]}, {"fc49c6fd6506aa1916e5f948da777996": ["1", "org.jtb.alogcat.PrefsActivity"]}, {"fc49c6fd6506aa1916e5f948da777996": ["1", "org.jtb.alogcat.PrefsActivity"]}, {"d9e85a52319eb7901bef0aa256f4a8f2": ["2", "org.jtb.alogcat.PrefsActivity"]}, {"fc49c6fd6506aa1916e5f948da777996": ["1", "org.jtb.alogcat.PrefsActivity"]}, {"fc49c6fd6506aa1916e5f948da777996": ["1", "org.jtb.alogcat.PrefsActivity"]}, {"fc49c6fd6506aa1916e5f948da777996": ["1", "org.jtb.alogcat.PrefsActivity"]}, {"fc49c6fd6506aa1916e5f948da777996": ["1", "org.jtb.alogcat.PrefsActivity"]}, {"6408f226e1777a6f9745a78f263ac789": ["4", "org.jtb.alogcat.PrefsActivity"]}, {"fc49c6fd6506aa1916e5f948da777996": ["1", "org.jtb.alogcat.PrefsActivity"]}, {"423b9ded68d0141aafab8bae247118cc": ["3", "org.jtb.alogcat.PrefsActivity"]}, {"fc49c6fd6506aa1916e5f948da777996": ["1", "org.jtb.alogcat.PrefsActivity"]}, {"423b9ded68d0141aafab8bae247118cc": ["3", "org.jtb.alogcat.PrefsActivity"]}, {"fc49c6fd6506aa1916e5f948da777996": ["1", "org.jtb.alogcat.PrefsActivity"]}, {"6408f226e1777a6f9745a78f263ac789": ["4", "org.jtb.alogcat.PrefsActivity"]}, {"fc49c6fd6506aa1916e5f948da777996": ["1", "org.jtb.alogcat.PrefsActivity"]}, {"6408f226e1777a6f9745a78f263ac789": ["4", "org.jtb.alogcat.PrefsActivity"]}, {"fc49c6fd6506aa1916e5f948da777996": ["1", "org.jtb.alogcat.PrefsActivity"]}, {"423b9ded68d0141aafab8bae247118cc": ["3", "org.jtb.alogcat.PrefsActivity"]}, {"fc49c6fd6506aa1916e5f948da777996": ["1", "org.jtb.alogcat.PrefsActivity"]}, {"fc49c6fd6506aa1916e5f948da777996": ["1", "org.jtb.alogcat.PrefsActivity"]}, {"6408f226e1777a6f9745a78f263ac789": ["4", "org.jtb.alogcat.PrefsActivity"]}, {"fc49c6fd6506aa1916e5f948da777996": ["1", "org.jtb.alogcat.PrefsActivity"]}, {"fc49c6fd6506aa1916e5f948da777996": ["1", "org.jtb.alogcat.PrefsActivity"]}, {"6408f226e1777a6f9745a78f263ac789": ["4", "org.jtb.alogcat.PrefsActivity"]}, {"fc49c6fd6506aa1916e5f948da777996": ["1", "org.jtb.alogcat.PrefsActivity"]}, {"fc49c6fd6506aa1916e5f948da777996": ["1", "org.jtb.alogcat.PrefsActivity"]}, {"fc49c6fd6506aa1916e5f948da777996": ["1", "org.jtb.alogcat.PrefsActivity"]}, {"fc49c6fd6506aa1916e5f948da777996": ["1", "org.jtb.alogcat.PrefsActivity"]}, {"fc49c6fd6506aa1916e5f948da777996": ["1", "org.jtb.alogcat.PrefsActivity"]}, {"fc49c6fd6506aa1916e5f948da777996": ["1", "org.jtb.alogcat.PrefsActivity"]}, {"fc49c6fd6506aa1916e5f948da777996": ["1", "org.jtb.alogcat.PrefsActivity"]}, {"d9e85a52319eb7901bef0aa256f4a8f2": ["2", "org.jtb.alogcat.PrefsActivity"]}, {"fc49c6fd6506aa1916e5f948da777996": ["1", "org.jtb.alogcat.PrefsActivity"]}, {"423b9ded68d0141aafab8bae247118cc": ["3", "org.jtb.alogcat.PrefsActivity"]}, {"fc49c6fd6506aa1916e5f948da777996": ["1", "org.jtb.alogcat.PrefsActivity"]}, {"fc49c6fd6506aa1916e5f948da777996": ["1", "org.jtb.alogcat.PrefsActivity"]}, {"6408f226e1777a6f9745a78f263ac789": ["4", "org.jtb.alogcat.PrefsActivity"]}, {"fc49c6fd6506aa1916e5f948da777996": ["1", "org.jtb.alogcat.PrefsActivity"]}, {"fc49c6fd6506aa1916e5f948da777996": ["1", "org.jtb.alogcat.PrefsActivity"]}, {"fc49c6fd6506aa1916e5f948da777996": ["1", "org.jtb.alogcat.PrefsActivity"]}, {"d9e85a52319eb7901bef0aa256f4a8f2": ["2", "org.jtb.alogcat.PrefsActivity"]}, {"fc49c6fd6506aa1916e5f948da777996": ["1", "org.jtb.alogcat.PrefsActivity"]}, {"423b9ded68d0141aafab8bae247118cc": ["3", "org.jtb.alogcat.PrefsActivity"]}, {"fc49c6fd6506aa1916e5f948da777996": ["1", "org.jtb.alogcat.PrefsActivity"]}, {"423b9ded68d0141aafab8bae247118cc": ["3", "org.jtb.alogcat.PrefsActivity"]}, {"fc49c6fd6506aa1916e5f948da777996": ["1", "org.jtb.alogcat.PrefsActivity"]}, {"fc49c6fd6506aa1916e5f948da777996": ["1", "org.jtb.alogcat.PrefsActivity"]}, {"423b9ded68d0141aafab8bae247118cc": ["3", "org.jtb.alogcat.PrefsActivity"]}, {"fc49c6fd6506aa1916e5f948da777996": ["1", "org.jtb.alogcat.PrefsActivity"]}, {"fc49c6fd6506aa1916e5f948da777996": ["1", "org.jtb.alogcat.PrefsActivity"]}, {"fc49c6fd6506aa1916e5f948da777996": ["1", "org.jtb.alogcat.PrefsActivity"]}, {"fc49c6fd6506aa1916e5f948da777996": ["1", "org.jtb.alogcat.PrefsActivity"]}, {"6408f226e1777a6f9745a78f263ac789": ["4", "org.jtb.alogcat.PrefsActivity"]}, {"fc49c6fd6506aa1916e5f948da777996": ["1", "org.jtb.alogcat.PrefsActivity"]}, {"fc49c6fd6506aa1916e5f948da777996": ["1", "org.jtb.alogcat.PrefsActivity"]}, {"fc49c6fd6506aa1916e5f948da777996": ["1", "org.jtb.alogcat.PrefsActivity"]}, {"423b9ded68d0141aafab8bae247118cc": ["3", "org.jtb.alogcat.PrefsActivity"]}, {"fc49c6fd6506aa1916e5f948da777996": ["1", "org.jtb.alogcat.PrefsActivity"]}, {"fc49c6fd6506aa1916e5f948da777996": ["1", "org.jtb.alogcat.PrefsActivity"]}, {"fc49c6fd6506aa1916e5f948da777996": ["1", "org.jtb.alogcat.PrefsActivity"]}, {"6408f226e1777a6f9745a78f263ac789": ["4", "org.jtb.alogcat.PrefsActivity"]}, {"fc49c6fd6506aa1916e5f948da777996": ["1", "org.jtb.alogcat.PrefsActivity"]}, {"423b9ded68d0141aafab8bae247118cc": ["3", "org.jtb.alogcat.PrefsActivity"]}, {"fc49c6fd6506aa1916e5f948da777996": ["1", "org.jtb.alogcat.PrefsActivity"]}, {"423b9ded68d0141aafab8bae247118cc": ["3", "org.jtb.alogcat.PrefsActivity"]}, {"fc49c6fd6506aa1916e5f948da777996": ["1", "org.jtb.alogcat.PrefsActivity"]}, {"423b9ded68d0141aafab8bae247118cc": ["3", "org.jtb.alogcat.PrefsActivity"]}, {"fc49c6fd6506aa1916e5f948da777996": ["1", "org.jtb.alogcat.PrefsActivity"]}, {"fc49c6fd6506aa1916e5f948da777996": ["1", "org.jtb.alogcat.PrefsActivity"]}, {"fc49c6fd6506aa1916e5f948da777996": ["1", "org.jtb.alogcat.PrefsActivity"]}, {"fc49c6fd6506aa1916e5f948da777996": ["1", "org.jtb.alogcat.PrefsActivity"]}, {"fc49c6fd6506aa1916e5f948da777996": ["1", "org.jtb.alogcat.PrefsActivity"]}, {"fc49c6fd6506aa1916e5f948da777996": ["1", "org.jtb.alogcat.PrefsActivity"]}, {"fc49c6fd6506aa1916e5f948da777996": ["1", "org.jtb.alogcat.PrefsActivity"]}, {"fc49c6fd6506aa1916e5f948da777996": ["1", "org.jtb.alogcat.PrefsActivity"]}, {"6408f226e1777a6f9745a78f263ac789": ["4", "org.jtb.alogcat.PrefsActivity"]}, {"fc49c6fd6506aa1916e5f948da777996": ["1", "org.jtb.alogcat.PrefsActivity"]}, {"6408f226e1777a6f9745a78f263ac789": ["4", "org.jtb.alogcat.PrefsActivity"]}, {"fc49c6fd6506aa1916e5f948da777996": ["1", "org.jtb.alogcat.PrefsActivity"]}, {"423b9ded68d0141aafab8bae247118cc": ["3", "org.jtb.alogcat.PrefsActivity"]}, {"fc49c6fd6506aa1916e5f948da777996": ["1", "org.jtb.alogcat.PrefsActivity"]}, {"423b9ded68d0141aafab8bae247118cc": ["3", "org.jtb.alogcat.PrefsActivity"]}, {"fc49c6fd6506aa1916e5f948da777996": ["1", "org.jtb.alogcat.PrefsActivity"]}, {"fc49c6fd6506aa1916e5f948da777996": ["1", "org.jtb.alogcat.PrefsActivity"]}, {"fc49c6fd6506aa1916e5f948da777996": ["1", "org.jtb.alogcat.PrefsActivity"]}, {"fc49c6fd6506aa1916e5f948da777996": ["1", "org.jtb.alogcat.PrefsActivity"]}, {"423b9ded68d0141aafab8bae247118cc": ["3", "org.jtb.alogcat.PrefsActivity"]}, {"fc49c6fd6506aa1916e5f948da777996": ["1", "org.jtb.alogcat.PrefsActivity"]}, {"d9e85a52319eb7901bef0aa256f4a8f2": ["2", "org.jtb.alogcat.PrefsActivity"]}, {"fc49c6fd6506aa1916e5f948da777996": ["1", "org.jtb.alogcat.PrefsActivity"]}, {"d9e85a52319eb7901bef0aa256f4a8f2": ["2", "org.jtb.alogcat.PrefsActivity"]}, {"fc49c6fd6506aa1916e5f948da777996": ["1", "org.jtb.alogcat.PrefsActivity"]}, {"fc49c6fd6506aa1916e5f948da777996": ["1", "org.jtb.alogcat.PrefsActivity"]}, {"d9e85a52319eb7901bef0aa256f4a8f2": ["2", "org.jtb.alogcat.PrefsActivity"]}, {"fc49c6fd6506aa1916e5f948da777996": ["1", "org.jtb.alogcat.PrefsActivity"]}, {"fc49c6fd6506aa1916e5f948da777996": ["1", "org.jtb.alogcat.PrefsActivity"]}, {"fc49c6fd6506aa1916e5f948da777996": ["1", "org.jtb.alogcat.PrefsActivity"]}, {"fc49c6fd6506aa1916e5f948da777996": ["1", "org.jtb.alogcat.PrefsActivity"]}, {"fc49c6fd6506aa1916e5f948da777996": ["1", "org.jtb.alogcat.PrefsActivity"]}, {"423b9ded68d0141aafab8bae247118cc": ["3", "org.jtb.alogcat.PrefsActivity"]}, {"fc49c6fd6506aa1916e5f948da777996": ["1", "org.jtb.alogcat.PrefsActivity"]}, {"fc49c6fd6506aa1916e5f948da777996": ["1", "org.jtb.alogcat.PrefsActivity"]}, {"423b9ded68d0141aafab8bae247118cc": ["3", "org.jtb.alogcat.PrefsActivity"]}, {"fc49c6fd6506aa1916e5f948da777996": ["1", "org.jtb.alogcat.PrefsActivity"]}, {"fc49c6fd6506aa1916e5f948da777996": ["1", "org.jtb.alogcat.PrefsActivity"]}, {"fc49c6fd6506aa1916e5f948da777996": ["1", "org.jtb.alogcat.PrefsActivity"]}, {"423b9ded68d0141aafab8bae247118cc": ["3", "org.jtb.alogcat.PrefsActivity"]}, {"fc49c6fd6506aa1916e5f948da777996": ["1", "org.jtb.alogcat.PrefsActivity"]}, {"fc49c6fd6506aa1916e5f948da777996": ["1", "org.jtb.alogcat.PrefsActivity"]}, {"fc49c6fd6506aa1916e5f948da777996": ["1", "org.jtb.alogcat.PrefsActivity"]}, {"fc49c6fd6506aa1916e5f948da777996": ["1", "org.jtb.alogcat.PrefsActivity"]}, {"fc49c6fd6506aa1916e5f948da777996": ["1", "org.jtb.alogcat.PrefsActivity"]}, {"fc49c6fd6506aa1916e5f948da777996": ["1", "org.jtb.alogcat.PrefsActivity"]}, {"fc49c6fd6506aa1916e5f948da777996": ["1", "org.jtb.alogcat.PrefsActivity"]}, {"fc49c6fd6506aa1916e5f948da777996": ["1", "org.jtb.alogcat.PrefsActivity"]}, {"fc49c6fd6506aa1916e5f948da777996": ["1", "org.jtb.alogcat.PrefsActivity"]}, {"fc49c6fd6506aa1916e5f948da777996": ["1", "org.jtb.alogcat.PrefsActivity"]}, {"6408f226e1777a6f9745a78f263ac789": ["4", "org.jtb.alogcat.PrefsActivity"]}, {"fc49c6fd6506aa1916e5f948da777996": ["1", "org.jtb.alogcat.PrefsActivity"]}, {"6408f226e1777a6f9745a78f263ac789": ["4", "org.jtb.alogcat.PrefsActivity"]}, {"fc49c6fd6506aa1916e5f948da777996": ["1", "org.jtb.alogcat.PrefsActivity"]}, {"fc49c6fd6506aa1916e5f948da777996": ["1", "org.jtb.alogcat.PrefsActivity"]}, {"fc49c6fd6506aa1916e5f948da777996": ["1", "org.jtb.alogcat.PrefsActivity"]}, {"fc49c6fd6506aa1916e5f948da777996": ["1", "org.jtb.alogcat.PrefsActivity"]}, {"423b9ded68d0141aafab8bae247118cc": ["3", "org.jtb.alogcat.PrefsActivity"]}, {"fc49c6fd6506aa1916e5f948da777996": ["1", "org.jtb.alogcat.PrefsActivity"]}, {"fc49c6fd6506aa1916e5f948da777996": ["1", "org.jtb.alogcat.PrefsActivity"]}, {"fc49c6fd6506aa1916e5f948da777996": ["1", "org.jtb.alogcat.PrefsActivity"]}, {"0feec9231c66b453a6e9372eb74c77c9": ["25", "org.jtb.alogcat.LogActivity"]}, {"0feec9231c66b453a6e9372eb74c77c9": ["25", "org.jtb.alogcat.LogActivity"]}, {"b61ec79352049b785714d494c6bf9e1d": ["0", "org.jtb.alogcat.LogActivity"]}, {"b61ec79352049b785714d494c6bf9e1d": ["0", "org.jtb.alogcat.LogActivity"]}, {"d7ed7d016ecefa85afc61c9f6576c110": ["37", "org.jtb.alogcat.LogActivity"]}, {"b61ec79352049b785714d494c6bf9e1d": ["0", "org.jtb.alogcat.LogActivity"]}, {"b61ec79352049b785714d494c6bf9e1d": ["0", "org.jtb.alogcat.LogActivity"]}, {"b61ec79352049b785714d494c6bf9e1d": ["0", "org.jtb.alogcat.LogActivity"]}, {"d7ed7d016ecefa85afc61c9f6576c110": ["37", "org.jtb.alogcat.LogActivity"]}, {"0feec9231c66b453a6e9372eb74c77c9": ["25", "org.jtb.alogcat.LogActivity"]}, {"0feec9231c66b453a6e9372eb74c77c9": ["25", "org.jtb.alogcat.LogActivity"]}, {"b61ec79352049b785714d494c6bf9e1d": ["0", "org.jtb.alogcat.LogActivity"]}, {"7de14a47bfa0e8dea4a60f0483131a4a": ["16", "org.jtb.alogcat.LogActivity"]}, {"b61ec79352049b785714d494c6bf9e1d": ["0", "org.jtb.alogcat.LogActivity"]}, {"b61ec79352049b785714d494c6bf9e1d": ["0", "org.jtb.alogcat.LogActivity"]}, {"b61ec79352049b785714d494c6bf9e1d": ["0", "org.jtb.alogcat.LogActivity"]}, {"0feec9231c66b453a6e9372eb74c77c9": ["25", "org.jtb.alogcat.LogActivity"]}, {"b61ec79352049b785714d494c6bf9e1d": ["0", "org.jtb.alogcat.LogActivity"]}, {"b61ec79352049b785714d494c6bf9e1d": ["0", "org.jtb.alogcat.LogActivity"]}, {"b61ec79352049b785714d494c6bf9e1d": ["0", "org.jtb.alogcat.LogActivity"]}, {"b61ec79352049b785714d494c6bf9e1d": ["0", "org.jtb.alogcat.LogActivity"]}, {"fc49c6fd6506aa1916e5f948da777996": ["1", "org.jtb.alogcat.PrefsActivity"]}, {"fc49c6fd6506aa1916e5f948da777996": ["1", "org.jtb.alogcat.PrefsActivity"]}, {"423b9ded68d0141aafab8bae247118cc": ["3", "org.jtb.alogcat.PrefsActivity"]}, {"fc49c6fd6506aa1916e5f948da777996": ["1", "org.jtb.alogcat.PrefsActivity"]}, {"fc49c6fd6506aa1916e5f948da777996": ["1", "org.jtb.alogcat.PrefsActivity"]}, {"fc49c6fd6506aa1916e5f948da777996": ["1", "org.jtb.alogcat.PrefsActivity"]}, {"423b9ded68d0141aafab8bae247118cc": ["3", "org.jtb.alogcat.PrefsActivity"]}, {"fc49c6fd6506aa1916e5f948da777996": ["1", "org.jtb.alogcat.PrefsActivity"]}, {"423b9ded68d0141aafab8bae247118cc": ["3", "org.jtb.alogcat.PrefsActivity"]}, {"fc49c6fd6506aa1916e5f948da777996": ["1", "org.jtb.alogcat.PrefsActivity"]}, {"423b9ded68d0141aafab8bae247118cc": ["3", "org.jtb.alogcat.PrefsActivity"]}, {"fc49c6fd6506aa1916e5f948da777996": ["1", "org.jtb.alogcat.PrefsActivity"]}, {"fc49c6fd6506aa1916e5f948da777996": ["1", "org.jtb.alogcat.PrefsActivity"]}, {"d9e85a52319eb7901bef0aa256f4a8f2": ["2", "org.jtb.alogcat.PrefsActivity"]}, {"fc49c6fd6506aa1916e5f948da777996": ["1", "org.jtb.alogcat.PrefsActivity"]}, {"fc49c6fd6506aa1916e5f948da777996": ["1", "org.jtb.alogcat.PrefsActivity"]}, {"fc49c6fd6506aa1916e5f948da777996": ["1", "org.jtb.alogcat.PrefsActivity"]}, {"fc49c6fd6506aa1916e5f948da777996": ["1", "org.jtb.alogcat.PrefsActivity"]}, {"fc49c6fd6506aa1916e5f948da777996": ["1", "org.jtb.alogcat.PrefsActivity"]}, {"fc49c6fd6506aa1916e5f948da777996": ["1", "org.jtb.alogcat.PrefsActivity"]}, {"423b9ded68d0141aafab8bae247118cc": ["3", "org.jtb.alogcat.PrefsActivity"]}, {"fc49c6fd6506aa1916e5f948da777996": ["1", "org.jtb.alogcat.PrefsActivity"]}, {"6408f226e1777a6f9745a78f263ac789": ["4", "org.jtb.alogcat.PrefsActivity"]}, {"fc49c6fd6506aa1916e5f948da777996": ["1", "org.jtb.alogcat.PrefsActivity"]}, {"423b9ded68d0141aafab8bae247118cc": ["3", "org.jtb.alogcat.PrefsActivity"]}, {"fc49c6fd6506aa1916e5f948da777996": ["1", "org.jtb.alogcat.PrefsActivity"]}, {"d9e85a52319eb7901bef0aa256f4a8f2": ["2", "org.jtb.alogcat.PrefsActivity"]}, {"fc49c6fd6506aa1916e5f948da777996": ["1", "org.jtb.alogcat.PrefsActivity"]}, {"fc49c6fd6506aa1916e5f948da777996": ["1", "org.jtb.alogcat.PrefsActivity"]}, {"fc49c6fd6506aa1916e5f948da777996": ["1", "org.jtb.alogcat.PrefsActivity"]}, {"fc49c6fd6506aa1916e5f948da777996": ["1", "org.jtb.alogcat.PrefsActivity"]}, {"fc49c6fd6506aa1916e5f948da777996": ["1", "org.jtb.alogcat.PrefsActivity"]}, {"fc49c6fd6506aa1916e5f948da777996": ["1", "org.jtb.alogcat.PrefsActivity"]}, {"fc49c6fd6506aa1916e5f948da777996": ["1", "org.jtb.alogcat.PrefsActivity"]}, {"6408f226e1777a6f9745a78f263ac789": ["4", "org.jtb.alogcat.PrefsActivity"]}, {"fc49c6fd6506aa1916e5f948da777996": ["1", "org.jtb.alogcat.PrefsActivity"]}, {"d9e85a52319eb7901bef0aa256f4a8f2": ["2", "org.jtb.alogcat.PrefsActivity"]}, {"fc49c6fd6506aa1916e5f948da777996": ["1", "org.jtb.alogcat.PrefsActivity"]}, {"423b9ded68d0141aafab8bae247118cc": ["3", "org.jtb.alogcat.PrefsActivity"]}, {"fc49c6fd6506aa1916e5f948da777996": ["1", "org.jtb.alogcat.PrefsActivity"]}, {"423b9ded68d0141aafab8bae247118cc": ["3", "org.jtb.alogcat.PrefsActivity"]}, {"fc49c6fd6506aa1916e5f948da777996": ["1", "org.jtb.alogcat.PrefsActivity"]}, {"d9e85a52319eb7901bef0aa256f4a8f2": ["2", "org.jtb.alogcat.PrefsActivity"]}, {"fc49c6fd6506aa1916e5f948da777996": ["1", "org.jtb.alogcat.PrefsActivity"]}, {"6408f226e1777a6f9745a78f263ac789": ["4", "org.jtb.alogcat.PrefsActivity"]}, {"fc49c6fd6506aa1916e5f948da777996": ["1", "org.jtb.alogcat.PrefsActivity"]}, {"d9e85a52319eb7901bef0aa256f4a8f2": ["2", "org.jtb.alogcat.PrefsActivity"]}, {"fc49c6fd6506aa1916e5f948da777996": ["1", "org.jtb.alogcat.PrefsActivity"]}, {"fc49c6fd6506aa1916e5f948da777996": ["1", "org.jtb.alogcat.PrefsActivity"]}, {"fc49c6fd6506aa1916e5f948da777996": ["1", "org.jtb.alogcat.PrefsActivity"]}, {"fc49c6fd6506aa1916e5f948da777996": ["1", "org.jtb.alogcat.PrefsActivity"]}, {"6408f226e1777a6f9745a78f263ac789": ["4", "org.jtb.alogcat.PrefsActivity"]}, {"b61ec79352049b785714d494c6bf9e1d": ["0", "org.jtb.alogcat.LogActivity"]}, {"7de14a47bfa0e8dea4a60f0483131a4a": ["16", "org.jtb.alogcat.LogActivity"]}, {"b61ec79352049b785714d494c6bf9e1d": ["0", "org.jtb.alogcat.LogActivity"]}, {"7de14a47bfa0e8dea4a60f0483131a4a": ["16", "org.jtb.alogcat.LogActivity"]}, {"7de14a47bfa0e8dea4a60f0483131a4a": ["16", "org.jtb.alogcat.LogActivity"]}, {"7de14a47bfa0e8dea4a60f0483131a4a": ["16", "org.jtb.alogcat.LogActivity"]}, {"b61ec79352049b785714d494c6bf9e1d": ["0", "org.jtb.alogcat.LogActivity"]}, {"b61ec79352049b785714d494c6bf9e1d": ["0", "org.jtb.alogcat.LogActivity"]}, {"b61ec79352049b785714d494c6bf9e1d": ["0", "org.jtb.alogcat.LogActivity"]}, {"fc49c6fd6506aa1916e5f948da777996": ["1", "org.jtb.alogcat.PrefsActivity"]}, {"fc49c6fd6506aa1916e5f948da777996": ["1", "org.jtb.alogcat.PrefsActivity"]}, {"fc49c6fd6506aa1916e5f948da777996": ["1", "org.jtb.alogcat.PrefsActivity"]}, {"fc49c6fd6506aa1916e5f948da777996": ["1", "org.jtb.alogcat.PrefsActivity"]}, {"fc49c6fd6506aa1916e5f948da777996": ["1", "org.jtb.alogcat.PrefsActivity"]}, {"fc49c6fd6506aa1916e5f948da777996": ["1", "org.jtb.alogcat.PrefsActivity"]}, {"fc49c6fd6506aa1916e5f948da777996": ["1", "org.jtb.alogcat.PrefsActivity"]}, {"423b9ded68d0141aafab8bae247118cc": ["3", "org.jtb.alogcat.PrefsActivity"]}, {"fc49c6fd6506aa1916e5f948da777996": ["1", "org.jtb.alogcat.PrefsActivity"]}, {"d9e85a52319eb7901bef0aa256f4a8f2": ["2", "org.jtb.alogcat.PrefsActivity"]}, {"fc49c6fd6506aa1916e5f948da777996": ["1", "org.jtb.alogcat.PrefsActivity"]}, {"6408f226e1777a6f9745a78f263ac789": ["4", "org.jtb.alogcat.PrefsActivity"]}, {"fc49c6fd6506aa1916e5f948da777996": ["1", "org.jtb.alogcat.PrefsActivity"]}, {"6408f226e1777a6f9745a78f263ac789": ["4", "org.jtb.alogcat.PrefsActivity"]}, {"fc49c6fd6506aa1916e5f948da777996": ["1", "org.jtb.alogcat.PrefsActivity"]}, {"fc49c6fd6506aa1916e5f948da777996": ["1", "org.jtb.alogcat.PrefsActivity"]}, {"6408f226e1777a6f9745a78f263ac789": ["4", "org.jtb.alogcat.PrefsActivity"]}, {"fc49c6fd6506aa1916e5f948da777996": ["1", "org.jtb.alogcat.PrefsActivity"]}, {"fc49c6fd6506aa1916e5f948da777996": ["1", "org.jtb.alogcat.PrefsActivity"]}, {"fc49c6fd6506aa1916e5f948da777996": ["1", "org.jtb.alogcat.PrefsActivity"]}, {"d9e85a52319eb7901bef0aa256f4a8f2": ["2", "org.jtb.alogcat.PrefsActivity"]}, {"fc49c6fd6506aa1916e5f948da777996": ["1", "org.jtb.alogcat.PrefsActivity"]}, {"d9e85a52319eb7901bef0aa256f4a8f2": ["2", "org.jtb.alogcat.PrefsActivity"]}, {"fc49c6fd6506aa1916e5f948da777996": ["1", "org.jtb.alogcat.PrefsActivity"]}, {"fc49c6fd6506aa1916e5f948da777996": ["1", "org.jtb.alogcat.PrefsActivity"]}, {"fc49c6fd6506aa1916e5f948da777996": ["1", "org.jtb.alogcat.PrefsActivity"]}, {"fc49c6fd6506aa1916e5f948da777996": ["1", "org.jtb.alogcat.PrefsActivity"]}, {"fc49c6fd6506aa1916e5f948da777996": ["1", "org.jtb.alogcat.PrefsActivity"]}, {"fc49c6fd6506aa1916e5f948da777996": ["1", "org.jtb.alogcat.PrefsActivity"]}, {"fc49c6fd6506aa1916e5f948da777996": ["1", "org.jtb.alogcat.PrefsActivity"]}, {"fc49c6fd6506aa1916e5f948da777996": ["1", "org.jtb.alogcat.PrefsActivity"]}, {"fc49c6fd6506aa1916e5f948da777996": ["1", "org.jtb.alogcat.PrefsActivity"]}, {"423b9ded68d0141aafab8bae247118cc": ["3", "org.jtb.alogcat.PrefsActivity"]}, {"fc49c6fd6506aa1916e5f948da777996": ["1", "org.jtb.alogcat.PrefsActivity"]}, {"423b9ded68d0141aafab8bae247118cc": ["3", "org.jtb.alogcat.PrefsActivity"]}, {"fc49c6fd6506aa1916e5f948da777996": ["1", "org.jtb.alogcat.PrefsActivity"]}, {"6408f226e1777a6f9745a78f263ac789": ["4", "org.jtb.alogcat.PrefsActivity"]}, {"fc49c6fd6506aa1916e5f948da777996": ["1", "org.jtb.alogcat.PrefsActivity"]}, {"6408f226e1777a6f9745a78f263ac789": ["4", "org.jtb.alogcat.PrefsActivity"]}, {"fc49c6fd6506aa1916e5f948da777996": ["1", "org.jtb.alogcat.PrefsActivity"]}, {"fc49c6fd6506aa1916e5f948da777996": ["1", "org.jtb.alogcat.PrefsActivity"]}, {"fc49c6fd6506aa1916e5f948da777996": ["1", "org.jtb.alogcat.PrefsActivity"]}, {"b61ec79352049b785714d494c6bf9e1d": ["0", "org.jtb.alogcat.LogActivity"]}, {"b61ec79352049b785714d494c6bf9e1d": ["0", "org.jtb.alogcat.LogActivity"]}, {"b61ec79352049b785714d494c6bf9e1d": ["0", "org.jtb.alogcat.LogActivity"]}, {"fc49c6fd6506aa1916e5f948da777996": ["1", "org.jtb.alogcat.PrefsActivity"]}, {"fc49c6fd6506aa1916e5f948da777996": ["1", "org.jtb.alogcat.PrefsActivity"]}, {"fc49c6fd6506aa1916e5f948da777996": ["1", "org.jtb.alogcat.PrefsActivity"]}, {"fc49c6fd6506aa1916e5f948da777996": ["1", "org.jtb.alogcat.PrefsActivity"]}, {"423b9ded68d0141aafab8bae247118cc": ["3", "org.jtb.alogcat.PrefsActivity"]}, {"fc49c6fd6506aa1916e5f948da777996": ["1", "org.jtb.alogcat.PrefsActivity"]}, {"fc49c6fd6506aa1916e5f948da777996": ["1", "org.jtb.alogcat.PrefsActivity"]}, {"d9e85a52319eb7901bef0aa256f4a8f2": ["2", "org.jtb.alogcat.PrefsActivity"]}, {"fc49c6fd6506aa1916e5f948da777996": ["1", "org.jtb.alogcat.PrefsActivity"]}, {"fc49c6fd6506aa1916e5f948da777996": ["1", "org.jtb.alogcat.PrefsActivity"]}, {"6408f226e1777a6f9745a78f263ac789": ["4", "org.jtb.alogcat.PrefsActivity"]}, {"fc49c6fd6506aa1916e5f948da777996": ["1", "org.jtb.alogcat.PrefsActivity"]}, {"6408f226e1777a6f9745a78f263ac789": ["4", "org.jtb.alogcat.PrefsActivity"]}, {"fc49c6fd6506aa1916e5f948da777996": ["1", "org.jtb.alogcat.PrefsActivity"]}, {"fc49c6fd6506aa1916e5f948da777996": ["1", "org.jtb.alogcat.PrefsActivity"]}, {"fc49c6fd6506aa1916e5f948da777996": ["1", "org.jtb.alogcat.PrefsActivity"]}, {"fc49c6fd6506aa1916e5f948da777996": ["1", "org.jtb.alogcat.PrefsActivity"]}, {"fc49c6fd6506aa1916e5f948da777996": ["1", "org.jtb.alogcat.PrefsActivity"]}, {"fc49c6fd6506aa1916e5f948da777996": ["1", "org.jtb.alogcat.PrefsActivity"]}, {"6408f226e1777a6f9745a78f263ac789": ["4", "org.jtb.alogcat.PrefsActivity"]}, {"fc49c6fd6506aa1916e5f948da777996": ["1", "org.jtb.alogcat.PrefsActivity"]}, {"fc49c6fd6506aa1916e5f948da777996": ["1", "org.jtb.alogcat.PrefsActivity"]}, {"fc49c6fd6506aa1916e5f948da777996": ["1", "org.jtb.alogcat.PrefsActivity"]}, {"fc49c6fd6506aa1916e5f948da777996": ["1", "org.jtb.alogcat.PrefsActivity"]}, {"fc49c6fd6506aa1916e5f948da777996": ["1", "org.jtb.alogcat.PrefsActivity"]}, {"d9e85a52319eb7901bef0aa256f4a8f2": ["2", "org.jtb.alogcat.PrefsActivity"]}, {"fc49c6fd6506aa1916e5f948da777996": ["1", "org.jtb.alogcat.PrefsActivity"]}, {"fc49c6fd6506aa1916e5f948da777996": ["1", "org.jtb.alogcat.PrefsActivity"]}, {"fc49c6fd6506aa1916e5f948da777996": ["1", "org.jtb.alogcat.PrefsActivity"]}, {"423b9ded68d0141aafab8bae247118cc": ["3", "org.jtb.alogcat.PrefsActivity"]}, {"fc49c6fd6506aa1916e5f948da777996": ["1", "org.jtb.alogcat.PrefsActivity"]}, {"423b9ded68d0141aafab8bae247118cc": ["3", "org.jtb.alogcat.PrefsActivity"]}, {"fc49c6fd6506aa1916e5f948da777996": ["1", "org.jtb.alogcat.PrefsActivity"]}, {"423b9ded68d0141aafab8bae247118cc": ["3", "org.jtb.alogcat.PrefsActivity"]}, {"fc49c6fd6506aa1916e5f948da777996": ["1", "org.jtb.alogcat.PrefsActivity"]}, {"423b9ded68d0141aafab8bae247118cc": ["3", "org.jtb.alogcat.PrefsActivity"]}, {"fc49c6fd6506aa1916e5f948da777996": ["1", "org.jtb.alogcat.PrefsActivity"]}, {"fc49c6fd6506aa1916e5f948da777996": ["1", "org.jtb.alogcat.PrefsActivity"]}, {"fc49c6fd6506aa1916e5f948da777996": ["1", "org.jtb.alogcat.PrefsActivity"]}, {"d9e85a52319eb7901bef0aa256f4a8f2": ["2", "org.jtb.alogcat.PrefsActivity"]}, {"fc49c6fd6506aa1916e5f948da777996": ["1", "org.jtb.alogcat.PrefsActivity"]}, {"6408f226e1777a6f9745a78f263ac789": ["4", "org.jtb.alogcat.PrefsActivity"]}, {"fc49c6fd6506aa1916e5f948da777996": ["1", "org.jtb.alogcat.PrefsActivity"]}, {"423b9ded68d0141aafab8bae247118cc": ["3", "org.jtb.alogcat.PrefsActivity"]}, {"fc49c6fd6506aa1916e5f948da777996": ["1", "org.jtb.alogcat.PrefsActivity"]}, {"d9e85a52319eb7901bef0aa256f4a8f2": ["2", "org.jtb.alogcat.PrefsActivity"]}, {"fc49c6fd6506aa1916e5f948da777996": ["1", "org.jtb.alogcat.PrefsActivity"]}, {"fc49c6fd6506aa1916e5f948da777996": ["1", "org.jtb.alogcat.PrefsActivity"]}, {"423b9ded68d0141aafab8bae247118cc": ["3", "org.jtb.alogcat.PrefsActivity"]}, {"fc49c6fd6506aa1916e5f948da777996": ["1", "org.jtb.alogcat.PrefsActivity"]}, {"6408f226e1777a6f9745a78f263ac789": ["4", "org.jtb.alogcat.PrefsActivity"]}, {"fc49c6fd6506aa1916e5f948da777996": ["1", "org.jtb.alogcat.PrefsActivity"]}, {"d9e85a52319eb7901bef0aa256f4a8f2": ["2", "org.jtb.alogcat.PrefsActivity"]}, {"fc49c6fd6506aa1916e5f948da777996": ["1", "org.jtb.alogcat.PrefsActivity"]}, {"d9e85a52319eb7901bef0aa256f4a8f2": ["2", "org.jtb.alogcat.PrefsActivity"]}, {"fc49c6fd6506aa1916e5f948da777996": ["1", "org.jtb.alogcat.PrefsActivity"]}, {"fc49c6fd6506aa1916e5f948da777996": ["1", "org.jtb.alogcat.PrefsActivity"]}, {"fc49c6fd6506aa1916e5f948da777996": ["1", "org.jtb.alogcat.PrefsActivity"]}, {"6408f226e1777a6f9745a78f263ac789": ["4", "org.jtb.alogcat.PrefsActivity"]}, {"fc49c6fd6506aa1916e5f948da777996": ["1", "org.jtb.alogcat.PrefsActivity"]}, {"fc49c6fd6506aa1916e5f948da777996": ["1", "org.jtb.alogcat.PrefsActivity"]}, {"fc49c6fd6506aa1916e5f948da777996": ["1", "org.jtb.alogcat.PrefsActivity"]}, {"d9e85a52319eb7901bef0aa256f4a8f2": ["2", "org.jtb.alogcat.PrefsActivity"]}, {"fc49c6fd6506aa1916e5f948da777996": ["1", "org.jtb.alogcat.PrefsActivity"]}, {"fc49c6fd6506aa1916e5f948da777996": ["1", "org.jtb.alogcat.PrefsActivity"]}, {"b61ec79352049b785714d494c6bf9e1d": ["0", "org.jtb.alogcat.LogActivity"]}, {"27e7108492e8f0e12bf105261cb06ad1": ["7", "org.jtb.alogcat.LogActivity"]}, {"27e7108492e8f0e12bf105261cb06ad1": ["7", "org.jtb.alogcat.LogActivity"]}, {"41d28a738f6ba3480331fbee554fb09f": ["29", "org.jtb.alogcat.LogActivity"]}, {"41d28a738f6ba3480331fbee554fb09f": ["29", "org.jtb.alogcat.LogActivity"]}, {"b61ec79352049b785714d494c6bf9e1d": ["0", "org.jtb.alogcat.LogActivity"]}, {"7de14a47bfa0e8dea4a60f0483131a4a": ["16", "org.jtb.alogcat.LogActivity"]}, {"d7ed7d016ecefa85afc61c9f6576c110": ["37", "org.jtb.alogcat.LogActivity"]}, {"d7ed7d016ecefa85afc61c9f6576c110": ["37", "org.jtb.alogcat.LogActivity"]}, {"d7ed7d016ecefa85afc61c9f6576c110": ["37", "org.jtb.alogcat.LogActivity"]}, {"b61ec79352049b785714d494c6bf9e1d": ["0", "org.jtb.alogcat.LogActivity"]}, {"41d28a738f6ba3480331fbee554fb09f": ["29", "org.jtb.alogcat.LogActivity"]}, {"b61ec79352049b785714d494c6bf9e1d": ["0", "org.jtb.alogcat.LogActivity"]}, {"d7ed7d016ecefa85afc61c9f6576c110": ["37", "org.jtb.alogcat.LogActivity"]}, {"7de14a47bfa0e8dea4a60f0483131a4a": ["16", "org.jtb.alogcat.LogActivity"]}, {"c9501069ce5a6aebee7a01417bf1b304": ["27", "org.jtb.alogcat.LogActivity"]}, {"41d28a738f6ba3480331fbee554fb09f": ["29", "org.jtb.alogcat.LogActivity"]}, {"d7ed7d016ecefa85afc61c9f6576c110": ["37", "org.jtb.alogcat.LogActivity"]}, {"b61ec79352049b785714d494c6bf9e1d": ["0", "org.jtb.alogcat.LogActivity"]}, {"b61ec79352049b785714d494c6bf9e1d": ["0", "org.jtb.alogcat.LogActivity"]}, {"41d28a738f6ba3480331fbee554fb09f": ["29", "org.jtb.alogcat.LogActivity"]}, {"b61ec79352049b785714d494c6bf9e1d": ["0", "org.jtb.alogcat.LogActivity"]}, {"d7ed7d016ecefa85afc61c9f6576c110": ["37", "org.jtb.alogcat.LogActivity"]}, {"d7ed7d016ecefa85afc61c9f6576c110": ["37", "org.jtb.alogcat.LogActivity"]}, {"b61ec79352049b785714d494c6bf9e1d": ["0", "org.jtb.alogcat.LogActivity"]}, {"7de14a47bfa0e8dea4a60f0483131a4a": ["16", "org.jtb.alogcat.LogActivity"]}, {"d7ed7d016ecefa85afc61c9f6576c110": ["37", "org.jtb.alogcat.LogActivity"]}, {"d7ed7d016ecefa85afc61c9f6576c110": ["37", "org.jtb.alogcat.LogActivity"]}, {"b61ec79352049b785714d494c6bf9e1d": ["0", "org.jtb.alogcat.LogActivity"]}, {"b61ec79352049b785714d494c6bf9e1d": ["0", "org.jtb.alogcat.LogActivity"]}, {"7de14a47bfa0e8dea4a60f0483131a4a": ["16", "org.jtb.alogcat.LogActivity"]}, {"7de14a47bfa0e8dea4a60f0483131a4a": ["16", "org.jtb.alogcat.LogActivity"]}, {"41d28a738f6ba3480331fbee554fb09f": ["29", "org.jtb.alogcat.LogActivity"]}, {"b61ec79352049b785714d494c6bf9e1d": ["0", "org.jtb.alogcat.LogActivity"]}, {"b61ec79352049b785714d494c6bf9e1d": ["0", "org.jtb.alogcat.LogActivity"]}, {"7de14a47bfa0e8dea4a60f0483131a4a": ["16", "org.jtb.alogcat.LogActivity"]}, {"41d28a738f6ba3480331fbee554fb09f": ["29", "org.jtb.alogcat.LogActivity"]}, {"41d28a738f6ba3480331fbee554fb09f": ["29", "org.jtb.alogcat.LogActivity"]}, {"b61ec79352049b785714d494c6bf9e1d": ["0", "org.jtb.alogcat.LogActivity"]}, {"d1b39f938e8538528a0f5ec4f773a61f": ["14", "org.jtb.alogcat.LogActivity"]}, {"d1b39f938e8538528a0f5ec4f773a61f": ["14", "org.jtb.alogcat.LogActivity"]}, {"d1b39f938e8538528a0f5ec4f773a61f": ["14", "org.jtb.alogcat.LogActivity"]}, {"b61ec79352049b785714d494c6bf9e1d": ["0", "org.jtb.alogcat.LogActivity"]}, {"b61ec79352049b785714d494c6bf9e1d": ["0", "org.jtb.alogcat.LogActivity"]}, {"7de14a47bfa0e8dea4a60f0483131a4a": ["16", "org.jtb.alogcat.LogActivity"]}, {"b61ec79352049b785714d494c6bf9e1d": ["0", "org.jtb.alogcat.LogActivity"]}, {"b61ec79352049b785714d494c6bf9e1d": ["0", "org.jtb.alogcat.LogActivity"]}, {"7de14a47bfa0e8dea4a60f0483131a4a": ["16", "org.jtb.alogcat.LogActivity"]}, {"41d28a738f6ba3480331fbee554fb09f": ["29", "org.jtb.alogcat.LogActivity"]}, {"41d28a738f6ba3480331fbee554fb09f": ["29", "org.jtb.alogcat.LogActivity"]}, {"41d28a738f6ba3480331fbee554fb09f": ["29", "org.jtb.alogcat.LogActivity"]}, {"7de14a47bfa0e8dea4a60f0483131a4a": ["16", "org.jtb.alogcat.LogActivity"]}, {"b61ec79352049b785714d494c6bf9e1d": ["0", "org.jtb.alogcat.LogActivity"]}, {"b61ec79352049b785714d494c6bf9e1d": ["0", "org.jtb.alogcat.LogActivity"]}, {"d7ed7d016ecefa85afc61c9f6576c110": ["37", "org.jtb.alogcat.LogActivity"]}, {"d7ed7d016ecefa85afc61c9f6576c110": ["37", "org.jtb.alogcat.LogActivity"]}, {"b61ec79352049b785714d494c6bf9e1d": ["0", "org.jtb.alogcat.LogActivity"]}, {"d7ed7d016ecefa85afc61c9f6576c110": ["37", "org.jtb.alogcat.LogActivity"]}, {"d7ed7d016ecefa85afc61c9f6576c110": ["37", "org.jtb.alogcat.LogActivity"]}, {"b61ec79352049b785714d494c6bf9e1d": ["0", "org.jtb.alogcat.LogActivity"]}, {"d1b39f938e8538528a0f5ec4f773a61f": ["14", "org.jtb.alogcat.LogActivity"]}, {"d7ed7d016ecefa85afc61c9f6576c110": ["37", "org.jtb.alogcat.LogActivity"]}, {"b61ec79352049b785714d494c6bf9e1d": ["0", "org.jtb.alogcat.LogActivity"]}, {"6b932d3142d76b2b8ab0965444388582": ["6", "org.jtb.alogcat.LogActivity"]}, {"6b932d3142d76b2b8ab0965444388582": ["6", "org.jtb.alogcat.LogActivity"]}, {"d7ed7d016ecefa85afc61c9f6576c110": ["37", "org.jtb.alogcat.LogActivity"]}, {"b61ec79352049b785714d494c6bf9e1d": ["0", "org.jtb.alogcat.LogActivity"]}, {"d7ed7d016ecefa85afc61c9f6576c110": ["37", "org.jtb.alogcat.LogActivity"]}, {"b61ec79352049b785714d494c6bf9e1d": ["0", "org.jtb.alogcat.LogActivity"]}, {"41d28a738f6ba3480331fbee554fb09f": ["29", "org.jtb.alogcat.LogActivity"]}, {"41d28a738f6ba3480331fbee554fb09f": ["29", "org.jtb.alogcat.LogActivity"]}, {"41d28a738f6ba3480331fbee554fb09f": ["29", "org.jtb.alogcat.LogActivity"]}, {"d7ed7d016ecefa85afc61c9f6576c110": ["37", "org.jtb.alogcat.LogActivity"]}, {"b61ec79352049b785714d494c6bf9e1d": ["0", "org.jtb.alogcat.LogActivity"]}, {"fc49c6fd6506aa1916e5f948da777996": ["1", "org.jtb.alogcat.PrefsActivity"]}, {"6408f226e1777a6f9745a78f263ac789": ["4", "org.jtb.alogcat.PrefsActivity"]}, {"fc49c6fd6506aa1916e5f948da777996": ["1", "org.jtb.alogcat.PrefsActivity"]}, {"fc49c6fd6506aa1916e5f948da777996": ["1", "org.jtb.alogcat.PrefsActivity"]}, {"6408f226e1777a6f9745a78f263ac789": ["4", "org.jtb.alogcat.PrefsActivity"]}, {"fc49c6fd6506aa1916e5f948da777996": ["1", "org.jtb.alogcat.PrefsActivity"]}, {"423b9ded68d0141aafab8bae247118cc": ["3", "org.jtb.alogcat.PrefsActivity"]}, {"fc49c6fd6506aa1916e5f948da777996": ["1", "org.jtb.alogcat.PrefsActivity"]}, {"fc49c6fd6506aa1916e5f948da777996": ["1", "org.jtb.alogcat.PrefsActivity"]}, {"6408f226e1777a6f9745a78f263ac789": ["4", "org.jtb.alogcat.PrefsActivity"]}, {"fc49c6fd6506aa1916e5f948da777996": ["1", "org.jtb.alogcat.PrefsActivity"]}, {"423b9ded68d0141aafab8bae247118cc": ["3", "org.jtb.alogcat.PrefsActivity"]}, {"fc49c6fd6506aa1916e5f948da777996": ["1", "org.jtb.alogcat.PrefsActivity"]}, {"423b9ded68d0141aafab8bae247118cc": ["3", "org.jtb.alogcat.PrefsActivity"]}, {"fc49c6fd6506aa1916e5f948da777996": ["1", "org.jtb.alogcat.PrefsActivity"]}, {"423b9ded68d0141aafab8bae247118cc": ["3", "org.jtb.alogcat.PrefsActivity"]}, {"fc49c6fd6506aa1916e5f948da777996": ["1", "org.jtb.alogcat.PrefsActivity"]}, {"fc49c6fd6506aa1916e5f948da777996": ["1", "org.jtb.alogcat.PrefsActivity"]}, {"d9e85a52319eb7901bef0aa256f4a8f2": ["2", "org.jtb.alogcat.PrefsActivity"]}, {"fc49c6fd6506aa1916e5f948da777996": ["1", "org.jtb.alogcat.PrefsActivity"]}, {"423b9ded68d0141aafab8bae247118cc": ["3", "org.jtb.alogcat.PrefsActivity"]}, {"fc49c6fd6506aa1916e5f948da777996": ["1", "org.jtb.alogcat.PrefsActivity"]}, {"423b9ded68d0141aafab8bae247118cc": ["3", "org.jtb.alogcat.PrefsActivity"]}, {"fc49c6fd6506aa1916e5f948da777996": ["1", "org.jtb.alogcat.PrefsActivity"]}, {"fc49c6fd6506aa1916e5f948da777996": ["1", "org.jtb.alogcat.PrefsActivity"]}, {"fc49c6fd6506aa1916e5f948da777996": ["1", "org.jtb.alogcat.PrefsActivity"]}, {"fc49c6fd6506aa1916e5f948da777996": ["1", "org.jtb.alogcat.PrefsActivity"]}, {"fc49c6fd6506aa1916e5f948da777996": ["1", "org.jtb.alogcat.PrefsActivity"]}, {"423b9ded68d0141aafab8bae247118cc": ["3", "org.jtb.alogcat.PrefsActivity"]}, {"fc49c6fd6506aa1916e5f948da777996": ["1", "org.jtb.alogcat.PrefsActivity"]}, {"fc49c6fd6506aa1916e5f948da777996": ["1", "org.jtb.alogcat.PrefsActivity"]}, {"6408f226e1777a6f9745a78f263ac789": ["4", "org.jtb.alogcat.PrefsActivity"]}, {"fc49c6fd6506aa1916e5f948da777996": ["1", "org.jtb.alogcat.PrefsActivity"]}, {"d9e85a52319eb7901bef0aa256f4a8f2": ["2", "org.jtb.alogcat.PrefsActivity"]}, {"fc49c6fd6506aa1916e5f948da777996": ["1", "org.jtb.alogcat.PrefsActivity"]}, {"fc49c6fd6506aa1916e5f948da777996": ["1", "org.jtb.alogcat.PrefsActivity"]}, {"fc49c6fd6506aa1916e5f948da777996": ["1", "org.jtb.alogcat.PrefsActivity"]}, {"fc49c6fd6506aa1916e5f948da777996": ["1", "org.jtb.alogcat.PrefsActivity"]}, {"fc49c6fd6506aa1916e5f948da777996": ["1", "org.jtb.alogcat.PrefsActivity"]}, {"fc49c6fd6506aa1916e5f948da777996": ["1", "org.jtb.alogcat.PrefsActivity"]}, {"fc49c6fd6506aa1916e5f948da777996": ["1", "org.jtb.alogcat.PrefsActivity"]}, {"d9e85a52319eb7901bef0aa256f4a8f2": ["2", "org.jtb.alogcat.PrefsActivity"]}, {"fc49c6fd6506aa1916e5f948da777996": ["1", "org.jtb.alogcat.PrefsActivity"]}, {"fc49c6fd6506aa1916e5f948da777996": ["1", "org.jtb.alogcat.PrefsActivity"]}, {"fc49c6fd6506aa1916e5f948da777996": ["1", "org.jtb.alogcat.PrefsActivity"]}, {"fc49c6fd6506aa1916e5f948da777996": ["1", "org.jtb.alogcat.PrefsActivity"]}, {"423b9ded68d0141aafab8bae247118cc": ["3", "org.jtb.alogcat.PrefsActivity"]}, {"fc49c6fd6506aa1916e5f948da777996": ["1", "org.jtb.alogcat.PrefsActivity"]}, {"d9e85a52319eb7901bef0aa256f4a8f2": ["2", "org.jtb.alogcat.PrefsActivity"]}, {"fc49c6fd6506aa1916e5f948da777996": ["1", "org.jtb.alogcat.PrefsActivity"]}, {"fc49c6fd6506aa1916e5f948da777996": ["1", "org.jtb.alogcat.PrefsActivity"]}, {"fc49c6fd6506aa1916e5f948da777996": ["1", "org.jtb.alogcat.PrefsActivity"]}, {"423b9ded68d0141aafab8bae247118cc": ["3", "org.jtb.alogcat.PrefsActivity"]}, {"fc49c6fd6506aa1916e5f948da777996": ["1", "org.jtb.alogcat.PrefsActivity"]}, {"fc49c6fd6506aa1916e5f948da777996": ["1", "org.jtb.alogcat.PrefsActivity"]}, {"fc49c6fd6506aa1916e5f948da777996": ["1", "org.jtb.alogcat.PrefsActivity"]}, {"fc49c6fd6506aa1916e5f948da777996": ["1", "org.jtb.alogcat.PrefsActivity"]}, {"423b9ded68d0141aafab8bae247118cc": ["3", "org.jtb.alogcat.PrefsActivity"]}, {"fc49c6fd6506aa1916e5f948da777996": ["1", "org.jtb.alogcat.PrefsActivity"]}, {"fc49c6fd6506aa1916e5f948da777996": ["1", "org.jtb.alogcat.PrefsActivity"]}, {"fc49c6fd6506aa1916e5f948da777996": ["1", "org.jtb.alogcat.PrefsActivity"]}, {"6408f226e1777a6f9745a78f263ac789": ["4", "org.jtb.alogcat.PrefsActivity"]}, {"fc49c6fd6506aa1916e5f948da777996": ["1", "org.jtb.alogcat.PrefsActivity"]}, {"fc49c6fd6506aa1916e5f948da777996": ["1", "org.jtb.alogcat.PrefsActivity"]}, {"fc49c6fd6506aa1916e5f948da777996": ["1", "org.jtb.alogcat.PrefsActivity"]}, {"fc49c6fd6506aa1916e5f948da777996": ["1", "org.jtb.alogcat.PrefsActivity"]}, {"fc49c6fd6506aa1916e5f948da777996": ["1", "org.jtb.alogcat.PrefsActivity"]}, {"fc49c6fd6506aa1916e5f948da777996": ["1", "org.jtb.alogcat.PrefsActivity"]}, {"fc49c6fd6506aa1916e5f948da777996": ["1", "org.jtb.alogcat.PrefsActivity"]}, {"fc49c6fd6506aa1916e5f948da777996": ["1", "org.jtb.alogcat.PrefsActivity"]}, {"fc49c6fd6506aa1916e5f948da777996": ["1", "org.jtb.alogcat.PrefsActivity"]}, {"d9e85a52319eb7901bef0aa256f4a8f2": ["2", "org.jtb.alogcat.PrefsActivity"]}, {"fc49c6fd6506aa1916e5f948da777996": ["1", "org.jtb.alogcat.PrefsActivity"]}, {"423b9ded68d0141aafab8bae247118cc": ["3", "org.jtb.alogcat.PrefsActivity"]}, {"fc49c6fd6506aa1916e5f948da777996": ["1", "org.jtb.alogcat.PrefsActivity"]}, {"fc49c6fd6506aa1916e5f948da777996": ["1", "org.jtb.alogcat.PrefsActivity"]}, {"423b9ded68d0141aafab8bae247118cc": ["3", "org.jtb.alogcat.PrefsActivity"]}, {"fc49c6fd6506aa1916e5f948da777996": ["1", "org.jtb.alogcat.PrefsActivity"]}, {"fc49c6fd6506aa1916e5f948da777996": ["1", "org.jtb.alogcat.PrefsActivity"]}, {"fc49c6fd6506aa1916e5f948da777996": ["1", "org.jtb.alogcat.PrefsActivity"]}, {"fc49c6fd6506aa1916e5f948da777996": ["1", "org.jtb.alogcat.PrefsActivity"]}, {"fc49c6fd6506aa1916e5f948da777996": ["1", "org.jtb.alogcat.PrefsActivity"]}, {"fc49c6fd6506aa1916e5f948da777996": ["1", "org.jtb.alogcat.PrefsActivity"]}, {"fc49c6fd6506aa1916e5f948da777996": ["1", "org.jtb.alogcat.PrefsActivity"]}, {"fc49c6fd6506aa1916e5f948da777996": ["1", "org.jtb.alogcat.PrefsActivity"]}, {"fc49c6fd6506aa1916e5f948da777996": ["1", "org.jtb.alogcat.PrefsActivity"]}, {"fc49c6fd6506aa1916e5f948da777996": ["1", "org.jtb.alogcat.PrefsActivity"]}, {"fc49c6fd6506aa1916e5f948da777996": ["1", "org.jtb.alogcat.PrefsActivity"]}, {"d9e85a52319eb7901bef0aa256f4a8f2": ["2", "org.jtb.alogcat.PrefsActivity"]}, {"fc49c6fd6506aa1916e5f948da777996": ["1", "org.jtb.alogcat.PrefsActivity"]}, {"fc49c6fd6506aa1916e5f948da777996": ["1", "org.jtb.alogcat.PrefsActivity"]}, {"fc49c6fd6506aa1916e5f948da777996": ["1", "org.jtb.alogcat.PrefsActivity"]}, {"fc49c6fd6506aa1916e5f948da777996": ["1", "org.jtb.alogcat.PrefsActivity"]}, {"423b9ded68d0141aafab8bae247118cc": ["3", "org.jtb.alogcat.PrefsActivity"]}, {"fc49c6fd6506aa1916e5f948da777996": ["1", "org.jtb.alogcat.PrefsActivity"]}, {"423b9ded68d0141aafab8bae247118cc": ["3", "org.jtb.alogcat.PrefsActivity"]}, {"fc49c6fd6506aa1916e5f948da777996": ["1", "org.jtb.alogcat.PrefsActivity"]}, {"423b9ded68d0141aafab8bae247118cc": ["3", "org.jtb.alogcat.PrefsActivity"]}, {"fc49c6fd6506aa1916e5f948da777996": ["1", "org.jtb.alogcat.PrefsActivity"]}, {"d9e85a52319eb7901bef0aa256f4a8f2": ["2", "org.jtb.alogcat.PrefsActivity"]}, {"fc49c6fd6506aa1916e5f948da777996": ["1", "org.jtb.alogcat.PrefsActivity"]}, {"fc49c6fd6506aa1916e5f948da777996": ["1", "org.jtb.alogcat.PrefsActivity"]}, {"423b9ded68d0141aafab8bae247118cc": ["3", "org.jtb.alogcat.PrefsActivity"]}, {"fc49c6fd6506aa1916e5f948da777996": ["1", "org.jtb.alogcat.PrefsActivity"]}, {"d9e85a52319eb7901bef0aa256f4a8f2": ["2", "org.jtb.alogcat.PrefsActivity"]}, {"fc49c6fd6506aa1916e5f948da777996": ["1", "org.jtb.alogcat.PrefsActivity"]}, {"6408f226e1777a6f9745a78f263ac789": ["4", "org.jtb.alogcat.PrefsActivity"]}, {"fc49c6fd6506aa1916e5f948da777996": ["1", "org.jtb.alogcat.PrefsActivity"]}, {"6408f226e1777a6f9745a78f263ac789": ["4", "org.jtb.alogcat.PrefsActivity"]}, {"fc49c6fd6506aa1916e5f948da777996": ["1", "org.jtb.alogcat.PrefsActivity"]}, {"fc49c6fd6506aa1916e5f948da777996": ["1", "org.jtb.alogcat.PrefsActivity"]}, {"6408f226e1777a6f9745a78f263ac789": ["4", "org.jtb.alogcat.PrefsActivity"]}, {"fc49c6fd6506aa1916e5f948da777996": ["1", "org.jtb.alogcat.PrefsActivity"]}, {"fc49c6fd6506aa1916e5f948da777996": ["1", "org.jtb.alogcat.PrefsActivity"]}, {"fc49c6fd6506aa1916e5f948da777996": ["1", "org.jtb.alogcat.PrefsActivity"]}, {"fc49c6fd6506aa1916e5f948da777996": ["1", "org.jtb.alogcat.PrefsActivity"]}, {"423b9ded68d0141aafab8bae247118cc": ["3", "org.jtb.alogcat.PrefsActivity"]}, {"fc49c6fd6506aa1916e5f948da777996": ["1", "org.jtb.alogcat.PrefsActivity"]}, {"55b8ee0804c863c9ab1df2b060f9348c": ["30", "org.jtb.alogcat.LogActivity"]}, {"55b8ee0804c863c9ab1df2b060f9348c": ["30", "org.jtb.alogcat.LogActivity"]}, {"7de14a47bfa0e8dea4a60f0483131a4a": ["16", "org.jtb.alogcat.LogActivity"]}, {"7de14a47bfa0e8dea4a60f0483131a4a": ["16", "org.jtb.alogcat.LogActivity"]}, {"55b8ee0804c863c9ab1df2b060f9348c": ["30", "org.jtb.alogcat.LogActivity"]}, {"b61ec79352049b785714d494c6bf9e1d": ["0", "org.jtb.alogcat.LogActivity"]}, {"b61ec79352049b785714d494c6bf9e1d": ["0", "org.jtb.alogcat.LogActivity"]}, {"fc49c6fd6506aa1916e5f948da777996": ["1", "org.jtb.alogcat.PrefsActivity"]}, {"d9e85a52319eb7901bef0aa256f4a8f2": ["2", "org.jtb.alogcat.PrefsActivity"]}]