[{"dd0ce2f16423e7da92461fadcf1bb72e": ["0", "com.example.anycut.FrontDoorActivity"]}, {"75fe7b19f667a15b8b03e3a3ed8c9938": ["1", "com.example.anycut.CreateShortcutActivity"]}, {"54799d680c0ac3f487a91cf5b0802108": ["4", "com.example.anycut.CustomShortcutCreatorActivity"]}, {"75fe7b19f667a15b8b03e3a3ed8c9938": ["1", "com.example.anycut.CreateShortcutActivity"]}, {"75fe7b19f667a15b8b03e3a3ed8c9938": ["1", "com.example.anycut.CreateShortcutActivity"]}, {"75fe7b19f667a15b8b03e3a3ed8c9938": ["1", "com.example.anycut.CreateShortcutActivity"]}, {"54cd3b8a33b04843f991782a47773d91": ["3", "com.example.anycut.ActivityPickerActivity"]}, {"75fe7b19f667a15b8b03e3a3ed8c9938": ["1", "com.example.anycut.CreateShortcutActivity"]}, {"75fe7b19f667a15b8b03e3a3ed8c9938": ["1", "com.example.anycut.CreateShortcutActivity"]}, {"6bcdee1f1dd878f8bb0c61dad50aea2c": ["2", "com.example.anycut.ActivityPickerActivity"]}, {"0c0e5807ecba9e21b15d27ba334a2d26": ["5", "com.example.anycut.CreateShortcutActivity"]}, {"75fe7b19f667a15b8b03e3a3ed8c9938": ["1", "com.example.anycut.CreateShortcutActivity"]}, {"6bcdee1f1dd878f8bb0c61dad50aea2c": ["2", "com.example.anycut.ActivityPickerActivity"]}, {"0c0e5807ecba9e21b15d27ba334a2d26": ["5", "com.example.anycut.CreateShortcutActivity"]}, {"dd0ce2f16423e7da92461fadcf1bb72e": ["0", "com.example.anycut.FrontDoorActivity"]}, {"75fe7b19f667a15b8b03e3a3ed8c9938": ["1", "com.example.anycut.CreateShortcutActivity"]}, {"54799d680c0ac3f487a91cf5b0802108": ["4", "com.example.anycut.CustomShortcutCreatorActivity"]}, {"75fe7b19f667a15b8b03e3a3ed8c9938": ["1", "com.example.anycut.CreateShortcutActivity"]}, {"54799d680c0ac3f487a91cf5b0802108": ["4", "com.example.anycut.CustomShortcutCreatorActivity"]}, {"75fe7b19f667a15b8b03e3a3ed8c9938": ["1", "com.example.anycut.CreateShortcutActivity"]}, {"75fe7b19f667a15b8b03e3a3ed8c9938": ["1", "com.example.anycut.CreateShortcutActivity"]}, {"75fe7b19f667a15b8b03e3a3ed8c9938": ["1", "com.example.anycut.CreateShortcutActivity"]}, {"54799d680c0ac3f487a91cf5b0802108": ["4", "com.example.anycut.CustomShortcutCreatorActivity"]}, {"75fe7b19f667a15b8b03e3a3ed8c9938": ["1", "com.example.anycut.CreateShortcutActivity"]}, {"54799d680c0ac3f487a91cf5b0802108": ["4", "com.example.anycut.CustomShortcutCreatorActivity"]}, {"75fe7b19f667a15b8b03e3a3ed8c9938": ["1", "com.example.anycut.CreateShortcutActivity"]}, {"75fe7b19f667a15b8b03e3a3ed8c9938": ["1", "com.example.anycut.CreateShortcutActivity"]}, {"6bcdee1f1dd878f8bb0c61dad50aea2c": ["2", "com.example.anycut.ActivityPickerActivity"]}, {"0c0e5807ecba9e21b15d27ba334a2d26": ["5", "com.example.anycut.CreateShortcutActivity"]}, {"75fe7b19f667a15b8b03e3a3ed8c9938": ["1", "com.example.anycut.CreateShortcutActivity"]}, {"75fe7b19f667a15b8b03e3a3ed8c9938": ["1", "com.example.anycut.CreateShortcutActivity"]}, {"54799d680c0ac3f487a91cf5b0802108": ["4", "com.example.anycut.CustomShortcutCreatorActivity"]}, {"75fe7b19f667a15b8b03e3a3ed8c9938": ["1", "com.example.anycut.CreateShortcutActivity"]}, {"6bcdee1f1dd878f8bb0c61dad50aea2c": ["2", "com.example.anycut.ActivityPickerActivity"]}, {"0c0e5807ecba9e21b15d27ba334a2d26": ["5", "com.example.anycut.CreateShortcutActivity"]}, {"75fe7b19f667a15b8b03e3a3ed8c9938": ["1", "com.example.anycut.CreateShortcutActivity"]}, {"75fe7b19f667a15b8b03e3a3ed8c9938": ["1", "com.example.anycut.CreateShortcutActivity"]}, {"75fe7b19f667a15b8b03e3a3ed8c9938": ["1", "com.example.anycut.CreateShortcutActivity"]}, {"75fe7b19f667a15b8b03e3a3ed8c9938": ["1", "com.example.anycut.CreateShortcutActivity"]}, {"6bcdee1f1dd878f8bb0c61dad50aea2c": ["2", "com.example.anycut.ActivityPickerActivity"]}, {"0c0e5807ecba9e21b15d27ba334a2d26": ["5", "com.example.anycut.CreateShortcutActivity"]}, {"75fe7b19f667a15b8b03e3a3ed8c9938": ["1", "com.example.anycut.CreateShortcutActivity"]}, {"54799d680c0ac3f487a91cf5b0802108": ["4", "com.example.anycut.CustomShortcutCreatorActivity"]}, {"dd0ce2f16423e7da92461fadcf1bb72e": ["0", "com.example.anycut.FrontDoorActivity"]}, {"dd0ce2f16423e7da92461fadcf1bb72e": ["0", "com.example.anycut.FrontDoorActivity"]}, {"75fe7b19f667a15b8b03e3a3ed8c9938": ["1", "com.example.anycut.CreateShortcutActivity"]}, {"75fe7b19f667a15b8b03e3a3ed8c9938": ["1", "com.example.anycut.CreateShortcutActivity"]}, {"75fe7b19f667a15b8b03e3a3ed8c9938": ["1", "com.example.anycut.CreateShortcutActivity"]}, {"6bcdee1f1dd878f8bb0c61dad50aea2c": ["2", "com.example.anycut.ActivityPickerActivity"]}, {"75fe7b19f667a15b8b03e3a3ed8c9938": ["1", "com.example.anycut.CreateShortcutActivity"]}, {"54799d680c0ac3f487a91cf5b0802108": ["4", "com.example.anycut.CustomShortcutCreatorActivity"]}, {"75fe7b19f667a15b8b03e3a3ed8c9938": ["1", "com.example.anycut.CreateShortcutActivity"]}, {"54799d680c0ac3f487a91cf5b0802108": ["4", "com.example.anycut.CustomShortcutCreatorActivity"]}, {"75fe7b19f667a15b8b03e3a3ed8c9938": ["1", "com.example.anycut.CreateShortcutActivity"]}, {"dd0ce2f16423e7da92461fadcf1bb72e": ["0", "com.example.anycut.FrontDoorActivity"]}, {"75fe7b19f667a15b8b03e3a3ed8c9938": ["1", "com.example.anycut.CreateShortcutActivity"]}, {"54799d680c0ac3f487a91cf5b0802108": ["4", "com.example.anycut.CustomShortcutCreatorActivity"]}, {"75fe7b19f667a15b8b03e3a3ed8c9938": ["1", "com.example.anycut.CreateShortcutActivity"]}, {"6bcdee1f1dd878f8bb0c61dad50aea2c": ["2", "com.example.anycut.ActivityPickerActivity"]}, {"0c0e5807ecba9e21b15d27ba334a2d26": ["5", "com.example.anycut.CreateShortcutActivity"]}, {"75fe7b19f667a15b8b03e3a3ed8c9938": ["1", "com.example.anycut.CreateShortcutActivity"]}, {"6bcdee1f1dd878f8bb0c61dad50aea2c": ["2", "com.example.anycut.ActivityPickerActivity"]}, {"75fe7b19f667a15b8b03e3a3ed8c9938": ["1", "com.example.anycut.CreateShortcutActivity"]}, {"54799d680c0ac3f487a91cf5b0802108": ["4", "com.example.anycut.CustomShortcutCreatorActivity"]}, {"75fe7b19f667a15b8b03e3a3ed8c9938": ["1", "com.example.anycut.CreateShortcutActivity"]}, {"54799d680c0ac3f487a91cf5b0802108": ["4", "com.example.anycut.CustomShortcutCreatorActivity"]}, {"75fe7b19f667a15b8b03e3a3ed8c9938": ["1", "com.example.anycut.CreateShortcutActivity"]}, {"75fe7b19f667a15b8b03e3a3ed8c9938": ["1", "com.example.anycut.CreateShortcutActivity"]}, {"75fe7b19f667a15b8b03e3a3ed8c9938": ["1", "com.example.anycut.CreateShortcutActivity"]}, {"54799d680c0ac3f487a91cf5b0802108": ["4", "com.example.anycut.CustomShortcutCreatorActivity"]}, {"358c072d467962fd1ab2b20170888c5b": ["6", "com.example.anycut.CreateShortcutActivity"]}, {"75fe7b19f667a15b8b03e3a3ed8c9938": ["1", "com.example.anycut.CreateShortcutActivity"]}, {"75fe7b19f667a15b8b03e3a3ed8c9938": ["1", "com.example.anycut.CreateShortcutActivity"]}, {"54799d680c0ac3f487a91cf5b0802108": ["4", "com.example.anycut.CustomShortcutCreatorActivity"]}, {"75fe7b19f667a15b8b03e3a3ed8c9938": ["1", "com.example.anycut.CreateShortcutActivity"]}, {"54799d680c0ac3f487a91cf5b0802108": ["4", "com.example.anycut.CustomShortcutCreatorActivity"]}, {"75fe7b19f667a15b8b03e3a3ed8c9938": ["1", "com.example.anycut.CreateShortcutActivity"]}, {"54799d680c0ac3f487a91cf5b0802108": ["4", "com.example.anycut.CustomShortcutCreatorActivity"]}, {"358c072d467962fd1ab2b20170888c5b": ["6", "com.example.anycut.CreateShortcutActivity"]}, {"75fe7b19f667a15b8b03e3a3ed8c9938": ["1", "com.example.anycut.CreateShortcutActivity"]}, {"75fe7b19f667a15b8b03e3a3ed8c9938": ["1", "com.example.anycut.CreateShortcutActivity"]}, {"54cd3b8a33b04843f991782a47773d91": ["3", "com.example.anycut.ActivityPickerActivity"]}, {"0c0e5807ecba9e21b15d27ba334a2d26": ["5", "com.example.anycut.CreateShortcutActivity"]}, {"75fe7b19f667a15b8b03e3a3ed8c9938": ["1", "com.example.anycut.CreateShortcutActivity"]}, {"6bcdee1f1dd878f8bb0c61dad50aea2c": ["2", "com.example.anycut.ActivityPickerActivity"]}, {"75fe7b19f667a15b8b03e3a3ed8c9938": ["1", "com.example.anycut.CreateShortcutActivity"]}, {"75fe7b19f667a15b8b03e3a3ed8c9938": ["1", "com.example.anycut.CreateShortcutActivity"]}, {"75fe7b19f667a15b8b03e3a3ed8c9938": ["1", "com.example.anycut.CreateShortcutActivity"]}, {"75fe7b19f667a15b8b03e3a3ed8c9938": ["1", "com.example.anycut.CreateShortcutActivity"]}, {"54799d680c0ac3f487a91cf5b0802108": ["4", "com.example.anycut.CustomShortcutCreatorActivity"]}, {"358c072d467962fd1ab2b20170888c5b": ["6", "com.example.anycut.CreateShortcutActivity"]}, {"75fe7b19f667a15b8b03e3a3ed8c9938": ["1", "com.example.anycut.CreateShortcutActivity"]}, {"dd0ce2f16423e7da92461fadcf1bb72e": ["0", "com.example.anycut.FrontDoorActivity"]}, {"75fe7b19f667a15b8b03e3a3ed8c9938": ["1", "com.example.anycut.CreateShortcutActivity"]}, {"75fe7b19f667a15b8b03e3a3ed8c9938": ["1", "com.example.anycut.CreateShortcutActivity"]}, {"75fe7b19f667a15b8b03e3a3ed8c9938": ["1", "com.example.anycut.CreateShortcutActivity"]}, {"54799d680c0ac3f487a91cf5b0802108": ["4", "com.example.anycut.CustomShortcutCreatorActivity"]}, {"75fe7b19f667a15b8b03e3a3ed8c9938": ["1", "com.example.anycut.CreateShortcutActivity"]}, {"75fe7b19f667a15b8b03e3a3ed8c9938": ["1", "com.example.anycut.CreateShortcutActivity"]}, {"54799d680c0ac3f487a91cf5b0802108": ["4", "com.example.anycut.CustomShortcutCreatorActivity"]}, {"75fe7b19f667a15b8b03e3a3ed8c9938": ["1", "com.example.anycut.CreateShortcutActivity"]}, {"54799d680c0ac3f487a91cf5b0802108": ["4", "com.example.anycut.CustomShortcutCreatorActivity"]}, {"75fe7b19f667a15b8b03e3a3ed8c9938": ["1", "com.example.anycut.CreateShortcutActivity"]}, {"75fe7b19f667a15b8b03e3a3ed8c9938": ["1", "com.example.anycut.CreateShortcutActivity"]}, {"6bcdee1f1dd878f8bb0c61dad50aea2c": ["2", "com.example.anycut.ActivityPickerActivity"]}, {"75fe7b19f667a15b8b03e3a3ed8c9938": ["1", "com.example.anycut.CreateShortcutActivity"]}, {"75fe7b19f667a15b8b03e3a3ed8c9938": ["1", "com.example.anycut.CreateShortcutActivity"]}, {"75fe7b19f667a15b8b03e3a3ed8c9938": ["1", "com.example.anycut.CreateShortcutActivity"]}, {"75fe7b19f667a15b8b03e3a3ed8c9938": ["1", "com.example.anycut.CreateShortcutActivity"]}, {"75fe7b19f667a15b8b03e3a3ed8c9938": ["1", "com.example.anycut.CreateShortcutActivity"]}, {"6bcdee1f1dd878f8bb0c61dad50aea2c": ["2", "com.example.anycut.ActivityPickerActivity"]}, {"75fe7b19f667a15b8b03e3a3ed8c9938": ["1", "com.example.anycut.CreateShortcutActivity"]}, {"75fe7b19f667a15b8b03e3a3ed8c9938": ["1", "com.example.anycut.CreateShortcutActivity"]}, {"54799d680c0ac3f487a91cf5b0802108": ["4", "com.example.anycut.CustomShortcutCreatorActivity"]}, {"358c072d467962fd1ab2b20170888c5b": ["6", "com.example.anycut.CreateShortcutActivity"]}, {"75fe7b19f667a15b8b03e3a3ed8c9938": ["1", "com.example.anycut.CreateShortcutActivity"]}, {"75fe7b19f667a15b8b03e3a3ed8c9938": ["1", "com.example.anycut.CreateShortcutActivity"]}, {"75fe7b19f667a15b8b03e3a3ed8c9938": ["1", "com.example.anycut.CreateShortcutActivity"]}, {"75fe7b19f667a15b8b03e3a3ed8c9938": ["1", "com.example.anycut.CreateShortcutActivity"]}, {"75fe7b19f667a15b8b03e3a3ed8c9938": ["1", "com.example.anycut.CreateShortcutActivity"]}, {"54799d680c0ac3f487a91cf5b0802108": ["4", "com.example.anycut.CustomShortcutCreatorActivity"]}, {"75fe7b19f667a15b8b03e3a3ed8c9938": ["1", "com.example.anycut.CreateShortcutActivity"]}, {"54799d680c0ac3f487a91cf5b0802108": ["4", "com.example.anycut.CustomShortcutCreatorActivity"]}, {"75fe7b19f667a15b8b03e3a3ed8c9938": ["1", "com.example.anycut.CreateShortcutActivity"]}, {"75fe7b19f667a15b8b03e3a3ed8c9938": ["1", "com.example.anycut.CreateShortcutActivity"]}, {"75fe7b19f667a15b8b03e3a3ed8c9938": ["1", "com.example.anycut.CreateShortcutActivity"]}, {"6bcdee1f1dd878f8bb0c61dad50aea2c": ["2", "com.example.anycut.ActivityPickerActivity"]}, {"75fe7b19f667a15b8b03e3a3ed8c9938": ["1", "com.example.anycut.CreateShortcutActivity"]}, {"75fe7b19f667a15b8b03e3a3ed8c9938": ["1", "com.example.anycut.CreateShortcutActivity"]}, {"75fe7b19f667a15b8b03e3a3ed8c9938": ["1", "com.example.anycut.CreateShortcutActivity"]}, {"75fe7b19f667a15b8b03e3a3ed8c9938": ["1", "com.example.anycut.CreateShortcutActivity"]}, {"75fe7b19f667a15b8b03e3a3ed8c9938": ["1", "com.example.anycut.CreateShortcutActivity"]}, {"75fe7b19f667a15b8b03e3a3ed8c9938": ["1", "com.example.anycut.CreateShortcutActivity"]}, {"75fe7b19f667a15b8b03e3a3ed8c9938": ["1", "com.example.anycut.CreateShortcutActivity"]}, {"75fe7b19f667a15b8b03e3a3ed8c9938": ["1", "com.example.anycut.CreateShortcutActivity"]}, {"54799d680c0ac3f487a91cf5b0802108": ["4", "com.example.anycut.CustomShortcutCreatorActivity"]}, {"75fe7b19f667a15b8b03e3a3ed8c9938": ["1", "com.example.anycut.CreateShortcutActivity"]}, {"54799d680c0ac3f487a91cf5b0802108": ["4", "com.example.anycut.CustomShortcutCreatorActivity"]}, {"75fe7b19f667a15b8b03e3a3ed8c9938": ["1", "com.example.anycut.CreateShortcutActivity"]}, {"75fe7b19f667a15b8b03e3a3ed8c9938": ["1", "com.example.anycut.CreateShortcutActivity"]}, {"75fe7b19f667a15b8b03e3a3ed8c9938": ["1", "com.example.anycut.CreateShortcutActivity"]}, {"75fe7b19f667a15b8b03e3a3ed8c9938": ["1", "com.example.anycut.CreateShortcutActivity"]}, {"75fe7b19f667a15b8b03e3a3ed8c9938": ["1", "com.example.anycut.CreateShortcutActivity"]}, {"75fe7b19f667a15b8b03e3a3ed8c9938": ["1", "com.example.anycut.CreateShortcutActivity"]}, {"75fe7b19f667a15b8b03e3a3ed8c9938": ["1", "com.example.anycut.CreateShortcutActivity"]}, {"6bcdee1f1dd878f8bb0c61dad50aea2c": ["2", "com.example.anycut.ActivityPickerActivity"]}, {"0c0e5807ecba9e21b15d27ba334a2d26": ["5", "com.example.anycut.CreateShortcutActivity"]}, {"75fe7b19f667a15b8b03e3a3ed8c9938": ["1", "com.example.anycut.CreateShortcutActivity"]}, {"75fe7b19f667a15b8b03e3a3ed8c9938": ["1", "com.example.anycut.CreateShortcutActivity"]}, {"75fe7b19f667a15b8b03e3a3ed8c9938": ["1", "com.example.anycut.CreateShortcutActivity"]}, {"54799d680c0ac3f487a91cf5b0802108": ["4", "com.example.anycut.CustomShortcutCreatorActivity"]}, {"75fe7b19f667a15b8b03e3a3ed8c9938": ["1", "com.example.anycut.CreateShortcutActivity"]}, {"54799d680c0ac3f487a91cf5b0802108": ["4", "com.example.anycut.CustomShortcutCreatorActivity"]}, {"358c072d467962fd1ab2b20170888c5b": ["6", "com.example.anycut.CreateShortcutActivity"]}, {"75fe7b19f667a15b8b03e3a3ed8c9938": ["1", "com.example.anycut.CreateShortcutActivity"]}, {"75fe7b19f667a15b8b03e3a3ed8c9938": ["1", "com.example.anycut.CreateShortcutActivity"]}, {"75fe7b19f667a15b8b03e3a3ed8c9938": ["1", "com.example.anycut.CreateShortcutActivity"]}, {"54799d680c0ac3f487a91cf5b0802108": ["4", "com.example.anycut.CustomShortcutCreatorActivity"]}, {"75fe7b19f667a15b8b03e3a3ed8c9938": ["1", "com.example.anycut.CreateShortcutActivity"]}, {"75fe7b19f667a15b8b03e3a3ed8c9938": ["1", "com.example.anycut.CreateShortcutActivity"]}, {"54799d680c0ac3f487a91cf5b0802108": ["4", "com.example.anycut.CustomShortcutCreatorActivity"]}, {"dd0ce2f16423e7da92461fadcf1bb72e": ["0", "com.example.anycut.FrontDoorActivity"]}, {"dd0ce2f16423e7da92461fadcf1bb72e": ["0", "com.example.anycut.FrontDoorActivity"]}, {"75fe7b19f667a15b8b03e3a3ed8c9938": ["1", "com.example.anycut.CreateShortcutActivity"]}, {"75fe7b19f667a15b8b03e3a3ed8c9938": ["1", "com.example.anycut.CreateShortcutActivity"]}, {"54799d680c0ac3f487a91cf5b0802108": ["4", "com.example.anycut.CustomShortcutCreatorActivity"]}, {"75fe7b19f667a15b8b03e3a3ed8c9938": ["1", "com.example.anycut.CreateShortcutActivity"]}, {"6bcdee1f1dd878f8bb0c61dad50aea2c": ["2", "com.example.anycut.ActivityPickerActivity"]}, {"75fe7b19f667a15b8b03e3a3ed8c9938": ["1", "com.example.anycut.CreateShortcutActivity"]}, {"75fe7b19f667a15b8b03e3a3ed8c9938": ["1", "com.example.anycut.CreateShortcutActivity"]}, {"6bcdee1f1dd878f8bb0c61dad50aea2c": ["2", "com.example.anycut.ActivityPickerActivity"]}, {"75fe7b19f667a15b8b03e3a3ed8c9938": ["1", "com.example.anycut.CreateShortcutActivity"]}, {"75fe7b19f667a15b8b03e3a3ed8c9938": ["1", "com.example.anycut.CreateShortcutActivity"]}, {"75fe7b19f667a15b8b03e3a3ed8c9938": ["1", "com.example.anycut.CreateShortcutActivity"]}, {"75fe7b19f667a15b8b03e3a3ed8c9938": ["1", "com.example.anycut.CreateShortcutActivity"]}, {"6bcdee1f1dd878f8bb0c61dad50aea2c": ["2", "com.example.anycut.ActivityPickerActivity"]}, {"75fe7b19f667a15b8b03e3a3ed8c9938": ["1", "com.example.anycut.CreateShortcutActivity"]}, {"54799d680c0ac3f487a91cf5b0802108": ["4", "com.example.anycut.CustomShortcutCreatorActivity"]}, {"75fe7b19f667a15b8b03e3a3ed8c9938": ["1", "com.example.anycut.CreateShortcutActivity"]}, {"75fe7b19f667a15b8b03e3a3ed8c9938": ["1", "com.example.anycut.CreateShortcutActivity"]}, {"6bcdee1f1dd878f8bb0c61dad50aea2c": ["2", "com.example.anycut.ActivityPickerActivity"]}, {"0c0e5807ecba9e21b15d27ba334a2d26": ["5", "com.example.anycut.CreateShortcutActivity"]}, {"75fe7b19f667a15b8b03e3a3ed8c9938": ["1", "com.example.anycut.CreateShortcutActivity"]}, {"75fe7b19f667a15b8b03e3a3ed8c9938": ["1", "com.example.anycut.CreateShortcutActivity"]}, {"54799d680c0ac3f487a91cf5b0802108": ["4", "com.example.anycut.CustomShortcutCreatorActivity"]}, {"75fe7b19f667a15b8b03e3a3ed8c9938": ["1", "com.example.anycut.CreateShortcutActivity"]}, {"54799d680c0ac3f487a91cf5b0802108": ["4", "com.example.anycut.CustomShortcutCreatorActivity"]}, {"75fe7b19f667a15b8b03e3a3ed8c9938": ["1", "com.example.anycut.CreateShortcutActivity"]}, {"75fe7b19f667a15b8b03e3a3ed8c9938": ["1", "com.example.anycut.CreateShortcutActivity"]}, {"75fe7b19f667a15b8b03e3a3ed8c9938": ["1", "com.example.anycut.CreateShortcutActivity"]}, {"6bcdee1f1dd878f8bb0c61dad50aea2c": ["2", "com.example.anycut.ActivityPickerActivity"]}, {"75fe7b19f667a15b8b03e3a3ed8c9938": ["1", "com.example.anycut.CreateShortcutActivity"]}, {"54799d680c0ac3f487a91cf5b0802108": ["4", "com.example.anycut.CustomShortcutCreatorActivity"]}, {"75fe7b19f667a15b8b03e3a3ed8c9938": ["1", "com.example.anycut.CreateShortcutActivity"]}, {"54799d680c0ac3f487a91cf5b0802108": ["4", "com.example.anycut.CustomShortcutCreatorActivity"]}, {"358c072d467962fd1ab2b20170888c5b": ["6", "com.example.anycut.CreateShortcutActivity"]}, {"75fe7b19f667a15b8b03e3a3ed8c9938": ["1", "com.example.anycut.CreateShortcutActivity"]}, {"75fe7b19f667a15b8b03e3a3ed8c9938": ["1", "com.example.anycut.CreateShortcutActivity"]}, {"54799d680c0ac3f487a91cf5b0802108": ["4", "com.example.anycut.CustomShortcutCreatorActivity"]}, {"75fe7b19f667a15b8b03e3a3ed8c9938": ["1", "com.example.anycut.CreateShortcutActivity"]}, {"6bcdee1f1dd878f8bb0c61dad50aea2c": ["2", "com.example.anycut.ActivityPickerActivity"]}, {"0c0e5807ecba9e21b15d27ba334a2d26": ["5", "com.example.anycut.CreateShortcutActivity"]}, {"75fe7b19f667a15b8b03e3a3ed8c9938": ["1", "com.example.anycut.CreateShortcutActivity"]}, {"54799d680c0ac3f487a91cf5b0802108": ["4", "com.example.anycut.CustomShortcutCreatorActivity"]}, {"75fe7b19f667a15b8b03e3a3ed8c9938": ["1", "com.example.anycut.CreateShortcutActivity"]}, {"54799d680c0ac3f487a91cf5b0802108": ["4", "com.example.anycut.CustomShortcutCreatorActivity"]}, {"75fe7b19f667a15b8b03e3a3ed8c9938": ["1", "com.example.anycut.CreateShortcutActivity"]}, {"75fe7b19f667a15b8b03e3a3ed8c9938": ["1", "com.example.anycut.CreateShortcutActivity"]}, {"75fe7b19f667a15b8b03e3a3ed8c9938": ["1", "com.example.anycut.CreateShortcutActivity"]}, {"75fe7b19f667a15b8b03e3a3ed8c9938": ["1", "com.example.anycut.CreateShortcutActivity"]}, {"6bcdee1f1dd878f8bb0c61dad50aea2c": ["2", "com.example.anycut.ActivityPickerActivity"]}, {"75fe7b19f667a15b8b03e3a3ed8c9938": ["1", "com.example.anycut.CreateShortcutActivity"]}, {"6bcdee1f1dd878f8bb0c61dad50aea2c": ["2", "com.example.anycut.ActivityPickerActivity"]}, {"75fe7b19f667a15b8b03e3a3ed8c9938": ["1", "com.example.anycut.CreateShortcutActivity"]}, {"75fe7b19f667a15b8b03e3a3ed8c9938": ["1", "com.example.anycut.CreateShortcutActivity"]}, {"75fe7b19f667a15b8b03e3a3ed8c9938": ["1", "com.example.anycut.CreateShortcutActivity"]}, {"75fe7b19f667a15b8b03e3a3ed8c9938": ["1", "com.example.anycut.CreateShortcutActivity"]}, {"75fe7b19f667a15b8b03e3a3ed8c9938": ["1", "com.example.anycut.CreateShortcutActivity"]}, {"54799d680c0ac3f487a91cf5b0802108": ["4", "com.example.anycut.CustomShortcutCreatorActivity"]}, {"75fe7b19f667a15b8b03e3a3ed8c9938": ["1", "com.example.anycut.CreateShortcutActivity"]}, {"75fe7b19f667a15b8b03e3a3ed8c9938": ["1", "com.example.anycut.CreateShortcutActivity"]}, {"6bcdee1f1dd878f8bb0c61dad50aea2c": ["2", "com.example.anycut.ActivityPickerActivity"]}, {"75fe7b19f667a15b8b03e3a3ed8c9938": ["1", "com.example.anycut.CreateShortcutActivity"]}, {"75fe7b19f667a15b8b03e3a3ed8c9938": ["1", "com.example.anycut.CreateShortcutActivity"]}, {"75fe7b19f667a15b8b03e3a3ed8c9938": ["1", "com.example.anycut.CreateShortcutActivity"]}, {"75fe7b19f667a15b8b03e3a3ed8c9938": ["1", "com.example.anycut.CreateShortcutActivity"]}, {"75fe7b19f667a15b8b03e3a3ed8c9938": ["1", "com.example.anycut.CreateShortcutActivity"]}, {"54799d680c0ac3f487a91cf5b0802108": ["4", "com.example.anycut.CustomShortcutCreatorActivity"]}, {"75fe7b19f667a15b8b03e3a3ed8c9938": ["1", "com.example.anycut.CreateShortcutActivity"]}, {"75fe7b19f667a15b8b03e3a3ed8c9938": ["1", "com.example.anycut.CreateShortcutActivity"]}, {"75fe7b19f667a15b8b03e3a3ed8c9938": ["1", "com.example.anycut.CreateShortcutActivity"]}, {"75fe7b19f667a15b8b03e3a3ed8c9938": ["1", "com.example.anycut.CreateShortcutActivity"]}, {"54799d680c0ac3f487a91cf5b0802108": ["4", "com.example.anycut.CustomShortcutCreatorActivity"]}, {"75fe7b19f667a15b8b03e3a3ed8c9938": ["1", "com.example.anycut.CreateShortcutActivity"]}, {"75fe7b19f667a15b8b03e3a3ed8c9938": ["1", "com.example.anycut.CreateShortcutActivity"]}, {"75fe7b19f667a15b8b03e3a3ed8c9938": ["1", "com.example.anycut.CreateShortcutActivity"]}, {"75fe7b19f667a15b8b03e3a3ed8c9938": ["1", "com.example.anycut.CreateShortcutActivity"]}, {"54799d680c0ac3f487a91cf5b0802108": ["4", "com.example.anycut.CustomShortcutCreatorActivity"]}, {"75fe7b19f667a15b8b03e3a3ed8c9938": ["1", "com.example.anycut.CreateShortcutActivity"]}, {"75fe7b19f667a15b8b03e3a3ed8c9938": ["1", "com.example.anycut.CreateShortcutActivity"]}, {"75fe7b19f667a15b8b03e3a3ed8c9938": ["1", "com.example.anycut.CreateShortcutActivity"]}, {"75fe7b19f667a15b8b03e3a3ed8c9938": ["1", "com.example.anycut.CreateShortcutActivity"]}, {"75fe7b19f667a15b8b03e3a3ed8c9938": ["1", "com.example.anycut.CreateShortcutActivity"]}, {"75fe7b19f667a15b8b03e3a3ed8c9938": ["1", "com.example.anycut.CreateShortcutActivity"]}, {"6bcdee1f1dd878f8bb0c61dad50aea2c": ["2", "com.example.anycut.ActivityPickerActivity"]}, {"75fe7b19f667a15b8b03e3a3ed8c9938": ["1", "com.example.anycut.CreateShortcutActivity"]}, {"75fe7b19f667a15b8b03e3a3ed8c9938": ["1", "com.example.anycut.CreateShortcutActivity"]}, {"54799d680c0ac3f487a91cf5b0802108": ["4", "com.example.anycut.CustomShortcutCreatorActivity"]}, {"358c072d467962fd1ab2b20170888c5b": ["6", "com.example.anycut.CreateShortcutActivity"]}, {"75fe7b19f667a15b8b03e3a3ed8c9938": ["1", "com.example.anycut.CreateShortcutActivity"]}, {"6bcdee1f1dd878f8bb0c61dad50aea2c": ["2", "com.example.anycut.ActivityPickerActivity"]}, {"358c072d467962fd1ab2b20170888c5b": ["6", "com.example.anycut.CreateShortcutActivity"]}, {"75fe7b19f667a15b8b03e3a3ed8c9938": ["1", "com.example.anycut.CreateShortcutActivity"]}, {"54cd3b8a33b04843f991782a47773d91": ["3", "com.example.anycut.ActivityPickerActivity"]}, {"75fe7b19f667a15b8b03e3a3ed8c9938": ["1", "com.example.anycut.CreateShortcutActivity"]}, {"6bcdee1f1dd878f8bb0c61dad50aea2c": ["2", "com.example.anycut.ActivityPickerActivity"]}, {"75fe7b19f667a15b8b03e3a3ed8c9938": ["1", "com.example.anycut.CreateShortcutActivity"]}, {"6bcdee1f1dd878f8bb0c61dad50aea2c": ["2", "com.example.anycut.ActivityPickerActivity"]}, {"0c0e5807ecba9e21b15d27ba334a2d26": ["5", "com.example.anycut.CreateShortcutActivity"]}, {"75fe7b19f667a15b8b03e3a3ed8c9938": ["1", "com.example.anycut.CreateShortcutActivity"]}, {"6bcdee1f1dd878f8bb0c61dad50aea2c": ["2", "com.example.anycut.ActivityPickerActivity"]}, {"0c0e5807ecba9e21b15d27ba334a2d26": ["5", "com.example.anycut.CreateShortcutActivity"]}, {"75fe7b19f667a15b8b03e3a3ed8c9938": ["1", "com.example.anycut.CreateShortcutActivity"]}, {"54799d680c0ac3f487a91cf5b0802108": ["4", "com.example.anycut.CustomShortcutCreatorActivity"]}, {"75fe7b19f667a15b8b03e3a3ed8c9938": ["1", "com.example.anycut.CreateShortcutActivity"]}, {"75fe7b19f667a15b8b03e3a3ed8c9938": ["1", "com.example.anycut.CreateShortcutActivity"]}, {"6bcdee1f1dd878f8bb0c61dad50aea2c": ["2", "com.example.anycut.ActivityPickerActivity"]}, {"75fe7b19f667a15b8b03e3a3ed8c9938": ["1", "com.example.anycut.CreateShortcutActivity"]}, {"54799d680c0ac3f487a91cf5b0802108": ["4", "com.example.anycut.CustomShortcutCreatorActivity"]}, {"358c072d467962fd1ab2b20170888c5b": ["6", "com.example.anycut.CreateShortcutActivity"]}, {"75fe7b19f667a15b8b03e3a3ed8c9938": ["1", "com.example.anycut.CreateShortcutActivity"]}, {"54799d680c0ac3f487a91cf5b0802108": ["4", "com.example.anycut.CustomShortcutCreatorActivity"]}, {"75fe7b19f667a15b8b03e3a3ed8c9938": ["1", "com.example.anycut.CreateShortcutActivity"]}, {"54799d680c0ac3f487a91cf5b0802108": ["4", "com.example.anycut.CustomShortcutCreatorActivity"]}, {"75fe7b19f667a15b8b03e3a3ed8c9938": ["1", "com.example.anycut.CreateShortcutActivity"]}, {"54799d680c0ac3f487a91cf5b0802108": ["4", "com.example.anycut.CustomShortcutCreatorActivity"]}, {"75fe7b19f667a15b8b03e3a3ed8c9938": ["1", "com.example.anycut.CreateShortcutActivity"]}, {"54799d680c0ac3f487a91cf5b0802108": ["4", "com.example.anycut.CustomShortcutCreatorActivity"]}, {"75fe7b19f667a15b8b03e3a3ed8c9938": ["1", "com.example.anycut.CreateShortcutActivity"]}, {"54799d680c0ac3f487a91cf5b0802108": ["4", "com.example.anycut.CustomShortcutCreatorActivity"]}, {"75fe7b19f667a15b8b03e3a3ed8c9938": ["1", "com.example.anycut.CreateShortcutActivity"]}, {"54799d680c0ac3f487a91cf5b0802108": ["4", "com.example.anycut.CustomShortcutCreatorActivity"]}, {"75fe7b19f667a15b8b03e3a3ed8c9938": ["1", "com.example.anycut.CreateShortcutActivity"]}, {"6bcdee1f1dd878f8bb0c61dad50aea2c": ["2", "com.example.anycut.ActivityPickerActivity"]}, {"75fe7b19f667a15b8b03e3a3ed8c9938": ["1", "com.example.anycut.CreateShortcutActivity"]}, {"75fe7b19f667a15b8b03e3a3ed8c9938": ["1", "com.example.anycut.CreateShortcutActivity"]}, {"75fe7b19f667a15b8b03e3a3ed8c9938": ["1", "com.example.anycut.CreateShortcutActivity"]}, {"6bcdee1f1dd878f8bb0c61dad50aea2c": ["2", "com.example.anycut.ActivityPickerActivity"]}, {"0c0e5807ecba9e21b15d27ba334a2d26": ["5", "com.example.anycut.CreateShortcutActivity"]}, {"dd0ce2f16423e7da92461fadcf1bb72e": ["0", "com.example.anycut.FrontDoorActivity"]}, {"75fe7b19f667a15b8b03e3a3ed8c9938": ["1", "com.example.anycut.CreateShortcutActivity"]}, {"75fe7b19f667a15b8b03e3a3ed8c9938": ["1", "com.example.anycut.CreateShortcutActivity"]}, {"6bcdee1f1dd878f8bb0c61dad50aea2c": ["2", "com.example.anycut.ActivityPickerActivity"]}, {"75fe7b19f667a15b8b03e3a3ed8c9938": ["1", "com.example.anycut.CreateShortcutActivity"]}, {"6bcdee1f1dd878f8bb0c61dad50aea2c": ["2", "com.example.anycut.ActivityPickerActivity"]}, {"75fe7b19f667a15b8b03e3a3ed8c9938": ["1", "com.example.anycut.CreateShortcutActivity"]}, {"54799d680c0ac3f487a91cf5b0802108": ["4", "com.example.anycut.CustomShortcutCreatorActivity"]}, {"75fe7b19f667a15b8b03e3a3ed8c9938": ["1", "com.example.anycut.CreateShortcutActivity"]}, {"75fe7b19f667a15b8b03e3a3ed8c9938": ["1", "com.example.anycut.CreateShortcutActivity"]}, {"75fe7b19f667a15b8b03e3a3ed8c9938": ["1", "com.example.anycut.CreateShortcutActivity"]}, {"75fe7b19f667a15b8b03e3a3ed8c9938": ["1", "com.example.anycut.CreateShortcutActivity"]}, {"6bcdee1f1dd878f8bb0c61dad50aea2c": ["2", "com.example.anycut.ActivityPickerActivity"]}, {"0c0e5807ecba9e21b15d27ba334a2d26": ["5", "com.example.anycut.CreateShortcutActivity"]}, {"75fe7b19f667a15b8b03e3a3ed8c9938": ["1", "com.example.anycut.CreateShortcutActivity"]}, {"6bcdee1f1dd878f8bb0c61dad50aea2c": ["2", "com.example.anycut.ActivityPickerActivity"]}, {"75fe7b19f667a15b8b03e3a3ed8c9938": ["1", "com.example.anycut.CreateShortcutActivity"]}, {"54799d680c0ac3f487a91cf5b0802108": ["4", "com.example.anycut.CustomShortcutCreatorActivity"]}, {"75fe7b19f667a15b8b03e3a3ed8c9938": ["1", "com.example.anycut.CreateShortcutActivity"]}, {"6bcdee1f1dd878f8bb0c61dad50aea2c": ["2", "com.example.anycut.ActivityPickerActivity"]}, {"0c0e5807ecba9e21b15d27ba334a2d26": ["5", "com.example.anycut.CreateShortcutActivity"]}, {"75fe7b19f667a15b8b03e3a3ed8c9938": ["1", "com.example.anycut.CreateShortcutActivity"]}, {"75fe7b19f667a15b8b03e3a3ed8c9938": ["1", "com.example.anycut.CreateShortcutActivity"]}, {"75fe7b19f667a15b8b03e3a3ed8c9938": ["1", "com.example.anycut.CreateShortcutActivity"]}, {"75fe7b19f667a15b8b03e3a3ed8c9938": ["1", "com.example.anycut.CreateShortcutActivity"]}, {"75fe7b19f667a15b8b03e3a3ed8c9938": ["1", "com.example.anycut.CreateShortcutActivity"]}, {"75fe7b19f667a15b8b03e3a3ed8c9938": ["1", "com.example.anycut.CreateShortcutActivity"]}, {"54799d680c0ac3f487a91cf5b0802108": ["4", "com.example.anycut.CustomShortcutCreatorActivity"]}, {"75fe7b19f667a15b8b03e3a3ed8c9938": ["1", "com.example.anycut.CreateShortcutActivity"]}, {"d21822f6cc74fbcc568506b3faadd06e": ["7", "com.example.anycut.ActivityPickerActivity"]}, {"75fe7b19f667a15b8b03e3a3ed8c9938": ["1", "com.example.anycut.CreateShortcutActivity"]}, {"6bcdee1f1dd878f8bb0c61dad50aea2c": ["2", "com.example.anycut.ActivityPickerActivity"]}, {"75fe7b19f667a15b8b03e3a3ed8c9938": ["1", "com.example.anycut.CreateShortcutActivity"]}, {"75fe7b19f667a15b8b03e3a3ed8c9938": ["1", "com.example.anycut.CreateShortcutActivity"]}, {"75fe7b19f667a15b8b03e3a3ed8c9938": ["1", "com.example.anycut.CreateShortcutActivity"]}, {"6bcdee1f1dd878f8bb0c61dad50aea2c": ["2", "com.example.anycut.ActivityPickerActivity"]}, {"0c0e5807ecba9e21b15d27ba334a2d26": ["5", "com.example.anycut.CreateShortcutActivity"]}, {"75fe7b19f667a15b8b03e3a3ed8c9938": ["1", "com.example.anycut.CreateShortcutActivity"]}, {"75fe7b19f667a15b8b03e3a3ed8c9938": ["1", "com.example.anycut.CreateShortcutActivity"]}, {"54799d680c0ac3f487a91cf5b0802108": ["4", "com.example.anycut.CustomShortcutCreatorActivity"]}, {"75fe7b19f667a15b8b03e3a3ed8c9938": ["1", "com.example.anycut.CreateShortcutActivity"]}, {"54799d680c0ac3f487a91cf5b0802108": ["4", "com.example.anycut.CustomShortcutCreatorActivity"]}, {"75fe7b19f667a15b8b03e3a3ed8c9938": ["1", "com.example.anycut.CreateShortcutActivity"]}, {"75fe7b19f667a15b8b03e3a3ed8c9938": ["1", "com.example.anycut.CreateShortcutActivity"]}, {"75fe7b19f667a15b8b03e3a3ed8c9938": ["1", "com.example.anycut.CreateShortcutActivity"]}, {"54799d680c0ac3f487a91cf5b0802108": ["4", "com.example.anycut.CustomShortcutCreatorActivity"]}, {"75fe7b19f667a15b8b03e3a3ed8c9938": ["1", "com.example.anycut.CreateShortcutActivity"]}, {"54799d680c0ac3f487a91cf5b0802108": ["4", "com.example.anycut.CustomShortcutCreatorActivity"]}, {"75fe7b19f667a15b8b03e3a3ed8c9938": ["1", "com.example.anycut.CreateShortcutActivity"]}, {"6bcdee1f1dd878f8bb0c61dad50aea2c": ["2", "com.example.anycut.ActivityPickerActivity"]}, {"0c0e5807ecba9e21b15d27ba334a2d26": ["5", "com.example.anycut.CreateShortcutActivity"]}, {"75fe7b19f667a15b8b03e3a3ed8c9938": ["1", "com.example.anycut.CreateShortcutActivity"]}, {"75fe7b19f667a15b8b03e3a3ed8c9938": ["1", "com.example.anycut.CreateShortcutActivity"]}, {"54799d680c0ac3f487a91cf5b0802108": ["4", "com.example.anycut.CustomShortcutCreatorActivity"]}, {"75fe7b19f667a15b8b03e3a3ed8c9938": ["1", "com.example.anycut.CreateShortcutActivity"]}, {"54799d680c0ac3f487a91cf5b0802108": ["4", "com.example.anycut.CustomShortcutCreatorActivity"]}, {"75fe7b19f667a15b8b03e3a3ed8c9938": ["1", "com.example.anycut.CreateShortcutActivity"]}, {"75fe7b19f667a15b8b03e3a3ed8c9938": ["1", "com.example.anycut.CreateShortcutActivity"]}, {"75fe7b19f667a15b8b03e3a3ed8c9938": ["1", "com.example.anycut.CreateShortcutActivity"]}, {"75fe7b19f667a15b8b03e3a3ed8c9938": ["1", "com.example.anycut.CreateShortcutActivity"]}, {"75fe7b19f667a15b8b03e3a3ed8c9938": ["1", "com.example.anycut.CreateShortcutActivity"]}, {"75fe7b19f667a15b8b03e3a3ed8c9938": ["1", "com.example.anycut.CreateShortcutActivity"]}, {"6bcdee1f1dd878f8bb0c61dad50aea2c": ["2", "com.example.anycut.ActivityPickerActivity"]}, {"75fe7b19f667a15b8b03e3a3ed8c9938": ["1", "com.example.anycut.CreateShortcutActivity"]}, {"75fe7b19f667a15b8b03e3a3ed8c9938": ["1", "com.example.anycut.CreateShortcutActivity"]}, {"75fe7b19f667a15b8b03e3a3ed8c9938": ["1", "com.example.anycut.CreateShortcutActivity"]}, {"75fe7b19f667a15b8b03e3a3ed8c9938": ["1", "com.example.anycut.CreateShortcutActivity"]}, {"75fe7b19f667a15b8b03e3a3ed8c9938": ["1", "com.example.anycut.CreateShortcutActivity"]}, {"54799d680c0ac3f487a91cf5b0802108": ["4", "com.example.anycut.CustomShortcutCreatorActivity"]}, {"75fe7b19f667a15b8b03e3a3ed8c9938": ["1", "com.example.anycut.CreateShortcutActivity"]}, {"54799d680c0ac3f487a91cf5b0802108": ["4", "com.example.anycut.CustomShortcutCreatorActivity"]}, {"358c072d467962fd1ab2b20170888c5b": ["6", "com.example.anycut.CreateShortcutActivity"]}, {"75fe7b19f667a15b8b03e3a3ed8c9938": ["1", "com.example.anycut.CreateShortcutActivity"]}, {"6bcdee1f1dd878f8bb0c61dad50aea2c": ["2", "com.example.anycut.ActivityPickerActivity"]}, {"358c072d467962fd1ab2b20170888c5b": ["6", "com.example.anycut.CreateShortcutActivity"]}, {"dd0ce2f16423e7da92461fadcf1bb72e": ["0", "com.example.anycut.FrontDoorActivity"]}, {"dd0ce2f16423e7da92461fadcf1bb72e": ["0", "com.example.anycut.FrontDoorActivity"]}, {"75fe7b19f667a15b8b03e3a3ed8c9938": ["1", "com.example.anycut.CreateShortcutActivity"]}, {"54799d680c0ac3f487a91cf5b0802108": ["4", "com.example.anycut.CustomShortcutCreatorActivity"]}, {"75fe7b19f667a15b8b03e3a3ed8c9938": ["1", "com.example.anycut.CreateShortcutActivity"]}, {"75fe7b19f667a15b8b03e3a3ed8c9938": ["1", "com.example.anycut.CreateShortcutActivity"]}, {"75fe7b19f667a15b8b03e3a3ed8c9938": ["1", "com.example.anycut.CreateShortcutActivity"]}, {"75fe7b19f667a15b8b03e3a3ed8c9938": ["1", "com.example.anycut.CreateShortcutActivity"]}, {"6bcdee1f1dd878f8bb0c61dad50aea2c": ["2", "com.example.anycut.ActivityPickerActivity"]}, {"75fe7b19f667a15b8b03e3a3ed8c9938": ["1", "com.example.anycut.CreateShortcutActivity"]}, {"75fe7b19f667a15b8b03e3a3ed8c9938": ["1", "com.example.anycut.CreateShortcutActivity"]}, {"54799d680c0ac3f487a91cf5b0802108": ["4", "com.example.anycut.CustomShortcutCreatorActivity"]}, {"358c072d467962fd1ab2b20170888c5b": ["6", "com.example.anycut.CreateShortcutActivity"]}, {"75fe7b19f667a15b8b03e3a3ed8c9938": ["1", "com.example.anycut.CreateShortcutActivity"]}, {"54799d680c0ac3f487a91cf5b0802108": ["4", "com.example.anycut.CustomShortcutCreatorActivity"]}, {"75fe7b19f667a15b8b03e3a3ed8c9938": ["1", "com.example.anycut.CreateShortcutActivity"]}, {"75fe7b19f667a15b8b03e3a3ed8c9938": ["1", "com.example.anycut.CreateShortcutActivity"]}, {"54799d680c0ac3f487a91cf5b0802108": ["4", "com.example.anycut.CustomShortcutCreatorActivity"]}, {"75fe7b19f667a15b8b03e3a3ed8c9938": ["1", "com.example.anycut.CreateShortcutActivity"]}, {"54799d680c0ac3f487a91cf5b0802108": ["4", "com.example.anycut.CustomShortcutCreatorActivity"]}, {"358c072d467962fd1ab2b20170888c5b": ["6", "com.example.anycut.CreateShortcutActivity"]}, {"75fe7b19f667a15b8b03e3a3ed8c9938": ["1", "com.example.anycut.CreateShortcutActivity"]}, {"75fe7b19f667a15b8b03e3a3ed8c9938": ["1", "com.example.anycut.CreateShortcutActivity"]}, {"75fe7b19f667a15b8b03e3a3ed8c9938": ["1", "com.example.anycut.CreateShortcutActivity"]}, {"6bcdee1f1dd878f8bb0c61dad50aea2c": ["2", "com.example.anycut.ActivityPickerActivity"]}, {"75fe7b19f667a15b8b03e3a3ed8c9938": ["1", "com.example.anycut.CreateShortcutActivity"]}, {"6bcdee1f1dd878f8bb0c61dad50aea2c": ["2", "com.example.anycut.ActivityPickerActivity"]}, {"0c0e5807ecba9e21b15d27ba334a2d26": ["5", "com.example.anycut.CreateShortcutActivity"]}, {"75fe7b19f667a15b8b03e3a3ed8c9938": ["1", "com.example.anycut.CreateShortcutActivity"]}, {"75fe7b19f667a15b8b03e3a3ed8c9938": ["1", "com.example.anycut.CreateShortcutActivity"]}, {"75fe7b19f667a15b8b03e3a3ed8c9938": ["1", "com.example.anycut.CreateShortcutActivity"]}, {"54799d680c0ac3f487a91cf5b0802108": ["4", "com.example.anycut.CustomShortcutCreatorActivity"]}, {"358c072d467962fd1ab2b20170888c5b": ["6", "com.example.anycut.CreateShortcutActivity"]}, {"75fe7b19f667a15b8b03e3a3ed8c9938": ["1", "com.example.anycut.CreateShortcutActivity"]}, {"54799d680c0ac3f487a91cf5b0802108": ["4", "com.example.anycut.CustomShortcutCreatorActivity"]}, {"75fe7b19f667a15b8b03e3a3ed8c9938": ["1", "com.example.anycut.CreateShortcutActivity"]}, {"54799d680c0ac3f487a91cf5b0802108": ["4", "com.example.anycut.CustomShortcutCreatorActivity"]}, {"75fe7b19f667a15b8b03e3a3ed8c9938": ["1", "com.example.anycut.CreateShortcutActivity"]}, {"75fe7b19f667a15b8b03e3a3ed8c9938": ["1", "com.example.anycut.CreateShortcutActivity"]}, {"75fe7b19f667a15b8b03e3a3ed8c9938": ["1", "com.example.anycut.CreateShortcutActivity"]}, {"75fe7b19f667a15b8b03e3a3ed8c9938": ["1", "com.example.anycut.CreateShortcutActivity"]}, {"75fe7b19f667a15b8b03e3a3ed8c9938": ["1", "com.example.anycut.CreateShortcutActivity"]}, {"75fe7b19f667a15b8b03e3a3ed8c9938": ["1", "com.example.anycut.CreateShortcutActivity"]}, {"75fe7b19f667a15b8b03e3a3ed8c9938": ["1", "com.example.anycut.CreateShortcutActivity"]}, {"75fe7b19f667a15b8b03e3a3ed8c9938": ["1", "com.example.anycut.CreateShortcutActivity"]}, {"6bcdee1f1dd878f8bb0c61dad50aea2c": ["2", "com.example.anycut.ActivityPickerActivity"]}, {"75fe7b19f667a15b8b03e3a3ed8c9938": ["1", "com.example.anycut.CreateShortcutActivity"]}, {"75fe7b19f667a15b8b03e3a3ed8c9938": ["1", "com.example.anycut.CreateShortcutActivity"]}, {"54cd3b8a33b04843f991782a47773d91": ["3", "com.example.anycut.ActivityPickerActivity"]}, {"75fe7b19f667a15b8b03e3a3ed8c9938": ["1", "com.example.anycut.CreateShortcutActivity"]}, {"54799d680c0ac3f487a91cf5b0802108": ["4", "com.example.anycut.CustomShortcutCreatorActivity"]}, {"75fe7b19f667a15b8b03e3a3ed8c9938": ["1", "com.example.anycut.CreateShortcutActivity"]}, {"75fe7b19f667a15b8b03e3a3ed8c9938": ["1", "com.example.anycut.CreateShortcutActivity"]}, {"75fe7b19f667a15b8b03e3a3ed8c9938": ["1", "com.example.anycut.CreateShortcutActivity"]}, {"75fe7b19f667a15b8b03e3a3ed8c9938": ["1", "com.example.anycut.CreateShortcutActivity"]}, {"54799d680c0ac3f487a91cf5b0802108": ["4", "com.example.anycut.CustomShortcutCreatorActivity"]}, {"358c072d467962fd1ab2b20170888c5b": ["6", "com.example.anycut.CreateShortcutActivity"]}, {"75fe7b19f667a15b8b03e3a3ed8c9938": ["1", "com.example.anycut.CreateShortcutActivity"]}, {"54799d680c0ac3f487a91cf5b0802108": ["4", "com.example.anycut.CustomShortcutCreatorActivity"]}, {"75fe7b19f667a15b8b03e3a3ed8c9938": ["1", "com.example.anycut.CreateShortcutActivity"]}, {"54799d680c0ac3f487a91cf5b0802108": ["4", "com.example.anycut.CustomShortcutCreatorActivity"]}, {"75fe7b19f667a15b8b03e3a3ed8c9938": ["1", "com.example.anycut.CreateShortcutActivity"]}, {"75fe7b19f667a15b8b03e3a3ed8c9938": ["1", "com.example.anycut.CreateShortcutActivity"]}, {"75fe7b19f667a15b8b03e3a3ed8c9938": ["1", "com.example.anycut.CreateShortcutActivity"]}, {"75fe7b19f667a15b8b03e3a3ed8c9938": ["1", "com.example.anycut.CreateShortcutActivity"]}, {"75fe7b19f667a15b8b03e3a3ed8c9938": ["1", "com.example.anycut.CreateShortcutActivity"]}, {"75fe7b19f667a15b8b03e3a3ed8c9938": ["1", "com.example.anycut.CreateShortcutActivity"]}, {"75fe7b19f667a15b8b03e3a3ed8c9938": ["1", "com.example.anycut.CreateShortcutActivity"]}, {"75fe7b19f667a15b8b03e3a3ed8c9938": ["1", "com.example.anycut.CreateShortcutActivity"]}, {"75fe7b19f667a15b8b03e3a3ed8c9938": ["1", "com.example.anycut.CreateShortcutActivity"]}, {"75fe7b19f667a15b8b03e3a3ed8c9938": ["1", "com.example.anycut.CreateShortcutActivity"]}, {"75fe7b19f667a15b8b03e3a3ed8c9938": ["1", "com.example.anycut.CreateShortcutActivity"]}, {"75fe7b19f667a15b8b03e3a3ed8c9938": ["1", "com.example.anycut.CreateShortcutActivity"]}, {"54799d680c0ac3f487a91cf5b0802108": ["4", "com.example.anycut.CustomShortcutCreatorActivity"]}, {"75fe7b19f667a15b8b03e3a3ed8c9938": ["1", "com.example.anycut.CreateShortcutActivity"]}, {"54799d680c0ac3f487a91cf5b0802108": ["4", "com.example.anycut.CustomShortcutCreatorActivity"]}, {"75fe7b19f667a15b8b03e3a3ed8c9938": ["1", "com.example.anycut.CreateShortcutActivity"]}, {"54799d680c0ac3f487a91cf5b0802108": ["4", "com.example.anycut.CustomShortcutCreatorActivity"]}, {"75fe7b19f667a15b8b03e3a3ed8c9938": ["1", "com.example.anycut.CreateShortcutActivity"]}, {"54799d680c0ac3f487a91cf5b0802108": ["4", "com.example.anycut.CustomShortcutCreatorActivity"]}, {"75fe7b19f667a15b8b03e3a3ed8c9938": ["1", "com.example.anycut.CreateShortcutActivity"]}, {"d21822f6cc74fbcc568506b3faadd06e": ["7", "com.example.anycut.ActivityPickerActivity"]}, {"75fe7b19f667a15b8b03e3a3ed8c9938": ["1", "com.example.anycut.CreateShortcutActivity"]}, {"75fe7b19f667a15b8b03e3a3ed8c9938": ["1", "com.example.anycut.CreateShortcutActivity"]}, {"54799d680c0ac3f487a91cf5b0802108": ["4", "com.example.anycut.CustomShortcutCreatorActivity"]}, {"dd0ce2f16423e7da92461fadcf1bb72e": ["0", "com.example.anycut.FrontDoorActivity"]}, {"75fe7b19f667a15b8b03e3a3ed8c9938": ["1", "com.example.anycut.CreateShortcutActivity"]}, {"6bcdee1f1dd878f8bb0c61dad50aea2c": ["2", "com.example.anycut.ActivityPickerActivity"]}, {"75fe7b19f667a15b8b03e3a3ed8c9938": ["1", "com.example.anycut.CreateShortcutActivity"]}, {"75fe7b19f667a15b8b03e3a3ed8c9938": ["1", "com.example.anycut.CreateShortcutActivity"]}, {"75fe7b19f667a15b8b03e3a3ed8c9938": ["1", "com.example.anycut.CreateShortcutActivity"]}, {"6bcdee1f1dd878f8bb0c61dad50aea2c": ["2", "com.example.anycut.ActivityPickerActivity"]}, {"75fe7b19f667a15b8b03e3a3ed8c9938": ["1", "com.example.anycut.CreateShortcutActivity"]}, {"6bcdee1f1dd878f8bb0c61dad50aea2c": ["2", "com.example.anycut.ActivityPickerActivity"]}, {"0c0e5807ecba9e21b15d27ba334a2d26": ["5", "com.example.anycut.CreateShortcutActivity"]}, {"75fe7b19f667a15b8b03e3a3ed8c9938": ["1", "com.example.anycut.CreateShortcutActivity"]}, {"75fe7b19f667a15b8b03e3a3ed8c9938": ["1", "com.example.anycut.CreateShortcutActivity"]}, {"54799d680c0ac3f487a91cf5b0802108": ["4", "com.example.anycut.CustomShortcutCreatorActivity"]}, {"75fe7b19f667a15b8b03e3a3ed8c9938": ["1", "com.example.anycut.CreateShortcutActivity"]}, {"75fe7b19f667a15b8b03e3a3ed8c9938": ["1", "com.example.anycut.CreateShortcutActivity"]}, {"54799d680c0ac3f487a91cf5b0802108": ["4", "com.example.anycut.CustomShortcutCreatorActivity"]}, {"75fe7b19f667a15b8b03e3a3ed8c9938": ["1", "com.example.anycut.CreateShortcutActivity"]}, {"54799d680c0ac3f487a91cf5b0802108": ["4", "com.example.anycut.CustomShortcutCreatorActivity"]}, {"75fe7b19f667a15b8b03e3a3ed8c9938": ["1", "com.example.anycut.CreateShortcutActivity"]}, {"54799d680c0ac3f487a91cf5b0802108": ["4", "com.example.anycut.CustomShortcutCreatorActivity"]}, {"75fe7b19f667a15b8b03e3a3ed8c9938": ["1", "com.example.anycut.CreateShortcutActivity"]}, {"6bcdee1f1dd878f8bb0c61dad50aea2c": ["2", "com.example.anycut.ActivityPickerActivity"]}, {"75fe7b19f667a15b8b03e3a3ed8c9938": ["1", "com.example.anycut.CreateShortcutActivity"]}, {"75fe7b19f667a15b8b03e3a3ed8c9938": ["1", "com.example.anycut.CreateShortcutActivity"]}, {"54799d680c0ac3f487a91cf5b0802108": ["4", "com.example.anycut.CustomShortcutCreatorActivity"]}, {"358c072d467962fd1ab2b20170888c5b": ["6", "com.example.anycut.CreateShortcutActivity"]}, {"75fe7b19f667a15b8b03e3a3ed8c9938": ["1", "com.example.anycut.CreateShortcutActivity"]}, {"54799d680c0ac3f487a91cf5b0802108": ["4", "com.example.anycut.CustomShortcutCreatorActivity"]}, {"75fe7b19f667a15b8b03e3a3ed8c9938": ["1", "com.example.anycut.CreateShortcutActivity"]}, {"54799d680c0ac3f487a91cf5b0802108": ["4", "com.example.anycut.CustomShortcutCreatorActivity"]}, {"75fe7b19f667a15b8b03e3a3ed8c9938": ["1", "com.example.anycut.CreateShortcutActivity"]}, {"54799d680c0ac3f487a91cf5b0802108": ["4", "com.example.anycut.CustomShortcutCreatorActivity"]}, {"75fe7b19f667a15b8b03e3a3ed8c9938": ["1", "com.example.anycut.CreateShortcutActivity"]}, {"54799d680c0ac3f487a91cf5b0802108": ["4", "com.example.anycut.CustomShortcutCreatorActivity"]}, {"75fe7b19f667a15b8b03e3a3ed8c9938": ["1", "com.example.anycut.CreateShortcutActivity"]}, {"54799d680c0ac3f487a91cf5b0802108": ["4", "com.example.anycut.CustomShortcutCreatorActivity"]}, {"75fe7b19f667a15b8b03e3a3ed8c9938": ["1", "com.example.anycut.CreateShortcutActivity"]}, {"54799d680c0ac3f487a91cf5b0802108": ["4", "com.example.anycut.CustomShortcutCreatorActivity"]}, {"75fe7b19f667a15b8b03e3a3ed8c9938": ["1", "com.example.anycut.CreateShortcutActivity"]}, {"75fe7b19f667a15b8b03e3a3ed8c9938": ["1", "com.example.anycut.CreateShortcutActivity"]}, {"75fe7b19f667a15b8b03e3a3ed8c9938": ["1", "com.example.anycut.CreateShortcutActivity"]}, {"6bcdee1f1dd878f8bb0c61dad50aea2c": ["2", "com.example.anycut.ActivityPickerActivity"]}, {"0c0e5807ecba9e21b15d27ba334a2d26": ["5", "com.example.anycut.CreateShortcutActivity"]}, {"75fe7b19f667a15b8b03e3a3ed8c9938": ["1", "com.example.anycut.CreateShortcutActivity"]}, {"75fe7b19f667a15b8b03e3a3ed8c9938": ["1", "com.example.anycut.CreateShortcutActivity"]}, {"75fe7b19f667a15b8b03e3a3ed8c9938": ["1", "com.example.anycut.CreateShortcutActivity"]}, {"6bcdee1f1dd878f8bb0c61dad50aea2c": ["2", "com.example.anycut.ActivityPickerActivity"]}, {"75fe7b19f667a15b8b03e3a3ed8c9938": ["1", "com.example.anycut.CreateShortcutActivity"]}, {"6bcdee1f1dd878f8bb0c61dad50aea2c": ["2", "com.example.anycut.ActivityPickerActivity"]}, {"75fe7b19f667a15b8b03e3a3ed8c9938": ["1", "com.example.anycut.CreateShortcutActivity"]}, {"75fe7b19f667a15b8b03e3a3ed8c9938": ["1", "com.example.anycut.CreateShortcutActivity"]}, {"75fe7b19f667a15b8b03e3a3ed8c9938": ["1", "com.example.anycut.CreateShortcutActivity"]}, {"75fe7b19f667a15b8b03e3a3ed8c9938": ["1", "com.example.anycut.CreateShortcutActivity"]}, {"75fe7b19f667a15b8b03e3a3ed8c9938": ["1", "com.example.anycut.CreateShortcutActivity"]}, {"54799d680c0ac3f487a91cf5b0802108": ["4", "com.example.anycut.CustomShortcutCreatorActivity"]}, {"75fe7b19f667a15b8b03e3a3ed8c9938": ["1", "com.example.anycut.CreateShortcutActivity"]}, {"6bcdee1f1dd878f8bb0c61dad50aea2c": ["2", "com.example.anycut.ActivityPickerActivity"]}, {"75fe7b19f667a15b8b03e3a3ed8c9938": ["1", "com.example.anycut.CreateShortcutActivity"]}, {"75fe7b19f667a15b8b03e3a3ed8c9938": ["1", "com.example.anycut.CreateShortcutActivity"]}, {"75fe7b19f667a15b8b03e3a3ed8c9938": ["1", "com.example.anycut.CreateShortcutActivity"]}, {"75fe7b19f667a15b8b03e3a3ed8c9938": ["1", "com.example.anycut.CreateShortcutActivity"]}, {"6bcdee1f1dd878f8bb0c61dad50aea2c": ["2", "com.example.anycut.ActivityPickerActivity"]}, {"0c0e5807ecba9e21b15d27ba334a2d26": ["5", "com.example.anycut.CreateShortcutActivity"]}, {"dd0ce2f16423e7da92461fadcf1bb72e": ["0", "com.example.anycut.FrontDoorActivity"]}, {"75fe7b19f667a15b8b03e3a3ed8c9938": ["1", "com.example.anycut.CreateShortcutActivity"]}, {"75fe7b19f667a15b8b03e3a3ed8c9938": ["1", "com.example.anycut.CreateShortcutActivity"]}, {"6bcdee1f1dd878f8bb0c61dad50aea2c": ["2", "com.example.anycut.ActivityPickerActivity"]}, {"0c0e5807ecba9e21b15d27ba334a2d26": ["5", "com.example.anycut.CreateShortcutActivity"]}, {"75fe7b19f667a15b8b03e3a3ed8c9938": ["1", "com.example.anycut.CreateShortcutActivity"]}, {"6bcdee1f1dd878f8bb0c61dad50aea2c": ["2", "com.example.anycut.ActivityPickerActivity"]}, {"75fe7b19f667a15b8b03e3a3ed8c9938": ["1", "com.example.anycut.CreateShortcutActivity"]}, {"75fe7b19f667a15b8b03e3a3ed8c9938": ["1", "com.example.anycut.CreateShortcutActivity"]}, {"6bcdee1f1dd878f8bb0c61dad50aea2c": ["2", "com.example.anycut.ActivityPickerActivity"]}, {"0c0e5807ecba9e21b15d27ba334a2d26": ["5", "com.example.anycut.CreateShortcutActivity"]}, {"75fe7b19f667a15b8b03e3a3ed8c9938": ["1", "com.example.anycut.CreateShortcutActivity"]}, {"54799d680c0ac3f487a91cf5b0802108": ["4", "com.example.anycut.CustomShortcutCreatorActivity"]}, {"75fe7b19f667a15b8b03e3a3ed8c9938": ["1", "com.example.anycut.CreateShortcutActivity"]}, {"75fe7b19f667a15b8b03e3a3ed8c9938": ["1", "com.example.anycut.CreateShortcutActivity"]}, {"75fe7b19f667a15b8b03e3a3ed8c9938": ["1", "com.example.anycut.CreateShortcutActivity"]}, {"75fe7b19f667a15b8b03e3a3ed8c9938": ["1", "com.example.anycut.CreateShortcutActivity"]}, {"75fe7b19f667a15b8b03e3a3ed8c9938": ["1", "com.example.anycut.CreateShortcutActivity"]}, {"75fe7b19f667a15b8b03e3a3ed8c9938": ["1", "com.example.anycut.CreateShortcutActivity"]}, {"54799d680c0ac3f487a91cf5b0802108": ["4", "com.example.anycut.CustomShortcutCreatorActivity"]}, {"75fe7b19f667a15b8b03e3a3ed8c9938": ["1", "com.example.anycut.CreateShortcutActivity"]}, {"75fe7b19f667a15b8b03e3a3ed8c9938": ["1", "com.example.anycut.CreateShortcutActivity"]}, {"6bcdee1f1dd878f8bb0c61dad50aea2c": ["2", "com.example.anycut.ActivityPickerActivity"]}, {"75fe7b19f667a15b8b03e3a3ed8c9938": ["1", "com.example.anycut.CreateShortcutActivity"]}, {"6bcdee1f1dd878f8bb0c61dad50aea2c": ["2", "com.example.anycut.ActivityPickerActivity"]}, {"75fe7b19f667a15b8b03e3a3ed8c9938": ["1", "com.example.anycut.CreateShortcutActivity"]}, {"75fe7b19f667a15b8b03e3a3ed8c9938": ["1", "com.example.anycut.CreateShortcutActivity"]}, {"75fe7b19f667a15b8b03e3a3ed8c9938": ["1", "com.example.anycut.CreateShortcutActivity"]}, {"75fe7b19f667a15b8b03e3a3ed8c9938": ["1", "com.example.anycut.CreateShortcutActivity"]}, {"75fe7b19f667a15b8b03e3a3ed8c9938": ["1", "com.example.anycut.CreateShortcutActivity"]}, {"54cd3b8a33b04843f991782a47773d91": ["3", "com.example.anycut.ActivityPickerActivity"]}, {"75fe7b19f667a15b8b03e3a3ed8c9938": ["1", "com.example.anycut.CreateShortcutActivity"]}, {"75fe7b19f667a15b8b03e3a3ed8c9938": ["1", "com.example.anycut.CreateShortcutActivity"]}, {"75fe7b19f667a15b8b03e3a3ed8c9938": ["1", "com.example.anycut.CreateShortcutActivity"]}, {"54799d680c0ac3f487a91cf5b0802108": ["4", "com.example.anycut.CustomShortcutCreatorActivity"]}, {"75fe7b19f667a15b8b03e3a3ed8c9938": ["1", "com.example.anycut.CreateShortcutActivity"]}, {"75fe7b19f667a15b8b03e3a3ed8c9938": ["1", "com.example.anycut.CreateShortcutActivity"]}, {"54799d680c0ac3f487a91cf5b0802108": ["4", "com.example.anycut.CustomShortcutCreatorActivity"]}, {"75fe7b19f667a15b8b03e3a3ed8c9938": ["1", "com.example.anycut.CreateShortcutActivity"]}, {"75fe7b19f667a15b8b03e3a3ed8c9938": ["1", "com.example.anycut.CreateShortcutActivity"]}, {"75fe7b19f667a15b8b03e3a3ed8c9938": ["1", "com.example.anycut.CreateShortcutActivity"]}, {"6bcdee1f1dd878f8bb0c61dad50aea2c": ["2", "com.example.anycut.ActivityPickerActivity"]}, {"75fe7b19f667a15b8b03e3a3ed8c9938": ["1", "com.example.anycut.CreateShortcutActivity"]}, {"6bcdee1f1dd878f8bb0c61dad50aea2c": ["2", "com.example.anycut.ActivityPickerActivity"]}, {"75fe7b19f667a15b8b03e3a3ed8c9938": ["1", "com.example.anycut.CreateShortcutActivity"]}, {"6bcdee1f1dd878f8bb0c61dad50aea2c": ["2", "com.example.anycut.ActivityPickerActivity"]}, {"75fe7b19f667a15b8b03e3a3ed8c9938": ["1", "com.example.anycut.CreateShortcutActivity"]}, {"75fe7b19f667a15b8b03e3a3ed8c9938": ["1", "com.example.anycut.CreateShortcutActivity"]}, {"75fe7b19f667a15b8b03e3a3ed8c9938": ["1", "com.example.anycut.CreateShortcutActivity"]}, {"75fe7b19f667a15b8b03e3a3ed8c9938": ["1", "com.example.anycut.CreateShortcutActivity"]}, {"75fe7b19f667a15b8b03e3a3ed8c9938": ["1", "com.example.anycut.CreateShortcutActivity"]}, {"75fe7b19f667a15b8b03e3a3ed8c9938": ["1", "com.example.anycut.CreateShortcutActivity"]}, {"75fe7b19f667a15b8b03e3a3ed8c9938": ["1", "com.example.anycut.CreateShortcutActivity"]}, {"75fe7b19f667a15b8b03e3a3ed8c9938": ["1", "com.example.anycut.CreateShortcutActivity"]}, {"75fe7b19f667a15b8b03e3a3ed8c9938": ["1", "com.example.anycut.CreateShortcutActivity"]}, {"75fe7b19f667a15b8b03e3a3ed8c9938": ["1", "com.example.anycut.CreateShortcutActivity"]}, {"75fe7b19f667a15b8b03e3a3ed8c9938": ["1", "com.example.anycut.CreateShortcutActivity"]}, {"54799d680c0ac3f487a91cf5b0802108": ["4", "com.example.anycut.CustomShortcutCreatorActivity"]}, {"75fe7b19f667a15b8b03e3a3ed8c9938": ["1", "com.example.anycut.CreateShortcutActivity"]}, {"6bcdee1f1dd878f8bb0c61dad50aea2c": ["2", "com.example.anycut.ActivityPickerActivity"]}, {"75fe7b19f667a15b8b03e3a3ed8c9938": ["1", "com.example.anycut.CreateShortcutActivity"]}, {"6bcdee1f1dd878f8bb0c61dad50aea2c": ["2", "com.example.anycut.ActivityPickerActivity"]}, {"75fe7b19f667a15b8b03e3a3ed8c9938": ["1", "com.example.anycut.CreateShortcutActivity"]}, {"75fe7b19f667a15b8b03e3a3ed8c9938": ["1", "com.example.anycut.CreateShortcutActivity"]}, {"6bcdee1f1dd878f8bb0c61dad50aea2c": ["2", "com.example.anycut.ActivityPickerActivity"]}, {"0c0e5807ecba9e21b15d27ba334a2d26": ["5", "com.example.anycut.CreateShortcutActivity"]}, {"75fe7b19f667a15b8b03e3a3ed8c9938": ["1", "com.example.anycut.CreateShortcutActivity"]}, {"6bcdee1f1dd878f8bb0c61dad50aea2c": ["2", "com.example.anycut.ActivityPickerActivity"]}, {"0c0e5807ecba9e21b15d27ba334a2d26": ["5", "com.example.anycut.CreateShortcutActivity"]}, {"dd0ce2f16423e7da92461fadcf1bb72e": ["0", "com.example.anycut.FrontDoorActivity"]}, {"75fe7b19f667a15b8b03e3a3ed8c9938": ["1", "com.example.anycut.CreateShortcutActivity"]}, {"75fe7b19f667a15b8b03e3a3ed8c9938": ["1", "com.example.anycut.CreateShortcutActivity"]}, {"75fe7b19f667a15b8b03e3a3ed8c9938": ["1", "com.example.anycut.CreateShortcutActivity"]}, {"54799d680c0ac3f487a91cf5b0802108": ["4", "com.example.anycut.CustomShortcutCreatorActivity"]}, {"75fe7b19f667a15b8b03e3a3ed8c9938": ["1", "com.example.anycut.CreateShortcutActivity"]}, {"75fe7b19f667a15b8b03e3a3ed8c9938": ["1", "com.example.anycut.CreateShortcutActivity"]}, {"54799d680c0ac3f487a91cf5b0802108": ["4", "com.example.anycut.CustomShortcutCreatorActivity"]}, {"75fe7b19f667a15b8b03e3a3ed8c9938": ["1", "com.example.anycut.CreateShortcutActivity"]}, {"75fe7b19f667a15b8b03e3a3ed8c9938": ["1", "com.example.anycut.CreateShortcutActivity"]}, {"75fe7b19f667a15b8b03e3a3ed8c9938": ["1", "com.example.anycut.CreateShortcutActivity"]}, {"75fe7b19f667a15b8b03e3a3ed8c9938": ["1", "com.example.anycut.CreateShortcutActivity"]}, {"75fe7b19f667a15b8b03e3a3ed8c9938": ["1", "com.example.anycut.CreateShortcutActivity"]}, {"6bcdee1f1dd878f8bb0c61dad50aea2c": ["2", "com.example.anycut.ActivityPickerActivity"]}, {"0c0e5807ecba9e21b15d27ba334a2d26": ["5", "com.example.anycut.CreateShortcutActivity"]}, {"75fe7b19f667a15b8b03e3a3ed8c9938": ["1", "com.example.anycut.CreateShortcutActivity"]}, {"6bcdee1f1dd878f8bb0c61dad50aea2c": ["2", "com.example.anycut.ActivityPickerActivity"]}, {"75fe7b19f667a15b8b03e3a3ed8c9938": ["1", "com.example.anycut.CreateShortcutActivity"]}, {"54799d680c0ac3f487a91cf5b0802108": ["4", "com.example.anycut.CustomShortcutCreatorActivity"]}, {"75fe7b19f667a15b8b03e3a3ed8c9938": ["1", "com.example.anycut.CreateShortcutActivity"]}, {"75fe7b19f667a15b8b03e3a3ed8c9938": ["1", "com.example.anycut.CreateShortcutActivity"]}, {"54799d680c0ac3f487a91cf5b0802108": ["4", "com.example.anycut.CustomShortcutCreatorActivity"]}, {"75fe7b19f667a15b8b03e3a3ed8c9938": ["1", "com.example.anycut.CreateShortcutActivity"]}, {"75fe7b19f667a15b8b03e3a3ed8c9938": ["1", "com.example.anycut.CreateShortcutActivity"]}, {"6bcdee1f1dd878f8bb0c61dad50aea2c": ["2", "com.example.anycut.ActivityPickerActivity"]}, {"75fe7b19f667a15b8b03e3a3ed8c9938": ["1", "com.example.anycut.CreateShortcutActivity"]}, {"75fe7b19f667a15b8b03e3a3ed8c9938": ["1", "com.example.anycut.CreateShortcutActivity"]}, {"dd0ce2f16423e7da92461fadcf1bb72e": ["0", "com.example.anycut.FrontDoorActivity"]}, {"75fe7b19f667a15b8b03e3a3ed8c9938": ["1", "com.example.anycut.CreateShortcutActivity"]}, {"54799d680c0ac3f487a91cf5b0802108": ["4", "com.example.anycut.CustomShortcutCreatorActivity"]}, {"75fe7b19f667a15b8b03e3a3ed8c9938": ["1", "com.example.anycut.CreateShortcutActivity"]}, {"6bcdee1f1dd878f8bb0c61dad50aea2c": ["2", "com.example.anycut.ActivityPickerActivity"]}, {"75fe7b19f667a15b8b03e3a3ed8c9938": ["1", "com.example.anycut.CreateShortcutActivity"]}, {"75fe7b19f667a15b8b03e3a3ed8c9938": ["1", "com.example.anycut.CreateShortcutActivity"]}, {"75fe7b19f667a15b8b03e3a3ed8c9938": ["1", "com.example.anycut.CreateShortcutActivity"]}, {"6bcdee1f1dd878f8bb0c61dad50aea2c": ["2", "com.example.anycut.ActivityPickerActivity"]}, {"75fe7b19f667a15b8b03e3a3ed8c9938": ["1", "com.example.anycut.CreateShortcutActivity"]}, {"75fe7b19f667a15b8b03e3a3ed8c9938": ["1", "com.example.anycut.CreateShortcutActivity"]}, {"6bcdee1f1dd878f8bb0c61dad50aea2c": ["2", "com.example.anycut.ActivityPickerActivity"]}, {"75fe7b19f667a15b8b03e3a3ed8c9938": ["1", "com.example.anycut.CreateShortcutActivity"]}, {"6bcdee1f1dd878f8bb0c61dad50aea2c": ["2", "com.example.anycut.ActivityPickerActivity"]}, {"0c0e5807ecba9e21b15d27ba334a2d26": ["5", "com.example.anycut.CreateShortcutActivity"]}, {"dd0ce2f16423e7da92461fadcf1bb72e": ["0", "com.example.anycut.FrontDoorActivity"]}, {"75fe7b19f667a15b8b03e3a3ed8c9938": ["1", "com.example.anycut.CreateShortcutActivity"]}, {"75fe7b19f667a15b8b03e3a3ed8c9938": ["1", "com.example.anycut.CreateShortcutActivity"]}, {"75fe7b19f667a15b8b03e3a3ed8c9938": ["1", "com.example.anycut.CreateShortcutActivity"]}, {"6bcdee1f1dd878f8bb0c61dad50aea2c": ["2", "com.example.anycut.ActivityPickerActivity"]}, {"75fe7b19f667a15b8b03e3a3ed8c9938": ["1", "com.example.anycut.CreateShortcutActivity"]}, {"75fe7b19f667a15b8b03e3a3ed8c9938": ["1", "com.example.anycut.CreateShortcutActivity"]}, {"75fe7b19f667a15b8b03e3a3ed8c9938": ["1", "com.example.anycut.CreateShortcutActivity"]}, {"6bcdee1f1dd878f8bb0c61dad50aea2c": ["2", "com.example.anycut.ActivityPickerActivity"]}, {"75fe7b19f667a15b8b03e3a3ed8c9938": ["1", "com.example.anycut.CreateShortcutActivity"]}, {"6bcdee1f1dd878f8bb0c61dad50aea2c": ["2", "com.example.anycut.ActivityPickerActivity"]}, {"0c0e5807ecba9e21b15d27ba334a2d26": ["5", "com.example.anycut.CreateShortcutActivity"]}, {"75fe7b19f667a15b8b03e3a3ed8c9938": ["1", "com.example.anycut.CreateShortcutActivity"]}, {"75fe7b19f667a15b8b03e3a3ed8c9938": ["1", "com.example.anycut.CreateShortcutActivity"]}, {"75fe7b19f667a15b8b03e3a3ed8c9938": ["1", "com.example.anycut.CreateShortcutActivity"]}, {"75fe7b19f667a15b8b03e3a3ed8c9938": ["1", "com.example.anycut.CreateShortcutActivity"]}, {"6bcdee1f1dd878f8bb0c61dad50aea2c": ["2", "com.example.anycut.ActivityPickerActivity"]}, {"75fe7b19f667a15b8b03e3a3ed8c9938": ["1", "com.example.anycut.CreateShortcutActivity"]}, {"75fe7b19f667a15b8b03e3a3ed8c9938": ["1", "com.example.anycut.CreateShortcutActivity"]}, {"75fe7b19f667a15b8b03e3a3ed8c9938": ["1", "com.example.anycut.CreateShortcutActivity"]}, {"75fe7b19f667a15b8b03e3a3ed8c9938": ["1", "com.example.anycut.CreateShortcutActivity"]}, {"75fe7b19f667a15b8b03e3a3ed8c9938": ["1", "com.example.anycut.CreateShortcutActivity"]}, {"54799d680c0ac3f487a91cf5b0802108": ["4", "com.example.anycut.CustomShortcutCreatorActivity"]}, {"75fe7b19f667a15b8b03e3a3ed8c9938": ["1", "com.example.anycut.CreateShortcutActivity"]}, {"75fe7b19f667a15b8b03e3a3ed8c9938": ["1", "com.example.anycut.CreateShortcutActivity"]}, {"75fe7b19f667a15b8b03e3a3ed8c9938": ["1", "com.example.anycut.CreateShortcutActivity"]}, {"54799d680c0ac3f487a91cf5b0802108": ["4", "com.example.anycut.CustomShortcutCreatorActivity"]}, {"75fe7b19f667a15b8b03e3a3ed8c9938": ["1", "com.example.anycut.CreateShortcutActivity"]}, {"75fe7b19f667a15b8b03e3a3ed8c9938": ["1", "com.example.anycut.CreateShortcutActivity"]}, {"54799d680c0ac3f487a91cf5b0802108": ["4", "com.example.anycut.CustomShortcutCreatorActivity"]}, {"75fe7b19f667a15b8b03e3a3ed8c9938": ["1", "com.example.anycut.CreateShortcutActivity"]}, {"54799d680c0ac3f487a91cf5b0802108": ["4", "com.example.anycut.CustomShortcutCreatorActivity"]}, {"75fe7b19f667a15b8b03e3a3ed8c9938": ["1", "com.example.anycut.CreateShortcutActivity"]}, {"75fe7b19f667a15b8b03e3a3ed8c9938": ["1", "com.example.anycut.CreateShortcutActivity"]}, {"54799d680c0ac3f487a91cf5b0802108": ["4", "com.example.anycut.CustomShortcutCreatorActivity"]}, {"358c072d467962fd1ab2b20170888c5b": ["6", "com.example.anycut.CreateShortcutActivity"]}, {"75fe7b19f667a15b8b03e3a3ed8c9938": ["1", "com.example.anycut.CreateShortcutActivity"]}, {"54799d680c0ac3f487a91cf5b0802108": ["4", "com.example.anycut.CustomShortcutCreatorActivity"]}, {"75fe7b19f667a15b8b03e3a3ed8c9938": ["1", "com.example.anycut.CreateShortcutActivity"]}, {"75fe7b19f667a15b8b03e3a3ed8c9938": ["1", "com.example.anycut.CreateShortcutActivity"]}, {"75fe7b19f667a15b8b03e3a3ed8c9938": ["1", "com.example.anycut.CreateShortcutActivity"]}, {"75fe7b19f667a15b8b03e3a3ed8c9938": ["1", "com.example.anycut.CreateShortcutActivity"]}, {"75fe7b19f667a15b8b03e3a3ed8c9938": ["1", "com.example.anycut.CreateShortcutActivity"]}, {"75fe7b19f667a15b8b03e3a3ed8c9938": ["1", "com.example.anycut.CreateShortcutActivity"]}, {"54799d680c0ac3f487a91cf5b0802108": ["4", "com.example.anycut.CustomShortcutCreatorActivity"]}, {"75fe7b19f667a15b8b03e3a3ed8c9938": ["1", "com.example.anycut.CreateShortcutActivity"]}, {"75fe7b19f667a15b8b03e3a3ed8c9938": ["1", "com.example.anycut.CreateShortcutActivity"]}, {"75fe7b19f667a15b8b03e3a3ed8c9938": ["1", "com.example.anycut.CreateShortcutActivity"]}, {"75fe7b19f667a15b8b03e3a3ed8c9938": ["1", "com.example.anycut.CreateShortcutActivity"]}, {"6bcdee1f1dd878f8bb0c61dad50aea2c": ["2", "com.example.anycut.ActivityPickerActivity"]}, {"75fe7b19f667a15b8b03e3a3ed8c9938": ["1", "com.example.anycut.CreateShortcutActivity"]}, {"6bcdee1f1dd878f8bb0c61dad50aea2c": ["2", "com.example.anycut.ActivityPickerActivity"]}, {"75fe7b19f667a15b8b03e3a3ed8c9938": ["1", "com.example.anycut.CreateShortcutActivity"]}, {"75fe7b19f667a15b8b03e3a3ed8c9938": ["1", "com.example.anycut.CreateShortcutActivity"]}, {"54799d680c0ac3f487a91cf5b0802108": ["4", "com.example.anycut.CustomShortcutCreatorActivity"]}, {"358c072d467962fd1ab2b20170888c5b": ["6", "com.example.anycut.CreateShortcutActivity"]}, {"75fe7b19f667a15b8b03e3a3ed8c9938": ["1", "com.example.anycut.CreateShortcutActivity"]}, {"75fe7b19f667a15b8b03e3a3ed8c9938": ["1", "com.example.anycut.CreateShortcutActivity"]}, {"54cd3b8a33b04843f991782a47773d91": ["3", "com.example.anycut.ActivityPickerActivity"]}, {"0c0e5807ecba9e21b15d27ba334a2d26": ["5", "com.example.anycut.CreateShortcutActivity"]}, {"dd0ce2f16423e7da92461fadcf1bb72e": ["0", "com.example.anycut.FrontDoorActivity"]}, {"75fe7b19f667a15b8b03e3a3ed8c9938": ["1", "com.example.anycut.CreateShortcutActivity"]}, {"6bcdee1f1dd878f8bb0c61dad50aea2c": ["2", "com.example.anycut.ActivityPickerActivity"]}, {"0c0e5807ecba9e21b15d27ba334a2d26": ["5", "com.example.anycut.CreateShortcutActivity"]}, {"75fe7b19f667a15b8b03e3a3ed8c9938": ["1", "com.example.anycut.CreateShortcutActivity"]}, {"54799d680c0ac3f487a91cf5b0802108": ["4", "com.example.anycut.CustomShortcutCreatorActivity"]}, {"75fe7b19f667a15b8b03e3a3ed8c9938": ["1", "com.example.anycut.CreateShortcutActivity"]}, {"75fe7b19f667a15b8b03e3a3ed8c9938": ["1", "com.example.anycut.CreateShortcutActivity"]}, {"54cd3b8a33b04843f991782a47773d91": ["3", "com.example.anycut.ActivityPickerActivity"]}, {"75fe7b19f667a15b8b03e3a3ed8c9938": ["1", "com.example.anycut.CreateShortcutActivity"]}, {"75fe7b19f667a15b8b03e3a3ed8c9938": ["1", "com.example.anycut.CreateShortcutActivity"]}, {"75fe7b19f667a15b8b03e3a3ed8c9938": ["1", "com.example.anycut.CreateShortcutActivity"]}, {"75fe7b19f667a15b8b03e3a3ed8c9938": ["1", "com.example.anycut.CreateShortcutActivity"]}, {"75fe7b19f667a15b8b03e3a3ed8c9938": ["1", "com.example.anycut.CreateShortcutActivity"]}, {"75fe7b19f667a15b8b03e3a3ed8c9938": ["1", "com.example.anycut.CreateShortcutActivity"]}, {"75fe7b19f667a15b8b03e3a3ed8c9938": ["1", "com.example.anycut.CreateShortcutActivity"]}, {"54799d680c0ac3f487a91cf5b0802108": ["4", "com.example.anycut.CustomShortcutCreatorActivity"]}, {"75fe7b19f667a15b8b03e3a3ed8c9938": ["1", "com.example.anycut.CreateShortcutActivity"]}, {"75fe7b19f667a15b8b03e3a3ed8c9938": ["1", "com.example.anycut.CreateShortcutActivity"]}, {"6bcdee1f1dd878f8bb0c61dad50aea2c": ["2", "com.example.anycut.ActivityPickerActivity"]}, {"75fe7b19f667a15b8b03e3a3ed8c9938": ["1", "com.example.anycut.CreateShortcutActivity"]}, {"6bcdee1f1dd878f8bb0c61dad50aea2c": ["2", "com.example.anycut.ActivityPickerActivity"]}, {"75fe7b19f667a15b8b03e3a3ed8c9938": ["1", "com.example.anycut.CreateShortcutActivity"]}, {"75fe7b19f667a15b8b03e3a3ed8c9938": ["1", "com.example.anycut.CreateShortcutActivity"]}, {"54799d680c0ac3f487a91cf5b0802108": ["4", "com.example.anycut.CustomShortcutCreatorActivity"]}, {"75fe7b19f667a15b8b03e3a3ed8c9938": ["1", "com.example.anycut.CreateShortcutActivity"]}, {"54799d680c0ac3f487a91cf5b0802108": ["4", "com.example.anycut.CustomShortcutCreatorActivity"]}, {"75fe7b19f667a15b8b03e3a3ed8c9938": ["1", "com.example.anycut.CreateShortcutActivity"]}, {"54799d680c0ac3f487a91cf5b0802108": ["4", "com.example.anycut.CustomShortcutCreatorActivity"]}, {"75fe7b19f667a15b8b03e3a3ed8c9938": ["1", "com.example.anycut.CreateShortcutActivity"]}, {"75fe7b19f667a15b8b03e3a3ed8c9938": ["1", "com.example.anycut.CreateShortcutActivity"]}, {"75fe7b19f667a15b8b03e3a3ed8c9938": ["1", "com.example.anycut.CreateShortcutActivity"]}, {"dd0ce2f16423e7da92461fadcf1bb72e": ["0", "com.example.anycut.FrontDoorActivity"]}, {"75fe7b19f667a15b8b03e3a3ed8c9938": ["1", "com.example.anycut.CreateShortcutActivity"]}, {"75fe7b19f667a15b8b03e3a3ed8c9938": ["1", "com.example.anycut.CreateShortcutActivity"]}, {"75fe7b19f667a15b8b03e3a3ed8c9938": ["1", "com.example.anycut.CreateShortcutActivity"]}, {"75fe7b19f667a15b8b03e3a3ed8c9938": ["1", "com.example.anycut.CreateShortcutActivity"]}, {"6bcdee1f1dd878f8bb0c61dad50aea2c": ["2", "com.example.anycut.ActivityPickerActivity"]}, {"75fe7b19f667a15b8b03e3a3ed8c9938": ["1", "com.example.anycut.CreateShortcutActivity"]}, {"75fe7b19f667a15b8b03e3a3ed8c9938": ["1", "com.example.anycut.CreateShortcutActivity"]}, {"75fe7b19f667a15b8b03e3a3ed8c9938": ["1", "com.example.anycut.CreateShortcutActivity"]}, {"54799d680c0ac3f487a91cf5b0802108": ["4", "com.example.anycut.CustomShortcutCreatorActivity"]}, {"75fe7b19f667a15b8b03e3a3ed8c9938": ["1", "com.example.anycut.CreateShortcutActivity"]}]