[{"093d241f4458cd142cb3738ef3b0873c": ["0", "com.eleybourn.bookcatalogue.BookCatalogue"]}, {"093d241f4458cd142cb3738ef3b0873c": ["0", "com.eleybourn.bookcatalogue.BookCatalogue"]}, {"093d241f4458cd142cb3738ef3b0873c": ["0", "com.eleybourn.bookcatalogue.BookCatalogue"]}, {"6287acf463637c0828e78f5372db0803": ["15", "com.eleybourn.bookcatalogue.BookCatalogue"]}, {"096e0c294b6a12361fe4672a78960097": ["16", "com.eleybourn.bookcatalogue.BookISBNSearch"]}, {"22670a8f9db9d8f1825e6e293b2c464e": ["71", "com.eleybourn.bookcatalogue.AdministrationLibraryThing"]}, {"22670a8f9db9d8f1825e6e293b2c464e": ["71", "com.eleybourn.bookcatalogue.AdministrationLibraryThing"]}, {"22670a8f9db9d8f1825e6e293b2c464e": ["71", "com.eleybourn.bookcatalogue.AdministrationLibraryThing"]}, {"22670a8f9db9d8f1825e6e293b2c464e": ["71", "com.eleybourn.bookcatalogue.AdministrationLibraryThing"]}, {"22670a8f9db9d8f1825e6e293b2c464e": ["71", "com.eleybourn.bookcatalogue.AdministrationLibraryThing"]}, {"22670a8f9db9d8f1825e6e293b2c464e": ["71", "com.eleybourn.bookcatalogue.AdministrationLibraryThing"]}, {"1c8d2f3dafc58a8ce75c60cb2c5779d5": ["62", "com.eleybourn.bookcatalogue.BookISBNSearch"]}, {"1c8d2f3dafc58a8ce75c60cb2c5779d5": ["62", "com.eleybourn.bookcatalogue.BookISBNSearch"]}, {"1c8d2f3dafc58a8ce75c60cb2c5779d5": ["62", "com.eleybourn.bookcatalogue.BookISBNSearch"]}, {"1c8d2f3dafc58a8ce75c60cb2c5779d5": ["62", "com.eleybourn.bookcatalogue.BookISBNSearch"]}, {"fe21192b93a4fee062803a6fd1f2aeb1": ["18", "com.eleybourn.bookcatalogue.BookEdit"]}, {"9991190172ae15d80d394fe3fbf9a25c": ["63", "com.eleybourn.bookcatalogue.EditAuthorList"]}, {"9991190172ae15d80d394fe3fbf9a25c": ["63", "com.eleybourn.bookcatalogue.EditAuthorList"]}, {"9991190172ae15d80d394fe3fbf9a25c": ["63", "com.eleybourn.bookcatalogue.EditAuthorList"]}, {"9991190172ae15d80d394fe3fbf9a25c": ["63", "com.eleybourn.bookcatalogue.EditAuthorList"]}, {"9991190172ae15d80d394fe3fbf9a25c": ["63", "com.eleybourn.bookcatalogue.EditAuthorList"]}, {"982c9828421b6347eb815f4698e58cbc": ["66", "com.eleybourn.bookcatalogue.BookEdit"]}, {"8efc32ed973cc1b0abf45333aa33d5c9": ["69", "com.eleybourn.bookcatalogue.EditSeriesList"]}, {"8efc32ed973cc1b0abf45333aa33d5c9": ["69", "com.eleybourn.bookcatalogue.EditSeriesList"]}, {"8efc32ed973cc1b0abf45333aa33d5c9": ["69", "com.eleybourn.bookcatalogue.EditSeriesList"]}, {"fe21192b93a4fee062803a6fd1f2aeb1": ["18", "com.eleybourn.bookcatalogue.BookEdit"]}, {"1c8d2f3dafc58a8ce75c60cb2c5779d5": ["62", "com.eleybourn.bookcatalogue.BookISBNSearch"]}, {"1c8d2f3dafc58a8ce75c60cb2c5779d5": ["62", "com.eleybourn.bookcatalogue.BookISBNSearch"]}, {"1c8d2f3dafc58a8ce75c60cb2c5779d5": ["62", "com.eleybourn.bookcatalogue.BookISBNSearch"]}, {"1c8d2f3dafc58a8ce75c60cb2c5779d5": ["62", "com.eleybourn.bookcatalogue.BookISBNSearch"]}, {"1c8d2f3dafc58a8ce75c60cb2c5779d5": ["62", "com.eleybourn.bookcatalogue.BookISBNSearch"]}, {"1c8d2f3dafc58a8ce75c60cb2c5779d5": ["62", "com.eleybourn.bookcatalogue.BookISBNSearch"]}, {"fe21192b93a4fee062803a6fd1f2aeb1": ["18", "com.eleybourn.bookcatalogue.BookEdit"]}, {"9991190172ae15d80d394fe3fbf9a25c": ["63", "com.eleybourn.bookcatalogue.EditAuthorList"]}, {"9991190172ae15d80d394fe3fbf9a25c": ["63", "com.eleybourn.bookcatalogue.EditAuthorList"]}, {"9991190172ae15d80d394fe3fbf9a25c": ["63", "com.eleybourn.bookcatalogue.EditAuthorList"]}, {"9991190172ae15d80d394fe3fbf9a25c": ["63", "com.eleybourn.bookcatalogue.EditAuthorList"]}, {"fe21192b93a4fee062803a6fd1f2aeb1": ["18", "com.eleybourn.bookcatalogue.BookEdit"]}, {"9991190172ae15d80d394fe3fbf9a25c": ["63", "com.eleybourn.bookcatalogue.EditAuthorList"]}, {"9991190172ae15d80d394fe3fbf9a25c": ["63", "com.eleybourn.bookcatalogue.EditAuthorList"]}, {"9991190172ae15d80d394fe3fbf9a25c": ["63", "com.eleybourn.bookcatalogue.EditAuthorList"]}, {"9991190172ae15d80d394fe3fbf9a25c": ["63", "com.eleybourn.bookcatalogue.EditAuthorList"]}, {"9991190172ae15d80d394fe3fbf9a25c": ["63", "com.eleybourn.bookcatalogue.EditAuthorList"]}, {"9991190172ae15d80d394fe3fbf9a25c": ["63", "com.eleybourn.bookcatalogue.EditAuthorList"]}, {"9991190172ae15d80d394fe3fbf9a25c": ["63", "com.eleybourn.bookcatalogue.EditAuthorList"]}, {"9991190172ae15d80d394fe3fbf9a25c": ["63", "com.eleybourn.bookcatalogue.EditAuthorList"]}, {"1c8d2f3dafc58a8ce75c60cb2c5779d5": ["62", "com.eleybourn.bookcatalogue.BookISBNSearch"]}, {"1c8d2f3dafc58a8ce75c60cb2c5779d5": ["62", "com.eleybourn.bookcatalogue.BookISBNSearch"]}, {"1c8d2f3dafc58a8ce75c60cb2c5779d5": ["62", "com.eleybourn.bookcatalogue.BookISBNSearch"]}, {"1c8d2f3dafc58a8ce75c60cb2c5779d5": ["62", "com.eleybourn.bookcatalogue.BookISBNSearch"]}, {"1c8d2f3dafc58a8ce75c60cb2c5779d5": ["62", "com.eleybourn.bookcatalogue.BookISBNSearch"]}, {"fe21192b93a4fee062803a6fd1f2aeb1": ["18", "com.eleybourn.bookcatalogue.BookEdit"]}, {"f2d732a3959b93145801a46fffbca3ca": ["54", "com.eleybourn.bookcatalogue.EditAuthorList"]}, {"fe21192b93a4fee062803a6fd1f2aeb1": ["18", "com.eleybourn.bookcatalogue.BookEdit"]}, {"8efc32ed973cc1b0abf45333aa33d5c9": ["69", "com.eleybourn.bookcatalogue.EditSeriesList"]}, {"096e0c294b6a12361fe4672a78960097": ["16", "com.eleybourn.bookcatalogue.BookISBNSearch"]}, {"22670a8f9db9d8f1825e6e293b2c464e": ["71", "com.eleybourn.bookcatalogue.AdministrationLibraryThing"]}, {"22670a8f9db9d8f1825e6e293b2c464e": ["71", "com.eleybourn.bookcatalogue.AdministrationLibraryThing"]}, {"22670a8f9db9d8f1825e6e293b2c464e": ["71", "com.eleybourn.bookcatalogue.AdministrationLibraryThing"]}, {"22670a8f9db9d8f1825e6e293b2c464e": ["71", "com.eleybourn.bookcatalogue.AdministrationLibraryThing"]}, {"22670a8f9db9d8f1825e6e293b2c464e": ["71", "com.eleybourn.bookcatalogue.AdministrationLibraryThing"]}, {"22670a8f9db9d8f1825e6e293b2c464e": ["71", "com.eleybourn.bookcatalogue.AdministrationLibraryThing"]}, {"22670a8f9db9d8f1825e6e293b2c464e": ["71", "com.eleybourn.bookcatalogue.AdministrationLibraryThing"]}, {"22670a8f9db9d8f1825e6e293b2c464e": ["71", "com.eleybourn.bookcatalogue.AdministrationLibraryThing"]}, {"1c8d2f3dafc58a8ce75c60cb2c5779d5": ["62", "com.eleybourn.bookcatalogue.BookISBNSearch"]}, {"1c8d2f3dafc58a8ce75c60cb2c5779d5": ["62", "com.eleybourn.bookcatalogue.BookISBNSearch"]}, {"1c8d2f3dafc58a8ce75c60cb2c5779d5": ["62", "com.eleybourn.bookcatalogue.BookISBNSearch"]}, {"1c8d2f3dafc58a8ce75c60cb2c5779d5": ["62", "com.eleybourn.bookcatalogue.BookISBNSearch"]}, {"fe21192b93a4fee062803a6fd1f2aeb1": ["18", "com.eleybourn.bookcatalogue.BookEdit"]}, {"6088700dffc3a06432553599e0a5665b": ["31", "com.eleybourn.bookcatalogue.EditAuthorList"]}, {"f9f5ae885945718a801d9440d5b947a1": ["33", "com.eleybourn.bookcatalogue.EditAuthorList"]}, {"6088700dffc3a06432553599e0a5665b": ["31", "com.eleybourn.bookcatalogue.EditAuthorList"]}, {"6088700dffc3a06432553599e0a5665b": ["31", "com.eleybourn.bookcatalogue.EditAuthorList"]}, {"f9f5ae885945718a801d9440d5b947a1": ["33", "com.eleybourn.bookcatalogue.EditAuthorList"]}, {"6088700dffc3a06432553599e0a5665b": ["31", "com.eleybourn.bookcatalogue.EditAuthorList"]}, {"f9f5ae885945718a801d9440d5b947a1": ["33", "com.eleybourn.bookcatalogue.EditAuthorList"]}, {"6088700dffc3a06432553599e0a5665b": ["31", "com.eleybourn.bookcatalogue.EditAuthorList"]}, {"1c8d2f3dafc58a8ce75c60cb2c5779d5": ["62", "com.eleybourn.bookcatalogue.BookISBNSearch"]}, {"1c8d2f3dafc58a8ce75c60cb2c5779d5": ["62", "com.eleybourn.bookcatalogue.BookISBNSearch"]}, {"1c8d2f3dafc58a8ce75c60cb2c5779d5": ["62", "com.eleybourn.bookcatalogue.BookISBNSearch"]}, {"1c8d2f3dafc58a8ce75c60cb2c5779d5": ["62", "com.eleybourn.bookcatalogue.BookISBNSearch"]}, {"1c8d2f3dafc58a8ce75c60cb2c5779d5": ["62", "com.eleybourn.bookcatalogue.BookISBNSearch"]}, {"fe21192b93a4fee062803a6fd1f2aeb1": ["18", "com.eleybourn.bookcatalogue.BookEdit"]}, {"fe21192b93a4fee062803a6fd1f2aeb1": ["18", "com.eleybourn.bookcatalogue.BookEdit"]}, {"9991190172ae15d80d394fe3fbf9a25c": ["63", "com.eleybourn.bookcatalogue.EditAuthorList"]}, {"9991190172ae15d80d394fe3fbf9a25c": ["63", "com.eleybourn.bookcatalogue.EditAuthorList"]}, {"9991190172ae15d80d394fe3fbf9a25c": ["63", "com.eleybourn.bookcatalogue.EditAuthorList"]}, {"f9f5ae885945718a801d9440d5b947a1": ["33", "com.eleybourn.bookcatalogue.EditAuthorList"]}, {"9991190172ae15d80d394fe3fbf9a25c": ["63", "com.eleybourn.bookcatalogue.EditAuthorList"]}, {"9991190172ae15d80d394fe3fbf9a25c": ["63", "com.eleybourn.bookcatalogue.EditAuthorList"]}, {"9991190172ae15d80d394fe3fbf9a25c": ["63", "com.eleybourn.bookcatalogue.EditAuthorList"]}, {"9991190172ae15d80d394fe3fbf9a25c": ["63", "com.eleybourn.bookcatalogue.EditAuthorList"]}, {"9991190172ae15d80d394fe3fbf9a25c": ["63", "com.eleybourn.bookcatalogue.EditAuthorList"]}, {"9991190172ae15d80d394fe3fbf9a25c": ["63", "com.eleybourn.bookcatalogue.EditAuthorList"]}, {"9991190172ae15d80d394fe3fbf9a25c": ["63", "com.eleybourn.bookcatalogue.EditAuthorList"]}, {"9991190172ae15d80d394fe3fbf9a25c": ["63", "com.eleybourn.bookcatalogue.EditAuthorList"]}, {"fe21192b93a4fee062803a6fd1f2aeb1": ["18", "com.eleybourn.bookcatalogue.BookEdit"]}, {"4c4347abd2bb3271c18bf2c15ee0008b": ["95", "com.eleybourn.bookcatalogue.BookEdit"]}, {"1c8d2f3dafc58a8ce75c60cb2c5779d5": ["62", "com.eleybourn.bookcatalogue.BookISBNSearch"]}, {"fe21192b93a4fee062803a6fd1f2aeb1": ["18", "com.eleybourn.bookcatalogue.BookEdit"]}, {"6088700dffc3a06432553599e0a5665b": ["31", "com.eleybourn.bookcatalogue.EditAuthorList"]}, {"fe21192b93a4fee062803a6fd1f2aeb1": ["18", "com.eleybourn.bookcatalogue.BookEdit"]}, {"6088700dffc3a06432553599e0a5665b": ["31", "com.eleybourn.bookcatalogue.EditAuthorList"]}, {"6088700dffc3a06432553599e0a5665b": ["31", "com.eleybourn.bookcatalogue.EditAuthorList"]}, {"f9f5ae885945718a801d9440d5b947a1": ["33", "com.eleybourn.bookcatalogue.EditAuthorList"]}, {"6088700dffc3a06432553599e0a5665b": ["31", "com.eleybourn.bookcatalogue.EditAuthorList"]}, {"6088700dffc3a06432553599e0a5665b": ["31", "com.eleybourn.bookcatalogue.EditAuthorList"]}, {"6088700dffc3a06432553599e0a5665b": ["31", "com.eleybourn.bookcatalogue.EditAuthorList"]}, {"6088700dffc3a06432553599e0a5665b": ["31", "com.eleybourn.bookcatalogue.EditAuthorList"]}, {"6088700dffc3a06432553599e0a5665b": ["31", "com.eleybourn.bookcatalogue.EditAuthorList"]}, {"6088700dffc3a06432553599e0a5665b": ["31", "com.eleybourn.bookcatalogue.EditAuthorList"]}, {"6088700dffc3a06432553599e0a5665b": ["31", "com.eleybourn.bookcatalogue.EditAuthorList"]}, {"f9f5ae885945718a801d9440d5b947a1": ["33", "com.eleybourn.bookcatalogue.EditAuthorList"]}, {"6088700dffc3a06432553599e0a5665b": ["31", "com.eleybourn.bookcatalogue.EditAuthorList"]}, {"6088700dffc3a06432553599e0a5665b": ["31", "com.eleybourn.bookcatalogue.EditAuthorList"]}, {"6088700dffc3a06432553599e0a5665b": ["31", "com.eleybourn.bookcatalogue.EditAuthorList"]}, {"6088700dffc3a06432553599e0a5665b": ["31", "com.eleybourn.bookcatalogue.EditAuthorList"]}, {"fe21192b93a4fee062803a6fd1f2aeb1": ["18", "com.eleybourn.bookcatalogue.BookEdit"]}, {"8efc32ed973cc1b0abf45333aa33d5c9": ["69", "com.eleybourn.bookcatalogue.EditSeriesList"]}, {"8efc32ed973cc1b0abf45333aa33d5c9": ["69", "com.eleybourn.bookcatalogue.EditSeriesList"]}, {"8efc32ed973cc1b0abf45333aa33d5c9": ["69", "com.eleybourn.bookcatalogue.EditSeriesList"]}, {"8efc32ed973cc1b0abf45333aa33d5c9": ["69", "com.eleybourn.bookcatalogue.EditSeriesList"]}, {"8efc32ed973cc1b0abf45333aa33d5c9": ["69", "com.eleybourn.bookcatalogue.EditSeriesList"]}, {"8efc32ed973cc1b0abf45333aa33d5c9": ["69", "com.eleybourn.bookcatalogue.EditSeriesList"]}, {"867dcb5a14a7e3f7337be944325a87b0": ["96", "com.eleybourn.bookcatalogue.EditSeriesList"]}, {"867dcb5a14a7e3f7337be944325a87b0": ["96", "com.eleybourn.bookcatalogue.EditSeriesList"]}, {"982c9828421b6347eb815f4698e58cbc": ["66", "com.eleybourn.bookcatalogue.BookEdit"]}, {"8efc32ed973cc1b0abf45333aa33d5c9": ["69", "com.eleybourn.bookcatalogue.EditSeriesList"]}, {"1c8d2f3dafc58a8ce75c60cb2c5779d5": ["62", "com.eleybourn.bookcatalogue.BookISBNSearch"]}, {"1c8d2f3dafc58a8ce75c60cb2c5779d5": ["62", "com.eleybourn.bookcatalogue.BookISBNSearch"]}, {"1c8d2f3dafc58a8ce75c60cb2c5779d5": ["62", "com.eleybourn.bookcatalogue.BookISBNSearch"]}, {"1c8d2f3dafc58a8ce75c60cb2c5779d5": ["62", "com.eleybourn.bookcatalogue.BookISBNSearch"]}, {"1c8d2f3dafc58a8ce75c60cb2c5779d5": ["62", "com.eleybourn.bookcatalogue.BookISBNSearch"]}, {"1c8d2f3dafc58a8ce75c60cb2c5779d5": ["62", "com.eleybourn.bookcatalogue.BookISBNSearch"]}, {"1c8d2f3dafc58a8ce75c60cb2c5779d5": ["62", "com.eleybourn.bookcatalogue.BookISBNSearch"]}, {"1c8d2f3dafc58a8ce75c60cb2c5779d5": ["62", "com.eleybourn.bookcatalogue.BookISBNSearch"]}, {"1c8d2f3dafc58a8ce75c60cb2c5779d5": ["62", "com.eleybourn.bookcatalogue.BookISBNSearch"]}, {"1c8d2f3dafc58a8ce75c60cb2c5779d5": ["62", "com.eleybourn.bookcatalogue.BookISBNSearch"]}, {"1c8d2f3dafc58a8ce75c60cb2c5779d5": ["62", "com.eleybourn.bookcatalogue.BookISBNSearch"]}, {"1c8d2f3dafc58a8ce75c60cb2c5779d5": ["62", "com.eleybourn.bookcatalogue.BookISBNSearch"]}, {"1c8d2f3dafc58a8ce75c60cb2c5779d5": ["62", "com.eleybourn.bookcatalogue.BookISBNSearch"]}, {"1c8d2f3dafc58a8ce75c60cb2c5779d5": ["62", "com.eleybourn.bookcatalogue.BookISBNSearch"]}, {"1c8d2f3dafc58a8ce75c60cb2c5779d5": ["62", "com.eleybourn.bookcatalogue.BookISBNSearch"]}, {"1c8d2f3dafc58a8ce75c60cb2c5779d5": ["62", "com.eleybourn.bookcatalogue.BookISBNSearch"]}, {"1c8d2f3dafc58a8ce75c60cb2c5779d5": ["62", "com.eleybourn.bookcatalogue.BookISBNSearch"]}, {"1c8d2f3dafc58a8ce75c60cb2c5779d5": ["62", "com.eleybourn.bookcatalogue.BookISBNSearch"]}, {"fe21192b93a4fee062803a6fd1f2aeb1": ["18", "com.eleybourn.bookcatalogue.BookEdit"]}, {"6088700dffc3a06432553599e0a5665b": ["31", "com.eleybourn.bookcatalogue.EditAuthorList"]}, {"f9f5ae885945718a801d9440d5b947a1": ["33", "com.eleybourn.bookcatalogue.EditAuthorList"]}, {"6088700dffc3a06432553599e0a5665b": ["31", "com.eleybourn.bookcatalogue.EditAuthorList"]}, {"6088700dffc3a06432553599e0a5665b": ["31", "com.eleybourn.bookcatalogue.EditAuthorList"]}, {"f9f5ae885945718a801d9440d5b947a1": ["33", "com.eleybourn.bookcatalogue.EditAuthorList"]}, {"6088700dffc3a06432553599e0a5665b": ["31", "com.eleybourn.bookcatalogue.EditAuthorList"]}, {"f9f5ae885945718a801d9440d5b947a1": ["33", "com.eleybourn.bookcatalogue.EditAuthorList"]}, {"6088700dffc3a06432553599e0a5665b": ["31", "com.eleybourn.bookcatalogue.EditAuthorList"]}, {"1c8d2f3dafc58a8ce75c60cb2c5779d5": ["62", "com.eleybourn.bookcatalogue.BookISBNSearch"]}, {"1c8d2f3dafc58a8ce75c60cb2c5779d5": ["62", "com.eleybourn.bookcatalogue.BookISBNSearch"]}, {"1c8d2f3dafc58a8ce75c60cb2c5779d5": ["62", "com.eleybourn.bookcatalogue.BookISBNSearch"]}, {"1c8d2f3dafc58a8ce75c60cb2c5779d5": ["62", "com.eleybourn.bookcatalogue.BookISBNSearch"]}, {"1c8d2f3dafc58a8ce75c60cb2c5779d5": ["62", "com.eleybourn.bookcatalogue.BookISBNSearch"]}, {"1c8d2f3dafc58a8ce75c60cb2c5779d5": ["62", "com.eleybourn.bookcatalogue.BookISBNSearch"]}, {"1c8d2f3dafc58a8ce75c60cb2c5779d5": ["62", "com.eleybourn.bookcatalogue.BookISBNSearch"]}, {"1c8d2f3dafc58a8ce75c60cb2c5779d5": ["62", "com.eleybourn.bookcatalogue.BookISBNSearch"]}, {"1c8d2f3dafc58a8ce75c60cb2c5779d5": ["62", "com.eleybourn.bookcatalogue.BookISBNSearch"]}, {"1c8d2f3dafc58a8ce75c60cb2c5779d5": ["62", "com.eleybourn.bookcatalogue.BookISBNSearch"]}, {"1c8d2f3dafc58a8ce75c60cb2c5779d5": ["62", "com.eleybourn.bookcatalogue.BookISBNSearch"]}, {"1c8d2f3dafc58a8ce75c60cb2c5779d5": ["62", "com.eleybourn.bookcatalogue.BookISBNSearch"]}, {"1c8d2f3dafc58a8ce75c60cb2c5779d5": ["62", "com.eleybourn.bookcatalogue.BookISBNSearch"]}, {"1c8d2f3dafc58a8ce75c60cb2c5779d5": ["62", "com.eleybourn.bookcatalogue.BookISBNSearch"]}, {"1c8d2f3dafc58a8ce75c60cb2c5779d5": ["62", "com.eleybourn.bookcatalogue.BookISBNSearch"]}, {"1c8d2f3dafc58a8ce75c60cb2c5779d5": ["62", "com.eleybourn.bookcatalogue.BookISBNSearch"]}, {"1c8d2f3dafc58a8ce75c60cb2c5779d5": ["62", "com.eleybourn.bookcatalogue.BookISBNSearch"]}, {"1c8d2f3dafc58a8ce75c60cb2c5779d5": ["62", "com.eleybourn.bookcatalogue.BookISBNSearch"]}, {"1c8d2f3dafc58a8ce75c60cb2c5779d5": ["62", "com.eleybourn.bookcatalogue.BookISBNSearch"]}, {"1c8d2f3dafc58a8ce75c60cb2c5779d5": ["62", "com.eleybourn.bookcatalogue.BookISBNSearch"]}, {"1c8d2f3dafc58a8ce75c60cb2c5779d5": ["62", "com.eleybourn.bookcatalogue.BookISBNSearch"]}, {"1c8d2f3dafc58a8ce75c60cb2c5779d5": ["62", "com.eleybourn.bookcatalogue.BookISBNSearch"]}, {"1c8d2f3dafc58a8ce75c60cb2c5779d5": ["62", "com.eleybourn.bookcatalogue.BookISBNSearch"]}, {"1c8d2f3dafc58a8ce75c60cb2c5779d5": ["62", "com.eleybourn.bookcatalogue.BookISBNSearch"]}, {"1c8d2f3dafc58a8ce75c60cb2c5779d5": ["62", "com.eleybourn.bookcatalogue.BookISBNSearch"]}, {"fe21192b93a4fee062803a6fd1f2aeb1": ["18", "com.eleybourn.bookcatalogue.BookEdit"]}, {"1c8d2f3dafc58a8ce75c60cb2c5779d5": ["62", "com.eleybourn.bookcatalogue.BookISBNSearch"]}, {"1c8d2f3dafc58a8ce75c60cb2c5779d5": ["62", "com.eleybourn.bookcatalogue.BookISBNSearch"]}, {"1c8d2f3dafc58a8ce75c60cb2c5779d5": ["62", "com.eleybourn.bookcatalogue.BookISBNSearch"]}, {"1c8d2f3dafc58a8ce75c60cb2c5779d5": ["62", "com.eleybourn.bookcatalogue.BookISBNSearch"]}, {"1c8d2f3dafc58a8ce75c60cb2c5779d5": ["62", "com.eleybourn.bookcatalogue.BookISBNSearch"]}, {"1c8d2f3dafc58a8ce75c60cb2c5779d5": ["62", "com.eleybourn.bookcatalogue.BookISBNSearch"]}, {"1c8d2f3dafc58a8ce75c60cb2c5779d5": ["62", "com.eleybourn.bookcatalogue.BookISBNSearch"]}, {"1c8d2f3dafc58a8ce75c60cb2c5779d5": ["62", "com.eleybourn.bookcatalogue.BookISBNSearch"]}, {"1c8d2f3dafc58a8ce75c60cb2c5779d5": ["62", "com.eleybourn.bookcatalogue.BookISBNSearch"]}, {"1c8d2f3dafc58a8ce75c60cb2c5779d5": ["62", "com.eleybourn.bookcatalogue.BookISBNSearch"]}, {"1c8d2f3dafc58a8ce75c60cb2c5779d5": ["62", "com.eleybourn.bookcatalogue.BookISBNSearch"]}, {"1c8d2f3dafc58a8ce75c60cb2c5779d5": ["62", "com.eleybourn.bookcatalogue.BookISBNSearch"]}, {"1263516ce20ea6c22bfb618662c9dc36": ["68", "com.eleybourn.bookcatalogue.BookEdit"]}, {"1c8d2f3dafc58a8ce75c60cb2c5779d5": ["62", "com.eleybourn.bookcatalogue.BookISBNSearch"]}, {"1c8d2f3dafc58a8ce75c60cb2c5779d5": ["62", "com.eleybourn.bookcatalogue.BookISBNSearch"]}, {"1c8d2f3dafc58a8ce75c60cb2c5779d5": ["62", "com.eleybourn.bookcatalogue.BookISBNSearch"]}, {"1c8d2f3dafc58a8ce75c60cb2c5779d5": ["62", "com.eleybourn.bookcatalogue.BookISBNSearch"]}, {"1c8d2f3dafc58a8ce75c60cb2c5779d5": ["62", "com.eleybourn.bookcatalogue.BookISBNSearch"]}, {"1c8d2f3dafc58a8ce75c60cb2c5779d5": ["62", "com.eleybourn.bookcatalogue.BookISBNSearch"]}, {"1c8d2f3dafc58a8ce75c60cb2c5779d5": ["62", "com.eleybourn.bookcatalogue.BookISBNSearch"]}, {"1c8d2f3dafc58a8ce75c60cb2c5779d5": ["62", "com.eleybourn.bookcatalogue.BookISBNSearch"]}, {"1c8d2f3dafc58a8ce75c60cb2c5779d5": ["62", "com.eleybourn.bookcatalogue.BookISBNSearch"]}, {"1c8d2f3dafc58a8ce75c60cb2c5779d5": ["62", "com.eleybourn.bookcatalogue.BookISBNSearch"]}, {"1c8d2f3dafc58a8ce75c60cb2c5779d5": ["62", "com.eleybourn.bookcatalogue.BookISBNSearch"]}, {"1c8d2f3dafc58a8ce75c60cb2c5779d5": ["62", "com.eleybourn.bookcatalogue.BookISBNSearch"]}, {"1c8d2f3dafc58a8ce75c60cb2c5779d5": ["62", "com.eleybourn.bookcatalogue.BookISBNSearch"]}, {"1c8d2f3dafc58a8ce75c60cb2c5779d5": ["62", "com.eleybourn.bookcatalogue.BookISBNSearch"]}, {"1c8d2f3dafc58a8ce75c60cb2c5779d5": ["62", "com.eleybourn.bookcatalogue.BookISBNSearch"]}, {"1c8d2f3dafc58a8ce75c60cb2c5779d5": ["62", "com.eleybourn.bookcatalogue.BookISBNSearch"]}, {"1c8d2f3dafc58a8ce75c60cb2c5779d5": ["62", "com.eleybourn.bookcatalogue.BookISBNSearch"]}, {"1c8d2f3dafc58a8ce75c60cb2c5779d5": ["62", "com.eleybourn.bookcatalogue.BookISBNSearch"]}, {"1c8d2f3dafc58a8ce75c60cb2c5779d5": ["62", "com.eleybourn.bookcatalogue.BookISBNSearch"]}, {"1c8d2f3dafc58a8ce75c60cb2c5779d5": ["62", "com.eleybourn.bookcatalogue.BookISBNSearch"]}, {"1c8d2f3dafc58a8ce75c60cb2c5779d5": ["62", "com.eleybourn.bookcatalogue.BookISBNSearch"]}, {"1c8d2f3dafc58a8ce75c60cb2c5779d5": ["62", "com.eleybourn.bookcatalogue.BookISBNSearch"]}, {"1c8d2f3dafc58a8ce75c60cb2c5779d5": ["62", "com.eleybourn.bookcatalogue.BookISBNSearch"]}, {"1c8d2f3dafc58a8ce75c60cb2c5779d5": ["62", "com.eleybourn.bookcatalogue.BookISBNSearch"]}, {"1c8d2f3dafc58a8ce75c60cb2c5779d5": ["62", "com.eleybourn.bookcatalogue.BookISBNSearch"]}, {"1c8d2f3dafc58a8ce75c60cb2c5779d5": ["62", "com.eleybourn.bookcatalogue.BookISBNSearch"]}, {"fe21192b93a4fee062803a6fd1f2aeb1": ["18", "com.eleybourn.bookcatalogue.BookEdit"]}, {"6088700dffc3a06432553599e0a5665b": ["31", "com.eleybourn.bookcatalogue.EditAuthorList"]}, {"f9f5ae885945718a801d9440d5b947a1": ["33", "com.eleybourn.bookcatalogue.EditAuthorList"]}, {"6088700dffc3a06432553599e0a5665b": ["31", "com.eleybourn.bookcatalogue.EditAuthorList"]}, {"6088700dffc3a06432553599e0a5665b": ["31", "com.eleybourn.bookcatalogue.EditAuthorList"]}, {"6088700dffc3a06432553599e0a5665b": ["31", "com.eleybourn.bookcatalogue.EditAuthorList"]}, {"f9f5ae885945718a801d9440d5b947a1": ["33", "com.eleybourn.bookcatalogue.EditAuthorList"]}, {"6088700dffc3a06432553599e0a5665b": ["31", "com.eleybourn.bookcatalogue.EditAuthorList"]}, {"6088700dffc3a06432553599e0a5665b": ["31", "com.eleybourn.bookcatalogue.EditAuthorList"]}, {"f9f5ae885945718a801d9440d5b947a1": ["33", "com.eleybourn.bookcatalogue.EditAuthorList"]}, {"6088700dffc3a06432553599e0a5665b": ["31", "com.eleybourn.bookcatalogue.EditAuthorList"]}, {"6088700dffc3a06432553599e0a5665b": ["31", "com.eleybourn.bookcatalogue.EditAuthorList"]}, {"1c8d2f3dafc58a8ce75c60cb2c5779d5": ["62", "com.eleybourn.bookcatalogue.BookISBNSearch"]}, {"1c8d2f3dafc58a8ce75c60cb2c5779d5": ["62", "com.eleybourn.bookcatalogue.BookISBNSearch"]}, {"1c8d2f3dafc58a8ce75c60cb2c5779d5": ["62", "com.eleybourn.bookcatalogue.BookISBNSearch"]}, {"1c8d2f3dafc58a8ce75c60cb2c5779d5": ["62", "com.eleybourn.bookcatalogue.BookISBNSearch"]}, {"1c8d2f3dafc58a8ce75c60cb2c5779d5": ["62", "com.eleybourn.bookcatalogue.BookISBNSearch"]}, {"1c8d2f3dafc58a8ce75c60cb2c5779d5": ["62", "com.eleybourn.bookcatalogue.BookISBNSearch"]}, {"1c8d2f3dafc58a8ce75c60cb2c5779d5": ["62", "com.eleybourn.bookcatalogue.BookISBNSearch"]}, {"1c8d2f3dafc58a8ce75c60cb2c5779d5": ["62", "com.eleybourn.bookcatalogue.BookISBNSearch"]}, {"1c8d2f3dafc58a8ce75c60cb2c5779d5": ["62", "com.eleybourn.bookcatalogue.BookISBNSearch"]}, {"1c8d2f3dafc58a8ce75c60cb2c5779d5": ["62", "com.eleybourn.bookcatalogue.BookISBNSearch"]}, {"1c8d2f3dafc58a8ce75c60cb2c5779d5": ["62", "com.eleybourn.bookcatalogue.BookISBNSearch"]}, {"1c8d2f3dafc58a8ce75c60cb2c5779d5": ["62", "com.eleybourn.bookcatalogue.BookISBNSearch"]}, {"1c8d2f3dafc58a8ce75c60cb2c5779d5": ["62", "com.eleybourn.bookcatalogue.BookISBNSearch"]}, {"1c8d2f3dafc58a8ce75c60cb2c5779d5": ["62", "com.eleybourn.bookcatalogue.BookISBNSearch"]}, {"1c8d2f3dafc58a8ce75c60cb2c5779d5": ["62", "com.eleybourn.bookcatalogue.BookISBNSearch"]}, {"1c8d2f3dafc58a8ce75c60cb2c5779d5": ["62", "com.eleybourn.bookcatalogue.BookISBNSearch"]}, {"1c8d2f3dafc58a8ce75c60cb2c5779d5": ["62", "com.eleybourn.bookcatalogue.BookISBNSearch"]}, {"1c8d2f3dafc58a8ce75c60cb2c5779d5": ["62", "com.eleybourn.bookcatalogue.BookISBNSearch"]}, {"1c8d2f3dafc58a8ce75c60cb2c5779d5": ["62", "com.eleybourn.bookcatalogue.BookISBNSearch"]}, {"1c8d2f3dafc58a8ce75c60cb2c5779d5": ["62", "com.eleybourn.bookcatalogue.BookISBNSearch"]}, {"1c8d2f3dafc58a8ce75c60cb2c5779d5": ["62", "com.eleybourn.bookcatalogue.BookISBNSearch"]}, {"1c8d2f3dafc58a8ce75c60cb2c5779d5": ["62", "com.eleybourn.bookcatalogue.BookISBNSearch"]}, {"1c8d2f3dafc58a8ce75c60cb2c5779d5": ["62", "com.eleybourn.bookcatalogue.BookISBNSearch"]}, {"1c8d2f3dafc58a8ce75c60cb2c5779d5": ["62", "com.eleybourn.bookcatalogue.BookISBNSearch"]}, {"1c8d2f3dafc58a8ce75c60cb2c5779d5": ["62", "com.eleybourn.bookcatalogue.BookISBNSearch"]}, {"fe21192b93a4fee062803a6fd1f2aeb1": ["18", "com.eleybourn.bookcatalogue.BookEdit"]}, {"1c8d2f3dafc58a8ce75c60cb2c5779d5": ["62", "com.eleybourn.bookcatalogue.BookISBNSearch"]}, {"1c8d2f3dafc58a8ce75c60cb2c5779d5": ["62", "com.eleybourn.bookcatalogue.BookISBNSearch"]}, {"1c8d2f3dafc58a8ce75c60cb2c5779d5": ["62", "com.eleybourn.bookcatalogue.BookISBNSearch"]}, {"1c8d2f3dafc58a8ce75c60cb2c5779d5": ["62", "com.eleybourn.bookcatalogue.BookISBNSearch"]}, {"1c8d2f3dafc58a8ce75c60cb2c5779d5": ["62", "com.eleybourn.bookcatalogue.BookISBNSearch"]}, {"1c8d2f3dafc58a8ce75c60cb2c5779d5": ["62", "com.eleybourn.bookcatalogue.BookISBNSearch"]}, {"1c8d2f3dafc58a8ce75c60cb2c5779d5": ["62", "com.eleybourn.bookcatalogue.BookISBNSearch"]}, {"1c8d2f3dafc58a8ce75c60cb2c5779d5": ["62", "com.eleybourn.bookcatalogue.BookISBNSearch"]}, {"1c8d2f3dafc58a8ce75c60cb2c5779d5": ["62", "com.eleybourn.bookcatalogue.BookISBNSearch"]}, {"1c8d2f3dafc58a8ce75c60cb2c5779d5": ["62", "com.eleybourn.bookcatalogue.BookISBNSearch"]}, {"1c8d2f3dafc58a8ce75c60cb2c5779d5": ["62", "com.eleybourn.bookcatalogue.BookISBNSearch"]}, {"1c8d2f3dafc58a8ce75c60cb2c5779d5": ["62", "com.eleybourn.bookcatalogue.BookISBNSearch"]}, {"1c8d2f3dafc58a8ce75c60cb2c5779d5": ["62", "com.eleybourn.bookcatalogue.BookISBNSearch"]}, {"3c81e971f52f32046e2007b702937bac": ["72", "com.eleybourn.bookcatalogue.BookEdit"]}, {"1c8d2f3dafc58a8ce75c60cb2c5779d5": ["62", "com.eleybourn.bookcatalogue.BookISBNSearch"]}, {"1c8d2f3dafc58a8ce75c60cb2c5779d5": ["62", "com.eleybourn.bookcatalogue.BookISBNSearch"]}, {"1c8d2f3dafc58a8ce75c60cb2c5779d5": ["62", "com.eleybourn.bookcatalogue.BookISBNSearch"]}, {"1c8d2f3dafc58a8ce75c60cb2c5779d5": ["62", "com.eleybourn.bookcatalogue.BookISBNSearch"]}, {"1c8d2f3dafc58a8ce75c60cb2c5779d5": ["62", "com.eleybourn.bookcatalogue.BookISBNSearch"]}, {"1c8d2f3dafc58a8ce75c60cb2c5779d5": ["62", "com.eleybourn.bookcatalogue.BookISBNSearch"]}, {"1c8d2f3dafc58a8ce75c60cb2c5779d5": ["62", "com.eleybourn.bookcatalogue.BookISBNSearch"]}, {"1c8d2f3dafc58a8ce75c60cb2c5779d5": ["62", "com.eleybourn.bookcatalogue.BookISBNSearch"]}, {"1c8d2f3dafc58a8ce75c60cb2c5779d5": ["62", "com.eleybourn.bookcatalogue.BookISBNSearch"]}, {"1c8d2f3dafc58a8ce75c60cb2c5779d5": ["62", "com.eleybourn.bookcatalogue.BookISBNSearch"]}, {"1c8d2f3dafc58a8ce75c60cb2c5779d5": ["62", "com.eleybourn.bookcatalogue.BookISBNSearch"]}, {"1c8d2f3dafc58a8ce75c60cb2c5779d5": ["62", "com.eleybourn.bookcatalogue.BookISBNSearch"]}, {"1c8d2f3dafc58a8ce75c60cb2c5779d5": ["62", "com.eleybourn.bookcatalogue.BookISBNSearch"]}, {"1c8d2f3dafc58a8ce75c60cb2c5779d5": ["62", "com.eleybourn.bookcatalogue.BookISBNSearch"]}, {"1c8d2f3dafc58a8ce75c60cb2c5779d5": ["62", "com.eleybourn.bookcatalogue.BookISBNSearch"]}, {"1c8d2f3dafc58a8ce75c60cb2c5779d5": ["62", "com.eleybourn.bookcatalogue.BookISBNSearch"]}, {"1c8d2f3dafc58a8ce75c60cb2c5779d5": ["62", "com.eleybourn.bookcatalogue.BookISBNSearch"]}, {"1c8d2f3dafc58a8ce75c60cb2c5779d5": ["62", "com.eleybourn.bookcatalogue.BookISBNSearch"]}, {"1c8d2f3dafc58a8ce75c60cb2c5779d5": ["62", "com.eleybourn.bookcatalogue.BookISBNSearch"]}, {"1c8d2f3dafc58a8ce75c60cb2c5779d5": ["62", "com.eleybourn.bookcatalogue.BookISBNSearch"]}, {"1c8d2f3dafc58a8ce75c60cb2c5779d5": ["62", "com.eleybourn.bookcatalogue.BookISBNSearch"]}, {"1c8d2f3dafc58a8ce75c60cb2c5779d5": ["62", "com.eleybourn.bookcatalogue.BookISBNSearch"]}, {"1c8d2f3dafc58a8ce75c60cb2c5779d5": ["62", "com.eleybourn.bookcatalogue.BookISBNSearch"]}, {"1c8d2f3dafc58a8ce75c60cb2c5779d5": ["62", "com.eleybourn.bookcatalogue.BookISBNSearch"]}, {"1c8d2f3dafc58a8ce75c60cb2c5779d5": ["62", "com.eleybourn.bookcatalogue.BookISBNSearch"]}, {"fe21192b93a4fee062803a6fd1f2aeb1": ["18", "com.eleybourn.bookcatalogue.BookEdit"]}, {"6088700dffc3a06432553599e0a5665b": ["31", "com.eleybourn.bookcatalogue.EditAuthorList"]}, {"f9f5ae885945718a801d9440d5b947a1": ["33", "com.eleybourn.bookcatalogue.EditAuthorList"]}, {"6088700dffc3a06432553599e0a5665b": ["31", "com.eleybourn.bookcatalogue.EditAuthorList"]}, {"6088700dffc3a06432553599e0a5665b": ["31", "com.eleybourn.bookcatalogue.EditAuthorList"]}, {"6088700dffc3a06432553599e0a5665b": ["31", "com.eleybourn.bookcatalogue.EditAuthorList"]}, {"f9f5ae885945718a801d9440d5b947a1": ["33", "com.eleybourn.bookcatalogue.EditAuthorList"]}, {"6088700dffc3a06432553599e0a5665b": ["31", "com.eleybourn.bookcatalogue.EditAuthorList"]}, {"6088700dffc3a06432553599e0a5665b": ["31", "com.eleybourn.bookcatalogue.EditAuthorList"]}, {"f9f5ae885945718a801d9440d5b947a1": ["33", "com.eleybourn.bookcatalogue.EditAuthorList"]}, {"6088700dffc3a06432553599e0a5665b": ["31", "com.eleybourn.bookcatalogue.EditAuthorList"]}, {"6088700dffc3a06432553599e0a5665b": ["31", "com.eleybourn.bookcatalogue.EditAuthorList"]}, {"1c8d2f3dafc58a8ce75c60cb2c5779d5": ["62", "com.eleybourn.bookcatalogue.BookISBNSearch"]}, {"1c8d2f3dafc58a8ce75c60cb2c5779d5": ["62", "com.eleybourn.bookcatalogue.BookISBNSearch"]}, {"1c8d2f3dafc58a8ce75c60cb2c5779d5": ["62", "com.eleybourn.bookcatalogue.BookISBNSearch"]}, {"1c8d2f3dafc58a8ce75c60cb2c5779d5": ["62", "com.eleybourn.bookcatalogue.BookISBNSearch"]}, {"1c8d2f3dafc58a8ce75c60cb2c5779d5": ["62", "com.eleybourn.bookcatalogue.BookISBNSearch"]}, {"1c8d2f3dafc58a8ce75c60cb2c5779d5": ["62", "com.eleybourn.bookcatalogue.BookISBNSearch"]}, {"1c8d2f3dafc58a8ce75c60cb2c5779d5": ["62", "com.eleybourn.bookcatalogue.BookISBNSearch"]}, {"1c8d2f3dafc58a8ce75c60cb2c5779d5": ["62", "com.eleybourn.bookcatalogue.BookISBNSearch"]}, {"1c8d2f3dafc58a8ce75c60cb2c5779d5": ["62", "com.eleybourn.bookcatalogue.BookISBNSearch"]}, {"1c8d2f3dafc58a8ce75c60cb2c5779d5": ["62", "com.eleybourn.bookcatalogue.BookISBNSearch"]}, {"1c8d2f3dafc58a8ce75c60cb2c5779d5": ["62", "com.eleybourn.bookcatalogue.BookISBNSearch"]}, {"1c8d2f3dafc58a8ce75c60cb2c5779d5": ["62", "com.eleybourn.bookcatalogue.BookISBNSearch"]}, {"1c8d2f3dafc58a8ce75c60cb2c5779d5": ["62", "com.eleybourn.bookcatalogue.BookISBNSearch"]}, {"1c8d2f3dafc58a8ce75c60cb2c5779d5": ["62", "com.eleybourn.bookcatalogue.BookISBNSearch"]}, {"1c8d2f3dafc58a8ce75c60cb2c5779d5": ["62", "com.eleybourn.bookcatalogue.BookISBNSearch"]}, {"1c8d2f3dafc58a8ce75c60cb2c5779d5": ["62", "com.eleybourn.bookcatalogue.BookISBNSearch"]}, {"1c8d2f3dafc58a8ce75c60cb2c5779d5": ["62", "com.eleybourn.bookcatalogue.BookISBNSearch"]}, {"1c8d2f3dafc58a8ce75c60cb2c5779d5": ["62", "com.eleybourn.bookcatalogue.BookISBNSearch"]}, {"1c8d2f3dafc58a8ce75c60cb2c5779d5": ["62", "com.eleybourn.bookcatalogue.BookISBNSearch"]}, {"1c8d2f3dafc58a8ce75c60cb2c5779d5": ["62", "com.eleybourn.bookcatalogue.BookISBNSearch"]}, {"1c8d2f3dafc58a8ce75c60cb2c5779d5": ["62", "com.eleybourn.bookcatalogue.BookISBNSearch"]}, {"1c8d2f3dafc58a8ce75c60cb2c5779d5": ["62", "com.eleybourn.bookcatalogue.BookISBNSearch"]}, {"1c8d2f3dafc58a8ce75c60cb2c5779d5": ["62", "com.eleybourn.bookcatalogue.BookISBNSearch"]}, {"1c8d2f3dafc58a8ce75c60cb2c5779d5": ["62", "com.eleybourn.bookcatalogue.BookISBNSearch"]}, {"1c8d2f3dafc58a8ce75c60cb2c5779d5": ["62", "com.eleybourn.bookcatalogue.BookISBNSearch"]}, {"fe21192b93a4fee062803a6fd1f2aeb1": ["18", "com.eleybourn.bookcatalogue.BookEdit"]}, {"1c8d2f3dafc58a8ce75c60cb2c5779d5": ["62", "com.eleybourn.bookcatalogue.BookISBNSearch"]}, {"1c8d2f3dafc58a8ce75c60cb2c5779d5": ["62", "com.eleybourn.bookcatalogue.BookISBNSearch"]}, {"1c8d2f3dafc58a8ce75c60cb2c5779d5": ["62", "com.eleybourn.bookcatalogue.BookISBNSearch"]}, {"1c8d2f3dafc58a8ce75c60cb2c5779d5": ["62", "com.eleybourn.bookcatalogue.BookISBNSearch"]}, {"1c8d2f3dafc58a8ce75c60cb2c5779d5": ["62", "com.eleybourn.bookcatalogue.BookISBNSearch"]}, {"1c8d2f3dafc58a8ce75c60cb2c5779d5": ["62", "com.eleybourn.bookcatalogue.BookISBNSearch"]}, {"1c8d2f3dafc58a8ce75c60cb2c5779d5": ["62", "com.eleybourn.bookcatalogue.BookISBNSearch"]}, {"1c8d2f3dafc58a8ce75c60cb2c5779d5": ["62", "com.eleybourn.bookcatalogue.BookISBNSearch"]}, {"1c8d2f3dafc58a8ce75c60cb2c5779d5": ["62", "com.eleybourn.bookcatalogue.BookISBNSearch"]}, {"1c8d2f3dafc58a8ce75c60cb2c5779d5": ["62", "com.eleybourn.bookcatalogue.BookISBNSearch"]}, {"1c8d2f3dafc58a8ce75c60cb2c5779d5": ["62", "com.eleybourn.bookcatalogue.BookISBNSearch"]}, {"1c8d2f3dafc58a8ce75c60cb2c5779d5": ["62", "com.eleybourn.bookcatalogue.BookISBNSearch"]}, {"fe21192b93a4fee062803a6fd1f2aeb1": ["18", "com.eleybourn.bookcatalogue.BookEdit"]}, {"1c8d2f3dafc58a8ce75c60cb2c5779d5": ["62", "com.eleybourn.bookcatalogue.BookISBNSearch"]}, {"1c8d2f3dafc58a8ce75c60cb2c5779d5": ["62", "com.eleybourn.bookcatalogue.BookISBNSearch"]}, {"1c8d2f3dafc58a8ce75c60cb2c5779d5": ["62", "com.eleybourn.bookcatalogue.BookISBNSearch"]}, {"1c8d2f3dafc58a8ce75c60cb2c5779d5": ["62", "com.eleybourn.bookcatalogue.BookISBNSearch"]}, {"1c8d2f3dafc58a8ce75c60cb2c5779d5": ["62", "com.eleybourn.bookcatalogue.BookISBNSearch"]}, {"1c8d2f3dafc58a8ce75c60cb2c5779d5": ["62", "com.eleybourn.bookcatalogue.BookISBNSearch"]}, {"1c8d2f3dafc58a8ce75c60cb2c5779d5": ["62", "com.eleybourn.bookcatalogue.BookISBNSearch"]}, {"1c8d2f3dafc58a8ce75c60cb2c5779d5": ["62", "com.eleybourn.bookcatalogue.BookISBNSearch"]}, {"1c8d2f3dafc58a8ce75c60cb2c5779d5": ["62", "com.eleybourn.bookcatalogue.BookISBNSearch"]}, {"1c8d2f3dafc58a8ce75c60cb2c5779d5": ["62", "com.eleybourn.bookcatalogue.BookISBNSearch"]}, {"1c8d2f3dafc58a8ce75c60cb2c5779d5": ["62", "com.eleybourn.bookcatalogue.BookISBNSearch"]}, {"1c8d2f3dafc58a8ce75c60cb2c5779d5": ["62", "com.eleybourn.bookcatalogue.BookISBNSearch"]}, {"1c8d2f3dafc58a8ce75c60cb2c5779d5": ["62", "com.eleybourn.bookcatalogue.BookISBNSearch"]}, {"1c8d2f3dafc58a8ce75c60cb2c5779d5": ["62", "com.eleybourn.bookcatalogue.BookISBNSearch"]}, {"1c8d2f3dafc58a8ce75c60cb2c5779d5": ["62", "com.eleybourn.bookcatalogue.BookISBNSearch"]}, {"1c8d2f3dafc58a8ce75c60cb2c5779d5": ["62", "com.eleybourn.bookcatalogue.BookISBNSearch"]}, {"1c8d2f3dafc58a8ce75c60cb2c5779d5": ["62", "com.eleybourn.bookcatalogue.BookISBNSearch"]}, {"1c8d2f3dafc58a8ce75c60cb2c5779d5": ["62", "com.eleybourn.bookcatalogue.BookISBNSearch"]}, {"1c8d2f3dafc58a8ce75c60cb2c5779d5": ["62", "com.eleybourn.bookcatalogue.BookISBNSearch"]}, {"1c8d2f3dafc58a8ce75c60cb2c5779d5": ["62", "com.eleybourn.bookcatalogue.BookISBNSearch"]}, {"1c8d2f3dafc58a8ce75c60cb2c5779d5": ["62", "com.eleybourn.bookcatalogue.BookISBNSearch"]}, {"1c8d2f3dafc58a8ce75c60cb2c5779d5": ["62", "com.eleybourn.bookcatalogue.BookISBNSearch"]}, {"1c8d2f3dafc58a8ce75c60cb2c5779d5": ["62", "com.eleybourn.bookcatalogue.BookISBNSearch"]}, {"1c8d2f3dafc58a8ce75c60cb2c5779d5": ["62", "com.eleybourn.bookcatalogue.BookISBNSearch"]}, {"1c8d2f3dafc58a8ce75c60cb2c5779d5": ["62", "com.eleybourn.bookcatalogue.BookISBNSearch"]}, {"1c8d2f3dafc58a8ce75c60cb2c5779d5": ["62", "com.eleybourn.bookcatalogue.BookISBNSearch"]}, {"fe21192b93a4fee062803a6fd1f2aeb1": ["18", "com.eleybourn.bookcatalogue.BookEdit"]}, {"6088700dffc3a06432553599e0a5665b": ["31", "com.eleybourn.bookcatalogue.EditAuthorList"]}, {"f9f5ae885945718a801d9440d5b947a1": ["33", "com.eleybourn.bookcatalogue.EditAuthorList"]}, {"6088700dffc3a06432553599e0a5665b": ["31", "com.eleybourn.bookcatalogue.EditAuthorList"]}, {"6088700dffc3a06432553599e0a5665b": ["31", "com.eleybourn.bookcatalogue.EditAuthorList"]}, {"6088700dffc3a06432553599e0a5665b": ["31", "com.eleybourn.bookcatalogue.EditAuthorList"]}, {"f9f5ae885945718a801d9440d5b947a1": ["33", "com.eleybourn.bookcatalogue.EditAuthorList"]}, {"6088700dffc3a06432553599e0a5665b": ["31", "com.eleybourn.bookcatalogue.EditAuthorList"]}, {"f9f5ae885945718a801d9440d5b947a1": ["33", "com.eleybourn.bookcatalogue.EditAuthorList"]}, {"6088700dffc3a06432553599e0a5665b": ["31", "com.eleybourn.bookcatalogue.EditAuthorList"]}, {"1c8d2f3dafc58a8ce75c60cb2c5779d5": ["62", "com.eleybourn.bookcatalogue.BookISBNSearch"]}, {"1c8d2f3dafc58a8ce75c60cb2c5779d5": ["62", "com.eleybourn.bookcatalogue.BookISBNSearch"]}, {"1c8d2f3dafc58a8ce75c60cb2c5779d5": ["62", "com.eleybourn.bookcatalogue.BookISBNSearch"]}, {"1c8d2f3dafc58a8ce75c60cb2c5779d5": ["62", "com.eleybourn.bookcatalogue.BookISBNSearch"]}, {"1c8d2f3dafc58a8ce75c60cb2c5779d5": ["62", "com.eleybourn.bookcatalogue.BookISBNSearch"]}, {"1c8d2f3dafc58a8ce75c60cb2c5779d5": ["62", "com.eleybourn.bookcatalogue.BookISBNSearch"]}, {"fe21192b93a4fee062803a6fd1f2aeb1": ["18", "com.eleybourn.bookcatalogue.BookEdit"]}, {"6088700dffc3a06432553599e0a5665b": ["31", "com.eleybourn.bookcatalogue.EditAuthorList"]}, {"fe21192b93a4fee062803a6fd1f2aeb1": ["18", "com.eleybourn.bookcatalogue.BookEdit"]}, {"6088700dffc3a06432553599e0a5665b": ["31", "com.eleybourn.bookcatalogue.EditAuthorList"]}, {"6088700dffc3a06432553599e0a5665b": ["31", "com.eleybourn.bookcatalogue.EditAuthorList"]}, {"f9f5ae885945718a801d9440d5b947a1": ["33", "com.eleybourn.bookcatalogue.EditAuthorList"]}, {"6088700dffc3a06432553599e0a5665b": ["31", "com.eleybourn.bookcatalogue.EditAuthorList"]}, {"6088700dffc3a06432553599e0a5665b": ["31", "com.eleybourn.bookcatalogue.EditAuthorList"]}, {"6088700dffc3a06432553599e0a5665b": ["31", "com.eleybourn.bookcatalogue.EditAuthorList"]}, {"6088700dffc3a06432553599e0a5665b": ["31", "com.eleybourn.bookcatalogue.EditAuthorList"]}, {"6088700dffc3a06432553599e0a5665b": ["31", "com.eleybourn.bookcatalogue.EditAuthorList"]}, {"6088700dffc3a06432553599e0a5665b": ["31", "com.eleybourn.bookcatalogue.EditAuthorList"]}, {"6088700dffc3a06432553599e0a5665b": ["31", "com.eleybourn.bookcatalogue.EditAuthorList"]}, {"f9f5ae885945718a801d9440d5b947a1": ["33", "com.eleybourn.bookcatalogue.EditAuthorList"]}, {"6088700dffc3a06432553599e0a5665b": ["31", "com.eleybourn.bookcatalogue.EditAuthorList"]}, {"6088700dffc3a06432553599e0a5665b": ["31", "com.eleybourn.bookcatalogue.EditAuthorList"]}, {"6088700dffc3a06432553599e0a5665b": ["31", "com.eleybourn.bookcatalogue.EditAuthorList"]}, {"6088700dffc3a06432553599e0a5665b": ["31", "com.eleybourn.bookcatalogue.EditAuthorList"]}, {"fe21192b93a4fee062803a6fd1f2aeb1": ["18", "com.eleybourn.bookcatalogue.BookEdit"]}, {"8efc32ed973cc1b0abf45333aa33d5c9": ["69", "com.eleybourn.bookcatalogue.EditSeriesList"]}, {"8efc32ed973cc1b0abf45333aa33d5c9": ["69", "com.eleybourn.bookcatalogue.EditSeriesList"]}, {"8efc32ed973cc1b0abf45333aa33d5c9": ["69", "com.eleybourn.bookcatalogue.EditSeriesList"]}, {"8efc32ed973cc1b0abf45333aa33d5c9": ["69", "com.eleybourn.bookcatalogue.EditSeriesList"]}, {"8efc32ed973cc1b0abf45333aa33d5c9": ["69", "com.eleybourn.bookcatalogue.EditSeriesList"]}, {"8efc32ed973cc1b0abf45333aa33d5c9": ["69", "com.eleybourn.bookcatalogue.EditSeriesList"]}, {"867dcb5a14a7e3f7337be944325a87b0": ["96", "com.eleybourn.bookcatalogue.EditSeriesList"]}, {"867dcb5a14a7e3f7337be944325a87b0": ["96", "com.eleybourn.bookcatalogue.EditSeriesList"]}, {"982c9828421b6347eb815f4698e58cbc": ["66", "com.eleybourn.bookcatalogue.BookEdit"]}, {"8efc32ed973cc1b0abf45333aa33d5c9": ["69", "com.eleybourn.bookcatalogue.EditSeriesList"]}, {"1c8d2f3dafc58a8ce75c60cb2c5779d5": ["62", "com.eleybourn.bookcatalogue.BookISBNSearch"]}, {"1c8d2f3dafc58a8ce75c60cb2c5779d5": ["62", "com.eleybourn.bookcatalogue.BookISBNSearch"]}, {"1c8d2f3dafc58a8ce75c60cb2c5779d5": ["62", "com.eleybourn.bookcatalogue.BookISBNSearch"]}, {"1c8d2f3dafc58a8ce75c60cb2c5779d5": ["62", "com.eleybourn.bookcatalogue.BookISBNSearch"]}, {"1c8d2f3dafc58a8ce75c60cb2c5779d5": ["62", "com.eleybourn.bookcatalogue.BookISBNSearch"]}, {"1c8d2f3dafc58a8ce75c60cb2c5779d5": ["62", "com.eleybourn.bookcatalogue.BookISBNSearch"]}, {"1c8d2f3dafc58a8ce75c60cb2c5779d5": ["62", "com.eleybourn.bookcatalogue.BookISBNSearch"]}, {"1c8d2f3dafc58a8ce75c60cb2c5779d5": ["62", "com.eleybourn.bookcatalogue.BookISBNSearch"]}, {"1c8d2f3dafc58a8ce75c60cb2c5779d5": ["62", "com.eleybourn.bookcatalogue.BookISBNSearch"]}, {"1c8d2f3dafc58a8ce75c60cb2c5779d5": ["62", "com.eleybourn.bookcatalogue.BookISBNSearch"]}, {"1c8d2f3dafc58a8ce75c60cb2c5779d5": ["62", "com.eleybourn.bookcatalogue.BookISBNSearch"]}, {"1c8d2f3dafc58a8ce75c60cb2c5779d5": ["62", "com.eleybourn.bookcatalogue.BookISBNSearch"]}, {"1c8d2f3dafc58a8ce75c60cb2c5779d5": ["62", "com.eleybourn.bookcatalogue.BookISBNSearch"]}, {"1c8d2f3dafc58a8ce75c60cb2c5779d5": ["62", "com.eleybourn.bookcatalogue.BookISBNSearch"]}, {"1c8d2f3dafc58a8ce75c60cb2c5779d5": ["62", "com.eleybourn.bookcatalogue.BookISBNSearch"]}, {"1c8d2f3dafc58a8ce75c60cb2c5779d5": ["62", "com.eleybourn.bookcatalogue.BookISBNSearch"]}, {"1c8d2f3dafc58a8ce75c60cb2c5779d5": ["62", "com.eleybourn.bookcatalogue.BookISBNSearch"]}, {"fe21192b93a4fee062803a6fd1f2aeb1": ["18", "com.eleybourn.bookcatalogue.BookEdit"]}, {"6088700dffc3a06432553599e0a5665b": ["31", "com.eleybourn.bookcatalogue.EditAuthorList"]}, {"f9f5ae885945718a801d9440d5b947a1": ["33", "com.eleybourn.bookcatalogue.EditAuthorList"]}, {"6088700dffc3a06432553599e0a5665b": ["31", "com.eleybourn.bookcatalogue.EditAuthorList"]}, {"6088700dffc3a06432553599e0a5665b": ["31", "com.eleybourn.bookcatalogue.EditAuthorList"]}, {"f9f5ae885945718a801d9440d5b947a1": ["33", "com.eleybourn.bookcatalogue.EditAuthorList"]}, {"6088700dffc3a06432553599e0a5665b": ["31", "com.eleybourn.bookcatalogue.EditAuthorList"]}, {"f9f5ae885945718a801d9440d5b947a1": ["33", "com.eleybourn.bookcatalogue.EditAuthorList"]}, {"6088700dffc3a06432553599e0a5665b": ["31", "com.eleybourn.bookcatalogue.EditAuthorList"]}, {"1c8d2f3dafc58a8ce75c60cb2c5779d5": ["62", "com.eleybourn.bookcatalogue.BookISBNSearch"]}, {"1c8d2f3dafc58a8ce75c60cb2c5779d5": ["62", "com.eleybourn.bookcatalogue.BookISBNSearch"]}, {"1c8d2f3dafc58a8ce75c60cb2c5779d5": ["62", "com.eleybourn.bookcatalogue.BookISBNSearch"]}, {"1c8d2f3dafc58a8ce75c60cb2c5779d5": ["62", "com.eleybourn.bookcatalogue.BookISBNSearch"]}, {"1c8d2f3dafc58a8ce75c60cb2c5779d5": ["62", "com.eleybourn.bookcatalogue.BookISBNSearch"]}, {"1c8d2f3dafc58a8ce75c60cb2c5779d5": ["62", "com.eleybourn.bookcatalogue.BookISBNSearch"]}, {"1c8d2f3dafc58a8ce75c60cb2c5779d5": ["62", "com.eleybourn.bookcatalogue.BookISBNSearch"]}, {"1c8d2f3dafc58a8ce75c60cb2c5779d5": ["62", "com.eleybourn.bookcatalogue.BookISBNSearch"]}, {"1c8d2f3dafc58a8ce75c60cb2c5779d5": ["62", "com.eleybourn.bookcatalogue.BookISBNSearch"]}, {"1c8d2f3dafc58a8ce75c60cb2c5779d5": ["62", "com.eleybourn.bookcatalogue.BookISBNSearch"]}, {"1c8d2f3dafc58a8ce75c60cb2c5779d5": ["62", "com.eleybourn.bookcatalogue.BookISBNSearch"]}, {"1c8d2f3dafc58a8ce75c60cb2c5779d5": ["62", "com.eleybourn.bookcatalogue.BookISBNSearch"]}, {"1c8d2f3dafc58a8ce75c60cb2c5779d5": ["62", "com.eleybourn.bookcatalogue.BookISBNSearch"]}, {"1c8d2f3dafc58a8ce75c60cb2c5779d5": ["62", "com.eleybourn.bookcatalogue.BookISBNSearch"]}, {"1c8d2f3dafc58a8ce75c60cb2c5779d5": ["62", "com.eleybourn.bookcatalogue.BookISBNSearch"]}, {"1c8d2f3dafc58a8ce75c60cb2c5779d5": ["62", "com.eleybourn.bookcatalogue.BookISBNSearch"]}, {"1c8d2f3dafc58a8ce75c60cb2c5779d5": ["62", "com.eleybourn.bookcatalogue.BookISBNSearch"]}, {"1c8d2f3dafc58a8ce75c60cb2c5779d5": ["62", "com.eleybourn.bookcatalogue.BookISBNSearch"]}, {"1c8d2f3dafc58a8ce75c60cb2c5779d5": ["62", "com.eleybourn.bookcatalogue.BookISBNSearch"]}, {"1c8d2f3dafc58a8ce75c60cb2c5779d5": ["62", "com.eleybourn.bookcatalogue.BookISBNSearch"]}, {"1c8d2f3dafc58a8ce75c60cb2c5779d5": ["62", "com.eleybourn.bookcatalogue.BookISBNSearch"]}, {"1c8d2f3dafc58a8ce75c60cb2c5779d5": ["62", "com.eleybourn.bookcatalogue.BookISBNSearch"]}, {"1c8d2f3dafc58a8ce75c60cb2c5779d5": ["62", "com.eleybourn.bookcatalogue.BookISBNSearch"]}, {"1c8d2f3dafc58a8ce75c60cb2c5779d5": ["62", "com.eleybourn.bookcatalogue.BookISBNSearch"]}, {"1c8d2f3dafc58a8ce75c60cb2c5779d5": ["62", "com.eleybourn.bookcatalogue.BookISBNSearch"]}, {"fe21192b93a4fee062803a6fd1f2aeb1": ["18", "com.eleybourn.bookcatalogue.BookEdit"]}, {"1c8d2f3dafc58a8ce75c60cb2c5779d5": ["62", "com.eleybourn.bookcatalogue.BookISBNSearch"]}, {"1c8d2f3dafc58a8ce75c60cb2c5779d5": ["62", "com.eleybourn.bookcatalogue.BookISBNSearch"]}, {"1c8d2f3dafc58a8ce75c60cb2c5779d5": ["62", "com.eleybourn.bookcatalogue.BookISBNSearch"]}, {"1c8d2f3dafc58a8ce75c60cb2c5779d5": ["62", "com.eleybourn.bookcatalogue.BookISBNSearch"]}, {"1c8d2f3dafc58a8ce75c60cb2c5779d5": ["62", "com.eleybourn.bookcatalogue.BookISBNSearch"]}, {"1c8d2f3dafc58a8ce75c60cb2c5779d5": ["62", "com.eleybourn.bookcatalogue.BookISBNSearch"]}, {"1c8d2f3dafc58a8ce75c60cb2c5779d5": ["62", "com.eleybourn.bookcatalogue.BookISBNSearch"]}, {"1c8d2f3dafc58a8ce75c60cb2c5779d5": ["62", "com.eleybourn.bookcatalogue.BookISBNSearch"]}, {"1c8d2f3dafc58a8ce75c60cb2c5779d5": ["62", "com.eleybourn.bookcatalogue.BookISBNSearch"]}, {"1c8d2f3dafc58a8ce75c60cb2c5779d5": ["62", "com.eleybourn.bookcatalogue.BookISBNSearch"]}, {"1c8d2f3dafc58a8ce75c60cb2c5779d5": ["62", "com.eleybourn.bookcatalogue.BookISBNSearch"]}, {"1c8d2f3dafc58a8ce75c60cb2c5779d5": ["62", "com.eleybourn.bookcatalogue.BookISBNSearch"]}, {"fe21192b93a4fee062803a6fd1f2aeb1": ["18", "com.eleybourn.bookcatalogue.BookEdit"]}, {"982c9828421b6347eb815f4698e58cbc": ["66", "com.eleybourn.bookcatalogue.BookEdit"]}, {"982c9828421b6347eb815f4698e58cbc": ["66", "com.eleybourn.bookcatalogue.BookEdit"]}, {"982c9828421b6347eb815f4698e58cbc": ["66", "com.eleybourn.bookcatalogue.BookEdit"]}, {"ce0942ae9df09d05d5e80d5491aeedd5": ["40", "com.eleybourn.bookcatalogue.EditAuthorList"]}, {"ce0942ae9df09d05d5e80d5491aeedd5": ["40", "com.eleybourn.bookcatalogue.EditAuthorList"]}, {"fc2f0e6d17a51407907a8e2fea71b0de": ["64", "com.eleybourn.bookcatalogue.EditAuthorList"]}, {"fc2f0e6d17a51407907a8e2fea71b0de": ["64", "com.eleybourn.bookcatalogue.EditAuthorList"]}, {"fe21192b93a4fee062803a6fd1f2aeb1": ["18", "com.eleybourn.bookcatalogue.BookEdit"]}, {"ce0942ae9df09d05d5e80d5491aeedd5": ["40", "com.eleybourn.bookcatalogue.EditAuthorList"]}, {"ce0942ae9df09d05d5e80d5491aeedd5": ["40", "com.eleybourn.bookcatalogue.EditAuthorList"]}, {"fe21192b93a4fee062803a6fd1f2aeb1": ["18", "com.eleybourn.bookcatalogue.BookEdit"]}, {"b9b8d56507b798a4f5d617fe797daa36": ["83", "com.eleybourn.bookcatalogue.EditSeriesList"]}, {"1c8d2f3dafc58a8ce75c60cb2c5779d5": ["62", "com.eleybourn.bookcatalogue.BookISBNSearch"]}, {"1c8d2f3dafc58a8ce75c60cb2c5779d5": ["62", "com.eleybourn.bookcatalogue.BookISBNSearch"]}, {"1c8d2f3dafc58a8ce75c60cb2c5779d5": ["62", "com.eleybourn.bookcatalogue.BookISBNSearch"]}, {"1c8d2f3dafc58a8ce75c60cb2c5779d5": ["62", "com.eleybourn.bookcatalogue.BookISBNSearch"]}, {"1c8d2f3dafc58a8ce75c60cb2c5779d5": ["62", "com.eleybourn.bookcatalogue.BookISBNSearch"]}, {"1c8d2f3dafc58a8ce75c60cb2c5779d5": ["62", "com.eleybourn.bookcatalogue.BookISBNSearch"]}, {"1c8d2f3dafc58a8ce75c60cb2c5779d5": ["62", "com.eleybourn.bookcatalogue.BookISBNSearch"]}, {"1c8d2f3dafc58a8ce75c60cb2c5779d5": ["62", "com.eleybourn.bookcatalogue.BookISBNSearch"]}, {"1c8d2f3dafc58a8ce75c60cb2c5779d5": ["62", "com.eleybourn.bookcatalogue.BookISBNSearch"]}, {"1c8d2f3dafc58a8ce75c60cb2c5779d5": ["62", "com.eleybourn.bookcatalogue.BookISBNSearch"]}, {"1c8d2f3dafc58a8ce75c60cb2c5779d5": ["62", "com.eleybourn.bookcatalogue.BookISBNSearch"]}, {"1c8d2f3dafc58a8ce75c60cb2c5779d5": ["62", "com.eleybourn.bookcatalogue.BookISBNSearch"]}, {"1c8d2f3dafc58a8ce75c60cb2c5779d5": ["62", "com.eleybourn.bookcatalogue.BookISBNSearch"]}, {"1c8d2f3dafc58a8ce75c60cb2c5779d5": ["62", "com.eleybourn.bookcatalogue.BookISBNSearch"]}, {"1c8d2f3dafc58a8ce75c60cb2c5779d5": ["62", "com.eleybourn.bookcatalogue.BookISBNSearch"]}, {"1c8d2f3dafc58a8ce75c60cb2c5779d5": ["62", "com.eleybourn.bookcatalogue.BookISBNSearch"]}, {"1c8d2f3dafc58a8ce75c60cb2c5779d5": ["62", "com.eleybourn.bookcatalogue.BookISBNSearch"]}, {"1c8d2f3dafc58a8ce75c60cb2c5779d5": ["62", "com.eleybourn.bookcatalogue.BookISBNSearch"]}, {"1c8d2f3dafc58a8ce75c60cb2c5779d5": ["62", "com.eleybourn.bookcatalogue.BookISBNSearch"]}, {"fe21192b93a4fee062803a6fd1f2aeb1": ["18", "com.eleybourn.bookcatalogue.BookEdit"]}, {"6088700dffc3a06432553599e0a5665b": ["31", "com.eleybourn.bookcatalogue.EditAuthorList"]}, {"f9f5ae885945718a801d9440d5b947a1": ["33", "com.eleybourn.bookcatalogue.EditAuthorList"]}, {"6088700dffc3a06432553599e0a5665b": ["31", "com.eleybourn.bookcatalogue.EditAuthorList"]}, {"6088700dffc3a06432553599e0a5665b": ["31", "com.eleybourn.bookcatalogue.EditAuthorList"]}, {"6088700dffc3a06432553599e0a5665b": ["31", "com.eleybourn.bookcatalogue.EditAuthorList"]}, {"f9f5ae885945718a801d9440d5b947a1": ["33", "com.eleybourn.bookcatalogue.EditAuthorList"]}, {"6088700dffc3a06432553599e0a5665b": ["31", "com.eleybourn.bookcatalogue.EditAuthorList"]}, {"6088700dffc3a06432553599e0a5665b": ["31", "com.eleybourn.bookcatalogue.EditAuthorList"]}, {"f9f5ae885945718a801d9440d5b947a1": ["33", "com.eleybourn.bookcatalogue.EditAuthorList"]}, {"6088700dffc3a06432553599e0a5665b": ["31", "com.eleybourn.bookcatalogue.EditAuthorList"]}, {"6088700dffc3a06432553599e0a5665b": ["31", "com.eleybourn.bookcatalogue.EditAuthorList"]}, {"1c8d2f3dafc58a8ce75c60cb2c5779d5": ["62", "com.eleybourn.bookcatalogue.BookISBNSearch"]}, {"1c8d2f3dafc58a8ce75c60cb2c5779d5": ["62", "com.eleybourn.bookcatalogue.BookISBNSearch"]}, {"1c8d2f3dafc58a8ce75c60cb2c5779d5": ["62", "com.eleybourn.bookcatalogue.BookISBNSearch"]}, {"1c8d2f3dafc58a8ce75c60cb2c5779d5": ["62", "com.eleybourn.bookcatalogue.BookISBNSearch"]}, {"1c8d2f3dafc58a8ce75c60cb2c5779d5": ["62", "com.eleybourn.bookcatalogue.BookISBNSearch"]}, {"1c8d2f3dafc58a8ce75c60cb2c5779d5": ["62", "com.eleybourn.bookcatalogue.BookISBNSearch"]}, {"1c8d2f3dafc58a8ce75c60cb2c5779d5": ["62", "com.eleybourn.bookcatalogue.BookISBNSearch"]}, {"1c8d2f3dafc58a8ce75c60cb2c5779d5": ["62", "com.eleybourn.bookcatalogue.BookISBNSearch"]}, {"1c8d2f3dafc58a8ce75c60cb2c5779d5": ["62", "com.eleybourn.bookcatalogue.BookISBNSearch"]}, {"1c8d2f3dafc58a8ce75c60cb2c5779d5": ["62", "com.eleybourn.bookcatalogue.BookISBNSearch"]}, {"1c8d2f3dafc58a8ce75c60cb2c5779d5": ["62", "com.eleybourn.bookcatalogue.BookISBNSearch"]}, {"1c8d2f3dafc58a8ce75c60cb2c5779d5": ["62", "com.eleybourn.bookcatalogue.BookISBNSearch"]}, {"1c8d2f3dafc58a8ce75c60cb2c5779d5": ["62", "com.eleybourn.bookcatalogue.BookISBNSearch"]}, {"1c8d2f3dafc58a8ce75c60cb2c5779d5": ["62", "com.eleybourn.bookcatalogue.BookISBNSearch"]}, {"1c8d2f3dafc58a8ce75c60cb2c5779d5": ["62", "com.eleybourn.bookcatalogue.BookISBNSearch"]}, {"1c8d2f3dafc58a8ce75c60cb2c5779d5": ["62", "com.eleybourn.bookcatalogue.BookISBNSearch"]}, {"1c8d2f3dafc58a8ce75c60cb2c5779d5": ["62", "com.eleybourn.bookcatalogue.BookISBNSearch"]}, {"1c8d2f3dafc58a8ce75c60cb2c5779d5": ["62", "com.eleybourn.bookcatalogue.BookISBNSearch"]}, {"1c8d2f3dafc58a8ce75c60cb2c5779d5": ["62", "com.eleybourn.bookcatalogue.BookISBNSearch"]}, {"1c8d2f3dafc58a8ce75c60cb2c5779d5": ["62", "com.eleybourn.bookcatalogue.BookISBNSearch"]}, {"1c8d2f3dafc58a8ce75c60cb2c5779d5": ["62", "com.eleybourn.bookcatalogue.BookISBNSearch"]}, {"1c8d2f3dafc58a8ce75c60cb2c5779d5": ["62", "com.eleybourn.bookcatalogue.BookISBNSearch"]}, {"1c8d2f3dafc58a8ce75c60cb2c5779d5": ["62", "com.eleybourn.bookcatalogue.BookISBNSearch"]}, {"1c8d2f3dafc58a8ce75c60cb2c5779d5": ["62", "com.eleybourn.bookcatalogue.BookISBNSearch"]}, {"1c8d2f3dafc58a8ce75c60cb2c5779d5": ["62", "com.eleybourn.bookcatalogue.BookISBNSearch"]}, {"fe21192b93a4fee062803a6fd1f2aeb1": ["18", "com.eleybourn.bookcatalogue.BookEdit"]}, {"1c8d2f3dafc58a8ce75c60cb2c5779d5": ["62", "com.eleybourn.bookcatalogue.BookISBNSearch"]}, {"1c8d2f3dafc58a8ce75c60cb2c5779d5": ["62", "com.eleybourn.bookcatalogue.BookISBNSearch"]}, {"1c8d2f3dafc58a8ce75c60cb2c5779d5": ["62", "com.eleybourn.bookcatalogue.BookISBNSearch"]}, {"1c8d2f3dafc58a8ce75c60cb2c5779d5": ["62", "com.eleybourn.bookcatalogue.BookISBNSearch"]}, {"1c8d2f3dafc58a8ce75c60cb2c5779d5": ["62", "com.eleybourn.bookcatalogue.BookISBNSearch"]}, {"1c8d2f3dafc58a8ce75c60cb2c5779d5": ["62", "com.eleybourn.bookcatalogue.BookISBNSearch"]}, {"1c8d2f3dafc58a8ce75c60cb2c5779d5": ["62", "com.eleybourn.bookcatalogue.BookISBNSearch"]}, {"1c8d2f3dafc58a8ce75c60cb2c5779d5": ["62", "com.eleybourn.bookcatalogue.BookISBNSearch"]}, {"1c8d2f3dafc58a8ce75c60cb2c5779d5": ["62", "com.eleybourn.bookcatalogue.BookISBNSearch"]}, {"1c8d2f3dafc58a8ce75c60cb2c5779d5": ["62", "com.eleybourn.bookcatalogue.BookISBNSearch"]}, {"1c8d2f3dafc58a8ce75c60cb2c5779d5": ["62", "com.eleybourn.bookcatalogue.BookISBNSearch"]}, {"1c8d2f3dafc58a8ce75c60cb2c5779d5": ["62", "com.eleybourn.bookcatalogue.BookISBNSearch"]}, {"3c81e971f52f32046e2007b702937bac": ["72", "com.eleybourn.bookcatalogue.BookEdit"]}, {"1c8d2f3dafc58a8ce75c60cb2c5779d5": ["62", "com.eleybourn.bookcatalogue.BookISBNSearch"]}, {"1c8d2f3dafc58a8ce75c60cb2c5779d5": ["62", "com.eleybourn.bookcatalogue.BookISBNSearch"]}, {"1c8d2f3dafc58a8ce75c60cb2c5779d5": ["62", "com.eleybourn.bookcatalogue.BookISBNSearch"]}, {"1c8d2f3dafc58a8ce75c60cb2c5779d5": ["62", "com.eleybourn.bookcatalogue.BookISBNSearch"]}, {"1c8d2f3dafc58a8ce75c60cb2c5779d5": ["62", "com.eleybourn.bookcatalogue.BookISBNSearch"]}, {"1c8d2f3dafc58a8ce75c60cb2c5779d5": ["62", "com.eleybourn.bookcatalogue.BookISBNSearch"]}, {"1c8d2f3dafc58a8ce75c60cb2c5779d5": ["62", "com.eleybourn.bookcatalogue.BookISBNSearch"]}, {"1c8d2f3dafc58a8ce75c60cb2c5779d5": ["62", "com.eleybourn.bookcatalogue.BookISBNSearch"]}, {"1c8d2f3dafc58a8ce75c60cb2c5779d5": ["62", "com.eleybourn.bookcatalogue.BookISBNSearch"]}, {"1c8d2f3dafc58a8ce75c60cb2c5779d5": ["62", "com.eleybourn.bookcatalogue.BookISBNSearch"]}, {"1c8d2f3dafc58a8ce75c60cb2c5779d5": ["62", "com.eleybourn.bookcatalogue.BookISBNSearch"]}, {"1c8d2f3dafc58a8ce75c60cb2c5779d5": ["62", "com.eleybourn.bookcatalogue.BookISBNSearch"]}, {"1c8d2f3dafc58a8ce75c60cb2c5779d5": ["62", "com.eleybourn.bookcatalogue.BookISBNSearch"]}, {"1c8d2f3dafc58a8ce75c60cb2c5779d5": ["62", "com.eleybourn.bookcatalogue.BookISBNSearch"]}, {"1c8d2f3dafc58a8ce75c60cb2c5779d5": ["62", "com.eleybourn.bookcatalogue.BookISBNSearch"]}, {"1c8d2f3dafc58a8ce75c60cb2c5779d5": ["62", "com.eleybourn.bookcatalogue.BookISBNSearch"]}, {"1c8d2f3dafc58a8ce75c60cb2c5779d5": ["62", "com.eleybourn.bookcatalogue.BookISBNSearch"]}, {"1c8d2f3dafc58a8ce75c60cb2c5779d5": ["62", "com.eleybourn.bookcatalogue.BookISBNSearch"]}, {"1c8d2f3dafc58a8ce75c60cb2c5779d5": ["62", "com.eleybourn.bookcatalogue.BookISBNSearch"]}, {"1c8d2f3dafc58a8ce75c60cb2c5779d5": ["62", "com.eleybourn.bookcatalogue.BookISBNSearch"]}, {"1c8d2f3dafc58a8ce75c60cb2c5779d5": ["62", "com.eleybourn.bookcatalogue.BookISBNSearch"]}, {"1c8d2f3dafc58a8ce75c60cb2c5779d5": ["62", "com.eleybourn.bookcatalogue.BookISBNSearch"]}, {"1c8d2f3dafc58a8ce75c60cb2c5779d5": ["62", "com.eleybourn.bookcatalogue.BookISBNSearch"]}, {"1c8d2f3dafc58a8ce75c60cb2c5779d5": ["62", "com.eleybourn.bookcatalogue.BookISBNSearch"]}, {"1c8d2f3dafc58a8ce75c60cb2c5779d5": ["62", "com.eleybourn.bookcatalogue.BookISBNSearch"]}, {"1c8d2f3dafc58a8ce75c60cb2c5779d5": ["62", "com.eleybourn.bookcatalogue.BookISBNSearch"]}, {"fe21192b93a4fee062803a6fd1f2aeb1": ["18", "com.eleybourn.bookcatalogue.BookEdit"]}, {"6088700dffc3a06432553599e0a5665b": ["31", "com.eleybourn.bookcatalogue.EditAuthorList"]}, {"f9f5ae885945718a801d9440d5b947a1": ["33", "com.eleybourn.bookcatalogue.EditAuthorList"]}, {"6088700dffc3a06432553599e0a5665b": ["31", "com.eleybourn.bookcatalogue.EditAuthorList"]}, {"6088700dffc3a06432553599e0a5665b": ["31", "com.eleybourn.bookcatalogue.EditAuthorList"]}, {"f9f5ae885945718a801d9440d5b947a1": ["33", "com.eleybourn.bookcatalogue.EditAuthorList"]}, {"6088700dffc3a06432553599e0a5665b": ["31", "com.eleybourn.bookcatalogue.EditAuthorList"]}, {"f9f5ae885945718a801d9440d5b947a1": ["33", "com.eleybourn.bookcatalogue.EditAuthorList"]}, {"6088700dffc3a06432553599e0a5665b": ["31", "com.eleybourn.bookcatalogue.EditAuthorList"]}, {"1c8d2f3dafc58a8ce75c60cb2c5779d5": ["62", "com.eleybourn.bookcatalogue.BookISBNSearch"]}, {"1c8d2f3dafc58a8ce75c60cb2c5779d5": ["62", "com.eleybourn.bookcatalogue.BookISBNSearch"]}, {"1c8d2f3dafc58a8ce75c60cb2c5779d5": ["62", "com.eleybourn.bookcatalogue.BookISBNSearch"]}, {"1c8d2f3dafc58a8ce75c60cb2c5779d5": ["62", "com.eleybourn.bookcatalogue.BookISBNSearch"]}, {"1c8d2f3dafc58a8ce75c60cb2c5779d5": ["62", "com.eleybourn.bookcatalogue.BookISBNSearch"]}, {"1c8d2f3dafc58a8ce75c60cb2c5779d5": ["62", "com.eleybourn.bookcatalogue.BookISBNSearch"]}, {"fe21192b93a4fee062803a6fd1f2aeb1": ["18", "com.eleybourn.bookcatalogue.BookEdit"]}, {"6088700dffc3a06432553599e0a5665b": ["31", "com.eleybourn.bookcatalogue.EditAuthorList"]}, {"fe21192b93a4fee062803a6fd1f2aeb1": ["18", "com.eleybourn.bookcatalogue.BookEdit"]}, {"6088700dffc3a06432553599e0a5665b": ["31", "com.eleybourn.bookcatalogue.EditAuthorList"]}, {"6088700dffc3a06432553599e0a5665b": ["31", "com.eleybourn.bookcatalogue.EditAuthorList"]}, {"f9f5ae885945718a801d9440d5b947a1": ["33", "com.eleybourn.bookcatalogue.EditAuthorList"]}, {"6088700dffc3a06432553599e0a5665b": ["31", "com.eleybourn.bookcatalogue.EditAuthorList"]}, {"6088700dffc3a06432553599e0a5665b": ["31", "com.eleybourn.bookcatalogue.EditAuthorList"]}, {"6088700dffc3a06432553599e0a5665b": ["31", "com.eleybourn.bookcatalogue.EditAuthorList"]}, {"6088700dffc3a06432553599e0a5665b": ["31", "com.eleybourn.bookcatalogue.EditAuthorList"]}, {"6088700dffc3a06432553599e0a5665b": ["31", "com.eleybourn.bookcatalogue.EditAuthorList"]}, {"6088700dffc3a06432553599e0a5665b": ["31", "com.eleybourn.bookcatalogue.EditAuthorList"]}, {"6088700dffc3a06432553599e0a5665b": ["31", "com.eleybourn.bookcatalogue.EditAuthorList"]}, {"f9f5ae885945718a801d9440d5b947a1": ["33", "com.eleybourn.bookcatalogue.EditAuthorList"]}, {"6088700dffc3a06432553599e0a5665b": ["31", "com.eleybourn.bookcatalogue.EditAuthorList"]}, {"6088700dffc3a06432553599e0a5665b": ["31", "com.eleybourn.bookcatalogue.EditAuthorList"]}, {"6088700dffc3a06432553599e0a5665b": ["31", "com.eleybourn.bookcatalogue.EditAuthorList"]}, {"6088700dffc3a06432553599e0a5665b": ["31", "com.eleybourn.bookcatalogue.EditAuthorList"]}, {"fe21192b93a4fee062803a6fd1f2aeb1": ["18", "com.eleybourn.bookcatalogue.BookEdit"]}, {"8efc32ed973cc1b0abf45333aa33d5c9": ["69", "com.eleybourn.bookcatalogue.EditSeriesList"]}, {"8efc32ed973cc1b0abf45333aa33d5c9": ["69", "com.eleybourn.bookcatalogue.EditSeriesList"]}, {"8efc32ed973cc1b0abf45333aa33d5c9": ["69", "com.eleybourn.bookcatalogue.EditSeriesList"]}, {"8efc32ed973cc1b0abf45333aa33d5c9": ["69", "com.eleybourn.bookcatalogue.EditSeriesList"]}, {"8efc32ed973cc1b0abf45333aa33d5c9": ["69", "com.eleybourn.bookcatalogue.EditSeriesList"]}, {"8efc32ed973cc1b0abf45333aa33d5c9": ["69", "com.eleybourn.bookcatalogue.EditSeriesList"]}, {"867dcb5a14a7e3f7337be944325a87b0": ["96", "com.eleybourn.bookcatalogue.EditSeriesList"]}, {"867dcb5a14a7e3f7337be944325a87b0": ["96", "com.eleybourn.bookcatalogue.EditSeriesList"]}, {"982c9828421b6347eb815f4698e58cbc": ["66", "com.eleybourn.bookcatalogue.BookEdit"]}, {"8efc32ed973cc1b0abf45333aa33d5c9": ["69", "com.eleybourn.bookcatalogue.EditSeriesList"]}, {"1c8d2f3dafc58a8ce75c60cb2c5779d5": ["62", "com.eleybourn.bookcatalogue.BookISBNSearch"]}, {"1c8d2f3dafc58a8ce75c60cb2c5779d5": ["62", "com.eleybourn.bookcatalogue.BookISBNSearch"]}, {"1c8d2f3dafc58a8ce75c60cb2c5779d5": ["62", "com.eleybourn.bookcatalogue.BookISBNSearch"]}, {"1c8d2f3dafc58a8ce75c60cb2c5779d5": ["62", "com.eleybourn.bookcatalogue.BookISBNSearch"]}, {"1c8d2f3dafc58a8ce75c60cb2c5779d5": ["62", "com.eleybourn.bookcatalogue.BookISBNSearch"]}, {"1c8d2f3dafc58a8ce75c60cb2c5779d5": ["62", "com.eleybourn.bookcatalogue.BookISBNSearch"]}, {"1c8d2f3dafc58a8ce75c60cb2c5779d5": ["62", "com.eleybourn.bookcatalogue.BookISBNSearch"]}, {"1c8d2f3dafc58a8ce75c60cb2c5779d5": ["62", "com.eleybourn.bookcatalogue.BookISBNSearch"]}, {"1c8d2f3dafc58a8ce75c60cb2c5779d5": ["62", "com.eleybourn.bookcatalogue.BookISBNSearch"]}, {"1c8d2f3dafc58a8ce75c60cb2c5779d5": ["62", "com.eleybourn.bookcatalogue.BookISBNSearch"]}, {"1c8d2f3dafc58a8ce75c60cb2c5779d5": ["62", "com.eleybourn.bookcatalogue.BookISBNSearch"]}, {"1c8d2f3dafc58a8ce75c60cb2c5779d5": ["62", "com.eleybourn.bookcatalogue.BookISBNSearch"]}, {"1c8d2f3dafc58a8ce75c60cb2c5779d5": ["62", "com.eleybourn.bookcatalogue.BookISBNSearch"]}, {"1c8d2f3dafc58a8ce75c60cb2c5779d5": ["62", "com.eleybourn.bookcatalogue.BookISBNSearch"]}, {"1c8d2f3dafc58a8ce75c60cb2c5779d5": ["62", "com.eleybourn.bookcatalogue.BookISBNSearch"]}, {"1c8d2f3dafc58a8ce75c60cb2c5779d5": ["62", "com.eleybourn.bookcatalogue.BookISBNSearch"]}, {"1c8d2f3dafc58a8ce75c60cb2c5779d5": ["62", "com.eleybourn.bookcatalogue.BookISBNSearch"]}, {"1c8d2f3dafc58a8ce75c60cb2c5779d5": ["62", "com.eleybourn.bookcatalogue.BookISBNSearch"]}, {"fe21192b93a4fee062803a6fd1f2aeb1": ["18", "com.eleybourn.bookcatalogue.BookEdit"]}, {"6088700dffc3a06432553599e0a5665b": ["31", "com.eleybourn.bookcatalogue.EditAuthorList"]}, {"f9f5ae885945718a801d9440d5b947a1": ["33", "com.eleybourn.bookcatalogue.EditAuthorList"]}, {"6088700dffc3a06432553599e0a5665b": ["31", "com.eleybourn.bookcatalogue.EditAuthorList"]}, {"6088700dffc3a06432553599e0a5665b": ["31", "com.eleybourn.bookcatalogue.EditAuthorList"]}, {"6088700dffc3a06432553599e0a5665b": ["31", "com.eleybourn.bookcatalogue.EditAuthorList"]}, {"f9f5ae885945718a801d9440d5b947a1": ["33", "com.eleybourn.bookcatalogue.EditAuthorList"]}, {"6088700dffc3a06432553599e0a5665b": ["31", "com.eleybourn.bookcatalogue.EditAuthorList"]}, {"6088700dffc3a06432553599e0a5665b": ["31", "com.eleybourn.bookcatalogue.EditAuthorList"]}, {"f9f5ae885945718a801d9440d5b947a1": ["33", "com.eleybourn.bookcatalogue.EditAuthorList"]}, {"6088700dffc3a06432553599e0a5665b": ["31", "com.eleybourn.bookcatalogue.EditAuthorList"]}, {"6088700dffc3a06432553599e0a5665b": ["31", "com.eleybourn.bookcatalogue.EditAuthorList"]}, {"fe21192b93a4fee062803a6fd1f2aeb1": ["18", "com.eleybourn.bookcatalogue.BookEdit"]}, {"6088700dffc3a06432553599e0a5665b": ["31", "com.eleybourn.bookcatalogue.EditAuthorList"]}, {"6088700dffc3a06432553599e0a5665b": ["31", "com.eleybourn.bookcatalogue.EditAuthorList"]}, {"f9f5ae885945718a801d9440d5b947a1": ["33", "com.eleybourn.bookcatalogue.EditAuthorList"]}, {"6088700dffc3a06432553599e0a5665b": ["31", "com.eleybourn.bookcatalogue.EditAuthorList"]}, {"6088700dffc3a06432553599e0a5665b": ["31", "com.eleybourn.bookcatalogue.EditAuthorList"]}, {"f9f5ae885945718a801d9440d5b947a1": ["33", "com.eleybourn.bookcatalogue.EditAuthorList"]}, {"6088700dffc3a06432553599e0a5665b": ["31", "com.eleybourn.bookcatalogue.EditAuthorList"]}, {"f9f5ae885945718a801d9440d5b947a1": ["33", "com.eleybourn.bookcatalogue.EditAuthorList"]}, {"6088700dffc3a06432553599e0a5665b": ["31", "com.eleybourn.bookcatalogue.EditAuthorList"]}, {"f9f5ae885945718a801d9440d5b947a1": ["33", "com.eleybourn.bookcatalogue.EditAuthorList"]}, {"6088700dffc3a06432553599e0a5665b": ["31", "com.eleybourn.bookcatalogue.EditAuthorList"]}, {"6088700dffc3a06432553599e0a5665b": ["31", "com.eleybourn.bookcatalogue.EditAuthorList"]}, {"6088700dffc3a06432553599e0a5665b": ["31", "com.eleybourn.bookcatalogue.EditAuthorList"]}, {"6088700dffc3a06432553599e0a5665b": ["31", "com.eleybourn.bookcatalogue.EditAuthorList"]}, {"f9f5ae885945718a801d9440d5b947a1": ["33", "com.eleybourn.bookcatalogue.EditAuthorList"]}, {"6088700dffc3a06432553599e0a5665b": ["31", "com.eleybourn.bookcatalogue.EditAuthorList"]}, {"6088700dffc3a06432553599e0a5665b": ["31", "com.eleybourn.bookcatalogue.EditAuthorList"]}, {"f9f5ae885945718a801d9440d5b947a1": ["33", "com.eleybourn.bookcatalogue.EditAuthorList"]}, {"6088700dffc3a06432553599e0a5665b": ["31", "com.eleybourn.bookcatalogue.EditAuthorList"]}, {"6088700dffc3a06432553599e0a5665b": ["31", "com.eleybourn.bookcatalogue.EditAuthorList"]}, {"f9f5ae885945718a801d9440d5b947a1": ["33", "com.eleybourn.bookcatalogue.EditAuthorList"]}, {"6088700dffc3a06432553599e0a5665b": ["31", "com.eleybourn.bookcatalogue.EditAuthorList"]}, {"6088700dffc3a06432553599e0a5665b": ["31", "com.eleybourn.bookcatalogue.EditAuthorList"]}, {"6088700dffc3a06432553599e0a5665b": ["31", "com.eleybourn.bookcatalogue.EditAuthorList"]}, {"1c8d2f3dafc58a8ce75c60cb2c5779d5": ["62", "com.eleybourn.bookcatalogue.BookISBNSearch"]}, {"1c8d2f3dafc58a8ce75c60cb2c5779d5": ["62", "com.eleybourn.bookcatalogue.BookISBNSearch"]}, {"fe21192b93a4fee062803a6fd1f2aeb1": ["18", "com.eleybourn.bookcatalogue.BookEdit"]}, {"b0f5233fffa44606eb16d96c44d81157": ["92", "com.eleybourn.bookcatalogue.BookEdit"]}, {"1c8d2f3dafc58a8ce75c60cb2c5779d5": ["62", "com.eleybourn.bookcatalogue.BookISBNSearch"]}, {"fe21192b93a4fee062803a6fd1f2aeb1": ["18", "com.eleybourn.bookcatalogue.BookEdit"]}, {"1c8d2f3dafc58a8ce75c60cb2c5779d5": ["62", "com.eleybourn.bookcatalogue.BookISBNSearch"]}, {"1c8d2f3dafc58a8ce75c60cb2c5779d5": ["62", "com.eleybourn.bookcatalogue.BookISBNSearch"]}, {"1c8d2f3dafc58a8ce75c60cb2c5779d5": ["62", "com.eleybourn.bookcatalogue.BookISBNSearch"]}, {"1c8d2f3dafc58a8ce75c60cb2c5779d5": ["62", "com.eleybourn.bookcatalogue.BookISBNSearch"]}, {"1c8d2f3dafc58a8ce75c60cb2c5779d5": ["62", "com.eleybourn.bookcatalogue.BookISBNSearch"]}, {"1c8d2f3dafc58a8ce75c60cb2c5779d5": ["62", "com.eleybourn.bookcatalogue.BookISBNSearch"]}, {"1c8d2f3dafc58a8ce75c60cb2c5779d5": ["62", "com.eleybourn.bookcatalogue.BookISBNSearch"]}, {"1c8d2f3dafc58a8ce75c60cb2c5779d5": ["62", "com.eleybourn.bookcatalogue.BookISBNSearch"]}, {"1c8d2f3dafc58a8ce75c60cb2c5779d5": ["62", "com.eleybourn.bookcatalogue.BookISBNSearch"]}, {"1c8d2f3dafc58a8ce75c60cb2c5779d5": ["62", "com.eleybourn.bookcatalogue.BookISBNSearch"]}, {"1c8d2f3dafc58a8ce75c60cb2c5779d5": ["62", "com.eleybourn.bookcatalogue.BookISBNSearch"]}, {"1c8d2f3dafc58a8ce75c60cb2c5779d5": ["62", "com.eleybourn.bookcatalogue.BookISBNSearch"]}, {"70a0e3548d56b741b57acc289d8c3c50": ["97", "com.eleybourn.bookcatalogue.BookEdit"]}, {"1c8d2f3dafc58a8ce75c60cb2c5779d5": ["62", "com.eleybourn.bookcatalogue.BookISBNSearch"]}, {"1c8d2f3dafc58a8ce75c60cb2c5779d5": ["62", "com.eleybourn.bookcatalogue.BookISBNSearch"]}, {"1c8d2f3dafc58a8ce75c60cb2c5779d5": ["62", "com.eleybourn.bookcatalogue.BookISBNSearch"]}, {"1c8d2f3dafc58a8ce75c60cb2c5779d5": ["62", "com.eleybourn.bookcatalogue.BookISBNSearch"]}, {"1c8d2f3dafc58a8ce75c60cb2c5779d5": ["62", "com.eleybourn.bookcatalogue.BookISBNSearch"]}, {"1c8d2f3dafc58a8ce75c60cb2c5779d5": ["62", "com.eleybourn.bookcatalogue.BookISBNSearch"]}, {"1c8d2f3dafc58a8ce75c60cb2c5779d5": ["62", "com.eleybourn.bookcatalogue.BookISBNSearch"]}, {"1c8d2f3dafc58a8ce75c60cb2c5779d5": ["62", "com.eleybourn.bookcatalogue.BookISBNSearch"]}, {"1c8d2f3dafc58a8ce75c60cb2c5779d5": ["62", "com.eleybourn.bookcatalogue.BookISBNSearch"]}, {"1c8d2f3dafc58a8ce75c60cb2c5779d5": ["62", "com.eleybourn.bookcatalogue.BookISBNSearch"]}, {"1c8d2f3dafc58a8ce75c60cb2c5779d5": ["62", "com.eleybourn.bookcatalogue.BookISBNSearch"]}, {"1c8d2f3dafc58a8ce75c60cb2c5779d5": ["62", "com.eleybourn.bookcatalogue.BookISBNSearch"]}, {"1c8d2f3dafc58a8ce75c60cb2c5779d5": ["62", "com.eleybourn.bookcatalogue.BookISBNSearch"]}, {"1c8d2f3dafc58a8ce75c60cb2c5779d5": ["62", "com.eleybourn.bookcatalogue.BookISBNSearch"]}, {"1c8d2f3dafc58a8ce75c60cb2c5779d5": ["62", "com.eleybourn.bookcatalogue.BookISBNSearch"]}, {"1c8d2f3dafc58a8ce75c60cb2c5779d5": ["62", "com.eleybourn.bookcatalogue.BookISBNSearch"]}, {"1c8d2f3dafc58a8ce75c60cb2c5779d5": ["62", "com.eleybourn.bookcatalogue.BookISBNSearch"]}, {"1c8d2f3dafc58a8ce75c60cb2c5779d5": ["62", "com.eleybourn.bookcatalogue.BookISBNSearch"]}, {"1c8d2f3dafc58a8ce75c60cb2c5779d5": ["62", "com.eleybourn.bookcatalogue.BookISBNSearch"]}, {"1c8d2f3dafc58a8ce75c60cb2c5779d5": ["62", "com.eleybourn.bookcatalogue.BookISBNSearch"]}, {"1c8d2f3dafc58a8ce75c60cb2c5779d5": ["62", "com.eleybourn.bookcatalogue.BookISBNSearch"]}, {"1c8d2f3dafc58a8ce75c60cb2c5779d5": ["62", "com.eleybourn.bookcatalogue.BookISBNSearch"]}, {"1c8d2f3dafc58a8ce75c60cb2c5779d5": ["62", "com.eleybourn.bookcatalogue.BookISBNSearch"]}, {"1c8d2f3dafc58a8ce75c60cb2c5779d5": ["62", "com.eleybourn.bookcatalogue.BookISBNSearch"]}, {"1c8d2f3dafc58a8ce75c60cb2c5779d5": ["62", "com.eleybourn.bookcatalogue.BookISBNSearch"]}, {"1c8d2f3dafc58a8ce75c60cb2c5779d5": ["62", "com.eleybourn.bookcatalogue.BookISBNSearch"]}, {"fe21192b93a4fee062803a6fd1f2aeb1": ["18", "com.eleybourn.bookcatalogue.BookEdit"]}, {"6088700dffc3a06432553599e0a5665b": ["31", "com.eleybourn.bookcatalogue.EditAuthorList"]}, {"f9f5ae885945718a801d9440d5b947a1": ["33", "com.eleybourn.bookcatalogue.EditAuthorList"]}, {"6088700dffc3a06432553599e0a5665b": ["31", "com.eleybourn.bookcatalogue.EditAuthorList"]}, {"6088700dffc3a06432553599e0a5665b": ["31", "com.eleybourn.bookcatalogue.EditAuthorList"]}, {"6088700dffc3a06432553599e0a5665b": ["31", "com.eleybourn.bookcatalogue.EditAuthorList"]}, {"f9f5ae885945718a801d9440d5b947a1": ["33", "com.eleybourn.bookcatalogue.EditAuthorList"]}, {"6088700dffc3a06432553599e0a5665b": ["31", "com.eleybourn.bookcatalogue.EditAuthorList"]}, {"f9f5ae885945718a801d9440d5b947a1": ["33", "com.eleybourn.bookcatalogue.EditAuthorList"]}, {"6088700dffc3a06432553599e0a5665b": ["31", "com.eleybourn.bookcatalogue.EditAuthorList"]}, {"1c8d2f3dafc58a8ce75c60cb2c5779d5": ["62", "com.eleybourn.bookcatalogue.BookISBNSearch"]}, {"1c8d2f3dafc58a8ce75c60cb2c5779d5": ["62", "com.eleybourn.bookcatalogue.BookISBNSearch"]}, {"1c8d2f3dafc58a8ce75c60cb2c5779d5": ["62", "com.eleybourn.bookcatalogue.BookISBNSearch"]}, {"1c8d2f3dafc58a8ce75c60cb2c5779d5": ["62", "com.eleybourn.bookcatalogue.BookISBNSearch"]}, {"1c8d2f3dafc58a8ce75c60cb2c5779d5": ["62", "com.eleybourn.bookcatalogue.BookISBNSearch"]}, {"1c8d2f3dafc58a8ce75c60cb2c5779d5": ["62", "com.eleybourn.bookcatalogue.BookISBNSearch"]}, {"1c8d2f3dafc58a8ce75c60cb2c5779d5": ["62", "com.eleybourn.bookcatalogue.BookISBNSearch"]}, {"1c8d2f3dafc58a8ce75c60cb2c5779d5": ["62", "com.eleybourn.bookcatalogue.BookISBNSearch"]}, {"1c8d2f3dafc58a8ce75c60cb2c5779d5": ["62", "com.eleybourn.bookcatalogue.BookISBNSearch"]}, {"1c8d2f3dafc58a8ce75c60cb2c5779d5": ["62", "com.eleybourn.bookcatalogue.BookISBNSearch"]}, {"1c8d2f3dafc58a8ce75c60cb2c5779d5": ["62", "com.eleybourn.bookcatalogue.BookISBNSearch"]}, {"1c8d2f3dafc58a8ce75c60cb2c5779d5": ["62", "com.eleybourn.bookcatalogue.BookISBNSearch"]}, {"1c8d2f3dafc58a8ce75c60cb2c5779d5": ["62", "com.eleybourn.bookcatalogue.BookISBNSearch"]}, {"1c8d2f3dafc58a8ce75c60cb2c5779d5": ["62", "com.eleybourn.bookcatalogue.BookISBNSearch"]}, {"1c8d2f3dafc58a8ce75c60cb2c5779d5": ["62", "com.eleybourn.bookcatalogue.BookISBNSearch"]}, {"1c8d2f3dafc58a8ce75c60cb2c5779d5": ["62", "com.eleybourn.bookcatalogue.BookISBNSearch"]}, {"1c8d2f3dafc58a8ce75c60cb2c5779d5": ["62", "com.eleybourn.bookcatalogue.BookISBNSearch"]}, {"1c8d2f3dafc58a8ce75c60cb2c5779d5": ["62", "com.eleybourn.bookcatalogue.BookISBNSearch"]}, {"1c8d2f3dafc58a8ce75c60cb2c5779d5": ["62", "com.eleybourn.bookcatalogue.BookISBNSearch"]}, {"1c8d2f3dafc58a8ce75c60cb2c5779d5": ["62", "com.eleybourn.bookcatalogue.BookISBNSearch"]}, {"1c8d2f3dafc58a8ce75c60cb2c5779d5": ["62", "com.eleybourn.bookcatalogue.BookISBNSearch"]}, {"1c8d2f3dafc58a8ce75c60cb2c5779d5": ["62", "com.eleybourn.bookcatalogue.BookISBNSearch"]}, {"1c8d2f3dafc58a8ce75c60cb2c5779d5": ["62", "com.eleybourn.bookcatalogue.BookISBNSearch"]}, {"1c8d2f3dafc58a8ce75c60cb2c5779d5": ["62", "com.eleybourn.bookcatalogue.BookISBNSearch"]}, {"1c8d2f3dafc58a8ce75c60cb2c5779d5": ["62", "com.eleybourn.bookcatalogue.BookISBNSearch"]}, {"1c8d2f3dafc58a8ce75c60cb2c5779d5": ["62", "com.eleybourn.bookcatalogue.BookISBNSearch"]}, {"fe21192b93a4fee062803a6fd1f2aeb1": ["18", "com.eleybourn.bookcatalogue.BookEdit"]}, {"1c8d2f3dafc58a8ce75c60cb2c5779d5": ["62", "com.eleybourn.bookcatalogue.BookISBNSearch"]}, {"1c8d2f3dafc58a8ce75c60cb2c5779d5": ["62", "com.eleybourn.bookcatalogue.BookISBNSearch"]}, {"1c8d2f3dafc58a8ce75c60cb2c5779d5": ["62", "com.eleybourn.bookcatalogue.BookISBNSearch"]}, {"1c8d2f3dafc58a8ce75c60cb2c5779d5": ["62", "com.eleybourn.bookcatalogue.BookISBNSearch"]}, {"1c8d2f3dafc58a8ce75c60cb2c5779d5": ["62", "com.eleybourn.bookcatalogue.BookISBNSearch"]}, {"1c8d2f3dafc58a8ce75c60cb2c5779d5": ["62", "com.eleybourn.bookcatalogue.BookISBNSearch"]}, {"1c8d2f3dafc58a8ce75c60cb2c5779d5": ["62", "com.eleybourn.bookcatalogue.BookISBNSearch"]}, {"1c8d2f3dafc58a8ce75c60cb2c5779d5": ["62", "com.eleybourn.bookcatalogue.BookISBNSearch"]}, {"1c8d2f3dafc58a8ce75c60cb2c5779d5": ["62", "com.eleybourn.bookcatalogue.BookISBNSearch"]}, {"1c8d2f3dafc58a8ce75c60cb2c5779d5": ["62", "com.eleybourn.bookcatalogue.BookISBNSearch"]}, {"1c8d2f3dafc58a8ce75c60cb2c5779d5": ["62", "com.eleybourn.bookcatalogue.BookISBNSearch"]}, {"1c8d2f3dafc58a8ce75c60cb2c5779d5": ["62", "com.eleybourn.bookcatalogue.BookISBNSearch"]}, {"1c8d2f3dafc58a8ce75c60cb2c5779d5": ["62", "com.eleybourn.bookcatalogue.BookISBNSearch"]}, {"3c81e971f52f32046e2007b702937bac": ["72", "com.eleybourn.bookcatalogue.BookEdit"]}, {"1c8d2f3dafc58a8ce75c60cb2c5779d5": ["62", "com.eleybourn.bookcatalogue.BookISBNSearch"]}, {"1c8d2f3dafc58a8ce75c60cb2c5779d5": ["62", "com.eleybourn.bookcatalogue.BookISBNSearch"]}, {"1c8d2f3dafc58a8ce75c60cb2c5779d5": ["62", "com.eleybourn.bookcatalogue.BookISBNSearch"]}, {"1c8d2f3dafc58a8ce75c60cb2c5779d5": ["62", "com.eleybourn.bookcatalogue.BookISBNSearch"]}, {"1c8d2f3dafc58a8ce75c60cb2c5779d5": ["62", "com.eleybourn.bookcatalogue.BookISBNSearch"]}, {"1c8d2f3dafc58a8ce75c60cb2c5779d5": ["62", "com.eleybourn.bookcatalogue.BookISBNSearch"]}, {"1c8d2f3dafc58a8ce75c60cb2c5779d5": ["62", "com.eleybourn.bookcatalogue.BookISBNSearch"]}, {"1c8d2f3dafc58a8ce75c60cb2c5779d5": ["62", "com.eleybourn.bookcatalogue.BookISBNSearch"]}, {"1c8d2f3dafc58a8ce75c60cb2c5779d5": ["62", "com.eleybourn.bookcatalogue.BookISBNSearch"]}, {"1c8d2f3dafc58a8ce75c60cb2c5779d5": ["62", "com.eleybourn.bookcatalogue.BookISBNSearch"]}, {"1c8d2f3dafc58a8ce75c60cb2c5779d5": ["62", "com.eleybourn.bookcatalogue.BookISBNSearch"]}, {"1c8d2f3dafc58a8ce75c60cb2c5779d5": ["62", "com.eleybourn.bookcatalogue.BookISBNSearch"]}, {"1c8d2f3dafc58a8ce75c60cb2c5779d5": ["62", "com.eleybourn.bookcatalogue.BookISBNSearch"]}, {"1c8d2f3dafc58a8ce75c60cb2c5779d5": ["62", "com.eleybourn.bookcatalogue.BookISBNSearch"]}, {"1c8d2f3dafc58a8ce75c60cb2c5779d5": ["62", "com.eleybourn.bookcatalogue.BookISBNSearch"]}, {"1c8d2f3dafc58a8ce75c60cb2c5779d5": ["62", "com.eleybourn.bookcatalogue.BookISBNSearch"]}, {"1c8d2f3dafc58a8ce75c60cb2c5779d5": ["62", "com.eleybourn.bookcatalogue.BookISBNSearch"]}, {"1c8d2f3dafc58a8ce75c60cb2c5779d5": ["62", "com.eleybourn.bookcatalogue.BookISBNSearch"]}, {"1c8d2f3dafc58a8ce75c60cb2c5779d5": ["62", "com.eleybourn.bookcatalogue.BookISBNSearch"]}, {"1c8d2f3dafc58a8ce75c60cb2c5779d5": ["62", "com.eleybourn.bookcatalogue.BookISBNSearch"]}, {"1c8d2f3dafc58a8ce75c60cb2c5779d5": ["62", "com.eleybourn.bookcatalogue.BookISBNSearch"]}, {"1c8d2f3dafc58a8ce75c60cb2c5779d5": ["62", "com.eleybourn.bookcatalogue.BookISBNSearch"]}, {"1c8d2f3dafc58a8ce75c60cb2c5779d5": ["62", "com.eleybourn.bookcatalogue.BookISBNSearch"]}, {"1c8d2f3dafc58a8ce75c60cb2c5779d5": ["62", "com.eleybourn.bookcatalogue.BookISBNSearch"]}, {"1c8d2f3dafc58a8ce75c60cb2c5779d5": ["62", "com.eleybourn.bookcatalogue.BookISBNSearch"]}, {"1c8d2f3dafc58a8ce75c60cb2c5779d5": ["62", "com.eleybourn.bookcatalogue.BookISBNSearch"]}, {"fe21192b93a4fee062803a6fd1f2aeb1": ["18", "com.eleybourn.bookcatalogue.BookEdit"]}, {"6088700dffc3a06432553599e0a5665b": ["31", "com.eleybourn.bookcatalogue.EditAuthorList"]}, {"f9f5ae885945718a801d9440d5b947a1": ["33", "com.eleybourn.bookcatalogue.EditAuthorList"]}, {"6088700dffc3a06432553599e0a5665b": ["31", "com.eleybourn.bookcatalogue.EditAuthorList"]}, {"6088700dffc3a06432553599e0a5665b": ["31", "com.eleybourn.bookcatalogue.EditAuthorList"]}, {"6088700dffc3a06432553599e0a5665b": ["31", "com.eleybourn.bookcatalogue.EditAuthorList"]}, {"f9f5ae885945718a801d9440d5b947a1": ["33", "com.eleybourn.bookcatalogue.EditAuthorList"]}, {"6088700dffc3a06432553599e0a5665b": ["31", "com.eleybourn.bookcatalogue.EditAuthorList"]}, {"6088700dffc3a06432553599e0a5665b": ["31", "com.eleybourn.bookcatalogue.EditAuthorList"]}, {"f9f5ae885945718a801d9440d5b947a1": ["33", "com.eleybourn.bookcatalogue.EditAuthorList"]}, {"6088700dffc3a06432553599e0a5665b": ["31", "com.eleybourn.bookcatalogue.EditAuthorList"]}, {"6088700dffc3a06432553599e0a5665b": ["31", "com.eleybourn.bookcatalogue.EditAuthorList"]}, {"6088700dffc3a06432553599e0a5665b": ["31", "com.eleybourn.bookcatalogue.EditAuthorList"]}, {"1c8d2f3dafc58a8ce75c60cb2c5779d5": ["62", "com.eleybourn.bookcatalogue.BookISBNSearch"]}, {"1c8d2f3dafc58a8ce75c60cb2c5779d5": ["62", "com.eleybourn.bookcatalogue.BookISBNSearch"]}, {"1c8d2f3dafc58a8ce75c60cb2c5779d5": ["62", "com.eleybourn.bookcatalogue.BookISBNSearch"]}, {"1c8d2f3dafc58a8ce75c60cb2c5779d5": ["62", "com.eleybourn.bookcatalogue.BookISBNSearch"]}, {"1c8d2f3dafc58a8ce75c60cb2c5779d5": ["62", "com.eleybourn.bookcatalogue.BookISBNSearch"]}, {"1c8d2f3dafc58a8ce75c60cb2c5779d5": ["62", "com.eleybourn.bookcatalogue.BookISBNSearch"]}, {"1c8d2f3dafc58a8ce75c60cb2c5779d5": ["62", "com.eleybourn.bookcatalogue.BookISBNSearch"]}, {"1c8d2f3dafc58a8ce75c60cb2c5779d5": ["62", "com.eleybourn.bookcatalogue.BookISBNSearch"]}, {"1c8d2f3dafc58a8ce75c60cb2c5779d5": ["62", "com.eleybourn.bookcatalogue.BookISBNSearch"]}, {"1c8d2f3dafc58a8ce75c60cb2c5779d5": ["62", "com.eleybourn.bookcatalogue.BookISBNSearch"]}, {"1c8d2f3dafc58a8ce75c60cb2c5779d5": ["62", "com.eleybourn.bookcatalogue.BookISBNSearch"]}, {"1c8d2f3dafc58a8ce75c60cb2c5779d5": ["62", "com.eleybourn.bookcatalogue.BookISBNSearch"]}, {"1c8d2f3dafc58a8ce75c60cb2c5779d5": ["62", "com.eleybourn.bookcatalogue.BookISBNSearch"]}, {"1c8d2f3dafc58a8ce75c60cb2c5779d5": ["62", "com.eleybourn.bookcatalogue.BookISBNSearch"]}, {"1c8d2f3dafc58a8ce75c60cb2c5779d5": ["62", "com.eleybourn.bookcatalogue.BookISBNSearch"]}, {"1c8d2f3dafc58a8ce75c60cb2c5779d5": ["62", "com.eleybourn.bookcatalogue.BookISBNSearch"]}, {"1c8d2f3dafc58a8ce75c60cb2c5779d5": ["62", "com.eleybourn.bookcatalogue.BookISBNSearch"]}, {"1c8d2f3dafc58a8ce75c60cb2c5779d5": ["62", "com.eleybourn.bookcatalogue.BookISBNSearch"]}, {"1c8d2f3dafc58a8ce75c60cb2c5779d5": ["62", "com.eleybourn.bookcatalogue.BookISBNSearch"]}, {"1c8d2f3dafc58a8ce75c60cb2c5779d5": ["62", "com.eleybourn.bookcatalogue.BookISBNSearch"]}, {"1c8d2f3dafc58a8ce75c60cb2c5779d5": ["62", "com.eleybourn.bookcatalogue.BookISBNSearch"]}, {"1c8d2f3dafc58a8ce75c60cb2c5779d5": ["62", "com.eleybourn.bookcatalogue.BookISBNSearch"]}, {"1c8d2f3dafc58a8ce75c60cb2c5779d5": ["62", "com.eleybourn.bookcatalogue.BookISBNSearch"]}, {"1c8d2f3dafc58a8ce75c60cb2c5779d5": ["62", "com.eleybourn.bookcatalogue.BookISBNSearch"]}, {"1c8d2f3dafc58a8ce75c60cb2c5779d5": ["62", "com.eleybourn.bookcatalogue.BookISBNSearch"]}, {"fe21192b93a4fee062803a6fd1f2aeb1": ["18", "com.eleybourn.bookcatalogue.BookEdit"]}, {"1c8d2f3dafc58a8ce75c60cb2c5779d5": ["62", "com.eleybourn.bookcatalogue.BookISBNSearch"]}, {"1c8d2f3dafc58a8ce75c60cb2c5779d5": ["62", "com.eleybourn.bookcatalogue.BookISBNSearch"]}, {"1c8d2f3dafc58a8ce75c60cb2c5779d5": ["62", "com.eleybourn.bookcatalogue.BookISBNSearch"]}, {"1c8d2f3dafc58a8ce75c60cb2c5779d5": ["62", "com.eleybourn.bookcatalogue.BookISBNSearch"]}, {"1c8d2f3dafc58a8ce75c60cb2c5779d5": ["62", "com.eleybourn.bookcatalogue.BookISBNSearch"]}, {"1c8d2f3dafc58a8ce75c60cb2c5779d5": ["62", "com.eleybourn.bookcatalogue.BookISBNSearch"]}, {"1c8d2f3dafc58a8ce75c60cb2c5779d5": ["62", "com.eleybourn.bookcatalogue.BookISBNSearch"]}, {"1c8d2f3dafc58a8ce75c60cb2c5779d5": ["62", "com.eleybourn.bookcatalogue.BookISBNSearch"]}, {"1c8d2f3dafc58a8ce75c60cb2c5779d5": ["62", "com.eleybourn.bookcatalogue.BookISBNSearch"]}, {"1c8d2f3dafc58a8ce75c60cb2c5779d5": ["62", "com.eleybourn.bookcatalogue.BookISBNSearch"]}, {"1c8d2f3dafc58a8ce75c60cb2c5779d5": ["62", "com.eleybourn.bookcatalogue.BookISBNSearch"]}, {"1c8d2f3dafc58a8ce75c60cb2c5779d5": ["62", "com.eleybourn.bookcatalogue.BookISBNSearch"]}, {"1c8d2f3dafc58a8ce75c60cb2c5779d5": ["62", "com.eleybourn.bookcatalogue.BookISBNSearch"]}, {"1c8d2f3dafc58a8ce75c60cb2c5779d5": ["62", "com.eleybourn.bookcatalogue.BookISBNSearch"]}, {"1263516ce20ea6c22bfb618662c9dc36": ["68", "com.eleybourn.bookcatalogue.BookEdit"]}, {"1c8d2f3dafc58a8ce75c60cb2c5779d5": ["62", "com.eleybourn.bookcatalogue.BookISBNSearch"]}, {"1c8d2f3dafc58a8ce75c60cb2c5779d5": ["62", "com.eleybourn.bookcatalogue.BookISBNSearch"]}, {"1c8d2f3dafc58a8ce75c60cb2c5779d5": ["62", "com.eleybourn.bookcatalogue.BookISBNSearch"]}, {"1c8d2f3dafc58a8ce75c60cb2c5779d5": ["62", "com.eleybourn.bookcatalogue.BookISBNSearch"]}, {"1c8d2f3dafc58a8ce75c60cb2c5779d5": ["62", "com.eleybourn.bookcatalogue.BookISBNSearch"]}, {"1c8d2f3dafc58a8ce75c60cb2c5779d5": ["62", "com.eleybourn.bookcatalogue.BookISBNSearch"]}, {"1c8d2f3dafc58a8ce75c60cb2c5779d5": ["62", "com.eleybourn.bookcatalogue.BookISBNSearch"]}, {"1c8d2f3dafc58a8ce75c60cb2c5779d5": ["62", "com.eleybourn.bookcatalogue.BookISBNSearch"]}, {"1c8d2f3dafc58a8ce75c60cb2c5779d5": ["62", "com.eleybourn.bookcatalogue.BookISBNSearch"]}, {"1c8d2f3dafc58a8ce75c60cb2c5779d5": ["62", "com.eleybourn.bookcatalogue.BookISBNSearch"]}, {"1c8d2f3dafc58a8ce75c60cb2c5779d5": ["62", "com.eleybourn.bookcatalogue.BookISBNSearch"]}, {"1c8d2f3dafc58a8ce75c60cb2c5779d5": ["62", "com.eleybourn.bookcatalogue.BookISBNSearch"]}, {"1c8d2f3dafc58a8ce75c60cb2c5779d5": ["62", "com.eleybourn.bookcatalogue.BookISBNSearch"]}, {"1c8d2f3dafc58a8ce75c60cb2c5779d5": ["62", "com.eleybourn.bookcatalogue.BookISBNSearch"]}, {"1c8d2f3dafc58a8ce75c60cb2c5779d5": ["62", "com.eleybourn.bookcatalogue.BookISBNSearch"]}, {"1c8d2f3dafc58a8ce75c60cb2c5779d5": ["62", "com.eleybourn.bookcatalogue.BookISBNSearch"]}, {"1c8d2f3dafc58a8ce75c60cb2c5779d5": ["62", "com.eleybourn.bookcatalogue.BookISBNSearch"]}, {"1c8d2f3dafc58a8ce75c60cb2c5779d5": ["62", "com.eleybourn.bookcatalogue.BookISBNSearch"]}, {"1c8d2f3dafc58a8ce75c60cb2c5779d5": ["62", "com.eleybourn.bookcatalogue.BookISBNSearch"]}, {"1c8d2f3dafc58a8ce75c60cb2c5779d5": ["62", "com.eleybourn.bookcatalogue.BookISBNSearch"]}, {"1c8d2f3dafc58a8ce75c60cb2c5779d5": ["62", "com.eleybourn.bookcatalogue.BookISBNSearch"]}, {"1c8d2f3dafc58a8ce75c60cb2c5779d5": ["62", "com.eleybourn.bookcatalogue.BookISBNSearch"]}, {"1c8d2f3dafc58a8ce75c60cb2c5779d5": ["62", "com.eleybourn.bookcatalogue.BookISBNSearch"]}, {"1c8d2f3dafc58a8ce75c60cb2c5779d5": ["62", "com.eleybourn.bookcatalogue.BookISBNSearch"]}, {"1c8d2f3dafc58a8ce75c60cb2c5779d5": ["62", "com.eleybourn.bookcatalogue.BookISBNSearch"]}, {"1c8d2f3dafc58a8ce75c60cb2c5779d5": ["62", "com.eleybourn.bookcatalogue.BookISBNSearch"]}, {"fe21192b93a4fee062803a6fd1f2aeb1": ["18", "com.eleybourn.bookcatalogue.BookEdit"]}, {"6088700dffc3a06432553599e0a5665b": ["31", "com.eleybourn.bookcatalogue.EditAuthorList"]}, {"f9f5ae885945718a801d9440d5b947a1": ["33", "com.eleybourn.bookcatalogue.EditAuthorList"]}, {"6088700dffc3a06432553599e0a5665b": ["31", "com.eleybourn.bookcatalogue.EditAuthorList"]}, {"6088700dffc3a06432553599e0a5665b": ["31", "com.eleybourn.bookcatalogue.EditAuthorList"]}, {"f9f5ae885945718a801d9440d5b947a1": ["33", "com.eleybourn.bookcatalogue.EditAuthorList"]}, {"6088700dffc3a06432553599e0a5665b": ["31", "com.eleybourn.bookcatalogue.EditAuthorList"]}, {"f9f5ae885945718a801d9440d5b947a1": ["33", "com.eleybourn.bookcatalogue.EditAuthorList"]}, {"6088700dffc3a06432553599e0a5665b": ["31", "com.eleybourn.bookcatalogue.EditAuthorList"]}, {"1c8d2f3dafc58a8ce75c60cb2c5779d5": ["62", "com.eleybourn.bookcatalogue.BookISBNSearch"]}, {"1c8d2f3dafc58a8ce75c60cb2c5779d5": ["62", "com.eleybourn.bookcatalogue.BookISBNSearch"]}, {"1c8d2f3dafc58a8ce75c60cb2c5779d5": ["62", "com.eleybourn.bookcatalogue.BookISBNSearch"]}]