[{"5ff51e7c9486cf405c6bed8feac4e081": ["0", "com.templaro.opsiz.aka.AndroidomaticKeyerActivity"]}, {"5ff51e7c9486cf405c6bed8feac4e081": ["0", "com.templaro.opsiz.aka.AndroidomaticKeyerActivity"]}, {"5ff51e7c9486cf405c6bed8feac4e081": ["0", "com.templaro.opsiz.aka.AndroidomaticKeyerActivity"]}, {"5ff51e7c9486cf405c6bed8feac4e081": ["0", "com.templaro.opsiz.aka.AndroidomaticKeyerActivity"]}, {"5ff51e7c9486cf405c6bed8feac4e081": ["0", "com.templaro.opsiz.aka.AndroidomaticKeyerActivity"]}, {"5ff51e7c9486cf405c6bed8feac4e081": ["0", "com.templaro.opsiz.aka.AndroidomaticKeyerActivity"]}, {"5ff51e7c9486cf405c6bed8feac4e081": ["0", "com.templaro.opsiz.aka.AndroidomaticKeyerActivity"]}, {"806bcc5da4808b58c9718b902fac7ca9": ["4", "com.templaro.opsiz.aka.Settings"]}, {"806bcc5da4808b58c9718b902fac7ca9": ["4", "com.templaro.opsiz.aka.Settings"]}, {"96857f043e1508d50d91168d3371a369": ["5", "com.templaro.opsiz.aka.Settings"]}, {"806bcc5da4808b58c9718b902fac7ca9": ["4", "com.templaro.opsiz.aka.Settings"]}, {"806bcc5da4808b58c9718b902fac7ca9": ["4", "com.templaro.opsiz.aka.Settings"]}, {"806bcc5da4808b58c9718b902fac7ca9": ["4", "com.templaro.opsiz.aka.Settings"]}, {"96857f043e1508d50d91168d3371a369": ["5", "com.templaro.opsiz.aka.Settings"]}, {"5ff51e7c9486cf405c6bed8feac4e081": ["0", "com.templaro.opsiz.aka.AndroidomaticKeyerActivity"]}, {"5ff51e7c9486cf405c6bed8feac4e081": ["0", "com.templaro.opsiz.aka.AndroidomaticKeyerActivity"]}, {"5ff51e7c9486cf405c6bed8feac4e081": ["0", "com.templaro.opsiz.aka.AndroidomaticKeyerActivity"]}, {"e68a27c9fe49efc554c5522863487cc9": ["14", "com.templaro.opsiz.aka.StraightKeyActivity"]}, {"e68a27c9fe49efc554c5522863487cc9": ["14", "com.templaro.opsiz.aka.StraightKeyActivity"]}, {"e68a27c9fe49efc554c5522863487cc9": ["14", "com.templaro.opsiz.aka.StraightKeyActivity"]}, {"e68a27c9fe49efc554c5522863487cc9": ["14", "com.templaro.opsiz.aka.StraightKeyActivity"]}, {"e68a27c9fe49efc554c5522863487cc9": ["14", "com.templaro.opsiz.aka.StraightKeyActivity"]}, {"e68a27c9fe49efc554c5522863487cc9": ["14", "com.templaro.opsiz.aka.StraightKeyActivity"]}, {"e68a27c9fe49efc554c5522863487cc9": ["14", "com.templaro.opsiz.aka.StraightKeyActivity"]}, {"e68a27c9fe49efc554c5522863487cc9": ["14", "com.templaro.opsiz.aka.StraightKeyActivity"]}, {"e68a27c9fe49efc554c5522863487cc9": ["14", "com.templaro.opsiz.aka.StraightKeyActivity"]}, {"e68a27c9fe49efc554c5522863487cc9": ["14", "com.templaro.opsiz.aka.StraightKeyActivity"]}, {"e68a27c9fe49efc554c5522863487cc9": ["14", "com.templaro.opsiz.aka.StraightKeyActivity"]}, {"e68a27c9fe49efc554c5522863487cc9": ["14", "com.templaro.opsiz.aka.StraightKeyActivity"]}, {"e68a27c9fe49efc554c5522863487cc9": ["14", "com.templaro.opsiz.aka.StraightKeyActivity"]}, {"e68a27c9fe49efc554c5522863487cc9": ["14", "com.templaro.opsiz.aka.StraightKeyActivity"]}, {"e68a27c9fe49efc554c5522863487cc9": ["14", "com.templaro.opsiz.aka.StraightKeyActivity"]}, {"e68a27c9fe49efc554c5522863487cc9": ["14", "com.templaro.opsiz.aka.StraightKeyActivity"]}, {"e68a27c9fe49efc554c5522863487cc9": ["14", "com.templaro.opsiz.aka.StraightKeyActivity"]}, {"e68a27c9fe49efc554c5522863487cc9": ["14", "com.templaro.opsiz.aka.StraightKeyActivity"]}, {"e68a27c9fe49efc554c5522863487cc9": ["14", "com.templaro.opsiz.aka.StraightKeyActivity"]}, {"5ff51e7c9486cf405c6bed8feac4e081": ["0", "com.templaro.opsiz.aka.AndroidomaticKeyerActivity"]}, {"5ff51e7c9486cf405c6bed8feac4e081": ["0", "com.templaro.opsiz.aka.AndroidomaticKeyerActivity"]}, {"5ff51e7c9486cf405c6bed8feac4e081": ["0", "com.templaro.opsiz.aka.AndroidomaticKeyerActivity"]}, {"5ff51e7c9486cf405c6bed8feac4e081": ["0", "com.templaro.opsiz.aka.AndroidomaticKeyerActivity"]}, {"806bcc5da4808b58c9718b902fac7ca9": ["4", "com.templaro.opsiz.aka.Settings"]}, {"806bcc5da4808b58c9718b902fac7ca9": ["4", "com.templaro.opsiz.aka.Settings"]}, {"96857f043e1508d50d91168d3371a369": ["5", "com.templaro.opsiz.aka.Settings"]}, {"806bcc5da4808b58c9718b902fac7ca9": ["4", "com.templaro.opsiz.aka.Settings"]}, {"806bcc5da4808b58c9718b902fac7ca9": ["4", "com.templaro.opsiz.aka.Settings"]}, {"806bcc5da4808b58c9718b902fac7ca9": ["4", "com.templaro.opsiz.aka.Settings"]}, {"806bcc5da4808b58c9718b902fac7ca9": ["4", "com.templaro.opsiz.aka.Settings"]}, {"806bcc5da4808b58c9718b902fac7ca9": ["4", "com.templaro.opsiz.aka.Settings"]}, {"806bcc5da4808b58c9718b902fac7ca9": ["4", "com.templaro.opsiz.aka.Settings"]}, {"e63b6ac698eebaed2bb80b6f9d8d9354": ["17", "com.templaro.opsiz.aka.Settings"]}, {"7ad20f960a1cea865df48deb40df6034": ["7", "com.templaro.opsiz.aka.Settings"]}, {"9a70b2a89c8e8240077f6119e00f5191": ["6", "com.templaro.opsiz.aka.Settings"]}, {"7ad20f960a1cea865df48deb40df6034": ["7", "com.templaro.opsiz.aka.Settings"]}, {"9a70b2a89c8e8240077f6119e00f5191": ["6", "com.templaro.opsiz.aka.Settings"]}, {"806bcc5da4808b58c9718b902fac7ca9": ["4", "com.templaro.opsiz.aka.Settings"]}, {"806bcc5da4808b58c9718b902fac7ca9": ["4", "com.templaro.opsiz.aka.Settings"]}, {"c9dbcf9775a1e618f6df6026459a1249": ["12", "com.templaro.opsiz.aka.Settings"]}, {"7ad20f960a1cea865df48deb40df6034": ["7", "com.templaro.opsiz.aka.Settings"]}, {"ee37d0cc6a28f95d7a8ae6d7a984d60d": ["16", "com.templaro.opsiz.aka.Settings"]}, {"7ad20f960a1cea865df48deb40df6034": ["7", "com.templaro.opsiz.aka.Settings"]}, {"9a70b2a89c8e8240077f6119e00f5191": ["6", "com.templaro.opsiz.aka.Settings"]}, {"7ad20f960a1cea865df48deb40df6034": ["7", "com.templaro.opsiz.aka.Settings"]}, {"806bcc5da4808b58c9718b902fac7ca9": ["4", "com.templaro.opsiz.aka.Settings"]}, {"96857f043e1508d50d91168d3371a369": ["5", "com.templaro.opsiz.aka.Settings"]}, {"806bcc5da4808b58c9718b902fac7ca9": ["4", "com.templaro.opsiz.aka.Settings"]}, {"806bcc5da4808b58c9718b902fac7ca9": ["4", "com.templaro.opsiz.aka.Settings"]}, {"c9dbcf9775a1e618f6df6026459a1249": ["12", "com.templaro.opsiz.aka.Settings"]}, {"c9dbcf9775a1e618f6df6026459a1249": ["12", "com.templaro.opsiz.aka.Settings"]}, {"5b2fffd6c62628884cb29e1559bb3183": ["9", "com.templaro.opsiz.aka.AndroidomaticKeyerActivity"]}, {"7256f3f1f1fafbd6c27d651e31d9354b": ["10", "com.templaro.opsiz.aka.AndroidomaticKeyerActivity"]}, {"7256f3f1f1fafbd6c27d651e31d9354b": ["10", "com.templaro.opsiz.aka.AndroidomaticKeyerActivity"]}, {"7256f3f1f1fafbd6c27d651e31d9354b": ["10", "com.templaro.opsiz.aka.AndroidomaticKeyerActivity"]}, {"7256f3f1f1fafbd6c27d651e31d9354b": ["10", "com.templaro.opsiz.aka.AndroidomaticKeyerActivity"]}, {"7256f3f1f1fafbd6c27d651e31d9354b": ["10", "com.templaro.opsiz.aka.AndroidomaticKeyerActivity"]}, {"7256f3f1f1fafbd6c27d651e31d9354b": ["10", "com.templaro.opsiz.aka.AndroidomaticKeyerActivity"]}, {"7256f3f1f1fafbd6c27d651e31d9354b": ["10", "com.templaro.opsiz.aka.AndroidomaticKeyerActivity"]}, {"7256f3f1f1fafbd6c27d651e31d9354b": ["10", "com.templaro.opsiz.aka.AndroidomaticKeyerActivity"]}, {"7256f3f1f1fafbd6c27d651e31d9354b": ["10", "com.templaro.opsiz.aka.AndroidomaticKeyerActivity"]}, {"7256f3f1f1fafbd6c27d651e31d9354b": ["10", "com.templaro.opsiz.aka.AndroidomaticKeyerActivity"]}, {"7256f3f1f1fafbd6c27d651e31d9354b": ["10", "com.templaro.opsiz.aka.AndroidomaticKeyerActivity"]}, {"806bcc5da4808b58c9718b902fac7ca9": ["4", "com.templaro.opsiz.aka.Settings"]}, {"806bcc5da4808b58c9718b902fac7ca9": ["4", "com.templaro.opsiz.aka.Settings"]}, {"806bcc5da4808b58c9718b902fac7ca9": ["4", "com.templaro.opsiz.aka.Settings"]}, {"806bcc5da4808b58c9718b902fac7ca9": ["4", "com.templaro.opsiz.aka.Settings"]}, {"806bcc5da4808b58c9718b902fac7ca9": ["4", "com.templaro.opsiz.aka.Settings"]}, {"806bcc5da4808b58c9718b902fac7ca9": ["4", "com.templaro.opsiz.aka.Settings"]}, {"dc4a0400648f4ec3ec39563551af6ccc": ["19", "com.templaro.opsiz.aka.Settings"]}, {"dc4a0400648f4ec3ec39563551af6ccc": ["19", "com.templaro.opsiz.aka.Settings"]}, {"7ad2968ea9647a278fa60eee7fc62d3c": ["15", "com.templaro.opsiz.aka.Settings"]}, {"96857f043e1508d50d91168d3371a369": ["5", "com.templaro.opsiz.aka.Settings"]}, {"7ad2968ea9647a278fa60eee7fc62d3c": ["15", "com.templaro.opsiz.aka.Settings"]}, {"c9dbcf9775a1e618f6df6026459a1249": ["12", "com.templaro.opsiz.aka.Settings"]}, {"96857f043e1508d50d91168d3371a369": ["5", "com.templaro.opsiz.aka.Settings"]}, {"7ad2968ea9647a278fa60eee7fc62d3c": ["15", "com.templaro.opsiz.aka.Settings"]}, {"96857f043e1508d50d91168d3371a369": ["5", "com.templaro.opsiz.aka.Settings"]}, {"7ad2968ea9647a278fa60eee7fc62d3c": ["15", "com.templaro.opsiz.aka.Settings"]}, {"806bcc5da4808b58c9718b902fac7ca9": ["4", "com.templaro.opsiz.aka.Settings"]}, {"806bcc5da4808b58c9718b902fac7ca9": ["4", "com.templaro.opsiz.aka.Settings"]}, {"806bcc5da4808b58c9718b902fac7ca9": ["4", "com.templaro.opsiz.aka.Settings"]}, {"806bcc5da4808b58c9718b902fac7ca9": ["4", "com.templaro.opsiz.aka.Settings"]}, {"96857f043e1508d50d91168d3371a369": ["5", "com.templaro.opsiz.aka.Settings"]}, {"806bcc5da4808b58c9718b902fac7ca9": ["4", "com.templaro.opsiz.aka.Settings"]}, {"806bcc5da4808b58c9718b902fac7ca9": ["4", "com.templaro.opsiz.aka.Settings"]}, {"96857f043e1508d50d91168d3371a369": ["5", "com.templaro.opsiz.aka.Settings"]}, {"806bcc5da4808b58c9718b902fac7ca9": ["4", "com.templaro.opsiz.aka.Settings"]}, {"806bcc5da4808b58c9718b902fac7ca9": ["4", "com.templaro.opsiz.aka.Settings"]}, {"96857f043e1508d50d91168d3371a369": ["5", "com.templaro.opsiz.aka.Settings"]}, {"9a70b2a89c8e8240077f6119e00f5191": ["6", "com.templaro.opsiz.aka.Settings"]}, {"806bcc5da4808b58c9718b902fac7ca9": ["4", "com.templaro.opsiz.aka.Settings"]}, {"806bcc5da4808b58c9718b902fac7ca9": ["4", "com.templaro.opsiz.aka.Settings"]}, {"9a70b2a89c8e8240077f6119e00f5191": ["6", "com.templaro.opsiz.aka.Settings"]}, {"9a70b2a89c8e8240077f6119e00f5191": ["6", "com.templaro.opsiz.aka.Settings"]}, {"9a70b2a89c8e8240077f6119e00f5191": ["6", "com.templaro.opsiz.aka.Settings"]}, {"7256f3f1f1fafbd6c27d651e31d9354b": ["10", "com.templaro.opsiz.aka.AndroidomaticKeyerActivity"]}, {"7256f3f1f1fafbd6c27d651e31d9354b": ["10", "com.templaro.opsiz.aka.AndroidomaticKeyerActivity"]}, {"7256f3f1f1fafbd6c27d651e31d9354b": ["10", "com.templaro.opsiz.aka.AndroidomaticKeyerActivity"]}, {"7256f3f1f1fafbd6c27d651e31d9354b": ["10", "com.templaro.opsiz.aka.AndroidomaticKeyerActivity"]}, {"7256f3f1f1fafbd6c27d651e31d9354b": ["10", "com.templaro.opsiz.aka.AndroidomaticKeyerActivity"]}, {"7256f3f1f1fafbd6c27d651e31d9354b": ["10", "com.templaro.opsiz.aka.AndroidomaticKeyerActivity"]}, {"c9dbcf9775a1e618f6df6026459a1249": ["12", "com.templaro.opsiz.aka.Settings"]}, {"96857f043e1508d50d91168d3371a369": ["5", "com.templaro.opsiz.aka.Settings"]}, {"c9dbcf9775a1e618f6df6026459a1249": ["12", "com.templaro.opsiz.aka.Settings"]}, {"9a70b2a89c8e8240077f6119e00f5191": ["6", "com.templaro.opsiz.aka.Settings"]}, {"96857f043e1508d50d91168d3371a369": ["5", "com.templaro.opsiz.aka.Settings"]}, {"9a70b2a89c8e8240077f6119e00f5191": ["6", "com.templaro.opsiz.aka.Settings"]}, {"7ad20f960a1cea865df48deb40df6034": ["7", "com.templaro.opsiz.aka.Settings"]}, {"9a70b2a89c8e8240077f6119e00f5191": ["6", "com.templaro.opsiz.aka.Settings"]}, {"a3282291e79585504a2bc57e79e486ed": ["8", "com.templaro.opsiz.aka.Settings"]}, {"9a70b2a89c8e8240077f6119e00f5191": ["6", "com.templaro.opsiz.aka.Settings"]}, {"7ad20f960a1cea865df48deb40df6034": ["7", "com.templaro.opsiz.aka.Settings"]}, {"9a70b2a89c8e8240077f6119e00f5191": ["6", "com.templaro.opsiz.aka.Settings"]}, {"9a70b2a89c8e8240077f6119e00f5191": ["6", "com.templaro.opsiz.aka.Settings"]}, {"7ad20f960a1cea865df48deb40df6034": ["7", "com.templaro.opsiz.aka.Settings"]}, {"9a70b2a89c8e8240077f6119e00f5191": ["6", "com.templaro.opsiz.aka.Settings"]}, {"a3282291e79585504a2bc57e79e486ed": ["8", "com.templaro.opsiz.aka.Settings"]}, {"7256f3f1f1fafbd6c27d651e31d9354b": ["10", "com.templaro.opsiz.aka.AndroidomaticKeyerActivity"]}, {"7256f3f1f1fafbd6c27d651e31d9354b": ["10", "com.templaro.opsiz.aka.AndroidomaticKeyerActivity"]}, {"7256f3f1f1fafbd6c27d651e31d9354b": ["10", "com.templaro.opsiz.aka.AndroidomaticKeyerActivity"]}, {"7256f3f1f1fafbd6c27d651e31d9354b": ["10", "com.templaro.opsiz.aka.AndroidomaticKeyerActivity"]}, {"7256f3f1f1fafbd6c27d651e31d9354b": ["10", "com.templaro.opsiz.aka.AndroidomaticKeyerActivity"]}, {"7256f3f1f1fafbd6c27d651e31d9354b": ["10", "com.templaro.opsiz.aka.AndroidomaticKeyerActivity"]}, {"7256f3f1f1fafbd6c27d651e31d9354b": ["10", "com.templaro.opsiz.aka.AndroidomaticKeyerActivity"]}, {"7256f3f1f1fafbd6c27d651e31d9354b": ["10", "com.templaro.opsiz.aka.AndroidomaticKeyerActivity"]}, {"f9119944fc57dfde8bacc5547c9bb367": ["11", "com.templaro.opsiz.aka.AndroidomaticKeyerActivity"]}, {"f9119944fc57dfde8bacc5547c9bb367": ["11", "com.templaro.opsiz.aka.AndroidomaticKeyerActivity"]}, {"7256f3f1f1fafbd6c27d651e31d9354b": ["10", "com.templaro.opsiz.aka.AndroidomaticKeyerActivity"]}, {"7256f3f1f1fafbd6c27d651e31d9354b": ["10", "com.templaro.opsiz.aka.AndroidomaticKeyerActivity"]}, {"dc4a0400648f4ec3ec39563551af6ccc": ["19", "com.templaro.opsiz.aka.Settings"]}, {"dc4a0400648f4ec3ec39563551af6ccc": ["19", "com.templaro.opsiz.aka.Settings"]}, {"9a70b2a89c8e8240077f6119e00f5191": ["6", "com.templaro.opsiz.aka.Settings"]}, {"a3282291e79585504a2bc57e79e486ed": ["8", "com.templaro.opsiz.aka.Settings"]}, {"9a70b2a89c8e8240077f6119e00f5191": ["6", "com.templaro.opsiz.aka.Settings"]}, {"9a70b2a89c8e8240077f6119e00f5191": ["6", "com.templaro.opsiz.aka.Settings"]}, {"7ad20f960a1cea865df48deb40df6034": ["7", "com.templaro.opsiz.aka.Settings"]}, {"c9dbcf9775a1e618f6df6026459a1249": ["12", "com.templaro.opsiz.aka.Settings"]}, {"7ad20f960a1cea865df48deb40df6034": ["7", "com.templaro.opsiz.aka.Settings"]}, {"c9dbcf9775a1e618f6df6026459a1249": ["12", "com.templaro.opsiz.aka.Settings"]}, {"c9dbcf9775a1e618f6df6026459a1249": ["12", "com.templaro.opsiz.aka.Settings"]}, {"7256f3f1f1fafbd6c27d651e31d9354b": ["10", "com.templaro.opsiz.aka.AndroidomaticKeyerActivity"]}, {"7256f3f1f1fafbd6c27d651e31d9354b": ["10", "com.templaro.opsiz.aka.AndroidomaticKeyerActivity"]}, {"7256f3f1f1fafbd6c27d651e31d9354b": ["10", "com.templaro.opsiz.aka.AndroidomaticKeyerActivity"]}, {"7256f3f1f1fafbd6c27d651e31d9354b": ["10", "com.templaro.opsiz.aka.AndroidomaticKeyerActivity"]}, {"7256f3f1f1fafbd6c27d651e31d9354b": ["10", "com.templaro.opsiz.aka.AndroidomaticKeyerActivity"]}, {"7256f3f1f1fafbd6c27d651e31d9354b": ["10", "com.templaro.opsiz.aka.AndroidomaticKeyerActivity"]}, {"f9119944fc57dfde8bacc5547c9bb367": ["11", "com.templaro.opsiz.aka.AndroidomaticKeyerActivity"]}, {"7256f3f1f1fafbd6c27d651e31d9354b": ["10", "com.templaro.opsiz.aka.AndroidomaticKeyerActivity"]}, {"7256f3f1f1fafbd6c27d651e31d9354b": ["10", "com.templaro.opsiz.aka.AndroidomaticKeyerActivity"]}, {"7256f3f1f1fafbd6c27d651e31d9354b": ["10", "com.templaro.opsiz.aka.AndroidomaticKeyerActivity"]}, {"7256f3f1f1fafbd6c27d651e31d9354b": ["10", "com.templaro.opsiz.aka.AndroidomaticKeyerActivity"]}, {"7256f3f1f1fafbd6c27d651e31d9354b": ["10", "com.templaro.opsiz.aka.AndroidomaticKeyerActivity"]}, {"806bcc5da4808b58c9718b902fac7ca9": ["4", "com.templaro.opsiz.aka.Settings"]}, {"dc4a0400648f4ec3ec39563551af6ccc": ["19", "com.templaro.opsiz.aka.Settings"]}, {"806bcc5da4808b58c9718b902fac7ca9": ["4", "com.templaro.opsiz.aka.Settings"]}, {"806bcc5da4808b58c9718b902fac7ca9": ["4", "com.templaro.opsiz.aka.Settings"]}, {"806bcc5da4808b58c9718b902fac7ca9": ["4", "com.templaro.opsiz.aka.Settings"]}, {"806bcc5da4808b58c9718b902fac7ca9": ["4", "com.templaro.opsiz.aka.Settings"]}, {"ee37d0cc6a28f95d7a8ae6d7a984d60d": ["16", "com.templaro.opsiz.aka.Settings"]}, {"7ad20f960a1cea865df48deb40df6034": ["7", "com.templaro.opsiz.aka.Settings"]}, {"ee37d0cc6a28f95d7a8ae6d7a984d60d": ["16", "com.templaro.opsiz.aka.Settings"]}, {"7ad20f960a1cea865df48deb40df6034": ["7", "com.templaro.opsiz.aka.Settings"]}, {"ee37d0cc6a28f95d7a8ae6d7a984d60d": ["16", "com.templaro.opsiz.aka.Settings"]}, {"c9dbcf9775a1e618f6df6026459a1249": ["12", "com.templaro.opsiz.aka.Settings"]}, {"c9dbcf9775a1e618f6df6026459a1249": ["12", "com.templaro.opsiz.aka.Settings"]}, {"c9dbcf9775a1e618f6df6026459a1249": ["12", "com.templaro.opsiz.aka.Settings"]}, {"c9dbcf9775a1e618f6df6026459a1249": ["12", "com.templaro.opsiz.aka.Settings"]}, {"806bcc5da4808b58c9718b902fac7ca9": ["4", "com.templaro.opsiz.aka.Settings"]}, {"9a70b2a89c8e8240077f6119e00f5191": ["6", "com.templaro.opsiz.aka.Settings"]}, {"9a70b2a89c8e8240077f6119e00f5191": ["6", "com.templaro.opsiz.aka.Settings"]}, {"96857f043e1508d50d91168d3371a369": ["5", "com.templaro.opsiz.aka.Settings"]}, {"9a70b2a89c8e8240077f6119e00f5191": ["6", "com.templaro.opsiz.aka.Settings"]}, {"a3282291e79585504a2bc57e79e486ed": ["8", "com.templaro.opsiz.aka.Settings"]}, {"9a70b2a89c8e8240077f6119e00f5191": ["6", "com.templaro.opsiz.aka.Settings"]}, {"7ad20f960a1cea865df48deb40df6034": ["7", "com.templaro.opsiz.aka.Settings"]}, {"9a70b2a89c8e8240077f6119e00f5191": ["6", "com.templaro.opsiz.aka.Settings"]}, {"e63b6ac698eebaed2bb80b6f9d8d9354": ["17", "com.templaro.opsiz.aka.Settings"]}, {"e63b6ac698eebaed2bb80b6f9d8d9354": ["17", "com.templaro.opsiz.aka.Settings"]}, {"9a70b2a89c8e8240077f6119e00f5191": ["6", "com.templaro.opsiz.aka.Settings"]}, {"9a70b2a89c8e8240077f6119e00f5191": ["6", "com.templaro.opsiz.aka.Settings"]}, {"9a70b2a89c8e8240077f6119e00f5191": ["6", "com.templaro.opsiz.aka.Settings"]}, {"7ad20f960a1cea865df48deb40df6034": ["7", "com.templaro.opsiz.aka.Settings"]}, {"e63b6ac698eebaed2bb80b6f9d8d9354": ["17", "com.templaro.opsiz.aka.Settings"]}, {"e63b6ac698eebaed2bb80b6f9d8d9354": ["17", "com.templaro.opsiz.aka.Settings"]}, {"9a70b2a89c8e8240077f6119e00f5191": ["6", "com.templaro.opsiz.aka.Settings"]}, {"9a70b2a89c8e8240077f6119e00f5191": ["6", "com.templaro.opsiz.aka.Settings"]}, {"a3282291e79585504a2bc57e79e486ed": ["8", "com.templaro.opsiz.aka.Settings"]}, {"9a70b2a89c8e8240077f6119e00f5191": ["6", "com.templaro.opsiz.aka.Settings"]}, {"e63b6ac698eebaed2bb80b6f9d8d9354": ["17", "com.templaro.opsiz.aka.Settings"]}, {"96857f043e1508d50d91168d3371a369": ["5", "com.templaro.opsiz.aka.Settings"]}, {"e63b6ac698eebaed2bb80b6f9d8d9354": ["17", "com.templaro.opsiz.aka.Settings"]}, {"96857f043e1508d50d91168d3371a369": ["5", "com.templaro.opsiz.aka.Settings"]}, {"806bcc5da4808b58c9718b902fac7ca9": ["4", "com.templaro.opsiz.aka.Settings"]}, {"c9dbcf9775a1e618f6df6026459a1249": ["12", "com.templaro.opsiz.aka.Settings"]}, {"9a70b2a89c8e8240077f6119e00f5191": ["6", "com.templaro.opsiz.aka.Settings"]}, {"9a70b2a89c8e8240077f6119e00f5191": ["6", "com.templaro.opsiz.aka.Settings"]}, {"7ad2968ea9647a278fa60eee7fc62d3c": ["15", "com.templaro.opsiz.aka.Settings"]}, {"7ad2968ea9647a278fa60eee7fc62d3c": ["15", "com.templaro.opsiz.aka.Settings"]}, {"96857f043e1508d50d91168d3371a369": ["5", "com.templaro.opsiz.aka.Settings"]}, {"7ad2968ea9647a278fa60eee7fc62d3c": ["15", "com.templaro.opsiz.aka.Settings"]}, {"7ad2968ea9647a278fa60eee7fc62d3c": ["15", "com.templaro.opsiz.aka.Settings"]}, {"96857f043e1508d50d91168d3371a369": ["5", "com.templaro.opsiz.aka.Settings"]}, {"7ad2968ea9647a278fa60eee7fc62d3c": ["15", "com.templaro.opsiz.aka.Settings"]}, {"7256f3f1f1fafbd6c27d651e31d9354b": ["10", "com.templaro.opsiz.aka.AndroidomaticKeyerActivity"]}, {"7256f3f1f1fafbd6c27d651e31d9354b": ["10", "com.templaro.opsiz.aka.AndroidomaticKeyerActivity"]}, {"7256f3f1f1fafbd6c27d651e31d9354b": ["10", "com.templaro.opsiz.aka.AndroidomaticKeyerActivity"]}, {"7256f3f1f1fafbd6c27d651e31d9354b": ["10", "com.templaro.opsiz.aka.AndroidomaticKeyerActivity"]}, {"7256f3f1f1fafbd6c27d651e31d9354b": ["10", "com.templaro.opsiz.aka.AndroidomaticKeyerActivity"]}, {"806bcc5da4808b58c9718b902fac7ca9": ["4", "com.templaro.opsiz.aka.Settings"]}, {"96857f043e1508d50d91168d3371a369": ["5", "com.templaro.opsiz.aka.Settings"]}, {"dc4a0400648f4ec3ec39563551af6ccc": ["19", "com.templaro.opsiz.aka.Settings"]}, {"7256f3f1f1fafbd6c27d651e31d9354b": ["10", "com.templaro.opsiz.aka.AndroidomaticKeyerActivity"]}, {"7256f3f1f1fafbd6c27d651e31d9354b": ["10", "com.templaro.opsiz.aka.AndroidomaticKeyerActivity"]}, {"7256f3f1f1fafbd6c27d651e31d9354b": ["10", "com.templaro.opsiz.aka.AndroidomaticKeyerActivity"]}, {"7256f3f1f1fafbd6c27d651e31d9354b": ["10", "com.templaro.opsiz.aka.AndroidomaticKeyerActivity"]}, {"7256f3f1f1fafbd6c27d651e31d9354b": ["10", "com.templaro.opsiz.aka.AndroidomaticKeyerActivity"]}, {"7256f3f1f1fafbd6c27d651e31d9354b": ["10", "com.templaro.opsiz.aka.AndroidomaticKeyerActivity"]}, {"7256f3f1f1fafbd6c27d651e31d9354b": ["10", "com.templaro.opsiz.aka.AndroidomaticKeyerActivity"]}, {"7256f3f1f1fafbd6c27d651e31d9354b": ["10", "com.templaro.opsiz.aka.AndroidomaticKeyerActivity"]}, {"7256f3f1f1fafbd6c27d651e31d9354b": ["10", "com.templaro.opsiz.aka.AndroidomaticKeyerActivity"]}, {"7256f3f1f1fafbd6c27d651e31d9354b": ["10", "com.templaro.opsiz.aka.AndroidomaticKeyerActivity"]}, {"f9119944fc57dfde8bacc5547c9bb367": ["11", "com.templaro.opsiz.aka.AndroidomaticKeyerActivity"]}, {"f9119944fc57dfde8bacc5547c9bb367": ["11", "com.templaro.opsiz.aka.AndroidomaticKeyerActivity"]}, {"f9119944fc57dfde8bacc5547c9bb367": ["11", "com.templaro.opsiz.aka.AndroidomaticKeyerActivity"]}, {"7256f3f1f1fafbd6c27d651e31d9354b": ["10", "com.templaro.opsiz.aka.AndroidomaticKeyerActivity"]}, {"7256f3f1f1fafbd6c27d651e31d9354b": ["10", "com.templaro.opsiz.aka.AndroidomaticKeyerActivity"]}, {"7256f3f1f1fafbd6c27d651e31d9354b": ["10", "com.templaro.opsiz.aka.AndroidomaticKeyerActivity"]}, {"7256f3f1f1fafbd6c27d651e31d9354b": ["10", "com.templaro.opsiz.aka.AndroidomaticKeyerActivity"]}, {"7256f3f1f1fafbd6c27d651e31d9354b": ["10", "com.templaro.opsiz.aka.AndroidomaticKeyerActivity"]}, {"7256f3f1f1fafbd6c27d651e31d9354b": ["10", "com.templaro.opsiz.aka.AndroidomaticKeyerActivity"]}, {"f9119944fc57dfde8bacc5547c9bb367": ["11", "com.templaro.opsiz.aka.AndroidomaticKeyerActivity"]}, {"7256f3f1f1fafbd6c27d651e31d9354b": ["10", "com.templaro.opsiz.aka.AndroidomaticKeyerActivity"]}, {"7256f3f1f1fafbd6c27d651e31d9354b": ["10", "com.templaro.opsiz.aka.AndroidomaticKeyerActivity"]}, {"7256f3f1f1fafbd6c27d651e31d9354b": ["10", "com.templaro.opsiz.aka.AndroidomaticKeyerActivity"]}, {"e68a27c9fe49efc554c5522863487cc9": ["14", "com.templaro.opsiz.aka.StraightKeyActivity"]}, {"e68a27c9fe49efc554c5522863487cc9": ["14", "com.templaro.opsiz.aka.StraightKeyActivity"]}, {"e68a27c9fe49efc554c5522863487cc9": ["14", "com.templaro.opsiz.aka.StraightKeyActivity"]}, {"e68a27c9fe49efc554c5522863487cc9": ["14", "com.templaro.opsiz.aka.StraightKeyActivity"]}, {"e68a27c9fe49efc554c5522863487cc9": ["14", "com.templaro.opsiz.aka.StraightKeyActivity"]}, {"e68a27c9fe49efc554c5522863487cc9": ["14", "com.templaro.opsiz.aka.StraightKeyActivity"]}, {"e68a27c9fe49efc554c5522863487cc9": ["14", "com.templaro.opsiz.aka.StraightKeyActivity"]}, {"e68a27c9fe49efc554c5522863487cc9": ["14", "com.templaro.opsiz.aka.StraightKeyActivity"]}, {"e68a27c9fe49efc554c5522863487cc9": ["14", "com.templaro.opsiz.aka.StraightKeyActivity"]}, {"e68a27c9fe49efc554c5522863487cc9": ["14", "com.templaro.opsiz.aka.StraightKeyActivity"]}, {"e68a27c9fe49efc554c5522863487cc9": ["14", "com.templaro.opsiz.aka.StraightKeyActivity"]}, {"e68a27c9fe49efc554c5522863487cc9": ["14", "com.templaro.opsiz.aka.StraightKeyActivity"]}, {"e68a27c9fe49efc554c5522863487cc9": ["14", "com.templaro.opsiz.aka.StraightKeyActivity"]}, {"e68a27c9fe49efc554c5522863487cc9": ["14", "com.templaro.opsiz.aka.StraightKeyActivity"]}, {"e68a27c9fe49efc554c5522863487cc9": ["14", "com.templaro.opsiz.aka.StraightKeyActivity"]}, {"e68a27c9fe49efc554c5522863487cc9": ["14", "com.templaro.opsiz.aka.StraightKeyActivity"]}, {"e68a27c9fe49efc554c5522863487cc9": ["14", "com.templaro.opsiz.aka.StraightKeyActivity"]}, {"e68a27c9fe49efc554c5522863487cc9": ["14", "com.templaro.opsiz.aka.StraightKeyActivity"]}, {"e68a27c9fe49efc554c5522863487cc9": ["14", "com.templaro.opsiz.aka.StraightKeyActivity"]}, {"e68a27c9fe49efc554c5522863487cc9": ["14", "com.templaro.opsiz.aka.StraightKeyActivity"]}, {"e68a27c9fe49efc554c5522863487cc9": ["14", "com.templaro.opsiz.aka.StraightKeyActivity"]}, {"e68a27c9fe49efc554c5522863487cc9": ["14", "com.templaro.opsiz.aka.StraightKeyActivity"]}, {"e68a27c9fe49efc554c5522863487cc9": ["14", "com.templaro.opsiz.aka.StraightKeyActivity"]}, {"e68a27c9fe49efc554c5522863487cc9": ["14", "com.templaro.opsiz.aka.StraightKeyActivity"]}, {"e68a27c9fe49efc554c5522863487cc9": ["14", "com.templaro.opsiz.aka.StraightKeyActivity"]}, {"e68a27c9fe49efc554c5522863487cc9": ["14", "com.templaro.opsiz.aka.StraightKeyActivity"]}, {"e68a27c9fe49efc554c5522863487cc9": ["14", "com.templaro.opsiz.aka.StraightKeyActivity"]}, {"e68a27c9fe49efc554c5522863487cc9": ["14", "com.templaro.opsiz.aka.StraightKeyActivity"]}, {"e68a27c9fe49efc554c5522863487cc9": ["14", "com.templaro.opsiz.aka.StraightKeyActivity"]}, {"e68a27c9fe49efc554c5522863487cc9": ["14", "com.templaro.opsiz.aka.StraightKeyActivity"]}, {"e68a27c9fe49efc554c5522863487cc9": ["14", "com.templaro.opsiz.aka.StraightKeyActivity"]}, {"e68a27c9fe49efc554c5522863487cc9": ["14", "com.templaro.opsiz.aka.StraightKeyActivity"]}, {"7256f3f1f1fafbd6c27d651e31d9354b": ["10", "com.templaro.opsiz.aka.AndroidomaticKeyerActivity"]}, {"7256f3f1f1fafbd6c27d651e31d9354b": ["10", "com.templaro.opsiz.aka.AndroidomaticKeyerActivity"]}, {"7256f3f1f1fafbd6c27d651e31d9354b": ["10", "com.templaro.opsiz.aka.AndroidomaticKeyerActivity"]}, {"f9119944fc57dfde8bacc5547c9bb367": ["11", "com.templaro.opsiz.aka.AndroidomaticKeyerActivity"]}, {"f9119944fc57dfde8bacc5547c9bb367": ["11", "com.templaro.opsiz.aka.AndroidomaticKeyerActivity"]}, {"7256f3f1f1fafbd6c27d651e31d9354b": ["10", "com.templaro.opsiz.aka.AndroidomaticKeyerActivity"]}, {"7256f3f1f1fafbd6c27d651e31d9354b": ["10", "com.templaro.opsiz.aka.AndroidomaticKeyerActivity"]}, {"7256f3f1f1fafbd6c27d651e31d9354b": ["10", "com.templaro.opsiz.aka.AndroidomaticKeyerActivity"]}, {"7256f3f1f1fafbd6c27d651e31d9354b": ["10", "com.templaro.opsiz.aka.AndroidomaticKeyerActivity"]}, {"7256f3f1f1fafbd6c27d651e31d9354b": ["10", "com.templaro.opsiz.aka.AndroidomaticKeyerActivity"]}, {"7256f3f1f1fafbd6c27d651e31d9354b": ["10", "com.templaro.opsiz.aka.AndroidomaticKeyerActivity"]}, {"7256f3f1f1fafbd6c27d651e31d9354b": ["10", "com.templaro.opsiz.aka.AndroidomaticKeyerActivity"]}, {"7256f3f1f1fafbd6c27d651e31d9354b": ["10", "com.templaro.opsiz.aka.AndroidomaticKeyerActivity"]}, {"7256f3f1f1fafbd6c27d651e31d9354b": ["10", "com.templaro.opsiz.aka.AndroidomaticKeyerActivity"]}, {"f9119944fc57dfde8bacc5547c9bb367": ["11", "com.templaro.opsiz.aka.AndroidomaticKeyerActivity"]}, {"f9119944fc57dfde8bacc5547c9bb367": ["11", "com.templaro.opsiz.aka.AndroidomaticKeyerActivity"]}, {"7256f3f1f1fafbd6c27d651e31d9354b": ["10", "com.templaro.opsiz.aka.AndroidomaticKeyerActivity"]}, {"7256f3f1f1fafbd6c27d651e31d9354b": ["10", "com.templaro.opsiz.aka.AndroidomaticKeyerActivity"]}, {"806bcc5da4808b58c9718b902fac7ca9": ["4", "com.templaro.opsiz.aka.Settings"]}, {"806bcc5da4808b58c9718b902fac7ca9": ["4", "com.templaro.opsiz.aka.Settings"]}, {"9a70b2a89c8e8240077f6119e00f5191": ["6", "com.templaro.opsiz.aka.Settings"]}, {"9a70b2a89c8e8240077f6119e00f5191": ["6", "com.templaro.opsiz.aka.Settings"]}, {"7ad20f960a1cea865df48deb40df6034": ["7", "com.templaro.opsiz.aka.Settings"]}, {"9a70b2a89c8e8240077f6119e00f5191": ["6", "com.templaro.opsiz.aka.Settings"]}, {"7ad20f960a1cea865df48deb40df6034": ["7", "com.templaro.opsiz.aka.Settings"]}, {"9a70b2a89c8e8240077f6119e00f5191": ["6", "com.templaro.opsiz.aka.Settings"]}, {"9a70b2a89c8e8240077f6119e00f5191": ["6", "com.templaro.opsiz.aka.Settings"]}, {"9a70b2a89c8e8240077f6119e00f5191": ["6", "com.templaro.opsiz.aka.Settings"]}, {"9a70b2a89c8e8240077f6119e00f5191": ["6", "com.templaro.opsiz.aka.Settings"]}, {"7ad20f960a1cea865df48deb40df6034": ["7", "com.templaro.opsiz.aka.Settings"]}, {"9a70b2a89c8e8240077f6119e00f5191": ["6", "com.templaro.opsiz.aka.Settings"]}, {"7ad20f960a1cea865df48deb40df6034": ["7", "com.templaro.opsiz.aka.Settings"]}, {"9a70b2a89c8e8240077f6119e00f5191": ["6", "com.templaro.opsiz.aka.Settings"]}, {"7ad20f960a1cea865df48deb40df6034": ["7", "com.templaro.opsiz.aka.Settings"]}, {"9a70b2a89c8e8240077f6119e00f5191": ["6", "com.templaro.opsiz.aka.Settings"]}, {"7ad20f960a1cea865df48deb40df6034": ["7", "com.templaro.opsiz.aka.Settings"]}, {"9a70b2a89c8e8240077f6119e00f5191": ["6", "com.templaro.opsiz.aka.Settings"]}, {"806bcc5da4808b58c9718b902fac7ca9": ["4", "com.templaro.opsiz.aka.Settings"]}, {"806bcc5da4808b58c9718b902fac7ca9": ["4", "com.templaro.opsiz.aka.Settings"]}, {"806bcc5da4808b58c9718b902fac7ca9": ["4", "com.templaro.opsiz.aka.Settings"]}, {"c9dbcf9775a1e618f6df6026459a1249": ["12", "com.templaro.opsiz.aka.Settings"]}, {"9a70b2a89c8e8240077f6119e00f5191": ["6", "com.templaro.opsiz.aka.Settings"]}, {"7ad20f960a1cea865df48deb40df6034": ["7", "com.templaro.opsiz.aka.Settings"]}, {"806bcc5da4808b58c9718b902fac7ca9": ["4", "com.templaro.opsiz.aka.Settings"]}, {"806bcc5da4808b58c9718b902fac7ca9": ["4", "com.templaro.opsiz.aka.Settings"]}, {"806bcc5da4808b58c9718b902fac7ca9": ["4", "com.templaro.opsiz.aka.Settings"]}, {"dc4a0400648f4ec3ec39563551af6ccc": ["19", "com.templaro.opsiz.aka.Settings"]}, {"96857f043e1508d50d91168d3371a369": ["5", "com.templaro.opsiz.aka.Settings"]}, {"806bcc5da4808b58c9718b902fac7ca9": ["4", "com.templaro.opsiz.aka.Settings"]}, {"806bcc5da4808b58c9718b902fac7ca9": ["4", "com.templaro.opsiz.aka.Settings"]}, {"7ad2968ea9647a278fa60eee7fc62d3c": ["15", "com.templaro.opsiz.aka.Settings"]}, {"96857f043e1508d50d91168d3371a369": ["5", "com.templaro.opsiz.aka.Settings"]}, {"7ad2968ea9647a278fa60eee7fc62d3c": ["15", "com.templaro.opsiz.aka.Settings"]}, {"7ad2968ea9647a278fa60eee7fc62d3c": ["15", "com.templaro.opsiz.aka.Settings"]}, {"c9dbcf9775a1e618f6df6026459a1249": ["12", "com.templaro.opsiz.aka.Settings"]}, {"9a70b2a89c8e8240077f6119e00f5191": ["6", "com.templaro.opsiz.aka.Settings"]}, {"7ad20f960a1cea865df48deb40df6034": ["7", "com.templaro.opsiz.aka.Settings"]}, {"9a70b2a89c8e8240077f6119e00f5191": ["6", "com.templaro.opsiz.aka.Settings"]}, {"9a70b2a89c8e8240077f6119e00f5191": ["6", "com.templaro.opsiz.aka.Settings"]}, {"7ad20f960a1cea865df48deb40df6034": ["7", "com.templaro.opsiz.aka.Settings"]}, {"9a70b2a89c8e8240077f6119e00f5191": ["6", "com.templaro.opsiz.aka.Settings"]}, {"7ad20f960a1cea865df48deb40df6034": ["7", "com.templaro.opsiz.aka.Settings"]}, {"9a70b2a89c8e8240077f6119e00f5191": ["6", "com.templaro.opsiz.aka.Settings"]}, {"9a70b2a89c8e8240077f6119e00f5191": ["6", "com.templaro.opsiz.aka.Settings"]}, {"7ad2968ea9647a278fa60eee7fc62d3c": ["15", "com.templaro.opsiz.aka.Settings"]}, {"806bcc5da4808b58c9718b902fac7ca9": ["4", "com.templaro.opsiz.aka.Settings"]}, {"9a70b2a89c8e8240077f6119e00f5191": ["6", "com.templaro.opsiz.aka.Settings"]}, {"7256f3f1f1fafbd6c27d651e31d9354b": ["10", "com.templaro.opsiz.aka.AndroidomaticKeyerActivity"]}, {"7256f3f1f1fafbd6c27d651e31d9354b": ["10", "com.templaro.opsiz.aka.AndroidomaticKeyerActivity"]}, {"f9119944fc57dfde8bacc5547c9bb367": ["11", "com.templaro.opsiz.aka.AndroidomaticKeyerActivity"]}, {"7256f3f1f1fafbd6c27d651e31d9354b": ["10", "com.templaro.opsiz.aka.AndroidomaticKeyerActivity"]}, {"f9119944fc57dfde8bacc5547c9bb367": ["11", "com.templaro.opsiz.aka.AndroidomaticKeyerActivity"]}, {"f9119944fc57dfde8bacc5547c9bb367": ["11", "com.templaro.opsiz.aka.AndroidomaticKeyerActivity"]}, {"f9119944fc57dfde8bacc5547c9bb367": ["11", "com.templaro.opsiz.aka.AndroidomaticKeyerActivity"]}, {"f9119944fc57dfde8bacc5547c9bb367": ["11", "com.templaro.opsiz.aka.AndroidomaticKeyerActivity"]}, {"7256f3f1f1fafbd6c27d651e31d9354b": ["10", "com.templaro.opsiz.aka.AndroidomaticKeyerActivity"]}, {"806bcc5da4808b58c9718b902fac7ca9": ["4", "com.templaro.opsiz.aka.Settings"]}, {"dc4a0400648f4ec3ec39563551af6ccc": ["19", "com.templaro.opsiz.aka.Settings"]}, {"dc4a0400648f4ec3ec39563551af6ccc": ["19", "com.templaro.opsiz.aka.Settings"]}, {"806bcc5da4808b58c9718b902fac7ca9": ["4", "com.templaro.opsiz.aka.Settings"]}, {"806bcc5da4808b58c9718b902fac7ca9": ["4", "com.templaro.opsiz.aka.Settings"]}, {"806bcc5da4808b58c9718b902fac7ca9": ["4", "com.templaro.opsiz.aka.Settings"]}, {"806bcc5da4808b58c9718b902fac7ca9": ["4", "com.templaro.opsiz.aka.Settings"]}, {"806bcc5da4808b58c9718b902fac7ca9": ["4", "com.templaro.opsiz.aka.Settings"]}, {"96857f043e1508d50d91168d3371a369": ["5", "com.templaro.opsiz.aka.Settings"]}, {"e63b6ac698eebaed2bb80b6f9d8d9354": ["17", "com.templaro.opsiz.aka.Settings"]}, {"9a70b2a89c8e8240077f6119e00f5191": ["6", "com.templaro.opsiz.aka.Settings"]}, {"7ad20f960a1cea865df48deb40df6034": ["7", "com.templaro.opsiz.aka.Settings"]}, {"9a70b2a89c8e8240077f6119e00f5191": ["6", "com.templaro.opsiz.aka.Settings"]}, {"806bcc5da4808b58c9718b902fac7ca9": ["4", "com.templaro.opsiz.aka.Settings"]}, {"96857f043e1508d50d91168d3371a369": ["5", "com.templaro.opsiz.aka.Settings"]}, {"806bcc5da4808b58c9718b902fac7ca9": ["4", "com.templaro.opsiz.aka.Settings"]}, {"806bcc5da4808b58c9718b902fac7ca9": ["4", "com.templaro.opsiz.aka.Settings"]}, {"806bcc5da4808b58c9718b902fac7ca9": ["4", "com.templaro.opsiz.aka.Settings"]}, {"c9dbcf9775a1e618f6df6026459a1249": ["12", "com.templaro.opsiz.aka.Settings"]}, {"7256f3f1f1fafbd6c27d651e31d9354b": ["10", "com.templaro.opsiz.aka.AndroidomaticKeyerActivity"]}, {"7256f3f1f1fafbd6c27d651e31d9354b": ["10", "com.templaro.opsiz.aka.AndroidomaticKeyerActivity"]}, {"7256f3f1f1fafbd6c27d651e31d9354b": ["10", "com.templaro.opsiz.aka.AndroidomaticKeyerActivity"]}, {"f9119944fc57dfde8bacc5547c9bb367": ["11", "com.templaro.opsiz.aka.AndroidomaticKeyerActivity"]}, {"7256f3f1f1fafbd6c27d651e31d9354b": ["10", "com.templaro.opsiz.aka.AndroidomaticKeyerActivity"]}, {"7256f3f1f1fafbd6c27d651e31d9354b": ["10", "com.templaro.opsiz.aka.AndroidomaticKeyerActivity"]}, {"7256f3f1f1fafbd6c27d651e31d9354b": ["10", "com.templaro.opsiz.aka.AndroidomaticKeyerActivity"]}, {"7256f3f1f1fafbd6c27d651e31d9354b": ["10", "com.templaro.opsiz.aka.AndroidomaticKeyerActivity"]}, {"7256f3f1f1fafbd6c27d651e31d9354b": ["10", "com.templaro.opsiz.aka.AndroidomaticKeyerActivity"]}, {"7256f3f1f1fafbd6c27d651e31d9354b": ["10", "com.templaro.opsiz.aka.AndroidomaticKeyerActivity"]}, {"7256f3f1f1fafbd6c27d651e31d9354b": ["10", "com.templaro.opsiz.aka.AndroidomaticKeyerActivity"]}, {"7256f3f1f1fafbd6c27d651e31d9354b": ["10", "com.templaro.opsiz.aka.AndroidomaticKeyerActivity"]}, {"7256f3f1f1fafbd6c27d651e31d9354b": ["10", "com.templaro.opsiz.aka.AndroidomaticKeyerActivity"]}, {"7256f3f1f1fafbd6c27d651e31d9354b": ["10", "com.templaro.opsiz.aka.AndroidomaticKeyerActivity"]}, {"7256f3f1f1fafbd6c27d651e31d9354b": ["10", "com.templaro.opsiz.aka.AndroidomaticKeyerActivity"]}, {"7256f3f1f1fafbd6c27d651e31d9354b": ["10", "com.templaro.opsiz.aka.AndroidomaticKeyerActivity"]}, {"7256f3f1f1fafbd6c27d651e31d9354b": ["10", "com.templaro.opsiz.aka.AndroidomaticKeyerActivity"]}, {"7256f3f1f1fafbd6c27d651e31d9354b": ["10", "com.templaro.opsiz.aka.AndroidomaticKeyerActivity"]}, {"7256f3f1f1fafbd6c27d651e31d9354b": ["10", "com.templaro.opsiz.aka.AndroidomaticKeyerActivity"]}, {"7256f3f1f1fafbd6c27d651e31d9354b": ["10", "com.templaro.opsiz.aka.AndroidomaticKeyerActivity"]}, {"7256f3f1f1fafbd6c27d651e31d9354b": ["10", "com.templaro.opsiz.aka.AndroidomaticKeyerActivity"]}, {"7256f3f1f1fafbd6c27d651e31d9354b": ["10", "com.templaro.opsiz.aka.AndroidomaticKeyerActivity"]}, {"7256f3f1f1fafbd6c27d651e31d9354b": ["10", "com.templaro.opsiz.aka.AndroidomaticKeyerActivity"]}, {"c9dbcf9775a1e618f6df6026459a1249": ["12", "com.templaro.opsiz.aka.Settings"]}, {"9a70b2a89c8e8240077f6119e00f5191": ["6", "com.templaro.opsiz.aka.Settings"]}, {"7ad20f960a1cea865df48deb40df6034": ["7", "com.templaro.opsiz.aka.Settings"]}, {"c9dbcf9775a1e618f6df6026459a1249": ["12", "com.templaro.opsiz.aka.Settings"]}, {"7ad20f960a1cea865df48deb40df6034": ["7", "com.templaro.opsiz.aka.Settings"]}, {"c9dbcf9775a1e618f6df6026459a1249": ["12", "com.templaro.opsiz.aka.Settings"]}, {"7256f3f1f1fafbd6c27d651e31d9354b": ["10", "com.templaro.opsiz.aka.AndroidomaticKeyerActivity"]}, {"7256f3f1f1fafbd6c27d651e31d9354b": ["10", "com.templaro.opsiz.aka.AndroidomaticKeyerActivity"]}, {"7256f3f1f1fafbd6c27d651e31d9354b": ["10", "com.templaro.opsiz.aka.AndroidomaticKeyerActivity"]}, {"7256f3f1f1fafbd6c27d651e31d9354b": ["10", "com.templaro.opsiz.aka.AndroidomaticKeyerActivity"]}, {"7256f3f1f1fafbd6c27d651e31d9354b": ["10", "com.templaro.opsiz.aka.AndroidomaticKeyerActivity"]}, {"7256f3f1f1fafbd6c27d651e31d9354b": ["10", "com.templaro.opsiz.aka.AndroidomaticKeyerActivity"]}, {"f9119944fc57dfde8bacc5547c9bb367": ["11", "com.templaro.opsiz.aka.AndroidomaticKeyerActivity"]}, {"f9119944fc57dfde8bacc5547c9bb367": ["11", "com.templaro.opsiz.aka.AndroidomaticKeyerActivity"]}, {"f9119944fc57dfde8bacc5547c9bb367": ["11", "com.templaro.opsiz.aka.AndroidomaticKeyerActivity"]}, {"7256f3f1f1fafbd6c27d651e31d9354b": ["10", "com.templaro.opsiz.aka.AndroidomaticKeyerActivity"]}, {"7256f3f1f1fafbd6c27d651e31d9354b": ["10", "com.templaro.opsiz.aka.AndroidomaticKeyerActivity"]}, {"7256f3f1f1fafbd6c27d651e31d9354b": ["10", "com.templaro.opsiz.aka.AndroidomaticKeyerActivity"]}, {"7256f3f1f1fafbd6c27d651e31d9354b": ["10", "com.templaro.opsiz.aka.AndroidomaticKeyerActivity"]}, {"f9119944fc57dfde8bacc5547c9bb367": ["11", "com.templaro.opsiz.aka.AndroidomaticKeyerActivity"]}, {"e68a27c9fe49efc554c5522863487cc9": ["14", "com.templaro.opsiz.aka.StraightKeyActivity"]}, {"e68a27c9fe49efc554c5522863487cc9": ["14", "com.templaro.opsiz.aka.StraightKeyActivity"]}, {"e68a27c9fe49efc554c5522863487cc9": ["14", "com.templaro.opsiz.aka.StraightKeyActivity"]}, {"e68a27c9fe49efc554c5522863487cc9": ["14", "com.templaro.opsiz.aka.StraightKeyActivity"]}, {"e68a27c9fe49efc554c5522863487cc9": ["14", "com.templaro.opsiz.aka.StraightKeyActivity"]}, {"e68a27c9fe49efc554c5522863487cc9": ["14", "com.templaro.opsiz.aka.StraightKeyActivity"]}, {"f9119944fc57dfde8bacc5547c9bb367": ["11", "com.templaro.opsiz.aka.AndroidomaticKeyerActivity"]}, {"7256f3f1f1fafbd6c27d651e31d9354b": ["10", "com.templaro.opsiz.aka.AndroidomaticKeyerActivity"]}, {"7256f3f1f1fafbd6c27d651e31d9354b": ["10", "com.templaro.opsiz.aka.AndroidomaticKeyerActivity"]}, {"7256f3f1f1fafbd6c27d651e31d9354b": ["10", "com.templaro.opsiz.aka.AndroidomaticKeyerActivity"]}, {"7256f3f1f1fafbd6c27d651e31d9354b": ["10", "com.templaro.opsiz.aka.AndroidomaticKeyerActivity"]}, {"7256f3f1f1fafbd6c27d651e31d9354b": ["10", "com.templaro.opsiz.aka.AndroidomaticKeyerActivity"]}, {"7256f3f1f1fafbd6c27d651e31d9354b": ["10", "com.templaro.opsiz.aka.AndroidomaticKeyerActivity"]}, {"7256f3f1f1fafbd6c27d651e31d9354b": ["10", "com.templaro.opsiz.aka.AndroidomaticKeyerActivity"]}, {"7256f3f1f1fafbd6c27d651e31d9354b": ["10", "com.templaro.opsiz.aka.AndroidomaticKeyerActivity"]}, {"7256f3f1f1fafbd6c27d651e31d9354b": ["10", "com.templaro.opsiz.aka.AndroidomaticKeyerActivity"]}, {"7256f3f1f1fafbd6c27d651e31d9354b": ["10", "com.templaro.opsiz.aka.AndroidomaticKeyerActivity"]}, {"7256f3f1f1fafbd6c27d651e31d9354b": ["10", "com.templaro.opsiz.aka.AndroidomaticKeyerActivity"]}, {"7256f3f1f1fafbd6c27d651e31d9354b": ["10", "com.templaro.opsiz.aka.AndroidomaticKeyerActivity"]}, {"7256f3f1f1fafbd6c27d651e31d9354b": ["10", "com.templaro.opsiz.aka.AndroidomaticKeyerActivity"]}, {"7256f3f1f1fafbd6c27d651e31d9354b": ["10", "com.templaro.opsiz.aka.AndroidomaticKeyerActivity"]}, {"7256f3f1f1fafbd6c27d651e31d9354b": ["10", "com.templaro.opsiz.aka.AndroidomaticKeyerActivity"]}, {"7256f3f1f1fafbd6c27d651e31d9354b": ["10", "com.templaro.opsiz.aka.AndroidomaticKeyerActivity"]}, {"7256f3f1f1fafbd6c27d651e31d9354b": ["10", "com.templaro.opsiz.aka.AndroidomaticKeyerActivity"]}, {"7256f3f1f1fafbd6c27d651e31d9354b": ["10", "com.templaro.opsiz.aka.AndroidomaticKeyerActivity"]}, {"7256f3f1f1fafbd6c27d651e31d9354b": ["10", "com.templaro.opsiz.aka.AndroidomaticKeyerActivity"]}, {"7256f3f1f1fafbd6c27d651e31d9354b": ["10", "com.templaro.opsiz.aka.AndroidomaticKeyerActivity"]}, {"7256f3f1f1fafbd6c27d651e31d9354b": ["10", "com.templaro.opsiz.aka.AndroidomaticKeyerActivity"]}, {"7256f3f1f1fafbd6c27d651e31d9354b": ["10", "com.templaro.opsiz.aka.AndroidomaticKeyerActivity"]}, {"7256f3f1f1fafbd6c27d651e31d9354b": ["10", "com.templaro.opsiz.aka.AndroidomaticKeyerActivity"]}, {"7256f3f1f1fafbd6c27d651e31d9354b": ["10", "com.templaro.opsiz.aka.AndroidomaticKeyerActivity"]}, {"7256f3f1f1fafbd6c27d651e31d9354b": ["10", "com.templaro.opsiz.aka.AndroidomaticKeyerActivity"]}, {"7256f3f1f1fafbd6c27d651e31d9354b": ["10", "com.templaro.opsiz.aka.AndroidomaticKeyerActivity"]}, {"7256f3f1f1fafbd6c27d651e31d9354b": ["10", "com.templaro.opsiz.aka.AndroidomaticKeyerActivity"]}, {"7256f3f1f1fafbd6c27d651e31d9354b": ["10", "com.templaro.opsiz.aka.AndroidomaticKeyerActivity"]}, {"7256f3f1f1fafbd6c27d651e31d9354b": ["10", "com.templaro.opsiz.aka.AndroidomaticKeyerActivity"]}, {"7256f3f1f1fafbd6c27d651e31d9354b": ["10", "com.templaro.opsiz.aka.AndroidomaticKeyerActivity"]}, {"7256f3f1f1fafbd6c27d651e31d9354b": ["10", "com.templaro.opsiz.aka.AndroidomaticKeyerActivity"]}, {"7256f3f1f1fafbd6c27d651e31d9354b": ["10", "com.templaro.opsiz.aka.AndroidomaticKeyerActivity"]}, {"7256f3f1f1fafbd6c27d651e31d9354b": ["10", "com.templaro.opsiz.aka.AndroidomaticKeyerActivity"]}, {"7256f3f1f1fafbd6c27d651e31d9354b": ["10", "com.templaro.opsiz.aka.AndroidomaticKeyerActivity"]}, {"7256f3f1f1fafbd6c27d651e31d9354b": ["10", "com.templaro.opsiz.aka.AndroidomaticKeyerActivity"]}, {"7256f3f1f1fafbd6c27d651e31d9354b": ["10", "com.templaro.opsiz.aka.AndroidomaticKeyerActivity"]}, {"7256f3f1f1fafbd6c27d651e31d9354b": ["10", "com.templaro.opsiz.aka.AndroidomaticKeyerActivity"]}, {"7256f3f1f1fafbd6c27d651e31d9354b": ["10", "com.templaro.opsiz.aka.AndroidomaticKeyerActivity"]}, {"7256f3f1f1fafbd6c27d651e31d9354b": ["10", "com.templaro.opsiz.aka.AndroidomaticKeyerActivity"]}, {"7256f3f1f1fafbd6c27d651e31d9354b": ["10", "com.templaro.opsiz.aka.AndroidomaticKeyerActivity"]}, {"7256f3f1f1fafbd6c27d651e31d9354b": ["10", "com.templaro.opsiz.aka.AndroidomaticKeyerActivity"]}, {"7256f3f1f1fafbd6c27d651e31d9354b": ["10", "com.templaro.opsiz.aka.AndroidomaticKeyerActivity"]}, {"7256f3f1f1fafbd6c27d651e31d9354b": ["10", "com.templaro.opsiz.aka.AndroidomaticKeyerActivity"]}, {"7256f3f1f1fafbd6c27d651e31d9354b": ["10", "com.templaro.opsiz.aka.AndroidomaticKeyerActivity"]}, {"7256f3f1f1fafbd6c27d651e31d9354b": ["10", "com.templaro.opsiz.aka.AndroidomaticKeyerActivity"]}, {"7256f3f1f1fafbd6c27d651e31d9354b": ["10", "com.templaro.opsiz.aka.AndroidomaticKeyerActivity"]}, {"7256f3f1f1fafbd6c27d651e31d9354b": ["10", "com.templaro.opsiz.aka.AndroidomaticKeyerActivity"]}, {"7256f3f1f1fafbd6c27d651e31d9354b": ["10", "com.templaro.opsiz.aka.AndroidomaticKeyerActivity"]}, {"7256f3f1f1fafbd6c27d651e31d9354b": ["10", "com.templaro.opsiz.aka.AndroidomaticKeyerActivity"]}, {"7256f3f1f1fafbd6c27d651e31d9354b": ["10", "com.templaro.opsiz.aka.AndroidomaticKeyerActivity"]}, {"7256f3f1f1fafbd6c27d651e31d9354b": ["10", "com.templaro.opsiz.aka.AndroidomaticKeyerActivity"]}, {"7256f3f1f1fafbd6c27d651e31d9354b": ["10", "com.templaro.opsiz.aka.AndroidomaticKeyerActivity"]}, {"7256f3f1f1fafbd6c27d651e31d9354b": ["10", "com.templaro.opsiz.aka.AndroidomaticKeyerActivity"]}, {"7256f3f1f1fafbd6c27d651e31d9354b": ["10", "com.templaro.opsiz.aka.AndroidomaticKeyerActivity"]}, {"7256f3f1f1fafbd6c27d651e31d9354b": ["10", "com.templaro.opsiz.aka.AndroidomaticKeyerActivity"]}, {"7256f3f1f1fafbd6c27d651e31d9354b": ["10", "com.templaro.opsiz.aka.AndroidomaticKeyerActivity"]}, {"7256f3f1f1fafbd6c27d651e31d9354b": ["10", "com.templaro.opsiz.aka.AndroidomaticKeyerActivity"]}, {"7256f3f1f1fafbd6c27d651e31d9354b": ["10", "com.templaro.opsiz.aka.AndroidomaticKeyerActivity"]}, {"7256f3f1f1fafbd6c27d651e31d9354b": ["10", "com.templaro.opsiz.aka.AndroidomaticKeyerActivity"]}, {"7256f3f1f1fafbd6c27d651e31d9354b": ["10", "com.templaro.opsiz.aka.AndroidomaticKeyerActivity"]}, {"7256f3f1f1fafbd6c27d651e31d9354b": ["10", "com.templaro.opsiz.aka.AndroidomaticKeyerActivity"]}, {"7256f3f1f1fafbd6c27d651e31d9354b": ["10", "com.templaro.opsiz.aka.AndroidomaticKeyerActivity"]}, {"7256f3f1f1fafbd6c27d651e31d9354b": ["10", "com.templaro.opsiz.aka.AndroidomaticKeyerActivity"]}, {"7256f3f1f1fafbd6c27d651e31d9354b": ["10", "com.templaro.opsiz.aka.AndroidomaticKeyerActivity"]}, {"7256f3f1f1fafbd6c27d651e31d9354b": ["10", "com.templaro.opsiz.aka.AndroidomaticKeyerActivity"]}, {"7256f3f1f1fafbd6c27d651e31d9354b": ["10", "com.templaro.opsiz.aka.AndroidomaticKeyerActivity"]}, {"7256f3f1f1fafbd6c27d651e31d9354b": ["10", "com.templaro.opsiz.aka.AndroidomaticKeyerActivity"]}, {"7256f3f1f1fafbd6c27d651e31d9354b": ["10", "com.templaro.opsiz.aka.AndroidomaticKeyerActivity"]}, {"7256f3f1f1fafbd6c27d651e31d9354b": ["10", "com.templaro.opsiz.aka.AndroidomaticKeyerActivity"]}, {"7256f3f1f1fafbd6c27d651e31d9354b": ["10", "com.templaro.opsiz.aka.AndroidomaticKeyerActivity"]}, {"7256f3f1f1fafbd6c27d651e31d9354b": ["10", "com.templaro.opsiz.aka.AndroidomaticKeyerActivity"]}, {"7256f3f1f1fafbd6c27d651e31d9354b": ["10", "com.templaro.opsiz.aka.AndroidomaticKeyerActivity"]}, {"7256f3f1f1fafbd6c27d651e31d9354b": ["10", "com.templaro.opsiz.aka.AndroidomaticKeyerActivity"]}, {"7256f3f1f1fafbd6c27d651e31d9354b": ["10", "com.templaro.opsiz.aka.AndroidomaticKeyerActivity"]}, {"7256f3f1f1fafbd6c27d651e31d9354b": ["10", "com.templaro.opsiz.aka.AndroidomaticKeyerActivity"]}, {"7256f3f1f1fafbd6c27d651e31d9354b": ["10", "com.templaro.opsiz.aka.AndroidomaticKeyerActivity"]}, {"7256f3f1f1fafbd6c27d651e31d9354b": ["10", "com.templaro.opsiz.aka.AndroidomaticKeyerActivity"]}, {"7256f3f1f1fafbd6c27d651e31d9354b": ["10", "com.templaro.opsiz.aka.AndroidomaticKeyerActivity"]}, {"7256f3f1f1fafbd6c27d651e31d9354b": ["10", "com.templaro.opsiz.aka.AndroidomaticKeyerActivity"]}, {"7256f3f1f1fafbd6c27d651e31d9354b": ["10", "com.templaro.opsiz.aka.AndroidomaticKeyerActivity"]}, {"7256f3f1f1fafbd6c27d651e31d9354b": ["10", "com.templaro.opsiz.aka.AndroidomaticKeyerActivity"]}, {"7256f3f1f1fafbd6c27d651e31d9354b": ["10", "com.templaro.opsiz.aka.AndroidomaticKeyerActivity"]}, {"7256f3f1f1fafbd6c27d651e31d9354b": ["10", "com.templaro.opsiz.aka.AndroidomaticKeyerActivity"]}, {"7256f3f1f1fafbd6c27d651e31d9354b": ["10", "com.templaro.opsiz.aka.AndroidomaticKeyerActivity"]}, {"7256f3f1f1fafbd6c27d651e31d9354b": ["10", "com.templaro.opsiz.aka.AndroidomaticKeyerActivity"]}, {"7256f3f1f1fafbd6c27d651e31d9354b": ["10", "com.templaro.opsiz.aka.AndroidomaticKeyerActivity"]}, {"7256f3f1f1fafbd6c27d651e31d9354b": ["10", "com.templaro.opsiz.aka.AndroidomaticKeyerActivity"]}, {"7256f3f1f1fafbd6c27d651e31d9354b": ["10", "com.templaro.opsiz.aka.AndroidomaticKeyerActivity"]}, {"7256f3f1f1fafbd6c27d651e31d9354b": ["10", "com.templaro.opsiz.aka.AndroidomaticKeyerActivity"]}, {"7256f3f1f1fafbd6c27d651e31d9354b": ["10", "com.templaro.opsiz.aka.AndroidomaticKeyerActivity"]}, {"7256f3f1f1fafbd6c27d651e31d9354b": ["10", "com.templaro.opsiz.aka.AndroidomaticKeyerActivity"]}, {"7256f3f1f1fafbd6c27d651e31d9354b": ["10", "com.templaro.opsiz.aka.AndroidomaticKeyerActivity"]}, {"7256f3f1f1fafbd6c27d651e31d9354b": ["10", "com.templaro.opsiz.aka.AndroidomaticKeyerActivity"]}, {"7256f3f1f1fafbd6c27d651e31d9354b": ["10", "com.templaro.opsiz.aka.AndroidomaticKeyerActivity"]}, {"7256f3f1f1fafbd6c27d651e31d9354b": ["10", "com.templaro.opsiz.aka.AndroidomaticKeyerActivity"]}, {"7256f3f1f1fafbd6c27d651e31d9354b": ["10", "com.templaro.opsiz.aka.AndroidomaticKeyerActivity"]}, {"7256f3f1f1fafbd6c27d651e31d9354b": ["10", "com.templaro.opsiz.aka.AndroidomaticKeyerActivity"]}, {"7256f3f1f1fafbd6c27d651e31d9354b": ["10", "com.templaro.opsiz.aka.AndroidomaticKeyerActivity"]}, {"7256f3f1f1fafbd6c27d651e31d9354b": ["10", "com.templaro.opsiz.aka.AndroidomaticKeyerActivity"]}, {"7256f3f1f1fafbd6c27d651e31d9354b": ["10", "com.templaro.opsiz.aka.AndroidomaticKeyerActivity"]}, {"7256f3f1f1fafbd6c27d651e31d9354b": ["10", "com.templaro.opsiz.aka.AndroidomaticKeyerActivity"]}, {"7256f3f1f1fafbd6c27d651e31d9354b": ["10", "com.templaro.opsiz.aka.AndroidomaticKeyerActivity"]}, {"7256f3f1f1fafbd6c27d651e31d9354b": ["10", "com.templaro.opsiz.aka.AndroidomaticKeyerActivity"]}, {"7256f3f1f1fafbd6c27d651e31d9354b": ["10", "com.templaro.opsiz.aka.AndroidomaticKeyerActivity"]}, {"7256f3f1f1fafbd6c27d651e31d9354b": ["10", "com.templaro.opsiz.aka.AndroidomaticKeyerActivity"]}, {"7256f3f1f1fafbd6c27d651e31d9354b": ["10", "com.templaro.opsiz.aka.AndroidomaticKeyerActivity"]}, {"7256f3f1f1fafbd6c27d651e31d9354b": ["10", "com.templaro.opsiz.aka.AndroidomaticKeyerActivity"]}, {"7256f3f1f1fafbd6c27d651e31d9354b": ["10", "com.templaro.opsiz.aka.AndroidomaticKeyerActivity"]}, {"7256f3f1f1fafbd6c27d651e31d9354b": ["10", "com.templaro.opsiz.aka.AndroidomaticKeyerActivity"]}, {"7256f3f1f1fafbd6c27d651e31d9354b": ["10", "com.templaro.opsiz.aka.AndroidomaticKeyerActivity"]}, {"7256f3f1f1fafbd6c27d651e31d9354b": ["10", "com.templaro.opsiz.aka.AndroidomaticKeyerActivity"]}, {"7256f3f1f1fafbd6c27d651e31d9354b": ["10", "com.templaro.opsiz.aka.AndroidomaticKeyerActivity"]}, {"7256f3f1f1fafbd6c27d651e31d9354b": ["10", "com.templaro.opsiz.aka.AndroidomaticKeyerActivity"]}, {"7256f3f1f1fafbd6c27d651e31d9354b": ["10", "com.templaro.opsiz.aka.AndroidomaticKeyerActivity"]}, {"7256f3f1f1fafbd6c27d651e31d9354b": ["10", "com.templaro.opsiz.aka.AndroidomaticKeyerActivity"]}, {"7256f3f1f1fafbd6c27d651e31d9354b": ["10", "com.templaro.opsiz.aka.AndroidomaticKeyerActivity"]}, {"7256f3f1f1fafbd6c27d651e31d9354b": ["10", "com.templaro.opsiz.aka.AndroidomaticKeyerActivity"]}, {"7256f3f1f1fafbd6c27d651e31d9354b": ["10", "com.templaro.opsiz.aka.AndroidomaticKeyerActivity"]}, {"7256f3f1f1fafbd6c27d651e31d9354b": ["10", "com.templaro.opsiz.aka.AndroidomaticKeyerActivity"]}, {"7256f3f1f1fafbd6c27d651e31d9354b": ["10", "com.templaro.opsiz.aka.AndroidomaticKeyerActivity"]}, {"7256f3f1f1fafbd6c27d651e31d9354b": ["10", "com.templaro.opsiz.aka.AndroidomaticKeyerActivity"]}, {"7256f3f1f1fafbd6c27d651e31d9354b": ["10", "com.templaro.opsiz.aka.AndroidomaticKeyerActivity"]}, {"7256f3f1f1fafbd6c27d651e31d9354b": ["10", "com.templaro.opsiz.aka.AndroidomaticKeyerActivity"]}, {"7256f3f1f1fafbd6c27d651e31d9354b": ["10", "com.templaro.opsiz.aka.AndroidomaticKeyerActivity"]}, {"7256f3f1f1fafbd6c27d651e31d9354b": ["10", "com.templaro.opsiz.aka.AndroidomaticKeyerActivity"]}, {"7256f3f1f1fafbd6c27d651e31d9354b": ["10", "com.templaro.opsiz.aka.AndroidomaticKeyerActivity"]}, {"7256f3f1f1fafbd6c27d651e31d9354b": ["10", "com.templaro.opsiz.aka.AndroidomaticKeyerActivity"]}, {"7256f3f1f1fafbd6c27d651e31d9354b": ["10", "com.templaro.opsiz.aka.AndroidomaticKeyerActivity"]}, {"7256f3f1f1fafbd6c27d651e31d9354b": ["10", "com.templaro.opsiz.aka.AndroidomaticKeyerActivity"]}, {"7256f3f1f1fafbd6c27d651e31d9354b": ["10", "com.templaro.opsiz.aka.AndroidomaticKeyerActivity"]}, {"7256f3f1f1fafbd6c27d651e31d9354b": ["10", "com.templaro.opsiz.aka.AndroidomaticKeyerActivity"]}, {"7256f3f1f1fafbd6c27d651e31d9354b": ["10", "com.templaro.opsiz.aka.AndroidomaticKeyerActivity"]}, {"7256f3f1f1fafbd6c27d651e31d9354b": ["10", "com.templaro.opsiz.aka.AndroidomaticKeyerActivity"]}, {"7256f3f1f1fafbd6c27d651e31d9354b": ["10", "com.templaro.opsiz.aka.AndroidomaticKeyerActivity"]}, {"7256f3f1f1fafbd6c27d651e31d9354b": ["10", "com.templaro.opsiz.aka.AndroidomaticKeyerActivity"]}, {"7256f3f1f1fafbd6c27d651e31d9354b": ["10", "com.templaro.opsiz.aka.AndroidomaticKeyerActivity"]}, {"7256f3f1f1fafbd6c27d651e31d9354b": ["10", "com.templaro.opsiz.aka.AndroidomaticKeyerActivity"]}, {"7256f3f1f1fafbd6c27d651e31d9354b": ["10", "com.templaro.opsiz.aka.AndroidomaticKeyerActivity"]}, {"7256f3f1f1fafbd6c27d651e31d9354b": ["10", "com.templaro.opsiz.aka.AndroidomaticKeyerActivity"]}, {"7256f3f1f1fafbd6c27d651e31d9354b": ["10", "com.templaro.opsiz.aka.AndroidomaticKeyerActivity"]}, {"7256f3f1f1fafbd6c27d651e31d9354b": ["10", "com.templaro.opsiz.aka.AndroidomaticKeyerActivity"]}, {"7256f3f1f1fafbd6c27d651e31d9354b": ["10", "com.templaro.opsiz.aka.AndroidomaticKeyerActivity"]}, {"7256f3f1f1fafbd6c27d651e31d9354b": ["10", "com.templaro.opsiz.aka.AndroidomaticKeyerActivity"]}, {"7256f3f1f1fafbd6c27d651e31d9354b": ["10", "com.templaro.opsiz.aka.AndroidomaticKeyerActivity"]}, {"7256f3f1f1fafbd6c27d651e31d9354b": ["10", "com.templaro.opsiz.aka.AndroidomaticKeyerActivity"]}, {"7256f3f1f1fafbd6c27d651e31d9354b": ["10", "com.templaro.opsiz.aka.AndroidomaticKeyerActivity"]}, {"7256f3f1f1fafbd6c27d651e31d9354b": ["10", "com.templaro.opsiz.aka.AndroidomaticKeyerActivity"]}, {"7256f3f1f1fafbd6c27d651e31d9354b": ["10", "com.templaro.opsiz.aka.AndroidomaticKeyerActivity"]}, {"7256f3f1f1fafbd6c27d651e31d9354b": ["10", "com.templaro.opsiz.aka.AndroidomaticKeyerActivity"]}, {"7256f3f1f1fafbd6c27d651e31d9354b": ["10", "com.templaro.opsiz.aka.AndroidomaticKeyerActivity"]}, {"7256f3f1f1fafbd6c27d651e31d9354b": ["10", "com.templaro.opsiz.aka.AndroidomaticKeyerActivity"]}, {"7256f3f1f1fafbd6c27d651e31d9354b": ["10", "com.templaro.opsiz.aka.AndroidomaticKeyerActivity"]}, {"7256f3f1f1fafbd6c27d651e31d9354b": ["10", "com.templaro.opsiz.aka.AndroidomaticKeyerActivity"]}, {"7256f3f1f1fafbd6c27d651e31d9354b": ["10", "com.templaro.opsiz.aka.AndroidomaticKeyerActivity"]}, {"7256f3f1f1fafbd6c27d651e31d9354b": ["10", "com.templaro.opsiz.aka.AndroidomaticKeyerActivity"]}, {"7256f3f1f1fafbd6c27d651e31d9354b": ["10", "com.templaro.opsiz.aka.AndroidomaticKeyerActivity"]}, {"7256f3f1f1fafbd6c27d651e31d9354b": ["10", "com.templaro.opsiz.aka.AndroidomaticKeyerActivity"]}, {"7256f3f1f1fafbd6c27d651e31d9354b": ["10", "com.templaro.opsiz.aka.AndroidomaticKeyerActivity"]}, {"7256f3f1f1fafbd6c27d651e31d9354b": ["10", "com.templaro.opsiz.aka.AndroidomaticKeyerActivity"]}, {"7256f3f1f1fafbd6c27d651e31d9354b": ["10", "com.templaro.opsiz.aka.AndroidomaticKeyerActivity"]}, {"7256f3f1f1fafbd6c27d651e31d9354b": ["10", "com.templaro.opsiz.aka.AndroidomaticKeyerActivity"]}, {"7256f3f1f1fafbd6c27d651e31d9354b": ["10", "com.templaro.opsiz.aka.AndroidomaticKeyerActivity"]}, {"7256f3f1f1fafbd6c27d651e31d9354b": ["10", "com.templaro.opsiz.aka.AndroidomaticKeyerActivity"]}, {"7256f3f1f1fafbd6c27d651e31d9354b": ["10", "com.templaro.opsiz.aka.AndroidomaticKeyerActivity"]}, {"7256f3f1f1fafbd6c27d651e31d9354b": ["10", "com.templaro.opsiz.aka.AndroidomaticKeyerActivity"]}, {"7256f3f1f1fafbd6c27d651e31d9354b": ["10", "com.templaro.opsiz.aka.AndroidomaticKeyerActivity"]}, {"7256f3f1f1fafbd6c27d651e31d9354b": ["10", "com.templaro.opsiz.aka.AndroidomaticKeyerActivity"]}, {"7256f3f1f1fafbd6c27d651e31d9354b": ["10", "com.templaro.opsiz.aka.AndroidomaticKeyerActivity"]}, {"7256f3f1f1fafbd6c27d651e31d9354b": ["10", "com.templaro.opsiz.aka.AndroidomaticKeyerActivity"]}, {"7256f3f1f1fafbd6c27d651e31d9354b": ["10", "com.templaro.opsiz.aka.AndroidomaticKeyerActivity"]}, {"7256f3f1f1fafbd6c27d651e31d9354b": ["10", "com.templaro.opsiz.aka.AndroidomaticKeyerActivity"]}, {"7256f3f1f1fafbd6c27d651e31d9354b": ["10", "com.templaro.opsiz.aka.AndroidomaticKeyerActivity"]}, {"7256f3f1f1fafbd6c27d651e31d9354b": ["10", "com.templaro.opsiz.aka.AndroidomaticKeyerActivity"]}, {"7256f3f1f1fafbd6c27d651e31d9354b": ["10", "com.templaro.opsiz.aka.AndroidomaticKeyerActivity"]}, {"7256f3f1f1fafbd6c27d651e31d9354b": ["10", "com.templaro.opsiz.aka.AndroidomaticKeyerActivity"]}, {"7256f3f1f1fafbd6c27d651e31d9354b": ["10", "com.templaro.opsiz.aka.AndroidomaticKeyerActivity"]}, {"7256f3f1f1fafbd6c27d651e31d9354b": ["10", "com.templaro.opsiz.aka.AndroidomaticKeyerActivity"]}, {"7256f3f1f1fafbd6c27d651e31d9354b": ["10", "com.templaro.opsiz.aka.AndroidomaticKeyerActivity"]}, {"7256f3f1f1fafbd6c27d651e31d9354b": ["10", "com.templaro.opsiz.aka.AndroidomaticKeyerActivity"]}, {"7256f3f1f1fafbd6c27d651e31d9354b": ["10", "com.templaro.opsiz.aka.AndroidomaticKeyerActivity"]}, {"7256f3f1f1fafbd6c27d651e31d9354b": ["10", "com.templaro.opsiz.aka.AndroidomaticKeyerActivity"]}, {"7256f3f1f1fafbd6c27d651e31d9354b": ["10", "com.templaro.opsiz.aka.AndroidomaticKeyerActivity"]}, {"7256f3f1f1fafbd6c27d651e31d9354b": ["10", "com.templaro.opsiz.aka.AndroidomaticKeyerActivity"]}, {"7256f3f1f1fafbd6c27d651e31d9354b": ["10", "com.templaro.opsiz.aka.AndroidomaticKeyerActivity"]}, {"7256f3f1f1fafbd6c27d651e31d9354b": ["10", "com.templaro.opsiz.aka.AndroidomaticKeyerActivity"]}, {"7256f3f1f1fafbd6c27d651e31d9354b": ["10", "com.templaro.opsiz.aka.AndroidomaticKeyerActivity"]}, {"7256f3f1f1fafbd6c27d651e31d9354b": ["10", "com.templaro.opsiz.aka.AndroidomaticKeyerActivity"]}, {"7256f3f1f1fafbd6c27d651e31d9354b": ["10", "com.templaro.opsiz.aka.AndroidomaticKeyerActivity"]}, {"7256f3f1f1fafbd6c27d651e31d9354b": ["10", "com.templaro.opsiz.aka.AndroidomaticKeyerActivity"]}, {"7256f3f1f1fafbd6c27d651e31d9354b": ["10", "com.templaro.opsiz.aka.AndroidomaticKeyerActivity"]}, {"7256f3f1f1fafbd6c27d651e31d9354b": ["10", "com.templaro.opsiz.aka.AndroidomaticKeyerActivity"]}, {"7256f3f1f1fafbd6c27d651e31d9354b": ["10", "com.templaro.opsiz.aka.AndroidomaticKeyerActivity"]}, {"7256f3f1f1fafbd6c27d651e31d9354b": ["10", "com.templaro.opsiz.aka.AndroidomaticKeyerActivity"]}, {"7256f3f1f1fafbd6c27d651e31d9354b": ["10", "com.templaro.opsiz.aka.AndroidomaticKeyerActivity"]}, {"7256f3f1f1fafbd6c27d651e31d9354b": ["10", "com.templaro.opsiz.aka.AndroidomaticKeyerActivity"]}, {"7256f3f1f1fafbd6c27d651e31d9354b": ["10", "com.templaro.opsiz.aka.AndroidomaticKeyerActivity"]}, {"7256f3f1f1fafbd6c27d651e31d9354b": ["10", "com.templaro.opsiz.aka.AndroidomaticKeyerActivity"]}, {"7256f3f1f1fafbd6c27d651e31d9354b": ["10", "com.templaro.opsiz.aka.AndroidomaticKeyerActivity"]}, {"7256f3f1f1fafbd6c27d651e31d9354b": ["10", "com.templaro.opsiz.aka.AndroidomaticKeyerActivity"]}, {"7256f3f1f1fafbd6c27d651e31d9354b": ["10", "com.templaro.opsiz.aka.AndroidomaticKeyerActivity"]}, {"7256f3f1f1fafbd6c27d651e31d9354b": ["10", "com.templaro.opsiz.aka.AndroidomaticKeyerActivity"]}, {"7256f3f1f1fafbd6c27d651e31d9354b": ["10", "com.templaro.opsiz.aka.AndroidomaticKeyerActivity"]}, {"7256f3f1f1fafbd6c27d651e31d9354b": ["10", "com.templaro.opsiz.aka.AndroidomaticKeyerActivity"]}, {"7256f3f1f1fafbd6c27d651e31d9354b": ["10", "com.templaro.opsiz.aka.AndroidomaticKeyerActivity"]}, {"7256f3f1f1fafbd6c27d651e31d9354b": ["10", "com.templaro.opsiz.aka.AndroidomaticKeyerActivity"]}, {"7256f3f1f1fafbd6c27d651e31d9354b": ["10", "com.templaro.opsiz.aka.AndroidomaticKeyerActivity"]}, {"7256f3f1f1fafbd6c27d651e31d9354b": ["10", "com.templaro.opsiz.aka.AndroidomaticKeyerActivity"]}, {"7256f3f1f1fafbd6c27d651e31d9354b": ["10", "com.templaro.opsiz.aka.AndroidomaticKeyerActivity"]}, {"7256f3f1f1fafbd6c27d651e31d9354b": ["10", "com.templaro.opsiz.aka.AndroidomaticKeyerActivity"]}, {"7256f3f1f1fafbd6c27d651e31d9354b": ["10", "com.templaro.opsiz.aka.AndroidomaticKeyerActivity"]}, {"7256f3f1f1fafbd6c27d651e31d9354b": ["10", "com.templaro.opsiz.aka.AndroidomaticKeyerActivity"]}, {"7256f3f1f1fafbd6c27d651e31d9354b": ["10", "com.templaro.opsiz.aka.AndroidomaticKeyerActivity"]}, {"7256f3f1f1fafbd6c27d651e31d9354b": ["10", "com.templaro.opsiz.aka.AndroidomaticKeyerActivity"]}, {"7256f3f1f1fafbd6c27d651e31d9354b": ["10", "com.templaro.opsiz.aka.AndroidomaticKeyerActivity"]}, {"7256f3f1f1fafbd6c27d651e31d9354b": ["10", "com.templaro.opsiz.aka.AndroidomaticKeyerActivity"]}, {"7256f3f1f1fafbd6c27d651e31d9354b": ["10", "com.templaro.opsiz.aka.AndroidomaticKeyerActivity"]}, {"7256f3f1f1fafbd6c27d651e31d9354b": ["10", "com.templaro.opsiz.aka.AndroidomaticKeyerActivity"]}, {"7256f3f1f1fafbd6c27d651e31d9354b": ["10", "com.templaro.opsiz.aka.AndroidomaticKeyerActivity"]}, {"7256f3f1f1fafbd6c27d651e31d9354b": ["10", "com.templaro.opsiz.aka.AndroidomaticKeyerActivity"]}, {"7256f3f1f1fafbd6c27d651e31d9354b": ["10", "com.templaro.opsiz.aka.AndroidomaticKeyerActivity"]}, {"7256f3f1f1fafbd6c27d651e31d9354b": ["10", "com.templaro.opsiz.aka.AndroidomaticKeyerActivity"]}, {"7256f3f1f1fafbd6c27d651e31d9354b": ["10", "com.templaro.opsiz.aka.AndroidomaticKeyerActivity"]}, {"7256f3f1f1fafbd6c27d651e31d9354b": ["10", "com.templaro.opsiz.aka.AndroidomaticKeyerActivity"]}, {"7256f3f1f1fafbd6c27d651e31d9354b": ["10", "com.templaro.opsiz.aka.AndroidomaticKeyerActivity"]}, {"7256f3f1f1fafbd6c27d651e31d9354b": ["10", "com.templaro.opsiz.aka.AndroidomaticKeyerActivity"]}, {"7256f3f1f1fafbd6c27d651e31d9354b": ["10", "com.templaro.opsiz.aka.AndroidomaticKeyerActivity"]}, {"7256f3f1f1fafbd6c27d651e31d9354b": ["10", "com.templaro.opsiz.aka.AndroidomaticKeyerActivity"]}, {"7256f3f1f1fafbd6c27d651e31d9354b": ["10", "com.templaro.opsiz.aka.AndroidomaticKeyerActivity"]}, {"7256f3f1f1fafbd6c27d651e31d9354b": ["10", "com.templaro.opsiz.aka.AndroidomaticKeyerActivity"]}, {"7256f3f1f1fafbd6c27d651e31d9354b": ["10", "com.templaro.opsiz.aka.AndroidomaticKeyerActivity"]}, {"7256f3f1f1fafbd6c27d651e31d9354b": ["10", "com.templaro.opsiz.aka.AndroidomaticKeyerActivity"]}, {"7256f3f1f1fafbd6c27d651e31d9354b": ["10", "com.templaro.opsiz.aka.AndroidomaticKeyerActivity"]}, {"7256f3f1f1fafbd6c27d651e31d9354b": ["10", "com.templaro.opsiz.aka.AndroidomaticKeyerActivity"]}, {"7256f3f1f1fafbd6c27d651e31d9354b": ["10", "com.templaro.opsiz.aka.AndroidomaticKeyerActivity"]}, {"7256f3f1f1fafbd6c27d651e31d9354b": ["10", "com.templaro.opsiz.aka.AndroidomaticKeyerActivity"]}, {"7256f3f1f1fafbd6c27d651e31d9354b": ["10", "com.templaro.opsiz.aka.AndroidomaticKeyerActivity"]}, {"7256f3f1f1fafbd6c27d651e31d9354b": ["10", "com.templaro.opsiz.aka.AndroidomaticKeyerActivity"]}, {"7256f3f1f1fafbd6c27d651e31d9354b": ["10", "com.templaro.opsiz.aka.AndroidomaticKeyerActivity"]}, {"7256f3f1f1fafbd6c27d651e31d9354b": ["10", "com.templaro.opsiz.aka.AndroidomaticKeyerActivity"]}, {"7256f3f1f1fafbd6c27d651e31d9354b": ["10", "com.templaro.opsiz.aka.AndroidomaticKeyerActivity"]}, {"7256f3f1f1fafbd6c27d651e31d9354b": ["10", "com.templaro.opsiz.aka.AndroidomaticKeyerActivity"]}, {"7256f3f1f1fafbd6c27d651e31d9354b": ["10", "com.templaro.opsiz.aka.AndroidomaticKeyerActivity"]}, {"7256f3f1f1fafbd6c27d651e31d9354b": ["10", "com.templaro.opsiz.aka.AndroidomaticKeyerActivity"]}, {"7256f3f1f1fafbd6c27d651e31d9354b": ["10", "com.templaro.opsiz.aka.AndroidomaticKeyerActivity"]}, {"7256f3f1f1fafbd6c27d651e31d9354b": ["10", "com.templaro.opsiz.aka.AndroidomaticKeyerActivity"]}, {"7256f3f1f1fafbd6c27d651e31d9354b": ["10", "com.templaro.opsiz.aka.AndroidomaticKeyerActivity"]}, {"7256f3f1f1fafbd6c27d651e31d9354b": ["10", "com.templaro.opsiz.aka.AndroidomaticKeyerActivity"]}, {"7256f3f1f1fafbd6c27d651e31d9354b": ["10", "com.templaro.opsiz.aka.AndroidomaticKeyerActivity"]}, {"7256f3f1f1fafbd6c27d651e31d9354b": ["10", "com.templaro.opsiz.aka.AndroidomaticKeyerActivity"]}, {"7256f3f1f1fafbd6c27d651e31d9354b": ["10", "com.templaro.opsiz.aka.AndroidomaticKeyerActivity"]}, {"7256f3f1f1fafbd6c27d651e31d9354b": ["10", "com.templaro.opsiz.aka.AndroidomaticKeyerActivity"]}, {"7256f3f1f1fafbd6c27d651e31d9354b": ["10", "com.templaro.opsiz.aka.AndroidomaticKeyerActivity"]}, {"7256f3f1f1fafbd6c27d651e31d9354b": ["10", "com.templaro.opsiz.aka.AndroidomaticKeyerActivity"]}, {"7256f3f1f1fafbd6c27d651e31d9354b": ["10", "com.templaro.opsiz.aka.AndroidomaticKeyerActivity"]}, {"7256f3f1f1fafbd6c27d651e31d9354b": ["10", "com.templaro.opsiz.aka.AndroidomaticKeyerActivity"]}, {"7256f3f1f1fafbd6c27d651e31d9354b": ["10", "com.templaro.opsiz.aka.AndroidomaticKeyerActivity"]}, {"7256f3f1f1fafbd6c27d651e31d9354b": ["10", "com.templaro.opsiz.aka.AndroidomaticKeyerActivity"]}, {"7256f3f1f1fafbd6c27d651e31d9354b": ["10", "com.templaro.opsiz.aka.AndroidomaticKeyerActivity"]}, {"7256f3f1f1fafbd6c27d651e31d9354b": ["10", "com.templaro.opsiz.aka.AndroidomaticKeyerActivity"]}, {"7256f3f1f1fafbd6c27d651e31d9354b": ["10", "com.templaro.opsiz.aka.AndroidomaticKeyerActivity"]}, {"7256f3f1f1fafbd6c27d651e31d9354b": ["10", "com.templaro.opsiz.aka.AndroidomaticKeyerActivity"]}, {"7256f3f1f1fafbd6c27d651e31d9354b": ["10", "com.templaro.opsiz.aka.AndroidomaticKeyerActivity"]}, {"7256f3f1f1fafbd6c27d651e31d9354b": ["10", "com.templaro.opsiz.aka.AndroidomaticKeyerActivity"]}, {"7256f3f1f1fafbd6c27d651e31d9354b": ["10", "com.templaro.opsiz.aka.AndroidomaticKeyerActivity"]}, {"7256f3f1f1fafbd6c27d651e31d9354b": ["10", "com.templaro.opsiz.aka.AndroidomaticKeyerActivity"]}, {"7256f3f1f1fafbd6c27d651e31d9354b": ["10", "com.templaro.opsiz.aka.AndroidomaticKeyerActivity"]}, {"7256f3f1f1fafbd6c27d651e31d9354b": ["10", "com.templaro.opsiz.aka.AndroidomaticKeyerActivity"]}, {"7256f3f1f1fafbd6c27d651e31d9354b": ["10", "com.templaro.opsiz.aka.AndroidomaticKeyerActivity"]}, {"7256f3f1f1fafbd6c27d651e31d9354b": ["10", "com.templaro.opsiz.aka.AndroidomaticKeyerActivity"]}, {"7256f3f1f1fafbd6c27d651e31d9354b": ["10", "com.templaro.opsiz.aka.AndroidomaticKeyerActivity"]}, {"7256f3f1f1fafbd6c27d651e31d9354b": ["10", "com.templaro.opsiz.aka.AndroidomaticKeyerActivity"]}, {"7256f3f1f1fafbd6c27d651e31d9354b": ["10", "com.templaro.opsiz.aka.AndroidomaticKeyerActivity"]}, {"7256f3f1f1fafbd6c27d651e31d9354b": ["10", "com.templaro.opsiz.aka.AndroidomaticKeyerActivity"]}, {"7256f3f1f1fafbd6c27d651e31d9354b": ["10", "com.templaro.opsiz.aka.AndroidomaticKeyerActivity"]}, {"7256f3f1f1fafbd6c27d651e31d9354b": ["10", "com.templaro.opsiz.aka.AndroidomaticKeyerActivity"]}, {"7256f3f1f1fafbd6c27d651e31d9354b": ["10", "com.templaro.opsiz.aka.AndroidomaticKeyerActivity"]}, {"7256f3f1f1fafbd6c27d651e31d9354b": ["10", "com.templaro.opsiz.aka.AndroidomaticKeyerActivity"]}, {"7256f3f1f1fafbd6c27d651e31d9354b": ["10", "com.templaro.opsiz.aka.AndroidomaticKeyerActivity"]}, {"7256f3f1f1fafbd6c27d651e31d9354b": ["10", "com.templaro.opsiz.aka.AndroidomaticKeyerActivity"]}, {"7256f3f1f1fafbd6c27d651e31d9354b": ["10", "com.templaro.opsiz.aka.AndroidomaticKeyerActivity"]}, {"7256f3f1f1fafbd6c27d651e31d9354b": ["10", "com.templaro.opsiz.aka.AndroidomaticKeyerActivity"]}, {"7256f3f1f1fafbd6c27d651e31d9354b": ["10", "com.templaro.opsiz.aka.AndroidomaticKeyerActivity"]}, {"7256f3f1f1fafbd6c27d651e31d9354b": ["10", "com.templaro.opsiz.aka.AndroidomaticKeyerActivity"]}, {"7256f3f1f1fafbd6c27d651e31d9354b": ["10", "com.templaro.opsiz.aka.AndroidomaticKeyerActivity"]}, {"7256f3f1f1fafbd6c27d651e31d9354b": ["10", "com.templaro.opsiz.aka.AndroidomaticKeyerActivity"]}, {"7256f3f1f1fafbd6c27d651e31d9354b": ["10", "com.templaro.opsiz.aka.AndroidomaticKeyerActivity"]}, {"7256f3f1f1fafbd6c27d651e31d9354b": ["10", "com.templaro.opsiz.aka.AndroidomaticKeyerActivity"]}, {"7256f3f1f1fafbd6c27d651e31d9354b": ["10", "com.templaro.opsiz.aka.AndroidomaticKeyerActivity"]}, {"7256f3f1f1fafbd6c27d651e31d9354b": ["10", "com.templaro.opsiz.aka.AndroidomaticKeyerActivity"]}, {"7256f3f1f1fafbd6c27d651e31d9354b": ["10", "com.templaro.opsiz.aka.AndroidomaticKeyerActivity"]}, {"7256f3f1f1fafbd6c27d651e31d9354b": ["10", "com.templaro.opsiz.aka.AndroidomaticKeyerActivity"]}, {"7256f3f1f1fafbd6c27d651e31d9354b": ["10", "com.templaro.opsiz.aka.AndroidomaticKeyerActivity"]}, {"7256f3f1f1fafbd6c27d651e31d9354b": ["10", "com.templaro.opsiz.aka.AndroidomaticKeyerActivity"]}, {"7256f3f1f1fafbd6c27d651e31d9354b": ["10", "com.templaro.opsiz.aka.AndroidomaticKeyerActivity"]}, {"7256f3f1f1fafbd6c27d651e31d9354b": ["10", "com.templaro.opsiz.aka.AndroidomaticKeyerActivity"]}, {"7256f3f1f1fafbd6c27d651e31d9354b": ["10", "com.templaro.opsiz.aka.AndroidomaticKeyerActivity"]}, {"7256f3f1f1fafbd6c27d651e31d9354b": ["10", "com.templaro.opsiz.aka.AndroidomaticKeyerActivity"]}, {"7256f3f1f1fafbd6c27d651e31d9354b": ["10", "com.templaro.opsiz.aka.AndroidomaticKeyerActivity"]}, {"7256f3f1f1fafbd6c27d651e31d9354b": ["10", "com.templaro.opsiz.aka.AndroidomaticKeyerActivity"]}, {"7256f3f1f1fafbd6c27d651e31d9354b": ["10", "com.templaro.opsiz.aka.AndroidomaticKeyerActivity"]}, {"7256f3f1f1fafbd6c27d651e31d9354b": ["10", "com.templaro.opsiz.aka.AndroidomaticKeyerActivity"]}, {"7256f3f1f1fafbd6c27d651e31d9354b": ["10", "com.templaro.opsiz.aka.AndroidomaticKeyerActivity"]}, {"7256f3f1f1fafbd6c27d651e31d9354b": ["10", "com.templaro.opsiz.aka.AndroidomaticKeyerActivity"]}, {"7256f3f1f1fafbd6c27d651e31d9354b": ["10", "com.templaro.opsiz.aka.AndroidomaticKeyerActivity"]}, {"7256f3f1f1fafbd6c27d651e31d9354b": ["10", "com.templaro.opsiz.aka.AndroidomaticKeyerActivity"]}, {"7256f3f1f1fafbd6c27d651e31d9354b": ["10", "com.templaro.opsiz.aka.AndroidomaticKeyerActivity"]}, {"7256f3f1f1fafbd6c27d651e31d9354b": ["10", "com.templaro.opsiz.aka.AndroidomaticKeyerActivity"]}, {"7256f3f1f1fafbd6c27d651e31d9354b": ["10", "com.templaro.opsiz.aka.AndroidomaticKeyerActivity"]}, {"7256f3f1f1fafbd6c27d651e31d9354b": ["10", "com.templaro.opsiz.aka.AndroidomaticKeyerActivity"]}, {"7256f3f1f1fafbd6c27d651e31d9354b": ["10", "com.templaro.opsiz.aka.AndroidomaticKeyerActivity"]}, {"7256f3f1f1fafbd6c27d651e31d9354b": ["10", "com.templaro.opsiz.aka.AndroidomaticKeyerActivity"]}, {"7256f3f1f1fafbd6c27d651e31d9354b": ["10", "com.templaro.opsiz.aka.AndroidomaticKeyerActivity"]}, {"7256f3f1f1fafbd6c27d651e31d9354b": ["10", "com.templaro.opsiz.aka.AndroidomaticKeyerActivity"]}, {"7256f3f1f1fafbd6c27d651e31d9354b": ["10", "com.templaro.opsiz.aka.AndroidomaticKeyerActivity"]}, {"7256f3f1f1fafbd6c27d651e31d9354b": ["10", "com.templaro.opsiz.aka.AndroidomaticKeyerActivity"]}, {"7256f3f1f1fafbd6c27d651e31d9354b": ["10", "com.templaro.opsiz.aka.AndroidomaticKeyerActivity"]}, {"7256f3f1f1fafbd6c27d651e31d9354b": ["10", "com.templaro.opsiz.aka.AndroidomaticKeyerActivity"]}, {"7256f3f1f1fafbd6c27d651e31d9354b": ["10", "com.templaro.opsiz.aka.AndroidomaticKeyerActivity"]}, {"7256f3f1f1fafbd6c27d651e31d9354b": ["10", "com.templaro.opsiz.aka.AndroidomaticKeyerActivity"]}, {"7256f3f1f1fafbd6c27d651e31d9354b": ["10", "com.templaro.opsiz.aka.AndroidomaticKeyerActivity"]}, {"7256f3f1f1fafbd6c27d651e31d9354b": ["10", "com.templaro.opsiz.aka.AndroidomaticKeyerActivity"]}, {"7256f3f1f1fafbd6c27d651e31d9354b": ["10", "com.templaro.opsiz.aka.AndroidomaticKeyerActivity"]}, {"7256f3f1f1fafbd6c27d651e31d9354b": ["10", "com.templaro.opsiz.aka.AndroidomaticKeyerActivity"]}, {"7256f3f1f1fafbd6c27d651e31d9354b": ["10", "com.templaro.opsiz.aka.AndroidomaticKeyerActivity"]}, {"7256f3f1f1fafbd6c27d651e31d9354b": ["10", "com.templaro.opsiz.aka.AndroidomaticKeyerActivity"]}, {"7256f3f1f1fafbd6c27d651e31d9354b": ["10", "com.templaro.opsiz.aka.AndroidomaticKeyerActivity"]}, {"7256f3f1f1fafbd6c27d651e31d9354b": ["10", "com.templaro.opsiz.aka.AndroidomaticKeyerActivity"]}, {"7256f3f1f1fafbd6c27d651e31d9354b": ["10", "com.templaro.opsiz.aka.AndroidomaticKeyerActivity"]}, {"7256f3f1f1fafbd6c27d651e31d9354b": ["10", "com.templaro.opsiz.aka.AndroidomaticKeyerActivity"]}, {"7256f3f1f1fafbd6c27d651e31d9354b": ["10", "com.templaro.opsiz.aka.AndroidomaticKeyerActivity"]}, {"7256f3f1f1fafbd6c27d651e31d9354b": ["10", "com.templaro.opsiz.aka.AndroidomaticKeyerActivity"]}, {"7256f3f1f1fafbd6c27d651e31d9354b": ["10", "com.templaro.opsiz.aka.AndroidomaticKeyerActivity"]}, {"7256f3f1f1fafbd6c27d651e31d9354b": ["10", "com.templaro.opsiz.aka.AndroidomaticKeyerActivity"]}, {"7256f3f1f1fafbd6c27d651e31d9354b": ["10", "com.templaro.opsiz.aka.AndroidomaticKeyerActivity"]}, {"7256f3f1f1fafbd6c27d651e31d9354b": ["10", "com.templaro.opsiz.aka.AndroidomaticKeyerActivity"]}, {"7256f3f1f1fafbd6c27d651e31d9354b": ["10", "com.templaro.opsiz.aka.AndroidomaticKeyerActivity"]}, {"7256f3f1f1fafbd6c27d651e31d9354b": ["10", "com.templaro.opsiz.aka.AndroidomaticKeyerActivity"]}, {"7256f3f1f1fafbd6c27d651e31d9354b": ["10", "com.templaro.opsiz.aka.AndroidomaticKeyerActivity"]}, {"7256f3f1f1fafbd6c27d651e31d9354b": ["10", "com.templaro.opsiz.aka.AndroidomaticKeyerActivity"]}, {"7256f3f1f1fafbd6c27d651e31d9354b": ["10", "com.templaro.opsiz.aka.AndroidomaticKeyerActivity"]}, {"7256f3f1f1fafbd6c27d651e31d9354b": ["10", "com.templaro.opsiz.aka.AndroidomaticKeyerActivity"]}, {"7256f3f1f1fafbd6c27d651e31d9354b": ["10", "com.templaro.opsiz.aka.AndroidomaticKeyerActivity"]}, {"7256f3f1f1fafbd6c27d651e31d9354b": ["10", "com.templaro.opsiz.aka.AndroidomaticKeyerActivity"]}, {"7256f3f1f1fafbd6c27d651e31d9354b": ["10", "com.templaro.opsiz.aka.AndroidomaticKeyerActivity"]}, {"7256f3f1f1fafbd6c27d651e31d9354b": ["10", "com.templaro.opsiz.aka.AndroidomaticKeyerActivity"]}, {"7256f3f1f1fafbd6c27d651e31d9354b": ["10", "com.templaro.opsiz.aka.AndroidomaticKeyerActivity"]}, {"7256f3f1f1fafbd6c27d651e31d9354b": ["10", "com.templaro.opsiz.aka.AndroidomaticKeyerActivity"]}, {"7256f3f1f1fafbd6c27d651e31d9354b": ["10", "com.templaro.opsiz.aka.AndroidomaticKeyerActivity"]}, {"7256f3f1f1fafbd6c27d651e31d9354b": ["10", "com.templaro.opsiz.aka.AndroidomaticKeyerActivity"]}, {"7256f3f1f1fafbd6c27d651e31d9354b": ["10", "com.templaro.opsiz.aka.AndroidomaticKeyerActivity"]}, {"7256f3f1f1fafbd6c27d651e31d9354b": ["10", "com.templaro.opsiz.aka.AndroidomaticKeyerActivity"]}, {"7256f3f1f1fafbd6c27d651e31d9354b": ["10", "com.templaro.opsiz.aka.AndroidomaticKeyerActivity"]}, {"7256f3f1f1fafbd6c27d651e31d9354b": ["10", "com.templaro.opsiz.aka.AndroidomaticKeyerActivity"]}, {"7256f3f1f1fafbd6c27d651e31d9354b": ["10", "com.templaro.opsiz.aka.AndroidomaticKeyerActivity"]}, {"7256f3f1f1fafbd6c27d651e31d9354b": ["10", "com.templaro.opsiz.aka.AndroidomaticKeyerActivity"]}, {"7256f3f1f1fafbd6c27d651e31d9354b": ["10", "com.templaro.opsiz.aka.AndroidomaticKeyerActivity"]}, {"7256f3f1f1fafbd6c27d651e31d9354b": ["10", "com.templaro.opsiz.aka.AndroidomaticKeyerActivity"]}, {"7256f3f1f1fafbd6c27d651e31d9354b": ["10", "com.templaro.opsiz.aka.AndroidomaticKeyerActivity"]}, {"7256f3f1f1fafbd6c27d651e31d9354b": ["10", "com.templaro.opsiz.aka.AndroidomaticKeyerActivity"]}, {"7256f3f1f1fafbd6c27d651e31d9354b": ["10", "com.templaro.opsiz.aka.AndroidomaticKeyerActivity"]}, {"7256f3f1f1fafbd6c27d651e31d9354b": ["10", "com.templaro.opsiz.aka.AndroidomaticKeyerActivity"]}, {"7256f3f1f1fafbd6c27d651e31d9354b": ["10", "com.templaro.opsiz.aka.AndroidomaticKeyerActivity"]}, {"7256f3f1f1fafbd6c27d651e31d9354b": ["10", "com.templaro.opsiz.aka.AndroidomaticKeyerActivity"]}, {"7256f3f1f1fafbd6c27d651e31d9354b": ["10", "com.templaro.opsiz.aka.AndroidomaticKeyerActivity"]}, {"7256f3f1f1fafbd6c27d651e31d9354b": ["10", "com.templaro.opsiz.aka.AndroidomaticKeyerActivity"]}, {"7256f3f1f1fafbd6c27d651e31d9354b": ["10", "com.templaro.opsiz.aka.AndroidomaticKeyerActivity"]}, {"7256f3f1f1fafbd6c27d651e31d9354b": ["10", "com.templaro.opsiz.aka.AndroidomaticKeyerActivity"]}, {"7256f3f1f1fafbd6c27d651e31d9354b": ["10", "com.templaro.opsiz.aka.AndroidomaticKeyerActivity"]}, {"7256f3f1f1fafbd6c27d651e31d9354b": ["10", "com.templaro.opsiz.aka.AndroidomaticKeyerActivity"]}, {"7256f3f1f1fafbd6c27d651e31d9354b": ["10", "com.templaro.opsiz.aka.AndroidomaticKeyerActivity"]}, {"7256f3f1f1fafbd6c27d651e31d9354b": ["10", "com.templaro.opsiz.aka.AndroidomaticKeyerActivity"]}, {"7256f3f1f1fafbd6c27d651e31d9354b": ["10", "com.templaro.opsiz.aka.AndroidomaticKeyerActivity"]}, {"7256f3f1f1fafbd6c27d651e31d9354b": ["10", "com.templaro.opsiz.aka.AndroidomaticKeyerActivity"]}, {"7256f3f1f1fafbd6c27d651e31d9354b": ["10", "com.templaro.opsiz.aka.AndroidomaticKeyerActivity"]}, {"7256f3f1f1fafbd6c27d651e31d9354b": ["10", "com.templaro.opsiz.aka.AndroidomaticKeyerActivity"]}, {"7256f3f1f1fafbd6c27d651e31d9354b": ["10", "com.templaro.opsiz.aka.AndroidomaticKeyerActivity"]}, {"7256f3f1f1fafbd6c27d651e31d9354b": ["10", "com.templaro.opsiz.aka.AndroidomaticKeyerActivity"]}, {"7256f3f1f1fafbd6c27d651e31d9354b": ["10", "com.templaro.opsiz.aka.AndroidomaticKeyerActivity"]}, {"7256f3f1f1fafbd6c27d651e31d9354b": ["10", "com.templaro.opsiz.aka.AndroidomaticKeyerActivity"]}, {"7256f3f1f1fafbd6c27d651e31d9354b": ["10", "com.templaro.opsiz.aka.AndroidomaticKeyerActivity"]}, {"7256f3f1f1fafbd6c27d651e31d9354b": ["10", "com.templaro.opsiz.aka.AndroidomaticKeyerActivity"]}, {"7256f3f1f1fafbd6c27d651e31d9354b": ["10", "com.templaro.opsiz.aka.AndroidomaticKeyerActivity"]}, {"7256f3f1f1fafbd6c27d651e31d9354b": ["10", "com.templaro.opsiz.aka.AndroidomaticKeyerActivity"]}, {"7256f3f1f1fafbd6c27d651e31d9354b": ["10", "com.templaro.opsiz.aka.AndroidomaticKeyerActivity"]}, {"7256f3f1f1fafbd6c27d651e31d9354b": ["10", "com.templaro.opsiz.aka.AndroidomaticKeyerActivity"]}, {"7256f3f1f1fafbd6c27d651e31d9354b": ["10", "com.templaro.opsiz.aka.AndroidomaticKeyerActivity"]}, {"7256f3f1f1fafbd6c27d651e31d9354b": ["10", "com.templaro.opsiz.aka.AndroidomaticKeyerActivity"]}, {"7256f3f1f1fafbd6c27d651e31d9354b": ["10", "com.templaro.opsiz.aka.AndroidomaticKeyerActivity"]}, {"7256f3f1f1fafbd6c27d651e31d9354b": ["10", "com.templaro.opsiz.aka.AndroidomaticKeyerActivity"]}, {"7256f3f1f1fafbd6c27d651e31d9354b": ["10", "com.templaro.opsiz.aka.AndroidomaticKeyerActivity"]}, {"7256f3f1f1fafbd6c27d651e31d9354b": ["10", "com.templaro.opsiz.aka.AndroidomaticKeyerActivity"]}, {"7256f3f1f1fafbd6c27d651e31d9354b": ["10", "com.templaro.opsiz.aka.AndroidomaticKeyerActivity"]}, {"7256f3f1f1fafbd6c27d651e31d9354b": ["10", "com.templaro.opsiz.aka.AndroidomaticKeyerActivity"]}, {"7256f3f1f1fafbd6c27d651e31d9354b": ["10", "com.templaro.opsiz.aka.AndroidomaticKeyerActivity"]}, {"7256f3f1f1fafbd6c27d651e31d9354b": ["10", "com.templaro.opsiz.aka.AndroidomaticKeyerActivity"]}, {"7256f3f1f1fafbd6c27d651e31d9354b": ["10", "com.templaro.opsiz.aka.AndroidomaticKeyerActivity"]}, {"7256f3f1f1fafbd6c27d651e31d9354b": ["10", "com.templaro.opsiz.aka.AndroidomaticKeyerActivity"]}, {"7256f3f1f1fafbd6c27d651e31d9354b": ["10", "com.templaro.opsiz.aka.AndroidomaticKeyerActivity"]}, {"7256f3f1f1fafbd6c27d651e31d9354b": ["10", "com.templaro.opsiz.aka.AndroidomaticKeyerActivity"]}, {"7256f3f1f1fafbd6c27d651e31d9354b": ["10", "com.templaro.opsiz.aka.AndroidomaticKeyerActivity"]}, {"7256f3f1f1fafbd6c27d651e31d9354b": ["10", "com.templaro.opsiz.aka.AndroidomaticKeyerActivity"]}, {"7256f3f1f1fafbd6c27d651e31d9354b": ["10", "com.templaro.opsiz.aka.AndroidomaticKeyerActivity"]}, {"7256f3f1f1fafbd6c27d651e31d9354b": ["10", "com.templaro.opsiz.aka.AndroidomaticKeyerActivity"]}, {"7256f3f1f1fafbd6c27d651e31d9354b": ["10", "com.templaro.opsiz.aka.AndroidomaticKeyerActivity"]}, {"7256f3f1f1fafbd6c27d651e31d9354b": ["10", "com.templaro.opsiz.aka.AndroidomaticKeyerActivity"]}, {"7256f3f1f1fafbd6c27d651e31d9354b": ["10", "com.templaro.opsiz.aka.AndroidomaticKeyerActivity"]}, {"7256f3f1f1fafbd6c27d651e31d9354b": ["10", "com.templaro.opsiz.aka.AndroidomaticKeyerActivity"]}, {"7256f3f1f1fafbd6c27d651e31d9354b": ["10", "com.templaro.opsiz.aka.AndroidomaticKeyerActivity"]}, {"7256f3f1f1fafbd6c27d651e31d9354b": ["10", "com.templaro.opsiz.aka.AndroidomaticKeyerActivity"]}, {"7256f3f1f1fafbd6c27d651e31d9354b": ["10", "com.templaro.opsiz.aka.AndroidomaticKeyerActivity"]}, {"7256f3f1f1fafbd6c27d651e31d9354b": ["10", "com.templaro.opsiz.aka.AndroidomaticKeyerActivity"]}, {"7256f3f1f1fafbd6c27d651e31d9354b": ["10", "com.templaro.opsiz.aka.AndroidomaticKeyerActivity"]}, {"7256f3f1f1fafbd6c27d651e31d9354b": ["10", "com.templaro.opsiz.aka.AndroidomaticKeyerActivity"]}, {"7256f3f1f1fafbd6c27d651e31d9354b": ["10", "com.templaro.opsiz.aka.AndroidomaticKeyerActivity"]}, {"7256f3f1f1fafbd6c27d651e31d9354b": ["10", "com.templaro.opsiz.aka.AndroidomaticKeyerActivity"]}, {"7256f3f1f1fafbd6c27d651e31d9354b": ["10", "com.templaro.opsiz.aka.AndroidomaticKeyerActivity"]}, {"7256f3f1f1fafbd6c27d651e31d9354b": ["10", "com.templaro.opsiz.aka.AndroidomaticKeyerActivity"]}, {"7256f3f1f1fafbd6c27d651e31d9354b": ["10", "com.templaro.opsiz.aka.AndroidomaticKeyerActivity"]}, {"7256f3f1f1fafbd6c27d651e31d9354b": ["10", "com.templaro.opsiz.aka.AndroidomaticKeyerActivity"]}, {"7256f3f1f1fafbd6c27d651e31d9354b": ["10", "com.templaro.opsiz.aka.AndroidomaticKeyerActivity"]}, {"7256f3f1f1fafbd6c27d651e31d9354b": ["10", "com.templaro.opsiz.aka.AndroidomaticKeyerActivity"]}, {"7256f3f1f1fafbd6c27d651e31d9354b": ["10", "com.templaro.opsiz.aka.AndroidomaticKeyerActivity"]}, {"7256f3f1f1fafbd6c27d651e31d9354b": ["10", "com.templaro.opsiz.aka.AndroidomaticKeyerActivity"]}, {"7256f3f1f1fafbd6c27d651e31d9354b": ["10", "com.templaro.opsiz.aka.AndroidomaticKeyerActivity"]}, {"7256f3f1f1fafbd6c27d651e31d9354b": ["10", "com.templaro.opsiz.aka.AndroidomaticKeyerActivity"]}, {"7256f3f1f1fafbd6c27d651e31d9354b": ["10", "com.templaro.opsiz.aka.AndroidomaticKeyerActivity"]}, {"7256f3f1f1fafbd6c27d651e31d9354b": ["10", "com.templaro.opsiz.aka.AndroidomaticKeyerActivity"]}, {"7256f3f1f1fafbd6c27d651e31d9354b": ["10", "com.templaro.opsiz.aka.AndroidomaticKeyerActivity"]}, {"7256f3f1f1fafbd6c27d651e31d9354b": ["10", "com.templaro.opsiz.aka.AndroidomaticKeyerActivity"]}, {"7256f3f1f1fafbd6c27d651e31d9354b": ["10", "com.templaro.opsiz.aka.AndroidomaticKeyerActivity"]}, {"7256f3f1f1fafbd6c27d651e31d9354b": ["10", "com.templaro.opsiz.aka.AndroidomaticKeyerActivity"]}, {"7256f3f1f1fafbd6c27d651e31d9354b": ["10", "com.templaro.opsiz.aka.AndroidomaticKeyerActivity"]}, {"7256f3f1f1fafbd6c27d651e31d9354b": ["10", "com.templaro.opsiz.aka.AndroidomaticKeyerActivity"]}, {"7256f3f1f1fafbd6c27d651e31d9354b": ["10", "com.templaro.opsiz.aka.AndroidomaticKeyerActivity"]}, {"7256f3f1f1fafbd6c27d651e31d9354b": ["10", "com.templaro.opsiz.aka.AndroidomaticKeyerActivity"]}, {"7256f3f1f1fafbd6c27d651e31d9354b": ["10", "com.templaro.opsiz.aka.AndroidomaticKeyerActivity"]}, {"7256f3f1f1fafbd6c27d651e31d9354b": ["10", "com.templaro.opsiz.aka.AndroidomaticKeyerActivity"]}, {"7256f3f1f1fafbd6c27d651e31d9354b": ["10", "com.templaro.opsiz.aka.AndroidomaticKeyerActivity"]}, {"7256f3f1f1fafbd6c27d651e31d9354b": ["10", "com.templaro.opsiz.aka.AndroidomaticKeyerActivity"]}, {"7256f3f1f1fafbd6c27d651e31d9354b": ["10", "com.templaro.opsiz.aka.AndroidomaticKeyerActivity"]}, {"7256f3f1f1fafbd6c27d651e31d9354b": ["10", "com.templaro.opsiz.aka.AndroidomaticKeyerActivity"]}, {"7256f3f1f1fafbd6c27d651e31d9354b": ["10", "com.templaro.opsiz.aka.AndroidomaticKeyerActivity"]}, {"7256f3f1f1fafbd6c27d651e31d9354b": ["10", "com.templaro.opsiz.aka.AndroidomaticKeyerActivity"]}, {"7256f3f1f1fafbd6c27d651e31d9354b": ["10", "com.templaro.opsiz.aka.AndroidomaticKeyerActivity"]}, {"7256f3f1f1fafbd6c27d651e31d9354b": ["10", "com.templaro.opsiz.aka.AndroidomaticKeyerActivity"]}, {"7256f3f1f1fafbd6c27d651e31d9354b": ["10", "com.templaro.opsiz.aka.AndroidomaticKeyerActivity"]}, {"7256f3f1f1fafbd6c27d651e31d9354b": ["10", "com.templaro.opsiz.aka.AndroidomaticKeyerActivity"]}, {"7256f3f1f1fafbd6c27d651e31d9354b": ["10", "com.templaro.opsiz.aka.AndroidomaticKeyerActivity"]}, {"7256f3f1f1fafbd6c27d651e31d9354b": ["10", "com.templaro.opsiz.aka.AndroidomaticKeyerActivity"]}, {"7256f3f1f1fafbd6c27d651e31d9354b": ["10", "com.templaro.opsiz.aka.AndroidomaticKeyerActivity"]}, {"7256f3f1f1fafbd6c27d651e31d9354b": ["10", "com.templaro.opsiz.aka.AndroidomaticKeyerActivity"]}, {"7256f3f1f1fafbd6c27d651e31d9354b": ["10", "com.templaro.opsiz.aka.AndroidomaticKeyerActivity"]}, {"7256f3f1f1fafbd6c27d651e31d9354b": ["10", "com.templaro.opsiz.aka.AndroidomaticKeyerActivity"]}, {"7256f3f1f1fafbd6c27d651e31d9354b": ["10", "com.templaro.opsiz.aka.AndroidomaticKeyerActivity"]}, {"7256f3f1f1fafbd6c27d651e31d9354b": ["10", "com.templaro.opsiz.aka.AndroidomaticKeyerActivity"]}, {"7256f3f1f1fafbd6c27d651e31d9354b": ["10", "com.templaro.opsiz.aka.AndroidomaticKeyerActivity"]}, {"7256f3f1f1fafbd6c27d651e31d9354b": ["10", "com.templaro.opsiz.aka.AndroidomaticKeyerActivity"]}, {"7256f3f1f1fafbd6c27d651e31d9354b": ["10", "com.templaro.opsiz.aka.AndroidomaticKeyerActivity"]}, {"7256f3f1f1fafbd6c27d651e31d9354b": ["10", "com.templaro.opsiz.aka.AndroidomaticKeyerActivity"]}, {"7256f3f1f1fafbd6c27d651e31d9354b": ["10", "com.templaro.opsiz.aka.AndroidomaticKeyerActivity"]}, {"7256f3f1f1fafbd6c27d651e31d9354b": ["10", "com.templaro.opsiz.aka.AndroidomaticKeyerActivity"]}, {"7256f3f1f1fafbd6c27d651e31d9354b": ["10", "com.templaro.opsiz.aka.AndroidomaticKeyerActivity"]}, {"7256f3f1f1fafbd6c27d651e31d9354b": ["10", "com.templaro.opsiz.aka.AndroidomaticKeyerActivity"]}, {"7256f3f1f1fafbd6c27d651e31d9354b": ["10", "com.templaro.opsiz.aka.AndroidomaticKeyerActivity"]}, {"7256f3f1f1fafbd6c27d651e31d9354b": ["10", "com.templaro.opsiz.aka.AndroidomaticKeyerActivity"]}, {"7256f3f1f1fafbd6c27d651e31d9354b": ["10", "com.templaro.opsiz.aka.AndroidomaticKeyerActivity"]}, {"7256f3f1f1fafbd6c27d651e31d9354b": ["10", "com.templaro.opsiz.aka.AndroidomaticKeyerActivity"]}, {"7256f3f1f1fafbd6c27d651e31d9354b": ["10", "com.templaro.opsiz.aka.AndroidomaticKeyerActivity"]}, {"7256f3f1f1fafbd6c27d651e31d9354b": ["10", "com.templaro.opsiz.aka.AndroidomaticKeyerActivity"]}, {"7256f3f1f1fafbd6c27d651e31d9354b": ["10", "com.templaro.opsiz.aka.AndroidomaticKeyerActivity"]}, {"7256f3f1f1fafbd6c27d651e31d9354b": ["10", "com.templaro.opsiz.aka.AndroidomaticKeyerActivity"]}, {"7256f3f1f1fafbd6c27d651e31d9354b": ["10", "com.templaro.opsiz.aka.AndroidomaticKeyerActivity"]}, {"7256f3f1f1fafbd6c27d651e31d9354b": ["10", "com.templaro.opsiz.aka.AndroidomaticKeyerActivity"]}, {"7256f3f1f1fafbd6c27d651e31d9354b": ["10", "com.templaro.opsiz.aka.AndroidomaticKeyerActivity"]}, {"7256f3f1f1fafbd6c27d651e31d9354b": ["10", "com.templaro.opsiz.aka.AndroidomaticKeyerActivity"]}, {"7256f3f1f1fafbd6c27d651e31d9354b": ["10", "com.templaro.opsiz.aka.AndroidomaticKeyerActivity"]}, {"7256f3f1f1fafbd6c27d651e31d9354b": ["10", "com.templaro.opsiz.aka.AndroidomaticKeyerActivity"]}, {"7256f3f1f1fafbd6c27d651e31d9354b": ["10", "com.templaro.opsiz.aka.AndroidomaticKeyerActivity"]}, {"7256f3f1f1fafbd6c27d651e31d9354b": ["10", "com.templaro.opsiz.aka.AndroidomaticKeyerActivity"]}, {"7256f3f1f1fafbd6c27d651e31d9354b": ["10", "com.templaro.opsiz.aka.AndroidomaticKeyerActivity"]}, {"7256f3f1f1fafbd6c27d651e31d9354b": ["10", "com.templaro.opsiz.aka.AndroidomaticKeyerActivity"]}, {"7256f3f1f1fafbd6c27d651e31d9354b": ["10", "com.templaro.opsiz.aka.AndroidomaticKeyerActivity"]}, {"7256f3f1f1fafbd6c27d651e31d9354b": ["10", "com.templaro.opsiz.aka.AndroidomaticKeyerActivity"]}, {"7256f3f1f1fafbd6c27d651e31d9354b": ["10", "com.templaro.opsiz.aka.AndroidomaticKeyerActivity"]}, {"7256f3f1f1fafbd6c27d651e31d9354b": ["10", "com.templaro.opsiz.aka.AndroidomaticKeyerActivity"]}, {"7256f3f1f1fafbd6c27d651e31d9354b": ["10", "com.templaro.opsiz.aka.AndroidomaticKeyerActivity"]}, {"7256f3f1f1fafbd6c27d651e31d9354b": ["10", "com.templaro.opsiz.aka.AndroidomaticKeyerActivity"]}, {"7256f3f1f1fafbd6c27d651e31d9354b": ["10", "com.templaro.opsiz.aka.AndroidomaticKeyerActivity"]}, {"7256f3f1f1fafbd6c27d651e31d9354b": ["10", "com.templaro.opsiz.aka.AndroidomaticKeyerActivity"]}, {"7256f3f1f1fafbd6c27d651e31d9354b": ["10", "com.templaro.opsiz.aka.AndroidomaticKeyerActivity"]}, {"7256f3f1f1fafbd6c27d651e31d9354b": ["10", "com.templaro.opsiz.aka.AndroidomaticKeyerActivity"]}, {"7256f3f1f1fafbd6c27d651e31d9354b": ["10", "com.templaro.opsiz.aka.AndroidomaticKeyerActivity"]}, {"7256f3f1f1fafbd6c27d651e31d9354b": ["10", "com.templaro.opsiz.aka.AndroidomaticKeyerActivity"]}, {"7256f3f1f1fafbd6c27d651e31d9354b": ["10", "com.templaro.opsiz.aka.AndroidomaticKeyerActivity"]}, {"7256f3f1f1fafbd6c27d651e31d9354b": ["10", "com.templaro.opsiz.aka.AndroidomaticKeyerActivity"]}, {"7256f3f1f1fafbd6c27d651e31d9354b": ["10", "com.templaro.opsiz.aka.AndroidomaticKeyerActivity"]}, {"7256f3f1f1fafbd6c27d651e31d9354b": ["10", "com.templaro.opsiz.aka.AndroidomaticKeyerActivity"]}, {"7256f3f1f1fafbd6c27d651e31d9354b": ["10", "com.templaro.opsiz.aka.AndroidomaticKeyerActivity"]}, {"7256f3f1f1fafbd6c27d651e31d9354b": ["10", "com.templaro.opsiz.aka.AndroidomaticKeyerActivity"]}, {"7256f3f1f1fafbd6c27d651e31d9354b": ["10", "com.templaro.opsiz.aka.AndroidomaticKeyerActivity"]}, {"7256f3f1f1fafbd6c27d651e31d9354b": ["10", "com.templaro.opsiz.aka.AndroidomaticKeyerActivity"]}, {"7256f3f1f1fafbd6c27d651e31d9354b": ["10", "com.templaro.opsiz.aka.AndroidomaticKeyerActivity"]}, {"7256f3f1f1fafbd6c27d651e31d9354b": ["10", "com.templaro.opsiz.aka.AndroidomaticKeyerActivity"]}, {"7256f3f1f1fafbd6c27d651e31d9354b": ["10", "com.templaro.opsiz.aka.AndroidomaticKeyerActivity"]}, {"7256f3f1f1fafbd6c27d651e31d9354b": ["10", "com.templaro.opsiz.aka.AndroidomaticKeyerActivity"]}, {"7256f3f1f1fafbd6c27d651e31d9354b": ["10", "com.templaro.opsiz.aka.AndroidomaticKeyerActivity"]}, {"7256f3f1f1fafbd6c27d651e31d9354b": ["10", "com.templaro.opsiz.aka.AndroidomaticKeyerActivity"]}, {"7256f3f1f1fafbd6c27d651e31d9354b": ["10", "com.templaro.opsiz.aka.AndroidomaticKeyerActivity"]}, {"7256f3f1f1fafbd6c27d651e31d9354b": ["10", "com.templaro.opsiz.aka.AndroidomaticKeyerActivity"]}, {"7256f3f1f1fafbd6c27d651e31d9354b": ["10", "com.templaro.opsiz.aka.AndroidomaticKeyerActivity"]}, {"7256f3f1f1fafbd6c27d651e31d9354b": ["10", "com.templaro.opsiz.aka.AndroidomaticKeyerActivity"]}, {"7256f3f1f1fafbd6c27d651e31d9354b": ["10", "com.templaro.opsiz.aka.AndroidomaticKeyerActivity"]}, {"7256f3f1f1fafbd6c27d651e31d9354b": ["10", "com.templaro.opsiz.aka.AndroidomaticKeyerActivity"]}, {"7256f3f1f1fafbd6c27d651e31d9354b": ["10", "com.templaro.opsiz.aka.AndroidomaticKeyerActivity"]}, {"7256f3f1f1fafbd6c27d651e31d9354b": ["10", "com.templaro.opsiz.aka.AndroidomaticKeyerActivity"]}, {"7256f3f1f1fafbd6c27d651e31d9354b": ["10", "com.templaro.opsiz.aka.AndroidomaticKeyerActivity"]}, {"7256f3f1f1fafbd6c27d651e31d9354b": ["10", "com.templaro.opsiz.aka.AndroidomaticKeyerActivity"]}, {"7256f3f1f1fafbd6c27d651e31d9354b": ["10", "com.templaro.opsiz.aka.AndroidomaticKeyerActivity"]}, {"7256f3f1f1fafbd6c27d651e31d9354b": ["10", "com.templaro.opsiz.aka.AndroidomaticKeyerActivity"]}, {"7256f3f1f1fafbd6c27d651e31d9354b": ["10", "com.templaro.opsiz.aka.AndroidomaticKeyerActivity"]}, {"7256f3f1f1fafbd6c27d651e31d9354b": ["10", "com.templaro.opsiz.aka.AndroidomaticKeyerActivity"]}, {"7256f3f1f1fafbd6c27d651e31d9354b": ["10", "com.templaro.opsiz.aka.AndroidomaticKeyerActivity"]}, {"7256f3f1f1fafbd6c27d651e31d9354b": ["10", "com.templaro.opsiz.aka.AndroidomaticKeyerActivity"]}, {"7256f3f1f1fafbd6c27d651e31d9354b": ["10", "com.templaro.opsiz.aka.AndroidomaticKeyerActivity"]}, {"7256f3f1f1fafbd6c27d651e31d9354b": ["10", "com.templaro.opsiz.aka.AndroidomaticKeyerActivity"]}, {"7256f3f1f1fafbd6c27d651e31d9354b": ["10", "com.templaro.opsiz.aka.AndroidomaticKeyerActivity"]}, {"7256f3f1f1fafbd6c27d651e31d9354b": ["10", "com.templaro.opsiz.aka.AndroidomaticKeyerActivity"]}]