[{"8a3a2d6e5a180b067a78e12f83f16dbc": ["0", "org.jessies.dalvikexplorer.DalvikExplorerActivity"]}, {"d692aad88e7397134fbd140f93df050d": ["7", "org.jessies.dalvikexplorer.FileSystemsActivity"]}, {"4960b99b39a41c02fefd46b30fbd1361": ["14", "org.jessies.dalvikexplorer.FileSystemsActivity"]}, {"a9ef03cc20d39bd3d3b029e0025ef1b4": ["8", "org.jessies.dalvikexplorer.FileSystemActivity"]}, {"a9ef03cc20d39bd3d3b029e0025ef1b4": ["8", "org.jessies.dalvikexplorer.FileSystemActivity"]}, {"a9ef03cc20d39bd3d3b029e0025ef1b4": ["8", "org.jessies.dalvikexplorer.FileSystemActivity"]}, {"a9ef03cc20d39bd3d3b029e0025ef1b4": ["8", "org.jessies.dalvikexplorer.FileSystemActivity"]}, {"449bfc86d7a72e64e358d3e32697a472": ["13", "org.jessies.dalvikexplorer.FileSystemActivity"]}, {"b930319f092faf290da3c502c2607835": ["15", "org.jessies.dalvikexplorer.FileSystemActivity"]}, {"b930319f092faf290da3c502c2607835": ["15", "org.jessies.dalvikexplorer.FileSystemActivity"]}, {"b930319f092faf290da3c502c2607835": ["15", "org.jessies.dalvikexplorer.FileSystemActivity"]}, {"b930319f092faf290da3c502c2607835": ["15", "org.jessies.dalvikexplorer.FileSystemActivity"]}, {"b930319f092faf290da3c502c2607835": ["15", "org.jessies.dalvikexplorer.FileSystemActivity"]}, {"b930319f092faf290da3c502c2607835": ["15", "org.jessies.dalvikexplorer.FileSystemActivity"]}, {"b930319f092faf290da3c502c2607835": ["15", "org.jessies.dalvikexplorer.FileSystemActivity"]}, {"b930319f092faf290da3c502c2607835": ["15", "org.jessies.dalvikexplorer.FileSystemActivity"]}, {"b930319f092faf290da3c502c2607835": ["15", "org.jessies.dalvikexplorer.FileSystemActivity"]}, {"b930319f092faf290da3c502c2607835": ["15", "org.jessies.dalvikexplorer.FileSystemActivity"]}, {"b930319f092faf290da3c502c2607835": ["15", "org.jessies.dalvikexplorer.FileSystemActivity"]}, {"b930319f092faf290da3c502c2607835": ["15", "org.jessies.dalvikexplorer.FileSystemActivity"]}, {"b930319f092faf290da3c502c2607835": ["15", "org.jessies.dalvikexplorer.FileSystemActivity"]}, {"b930319f092faf290da3c502c2607835": ["15", "org.jessies.dalvikexplorer.FileSystemActivity"]}, {"b930319f092faf290da3c502c2607835": ["15", "org.jessies.dalvikexplorer.FileSystemActivity"]}, {"b930319f092faf290da3c502c2607835": ["15", "org.jessies.dalvikexplorer.FileSystemActivity"]}, {"b930319f092faf290da3c502c2607835": ["15", "org.jessies.dalvikexplorer.FileSystemActivity"]}, {"b930319f092faf290da3c502c2607835": ["15", "org.jessies.dalvikexplorer.FileSystemActivity"]}, {"05c0e601c4416803bc2d8415a40b8adc": ["12", "org.jessies.dalvikexplorer.FileSystemActivity"]}, {"05c0e601c4416803bc2d8415a40b8adc": ["12", "org.jessies.dalvikexplorer.FileSystemActivity"]}, {"05c0e601c4416803bc2d8415a40b8adc": ["12", "org.jessies.dalvikexplorer.FileSystemActivity"]}, {"05c0e601c4416803bc2d8415a40b8adc": ["12", "org.jessies.dalvikexplorer.FileSystemActivity"]}, {"449bfc86d7a72e64e358d3e32697a472": ["13", "org.jessies.dalvikexplorer.FileSystemActivity"]}, {"449bfc86d7a72e64e358d3e32697a472": ["13", "org.jessies.dalvikexplorer.FileSystemActivity"]}, {"c1bf26e78e0f1675ea247e64c460593e": ["9", "org.jessies.dalvikexplorer.FileViewerActivity"]}, {"0b2d501438bd8c06404184c30d116fb8": ["10", "org.jessies.dalvikexplorer.FileViewerActivity"]}, {"0b2d501438bd8c06404184c30d116fb8": ["10", "org.jessies.dalvikexplorer.FileViewerActivity"]}, {"0b2d501438bd8c06404184c30d116fb8": ["10", "org.jessies.dalvikexplorer.FileViewerActivity"]}, {"0b2d501438bd8c06404184c30d116fb8": ["10", "org.jessies.dalvikexplorer.FileViewerActivity"]}, {"0b2d501438bd8c06404184c30d116fb8": ["10", "org.jessies.dalvikexplorer.FileViewerActivity"]}, {"0b2d501438bd8c06404184c30d116fb8": ["10", "org.jessies.dalvikexplorer.FileViewerActivity"]}, {"0b2d501438bd8c06404184c30d116fb8": ["10", "org.jessies.dalvikexplorer.FileViewerActivity"]}, {"0b2d501438bd8c06404184c30d116fb8": ["10", "org.jessies.dalvikexplorer.FileViewerActivity"]}, {"0b2d501438bd8c06404184c30d116fb8": ["10", "org.jessies.dalvikexplorer.FileViewerActivity"]}, {"0b2d501438bd8c06404184c30d116fb8": ["10", "org.jessies.dalvikexplorer.FileViewerActivity"]}, {"0b2d501438bd8c06404184c30d116fb8": ["10", "org.jessies.dalvikexplorer.FileViewerActivity"]}, {"0b2d501438bd8c06404184c30d116fb8": ["10", "org.jessies.dalvikexplorer.FileViewerActivity"]}, {"0b2d501438bd8c06404184c30d116fb8": ["10", "org.jessies.dalvikexplorer.FileViewerActivity"]}, {"0b2d501438bd8c06404184c30d116fb8": ["10", "org.jessies.dalvikexplorer.FileViewerActivity"]}, {"0b2d501438bd8c06404184c30d116fb8": ["10", "org.jessies.dalvikexplorer.FileViewerActivity"]}, {"0b2d501438bd8c06404184c30d116fb8": ["10", "org.jessies.dalvikexplorer.FileViewerActivity"]}, {"0b2d501438bd8c06404184c30d116fb8": ["10", "org.jessies.dalvikexplorer.FileViewerActivity"]}, {"0b2d501438bd8c06404184c30d116fb8": ["10", "org.jessies.dalvikexplorer.FileViewerActivity"]}, {"0b2d501438bd8c06404184c30d116fb8": ["10", "org.jessies.dalvikexplorer.FileViewerActivity"]}, {"0b2d501438bd8c06404184c30d116fb8": ["10", "org.jessies.dalvikexplorer.FileViewerActivity"]}, {"0b2d501438bd8c06404184c30d116fb8": ["10", "org.jessies.dalvikexplorer.FileViewerActivity"]}, {"0b2d501438bd8c06404184c30d116fb8": ["10", "org.jessies.dalvikexplorer.FileViewerActivity"]}, {"0b2d501438bd8c06404184c30d116fb8": ["10", "org.jessies.dalvikexplorer.FileViewerActivity"]}, {"0b2d501438bd8c06404184c30d116fb8": ["10", "org.jessies.dalvikexplorer.FileViewerActivity"]}, {"0b2d501438bd8c06404184c30d116fb8": ["10", "org.jessies.dalvikexplorer.FileViewerActivity"]}, {"0b2d501438bd8c06404184c30d116fb8": ["10", "org.jessies.dalvikexplorer.FileViewerActivity"]}, {"0b2d501438bd8c06404184c30d116fb8": ["10", "org.jessies.dalvikexplorer.FileViewerActivity"]}, {"0b2d501438bd8c06404184c30d116fb8": ["10", "org.jessies.dalvikexplorer.FileViewerActivity"]}, {"0b2d501438bd8c06404184c30d116fb8": ["10", "org.jessies.dalvikexplorer.FileViewerActivity"]}, {"0b2d501438bd8c06404184c30d116fb8": ["10", "org.jessies.dalvikexplorer.FileViewerActivity"]}, {"0b2d501438bd8c06404184c30d116fb8": ["10", "org.jessies.dalvikexplorer.FileViewerActivity"]}, {"0b2d501438bd8c06404184c30d116fb8": ["10", "org.jessies.dalvikexplorer.FileViewerActivity"]}, {"0b2d501438bd8c06404184c30d116fb8": ["10", "org.jessies.dalvikexplorer.FileViewerActivity"]}, {"0b2d501438bd8c06404184c30d116fb8": ["10", "org.jessies.dalvikexplorer.FileViewerActivity"]}, {"0b2d501438bd8c06404184c30d116fb8": ["10", "org.jessies.dalvikexplorer.FileViewerActivity"]}, {"0b2d501438bd8c06404184c30d116fb8": ["10", "org.jessies.dalvikexplorer.FileViewerActivity"]}, {"0b2d501438bd8c06404184c30d116fb8": ["10", "org.jessies.dalvikexplorer.FileViewerActivity"]}, {"0b2d501438bd8c06404184c30d116fb8": ["10", "org.jessies.dalvikexplorer.FileViewerActivity"]}, {"449bfc86d7a72e64e358d3e32697a472": ["13", "org.jessies.dalvikexplorer.FileSystemActivity"]}, {"449bfc86d7a72e64e358d3e32697a472": ["13", "org.jessies.dalvikexplorer.FileSystemActivity"]}, {"449bfc86d7a72e64e358d3e32697a472": ["13", "org.jessies.dalvikexplorer.FileSystemActivity"]}, {"c1bf26e78e0f1675ea247e64c460593e": ["9", "org.jessies.dalvikexplorer.FileViewerActivity"]}, {"0b2d501438bd8c06404184c30d116fb8": ["10", "org.jessies.dalvikexplorer.FileViewerActivity"]}, {"0b2d501438bd8c06404184c30d116fb8": ["10", "org.jessies.dalvikexplorer.FileViewerActivity"]}, {"0b2d501438bd8c06404184c30d116fb8": ["10", "org.jessies.dalvikexplorer.FileViewerActivity"]}, {"0b2d501438bd8c06404184c30d116fb8": ["10", "org.jessies.dalvikexplorer.FileViewerActivity"]}, {"0b2d501438bd8c06404184c30d116fb8": ["10", "org.jessies.dalvikexplorer.FileViewerActivity"]}, {"0b2d501438bd8c06404184c30d116fb8": ["10", "org.jessies.dalvikexplorer.FileViewerActivity"]}, {"0b2d501438bd8c06404184c30d116fb8": ["10", "org.jessies.dalvikexplorer.FileViewerActivity"]}, {"0b2d501438bd8c06404184c30d116fb8": ["10", "org.jessies.dalvikexplorer.FileViewerActivity"]}, {"0b2d501438bd8c06404184c30d116fb8": ["10", "org.jessies.dalvikexplorer.FileViewerActivity"]}, {"0b2d501438bd8c06404184c30d116fb8": ["10", "org.jessies.dalvikexplorer.FileViewerActivity"]}, {"0b2d501438bd8c06404184c30d116fb8": ["10", "org.jessies.dalvikexplorer.FileViewerActivity"]}, {"0b2d501438bd8c06404184c30d116fb8": ["10", "org.jessies.dalvikexplorer.FileViewerActivity"]}, {"0b2d501438bd8c06404184c30d116fb8": ["10", "org.jessies.dalvikexplorer.FileViewerActivity"]}, {"0b2d501438bd8c06404184c30d116fb8": ["10", "org.jessies.dalvikexplorer.FileViewerActivity"]}, {"0b2d501438bd8c06404184c30d116fb8": ["10", "org.jessies.dalvikexplorer.FileViewerActivity"]}, {"0b2d501438bd8c06404184c30d116fb8": ["10", "org.jessies.dalvikexplorer.FileViewerActivity"]}, {"0b2d501438bd8c06404184c30d116fb8": ["10", "org.jessies.dalvikexplorer.FileViewerActivity"]}, {"0b2d501438bd8c06404184c30d116fb8": ["10", "org.jessies.dalvikexplorer.FileViewerActivity"]}, {"0b2d501438bd8c06404184c30d116fb8": ["10", "org.jessies.dalvikexplorer.FileViewerActivity"]}, {"0b2d501438bd8c06404184c30d116fb8": ["10", "org.jessies.dalvikexplorer.FileViewerActivity"]}, {"0b2d501438bd8c06404184c30d116fb8": ["10", "org.jessies.dalvikexplorer.FileViewerActivity"]}, {"0b2d501438bd8c06404184c30d116fb8": ["10", "org.jessies.dalvikexplorer.FileViewerActivity"]}, {"0b2d501438bd8c06404184c30d116fb8": ["10", "org.jessies.dalvikexplorer.FileViewerActivity"]}, {"0b2d501438bd8c06404184c30d116fb8": ["10", "org.jessies.dalvikexplorer.FileViewerActivity"]}, {"0b2d501438bd8c06404184c30d116fb8": ["10", "org.jessies.dalvikexplorer.FileViewerActivity"]}, {"0b2d501438bd8c06404184c30d116fb8": ["10", "org.jessies.dalvikexplorer.FileViewerActivity"]}, {"0b2d501438bd8c06404184c30d116fb8": ["10", "org.jessies.dalvikexplorer.FileViewerActivity"]}, {"0b2d501438bd8c06404184c30d116fb8": ["10", "org.jessies.dalvikexplorer.FileViewerActivity"]}, {"0b2d501438bd8c06404184c30d116fb8": ["10", "org.jessies.dalvikexplorer.FileViewerActivity"]}, {"0b2d501438bd8c06404184c30d116fb8": ["10", "org.jessies.dalvikexplorer.FileViewerActivity"]}, {"0b2d501438bd8c06404184c30d116fb8": ["10", "org.jessies.dalvikexplorer.FileViewerActivity"]}, {"0b2d501438bd8c06404184c30d116fb8": ["10", "org.jessies.dalvikexplorer.FileViewerActivity"]}, {"0b2d501438bd8c06404184c30d116fb8": ["10", "org.jessies.dalvikexplorer.FileViewerActivity"]}, {"0b2d501438bd8c06404184c30d116fb8": ["10", "org.jessies.dalvikexplorer.FileViewerActivity"]}, {"0b2d501438bd8c06404184c30d116fb8": ["10", "org.jessies.dalvikexplorer.FileViewerActivity"]}, {"0b2d501438bd8c06404184c30d116fb8": ["10", "org.jessies.dalvikexplorer.FileViewerActivity"]}, {"0b2d501438bd8c06404184c30d116fb8": ["10", "org.jessies.dalvikexplorer.FileViewerActivity"]}, {"0b2d501438bd8c06404184c30d116fb8": ["10", "org.jessies.dalvikexplorer.FileViewerActivity"]}, {"0b2d501438bd8c06404184c30d116fb8": ["10", "org.jessies.dalvikexplorer.FileViewerActivity"]}, {"0b2d501438bd8c06404184c30d116fb8": ["10", "org.jessies.dalvikexplorer.FileViewerActivity"]}, {"0b2d501438bd8c06404184c30d116fb8": ["10", "org.jessies.dalvikexplorer.FileViewerActivity"]}, {"0b2d501438bd8c06404184c30d116fb8": ["10", "org.jessies.dalvikexplorer.FileViewerActivity"]}, {"0b2d501438bd8c06404184c30d116fb8": ["10", "org.jessies.dalvikexplorer.FileViewerActivity"]}, {"0b2d501438bd8c06404184c30d116fb8": ["10", "org.jessies.dalvikexplorer.FileViewerActivity"]}, {"0b2d501438bd8c06404184c30d116fb8": ["10", "org.jessies.dalvikexplorer.FileViewerActivity"]}, {"0b2d501438bd8c06404184c30d116fb8": ["10", "org.jessies.dalvikexplorer.FileViewerActivity"]}, {"0b2d501438bd8c06404184c30d116fb8": ["10", "org.jessies.dalvikexplorer.FileViewerActivity"]}, {"0b2d501438bd8c06404184c30d116fb8": ["10", "org.jessies.dalvikexplorer.FileViewerActivity"]}, {"0b2d501438bd8c06404184c30d116fb8": ["10", "org.jessies.dalvikexplorer.FileViewerActivity"]}, {"0b2d501438bd8c06404184c30d116fb8": ["10", "org.jessies.dalvikexplorer.FileViewerActivity"]}, {"0b2d501438bd8c06404184c30d116fb8": ["10", "org.jessies.dalvikexplorer.FileViewerActivity"]}, {"0b2d501438bd8c06404184c30d116fb8": ["10", "org.jessies.dalvikexplorer.FileViewerActivity"]}, {"0b2d501438bd8c06404184c30d116fb8": ["10", "org.jessies.dalvikexplorer.FileViewerActivity"]}, {"0b2d501438bd8c06404184c30d116fb8": ["10", "org.jessies.dalvikexplorer.FileViewerActivity"]}, {"0b2d501438bd8c06404184c30d116fb8": ["10", "org.jessies.dalvikexplorer.FileViewerActivity"]}, {"0b2d501438bd8c06404184c30d116fb8": ["10", "org.jessies.dalvikexplorer.FileViewerActivity"]}, {"0b2d501438bd8c06404184c30d116fb8": ["10", "org.jessies.dalvikexplorer.FileViewerActivity"]}, {"0b2d501438bd8c06404184c30d116fb8": ["10", "org.jessies.dalvikexplorer.FileViewerActivity"]}, {"0b2d501438bd8c06404184c30d116fb8": ["10", "org.jessies.dalvikexplorer.FileViewerActivity"]}, {"0b2d501438bd8c06404184c30d116fb8": ["10", "org.jessies.dalvikexplorer.FileViewerActivity"]}, {"0b2d501438bd8c06404184c30d116fb8": ["10", "org.jessies.dalvikexplorer.FileViewerActivity"]}, {"0b2d501438bd8c06404184c30d116fb8": ["10", "org.jessies.dalvikexplorer.FileViewerActivity"]}, {"0b2d501438bd8c06404184c30d116fb8": ["10", "org.jessies.dalvikexplorer.FileViewerActivity"]}, {"0b2d501438bd8c06404184c30d116fb8": ["10", "org.jessies.dalvikexplorer.FileViewerActivity"]}, {"0b2d501438bd8c06404184c30d116fb8": ["10", "org.jessies.dalvikexplorer.FileViewerActivity"]}, {"0b2d501438bd8c06404184c30d116fb8": ["10", "org.jessies.dalvikexplorer.FileViewerActivity"]}, {"0b2d501438bd8c06404184c30d116fb8": ["10", "org.jessies.dalvikexplorer.FileViewerActivity"]}, {"0b2d501438bd8c06404184c30d116fb8": ["10", "org.jessies.dalvikexplorer.FileViewerActivity"]}, {"0b2d501438bd8c06404184c30d116fb8": ["10", "org.jessies.dalvikexplorer.FileViewerActivity"]}, {"0b2d501438bd8c06404184c30d116fb8": ["10", "org.jessies.dalvikexplorer.FileViewerActivity"]}, {"0b2d501438bd8c06404184c30d116fb8": ["10", "org.jessies.dalvikexplorer.FileViewerActivity"]}, {"0b2d501438bd8c06404184c30d116fb8": ["10", "org.jessies.dalvikexplorer.FileViewerActivity"]}, {"0b2d501438bd8c06404184c30d116fb8": ["10", "org.jessies.dalvikexplorer.FileViewerActivity"]}, {"0b2d501438bd8c06404184c30d116fb8": ["10", "org.jessies.dalvikexplorer.FileViewerActivity"]}, {"0b2d501438bd8c06404184c30d116fb8": ["10", "org.jessies.dalvikexplorer.FileViewerActivity"]}, {"0b2d501438bd8c06404184c30d116fb8": ["10", "org.jessies.dalvikexplorer.FileViewerActivity"]}, {"0b2d501438bd8c06404184c30d116fb8": ["10", "org.jessies.dalvikexplorer.FileViewerActivity"]}, {"0b2d501438bd8c06404184c30d116fb8": ["10", "org.jessies.dalvikexplorer.FileViewerActivity"]}, {"0b2d501438bd8c06404184c30d116fb8": ["10", "org.jessies.dalvikexplorer.FileViewerActivity"]}, {"0b2d501438bd8c06404184c30d116fb8": ["10", "org.jessies.dalvikexplorer.FileViewerActivity"]}, {"0b2d501438bd8c06404184c30d116fb8": ["10", "org.jessies.dalvikexplorer.FileViewerActivity"]}, {"0b2d501438bd8c06404184c30d116fb8": ["10", "org.jessies.dalvikexplorer.FileViewerActivity"]}, {"0b2d501438bd8c06404184c30d116fb8": ["10", "org.jessies.dalvikexplorer.FileViewerActivity"]}, {"0b2d501438bd8c06404184c30d116fb8": ["10", "org.jessies.dalvikexplorer.FileViewerActivity"]}, {"0b2d501438bd8c06404184c30d116fb8": ["10", "org.jessies.dalvikexplorer.FileViewerActivity"]}, {"0b2d501438bd8c06404184c30d116fb8": ["10", "org.jessies.dalvikexplorer.FileViewerActivity"]}, {"0b2d501438bd8c06404184c30d116fb8": ["10", "org.jessies.dalvikexplorer.FileViewerActivity"]}, {"0b2d501438bd8c06404184c30d116fb8": ["10", "org.jessies.dalvikexplorer.FileViewerActivity"]}, {"0b2d501438bd8c06404184c30d116fb8": ["10", "org.jessies.dalvikexplorer.FileViewerActivity"]}, {"0b2d501438bd8c06404184c30d116fb8": ["10", "org.jessies.dalvikexplorer.FileViewerActivity"]}, {"0b2d501438bd8c06404184c30d116fb8": ["10", "org.jessies.dalvikexplorer.FileViewerActivity"]}, {"0b2d501438bd8c06404184c30d116fb8": ["10", "org.jessies.dalvikexplorer.FileViewerActivity"]}, {"0b2d501438bd8c06404184c30d116fb8": ["10", "org.jessies.dalvikexplorer.FileViewerActivity"]}, {"0b2d501438bd8c06404184c30d116fb8": ["10", "org.jessies.dalvikexplorer.FileViewerActivity"]}, {"0b2d501438bd8c06404184c30d116fb8": ["10", "org.jessies.dalvikexplorer.FileViewerActivity"]}, {"0b2d501438bd8c06404184c30d116fb8": ["10", "org.jessies.dalvikexplorer.FileViewerActivity"]}, {"0b2d501438bd8c06404184c30d116fb8": ["10", "org.jessies.dalvikexplorer.FileViewerActivity"]}, {"0b2d501438bd8c06404184c30d116fb8": ["10", "org.jessies.dalvikexplorer.FileViewerActivity"]}, {"0b2d501438bd8c06404184c30d116fb8": ["10", "org.jessies.dalvikexplorer.FileViewerActivity"]}, {"0b2d501438bd8c06404184c30d116fb8": ["10", "org.jessies.dalvikexplorer.FileViewerActivity"]}, {"0b2d501438bd8c06404184c30d116fb8": ["10", "org.jessies.dalvikexplorer.FileViewerActivity"]}, {"0b2d501438bd8c06404184c30d116fb8": ["10", "org.jessies.dalvikexplorer.FileViewerActivity"]}, {"0b2d501438bd8c06404184c30d116fb8": ["10", "org.jessies.dalvikexplorer.FileViewerActivity"]}, {"0b2d501438bd8c06404184c30d116fb8": ["10", "org.jessies.dalvikexplorer.FileViewerActivity"]}, {"0b2d501438bd8c06404184c30d116fb8": ["10", "org.jessies.dalvikexplorer.FileViewerActivity"]}, {"0b2d501438bd8c06404184c30d116fb8": ["10", "org.jessies.dalvikexplorer.FileViewerActivity"]}, {"0b2d501438bd8c06404184c30d116fb8": ["10", "org.jessies.dalvikexplorer.FileViewerActivity"]}, {"0b2d501438bd8c06404184c30d116fb8": ["10", "org.jessies.dalvikexplorer.FileViewerActivity"]}, {"0b2d501438bd8c06404184c30d116fb8": ["10", "org.jessies.dalvikexplorer.FileViewerActivity"]}, {"0b2d501438bd8c06404184c30d116fb8": ["10", "org.jessies.dalvikexplorer.FileViewerActivity"]}, {"0b2d501438bd8c06404184c30d116fb8": ["10", "org.jessies.dalvikexplorer.FileViewerActivity"]}, {"0b2d501438bd8c06404184c30d116fb8": ["10", "org.jessies.dalvikexplorer.FileViewerActivity"]}, {"0b2d501438bd8c06404184c30d116fb8": ["10", "org.jessies.dalvikexplorer.FileViewerActivity"]}, {"0b2d501438bd8c06404184c30d116fb8": ["10", "org.jessies.dalvikexplorer.FileViewerActivity"]}, {"0b2d501438bd8c06404184c30d116fb8": ["10", "org.jessies.dalvikexplorer.FileViewerActivity"]}, {"0b2d501438bd8c06404184c30d116fb8": ["10", "org.jessies.dalvikexplorer.FileViewerActivity"]}, {"0b2d501438bd8c06404184c30d116fb8": ["10", "org.jessies.dalvikexplorer.FileViewerActivity"]}, {"0b2d501438bd8c06404184c30d116fb8": ["10", "org.jessies.dalvikexplorer.FileViewerActivity"]}, {"0b2d501438bd8c06404184c30d116fb8": ["10", "org.jessies.dalvikexplorer.FileViewerActivity"]}, {"0b2d501438bd8c06404184c30d116fb8": ["10", "org.jessies.dalvikexplorer.FileViewerActivity"]}, {"0b2d501438bd8c06404184c30d116fb8": ["10", "org.jessies.dalvikexplorer.FileViewerActivity"]}, {"0b2d501438bd8c06404184c30d116fb8": ["10", "org.jessies.dalvikexplorer.FileViewerActivity"]}, {"0b2d501438bd8c06404184c30d116fb8": ["10", "org.jessies.dalvikexplorer.FileViewerActivity"]}, {"0b2d501438bd8c06404184c30d116fb8": ["10", "org.jessies.dalvikexplorer.FileViewerActivity"]}, {"0b2d501438bd8c06404184c30d116fb8": ["10", "org.jessies.dalvikexplorer.FileViewerActivity"]}, {"0b2d501438bd8c06404184c30d116fb8": ["10", "org.jessies.dalvikexplorer.FileViewerActivity"]}, {"0b2d501438bd8c06404184c30d116fb8": ["10", "org.jessies.dalvikexplorer.FileViewerActivity"]}, {"0b2d501438bd8c06404184c30d116fb8": ["10", "org.jessies.dalvikexplorer.FileViewerActivity"]}, {"0b2d501438bd8c06404184c30d116fb8": ["10", "org.jessies.dalvikexplorer.FileViewerActivity"]}, {"0b2d501438bd8c06404184c30d116fb8": ["10", "org.jessies.dalvikexplorer.FileViewerActivity"]}, {"0b2d501438bd8c06404184c30d116fb8": ["10", "org.jessies.dalvikexplorer.FileViewerActivity"]}, {"0b2d501438bd8c06404184c30d116fb8": ["10", "org.jessies.dalvikexplorer.FileViewerActivity"]}, {"0b2d501438bd8c06404184c30d116fb8": ["10", "org.jessies.dalvikexplorer.FileViewerActivity"]}, {"0b2d501438bd8c06404184c30d116fb8": ["10", "org.jessies.dalvikexplorer.FileViewerActivity"]}, {"0b2d501438bd8c06404184c30d116fb8": ["10", "org.jessies.dalvikexplorer.FileViewerActivity"]}, {"0b2d501438bd8c06404184c30d116fb8": ["10", "org.jessies.dalvikexplorer.FileViewerActivity"]}, {"0b2d501438bd8c06404184c30d116fb8": ["10", "org.jessies.dalvikexplorer.FileViewerActivity"]}, {"0b2d501438bd8c06404184c30d116fb8": ["10", "org.jessies.dalvikexplorer.FileViewerActivity"]}, {"0b2d501438bd8c06404184c30d116fb8": ["10", "org.jessies.dalvikexplorer.FileViewerActivity"]}, {"0b2d501438bd8c06404184c30d116fb8": ["10", "org.jessies.dalvikexplorer.FileViewerActivity"]}, {"0b2d501438bd8c06404184c30d116fb8": ["10", "org.jessies.dalvikexplorer.FileViewerActivity"]}, {"0b2d501438bd8c06404184c30d116fb8": ["10", "org.jessies.dalvikexplorer.FileViewerActivity"]}, {"0b2d501438bd8c06404184c30d116fb8": ["10", "org.jessies.dalvikexplorer.FileViewerActivity"]}, {"0b2d501438bd8c06404184c30d116fb8": ["10", "org.jessies.dalvikexplorer.FileViewerActivity"]}, {"0b2d501438bd8c06404184c30d116fb8": ["10", "org.jessies.dalvikexplorer.FileViewerActivity"]}, {"0b2d501438bd8c06404184c30d116fb8": ["10", "org.jessies.dalvikexplorer.FileViewerActivity"]}, {"0b2d501438bd8c06404184c30d116fb8": ["10", "org.jessies.dalvikexplorer.FileViewerActivity"]}, {"0b2d501438bd8c06404184c30d116fb8": ["10", "org.jessies.dalvikexplorer.FileViewerActivity"]}, {"0b2d501438bd8c06404184c30d116fb8": ["10", "org.jessies.dalvikexplorer.FileViewerActivity"]}, {"0b2d501438bd8c06404184c30d116fb8": ["10", "org.jessies.dalvikexplorer.FileViewerActivity"]}, {"0b2d501438bd8c06404184c30d116fb8": ["10", "org.jessies.dalvikexplorer.FileViewerActivity"]}, {"0b2d501438bd8c06404184c30d116fb8": ["10", "org.jessies.dalvikexplorer.FileViewerActivity"]}, {"0b2d501438bd8c06404184c30d116fb8": ["10", "org.jessies.dalvikexplorer.FileViewerActivity"]}, {"0b2d501438bd8c06404184c30d116fb8": ["10", "org.jessies.dalvikexplorer.FileViewerActivity"]}, {"0b2d501438bd8c06404184c30d116fb8": ["10", "org.jessies.dalvikexplorer.FileViewerActivity"]}, {"0b2d501438bd8c06404184c30d116fb8": ["10", "org.jessies.dalvikexplorer.FileViewerActivity"]}, {"0b2d501438bd8c06404184c30d116fb8": ["10", "org.jessies.dalvikexplorer.FileViewerActivity"]}, {"0b2d501438bd8c06404184c30d116fb8": ["10", "org.jessies.dalvikexplorer.FileViewerActivity"]}, {"0b2d501438bd8c06404184c30d116fb8": ["10", "org.jessies.dalvikexplorer.FileViewerActivity"]}, {"0b2d501438bd8c06404184c30d116fb8": ["10", "org.jessies.dalvikexplorer.FileViewerActivity"]}, {"0b2d501438bd8c06404184c30d116fb8": ["10", "org.jessies.dalvikexplorer.FileViewerActivity"]}, {"0b2d501438bd8c06404184c30d116fb8": ["10", "org.jessies.dalvikexplorer.FileViewerActivity"]}, {"0b2d501438bd8c06404184c30d116fb8": ["10", "org.jessies.dalvikexplorer.FileViewerActivity"]}, {"0b2d501438bd8c06404184c30d116fb8": ["10", "org.jessies.dalvikexplorer.FileViewerActivity"]}, {"0b2d501438bd8c06404184c30d116fb8": ["10", "org.jessies.dalvikexplorer.FileViewerActivity"]}, {"0b2d501438bd8c06404184c30d116fb8": ["10", "org.jessies.dalvikexplorer.FileViewerActivity"]}, {"0b2d501438bd8c06404184c30d116fb8": ["10", "org.jessies.dalvikexplorer.FileViewerActivity"]}, {"0b2d501438bd8c06404184c30d116fb8": ["10", "org.jessies.dalvikexplorer.FileViewerActivity"]}, {"0b2d501438bd8c06404184c30d116fb8": ["10", "org.jessies.dalvikexplorer.FileViewerActivity"]}, {"0b2d501438bd8c06404184c30d116fb8": ["10", "org.jessies.dalvikexplorer.FileViewerActivity"]}, {"0b2d501438bd8c06404184c30d116fb8": ["10", "org.jessies.dalvikexplorer.FileViewerActivity"]}, {"0b2d501438bd8c06404184c30d116fb8": ["10", "org.jessies.dalvikexplorer.FileViewerActivity"]}, {"0b2d501438bd8c06404184c30d116fb8": ["10", "org.jessies.dalvikexplorer.FileViewerActivity"]}, {"0b2d501438bd8c06404184c30d116fb8": ["10", "org.jessies.dalvikexplorer.FileViewerActivity"]}, {"0b2d501438bd8c06404184c30d116fb8": ["10", "org.jessies.dalvikexplorer.FileViewerActivity"]}, {"0b2d501438bd8c06404184c30d116fb8": ["10", "org.jessies.dalvikexplorer.FileViewerActivity"]}, {"0b2d501438bd8c06404184c30d116fb8": ["10", "org.jessies.dalvikexplorer.FileViewerActivity"]}, {"0b2d501438bd8c06404184c30d116fb8": ["10", "org.jessies.dalvikexplorer.FileViewerActivity"]}, {"449bfc86d7a72e64e358d3e32697a472": ["13", "org.jessies.dalvikexplorer.FileSystemActivity"]}, {"449bfc86d7a72e64e358d3e32697a472": ["13", "org.jessies.dalvikexplorer.FileSystemActivity"]}, {"449bfc86d7a72e64e358d3e32697a472": ["13", "org.jessies.dalvikexplorer.FileSystemActivity"]}, {"c1bf26e78e0f1675ea247e64c460593e": ["9", "org.jessies.dalvikexplorer.FileViewerActivity"]}, {"0b2d501438bd8c06404184c30d116fb8": ["10", "org.jessies.dalvikexplorer.FileViewerActivity"]}, {"0b2d501438bd8c06404184c30d116fb8": ["10", "org.jessies.dalvikexplorer.FileViewerActivity"]}, {"0b2d501438bd8c06404184c30d116fb8": ["10", "org.jessies.dalvikexplorer.FileViewerActivity"]}, {"0b2d501438bd8c06404184c30d116fb8": ["10", "org.jessies.dalvikexplorer.FileViewerActivity"]}, {"0b2d501438bd8c06404184c30d116fb8": ["10", "org.jessies.dalvikexplorer.FileViewerActivity"]}, {"449bfc86d7a72e64e358d3e32697a472": ["13", "org.jessies.dalvikexplorer.FileSystemActivity"]}, {"c1bf26e78e0f1675ea247e64c460593e": ["9", "org.jessies.dalvikexplorer.FileViewerActivity"]}, {"0b2d501438bd8c06404184c30d116fb8": ["10", "org.jessies.dalvikexplorer.FileViewerActivity"]}, {"0b2d501438bd8c06404184c30d116fb8": ["10", "org.jessies.dalvikexplorer.FileViewerActivity"]}, {"0b2d501438bd8c06404184c30d116fb8": ["10", "org.jessies.dalvikexplorer.FileViewerActivity"]}, {"0b2d501438bd8c06404184c30d116fb8": ["10", "org.jessies.dalvikexplorer.FileViewerActivity"]}, {"0b2d501438bd8c06404184c30d116fb8": ["10", "org.jessies.dalvikexplorer.FileViewerActivity"]}, {"0b2d501438bd8c06404184c30d116fb8": ["10", "org.jessies.dalvikexplorer.FileViewerActivity"]}, {"0b2d501438bd8c06404184c30d116fb8": ["10", "org.jessies.dalvikexplorer.FileViewerActivity"]}, {"0b2d501438bd8c06404184c30d116fb8": ["10", "org.jessies.dalvikexplorer.FileViewerActivity"]}, {"0b2d501438bd8c06404184c30d116fb8": ["10", "org.jessies.dalvikexplorer.FileViewerActivity"]}, {"0b2d501438bd8c06404184c30d116fb8": ["10", "org.jessies.dalvikexplorer.FileViewerActivity"]}, {"0b2d501438bd8c06404184c30d116fb8": ["10", "org.jessies.dalvikexplorer.FileViewerActivity"]}, {"0b2d501438bd8c06404184c30d116fb8": ["10", "org.jessies.dalvikexplorer.FileViewerActivity"]}, {"0b2d501438bd8c06404184c30d116fb8": ["10", "org.jessies.dalvikexplorer.FileViewerActivity"]}, {"0b2d501438bd8c06404184c30d116fb8": ["10", "org.jessies.dalvikexplorer.FileViewerActivity"]}, {"0b2d501438bd8c06404184c30d116fb8": ["10", "org.jessies.dalvikexplorer.FileViewerActivity"]}, {"0b2d501438bd8c06404184c30d116fb8": ["10", "org.jessies.dalvikexplorer.FileViewerActivity"]}, {"0b2d501438bd8c06404184c30d116fb8": ["10", "org.jessies.dalvikexplorer.FileViewerActivity"]}, {"0b2d501438bd8c06404184c30d116fb8": ["10", "org.jessies.dalvikexplorer.FileViewerActivity"]}, {"0b2d501438bd8c06404184c30d116fb8": ["10", "org.jessies.dalvikexplorer.FileViewerActivity"]}, {"0b2d501438bd8c06404184c30d116fb8": ["10", "org.jessies.dalvikexplorer.FileViewerActivity"]}, {"0b2d501438bd8c06404184c30d116fb8": ["10", "org.jessies.dalvikexplorer.FileViewerActivity"]}, {"0b2d501438bd8c06404184c30d116fb8": ["10", "org.jessies.dalvikexplorer.FileViewerActivity"]}, {"0b2d501438bd8c06404184c30d116fb8": ["10", "org.jessies.dalvikexplorer.FileViewerActivity"]}, {"0b2d501438bd8c06404184c30d116fb8": ["10", "org.jessies.dalvikexplorer.FileViewerActivity"]}, {"0b2d501438bd8c06404184c30d116fb8": ["10", "org.jessies.dalvikexplorer.FileViewerActivity"]}, {"0b2d501438bd8c06404184c30d116fb8": ["10", "org.jessies.dalvikexplorer.FileViewerActivity"]}, {"0b2d501438bd8c06404184c30d116fb8": ["10", "org.jessies.dalvikexplorer.FileViewerActivity"]}, {"0b2d501438bd8c06404184c30d116fb8": ["10", "org.jessies.dalvikexplorer.FileViewerActivity"]}, {"0b2d501438bd8c06404184c30d116fb8": ["10", "org.jessies.dalvikexplorer.FileViewerActivity"]}, {"0b2d501438bd8c06404184c30d116fb8": ["10", "org.jessies.dalvikexplorer.FileViewerActivity"]}, {"0b2d501438bd8c06404184c30d116fb8": ["10", "org.jessies.dalvikexplorer.FileViewerActivity"]}, {"0b2d501438bd8c06404184c30d116fb8": ["10", "org.jessies.dalvikexplorer.FileViewerActivity"]}, {"0b2d501438bd8c06404184c30d116fb8": ["10", "org.jessies.dalvikexplorer.FileViewerActivity"]}, {"0b2d501438bd8c06404184c30d116fb8": ["10", "org.jessies.dalvikexplorer.FileViewerActivity"]}, {"0b2d501438bd8c06404184c30d116fb8": ["10", "org.jessies.dalvikexplorer.FileViewerActivity"]}, {"0b2d501438bd8c06404184c30d116fb8": ["10", "org.jessies.dalvikexplorer.FileViewerActivity"]}, {"0b2d501438bd8c06404184c30d116fb8": ["10", "org.jessies.dalvikexplorer.FileViewerActivity"]}, {"0b2d501438bd8c06404184c30d116fb8": ["10", "org.jessies.dalvikexplorer.FileViewerActivity"]}, {"0b2d501438bd8c06404184c30d116fb8": ["10", "org.jessies.dalvikexplorer.FileViewerActivity"]}, {"0b2d501438bd8c06404184c30d116fb8": ["10", "org.jessies.dalvikexplorer.FileViewerActivity"]}, {"0b2d501438bd8c06404184c30d116fb8": ["10", "org.jessies.dalvikexplorer.FileViewerActivity"]}, {"0b2d501438bd8c06404184c30d116fb8": ["10", "org.jessies.dalvikexplorer.FileViewerActivity"]}, {"0b2d501438bd8c06404184c30d116fb8": ["10", "org.jessies.dalvikexplorer.FileViewerActivity"]}, {"0b2d501438bd8c06404184c30d116fb8": ["10", "org.jessies.dalvikexplorer.FileViewerActivity"]}, {"0b2d501438bd8c06404184c30d116fb8": ["10", "org.jessies.dalvikexplorer.FileViewerActivity"]}, {"0b2d501438bd8c06404184c30d116fb8": ["10", "org.jessies.dalvikexplorer.FileViewerActivity"]}, {"0b2d501438bd8c06404184c30d116fb8": ["10", "org.jessies.dalvikexplorer.FileViewerActivity"]}, {"0b2d501438bd8c06404184c30d116fb8": ["10", "org.jessies.dalvikexplorer.FileViewerActivity"]}, {"0b2d501438bd8c06404184c30d116fb8": ["10", "org.jessies.dalvikexplorer.FileViewerActivity"]}, {"0b2d501438bd8c06404184c30d116fb8": ["10", "org.jessies.dalvikexplorer.FileViewerActivity"]}, {"0b2d501438bd8c06404184c30d116fb8": ["10", "org.jessies.dalvikexplorer.FileViewerActivity"]}, {"0b2d501438bd8c06404184c30d116fb8": ["10", "org.jessies.dalvikexplorer.FileViewerActivity"]}, {"0b2d501438bd8c06404184c30d116fb8": ["10", "org.jessies.dalvikexplorer.FileViewerActivity"]}, {"0b2d501438bd8c06404184c30d116fb8": ["10", "org.jessies.dalvikexplorer.FileViewerActivity"]}, {"0b2d501438bd8c06404184c30d116fb8": ["10", "org.jessies.dalvikexplorer.FileViewerActivity"]}, {"0b2d501438bd8c06404184c30d116fb8": ["10", "org.jessies.dalvikexplorer.FileViewerActivity"]}, {"0b2d501438bd8c06404184c30d116fb8": ["10", "org.jessies.dalvikexplorer.FileViewerActivity"]}, {"0b2d501438bd8c06404184c30d116fb8": ["10", "org.jessies.dalvikexplorer.FileViewerActivity"]}, {"0b2d501438bd8c06404184c30d116fb8": ["10", "org.jessies.dalvikexplorer.FileViewerActivity"]}, {"0b2d501438bd8c06404184c30d116fb8": ["10", "org.jessies.dalvikexplorer.FileViewerActivity"]}, {"0b2d501438bd8c06404184c30d116fb8": ["10", "org.jessies.dalvikexplorer.FileViewerActivity"]}, {"0b2d501438bd8c06404184c30d116fb8": ["10", "org.jessies.dalvikexplorer.FileViewerActivity"]}, {"0b2d501438bd8c06404184c30d116fb8": ["10", "org.jessies.dalvikexplorer.FileViewerActivity"]}, {"0b2d501438bd8c06404184c30d116fb8": ["10", "org.jessies.dalvikexplorer.FileViewerActivity"]}, {"0b2d501438bd8c06404184c30d116fb8": ["10", "org.jessies.dalvikexplorer.FileViewerActivity"]}, {"0b2d501438bd8c06404184c30d116fb8": ["10", "org.jessies.dalvikexplorer.FileViewerActivity"]}, {"0b2d501438bd8c06404184c30d116fb8": ["10", "org.jessies.dalvikexplorer.FileViewerActivity"]}, {"0b2d501438bd8c06404184c30d116fb8": ["10", "org.jessies.dalvikexplorer.FileViewerActivity"]}, {"0b2d501438bd8c06404184c30d116fb8": ["10", "org.jessies.dalvikexplorer.FileViewerActivity"]}, {"0b2d501438bd8c06404184c30d116fb8": ["10", "org.jessies.dalvikexplorer.FileViewerActivity"]}, {"0b2d501438bd8c06404184c30d116fb8": ["10", "org.jessies.dalvikexplorer.FileViewerActivity"]}, {"a9ef03cc20d39bd3d3b029e0025ef1b4": ["8", "org.jessies.dalvikexplorer.FileSystemActivity"]}, {"c1bf26e78e0f1675ea247e64c460593e": ["9", "org.jessies.dalvikexplorer.FileViewerActivity"]}, {"0b2d501438bd8c06404184c30d116fb8": ["10", "org.jessies.dalvikexplorer.FileViewerActivity"]}, {"0b2d501438bd8c06404184c30d116fb8": ["10", "org.jessies.dalvikexplorer.FileViewerActivity"]}, {"0b2d501438bd8c06404184c30d116fb8": ["10", "org.jessies.dalvikexplorer.FileViewerActivity"]}, {"0b2d501438bd8c06404184c30d116fb8": ["10", "org.jessies.dalvikexplorer.FileViewerActivity"]}, {"0b2d501438bd8c06404184c30d116fb8": ["10", "org.jessies.dalvikexplorer.FileViewerActivity"]}, {"0b2d501438bd8c06404184c30d116fb8": ["10", "org.jessies.dalvikexplorer.FileViewerActivity"]}, {"0b2d501438bd8c06404184c30d116fb8": ["10", "org.jessies.dalvikexplorer.FileViewerActivity"]}, {"0b2d501438bd8c06404184c30d116fb8": ["10", "org.jessies.dalvikexplorer.FileViewerActivity"]}, {"0b2d501438bd8c06404184c30d116fb8": ["10", "org.jessies.dalvikexplorer.FileViewerActivity"]}, {"0b2d501438bd8c06404184c30d116fb8": ["10", "org.jessies.dalvikexplorer.FileViewerActivity"]}, {"0b2d501438bd8c06404184c30d116fb8": ["10", "org.jessies.dalvikexplorer.FileViewerActivity"]}, {"0b2d501438bd8c06404184c30d116fb8": ["10", "org.jessies.dalvikexplorer.FileViewerActivity"]}, {"0b2d501438bd8c06404184c30d116fb8": ["10", "org.jessies.dalvikexplorer.FileViewerActivity"]}, {"0b2d501438bd8c06404184c30d116fb8": ["10", "org.jessies.dalvikexplorer.FileViewerActivity"]}, {"0b2d501438bd8c06404184c30d116fb8": ["10", "org.jessies.dalvikexplorer.FileViewerActivity"]}, {"0b2d501438bd8c06404184c30d116fb8": ["10", "org.jessies.dalvikexplorer.FileViewerActivity"]}, {"0b2d501438bd8c06404184c30d116fb8": ["10", "org.jessies.dalvikexplorer.FileViewerActivity"]}, {"0b2d501438bd8c06404184c30d116fb8": ["10", "org.jessies.dalvikexplorer.FileViewerActivity"]}, {"0b2d501438bd8c06404184c30d116fb8": ["10", "org.jessies.dalvikexplorer.FileViewerActivity"]}, {"0b2d501438bd8c06404184c30d116fb8": ["10", "org.jessies.dalvikexplorer.FileViewerActivity"]}, {"0b2d501438bd8c06404184c30d116fb8": ["10", "org.jessies.dalvikexplorer.FileViewerActivity"]}, {"0b2d501438bd8c06404184c30d116fb8": ["10", "org.jessies.dalvikexplorer.FileViewerActivity"]}, {"0b2d501438bd8c06404184c30d116fb8": ["10", "org.jessies.dalvikexplorer.FileViewerActivity"]}, {"0b2d501438bd8c06404184c30d116fb8": ["10", "org.jessies.dalvikexplorer.FileViewerActivity"]}, {"0b2d501438bd8c06404184c30d116fb8": ["10", "org.jessies.dalvikexplorer.FileViewerActivity"]}, {"0b2d501438bd8c06404184c30d116fb8": ["10", "org.jessies.dalvikexplorer.FileViewerActivity"]}, {"0b2d501438bd8c06404184c30d116fb8": ["10", "org.jessies.dalvikexplorer.FileViewerActivity"]}, {"0b2d501438bd8c06404184c30d116fb8": ["10", "org.jessies.dalvikexplorer.FileViewerActivity"]}, {"0b2d501438bd8c06404184c30d116fb8": ["10", "org.jessies.dalvikexplorer.FileViewerActivity"]}, {"0b2d501438bd8c06404184c30d116fb8": ["10", "org.jessies.dalvikexplorer.FileViewerActivity"]}, {"0b2d501438bd8c06404184c30d116fb8": ["10", "org.jessies.dalvikexplorer.FileViewerActivity"]}, {"0b2d501438bd8c06404184c30d116fb8": ["10", "org.jessies.dalvikexplorer.FileViewerActivity"]}, {"0b2d501438bd8c06404184c30d116fb8": ["10", "org.jessies.dalvikexplorer.FileViewerActivity"]}, {"0b2d501438bd8c06404184c30d116fb8": ["10", "org.jessies.dalvikexplorer.FileViewerActivity"]}, {"0b2d501438bd8c06404184c30d116fb8": ["10", "org.jessies.dalvikexplorer.FileViewerActivity"]}, {"0b2d501438bd8c06404184c30d116fb8": ["10", "org.jessies.dalvikexplorer.FileViewerActivity"]}, {"0b2d501438bd8c06404184c30d116fb8": ["10", "org.jessies.dalvikexplorer.FileViewerActivity"]}, {"0b2d501438bd8c06404184c30d116fb8": ["10", "org.jessies.dalvikexplorer.FileViewerActivity"]}, {"c1bf26e78e0f1675ea247e64c460593e": ["9", "org.jessies.dalvikexplorer.FileViewerActivity"]}, {"0b2d501438bd8c06404184c30d116fb8": ["10", "org.jessies.dalvikexplorer.FileViewerActivity"]}, {"0b2d501438bd8c06404184c30d116fb8": ["10", "org.jessies.dalvikexplorer.FileViewerActivity"]}, {"0b2d501438bd8c06404184c30d116fb8": ["10", "org.jessies.dalvikexplorer.FileViewerActivity"]}, {"0b2d501438bd8c06404184c30d116fb8": ["10", "org.jessies.dalvikexplorer.FileViewerActivity"]}, {"0b2d501438bd8c06404184c30d116fb8": ["10", "org.jessies.dalvikexplorer.FileViewerActivity"]}, {"0b2d501438bd8c06404184c30d116fb8": ["10", "org.jessies.dalvikexplorer.FileViewerActivity"]}, {"0b2d501438bd8c06404184c30d116fb8": ["10", "org.jessies.dalvikexplorer.FileViewerActivity"]}, {"0b2d501438bd8c06404184c30d116fb8": ["10", "org.jessies.dalvikexplorer.FileViewerActivity"]}, {"0b2d501438bd8c06404184c30d116fb8": ["10", "org.jessies.dalvikexplorer.FileViewerActivity"]}, {"0b2d501438bd8c06404184c30d116fb8": ["10", "org.jessies.dalvikexplorer.FileViewerActivity"]}, {"0b2d501438bd8c06404184c30d116fb8": ["10", "org.jessies.dalvikexplorer.FileViewerActivity"]}, {"0b2d501438bd8c06404184c30d116fb8": ["10", "org.jessies.dalvikexplorer.FileViewerActivity"]}, {"0b2d501438bd8c06404184c30d116fb8": ["10", "org.jessies.dalvikexplorer.FileViewerActivity"]}, {"0b2d501438bd8c06404184c30d116fb8": ["10", "org.jessies.dalvikexplorer.FileViewerActivity"]}, {"0b2d501438bd8c06404184c30d116fb8": ["10", "org.jessies.dalvikexplorer.FileViewerActivity"]}, {"0b2d501438bd8c06404184c30d116fb8": ["10", "org.jessies.dalvikexplorer.FileViewerActivity"]}, {"0b2d501438bd8c06404184c30d116fb8": ["10", "org.jessies.dalvikexplorer.FileViewerActivity"]}, {"0b2d501438bd8c06404184c30d116fb8": ["10", "org.jessies.dalvikexplorer.FileViewerActivity"]}, {"0b2d501438bd8c06404184c30d116fb8": ["10", "org.jessies.dalvikexplorer.FileViewerActivity"]}, {"0b2d501438bd8c06404184c30d116fb8": ["10", "org.jessies.dalvikexplorer.FileViewerActivity"]}, {"0b2d501438bd8c06404184c30d116fb8": ["10", "org.jessies.dalvikexplorer.FileViewerActivity"]}, {"0b2d501438bd8c06404184c30d116fb8": ["10", "org.jessies.dalvikexplorer.FileViewerActivity"]}, {"0b2d501438bd8c06404184c30d116fb8": ["10", "org.jessies.dalvikexplorer.FileViewerActivity"]}, {"0b2d501438bd8c06404184c30d116fb8": ["10", "org.jessies.dalvikexplorer.FileViewerActivity"]}, {"0b2d501438bd8c06404184c30d116fb8": ["10", "org.jessies.dalvikexplorer.FileViewerActivity"]}, {"0b2d501438bd8c06404184c30d116fb8": ["10", "org.jessies.dalvikexplorer.FileViewerActivity"]}, {"0b2d501438bd8c06404184c30d116fb8": ["10", "org.jessies.dalvikexplorer.FileViewerActivity"]}, {"0b2d501438bd8c06404184c30d116fb8": ["10", "org.jessies.dalvikexplorer.FileViewerActivity"]}, {"0b2d501438bd8c06404184c30d116fb8": ["10", "org.jessies.dalvikexplorer.FileViewerActivity"]}, {"0b2d501438bd8c06404184c30d116fb8": ["10", "org.jessies.dalvikexplorer.FileViewerActivity"]}, {"0b2d501438bd8c06404184c30d116fb8": ["10", "org.jessies.dalvikexplorer.FileViewerActivity"]}, {"0b2d501438bd8c06404184c30d116fb8": ["10", "org.jessies.dalvikexplorer.FileViewerActivity"]}, {"0b2d501438bd8c06404184c30d116fb8": ["10", "org.jessies.dalvikexplorer.FileViewerActivity"]}, {"0b2d501438bd8c06404184c30d116fb8": ["10", "org.jessies.dalvikexplorer.FileViewerActivity"]}, {"0b2d501438bd8c06404184c30d116fb8": ["10", "org.jessies.dalvikexplorer.FileViewerActivity"]}, {"0b2d501438bd8c06404184c30d116fb8": ["10", "org.jessies.dalvikexplorer.FileViewerActivity"]}, {"0b2d501438bd8c06404184c30d116fb8": ["10", "org.jessies.dalvikexplorer.FileViewerActivity"]}, {"0b2d501438bd8c06404184c30d116fb8": ["10", "org.jessies.dalvikexplorer.FileViewerActivity"]}, {"0b2d501438bd8c06404184c30d116fb8": ["10", "org.jessies.dalvikexplorer.FileViewerActivity"]}, {"0b2d501438bd8c06404184c30d116fb8": ["10", "org.jessies.dalvikexplorer.FileViewerActivity"]}, {"0b2d501438bd8c06404184c30d116fb8": ["10", "org.jessies.dalvikexplorer.FileViewerActivity"]}, {"0b2d501438bd8c06404184c30d116fb8": ["10", "org.jessies.dalvikexplorer.FileViewerActivity"]}, {"0b2d501438bd8c06404184c30d116fb8": ["10", "org.jessies.dalvikexplorer.FileViewerActivity"]}, {"0b2d501438bd8c06404184c30d116fb8": ["10", "org.jessies.dalvikexplorer.FileViewerActivity"]}, {"0b2d501438bd8c06404184c30d116fb8": ["10", "org.jessies.dalvikexplorer.FileViewerActivity"]}, {"0b2d501438bd8c06404184c30d116fb8": ["10", "org.jessies.dalvikexplorer.FileViewerActivity"]}, {"0b2d501438bd8c06404184c30d116fb8": ["10", "org.jessies.dalvikexplorer.FileViewerActivity"]}, {"0b2d501438bd8c06404184c30d116fb8": ["10", "org.jessies.dalvikexplorer.FileViewerActivity"]}, {"0b2d501438bd8c06404184c30d116fb8": ["10", "org.jessies.dalvikexplorer.FileViewerActivity"]}, {"0b2d501438bd8c06404184c30d116fb8": ["10", "org.jessies.dalvikexplorer.FileViewerActivity"]}, {"0b2d501438bd8c06404184c30d116fb8": ["10", "org.jessies.dalvikexplorer.FileViewerActivity"]}, {"0b2d501438bd8c06404184c30d116fb8": ["10", "org.jessies.dalvikexplorer.FileViewerActivity"]}, {"0b2d501438bd8c06404184c30d116fb8": ["10", "org.jessies.dalvikexplorer.FileViewerActivity"]}, {"0b2d501438bd8c06404184c30d116fb8": ["10", "org.jessies.dalvikexplorer.FileViewerActivity"]}, {"0b2d501438bd8c06404184c30d116fb8": ["10", "org.jessies.dalvikexplorer.FileViewerActivity"]}, {"0b2d501438bd8c06404184c30d116fb8": ["10", "org.jessies.dalvikexplorer.FileViewerActivity"]}, {"0b2d501438bd8c06404184c30d116fb8": ["10", "org.jessies.dalvikexplorer.FileViewerActivity"]}, {"0b2d501438bd8c06404184c30d116fb8": ["10", "org.jessies.dalvikexplorer.FileViewerActivity"]}, {"0b2d501438bd8c06404184c30d116fb8": ["10", "org.jessies.dalvikexplorer.FileViewerActivity"]}, {"0b2d501438bd8c06404184c30d116fb8": ["10", "org.jessies.dalvikexplorer.FileViewerActivity"]}, {"0b2d501438bd8c06404184c30d116fb8": ["10", "org.jessies.dalvikexplorer.FileViewerActivity"]}, {"0b2d501438bd8c06404184c30d116fb8": ["10", "org.jessies.dalvikexplorer.FileViewerActivity"]}, {"0b2d501438bd8c06404184c30d116fb8": ["10", "org.jessies.dalvikexplorer.FileViewerActivity"]}, {"0b2d501438bd8c06404184c30d116fb8": ["10", "org.jessies.dalvikexplorer.FileViewerActivity"]}, {"0b2d501438bd8c06404184c30d116fb8": ["10", "org.jessies.dalvikexplorer.FileViewerActivity"]}, {"0b2d501438bd8c06404184c30d116fb8": ["10", "org.jessies.dalvikexplorer.FileViewerActivity"]}, {"0b2d501438bd8c06404184c30d116fb8": ["10", "org.jessies.dalvikexplorer.FileViewerActivity"]}, {"0b2d501438bd8c06404184c30d116fb8": ["10", "org.jessies.dalvikexplorer.FileViewerActivity"]}, {"0b2d501438bd8c06404184c30d116fb8": ["10", "org.jessies.dalvikexplorer.FileViewerActivity"]}, {"0b2d501438bd8c06404184c30d116fb8": ["10", "org.jessies.dalvikexplorer.FileViewerActivity"]}, {"0b2d501438bd8c06404184c30d116fb8": ["10", "org.jessies.dalvikexplorer.FileViewerActivity"]}, {"0b2d501438bd8c06404184c30d116fb8": ["10", "org.jessies.dalvikexplorer.FileViewerActivity"]}, {"0b2d501438bd8c06404184c30d116fb8": ["10", "org.jessies.dalvikexplorer.FileViewerActivity"]}, {"0b2d501438bd8c06404184c30d116fb8": ["10", "org.jessies.dalvikexplorer.FileViewerActivity"]}, {"0b2d501438bd8c06404184c30d116fb8": ["10", "org.jessies.dalvikexplorer.FileViewerActivity"]}, {"0b2d501438bd8c06404184c30d116fb8": ["10", "org.jessies.dalvikexplorer.FileViewerActivity"]}, {"0b2d501438bd8c06404184c30d116fb8": ["10", "org.jessies.dalvikexplorer.FileViewerActivity"]}, {"0b2d501438bd8c06404184c30d116fb8": ["10", "org.jessies.dalvikexplorer.FileViewerActivity"]}, {"0b2d501438bd8c06404184c30d116fb8": ["10", "org.jessies.dalvikexplorer.FileViewerActivity"]}, {"0b2d501438bd8c06404184c30d116fb8": ["10", "org.jessies.dalvikexplorer.FileViewerActivity"]}, {"0b2d501438bd8c06404184c30d116fb8": ["10", "org.jessies.dalvikexplorer.FileViewerActivity"]}, {"0b2d501438bd8c06404184c30d116fb8": ["10", "org.jessies.dalvikexplorer.FileViewerActivity"]}, {"0b2d501438bd8c06404184c30d116fb8": ["10", "org.jessies.dalvikexplorer.FileViewerActivity"]}, {"0b2d501438bd8c06404184c30d116fb8": ["10", "org.jessies.dalvikexplorer.FileViewerActivity"]}, {"0b2d501438bd8c06404184c30d116fb8": ["10", "org.jessies.dalvikexplorer.FileViewerActivity"]}, {"0b2d501438bd8c06404184c30d116fb8": ["10", "org.jessies.dalvikexplorer.FileViewerActivity"]}, {"0b2d501438bd8c06404184c30d116fb8": ["10", "org.jessies.dalvikexplorer.FileViewerActivity"]}, {"0b2d501438bd8c06404184c30d116fb8": ["10", "org.jessies.dalvikexplorer.FileViewerActivity"]}, {"0b2d501438bd8c06404184c30d116fb8": ["10", "org.jessies.dalvikexplorer.FileViewerActivity"]}, {"0b2d501438bd8c06404184c30d116fb8": ["10", "org.jessies.dalvikexplorer.FileViewerActivity"]}, {"0b2d501438bd8c06404184c30d116fb8": ["10", "org.jessies.dalvikexplorer.FileViewerActivity"]}, {"0b2d501438bd8c06404184c30d116fb8": ["10", "org.jessies.dalvikexplorer.FileViewerActivity"]}, {"0b2d501438bd8c06404184c30d116fb8": ["10", "org.jessies.dalvikexplorer.FileViewerActivity"]}, {"0b2d501438bd8c06404184c30d116fb8": ["10", "org.jessies.dalvikexplorer.FileViewerActivity"]}, {"0b2d501438bd8c06404184c30d116fb8": ["10", "org.jessies.dalvikexplorer.FileViewerActivity"]}, {"0b2d501438bd8c06404184c30d116fb8": ["10", "org.jessies.dalvikexplorer.FileViewerActivity"]}, {"0b2d501438bd8c06404184c30d116fb8": ["10", "org.jessies.dalvikexplorer.FileViewerActivity"]}, {"0b2d501438bd8c06404184c30d116fb8": ["10", "org.jessies.dalvikexplorer.FileViewerActivity"]}, {"0b2d501438bd8c06404184c30d116fb8": ["10", "org.jessies.dalvikexplorer.FileViewerActivity"]}, {"0b2d501438bd8c06404184c30d116fb8": ["10", "org.jessies.dalvikexplorer.FileViewerActivity"]}, {"0b2d501438bd8c06404184c30d116fb8": ["10", "org.jessies.dalvikexplorer.FileViewerActivity"]}, {"0b2d501438bd8c06404184c30d116fb8": ["10", "org.jessies.dalvikexplorer.FileViewerActivity"]}, {"0b2d501438bd8c06404184c30d116fb8": ["10", "org.jessies.dalvikexplorer.FileViewerActivity"]}, {"0b2d501438bd8c06404184c30d116fb8": ["10", "org.jessies.dalvikexplorer.FileViewerActivity"]}, {"0b2d501438bd8c06404184c30d116fb8": ["10", "org.jessies.dalvikexplorer.FileViewerActivity"]}, {"0b2d501438bd8c06404184c30d116fb8": ["10", "org.jessies.dalvikexplorer.FileViewerActivity"]}, {"a9ef03cc20d39bd3d3b029e0025ef1b4": ["8", "org.jessies.dalvikexplorer.FileSystemActivity"]}, {"a9ef03cc20d39bd3d3b029e0025ef1b4": ["8", "org.jessies.dalvikexplorer.FileSystemActivity"]}, {"a9ef03cc20d39bd3d3b029e0025ef1b4": ["8", "org.jessies.dalvikexplorer.FileSystemActivity"]}, {"a9ef03cc20d39bd3d3b029e0025ef1b4": ["8", "org.jessies.dalvikexplorer.FileSystemActivity"]}, {"a9ef03cc20d39bd3d3b029e0025ef1b4": ["8", "org.jessies.dalvikexplorer.FileSystemActivity"]}, {"c1bf26e78e0f1675ea247e64c460593e": ["9", "org.jessies.dalvikexplorer.FileViewerActivity"]}, {"0b2d501438bd8c06404184c30d116fb8": ["10", "org.jessies.dalvikexplorer.FileViewerActivity"]}, {"0b2d501438bd8c06404184c30d116fb8": ["10", "org.jessies.dalvikexplorer.FileViewerActivity"]}, {"0b2d501438bd8c06404184c30d116fb8": ["10", "org.jessies.dalvikexplorer.FileViewerActivity"]}, {"0b2d501438bd8c06404184c30d116fb8": ["10", "org.jessies.dalvikexplorer.FileViewerActivity"]}, {"0b2d501438bd8c06404184c30d116fb8": ["10", "org.jessies.dalvikexplorer.FileViewerActivity"]}, {"0b2d501438bd8c06404184c30d116fb8": ["10", "org.jessies.dalvikexplorer.FileViewerActivity"]}, {"0b2d501438bd8c06404184c30d116fb8": ["10", "org.jessies.dalvikexplorer.FileViewerActivity"]}, {"0b2d501438bd8c06404184c30d116fb8": ["10", "org.jessies.dalvikexplorer.FileViewerActivity"]}, {"0b2d501438bd8c06404184c30d116fb8": ["10", "org.jessies.dalvikexplorer.FileViewerActivity"]}, {"0b2d501438bd8c06404184c30d116fb8": ["10", "org.jessies.dalvikexplorer.FileViewerActivity"]}, {"0b2d501438bd8c06404184c30d116fb8": ["10", "org.jessies.dalvikexplorer.FileViewerActivity"]}, {"0b2d501438bd8c06404184c30d116fb8": ["10", "org.jessies.dalvikexplorer.FileViewerActivity"]}, {"0b2d501438bd8c06404184c30d116fb8": ["10", "org.jessies.dalvikexplorer.FileViewerActivity"]}, {"0b2d501438bd8c06404184c30d116fb8": ["10", "org.jessies.dalvikexplorer.FileViewerActivity"]}, {"0b2d501438bd8c06404184c30d116fb8": ["10", "org.jessies.dalvikexplorer.FileViewerActivity"]}, {"0b2d501438bd8c06404184c30d116fb8": ["10", "org.jessies.dalvikexplorer.FileViewerActivity"]}, {"0b2d501438bd8c06404184c30d116fb8": ["10", "org.jessies.dalvikexplorer.FileViewerActivity"]}, {"0b2d501438bd8c06404184c30d116fb8": ["10", "org.jessies.dalvikexplorer.FileViewerActivity"]}, {"0b2d501438bd8c06404184c30d116fb8": ["10", "org.jessies.dalvikexplorer.FileViewerActivity"]}, {"0b2d501438bd8c06404184c30d116fb8": ["10", "org.jessies.dalvikexplorer.FileViewerActivity"]}, {"0b2d501438bd8c06404184c30d116fb8": ["10", "org.jessies.dalvikexplorer.FileViewerActivity"]}, {"0b2d501438bd8c06404184c30d116fb8": ["10", "org.jessies.dalvikexplorer.FileViewerActivity"]}, {"0b2d501438bd8c06404184c30d116fb8": ["10", "org.jessies.dalvikexplorer.FileViewerActivity"]}, {"0b2d501438bd8c06404184c30d116fb8": ["10", "org.jessies.dalvikexplorer.FileViewerActivity"]}, {"0b2d501438bd8c06404184c30d116fb8": ["10", "org.jessies.dalvikexplorer.FileViewerActivity"]}, {"0b2d501438bd8c06404184c30d116fb8": ["10", "org.jessies.dalvikexplorer.FileViewerActivity"]}, {"0b2d501438bd8c06404184c30d116fb8": ["10", "org.jessies.dalvikexplorer.FileViewerActivity"]}, {"0b2d501438bd8c06404184c30d116fb8": ["10", "org.jessies.dalvikexplorer.FileViewerActivity"]}, {"0b2d501438bd8c06404184c30d116fb8": ["10", "org.jessies.dalvikexplorer.FileViewerActivity"]}, {"0b2d501438bd8c06404184c30d116fb8": ["10", "org.jessies.dalvikexplorer.FileViewerActivity"]}, {"0b2d501438bd8c06404184c30d116fb8": ["10", "org.jessies.dalvikexplorer.FileViewerActivity"]}, {"0b2d501438bd8c06404184c30d116fb8": ["10", "org.jessies.dalvikexplorer.FileViewerActivity"]}, {"0b2d501438bd8c06404184c30d116fb8": ["10", "org.jessies.dalvikexplorer.FileViewerActivity"]}, {"0b2d501438bd8c06404184c30d116fb8": ["10", "org.jessies.dalvikexplorer.FileViewerActivity"]}, {"0b2d501438bd8c06404184c30d116fb8": ["10", "org.jessies.dalvikexplorer.FileViewerActivity"]}, {"0b2d501438bd8c06404184c30d116fb8": ["10", "org.jessies.dalvikexplorer.FileViewerActivity"]}, {"0b2d501438bd8c06404184c30d116fb8": ["10", "org.jessies.dalvikexplorer.FileViewerActivity"]}, {"0b2d501438bd8c06404184c30d116fb8": ["10", "org.jessies.dalvikexplorer.FileViewerActivity"]}, {"0b2d501438bd8c06404184c30d116fb8": ["10", "org.jessies.dalvikexplorer.FileViewerActivity"]}, {"0b2d501438bd8c06404184c30d116fb8": ["10", "org.jessies.dalvikexplorer.FileViewerActivity"]}, {"0b2d501438bd8c06404184c30d116fb8": ["10", "org.jessies.dalvikexplorer.FileViewerActivity"]}, {"0b2d501438bd8c06404184c30d116fb8": ["10", "org.jessies.dalvikexplorer.FileViewerActivity"]}, {"0b2d501438bd8c06404184c30d116fb8": ["10", "org.jessies.dalvikexplorer.FileViewerActivity"]}, {"0b2d501438bd8c06404184c30d116fb8": ["10", "org.jessies.dalvikexplorer.FileViewerActivity"]}, {"0b2d501438bd8c06404184c30d116fb8": ["10", "org.jessies.dalvikexplorer.FileViewerActivity"]}, {"0b2d501438bd8c06404184c30d116fb8": ["10", "org.jessies.dalvikexplorer.FileViewerActivity"]}, {"0b2d501438bd8c06404184c30d116fb8": ["10", "org.jessies.dalvikexplorer.FileViewerActivity"]}, {"0b2d501438bd8c06404184c30d116fb8": ["10", "org.jessies.dalvikexplorer.FileViewerActivity"]}, {"0b2d501438bd8c06404184c30d116fb8": ["10", "org.jessies.dalvikexplorer.FileViewerActivity"]}, {"0b2d501438bd8c06404184c30d116fb8": ["10", "org.jessies.dalvikexplorer.FileViewerActivity"]}, {"0b2d501438bd8c06404184c30d116fb8": ["10", "org.jessies.dalvikexplorer.FileViewerActivity"]}, {"0b2d501438bd8c06404184c30d116fb8": ["10", "org.jessies.dalvikexplorer.FileViewerActivity"]}, {"0b2d501438bd8c06404184c30d116fb8": ["10", "org.jessies.dalvikexplorer.FileViewerActivity"]}, {"0b2d501438bd8c06404184c30d116fb8": ["10", "org.jessies.dalvikexplorer.FileViewerActivity"]}, {"0b2d501438bd8c06404184c30d116fb8": ["10", "org.jessies.dalvikexplorer.FileViewerActivity"]}, {"0b2d501438bd8c06404184c30d116fb8": ["10", "org.jessies.dalvikexplorer.FileViewerActivity"]}, {"0b2d501438bd8c06404184c30d116fb8": ["10", "org.jessies.dalvikexplorer.FileViewerActivity"]}, {"0b2d501438bd8c06404184c30d116fb8": ["10", "org.jessies.dalvikexplorer.FileViewerActivity"]}, {"0b2d501438bd8c06404184c30d116fb8": ["10", "org.jessies.dalvikexplorer.FileViewerActivity"]}, {"0b2d501438bd8c06404184c30d116fb8": ["10", "org.jessies.dalvikexplorer.FileViewerActivity"]}, {"0b2d501438bd8c06404184c30d116fb8": ["10", "org.jessies.dalvikexplorer.FileViewerActivity"]}, {"0b2d501438bd8c06404184c30d116fb8": ["10", "org.jessies.dalvikexplorer.FileViewerActivity"]}, {"0b2d501438bd8c06404184c30d116fb8": ["10", "org.jessies.dalvikexplorer.FileViewerActivity"]}, {"0b2d501438bd8c06404184c30d116fb8": ["10", "org.jessies.dalvikexplorer.FileViewerActivity"]}, {"0b2d501438bd8c06404184c30d116fb8": ["10", "org.jessies.dalvikexplorer.FileViewerActivity"]}, {"0b2d501438bd8c06404184c30d116fb8": ["10", "org.jessies.dalvikexplorer.FileViewerActivity"]}, {"0b2d501438bd8c06404184c30d116fb8": ["10", "org.jessies.dalvikexplorer.FileViewerActivity"]}, {"0b2d501438bd8c06404184c30d116fb8": ["10", "org.jessies.dalvikexplorer.FileViewerActivity"]}, {"0b2d501438bd8c06404184c30d116fb8": ["10", "org.jessies.dalvikexplorer.FileViewerActivity"]}, {"0b2d501438bd8c06404184c30d116fb8": ["10", "org.jessies.dalvikexplorer.FileViewerActivity"]}, {"0b2d501438bd8c06404184c30d116fb8": ["10", "org.jessies.dalvikexplorer.FileViewerActivity"]}, {"0b2d501438bd8c06404184c30d116fb8": ["10", "org.jessies.dalvikexplorer.FileViewerActivity"]}, {"0b2d501438bd8c06404184c30d116fb8": ["10", "org.jessies.dalvikexplorer.FileViewerActivity"]}, {"0b2d501438bd8c06404184c30d116fb8": ["10", "org.jessies.dalvikexplorer.FileViewerActivity"]}, {"0b2d501438bd8c06404184c30d116fb8": ["10", "org.jessies.dalvikexplorer.FileViewerActivity"]}, {"0b2d501438bd8c06404184c30d116fb8": ["10", "org.jessies.dalvikexplorer.FileViewerActivity"]}, {"0b2d501438bd8c06404184c30d116fb8": ["10", "org.jessies.dalvikexplorer.FileViewerActivity"]}, {"0b2d501438bd8c06404184c30d116fb8": ["10", "org.jessies.dalvikexplorer.FileViewerActivity"]}, {"0b2d501438bd8c06404184c30d116fb8": ["10", "org.jessies.dalvikexplorer.FileViewerActivity"]}, {"0b2d501438bd8c06404184c30d116fb8": ["10", "org.jessies.dalvikexplorer.FileViewerActivity"]}, {"0b2d501438bd8c06404184c30d116fb8": ["10", "org.jessies.dalvikexplorer.FileViewerActivity"]}, {"0b2d501438bd8c06404184c30d116fb8": ["10", "org.jessies.dalvikexplorer.FileViewerActivity"]}, {"0b2d501438bd8c06404184c30d116fb8": ["10", "org.jessies.dalvikexplorer.FileViewerActivity"]}, {"0b2d501438bd8c06404184c30d116fb8": ["10", "org.jessies.dalvikexplorer.FileViewerActivity"]}, {"0b2d501438bd8c06404184c30d116fb8": ["10", "org.jessies.dalvikexplorer.FileViewerActivity"]}, {"0b2d501438bd8c06404184c30d116fb8": ["10", "org.jessies.dalvikexplorer.FileViewerActivity"]}, {"0b2d501438bd8c06404184c30d116fb8": ["10", "org.jessies.dalvikexplorer.FileViewerActivity"]}, {"0b2d501438bd8c06404184c30d116fb8": ["10", "org.jessies.dalvikexplorer.FileViewerActivity"]}, {"0b2d501438bd8c06404184c30d116fb8": ["10", "org.jessies.dalvikexplorer.FileViewerActivity"]}, {"a9ef03cc20d39bd3d3b029e0025ef1b4": ["8", "org.jessies.dalvikexplorer.FileSystemActivity"]}, {"a9ef03cc20d39bd3d3b029e0025ef1b4": ["8", "org.jessies.dalvikexplorer.FileSystemActivity"]}, {"a9ef03cc20d39bd3d3b029e0025ef1b4": ["8", "org.jessies.dalvikexplorer.FileSystemActivity"]}, {"c1bf26e78e0f1675ea247e64c460593e": ["9", "org.jessies.dalvikexplorer.FileViewerActivity"]}, {"0b2d501438bd8c06404184c30d116fb8": ["10", "org.jessies.dalvikexplorer.FileViewerActivity"]}, {"b7cc3b0a9dcf025b2177a36333ea9b81": ["16", "org.jessies.dalvikexplorer.FileSystemActivity"]}, {"a9ef03cc20d39bd3d3b029e0025ef1b4": ["8", "org.jessies.dalvikexplorer.FileSystemActivity"]}, {"a9ef03cc20d39bd3d3b029e0025ef1b4": ["8", "org.jessies.dalvikexplorer.FileSystemActivity"]}, {"a9ef03cc20d39bd3d3b029e0025ef1b4": ["8", "org.jessies.dalvikexplorer.FileSystemActivity"]}, {"a9ef03cc20d39bd3d3b029e0025ef1b4": ["8", "org.jessies.dalvikexplorer.FileSystemActivity"]}, {"f53fa0bc8d8aca33bf1202f4bd789f01": ["17", "org.jessies.dalvikexplorer.FileSystemActivity"]}, {"f53fa0bc8d8aca33bf1202f4bd789f01": ["17", "org.jessies.dalvikexplorer.FileSystemActivity"]}, {"f53fa0bc8d8aca33bf1202f4bd789f01": ["17", "org.jessies.dalvikexplorer.FileSystemActivity"]}, {"f53fa0bc8d8aca33bf1202f4bd789f01": ["17", "org.jessies.dalvikexplorer.FileSystemActivity"]}, {"f53fa0bc8d8aca33bf1202f4bd789f01": ["17", "org.jessies.dalvikexplorer.FileSystemActivity"]}, {"f53fa0bc8d8aca33bf1202f4bd789f01": ["17", "org.jessies.dalvikexplorer.FileSystemActivity"]}, {"b7e0eb2441bc32635998248d0dc8ebcf": ["11", "org.jessies.dalvikexplorer.FileSystemActivity"]}, {"05c0e601c4416803bc2d8415a40b8adc": ["12", "org.jessies.dalvikexplorer.FileSystemActivity"]}, {"05c0e601c4416803bc2d8415a40b8adc": ["12", "org.jessies.dalvikexplorer.FileSystemActivity"]}, {"05c0e601c4416803bc2d8415a40b8adc": ["12", "org.jessies.dalvikexplorer.FileSystemActivity"]}, {"05c0e601c4416803bc2d8415a40b8adc": ["12", "org.jessies.dalvikexplorer.FileSystemActivity"]}, {"05c0e601c4416803bc2d8415a40b8adc": ["12", "org.jessies.dalvikexplorer.FileSystemActivity"]}, {"a00cbfc20aa40a0943fd989ef4f18cdc": ["18", "org.jessies.dalvikexplorer.FileSystemActivity"]}, {"a00cbfc20aa40a0943fd989ef4f18cdc": ["18", "org.jessies.dalvikexplorer.FileSystemActivity"]}, {"a00cbfc20aa40a0943fd989ef4f18cdc": ["18", "org.jessies.dalvikexplorer.FileSystemActivity"]}, {"a00cbfc20aa40a0943fd989ef4f18cdc": ["18", "org.jessies.dalvikexplorer.FileSystemActivity"]}, {"a00cbfc20aa40a0943fd989ef4f18cdc": ["18", "org.jessies.dalvikexplorer.FileSystemActivity"]}, {"05c0e601c4416803bc2d8415a40b8adc": ["12", "org.jessies.dalvikexplorer.FileSystemActivity"]}, {"05c0e601c4416803bc2d8415a40b8adc": ["12", "org.jessies.dalvikexplorer.FileSystemActivity"]}, {"05c0e601c4416803bc2d8415a40b8adc": ["12", "org.jessies.dalvikexplorer.FileSystemActivity"]}, {"05c0e601c4416803bc2d8415a40b8adc": ["12", "org.jessies.dalvikexplorer.FileSystemActivity"]}, {"05c0e601c4416803bc2d8415a40b8adc": ["12", "org.jessies.dalvikexplorer.FileSystemActivity"]}, {"05c0e601c4416803bc2d8415a40b8adc": ["12", "org.jessies.dalvikexplorer.FileSystemActivity"]}, {"05c0e601c4416803bc2d8415a40b8adc": ["12", "org.jessies.dalvikexplorer.FileSystemActivity"]}, {"05c0e601c4416803bc2d8415a40b8adc": ["12", "org.jessies.dalvikexplorer.FileSystemActivity"]}, {"05c0e601c4416803bc2d8415a40b8adc": ["12", "org.jessies.dalvikexplorer.FileSystemActivity"]}, {"05c0e601c4416803bc2d8415a40b8adc": ["12", "org.jessies.dalvikexplorer.FileSystemActivity"]}, {"05c0e601c4416803bc2d8415a40b8adc": ["12", "org.jessies.dalvikexplorer.FileSystemActivity"]}, {"449bfc86d7a72e64e358d3e32697a472": ["13", "org.jessies.dalvikexplorer.FileSystemActivity"]}, {"449bfc86d7a72e64e358d3e32697a472": ["13", "org.jessies.dalvikexplorer.FileSystemActivity"]}, {"449bfc86d7a72e64e358d3e32697a472": ["13", "org.jessies.dalvikexplorer.FileSystemActivity"]}, {"449bfc86d7a72e64e358d3e32697a472": ["13", "org.jessies.dalvikexplorer.FileSystemActivity"]}, {"05c0e601c4416803bc2d8415a40b8adc": ["12", "org.jessies.dalvikexplorer.FileSystemActivity"]}, {"05c0e601c4416803bc2d8415a40b8adc": ["12", "org.jessies.dalvikexplorer.FileSystemActivity"]}, {"05c0e601c4416803bc2d8415a40b8adc": ["12", "org.jessies.dalvikexplorer.FileSystemActivity"]}, {"05c0e601c4416803bc2d8415a40b8adc": ["12", "org.jessies.dalvikexplorer.FileSystemActivity"]}, {"05c0e601c4416803bc2d8415a40b8adc": ["12", "org.jessies.dalvikexplorer.FileSystemActivity"]}]