[{"57bd7a0ded6a09a30e3678a613b95cd3": ["3", "de.homac.Mirrored.CategoriesList"]}, {"57bd7a0ded6a09a30e3678a613b95cd3": ["3", "de.homac.Mirrored.CategoriesList"]}, {"5da9219cf5876cebedefa74396b47ee5": ["0", "de.homac.Mirrored.Preferences"]}, {"5da9219cf5876cebedefa74396b47ee5": ["0", "de.homac.Mirrored.Preferences"]}, {"fc313e91205da9ea2a6baa64334f18f2": ["4", "de.homac.Mirrored.Preferences"]}, {"5da9219cf5876cebedefa74396b47ee5": ["0", "de.homac.Mirrored.Preferences"]}, {"5da9219cf5876cebedefa74396b47ee5": ["0", "de.homac.Mirrored.Preferences"]}, {"5da9219cf5876cebedefa74396b47ee5": ["0", "de.homac.Mirrored.Preferences"]}, {"8a53a45ce85b2a55d27d4ecbabc8c6cf": ["1", "de.homac.Mirrored.Preferences"]}, {"5da9219cf5876cebedefa74396b47ee5": ["0", "de.homac.Mirrored.Preferences"]}, {"5da9219cf5876cebedefa74396b47ee5": ["0", "de.homac.Mirrored.Preferences"]}, {"5da9219cf5876cebedefa74396b47ee5": ["0", "de.homac.Mirrored.Preferences"]}, {"5da9219cf5876cebedefa74396b47ee5": ["0", "de.homac.Mirrored.Preferences"]}, {"8a53a45ce85b2a55d27d4ecbabc8c6cf": ["1", "de.homac.Mirrored.Preferences"]}, {"5da9219cf5876cebedefa74396b47ee5": ["0", "de.homac.Mirrored.Preferences"]}, {"5da9219cf5876cebedefa74396b47ee5": ["0", "de.homac.Mirrored.Preferences"]}, {"5da9219cf5876cebedefa74396b47ee5": ["0", "de.homac.Mirrored.Preferences"]}, {"f50f0ab9ab2f720d1bbe4a5fb5cb3a08": ["5", "de.homac.Mirrored.Preferences"]}, {"5da9219cf5876cebedefa74396b47ee5": ["0", "de.homac.Mirrored.Preferences"]}, {"5da9219cf5876cebedefa74396b47ee5": ["0", "de.homac.Mirrored.Preferences"]}, {"8a53a45ce85b2a55d27d4ecbabc8c6cf": ["1", "de.homac.Mirrored.Preferences"]}, {"5da9219cf5876cebedefa74396b47ee5": ["0", "de.homac.Mirrored.Preferences"]}, {"8a53a45ce85b2a55d27d4ecbabc8c6cf": ["1", "de.homac.Mirrored.Preferences"]}, {"5da9219cf5876cebedefa74396b47ee5": ["0", "de.homac.Mirrored.Preferences"]}, {"5da9219cf5876cebedefa74396b47ee5": ["0", "de.homac.Mirrored.Preferences"]}, {"f50f0ab9ab2f720d1bbe4a5fb5cb3a08": ["5", "de.homac.Mirrored.Preferences"]}, {"5da9219cf5876cebedefa74396b47ee5": ["0", "de.homac.Mirrored.Preferences"]}, {"5da9219cf5876cebedefa74396b47ee5": ["0", "de.homac.Mirrored.Preferences"]}, {"fc313e91205da9ea2a6baa64334f18f2": ["4", "de.homac.Mirrored.Preferences"]}, {"5da9219cf5876cebedefa74396b47ee5": ["0", "de.homac.Mirrored.Preferences"]}, {"5da9219cf5876cebedefa74396b47ee5": ["0", "de.homac.Mirrored.Preferences"]}, {"5da9219cf5876cebedefa74396b47ee5": ["0", "de.homac.Mirrored.Preferences"]}, {"5da9219cf5876cebedefa74396b47ee5": ["0", "de.homac.Mirrored.Preferences"]}, {"8a53a45ce85b2a55d27d4ecbabc8c6cf": ["1", "de.homac.Mirrored.Preferences"]}, {"5da9219cf5876cebedefa74396b47ee5": ["0", "de.homac.Mirrored.Preferences"]}, {"5da9219cf5876cebedefa74396b47ee5": ["0", "de.homac.Mirrored.Preferences"]}, {"5da9219cf5876cebedefa74396b47ee5": ["0", "de.homac.Mirrored.Preferences"]}, {"5da9219cf5876cebedefa74396b47ee5": ["0", "de.homac.Mirrored.Preferences"]}, {"fc313e91205da9ea2a6baa64334f18f2": ["4", "de.homac.Mirrored.Preferences"]}, {"5da9219cf5876cebedefa74396b47ee5": ["0", "de.homac.Mirrored.Preferences"]}, {"5da9219cf5876cebedefa74396b47ee5": ["0", "de.homac.Mirrored.Preferences"]}, {"5da9219cf5876cebedefa74396b47ee5": ["0", "de.homac.Mirrored.Preferences"]}, {"5da9219cf5876cebedefa74396b47ee5": ["0", "de.homac.Mirrored.Preferences"]}, {"5da9219cf5876cebedefa74396b47ee5": ["0", "de.homac.Mirrored.Preferences"]}, {"8a53a45ce85b2a55d27d4ecbabc8c6cf": ["1", "de.homac.Mirrored.Preferences"]}, {"5da9219cf5876cebedefa74396b47ee5": ["0", "de.homac.Mirrored.Preferences"]}, {"8d32cfd943b1ab98bfe35e12d2316b17": ["6", "de.homac.Mirrored.Preferences"]}, {"5da9219cf5876cebedefa74396b47ee5": ["0", "de.homac.Mirrored.Preferences"]}, {"5da9219cf5876cebedefa74396b47ee5": ["0", "de.homac.Mirrored.Preferences"]}, {"5da9219cf5876cebedefa74396b47ee5": ["0", "de.homac.Mirrored.Preferences"]}, {"5da9219cf5876cebedefa74396b47ee5": ["0", "de.homac.Mirrored.Preferences"]}, {"8a53a45ce85b2a55d27d4ecbabc8c6cf": ["1", "de.homac.Mirrored.Preferences"]}, {"5da9219cf5876cebedefa74396b47ee5": ["0", "de.homac.Mirrored.Preferences"]}, {"5da9219cf5876cebedefa74396b47ee5": ["0", "de.homac.Mirrored.Preferences"]}, {"5da9219cf5876cebedefa74396b47ee5": ["0", "de.homac.Mirrored.Preferences"]}, {"5da9219cf5876cebedefa74396b47ee5": ["0", "de.homac.Mirrored.Preferences"]}, {"5da9219cf5876cebedefa74396b47ee5": ["0", "de.homac.Mirrored.Preferences"]}, {"5da9219cf5876cebedefa74396b47ee5": ["0", "de.homac.Mirrored.Preferences"]}, {"5da9219cf5876cebedefa74396b47ee5": ["0", "de.homac.Mirrored.Preferences"]}, {"5da9219cf5876cebedefa74396b47ee5": ["0", "de.homac.Mirrored.Preferences"]}, {"8a53a45ce85b2a55d27d4ecbabc8c6cf": ["1", "de.homac.Mirrored.Preferences"]}, {"5da9219cf5876cebedefa74396b47ee5": ["0", "de.homac.Mirrored.Preferences"]}, {"5da9219cf5876cebedefa74396b47ee5": ["0", "de.homac.Mirrored.Preferences"]}, {"5da9219cf5876cebedefa74396b47ee5": ["0", "de.homac.Mirrored.Preferences"]}, {"fc313e91205da9ea2a6baa64334f18f2": ["4", "de.homac.Mirrored.Preferences"]}, {"5da9219cf5876cebedefa74396b47ee5": ["0", "de.homac.Mirrored.Preferences"]}, {"5da9219cf5876cebedefa74396b47ee5": ["0", "de.homac.Mirrored.Preferences"]}, {"8d32cfd943b1ab98bfe35e12d2316b17": ["6", "de.homac.Mirrored.Preferences"]}, {"5da9219cf5876cebedefa74396b47ee5": ["0", "de.homac.Mirrored.Preferences"]}, {"fc313e91205da9ea2a6baa64334f18f2": ["4", "de.homac.Mirrored.Preferences"]}, {"5da9219cf5876cebedefa74396b47ee5": ["0", "de.homac.Mirrored.Preferences"]}, {"fc313e91205da9ea2a6baa64334f18f2": ["4", "de.homac.Mirrored.Preferences"]}, {"5da9219cf5876cebedefa74396b47ee5": ["0", "de.homac.Mirrored.Preferences"]}, {"5da9219cf5876cebedefa74396b47ee5": ["0", "de.homac.Mirrored.Preferences"]}, {"5da9219cf5876cebedefa74396b47ee5": ["0", "de.homac.Mirrored.Preferences"]}, {"5da9219cf5876cebedefa74396b47ee5": ["0", "de.homac.Mirrored.Preferences"]}, {"5da9219cf5876cebedefa74396b47ee5": ["0", "de.homac.Mirrored.Preferences"]}, {"5da9219cf5876cebedefa74396b47ee5": ["0", "de.homac.Mirrored.Preferences"]}, {"5da9219cf5876cebedefa74396b47ee5": ["0", "de.homac.Mirrored.Preferences"]}, {"5da9219cf5876cebedefa74396b47ee5": ["0", "de.homac.Mirrored.Preferences"]}, {"5da9219cf5876cebedefa74396b47ee5": ["0", "de.homac.Mirrored.Preferences"]}, {"8a53a45ce85b2a55d27d4ecbabc8c6cf": ["1", "de.homac.Mirrored.Preferences"]}, {"5da9219cf5876cebedefa74396b47ee5": ["0", "de.homac.Mirrored.Preferences"]}, {"5da9219cf5876cebedefa74396b47ee5": ["0", "de.homac.Mirrored.Preferences"]}, {"8d32cfd943b1ab98bfe35e12d2316b17": ["6", "de.homac.Mirrored.Preferences"]}, {"5da9219cf5876cebedefa74396b47ee5": ["0", "de.homac.Mirrored.Preferences"]}, {"8a53a45ce85b2a55d27d4ecbabc8c6cf": ["1", "de.homac.Mirrored.Preferences"]}, {"5da9219cf5876cebedefa74396b47ee5": ["0", "de.homac.Mirrored.Preferences"]}, {"8a53a45ce85b2a55d27d4ecbabc8c6cf": ["1", "de.homac.Mirrored.Preferences"]}, {"5da9219cf5876cebedefa74396b47ee5": ["0", "de.homac.Mirrored.Preferences"]}, {"5da9219cf5876cebedefa74396b47ee5": ["0", "de.homac.Mirrored.Preferences"]}, {"5da9219cf5876cebedefa74396b47ee5": ["0", "de.homac.Mirrored.Preferences"]}, {"5da9219cf5876cebedefa74396b47ee5": ["0", "de.homac.Mirrored.Preferences"]}, {"5da9219cf5876cebedefa74396b47ee5": ["0", "de.homac.Mirrored.Preferences"]}, {"5da9219cf5876cebedefa74396b47ee5": ["0", "de.homac.Mirrored.Preferences"]}, {"5da9219cf5876cebedefa74396b47ee5": ["0", "de.homac.Mirrored.Preferences"]}, {"8a53a45ce85b2a55d27d4ecbabc8c6cf": ["1", "de.homac.Mirrored.Preferences"]}, {"5da9219cf5876cebedefa74396b47ee5": ["0", "de.homac.Mirrored.Preferences"]}, {"5da9219cf5876cebedefa74396b47ee5": ["0", "de.homac.Mirrored.Preferences"]}, {"5da9219cf5876cebedefa74396b47ee5": ["0", "de.homac.Mirrored.Preferences"]}, {"5da9219cf5876cebedefa74396b47ee5": ["0", "de.homac.Mirrored.Preferences"]}, {"5da9219cf5876cebedefa74396b47ee5": ["0", "de.homac.Mirrored.Preferences"]}, {"f50f0ab9ab2f720d1bbe4a5fb5cb3a08": ["5", "de.homac.Mirrored.Preferences"]}, {"5da9219cf5876cebedefa74396b47ee5": ["0", "de.homac.Mirrored.Preferences"]}, {"5da9219cf5876cebedefa74396b47ee5": ["0", "de.homac.Mirrored.Preferences"]}, {"8a53a45ce85b2a55d27d4ecbabc8c6cf": ["1", "de.homac.Mirrored.Preferences"]}, {"5da9219cf5876cebedefa74396b47ee5": ["0", "de.homac.Mirrored.Preferences"]}, {"5da9219cf5876cebedefa74396b47ee5": ["0", "de.homac.Mirrored.Preferences"]}, {"8d32cfd943b1ab98bfe35e12d2316b17": ["6", "de.homac.Mirrored.Preferences"]}, {"5da9219cf5876cebedefa74396b47ee5": ["0", "de.homac.Mirrored.Preferences"]}, {"5da9219cf5876cebedefa74396b47ee5": ["0", "de.homac.Mirrored.Preferences"]}, {"8a53a45ce85b2a55d27d4ecbabc8c6cf": ["1", "de.homac.Mirrored.Preferences"]}, {"5da9219cf5876cebedefa74396b47ee5": ["0", "de.homac.Mirrored.Preferences"]}, {"8a53a45ce85b2a55d27d4ecbabc8c6cf": ["1", "de.homac.Mirrored.Preferences"]}, {"5da9219cf5876cebedefa74396b47ee5": ["0", "de.homac.Mirrored.Preferences"]}, {"8a53a45ce85b2a55d27d4ecbabc8c6cf": ["1", "de.homac.Mirrored.Preferences"]}, {"5da9219cf5876cebedefa74396b47ee5": ["0", "de.homac.Mirrored.Preferences"]}, {"fc313e91205da9ea2a6baa64334f18f2": ["4", "de.homac.Mirrored.Preferences"]}, {"5da9219cf5876cebedefa74396b47ee5": ["0", "de.homac.Mirrored.Preferences"]}, {"5da9219cf5876cebedefa74396b47ee5": ["0", "de.homac.Mirrored.Preferences"]}, {"5da9219cf5876cebedefa74396b47ee5": ["0", "de.homac.Mirrored.Preferences"]}, {"5da9219cf5876cebedefa74396b47ee5": ["0", "de.homac.Mirrored.Preferences"]}, {"8a53a45ce85b2a55d27d4ecbabc8c6cf": ["1", "de.homac.Mirrored.Preferences"]}, {"5da9219cf5876cebedefa74396b47ee5": ["0", "de.homac.Mirrored.Preferences"]}, {"5da9219cf5876cebedefa74396b47ee5": ["0", "de.homac.Mirrored.Preferences"]}, {"5da9219cf5876cebedefa74396b47ee5": ["0", "de.homac.Mirrored.Preferences"]}, {"5da9219cf5876cebedefa74396b47ee5": ["0", "de.homac.Mirrored.Preferences"]}, {"8a53a45ce85b2a55d27d4ecbabc8c6cf": ["1", "de.homac.Mirrored.Preferences"]}, {"5da9219cf5876cebedefa74396b47ee5": ["0", "de.homac.Mirrored.Preferences"]}, {"5da9219cf5876cebedefa74396b47ee5": ["0", "de.homac.Mirrored.Preferences"]}, {"5da9219cf5876cebedefa74396b47ee5": ["0", "de.homac.Mirrored.Preferences"]}, {"5da9219cf5876cebedefa74396b47ee5": ["0", "de.homac.Mirrored.Preferences"]}, {"5da9219cf5876cebedefa74396b47ee5": ["0", "de.homac.Mirrored.Preferences"]}, {"5da9219cf5876cebedefa74396b47ee5": ["0", "de.homac.Mirrored.Preferences"]}, {"5da9219cf5876cebedefa74396b47ee5": ["0", "de.homac.Mirrored.Preferences"]}, {"5da9219cf5876cebedefa74396b47ee5": ["0", "de.homac.Mirrored.Preferences"]}, {"8a53a45ce85b2a55d27d4ecbabc8c6cf": ["1", "de.homac.Mirrored.Preferences"]}, {"5da9219cf5876cebedefa74396b47ee5": ["0", "de.homac.Mirrored.Preferences"]}, {"5da9219cf5876cebedefa74396b47ee5": ["0", "de.homac.Mirrored.Preferences"]}, {"5da9219cf5876cebedefa74396b47ee5": ["0", "de.homac.Mirrored.Preferences"]}, {"5da9219cf5876cebedefa74396b47ee5": ["0", "de.homac.Mirrored.Preferences"]}, {"5da9219cf5876cebedefa74396b47ee5": ["0", "de.homac.Mirrored.Preferences"]}, {"5da9219cf5876cebedefa74396b47ee5": ["0", "de.homac.Mirrored.Preferences"]}, {"8a53a45ce85b2a55d27d4ecbabc8c6cf": ["1", "de.homac.Mirrored.Preferences"]}, {"5da9219cf5876cebedefa74396b47ee5": ["0", "de.homac.Mirrored.Preferences"]}, {"5da9219cf5876cebedefa74396b47ee5": ["0", "de.homac.Mirrored.Preferences"]}, {"5da9219cf5876cebedefa74396b47ee5": ["0", "de.homac.Mirrored.Preferences"]}, {"5da9219cf5876cebedefa74396b47ee5": ["0", "de.homac.Mirrored.Preferences"]}, {"5da9219cf5876cebedefa74396b47ee5": ["0", "de.homac.Mirrored.Preferences"]}, {"f50f0ab9ab2f720d1bbe4a5fb5cb3a08": ["5", "de.homac.Mirrored.Preferences"]}, {"5da9219cf5876cebedefa74396b47ee5": ["0", "de.homac.Mirrored.Preferences"]}, {"5da9219cf5876cebedefa74396b47ee5": ["0", "de.homac.Mirrored.Preferences"]}, {"5da9219cf5876cebedefa74396b47ee5": ["0", "de.homac.Mirrored.Preferences"]}, {"5da9219cf5876cebedefa74396b47ee5": ["0", "de.homac.Mirrored.Preferences"]}, {"8a53a45ce85b2a55d27d4ecbabc8c6cf": ["1", "de.homac.Mirrored.Preferences"]}, {"5da9219cf5876cebedefa74396b47ee5": ["0", "de.homac.Mirrored.Preferences"]}, {"5da9219cf5876cebedefa74396b47ee5": ["0", "de.homac.Mirrored.Preferences"]}, {"5da9219cf5876cebedefa74396b47ee5": ["0", "de.homac.Mirrored.Preferences"]}, {"5da9219cf5876cebedefa74396b47ee5": ["0", "de.homac.Mirrored.Preferences"]}, {"5da9219cf5876cebedefa74396b47ee5": ["0", "de.homac.Mirrored.Preferences"]}, {"fc313e91205da9ea2a6baa64334f18f2": ["4", "de.homac.Mirrored.Preferences"]}, {"5da9219cf5876cebedefa74396b47ee5": ["0", "de.homac.Mirrored.Preferences"]}, {"5da9219cf5876cebedefa74396b47ee5": ["0", "de.homac.Mirrored.Preferences"]}, {"fc313e91205da9ea2a6baa64334f18f2": ["4", "de.homac.Mirrored.Preferences"]}, {"5da9219cf5876cebedefa74396b47ee5": ["0", "de.homac.Mirrored.Preferences"]}, {"fc313e91205da9ea2a6baa64334f18f2": ["4", "de.homac.Mirrored.Preferences"]}, {"5da9219cf5876cebedefa74396b47ee5": ["0", "de.homac.Mirrored.Preferences"]}, {"fc313e91205da9ea2a6baa64334f18f2": ["4", "de.homac.Mirrored.Preferences"]}, {"5da9219cf5876cebedefa74396b47ee5": ["0", "de.homac.Mirrored.Preferences"]}, {"5da9219cf5876cebedefa74396b47ee5": ["0", "de.homac.Mirrored.Preferences"]}, {"5da9219cf5876cebedefa74396b47ee5": ["0", "de.homac.Mirrored.Preferences"]}, {"fc313e91205da9ea2a6baa64334f18f2": ["4", "de.homac.Mirrored.Preferences"]}, {"5da9219cf5876cebedefa74396b47ee5": ["0", "de.homac.Mirrored.Preferences"]}, {"f50f0ab9ab2f720d1bbe4a5fb5cb3a08": ["5", "de.homac.Mirrored.Preferences"]}, {"5da9219cf5876cebedefa74396b47ee5": ["0", "de.homac.Mirrored.Preferences"]}, {"5da9219cf5876cebedefa74396b47ee5": ["0", "de.homac.Mirrored.Preferences"]}, {"5da9219cf5876cebedefa74396b47ee5": ["0", "de.homac.Mirrored.Preferences"]}, {"5da9219cf5876cebedefa74396b47ee5": ["0", "de.homac.Mirrored.Preferences"]}, {"5da9219cf5876cebedefa74396b47ee5": ["0", "de.homac.Mirrored.Preferences"]}, {"5da9219cf5876cebedefa74396b47ee5": ["0", "de.homac.Mirrored.Preferences"]}, {"5da9219cf5876cebedefa74396b47ee5": ["0", "de.homac.Mirrored.Preferences"]}, {"5da9219cf5876cebedefa74396b47ee5": ["0", "de.homac.Mirrored.Preferences"]}, {"8a53a45ce85b2a55d27d4ecbabc8c6cf": ["1", "de.homac.Mirrored.Preferences"]}, {"5da9219cf5876cebedefa74396b47ee5": ["0", "de.homac.Mirrored.Preferences"]}, {"5da9219cf5876cebedefa74396b47ee5": ["0", "de.homac.Mirrored.Preferences"]}, {"5da9219cf5876cebedefa74396b47ee5": ["0", "de.homac.Mirrored.Preferences"]}, {"8a53a45ce85b2a55d27d4ecbabc8c6cf": ["1", "de.homac.Mirrored.Preferences"]}, {"5da9219cf5876cebedefa74396b47ee5": ["0", "de.homac.Mirrored.Preferences"]}, {"5da9219cf5876cebedefa74396b47ee5": ["0", "de.homac.Mirrored.Preferences"]}, {"8a53a45ce85b2a55d27d4ecbabc8c6cf": ["1", "de.homac.Mirrored.Preferences"]}, {"5da9219cf5876cebedefa74396b47ee5": ["0", "de.homac.Mirrored.Preferences"]}, {"5da9219cf5876cebedefa74396b47ee5": ["0", "de.homac.Mirrored.Preferences"]}, {"8a53a45ce85b2a55d27d4ecbabc8c6cf": ["1", "de.homac.Mirrored.Preferences"]}, {"5da9219cf5876cebedefa74396b47ee5": ["0", "de.homac.Mirrored.Preferences"]}, {"8a53a45ce85b2a55d27d4ecbabc8c6cf": ["1", "de.homac.Mirrored.Preferences"]}, {"5da9219cf5876cebedefa74396b47ee5": ["0", "de.homac.Mirrored.Preferences"]}, {"f50f0ab9ab2f720d1bbe4a5fb5cb3a08": ["5", "de.homac.Mirrored.Preferences"]}, {"5da9219cf5876cebedefa74396b47ee5": ["0", "de.homac.Mirrored.Preferences"]}, {"5da9219cf5876cebedefa74396b47ee5": ["0", "de.homac.Mirrored.Preferences"]}, {"8a53a45ce85b2a55d27d4ecbabc8c6cf": ["1", "de.homac.Mirrored.Preferences"]}, {"5da9219cf5876cebedefa74396b47ee5": ["0", "de.homac.Mirrored.Preferences"]}, {"8a53a45ce85b2a55d27d4ecbabc8c6cf": ["1", "de.homac.Mirrored.Preferences"]}, {"5da9219cf5876cebedefa74396b47ee5": ["0", "de.homac.Mirrored.Preferences"]}, {"fc313e91205da9ea2a6baa64334f18f2": ["4", "de.homac.Mirrored.Preferences"]}, {"5da9219cf5876cebedefa74396b47ee5": ["0", "de.homac.Mirrored.Preferences"]}, {"5da9219cf5876cebedefa74396b47ee5": ["0", "de.homac.Mirrored.Preferences"]}, {"5da9219cf5876cebedefa74396b47ee5": ["0", "de.homac.Mirrored.Preferences"]}, {"5da9219cf5876cebedefa74396b47ee5": ["0", "de.homac.Mirrored.Preferences"]}, {"5da9219cf5876cebedefa74396b47ee5": ["0", "de.homac.Mirrored.Preferences"]}, {"5da9219cf5876cebedefa74396b47ee5": ["0", "de.homac.Mirrored.Preferences"]}, {"5da9219cf5876cebedefa74396b47ee5": ["0", "de.homac.Mirrored.Preferences"]}, {"5da9219cf5876cebedefa74396b47ee5": ["0", "de.homac.Mirrored.Preferences"]}, {"5da9219cf5876cebedefa74396b47ee5": ["0", "de.homac.Mirrored.Preferences"]}, {"8d32cfd943b1ab98bfe35e12d2316b17": ["6", "de.homac.Mirrored.Preferences"]}, {"5da9219cf5876cebedefa74396b47ee5": ["0", "de.homac.Mirrored.Preferences"]}, {"5da9219cf5876cebedefa74396b47ee5": ["0", "de.homac.Mirrored.Preferences"]}, {"fc313e91205da9ea2a6baa64334f18f2": ["4", "de.homac.Mirrored.Preferences"]}, {"5da9219cf5876cebedefa74396b47ee5": ["0", "de.homac.Mirrored.Preferences"]}, {"5da9219cf5876cebedefa74396b47ee5": ["0", "de.homac.Mirrored.Preferences"]}, {"5da9219cf5876cebedefa74396b47ee5": ["0", "de.homac.Mirrored.Preferences"]}, {"5da9219cf5876cebedefa74396b47ee5": ["0", "de.homac.Mirrored.Preferences"]}, {"5da9219cf5876cebedefa74396b47ee5": ["0", "de.homac.Mirrored.Preferences"]}, {"5da9219cf5876cebedefa74396b47ee5": ["0", "de.homac.Mirrored.Preferences"]}, {"5da9219cf5876cebedefa74396b47ee5": ["0", "de.homac.Mirrored.Preferences"]}, {"5da9219cf5876cebedefa74396b47ee5": ["0", "de.homac.Mirrored.Preferences"]}, {"5da9219cf5876cebedefa74396b47ee5": ["0", "de.homac.Mirrored.Preferences"]}, {"5da9219cf5876cebedefa74396b47ee5": ["0", "de.homac.Mirrored.Preferences"]}, {"5da9219cf5876cebedefa74396b47ee5": ["0", "de.homac.Mirrored.Preferences"]}, {"5da9219cf5876cebedefa74396b47ee5": ["0", "de.homac.Mirrored.Preferences"]}, {"fc313e91205da9ea2a6baa64334f18f2": ["4", "de.homac.Mirrored.Preferences"]}, {"5da9219cf5876cebedefa74396b47ee5": ["0", "de.homac.Mirrored.Preferences"]}, {"8a53a45ce85b2a55d27d4ecbabc8c6cf": ["1", "de.homac.Mirrored.Preferences"]}, {"5da9219cf5876cebedefa74396b47ee5": ["0", "de.homac.Mirrored.Preferences"]}, {"8a53a45ce85b2a55d27d4ecbabc8c6cf": ["1", "de.homac.Mirrored.Preferences"]}, {"5da9219cf5876cebedefa74396b47ee5": ["0", "de.homac.Mirrored.Preferences"]}, {"5da9219cf5876cebedefa74396b47ee5": ["0", "de.homac.Mirrored.Preferences"]}, {"5da9219cf5876cebedefa74396b47ee5": ["0", "de.homac.Mirrored.Preferences"]}, {"5da9219cf5876cebedefa74396b47ee5": ["0", "de.homac.Mirrored.Preferences"]}, {"5da9219cf5876cebedefa74396b47ee5": ["0", "de.homac.Mirrored.Preferences"]}, {"8a53a45ce85b2a55d27d4ecbabc8c6cf": ["1", "de.homac.Mirrored.Preferences"]}, {"5da9219cf5876cebedefa74396b47ee5": ["0", "de.homac.Mirrored.Preferences"]}, {"5da9219cf5876cebedefa74396b47ee5": ["0", "de.homac.Mirrored.Preferences"]}, {"5da9219cf5876cebedefa74396b47ee5": ["0", "de.homac.Mirrored.Preferences"]}, {"5da9219cf5876cebedefa74396b47ee5": ["0", "de.homac.Mirrored.Preferences"]}, {"5da9219cf5876cebedefa74396b47ee5": ["0", "de.homac.Mirrored.Preferences"]}, {"5da9219cf5876cebedefa74396b47ee5": ["0", "de.homac.Mirrored.Preferences"]}, {"8d32cfd943b1ab98bfe35e12d2316b17": ["6", "de.homac.Mirrored.Preferences"]}, {"5da9219cf5876cebedefa74396b47ee5": ["0", "de.homac.Mirrored.Preferences"]}, {"5da9219cf5876cebedefa74396b47ee5": ["0", "de.homac.Mirrored.Preferences"]}, {"5da9219cf5876cebedefa74396b47ee5": ["0", "de.homac.Mirrored.Preferences"]}, {"5da9219cf5876cebedefa74396b47ee5": ["0", "de.homac.Mirrored.Preferences"]}, {"8a53a45ce85b2a55d27d4ecbabc8c6cf": ["1", "de.homac.Mirrored.Preferences"]}, {"5da9219cf5876cebedefa74396b47ee5": ["0", "de.homac.Mirrored.Preferences"]}, {"5da9219cf5876cebedefa74396b47ee5": ["0", "de.homac.Mirrored.Preferences"]}, {"5da9219cf5876cebedefa74396b47ee5": ["0", "de.homac.Mirrored.Preferences"]}, {"5da9219cf5876cebedefa74396b47ee5": ["0", "de.homac.Mirrored.Preferences"]}, {"fc313e91205da9ea2a6baa64334f18f2": ["4", "de.homac.Mirrored.Preferences"]}, {"5da9219cf5876cebedefa74396b47ee5": ["0", "de.homac.Mirrored.Preferences"]}, {"5da9219cf5876cebedefa74396b47ee5": ["0", "de.homac.Mirrored.Preferences"]}, {"5da9219cf5876cebedefa74396b47ee5": ["0", "de.homac.Mirrored.Preferences"]}, {"5da9219cf5876cebedefa74396b47ee5": ["0", "de.homac.Mirrored.Preferences"]}, {"5da9219cf5876cebedefa74396b47ee5": ["0", "de.homac.Mirrored.Preferences"]}, {"5da9219cf5876cebedefa74396b47ee5": ["0", "de.homac.Mirrored.Preferences"]}, {"5da9219cf5876cebedefa74396b47ee5": ["0", "de.homac.Mirrored.Preferences"]}, {"5da9219cf5876cebedefa74396b47ee5": ["0", "de.homac.Mirrored.Preferences"]}, {"fc313e91205da9ea2a6baa64334f18f2": ["4", "de.homac.Mirrored.Preferences"]}, {"5da9219cf5876cebedefa74396b47ee5": ["0", "de.homac.Mirrored.Preferences"]}, {"5da9219cf5876cebedefa74396b47ee5": ["0", "de.homac.Mirrored.Preferences"]}, {"8d32cfd943b1ab98bfe35e12d2316b17": ["6", "de.homac.Mirrored.Preferences"]}, {"5da9219cf5876cebedefa74396b47ee5": ["0", "de.homac.Mirrored.Preferences"]}, {"5da9219cf5876cebedefa74396b47ee5": ["0", "de.homac.Mirrored.Preferences"]}, {"8a53a45ce85b2a55d27d4ecbabc8c6cf": ["1", "de.homac.Mirrored.Preferences"]}, {"5da9219cf5876cebedefa74396b47ee5": ["0", "de.homac.Mirrored.Preferences"]}, {"5da9219cf5876cebedefa74396b47ee5": ["0", "de.homac.Mirrored.Preferences"]}, {"8a53a45ce85b2a55d27d4ecbabc8c6cf": ["1", "de.homac.Mirrored.Preferences"]}, {"5da9219cf5876cebedefa74396b47ee5": ["0", "de.homac.Mirrored.Preferences"]}, {"fc313e91205da9ea2a6baa64334f18f2": ["4", "de.homac.Mirrored.Preferences"]}, {"5da9219cf5876cebedefa74396b47ee5": ["0", "de.homac.Mirrored.Preferences"]}, {"8a53a45ce85b2a55d27d4ecbabc8c6cf": ["1", "de.homac.Mirrored.Preferences"]}, {"5da9219cf5876cebedefa74396b47ee5": ["0", "de.homac.Mirrored.Preferences"]}, {"8a53a45ce85b2a55d27d4ecbabc8c6cf": ["1", "de.homac.Mirrored.Preferences"]}, {"57bd7a0ded6a09a30e3678a613b95cd3": ["3", "de.homac.Mirrored.CategoriesList"]}, {"57bd7a0ded6a09a30e3678a613b95cd3": ["3", "de.homac.Mirrored.CategoriesList"]}, {"57bd7a0ded6a09a30e3678a613b95cd3": ["3", "de.homac.Mirrored.CategoriesList"]}, {"212d8f893224514b839156b7a77629ff": ["2", "de.homac.Mirrored.ArticlesList"]}, {"57bd7a0ded6a09a30e3678a613b95cd3": ["3", "de.homac.Mirrored.CategoriesList"]}, {"212d8f893224514b839156b7a77629ff": ["2", "de.homac.Mirrored.ArticlesList"]}, {"5da9219cf5876cebedefa74396b47ee5": ["0", "de.homac.Mirrored.Preferences"]}, {"5da9219cf5876cebedefa74396b47ee5": ["0", "de.homac.Mirrored.Preferences"]}, {"5da9219cf5876cebedefa74396b47ee5": ["0", "de.homac.Mirrored.Preferences"]}, {"fc313e91205da9ea2a6baa64334f18f2": ["4", "de.homac.Mirrored.Preferences"]}, {"5da9219cf5876cebedefa74396b47ee5": ["0", "de.homac.Mirrored.Preferences"]}, {"fc313e91205da9ea2a6baa64334f18f2": ["4", "de.homac.Mirrored.Preferences"]}, {"5da9219cf5876cebedefa74396b47ee5": ["0", "de.homac.Mirrored.Preferences"]}, {"5da9219cf5876cebedefa74396b47ee5": ["0", "de.homac.Mirrored.Preferences"]}, {"5da9219cf5876cebedefa74396b47ee5": ["0", "de.homac.Mirrored.Preferences"]}, {"5da9219cf5876cebedefa74396b47ee5": ["0", "de.homac.Mirrored.Preferences"]}, {"5da9219cf5876cebedefa74396b47ee5": ["0", "de.homac.Mirrored.Preferences"]}, {"5da9219cf5876cebedefa74396b47ee5": ["0", "de.homac.Mirrored.Preferences"]}, {"5da9219cf5876cebedefa74396b47ee5": ["0", "de.homac.Mirrored.Preferences"]}, {"5da9219cf5876cebedefa74396b47ee5": ["0", "de.homac.Mirrored.Preferences"]}, {"5da9219cf5876cebedefa74396b47ee5": ["0", "de.homac.Mirrored.Preferences"]}, {"5da9219cf5876cebedefa74396b47ee5": ["0", "de.homac.Mirrored.Preferences"]}, {"8a53a45ce85b2a55d27d4ecbabc8c6cf": ["1", "de.homac.Mirrored.Preferences"]}, {"5da9219cf5876cebedefa74396b47ee5": ["0", "de.homac.Mirrored.Preferences"]}, {"5da9219cf5876cebedefa74396b47ee5": ["0", "de.homac.Mirrored.Preferences"]}, {"5da9219cf5876cebedefa74396b47ee5": ["0", "de.homac.Mirrored.Preferences"]}, {"5da9219cf5876cebedefa74396b47ee5": ["0", "de.homac.Mirrored.Preferences"]}, {"5da9219cf5876cebedefa74396b47ee5": ["0", "de.homac.Mirrored.Preferences"]}, {"5da9219cf5876cebedefa74396b47ee5": ["0", "de.homac.Mirrored.Preferences"]}, {"fc313e91205da9ea2a6baa64334f18f2": ["4", "de.homac.Mirrored.Preferences"]}, {"5da9219cf5876cebedefa74396b47ee5": ["0", "de.homac.Mirrored.Preferences"]}, {"f50f0ab9ab2f720d1bbe4a5fb5cb3a08": ["5", "de.homac.Mirrored.Preferences"]}, {"5da9219cf5876cebedefa74396b47ee5": ["0", "de.homac.Mirrored.Preferences"]}, {"5da9219cf5876cebedefa74396b47ee5": ["0", "de.homac.Mirrored.Preferences"]}, {"5da9219cf5876cebedefa74396b47ee5": ["0", "de.homac.Mirrored.Preferences"]}, {"fc313e91205da9ea2a6baa64334f18f2": ["4", "de.homac.Mirrored.Preferences"]}, {"5da9219cf5876cebedefa74396b47ee5": ["0", "de.homac.Mirrored.Preferences"]}, {"5da9219cf5876cebedefa74396b47ee5": ["0", "de.homac.Mirrored.Preferences"]}, {"5da9219cf5876cebedefa74396b47ee5": ["0", "de.homac.Mirrored.Preferences"]}, {"5da9219cf5876cebedefa74396b47ee5": ["0", "de.homac.Mirrored.Preferences"]}, {"5da9219cf5876cebedefa74396b47ee5": ["0", "de.homac.Mirrored.Preferences"]}, {"5da9219cf5876cebedefa74396b47ee5": ["0", "de.homac.Mirrored.Preferences"]}, {"5da9219cf5876cebedefa74396b47ee5": ["0", "de.homac.Mirrored.Preferences"]}, {"fc313e91205da9ea2a6baa64334f18f2": ["4", "de.homac.Mirrored.Preferences"]}, {"5da9219cf5876cebedefa74396b47ee5": ["0", "de.homac.Mirrored.Preferences"]}, {"5da9219cf5876cebedefa74396b47ee5": ["0", "de.homac.Mirrored.Preferences"]}, {"8a53a45ce85b2a55d27d4ecbabc8c6cf": ["1", "de.homac.Mirrored.Preferences"]}, {"5da9219cf5876cebedefa74396b47ee5": ["0", "de.homac.Mirrored.Preferences"]}, {"5da9219cf5876cebedefa74396b47ee5": ["0", "de.homac.Mirrored.Preferences"]}, {"5da9219cf5876cebedefa74396b47ee5": ["0", "de.homac.Mirrored.Preferences"]}, {"8a53a45ce85b2a55d27d4ecbabc8c6cf": ["1", "de.homac.Mirrored.Preferences"]}, {"5da9219cf5876cebedefa74396b47ee5": ["0", "de.homac.Mirrored.Preferences"]}, {"f50f0ab9ab2f720d1bbe4a5fb5cb3a08": ["5", "de.homac.Mirrored.Preferences"]}, {"5da9219cf5876cebedefa74396b47ee5": ["0", "de.homac.Mirrored.Preferences"]}, {"8a53a45ce85b2a55d27d4ecbabc8c6cf": ["1", "de.homac.Mirrored.Preferences"]}, {"5da9219cf5876cebedefa74396b47ee5": ["0", "de.homac.Mirrored.Preferences"]}, {"fc313e91205da9ea2a6baa64334f18f2": ["4", "de.homac.Mirrored.Preferences"]}, {"5da9219cf5876cebedefa74396b47ee5": ["0", "de.homac.Mirrored.Preferences"]}, {"57bd7a0ded6a09a30e3678a613b95cd3": ["3", "de.homac.Mirrored.CategoriesList"]}, {"57bd7a0ded6a09a30e3678a613b95cd3": ["3", "de.homac.Mirrored.CategoriesList"]}, {"212d8f893224514b839156b7a77629ff": ["2", "de.homac.Mirrored.ArticlesList"]}, {"57bd7a0ded6a09a30e3678a613b95cd3": ["3", "de.homac.Mirrored.CategoriesList"]}, {"212d8f893224514b839156b7a77629ff": ["2", "de.homac.Mirrored.ArticlesList"]}, {"57bd7a0ded6a09a30e3678a613b95cd3": ["3", "de.homac.Mirrored.CategoriesList"]}, {"5da9219cf5876cebedefa74396b47ee5": ["0", "de.homac.Mirrored.Preferences"]}, {"8a53a45ce85b2a55d27d4ecbabc8c6cf": ["1", "de.homac.Mirrored.Preferences"]}, {"5da9219cf5876cebedefa74396b47ee5": ["0", "de.homac.Mirrored.Preferences"]}, {"5da9219cf5876cebedefa74396b47ee5": ["0", "de.homac.Mirrored.Preferences"]}, {"5da9219cf5876cebedefa74396b47ee5": ["0", "de.homac.Mirrored.Preferences"]}, {"5da9219cf5876cebedefa74396b47ee5": ["0", "de.homac.Mirrored.Preferences"]}, {"5da9219cf5876cebedefa74396b47ee5": ["0", "de.homac.Mirrored.Preferences"]}, {"8a53a45ce85b2a55d27d4ecbabc8c6cf": ["1", "de.homac.Mirrored.Preferences"]}, {"5da9219cf5876cebedefa74396b47ee5": ["0", "de.homac.Mirrored.Preferences"]}, {"8a53a45ce85b2a55d27d4ecbabc8c6cf": ["1", "de.homac.Mirrored.Preferences"]}, {"5da9219cf5876cebedefa74396b47ee5": ["0", "de.homac.Mirrored.Preferences"]}, {"8a53a45ce85b2a55d27d4ecbabc8c6cf": ["1", "de.homac.Mirrored.Preferences"]}, {"5da9219cf5876cebedefa74396b47ee5": ["0", "de.homac.Mirrored.Preferences"]}, {"5da9219cf5876cebedefa74396b47ee5": ["0", "de.homac.Mirrored.Preferences"]}, {"fc313e91205da9ea2a6baa64334f18f2": ["4", "de.homac.Mirrored.Preferences"]}, {"5da9219cf5876cebedefa74396b47ee5": ["0", "de.homac.Mirrored.Preferences"]}, {"5da9219cf5876cebedefa74396b47ee5": ["0", "de.homac.Mirrored.Preferences"]}, {"5da9219cf5876cebedefa74396b47ee5": ["0", "de.homac.Mirrored.Preferences"]}, {"8a53a45ce85b2a55d27d4ecbabc8c6cf": ["1", "de.homac.Mirrored.Preferences"]}, {"5da9219cf5876cebedefa74396b47ee5": ["0", "de.homac.Mirrored.Preferences"]}, {"5da9219cf5876cebedefa74396b47ee5": ["0", "de.homac.Mirrored.Preferences"]}, {"8a53a45ce85b2a55d27d4ecbabc8c6cf": ["1", "de.homac.Mirrored.Preferences"]}, {"5da9219cf5876cebedefa74396b47ee5": ["0", "de.homac.Mirrored.Preferences"]}, {"8a53a45ce85b2a55d27d4ecbabc8c6cf": ["1", "de.homac.Mirrored.Preferences"]}, {"5da9219cf5876cebedefa74396b47ee5": ["0", "de.homac.Mirrored.Preferences"]}, {"5da9219cf5876cebedefa74396b47ee5": ["0", "de.homac.Mirrored.Preferences"]}, {"5da9219cf5876cebedefa74396b47ee5": ["0", "de.homac.Mirrored.Preferences"]}, {"f50f0ab9ab2f720d1bbe4a5fb5cb3a08": ["5", "de.homac.Mirrored.Preferences"]}, {"5da9219cf5876cebedefa74396b47ee5": ["0", "de.homac.Mirrored.Preferences"]}, {"8a53a45ce85b2a55d27d4ecbabc8c6cf": ["1", "de.homac.Mirrored.Preferences"]}, {"5da9219cf5876cebedefa74396b47ee5": ["0", "de.homac.Mirrored.Preferences"]}, {"f50f0ab9ab2f720d1bbe4a5fb5cb3a08": ["5", "de.homac.Mirrored.Preferences"]}, {"57bd7a0ded6a09a30e3678a613b95cd3": ["3", "de.homac.Mirrored.CategoriesList"]}, {"57bd7a0ded6a09a30e3678a613b95cd3": ["3", "de.homac.Mirrored.CategoriesList"]}, {"b37685445f066bee325efe493a7151c0": ["7", "de.homac.Mirrored.CategoriesList"]}, {"57bd7a0ded6a09a30e3678a613b95cd3": ["3", "de.homac.Mirrored.CategoriesList"]}, {"57bd7a0ded6a09a30e3678a613b95cd3": ["3", "de.homac.Mirrored.CategoriesList"]}, {"212d8f893224514b839156b7a77629ff": ["2", "de.homac.Mirrored.ArticlesList"]}, {"57bd7a0ded6a09a30e3678a613b95cd3": ["3", "de.homac.Mirrored.CategoriesList"]}, {"212d8f893224514b839156b7a77629ff": ["2", "de.homac.Mirrored.ArticlesList"]}, {"57bd7a0ded6a09a30e3678a613b95cd3": ["3", "de.homac.Mirrored.CategoriesList"]}, {"212d8f893224514b839156b7a77629ff": ["2", "de.homac.Mirrored.ArticlesList"]}, {"57bd7a0ded6a09a30e3678a613b95cd3": ["3", "de.homac.Mirrored.CategoriesList"]}, {"57bd7a0ded6a09a30e3678a613b95cd3": ["3", "de.homac.Mirrored.CategoriesList"]}, {"57bd7a0ded6a09a30e3678a613b95cd3": ["3", "de.homac.Mirrored.CategoriesList"]}, {"212d8f893224514b839156b7a77629ff": ["2", "de.homac.Mirrored.ArticlesList"]}, {"57bd7a0ded6a09a30e3678a613b95cd3": ["3", "de.homac.Mirrored.CategoriesList"]}, {"212d8f893224514b839156b7a77629ff": ["2", "de.homac.Mirrored.ArticlesList"]}, {"5da9219cf5876cebedefa74396b47ee5": ["0", "de.homac.Mirrored.Preferences"]}, {"8a53a45ce85b2a55d27d4ecbabc8c6cf": ["1", "de.homac.Mirrored.Preferences"]}, {"5da9219cf5876cebedefa74396b47ee5": ["0", "de.homac.Mirrored.Preferences"]}, {"8a53a45ce85b2a55d27d4ecbabc8c6cf": ["1", "de.homac.Mirrored.Preferences"]}, {"5da9219cf5876cebedefa74396b47ee5": ["0", "de.homac.Mirrored.Preferences"]}, {"8a53a45ce85b2a55d27d4ecbabc8c6cf": ["1", "de.homac.Mirrored.Preferences"]}, {"5da9219cf5876cebedefa74396b47ee5": ["0", "de.homac.Mirrored.Preferences"]}, {"5da9219cf5876cebedefa74396b47ee5": ["0", "de.homac.Mirrored.Preferences"]}, {"5da9219cf5876cebedefa74396b47ee5": ["0", "de.homac.Mirrored.Preferences"]}, {"5da9219cf5876cebedefa74396b47ee5": ["0", "de.homac.Mirrored.Preferences"]}, {"5da9219cf5876cebedefa74396b47ee5": ["0", "de.homac.Mirrored.Preferences"]}, {"f50f0ab9ab2f720d1bbe4a5fb5cb3a08": ["5", "de.homac.Mirrored.Preferences"]}, {"5da9219cf5876cebedefa74396b47ee5": ["0", "de.homac.Mirrored.Preferences"]}, {"5da9219cf5876cebedefa74396b47ee5": ["0", "de.homac.Mirrored.Preferences"]}, {"5da9219cf5876cebedefa74396b47ee5": ["0", "de.homac.Mirrored.Preferences"]}, {"8a53a45ce85b2a55d27d4ecbabc8c6cf": ["1", "de.homac.Mirrored.Preferences"]}, {"5da9219cf5876cebedefa74396b47ee5": ["0", "de.homac.Mirrored.Preferences"]}, {"5da9219cf5876cebedefa74396b47ee5": ["0", "de.homac.Mirrored.Preferences"]}, {"5da9219cf5876cebedefa74396b47ee5": ["0", "de.homac.Mirrored.Preferences"]}, {"8a53a45ce85b2a55d27d4ecbabc8c6cf": ["1", "de.homac.Mirrored.Preferences"]}, {"5da9219cf5876cebedefa74396b47ee5": ["0", "de.homac.Mirrored.Preferences"]}, {"5da9219cf5876cebedefa74396b47ee5": ["0", "de.homac.Mirrored.Preferences"]}, {"5da9219cf5876cebedefa74396b47ee5": ["0", "de.homac.Mirrored.Preferences"]}, {"5da9219cf5876cebedefa74396b47ee5": ["0", "de.homac.Mirrored.Preferences"]}, {"5da9219cf5876cebedefa74396b47ee5": ["0", "de.homac.Mirrored.Preferences"]}, {"8a53a45ce85b2a55d27d4ecbabc8c6cf": ["1", "de.homac.Mirrored.Preferences"]}, {"5da9219cf5876cebedefa74396b47ee5": ["0", "de.homac.Mirrored.Preferences"]}, {"f50f0ab9ab2f720d1bbe4a5fb5cb3a08": ["5", "de.homac.Mirrored.Preferences"]}, {"5da9219cf5876cebedefa74396b47ee5": ["0", "de.homac.Mirrored.Preferences"]}, {"5da9219cf5876cebedefa74396b47ee5": ["0", "de.homac.Mirrored.Preferences"]}, {"5da9219cf5876cebedefa74396b47ee5": ["0", "de.homac.Mirrored.Preferences"]}, {"5da9219cf5876cebedefa74396b47ee5": ["0", "de.homac.Mirrored.Preferences"]}, {"5da9219cf5876cebedefa74396b47ee5": ["0", "de.homac.Mirrored.Preferences"]}, {"8a53a45ce85b2a55d27d4ecbabc8c6cf": ["1", "de.homac.Mirrored.Preferences"]}, {"5da9219cf5876cebedefa74396b47ee5": ["0", "de.homac.Mirrored.Preferences"]}, {"5da9219cf5876cebedefa74396b47ee5": ["0", "de.homac.Mirrored.Preferences"]}, {"fc313e91205da9ea2a6baa64334f18f2": ["4", "de.homac.Mirrored.Preferences"]}, {"5da9219cf5876cebedefa74396b47ee5": ["0", "de.homac.Mirrored.Preferences"]}, {"5da9219cf5876cebedefa74396b47ee5": ["0", "de.homac.Mirrored.Preferences"]}, {"5da9219cf5876cebedefa74396b47ee5": ["0", "de.homac.Mirrored.Preferences"]}, {"8a53a45ce85b2a55d27d4ecbabc8c6cf": ["1", "de.homac.Mirrored.Preferences"]}, {"5da9219cf5876cebedefa74396b47ee5": ["0", "de.homac.Mirrored.Preferences"]}, {"5da9219cf5876cebedefa74396b47ee5": ["0", "de.homac.Mirrored.Preferences"]}, {"8a53a45ce85b2a55d27d4ecbabc8c6cf": ["1", "de.homac.Mirrored.Preferences"]}, {"5da9219cf5876cebedefa74396b47ee5": ["0", "de.homac.Mirrored.Preferences"]}, {"5da9219cf5876cebedefa74396b47ee5": ["0", "de.homac.Mirrored.Preferences"]}, {"fc313e91205da9ea2a6baa64334f18f2": ["4", "de.homac.Mirrored.Preferences"]}, {"5da9219cf5876cebedefa74396b47ee5": ["0", "de.homac.Mirrored.Preferences"]}, {"fc313e91205da9ea2a6baa64334f18f2": ["4", "de.homac.Mirrored.Preferences"]}, {"5da9219cf5876cebedefa74396b47ee5": ["0", "de.homac.Mirrored.Preferences"]}, {"5da9219cf5876cebedefa74396b47ee5": ["0", "de.homac.Mirrored.Preferences"]}, {"57bd7a0ded6a09a30e3678a613b95cd3": ["3", "de.homac.Mirrored.CategoriesList"]}, {"212d8f893224514b839156b7a77629ff": ["2", "de.homac.Mirrored.ArticlesList"]}, {"57bd7a0ded6a09a30e3678a613b95cd3": ["3", "de.homac.Mirrored.CategoriesList"]}, {"5da9219cf5876cebedefa74396b47ee5": ["0", "de.homac.Mirrored.Preferences"]}, {"5da9219cf5876cebedefa74396b47ee5": ["0", "de.homac.Mirrored.Preferences"]}, {"5da9219cf5876cebedefa74396b47ee5": ["0", "de.homac.Mirrored.Preferences"]}, {"5da9219cf5876cebedefa74396b47ee5": ["0", "de.homac.Mirrored.Preferences"]}, {"5da9219cf5876cebedefa74396b47ee5": ["0", "de.homac.Mirrored.Preferences"]}, {"5da9219cf5876cebedefa74396b47ee5": ["0", "de.homac.Mirrored.Preferences"]}, {"5da9219cf5876cebedefa74396b47ee5": ["0", "de.homac.Mirrored.Preferences"]}, {"5da9219cf5876cebedefa74396b47ee5": ["0", "de.homac.Mirrored.Preferences"]}, {"5da9219cf5876cebedefa74396b47ee5": ["0", "de.homac.Mirrored.Preferences"]}, {"5da9219cf5876cebedefa74396b47ee5": ["0", "de.homac.Mirrored.Preferences"]}, {"fc313e91205da9ea2a6baa64334f18f2": ["4", "de.homac.Mirrored.Preferences"]}, {"5da9219cf5876cebedefa74396b47ee5": ["0", "de.homac.Mirrored.Preferences"]}, {"8a53a45ce85b2a55d27d4ecbabc8c6cf": ["1", "de.homac.Mirrored.Preferences"]}, {"5da9219cf5876cebedefa74396b47ee5": ["0", "de.homac.Mirrored.Preferences"]}, {"8a53a45ce85b2a55d27d4ecbabc8c6cf": ["1", "de.homac.Mirrored.Preferences"]}, {"5da9219cf5876cebedefa74396b47ee5": ["0", "de.homac.Mirrored.Preferences"]}, {"5da9219cf5876cebedefa74396b47ee5": ["0", "de.homac.Mirrored.Preferences"]}, {"5da9219cf5876cebedefa74396b47ee5": ["0", "de.homac.Mirrored.Preferences"]}, {"5da9219cf5876cebedefa74396b47ee5": ["0", "de.homac.Mirrored.Preferences"]}, {"fc313e91205da9ea2a6baa64334f18f2": ["4", "de.homac.Mirrored.Preferences"]}, {"5da9219cf5876cebedefa74396b47ee5": ["0", "de.homac.Mirrored.Preferences"]}, {"5da9219cf5876cebedefa74396b47ee5": ["0", "de.homac.Mirrored.Preferences"]}, {"8a53a45ce85b2a55d27d4ecbabc8c6cf": ["1", "de.homac.Mirrored.Preferences"]}, {"5da9219cf5876cebedefa74396b47ee5": ["0", "de.homac.Mirrored.Preferences"]}, {"8d32cfd943b1ab98bfe35e12d2316b17": ["6", "de.homac.Mirrored.Preferences"]}, {"5da9219cf5876cebedefa74396b47ee5": ["0", "de.homac.Mirrored.Preferences"]}, {"5da9219cf5876cebedefa74396b47ee5": ["0", "de.homac.Mirrored.Preferences"]}, {"5da9219cf5876cebedefa74396b47ee5": ["0", "de.homac.Mirrored.Preferences"]}, {"8d32cfd943b1ab98bfe35e12d2316b17": ["6", "de.homac.Mirrored.Preferences"]}, {"5da9219cf5876cebedefa74396b47ee5": ["0", "de.homac.Mirrored.Preferences"]}, {"8d32cfd943b1ab98bfe35e12d2316b17": ["6", "de.homac.Mirrored.Preferences"]}, {"5da9219cf5876cebedefa74396b47ee5": ["0", "de.homac.Mirrored.Preferences"]}, {"5da9219cf5876cebedefa74396b47ee5": ["0", "de.homac.Mirrored.Preferences"]}, {"57bd7a0ded6a09a30e3678a613b95cd3": ["3", "de.homac.Mirrored.CategoriesList"]}, {"212d8f893224514b839156b7a77629ff": ["2", "de.homac.Mirrored.ArticlesList"]}, {"5da9219cf5876cebedefa74396b47ee5": ["0", "de.homac.Mirrored.Preferences"]}, {"8a53a45ce85b2a55d27d4ecbabc8c6cf": ["1", "de.homac.Mirrored.Preferences"]}, {"5da9219cf5876cebedefa74396b47ee5": ["0", "de.homac.Mirrored.Preferences"]}, {"5da9219cf5876cebedefa74396b47ee5": ["0", "de.homac.Mirrored.Preferences"]}, {"5da9219cf5876cebedefa74396b47ee5": ["0", "de.homac.Mirrored.Preferences"]}, {"5da9219cf5876cebedefa74396b47ee5": ["0", "de.homac.Mirrored.Preferences"]}, {"5da9219cf5876cebedefa74396b47ee5": ["0", "de.homac.Mirrored.Preferences"]}, {"5da9219cf5876cebedefa74396b47ee5": ["0", "de.homac.Mirrored.Preferences"]}, {"5da9219cf5876cebedefa74396b47ee5": ["0", "de.homac.Mirrored.Preferences"]}, {"5da9219cf5876cebedefa74396b47ee5": ["0", "de.homac.Mirrored.Preferences"]}, {"57bd7a0ded6a09a30e3678a613b95cd3": ["3", "de.homac.Mirrored.CategoriesList"]}, {"57bd7a0ded6a09a30e3678a613b95cd3": ["3", "de.homac.Mirrored.CategoriesList"]}, {"57bd7a0ded6a09a30e3678a613b95cd3": ["3", "de.homac.Mirrored.CategoriesList"]}, {"57bd7a0ded6a09a30e3678a613b95cd3": ["3", "de.homac.Mirrored.CategoriesList"]}, {"57bd7a0ded6a09a30e3678a613b95cd3": ["3", "de.homac.Mirrored.CategoriesList"]}, {"57bd7a0ded6a09a30e3678a613b95cd3": ["3", "de.homac.Mirrored.CategoriesList"]}, {"212d8f893224514b839156b7a77629ff": ["2", "de.homac.Mirrored.ArticlesList"]}, {"57bd7a0ded6a09a30e3678a613b95cd3": ["3", "de.homac.Mirrored.CategoriesList"]}, {"212d8f893224514b839156b7a77629ff": ["2", "de.homac.Mirrored.ArticlesList"]}, {"57bd7a0ded6a09a30e3678a613b95cd3": ["3", "de.homac.Mirrored.CategoriesList"]}, {"212d8f893224514b839156b7a77629ff": ["2", "de.homac.Mirrored.ArticlesList"]}, {"57bd7a0ded6a09a30e3678a613b95cd3": ["3", "de.homac.Mirrored.CategoriesList"]}, {"212d8f893224514b839156b7a77629ff": ["2", "de.homac.Mirrored.ArticlesList"]}, {"212d8f893224514b839156b7a77629ff": ["2", "de.homac.Mirrored.ArticlesList"]}, {"5da9219cf5876cebedefa74396b47ee5": ["0", "de.homac.Mirrored.Preferences"]}, {"5da9219cf5876cebedefa74396b47ee5": ["0", "de.homac.Mirrored.Preferences"]}, {"8a53a45ce85b2a55d27d4ecbabc8c6cf": ["1", "de.homac.Mirrored.Preferences"]}, {"5da9219cf5876cebedefa74396b47ee5": ["0", "de.homac.Mirrored.Preferences"]}, {"8a53a45ce85b2a55d27d4ecbabc8c6cf": ["1", "de.homac.Mirrored.Preferences"]}, {"5da9219cf5876cebedefa74396b47ee5": ["0", "de.homac.Mirrored.Preferences"]}, {"8a53a45ce85b2a55d27d4ecbabc8c6cf": ["1", "de.homac.Mirrored.Preferences"]}, {"5da9219cf5876cebedefa74396b47ee5": ["0", "de.homac.Mirrored.Preferences"]}, {"f50f0ab9ab2f720d1bbe4a5fb5cb3a08": ["5", "de.homac.Mirrored.Preferences"]}, {"5da9219cf5876cebedefa74396b47ee5": ["0", "de.homac.Mirrored.Preferences"]}, {"5da9219cf5876cebedefa74396b47ee5": ["0", "de.homac.Mirrored.Preferences"]}, {"5da9219cf5876cebedefa74396b47ee5": ["0", "de.homac.Mirrored.Preferences"]}, {"5da9219cf5876cebedefa74396b47ee5": ["0", "de.homac.Mirrored.Preferences"]}, {"5da9219cf5876cebedefa74396b47ee5": ["0", "de.homac.Mirrored.Preferences"]}, {"5da9219cf5876cebedefa74396b47ee5": ["0", "de.homac.Mirrored.Preferences"]}, {"5da9219cf5876cebedefa74396b47ee5": ["0", "de.homac.Mirrored.Preferences"]}, {"8d32cfd943b1ab98bfe35e12d2316b17": ["6", "de.homac.Mirrored.Preferences"]}, {"5da9219cf5876cebedefa74396b47ee5": ["0", "de.homac.Mirrored.Preferences"]}, {"5da9219cf5876cebedefa74396b47ee5": ["0", "de.homac.Mirrored.Preferences"]}, {"8a53a45ce85b2a55d27d4ecbabc8c6cf": ["1", "de.homac.Mirrored.Preferences"]}, {"5da9219cf5876cebedefa74396b47ee5": ["0", "de.homac.Mirrored.Preferences"]}, {"8a53a45ce85b2a55d27d4ecbabc8c6cf": ["1", "de.homac.Mirrored.Preferences"]}, {"5da9219cf5876cebedefa74396b47ee5": ["0", "de.homac.Mirrored.Preferences"]}, {"5da9219cf5876cebedefa74396b47ee5": ["0", "de.homac.Mirrored.Preferences"]}, {"8a53a45ce85b2a55d27d4ecbabc8c6cf": ["1", "de.homac.Mirrored.Preferences"]}, {"5da9219cf5876cebedefa74396b47ee5": ["0", "de.homac.Mirrored.Preferences"]}, {"5da9219cf5876cebedefa74396b47ee5": ["0", "de.homac.Mirrored.Preferences"]}, {"5da9219cf5876cebedefa74396b47ee5": ["0", "de.homac.Mirrored.Preferences"]}, {"5da9219cf5876cebedefa74396b47ee5": ["0", "de.homac.Mirrored.Preferences"]}, {"f50f0ab9ab2f720d1bbe4a5fb5cb3a08": ["5", "de.homac.Mirrored.Preferences"]}, {"5da9219cf5876cebedefa74396b47ee5": ["0", "de.homac.Mirrored.Preferences"]}, {"5da9219cf5876cebedefa74396b47ee5": ["0", "de.homac.Mirrored.Preferences"]}, {"5da9219cf5876cebedefa74396b47ee5": ["0", "de.homac.Mirrored.Preferences"]}, {"8a53a45ce85b2a55d27d4ecbabc8c6cf": ["1", "de.homac.Mirrored.Preferences"]}, {"5da9219cf5876cebedefa74396b47ee5": ["0", "de.homac.Mirrored.Preferences"]}, {"5da9219cf5876cebedefa74396b47ee5": ["0", "de.homac.Mirrored.Preferences"]}, {"5da9219cf5876cebedefa74396b47ee5": ["0", "de.homac.Mirrored.Preferences"]}, {"fc313e91205da9ea2a6baa64334f18f2": ["4", "de.homac.Mirrored.Preferences"]}, {"5da9219cf5876cebedefa74396b47ee5": ["0", "de.homac.Mirrored.Preferences"]}, {"8a53a45ce85b2a55d27d4ecbabc8c6cf": ["1", "de.homac.Mirrored.Preferences"]}, {"5da9219cf5876cebedefa74396b47ee5": ["0", "de.homac.Mirrored.Preferences"]}, {"8a53a45ce85b2a55d27d4ecbabc8c6cf": ["1", "de.homac.Mirrored.Preferences"]}, {"5da9219cf5876cebedefa74396b47ee5": ["0", "de.homac.Mirrored.Preferences"]}, {"8a53a45ce85b2a55d27d4ecbabc8c6cf": ["1", "de.homac.Mirrored.Preferences"]}, {"5da9219cf5876cebedefa74396b47ee5": ["0", "de.homac.Mirrored.Preferences"]}, {"5da9219cf5876cebedefa74396b47ee5": ["0", "de.homac.Mirrored.Preferences"]}, {"f50f0ab9ab2f720d1bbe4a5fb5cb3a08": ["5", "de.homac.Mirrored.Preferences"]}, {"5da9219cf5876cebedefa74396b47ee5": ["0", "de.homac.Mirrored.Preferences"]}, {"8a53a45ce85b2a55d27d4ecbabc8c6cf": ["1", "de.homac.Mirrored.Preferences"]}, {"57bd7a0ded6a09a30e3678a613b95cd3": ["3", "de.homac.Mirrored.CategoriesList"]}, {"57bd7a0ded6a09a30e3678a613b95cd3": ["3", "de.homac.Mirrored.CategoriesList"]}, {"212d8f893224514b839156b7a77629ff": ["2", "de.homac.Mirrored.ArticlesList"]}, {"57bd7a0ded6a09a30e3678a613b95cd3": ["3", "de.homac.Mirrored.CategoriesList"]}, {"57bd7a0ded6a09a30e3678a613b95cd3": ["3", "de.homac.Mirrored.CategoriesList"]}, {"5da9219cf5876cebedefa74396b47ee5": ["0", "de.homac.Mirrored.Preferences"]}, {"5da9219cf5876cebedefa74396b47ee5": ["0", "de.homac.Mirrored.Preferences"]}, {"5da9219cf5876cebedefa74396b47ee5": ["0", "de.homac.Mirrored.Preferences"]}, {"5da9219cf5876cebedefa74396b47ee5": ["0", "de.homac.Mirrored.Preferences"]}, {"fc313e91205da9ea2a6baa64334f18f2": ["4", "de.homac.Mirrored.Preferences"]}, {"5da9219cf5876cebedefa74396b47ee5": ["0", "de.homac.Mirrored.Preferences"]}, {"5da9219cf5876cebedefa74396b47ee5": ["0", "de.homac.Mirrored.Preferences"]}, {"5da9219cf5876cebedefa74396b47ee5": ["0", "de.homac.Mirrored.Preferences"]}, {"5da9219cf5876cebedefa74396b47ee5": ["0", "de.homac.Mirrored.Preferences"]}, {"5da9219cf5876cebedefa74396b47ee5": ["0", "de.homac.Mirrored.Preferences"]}, {"5da9219cf5876cebedefa74396b47ee5": ["0", "de.homac.Mirrored.Preferences"]}, {"5da9219cf5876cebedefa74396b47ee5": ["0", "de.homac.Mirrored.Preferences"]}, {"5da9219cf5876cebedefa74396b47ee5": ["0", "de.homac.Mirrored.Preferences"]}, {"8a53a45ce85b2a55d27d4ecbabc8c6cf": ["1", "de.homac.Mirrored.Preferences"]}, {"5da9219cf5876cebedefa74396b47ee5": ["0", "de.homac.Mirrored.Preferences"]}, {"8a53a45ce85b2a55d27d4ecbabc8c6cf": ["1", "de.homac.Mirrored.Preferences"]}, {"5da9219cf5876cebedefa74396b47ee5": ["0", "de.homac.Mirrored.Preferences"]}, {"5da9219cf5876cebedefa74396b47ee5": ["0", "de.homac.Mirrored.Preferences"]}, {"5da9219cf5876cebedefa74396b47ee5": ["0", "de.homac.Mirrored.Preferences"]}, {"5da9219cf5876cebedefa74396b47ee5": ["0", "de.homac.Mirrored.Preferences"]}, {"5da9219cf5876cebedefa74396b47ee5": ["0", "de.homac.Mirrored.Preferences"]}, {"fc313e91205da9ea2a6baa64334f18f2": ["4", "de.homac.Mirrored.Preferences"]}, {"5da9219cf5876cebedefa74396b47ee5": ["0", "de.homac.Mirrored.Preferences"]}, {"5da9219cf5876cebedefa74396b47ee5": ["0", "de.homac.Mirrored.Preferences"]}, {"8a53a45ce85b2a55d27d4ecbabc8c6cf": ["1", "de.homac.Mirrored.Preferences"]}, {"5da9219cf5876cebedefa74396b47ee5": ["0", "de.homac.Mirrored.Preferences"]}, {"8a53a45ce85b2a55d27d4ecbabc8c6cf": ["1", "de.homac.Mirrored.Preferences"]}, {"5da9219cf5876cebedefa74396b47ee5": ["0", "de.homac.Mirrored.Preferences"]}, {"5da9219cf5876cebedefa74396b47ee5": ["0", "de.homac.Mirrored.Preferences"]}, {"8a53a45ce85b2a55d27d4ecbabc8c6cf": ["1", "de.homac.Mirrored.Preferences"]}, {"5da9219cf5876cebedefa74396b47ee5": ["0", "de.homac.Mirrored.Preferences"]}, {"8d32cfd943b1ab98bfe35e12d2316b17": ["6", "de.homac.Mirrored.Preferences"]}, {"5da9219cf5876cebedefa74396b47ee5": ["0", "de.homac.Mirrored.Preferences"]}, {"8a53a45ce85b2a55d27d4ecbabc8c6cf": ["1", "de.homac.Mirrored.Preferences"]}, {"5da9219cf5876cebedefa74396b47ee5": ["0", "de.homac.Mirrored.Preferences"]}, {"8a53a45ce85b2a55d27d4ecbabc8c6cf": ["1", "de.homac.Mirrored.Preferences"]}, {"5da9219cf5876cebedefa74396b47ee5": ["0", "de.homac.Mirrored.Preferences"]}, {"5da9219cf5876cebedefa74396b47ee5": ["0", "de.homac.Mirrored.Preferences"]}, {"5da9219cf5876cebedefa74396b47ee5": ["0", "de.homac.Mirrored.Preferences"]}, {"5da9219cf5876cebedefa74396b47ee5": ["0", "de.homac.Mirrored.Preferences"]}, {"8a53a45ce85b2a55d27d4ecbabc8c6cf": ["1", "de.homac.Mirrored.Preferences"]}, {"5da9219cf5876cebedefa74396b47ee5": ["0", "de.homac.Mirrored.Preferences"]}, {"5da9219cf5876cebedefa74396b47ee5": ["0", "de.homac.Mirrored.Preferences"]}, {"57bd7a0ded6a09a30e3678a613b95cd3": ["3", "de.homac.Mirrored.CategoriesList"]}, {"212d8f893224514b839156b7a77629ff": ["2", "de.homac.Mirrored.ArticlesList"]}, {"57bd7a0ded6a09a30e3678a613b95cd3": ["3", "de.homac.Mirrored.CategoriesList"]}, {"212d8f893224514b839156b7a77629ff": ["2", "de.homac.Mirrored.ArticlesList"]}, {"57bd7a0ded6a09a30e3678a613b95cd3": ["3", "de.homac.Mirrored.CategoriesList"]}, {"5da9219cf5876cebedefa74396b47ee5": ["0", "de.homac.Mirrored.Preferences"]}, {"5da9219cf5876cebedefa74396b47ee5": ["0", "de.homac.Mirrored.Preferences"]}, {"5da9219cf5876cebedefa74396b47ee5": ["0", "de.homac.Mirrored.Preferences"]}, {"8a53a45ce85b2a55d27d4ecbabc8c6cf": ["1", "de.homac.Mirrored.Preferences"]}, {"5da9219cf5876cebedefa74396b47ee5": ["0", "de.homac.Mirrored.Preferences"]}, {"5da9219cf5876cebedefa74396b47ee5": ["0", "de.homac.Mirrored.Preferences"]}, {"5da9219cf5876cebedefa74396b47ee5": ["0", "de.homac.Mirrored.Preferences"]}, {"5da9219cf5876cebedefa74396b47ee5": ["0", "de.homac.Mirrored.Preferences"]}, {"5da9219cf5876cebedefa74396b47ee5": ["0", "de.homac.Mirrored.Preferences"]}, {"5da9219cf5876cebedefa74396b47ee5": ["0", "de.homac.Mirrored.Preferences"]}, {"5da9219cf5876cebedefa74396b47ee5": ["0", "de.homac.Mirrored.Preferences"]}, {"5da9219cf5876cebedefa74396b47ee5": ["0", "de.homac.Mirrored.Preferences"]}, {"5da9219cf5876cebedefa74396b47ee5": ["0", "de.homac.Mirrored.Preferences"]}, {"5da9219cf5876cebedefa74396b47ee5": ["0", "de.homac.Mirrored.Preferences"]}, {"5da9219cf5876cebedefa74396b47ee5": ["0", "de.homac.Mirrored.Preferences"]}, {"fc313e91205da9ea2a6baa64334f18f2": ["4", "de.homac.Mirrored.Preferences"]}, {"5da9219cf5876cebedefa74396b47ee5": ["0", "de.homac.Mirrored.Preferences"]}, {"5da9219cf5876cebedefa74396b47ee5": ["0", "de.homac.Mirrored.Preferences"]}, {"fc313e91205da9ea2a6baa64334f18f2": ["4", "de.homac.Mirrored.Preferences"]}, {"5da9219cf5876cebedefa74396b47ee5": ["0", "de.homac.Mirrored.Preferences"]}, {"5da9219cf5876cebedefa74396b47ee5": ["0", "de.homac.Mirrored.Preferences"]}, {"5da9219cf5876cebedefa74396b47ee5": ["0", "de.homac.Mirrored.Preferences"]}, {"5da9219cf5876cebedefa74396b47ee5": ["0", "de.homac.Mirrored.Preferences"]}, {"5da9219cf5876cebedefa74396b47ee5": ["0", "de.homac.Mirrored.Preferences"]}, {"5da9219cf5876cebedefa74396b47ee5": ["0", "de.homac.Mirrored.Preferences"]}, {"fc313e91205da9ea2a6baa64334f18f2": ["4", "de.homac.Mirrored.Preferences"]}, {"5da9219cf5876cebedefa74396b47ee5": ["0", "de.homac.Mirrored.Preferences"]}, {"fc313e91205da9ea2a6baa64334f18f2": ["4", "de.homac.Mirrored.Preferences"]}, {"5da9219cf5876cebedefa74396b47ee5": ["0", "de.homac.Mirrored.Preferences"]}, {"5da9219cf5876cebedefa74396b47ee5": ["0", "de.homac.Mirrored.Preferences"]}, {"5da9219cf5876cebedefa74396b47ee5": ["0", "de.homac.Mirrored.Preferences"]}, {"fc313e91205da9ea2a6baa64334f18f2": ["4", "de.homac.Mirrored.Preferences"]}, {"5da9219cf5876cebedefa74396b47ee5": ["0", "de.homac.Mirrored.Preferences"]}, {"fc313e91205da9ea2a6baa64334f18f2": ["4", "de.homac.Mirrored.Preferences"]}, {"5da9219cf5876cebedefa74396b47ee5": ["0", "de.homac.Mirrored.Preferences"]}, {"fc313e91205da9ea2a6baa64334f18f2": ["4", "de.homac.Mirrored.Preferences"]}, {"5da9219cf5876cebedefa74396b47ee5": ["0", "de.homac.Mirrored.Preferences"]}, {"57bd7a0ded6a09a30e3678a613b95cd3": ["3", "de.homac.Mirrored.CategoriesList"]}, {"57bd7a0ded6a09a30e3678a613b95cd3": ["3", "de.homac.Mirrored.CategoriesList"]}, {"57bd7a0ded6a09a30e3678a613b95cd3": ["3", "de.homac.Mirrored.CategoriesList"]}, {"57bd7a0ded6a09a30e3678a613b95cd3": ["3", "de.homac.Mirrored.CategoriesList"]}, {"57bd7a0ded6a09a30e3678a613b95cd3": ["3", "de.homac.Mirrored.CategoriesList"]}, {"212d8f893224514b839156b7a77629ff": ["2", "de.homac.Mirrored.ArticlesList"]}, {"57bd7a0ded6a09a30e3678a613b95cd3": ["3", "de.homac.Mirrored.CategoriesList"]}, {"57bd7a0ded6a09a30e3678a613b95cd3": ["3", "de.homac.Mirrored.CategoriesList"]}, {"57bd7a0ded6a09a30e3678a613b95cd3": ["3", "de.homac.Mirrored.CategoriesList"]}, {"5da9219cf5876cebedefa74396b47ee5": ["0", "de.homac.Mirrored.Preferences"]}, {"8d32cfd943b1ab98bfe35e12d2316b17": ["6", "de.homac.Mirrored.Preferences"]}, {"5da9219cf5876cebedefa74396b47ee5": ["0", "de.homac.Mirrored.Preferences"]}, {"5da9219cf5876cebedefa74396b47ee5": ["0", "de.homac.Mirrored.Preferences"]}, {"5da9219cf5876cebedefa74396b47ee5": ["0", "de.homac.Mirrored.Preferences"]}, {"5da9219cf5876cebedefa74396b47ee5": ["0", "de.homac.Mirrored.Preferences"]}, {"5da9219cf5876cebedefa74396b47ee5": ["0", "de.homac.Mirrored.Preferences"]}, {"5da9219cf5876cebedefa74396b47ee5": ["0", "de.homac.Mirrored.Preferences"]}, {"8a53a45ce85b2a55d27d4ecbabc8c6cf": ["1", "de.homac.Mirrored.Preferences"]}, {"5da9219cf5876cebedefa74396b47ee5": ["0", "de.homac.Mirrored.Preferences"]}, {"8a53a45ce85b2a55d27d4ecbabc8c6cf": ["1", "de.homac.Mirrored.Preferences"]}, {"5da9219cf5876cebedefa74396b47ee5": ["0", "de.homac.Mirrored.Preferences"]}, {"5da9219cf5876cebedefa74396b47ee5": ["0", "de.homac.Mirrored.Preferences"]}, {"f50f0ab9ab2f720d1bbe4a5fb5cb3a08": ["5", "de.homac.Mirrored.Preferences"]}, {"5da9219cf5876cebedefa74396b47ee5": ["0", "de.homac.Mirrored.Preferences"]}, {"5da9219cf5876cebedefa74396b47ee5": ["0", "de.homac.Mirrored.Preferences"]}, {"5da9219cf5876cebedefa74396b47ee5": ["0", "de.homac.Mirrored.Preferences"]}, {"5da9219cf5876cebedefa74396b47ee5": ["0", "de.homac.Mirrored.Preferences"]}, {"8d32cfd943b1ab98bfe35e12d2316b17": ["6", "de.homac.Mirrored.Preferences"]}, {"5da9219cf5876cebedefa74396b47ee5": ["0", "de.homac.Mirrored.Preferences"]}, {"5da9219cf5876cebedefa74396b47ee5": ["0", "de.homac.Mirrored.Preferences"]}, {"5da9219cf5876cebedefa74396b47ee5": ["0", "de.homac.Mirrored.Preferences"]}, {"5da9219cf5876cebedefa74396b47ee5": ["0", "de.homac.Mirrored.Preferences"]}, {"5da9219cf5876cebedefa74396b47ee5": ["0", "de.homac.Mirrored.Preferences"]}, {"5da9219cf5876cebedefa74396b47ee5": ["0", "de.homac.Mirrored.Preferences"]}, {"5da9219cf5876cebedefa74396b47ee5": ["0", "de.homac.Mirrored.Preferences"]}, {"5da9219cf5876cebedefa74396b47ee5": ["0", "de.homac.Mirrored.Preferences"]}, {"8a53a45ce85b2a55d27d4ecbabc8c6cf": ["1", "de.homac.Mirrored.Preferences"]}, {"5da9219cf5876cebedefa74396b47ee5": ["0", "de.homac.Mirrored.Preferences"]}, {"8d32cfd943b1ab98bfe35e12d2316b17": ["6", "de.homac.Mirrored.Preferences"]}, {"5da9219cf5876cebedefa74396b47ee5": ["0", "de.homac.Mirrored.Preferences"]}, {"8a53a45ce85b2a55d27d4ecbabc8c6cf": ["1", "de.homac.Mirrored.Preferences"]}, {"5da9219cf5876cebedefa74396b47ee5": ["0", "de.homac.Mirrored.Preferences"]}, {"8a53a45ce85b2a55d27d4ecbabc8c6cf": ["1", "de.homac.Mirrored.Preferences"]}, {"5da9219cf5876cebedefa74396b47ee5": ["0", "de.homac.Mirrored.Preferences"]}, {"5da9219cf5876cebedefa74396b47ee5": ["0", "de.homac.Mirrored.Preferences"]}, {"fc313e91205da9ea2a6baa64334f18f2": ["4", "de.homac.Mirrored.Preferences"]}, {"5da9219cf5876cebedefa74396b47ee5": ["0", "de.homac.Mirrored.Preferences"]}, {"8a53a45ce85b2a55d27d4ecbabc8c6cf": ["1", "de.homac.Mirrored.Preferences"]}, {"5da9219cf5876cebedefa74396b47ee5": ["0", "de.homac.Mirrored.Preferences"]}, {"8a53a45ce85b2a55d27d4ecbabc8c6cf": ["1", "de.homac.Mirrored.Preferences"]}, {"5da9219cf5876cebedefa74396b47ee5": ["0", "de.homac.Mirrored.Preferences"]}, {"8a53a45ce85b2a55d27d4ecbabc8c6cf": ["1", "de.homac.Mirrored.Preferences"]}, {"5da9219cf5876cebedefa74396b47ee5": ["0", "de.homac.Mirrored.Preferences"]}, {"8a53a45ce85b2a55d27d4ecbabc8c6cf": ["1", "de.homac.Mirrored.Preferences"]}, {"5da9219cf5876cebedefa74396b47ee5": ["0", "de.homac.Mirrored.Preferences"]}, {"8a53a45ce85b2a55d27d4ecbabc8c6cf": ["1", "de.homac.Mirrored.Preferences"]}, {"5da9219cf5876cebedefa74396b47ee5": ["0", "de.homac.Mirrored.Preferences"]}, {"8a53a45ce85b2a55d27d4ecbabc8c6cf": ["1", "de.homac.Mirrored.Preferences"]}, {"5da9219cf5876cebedefa74396b47ee5": ["0", "de.homac.Mirrored.Preferences"]}, {"5da9219cf5876cebedefa74396b47ee5": ["0", "de.homac.Mirrored.Preferences"]}, {"fc313e91205da9ea2a6baa64334f18f2": ["4", "de.homac.Mirrored.Preferences"]}, {"5da9219cf5876cebedefa74396b47ee5": ["0", "de.homac.Mirrored.Preferences"]}, {"5da9219cf5876cebedefa74396b47ee5": ["0", "de.homac.Mirrored.Preferences"]}, {"5da9219cf5876cebedefa74396b47ee5": ["0", "de.homac.Mirrored.Preferences"]}, {"5da9219cf5876cebedefa74396b47ee5": ["0", "de.homac.Mirrored.Preferences"]}, {"5da9219cf5876cebedefa74396b47ee5": ["0", "de.homac.Mirrored.Preferences"]}, {"5da9219cf5876cebedefa74396b47ee5": ["0", "de.homac.Mirrored.Preferences"]}, {"5da9219cf5876cebedefa74396b47ee5": ["0", "de.homac.Mirrored.Preferences"]}, {"5da9219cf5876cebedefa74396b47ee5": ["0", "de.homac.Mirrored.Preferences"]}, {"5da9219cf5876cebedefa74396b47ee5": ["0", "de.homac.Mirrored.Preferences"]}, {"fc313e91205da9ea2a6baa64334f18f2": ["4", "de.homac.Mirrored.Preferences"]}, {"5da9219cf5876cebedefa74396b47ee5": ["0", "de.homac.Mirrored.Preferences"]}, {"8a53a45ce85b2a55d27d4ecbabc8c6cf": ["1", "de.homac.Mirrored.Preferences"]}, {"5da9219cf5876cebedefa74396b47ee5": ["0", "de.homac.Mirrored.Preferences"]}, {"5da9219cf5876cebedefa74396b47ee5": ["0", "de.homac.Mirrored.Preferences"]}, {"5da9219cf5876cebedefa74396b47ee5": ["0", "de.homac.Mirrored.Preferences"]}, {"5da9219cf5876cebedefa74396b47ee5": ["0", "de.homac.Mirrored.Preferences"]}, {"8a53a45ce85b2a55d27d4ecbabc8c6cf": ["1", "de.homac.Mirrored.Preferences"]}, {"5da9219cf5876cebedefa74396b47ee5": ["0", "de.homac.Mirrored.Preferences"]}, {"8d32cfd943b1ab98bfe35e12d2316b17": ["6", "de.homac.Mirrored.Preferences"]}, {"5da9219cf5876cebedefa74396b47ee5": ["0", "de.homac.Mirrored.Preferences"]}, {"5da9219cf5876cebedefa74396b47ee5": ["0", "de.homac.Mirrored.Preferences"]}, {"5da9219cf5876cebedefa74396b47ee5": ["0", "de.homac.Mirrored.Preferences"]}, {"5da9219cf5876cebedefa74396b47ee5": ["0", "de.homac.Mirrored.Preferences"]}, {"5da9219cf5876cebedefa74396b47ee5": ["0", "de.homac.Mirrored.Preferences"]}, {"5da9219cf5876cebedefa74396b47ee5": ["0", "de.homac.Mirrored.Preferences"]}, {"5da9219cf5876cebedefa74396b47ee5": ["0", "de.homac.Mirrored.Preferences"]}, {"5da9219cf5876cebedefa74396b47ee5": ["0", "de.homac.Mirrored.Preferences"]}, {"5da9219cf5876cebedefa74396b47ee5": ["0", "de.homac.Mirrored.Preferences"]}, {"5da9219cf5876cebedefa74396b47ee5": ["0", "de.homac.Mirrored.Preferences"]}, {"5da9219cf5876cebedefa74396b47ee5": ["0", "de.homac.Mirrored.Preferences"]}, {"5da9219cf5876cebedefa74396b47ee5": ["0", "de.homac.Mirrored.Preferences"]}, {"8a53a45ce85b2a55d27d4ecbabc8c6cf": ["1", "de.homac.Mirrored.Preferences"]}, {"5da9219cf5876cebedefa74396b47ee5": ["0", "de.homac.Mirrored.Preferences"]}, {"8a53a45ce85b2a55d27d4ecbabc8c6cf": ["1", "de.homac.Mirrored.Preferences"]}, {"5da9219cf5876cebedefa74396b47ee5": ["0", "de.homac.Mirrored.Preferences"]}, {"5da9219cf5876cebedefa74396b47ee5": ["0", "de.homac.Mirrored.Preferences"]}, {"8a53a45ce85b2a55d27d4ecbabc8c6cf": ["1", "de.homac.Mirrored.Preferences"]}, {"5da9219cf5876cebedefa74396b47ee5": ["0", "de.homac.Mirrored.Preferences"]}, {"5da9219cf5876cebedefa74396b47ee5": ["0", "de.homac.Mirrored.Preferences"]}, {"5da9219cf5876cebedefa74396b47ee5": ["0", "de.homac.Mirrored.Preferences"]}, {"5da9219cf5876cebedefa74396b47ee5": ["0", "de.homac.Mirrored.Preferences"]}, {"5da9219cf5876cebedefa74396b47ee5": ["0", "de.homac.Mirrored.Preferences"]}, {"5da9219cf5876cebedefa74396b47ee5": ["0", "de.homac.Mirrored.Preferences"]}, {"5da9219cf5876cebedefa74396b47ee5": ["0", "de.homac.Mirrored.Preferences"]}, {"5da9219cf5876cebedefa74396b47ee5": ["0", "de.homac.Mirrored.Preferences"]}, {"5da9219cf5876cebedefa74396b47ee5": ["0", "de.homac.Mirrored.Preferences"]}, {"5da9219cf5876cebedefa74396b47ee5": ["0", "de.homac.Mirrored.Preferences"]}, {"5da9219cf5876cebedefa74396b47ee5": ["0", "de.homac.Mirrored.Preferences"]}, {"5da9219cf5876cebedefa74396b47ee5": ["0", "de.homac.Mirrored.Preferences"]}, {"5da9219cf5876cebedefa74396b47ee5": ["0", "de.homac.Mirrored.Preferences"]}, {"5da9219cf5876cebedefa74396b47ee5": ["0", "de.homac.Mirrored.Preferences"]}, {"5da9219cf5876cebedefa74396b47ee5": ["0", "de.homac.Mirrored.Preferences"]}, {"5da9219cf5876cebedefa74396b47ee5": ["0", "de.homac.Mirrored.Preferences"]}, {"5da9219cf5876cebedefa74396b47ee5": ["0", "de.homac.Mirrored.Preferences"]}, {"5da9219cf5876cebedefa74396b47ee5": ["0", "de.homac.Mirrored.Preferences"]}, {"5da9219cf5876cebedefa74396b47ee5": ["0", "de.homac.Mirrored.Preferences"]}, {"fc313e91205da9ea2a6baa64334f18f2": ["4", "de.homac.Mirrored.Preferences"]}, {"5da9219cf5876cebedefa74396b47ee5": ["0", "de.homac.Mirrored.Preferences"]}, {"5da9219cf5876cebedefa74396b47ee5": ["0", "de.homac.Mirrored.Preferences"]}, {"5da9219cf5876cebedefa74396b47ee5": ["0", "de.homac.Mirrored.Preferences"]}, {"5da9219cf5876cebedefa74396b47ee5": ["0", "de.homac.Mirrored.Preferences"]}, {"f50f0ab9ab2f720d1bbe4a5fb5cb3a08": ["5", "de.homac.Mirrored.Preferences"]}, {"5da9219cf5876cebedefa74396b47ee5": ["0", "de.homac.Mirrored.Preferences"]}, {"5da9219cf5876cebedefa74396b47ee5": ["0", "de.homac.Mirrored.Preferences"]}, {"5da9219cf5876cebedefa74396b47ee5": ["0", "de.homac.Mirrored.Preferences"]}, {"5da9219cf5876cebedefa74396b47ee5": ["0", "de.homac.Mirrored.Preferences"]}, {"5da9219cf5876cebedefa74396b47ee5": ["0", "de.homac.Mirrored.Preferences"]}, {"5da9219cf5876cebedefa74396b47ee5": ["0", "de.homac.Mirrored.Preferences"]}, {"5da9219cf5876cebedefa74396b47ee5": ["0", "de.homac.Mirrored.Preferences"]}, {"fc313e91205da9ea2a6baa64334f18f2": ["4", "de.homac.Mirrored.Preferences"]}, {"5da9219cf5876cebedefa74396b47ee5": ["0", "de.homac.Mirrored.Preferences"]}, {"fc313e91205da9ea2a6baa64334f18f2": ["4", "de.homac.Mirrored.Preferences"]}, {"5da9219cf5876cebedefa74396b47ee5": ["0", "de.homac.Mirrored.Preferences"]}, {"8a53a45ce85b2a55d27d4ecbabc8c6cf": ["1", "de.homac.Mirrored.Preferences"]}, {"5da9219cf5876cebedefa74396b47ee5": ["0", "de.homac.Mirrored.Preferences"]}, {"8a53a45ce85b2a55d27d4ecbabc8c6cf": ["1", "de.homac.Mirrored.Preferences"]}, {"5da9219cf5876cebedefa74396b47ee5": ["0", "de.homac.Mirrored.Preferences"]}, {"5da9219cf5876cebedefa74396b47ee5": ["0", "de.homac.Mirrored.Preferences"]}, {"5da9219cf5876cebedefa74396b47ee5": ["0", "de.homac.Mirrored.Preferences"]}, {"8a53a45ce85b2a55d27d4ecbabc8c6cf": ["1", "de.homac.Mirrored.Preferences"]}, {"5da9219cf5876cebedefa74396b47ee5": ["0", "de.homac.Mirrored.Preferences"]}, {"fc313e91205da9ea2a6baa64334f18f2": ["4", "de.homac.Mirrored.Preferences"]}, {"5da9219cf5876cebedefa74396b47ee5": ["0", "de.homac.Mirrored.Preferences"]}, {"5da9219cf5876cebedefa74396b47ee5": ["0", "de.homac.Mirrored.Preferences"]}, {"5da9219cf5876cebedefa74396b47ee5": ["0", "de.homac.Mirrored.Preferences"]}, {"5da9219cf5876cebedefa74396b47ee5": ["0", "de.homac.Mirrored.Preferences"]}, {"f50f0ab9ab2f720d1bbe4a5fb5cb3a08": ["5", "de.homac.Mirrored.Preferences"]}, {"5da9219cf5876cebedefa74396b47ee5": ["0", "de.homac.Mirrored.Preferences"]}, {"5da9219cf5876cebedefa74396b47ee5": ["0", "de.homac.Mirrored.Preferences"]}, {"5da9219cf5876cebedefa74396b47ee5": ["0", "de.homac.Mirrored.Preferences"]}, {"fc313e91205da9ea2a6baa64334f18f2": ["4", "de.homac.Mirrored.Preferences"]}, {"5da9219cf5876cebedefa74396b47ee5": ["0", "de.homac.Mirrored.Preferences"]}, {"5da9219cf5876cebedefa74396b47ee5": ["0", "de.homac.Mirrored.Preferences"]}, {"5da9219cf5876cebedefa74396b47ee5": ["0", "de.homac.Mirrored.Preferences"]}, {"5da9219cf5876cebedefa74396b47ee5": ["0", "de.homac.Mirrored.Preferences"]}, {"8a53a45ce85b2a55d27d4ecbabc8c6cf": ["1", "de.homac.Mirrored.Preferences"]}, {"5da9219cf5876cebedefa74396b47ee5": ["0", "de.homac.Mirrored.Preferences"]}, {"5da9219cf5876cebedefa74396b47ee5": ["0", "de.homac.Mirrored.Preferences"]}, {"57bd7a0ded6a09a30e3678a613b95cd3": ["3", "de.homac.Mirrored.CategoriesList"]}, {"212d8f893224514b839156b7a77629ff": ["2", "de.homac.Mirrored.ArticlesList"]}, {"57bd7a0ded6a09a30e3678a613b95cd3": ["3", "de.homac.Mirrored.CategoriesList"]}, {"57bd7a0ded6a09a30e3678a613b95cd3": ["3", "de.homac.Mirrored.CategoriesList"]}, {"5da9219cf5876cebedefa74396b47ee5": ["0", "de.homac.Mirrored.Preferences"]}, {"f50f0ab9ab2f720d1bbe4a5fb5cb3a08": ["5", "de.homac.Mirrored.Preferences"]}, {"5da9219cf5876cebedefa74396b47ee5": ["0", "de.homac.Mirrored.Preferences"]}, {"fc313e91205da9ea2a6baa64334f18f2": ["4", "de.homac.Mirrored.Preferences"]}, {"5da9219cf5876cebedefa74396b47ee5": ["0", "de.homac.Mirrored.Preferences"]}, {"fc313e91205da9ea2a6baa64334f18f2": ["4", "de.homac.Mirrored.Preferences"]}, {"5da9219cf5876cebedefa74396b47ee5": ["0", "de.homac.Mirrored.Preferences"]}, {"5da9219cf5876cebedefa74396b47ee5": ["0", "de.homac.Mirrored.Preferences"]}, {"5da9219cf5876cebedefa74396b47ee5": ["0", "de.homac.Mirrored.Preferences"]}, {"5da9219cf5876cebedefa74396b47ee5": ["0", "de.homac.Mirrored.Preferences"]}, {"8a53a45ce85b2a55d27d4ecbabc8c6cf": ["1", "de.homac.Mirrored.Preferences"]}, {"5da9219cf5876cebedefa74396b47ee5": ["0", "de.homac.Mirrored.Preferences"]}, {"5da9219cf5876cebedefa74396b47ee5": ["0", "de.homac.Mirrored.Preferences"]}, {"5da9219cf5876cebedefa74396b47ee5": ["0", "de.homac.Mirrored.Preferences"]}, {"5da9219cf5876cebedefa74396b47ee5": ["0", "de.homac.Mirrored.Preferences"]}, {"8a53a45ce85b2a55d27d4ecbabc8c6cf": ["1", "de.homac.Mirrored.Preferences"]}, {"5da9219cf5876cebedefa74396b47ee5": ["0", "de.homac.Mirrored.Preferences"]}, {"5da9219cf5876cebedefa74396b47ee5": ["0", "de.homac.Mirrored.Preferences"]}, {"5da9219cf5876cebedefa74396b47ee5": ["0", "de.homac.Mirrored.Preferences"]}, {"5da9219cf5876cebedefa74396b47ee5": ["0", "de.homac.Mirrored.Preferences"]}, {"5da9219cf5876cebedefa74396b47ee5": ["0", "de.homac.Mirrored.Preferences"]}, {"8a53a45ce85b2a55d27d4ecbabc8c6cf": ["1", "de.homac.Mirrored.Preferences"]}, {"5da9219cf5876cebedefa74396b47ee5": ["0", "de.homac.Mirrored.Preferences"]}, {"5da9219cf5876cebedefa74396b47ee5": ["0", "de.homac.Mirrored.Preferences"]}, {"5da9219cf5876cebedefa74396b47ee5": ["0", "de.homac.Mirrored.Preferences"]}, {"5da9219cf5876cebedefa74396b47ee5": ["0", "de.homac.Mirrored.Preferences"]}, {"fc313e91205da9ea2a6baa64334f18f2": ["4", "de.homac.Mirrored.Preferences"]}, {"5da9219cf5876cebedefa74396b47ee5": ["0", "de.homac.Mirrored.Preferences"]}, {"5da9219cf5876cebedefa74396b47ee5": ["0", "de.homac.Mirrored.Preferences"]}, {"5da9219cf5876cebedefa74396b47ee5": ["0", "de.homac.Mirrored.Preferences"]}, {"5da9219cf5876cebedefa74396b47ee5": ["0", "de.homac.Mirrored.Preferences"]}, {"5da9219cf5876cebedefa74396b47ee5": ["0", "de.homac.Mirrored.Preferences"]}, {"8a53a45ce85b2a55d27d4ecbabc8c6cf": ["1", "de.homac.Mirrored.Preferences"]}, {"5da9219cf5876cebedefa74396b47ee5": ["0", "de.homac.Mirrored.Preferences"]}, {"5da9219cf5876cebedefa74396b47ee5": ["0", "de.homac.Mirrored.Preferences"]}, {"5da9219cf5876cebedefa74396b47ee5": ["0", "de.homac.Mirrored.Preferences"]}, {"5da9219cf5876cebedefa74396b47ee5": ["0", "de.homac.Mirrored.Preferences"]}, {"57bd7a0ded6a09a30e3678a613b95cd3": ["3", "de.homac.Mirrored.CategoriesList"]}, {"b37685445f066bee325efe493a7151c0": ["7", "de.homac.Mirrored.CategoriesList"]}, {"212d8f893224514b839156b7a77629ff": ["2", "de.homac.Mirrored.ArticlesList"]}, {"212d8f893224514b839156b7a77629ff": ["2", "de.homac.Mirrored.ArticlesList"]}, {"57bd7a0ded6a09a30e3678a613b95cd3": ["3", "de.homac.Mirrored.CategoriesList"]}, {"57bd7a0ded6a09a30e3678a613b95cd3": ["3", "de.homac.Mirrored.CategoriesList"]}, {"212d8f893224514b839156b7a77629ff": ["2", "de.homac.Mirrored.ArticlesList"]}, {"57bd7a0ded6a09a30e3678a613b95cd3": ["3", "de.homac.Mirrored.CategoriesList"]}, {"212d8f893224514b839156b7a77629ff": ["2", "de.homac.Mirrored.ArticlesList"]}, {"57bd7a0ded6a09a30e3678a613b95cd3": ["3", "de.homac.Mirrored.CategoriesList"]}, {"b37685445f066bee325efe493a7151c0": ["7", "de.homac.Mirrored.CategoriesList"]}, {"57bd7a0ded6a09a30e3678a613b95cd3": ["3", "de.homac.Mirrored.CategoriesList"]}, {"57bd7a0ded6a09a30e3678a613b95cd3": ["3", "de.homac.Mirrored.CategoriesList"]}, {"57bd7a0ded6a09a30e3678a613b95cd3": ["3", "de.homac.Mirrored.CategoriesList"]}, {"212d8f893224514b839156b7a77629ff": ["2", "de.homac.Mirrored.ArticlesList"]}, {"57bd7a0ded6a09a30e3678a613b95cd3": ["3", "de.homac.Mirrored.CategoriesList"]}, {"212d8f893224514b839156b7a77629ff": ["2", "de.homac.Mirrored.ArticlesList"]}, {"57bd7a0ded6a09a30e3678a613b95cd3": ["3", "de.homac.Mirrored.CategoriesList"]}, {"212d8f893224514b839156b7a77629ff": ["2", "de.homac.Mirrored.ArticlesList"]}, {"5da9219cf5876cebedefa74396b47ee5": ["0", "de.homac.Mirrored.Preferences"]}, {"8a53a45ce85b2a55d27d4ecbabc8c6cf": ["1", "de.homac.Mirrored.Preferences"]}, {"5da9219cf5876cebedefa74396b47ee5": ["0", "de.homac.Mirrored.Preferences"]}, {"5da9219cf5876cebedefa74396b47ee5": ["0", "de.homac.Mirrored.Preferences"]}, {"5da9219cf5876cebedefa74396b47ee5": ["0", "de.homac.Mirrored.Preferences"]}, {"5da9219cf5876cebedefa74396b47ee5": ["0", "de.homac.Mirrored.Preferences"]}, {"8d32cfd943b1ab98bfe35e12d2316b17": ["6", "de.homac.Mirrored.Preferences"]}, {"5da9219cf5876cebedefa74396b47ee5": ["0", "de.homac.Mirrored.Preferences"]}, {"5da9219cf5876cebedefa74396b47ee5": ["0", "de.homac.Mirrored.Preferences"]}, {"5da9219cf5876cebedefa74396b47ee5": ["0", "de.homac.Mirrored.Preferences"]}, {"5da9219cf5876cebedefa74396b47ee5": ["0", "de.homac.Mirrored.Preferences"]}, {"8a53a45ce85b2a55d27d4ecbabc8c6cf": ["1", "de.homac.Mirrored.Preferences"]}, {"5da9219cf5876cebedefa74396b47ee5": ["0", "de.homac.Mirrored.Preferences"]}, {"8a53a45ce85b2a55d27d4ecbabc8c6cf": ["1", "de.homac.Mirrored.Preferences"]}, {"5da9219cf5876cebedefa74396b47ee5": ["0", "de.homac.Mirrored.Preferences"]}, {"5da9219cf5876cebedefa74396b47ee5": ["0", "de.homac.Mirrored.Preferences"]}, {"fc313e91205da9ea2a6baa64334f18f2": ["4", "de.homac.Mirrored.Preferences"]}, {"5da9219cf5876cebedefa74396b47ee5": ["0", "de.homac.Mirrored.Preferences"]}, {"5da9219cf5876cebedefa74396b47ee5": ["0", "de.homac.Mirrored.Preferences"]}, {"5da9219cf5876cebedefa74396b47ee5": ["0", "de.homac.Mirrored.Preferences"]}, {"8d32cfd943b1ab98bfe35e12d2316b17": ["6", "de.homac.Mirrored.Preferences"]}, {"5da9219cf5876cebedefa74396b47ee5": ["0", "de.homac.Mirrored.Preferences"]}, {"8d32cfd943b1ab98bfe35e12d2316b17": ["6", "de.homac.Mirrored.Preferences"]}, {"5da9219cf5876cebedefa74396b47ee5": ["0", "de.homac.Mirrored.Preferences"]}, {"5da9219cf5876cebedefa74396b47ee5": ["0", "de.homac.Mirrored.Preferences"]}, {"fc313e91205da9ea2a6baa64334f18f2": ["4", "de.homac.Mirrored.Preferences"]}, {"5da9219cf5876cebedefa74396b47ee5": ["0", "de.homac.Mirrored.Preferences"]}, {"5da9219cf5876cebedefa74396b47ee5": ["0", "de.homac.Mirrored.Preferences"]}, {"5da9219cf5876cebedefa74396b47ee5": ["0", "de.homac.Mirrored.Preferences"]}, {"8d32cfd943b1ab98bfe35e12d2316b17": ["6", "de.homac.Mirrored.Preferences"]}, {"5da9219cf5876cebedefa74396b47ee5": ["0", "de.homac.Mirrored.Preferences"]}, {"8a53a45ce85b2a55d27d4ecbabc8c6cf": ["1", "de.homac.Mirrored.Preferences"]}, {"5da9219cf5876cebedefa74396b47ee5": ["0", "de.homac.Mirrored.Preferences"]}, {"f50f0ab9ab2f720d1bbe4a5fb5cb3a08": ["5", "de.homac.Mirrored.Preferences"]}, {"5da9219cf5876cebedefa74396b47ee5": ["0", "de.homac.Mirrored.Preferences"]}, {"5da9219cf5876cebedefa74396b47ee5": ["0", "de.homac.Mirrored.Preferences"]}, {"5da9219cf5876cebedefa74396b47ee5": ["0", "de.homac.Mirrored.Preferences"]}, {"5da9219cf5876cebedefa74396b47ee5": ["0", "de.homac.Mirrored.Preferences"]}, {"f50f0ab9ab2f720d1bbe4a5fb5cb3a08": ["5", "de.homac.Mirrored.Preferences"]}, {"5da9219cf5876cebedefa74396b47ee5": ["0", "de.homac.Mirrored.Preferences"]}, {"5da9219cf5876cebedefa74396b47ee5": ["0", "de.homac.Mirrored.Preferences"]}, {"5da9219cf5876cebedefa74396b47ee5": ["0", "de.homac.Mirrored.Preferences"]}, {"5da9219cf5876cebedefa74396b47ee5": ["0", "de.homac.Mirrored.Preferences"]}]