[{"502b751c72f9ae5c46b6d706020ccb95": ["4", "com.keepassdroid.settings.AppSettingsActivity"]}, {"1dbf386d41f386ee749d1d9836a8e900": ["5", "com.keepassdroid.settings.AppSettingsActivity"]}, {"e21d80ae128c42acca8ef251519555f9": ["6", "com.keepassdroid.settings.AppSettingsActivity"]}, {"1dbf386d41f386ee749d1d9836a8e900": ["5", "com.keepassdroid.settings.AppSettingsActivity"]}, {"1dbf386d41f386ee749d1d9836a8e900": ["5", "com.keepassdroid.settings.AppSettingsActivity"]}, {"1dbf386d41f386ee749d1d9836a8e900": ["5", "com.keepassdroid.settings.AppSettingsActivity"]}, {"1dbf386d41f386ee749d1d9836a8e900": ["5", "com.keepassdroid.settings.AppSettingsActivity"]}, {"1dbf386d41f386ee749d1d9836a8e900": ["5", "com.keepassdroid.settings.AppSettingsActivity"]}, {"7c170bbf72294a043a98b4dd789a834d": ["7", "com.keepassdroid.settings.AppSettingsActivity"]}, {"1dbf386d41f386ee749d1d9836a8e900": ["5", "com.keepassdroid.settings.AppSettingsActivity"]}, {"1dbf386d41f386ee749d1d9836a8e900": ["5", "com.keepassdroid.settings.AppSettingsActivity"]}, {"1dbf386d41f386ee749d1d9836a8e900": ["5", "com.keepassdroid.settings.AppSettingsActivity"]}, {"1dbf386d41f386ee749d1d9836a8e900": ["5", "com.keepassdroid.settings.AppSettingsActivity"]}, {"1dbf386d41f386ee749d1d9836a8e900": ["5", "com.keepassdroid.settings.AppSettingsActivity"]}, {"1dbf386d41f386ee749d1d9836a8e900": ["5", "com.keepassdroid.settings.AppSettingsActivity"]}, {"1dbf386d41f386ee749d1d9836a8e900": ["5", "com.keepassdroid.settings.AppSettingsActivity"]}, {"7c170bbf72294a043a98b4dd789a834d": ["7", "com.keepassdroid.settings.AppSettingsActivity"]}, {"1dbf386d41f386ee749d1d9836a8e900": ["5", "com.keepassdroid.settings.AppSettingsActivity"]}, {"1dbf386d41f386ee749d1d9836a8e900": ["5", "com.keepassdroid.settings.AppSettingsActivity"]}, {"7c170bbf72294a043a98b4dd789a834d": ["7", "com.keepassdroid.settings.AppSettingsActivity"]}, {"1dbf386d41f386ee749d1d9836a8e900": ["5", "com.keepassdroid.settings.AppSettingsActivity"]}, {"1dbf386d41f386ee749d1d9836a8e900": ["5", "com.keepassdroid.settings.AppSettingsActivity"]}, {"1dbf386d41f386ee749d1d9836a8e900": ["5", "com.keepassdroid.settings.AppSettingsActivity"]}, {"1dbf386d41f386ee749d1d9836a8e900": ["5", "com.keepassdroid.settings.AppSettingsActivity"]}, {"1dbf386d41f386ee749d1d9836a8e900": ["5", "com.keepassdroid.settings.AppSettingsActivity"]}, {"1dbf386d41f386ee749d1d9836a8e900": ["5", "com.keepassdroid.settings.AppSettingsActivity"]}, {"1dbf386d41f386ee749d1d9836a8e900": ["5", "com.keepassdroid.settings.AppSettingsActivity"]}, {"1dbf386d41f386ee749d1d9836a8e900": ["5", "com.keepassdroid.settings.AppSettingsActivity"]}, {"e21d80ae128c42acca8ef251519555f9": ["6", "com.keepassdroid.settings.AppSettingsActivity"]}, {"1dbf386d41f386ee749d1d9836a8e900": ["5", "com.keepassdroid.settings.AppSettingsActivity"]}, {"1dbf386d41f386ee749d1d9836a8e900": ["5", "com.keepassdroid.settings.AppSettingsActivity"]}, {"1dbf386d41f386ee749d1d9836a8e900": ["5", "com.keepassdroid.settings.AppSettingsActivity"]}, {"e21d80ae128c42acca8ef251519555f9": ["6", "com.keepassdroid.settings.AppSettingsActivity"]}, {"502b751c72f9ae5c46b6d706020ccb95": ["4", "com.keepassdroid.settings.AppSettingsActivity"]}, {"1dbf386d41f386ee749d1d9836a8e900": ["5", "com.keepassdroid.settings.AppSettingsActivity"]}, {"7c170bbf72294a043a98b4dd789a834d": ["7", "com.keepassdroid.settings.AppSettingsActivity"]}, {"1dbf386d41f386ee749d1d9836a8e900": ["5", "com.keepassdroid.settings.AppSettingsActivity"]}, {"7c170bbf72294a043a98b4dd789a834d": ["7", "com.keepassdroid.settings.AppSettingsActivity"]}, {"1dbf386d41f386ee749d1d9836a8e900": ["5", "com.keepassdroid.settings.AppSettingsActivity"]}, {"1dbf386d41f386ee749d1d9836a8e900": ["5", "com.keepassdroid.settings.AppSettingsActivity"]}, {"1dbf386d41f386ee749d1d9836a8e900": ["5", "com.keepassdroid.settings.AppSettingsActivity"]}, {"1dbf386d41f386ee749d1d9836a8e900": ["5", "com.keepassdroid.settings.AppSettingsActivity"]}, {"7c170bbf72294a043a98b4dd789a834d": ["7", "com.keepassdroid.settings.AppSettingsActivity"]}, {"1dbf386d41f386ee749d1d9836a8e900": ["5", "com.keepassdroid.settings.AppSettingsActivity"]}, {"1dbf386d41f386ee749d1d9836a8e900": ["5", "com.keepassdroid.settings.AppSettingsActivity"]}, {"7c170bbf72294a043a98b4dd789a834d": ["7", "com.keepassdroid.settings.AppSettingsActivity"]}, {"1dbf386d41f386ee749d1d9836a8e900": ["5", "com.keepassdroid.settings.AppSettingsActivity"]}, {"1dbf386d41f386ee749d1d9836a8e900": ["5", "com.keepassdroid.settings.AppSettingsActivity"]}, {"1dbf386d41f386ee749d1d9836a8e900": ["5", "com.keepassdroid.settings.AppSettingsActivity"]}, {"e21d80ae128c42acca8ef251519555f9": ["6", "com.keepassdroid.settings.AppSettingsActivity"]}, {"1dbf386d41f386ee749d1d9836a8e900": ["5", "com.keepassdroid.settings.AppSettingsActivity"]}, {"7c170bbf72294a043a98b4dd789a834d": ["7", "com.keepassdroid.settings.AppSettingsActivity"]}, {"1dbf386d41f386ee749d1d9836a8e900": ["5", "com.keepassdroid.settings.AppSettingsActivity"]}, {"1dbf386d41f386ee749d1d9836a8e900": ["5", "com.keepassdroid.settings.AppSettingsActivity"]}, {"7c170bbf72294a043a98b4dd789a834d": ["7", "com.keepassdroid.settings.AppSettingsActivity"]}, {"1dbf386d41f386ee749d1d9836a8e900": ["5", "com.keepassdroid.settings.AppSettingsActivity"]}, {"1dbf386d41f386ee749d1d9836a8e900": ["5", "com.keepassdroid.settings.AppSettingsActivity"]}, {"7c170bbf72294a043a98b4dd789a834d": ["7", "com.keepassdroid.settings.AppSettingsActivity"]}, {"1dbf386d41f386ee749d1d9836a8e900": ["5", "com.keepassdroid.settings.AppSettingsActivity"]}, {"7c170bbf72294a043a98b4dd789a834d": ["7", "com.keepassdroid.settings.AppSettingsActivity"]}, {"1dbf386d41f386ee749d1d9836a8e900": ["5", "com.keepassdroid.settings.AppSettingsActivity"]}, {"7c170bbf72294a043a98b4dd789a834d": ["7", "com.keepassdroid.settings.AppSettingsActivity"]}, {"1dbf386d41f386ee749d1d9836a8e900": ["5", "com.keepassdroid.settings.AppSettingsActivity"]}, {"7c170bbf72294a043a98b4dd789a834d": ["7", "com.keepassdroid.settings.AppSettingsActivity"]}, {"1dbf386d41f386ee749d1d9836a8e900": ["5", "com.keepassdroid.settings.AppSettingsActivity"]}, {"1dbf386d41f386ee749d1d9836a8e900": ["5", "com.keepassdroid.settings.AppSettingsActivity"]}, {"7c170bbf72294a043a98b4dd789a834d": ["7", "com.keepassdroid.settings.AppSettingsActivity"]}, {"1dbf386d41f386ee749d1d9836a8e900": ["5", "com.keepassdroid.settings.AppSettingsActivity"]}, {"1dbf386d41f386ee749d1d9836a8e900": ["5", "com.keepassdroid.settings.AppSettingsActivity"]}, {"1dbf386d41f386ee749d1d9836a8e900": ["5", "com.keepassdroid.settings.AppSettingsActivity"]}, {"1dbf386d41f386ee749d1d9836a8e900": ["5", "com.keepassdroid.settings.AppSettingsActivity"]}, {"e21d80ae128c42acca8ef251519555f9": ["6", "com.keepassdroid.settings.AppSettingsActivity"]}, {"1dbf386d41f386ee749d1d9836a8e900": ["5", "com.keepassdroid.settings.AppSettingsActivity"]}, {"1dbf386d41f386ee749d1d9836a8e900": ["5", "com.keepassdroid.settings.AppSettingsActivity"]}, {"1dbf386d41f386ee749d1d9836a8e900": ["5", "com.keepassdroid.settings.AppSettingsActivity"]}, {"7c170bbf72294a043a98b4dd789a834d": ["7", "com.keepassdroid.settings.AppSettingsActivity"]}, {"1dbf386d41f386ee749d1d9836a8e900": ["5", "com.keepassdroid.settings.AppSettingsActivity"]}, {"1dbf386d41f386ee749d1d9836a8e900": ["5", "com.keepassdroid.settings.AppSettingsActivity"]}, {"1dbf386d41f386ee749d1d9836a8e900": ["5", "com.keepassdroid.settings.AppSettingsActivity"]}, {"1dbf386d41f386ee749d1d9836a8e900": ["5", "com.keepassdroid.settings.AppSettingsActivity"]}, {"1dbf386d41f386ee749d1d9836a8e900": ["5", "com.keepassdroid.settings.AppSettingsActivity"]}, {"1dbf386d41f386ee749d1d9836a8e900": ["5", "com.keepassdroid.settings.AppSettingsActivity"]}, {"1dbf386d41f386ee749d1d9836a8e900": ["5", "com.keepassdroid.settings.AppSettingsActivity"]}, {"1dbf386d41f386ee749d1d9836a8e900": ["5", "com.keepassdroid.settings.AppSettingsActivity"]}, {"1dbf386d41f386ee749d1d9836a8e900": ["5", "com.keepassdroid.settings.AppSettingsActivity"]}, {"1dbf386d41f386ee749d1d9836a8e900": ["5", "com.keepassdroid.settings.AppSettingsActivity"]}, {"1dbf386d41f386ee749d1d9836a8e900": ["5", "com.keepassdroid.settings.AppSettingsActivity"]}, {"1dbf386d41f386ee749d1d9836a8e900": ["5", "com.keepassdroid.settings.AppSettingsActivity"]}, {"e21d80ae128c42acca8ef251519555f9": ["6", "com.keepassdroid.settings.AppSettingsActivity"]}, {"1dbf386d41f386ee749d1d9836a8e900": ["5", "com.keepassdroid.settings.AppSettingsActivity"]}, {"1dbf386d41f386ee749d1d9836a8e900": ["5", "com.keepassdroid.settings.AppSettingsActivity"]}, {"e21d80ae128c42acca8ef251519555f9": ["6", "com.keepassdroid.settings.AppSettingsActivity"]}, {"1dbf386d41f386ee749d1d9836a8e900": ["5", "com.keepassdroid.settings.AppSettingsActivity"]}, {"e21d80ae128c42acca8ef251519555f9": ["6", "com.keepassdroid.settings.AppSettingsActivity"]}, {"1dbf386d41f386ee749d1d9836a8e900": ["5", "com.keepassdroid.settings.AppSettingsActivity"]}, {"1dbf386d41f386ee749d1d9836a8e900": ["5", "com.keepassdroid.settings.AppSettingsActivity"]}, {"1dbf386d41f386ee749d1d9836a8e900": ["5", "com.keepassdroid.settings.AppSettingsActivity"]}, {"e21d80ae128c42acca8ef251519555f9": ["6", "com.keepassdroid.settings.AppSettingsActivity"]}, {"502b751c72f9ae5c46b6d706020ccb95": ["4", "com.keepassdroid.settings.AppSettingsActivity"]}, {"1dbf386d41f386ee749d1d9836a8e900": ["5", "com.keepassdroid.settings.AppSettingsActivity"]}, {"1dbf386d41f386ee749d1d9836a8e900": ["5", "com.keepassdroid.settings.AppSettingsActivity"]}, {"7c170bbf72294a043a98b4dd789a834d": ["7", "com.keepassdroid.settings.AppSettingsActivity"]}, {"1dbf386d41f386ee749d1d9836a8e900": ["5", "com.keepassdroid.settings.AppSettingsActivity"]}, {"1dbf386d41f386ee749d1d9836a8e900": ["5", "com.keepassdroid.settings.AppSettingsActivity"]}, {"1dbf386d41f386ee749d1d9836a8e900": ["5", "com.keepassdroid.settings.AppSettingsActivity"]}, {"1dbf386d41f386ee749d1d9836a8e900": ["5", "com.keepassdroid.settings.AppSettingsActivity"]}, {"1dbf386d41f386ee749d1d9836a8e900": ["5", "com.keepassdroid.settings.AppSettingsActivity"]}, {"1dbf386d41f386ee749d1d9836a8e900": ["5", "com.keepassdroid.settings.AppSettingsActivity"]}, {"1dbf386d41f386ee749d1d9836a8e900": ["5", "com.keepassdroid.settings.AppSettingsActivity"]}, {"1dbf386d41f386ee749d1d9836a8e900": ["5", "com.keepassdroid.settings.AppSettingsActivity"]}, {"1dbf386d41f386ee749d1d9836a8e900": ["5", "com.keepassdroid.settings.AppSettingsActivity"]}, {"1dbf386d41f386ee749d1d9836a8e900": ["5", "com.keepassdroid.settings.AppSettingsActivity"]}, {"7c170bbf72294a043a98b4dd789a834d": ["7", "com.keepassdroid.settings.AppSettingsActivity"]}, {"1dbf386d41f386ee749d1d9836a8e900": ["5", "com.keepassdroid.settings.AppSettingsActivity"]}, {"1dbf386d41f386ee749d1d9836a8e900": ["5", "com.keepassdroid.settings.AppSettingsActivity"]}, {"1dbf386d41f386ee749d1d9836a8e900": ["5", "com.keepassdroid.settings.AppSettingsActivity"]}, {"1dbf386d41f386ee749d1d9836a8e900": ["5", "com.keepassdroid.settings.AppSettingsActivity"]}, {"1dbf386d41f386ee749d1d9836a8e900": ["5", "com.keepassdroid.settings.AppSettingsActivity"]}, {"1dbf386d41f386ee749d1d9836a8e900": ["5", "com.keepassdroid.settings.AppSettingsActivity"]}, {"1dbf386d41f386ee749d1d9836a8e900": ["5", "com.keepassdroid.settings.AppSettingsActivity"]}, {"1dbf386d41f386ee749d1d9836a8e900": ["5", "com.keepassdroid.settings.AppSettingsActivity"]}, {"1dbf386d41f386ee749d1d9836a8e900": ["5", "com.keepassdroid.settings.AppSettingsActivity"]}, {"1dbf386d41f386ee749d1d9836a8e900": ["5", "com.keepassdroid.settings.AppSettingsActivity"]}, {"7c170bbf72294a043a98b4dd789a834d": ["7", "com.keepassdroid.settings.AppSettingsActivity"]}, {"1dbf386d41f386ee749d1d9836a8e900": ["5", "com.keepassdroid.settings.AppSettingsActivity"]}, {"1dbf386d41f386ee749d1d9836a8e900": ["5", "com.keepassdroid.settings.AppSettingsActivity"]}, {"1dbf386d41f386ee749d1d9836a8e900": ["5", "com.keepassdroid.settings.AppSettingsActivity"]}, {"7c170bbf72294a043a98b4dd789a834d": ["7", "com.keepassdroid.settings.AppSettingsActivity"]}, {"1dbf386d41f386ee749d1d9836a8e900": ["5", "com.keepassdroid.settings.AppSettingsActivity"]}, {"7c170bbf72294a043a98b4dd789a834d": ["7", "com.keepassdroid.settings.AppSettingsActivity"]}, {"1dbf386d41f386ee749d1d9836a8e900": ["5", "com.keepassdroid.settings.AppSettingsActivity"]}, {"7c170bbf72294a043a98b4dd789a834d": ["7", "com.keepassdroid.settings.AppSettingsActivity"]}, {"1dbf386d41f386ee749d1d9836a8e900": ["5", "com.keepassdroid.settings.AppSettingsActivity"]}, {"e21d80ae128c42acca8ef251519555f9": ["6", "com.keepassdroid.settings.AppSettingsActivity"]}, {"1dbf386d41f386ee749d1d9836a8e900": ["5", "com.keepassdroid.settings.AppSettingsActivity"]}, {"1dbf386d41f386ee749d1d9836a8e900": ["5", "com.keepassdroid.settings.AppSettingsActivity"]}, {"1dbf386d41f386ee749d1d9836a8e900": ["5", "com.keepassdroid.settings.AppSettingsActivity"]}, {"7c170bbf72294a043a98b4dd789a834d": ["7", "com.keepassdroid.settings.AppSettingsActivity"]}, {"1dbf386d41f386ee749d1d9836a8e900": ["5", "com.keepassdroid.settings.AppSettingsActivity"]}, {"1dbf386d41f386ee749d1d9836a8e900": ["5", "com.keepassdroid.settings.AppSettingsActivity"]}, {"7c170bbf72294a043a98b4dd789a834d": ["7", "com.keepassdroid.settings.AppSettingsActivity"]}, {"1dbf386d41f386ee749d1d9836a8e900": ["5", "com.keepassdroid.settings.AppSettingsActivity"]}, {"7c170bbf72294a043a98b4dd789a834d": ["7", "com.keepassdroid.settings.AppSettingsActivity"]}, {"1dbf386d41f386ee749d1d9836a8e900": ["5", "com.keepassdroid.settings.AppSettingsActivity"]}, {"7c170bbf72294a043a98b4dd789a834d": ["7", "com.keepassdroid.settings.AppSettingsActivity"]}, {"1dbf386d41f386ee749d1d9836a8e900": ["5", "com.keepassdroid.settings.AppSettingsActivity"]}, {"1dbf386d41f386ee749d1d9836a8e900": ["5", "com.keepassdroid.settings.AppSettingsActivity"]}, {"1dbf386d41f386ee749d1d9836a8e900": ["5", "com.keepassdroid.settings.AppSettingsActivity"]}, {"1dbf386d41f386ee749d1d9836a8e900": ["5", "com.keepassdroid.settings.AppSettingsActivity"]}, {"1dbf386d41f386ee749d1d9836a8e900": ["5", "com.keepassdroid.settings.AppSettingsActivity"]}, {"1dbf386d41f386ee749d1d9836a8e900": ["5", "com.keepassdroid.settings.AppSettingsActivity"]}, {"1dbf386d41f386ee749d1d9836a8e900": ["5", "com.keepassdroid.settings.AppSettingsActivity"]}, {"1dbf386d41f386ee749d1d9836a8e900": ["5", "com.keepassdroid.settings.AppSettingsActivity"]}, {"1dbf386d41f386ee749d1d9836a8e900": ["5", "com.keepassdroid.settings.AppSettingsActivity"]}, {"1dbf386d41f386ee749d1d9836a8e900": ["5", "com.keepassdroid.settings.AppSettingsActivity"]}, {"1dbf386d41f386ee749d1d9836a8e900": ["5", "com.keepassdroid.settings.AppSettingsActivity"]}, {"1dbf386d41f386ee749d1d9836a8e900": ["5", "com.keepassdroid.settings.AppSettingsActivity"]}, {"1dbf386d41f386ee749d1d9836a8e900": ["5", "com.keepassdroid.settings.AppSettingsActivity"]}, {"1dbf386d41f386ee749d1d9836a8e900": ["5", "com.keepassdroid.settings.AppSettingsActivity"]}, {"7c170bbf72294a043a98b4dd789a834d": ["7", "com.keepassdroid.settings.AppSettingsActivity"]}, {"1dbf386d41f386ee749d1d9836a8e900": ["5", "com.keepassdroid.settings.AppSettingsActivity"]}, {"1dbf386d41f386ee749d1d9836a8e900": ["5", "com.keepassdroid.settings.AppSettingsActivity"]}, {"7c170bbf72294a043a98b4dd789a834d": ["7", "com.keepassdroid.settings.AppSettingsActivity"]}, {"1dbf386d41f386ee749d1d9836a8e900": ["5", "com.keepassdroid.settings.AppSettingsActivity"]}, {"7c170bbf72294a043a98b4dd789a834d": ["7", "com.keepassdroid.settings.AppSettingsActivity"]}, {"1dbf386d41f386ee749d1d9836a8e900": ["5", "com.keepassdroid.settings.AppSettingsActivity"]}, {"7c170bbf72294a043a98b4dd789a834d": ["7", "com.keepassdroid.settings.AppSettingsActivity"]}, {"1dbf386d41f386ee749d1d9836a8e900": ["5", "com.keepassdroid.settings.AppSettingsActivity"]}, {"1dbf386d41f386ee749d1d9836a8e900": ["5", "com.keepassdroid.settings.AppSettingsActivity"]}, {"7c170bbf72294a043a98b4dd789a834d": ["7", "com.keepassdroid.settings.AppSettingsActivity"]}, {"1dbf386d41f386ee749d1d9836a8e900": ["5", "com.keepassdroid.settings.AppSettingsActivity"]}, {"1dbf386d41f386ee749d1d9836a8e900": ["5", "com.keepassdroid.settings.AppSettingsActivity"]}, {"1dbf386d41f386ee749d1d9836a8e900": ["5", "com.keepassdroid.settings.AppSettingsActivity"]}, {"1dbf386d41f386ee749d1d9836a8e900": ["5", "com.keepassdroid.settings.AppSettingsActivity"]}, {"7c170bbf72294a043a98b4dd789a834d": ["7", "com.keepassdroid.settings.AppSettingsActivity"]}, {"1dbf386d41f386ee749d1d9836a8e900": ["5", "com.keepassdroid.settings.AppSettingsActivity"]}, {"7c170bbf72294a043a98b4dd789a834d": ["7", "com.keepassdroid.settings.AppSettingsActivity"]}, {"1dbf386d41f386ee749d1d9836a8e900": ["5", "com.keepassdroid.settings.AppSettingsActivity"]}, {"7c170bbf72294a043a98b4dd789a834d": ["7", "com.keepassdroid.settings.AppSettingsActivity"]}, {"502b751c72f9ae5c46b6d706020ccb95": ["4", "com.keepassdroid.settings.AppSettingsActivity"]}, {"1dbf386d41f386ee749d1d9836a8e900": ["5", "com.keepassdroid.settings.AppSettingsActivity"]}, {"1dbf386d41f386ee749d1d9836a8e900": ["5", "com.keepassdroid.settings.AppSettingsActivity"]}, {"1dbf386d41f386ee749d1d9836a8e900": ["5", "com.keepassdroid.settings.AppSettingsActivity"]}, {"7c170bbf72294a043a98b4dd789a834d": ["7", "com.keepassdroid.settings.AppSettingsActivity"]}, {"1dbf386d41f386ee749d1d9836a8e900": ["5", "com.keepassdroid.settings.AppSettingsActivity"]}, {"1dbf386d41f386ee749d1d9836a8e900": ["5", "com.keepassdroid.settings.AppSettingsActivity"]}, {"1dbf386d41f386ee749d1d9836a8e900": ["5", "com.keepassdroid.settings.AppSettingsActivity"]}, {"7c170bbf72294a043a98b4dd789a834d": ["7", "com.keepassdroid.settings.AppSettingsActivity"]}, {"1dbf386d41f386ee749d1d9836a8e900": ["5", "com.keepassdroid.settings.AppSettingsActivity"]}, {"7c170bbf72294a043a98b4dd789a834d": ["7", "com.keepassdroid.settings.AppSettingsActivity"]}, {"1dbf386d41f386ee749d1d9836a8e900": ["5", "com.keepassdroid.settings.AppSettingsActivity"]}, {"1dbf386d41f386ee749d1d9836a8e900": ["5", "com.keepassdroid.settings.AppSettingsActivity"]}, {"1dbf386d41f386ee749d1d9836a8e900": ["5", "com.keepassdroid.settings.AppSettingsActivity"]}, {"1dbf386d41f386ee749d1d9836a8e900": ["5", "com.keepassdroid.settings.AppSettingsActivity"]}, {"1dbf386d41f386ee749d1d9836a8e900": ["5", "com.keepassdroid.settings.AppSettingsActivity"]}, {"1dbf386d41f386ee749d1d9836a8e900": ["5", "com.keepassdroid.settings.AppSettingsActivity"]}, {"1dbf386d41f386ee749d1d9836a8e900": ["5", "com.keepassdroid.settings.AppSettingsActivity"]}, {"1dbf386d41f386ee749d1d9836a8e900": ["5", "com.keepassdroid.settings.AppSettingsActivity"]}, {"e21d80ae128c42acca8ef251519555f9": ["6", "com.keepassdroid.settings.AppSettingsActivity"]}, {"1dbf386d41f386ee749d1d9836a8e900": ["5", "com.keepassdroid.settings.AppSettingsActivity"]}, {"1dbf386d41f386ee749d1d9836a8e900": ["5", "com.keepassdroid.settings.AppSettingsActivity"]}, {"1dbf386d41f386ee749d1d9836a8e900": ["5", "com.keepassdroid.settings.AppSettingsActivity"]}, {"1dbf386d41f386ee749d1d9836a8e900": ["5", "com.keepassdroid.settings.AppSettingsActivity"]}, {"1dbf386d41f386ee749d1d9836a8e900": ["5", "com.keepassdroid.settings.AppSettingsActivity"]}, {"1dbf386d41f386ee749d1d9836a8e900": ["5", "com.keepassdroid.settings.AppSettingsActivity"]}, {"e21d80ae128c42acca8ef251519555f9": ["6", "com.keepassdroid.settings.AppSettingsActivity"]}, {"1dbf386d41f386ee749d1d9836a8e900": ["5", "com.keepassdroid.settings.AppSettingsActivity"]}, {"1dbf386d41f386ee749d1d9836a8e900": ["5", "com.keepassdroid.settings.AppSettingsActivity"]}, {"1dbf386d41f386ee749d1d9836a8e900": ["5", "com.keepassdroid.settings.AppSettingsActivity"]}, {"1dbf386d41f386ee749d1d9836a8e900": ["5", "com.keepassdroid.settings.AppSettingsActivity"]}, {"1dbf386d41f386ee749d1d9836a8e900": ["5", "com.keepassdroid.settings.AppSettingsActivity"]}, {"1dbf386d41f386ee749d1d9836a8e900": ["5", "com.keepassdroid.settings.AppSettingsActivity"]}, {"e21d80ae128c42acca8ef251519555f9": ["6", "com.keepassdroid.settings.AppSettingsActivity"]}, {"1dbf386d41f386ee749d1d9836a8e900": ["5", "com.keepassdroid.settings.AppSettingsActivity"]}, {"1dbf386d41f386ee749d1d9836a8e900": ["5", "com.keepassdroid.settings.AppSettingsActivity"]}, {"1dbf386d41f386ee749d1d9836a8e900": ["5", "com.keepassdroid.settings.AppSettingsActivity"]}, {"7c170bbf72294a043a98b4dd789a834d": ["7", "com.keepassdroid.settings.AppSettingsActivity"]}, {"1dbf386d41f386ee749d1d9836a8e900": ["5", "com.keepassdroid.settings.AppSettingsActivity"]}, {"7c170bbf72294a043a98b4dd789a834d": ["7", "com.keepassdroid.settings.AppSettingsActivity"]}, {"1dbf386d41f386ee749d1d9836a8e900": ["5", "com.keepassdroid.settings.AppSettingsActivity"]}, {"7c170bbf72294a043a98b4dd789a834d": ["7", "com.keepassdroid.settings.AppSettingsActivity"]}, {"1dbf386d41f386ee749d1d9836a8e900": ["5", "com.keepassdroid.settings.AppSettingsActivity"]}, {"1dbf386d41f386ee749d1d9836a8e900": ["5", "com.keepassdroid.settings.AppSettingsActivity"]}, {"1dbf386d41f386ee749d1d9836a8e900": ["5", "com.keepassdroid.settings.AppSettingsActivity"]}, {"1dbf386d41f386ee749d1d9836a8e900": ["5", "com.keepassdroid.settings.AppSettingsActivity"]}, {"7c170bbf72294a043a98b4dd789a834d": ["7", "com.keepassdroid.settings.AppSettingsActivity"]}, {"1dbf386d41f386ee749d1d9836a8e900": ["5", "com.keepassdroid.settings.AppSettingsActivity"]}, {"e21d80ae128c42acca8ef251519555f9": ["6", "com.keepassdroid.settings.AppSettingsActivity"]}, {"1dbf386d41f386ee749d1d9836a8e900": ["5", "com.keepassdroid.settings.AppSettingsActivity"]}, {"e21d80ae128c42acca8ef251519555f9": ["6", "com.keepassdroid.settings.AppSettingsActivity"]}, {"1dbf386d41f386ee749d1d9836a8e900": ["5", "com.keepassdroid.settings.AppSettingsActivity"]}, {"1dbf386d41f386ee749d1d9836a8e900": ["5", "com.keepassdroid.settings.AppSettingsActivity"]}, {"1dbf386d41f386ee749d1d9836a8e900": ["5", "com.keepassdroid.settings.AppSettingsActivity"]}, {"1dbf386d41f386ee749d1d9836a8e900": ["5", "com.keepassdroid.settings.AppSettingsActivity"]}, {"1dbf386d41f386ee749d1d9836a8e900": ["5", "com.keepassdroid.settings.AppSettingsActivity"]}, {"1dbf386d41f386ee749d1d9836a8e900": ["5", "com.keepassdroid.settings.AppSettingsActivity"]}, {"1dbf386d41f386ee749d1d9836a8e900": ["5", "com.keepassdroid.settings.AppSettingsActivity"]}, {"1dbf386d41f386ee749d1d9836a8e900": ["5", "com.keepassdroid.settings.AppSettingsActivity"]}, {"1dbf386d41f386ee749d1d9836a8e900": ["5", "com.keepassdroid.settings.AppSettingsActivity"]}, {"1dbf386d41f386ee749d1d9836a8e900": ["5", "com.keepassdroid.settings.AppSettingsActivity"]}, {"1dbf386d41f386ee749d1d9836a8e900": ["5", "com.keepassdroid.settings.AppSettingsActivity"]}, {"1dbf386d41f386ee749d1d9836a8e900": ["5", "com.keepassdroid.settings.AppSettingsActivity"]}, {"7c170bbf72294a043a98b4dd789a834d": ["7", "com.keepassdroid.settings.AppSettingsActivity"]}, {"1dbf386d41f386ee749d1d9836a8e900": ["5", "com.keepassdroid.settings.AppSettingsActivity"]}, {"1dbf386d41f386ee749d1d9836a8e900": ["5", "com.keepassdroid.settings.AppSettingsActivity"]}, {"1dbf386d41f386ee749d1d9836a8e900": ["5", "com.keepassdroid.settings.AppSettingsActivity"]}, {"7c170bbf72294a043a98b4dd789a834d": ["7", "com.keepassdroid.settings.AppSettingsActivity"]}, {"1dbf386d41f386ee749d1d9836a8e900": ["5", "com.keepassdroid.settings.AppSettingsActivity"]}, {"7c170bbf72294a043a98b4dd789a834d": ["7", "com.keepassdroid.settings.AppSettingsActivity"]}, {"1dbf386d41f386ee749d1d9836a8e900": ["5", "com.keepassdroid.settings.AppSettingsActivity"]}, {"1dbf386d41f386ee749d1d9836a8e900": ["5", "com.keepassdroid.settings.AppSettingsActivity"]}, {"e21d80ae128c42acca8ef251519555f9": ["6", "com.keepassdroid.settings.AppSettingsActivity"]}, {"1dbf386d41f386ee749d1d9836a8e900": ["5", "com.keepassdroid.settings.AppSettingsActivity"]}, {"1dbf386d41f386ee749d1d9836a8e900": ["5", "com.keepassdroid.settings.AppSettingsActivity"]}, {"1dbf386d41f386ee749d1d9836a8e900": ["5", "com.keepassdroid.settings.AppSettingsActivity"]}, {"502b751c72f9ae5c46b6d706020ccb95": ["4", "com.keepassdroid.settings.AppSettingsActivity"]}, {"1dbf386d41f386ee749d1d9836a8e900": ["5", "com.keepassdroid.settings.AppSettingsActivity"]}, {"1dbf386d41f386ee749d1d9836a8e900": ["5", "com.keepassdroid.settings.AppSettingsActivity"]}, {"1dbf386d41f386ee749d1d9836a8e900": ["5", "com.keepassdroid.settings.AppSettingsActivity"]}, {"7c170bbf72294a043a98b4dd789a834d": ["7", "com.keepassdroid.settings.AppSettingsActivity"]}, {"1dbf386d41f386ee749d1d9836a8e900": ["5", "com.keepassdroid.settings.AppSettingsActivity"]}, {"1dbf386d41f386ee749d1d9836a8e900": ["5", "com.keepassdroid.settings.AppSettingsActivity"]}, {"1dbf386d41f386ee749d1d9836a8e900": ["5", "com.keepassdroid.settings.AppSettingsActivity"]}, {"7c170bbf72294a043a98b4dd789a834d": ["7", "com.keepassdroid.settings.AppSettingsActivity"]}, {"1dbf386d41f386ee749d1d9836a8e900": ["5", "com.keepassdroid.settings.AppSettingsActivity"]}, {"1dbf386d41f386ee749d1d9836a8e900": ["5", "com.keepassdroid.settings.AppSettingsActivity"]}, {"1dbf386d41f386ee749d1d9836a8e900": ["5", "com.keepassdroid.settings.AppSettingsActivity"]}, {"1dbf386d41f386ee749d1d9836a8e900": ["5", "com.keepassdroid.settings.AppSettingsActivity"]}, {"1dbf386d41f386ee749d1d9836a8e900": ["5", "com.keepassdroid.settings.AppSettingsActivity"]}, {"7c170bbf72294a043a98b4dd789a834d": ["7", "com.keepassdroid.settings.AppSettingsActivity"]}, {"1dbf386d41f386ee749d1d9836a8e900": ["5", "com.keepassdroid.settings.AppSettingsActivity"]}, {"1dbf386d41f386ee749d1d9836a8e900": ["5", "com.keepassdroid.settings.AppSettingsActivity"]}, {"1dbf386d41f386ee749d1d9836a8e900": ["5", "com.keepassdroid.settings.AppSettingsActivity"]}, {"1dbf386d41f386ee749d1d9836a8e900": ["5", "com.keepassdroid.settings.AppSettingsActivity"]}, {"1dbf386d41f386ee749d1d9836a8e900": ["5", "com.keepassdroid.settings.AppSettingsActivity"]}, {"1dbf386d41f386ee749d1d9836a8e900": ["5", "com.keepassdroid.settings.AppSettingsActivity"]}, {"1dbf386d41f386ee749d1d9836a8e900": ["5", "com.keepassdroid.settings.AppSettingsActivity"]}, {"1dbf386d41f386ee749d1d9836a8e900": ["5", "com.keepassdroid.settings.AppSettingsActivity"]}, {"1dbf386d41f386ee749d1d9836a8e900": ["5", "com.keepassdroid.settings.AppSettingsActivity"]}, {"1dbf386d41f386ee749d1d9836a8e900": ["5", "com.keepassdroid.settings.AppSettingsActivity"]}, {"1dbf386d41f386ee749d1d9836a8e900": ["5", "com.keepassdroid.settings.AppSettingsActivity"]}, {"e21d80ae128c42acca8ef251519555f9": ["6", "com.keepassdroid.settings.AppSettingsActivity"]}, {"1dbf386d41f386ee749d1d9836a8e900": ["5", "com.keepassdroid.settings.AppSettingsActivity"]}, {"1dbf386d41f386ee749d1d9836a8e900": ["5", "com.keepassdroid.settings.AppSettingsActivity"]}, {"7c170bbf72294a043a98b4dd789a834d": ["7", "com.keepassdroid.settings.AppSettingsActivity"]}, {"1dbf386d41f386ee749d1d9836a8e900": ["5", "com.keepassdroid.settings.AppSettingsActivity"]}, {"1dbf386d41f386ee749d1d9836a8e900": ["5", "com.keepassdroid.settings.AppSettingsActivity"]}, {"1dbf386d41f386ee749d1d9836a8e900": ["5", "com.keepassdroid.settings.AppSettingsActivity"]}, {"1dbf386d41f386ee749d1d9836a8e900": ["5", "com.keepassdroid.settings.AppSettingsActivity"]}, {"1dbf386d41f386ee749d1d9836a8e900": ["5", "com.keepassdroid.settings.AppSettingsActivity"]}, {"1dbf386d41f386ee749d1d9836a8e900": ["5", "com.keepassdroid.settings.AppSettingsActivity"]}, {"1dbf386d41f386ee749d1d9836a8e900": ["5", "com.keepassdroid.settings.AppSettingsActivity"]}, {"1dbf386d41f386ee749d1d9836a8e900": ["5", "com.keepassdroid.settings.AppSettingsActivity"]}, {"7c170bbf72294a043a98b4dd789a834d": ["7", "com.keepassdroid.settings.AppSettingsActivity"]}, {"1dbf386d41f386ee749d1d9836a8e900": ["5", "com.keepassdroid.settings.AppSettingsActivity"]}, {"1dbf386d41f386ee749d1d9836a8e900": ["5", "com.keepassdroid.settings.AppSettingsActivity"]}, {"e21d80ae128c42acca8ef251519555f9": ["6", "com.keepassdroid.settings.AppSettingsActivity"]}, {"1dbf386d41f386ee749d1d9836a8e900": ["5", "com.keepassdroid.settings.AppSettingsActivity"]}, {"1dbf386d41f386ee749d1d9836a8e900": ["5", "com.keepassdroid.settings.AppSettingsActivity"]}, {"1dbf386d41f386ee749d1d9836a8e900": ["5", "com.keepassdroid.settings.AppSettingsActivity"]}, {"e21d80ae128c42acca8ef251519555f9": ["6", "com.keepassdroid.settings.AppSettingsActivity"]}, {"1dbf386d41f386ee749d1d9836a8e900": ["5", "com.keepassdroid.settings.AppSettingsActivity"]}, {"7c170bbf72294a043a98b4dd789a834d": ["7", "com.keepassdroid.settings.AppSettingsActivity"]}, {"1dbf386d41f386ee749d1d9836a8e900": ["5", "com.keepassdroid.settings.AppSettingsActivity"]}, {"1dbf386d41f386ee749d1d9836a8e900": ["5", "com.keepassdroid.settings.AppSettingsActivity"]}, {"1dbf386d41f386ee749d1d9836a8e900": ["5", "com.keepassdroid.settings.AppSettingsActivity"]}, {"1dbf386d41f386ee749d1d9836a8e900": ["5", "com.keepassdroid.settings.AppSettingsActivity"]}, {"1dbf386d41f386ee749d1d9836a8e900": ["5", "com.keepassdroid.settings.AppSettingsActivity"]}, {"e21d80ae128c42acca8ef251519555f9": ["6", "com.keepassdroid.settings.AppSettingsActivity"]}, {"1dbf386d41f386ee749d1d9836a8e900": ["5", "com.keepassdroid.settings.AppSettingsActivity"]}, {"1dbf386d41f386ee749d1d9836a8e900": ["5", "com.keepassdroid.settings.AppSettingsActivity"]}, {"7c170bbf72294a043a98b4dd789a834d": ["7", "com.keepassdroid.settings.AppSettingsActivity"]}, {"1dbf386d41f386ee749d1d9836a8e900": ["5", "com.keepassdroid.settings.AppSettingsActivity"]}, {"1dbf386d41f386ee749d1d9836a8e900": ["5", "com.keepassdroid.settings.AppSettingsActivity"]}, {"1dbf386d41f386ee749d1d9836a8e900": ["5", "com.keepassdroid.settings.AppSettingsActivity"]}, {"7c170bbf72294a043a98b4dd789a834d": ["7", "com.keepassdroid.settings.AppSettingsActivity"]}, {"1dbf386d41f386ee749d1d9836a8e900": ["5", "com.keepassdroid.settings.AppSettingsActivity"]}, {"1dbf386d41f386ee749d1d9836a8e900": ["5", "com.keepassdroid.settings.AppSettingsActivity"]}, {"7c170bbf72294a043a98b4dd789a834d": ["7", "com.keepassdroid.settings.AppSettingsActivity"]}, {"1dbf386d41f386ee749d1d9836a8e900": ["5", "com.keepassdroid.settings.AppSettingsActivity"]}, {"1dbf386d41f386ee749d1d9836a8e900": ["5", "com.keepassdroid.settings.AppSettingsActivity"]}, {"7c170bbf72294a043a98b4dd789a834d": ["7", "com.keepassdroid.settings.AppSettingsActivity"]}, {"1dbf386d41f386ee749d1d9836a8e900": ["5", "com.keepassdroid.settings.AppSettingsActivity"]}, {"7c170bbf72294a043a98b4dd789a834d": ["7", "com.keepassdroid.settings.AppSettingsActivity"]}, {"1dbf386d41f386ee749d1d9836a8e900": ["5", "com.keepassdroid.settings.AppSettingsActivity"]}, {"1dbf386d41f386ee749d1d9836a8e900": ["5", "com.keepassdroid.settings.AppSettingsActivity"]}, {"502b751c72f9ae5c46b6d706020ccb95": ["4", "com.keepassdroid.settings.AppSettingsActivity"]}, {"1dbf386d41f386ee749d1d9836a8e900": ["5", "com.keepassdroid.settings.AppSettingsActivity"]}, {"1dbf386d41f386ee749d1d9836a8e900": ["5", "com.keepassdroid.settings.AppSettingsActivity"]}, {"1dbf386d41f386ee749d1d9836a8e900": ["5", "com.keepassdroid.settings.AppSettingsActivity"]}, {"1dbf386d41f386ee749d1d9836a8e900": ["5", "com.keepassdroid.settings.AppSettingsActivity"]}, {"1dbf386d41f386ee749d1d9836a8e900": ["5", "com.keepassdroid.settings.AppSettingsActivity"]}, {"1dbf386d41f386ee749d1d9836a8e900": ["5", "com.keepassdroid.settings.AppSettingsActivity"]}, {"7c170bbf72294a043a98b4dd789a834d": ["7", "com.keepassdroid.settings.AppSettingsActivity"]}, {"1dbf386d41f386ee749d1d9836a8e900": ["5", "com.keepassdroid.settings.AppSettingsActivity"]}, {"7c170bbf72294a043a98b4dd789a834d": ["7", "com.keepassdroid.settings.AppSettingsActivity"]}, {"1dbf386d41f386ee749d1d9836a8e900": ["5", "com.keepassdroid.settings.AppSettingsActivity"]}, {"1dbf386d41f386ee749d1d9836a8e900": ["5", "com.keepassdroid.settings.AppSettingsActivity"]}, {"1dbf386d41f386ee749d1d9836a8e900": ["5", "com.keepassdroid.settings.AppSettingsActivity"]}, {"7c170bbf72294a043a98b4dd789a834d": ["7", "com.keepassdroid.settings.AppSettingsActivity"]}, {"1dbf386d41f386ee749d1d9836a8e900": ["5", "com.keepassdroid.settings.AppSettingsActivity"]}, {"1dbf386d41f386ee749d1d9836a8e900": ["5", "com.keepassdroid.settings.AppSettingsActivity"]}, {"502b751c72f9ae5c46b6d706020ccb95": ["4", "com.keepassdroid.settings.AppSettingsActivity"]}, {"502b751c72f9ae5c46b6d706020ccb95": ["4", "com.keepassdroid.settings.AppSettingsActivity"]}, {"1dbf386d41f386ee749d1d9836a8e900": ["5", "com.keepassdroid.settings.AppSettingsActivity"]}, {"1dbf386d41f386ee749d1d9836a8e900": ["5", "com.keepassdroid.settings.AppSettingsActivity"]}, {"1dbf386d41f386ee749d1d9836a8e900": ["5", "com.keepassdroid.settings.AppSettingsActivity"]}, {"1dbf386d41f386ee749d1d9836a8e900": ["5", "com.keepassdroid.settings.AppSettingsActivity"]}, {"1dbf386d41f386ee749d1d9836a8e900": ["5", "com.keepassdroid.settings.AppSettingsActivity"]}, {"1dbf386d41f386ee749d1d9836a8e900": ["5", "com.keepassdroid.settings.AppSettingsActivity"]}, {"1dbf386d41f386ee749d1d9836a8e900": ["5", "com.keepassdroid.settings.AppSettingsActivity"]}, {"1dbf386d41f386ee749d1d9836a8e900": ["5", "com.keepassdroid.settings.AppSettingsActivity"]}, {"1dbf386d41f386ee749d1d9836a8e900": ["5", "com.keepassdroid.settings.AppSettingsActivity"]}, {"1dbf386d41f386ee749d1d9836a8e900": ["5", "com.keepassdroid.settings.AppSettingsActivity"]}, {"1dbf386d41f386ee749d1d9836a8e900": ["5", "com.keepassdroid.settings.AppSettingsActivity"]}, {"1dbf386d41f386ee749d1d9836a8e900": ["5", "com.keepassdroid.settings.AppSettingsActivity"]}, {"1dbf386d41f386ee749d1d9836a8e900": ["5", "com.keepassdroid.settings.AppSettingsActivity"]}, {"1dbf386d41f386ee749d1d9836a8e900": ["5", "com.keepassdroid.settings.AppSettingsActivity"]}, {"1dbf386d41f386ee749d1d9836a8e900": ["5", "com.keepassdroid.settings.AppSettingsActivity"]}, {"1dbf386d41f386ee749d1d9836a8e900": ["5", "com.keepassdroid.settings.AppSettingsActivity"]}, {"1dbf386d41f386ee749d1d9836a8e900": ["5", "com.keepassdroid.settings.AppSettingsActivity"]}, {"7c170bbf72294a043a98b4dd789a834d": ["7", "com.keepassdroid.settings.AppSettingsActivity"]}, {"1dbf386d41f386ee749d1d9836a8e900": ["5", "com.keepassdroid.settings.AppSettingsActivity"]}, {"1dbf386d41f386ee749d1d9836a8e900": ["5", "com.keepassdroid.settings.AppSettingsActivity"]}, {"1dbf386d41f386ee749d1d9836a8e900": ["5", "com.keepassdroid.settings.AppSettingsActivity"]}, {"1dbf386d41f386ee749d1d9836a8e900": ["5", "com.keepassdroid.settings.AppSettingsActivity"]}, {"1dbf386d41f386ee749d1d9836a8e900": ["5", "com.keepassdroid.settings.AppSettingsActivity"]}, {"e21d80ae128c42acca8ef251519555f9": ["6", "com.keepassdroid.settings.AppSettingsActivity"]}, {"1dbf386d41f386ee749d1d9836a8e900": ["5", "com.keepassdroid.settings.AppSettingsActivity"]}, {"1dbf386d41f386ee749d1d9836a8e900": ["5", "com.keepassdroid.settings.AppSettingsActivity"]}, {"1dbf386d41f386ee749d1d9836a8e900": ["5", "com.keepassdroid.settings.AppSettingsActivity"]}, {"1dbf386d41f386ee749d1d9836a8e900": ["5", "com.keepassdroid.settings.AppSettingsActivity"]}, {"1dbf386d41f386ee749d1d9836a8e900": ["5", "com.keepassdroid.settings.AppSettingsActivity"]}, {"7c170bbf72294a043a98b4dd789a834d": ["7", "com.keepassdroid.settings.AppSettingsActivity"]}, {"1dbf386d41f386ee749d1d9836a8e900": ["5", "com.keepassdroid.settings.AppSettingsActivity"]}, {"1dbf386d41f386ee749d1d9836a8e900": ["5", "com.keepassdroid.settings.AppSettingsActivity"]}, {"1dbf386d41f386ee749d1d9836a8e900": ["5", "com.keepassdroid.settings.AppSettingsActivity"]}, {"1dbf386d41f386ee749d1d9836a8e900": ["5", "com.keepassdroid.settings.AppSettingsActivity"]}, {"1dbf386d41f386ee749d1d9836a8e900": ["5", "com.keepassdroid.settings.AppSettingsActivity"]}, {"502b751c72f9ae5c46b6d706020ccb95": ["4", "com.keepassdroid.settings.AppSettingsActivity"]}, {"1dbf386d41f386ee749d1d9836a8e900": ["5", "com.keepassdroid.settings.AppSettingsActivity"]}, {"1dbf386d41f386ee749d1d9836a8e900": ["5", "com.keepassdroid.settings.AppSettingsActivity"]}, {"e21d80ae128c42acca8ef251519555f9": ["6", "com.keepassdroid.settings.AppSettingsActivity"]}, {"1dbf386d41f386ee749d1d9836a8e900": ["5", "com.keepassdroid.settings.AppSettingsActivity"]}, {"7c170bbf72294a043a98b4dd789a834d": ["7", "com.keepassdroid.settings.AppSettingsActivity"]}, {"1dbf386d41f386ee749d1d9836a8e900": ["5", "com.keepassdroid.settings.AppSettingsActivity"]}, {"1dbf386d41f386ee749d1d9836a8e900": ["5", "com.keepassdroid.settings.AppSettingsActivity"]}, {"1dbf386d41f386ee749d1d9836a8e900": ["5", "com.keepassdroid.settings.AppSettingsActivity"]}, {"1dbf386d41f386ee749d1d9836a8e900": ["5", "com.keepassdroid.settings.AppSettingsActivity"]}, {"1dbf386d41f386ee749d1d9836a8e900": ["5", "com.keepassdroid.settings.AppSettingsActivity"]}, {"1dbf386d41f386ee749d1d9836a8e900": ["5", "com.keepassdroid.settings.AppSettingsActivity"]}, {"1dbf386d41f386ee749d1d9836a8e900": ["5", "com.keepassdroid.settings.AppSettingsActivity"]}, {"502b751c72f9ae5c46b6d706020ccb95": ["4", "com.keepassdroid.settings.AppSettingsActivity"]}, {"1dbf386d41f386ee749d1d9836a8e900": ["5", "com.keepassdroid.settings.AppSettingsActivity"]}, {"1dbf386d41f386ee749d1d9836a8e900": ["5", "com.keepassdroid.settings.AppSettingsActivity"]}, {"1dbf386d41f386ee749d1d9836a8e900": ["5", "com.keepassdroid.settings.AppSettingsActivity"]}, {"7c170bbf72294a043a98b4dd789a834d": ["7", "com.keepassdroid.settings.AppSettingsActivity"]}, {"1dbf386d41f386ee749d1d9836a8e900": ["5", "com.keepassdroid.settings.AppSettingsActivity"]}, {"e21d80ae128c42acca8ef251519555f9": ["6", "com.keepassdroid.settings.AppSettingsActivity"]}, {"1dbf386d41f386ee749d1d9836a8e900": ["5", "com.keepassdroid.settings.AppSettingsActivity"]}, {"1dbf386d41f386ee749d1d9836a8e900": ["5", "com.keepassdroid.settings.AppSettingsActivity"]}, {"e21d80ae128c42acca8ef251519555f9": ["6", "com.keepassdroid.settings.AppSettingsActivity"]}, {"1dbf386d41f386ee749d1d9836a8e900": ["5", "com.keepassdroid.settings.AppSettingsActivity"]}, {"e21d80ae128c42acca8ef251519555f9": ["6", "com.keepassdroid.settings.AppSettingsActivity"]}, {"1dbf386d41f386ee749d1d9836a8e900": ["5", "com.keepassdroid.settings.AppSettingsActivity"]}, {"1dbf386d41f386ee749d1d9836a8e900": ["5", "com.keepassdroid.settings.AppSettingsActivity"]}, {"e21d80ae128c42acca8ef251519555f9": ["6", "com.keepassdroid.settings.AppSettingsActivity"]}, {"1dbf386d41f386ee749d1d9836a8e900": ["5", "com.keepassdroid.settings.AppSettingsActivity"]}, {"e21d80ae128c42acca8ef251519555f9": ["6", "com.keepassdroid.settings.AppSettingsActivity"]}, {"1dbf386d41f386ee749d1d9836a8e900": ["5", "com.keepassdroid.settings.AppSettingsActivity"]}, {"e21d80ae128c42acca8ef251519555f9": ["6", "com.keepassdroid.settings.AppSettingsActivity"]}, {"1dbf386d41f386ee749d1d9836a8e900": ["5", "com.keepassdroid.settings.AppSettingsActivity"]}, {"1dbf386d41f386ee749d1d9836a8e900": ["5", "com.keepassdroid.settings.AppSettingsActivity"]}, {"e21d80ae128c42acca8ef251519555f9": ["6", "com.keepassdroid.settings.AppSettingsActivity"]}, {"1dbf386d41f386ee749d1d9836a8e900": ["5", "com.keepassdroid.settings.AppSettingsActivity"]}, {"1dbf386d41f386ee749d1d9836a8e900": ["5", "com.keepassdroid.settings.AppSettingsActivity"]}, {"1dbf386d41f386ee749d1d9836a8e900": ["5", "com.keepassdroid.settings.AppSettingsActivity"]}, {"1dbf386d41f386ee749d1d9836a8e900": ["5", "com.keepassdroid.settings.AppSettingsActivity"]}, {"1dbf386d41f386ee749d1d9836a8e900": ["5", "com.keepassdroid.settings.AppSettingsActivity"]}, {"e21d80ae128c42acca8ef251519555f9": ["6", "com.keepassdroid.settings.AppSettingsActivity"]}, {"1dbf386d41f386ee749d1d9836a8e900": ["5", "com.keepassdroid.settings.AppSettingsActivity"]}, {"e21d80ae128c42acca8ef251519555f9": ["6", "com.keepassdroid.settings.AppSettingsActivity"]}, {"1dbf386d41f386ee749d1d9836a8e900": ["5", "com.keepassdroid.settings.AppSettingsActivity"]}, {"1dbf386d41f386ee749d1d9836a8e900": ["5", "com.keepassdroid.settings.AppSettingsActivity"]}, {"1dbf386d41f386ee749d1d9836a8e900": ["5", "com.keepassdroid.settings.AppSettingsActivity"]}, {"1dbf386d41f386ee749d1d9836a8e900": ["5", "com.keepassdroid.settings.AppSettingsActivity"]}, {"1dbf386d41f386ee749d1d9836a8e900": ["5", "com.keepassdroid.settings.AppSettingsActivity"]}, {"e21d80ae128c42acca8ef251519555f9": ["6", "com.keepassdroid.settings.AppSettingsActivity"]}, {"1dbf386d41f386ee749d1d9836a8e900": ["5", "com.keepassdroid.settings.AppSettingsActivity"]}, {"e21d80ae128c42acca8ef251519555f9": ["6", "com.keepassdroid.settings.AppSettingsActivity"]}, {"1dbf386d41f386ee749d1d9836a8e900": ["5", "com.keepassdroid.settings.AppSettingsActivity"]}, {"e21d80ae128c42acca8ef251519555f9": ["6", "com.keepassdroid.settings.AppSettingsActivity"]}, {"1dbf386d41f386ee749d1d9836a8e900": ["5", "com.keepassdroid.settings.AppSettingsActivity"]}, {"1dbf386d41f386ee749d1d9836a8e900": ["5", "com.keepassdroid.settings.AppSettingsActivity"]}, {"1dbf386d41f386ee749d1d9836a8e900": ["5", "com.keepassdroid.settings.AppSettingsActivity"]}, {"1dbf386d41f386ee749d1d9836a8e900": ["5", "com.keepassdroid.settings.AppSettingsActivity"]}, {"e21d80ae128c42acca8ef251519555f9": ["6", "com.keepassdroid.settings.AppSettingsActivity"]}, {"1dbf386d41f386ee749d1d9836a8e900": ["5", "com.keepassdroid.settings.AppSettingsActivity"]}, {"e21d80ae128c42acca8ef251519555f9": ["6", "com.keepassdroid.settings.AppSettingsActivity"]}, {"1dbf386d41f386ee749d1d9836a8e900": ["5", "com.keepassdroid.settings.AppSettingsActivity"]}, {"1dbf386d41f386ee749d1d9836a8e900": ["5", "com.keepassdroid.settings.AppSettingsActivity"]}, {"1dbf386d41f386ee749d1d9836a8e900": ["5", "com.keepassdroid.settings.AppSettingsActivity"]}, {"7c170bbf72294a043a98b4dd789a834d": ["7", "com.keepassdroid.settings.AppSettingsActivity"]}, {"1dbf386d41f386ee749d1d9836a8e900": ["5", "com.keepassdroid.settings.AppSettingsActivity"]}, {"7c170bbf72294a043a98b4dd789a834d": ["7", "com.keepassdroid.settings.AppSettingsActivity"]}, {"1dbf386d41f386ee749d1d9836a8e900": ["5", "com.keepassdroid.settings.AppSettingsActivity"]}, {"1dbf386d41f386ee749d1d9836a8e900": ["5", "com.keepassdroid.settings.AppSettingsActivity"]}, {"7c170bbf72294a043a98b4dd789a834d": ["7", "com.keepassdroid.settings.AppSettingsActivity"]}, {"1dbf386d41f386ee749d1d9836a8e900": ["5", "com.keepassdroid.settings.AppSettingsActivity"]}, {"1dbf386d41f386ee749d1d9836a8e900": ["5", "com.keepassdroid.settings.AppSettingsActivity"]}, {"7c170bbf72294a043a98b4dd789a834d": ["7", "com.keepassdroid.settings.AppSettingsActivity"]}, {"1dbf386d41f386ee749d1d9836a8e900": ["5", "com.keepassdroid.settings.AppSettingsActivity"]}, {"7c170bbf72294a043a98b4dd789a834d": ["7", "com.keepassdroid.settings.AppSettingsActivity"]}, {"1dbf386d41f386ee749d1d9836a8e900": ["5", "com.keepassdroid.settings.AppSettingsActivity"]}, {"1dbf386d41f386ee749d1d9836a8e900": ["5", "com.keepassdroid.settings.AppSettingsActivity"]}, {"7c170bbf72294a043a98b4dd789a834d": ["7", "com.keepassdroid.settings.AppSettingsActivity"]}, {"1dbf386d41f386ee749d1d9836a8e900": ["5", "com.keepassdroid.settings.AppSettingsActivity"]}, {"7c170bbf72294a043a98b4dd789a834d": ["7", "com.keepassdroid.settings.AppSettingsActivity"]}, {"1dbf386d41f386ee749d1d9836a8e900": ["5", "com.keepassdroid.settings.AppSettingsActivity"]}, {"1dbf386d41f386ee749d1d9836a8e900": ["5", "com.keepassdroid.settings.AppSettingsActivity"]}, {"e21d80ae128c42acca8ef251519555f9": ["6", "com.keepassdroid.settings.AppSettingsActivity"]}, {"1dbf386d41f386ee749d1d9836a8e900": ["5", "com.keepassdroid.settings.AppSettingsActivity"]}, {"1dbf386d41f386ee749d1d9836a8e900": ["5", "com.keepassdroid.settings.AppSettingsActivity"]}, {"1dbf386d41f386ee749d1d9836a8e900": ["5", "com.keepassdroid.settings.AppSettingsActivity"]}, {"1dbf386d41f386ee749d1d9836a8e900": ["5", "com.keepassdroid.settings.AppSettingsActivity"]}, {"502b751c72f9ae5c46b6d706020ccb95": ["4", "com.keepassdroid.settings.AppSettingsActivity"]}, {"1dbf386d41f386ee749d1d9836a8e900": ["5", "com.keepassdroid.settings.AppSettingsActivity"]}, {"7c170bbf72294a043a98b4dd789a834d": ["7", "com.keepassdroid.settings.AppSettingsActivity"]}, {"1dbf386d41f386ee749d1d9836a8e900": ["5", "com.keepassdroid.settings.AppSettingsActivity"]}, {"1dbf386d41f386ee749d1d9836a8e900": ["5", "com.keepassdroid.settings.AppSettingsActivity"]}, {"1dbf386d41f386ee749d1d9836a8e900": ["5", "com.keepassdroid.settings.AppSettingsActivity"]}, {"1dbf386d41f386ee749d1d9836a8e900": ["5", "com.keepassdroid.settings.AppSettingsActivity"]}, {"1dbf386d41f386ee749d1d9836a8e900": ["5", "com.keepassdroid.settings.AppSettingsActivity"]}, {"1dbf386d41f386ee749d1d9836a8e900": ["5", "com.keepassdroid.settings.AppSettingsActivity"]}, {"1dbf386d41f386ee749d1d9836a8e900": ["5", "com.keepassdroid.settings.AppSettingsActivity"]}, {"1dbf386d41f386ee749d1d9836a8e900": ["5", "com.keepassdroid.settings.AppSettingsActivity"]}, {"1dbf386d41f386ee749d1d9836a8e900": ["5", "com.keepassdroid.settings.AppSettingsActivity"]}, {"7c170bbf72294a043a98b4dd789a834d": ["7", "com.keepassdroid.settings.AppSettingsActivity"]}, {"1dbf386d41f386ee749d1d9836a8e900": ["5", "com.keepassdroid.settings.AppSettingsActivity"]}, {"e21d80ae128c42acca8ef251519555f9": ["6", "com.keepassdroid.settings.AppSettingsActivity"]}, {"1dbf386d41f386ee749d1d9836a8e900": ["5", "com.keepassdroid.settings.AppSettingsActivity"]}, {"e21d80ae128c42acca8ef251519555f9": ["6", "com.keepassdroid.settings.AppSettingsActivity"]}, {"1dbf386d41f386ee749d1d9836a8e900": ["5", "com.keepassdroid.settings.AppSettingsActivity"]}, {"1dbf386d41f386ee749d1d9836a8e900": ["5", "com.keepassdroid.settings.AppSettingsActivity"]}, {"1dbf386d41f386ee749d1d9836a8e900": ["5", "com.keepassdroid.settings.AppSettingsActivity"]}, {"1dbf386d41f386ee749d1d9836a8e900": ["5", "com.keepassdroid.settings.AppSettingsActivity"]}, {"1dbf386d41f386ee749d1d9836a8e900": ["5", "com.keepassdroid.settings.AppSettingsActivity"]}, {"7c170bbf72294a043a98b4dd789a834d": ["7", "com.keepassdroid.settings.AppSettingsActivity"]}, {"1dbf386d41f386ee749d1d9836a8e900": ["5", "com.keepassdroid.settings.AppSettingsActivity"]}, {"7c170bbf72294a043a98b4dd789a834d": ["7", "com.keepassdroid.settings.AppSettingsActivity"]}, {"1dbf386d41f386ee749d1d9836a8e900": ["5", "com.keepassdroid.settings.AppSettingsActivity"]}, {"1dbf386d41f386ee749d1d9836a8e900": ["5", "com.keepassdroid.settings.AppSettingsActivity"]}, {"1dbf386d41f386ee749d1d9836a8e900": ["5", "com.keepassdroid.settings.AppSettingsActivity"]}, {"7c170bbf72294a043a98b4dd789a834d": ["7", "com.keepassdroid.settings.AppSettingsActivity"]}, {"1dbf386d41f386ee749d1d9836a8e900": ["5", "com.keepassdroid.settings.AppSettingsActivity"]}, {"7c170bbf72294a043a98b4dd789a834d": ["7", "com.keepassdroid.settings.AppSettingsActivity"]}, {"1dbf386d41f386ee749d1d9836a8e900": ["5", "com.keepassdroid.settings.AppSettingsActivity"]}, {"1dbf386d41f386ee749d1d9836a8e900": ["5", "com.keepassdroid.settings.AppSettingsActivity"]}, {"1dbf386d41f386ee749d1d9836a8e900": ["5", "com.keepassdroid.settings.AppSettingsActivity"]}, {"1dbf386d41f386ee749d1d9836a8e900": ["5", "com.keepassdroid.settings.AppSettingsActivity"]}, {"1dbf386d41f386ee749d1d9836a8e900": ["5", "com.keepassdroid.settings.AppSettingsActivity"]}, {"1dbf386d41f386ee749d1d9836a8e900": ["5", "com.keepassdroid.settings.AppSettingsActivity"]}, {"7c170bbf72294a043a98b4dd789a834d": ["7", "com.keepassdroid.settings.AppSettingsActivity"]}, {"1dbf386d41f386ee749d1d9836a8e900": ["5", "com.keepassdroid.settings.AppSettingsActivity"]}, {"502b751c72f9ae5c46b6d706020ccb95": ["4", "com.keepassdroid.settings.AppSettingsActivity"]}, {"1dbf386d41f386ee749d1d9836a8e900": ["5", "com.keepassdroid.settings.AppSettingsActivity"]}, {"7c170bbf72294a043a98b4dd789a834d": ["7", "com.keepassdroid.settings.AppSettingsActivity"]}, {"1dbf386d41f386ee749d1d9836a8e900": ["5", "com.keepassdroid.settings.AppSettingsActivity"]}, {"1dbf386d41f386ee749d1d9836a8e900": ["5", "com.keepassdroid.settings.AppSettingsActivity"]}, {"502b751c72f9ae5c46b6d706020ccb95": ["4", "com.keepassdroid.settings.AppSettingsActivity"]}, {"1dbf386d41f386ee749d1d9836a8e900": ["5", "com.keepassdroid.settings.AppSettingsActivity"]}, {"1dbf386d41f386ee749d1d9836a8e900": ["5", "com.keepassdroid.settings.AppSettingsActivity"]}, {"1dbf386d41f386ee749d1d9836a8e900": ["5", "com.keepassdroid.settings.AppSettingsActivity"]}, {"1dbf386d41f386ee749d1d9836a8e900": ["5", "com.keepassdroid.settings.AppSettingsActivity"]}, {"7c170bbf72294a043a98b4dd789a834d": ["7", "com.keepassdroid.settings.AppSettingsActivity"]}, {"502b751c72f9ae5c46b6d706020ccb95": ["4", "com.keepassdroid.settings.AppSettingsActivity"]}, {"1dbf386d41f386ee749d1d9836a8e900": ["5", "com.keepassdroid.settings.AppSettingsActivity"]}, {"1dbf386d41f386ee749d1d9836a8e900": ["5", "com.keepassdroid.settings.AppSettingsActivity"]}, {"1dbf386d41f386ee749d1d9836a8e900": ["5", "com.keepassdroid.settings.AppSettingsActivity"]}, {"7c170bbf72294a043a98b4dd789a834d": ["7", "com.keepassdroid.settings.AppSettingsActivity"]}, {"1dbf386d41f386ee749d1d9836a8e900": ["5", "com.keepassdroid.settings.AppSettingsActivity"]}, {"1dbf386d41f386ee749d1d9836a8e900": ["5", "com.keepassdroid.settings.AppSettingsActivity"]}, {"1dbf386d41f386ee749d1d9836a8e900": ["5", "com.keepassdroid.settings.AppSettingsActivity"]}, {"1dbf386d41f386ee749d1d9836a8e900": ["5", "com.keepassdroid.settings.AppSettingsActivity"]}, {"7c170bbf72294a043a98b4dd789a834d": ["7", "com.keepassdroid.settings.AppSettingsActivity"]}, {"1dbf386d41f386ee749d1d9836a8e900": ["5", "com.keepassdroid.settings.AppSettingsActivity"]}, {"1dbf386d41f386ee749d1d9836a8e900": ["5", "com.keepassdroid.settings.AppSettingsActivity"]}, {"7c170bbf72294a043a98b4dd789a834d": ["7", "com.keepassdroid.settings.AppSettingsActivity"]}, {"1dbf386d41f386ee749d1d9836a8e900": ["5", "com.keepassdroid.settings.AppSettingsActivity"]}, {"7c170bbf72294a043a98b4dd789a834d": ["7", "com.keepassdroid.settings.AppSettingsActivity"]}, {"1dbf386d41f386ee749d1d9836a8e900": ["5", "com.keepassdroid.settings.AppSettingsActivity"]}, {"1dbf386d41f386ee749d1d9836a8e900": ["5", "com.keepassdroid.settings.AppSettingsActivity"]}, {"1dbf386d41f386ee749d1d9836a8e900": ["5", "com.keepassdroid.settings.AppSettingsActivity"]}, {"1dbf386d41f386ee749d1d9836a8e900": ["5", "com.keepassdroid.settings.AppSettingsActivity"]}, {"1dbf386d41f386ee749d1d9836a8e900": ["5", "com.keepassdroid.settings.AppSettingsActivity"]}, {"1dbf386d41f386ee749d1d9836a8e900": ["5", "com.keepassdroid.settings.AppSettingsActivity"]}, {"1dbf386d41f386ee749d1d9836a8e900": ["5", "com.keepassdroid.settings.AppSettingsActivity"]}, {"1dbf386d41f386ee749d1d9836a8e900": ["5", "com.keepassdroid.settings.AppSettingsActivity"]}, {"1dbf386d41f386ee749d1d9836a8e900": ["5", "com.keepassdroid.settings.AppSettingsActivity"]}, {"1dbf386d41f386ee749d1d9836a8e900": ["5", "com.keepassdroid.settings.AppSettingsActivity"]}, {"1dbf386d41f386ee749d1d9836a8e900": ["5", "com.keepassdroid.settings.AppSettingsActivity"]}, {"1dbf386d41f386ee749d1d9836a8e900": ["5", "com.keepassdroid.settings.AppSettingsActivity"]}, {"1dbf386d41f386ee749d1d9836a8e900": ["5", "com.keepassdroid.settings.AppSettingsActivity"]}, {"1dbf386d41f386ee749d1d9836a8e900": ["5", "com.keepassdroid.settings.AppSettingsActivity"]}, {"1dbf386d41f386ee749d1d9836a8e900": ["5", "com.keepassdroid.settings.AppSettingsActivity"]}, {"1dbf386d41f386ee749d1d9836a8e900": ["5", "com.keepassdroid.settings.AppSettingsActivity"]}, {"1dbf386d41f386ee749d1d9836a8e900": ["5", "com.keepassdroid.settings.AppSettingsActivity"]}, {"1dbf386d41f386ee749d1d9836a8e900": ["5", "com.keepassdroid.settings.AppSettingsActivity"]}, {"1dbf386d41f386ee749d1d9836a8e900": ["5", "com.keepassdroid.settings.AppSettingsActivity"]}, {"7c170bbf72294a043a98b4dd789a834d": ["7", "com.keepassdroid.settings.AppSettingsActivity"]}, {"1dbf386d41f386ee749d1d9836a8e900": ["5", "com.keepassdroid.settings.AppSettingsActivity"]}, {"7c170bbf72294a043a98b4dd789a834d": ["7", "com.keepassdroid.settings.AppSettingsActivity"]}, {"1dbf386d41f386ee749d1d9836a8e900": ["5", "com.keepassdroid.settings.AppSettingsActivity"]}, {"1dbf386d41f386ee749d1d9836a8e900": ["5", "com.keepassdroid.settings.AppSettingsActivity"]}, {"1dbf386d41f386ee749d1d9836a8e900": ["5", "com.keepassdroid.settings.AppSettingsActivity"]}, {"7c170bbf72294a043a98b4dd789a834d": ["7", "com.keepassdroid.settings.AppSettingsActivity"]}, {"1dbf386d41f386ee749d1d9836a8e900": ["5", "com.keepassdroid.settings.AppSettingsActivity"]}, {"1dbf386d41f386ee749d1d9836a8e900": ["5", "com.keepassdroid.settings.AppSettingsActivity"]}, {"1dbf386d41f386ee749d1d9836a8e900": ["5", "com.keepassdroid.settings.AppSettingsActivity"]}, {"1dbf386d41f386ee749d1d9836a8e900": ["5", "com.keepassdroid.settings.AppSettingsActivity"]}, {"1dbf386d41f386ee749d1d9836a8e900": ["5", "com.keepassdroid.settings.AppSettingsActivity"]}, {"1dbf386d41f386ee749d1d9836a8e900": ["5", "com.keepassdroid.settings.AppSettingsActivity"]}, {"502b751c72f9ae5c46b6d706020ccb95": ["4", "com.keepassdroid.settings.AppSettingsActivity"]}, {"1dbf386d41f386ee749d1d9836a8e900": ["5", "com.keepassdroid.settings.AppSettingsActivity"]}, {"7c170bbf72294a043a98b4dd789a834d": ["7", "com.keepassdroid.settings.AppSettingsActivity"]}, {"1dbf386d41f386ee749d1d9836a8e900": ["5", "com.keepassdroid.settings.AppSettingsActivity"]}, {"1dbf386d41f386ee749d1d9836a8e900": ["5", "com.keepassdroid.settings.AppSettingsActivity"]}, {"1dbf386d41f386ee749d1d9836a8e900": ["5", "com.keepassdroid.settings.AppSettingsActivity"]}, {"1dbf386d41f386ee749d1d9836a8e900": ["5", "com.keepassdroid.settings.AppSettingsActivity"]}, {"1dbf386d41f386ee749d1d9836a8e900": ["5", "com.keepassdroid.settings.AppSettingsActivity"]}, {"1dbf386d41f386ee749d1d9836a8e900": ["5", "com.keepassdroid.settings.AppSettingsActivity"]}, {"1dbf386d41f386ee749d1d9836a8e900": ["5", "com.keepassdroid.settings.AppSettingsActivity"]}, {"1dbf386d41f386ee749d1d9836a8e900": ["5", "com.keepassdroid.settings.AppSettingsActivity"]}, {"1dbf386d41f386ee749d1d9836a8e900": ["5", "com.keepassdroid.settings.AppSettingsActivity"]}, {"502b751c72f9ae5c46b6d706020ccb95": ["4", "com.keepassdroid.settings.AppSettingsActivity"]}, {"1dbf386d41f386ee749d1d9836a8e900": ["5", "com.keepassdroid.settings.AppSettingsActivity"]}, {"1dbf386d41f386ee749d1d9836a8e900": ["5", "com.keepassdroid.settings.AppSettingsActivity"]}, {"1dbf386d41f386ee749d1d9836a8e900": ["5", "com.keepassdroid.settings.AppSettingsActivity"]}, {"1dbf386d41f386ee749d1d9836a8e900": ["5", "com.keepassdroid.settings.AppSettingsActivity"]}, {"1dbf386d41f386ee749d1d9836a8e900": ["5", "com.keepassdroid.settings.AppSettingsActivity"]}, {"1dbf386d41f386ee749d1d9836a8e900": ["5", "com.keepassdroid.settings.AppSettingsActivity"]}, {"7c170bbf72294a043a98b4dd789a834d": ["7", "com.keepassdroid.settings.AppSettingsActivity"]}, {"502b751c72f9ae5c46b6d706020ccb95": ["4", "com.keepassdroid.settings.AppSettingsActivity"]}, {"1dbf386d41f386ee749d1d9836a8e900": ["5", "com.keepassdroid.settings.AppSettingsActivity"]}, {"e21d80ae128c42acca8ef251519555f9": ["6", "com.keepassdroid.settings.AppSettingsActivity"]}, {"1dbf386d41f386ee749d1d9836a8e900": ["5", "com.keepassdroid.settings.AppSettingsActivity"]}, {"1dbf386d41f386ee749d1d9836a8e900": ["5", "com.keepassdroid.settings.AppSettingsActivity"]}, {"1dbf386d41f386ee749d1d9836a8e900": ["5", "com.keepassdroid.settings.AppSettingsActivity"]}, {"e21d80ae128c42acca8ef251519555f9": ["6", "com.keepassdroid.settings.AppSettingsActivity"]}, {"1dbf386d41f386ee749d1d9836a8e900": ["5", "com.keepassdroid.settings.AppSettingsActivity"]}, {"e21d80ae128c42acca8ef251519555f9": ["6", "com.keepassdroid.settings.AppSettingsActivity"]}, {"1dbf386d41f386ee749d1d9836a8e900": ["5", "com.keepassdroid.settings.AppSettingsActivity"]}, {"1dbf386d41f386ee749d1d9836a8e900": ["5", "com.keepassdroid.settings.AppSettingsActivity"]}, {"1dbf386d41f386ee749d1d9836a8e900": ["5", "com.keepassdroid.settings.AppSettingsActivity"]}, {"7c170bbf72294a043a98b4dd789a834d": ["7", "com.keepassdroid.settings.AppSettingsActivity"]}, {"1dbf386d41f386ee749d1d9836a8e900": ["5", "com.keepassdroid.settings.AppSettingsActivity"]}, {"7c170bbf72294a043a98b4dd789a834d": ["7", "com.keepassdroid.settings.AppSettingsActivity"]}, {"1dbf386d41f386ee749d1d9836a8e900": ["5", "com.keepassdroid.settings.AppSettingsActivity"]}, {"1dbf386d41f386ee749d1d9836a8e900": ["5", "com.keepassdroid.settings.AppSettingsActivity"]}, {"1dbf386d41f386ee749d1d9836a8e900": ["5", "com.keepassdroid.settings.AppSettingsActivity"]}, {"e21d80ae128c42acca8ef251519555f9": ["6", "com.keepassdroid.settings.AppSettingsActivity"]}, {"1dbf386d41f386ee749d1d9836a8e900": ["5", "com.keepassdroid.settings.AppSettingsActivity"]}, {"1dbf386d41f386ee749d1d9836a8e900": ["5", "com.keepassdroid.settings.AppSettingsActivity"]}, {"e21d80ae128c42acca8ef251519555f9": ["6", "com.keepassdroid.settings.AppSettingsActivity"]}, {"1dbf386d41f386ee749d1d9836a8e900": ["5", "com.keepassdroid.settings.AppSettingsActivity"]}, {"1dbf386d41f386ee749d1d9836a8e900": ["5", "com.keepassdroid.settings.AppSettingsActivity"]}, {"1dbf386d41f386ee749d1d9836a8e900": ["5", "com.keepassdroid.settings.AppSettingsActivity"]}, {"1dbf386d41f386ee749d1d9836a8e900": ["5", "com.keepassdroid.settings.AppSettingsActivity"]}, {"1dbf386d41f386ee749d1d9836a8e900": ["5", "com.keepassdroid.settings.AppSettingsActivity"]}, {"1dbf386d41f386ee749d1d9836a8e900": ["5", "com.keepassdroid.settings.AppSettingsActivity"]}, {"1dbf386d41f386ee749d1d9836a8e900": ["5", "com.keepassdroid.settings.AppSettingsActivity"]}, {"1dbf386d41f386ee749d1d9836a8e900": ["5", "com.keepassdroid.settings.AppSettingsActivity"]}, {"e21d80ae128c42acca8ef251519555f9": ["6", "com.keepassdroid.settings.AppSettingsActivity"]}, {"1dbf386d41f386ee749d1d9836a8e900": ["5", "com.keepassdroid.settings.AppSettingsActivity"]}, {"1dbf386d41f386ee749d1d9836a8e900": ["5", "com.keepassdroid.settings.AppSettingsActivity"]}, {"1dbf386d41f386ee749d1d9836a8e900": ["5", "com.keepassdroid.settings.AppSettingsActivity"]}, {"1dbf386d41f386ee749d1d9836a8e900": ["5", "com.keepassdroid.settings.AppSettingsActivity"]}, {"1dbf386d41f386ee749d1d9836a8e900": ["5", "com.keepassdroid.settings.AppSettingsActivity"]}, {"1dbf386d41f386ee749d1d9836a8e900": ["5", "com.keepassdroid.settings.AppSettingsActivity"]}, {"e21d80ae128c42acca8ef251519555f9": ["6", "com.keepassdroid.settings.AppSettingsActivity"]}, {"1dbf386d41f386ee749d1d9836a8e900": ["5", "com.keepassdroid.settings.AppSettingsActivity"]}, {"1dbf386d41f386ee749d1d9836a8e900": ["5", "com.keepassdroid.settings.AppSettingsActivity"]}, {"1dbf386d41f386ee749d1d9836a8e900": ["5", "com.keepassdroid.settings.AppSettingsActivity"]}, {"1dbf386d41f386ee749d1d9836a8e900": ["5", "com.keepassdroid.settings.AppSettingsActivity"]}, {"1dbf386d41f386ee749d1d9836a8e900": ["5", "com.keepassdroid.settings.AppSettingsActivity"]}, {"1dbf386d41f386ee749d1d9836a8e900": ["5", "com.keepassdroid.settings.AppSettingsActivity"]}, {"1dbf386d41f386ee749d1d9836a8e900": ["5", "com.keepassdroid.settings.AppSettingsActivity"]}, {"1dbf386d41f386ee749d1d9836a8e900": ["5", "com.keepassdroid.settings.AppSettingsActivity"]}, {"e21d80ae128c42acca8ef251519555f9": ["6", "com.keepassdroid.settings.AppSettingsActivity"]}, {"1dbf386d41f386ee749d1d9836a8e900": ["5", "com.keepassdroid.settings.AppSettingsActivity"]}, {"1dbf386d41f386ee749d1d9836a8e900": ["5", "com.keepassdroid.settings.AppSettingsActivity"]}, {"e21d80ae128c42acca8ef251519555f9": ["6", "com.keepassdroid.settings.AppSettingsActivity"]}, {"1dbf386d41f386ee749d1d9836a8e900": ["5", "com.keepassdroid.settings.AppSettingsActivity"]}, {"e21d80ae128c42acca8ef251519555f9": ["6", "com.keepassdroid.settings.AppSettingsActivity"]}, {"1dbf386d41f386ee749d1d9836a8e900": ["5", "com.keepassdroid.settings.AppSettingsActivity"]}, {"1dbf386d41f386ee749d1d9836a8e900": ["5", "com.keepassdroid.settings.AppSettingsActivity"]}, {"1dbf386d41f386ee749d1d9836a8e900": ["5", "com.keepassdroid.settings.AppSettingsActivity"]}, {"1dbf386d41f386ee749d1d9836a8e900": ["5", "com.keepassdroid.settings.AppSettingsActivity"]}, {"1dbf386d41f386ee749d1d9836a8e900": ["5", "com.keepassdroid.settings.AppSettingsActivity"]}, {"1dbf386d41f386ee749d1d9836a8e900": ["5", "com.keepassdroid.settings.AppSettingsActivity"]}, {"1dbf386d41f386ee749d1d9836a8e900": ["5", "com.keepassdroid.settings.AppSettingsActivity"]}, {"1dbf386d41f386ee749d1d9836a8e900": ["5", "com.keepassdroid.settings.AppSettingsActivity"]}, {"7c170bbf72294a043a98b4dd789a834d": ["7", "com.keepassdroid.settings.AppSettingsActivity"]}, {"1dbf386d41f386ee749d1d9836a8e900": ["5", "com.keepassdroid.settings.AppSettingsActivity"]}, {"7c170bbf72294a043a98b4dd789a834d": ["7", "com.keepassdroid.settings.AppSettingsActivity"]}, {"1dbf386d41f386ee749d1d9836a8e900": ["5", "com.keepassdroid.settings.AppSettingsActivity"]}, {"7c170bbf72294a043a98b4dd789a834d": ["7", "com.keepassdroid.settings.AppSettingsActivity"]}, {"1dbf386d41f386ee749d1d9836a8e900": ["5", "com.keepassdroid.settings.AppSettingsActivity"]}, {"1dbf386d41f386ee749d1d9836a8e900": ["5", "com.keepassdroid.settings.AppSettingsActivity"]}, {"1dbf386d41f386ee749d1d9836a8e900": ["5", "com.keepassdroid.settings.AppSettingsActivity"]}, {"7c170bbf72294a043a98b4dd789a834d": ["7", "com.keepassdroid.settings.AppSettingsActivity"]}, {"1dbf386d41f386ee749d1d9836a8e900": ["5", "com.keepassdroid.settings.AppSettingsActivity"]}, {"1dbf386d41f386ee749d1d9836a8e900": ["5", "com.keepassdroid.settings.AppSettingsActivity"]}, {"7c170bbf72294a043a98b4dd789a834d": ["7", "com.keepassdroid.settings.AppSettingsActivity"]}, {"1dbf386d41f386ee749d1d9836a8e900": ["5", "com.keepassdroid.settings.AppSettingsActivity"]}, {"1dbf386d41f386ee749d1d9836a8e900": ["5", "com.keepassdroid.settings.AppSettingsActivity"]}, {"e21d80ae128c42acca8ef251519555f9": ["6", "com.keepassdroid.settings.AppSettingsActivity"]}, {"1dbf386d41f386ee749d1d9836a8e900": ["5", "com.keepassdroid.settings.AppSettingsActivity"]}, {"7c170bbf72294a043a98b4dd789a834d": ["7", "com.keepassdroid.settings.AppSettingsActivity"]}, {"fbb799e2d89fd4f6e3e3022c1ca58964": ["0", "com.keepassdroid.fileselect.FileSelectActivity"]}, {"12f89479c6f04dddaa7a65c1d4b82665": ["8", "com.keepassdroid.fileselect.FileSelectActivity"]}, {"fbb799e2d89fd4f6e3e3022c1ca58964": ["0", "com.keepassdroid.fileselect.FileSelectActivity"]}, {"12f89479c6f04dddaa7a65c1d4b82665": ["8", "com.keepassdroid.fileselect.FileSelectActivity"]}, {"fbb799e2d89fd4f6e3e3022c1ca58964": ["0", "com.keepassdroid.fileselect.FileSelectActivity"]}, {"12f89479c6f04dddaa7a65c1d4b82665": ["8", "com.keepassdroid.fileselect.FileSelectActivity"]}, {"fbb799e2d89fd4f6e3e3022c1ca58964": ["0", "com.keepassdroid.fileselect.FileSelectActivity"]}, {"8e9a1baa4acd0107110dcceeba97014b": ["2", "com.keepassdroid.fileselect.FileSelectActivity"]}, {"fbb799e2d89fd4f6e3e3022c1ca58964": ["0", "com.keepassdroid.fileselect.FileSelectActivity"]}, {"8e9a1baa4acd0107110dcceeba97014b": ["2", "com.keepassdroid.fileselect.FileSelectActivity"]}, {"8e9a1baa4acd0107110dcceeba97014b": ["2", "com.keepassdroid.fileselect.FileSelectActivity"]}, {"fbb799e2d89fd4f6e3e3022c1ca58964": ["0", "com.keepassdroid.fileselect.FileSelectActivity"]}, {"8e9a1baa4acd0107110dcceeba97014b": ["2", "com.keepassdroid.fileselect.FileSelectActivity"]}, {"8e9a1baa4acd0107110dcceeba97014b": ["2", "com.keepassdroid.fileselect.FileSelectActivity"]}, {"fbb799e2d89fd4f6e3e3022c1ca58964": ["0", "com.keepassdroid.fileselect.FileSelectActivity"]}, {"8e9a1baa4acd0107110dcceeba97014b": ["2", "com.keepassdroid.fileselect.FileSelectActivity"]}, {"8e9a1baa4acd0107110dcceeba97014b": ["2", "com.keepassdroid.fileselect.FileSelectActivity"]}, {"fbb799e2d89fd4f6e3e3022c1ca58964": ["0", "com.keepassdroid.fileselect.FileSelectActivity"]}, {"8e9a1baa4acd0107110dcceeba97014b": ["2", "com.keepassdroid.fileselect.FileSelectActivity"]}, {"8e9a1baa4acd0107110dcceeba97014b": ["2", "com.keepassdroid.fileselect.FileSelectActivity"]}, {"fbb799e2d89fd4f6e3e3022c1ca58964": ["0", "com.keepassdroid.fileselect.FileSelectActivity"]}, {"8e9a1baa4acd0107110dcceeba97014b": ["2", "com.keepassdroid.fileselect.FileSelectActivity"]}, {"8e9a1baa4acd0107110dcceeba97014b": ["2", "com.keepassdroid.fileselect.FileSelectActivity"]}, {"fbb799e2d89fd4f6e3e3022c1ca58964": ["0", "com.keepassdroid.fileselect.FileSelectActivity"]}, {"8e9a1baa4acd0107110dcceeba97014b": ["2", "com.keepassdroid.fileselect.FileSelectActivity"]}, {"8e9a1baa4acd0107110dcceeba97014b": ["2", "com.keepassdroid.fileselect.FileSelectActivity"]}, {"fbb799e2d89fd4f6e3e3022c1ca58964": ["0", "com.keepassdroid.fileselect.FileSelectActivity"]}, {"8e9a1baa4acd0107110dcceeba97014b": ["2", "com.keepassdroid.fileselect.FileSelectActivity"]}, {"8e9a1baa4acd0107110dcceeba97014b": ["2", "com.keepassdroid.fileselect.FileSelectActivity"]}, {"fbb799e2d89fd4f6e3e3022c1ca58964": ["0", "com.keepassdroid.fileselect.FileSelectActivity"]}, {"8e9a1baa4acd0107110dcceeba97014b": ["2", "com.keepassdroid.fileselect.FileSelectActivity"]}, {"8e9a1baa4acd0107110dcceeba97014b": ["2", "com.keepassdroid.fileselect.FileSelectActivity"]}, {"fbb799e2d89fd4f6e3e3022c1ca58964": ["0", "com.keepassdroid.fileselect.FileSelectActivity"]}, {"8e9a1baa4acd0107110dcceeba97014b": ["2", "com.keepassdroid.fileselect.FileSelectActivity"]}, {"fbb799e2d89fd4f6e3e3022c1ca58964": ["0", "com.keepassdroid.fileselect.FileSelectActivity"]}, {"8e9a1baa4acd0107110dcceeba97014b": ["2", "com.keepassdroid.fileselect.FileSelectActivity"]}, {"fbb799e2d89fd4f6e3e3022c1ca58964": ["0", "com.keepassdroid.fileselect.FileSelectActivity"]}, {"8e9a1baa4acd0107110dcceeba97014b": ["2", "com.keepassdroid.fileselect.FileSelectActivity"]}, {"8e9a1baa4acd0107110dcceeba97014b": ["2", "com.keepassdroid.fileselect.FileSelectActivity"]}, {"fbb799e2d89fd4f6e3e3022c1ca58964": ["0", "com.keepassdroid.fileselect.FileSelectActivity"]}, {"8e9a1baa4acd0107110dcceeba97014b": ["2", "com.keepassdroid.fileselect.FileSelectActivity"]}, {"8e9a1baa4acd0107110dcceeba97014b": ["2", "com.keepassdroid.fileselect.FileSelectActivity"]}, {"fbb799e2d89fd4f6e3e3022c1ca58964": ["0", "com.keepassdroid.fileselect.FileSelectActivity"]}, {"8e9a1baa4acd0107110dcceeba97014b": ["2", "com.keepassdroid.fileselect.FileSelectActivity"]}, {"8e9a1baa4acd0107110dcceeba97014b": ["2", "com.keepassdroid.fileselect.FileSelectActivity"]}, {"fbb799e2d89fd4f6e3e3022c1ca58964": ["0", "com.keepassdroid.fileselect.FileSelectActivity"]}, {"8e9a1baa4acd0107110dcceeba97014b": ["2", "com.keepassdroid.fileselect.FileSelectActivity"]}, {"8e9a1baa4acd0107110dcceeba97014b": ["2", "com.keepassdroid.fileselect.FileSelectActivity"]}, {"fbb799e2d89fd4f6e3e3022c1ca58964": ["0", "com.keepassdroid.fileselect.FileSelectActivity"]}, {"8e9a1baa4acd0107110dcceeba97014b": ["2", "com.keepassdroid.fileselect.FileSelectActivity"]}, {"8e9a1baa4acd0107110dcceeba97014b": ["2", "com.keepassdroid.fileselect.FileSelectActivity"]}, {"fbb799e2d89fd4f6e3e3022c1ca58964": ["0", "com.keepassdroid.fileselect.FileSelectActivity"]}, {"8e9a1baa4acd0107110dcceeba97014b": ["2", "com.keepassdroid.fileselect.FileSelectActivity"]}, {"fbb799e2d89fd4f6e3e3022c1ca58964": ["0", "com.keepassdroid.fileselect.FileSelectActivity"]}, {"8e9a1baa4acd0107110dcceeba97014b": ["2", "com.keepassdroid.fileselect.FileSelectActivity"]}, {"fbb799e2d89fd4f6e3e3022c1ca58964": ["0", "com.keepassdroid.fileselect.FileSelectActivity"]}, {"8e9a1baa4acd0107110dcceeba97014b": ["2", "com.keepassdroid.fileselect.FileSelectActivity"]}, {"fbb799e2d89fd4f6e3e3022c1ca58964": ["0", "com.keepassdroid.fileselect.FileSelectActivity"]}, {"8e9a1baa4acd0107110dcceeba97014b": ["2", "com.keepassdroid.fileselect.FileSelectActivity"]}, {"fbb799e2d89fd4f6e3e3022c1ca58964": ["0", "com.keepassdroid.fileselect.FileSelectActivity"]}, {"8e9a1baa4acd0107110dcceeba97014b": ["2", "com.keepassdroid.fileselect.FileSelectActivity"]}, {"fbb799e2d89fd4f6e3e3022c1ca58964": ["0", "com.keepassdroid.fileselect.FileSelectActivity"]}, {"8e9a1baa4acd0107110dcceeba97014b": ["2", "com.keepassdroid.fileselect.FileSelectActivity"]}, {"fbb799e2d89fd4f6e3e3022c1ca58964": ["0", "com.keepassdroid.fileselect.FileSelectActivity"]}, {"8e9a1baa4acd0107110dcceeba97014b": ["2", "com.keepassdroid.fileselect.FileSelectActivity"]}, {"8e9a1baa4acd0107110dcceeba97014b": ["2", "com.keepassdroid.fileselect.FileSelectActivity"]}, {"fbb799e2d89fd4f6e3e3022c1ca58964": ["0", "com.keepassdroid.fileselect.FileSelectActivity"]}, {"8e9a1baa4acd0107110dcceeba97014b": ["2", "com.keepassdroid.fileselect.FileSelectActivity"]}, {"8e9a1baa4acd0107110dcceeba97014b": ["2", "com.keepassdroid.fileselect.FileSelectActivity"]}, {"fbb799e2d89fd4f6e3e3022c1ca58964": ["0", "com.keepassdroid.fileselect.FileSelectActivity"]}, {"8e9a1baa4acd0107110dcceeba97014b": ["2", "com.keepassdroid.fileselect.FileSelectActivity"]}, {"8e9a1baa4acd0107110dcceeba97014b": ["2", "com.keepassdroid.fileselect.FileSelectActivity"]}, {"fbb799e2d89fd4f6e3e3022c1ca58964": ["0", "com.keepassdroid.fileselect.FileSelectActivity"]}, {"8e9a1baa4acd0107110dcceeba97014b": ["2", "com.keepassdroid.fileselect.FileSelectActivity"]}, {"fbb799e2d89fd4f6e3e3022c1ca58964": ["0", "com.keepassdroid.fileselect.FileSelectActivity"]}, {"8e9a1baa4acd0107110dcceeba97014b": ["2", "com.keepassdroid.fileselect.FileSelectActivity"]}, {"fbb799e2d89fd4f6e3e3022c1ca58964": ["0", "com.keepassdroid.fileselect.FileSelectActivity"]}, {"8e9a1baa4acd0107110dcceeba97014b": ["2", "com.keepassdroid.fileselect.FileSelectActivity"]}, {"8e9a1baa4acd0107110dcceeba97014b": ["2", "com.keepassdroid.fileselect.FileSelectActivity"]}, {"fbb799e2d89fd4f6e3e3022c1ca58964": ["0", "com.keepassdroid.fileselect.FileSelectActivity"]}, {"8e9a1baa4acd0107110dcceeba97014b": ["2", "com.keepassdroid.fileselect.FileSelectActivity"]}, {"fbb799e2d89fd4f6e3e3022c1ca58964": ["0", "com.keepassdroid.fileselect.FileSelectActivity"]}, {"8e9a1baa4acd0107110dcceeba97014b": ["2", "com.keepassdroid.fileselect.FileSelectActivity"]}, {"fbb799e2d89fd4f6e3e3022c1ca58964": ["0", "com.keepassdroid.fileselect.FileSelectActivity"]}, {"8e9a1baa4acd0107110dcceeba97014b": ["2", "com.keepassdroid.fileselect.FileSelectActivity"]}, {"8e9a1baa4acd0107110dcceeba97014b": ["2", "com.keepassdroid.fileselect.FileSelectActivity"]}, {"fbb799e2d89fd4f6e3e3022c1ca58964": ["0", "com.keepassdroid.fileselect.FileSelectActivity"]}, {"8e9a1baa4acd0107110dcceeba97014b": ["2", "com.keepassdroid.fileselect.FileSelectActivity"]}, {"8e9a1baa4acd0107110dcceeba97014b": ["2", "com.keepassdroid.fileselect.FileSelectActivity"]}, {"fbb799e2d89fd4f6e3e3022c1ca58964": ["0", "com.keepassdroid.fileselect.FileSelectActivity"]}, {"8e9a1baa4acd0107110dcceeba97014b": ["2", "com.keepassdroid.fileselect.FileSelectActivity"]}, {"8e9a1baa4acd0107110dcceeba97014b": ["2", "com.keepassdroid.fileselect.FileSelectActivity"]}, {"fbb799e2d89fd4f6e3e3022c1ca58964": ["0", "com.keepassdroid.fileselect.FileSelectActivity"]}, {"8e9a1baa4acd0107110dcceeba97014b": ["2", "com.keepassdroid.fileselect.FileSelectActivity"]}, {"8e9a1baa4acd0107110dcceeba97014b": ["2", "com.keepassdroid.fileselect.FileSelectActivity"]}, {"fbb799e2d89fd4f6e3e3022c1ca58964": ["0", "com.keepassdroid.fileselect.FileSelectActivity"]}, {"8e9a1baa4acd0107110dcceeba97014b": ["2", "com.keepassdroid.fileselect.FileSelectActivity"]}, {"8e9a1baa4acd0107110dcceeba97014b": ["2", "com.keepassdroid.fileselect.FileSelectActivity"]}, {"fbb799e2d89fd4f6e3e3022c1ca58964": ["0", "com.keepassdroid.fileselect.FileSelectActivity"]}, {"8e9a1baa4acd0107110dcceeba97014b": ["2", "com.keepassdroid.fileselect.FileSelectActivity"]}, {"fbb799e2d89fd4f6e3e3022c1ca58964": ["0", "com.keepassdroid.fileselect.FileSelectActivity"]}, {"8e9a1baa4acd0107110dcceeba97014b": ["2", "com.keepassdroid.fileselect.FileSelectActivity"]}, {"fbb799e2d89fd4f6e3e3022c1ca58964": ["0", "com.keepassdroid.fileselect.FileSelectActivity"]}, {"8e9a1baa4acd0107110dcceeba97014b": ["2", "com.keepassdroid.fileselect.FileSelectActivity"]}, {"fbb799e2d89fd4f6e3e3022c1ca58964": ["0", "com.keepassdroid.fileselect.FileSelectActivity"]}, {"8e9a1baa4acd0107110dcceeba97014b": ["2", "com.keepassdroid.fileselect.FileSelectActivity"]}, {"fbb799e2d89fd4f6e3e3022c1ca58964": ["0", "com.keepassdroid.fileselect.FileSelectActivity"]}, {"8e9a1baa4acd0107110dcceeba97014b": ["2", "com.keepassdroid.fileselect.FileSelectActivity"]}, {"8e9a1baa4acd0107110dcceeba97014b": ["2", "com.keepassdroid.fileselect.FileSelectActivity"]}, {"fbb799e2d89fd4f6e3e3022c1ca58964": ["0", "com.keepassdroid.fileselect.FileSelectActivity"]}, {"8e9a1baa4acd0107110dcceeba97014b": ["2", "com.keepassdroid.fileselect.FileSelectActivity"]}, {"8e9a1baa4acd0107110dcceeba97014b": ["2", "com.keepassdroid.fileselect.FileSelectActivity"]}, {"fbb799e2d89fd4f6e3e3022c1ca58964": ["0", "com.keepassdroid.fileselect.FileSelectActivity"]}, {"8e9a1baa4acd0107110dcceeba97014b": ["2", "com.keepassdroid.fileselect.FileSelectActivity"]}, {"8e9a1baa4acd0107110dcceeba97014b": ["2", "com.keepassdroid.fileselect.FileSelectActivity"]}, {"fbb799e2d89fd4f6e3e3022c1ca58964": ["0", "com.keepassdroid.fileselect.FileSelectActivity"]}, {"8e9a1baa4acd0107110dcceeba97014b": ["2", "com.keepassdroid.fileselect.FileSelectActivity"]}, {"fbb799e2d89fd4f6e3e3022c1ca58964": ["0", "com.keepassdroid.fileselect.FileSelectActivity"]}, {"8e9a1baa4acd0107110dcceeba97014b": ["2", "com.keepassdroid.fileselect.FileSelectActivity"]}, {"fbb799e2d89fd4f6e3e3022c1ca58964": ["0", "com.keepassdroid.fileselect.FileSelectActivity"]}, {"8e9a1baa4acd0107110dcceeba97014b": ["2", "com.keepassdroid.fileselect.FileSelectActivity"]}, {"8e9a1baa4acd0107110dcceeba97014b": ["2", "com.keepassdroid.fileselect.FileSelectActivity"]}, {"fbb799e2d89fd4f6e3e3022c1ca58964": ["0", "com.keepassdroid.fileselect.FileSelectActivity"]}, {"8e9a1baa4acd0107110dcceeba97014b": ["2", "com.keepassdroid.fileselect.FileSelectActivity"]}, {"fbb799e2d89fd4f6e3e3022c1ca58964": ["0", "com.keepassdroid.fileselect.FileSelectActivity"]}, {"8e9a1baa4acd0107110dcceeba97014b": ["2", "com.keepassdroid.fileselect.FileSelectActivity"]}, {"fbb799e2d89fd4f6e3e3022c1ca58964": ["0", "com.keepassdroid.fileselect.FileSelectActivity"]}, {"8e9a1baa4acd0107110dcceeba97014b": ["2", "com.keepassdroid.fileselect.FileSelectActivity"]}, {"8e9a1baa4acd0107110dcceeba97014b": ["2", "com.keepassdroid.fileselect.FileSelectActivity"]}, {"fbb799e2d89fd4f6e3e3022c1ca58964": ["0", "com.keepassdroid.fileselect.FileSelectActivity"]}, {"8e9a1baa4acd0107110dcceeba97014b": ["2", "com.keepassdroid.fileselect.FileSelectActivity"]}, {"8e9a1baa4acd0107110dcceeba97014b": ["2", "com.keepassdroid.fileselect.FileSelectActivity"]}, {"fbb799e2d89fd4f6e3e3022c1ca58964": ["0", "com.keepassdroid.fileselect.FileSelectActivity"]}, {"8e9a1baa4acd0107110dcceeba97014b": ["2", "com.keepassdroid.fileselect.FileSelectActivity"]}, {"8e9a1baa4acd0107110dcceeba97014b": ["2", "com.keepassdroid.fileselect.FileSelectActivity"]}, {"fbb799e2d89fd4f6e3e3022c1ca58964": ["0", "com.keepassdroid.fileselect.FileSelectActivity"]}, {"8e9a1baa4acd0107110dcceeba97014b": ["2", "com.keepassdroid.fileselect.FileSelectActivity"]}, {"8e9a1baa4acd0107110dcceeba97014b": ["2", "com.keepassdroid.fileselect.FileSelectActivity"]}, {"fbb799e2d89fd4f6e3e3022c1ca58964": ["0", "com.keepassdroid.fileselect.FileSelectActivity"]}, {"8e9a1baa4acd0107110dcceeba97014b": ["2", "com.keepassdroid.fileselect.FileSelectActivity"]}, {"fbb799e2d89fd4f6e3e3022c1ca58964": ["0", "com.keepassdroid.fileselect.FileSelectActivity"]}, {"8e9a1baa4acd0107110dcceeba97014b": ["2", "com.keepassdroid.fileselect.FileSelectActivity"]}, {"fbb799e2d89fd4f6e3e3022c1ca58964": ["0", "com.keepassdroid.fileselect.FileSelectActivity"]}, {"8e9a1baa4acd0107110dcceeba97014b": ["2", "com.keepassdroid.fileselect.FileSelectActivity"]}, {"8e9a1baa4acd0107110dcceeba97014b": ["2", "com.keepassdroid.fileselect.FileSelectActivity"]}, {"fbb799e2d89fd4f6e3e3022c1ca58964": ["0", "com.keepassdroid.fileselect.FileSelectActivity"]}, {"8e9a1baa4acd0107110dcceeba97014b": ["2", "com.keepassdroid.fileselect.FileSelectActivity"]}, {"8e9a1baa4acd0107110dcceeba97014b": ["2", "com.keepassdroid.fileselect.FileSelectActivity"]}, {"fbb799e2d89fd4f6e3e3022c1ca58964": ["0", "com.keepassdroid.fileselect.FileSelectActivity"]}, {"8e9a1baa4acd0107110dcceeba97014b": ["2", "com.keepassdroid.fileselect.FileSelectActivity"]}, {"8e9a1baa4acd0107110dcceeba97014b": ["2", "com.keepassdroid.fileselect.FileSelectActivity"]}, {"fbb799e2d89fd4f6e3e3022c1ca58964": ["0", "com.keepassdroid.fileselect.FileSelectActivity"]}, {"8e9a1baa4acd0107110dcceeba97014b": ["2", "com.keepassdroid.fileselect.FileSelectActivity"]}, {"fbb799e2d89fd4f6e3e3022c1ca58964": ["0", "com.keepassdroid.fileselect.FileSelectActivity"]}, {"8e9a1baa4acd0107110dcceeba97014b": ["2", "com.keepassdroid.fileselect.FileSelectActivity"]}, {"fbb799e2d89fd4f6e3e3022c1ca58964": ["0", "com.keepassdroid.fileselect.FileSelectActivity"]}, {"8e9a1baa4acd0107110dcceeba97014b": ["2", "com.keepassdroid.fileselect.FileSelectActivity"]}, {"8e9a1baa4acd0107110dcceeba97014b": ["2", "com.keepassdroid.fileselect.FileSelectActivity"]}, {"fbb799e2d89fd4f6e3e3022c1ca58964": ["0", "com.keepassdroid.fileselect.FileSelectActivity"]}, {"8e9a1baa4acd0107110dcceeba97014b": ["2", "com.keepassdroid.fileselect.FileSelectActivity"]}, {"8e9a1baa4acd0107110dcceeba97014b": ["2", "com.keepassdroid.fileselect.FileSelectActivity"]}, {"fbb799e2d89fd4f6e3e3022c1ca58964": ["0", "com.keepassdroid.fileselect.FileSelectActivity"]}, {"8e9a1baa4acd0107110dcceeba97014b": ["2", "com.keepassdroid.fileselect.FileSelectActivity"]}, {"fbb799e2d89fd4f6e3e3022c1ca58964": ["0", "com.keepassdroid.fileselect.FileSelectActivity"]}, {"8e9a1baa4acd0107110dcceeba97014b": ["2", "com.keepassdroid.fileselect.FileSelectActivity"]}, {"fbb799e2d89fd4f6e3e3022c1ca58964": ["0", "com.keepassdroid.fileselect.FileSelectActivity"]}, {"8e9a1baa4acd0107110dcceeba97014b": ["2", "com.keepassdroid.fileselect.FileSelectActivity"]}, {"fbb799e2d89fd4f6e3e3022c1ca58964": ["0", "com.keepassdroid.fileselect.FileSelectActivity"]}, {"8e9a1baa4acd0107110dcceeba97014b": ["2", "com.keepassdroid.fileselect.FileSelectActivity"]}, {"fbb799e2d89fd4f6e3e3022c1ca58964": ["0", "com.keepassdroid.fileselect.FileSelectActivity"]}, {"8e9a1baa4acd0107110dcceeba97014b": ["2", "com.keepassdroid.fileselect.FileSelectActivity"]}, {"fbb799e2d89fd4f6e3e3022c1ca58964": ["0", "com.keepassdroid.fileselect.FileSelectActivity"]}, {"8e9a1baa4acd0107110dcceeba97014b": ["2", "com.keepassdroid.fileselect.FileSelectActivity"]}, {"fbb799e2d89fd4f6e3e3022c1ca58964": ["0", "com.keepassdroid.fileselect.FileSelectActivity"]}, {"8e9a1baa4acd0107110dcceeba97014b": ["2", "com.keepassdroid.fileselect.FileSelectActivity"]}, {"8e9a1baa4acd0107110dcceeba97014b": ["2", "com.keepassdroid.fileselect.FileSelectActivity"]}, {"fbb799e2d89fd4f6e3e3022c1ca58964": ["0", "com.keepassdroid.fileselect.FileSelectActivity"]}, {"8e9a1baa4acd0107110dcceeba97014b": ["2", "com.keepassdroid.fileselect.FileSelectActivity"]}, {"fbb799e2d89fd4f6e3e3022c1ca58964": ["0", "com.keepassdroid.fileselect.FileSelectActivity"]}, {"8e9a1baa4acd0107110dcceeba97014b": ["2", "com.keepassdroid.fileselect.FileSelectActivity"]}, {"fbb799e2d89fd4f6e3e3022c1ca58964": ["0", "com.keepassdroid.fileselect.FileSelectActivity"]}, {"8e9a1baa4acd0107110dcceeba97014b": ["2", "com.keepassdroid.fileselect.FileSelectActivity"]}, {"8e9a1baa4acd0107110dcceeba97014b": ["2", "com.keepassdroid.fileselect.FileSelectActivity"]}, {"fbb799e2d89fd4f6e3e3022c1ca58964": ["0", "com.keepassdroid.fileselect.FileSelectActivity"]}, {"8e9a1baa4acd0107110dcceeba97014b": ["2", "com.keepassdroid.fileselect.FileSelectActivity"]}, {"fbb799e2d89fd4f6e3e3022c1ca58964": ["0", "com.keepassdroid.fileselect.FileSelectActivity"]}, {"8e9a1baa4acd0107110dcceeba97014b": ["2", "com.keepassdroid.fileselect.FileSelectActivity"]}, {"fbb799e2d89fd4f6e3e3022c1ca58964": ["0", "com.keepassdroid.fileselect.FileSelectActivity"]}, {"8e9a1baa4acd0107110dcceeba97014b": ["2", "com.keepassdroid.fileselect.FileSelectActivity"]}, {"8e9a1baa4acd0107110dcceeba97014b": ["2", "com.keepassdroid.fileselect.FileSelectActivity"]}, {"fbb799e2d89fd4f6e3e3022c1ca58964": ["0", "com.keepassdroid.fileselect.FileSelectActivity"]}, {"8e9a1baa4acd0107110dcceeba97014b": ["2", "com.keepassdroid.fileselect.FileSelectActivity"]}, {"8e9a1baa4acd0107110dcceeba97014b": ["2", "com.keepassdroid.fileselect.FileSelectActivity"]}, {"fbb799e2d89fd4f6e3e3022c1ca58964": ["0", "com.keepassdroid.fileselect.FileSelectActivity"]}, {"8e9a1baa4acd0107110dcceeba97014b": ["2", "com.keepassdroid.fileselect.FileSelectActivity"]}, {"8e9a1baa4acd0107110dcceeba97014b": ["2", "com.keepassdroid.fileselect.FileSelectActivity"]}, {"fbb799e2d89fd4f6e3e3022c1ca58964": ["0", "com.keepassdroid.fileselect.FileSelectActivity"]}, {"8e9a1baa4acd0107110dcceeba97014b": ["2", "com.keepassdroid.fileselect.FileSelectActivity"]}, {"fbb799e2d89fd4f6e3e3022c1ca58964": ["0", "com.keepassdroid.fileselect.FileSelectActivity"]}, {"8e9a1baa4acd0107110dcceeba97014b": ["2", "com.keepassdroid.fileselect.FileSelectActivity"]}, {"fbb799e2d89fd4f6e3e3022c1ca58964": ["0", "com.keepassdroid.fileselect.FileSelectActivity"]}, {"8e9a1baa4acd0107110dcceeba97014b": ["2", "com.keepassdroid.fileselect.FileSelectActivity"]}, {"8e9a1baa4acd0107110dcceeba97014b": ["2", "com.keepassdroid.fileselect.FileSelectActivity"]}, {"fbb799e2d89fd4f6e3e3022c1ca58964": ["0", "com.keepassdroid.fileselect.FileSelectActivity"]}, {"8e9a1baa4acd0107110dcceeba97014b": ["2", "com.keepassdroid.fileselect.FileSelectActivity"]}, {"8e9a1baa4acd0107110dcceeba97014b": ["2", "com.keepassdroid.fileselect.FileSelectActivity"]}, {"fbb799e2d89fd4f6e3e3022c1ca58964": ["0", "com.keepassdroid.fileselect.FileSelectActivity"]}, {"8e9a1baa4acd0107110dcceeba97014b": ["2", "com.keepassdroid.fileselect.FileSelectActivity"]}, {"8e9a1baa4acd0107110dcceeba97014b": ["2", "com.keepassdroid.fileselect.FileSelectActivity"]}, {"fbb799e2d89fd4f6e3e3022c1ca58964": ["0", "com.keepassdroid.fileselect.FileSelectActivity"]}, {"8e9a1baa4acd0107110dcceeba97014b": ["2", "com.keepassdroid.fileselect.FileSelectActivity"]}, {"fbb799e2d89fd4f6e3e3022c1ca58964": ["0", "com.keepassdroid.fileselect.FileSelectActivity"]}, {"8e9a1baa4acd0107110dcceeba97014b": ["2", "com.keepassdroid.fileselect.FileSelectActivity"]}, {"fbb799e2d89fd4f6e3e3022c1ca58964": ["0", "com.keepassdroid.fileselect.FileSelectActivity"]}, {"8e9a1baa4acd0107110dcceeba97014b": ["2", "com.keepassdroid.fileselect.FileSelectActivity"]}, {"fbb799e2d89fd4f6e3e3022c1ca58964": ["0", "com.keepassdroid.fileselect.FileSelectActivity"]}, {"8e9a1baa4acd0107110dcceeba97014b": ["2", "com.keepassdroid.fileselect.FileSelectActivity"]}, {"fbb799e2d89fd4f6e3e3022c1ca58964": ["0", "com.keepassdroid.fileselect.FileSelectActivity"]}, {"8e9a1baa4acd0107110dcceeba97014b": ["2", "com.keepassdroid.fileselect.FileSelectActivity"]}, {"8e9a1baa4acd0107110dcceeba97014b": ["2", "com.keepassdroid.fileselect.FileSelectActivity"]}, {"fbb799e2d89fd4f6e3e3022c1ca58964": ["0", "com.keepassdroid.fileselect.FileSelectActivity"]}, {"8e9a1baa4acd0107110dcceeba97014b": ["2", "com.keepassdroid.fileselect.FileSelectActivity"]}, {"fbb799e2d89fd4f6e3e3022c1ca58964": ["0", "com.keepassdroid.fileselect.FileSelectActivity"]}, {"8e9a1baa4acd0107110dcceeba97014b": ["2", "com.keepassdroid.fileselect.FileSelectActivity"]}, {"fbb799e2d89fd4f6e3e3022c1ca58964": ["0", "com.keepassdroid.fileselect.FileSelectActivity"]}, {"8e9a1baa4acd0107110dcceeba97014b": ["2", "com.keepassdroid.fileselect.FileSelectActivity"]}, {"fbb799e2d89fd4f6e3e3022c1ca58964": ["0", "com.keepassdroid.fileselect.FileSelectActivity"]}, {"8e9a1baa4acd0107110dcceeba97014b": ["2", "com.keepassdroid.fileselect.FileSelectActivity"]}, {"fbb799e2d89fd4f6e3e3022c1ca58964": ["0", "com.keepassdroid.fileselect.FileSelectActivity"]}, {"8e9a1baa4acd0107110dcceeba97014b": ["2", "com.keepassdroid.fileselect.FileSelectActivity"]}, {"fbb799e2d89fd4f6e3e3022c1ca58964": ["0", "com.keepassdroid.fileselect.FileSelectActivity"]}, {"8e9a1baa4acd0107110dcceeba97014b": ["2", "com.keepassdroid.fileselect.FileSelectActivity"]}, {"fbb799e2d89fd4f6e3e3022c1ca58964": ["0", "com.keepassdroid.fileselect.FileSelectActivity"]}, {"8e9a1baa4acd0107110dcceeba97014b": ["2", "com.keepassdroid.fileselect.FileSelectActivity"]}, {"8e9a1baa4acd0107110dcceeba97014b": ["2", "com.keepassdroid.fileselect.FileSelectActivity"]}, {"fbb799e2d89fd4f6e3e3022c1ca58964": ["0", "com.keepassdroid.fileselect.FileSelectActivity"]}, {"8e9a1baa4acd0107110dcceeba97014b": ["2", "com.keepassdroid.fileselect.FileSelectActivity"]}, {"fbb799e2d89fd4f6e3e3022c1ca58964": ["0", "com.keepassdroid.fileselect.FileSelectActivity"]}, {"8e9a1baa4acd0107110dcceeba97014b": ["2", "com.keepassdroid.fileselect.FileSelectActivity"]}, {"fbb799e2d89fd4f6e3e3022c1ca58964": ["0", "com.keepassdroid.fileselect.FileSelectActivity"]}, {"8e9a1baa4acd0107110dcceeba97014b": ["2", "com.keepassdroid.fileselect.FileSelectActivity"]}, {"fbb799e2d89fd4f6e3e3022c1ca58964": ["0", "com.keepassdroid.fileselect.FileSelectActivity"]}, {"8e9a1baa4acd0107110dcceeba97014b": ["2", "com.keepassdroid.fileselect.FileSelectActivity"]}, {"fbb799e2d89fd4f6e3e3022c1ca58964": ["0", "com.keepassdroid.fileselect.FileSelectActivity"]}, {"8e9a1baa4acd0107110dcceeba97014b": ["2", "com.keepassdroid.fileselect.FileSelectActivity"]}, {"fbb799e2d89fd4f6e3e3022c1ca58964": ["0", "com.keepassdroid.fileselect.FileSelectActivity"]}, {"8e9a1baa4acd0107110dcceeba97014b": ["2", "com.keepassdroid.fileselect.FileSelectActivity"]}, {"fbb799e2d89fd4f6e3e3022c1ca58964": ["0", "com.keepassdroid.fileselect.FileSelectActivity"]}, {"8e9a1baa4acd0107110dcceeba97014b": ["2", "com.keepassdroid.fileselect.FileSelectActivity"]}, {"8e9a1baa4acd0107110dcceeba97014b": ["2", "com.keepassdroid.fileselect.FileSelectActivity"]}, {"fbb799e2d89fd4f6e3e3022c1ca58964": ["0", "com.keepassdroid.fileselect.FileSelectActivity"]}, {"8e9a1baa4acd0107110dcceeba97014b": ["2", "com.keepassdroid.fileselect.FileSelectActivity"]}, {"fbb799e2d89fd4f6e3e3022c1ca58964": ["0", "com.keepassdroid.fileselect.FileSelectActivity"]}, {"8e9a1baa4acd0107110dcceeba97014b": ["2", "com.keepassdroid.fileselect.FileSelectActivity"]}, {"fbb799e2d89fd4f6e3e3022c1ca58964": ["0", "com.keepassdroid.fileselect.FileSelectActivity"]}, {"8e9a1baa4acd0107110dcceeba97014b": ["2", "com.keepassdroid.fileselect.FileSelectActivity"]}, {"fbb799e2d89fd4f6e3e3022c1ca58964": ["0", "com.keepassdroid.fileselect.FileSelectActivity"]}, {"8e9a1baa4acd0107110dcceeba97014b": ["2", "com.keepassdroid.fileselect.FileSelectActivity"]}, {"fbb799e2d89fd4f6e3e3022c1ca58964": ["0", "com.keepassdroid.fileselect.FileSelectActivity"]}, {"8e9a1baa4acd0107110dcceeba97014b": ["2", "com.keepassdroid.fileselect.FileSelectActivity"]}, {"8e9a1baa4acd0107110dcceeba97014b": ["2", "com.keepassdroid.fileselect.FileSelectActivity"]}, {"fbb799e2d89fd4f6e3e3022c1ca58964": ["0", "com.keepassdroid.fileselect.FileSelectActivity"]}, {"8e9a1baa4acd0107110dcceeba97014b": ["2", "com.keepassdroid.fileselect.FileSelectActivity"]}, {"fbb799e2d89fd4f6e3e3022c1ca58964": ["0", "com.keepassdroid.fileselect.FileSelectActivity"]}, {"8e9a1baa4acd0107110dcceeba97014b": ["2", "com.keepassdroid.fileselect.FileSelectActivity"]}, {"fbb799e2d89fd4f6e3e3022c1ca58964": ["0", "com.keepassdroid.fileselect.FileSelectActivity"]}, {"8e9a1baa4acd0107110dcceeba97014b": ["2", "com.keepassdroid.fileselect.FileSelectActivity"]}, {"8e9a1baa4acd0107110dcceeba97014b": ["2", "com.keepassdroid.fileselect.FileSelectActivity"]}, {"fbb799e2d89fd4f6e3e3022c1ca58964": ["0", "com.keepassdroid.fileselect.FileSelectActivity"]}, {"8e9a1baa4acd0107110dcceeba97014b": ["2", "com.keepassdroid.fileselect.FileSelectActivity"]}, {"8e9a1baa4acd0107110dcceeba97014b": ["2", "com.keepassdroid.fileselect.FileSelectActivity"]}, {"fbb799e2d89fd4f6e3e3022c1ca58964": ["0", "com.keepassdroid.fileselect.FileSelectActivity"]}, {"8e9a1baa4acd0107110dcceeba97014b": ["2", "com.keepassdroid.fileselect.FileSelectActivity"]}, {"8e9a1baa4acd0107110dcceeba97014b": ["2", "com.keepassdroid.fileselect.FileSelectActivity"]}, {"fbb799e2d89fd4f6e3e3022c1ca58964": ["0", "com.keepassdroid.fileselect.FileSelectActivity"]}, {"8e9a1baa4acd0107110dcceeba97014b": ["2", "com.keepassdroid.fileselect.FileSelectActivity"]}, {"8e9a1baa4acd0107110dcceeba97014b": ["2", "com.keepassdroid.fileselect.FileSelectActivity"]}, {"fbb799e2d89fd4f6e3e3022c1ca58964": ["0", "com.keepassdroid.fileselect.FileSelectActivity"]}, {"8e9a1baa4acd0107110dcceeba97014b": ["2", "com.keepassdroid.fileselect.FileSelectActivity"]}, {"fbb799e2d89fd4f6e3e3022c1ca58964": ["0", "com.keepassdroid.fileselect.FileSelectActivity"]}, {"8e9a1baa4acd0107110dcceeba97014b": ["2", "com.keepassdroid.fileselect.FileSelectActivity"]}, {"fbb799e2d89fd4f6e3e3022c1ca58964": ["0", "com.keepassdroid.fileselect.FileSelectActivity"]}, {"8e9a1baa4acd0107110dcceeba97014b": ["2", "com.keepassdroid.fileselect.FileSelectActivity"]}, {"fbb799e2d89fd4f6e3e3022c1ca58964": ["0", "com.keepassdroid.fileselect.FileSelectActivity"]}, {"8e9a1baa4acd0107110dcceeba97014b": ["2", "com.keepassdroid.fileselect.FileSelectActivity"]}, {"fbb799e2d89fd4f6e3e3022c1ca58964": ["0", "com.keepassdroid.fileselect.FileSelectActivity"]}, {"8e9a1baa4acd0107110dcceeba97014b": ["2", "com.keepassdroid.fileselect.FileSelectActivity"]}, {"8e9a1baa4acd0107110dcceeba97014b": ["2", "com.keepassdroid.fileselect.FileSelectActivity"]}, {"fbb799e2d89fd4f6e3e3022c1ca58964": ["0", "com.keepassdroid.fileselect.FileSelectActivity"]}, {"8e9a1baa4acd0107110dcceeba97014b": ["2", "com.keepassdroid.fileselect.FileSelectActivity"]}, {"8e9a1baa4acd0107110dcceeba97014b": ["2", "com.keepassdroid.fileselect.FileSelectActivity"]}, {"fbb799e2d89fd4f6e3e3022c1ca58964": ["0", "com.keepassdroid.fileselect.FileSelectActivity"]}, {"8e9a1baa4acd0107110dcceeba97014b": ["2", "com.keepassdroid.fileselect.FileSelectActivity"]}, {"8e9a1baa4acd0107110dcceeba97014b": ["2", "com.keepassdroid.fileselect.FileSelectActivity"]}, {"fbb799e2d89fd4f6e3e3022c1ca58964": ["0", "com.keepassdroid.fileselect.FileSelectActivity"]}, {"8e9a1baa4acd0107110dcceeba97014b": ["2", "com.keepassdroid.fileselect.FileSelectActivity"]}, {"fbb799e2d89fd4f6e3e3022c1ca58964": ["0", "com.keepassdroid.fileselect.FileSelectActivity"]}, {"8e9a1baa4acd0107110dcceeba97014b": ["2", "com.keepassdroid.fileselect.FileSelectActivity"]}, {"fbb799e2d89fd4f6e3e3022c1ca58964": ["0", "com.keepassdroid.fileselect.FileSelectActivity"]}, {"8e9a1baa4acd0107110dcceeba97014b": ["2", "com.keepassdroid.fileselect.FileSelectActivity"]}, {"8e9a1baa4acd0107110dcceeba97014b": ["2", "com.keepassdroid.fileselect.FileSelectActivity"]}, {"fbb799e2d89fd4f6e3e3022c1ca58964": ["0", "com.keepassdroid.fileselect.FileSelectActivity"]}, {"8e9a1baa4acd0107110dcceeba97014b": ["2", "com.keepassdroid.fileselect.FileSelectActivity"]}, {"8e9a1baa4acd0107110dcceeba97014b": ["2", "com.keepassdroid.fileselect.FileSelectActivity"]}, {"fbb799e2d89fd4f6e3e3022c1ca58964": ["0", "com.keepassdroid.fileselect.FileSelectActivity"]}, {"8e9a1baa4acd0107110dcceeba97014b": ["2", "com.keepassdroid.fileselect.FileSelectActivity"]}, {"8e9a1baa4acd0107110dcceeba97014b": ["2", "com.keepassdroid.fileselect.FileSelectActivity"]}, {"fbb799e2d89fd4f6e3e3022c1ca58964": ["0", "com.keepassdroid.fileselect.FileSelectActivity"]}, {"8e9a1baa4acd0107110dcceeba97014b": ["2", "com.keepassdroid.fileselect.FileSelectActivity"]}, {"8e9a1baa4acd0107110dcceeba97014b": ["2", "com.keepassdroid.fileselect.FileSelectActivity"]}, {"fbb799e2d89fd4f6e3e3022c1ca58964": ["0", "com.keepassdroid.fileselect.FileSelectActivity"]}, {"8e9a1baa4acd0107110dcceeba97014b": ["2", "com.keepassdroid.fileselect.FileSelectActivity"]}, {"8e9a1baa4acd0107110dcceeba97014b": ["2", "com.keepassdroid.fileselect.FileSelectActivity"]}, {"fbb799e2d89fd4f6e3e3022c1ca58964": ["0", "com.keepassdroid.fileselect.FileSelectActivity"]}, {"8e9a1baa4acd0107110dcceeba97014b": ["2", "com.keepassdroid.fileselect.FileSelectActivity"]}, {"8e9a1baa4acd0107110dcceeba97014b": ["2", "com.keepassdroid.fileselect.FileSelectActivity"]}, {"fbb799e2d89fd4f6e3e3022c1ca58964": ["0", "com.keepassdroid.fileselect.FileSelectActivity"]}, {"8e9a1baa4acd0107110dcceeba97014b": ["2", "com.keepassdroid.fileselect.FileSelectActivity"]}, {"8e9a1baa4acd0107110dcceeba97014b": ["2", "com.keepassdroid.fileselect.FileSelectActivity"]}, {"fbb799e2d89fd4f6e3e3022c1ca58964": ["0", "com.keepassdroid.fileselect.FileSelectActivity"]}, {"8e9a1baa4acd0107110dcceeba97014b": ["2", "com.keepassdroid.fileselect.FileSelectActivity"]}, {"8e9a1baa4acd0107110dcceeba97014b": ["2", "com.keepassdroid.fileselect.FileSelectActivity"]}, {"fbb799e2d89fd4f6e3e3022c1ca58964": ["0", "com.keepassdroid.fileselect.FileSelectActivity"]}, {"8e9a1baa4acd0107110dcceeba97014b": ["2", "com.keepassdroid.fileselect.FileSelectActivity"]}, {"8e9a1baa4acd0107110dcceeba97014b": ["2", "com.keepassdroid.fileselect.FileSelectActivity"]}, {"fbb799e2d89fd4f6e3e3022c1ca58964": ["0", "com.keepassdroid.fileselect.FileSelectActivity"]}, {"8e9a1baa4acd0107110dcceeba97014b": ["2", "com.keepassdroid.fileselect.FileSelectActivity"]}, {"fbb799e2d89fd4f6e3e3022c1ca58964": ["0", "com.keepassdroid.fileselect.FileSelectActivity"]}, {"8e9a1baa4acd0107110dcceeba97014b": ["2", "com.keepassdroid.fileselect.FileSelectActivity"]}, {"fbb799e2d89fd4f6e3e3022c1ca58964": ["0", "com.keepassdroid.fileselect.FileSelectActivity"]}, {"8e9a1baa4acd0107110dcceeba97014b": ["2", "com.keepassdroid.fileselect.FileSelectActivity"]}, {"8e9a1baa4acd0107110dcceeba97014b": ["2", "com.keepassdroid.fileselect.FileSelectActivity"]}, {"fbb799e2d89fd4f6e3e3022c1ca58964": ["0", "com.keepassdroid.fileselect.FileSelectActivity"]}, {"8e9a1baa4acd0107110dcceeba97014b": ["2", "com.keepassdroid.fileselect.FileSelectActivity"]}, {"8e9a1baa4acd0107110dcceeba97014b": ["2", "com.keepassdroid.fileselect.FileSelectActivity"]}, {"fbb799e2d89fd4f6e3e3022c1ca58964": ["0", "com.keepassdroid.fileselect.FileSelectActivity"]}, {"8e9a1baa4acd0107110dcceeba97014b": ["2", "com.keepassdroid.fileselect.FileSelectActivity"]}, {"8e9a1baa4acd0107110dcceeba97014b": ["2", "com.keepassdroid.fileselect.FileSelectActivity"]}, {"fbb799e2d89fd4f6e3e3022c1ca58964": ["0", "com.keepassdroid.fileselect.FileSelectActivity"]}, {"8e9a1baa4acd0107110dcceeba97014b": ["2", "com.keepassdroid.fileselect.FileSelectActivity"]}, {"8e9a1baa4acd0107110dcceeba97014b": ["2", "com.keepassdroid.fileselect.FileSelectActivity"]}, {"fbb799e2d89fd4f6e3e3022c1ca58964": ["0", "com.keepassdroid.fileselect.FileSelectActivity"]}, {"8e9a1baa4acd0107110dcceeba97014b": ["2", "com.keepassdroid.fileselect.FileSelectActivity"]}, {"8e9a1baa4acd0107110dcceeba97014b": ["2", "com.keepassdroid.fileselect.FileSelectActivity"]}, {"fbb799e2d89fd4f6e3e3022c1ca58964": ["0", "com.keepassdroid.fileselect.FileSelectActivity"]}, {"8e9a1baa4acd0107110dcceeba97014b": ["2", "com.keepassdroid.fileselect.FileSelectActivity"]}, {"8e9a1baa4acd0107110dcceeba97014b": ["2", "com.keepassdroid.fileselect.FileSelectActivity"]}, {"fbb799e2d89fd4f6e3e3022c1ca58964": ["0", "com.keepassdroid.fileselect.FileSelectActivity"]}, {"8e9a1baa4acd0107110dcceeba97014b": ["2", "com.keepassdroid.fileselect.FileSelectActivity"]}, {"8e9a1baa4acd0107110dcceeba97014b": ["2", "com.keepassdroid.fileselect.FileSelectActivity"]}, {"fbb799e2d89fd4f6e3e3022c1ca58964": ["0", "com.keepassdroid.fileselect.FileSelectActivity"]}]