[{"1ef2088ddbf9199e51e82c8e2cf12a50": ["0", "com.google.android.photostream.LoginActivity"]}, {"1ef2088ddbf9199e51e82c8e2cf12a50": ["0", "com.google.android.photostream.LoginActivity"]}, {"1ef2088ddbf9199e51e82c8e2cf12a50": ["0", "com.google.android.photostream.LoginActivity"]}, {"1ef2088ddbf9199e51e82c8e2cf12a50": ["0", "com.google.android.photostream.LoginActivity"]}, {"1ef2088ddbf9199e51e82c8e2cf12a50": ["0", "com.google.android.photostream.LoginActivity"]}, {"1ef2088ddbf9199e51e82c8e2cf12a50": ["0", "com.google.android.photostream.LoginActivity"]}, {"1ef2088ddbf9199e51e82c8e2cf12a50": ["0", "com.google.android.photostream.LoginActivity"]}, {"1ef2088ddbf9199e51e82c8e2cf12a50": ["0", "com.google.android.photostream.LoginActivity"]}, {"1ef2088ddbf9199e51e82c8e2cf12a50": ["0", "com.google.android.photostream.LoginActivity"]}, {"1ef2088ddbf9199e51e82c8e2cf12a50": ["0", "com.google.android.photostream.LoginActivity"]}, {"1ef2088ddbf9199e51e82c8e2cf12a50": ["0", "com.google.android.photostream.LoginActivity"]}, {"1ef2088ddbf9199e51e82c8e2cf12a50": ["0", "com.google.android.photostream.LoginActivity"]}, {"1ef2088ddbf9199e51e82c8e2cf12a50": ["0", "com.google.android.photostream.LoginActivity"]}, {"1ef2088ddbf9199e51e82c8e2cf12a50": ["0", "com.google.android.photostream.LoginActivity"]}, {"1ef2088ddbf9199e51e82c8e2cf12a50": ["0", "com.google.android.photostream.LoginActivity"]}, {"1ef2088ddbf9199e51e82c8e2cf12a50": ["0", "com.google.android.photostream.LoginActivity"]}, {"1ef2088ddbf9199e51e82c8e2cf12a50": ["0", "com.google.android.photostream.LoginActivity"]}, {"1ef2088ddbf9199e51e82c8e2cf12a50": ["0", "com.google.android.photostream.LoginActivity"]}, {"1ef2088ddbf9199e51e82c8e2cf12a50": ["0", "com.google.android.photostream.LoginActivity"]}, {"1ef2088ddbf9199e51e82c8e2cf12a50": ["0", "com.google.android.photostream.LoginActivity"]}, {"1ef2088ddbf9199e51e82c8e2cf12a50": ["0", "com.google.android.photostream.LoginActivity"]}, {"1ef2088ddbf9199e51e82c8e2cf12a50": ["0", "com.google.android.photostream.LoginActivity"]}, {"1ef2088ddbf9199e51e82c8e2cf12a50": ["0", "com.google.android.photostream.LoginActivity"]}, {"1ef2088ddbf9199e51e82c8e2cf12a50": ["0", "com.google.android.photostream.LoginActivity"]}, {"1ef2088ddbf9199e51e82c8e2cf12a50": ["0", "com.google.android.photostream.LoginActivity"]}, {"1ef2088ddbf9199e51e82c8e2cf12a50": ["0", "com.google.android.photostream.LoginActivity"]}, {"1ef2088ddbf9199e51e82c8e2cf12a50": ["0", "com.google.android.photostream.LoginActivity"]}, {"1ef2088ddbf9199e51e82c8e2cf12a50": ["0", "com.google.android.photostream.LoginActivity"]}, {"1ef2088ddbf9199e51e82c8e2cf12a50": ["0", "com.google.android.photostream.LoginActivity"]}, {"1ef2088ddbf9199e51e82c8e2cf12a50": ["0", "com.google.android.photostream.LoginActivity"]}, {"1ef2088ddbf9199e51e82c8e2cf12a50": ["0", "com.google.android.photostream.LoginActivity"]}, {"1ef2088ddbf9199e51e82c8e2cf12a50": ["0", "com.google.android.photostream.LoginActivity"]}, {"1ef2088ddbf9199e51e82c8e2cf12a50": ["0", "com.google.android.photostream.LoginActivity"]}, {"1ef2088ddbf9199e51e82c8e2cf12a50": ["0", "com.google.android.photostream.LoginActivity"]}, {"1ef2088ddbf9199e51e82c8e2cf12a50": ["0", "com.google.android.photostream.LoginActivity"]}, {"1ef2088ddbf9199e51e82c8e2cf12a50": ["0", "com.google.android.photostream.LoginActivity"]}, {"1ef2088ddbf9199e51e82c8e2cf12a50": ["0", "com.google.android.photostream.LoginActivity"]}, {"1ef2088ddbf9199e51e82c8e2cf12a50": ["0", "com.google.android.photostream.LoginActivity"]}, {"1ef2088ddbf9199e51e82c8e2cf12a50": ["0", "com.google.android.photostream.LoginActivity"]}, {"1ef2088ddbf9199e51e82c8e2cf12a50": ["0", "com.google.android.photostream.LoginActivity"]}, {"1ef2088ddbf9199e51e82c8e2cf12a50": ["0", "com.google.android.photostream.LoginActivity"]}, {"1ef2088ddbf9199e51e82c8e2cf12a50": ["0", "com.google.android.photostream.LoginActivity"]}, {"1ef2088ddbf9199e51e82c8e2cf12a50": ["0", "com.google.android.photostream.LoginActivity"]}, {"1ef2088ddbf9199e51e82c8e2cf12a50": ["0", "com.google.android.photostream.LoginActivity"]}, {"1ef2088ddbf9199e51e82c8e2cf12a50": ["0", "com.google.android.photostream.LoginActivity"]}, {"1ef2088ddbf9199e51e82c8e2cf12a50": ["0", "com.google.android.photostream.LoginActivity"]}, {"1ef2088ddbf9199e51e82c8e2cf12a50": ["0", "com.google.android.photostream.LoginActivity"]}, {"1ef2088ddbf9199e51e82c8e2cf12a50": ["0", "com.google.android.photostream.LoginActivity"]}, {"1ef2088ddbf9199e51e82c8e2cf12a50": ["0", "com.google.android.photostream.LoginActivity"]}, {"1ef2088ddbf9199e51e82c8e2cf12a50": ["0", "com.google.android.photostream.LoginActivity"]}, {"1ef2088ddbf9199e51e82c8e2cf12a50": ["0", "com.google.android.photostream.LoginActivity"]}, {"1ef2088ddbf9199e51e82c8e2cf12a50": ["0", "com.google.android.photostream.LoginActivity"]}, {"1ef2088ddbf9199e51e82c8e2cf12a50": ["0", "com.google.android.photostream.LoginActivity"]}, {"1ef2088ddbf9199e51e82c8e2cf12a50": ["0", "com.google.android.photostream.LoginActivity"]}, {"1ef2088ddbf9199e51e82c8e2cf12a50": ["0", "com.google.android.photostream.LoginActivity"]}, {"1ef2088ddbf9199e51e82c8e2cf12a50": ["0", "com.google.android.photostream.LoginActivity"]}, {"1ef2088ddbf9199e51e82c8e2cf12a50": ["0", "com.google.android.photostream.LoginActivity"]}, {"1ef2088ddbf9199e51e82c8e2cf12a50": ["0", "com.google.android.photostream.LoginActivity"]}, {"1ef2088ddbf9199e51e82c8e2cf12a50": ["0", "com.google.android.photostream.LoginActivity"]}, {"1ef2088ddbf9199e51e82c8e2cf12a50": ["0", "com.google.android.photostream.LoginActivity"]}, {"1ef2088ddbf9199e51e82c8e2cf12a50": ["0", "com.google.android.photostream.LoginActivity"]}, {"1ef2088ddbf9199e51e82c8e2cf12a50": ["0", "com.google.android.photostream.LoginActivity"]}, {"1ef2088ddbf9199e51e82c8e2cf12a50": ["0", "com.google.android.photostream.LoginActivity"]}, {"1ef2088ddbf9199e51e82c8e2cf12a50": ["0", "com.google.android.photostream.LoginActivity"]}, {"1ef2088ddbf9199e51e82c8e2cf12a50": ["0", "com.google.android.photostream.LoginActivity"]}, {"1ef2088ddbf9199e51e82c8e2cf12a50": ["0", "com.google.android.photostream.LoginActivity"]}, {"1ef2088ddbf9199e51e82c8e2cf12a50": ["0", "com.google.android.photostream.LoginActivity"]}, {"1ef2088ddbf9199e51e82c8e2cf12a50": ["0", "com.google.android.photostream.LoginActivity"]}, {"1ef2088ddbf9199e51e82c8e2cf12a50": ["0", "com.google.android.photostream.LoginActivity"]}, {"1ef2088ddbf9199e51e82c8e2cf12a50": ["0", "com.google.android.photostream.LoginActivity"]}, {"1ef2088ddbf9199e51e82c8e2cf12a50": ["0", "com.google.android.photostream.LoginActivity"]}, {"1ef2088ddbf9199e51e82c8e2cf12a50": ["0", "com.google.android.photostream.LoginActivity"]}, {"1ef2088ddbf9199e51e82c8e2cf12a50": ["0", "com.google.android.photostream.LoginActivity"]}, {"1ef2088ddbf9199e51e82c8e2cf12a50": ["0", "com.google.android.photostream.LoginActivity"]}, {"1ef2088ddbf9199e51e82c8e2cf12a50": ["0", "com.google.android.photostream.LoginActivity"]}, {"1ef2088ddbf9199e51e82c8e2cf12a50": ["0", "com.google.android.photostream.LoginActivity"]}, {"1ef2088ddbf9199e51e82c8e2cf12a50": ["0", "com.google.android.photostream.LoginActivity"]}, {"1ef2088ddbf9199e51e82c8e2cf12a50": ["0", "com.google.android.photostream.LoginActivity"]}, {"1ef2088ddbf9199e51e82c8e2cf12a50": ["0", "com.google.android.photostream.LoginActivity"]}, {"1ef2088ddbf9199e51e82c8e2cf12a50": ["0", "com.google.android.photostream.LoginActivity"]}, {"1ef2088ddbf9199e51e82c8e2cf12a50": ["0", "com.google.android.photostream.LoginActivity"]}, {"1ef2088ddbf9199e51e82c8e2cf12a50": ["0", "com.google.android.photostream.LoginActivity"]}, {"1ef2088ddbf9199e51e82c8e2cf12a50": ["0", "com.google.android.photostream.LoginActivity"]}, {"1ef2088ddbf9199e51e82c8e2cf12a50": ["0", "com.google.android.photostream.LoginActivity"]}, {"1ef2088ddbf9199e51e82c8e2cf12a50": ["0", "com.google.android.photostream.LoginActivity"]}, {"1ef2088ddbf9199e51e82c8e2cf12a50": ["0", "com.google.android.photostream.LoginActivity"]}, {"1ef2088ddbf9199e51e82c8e2cf12a50": ["0", "com.google.android.photostream.LoginActivity"]}, {"1ef2088ddbf9199e51e82c8e2cf12a50": ["0", "com.google.android.photostream.LoginActivity"]}, {"1ef2088ddbf9199e51e82c8e2cf12a50": ["0", "com.google.android.photostream.LoginActivity"]}, {"1ef2088ddbf9199e51e82c8e2cf12a50": ["0", "com.google.android.photostream.LoginActivity"]}, {"1ef2088ddbf9199e51e82c8e2cf12a50": ["0", "com.google.android.photostream.LoginActivity"]}, {"1ef2088ddbf9199e51e82c8e2cf12a50": ["0", "com.google.android.photostream.LoginActivity"]}, {"1ef2088ddbf9199e51e82c8e2cf12a50": ["0", "com.google.android.photostream.LoginActivity"]}, {"1ef2088ddbf9199e51e82c8e2cf12a50": ["0", "com.google.android.photostream.LoginActivity"]}, {"1ef2088ddbf9199e51e82c8e2cf12a50": ["0", "com.google.android.photostream.LoginActivity"]}, {"1ef2088ddbf9199e51e82c8e2cf12a50": ["0", "com.google.android.photostream.LoginActivity"]}, {"1ef2088ddbf9199e51e82c8e2cf12a50": ["0", "com.google.android.photostream.LoginActivity"]}, {"1ef2088ddbf9199e51e82c8e2cf12a50": ["0", "com.google.android.photostream.LoginActivity"]}, {"1ef2088ddbf9199e51e82c8e2cf12a50": ["0", "com.google.android.photostream.LoginActivity"]}, {"1ef2088ddbf9199e51e82c8e2cf12a50": ["0", "com.google.android.photostream.LoginActivity"]}, {"1ef2088ddbf9199e51e82c8e2cf12a50": ["0", "com.google.android.photostream.LoginActivity"]}, {"1ef2088ddbf9199e51e82c8e2cf12a50": ["0", "com.google.android.photostream.LoginActivity"]}, {"1ef2088ddbf9199e51e82c8e2cf12a50": ["0", "com.google.android.photostream.LoginActivity"]}, {"1ef2088ddbf9199e51e82c8e2cf12a50": ["0", "com.google.android.photostream.LoginActivity"]}, {"1ef2088ddbf9199e51e82c8e2cf12a50": ["0", "com.google.android.photostream.LoginActivity"]}, {"1ef2088ddbf9199e51e82c8e2cf12a50": ["0", "com.google.android.photostream.LoginActivity"]}, {"1ef2088ddbf9199e51e82c8e2cf12a50": ["0", "com.google.android.photostream.LoginActivity"]}, {"1ef2088ddbf9199e51e82c8e2cf12a50": ["0", "com.google.android.photostream.LoginActivity"]}, {"1ef2088ddbf9199e51e82c8e2cf12a50": ["0", "com.google.android.photostream.LoginActivity"]}, {"1ef2088ddbf9199e51e82c8e2cf12a50": ["0", "com.google.android.photostream.LoginActivity"]}, {"1ef2088ddbf9199e51e82c8e2cf12a50": ["0", "com.google.android.photostream.LoginActivity"]}, {"1ef2088ddbf9199e51e82c8e2cf12a50": ["0", "com.google.android.photostream.LoginActivity"]}, {"1ef2088ddbf9199e51e82c8e2cf12a50": ["0", "com.google.android.photostream.LoginActivity"]}, {"1ef2088ddbf9199e51e82c8e2cf12a50": ["0", "com.google.android.photostream.LoginActivity"]}, {"1ef2088ddbf9199e51e82c8e2cf12a50": ["0", "com.google.android.photostream.LoginActivity"]}, {"1ef2088ddbf9199e51e82c8e2cf12a50": ["0", "com.google.android.photostream.LoginActivity"]}, {"1ef2088ddbf9199e51e82c8e2cf12a50": ["0", "com.google.android.photostream.LoginActivity"]}, {"1ef2088ddbf9199e51e82c8e2cf12a50": ["0", "com.google.android.photostream.LoginActivity"]}, {"1ef2088ddbf9199e51e82c8e2cf12a50": ["0", "com.google.android.photostream.LoginActivity"]}, {"1ef2088ddbf9199e51e82c8e2cf12a50": ["0", "com.google.android.photostream.LoginActivity"]}, {"1ef2088ddbf9199e51e82c8e2cf12a50": ["0", "com.google.android.photostream.LoginActivity"]}, {"1ef2088ddbf9199e51e82c8e2cf12a50": ["0", "com.google.android.photostream.LoginActivity"]}, {"1ef2088ddbf9199e51e82c8e2cf12a50": ["0", "com.google.android.photostream.LoginActivity"]}, {"1ef2088ddbf9199e51e82c8e2cf12a50": ["0", "com.google.android.photostream.LoginActivity"]}, {"1ef2088ddbf9199e51e82c8e2cf12a50": ["0", "com.google.android.photostream.LoginActivity"]}, {"1ef2088ddbf9199e51e82c8e2cf12a50": ["0", "com.google.android.photostream.LoginActivity"]}, {"1ef2088ddbf9199e51e82c8e2cf12a50": ["0", "com.google.android.photostream.LoginActivity"]}, {"1ef2088ddbf9199e51e82c8e2cf12a50": ["0", "com.google.android.photostream.LoginActivity"]}, {"1ef2088ddbf9199e51e82c8e2cf12a50": ["0", "com.google.android.photostream.LoginActivity"]}, {"1ef2088ddbf9199e51e82c8e2cf12a50": ["0", "com.google.android.photostream.LoginActivity"]}, {"1ef2088ddbf9199e51e82c8e2cf12a50": ["0", "com.google.android.photostream.LoginActivity"]}, {"1ef2088ddbf9199e51e82c8e2cf12a50": ["0", "com.google.android.photostream.LoginActivity"]}, {"1ef2088ddbf9199e51e82c8e2cf12a50": ["0", "com.google.android.photostream.LoginActivity"]}, {"1ef2088ddbf9199e51e82c8e2cf12a50": ["0", "com.google.android.photostream.LoginActivity"]}, {"1ef2088ddbf9199e51e82c8e2cf12a50": ["0", "com.google.android.photostream.LoginActivity"]}, {"1ef2088ddbf9199e51e82c8e2cf12a50": ["0", "com.google.android.photostream.LoginActivity"]}, {"1ef2088ddbf9199e51e82c8e2cf12a50": ["0", "com.google.android.photostream.LoginActivity"]}, {"1ef2088ddbf9199e51e82c8e2cf12a50": ["0", "com.google.android.photostream.LoginActivity"]}, {"1ef2088ddbf9199e51e82c8e2cf12a50": ["0", "com.google.android.photostream.LoginActivity"]}, {"1ef2088ddbf9199e51e82c8e2cf12a50": ["0", "com.google.android.photostream.LoginActivity"]}, {"1ef2088ddbf9199e51e82c8e2cf12a50": ["0", "com.google.android.photostream.LoginActivity"]}, {"1ef2088ddbf9199e51e82c8e2cf12a50": ["0", "com.google.android.photostream.LoginActivity"]}, {"1ef2088ddbf9199e51e82c8e2cf12a50": ["0", "com.google.android.photostream.LoginActivity"]}, {"1ef2088ddbf9199e51e82c8e2cf12a50": ["0", "com.google.android.photostream.LoginActivity"]}, {"1ef2088ddbf9199e51e82c8e2cf12a50": ["0", "com.google.android.photostream.LoginActivity"]}, {"1ef2088ddbf9199e51e82c8e2cf12a50": ["0", "com.google.android.photostream.LoginActivity"]}, {"1ef2088ddbf9199e51e82c8e2cf12a50": ["0", "com.google.android.photostream.LoginActivity"]}, {"1ef2088ddbf9199e51e82c8e2cf12a50": ["0", "com.google.android.photostream.LoginActivity"]}, {"1ef2088ddbf9199e51e82c8e2cf12a50": ["0", "com.google.android.photostream.LoginActivity"]}, {"1ef2088ddbf9199e51e82c8e2cf12a50": ["0", "com.google.android.photostream.LoginActivity"]}, {"1ef2088ddbf9199e51e82c8e2cf12a50": ["0", "com.google.android.photostream.LoginActivity"]}, {"1ef2088ddbf9199e51e82c8e2cf12a50": ["0", "com.google.android.photostream.LoginActivity"]}, {"1ef2088ddbf9199e51e82c8e2cf12a50": ["0", "com.google.android.photostream.LoginActivity"]}, {"1ef2088ddbf9199e51e82c8e2cf12a50": ["0", "com.google.android.photostream.LoginActivity"]}, {"1ef2088ddbf9199e51e82c8e2cf12a50": ["0", "com.google.android.photostream.LoginActivity"]}, {"1ef2088ddbf9199e51e82c8e2cf12a50": ["0", "com.google.android.photostream.LoginActivity"]}, {"1ef2088ddbf9199e51e82c8e2cf12a50": ["0", "com.google.android.photostream.LoginActivity"]}, {"1ef2088ddbf9199e51e82c8e2cf12a50": ["0", "com.google.android.photostream.LoginActivity"]}, {"1ef2088ddbf9199e51e82c8e2cf12a50": ["0", "com.google.android.photostream.LoginActivity"]}, {"1ef2088ddbf9199e51e82c8e2cf12a50": ["0", "com.google.android.photostream.LoginActivity"]}, {"1ef2088ddbf9199e51e82c8e2cf12a50": ["0", "com.google.android.photostream.LoginActivity"]}, {"1ef2088ddbf9199e51e82c8e2cf12a50": ["0", "com.google.android.photostream.LoginActivity"]}, {"1ef2088ddbf9199e51e82c8e2cf12a50": ["0", "com.google.android.photostream.LoginActivity"]}, {"1ef2088ddbf9199e51e82c8e2cf12a50": ["0", "com.google.android.photostream.LoginActivity"]}, {"1ef2088ddbf9199e51e82c8e2cf12a50": ["0", "com.google.android.photostream.LoginActivity"]}, {"1ef2088ddbf9199e51e82c8e2cf12a50": ["0", "com.google.android.photostream.LoginActivity"]}, {"1ef2088ddbf9199e51e82c8e2cf12a50": ["0", "com.google.android.photostream.LoginActivity"]}, {"1ef2088ddbf9199e51e82c8e2cf12a50": ["0", "com.google.android.photostream.LoginActivity"]}, {"1ef2088ddbf9199e51e82c8e2cf12a50": ["0", "com.google.android.photostream.LoginActivity"]}, {"1ef2088ddbf9199e51e82c8e2cf12a50": ["0", "com.google.android.photostream.LoginActivity"]}, {"1ef2088ddbf9199e51e82c8e2cf12a50": ["0", "com.google.android.photostream.LoginActivity"]}, {"1ef2088ddbf9199e51e82c8e2cf12a50": ["0", "com.google.android.photostream.LoginActivity"]}, {"1ef2088ddbf9199e51e82c8e2cf12a50": ["0", "com.google.android.photostream.LoginActivity"]}, {"1ef2088ddbf9199e51e82c8e2cf12a50": ["0", "com.google.android.photostream.LoginActivity"]}, {"1ef2088ddbf9199e51e82c8e2cf12a50": ["0", "com.google.android.photostream.LoginActivity"]}, {"1ef2088ddbf9199e51e82c8e2cf12a50": ["0", "com.google.android.photostream.LoginActivity"]}, {"1ef2088ddbf9199e51e82c8e2cf12a50": ["0", "com.google.android.photostream.LoginActivity"]}, {"1ef2088ddbf9199e51e82c8e2cf12a50": ["0", "com.google.android.photostream.LoginActivity"]}, {"1ef2088ddbf9199e51e82c8e2cf12a50": ["0", "com.google.android.photostream.LoginActivity"]}, {"1ef2088ddbf9199e51e82c8e2cf12a50": ["0", "com.google.android.photostream.LoginActivity"]}, {"1ef2088ddbf9199e51e82c8e2cf12a50": ["0", "com.google.android.photostream.LoginActivity"]}, {"1ef2088ddbf9199e51e82c8e2cf12a50": ["0", "com.google.android.photostream.LoginActivity"]}, {"1ef2088ddbf9199e51e82c8e2cf12a50": ["0", "com.google.android.photostream.LoginActivity"]}, {"1ef2088ddbf9199e51e82c8e2cf12a50": ["0", "com.google.android.photostream.LoginActivity"]}, {"1ef2088ddbf9199e51e82c8e2cf12a50": ["0", "com.google.android.photostream.LoginActivity"]}, {"1ef2088ddbf9199e51e82c8e2cf12a50": ["0", "com.google.android.photostream.LoginActivity"]}, {"1ef2088ddbf9199e51e82c8e2cf12a50": ["0", "com.google.android.photostream.LoginActivity"]}, {"1ef2088ddbf9199e51e82c8e2cf12a50": ["0", "com.google.android.photostream.LoginActivity"]}, {"1ef2088ddbf9199e51e82c8e2cf12a50": ["0", "com.google.android.photostream.LoginActivity"]}, {"1ef2088ddbf9199e51e82c8e2cf12a50": ["0", "com.google.android.photostream.LoginActivity"]}, {"1ef2088ddbf9199e51e82c8e2cf12a50": ["0", "com.google.android.photostream.LoginActivity"]}, {"1ef2088ddbf9199e51e82c8e2cf12a50": ["0", "com.google.android.photostream.LoginActivity"]}, {"1ef2088ddbf9199e51e82c8e2cf12a50": ["0", "com.google.android.photostream.LoginActivity"]}, {"1ef2088ddbf9199e51e82c8e2cf12a50": ["0", "com.google.android.photostream.LoginActivity"]}, {"1ef2088ddbf9199e51e82c8e2cf12a50": ["0", "com.google.android.photostream.LoginActivity"]}, {"1ef2088ddbf9199e51e82c8e2cf12a50": ["0", "com.google.android.photostream.LoginActivity"]}, {"1ef2088ddbf9199e51e82c8e2cf12a50": ["0", "com.google.android.photostream.LoginActivity"]}, {"1ef2088ddbf9199e51e82c8e2cf12a50": ["0", "com.google.android.photostream.LoginActivity"]}, {"1ef2088ddbf9199e51e82c8e2cf12a50": ["0", "com.google.android.photostream.LoginActivity"]}, {"1ef2088ddbf9199e51e82c8e2cf12a50": ["0", "com.google.android.photostream.LoginActivity"]}, {"1ef2088ddbf9199e51e82c8e2cf12a50": ["0", "com.google.android.photostream.LoginActivity"]}, {"1ef2088ddbf9199e51e82c8e2cf12a50": ["0", "com.google.android.photostream.LoginActivity"]}, {"1ef2088ddbf9199e51e82c8e2cf12a50": ["0", "com.google.android.photostream.LoginActivity"]}, {"1ef2088ddbf9199e51e82c8e2cf12a50": ["0", "com.google.android.photostream.LoginActivity"]}, {"1ef2088ddbf9199e51e82c8e2cf12a50": ["0", "com.google.android.photostream.LoginActivity"]}, {"1ef2088ddbf9199e51e82c8e2cf12a50": ["0", "com.google.android.photostream.LoginActivity"]}, {"1ef2088ddbf9199e51e82c8e2cf12a50": ["0", "com.google.android.photostream.LoginActivity"]}, {"1ef2088ddbf9199e51e82c8e2cf12a50": ["0", "com.google.android.photostream.LoginActivity"]}, {"1ef2088ddbf9199e51e82c8e2cf12a50": ["0", "com.google.android.photostream.LoginActivity"]}, {"1ef2088ddbf9199e51e82c8e2cf12a50": ["0", "com.google.android.photostream.LoginActivity"]}, {"1ef2088ddbf9199e51e82c8e2cf12a50": ["0", "com.google.android.photostream.LoginActivity"]}, {"1ef2088ddbf9199e51e82c8e2cf12a50": ["0", "com.google.android.photostream.LoginActivity"]}, {"1ef2088ddbf9199e51e82c8e2cf12a50": ["0", "com.google.android.photostream.LoginActivity"]}, {"1ef2088ddbf9199e51e82c8e2cf12a50": ["0", "com.google.android.photostream.LoginActivity"]}, {"1ef2088ddbf9199e51e82c8e2cf12a50": ["0", "com.google.android.photostream.LoginActivity"]}, {"1ef2088ddbf9199e51e82c8e2cf12a50": ["0", "com.google.android.photostream.LoginActivity"]}, {"1ef2088ddbf9199e51e82c8e2cf12a50": ["0", "com.google.android.photostream.LoginActivity"]}, {"1ef2088ddbf9199e51e82c8e2cf12a50": ["0", "com.google.android.photostream.LoginActivity"]}, {"1ef2088ddbf9199e51e82c8e2cf12a50": ["0", "com.google.android.photostream.LoginActivity"]}, {"1ef2088ddbf9199e51e82c8e2cf12a50": ["0", "com.google.android.photostream.LoginActivity"]}, {"1ef2088ddbf9199e51e82c8e2cf12a50": ["0", "com.google.android.photostream.LoginActivity"]}, {"1ef2088ddbf9199e51e82c8e2cf12a50": ["0", "com.google.android.photostream.LoginActivity"]}, {"1ef2088ddbf9199e51e82c8e2cf12a50": ["0", "com.google.android.photostream.LoginActivity"]}, {"1ef2088ddbf9199e51e82c8e2cf12a50": ["0", "com.google.android.photostream.LoginActivity"]}, {"1ef2088ddbf9199e51e82c8e2cf12a50": ["0", "com.google.android.photostream.LoginActivity"]}, {"1ef2088ddbf9199e51e82c8e2cf12a50": ["0", "com.google.android.photostream.LoginActivity"]}, {"1ef2088ddbf9199e51e82c8e2cf12a50": ["0", "com.google.android.photostream.LoginActivity"]}, {"1ef2088ddbf9199e51e82c8e2cf12a50": ["0", "com.google.android.photostream.LoginActivity"]}, {"1ef2088ddbf9199e51e82c8e2cf12a50": ["0", "com.google.android.photostream.LoginActivity"]}, {"1ef2088ddbf9199e51e82c8e2cf12a50": ["0", "com.google.android.photostream.LoginActivity"]}, {"1ef2088ddbf9199e51e82c8e2cf12a50": ["0", "com.google.android.photostream.LoginActivity"]}, {"1ef2088ddbf9199e51e82c8e2cf12a50": ["0", "com.google.android.photostream.LoginActivity"]}, {"1ef2088ddbf9199e51e82c8e2cf12a50": ["0", "com.google.android.photostream.LoginActivity"]}, {"1ef2088ddbf9199e51e82c8e2cf12a50": ["0", "com.google.android.photostream.LoginActivity"]}, {"1ef2088ddbf9199e51e82c8e2cf12a50": ["0", "com.google.android.photostream.LoginActivity"]}, {"1ef2088ddbf9199e51e82c8e2cf12a50": ["0", "com.google.android.photostream.LoginActivity"]}, {"1ef2088ddbf9199e51e82c8e2cf12a50": ["0", "com.google.android.photostream.LoginActivity"]}, {"1ef2088ddbf9199e51e82c8e2cf12a50": ["0", "com.google.android.photostream.LoginActivity"]}, {"1ef2088ddbf9199e51e82c8e2cf12a50": ["0", "com.google.android.photostream.LoginActivity"]}, {"1ef2088ddbf9199e51e82c8e2cf12a50": ["0", "com.google.android.photostream.LoginActivity"]}, {"1ef2088ddbf9199e51e82c8e2cf12a50": ["0", "com.google.android.photostream.LoginActivity"]}, {"1ef2088ddbf9199e51e82c8e2cf12a50": ["0", "com.google.android.photostream.LoginActivity"]}, {"1ef2088ddbf9199e51e82c8e2cf12a50": ["0", "com.google.android.photostream.LoginActivity"]}, {"1ef2088ddbf9199e51e82c8e2cf12a50": ["0", "com.google.android.photostream.LoginActivity"]}, {"1ef2088ddbf9199e51e82c8e2cf12a50": ["0", "com.google.android.photostream.LoginActivity"]}, {"1ef2088ddbf9199e51e82c8e2cf12a50": ["0", "com.google.android.photostream.LoginActivity"]}, {"1ef2088ddbf9199e51e82c8e2cf12a50": ["0", "com.google.android.photostream.LoginActivity"]}, {"1ef2088ddbf9199e51e82c8e2cf12a50": ["0", "com.google.android.photostream.LoginActivity"]}, {"1ef2088ddbf9199e51e82c8e2cf12a50": ["0", "com.google.android.photostream.LoginActivity"]}, {"1ef2088ddbf9199e51e82c8e2cf12a50": ["0", "com.google.android.photostream.LoginActivity"]}, {"1ef2088ddbf9199e51e82c8e2cf12a50": ["0", "com.google.android.photostream.LoginActivity"]}, {"1ef2088ddbf9199e51e82c8e2cf12a50": ["0", "com.google.android.photostream.LoginActivity"]}, {"1ef2088ddbf9199e51e82c8e2cf12a50": ["0", "com.google.android.photostream.LoginActivity"]}, {"1ef2088ddbf9199e51e82c8e2cf12a50": ["0", "com.google.android.photostream.LoginActivity"]}, {"1ef2088ddbf9199e51e82c8e2cf12a50": ["0", "com.google.android.photostream.LoginActivity"]}, {"1ef2088ddbf9199e51e82c8e2cf12a50": ["0", "com.google.android.photostream.LoginActivity"]}, {"1ef2088ddbf9199e51e82c8e2cf12a50": ["0", "com.google.android.photostream.LoginActivity"]}, {"1ef2088ddbf9199e51e82c8e2cf12a50": ["0", "com.google.android.photostream.LoginActivity"]}, {"1ef2088ddbf9199e51e82c8e2cf12a50": ["0", "com.google.android.photostream.LoginActivity"]}, {"1ef2088ddbf9199e51e82c8e2cf12a50": ["0", "com.google.android.photostream.LoginActivity"]}, {"1ef2088ddbf9199e51e82c8e2cf12a50": ["0", "com.google.android.photostream.LoginActivity"]}, {"1ef2088ddbf9199e51e82c8e2cf12a50": ["0", "com.google.android.photostream.LoginActivity"]}, {"1ef2088ddbf9199e51e82c8e2cf12a50": ["0", "com.google.android.photostream.LoginActivity"]}, {"1ef2088ddbf9199e51e82c8e2cf12a50": ["0", "com.google.android.photostream.LoginActivity"]}, {"1ef2088ddbf9199e51e82c8e2cf12a50": ["0", "com.google.android.photostream.LoginActivity"]}, {"1ef2088ddbf9199e51e82c8e2cf12a50": ["0", "com.google.android.photostream.LoginActivity"]}, {"1ef2088ddbf9199e51e82c8e2cf12a50": ["0", "com.google.android.photostream.LoginActivity"]}, {"1ef2088ddbf9199e51e82c8e2cf12a50": ["0", "com.google.android.photostream.LoginActivity"]}, {"1ef2088ddbf9199e51e82c8e2cf12a50": ["0", "com.google.android.photostream.LoginActivity"]}, {"1ef2088ddbf9199e51e82c8e2cf12a50": ["0", "com.google.android.photostream.LoginActivity"]}, {"1ef2088ddbf9199e51e82c8e2cf12a50": ["0", "com.google.android.photostream.LoginActivity"]}, {"1ef2088ddbf9199e51e82c8e2cf12a50": ["0", "com.google.android.photostream.LoginActivity"]}, {"1ef2088ddbf9199e51e82c8e2cf12a50": ["0", "com.google.android.photostream.LoginActivity"]}, {"1ef2088ddbf9199e51e82c8e2cf12a50": ["0", "com.google.android.photostream.LoginActivity"]}, {"1ef2088ddbf9199e51e82c8e2cf12a50": ["0", "com.google.android.photostream.LoginActivity"]}, {"1ef2088ddbf9199e51e82c8e2cf12a50": ["0", "com.google.android.photostream.LoginActivity"]}, {"1ef2088ddbf9199e51e82c8e2cf12a50": ["0", "com.google.android.photostream.LoginActivity"]}, {"1ef2088ddbf9199e51e82c8e2cf12a50": ["0", "com.google.android.photostream.LoginActivity"]}, {"1ef2088ddbf9199e51e82c8e2cf12a50": ["0", "com.google.android.photostream.LoginActivity"]}, {"1ef2088ddbf9199e51e82c8e2cf12a50": ["0", "com.google.android.photostream.LoginActivity"]}, {"1ef2088ddbf9199e51e82c8e2cf12a50": ["0", "com.google.android.photostream.LoginActivity"]}, {"1ef2088ddbf9199e51e82c8e2cf12a50": ["0", "com.google.android.photostream.LoginActivity"]}, {"1ef2088ddbf9199e51e82c8e2cf12a50": ["0", "com.google.android.photostream.LoginActivity"]}, {"1ef2088ddbf9199e51e82c8e2cf12a50": ["0", "com.google.android.photostream.LoginActivity"]}, {"1ef2088ddbf9199e51e82c8e2cf12a50": ["0", "com.google.android.photostream.LoginActivity"]}, {"1ef2088ddbf9199e51e82c8e2cf12a50": ["0", "com.google.android.photostream.LoginActivity"]}, {"1ef2088ddbf9199e51e82c8e2cf12a50": ["0", "com.google.android.photostream.LoginActivity"]}, {"1ef2088ddbf9199e51e82c8e2cf12a50": ["0", "com.google.android.photostream.LoginActivity"]}, {"1ef2088ddbf9199e51e82c8e2cf12a50": ["0", "com.google.android.photostream.LoginActivity"]}, {"1ef2088ddbf9199e51e82c8e2cf12a50": ["0", "com.google.android.photostream.LoginActivity"]}, {"1ef2088ddbf9199e51e82c8e2cf12a50": ["0", "com.google.android.photostream.LoginActivity"]}, {"1ef2088ddbf9199e51e82c8e2cf12a50": ["0", "com.google.android.photostream.LoginActivity"]}, {"1ef2088ddbf9199e51e82c8e2cf12a50": ["0", "com.google.android.photostream.LoginActivity"]}, {"1ef2088ddbf9199e51e82c8e2cf12a50": ["0", "com.google.android.photostream.LoginActivity"]}, {"1ef2088ddbf9199e51e82c8e2cf12a50": ["0", "com.google.android.photostream.LoginActivity"]}, {"1ef2088ddbf9199e51e82c8e2cf12a50": ["0", "com.google.android.photostream.LoginActivity"]}, {"1ef2088ddbf9199e51e82c8e2cf12a50": ["0", "com.google.android.photostream.LoginActivity"]}, {"1ef2088ddbf9199e51e82c8e2cf12a50": ["0", "com.google.android.photostream.LoginActivity"]}, {"1ef2088ddbf9199e51e82c8e2cf12a50": ["0", "com.google.android.photostream.LoginActivity"]}, {"1ef2088ddbf9199e51e82c8e2cf12a50": ["0", "com.google.android.photostream.LoginActivity"]}, {"1ef2088ddbf9199e51e82c8e2cf12a50": ["0", "com.google.android.photostream.LoginActivity"]}, {"1ef2088ddbf9199e51e82c8e2cf12a50": ["0", "com.google.android.photostream.LoginActivity"]}, {"1ef2088ddbf9199e51e82c8e2cf12a50": ["0", "com.google.android.photostream.LoginActivity"]}, {"1ef2088ddbf9199e51e82c8e2cf12a50": ["0", "com.google.android.photostream.LoginActivity"]}, {"1ef2088ddbf9199e51e82c8e2cf12a50": ["0", "com.google.android.photostream.LoginActivity"]}, {"1ef2088ddbf9199e51e82c8e2cf12a50": ["0", "com.google.android.photostream.LoginActivity"]}, {"1ef2088ddbf9199e51e82c8e2cf12a50": ["0", "com.google.android.photostream.LoginActivity"]}, {"1ef2088ddbf9199e51e82c8e2cf12a50": ["0", "com.google.android.photostream.LoginActivity"]}, {"1ef2088ddbf9199e51e82c8e2cf12a50": ["0", "com.google.android.photostream.LoginActivity"]}, {"1ef2088ddbf9199e51e82c8e2cf12a50": ["0", "com.google.android.photostream.LoginActivity"]}, {"1ef2088ddbf9199e51e82c8e2cf12a50": ["0", "com.google.android.photostream.LoginActivity"]}, {"1ef2088ddbf9199e51e82c8e2cf12a50": ["0", "com.google.android.photostream.LoginActivity"]}, {"1ef2088ddbf9199e51e82c8e2cf12a50": ["0", "com.google.android.photostream.LoginActivity"]}, {"1ef2088ddbf9199e51e82c8e2cf12a50": ["0", "com.google.android.photostream.LoginActivity"]}, {"1ef2088ddbf9199e51e82c8e2cf12a50": ["0", "com.google.android.photostream.LoginActivity"]}, {"1ef2088ddbf9199e51e82c8e2cf12a50": ["0", "com.google.android.photostream.LoginActivity"]}, {"1ef2088ddbf9199e51e82c8e2cf12a50": ["0", "com.google.android.photostream.LoginActivity"]}, {"1ef2088ddbf9199e51e82c8e2cf12a50": ["0", "com.google.android.photostream.LoginActivity"]}, {"1ef2088ddbf9199e51e82c8e2cf12a50": ["0", "com.google.android.photostream.LoginActivity"]}, {"1ef2088ddbf9199e51e82c8e2cf12a50": ["0", "com.google.android.photostream.LoginActivity"]}, {"1ef2088ddbf9199e51e82c8e2cf12a50": ["0", "com.google.android.photostream.LoginActivity"]}, {"1ef2088ddbf9199e51e82c8e2cf12a50": ["0", "com.google.android.photostream.LoginActivity"]}, {"1ef2088ddbf9199e51e82c8e2cf12a50": ["0", "com.google.android.photostream.LoginActivity"]}, {"1ef2088ddbf9199e51e82c8e2cf12a50": ["0", "com.google.android.photostream.LoginActivity"]}, {"1ef2088ddbf9199e51e82c8e2cf12a50": ["0", "com.google.android.photostream.LoginActivity"]}, {"1ef2088ddbf9199e51e82c8e2cf12a50": ["0", "com.google.android.photostream.LoginActivity"]}, {"1ef2088ddbf9199e51e82c8e2cf12a50": ["0", "com.google.android.photostream.LoginActivity"]}, {"1ef2088ddbf9199e51e82c8e2cf12a50": ["0", "com.google.android.photostream.LoginActivity"]}, {"1ef2088ddbf9199e51e82c8e2cf12a50": ["0", "com.google.android.photostream.LoginActivity"]}, {"1ef2088ddbf9199e51e82c8e2cf12a50": ["0", "com.google.android.photostream.LoginActivity"]}, {"1ef2088ddbf9199e51e82c8e2cf12a50": ["0", "com.google.android.photostream.LoginActivity"]}, {"1ef2088ddbf9199e51e82c8e2cf12a50": ["0", "com.google.android.photostream.LoginActivity"]}, {"1ef2088ddbf9199e51e82c8e2cf12a50": ["0", "com.google.android.photostream.LoginActivity"]}, {"1ef2088ddbf9199e51e82c8e2cf12a50": ["0", "com.google.android.photostream.LoginActivity"]}, {"1ef2088ddbf9199e51e82c8e2cf12a50": ["0", "com.google.android.photostream.LoginActivity"]}, {"1ef2088ddbf9199e51e82c8e2cf12a50": ["0", "com.google.android.photostream.LoginActivity"]}, {"1ef2088ddbf9199e51e82c8e2cf12a50": ["0", "com.google.android.photostream.LoginActivity"]}, {"1ef2088ddbf9199e51e82c8e2cf12a50": ["0", "com.google.android.photostream.LoginActivity"]}, {"1ef2088ddbf9199e51e82c8e2cf12a50": ["0", "com.google.android.photostream.LoginActivity"]}, {"1ef2088ddbf9199e51e82c8e2cf12a50": ["0", "com.google.android.photostream.LoginActivity"]}, {"1ef2088ddbf9199e51e82c8e2cf12a50": ["0", "com.google.android.photostream.LoginActivity"]}, {"1ef2088ddbf9199e51e82c8e2cf12a50": ["0", "com.google.android.photostream.LoginActivity"]}, {"1ef2088ddbf9199e51e82c8e2cf12a50": ["0", "com.google.android.photostream.LoginActivity"]}, {"1ef2088ddbf9199e51e82c8e2cf12a50": ["0", "com.google.android.photostream.LoginActivity"]}, {"1ef2088ddbf9199e51e82c8e2cf12a50": ["0", "com.google.android.photostream.LoginActivity"]}, {"1ef2088ddbf9199e51e82c8e2cf12a50": ["0", "com.google.android.photostream.LoginActivity"]}, {"1ef2088ddbf9199e51e82c8e2cf12a50": ["0", "com.google.android.photostream.LoginActivity"]}, {"1ef2088ddbf9199e51e82c8e2cf12a50": ["0", "com.google.android.photostream.LoginActivity"]}, {"1ef2088ddbf9199e51e82c8e2cf12a50": ["0", "com.google.android.photostream.LoginActivity"]}, {"1ef2088ddbf9199e51e82c8e2cf12a50": ["0", "com.google.android.photostream.LoginActivity"]}, {"1ef2088ddbf9199e51e82c8e2cf12a50": ["0", "com.google.android.photostream.LoginActivity"]}, {"1ef2088ddbf9199e51e82c8e2cf12a50": ["0", "com.google.android.photostream.LoginActivity"]}, {"1ef2088ddbf9199e51e82c8e2cf12a50": ["0", "com.google.android.photostream.LoginActivity"]}, {"1ef2088ddbf9199e51e82c8e2cf12a50": ["0", "com.google.android.photostream.LoginActivity"]}, {"1ef2088ddbf9199e51e82c8e2cf12a50": ["0", "com.google.android.photostream.LoginActivity"]}, {"1ef2088ddbf9199e51e82c8e2cf12a50": ["0", "com.google.android.photostream.LoginActivity"]}, {"1ef2088ddbf9199e51e82c8e2cf12a50": ["0", "com.google.android.photostream.LoginActivity"]}, {"1ef2088ddbf9199e51e82c8e2cf12a50": ["0", "com.google.android.photostream.LoginActivity"]}, {"1ef2088ddbf9199e51e82c8e2cf12a50": ["0", "com.google.android.photostream.LoginActivity"]}, {"1ef2088ddbf9199e51e82c8e2cf12a50": ["0", "com.google.android.photostream.LoginActivity"]}, {"1ef2088ddbf9199e51e82c8e2cf12a50": ["0", "com.google.android.photostream.LoginActivity"]}, {"1ef2088ddbf9199e51e82c8e2cf12a50": ["0", "com.google.android.photostream.LoginActivity"]}, {"1ef2088ddbf9199e51e82c8e2cf12a50": ["0", "com.google.android.photostream.LoginActivity"]}, {"1ef2088ddbf9199e51e82c8e2cf12a50": ["0", "com.google.android.photostream.LoginActivity"]}, {"1ef2088ddbf9199e51e82c8e2cf12a50": ["0", "com.google.android.photostream.LoginActivity"]}, {"1ef2088ddbf9199e51e82c8e2cf12a50": ["0", "com.google.android.photostream.LoginActivity"]}, {"1ef2088ddbf9199e51e82c8e2cf12a50": ["0", "com.google.android.photostream.LoginActivity"]}, {"1ef2088ddbf9199e51e82c8e2cf12a50": ["0", "com.google.android.photostream.LoginActivity"]}, {"1ef2088ddbf9199e51e82c8e2cf12a50": ["0", "com.google.android.photostream.LoginActivity"]}, {"1ef2088ddbf9199e51e82c8e2cf12a50": ["0", "com.google.android.photostream.LoginActivity"]}, {"1ef2088ddbf9199e51e82c8e2cf12a50": ["0", "com.google.android.photostream.LoginActivity"]}, {"1ef2088ddbf9199e51e82c8e2cf12a50": ["0", "com.google.android.photostream.LoginActivity"]}, {"1ef2088ddbf9199e51e82c8e2cf12a50": ["0", "com.google.android.photostream.LoginActivity"]}, {"1ef2088ddbf9199e51e82c8e2cf12a50": ["0", "com.google.android.photostream.LoginActivity"]}, {"1ef2088ddbf9199e51e82c8e2cf12a50": ["0", "com.google.android.photostream.LoginActivity"]}, {"1ef2088ddbf9199e51e82c8e2cf12a50": ["0", "com.google.android.photostream.LoginActivity"]}, {"1ef2088ddbf9199e51e82c8e2cf12a50": ["0", "com.google.android.photostream.LoginActivity"]}, {"1ef2088ddbf9199e51e82c8e2cf12a50": ["0", "com.google.android.photostream.LoginActivity"]}, {"1ef2088ddbf9199e51e82c8e2cf12a50": ["0", "com.google.android.photostream.LoginActivity"]}, {"1ef2088ddbf9199e51e82c8e2cf12a50": ["0", "com.google.android.photostream.LoginActivity"]}, {"1ef2088ddbf9199e51e82c8e2cf12a50": ["0", "com.google.android.photostream.LoginActivity"]}, {"1ef2088ddbf9199e51e82c8e2cf12a50": ["0", "com.google.android.photostream.LoginActivity"]}, {"1ef2088ddbf9199e51e82c8e2cf12a50": ["0", "com.google.android.photostream.LoginActivity"]}, {"1ef2088ddbf9199e51e82c8e2cf12a50": ["0", "com.google.android.photostream.LoginActivity"]}, {"1ef2088ddbf9199e51e82c8e2cf12a50": ["0", "com.google.android.photostream.LoginActivity"]}, {"1ef2088ddbf9199e51e82c8e2cf12a50": ["0", "com.google.android.photostream.LoginActivity"]}, {"1ef2088ddbf9199e51e82c8e2cf12a50": ["0", "com.google.android.photostream.LoginActivity"]}, {"1ef2088ddbf9199e51e82c8e2cf12a50": ["0", "com.google.android.photostream.LoginActivity"]}, {"1ef2088ddbf9199e51e82c8e2cf12a50": ["0", "com.google.android.photostream.LoginActivity"]}, {"1ef2088ddbf9199e51e82c8e2cf12a50": ["0", "com.google.android.photostream.LoginActivity"]}, {"1ef2088ddbf9199e51e82c8e2cf12a50": ["0", "com.google.android.photostream.LoginActivity"]}, {"1ef2088ddbf9199e51e82c8e2cf12a50": ["0", "com.google.android.photostream.LoginActivity"]}, {"1ef2088ddbf9199e51e82c8e2cf12a50": ["0", "com.google.android.photostream.LoginActivity"]}, {"1ef2088ddbf9199e51e82c8e2cf12a50": ["0", "com.google.android.photostream.LoginActivity"]}, {"1ef2088ddbf9199e51e82c8e2cf12a50": ["0", "com.google.android.photostream.LoginActivity"]}, {"1ef2088ddbf9199e51e82c8e2cf12a50": ["0", "com.google.android.photostream.LoginActivity"]}, {"1ef2088ddbf9199e51e82c8e2cf12a50": ["0", "com.google.android.photostream.LoginActivity"]}, {"1ef2088ddbf9199e51e82c8e2cf12a50": ["0", "com.google.android.photostream.LoginActivity"]}, {"1ef2088ddbf9199e51e82c8e2cf12a50": ["0", "com.google.android.photostream.LoginActivity"]}, {"1ef2088ddbf9199e51e82c8e2cf12a50": ["0", "com.google.android.photostream.LoginActivity"]}, {"1ef2088ddbf9199e51e82c8e2cf12a50": ["0", "com.google.android.photostream.LoginActivity"]}, {"1ef2088ddbf9199e51e82c8e2cf12a50": ["0", "com.google.android.photostream.LoginActivity"]}, {"1ef2088ddbf9199e51e82c8e2cf12a50": ["0", "com.google.android.photostream.LoginActivity"]}, {"1ef2088ddbf9199e51e82c8e2cf12a50": ["0", "com.google.android.photostream.LoginActivity"]}, {"1ef2088ddbf9199e51e82c8e2cf12a50": ["0", "com.google.android.photostream.LoginActivity"]}, {"1ef2088ddbf9199e51e82c8e2cf12a50": ["0", "com.google.android.photostream.LoginActivity"]}, {"1ef2088ddbf9199e51e82c8e2cf12a50": ["0", "com.google.android.photostream.LoginActivity"]}, {"1ef2088ddbf9199e51e82c8e2cf12a50": ["0", "com.google.android.photostream.LoginActivity"]}, {"1ef2088ddbf9199e51e82c8e2cf12a50": ["0", "com.google.android.photostream.LoginActivity"]}, {"1ef2088ddbf9199e51e82c8e2cf12a50": ["0", "com.google.android.photostream.LoginActivity"]}, {"1ef2088ddbf9199e51e82c8e2cf12a50": ["0", "com.google.android.photostream.LoginActivity"]}, {"1ef2088ddbf9199e51e82c8e2cf12a50": ["0", "com.google.android.photostream.LoginActivity"]}, {"1ef2088ddbf9199e51e82c8e2cf12a50": ["0", "com.google.android.photostream.LoginActivity"]}, {"1ef2088ddbf9199e51e82c8e2cf12a50": ["0", "com.google.android.photostream.LoginActivity"]}, {"1ef2088ddbf9199e51e82c8e2cf12a50": ["0", "com.google.android.photostream.LoginActivity"]}, {"1ef2088ddbf9199e51e82c8e2cf12a50": ["0", "com.google.android.photostream.LoginActivity"]}, {"1ef2088ddbf9199e51e82c8e2cf12a50": ["0", "com.google.android.photostream.LoginActivity"]}, {"1ef2088ddbf9199e51e82c8e2cf12a50": ["0", "com.google.android.photostream.LoginActivity"]}, {"1ef2088ddbf9199e51e82c8e2cf12a50": ["0", "com.google.android.photostream.LoginActivity"]}, {"1ef2088ddbf9199e51e82c8e2cf12a50": ["0", "com.google.android.photostream.LoginActivity"]}, {"1ef2088ddbf9199e51e82c8e2cf12a50": ["0", "com.google.android.photostream.LoginActivity"]}, {"1ef2088ddbf9199e51e82c8e2cf12a50": ["0", "com.google.android.photostream.LoginActivity"]}, {"1ef2088ddbf9199e51e82c8e2cf12a50": ["0", "com.google.android.photostream.LoginActivity"]}, {"1ef2088ddbf9199e51e82c8e2cf12a50": ["0", "com.google.android.photostream.LoginActivity"]}, {"1ef2088ddbf9199e51e82c8e2cf12a50": ["0", "com.google.android.photostream.LoginActivity"]}, {"1ef2088ddbf9199e51e82c8e2cf12a50": ["0", "com.google.android.photostream.LoginActivity"]}, {"1ef2088ddbf9199e51e82c8e2cf12a50": ["0", "com.google.android.photostream.LoginActivity"]}, {"1ef2088ddbf9199e51e82c8e2cf12a50": ["0", "com.google.android.photostream.LoginActivity"]}, {"1ef2088ddbf9199e51e82c8e2cf12a50": ["0", "com.google.android.photostream.LoginActivity"]}, {"1ef2088ddbf9199e51e82c8e2cf12a50": ["0", "com.google.android.photostream.LoginActivity"]}, {"1ef2088ddbf9199e51e82c8e2cf12a50": ["0", "com.google.android.photostream.LoginActivity"]}, {"1ef2088ddbf9199e51e82c8e2cf12a50": ["0", "com.google.android.photostream.LoginActivity"]}, {"1ef2088ddbf9199e51e82c8e2cf12a50": ["0", "com.google.android.photostream.LoginActivity"]}, {"1ef2088ddbf9199e51e82c8e2cf12a50": ["0", "com.google.android.photostream.LoginActivity"]}, {"1ef2088ddbf9199e51e82c8e2cf12a50": ["0", "com.google.android.photostream.LoginActivity"]}, {"1ef2088ddbf9199e51e82c8e2cf12a50": ["0", "com.google.android.photostream.LoginActivity"]}, {"1ef2088ddbf9199e51e82c8e2cf12a50": ["0", "com.google.android.photostream.LoginActivity"]}, {"1ef2088ddbf9199e51e82c8e2cf12a50": ["0", "com.google.android.photostream.LoginActivity"]}, {"1ef2088ddbf9199e51e82c8e2cf12a50": ["0", "com.google.android.photostream.LoginActivity"]}, {"1ef2088ddbf9199e51e82c8e2cf12a50": ["0", "com.google.android.photostream.LoginActivity"]}, {"1ef2088ddbf9199e51e82c8e2cf12a50": ["0", "com.google.android.photostream.LoginActivity"]}, {"1ef2088ddbf9199e51e82c8e2cf12a50": ["0", "com.google.android.photostream.LoginActivity"]}, {"1ef2088ddbf9199e51e82c8e2cf12a50": ["0", "com.google.android.photostream.LoginActivity"]}, {"1ef2088ddbf9199e51e82c8e2cf12a50": ["0", "com.google.android.photostream.LoginActivity"]}, {"1ef2088ddbf9199e51e82c8e2cf12a50": ["0", "com.google.android.photostream.LoginActivity"]}, {"1ef2088ddbf9199e51e82c8e2cf12a50": ["0", "com.google.android.photostream.LoginActivity"]}, {"1ef2088ddbf9199e51e82c8e2cf12a50": ["0", "com.google.android.photostream.LoginActivity"]}, {"1ef2088ddbf9199e51e82c8e2cf12a50": ["0", "com.google.android.photostream.LoginActivity"]}, {"1ef2088ddbf9199e51e82c8e2cf12a50": ["0", "com.google.android.photostream.LoginActivity"]}, {"1ef2088ddbf9199e51e82c8e2cf12a50": ["0", "com.google.android.photostream.LoginActivity"]}, {"1ef2088ddbf9199e51e82c8e2cf12a50": ["0", "com.google.android.photostream.LoginActivity"]}, {"1ef2088ddbf9199e51e82c8e2cf12a50": ["0", "com.google.android.photostream.LoginActivity"]}, {"1ef2088ddbf9199e51e82c8e2cf12a50": ["0", "com.google.android.photostream.LoginActivity"]}, {"1ef2088ddbf9199e51e82c8e2cf12a50": ["0", "com.google.android.photostream.LoginActivity"]}, {"1ef2088ddbf9199e51e82c8e2cf12a50": ["0", "com.google.android.photostream.LoginActivity"]}, {"1ef2088ddbf9199e51e82c8e2cf12a50": ["0", "com.google.android.photostream.LoginActivity"]}, {"1ef2088ddbf9199e51e82c8e2cf12a50": ["0", "com.google.android.photostream.LoginActivity"]}, {"1ef2088ddbf9199e51e82c8e2cf12a50": ["0", "com.google.android.photostream.LoginActivity"]}, {"1ef2088ddbf9199e51e82c8e2cf12a50": ["0", "com.google.android.photostream.LoginActivity"]}, {"1ef2088ddbf9199e51e82c8e2cf12a50": ["0", "com.google.android.photostream.LoginActivity"]}, {"1ef2088ddbf9199e51e82c8e2cf12a50": ["0", "com.google.android.photostream.LoginActivity"]}, {"1ef2088ddbf9199e51e82c8e2cf12a50": ["0", "com.google.android.photostream.LoginActivity"]}, {"1ef2088ddbf9199e51e82c8e2cf12a50": ["0", "com.google.android.photostream.LoginActivity"]}, {"1ef2088ddbf9199e51e82c8e2cf12a50": ["0", "com.google.android.photostream.LoginActivity"]}, {"1ef2088ddbf9199e51e82c8e2cf12a50": ["0", "com.google.android.photostream.LoginActivity"]}, {"1ef2088ddbf9199e51e82c8e2cf12a50": ["0", "com.google.android.photostream.LoginActivity"]}, {"1ef2088ddbf9199e51e82c8e2cf12a50": ["0", "com.google.android.photostream.LoginActivity"]}, {"1ef2088ddbf9199e51e82c8e2cf12a50": ["0", "com.google.android.photostream.LoginActivity"]}, {"1ef2088ddbf9199e51e82c8e2cf12a50": ["0", "com.google.android.photostream.LoginActivity"]}, {"1ef2088ddbf9199e51e82c8e2cf12a50": ["0", "com.google.android.photostream.LoginActivity"]}, {"1ef2088ddbf9199e51e82c8e2cf12a50": ["0", "com.google.android.photostream.LoginActivity"]}, {"1ef2088ddbf9199e51e82c8e2cf12a50": ["0", "com.google.android.photostream.LoginActivity"]}, {"1ef2088ddbf9199e51e82c8e2cf12a50": ["0", "com.google.android.photostream.LoginActivity"]}, {"1ef2088ddbf9199e51e82c8e2cf12a50": ["0", "com.google.android.photostream.LoginActivity"]}, {"1ef2088ddbf9199e51e82c8e2cf12a50": ["0", "com.google.android.photostream.LoginActivity"]}, {"1ef2088ddbf9199e51e82c8e2cf12a50": ["0", "com.google.android.photostream.LoginActivity"]}, {"1ef2088ddbf9199e51e82c8e2cf12a50": ["0", "com.google.android.photostream.LoginActivity"]}, {"1ef2088ddbf9199e51e82c8e2cf12a50": ["0", "com.google.android.photostream.LoginActivity"]}, {"1ef2088ddbf9199e51e82c8e2cf12a50": ["0", "com.google.android.photostream.LoginActivity"]}, {"1ef2088ddbf9199e51e82c8e2cf12a50": ["0", "com.google.android.photostream.LoginActivity"]}, {"1ef2088ddbf9199e51e82c8e2cf12a50": ["0", "com.google.android.photostream.LoginActivity"]}, {"1ef2088ddbf9199e51e82c8e2cf12a50": ["0", "com.google.android.photostream.LoginActivity"]}, {"1ef2088ddbf9199e51e82c8e2cf12a50": ["0", "com.google.android.photostream.LoginActivity"]}, {"1ef2088ddbf9199e51e82c8e2cf12a50": ["0", "com.google.android.photostream.LoginActivity"]}, {"1ef2088ddbf9199e51e82c8e2cf12a50": ["0", "com.google.android.photostream.LoginActivity"]}, {"1ef2088ddbf9199e51e82c8e2cf12a50": ["0", "com.google.android.photostream.LoginActivity"]}, {"1ef2088ddbf9199e51e82c8e2cf12a50": ["0", "com.google.android.photostream.LoginActivity"]}, {"1ef2088ddbf9199e51e82c8e2cf12a50": ["0", "com.google.android.photostream.LoginActivity"]}, {"1ef2088ddbf9199e51e82c8e2cf12a50": ["0", "com.google.android.photostream.LoginActivity"]}, {"1ef2088ddbf9199e51e82c8e2cf12a50": ["0", "com.google.android.photostream.LoginActivity"]}, {"1ef2088ddbf9199e51e82c8e2cf12a50": ["0", "com.google.android.photostream.LoginActivity"]}, {"1ef2088ddbf9199e51e82c8e2cf12a50": ["0", "com.google.android.photostream.LoginActivity"]}, {"1ef2088ddbf9199e51e82c8e2cf12a50": ["0", "com.google.android.photostream.LoginActivity"]}, {"1ef2088ddbf9199e51e82c8e2cf12a50": ["0", "com.google.android.photostream.LoginActivity"]}, {"1ef2088ddbf9199e51e82c8e2cf12a50": ["0", "com.google.android.photostream.LoginActivity"]}, {"1ef2088ddbf9199e51e82c8e2cf12a50": ["0", "com.google.android.photostream.LoginActivity"]}, {"1ef2088ddbf9199e51e82c8e2cf12a50": ["0", "com.google.android.photostream.LoginActivity"]}]