[{"581e16aa53ddda5a407c1d052746b340": ["0", "com.ringdroid.RingdroidSelectActivity"]}, {"db9959a017890bfaf11a4f57861c249c": ["5", "com.ringdroid.RingdroidEditActivity"]}, {"581e16aa53ddda5a407c1d052746b340": ["0", "com.ringdroid.RingdroidSelectActivity"]}, {"db9959a017890bfaf11a4f57861c249c": ["5", "com.ringdroid.RingdroidEditActivity"]}, {"581e16aa53ddda5a407c1d052746b340": ["0", "com.ringdroid.RingdroidSelectActivity"]}, {"722206a9807f0ef22757d5e4a798afbe": ["6", "com.ringdroid.RingdroidSelectActivity"]}, {"30fec0e14390377d25126a38a1c32632": ["3", "com.ringdroid.RingdroidSelectActivity"]}, {"581e16aa53ddda5a407c1d052746b340": ["0", "com.ringdroid.RingdroidSelectActivity"]}, {"722206a9807f0ef22757d5e4a798afbe": ["6", "com.ringdroid.RingdroidSelectActivity"]}, {"581e16aa53ddda5a407c1d052746b340": ["0", "com.ringdroid.RingdroidSelectActivity"]}, {"db9959a017890bfaf11a4f57861c249c": ["5", "com.ringdroid.RingdroidEditActivity"]}, {"581e16aa53ddda5a407c1d052746b340": ["0", "com.ringdroid.RingdroidSelectActivity"]}, {"722206a9807f0ef22757d5e4a798afbe": ["6", "com.ringdroid.RingdroidSelectActivity"]}, {"581e16aa53ddda5a407c1d052746b340": ["0", "com.ringdroid.RingdroidSelectActivity"]}, {"722206a9807f0ef22757d5e4a798afbe": ["6", "com.ringdroid.RingdroidSelectActivity"]}, {"581e16aa53ddda5a407c1d052746b340": ["0", "com.ringdroid.RingdroidSelectActivity"]}, {"722206a9807f0ef22757d5e4a798afbe": ["6", "com.ringdroid.RingdroidSelectActivity"]}, {"581e16aa53ddda5a407c1d052746b340": ["0", "com.ringdroid.RingdroidSelectActivity"]}, {"883437e751af6ea399ea5d9012dfad29": ["1", "com.ringdroid.RingdroidSelectActivity"]}, {"bb8f132b796d1f6d013455a41b4c7bcd": ["2", "com.ringdroid.RingdroidEditActivity"]}, {"581e16aa53ddda5a407c1d052746b340": ["0", "com.ringdroid.RingdroidSelectActivity"]}, {"db9959a017890bfaf11a4f57861c249c": ["5", "com.ringdroid.RingdroidEditActivity"]}, {"581e16aa53ddda5a407c1d052746b340": ["0", "com.ringdroid.RingdroidSelectActivity"]}, {"db9959a017890bfaf11a4f57861c249c": ["5", "com.ringdroid.RingdroidEditActivity"]}, {"581e16aa53ddda5a407c1d052746b340": ["0", "com.ringdroid.RingdroidSelectActivity"]}, {"722206a9807f0ef22757d5e4a798afbe": ["6", "com.ringdroid.RingdroidSelectActivity"]}, {"30fec0e14390377d25126a38a1c32632": ["3", "com.ringdroid.RingdroidSelectActivity"]}, {"581e16aa53ddda5a407c1d052746b340": ["0", "com.ringdroid.RingdroidSelectActivity"]}, {"722206a9807f0ef22757d5e4a798afbe": ["6", "com.ringdroid.RingdroidSelectActivity"]}, {"581e16aa53ddda5a407c1d052746b340": ["0", "com.ringdroid.RingdroidSelectActivity"]}, {"db9959a017890bfaf11a4f57861c249c": ["5", "com.ringdroid.RingdroidEditActivity"]}, {"581e16aa53ddda5a407c1d052746b340": ["0", "com.ringdroid.RingdroidSelectActivity"]}, {"722206a9807f0ef22757d5e4a798afbe": ["6", "com.ringdroid.RingdroidSelectActivity"]}, {"581e16aa53ddda5a407c1d052746b340": ["0", "com.ringdroid.RingdroidSelectActivity"]}, {"722206a9807f0ef22757d5e4a798afbe": ["6", "com.ringdroid.RingdroidSelectActivity"]}, {"581e16aa53ddda5a407c1d052746b340": ["0", "com.ringdroid.RingdroidSelectActivity"]}, {"722206a9807f0ef22757d5e4a798afbe": ["6", "com.ringdroid.RingdroidSelectActivity"]}, {"581e16aa53ddda5a407c1d052746b340": ["0", "com.ringdroid.RingdroidSelectActivity"]}, {"883437e751af6ea399ea5d9012dfad29": ["1", "com.ringdroid.RingdroidSelectActivity"]}, {"db9959a017890bfaf11a4f57861c249c": ["5", "com.ringdroid.RingdroidEditActivity"]}, {"581e16aa53ddda5a407c1d052746b340": ["0", "com.ringdroid.RingdroidSelectActivity"]}, {"db9959a017890bfaf11a4f57861c249c": ["5", "com.ringdroid.RingdroidEditActivity"]}, {"581e16aa53ddda5a407c1d052746b340": ["0", "com.ringdroid.RingdroidSelectActivity"]}, {"db9959a017890bfaf11a4f57861c249c": ["5", "com.ringdroid.RingdroidEditActivity"]}, {"30fec0e14390377d25126a38a1c32632": ["3", "com.ringdroid.RingdroidSelectActivity"]}, {"581e16aa53ddda5a407c1d052746b340": ["0", "com.ringdroid.RingdroidSelectActivity"]}, {"722206a9807f0ef22757d5e4a798afbe": ["6", "com.ringdroid.RingdroidSelectActivity"]}, {"581e16aa53ddda5a407c1d052746b340": ["0", "com.ringdroid.RingdroidSelectActivity"]}, {"db9959a017890bfaf11a4f57861c249c": ["5", "com.ringdroid.RingdroidEditActivity"]}, {"581e16aa53ddda5a407c1d052746b340": ["0", "com.ringdroid.RingdroidSelectActivity"]}, {"722206a9807f0ef22757d5e4a798afbe": ["6", "com.ringdroid.RingdroidSelectActivity"]}, {"581e16aa53ddda5a407c1d052746b340": ["0", "com.ringdroid.RingdroidSelectActivity"]}, {"722206a9807f0ef22757d5e4a798afbe": ["6", "com.ringdroid.RingdroidSelectActivity"]}, {"581e16aa53ddda5a407c1d052746b340": ["0", "com.ringdroid.RingdroidSelectActivity"]}, {"722206a9807f0ef22757d5e4a798afbe": ["6", "com.ringdroid.RingdroidSelectActivity"]}, {"581e16aa53ddda5a407c1d052746b340": ["0", "com.ringdroid.RingdroidSelectActivity"]}, {"883437e751af6ea399ea5d9012dfad29": ["1", "com.ringdroid.RingdroidSelectActivity"]}, {"bb8f132b796d1f6d013455a41b4c7bcd": ["2", "com.ringdroid.RingdroidEditActivity"]}, {"581e16aa53ddda5a407c1d052746b340": ["0", "com.ringdroid.RingdroidSelectActivity"]}, {"db9959a017890bfaf11a4f57861c249c": ["5", "com.ringdroid.RingdroidEditActivity"]}, {"581e16aa53ddda5a407c1d052746b340": ["0", "com.ringdroid.RingdroidSelectActivity"]}, {"db9959a017890bfaf11a4f57861c249c": ["5", "com.ringdroid.RingdroidEditActivity"]}, {"581e16aa53ddda5a407c1d052746b340": ["0", "com.ringdroid.RingdroidSelectActivity"]}, {"722206a9807f0ef22757d5e4a798afbe": ["6", "com.ringdroid.RingdroidSelectActivity"]}, {"30fec0e14390377d25126a38a1c32632": ["3", "com.ringdroid.RingdroidSelectActivity"]}, {"581e16aa53ddda5a407c1d052746b340": ["0", "com.ringdroid.RingdroidSelectActivity"]}, {"722206a9807f0ef22757d5e4a798afbe": ["6", "com.ringdroid.RingdroidSelectActivity"]}, {"581e16aa53ddda5a407c1d052746b340": ["0", "com.ringdroid.RingdroidSelectActivity"]}, {"db9959a017890bfaf11a4f57861c249c": ["5", "com.ringdroid.RingdroidEditActivity"]}, {"581e16aa53ddda5a407c1d052746b340": ["0", "com.ringdroid.RingdroidSelectActivity"]}, {"722206a9807f0ef22757d5e4a798afbe": ["6", "com.ringdroid.RingdroidSelectActivity"]}, {"581e16aa53ddda5a407c1d052746b340": ["0", "com.ringdroid.RingdroidSelectActivity"]}, {"722206a9807f0ef22757d5e4a798afbe": ["6", "com.ringdroid.RingdroidSelectActivity"]}, {"581e16aa53ddda5a407c1d052746b340": ["0", "com.ringdroid.RingdroidSelectActivity"]}, {"722206a9807f0ef22757d5e4a798afbe": ["6", "com.ringdroid.RingdroidSelectActivity"]}, {"581e16aa53ddda5a407c1d052746b340": ["0", "com.ringdroid.RingdroidSelectActivity"]}, {"883437e751af6ea399ea5d9012dfad29": ["1", "com.ringdroid.RingdroidSelectActivity"]}, {"db9959a017890bfaf11a4f57861c249c": ["5", "com.ringdroid.RingdroidEditActivity"]}, {"581e16aa53ddda5a407c1d052746b340": ["0", "com.ringdroid.RingdroidSelectActivity"]}, {"db9959a017890bfaf11a4f57861c249c": ["5", "com.ringdroid.RingdroidEditActivity"]}, {"581e16aa53ddda5a407c1d052746b340": ["0", "com.ringdroid.RingdroidSelectActivity"]}, {"db9959a017890bfaf11a4f57861c249c": ["5", "com.ringdroid.RingdroidEditActivity"]}, {"581e16aa53ddda5a407c1d052746b340": ["0", "com.ringdroid.RingdroidSelectActivity"]}, {"722206a9807f0ef22757d5e4a798afbe": ["6", "com.ringdroid.RingdroidSelectActivity"]}, {"30fec0e14390377d25126a38a1c32632": ["3", "com.ringdroid.RingdroidSelectActivity"]}, {"581e16aa53ddda5a407c1d052746b340": ["0", "com.ringdroid.RingdroidSelectActivity"]}, {"722206a9807f0ef22757d5e4a798afbe": ["6", "com.ringdroid.RingdroidSelectActivity"]}, {"581e16aa53ddda5a407c1d052746b340": ["0", "com.ringdroid.RingdroidSelectActivity"]}, {"db9959a017890bfaf11a4f57861c249c": ["5", "com.ringdroid.RingdroidEditActivity"]}, {"581e16aa53ddda5a407c1d052746b340": ["0", "com.ringdroid.RingdroidSelectActivity"]}, {"722206a9807f0ef22757d5e4a798afbe": ["6", "com.ringdroid.RingdroidSelectActivity"]}, {"581e16aa53ddda5a407c1d052746b340": ["0", "com.ringdroid.RingdroidSelectActivity"]}, {"722206a9807f0ef22757d5e4a798afbe": ["6", "com.ringdroid.RingdroidSelectActivity"]}, {"581e16aa53ddda5a407c1d052746b340": ["0", "com.ringdroid.RingdroidSelectActivity"]}, {"722206a9807f0ef22757d5e4a798afbe": ["6", "com.ringdroid.RingdroidSelectActivity"]}, {"581e16aa53ddda5a407c1d052746b340": ["0", "com.ringdroid.RingdroidSelectActivity"]}, {"883437e751af6ea399ea5d9012dfad29": ["1", "com.ringdroid.RingdroidSelectActivity"]}, {"bb8f132b796d1f6d013455a41b4c7bcd": ["2", "com.ringdroid.RingdroidEditActivity"]}, {"581e16aa53ddda5a407c1d052746b340": ["0", "com.ringdroid.RingdroidSelectActivity"]}, {"db9959a017890bfaf11a4f57861c249c": ["5", "com.ringdroid.RingdroidEditActivity"]}, {"581e16aa53ddda5a407c1d052746b340": ["0", "com.ringdroid.RingdroidSelectActivity"]}, {"db9959a017890bfaf11a4f57861c249c": ["5", "com.ringdroid.RingdroidEditActivity"]}, {"581e16aa53ddda5a407c1d052746b340": ["0", "com.ringdroid.RingdroidSelectActivity"]}, {"722206a9807f0ef22757d5e4a798afbe": ["6", "com.ringdroid.RingdroidSelectActivity"]}, {"30fec0e14390377d25126a38a1c32632": ["3", "com.ringdroid.RingdroidSelectActivity"]}, {"581e16aa53ddda5a407c1d052746b340": ["0", "com.ringdroid.RingdroidSelectActivity"]}, {"722206a9807f0ef22757d5e4a798afbe": ["6", "com.ringdroid.RingdroidSelectActivity"]}, {"581e16aa53ddda5a407c1d052746b340": ["0", "com.ringdroid.RingdroidSelectActivity"]}, {"db9959a017890bfaf11a4f57861c249c": ["5", "com.ringdroid.RingdroidEditActivity"]}, {"581e16aa53ddda5a407c1d052746b340": ["0", "com.ringdroid.RingdroidSelectActivity"]}, {"722206a9807f0ef22757d5e4a798afbe": ["6", "com.ringdroid.RingdroidSelectActivity"]}, {"581e16aa53ddda5a407c1d052746b340": ["0", "com.ringdroid.RingdroidSelectActivity"]}, {"722206a9807f0ef22757d5e4a798afbe": ["6", "com.ringdroid.RingdroidSelectActivity"]}, {"581e16aa53ddda5a407c1d052746b340": ["0", "com.ringdroid.RingdroidSelectActivity"]}, {"722206a9807f0ef22757d5e4a798afbe": ["6", "com.ringdroid.RingdroidSelectActivity"]}, {"581e16aa53ddda5a407c1d052746b340": ["0", "com.ringdroid.RingdroidSelectActivity"]}, {"883437e751af6ea399ea5d9012dfad29": ["1", "com.ringdroid.RingdroidSelectActivity"]}, {"bb8f132b796d1f6d013455a41b4c7bcd": ["2", "com.ringdroid.RingdroidEditActivity"]}, {"581e16aa53ddda5a407c1d052746b340": ["0", "com.ringdroid.RingdroidSelectActivity"]}, {"db9959a017890bfaf11a4f57861c249c": ["5", "com.ringdroid.RingdroidEditActivity"]}, {"581e16aa53ddda5a407c1d052746b340": ["0", "com.ringdroid.RingdroidSelectActivity"]}, {"db9959a017890bfaf11a4f57861c249c": ["5", "com.ringdroid.RingdroidEditActivity"]}, {"581e16aa53ddda5a407c1d052746b340": ["0", "com.ringdroid.RingdroidSelectActivity"]}, {"722206a9807f0ef22757d5e4a798afbe": ["6", "com.ringdroid.RingdroidSelectActivity"]}, {"30fec0e14390377d25126a38a1c32632": ["3", "com.ringdroid.RingdroidSelectActivity"]}, {"581e16aa53ddda5a407c1d052746b340": ["0", "com.ringdroid.RingdroidSelectActivity"]}, {"722206a9807f0ef22757d5e4a798afbe": ["6", "com.ringdroid.RingdroidSelectActivity"]}, {"581e16aa53ddda5a407c1d052746b340": ["0", "com.ringdroid.RingdroidSelectActivity"]}, {"db9959a017890bfaf11a4f57861c249c": ["5", "com.ringdroid.RingdroidEditActivity"]}, {"581e16aa53ddda5a407c1d052746b340": ["0", "com.ringdroid.RingdroidSelectActivity"]}, {"722206a9807f0ef22757d5e4a798afbe": ["6", "com.ringdroid.RingdroidSelectActivity"]}, {"581e16aa53ddda5a407c1d052746b340": ["0", "com.ringdroid.RingdroidSelectActivity"]}, {"722206a9807f0ef22757d5e4a798afbe": ["6", "com.ringdroid.RingdroidSelectActivity"]}, {"581e16aa53ddda5a407c1d052746b340": ["0", "com.ringdroid.RingdroidSelectActivity"]}, {"722206a9807f0ef22757d5e4a798afbe": ["6", "com.ringdroid.RingdroidSelectActivity"]}, {"581e16aa53ddda5a407c1d052746b340": ["0", "com.ringdroid.RingdroidSelectActivity"]}, {"883437e751af6ea399ea5d9012dfad29": ["1", "com.ringdroid.RingdroidSelectActivity"]}, {"bb8f132b796d1f6d013455a41b4c7bcd": ["2", "com.ringdroid.RingdroidEditActivity"]}, {"581e16aa53ddda5a407c1d052746b340": ["0", "com.ringdroid.RingdroidSelectActivity"]}, {"db9959a017890bfaf11a4f57861c249c": ["5", "com.ringdroid.RingdroidEditActivity"]}, {"581e16aa53ddda5a407c1d052746b340": ["0", "com.ringdroid.RingdroidSelectActivity"]}, {"db9959a017890bfaf11a4f57861c249c": ["5", "com.ringdroid.RingdroidEditActivity"]}, {"581e16aa53ddda5a407c1d052746b340": ["0", "com.ringdroid.RingdroidSelectActivity"]}, {"722206a9807f0ef22757d5e4a798afbe": ["6", "com.ringdroid.RingdroidSelectActivity"]}, {"30fec0e14390377d25126a38a1c32632": ["3", "com.ringdroid.RingdroidSelectActivity"]}, {"581e16aa53ddda5a407c1d052746b340": ["0", "com.ringdroid.RingdroidSelectActivity"]}, {"722206a9807f0ef22757d5e4a798afbe": ["6", "com.ringdroid.RingdroidSelectActivity"]}, {"581e16aa53ddda5a407c1d052746b340": ["0", "com.ringdroid.RingdroidSelectActivity"]}, {"db9959a017890bfaf11a4f57861c249c": ["5", "com.ringdroid.RingdroidEditActivity"]}, {"581e16aa53ddda5a407c1d052746b340": ["0", "com.ringdroid.RingdroidSelectActivity"]}, {"722206a9807f0ef22757d5e4a798afbe": ["6", "com.ringdroid.RingdroidSelectActivity"]}, {"581e16aa53ddda5a407c1d052746b340": ["0", "com.ringdroid.RingdroidSelectActivity"]}, {"722206a9807f0ef22757d5e4a798afbe": ["6", "com.ringdroid.RingdroidSelectActivity"]}, {"581e16aa53ddda5a407c1d052746b340": ["0", "com.ringdroid.RingdroidSelectActivity"]}, {"722206a9807f0ef22757d5e4a798afbe": ["6", "com.ringdroid.RingdroidSelectActivity"]}, {"581e16aa53ddda5a407c1d052746b340": ["0", "com.ringdroid.RingdroidSelectActivity"]}, {"883437e751af6ea399ea5d9012dfad29": ["1", "com.ringdroid.RingdroidSelectActivity"]}, {"db9959a017890bfaf11a4f57861c249c": ["5", "com.ringdroid.RingdroidEditActivity"]}, {"581e16aa53ddda5a407c1d052746b340": ["0", "com.ringdroid.RingdroidSelectActivity"]}, {"db9959a017890bfaf11a4f57861c249c": ["5", "com.ringdroid.RingdroidEditActivity"]}, {"581e16aa53ddda5a407c1d052746b340": ["0", "com.ringdroid.RingdroidSelectActivity"]}, {"db9959a017890bfaf11a4f57861c249c": ["5", "com.ringdroid.RingdroidEditActivity"]}, {"581e16aa53ddda5a407c1d052746b340": ["0", "com.ringdroid.RingdroidSelectActivity"]}, {"722206a9807f0ef22757d5e4a798afbe": ["6", "com.ringdroid.RingdroidSelectActivity"]}, {"30fec0e14390377d25126a38a1c32632": ["3", "com.ringdroid.RingdroidSelectActivity"]}, {"581e16aa53ddda5a407c1d052746b340": ["0", "com.ringdroid.RingdroidSelectActivity"]}, {"722206a9807f0ef22757d5e4a798afbe": ["6", "com.ringdroid.RingdroidSelectActivity"]}, {"581e16aa53ddda5a407c1d052746b340": ["0", "com.ringdroid.RingdroidSelectActivity"]}, {"db9959a017890bfaf11a4f57861c249c": ["5", "com.ringdroid.RingdroidEditActivity"]}, {"581e16aa53ddda5a407c1d052746b340": ["0", "com.ringdroid.RingdroidSelectActivity"]}, {"722206a9807f0ef22757d5e4a798afbe": ["6", "com.ringdroid.RingdroidSelectActivity"]}, {"581e16aa53ddda5a407c1d052746b340": ["0", "com.ringdroid.RingdroidSelectActivity"]}, {"722206a9807f0ef22757d5e4a798afbe": ["6", "com.ringdroid.RingdroidSelectActivity"]}, {"581e16aa53ddda5a407c1d052746b340": ["0", "com.ringdroid.RingdroidSelectActivity"]}, {"722206a9807f0ef22757d5e4a798afbe": ["6", "com.ringdroid.RingdroidSelectActivity"]}, {"581e16aa53ddda5a407c1d052746b340": ["0", "com.ringdroid.RingdroidSelectActivity"]}, {"883437e751af6ea399ea5d9012dfad29": ["1", "com.ringdroid.RingdroidSelectActivity"]}, {"bb8f132b796d1f6d013455a41b4c7bcd": ["2", "com.ringdroid.RingdroidEditActivity"]}, {"581e16aa53ddda5a407c1d052746b340": ["0", "com.ringdroid.RingdroidSelectActivity"]}, {"db9959a017890bfaf11a4f57861c249c": ["5", "com.ringdroid.RingdroidEditActivity"]}, {"581e16aa53ddda5a407c1d052746b340": ["0", "com.ringdroid.RingdroidSelectActivity"]}, {"db9959a017890bfaf11a4f57861c249c": ["5", "com.ringdroid.RingdroidEditActivity"]}, {"581e16aa53ddda5a407c1d052746b340": ["0", "com.ringdroid.RingdroidSelectActivity"]}, {"722206a9807f0ef22757d5e4a798afbe": ["6", "com.ringdroid.RingdroidSelectActivity"]}, {"30fec0e14390377d25126a38a1c32632": ["3", "com.ringdroid.RingdroidSelectActivity"]}, {"581e16aa53ddda5a407c1d052746b340": ["0", "com.ringdroid.RingdroidSelectActivity"]}, {"722206a9807f0ef22757d5e4a798afbe": ["6", "com.ringdroid.RingdroidSelectActivity"]}, {"581e16aa53ddda5a407c1d052746b340": ["0", "com.ringdroid.RingdroidSelectActivity"]}, {"db9959a017890bfaf11a4f57861c249c": ["5", "com.ringdroid.RingdroidEditActivity"]}, {"581e16aa53ddda5a407c1d052746b340": ["0", "com.ringdroid.RingdroidSelectActivity"]}, {"722206a9807f0ef22757d5e4a798afbe": ["6", "com.ringdroid.RingdroidSelectActivity"]}, {"581e16aa53ddda5a407c1d052746b340": ["0", "com.ringdroid.RingdroidSelectActivity"]}, {"722206a9807f0ef22757d5e4a798afbe": ["6", "com.ringdroid.RingdroidSelectActivity"]}, {"581e16aa53ddda5a407c1d052746b340": ["0", "com.ringdroid.RingdroidSelectActivity"]}, {"722206a9807f0ef22757d5e4a798afbe": ["6", "com.ringdroid.RingdroidSelectActivity"]}, {"581e16aa53ddda5a407c1d052746b340": ["0", "com.ringdroid.RingdroidSelectActivity"]}, {"883437e751af6ea399ea5d9012dfad29": ["1", "com.ringdroid.RingdroidSelectActivity"]}, {"bb8f132b796d1f6d013455a41b4c7bcd": ["2", "com.ringdroid.RingdroidEditActivity"]}, {"581e16aa53ddda5a407c1d052746b340": ["0", "com.ringdroid.RingdroidSelectActivity"]}, {"db9959a017890bfaf11a4f57861c249c": ["5", "com.ringdroid.RingdroidEditActivity"]}, {"581e16aa53ddda5a407c1d052746b340": ["0", "com.ringdroid.RingdroidSelectActivity"]}, {"db9959a017890bfaf11a4f57861c249c": ["5", "com.ringdroid.RingdroidEditActivity"]}, {"581e16aa53ddda5a407c1d052746b340": ["0", "com.ringdroid.RingdroidSelectActivity"]}, {"722206a9807f0ef22757d5e4a798afbe": ["6", "com.ringdroid.RingdroidSelectActivity"]}, {"30fec0e14390377d25126a38a1c32632": ["3", "com.ringdroid.RingdroidSelectActivity"]}, {"581e16aa53ddda5a407c1d052746b340": ["0", "com.ringdroid.RingdroidSelectActivity"]}, {"722206a9807f0ef22757d5e4a798afbe": ["6", "com.ringdroid.RingdroidSelectActivity"]}, {"581e16aa53ddda5a407c1d052746b340": ["0", "com.ringdroid.RingdroidSelectActivity"]}, {"db9959a017890bfaf11a4f57861c249c": ["5", "com.ringdroid.RingdroidEditActivity"]}, {"581e16aa53ddda5a407c1d052746b340": ["0", "com.ringdroid.RingdroidSelectActivity"]}, {"722206a9807f0ef22757d5e4a798afbe": ["6", "com.ringdroid.RingdroidSelectActivity"]}, {"581e16aa53ddda5a407c1d052746b340": ["0", "com.ringdroid.RingdroidSelectActivity"]}, {"722206a9807f0ef22757d5e4a798afbe": ["6", "com.ringdroid.RingdroidSelectActivity"]}, {"581e16aa53ddda5a407c1d052746b340": ["0", "com.ringdroid.RingdroidSelectActivity"]}, {"722206a9807f0ef22757d5e4a798afbe": ["6", "com.ringdroid.RingdroidSelectActivity"]}, {"581e16aa53ddda5a407c1d052746b340": ["0", "com.ringdroid.RingdroidSelectActivity"]}, {"883437e751af6ea399ea5d9012dfad29": ["1", "com.ringdroid.RingdroidSelectActivity"]}, {"bb8f132b796d1f6d013455a41b4c7bcd": ["2", "com.ringdroid.RingdroidEditActivity"]}, {"581e16aa53ddda5a407c1d052746b340": ["0", "com.ringdroid.RingdroidSelectActivity"]}, {"db9959a017890bfaf11a4f57861c249c": ["5", "com.ringdroid.RingdroidEditActivity"]}, {"581e16aa53ddda5a407c1d052746b340": ["0", "com.ringdroid.RingdroidSelectActivity"]}, {"db9959a017890bfaf11a4f57861c249c": ["5", "com.ringdroid.RingdroidEditActivity"]}, {"30fec0e14390377d25126a38a1c32632": ["3", "com.ringdroid.RingdroidSelectActivity"]}, {"581e16aa53ddda5a407c1d052746b340": ["0", "com.ringdroid.RingdroidSelectActivity"]}, {"722206a9807f0ef22757d5e4a798afbe": ["6", "com.ringdroid.RingdroidSelectActivity"]}, {"581e16aa53ddda5a407c1d052746b340": ["0", "com.ringdroid.RingdroidSelectActivity"]}, {"db9959a017890bfaf11a4f57861c249c": ["5", "com.ringdroid.RingdroidEditActivity"]}, {"581e16aa53ddda5a407c1d052746b340": ["0", "com.ringdroid.RingdroidSelectActivity"]}, {"722206a9807f0ef22757d5e4a798afbe": ["6", "com.ringdroid.RingdroidSelectActivity"]}, {"581e16aa53ddda5a407c1d052746b340": ["0", "com.ringdroid.RingdroidSelectActivity"]}, {"722206a9807f0ef22757d5e4a798afbe": ["6", "com.ringdroid.RingdroidSelectActivity"]}, {"581e16aa53ddda5a407c1d052746b340": ["0", "com.ringdroid.RingdroidSelectActivity"]}, {"722206a9807f0ef22757d5e4a798afbe": ["6", "com.ringdroid.RingdroidSelectActivity"]}, {"581e16aa53ddda5a407c1d052746b340": ["0", "com.ringdroid.RingdroidSelectActivity"]}, {"883437e751af6ea399ea5d9012dfad29": ["1", "com.ringdroid.RingdroidSelectActivity"]}, {"bb8f132b796d1f6d013455a41b4c7bcd": ["2", "com.ringdroid.RingdroidEditActivity"]}, {"581e16aa53ddda5a407c1d052746b340": ["0", "com.ringdroid.RingdroidSelectActivity"]}, {"db9959a017890bfaf11a4f57861c249c": ["5", "com.ringdroid.RingdroidEditActivity"]}, {"581e16aa53ddda5a407c1d052746b340": ["0", "com.ringdroid.RingdroidSelectActivity"]}, {"db9959a017890bfaf11a4f57861c249c": ["5", "com.ringdroid.RingdroidEditActivity"]}, {"581e16aa53ddda5a407c1d052746b340": ["0", "com.ringdroid.RingdroidSelectActivity"]}, {"722206a9807f0ef22757d5e4a798afbe": ["6", "com.ringdroid.RingdroidSelectActivity"]}, {"30fec0e14390377d25126a38a1c32632": ["3", "com.ringdroid.RingdroidSelectActivity"]}, {"581e16aa53ddda5a407c1d052746b340": ["0", "com.ringdroid.RingdroidSelectActivity"]}, {"722206a9807f0ef22757d5e4a798afbe": ["6", "com.ringdroid.RingdroidSelectActivity"]}, {"581e16aa53ddda5a407c1d052746b340": ["0", "com.ringdroid.RingdroidSelectActivity"]}, {"db9959a017890bfaf11a4f57861c249c": ["5", "com.ringdroid.RingdroidEditActivity"]}, {"581e16aa53ddda5a407c1d052746b340": ["0", "com.ringdroid.RingdroidSelectActivity"]}, {"722206a9807f0ef22757d5e4a798afbe": ["6", "com.ringdroid.RingdroidSelectActivity"]}, {"581e16aa53ddda5a407c1d052746b340": ["0", "com.ringdroid.RingdroidSelectActivity"]}, {"722206a9807f0ef22757d5e4a798afbe": ["6", "com.ringdroid.RingdroidSelectActivity"]}, {"581e16aa53ddda5a407c1d052746b340": ["0", "com.ringdroid.RingdroidSelectActivity"]}, {"722206a9807f0ef22757d5e4a798afbe": ["6", "com.ringdroid.RingdroidSelectActivity"]}, {"581e16aa53ddda5a407c1d052746b340": ["0", "com.ringdroid.RingdroidSelectActivity"]}, {"883437e751af6ea399ea5d9012dfad29": ["1", "com.ringdroid.RingdroidSelectActivity"]}, {"bb8f132b796d1f6d013455a41b4c7bcd": ["2", "com.ringdroid.RingdroidEditActivity"]}, {"581e16aa53ddda5a407c1d052746b340": ["0", "com.ringdroid.RingdroidSelectActivity"]}, {"db9959a017890bfaf11a4f57861c249c": ["5", "com.ringdroid.RingdroidEditActivity"]}, {"581e16aa53ddda5a407c1d052746b340": ["0", "com.ringdroid.RingdroidSelectActivity"]}, {"db9959a017890bfaf11a4f57861c249c": ["5", "com.ringdroid.RingdroidEditActivity"]}, {"30fec0e14390377d25126a38a1c32632": ["3", "com.ringdroid.RingdroidSelectActivity"]}, {"581e16aa53ddda5a407c1d052746b340": ["0", "com.ringdroid.RingdroidSelectActivity"]}, {"722206a9807f0ef22757d5e4a798afbe": ["6", "com.ringdroid.RingdroidSelectActivity"]}, {"581e16aa53ddda5a407c1d052746b340": ["0", "com.ringdroid.RingdroidSelectActivity"]}, {"db9959a017890bfaf11a4f57861c249c": ["5", "com.ringdroid.RingdroidEditActivity"]}, {"581e16aa53ddda5a407c1d052746b340": ["0", "com.ringdroid.RingdroidSelectActivity"]}, {"722206a9807f0ef22757d5e4a798afbe": ["6", "com.ringdroid.RingdroidSelectActivity"]}, {"581e16aa53ddda5a407c1d052746b340": ["0", "com.ringdroid.RingdroidSelectActivity"]}, {"722206a9807f0ef22757d5e4a798afbe": ["6", "com.ringdroid.RingdroidSelectActivity"]}, {"581e16aa53ddda5a407c1d052746b340": ["0", "com.ringdroid.RingdroidSelectActivity"]}, {"722206a9807f0ef22757d5e4a798afbe": ["6", "com.ringdroid.RingdroidSelectActivity"]}, {"581e16aa53ddda5a407c1d052746b340": ["0", "com.ringdroid.RingdroidSelectActivity"]}, {"883437e751af6ea399ea5d9012dfad29": ["1", "com.ringdroid.RingdroidSelectActivity"]}]