[{"32f656e8ec13d4b8f9ed527a51c975e5": ["0", "net.mandaria.tippytipper.activities.TippyTipper"]}, {"32f656e8ec13d4b8f9ed527a51c975e5": ["0", "net.mandaria.tippytipper.activities.TippyTipper"]}, {"c25aea8ef27b619d7847283df036db5a": ["1", "net.mandaria.tippytipper.activities.Total"]}, {"c25aea8ef27b619d7847283df036db5a": ["1", "net.mandaria.tippytipper.activities.Total"]}, {"c25aea8ef27b619d7847283df036db5a": ["1", "net.mandaria.tippytipper.activities.Total"]}, {"bcc0e907d8ee1b5d6aa3508a8b82fb1f": ["2", "net.mandaria.tippytipper.activities.SplitBill"]}, {"bcc0e907d8ee1b5d6aa3508a8b82fb1f": ["2", "net.mandaria.tippytipper.activities.SplitBill"]}, {"bcc0e907d8ee1b5d6aa3508a8b82fb1f": ["2", "net.mandaria.tippytipper.activities.SplitBill"]}, {"bcc0e907d8ee1b5d6aa3508a8b82fb1f": ["2", "net.mandaria.tippytipper.activities.SplitBill"]}, {"bcc0e907d8ee1b5d6aa3508a8b82fb1f": ["2", "net.mandaria.tippytipper.activities.SplitBill"]}, {"bcc0e907d8ee1b5d6aa3508a8b82fb1f": ["2", "net.mandaria.tippytipper.activities.SplitBill"]}, {"bcc0e907d8ee1b5d6aa3508a8b82fb1f": ["2", "net.mandaria.tippytipper.activities.SplitBill"]}, {"bcc0e907d8ee1b5d6aa3508a8b82fb1f": ["2", "net.mandaria.tippytipper.activities.SplitBill"]}, {"bcc0e907d8ee1b5d6aa3508a8b82fb1f": ["2", "net.mandaria.tippytipper.activities.SplitBill"]}, {"bcc0e907d8ee1b5d6aa3508a8b82fb1f": ["2", "net.mandaria.tippytipper.activities.SplitBill"]}, {"bcc0e907d8ee1b5d6aa3508a8b82fb1f": ["2", "net.mandaria.tippytipper.activities.SplitBill"]}, {"bcc0e907d8ee1b5d6aa3508a8b82fb1f": ["2", "net.mandaria.tippytipper.activities.SplitBill"]}, {"c25aea8ef27b619d7847283df036db5a": ["1", "net.mandaria.tippytipper.activities.Total"]}, {"c25aea8ef27b619d7847283df036db5a": ["1", "net.mandaria.tippytipper.activities.Total"]}, {"1592f64487300b5879eea706ecfae733": ["3", "net.mandaria.tippytipper.activities.Settings"]}, {"1592f64487300b5879eea706ecfae733": ["3", "net.mandaria.tippytipper.activities.Settings"]}, {"1592f64487300b5879eea706ecfae733": ["3", "net.mandaria.tippytipper.activities.Settings"]}, {"1592f64487300b5879eea706ecfae733": ["3", "net.mandaria.tippytipper.activities.Settings"]}, {"c25aea8ef27b619d7847283df036db5a": ["1", "net.mandaria.tippytipper.activities.Total"]}, {"bcc0e907d8ee1b5d6aa3508a8b82fb1f": ["2", "net.mandaria.tippytipper.activities.SplitBill"]}, {"bcc0e907d8ee1b5d6aa3508a8b82fb1f": ["2", "net.mandaria.tippytipper.activities.SplitBill"]}, {"bcc0e907d8ee1b5d6aa3508a8b82fb1f": ["2", "net.mandaria.tippytipper.activities.SplitBill"]}, {"bcc0e907d8ee1b5d6aa3508a8b82fb1f": ["2", "net.mandaria.tippytipper.activities.SplitBill"]}, {"bcc0e907d8ee1b5d6aa3508a8b82fb1f": ["2", "net.mandaria.tippytipper.activities.SplitBill"]}, {"bcc0e907d8ee1b5d6aa3508a8b82fb1f": ["2", "net.mandaria.tippytipper.activities.SplitBill"]}, {"bcc0e907d8ee1b5d6aa3508a8b82fb1f": ["2", "net.mandaria.tippytipper.activities.SplitBill"]}, {"bcc0e907d8ee1b5d6aa3508a8b82fb1f": ["2", "net.mandaria.tippytipper.activities.SplitBill"]}, {"bcc0e907d8ee1b5d6aa3508a8b82fb1f": ["2", "net.mandaria.tippytipper.activities.SplitBill"]}, {"bcc0e907d8ee1b5d6aa3508a8b82fb1f": ["2", "net.mandaria.tippytipper.activities.SplitBill"]}, {"bcc0e907d8ee1b5d6aa3508a8b82fb1f": ["2", "net.mandaria.tippytipper.activities.SplitBill"]}, {"1592f64487300b5879eea706ecfae733": ["3", "net.mandaria.tippytipper.activities.Settings"]}, {"181aa8de831a081aaf5de6b6ae04d45b": ["9", "net.mandaria.tippytipper.activities.Settings"]}, {"1592f64487300b5879eea706ecfae733": ["3", "net.mandaria.tippytipper.activities.Settings"]}, {"1592f64487300b5879eea706ecfae733": ["3", "net.mandaria.tippytipper.activities.Settings"]}, {"310cc7a6675bb74c87fef76f320a92e9": ["10", "net.mandaria.tippytipper.activities.Settings"]}, {"cfcdda67bf99d6d829d8815fbb272626": ["4", "net.mandaria.tippytipper.activities.Settings"]}, {"310cc7a6675bb74c87fef76f320a92e9": ["10", "net.mandaria.tippytipper.activities.Settings"]}, {"310cc7a6675bb74c87fef76f320a92e9": ["10", "net.mandaria.tippytipper.activities.Settings"]}, {"27399baa1428f591c2b0b89f2e767d6d": ["11", "net.mandaria.tippytipper.activities.Settings"]}, {"2e16d714ae2ac53409bddfd16791b317": ["6", "net.mandaria.tippytipper.activities.Settings"]}, {"27399baa1428f591c2b0b89f2e767d6d": ["11", "net.mandaria.tippytipper.activities.Settings"]}, {"2e16d714ae2ac53409bddfd16791b317": ["6", "net.mandaria.tippytipper.activities.Settings"]}, {"c25aea8ef27b619d7847283df036db5a": ["1", "net.mandaria.tippytipper.activities.Total"]}, {"bcc0e907d8ee1b5d6aa3508a8b82fb1f": ["2", "net.mandaria.tippytipper.activities.SplitBill"]}, {"c25aea8ef27b619d7847283df036db5a": ["1", "net.mandaria.tippytipper.activities.Total"]}, {"bcc0e907d8ee1b5d6aa3508a8b82fb1f": ["2", "net.mandaria.tippytipper.activities.SplitBill"]}, {"bcc0e907d8ee1b5d6aa3508a8b82fb1f": ["2", "net.mandaria.tippytipper.activities.SplitBill"]}, {"bcc0e907d8ee1b5d6aa3508a8b82fb1f": ["2", "net.mandaria.tippytipper.activities.SplitBill"]}, {"bcc0e907d8ee1b5d6aa3508a8b82fb1f": ["2", "net.mandaria.tippytipper.activities.SplitBill"]}, {"bcc0e907d8ee1b5d6aa3508a8b82fb1f": ["2", "net.mandaria.tippytipper.activities.SplitBill"]}, {"bcc0e907d8ee1b5d6aa3508a8b82fb1f": ["2", "net.mandaria.tippytipper.activities.SplitBill"]}, {"bcc0e907d8ee1b5d6aa3508a8b82fb1f": ["2", "net.mandaria.tippytipper.activities.SplitBill"]}, {"bcc0e907d8ee1b5d6aa3508a8b82fb1f": ["2", "net.mandaria.tippytipper.activities.SplitBill"]}, {"bcc0e907d8ee1b5d6aa3508a8b82fb1f": ["2", "net.mandaria.tippytipper.activities.SplitBill"]}, {"bcc0e907d8ee1b5d6aa3508a8b82fb1f": ["2", "net.mandaria.tippytipper.activities.SplitBill"]}, {"bcc0e907d8ee1b5d6aa3508a8b82fb1f": ["2", "net.mandaria.tippytipper.activities.SplitBill"]}, {"bcc0e907d8ee1b5d6aa3508a8b82fb1f": ["2", "net.mandaria.tippytipper.activities.SplitBill"]}, {"bcc0e907d8ee1b5d6aa3508a8b82fb1f": ["2", "net.mandaria.tippytipper.activities.SplitBill"]}, {"bcc0e907d8ee1b5d6aa3508a8b82fb1f": ["2", "net.mandaria.tippytipper.activities.SplitBill"]}, {"bcc0e907d8ee1b5d6aa3508a8b82fb1f": ["2", "net.mandaria.tippytipper.activities.SplitBill"]}, {"bcc0e907d8ee1b5d6aa3508a8b82fb1f": ["2", "net.mandaria.tippytipper.activities.SplitBill"]}, {"bcc0e907d8ee1b5d6aa3508a8b82fb1f": ["2", "net.mandaria.tippytipper.activities.SplitBill"]}, {"bcc0e907d8ee1b5d6aa3508a8b82fb1f": ["2", "net.mandaria.tippytipper.activities.SplitBill"]}, {"bcc0e907d8ee1b5d6aa3508a8b82fb1f": ["2", "net.mandaria.tippytipper.activities.SplitBill"]}, {"1592f64487300b5879eea706ecfae733": ["3", "net.mandaria.tippytipper.activities.Settings"]}, {"1592f64487300b5879eea706ecfae733": ["3", "net.mandaria.tippytipper.activities.Settings"]}, {"1592f64487300b5879eea706ecfae733": ["3", "net.mandaria.tippytipper.activities.Settings"]}, {"90b666594a9f799ed1b3b6f3e98f49c7": ["12", "net.mandaria.tippytipper.activities.Settings"]}, {"96b60e8381d0d4a1e08492b5c1eb3da8": ["13", "net.mandaria.tippytipper.activities.Settings"]}, {"96b60e8381d0d4a1e08492b5c1eb3da8": ["13", "net.mandaria.tippytipper.activities.Settings"]}, {"96b60e8381d0d4a1e08492b5c1eb3da8": ["13", "net.mandaria.tippytipper.activities.Settings"]}, {"944bc3980afa190ef4b16f9ef21c068a": ["8", "net.mandaria.tippytipper.activities.Settings"]}, {"27399baa1428f591c2b0b89f2e767d6d": ["11", "net.mandaria.tippytipper.activities.Settings"]}, {"cfcdda67bf99d6d829d8815fbb272626": ["4", "net.mandaria.tippytipper.activities.Settings"]}, {"43e6f6bb1e7ada32ef9b0d735f586190": ["14", "net.mandaria.tippytipper.activities.Settings"]}, {"cfcdda67bf99d6d829d8815fbb272626": ["4", "net.mandaria.tippytipper.activities.Settings"]}, {"1592f64487300b5879eea706ecfae733": ["3", "net.mandaria.tippytipper.activities.Settings"]}, {"cfcdda67bf99d6d829d8815fbb272626": ["4", "net.mandaria.tippytipper.activities.Settings"]}, {"1592f64487300b5879eea706ecfae733": ["3", "net.mandaria.tippytipper.activities.Settings"]}, {"cfcdda67bf99d6d829d8815fbb272626": ["4", "net.mandaria.tippytipper.activities.Settings"]}, {"1592f64487300b5879eea706ecfae733": ["3", "net.mandaria.tippytipper.activities.Settings"]}, {"618c6d7e9ed1ac1526401f7d033fbb62": ["5", "net.mandaria.tippytipper.activities.Settings"]}, {"618c6d7e9ed1ac1526401f7d033fbb62": ["5", "net.mandaria.tippytipper.activities.Settings"]}, {"618c6d7e9ed1ac1526401f7d033fbb62": ["5", "net.mandaria.tippytipper.activities.Settings"]}, {"618c6d7e9ed1ac1526401f7d033fbb62": ["5", "net.mandaria.tippytipper.activities.Settings"]}, {"1592f64487300b5879eea706ecfae733": ["3", "net.mandaria.tippytipper.activities.Settings"]}, {"1592f64487300b5879eea706ecfae733": ["3", "net.mandaria.tippytipper.activities.Settings"]}, {"1592f64487300b5879eea706ecfae733": ["3", "net.mandaria.tippytipper.activities.Settings"]}, {"cfcdda67bf99d6d829d8815fbb272626": ["4", "net.mandaria.tippytipper.activities.Settings"]}, {"90b666594a9f799ed1b3b6f3e98f49c7": ["12", "net.mandaria.tippytipper.activities.Settings"]}, {"90b666594a9f799ed1b3b6f3e98f49c7": ["12", "net.mandaria.tippytipper.activities.Settings"]}, {"2e16d714ae2ac53409bddfd16791b317": ["6", "net.mandaria.tippytipper.activities.Settings"]}, {"90b666594a9f799ed1b3b6f3e98f49c7": ["12", "net.mandaria.tippytipper.activities.Settings"]}, {"2e16d714ae2ac53409bddfd16791b317": ["6", "net.mandaria.tippytipper.activities.Settings"]}, {"618c6d7e9ed1ac1526401f7d033fbb62": ["5", "net.mandaria.tippytipper.activities.Settings"]}, {"944bc3980afa190ef4b16f9ef21c068a": ["8", "net.mandaria.tippytipper.activities.Settings"]}, {"944bc3980afa190ef4b16f9ef21c068a": ["8", "net.mandaria.tippytipper.activities.Settings"]}, {"1592f64487300b5879eea706ecfae733": ["3", "net.mandaria.tippytipper.activities.Settings"]}, {"cfcdda67bf99d6d829d8815fbb272626": ["4", "net.mandaria.tippytipper.activities.Settings"]}, {"1592f64487300b5879eea706ecfae733": ["3", "net.mandaria.tippytipper.activities.Settings"]}, {"1592f64487300b5879eea706ecfae733": ["3", "net.mandaria.tippytipper.activities.Settings"]}, {"27399baa1428f591c2b0b89f2e767d6d": ["11", "net.mandaria.tippytipper.activities.Settings"]}, {"27399baa1428f591c2b0b89f2e767d6d": ["11", "net.mandaria.tippytipper.activities.Settings"]}, {"27399baa1428f591c2b0b89f2e767d6d": ["11", "net.mandaria.tippytipper.activities.Settings"]}, {"cfcdda67bf99d6d829d8815fbb272626": ["4", "net.mandaria.tippytipper.activities.Settings"]}, {"27399baa1428f591c2b0b89f2e767d6d": ["11", "net.mandaria.tippytipper.activities.Settings"]}, {"27399baa1428f591c2b0b89f2e767d6d": ["11", "net.mandaria.tippytipper.activities.Settings"]}, {"27399baa1428f591c2b0b89f2e767d6d": ["11", "net.mandaria.tippytipper.activities.Settings"]}, {"27399baa1428f591c2b0b89f2e767d6d": ["11", "net.mandaria.tippytipper.activities.Settings"]}, {"c25aea8ef27b619d7847283df036db5a": ["1", "net.mandaria.tippytipper.activities.Total"]}, {"c25aea8ef27b619d7847283df036db5a": ["1", "net.mandaria.tippytipper.activities.Total"]}, {"c25aea8ef27b619d7847283df036db5a": ["1", "net.mandaria.tippytipper.activities.Total"]}, {"c25aea8ef27b619d7847283df036db5a": ["1", "net.mandaria.tippytipper.activities.Total"]}, {"bcc0e907d8ee1b5d6aa3508a8b82fb1f": ["2", "net.mandaria.tippytipper.activities.SplitBill"]}, {"bcc0e907d8ee1b5d6aa3508a8b82fb1f": ["2", "net.mandaria.tippytipper.activities.SplitBill"]}, {"bcc0e907d8ee1b5d6aa3508a8b82fb1f": ["2", "net.mandaria.tippytipper.activities.SplitBill"]}, {"bcc0e907d8ee1b5d6aa3508a8b82fb1f": ["2", "net.mandaria.tippytipper.activities.SplitBill"]}, {"bcc0e907d8ee1b5d6aa3508a8b82fb1f": ["2", "net.mandaria.tippytipper.activities.SplitBill"]}, {"bcc0e907d8ee1b5d6aa3508a8b82fb1f": ["2", "net.mandaria.tippytipper.activities.SplitBill"]}, {"bcc0e907d8ee1b5d6aa3508a8b82fb1f": ["2", "net.mandaria.tippytipper.activities.SplitBill"]}, {"bcc0e907d8ee1b5d6aa3508a8b82fb1f": ["2", "net.mandaria.tippytipper.activities.SplitBill"]}, {"bcc0e907d8ee1b5d6aa3508a8b82fb1f": ["2", "net.mandaria.tippytipper.activities.SplitBill"]}, {"bcc0e907d8ee1b5d6aa3508a8b82fb1f": ["2", "net.mandaria.tippytipper.activities.SplitBill"]}, {"bcc0e907d8ee1b5d6aa3508a8b82fb1f": ["2", "net.mandaria.tippytipper.activities.SplitBill"]}, {"bcc0e907d8ee1b5d6aa3508a8b82fb1f": ["2", "net.mandaria.tippytipper.activities.SplitBill"]}, {"bcc0e907d8ee1b5d6aa3508a8b82fb1f": ["2", "net.mandaria.tippytipper.activities.SplitBill"]}, {"bcc0e907d8ee1b5d6aa3508a8b82fb1f": ["2", "net.mandaria.tippytipper.activities.SplitBill"]}, {"bcc0e907d8ee1b5d6aa3508a8b82fb1f": ["2", "net.mandaria.tippytipper.activities.SplitBill"]}, {"bcc0e907d8ee1b5d6aa3508a8b82fb1f": ["2", "net.mandaria.tippytipper.activities.SplitBill"]}, {"bcc0e907d8ee1b5d6aa3508a8b82fb1f": ["2", "net.mandaria.tippytipper.activities.SplitBill"]}, {"32f656e8ec13d4b8f9ed527a51c975e5": ["0", "net.mandaria.tippytipper.activities.TippyTipper"]}, {"32f656e8ec13d4b8f9ed527a51c975e5": ["0", "net.mandaria.tippytipper.activities.TippyTipper"]}, {"32f656e8ec13d4b8f9ed527a51c975e5": ["0", "net.mandaria.tippytipper.activities.TippyTipper"]}, {"32f656e8ec13d4b8f9ed527a51c975e5": ["0", "net.mandaria.tippytipper.activities.TippyTipper"]}, {"c25aea8ef27b619d7847283df036db5a": ["1", "net.mandaria.tippytipper.activities.Total"]}, {"c25aea8ef27b619d7847283df036db5a": ["1", "net.mandaria.tippytipper.activities.Total"]}, {"bcc0e907d8ee1b5d6aa3508a8b82fb1f": ["2", "net.mandaria.tippytipper.activities.SplitBill"]}, {"bcc0e907d8ee1b5d6aa3508a8b82fb1f": ["2", "net.mandaria.tippytipper.activities.SplitBill"]}, {"bcc0e907d8ee1b5d6aa3508a8b82fb1f": ["2", "net.mandaria.tippytipper.activities.SplitBill"]}, {"bcc0e907d8ee1b5d6aa3508a8b82fb1f": ["2", "net.mandaria.tippytipper.activities.SplitBill"]}, {"bcc0e907d8ee1b5d6aa3508a8b82fb1f": ["2", "net.mandaria.tippytipper.activities.SplitBill"]}, {"bcc0e907d8ee1b5d6aa3508a8b82fb1f": ["2", "net.mandaria.tippytipper.activities.SplitBill"]}, {"bcc0e907d8ee1b5d6aa3508a8b82fb1f": ["2", "net.mandaria.tippytipper.activities.SplitBill"]}, {"bcc0e907d8ee1b5d6aa3508a8b82fb1f": ["2", "net.mandaria.tippytipper.activities.SplitBill"]}, {"bcc0e907d8ee1b5d6aa3508a8b82fb1f": ["2", "net.mandaria.tippytipper.activities.SplitBill"]}, {"bcc0e907d8ee1b5d6aa3508a8b82fb1f": ["2", "net.mandaria.tippytipper.activities.SplitBill"]}, {"bcc0e907d8ee1b5d6aa3508a8b82fb1f": ["2", "net.mandaria.tippytipper.activities.SplitBill"]}, {"bcc0e907d8ee1b5d6aa3508a8b82fb1f": ["2", "net.mandaria.tippytipper.activities.SplitBill"]}, {"bcc0e907d8ee1b5d6aa3508a8b82fb1f": ["2", "net.mandaria.tippytipper.activities.SplitBill"]}, {"bcc0e907d8ee1b5d6aa3508a8b82fb1f": ["2", "net.mandaria.tippytipper.activities.SplitBill"]}, {"bcc0e907d8ee1b5d6aa3508a8b82fb1f": ["2", "net.mandaria.tippytipper.activities.SplitBill"]}, {"bcc0e907d8ee1b5d6aa3508a8b82fb1f": ["2", "net.mandaria.tippytipper.activities.SplitBill"]}, {"bcc0e907d8ee1b5d6aa3508a8b82fb1f": ["2", "net.mandaria.tippytipper.activities.SplitBill"]}, {"bcc0e907d8ee1b5d6aa3508a8b82fb1f": ["2", "net.mandaria.tippytipper.activities.SplitBill"]}, {"bcc0e907d8ee1b5d6aa3508a8b82fb1f": ["2", "net.mandaria.tippytipper.activities.SplitBill"]}, {"bcc0e907d8ee1b5d6aa3508a8b82fb1f": ["2", "net.mandaria.tippytipper.activities.SplitBill"]}, {"bcc0e907d8ee1b5d6aa3508a8b82fb1f": ["2", "net.mandaria.tippytipper.activities.SplitBill"]}, {"bcc0e907d8ee1b5d6aa3508a8b82fb1f": ["2", "net.mandaria.tippytipper.activities.SplitBill"]}, {"bcc0e907d8ee1b5d6aa3508a8b82fb1f": ["2", "net.mandaria.tippytipper.activities.SplitBill"]}, {"bcc0e907d8ee1b5d6aa3508a8b82fb1f": ["2", "net.mandaria.tippytipper.activities.SplitBill"]}, {"bcc0e907d8ee1b5d6aa3508a8b82fb1f": ["2", "net.mandaria.tippytipper.activities.SplitBill"]}, {"bcc0e907d8ee1b5d6aa3508a8b82fb1f": ["2", "net.mandaria.tippytipper.activities.SplitBill"]}, {"bcc0e907d8ee1b5d6aa3508a8b82fb1f": ["2", "net.mandaria.tippytipper.activities.SplitBill"]}, {"bcc0e907d8ee1b5d6aa3508a8b82fb1f": ["2", "net.mandaria.tippytipper.activities.SplitBill"]}, {"bcc0e907d8ee1b5d6aa3508a8b82fb1f": ["2", "net.mandaria.tippytipper.activities.SplitBill"]}, {"bcc0e907d8ee1b5d6aa3508a8b82fb1f": ["2", "net.mandaria.tippytipper.activities.SplitBill"]}, {"bcc0e907d8ee1b5d6aa3508a8b82fb1f": ["2", "net.mandaria.tippytipper.activities.SplitBill"]}, {"bcc0e907d8ee1b5d6aa3508a8b82fb1f": ["2", "net.mandaria.tippytipper.activities.SplitBill"]}, {"bcc0e907d8ee1b5d6aa3508a8b82fb1f": ["2", "net.mandaria.tippytipper.activities.SplitBill"]}, {"bcc0e907d8ee1b5d6aa3508a8b82fb1f": ["2", "net.mandaria.tippytipper.activities.SplitBill"]}, {"bcc0e907d8ee1b5d6aa3508a8b82fb1f": ["2", "net.mandaria.tippytipper.activities.SplitBill"]}, {"bcc0e907d8ee1b5d6aa3508a8b82fb1f": ["2", "net.mandaria.tippytipper.activities.SplitBill"]}, {"bcc0e907d8ee1b5d6aa3508a8b82fb1f": ["2", "net.mandaria.tippytipper.activities.SplitBill"]}, {"bcc0e907d8ee1b5d6aa3508a8b82fb1f": ["2", "net.mandaria.tippytipper.activities.SplitBill"]}, {"bcc0e907d8ee1b5d6aa3508a8b82fb1f": ["2", "net.mandaria.tippytipper.activities.SplitBill"]}, {"bcc0e907d8ee1b5d6aa3508a8b82fb1f": ["2", "net.mandaria.tippytipper.activities.SplitBill"]}, {"bcc0e907d8ee1b5d6aa3508a8b82fb1f": ["2", "net.mandaria.tippytipper.activities.SplitBill"]}, {"bcc0e907d8ee1b5d6aa3508a8b82fb1f": ["2", "net.mandaria.tippytipper.activities.SplitBill"]}, {"bcc0e907d8ee1b5d6aa3508a8b82fb1f": ["2", "net.mandaria.tippytipper.activities.SplitBill"]}, {"bcc0e907d8ee1b5d6aa3508a8b82fb1f": ["2", "net.mandaria.tippytipper.activities.SplitBill"]}, {"bcc0e907d8ee1b5d6aa3508a8b82fb1f": ["2", "net.mandaria.tippytipper.activities.SplitBill"]}, {"bcc0e907d8ee1b5d6aa3508a8b82fb1f": ["2", "net.mandaria.tippytipper.activities.SplitBill"]}, {"bcc0e907d8ee1b5d6aa3508a8b82fb1f": ["2", "net.mandaria.tippytipper.activities.SplitBill"]}, {"bcc0e907d8ee1b5d6aa3508a8b82fb1f": ["2", "net.mandaria.tippytipper.activities.SplitBill"]}, {"bcc0e907d8ee1b5d6aa3508a8b82fb1f": ["2", "net.mandaria.tippytipper.activities.SplitBill"]}, {"bcc0e907d8ee1b5d6aa3508a8b82fb1f": ["2", "net.mandaria.tippytipper.activities.SplitBill"]}, {"c25aea8ef27b619d7847283df036db5a": ["1", "net.mandaria.tippytipper.activities.Total"]}, {"c25aea8ef27b619d7847283df036db5a": ["1", "net.mandaria.tippytipper.activities.Total"]}, {"c25aea8ef27b619d7847283df036db5a": ["1", "net.mandaria.tippytipper.activities.Total"]}, {"bcc0e907d8ee1b5d6aa3508a8b82fb1f": ["2", "net.mandaria.tippytipper.activities.SplitBill"]}, {"bcc0e907d8ee1b5d6aa3508a8b82fb1f": ["2", "net.mandaria.tippytipper.activities.SplitBill"]}, {"bcc0e907d8ee1b5d6aa3508a8b82fb1f": ["2", "net.mandaria.tippytipper.activities.SplitBill"]}, {"bcc0e907d8ee1b5d6aa3508a8b82fb1f": ["2", "net.mandaria.tippytipper.activities.SplitBill"]}, {"bcc0e907d8ee1b5d6aa3508a8b82fb1f": ["2", "net.mandaria.tippytipper.activities.SplitBill"]}, {"bcc0e907d8ee1b5d6aa3508a8b82fb1f": ["2", "net.mandaria.tippytipper.activities.SplitBill"]}, {"bcc0e907d8ee1b5d6aa3508a8b82fb1f": ["2", "net.mandaria.tippytipper.activities.SplitBill"]}, {"bcc0e907d8ee1b5d6aa3508a8b82fb1f": ["2", "net.mandaria.tippytipper.activities.SplitBill"]}, {"bcc0e907d8ee1b5d6aa3508a8b82fb1f": ["2", "net.mandaria.tippytipper.activities.SplitBill"]}, {"bcc0e907d8ee1b5d6aa3508a8b82fb1f": ["2", "net.mandaria.tippytipper.activities.SplitBill"]}, {"bcc0e907d8ee1b5d6aa3508a8b82fb1f": ["2", "net.mandaria.tippytipper.activities.SplitBill"]}, {"bcc0e907d8ee1b5d6aa3508a8b82fb1f": ["2", "net.mandaria.tippytipper.activities.SplitBill"]}, {"bcc0e907d8ee1b5d6aa3508a8b82fb1f": ["2", "net.mandaria.tippytipper.activities.SplitBill"]}, {"bcc0e907d8ee1b5d6aa3508a8b82fb1f": ["2", "net.mandaria.tippytipper.activities.SplitBill"]}, {"bcc0e907d8ee1b5d6aa3508a8b82fb1f": ["2", "net.mandaria.tippytipper.activities.SplitBill"]}, {"bcc0e907d8ee1b5d6aa3508a8b82fb1f": ["2", "net.mandaria.tippytipper.activities.SplitBill"]}, {"bcc0e907d8ee1b5d6aa3508a8b82fb1f": ["2", "net.mandaria.tippytipper.activities.SplitBill"]}, {"bcc0e907d8ee1b5d6aa3508a8b82fb1f": ["2", "net.mandaria.tippytipper.activities.SplitBill"]}, {"bcc0e907d8ee1b5d6aa3508a8b82fb1f": ["2", "net.mandaria.tippytipper.activities.SplitBill"]}, {"bcc0e907d8ee1b5d6aa3508a8b82fb1f": ["2", "net.mandaria.tippytipper.activities.SplitBill"]}, {"bcc0e907d8ee1b5d6aa3508a8b82fb1f": ["2", "net.mandaria.tippytipper.activities.SplitBill"]}, {"bcc0e907d8ee1b5d6aa3508a8b82fb1f": ["2", "net.mandaria.tippytipper.activities.SplitBill"]}, {"bcc0e907d8ee1b5d6aa3508a8b82fb1f": ["2", "net.mandaria.tippytipper.activities.SplitBill"]}, {"bcc0e907d8ee1b5d6aa3508a8b82fb1f": ["2", "net.mandaria.tippytipper.activities.SplitBill"]}, {"bcc0e907d8ee1b5d6aa3508a8b82fb1f": ["2", "net.mandaria.tippytipper.activities.SplitBill"]}, {"bcc0e907d8ee1b5d6aa3508a8b82fb1f": ["2", "net.mandaria.tippytipper.activities.SplitBill"]}, {"bcc0e907d8ee1b5d6aa3508a8b82fb1f": ["2", "net.mandaria.tippytipper.activities.SplitBill"]}, {"bcc0e907d8ee1b5d6aa3508a8b82fb1f": ["2", "net.mandaria.tippytipper.activities.SplitBill"]}, {"bcc0e907d8ee1b5d6aa3508a8b82fb1f": ["2", "net.mandaria.tippytipper.activities.SplitBill"]}, {"bcc0e907d8ee1b5d6aa3508a8b82fb1f": ["2", "net.mandaria.tippytipper.activities.SplitBill"]}, {"bcc0e907d8ee1b5d6aa3508a8b82fb1f": ["2", "net.mandaria.tippytipper.activities.SplitBill"]}, {"bcc0e907d8ee1b5d6aa3508a8b82fb1f": ["2", "net.mandaria.tippytipper.activities.SplitBill"]}, {"bcc0e907d8ee1b5d6aa3508a8b82fb1f": ["2", "net.mandaria.tippytipper.activities.SplitBill"]}, {"bcc0e907d8ee1b5d6aa3508a8b82fb1f": ["2", "net.mandaria.tippytipper.activities.SplitBill"]}, {"bcc0e907d8ee1b5d6aa3508a8b82fb1f": ["2", "net.mandaria.tippytipper.activities.SplitBill"]}, {"bcc0e907d8ee1b5d6aa3508a8b82fb1f": ["2", "net.mandaria.tippytipper.activities.SplitBill"]}, {"bcc0e907d8ee1b5d6aa3508a8b82fb1f": ["2", "net.mandaria.tippytipper.activities.SplitBill"]}, {"bcc0e907d8ee1b5d6aa3508a8b82fb1f": ["2", "net.mandaria.tippytipper.activities.SplitBill"]}, {"bcc0e907d8ee1b5d6aa3508a8b82fb1f": ["2", "net.mandaria.tippytipper.activities.SplitBill"]}, {"c25aea8ef27b619d7847283df036db5a": ["1", "net.mandaria.tippytipper.activities.Total"]}, {"c25aea8ef27b619d7847283df036db5a": ["1", "net.mandaria.tippytipper.activities.Total"]}, {"bcc0e907d8ee1b5d6aa3508a8b82fb1f": ["2", "net.mandaria.tippytipper.activities.SplitBill"]}, {"bcc0e907d8ee1b5d6aa3508a8b82fb1f": ["2", "net.mandaria.tippytipper.activities.SplitBill"]}, {"bcc0e907d8ee1b5d6aa3508a8b82fb1f": ["2", "net.mandaria.tippytipper.activities.SplitBill"]}, {"bcc0e907d8ee1b5d6aa3508a8b82fb1f": ["2", "net.mandaria.tippytipper.activities.SplitBill"]}, {"bcc0e907d8ee1b5d6aa3508a8b82fb1f": ["2", "net.mandaria.tippytipper.activities.SplitBill"]}, {"bcc0e907d8ee1b5d6aa3508a8b82fb1f": ["2", "net.mandaria.tippytipper.activities.SplitBill"]}, {"bcc0e907d8ee1b5d6aa3508a8b82fb1f": ["2", "net.mandaria.tippytipper.activities.SplitBill"]}, {"bcc0e907d8ee1b5d6aa3508a8b82fb1f": ["2", "net.mandaria.tippytipper.activities.SplitBill"]}, {"bcc0e907d8ee1b5d6aa3508a8b82fb1f": ["2", "net.mandaria.tippytipper.activities.SplitBill"]}, {"c25aea8ef27b619d7847283df036db5a": ["1", "net.mandaria.tippytipper.activities.Total"]}, {"c25aea8ef27b619d7847283df036db5a": ["1", "net.mandaria.tippytipper.activities.Total"]}, {"c25aea8ef27b619d7847283df036db5a": ["1", "net.mandaria.tippytipper.activities.Total"]}, {"c25aea8ef27b619d7847283df036db5a": ["1", "net.mandaria.tippytipper.activities.Total"]}, {"bcc0e907d8ee1b5d6aa3508a8b82fb1f": ["2", "net.mandaria.tippytipper.activities.SplitBill"]}, {"bcc0e907d8ee1b5d6aa3508a8b82fb1f": ["2", "net.mandaria.tippytipper.activities.SplitBill"]}, {"bcc0e907d8ee1b5d6aa3508a8b82fb1f": ["2", "net.mandaria.tippytipper.activities.SplitBill"]}, {"bcc0e907d8ee1b5d6aa3508a8b82fb1f": ["2", "net.mandaria.tippytipper.activities.SplitBill"]}, {"bcc0e907d8ee1b5d6aa3508a8b82fb1f": ["2", "net.mandaria.tippytipper.activities.SplitBill"]}, {"bcc0e907d8ee1b5d6aa3508a8b82fb1f": ["2", "net.mandaria.tippytipper.activities.SplitBill"]}, {"bcc0e907d8ee1b5d6aa3508a8b82fb1f": ["2", "net.mandaria.tippytipper.activities.SplitBill"]}, {"bcc0e907d8ee1b5d6aa3508a8b82fb1f": ["2", "net.mandaria.tippytipper.activities.SplitBill"]}, {"bcc0e907d8ee1b5d6aa3508a8b82fb1f": ["2", "net.mandaria.tippytipper.activities.SplitBill"]}, {"bcc0e907d8ee1b5d6aa3508a8b82fb1f": ["2", "net.mandaria.tippytipper.activities.SplitBill"]}, {"bcc0e907d8ee1b5d6aa3508a8b82fb1f": ["2", "net.mandaria.tippytipper.activities.SplitBill"]}, {"bcc0e907d8ee1b5d6aa3508a8b82fb1f": ["2", "net.mandaria.tippytipper.activities.SplitBill"]}, {"bcc0e907d8ee1b5d6aa3508a8b82fb1f": ["2", "net.mandaria.tippytipper.activities.SplitBill"]}, {"bcc0e907d8ee1b5d6aa3508a8b82fb1f": ["2", "net.mandaria.tippytipper.activities.SplitBill"]}, {"bcc0e907d8ee1b5d6aa3508a8b82fb1f": ["2", "net.mandaria.tippytipper.activities.SplitBill"]}, {"bcc0e907d8ee1b5d6aa3508a8b82fb1f": ["2", "net.mandaria.tippytipper.activities.SplitBill"]}, {"bcc0e907d8ee1b5d6aa3508a8b82fb1f": ["2", "net.mandaria.tippytipper.activities.SplitBill"]}, {"bcc0e907d8ee1b5d6aa3508a8b82fb1f": ["2", "net.mandaria.tippytipper.activities.SplitBill"]}, {"bcc0e907d8ee1b5d6aa3508a8b82fb1f": ["2", "net.mandaria.tippytipper.activities.SplitBill"]}, {"bcc0e907d8ee1b5d6aa3508a8b82fb1f": ["2", "net.mandaria.tippytipper.activities.SplitBill"]}, {"bcc0e907d8ee1b5d6aa3508a8b82fb1f": ["2", "net.mandaria.tippytipper.activities.SplitBill"]}, {"bcc0e907d8ee1b5d6aa3508a8b82fb1f": ["2", "net.mandaria.tippytipper.activities.SplitBill"]}, {"bcc0e907d8ee1b5d6aa3508a8b82fb1f": ["2", "net.mandaria.tippytipper.activities.SplitBill"]}, {"bcc0e907d8ee1b5d6aa3508a8b82fb1f": ["2", "net.mandaria.tippytipper.activities.SplitBill"]}, {"bcc0e907d8ee1b5d6aa3508a8b82fb1f": ["2", "net.mandaria.tippytipper.activities.SplitBill"]}, {"bcc0e907d8ee1b5d6aa3508a8b82fb1f": ["2", "net.mandaria.tippytipper.activities.SplitBill"]}, {"bcc0e907d8ee1b5d6aa3508a8b82fb1f": ["2", "net.mandaria.tippytipper.activities.SplitBill"]}, {"bcc0e907d8ee1b5d6aa3508a8b82fb1f": ["2", "net.mandaria.tippytipper.activities.SplitBill"]}, {"bcc0e907d8ee1b5d6aa3508a8b82fb1f": ["2", "net.mandaria.tippytipper.activities.SplitBill"]}, {"bcc0e907d8ee1b5d6aa3508a8b82fb1f": ["2", "net.mandaria.tippytipper.activities.SplitBill"]}, {"bcc0e907d8ee1b5d6aa3508a8b82fb1f": ["2", "net.mandaria.tippytipper.activities.SplitBill"]}, {"bcc0e907d8ee1b5d6aa3508a8b82fb1f": ["2", "net.mandaria.tippytipper.activities.SplitBill"]}, {"bcc0e907d8ee1b5d6aa3508a8b82fb1f": ["2", "net.mandaria.tippytipper.activities.SplitBill"]}, {"bcc0e907d8ee1b5d6aa3508a8b82fb1f": ["2", "net.mandaria.tippytipper.activities.SplitBill"]}, {"bcc0e907d8ee1b5d6aa3508a8b82fb1f": ["2", "net.mandaria.tippytipper.activities.SplitBill"]}, {"bcc0e907d8ee1b5d6aa3508a8b82fb1f": ["2", "net.mandaria.tippytipper.activities.SplitBill"]}, {"bcc0e907d8ee1b5d6aa3508a8b82fb1f": ["2", "net.mandaria.tippytipper.activities.SplitBill"]}, {"bcc0e907d8ee1b5d6aa3508a8b82fb1f": ["2", "net.mandaria.tippytipper.activities.SplitBill"]}, {"bcc0e907d8ee1b5d6aa3508a8b82fb1f": ["2", "net.mandaria.tippytipper.activities.SplitBill"]}, {"bcc0e907d8ee1b5d6aa3508a8b82fb1f": ["2", "net.mandaria.tippytipper.activities.SplitBill"]}, {"bcc0e907d8ee1b5d6aa3508a8b82fb1f": ["2", "net.mandaria.tippytipper.activities.SplitBill"]}, {"bcc0e907d8ee1b5d6aa3508a8b82fb1f": ["2", "net.mandaria.tippytipper.activities.SplitBill"]}, {"bcc0e907d8ee1b5d6aa3508a8b82fb1f": ["2", "net.mandaria.tippytipper.activities.SplitBill"]}, {"bcc0e907d8ee1b5d6aa3508a8b82fb1f": ["2", "net.mandaria.tippytipper.activities.SplitBill"]}, {"1592f64487300b5879eea706ecfae733": ["3", "net.mandaria.tippytipper.activities.Settings"]}, {"618c6d7e9ed1ac1526401f7d033fbb62": ["5", "net.mandaria.tippytipper.activities.Settings"]}, {"2e16d714ae2ac53409bddfd16791b317": ["6", "net.mandaria.tippytipper.activities.Settings"]}, {"618c6d7e9ed1ac1526401f7d033fbb62": ["5", "net.mandaria.tippytipper.activities.Settings"]}, {"2e16d714ae2ac53409bddfd16791b317": ["6", "net.mandaria.tippytipper.activities.Settings"]}, {"618c6d7e9ed1ac1526401f7d033fbb62": ["5", "net.mandaria.tippytipper.activities.Settings"]}, {"618c6d7e9ed1ac1526401f7d033fbb62": ["5", "net.mandaria.tippytipper.activities.Settings"]}, {"2e16d714ae2ac53409bddfd16791b317": ["6", "net.mandaria.tippytipper.activities.Settings"]}, {"618c6d7e9ed1ac1526401f7d033fbb62": ["5", "net.mandaria.tippytipper.activities.Settings"]}, {"618c6d7e9ed1ac1526401f7d033fbb62": ["5", "net.mandaria.tippytipper.activities.Settings"]}, {"618c6d7e9ed1ac1526401f7d033fbb62": ["5", "net.mandaria.tippytipper.activities.Settings"]}, {"618c6d7e9ed1ac1526401f7d033fbb62": ["5", "net.mandaria.tippytipper.activities.Settings"]}, {"618c6d7e9ed1ac1526401f7d033fbb62": ["5", "net.mandaria.tippytipper.activities.Settings"]}, {"2e16d714ae2ac53409bddfd16791b317": ["6", "net.mandaria.tippytipper.activities.Settings"]}, {"1592f64487300b5879eea706ecfae733": ["3", "net.mandaria.tippytipper.activities.Settings"]}, {"2e16d714ae2ac53409bddfd16791b317": ["6", "net.mandaria.tippytipper.activities.Settings"]}, {"1592f64487300b5879eea706ecfae733": ["3", "net.mandaria.tippytipper.activities.Settings"]}, {"310cc7a6675bb74c87fef76f320a92e9": ["10", "net.mandaria.tippytipper.activities.Settings"]}, {"2e16d714ae2ac53409bddfd16791b317": ["6", "net.mandaria.tippytipper.activities.Settings"]}, {"310cc7a6675bb74c87fef76f320a92e9": ["10", "net.mandaria.tippytipper.activities.Settings"]}, {"944bc3980afa190ef4b16f9ef21c068a": ["8", "net.mandaria.tippytipper.activities.Settings"]}, {"96b60e8381d0d4a1e08492b5c1eb3da8": ["13", "net.mandaria.tippytipper.activities.Settings"]}, {"96b60e8381d0d4a1e08492b5c1eb3da8": ["13", "net.mandaria.tippytipper.activities.Settings"]}, {"96b60e8381d0d4a1e08492b5c1eb3da8": ["13", "net.mandaria.tippytipper.activities.Settings"]}, {"618c6d7e9ed1ac1526401f7d033fbb62": ["5", "net.mandaria.tippytipper.activities.Settings"]}, {"9910b82252f242fc9af7c78827c53bb6": ["7", "net.mandaria.tippytipper.activities.Settings"]}, {"1592f64487300b5879eea706ecfae733": ["3", "net.mandaria.tippytipper.activities.Settings"]}, {"1592f64487300b5879eea706ecfae733": ["3", "net.mandaria.tippytipper.activities.Settings"]}, {"1592f64487300b5879eea706ecfae733": ["3", "net.mandaria.tippytipper.activities.Settings"]}, {"1592f64487300b5879eea706ecfae733": ["3", "net.mandaria.tippytipper.activities.Settings"]}, {"1592f64487300b5879eea706ecfae733": ["3", "net.mandaria.tippytipper.activities.Settings"]}, {"1592f64487300b5879eea706ecfae733": ["3", "net.mandaria.tippytipper.activities.Settings"]}, {"1592f64487300b5879eea706ecfae733": ["3", "net.mandaria.tippytipper.activities.Settings"]}, {"2e16d714ae2ac53409bddfd16791b317": ["6", "net.mandaria.tippytipper.activities.Settings"]}, {"1592f64487300b5879eea706ecfae733": ["3", "net.mandaria.tippytipper.activities.Settings"]}, {"1592f64487300b5879eea706ecfae733": ["3", "net.mandaria.tippytipper.activities.Settings"]}, {"1592f64487300b5879eea706ecfae733": ["3", "net.mandaria.tippytipper.activities.Settings"]}, {"310cc7a6675bb74c87fef76f320a92e9": ["10", "net.mandaria.tippytipper.activities.Settings"]}, {"310cc7a6675bb74c87fef76f320a92e9": ["10", "net.mandaria.tippytipper.activities.Settings"]}, {"cfcdda67bf99d6d829d8815fbb272626": ["4", "net.mandaria.tippytipper.activities.Settings"]}, {"1592f64487300b5879eea706ecfae733": ["3", "net.mandaria.tippytipper.activities.Settings"]}, {"1592f64487300b5879eea706ecfae733": ["3", "net.mandaria.tippytipper.activities.Settings"]}, {"1592f64487300b5879eea706ecfae733": ["3", "net.mandaria.tippytipper.activities.Settings"]}, {"1592f64487300b5879eea706ecfae733": ["3", "net.mandaria.tippytipper.activities.Settings"]}, {"1592f64487300b5879eea706ecfae733": ["3", "net.mandaria.tippytipper.activities.Settings"]}, {"1592f64487300b5879eea706ecfae733": ["3", "net.mandaria.tippytipper.activities.Settings"]}, {"1592f64487300b5879eea706ecfae733": ["3", "net.mandaria.tippytipper.activities.Settings"]}, {"27399baa1428f591c2b0b89f2e767d6d": ["11", "net.mandaria.tippytipper.activities.Settings"]}, {"1592f64487300b5879eea706ecfae733": ["3", "net.mandaria.tippytipper.activities.Settings"]}, {"1592f64487300b5879eea706ecfae733": ["3", "net.mandaria.tippytipper.activities.Settings"]}, {"cfcdda67bf99d6d829d8815fbb272626": ["4", "net.mandaria.tippytipper.activities.Settings"]}, {"1592f64487300b5879eea706ecfae733": ["3", "net.mandaria.tippytipper.activities.Settings"]}, {"1592f64487300b5879eea706ecfae733": ["3", "net.mandaria.tippytipper.activities.Settings"]}, {"1592f64487300b5879eea706ecfae733": ["3", "net.mandaria.tippytipper.activities.Settings"]}, {"cfcdda67bf99d6d829d8815fbb272626": ["4", "net.mandaria.tippytipper.activities.Settings"]}, {"1592f64487300b5879eea706ecfae733": ["3", "net.mandaria.tippytipper.activities.Settings"]}, {"2e16d714ae2ac53409bddfd16791b317": ["6", "net.mandaria.tippytipper.activities.Settings"]}, {"1592f64487300b5879eea706ecfae733": ["3", "net.mandaria.tippytipper.activities.Settings"]}, {"cfcdda67bf99d6d829d8815fbb272626": ["4", "net.mandaria.tippytipper.activities.Settings"]}, {"1592f64487300b5879eea706ecfae733": ["3", "net.mandaria.tippytipper.activities.Settings"]}, {"1592f64487300b5879eea706ecfae733": ["3", "net.mandaria.tippytipper.activities.Settings"]}, {"618c6d7e9ed1ac1526401f7d033fbb62": ["5", "net.mandaria.tippytipper.activities.Settings"]}, {"618c6d7e9ed1ac1526401f7d033fbb62": ["5", "net.mandaria.tippytipper.activities.Settings"]}, {"618c6d7e9ed1ac1526401f7d033fbb62": ["5", "net.mandaria.tippytipper.activities.Settings"]}, {"618c6d7e9ed1ac1526401f7d033fbb62": ["5", "net.mandaria.tippytipper.activities.Settings"]}, {"310cc7a6675bb74c87fef76f320a92e9": ["10", "net.mandaria.tippytipper.activities.Settings"]}, {"cfcdda67bf99d6d829d8815fbb272626": ["4", "net.mandaria.tippytipper.activities.Settings"]}, {"310cc7a6675bb74c87fef76f320a92e9": ["10", "net.mandaria.tippytipper.activities.Settings"]}, {"310cc7a6675bb74c87fef76f320a92e9": ["10", "net.mandaria.tippytipper.activities.Settings"]}, {"310cc7a6675bb74c87fef76f320a92e9": ["10", "net.mandaria.tippytipper.activities.Settings"]}, {"618c6d7e9ed1ac1526401f7d033fbb62": ["5", "net.mandaria.tippytipper.activities.Settings"]}, {"9910b82252f242fc9af7c78827c53bb6": ["7", "net.mandaria.tippytipper.activities.Settings"]}, {"9910b82252f242fc9af7c78827c53bb6": ["7", "net.mandaria.tippytipper.activities.Settings"]}, {"618c6d7e9ed1ac1526401f7d033fbb62": ["5", "net.mandaria.tippytipper.activities.Settings"]}, {"cfcdda67bf99d6d829d8815fbb272626": ["4", "net.mandaria.tippytipper.activities.Settings"]}, {"90b666594a9f799ed1b3b6f3e98f49c7": ["12", "net.mandaria.tippytipper.activities.Settings"]}, {"cfcdda67bf99d6d829d8815fbb272626": ["4", "net.mandaria.tippytipper.activities.Settings"]}, {"90b666594a9f799ed1b3b6f3e98f49c7": ["12", "net.mandaria.tippytipper.activities.Settings"]}, {"90b666594a9f799ed1b3b6f3e98f49c7": ["12", "net.mandaria.tippytipper.activities.Settings"]}, {"90b666594a9f799ed1b3b6f3e98f49c7": ["12", "net.mandaria.tippytipper.activities.Settings"]}, {"9910b82252f242fc9af7c78827c53bb6": ["7", "net.mandaria.tippytipper.activities.Settings"]}, {"9910b82252f242fc9af7c78827c53bb6": ["7", "net.mandaria.tippytipper.activities.Settings"]}, {"90b666594a9f799ed1b3b6f3e98f49c7": ["12", "net.mandaria.tippytipper.activities.Settings"]}, {"90b666594a9f799ed1b3b6f3e98f49c7": ["12", "net.mandaria.tippytipper.activities.Settings"]}, {"90b666594a9f799ed1b3b6f3e98f49c7": ["12", "net.mandaria.tippytipper.activities.Settings"]}, {"1592f64487300b5879eea706ecfae733": ["3", "net.mandaria.tippytipper.activities.Settings"]}, {"1592f64487300b5879eea706ecfae733": ["3", "net.mandaria.tippytipper.activities.Settings"]}, {"2e16d714ae2ac53409bddfd16791b317": ["6", "net.mandaria.tippytipper.activities.Settings"]}, {"618c6d7e9ed1ac1526401f7d033fbb62": ["5", "net.mandaria.tippytipper.activities.Settings"]}, {"618c6d7e9ed1ac1526401f7d033fbb62": ["5", "net.mandaria.tippytipper.activities.Settings"]}, {"618c6d7e9ed1ac1526401f7d033fbb62": ["5", "net.mandaria.tippytipper.activities.Settings"]}, {"618c6d7e9ed1ac1526401f7d033fbb62": ["5", "net.mandaria.tippytipper.activities.Settings"]}, {"2e16d714ae2ac53409bddfd16791b317": ["6", "net.mandaria.tippytipper.activities.Settings"]}, {"618c6d7e9ed1ac1526401f7d033fbb62": ["5", "net.mandaria.tippytipper.activities.Settings"]}, {"618c6d7e9ed1ac1526401f7d033fbb62": ["5", "net.mandaria.tippytipper.activities.Settings"]}, {"618c6d7e9ed1ac1526401f7d033fbb62": ["5", "net.mandaria.tippytipper.activities.Settings"]}, {"618c6d7e9ed1ac1526401f7d033fbb62": ["5", "net.mandaria.tippytipper.activities.Settings"]}, {"618c6d7e9ed1ac1526401f7d033fbb62": ["5", "net.mandaria.tippytipper.activities.Settings"]}, {"618c6d7e9ed1ac1526401f7d033fbb62": ["5", "net.mandaria.tippytipper.activities.Settings"]}, {"618c6d7e9ed1ac1526401f7d033fbb62": ["5", "net.mandaria.tippytipper.activities.Settings"]}, {"618c6d7e9ed1ac1526401f7d033fbb62": ["5", "net.mandaria.tippytipper.activities.Settings"]}, {"1592f64487300b5879eea706ecfae733": ["3", "net.mandaria.tippytipper.activities.Settings"]}, {"cfcdda67bf99d6d829d8815fbb272626": ["4", "net.mandaria.tippytipper.activities.Settings"]}, {"1592f64487300b5879eea706ecfae733": ["3", "net.mandaria.tippytipper.activities.Settings"]}, {"2e16d714ae2ac53409bddfd16791b317": ["6", "net.mandaria.tippytipper.activities.Settings"]}, {"1592f64487300b5879eea706ecfae733": ["3", "net.mandaria.tippytipper.activities.Settings"]}, {"1592f64487300b5879eea706ecfae733": ["3", "net.mandaria.tippytipper.activities.Settings"]}, {"cfcdda67bf99d6d829d8815fbb272626": ["4", "net.mandaria.tippytipper.activities.Settings"]}, {"1592f64487300b5879eea706ecfae733": ["3", "net.mandaria.tippytipper.activities.Settings"]}, {"1592f64487300b5879eea706ecfae733": ["3", "net.mandaria.tippytipper.activities.Settings"]}, {"1592f64487300b5879eea706ecfae733": ["3", "net.mandaria.tippytipper.activities.Settings"]}, {"1592f64487300b5879eea706ecfae733": ["3", "net.mandaria.tippytipper.activities.Settings"]}, {"1592f64487300b5879eea706ecfae733": ["3", "net.mandaria.tippytipper.activities.Settings"]}, {"310cc7a6675bb74c87fef76f320a92e9": ["10", "net.mandaria.tippytipper.activities.Settings"]}, {"310cc7a6675bb74c87fef76f320a92e9": ["10", "net.mandaria.tippytipper.activities.Settings"]}, {"310cc7a6675bb74c87fef76f320a92e9": ["10", "net.mandaria.tippytipper.activities.Settings"]}, {"cfcdda67bf99d6d829d8815fbb272626": ["4", "net.mandaria.tippytipper.activities.Settings"]}, {"310cc7a6675bb74c87fef76f320a92e9": ["10", "net.mandaria.tippytipper.activities.Settings"]}, {"96b60e8381d0d4a1e08492b5c1eb3da8": ["13", "net.mandaria.tippytipper.activities.Settings"]}, {"618c6d7e9ed1ac1526401f7d033fbb62": ["5", "net.mandaria.tippytipper.activities.Settings"]}, {"310cc7a6675bb74c87fef76f320a92e9": ["10", "net.mandaria.tippytipper.activities.Settings"]}, {"310cc7a6675bb74c87fef76f320a92e9": ["10", "net.mandaria.tippytipper.activities.Settings"]}, {"310cc7a6675bb74c87fef76f320a92e9": ["10", "net.mandaria.tippytipper.activities.Settings"]}, {"310cc7a6675bb74c87fef76f320a92e9": ["10", "net.mandaria.tippytipper.activities.Settings"]}, {"310cc7a6675bb74c87fef76f320a92e9": ["10", "net.mandaria.tippytipper.activities.Settings"]}, {"96b60e8381d0d4a1e08492b5c1eb3da8": ["13", "net.mandaria.tippytipper.activities.Settings"]}, {"96b60e8381d0d4a1e08492b5c1eb3da8": ["13", "net.mandaria.tippytipper.activities.Settings"]}, {"96b60e8381d0d4a1e08492b5c1eb3da8": ["13", "net.mandaria.tippytipper.activities.Settings"]}, {"2e16d714ae2ac53409bddfd16791b317": ["6", "net.mandaria.tippytipper.activities.Settings"]}, {"96b60e8381d0d4a1e08492b5c1eb3da8": ["13", "net.mandaria.tippytipper.activities.Settings"]}, {"2e16d714ae2ac53409bddfd16791b317": ["6", "net.mandaria.tippytipper.activities.Settings"]}, {"1592f64487300b5879eea706ecfae733": ["3", "net.mandaria.tippytipper.activities.Settings"]}, {"cfcdda67bf99d6d829d8815fbb272626": ["4", "net.mandaria.tippytipper.activities.Settings"]}, {"1592f64487300b5879eea706ecfae733": ["3", "net.mandaria.tippytipper.activities.Settings"]}, {"cfcdda67bf99d6d829d8815fbb272626": ["4", "net.mandaria.tippytipper.activities.Settings"]}, {"618c6d7e9ed1ac1526401f7d033fbb62": ["5", "net.mandaria.tippytipper.activities.Settings"]}, {"618c6d7e9ed1ac1526401f7d033fbb62": ["5", "net.mandaria.tippytipper.activities.Settings"]}, {"618c6d7e9ed1ac1526401f7d033fbb62": ["5", "net.mandaria.tippytipper.activities.Settings"]}, {"618c6d7e9ed1ac1526401f7d033fbb62": ["5", "net.mandaria.tippytipper.activities.Settings"]}, {"618c6d7e9ed1ac1526401f7d033fbb62": ["5", "net.mandaria.tippytipper.activities.Settings"]}, {"618c6d7e9ed1ac1526401f7d033fbb62": ["5", "net.mandaria.tippytipper.activities.Settings"]}, {"618c6d7e9ed1ac1526401f7d033fbb62": ["5", "net.mandaria.tippytipper.activities.Settings"]}, {"618c6d7e9ed1ac1526401f7d033fbb62": ["5", "net.mandaria.tippytipper.activities.Settings"]}, {"618c6d7e9ed1ac1526401f7d033fbb62": ["5", "net.mandaria.tippytipper.activities.Settings"]}, {"32f656e8ec13d4b8f9ed527a51c975e5": ["0", "net.mandaria.tippytipper.activities.TippyTipper"]}, {"32f656e8ec13d4b8f9ed527a51c975e5": ["0", "net.mandaria.tippytipper.activities.TippyTipper"]}, {"1592f64487300b5879eea706ecfae733": ["3", "net.mandaria.tippytipper.activities.Settings"]}, {"1592f64487300b5879eea706ecfae733": ["3", "net.mandaria.tippytipper.activities.Settings"]}, {"618c6d7e9ed1ac1526401f7d033fbb62": ["5", "net.mandaria.tippytipper.activities.Settings"]}, {"618c6d7e9ed1ac1526401f7d033fbb62": ["5", "net.mandaria.tippytipper.activities.Settings"]}, {"618c6d7e9ed1ac1526401f7d033fbb62": ["5", "net.mandaria.tippytipper.activities.Settings"]}, {"618c6d7e9ed1ac1526401f7d033fbb62": ["5", "net.mandaria.tippytipper.activities.Settings"]}, {"618c6d7e9ed1ac1526401f7d033fbb62": ["5", "net.mandaria.tippytipper.activities.Settings"]}, {"618c6d7e9ed1ac1526401f7d033fbb62": ["5", "net.mandaria.tippytipper.activities.Settings"]}, {"1592f64487300b5879eea706ecfae733": ["3", "net.mandaria.tippytipper.activities.Settings"]}, {"cfcdda67bf99d6d829d8815fbb272626": ["4", "net.mandaria.tippytipper.activities.Settings"]}, {"618c6d7e9ed1ac1526401f7d033fbb62": ["5", "net.mandaria.tippytipper.activities.Settings"]}, {"618c6d7e9ed1ac1526401f7d033fbb62": ["5", "net.mandaria.tippytipper.activities.Settings"]}, {"618c6d7e9ed1ac1526401f7d033fbb62": ["5", "net.mandaria.tippytipper.activities.Settings"]}, {"618c6d7e9ed1ac1526401f7d033fbb62": ["5", "net.mandaria.tippytipper.activities.Settings"]}, {"618c6d7e9ed1ac1526401f7d033fbb62": ["5", "net.mandaria.tippytipper.activities.Settings"]}, {"32f656e8ec13d4b8f9ed527a51c975e5": ["0", "net.mandaria.tippytipper.activities.TippyTipper"]}, {"32f656e8ec13d4b8f9ed527a51c975e5": ["0", "net.mandaria.tippytipper.activities.TippyTipper"]}, {"32f656e8ec13d4b8f9ed527a51c975e5": ["0", "net.mandaria.tippytipper.activities.TippyTipper"]}, {"32f656e8ec13d4b8f9ed527a51c975e5": ["0", "net.mandaria.tippytipper.activities.TippyTipper"]}, {"32f656e8ec13d4b8f9ed527a51c975e5": ["0", "net.mandaria.tippytipper.activities.TippyTipper"]}, {"32f656e8ec13d4b8f9ed527a51c975e5": ["0", "net.mandaria.tippytipper.activities.TippyTipper"]}, {"c25aea8ef27b619d7847283df036db5a": ["1", "net.mandaria.tippytipper.activities.Total"]}, {"2945471b527318c168991d0dc4f482a0": ["15", "net.mandaria.tippytipper.activities.SplitBill"]}, {"2945471b527318c168991d0dc4f482a0": ["15", "net.mandaria.tippytipper.activities.SplitBill"]}, {"2945471b527318c168991d0dc4f482a0": ["15", "net.mandaria.tippytipper.activities.SplitBill"]}, {"2945471b527318c168991d0dc4f482a0": ["15", "net.mandaria.tippytipper.activities.SplitBill"]}, {"2945471b527318c168991d0dc4f482a0": ["15", "net.mandaria.tippytipper.activities.SplitBill"]}, {"2945471b527318c168991d0dc4f482a0": ["15", "net.mandaria.tippytipper.activities.SplitBill"]}, {"2945471b527318c168991d0dc4f482a0": ["15", "net.mandaria.tippytipper.activities.SplitBill"]}, {"2945471b527318c168991d0dc4f482a0": ["15", "net.mandaria.tippytipper.activities.SplitBill"]}, {"2945471b527318c168991d0dc4f482a0": ["15", "net.mandaria.tippytipper.activities.SplitBill"]}, {"2945471b527318c168991d0dc4f482a0": ["15", "net.mandaria.tippytipper.activities.SplitBill"]}, {"2945471b527318c168991d0dc4f482a0": ["15", "net.mandaria.tippytipper.activities.SplitBill"]}, {"2945471b527318c168991d0dc4f482a0": ["15", "net.mandaria.tippytipper.activities.SplitBill"]}, {"2945471b527318c168991d0dc4f482a0": ["15", "net.mandaria.tippytipper.activities.SplitBill"]}, {"2945471b527318c168991d0dc4f482a0": ["15", "net.mandaria.tippytipper.activities.SplitBill"]}, {"2945471b527318c168991d0dc4f482a0": ["15", "net.mandaria.tippytipper.activities.SplitBill"]}, {"2945471b527318c168991d0dc4f482a0": ["15", "net.mandaria.tippytipper.activities.SplitBill"]}, {"2945471b527318c168991d0dc4f482a0": ["15", "net.mandaria.tippytipper.activities.SplitBill"]}, {"2945471b527318c168991d0dc4f482a0": ["15", "net.mandaria.tippytipper.activities.SplitBill"]}, {"2945471b527318c168991d0dc4f482a0": ["15", "net.mandaria.tippytipper.activities.SplitBill"]}, {"2945471b527318c168991d0dc4f482a0": ["15", "net.mandaria.tippytipper.activities.SplitBill"]}, {"2945471b527318c168991d0dc4f482a0": ["15", "net.mandaria.tippytipper.activities.SplitBill"]}, {"2945471b527318c168991d0dc4f482a0": ["15", "net.mandaria.tippytipper.activities.SplitBill"]}, {"2945471b527318c168991d0dc4f482a0": ["15", "net.mandaria.tippytipper.activities.SplitBill"]}, {"618c6d7e9ed1ac1526401f7d033fbb62": ["5", "net.mandaria.tippytipper.activities.Settings"]}, {"618c6d7e9ed1ac1526401f7d033fbb62": ["5", "net.mandaria.tippytipper.activities.Settings"]}, {"1592f64487300b5879eea706ecfae733": ["3", "net.mandaria.tippytipper.activities.Settings"]}, {"1592f64487300b5879eea706ecfae733": ["3", "net.mandaria.tippytipper.activities.Settings"]}, {"1592f64487300b5879eea706ecfae733": ["3", "net.mandaria.tippytipper.activities.Settings"]}, {"1592f64487300b5879eea706ecfae733": ["3", "net.mandaria.tippytipper.activities.Settings"]}, {"618c6d7e9ed1ac1526401f7d033fbb62": ["5", "net.mandaria.tippytipper.activities.Settings"]}, {"618c6d7e9ed1ac1526401f7d033fbb62": ["5", "net.mandaria.tippytipper.activities.Settings"]}, {"1592f64487300b5879eea706ecfae733": ["3", "net.mandaria.tippytipper.activities.Settings"]}, {"1592f64487300b5879eea706ecfae733": ["3", "net.mandaria.tippytipper.activities.Settings"]}, {"310cc7a6675bb74c87fef76f320a92e9": ["10", "net.mandaria.tippytipper.activities.Settings"]}, {"310cc7a6675bb74c87fef76f320a92e9": ["10", "net.mandaria.tippytipper.activities.Settings"]}, {"c25aea8ef27b619d7847283df036db5a": ["1", "net.mandaria.tippytipper.activities.Total"]}, {"c25aea8ef27b619d7847283df036db5a": ["1", "net.mandaria.tippytipper.activities.Total"]}, {"c25aea8ef27b619d7847283df036db5a": ["1", "net.mandaria.tippytipper.activities.Total"]}, {"c25aea8ef27b619d7847283df036db5a": ["1", "net.mandaria.tippytipper.activities.Total"]}, {"2945471b527318c168991d0dc4f482a0": ["15", "net.mandaria.tippytipper.activities.SplitBill"]}, {"c25aea8ef27b619d7847283df036db5a": ["1", "net.mandaria.tippytipper.activities.Total"]}, {"1592f64487300b5879eea706ecfae733": ["3", "net.mandaria.tippytipper.activities.Settings"]}, {"2e16d714ae2ac53409bddfd16791b317": ["6", "net.mandaria.tippytipper.activities.Settings"]}, {"1592f64487300b5879eea706ecfae733": ["3", "net.mandaria.tippytipper.activities.Settings"]}, {"1592f64487300b5879eea706ecfae733": ["3", "net.mandaria.tippytipper.activities.Settings"]}, {"2e16d714ae2ac53409bddfd16791b317": ["6", "net.mandaria.tippytipper.activities.Settings"]}, {"2e16d714ae2ac53409bddfd16791b317": ["6", "net.mandaria.tippytipper.activities.Settings"]}, {"1592f64487300b5879eea706ecfae733": ["3", "net.mandaria.tippytipper.activities.Settings"]}, {"1592f64487300b5879eea706ecfae733": ["3", "net.mandaria.tippytipper.activities.Settings"]}, {"2e16d714ae2ac53409bddfd16791b317": ["6", "net.mandaria.tippytipper.activities.Settings"]}, {"618c6d7e9ed1ac1526401f7d033fbb62": ["5", "net.mandaria.tippytipper.activities.Settings"]}, {"cfcdda67bf99d6d829d8815fbb272626": ["4", "net.mandaria.tippytipper.activities.Settings"]}, {"618c6d7e9ed1ac1526401f7d033fbb62": ["5", "net.mandaria.tippytipper.activities.Settings"]}, {"cfcdda67bf99d6d829d8815fbb272626": ["4", "net.mandaria.tippytipper.activities.Settings"]}, {"618c6d7e9ed1ac1526401f7d033fbb62": ["5", "net.mandaria.tippytipper.activities.Settings"]}, {"618c6d7e9ed1ac1526401f7d033fbb62": ["5", "net.mandaria.tippytipper.activities.Settings"]}, {"618c6d7e9ed1ac1526401f7d033fbb62": ["5", "net.mandaria.tippytipper.activities.Settings"]}, {"c25aea8ef27b619d7847283df036db5a": ["1", "net.mandaria.tippytipper.activities.Total"]}, {"2945471b527318c168991d0dc4f482a0": ["15", "net.mandaria.tippytipper.activities.SplitBill"]}, {"2945471b527318c168991d0dc4f482a0": ["15", "net.mandaria.tippytipper.activities.SplitBill"]}, {"2945471b527318c168991d0dc4f482a0": ["15", "net.mandaria.tippytipper.activities.SplitBill"]}, {"2945471b527318c168991d0dc4f482a0": ["15", "net.mandaria.tippytipper.activities.SplitBill"]}, {"2945471b527318c168991d0dc4f482a0": ["15", "net.mandaria.tippytipper.activities.SplitBill"]}, {"2945471b527318c168991d0dc4f482a0": ["15", "net.mandaria.tippytipper.activities.SplitBill"]}, {"c25aea8ef27b619d7847283df036db5a": ["1", "net.mandaria.tippytipper.activities.Total"]}, {"1592f64487300b5879eea706ecfae733": ["3", "net.mandaria.tippytipper.activities.Settings"]}, {"1592f64487300b5879eea706ecfae733": ["3", "net.mandaria.tippytipper.activities.Settings"]}, {"1592f64487300b5879eea706ecfae733": ["3", "net.mandaria.tippytipper.activities.Settings"]}, {"1592f64487300b5879eea706ecfae733": ["3", "net.mandaria.tippytipper.activities.Settings"]}, {"cfcdda67bf99d6d829d8815fbb272626": ["4", "net.mandaria.tippytipper.activities.Settings"]}, {"1592f64487300b5879eea706ecfae733": ["3", "net.mandaria.tippytipper.activities.Settings"]}, {"1592f64487300b5879eea706ecfae733": ["3", "net.mandaria.tippytipper.activities.Settings"]}, {"cfcdda67bf99d6d829d8815fbb272626": ["4", "net.mandaria.tippytipper.activities.Settings"]}, {"1592f64487300b5879eea706ecfae733": ["3", "net.mandaria.tippytipper.activities.Settings"]}, {"cfcdda67bf99d6d829d8815fbb272626": ["4", "net.mandaria.tippytipper.activities.Settings"]}, {"310cc7a6675bb74c87fef76f320a92e9": ["10", "net.mandaria.tippytipper.activities.Settings"]}, {"1592f64487300b5879eea706ecfae733": ["3", "net.mandaria.tippytipper.activities.Settings"]}, {"c258317f4980de9342d447436b257ea5": ["16", "net.mandaria.tippytipper.activities.Settings"]}, {"1592f64487300b5879eea706ecfae733": ["3", "net.mandaria.tippytipper.activities.Settings"]}, {"cfcdda67bf99d6d829d8815fbb272626": ["4", "net.mandaria.tippytipper.activities.Settings"]}, {"1592f64487300b5879eea706ecfae733": ["3", "net.mandaria.tippytipper.activities.Settings"]}, {"1592f64487300b5879eea706ecfae733": ["3", "net.mandaria.tippytipper.activities.Settings"]}, {"1592f64487300b5879eea706ecfae733": ["3", "net.mandaria.tippytipper.activities.Settings"]}, {"1592f64487300b5879eea706ecfae733": ["3", "net.mandaria.tippytipper.activities.Settings"]}, {"2e16d714ae2ac53409bddfd16791b317": ["6", "net.mandaria.tippytipper.activities.Settings"]}, {"1592f64487300b5879eea706ecfae733": ["3", "net.mandaria.tippytipper.activities.Settings"]}, {"1592f64487300b5879eea706ecfae733": ["3", "net.mandaria.tippytipper.activities.Settings"]}, {"1592f64487300b5879eea706ecfae733": ["3", "net.mandaria.tippytipper.activities.Settings"]}, {"1592f64487300b5879eea706ecfae733": ["3", "net.mandaria.tippytipper.activities.Settings"]}, {"1592f64487300b5879eea706ecfae733": ["3", "net.mandaria.tippytipper.activities.Settings"]}, {"cfcdda67bf99d6d829d8815fbb272626": ["4", "net.mandaria.tippytipper.activities.Settings"]}, {"1592f64487300b5879eea706ecfae733": ["3", "net.mandaria.tippytipper.activities.Settings"]}, {"310cc7a6675bb74c87fef76f320a92e9": ["10", "net.mandaria.tippytipper.activities.Settings"]}, {"618c6d7e9ed1ac1526401f7d033fbb62": ["5", "net.mandaria.tippytipper.activities.Settings"]}, {"618c6d7e9ed1ac1526401f7d033fbb62": ["5", "net.mandaria.tippytipper.activities.Settings"]}, {"618c6d7e9ed1ac1526401f7d033fbb62": ["5", "net.mandaria.tippytipper.activities.Settings"]}, {"90b666594a9f799ed1b3b6f3e98f49c7": ["12", "net.mandaria.tippytipper.activities.Settings"]}, {"1592f64487300b5879eea706ecfae733": ["3", "net.mandaria.tippytipper.activities.Settings"]}, {"cfcdda67bf99d6d829d8815fbb272626": ["4", "net.mandaria.tippytipper.activities.Settings"]}, {"1592f64487300b5879eea706ecfae733": ["3", "net.mandaria.tippytipper.activities.Settings"]}, {"1592f64487300b5879eea706ecfae733": ["3", "net.mandaria.tippytipper.activities.Settings"]}, {"1592f64487300b5879eea706ecfae733": ["3", "net.mandaria.tippytipper.activities.Settings"]}, {"cfcdda67bf99d6d829d8815fbb272626": ["4", "net.mandaria.tippytipper.activities.Settings"]}, {"1592f64487300b5879eea706ecfae733": ["3", "net.mandaria.tippytipper.activities.Settings"]}, {"1592f64487300b5879eea706ecfae733": ["3", "net.mandaria.tippytipper.activities.Settings"]}, {"1592f64487300b5879eea706ecfae733": ["3", "net.mandaria.tippytipper.activities.Settings"]}, {"cfcdda67bf99d6d829d8815fbb272626": ["4", "net.mandaria.tippytipper.activities.Settings"]}, {"1592f64487300b5879eea706ecfae733": ["3", "net.mandaria.tippytipper.activities.Settings"]}, {"1592f64487300b5879eea706ecfae733": ["3", "net.mandaria.tippytipper.activities.Settings"]}, {"1592f64487300b5879eea706ecfae733": ["3", "net.mandaria.tippytipper.activities.Settings"]}, {"1592f64487300b5879eea706ecfae733": ["3", "net.mandaria.tippytipper.activities.Settings"]}, {"cfcdda67bf99d6d829d8815fbb272626": ["4", "net.mandaria.tippytipper.activities.Settings"]}, {"618c6d7e9ed1ac1526401f7d033fbb62": ["5", "net.mandaria.tippytipper.activities.Settings"]}, {"618c6d7e9ed1ac1526401f7d033fbb62": ["5", "net.mandaria.tippytipper.activities.Settings"]}, {"618c6d7e9ed1ac1526401f7d033fbb62": ["5", "net.mandaria.tippytipper.activities.Settings"]}, {"90b666594a9f799ed1b3b6f3e98f49c7": ["12", "net.mandaria.tippytipper.activities.Settings"]}, {"9910b82252f242fc9af7c78827c53bb6": ["7", "net.mandaria.tippytipper.activities.Settings"]}, {"90b666594a9f799ed1b3b6f3e98f49c7": ["12", "net.mandaria.tippytipper.activities.Settings"]}, {"2e16d714ae2ac53409bddfd16791b317": ["6", "net.mandaria.tippytipper.activities.Settings"]}, {"90b666594a9f799ed1b3b6f3e98f49c7": ["12", "net.mandaria.tippytipper.activities.Settings"]}, {"1592f64487300b5879eea706ecfae733": ["3", "net.mandaria.tippytipper.activities.Settings"]}, {"1592f64487300b5879eea706ecfae733": ["3", "net.mandaria.tippytipper.activities.Settings"]}, {"2e16d714ae2ac53409bddfd16791b317": ["6", "net.mandaria.tippytipper.activities.Settings"]}, {"1592f64487300b5879eea706ecfae733": ["3", "net.mandaria.tippytipper.activities.Settings"]}, {"1592f64487300b5879eea706ecfae733": ["3", "net.mandaria.tippytipper.activities.Settings"]}, {"1592f64487300b5879eea706ecfae733": ["3", "net.mandaria.tippytipper.activities.Settings"]}, {"1592f64487300b5879eea706ecfae733": ["3", "net.mandaria.tippytipper.activities.Settings"]}, {"96b60e8381d0d4a1e08492b5c1eb3da8": ["13", "net.mandaria.tippytipper.activities.Settings"]}, {"cfcdda67bf99d6d829d8815fbb272626": ["4", "net.mandaria.tippytipper.activities.Settings"]}, {"96b60e8381d0d4a1e08492b5c1eb3da8": ["13", "net.mandaria.tippytipper.activities.Settings"]}, {"310cc7a6675bb74c87fef76f320a92e9": ["10", "net.mandaria.tippytipper.activities.Settings"]}, {"1592f64487300b5879eea706ecfae733": ["3", "net.mandaria.tippytipper.activities.Settings"]}, {"618c6d7e9ed1ac1526401f7d033fbb62": ["5", "net.mandaria.tippytipper.activities.Settings"]}, {"27399baa1428f591c2b0b89f2e767d6d": ["11", "net.mandaria.tippytipper.activities.Settings"]}, {"618c6d7e9ed1ac1526401f7d033fbb62": ["5", "net.mandaria.tippytipper.activities.Settings"]}, {"cfcdda67bf99d6d829d8815fbb272626": ["4", "net.mandaria.tippytipper.activities.Settings"]}, {"618c6d7e9ed1ac1526401f7d033fbb62": ["5", "net.mandaria.tippytipper.activities.Settings"]}, {"618c6d7e9ed1ac1526401f7d033fbb62": ["5", "net.mandaria.tippytipper.activities.Settings"]}, {"618c6d7e9ed1ac1526401f7d033fbb62": ["5", "net.mandaria.tippytipper.activities.Settings"]}, {"618c6d7e9ed1ac1526401f7d033fbb62": ["5", "net.mandaria.tippytipper.activities.Settings"]}, {"944bc3980afa190ef4b16f9ef21c068a": ["8", "net.mandaria.tippytipper.activities.Settings"]}, {"310cc7a6675bb74c87fef76f320a92e9": ["10", "net.mandaria.tippytipper.activities.Settings"]}, {"310cc7a6675bb74c87fef76f320a92e9": ["10", "net.mandaria.tippytipper.activities.Settings"]}, {"310cc7a6675bb74c87fef76f320a92e9": ["10", "net.mandaria.tippytipper.activities.Settings"]}, {"310cc7a6675bb74c87fef76f320a92e9": ["10", "net.mandaria.tippytipper.activities.Settings"]}, {"310cc7a6675bb74c87fef76f320a92e9": ["10", "net.mandaria.tippytipper.activities.Settings"]}, {"310cc7a6675bb74c87fef76f320a92e9": ["10", "net.mandaria.tippytipper.activities.Settings"]}, {"cfcdda67bf99d6d829d8815fbb272626": ["4", "net.mandaria.tippytipper.activities.Settings"]}, {"618c6d7e9ed1ac1526401f7d033fbb62": ["5", "net.mandaria.tippytipper.activities.Settings"]}, {"618c6d7e9ed1ac1526401f7d033fbb62": ["5", "net.mandaria.tippytipper.activities.Settings"]}, {"618c6d7e9ed1ac1526401f7d033fbb62": ["5", "net.mandaria.tippytipper.activities.Settings"]}, {"618c6d7e9ed1ac1526401f7d033fbb62": ["5", "net.mandaria.tippytipper.activities.Settings"]}, {"618c6d7e9ed1ac1526401f7d033fbb62": ["5", "net.mandaria.tippytipper.activities.Settings"]}, {"618c6d7e9ed1ac1526401f7d033fbb62": ["5", "net.mandaria.tippytipper.activities.Settings"]}, {"cfcdda67bf99d6d829d8815fbb272626": ["4", "net.mandaria.tippytipper.activities.Settings"]}, {"618c6d7e9ed1ac1526401f7d033fbb62": ["5", "net.mandaria.tippytipper.activities.Settings"]}, {"618c6d7e9ed1ac1526401f7d033fbb62": ["5", "net.mandaria.tippytipper.activities.Settings"]}, {"618c6d7e9ed1ac1526401f7d033fbb62": ["5", "net.mandaria.tippytipper.activities.Settings"]}, {"618c6d7e9ed1ac1526401f7d033fbb62": ["5", "net.mandaria.tippytipper.activities.Settings"]}, {"618c6d7e9ed1ac1526401f7d033fbb62": ["5", "net.mandaria.tippytipper.activities.Settings"]}, {"cfcdda67bf99d6d829d8815fbb272626": ["4", "net.mandaria.tippytipper.activities.Settings"]}, {"618c6d7e9ed1ac1526401f7d033fbb62": ["5", "net.mandaria.tippytipper.activities.Settings"]}, {"618c6d7e9ed1ac1526401f7d033fbb62": ["5", "net.mandaria.tippytipper.activities.Settings"]}, {"618c6d7e9ed1ac1526401f7d033fbb62": ["5", "net.mandaria.tippytipper.activities.Settings"]}, {"944bc3980afa190ef4b16f9ef21c068a": ["8", "net.mandaria.tippytipper.activities.Settings"]}, {"618c6d7e9ed1ac1526401f7d033fbb62": ["5", "net.mandaria.tippytipper.activities.Settings"]}, {"2e16d714ae2ac53409bddfd16791b317": ["6", "net.mandaria.tippytipper.activities.Settings"]}, {"618c6d7e9ed1ac1526401f7d033fbb62": ["5", "net.mandaria.tippytipper.activities.Settings"]}, {"2e16d714ae2ac53409bddfd16791b317": ["6", "net.mandaria.tippytipper.activities.Settings"]}, {"618c6d7e9ed1ac1526401f7d033fbb62": ["5", "net.mandaria.tippytipper.activities.Settings"]}, {"618c6d7e9ed1ac1526401f7d033fbb62": ["5", "net.mandaria.tippytipper.activities.Settings"]}, {"cfcdda67bf99d6d829d8815fbb272626": ["4", "net.mandaria.tippytipper.activities.Settings"]}, {"618c6d7e9ed1ac1526401f7d033fbb62": ["5", "net.mandaria.tippytipper.activities.Settings"]}, {"618c6d7e9ed1ac1526401f7d033fbb62": ["5", "net.mandaria.tippytipper.activities.Settings"]}, {"618c6d7e9ed1ac1526401f7d033fbb62": ["5", "net.mandaria.tippytipper.activities.Settings"]}, {"96b60e8381d0d4a1e08492b5c1eb3da8": ["13", "net.mandaria.tippytipper.activities.Settings"]}, {"944bc3980afa190ef4b16f9ef21c068a": ["8", "net.mandaria.tippytipper.activities.Settings"]}, {"96b60e8381d0d4a1e08492b5c1eb3da8": ["13", "net.mandaria.tippytipper.activities.Settings"]}, {"618c6d7e9ed1ac1526401f7d033fbb62": ["5", "net.mandaria.tippytipper.activities.Settings"]}, {"1592f64487300b5879eea706ecfae733": ["3", "net.mandaria.tippytipper.activities.Settings"]}, {"cfcdda67bf99d6d829d8815fbb272626": ["4", "net.mandaria.tippytipper.activities.Settings"]}, {"1592f64487300b5879eea706ecfae733": ["3", "net.mandaria.tippytipper.activities.Settings"]}, {"1592f64487300b5879eea706ecfae733": ["3", "net.mandaria.tippytipper.activities.Settings"]}, {"1592f64487300b5879eea706ecfae733": ["3", "net.mandaria.tippytipper.activities.Settings"]}, {"1592f64487300b5879eea706ecfae733": ["3", "net.mandaria.tippytipper.activities.Settings"]}, {"1592f64487300b5879eea706ecfae733": ["3", "net.mandaria.tippytipper.activities.Settings"]}, {"618c6d7e9ed1ac1526401f7d033fbb62": ["5", "net.mandaria.tippytipper.activities.Settings"]}, {"cfcdda67bf99d6d829d8815fbb272626": ["4", "net.mandaria.tippytipper.activities.Settings"]}, {"90b666594a9f799ed1b3b6f3e98f49c7": ["12", "net.mandaria.tippytipper.activities.Settings"]}, {"90b666594a9f799ed1b3b6f3e98f49c7": ["12", "net.mandaria.tippytipper.activities.Settings"]}, {"944bc3980afa190ef4b16f9ef21c068a": ["8", "net.mandaria.tippytipper.activities.Settings"]}, {"944bc3980afa190ef4b16f9ef21c068a": ["8", "net.mandaria.tippytipper.activities.Settings"]}, {"90b666594a9f799ed1b3b6f3e98f49c7": ["12", "net.mandaria.tippytipper.activities.Settings"]}, {"90b666594a9f799ed1b3b6f3e98f49c7": ["12", "net.mandaria.tippytipper.activities.Settings"]}, {"90b666594a9f799ed1b3b6f3e98f49c7": ["12", "net.mandaria.tippytipper.activities.Settings"]}, {"618c6d7e9ed1ac1526401f7d033fbb62": ["5", "net.mandaria.tippytipper.activities.Settings"]}, {"96b60e8381d0d4a1e08492b5c1eb3da8": ["13", "net.mandaria.tippytipper.activities.Settings"]}, {"2e16d714ae2ac53409bddfd16791b317": ["6", "net.mandaria.tippytipper.activities.Settings"]}, {"618c6d7e9ed1ac1526401f7d033fbb62": ["5", "net.mandaria.tippytipper.activities.Settings"]}, {"618c6d7e9ed1ac1526401f7d033fbb62": ["5", "net.mandaria.tippytipper.activities.Settings"]}, {"944bc3980afa190ef4b16f9ef21c068a": ["8", "net.mandaria.tippytipper.activities.Settings"]}, {"1592f64487300b5879eea706ecfae733": ["3", "net.mandaria.tippytipper.activities.Settings"]}, {"1592f64487300b5879eea706ecfae733": ["3", "net.mandaria.tippytipper.activities.Settings"]}, {"1592f64487300b5879eea706ecfae733": ["3", "net.mandaria.tippytipper.activities.Settings"]}, {"1592f64487300b5879eea706ecfae733": ["3", "net.mandaria.tippytipper.activities.Settings"]}, {"618c6d7e9ed1ac1526401f7d033fbb62": ["5", "net.mandaria.tippytipper.activities.Settings"]}, {"618c6d7e9ed1ac1526401f7d033fbb62": ["5", "net.mandaria.tippytipper.activities.Settings"]}, {"618c6d7e9ed1ac1526401f7d033fbb62": ["5", "net.mandaria.tippytipper.activities.Settings"]}, {"90b666594a9f799ed1b3b6f3e98f49c7": ["12", "net.mandaria.tippytipper.activities.Settings"]}, {"90b666594a9f799ed1b3b6f3e98f49c7": ["12", "net.mandaria.tippytipper.activities.Settings"]}, {"90b666594a9f799ed1b3b6f3e98f49c7": ["12", "net.mandaria.tippytipper.activities.Settings"]}, {"90b666594a9f799ed1b3b6f3e98f49c7": ["12", "net.mandaria.tippytipper.activities.Settings"]}, {"1592f64487300b5879eea706ecfae733": ["3", "net.mandaria.tippytipper.activities.Settings"]}, {"618c6d7e9ed1ac1526401f7d033fbb62": ["5", "net.mandaria.tippytipper.activities.Settings"]}, {"96b60e8381d0d4a1e08492b5c1eb3da8": ["13", "net.mandaria.tippytipper.activities.Settings"]}, {"618c6d7e9ed1ac1526401f7d033fbb62": ["5", "net.mandaria.tippytipper.activities.Settings"]}, {"618c6d7e9ed1ac1526401f7d033fbb62": ["5", "net.mandaria.tippytipper.activities.Settings"]}, {"1592f64487300b5879eea706ecfae733": ["3", "net.mandaria.tippytipper.activities.Settings"]}, {"1592f64487300b5879eea706ecfae733": ["3", "net.mandaria.tippytipper.activities.Settings"]}, {"1592f64487300b5879eea706ecfae733": ["3", "net.mandaria.tippytipper.activities.Settings"]}, {"1592f64487300b5879eea706ecfae733": ["3", "net.mandaria.tippytipper.activities.Settings"]}, {"1592f64487300b5879eea706ecfae733": ["3", "net.mandaria.tippytipper.activities.Settings"]}, {"2e16d714ae2ac53409bddfd16791b317": ["6", "net.mandaria.tippytipper.activities.Settings"]}, {"96b60e8381d0d4a1e08492b5c1eb3da8": ["13", "net.mandaria.tippytipper.activities.Settings"]}, {"96b60e8381d0d4a1e08492b5c1eb3da8": ["13", "net.mandaria.tippytipper.activities.Settings"]}, {"96b60e8381d0d4a1e08492b5c1eb3da8": ["13", "net.mandaria.tippytipper.activities.Settings"]}, {"96b60e8381d0d4a1e08492b5c1eb3da8": ["13", "net.mandaria.tippytipper.activities.Settings"]}, {"96b60e8381d0d4a1e08492b5c1eb3da8": ["13", "net.mandaria.tippytipper.activities.Settings"]}, {"96b60e8381d0d4a1e08492b5c1eb3da8": ["13", "net.mandaria.tippytipper.activities.Settings"]}, {"96b60e8381d0d4a1e08492b5c1eb3da8": ["13", "net.mandaria.tippytipper.activities.Settings"]}, {"96b60e8381d0d4a1e08492b5c1eb3da8": ["13", "net.mandaria.tippytipper.activities.Settings"]}, {"96b60e8381d0d4a1e08492b5c1eb3da8": ["13", "net.mandaria.tippytipper.activities.Settings"]}, {"96b60e8381d0d4a1e08492b5c1eb3da8": ["13", "net.mandaria.tippytipper.activities.Settings"]}, {"618c6d7e9ed1ac1526401f7d033fbb62": ["5", "net.mandaria.tippytipper.activities.Settings"]}, {"618c6d7e9ed1ac1526401f7d033fbb62": ["5", "net.mandaria.tippytipper.activities.Settings"]}, {"618c6d7e9ed1ac1526401f7d033fbb62": ["5", "net.mandaria.tippytipper.activities.Settings"]}, {"618c6d7e9ed1ac1526401f7d033fbb62": ["5", "net.mandaria.tippytipper.activities.Settings"]}, {"cfcdda67bf99d6d829d8815fbb272626": ["4", "net.mandaria.tippytipper.activities.Settings"]}, {"1592f64487300b5879eea706ecfae733": ["3", "net.mandaria.tippytipper.activities.Settings"]}, {"1592f64487300b5879eea706ecfae733": ["3", "net.mandaria.tippytipper.activities.Settings"]}, {"1592f64487300b5879eea706ecfae733": ["3", "net.mandaria.tippytipper.activities.Settings"]}, {"1592f64487300b5879eea706ecfae733": ["3", "net.mandaria.tippytipper.activities.Settings"]}, {"1592f64487300b5879eea706ecfae733": ["3", "net.mandaria.tippytipper.activities.Settings"]}, {"cfcdda67bf99d6d829d8815fbb272626": ["4", "net.mandaria.tippytipper.activities.Settings"]}, {"1592f64487300b5879eea706ecfae733": ["3", "net.mandaria.tippytipper.activities.Settings"]}, {"1592f64487300b5879eea706ecfae733": ["3", "net.mandaria.tippytipper.activities.Settings"]}, {"cfcdda67bf99d6d829d8815fbb272626": ["4", "net.mandaria.tippytipper.activities.Settings"]}, {"1592f64487300b5879eea706ecfae733": ["3", "net.mandaria.tippytipper.activities.Settings"]}, {"1592f64487300b5879eea706ecfae733": ["3", "net.mandaria.tippytipper.activities.Settings"]}, {"43e6f6bb1e7ada32ef9b0d735f586190": ["14", "net.mandaria.tippytipper.activities.Settings"]}, {"cfcdda67bf99d6d829d8815fbb272626": ["4", "net.mandaria.tippytipper.activities.Settings"]}, {"43e6f6bb1e7ada32ef9b0d735f586190": ["14", "net.mandaria.tippytipper.activities.Settings"]}, {"43e6f6bb1e7ada32ef9b0d735f586190": ["14", "net.mandaria.tippytipper.activities.Settings"]}, {"c25aea8ef27b619d7847283df036db5a": ["1", "net.mandaria.tippytipper.activities.Total"]}, {"2945471b527318c168991d0dc4f482a0": ["15", "net.mandaria.tippytipper.activities.SplitBill"]}, {"2945471b527318c168991d0dc4f482a0": ["15", "net.mandaria.tippytipper.activities.SplitBill"]}, {"2945471b527318c168991d0dc4f482a0": ["15", "net.mandaria.tippytipper.activities.SplitBill"]}, {"2945471b527318c168991d0dc4f482a0": ["15", "net.mandaria.tippytipper.activities.SplitBill"]}, {"2945471b527318c168991d0dc4f482a0": ["15", "net.mandaria.tippytipper.activities.SplitBill"]}, {"2945471b527318c168991d0dc4f482a0": ["15", "net.mandaria.tippytipper.activities.SplitBill"]}, {"2945471b527318c168991d0dc4f482a0": ["15", "net.mandaria.tippytipper.activities.SplitBill"]}, {"2945471b527318c168991d0dc4f482a0": ["15", "net.mandaria.tippytipper.activities.SplitBill"]}, {"2945471b527318c168991d0dc4f482a0": ["15", "net.mandaria.tippytipper.activities.SplitBill"]}, {"2945471b527318c168991d0dc4f482a0": ["15", "net.mandaria.tippytipper.activities.SplitBill"]}, {"32f656e8ec13d4b8f9ed527a51c975e5": ["0", "net.mandaria.tippytipper.activities.TippyTipper"]}, {"32f656e8ec13d4b8f9ed527a51c975e5": ["0", "net.mandaria.tippytipper.activities.TippyTipper"]}, {"32f656e8ec13d4b8f9ed527a51c975e5": ["0", "net.mandaria.tippytipper.activities.TippyTipper"]}, {"c25aea8ef27b619d7847283df036db5a": ["1", "net.mandaria.tippytipper.activities.Total"]}, {"c25aea8ef27b619d7847283df036db5a": ["1", "net.mandaria.tippytipper.activities.Total"]}]