[{"3871e4fa130b3d6dc1b8673804c0beca": ["0", "com.beust.android.translate.TranslateActivity"]}, {"cb7efe2cc7f84d4025d496704a155c39": ["2", "com.beust.android.translate.TranslateActivity"]}, {"3871e4fa130b3d6dc1b8673804c0beca": ["0", "com.beust.android.translate.TranslateActivity"]}, {"3871e4fa130b3d6dc1b8673804c0beca": ["0", "com.beust.android.translate.TranslateActivity"]}, {"3871e4fa130b3d6dc1b8673804c0beca": ["0", "com.beust.android.translate.TranslateActivity"]}, {"3871e4fa130b3d6dc1b8673804c0beca": ["0", "com.beust.android.translate.TranslateActivity"]}, {"3871e4fa130b3d6dc1b8673804c0beca": ["0", "com.beust.android.translate.TranslateActivity"]}, {"3871e4fa130b3d6dc1b8673804c0beca": ["0", "com.beust.android.translate.TranslateActivity"]}, {"3871e4fa130b3d6dc1b8673804c0beca": ["0", "com.beust.android.translate.TranslateActivity"]}, {"3871e4fa130b3d6dc1b8673804c0beca": ["0", "com.beust.android.translate.TranslateActivity"]}, {"3871e4fa130b3d6dc1b8673804c0beca": ["0", "com.beust.android.translate.TranslateActivity"]}, {"3871e4fa130b3d6dc1b8673804c0beca": ["0", "com.beust.android.translate.TranslateActivity"]}, {"3871e4fa130b3d6dc1b8673804c0beca": ["0", "com.beust.android.translate.TranslateActivity"]}, {"cb7efe2cc7f84d4025d496704a155c39": ["2", "com.beust.android.translate.TranslateActivity"]}, {"3871e4fa130b3d6dc1b8673804c0beca": ["0", "com.beust.android.translate.TranslateActivity"]}, {"3871e4fa130b3d6dc1b8673804c0beca": ["0", "com.beust.android.translate.TranslateActivity"]}, {"3871e4fa130b3d6dc1b8673804c0beca": ["0", "com.beust.android.translate.TranslateActivity"]}, {"3871e4fa130b3d6dc1b8673804c0beca": ["0", "com.beust.android.translate.TranslateActivity"]}, {"cb7efe2cc7f84d4025d496704a155c39": ["2", "com.beust.android.translate.TranslateActivity"]}, {"3871e4fa130b3d6dc1b8673804c0beca": ["0", "com.beust.android.translate.TranslateActivity"]}, {"3871e4fa130b3d6dc1b8673804c0beca": ["0", "com.beust.android.translate.TranslateActivity"]}, {"3871e4fa130b3d6dc1b8673804c0beca": ["0", "com.beust.android.translate.TranslateActivity"]}, {"3871e4fa130b3d6dc1b8673804c0beca": ["0", "com.beust.android.translate.TranslateActivity"]}, {"cb7efe2cc7f84d4025d496704a155c39": ["2", "com.beust.android.translate.TranslateActivity"]}, {"3871e4fa130b3d6dc1b8673804c0beca": ["0", "com.beust.android.translate.TranslateActivity"]}, {"3871e4fa130b3d6dc1b8673804c0beca": ["0", "com.beust.android.translate.TranslateActivity"]}, {"cb7efe2cc7f84d4025d496704a155c39": ["2", "com.beust.android.translate.TranslateActivity"]}, {"3871e4fa130b3d6dc1b8673804c0beca": ["0", "com.beust.android.translate.TranslateActivity"]}, {"cb7efe2cc7f84d4025d496704a155c39": ["2", "com.beust.android.translate.TranslateActivity"]}, {"3871e4fa130b3d6dc1b8673804c0beca": ["0", "com.beust.android.translate.TranslateActivity"]}, {"cb7efe2cc7f84d4025d496704a155c39": ["2", "com.beust.android.translate.TranslateActivity"]}, {"4b6e55fbbd999f0cebd7069d71e1b99d": ["3", "com.beust.android.translate.HistoryActivity"]}, {"4b6e55fbbd999f0cebd7069d71e1b99d": ["3", "com.beust.android.translate.HistoryActivity"]}, {"3871e4fa130b3d6dc1b8673804c0beca": ["0", "com.beust.android.translate.TranslateActivity"]}, {"3871e4fa130b3d6dc1b8673804c0beca": ["0", "com.beust.android.translate.TranslateActivity"]}, {"3871e4fa130b3d6dc1b8673804c0beca": ["0", "com.beust.android.translate.TranslateActivity"]}, {"3871e4fa130b3d6dc1b8673804c0beca": ["0", "com.beust.android.translate.TranslateActivity"]}, {"3871e4fa130b3d6dc1b8673804c0beca": ["0", "com.beust.android.translate.TranslateActivity"]}, {"4b6e55fbbd999f0cebd7069d71e1b99d": ["3", "com.beust.android.translate.HistoryActivity"]}, {"3871e4fa130b3d6dc1b8673804c0beca": ["0", "com.beust.android.translate.TranslateActivity"]}, {"3871e4fa130b3d6dc1b8673804c0beca": ["0", "com.beust.android.translate.TranslateActivity"]}, {"3871e4fa130b3d6dc1b8673804c0beca": ["0", "com.beust.android.translate.TranslateActivity"]}, {"cb7efe2cc7f84d4025d496704a155c39": ["2", "com.beust.android.translate.TranslateActivity"]}, {"3871e4fa130b3d6dc1b8673804c0beca": ["0", "com.beust.android.translate.TranslateActivity"]}, {"cb7efe2cc7f84d4025d496704a155c39": ["2", "com.beust.android.translate.TranslateActivity"]}, {"3871e4fa130b3d6dc1b8673804c0beca": ["0", "com.beust.android.translate.TranslateActivity"]}, {"cb7efe2cc7f84d4025d496704a155c39": ["2", "com.beust.android.translate.TranslateActivity"]}, {"3871e4fa130b3d6dc1b8673804c0beca": ["0", "com.beust.android.translate.TranslateActivity"]}, {"cb7efe2cc7f84d4025d496704a155c39": ["2", "com.beust.android.translate.TranslateActivity"]}, {"3871e4fa130b3d6dc1b8673804c0beca": ["0", "com.beust.android.translate.TranslateActivity"]}, {"3871e4fa130b3d6dc1b8673804c0beca": ["0", "com.beust.android.translate.TranslateActivity"]}, {"3871e4fa130b3d6dc1b8673804c0beca": ["0", "com.beust.android.translate.TranslateActivity"]}, {"3871e4fa130b3d6dc1b8673804c0beca": ["0", "com.beust.android.translate.TranslateActivity"]}, {"3871e4fa130b3d6dc1b8673804c0beca": ["0", "com.beust.android.translate.TranslateActivity"]}, {"cb7efe2cc7f84d4025d496704a155c39": ["2", "com.beust.android.translate.TranslateActivity"]}, {"a228c0002e45e4847ea6c630458cda0b": ["1", "com.beust.android.translate.TranslateActivity"]}, {"3871e4fa130b3d6dc1b8673804c0beca": ["0", "com.beust.android.translate.TranslateActivity"]}, {"3871e4fa130b3d6dc1b8673804c0beca": ["0", "com.beust.android.translate.TranslateActivity"]}, {"3871e4fa130b3d6dc1b8673804c0beca": ["0", "com.beust.android.translate.TranslateActivity"]}, {"3871e4fa130b3d6dc1b8673804c0beca": ["0", "com.beust.android.translate.TranslateActivity"]}, {"cb7efe2cc7f84d4025d496704a155c39": ["2", "com.beust.android.translate.TranslateActivity"]}, {"3871e4fa130b3d6dc1b8673804c0beca": ["0", "com.beust.android.translate.TranslateActivity"]}, {"3871e4fa130b3d6dc1b8673804c0beca": ["0", "com.beust.android.translate.TranslateActivity"]}, {"cb7efe2cc7f84d4025d496704a155c39": ["2", "com.beust.android.translate.TranslateActivity"]}, {"3871e4fa130b3d6dc1b8673804c0beca": ["0", "com.beust.android.translate.TranslateActivity"]}, {"3871e4fa130b3d6dc1b8673804c0beca": ["0", "com.beust.android.translate.TranslateActivity"]}, {"3871e4fa130b3d6dc1b8673804c0beca": ["0", "com.beust.android.translate.TranslateActivity"]}, {"3871e4fa130b3d6dc1b8673804c0beca": ["0", "com.beust.android.translate.TranslateActivity"]}, {"3871e4fa130b3d6dc1b8673804c0beca": ["0", "com.beust.android.translate.TranslateActivity"]}, {"3871e4fa130b3d6dc1b8673804c0beca": ["0", "com.beust.android.translate.TranslateActivity"]}, {"3871e4fa130b3d6dc1b8673804c0beca": ["0", "com.beust.android.translate.TranslateActivity"]}, {"3871e4fa130b3d6dc1b8673804c0beca": ["0", "com.beust.android.translate.TranslateActivity"]}, {"3871e4fa130b3d6dc1b8673804c0beca": ["0", "com.beust.android.translate.TranslateActivity"]}, {"cb7efe2cc7f84d4025d496704a155c39": ["2", "com.beust.android.translate.TranslateActivity"]}, {"4b6e55fbbd999f0cebd7069d71e1b99d": ["3", "com.beust.android.translate.HistoryActivity"]}, {"3871e4fa130b3d6dc1b8673804c0beca": ["0", "com.beust.android.translate.TranslateActivity"]}, {"cb7efe2cc7f84d4025d496704a155c39": ["2", "com.beust.android.translate.TranslateActivity"]}, {"3871e4fa130b3d6dc1b8673804c0beca": ["0", "com.beust.android.translate.TranslateActivity"]}, {"3871e4fa130b3d6dc1b8673804c0beca": ["0", "com.beust.android.translate.TranslateActivity"]}, {"3871e4fa130b3d6dc1b8673804c0beca": ["0", "com.beust.android.translate.TranslateActivity"]}, {"4b6e55fbbd999f0cebd7069d71e1b99d": ["3", "com.beust.android.translate.HistoryActivity"]}, {"4b6e55fbbd999f0cebd7069d71e1b99d": ["3", "com.beust.android.translate.HistoryActivity"]}, {"3871e4fa130b3d6dc1b8673804c0beca": ["0", "com.beust.android.translate.TranslateActivity"]}, {"3871e4fa130b3d6dc1b8673804c0beca": ["0", "com.beust.android.translate.TranslateActivity"]}, {"3871e4fa130b3d6dc1b8673804c0beca": ["0", "com.beust.android.translate.TranslateActivity"]}, {"3871e4fa130b3d6dc1b8673804c0beca": ["0", "com.beust.android.translate.TranslateActivity"]}, {"3871e4fa130b3d6dc1b8673804c0beca": ["0", "com.beust.android.translate.TranslateActivity"]}, {"cb7efe2cc7f84d4025d496704a155c39": ["2", "com.beust.android.translate.TranslateActivity"]}, {"3871e4fa130b3d6dc1b8673804c0beca": ["0", "com.beust.android.translate.TranslateActivity"]}, {"3871e4fa130b3d6dc1b8673804c0beca": ["0", "com.beust.android.translate.TranslateActivity"]}, {"3871e4fa130b3d6dc1b8673804c0beca": ["0", "com.beust.android.translate.TranslateActivity"]}, {"3871e4fa130b3d6dc1b8673804c0beca": ["0", "com.beust.android.translate.TranslateActivity"]}, {"3871e4fa130b3d6dc1b8673804c0beca": ["0", "com.beust.android.translate.TranslateActivity"]}, {"3871e4fa130b3d6dc1b8673804c0beca": ["0", "com.beust.android.translate.TranslateActivity"]}, {"3871e4fa130b3d6dc1b8673804c0beca": ["0", "com.beust.android.translate.TranslateActivity"]}, {"4b6e55fbbd999f0cebd7069d71e1b99d": ["3", "com.beust.android.translate.HistoryActivity"]}, {"4b6e55fbbd999f0cebd7069d71e1b99d": ["3", "com.beust.android.translate.HistoryActivity"]}, {"4b6e55fbbd999f0cebd7069d71e1b99d": ["3", "com.beust.android.translate.HistoryActivity"]}, {"4b6e55fbbd999f0cebd7069d71e1b99d": ["3", "com.beust.android.translate.HistoryActivity"]}, {"4b6e55fbbd999f0cebd7069d71e1b99d": ["3", "com.beust.android.translate.HistoryActivity"]}, {"4b6e55fbbd999f0cebd7069d71e1b99d": ["3", "com.beust.android.translate.HistoryActivity"]}, {"4b6e55fbbd999f0cebd7069d71e1b99d": ["3", "com.beust.android.translate.HistoryActivity"]}, {"4b6e55fbbd999f0cebd7069d71e1b99d": ["3", "com.beust.android.translate.HistoryActivity"]}, {"4b6e55fbbd999f0cebd7069d71e1b99d": ["3", "com.beust.android.translate.HistoryActivity"]}, {"4b6e55fbbd999f0cebd7069d71e1b99d": ["3", "com.beust.android.translate.HistoryActivity"]}, {"4b6e55fbbd999f0cebd7069d71e1b99d": ["3", "com.beust.android.translate.HistoryActivity"]}, {"3871e4fa130b3d6dc1b8673804c0beca": ["0", "com.beust.android.translate.TranslateActivity"]}, {"3871e4fa130b3d6dc1b8673804c0beca": ["0", "com.beust.android.translate.TranslateActivity"]}, {"3871e4fa130b3d6dc1b8673804c0beca": ["0", "com.beust.android.translate.TranslateActivity"]}, {"3871e4fa130b3d6dc1b8673804c0beca": ["0", "com.beust.android.translate.TranslateActivity"]}, {"3871e4fa130b3d6dc1b8673804c0beca": ["0", "com.beust.android.translate.TranslateActivity"]}, {"3871e4fa130b3d6dc1b8673804c0beca": ["0", "com.beust.android.translate.TranslateActivity"]}, {"3871e4fa130b3d6dc1b8673804c0beca": ["0", "com.beust.android.translate.TranslateActivity"]}, {"3871e4fa130b3d6dc1b8673804c0beca": ["0", "com.beust.android.translate.TranslateActivity"]}, {"3871e4fa130b3d6dc1b8673804c0beca": ["0", "com.beust.android.translate.TranslateActivity"]}, {"cb7efe2cc7f84d4025d496704a155c39": ["2", "com.beust.android.translate.TranslateActivity"]}, {"3871e4fa130b3d6dc1b8673804c0beca": ["0", "com.beust.android.translate.TranslateActivity"]}, {"3871e4fa130b3d6dc1b8673804c0beca": ["0", "com.beust.android.translate.TranslateActivity"]}, {"3871e4fa130b3d6dc1b8673804c0beca": ["0", "com.beust.android.translate.TranslateActivity"]}, {"3871e4fa130b3d6dc1b8673804c0beca": ["0", "com.beust.android.translate.TranslateActivity"]}, {"3871e4fa130b3d6dc1b8673804c0beca": ["0", "com.beust.android.translate.TranslateActivity"]}, {"3871e4fa130b3d6dc1b8673804c0beca": ["0", "com.beust.android.translate.TranslateActivity"]}, {"3871e4fa130b3d6dc1b8673804c0beca": ["0", "com.beust.android.translate.TranslateActivity"]}, {"cb7efe2cc7f84d4025d496704a155c39": ["2", "com.beust.android.translate.TranslateActivity"]}, {"3871e4fa130b3d6dc1b8673804c0beca": ["0", "com.beust.android.translate.TranslateActivity"]}, {"3871e4fa130b3d6dc1b8673804c0beca": ["0", "com.beust.android.translate.TranslateActivity"]}, {"3871e4fa130b3d6dc1b8673804c0beca": ["0", "com.beust.android.translate.TranslateActivity"]}, {"cb7efe2cc7f84d4025d496704a155c39": ["2", "com.beust.android.translate.TranslateActivity"]}, {"3871e4fa130b3d6dc1b8673804c0beca": ["0", "com.beust.android.translate.TranslateActivity"]}, {"3871e4fa130b3d6dc1b8673804c0beca": ["0", "com.beust.android.translate.TranslateActivity"]}, {"3871e4fa130b3d6dc1b8673804c0beca": ["0", "com.beust.android.translate.TranslateActivity"]}, {"3871e4fa130b3d6dc1b8673804c0beca": ["0", "com.beust.android.translate.TranslateActivity"]}, {"3871e4fa130b3d6dc1b8673804c0beca": ["0", "com.beust.android.translate.TranslateActivity"]}, {"3871e4fa130b3d6dc1b8673804c0beca": ["0", "com.beust.android.translate.TranslateActivity"]}, {"3871e4fa130b3d6dc1b8673804c0beca": ["0", "com.beust.android.translate.TranslateActivity"]}, {"cb7efe2cc7f84d4025d496704a155c39": ["2", "com.beust.android.translate.TranslateActivity"]}, {"3871e4fa130b3d6dc1b8673804c0beca": ["0", "com.beust.android.translate.TranslateActivity"]}, {"3871e4fa130b3d6dc1b8673804c0beca": ["0", "com.beust.android.translate.TranslateActivity"]}, {"3871e4fa130b3d6dc1b8673804c0beca": ["0", "com.beust.android.translate.TranslateActivity"]}, {"3871e4fa130b3d6dc1b8673804c0beca": ["0", "com.beust.android.translate.TranslateActivity"]}, {"3871e4fa130b3d6dc1b8673804c0beca": ["0", "com.beust.android.translate.TranslateActivity"]}, {"3871e4fa130b3d6dc1b8673804c0beca": ["0", "com.beust.android.translate.TranslateActivity"]}, {"3871e4fa130b3d6dc1b8673804c0beca": ["0", "com.beust.android.translate.TranslateActivity"]}, {"3871e4fa130b3d6dc1b8673804c0beca": ["0", "com.beust.android.translate.TranslateActivity"]}, {"4b6e55fbbd999f0cebd7069d71e1b99d": ["3", "com.beust.android.translate.HistoryActivity"]}, {"3871e4fa130b3d6dc1b8673804c0beca": ["0", "com.beust.android.translate.TranslateActivity"]}, {"3871e4fa130b3d6dc1b8673804c0beca": ["0", "com.beust.android.translate.TranslateActivity"]}, {"cb7efe2cc7f84d4025d496704a155c39": ["2", "com.beust.android.translate.TranslateActivity"]}, {"3871e4fa130b3d6dc1b8673804c0beca": ["0", "com.beust.android.translate.TranslateActivity"]}, {"cb7efe2cc7f84d4025d496704a155c39": ["2", "com.beust.android.translate.TranslateActivity"]}, {"3871e4fa130b3d6dc1b8673804c0beca": ["0", "com.beust.android.translate.TranslateActivity"]}, {"cb7efe2cc7f84d4025d496704a155c39": ["2", "com.beust.android.translate.TranslateActivity"]}, {"3871e4fa130b3d6dc1b8673804c0beca": ["0", "com.beust.android.translate.TranslateActivity"]}, {"3871e4fa130b3d6dc1b8673804c0beca": ["0", "com.beust.android.translate.TranslateActivity"]}, {"a228c0002e45e4847ea6c630458cda0b": ["1", "com.beust.android.translate.TranslateActivity"]}, {"4b6e55fbbd999f0cebd7069d71e1b99d": ["3", "com.beust.android.translate.HistoryActivity"]}, {"3871e4fa130b3d6dc1b8673804c0beca": ["0", "com.beust.android.translate.TranslateActivity"]}, {"3871e4fa130b3d6dc1b8673804c0beca": ["0", "com.beust.android.translate.TranslateActivity"]}, {"3871e4fa130b3d6dc1b8673804c0beca": ["0", "com.beust.android.translate.TranslateActivity"]}, {"3871e4fa130b3d6dc1b8673804c0beca": ["0", "com.beust.android.translate.TranslateActivity"]}, {"3871e4fa130b3d6dc1b8673804c0beca": ["0", "com.beust.android.translate.TranslateActivity"]}, {"3871e4fa130b3d6dc1b8673804c0beca": ["0", "com.beust.android.translate.TranslateActivity"]}, {"3871e4fa130b3d6dc1b8673804c0beca": ["0", "com.beust.android.translate.TranslateActivity"]}, {"3871e4fa130b3d6dc1b8673804c0beca": ["0", "com.beust.android.translate.TranslateActivity"]}, {"cb7efe2cc7f84d4025d496704a155c39": ["2", "com.beust.android.translate.TranslateActivity"]}, {"3871e4fa130b3d6dc1b8673804c0beca": ["0", "com.beust.android.translate.TranslateActivity"]}, {"3871e4fa130b3d6dc1b8673804c0beca": ["0", "com.beust.android.translate.TranslateActivity"]}, {"cb7efe2cc7f84d4025d496704a155c39": ["2", "com.beust.android.translate.TranslateActivity"]}, {"3871e4fa130b3d6dc1b8673804c0beca": ["0", "com.beust.android.translate.TranslateActivity"]}, {"3871e4fa130b3d6dc1b8673804c0beca": ["0", "com.beust.android.translate.TranslateActivity"]}, {"3871e4fa130b3d6dc1b8673804c0beca": ["0", "com.beust.android.translate.TranslateActivity"]}, {"cb7efe2cc7f84d4025d496704a155c39": ["2", "com.beust.android.translate.TranslateActivity"]}, {"3871e4fa130b3d6dc1b8673804c0beca": ["0", "com.beust.android.translate.TranslateActivity"]}, {"cb7efe2cc7f84d4025d496704a155c39": ["2", "com.beust.android.translate.TranslateActivity"]}, {"3871e4fa130b3d6dc1b8673804c0beca": ["0", "com.beust.android.translate.TranslateActivity"]}, {"cb7efe2cc7f84d4025d496704a155c39": ["2", "com.beust.android.translate.TranslateActivity"]}, {"3871e4fa130b3d6dc1b8673804c0beca": ["0", "com.beust.android.translate.TranslateActivity"]}, {"3871e4fa130b3d6dc1b8673804c0beca": ["0", "com.beust.android.translate.TranslateActivity"]}, {"3871e4fa130b3d6dc1b8673804c0beca": ["0", "com.beust.android.translate.TranslateActivity"]}, {"3871e4fa130b3d6dc1b8673804c0beca": ["0", "com.beust.android.translate.TranslateActivity"]}, {"3871e4fa130b3d6dc1b8673804c0beca": ["0", "com.beust.android.translate.TranslateActivity"]}, {"cb7efe2cc7f84d4025d496704a155c39": ["2", "com.beust.android.translate.TranslateActivity"]}, {"3871e4fa130b3d6dc1b8673804c0beca": ["0", "com.beust.android.translate.TranslateActivity"]}, {"3871e4fa130b3d6dc1b8673804c0beca": ["0", "com.beust.android.translate.TranslateActivity"]}, {"3871e4fa130b3d6dc1b8673804c0beca": ["0", "com.beust.android.translate.TranslateActivity"]}, {"3871e4fa130b3d6dc1b8673804c0beca": ["0", "com.beust.android.translate.TranslateActivity"]}, {"cb7efe2cc7f84d4025d496704a155c39": ["2", "com.beust.android.translate.TranslateActivity"]}, {"3871e4fa130b3d6dc1b8673804c0beca": ["0", "com.beust.android.translate.TranslateActivity"]}, {"4b6e55fbbd999f0cebd7069d71e1b99d": ["3", "com.beust.android.translate.HistoryActivity"]}, {"3871e4fa130b3d6dc1b8673804c0beca": ["0", "com.beust.android.translate.TranslateActivity"]}, {"4b6e55fbbd999f0cebd7069d71e1b99d": ["3", "com.beust.android.translate.HistoryActivity"]}, {"4b6e55fbbd999f0cebd7069d71e1b99d": ["3", "com.beust.android.translate.HistoryActivity"]}, {"4b6e55fbbd999f0cebd7069d71e1b99d": ["3", "com.beust.android.translate.HistoryActivity"]}, {"3871e4fa130b3d6dc1b8673804c0beca": ["0", "com.beust.android.translate.TranslateActivity"]}, {"3871e4fa130b3d6dc1b8673804c0beca": ["0", "com.beust.android.translate.TranslateActivity"]}, {"3871e4fa130b3d6dc1b8673804c0beca": ["0", "com.beust.android.translate.TranslateActivity"]}, {"cb7efe2cc7f84d4025d496704a155c39": ["2", "com.beust.android.translate.TranslateActivity"]}, {"3871e4fa130b3d6dc1b8673804c0beca": ["0", "com.beust.android.translate.TranslateActivity"]}, {"3871e4fa130b3d6dc1b8673804c0beca": ["0", "com.beust.android.translate.TranslateActivity"]}, {"3871e4fa130b3d6dc1b8673804c0beca": ["0", "com.beust.android.translate.TranslateActivity"]}, {"3871e4fa130b3d6dc1b8673804c0beca": ["0", "com.beust.android.translate.TranslateActivity"]}, {"cb7efe2cc7f84d4025d496704a155c39": ["2", "com.beust.android.translate.TranslateActivity"]}, {"3871e4fa130b3d6dc1b8673804c0beca": ["0", "com.beust.android.translate.TranslateActivity"]}, {"3871e4fa130b3d6dc1b8673804c0beca": ["0", "com.beust.android.translate.TranslateActivity"]}, {"cb7efe2cc7f84d4025d496704a155c39": ["2", "com.beust.android.translate.TranslateActivity"]}, {"4b6e55fbbd999f0cebd7069d71e1b99d": ["3", "com.beust.android.translate.HistoryActivity"]}, {"3871e4fa130b3d6dc1b8673804c0beca": ["0", "com.beust.android.translate.TranslateActivity"]}, {"3871e4fa130b3d6dc1b8673804c0beca": ["0", "com.beust.android.translate.TranslateActivity"]}, {"3871e4fa130b3d6dc1b8673804c0beca": ["0", "com.beust.android.translate.TranslateActivity"]}, {"3871e4fa130b3d6dc1b8673804c0beca": ["0", "com.beust.android.translate.TranslateActivity"]}, {"3871e4fa130b3d6dc1b8673804c0beca": ["0", "com.beust.android.translate.TranslateActivity"]}, {"3871e4fa130b3d6dc1b8673804c0beca": ["0", "com.beust.android.translate.TranslateActivity"]}, {"3871e4fa130b3d6dc1b8673804c0beca": ["0", "com.beust.android.translate.TranslateActivity"]}, {"3871e4fa130b3d6dc1b8673804c0beca": ["0", "com.beust.android.translate.TranslateActivity"]}, {"3871e4fa130b3d6dc1b8673804c0beca": ["0", "com.beust.android.translate.TranslateActivity"]}, {"3871e4fa130b3d6dc1b8673804c0beca": ["0", "com.beust.android.translate.TranslateActivity"]}, {"cb7efe2cc7f84d4025d496704a155c39": ["2", "com.beust.android.translate.TranslateActivity"]}, {"3871e4fa130b3d6dc1b8673804c0beca": ["0", "com.beust.android.translate.TranslateActivity"]}, {"cb7efe2cc7f84d4025d496704a155c39": ["2", "com.beust.android.translate.TranslateActivity"]}, {"3871e4fa130b3d6dc1b8673804c0beca": ["0", "com.beust.android.translate.TranslateActivity"]}, {"3871e4fa130b3d6dc1b8673804c0beca": ["0", "com.beust.android.translate.TranslateActivity"]}, {"3871e4fa130b3d6dc1b8673804c0beca": ["0", "com.beust.android.translate.TranslateActivity"]}, {"cb7efe2cc7f84d4025d496704a155c39": ["2", "com.beust.android.translate.TranslateActivity"]}, {"3871e4fa130b3d6dc1b8673804c0beca": ["0", "com.beust.android.translate.TranslateActivity"]}]