[{"d9feccf364be18075433cd5206483909": ["137", "com.google.android.apps.youtube.app.WatchWhileActivity"]}, {"d9feccf364be18075433cd5206483909": ["137", "com.google.android.apps.youtube.app.WatchWhileActivity"]}, {"d9feccf364be18075433cd5206483909": ["137", "com.google.android.apps.youtube.app.WatchWhileActivity"]}, {"d9feccf364be18075433cd5206483909": ["137", "com.google.android.apps.youtube.app.WatchWhileActivity"]}, {"d9feccf364be18075433cd5206483909": ["137", "com.google.android.apps.youtube.app.WatchWhileActivity"]}, {"d9feccf364be18075433cd5206483909": ["137", "com.google.android.apps.youtube.app.WatchWhileActivity"]}, {"e9f92c357a2f3eff8f76bbb2cb660641": ["653", "com.google.android.apps.youtube.app.WatchWhileActivity"]}, {"8f3177dae2d33530c2d8326276ab468e": ["2880", "com.google.android.apps.youtube.app.WatchWhileActivity"]}, {"8f3177dae2d33530c2d8326276ab468e": ["2880", "com.google.android.apps.youtube.app.WatchWhileActivity"]}, {"a9d23e6e3329f20767861d6d86cd551a": ["178", "com.google.android.apps.youtube.app.WatchWhileActivity"]}, {"399a6c797533f9fc0229c314bca5ced9": ["38", "com.google.android.apps.youtube.app.WatchWhileActivity"]}, {"399a6c797533f9fc0229c314bca5ced9": ["38", "com.google.android.apps.youtube.app.WatchWhileActivity"]}, {"399a6c797533f9fc0229c314bca5ced9": ["38", "com.google.android.apps.youtube.app.WatchWhileActivity"]}, {"399a6c797533f9fc0229c314bca5ced9": ["38", "com.google.android.apps.youtube.app.WatchWhileActivity"]}, {"399a6c797533f9fc0229c314bca5ced9": ["38", "com.google.android.apps.youtube.app.WatchWhileActivity"]}, {"399a6c797533f9fc0229c314bca5ced9": ["38", "com.google.android.apps.youtube.app.WatchWhileActivity"]}, {"399a6c797533f9fc0229c314bca5ced9": ["38", "com.google.android.apps.youtube.app.WatchWhileActivity"]}, {"399a6c797533f9fc0229c314bca5ced9": ["38", "com.google.android.apps.youtube.app.WatchWhileActivity"]}, {"399a6c797533f9fc0229c314bca5ced9": ["38", "com.google.android.apps.youtube.app.WatchWhileActivity"]}, {"496c48a79383bbfd53e4b74f96415fd4": ["280", "com.google.android.apps.youtube.app.WatchWhileActivity"]}, {"a2663e686eb58fd69c48fe9bd757acc6": ["232", "com.google.android.apps.youtube.app.WatchWhileActivity"]}, {"a2663e686eb58fd69c48fe9bd757acc6": ["232", "com.google.android.apps.youtube.app.WatchWhileActivity"]}, {"a2663e686eb58fd69c48fe9bd757acc6": ["232", "com.google.android.apps.youtube.app.WatchWhileActivity"]}, {"a2663e686eb58fd69c48fe9bd757acc6": ["232", "com.google.android.apps.youtube.app.WatchWhileActivity"]}, {"a2663e686eb58fd69c48fe9bd757acc6": ["232", "com.google.android.apps.youtube.app.WatchWhileActivity"]}, {"c80bd097a54cfbc1b16b5538c209b1bd": ["286", "com.google.android.apps.youtube.app.WatchWhileActivity"]}, {"c80bd097a54cfbc1b16b5538c209b1bd": ["286", "com.google.android.apps.youtube.app.WatchWhileActivity"]}, {"1e7301a136b877330c0eefd263a03ac6": ["424", "com.google.android.apps.youtube.app.WatchWhileActivity"]}, {"1e7301a136b877330c0eefd263a03ac6": ["424", "com.google.android.apps.youtube.app.WatchWhileActivity"]}, {"5aa81441697e2723ef402f51397b1d1c": ["496", "com.google.android.apps.youtube.app.WatchWhileActivity"]}, {"5aa81441697e2723ef402f51397b1d1c": ["496", "com.google.android.apps.youtube.app.WatchWhileActivity"]}, {"5aa81441697e2723ef402f51397b1d1c": ["496", "com.google.android.apps.youtube.app.WatchWhileActivity"]}, {"e75653904d3ca3f713237416368ceedd": ["2881", "com.google.android.apps.youtube.app.WatchWhileActivity"]}, {"e75653904d3ca3f713237416368ceedd": ["2881", "com.google.android.apps.youtube.app.WatchWhileActivity"]}, {"e75653904d3ca3f713237416368ceedd": ["2881", "com.google.android.apps.youtube.app.WatchWhileActivity"]}, {"e75653904d3ca3f713237416368ceedd": ["2881", "com.google.android.apps.youtube.app.WatchWhileActivity"]}, {"a370ddce6db68fb66c9a15299416ac33": ["2882", "com.google.android.apps.youtube.app.WatchWhileActivity"]}, {"318489d8e7525629004f82078c50b98b": ["2883", "com.google.android.apps.youtube.app.WatchWhileActivity"]}, {"18df7035d58d80a4724076d1da54a939": ["1415", "com.google.android.apps.youtube.app.WatchWhileActivity"]}, {"18df7035d58d80a4724076d1da54a939": ["1415", "com.google.android.apps.youtube.app.WatchWhileActivity"]}, {"18df7035d58d80a4724076d1da54a939": ["1415", "com.google.android.apps.youtube.app.WatchWhileActivity"]}, {"18df7035d58d80a4724076d1da54a939": ["1415", "com.google.android.apps.youtube.app.WatchWhileActivity"]}, {"0fc3caf70b744fb3f522ae9758395fda": ["2884", "com.google.android.apps.youtube.app.WatchWhileActivity"]}, {"0fc3caf70b744fb3f522ae9758395fda": ["2884", "com.google.android.apps.youtube.app.WatchWhileActivity"]}, {"95e200c247a26cda5e7b8a5d71920749": ["2885", "com.google.android.apps.youtube.app.WatchWhileActivity"]}, {"399a6c797533f9fc0229c314bca5ced9": ["38", "com.google.android.apps.youtube.app.WatchWhileActivity"]}, {"399a6c797533f9fc0229c314bca5ced9": ["38", "com.google.android.apps.youtube.app.WatchWhileActivity"]}, {"170de56cc06912b2e9a536dd7afe1747": ["2886", "com.google.android.apps.youtube.app.WatchWhileActivity"]}, {"170de56cc06912b2e9a536dd7afe1747": ["2886", "com.google.android.apps.youtube.app.WatchWhileActivity"]}, {"c51ace47c22ecd7b5a80cdb3e3537b81": ["2887", "com.google.android.apps.youtube.app.WatchWhileActivity"]}, {"550d67fec0130c998d9c4604c1563621": ["2888", "com.google.android.apps.youtube.app.WatchWhileActivity"]}, {"2424d2db40e92c818bd217b6a2054faf": ["2889", "com.google.android.apps.youtube.app.WatchWhileActivity"]}, {"2424d2db40e92c818bd217b6a2054faf": ["2889", "com.google.android.apps.youtube.app.WatchWhileActivity"]}, {"2424d2db40e92c818bd217b6a2054faf": ["2889", "com.google.android.apps.youtube.app.WatchWhileActivity"]}, {"5fdedff52dff019f9a1eef20708808e4": ["603", "com.google.android.apps.youtube.app.WatchWhileActivity"]}, {"9a7a64ded8feafdf9d2d253fa431e9ba": ["167", "com.google.android.apps.youtube.app.WatchWhileActivity"]}, {"6976cabb52ff2464033f33a7b40c0f4f": ["605", "com.google.android.apps.youtube.app.WatchWhileActivity"]}, {"318489d8e7525629004f82078c50b98b": ["2883", "com.google.android.apps.youtube.app.WatchWhileActivity"]}, {"399a6c797533f9fc0229c314bca5ced9": ["38", "com.google.android.apps.youtube.app.WatchWhileActivity"]}, {"399a6c797533f9fc0229c314bca5ced9": ["38", "com.google.android.apps.youtube.app.WatchWhileActivity"]}, {"399a6c797533f9fc0229c314bca5ced9": ["38", "com.google.android.apps.youtube.app.WatchWhileActivity"]}, {"399a6c797533f9fc0229c314bca5ced9": ["38", "com.google.android.apps.youtube.app.WatchWhileActivity"]}, {"399a6c797533f9fc0229c314bca5ced9": ["38", "com.google.android.apps.youtube.app.WatchWhileActivity"]}, {"399a6c797533f9fc0229c314bca5ced9": ["38", "com.google.android.apps.youtube.app.WatchWhileActivity"]}, {"9702460937d9006d457f6a20391c275b": ["2890", "com.google.android.apps.youtube.app.WatchWhileActivity"]}, {"9702460937d9006d457f6a20391c275b": ["2890", "com.google.android.apps.youtube.app.WatchWhileActivity"]}, {"9702460937d9006d457f6a20391c275b": ["2890", "com.google.android.apps.youtube.app.WatchWhileActivity"]}, {"9702460937d9006d457f6a20391c275b": ["2890", "com.google.android.apps.youtube.app.WatchWhileActivity"]}, {"d2ee30bb99ad39988a58897ab4c20f1e": ["2891", "com.google.android.apps.youtube.app.WatchWhileActivity"]}, {"2424d2db40e92c818bd217b6a2054faf": ["2889", "com.google.android.apps.youtube.app.WatchWhileActivity"]}, {"8fd85c6bdc7574737f339c960810a5ed": ["1963", "com.google.android.apps.youtube.app.WatchWhileActivity"]}, {"7c373503a4556297993212433001506c": ["1345", "com.google.android.apps.youtube.app.WatchWhileActivity"]}, {"5adf7d6024f31c49ccbfd363a838364d": ["168", "com.google.android.apps.youtube.app.WatchWhileActivity"]}, {"14f3043f0050534d1372b1ced3a29e85": ["2892", "com.google.android.apps.youtube.app.WatchWhileActivity"]}, {"99084d0d0e501ff0ab60a3e9bee17ba7": ["2893", "com.google.android.apps.youtube.app.WatchWhileActivity"]}, {"99084d0d0e501ff0ab60a3e9bee17ba7": ["2893", "com.google.android.apps.youtube.app.WatchWhileActivity"]}, {"99084d0d0e501ff0ab60a3e9bee17ba7": ["2893", "com.google.android.apps.youtube.app.WatchWhileActivity"]}, {"8a5fb25134c521dfd8548afc28a082fd": ["2894", "com.google.android.apps.youtube.app.WatchWhileActivity"]}, {"8a5fb25134c521dfd8548afc28a082fd": ["2894", "com.google.android.apps.youtube.app.WatchWhileActivity"]}, {"8a5fb25134c521dfd8548afc28a082fd": ["2894", "com.google.android.apps.youtube.app.WatchWhileActivity"]}, {"31ec77ca27e4b11d11780ddbd8cb8ff5": ["2895", "com.google.android.apps.youtube.app.WatchWhileActivity"]}, {"31ec77ca27e4b11d11780ddbd8cb8ff5": ["2895", "com.google.android.apps.youtube.app.WatchWhileActivity"]}, {"31ec77ca27e4b11d11780ddbd8cb8ff5": ["2895", "com.google.android.apps.youtube.app.WatchWhileActivity"]}, {"31ec77ca27e4b11d11780ddbd8cb8ff5": ["2895", "com.google.android.apps.youtube.app.WatchWhileActivity"]}, {"31ec77ca27e4b11d11780ddbd8cb8ff5": ["2895", "com.google.android.apps.youtube.app.WatchWhileActivity"]}, {"399a6c797533f9fc0229c314bca5ced9": ["38", "com.google.android.apps.youtube.app.WatchWhileActivity"]}, {"399a6c797533f9fc0229c314bca5ced9": ["38", "com.google.android.apps.youtube.app.WatchWhileActivity"]}, {"399a6c797533f9fc0229c314bca5ced9": ["38", "com.google.android.apps.youtube.app.WatchWhileActivity"]}, {"399a6c797533f9fc0229c314bca5ced9": ["38", "com.google.android.apps.youtube.app.WatchWhileActivity"]}, {"399a6c797533f9fc0229c314bca5ced9": ["38", "com.google.android.apps.youtube.app.WatchWhileActivity"]}, {"399a6c797533f9fc0229c314bca5ced9": ["38", "com.google.android.apps.youtube.app.WatchWhileActivity"]}, {"399a6c797533f9fc0229c314bca5ced9": ["38", "com.google.android.apps.youtube.app.WatchWhileActivity"]}, {"399a6c797533f9fc0229c314bca5ced9": ["38", "com.google.android.apps.youtube.app.WatchWhileActivity"]}, {"399a6c797533f9fc0229c314bca5ced9": ["38", "com.google.android.apps.youtube.app.WatchWhileActivity"]}, {"399a6c797533f9fc0229c314bca5ced9": ["38", "com.google.android.apps.youtube.app.WatchWhileActivity"]}, {"399a6c797533f9fc0229c314bca5ced9": ["38", "com.google.android.apps.youtube.app.WatchWhileActivity"]}, {"399a6c797533f9fc0229c314bca5ced9": ["38", "com.google.android.apps.youtube.app.WatchWhileActivity"]}, {"399a6c797533f9fc0229c314bca5ced9": ["38", "com.google.android.apps.youtube.app.WatchWhileActivity"]}, {"399a6c797533f9fc0229c314bca5ced9": ["38", "com.google.android.apps.youtube.app.WatchWhileActivity"]}, {"399a6c797533f9fc0229c314bca5ced9": ["38", "com.google.android.apps.youtube.app.WatchWhileActivity"]}, {"157b59f9838d2a80be3c022356c1e04b": ["1863", "com.google.android.apps.youtube.app.WatchWhileActivity"]}, {"a2663e686eb58fd69c48fe9bd757acc6": ["232", "com.google.android.apps.youtube.app.WatchWhileActivity"]}, {"4d24e87fe8e987b7f6765ad0c95348c0": ["230", "com.google.android.apps.youtube.app.WatchWhileActivity"]}, {"a2663e686eb58fd69c48fe9bd757acc6": ["232", "com.google.android.apps.youtube.app.WatchWhileActivity"]}, {"4d24e87fe8e987b7f6765ad0c95348c0": ["230", "com.google.android.apps.youtube.app.WatchWhileActivity"]}, {"03facd37f2b1879466ae967477223432": ["315", "com.google.android.apps.youtube.app.WatchWhileActivity"]}, {"7df14f34d2dff3c2bc50fb786c6ded83": ["2896", "com.google.android.apps.youtube.app.WatchWhileActivity"]}, {"8aba2680cc9a12dad5c9f23ffd870792": ["490", "com.google.android.apps.youtube.app.WatchWhileActivity"]}, {"c5c51a7b5b43f3f4e455aaac55a8eceb": ["2525", "com.google.android.apps.youtube.app.WatchWhileActivity"]}, {"1e6eda3b8c25790bcf6550cf95f8e32c": ["2897", "com.google.android.apps.youtube.app.WatchWhileActivity"]}, {"1e6eda3b8c25790bcf6550cf95f8e32c": ["2897", "com.google.android.apps.youtube.app.WatchWhileActivity"]}, {"1e6eda3b8c25790bcf6550cf95f8e32c": ["2897", "com.google.android.apps.youtube.app.WatchWhileActivity"]}, {"c82f0b45a4b7cbb18c15c79a6ae857a7": ["2898", "com.google.android.apps.youtube.app.WatchWhileActivity"]}, {"83adc5f6835c4887092aadd950bf3811": ["2899", "com.google.android.apps.youtube.app.WatchWhileActivity"]}, {"83adc5f6835c4887092aadd950bf3811": ["2899", "com.google.android.apps.youtube.app.WatchWhileActivity"]}, {"bda8c9597411be93bce3a5fe40dac672": ["2900", "com.google.android.apps.youtube.app.WatchWhileActivity"]}, {"bda8c9597411be93bce3a5fe40dac672": ["2900", "com.google.android.apps.youtube.app.WatchWhileActivity"]}, {"c714c60f2fbff5c007a22f566940b9fe": ["2901", "com.google.android.apps.youtube.app.WatchWhileActivity"]}, {"399a6c797533f9fc0229c314bca5ced9": ["38", "com.google.android.apps.youtube.app.WatchWhileActivity"]}, {"399a6c797533f9fc0229c314bca5ced9": ["38", "com.google.android.apps.youtube.app.WatchWhileActivity"]}, {"399a6c797533f9fc0229c314bca5ced9": ["38", "com.google.android.apps.youtube.app.WatchWhileActivity"]}, {"57ba2aee32d8030a10326940a25e5eea": ["389", "com.google.android.apps.youtube.app.WatchWhileActivity"]}, {"399a6c797533f9fc0229c314bca5ced9": ["38", "com.google.android.apps.youtube.app.WatchWhileActivity"]}, {"399a6c797533f9fc0229c314bca5ced9": ["38", "com.google.android.apps.youtube.app.WatchWhileActivity"]}, {"399a6c797533f9fc0229c314bca5ced9": ["38", "com.google.android.apps.youtube.app.WatchWhileActivity"]}, {"399a6c797533f9fc0229c314bca5ced9": ["38", "com.google.android.apps.youtube.app.WatchWhileActivity"]}, {"496c48a79383bbfd53e4b74f96415fd4": ["280", "com.google.android.apps.youtube.app.WatchWhileActivity"]}, {"496c48a79383bbfd53e4b74f96415fd4": ["280", "com.google.android.apps.youtube.app.WatchWhileActivity"]}, {"496c48a79383bbfd53e4b74f96415fd4": ["280", "com.google.android.apps.youtube.app.WatchWhileActivity"]}, {"57ba2aee32d8030a10326940a25e5eea": ["389", "com.google.android.apps.youtube.app.WatchWhileActivity"]}, {"399a6c797533f9fc0229c314bca5ced9": ["38", "com.google.android.apps.youtube.app.WatchWhileActivity"]}, {"399a6c797533f9fc0229c314bca5ced9": ["38", "com.google.android.apps.youtube.app.WatchWhileActivity"]}, {"399a6c797533f9fc0229c314bca5ced9": ["38", "com.google.android.apps.youtube.app.WatchWhileActivity"]}, {"399a6c797533f9fc0229c314bca5ced9": ["38", "com.google.android.apps.youtube.app.WatchWhileActivity"]}, {"399a6c797533f9fc0229c314bca5ced9": ["38", "com.google.android.apps.youtube.app.WatchWhileActivity"]}, {"399a6c797533f9fc0229c314bca5ced9": ["38", "com.google.android.apps.youtube.app.WatchWhileActivity"]}, {"399a6c797533f9fc0229c314bca5ced9": ["38", "com.google.android.apps.youtube.app.WatchWhileActivity"]}, {"399a6c797533f9fc0229c314bca5ced9": ["38", "com.google.android.apps.youtube.app.WatchWhileActivity"]}, {"399a6c797533f9fc0229c314bca5ced9": ["38", "com.google.android.apps.youtube.app.WatchWhileActivity"]}, {"399a6c797533f9fc0229c314bca5ced9": ["38", "com.google.android.apps.youtube.app.WatchWhileActivity"]}, {"399a6c797533f9fc0229c314bca5ced9": ["38", "com.google.android.apps.youtube.app.WatchWhileActivity"]}, {"399a6c797533f9fc0229c314bca5ced9": ["38", "com.google.android.apps.youtube.app.WatchWhileActivity"]}, {"57ba2aee32d8030a10326940a25e5eea": ["389", "com.google.android.apps.youtube.app.WatchWhileActivity"]}, {"399a6c797533f9fc0229c314bca5ced9": ["38", "com.google.android.apps.youtube.app.WatchWhileActivity"]}, {"399a6c797533f9fc0229c314bca5ced9": ["38", "com.google.android.apps.youtube.app.WatchWhileActivity"]}, {"399a6c797533f9fc0229c314bca5ced9": ["38", "com.google.android.apps.youtube.app.WatchWhileActivity"]}, {"399a6c797533f9fc0229c314bca5ced9": ["38", "com.google.android.apps.youtube.app.WatchWhileActivity"]}, {"399a6c797533f9fc0229c314bca5ced9": ["38", "com.google.android.apps.youtube.app.WatchWhileActivity"]}, {"399a6c797533f9fc0229c314bca5ced9": ["38", "com.google.android.apps.youtube.app.WatchWhileActivity"]}, {"399a6c797533f9fc0229c314bca5ced9": ["38", "com.google.android.apps.youtube.app.WatchWhileActivity"]}, {"399a6c797533f9fc0229c314bca5ced9": ["38", "com.google.android.apps.youtube.app.WatchWhileActivity"]}, {"399a6c797533f9fc0229c314bca5ced9": ["38", "com.google.android.apps.youtube.app.WatchWhileActivity"]}, {"399a6c797533f9fc0229c314bca5ced9": ["38", "com.google.android.apps.youtube.app.WatchWhileActivity"]}, {"399a6c797533f9fc0229c314bca5ced9": ["38", "com.google.android.apps.youtube.app.WatchWhileActivity"]}, {"399a6c797533f9fc0229c314bca5ced9": ["38", "com.google.android.apps.youtube.app.WatchWhileActivity"]}, {"399a6c797533f9fc0229c314bca5ced9": ["38", "com.google.android.apps.youtube.app.WatchWhileActivity"]}, {"399a6c797533f9fc0229c314bca5ced9": ["38", "com.google.android.apps.youtube.app.WatchWhileActivity"]}, {"399a6c797533f9fc0229c314bca5ced9": ["38", "com.google.android.apps.youtube.app.WatchWhileActivity"]}, {"399a6c797533f9fc0229c314bca5ced9": ["38", "com.google.android.apps.youtube.app.WatchWhileActivity"]}, {"399a6c797533f9fc0229c314bca5ced9": ["38", "com.google.android.apps.youtube.app.WatchWhileActivity"]}, {"496c48a79383bbfd53e4b74f96415fd4": ["280", "com.google.android.apps.youtube.app.WatchWhileActivity"]}, {"496c48a79383bbfd53e4b74f96415fd4": ["280", "com.google.android.apps.youtube.app.WatchWhileActivity"]}, {"399a6c797533f9fc0229c314bca5ced9": ["38", "com.google.android.apps.youtube.app.WatchWhileActivity"]}, {"399a6c797533f9fc0229c314bca5ced9": ["38", "com.google.android.apps.youtube.app.WatchWhileActivity"]}, {"399a6c797533f9fc0229c314bca5ced9": ["38", "com.google.android.apps.youtube.app.WatchWhileActivity"]}, {"399a6c797533f9fc0229c314bca5ced9": ["38", "com.google.android.apps.youtube.app.WatchWhileActivity"]}, {"399a6c797533f9fc0229c314bca5ced9": ["38", "com.google.android.apps.youtube.app.WatchWhileActivity"]}, {"399a6c797533f9fc0229c314bca5ced9": ["38", "com.google.android.apps.youtube.app.WatchWhileActivity"]}, {"399a6c797533f9fc0229c314bca5ced9": ["38", "com.google.android.apps.youtube.app.WatchWhileActivity"]}, {"399a6c797533f9fc0229c314bca5ced9": ["38", "com.google.android.apps.youtube.app.WatchWhileActivity"]}, {"399a6c797533f9fc0229c314bca5ced9": ["38", "com.google.android.apps.youtube.app.WatchWhileActivity"]}, {"399a6c797533f9fc0229c314bca5ced9": ["38", "com.google.android.apps.youtube.app.WatchWhileActivity"]}, {"734bee3a678675f517934a61458ed179": ["140", "com.google.android.apps.youtube.app.WatchWhileActivity"]}, {"b5be6e990c60eb52426bc6ae5ca80000": ["155", "com.google.android.apps.youtube.app.WatchWhileActivity"]}, {"d9feccf364be18075433cd5206483909": ["137", "com.google.android.apps.youtube.app.WatchWhileActivity"]}, {"8aba2680cc9a12dad5c9f23ffd870792": ["490", "com.google.android.apps.youtube.app.WatchWhileActivity"]}, {"b5be6e990c60eb52426bc6ae5ca80000": ["155", "com.google.android.apps.youtube.app.WatchWhileActivity"]}, {"c5c51a7b5b43f3f4e455aaac55a8eceb": ["2525", "com.google.android.apps.youtube.app.WatchWhileActivity"]}, {"75078bebec6b07e281c3b03e1c1d8ad2": ["2902", "com.google.android.apps.youtube.app.WatchWhileActivity"]}, {"117bb7d74042854dbf6d60a04fa38151": ["2903", "com.google.android.apps.youtube.app.WatchWhileActivity"]}, {"117bb7d74042854dbf6d60a04fa38151": ["2903", "com.google.android.apps.youtube.app.WatchWhileActivity"]}, {"117bb7d74042854dbf6d60a04fa38151": ["2903", "com.google.android.apps.youtube.app.WatchWhileActivity"]}, {"c8743cf90d68fa3fe597e7202f7a0210": ["2904", "com.google.android.apps.youtube.app.WatchWhileActivity"]}, {"55e1f121f3c619dcf15a3d0c8f3d5fae": ["2905", "com.google.android.apps.youtube.app.WatchWhileActivity"]}, {"9845d0513f45cedcb4e9cf8d44394f38": ["2906", "com.google.android.apps.youtube.app.WatchWhileActivity"]}, {"9845d0513f45cedcb4e9cf8d44394f38": ["2906", "com.google.android.apps.youtube.app.WatchWhileActivity"]}, {"9845d0513f45cedcb4e9cf8d44394f38": ["2906", "com.google.android.apps.youtube.app.WatchWhileActivity"]}, {"07494532a9a4555921b78b9ab19d7c09": ["2907", "com.google.android.apps.youtube.app.WatchWhileActivity"]}, {"14cfd5fe354a69951d2915b1a85ca40d": ["20", "com.google.android.apps.youtube.app.WatchWhileActivity"]}, {"42863cb65ed92b458c74ab1c7602c587": ["2908", "com.google.android.apps.youtube.app.WatchWhileActivity"]}, {"42863cb65ed92b458c74ab1c7602c587": ["2908", "com.google.android.apps.youtube.app.WatchWhileActivity"]}, {"42863cb65ed92b458c74ab1c7602c587": ["2908", "com.google.android.apps.youtube.app.WatchWhileActivity"]}, {"613640c74e2177daa192e10df025a506": ["2909", "com.google.android.apps.youtube.app.WatchWhileActivity"]}, {"613640c74e2177daa192e10df025a506": ["2909", "com.google.android.apps.youtube.app.WatchWhileActivity"]}, {"613640c74e2177daa192e10df025a506": ["2909", "com.google.android.apps.youtube.app.WatchWhileActivity"]}, {"613640c74e2177daa192e10df025a506": ["2909", "com.google.android.apps.youtube.app.WatchWhileActivity"]}, {"613640c74e2177daa192e10df025a506": ["2909", "com.google.android.apps.youtube.app.WatchWhileActivity"]}, {"613640c74e2177daa192e10df025a506": ["2909", "com.google.android.apps.youtube.app.WatchWhileActivity"]}, {"58a2a8663b17889584f1c0c93064b417": ["2910", "com.google.android.apps.youtube.app.WatchWhileActivity"]}, {"58a2a8663b17889584f1c0c93064b417": ["2910", "com.google.android.apps.youtube.app.WatchWhileActivity"]}, {"58a2a8663b17889584f1c0c93064b417": ["2910", "com.google.android.apps.youtube.app.WatchWhileActivity"]}, {"58a2a8663b17889584f1c0c93064b417": ["2910", "com.google.android.apps.youtube.app.WatchWhileActivity"]}, {"58a2a8663b17889584f1c0c93064b417": ["2910", "com.google.android.apps.youtube.app.WatchWhileActivity"]}, {"58a2a8663b17889584f1c0c93064b417": ["2910", "com.google.android.apps.youtube.app.WatchWhileActivity"]}, {"58a2a8663b17889584f1c0c93064b417": ["2910", "com.google.android.apps.youtube.app.WatchWhileActivity"]}, {"58a2a8663b17889584f1c0c93064b417": ["2910", "com.google.android.apps.youtube.app.WatchWhileActivity"]}, {"58a2a8663b17889584f1c0c93064b417": ["2910", "com.google.android.apps.youtube.app.WatchWhileActivity"]}, {"4ad819e58b7e61fc9e162c3fd50df84b": ["2911", "com.google.android.apps.youtube.app.WatchWhileActivity"]}, {"6170129cbcf818bef3e3d0a77b44a1e1": ["2912", "com.google.android.apps.youtube.app.WatchWhileActivity"]}, {"aac61fe9529451181a46d561dab26494": ["2913", "com.google.android.apps.youtube.app.WatchWhileActivity"]}, {"aac61fe9529451181a46d561dab26494": ["2913", "com.google.android.apps.youtube.app.WatchWhileActivity"]}, {"aac61fe9529451181a46d561dab26494": ["2913", "com.google.android.apps.youtube.app.WatchWhileActivity"]}, {"aac61fe9529451181a46d561dab26494": ["2913", "com.google.android.apps.youtube.app.WatchWhileActivity"]}, {"fef0bc3d149ffacaf510ece1edfb00a9": ["2914", "com.google.android.apps.youtube.app.WatchWhileActivity"]}, {"fef0bc3d149ffacaf510ece1edfb00a9": ["2914", "com.google.android.apps.youtube.app.WatchWhileActivity"]}, {"dddeddc5045902d313c1af7aa386c434": ["2915", "com.google.android.apps.youtube.app.WatchWhileActivity"]}, {"399a6c797533f9fc0229c314bca5ced9": ["38", "com.google.android.apps.youtube.app.WatchWhileActivity"]}, {"399a6c797533f9fc0229c314bca5ced9": ["38", "com.google.android.apps.youtube.app.WatchWhileActivity"]}, {"399a6c797533f9fc0229c314bca5ced9": ["38", "com.google.android.apps.youtube.app.WatchWhileActivity"]}, {"399a6c797533f9fc0229c314bca5ced9": ["38", "com.google.android.apps.youtube.app.WatchWhileActivity"]}, {"5baf0e155b4f2b5b7f8ac063dd0c1576": ["2916", "com.google.android.apps.youtube.app.WatchWhileActivity"]}, {"9a7a64ded8feafdf9d2d253fa431e9ba": ["167", "com.google.android.apps.youtube.app.WatchWhileActivity"]}, {"2fcc4a7a708d064122308481bd59d96b": ["2795", "com.google.android.apps.youtube.app.WatchWhileActivity"]}, {"2fcc4a7a708d064122308481bd59d96b": ["2795", "com.google.android.apps.youtube.app.WatchWhileActivity"]}, {"2fcc4a7a708d064122308481bd59d96b": ["2795", "com.google.android.apps.youtube.app.WatchWhileActivity"]}, {"cc1d72abe27e56f1fc49652fca394a1e": ["2917", "com.google.android.apps.youtube.app.WatchWhileActivity"]}, {"4b03bb2862c6a7de47339b7de886f53f": ["2663", "com.google.android.apps.youtube.app.WatchWhileActivity"]}, {"7b04ed51cabd15da3bc628da6f06def6": ["269", "com.google.android.apps.youtube.app.WatchWhileActivity"]}, {"7b04ed51cabd15da3bc628da6f06def6": ["269", "com.google.android.apps.youtube.app.WatchWhileActivity"]}, {"7b04ed51cabd15da3bc628da6f06def6": ["269", "com.google.android.apps.youtube.app.WatchWhileActivity"]}, {"7b04ed51cabd15da3bc628da6f06def6": ["269", "com.google.android.apps.youtube.app.WatchWhileActivity"]}, {"7b04ed51cabd15da3bc628da6f06def6": ["269", "com.google.android.apps.youtube.app.WatchWhileActivity"]}, {"7b04ed51cabd15da3bc628da6f06def6": ["269", "com.google.android.apps.youtube.app.WatchWhileActivity"]}, {"f5c190623033830b9c0fd300fdbd0583": ["2859", "com.google.android.apps.youtube.app.WatchWhileActivity"]}, {"399a6c797533f9fc0229c314bca5ced9": ["38", "com.google.android.apps.youtube.app.WatchWhileActivity"]}, {"399a6c797533f9fc0229c314bca5ced9": ["38", "com.google.android.apps.youtube.app.WatchWhileActivity"]}, {"399a6c797533f9fc0229c314bca5ced9": ["38", "com.google.android.apps.youtube.app.WatchWhileActivity"]}, {"399a6c797533f9fc0229c314bca5ced9": ["38", "com.google.android.apps.youtube.app.WatchWhileActivity"]}, {"f5c190623033830b9c0fd300fdbd0583": ["2859", "com.google.android.apps.youtube.app.WatchWhileActivity"]}, {"399a6c797533f9fc0229c314bca5ced9": ["38", "com.google.android.apps.youtube.app.WatchWhileActivity"]}, {"399a6c797533f9fc0229c314bca5ced9": ["38", "com.google.android.apps.youtube.app.WatchWhileActivity"]}, {"399a6c797533f9fc0229c314bca5ced9": ["38", "com.google.android.apps.youtube.app.WatchWhileActivity"]}, {"399a6c797533f9fc0229c314bca5ced9": ["38", "com.google.android.apps.youtube.app.WatchWhileActivity"]}, {"399a6c797533f9fc0229c314bca5ced9": ["38", "com.google.android.apps.youtube.app.WatchWhileActivity"]}, {"399a6c797533f9fc0229c314bca5ced9": ["38", "com.google.android.apps.youtube.app.WatchWhileActivity"]}, {"399a6c797533f9fc0229c314bca5ced9": ["38", "com.google.android.apps.youtube.app.WatchWhileActivity"]}, {"496c48a79383bbfd53e4b74f96415fd4": ["280", "com.google.android.apps.youtube.app.WatchWhileActivity"]}, {"020f409f8e4d481b49a0decc60de24c9": ["224", "com.google.android.apps.youtube.app.WatchWhileActivity"]}, {"b5be6e990c60eb52426bc6ae5ca80000": ["155", "com.google.android.apps.youtube.app.WatchWhileActivity"]}, {"020f409f8e4d481b49a0decc60de24c9": ["224", "com.google.android.apps.youtube.app.WatchWhileActivity"]}, {"020f409f8e4d481b49a0decc60de24c9": ["224", "com.google.android.apps.youtube.app.WatchWhileActivity"]}, {"399a6c797533f9fc0229c314bca5ced9": ["38", "com.google.android.apps.youtube.app.WatchWhileActivity"]}, {"399a6c797533f9fc0229c314bca5ced9": ["38", "com.google.android.apps.youtube.app.WatchWhileActivity"]}, {"399a6c797533f9fc0229c314bca5ced9": ["38", "com.google.android.apps.youtube.app.WatchWhileActivity"]}, {"399a6c797533f9fc0229c314bca5ced9": ["38", "com.google.android.apps.youtube.app.WatchWhileActivity"]}, {"399a6c797533f9fc0229c314bca5ced9": ["38", "com.google.android.apps.youtube.app.WatchWhileActivity"]}, {"399a6c797533f9fc0229c314bca5ced9": ["38", "com.google.android.apps.youtube.app.WatchWhileActivity"]}, {"399a6c797533f9fc0229c314bca5ced9": ["38", "com.google.android.apps.youtube.app.WatchWhileActivity"]}, {"020f409f8e4d481b49a0decc60de24c9": ["224", "com.google.android.apps.youtube.app.WatchWhileActivity"]}, {"57ba2aee32d8030a10326940a25e5eea": ["389", "com.google.android.apps.youtube.app.WatchWhileActivity"]}, {"57ba2aee32d8030a10326940a25e5eea": ["389", "com.google.android.apps.youtube.app.WatchWhileActivity"]}, {"020f409f8e4d481b49a0decc60de24c9": ["224", "com.google.android.apps.youtube.app.WatchWhileActivity"]}, {"020f409f8e4d481b49a0decc60de24c9": ["224", "com.google.android.apps.youtube.app.WatchWhileActivity"]}, {"399a6c797533f9fc0229c314bca5ced9": ["38", "com.google.android.apps.youtube.app.WatchWhileActivity"]}, {"399a6c797533f9fc0229c314bca5ced9": ["38", "com.google.android.apps.youtube.app.WatchWhileActivity"]}, {"399a6c797533f9fc0229c314bca5ced9": ["38", "com.google.android.apps.youtube.app.WatchWhileActivity"]}, {"399a6c797533f9fc0229c314bca5ced9": ["38", "com.google.android.apps.youtube.app.WatchWhileActivity"]}, {"399a6c797533f9fc0229c314bca5ced9": ["38", "com.google.android.apps.youtube.app.WatchWhileActivity"]}, {"399a6c797533f9fc0229c314bca5ced9": ["38", "com.google.android.apps.youtube.app.WatchWhileActivity"]}, {"399a6c797533f9fc0229c314bca5ced9": ["38", "com.google.android.apps.youtube.app.WatchWhileActivity"]}, {"399a6c797533f9fc0229c314bca5ced9": ["38", "com.google.android.apps.youtube.app.WatchWhileActivity"]}, {"399a6c797533f9fc0229c314bca5ced9": ["38", "com.google.android.apps.youtube.app.WatchWhileActivity"]}, {"399a6c797533f9fc0229c314bca5ced9": ["38", "com.google.android.apps.youtube.app.WatchWhileActivity"]}, {"399a6c797533f9fc0229c314bca5ced9": ["38", "com.google.android.apps.youtube.app.WatchWhileActivity"]}, {"399a6c797533f9fc0229c314bca5ced9": ["38", "com.google.android.apps.youtube.app.WatchWhileActivity"]}, {"399a6c797533f9fc0229c314bca5ced9": ["38", "com.google.android.apps.youtube.app.WatchWhileActivity"]}, {"399a6c797533f9fc0229c314bca5ced9": ["38", "com.google.android.apps.youtube.app.WatchWhileActivity"]}, {"399a6c797533f9fc0229c314bca5ced9": ["38", "com.google.android.apps.youtube.app.WatchWhileActivity"]}, {"399a6c797533f9fc0229c314bca5ced9": ["38", "com.google.android.apps.youtube.app.WatchWhileActivity"]}, {"399a6c797533f9fc0229c314bca5ced9": ["38", "com.google.android.apps.youtube.app.WatchWhileActivity"]}, {"399a6c797533f9fc0229c314bca5ced9": ["38", "com.google.android.apps.youtube.app.WatchWhileActivity"]}, {"399a6c797533f9fc0229c314bca5ced9": ["38", "com.google.android.apps.youtube.app.WatchWhileActivity"]}, {"399a6c797533f9fc0229c314bca5ced9": ["38", "com.google.android.apps.youtube.app.WatchWhileActivity"]}, {"399a6c797533f9fc0229c314bca5ced9": ["38", "com.google.android.apps.youtube.app.WatchWhileActivity"]}, {"399a6c797533f9fc0229c314bca5ced9": ["38", "com.google.android.apps.youtube.app.WatchWhileActivity"]}, {"399a6c797533f9fc0229c314bca5ced9": ["38", "com.google.android.apps.youtube.app.WatchWhileActivity"]}, {"399a6c797533f9fc0229c314bca5ced9": ["38", "com.google.android.apps.youtube.app.WatchWhileActivity"]}, {"399a6c797533f9fc0229c314bca5ced9": ["38", "com.google.android.apps.youtube.app.WatchWhileActivity"]}, {"399a6c797533f9fc0229c314bca5ced9": ["38", "com.google.android.apps.youtube.app.WatchWhileActivity"]}, {"399a6c797533f9fc0229c314bca5ced9": ["38", "com.google.android.apps.youtube.app.WatchWhileActivity"]}, {"399a6c797533f9fc0229c314bca5ced9": ["38", "com.google.android.apps.youtube.app.WatchWhileActivity"]}, {"399a6c797533f9fc0229c314bca5ced9": ["38", "com.google.android.apps.youtube.app.WatchWhileActivity"]}, {"399a6c797533f9fc0229c314bca5ced9": ["38", "com.google.android.apps.youtube.app.WatchWhileActivity"]}, {"399a6c797533f9fc0229c314bca5ced9": ["38", "com.google.android.apps.youtube.app.WatchWhileActivity"]}, {"399a6c797533f9fc0229c314bca5ced9": ["38", "com.google.android.apps.youtube.app.WatchWhileActivity"]}, {"399a6c797533f9fc0229c314bca5ced9": ["38", "com.google.android.apps.youtube.app.WatchWhileActivity"]}, {"399a6c797533f9fc0229c314bca5ced9": ["38", "com.google.android.apps.youtube.app.WatchWhileActivity"]}, {"399a6c797533f9fc0229c314bca5ced9": ["38", "com.google.android.apps.youtube.app.WatchWhileActivity"]}, {"399a6c797533f9fc0229c314bca5ced9": ["38", "com.google.android.apps.youtube.app.WatchWhileActivity"]}, {"399a6c797533f9fc0229c314bca5ced9": ["38", "com.google.android.apps.youtube.app.WatchWhileActivity"]}, {"399a6c797533f9fc0229c314bca5ced9": ["38", "com.google.android.apps.youtube.app.WatchWhileActivity"]}, {"399a6c797533f9fc0229c314bca5ced9": ["38", "com.google.android.apps.youtube.app.WatchWhileActivity"]}, {"399a6c797533f9fc0229c314bca5ced9": ["38", "com.google.android.apps.youtube.app.WatchWhileActivity"]}, {"399a6c797533f9fc0229c314bca5ced9": ["38", "com.google.android.apps.youtube.app.WatchWhileActivity"]}, {"399a6c797533f9fc0229c314bca5ced9": ["38", "com.google.android.apps.youtube.app.WatchWhileActivity"]}, {"020f409f8e4d481b49a0decc60de24c9": ["224", "com.google.android.apps.youtube.app.WatchWhileActivity"]}, {"399a6c797533f9fc0229c314bca5ced9": ["38", "com.google.android.apps.youtube.app.WatchWhileActivity"]}, {"496c48a79383bbfd53e4b74f96415fd4": ["280", "com.google.android.apps.youtube.app.WatchWhileActivity"]}, {"496c48a79383bbfd53e4b74f96415fd4": ["280", "com.google.android.apps.youtube.app.WatchWhileActivity"]}, {"399a6c797533f9fc0229c314bca5ced9": ["38", "com.google.android.apps.youtube.app.WatchWhileActivity"]}, {"399a6c797533f9fc0229c314bca5ced9": ["38", "com.google.android.apps.youtube.app.WatchWhileActivity"]}, {"c68f18fe1a1ed6970f230da6c4e780ab": ["388", "com.google.android.apps.youtube.app.WatchWhileActivity"]}, {"c68f18fe1a1ed6970f230da6c4e780ab": ["388", "com.google.android.apps.youtube.app.WatchWhileActivity"]}, {"c68f18fe1a1ed6970f230da6c4e780ab": ["388", "com.google.android.apps.youtube.app.WatchWhileActivity"]}, {"bfdefd68215f7175d4601b8081092191": ["2918", "com.google.android.apps.youtube.app.WatchWhileActivity"]}, {"bfdefd68215f7175d4601b8081092191": ["2918", "com.google.android.apps.youtube.app.WatchWhileActivity"]}, {"462f392565cf695c863a68ffa05d1810": ["2919", "com.google.android.apps.youtube.app.WatchWhileActivity"]}, {"dd9ef63eedea5e27b62a17f2283cc1b7": ["220", "com.google.android.apps.youtube.app.WatchWhileActivity"]}, {"399a6c797533f9fc0229c314bca5ced9": ["38", "com.google.android.apps.youtube.app.WatchWhileActivity"]}, {"399a6c797533f9fc0229c314bca5ced9": ["38", "com.google.android.apps.youtube.app.WatchWhileActivity"]}, {"dd9ef63eedea5e27b62a17f2283cc1b7": ["220", "com.google.android.apps.youtube.app.WatchWhileActivity"]}, {"399a6c797533f9fc0229c314bca5ced9": ["38", "com.google.android.apps.youtube.app.WatchWhileActivity"]}, {"399a6c797533f9fc0229c314bca5ced9": ["38", "com.google.android.apps.youtube.app.WatchWhileActivity"]}, {"dd9ef63eedea5e27b62a17f2283cc1b7": ["220", "com.google.android.apps.youtube.app.WatchWhileActivity"]}, {"adb4d882973c0b6fba83e1b7dbb58930": ["225", "com.google.android.apps.youtube.app.WatchWhileActivity"]}, {"020f409f8e4d481b49a0decc60de24c9": ["224", "com.google.android.apps.youtube.app.WatchWhileActivity"]}, {"399a6c797533f9fc0229c314bca5ced9": ["38", "com.google.android.apps.youtube.app.WatchWhileActivity"]}, {"399a6c797533f9fc0229c314bca5ced9": ["38", "com.google.android.apps.youtube.app.WatchWhileActivity"]}, {"399a6c797533f9fc0229c314bca5ced9": ["38", "com.google.android.apps.youtube.app.WatchWhileActivity"]}, {"399a6c797533f9fc0229c314bca5ced9": ["38", "com.google.android.apps.youtube.app.WatchWhileActivity"]}, {"399a6c797533f9fc0229c314bca5ced9": ["38", "com.google.android.apps.youtube.app.WatchWhileActivity"]}, {"399a6c797533f9fc0229c314bca5ced9": ["38", "com.google.android.apps.youtube.app.WatchWhileActivity"]}, {"399a6c797533f9fc0229c314bca5ced9": ["38", "com.google.android.apps.youtube.app.WatchWhileActivity"]}, {"399a6c797533f9fc0229c314bca5ced9": ["38", "com.google.android.apps.youtube.app.WatchWhileActivity"]}, {"020f409f8e4d481b49a0decc60de24c9": ["224", "com.google.android.apps.youtube.app.WatchWhileActivity"]}, {"496c48a79383bbfd53e4b74f96415fd4": ["280", "com.google.android.apps.youtube.app.WatchWhileActivity"]}, {"399a6c797533f9fc0229c314bca5ced9": ["38", "com.google.android.apps.youtube.app.WatchWhileActivity"]}, {"399a6c797533f9fc0229c314bca5ced9": ["38", "com.google.android.apps.youtube.app.WatchWhileActivity"]}, {"399a6c797533f9fc0229c314bca5ced9": ["38", "com.google.android.apps.youtube.app.WatchWhileActivity"]}, {"399a6c797533f9fc0229c314bca5ced9": ["38", "com.google.android.apps.youtube.app.WatchWhileActivity"]}, {"399a6c797533f9fc0229c314bca5ced9": ["38", "com.google.android.apps.youtube.app.WatchWhileActivity"]}, {"399a6c797533f9fc0229c314bca5ced9": ["38", "com.google.android.apps.youtube.app.WatchWhileActivity"]}, {"399a6c797533f9fc0229c314bca5ced9": ["38", "com.google.android.apps.youtube.app.WatchWhileActivity"]}, {"399a6c797533f9fc0229c314bca5ced9": ["38", "com.google.android.apps.youtube.app.WatchWhileActivity"]}, {"399a6c797533f9fc0229c314bca5ced9": ["38", "com.google.android.apps.youtube.app.WatchWhileActivity"]}, {"399a6c797533f9fc0229c314bca5ced9": ["38", "com.google.android.apps.youtube.app.WatchWhileActivity"]}, {"496c48a79383bbfd53e4b74f96415fd4": ["280", "com.google.android.apps.youtube.app.WatchWhileActivity"]}, {"399a6c797533f9fc0229c314bca5ced9": ["38", "com.google.android.apps.youtube.app.WatchWhileActivity"]}, {"399a6c797533f9fc0229c314bca5ced9": ["38", "com.google.android.apps.youtube.app.WatchWhileActivity"]}, {"399a6c797533f9fc0229c314bca5ced9": ["38", "com.google.android.apps.youtube.app.WatchWhileActivity"]}, {"a2663e686eb58fd69c48fe9bd757acc6": ["232", "com.google.android.apps.youtube.app.WatchWhileActivity"]}, {"399a6c797533f9fc0229c314bca5ced9": ["38", "com.google.android.apps.youtube.app.WatchWhileActivity"]}, {"399a6c797533f9fc0229c314bca5ced9": ["38", "com.google.android.apps.youtube.app.WatchWhileActivity"]}, {"399a6c797533f9fc0229c314bca5ced9": ["38", "com.google.android.apps.youtube.app.WatchWhileActivity"]}, {"399a6c797533f9fc0229c314bca5ced9": ["38", "com.google.android.apps.youtube.app.WatchWhileActivity"]}, {"399a6c797533f9fc0229c314bca5ced9": ["38", "com.google.android.apps.youtube.app.WatchWhileActivity"]}, {"399a6c797533f9fc0229c314bca5ced9": ["38", "com.google.android.apps.youtube.app.WatchWhileActivity"]}, {"399a6c797533f9fc0229c314bca5ced9": ["38", "com.google.android.apps.youtube.app.WatchWhileActivity"]}, {"399a6c797533f9fc0229c314bca5ced9": ["38", "com.google.android.apps.youtube.app.WatchWhileActivity"]}, {"399a6c797533f9fc0229c314bca5ced9": ["38", "com.google.android.apps.youtube.app.WatchWhileActivity"]}, {"b927be0bf2b656cd0e9e404a4c5197a6": ["1862", "com.google.android.apps.youtube.app.WatchWhileActivity"]}, {"8dce488fae0f9700e8f4377418d9c654": ["485", "com.google.android.apps.youtube.app.WatchWhileActivity"]}, {"33ee79a7f0028aed8c964493adb591af": ["2920", "com.google.android.apps.youtube.app.WatchWhileActivity"]}, {"399a6c797533f9fc0229c314bca5ced9": ["38", "com.google.android.apps.youtube.app.WatchWhileActivity"]}, {"399a6c797533f9fc0229c314bca5ced9": ["38", "com.google.android.apps.youtube.app.WatchWhileActivity"]}, {"a2663e686eb58fd69c48fe9bd757acc6": ["232", "com.google.android.apps.youtube.app.WatchWhileActivity"]}, {"399a6c797533f9fc0229c314bca5ced9": ["38", "com.google.android.apps.youtube.app.WatchWhileActivity"]}, {"399a6c797533f9fc0229c314bca5ced9": ["38", "com.google.android.apps.youtube.app.WatchWhileActivity"]}, {"399a6c797533f9fc0229c314bca5ced9": ["38", "com.google.android.apps.youtube.app.WatchWhileActivity"]}, {"399a6c797533f9fc0229c314bca5ced9": ["38", "com.google.android.apps.youtube.app.WatchWhileActivity"]}, {"399a6c797533f9fc0229c314bca5ced9": ["38", "com.google.android.apps.youtube.app.WatchWhileActivity"]}, {"399a6c797533f9fc0229c314bca5ced9": ["38", "com.google.android.apps.youtube.app.WatchWhileActivity"]}, {"399a6c797533f9fc0229c314bca5ced9": ["38", "com.google.android.apps.youtube.app.WatchWhileActivity"]}, {"399a6c797533f9fc0229c314bca5ced9": ["38", "com.google.android.apps.youtube.app.WatchWhileActivity"]}, {"399a6c797533f9fc0229c314bca5ced9": ["38", "com.google.android.apps.youtube.app.WatchWhileActivity"]}, {"399a6c797533f9fc0229c314bca5ced9": ["38", "com.google.android.apps.youtube.app.WatchWhileActivity"]}, {"a2663e686eb58fd69c48fe9bd757acc6": ["232", "com.google.android.apps.youtube.app.WatchWhileActivity"]}, {"6070146963b049b151e19670cad47517": ["875", "com.google.android.apps.youtube.app.WatchWhileActivity"]}, {"157b59f9838d2a80be3c022356c1e04b": ["1863", "com.google.android.apps.youtube.app.WatchWhileActivity"]}, {"b5be6e990c60eb52426bc6ae5ca80000": ["155", "com.google.android.apps.youtube.app.WatchWhileActivity"]}, {"157b59f9838d2a80be3c022356c1e04b": ["1863", "com.google.android.apps.youtube.app.WatchWhileActivity"]}, {"399a6c797533f9fc0229c314bca5ced9": ["38", "com.google.android.apps.youtube.app.WatchWhileActivity"]}, {"399a6c797533f9fc0229c314bca5ced9": ["38", "com.google.android.apps.youtube.app.WatchWhileActivity"]}, {"399a6c797533f9fc0229c314bca5ced9": ["38", "com.google.android.apps.youtube.app.WatchWhileActivity"]}, {"399a6c797533f9fc0229c314bca5ced9": ["38", "com.google.android.apps.youtube.app.WatchWhileActivity"]}, {"399a6c797533f9fc0229c314bca5ced9": ["38", "com.google.android.apps.youtube.app.WatchWhileActivity"]}, {"399a6c797533f9fc0229c314bca5ced9": ["38", "com.google.android.apps.youtube.app.WatchWhileActivity"]}, {"399a6c797533f9fc0229c314bca5ced9": ["38", "com.google.android.apps.youtube.app.WatchWhileActivity"]}, {"399a6c797533f9fc0229c314bca5ced9": ["38", "com.google.android.apps.youtube.app.WatchWhileActivity"]}, {"399a6c797533f9fc0229c314bca5ced9": ["38", "com.google.android.apps.youtube.app.WatchWhileActivity"]}, {"399a6c797533f9fc0229c314bca5ced9": ["38", "com.google.android.apps.youtube.app.WatchWhileActivity"]}, {"399a6c797533f9fc0229c314bca5ced9": ["38", "com.google.android.apps.youtube.app.WatchWhileActivity"]}, {"399a6c797533f9fc0229c314bca5ced9": ["38", "com.google.android.apps.youtube.app.WatchWhileActivity"]}, {"399a6c797533f9fc0229c314bca5ced9": ["38", "com.google.android.apps.youtube.app.WatchWhileActivity"]}, {"399a6c797533f9fc0229c314bca5ced9": ["38", "com.google.android.apps.youtube.app.WatchWhileActivity"]}, {"399a6c797533f9fc0229c314bca5ced9": ["38", "com.google.android.apps.youtube.app.WatchWhileActivity"]}, {"399a6c797533f9fc0229c314bca5ced9": ["38", "com.google.android.apps.youtube.app.WatchWhileActivity"]}, {"399a6c797533f9fc0229c314bca5ced9": ["38", "com.google.android.apps.youtube.app.WatchWhileActivity"]}, {"399a6c797533f9fc0229c314bca5ced9": ["38", "com.google.android.apps.youtube.app.WatchWhileActivity"]}, {"a2663e686eb58fd69c48fe9bd757acc6": ["232", "com.google.android.apps.youtube.app.WatchWhileActivity"]}, {"399a6c797533f9fc0229c314bca5ced9": ["38", "com.google.android.apps.youtube.app.WatchWhileActivity"]}, {"399a6c797533f9fc0229c314bca5ced9": ["38", "com.google.android.apps.youtube.app.WatchWhileActivity"]}, {"399a6c797533f9fc0229c314bca5ced9": ["38", "com.google.android.apps.youtube.app.WatchWhileActivity"]}, {"399a6c797533f9fc0229c314bca5ced9": ["38", "com.google.android.apps.youtube.app.WatchWhileActivity"]}, {"399a6c797533f9fc0229c314bca5ced9": ["38", "com.google.android.apps.youtube.app.WatchWhileActivity"]}, {"399a6c797533f9fc0229c314bca5ced9": ["38", "com.google.android.apps.youtube.app.WatchWhileActivity"]}, {"399a6c797533f9fc0229c314bca5ced9": ["38", "com.google.android.apps.youtube.app.WatchWhileActivity"]}, {"399a6c797533f9fc0229c314bca5ced9": ["38", "com.google.android.apps.youtube.app.WatchWhileActivity"]}, {"63c7840fa4f01519de99c631a3b9bc98": ["590", "com.google.android.apps.youtube.app.WatchWhileActivity"]}, {"399a6c797533f9fc0229c314bca5ced9": ["38", "com.google.android.apps.youtube.app.WatchWhileActivity"]}, {"399a6c797533f9fc0229c314bca5ced9": ["38", "com.google.android.apps.youtube.app.WatchWhileActivity"]}, {"399a6c797533f9fc0229c314bca5ced9": ["38", "com.google.android.apps.youtube.app.WatchWhileActivity"]}, {"399a6c797533f9fc0229c314bca5ced9": ["38", "com.google.android.apps.youtube.app.WatchWhileActivity"]}, {"399a6c797533f9fc0229c314bca5ced9": ["38", "com.google.android.apps.youtube.app.WatchWhileActivity"]}, {"399a6c797533f9fc0229c314bca5ced9": ["38", "com.google.android.apps.youtube.app.WatchWhileActivity"]}, {"399a6c797533f9fc0229c314bca5ced9": ["38", "com.google.android.apps.youtube.app.WatchWhileActivity"]}, {"399a6c797533f9fc0229c314bca5ced9": ["38", "com.google.android.apps.youtube.app.WatchWhileActivity"]}, {"a2663e686eb58fd69c48fe9bd757acc6": ["232", "com.google.android.apps.youtube.app.WatchWhileActivity"]}, {"1e7301a136b877330c0eefd263a03ac6": ["424", "com.google.android.apps.youtube.app.WatchWhileActivity"]}, {"1e7301a136b877330c0eefd263a03ac6": ["424", "com.google.android.apps.youtube.app.WatchWhileActivity"]}, {"e4b72ae9dc623c6237f40821297693b2": ["497", "com.google.android.apps.youtube.app.WatchWhileActivity"]}, {"e4b72ae9dc623c6237f40821297693b2": ["497", "com.google.android.apps.youtube.app.WatchWhileActivity"]}, {"5aa81441697e2723ef402f51397b1d1c": ["496", "com.google.android.apps.youtube.app.WatchWhileActivity"]}, {"5aa81441697e2723ef402f51397b1d1c": ["496", "com.google.android.apps.youtube.app.WatchWhileActivity"]}, {"29b95351a82c0c493a48e11d4c94dada": ["238", "com.google.android.apps.youtube.app.WatchWhileActivity"]}, {"b5be6e990c60eb52426bc6ae5ca80000": ["155", "com.google.android.apps.youtube.app.WatchWhileActivity"]}, {"5a6377c3ee4028a74ed3c35e53f4f184": ["237", "com.google.android.apps.youtube.app.WatchWhileActivity"]}, {"3ded229412526b68f3ce11d114fc89cb": ["138", "com.google.android.apps.youtube.app.WatchWhileActivity"]}, {"399a6c797533f9fc0229c314bca5ced9": ["38", "com.google.android.apps.youtube.app.WatchWhileActivity"]}, {"399a6c797533f9fc0229c314bca5ced9": ["38", "com.google.android.apps.youtube.app.WatchWhileActivity"]}, {"399a6c797533f9fc0229c314bca5ced9": ["38", "com.google.android.apps.youtube.app.WatchWhileActivity"]}, {"5a6377c3ee4028a74ed3c35e53f4f184": ["237", "com.google.android.apps.youtube.app.WatchWhileActivity"]}, {"56793de568d7a181ea97ea7e5530078b": ["2921", "com.google.android.apps.youtube.app.WatchWhileActivity"]}, {"6a8c65e295ae67c182afacb56b0abf05": ["2922", "com.google.android.apps.youtube.app.WatchWhileActivity"]}, {"bb0892d09025336a22018bfbb027641b": ["2923", "com.google.android.apps.youtube.app.WatchWhileActivity"]}, {"5f13c9d6880a35e56b676ddcab576d6a": ["2924", "com.google.android.apps.youtube.app.WatchWhileActivity"]}, {"5f13c9d6880a35e56b676ddcab576d6a": ["2924", "com.google.android.apps.youtube.app.WatchWhileActivity"]}, {"5f13c9d6880a35e56b676ddcab576d6a": ["2924", "com.google.android.apps.youtube.app.WatchWhileActivity"]}, {"c8614c4ea54707a787ccc90329d171c7": ["2925", "com.google.android.apps.youtube.app.WatchWhileActivity"]}, {"e0a345b08980a9b1dc807d4e01b2d2ee": ["2926", "com.google.android.apps.youtube.app.WatchWhileActivity"]}, {"e0a345b08980a9b1dc807d4e01b2d2ee": ["2926", "com.google.android.apps.youtube.app.WatchWhileActivity"]}, {"685ff952f5031f790f2fa3ec259a98f0": ["2927", "com.google.android.apps.youtube.app.WatchWhileActivity"]}, {"685ff952f5031f790f2fa3ec259a98f0": ["2927", "com.google.android.apps.youtube.app.WatchWhileActivity"]}, {"685ff952f5031f790f2fa3ec259a98f0": ["2927", "com.google.android.apps.youtube.app.WatchWhileActivity"]}, {"e4b72ae9dc623c6237f40821297693b2": ["497", "com.google.android.apps.youtube.app.WatchWhileActivity"]}, {"e4b72ae9dc623c6237f40821297693b2": ["497", "com.google.android.apps.youtube.app.WatchWhileActivity"]}, {"e4b72ae9dc623c6237f40821297693b2": ["497", "com.google.android.apps.youtube.app.WatchWhileActivity"]}, {"e4b72ae9dc623c6237f40821297693b2": ["497", "com.google.android.apps.youtube.app.WatchWhileActivity"]}, {"ca760bedef2f412e78531b977ad2ed9c": ["671", "com.google.android.apps.youtube.app.WatchWhileActivity"]}, {"ca760bedef2f412e78531b977ad2ed9c": ["671", "com.google.android.apps.youtube.app.WatchWhileActivity"]}, {"d23ba64c901ec3266a9381daa5db8a3b": ["2781", "com.google.android.apps.youtube.app.WatchWhileActivity"]}, {"ea17f6d5892debce15651d6d389ef180": ["2928", "com.google.android.apps.youtube.app.WatchWhileActivity"]}, {"d23ba64c901ec3266a9381daa5db8a3b": ["2781", "com.google.android.apps.youtube.app.WatchWhileActivity"]}, {"b7178d029eede355b8de683d0d66b873": ["2929", "com.google.android.apps.youtube.app.WatchWhileActivity"]}, {"5aa81441697e2723ef402f51397b1d1c": ["496", "com.google.android.apps.youtube.app.WatchWhileActivity"]}, {"c8614c4ea54707a787ccc90329d171c7": ["2925", "com.google.android.apps.youtube.app.WatchWhileActivity"]}, {"c8614c4ea54707a787ccc90329d171c7": ["2925", "com.google.android.apps.youtube.app.WatchWhileActivity"]}, {"c8614c4ea54707a787ccc90329d171c7": ["2925", "com.google.android.apps.youtube.app.WatchWhileActivity"]}, {"14cfd5fe354a69951d2915b1a85ca40d": ["20", "com.google.android.apps.youtube.app.WatchWhileActivity"]}, {"4373a7ef1ab90e0d67656f3c4c9c6fa5": ["2930", "com.google.android.apps.youtube.app.WatchWhileActivity"]}, {"1389aeb17143b953b9fa3341a4a3940d": ["2931", "com.google.android.apps.youtube.app.WatchWhileActivity"]}, {"4373a7ef1ab90e0d67656f3c4c9c6fa5": ["2930", "com.google.android.apps.youtube.app.WatchWhileActivity"]}, {"4373a7ef1ab90e0d67656f3c4c9c6fa5": ["2930", "com.google.android.apps.youtube.app.WatchWhileActivity"]}, {"9a7a64ded8feafdf9d2d253fa431e9ba": ["167", "com.google.android.apps.youtube.app.WatchWhileActivity"]}, {"399a6c797533f9fc0229c314bca5ced9": ["38", "com.google.android.apps.youtube.app.WatchWhileActivity"]}, {"399a6c797533f9fc0229c314bca5ced9": ["38", "com.google.android.apps.youtube.app.WatchWhileActivity"]}, {"399a6c797533f9fc0229c314bca5ced9": ["38", "com.google.android.apps.youtube.app.WatchWhileActivity"]}, {"399a6c797533f9fc0229c314bca5ced9": ["38", "com.google.android.apps.youtube.app.WatchWhileActivity"]}, {"399a6c797533f9fc0229c314bca5ced9": ["38", "com.google.android.apps.youtube.app.WatchWhileActivity"]}, {"399a6c797533f9fc0229c314bca5ced9": ["38", "com.google.android.apps.youtube.app.WatchWhileActivity"]}, {"399a6c797533f9fc0229c314bca5ced9": ["38", "com.google.android.apps.youtube.app.WatchWhileActivity"]}, {"399a6c797533f9fc0229c314bca5ced9": ["38", "com.google.android.apps.youtube.app.WatchWhileActivity"]}, {"399a6c797533f9fc0229c314bca5ced9": ["38", "com.google.android.apps.youtube.app.WatchWhileActivity"]}, {"399a6c797533f9fc0229c314bca5ced9": ["38", "com.google.android.apps.youtube.app.WatchWhileActivity"]}, {"399a6c797533f9fc0229c314bca5ced9": ["38", "com.google.android.apps.youtube.app.WatchWhileActivity"]}, {"399a6c797533f9fc0229c314bca5ced9": ["38", "com.google.android.apps.youtube.app.WatchWhileActivity"]}, {"399a6c797533f9fc0229c314bca5ced9": ["38", "com.google.android.apps.youtube.app.WatchWhileActivity"]}, {"399a6c797533f9fc0229c314bca5ced9": ["38", "com.google.android.apps.youtube.app.WatchWhileActivity"]}, {"399a6c797533f9fc0229c314bca5ced9": ["38", "com.google.android.apps.youtube.app.WatchWhileActivity"]}, {"399a6c797533f9fc0229c314bca5ced9": ["38", "com.google.android.apps.youtube.app.WatchWhileActivity"]}, {"399a6c797533f9fc0229c314bca5ced9": ["38", "com.google.android.apps.youtube.app.WatchWhileActivity"]}, {"399a6c797533f9fc0229c314bca5ced9": ["38", "com.google.android.apps.youtube.app.WatchWhileActivity"]}, {"399a6c797533f9fc0229c314bca5ced9": ["38", "com.google.android.apps.youtube.app.WatchWhileActivity"]}, {"399a6c797533f9fc0229c314bca5ced9": ["38", "com.google.android.apps.youtube.app.WatchWhileActivity"]}, {"399a6c797533f9fc0229c314bca5ced9": ["38", "com.google.android.apps.youtube.app.WatchWhileActivity"]}, {"399a6c797533f9fc0229c314bca5ced9": ["38", "com.google.android.apps.youtube.app.WatchWhileActivity"]}, {"399a6c797533f9fc0229c314bca5ced9": ["38", "com.google.android.apps.youtube.app.WatchWhileActivity"]}, {"399a6c797533f9fc0229c314bca5ced9": ["38", "com.google.android.apps.youtube.app.WatchWhileActivity"]}, {"399a6c797533f9fc0229c314bca5ced9": ["38", "com.google.android.apps.youtube.app.WatchWhileActivity"]}, {"399a6c797533f9fc0229c314bca5ced9": ["38", "com.google.android.apps.youtube.app.WatchWhileActivity"]}, {"399a6c797533f9fc0229c314bca5ced9": ["38", "com.google.android.apps.youtube.app.WatchWhileActivity"]}, {"a97b96897185e8c0e8f94e25f59e6fdc": ["463", "com.google.android.apps.youtube.app.WatchWhileActivity"]}, {"399a6c797533f9fc0229c314bca5ced9": ["38", "com.google.android.apps.youtube.app.WatchWhileActivity"]}, {"399a6c797533f9fc0229c314bca5ced9": ["38", "com.google.android.apps.youtube.app.WatchWhileActivity"]}, {"a97b96897185e8c0e8f94e25f59e6fdc": ["463", "com.google.android.apps.youtube.app.WatchWhileActivity"]}, {"399a6c797533f9fc0229c314bca5ced9": ["38", "com.google.android.apps.youtube.app.WatchWhileActivity"]}, {"399a6c797533f9fc0229c314bca5ced9": ["38", "com.google.android.apps.youtube.app.WatchWhileActivity"]}, {"399a6c797533f9fc0229c314bca5ced9": ["38", "com.google.android.apps.youtube.app.WatchWhileActivity"]}, {"399a6c797533f9fc0229c314bca5ced9": ["38", "com.google.android.apps.youtube.app.WatchWhileActivity"]}, {"399a6c797533f9fc0229c314bca5ced9": ["38", "com.google.android.apps.youtube.app.WatchWhileActivity"]}, {"399a6c797533f9fc0229c314bca5ced9": ["38", "com.google.android.apps.youtube.app.WatchWhileActivity"]}, {"399a6c797533f9fc0229c314bca5ced9": ["38", "com.google.android.apps.youtube.app.WatchWhileActivity"]}, {"399a6c797533f9fc0229c314bca5ced9": ["38", "com.google.android.apps.youtube.app.WatchWhileActivity"]}, {"399a6c797533f9fc0229c314bca5ced9": ["38", "com.google.android.apps.youtube.app.WatchWhileActivity"]}, {"a97b96897185e8c0e8f94e25f59e6fdc": ["463", "com.google.android.apps.youtube.app.WatchWhileActivity"]}, {"399a6c797533f9fc0229c314bca5ced9": ["38", "com.google.android.apps.youtube.app.WatchWhileActivity"]}, {"399a6c797533f9fc0229c314bca5ced9": ["38", "com.google.android.apps.youtube.app.WatchWhileActivity"]}, {"399a6c797533f9fc0229c314bca5ced9": ["38", "com.google.android.apps.youtube.app.WatchWhileActivity"]}, {"399a6c797533f9fc0229c314bca5ced9": ["38", "com.google.android.apps.youtube.app.WatchWhileActivity"]}, {"399a6c797533f9fc0229c314bca5ced9": ["38", "com.google.android.apps.youtube.app.WatchWhileActivity"]}, {"399a6c797533f9fc0229c314bca5ced9": ["38", "com.google.android.apps.youtube.app.WatchWhileActivity"]}, {"1930fe0e68f020cbf36d3b0961cf111e": ["2932", "com.google.android.apps.youtube.app.WatchWhileActivity"]}, {"399a6c797533f9fc0229c314bca5ced9": ["38", "com.google.android.apps.youtube.app.WatchWhileActivity"]}, {"399a6c797533f9fc0229c314bca5ced9": ["38", "com.google.android.apps.youtube.app.WatchWhileActivity"]}, {"399a6c797533f9fc0229c314bca5ced9": ["38", "com.google.android.apps.youtube.app.WatchWhileActivity"]}, {"399a6c797533f9fc0229c314bca5ced9": ["38", "com.google.android.apps.youtube.app.WatchWhileActivity"]}, {"399a6c797533f9fc0229c314bca5ced9": ["38", "com.google.android.apps.youtube.app.WatchWhileActivity"]}, {"399a6c797533f9fc0229c314bca5ced9": ["38", "com.google.android.apps.youtube.app.WatchWhileActivity"]}, {"399a6c797533f9fc0229c314bca5ced9": ["38", "com.google.android.apps.youtube.app.WatchWhileActivity"]}, {"399a6c797533f9fc0229c314bca5ced9": ["38", "com.google.android.apps.youtube.app.WatchWhileActivity"]}, {"399a6c797533f9fc0229c314bca5ced9": ["38", "com.google.android.apps.youtube.app.WatchWhileActivity"]}, {"399a6c797533f9fc0229c314bca5ced9": ["38", "com.google.android.apps.youtube.app.WatchWhileActivity"]}, {"399a6c797533f9fc0229c314bca5ced9": ["38", "com.google.android.apps.youtube.app.WatchWhileActivity"]}, {"1930fe0e68f020cbf36d3b0961cf111e": ["2932", "com.google.android.apps.youtube.app.WatchWhileActivity"]}, {"399a6c797533f9fc0229c314bca5ced9": ["38", "com.google.android.apps.youtube.app.WatchWhileActivity"]}, {"399a6c797533f9fc0229c314bca5ced9": ["38", "com.google.android.apps.youtube.app.WatchWhileActivity"]}, {"399a6c797533f9fc0229c314bca5ced9": ["38", "com.google.android.apps.youtube.app.WatchWhileActivity"]}, {"399a6c797533f9fc0229c314bca5ced9": ["38", "com.google.android.apps.youtube.app.WatchWhileActivity"]}, {"399a6c797533f9fc0229c314bca5ced9": ["38", "com.google.android.apps.youtube.app.WatchWhileActivity"]}, {"399a6c797533f9fc0229c314bca5ced9": ["38", "com.google.android.apps.youtube.app.WatchWhileActivity"]}, {"1930fe0e68f020cbf36d3b0961cf111e": ["2932", "com.google.android.apps.youtube.app.WatchWhileActivity"]}, {"cded6245cd6c1bc02bbc419b8876f742": ["2933", "com.google.android.apps.youtube.app.WatchWhileActivity"]}, {"cded6245cd6c1bc02bbc419b8876f742": ["2933", "com.google.android.apps.youtube.app.WatchWhileActivity"]}, {"067cdc594195f367f68a106ba3d78435": ["2934", "com.google.android.apps.youtube.app.WatchWhileActivity"]}, {"067cdc594195f367f68a106ba3d78435": ["2934", "com.google.android.apps.youtube.app.WatchWhileActivity"]}, {"067cdc594195f367f68a106ba3d78435": ["2934", "com.google.android.apps.youtube.app.WatchWhileActivity"]}, {"067cdc594195f367f68a106ba3d78435": ["2934", "com.google.android.apps.youtube.app.WatchWhileActivity"]}, {"067cdc594195f367f68a106ba3d78435": ["2934", "com.google.android.apps.youtube.app.WatchWhileActivity"]}, {"cded6245cd6c1bc02bbc419b8876f742": ["2933", "com.google.android.apps.youtube.app.WatchWhileActivity"]}, {"cded6245cd6c1bc02bbc419b8876f742": ["2933", "com.google.android.apps.youtube.app.WatchWhileActivity"]}, {"143c9a55907ca2e0407ba6a59a0bf675": ["2935", "com.google.android.apps.youtube.app.WatchWhileActivity"]}, {"399a6c797533f9fc0229c314bca5ced9": ["38", "com.google.android.apps.youtube.app.WatchWhileActivity"]}, {"399a6c797533f9fc0229c314bca5ced9": ["38", "com.google.android.apps.youtube.app.WatchWhileActivity"]}, {"782fd094369c49fda3c0ab5f4900fdb1": ["2936", "com.google.android.apps.youtube.app.WatchWhileActivity"]}, {"a665b96cebbdae665f6a793727d6c089": ["2937", "com.google.android.apps.youtube.app.WatchWhileActivity"]}, {"af8de94f4401f88dd9e763d944391082": ["54", "com.google.android.apps.youtube.app.WatchWhileActivity"]}, {"af8de94f4401f88dd9e763d944391082": ["54", "com.google.android.apps.youtube.app.WatchWhileActivity"]}, {"af8de94f4401f88dd9e763d944391082": ["54", "com.google.android.apps.youtube.app.WatchWhileActivity"]}, {"25aecc85d1954e598383ea9fa990b845": ["2938", "com.google.android.apps.youtube.app.WatchWhileActivity"]}, {"25aecc85d1954e598383ea9fa990b845": ["2938", "com.google.android.apps.youtube.app.WatchWhileActivity"]}, {"25aecc85d1954e598383ea9fa990b845": ["2938", "com.google.android.apps.youtube.app.WatchWhileActivity"]}, {"622f09b40b2f761dbb42b89db82d55bc": ["438", "com.google.android.apps.youtube.app.WatchWhileActivity"]}, {"622f09b40b2f761dbb42b89db82d55bc": ["438", "com.google.android.apps.youtube.app.WatchWhileActivity"]}, {"622f09b40b2f761dbb42b89db82d55bc": ["438", "com.google.android.apps.youtube.app.WatchWhileActivity"]}, {"3a169afed22cbbeb477c30b50be47d84": ["439", "com.google.android.apps.youtube.app.WatchWhileActivity"]}, {"3a169afed22cbbeb477c30b50be47d84": ["439", "com.google.android.apps.youtube.app.WatchWhileActivity"]}, {"3a169afed22cbbeb477c30b50be47d84": ["439", "com.google.android.apps.youtube.app.WatchWhileActivity"]}, {"399a6c797533f9fc0229c314bca5ced9": ["38", "com.google.android.apps.youtube.app.WatchWhileActivity"]}, {"399a6c797533f9fc0229c314bca5ced9": ["38", "com.google.android.apps.youtube.app.WatchWhileActivity"]}, {"399a6c797533f9fc0229c314bca5ced9": ["38", "com.google.android.apps.youtube.app.WatchWhileActivity"]}, {"399a6c797533f9fc0229c314bca5ced9": ["38", "com.google.android.apps.youtube.app.WatchWhileActivity"]}, {"399a6c797533f9fc0229c314bca5ced9": ["38", "com.google.android.apps.youtube.app.WatchWhileActivity"]}, {"399a6c797533f9fc0229c314bca5ced9": ["38", "com.google.android.apps.youtube.app.WatchWhileActivity"]}, {"399a6c797533f9fc0229c314bca5ced9": ["38", "com.google.android.apps.youtube.app.WatchWhileActivity"]}, {"399a6c797533f9fc0229c314bca5ced9": ["38", "com.google.android.apps.youtube.app.WatchWhileActivity"]}, {"6d1a4f5e888bb27a598daa01da5c2d4b": ["478", "com.google.android.apps.youtube.app.WatchWhileActivity"]}, {"644c333de1a9efae0407ae75d6589aa8": ["2939", "com.google.android.apps.youtube.app.WatchWhileActivity"]}, {"399a6c797533f9fc0229c314bca5ced9": ["38", "com.google.android.apps.youtube.app.WatchWhileActivity"]}, {"399a6c797533f9fc0229c314bca5ced9": ["38", "com.google.android.apps.youtube.app.WatchWhileActivity"]}, {"399a6c797533f9fc0229c314bca5ced9": ["38", "com.google.android.apps.youtube.app.WatchWhileActivity"]}, {"399a6c797533f9fc0229c314bca5ced9": ["38", "com.google.android.apps.youtube.app.WatchWhileActivity"]}, {"399a6c797533f9fc0229c314bca5ced9": ["38", "com.google.android.apps.youtube.app.WatchWhileActivity"]}, {"399a6c797533f9fc0229c314bca5ced9": ["38", "com.google.android.apps.youtube.app.WatchWhileActivity"]}, {"399a6c797533f9fc0229c314bca5ced9": ["38", "com.google.android.apps.youtube.app.WatchWhileActivity"]}, {"399a6c797533f9fc0229c314bca5ced9": ["38", "com.google.android.apps.youtube.app.WatchWhileActivity"]}, {"399a6c797533f9fc0229c314bca5ced9": ["38", "com.google.android.apps.youtube.app.WatchWhileActivity"]}, {"399a6c797533f9fc0229c314bca5ced9": ["38", "com.google.android.apps.youtube.app.WatchWhileActivity"]}, {"57ba2aee32d8030a10326940a25e5eea": ["389", "com.google.android.apps.youtube.app.WatchWhileActivity"]}, {"399a6c797533f9fc0229c314bca5ced9": ["38", "com.google.android.apps.youtube.app.WatchWhileActivity"]}, {"399a6c797533f9fc0229c314bca5ced9": ["38", "com.google.android.apps.youtube.app.WatchWhileActivity"]}, {"57ba2aee32d8030a10326940a25e5eea": ["389", "com.google.android.apps.youtube.app.WatchWhileActivity"]}, {"020f409f8e4d481b49a0decc60de24c9": ["224", "com.google.android.apps.youtube.app.WatchWhileActivity"]}, {"020f409f8e4d481b49a0decc60de24c9": ["224", "com.google.android.apps.youtube.app.WatchWhileActivity"]}, {"399a6c797533f9fc0229c314bca5ced9": ["38", "com.google.android.apps.youtube.app.WatchWhileActivity"]}, {"399a6c797533f9fc0229c314bca5ced9": ["38", "com.google.android.apps.youtube.app.WatchWhileActivity"]}, {"399a6c797533f9fc0229c314bca5ced9": ["38", "com.google.android.apps.youtube.app.WatchWhileActivity"]}, {"399a6c797533f9fc0229c314bca5ced9": ["38", "com.google.android.apps.youtube.app.WatchWhileActivity"]}, {"020f409f8e4d481b49a0decc60de24c9": ["224", "com.google.android.apps.youtube.app.WatchWhileActivity"]}, {"399a6c797533f9fc0229c314bca5ced9": ["38", "com.google.android.apps.youtube.app.WatchWhileActivity"]}, {"020f409f8e4d481b49a0decc60de24c9": ["224", "com.google.android.apps.youtube.app.WatchWhileActivity"]}, {"399a6c797533f9fc0229c314bca5ced9": ["38", "com.google.android.apps.youtube.app.WatchWhileActivity"]}, {"399a6c797533f9fc0229c314bca5ced9": ["38", "com.google.android.apps.youtube.app.WatchWhileActivity"]}, {"399a6c797533f9fc0229c314bca5ced9": ["38", "com.google.android.apps.youtube.app.WatchWhileActivity"]}, {"399a6c797533f9fc0229c314bca5ced9": ["38", "com.google.android.apps.youtube.app.WatchWhileActivity"]}, {"399a6c797533f9fc0229c314bca5ced9": ["38", "com.google.android.apps.youtube.app.WatchWhileActivity"]}, {"399a6c797533f9fc0229c314bca5ced9": ["38", "com.google.android.apps.youtube.app.WatchWhileActivity"]}, {"399a6c797533f9fc0229c314bca5ced9": ["38", "com.google.android.apps.youtube.app.WatchWhileActivity"]}, {"399a6c797533f9fc0229c314bca5ced9": ["38", "com.google.android.apps.youtube.app.WatchWhileActivity"]}, {"399a6c797533f9fc0229c314bca5ced9": ["38", "com.google.android.apps.youtube.app.WatchWhileActivity"]}, {"399a6c797533f9fc0229c314bca5ced9": ["38", "com.google.android.apps.youtube.app.WatchWhileActivity"]}, {"399a6c797533f9fc0229c314bca5ced9": ["38", "com.google.android.apps.youtube.app.WatchWhileActivity"]}, {"399a6c797533f9fc0229c314bca5ced9": ["38", "com.google.android.apps.youtube.app.WatchWhileActivity"]}, {"dd9ef63eedea5e27b62a17f2283cc1b7": ["220", "com.google.android.apps.youtube.app.WatchWhileActivity"]}, {"dd9ef63eedea5e27b62a17f2283cc1b7": ["220", "com.google.android.apps.youtube.app.WatchWhileActivity"]}, {"6cc08e6383da6894604d2a1b638174c3": ["1828", "com.google.android.apps.youtube.app.WatchWhileActivity"]}, {"6cc08e6383da6894604d2a1b638174c3": ["1828", "com.google.android.apps.youtube.app.WatchWhileActivity"]}, {"6cc08e6383da6894604d2a1b638174c3": ["1828", "com.google.android.apps.youtube.app.WatchWhileActivity"]}, {"5005b33c8a1bfb66556bfe357af1bee6": ["587", "com.google.android.apps.youtube.app.WatchWhileActivity"]}, {"5005b33c8a1bfb66556bfe357af1bee6": ["587", "com.google.android.apps.youtube.app.WatchWhileActivity"]}, {"0945cbffc246cc88925225108eb2768e": ["2940", "com.google.android.apps.youtube.app.WatchWhileActivity"]}, {"2e4e42045c3fbb79209f8decd666e61b": ["2941", "com.google.android.apps.youtube.app.WatchWhileActivity"]}, {"31cf45e3463a580ccf976c8c49b38133": ["2942", "com.google.android.apps.youtube.app.WatchWhileActivity"]}, {"3c0f982606516ed1d012b7ce93d8a49c": ["2943", "com.google.android.apps.youtube.app.WatchWhileActivity"]}, {"747be87ee94c52a8bfd375c8056f6d0d": ["434", "com.google.android.apps.youtube.app.WatchWhileActivity"]}, {"dec2e7eac40a94d4e1abfc68e7f95ebb": ["2944", "com.google.android.apps.youtube.app.WatchWhileActivity"]}, {"dec2e7eac40a94d4e1abfc68e7f95ebb": ["2944", "com.google.android.apps.youtube.app.WatchWhileActivity"]}, {"dec2e7eac40a94d4e1abfc68e7f95ebb": ["2944", "com.google.android.apps.youtube.app.WatchWhileActivity"]}, {"043ef26fdba827536c7ae44b841bec1f": ["2945", "com.google.android.apps.youtube.app.WatchWhileActivity"]}, {"31f12ea585f8371691db6087e781d5d6": ["293", "com.google.android.apps.youtube.app.WatchWhileActivity"]}, {"841707d129ebeeda7c9c5e49f0230c58": ["149", "com.google.android.apps.youtube.app.WatchWhileActivity"]}, {"d282dbeec27ec8ecfb332c73d363a460": ["2946", "com.google.android.apps.youtube.app.WatchWhileActivity"]}, {"d282dbeec27ec8ecfb332c73d363a460": ["2946", "com.google.android.apps.youtube.app.WatchWhileActivity"]}, {"d282dbeec27ec8ecfb332c73d363a460": ["2946", "com.google.android.apps.youtube.app.WatchWhileActivity"]}, {"df29678f2efcf5257a5fec3d025d6b18": ["2947", "com.google.android.apps.youtube.app.WatchWhileActivity"]}, {"df29678f2efcf5257a5fec3d025d6b18": ["2947", "com.google.android.apps.youtube.app.WatchWhileActivity"]}, {"31f12ea585f8371691db6087e781d5d6": ["293", "com.google.android.apps.youtube.app.WatchWhileActivity"]}, {"df29678f2efcf5257a5fec3d025d6b18": ["2947", "com.google.android.apps.youtube.app.WatchWhileActivity"]}, {"faf1d91d54c57a1247b58e96aac8ee38": ["2948", "com.google.android.apps.youtube.app.WatchWhileActivity"]}, {"399a6c797533f9fc0229c314bca5ced9": ["38", "com.google.android.apps.youtube.app.WatchWhileActivity"]}, {"399a6c797533f9fc0229c314bca5ced9": ["38", "com.google.android.apps.youtube.app.WatchWhileActivity"]}, {"399a6c797533f9fc0229c314bca5ced9": ["38", "com.google.android.apps.youtube.app.WatchWhileActivity"]}, {"399a6c797533f9fc0229c314bca5ced9": ["38", "com.google.android.apps.youtube.app.WatchWhileActivity"]}, {"399a6c797533f9fc0229c314bca5ced9": ["38", "com.google.android.apps.youtube.app.WatchWhileActivity"]}, {"399a6c797533f9fc0229c314bca5ced9": ["38", "com.google.android.apps.youtube.app.WatchWhileActivity"]}, {"cf98e3dc9d7b7f9445adba13ebc1badc": ["2949", "com.google.android.apps.youtube.app.WatchWhileActivity"]}, {"0ee8450c5bb298b7bb7019c39ed6ce27": ["21", "com.google.android.apps.youtube.app.WatchWhileActivity"]}, {"cf98e3dc9d7b7f9445adba13ebc1badc": ["2949", "com.google.android.apps.youtube.app.WatchWhileActivity"]}, {"cf98e3dc9d7b7f9445adba13ebc1badc": ["2949", "com.google.android.apps.youtube.app.WatchWhileActivity"]}, {"20a0cf2e58b1e574de72d0646af404ec": ["144", "com.google.android.apps.youtube.app.WatchWhileActivity"]}, {"399a6c797533f9fc0229c314bca5ced9": ["38", "com.google.android.apps.youtube.app.WatchWhileActivity"]}, {"399a6c797533f9fc0229c314bca5ced9": ["38", "com.google.android.apps.youtube.app.WatchWhileActivity"]}, {"399a6c797533f9fc0229c314bca5ced9": ["38", "com.google.android.apps.youtube.app.WatchWhileActivity"]}, {"399a6c797533f9fc0229c314bca5ced9": ["38", "com.google.android.apps.youtube.app.WatchWhileActivity"]}, {"399a6c797533f9fc0229c314bca5ced9": ["38", "com.google.android.apps.youtube.app.WatchWhileActivity"]}, {"399a6c797533f9fc0229c314bca5ced9": ["38", "com.google.android.apps.youtube.app.WatchWhileActivity"]}, {"399a6c797533f9fc0229c314bca5ced9": ["38", "com.google.android.apps.youtube.app.WatchWhileActivity"]}, {"d9feccf364be18075433cd5206483909": ["137", "com.google.android.apps.youtube.app.WatchWhileActivity"]}, {"399a6c797533f9fc0229c314bca5ced9": ["38", "com.google.android.apps.youtube.app.WatchWhileActivity"]}, {"399a6c797533f9fc0229c314bca5ced9": ["38", "com.google.android.apps.youtube.app.WatchWhileActivity"]}, {"399a6c797533f9fc0229c314bca5ced9": ["38", "com.google.android.apps.youtube.app.WatchWhileActivity"]}, {"399a6c797533f9fc0229c314bca5ced9": ["38", "com.google.android.apps.youtube.app.WatchWhileActivity"]}, {"734bee3a678675f517934a61458ed179": ["140", "com.google.android.apps.youtube.app.WatchWhileActivity"]}, {"399a6c797533f9fc0229c314bca5ced9": ["38", "com.google.android.apps.youtube.app.WatchWhileActivity"]}, {"399a6c797533f9fc0229c314bca5ced9": ["38", "com.google.android.apps.youtube.app.WatchWhileActivity"]}, {"399a6c797533f9fc0229c314bca5ced9": ["38", "com.google.android.apps.youtube.app.WatchWhileActivity"]}, {"399a6c797533f9fc0229c314bca5ced9": ["38", "com.google.android.apps.youtube.app.WatchWhileActivity"]}, {"399a6c797533f9fc0229c314bca5ced9": ["38", "com.google.android.apps.youtube.app.WatchWhileActivity"]}, {"399a6c797533f9fc0229c314bca5ced9": ["38", "com.google.android.apps.youtube.app.WatchWhileActivity"]}, {"399a6c797533f9fc0229c314bca5ced9": ["38", "com.google.android.apps.youtube.app.WatchWhileActivity"]}, {"734bee3a678675f517934a61458ed179": ["140", "com.google.android.apps.youtube.app.WatchWhileActivity"]}, {"734bee3a678675f517934a61458ed179": ["140", "com.google.android.apps.youtube.app.WatchWhileActivity"]}, {"399a6c797533f9fc0229c314bca5ced9": ["38", "com.google.android.apps.youtube.app.WatchWhileActivity"]}, {"399a6c797533f9fc0229c314bca5ced9": ["38", "com.google.android.apps.youtube.app.WatchWhileActivity"]}, {"399a6c797533f9fc0229c314bca5ced9": ["38", "com.google.android.apps.youtube.app.WatchWhileActivity"]}, {"399a6c797533f9fc0229c314bca5ced9": ["38", "com.google.android.apps.youtube.app.WatchWhileActivity"]}, {"399a6c797533f9fc0229c314bca5ced9": ["38", "com.google.android.apps.youtube.app.WatchWhileActivity"]}, {"399a6c797533f9fc0229c314bca5ced9": ["38", "com.google.android.apps.youtube.app.WatchWhileActivity"]}, {"399a6c797533f9fc0229c314bca5ced9": ["38", "com.google.android.apps.youtube.app.WatchWhileActivity"]}, {"399a6c797533f9fc0229c314bca5ced9": ["38", "com.google.android.apps.youtube.app.WatchWhileActivity"]}, {"399a6c797533f9fc0229c314bca5ced9": ["38", "com.google.android.apps.youtube.app.WatchWhileActivity"]}, {"399a6c797533f9fc0229c314bca5ced9": ["38", "com.google.android.apps.youtube.app.WatchWhileActivity"]}, {"399a6c797533f9fc0229c314bca5ced9": ["38", "com.google.android.apps.youtube.app.WatchWhileActivity"]}, {"399a6c797533f9fc0229c314bca5ced9": ["38", "com.google.android.apps.youtube.app.WatchWhileActivity"]}, {"104d70e7eaffc2103d6f356c583bc946": ["139", "com.google.android.apps.youtube.app.WatchWhileActivity"]}, {"b5be6e990c60eb52426bc6ae5ca80000": ["155", "com.google.android.apps.youtube.app.WatchWhileActivity"]}, {"399a6c797533f9fc0229c314bca5ced9": ["38", "com.google.android.apps.youtube.app.WatchWhileActivity"]}, {"399a6c797533f9fc0229c314bca5ced9": ["38", "com.google.android.apps.youtube.app.WatchWhileActivity"]}, {"399a6c797533f9fc0229c314bca5ced9": ["38", "com.google.android.apps.youtube.app.WatchWhileActivity"]}, {"399a6c797533f9fc0229c314bca5ced9": ["38", "com.google.android.apps.youtube.app.WatchWhileActivity"]}, {"399a6c797533f9fc0229c314bca5ced9": ["38", "com.google.android.apps.youtube.app.WatchWhileActivity"]}, {"399a6c797533f9fc0229c314bca5ced9": ["38", "com.google.android.apps.youtube.app.WatchWhileActivity"]}, {"399a6c797533f9fc0229c314bca5ced9": ["38", "com.google.android.apps.youtube.app.WatchWhileActivity"]}, {"399a6c797533f9fc0229c314bca5ced9": ["38", "com.google.android.apps.youtube.app.WatchWhileActivity"]}, {"399a6c797533f9fc0229c314bca5ced9": ["38", "com.google.android.apps.youtube.app.WatchWhileActivity"]}, {"d9feccf364be18075433cd5206483909": ["137", "com.google.android.apps.youtube.app.WatchWhileActivity"]}, {"3ded229412526b68f3ce11d114fc89cb": ["138", "com.google.android.apps.youtube.app.WatchWhileActivity"]}, {"399a6c797533f9fc0229c314bca5ced9": ["38", "com.google.android.apps.youtube.app.WatchWhileActivity"]}, {"399a6c797533f9fc0229c314bca5ced9": ["38", "com.google.android.apps.youtube.app.WatchWhileActivity"]}, {"399a6c797533f9fc0229c314bca5ced9": ["38", "com.google.android.apps.youtube.app.WatchWhileActivity"]}, {"399a6c797533f9fc0229c314bca5ced9": ["38", "com.google.android.apps.youtube.app.WatchWhileActivity"]}, {"399a6c797533f9fc0229c314bca5ced9": ["38", "com.google.android.apps.youtube.app.WatchWhileActivity"]}, {"399a6c797533f9fc0229c314bca5ced9": ["38", "com.google.android.apps.youtube.app.WatchWhileActivity"]}, {"399a6c797533f9fc0229c314bca5ced9": ["38", "com.google.android.apps.youtube.app.WatchWhileActivity"]}, {"399a6c797533f9fc0229c314bca5ced9": ["38", "com.google.android.apps.youtube.app.WatchWhileActivity"]}, {"d9feccf364be18075433cd5206483909": ["137", "com.google.android.apps.youtube.app.WatchWhileActivity"]}, {"399a6c797533f9fc0229c314bca5ced9": ["38", "com.google.android.apps.youtube.app.WatchWhileActivity"]}, {"399a6c797533f9fc0229c314bca5ced9": ["38", "com.google.android.apps.youtube.app.WatchWhileActivity"]}, {"399a6c797533f9fc0229c314bca5ced9": ["38", "com.google.android.apps.youtube.app.WatchWhileActivity"]}, {"399a6c797533f9fc0229c314bca5ced9": ["38", "com.google.android.apps.youtube.app.WatchWhileActivity"]}, {"399a6c797533f9fc0229c314bca5ced9": ["38", "com.google.android.apps.youtube.app.WatchWhileActivity"]}, {"399a6c797533f9fc0229c314bca5ced9": ["38", "com.google.android.apps.youtube.app.WatchWhileActivity"]}, {"399a6c797533f9fc0229c314bca5ced9": ["38", "com.google.android.apps.youtube.app.WatchWhileActivity"]}, {"399a6c797533f9fc0229c314bca5ced9": ["38", "com.google.android.apps.youtube.app.WatchWhileActivity"]}, {"399a6c797533f9fc0229c314bca5ced9": ["38", "com.google.android.apps.youtube.app.WatchWhileActivity"]}, {"399a6c797533f9fc0229c314bca5ced9": ["38", "com.google.android.apps.youtube.app.WatchWhileActivity"]}, {"399a6c797533f9fc0229c314bca5ced9": ["38", "com.google.android.apps.youtube.app.WatchWhileActivity"]}, {"399a6c797533f9fc0229c314bca5ced9": ["38", "com.google.android.apps.youtube.app.WatchWhileActivity"]}, {"399a6c797533f9fc0229c314bca5ced9": ["38", "com.google.android.apps.youtube.app.WatchWhileActivity"]}, {"399a6c797533f9fc0229c314bca5ced9": ["38", "com.google.android.apps.youtube.app.WatchWhileActivity"]}, {"399a6c797533f9fc0229c314bca5ced9": ["38", "com.google.android.apps.youtube.app.WatchWhileActivity"]}, {"399a6c797533f9fc0229c314bca5ced9": ["38", "com.google.android.apps.youtube.app.WatchWhileActivity"]}, {"399a6c797533f9fc0229c314bca5ced9": ["38", "com.google.android.apps.youtube.app.WatchWhileActivity"]}, {"399a6c797533f9fc0229c314bca5ced9": ["38", "com.google.android.apps.youtube.app.WatchWhileActivity"]}, {"734bee3a678675f517934a61458ed179": ["140", "com.google.android.apps.youtube.app.WatchWhileActivity"]}, {"4d24e87fe8e987b7f6765ad0c95348c0": ["230", "com.google.android.apps.youtube.app.WatchWhileActivity"]}, {"4d24e87fe8e987b7f6765ad0c95348c0": ["230", "com.google.android.apps.youtube.app.WatchWhileActivity"]}, {"4d24e87fe8e987b7f6765ad0c95348c0": ["230", "com.google.android.apps.youtube.app.WatchWhileActivity"]}, {"4d24e87fe8e987b7f6765ad0c95348c0": ["230", "com.google.android.apps.youtube.app.WatchWhileActivity"]}, {"4d24e87fe8e987b7f6765ad0c95348c0": ["230", "com.google.android.apps.youtube.app.WatchWhileActivity"]}, {"61891e2ddaaa791bd1d9c8c16e8b1f80": ["229", "com.google.android.apps.youtube.app.WatchWhileActivity"]}, {"b5be6e990c60eb52426bc6ae5ca80000": ["155", "com.google.android.apps.youtube.app.WatchWhileActivity"]}, {"61891e2ddaaa791bd1d9c8c16e8b1f80": ["229", "com.google.android.apps.youtube.app.WatchWhileActivity"]}, {"6070146963b049b151e19670cad47517": ["875", "com.google.android.apps.youtube.app.WatchWhileActivity"]}, {"c652c9a2c4dcb1199a3fac4ffb803fec": ["284", "com.google.android.apps.youtube.app.WatchWhileActivity"]}, {"e72589612021879767f12ea22db7f3b4": ["763", "com.google.android.apps.youtube.app.WatchWhileActivity"]}, {"c5c51a7b5b43f3f4e455aaac55a8eceb": ["2525", "com.google.android.apps.youtube.app.WatchWhileActivity"]}, {"afa52861799a72ab36f0f868ea655886": ["305", "com.google.android.apps.youtube.app.WatchWhileActivity"]}, {"afa52861799a72ab36f0f868ea655886": ["305", "com.google.android.apps.youtube.app.WatchWhileActivity"]}, {"afa52861799a72ab36f0f868ea655886": ["305", "com.google.android.apps.youtube.app.WatchWhileActivity"]}, {"d353c80300504ff9f4aaceff55f3ee30": ["2737", "com.google.android.apps.youtube.app.WatchWhileActivity"]}, {"212a4e61e58fd7bee570699812e62234": ["2950", "com.google.android.apps.youtube.app.WatchWhileActivity"]}, {"d353c80300504ff9f4aaceff55f3ee30": ["2737", "com.google.android.apps.youtube.app.WatchWhileActivity"]}, {"afa52861799a72ab36f0f868ea655886": ["305", "com.google.android.apps.youtube.app.WatchWhileActivity"]}, {"399a6c797533f9fc0229c314bca5ced9": ["38", "com.google.android.apps.youtube.app.WatchWhileActivity"]}, {"d9feccf364be18075433cd5206483909": ["137", "com.google.android.apps.youtube.app.WatchWhileActivity"]}, {"734bee3a678675f517934a61458ed179": ["140", "com.google.android.apps.youtube.app.WatchWhileActivity"]}, {"eecd8ad58f4bb266efe757642bc5312f": ["312", "com.google.android.apps.youtube.app.WatchWhileActivity"]}, {"399a6c797533f9fc0229c314bca5ced9": ["38", "com.google.android.apps.youtube.app.WatchWhileActivity"]}, {"399a6c797533f9fc0229c314bca5ced9": ["38", "com.google.android.apps.youtube.app.WatchWhileActivity"]}, {"399a6c797533f9fc0229c314bca5ced9": ["38", "com.google.android.apps.youtube.app.WatchWhileActivity"]}, {"399a6c797533f9fc0229c314bca5ced9": ["38", "com.google.android.apps.youtube.app.WatchWhileActivity"]}, {"399a6c797533f9fc0229c314bca5ced9": ["38", "com.google.android.apps.youtube.app.WatchWhileActivity"]}, {"5106abcbf449f5715e446acdac03e251": ["2951", "com.google.android.apps.youtube.app.WatchWhileActivity"]}, {"399a6c797533f9fc0229c314bca5ced9": ["38", "com.google.android.apps.youtube.app.WatchWhileActivity"]}, {"463d31775dbeade5190c60203fdcda9d": ["1903", "com.google.android.apps.youtube.app.WatchWhileActivity"]}, {"463d31775dbeade5190c60203fdcda9d": ["1903", "com.google.android.apps.youtube.app.WatchWhileActivity"]}, {"463d31775dbeade5190c60203fdcda9d": ["1903", "com.google.android.apps.youtube.app.WatchWhileActivity"]}, {"3a9a5151ac49b989cbc806d254ceaae1": ["776", "com.google.android.apps.youtube.app.WatchWhileActivity"]}, {"0d3a17162f3d5bb3673888dc4ff2087f": ["1859", "com.google.android.apps.youtube.app.WatchWhileActivity"]}, {"3a9a5151ac49b989cbc806d254ceaae1": ["776", "com.google.android.apps.youtube.app.WatchWhileActivity"]}, {"9666f9fa01428dd55cb03e6ebf08d36b": ["1897", "com.google.android.apps.youtube.app.WatchWhileActivity"]}, {"3a9a5151ac49b989cbc806d254ceaae1": ["776", "com.google.android.apps.youtube.app.WatchWhileActivity"]}, {"b5be6e990c60eb52426bc6ae5ca80000": ["155", "com.google.android.apps.youtube.app.WatchWhileActivity"]}, {"3a9a5151ac49b989cbc806d254ceaae1": ["776", "com.google.android.apps.youtube.app.WatchWhileActivity"]}, {"b5be6e990c60eb52426bc6ae5ca80000": ["155", "com.google.android.apps.youtube.app.WatchWhileActivity"]}, {"43067bc8985b2104e4b94b6d528a7f42": ["156", "com.google.android.apps.youtube.app.settings.SettingsActivity"]}, {"a8d97adf761295445e040a2cfdd6a284": ["179", "com.google.android.apps.youtube.app.settings.accessibility.AccessibilitySettingsActivity"]}, {"43067bc8985b2104e4b94b6d528a7f42": ["156", "com.google.android.apps.youtube.app.settings.SettingsActivity"]}, {"43067bc8985b2104e4b94b6d528a7f42": ["156", "com.google.android.apps.youtube.app.settings.SettingsActivity"]}, {"6c71ffbe436ce61c3ffca5ff6ffbd784": ["2952", "com.google.android.apps.youtube.app.WatchWhileActivity"]}, {"399a6c797533f9fc0229c314bca5ced9": ["38", "com.google.android.apps.youtube.app.WatchWhileActivity"]}, {"399a6c797533f9fc0229c314bca5ced9": ["38", "com.google.android.apps.youtube.app.WatchWhileActivity"]}, {"399a6c797533f9fc0229c314bca5ced9": ["38", "com.google.android.apps.youtube.app.WatchWhileActivity"]}, {"6c71ffbe436ce61c3ffca5ff6ffbd784": ["2952", "com.google.android.apps.youtube.app.WatchWhileActivity"]}, {"399a6c797533f9fc0229c314bca5ced9": ["38", "com.google.android.apps.youtube.app.WatchWhileActivity"]}, {"399a6c797533f9fc0229c314bca5ced9": ["38", "com.google.android.apps.youtube.app.WatchWhileActivity"]}, {"6c71ffbe436ce61c3ffca5ff6ffbd784": ["2952", "com.google.android.apps.youtube.app.WatchWhileActivity"]}, {"399a6c797533f9fc0229c314bca5ced9": ["38", "com.google.android.apps.youtube.app.WatchWhileActivity"]}, {"a1ce279347e21dac1c37a353d9838c47": ["2953", "com.google.android.apps.youtube.app.WatchWhileActivity"]}, {"a1ce279347e21dac1c37a353d9838c47": ["2953", "com.google.android.apps.youtube.app.WatchWhileActivity"]}, {"b5be6e990c60eb52426bc6ae5ca80000": ["155", "com.google.android.apps.youtube.app.WatchWhileActivity"]}, {"d9feccf364be18075433cd5206483909": ["137", "com.google.android.apps.youtube.app.WatchWhileActivity"]}, {"399a6c797533f9fc0229c314bca5ced9": ["38", "com.google.android.apps.youtube.app.WatchWhileActivity"]}, {"399a6c797533f9fc0229c314bca5ced9": ["38", "com.google.android.apps.youtube.app.WatchWhileActivity"]}, {"399a6c797533f9fc0229c314bca5ced9": ["38", "com.google.android.apps.youtube.app.WatchWhileActivity"]}, {"399a6c797533f9fc0229c314bca5ced9": ["38", "com.google.android.apps.youtube.app.WatchWhileActivity"]}, {"399a6c797533f9fc0229c314bca5ced9": ["38", "com.google.android.apps.youtube.app.WatchWhileActivity"]}, {"399a6c797533f9fc0229c314bca5ced9": ["38", "com.google.android.apps.youtube.app.WatchWhileActivity"]}, {"399a6c797533f9fc0229c314bca5ced9": ["38", "com.google.android.apps.youtube.app.WatchWhileActivity"]}, {"399a6c797533f9fc0229c314bca5ced9": ["38", "com.google.android.apps.youtube.app.WatchWhileActivity"]}, {"399a6c797533f9fc0229c314bca5ced9": ["38", "com.google.android.apps.youtube.app.WatchWhileActivity"]}, {"104d70e7eaffc2103d6f356c583bc946": ["139", "com.google.android.apps.youtube.app.WatchWhileActivity"]}, {"399a6c797533f9fc0229c314bca5ced9": ["38", "com.google.android.apps.youtube.app.WatchWhileActivity"]}, {"399a6c797533f9fc0229c314bca5ced9": ["38", "com.google.android.apps.youtube.app.WatchWhileActivity"]}, {"399a6c797533f9fc0229c314bca5ced9": ["38", "com.google.android.apps.youtube.app.WatchWhileActivity"]}, {"399a6c797533f9fc0229c314bca5ced9": ["38", "com.google.android.apps.youtube.app.WatchWhileActivity"]}, {"399a6c797533f9fc0229c314bca5ced9": ["38", "com.google.android.apps.youtube.app.WatchWhileActivity"]}, {"399a6c797533f9fc0229c314bca5ced9": ["38", "com.google.android.apps.youtube.app.WatchWhileActivity"]}, {"399a6c797533f9fc0229c314bca5ced9": ["38", "com.google.android.apps.youtube.app.WatchWhileActivity"]}, {"399a6c797533f9fc0229c314bca5ced9": ["38", "com.google.android.apps.youtube.app.WatchWhileActivity"]}, {"399a6c797533f9fc0229c314bca5ced9": ["38", "com.google.android.apps.youtube.app.WatchWhileActivity"]}, {"399a6c797533f9fc0229c314bca5ced9": ["38", "com.google.android.apps.youtube.app.WatchWhileActivity"]}, {"399a6c797533f9fc0229c314bca5ced9": ["38", "com.google.android.apps.youtube.app.WatchWhileActivity"]}, {"399a6c797533f9fc0229c314bca5ced9": ["38", "com.google.android.apps.youtube.app.WatchWhileActivity"]}, {"734bee3a678675f517934a61458ed179": ["140", "com.google.android.apps.youtube.app.WatchWhileActivity"]}, {"3e63ee05b3ca6f9e47be9d61acd2ed87": ["471", "com.google.android.apps.youtube.app.WatchWhileActivity"]}, {"eecd8ad58f4bb266efe757642bc5312f": ["312", "com.google.android.apps.youtube.app.WatchWhileActivity"]}, {"399a6c797533f9fc0229c314bca5ced9": ["38", "com.google.android.apps.youtube.app.WatchWhileActivity"]}, {"399a6c797533f9fc0229c314bca5ced9": ["38", "com.google.android.apps.youtube.app.WatchWhileActivity"]}, {"399a6c797533f9fc0229c314bca5ced9": ["38", "com.google.android.apps.youtube.app.WatchWhileActivity"]}, {"399a6c797533f9fc0229c314bca5ced9": ["38", "com.google.android.apps.youtube.app.WatchWhileActivity"]}, {"5106abcbf449f5715e446acdac03e251": ["2951", "com.google.android.apps.youtube.app.WatchWhileActivity"]}, {"b5be6e990c60eb52426bc6ae5ca80000": ["155", "com.google.android.apps.youtube.app.WatchWhileActivity"]}, {"399a6c797533f9fc0229c314bca5ced9": ["38", "com.google.android.apps.youtube.app.WatchWhileActivity"]}, {"399a6c797533f9fc0229c314bca5ced9": ["38", "com.google.android.apps.youtube.app.WatchWhileActivity"]}, {"399a6c797533f9fc0229c314bca5ced9": ["38", "com.google.android.apps.youtube.app.WatchWhileActivity"]}, {"399a6c797533f9fc0229c314bca5ced9": ["38", "com.google.android.apps.youtube.app.WatchWhileActivity"]}, {"399a6c797533f9fc0229c314bca5ced9": ["38", "com.google.android.apps.youtube.app.WatchWhileActivity"]}, {"399a6c797533f9fc0229c314bca5ced9": ["38", "com.google.android.apps.youtube.app.WatchWhileActivity"]}, {"399a6c797533f9fc0229c314bca5ced9": ["38", "com.google.android.apps.youtube.app.WatchWhileActivity"]}, {"d9feccf364be18075433cd5206483909": ["137", "com.google.android.apps.youtube.app.WatchWhileActivity"]}, {"d9feccf364be18075433cd5206483909": ["137", "com.google.android.apps.youtube.app.WatchWhileActivity"]}, {"399a6c797533f9fc0229c314bca5ced9": ["38", "com.google.android.apps.youtube.app.WatchWhileActivity"]}, {"399a6c797533f9fc0229c314bca5ced9": ["38", "com.google.android.apps.youtube.app.WatchWhileActivity"]}, {"496c48a79383bbfd53e4b74f96415fd4": ["280", "com.google.android.apps.youtube.app.WatchWhileActivity"]}, {"399a6c797533f9fc0229c314bca5ced9": ["38", "com.google.android.apps.youtube.app.WatchWhileActivity"]}, {"399a6c797533f9fc0229c314bca5ced9": ["38", "com.google.android.apps.youtube.app.WatchWhileActivity"]}, {"399a6c797533f9fc0229c314bca5ced9": ["38", "com.google.android.apps.youtube.app.WatchWhileActivity"]}, {"399a6c797533f9fc0229c314bca5ced9": ["38", "com.google.android.apps.youtube.app.WatchWhileActivity"]}, {"d9feccf364be18075433cd5206483909": ["137", "com.google.android.apps.youtube.app.WatchWhileActivity"]}, {"d23ba64c901ec3266a9381daa5db8a3b": ["2781", "com.google.android.apps.youtube.app.WatchWhileActivity"]}, {"1266867eed2fb269d5a4bec585c96a35": ["148", "com.google.android.apps.youtube.app.WatchWhileActivity"]}, {"399a6c797533f9fc0229c314bca5ced9": ["38", "com.google.android.apps.youtube.app.WatchWhileActivity"]}, {"399a6c797533f9fc0229c314bca5ced9": ["38", "com.google.android.apps.youtube.app.WatchWhileActivity"]}, {"7a83df379d2927bc0052cb25c19433da": ["2954", "com.google.android.apps.youtube.app.WatchWhileActivity"]}, {"22db2b97ef6323b159e27a9128df5d3e": ["476", "com.google.android.apps.youtube.app.WatchWhileActivity"]}, {"f2099749bc8b051525b62aca2efd9b8e": ["572", "com.google.android.apps.youtube.app.WatchWhileActivity"]}, {"399a6c797533f9fc0229c314bca5ced9": ["38", "com.google.android.apps.youtube.app.WatchWhileActivity"]}, {"399a6c797533f9fc0229c314bca5ced9": ["38", "com.google.android.apps.youtube.app.WatchWhileActivity"]}, {"4f17b1a020283f8a6c9bdcb37d7311af": ["915", "com.google.android.apps.youtube.app.WatchWhileActivity"]}, {"61891e2ddaaa791bd1d9c8c16e8b1f80": ["229", "com.google.android.apps.youtube.app.WatchWhileActivity"]}, {"0ea327f84ce0c6cfd0d50fec7747a9c3": ["316", "com.google.android.apps.youtube.app.WatchWhileActivity"]}, {"399a6c797533f9fc0229c314bca5ced9": ["38", "com.google.android.apps.youtube.app.WatchWhileActivity"]}, {"399a6c797533f9fc0229c314bca5ced9": ["38", "com.google.android.apps.youtube.app.WatchWhileActivity"]}, {"399a6c797533f9fc0229c314bca5ced9": ["38", "com.google.android.apps.youtube.app.WatchWhileActivity"]}, {"399a6c797533f9fc0229c314bca5ced9": ["38", "com.google.android.apps.youtube.app.WatchWhileActivity"]}, {"399a6c797533f9fc0229c314bca5ced9": ["38", "com.google.android.apps.youtube.app.WatchWhileActivity"]}, {"399a6c797533f9fc0229c314bca5ced9": ["38", "com.google.android.apps.youtube.app.WatchWhileActivity"]}, {"399a6c797533f9fc0229c314bca5ced9": ["38", "com.google.android.apps.youtube.app.WatchWhileActivity"]}, {"0ea327f84ce0c6cfd0d50fec7747a9c3": ["316", "com.google.android.apps.youtube.app.WatchWhileActivity"]}, {"c5c51a7b5b43f3f4e455aaac55a8eceb": ["2525", "com.google.android.apps.youtube.app.WatchWhileActivity"]}, {"399a6c797533f9fc0229c314bca5ced9": ["38", "com.google.android.apps.youtube.app.WatchWhileActivity"]}, {"399a6c797533f9fc0229c314bca5ced9": ["38", "com.google.android.apps.youtube.app.WatchWhileActivity"]}, {"399a6c797533f9fc0229c314bca5ced9": ["38", "com.google.android.apps.youtube.app.WatchWhileActivity"]}, {"399a6c797533f9fc0229c314bca5ced9": ["38", "com.google.android.apps.youtube.app.WatchWhileActivity"]}, {"399a6c797533f9fc0229c314bca5ced9": ["38", "com.google.android.apps.youtube.app.WatchWhileActivity"]}, {"399a6c797533f9fc0229c314bca5ced9": ["38", "com.google.android.apps.youtube.app.WatchWhileActivity"]}, {"399a6c797533f9fc0229c314bca5ced9": ["38", "com.google.android.apps.youtube.app.WatchWhileActivity"]}, {"399a6c797533f9fc0229c314bca5ced9": ["38", "com.google.android.apps.youtube.app.WatchWhileActivity"]}, {"c5c51a7b5b43f3f4e455aaac55a8eceb": ["2525", "com.google.android.apps.youtube.app.WatchWhileActivity"]}, {"afa52861799a72ab36f0f868ea655886": ["305", "com.google.android.apps.youtube.app.WatchWhileActivity"]}, {"afa52861799a72ab36f0f868ea655886": ["305", "com.google.android.apps.youtube.app.WatchWhileActivity"]}, {"afa52861799a72ab36f0f868ea655886": ["305", "com.google.android.apps.youtube.app.WatchWhileActivity"]}, {"dd51116836ddd94d8433843e845d436e": ["2955", "com.google.android.apps.youtube.app.WatchWhileActivity"]}, {"dd51116836ddd94d8433843e845d436e": ["2955", "com.google.android.apps.youtube.app.WatchWhileActivity"]}, {"dd51116836ddd94d8433843e845d436e": ["2955", "com.google.android.apps.youtube.app.WatchWhileActivity"]}, {"d353c80300504ff9f4aaceff55f3ee30": ["2737", "com.google.android.apps.youtube.app.WatchWhileActivity"]}, {"d353c80300504ff9f4aaceff55f3ee30": ["2737", "com.google.android.apps.youtube.app.WatchWhileActivity"]}, {"d353c80300504ff9f4aaceff55f3ee30": ["2737", "com.google.android.apps.youtube.app.WatchWhileActivity"]}, {"399a6c797533f9fc0229c314bca5ced9": ["38", "com.google.android.apps.youtube.app.WatchWhileActivity"]}, {"399a6c797533f9fc0229c314bca5ced9": ["38", "com.google.android.apps.youtube.app.WatchWhileActivity"]}, {"399a6c797533f9fc0229c314bca5ced9": ["38", "com.google.android.apps.youtube.app.WatchWhileActivity"]}, {"399a6c797533f9fc0229c314bca5ced9": ["38", "com.google.android.apps.youtube.app.WatchWhileActivity"]}, {"399a6c797533f9fc0229c314bca5ced9": ["38", "com.google.android.apps.youtube.app.WatchWhileActivity"]}, {"399a6c797533f9fc0229c314bca5ced9": ["38", "com.google.android.apps.youtube.app.WatchWhileActivity"]}, {"399a6c797533f9fc0229c314bca5ced9": ["38", "com.google.android.apps.youtube.app.WatchWhileActivity"]}, {"399a6c797533f9fc0229c314bca5ced9": ["38", "com.google.android.apps.youtube.app.WatchWhileActivity"]}, {"399a6c797533f9fc0229c314bca5ced9": ["38", "com.google.android.apps.youtube.app.WatchWhileActivity"]}, {"399a6c797533f9fc0229c314bca5ced9": ["38", "com.google.android.apps.youtube.app.WatchWhileActivity"]}, {"49452015c1ed126140bcd5d31d0656ef": ["2956", "com.google.android.apps.youtube.app.WatchWhileActivity"]}, {"49452015c1ed126140bcd5d31d0656ef": ["2956", "com.google.android.apps.youtube.app.WatchWhileActivity"]}, {"49452015c1ed126140bcd5d31d0656ef": ["2956", "com.google.android.apps.youtube.app.WatchWhileActivity"]}, {"87dbdba794d29126a6f4fb0b80d3fd70": ["2957", "com.google.android.apps.youtube.app.WatchWhileActivity"]}, {"8293f1a4b42b6495300b0fad2cbb9b2e": ["2958", "com.google.android.apps.youtube.app.WatchWhileActivity"]}]