[{"39be9ff9b6fd3a37e64a8e4d83c85891": ["5", "org.jtb.alogcat.LogActivity"]}, {"a0e2b2d4f7a89c58ba223acb4fb4b758": ["9", "org.jtb.alogcat.LogActivity"]}, {"b61ec79352049b785714d494c6bf9e1d": ["0", "org.jtb.alogcat.LogActivity"]}, {"f572063c04cdeb4020465a66a951c094": ["12", "org.jtb.alogcat.LogActivity"]}, {"af4b0a182149d1cdf913860034223343": ["18", "org.jtb.alogcat.LogActivity"]}, {"af4b0a182149d1cdf913860034223343": ["18", "org.jtb.alogcat.LogActivity"]}, {"b61ec79352049b785714d494c6bf9e1d": ["0", "org.jtb.alogcat.LogActivity"]}, {"fc49c6fd6506aa1916e5f948da777996": ["1", "org.jtb.alogcat.PrefsActivity"]}, {"423b9ded68d0141aafab8bae247118cc": ["3", "org.jtb.alogcat.PrefsActivity"]}, {"fc49c6fd6506aa1916e5f948da777996": ["1", "org.jtb.alogcat.PrefsActivity"]}, {"fc49c6fd6506aa1916e5f948da777996": ["1", "org.jtb.alogcat.PrefsActivity"]}, {"d9e85a52319eb7901bef0aa256f4a8f2": ["2", "org.jtb.alogcat.PrefsActivity"]}, {"fc49c6fd6506aa1916e5f948da777996": ["1", "org.jtb.alogcat.PrefsActivity"]}, {"fc49c6fd6506aa1916e5f948da777996": ["1", "org.jtb.alogcat.PrefsActivity"]}, {"fc49c6fd6506aa1916e5f948da777996": ["1", "org.jtb.alogcat.PrefsActivity"]}, {"fc49c6fd6506aa1916e5f948da777996": ["1", "org.jtb.alogcat.PrefsActivity"]}, {"fc49c6fd6506aa1916e5f948da777996": ["1", "org.jtb.alogcat.PrefsActivity"]}, {"423b9ded68d0141aafab8bae247118cc": ["3", "org.jtb.alogcat.PrefsActivity"]}, {"fc49c6fd6506aa1916e5f948da777996": ["1", "org.jtb.alogcat.PrefsActivity"]}, {"fc49c6fd6506aa1916e5f948da777996": ["1", "org.jtb.alogcat.PrefsActivity"]}, {"fc49c6fd6506aa1916e5f948da777996": ["1", "org.jtb.alogcat.PrefsActivity"]}, {"d9e85a52319eb7901bef0aa256f4a8f2": ["2", "org.jtb.alogcat.PrefsActivity"]}, {"fc49c6fd6506aa1916e5f948da777996": ["1", "org.jtb.alogcat.PrefsActivity"]}, {"423b9ded68d0141aafab8bae247118cc": ["3", "org.jtb.alogcat.PrefsActivity"]}, {"fc49c6fd6506aa1916e5f948da777996": ["1", "org.jtb.alogcat.PrefsActivity"]}, {"423b9ded68d0141aafab8bae247118cc": ["3", "org.jtb.alogcat.PrefsActivity"]}, {"fc49c6fd6506aa1916e5f948da777996": ["1", "org.jtb.alogcat.PrefsActivity"]}, {"fc49c6fd6506aa1916e5f948da777996": ["1", "org.jtb.alogcat.PrefsActivity"]}, {"fc49c6fd6506aa1916e5f948da777996": ["1", "org.jtb.alogcat.PrefsActivity"]}, {"423b9ded68d0141aafab8bae247118cc": ["3", "org.jtb.alogcat.PrefsActivity"]}, {"fc49c6fd6506aa1916e5f948da777996": ["1", "org.jtb.alogcat.PrefsActivity"]}, {"fc49c6fd6506aa1916e5f948da777996": ["1", "org.jtb.alogcat.PrefsActivity"]}, {"423b9ded68d0141aafab8bae247118cc": ["3", "org.jtb.alogcat.PrefsActivity"]}, {"fc49c6fd6506aa1916e5f948da777996": ["1", "org.jtb.alogcat.PrefsActivity"]}, {"fc49c6fd6506aa1916e5f948da777996": ["1", "org.jtb.alogcat.PrefsActivity"]}, {"d9e85a52319eb7901bef0aa256f4a8f2": ["2", "org.jtb.alogcat.PrefsActivity"]}, {"fc49c6fd6506aa1916e5f948da777996": ["1", "org.jtb.alogcat.PrefsActivity"]}, {"fc49c6fd6506aa1916e5f948da777996": ["1", "org.jtb.alogcat.PrefsActivity"]}, {"fc49c6fd6506aa1916e5f948da777996": ["1", "org.jtb.alogcat.PrefsActivity"]}, {"9a52009c0095f55c10824dc106b8f9cf": ["20", "org.jtb.alogcat.LogActivity"]}, {"a1cadff68941d3f0a94bc15c2e9a99d3": ["15", "org.jtb.alogcat.LogActivity"]}, {"a1cadff68941d3f0a94bc15c2e9a99d3": ["15", "org.jtb.alogcat.LogActivity"]}, {"6b932d3142d76b2b8ab0965444388582": ["6", "org.jtb.alogcat.LogActivity"]}, {"a1cadff68941d3f0a94bc15c2e9a99d3": ["15", "org.jtb.alogcat.LogActivity"]}, {"d1b39f938e8538528a0f5ec4f773a61f": ["14", "org.jtb.alogcat.LogActivity"]}, {"d1b39f938e8538528a0f5ec4f773a61f": ["14", "org.jtb.alogcat.LogActivity"]}, {"27e7108492e8f0e12bf105261cb06ad1": ["7", "org.jtb.alogcat.LogActivity"]}, {"d1b39f938e8538528a0f5ec4f773a61f": ["14", "org.jtb.alogcat.LogActivity"]}, {"41d28a738f6ba3480331fbee554fb09f": ["29", "org.jtb.alogcat.LogActivity"]}, {"b61ec79352049b785714d494c6bf9e1d": ["0", "org.jtb.alogcat.LogActivity"]}, {"b61ec79352049b785714d494c6bf9e1d": ["0", "org.jtb.alogcat.LogActivity"]}, {"27e7108492e8f0e12bf105261cb06ad1": ["7", "org.jtb.alogcat.LogActivity"]}, {"b61ec79352049b785714d494c6bf9e1d": ["0", "org.jtb.alogcat.LogActivity"]}, {"a1cadff68941d3f0a94bc15c2e9a99d3": ["15", "org.jtb.alogcat.LogActivity"]}, {"6b932d3142d76b2b8ab0965444388582": ["6", "org.jtb.alogcat.LogActivity"]}, {"9a52009c0095f55c10824dc106b8f9cf": ["20", "org.jtb.alogcat.LogActivity"]}, {"a1cadff68941d3f0a94bc15c2e9a99d3": ["15", "org.jtb.alogcat.LogActivity"]}, {"a1cadff68941d3f0a94bc15c2e9a99d3": ["15", "org.jtb.alogcat.LogActivity"]}, {"27e7108492e8f0e12bf105261cb06ad1": ["7", "org.jtb.alogcat.LogActivity"]}, {"27e7108492e8f0e12bf105261cb06ad1": ["7", "org.jtb.alogcat.LogActivity"]}, {"b61ec79352049b785714d494c6bf9e1d": ["0", "org.jtb.alogcat.LogActivity"]}, {"fc49c6fd6506aa1916e5f948da777996": ["1", "org.jtb.alogcat.PrefsActivity"]}, {"fc49c6fd6506aa1916e5f948da777996": ["1", "org.jtb.alogcat.PrefsActivity"]}, {"d9e85a52319eb7901bef0aa256f4a8f2": ["2", "org.jtb.alogcat.PrefsActivity"]}, {"fc49c6fd6506aa1916e5f948da777996": ["1", "org.jtb.alogcat.PrefsActivity"]}, {"423b9ded68d0141aafab8bae247118cc": ["3", "org.jtb.alogcat.PrefsActivity"]}, {"fc49c6fd6506aa1916e5f948da777996": ["1", "org.jtb.alogcat.PrefsActivity"]}, {"6408f226e1777a6f9745a78f263ac789": ["4", "org.jtb.alogcat.PrefsActivity"]}, {"fc49c6fd6506aa1916e5f948da777996": ["1", "org.jtb.alogcat.PrefsActivity"]}, {"423b9ded68d0141aafab8bae247118cc": ["3", "org.jtb.alogcat.PrefsActivity"]}, {"fc49c6fd6506aa1916e5f948da777996": ["1", "org.jtb.alogcat.PrefsActivity"]}, {"d9e85a52319eb7901bef0aa256f4a8f2": ["2", "org.jtb.alogcat.PrefsActivity"]}, {"fc49c6fd6506aa1916e5f948da777996": ["1", "org.jtb.alogcat.PrefsActivity"]}, {"fc49c6fd6506aa1916e5f948da777996": ["1", "org.jtb.alogcat.PrefsActivity"]}, {"423b9ded68d0141aafab8bae247118cc": ["3", "org.jtb.alogcat.PrefsActivity"]}, {"fc49c6fd6506aa1916e5f948da777996": ["1", "org.jtb.alogcat.PrefsActivity"]}, {"fc49c6fd6506aa1916e5f948da777996": ["1", "org.jtb.alogcat.PrefsActivity"]}, {"fc49c6fd6506aa1916e5f948da777996": ["1", "org.jtb.alogcat.PrefsActivity"]}, {"423b9ded68d0141aafab8bae247118cc": ["3", "org.jtb.alogcat.PrefsActivity"]}, {"fc49c6fd6506aa1916e5f948da777996": ["1", "org.jtb.alogcat.PrefsActivity"]}, {"fc49c6fd6506aa1916e5f948da777996": ["1", "org.jtb.alogcat.PrefsActivity"]}, {"fc49c6fd6506aa1916e5f948da777996": ["1", "org.jtb.alogcat.PrefsActivity"]}, {"fc49c6fd6506aa1916e5f948da777996": ["1", "org.jtb.alogcat.PrefsActivity"]}, {"423b9ded68d0141aafab8bae247118cc": ["3", "org.jtb.alogcat.PrefsActivity"]}, {"fc49c6fd6506aa1916e5f948da777996": ["1", "org.jtb.alogcat.PrefsActivity"]}, {"fc49c6fd6506aa1916e5f948da777996": ["1", "org.jtb.alogcat.PrefsActivity"]}, {"6408f226e1777a6f9745a78f263ac789": ["4", "org.jtb.alogcat.PrefsActivity"]}, {"fc49c6fd6506aa1916e5f948da777996": ["1", "org.jtb.alogcat.PrefsActivity"]}, {"fc49c6fd6506aa1916e5f948da777996": ["1", "org.jtb.alogcat.PrefsActivity"]}, {"fc49c6fd6506aa1916e5f948da777996": ["1", "org.jtb.alogcat.PrefsActivity"]}, {"423b9ded68d0141aafab8bae247118cc": ["3", "org.jtb.alogcat.PrefsActivity"]}, {"fc49c6fd6506aa1916e5f948da777996": ["1", "org.jtb.alogcat.PrefsActivity"]}, {"423b9ded68d0141aafab8bae247118cc": ["3", "org.jtb.alogcat.PrefsActivity"]}, {"fc49c6fd6506aa1916e5f948da777996": ["1", "org.jtb.alogcat.PrefsActivity"]}, {"fc49c6fd6506aa1916e5f948da777996": ["1", "org.jtb.alogcat.PrefsActivity"]}, {"d9e85a52319eb7901bef0aa256f4a8f2": ["2", "org.jtb.alogcat.PrefsActivity"]}, {"fc49c6fd6506aa1916e5f948da777996": ["1", "org.jtb.alogcat.PrefsActivity"]}, {"d9e85a52319eb7901bef0aa256f4a8f2": ["2", "org.jtb.alogcat.PrefsActivity"]}, {"fc49c6fd6506aa1916e5f948da777996": ["1", "org.jtb.alogcat.PrefsActivity"]}, {"423b9ded68d0141aafab8bae247118cc": ["3", "org.jtb.alogcat.PrefsActivity"]}, {"fc49c6fd6506aa1916e5f948da777996": ["1", "org.jtb.alogcat.PrefsActivity"]}, {"fc49c6fd6506aa1916e5f948da777996": ["1", "org.jtb.alogcat.PrefsActivity"]}, {"6408f226e1777a6f9745a78f263ac789": ["4", "org.jtb.alogcat.PrefsActivity"]}, {"fc49c6fd6506aa1916e5f948da777996": ["1", "org.jtb.alogcat.PrefsActivity"]}, {"fc49c6fd6506aa1916e5f948da777996": ["1", "org.jtb.alogcat.PrefsActivity"]}, {"6408f226e1777a6f9745a78f263ac789": ["4", "org.jtb.alogcat.PrefsActivity"]}, {"fc49c6fd6506aa1916e5f948da777996": ["1", "org.jtb.alogcat.PrefsActivity"]}, {"fc49c6fd6506aa1916e5f948da777996": ["1", "org.jtb.alogcat.PrefsActivity"]}, {"7de14a47bfa0e8dea4a60f0483131a4a": ["16", "org.jtb.alogcat.LogActivity"]}, {"7de14a47bfa0e8dea4a60f0483131a4a": ["16", "org.jtb.alogcat.LogActivity"]}, {"7de14a47bfa0e8dea4a60f0483131a4a": ["16", "org.jtb.alogcat.LogActivity"]}, {"7de14a47bfa0e8dea4a60f0483131a4a": ["16", "org.jtb.alogcat.LogActivity"]}, {"b61ec79352049b785714d494c6bf9e1d": ["0", "org.jtb.alogcat.LogActivity"]}, {"7de14a47bfa0e8dea4a60f0483131a4a": ["16", "org.jtb.alogcat.LogActivity"]}, {"7de14a47bfa0e8dea4a60f0483131a4a": ["16", "org.jtb.alogcat.LogActivity"]}, {"b61ec79352049b785714d494c6bf9e1d": ["0", "org.jtb.alogcat.LogActivity"]}, {"7de14a47bfa0e8dea4a60f0483131a4a": ["16", "org.jtb.alogcat.LogActivity"]}, {"7de14a47bfa0e8dea4a60f0483131a4a": ["16", "org.jtb.alogcat.LogActivity"]}, {"7de14a47bfa0e8dea4a60f0483131a4a": ["16", "org.jtb.alogcat.LogActivity"]}, {"7de14a47bfa0e8dea4a60f0483131a4a": ["16", "org.jtb.alogcat.LogActivity"]}, {"7de14a47bfa0e8dea4a60f0483131a4a": ["16", "org.jtb.alogcat.LogActivity"]}, {"7de14a47bfa0e8dea4a60f0483131a4a": ["16", "org.jtb.alogcat.LogActivity"]}, {"7de14a47bfa0e8dea4a60f0483131a4a": ["16", "org.jtb.alogcat.LogActivity"]}, {"7de14a47bfa0e8dea4a60f0483131a4a": ["16", "org.jtb.alogcat.LogActivity"]}, {"7de14a47bfa0e8dea4a60f0483131a4a": ["16", "org.jtb.alogcat.LogActivity"]}, {"7de14a47bfa0e8dea4a60f0483131a4a": ["16", "org.jtb.alogcat.LogActivity"]}, {"7de14a47bfa0e8dea4a60f0483131a4a": ["16", "org.jtb.alogcat.LogActivity"]}, {"7de14a47bfa0e8dea4a60f0483131a4a": ["16", "org.jtb.alogcat.LogActivity"]}, {"7de14a47bfa0e8dea4a60f0483131a4a": ["16", "org.jtb.alogcat.LogActivity"]}, {"7de14a47bfa0e8dea4a60f0483131a4a": ["16", "org.jtb.alogcat.LogActivity"]}, {"7de14a47bfa0e8dea4a60f0483131a4a": ["16", "org.jtb.alogcat.LogActivity"]}, {"7de14a47bfa0e8dea4a60f0483131a4a": ["16", "org.jtb.alogcat.LogActivity"]}, {"7de14a47bfa0e8dea4a60f0483131a4a": ["16", "org.jtb.alogcat.LogActivity"]}, {"7de14a47bfa0e8dea4a60f0483131a4a": ["16", "org.jtb.alogcat.LogActivity"]}, {"7de14a47bfa0e8dea4a60f0483131a4a": ["16", "org.jtb.alogcat.LogActivity"]}, {"7de14a47bfa0e8dea4a60f0483131a4a": ["16", "org.jtb.alogcat.LogActivity"]}, {"7de14a47bfa0e8dea4a60f0483131a4a": ["16", "org.jtb.alogcat.LogActivity"]}, {"7de14a47bfa0e8dea4a60f0483131a4a": ["16", "org.jtb.alogcat.LogActivity"]}, {"7de14a47bfa0e8dea4a60f0483131a4a": ["16", "org.jtb.alogcat.LogActivity"]}, {"7de14a47bfa0e8dea4a60f0483131a4a": ["16", "org.jtb.alogcat.LogActivity"]}, {"7de14a47bfa0e8dea4a60f0483131a4a": ["16", "org.jtb.alogcat.LogActivity"]}, {"7de14a47bfa0e8dea4a60f0483131a4a": ["16", "org.jtb.alogcat.LogActivity"]}, {"7de14a47bfa0e8dea4a60f0483131a4a": ["16", "org.jtb.alogcat.LogActivity"]}, {"7de14a47bfa0e8dea4a60f0483131a4a": ["16", "org.jtb.alogcat.LogActivity"]}, {"b61ec79352049b785714d494c6bf9e1d": ["0", "org.jtb.alogcat.LogActivity"]}, {"7de14a47bfa0e8dea4a60f0483131a4a": ["16", "org.jtb.alogcat.LogActivity"]}, {"7de14a47bfa0e8dea4a60f0483131a4a": ["16", "org.jtb.alogcat.LogActivity"]}, {"7de14a47bfa0e8dea4a60f0483131a4a": ["16", "org.jtb.alogcat.LogActivity"]}, {"7de14a47bfa0e8dea4a60f0483131a4a": ["16", "org.jtb.alogcat.LogActivity"]}, {"7de14a47bfa0e8dea4a60f0483131a4a": ["16", "org.jtb.alogcat.LogActivity"]}, {"7de14a47bfa0e8dea4a60f0483131a4a": ["16", "org.jtb.alogcat.LogActivity"]}, {"7de14a47bfa0e8dea4a60f0483131a4a": ["16", "org.jtb.alogcat.LogActivity"]}, {"7de14a47bfa0e8dea4a60f0483131a4a": ["16", "org.jtb.alogcat.LogActivity"]}, {"7de14a47bfa0e8dea4a60f0483131a4a": ["16", "org.jtb.alogcat.LogActivity"]}, {"7de14a47bfa0e8dea4a60f0483131a4a": ["16", "org.jtb.alogcat.LogActivity"]}, {"7de14a47bfa0e8dea4a60f0483131a4a": ["16", "org.jtb.alogcat.LogActivity"]}, {"7de14a47bfa0e8dea4a60f0483131a4a": ["16", "org.jtb.alogcat.LogActivity"]}, {"7de14a47bfa0e8dea4a60f0483131a4a": ["16", "org.jtb.alogcat.LogActivity"]}, {"7de14a47bfa0e8dea4a60f0483131a4a": ["16", "org.jtb.alogcat.LogActivity"]}, {"7de14a47bfa0e8dea4a60f0483131a4a": ["16", "org.jtb.alogcat.LogActivity"]}, {"7de14a47bfa0e8dea4a60f0483131a4a": ["16", "org.jtb.alogcat.LogActivity"]}, {"7de14a47bfa0e8dea4a60f0483131a4a": ["16", "org.jtb.alogcat.LogActivity"]}, {"7de14a47bfa0e8dea4a60f0483131a4a": ["16", "org.jtb.alogcat.LogActivity"]}, {"7de14a47bfa0e8dea4a60f0483131a4a": ["16", "org.jtb.alogcat.LogActivity"]}, {"7de14a47bfa0e8dea4a60f0483131a4a": ["16", "org.jtb.alogcat.LogActivity"]}, {"7de14a47bfa0e8dea4a60f0483131a4a": ["16", "org.jtb.alogcat.LogActivity"]}, {"7de14a47bfa0e8dea4a60f0483131a4a": ["16", "org.jtb.alogcat.LogActivity"]}, {"b61ec79352049b785714d494c6bf9e1d": ["0", "org.jtb.alogcat.LogActivity"]}, {"fc49c6fd6506aa1916e5f948da777996": ["1", "org.jtb.alogcat.PrefsActivity"]}, {"423b9ded68d0141aafab8bae247118cc": ["3", "org.jtb.alogcat.PrefsActivity"]}, {"fc49c6fd6506aa1916e5f948da777996": ["1", "org.jtb.alogcat.PrefsActivity"]}, {"6408f226e1777a6f9745a78f263ac789": ["4", "org.jtb.alogcat.PrefsActivity"]}, {"fc49c6fd6506aa1916e5f948da777996": ["1", "org.jtb.alogcat.PrefsActivity"]}, {"fc49c6fd6506aa1916e5f948da777996": ["1", "org.jtb.alogcat.PrefsActivity"]}, {"6408f226e1777a6f9745a78f263ac789": ["4", "org.jtb.alogcat.PrefsActivity"]}, {"fc49c6fd6506aa1916e5f948da777996": ["1", "org.jtb.alogcat.PrefsActivity"]}, {"7de14a47bfa0e8dea4a60f0483131a4a": ["16", "org.jtb.alogcat.LogActivity"]}, {"7de14a47bfa0e8dea4a60f0483131a4a": ["16", "org.jtb.alogcat.LogActivity"]}, {"b61ec79352049b785714d494c6bf9e1d": ["0", "org.jtb.alogcat.LogActivity"]}, {"7de14a47bfa0e8dea4a60f0483131a4a": ["16", "org.jtb.alogcat.LogActivity"]}, {"7de14a47bfa0e8dea4a60f0483131a4a": ["16", "org.jtb.alogcat.LogActivity"]}, {"7de14a47bfa0e8dea4a60f0483131a4a": ["16", "org.jtb.alogcat.LogActivity"]}, {"7de14a47bfa0e8dea4a60f0483131a4a": ["16", "org.jtb.alogcat.LogActivity"]}, {"7de14a47bfa0e8dea4a60f0483131a4a": ["16", "org.jtb.alogcat.LogActivity"]}, {"b61ec79352049b785714d494c6bf9e1d": ["0", "org.jtb.alogcat.LogActivity"]}, {"7de14a47bfa0e8dea4a60f0483131a4a": ["16", "org.jtb.alogcat.LogActivity"]}, {"7de14a47bfa0e8dea4a60f0483131a4a": ["16", "org.jtb.alogcat.LogActivity"]}, {"b61ec79352049b785714d494c6bf9e1d": ["0", "org.jtb.alogcat.LogActivity"]}, {"7de14a47bfa0e8dea4a60f0483131a4a": ["16", "org.jtb.alogcat.LogActivity"]}, {"7de14a47bfa0e8dea4a60f0483131a4a": ["16", "org.jtb.alogcat.LogActivity"]}, {"b61ec79352049b785714d494c6bf9e1d": ["0", "org.jtb.alogcat.LogActivity"]}, {"fc49c6fd6506aa1916e5f948da777996": ["1", "org.jtb.alogcat.PrefsActivity"]}, {"423b9ded68d0141aafab8bae247118cc": ["3", "org.jtb.alogcat.PrefsActivity"]}, {"fc49c6fd6506aa1916e5f948da777996": ["1", "org.jtb.alogcat.PrefsActivity"]}, {"fc49c6fd6506aa1916e5f948da777996": ["1", "org.jtb.alogcat.PrefsActivity"]}, {"d9e85a52319eb7901bef0aa256f4a8f2": ["2", "org.jtb.alogcat.PrefsActivity"]}, {"fc49c6fd6506aa1916e5f948da777996": ["1", "org.jtb.alogcat.PrefsActivity"]}, {"423b9ded68d0141aafab8bae247118cc": ["3", "org.jtb.alogcat.PrefsActivity"]}, {"fc49c6fd6506aa1916e5f948da777996": ["1", "org.jtb.alogcat.PrefsActivity"]}, {"fc49c6fd6506aa1916e5f948da777996": ["1", "org.jtb.alogcat.PrefsActivity"]}, {"fc49c6fd6506aa1916e5f948da777996": ["1", "org.jtb.alogcat.PrefsActivity"]}, {"423b9ded68d0141aafab8bae247118cc": ["3", "org.jtb.alogcat.PrefsActivity"]}, {"fc49c6fd6506aa1916e5f948da777996": ["1", "org.jtb.alogcat.PrefsActivity"]}, {"423b9ded68d0141aafab8bae247118cc": ["3", "org.jtb.alogcat.PrefsActivity"]}, {"fc49c6fd6506aa1916e5f948da777996": ["1", "org.jtb.alogcat.PrefsActivity"]}, {"fc49c6fd6506aa1916e5f948da777996": ["1", "org.jtb.alogcat.PrefsActivity"]}, {"423b9ded68d0141aafab8bae247118cc": ["3", "org.jtb.alogcat.PrefsActivity"]}, {"fc49c6fd6506aa1916e5f948da777996": ["1", "org.jtb.alogcat.PrefsActivity"]}, {"423b9ded68d0141aafab8bae247118cc": ["3", "org.jtb.alogcat.PrefsActivity"]}, {"fc49c6fd6506aa1916e5f948da777996": ["1", "org.jtb.alogcat.PrefsActivity"]}, {"423b9ded68d0141aafab8bae247118cc": ["3", "org.jtb.alogcat.PrefsActivity"]}, {"fc49c6fd6506aa1916e5f948da777996": ["1", "org.jtb.alogcat.PrefsActivity"]}, {"fc49c6fd6506aa1916e5f948da777996": ["1", "org.jtb.alogcat.PrefsActivity"]}, {"6408f226e1777a6f9745a78f263ac789": ["4", "org.jtb.alogcat.PrefsActivity"]}, {"fc49c6fd6506aa1916e5f948da777996": ["1", "org.jtb.alogcat.PrefsActivity"]}, {"fc49c6fd6506aa1916e5f948da777996": ["1", "org.jtb.alogcat.PrefsActivity"]}, {"fc49c6fd6506aa1916e5f948da777996": ["1", "org.jtb.alogcat.PrefsActivity"]}, {"fc49c6fd6506aa1916e5f948da777996": ["1", "org.jtb.alogcat.PrefsActivity"]}, {"fc49c6fd6506aa1916e5f948da777996": ["1", "org.jtb.alogcat.PrefsActivity"]}, {"423b9ded68d0141aafab8bae247118cc": ["3", "org.jtb.alogcat.PrefsActivity"]}, {"fc49c6fd6506aa1916e5f948da777996": ["1", "org.jtb.alogcat.PrefsActivity"]}, {"6408f226e1777a6f9745a78f263ac789": ["4", "org.jtb.alogcat.PrefsActivity"]}, {"fc49c6fd6506aa1916e5f948da777996": ["1", "org.jtb.alogcat.PrefsActivity"]}, {"6408f226e1777a6f9745a78f263ac789": ["4", "org.jtb.alogcat.PrefsActivity"]}, {"fc49c6fd6506aa1916e5f948da777996": ["1", "org.jtb.alogcat.PrefsActivity"]}, {"6408f226e1777a6f9745a78f263ac789": ["4", "org.jtb.alogcat.PrefsActivity"]}, {"fc49c6fd6506aa1916e5f948da777996": ["1", "org.jtb.alogcat.PrefsActivity"]}, {"fc49c6fd6506aa1916e5f948da777996": ["1", "org.jtb.alogcat.PrefsActivity"]}, {"fc49c6fd6506aa1916e5f948da777996": ["1", "org.jtb.alogcat.PrefsActivity"]}, {"423b9ded68d0141aafab8bae247118cc": ["3", "org.jtb.alogcat.PrefsActivity"]}, {"fc49c6fd6506aa1916e5f948da777996": ["1", "org.jtb.alogcat.PrefsActivity"]}, {"d9e85a52319eb7901bef0aa256f4a8f2": ["2", "org.jtb.alogcat.PrefsActivity"]}, {"fc49c6fd6506aa1916e5f948da777996": ["1", "org.jtb.alogcat.PrefsActivity"]}, {"423b9ded68d0141aafab8bae247118cc": ["3", "org.jtb.alogcat.PrefsActivity"]}, {"7de14a47bfa0e8dea4a60f0483131a4a": ["16", "org.jtb.alogcat.LogActivity"]}, {"f13f3e4c525b74807ad7e5d1d00c92a5": ["48", "org.jtb.alogcat.LogActivity"]}, {"3d218ff352344300c727f8d88cf384f8": ["49", "org.jtb.alogcat.LogActivity"]}, {"a3a16d24cc514f5167394d42db9edf26": ["50", "org.jtb.alogcat.LogActivity"]}, {"b61ec79352049b785714d494c6bf9e1d": ["0", "org.jtb.alogcat.LogActivity"]}, {"4016484ae4f03507de460f6ae3a2c479": ["43", "org.jtb.alogcat.LogActivity"]}, {"a3a16d24cc514f5167394d42db9edf26": ["50", "org.jtb.alogcat.LogActivity"]}, {"a0e2b2d4f7a89c58ba223acb4fb4b758": ["9", "org.jtb.alogcat.LogActivity"]}, {"6f7ee5b66e9e5b88b81174603696d040": ["38", "org.jtb.alogcat.LogActivity"]}, {"a0e2b2d4f7a89c58ba223acb4fb4b758": ["9", "org.jtb.alogcat.LogActivity"]}, {"b61ec79352049b785714d494c6bf9e1d": ["0", "org.jtb.alogcat.LogActivity"]}, {"5b7b9970d7921678db8488ddfd9081eb": ["19", "org.jtb.alogcat.LogActivity"]}, {"4016484ae4f03507de460f6ae3a2c479": ["43", "org.jtb.alogcat.LogActivity"]}, {"4016484ae4f03507de460f6ae3a2c479": ["43", "org.jtb.alogcat.LogActivity"]}, {"4016484ae4f03507de460f6ae3a2c479": ["43", "org.jtb.alogcat.LogActivity"]}, {"a0e2b2d4f7a89c58ba223acb4fb4b758": ["9", "org.jtb.alogcat.LogActivity"]}, {"a0e2b2d4f7a89c58ba223acb4fb4b758": ["9", "org.jtb.alogcat.LogActivity"]}, {"a0e2b2d4f7a89c58ba223acb4fb4b758": ["9", "org.jtb.alogcat.LogActivity"]}, {"815fc9138faac8fe2b37e2bd1b3c91ea": ["39", "org.jtb.alogcat.LogActivity"]}, {"4016484ae4f03507de460f6ae3a2c479": ["43", "org.jtb.alogcat.LogActivity"]}, {"a0e2b2d4f7a89c58ba223acb4fb4b758": ["9", "org.jtb.alogcat.LogActivity"]}, {"2fe3fb487ee2eb8cf90ebc7941b4d826": ["51", "org.jtb.alogcat.LogActivity"]}, {"4016484ae4f03507de460f6ae3a2c479": ["43", "org.jtb.alogcat.LogActivity"]}, {"4016484ae4f03507de460f6ae3a2c479": ["43", "org.jtb.alogcat.LogActivity"]}, {"5b7b9970d7921678db8488ddfd9081eb": ["19", "org.jtb.alogcat.LogActivity"]}, {"f13f3e4c525b74807ad7e5d1d00c92a5": ["48", "org.jtb.alogcat.LogActivity"]}, {"a0e2b2d4f7a89c58ba223acb4fb4b758": ["9", "org.jtb.alogcat.LogActivity"]}, {"a0e2b2d4f7a89c58ba223acb4fb4b758": ["9", "org.jtb.alogcat.LogActivity"]}, {"3d218ff352344300c727f8d88cf384f8": ["49", "org.jtb.alogcat.LogActivity"]}, {"2fe3fb487ee2eb8cf90ebc7941b4d826": ["51", "org.jtb.alogcat.LogActivity"]}, {"b61ec79352049b785714d494c6bf9e1d": ["0", "org.jtb.alogcat.LogActivity"]}, {"b61ec79352049b785714d494c6bf9e1d": ["0", "org.jtb.alogcat.LogActivity"]}, {"a0e2b2d4f7a89c58ba223acb4fb4b758": ["9", "org.jtb.alogcat.LogActivity"]}, {"a0e2b2d4f7a89c58ba223acb4fb4b758": ["9", "org.jtb.alogcat.LogActivity"]}, {"a0e2b2d4f7a89c58ba223acb4fb4b758": ["9", "org.jtb.alogcat.LogActivity"]}, {"a0e2b2d4f7a89c58ba223acb4fb4b758": ["9", "org.jtb.alogcat.LogActivity"]}, {"4016484ae4f03507de460f6ae3a2c479": ["43", "org.jtb.alogcat.LogActivity"]}, {"5b7b9970d7921678db8488ddfd9081eb": ["19", "org.jtb.alogcat.LogActivity"]}, {"a0e2b2d4f7a89c58ba223acb4fb4b758": ["9", "org.jtb.alogcat.LogActivity"]}, {"a0e2b2d4f7a89c58ba223acb4fb4b758": ["9", "org.jtb.alogcat.LogActivity"]}, {"a0e2b2d4f7a89c58ba223acb4fb4b758": ["9", "org.jtb.alogcat.LogActivity"]}, {"5b7b9970d7921678db8488ddfd9081eb": ["19", "org.jtb.alogcat.LogActivity"]}, {"a0e2b2d4f7a89c58ba223acb4fb4b758": ["9", "org.jtb.alogcat.LogActivity"]}, {"a0e2b2d4f7a89c58ba223acb4fb4b758": ["9", "org.jtb.alogcat.LogActivity"]}, {"3d218ff352344300c727f8d88cf384f8": ["49", "org.jtb.alogcat.LogActivity"]}, {"3d218ff352344300c727f8d88cf384f8": ["49", "org.jtb.alogcat.LogActivity"]}, {"4016484ae4f03507de460f6ae3a2c479": ["43", "org.jtb.alogcat.LogActivity"]}, {"6688cfe67700503a71e2055b87038cb0": ["42", "org.jtb.alogcat.LogActivity"]}, {"b61ec79352049b785714d494c6bf9e1d": ["0", "org.jtb.alogcat.LogActivity"]}, {"9a52009c0095f55c10824dc106b8f9cf": ["20", "org.jtb.alogcat.LogActivity"]}, {"6688cfe67700503a71e2055b87038cb0": ["42", "org.jtb.alogcat.LogActivity"]}, {"b61ec79352049b785714d494c6bf9e1d": ["0", "org.jtb.alogcat.LogActivity"]}, {"fc49c6fd6506aa1916e5f948da777996": ["1", "org.jtb.alogcat.PrefsActivity"]}, {"fc49c6fd6506aa1916e5f948da777996": ["1", "org.jtb.alogcat.PrefsActivity"]}, {"fc49c6fd6506aa1916e5f948da777996": ["1", "org.jtb.alogcat.PrefsActivity"]}, {"fc49c6fd6506aa1916e5f948da777996": ["1", "org.jtb.alogcat.PrefsActivity"]}, {"fc49c6fd6506aa1916e5f948da777996": ["1", "org.jtb.alogcat.PrefsActivity"]}, {"fc49c6fd6506aa1916e5f948da777996": ["1", "org.jtb.alogcat.PrefsActivity"]}, {"fc49c6fd6506aa1916e5f948da777996": ["1", "org.jtb.alogcat.PrefsActivity"]}, {"d9e85a52319eb7901bef0aa256f4a8f2": ["2", "org.jtb.alogcat.PrefsActivity"]}, {"fc49c6fd6506aa1916e5f948da777996": ["1", "org.jtb.alogcat.PrefsActivity"]}, {"fc49c6fd6506aa1916e5f948da777996": ["1", "org.jtb.alogcat.PrefsActivity"]}, {"fc49c6fd6506aa1916e5f948da777996": ["1", "org.jtb.alogcat.PrefsActivity"]}, {"fc49c6fd6506aa1916e5f948da777996": ["1", "org.jtb.alogcat.PrefsActivity"]}, {"423b9ded68d0141aafab8bae247118cc": ["3", "org.jtb.alogcat.PrefsActivity"]}, {"7de14a47bfa0e8dea4a60f0483131a4a": ["16", "org.jtb.alogcat.LogActivity"]}, {"7de14a47bfa0e8dea4a60f0483131a4a": ["16", "org.jtb.alogcat.LogActivity"]}, {"7de14a47bfa0e8dea4a60f0483131a4a": ["16", "org.jtb.alogcat.LogActivity"]}, {"f572063c04cdeb4020465a66a951c094": ["12", "org.jtb.alogcat.LogActivity"]}, {"dd6c03fbf5b7a8d366c79133f6bdf448": ["17", "org.jtb.alogcat.LogActivity"]}, {"dd6c03fbf5b7a8d366c79133f6bdf448": ["17", "org.jtb.alogcat.LogActivity"]}, {"f572063c04cdeb4020465a66a951c094": ["12", "org.jtb.alogcat.LogActivity"]}, {"f572063c04cdeb4020465a66a951c094": ["12", "org.jtb.alogcat.LogActivity"]}, {"b61ec79352049b785714d494c6bf9e1d": ["0", "org.jtb.alogcat.LogActivity"]}, {"7de14a47bfa0e8dea4a60f0483131a4a": ["16", "org.jtb.alogcat.LogActivity"]}, {"7de14a47bfa0e8dea4a60f0483131a4a": ["16", "org.jtb.alogcat.LogActivity"]}, {"7de14a47bfa0e8dea4a60f0483131a4a": ["16", "org.jtb.alogcat.LogActivity"]}, {"f572063c04cdeb4020465a66a951c094": ["12", "org.jtb.alogcat.LogActivity"]}, {"f572063c04cdeb4020465a66a951c094": ["12", "org.jtb.alogcat.LogActivity"]}, {"dd6c03fbf5b7a8d366c79133f6bdf448": ["17", "org.jtb.alogcat.LogActivity"]}, {"5b7b9970d7921678db8488ddfd9081eb": ["19", "org.jtb.alogcat.LogActivity"]}, {"dd6c03fbf5b7a8d366c79133f6bdf448": ["17", "org.jtb.alogcat.LogActivity"]}, {"b61ec79352049b785714d494c6bf9e1d": ["0", "org.jtb.alogcat.LogActivity"]}, {"d1b39f938e8538528a0f5ec4f773a61f": ["14", "org.jtb.alogcat.LogActivity"]}, {"dd6c03fbf5b7a8d366c79133f6bdf448": ["17", "org.jtb.alogcat.LogActivity"]}, {"dd6c03fbf5b7a8d366c79133f6bdf448": ["17", "org.jtb.alogcat.LogActivity"]}, {"dd6c03fbf5b7a8d366c79133f6bdf448": ["17", "org.jtb.alogcat.LogActivity"]}, {"f572063c04cdeb4020465a66a951c094": ["12", "org.jtb.alogcat.LogActivity"]}, {"f572063c04cdeb4020465a66a951c094": ["12", "org.jtb.alogcat.LogActivity"]}, {"dd6c03fbf5b7a8d366c79133f6bdf448": ["17", "org.jtb.alogcat.LogActivity"]}, {"b61ec79352049b785714d494c6bf9e1d": ["0", "org.jtb.alogcat.LogActivity"]}, {"fc49c6fd6506aa1916e5f948da777996": ["1", "org.jtb.alogcat.PrefsActivity"]}, {"6408f226e1777a6f9745a78f263ac789": ["4", "org.jtb.alogcat.PrefsActivity"]}, {"fc49c6fd6506aa1916e5f948da777996": ["1", "org.jtb.alogcat.PrefsActivity"]}, {"423b9ded68d0141aafab8bae247118cc": ["3", "org.jtb.alogcat.PrefsActivity"]}, {"fc49c6fd6506aa1916e5f948da777996": ["1", "org.jtb.alogcat.PrefsActivity"]}, {"423b9ded68d0141aafab8bae247118cc": ["3", "org.jtb.alogcat.PrefsActivity"]}, {"fc49c6fd6506aa1916e5f948da777996": ["1", "org.jtb.alogcat.PrefsActivity"]}, {"fc49c6fd6506aa1916e5f948da777996": ["1", "org.jtb.alogcat.PrefsActivity"]}, {"6408f226e1777a6f9745a78f263ac789": ["4", "org.jtb.alogcat.PrefsActivity"]}, {"fc49c6fd6506aa1916e5f948da777996": ["1", "org.jtb.alogcat.PrefsActivity"]}, {"fc49c6fd6506aa1916e5f948da777996": ["1", "org.jtb.alogcat.PrefsActivity"]}, {"d9e85a52319eb7901bef0aa256f4a8f2": ["2", "org.jtb.alogcat.PrefsActivity"]}, {"fc49c6fd6506aa1916e5f948da777996": ["1", "org.jtb.alogcat.PrefsActivity"]}, {"6408f226e1777a6f9745a78f263ac789": ["4", "org.jtb.alogcat.PrefsActivity"]}, {"fc49c6fd6506aa1916e5f948da777996": ["1", "org.jtb.alogcat.PrefsActivity"]}, {"423b9ded68d0141aafab8bae247118cc": ["3", "org.jtb.alogcat.PrefsActivity"]}, {"fc49c6fd6506aa1916e5f948da777996": ["1", "org.jtb.alogcat.PrefsActivity"]}, {"fc49c6fd6506aa1916e5f948da777996": ["1", "org.jtb.alogcat.PrefsActivity"]}, {"fc49c6fd6506aa1916e5f948da777996": ["1", "org.jtb.alogcat.PrefsActivity"]}, {"d9e85a52319eb7901bef0aa256f4a8f2": ["2", "org.jtb.alogcat.PrefsActivity"]}, {"fc49c6fd6506aa1916e5f948da777996": ["1", "org.jtb.alogcat.PrefsActivity"]}, {"fc49c6fd6506aa1916e5f948da777996": ["1", "org.jtb.alogcat.PrefsActivity"]}, {"423b9ded68d0141aafab8bae247118cc": ["3", "org.jtb.alogcat.PrefsActivity"]}, {"fc49c6fd6506aa1916e5f948da777996": ["1", "org.jtb.alogcat.PrefsActivity"]}, {"fc49c6fd6506aa1916e5f948da777996": ["1", "org.jtb.alogcat.PrefsActivity"]}, {"d9e85a52319eb7901bef0aa256f4a8f2": ["2", "org.jtb.alogcat.PrefsActivity"]}, {"fc49c6fd6506aa1916e5f948da777996": ["1", "org.jtb.alogcat.PrefsActivity"]}, {"fc49c6fd6506aa1916e5f948da777996": ["1", "org.jtb.alogcat.PrefsActivity"]}, {"6408f226e1777a6f9745a78f263ac789": ["4", "org.jtb.alogcat.PrefsActivity"]}, {"fc49c6fd6506aa1916e5f948da777996": ["1", "org.jtb.alogcat.PrefsActivity"]}, {"fc49c6fd6506aa1916e5f948da777996": ["1", "org.jtb.alogcat.PrefsActivity"]}, {"423b9ded68d0141aafab8bae247118cc": ["3", "org.jtb.alogcat.PrefsActivity"]}, {"fc49c6fd6506aa1916e5f948da777996": ["1", "org.jtb.alogcat.PrefsActivity"]}, {"fc49c6fd6506aa1916e5f948da777996": ["1", "org.jtb.alogcat.PrefsActivity"]}, {"fc49c6fd6506aa1916e5f948da777996": ["1", "org.jtb.alogcat.PrefsActivity"]}, {"fc49c6fd6506aa1916e5f948da777996": ["1", "org.jtb.alogcat.PrefsActivity"]}, {"423b9ded68d0141aafab8bae247118cc": ["3", "org.jtb.alogcat.PrefsActivity"]}, {"fc49c6fd6506aa1916e5f948da777996": ["1", "org.jtb.alogcat.PrefsActivity"]}, {"d9e85a52319eb7901bef0aa256f4a8f2": ["2", "org.jtb.alogcat.PrefsActivity"]}, {"fc49c6fd6506aa1916e5f948da777996": ["1", "org.jtb.alogcat.PrefsActivity"]}, {"fc49c6fd6506aa1916e5f948da777996": ["1", "org.jtb.alogcat.PrefsActivity"]}, {"d9e85a52319eb7901bef0aa256f4a8f2": ["2", "org.jtb.alogcat.PrefsActivity"]}, {"fc49c6fd6506aa1916e5f948da777996": ["1", "org.jtb.alogcat.PrefsActivity"]}, {"423b9ded68d0141aafab8bae247118cc": ["3", "org.jtb.alogcat.PrefsActivity"]}, {"fc49c6fd6506aa1916e5f948da777996": ["1", "org.jtb.alogcat.PrefsActivity"]}, {"6408f226e1777a6f9745a78f263ac789": ["4", "org.jtb.alogcat.PrefsActivity"]}, {"fc49c6fd6506aa1916e5f948da777996": ["1", "org.jtb.alogcat.PrefsActivity"]}, {"fc49c6fd6506aa1916e5f948da777996": ["1", "org.jtb.alogcat.PrefsActivity"]}, {"fc49c6fd6506aa1916e5f948da777996": ["1", "org.jtb.alogcat.PrefsActivity"]}, {"423b9ded68d0141aafab8bae247118cc": ["3", "org.jtb.alogcat.PrefsActivity"]}, {"fc49c6fd6506aa1916e5f948da777996": ["1", "org.jtb.alogcat.PrefsActivity"]}, {"423b9ded68d0141aafab8bae247118cc": ["3", "org.jtb.alogcat.PrefsActivity"]}, {"fc49c6fd6506aa1916e5f948da777996": ["1", "org.jtb.alogcat.PrefsActivity"]}, {"fc49c6fd6506aa1916e5f948da777996": ["1", "org.jtb.alogcat.PrefsActivity"]}, {"6408f226e1777a6f9745a78f263ac789": ["4", "org.jtb.alogcat.PrefsActivity"]}, {"fc49c6fd6506aa1916e5f948da777996": ["1", "org.jtb.alogcat.PrefsActivity"]}, {"fc49c6fd6506aa1916e5f948da777996": ["1", "org.jtb.alogcat.PrefsActivity"]}, {"fc49c6fd6506aa1916e5f948da777996": ["1", "org.jtb.alogcat.PrefsActivity"]}, {"fc49c6fd6506aa1916e5f948da777996": ["1", "org.jtb.alogcat.PrefsActivity"]}, {"fc49c6fd6506aa1916e5f948da777996": ["1", "org.jtb.alogcat.PrefsActivity"]}, {"6408f226e1777a6f9745a78f263ac789": ["4", "org.jtb.alogcat.PrefsActivity"]}, {"fc49c6fd6506aa1916e5f948da777996": ["1", "org.jtb.alogcat.PrefsActivity"]}, {"fc49c6fd6506aa1916e5f948da777996": ["1", "org.jtb.alogcat.PrefsActivity"]}, {"d9e85a52319eb7901bef0aa256f4a8f2": ["2", "org.jtb.alogcat.PrefsActivity"]}, {"fc49c6fd6506aa1916e5f948da777996": ["1", "org.jtb.alogcat.PrefsActivity"]}, {"d9e85a52319eb7901bef0aa256f4a8f2": ["2", "org.jtb.alogcat.PrefsActivity"]}, {"fc49c6fd6506aa1916e5f948da777996": ["1", "org.jtb.alogcat.PrefsActivity"]}, {"423b9ded68d0141aafab8bae247118cc": ["3", "org.jtb.alogcat.PrefsActivity"]}, {"fc49c6fd6506aa1916e5f948da777996": ["1", "org.jtb.alogcat.PrefsActivity"]}, {"fc49c6fd6506aa1916e5f948da777996": ["1", "org.jtb.alogcat.PrefsActivity"]}, {"fc49c6fd6506aa1916e5f948da777996": ["1", "org.jtb.alogcat.PrefsActivity"]}, {"fc49c6fd6506aa1916e5f948da777996": ["1", "org.jtb.alogcat.PrefsActivity"]}, {"423b9ded68d0141aafab8bae247118cc": ["3", "org.jtb.alogcat.PrefsActivity"]}, {"fc49c6fd6506aa1916e5f948da777996": ["1", "org.jtb.alogcat.PrefsActivity"]}, {"d9e85a52319eb7901bef0aa256f4a8f2": ["2", "org.jtb.alogcat.PrefsActivity"]}, {"fc49c6fd6506aa1916e5f948da777996": ["1", "org.jtb.alogcat.PrefsActivity"]}, {"423b9ded68d0141aafab8bae247118cc": ["3", "org.jtb.alogcat.PrefsActivity"]}, {"fc49c6fd6506aa1916e5f948da777996": ["1", "org.jtb.alogcat.PrefsActivity"]}, {"fc49c6fd6506aa1916e5f948da777996": ["1", "org.jtb.alogcat.PrefsActivity"]}, {"fc49c6fd6506aa1916e5f948da777996": ["1", "org.jtb.alogcat.PrefsActivity"]}, {"fc49c6fd6506aa1916e5f948da777996": ["1", "org.jtb.alogcat.PrefsActivity"]}, {"fc49c6fd6506aa1916e5f948da777996": ["1", "org.jtb.alogcat.PrefsActivity"]}, {"fc49c6fd6506aa1916e5f948da777996": ["1", "org.jtb.alogcat.PrefsActivity"]}, {"fc49c6fd6506aa1916e5f948da777996": ["1", "org.jtb.alogcat.PrefsActivity"]}, {"d9e85a52319eb7901bef0aa256f4a8f2": ["2", "org.jtb.alogcat.PrefsActivity"]}, {"fc49c6fd6506aa1916e5f948da777996": ["1", "org.jtb.alogcat.PrefsActivity"]}, {"6408f226e1777a6f9745a78f263ac789": ["4", "org.jtb.alogcat.PrefsActivity"]}, {"fc49c6fd6506aa1916e5f948da777996": ["1", "org.jtb.alogcat.PrefsActivity"]}, {"b61ec79352049b785714d494c6bf9e1d": ["0", "org.jtb.alogcat.LogActivity"]}, {"7de14a47bfa0e8dea4a60f0483131a4a": ["16", "org.jtb.alogcat.LogActivity"]}, {"7de14a47bfa0e8dea4a60f0483131a4a": ["16", "org.jtb.alogcat.LogActivity"]}, {"b61ec79352049b785714d494c6bf9e1d": ["0", "org.jtb.alogcat.LogActivity"]}, {"5a19f785016bcd5bf634e78d3df238aa": ["31", "org.jtb.alogcat.LogActivity"]}, {"5a19f785016bcd5bf634e78d3df238aa": ["31", "org.jtb.alogcat.LogActivity"]}, {"5a19f785016bcd5bf634e78d3df238aa": ["31", "org.jtb.alogcat.LogActivity"]}, {"5a19f785016bcd5bf634e78d3df238aa": ["31", "org.jtb.alogcat.LogActivity"]}, {"5a19f785016bcd5bf634e78d3df238aa": ["31", "org.jtb.alogcat.LogActivity"]}, {"b61ec79352049b785714d494c6bf9e1d": ["0", "org.jtb.alogcat.LogActivity"]}, {"5a19f785016bcd5bf634e78d3df238aa": ["31", "org.jtb.alogcat.LogActivity"]}, {"5a19f785016bcd5bf634e78d3df238aa": ["31", "org.jtb.alogcat.LogActivity"]}, {"5a19f785016bcd5bf634e78d3df238aa": ["31", "org.jtb.alogcat.LogActivity"]}, {"5a19f785016bcd5bf634e78d3df238aa": ["31", "org.jtb.alogcat.LogActivity"]}, {"5a19f785016bcd5bf634e78d3df238aa": ["31", "org.jtb.alogcat.LogActivity"]}, {"5a19f785016bcd5bf634e78d3df238aa": ["31", "org.jtb.alogcat.LogActivity"]}, {"5a19f785016bcd5bf634e78d3df238aa": ["31", "org.jtb.alogcat.LogActivity"]}, {"5a19f785016bcd5bf634e78d3df238aa": ["31", "org.jtb.alogcat.LogActivity"]}, {"5a19f785016bcd5bf634e78d3df238aa": ["31", "org.jtb.alogcat.LogActivity"]}, {"5a19f785016bcd5bf634e78d3df238aa": ["31", "org.jtb.alogcat.LogActivity"]}, {"5a19f785016bcd5bf634e78d3df238aa": ["31", "org.jtb.alogcat.LogActivity"]}, {"5a19f785016bcd5bf634e78d3df238aa": ["31", "org.jtb.alogcat.LogActivity"]}, {"5a19f785016bcd5bf634e78d3df238aa": ["31", "org.jtb.alogcat.LogActivity"]}, {"2d53496bdc60f187f8ed54b6073480f6": ["44", "org.jtb.alogcat.LogActivity"]}, {"2d53496bdc60f187f8ed54b6073480f6": ["44", "org.jtb.alogcat.LogActivity"]}, {"2d53496bdc60f187f8ed54b6073480f6": ["44", "org.jtb.alogcat.LogActivity"]}, {"2d53496bdc60f187f8ed54b6073480f6": ["44", "org.jtb.alogcat.LogActivity"]}, {"2d53496bdc60f187f8ed54b6073480f6": ["44", "org.jtb.alogcat.LogActivity"]}, {"2d53496bdc60f187f8ed54b6073480f6": ["44", "org.jtb.alogcat.LogActivity"]}, {"2d53496bdc60f187f8ed54b6073480f6": ["44", "org.jtb.alogcat.LogActivity"]}, {"2d53496bdc60f187f8ed54b6073480f6": ["44", "org.jtb.alogcat.LogActivity"]}, {"2d53496bdc60f187f8ed54b6073480f6": ["44", "org.jtb.alogcat.LogActivity"]}, {"2d53496bdc60f187f8ed54b6073480f6": ["44", "org.jtb.alogcat.LogActivity"]}, {"2d53496bdc60f187f8ed54b6073480f6": ["44", "org.jtb.alogcat.LogActivity"]}, {"2d53496bdc60f187f8ed54b6073480f6": ["44", "org.jtb.alogcat.LogActivity"]}, {"2d53496bdc60f187f8ed54b6073480f6": ["44", "org.jtb.alogcat.LogActivity"]}, {"2d53496bdc60f187f8ed54b6073480f6": ["44", "org.jtb.alogcat.LogActivity"]}, {"2d53496bdc60f187f8ed54b6073480f6": ["44", "org.jtb.alogcat.LogActivity"]}, {"2d53496bdc60f187f8ed54b6073480f6": ["44", "org.jtb.alogcat.LogActivity"]}, {"2d53496bdc60f187f8ed54b6073480f6": ["44", "org.jtb.alogcat.LogActivity"]}, {"2d53496bdc60f187f8ed54b6073480f6": ["44", "org.jtb.alogcat.LogActivity"]}, {"2d53496bdc60f187f8ed54b6073480f6": ["44", "org.jtb.alogcat.LogActivity"]}, {"2d53496bdc60f187f8ed54b6073480f6": ["44", "org.jtb.alogcat.LogActivity"]}, {"2d53496bdc60f187f8ed54b6073480f6": ["44", "org.jtb.alogcat.LogActivity"]}, {"2d53496bdc60f187f8ed54b6073480f6": ["44", "org.jtb.alogcat.LogActivity"]}, {"2d53496bdc60f187f8ed54b6073480f6": ["44", "org.jtb.alogcat.LogActivity"]}, {"b61ec79352049b785714d494c6bf9e1d": ["0", "org.jtb.alogcat.LogActivity"]}, {"7de14a47bfa0e8dea4a60f0483131a4a": ["16", "org.jtb.alogcat.LogActivity"]}, {"7de14a47bfa0e8dea4a60f0483131a4a": ["16", "org.jtb.alogcat.LogActivity"]}, {"7de14a47bfa0e8dea4a60f0483131a4a": ["16", "org.jtb.alogcat.LogActivity"]}, {"7de14a47bfa0e8dea4a60f0483131a4a": ["16", "org.jtb.alogcat.LogActivity"]}, {"7de14a47bfa0e8dea4a60f0483131a4a": ["16", "org.jtb.alogcat.LogActivity"]}, {"7de14a47bfa0e8dea4a60f0483131a4a": ["16", "org.jtb.alogcat.LogActivity"]}, {"7de14a47bfa0e8dea4a60f0483131a4a": ["16", "org.jtb.alogcat.LogActivity"]}, {"7de14a47bfa0e8dea4a60f0483131a4a": ["16", "org.jtb.alogcat.LogActivity"]}, {"5a19f785016bcd5bf634e78d3df238aa": ["31", "org.jtb.alogcat.LogActivity"]}, {"5a19f785016bcd5bf634e78d3df238aa": ["31", "org.jtb.alogcat.LogActivity"]}, {"b61ec79352049b785714d494c6bf9e1d": ["0", "org.jtb.alogcat.LogActivity"]}, {"fc49c6fd6506aa1916e5f948da777996": ["1", "org.jtb.alogcat.PrefsActivity"]}, {"d9e85a52319eb7901bef0aa256f4a8f2": ["2", "org.jtb.alogcat.PrefsActivity"]}, {"fc49c6fd6506aa1916e5f948da777996": ["1", "org.jtb.alogcat.PrefsActivity"]}, {"6408f226e1777a6f9745a78f263ac789": ["4", "org.jtb.alogcat.PrefsActivity"]}, {"fc49c6fd6506aa1916e5f948da777996": ["1", "org.jtb.alogcat.PrefsActivity"]}, {"423b9ded68d0141aafab8bae247118cc": ["3", "org.jtb.alogcat.PrefsActivity"]}, {"fc49c6fd6506aa1916e5f948da777996": ["1", "org.jtb.alogcat.PrefsActivity"]}, {"6408f226e1777a6f9745a78f263ac789": ["4", "org.jtb.alogcat.PrefsActivity"]}, {"fc49c6fd6506aa1916e5f948da777996": ["1", "org.jtb.alogcat.PrefsActivity"]}, {"fc49c6fd6506aa1916e5f948da777996": ["1", "org.jtb.alogcat.PrefsActivity"]}, {"423b9ded68d0141aafab8bae247118cc": ["3", "org.jtb.alogcat.PrefsActivity"]}, {"fc49c6fd6506aa1916e5f948da777996": ["1", "org.jtb.alogcat.PrefsActivity"]}, {"fc49c6fd6506aa1916e5f948da777996": ["1", "org.jtb.alogcat.PrefsActivity"]}, {"7de14a47bfa0e8dea4a60f0483131a4a": ["16", "org.jtb.alogcat.LogActivity"]}, {"7de14a47bfa0e8dea4a60f0483131a4a": ["16", "org.jtb.alogcat.LogActivity"]}, {"7de14a47bfa0e8dea4a60f0483131a4a": ["16", "org.jtb.alogcat.LogActivity"]}, {"7de14a47bfa0e8dea4a60f0483131a4a": ["16", "org.jtb.alogcat.LogActivity"]}, {"7de14a47bfa0e8dea4a60f0483131a4a": ["16", "org.jtb.alogcat.LogActivity"]}, {"7de14a47bfa0e8dea4a60f0483131a4a": ["16", "org.jtb.alogcat.LogActivity"]}, {"7de14a47bfa0e8dea4a60f0483131a4a": ["16", "org.jtb.alogcat.LogActivity"]}, {"7de14a47bfa0e8dea4a60f0483131a4a": ["16", "org.jtb.alogcat.LogActivity"]}, {"7de14a47bfa0e8dea4a60f0483131a4a": ["16", "org.jtb.alogcat.LogActivity"]}, {"7de14a47bfa0e8dea4a60f0483131a4a": ["16", "org.jtb.alogcat.LogActivity"]}, {"7de14a47bfa0e8dea4a60f0483131a4a": ["16", "org.jtb.alogcat.LogActivity"]}, {"7de14a47bfa0e8dea4a60f0483131a4a": ["16", "org.jtb.alogcat.LogActivity"]}, {"7de14a47bfa0e8dea4a60f0483131a4a": ["16", "org.jtb.alogcat.LogActivity"]}, {"7de14a47bfa0e8dea4a60f0483131a4a": ["16", "org.jtb.alogcat.LogActivity"]}, {"7de14a47bfa0e8dea4a60f0483131a4a": ["16", "org.jtb.alogcat.LogActivity"]}, {"7de14a47bfa0e8dea4a60f0483131a4a": ["16", "org.jtb.alogcat.LogActivity"]}, {"7de14a47bfa0e8dea4a60f0483131a4a": ["16", "org.jtb.alogcat.LogActivity"]}, {"7de14a47bfa0e8dea4a60f0483131a4a": ["16", "org.jtb.alogcat.LogActivity"]}, {"7de14a47bfa0e8dea4a60f0483131a4a": ["16", "org.jtb.alogcat.LogActivity"]}, {"7de14a47bfa0e8dea4a60f0483131a4a": ["16", "org.jtb.alogcat.LogActivity"]}, {"7de14a47bfa0e8dea4a60f0483131a4a": ["16", "org.jtb.alogcat.LogActivity"]}, {"7de14a47bfa0e8dea4a60f0483131a4a": ["16", "org.jtb.alogcat.LogActivity"]}, {"7de14a47bfa0e8dea4a60f0483131a4a": ["16", "org.jtb.alogcat.LogActivity"]}, {"7de14a47bfa0e8dea4a60f0483131a4a": ["16", "org.jtb.alogcat.LogActivity"]}, {"7de14a47bfa0e8dea4a60f0483131a4a": ["16", "org.jtb.alogcat.LogActivity"]}, {"7de14a47bfa0e8dea4a60f0483131a4a": ["16", "org.jtb.alogcat.LogActivity"]}, {"7de14a47bfa0e8dea4a60f0483131a4a": ["16", "org.jtb.alogcat.LogActivity"]}, {"7de14a47bfa0e8dea4a60f0483131a4a": ["16", "org.jtb.alogcat.LogActivity"]}, {"7de14a47bfa0e8dea4a60f0483131a4a": ["16", "org.jtb.alogcat.LogActivity"]}, {"b61ec79352049b785714d494c6bf9e1d": ["0", "org.jtb.alogcat.LogActivity"]}, {"7de14a47bfa0e8dea4a60f0483131a4a": ["16", "org.jtb.alogcat.LogActivity"]}, {"7de14a47bfa0e8dea4a60f0483131a4a": ["16", "org.jtb.alogcat.LogActivity"]}, {"7de14a47bfa0e8dea4a60f0483131a4a": ["16", "org.jtb.alogcat.LogActivity"]}, {"7de14a47bfa0e8dea4a60f0483131a4a": ["16", "org.jtb.alogcat.LogActivity"]}, {"7de14a47bfa0e8dea4a60f0483131a4a": ["16", "org.jtb.alogcat.LogActivity"]}, {"7de14a47bfa0e8dea4a60f0483131a4a": ["16", "org.jtb.alogcat.LogActivity"]}, {"7de14a47bfa0e8dea4a60f0483131a4a": ["16", "org.jtb.alogcat.LogActivity"]}, {"7de14a47bfa0e8dea4a60f0483131a4a": ["16", "org.jtb.alogcat.LogActivity"]}, {"7de14a47bfa0e8dea4a60f0483131a4a": ["16", "org.jtb.alogcat.LogActivity"]}, {"7de14a47bfa0e8dea4a60f0483131a4a": ["16", "org.jtb.alogcat.LogActivity"]}, {"7de14a47bfa0e8dea4a60f0483131a4a": ["16", "org.jtb.alogcat.LogActivity"]}, {"7de14a47bfa0e8dea4a60f0483131a4a": ["16", "org.jtb.alogcat.LogActivity"]}, {"7de14a47bfa0e8dea4a60f0483131a4a": ["16", "org.jtb.alogcat.LogActivity"]}, {"b61ec79352049b785714d494c6bf9e1d": ["0", "org.jtb.alogcat.LogActivity"]}, {"7de14a47bfa0e8dea4a60f0483131a4a": ["16", "org.jtb.alogcat.LogActivity"]}, {"7de14a47bfa0e8dea4a60f0483131a4a": ["16", "org.jtb.alogcat.LogActivity"]}, {"7de14a47bfa0e8dea4a60f0483131a4a": ["16", "org.jtb.alogcat.LogActivity"]}, {"7de14a47bfa0e8dea4a60f0483131a4a": ["16", "org.jtb.alogcat.LogActivity"]}, {"7de14a47bfa0e8dea4a60f0483131a4a": ["16", "org.jtb.alogcat.LogActivity"]}, {"b61ec79352049b785714d494c6bf9e1d": ["0", "org.jtb.alogcat.LogActivity"]}, {"7de14a47bfa0e8dea4a60f0483131a4a": ["16", "org.jtb.alogcat.LogActivity"]}, {"7de14a47bfa0e8dea4a60f0483131a4a": ["16", "org.jtb.alogcat.LogActivity"]}, {"7de14a47bfa0e8dea4a60f0483131a4a": ["16", "org.jtb.alogcat.LogActivity"]}, {"b61ec79352049b785714d494c6bf9e1d": ["0", "org.jtb.alogcat.LogActivity"]}, {"7de14a47bfa0e8dea4a60f0483131a4a": ["16", "org.jtb.alogcat.LogActivity"]}, {"7de14a47bfa0e8dea4a60f0483131a4a": ["16", "org.jtb.alogcat.LogActivity"]}, {"7de14a47bfa0e8dea4a60f0483131a4a": ["16", "org.jtb.alogcat.LogActivity"]}, {"7de14a47bfa0e8dea4a60f0483131a4a": ["16", "org.jtb.alogcat.LogActivity"]}, {"b61ec79352049b785714d494c6bf9e1d": ["0", "org.jtb.alogcat.LogActivity"]}, {"7de14a47bfa0e8dea4a60f0483131a4a": ["16", "org.jtb.alogcat.LogActivity"]}, {"7de14a47bfa0e8dea4a60f0483131a4a": ["16", "org.jtb.alogcat.LogActivity"]}, {"7de14a47bfa0e8dea4a60f0483131a4a": ["16", "org.jtb.alogcat.LogActivity"]}, {"7de14a47bfa0e8dea4a60f0483131a4a": ["16", "org.jtb.alogcat.LogActivity"]}, {"b61ec79352049b785714d494c6bf9e1d": ["0", "org.jtb.alogcat.LogActivity"]}, {"7de14a47bfa0e8dea4a60f0483131a4a": ["16", "org.jtb.alogcat.LogActivity"]}, {"7de14a47bfa0e8dea4a60f0483131a4a": ["16", "org.jtb.alogcat.LogActivity"]}, {"7de14a47bfa0e8dea4a60f0483131a4a": ["16", "org.jtb.alogcat.LogActivity"]}, {"7de14a47bfa0e8dea4a60f0483131a4a": ["16", "org.jtb.alogcat.LogActivity"]}, {"7de14a47bfa0e8dea4a60f0483131a4a": ["16", "org.jtb.alogcat.LogActivity"]}, {"7de14a47bfa0e8dea4a60f0483131a4a": ["16", "org.jtb.alogcat.LogActivity"]}, {"7de14a47bfa0e8dea4a60f0483131a4a": ["16", "org.jtb.alogcat.LogActivity"]}, {"b61ec79352049b785714d494c6bf9e1d": ["0", "org.jtb.alogcat.LogActivity"]}, {"7de14a47bfa0e8dea4a60f0483131a4a": ["16", "org.jtb.alogcat.LogActivity"]}, {"7de14a47bfa0e8dea4a60f0483131a4a": ["16", "org.jtb.alogcat.LogActivity"]}, {"7de14a47bfa0e8dea4a60f0483131a4a": ["16", "org.jtb.alogcat.LogActivity"]}, {"b61ec79352049b785714d494c6bf9e1d": ["0", "org.jtb.alogcat.LogActivity"]}, {"7de14a47bfa0e8dea4a60f0483131a4a": ["16", "org.jtb.alogcat.LogActivity"]}, {"7de14a47bfa0e8dea4a60f0483131a4a": ["16", "org.jtb.alogcat.LogActivity"]}, {"7de14a47bfa0e8dea4a60f0483131a4a": ["16", "org.jtb.alogcat.LogActivity"]}, {"7de14a47bfa0e8dea4a60f0483131a4a": ["16", "org.jtb.alogcat.LogActivity"]}, {"7de14a47bfa0e8dea4a60f0483131a4a": ["16", "org.jtb.alogcat.LogActivity"]}, {"7de14a47bfa0e8dea4a60f0483131a4a": ["16", "org.jtb.alogcat.LogActivity"]}, {"7de14a47bfa0e8dea4a60f0483131a4a": ["16", "org.jtb.alogcat.LogActivity"]}, {"7de14a47bfa0e8dea4a60f0483131a4a": ["16", "org.jtb.alogcat.LogActivity"]}, {"7de14a47bfa0e8dea4a60f0483131a4a": ["16", "org.jtb.alogcat.LogActivity"]}, {"7de14a47bfa0e8dea4a60f0483131a4a": ["16", "org.jtb.alogcat.LogActivity"]}, {"7de14a47bfa0e8dea4a60f0483131a4a": ["16", "org.jtb.alogcat.LogActivity"]}, {"7de14a47bfa0e8dea4a60f0483131a4a": ["16", "org.jtb.alogcat.LogActivity"]}, {"7de14a47bfa0e8dea4a60f0483131a4a": ["16", "org.jtb.alogcat.LogActivity"]}, {"b61ec79352049b785714d494c6bf9e1d": ["0", "org.jtb.alogcat.LogActivity"]}, {"7de14a47bfa0e8dea4a60f0483131a4a": ["16", "org.jtb.alogcat.LogActivity"]}, {"7de14a47bfa0e8dea4a60f0483131a4a": ["16", "org.jtb.alogcat.LogActivity"]}, {"7de14a47bfa0e8dea4a60f0483131a4a": ["16", "org.jtb.alogcat.LogActivity"]}, {"7de14a47bfa0e8dea4a60f0483131a4a": ["16", "org.jtb.alogcat.LogActivity"]}, {"7de14a47bfa0e8dea4a60f0483131a4a": ["16", "org.jtb.alogcat.LogActivity"]}, {"7de14a47bfa0e8dea4a60f0483131a4a": ["16", "org.jtb.alogcat.LogActivity"]}, {"b61ec79352049b785714d494c6bf9e1d": ["0", "org.jtb.alogcat.LogActivity"]}, {"fc49c6fd6506aa1916e5f948da777996": ["1", "org.jtb.alogcat.PrefsActivity"]}, {"fc49c6fd6506aa1916e5f948da777996": ["1", "org.jtb.alogcat.PrefsActivity"]}, {"6408f226e1777a6f9745a78f263ac789": ["4", "org.jtb.alogcat.PrefsActivity"]}, {"fc49c6fd6506aa1916e5f948da777996": ["1", "org.jtb.alogcat.PrefsActivity"]}, {"fc49c6fd6506aa1916e5f948da777996": ["1", "org.jtb.alogcat.PrefsActivity"]}, {"6408f226e1777a6f9745a78f263ac789": ["4", "org.jtb.alogcat.PrefsActivity"]}, {"fc49c6fd6506aa1916e5f948da777996": ["1", "org.jtb.alogcat.PrefsActivity"]}, {"fc49c6fd6506aa1916e5f948da777996": ["1", "org.jtb.alogcat.PrefsActivity"]}, {"fc49c6fd6506aa1916e5f948da777996": ["1", "org.jtb.alogcat.PrefsActivity"]}, {"fc49c6fd6506aa1916e5f948da777996": ["1", "org.jtb.alogcat.PrefsActivity"]}, {"fc49c6fd6506aa1916e5f948da777996": ["1", "org.jtb.alogcat.PrefsActivity"]}, {"423b9ded68d0141aafab8bae247118cc": ["3", "org.jtb.alogcat.PrefsActivity"]}, {"d7ed7d016ecefa85afc61c9f6576c110": ["37", "org.jtb.alogcat.LogActivity"]}, {"d7ed7d016ecefa85afc61c9f6576c110": ["37", "org.jtb.alogcat.LogActivity"]}, {"d7ed7d016ecefa85afc61c9f6576c110": ["37", "org.jtb.alogcat.LogActivity"]}, {"b61ec79352049b785714d494c6bf9e1d": ["0", "org.jtb.alogcat.LogActivity"]}, {"7de14a47bfa0e8dea4a60f0483131a4a": ["16", "org.jtb.alogcat.LogActivity"]}, {"7de14a47bfa0e8dea4a60f0483131a4a": ["16", "org.jtb.alogcat.LogActivity"]}, {"7de14a47bfa0e8dea4a60f0483131a4a": ["16", "org.jtb.alogcat.LogActivity"]}, {"7de14a47bfa0e8dea4a60f0483131a4a": ["16", "org.jtb.alogcat.LogActivity"]}, {"b61ec79352049b785714d494c6bf9e1d": ["0", "org.jtb.alogcat.LogActivity"]}, {"d7ed7d016ecefa85afc61c9f6576c110": ["37", "org.jtb.alogcat.LogActivity"]}, {"83f7235e26700df19fd7bbe5998b71b2": ["41", "org.jtb.alogcat.LogActivity"]}, {"b61ec79352049b785714d494c6bf9e1d": ["0", "org.jtb.alogcat.LogActivity"]}, {"fc49c6fd6506aa1916e5f948da777996": ["1", "org.jtb.alogcat.PrefsActivity"]}, {"d9e85a52319eb7901bef0aa256f4a8f2": ["2", "org.jtb.alogcat.PrefsActivity"]}, {"fc49c6fd6506aa1916e5f948da777996": ["1", "org.jtb.alogcat.PrefsActivity"]}, {"fc49c6fd6506aa1916e5f948da777996": ["1", "org.jtb.alogcat.PrefsActivity"]}, {"fc49c6fd6506aa1916e5f948da777996": ["1", "org.jtb.alogcat.PrefsActivity"]}, {"6408f226e1777a6f9745a78f263ac789": ["4", "org.jtb.alogcat.PrefsActivity"]}, {"fc49c6fd6506aa1916e5f948da777996": ["1", "org.jtb.alogcat.PrefsActivity"]}, {"d9e85a52319eb7901bef0aa256f4a8f2": ["2", "org.jtb.alogcat.PrefsActivity"]}, {"fc49c6fd6506aa1916e5f948da777996": ["1", "org.jtb.alogcat.PrefsActivity"]}, {"423b9ded68d0141aafab8bae247118cc": ["3", "org.jtb.alogcat.PrefsActivity"]}, {"fc49c6fd6506aa1916e5f948da777996": ["1", "org.jtb.alogcat.PrefsActivity"]}, {"fc49c6fd6506aa1916e5f948da777996": ["1", "org.jtb.alogcat.PrefsActivity"]}, {"423b9ded68d0141aafab8bae247118cc": ["3", "org.jtb.alogcat.PrefsActivity"]}, {"fc49c6fd6506aa1916e5f948da777996": ["1", "org.jtb.alogcat.PrefsActivity"]}, {"423b9ded68d0141aafab8bae247118cc": ["3", "org.jtb.alogcat.PrefsActivity"]}, {"fc49c6fd6506aa1916e5f948da777996": ["1", "org.jtb.alogcat.PrefsActivity"]}, {"d9e85a52319eb7901bef0aa256f4a8f2": ["2", "org.jtb.alogcat.PrefsActivity"]}, {"fc49c6fd6506aa1916e5f948da777996": ["1", "org.jtb.alogcat.PrefsActivity"]}, {"fc49c6fd6506aa1916e5f948da777996": ["1", "org.jtb.alogcat.PrefsActivity"]}, {"d9e85a52319eb7901bef0aa256f4a8f2": ["2", "org.jtb.alogcat.PrefsActivity"]}, {"fc49c6fd6506aa1916e5f948da777996": ["1", "org.jtb.alogcat.PrefsActivity"]}, {"fc49c6fd6506aa1916e5f948da777996": ["1", "org.jtb.alogcat.PrefsActivity"]}, {"fc49c6fd6506aa1916e5f948da777996": ["1", "org.jtb.alogcat.PrefsActivity"]}, {"7de14a47bfa0e8dea4a60f0483131a4a": ["16", "org.jtb.alogcat.LogActivity"]}, {"7de14a47bfa0e8dea4a60f0483131a4a": ["16", "org.jtb.alogcat.LogActivity"]}, {"7de14a47bfa0e8dea4a60f0483131a4a": ["16", "org.jtb.alogcat.LogActivity"]}, {"7de14a47bfa0e8dea4a60f0483131a4a": ["16", "org.jtb.alogcat.LogActivity"]}, {"7de14a47bfa0e8dea4a60f0483131a4a": ["16", "org.jtb.alogcat.LogActivity"]}, {"7de14a47bfa0e8dea4a60f0483131a4a": ["16", "org.jtb.alogcat.LogActivity"]}, {"b61ec79352049b785714d494c6bf9e1d": ["0", "org.jtb.alogcat.LogActivity"]}, {"7de14a47bfa0e8dea4a60f0483131a4a": ["16", "org.jtb.alogcat.LogActivity"]}, {"7de14a47bfa0e8dea4a60f0483131a4a": ["16", "org.jtb.alogcat.LogActivity"]}, {"7de14a47bfa0e8dea4a60f0483131a4a": ["16", "org.jtb.alogcat.LogActivity"]}, {"7de14a47bfa0e8dea4a60f0483131a4a": ["16", "org.jtb.alogcat.LogActivity"]}, {"7de14a47bfa0e8dea4a60f0483131a4a": ["16", "org.jtb.alogcat.LogActivity"]}, {"b61ec79352049b785714d494c6bf9e1d": ["0", "org.jtb.alogcat.LogActivity"]}, {"fc49c6fd6506aa1916e5f948da777996": ["1", "org.jtb.alogcat.PrefsActivity"]}, {"7de14a47bfa0e8dea4a60f0483131a4a": ["16", "org.jtb.alogcat.LogActivity"]}, {"7de14a47bfa0e8dea4a60f0483131a4a": ["16", "org.jtb.alogcat.LogActivity"]}, {"7de14a47bfa0e8dea4a60f0483131a4a": ["16", "org.jtb.alogcat.LogActivity"]}, {"7de14a47bfa0e8dea4a60f0483131a4a": ["16", "org.jtb.alogcat.LogActivity"]}, {"7de14a47bfa0e8dea4a60f0483131a4a": ["16", "org.jtb.alogcat.LogActivity"]}, {"b61ec79352049b785714d494c6bf9e1d": ["0", "org.jtb.alogcat.LogActivity"]}, {"7de14a47bfa0e8dea4a60f0483131a4a": ["16", "org.jtb.alogcat.LogActivity"]}, {"7de14a47bfa0e8dea4a60f0483131a4a": ["16", "org.jtb.alogcat.LogActivity"]}, {"7de14a47bfa0e8dea4a60f0483131a4a": ["16", "org.jtb.alogcat.LogActivity"]}, {"7de14a47bfa0e8dea4a60f0483131a4a": ["16", "org.jtb.alogcat.LogActivity"]}, {"7de14a47bfa0e8dea4a60f0483131a4a": ["16", "org.jtb.alogcat.LogActivity"]}, {"7de14a47bfa0e8dea4a60f0483131a4a": ["16", "org.jtb.alogcat.LogActivity"]}, {"7de14a47bfa0e8dea4a60f0483131a4a": ["16", "org.jtb.alogcat.LogActivity"]}, {"7de14a47bfa0e8dea4a60f0483131a4a": ["16", "org.jtb.alogcat.LogActivity"]}, {"7de14a47bfa0e8dea4a60f0483131a4a": ["16", "org.jtb.alogcat.LogActivity"]}, {"7de14a47bfa0e8dea4a60f0483131a4a": ["16", "org.jtb.alogcat.LogActivity"]}, {"7de14a47bfa0e8dea4a60f0483131a4a": ["16", "org.jtb.alogcat.LogActivity"]}, {"b61ec79352049b785714d494c6bf9e1d": ["0", "org.jtb.alogcat.LogActivity"]}, {"7de14a47bfa0e8dea4a60f0483131a4a": ["16", "org.jtb.alogcat.LogActivity"]}, {"7de14a47bfa0e8dea4a60f0483131a4a": ["16", "org.jtb.alogcat.LogActivity"]}, {"7de14a47bfa0e8dea4a60f0483131a4a": ["16", "org.jtb.alogcat.LogActivity"]}, {"7de14a47bfa0e8dea4a60f0483131a4a": ["16", "org.jtb.alogcat.LogActivity"]}, {"7de14a47bfa0e8dea4a60f0483131a4a": ["16", "org.jtb.alogcat.LogActivity"]}, {"7de14a47bfa0e8dea4a60f0483131a4a": ["16", "org.jtb.alogcat.LogActivity"]}, {"b61ec79352049b785714d494c6bf9e1d": ["0", "org.jtb.alogcat.LogActivity"]}, {"7de14a47bfa0e8dea4a60f0483131a4a": ["16", "org.jtb.alogcat.LogActivity"]}, {"7de14a47bfa0e8dea4a60f0483131a4a": ["16", "org.jtb.alogcat.LogActivity"]}, {"7de14a47bfa0e8dea4a60f0483131a4a": ["16", "org.jtb.alogcat.LogActivity"]}, {"7de14a47bfa0e8dea4a60f0483131a4a": ["16", "org.jtb.alogcat.LogActivity"]}, {"7de14a47bfa0e8dea4a60f0483131a4a": ["16", "org.jtb.alogcat.LogActivity"]}, {"7de14a47bfa0e8dea4a60f0483131a4a": ["16", "org.jtb.alogcat.LogActivity"]}, {"b61ec79352049b785714d494c6bf9e1d": ["0", "org.jtb.alogcat.LogActivity"]}, {"7de14a47bfa0e8dea4a60f0483131a4a": ["16", "org.jtb.alogcat.LogActivity"]}, {"7de14a47bfa0e8dea4a60f0483131a4a": ["16", "org.jtb.alogcat.LogActivity"]}, {"7de14a47bfa0e8dea4a60f0483131a4a": ["16", "org.jtb.alogcat.LogActivity"]}, {"7de14a47bfa0e8dea4a60f0483131a4a": ["16", "org.jtb.alogcat.LogActivity"]}, {"7de14a47bfa0e8dea4a60f0483131a4a": ["16", "org.jtb.alogcat.LogActivity"]}, {"7de14a47bfa0e8dea4a60f0483131a4a": ["16", "org.jtb.alogcat.LogActivity"]}, {"7de14a47bfa0e8dea4a60f0483131a4a": ["16", "org.jtb.alogcat.LogActivity"]}, {"7de14a47bfa0e8dea4a60f0483131a4a": ["16", "org.jtb.alogcat.LogActivity"]}, {"7de14a47bfa0e8dea4a60f0483131a4a": ["16", "org.jtb.alogcat.LogActivity"]}, {"7de14a47bfa0e8dea4a60f0483131a4a": ["16", "org.jtb.alogcat.LogActivity"]}, {"7de14a47bfa0e8dea4a60f0483131a4a": ["16", "org.jtb.alogcat.LogActivity"]}, {"7de14a47bfa0e8dea4a60f0483131a4a": ["16", "org.jtb.alogcat.LogActivity"]}, {"7de14a47bfa0e8dea4a60f0483131a4a": ["16", "org.jtb.alogcat.LogActivity"]}, {"7de14a47bfa0e8dea4a60f0483131a4a": ["16", "org.jtb.alogcat.LogActivity"]}, {"7de14a47bfa0e8dea4a60f0483131a4a": ["16", "org.jtb.alogcat.LogActivity"]}, {"7de14a47bfa0e8dea4a60f0483131a4a": ["16", "org.jtb.alogcat.LogActivity"]}, {"7de14a47bfa0e8dea4a60f0483131a4a": ["16", "org.jtb.alogcat.LogActivity"]}, {"7de14a47bfa0e8dea4a60f0483131a4a": ["16", "org.jtb.alogcat.LogActivity"]}, {"7de14a47bfa0e8dea4a60f0483131a4a": ["16", "org.jtb.alogcat.LogActivity"]}, {"7de14a47bfa0e8dea4a60f0483131a4a": ["16", "org.jtb.alogcat.LogActivity"]}, {"7de14a47bfa0e8dea4a60f0483131a4a": ["16", "org.jtb.alogcat.LogActivity"]}, {"7de14a47bfa0e8dea4a60f0483131a4a": ["16", "org.jtb.alogcat.LogActivity"]}, {"7de14a47bfa0e8dea4a60f0483131a4a": ["16", "org.jtb.alogcat.LogActivity"]}, {"7de14a47bfa0e8dea4a60f0483131a4a": ["16", "org.jtb.alogcat.LogActivity"]}, {"7de14a47bfa0e8dea4a60f0483131a4a": ["16", "org.jtb.alogcat.LogActivity"]}, {"7de14a47bfa0e8dea4a60f0483131a4a": ["16", "org.jtb.alogcat.LogActivity"]}, {"7de14a47bfa0e8dea4a60f0483131a4a": ["16", "org.jtb.alogcat.LogActivity"]}, {"7de14a47bfa0e8dea4a60f0483131a4a": ["16", "org.jtb.alogcat.LogActivity"]}, {"7de14a47bfa0e8dea4a60f0483131a4a": ["16", "org.jtb.alogcat.LogActivity"]}, {"7de14a47bfa0e8dea4a60f0483131a4a": ["16", "org.jtb.alogcat.LogActivity"]}, {"7de14a47bfa0e8dea4a60f0483131a4a": ["16", "org.jtb.alogcat.LogActivity"]}, {"b61ec79352049b785714d494c6bf9e1d": ["0", "org.jtb.alogcat.LogActivity"]}, {"7de14a47bfa0e8dea4a60f0483131a4a": ["16", "org.jtb.alogcat.LogActivity"]}, {"7de14a47bfa0e8dea4a60f0483131a4a": ["16", "org.jtb.alogcat.LogActivity"]}, {"7de14a47bfa0e8dea4a60f0483131a4a": ["16", "org.jtb.alogcat.LogActivity"]}, {"7de14a47bfa0e8dea4a60f0483131a4a": ["16", "org.jtb.alogcat.LogActivity"]}, {"7de14a47bfa0e8dea4a60f0483131a4a": ["16", "org.jtb.alogcat.LogActivity"]}, {"7de14a47bfa0e8dea4a60f0483131a4a": ["16", "org.jtb.alogcat.LogActivity"]}, {"7de14a47bfa0e8dea4a60f0483131a4a": ["16", "org.jtb.alogcat.LogActivity"]}, {"7de14a47bfa0e8dea4a60f0483131a4a": ["16", "org.jtb.alogcat.LogActivity"]}, {"7de14a47bfa0e8dea4a60f0483131a4a": ["16", "org.jtb.alogcat.LogActivity"]}, {"7de14a47bfa0e8dea4a60f0483131a4a": ["16", "org.jtb.alogcat.LogActivity"]}, {"7de14a47bfa0e8dea4a60f0483131a4a": ["16", "org.jtb.alogcat.LogActivity"]}, {"7de14a47bfa0e8dea4a60f0483131a4a": ["16", "org.jtb.alogcat.LogActivity"]}, {"7de14a47bfa0e8dea4a60f0483131a4a": ["16", "org.jtb.alogcat.LogActivity"]}, {"7de14a47bfa0e8dea4a60f0483131a4a": ["16", "org.jtb.alogcat.LogActivity"]}, {"7de14a47bfa0e8dea4a60f0483131a4a": ["16", "org.jtb.alogcat.LogActivity"]}, {"7de14a47bfa0e8dea4a60f0483131a4a": ["16", "org.jtb.alogcat.LogActivity"]}, {"7de14a47bfa0e8dea4a60f0483131a4a": ["16", "org.jtb.alogcat.LogActivity"]}, {"7de14a47bfa0e8dea4a60f0483131a4a": ["16", "org.jtb.alogcat.LogActivity"]}, {"7de14a47bfa0e8dea4a60f0483131a4a": ["16", "org.jtb.alogcat.LogActivity"]}, {"b61ec79352049b785714d494c6bf9e1d": ["0", "org.jtb.alogcat.LogActivity"]}, {"7de14a47bfa0e8dea4a60f0483131a4a": ["16", "org.jtb.alogcat.LogActivity"]}, {"7de14a47bfa0e8dea4a60f0483131a4a": ["16", "org.jtb.alogcat.LogActivity"]}, {"b61ec79352049b785714d494c6bf9e1d": ["0", "org.jtb.alogcat.LogActivity"]}, {"7de14a47bfa0e8dea4a60f0483131a4a": ["16", "org.jtb.alogcat.LogActivity"]}, {"7de14a47bfa0e8dea4a60f0483131a4a": ["16", "org.jtb.alogcat.LogActivity"]}, {"7de14a47bfa0e8dea4a60f0483131a4a": ["16", "org.jtb.alogcat.LogActivity"]}, {"7de14a47bfa0e8dea4a60f0483131a4a": ["16", "org.jtb.alogcat.LogActivity"]}, {"7de14a47bfa0e8dea4a60f0483131a4a": ["16", "org.jtb.alogcat.LogActivity"]}, {"7de14a47bfa0e8dea4a60f0483131a4a": ["16", "org.jtb.alogcat.LogActivity"]}, {"7de14a47bfa0e8dea4a60f0483131a4a": ["16", "org.jtb.alogcat.LogActivity"]}, {"b61ec79352049b785714d494c6bf9e1d": ["0", "org.jtb.alogcat.LogActivity"]}, {"7de14a47bfa0e8dea4a60f0483131a4a": ["16", "org.jtb.alogcat.LogActivity"]}, {"7de14a47bfa0e8dea4a60f0483131a4a": ["16", "org.jtb.alogcat.LogActivity"]}, {"7de14a47bfa0e8dea4a60f0483131a4a": ["16", "org.jtb.alogcat.LogActivity"]}, {"7de14a47bfa0e8dea4a60f0483131a4a": ["16", "org.jtb.alogcat.LogActivity"]}, {"7de14a47bfa0e8dea4a60f0483131a4a": ["16", "org.jtb.alogcat.LogActivity"]}, {"7de14a47bfa0e8dea4a60f0483131a4a": ["16", "org.jtb.alogcat.LogActivity"]}, {"7de14a47bfa0e8dea4a60f0483131a4a": ["16", "org.jtb.alogcat.LogActivity"]}, {"7de14a47bfa0e8dea4a60f0483131a4a": ["16", "org.jtb.alogcat.LogActivity"]}, {"7de14a47bfa0e8dea4a60f0483131a4a": ["16", "org.jtb.alogcat.LogActivity"]}, {"7de14a47bfa0e8dea4a60f0483131a4a": ["16", "org.jtb.alogcat.LogActivity"]}, {"b61ec79352049b785714d494c6bf9e1d": ["0", "org.jtb.alogcat.LogActivity"]}, {"7de14a47bfa0e8dea4a60f0483131a4a": ["16", "org.jtb.alogcat.LogActivity"]}, {"7de14a47bfa0e8dea4a60f0483131a4a": ["16", "org.jtb.alogcat.LogActivity"]}, {"7de14a47bfa0e8dea4a60f0483131a4a": ["16", "org.jtb.alogcat.LogActivity"]}, {"7de14a47bfa0e8dea4a60f0483131a4a": ["16", "org.jtb.alogcat.LogActivity"]}, {"7de14a47bfa0e8dea4a60f0483131a4a": ["16", "org.jtb.alogcat.LogActivity"]}, {"7de14a47bfa0e8dea4a60f0483131a4a": ["16", "org.jtb.alogcat.LogActivity"]}, {"7de14a47bfa0e8dea4a60f0483131a4a": ["16", "org.jtb.alogcat.LogActivity"]}, {"7de14a47bfa0e8dea4a60f0483131a4a": ["16", "org.jtb.alogcat.LogActivity"]}, {"7de14a47bfa0e8dea4a60f0483131a4a": ["16", "org.jtb.alogcat.LogActivity"]}, {"7de14a47bfa0e8dea4a60f0483131a4a": ["16", "org.jtb.alogcat.LogActivity"]}, {"7de14a47bfa0e8dea4a60f0483131a4a": ["16", "org.jtb.alogcat.LogActivity"]}, {"7de14a47bfa0e8dea4a60f0483131a4a": ["16", "org.jtb.alogcat.LogActivity"]}, {"7de14a47bfa0e8dea4a60f0483131a4a": ["16", "org.jtb.alogcat.LogActivity"]}, {"7de14a47bfa0e8dea4a60f0483131a4a": ["16", "org.jtb.alogcat.LogActivity"]}, {"7de14a47bfa0e8dea4a60f0483131a4a": ["16", "org.jtb.alogcat.LogActivity"]}, {"7de14a47bfa0e8dea4a60f0483131a4a": ["16", "org.jtb.alogcat.LogActivity"]}, {"7de14a47bfa0e8dea4a60f0483131a4a": ["16", "org.jtb.alogcat.LogActivity"]}, {"b61ec79352049b785714d494c6bf9e1d": ["0", "org.jtb.alogcat.LogActivity"]}, {"fc49c6fd6506aa1916e5f948da777996": ["1", "org.jtb.alogcat.PrefsActivity"]}, {"6408f226e1777a6f9745a78f263ac789": ["4", "org.jtb.alogcat.PrefsActivity"]}, {"fc49c6fd6506aa1916e5f948da777996": ["1", "org.jtb.alogcat.PrefsActivity"]}, {"423b9ded68d0141aafab8bae247118cc": ["3", "org.jtb.alogcat.PrefsActivity"]}, {"fc49c6fd6506aa1916e5f948da777996": ["1", "org.jtb.alogcat.PrefsActivity"]}, {"fc49c6fd6506aa1916e5f948da777996": ["1", "org.jtb.alogcat.PrefsActivity"]}, {"423b9ded68d0141aafab8bae247118cc": ["3", "org.jtb.alogcat.PrefsActivity"]}, {"fc49c6fd6506aa1916e5f948da777996": ["1", "org.jtb.alogcat.PrefsActivity"]}, {"fc49c6fd6506aa1916e5f948da777996": ["1", "org.jtb.alogcat.PrefsActivity"]}, {"d9e85a52319eb7901bef0aa256f4a8f2": ["2", "org.jtb.alogcat.PrefsActivity"]}, {"7de14a47bfa0e8dea4a60f0483131a4a": ["16", "org.jtb.alogcat.LogActivity"]}, {"7de14a47bfa0e8dea4a60f0483131a4a": ["16", "org.jtb.alogcat.LogActivity"]}, {"7de14a47bfa0e8dea4a60f0483131a4a": ["16", "org.jtb.alogcat.LogActivity"]}, {"7de14a47bfa0e8dea4a60f0483131a4a": ["16", "org.jtb.alogcat.LogActivity"]}, {"9a52009c0095f55c10824dc106b8f9cf": ["20", "org.jtb.alogcat.LogActivity"]}, {"9a52009c0095f55c10824dc106b8f9cf": ["20", "org.jtb.alogcat.LogActivity"]}, {"b61ec79352049b785714d494c6bf9e1d": ["0", "org.jtb.alogcat.LogActivity"]}, {"fc49c6fd6506aa1916e5f948da777996": ["1", "org.jtb.alogcat.PrefsActivity"]}, {"423b9ded68d0141aafab8bae247118cc": ["3", "org.jtb.alogcat.PrefsActivity"]}, {"fc49c6fd6506aa1916e5f948da777996": ["1", "org.jtb.alogcat.PrefsActivity"]}, {"fc49c6fd6506aa1916e5f948da777996": ["1", "org.jtb.alogcat.PrefsActivity"]}, {"fc49c6fd6506aa1916e5f948da777996": ["1", "org.jtb.alogcat.PrefsActivity"]}, {"d9e85a52319eb7901bef0aa256f4a8f2": ["2", "org.jtb.alogcat.PrefsActivity"]}, {"fc49c6fd6506aa1916e5f948da777996": ["1", "org.jtb.alogcat.PrefsActivity"]}, {"fc49c6fd6506aa1916e5f948da777996": ["1", "org.jtb.alogcat.PrefsActivity"]}, {"423b9ded68d0141aafab8bae247118cc": ["3", "org.jtb.alogcat.PrefsActivity"]}, {"fc49c6fd6506aa1916e5f948da777996": ["1", "org.jtb.alogcat.PrefsActivity"]}, {"423b9ded68d0141aafab8bae247118cc": ["3", "org.jtb.alogcat.PrefsActivity"]}, {"fc49c6fd6506aa1916e5f948da777996": ["1", "org.jtb.alogcat.PrefsActivity"]}, {"fc49c6fd6506aa1916e5f948da777996": ["1", "org.jtb.alogcat.PrefsActivity"]}, {"fc49c6fd6506aa1916e5f948da777996": ["1", "org.jtb.alogcat.PrefsActivity"]}, {"fc49c6fd6506aa1916e5f948da777996": ["1", "org.jtb.alogcat.PrefsActivity"]}, {"fc49c6fd6506aa1916e5f948da777996": ["1", "org.jtb.alogcat.PrefsActivity"]}, {"fc49c6fd6506aa1916e5f948da777996": ["1", "org.jtb.alogcat.PrefsActivity"]}, {"d9e85a52319eb7901bef0aa256f4a8f2": ["2", "org.jtb.alogcat.PrefsActivity"]}, {"fc49c6fd6506aa1916e5f948da777996": ["1", "org.jtb.alogcat.PrefsActivity"]}, {"423b9ded68d0141aafab8bae247118cc": ["3", "org.jtb.alogcat.PrefsActivity"]}, {"fc49c6fd6506aa1916e5f948da777996": ["1", "org.jtb.alogcat.PrefsActivity"]}, {"423b9ded68d0141aafab8bae247118cc": ["3", "org.jtb.alogcat.PrefsActivity"]}, {"fc49c6fd6506aa1916e5f948da777996": ["1", "org.jtb.alogcat.PrefsActivity"]}, {"423b9ded68d0141aafab8bae247118cc": ["3", "org.jtb.alogcat.PrefsActivity"]}, {"fc49c6fd6506aa1916e5f948da777996": ["1", "org.jtb.alogcat.PrefsActivity"]}, {"d9e85a52319eb7901bef0aa256f4a8f2": ["2", "org.jtb.alogcat.PrefsActivity"]}, {"fc49c6fd6506aa1916e5f948da777996": ["1", "org.jtb.alogcat.PrefsActivity"]}, {"7de14a47bfa0e8dea4a60f0483131a4a": ["16", "org.jtb.alogcat.LogActivity"]}, {"7de14a47bfa0e8dea4a60f0483131a4a": ["16", "org.jtb.alogcat.LogActivity"]}, {"6b932d3142d76b2b8ab0965444388582": ["6", "org.jtb.alogcat.LogActivity"]}, {"6b932d3142d76b2b8ab0965444388582": ["6", "org.jtb.alogcat.LogActivity"]}, {"b61ec79352049b785714d494c6bf9e1d": ["0", "org.jtb.alogcat.LogActivity"]}, {"6b932d3142d76b2b8ab0965444388582": ["6", "org.jtb.alogcat.LogActivity"]}, {"41d28a738f6ba3480331fbee554fb09f": ["29", "org.jtb.alogcat.LogActivity"]}, {"6b932d3142d76b2b8ab0965444388582": ["6", "org.jtb.alogcat.LogActivity"]}, {"6b932d3142d76b2b8ab0965444388582": ["6", "org.jtb.alogcat.LogActivity"]}, {"83f7235e26700df19fd7bbe5998b71b2": ["41", "org.jtb.alogcat.LogActivity"]}, {"83f7235e26700df19fd7bbe5998b71b2": ["41", "org.jtb.alogcat.LogActivity"]}, {"6b932d3142d76b2b8ab0965444388582": ["6", "org.jtb.alogcat.LogActivity"]}, {"6b932d3142d76b2b8ab0965444388582": ["6", "org.jtb.alogcat.LogActivity"]}, {"6b932d3142d76b2b8ab0965444388582": ["6", "org.jtb.alogcat.LogActivity"]}, {"6b932d3142d76b2b8ab0965444388582": ["6", "org.jtb.alogcat.LogActivity"]}, {"6b932d3142d76b2b8ab0965444388582": ["6", "org.jtb.alogcat.LogActivity"]}, {"6b932d3142d76b2b8ab0965444388582": ["6", "org.jtb.alogcat.LogActivity"]}, {"a1cadff68941d3f0a94bc15c2e9a99d3": ["15", "org.jtb.alogcat.LogActivity"]}, {"6b932d3142d76b2b8ab0965444388582": ["6", "org.jtb.alogcat.LogActivity"]}, {"6b932d3142d76b2b8ab0965444388582": ["6", "org.jtb.alogcat.LogActivity"]}, {"6b932d3142d76b2b8ab0965444388582": ["6", "org.jtb.alogcat.LogActivity"]}, {"6b932d3142d76b2b8ab0965444388582": ["6", "org.jtb.alogcat.LogActivity"]}, {"6b932d3142d76b2b8ab0965444388582": ["6", "org.jtb.alogcat.LogActivity"]}, {"27e7108492e8f0e12bf105261cb06ad1": ["7", "org.jtb.alogcat.LogActivity"]}, {"6b932d3142d76b2b8ab0965444388582": ["6", "org.jtb.alogcat.LogActivity"]}, {"41d28a738f6ba3480331fbee554fb09f": ["29", "org.jtb.alogcat.LogActivity"]}, {"6b932d3142d76b2b8ab0965444388582": ["6", "org.jtb.alogcat.LogActivity"]}]