[{"a0e2b2d4f7a89c58ba223acb4fb4b758": ["9", "org.jtb.alogcat.LogActivity"]}, {"b0319ac3e811c06b4989b52817ba5fba": ["13", "org.jtb.alogcat.LogActivity"]}, {"b0319ac3e811c06b4989b52817ba5fba": ["13", "org.jtb.alogcat.LogActivity"]}, {"b0319ac3e811c06b4989b52817ba5fba": ["13", "org.jtb.alogcat.LogActivity"]}, {"af4b0a182149d1cdf913860034223343": ["18", "org.jtb.alogcat.LogActivity"]}, {"af4b0a182149d1cdf913860034223343": ["18", "org.jtb.alogcat.LogActivity"]}, {"af4b0a182149d1cdf913860034223343": ["18", "org.jtb.alogcat.LogActivity"]}, {"b61ec79352049b785714d494c6bf9e1d": ["0", "org.jtb.alogcat.LogActivity"]}, {"b0319ac3e811c06b4989b52817ba5fba": ["13", "org.jtb.alogcat.LogActivity"]}, {"b0319ac3e811c06b4989b52817ba5fba": ["13", "org.jtb.alogcat.LogActivity"]}, {"dd6c03fbf5b7a8d366c79133f6bdf448": ["17", "org.jtb.alogcat.LogActivity"]}, {"dd6c03fbf5b7a8d366c79133f6bdf448": ["17", "org.jtb.alogcat.LogActivity"]}, {"af4b0a182149d1cdf913860034223343": ["18", "org.jtb.alogcat.LogActivity"]}, {"af4b0a182149d1cdf913860034223343": ["18", "org.jtb.alogcat.LogActivity"]}, {"b61ec79352049b785714d494c6bf9e1d": ["0", "org.jtb.alogcat.LogActivity"]}, {"af4b0a182149d1cdf913860034223343": ["18", "org.jtb.alogcat.LogActivity"]}, {"af4b0a182149d1cdf913860034223343": ["18", "org.jtb.alogcat.LogActivity"]}, {"dd6c03fbf5b7a8d366c79133f6bdf448": ["17", "org.jtb.alogcat.LogActivity"]}, {"dd6c03fbf5b7a8d366c79133f6bdf448": ["17", "org.jtb.alogcat.LogActivity"]}, {"b61ec79352049b785714d494c6bf9e1d": ["0", "org.jtb.alogcat.LogActivity"]}, {"7de14a47bfa0e8dea4a60f0483131a4a": ["16", "org.jtb.alogcat.LogActivity"]}, {"7de14a47bfa0e8dea4a60f0483131a4a": ["16", "org.jtb.alogcat.LogActivity"]}, {"7de14a47bfa0e8dea4a60f0483131a4a": ["16", "org.jtb.alogcat.LogActivity"]}, {"7de14a47bfa0e8dea4a60f0483131a4a": ["16", "org.jtb.alogcat.LogActivity"]}, {"b61ec79352049b785714d494c6bf9e1d": ["0", "org.jtb.alogcat.LogActivity"]}, {"7de14a47bfa0e8dea4a60f0483131a4a": ["16", "org.jtb.alogcat.LogActivity"]}, {"af4b0a182149d1cdf913860034223343": ["18", "org.jtb.alogcat.LogActivity"]}, {"b61ec79352049b785714d494c6bf9e1d": ["0", "org.jtb.alogcat.LogActivity"]}, {"b61ec79352049b785714d494c6bf9e1d": ["0", "org.jtb.alogcat.LogActivity"]}, {"fc49c6fd6506aa1916e5f948da777996": ["1", "org.jtb.alogcat.PrefsActivity"]}, {"423b9ded68d0141aafab8bae247118cc": ["3", "org.jtb.alogcat.PrefsActivity"]}, {"fc49c6fd6506aa1916e5f948da777996": ["1", "org.jtb.alogcat.PrefsActivity"]}, {"fc49c6fd6506aa1916e5f948da777996": ["1", "org.jtb.alogcat.PrefsActivity"]}, {"fc49c6fd6506aa1916e5f948da777996": ["1", "org.jtb.alogcat.PrefsActivity"]}, {"423b9ded68d0141aafab8bae247118cc": ["3", "org.jtb.alogcat.PrefsActivity"]}, {"fc49c6fd6506aa1916e5f948da777996": ["1", "org.jtb.alogcat.PrefsActivity"]}, {"fc49c6fd6506aa1916e5f948da777996": ["1", "org.jtb.alogcat.PrefsActivity"]}, {"fc49c6fd6506aa1916e5f948da777996": ["1", "org.jtb.alogcat.PrefsActivity"]}, {"d9e85a52319eb7901bef0aa256f4a8f2": ["2", "org.jtb.alogcat.PrefsActivity"]}, {"fc49c6fd6506aa1916e5f948da777996": ["1", "org.jtb.alogcat.PrefsActivity"]}, {"423b9ded68d0141aafab8bae247118cc": ["3", "org.jtb.alogcat.PrefsActivity"]}, {"fc49c6fd6506aa1916e5f948da777996": ["1", "org.jtb.alogcat.PrefsActivity"]}, {"fc49c6fd6506aa1916e5f948da777996": ["1", "org.jtb.alogcat.PrefsActivity"]}, {"fc49c6fd6506aa1916e5f948da777996": ["1", "org.jtb.alogcat.PrefsActivity"]}, {"fc49c6fd6506aa1916e5f948da777996": ["1", "org.jtb.alogcat.PrefsActivity"]}, {"423b9ded68d0141aafab8bae247118cc": ["3", "org.jtb.alogcat.PrefsActivity"]}, {"fc49c6fd6506aa1916e5f948da777996": ["1", "org.jtb.alogcat.PrefsActivity"]}, {"d9e85a52319eb7901bef0aa256f4a8f2": ["2", "org.jtb.alogcat.PrefsActivity"]}, {"fc49c6fd6506aa1916e5f948da777996": ["1", "org.jtb.alogcat.PrefsActivity"]}, {"fc49c6fd6506aa1916e5f948da777996": ["1", "org.jtb.alogcat.PrefsActivity"]}, {"423b9ded68d0141aafab8bae247118cc": ["3", "org.jtb.alogcat.PrefsActivity"]}, {"fc49c6fd6506aa1916e5f948da777996": ["1", "org.jtb.alogcat.PrefsActivity"]}, {"fc49c6fd6506aa1916e5f948da777996": ["1", "org.jtb.alogcat.PrefsActivity"]}, {"d9e85a52319eb7901bef0aa256f4a8f2": ["2", "org.jtb.alogcat.PrefsActivity"]}, {"fc49c6fd6506aa1916e5f948da777996": ["1", "org.jtb.alogcat.PrefsActivity"]}, {"fc49c6fd6506aa1916e5f948da777996": ["1", "org.jtb.alogcat.PrefsActivity"]}, {"423b9ded68d0141aafab8bae247118cc": ["3", "org.jtb.alogcat.PrefsActivity"]}, {"fc49c6fd6506aa1916e5f948da777996": ["1", "org.jtb.alogcat.PrefsActivity"]}, {"423b9ded68d0141aafab8bae247118cc": ["3", "org.jtb.alogcat.PrefsActivity"]}, {"fc49c6fd6506aa1916e5f948da777996": ["1", "org.jtb.alogcat.PrefsActivity"]}, {"fc49c6fd6506aa1916e5f948da777996": ["1", "org.jtb.alogcat.PrefsActivity"]}, {"423b9ded68d0141aafab8bae247118cc": ["3", "org.jtb.alogcat.PrefsActivity"]}, {"fc49c6fd6506aa1916e5f948da777996": ["1", "org.jtb.alogcat.PrefsActivity"]}, {"d9e85a52319eb7901bef0aa256f4a8f2": ["2", "org.jtb.alogcat.PrefsActivity"]}, {"fc49c6fd6506aa1916e5f948da777996": ["1", "org.jtb.alogcat.PrefsActivity"]}, {"fc49c6fd6506aa1916e5f948da777996": ["1", "org.jtb.alogcat.PrefsActivity"]}, {"423b9ded68d0141aafab8bae247118cc": ["3", "org.jtb.alogcat.PrefsActivity"]}, {"fc49c6fd6506aa1916e5f948da777996": ["1", "org.jtb.alogcat.PrefsActivity"]}, {"423b9ded68d0141aafab8bae247118cc": ["3", "org.jtb.alogcat.PrefsActivity"]}, {"fc49c6fd6506aa1916e5f948da777996": ["1", "org.jtb.alogcat.PrefsActivity"]}, {"423b9ded68d0141aafab8bae247118cc": ["3", "org.jtb.alogcat.PrefsActivity"]}, {"fc49c6fd6506aa1916e5f948da777996": ["1", "org.jtb.alogcat.PrefsActivity"]}, {"fc49c6fd6506aa1916e5f948da777996": ["1", "org.jtb.alogcat.PrefsActivity"]}, {"fc49c6fd6506aa1916e5f948da777996": ["1", "org.jtb.alogcat.PrefsActivity"]}, {"fc49c6fd6506aa1916e5f948da777996": ["1", "org.jtb.alogcat.PrefsActivity"]}, {"d9e85a52319eb7901bef0aa256f4a8f2": ["2", "org.jtb.alogcat.PrefsActivity"]}, {"fc49c6fd6506aa1916e5f948da777996": ["1", "org.jtb.alogcat.PrefsActivity"]}, {"6408f226e1777a6f9745a78f263ac789": ["4", "org.jtb.alogcat.PrefsActivity"]}, {"fc49c6fd6506aa1916e5f948da777996": ["1", "org.jtb.alogcat.PrefsActivity"]}, {"6408f226e1777a6f9745a78f263ac789": ["4", "org.jtb.alogcat.PrefsActivity"]}, {"fc49c6fd6506aa1916e5f948da777996": ["1", "org.jtb.alogcat.PrefsActivity"]}, {"423b9ded68d0141aafab8bae247118cc": ["3", "org.jtb.alogcat.PrefsActivity"]}, {"7de14a47bfa0e8dea4a60f0483131a4a": ["16", "org.jtb.alogcat.LogActivity"]}, {"7de14a47bfa0e8dea4a60f0483131a4a": ["16", "org.jtb.alogcat.LogActivity"]}, {"7de14a47bfa0e8dea4a60f0483131a4a": ["16", "org.jtb.alogcat.LogActivity"]}, {"b61ec79352049b785714d494c6bf9e1d": ["0", "org.jtb.alogcat.LogActivity"]}, {"7de14a47bfa0e8dea4a60f0483131a4a": ["16", "org.jtb.alogcat.LogActivity"]}, {"7de14a47bfa0e8dea4a60f0483131a4a": ["16", "org.jtb.alogcat.LogActivity"]}, {"7de14a47bfa0e8dea4a60f0483131a4a": ["16", "org.jtb.alogcat.LogActivity"]}, {"b61ec79352049b785714d494c6bf9e1d": ["0", "org.jtb.alogcat.LogActivity"]}, {"7de14a47bfa0e8dea4a60f0483131a4a": ["16", "org.jtb.alogcat.LogActivity"]}, {"7de14a47bfa0e8dea4a60f0483131a4a": ["16", "org.jtb.alogcat.LogActivity"]}, {"b61ec79352049b785714d494c6bf9e1d": ["0", "org.jtb.alogcat.LogActivity"]}, {"fc49c6fd6506aa1916e5f948da777996": ["1", "org.jtb.alogcat.PrefsActivity"]}, {"423b9ded68d0141aafab8bae247118cc": ["3", "org.jtb.alogcat.PrefsActivity"]}, {"fc49c6fd6506aa1916e5f948da777996": ["1", "org.jtb.alogcat.PrefsActivity"]}, {"fc49c6fd6506aa1916e5f948da777996": ["1", "org.jtb.alogcat.PrefsActivity"]}, {"d9e85a52319eb7901bef0aa256f4a8f2": ["2", "org.jtb.alogcat.PrefsActivity"]}, {"fc49c6fd6506aa1916e5f948da777996": ["1", "org.jtb.alogcat.PrefsActivity"]}, {"fc49c6fd6506aa1916e5f948da777996": ["1", "org.jtb.alogcat.PrefsActivity"]}, {"423b9ded68d0141aafab8bae247118cc": ["3", "org.jtb.alogcat.PrefsActivity"]}, {"fc49c6fd6506aa1916e5f948da777996": ["1", "org.jtb.alogcat.PrefsActivity"]}, {"fc49c6fd6506aa1916e5f948da777996": ["1", "org.jtb.alogcat.PrefsActivity"]}, {"d9e85a52319eb7901bef0aa256f4a8f2": ["2", "org.jtb.alogcat.PrefsActivity"]}, {"fc49c6fd6506aa1916e5f948da777996": ["1", "org.jtb.alogcat.PrefsActivity"]}, {"6408f226e1777a6f9745a78f263ac789": ["4", "org.jtb.alogcat.PrefsActivity"]}, {"fc49c6fd6506aa1916e5f948da777996": ["1", "org.jtb.alogcat.PrefsActivity"]}, {"fc49c6fd6506aa1916e5f948da777996": ["1", "org.jtb.alogcat.PrefsActivity"]}, {"423b9ded68d0141aafab8bae247118cc": ["3", "org.jtb.alogcat.PrefsActivity"]}, {"b61ec79352049b785714d494c6bf9e1d": ["0", "org.jtb.alogcat.LogActivity"]}, {"5a19f785016bcd5bf634e78d3df238aa": ["31", "org.jtb.alogcat.LogActivity"]}, {"5a19f785016bcd5bf634e78d3df238aa": ["31", "org.jtb.alogcat.LogActivity"]}, {"5a19f785016bcd5bf634e78d3df238aa": ["31", "org.jtb.alogcat.LogActivity"]}, {"b61ec79352049b785714d494c6bf9e1d": ["0", "org.jtb.alogcat.LogActivity"]}, {"5a19f785016bcd5bf634e78d3df238aa": ["31", "org.jtb.alogcat.LogActivity"]}, {"5a19f785016bcd5bf634e78d3df238aa": ["31", "org.jtb.alogcat.LogActivity"]}, {"5a19f785016bcd5bf634e78d3df238aa": ["31", "org.jtb.alogcat.LogActivity"]}, {"5a19f785016bcd5bf634e78d3df238aa": ["31", "org.jtb.alogcat.LogActivity"]}, {"5a19f785016bcd5bf634e78d3df238aa": ["31", "org.jtb.alogcat.LogActivity"]}, {"5a19f785016bcd5bf634e78d3df238aa": ["31", "org.jtb.alogcat.LogActivity"]}, {"5a19f785016bcd5bf634e78d3df238aa": ["31", "org.jtb.alogcat.LogActivity"]}, {"5a19f785016bcd5bf634e78d3df238aa": ["31", "org.jtb.alogcat.LogActivity"]}, {"5a19f785016bcd5bf634e78d3df238aa": ["31", "org.jtb.alogcat.LogActivity"]}, {"5a19f785016bcd5bf634e78d3df238aa": ["31", "org.jtb.alogcat.LogActivity"]}, {"b61ec79352049b785714d494c6bf9e1d": ["0", "org.jtb.alogcat.LogActivity"]}, {"7de14a47bfa0e8dea4a60f0483131a4a": ["16", "org.jtb.alogcat.LogActivity"]}, {"7de14a47bfa0e8dea4a60f0483131a4a": ["16", "org.jtb.alogcat.LogActivity"]}, {"7de14a47bfa0e8dea4a60f0483131a4a": ["16", "org.jtb.alogcat.LogActivity"]}, {"5a19f785016bcd5bf634e78d3df238aa": ["31", "org.jtb.alogcat.LogActivity"]}, {"5a19f785016bcd5bf634e78d3df238aa": ["31", "org.jtb.alogcat.LogActivity"]}, {"5a19f785016bcd5bf634e78d3df238aa": ["31", "org.jtb.alogcat.LogActivity"]}, {"5a19f785016bcd5bf634e78d3df238aa": ["31", "org.jtb.alogcat.LogActivity"]}, {"5a19f785016bcd5bf634e78d3df238aa": ["31", "org.jtb.alogcat.LogActivity"]}, {"5a19f785016bcd5bf634e78d3df238aa": ["31", "org.jtb.alogcat.LogActivity"]}, {"5a19f785016bcd5bf634e78d3df238aa": ["31", "org.jtb.alogcat.LogActivity"]}, {"5a19f785016bcd5bf634e78d3df238aa": ["31", "org.jtb.alogcat.LogActivity"]}, {"5a19f785016bcd5bf634e78d3df238aa": ["31", "org.jtb.alogcat.LogActivity"]}, {"5a19f785016bcd5bf634e78d3df238aa": ["31", "org.jtb.alogcat.LogActivity"]}, {"5a19f785016bcd5bf634e78d3df238aa": ["31", "org.jtb.alogcat.LogActivity"]}, {"5a19f785016bcd5bf634e78d3df238aa": ["31", "org.jtb.alogcat.LogActivity"]}, {"5a19f785016bcd5bf634e78d3df238aa": ["31", "org.jtb.alogcat.LogActivity"]}, {"5a19f785016bcd5bf634e78d3df238aa": ["31", "org.jtb.alogcat.LogActivity"]}, {"5a19f785016bcd5bf634e78d3df238aa": ["31", "org.jtb.alogcat.LogActivity"]}, {"5a19f785016bcd5bf634e78d3df238aa": ["31", "org.jtb.alogcat.LogActivity"]}, {"b61ec79352049b785714d494c6bf9e1d": ["0", "org.jtb.alogcat.LogActivity"]}, {"5a19f785016bcd5bf634e78d3df238aa": ["31", "org.jtb.alogcat.LogActivity"]}, {"5a19f785016bcd5bf634e78d3df238aa": ["31", "org.jtb.alogcat.LogActivity"]}, {"5a19f785016bcd5bf634e78d3df238aa": ["31", "org.jtb.alogcat.LogActivity"]}, {"5a19f785016bcd5bf634e78d3df238aa": ["31", "org.jtb.alogcat.LogActivity"]}, {"5a19f785016bcd5bf634e78d3df238aa": ["31", "org.jtb.alogcat.LogActivity"]}, {"5a19f785016bcd5bf634e78d3df238aa": ["31", "org.jtb.alogcat.LogActivity"]}, {"5a19f785016bcd5bf634e78d3df238aa": ["31", "org.jtb.alogcat.LogActivity"]}, {"5a19f785016bcd5bf634e78d3df238aa": ["31", "org.jtb.alogcat.LogActivity"]}, {"5a19f785016bcd5bf634e78d3df238aa": ["31", "org.jtb.alogcat.LogActivity"]}, {"b61ec79352049b785714d494c6bf9e1d": ["0", "org.jtb.alogcat.LogActivity"]}, {"5a19f785016bcd5bf634e78d3df238aa": ["31", "org.jtb.alogcat.LogActivity"]}, {"5a19f785016bcd5bf634e78d3df238aa": ["31", "org.jtb.alogcat.LogActivity"]}, {"b61ec79352049b785714d494c6bf9e1d": ["0", "org.jtb.alogcat.LogActivity"]}, {"7de14a47bfa0e8dea4a60f0483131a4a": ["16", "org.jtb.alogcat.LogActivity"]}, {"7de14a47bfa0e8dea4a60f0483131a4a": ["16", "org.jtb.alogcat.LogActivity"]}, {"b61ec79352049b785714d494c6bf9e1d": ["0", "org.jtb.alogcat.LogActivity"]}, {"5a19f785016bcd5bf634e78d3df238aa": ["31", "org.jtb.alogcat.LogActivity"]}, {"5a19f785016bcd5bf634e78d3df238aa": ["31", "org.jtb.alogcat.LogActivity"]}, {"5a19f785016bcd5bf634e78d3df238aa": ["31", "org.jtb.alogcat.LogActivity"]}, {"5a19f785016bcd5bf634e78d3df238aa": ["31", "org.jtb.alogcat.LogActivity"]}, {"5a19f785016bcd5bf634e78d3df238aa": ["31", "org.jtb.alogcat.LogActivity"]}, {"5a19f785016bcd5bf634e78d3df238aa": ["31", "org.jtb.alogcat.LogActivity"]}, {"5a19f785016bcd5bf634e78d3df238aa": ["31", "org.jtb.alogcat.LogActivity"]}, {"b61ec79352049b785714d494c6bf9e1d": ["0", "org.jtb.alogcat.LogActivity"]}, {"5a19f785016bcd5bf634e78d3df238aa": ["31", "org.jtb.alogcat.LogActivity"]}, {"5a19f785016bcd5bf634e78d3df238aa": ["31", "org.jtb.alogcat.LogActivity"]}, {"5a19f785016bcd5bf634e78d3df238aa": ["31", "org.jtb.alogcat.LogActivity"]}, {"b61ec79352049b785714d494c6bf9e1d": ["0", "org.jtb.alogcat.LogActivity"]}, {"fc49c6fd6506aa1916e5f948da777996": ["1", "org.jtb.alogcat.PrefsActivity"]}, {"fc49c6fd6506aa1916e5f948da777996": ["1", "org.jtb.alogcat.PrefsActivity"]}, {"423b9ded68d0141aafab8bae247118cc": ["3", "org.jtb.alogcat.PrefsActivity"]}, {"fc49c6fd6506aa1916e5f948da777996": ["1", "org.jtb.alogcat.PrefsActivity"]}, {"6408f226e1777a6f9745a78f263ac789": ["4", "org.jtb.alogcat.PrefsActivity"]}, {"b61ec79352049b785714d494c6bf9e1d": ["0", "org.jtb.alogcat.LogActivity"]}, {"e9c2947899749eb44b350a5860dd5a30": ["59", "org.jtb.alogcat.LogActivity"]}, {"e9c2947899749eb44b350a5860dd5a30": ["59", "org.jtb.alogcat.LogActivity"]}, {"e9c2947899749eb44b350a5860dd5a30": ["59", "org.jtb.alogcat.LogActivity"]}, {"b61ec79352049b785714d494c6bf9e1d": ["0", "org.jtb.alogcat.LogActivity"]}, {"e9c2947899749eb44b350a5860dd5a30": ["59", "org.jtb.alogcat.LogActivity"]}, {"d7ed7d016ecefa85afc61c9f6576c110": ["37", "org.jtb.alogcat.LogActivity"]}, {"d7ed7d016ecefa85afc61c9f6576c110": ["37", "org.jtb.alogcat.LogActivity"]}, {"b61ec79352049b785714d494c6bf9e1d": ["0", "org.jtb.alogcat.LogActivity"]}, {"d7ed7d016ecefa85afc61c9f6576c110": ["37", "org.jtb.alogcat.LogActivity"]}, {"d7ed7d016ecefa85afc61c9f6576c110": ["37", "org.jtb.alogcat.LogActivity"]}, {"d7ed7d016ecefa85afc61c9f6576c110": ["37", "org.jtb.alogcat.LogActivity"]}, {"d7ed7d016ecefa85afc61c9f6576c110": ["37", "org.jtb.alogcat.LogActivity"]}, {"d7ed7d016ecefa85afc61c9f6576c110": ["37", "org.jtb.alogcat.LogActivity"]}, {"d7ed7d016ecefa85afc61c9f6576c110": ["37", "org.jtb.alogcat.LogActivity"]}, {"d7ed7d016ecefa85afc61c9f6576c110": ["37", "org.jtb.alogcat.LogActivity"]}, {"d7ed7d016ecefa85afc61c9f6576c110": ["37", "org.jtb.alogcat.LogActivity"]}, {"b61ec79352049b785714d494c6bf9e1d": ["0", "org.jtb.alogcat.LogActivity"]}, {"d7ed7d016ecefa85afc61c9f6576c110": ["37", "org.jtb.alogcat.LogActivity"]}, {"d1b39f938e8538528a0f5ec4f773a61f": ["14", "org.jtb.alogcat.LogActivity"]}, {"d7ed7d016ecefa85afc61c9f6576c110": ["37", "org.jtb.alogcat.LogActivity"]}, {"d7ed7d016ecefa85afc61c9f6576c110": ["37", "org.jtb.alogcat.LogActivity"]}, {"d7ed7d016ecefa85afc61c9f6576c110": ["37", "org.jtb.alogcat.LogActivity"]}, {"b61ec79352049b785714d494c6bf9e1d": ["0", "org.jtb.alogcat.LogActivity"]}, {"7de14a47bfa0e8dea4a60f0483131a4a": ["16", "org.jtb.alogcat.LogActivity"]}, {"7de14a47bfa0e8dea4a60f0483131a4a": ["16", "org.jtb.alogcat.LogActivity"]}, {"fb146e24037909b919c2f1b3072d90b9": ["32", "org.jtb.alogcat.LogActivity"]}, {"14b6537e76895a3bbdbe63132024bde8": ["26", "org.jtb.alogcat.LogActivity"]}, {"b61ec79352049b785714d494c6bf9e1d": ["0", "org.jtb.alogcat.LogActivity"]}, {"d7ed7d016ecefa85afc61c9f6576c110": ["37", "org.jtb.alogcat.LogActivity"]}, {"d7ed7d016ecefa85afc61c9f6576c110": ["37", "org.jtb.alogcat.LogActivity"]}, {"d7ed7d016ecefa85afc61c9f6576c110": ["37", "org.jtb.alogcat.LogActivity"]}, {"d7ed7d016ecefa85afc61c9f6576c110": ["37", "org.jtb.alogcat.LogActivity"]}, {"d7ed7d016ecefa85afc61c9f6576c110": ["37", "org.jtb.alogcat.LogActivity"]}, {"d7ed7d016ecefa85afc61c9f6576c110": ["37", "org.jtb.alogcat.LogActivity"]}, {"d7ed7d016ecefa85afc61c9f6576c110": ["37", "org.jtb.alogcat.LogActivity"]}, {"d7ed7d016ecefa85afc61c9f6576c110": ["37", "org.jtb.alogcat.LogActivity"]}, {"d7ed7d016ecefa85afc61c9f6576c110": ["37", "org.jtb.alogcat.LogActivity"]}, {"d7ed7d016ecefa85afc61c9f6576c110": ["37", "org.jtb.alogcat.LogActivity"]}, {"d7ed7d016ecefa85afc61c9f6576c110": ["37", "org.jtb.alogcat.LogActivity"]}, {"d7ed7d016ecefa85afc61c9f6576c110": ["37", "org.jtb.alogcat.LogActivity"]}, {"d7ed7d016ecefa85afc61c9f6576c110": ["37", "org.jtb.alogcat.LogActivity"]}, {"b61ec79352049b785714d494c6bf9e1d": ["0", "org.jtb.alogcat.LogActivity"]}, {"d7ed7d016ecefa85afc61c9f6576c110": ["37", "org.jtb.alogcat.LogActivity"]}, {"d7ed7d016ecefa85afc61c9f6576c110": ["37", "org.jtb.alogcat.LogActivity"]}, {"d7ed7d016ecefa85afc61c9f6576c110": ["37", "org.jtb.alogcat.LogActivity"]}, {"d7ed7d016ecefa85afc61c9f6576c110": ["37", "org.jtb.alogcat.LogActivity"]}, {"d7ed7d016ecefa85afc61c9f6576c110": ["37", "org.jtb.alogcat.LogActivity"]}, {"d7ed7d016ecefa85afc61c9f6576c110": ["37", "org.jtb.alogcat.LogActivity"]}, {"d7ed7d016ecefa85afc61c9f6576c110": ["37", "org.jtb.alogcat.LogActivity"]}, {"d7ed7d016ecefa85afc61c9f6576c110": ["37", "org.jtb.alogcat.LogActivity"]}, {"d7ed7d016ecefa85afc61c9f6576c110": ["37", "org.jtb.alogcat.LogActivity"]}, {"d7ed7d016ecefa85afc61c9f6576c110": ["37", "org.jtb.alogcat.LogActivity"]}, {"d7ed7d016ecefa85afc61c9f6576c110": ["37", "org.jtb.alogcat.LogActivity"]}, {"d7ed7d016ecefa85afc61c9f6576c110": ["37", "org.jtb.alogcat.LogActivity"]}, {"d7ed7d016ecefa85afc61c9f6576c110": ["37", "org.jtb.alogcat.LogActivity"]}, {"d7ed7d016ecefa85afc61c9f6576c110": ["37", "org.jtb.alogcat.LogActivity"]}, {"d7ed7d016ecefa85afc61c9f6576c110": ["37", "org.jtb.alogcat.LogActivity"]}, {"d7ed7d016ecefa85afc61c9f6576c110": ["37", "org.jtb.alogcat.LogActivity"]}, {"d7ed7d016ecefa85afc61c9f6576c110": ["37", "org.jtb.alogcat.LogActivity"]}, {"d7ed7d016ecefa85afc61c9f6576c110": ["37", "org.jtb.alogcat.LogActivity"]}, {"d7ed7d016ecefa85afc61c9f6576c110": ["37", "org.jtb.alogcat.LogActivity"]}, {"d7ed7d016ecefa85afc61c9f6576c110": ["37", "org.jtb.alogcat.LogActivity"]}, {"d7ed7d016ecefa85afc61c9f6576c110": ["37", "org.jtb.alogcat.LogActivity"]}, {"d7ed7d016ecefa85afc61c9f6576c110": ["37", "org.jtb.alogcat.LogActivity"]}, {"d7ed7d016ecefa85afc61c9f6576c110": ["37", "org.jtb.alogcat.LogActivity"]}, {"d1b39f938e8538528a0f5ec4f773a61f": ["14", "org.jtb.alogcat.LogActivity"]}, {"b61ec79352049b785714d494c6bf9e1d": ["0", "org.jtb.alogcat.LogActivity"]}, {"fc49c6fd6506aa1916e5f948da777996": ["1", "org.jtb.alogcat.PrefsActivity"]}, {"423b9ded68d0141aafab8bae247118cc": ["3", "org.jtb.alogcat.PrefsActivity"]}, {"fc49c6fd6506aa1916e5f948da777996": ["1", "org.jtb.alogcat.PrefsActivity"]}, {"fc49c6fd6506aa1916e5f948da777996": ["1", "org.jtb.alogcat.PrefsActivity"]}, {"d9e85a52319eb7901bef0aa256f4a8f2": ["2", "org.jtb.alogcat.PrefsActivity"]}, {"fc49c6fd6506aa1916e5f948da777996": ["1", "org.jtb.alogcat.PrefsActivity"]}, {"fc49c6fd6506aa1916e5f948da777996": ["1", "org.jtb.alogcat.PrefsActivity"]}, {"d9e85a52319eb7901bef0aa256f4a8f2": ["2", "org.jtb.alogcat.PrefsActivity"]}, {"fc49c6fd6506aa1916e5f948da777996": ["1", "org.jtb.alogcat.PrefsActivity"]}, {"423b9ded68d0141aafab8bae247118cc": ["3", "org.jtb.alogcat.PrefsActivity"]}, {"fc49c6fd6506aa1916e5f948da777996": ["1", "org.jtb.alogcat.PrefsActivity"]}, {"423b9ded68d0141aafab8bae247118cc": ["3", "org.jtb.alogcat.PrefsActivity"]}, {"fc49c6fd6506aa1916e5f948da777996": ["1", "org.jtb.alogcat.PrefsActivity"]}, {"423b9ded68d0141aafab8bae247118cc": ["3", "org.jtb.alogcat.PrefsActivity"]}, {"fc49c6fd6506aa1916e5f948da777996": ["1", "org.jtb.alogcat.PrefsActivity"]}, {"d9e85a52319eb7901bef0aa256f4a8f2": ["2", "org.jtb.alogcat.PrefsActivity"]}, {"fc49c6fd6506aa1916e5f948da777996": ["1", "org.jtb.alogcat.PrefsActivity"]}, {"6408f226e1777a6f9745a78f263ac789": ["4", "org.jtb.alogcat.PrefsActivity"]}, {"fc49c6fd6506aa1916e5f948da777996": ["1", "org.jtb.alogcat.PrefsActivity"]}, {"fc49c6fd6506aa1916e5f948da777996": ["1", "org.jtb.alogcat.PrefsActivity"]}, {"423b9ded68d0141aafab8bae247118cc": ["3", "org.jtb.alogcat.PrefsActivity"]}, {"fc49c6fd6506aa1916e5f948da777996": ["1", "org.jtb.alogcat.PrefsActivity"]}, {"6408f226e1777a6f9745a78f263ac789": ["4", "org.jtb.alogcat.PrefsActivity"]}, {"fc49c6fd6506aa1916e5f948da777996": ["1", "org.jtb.alogcat.PrefsActivity"]}, {"d9e85a52319eb7901bef0aa256f4a8f2": ["2", "org.jtb.alogcat.PrefsActivity"]}, {"fc49c6fd6506aa1916e5f948da777996": ["1", "org.jtb.alogcat.PrefsActivity"]}, {"fc49c6fd6506aa1916e5f948da777996": ["1", "org.jtb.alogcat.PrefsActivity"]}, {"fc49c6fd6506aa1916e5f948da777996": ["1", "org.jtb.alogcat.PrefsActivity"]}, {"fc49c6fd6506aa1916e5f948da777996": ["1", "org.jtb.alogcat.PrefsActivity"]}, {"423b9ded68d0141aafab8bae247118cc": ["3", "org.jtb.alogcat.PrefsActivity"]}, {"7de14a47bfa0e8dea4a60f0483131a4a": ["16", "org.jtb.alogcat.LogActivity"]}, {"b61ec79352049b785714d494c6bf9e1d": ["0", "org.jtb.alogcat.LogActivity"]}, {"fc49c6fd6506aa1916e5f948da777996": ["1", "org.jtb.alogcat.PrefsActivity"]}, {"fc49c6fd6506aa1916e5f948da777996": ["1", "org.jtb.alogcat.PrefsActivity"]}, {"fc49c6fd6506aa1916e5f948da777996": ["1", "org.jtb.alogcat.PrefsActivity"]}, {"423b9ded68d0141aafab8bae247118cc": ["3", "org.jtb.alogcat.PrefsActivity"]}, {"fc49c6fd6506aa1916e5f948da777996": ["1", "org.jtb.alogcat.PrefsActivity"]}, {"423b9ded68d0141aafab8bae247118cc": ["3", "org.jtb.alogcat.PrefsActivity"]}, {"7de14a47bfa0e8dea4a60f0483131a4a": ["16", "org.jtb.alogcat.LogActivity"]}, {"7de14a47bfa0e8dea4a60f0483131a4a": ["16", "org.jtb.alogcat.LogActivity"]}, {"7de14a47bfa0e8dea4a60f0483131a4a": ["16", "org.jtb.alogcat.LogActivity"]}, {"7de14a47bfa0e8dea4a60f0483131a4a": ["16", "org.jtb.alogcat.LogActivity"]}, {"7de14a47bfa0e8dea4a60f0483131a4a": ["16", "org.jtb.alogcat.LogActivity"]}, {"7de14a47bfa0e8dea4a60f0483131a4a": ["16", "org.jtb.alogcat.LogActivity"]}, {"7de14a47bfa0e8dea4a60f0483131a4a": ["16", "org.jtb.alogcat.LogActivity"]}, {"7de14a47bfa0e8dea4a60f0483131a4a": ["16", "org.jtb.alogcat.LogActivity"]}, {"7de14a47bfa0e8dea4a60f0483131a4a": ["16", "org.jtb.alogcat.LogActivity"]}, {"7de14a47bfa0e8dea4a60f0483131a4a": ["16", "org.jtb.alogcat.LogActivity"]}, {"7de14a47bfa0e8dea4a60f0483131a4a": ["16", "org.jtb.alogcat.LogActivity"]}, {"7de14a47bfa0e8dea4a60f0483131a4a": ["16", "org.jtb.alogcat.LogActivity"]}, {"b61ec79352049b785714d494c6bf9e1d": ["0", "org.jtb.alogcat.LogActivity"]}, {"7de14a47bfa0e8dea4a60f0483131a4a": ["16", "org.jtb.alogcat.LogActivity"]}, {"7de14a47bfa0e8dea4a60f0483131a4a": ["16", "org.jtb.alogcat.LogActivity"]}, {"7de14a47bfa0e8dea4a60f0483131a4a": ["16", "org.jtb.alogcat.LogActivity"]}, {"7de14a47bfa0e8dea4a60f0483131a4a": ["16", "org.jtb.alogcat.LogActivity"]}, {"7de14a47bfa0e8dea4a60f0483131a4a": ["16", "org.jtb.alogcat.LogActivity"]}, {"7de14a47bfa0e8dea4a60f0483131a4a": ["16", "org.jtb.alogcat.LogActivity"]}, {"7de14a47bfa0e8dea4a60f0483131a4a": ["16", "org.jtb.alogcat.LogActivity"]}, {"7de14a47bfa0e8dea4a60f0483131a4a": ["16", "org.jtb.alogcat.LogActivity"]}, {"7de14a47bfa0e8dea4a60f0483131a4a": ["16", "org.jtb.alogcat.LogActivity"]}, {"7de14a47bfa0e8dea4a60f0483131a4a": ["16", "org.jtb.alogcat.LogActivity"]}, {"7de14a47bfa0e8dea4a60f0483131a4a": ["16", "org.jtb.alogcat.LogActivity"]}, {"7de14a47bfa0e8dea4a60f0483131a4a": ["16", "org.jtb.alogcat.LogActivity"]}, {"7de14a47bfa0e8dea4a60f0483131a4a": ["16", "org.jtb.alogcat.LogActivity"]}, {"7de14a47bfa0e8dea4a60f0483131a4a": ["16", "org.jtb.alogcat.LogActivity"]}, {"7de14a47bfa0e8dea4a60f0483131a4a": ["16", "org.jtb.alogcat.LogActivity"]}, {"7de14a47bfa0e8dea4a60f0483131a4a": ["16", "org.jtb.alogcat.LogActivity"]}, {"7de14a47bfa0e8dea4a60f0483131a4a": ["16", "org.jtb.alogcat.LogActivity"]}, {"7de14a47bfa0e8dea4a60f0483131a4a": ["16", "org.jtb.alogcat.LogActivity"]}, {"7de14a47bfa0e8dea4a60f0483131a4a": ["16", "org.jtb.alogcat.LogActivity"]}, {"7de14a47bfa0e8dea4a60f0483131a4a": ["16", "org.jtb.alogcat.LogActivity"]}, {"7de14a47bfa0e8dea4a60f0483131a4a": ["16", "org.jtb.alogcat.LogActivity"]}, {"7de14a47bfa0e8dea4a60f0483131a4a": ["16", "org.jtb.alogcat.LogActivity"]}, {"b61ec79352049b785714d494c6bf9e1d": ["0", "org.jtb.alogcat.LogActivity"]}, {"fc49c6fd6506aa1916e5f948da777996": ["1", "org.jtb.alogcat.PrefsActivity"]}, {"6408f226e1777a6f9745a78f263ac789": ["4", "org.jtb.alogcat.PrefsActivity"]}, {"fc49c6fd6506aa1916e5f948da777996": ["1", "org.jtb.alogcat.PrefsActivity"]}, {"fc49c6fd6506aa1916e5f948da777996": ["1", "org.jtb.alogcat.PrefsActivity"]}, {"fc49c6fd6506aa1916e5f948da777996": ["1", "org.jtb.alogcat.PrefsActivity"]}, {"fc49c6fd6506aa1916e5f948da777996": ["1", "org.jtb.alogcat.PrefsActivity"]}, {"fc49c6fd6506aa1916e5f948da777996": ["1", "org.jtb.alogcat.PrefsActivity"]}, {"fc49c6fd6506aa1916e5f948da777996": ["1", "org.jtb.alogcat.PrefsActivity"]}, {"fc49c6fd6506aa1916e5f948da777996": ["1", "org.jtb.alogcat.PrefsActivity"]}, {"423b9ded68d0141aafab8bae247118cc": ["3", "org.jtb.alogcat.PrefsActivity"]}, {"fc49c6fd6506aa1916e5f948da777996": ["1", "org.jtb.alogcat.PrefsActivity"]}, {"423b9ded68d0141aafab8bae247118cc": ["3", "org.jtb.alogcat.PrefsActivity"]}, {"fc49c6fd6506aa1916e5f948da777996": ["1", "org.jtb.alogcat.PrefsActivity"]}, {"d9e85a52319eb7901bef0aa256f4a8f2": ["2", "org.jtb.alogcat.PrefsActivity"]}, {"fc49c6fd6506aa1916e5f948da777996": ["1", "org.jtb.alogcat.PrefsActivity"]}, {"fc49c6fd6506aa1916e5f948da777996": ["1", "org.jtb.alogcat.PrefsActivity"]}, {"6408f226e1777a6f9745a78f263ac789": ["4", "org.jtb.alogcat.PrefsActivity"]}, {"fc49c6fd6506aa1916e5f948da777996": ["1", "org.jtb.alogcat.PrefsActivity"]}, {"fc49c6fd6506aa1916e5f948da777996": ["1", "org.jtb.alogcat.PrefsActivity"]}, {"fc49c6fd6506aa1916e5f948da777996": ["1", "org.jtb.alogcat.PrefsActivity"]}, {"d9e85a52319eb7901bef0aa256f4a8f2": ["2", "org.jtb.alogcat.PrefsActivity"]}, {"fc49c6fd6506aa1916e5f948da777996": ["1", "org.jtb.alogcat.PrefsActivity"]}, {"d9e85a52319eb7901bef0aa256f4a8f2": ["2", "org.jtb.alogcat.PrefsActivity"]}, {"fc49c6fd6506aa1916e5f948da777996": ["1", "org.jtb.alogcat.PrefsActivity"]}, {"fc49c6fd6506aa1916e5f948da777996": ["1", "org.jtb.alogcat.PrefsActivity"]}, {"6408f226e1777a6f9745a78f263ac789": ["4", "org.jtb.alogcat.PrefsActivity"]}, {"7de14a47bfa0e8dea4a60f0483131a4a": ["16", "org.jtb.alogcat.LogActivity"]}, {"7de14a47bfa0e8dea4a60f0483131a4a": ["16", "org.jtb.alogcat.LogActivity"]}, {"7de14a47bfa0e8dea4a60f0483131a4a": ["16", "org.jtb.alogcat.LogActivity"]}, {"7de14a47bfa0e8dea4a60f0483131a4a": ["16", "org.jtb.alogcat.LogActivity"]}, {"7de14a47bfa0e8dea4a60f0483131a4a": ["16", "org.jtb.alogcat.LogActivity"]}, {"7de14a47bfa0e8dea4a60f0483131a4a": ["16", "org.jtb.alogcat.LogActivity"]}, {"7de14a47bfa0e8dea4a60f0483131a4a": ["16", "org.jtb.alogcat.LogActivity"]}, {"7de14a47bfa0e8dea4a60f0483131a4a": ["16", "org.jtb.alogcat.LogActivity"]}, {"7de14a47bfa0e8dea4a60f0483131a4a": ["16", "org.jtb.alogcat.LogActivity"]}, {"7de14a47bfa0e8dea4a60f0483131a4a": ["16", "org.jtb.alogcat.LogActivity"]}, {"7de14a47bfa0e8dea4a60f0483131a4a": ["16", "org.jtb.alogcat.LogActivity"]}, {"7de14a47bfa0e8dea4a60f0483131a4a": ["16", "org.jtb.alogcat.LogActivity"]}, {"7de14a47bfa0e8dea4a60f0483131a4a": ["16", "org.jtb.alogcat.LogActivity"]}, {"7de14a47bfa0e8dea4a60f0483131a4a": ["16", "org.jtb.alogcat.LogActivity"]}, {"b61ec79352049b785714d494c6bf9e1d": ["0", "org.jtb.alogcat.LogActivity"]}, {"7de14a47bfa0e8dea4a60f0483131a4a": ["16", "org.jtb.alogcat.LogActivity"]}, {"7de14a47bfa0e8dea4a60f0483131a4a": ["16", "org.jtb.alogcat.LogActivity"]}, {"7de14a47bfa0e8dea4a60f0483131a4a": ["16", "org.jtb.alogcat.LogActivity"]}, {"7de14a47bfa0e8dea4a60f0483131a4a": ["16", "org.jtb.alogcat.LogActivity"]}, {"7de14a47bfa0e8dea4a60f0483131a4a": ["16", "org.jtb.alogcat.LogActivity"]}, {"7de14a47bfa0e8dea4a60f0483131a4a": ["16", "org.jtb.alogcat.LogActivity"]}, {"7de14a47bfa0e8dea4a60f0483131a4a": ["16", "org.jtb.alogcat.LogActivity"]}, {"7de14a47bfa0e8dea4a60f0483131a4a": ["16", "org.jtb.alogcat.LogActivity"]}, {"7de14a47bfa0e8dea4a60f0483131a4a": ["16", "org.jtb.alogcat.LogActivity"]}, {"7de14a47bfa0e8dea4a60f0483131a4a": ["16", "org.jtb.alogcat.LogActivity"]}, {"7de14a47bfa0e8dea4a60f0483131a4a": ["16", "org.jtb.alogcat.LogActivity"]}, {"7de14a47bfa0e8dea4a60f0483131a4a": ["16", "org.jtb.alogcat.LogActivity"]}, {"b61ec79352049b785714d494c6bf9e1d": ["0", "org.jtb.alogcat.LogActivity"]}, {"7de14a47bfa0e8dea4a60f0483131a4a": ["16", "org.jtb.alogcat.LogActivity"]}, {"7de14a47bfa0e8dea4a60f0483131a4a": ["16", "org.jtb.alogcat.LogActivity"]}, {"7de14a47bfa0e8dea4a60f0483131a4a": ["16", "org.jtb.alogcat.LogActivity"]}, {"7de14a47bfa0e8dea4a60f0483131a4a": ["16", "org.jtb.alogcat.LogActivity"]}, {"7de14a47bfa0e8dea4a60f0483131a4a": ["16", "org.jtb.alogcat.LogActivity"]}, {"b61ec79352049b785714d494c6bf9e1d": ["0", "org.jtb.alogcat.LogActivity"]}, {"7de14a47bfa0e8dea4a60f0483131a4a": ["16", "org.jtb.alogcat.LogActivity"]}, {"7de14a47bfa0e8dea4a60f0483131a4a": ["16", "org.jtb.alogcat.LogActivity"]}, {"7de14a47bfa0e8dea4a60f0483131a4a": ["16", "org.jtb.alogcat.LogActivity"]}, {"7de14a47bfa0e8dea4a60f0483131a4a": ["16", "org.jtb.alogcat.LogActivity"]}, {"7de14a47bfa0e8dea4a60f0483131a4a": ["16", "org.jtb.alogcat.LogActivity"]}, {"7de14a47bfa0e8dea4a60f0483131a4a": ["16", "org.jtb.alogcat.LogActivity"]}, {"7de14a47bfa0e8dea4a60f0483131a4a": ["16", "org.jtb.alogcat.LogActivity"]}, {"7de14a47bfa0e8dea4a60f0483131a4a": ["16", "org.jtb.alogcat.LogActivity"]}, {"7de14a47bfa0e8dea4a60f0483131a4a": ["16", "org.jtb.alogcat.LogActivity"]}, {"7de14a47bfa0e8dea4a60f0483131a4a": ["16", "org.jtb.alogcat.LogActivity"]}, {"b61ec79352049b785714d494c6bf9e1d": ["0", "org.jtb.alogcat.LogActivity"]}, {"7de14a47bfa0e8dea4a60f0483131a4a": ["16", "org.jtb.alogcat.LogActivity"]}, {"7de14a47bfa0e8dea4a60f0483131a4a": ["16", "org.jtb.alogcat.LogActivity"]}, {"7de14a47bfa0e8dea4a60f0483131a4a": ["16", "org.jtb.alogcat.LogActivity"]}, {"7de14a47bfa0e8dea4a60f0483131a4a": ["16", "org.jtb.alogcat.LogActivity"]}, {"b61ec79352049b785714d494c6bf9e1d": ["0", "org.jtb.alogcat.LogActivity"]}, {"7de14a47bfa0e8dea4a60f0483131a4a": ["16", "org.jtb.alogcat.LogActivity"]}, {"7de14a47bfa0e8dea4a60f0483131a4a": ["16", "org.jtb.alogcat.LogActivity"]}, {"7de14a47bfa0e8dea4a60f0483131a4a": ["16", "org.jtb.alogcat.LogActivity"]}, {"7de14a47bfa0e8dea4a60f0483131a4a": ["16", "org.jtb.alogcat.LogActivity"]}, {"7de14a47bfa0e8dea4a60f0483131a4a": ["16", "org.jtb.alogcat.LogActivity"]}, {"7de14a47bfa0e8dea4a60f0483131a4a": ["16", "org.jtb.alogcat.LogActivity"]}, {"7de14a47bfa0e8dea4a60f0483131a4a": ["16", "org.jtb.alogcat.LogActivity"]}, {"7de14a47bfa0e8dea4a60f0483131a4a": ["16", "org.jtb.alogcat.LogActivity"]}, {"7de14a47bfa0e8dea4a60f0483131a4a": ["16", "org.jtb.alogcat.LogActivity"]}, {"7de14a47bfa0e8dea4a60f0483131a4a": ["16", "org.jtb.alogcat.LogActivity"]}, {"7de14a47bfa0e8dea4a60f0483131a4a": ["16", "org.jtb.alogcat.LogActivity"]}, {"7de14a47bfa0e8dea4a60f0483131a4a": ["16", "org.jtb.alogcat.LogActivity"]}, {"7de14a47bfa0e8dea4a60f0483131a4a": ["16", "org.jtb.alogcat.LogActivity"]}, {"7de14a47bfa0e8dea4a60f0483131a4a": ["16", "org.jtb.alogcat.LogActivity"]}, {"7de14a47bfa0e8dea4a60f0483131a4a": ["16", "org.jtb.alogcat.LogActivity"]}, {"b61ec79352049b785714d494c6bf9e1d": ["0", "org.jtb.alogcat.LogActivity"]}, {"7de14a47bfa0e8dea4a60f0483131a4a": ["16", "org.jtb.alogcat.LogActivity"]}, {"7de14a47bfa0e8dea4a60f0483131a4a": ["16", "org.jtb.alogcat.LogActivity"]}, {"7de14a47bfa0e8dea4a60f0483131a4a": ["16", "org.jtb.alogcat.LogActivity"]}, {"b61ec79352049b785714d494c6bf9e1d": ["0", "org.jtb.alogcat.LogActivity"]}, {"fc49c6fd6506aa1916e5f948da777996": ["1", "org.jtb.alogcat.PrefsActivity"]}, {"fc49c6fd6506aa1916e5f948da777996": ["1", "org.jtb.alogcat.PrefsActivity"]}, {"fc49c6fd6506aa1916e5f948da777996": ["1", "org.jtb.alogcat.PrefsActivity"]}, {"7de14a47bfa0e8dea4a60f0483131a4a": ["16", "org.jtb.alogcat.LogActivity"]}, {"7de14a47bfa0e8dea4a60f0483131a4a": ["16", "org.jtb.alogcat.LogActivity"]}, {"7de14a47bfa0e8dea4a60f0483131a4a": ["16", "org.jtb.alogcat.LogActivity"]}, {"7de14a47bfa0e8dea4a60f0483131a4a": ["16", "org.jtb.alogcat.LogActivity"]}, {"7de14a47bfa0e8dea4a60f0483131a4a": ["16", "org.jtb.alogcat.LogActivity"]}, {"7de14a47bfa0e8dea4a60f0483131a4a": ["16", "org.jtb.alogcat.LogActivity"]}, {"b61ec79352049b785714d494c6bf9e1d": ["0", "org.jtb.alogcat.LogActivity"]}, {"7de14a47bfa0e8dea4a60f0483131a4a": ["16", "org.jtb.alogcat.LogActivity"]}, {"7de14a47bfa0e8dea4a60f0483131a4a": ["16", "org.jtb.alogcat.LogActivity"]}, {"b61ec79352049b785714d494c6bf9e1d": ["0", "org.jtb.alogcat.LogActivity"]}, {"7de14a47bfa0e8dea4a60f0483131a4a": ["16", "org.jtb.alogcat.LogActivity"]}, {"7de14a47bfa0e8dea4a60f0483131a4a": ["16", "org.jtb.alogcat.LogActivity"]}, {"7de14a47bfa0e8dea4a60f0483131a4a": ["16", "org.jtb.alogcat.LogActivity"]}, {"7de14a47bfa0e8dea4a60f0483131a4a": ["16", "org.jtb.alogcat.LogActivity"]}, {"7de14a47bfa0e8dea4a60f0483131a4a": ["16", "org.jtb.alogcat.LogActivity"]}, {"7de14a47bfa0e8dea4a60f0483131a4a": ["16", "org.jtb.alogcat.LogActivity"]}, {"7de14a47bfa0e8dea4a60f0483131a4a": ["16", "org.jtb.alogcat.LogActivity"]}, {"7de14a47bfa0e8dea4a60f0483131a4a": ["16", "org.jtb.alogcat.LogActivity"]}, {"7de14a47bfa0e8dea4a60f0483131a4a": ["16", "org.jtb.alogcat.LogActivity"]}, {"7de14a47bfa0e8dea4a60f0483131a4a": ["16", "org.jtb.alogcat.LogActivity"]}, {"7de14a47bfa0e8dea4a60f0483131a4a": ["16", "org.jtb.alogcat.LogActivity"]}, {"7de14a47bfa0e8dea4a60f0483131a4a": ["16", "org.jtb.alogcat.LogActivity"]}, {"7de14a47bfa0e8dea4a60f0483131a4a": ["16", "org.jtb.alogcat.LogActivity"]}, {"b61ec79352049b785714d494c6bf9e1d": ["0", "org.jtb.alogcat.LogActivity"]}, {"7de14a47bfa0e8dea4a60f0483131a4a": ["16", "org.jtb.alogcat.LogActivity"]}, {"7de14a47bfa0e8dea4a60f0483131a4a": ["16", "org.jtb.alogcat.LogActivity"]}, {"7de14a47bfa0e8dea4a60f0483131a4a": ["16", "org.jtb.alogcat.LogActivity"]}, {"7de14a47bfa0e8dea4a60f0483131a4a": ["16", "org.jtb.alogcat.LogActivity"]}, {"7de14a47bfa0e8dea4a60f0483131a4a": ["16", "org.jtb.alogcat.LogActivity"]}, {"7de14a47bfa0e8dea4a60f0483131a4a": ["16", "org.jtb.alogcat.LogActivity"]}, {"7de14a47bfa0e8dea4a60f0483131a4a": ["16", "org.jtb.alogcat.LogActivity"]}, {"b61ec79352049b785714d494c6bf9e1d": ["0", "org.jtb.alogcat.LogActivity"]}, {"fc49c6fd6506aa1916e5f948da777996": ["1", "org.jtb.alogcat.PrefsActivity"]}, {"fc49c6fd6506aa1916e5f948da777996": ["1", "org.jtb.alogcat.PrefsActivity"]}, {"d9e85a52319eb7901bef0aa256f4a8f2": ["2", "org.jtb.alogcat.PrefsActivity"]}, {"fc49c6fd6506aa1916e5f948da777996": ["1", "org.jtb.alogcat.PrefsActivity"]}, {"fc49c6fd6506aa1916e5f948da777996": ["1", "org.jtb.alogcat.PrefsActivity"]}, {"fc49c6fd6506aa1916e5f948da777996": ["1", "org.jtb.alogcat.PrefsActivity"]}, {"7de14a47bfa0e8dea4a60f0483131a4a": ["16", "org.jtb.alogcat.LogActivity"]}, {"7de14a47bfa0e8dea4a60f0483131a4a": ["16", "org.jtb.alogcat.LogActivity"]}, {"7de14a47bfa0e8dea4a60f0483131a4a": ["16", "org.jtb.alogcat.LogActivity"]}, {"7de14a47bfa0e8dea4a60f0483131a4a": ["16", "org.jtb.alogcat.LogActivity"]}, {"b61ec79352049b785714d494c6bf9e1d": ["0", "org.jtb.alogcat.LogActivity"]}, {"7de14a47bfa0e8dea4a60f0483131a4a": ["16", "org.jtb.alogcat.LogActivity"]}, {"b61ec79352049b785714d494c6bf9e1d": ["0", "org.jtb.alogcat.LogActivity"]}, {"fc49c6fd6506aa1916e5f948da777996": ["1", "org.jtb.alogcat.PrefsActivity"]}, {"d9e85a52319eb7901bef0aa256f4a8f2": ["2", "org.jtb.alogcat.PrefsActivity"]}, {"fc49c6fd6506aa1916e5f948da777996": ["1", "org.jtb.alogcat.PrefsActivity"]}, {"6408f226e1777a6f9745a78f263ac789": ["4", "org.jtb.alogcat.PrefsActivity"]}, {"fc49c6fd6506aa1916e5f948da777996": ["1", "org.jtb.alogcat.PrefsActivity"]}, {"d9e85a52319eb7901bef0aa256f4a8f2": ["2", "org.jtb.alogcat.PrefsActivity"]}, {"fc49c6fd6506aa1916e5f948da777996": ["1", "org.jtb.alogcat.PrefsActivity"]}, {"7de14a47bfa0e8dea4a60f0483131a4a": ["16", "org.jtb.alogcat.LogActivity"]}, {"7de14a47bfa0e8dea4a60f0483131a4a": ["16", "org.jtb.alogcat.LogActivity"]}, {"b61ec79352049b785714d494c6bf9e1d": ["0", "org.jtb.alogcat.LogActivity"]}, {"7de14a47bfa0e8dea4a60f0483131a4a": ["16", "org.jtb.alogcat.LogActivity"]}, {"7de14a47bfa0e8dea4a60f0483131a4a": ["16", "org.jtb.alogcat.LogActivity"]}, {"7de14a47bfa0e8dea4a60f0483131a4a": ["16", "org.jtb.alogcat.LogActivity"]}, {"7de14a47bfa0e8dea4a60f0483131a4a": ["16", "org.jtb.alogcat.LogActivity"]}, {"b61ec79352049b785714d494c6bf9e1d": ["0", "org.jtb.alogcat.LogActivity"]}, {"fc49c6fd6506aa1916e5f948da777996": ["1", "org.jtb.alogcat.PrefsActivity"]}, {"423b9ded68d0141aafab8bae247118cc": ["3", "org.jtb.alogcat.PrefsActivity"]}, {"fc49c6fd6506aa1916e5f948da777996": ["1", "org.jtb.alogcat.PrefsActivity"]}, {"fc49c6fd6506aa1916e5f948da777996": ["1", "org.jtb.alogcat.PrefsActivity"]}, {"423b9ded68d0141aafab8bae247118cc": ["3", "org.jtb.alogcat.PrefsActivity"]}, {"fc49c6fd6506aa1916e5f948da777996": ["1", "org.jtb.alogcat.PrefsActivity"]}, {"d9e85a52319eb7901bef0aa256f4a8f2": ["2", "org.jtb.alogcat.PrefsActivity"]}, {"fc49c6fd6506aa1916e5f948da777996": ["1", "org.jtb.alogcat.PrefsActivity"]}, {"fc49c6fd6506aa1916e5f948da777996": ["1", "org.jtb.alogcat.PrefsActivity"]}, {"423b9ded68d0141aafab8bae247118cc": ["3", "org.jtb.alogcat.PrefsActivity"]}, {"fc49c6fd6506aa1916e5f948da777996": ["1", "org.jtb.alogcat.PrefsActivity"]}, {"fc49c6fd6506aa1916e5f948da777996": ["1", "org.jtb.alogcat.PrefsActivity"]}, {"fc49c6fd6506aa1916e5f948da777996": ["1", "org.jtb.alogcat.PrefsActivity"]}, {"6408f226e1777a6f9745a78f263ac789": ["4", "org.jtb.alogcat.PrefsActivity"]}, {"7de14a47bfa0e8dea4a60f0483131a4a": ["16", "org.jtb.alogcat.LogActivity"]}, {"b61ec79352049b785714d494c6bf9e1d": ["0", "org.jtb.alogcat.LogActivity"]}, {"7de14a47bfa0e8dea4a60f0483131a4a": ["16", "org.jtb.alogcat.LogActivity"]}, {"7de14a47bfa0e8dea4a60f0483131a4a": ["16", "org.jtb.alogcat.LogActivity"]}, {"7de14a47bfa0e8dea4a60f0483131a4a": ["16", "org.jtb.alogcat.LogActivity"]}, {"7de14a47bfa0e8dea4a60f0483131a4a": ["16", "org.jtb.alogcat.LogActivity"]}, {"7de14a47bfa0e8dea4a60f0483131a4a": ["16", "org.jtb.alogcat.LogActivity"]}, {"b61ec79352049b785714d494c6bf9e1d": ["0", "org.jtb.alogcat.LogActivity"]}, {"7de14a47bfa0e8dea4a60f0483131a4a": ["16", "org.jtb.alogcat.LogActivity"]}, {"7de14a47bfa0e8dea4a60f0483131a4a": ["16", "org.jtb.alogcat.LogActivity"]}, {"7de14a47bfa0e8dea4a60f0483131a4a": ["16", "org.jtb.alogcat.LogActivity"]}, {"7de14a47bfa0e8dea4a60f0483131a4a": ["16", "org.jtb.alogcat.LogActivity"]}, {"7de14a47bfa0e8dea4a60f0483131a4a": ["16", "org.jtb.alogcat.LogActivity"]}, {"7de14a47bfa0e8dea4a60f0483131a4a": ["16", "org.jtb.alogcat.LogActivity"]}, {"7de14a47bfa0e8dea4a60f0483131a4a": ["16", "org.jtb.alogcat.LogActivity"]}, {"7de14a47bfa0e8dea4a60f0483131a4a": ["16", "org.jtb.alogcat.LogActivity"]}, {"7de14a47bfa0e8dea4a60f0483131a4a": ["16", "org.jtb.alogcat.LogActivity"]}, {"b61ec79352049b785714d494c6bf9e1d": ["0", "org.jtb.alogcat.LogActivity"]}, {"7de14a47bfa0e8dea4a60f0483131a4a": ["16", "org.jtb.alogcat.LogActivity"]}, {"7de14a47bfa0e8dea4a60f0483131a4a": ["16", "org.jtb.alogcat.LogActivity"]}, {"7de14a47bfa0e8dea4a60f0483131a4a": ["16", "org.jtb.alogcat.LogActivity"]}, {"7de14a47bfa0e8dea4a60f0483131a4a": ["16", "org.jtb.alogcat.LogActivity"]}, {"b61ec79352049b785714d494c6bf9e1d": ["0", "org.jtb.alogcat.LogActivity"]}, {"7de14a47bfa0e8dea4a60f0483131a4a": ["16", "org.jtb.alogcat.LogActivity"]}, {"7de14a47bfa0e8dea4a60f0483131a4a": ["16", "org.jtb.alogcat.LogActivity"]}, {"7de14a47bfa0e8dea4a60f0483131a4a": ["16", "org.jtb.alogcat.LogActivity"]}, {"7de14a47bfa0e8dea4a60f0483131a4a": ["16", "org.jtb.alogcat.LogActivity"]}, {"7de14a47bfa0e8dea4a60f0483131a4a": ["16", "org.jtb.alogcat.LogActivity"]}, {"7de14a47bfa0e8dea4a60f0483131a4a": ["16", "org.jtb.alogcat.LogActivity"]}, {"7de14a47bfa0e8dea4a60f0483131a4a": ["16", "org.jtb.alogcat.LogActivity"]}, {"7de14a47bfa0e8dea4a60f0483131a4a": ["16", "org.jtb.alogcat.LogActivity"]}, {"7de14a47bfa0e8dea4a60f0483131a4a": ["16", "org.jtb.alogcat.LogActivity"]}, {"7de14a47bfa0e8dea4a60f0483131a4a": ["16", "org.jtb.alogcat.LogActivity"]}, {"b61ec79352049b785714d494c6bf9e1d": ["0", "org.jtb.alogcat.LogActivity"]}, {"7de14a47bfa0e8dea4a60f0483131a4a": ["16", "org.jtb.alogcat.LogActivity"]}, {"7de14a47bfa0e8dea4a60f0483131a4a": ["16", "org.jtb.alogcat.LogActivity"]}, {"7de14a47bfa0e8dea4a60f0483131a4a": ["16", "org.jtb.alogcat.LogActivity"]}, {"7de14a47bfa0e8dea4a60f0483131a4a": ["16", "org.jtb.alogcat.LogActivity"]}, {"7de14a47bfa0e8dea4a60f0483131a4a": ["16", "org.jtb.alogcat.LogActivity"]}, {"7de14a47bfa0e8dea4a60f0483131a4a": ["16", "org.jtb.alogcat.LogActivity"]}, {"7de14a47bfa0e8dea4a60f0483131a4a": ["16", "org.jtb.alogcat.LogActivity"]}, {"7de14a47bfa0e8dea4a60f0483131a4a": ["16", "org.jtb.alogcat.LogActivity"]}, {"7de14a47bfa0e8dea4a60f0483131a4a": ["16", "org.jtb.alogcat.LogActivity"]}, {"7de14a47bfa0e8dea4a60f0483131a4a": ["16", "org.jtb.alogcat.LogActivity"]}, {"b61ec79352049b785714d494c6bf9e1d": ["0", "org.jtb.alogcat.LogActivity"]}, {"7de14a47bfa0e8dea4a60f0483131a4a": ["16", "org.jtb.alogcat.LogActivity"]}, {"7de14a47bfa0e8dea4a60f0483131a4a": ["16", "org.jtb.alogcat.LogActivity"]}, {"b61ec79352049b785714d494c6bf9e1d": ["0", "org.jtb.alogcat.LogActivity"]}, {"7de14a47bfa0e8dea4a60f0483131a4a": ["16", "org.jtb.alogcat.LogActivity"]}, {"7de14a47bfa0e8dea4a60f0483131a4a": ["16", "org.jtb.alogcat.LogActivity"]}, {"7de14a47bfa0e8dea4a60f0483131a4a": ["16", "org.jtb.alogcat.LogActivity"]}, {"7de14a47bfa0e8dea4a60f0483131a4a": ["16", "org.jtb.alogcat.LogActivity"]}, {"b61ec79352049b785714d494c6bf9e1d": ["0", "org.jtb.alogcat.LogActivity"]}, {"7de14a47bfa0e8dea4a60f0483131a4a": ["16", "org.jtb.alogcat.LogActivity"]}, {"7de14a47bfa0e8dea4a60f0483131a4a": ["16", "org.jtb.alogcat.LogActivity"]}, {"7de14a47bfa0e8dea4a60f0483131a4a": ["16", "org.jtb.alogcat.LogActivity"]}, {"7de14a47bfa0e8dea4a60f0483131a4a": ["16", "org.jtb.alogcat.LogActivity"]}, {"7de14a47bfa0e8dea4a60f0483131a4a": ["16", "org.jtb.alogcat.LogActivity"]}, {"7de14a47bfa0e8dea4a60f0483131a4a": ["16", "org.jtb.alogcat.LogActivity"]}, {"b61ec79352049b785714d494c6bf9e1d": ["0", "org.jtb.alogcat.LogActivity"]}, {"7de14a47bfa0e8dea4a60f0483131a4a": ["16", "org.jtb.alogcat.LogActivity"]}, {"7de14a47bfa0e8dea4a60f0483131a4a": ["16", "org.jtb.alogcat.LogActivity"]}, {"7de14a47bfa0e8dea4a60f0483131a4a": ["16", "org.jtb.alogcat.LogActivity"]}, {"b61ec79352049b785714d494c6bf9e1d": ["0", "org.jtb.alogcat.LogActivity"]}, {"7de14a47bfa0e8dea4a60f0483131a4a": ["16", "org.jtb.alogcat.LogActivity"]}, {"7de14a47bfa0e8dea4a60f0483131a4a": ["16", "org.jtb.alogcat.LogActivity"]}, {"7de14a47bfa0e8dea4a60f0483131a4a": ["16", "org.jtb.alogcat.LogActivity"]}, {"b61ec79352049b785714d494c6bf9e1d": ["0", "org.jtb.alogcat.LogActivity"]}, {"fc49c6fd6506aa1916e5f948da777996": ["1", "org.jtb.alogcat.PrefsActivity"]}, {"6408f226e1777a6f9745a78f263ac789": ["4", "org.jtb.alogcat.PrefsActivity"]}, {"fc49c6fd6506aa1916e5f948da777996": ["1", "org.jtb.alogcat.PrefsActivity"]}, {"423b9ded68d0141aafab8bae247118cc": ["3", "org.jtb.alogcat.PrefsActivity"]}, {"fc49c6fd6506aa1916e5f948da777996": ["1", "org.jtb.alogcat.PrefsActivity"]}, {"6408f226e1777a6f9745a78f263ac789": ["4", "org.jtb.alogcat.PrefsActivity"]}, {"fc49c6fd6506aa1916e5f948da777996": ["1", "org.jtb.alogcat.PrefsActivity"]}, {"fc49c6fd6506aa1916e5f948da777996": ["1", "org.jtb.alogcat.PrefsActivity"]}, {"fc49c6fd6506aa1916e5f948da777996": ["1", "org.jtb.alogcat.PrefsActivity"]}, {"fc49c6fd6506aa1916e5f948da777996": ["1", "org.jtb.alogcat.PrefsActivity"]}, {"fc49c6fd6506aa1916e5f948da777996": ["1", "org.jtb.alogcat.PrefsActivity"]}, {"6408f226e1777a6f9745a78f263ac789": ["4", "org.jtb.alogcat.PrefsActivity"]}, {"fc49c6fd6506aa1916e5f948da777996": ["1", "org.jtb.alogcat.PrefsActivity"]}, {"6408f226e1777a6f9745a78f263ac789": ["4", "org.jtb.alogcat.PrefsActivity"]}, {"fc49c6fd6506aa1916e5f948da777996": ["1", "org.jtb.alogcat.PrefsActivity"]}, {"423b9ded68d0141aafab8bae247118cc": ["3", "org.jtb.alogcat.PrefsActivity"]}, {"fc49c6fd6506aa1916e5f948da777996": ["1", "org.jtb.alogcat.PrefsActivity"]}, {"d9e85a52319eb7901bef0aa256f4a8f2": ["2", "org.jtb.alogcat.PrefsActivity"]}, {"fc49c6fd6506aa1916e5f948da777996": ["1", "org.jtb.alogcat.PrefsActivity"]}, {"fc49c6fd6506aa1916e5f948da777996": ["1", "org.jtb.alogcat.PrefsActivity"]}, {"fc49c6fd6506aa1916e5f948da777996": ["1", "org.jtb.alogcat.PrefsActivity"]}, {"423b9ded68d0141aafab8bae247118cc": ["3", "org.jtb.alogcat.PrefsActivity"]}, {"fc49c6fd6506aa1916e5f948da777996": ["1", "org.jtb.alogcat.PrefsActivity"]}, {"423b9ded68d0141aafab8bae247118cc": ["3", "org.jtb.alogcat.PrefsActivity"]}, {"fc49c6fd6506aa1916e5f948da777996": ["1", "org.jtb.alogcat.PrefsActivity"]}, {"6408f226e1777a6f9745a78f263ac789": ["4", "org.jtb.alogcat.PrefsActivity"]}, {"fc49c6fd6506aa1916e5f948da777996": ["1", "org.jtb.alogcat.PrefsActivity"]}, {"fc49c6fd6506aa1916e5f948da777996": ["1", "org.jtb.alogcat.PrefsActivity"]}, {"fc49c6fd6506aa1916e5f948da777996": ["1", "org.jtb.alogcat.PrefsActivity"]}, {"fc49c6fd6506aa1916e5f948da777996": ["1", "org.jtb.alogcat.PrefsActivity"]}, {"d9e85a52319eb7901bef0aa256f4a8f2": ["2", "org.jtb.alogcat.PrefsActivity"]}, {"fc49c6fd6506aa1916e5f948da777996": ["1", "org.jtb.alogcat.PrefsActivity"]}, {"fc49c6fd6506aa1916e5f948da777996": ["1", "org.jtb.alogcat.PrefsActivity"]}, {"fc49c6fd6506aa1916e5f948da777996": ["1", "org.jtb.alogcat.PrefsActivity"]}, {"d9e85a52319eb7901bef0aa256f4a8f2": ["2", "org.jtb.alogcat.PrefsActivity"]}, {"fc49c6fd6506aa1916e5f948da777996": ["1", "org.jtb.alogcat.PrefsActivity"]}, {"6408f226e1777a6f9745a78f263ac789": ["4", "org.jtb.alogcat.PrefsActivity"]}, {"fc49c6fd6506aa1916e5f948da777996": ["1", "org.jtb.alogcat.PrefsActivity"]}, {"423b9ded68d0141aafab8bae247118cc": ["3", "org.jtb.alogcat.PrefsActivity"]}, {"fc49c6fd6506aa1916e5f948da777996": ["1", "org.jtb.alogcat.PrefsActivity"]}, {"423b9ded68d0141aafab8bae247118cc": ["3", "org.jtb.alogcat.PrefsActivity"]}, {"fc49c6fd6506aa1916e5f948da777996": ["1", "org.jtb.alogcat.PrefsActivity"]}, {"fc49c6fd6506aa1916e5f948da777996": ["1", "org.jtb.alogcat.PrefsActivity"]}, {"fc49c6fd6506aa1916e5f948da777996": ["1", "org.jtb.alogcat.PrefsActivity"]}, {"423b9ded68d0141aafab8bae247118cc": ["3", "org.jtb.alogcat.PrefsActivity"]}, {"fc49c6fd6506aa1916e5f948da777996": ["1", "org.jtb.alogcat.PrefsActivity"]}, {"fc49c6fd6506aa1916e5f948da777996": ["1", "org.jtb.alogcat.PrefsActivity"]}, {"fc49c6fd6506aa1916e5f948da777996": ["1", "org.jtb.alogcat.PrefsActivity"]}, {"fc49c6fd6506aa1916e5f948da777996": ["1", "org.jtb.alogcat.PrefsActivity"]}, {"fc49c6fd6506aa1916e5f948da777996": ["1", "org.jtb.alogcat.PrefsActivity"]}, {"fc49c6fd6506aa1916e5f948da777996": ["1", "org.jtb.alogcat.PrefsActivity"]}, {"423b9ded68d0141aafab8bae247118cc": ["3", "org.jtb.alogcat.PrefsActivity"]}, {"fc49c6fd6506aa1916e5f948da777996": ["1", "org.jtb.alogcat.PrefsActivity"]}, {"fc49c6fd6506aa1916e5f948da777996": ["1", "org.jtb.alogcat.PrefsActivity"]}, {"fc49c6fd6506aa1916e5f948da777996": ["1", "org.jtb.alogcat.PrefsActivity"]}, {"6408f226e1777a6f9745a78f263ac789": ["4", "org.jtb.alogcat.PrefsActivity"]}, {"fc49c6fd6506aa1916e5f948da777996": ["1", "org.jtb.alogcat.PrefsActivity"]}, {"fc49c6fd6506aa1916e5f948da777996": ["1", "org.jtb.alogcat.PrefsActivity"]}, {"fc49c6fd6506aa1916e5f948da777996": ["1", "org.jtb.alogcat.PrefsActivity"]}, {"fc49c6fd6506aa1916e5f948da777996": ["1", "org.jtb.alogcat.PrefsActivity"]}, {"d9e85a52319eb7901bef0aa256f4a8f2": ["2", "org.jtb.alogcat.PrefsActivity"]}, {"fc49c6fd6506aa1916e5f948da777996": ["1", "org.jtb.alogcat.PrefsActivity"]}, {"fc49c6fd6506aa1916e5f948da777996": ["1", "org.jtb.alogcat.PrefsActivity"]}, {"d9e85a52319eb7901bef0aa256f4a8f2": ["2", "org.jtb.alogcat.PrefsActivity"]}, {"fc49c6fd6506aa1916e5f948da777996": ["1", "org.jtb.alogcat.PrefsActivity"]}, {"fc49c6fd6506aa1916e5f948da777996": ["1", "org.jtb.alogcat.PrefsActivity"]}, {"d9e85a52319eb7901bef0aa256f4a8f2": ["2", "org.jtb.alogcat.PrefsActivity"]}, {"fc49c6fd6506aa1916e5f948da777996": ["1", "org.jtb.alogcat.PrefsActivity"]}, {"6408f226e1777a6f9745a78f263ac789": ["4", "org.jtb.alogcat.PrefsActivity"]}, {"fc49c6fd6506aa1916e5f948da777996": ["1", "org.jtb.alogcat.PrefsActivity"]}, {"d9e85a52319eb7901bef0aa256f4a8f2": ["2", "org.jtb.alogcat.PrefsActivity"]}, {"fc49c6fd6506aa1916e5f948da777996": ["1", "org.jtb.alogcat.PrefsActivity"]}, {"fc49c6fd6506aa1916e5f948da777996": ["1", "org.jtb.alogcat.PrefsActivity"]}, {"fc49c6fd6506aa1916e5f948da777996": ["1", "org.jtb.alogcat.PrefsActivity"]}, {"d9e85a52319eb7901bef0aa256f4a8f2": ["2", "org.jtb.alogcat.PrefsActivity"]}, {"fc49c6fd6506aa1916e5f948da777996": ["1", "org.jtb.alogcat.PrefsActivity"]}, {"fc49c6fd6506aa1916e5f948da777996": ["1", "org.jtb.alogcat.PrefsActivity"]}, {"423b9ded68d0141aafab8bae247118cc": ["3", "org.jtb.alogcat.PrefsActivity"]}, {"fc49c6fd6506aa1916e5f948da777996": ["1", "org.jtb.alogcat.PrefsActivity"]}, {"fc49c6fd6506aa1916e5f948da777996": ["1", "org.jtb.alogcat.PrefsActivity"]}, {"d9e85a52319eb7901bef0aa256f4a8f2": ["2", "org.jtb.alogcat.PrefsActivity"]}, {"fc49c6fd6506aa1916e5f948da777996": ["1", "org.jtb.alogcat.PrefsActivity"]}, {"423b9ded68d0141aafab8bae247118cc": ["3", "org.jtb.alogcat.PrefsActivity"]}, {"fc49c6fd6506aa1916e5f948da777996": ["1", "org.jtb.alogcat.PrefsActivity"]}, {"d9e85a52319eb7901bef0aa256f4a8f2": ["2", "org.jtb.alogcat.PrefsActivity"]}, {"fc49c6fd6506aa1916e5f948da777996": ["1", "org.jtb.alogcat.PrefsActivity"]}, {"fc49c6fd6506aa1916e5f948da777996": ["1", "org.jtb.alogcat.PrefsActivity"]}, {"fc49c6fd6506aa1916e5f948da777996": ["1", "org.jtb.alogcat.PrefsActivity"]}, {"423b9ded68d0141aafab8bae247118cc": ["3", "org.jtb.alogcat.PrefsActivity"]}, {"fc49c6fd6506aa1916e5f948da777996": ["1", "org.jtb.alogcat.PrefsActivity"]}, {"fc49c6fd6506aa1916e5f948da777996": ["1", "org.jtb.alogcat.PrefsActivity"]}, {"fc49c6fd6506aa1916e5f948da777996": ["1", "org.jtb.alogcat.PrefsActivity"]}, {"fc49c6fd6506aa1916e5f948da777996": ["1", "org.jtb.alogcat.PrefsActivity"]}, {"d9e85a52319eb7901bef0aa256f4a8f2": ["2", "org.jtb.alogcat.PrefsActivity"]}, {"fc49c6fd6506aa1916e5f948da777996": ["1", "org.jtb.alogcat.PrefsActivity"]}, {"6408f226e1777a6f9745a78f263ac789": ["4", "org.jtb.alogcat.PrefsActivity"]}, {"fc49c6fd6506aa1916e5f948da777996": ["1", "org.jtb.alogcat.PrefsActivity"]}, {"fc49c6fd6506aa1916e5f948da777996": ["1", "org.jtb.alogcat.PrefsActivity"]}, {"7de14a47bfa0e8dea4a60f0483131a4a": ["16", "org.jtb.alogcat.LogActivity"]}, {"7de14a47bfa0e8dea4a60f0483131a4a": ["16", "org.jtb.alogcat.LogActivity"]}, {"7de14a47bfa0e8dea4a60f0483131a4a": ["16", "org.jtb.alogcat.LogActivity"]}, {"7de14a47bfa0e8dea4a60f0483131a4a": ["16", "org.jtb.alogcat.LogActivity"]}, {"b61ec79352049b785714d494c6bf9e1d": ["0", "org.jtb.alogcat.LogActivity"]}, {"7de14a47bfa0e8dea4a60f0483131a4a": ["16", "org.jtb.alogcat.LogActivity"]}, {"7de14a47bfa0e8dea4a60f0483131a4a": ["16", "org.jtb.alogcat.LogActivity"]}, {"b61ec79352049b785714d494c6bf9e1d": ["0", "org.jtb.alogcat.LogActivity"]}, {"7de14a47bfa0e8dea4a60f0483131a4a": ["16", "org.jtb.alogcat.LogActivity"]}, {"7de14a47bfa0e8dea4a60f0483131a4a": ["16", "org.jtb.alogcat.LogActivity"]}, {"7de14a47bfa0e8dea4a60f0483131a4a": ["16", "org.jtb.alogcat.LogActivity"]}, {"7de14a47bfa0e8dea4a60f0483131a4a": ["16", "org.jtb.alogcat.LogActivity"]}, {"b61ec79352049b785714d494c6bf9e1d": ["0", "org.jtb.alogcat.LogActivity"]}, {"7de14a47bfa0e8dea4a60f0483131a4a": ["16", "org.jtb.alogcat.LogActivity"]}, {"7de14a47bfa0e8dea4a60f0483131a4a": ["16", "org.jtb.alogcat.LogActivity"]}, {"7de14a47bfa0e8dea4a60f0483131a4a": ["16", "org.jtb.alogcat.LogActivity"]}, {"7de14a47bfa0e8dea4a60f0483131a4a": ["16", "org.jtb.alogcat.LogActivity"]}, {"7de14a47bfa0e8dea4a60f0483131a4a": ["16", "org.jtb.alogcat.LogActivity"]}, {"7de14a47bfa0e8dea4a60f0483131a4a": ["16", "org.jtb.alogcat.LogActivity"]}, {"7de14a47bfa0e8dea4a60f0483131a4a": ["16", "org.jtb.alogcat.LogActivity"]}, {"b61ec79352049b785714d494c6bf9e1d": ["0", "org.jtb.alogcat.LogActivity"]}, {"fc49c6fd6506aa1916e5f948da777996": ["1", "org.jtb.alogcat.PrefsActivity"]}, {"423b9ded68d0141aafab8bae247118cc": ["3", "org.jtb.alogcat.PrefsActivity"]}, {"fc49c6fd6506aa1916e5f948da777996": ["1", "org.jtb.alogcat.PrefsActivity"]}, {"fc49c6fd6506aa1916e5f948da777996": ["1", "org.jtb.alogcat.PrefsActivity"]}, {"d9e85a52319eb7901bef0aa256f4a8f2": ["2", "org.jtb.alogcat.PrefsActivity"]}, {"fc49c6fd6506aa1916e5f948da777996": ["1", "org.jtb.alogcat.PrefsActivity"]}, {"fc49c6fd6506aa1916e5f948da777996": ["1", "org.jtb.alogcat.PrefsActivity"]}, {"fc49c6fd6506aa1916e5f948da777996": ["1", "org.jtb.alogcat.PrefsActivity"]}, {"fc49c6fd6506aa1916e5f948da777996": ["1", "org.jtb.alogcat.PrefsActivity"]}, {"423b9ded68d0141aafab8bae247118cc": ["3", "org.jtb.alogcat.PrefsActivity"]}, {"fc49c6fd6506aa1916e5f948da777996": ["1", "org.jtb.alogcat.PrefsActivity"]}, {"423b9ded68d0141aafab8bae247118cc": ["3", "org.jtb.alogcat.PrefsActivity"]}, {"fc49c6fd6506aa1916e5f948da777996": ["1", "org.jtb.alogcat.PrefsActivity"]}, {"fc49c6fd6506aa1916e5f948da777996": ["1", "org.jtb.alogcat.PrefsActivity"]}, {"fc49c6fd6506aa1916e5f948da777996": ["1", "org.jtb.alogcat.PrefsActivity"]}, {"423b9ded68d0141aafab8bae247118cc": ["3", "org.jtb.alogcat.PrefsActivity"]}, {"fc49c6fd6506aa1916e5f948da777996": ["1", "org.jtb.alogcat.PrefsActivity"]}, {"6408f226e1777a6f9745a78f263ac789": ["4", "org.jtb.alogcat.PrefsActivity"]}, {"fc49c6fd6506aa1916e5f948da777996": ["1", "org.jtb.alogcat.PrefsActivity"]}, {"423b9ded68d0141aafab8bae247118cc": ["3", "org.jtb.alogcat.PrefsActivity"]}, {"fc49c6fd6506aa1916e5f948da777996": ["1", "org.jtb.alogcat.PrefsActivity"]}, {"d9e85a52319eb7901bef0aa256f4a8f2": ["2", "org.jtb.alogcat.PrefsActivity"]}, {"fc49c6fd6506aa1916e5f948da777996": ["1", "org.jtb.alogcat.PrefsActivity"]}, {"fc49c6fd6506aa1916e5f948da777996": ["1", "org.jtb.alogcat.PrefsActivity"]}, {"fc49c6fd6506aa1916e5f948da777996": ["1", "org.jtb.alogcat.PrefsActivity"]}, {"fc49c6fd6506aa1916e5f948da777996": ["1", "org.jtb.alogcat.PrefsActivity"]}, {"fc49c6fd6506aa1916e5f948da777996": ["1", "org.jtb.alogcat.PrefsActivity"]}, {"fc49c6fd6506aa1916e5f948da777996": ["1", "org.jtb.alogcat.PrefsActivity"]}, {"d9e85a52319eb7901bef0aa256f4a8f2": ["2", "org.jtb.alogcat.PrefsActivity"]}, {"fc49c6fd6506aa1916e5f948da777996": ["1", "org.jtb.alogcat.PrefsActivity"]}, {"fc49c6fd6506aa1916e5f948da777996": ["1", "org.jtb.alogcat.PrefsActivity"]}, {"423b9ded68d0141aafab8bae247118cc": ["3", "org.jtb.alogcat.PrefsActivity"]}, {"7de14a47bfa0e8dea4a60f0483131a4a": ["16", "org.jtb.alogcat.LogActivity"]}, {"7de14a47bfa0e8dea4a60f0483131a4a": ["16", "org.jtb.alogcat.LogActivity"]}, {"7de14a47bfa0e8dea4a60f0483131a4a": ["16", "org.jtb.alogcat.LogActivity"]}, {"b61ec79352049b785714d494c6bf9e1d": ["0", "org.jtb.alogcat.LogActivity"]}, {"fc49c6fd6506aa1916e5f948da777996": ["1", "org.jtb.alogcat.PrefsActivity"]}, {"fc49c6fd6506aa1916e5f948da777996": ["1", "org.jtb.alogcat.PrefsActivity"]}, {"d9e85a52319eb7901bef0aa256f4a8f2": ["2", "org.jtb.alogcat.PrefsActivity"]}, {"fc49c6fd6506aa1916e5f948da777996": ["1", "org.jtb.alogcat.PrefsActivity"]}, {"6408f226e1777a6f9745a78f263ac789": ["4", "org.jtb.alogcat.PrefsActivity"]}, {"fc49c6fd6506aa1916e5f948da777996": ["1", "org.jtb.alogcat.PrefsActivity"]}, {"423b9ded68d0141aafab8bae247118cc": ["3", "org.jtb.alogcat.PrefsActivity"]}, {"fc49c6fd6506aa1916e5f948da777996": ["1", "org.jtb.alogcat.PrefsActivity"]}, {"fc49c6fd6506aa1916e5f948da777996": ["1", "org.jtb.alogcat.PrefsActivity"]}, {"fc49c6fd6506aa1916e5f948da777996": ["1", "org.jtb.alogcat.PrefsActivity"]}, {"fc49c6fd6506aa1916e5f948da777996": ["1", "org.jtb.alogcat.PrefsActivity"]}, {"fc49c6fd6506aa1916e5f948da777996": ["1", "org.jtb.alogcat.PrefsActivity"]}, {"423b9ded68d0141aafab8bae247118cc": ["3", "org.jtb.alogcat.PrefsActivity"]}, {"fc49c6fd6506aa1916e5f948da777996": ["1", "org.jtb.alogcat.PrefsActivity"]}, {"fc49c6fd6506aa1916e5f948da777996": ["1", "org.jtb.alogcat.PrefsActivity"]}, {"423b9ded68d0141aafab8bae247118cc": ["3", "org.jtb.alogcat.PrefsActivity"]}, {"fc49c6fd6506aa1916e5f948da777996": ["1", "org.jtb.alogcat.PrefsActivity"]}, {"423b9ded68d0141aafab8bae247118cc": ["3", "org.jtb.alogcat.PrefsActivity"]}, {"fc49c6fd6506aa1916e5f948da777996": ["1", "org.jtb.alogcat.PrefsActivity"]}, {"fc49c6fd6506aa1916e5f948da777996": ["1", "org.jtb.alogcat.PrefsActivity"]}, {"fc49c6fd6506aa1916e5f948da777996": ["1", "org.jtb.alogcat.PrefsActivity"]}, {"423b9ded68d0141aafab8bae247118cc": ["3", "org.jtb.alogcat.PrefsActivity"]}, {"fc49c6fd6506aa1916e5f948da777996": ["1", "org.jtb.alogcat.PrefsActivity"]}, {"6408f226e1777a6f9745a78f263ac789": ["4", "org.jtb.alogcat.PrefsActivity"]}, {"fc49c6fd6506aa1916e5f948da777996": ["1", "org.jtb.alogcat.PrefsActivity"]}, {"423b9ded68d0141aafab8bae247118cc": ["3", "org.jtb.alogcat.PrefsActivity"]}, {"7de14a47bfa0e8dea4a60f0483131a4a": ["16", "org.jtb.alogcat.LogActivity"]}, {"7de14a47bfa0e8dea4a60f0483131a4a": ["16", "org.jtb.alogcat.LogActivity"]}, {"7de14a47bfa0e8dea4a60f0483131a4a": ["16", "org.jtb.alogcat.LogActivity"]}, {"7de14a47bfa0e8dea4a60f0483131a4a": ["16", "org.jtb.alogcat.LogActivity"]}, {"b61ec79352049b785714d494c6bf9e1d": ["0", "org.jtb.alogcat.LogActivity"]}, {"7de14a47bfa0e8dea4a60f0483131a4a": ["16", "org.jtb.alogcat.LogActivity"]}, {"7de14a47bfa0e8dea4a60f0483131a4a": ["16", "org.jtb.alogcat.LogActivity"]}, {"7de14a47bfa0e8dea4a60f0483131a4a": ["16", "org.jtb.alogcat.LogActivity"]}, {"7de14a47bfa0e8dea4a60f0483131a4a": ["16", "org.jtb.alogcat.LogActivity"]}, {"7de14a47bfa0e8dea4a60f0483131a4a": ["16", "org.jtb.alogcat.LogActivity"]}, {"7de14a47bfa0e8dea4a60f0483131a4a": ["16", "org.jtb.alogcat.LogActivity"]}, {"7de14a47bfa0e8dea4a60f0483131a4a": ["16", "org.jtb.alogcat.LogActivity"]}, {"7de14a47bfa0e8dea4a60f0483131a4a": ["16", "org.jtb.alogcat.LogActivity"]}, {"7de14a47bfa0e8dea4a60f0483131a4a": ["16", "org.jtb.alogcat.LogActivity"]}, {"b61ec79352049b785714d494c6bf9e1d": ["0", "org.jtb.alogcat.LogActivity"]}, {"fc49c6fd6506aa1916e5f948da777996": ["1", "org.jtb.alogcat.PrefsActivity"]}, {"fc49c6fd6506aa1916e5f948da777996": ["1", "org.jtb.alogcat.PrefsActivity"]}, {"6408f226e1777a6f9745a78f263ac789": ["4", "org.jtb.alogcat.PrefsActivity"]}, {"7de14a47bfa0e8dea4a60f0483131a4a": ["16", "org.jtb.alogcat.LogActivity"]}, {"7de14a47bfa0e8dea4a60f0483131a4a": ["16", "org.jtb.alogcat.LogActivity"]}, {"7de14a47bfa0e8dea4a60f0483131a4a": ["16", "org.jtb.alogcat.LogActivity"]}, {"7de14a47bfa0e8dea4a60f0483131a4a": ["16", "org.jtb.alogcat.LogActivity"]}, {"7de14a47bfa0e8dea4a60f0483131a4a": ["16", "org.jtb.alogcat.LogActivity"]}, {"7de14a47bfa0e8dea4a60f0483131a4a": ["16", "org.jtb.alogcat.LogActivity"]}, {"7de14a47bfa0e8dea4a60f0483131a4a": ["16", "org.jtb.alogcat.LogActivity"]}, {"7de14a47bfa0e8dea4a60f0483131a4a": ["16", "org.jtb.alogcat.LogActivity"]}, {"b61ec79352049b785714d494c6bf9e1d": ["0", "org.jtb.alogcat.LogActivity"]}, {"7de14a47bfa0e8dea4a60f0483131a4a": ["16", "org.jtb.alogcat.LogActivity"]}, {"7de14a47bfa0e8dea4a60f0483131a4a": ["16", "org.jtb.alogcat.LogActivity"]}, {"7de14a47bfa0e8dea4a60f0483131a4a": ["16", "org.jtb.alogcat.LogActivity"]}, {"b61ec79352049b785714d494c6bf9e1d": ["0", "org.jtb.alogcat.LogActivity"]}, {"7de14a47bfa0e8dea4a60f0483131a4a": ["16", "org.jtb.alogcat.LogActivity"]}, {"7de14a47bfa0e8dea4a60f0483131a4a": ["16", "org.jtb.alogcat.LogActivity"]}, {"7de14a47bfa0e8dea4a60f0483131a4a": ["16", "org.jtb.alogcat.LogActivity"]}, {"7de14a47bfa0e8dea4a60f0483131a4a": ["16", "org.jtb.alogcat.LogActivity"]}, {"7de14a47bfa0e8dea4a60f0483131a4a": ["16", "org.jtb.alogcat.LogActivity"]}, {"7de14a47bfa0e8dea4a60f0483131a4a": ["16", "org.jtb.alogcat.LogActivity"]}, {"7de14a47bfa0e8dea4a60f0483131a4a": ["16", "org.jtb.alogcat.LogActivity"]}, {"7de14a47bfa0e8dea4a60f0483131a4a": ["16", "org.jtb.alogcat.LogActivity"]}, {"7de14a47bfa0e8dea4a60f0483131a4a": ["16", "org.jtb.alogcat.LogActivity"]}, {"7de14a47bfa0e8dea4a60f0483131a4a": ["16", "org.jtb.alogcat.LogActivity"]}, {"7de14a47bfa0e8dea4a60f0483131a4a": ["16", "org.jtb.alogcat.LogActivity"]}, {"7de14a47bfa0e8dea4a60f0483131a4a": ["16", "org.jtb.alogcat.LogActivity"]}, {"7de14a47bfa0e8dea4a60f0483131a4a": ["16", "org.jtb.alogcat.LogActivity"]}, {"7de14a47bfa0e8dea4a60f0483131a4a": ["16", "org.jtb.alogcat.LogActivity"]}, {"7de14a47bfa0e8dea4a60f0483131a4a": ["16", "org.jtb.alogcat.LogActivity"]}, {"7de14a47bfa0e8dea4a60f0483131a4a": ["16", "org.jtb.alogcat.LogActivity"]}, {"7de14a47bfa0e8dea4a60f0483131a4a": ["16", "org.jtb.alogcat.LogActivity"]}, {"7de14a47bfa0e8dea4a60f0483131a4a": ["16", "org.jtb.alogcat.LogActivity"]}, {"7de14a47bfa0e8dea4a60f0483131a4a": ["16", "org.jtb.alogcat.LogActivity"]}, {"7de14a47bfa0e8dea4a60f0483131a4a": ["16", "org.jtb.alogcat.LogActivity"]}, {"7de14a47bfa0e8dea4a60f0483131a4a": ["16", "org.jtb.alogcat.LogActivity"]}, {"b61ec79352049b785714d494c6bf9e1d": ["0", "org.jtb.alogcat.LogActivity"]}, {"7de14a47bfa0e8dea4a60f0483131a4a": ["16", "org.jtb.alogcat.LogActivity"]}, {"7de14a47bfa0e8dea4a60f0483131a4a": ["16", "org.jtb.alogcat.LogActivity"]}, {"7de14a47bfa0e8dea4a60f0483131a4a": ["16", "org.jtb.alogcat.LogActivity"]}, {"7de14a47bfa0e8dea4a60f0483131a4a": ["16", "org.jtb.alogcat.LogActivity"]}, {"b61ec79352049b785714d494c6bf9e1d": ["0", "org.jtb.alogcat.LogActivity"]}, {"7de14a47bfa0e8dea4a60f0483131a4a": ["16", "org.jtb.alogcat.LogActivity"]}, {"7de14a47bfa0e8dea4a60f0483131a4a": ["16", "org.jtb.alogcat.LogActivity"]}, {"7de14a47bfa0e8dea4a60f0483131a4a": ["16", "org.jtb.alogcat.LogActivity"]}, {"7de14a47bfa0e8dea4a60f0483131a4a": ["16", "org.jtb.alogcat.LogActivity"]}, {"7de14a47bfa0e8dea4a60f0483131a4a": ["16", "org.jtb.alogcat.LogActivity"]}, {"7de14a47bfa0e8dea4a60f0483131a4a": ["16", "org.jtb.alogcat.LogActivity"]}, {"7de14a47bfa0e8dea4a60f0483131a4a": ["16", "org.jtb.alogcat.LogActivity"]}, {"7de14a47bfa0e8dea4a60f0483131a4a": ["16", "org.jtb.alogcat.LogActivity"]}, {"7de14a47bfa0e8dea4a60f0483131a4a": ["16", "org.jtb.alogcat.LogActivity"]}, {"7de14a47bfa0e8dea4a60f0483131a4a": ["16", "org.jtb.alogcat.LogActivity"]}, {"b61ec79352049b785714d494c6bf9e1d": ["0", "org.jtb.alogcat.LogActivity"]}, {"fc49c6fd6506aa1916e5f948da777996": ["1", "org.jtb.alogcat.PrefsActivity"]}, {"fc49c6fd6506aa1916e5f948da777996": ["1", "org.jtb.alogcat.PrefsActivity"]}, {"fc49c6fd6506aa1916e5f948da777996": ["1", "org.jtb.alogcat.PrefsActivity"]}, {"fc49c6fd6506aa1916e5f948da777996": ["1", "org.jtb.alogcat.PrefsActivity"]}, {"fc49c6fd6506aa1916e5f948da777996": ["1", "org.jtb.alogcat.PrefsActivity"]}, {"d9e85a52319eb7901bef0aa256f4a8f2": ["2", "org.jtb.alogcat.PrefsActivity"]}, {"fc49c6fd6506aa1916e5f948da777996": ["1", "org.jtb.alogcat.PrefsActivity"]}, {"423b9ded68d0141aafab8bae247118cc": ["3", "org.jtb.alogcat.PrefsActivity"]}, {"fc49c6fd6506aa1916e5f948da777996": ["1", "org.jtb.alogcat.PrefsActivity"]}, {"d9e85a52319eb7901bef0aa256f4a8f2": ["2", "org.jtb.alogcat.PrefsActivity"]}, {"fc49c6fd6506aa1916e5f948da777996": ["1", "org.jtb.alogcat.PrefsActivity"]}, {"423b9ded68d0141aafab8bae247118cc": ["3", "org.jtb.alogcat.PrefsActivity"]}, {"fc49c6fd6506aa1916e5f948da777996": ["1", "org.jtb.alogcat.PrefsActivity"]}, {"fc49c6fd6506aa1916e5f948da777996": ["1", "org.jtb.alogcat.PrefsActivity"]}, {"6408f226e1777a6f9745a78f263ac789": ["4", "org.jtb.alogcat.PrefsActivity"]}, {"fc49c6fd6506aa1916e5f948da777996": ["1", "org.jtb.alogcat.PrefsActivity"]}, {"d9e85a52319eb7901bef0aa256f4a8f2": ["2", "org.jtb.alogcat.PrefsActivity"]}, {"fc49c6fd6506aa1916e5f948da777996": ["1", "org.jtb.alogcat.PrefsActivity"]}, {"423b9ded68d0141aafab8bae247118cc": ["3", "org.jtb.alogcat.PrefsActivity"]}, {"fc49c6fd6506aa1916e5f948da777996": ["1", "org.jtb.alogcat.PrefsActivity"]}, {"d9e85a52319eb7901bef0aa256f4a8f2": ["2", "org.jtb.alogcat.PrefsActivity"]}, {"fc49c6fd6506aa1916e5f948da777996": ["1", "org.jtb.alogcat.PrefsActivity"]}, {"fc49c6fd6506aa1916e5f948da777996": ["1", "org.jtb.alogcat.PrefsActivity"]}, {"fc49c6fd6506aa1916e5f948da777996": ["1", "org.jtb.alogcat.PrefsActivity"]}, {"fc49c6fd6506aa1916e5f948da777996": ["1", "org.jtb.alogcat.PrefsActivity"]}, {"fc49c6fd6506aa1916e5f948da777996": ["1", "org.jtb.alogcat.PrefsActivity"]}, {"fc49c6fd6506aa1916e5f948da777996": ["1", "org.jtb.alogcat.PrefsActivity"]}, {"fc49c6fd6506aa1916e5f948da777996": ["1", "org.jtb.alogcat.PrefsActivity"]}, {"423b9ded68d0141aafab8bae247118cc": ["3", "org.jtb.alogcat.PrefsActivity"]}, {"fc49c6fd6506aa1916e5f948da777996": ["1", "org.jtb.alogcat.PrefsActivity"]}, {"fc49c6fd6506aa1916e5f948da777996": ["1", "org.jtb.alogcat.PrefsActivity"]}, {"fc49c6fd6506aa1916e5f948da777996": ["1", "org.jtb.alogcat.PrefsActivity"]}, {"423b9ded68d0141aafab8bae247118cc": ["3", "org.jtb.alogcat.PrefsActivity"]}, {"fc49c6fd6506aa1916e5f948da777996": ["1", "org.jtb.alogcat.PrefsActivity"]}, {"fc49c6fd6506aa1916e5f948da777996": ["1", "org.jtb.alogcat.PrefsActivity"]}, {"423b9ded68d0141aafab8bae247118cc": ["3", "org.jtb.alogcat.PrefsActivity"]}, {"fc49c6fd6506aa1916e5f948da777996": ["1", "org.jtb.alogcat.PrefsActivity"]}, {"423b9ded68d0141aafab8bae247118cc": ["3", "org.jtb.alogcat.PrefsActivity"]}, {"fc49c6fd6506aa1916e5f948da777996": ["1", "org.jtb.alogcat.PrefsActivity"]}, {"fc49c6fd6506aa1916e5f948da777996": ["1", "org.jtb.alogcat.PrefsActivity"]}, {"fc49c6fd6506aa1916e5f948da777996": ["1", "org.jtb.alogcat.PrefsActivity"]}, {"423b9ded68d0141aafab8bae247118cc": ["3", "org.jtb.alogcat.PrefsActivity"]}, {"fc49c6fd6506aa1916e5f948da777996": ["1", "org.jtb.alogcat.PrefsActivity"]}, {"423b9ded68d0141aafab8bae247118cc": ["3", "org.jtb.alogcat.PrefsActivity"]}, {"fc49c6fd6506aa1916e5f948da777996": ["1", "org.jtb.alogcat.PrefsActivity"]}, {"6408f226e1777a6f9745a78f263ac789": ["4", "org.jtb.alogcat.PrefsActivity"]}, {"fc49c6fd6506aa1916e5f948da777996": ["1", "org.jtb.alogcat.PrefsActivity"]}, {"423b9ded68d0141aafab8bae247118cc": ["3", "org.jtb.alogcat.PrefsActivity"]}, {"fc49c6fd6506aa1916e5f948da777996": ["1", "org.jtb.alogcat.PrefsActivity"]}, {"fc49c6fd6506aa1916e5f948da777996": ["1", "org.jtb.alogcat.PrefsActivity"]}, {"423b9ded68d0141aafab8bae247118cc": ["3", "org.jtb.alogcat.PrefsActivity"]}, {"fc49c6fd6506aa1916e5f948da777996": ["1", "org.jtb.alogcat.PrefsActivity"]}, {"fc49c6fd6506aa1916e5f948da777996": ["1", "org.jtb.alogcat.PrefsActivity"]}, {"423b9ded68d0141aafab8bae247118cc": ["3", "org.jtb.alogcat.PrefsActivity"]}, {"fc49c6fd6506aa1916e5f948da777996": ["1", "org.jtb.alogcat.PrefsActivity"]}, {"423b9ded68d0141aafab8bae247118cc": ["3", "org.jtb.alogcat.PrefsActivity"]}, {"fc49c6fd6506aa1916e5f948da777996": ["1", "org.jtb.alogcat.PrefsActivity"]}, {"423b9ded68d0141aafab8bae247118cc": ["3", "org.jtb.alogcat.PrefsActivity"]}, {"fc49c6fd6506aa1916e5f948da777996": ["1", "org.jtb.alogcat.PrefsActivity"]}, {"423b9ded68d0141aafab8bae247118cc": ["3", "org.jtb.alogcat.PrefsActivity"]}, {"fc49c6fd6506aa1916e5f948da777996": ["1", "org.jtb.alogcat.PrefsActivity"]}, {"2fe3fb487ee2eb8cf90ebc7941b4d826": ["51", "org.jtb.alogcat.LogActivity"]}, {"2fe3fb487ee2eb8cf90ebc7941b4d826": ["51", "org.jtb.alogcat.LogActivity"]}, {"6f7ee5b66e9e5b88b81174603696d040": ["38", "org.jtb.alogcat.LogActivity"]}, {"b61ec79352049b785714d494c6bf9e1d": ["0", "org.jtb.alogcat.LogActivity"]}, {"6f7ee5b66e9e5b88b81174603696d040": ["38", "org.jtb.alogcat.LogActivity"]}, {"2fe3fb487ee2eb8cf90ebc7941b4d826": ["51", "org.jtb.alogcat.LogActivity"]}, {"6f7ee5b66e9e5b88b81174603696d040": ["38", "org.jtb.alogcat.LogActivity"]}, {"2fe3fb487ee2eb8cf90ebc7941b4d826": ["51", "org.jtb.alogcat.LogActivity"]}, {"6f7ee5b66e9e5b88b81174603696d040": ["38", "org.jtb.alogcat.LogActivity"]}, {"6f7ee5b66e9e5b88b81174603696d040": ["38", "org.jtb.alogcat.LogActivity"]}, {"6f7ee5b66e9e5b88b81174603696d040": ["38", "org.jtb.alogcat.LogActivity"]}, {"6f7ee5b66e9e5b88b81174603696d040": ["38", "org.jtb.alogcat.LogActivity"]}, {"6f7ee5b66e9e5b88b81174603696d040": ["38", "org.jtb.alogcat.LogActivity"]}, {"6f7ee5b66e9e5b88b81174603696d040": ["38", "org.jtb.alogcat.LogActivity"]}, {"b61ec79352049b785714d494c6bf9e1d": ["0", "org.jtb.alogcat.LogActivity"]}, {"6f7ee5b66e9e5b88b81174603696d040": ["38", "org.jtb.alogcat.LogActivity"]}, {"5b7b9970d7921678db8488ddfd9081eb": ["19", "org.jtb.alogcat.LogActivity"]}, {"6f7ee5b66e9e5b88b81174603696d040": ["38", "org.jtb.alogcat.LogActivity"]}, {"6f7ee5b66e9e5b88b81174603696d040": ["38", "org.jtb.alogcat.LogActivity"]}, {"6f7ee5b66e9e5b88b81174603696d040": ["38", "org.jtb.alogcat.LogActivity"]}, {"6f7ee5b66e9e5b88b81174603696d040": ["38", "org.jtb.alogcat.LogActivity"]}, {"2fe3fb487ee2eb8cf90ebc7941b4d826": ["51", "org.jtb.alogcat.LogActivity"]}, {"6f7ee5b66e9e5b88b81174603696d040": ["38", "org.jtb.alogcat.LogActivity"]}, {"b61ec79352049b785714d494c6bf9e1d": ["0", "org.jtb.alogcat.LogActivity"]}, {"39be9ff9b6fd3a37e64a8e4d83c85891": ["5", "org.jtb.alogcat.LogActivity"]}, {"6f7ee5b66e9e5b88b81174603696d040": ["38", "org.jtb.alogcat.LogActivity"]}, {"6f7ee5b66e9e5b88b81174603696d040": ["38", "org.jtb.alogcat.LogActivity"]}, {"6f7ee5b66e9e5b88b81174603696d040": ["38", "org.jtb.alogcat.LogActivity"]}, {"6f7ee5b66e9e5b88b81174603696d040": ["38", "org.jtb.alogcat.LogActivity"]}, {"b61ec79352049b785714d494c6bf9e1d": ["0", "org.jtb.alogcat.LogActivity"]}, {"6f7ee5b66e9e5b88b81174603696d040": ["38", "org.jtb.alogcat.LogActivity"]}, {"6f7ee5b66e9e5b88b81174603696d040": ["38", "org.jtb.alogcat.LogActivity"]}, {"6f7ee5b66e9e5b88b81174603696d040": ["38", "org.jtb.alogcat.LogActivity"]}, {"6f7ee5b66e9e5b88b81174603696d040": ["38", "org.jtb.alogcat.LogActivity"]}, {"b61ec79352049b785714d494c6bf9e1d": ["0", "org.jtb.alogcat.LogActivity"]}, {"6f7ee5b66e9e5b88b81174603696d040": ["38", "org.jtb.alogcat.LogActivity"]}, {"2fe3fb487ee2eb8cf90ebc7941b4d826": ["51", "org.jtb.alogcat.LogActivity"]}, {"6f7ee5b66e9e5b88b81174603696d040": ["38", "org.jtb.alogcat.LogActivity"]}, {"6f7ee5b66e9e5b88b81174603696d040": ["38", "org.jtb.alogcat.LogActivity"]}, {"6f7ee5b66e9e5b88b81174603696d040": ["38", "org.jtb.alogcat.LogActivity"]}, {"6f7ee5b66e9e5b88b81174603696d040": ["38", "org.jtb.alogcat.LogActivity"]}, {"6f7ee5b66e9e5b88b81174603696d040": ["38", "org.jtb.alogcat.LogActivity"]}, {"6f7ee5b66e9e5b88b81174603696d040": ["38", "org.jtb.alogcat.LogActivity"]}, {"6f7ee5b66e9e5b88b81174603696d040": ["38", "org.jtb.alogcat.LogActivity"]}, {"6f7ee5b66e9e5b88b81174603696d040": ["38", "org.jtb.alogcat.LogActivity"]}, {"6f7ee5b66e9e5b88b81174603696d040": ["38", "org.jtb.alogcat.LogActivity"]}, {"6f7ee5b66e9e5b88b81174603696d040": ["38", "org.jtb.alogcat.LogActivity"]}, {"6f7ee5b66e9e5b88b81174603696d040": ["38", "org.jtb.alogcat.LogActivity"]}, {"b61ec79352049b785714d494c6bf9e1d": ["0", "org.jtb.alogcat.LogActivity"]}, {"6f7ee5b66e9e5b88b81174603696d040": ["38", "org.jtb.alogcat.LogActivity"]}, {"6f7ee5b66e9e5b88b81174603696d040": ["38", "org.jtb.alogcat.LogActivity"]}, {"6f7ee5b66e9e5b88b81174603696d040": ["38", "org.jtb.alogcat.LogActivity"]}, {"39be9ff9b6fd3a37e64a8e4d83c85891": ["5", "org.jtb.alogcat.LogActivity"]}, {"6f7ee5b66e9e5b88b81174603696d040": ["38", "org.jtb.alogcat.LogActivity"]}, {"6f7ee5b66e9e5b88b81174603696d040": ["38", "org.jtb.alogcat.LogActivity"]}, {"6f7ee5b66e9e5b88b81174603696d040": ["38", "org.jtb.alogcat.LogActivity"]}, {"6f7ee5b66e9e5b88b81174603696d040": ["38", "org.jtb.alogcat.LogActivity"]}, {"815fc9138faac8fe2b37e2bd1b3c91ea": ["39", "org.jtb.alogcat.LogActivity"]}, {"6f7ee5b66e9e5b88b81174603696d040": ["38", "org.jtb.alogcat.LogActivity"]}]