[{"932151a239c731e1c6d6576c3c91dd4a": ["1", "com.eleybourn.bookcatalogue.BookCatalogue"]}, {"093d241f4458cd142cb3738ef3b0873c": ["0", "com.eleybourn.bookcatalogue.BookCatalogue"]}, {"093d241f4458cd142cb3738ef3b0873c": ["0", "com.eleybourn.bookcatalogue.BookCatalogue"]}, {"932151a239c731e1c6d6576c3c91dd4a": ["1", "com.eleybourn.bookcatalogue.BookCatalogue"]}, {"093d241f4458cd142cb3738ef3b0873c": ["0", "com.eleybourn.bookcatalogue.BookCatalogue"]}, {"093d241f4458cd142cb3738ef3b0873c": ["0", "com.eleybourn.bookcatalogue.BookCatalogue"]}, {"932151a239c731e1c6d6576c3c91dd4a": ["1", "com.eleybourn.bookcatalogue.BookCatalogue"]}, {"093d241f4458cd142cb3738ef3b0873c": ["0", "com.eleybourn.bookcatalogue.BookCatalogue"]}, {"932151a239c731e1c6d6576c3c91dd4a": ["1", "com.eleybourn.bookcatalogue.BookCatalogue"]}, {"093d241f4458cd142cb3738ef3b0873c": ["0", "com.eleybourn.bookcatalogue.BookCatalogue"]}, {"932151a239c731e1c6d6576c3c91dd4a": ["1", "com.eleybourn.bookcatalogue.BookCatalogue"]}, {"093d241f4458cd142cb3738ef3b0873c": ["0", "com.eleybourn.bookcatalogue.BookCatalogue"]}, {"932151a239c731e1c6d6576c3c91dd4a": ["1", "com.eleybourn.bookcatalogue.BookCatalogue"]}, {"093d241f4458cd142cb3738ef3b0873c": ["0", "com.eleybourn.bookcatalogue.BookCatalogue"]}, {"932151a239c731e1c6d6576c3c91dd4a": ["1", "com.eleybourn.bookcatalogue.BookCatalogue"]}, {"093d241f4458cd142cb3738ef3b0873c": ["0", "com.eleybourn.bookcatalogue.BookCatalogue"]}, {"932151a239c731e1c6d6576c3c91dd4a": ["1", "com.eleybourn.bookcatalogue.BookCatalogue"]}, {"093d241f4458cd142cb3738ef3b0873c": ["0", "com.eleybourn.bookcatalogue.BookCatalogue"]}, {"093d241f4458cd142cb3738ef3b0873c": ["0", "com.eleybourn.bookcatalogue.BookCatalogue"]}, {"932151a239c731e1c6d6576c3c91dd4a": ["1", "com.eleybourn.bookcatalogue.BookCatalogue"]}, {"093d241f4458cd142cb3738ef3b0873c": ["0", "com.eleybourn.bookcatalogue.BookCatalogue"]}, {"932151a239c731e1c6d6576c3c91dd4a": ["1", "com.eleybourn.bookcatalogue.BookCatalogue"]}, {"093d241f4458cd142cb3738ef3b0873c": ["0", "com.eleybourn.bookcatalogue.BookCatalogue"]}, {"932151a239c731e1c6d6576c3c91dd4a": ["1", "com.eleybourn.bookcatalogue.BookCatalogue"]}, {"093d241f4458cd142cb3738ef3b0873c": ["0", "com.eleybourn.bookcatalogue.BookCatalogue"]}, {"932151a239c731e1c6d6576c3c91dd4a": ["1", "com.eleybourn.bookcatalogue.BookCatalogue"]}, {"093d241f4458cd142cb3738ef3b0873c": ["0", "com.eleybourn.bookcatalogue.BookCatalogue"]}, {"093d241f4458cd142cb3738ef3b0873c": ["0", "com.eleybourn.bookcatalogue.BookCatalogue"]}, {"932151a239c731e1c6d6576c3c91dd4a": ["1", "com.eleybourn.bookcatalogue.BookCatalogue"]}, {"093d241f4458cd142cb3738ef3b0873c": ["0", "com.eleybourn.bookcatalogue.BookCatalogue"]}, {"932151a239c731e1c6d6576c3c91dd4a": ["1", "com.eleybourn.bookcatalogue.BookCatalogue"]}, {"093d241f4458cd142cb3738ef3b0873c": ["0", "com.eleybourn.bookcatalogue.BookCatalogue"]}, {"932151a239c731e1c6d6576c3c91dd4a": ["1", "com.eleybourn.bookcatalogue.BookCatalogue"]}, {"093d241f4458cd142cb3738ef3b0873c": ["0", "com.eleybourn.bookcatalogue.BookCatalogue"]}, {"093d241f4458cd142cb3738ef3b0873c": ["0", "com.eleybourn.bookcatalogue.BookCatalogue"]}, {"932151a239c731e1c6d6576c3c91dd4a": ["1", "com.eleybourn.bookcatalogue.BookCatalogue"]}, {"093d241f4458cd142cb3738ef3b0873c": ["0", "com.eleybourn.bookcatalogue.BookCatalogue"]}, {"093d241f4458cd142cb3738ef3b0873c": ["0", "com.eleybourn.bookcatalogue.BookCatalogue"]}, {"093d241f4458cd142cb3738ef3b0873c": ["0", "com.eleybourn.bookcatalogue.BookCatalogue"]}, {"093d241f4458cd142cb3738ef3b0873c": ["0", "com.eleybourn.bookcatalogue.BookCatalogue"]}, {"093d241f4458cd142cb3738ef3b0873c": ["0", "com.eleybourn.bookcatalogue.BookCatalogue"]}, {"093d241f4458cd142cb3738ef3b0873c": ["0", "com.eleybourn.bookcatalogue.BookCatalogue"]}, {"932151a239c731e1c6d6576c3c91dd4a": ["1", "com.eleybourn.bookcatalogue.BookCatalogue"]}, {"093d241f4458cd142cb3738ef3b0873c": ["0", "com.eleybourn.bookcatalogue.BookCatalogue"]}, {"093d241f4458cd142cb3738ef3b0873c": ["0", "com.eleybourn.bookcatalogue.BookCatalogue"]}, {"093d241f4458cd142cb3738ef3b0873c": ["0", "com.eleybourn.bookcatalogue.BookCatalogue"]}, {"932151a239c731e1c6d6576c3c91dd4a": ["1", "com.eleybourn.bookcatalogue.BookCatalogue"]}, {"093d241f4458cd142cb3738ef3b0873c": ["0", "com.eleybourn.bookcatalogue.BookCatalogue"]}, {"932151a239c731e1c6d6576c3c91dd4a": ["1", "com.eleybourn.bookcatalogue.BookCatalogue"]}, {"093d241f4458cd142cb3738ef3b0873c": ["0", "com.eleybourn.bookcatalogue.BookCatalogue"]}, {"093d241f4458cd142cb3738ef3b0873c": ["0", "com.eleybourn.bookcatalogue.BookCatalogue"]}, {"932151a239c731e1c6d6576c3c91dd4a": ["1", "com.eleybourn.bookcatalogue.BookCatalogue"]}, {"093d241f4458cd142cb3738ef3b0873c": ["0", "com.eleybourn.bookcatalogue.BookCatalogue"]}, {"093d241f4458cd142cb3738ef3b0873c": ["0", "com.eleybourn.bookcatalogue.BookCatalogue"]}, {"932151a239c731e1c6d6576c3c91dd4a": ["1", "com.eleybourn.bookcatalogue.BookCatalogue"]}, {"093d241f4458cd142cb3738ef3b0873c": ["0", "com.eleybourn.bookcatalogue.BookCatalogue"]}, {"932151a239c731e1c6d6576c3c91dd4a": ["1", "com.eleybourn.bookcatalogue.BookCatalogue"]}, {"093d241f4458cd142cb3738ef3b0873c": ["0", "com.eleybourn.bookcatalogue.BookCatalogue"]}, {"932151a239c731e1c6d6576c3c91dd4a": ["1", "com.eleybourn.bookcatalogue.BookCatalogue"]}, {"093d241f4458cd142cb3738ef3b0873c": ["0", "com.eleybourn.bookcatalogue.BookCatalogue"]}, {"093d241f4458cd142cb3738ef3b0873c": ["0", "com.eleybourn.bookcatalogue.BookCatalogue"]}, {"932151a239c731e1c6d6576c3c91dd4a": ["1", "com.eleybourn.bookcatalogue.BookCatalogue"]}, {"093d241f4458cd142cb3738ef3b0873c": ["0", "com.eleybourn.bookcatalogue.BookCatalogue"]}, {"932151a239c731e1c6d6576c3c91dd4a": ["1", "com.eleybourn.bookcatalogue.BookCatalogue"]}, {"093d241f4458cd142cb3738ef3b0873c": ["0", "com.eleybourn.bookcatalogue.BookCatalogue"]}, {"093d241f4458cd142cb3738ef3b0873c": ["0", "com.eleybourn.bookcatalogue.BookCatalogue"]}, {"093d241f4458cd142cb3738ef3b0873c": ["0", "com.eleybourn.bookcatalogue.BookCatalogue"]}, {"932151a239c731e1c6d6576c3c91dd4a": ["1", "com.eleybourn.bookcatalogue.BookCatalogue"]}, {"093d241f4458cd142cb3738ef3b0873c": ["0", "com.eleybourn.bookcatalogue.BookCatalogue"]}, {"093d241f4458cd142cb3738ef3b0873c": ["0", "com.eleybourn.bookcatalogue.BookCatalogue"]}, {"093d241f4458cd142cb3738ef3b0873c": ["0", "com.eleybourn.bookcatalogue.BookCatalogue"]}, {"093d241f4458cd142cb3738ef3b0873c": ["0", "com.eleybourn.bookcatalogue.BookCatalogue"]}, {"932151a239c731e1c6d6576c3c91dd4a": ["1", "com.eleybourn.bookcatalogue.BookCatalogue"]}, {"093d241f4458cd142cb3738ef3b0873c": ["0", "com.eleybourn.bookcatalogue.BookCatalogue"]}, {"093d241f4458cd142cb3738ef3b0873c": ["0", "com.eleybourn.bookcatalogue.BookCatalogue"]}, {"093d241f4458cd142cb3738ef3b0873c": ["0", "com.eleybourn.bookcatalogue.BookCatalogue"]}, {"093d241f4458cd142cb3738ef3b0873c": ["0", "com.eleybourn.bookcatalogue.BookCatalogue"]}, {"932151a239c731e1c6d6576c3c91dd4a": ["1", "com.eleybourn.bookcatalogue.BookCatalogue"]}, {"093d241f4458cd142cb3738ef3b0873c": ["0", "com.eleybourn.bookcatalogue.BookCatalogue"]}, {"932151a239c731e1c6d6576c3c91dd4a": ["1", "com.eleybourn.bookcatalogue.BookCatalogue"]}, {"932151a239c731e1c6d6576c3c91dd4a": ["1", "com.eleybourn.bookcatalogue.BookCatalogue"]}, {"093d241f4458cd142cb3738ef3b0873c": ["0", "com.eleybourn.bookcatalogue.BookCatalogue"]}, {"093d241f4458cd142cb3738ef3b0873c": ["0", "com.eleybourn.bookcatalogue.BookCatalogue"]}, {"093d241f4458cd142cb3738ef3b0873c": ["0", "com.eleybourn.bookcatalogue.BookCatalogue"]}, {"932151a239c731e1c6d6576c3c91dd4a": ["1", "com.eleybourn.bookcatalogue.BookCatalogue"]}, {"093d241f4458cd142cb3738ef3b0873c": ["0", "com.eleybourn.bookcatalogue.BookCatalogue"]}, {"932151a239c731e1c6d6576c3c91dd4a": ["1", "com.eleybourn.bookcatalogue.BookCatalogue"]}, {"093d241f4458cd142cb3738ef3b0873c": ["0", "com.eleybourn.bookcatalogue.BookCatalogue"]}, {"093d241f4458cd142cb3738ef3b0873c": ["0", "com.eleybourn.bookcatalogue.BookCatalogue"]}, {"932151a239c731e1c6d6576c3c91dd4a": ["1", "com.eleybourn.bookcatalogue.BookCatalogue"]}, {"093d241f4458cd142cb3738ef3b0873c": ["0", "com.eleybourn.bookcatalogue.BookCatalogue"]}, {"932151a239c731e1c6d6576c3c91dd4a": ["1", "com.eleybourn.bookcatalogue.BookCatalogue"]}, {"093d241f4458cd142cb3738ef3b0873c": ["0", "com.eleybourn.bookcatalogue.BookCatalogue"]}, {"093d241f4458cd142cb3738ef3b0873c": ["0", "com.eleybourn.bookcatalogue.BookCatalogue"]}, {"093d241f4458cd142cb3738ef3b0873c": ["0", "com.eleybourn.bookcatalogue.BookCatalogue"]}, {"093d241f4458cd142cb3738ef3b0873c": ["0", "com.eleybourn.bookcatalogue.BookCatalogue"]}, {"932151a239c731e1c6d6576c3c91dd4a": ["1", "com.eleybourn.bookcatalogue.BookCatalogue"]}, {"093d241f4458cd142cb3738ef3b0873c": ["0", "com.eleybourn.bookcatalogue.BookCatalogue"]}, {"932151a239c731e1c6d6576c3c91dd4a": ["1", "com.eleybourn.bookcatalogue.BookCatalogue"]}, {"093d241f4458cd142cb3738ef3b0873c": ["0", "com.eleybourn.bookcatalogue.BookCatalogue"]}, {"932151a239c731e1c6d6576c3c91dd4a": ["1", "com.eleybourn.bookcatalogue.BookCatalogue"]}, {"093d241f4458cd142cb3738ef3b0873c": ["0", "com.eleybourn.bookcatalogue.BookCatalogue"]}, {"093d241f4458cd142cb3738ef3b0873c": ["0", "com.eleybourn.bookcatalogue.BookCatalogue"]}, {"932151a239c731e1c6d6576c3c91dd4a": ["1", "com.eleybourn.bookcatalogue.BookCatalogue"]}, {"093d241f4458cd142cb3738ef3b0873c": ["0", "com.eleybourn.bookcatalogue.BookCatalogue"]}, {"093d241f4458cd142cb3738ef3b0873c": ["0", "com.eleybourn.bookcatalogue.BookCatalogue"]}, {"932151a239c731e1c6d6576c3c91dd4a": ["1", "com.eleybourn.bookcatalogue.BookCatalogue"]}, {"093d241f4458cd142cb3738ef3b0873c": ["0", "com.eleybourn.bookcatalogue.BookCatalogue"]}, {"932151a239c731e1c6d6576c3c91dd4a": ["1", "com.eleybourn.bookcatalogue.BookCatalogue"]}, {"093d241f4458cd142cb3738ef3b0873c": ["0", "com.eleybourn.bookcatalogue.BookCatalogue"]}, {"932151a239c731e1c6d6576c3c91dd4a": ["1", "com.eleybourn.bookcatalogue.BookCatalogue"]}, {"093d241f4458cd142cb3738ef3b0873c": ["0", "com.eleybourn.bookcatalogue.BookCatalogue"]}, {"093d241f4458cd142cb3738ef3b0873c": ["0", "com.eleybourn.bookcatalogue.BookCatalogue"]}, {"932151a239c731e1c6d6576c3c91dd4a": ["1", "com.eleybourn.bookcatalogue.BookCatalogue"]}, {"093d241f4458cd142cb3738ef3b0873c": ["0", "com.eleybourn.bookcatalogue.BookCatalogue"]}, {"932151a239c731e1c6d6576c3c91dd4a": ["1", "com.eleybourn.bookcatalogue.BookCatalogue"]}, {"093d241f4458cd142cb3738ef3b0873c": ["0", "com.eleybourn.bookcatalogue.BookCatalogue"]}, {"093d241f4458cd142cb3738ef3b0873c": ["0", "com.eleybourn.bookcatalogue.BookCatalogue"]}, {"932151a239c731e1c6d6576c3c91dd4a": ["1", "com.eleybourn.bookcatalogue.BookCatalogue"]}, {"932151a239c731e1c6d6576c3c91dd4a": ["1", "com.eleybourn.bookcatalogue.BookCatalogue"]}, {"093d241f4458cd142cb3738ef3b0873c": ["0", "com.eleybourn.bookcatalogue.BookCatalogue"]}, {"932151a239c731e1c6d6576c3c91dd4a": ["1", "com.eleybourn.bookcatalogue.BookCatalogue"]}, {"932151a239c731e1c6d6576c3c91dd4a": ["1", "com.eleybourn.bookcatalogue.BookCatalogue"]}, {"093d241f4458cd142cb3738ef3b0873c": ["0", "com.eleybourn.bookcatalogue.BookCatalogue"]}, {"932151a239c731e1c6d6576c3c91dd4a": ["1", "com.eleybourn.bookcatalogue.BookCatalogue"]}, {"093d241f4458cd142cb3738ef3b0873c": ["0", "com.eleybourn.bookcatalogue.BookCatalogue"]}, {"932151a239c731e1c6d6576c3c91dd4a": ["1", "com.eleybourn.bookcatalogue.BookCatalogue"]}, {"093d241f4458cd142cb3738ef3b0873c": ["0", "com.eleybourn.bookcatalogue.BookCatalogue"]}, {"932151a239c731e1c6d6576c3c91dd4a": ["1", "com.eleybourn.bookcatalogue.BookCatalogue"]}, {"093d241f4458cd142cb3738ef3b0873c": ["0", "com.eleybourn.bookcatalogue.BookCatalogue"]}, {"093d241f4458cd142cb3738ef3b0873c": ["0", "com.eleybourn.bookcatalogue.BookCatalogue"]}, {"932151a239c731e1c6d6576c3c91dd4a": ["1", "com.eleybourn.bookcatalogue.BookCatalogue"]}, {"093d241f4458cd142cb3738ef3b0873c": ["0", "com.eleybourn.bookcatalogue.BookCatalogue"]}, {"093d241f4458cd142cb3738ef3b0873c": ["0", "com.eleybourn.bookcatalogue.BookCatalogue"]}, {"093d241f4458cd142cb3738ef3b0873c": ["0", "com.eleybourn.bookcatalogue.BookCatalogue"]}, {"093d241f4458cd142cb3738ef3b0873c": ["0", "com.eleybourn.bookcatalogue.BookCatalogue"]}, {"093d241f4458cd142cb3738ef3b0873c": ["0", "com.eleybourn.bookcatalogue.BookCatalogue"]}, {"093d241f4458cd142cb3738ef3b0873c": ["0", "com.eleybourn.bookcatalogue.BookCatalogue"]}, {"093d241f4458cd142cb3738ef3b0873c": ["0", "com.eleybourn.bookcatalogue.BookCatalogue"]}, {"932151a239c731e1c6d6576c3c91dd4a": ["1", "com.eleybourn.bookcatalogue.BookCatalogue"]}, {"093d241f4458cd142cb3738ef3b0873c": ["0", "com.eleybourn.bookcatalogue.BookCatalogue"]}, {"932151a239c731e1c6d6576c3c91dd4a": ["1", "com.eleybourn.bookcatalogue.BookCatalogue"]}, {"093d241f4458cd142cb3738ef3b0873c": ["0", "com.eleybourn.bookcatalogue.BookCatalogue"]}, {"932151a239c731e1c6d6576c3c91dd4a": ["1", "com.eleybourn.bookcatalogue.BookCatalogue"]}, {"093d241f4458cd142cb3738ef3b0873c": ["0", "com.eleybourn.bookcatalogue.BookCatalogue"]}, {"932151a239c731e1c6d6576c3c91dd4a": ["1", "com.eleybourn.bookcatalogue.BookCatalogue"]}, {"093d241f4458cd142cb3738ef3b0873c": ["0", "com.eleybourn.bookcatalogue.BookCatalogue"]}, {"932151a239c731e1c6d6576c3c91dd4a": ["1", "com.eleybourn.bookcatalogue.BookCatalogue"]}, {"093d241f4458cd142cb3738ef3b0873c": ["0", "com.eleybourn.bookcatalogue.BookCatalogue"]}, {"932151a239c731e1c6d6576c3c91dd4a": ["1", "com.eleybourn.bookcatalogue.BookCatalogue"]}, {"093d241f4458cd142cb3738ef3b0873c": ["0", "com.eleybourn.bookcatalogue.BookCatalogue"]}, {"093d241f4458cd142cb3738ef3b0873c": ["0", "com.eleybourn.bookcatalogue.BookCatalogue"]}, {"932151a239c731e1c6d6576c3c91dd4a": ["1", "com.eleybourn.bookcatalogue.BookCatalogue"]}, {"093d241f4458cd142cb3738ef3b0873c": ["0", "com.eleybourn.bookcatalogue.BookCatalogue"]}, {"093d241f4458cd142cb3738ef3b0873c": ["0", "com.eleybourn.bookcatalogue.BookCatalogue"]}, {"932151a239c731e1c6d6576c3c91dd4a": ["1", "com.eleybourn.bookcatalogue.BookCatalogue"]}, {"093d241f4458cd142cb3738ef3b0873c": ["0", "com.eleybourn.bookcatalogue.BookCatalogue"]}, {"932151a239c731e1c6d6576c3c91dd4a": ["1", "com.eleybourn.bookcatalogue.BookCatalogue"]}, {"093d241f4458cd142cb3738ef3b0873c": ["0", "com.eleybourn.bookcatalogue.BookCatalogue"]}, {"093d241f4458cd142cb3738ef3b0873c": ["0", "com.eleybourn.bookcatalogue.BookCatalogue"]}, {"093d241f4458cd142cb3738ef3b0873c": ["0", "com.eleybourn.bookcatalogue.BookCatalogue"]}, {"932151a239c731e1c6d6576c3c91dd4a": ["1", "com.eleybourn.bookcatalogue.BookCatalogue"]}, {"093d241f4458cd142cb3738ef3b0873c": ["0", "com.eleybourn.bookcatalogue.BookCatalogue"]}, {"093d241f4458cd142cb3738ef3b0873c": ["0", "com.eleybourn.bookcatalogue.BookCatalogue"]}, {"932151a239c731e1c6d6576c3c91dd4a": ["1", "com.eleybourn.bookcatalogue.BookCatalogue"]}, {"093d241f4458cd142cb3738ef3b0873c": ["0", "com.eleybourn.bookcatalogue.BookCatalogue"]}, {"093d241f4458cd142cb3738ef3b0873c": ["0", "com.eleybourn.bookcatalogue.BookCatalogue"]}, {"932151a239c731e1c6d6576c3c91dd4a": ["1", "com.eleybourn.bookcatalogue.BookCatalogue"]}, {"093d241f4458cd142cb3738ef3b0873c": ["0", "com.eleybourn.bookcatalogue.BookCatalogue"]}, {"932151a239c731e1c6d6576c3c91dd4a": ["1", "com.eleybourn.bookcatalogue.BookCatalogue"]}, {"093d241f4458cd142cb3738ef3b0873c": ["0", "com.eleybourn.bookcatalogue.BookCatalogue"]}, {"932151a239c731e1c6d6576c3c91dd4a": ["1", "com.eleybourn.bookcatalogue.BookCatalogue"]}, {"093d241f4458cd142cb3738ef3b0873c": ["0", "com.eleybourn.bookcatalogue.BookCatalogue"]}, {"093d241f4458cd142cb3738ef3b0873c": ["0", "com.eleybourn.bookcatalogue.BookCatalogue"]}, {"093d241f4458cd142cb3738ef3b0873c": ["0", "com.eleybourn.bookcatalogue.BookCatalogue"]}, {"093d241f4458cd142cb3738ef3b0873c": ["0", "com.eleybourn.bookcatalogue.BookCatalogue"]}, {"932151a239c731e1c6d6576c3c91dd4a": ["1", "com.eleybourn.bookcatalogue.BookCatalogue"]}, {"093d241f4458cd142cb3738ef3b0873c": ["0", "com.eleybourn.bookcatalogue.BookCatalogue"]}, {"932151a239c731e1c6d6576c3c91dd4a": ["1", "com.eleybourn.bookcatalogue.BookCatalogue"]}, {"093d241f4458cd142cb3738ef3b0873c": ["0", "com.eleybourn.bookcatalogue.BookCatalogue"]}, {"932151a239c731e1c6d6576c3c91dd4a": ["1", "com.eleybourn.bookcatalogue.BookCatalogue"]}, {"093d241f4458cd142cb3738ef3b0873c": ["0", "com.eleybourn.bookcatalogue.BookCatalogue"]}, {"932151a239c731e1c6d6576c3c91dd4a": ["1", "com.eleybourn.bookcatalogue.BookCatalogue"]}, {"093d241f4458cd142cb3738ef3b0873c": ["0", "com.eleybourn.bookcatalogue.BookCatalogue"]}, {"932151a239c731e1c6d6576c3c91dd4a": ["1", "com.eleybourn.bookcatalogue.BookCatalogue"]}, {"093d241f4458cd142cb3738ef3b0873c": ["0", "com.eleybourn.bookcatalogue.BookCatalogue"]}, {"932151a239c731e1c6d6576c3c91dd4a": ["1", "com.eleybourn.bookcatalogue.BookCatalogue"]}, {"093d241f4458cd142cb3738ef3b0873c": ["0", "com.eleybourn.bookcatalogue.BookCatalogue"]}, {"932151a239c731e1c6d6576c3c91dd4a": ["1", "com.eleybourn.bookcatalogue.BookCatalogue"]}, {"093d241f4458cd142cb3738ef3b0873c": ["0", "com.eleybourn.bookcatalogue.BookCatalogue"]}, {"093d241f4458cd142cb3738ef3b0873c": ["0", "com.eleybourn.bookcatalogue.BookCatalogue"]}, {"093d241f4458cd142cb3738ef3b0873c": ["0", "com.eleybourn.bookcatalogue.BookCatalogue"]}, {"932151a239c731e1c6d6576c3c91dd4a": ["1", "com.eleybourn.bookcatalogue.BookCatalogue"]}, {"093d241f4458cd142cb3738ef3b0873c": ["0", "com.eleybourn.bookcatalogue.BookCatalogue"]}, {"093d241f4458cd142cb3738ef3b0873c": ["0", "com.eleybourn.bookcatalogue.BookCatalogue"]}, {"093d241f4458cd142cb3738ef3b0873c": ["0", "com.eleybourn.bookcatalogue.BookCatalogue"]}, {"932151a239c731e1c6d6576c3c91dd4a": ["1", "com.eleybourn.bookcatalogue.BookCatalogue"]}, {"093d241f4458cd142cb3738ef3b0873c": ["0", "com.eleybourn.bookcatalogue.BookCatalogue"]}, {"093d241f4458cd142cb3738ef3b0873c": ["0", "com.eleybourn.bookcatalogue.BookCatalogue"]}, {"932151a239c731e1c6d6576c3c91dd4a": ["1", "com.eleybourn.bookcatalogue.BookCatalogue"]}, {"932151a239c731e1c6d6576c3c91dd4a": ["1", "com.eleybourn.bookcatalogue.BookCatalogue"]}, {"093d241f4458cd142cb3738ef3b0873c": ["0", "com.eleybourn.bookcatalogue.BookCatalogue"]}, {"093d241f4458cd142cb3738ef3b0873c": ["0", "com.eleybourn.bookcatalogue.BookCatalogue"]}, {"093d241f4458cd142cb3738ef3b0873c": ["0", "com.eleybourn.bookcatalogue.BookCatalogue"]}, {"932151a239c731e1c6d6576c3c91dd4a": ["1", "com.eleybourn.bookcatalogue.BookCatalogue"]}, {"932151a239c731e1c6d6576c3c91dd4a": ["1", "com.eleybourn.bookcatalogue.BookCatalogue"]}, {"932151a239c731e1c6d6576c3c91dd4a": ["1", "com.eleybourn.bookcatalogue.BookCatalogue"]}, {"093d241f4458cd142cb3738ef3b0873c": ["0", "com.eleybourn.bookcatalogue.BookCatalogue"]}, {"093d241f4458cd142cb3738ef3b0873c": ["0", "com.eleybourn.bookcatalogue.BookCatalogue"]}, {"932151a239c731e1c6d6576c3c91dd4a": ["1", "com.eleybourn.bookcatalogue.BookCatalogue"]}, {"093d241f4458cd142cb3738ef3b0873c": ["0", "com.eleybourn.bookcatalogue.BookCatalogue"]}, {"932151a239c731e1c6d6576c3c91dd4a": ["1", "com.eleybourn.bookcatalogue.BookCatalogue"]}, {"093d241f4458cd142cb3738ef3b0873c": ["0", "com.eleybourn.bookcatalogue.BookCatalogue"]}, {"093d241f4458cd142cb3738ef3b0873c": ["0", "com.eleybourn.bookcatalogue.BookCatalogue"]}, {"932151a239c731e1c6d6576c3c91dd4a": ["1", "com.eleybourn.bookcatalogue.BookCatalogue"]}, {"093d241f4458cd142cb3738ef3b0873c": ["0", "com.eleybourn.bookcatalogue.BookCatalogue"]}, {"093d241f4458cd142cb3738ef3b0873c": ["0", "com.eleybourn.bookcatalogue.BookCatalogue"]}, {"932151a239c731e1c6d6576c3c91dd4a": ["1", "com.eleybourn.bookcatalogue.BookCatalogue"]}, {"932151a239c731e1c6d6576c3c91dd4a": ["1", "com.eleybourn.bookcatalogue.BookCatalogue"]}, {"093d241f4458cd142cb3738ef3b0873c": ["0", "com.eleybourn.bookcatalogue.BookCatalogue"]}, {"932151a239c731e1c6d6576c3c91dd4a": ["1", "com.eleybourn.bookcatalogue.BookCatalogue"]}, {"093d241f4458cd142cb3738ef3b0873c": ["0", "com.eleybourn.bookcatalogue.BookCatalogue"]}, {"932151a239c731e1c6d6576c3c91dd4a": ["1", "com.eleybourn.bookcatalogue.BookCatalogue"]}, {"093d241f4458cd142cb3738ef3b0873c": ["0", "com.eleybourn.bookcatalogue.BookCatalogue"]}, {"932151a239c731e1c6d6576c3c91dd4a": ["1", "com.eleybourn.bookcatalogue.BookCatalogue"]}, {"093d241f4458cd142cb3738ef3b0873c": ["0", "com.eleybourn.bookcatalogue.BookCatalogue"]}, {"932151a239c731e1c6d6576c3c91dd4a": ["1", "com.eleybourn.bookcatalogue.BookCatalogue"]}, {"093d241f4458cd142cb3738ef3b0873c": ["0", "com.eleybourn.bookcatalogue.BookCatalogue"]}, {"932151a239c731e1c6d6576c3c91dd4a": ["1", "com.eleybourn.bookcatalogue.BookCatalogue"]}, {"093d241f4458cd142cb3738ef3b0873c": ["0", "com.eleybourn.bookcatalogue.BookCatalogue"]}, {"093d241f4458cd142cb3738ef3b0873c": ["0", "com.eleybourn.bookcatalogue.BookCatalogue"]}, {"932151a239c731e1c6d6576c3c91dd4a": ["1", "com.eleybourn.bookcatalogue.BookCatalogue"]}, {"093d241f4458cd142cb3738ef3b0873c": ["0", "com.eleybourn.bookcatalogue.BookCatalogue"]}, {"932151a239c731e1c6d6576c3c91dd4a": ["1", "com.eleybourn.bookcatalogue.BookCatalogue"]}, {"093d241f4458cd142cb3738ef3b0873c": ["0", "com.eleybourn.bookcatalogue.BookCatalogue"]}, {"093d241f4458cd142cb3738ef3b0873c": ["0", "com.eleybourn.bookcatalogue.BookCatalogue"]}, {"093d241f4458cd142cb3738ef3b0873c": ["0", "com.eleybourn.bookcatalogue.BookCatalogue"]}, {"093d241f4458cd142cb3738ef3b0873c": ["0", "com.eleybourn.bookcatalogue.BookCatalogue"]}, {"093d241f4458cd142cb3738ef3b0873c": ["0", "com.eleybourn.bookcatalogue.BookCatalogue"]}, {"932151a239c731e1c6d6576c3c91dd4a": ["1", "com.eleybourn.bookcatalogue.BookCatalogue"]}, {"093d241f4458cd142cb3738ef3b0873c": ["0", "com.eleybourn.bookcatalogue.BookCatalogue"]}, {"932151a239c731e1c6d6576c3c91dd4a": ["1", "com.eleybourn.bookcatalogue.BookCatalogue"]}, {"093d241f4458cd142cb3738ef3b0873c": ["0", "com.eleybourn.bookcatalogue.BookCatalogue"]}, {"093d241f4458cd142cb3738ef3b0873c": ["0", "com.eleybourn.bookcatalogue.BookCatalogue"]}, {"932151a239c731e1c6d6576c3c91dd4a": ["1", "com.eleybourn.bookcatalogue.BookCatalogue"]}, {"093d241f4458cd142cb3738ef3b0873c": ["0", "com.eleybourn.bookcatalogue.BookCatalogue"]}, {"093d241f4458cd142cb3738ef3b0873c": ["0", "com.eleybourn.bookcatalogue.BookCatalogue"]}, {"932151a239c731e1c6d6576c3c91dd4a": ["1", "com.eleybourn.bookcatalogue.BookCatalogue"]}, {"093d241f4458cd142cb3738ef3b0873c": ["0", "com.eleybourn.bookcatalogue.BookCatalogue"]}, {"932151a239c731e1c6d6576c3c91dd4a": ["1", "com.eleybourn.bookcatalogue.BookCatalogue"]}, {"093d241f4458cd142cb3738ef3b0873c": ["0", "com.eleybourn.bookcatalogue.BookCatalogue"]}, {"093d241f4458cd142cb3738ef3b0873c": ["0", "com.eleybourn.bookcatalogue.BookCatalogue"]}, {"093d241f4458cd142cb3738ef3b0873c": ["0", "com.eleybourn.bookcatalogue.BookCatalogue"]}, {"932151a239c731e1c6d6576c3c91dd4a": ["1", "com.eleybourn.bookcatalogue.BookCatalogue"]}, {"093d241f4458cd142cb3738ef3b0873c": ["0", "com.eleybourn.bookcatalogue.BookCatalogue"]}, {"932151a239c731e1c6d6576c3c91dd4a": ["1", "com.eleybourn.bookcatalogue.BookCatalogue"]}, {"093d241f4458cd142cb3738ef3b0873c": ["0", "com.eleybourn.bookcatalogue.BookCatalogue"]}, {"093d241f4458cd142cb3738ef3b0873c": ["0", "com.eleybourn.bookcatalogue.BookCatalogue"]}, {"093d241f4458cd142cb3738ef3b0873c": ["0", "com.eleybourn.bookcatalogue.BookCatalogue"]}, {"093d241f4458cd142cb3738ef3b0873c": ["0", "com.eleybourn.bookcatalogue.BookCatalogue"]}, {"932151a239c731e1c6d6576c3c91dd4a": ["1", "com.eleybourn.bookcatalogue.BookCatalogue"]}, {"093d241f4458cd142cb3738ef3b0873c": ["0", "com.eleybourn.bookcatalogue.BookCatalogue"]}, {"093d241f4458cd142cb3738ef3b0873c": ["0", "com.eleybourn.bookcatalogue.BookCatalogue"]}, {"932151a239c731e1c6d6576c3c91dd4a": ["1", "com.eleybourn.bookcatalogue.BookCatalogue"]}, {"093d241f4458cd142cb3738ef3b0873c": ["0", "com.eleybourn.bookcatalogue.BookCatalogue"]}, {"093d241f4458cd142cb3738ef3b0873c": ["0", "com.eleybourn.bookcatalogue.BookCatalogue"]}, {"932151a239c731e1c6d6576c3c91dd4a": ["1", "com.eleybourn.bookcatalogue.BookCatalogue"]}, {"093d241f4458cd142cb3738ef3b0873c": ["0", "com.eleybourn.bookcatalogue.BookCatalogue"]}, {"932151a239c731e1c6d6576c3c91dd4a": ["1", "com.eleybourn.bookcatalogue.BookCatalogue"]}, {"093d241f4458cd142cb3738ef3b0873c": ["0", "com.eleybourn.bookcatalogue.BookCatalogue"]}, {"093d241f4458cd142cb3738ef3b0873c": ["0", "com.eleybourn.bookcatalogue.BookCatalogue"]}, {"932151a239c731e1c6d6576c3c91dd4a": ["1", "com.eleybourn.bookcatalogue.BookCatalogue"]}, {"093d241f4458cd142cb3738ef3b0873c": ["0", "com.eleybourn.bookcatalogue.BookCatalogue"]}, {"093d241f4458cd142cb3738ef3b0873c": ["0", "com.eleybourn.bookcatalogue.BookCatalogue"]}, {"093d241f4458cd142cb3738ef3b0873c": ["0", "com.eleybourn.bookcatalogue.BookCatalogue"]}, {"932151a239c731e1c6d6576c3c91dd4a": ["1", "com.eleybourn.bookcatalogue.BookCatalogue"]}, {"093d241f4458cd142cb3738ef3b0873c": ["0", "com.eleybourn.bookcatalogue.BookCatalogue"]}, {"932151a239c731e1c6d6576c3c91dd4a": ["1", "com.eleybourn.bookcatalogue.BookCatalogue"]}, {"093d241f4458cd142cb3738ef3b0873c": ["0", "com.eleybourn.bookcatalogue.BookCatalogue"]}, {"932151a239c731e1c6d6576c3c91dd4a": ["1", "com.eleybourn.bookcatalogue.BookCatalogue"]}, {"093d241f4458cd142cb3738ef3b0873c": ["0", "com.eleybourn.bookcatalogue.BookCatalogue"]}, {"932151a239c731e1c6d6576c3c91dd4a": ["1", "com.eleybourn.bookcatalogue.BookCatalogue"]}, {"093d241f4458cd142cb3738ef3b0873c": ["0", "com.eleybourn.bookcatalogue.BookCatalogue"]}, {"932151a239c731e1c6d6576c3c91dd4a": ["1", "com.eleybourn.bookcatalogue.BookCatalogue"]}, {"093d241f4458cd142cb3738ef3b0873c": ["0", "com.eleybourn.bookcatalogue.BookCatalogue"]}, {"093d241f4458cd142cb3738ef3b0873c": ["0", "com.eleybourn.bookcatalogue.BookCatalogue"]}, {"093d241f4458cd142cb3738ef3b0873c": ["0", "com.eleybourn.bookcatalogue.BookCatalogue"]}, {"932151a239c731e1c6d6576c3c91dd4a": ["1", "com.eleybourn.bookcatalogue.BookCatalogue"]}, {"093d241f4458cd142cb3738ef3b0873c": ["0", "com.eleybourn.bookcatalogue.BookCatalogue"]}, {"932151a239c731e1c6d6576c3c91dd4a": ["1", "com.eleybourn.bookcatalogue.BookCatalogue"]}, {"093d241f4458cd142cb3738ef3b0873c": ["0", "com.eleybourn.bookcatalogue.BookCatalogue"]}, {"093d241f4458cd142cb3738ef3b0873c": ["0", "com.eleybourn.bookcatalogue.BookCatalogue"]}, {"093d241f4458cd142cb3738ef3b0873c": ["0", "com.eleybourn.bookcatalogue.BookCatalogue"]}, {"932151a239c731e1c6d6576c3c91dd4a": ["1", "com.eleybourn.bookcatalogue.BookCatalogue"]}, {"093d241f4458cd142cb3738ef3b0873c": ["0", "com.eleybourn.bookcatalogue.BookCatalogue"]}, {"093d241f4458cd142cb3738ef3b0873c": ["0", "com.eleybourn.bookcatalogue.BookCatalogue"]}, {"093d241f4458cd142cb3738ef3b0873c": ["0", "com.eleybourn.bookcatalogue.BookCatalogue"]}, {"093d241f4458cd142cb3738ef3b0873c": ["0", "com.eleybourn.bookcatalogue.BookCatalogue"]}, {"932151a239c731e1c6d6576c3c91dd4a": ["1", "com.eleybourn.bookcatalogue.BookCatalogue"]}, {"093d241f4458cd142cb3738ef3b0873c": ["0", "com.eleybourn.bookcatalogue.BookCatalogue"]}, {"932151a239c731e1c6d6576c3c91dd4a": ["1", "com.eleybourn.bookcatalogue.BookCatalogue"]}, {"093d241f4458cd142cb3738ef3b0873c": ["0", "com.eleybourn.bookcatalogue.BookCatalogue"]}, {"093d241f4458cd142cb3738ef3b0873c": ["0", "com.eleybourn.bookcatalogue.BookCatalogue"]}, {"932151a239c731e1c6d6576c3c91dd4a": ["1", "com.eleybourn.bookcatalogue.BookCatalogue"]}, {"093d241f4458cd142cb3738ef3b0873c": ["0", "com.eleybourn.bookcatalogue.BookCatalogue"]}, {"932151a239c731e1c6d6576c3c91dd4a": ["1", "com.eleybourn.bookcatalogue.BookCatalogue"]}, {"093d241f4458cd142cb3738ef3b0873c": ["0", "com.eleybourn.bookcatalogue.BookCatalogue"]}, {"932151a239c731e1c6d6576c3c91dd4a": ["1", "com.eleybourn.bookcatalogue.BookCatalogue"]}, {"093d241f4458cd142cb3738ef3b0873c": ["0", "com.eleybourn.bookcatalogue.BookCatalogue"]}, {"093d241f4458cd142cb3738ef3b0873c": ["0", "com.eleybourn.bookcatalogue.BookCatalogue"]}, {"093d241f4458cd142cb3738ef3b0873c": ["0", "com.eleybourn.bookcatalogue.BookCatalogue"]}, {"932151a239c731e1c6d6576c3c91dd4a": ["1", "com.eleybourn.bookcatalogue.BookCatalogue"]}, {"093d241f4458cd142cb3738ef3b0873c": ["0", "com.eleybourn.bookcatalogue.BookCatalogue"]}, {"932151a239c731e1c6d6576c3c91dd4a": ["1", "com.eleybourn.bookcatalogue.BookCatalogue"]}, {"093d241f4458cd142cb3738ef3b0873c": ["0", "com.eleybourn.bookcatalogue.BookCatalogue"]}, {"932151a239c731e1c6d6576c3c91dd4a": ["1", "com.eleybourn.bookcatalogue.BookCatalogue"]}, {"093d241f4458cd142cb3738ef3b0873c": ["0", "com.eleybourn.bookcatalogue.BookCatalogue"]}, {"932151a239c731e1c6d6576c3c91dd4a": ["1", "com.eleybourn.bookcatalogue.BookCatalogue"]}, {"093d241f4458cd142cb3738ef3b0873c": ["0", "com.eleybourn.bookcatalogue.BookCatalogue"]}, {"932151a239c731e1c6d6576c3c91dd4a": ["1", "com.eleybourn.bookcatalogue.BookCatalogue"]}, {"093d241f4458cd142cb3738ef3b0873c": ["0", "com.eleybourn.bookcatalogue.BookCatalogue"]}, {"093d241f4458cd142cb3738ef3b0873c": ["0", "com.eleybourn.bookcatalogue.BookCatalogue"]}, {"093d241f4458cd142cb3738ef3b0873c": ["0", "com.eleybourn.bookcatalogue.BookCatalogue"]}, {"093d241f4458cd142cb3738ef3b0873c": ["0", "com.eleybourn.bookcatalogue.BookCatalogue"]}, {"932151a239c731e1c6d6576c3c91dd4a": ["1", "com.eleybourn.bookcatalogue.BookCatalogue"]}, {"093d241f4458cd142cb3738ef3b0873c": ["0", "com.eleybourn.bookcatalogue.BookCatalogue"]}, {"932151a239c731e1c6d6576c3c91dd4a": ["1", "com.eleybourn.bookcatalogue.BookCatalogue"]}, {"093d241f4458cd142cb3738ef3b0873c": ["0", "com.eleybourn.bookcatalogue.BookCatalogue"]}, {"932151a239c731e1c6d6576c3c91dd4a": ["1", "com.eleybourn.bookcatalogue.BookCatalogue"]}, {"093d241f4458cd142cb3738ef3b0873c": ["0", "com.eleybourn.bookcatalogue.BookCatalogue"]}, {"093d241f4458cd142cb3738ef3b0873c": ["0", "com.eleybourn.bookcatalogue.BookCatalogue"]}, {"932151a239c731e1c6d6576c3c91dd4a": ["1", "com.eleybourn.bookcatalogue.BookCatalogue"]}, {"093d241f4458cd142cb3738ef3b0873c": ["0", "com.eleybourn.bookcatalogue.BookCatalogue"]}, {"932151a239c731e1c6d6576c3c91dd4a": ["1", "com.eleybourn.bookcatalogue.BookCatalogue"]}, {"093d241f4458cd142cb3738ef3b0873c": ["0", "com.eleybourn.bookcatalogue.BookCatalogue"]}, {"932151a239c731e1c6d6576c3c91dd4a": ["1", "com.eleybourn.bookcatalogue.BookCatalogue"]}, {"093d241f4458cd142cb3738ef3b0873c": ["0", "com.eleybourn.bookcatalogue.BookCatalogue"]}, {"093d241f4458cd142cb3738ef3b0873c": ["0", "com.eleybourn.bookcatalogue.BookCatalogue"]}, {"932151a239c731e1c6d6576c3c91dd4a": ["1", "com.eleybourn.bookcatalogue.BookCatalogue"]}, {"093d241f4458cd142cb3738ef3b0873c": ["0", "com.eleybourn.bookcatalogue.BookCatalogue"]}, {"932151a239c731e1c6d6576c3c91dd4a": ["1", "com.eleybourn.bookcatalogue.BookCatalogue"]}, {"093d241f4458cd142cb3738ef3b0873c": ["0", "com.eleybourn.bookcatalogue.BookCatalogue"]}, {"093d241f4458cd142cb3738ef3b0873c": ["0", "com.eleybourn.bookcatalogue.BookCatalogue"]}, {"093d241f4458cd142cb3738ef3b0873c": ["0", "com.eleybourn.bookcatalogue.BookCatalogue"]}, {"093d241f4458cd142cb3738ef3b0873c": ["0", "com.eleybourn.bookcatalogue.BookCatalogue"]}, {"093d241f4458cd142cb3738ef3b0873c": ["0", "com.eleybourn.bookcatalogue.BookCatalogue"]}, {"093d241f4458cd142cb3738ef3b0873c": ["0", "com.eleybourn.bookcatalogue.BookCatalogue"]}, {"093d241f4458cd142cb3738ef3b0873c": ["0", "com.eleybourn.bookcatalogue.BookCatalogue"]}, {"932151a239c731e1c6d6576c3c91dd4a": ["1", "com.eleybourn.bookcatalogue.BookCatalogue"]}, {"093d241f4458cd142cb3738ef3b0873c": ["0", "com.eleybourn.bookcatalogue.BookCatalogue"]}, {"093d241f4458cd142cb3738ef3b0873c": ["0", "com.eleybourn.bookcatalogue.BookCatalogue"]}, {"093d241f4458cd142cb3738ef3b0873c": ["0", "com.eleybourn.bookcatalogue.BookCatalogue"]}, {"932151a239c731e1c6d6576c3c91dd4a": ["1", "com.eleybourn.bookcatalogue.BookCatalogue"]}, {"093d241f4458cd142cb3738ef3b0873c": ["0", "com.eleybourn.bookcatalogue.BookCatalogue"]}, {"932151a239c731e1c6d6576c3c91dd4a": ["1", "com.eleybourn.bookcatalogue.BookCatalogue"]}, {"093d241f4458cd142cb3738ef3b0873c": ["0", "com.eleybourn.bookcatalogue.BookCatalogue"]}, {"932151a239c731e1c6d6576c3c91dd4a": ["1", "com.eleybourn.bookcatalogue.BookCatalogue"]}, {"093d241f4458cd142cb3738ef3b0873c": ["0", "com.eleybourn.bookcatalogue.BookCatalogue"]}, {"932151a239c731e1c6d6576c3c91dd4a": ["1", "com.eleybourn.bookcatalogue.BookCatalogue"]}, {"093d241f4458cd142cb3738ef3b0873c": ["0", "com.eleybourn.bookcatalogue.BookCatalogue"]}, {"932151a239c731e1c6d6576c3c91dd4a": ["1", "com.eleybourn.bookcatalogue.BookCatalogue"]}, {"093d241f4458cd142cb3738ef3b0873c": ["0", "com.eleybourn.bookcatalogue.BookCatalogue"]}, {"932151a239c731e1c6d6576c3c91dd4a": ["1", "com.eleybourn.bookcatalogue.BookCatalogue"]}, {"093d241f4458cd142cb3738ef3b0873c": ["0", "com.eleybourn.bookcatalogue.BookCatalogue"]}, {"932151a239c731e1c6d6576c3c91dd4a": ["1", "com.eleybourn.bookcatalogue.BookCatalogue"]}, {"093d241f4458cd142cb3738ef3b0873c": ["0", "com.eleybourn.bookcatalogue.BookCatalogue"]}, {"093d241f4458cd142cb3738ef3b0873c": ["0", "com.eleybourn.bookcatalogue.BookCatalogue"]}, {"932151a239c731e1c6d6576c3c91dd4a": ["1", "com.eleybourn.bookcatalogue.BookCatalogue"]}, {"093d241f4458cd142cb3738ef3b0873c": ["0", "com.eleybourn.bookcatalogue.BookCatalogue"]}, {"093d241f4458cd142cb3738ef3b0873c": ["0", "com.eleybourn.bookcatalogue.BookCatalogue"]}, {"093d241f4458cd142cb3738ef3b0873c": ["0", "com.eleybourn.bookcatalogue.BookCatalogue"]}, {"932151a239c731e1c6d6576c3c91dd4a": ["1", "com.eleybourn.bookcatalogue.BookCatalogue"]}, {"093d241f4458cd142cb3738ef3b0873c": ["0", "com.eleybourn.bookcatalogue.BookCatalogue"]}, {"093d241f4458cd142cb3738ef3b0873c": ["0", "com.eleybourn.bookcatalogue.BookCatalogue"]}, {"093d241f4458cd142cb3738ef3b0873c": ["0", "com.eleybourn.bookcatalogue.BookCatalogue"]}, {"932151a239c731e1c6d6576c3c91dd4a": ["1", "com.eleybourn.bookcatalogue.BookCatalogue"]}, {"093d241f4458cd142cb3738ef3b0873c": ["0", "com.eleybourn.bookcatalogue.BookCatalogue"]}, {"093d241f4458cd142cb3738ef3b0873c": ["0", "com.eleybourn.bookcatalogue.BookCatalogue"]}, {"093d241f4458cd142cb3738ef3b0873c": ["0", "com.eleybourn.bookcatalogue.BookCatalogue"]}, {"093d241f4458cd142cb3738ef3b0873c": ["0", "com.eleybourn.bookcatalogue.BookCatalogue"]}, {"093d241f4458cd142cb3738ef3b0873c": ["0", "com.eleybourn.bookcatalogue.BookCatalogue"]}, {"093d241f4458cd142cb3738ef3b0873c": ["0", "com.eleybourn.bookcatalogue.BookCatalogue"]}, {"093d241f4458cd142cb3738ef3b0873c": ["0", "com.eleybourn.bookcatalogue.BookCatalogue"]}, {"093d241f4458cd142cb3738ef3b0873c": ["0", "com.eleybourn.bookcatalogue.BookCatalogue"]}, {"932151a239c731e1c6d6576c3c91dd4a": ["1", "com.eleybourn.bookcatalogue.BookCatalogue"]}, {"093d241f4458cd142cb3738ef3b0873c": ["0", "com.eleybourn.bookcatalogue.BookCatalogue"]}, {"093d241f4458cd142cb3738ef3b0873c": ["0", "com.eleybourn.bookcatalogue.BookCatalogue"]}, {"932151a239c731e1c6d6576c3c91dd4a": ["1", "com.eleybourn.bookcatalogue.BookCatalogue"]}, {"093d241f4458cd142cb3738ef3b0873c": ["0", "com.eleybourn.bookcatalogue.BookCatalogue"]}, {"932151a239c731e1c6d6576c3c91dd4a": ["1", "com.eleybourn.bookcatalogue.BookCatalogue"]}, {"932151a239c731e1c6d6576c3c91dd4a": ["1", "com.eleybourn.bookcatalogue.BookCatalogue"]}, {"093d241f4458cd142cb3738ef3b0873c": ["0", "com.eleybourn.bookcatalogue.BookCatalogue"]}, {"093d241f4458cd142cb3738ef3b0873c": ["0", "com.eleybourn.bookcatalogue.BookCatalogue"]}, {"093d241f4458cd142cb3738ef3b0873c": ["0", "com.eleybourn.bookcatalogue.BookCatalogue"]}, {"093d241f4458cd142cb3738ef3b0873c": ["0", "com.eleybourn.bookcatalogue.BookCatalogue"]}, {"093d241f4458cd142cb3738ef3b0873c": ["0", "com.eleybourn.bookcatalogue.BookCatalogue"]}, {"093d241f4458cd142cb3738ef3b0873c": ["0", "com.eleybourn.bookcatalogue.BookCatalogue"]}, {"093d241f4458cd142cb3738ef3b0873c": ["0", "com.eleybourn.bookcatalogue.BookCatalogue"]}, {"093d241f4458cd142cb3738ef3b0873c": ["0", "com.eleybourn.bookcatalogue.BookCatalogue"]}, {"093d241f4458cd142cb3738ef3b0873c": ["0", "com.eleybourn.bookcatalogue.BookCatalogue"]}, {"932151a239c731e1c6d6576c3c91dd4a": ["1", "com.eleybourn.bookcatalogue.BookCatalogue"]}, {"093d241f4458cd142cb3738ef3b0873c": ["0", "com.eleybourn.bookcatalogue.BookCatalogue"]}, {"932151a239c731e1c6d6576c3c91dd4a": ["1", "com.eleybourn.bookcatalogue.BookCatalogue"]}, {"093d241f4458cd142cb3738ef3b0873c": ["0", "com.eleybourn.bookcatalogue.BookCatalogue"]}, {"093d241f4458cd142cb3738ef3b0873c": ["0", "com.eleybourn.bookcatalogue.BookCatalogue"]}, {"093d241f4458cd142cb3738ef3b0873c": ["0", "com.eleybourn.bookcatalogue.BookCatalogue"]}, {"932151a239c731e1c6d6576c3c91dd4a": ["1", "com.eleybourn.bookcatalogue.BookCatalogue"]}, {"093d241f4458cd142cb3738ef3b0873c": ["0", "com.eleybourn.bookcatalogue.BookCatalogue"]}, {"932151a239c731e1c6d6576c3c91dd4a": ["1", "com.eleybourn.bookcatalogue.BookCatalogue"]}, {"093d241f4458cd142cb3738ef3b0873c": ["0", "com.eleybourn.bookcatalogue.BookCatalogue"]}, {"932151a239c731e1c6d6576c3c91dd4a": ["1", "com.eleybourn.bookcatalogue.BookCatalogue"]}, {"093d241f4458cd142cb3738ef3b0873c": ["0", "com.eleybourn.bookcatalogue.BookCatalogue"]}, {"932151a239c731e1c6d6576c3c91dd4a": ["1", "com.eleybourn.bookcatalogue.BookCatalogue"]}, {"093d241f4458cd142cb3738ef3b0873c": ["0", "com.eleybourn.bookcatalogue.BookCatalogue"]}, {"932151a239c731e1c6d6576c3c91dd4a": ["1", "com.eleybourn.bookcatalogue.BookCatalogue"]}, {"093d241f4458cd142cb3738ef3b0873c": ["0", "com.eleybourn.bookcatalogue.BookCatalogue"]}, {"932151a239c731e1c6d6576c3c91dd4a": ["1", "com.eleybourn.bookcatalogue.BookCatalogue"]}, {"093d241f4458cd142cb3738ef3b0873c": ["0", "com.eleybourn.bookcatalogue.BookCatalogue"]}, {"093d241f4458cd142cb3738ef3b0873c": ["0", "com.eleybourn.bookcatalogue.BookCatalogue"]}, {"932151a239c731e1c6d6576c3c91dd4a": ["1", "com.eleybourn.bookcatalogue.BookCatalogue"]}, {"093d241f4458cd142cb3738ef3b0873c": ["0", "com.eleybourn.bookcatalogue.BookCatalogue"]}, {"093d241f4458cd142cb3738ef3b0873c": ["0", "com.eleybourn.bookcatalogue.BookCatalogue"]}, {"932151a239c731e1c6d6576c3c91dd4a": ["1", "com.eleybourn.bookcatalogue.BookCatalogue"]}, {"093d241f4458cd142cb3738ef3b0873c": ["0", "com.eleybourn.bookcatalogue.BookCatalogue"]}, {"932151a239c731e1c6d6576c3c91dd4a": ["1", "com.eleybourn.bookcatalogue.BookCatalogue"]}, {"093d241f4458cd142cb3738ef3b0873c": ["0", "com.eleybourn.bookcatalogue.BookCatalogue"]}, {"093d241f4458cd142cb3738ef3b0873c": ["0", "com.eleybourn.bookcatalogue.BookCatalogue"]}, {"093d241f4458cd142cb3738ef3b0873c": ["0", "com.eleybourn.bookcatalogue.BookCatalogue"]}, {"093d241f4458cd142cb3738ef3b0873c": ["0", "com.eleybourn.bookcatalogue.BookCatalogue"]}, {"932151a239c731e1c6d6576c3c91dd4a": ["1", "com.eleybourn.bookcatalogue.BookCatalogue"]}, {"093d241f4458cd142cb3738ef3b0873c": ["0", "com.eleybourn.bookcatalogue.BookCatalogue"]}, {"093d241f4458cd142cb3738ef3b0873c": ["0", "com.eleybourn.bookcatalogue.BookCatalogue"]}, {"093d241f4458cd142cb3738ef3b0873c": ["0", "com.eleybourn.bookcatalogue.BookCatalogue"]}, {"093d241f4458cd142cb3738ef3b0873c": ["0", "com.eleybourn.bookcatalogue.BookCatalogue"]}, {"093d241f4458cd142cb3738ef3b0873c": ["0", "com.eleybourn.bookcatalogue.BookCatalogue"]}, {"932151a239c731e1c6d6576c3c91dd4a": ["1", "com.eleybourn.bookcatalogue.BookCatalogue"]}, {"093d241f4458cd142cb3738ef3b0873c": ["0", "com.eleybourn.bookcatalogue.BookCatalogue"]}, {"932151a239c731e1c6d6576c3c91dd4a": ["1", "com.eleybourn.bookcatalogue.BookCatalogue"]}, {"093d241f4458cd142cb3738ef3b0873c": ["0", "com.eleybourn.bookcatalogue.BookCatalogue"]}, {"093d241f4458cd142cb3738ef3b0873c": ["0", "com.eleybourn.bookcatalogue.BookCatalogue"]}, {"093d241f4458cd142cb3738ef3b0873c": ["0", "com.eleybourn.bookcatalogue.BookCatalogue"]}, {"093d241f4458cd142cb3738ef3b0873c": ["0", "com.eleybourn.bookcatalogue.BookCatalogue"]}, {"932151a239c731e1c6d6576c3c91dd4a": ["1", "com.eleybourn.bookcatalogue.BookCatalogue"]}, {"093d241f4458cd142cb3738ef3b0873c": ["0", "com.eleybourn.bookcatalogue.BookCatalogue"]}, {"093d241f4458cd142cb3738ef3b0873c": ["0", "com.eleybourn.bookcatalogue.BookCatalogue"]}, {"093d241f4458cd142cb3738ef3b0873c": ["0", "com.eleybourn.bookcatalogue.BookCatalogue"]}, {"932151a239c731e1c6d6576c3c91dd4a": ["1", "com.eleybourn.bookcatalogue.BookCatalogue"]}, {"093d241f4458cd142cb3738ef3b0873c": ["0", "com.eleybourn.bookcatalogue.BookCatalogue"]}, {"932151a239c731e1c6d6576c3c91dd4a": ["1", "com.eleybourn.bookcatalogue.BookCatalogue"]}, {"093d241f4458cd142cb3738ef3b0873c": ["0", "com.eleybourn.bookcatalogue.BookCatalogue"]}, {"932151a239c731e1c6d6576c3c91dd4a": ["1", "com.eleybourn.bookcatalogue.BookCatalogue"]}, {"093d241f4458cd142cb3738ef3b0873c": ["0", "com.eleybourn.bookcatalogue.BookCatalogue"]}, {"932151a239c731e1c6d6576c3c91dd4a": ["1", "com.eleybourn.bookcatalogue.BookCatalogue"]}, {"093d241f4458cd142cb3738ef3b0873c": ["0", "com.eleybourn.bookcatalogue.BookCatalogue"]}, {"932151a239c731e1c6d6576c3c91dd4a": ["1", "com.eleybourn.bookcatalogue.BookCatalogue"]}, {"093d241f4458cd142cb3738ef3b0873c": ["0", "com.eleybourn.bookcatalogue.BookCatalogue"]}, {"093d241f4458cd142cb3738ef3b0873c": ["0", "com.eleybourn.bookcatalogue.BookCatalogue"]}, {"932151a239c731e1c6d6576c3c91dd4a": ["1", "com.eleybourn.bookcatalogue.BookCatalogue"]}, {"093d241f4458cd142cb3738ef3b0873c": ["0", "com.eleybourn.bookcatalogue.BookCatalogue"]}, {"932151a239c731e1c6d6576c3c91dd4a": ["1", "com.eleybourn.bookcatalogue.BookCatalogue"]}, {"093d241f4458cd142cb3738ef3b0873c": ["0", "com.eleybourn.bookcatalogue.BookCatalogue"]}, {"093d241f4458cd142cb3738ef3b0873c": ["0", "com.eleybourn.bookcatalogue.BookCatalogue"]}, {"932151a239c731e1c6d6576c3c91dd4a": ["1", "com.eleybourn.bookcatalogue.BookCatalogue"]}, {"093d241f4458cd142cb3738ef3b0873c": ["0", "com.eleybourn.bookcatalogue.BookCatalogue"]}, {"932151a239c731e1c6d6576c3c91dd4a": ["1", "com.eleybourn.bookcatalogue.BookCatalogue"]}, {"093d241f4458cd142cb3738ef3b0873c": ["0", "com.eleybourn.bookcatalogue.BookCatalogue"]}, {"093d241f4458cd142cb3738ef3b0873c": ["0", "com.eleybourn.bookcatalogue.BookCatalogue"]}, {"932151a239c731e1c6d6576c3c91dd4a": ["1", "com.eleybourn.bookcatalogue.BookCatalogue"]}, {"093d241f4458cd142cb3738ef3b0873c": ["0", "com.eleybourn.bookcatalogue.BookCatalogue"]}, {"932151a239c731e1c6d6576c3c91dd4a": ["1", "com.eleybourn.bookcatalogue.BookCatalogue"]}, {"093d241f4458cd142cb3738ef3b0873c": ["0", "com.eleybourn.bookcatalogue.BookCatalogue"]}, {"093d241f4458cd142cb3738ef3b0873c": ["0", "com.eleybourn.bookcatalogue.BookCatalogue"]}, {"932151a239c731e1c6d6576c3c91dd4a": ["1", "com.eleybourn.bookcatalogue.BookCatalogue"]}, {"093d241f4458cd142cb3738ef3b0873c": ["0", "com.eleybourn.bookcatalogue.BookCatalogue"]}, {"093d241f4458cd142cb3738ef3b0873c": ["0", "com.eleybourn.bookcatalogue.BookCatalogue"]}, {"093d241f4458cd142cb3738ef3b0873c": ["0", "com.eleybourn.bookcatalogue.BookCatalogue"]}, {"932151a239c731e1c6d6576c3c91dd4a": ["1", "com.eleybourn.bookcatalogue.BookCatalogue"]}, {"093d241f4458cd142cb3738ef3b0873c": ["0", "com.eleybourn.bookcatalogue.BookCatalogue"]}, {"932151a239c731e1c6d6576c3c91dd4a": ["1", "com.eleybourn.bookcatalogue.BookCatalogue"]}, {"093d241f4458cd142cb3738ef3b0873c": ["0", "com.eleybourn.bookcatalogue.BookCatalogue"]}, {"093d241f4458cd142cb3738ef3b0873c": ["0", "com.eleybourn.bookcatalogue.BookCatalogue"]}, {"932151a239c731e1c6d6576c3c91dd4a": ["1", "com.eleybourn.bookcatalogue.BookCatalogue"]}, {"093d241f4458cd142cb3738ef3b0873c": ["0", "com.eleybourn.bookcatalogue.BookCatalogue"]}, {"093d241f4458cd142cb3738ef3b0873c": ["0", "com.eleybourn.bookcatalogue.BookCatalogue"]}, {"093d241f4458cd142cb3738ef3b0873c": ["0", "com.eleybourn.bookcatalogue.BookCatalogue"]}, {"093d241f4458cd142cb3738ef3b0873c": ["0", "com.eleybourn.bookcatalogue.BookCatalogue"]}, {"932151a239c731e1c6d6576c3c91dd4a": ["1", "com.eleybourn.bookcatalogue.BookCatalogue"]}, {"093d241f4458cd142cb3738ef3b0873c": ["0", "com.eleybourn.bookcatalogue.BookCatalogue"]}, {"093d241f4458cd142cb3738ef3b0873c": ["0", "com.eleybourn.bookcatalogue.BookCatalogue"]}, {"932151a239c731e1c6d6576c3c91dd4a": ["1", "com.eleybourn.bookcatalogue.BookCatalogue"]}, {"093d241f4458cd142cb3738ef3b0873c": ["0", "com.eleybourn.bookcatalogue.BookCatalogue"]}, {"093d241f4458cd142cb3738ef3b0873c": ["0", "com.eleybourn.bookcatalogue.BookCatalogue"]}, {"932151a239c731e1c6d6576c3c91dd4a": ["1", "com.eleybourn.bookcatalogue.BookCatalogue"]}, {"093d241f4458cd142cb3738ef3b0873c": ["0", "com.eleybourn.bookcatalogue.BookCatalogue"]}, {"093d241f4458cd142cb3738ef3b0873c": ["0", "com.eleybourn.bookcatalogue.BookCatalogue"]}, {"932151a239c731e1c6d6576c3c91dd4a": ["1", "com.eleybourn.bookcatalogue.BookCatalogue"]}, {"093d241f4458cd142cb3738ef3b0873c": ["0", "com.eleybourn.bookcatalogue.BookCatalogue"]}, {"093d241f4458cd142cb3738ef3b0873c": ["0", "com.eleybourn.bookcatalogue.BookCatalogue"]}, {"932151a239c731e1c6d6576c3c91dd4a": ["1", "com.eleybourn.bookcatalogue.BookCatalogue"]}, {"093d241f4458cd142cb3738ef3b0873c": ["0", "com.eleybourn.bookcatalogue.BookCatalogue"]}, {"093d241f4458cd142cb3738ef3b0873c": ["0", "com.eleybourn.bookcatalogue.BookCatalogue"]}, {"932151a239c731e1c6d6576c3c91dd4a": ["1", "com.eleybourn.bookcatalogue.BookCatalogue"]}, {"093d241f4458cd142cb3738ef3b0873c": ["0", "com.eleybourn.bookcatalogue.BookCatalogue"]}, {"093d241f4458cd142cb3738ef3b0873c": ["0", "com.eleybourn.bookcatalogue.BookCatalogue"]}, {"932151a239c731e1c6d6576c3c91dd4a": ["1", "com.eleybourn.bookcatalogue.BookCatalogue"]}, {"932151a239c731e1c6d6576c3c91dd4a": ["1", "com.eleybourn.bookcatalogue.BookCatalogue"]}, {"093d241f4458cd142cb3738ef3b0873c": ["0", "com.eleybourn.bookcatalogue.BookCatalogue"]}, {"093d241f4458cd142cb3738ef3b0873c": ["0", "com.eleybourn.bookcatalogue.BookCatalogue"]}, {"093d241f4458cd142cb3738ef3b0873c": ["0", "com.eleybourn.bookcatalogue.BookCatalogue"]}, {"932151a239c731e1c6d6576c3c91dd4a": ["1", "com.eleybourn.bookcatalogue.BookCatalogue"]}, {"093d241f4458cd142cb3738ef3b0873c": ["0", "com.eleybourn.bookcatalogue.BookCatalogue"]}, {"093d241f4458cd142cb3738ef3b0873c": ["0", "com.eleybourn.bookcatalogue.BookCatalogue"]}, {"093d241f4458cd142cb3738ef3b0873c": ["0", "com.eleybourn.bookcatalogue.BookCatalogue"]}, {"093d241f4458cd142cb3738ef3b0873c": ["0", "com.eleybourn.bookcatalogue.BookCatalogue"]}, {"932151a239c731e1c6d6576c3c91dd4a": ["1", "com.eleybourn.bookcatalogue.BookCatalogue"]}, {"093d241f4458cd142cb3738ef3b0873c": ["0", "com.eleybourn.bookcatalogue.BookCatalogue"]}, {"932151a239c731e1c6d6576c3c91dd4a": ["1", "com.eleybourn.bookcatalogue.BookCatalogue"]}, {"093d241f4458cd142cb3738ef3b0873c": ["0", "com.eleybourn.bookcatalogue.BookCatalogue"]}, {"932151a239c731e1c6d6576c3c91dd4a": ["1", "com.eleybourn.bookcatalogue.BookCatalogue"]}, {"093d241f4458cd142cb3738ef3b0873c": ["0", "com.eleybourn.bookcatalogue.BookCatalogue"]}, {"093d241f4458cd142cb3738ef3b0873c": ["0", "com.eleybourn.bookcatalogue.BookCatalogue"]}, {"932151a239c731e1c6d6576c3c91dd4a": ["1", "com.eleybourn.bookcatalogue.BookCatalogue"]}, {"093d241f4458cd142cb3738ef3b0873c": ["0", "com.eleybourn.bookcatalogue.BookCatalogue"]}, {"093d241f4458cd142cb3738ef3b0873c": ["0", "com.eleybourn.bookcatalogue.BookCatalogue"]}, {"932151a239c731e1c6d6576c3c91dd4a": ["1", "com.eleybourn.bookcatalogue.BookCatalogue"]}, {"093d241f4458cd142cb3738ef3b0873c": ["0", "com.eleybourn.bookcatalogue.BookCatalogue"]}, {"932151a239c731e1c6d6576c3c91dd4a": ["1", "com.eleybourn.bookcatalogue.BookCatalogue"]}, {"093d241f4458cd142cb3738ef3b0873c": ["0", "com.eleybourn.bookcatalogue.BookCatalogue"]}, {"932151a239c731e1c6d6576c3c91dd4a": ["1", "com.eleybourn.bookcatalogue.BookCatalogue"]}, {"093d241f4458cd142cb3738ef3b0873c": ["0", "com.eleybourn.bookcatalogue.BookCatalogue"]}, {"093d241f4458cd142cb3738ef3b0873c": ["0", "com.eleybourn.bookcatalogue.BookCatalogue"]}, {"932151a239c731e1c6d6576c3c91dd4a": ["1", "com.eleybourn.bookcatalogue.BookCatalogue"]}, {"093d241f4458cd142cb3738ef3b0873c": ["0", "com.eleybourn.bookcatalogue.BookCatalogue"]}, {"932151a239c731e1c6d6576c3c91dd4a": ["1", "com.eleybourn.bookcatalogue.BookCatalogue"]}, {"093d241f4458cd142cb3738ef3b0873c": ["0", "com.eleybourn.bookcatalogue.BookCatalogue"]}, {"093d241f4458cd142cb3738ef3b0873c": ["0", "com.eleybourn.bookcatalogue.BookCatalogue"]}, {"932151a239c731e1c6d6576c3c91dd4a": ["1", "com.eleybourn.bookcatalogue.BookCatalogue"]}, {"093d241f4458cd142cb3738ef3b0873c": ["0", "com.eleybourn.bookcatalogue.BookCatalogue"]}, {"932151a239c731e1c6d6576c3c91dd4a": ["1", "com.eleybourn.bookcatalogue.BookCatalogue"]}, {"932151a239c731e1c6d6576c3c91dd4a": ["1", "com.eleybourn.bookcatalogue.BookCatalogue"]}, {"093d241f4458cd142cb3738ef3b0873c": ["0", "com.eleybourn.bookcatalogue.BookCatalogue"]}, {"093d241f4458cd142cb3738ef3b0873c": ["0", "com.eleybourn.bookcatalogue.BookCatalogue"]}, {"093d241f4458cd142cb3738ef3b0873c": ["0", "com.eleybourn.bookcatalogue.BookCatalogue"]}, {"093d241f4458cd142cb3738ef3b0873c": ["0", "com.eleybourn.bookcatalogue.BookCatalogue"]}, {"093d241f4458cd142cb3738ef3b0873c": ["0", "com.eleybourn.bookcatalogue.BookCatalogue"]}, {"932151a239c731e1c6d6576c3c91dd4a": ["1", "com.eleybourn.bookcatalogue.BookCatalogue"]}, {"093d241f4458cd142cb3738ef3b0873c": ["0", "com.eleybourn.bookcatalogue.BookCatalogue"]}, {"932151a239c731e1c6d6576c3c91dd4a": ["1", "com.eleybourn.bookcatalogue.BookCatalogue"]}, {"093d241f4458cd142cb3738ef3b0873c": ["0", "com.eleybourn.bookcatalogue.BookCatalogue"]}, {"932151a239c731e1c6d6576c3c91dd4a": ["1", "com.eleybourn.bookcatalogue.BookCatalogue"]}, {"093d241f4458cd142cb3738ef3b0873c": ["0", "com.eleybourn.bookcatalogue.BookCatalogue"]}, {"093d241f4458cd142cb3738ef3b0873c": ["0", "com.eleybourn.bookcatalogue.BookCatalogue"]}, {"932151a239c731e1c6d6576c3c91dd4a": ["1", "com.eleybourn.bookcatalogue.BookCatalogue"]}, {"093d241f4458cd142cb3738ef3b0873c": ["0", "com.eleybourn.bookcatalogue.BookCatalogue"]}, {"093d241f4458cd142cb3738ef3b0873c": ["0", "com.eleybourn.bookcatalogue.BookCatalogue"]}, {"932151a239c731e1c6d6576c3c91dd4a": ["1", "com.eleybourn.bookcatalogue.BookCatalogue"]}, {"093d241f4458cd142cb3738ef3b0873c": ["0", "com.eleybourn.bookcatalogue.BookCatalogue"]}, {"093d241f4458cd142cb3738ef3b0873c": ["0", "com.eleybourn.bookcatalogue.BookCatalogue"]}, {"093d241f4458cd142cb3738ef3b0873c": ["0", "com.eleybourn.bookcatalogue.BookCatalogue"]}, {"932151a239c731e1c6d6576c3c91dd4a": ["1", "com.eleybourn.bookcatalogue.BookCatalogue"]}, {"093d241f4458cd142cb3738ef3b0873c": ["0", "com.eleybourn.bookcatalogue.BookCatalogue"]}, {"093d241f4458cd142cb3738ef3b0873c": ["0", "com.eleybourn.bookcatalogue.BookCatalogue"]}, {"932151a239c731e1c6d6576c3c91dd4a": ["1", "com.eleybourn.bookcatalogue.BookCatalogue"]}, {"093d241f4458cd142cb3738ef3b0873c": ["0", "com.eleybourn.bookcatalogue.BookCatalogue"]}, {"932151a239c731e1c6d6576c3c91dd4a": ["1", "com.eleybourn.bookcatalogue.BookCatalogue"]}, {"093d241f4458cd142cb3738ef3b0873c": ["0", "com.eleybourn.bookcatalogue.BookCatalogue"]}, {"093d241f4458cd142cb3738ef3b0873c": ["0", "com.eleybourn.bookcatalogue.BookCatalogue"]}, {"093d241f4458cd142cb3738ef3b0873c": ["0", "com.eleybourn.bookcatalogue.BookCatalogue"]}, {"093d241f4458cd142cb3738ef3b0873c": ["0", "com.eleybourn.bookcatalogue.BookCatalogue"]}, {"932151a239c731e1c6d6576c3c91dd4a": ["1", "com.eleybourn.bookcatalogue.BookCatalogue"]}, {"093d241f4458cd142cb3738ef3b0873c": ["0", "com.eleybourn.bookcatalogue.BookCatalogue"]}, {"932151a239c731e1c6d6576c3c91dd4a": ["1", "com.eleybourn.bookcatalogue.BookCatalogue"]}, {"093d241f4458cd142cb3738ef3b0873c": ["0", "com.eleybourn.bookcatalogue.BookCatalogue"]}, {"932151a239c731e1c6d6576c3c91dd4a": ["1", "com.eleybourn.bookcatalogue.BookCatalogue"]}, {"932151a239c731e1c6d6576c3c91dd4a": ["1", "com.eleybourn.bookcatalogue.BookCatalogue"]}, {"093d241f4458cd142cb3738ef3b0873c": ["0", "com.eleybourn.bookcatalogue.BookCatalogue"]}, {"932151a239c731e1c6d6576c3c91dd4a": ["1", "com.eleybourn.bookcatalogue.BookCatalogue"]}, {"932151a239c731e1c6d6576c3c91dd4a": ["1", "com.eleybourn.bookcatalogue.BookCatalogue"]}, {"093d241f4458cd142cb3738ef3b0873c": ["0", "com.eleybourn.bookcatalogue.BookCatalogue"]}, {"093d241f4458cd142cb3738ef3b0873c": ["0", "com.eleybourn.bookcatalogue.BookCatalogue"]}, {"932151a239c731e1c6d6576c3c91dd4a": ["1", "com.eleybourn.bookcatalogue.BookCatalogue"]}, {"093d241f4458cd142cb3738ef3b0873c": ["0", "com.eleybourn.bookcatalogue.BookCatalogue"]}, {"093d241f4458cd142cb3738ef3b0873c": ["0", "com.eleybourn.bookcatalogue.BookCatalogue"]}, {"093d241f4458cd142cb3738ef3b0873c": ["0", "com.eleybourn.bookcatalogue.BookCatalogue"]}, {"093d241f4458cd142cb3738ef3b0873c": ["0", "com.eleybourn.bookcatalogue.BookCatalogue"]}, {"932151a239c731e1c6d6576c3c91dd4a": ["1", "com.eleybourn.bookcatalogue.BookCatalogue"]}, {"932151a239c731e1c6d6576c3c91dd4a": ["1", "com.eleybourn.bookcatalogue.BookCatalogue"]}, {"093d241f4458cd142cb3738ef3b0873c": ["0", "com.eleybourn.bookcatalogue.BookCatalogue"]}, {"932151a239c731e1c6d6576c3c91dd4a": ["1", "com.eleybourn.bookcatalogue.BookCatalogue"]}, {"093d241f4458cd142cb3738ef3b0873c": ["0", "com.eleybourn.bookcatalogue.BookCatalogue"]}, {"093d241f4458cd142cb3738ef3b0873c": ["0", "com.eleybourn.bookcatalogue.BookCatalogue"]}, {"932151a239c731e1c6d6576c3c91dd4a": ["1", "com.eleybourn.bookcatalogue.BookCatalogue"]}, {"093d241f4458cd142cb3738ef3b0873c": ["0", "com.eleybourn.bookcatalogue.BookCatalogue"]}, {"932151a239c731e1c6d6576c3c91dd4a": ["1", "com.eleybourn.bookcatalogue.BookCatalogue"]}, {"093d241f4458cd142cb3738ef3b0873c": ["0", "com.eleybourn.bookcatalogue.BookCatalogue"]}, {"093d241f4458cd142cb3738ef3b0873c": ["0", "com.eleybourn.bookcatalogue.BookCatalogue"]}, {"093d241f4458cd142cb3738ef3b0873c": ["0", "com.eleybourn.bookcatalogue.BookCatalogue"]}, {"932151a239c731e1c6d6576c3c91dd4a": ["1", "com.eleybourn.bookcatalogue.BookCatalogue"]}, {"093d241f4458cd142cb3738ef3b0873c": ["0", "com.eleybourn.bookcatalogue.BookCatalogue"]}, {"932151a239c731e1c6d6576c3c91dd4a": ["1", "com.eleybourn.bookcatalogue.BookCatalogue"]}, {"093d241f4458cd142cb3738ef3b0873c": ["0", "com.eleybourn.bookcatalogue.BookCatalogue"]}, {"093d241f4458cd142cb3738ef3b0873c": ["0", "com.eleybourn.bookcatalogue.BookCatalogue"]}, {"932151a239c731e1c6d6576c3c91dd4a": ["1", "com.eleybourn.bookcatalogue.BookCatalogue"]}, {"093d241f4458cd142cb3738ef3b0873c": ["0", "com.eleybourn.bookcatalogue.BookCatalogue"]}, {"093d241f4458cd142cb3738ef3b0873c": ["0", "com.eleybourn.bookcatalogue.BookCatalogue"]}, {"093d241f4458cd142cb3738ef3b0873c": ["0", "com.eleybourn.bookcatalogue.BookCatalogue"]}, {"093d241f4458cd142cb3738ef3b0873c": ["0", "com.eleybourn.bookcatalogue.BookCatalogue"]}, {"093d241f4458cd142cb3738ef3b0873c": ["0", "com.eleybourn.bookcatalogue.BookCatalogue"]}, {"932151a239c731e1c6d6576c3c91dd4a": ["1", "com.eleybourn.bookcatalogue.BookCatalogue"]}, {"093d241f4458cd142cb3738ef3b0873c": ["0", "com.eleybourn.bookcatalogue.BookCatalogue"]}, {"093d241f4458cd142cb3738ef3b0873c": ["0", "com.eleybourn.bookcatalogue.BookCatalogue"]}, {"932151a239c731e1c6d6576c3c91dd4a": ["1", "com.eleybourn.bookcatalogue.BookCatalogue"]}, {"093d241f4458cd142cb3738ef3b0873c": ["0", "com.eleybourn.bookcatalogue.BookCatalogue"]}, {"932151a239c731e1c6d6576c3c91dd4a": ["1", "com.eleybourn.bookcatalogue.BookCatalogue"]}, {"093d241f4458cd142cb3738ef3b0873c": ["0", "com.eleybourn.bookcatalogue.BookCatalogue"]}, {"932151a239c731e1c6d6576c3c91dd4a": ["1", "com.eleybourn.bookcatalogue.BookCatalogue"]}, {"093d241f4458cd142cb3738ef3b0873c": ["0", "com.eleybourn.bookcatalogue.BookCatalogue"]}, {"932151a239c731e1c6d6576c3c91dd4a": ["1", "com.eleybourn.bookcatalogue.BookCatalogue"]}, {"093d241f4458cd142cb3738ef3b0873c": ["0", "com.eleybourn.bookcatalogue.BookCatalogue"]}, {"093d241f4458cd142cb3738ef3b0873c": ["0", "com.eleybourn.bookcatalogue.BookCatalogue"]}, {"093d241f4458cd142cb3738ef3b0873c": ["0", "com.eleybourn.bookcatalogue.BookCatalogue"]}, {"093d241f4458cd142cb3738ef3b0873c": ["0", "com.eleybourn.bookcatalogue.BookCatalogue"]}, {"932151a239c731e1c6d6576c3c91dd4a": ["1", "com.eleybourn.bookcatalogue.BookCatalogue"]}, {"932151a239c731e1c6d6576c3c91dd4a": ["1", "com.eleybourn.bookcatalogue.BookCatalogue"]}, {"093d241f4458cd142cb3738ef3b0873c": ["0", "com.eleybourn.bookcatalogue.BookCatalogue"]}, {"093d241f4458cd142cb3738ef3b0873c": ["0", "com.eleybourn.bookcatalogue.BookCatalogue"]}, {"093d241f4458cd142cb3738ef3b0873c": ["0", "com.eleybourn.bookcatalogue.BookCatalogue"]}, {"932151a239c731e1c6d6576c3c91dd4a": ["1", "com.eleybourn.bookcatalogue.BookCatalogue"]}, {"093d241f4458cd142cb3738ef3b0873c": ["0", "com.eleybourn.bookcatalogue.BookCatalogue"]}, {"932151a239c731e1c6d6576c3c91dd4a": ["1", "com.eleybourn.bookcatalogue.BookCatalogue"]}, {"093d241f4458cd142cb3738ef3b0873c": ["0", "com.eleybourn.bookcatalogue.BookCatalogue"]}, {"932151a239c731e1c6d6576c3c91dd4a": ["1", "com.eleybourn.bookcatalogue.BookCatalogue"]}, {"093d241f4458cd142cb3738ef3b0873c": ["0", "com.eleybourn.bookcatalogue.BookCatalogue"]}, {"093d241f4458cd142cb3738ef3b0873c": ["0", "com.eleybourn.bookcatalogue.BookCatalogue"]}, {"093d241f4458cd142cb3738ef3b0873c": ["0", "com.eleybourn.bookcatalogue.BookCatalogue"]}, {"932151a239c731e1c6d6576c3c91dd4a": ["1", "com.eleybourn.bookcatalogue.BookCatalogue"]}, {"093d241f4458cd142cb3738ef3b0873c": ["0", "com.eleybourn.bookcatalogue.BookCatalogue"]}, {"093d241f4458cd142cb3738ef3b0873c": ["0", "com.eleybourn.bookcatalogue.BookCatalogue"]}, {"932151a239c731e1c6d6576c3c91dd4a": ["1", "com.eleybourn.bookcatalogue.BookCatalogue"]}, {"093d241f4458cd142cb3738ef3b0873c": ["0", "com.eleybourn.bookcatalogue.BookCatalogue"]}, {"932151a239c731e1c6d6576c3c91dd4a": ["1", "com.eleybourn.bookcatalogue.BookCatalogue"]}, {"093d241f4458cd142cb3738ef3b0873c": ["0", "com.eleybourn.bookcatalogue.BookCatalogue"]}, {"932151a239c731e1c6d6576c3c91dd4a": ["1", "com.eleybourn.bookcatalogue.BookCatalogue"]}, {"093d241f4458cd142cb3738ef3b0873c": ["0", "com.eleybourn.bookcatalogue.BookCatalogue"]}, {"093d241f4458cd142cb3738ef3b0873c": ["0", "com.eleybourn.bookcatalogue.BookCatalogue"]}, {"932151a239c731e1c6d6576c3c91dd4a": ["1", "com.eleybourn.bookcatalogue.BookCatalogue"]}, {"093d241f4458cd142cb3738ef3b0873c": ["0", "com.eleybourn.bookcatalogue.BookCatalogue"]}, {"093d241f4458cd142cb3738ef3b0873c": ["0", "com.eleybourn.bookcatalogue.BookCatalogue"]}, {"932151a239c731e1c6d6576c3c91dd4a": ["1", "com.eleybourn.bookcatalogue.BookCatalogue"]}, {"093d241f4458cd142cb3738ef3b0873c": ["0", "com.eleybourn.bookcatalogue.BookCatalogue"]}, {"932151a239c731e1c6d6576c3c91dd4a": ["1", "com.eleybourn.bookcatalogue.BookCatalogue"]}, {"093d241f4458cd142cb3738ef3b0873c": ["0", "com.eleybourn.bookcatalogue.BookCatalogue"]}, {"093d241f4458cd142cb3738ef3b0873c": ["0", "com.eleybourn.bookcatalogue.BookCatalogue"]}, {"932151a239c731e1c6d6576c3c91dd4a": ["1", "com.eleybourn.bookcatalogue.BookCatalogue"]}, {"093d241f4458cd142cb3738ef3b0873c": ["0", "com.eleybourn.bookcatalogue.BookCatalogue"]}, {"932151a239c731e1c6d6576c3c91dd4a": ["1", "com.eleybourn.bookcatalogue.BookCatalogue"]}, {"093d241f4458cd142cb3738ef3b0873c": ["0", "com.eleybourn.bookcatalogue.BookCatalogue"]}, {"932151a239c731e1c6d6576c3c91dd4a": ["1", "com.eleybourn.bookcatalogue.BookCatalogue"]}, {"093d241f4458cd142cb3738ef3b0873c": ["0", "com.eleybourn.bookcatalogue.BookCatalogue"]}, {"932151a239c731e1c6d6576c3c91dd4a": ["1", "com.eleybourn.bookcatalogue.BookCatalogue"]}, {"093d241f4458cd142cb3738ef3b0873c": ["0", "com.eleybourn.bookcatalogue.BookCatalogue"]}, {"932151a239c731e1c6d6576c3c91dd4a": ["1", "com.eleybourn.bookcatalogue.BookCatalogue"]}, {"093d241f4458cd142cb3738ef3b0873c": ["0", "com.eleybourn.bookcatalogue.BookCatalogue"]}, {"093d241f4458cd142cb3738ef3b0873c": ["0", "com.eleybourn.bookcatalogue.BookCatalogue"]}, {"093d241f4458cd142cb3738ef3b0873c": ["0", "com.eleybourn.bookcatalogue.BookCatalogue"]}, {"093d241f4458cd142cb3738ef3b0873c": ["0", "com.eleybourn.bookcatalogue.BookCatalogue"]}, {"932151a239c731e1c6d6576c3c91dd4a": ["1", "com.eleybourn.bookcatalogue.BookCatalogue"]}, {"932151a239c731e1c6d6576c3c91dd4a": ["1", "com.eleybourn.bookcatalogue.BookCatalogue"]}, {"093d241f4458cd142cb3738ef3b0873c": ["0", "com.eleybourn.bookcatalogue.BookCatalogue"]}, {"932151a239c731e1c6d6576c3c91dd4a": ["1", "com.eleybourn.bookcatalogue.BookCatalogue"]}, {"093d241f4458cd142cb3738ef3b0873c": ["0", "com.eleybourn.bookcatalogue.BookCatalogue"]}, {"093d241f4458cd142cb3738ef3b0873c": ["0", "com.eleybourn.bookcatalogue.BookCatalogue"]}, {"093d241f4458cd142cb3738ef3b0873c": ["0", "com.eleybourn.bookcatalogue.BookCatalogue"]}, {"093d241f4458cd142cb3738ef3b0873c": ["0", "com.eleybourn.bookcatalogue.BookCatalogue"]}, {"932151a239c731e1c6d6576c3c91dd4a": ["1", "com.eleybourn.bookcatalogue.BookCatalogue"]}, {"093d241f4458cd142cb3738ef3b0873c": ["0", "com.eleybourn.bookcatalogue.BookCatalogue"]}, {"932151a239c731e1c6d6576c3c91dd4a": ["1", "com.eleybourn.bookcatalogue.BookCatalogue"]}, {"932151a239c731e1c6d6576c3c91dd4a": ["1", "com.eleybourn.bookcatalogue.BookCatalogue"]}, {"093d241f4458cd142cb3738ef3b0873c": ["0", "com.eleybourn.bookcatalogue.BookCatalogue"]}, {"093d241f4458cd142cb3738ef3b0873c": ["0", "com.eleybourn.bookcatalogue.BookCatalogue"]}, {"932151a239c731e1c6d6576c3c91dd4a": ["1", "com.eleybourn.bookcatalogue.BookCatalogue"]}, {"093d241f4458cd142cb3738ef3b0873c": ["0", "com.eleybourn.bookcatalogue.BookCatalogue"]}, {"093d241f4458cd142cb3738ef3b0873c": ["0", "com.eleybourn.bookcatalogue.BookCatalogue"]}, {"932151a239c731e1c6d6576c3c91dd4a": ["1", "com.eleybourn.bookcatalogue.BookCatalogue"]}, {"093d241f4458cd142cb3738ef3b0873c": ["0", "com.eleybourn.bookcatalogue.BookCatalogue"]}, {"093d241f4458cd142cb3738ef3b0873c": ["0", "com.eleybourn.bookcatalogue.BookCatalogue"]}, {"093d241f4458cd142cb3738ef3b0873c": ["0", "com.eleybourn.bookcatalogue.BookCatalogue"]}, {"932151a239c731e1c6d6576c3c91dd4a": ["1", "com.eleybourn.bookcatalogue.BookCatalogue"]}, {"093d241f4458cd142cb3738ef3b0873c": ["0", "com.eleybourn.bookcatalogue.BookCatalogue"]}, {"932151a239c731e1c6d6576c3c91dd4a": ["1", "com.eleybourn.bookcatalogue.BookCatalogue"]}, {"093d241f4458cd142cb3738ef3b0873c": ["0", "com.eleybourn.bookcatalogue.BookCatalogue"]}, {"093d241f4458cd142cb3738ef3b0873c": ["0", "com.eleybourn.bookcatalogue.BookCatalogue"]}, {"093d241f4458cd142cb3738ef3b0873c": ["0", "com.eleybourn.bookcatalogue.BookCatalogue"]}, {"932151a239c731e1c6d6576c3c91dd4a": ["1", "com.eleybourn.bookcatalogue.BookCatalogue"]}, {"093d241f4458cd142cb3738ef3b0873c": ["0", "com.eleybourn.bookcatalogue.BookCatalogue"]}, {"093d241f4458cd142cb3738ef3b0873c": ["0", "com.eleybourn.bookcatalogue.BookCatalogue"]}, {"093d241f4458cd142cb3738ef3b0873c": ["0", "com.eleybourn.bookcatalogue.BookCatalogue"]}, {"932151a239c731e1c6d6576c3c91dd4a": ["1", "com.eleybourn.bookcatalogue.BookCatalogue"]}, {"093d241f4458cd142cb3738ef3b0873c": ["0", "com.eleybourn.bookcatalogue.BookCatalogue"]}, {"932151a239c731e1c6d6576c3c91dd4a": ["1", "com.eleybourn.bookcatalogue.BookCatalogue"]}, {"093d241f4458cd142cb3738ef3b0873c": ["0", "com.eleybourn.bookcatalogue.BookCatalogue"]}, {"093d241f4458cd142cb3738ef3b0873c": ["0", "com.eleybourn.bookcatalogue.BookCatalogue"]}, {"093d241f4458cd142cb3738ef3b0873c": ["0", "com.eleybourn.bookcatalogue.BookCatalogue"]}, {"093d241f4458cd142cb3738ef3b0873c": ["0", "com.eleybourn.bookcatalogue.BookCatalogue"]}, {"093d241f4458cd142cb3738ef3b0873c": ["0", "com.eleybourn.bookcatalogue.BookCatalogue"]}, {"932151a239c731e1c6d6576c3c91dd4a": ["1", "com.eleybourn.bookcatalogue.BookCatalogue"]}, {"093d241f4458cd142cb3738ef3b0873c": ["0", "com.eleybourn.bookcatalogue.BookCatalogue"]}, {"093d241f4458cd142cb3738ef3b0873c": ["0", "com.eleybourn.bookcatalogue.BookCatalogue"]}, {"093d241f4458cd142cb3738ef3b0873c": ["0", "com.eleybourn.bookcatalogue.BookCatalogue"]}, {"932151a239c731e1c6d6576c3c91dd4a": ["1", "com.eleybourn.bookcatalogue.BookCatalogue"]}, {"932151a239c731e1c6d6576c3c91dd4a": ["1", "com.eleybourn.bookcatalogue.BookCatalogue"]}, {"932151a239c731e1c6d6576c3c91dd4a": ["1", "com.eleybourn.bookcatalogue.BookCatalogue"]}, {"093d241f4458cd142cb3738ef3b0873c": ["0", "com.eleybourn.bookcatalogue.BookCatalogue"]}, {"932151a239c731e1c6d6576c3c91dd4a": ["1", "com.eleybourn.bookcatalogue.BookCatalogue"]}, {"093d241f4458cd142cb3738ef3b0873c": ["0", "com.eleybourn.bookcatalogue.BookCatalogue"]}, {"093d241f4458cd142cb3738ef3b0873c": ["0", "com.eleybourn.bookcatalogue.BookCatalogue"]}, {"093d241f4458cd142cb3738ef3b0873c": ["0", "com.eleybourn.bookcatalogue.BookCatalogue"]}, {"932151a239c731e1c6d6576c3c91dd4a": ["1", "com.eleybourn.bookcatalogue.BookCatalogue"]}, {"093d241f4458cd142cb3738ef3b0873c": ["0", "com.eleybourn.bookcatalogue.BookCatalogue"]}, {"093d241f4458cd142cb3738ef3b0873c": ["0", "com.eleybourn.bookcatalogue.BookCatalogue"]}, {"093d241f4458cd142cb3738ef3b0873c": ["0", "com.eleybourn.bookcatalogue.BookCatalogue"]}, {"932151a239c731e1c6d6576c3c91dd4a": ["1", "com.eleybourn.bookcatalogue.BookCatalogue"]}, {"093d241f4458cd142cb3738ef3b0873c": ["0", "com.eleybourn.bookcatalogue.BookCatalogue"]}, {"093d241f4458cd142cb3738ef3b0873c": ["0", "com.eleybourn.bookcatalogue.BookCatalogue"]}, {"093d241f4458cd142cb3738ef3b0873c": ["0", "com.eleybourn.bookcatalogue.BookCatalogue"]}, {"093d241f4458cd142cb3738ef3b0873c": ["0", "com.eleybourn.bookcatalogue.BookCatalogue"]}, {"932151a239c731e1c6d6576c3c91dd4a": ["1", "com.eleybourn.bookcatalogue.BookCatalogue"]}, {"093d241f4458cd142cb3738ef3b0873c": ["0", "com.eleybourn.bookcatalogue.BookCatalogue"]}, {"932151a239c731e1c6d6576c3c91dd4a": ["1", "com.eleybourn.bookcatalogue.BookCatalogue"]}, {"093d241f4458cd142cb3738ef3b0873c": ["0", "com.eleybourn.bookcatalogue.BookCatalogue"]}, {"932151a239c731e1c6d6576c3c91dd4a": ["1", "com.eleybourn.bookcatalogue.BookCatalogue"]}, {"093d241f4458cd142cb3738ef3b0873c": ["0", "com.eleybourn.bookcatalogue.BookCatalogue"]}, {"093d241f4458cd142cb3738ef3b0873c": ["0", "com.eleybourn.bookcatalogue.BookCatalogue"]}, {"932151a239c731e1c6d6576c3c91dd4a": ["1", "com.eleybourn.bookcatalogue.BookCatalogue"]}, {"093d241f4458cd142cb3738ef3b0873c": ["0", "com.eleybourn.bookcatalogue.BookCatalogue"]}, {"093d241f4458cd142cb3738ef3b0873c": ["0", "com.eleybourn.bookcatalogue.BookCatalogue"]}, {"932151a239c731e1c6d6576c3c91dd4a": ["1", "com.eleybourn.bookcatalogue.BookCatalogue"]}, {"093d241f4458cd142cb3738ef3b0873c": ["0", "com.eleybourn.bookcatalogue.BookCatalogue"]}, {"932151a239c731e1c6d6576c3c91dd4a": ["1", "com.eleybourn.bookcatalogue.BookCatalogue"]}, {"093d241f4458cd142cb3738ef3b0873c": ["0", "com.eleybourn.bookcatalogue.BookCatalogue"]}, {"093d241f4458cd142cb3738ef3b0873c": ["0", "com.eleybourn.bookcatalogue.BookCatalogue"]}, {"932151a239c731e1c6d6576c3c91dd4a": ["1", "com.eleybourn.bookcatalogue.BookCatalogue"]}, {"093d241f4458cd142cb3738ef3b0873c": ["0", "com.eleybourn.bookcatalogue.BookCatalogue"]}, {"093d241f4458cd142cb3738ef3b0873c": ["0", "com.eleybourn.bookcatalogue.BookCatalogue"]}, {"093d241f4458cd142cb3738ef3b0873c": ["0", "com.eleybourn.bookcatalogue.BookCatalogue"]}, {"932151a239c731e1c6d6576c3c91dd4a": ["1", "com.eleybourn.bookcatalogue.BookCatalogue"]}, {"093d241f4458cd142cb3738ef3b0873c": ["0", "com.eleybourn.bookcatalogue.BookCatalogue"]}, {"093d241f4458cd142cb3738ef3b0873c": ["0", "com.eleybourn.bookcatalogue.BookCatalogue"]}, {"932151a239c731e1c6d6576c3c91dd4a": ["1", "com.eleybourn.bookcatalogue.BookCatalogue"]}, {"093d241f4458cd142cb3738ef3b0873c": ["0", "com.eleybourn.bookcatalogue.BookCatalogue"]}, {"932151a239c731e1c6d6576c3c91dd4a": ["1", "com.eleybourn.bookcatalogue.BookCatalogue"]}, {"093d241f4458cd142cb3738ef3b0873c": ["0", "com.eleybourn.bookcatalogue.BookCatalogue"]}, {"932151a239c731e1c6d6576c3c91dd4a": ["1", "com.eleybourn.bookcatalogue.BookCatalogue"]}, {"093d241f4458cd142cb3738ef3b0873c": ["0", "com.eleybourn.bookcatalogue.BookCatalogue"]}, {"093d241f4458cd142cb3738ef3b0873c": ["0", "com.eleybourn.bookcatalogue.BookCatalogue"]}, {"093d241f4458cd142cb3738ef3b0873c": ["0", "com.eleybourn.bookcatalogue.BookCatalogue"]}, {"932151a239c731e1c6d6576c3c91dd4a": ["1", "com.eleybourn.bookcatalogue.BookCatalogue"]}, {"932151a239c731e1c6d6576c3c91dd4a": ["1", "com.eleybourn.bookcatalogue.BookCatalogue"]}, {"093d241f4458cd142cb3738ef3b0873c": ["0", "com.eleybourn.bookcatalogue.BookCatalogue"]}]