[{"5e3892ed11cee2374059114dfd5d12cc": ["0", "net.everythingandroid.timer.TimerActivity"]}, {"5e3892ed11cee2374059114dfd5d12cc": ["0", "net.everythingandroid.timer.TimerActivity"]}, {"5e3892ed11cee2374059114dfd5d12cc": ["0", "net.everythingandroid.timer.TimerActivity"]}, {"5e3892ed11cee2374059114dfd5d12cc": ["0", "net.everythingandroid.timer.TimerActivity"]}, {"5e3892ed11cee2374059114dfd5d12cc": ["0", "net.everythingandroid.timer.TimerActivity"]}, {"5e3892ed11cee2374059114dfd5d12cc": ["0", "net.everythingandroid.timer.TimerActivity"]}, {"5e3892ed11cee2374059114dfd5d12cc": ["0", "net.everythingandroid.timer.TimerActivity"]}, {"5e3892ed11cee2374059114dfd5d12cc": ["0", "net.everythingandroid.timer.TimerActivity"]}, {"5e3892ed11cee2374059114dfd5d12cc": ["0", "net.everythingandroid.timer.TimerActivity"]}, {"5e3892ed11cee2374059114dfd5d12cc": ["0", "net.everythingandroid.timer.TimerActivity"]}, {"5e3892ed11cee2374059114dfd5d12cc": ["0", "net.everythingandroid.timer.TimerActivity"]}, {"5e3892ed11cee2374059114dfd5d12cc": ["0", "net.everythingandroid.timer.TimerActivity"]}, {"5e3892ed11cee2374059114dfd5d12cc": ["0", "net.everythingandroid.timer.TimerActivity"]}, {"5e3892ed11cee2374059114dfd5d12cc": ["0", "net.everythingandroid.timer.TimerActivity"]}, {"5e3892ed11cee2374059114dfd5d12cc": ["0", "net.everythingandroid.timer.TimerActivity"]}, {"5e3892ed11cee2374059114dfd5d12cc": ["0", "net.everythingandroid.timer.TimerActivity"]}, {"5e3892ed11cee2374059114dfd5d12cc": ["0", "net.everythingandroid.timer.TimerActivity"]}, {"5e3892ed11cee2374059114dfd5d12cc": ["0", "net.everythingandroid.timer.TimerActivity"]}, {"5e3892ed11cee2374059114dfd5d12cc": ["0", "net.everythingandroid.timer.TimerActivity"]}, {"5e3892ed11cee2374059114dfd5d12cc": ["0", "net.everythingandroid.timer.TimerActivity"]}, {"5e3892ed11cee2374059114dfd5d12cc": ["0", "net.everythingandroid.timer.TimerActivity"]}, {"5e3892ed11cee2374059114dfd5d12cc": ["0", "net.everythingandroid.timer.TimerActivity"]}, {"5e3892ed11cee2374059114dfd5d12cc": ["0", "net.everythingandroid.timer.TimerActivity"]}, {"5e3892ed11cee2374059114dfd5d12cc": ["0", "net.everythingandroid.timer.TimerActivity"]}, {"5e3892ed11cee2374059114dfd5d12cc": ["0", "net.everythingandroid.timer.TimerActivity"]}, {"5e3892ed11cee2374059114dfd5d12cc": ["0", "net.everythingandroid.timer.TimerActivity"]}, {"5e3892ed11cee2374059114dfd5d12cc": ["0", "net.everythingandroid.timer.TimerActivity"]}, {"5e3892ed11cee2374059114dfd5d12cc": ["0", "net.everythingandroid.timer.TimerActivity"]}, {"5e3892ed11cee2374059114dfd5d12cc": ["0", "net.everythingandroid.timer.TimerActivity"]}, {"5e3892ed11cee2374059114dfd5d12cc": ["0", "net.everythingandroid.timer.TimerActivity"]}, {"5e3892ed11cee2374059114dfd5d12cc": ["0", "net.everythingandroid.timer.TimerActivity"]}, {"5e3892ed11cee2374059114dfd5d12cc": ["0", "net.everythingandroid.timer.TimerActivity"]}, {"5e3892ed11cee2374059114dfd5d12cc": ["0", "net.everythingandroid.timer.TimerActivity"]}, {"5e3892ed11cee2374059114dfd5d12cc": ["0", "net.everythingandroid.timer.TimerActivity"]}, {"5e3892ed11cee2374059114dfd5d12cc": ["0", "net.everythingandroid.timer.TimerActivity"]}, {"5e3892ed11cee2374059114dfd5d12cc": ["0", "net.everythingandroid.timer.TimerActivity"]}, {"5e3892ed11cee2374059114dfd5d12cc": ["0", "net.everythingandroid.timer.TimerActivity"]}, {"5e3892ed11cee2374059114dfd5d12cc": ["0", "net.everythingandroid.timer.TimerActivity"]}, {"5e3892ed11cee2374059114dfd5d12cc": ["0", "net.everythingandroid.timer.TimerActivity"]}, {"5e3892ed11cee2374059114dfd5d12cc": ["0", "net.everythingandroid.timer.TimerActivity"]}, {"5e3892ed11cee2374059114dfd5d12cc": ["0", "net.everythingandroid.timer.TimerActivity"]}, {"5e3892ed11cee2374059114dfd5d12cc": ["0", "net.everythingandroid.timer.TimerActivity"]}, {"5e3892ed11cee2374059114dfd5d12cc": ["0", "net.everythingandroid.timer.TimerActivity"]}, {"5e3892ed11cee2374059114dfd5d12cc": ["0", "net.everythingandroid.timer.TimerActivity"]}, {"5e3892ed11cee2374059114dfd5d12cc": ["0", "net.everythingandroid.timer.TimerActivity"]}, {"5e3892ed11cee2374059114dfd5d12cc": ["0", "net.everythingandroid.timer.TimerActivity"]}, {"5e3892ed11cee2374059114dfd5d12cc": ["0", "net.everythingandroid.timer.TimerActivity"]}, {"5e3892ed11cee2374059114dfd5d12cc": ["0", "net.everythingandroid.timer.TimerActivity"]}, {"5e3892ed11cee2374059114dfd5d12cc": ["0", "net.everythingandroid.timer.TimerActivity"]}, {"5e3892ed11cee2374059114dfd5d12cc": ["0", "net.everythingandroid.timer.TimerActivity"]}, {"5e3892ed11cee2374059114dfd5d12cc": ["0", "net.everythingandroid.timer.TimerActivity"]}, {"5e3892ed11cee2374059114dfd5d12cc": ["0", "net.everythingandroid.timer.TimerActivity"]}, {"5e3892ed11cee2374059114dfd5d12cc": ["0", "net.everythingandroid.timer.TimerActivity"]}, {"5e3892ed11cee2374059114dfd5d12cc": ["0", "net.everythingandroid.timer.TimerActivity"]}, {"5e3892ed11cee2374059114dfd5d12cc": ["0", "net.everythingandroid.timer.TimerActivity"]}, {"5e3892ed11cee2374059114dfd5d12cc": ["0", "net.everythingandroid.timer.TimerActivity"]}, {"5e3892ed11cee2374059114dfd5d12cc": ["0", "net.everythingandroid.timer.TimerActivity"]}, {"5e3892ed11cee2374059114dfd5d12cc": ["0", "net.everythingandroid.timer.TimerActivity"]}, {"5e3892ed11cee2374059114dfd5d12cc": ["0", "net.everythingandroid.timer.TimerActivity"]}, {"5e3892ed11cee2374059114dfd5d12cc": ["0", "net.everythingandroid.timer.TimerActivity"]}, {"5e3892ed11cee2374059114dfd5d12cc": ["0", "net.everythingandroid.timer.TimerActivity"]}, {"5e3892ed11cee2374059114dfd5d12cc": ["0", "net.everythingandroid.timer.TimerActivity"]}, {"5e3892ed11cee2374059114dfd5d12cc": ["0", "net.everythingandroid.timer.TimerActivity"]}, {"5e3892ed11cee2374059114dfd5d12cc": ["0", "net.everythingandroid.timer.TimerActivity"]}, {"5e3892ed11cee2374059114dfd5d12cc": ["0", "net.everythingandroid.timer.TimerActivity"]}, {"5e3892ed11cee2374059114dfd5d12cc": ["0", "net.everythingandroid.timer.TimerActivity"]}, {"5e3892ed11cee2374059114dfd5d12cc": ["0", "net.everythingandroid.timer.TimerActivity"]}, {"5e3892ed11cee2374059114dfd5d12cc": ["0", "net.everythingandroid.timer.TimerActivity"]}, {"5e3892ed11cee2374059114dfd5d12cc": ["0", "net.everythingandroid.timer.TimerActivity"]}, {"5e3892ed11cee2374059114dfd5d12cc": ["0", "net.everythingandroid.timer.TimerActivity"]}, {"5e3892ed11cee2374059114dfd5d12cc": ["0", "net.everythingandroid.timer.TimerActivity"]}, {"5e3892ed11cee2374059114dfd5d12cc": ["0", "net.everythingandroid.timer.TimerActivity"]}, {"5e3892ed11cee2374059114dfd5d12cc": ["0", "net.everythingandroid.timer.TimerActivity"]}, {"5e3892ed11cee2374059114dfd5d12cc": ["0", "net.everythingandroid.timer.TimerActivity"]}, {"5e3892ed11cee2374059114dfd5d12cc": ["0", "net.everythingandroid.timer.TimerActivity"]}, {"5e3892ed11cee2374059114dfd5d12cc": ["0", "net.everythingandroid.timer.TimerActivity"]}, {"5e3892ed11cee2374059114dfd5d12cc": ["0", "net.everythingandroid.timer.TimerActivity"]}, {"5e3892ed11cee2374059114dfd5d12cc": ["0", "net.everythingandroid.timer.TimerActivity"]}, {"5e3892ed11cee2374059114dfd5d12cc": ["0", "net.everythingandroid.timer.TimerActivity"]}, {"5e3892ed11cee2374059114dfd5d12cc": ["0", "net.everythingandroid.timer.TimerActivity"]}, {"5e3892ed11cee2374059114dfd5d12cc": ["0", "net.everythingandroid.timer.TimerActivity"]}, {"5e3892ed11cee2374059114dfd5d12cc": ["0", "net.everythingandroid.timer.TimerActivity"]}, {"5e3892ed11cee2374059114dfd5d12cc": ["0", "net.everythingandroid.timer.TimerActivity"]}, {"5e3892ed11cee2374059114dfd5d12cc": ["0", "net.everythingandroid.timer.TimerActivity"]}, {"5e3892ed11cee2374059114dfd5d12cc": ["0", "net.everythingandroid.timer.TimerActivity"]}, {"5e3892ed11cee2374059114dfd5d12cc": ["0", "net.everythingandroid.timer.TimerActivity"]}, {"5e3892ed11cee2374059114dfd5d12cc": ["0", "net.everythingandroid.timer.TimerActivity"]}, {"5e3892ed11cee2374059114dfd5d12cc": ["0", "net.everythingandroid.timer.TimerActivity"]}, {"5e3892ed11cee2374059114dfd5d12cc": ["0", "net.everythingandroid.timer.TimerActivity"]}, {"5e3892ed11cee2374059114dfd5d12cc": ["0", "net.everythingandroid.timer.TimerActivity"]}, {"5e3892ed11cee2374059114dfd5d12cc": ["0", "net.everythingandroid.timer.TimerActivity"]}, {"5e3892ed11cee2374059114dfd5d12cc": ["0", "net.everythingandroid.timer.TimerActivity"]}, {"5e3892ed11cee2374059114dfd5d12cc": ["0", "net.everythingandroid.timer.TimerActivity"]}, {"5e3892ed11cee2374059114dfd5d12cc": ["0", "net.everythingandroid.timer.TimerActivity"]}, {"5e3892ed11cee2374059114dfd5d12cc": ["0", "net.everythingandroid.timer.TimerActivity"]}, {"5e3892ed11cee2374059114dfd5d12cc": ["0", "net.everythingandroid.timer.TimerActivity"]}, {"5e3892ed11cee2374059114dfd5d12cc": ["0", "net.everythingandroid.timer.TimerActivity"]}, {"5e3892ed11cee2374059114dfd5d12cc": ["0", "net.everythingandroid.timer.TimerActivity"]}, {"5e3892ed11cee2374059114dfd5d12cc": ["0", "net.everythingandroid.timer.TimerActivity"]}, {"5e3892ed11cee2374059114dfd5d12cc": ["0", "net.everythingandroid.timer.TimerActivity"]}, {"5e3892ed11cee2374059114dfd5d12cc": ["0", "net.everythingandroid.timer.TimerActivity"]}, {"5e3892ed11cee2374059114dfd5d12cc": ["0", "net.everythingandroid.timer.TimerActivity"]}, {"5e3892ed11cee2374059114dfd5d12cc": ["0", "net.everythingandroid.timer.TimerActivity"]}, {"5e3892ed11cee2374059114dfd5d12cc": ["0", "net.everythingandroid.timer.TimerActivity"]}, {"5e3892ed11cee2374059114dfd5d12cc": ["0", "net.everythingandroid.timer.TimerActivity"]}, {"5e3892ed11cee2374059114dfd5d12cc": ["0", "net.everythingandroid.timer.TimerActivity"]}, {"5e3892ed11cee2374059114dfd5d12cc": ["0", "net.everythingandroid.timer.TimerActivity"]}, {"5e3892ed11cee2374059114dfd5d12cc": ["0", "net.everythingandroid.timer.TimerActivity"]}, {"5e3892ed11cee2374059114dfd5d12cc": ["0", "net.everythingandroid.timer.TimerActivity"]}, {"5e3892ed11cee2374059114dfd5d12cc": ["0", "net.everythingandroid.timer.TimerActivity"]}, {"5e3892ed11cee2374059114dfd5d12cc": ["0", "net.everythingandroid.timer.TimerActivity"]}, {"5e3892ed11cee2374059114dfd5d12cc": ["0", "net.everythingandroid.timer.TimerActivity"]}, {"5e3892ed11cee2374059114dfd5d12cc": ["0", "net.everythingandroid.timer.TimerActivity"]}, {"5e3892ed11cee2374059114dfd5d12cc": ["0", "net.everythingandroid.timer.TimerActivity"]}, {"5e3892ed11cee2374059114dfd5d12cc": ["0", "net.everythingandroid.timer.TimerActivity"]}, {"5e3892ed11cee2374059114dfd5d12cc": ["0", "net.everythingandroid.timer.TimerActivity"]}, {"5e3892ed11cee2374059114dfd5d12cc": ["0", "net.everythingandroid.timer.TimerActivity"]}, {"5e3892ed11cee2374059114dfd5d12cc": ["0", "net.everythingandroid.timer.TimerActivity"]}, {"5e3892ed11cee2374059114dfd5d12cc": ["0", "net.everythingandroid.timer.TimerActivity"]}, {"5e3892ed11cee2374059114dfd5d12cc": ["0", "net.everythingandroid.timer.TimerActivity"]}, {"5e3892ed11cee2374059114dfd5d12cc": ["0", "net.everythingandroid.timer.TimerActivity"]}, {"5e3892ed11cee2374059114dfd5d12cc": ["0", "net.everythingandroid.timer.TimerActivity"]}, {"5e3892ed11cee2374059114dfd5d12cc": ["0", "net.everythingandroid.timer.TimerActivity"]}, {"5e3892ed11cee2374059114dfd5d12cc": ["0", "net.everythingandroid.timer.TimerActivity"]}, {"5e3892ed11cee2374059114dfd5d12cc": ["0", "net.everythingandroid.timer.TimerActivity"]}, {"5e3892ed11cee2374059114dfd5d12cc": ["0", "net.everythingandroid.timer.TimerActivity"]}, {"5e3892ed11cee2374059114dfd5d12cc": ["0", "net.everythingandroid.timer.TimerActivity"]}, {"5e3892ed11cee2374059114dfd5d12cc": ["0", "net.everythingandroid.timer.TimerActivity"]}, {"5e3892ed11cee2374059114dfd5d12cc": ["0", "net.everythingandroid.timer.TimerActivity"]}, {"5e3892ed11cee2374059114dfd5d12cc": ["0", "net.everythingandroid.timer.TimerActivity"]}, {"5e3892ed11cee2374059114dfd5d12cc": ["0", "net.everythingandroid.timer.TimerActivity"]}, {"5e3892ed11cee2374059114dfd5d12cc": ["0", "net.everythingandroid.timer.TimerActivity"]}, {"5e3892ed11cee2374059114dfd5d12cc": ["0", "net.everythingandroid.timer.TimerActivity"]}, {"5e3892ed11cee2374059114dfd5d12cc": ["0", "net.everythingandroid.timer.TimerActivity"]}, {"5e3892ed11cee2374059114dfd5d12cc": ["0", "net.everythingandroid.timer.TimerActivity"]}, {"5e3892ed11cee2374059114dfd5d12cc": ["0", "net.everythingandroid.timer.TimerActivity"]}, {"5e3892ed11cee2374059114dfd5d12cc": ["0", "net.everythingandroid.timer.TimerActivity"]}, {"5e3892ed11cee2374059114dfd5d12cc": ["0", "net.everythingandroid.timer.TimerActivity"]}, {"5e3892ed11cee2374059114dfd5d12cc": ["0", "net.everythingandroid.timer.TimerActivity"]}, {"5e3892ed11cee2374059114dfd5d12cc": ["0", "net.everythingandroid.timer.TimerActivity"]}, {"5e3892ed11cee2374059114dfd5d12cc": ["0", "net.everythingandroid.timer.TimerActivity"]}, {"5e3892ed11cee2374059114dfd5d12cc": ["0", "net.everythingandroid.timer.TimerActivity"]}, {"5e3892ed11cee2374059114dfd5d12cc": ["0", "net.everythingandroid.timer.TimerActivity"]}, {"5e3892ed11cee2374059114dfd5d12cc": ["0", "net.everythingandroid.timer.TimerActivity"]}, {"5e3892ed11cee2374059114dfd5d12cc": ["0", "net.everythingandroid.timer.TimerActivity"]}, {"5e3892ed11cee2374059114dfd5d12cc": ["0", "net.everythingandroid.timer.TimerActivity"]}, {"5e3892ed11cee2374059114dfd5d12cc": ["0", "net.everythingandroid.timer.TimerActivity"]}, {"5e3892ed11cee2374059114dfd5d12cc": ["0", "net.everythingandroid.timer.TimerActivity"]}, {"5e3892ed11cee2374059114dfd5d12cc": ["0", "net.everythingandroid.timer.TimerActivity"]}, {"5e3892ed11cee2374059114dfd5d12cc": ["0", "net.everythingandroid.timer.TimerActivity"]}, {"5e3892ed11cee2374059114dfd5d12cc": ["0", "net.everythingandroid.timer.TimerActivity"]}, {"5e3892ed11cee2374059114dfd5d12cc": ["0", "net.everythingandroid.timer.TimerActivity"]}, {"5e3892ed11cee2374059114dfd5d12cc": ["0", "net.everythingandroid.timer.TimerActivity"]}, {"5e3892ed11cee2374059114dfd5d12cc": ["0", "net.everythingandroid.timer.TimerActivity"]}, {"5e3892ed11cee2374059114dfd5d12cc": ["0", "net.everythingandroid.timer.TimerActivity"]}, {"5e3892ed11cee2374059114dfd5d12cc": ["0", "net.everythingandroid.timer.TimerActivity"]}, {"5e3892ed11cee2374059114dfd5d12cc": ["0", "net.everythingandroid.timer.TimerActivity"]}, {"5e3892ed11cee2374059114dfd5d12cc": ["0", "net.everythingandroid.timer.TimerActivity"]}, {"5e3892ed11cee2374059114dfd5d12cc": ["0", "net.everythingandroid.timer.TimerActivity"]}, {"5e3892ed11cee2374059114dfd5d12cc": ["0", "net.everythingandroid.timer.TimerActivity"]}, {"5e3892ed11cee2374059114dfd5d12cc": ["0", "net.everythingandroid.timer.TimerActivity"]}, {"5e3892ed11cee2374059114dfd5d12cc": ["0", "net.everythingandroid.timer.TimerActivity"]}, {"5e3892ed11cee2374059114dfd5d12cc": ["0", "net.everythingandroid.timer.TimerActivity"]}, {"5e3892ed11cee2374059114dfd5d12cc": ["0", "net.everythingandroid.timer.TimerActivity"]}, {"5e3892ed11cee2374059114dfd5d12cc": ["0", "net.everythingandroid.timer.TimerActivity"]}, {"5e3892ed11cee2374059114dfd5d12cc": ["0", "net.everythingandroid.timer.TimerActivity"]}, {"5e3892ed11cee2374059114dfd5d12cc": ["0", "net.everythingandroid.timer.TimerActivity"]}, {"5e3892ed11cee2374059114dfd5d12cc": ["0", "net.everythingandroid.timer.TimerActivity"]}, {"5e3892ed11cee2374059114dfd5d12cc": ["0", "net.everythingandroid.timer.TimerActivity"]}, {"5e3892ed11cee2374059114dfd5d12cc": ["0", "net.everythingandroid.timer.TimerActivity"]}, {"5e3892ed11cee2374059114dfd5d12cc": ["0", "net.everythingandroid.timer.TimerActivity"]}, {"5e3892ed11cee2374059114dfd5d12cc": ["0", "net.everythingandroid.timer.TimerActivity"]}, {"5e3892ed11cee2374059114dfd5d12cc": ["0", "net.everythingandroid.timer.TimerActivity"]}, {"5e3892ed11cee2374059114dfd5d12cc": ["0", "net.everythingandroid.timer.TimerActivity"]}, {"5e3892ed11cee2374059114dfd5d12cc": ["0", "net.everythingandroid.timer.TimerActivity"]}, {"5e3892ed11cee2374059114dfd5d12cc": ["0", "net.everythingandroid.timer.TimerActivity"]}, {"5e3892ed11cee2374059114dfd5d12cc": ["0", "net.everythingandroid.timer.TimerActivity"]}, {"5e3892ed11cee2374059114dfd5d12cc": ["0", "net.everythingandroid.timer.TimerActivity"]}, {"5e3892ed11cee2374059114dfd5d12cc": ["0", "net.everythingandroid.timer.TimerActivity"]}, {"5e3892ed11cee2374059114dfd5d12cc": ["0", "net.everythingandroid.timer.TimerActivity"]}, {"5e3892ed11cee2374059114dfd5d12cc": ["0", "net.everythingandroid.timer.TimerActivity"]}, {"5e3892ed11cee2374059114dfd5d12cc": ["0", "net.everythingandroid.timer.TimerActivity"]}, {"5e3892ed11cee2374059114dfd5d12cc": ["0", "net.everythingandroid.timer.TimerActivity"]}, {"5e3892ed11cee2374059114dfd5d12cc": ["0", "net.everythingandroid.timer.TimerActivity"]}, {"5e3892ed11cee2374059114dfd5d12cc": ["0", "net.everythingandroid.timer.TimerActivity"]}, {"5e3892ed11cee2374059114dfd5d12cc": ["0", "net.everythingandroid.timer.TimerActivity"]}, {"5e3892ed11cee2374059114dfd5d12cc": ["0", "net.everythingandroid.timer.TimerActivity"]}, {"5e3892ed11cee2374059114dfd5d12cc": ["0", "net.everythingandroid.timer.TimerActivity"]}, {"5e3892ed11cee2374059114dfd5d12cc": ["0", "net.everythingandroid.timer.TimerActivity"]}, {"5e3892ed11cee2374059114dfd5d12cc": ["0", "net.everythingandroid.timer.TimerActivity"]}, {"5e3892ed11cee2374059114dfd5d12cc": ["0", "net.everythingandroid.timer.TimerActivity"]}, {"5e3892ed11cee2374059114dfd5d12cc": ["0", "net.everythingandroid.timer.TimerActivity"]}, {"5e3892ed11cee2374059114dfd5d12cc": ["0", "net.everythingandroid.timer.TimerActivity"]}, {"5e3892ed11cee2374059114dfd5d12cc": ["0", "net.everythingandroid.timer.TimerActivity"]}, {"5e3892ed11cee2374059114dfd5d12cc": ["0", "net.everythingandroid.timer.TimerActivity"]}, {"5e3892ed11cee2374059114dfd5d12cc": ["0", "net.everythingandroid.timer.TimerActivity"]}, {"5e3892ed11cee2374059114dfd5d12cc": ["0", "net.everythingandroid.timer.TimerActivity"]}, {"5e3892ed11cee2374059114dfd5d12cc": ["0", "net.everythingandroid.timer.TimerActivity"]}, {"5e3892ed11cee2374059114dfd5d12cc": ["0", "net.everythingandroid.timer.TimerActivity"]}, {"5e3892ed11cee2374059114dfd5d12cc": ["0", "net.everythingandroid.timer.TimerActivity"]}, {"5e3892ed11cee2374059114dfd5d12cc": ["0", "net.everythingandroid.timer.TimerActivity"]}, {"5e3892ed11cee2374059114dfd5d12cc": ["0", "net.everythingandroid.timer.TimerActivity"]}, {"5e3892ed11cee2374059114dfd5d12cc": ["0", "net.everythingandroid.timer.TimerActivity"]}, {"5e3892ed11cee2374059114dfd5d12cc": ["0", "net.everythingandroid.timer.TimerActivity"]}, {"5e3892ed11cee2374059114dfd5d12cc": ["0", "net.everythingandroid.timer.TimerActivity"]}, {"5e3892ed11cee2374059114dfd5d12cc": ["0", "net.everythingandroid.timer.TimerActivity"]}, {"5e3892ed11cee2374059114dfd5d12cc": ["0", "net.everythingandroid.timer.TimerActivity"]}, {"5e3892ed11cee2374059114dfd5d12cc": ["0", "net.everythingandroid.timer.TimerActivity"]}, {"5e3892ed11cee2374059114dfd5d12cc": ["0", "net.everythingandroid.timer.TimerActivity"]}, {"5e3892ed11cee2374059114dfd5d12cc": ["0", "net.everythingandroid.timer.TimerActivity"]}, {"5e3892ed11cee2374059114dfd5d12cc": ["0", "net.everythingandroid.timer.TimerActivity"]}, {"5e3892ed11cee2374059114dfd5d12cc": ["0", "net.everythingandroid.timer.TimerActivity"]}, {"5e3892ed11cee2374059114dfd5d12cc": ["0", "net.everythingandroid.timer.TimerActivity"]}, {"5e3892ed11cee2374059114dfd5d12cc": ["0", "net.everythingandroid.timer.TimerActivity"]}, {"5e3892ed11cee2374059114dfd5d12cc": ["0", "net.everythingandroid.timer.TimerActivity"]}, {"5e3892ed11cee2374059114dfd5d12cc": ["0", "net.everythingandroid.timer.TimerActivity"]}, {"5e3892ed11cee2374059114dfd5d12cc": ["0", "net.everythingandroid.timer.TimerActivity"]}, {"5e3892ed11cee2374059114dfd5d12cc": ["0", "net.everythingandroid.timer.TimerActivity"]}, {"5e3892ed11cee2374059114dfd5d12cc": ["0", "net.everythingandroid.timer.TimerActivity"]}, {"5e3892ed11cee2374059114dfd5d12cc": ["0", "net.everythingandroid.timer.TimerActivity"]}, {"5e3892ed11cee2374059114dfd5d12cc": ["0", "net.everythingandroid.timer.TimerActivity"]}]