[{"b15b0e2c380341f52f295be7a8cea1cb": ["0", "cri.sanity.MainActivity"]}, {"b15b0e2c380341f52f295be7a8cea1cb": ["0", "cri.sanity.MainActivity"]}, {"9b7703da029ea890b87ea2ad070ff468": ["1", "cri.sanity.MainActivity"]}, {"f3cb0cb5f2d0606bd5b813017567670e": ["14", "cri.sanity.MainActivity"]}, {"9b7703da029ea890b87ea2ad070ff468": ["1", "cri.sanity.MainActivity"]}, {"c29efd22b2f26b7f8d17a1f23972572c": ["95", "cri.sanity.MainActivity"]}, {"1f7d10bf79e2cfdbe5d8868d84c28d21": ["103", "cri.sanity.screen.VolumeActivity"]}, {"6d849de05b617cc06dd136cdeaa0e3dd": ["104", "cri.sanity.screen.VolumeActivity"]}, {"1f7d10bf79e2cfdbe5d8868d84c28d21": ["103", "cri.sanity.screen.VolumeActivity"]}, {"9b7703da029ea890b87ea2ad070ff468": ["1", "cri.sanity.MainActivity"]}, {"9b7703da029ea890b87ea2ad070ff468": ["1", "cri.sanity.MainActivity"]}, {"388efc7d136a6466d5dd8c1fde4765c8": ["24", "cri.sanity.screen.GeneralActivity"]}, {"388efc7d136a6466d5dd8c1fde4765c8": ["24", "cri.sanity.screen.GeneralActivity"]}, {"9b7703da029ea890b87ea2ad070ff468": ["1", "cri.sanity.MainActivity"]}, {"f3cb0cb5f2d0606bd5b813017567670e": ["14", "cri.sanity.MainActivity"]}, {"9b7703da029ea890b87ea2ad070ff468": ["1", "cri.sanity.MainActivity"]}, {"9b7703da029ea890b87ea2ad070ff468": ["1", "cri.sanity.MainActivity"]}, {"a166177da80e963cba1a1b06f060786e": ["8", "cri.sanity.screen.RecordActivity"]}, {"a166177da80e963cba1a1b06f060786e": ["8", "cri.sanity.screen.RecordActivity"]}, {"879462caed9a5fd9dadba9104b49dfb7": ["88", "cri.sanity.screen.RecordActivity"]}, {"4b3a1d7581d5d40783a5482bf8b68517": ["89", "cri.sanity.screen.RecordActivity"]}, {"a166177da80e963cba1a1b06f060786e": ["8", "cri.sanity.screen.RecordActivity"]}, {"9b7703da029ea890b87ea2ad070ff468": ["1", "cri.sanity.MainActivity"]}, {"de913914d83fa530f8a6de9ece1af01c": ["12", "cri.sanity.screen.UrgentActivity"]}, {"eb916eb313d4539adcc9a9e0ae1a345a": ["13", "cri.sanity.screen.UrgentActivity"]}, {"de913914d83fa530f8a6de9ece1af01c": ["12", "cri.sanity.screen.UrgentActivity"]}, {"eb916eb313d4539adcc9a9e0ae1a345a": ["13", "cri.sanity.screen.UrgentActivity"]}, {"de913914d83fa530f8a6de9ece1af01c": ["12", "cri.sanity.screen.UrgentActivity"]}, {"eb916eb313d4539adcc9a9e0ae1a345a": ["13", "cri.sanity.screen.UrgentActivity"]}, {"de913914d83fa530f8a6de9ece1af01c": ["12", "cri.sanity.screen.UrgentActivity"]}, {"eb916eb313d4539adcc9a9e0ae1a345a": ["13", "cri.sanity.screen.UrgentActivity"]}, {"de913914d83fa530f8a6de9ece1af01c": ["12", "cri.sanity.screen.UrgentActivity"]}, {"de913914d83fa530f8a6de9ece1af01c": ["12", "cri.sanity.screen.UrgentActivity"]}, {"eb916eb313d4539adcc9a9e0ae1a345a": ["13", "cri.sanity.screen.UrgentActivity"]}, {"de913914d83fa530f8a6de9ece1af01c": ["12", "cri.sanity.screen.UrgentActivity"]}, {"700a94b4f192b83f3bf43123998d683c": ["3", "cri.sanity.screen.FilterActivity"]}, {"700a94b4f192b83f3bf43123998d683c": ["3", "cri.sanity.screen.FilterActivity"]}, {"700a94b4f192b83f3bf43123998d683c": ["3", "cri.sanity.screen.FilterActivity"]}, {"700a94b4f192b83f3bf43123998d683c": ["3", "cri.sanity.screen.FilterActivity"]}, {"9b7703da029ea890b87ea2ad070ff468": ["1", "cri.sanity.MainActivity"]}, {"06611908e7aa86566bb67014028377bf": ["15", "cri.sanity.screen.TtsActivity"]}, {"06611908e7aa86566bb67014028377bf": ["15", "cri.sanity.screen.TtsActivity"]}, {"5eb3c97427d1c26446c20bd7454fa81c": ["105", "cri.sanity.screen.TtsActivity"]}, {"b9d23cd81fefe535020f62b200ac4adf": ["106", "cri.sanity.screen.TtsActivity"]}, {"3d020bc7abaa3547350c97830874b607": ["16", "cri.sanity.screen.TtsActivity"]}, {"5eb3c97427d1c26446c20bd7454fa81c": ["105", "cri.sanity.screen.TtsActivity"]}, {"2d1c2b58c0ff23187c976df509ab43d3": ["94", "cri.sanity.screen.TtsActivity"]}, {"2d1c2b58c0ff23187c976df509ab43d3": ["94", "cri.sanity.screen.TtsActivity"]}, {"2d1c2b58c0ff23187c976df509ab43d3": ["94", "cri.sanity.screen.TtsActivity"]}, {"2d1c2b58c0ff23187c976df509ab43d3": ["94", "cri.sanity.screen.TtsActivity"]}, {"5eb3c97427d1c26446c20bd7454fa81c": ["105", "cri.sanity.screen.TtsActivity"]}, {"40b55afbd663a2dec00ccf625709a761": ["26", "cri.sanity.screen.TtsActivity"]}, {"5eb3c97427d1c26446c20bd7454fa81c": ["105", "cri.sanity.screen.TtsActivity"]}, {"2d1c2b58c0ff23187c976df509ab43d3": ["94", "cri.sanity.screen.TtsActivity"]}, {"5eb3c97427d1c26446c20bd7454fa81c": ["105", "cri.sanity.screen.TtsActivity"]}, {"40b55afbd663a2dec00ccf625709a761": ["26", "cri.sanity.screen.TtsActivity"]}, {"5eb3c97427d1c26446c20bd7454fa81c": ["105", "cri.sanity.screen.TtsActivity"]}, {"b9d23cd81fefe535020f62b200ac4adf": ["106", "cri.sanity.screen.TtsActivity"]}, {"3d020bc7abaa3547350c97830874b607": ["16", "cri.sanity.screen.TtsActivity"]}, {"5eb3c97427d1c26446c20bd7454fa81c": ["105", "cri.sanity.screen.TtsActivity"]}, {"b9d23cd81fefe535020f62b200ac4adf": ["106", "cri.sanity.screen.TtsActivity"]}, {"3d020bc7abaa3547350c97830874b607": ["16", "cri.sanity.screen.TtsActivity"]}, {"5eb3c97427d1c26446c20bd7454fa81c": ["105", "cri.sanity.screen.TtsActivity"]}, {"2ce7df3870216dd86b5db520aae72e7e": ["93", "cri.sanity.screen.TtsActivity"]}, {"2ce7df3870216dd86b5db520aae72e7e": ["93", "cri.sanity.screen.TtsActivity"]}, {"06611908e7aa86566bb67014028377bf": ["15", "cri.sanity.screen.TtsActivity"]}, {"3d020bc7abaa3547350c97830874b607": ["16", "cri.sanity.screen.TtsActivity"]}, {"06611908e7aa86566bb67014028377bf": ["15", "cri.sanity.screen.TtsActivity"]}, {"40b55afbd663a2dec00ccf625709a761": ["26", "cri.sanity.screen.TtsActivity"]}, {"3d020bc7abaa3547350c97830874b607": ["16", "cri.sanity.screen.TtsActivity"]}, {"06611908e7aa86566bb67014028377bf": ["15", "cri.sanity.screen.TtsActivity"]}, {"2ce7df3870216dd86b5db520aae72e7e": ["93", "cri.sanity.screen.TtsActivity"]}, {"06611908e7aa86566bb67014028377bf": ["15", "cri.sanity.screen.TtsActivity"]}, {"2ce7df3870216dd86b5db520aae72e7e": ["93", "cri.sanity.screen.TtsActivity"]}, {"2ce7df3870216dd86b5db520aae72e7e": ["93", "cri.sanity.screen.TtsActivity"]}, {"2ce7df3870216dd86b5db520aae72e7e": ["93", "cri.sanity.screen.TtsActivity"]}, {"06611908e7aa86566bb67014028377bf": ["15", "cri.sanity.screen.TtsActivity"]}, {"2ce7df3870216dd86b5db520aae72e7e": ["93", "cri.sanity.screen.TtsActivity"]}, {"3d020bc7abaa3547350c97830874b607": ["16", "cri.sanity.screen.TtsActivity"]}, {"2ce7df3870216dd86b5db520aae72e7e": ["93", "cri.sanity.screen.TtsActivity"]}, {"2d1c2b58c0ff23187c976df509ab43d3": ["94", "cri.sanity.screen.TtsActivity"]}, {"78b2a7df43609472c31980d72af814dd": ["107", "cri.sanity.screen.TtsActivity"]}, {"06611908e7aa86566bb67014028377bf": ["15", "cri.sanity.screen.TtsActivity"]}, {"06611908e7aa86566bb67014028377bf": ["15", "cri.sanity.screen.TtsActivity"]}, {"06611908e7aa86566bb67014028377bf": ["15", "cri.sanity.screen.TtsActivity"]}, {"2ce7df3870216dd86b5db520aae72e7e": ["93", "cri.sanity.screen.TtsActivity"]}, {"06611908e7aa86566bb67014028377bf": ["15", "cri.sanity.screen.TtsActivity"]}, {"3d020bc7abaa3547350c97830874b607": ["16", "cri.sanity.screen.TtsActivity"]}, {"06611908e7aa86566bb67014028377bf": ["15", "cri.sanity.screen.TtsActivity"]}, {"06611908e7aa86566bb67014028377bf": ["15", "cri.sanity.screen.TtsActivity"]}, {"06611908e7aa86566bb67014028377bf": ["15", "cri.sanity.screen.TtsActivity"]}, {"3d020bc7abaa3547350c97830874b607": ["16", "cri.sanity.screen.TtsActivity"]}, {"06611908e7aa86566bb67014028377bf": ["15", "cri.sanity.screen.TtsActivity"]}, {"3d020bc7abaa3547350c97830874b607": ["16", "cri.sanity.screen.TtsActivity"]}, {"2ce7df3870216dd86b5db520aae72e7e": ["93", "cri.sanity.screen.TtsActivity"]}, {"3d020bc7abaa3547350c97830874b607": ["16", "cri.sanity.screen.TtsActivity"]}, {"2ce7df3870216dd86b5db520aae72e7e": ["93", "cri.sanity.screen.TtsActivity"]}, {"3d020bc7abaa3547350c97830874b607": ["16", "cri.sanity.screen.TtsActivity"]}, {"06611908e7aa86566bb67014028377bf": ["15", "cri.sanity.screen.TtsActivity"]}, {"06611908e7aa86566bb67014028377bf": ["15", "cri.sanity.screen.TtsActivity"]}, {"06611908e7aa86566bb67014028377bf": ["15", "cri.sanity.screen.TtsActivity"]}, {"3d020bc7abaa3547350c97830874b607": ["16", "cri.sanity.screen.TtsActivity"]}, {"06611908e7aa86566bb67014028377bf": ["15", "cri.sanity.screen.TtsActivity"]}, {"2ce7df3870216dd86b5db520aae72e7e": ["93", "cri.sanity.screen.TtsActivity"]}, {"2ce7df3870216dd86b5db520aae72e7e": ["93", "cri.sanity.screen.TtsActivity"]}, {"40b55afbd663a2dec00ccf625709a761": ["26", "cri.sanity.screen.TtsActivity"]}, {"3d020bc7abaa3547350c97830874b607": ["16", "cri.sanity.screen.TtsActivity"]}, {"2ce7df3870216dd86b5db520aae72e7e": ["93", "cri.sanity.screen.TtsActivity"]}, {"3d020bc7abaa3547350c97830874b607": ["16", "cri.sanity.screen.TtsActivity"]}, {"2ce7df3870216dd86b5db520aae72e7e": ["93", "cri.sanity.screen.TtsActivity"]}, {"2ce7df3870216dd86b5db520aae72e7e": ["93", "cri.sanity.screen.TtsActivity"]}, {"2ce7df3870216dd86b5db520aae72e7e": ["93", "cri.sanity.screen.TtsActivity"]}, {"2ce7df3870216dd86b5db520aae72e7e": ["93", "cri.sanity.screen.TtsActivity"]}, {"2ce7df3870216dd86b5db520aae72e7e": ["93", "cri.sanity.screen.TtsActivity"]}, {"2d1c2b58c0ff23187c976df509ab43d3": ["94", "cri.sanity.screen.TtsActivity"]}, {"2ce7df3870216dd86b5db520aae72e7e": ["93", "cri.sanity.screen.TtsActivity"]}, {"06611908e7aa86566bb67014028377bf": ["15", "cri.sanity.screen.TtsActivity"]}, {"06611908e7aa86566bb67014028377bf": ["15", "cri.sanity.screen.TtsActivity"]}, {"3d020bc7abaa3547350c97830874b607": ["16", "cri.sanity.screen.TtsActivity"]}, {"9b7703da029ea890b87ea2ad070ff468": ["1", "cri.sanity.MainActivity"]}, {"b1ae33f00b97c1766467ae037061b2dd": ["42", "cri.sanity.screen.BlockerActivity"]}, {"67f8dc5d9dabda29da039779270f9fbc": ["108", "cri.sanity.screen.CallHistoryActivity"]}, {"67f8dc5d9dabda29da039779270f9fbc": ["108", "cri.sanity.screen.CallHistoryActivity"]}, {"67f8dc5d9dabda29da039779270f9fbc": ["108", "cri.sanity.screen.CallHistoryActivity"]}, {"67f8dc5d9dabda29da039779270f9fbc": ["108", "cri.sanity.screen.CallHistoryActivity"]}, {"9b7703da029ea890b87ea2ad070ff468": ["1", "cri.sanity.MainActivity"]}, {"de913914d83fa530f8a6de9ece1af01c": ["12", "cri.sanity.screen.UrgentActivity"]}, {"eb916eb313d4539adcc9a9e0ae1a345a": ["13", "cri.sanity.screen.UrgentActivity"]}, {"de913914d83fa530f8a6de9ece1af01c": ["12", "cri.sanity.screen.UrgentActivity"]}, {"eb916eb313d4539adcc9a9e0ae1a345a": ["13", "cri.sanity.screen.UrgentActivity"]}, {"de913914d83fa530f8a6de9ece1af01c": ["12", "cri.sanity.screen.UrgentActivity"]}, {"700a94b4f192b83f3bf43123998d683c": ["3", "cri.sanity.screen.FilterActivity"]}, {"a1fe68a29155e614a044e6bfefc7b189": ["4", "cri.sanity.screen.FilterActivity"]}, {"7c861241110adf236da1abeaecc0afa6": ["55", "cri.sanity.screen.FilterActivity"]}, {"7c861241110adf236da1abeaecc0afa6": ["55", "cri.sanity.screen.FilterActivity"]}, {"484e1ac61df4292745c5c4641f66f86c": ["109", "cri.sanity.screen.PrefixActivity"]}, {"9f7d08b36df46749e67a91602f0a80e5": ["110", "cri.sanity.screen.PrefixActivity"]}, {"484e1ac61df4292745c5c4641f66f86c": ["109", "cri.sanity.screen.PrefixActivity"]}, {"9f7d08b36df46749e67a91602f0a80e5": ["110", "cri.sanity.screen.PrefixActivity"]}, {"484e1ac61df4292745c5c4641f66f86c": ["109", "cri.sanity.screen.PrefixActivity"]}, {"9f7d08b36df46749e67a91602f0a80e5": ["110", "cri.sanity.screen.PrefixActivity"]}, {"484e1ac61df4292745c5c4641f66f86c": ["109", "cri.sanity.screen.PrefixActivity"]}, {"9f7d08b36df46749e67a91602f0a80e5": ["110", "cri.sanity.screen.PrefixActivity"]}, {"484e1ac61df4292745c5c4641f66f86c": ["109", "cri.sanity.screen.PrefixActivity"]}, {"9f7d08b36df46749e67a91602f0a80e5": ["110", "cri.sanity.screen.PrefixActivity"]}, {"484e1ac61df4292745c5c4641f66f86c": ["109", "cri.sanity.screen.PrefixActivity"]}, {"9f7d08b36df46749e67a91602f0a80e5": ["110", "cri.sanity.screen.PrefixActivity"]}, {"9b7703da029ea890b87ea2ad070ff468": ["1", "cri.sanity.MainActivity"]}, {"2ce7df3870216dd86b5db520aae72e7e": ["93", "cri.sanity.screen.TtsActivity"]}, {"40b55afbd663a2dec00ccf625709a761": ["26", "cri.sanity.screen.TtsActivity"]}, {"2ce7df3870216dd86b5db520aae72e7e": ["93", "cri.sanity.screen.TtsActivity"]}, {"3d020bc7abaa3547350c97830874b607": ["16", "cri.sanity.screen.TtsActivity"]}, {"06611908e7aa86566bb67014028377bf": ["15", "cri.sanity.screen.TtsActivity"]}, {"40b55afbd663a2dec00ccf625709a761": ["26", "cri.sanity.screen.TtsActivity"]}, {"06611908e7aa86566bb67014028377bf": ["15", "cri.sanity.screen.TtsActivity"]}, {"06611908e7aa86566bb67014028377bf": ["15", "cri.sanity.screen.TtsActivity"]}, {"06611908e7aa86566bb67014028377bf": ["15", "cri.sanity.screen.TtsActivity"]}, {"06611908e7aa86566bb67014028377bf": ["15", "cri.sanity.screen.TtsActivity"]}, {"06611908e7aa86566bb67014028377bf": ["15", "cri.sanity.screen.TtsActivity"]}, {"06611908e7aa86566bb67014028377bf": ["15", "cri.sanity.screen.TtsActivity"]}, {"3d020bc7abaa3547350c97830874b607": ["16", "cri.sanity.screen.TtsActivity"]}, {"06611908e7aa86566bb67014028377bf": ["15", "cri.sanity.screen.TtsActivity"]}, {"06611908e7aa86566bb67014028377bf": ["15", "cri.sanity.screen.TtsActivity"]}, {"06611908e7aa86566bb67014028377bf": ["15", "cri.sanity.screen.TtsActivity"]}, {"06611908e7aa86566bb67014028377bf": ["15", "cri.sanity.screen.TtsActivity"]}, {"06611908e7aa86566bb67014028377bf": ["15", "cri.sanity.screen.TtsActivity"]}, {"06611908e7aa86566bb67014028377bf": ["15", "cri.sanity.screen.TtsActivity"]}, {"2ce7df3870216dd86b5db520aae72e7e": ["93", "cri.sanity.screen.TtsActivity"]}, {"2ce7df3870216dd86b5db520aae72e7e": ["93", "cri.sanity.screen.TtsActivity"]}, {"2d1c2b58c0ff23187c976df509ab43d3": ["94", "cri.sanity.screen.TtsActivity"]}, {"2d1c2b58c0ff23187c976df509ab43d3": ["94", "cri.sanity.screen.TtsActivity"]}, {"3d020bc7abaa3547350c97830874b607": ["16", "cri.sanity.screen.TtsActivity"]}, {"06611908e7aa86566bb67014028377bf": ["15", "cri.sanity.screen.TtsActivity"]}, {"06611908e7aa86566bb67014028377bf": ["15", "cri.sanity.screen.TtsActivity"]}, {"06611908e7aa86566bb67014028377bf": ["15", "cri.sanity.screen.TtsActivity"]}, {"06611908e7aa86566bb67014028377bf": ["15", "cri.sanity.screen.TtsActivity"]}, {"06611908e7aa86566bb67014028377bf": ["15", "cri.sanity.screen.TtsActivity"]}, {"3d020bc7abaa3547350c97830874b607": ["16", "cri.sanity.screen.TtsActivity"]}, {"06611908e7aa86566bb67014028377bf": ["15", "cri.sanity.screen.TtsActivity"]}, {"3d020bc7abaa3547350c97830874b607": ["16", "cri.sanity.screen.TtsActivity"]}, {"06611908e7aa86566bb67014028377bf": ["15", "cri.sanity.screen.TtsActivity"]}, {"3d020bc7abaa3547350c97830874b607": ["16", "cri.sanity.screen.TtsActivity"]}, {"06611908e7aa86566bb67014028377bf": ["15", "cri.sanity.screen.TtsActivity"]}, {"06611908e7aa86566bb67014028377bf": ["15", "cri.sanity.screen.TtsActivity"]}, {"3d020bc7abaa3547350c97830874b607": ["16", "cri.sanity.screen.TtsActivity"]}, {"06611908e7aa86566bb67014028377bf": ["15", "cri.sanity.screen.TtsActivity"]}, {"06611908e7aa86566bb67014028377bf": ["15", "cri.sanity.screen.TtsActivity"]}, {"06611908e7aa86566bb67014028377bf": ["15", "cri.sanity.screen.TtsActivity"]}, {"06611908e7aa86566bb67014028377bf": ["15", "cri.sanity.screen.TtsActivity"]}, {"06611908e7aa86566bb67014028377bf": ["15", "cri.sanity.screen.TtsActivity"]}, {"2ce7df3870216dd86b5db520aae72e7e": ["93", "cri.sanity.screen.TtsActivity"]}, {"40b55afbd663a2dec00ccf625709a761": ["26", "cri.sanity.screen.TtsActivity"]}, {"2ce7df3870216dd86b5db520aae72e7e": ["93", "cri.sanity.screen.TtsActivity"]}, {"06611908e7aa86566bb67014028377bf": ["15", "cri.sanity.screen.TtsActivity"]}, {"3d020bc7abaa3547350c97830874b607": ["16", "cri.sanity.screen.TtsActivity"]}, {"06611908e7aa86566bb67014028377bf": ["15", "cri.sanity.screen.TtsActivity"]}, {"3d020bc7abaa3547350c97830874b607": ["16", "cri.sanity.screen.TtsActivity"]}, {"06611908e7aa86566bb67014028377bf": ["15", "cri.sanity.screen.TtsActivity"]}, {"06611908e7aa86566bb67014028377bf": ["15", "cri.sanity.screen.TtsActivity"]}, {"3d020bc7abaa3547350c97830874b607": ["16", "cri.sanity.screen.TtsActivity"]}, {"06611908e7aa86566bb67014028377bf": ["15", "cri.sanity.screen.TtsActivity"]}, {"9b7703da029ea890b87ea2ad070ff468": ["1", "cri.sanity.MainActivity"]}, {"9b7703da029ea890b87ea2ad070ff468": ["1", "cri.sanity.MainActivity"]}, {"da0aa84dcba6ccd4f1553638ef4b7a72": ["17", "cri.sanity.screen.BlockerActivity"]}, {"b1ae33f00b97c1766467ae037061b2dd": ["42", "cri.sanity.screen.BlockerActivity"]}, {"d20c005a1da1ce6c3da3b65f6b0539bf": ["19", "cri.sanity.screen.BlockerActivity"]}, {"b1ae33f00b97c1766467ae037061b2dd": ["42", "cri.sanity.screen.BlockerActivity"]}, {"b1ae33f00b97c1766467ae037061b2dd": ["42", "cri.sanity.screen.BlockerActivity"]}, {"da0aa84dcba6ccd4f1553638ef4b7a72": ["17", "cri.sanity.screen.BlockerActivity"]}, {"da0aa84dcba6ccd4f1553638ef4b7a72": ["17", "cri.sanity.screen.BlockerActivity"]}, {"b1ae33f00b97c1766467ae037061b2dd": ["42", "cri.sanity.screen.BlockerActivity"]}, {"67f8dc5d9dabda29da039779270f9fbc": ["108", "cri.sanity.screen.CallHistoryActivity"]}, {"67f8dc5d9dabda29da039779270f9fbc": ["108", "cri.sanity.screen.CallHistoryActivity"]}, {"971621256e1f788282e4dfb20dd65bd6": ["111", "cri.sanity.screen.CallHistoryActivity"]}, {"67f8dc5d9dabda29da039779270f9fbc": ["108", "cri.sanity.screen.CallHistoryActivity"]}, {"67f8dc5d9dabda29da039779270f9fbc": ["108", "cri.sanity.screen.CallHistoryActivity"]}, {"67f8dc5d9dabda29da039779270f9fbc": ["108", "cri.sanity.screen.CallHistoryActivity"]}, {"67f8dc5d9dabda29da039779270f9fbc": ["108", "cri.sanity.screen.CallHistoryActivity"]}, {"67f8dc5d9dabda29da039779270f9fbc": ["108", "cri.sanity.screen.CallHistoryActivity"]}, {"971621256e1f788282e4dfb20dd65bd6": ["111", "cri.sanity.screen.CallHistoryActivity"]}, {"9b7703da029ea890b87ea2ad070ff468": ["1", "cri.sanity.MainActivity"]}, {"de913914d83fa530f8a6de9ece1af01c": ["12", "cri.sanity.screen.UrgentActivity"]}, {"de913914d83fa530f8a6de9ece1af01c": ["12", "cri.sanity.screen.UrgentActivity"]}, {"de913914d83fa530f8a6de9ece1af01c": ["12", "cri.sanity.screen.UrgentActivity"]}, {"de913914d83fa530f8a6de9ece1af01c": ["12", "cri.sanity.screen.UrgentActivity"]}, {"de913914d83fa530f8a6de9ece1af01c": ["12", "cri.sanity.screen.UrgentActivity"]}, {"eb916eb313d4539adcc9a9e0ae1a345a": ["13", "cri.sanity.screen.UrgentActivity"]}, {"de913914d83fa530f8a6de9ece1af01c": ["12", "cri.sanity.screen.UrgentActivity"]}, {"eb916eb313d4539adcc9a9e0ae1a345a": ["13", "cri.sanity.screen.UrgentActivity"]}, {"de913914d83fa530f8a6de9ece1af01c": ["12", "cri.sanity.screen.UrgentActivity"]}, {"700a94b4f192b83f3bf43123998d683c": ["3", "cri.sanity.screen.FilterActivity"]}, {"700a94b4f192b83f3bf43123998d683c": ["3", "cri.sanity.screen.FilterActivity"]}, {"7c861241110adf236da1abeaecc0afa6": ["55", "cri.sanity.screen.FilterActivity"]}, {"f57571f5a5ae0426cf770c72922323fb": ["99", "cri.sanity.screen.ContactsActivity"]}, {"f57571f5a5ae0426cf770c72922323fb": ["99", "cri.sanity.screen.ContactsActivity"]}, {"4c3f586da254ef18e3f05635a7dab596": ["100", "cri.sanity.screen.ContactsActivity"]}, {"9b7703da029ea890b87ea2ad070ff468": ["1", "cri.sanity.MainActivity"]}, {"9b7703da029ea890b87ea2ad070ff468": ["1", "cri.sanity.MainActivity"]}, {"da0aa84dcba6ccd4f1553638ef4b7a72": ["17", "cri.sanity.screen.BlockerActivity"]}, {"d20c005a1da1ce6c3da3b65f6b0539bf": ["19", "cri.sanity.screen.BlockerActivity"]}, {"da0aa84dcba6ccd4f1553638ef4b7a72": ["17", "cri.sanity.screen.BlockerActivity"]}, {"b1ae33f00b97c1766467ae037061b2dd": ["42", "cri.sanity.screen.BlockerActivity"]}, {"d20c005a1da1ce6c3da3b65f6b0539bf": ["19", "cri.sanity.screen.BlockerActivity"]}, {"da0aa84dcba6ccd4f1553638ef4b7a72": ["17", "cri.sanity.screen.BlockerActivity"]}, {"da0aa84dcba6ccd4f1553638ef4b7a72": ["17", "cri.sanity.screen.BlockerActivity"]}, {"d20c005a1da1ce6c3da3b65f6b0539bf": ["19", "cri.sanity.screen.BlockerActivity"]}, {"9b7703da029ea890b87ea2ad070ff468": ["1", "cri.sanity.MainActivity"]}, {"da0aa84dcba6ccd4f1553638ef4b7a72": ["17", "cri.sanity.screen.BlockerActivity"]}, {"5950c7be41f17c70b4fc043aa12a37f6": ["20", "cri.sanity.screen.BlockerActivity"]}, {"9b7703da029ea890b87ea2ad070ff468": ["1", "cri.sanity.MainActivity"]}, {"06611908e7aa86566bb67014028377bf": ["15", "cri.sanity.screen.TtsActivity"]}, {"3d020bc7abaa3547350c97830874b607": ["16", "cri.sanity.screen.TtsActivity"]}, {"06611908e7aa86566bb67014028377bf": ["15", "cri.sanity.screen.TtsActivity"]}, {"3d020bc7abaa3547350c97830874b607": ["16", "cri.sanity.screen.TtsActivity"]}, {"06611908e7aa86566bb67014028377bf": ["15", "cri.sanity.screen.TtsActivity"]}, {"06611908e7aa86566bb67014028377bf": ["15", "cri.sanity.screen.TtsActivity"]}, {"06611908e7aa86566bb67014028377bf": ["15", "cri.sanity.screen.TtsActivity"]}, {"06611908e7aa86566bb67014028377bf": ["15", "cri.sanity.screen.TtsActivity"]}, {"3d020bc7abaa3547350c97830874b607": ["16", "cri.sanity.screen.TtsActivity"]}, {"2ce7df3870216dd86b5db520aae72e7e": ["93", "cri.sanity.screen.TtsActivity"]}, {"2ce7df3870216dd86b5db520aae72e7e": ["93", "cri.sanity.screen.TtsActivity"]}, {"2d1c2b58c0ff23187c976df509ab43d3": ["94", "cri.sanity.screen.TtsActivity"]}, {"2ce7df3870216dd86b5db520aae72e7e": ["93", "cri.sanity.screen.TtsActivity"]}, {"3d020bc7abaa3547350c97830874b607": ["16", "cri.sanity.screen.TtsActivity"]}, {"2ce7df3870216dd86b5db520aae72e7e": ["93", "cri.sanity.screen.TtsActivity"]}, {"2ce7df3870216dd86b5db520aae72e7e": ["93", "cri.sanity.screen.TtsActivity"]}, {"3d020bc7abaa3547350c97830874b607": ["16", "cri.sanity.screen.TtsActivity"]}, {"2ce7df3870216dd86b5db520aae72e7e": ["93", "cri.sanity.screen.TtsActivity"]}, {"3d020bc7abaa3547350c97830874b607": ["16", "cri.sanity.screen.TtsActivity"]}, {"2ce7df3870216dd86b5db520aae72e7e": ["93", "cri.sanity.screen.TtsActivity"]}, {"2ce7df3870216dd86b5db520aae72e7e": ["93", "cri.sanity.screen.TtsActivity"]}, {"40b55afbd663a2dec00ccf625709a761": ["26", "cri.sanity.screen.TtsActivity"]}, {"2ce7df3870216dd86b5db520aae72e7e": ["93", "cri.sanity.screen.TtsActivity"]}, {"2ce7df3870216dd86b5db520aae72e7e": ["93", "cri.sanity.screen.TtsActivity"]}, {"9b7703da029ea890b87ea2ad070ff468": ["1", "cri.sanity.MainActivity"]}, {"de913914d83fa530f8a6de9ece1af01c": ["12", "cri.sanity.screen.UrgentActivity"]}, {"fdbded06ded2995b238e5c80b6013b06": ["23", "cri.sanity.screen.UrgentActivity"]}, {"eb916eb313d4539adcc9a9e0ae1a345a": ["13", "cri.sanity.screen.UrgentActivity"]}, {"de913914d83fa530f8a6de9ece1af01c": ["12", "cri.sanity.screen.UrgentActivity"]}, {"eb916eb313d4539adcc9a9e0ae1a345a": ["13", "cri.sanity.screen.UrgentActivity"]}, {"de913914d83fa530f8a6de9ece1af01c": ["12", "cri.sanity.screen.UrgentActivity"]}, {"eb916eb313d4539adcc9a9e0ae1a345a": ["13", "cri.sanity.screen.UrgentActivity"]}, {"9b7703da029ea890b87ea2ad070ff468": ["1", "cri.sanity.MainActivity"]}, {"388efc7d136a6466d5dd8c1fde4765c8": ["24", "cri.sanity.screen.GeneralActivity"]}, {"388efc7d136a6466d5dd8c1fde4765c8": ["24", "cri.sanity.screen.GeneralActivity"]}, {"388efc7d136a6466d5dd8c1fde4765c8": ["24", "cri.sanity.screen.GeneralActivity"]}, {"388efc7d136a6466d5dd8c1fde4765c8": ["24", "cri.sanity.screen.GeneralActivity"]}, {"388efc7d136a6466d5dd8c1fde4765c8": ["24", "cri.sanity.screen.GeneralActivity"]}, {"928cb30c52ed67a3c8dec6e3a5c54f3e": ["35", "cri.sanity.screen.GeneralActivity"]}, {"928cb30c52ed67a3c8dec6e3a5c54f3e": ["35", "cri.sanity.screen.GeneralActivity"]}, {"68ab6fe678ccdc4821da6d080ac24a17": ["38", "cri.sanity.screen.GeneralActivity"]}, {"928cb30c52ed67a3c8dec6e3a5c54f3e": ["35", "cri.sanity.screen.GeneralActivity"]}, {"aecc991487da30026e0dac7a9a1aac55": ["77", "cri.sanity.screen.GeneralActivity"]}, {"aecc991487da30026e0dac7a9a1aac55": ["77", "cri.sanity.screen.GeneralActivity"]}, {"928cb30c52ed67a3c8dec6e3a5c54f3e": ["35", "cri.sanity.screen.GeneralActivity"]}, {"68ab6fe678ccdc4821da6d080ac24a17": ["38", "cri.sanity.screen.GeneralActivity"]}, {"928cb30c52ed67a3c8dec6e3a5c54f3e": ["35", "cri.sanity.screen.GeneralActivity"]}, {"3b239ebcf3ba6caec9189081f15614b2": ["81", "cri.sanity.screen.ProfileActivity"]}, {"aff64c675b9441a1620bb13218b2cfaa": ["82", "cri.sanity.screen.ProfileActivity"]}, {"3b239ebcf3ba6caec9189081f15614b2": ["81", "cri.sanity.screen.ProfileActivity"]}, {"aff64c675b9441a1620bb13218b2cfaa": ["82", "cri.sanity.screen.ProfileActivity"]}, {"9b7703da029ea890b87ea2ad070ff468": ["1", "cri.sanity.MainActivity"]}, {"de913914d83fa530f8a6de9ece1af01c": ["12", "cri.sanity.screen.UrgentActivity"]}, {"700a94b4f192b83f3bf43123998d683c": ["3", "cri.sanity.screen.FilterActivity"]}, {"700a94b4f192b83f3bf43123998d683c": ["3", "cri.sanity.screen.FilterActivity"]}, {"a1fe68a29155e614a044e6bfefc7b189": ["4", "cri.sanity.screen.FilterActivity"]}, {"700a94b4f192b83f3bf43123998d683c": ["3", "cri.sanity.screen.FilterActivity"]}, {"a1fe68a29155e614a044e6bfefc7b189": ["4", "cri.sanity.screen.FilterActivity"]}, {"700a94b4f192b83f3bf43123998d683c": ["3", "cri.sanity.screen.FilterActivity"]}, {"a1fe68a29155e614a044e6bfefc7b189": ["4", "cri.sanity.screen.FilterActivity"]}, {"700a94b4f192b83f3bf43123998d683c": ["3", "cri.sanity.screen.FilterActivity"]}, {"de913914d83fa530f8a6de9ece1af01c": ["12", "cri.sanity.screen.UrgentActivity"]}, {"9b7703da029ea890b87ea2ad070ff468": ["1", "cri.sanity.MainActivity"]}, {"da0aa84dcba6ccd4f1553638ef4b7a72": ["17", "cri.sanity.screen.BlockerActivity"]}, {"da0aa84dcba6ccd4f1553638ef4b7a72": ["17", "cri.sanity.screen.BlockerActivity"]}, {"da0aa84dcba6ccd4f1553638ef4b7a72": ["17", "cri.sanity.screen.BlockerActivity"]}, {"da0aa84dcba6ccd4f1553638ef4b7a72": ["17", "cri.sanity.screen.BlockerActivity"]}, {"5950c7be41f17c70b4fc043aa12a37f6": ["20", "cri.sanity.screen.BlockerActivity"]}, {"d20c005a1da1ce6c3da3b65f6b0539bf": ["19", "cri.sanity.screen.BlockerActivity"]}, {"da0aa84dcba6ccd4f1553638ef4b7a72": ["17", "cri.sanity.screen.BlockerActivity"]}, {"da0aa84dcba6ccd4f1553638ef4b7a72": ["17", "cri.sanity.screen.BlockerActivity"]}, {"5950c7be41f17c70b4fc043aa12a37f6": ["20", "cri.sanity.screen.BlockerActivity"]}, {"9b7703da029ea890b87ea2ad070ff468": ["1", "cri.sanity.MainActivity"]}, {"06611908e7aa86566bb67014028377bf": ["15", "cri.sanity.screen.TtsActivity"]}, {"40b55afbd663a2dec00ccf625709a761": ["26", "cri.sanity.screen.TtsActivity"]}, {"3d020bc7abaa3547350c97830874b607": ["16", "cri.sanity.screen.TtsActivity"]}, {"06611908e7aa86566bb67014028377bf": ["15", "cri.sanity.screen.TtsActivity"]}, {"40b55afbd663a2dec00ccf625709a761": ["26", "cri.sanity.screen.TtsActivity"]}, {"06611908e7aa86566bb67014028377bf": ["15", "cri.sanity.screen.TtsActivity"]}, {"40b55afbd663a2dec00ccf625709a761": ["26", "cri.sanity.screen.TtsActivity"]}, {"2ce7df3870216dd86b5db520aae72e7e": ["93", "cri.sanity.screen.TtsActivity"]}, {"06611908e7aa86566bb67014028377bf": ["15", "cri.sanity.screen.TtsActivity"]}, {"06611908e7aa86566bb67014028377bf": ["15", "cri.sanity.screen.TtsActivity"]}, {"06611908e7aa86566bb67014028377bf": ["15", "cri.sanity.screen.TtsActivity"]}, {"06611908e7aa86566bb67014028377bf": ["15", "cri.sanity.screen.TtsActivity"]}, {"06611908e7aa86566bb67014028377bf": ["15", "cri.sanity.screen.TtsActivity"]}, {"06611908e7aa86566bb67014028377bf": ["15", "cri.sanity.screen.TtsActivity"]}, {"06611908e7aa86566bb67014028377bf": ["15", "cri.sanity.screen.TtsActivity"]}, {"40b55afbd663a2dec00ccf625709a761": ["26", "cri.sanity.screen.TtsActivity"]}, {"3d020bc7abaa3547350c97830874b607": ["16", "cri.sanity.screen.TtsActivity"]}, {"06611908e7aa86566bb67014028377bf": ["15", "cri.sanity.screen.TtsActivity"]}, {"2ce7df3870216dd86b5db520aae72e7e": ["93", "cri.sanity.screen.TtsActivity"]}, {"06611908e7aa86566bb67014028377bf": ["15", "cri.sanity.screen.TtsActivity"]}, {"06611908e7aa86566bb67014028377bf": ["15", "cri.sanity.screen.TtsActivity"]}, {"06611908e7aa86566bb67014028377bf": ["15", "cri.sanity.screen.TtsActivity"]}, {"06611908e7aa86566bb67014028377bf": ["15", "cri.sanity.screen.TtsActivity"]}, {"2ce7df3870216dd86b5db520aae72e7e": ["93", "cri.sanity.screen.TtsActivity"]}, {"2ce7df3870216dd86b5db520aae72e7e": ["93", "cri.sanity.screen.TtsActivity"]}, {"2ce7df3870216dd86b5db520aae72e7e": ["93", "cri.sanity.screen.TtsActivity"]}, {"2ce7df3870216dd86b5db520aae72e7e": ["93", "cri.sanity.screen.TtsActivity"]}, {"40b55afbd663a2dec00ccf625709a761": ["26", "cri.sanity.screen.TtsActivity"]}, {"3d020bc7abaa3547350c97830874b607": ["16", "cri.sanity.screen.TtsActivity"]}, {"2ce7df3870216dd86b5db520aae72e7e": ["93", "cri.sanity.screen.TtsActivity"]}, {"2ce7df3870216dd86b5db520aae72e7e": ["93", "cri.sanity.screen.TtsActivity"]}, {"2ce7df3870216dd86b5db520aae72e7e": ["93", "cri.sanity.screen.TtsActivity"]}, {"06611908e7aa86566bb67014028377bf": ["15", "cri.sanity.screen.TtsActivity"]}, {"06611908e7aa86566bb67014028377bf": ["15", "cri.sanity.screen.TtsActivity"]}, {"06611908e7aa86566bb67014028377bf": ["15", "cri.sanity.screen.TtsActivity"]}, {"06611908e7aa86566bb67014028377bf": ["15", "cri.sanity.screen.TtsActivity"]}, {"3d020bc7abaa3547350c97830874b607": ["16", "cri.sanity.screen.TtsActivity"]}, {"06611908e7aa86566bb67014028377bf": ["15", "cri.sanity.screen.TtsActivity"]}, {"06611908e7aa86566bb67014028377bf": ["15", "cri.sanity.screen.TtsActivity"]}, {"3d020bc7abaa3547350c97830874b607": ["16", "cri.sanity.screen.TtsActivity"]}, {"06611908e7aa86566bb67014028377bf": ["15", "cri.sanity.screen.TtsActivity"]}, {"3d020bc7abaa3547350c97830874b607": ["16", "cri.sanity.screen.TtsActivity"]}, {"2ce7df3870216dd86b5db520aae72e7e": ["93", "cri.sanity.screen.TtsActivity"]}, {"2ce7df3870216dd86b5db520aae72e7e": ["93", "cri.sanity.screen.TtsActivity"]}, {"40b55afbd663a2dec00ccf625709a761": ["26", "cri.sanity.screen.TtsActivity"]}, {"2ce7df3870216dd86b5db520aae72e7e": ["93", "cri.sanity.screen.TtsActivity"]}, {"43707324d2f0bcf3d33bd68ca24acdd3": ["112", "cri.sanity.screen.TtsActivity"]}, {"40b55afbd663a2dec00ccf625709a761": ["26", "cri.sanity.screen.TtsActivity"]}, {"3d020bc7abaa3547350c97830874b607": ["16", "cri.sanity.screen.TtsActivity"]}, {"43707324d2f0bcf3d33bd68ca24acdd3": ["112", "cri.sanity.screen.TtsActivity"]}, {"2d1c2b58c0ff23187c976df509ab43d3": ["94", "cri.sanity.screen.TtsActivity"]}, {"2d1c2b58c0ff23187c976df509ab43d3": ["94", "cri.sanity.screen.TtsActivity"]}, {"43707324d2f0bcf3d33bd68ca24acdd3": ["112", "cri.sanity.screen.TtsActivity"]}, {"3d020bc7abaa3547350c97830874b607": ["16", "cri.sanity.screen.TtsActivity"]}, {"43707324d2f0bcf3d33bd68ca24acdd3": ["112", "cri.sanity.screen.TtsActivity"]}, {"40b55afbd663a2dec00ccf625709a761": ["26", "cri.sanity.screen.TtsActivity"]}, {"43707324d2f0bcf3d33bd68ca24acdd3": ["112", "cri.sanity.screen.TtsActivity"]}, {"2d1c2b58c0ff23187c976df509ab43d3": ["94", "cri.sanity.screen.TtsActivity"]}, {"43707324d2f0bcf3d33bd68ca24acdd3": ["112", "cri.sanity.screen.TtsActivity"]}, {"06611908e7aa86566bb67014028377bf": ["15", "cri.sanity.screen.TtsActivity"]}, {"06611908e7aa86566bb67014028377bf": ["15", "cri.sanity.screen.TtsActivity"]}, {"06611908e7aa86566bb67014028377bf": ["15", "cri.sanity.screen.TtsActivity"]}, {"2ce7df3870216dd86b5db520aae72e7e": ["93", "cri.sanity.screen.TtsActivity"]}, {"40b55afbd663a2dec00ccf625709a761": ["26", "cri.sanity.screen.TtsActivity"]}, {"3d020bc7abaa3547350c97830874b607": ["16", "cri.sanity.screen.TtsActivity"]}, {"2ce7df3870216dd86b5db520aae72e7e": ["93", "cri.sanity.screen.TtsActivity"]}, {"3d020bc7abaa3547350c97830874b607": ["16", "cri.sanity.screen.TtsActivity"]}, {"2ce7df3870216dd86b5db520aae72e7e": ["93", "cri.sanity.screen.TtsActivity"]}, {"9b7703da029ea890b87ea2ad070ff468": ["1", "cri.sanity.MainActivity"]}, {"a166177da80e963cba1a1b06f060786e": ["8", "cri.sanity.screen.RecordActivity"]}, {"a166177da80e963cba1a1b06f060786e": ["8", "cri.sanity.screen.RecordActivity"]}, {"a166177da80e963cba1a1b06f060786e": ["8", "cri.sanity.screen.RecordActivity"]}, {"653f9c313e14c4d01eb68fbc0f02e273": ["10", "cri.sanity.screen.RecordActivity"]}, {"a166177da80e963cba1a1b06f060786e": ["8", "cri.sanity.screen.RecordActivity"]}, {"a166177da80e963cba1a1b06f060786e": ["8", "cri.sanity.screen.RecordActivity"]}, {"a166177da80e963cba1a1b06f060786e": ["8", "cri.sanity.screen.RecordActivity"]}, {"a166177da80e963cba1a1b06f060786e": ["8", "cri.sanity.screen.RecordActivity"]}, {"e11ce91dd2a32d9191690cda4baa7137": ["90", "cri.sanity.screen.RecordActivity"]}, {"a166177da80e963cba1a1b06f060786e": ["8", "cri.sanity.screen.RecordActivity"]}, {"653f9c313e14c4d01eb68fbc0f02e273": ["10", "cri.sanity.screen.RecordActivity"]}, {"a166177da80e963cba1a1b06f060786e": ["8", "cri.sanity.screen.RecordActivity"]}, {"26a1dbded4114dfe849f3b9e756f0a39": ["11", "cri.sanity.screen.BrowseActivity"]}, {"0c4784b41c274ae916c3d8f458bbb37d": ["27", "cri.sanity.screen.BrowseActivity"]}, {"a166177da80e963cba1a1b06f060786e": ["8", "cri.sanity.screen.RecordActivity"]}, {"879462caed9a5fd9dadba9104b49dfb7": ["88", "cri.sanity.screen.RecordActivity"]}, {"4b3a1d7581d5d40783a5482bf8b68517": ["89", "cri.sanity.screen.RecordActivity"]}, {"879462caed9a5fd9dadba9104b49dfb7": ["88", "cri.sanity.screen.RecordActivity"]}, {"879462caed9a5fd9dadba9104b49dfb7": ["88", "cri.sanity.screen.RecordActivity"]}, {"879462caed9a5fd9dadba9104b49dfb7": ["88", "cri.sanity.screen.RecordActivity"]}, {"caf2f02f63a3188b162457fb418c8093": ["49", "cri.sanity.screen.RecordActivity"]}, {"653f9c313e14c4d01eb68fbc0f02e273": ["10", "cri.sanity.screen.RecordActivity"]}, {"caf2f02f63a3188b162457fb418c8093": ["49", "cri.sanity.screen.RecordActivity"]}, {"a166177da80e963cba1a1b06f060786e": ["8", "cri.sanity.screen.RecordActivity"]}, {"a166177da80e963cba1a1b06f060786e": ["8", "cri.sanity.screen.RecordActivity"]}, {"879462caed9a5fd9dadba9104b49dfb7": ["88", "cri.sanity.screen.RecordActivity"]}, {"4b3a1d7581d5d40783a5482bf8b68517": ["89", "cri.sanity.screen.RecordActivity"]}, {"879462caed9a5fd9dadba9104b49dfb7": ["88", "cri.sanity.screen.RecordActivity"]}, {"4b3a1d7581d5d40783a5482bf8b68517": ["89", "cri.sanity.screen.RecordActivity"]}, {"a166177da80e963cba1a1b06f060786e": ["8", "cri.sanity.screen.RecordActivity"]}, {"a166177da80e963cba1a1b06f060786e": ["8", "cri.sanity.screen.RecordActivity"]}, {"33d8af6855547d32c29c58c95b26ac68": ["9", "cri.sanity.screen.RecordActivity"]}, {"a166177da80e963cba1a1b06f060786e": ["8", "cri.sanity.screen.RecordActivity"]}, {"33d8af6855547d32c29c58c95b26ac68": ["9", "cri.sanity.screen.RecordActivity"]}, {"a166177da80e963cba1a1b06f060786e": ["8", "cri.sanity.screen.RecordActivity"]}, {"26a1dbded4114dfe849f3b9e756f0a39": ["11", "cri.sanity.screen.BrowseActivity"]}, {"0c4784b41c274ae916c3d8f458bbb37d": ["27", "cri.sanity.screen.BrowseActivity"]}, {"a166177da80e963cba1a1b06f060786e": ["8", "cri.sanity.screen.RecordActivity"]}, {"a166177da80e963cba1a1b06f060786e": ["8", "cri.sanity.screen.RecordActivity"]}, {"26a1dbded4114dfe849f3b9e756f0a39": ["11", "cri.sanity.screen.BrowseActivity"]}, {"0c4784b41c274ae916c3d8f458bbb37d": ["27", "cri.sanity.screen.BrowseActivity"]}, {"a166177da80e963cba1a1b06f060786e": ["8", "cri.sanity.screen.RecordActivity"]}, {"a166177da80e963cba1a1b06f060786e": ["8", "cri.sanity.screen.RecordActivity"]}, {"a166177da80e963cba1a1b06f060786e": ["8", "cri.sanity.screen.RecordActivity"]}, {"653f9c313e14c4d01eb68fbc0f02e273": ["10", "cri.sanity.screen.RecordActivity"]}, {"a166177da80e963cba1a1b06f060786e": ["8", "cri.sanity.screen.RecordActivity"]}, {"a166177da80e963cba1a1b06f060786e": ["8", "cri.sanity.screen.RecordActivity"]}, {"33d8af6855547d32c29c58c95b26ac68": ["9", "cri.sanity.screen.RecordActivity"]}, {"a166177da80e963cba1a1b06f060786e": ["8", "cri.sanity.screen.RecordActivity"]}, {"9b7703da029ea890b87ea2ad070ff468": ["1", "cri.sanity.MainActivity"]}, {"de913914d83fa530f8a6de9ece1af01c": ["12", "cri.sanity.screen.UrgentActivity"]}, {"700a94b4f192b83f3bf43123998d683c": ["3", "cri.sanity.screen.FilterActivity"]}, {"700a94b4f192b83f3bf43123998d683c": ["3", "cri.sanity.screen.FilterActivity"]}, {"700a94b4f192b83f3bf43123998d683c": ["3", "cri.sanity.screen.FilterActivity"]}, {"de913914d83fa530f8a6de9ece1af01c": ["12", "cri.sanity.screen.UrgentActivity"]}, {"eb916eb313d4539adcc9a9e0ae1a345a": ["13", "cri.sanity.screen.UrgentActivity"]}, {"de913914d83fa530f8a6de9ece1af01c": ["12", "cri.sanity.screen.UrgentActivity"]}, {"eb916eb313d4539adcc9a9e0ae1a345a": ["13", "cri.sanity.screen.UrgentActivity"]}, {"de913914d83fa530f8a6de9ece1af01c": ["12", "cri.sanity.screen.UrgentActivity"]}, {"eb916eb313d4539adcc9a9e0ae1a345a": ["13", "cri.sanity.screen.UrgentActivity"]}, {"de913914d83fa530f8a6de9ece1af01c": ["12", "cri.sanity.screen.UrgentActivity"]}, {"eb916eb313d4539adcc9a9e0ae1a345a": ["13", "cri.sanity.screen.UrgentActivity"]}, {"de913914d83fa530f8a6de9ece1af01c": ["12", "cri.sanity.screen.UrgentActivity"]}, {"eb916eb313d4539adcc9a9e0ae1a345a": ["13", "cri.sanity.screen.UrgentActivity"]}, {"de913914d83fa530f8a6de9ece1af01c": ["12", "cri.sanity.screen.UrgentActivity"]}, {"de913914d83fa530f8a6de9ece1af01c": ["12", "cri.sanity.screen.UrgentActivity"]}, {"de913914d83fa530f8a6de9ece1af01c": ["12", "cri.sanity.screen.UrgentActivity"]}, {"de913914d83fa530f8a6de9ece1af01c": ["12", "cri.sanity.screen.UrgentActivity"]}, {"de913914d83fa530f8a6de9ece1af01c": ["12", "cri.sanity.screen.UrgentActivity"]}, {"eb916eb313d4539adcc9a9e0ae1a345a": ["13", "cri.sanity.screen.UrgentActivity"]}, {"de913914d83fa530f8a6de9ece1af01c": ["12", "cri.sanity.screen.UrgentActivity"]}, {"de913914d83fa530f8a6de9ece1af01c": ["12", "cri.sanity.screen.UrgentActivity"]}, {"eb916eb313d4539adcc9a9e0ae1a345a": ["13", "cri.sanity.screen.UrgentActivity"]}, {"de913914d83fa530f8a6de9ece1af01c": ["12", "cri.sanity.screen.UrgentActivity"]}, {"fdbded06ded2995b238e5c80b6013b06": ["23", "cri.sanity.screen.UrgentActivity"]}, {"eb916eb313d4539adcc9a9e0ae1a345a": ["13", "cri.sanity.screen.UrgentActivity"]}, {"de913914d83fa530f8a6de9ece1af01c": ["12", "cri.sanity.screen.UrgentActivity"]}, {"9b7703da029ea890b87ea2ad070ff468": ["1", "cri.sanity.MainActivity"]}, {"da0aa84dcba6ccd4f1553638ef4b7a72": ["17", "cri.sanity.screen.BlockerActivity"]}, {"da0aa84dcba6ccd4f1553638ef4b7a72": ["17", "cri.sanity.screen.BlockerActivity"]}, {"da0aa84dcba6ccd4f1553638ef4b7a72": ["17", "cri.sanity.screen.BlockerActivity"]}, {"da0aa84dcba6ccd4f1553638ef4b7a72": ["17", "cri.sanity.screen.BlockerActivity"]}, {"700a94b4f192b83f3bf43123998d683c": ["3", "cri.sanity.screen.FilterActivity"]}, {"700a94b4f192b83f3bf43123998d683c": ["3", "cri.sanity.screen.FilterActivity"]}, {"a1fe68a29155e614a044e6bfefc7b189": ["4", "cri.sanity.screen.FilterActivity"]}, {"700a94b4f192b83f3bf43123998d683c": ["3", "cri.sanity.screen.FilterActivity"]}, {"700a94b4f192b83f3bf43123998d683c": ["3", "cri.sanity.screen.FilterActivity"]}, {"700a94b4f192b83f3bf43123998d683c": ["3", "cri.sanity.screen.FilterActivity"]}, {"9cf99100c7ea83a812da477e402adfb4": ["7", "cri.sanity.screen.FilterActivity"]}, {"700a94b4f192b83f3bf43123998d683c": ["3", "cri.sanity.screen.FilterActivity"]}, {"700a94b4f192b83f3bf43123998d683c": ["3", "cri.sanity.screen.FilterActivity"]}, {"700a94b4f192b83f3bf43123998d683c": ["3", "cri.sanity.screen.FilterActivity"]}, {"9cf99100c7ea83a812da477e402adfb4": ["7", "cri.sanity.screen.FilterActivity"]}, {"700a94b4f192b83f3bf43123998d683c": ["3", "cri.sanity.screen.FilterActivity"]}, {"9cf99100c7ea83a812da477e402adfb4": ["7", "cri.sanity.screen.FilterActivity"]}, {"700a94b4f192b83f3bf43123998d683c": ["3", "cri.sanity.screen.FilterActivity"]}, {"700a94b4f192b83f3bf43123998d683c": ["3", "cri.sanity.screen.FilterActivity"]}, {"700a94b4f192b83f3bf43123998d683c": ["3", "cri.sanity.screen.FilterActivity"]}, {"9cf99100c7ea83a812da477e402adfb4": ["7", "cri.sanity.screen.FilterActivity"]}, {"700a94b4f192b83f3bf43123998d683c": ["3", "cri.sanity.screen.FilterActivity"]}, {"700a94b4f192b83f3bf43123998d683c": ["3", "cri.sanity.screen.FilterActivity"]}, {"700a94b4f192b83f3bf43123998d683c": ["3", "cri.sanity.screen.FilterActivity"]}, {"700a94b4f192b83f3bf43123998d683c": ["3", "cri.sanity.screen.FilterActivity"]}, {"700a94b4f192b83f3bf43123998d683c": ["3", "cri.sanity.screen.FilterActivity"]}, {"700a94b4f192b83f3bf43123998d683c": ["3", "cri.sanity.screen.FilterActivity"]}, {"700a94b4f192b83f3bf43123998d683c": ["3", "cri.sanity.screen.FilterActivity"]}, {"700a94b4f192b83f3bf43123998d683c": ["3", "cri.sanity.screen.FilterActivity"]}, {"700a94b4f192b83f3bf43123998d683c": ["3", "cri.sanity.screen.FilterActivity"]}, {"700a94b4f192b83f3bf43123998d683c": ["3", "cri.sanity.screen.FilterActivity"]}, {"700a94b4f192b83f3bf43123998d683c": ["3", "cri.sanity.screen.FilterActivity"]}, {"700a94b4f192b83f3bf43123998d683c": ["3", "cri.sanity.screen.FilterActivity"]}, {"700a94b4f192b83f3bf43123998d683c": ["3", "cri.sanity.screen.FilterActivity"]}, {"700a94b4f192b83f3bf43123998d683c": ["3", "cri.sanity.screen.FilterActivity"]}, {"a1fe68a29155e614a044e6bfefc7b189": ["4", "cri.sanity.screen.FilterActivity"]}, {"700a94b4f192b83f3bf43123998d683c": ["3", "cri.sanity.screen.FilterActivity"]}, {"700a94b4f192b83f3bf43123998d683c": ["3", "cri.sanity.screen.FilterActivity"]}, {"700a94b4f192b83f3bf43123998d683c": ["3", "cri.sanity.screen.FilterActivity"]}, {"700a94b4f192b83f3bf43123998d683c": ["3", "cri.sanity.screen.FilterActivity"]}, {"700a94b4f192b83f3bf43123998d683c": ["3", "cri.sanity.screen.FilterActivity"]}, {"700a94b4f192b83f3bf43123998d683c": ["3", "cri.sanity.screen.FilterActivity"]}, {"700a94b4f192b83f3bf43123998d683c": ["3", "cri.sanity.screen.FilterActivity"]}, {"31105b3e768e618248f254bceb690935": ["5", "cri.sanity.screen.DateTimeActivity"]}, {"0a225278980027d4cb43da19cfdbaf0e": ["6", "cri.sanity.screen.DateTimeActivity"]}, {"31105b3e768e618248f254bceb690935": ["5", "cri.sanity.screen.DateTimeActivity"]}, {"31105b3e768e618248f254bceb690935": ["5", "cri.sanity.screen.DateTimeActivity"]}, {"31105b3e768e618248f254bceb690935": ["5", "cri.sanity.screen.DateTimeActivity"]}, {"31105b3e768e618248f254bceb690935": ["5", "cri.sanity.screen.DateTimeActivity"]}, {"31105b3e768e618248f254bceb690935": ["5", "cri.sanity.screen.DateTimeActivity"]}, {"31105b3e768e618248f254bceb690935": ["5", "cri.sanity.screen.DateTimeActivity"]}, {"31105b3e768e618248f254bceb690935": ["5", "cri.sanity.screen.DateTimeActivity"]}, {"0a225278980027d4cb43da19cfdbaf0e": ["6", "cri.sanity.screen.DateTimeActivity"]}, {"4b0904553b1ad766bcd7379bc36888f5": ["63", "cri.sanity.screen.DateTimeActivity"]}, {"4b0904553b1ad766bcd7379bc36888f5": ["63", "cri.sanity.screen.DateTimeActivity"]}, {"31105b3e768e618248f254bceb690935": ["5", "cri.sanity.screen.DateTimeActivity"]}, {"31105b3e768e618248f254bceb690935": ["5", "cri.sanity.screen.DateTimeActivity"]}, {"31105b3e768e618248f254bceb690935": ["5", "cri.sanity.screen.DateTimeActivity"]}, {"31105b3e768e618248f254bceb690935": ["5", "cri.sanity.screen.DateTimeActivity"]}, {"31105b3e768e618248f254bceb690935": ["5", "cri.sanity.screen.DateTimeActivity"]}, {"31105b3e768e618248f254bceb690935": ["5", "cri.sanity.screen.DateTimeActivity"]}, {"31105b3e768e618248f254bceb690935": ["5", "cri.sanity.screen.DateTimeActivity"]}, {"31105b3e768e618248f254bceb690935": ["5", "cri.sanity.screen.DateTimeActivity"]}, {"31105b3e768e618248f254bceb690935": ["5", "cri.sanity.screen.DateTimeActivity"]}, {"4b0904553b1ad766bcd7379bc36888f5": ["63", "cri.sanity.screen.DateTimeActivity"]}, {"4b0904553b1ad766bcd7379bc36888f5": ["63", "cri.sanity.screen.DateTimeActivity"]}, {"31105b3e768e618248f254bceb690935": ["5", "cri.sanity.screen.DateTimeActivity"]}, {"31105b3e768e618248f254bceb690935": ["5", "cri.sanity.screen.DateTimeActivity"]}, {"31105b3e768e618248f254bceb690935": ["5", "cri.sanity.screen.DateTimeActivity"]}, {"31105b3e768e618248f254bceb690935": ["5", "cri.sanity.screen.DateTimeActivity"]}, {"0a225278980027d4cb43da19cfdbaf0e": ["6", "cri.sanity.screen.DateTimeActivity"]}, {"700a94b4f192b83f3bf43123998d683c": ["3", "cri.sanity.screen.FilterActivity"]}, {"700a94b4f192b83f3bf43123998d683c": ["3", "cri.sanity.screen.FilterActivity"]}, {"700a94b4f192b83f3bf43123998d683c": ["3", "cri.sanity.screen.FilterActivity"]}, {"700a94b4f192b83f3bf43123998d683c": ["3", "cri.sanity.screen.FilterActivity"]}, {"31105b3e768e618248f254bceb690935": ["5", "cri.sanity.screen.DateTimeActivity"]}, {"31105b3e768e618248f254bceb690935": ["5", "cri.sanity.screen.DateTimeActivity"]}, {"31105b3e768e618248f254bceb690935": ["5", "cri.sanity.screen.DateTimeActivity"]}, {"31105b3e768e618248f254bceb690935": ["5", "cri.sanity.screen.DateTimeActivity"]}, {"31105b3e768e618248f254bceb690935": ["5", "cri.sanity.screen.DateTimeActivity"]}, {"31105b3e768e618248f254bceb690935": ["5", "cri.sanity.screen.DateTimeActivity"]}, {"31105b3e768e618248f254bceb690935": ["5", "cri.sanity.screen.DateTimeActivity"]}, {"9b7703da029ea890b87ea2ad070ff468": ["1", "cri.sanity.MainActivity"]}, {"de913914d83fa530f8a6de9ece1af01c": ["12", "cri.sanity.screen.UrgentActivity"]}, {"9b7703da029ea890b87ea2ad070ff468": ["1", "cri.sanity.MainActivity"]}, {"da0aa84dcba6ccd4f1553638ef4b7a72": ["17", "cri.sanity.screen.BlockerActivity"]}, {"da0aa84dcba6ccd4f1553638ef4b7a72": ["17", "cri.sanity.screen.BlockerActivity"]}, {"da0aa84dcba6ccd4f1553638ef4b7a72": ["17", "cri.sanity.screen.BlockerActivity"]}, {"9b7703da029ea890b87ea2ad070ff468": ["1", "cri.sanity.MainActivity"]}, {"2985b6f51ce15d3a9b7a53776c23c068": ["2", "cri.sanity.screen.AnswerActivity"]}, {"2985b6f51ce15d3a9b7a53776c23c068": ["2", "cri.sanity.screen.AnswerActivity"]}, {"2985b6f51ce15d3a9b7a53776c23c068": ["2", "cri.sanity.screen.AnswerActivity"]}, {"9b7703da029ea890b87ea2ad070ff468": ["1", "cri.sanity.MainActivity"]}, {"da0aa84dcba6ccd4f1553638ef4b7a72": ["17", "cri.sanity.screen.BlockerActivity"]}, {"700a94b4f192b83f3bf43123998d683c": ["3", "cri.sanity.screen.FilterActivity"]}, {"9cf99100c7ea83a812da477e402adfb4": ["7", "cri.sanity.screen.FilterActivity"]}, {"700a94b4f192b83f3bf43123998d683c": ["3", "cri.sanity.screen.FilterActivity"]}, {"700a94b4f192b83f3bf43123998d683c": ["3", "cri.sanity.screen.FilterActivity"]}, {"da0aa84dcba6ccd4f1553638ef4b7a72": ["17", "cri.sanity.screen.BlockerActivity"]}, {"700a94b4f192b83f3bf43123998d683c": ["3", "cri.sanity.screen.FilterActivity"]}, {"9cf99100c7ea83a812da477e402adfb4": ["7", "cri.sanity.screen.FilterActivity"]}, {"700a94b4f192b83f3bf43123998d683c": ["3", "cri.sanity.screen.FilterActivity"]}, {"700a94b4f192b83f3bf43123998d683c": ["3", "cri.sanity.screen.FilterActivity"]}, {"31105b3e768e618248f254bceb690935": ["5", "cri.sanity.screen.DateTimeActivity"]}, {"31105b3e768e618248f254bceb690935": ["5", "cri.sanity.screen.DateTimeActivity"]}, {"31105b3e768e618248f254bceb690935": ["5", "cri.sanity.screen.DateTimeActivity"]}, {"4b0904553b1ad766bcd7379bc36888f5": ["63", "cri.sanity.screen.DateTimeActivity"]}, {"4b0904553b1ad766bcd7379bc36888f5": ["63", "cri.sanity.screen.DateTimeActivity"]}, {"9b7703da029ea890b87ea2ad070ff468": ["1", "cri.sanity.MainActivity"]}, {"da0aa84dcba6ccd4f1553638ef4b7a72": ["17", "cri.sanity.screen.BlockerActivity"]}, {"da0aa84dcba6ccd4f1553638ef4b7a72": ["17", "cri.sanity.screen.BlockerActivity"]}, {"5950c7be41f17c70b4fc043aa12a37f6": ["20", "cri.sanity.screen.BlockerActivity"]}, {"d20c005a1da1ce6c3da3b65f6b0539bf": ["19", "cri.sanity.screen.BlockerActivity"]}, {"da0aa84dcba6ccd4f1553638ef4b7a72": ["17", "cri.sanity.screen.BlockerActivity"]}, {"da0aa84dcba6ccd4f1553638ef4b7a72": ["17", "cri.sanity.screen.BlockerActivity"]}, {"b1ae33f00b97c1766467ae037061b2dd": ["42", "cri.sanity.screen.BlockerActivity"]}, {"b1ae33f00b97c1766467ae037061b2dd": ["42", "cri.sanity.screen.BlockerActivity"]}, {"67f8dc5d9dabda29da039779270f9fbc": ["108", "cri.sanity.screen.CallHistoryActivity"]}, {"67f8dc5d9dabda29da039779270f9fbc": ["108", "cri.sanity.screen.CallHistoryActivity"]}, {"67f8dc5d9dabda29da039779270f9fbc": ["108", "cri.sanity.screen.CallHistoryActivity"]}, {"b1ae33f00b97c1766467ae037061b2dd": ["42", "cri.sanity.screen.BlockerActivity"]}, {"700a94b4f192b83f3bf43123998d683c": ["3", "cri.sanity.screen.FilterActivity"]}, {"700a94b4f192b83f3bf43123998d683c": ["3", "cri.sanity.screen.FilterActivity"]}, {"9cf99100c7ea83a812da477e402adfb4": ["7", "cri.sanity.screen.FilterActivity"]}, {"700a94b4f192b83f3bf43123998d683c": ["3", "cri.sanity.screen.FilterActivity"]}, {"700a94b4f192b83f3bf43123998d683c": ["3", "cri.sanity.screen.FilterActivity"]}, {"700a94b4f192b83f3bf43123998d683c": ["3", "cri.sanity.screen.FilterActivity"]}, {"700a94b4f192b83f3bf43123998d683c": ["3", "cri.sanity.screen.FilterActivity"]}, {"7c861241110adf236da1abeaecc0afa6": ["55", "cri.sanity.screen.FilterActivity"]}, {"161252e477b9285cb6a982ed2116fa15": ["66", "cri.sanity.screen.GroupsActivity"]}, {"5f628bb28a072583ca7f3d1f70cadb13": ["67", "cri.sanity.screen.GroupsActivity"]}, {"161252e477b9285cb6a982ed2116fa15": ["66", "cri.sanity.screen.GroupsActivity"]}, {"5f628bb28a072583ca7f3d1f70cadb13": ["67", "cri.sanity.screen.GroupsActivity"]}, {"161252e477b9285cb6a982ed2116fa15": ["66", "cri.sanity.screen.GroupsActivity"]}, {"5f628bb28a072583ca7f3d1f70cadb13": ["67", "cri.sanity.screen.GroupsActivity"]}, {"161252e477b9285cb6a982ed2116fa15": ["66", "cri.sanity.screen.GroupsActivity"]}, {"5f628bb28a072583ca7f3d1f70cadb13": ["67", "cri.sanity.screen.GroupsActivity"]}, {"161252e477b9285cb6a982ed2116fa15": ["66", "cri.sanity.screen.GroupsActivity"]}, {"5f628bb28a072583ca7f3d1f70cadb13": ["67", "cri.sanity.screen.GroupsActivity"]}, {"161252e477b9285cb6a982ed2116fa15": ["66", "cri.sanity.screen.GroupsActivity"]}, {"5f628bb28a072583ca7f3d1f70cadb13": ["67", "cri.sanity.screen.GroupsActivity"]}, {"161252e477b9285cb6a982ed2116fa15": ["66", "cri.sanity.screen.GroupsActivity"]}, {"5f628bb28a072583ca7f3d1f70cadb13": ["67", "cri.sanity.screen.GroupsActivity"]}, {"161252e477b9285cb6a982ed2116fa15": ["66", "cri.sanity.screen.GroupsActivity"]}, {"5f628bb28a072583ca7f3d1f70cadb13": ["67", "cri.sanity.screen.GroupsActivity"]}, {"161252e477b9285cb6a982ed2116fa15": ["66", "cri.sanity.screen.GroupsActivity"]}, {"5f628bb28a072583ca7f3d1f70cadb13": ["67", "cri.sanity.screen.GroupsActivity"]}, {"161252e477b9285cb6a982ed2116fa15": ["66", "cri.sanity.screen.GroupsActivity"]}, {"5f628bb28a072583ca7f3d1f70cadb13": ["67", "cri.sanity.screen.GroupsActivity"]}, {"161252e477b9285cb6a982ed2116fa15": ["66", "cri.sanity.screen.GroupsActivity"]}, {"161252e477b9285cb6a982ed2116fa15": ["66", "cri.sanity.screen.GroupsActivity"]}, {"5f628bb28a072583ca7f3d1f70cadb13": ["67", "cri.sanity.screen.GroupsActivity"]}, {"161252e477b9285cb6a982ed2116fa15": ["66", "cri.sanity.screen.GroupsActivity"]}, {"5f628bb28a072583ca7f3d1f70cadb13": ["67", "cri.sanity.screen.GroupsActivity"]}, {"7c861241110adf236da1abeaecc0afa6": ["55", "cri.sanity.screen.FilterActivity"]}, {"7c861241110adf236da1abeaecc0afa6": ["55", "cri.sanity.screen.FilterActivity"]}, {"7c861241110adf236da1abeaecc0afa6": ["55", "cri.sanity.screen.FilterActivity"]}, {"7c861241110adf236da1abeaecc0afa6": ["55", "cri.sanity.screen.FilterActivity"]}, {"700a94b4f192b83f3bf43123998d683c": ["3", "cri.sanity.screen.FilterActivity"]}, {"31105b3e768e618248f254bceb690935": ["5", "cri.sanity.screen.DateTimeActivity"]}, {"31105b3e768e618248f254bceb690935": ["5", "cri.sanity.screen.DateTimeActivity"]}, {"31105b3e768e618248f254bceb690935": ["5", "cri.sanity.screen.DateTimeActivity"]}, {"31105b3e768e618248f254bceb690935": ["5", "cri.sanity.screen.DateTimeActivity"]}, {"31105b3e768e618248f254bceb690935": ["5", "cri.sanity.screen.DateTimeActivity"]}, {"31105b3e768e618248f254bceb690935": ["5", "cri.sanity.screen.DateTimeActivity"]}, {"31105b3e768e618248f254bceb690935": ["5", "cri.sanity.screen.DateTimeActivity"]}, {"31105b3e768e618248f254bceb690935": ["5", "cri.sanity.screen.DateTimeActivity"]}, {"0a225278980027d4cb43da19cfdbaf0e": ["6", "cri.sanity.screen.DateTimeActivity"]}, {"31105b3e768e618248f254bceb690935": ["5", "cri.sanity.screen.DateTimeActivity"]}, {"31105b3e768e618248f254bceb690935": ["5", "cri.sanity.screen.DateTimeActivity"]}, {"31105b3e768e618248f254bceb690935": ["5", "cri.sanity.screen.DateTimeActivity"]}, {"0a225278980027d4cb43da19cfdbaf0e": ["6", "cri.sanity.screen.DateTimeActivity"]}, {"31105b3e768e618248f254bceb690935": ["5", "cri.sanity.screen.DateTimeActivity"]}, {"31105b3e768e618248f254bceb690935": ["5", "cri.sanity.screen.DateTimeActivity"]}, {"31105b3e768e618248f254bceb690935": ["5", "cri.sanity.screen.DateTimeActivity"]}, {"31105b3e768e618248f254bceb690935": ["5", "cri.sanity.screen.DateTimeActivity"]}, {"31105b3e768e618248f254bceb690935": ["5", "cri.sanity.screen.DateTimeActivity"]}, {"31105b3e768e618248f254bceb690935": ["5", "cri.sanity.screen.DateTimeActivity"]}, {"31105b3e768e618248f254bceb690935": ["5", "cri.sanity.screen.DateTimeActivity"]}, {"31105b3e768e618248f254bceb690935": ["5", "cri.sanity.screen.DateTimeActivity"]}, {"4b0904553b1ad766bcd7379bc36888f5": ["63", "cri.sanity.screen.DateTimeActivity"]}, {"4b0904553b1ad766bcd7379bc36888f5": ["63", "cri.sanity.screen.DateTimeActivity"]}, {"4b0904553b1ad766bcd7379bc36888f5": ["63", "cri.sanity.screen.DateTimeActivity"]}, {"4b0904553b1ad766bcd7379bc36888f5": ["63", "cri.sanity.screen.DateTimeActivity"]}, {"4b0904553b1ad766bcd7379bc36888f5": ["63", "cri.sanity.screen.DateTimeActivity"]}, {"4b0904553b1ad766bcd7379bc36888f5": ["63", "cri.sanity.screen.DateTimeActivity"]}, {"4b0904553b1ad766bcd7379bc36888f5": ["63", "cri.sanity.screen.DateTimeActivity"]}, {"4b0904553b1ad766bcd7379bc36888f5": ["63", "cri.sanity.screen.DateTimeActivity"]}, {"4b0904553b1ad766bcd7379bc36888f5": ["63", "cri.sanity.screen.DateTimeActivity"]}, {"4b0904553b1ad766bcd7379bc36888f5": ["63", "cri.sanity.screen.DateTimeActivity"]}, {"4b0904553b1ad766bcd7379bc36888f5": ["63", "cri.sanity.screen.DateTimeActivity"]}, {"fe00d8325de346df920a2ae328fe3df1": ["64", "cri.sanity.screen.DateTimeActivity"]}, {"4b0904553b1ad766bcd7379bc36888f5": ["63", "cri.sanity.screen.DateTimeActivity"]}, {"fe00d8325de346df920a2ae328fe3df1": ["64", "cri.sanity.screen.DateTimeActivity"]}, {"fe00d8325de346df920a2ae328fe3df1": ["64", "cri.sanity.screen.DateTimeActivity"]}, {"fe00d8325de346df920a2ae328fe3df1": ["64", "cri.sanity.screen.DateTimeActivity"]}, {"fe00d8325de346df920a2ae328fe3df1": ["64", "cri.sanity.screen.DateTimeActivity"]}, {"fe00d8325de346df920a2ae328fe3df1": ["64", "cri.sanity.screen.DateTimeActivity"]}, {"fe00d8325de346df920a2ae328fe3df1": ["64", "cri.sanity.screen.DateTimeActivity"]}, {"4b0904553b1ad766bcd7379bc36888f5": ["63", "cri.sanity.screen.DateTimeActivity"]}, {"4b0904553b1ad766bcd7379bc36888f5": ["63", "cri.sanity.screen.DateTimeActivity"]}, {"4b0904553b1ad766bcd7379bc36888f5": ["63", "cri.sanity.screen.DateTimeActivity"]}, {"31105b3e768e618248f254bceb690935": ["5", "cri.sanity.screen.DateTimeActivity"]}, {"31105b3e768e618248f254bceb690935": ["5", "cri.sanity.screen.DateTimeActivity"]}, {"31105b3e768e618248f254bceb690935": ["5", "cri.sanity.screen.DateTimeActivity"]}, {"31105b3e768e618248f254bceb690935": ["5", "cri.sanity.screen.DateTimeActivity"]}, {"31105b3e768e618248f254bceb690935": ["5", "cri.sanity.screen.DateTimeActivity"]}, {"31105b3e768e618248f254bceb690935": ["5", "cri.sanity.screen.DateTimeActivity"]}, {"4b0904553b1ad766bcd7379bc36888f5": ["63", "cri.sanity.screen.DateTimeActivity"]}, {"4b0904553b1ad766bcd7379bc36888f5": ["63", "cri.sanity.screen.DateTimeActivity"]}, {"4b0904553b1ad766bcd7379bc36888f5": ["63", "cri.sanity.screen.DateTimeActivity"]}, {"4b0904553b1ad766bcd7379bc36888f5": ["63", "cri.sanity.screen.DateTimeActivity"]}, {"4b0904553b1ad766bcd7379bc36888f5": ["63", "cri.sanity.screen.DateTimeActivity"]}, {"4b0904553b1ad766bcd7379bc36888f5": ["63", "cri.sanity.screen.DateTimeActivity"]}, {"4b0904553b1ad766bcd7379bc36888f5": ["63", "cri.sanity.screen.DateTimeActivity"]}, {"31105b3e768e618248f254bceb690935": ["5", "cri.sanity.screen.DateTimeActivity"]}, {"31105b3e768e618248f254bceb690935": ["5", "cri.sanity.screen.DateTimeActivity"]}, {"700a94b4f192b83f3bf43123998d683c": ["3", "cri.sanity.screen.FilterActivity"]}, {"700a94b4f192b83f3bf43123998d683c": ["3", "cri.sanity.screen.FilterActivity"]}, {"700a94b4f192b83f3bf43123998d683c": ["3", "cri.sanity.screen.FilterActivity"]}, {"700a94b4f192b83f3bf43123998d683c": ["3", "cri.sanity.screen.FilterActivity"]}, {"700a94b4f192b83f3bf43123998d683c": ["3", "cri.sanity.screen.FilterActivity"]}, {"b1ae33f00b97c1766467ae037061b2dd": ["42", "cri.sanity.screen.BlockerActivity"]}, {"ab71767d184c9951c9e668c4b6a483e8": ["113", "cri.sanity.screen.SmsHistoryActivity"]}, {"ab71767d184c9951c9e668c4b6a483e8": ["113", "cri.sanity.screen.SmsHistoryActivity"]}, {"ab71767d184c9951c9e668c4b6a483e8": ["113", "cri.sanity.screen.SmsHistoryActivity"]}, {"13ad544800b6db0e5de4f2df365ae99c": ["114", "cri.sanity.screen.SmsHistoryActivity"]}, {"ab71767d184c9951c9e668c4b6a483e8": ["113", "cri.sanity.screen.SmsHistoryActivity"]}, {"9b7703da029ea890b87ea2ad070ff468": ["1", "cri.sanity.MainActivity"]}, {"de913914d83fa530f8a6de9ece1af01c": ["12", "cri.sanity.screen.UrgentActivity"]}, {"de913914d83fa530f8a6de9ece1af01c": ["12", "cri.sanity.screen.UrgentActivity"]}, {"700a94b4f192b83f3bf43123998d683c": ["3", "cri.sanity.screen.FilterActivity"]}, {"700a94b4f192b83f3bf43123998d683c": ["3", "cri.sanity.screen.FilterActivity"]}, {"9b7703da029ea890b87ea2ad070ff468": ["1", "cri.sanity.MainActivity"]}, {"f3cb0cb5f2d0606bd5b813017567670e": ["14", "cri.sanity.MainActivity"]}, {"9b7703da029ea890b87ea2ad070ff468": ["1", "cri.sanity.MainActivity"]}, {"a166177da80e963cba1a1b06f060786e": ["8", "cri.sanity.screen.RecordActivity"]}, {"a166177da80e963cba1a1b06f060786e": ["8", "cri.sanity.screen.RecordActivity"]}, {"a166177da80e963cba1a1b06f060786e": ["8", "cri.sanity.screen.RecordActivity"]}, {"a166177da80e963cba1a1b06f060786e": ["8", "cri.sanity.screen.RecordActivity"]}, {"33d8af6855547d32c29c58c95b26ac68": ["9", "cri.sanity.screen.RecordActivity"]}, {"a166177da80e963cba1a1b06f060786e": ["8", "cri.sanity.screen.RecordActivity"]}, {"a166177da80e963cba1a1b06f060786e": ["8", "cri.sanity.screen.RecordActivity"]}, {"a166177da80e963cba1a1b06f060786e": ["8", "cri.sanity.screen.RecordActivity"]}, {"a166177da80e963cba1a1b06f060786e": ["8", "cri.sanity.screen.RecordActivity"]}, {"e11ce91dd2a32d9191690cda4baa7137": ["90", "cri.sanity.screen.RecordActivity"]}, {"a166177da80e963cba1a1b06f060786e": ["8", "cri.sanity.screen.RecordActivity"]}, {"a166177da80e963cba1a1b06f060786e": ["8", "cri.sanity.screen.RecordActivity"]}, {"a166177da80e963cba1a1b06f060786e": ["8", "cri.sanity.screen.RecordActivity"]}, {"33d8af6855547d32c29c58c95b26ac68": ["9", "cri.sanity.screen.RecordActivity"]}, {"a166177da80e963cba1a1b06f060786e": ["8", "cri.sanity.screen.RecordActivity"]}, {"33d8af6855547d32c29c58c95b26ac68": ["9", "cri.sanity.screen.RecordActivity"]}, {"879462caed9a5fd9dadba9104b49dfb7": ["88", "cri.sanity.screen.RecordActivity"]}, {"879462caed9a5fd9dadba9104b49dfb7": ["88", "cri.sanity.screen.RecordActivity"]}, {"879462caed9a5fd9dadba9104b49dfb7": ["88", "cri.sanity.screen.RecordActivity"]}, {"4b3a1d7581d5d40783a5482bf8b68517": ["89", "cri.sanity.screen.RecordActivity"]}, {"879462caed9a5fd9dadba9104b49dfb7": ["88", "cri.sanity.screen.RecordActivity"]}, {"4b3a1d7581d5d40783a5482bf8b68517": ["89", "cri.sanity.screen.RecordActivity"]}, {"879462caed9a5fd9dadba9104b49dfb7": ["88", "cri.sanity.screen.RecordActivity"]}, {"879462caed9a5fd9dadba9104b49dfb7": ["88", "cri.sanity.screen.RecordActivity"]}, {"4b3a1d7581d5d40783a5482bf8b68517": ["89", "cri.sanity.screen.RecordActivity"]}, {"879462caed9a5fd9dadba9104b49dfb7": ["88", "cri.sanity.screen.RecordActivity"]}, {"879462caed9a5fd9dadba9104b49dfb7": ["88", "cri.sanity.screen.RecordActivity"]}, {"879462caed9a5fd9dadba9104b49dfb7": ["88", "cri.sanity.screen.RecordActivity"]}, {"a166177da80e963cba1a1b06f060786e": ["8", "cri.sanity.screen.RecordActivity"]}, {"a166177da80e963cba1a1b06f060786e": ["8", "cri.sanity.screen.RecordActivity"]}, {"653f9c313e14c4d01eb68fbc0f02e273": ["10", "cri.sanity.screen.RecordActivity"]}, {"a166177da80e963cba1a1b06f060786e": ["8", "cri.sanity.screen.RecordActivity"]}, {"9b7703da029ea890b87ea2ad070ff468": ["1", "cri.sanity.MainActivity"]}, {"f3cb0cb5f2d0606bd5b813017567670e": ["14", "cri.sanity.MainActivity"]}, {"9b7703da029ea890b87ea2ad070ff468": ["1", "cri.sanity.MainActivity"]}, {"2985b6f51ce15d3a9b7a53776c23c068": ["2", "cri.sanity.screen.AnswerActivity"]}, {"c29efd22b2f26b7f8d17a1f23972572c": ["95", "cri.sanity.MainActivity"]}, {"49dc96f6a391205f9bfdc62b7199defc": ["72", "cri.sanity.screen.AboutActivity"]}, {"c29efd22b2f26b7f8d17a1f23972572c": ["95", "cri.sanity.MainActivity"]}, {"9e2ced37bab0f2eb0b50dc5d519e2761": ["115", "cri.sanity.screen.NotifyActivity"]}, {"9e2ced37bab0f2eb0b50dc5d519e2761": ["115", "cri.sanity.screen.NotifyActivity"]}, {"9e2ced37bab0f2eb0b50dc5d519e2761": ["115", "cri.sanity.screen.NotifyActivity"]}, {"9e2ced37bab0f2eb0b50dc5d519e2761": ["115", "cri.sanity.screen.NotifyActivity"]}, {"9e2ced37bab0f2eb0b50dc5d519e2761": ["115", "cri.sanity.screen.NotifyActivity"]}, {"9e2ced37bab0f2eb0b50dc5d519e2761": ["115", "cri.sanity.screen.NotifyActivity"]}, {"9e2ced37bab0f2eb0b50dc5d519e2761": ["115", "cri.sanity.screen.NotifyActivity"]}, {"9e2ced37bab0f2eb0b50dc5d519e2761": ["115", "cri.sanity.screen.NotifyActivity"]}, {"9e2ced37bab0f2eb0b50dc5d519e2761": ["115", "cri.sanity.screen.NotifyActivity"]}, {"9e2ced37bab0f2eb0b50dc5d519e2761": ["115", "cri.sanity.screen.NotifyActivity"]}, {"9e2ced37bab0f2eb0b50dc5d519e2761": ["115", "cri.sanity.screen.NotifyActivity"]}, {"9e2ced37bab0f2eb0b50dc5d519e2761": ["115", "cri.sanity.screen.NotifyActivity"]}, {"fdcdf16e7c7fa908d0867783fc7cbfe8": ["116", "cri.sanity.screen.NotifyActivity"]}, {"fdcdf16e7c7fa908d0867783fc7cbfe8": ["116", "cri.sanity.screen.NotifyActivity"]}, {"9e2ced37bab0f2eb0b50dc5d519e2761": ["115", "cri.sanity.screen.NotifyActivity"]}, {"9e2ced37bab0f2eb0b50dc5d519e2761": ["115", "cri.sanity.screen.NotifyActivity"]}, {"9e2ced37bab0f2eb0b50dc5d519e2761": ["115", "cri.sanity.screen.NotifyActivity"]}, {"9e2ced37bab0f2eb0b50dc5d519e2761": ["115", "cri.sanity.screen.NotifyActivity"]}, {"9e2ced37bab0f2eb0b50dc5d519e2761": ["115", "cri.sanity.screen.NotifyActivity"]}, {"9e2ced37bab0f2eb0b50dc5d519e2761": ["115", "cri.sanity.screen.NotifyActivity"]}, {"fdcdf16e7c7fa908d0867783fc7cbfe8": ["116", "cri.sanity.screen.NotifyActivity"]}, {"fdcdf16e7c7fa908d0867783fc7cbfe8": ["116", "cri.sanity.screen.NotifyActivity"]}, {"fdcdf16e7c7fa908d0867783fc7cbfe8": ["116", "cri.sanity.screen.NotifyActivity"]}, {"fdcdf16e7c7fa908d0867783fc7cbfe8": ["116", "cri.sanity.screen.NotifyActivity"]}, {"fdcdf16e7c7fa908d0867783fc7cbfe8": ["116", "cri.sanity.screen.NotifyActivity"]}, {"fdcdf16e7c7fa908d0867783fc7cbfe8": ["116", "cri.sanity.screen.NotifyActivity"]}, {"55ba2698d395c7284aa5ee2abcd4af5f": ["117", "cri.sanity.screen.NotifyActivity"]}, {"fdcdf16e7c7fa908d0867783fc7cbfe8": ["116", "cri.sanity.screen.NotifyActivity"]}, {"9b7703da029ea890b87ea2ad070ff468": ["1", "cri.sanity.MainActivity"]}, {"a166177da80e963cba1a1b06f060786e": ["8", "cri.sanity.screen.RecordActivity"]}, {"a166177da80e963cba1a1b06f060786e": ["8", "cri.sanity.screen.RecordActivity"]}, {"9b7703da029ea890b87ea2ad070ff468": ["1", "cri.sanity.MainActivity"]}, {"2985b6f51ce15d3a9b7a53776c23c068": ["2", "cri.sanity.screen.AnswerActivity"]}, {"1e84e05309ff42b1706944e04a1e00a5": ["21", "cri.sanity.screen.AnswerActivity"]}, {"2985b6f51ce15d3a9b7a53776c23c068": ["2", "cri.sanity.screen.AnswerActivity"]}, {"2985b6f51ce15d3a9b7a53776c23c068": ["2", "cri.sanity.screen.AnswerActivity"]}, {"2985b6f51ce15d3a9b7a53776c23c068": ["2", "cri.sanity.screen.AnswerActivity"]}, {"700a94b4f192b83f3bf43123998d683c": ["3", "cri.sanity.screen.FilterActivity"]}, {"700a94b4f192b83f3bf43123998d683c": ["3", "cri.sanity.screen.FilterActivity"]}, {"9cf99100c7ea83a812da477e402adfb4": ["7", "cri.sanity.screen.FilterActivity"]}, {"700a94b4f192b83f3bf43123998d683c": ["3", "cri.sanity.screen.FilterActivity"]}, {"31105b3e768e618248f254bceb690935": ["5", "cri.sanity.screen.DateTimeActivity"]}, {"31105b3e768e618248f254bceb690935": ["5", "cri.sanity.screen.DateTimeActivity"]}, {"4b0904553b1ad766bcd7379bc36888f5": ["63", "cri.sanity.screen.DateTimeActivity"]}, {"31105b3e768e618248f254bceb690935": ["5", "cri.sanity.screen.DateTimeActivity"]}, {"31105b3e768e618248f254bceb690935": ["5", "cri.sanity.screen.DateTimeActivity"]}, {"31105b3e768e618248f254bceb690935": ["5", "cri.sanity.screen.DateTimeActivity"]}, {"31105b3e768e618248f254bceb690935": ["5", "cri.sanity.screen.DateTimeActivity"]}, {"4b0904553b1ad766bcd7379bc36888f5": ["63", "cri.sanity.screen.DateTimeActivity"]}, {"4b0904553b1ad766bcd7379bc36888f5": ["63", "cri.sanity.screen.DateTimeActivity"]}, {"4b0904553b1ad766bcd7379bc36888f5": ["63", "cri.sanity.screen.DateTimeActivity"]}, {"31105b3e768e618248f254bceb690935": ["5", "cri.sanity.screen.DateTimeActivity"]}, {"31105b3e768e618248f254bceb690935": ["5", "cri.sanity.screen.DateTimeActivity"]}, {"31105b3e768e618248f254bceb690935": ["5", "cri.sanity.screen.DateTimeActivity"]}, {"0a225278980027d4cb43da19cfdbaf0e": ["6", "cri.sanity.screen.DateTimeActivity"]}, {"31105b3e768e618248f254bceb690935": ["5", "cri.sanity.screen.DateTimeActivity"]}, {"0a225278980027d4cb43da19cfdbaf0e": ["6", "cri.sanity.screen.DateTimeActivity"]}, {"31105b3e768e618248f254bceb690935": ["5", "cri.sanity.screen.DateTimeActivity"]}, {"31105b3e768e618248f254bceb690935": ["5", "cri.sanity.screen.DateTimeActivity"]}, {"0a225278980027d4cb43da19cfdbaf0e": ["6", "cri.sanity.screen.DateTimeActivity"]}, {"700a94b4f192b83f3bf43123998d683c": ["3", "cri.sanity.screen.FilterActivity"]}, {"a1fe68a29155e614a044e6bfefc7b189": ["4", "cri.sanity.screen.FilterActivity"]}, {"700a94b4f192b83f3bf43123998d683c": ["3", "cri.sanity.screen.FilterActivity"]}, {"31105b3e768e618248f254bceb690935": ["5", "cri.sanity.screen.DateTimeActivity"]}, {"31105b3e768e618248f254bceb690935": ["5", "cri.sanity.screen.DateTimeActivity"]}, {"31105b3e768e618248f254bceb690935": ["5", "cri.sanity.screen.DateTimeActivity"]}, {"31105b3e768e618248f254bceb690935": ["5", "cri.sanity.screen.DateTimeActivity"]}, {"31105b3e768e618248f254bceb690935": ["5", "cri.sanity.screen.DateTimeActivity"]}, {"31105b3e768e618248f254bceb690935": ["5", "cri.sanity.screen.DateTimeActivity"]}, {"31105b3e768e618248f254bceb690935": ["5", "cri.sanity.screen.DateTimeActivity"]}, {"31105b3e768e618248f254bceb690935": ["5", "cri.sanity.screen.DateTimeActivity"]}, {"0a225278980027d4cb43da19cfdbaf0e": ["6", "cri.sanity.screen.DateTimeActivity"]}, {"31105b3e768e618248f254bceb690935": ["5", "cri.sanity.screen.DateTimeActivity"]}, {"31105b3e768e618248f254bceb690935": ["5", "cri.sanity.screen.DateTimeActivity"]}, {"31105b3e768e618248f254bceb690935": ["5", "cri.sanity.screen.DateTimeActivity"]}, {"31105b3e768e618248f254bceb690935": ["5", "cri.sanity.screen.DateTimeActivity"]}, {"31105b3e768e618248f254bceb690935": ["5", "cri.sanity.screen.DateTimeActivity"]}, {"4b0904553b1ad766bcd7379bc36888f5": ["63", "cri.sanity.screen.DateTimeActivity"]}, {"700a94b4f192b83f3bf43123998d683c": ["3", "cri.sanity.screen.FilterActivity"]}, {"700a94b4f192b83f3bf43123998d683c": ["3", "cri.sanity.screen.FilterActivity"]}, {"700a94b4f192b83f3bf43123998d683c": ["3", "cri.sanity.screen.FilterActivity"]}, {"31105b3e768e618248f254bceb690935": ["5", "cri.sanity.screen.DateTimeActivity"]}, {"31105b3e768e618248f254bceb690935": ["5", "cri.sanity.screen.DateTimeActivity"]}, {"4b0904553b1ad766bcd7379bc36888f5": ["63", "cri.sanity.screen.DateTimeActivity"]}, {"4b0904553b1ad766bcd7379bc36888f5": ["63", "cri.sanity.screen.DateTimeActivity"]}, {"4b0904553b1ad766bcd7379bc36888f5": ["63", "cri.sanity.screen.DateTimeActivity"]}, {"fe00d8325de346df920a2ae328fe3df1": ["64", "cri.sanity.screen.DateTimeActivity"]}, {"fe00d8325de346df920a2ae328fe3df1": ["64", "cri.sanity.screen.DateTimeActivity"]}, {"fe00d8325de346df920a2ae328fe3df1": ["64", "cri.sanity.screen.DateTimeActivity"]}, {"fe00d8325de346df920a2ae328fe3df1": ["64", "cri.sanity.screen.DateTimeActivity"]}, {"fe00d8325de346df920a2ae328fe3df1": ["64", "cri.sanity.screen.DateTimeActivity"]}, {"fe00d8325de346df920a2ae328fe3df1": ["64", "cri.sanity.screen.DateTimeActivity"]}, {"fe00d8325de346df920a2ae328fe3df1": ["64", "cri.sanity.screen.DateTimeActivity"]}, {"4b0904553b1ad766bcd7379bc36888f5": ["63", "cri.sanity.screen.DateTimeActivity"]}, {"4b0904553b1ad766bcd7379bc36888f5": ["63", "cri.sanity.screen.DateTimeActivity"]}, {"4b0904553b1ad766bcd7379bc36888f5": ["63", "cri.sanity.screen.DateTimeActivity"]}, {"4b0904553b1ad766bcd7379bc36888f5": ["63", "cri.sanity.screen.DateTimeActivity"]}, {"4b0904553b1ad766bcd7379bc36888f5": ["63", "cri.sanity.screen.DateTimeActivity"]}, {"31105b3e768e618248f254bceb690935": ["5", "cri.sanity.screen.DateTimeActivity"]}, {"4b0904553b1ad766bcd7379bc36888f5": ["63", "cri.sanity.screen.DateTimeActivity"]}, {"4b0904553b1ad766bcd7379bc36888f5": ["63", "cri.sanity.screen.DateTimeActivity"]}, {"4b0904553b1ad766bcd7379bc36888f5": ["63", "cri.sanity.screen.DateTimeActivity"]}, {"fe00d8325de346df920a2ae328fe3df1": ["64", "cri.sanity.screen.DateTimeActivity"]}, {"fe00d8325de346df920a2ae328fe3df1": ["64", "cri.sanity.screen.DateTimeActivity"]}, {"fe00d8325de346df920a2ae328fe3df1": ["64", "cri.sanity.screen.DateTimeActivity"]}, {"fe00d8325de346df920a2ae328fe3df1": ["64", "cri.sanity.screen.DateTimeActivity"]}, {"fe00d8325de346df920a2ae328fe3df1": ["64", "cri.sanity.screen.DateTimeActivity"]}, {"fe00d8325de346df920a2ae328fe3df1": ["64", "cri.sanity.screen.DateTimeActivity"]}, {"9b7703da029ea890b87ea2ad070ff468": ["1", "cri.sanity.MainActivity"]}, {"f3cb0cb5f2d0606bd5b813017567670e": ["14", "cri.sanity.MainActivity"]}, {"9b7703da029ea890b87ea2ad070ff468": ["1", "cri.sanity.MainActivity"]}, {"a166177da80e963cba1a1b06f060786e": ["8", "cri.sanity.screen.RecordActivity"]}, {"a166177da80e963cba1a1b06f060786e": ["8", "cri.sanity.screen.RecordActivity"]}, {"653f9c313e14c4d01eb68fbc0f02e273": ["10", "cri.sanity.screen.RecordActivity"]}, {"879462caed9a5fd9dadba9104b49dfb7": ["88", "cri.sanity.screen.RecordActivity"]}, {"4b3a1d7581d5d40783a5482bf8b68517": ["89", "cri.sanity.screen.RecordActivity"]}, {"879462caed9a5fd9dadba9104b49dfb7": ["88", "cri.sanity.screen.RecordActivity"]}, {"653f9c313e14c4d01eb68fbc0f02e273": ["10", "cri.sanity.screen.RecordActivity"]}, {"879462caed9a5fd9dadba9104b49dfb7": ["88", "cri.sanity.screen.RecordActivity"]}, {"a166177da80e963cba1a1b06f060786e": ["8", "cri.sanity.screen.RecordActivity"]}, {"a166177da80e963cba1a1b06f060786e": ["8", "cri.sanity.screen.RecordActivity"]}, {"a166177da80e963cba1a1b06f060786e": ["8", "cri.sanity.screen.RecordActivity"]}, {"a166177da80e963cba1a1b06f060786e": ["8", "cri.sanity.screen.RecordActivity"]}, {"26a1dbded4114dfe849f3b9e756f0a39": ["11", "cri.sanity.screen.BrowseActivity"]}, {"0c4784b41c274ae916c3d8f458bbb37d": ["27", "cri.sanity.screen.BrowseActivity"]}, {"26a1dbded4114dfe849f3b9e756f0a39": ["11", "cri.sanity.screen.BrowseActivity"]}, {"0c4784b41c274ae916c3d8f458bbb37d": ["27", "cri.sanity.screen.BrowseActivity"]}, {"26a1dbded4114dfe849f3b9e756f0a39": ["11", "cri.sanity.screen.BrowseActivity"]}, {"0c4784b41c274ae916c3d8f458bbb37d": ["27", "cri.sanity.screen.BrowseActivity"]}, {"26a1dbded4114dfe849f3b9e756f0a39": ["11", "cri.sanity.screen.BrowseActivity"]}, {"0c4784b41c274ae916c3d8f458bbb37d": ["27", "cri.sanity.screen.BrowseActivity"]}, {"26a1dbded4114dfe849f3b9e756f0a39": ["11", "cri.sanity.screen.BrowseActivity"]}, {"0c4784b41c274ae916c3d8f458bbb37d": ["27", "cri.sanity.screen.BrowseActivity"]}, {"26a1dbded4114dfe849f3b9e756f0a39": ["11", "cri.sanity.screen.BrowseActivity"]}, {"26a1dbded4114dfe849f3b9e756f0a39": ["11", "cri.sanity.screen.BrowseActivity"]}, {"9b7703da029ea890b87ea2ad070ff468": ["1", "cri.sanity.MainActivity"]}, {"de913914d83fa530f8a6de9ece1af01c": ["12", "cri.sanity.screen.UrgentActivity"]}, {"de913914d83fa530f8a6de9ece1af01c": ["12", "cri.sanity.screen.UrgentActivity"]}, {"de913914d83fa530f8a6de9ece1af01c": ["12", "cri.sanity.screen.UrgentActivity"]}, {"de913914d83fa530f8a6de9ece1af01c": ["12", "cri.sanity.screen.UrgentActivity"]}, {"de913914d83fa530f8a6de9ece1af01c": ["12", "cri.sanity.screen.UrgentActivity"]}, {"700a94b4f192b83f3bf43123998d683c": ["3", "cri.sanity.screen.FilterActivity"]}, {"700a94b4f192b83f3bf43123998d683c": ["3", "cri.sanity.screen.FilterActivity"]}, {"de913914d83fa530f8a6de9ece1af01c": ["12", "cri.sanity.screen.UrgentActivity"]}, {"fdbded06ded2995b238e5c80b6013b06": ["23", "cri.sanity.screen.UrgentActivity"]}, {"eb916eb313d4539adcc9a9e0ae1a345a": ["13", "cri.sanity.screen.UrgentActivity"]}, {"de913914d83fa530f8a6de9ece1af01c": ["12", "cri.sanity.screen.UrgentActivity"]}, {"eb916eb313d4539adcc9a9e0ae1a345a": ["13", "cri.sanity.screen.UrgentActivity"]}, {"de913914d83fa530f8a6de9ece1af01c": ["12", "cri.sanity.screen.UrgentActivity"]}, {"de913914d83fa530f8a6de9ece1af01c": ["12", "cri.sanity.screen.UrgentActivity"]}, {"de913914d83fa530f8a6de9ece1af01c": ["12", "cri.sanity.screen.UrgentActivity"]}, {"eb916eb313d4539adcc9a9e0ae1a345a": ["13", "cri.sanity.screen.UrgentActivity"]}, {"de913914d83fa530f8a6de9ece1af01c": ["12", "cri.sanity.screen.UrgentActivity"]}, {"700a94b4f192b83f3bf43123998d683c": ["3", "cri.sanity.screen.FilterActivity"]}, {"31105b3e768e618248f254bceb690935": ["5", "cri.sanity.screen.DateTimeActivity"]}, {"0a225278980027d4cb43da19cfdbaf0e": ["6", "cri.sanity.screen.DateTimeActivity"]}, {"31105b3e768e618248f254bceb690935": ["5", "cri.sanity.screen.DateTimeActivity"]}, {"31105b3e768e618248f254bceb690935": ["5", "cri.sanity.screen.DateTimeActivity"]}, {"31105b3e768e618248f254bceb690935": ["5", "cri.sanity.screen.DateTimeActivity"]}, {"4b0904553b1ad766bcd7379bc36888f5": ["63", "cri.sanity.screen.DateTimeActivity"]}, {"4b0904553b1ad766bcd7379bc36888f5": ["63", "cri.sanity.screen.DateTimeActivity"]}, {"4b0904553b1ad766bcd7379bc36888f5": ["63", "cri.sanity.screen.DateTimeActivity"]}, {"4b0904553b1ad766bcd7379bc36888f5": ["63", "cri.sanity.screen.DateTimeActivity"]}, {"4b0904553b1ad766bcd7379bc36888f5": ["63", "cri.sanity.screen.DateTimeActivity"]}, {"4b0904553b1ad766bcd7379bc36888f5": ["63", "cri.sanity.screen.DateTimeActivity"]}, {"4b0904553b1ad766bcd7379bc36888f5": ["63", "cri.sanity.screen.DateTimeActivity"]}, {"4b0904553b1ad766bcd7379bc36888f5": ["63", "cri.sanity.screen.DateTimeActivity"]}, {"4b0904553b1ad766bcd7379bc36888f5": ["63", "cri.sanity.screen.DateTimeActivity"]}, {"31105b3e768e618248f254bceb690935": ["5", "cri.sanity.screen.DateTimeActivity"]}, {"de913914d83fa530f8a6de9ece1af01c": ["12", "cri.sanity.screen.UrgentActivity"]}, {"de913914d83fa530f8a6de9ece1af01c": ["12", "cri.sanity.screen.UrgentActivity"]}, {"eb916eb313d4539adcc9a9e0ae1a345a": ["13", "cri.sanity.screen.UrgentActivity"]}, {"de913914d83fa530f8a6de9ece1af01c": ["12", "cri.sanity.screen.UrgentActivity"]}, {"de913914d83fa530f8a6de9ece1af01c": ["12", "cri.sanity.screen.UrgentActivity"]}, {"700a94b4f192b83f3bf43123998d683c": ["3", "cri.sanity.screen.FilterActivity"]}, {"700a94b4f192b83f3bf43123998d683c": ["3", "cri.sanity.screen.FilterActivity"]}, {"700a94b4f192b83f3bf43123998d683c": ["3", "cri.sanity.screen.FilterActivity"]}, {"700a94b4f192b83f3bf43123998d683c": ["3", "cri.sanity.screen.FilterActivity"]}, {"de913914d83fa530f8a6de9ece1af01c": ["12", "cri.sanity.screen.UrgentActivity"]}, {"9b7703da029ea890b87ea2ad070ff468": ["1", "cri.sanity.MainActivity"]}, {"f3cb0cb5f2d0606bd5b813017567670e": ["14", "cri.sanity.MainActivity"]}, {"9b7703da029ea890b87ea2ad070ff468": ["1", "cri.sanity.MainActivity"]}, {"a166177da80e963cba1a1b06f060786e": ["8", "cri.sanity.screen.RecordActivity"]}, {"a166177da80e963cba1a1b06f060786e": ["8", "cri.sanity.screen.RecordActivity"]}, {"a166177da80e963cba1a1b06f060786e": ["8", "cri.sanity.screen.RecordActivity"]}, {"a166177da80e963cba1a1b06f060786e": ["8", "cri.sanity.screen.RecordActivity"]}, {"a166177da80e963cba1a1b06f060786e": ["8", "cri.sanity.screen.RecordActivity"]}, {"a166177da80e963cba1a1b06f060786e": ["8", "cri.sanity.screen.RecordActivity"]}, {"26a1dbded4114dfe849f3b9e756f0a39": ["11", "cri.sanity.screen.BrowseActivity"]}, {"0c4784b41c274ae916c3d8f458bbb37d": ["27", "cri.sanity.screen.BrowseActivity"]}, {"26a1dbded4114dfe849f3b9e756f0a39": ["11", "cri.sanity.screen.BrowseActivity"]}, {"0c4784b41c274ae916c3d8f458bbb37d": ["27", "cri.sanity.screen.BrowseActivity"]}, {"26a1dbded4114dfe849f3b9e756f0a39": ["11", "cri.sanity.screen.BrowseActivity"]}, {"9b7703da029ea890b87ea2ad070ff468": ["1", "cri.sanity.MainActivity"]}, {"388efc7d136a6466d5dd8c1fde4765c8": ["24", "cri.sanity.screen.GeneralActivity"]}, {"388efc7d136a6466d5dd8c1fde4765c8": ["24", "cri.sanity.screen.GeneralActivity"]}, {"388efc7d136a6466d5dd8c1fde4765c8": ["24", "cri.sanity.screen.GeneralActivity"]}, {"388efc7d136a6466d5dd8c1fde4765c8": ["24", "cri.sanity.screen.GeneralActivity"]}, {"388efc7d136a6466d5dd8c1fde4765c8": ["24", "cri.sanity.screen.GeneralActivity"]}, {"732b2215f50bc64c829db86786170a5a": ["25", "cri.sanity.screen.GeneralActivity"]}, {"388efc7d136a6466d5dd8c1fde4765c8": ["24", "cri.sanity.screen.GeneralActivity"]}, {"388efc7d136a6466d5dd8c1fde4765c8": ["24", "cri.sanity.screen.GeneralActivity"]}, {"388efc7d136a6466d5dd8c1fde4765c8": ["24", "cri.sanity.screen.GeneralActivity"]}, {"388efc7d136a6466d5dd8c1fde4765c8": ["24", "cri.sanity.screen.GeneralActivity"]}, {"388efc7d136a6466d5dd8c1fde4765c8": ["24", "cri.sanity.screen.GeneralActivity"]}, {"928cb30c52ed67a3c8dec6e3a5c54f3e": ["35", "cri.sanity.screen.GeneralActivity"]}, {"928cb30c52ed67a3c8dec6e3a5c54f3e": ["35", "cri.sanity.screen.GeneralActivity"]}, {"388efc7d136a6466d5dd8c1fde4765c8": ["24", "cri.sanity.screen.GeneralActivity"]}, {"388efc7d136a6466d5dd8c1fde4765c8": ["24", "cri.sanity.screen.GeneralActivity"]}, {"928cb30c52ed67a3c8dec6e3a5c54f3e": ["35", "cri.sanity.screen.GeneralActivity"]}, {"388efc7d136a6466d5dd8c1fde4765c8": ["24", "cri.sanity.screen.GeneralActivity"]}, {"388efc7d136a6466d5dd8c1fde4765c8": ["24", "cri.sanity.screen.GeneralActivity"]}, {"388efc7d136a6466d5dd8c1fde4765c8": ["24", "cri.sanity.screen.GeneralActivity"]}, {"388efc7d136a6466d5dd8c1fde4765c8": ["24", "cri.sanity.screen.GeneralActivity"]}, {"388efc7d136a6466d5dd8c1fde4765c8": ["24", "cri.sanity.screen.GeneralActivity"]}, {"388efc7d136a6466d5dd8c1fde4765c8": ["24", "cri.sanity.screen.GeneralActivity"]}, {"388efc7d136a6466d5dd8c1fde4765c8": ["24", "cri.sanity.screen.GeneralActivity"]}, {"388efc7d136a6466d5dd8c1fde4765c8": ["24", "cri.sanity.screen.GeneralActivity"]}, {"388efc7d136a6466d5dd8c1fde4765c8": ["24", "cri.sanity.screen.GeneralActivity"]}, {"388efc7d136a6466d5dd8c1fde4765c8": ["24", "cri.sanity.screen.GeneralActivity"]}, {"928cb30c52ed67a3c8dec6e3a5c54f3e": ["35", "cri.sanity.screen.GeneralActivity"]}, {"928cb30c52ed67a3c8dec6e3a5c54f3e": ["35", "cri.sanity.screen.GeneralActivity"]}, {"928cb30c52ed67a3c8dec6e3a5c54f3e": ["35", "cri.sanity.screen.GeneralActivity"]}, {"928cb30c52ed67a3c8dec6e3a5c54f3e": ["35", "cri.sanity.screen.GeneralActivity"]}, {"68ab6fe678ccdc4821da6d080ac24a17": ["38", "cri.sanity.screen.GeneralActivity"]}, {"928cb30c52ed67a3c8dec6e3a5c54f3e": ["35", "cri.sanity.screen.GeneralActivity"]}, {"928cb30c52ed67a3c8dec6e3a5c54f3e": ["35", "cri.sanity.screen.GeneralActivity"]}, {"928cb30c52ed67a3c8dec6e3a5c54f3e": ["35", "cri.sanity.screen.GeneralActivity"]}, {"928cb30c52ed67a3c8dec6e3a5c54f3e": ["35", "cri.sanity.screen.GeneralActivity"]}, {"388efc7d136a6466d5dd8c1fde4765c8": ["24", "cri.sanity.screen.GeneralActivity"]}, {"388efc7d136a6466d5dd8c1fde4765c8": ["24", "cri.sanity.screen.GeneralActivity"]}, {"388efc7d136a6466d5dd8c1fde4765c8": ["24", "cri.sanity.screen.GeneralActivity"]}, {"388efc7d136a6466d5dd8c1fde4765c8": ["24", "cri.sanity.screen.GeneralActivity"]}, {"928cb30c52ed67a3c8dec6e3a5c54f3e": ["35", "cri.sanity.screen.GeneralActivity"]}, {"3b239ebcf3ba6caec9189081f15614b2": ["81", "cri.sanity.screen.ProfileActivity"]}, {"aff64c675b9441a1620bb13218b2cfaa": ["82", "cri.sanity.screen.ProfileActivity"]}, {"3b239ebcf3ba6caec9189081f15614b2": ["81", "cri.sanity.screen.ProfileActivity"]}, {"9b7703da029ea890b87ea2ad070ff468": ["1", "cri.sanity.MainActivity"]}, {"de913914d83fa530f8a6de9ece1af01c": ["12", "cri.sanity.screen.UrgentActivity"]}, {"eb916eb313d4539adcc9a9e0ae1a345a": ["13", "cri.sanity.screen.UrgentActivity"]}, {"de913914d83fa530f8a6de9ece1af01c": ["12", "cri.sanity.screen.UrgentActivity"]}, {"eb916eb313d4539adcc9a9e0ae1a345a": ["13", "cri.sanity.screen.UrgentActivity"]}, {"de913914d83fa530f8a6de9ece1af01c": ["12", "cri.sanity.screen.UrgentActivity"]}, {"eb916eb313d4539adcc9a9e0ae1a345a": ["13", "cri.sanity.screen.UrgentActivity"]}, {"de913914d83fa530f8a6de9ece1af01c": ["12", "cri.sanity.screen.UrgentActivity"]}, {"eb916eb313d4539adcc9a9e0ae1a345a": ["13", "cri.sanity.screen.UrgentActivity"]}, {"de913914d83fa530f8a6de9ece1af01c": ["12", "cri.sanity.screen.UrgentActivity"]}, {"700a94b4f192b83f3bf43123998d683c": ["3", "cri.sanity.screen.FilterActivity"]}, {"700a94b4f192b83f3bf43123998d683c": ["3", "cri.sanity.screen.FilterActivity"]}, {"700a94b4f192b83f3bf43123998d683c": ["3", "cri.sanity.screen.FilterActivity"]}, {"9b7703da029ea890b87ea2ad070ff468": ["1", "cri.sanity.MainActivity"]}, {"b1ae33f00b97c1766467ae037061b2dd": ["42", "cri.sanity.screen.BlockerActivity"]}, {"ab71767d184c9951c9e668c4b6a483e8": ["113", "cri.sanity.screen.SmsHistoryActivity"]}, {"ab71767d184c9951c9e668c4b6a483e8": ["113", "cri.sanity.screen.SmsHistoryActivity"]}, {"ab71767d184c9951c9e668c4b6a483e8": ["113", "cri.sanity.screen.SmsHistoryActivity"]}, {"b1ae33f00b97c1766467ae037061b2dd": ["42", "cri.sanity.screen.BlockerActivity"]}, {"ab71767d184c9951c9e668c4b6a483e8": ["113", "cri.sanity.screen.SmsHistoryActivity"]}, {"13ad544800b6db0e5de4f2df365ae99c": ["114", "cri.sanity.screen.SmsHistoryActivity"]}, {"ab71767d184c9951c9e668c4b6a483e8": ["113", "cri.sanity.screen.SmsHistoryActivity"]}, {"13ad544800b6db0e5de4f2df365ae99c": ["114", "cri.sanity.screen.SmsHistoryActivity"]}, {"ab71767d184c9951c9e668c4b6a483e8": ["113", "cri.sanity.screen.SmsHistoryActivity"]}, {"13ad544800b6db0e5de4f2df365ae99c": ["114", "cri.sanity.screen.SmsHistoryActivity"]}, {"ab71767d184c9951c9e668c4b6a483e8": ["113", "cri.sanity.screen.SmsHistoryActivity"]}, {"b1ae33f00b97c1766467ae037061b2dd": ["42", "cri.sanity.screen.BlockerActivity"]}, {"67f8dc5d9dabda29da039779270f9fbc": ["108", "cri.sanity.screen.CallHistoryActivity"]}, {"67f8dc5d9dabda29da039779270f9fbc": ["108", "cri.sanity.screen.CallHistoryActivity"]}, {"971621256e1f788282e4dfb20dd65bd6": ["111", "cri.sanity.screen.CallHistoryActivity"]}, {"67f8dc5d9dabda29da039779270f9fbc": ["108", "cri.sanity.screen.CallHistoryActivity"]}, {"971621256e1f788282e4dfb20dd65bd6": ["111", "cri.sanity.screen.CallHistoryActivity"]}, {"b1ae33f00b97c1766467ae037061b2dd": ["42", "cri.sanity.screen.BlockerActivity"]}, {"d20c005a1da1ce6c3da3b65f6b0539bf": ["19", "cri.sanity.screen.BlockerActivity"]}, {"b1ae33f00b97c1766467ae037061b2dd": ["42", "cri.sanity.screen.BlockerActivity"]}, {"ab71767d184c9951c9e668c4b6a483e8": ["113", "cri.sanity.screen.SmsHistoryActivity"]}, {"ab71767d184c9951c9e668c4b6a483e8": ["113", "cri.sanity.screen.SmsHistoryActivity"]}, {"13ad544800b6db0e5de4f2df365ae99c": ["114", "cri.sanity.screen.SmsHistoryActivity"]}, {"ab71767d184c9951c9e668c4b6a483e8": ["113", "cri.sanity.screen.SmsHistoryActivity"]}, {"13ad544800b6db0e5de4f2df365ae99c": ["114", "cri.sanity.screen.SmsHistoryActivity"]}, {"ab71767d184c9951c9e668c4b6a483e8": ["113", "cri.sanity.screen.SmsHistoryActivity"]}, {"13ad544800b6db0e5de4f2df365ae99c": ["114", "cri.sanity.screen.SmsHistoryActivity"]}, {"ab71767d184c9951c9e668c4b6a483e8": ["113", "cri.sanity.screen.SmsHistoryActivity"]}, {"13ad544800b6db0e5de4f2df365ae99c": ["114", "cri.sanity.screen.SmsHistoryActivity"]}, {"ab71767d184c9951c9e668c4b6a483e8": ["113", "cri.sanity.screen.SmsHistoryActivity"]}, {"ab71767d184c9951c9e668c4b6a483e8": ["113", "cri.sanity.screen.SmsHistoryActivity"]}, {"ab71767d184c9951c9e668c4b6a483e8": ["113", "cri.sanity.screen.SmsHistoryActivity"]}, {"13ad544800b6db0e5de4f2df365ae99c": ["114", "cri.sanity.screen.SmsHistoryActivity"]}, {"ab71767d184c9951c9e668c4b6a483e8": ["113", "cri.sanity.screen.SmsHistoryActivity"]}, {"13ad544800b6db0e5de4f2df365ae99c": ["114", "cri.sanity.screen.SmsHistoryActivity"]}, {"ab71767d184c9951c9e668c4b6a483e8": ["113", "cri.sanity.screen.SmsHistoryActivity"]}, {"13ad544800b6db0e5de4f2df365ae99c": ["114", "cri.sanity.screen.SmsHistoryActivity"]}, {"ab71767d184c9951c9e668c4b6a483e8": ["113", "cri.sanity.screen.SmsHistoryActivity"]}, {"13ad544800b6db0e5de4f2df365ae99c": ["114", "cri.sanity.screen.SmsHistoryActivity"]}, {"ab71767d184c9951c9e668c4b6a483e8": ["113", "cri.sanity.screen.SmsHistoryActivity"]}, {"13ad544800b6db0e5de4f2df365ae99c": ["114", "cri.sanity.screen.SmsHistoryActivity"]}, {"ab71767d184c9951c9e668c4b6a483e8": ["113", "cri.sanity.screen.SmsHistoryActivity"]}, {"ab71767d184c9951c9e668c4b6a483e8": ["113", "cri.sanity.screen.SmsHistoryActivity"]}, {"13ad544800b6db0e5de4f2df365ae99c": ["114", "cri.sanity.screen.SmsHistoryActivity"]}, {"ab71767d184c9951c9e668c4b6a483e8": ["113", "cri.sanity.screen.SmsHistoryActivity"]}, {"b1ae33f00b97c1766467ae037061b2dd": ["42", "cri.sanity.screen.BlockerActivity"]}, {"b1ae33f00b97c1766467ae037061b2dd": ["42", "cri.sanity.screen.BlockerActivity"]}, {"ab71767d184c9951c9e668c4b6a483e8": ["113", "cri.sanity.screen.SmsHistoryActivity"]}, {"ab71767d184c9951c9e668c4b6a483e8": ["113", "cri.sanity.screen.SmsHistoryActivity"]}, {"ab71767d184c9951c9e668c4b6a483e8": ["113", "cri.sanity.screen.SmsHistoryActivity"]}, {"9b7703da029ea890b87ea2ad070ff468": ["1", "cri.sanity.MainActivity"]}, {"06611908e7aa86566bb67014028377bf": ["15", "cri.sanity.screen.TtsActivity"]}, {"06611908e7aa86566bb67014028377bf": ["15", "cri.sanity.screen.TtsActivity"]}, {"06611908e7aa86566bb67014028377bf": ["15", "cri.sanity.screen.TtsActivity"]}, {"3d020bc7abaa3547350c97830874b607": ["16", "cri.sanity.screen.TtsActivity"]}]