[{"87f76ec466335c36274b703973a59ba6": ["0", "com.smorgasbork.hotdeath.Main"]}, {"87f76ec466335c36274b703973a59ba6": ["0", "com.smorgasbork.hotdeath.Main"]}, {"87f76ec466335c36274b703973a59ba6": ["0", "com.smorgasbork.hotdeath.Main"]}, {"87f76ec466335c36274b703973a59ba6": ["0", "com.smorgasbork.hotdeath.Main"]}, {"87f76ec466335c36274b703973a59ba6": ["0", "com.smorgasbork.hotdeath.Main"]}, {"87f76ec466335c36274b703973a59ba6": ["0", "com.smorgasbork.hotdeath.Main"]}, {"87f76ec466335c36274b703973a59ba6": ["0", "com.smorgasbork.hotdeath.Main"]}, {"87f76ec466335c36274b703973a59ba6": ["0", "com.smorgasbork.hotdeath.Main"]}, {"87f76ec466335c36274b703973a59ba6": ["0", "com.smorgasbork.hotdeath.Main"]}, {"87f76ec466335c36274b703973a59ba6": ["0", "com.smorgasbork.hotdeath.Main"]}, {"87f76ec466335c36274b703973a59ba6": ["0", "com.smorgasbork.hotdeath.Main"]}, {"87f76ec466335c36274b703973a59ba6": ["0", "com.smorgasbork.hotdeath.Main"]}, {"87f76ec466335c36274b703973a59ba6": ["0", "com.smorgasbork.hotdeath.Main"]}, {"87f76ec466335c36274b703973a59ba6": ["0", "com.smorgasbork.hotdeath.Main"]}, {"87f76ec466335c36274b703973a59ba6": ["0", "com.smorgasbork.hotdeath.Main"]}, {"87f76ec466335c36274b703973a59ba6": ["0", "com.smorgasbork.hotdeath.Main"]}, {"84823da6771636aedb494e236596562e": ["1", "com.smorgasbork.hotdeath.Prefs"]}, {"84823da6771636aedb494e236596562e": ["1", "com.smorgasbork.hotdeath.Prefs"]}, {"5d239d9e3dfb1e2bb0d5b467d8d09c5c": ["4", "com.smorgasbork.hotdeath.Prefs"]}, {"84823da6771636aedb494e236596562e": ["1", "com.smorgasbork.hotdeath.Prefs"]}, {"84823da6771636aedb494e236596562e": ["1", "com.smorgasbork.hotdeath.Prefs"]}, {"84823da6771636aedb494e236596562e": ["1", "com.smorgasbork.hotdeath.Prefs"]}, {"84823da6771636aedb494e236596562e": ["1", "com.smorgasbork.hotdeath.Prefs"]}, {"84823da6771636aedb494e236596562e": ["1", "com.smorgasbork.hotdeath.Prefs"]}, {"84823da6771636aedb494e236596562e": ["1", "com.smorgasbork.hotdeath.Prefs"]}, {"3b32a5ae822050bf76aea702f14fdca3": ["2", "com.smorgasbork.hotdeath.Prefs"]}, {"84823da6771636aedb494e236596562e": ["1", "com.smorgasbork.hotdeath.Prefs"]}, {"c2361eefef412f05cad442f66ce6ee77": ["3", "com.smorgasbork.hotdeath.Prefs"]}, {"84823da6771636aedb494e236596562e": ["1", "com.smorgasbork.hotdeath.Prefs"]}, {"5d239d9e3dfb1e2bb0d5b467d8d09c5c": ["4", "com.smorgasbork.hotdeath.Prefs"]}, {"84823da6771636aedb494e236596562e": ["1", "com.smorgasbork.hotdeath.Prefs"]}, {"84823da6771636aedb494e236596562e": ["1", "com.smorgasbork.hotdeath.Prefs"]}, {"5d239d9e3dfb1e2bb0d5b467d8d09c5c": ["4", "com.smorgasbork.hotdeath.Prefs"]}, {"84823da6771636aedb494e236596562e": ["1", "com.smorgasbork.hotdeath.Prefs"]}, {"3b32a5ae822050bf76aea702f14fdca3": ["2", "com.smorgasbork.hotdeath.Prefs"]}, {"3b32a5ae822050bf76aea702f14fdca3": ["2", "com.smorgasbork.hotdeath.Prefs"]}, {"3b32a5ae822050bf76aea702f14fdca3": ["2", "com.smorgasbork.hotdeath.Prefs"]}, {"3b32a5ae822050bf76aea702f14fdca3": ["2", "com.smorgasbork.hotdeath.Prefs"]}, {"84823da6771636aedb494e236596562e": ["1", "com.smorgasbork.hotdeath.Prefs"]}, {"c2361eefef412f05cad442f66ce6ee77": ["3", "com.smorgasbork.hotdeath.Prefs"]}, {"84823da6771636aedb494e236596562e": ["1", "com.smorgasbork.hotdeath.Prefs"]}, {"84823da6771636aedb494e236596562e": ["1", "com.smorgasbork.hotdeath.Prefs"]}, {"84823da6771636aedb494e236596562e": ["1", "com.smorgasbork.hotdeath.Prefs"]}, {"84823da6771636aedb494e236596562e": ["1", "com.smorgasbork.hotdeath.Prefs"]}, {"84823da6771636aedb494e236596562e": ["1", "com.smorgasbork.hotdeath.Prefs"]}, {"84823da6771636aedb494e236596562e": ["1", "com.smorgasbork.hotdeath.Prefs"]}, {"84823da6771636aedb494e236596562e": ["1", "com.smorgasbork.hotdeath.Prefs"]}, {"3b32a5ae822050bf76aea702f14fdca3": ["2", "com.smorgasbork.hotdeath.Prefs"]}, {"3b32a5ae822050bf76aea702f14fdca3": ["2", "com.smorgasbork.hotdeath.Prefs"]}, {"3b32a5ae822050bf76aea702f14fdca3": ["2", "com.smorgasbork.hotdeath.Prefs"]}, {"84823da6771636aedb494e236596562e": ["1", "com.smorgasbork.hotdeath.Prefs"]}, {"c2361eefef412f05cad442f66ce6ee77": ["3", "com.smorgasbork.hotdeath.Prefs"]}, {"84823da6771636aedb494e236596562e": ["1", "com.smorgasbork.hotdeath.Prefs"]}, {"3b32a5ae822050bf76aea702f14fdca3": ["2", "com.smorgasbork.hotdeath.Prefs"]}, {"84823da6771636aedb494e236596562e": ["1", "com.smorgasbork.hotdeath.Prefs"]}, {"84823da6771636aedb494e236596562e": ["1", "com.smorgasbork.hotdeath.Prefs"]}, {"84823da6771636aedb494e236596562e": ["1", "com.smorgasbork.hotdeath.Prefs"]}, {"5d239d9e3dfb1e2bb0d5b467d8d09c5c": ["4", "com.smorgasbork.hotdeath.Prefs"]}, {"84823da6771636aedb494e236596562e": ["1", "com.smorgasbork.hotdeath.Prefs"]}, {"3b32a5ae822050bf76aea702f14fdca3": ["2", "com.smorgasbork.hotdeath.Prefs"]}, {"3b32a5ae822050bf76aea702f14fdca3": ["2", "com.smorgasbork.hotdeath.Prefs"]}, {"3b32a5ae822050bf76aea702f14fdca3": ["2", "com.smorgasbork.hotdeath.Prefs"]}, {"84823da6771636aedb494e236596562e": ["1", "com.smorgasbork.hotdeath.Prefs"]}, {"84823da6771636aedb494e236596562e": ["1", "com.smorgasbork.hotdeath.Prefs"]}, {"84823da6771636aedb494e236596562e": ["1", "com.smorgasbork.hotdeath.Prefs"]}, {"84823da6771636aedb494e236596562e": ["1", "com.smorgasbork.hotdeath.Prefs"]}, {"84823da6771636aedb494e236596562e": ["1", "com.smorgasbork.hotdeath.Prefs"]}, {"84823da6771636aedb494e236596562e": ["1", "com.smorgasbork.hotdeath.Prefs"]}, {"5d239d9e3dfb1e2bb0d5b467d8d09c5c": ["4", "com.smorgasbork.hotdeath.Prefs"]}, {"84823da6771636aedb494e236596562e": ["1", "com.smorgasbork.hotdeath.Prefs"]}, {"5d239d9e3dfb1e2bb0d5b467d8d09c5c": ["4", "com.smorgasbork.hotdeath.Prefs"]}, {"84823da6771636aedb494e236596562e": ["1", "com.smorgasbork.hotdeath.Prefs"]}, {"c2361eefef412f05cad442f66ce6ee77": ["3", "com.smorgasbork.hotdeath.Prefs"]}, {"84823da6771636aedb494e236596562e": ["1", "com.smorgasbork.hotdeath.Prefs"]}, {"84823da6771636aedb494e236596562e": ["1", "com.smorgasbork.hotdeath.Prefs"]}, {"c2361eefef412f05cad442f66ce6ee77": ["3", "com.smorgasbork.hotdeath.Prefs"]}, {"84823da6771636aedb494e236596562e": ["1", "com.smorgasbork.hotdeath.Prefs"]}, {"3b32a5ae822050bf76aea702f14fdca3": ["2", "com.smorgasbork.hotdeath.Prefs"]}, {"3b32a5ae822050bf76aea702f14fdca3": ["2", "com.smorgasbork.hotdeath.Prefs"]}, {"84823da6771636aedb494e236596562e": ["1", "com.smorgasbork.hotdeath.Prefs"]}, {"3b32a5ae822050bf76aea702f14fdca3": ["2", "com.smorgasbork.hotdeath.Prefs"]}, {"84823da6771636aedb494e236596562e": ["1", "com.smorgasbork.hotdeath.Prefs"]}, {"84823da6771636aedb494e236596562e": ["1", "com.smorgasbork.hotdeath.Prefs"]}, {"84823da6771636aedb494e236596562e": ["1", "com.smorgasbork.hotdeath.Prefs"]}, {"c2361eefef412f05cad442f66ce6ee77": ["3", "com.smorgasbork.hotdeath.Prefs"]}, {"84823da6771636aedb494e236596562e": ["1", "com.smorgasbork.hotdeath.Prefs"]}, {"c2361eefef412f05cad442f66ce6ee77": ["3", "com.smorgasbork.hotdeath.Prefs"]}, {"84823da6771636aedb494e236596562e": ["1", "com.smorgasbork.hotdeath.Prefs"]}, {"87f76ec466335c36274b703973a59ba6": ["0", "com.smorgasbork.hotdeath.Main"]}, {"84823da6771636aedb494e236596562e": ["1", "com.smorgasbork.hotdeath.Prefs"]}, {"5d239d9e3dfb1e2bb0d5b467d8d09c5c": ["4", "com.smorgasbork.hotdeath.Prefs"]}, {"84823da6771636aedb494e236596562e": ["1", "com.smorgasbork.hotdeath.Prefs"]}, {"3b32a5ae822050bf76aea702f14fdca3": ["2", "com.smorgasbork.hotdeath.Prefs"]}, {"84823da6771636aedb494e236596562e": ["1", "com.smorgasbork.hotdeath.Prefs"]}, {"3b32a5ae822050bf76aea702f14fdca3": ["2", "com.smorgasbork.hotdeath.Prefs"]}, {"84823da6771636aedb494e236596562e": ["1", "com.smorgasbork.hotdeath.Prefs"]}, {"3b32a5ae822050bf76aea702f14fdca3": ["2", "com.smorgasbork.hotdeath.Prefs"]}, {"3b32a5ae822050bf76aea702f14fdca3": ["2", "com.smorgasbork.hotdeath.Prefs"]}, {"84823da6771636aedb494e236596562e": ["1", "com.smorgasbork.hotdeath.Prefs"]}, {"c2361eefef412f05cad442f66ce6ee77": ["3", "com.smorgasbork.hotdeath.Prefs"]}, {"84823da6771636aedb494e236596562e": ["1", "com.smorgasbork.hotdeath.Prefs"]}, {"84823da6771636aedb494e236596562e": ["1", "com.smorgasbork.hotdeath.Prefs"]}, {"5d239d9e3dfb1e2bb0d5b467d8d09c5c": ["4", "com.smorgasbork.hotdeath.Prefs"]}, {"84823da6771636aedb494e236596562e": ["1", "com.smorgasbork.hotdeath.Prefs"]}, {"84823da6771636aedb494e236596562e": ["1", "com.smorgasbork.hotdeath.Prefs"]}, {"87f76ec466335c36274b703973a59ba6": ["0", "com.smorgasbork.hotdeath.Main"]}, {"87f76ec466335c36274b703973a59ba6": ["0", "com.smorgasbork.hotdeath.Main"]}, {"87f76ec466335c36274b703973a59ba6": ["0", "com.smorgasbork.hotdeath.Main"]}, {"87f76ec466335c36274b703973a59ba6": ["0", "com.smorgasbork.hotdeath.Main"]}, {"87f76ec466335c36274b703973a59ba6": ["0", "com.smorgasbork.hotdeath.Main"]}, {"87f76ec466335c36274b703973a59ba6": ["0", "com.smorgasbork.hotdeath.Main"]}, {"87f76ec466335c36274b703973a59ba6": ["0", "com.smorgasbork.hotdeath.Main"]}, {"87f76ec466335c36274b703973a59ba6": ["0", "com.smorgasbork.hotdeath.Main"]}, {"87f76ec466335c36274b703973a59ba6": ["0", "com.smorgasbork.hotdeath.Main"]}, {"87f76ec466335c36274b703973a59ba6": ["0", "com.smorgasbork.hotdeath.Main"]}, {"87f76ec466335c36274b703973a59ba6": ["0", "com.smorgasbork.hotdeath.Main"]}, {"87f76ec466335c36274b703973a59ba6": ["0", "com.smorgasbork.hotdeath.Main"]}, {"84823da6771636aedb494e236596562e": ["1", "com.smorgasbork.hotdeath.Prefs"]}, {"84823da6771636aedb494e236596562e": ["1", "com.smorgasbork.hotdeath.Prefs"]}, {"84823da6771636aedb494e236596562e": ["1", "com.smorgasbork.hotdeath.Prefs"]}, {"3b32a5ae822050bf76aea702f14fdca3": ["2", "com.smorgasbork.hotdeath.Prefs"]}, {"84823da6771636aedb494e236596562e": ["1", "com.smorgasbork.hotdeath.Prefs"]}, {"84823da6771636aedb494e236596562e": ["1", "com.smorgasbork.hotdeath.Prefs"]}, {"84823da6771636aedb494e236596562e": ["1", "com.smorgasbork.hotdeath.Prefs"]}, {"5d239d9e3dfb1e2bb0d5b467d8d09c5c": ["4", "com.smorgasbork.hotdeath.Prefs"]}, {"84823da6771636aedb494e236596562e": ["1", "com.smorgasbork.hotdeath.Prefs"]}, {"84823da6771636aedb494e236596562e": ["1", "com.smorgasbork.hotdeath.Prefs"]}, {"c2361eefef412f05cad442f66ce6ee77": ["3", "com.smorgasbork.hotdeath.Prefs"]}, {"84823da6771636aedb494e236596562e": ["1", "com.smorgasbork.hotdeath.Prefs"]}, {"84823da6771636aedb494e236596562e": ["1", "com.smorgasbork.hotdeath.Prefs"]}, {"84823da6771636aedb494e236596562e": ["1", "com.smorgasbork.hotdeath.Prefs"]}, {"87f76ec466335c36274b703973a59ba6": ["0", "com.smorgasbork.hotdeath.Main"]}, {"87f76ec466335c36274b703973a59ba6": ["0", "com.smorgasbork.hotdeath.Main"]}, {"00f78fe87a5df84bfc90fd40acf35f03": ["9", "com.smorgasbork.hotdeath.Main"]}, {"00f78fe87a5df84bfc90fd40acf35f03": ["9", "com.smorgasbork.hotdeath.Main"]}, {"00f78fe87a5df84bfc90fd40acf35f03": ["9", "com.smorgasbork.hotdeath.Main"]}, {"00f78fe87a5df84bfc90fd40acf35f03": ["9", "com.smorgasbork.hotdeath.Main"]}, {"00f78fe87a5df84bfc90fd40acf35f03": ["9", "com.smorgasbork.hotdeath.Main"]}, {"00f78fe87a5df84bfc90fd40acf35f03": ["9", "com.smorgasbork.hotdeath.Main"]}, {"00f78fe87a5df84bfc90fd40acf35f03": ["9", "com.smorgasbork.hotdeath.Main"]}, {"87f76ec466335c36274b703973a59ba6": ["0", "com.smorgasbork.hotdeath.Main"]}, {"87f76ec466335c36274b703973a59ba6": ["0", "com.smorgasbork.hotdeath.Main"]}, {"87f76ec466335c36274b703973a59ba6": ["0", "com.smorgasbork.hotdeath.Main"]}, {"87f76ec466335c36274b703973a59ba6": ["0", "com.smorgasbork.hotdeath.Main"]}, {"87f76ec466335c36274b703973a59ba6": ["0", "com.smorgasbork.hotdeath.Main"]}, {"87f76ec466335c36274b703973a59ba6": ["0", "com.smorgasbork.hotdeath.Main"]}, {"87f76ec466335c36274b703973a59ba6": ["0", "com.smorgasbork.hotdeath.Main"]}, {"87f76ec466335c36274b703973a59ba6": ["0", "com.smorgasbork.hotdeath.Main"]}, {"87f76ec466335c36274b703973a59ba6": ["0", "com.smorgasbork.hotdeath.Main"]}, {"87f76ec466335c36274b703973a59ba6": ["0", "com.smorgasbork.hotdeath.Main"]}, {"87f76ec466335c36274b703973a59ba6": ["0", "com.smorgasbork.hotdeath.Main"]}, {"87f76ec466335c36274b703973a59ba6": ["0", "com.smorgasbork.hotdeath.Main"]}, {"87f76ec466335c36274b703973a59ba6": ["0", "com.smorgasbork.hotdeath.Main"]}, {"87f76ec466335c36274b703973a59ba6": ["0", "com.smorgasbork.hotdeath.Main"]}, {"87f76ec466335c36274b703973a59ba6": ["0", "com.smorgasbork.hotdeath.Main"]}, {"87f76ec466335c36274b703973a59ba6": ["0", "com.smorgasbork.hotdeath.Main"]}, {"84823da6771636aedb494e236596562e": ["1", "com.smorgasbork.hotdeath.Prefs"]}, {"3b32a5ae822050bf76aea702f14fdca3": ["2", "com.smorgasbork.hotdeath.Prefs"]}, {"84823da6771636aedb494e236596562e": ["1", "com.smorgasbork.hotdeath.Prefs"]}, {"c2361eefef412f05cad442f66ce6ee77": ["3", "com.smorgasbork.hotdeath.Prefs"]}, {"87f76ec466335c36274b703973a59ba6": ["0", "com.smorgasbork.hotdeath.Main"]}, {"87f76ec466335c36274b703973a59ba6": ["0", "com.smorgasbork.hotdeath.Main"]}, {"87f76ec466335c36274b703973a59ba6": ["0", "com.smorgasbork.hotdeath.Main"]}, {"00f78fe87a5df84bfc90fd40acf35f03": ["9", "com.smorgasbork.hotdeath.Main"]}, {"00f78fe87a5df84bfc90fd40acf35f03": ["9", "com.smorgasbork.hotdeath.Main"]}, {"87f76ec466335c36274b703973a59ba6": ["0", "com.smorgasbork.hotdeath.Main"]}, {"87f76ec466335c36274b703973a59ba6": ["0", "com.smorgasbork.hotdeath.Main"]}, {"87f76ec466335c36274b703973a59ba6": ["0", "com.smorgasbork.hotdeath.Main"]}, {"00f78fe87a5df84bfc90fd40acf35f03": ["9", "com.smorgasbork.hotdeath.Main"]}, {"00f78fe87a5df84bfc90fd40acf35f03": ["9", "com.smorgasbork.hotdeath.Main"]}, {"00f78fe87a5df84bfc90fd40acf35f03": ["9", "com.smorgasbork.hotdeath.Main"]}, {"00f78fe87a5df84bfc90fd40acf35f03": ["9", "com.smorgasbork.hotdeath.Main"]}, {"00f78fe87a5df84bfc90fd40acf35f03": ["9", "com.smorgasbork.hotdeath.Main"]}, {"84823da6771636aedb494e236596562e": ["1", "com.smorgasbork.hotdeath.Prefs"]}, {"5d239d9e3dfb1e2bb0d5b467d8d09c5c": ["4", "com.smorgasbork.hotdeath.Prefs"]}, {"00f78fe87a5df84bfc90fd40acf35f03": ["9", "com.smorgasbork.hotdeath.Main"]}, {"00f78fe87a5df84bfc90fd40acf35f03": ["9", "com.smorgasbork.hotdeath.Main"]}, {"84823da6771636aedb494e236596562e": ["1", "com.smorgasbork.hotdeath.Prefs"]}, {"3b32a5ae822050bf76aea702f14fdca3": ["2", "com.smorgasbork.hotdeath.Prefs"]}, {"3b32a5ae822050bf76aea702f14fdca3": ["2", "com.smorgasbork.hotdeath.Prefs"]}, {"84823da6771636aedb494e236596562e": ["1", "com.smorgasbork.hotdeath.Prefs"]}, {"84823da6771636aedb494e236596562e": ["1", "com.smorgasbork.hotdeath.Prefs"]}, {"84823da6771636aedb494e236596562e": ["1", "com.smorgasbork.hotdeath.Prefs"]}, {"84823da6771636aedb494e236596562e": ["1", "com.smorgasbork.hotdeath.Prefs"]}, {"84823da6771636aedb494e236596562e": ["1", "com.smorgasbork.hotdeath.Prefs"]}, {"84823da6771636aedb494e236596562e": ["1", "com.smorgasbork.hotdeath.Prefs"]}, {"84823da6771636aedb494e236596562e": ["1", "com.smorgasbork.hotdeath.Prefs"]}, {"84823da6771636aedb494e236596562e": ["1", "com.smorgasbork.hotdeath.Prefs"]}, {"3b32a5ae822050bf76aea702f14fdca3": ["2", "com.smorgasbork.hotdeath.Prefs"]}, {"84823da6771636aedb494e236596562e": ["1", "com.smorgasbork.hotdeath.Prefs"]}, {"00f78fe87a5df84bfc90fd40acf35f03": ["9", "com.smorgasbork.hotdeath.Main"]}, {"87f76ec466335c36274b703973a59ba6": ["0", "com.smorgasbork.hotdeath.Main"]}, {"87f76ec466335c36274b703973a59ba6": ["0", "com.smorgasbork.hotdeath.Main"]}, {"00f78fe87a5df84bfc90fd40acf35f03": ["9", "com.smorgasbork.hotdeath.Main"]}, {"00f78fe87a5df84bfc90fd40acf35f03": ["9", "com.smorgasbork.hotdeath.Main"]}, {"87f76ec466335c36274b703973a59ba6": ["0", "com.smorgasbork.hotdeath.Main"]}, {"87f76ec466335c36274b703973a59ba6": ["0", "com.smorgasbork.hotdeath.Main"]}, {"87f76ec466335c36274b703973a59ba6": ["0", "com.smorgasbork.hotdeath.Main"]}, {"84823da6771636aedb494e236596562e": ["1", "com.smorgasbork.hotdeath.Prefs"]}, {"84823da6771636aedb494e236596562e": ["1", "com.smorgasbork.hotdeath.Prefs"]}, {"87f76ec466335c36274b703973a59ba6": ["0", "com.smorgasbork.hotdeath.Main"]}, {"00f78fe87a5df84bfc90fd40acf35f03": ["9", "com.smorgasbork.hotdeath.Main"]}, {"00f78fe87a5df84bfc90fd40acf35f03": ["9", "com.smorgasbork.hotdeath.Main"]}, {"00f78fe87a5df84bfc90fd40acf35f03": ["9", "com.smorgasbork.hotdeath.Main"]}, {"00f78fe87a5df84bfc90fd40acf35f03": ["9", "com.smorgasbork.hotdeath.Main"]}, {"00f78fe87a5df84bfc90fd40acf35f03": ["9", "com.smorgasbork.hotdeath.Main"]}, {"00f78fe87a5df84bfc90fd40acf35f03": ["9", "com.smorgasbork.hotdeath.Main"]}, {"00f78fe87a5df84bfc90fd40acf35f03": ["9", "com.smorgasbork.hotdeath.Main"]}, {"84823da6771636aedb494e236596562e": ["1", "com.smorgasbork.hotdeath.Prefs"]}, {"84823da6771636aedb494e236596562e": ["1", "com.smorgasbork.hotdeath.Prefs"]}, {"3b32a5ae822050bf76aea702f14fdca3": ["2", "com.smorgasbork.hotdeath.Prefs"]}, {"3b32a5ae822050bf76aea702f14fdca3": ["2", "com.smorgasbork.hotdeath.Prefs"]}, {"3b32a5ae822050bf76aea702f14fdca3": ["2", "com.smorgasbork.hotdeath.Prefs"]}, {"86591b01b014f8fbdd39b61c863b9915": ["7", "com.smorgasbork.hotdeath.Prefs"]}, {"5d239d9e3dfb1e2bb0d5b467d8d09c5c": ["4", "com.smorgasbork.hotdeath.Prefs"]}, {"86591b01b014f8fbdd39b61c863b9915": ["7", "com.smorgasbork.hotdeath.Prefs"]}, {"86591b01b014f8fbdd39b61c863b9915": ["7", "com.smorgasbork.hotdeath.Prefs"]}, {"86591b01b014f8fbdd39b61c863b9915": ["7", "com.smorgasbork.hotdeath.Prefs"]}, {"3b32a5ae822050bf76aea702f14fdca3": ["2", "com.smorgasbork.hotdeath.Prefs"]}, {"86591b01b014f8fbdd39b61c863b9915": ["7", "com.smorgasbork.hotdeath.Prefs"]}, {"c2361eefef412f05cad442f66ce6ee77": ["3", "com.smorgasbork.hotdeath.Prefs"]}, {"86591b01b014f8fbdd39b61c863b9915": ["7", "com.smorgasbork.hotdeath.Prefs"]}, {"86591b01b014f8fbdd39b61c863b9915": ["7", "com.smorgasbork.hotdeath.Prefs"]}, {"86591b01b014f8fbdd39b61c863b9915": ["7", "com.smorgasbork.hotdeath.Prefs"]}, {"86591b01b014f8fbdd39b61c863b9915": ["7", "com.smorgasbork.hotdeath.Prefs"]}, {"86591b01b014f8fbdd39b61c863b9915": ["7", "com.smorgasbork.hotdeath.Prefs"]}, {"86591b01b014f8fbdd39b61c863b9915": ["7", "com.smorgasbork.hotdeath.Prefs"]}, {"86591b01b014f8fbdd39b61c863b9915": ["7", "com.smorgasbork.hotdeath.Prefs"]}, {"5d239d9e3dfb1e2bb0d5b467d8d09c5c": ["4", "com.smorgasbork.hotdeath.Prefs"]}, {"86591b01b014f8fbdd39b61c863b9915": ["7", "com.smorgasbork.hotdeath.Prefs"]}, {"86591b01b014f8fbdd39b61c863b9915": ["7", "com.smorgasbork.hotdeath.Prefs"]}, {"86591b01b014f8fbdd39b61c863b9915": ["7", "com.smorgasbork.hotdeath.Prefs"]}, {"3b32a5ae822050bf76aea702f14fdca3": ["2", "com.smorgasbork.hotdeath.Prefs"]}, {"86591b01b014f8fbdd39b61c863b9915": ["7", "com.smorgasbork.hotdeath.Prefs"]}, {"86591b01b014f8fbdd39b61c863b9915": ["7", "com.smorgasbork.hotdeath.Prefs"]}, {"86591b01b014f8fbdd39b61c863b9915": ["7", "com.smorgasbork.hotdeath.Prefs"]}, {"86591b01b014f8fbdd39b61c863b9915": ["7", "com.smorgasbork.hotdeath.Prefs"]}, {"3b32a5ae822050bf76aea702f14fdca3": ["2", "com.smorgasbork.hotdeath.Prefs"]}, {"86591b01b014f8fbdd39b61c863b9915": ["7", "com.smorgasbork.hotdeath.Prefs"]}, {"00f78fe87a5df84bfc90fd40acf35f03": ["9", "com.smorgasbork.hotdeath.Main"]}, {"00f78fe87a5df84bfc90fd40acf35f03": ["9", "com.smorgasbork.hotdeath.Main"]}, {"00f78fe87a5df84bfc90fd40acf35f03": ["9", "com.smorgasbork.hotdeath.Main"]}, {"00f78fe87a5df84bfc90fd40acf35f03": ["9", "com.smorgasbork.hotdeath.Main"]}, {"86591b01b014f8fbdd39b61c863b9915": ["7", "com.smorgasbork.hotdeath.Prefs"]}, {"3b32a5ae822050bf76aea702f14fdca3": ["2", "com.smorgasbork.hotdeath.Prefs"]}, {"3b32a5ae822050bf76aea702f14fdca3": ["2", "com.smorgasbork.hotdeath.Prefs"]}, {"86591b01b014f8fbdd39b61c863b9915": ["7", "com.smorgasbork.hotdeath.Prefs"]}, {"c2361eefef412f05cad442f66ce6ee77": ["3", "com.smorgasbork.hotdeath.Prefs"]}, {"86591b01b014f8fbdd39b61c863b9915": ["7", "com.smorgasbork.hotdeath.Prefs"]}, {"5d239d9e3dfb1e2bb0d5b467d8d09c5c": ["4", "com.smorgasbork.hotdeath.Prefs"]}, {"86591b01b014f8fbdd39b61c863b9915": ["7", "com.smorgasbork.hotdeath.Prefs"]}, {"86591b01b014f8fbdd39b61c863b9915": ["7", "com.smorgasbork.hotdeath.Prefs"]}, {"86591b01b014f8fbdd39b61c863b9915": ["7", "com.smorgasbork.hotdeath.Prefs"]}, {"86591b01b014f8fbdd39b61c863b9915": ["7", "com.smorgasbork.hotdeath.Prefs"]}, {"86591b01b014f8fbdd39b61c863b9915": ["7", "com.smorgasbork.hotdeath.Prefs"]}, {"00f78fe87a5df84bfc90fd40acf35f03": ["9", "com.smorgasbork.hotdeath.Main"]}, {"00f78fe87a5df84bfc90fd40acf35f03": ["9", "com.smorgasbork.hotdeath.Main"]}, {"00f78fe87a5df84bfc90fd40acf35f03": ["9", "com.smorgasbork.hotdeath.Main"]}, {"86591b01b014f8fbdd39b61c863b9915": ["7", "com.smorgasbork.hotdeath.Prefs"]}, {"86591b01b014f8fbdd39b61c863b9915": ["7", "com.smorgasbork.hotdeath.Prefs"]}, {"5d239d9e3dfb1e2bb0d5b467d8d09c5c": ["4", "com.smorgasbork.hotdeath.Prefs"]}, {"86591b01b014f8fbdd39b61c863b9915": ["7", "com.smorgasbork.hotdeath.Prefs"]}, {"86591b01b014f8fbdd39b61c863b9915": ["7", "com.smorgasbork.hotdeath.Prefs"]}, {"86591b01b014f8fbdd39b61c863b9915": ["7", "com.smorgasbork.hotdeath.Prefs"]}, {"00f78fe87a5df84bfc90fd40acf35f03": ["9", "com.smorgasbork.hotdeath.Main"]}, {"00f78fe87a5df84bfc90fd40acf35f03": ["9", "com.smorgasbork.hotdeath.Main"]}, {"00f78fe87a5df84bfc90fd40acf35f03": ["9", "com.smorgasbork.hotdeath.Main"]}, {"00f78fe87a5df84bfc90fd40acf35f03": ["9", "com.smorgasbork.hotdeath.Main"]}, {"00f78fe87a5df84bfc90fd40acf35f03": ["9", "com.smorgasbork.hotdeath.Main"]}, {"00f78fe87a5df84bfc90fd40acf35f03": ["9", "com.smorgasbork.hotdeath.Main"]}, {"00f78fe87a5df84bfc90fd40acf35f03": ["9", "com.smorgasbork.hotdeath.Main"]}, {"00f78fe87a5df84bfc90fd40acf35f03": ["9", "com.smorgasbork.hotdeath.Main"]}, {"00f78fe87a5df84bfc90fd40acf35f03": ["9", "com.smorgasbork.hotdeath.Main"]}, {"00f78fe87a5df84bfc90fd40acf35f03": ["9", "com.smorgasbork.hotdeath.Main"]}, {"00f78fe87a5df84bfc90fd40acf35f03": ["9", "com.smorgasbork.hotdeath.Main"]}, {"00f78fe87a5df84bfc90fd40acf35f03": ["9", "com.smorgasbork.hotdeath.Main"]}, {"00f78fe87a5df84bfc90fd40acf35f03": ["9", "com.smorgasbork.hotdeath.Main"]}, {"00f78fe87a5df84bfc90fd40acf35f03": ["9", "com.smorgasbork.hotdeath.Main"]}, {"00f78fe87a5df84bfc90fd40acf35f03": ["9", "com.smorgasbork.hotdeath.Main"]}, {"00f78fe87a5df84bfc90fd40acf35f03": ["9", "com.smorgasbork.hotdeath.Main"]}, {"86591b01b014f8fbdd39b61c863b9915": ["7", "com.smorgasbork.hotdeath.Prefs"]}, {"3b32a5ae822050bf76aea702f14fdca3": ["2", "com.smorgasbork.hotdeath.Prefs"]}, {"86591b01b014f8fbdd39b61c863b9915": ["7", "com.smorgasbork.hotdeath.Prefs"]}, {"86591b01b014f8fbdd39b61c863b9915": ["7", "com.smorgasbork.hotdeath.Prefs"]}, {"00f78fe87a5df84bfc90fd40acf35f03": ["9", "com.smorgasbork.hotdeath.Main"]}, {"86591b01b014f8fbdd39b61c863b9915": ["7", "com.smorgasbork.hotdeath.Prefs"]}, {"3b32a5ae822050bf76aea702f14fdca3": ["2", "com.smorgasbork.hotdeath.Prefs"]}, {"3b32a5ae822050bf76aea702f14fdca3": ["2", "com.smorgasbork.hotdeath.Prefs"]}, {"86591b01b014f8fbdd39b61c863b9915": ["7", "com.smorgasbork.hotdeath.Prefs"]}, {"3b32a5ae822050bf76aea702f14fdca3": ["2", "com.smorgasbork.hotdeath.Prefs"]}, {"3b32a5ae822050bf76aea702f14fdca3": ["2", "com.smorgasbork.hotdeath.Prefs"]}, {"86591b01b014f8fbdd39b61c863b9915": ["7", "com.smorgasbork.hotdeath.Prefs"]}, {"86591b01b014f8fbdd39b61c863b9915": ["7", "com.smorgasbork.hotdeath.Prefs"]}, {"86591b01b014f8fbdd39b61c863b9915": ["7", "com.smorgasbork.hotdeath.Prefs"]}, {"5d239d9e3dfb1e2bb0d5b467d8d09c5c": ["4", "com.smorgasbork.hotdeath.Prefs"]}, {"86591b01b014f8fbdd39b61c863b9915": ["7", "com.smorgasbork.hotdeath.Prefs"]}, {"86591b01b014f8fbdd39b61c863b9915": ["7", "com.smorgasbork.hotdeath.Prefs"]}, {"86591b01b014f8fbdd39b61c863b9915": ["7", "com.smorgasbork.hotdeath.Prefs"]}, {"00f78fe87a5df84bfc90fd40acf35f03": ["9", "com.smorgasbork.hotdeath.Main"]}, {"00f78fe87a5df84bfc90fd40acf35f03": ["9", "com.smorgasbork.hotdeath.Main"]}, {"00f78fe87a5df84bfc90fd40acf35f03": ["9", "com.smorgasbork.hotdeath.Main"]}, {"00f78fe87a5df84bfc90fd40acf35f03": ["9", "com.smorgasbork.hotdeath.Main"]}, {"86591b01b014f8fbdd39b61c863b9915": ["7", "com.smorgasbork.hotdeath.Prefs"]}, {"86591b01b014f8fbdd39b61c863b9915": ["7", "com.smorgasbork.hotdeath.Prefs"]}, {"c2361eefef412f05cad442f66ce6ee77": ["3", "com.smorgasbork.hotdeath.Prefs"]}, {"86591b01b014f8fbdd39b61c863b9915": ["7", "com.smorgasbork.hotdeath.Prefs"]}, {"00f78fe87a5df84bfc90fd40acf35f03": ["9", "com.smorgasbork.hotdeath.Main"]}, {"86591b01b014f8fbdd39b61c863b9915": ["7", "com.smorgasbork.hotdeath.Prefs"]}, {"86591b01b014f8fbdd39b61c863b9915": ["7", "com.smorgasbork.hotdeath.Prefs"]}, {"5d239d9e3dfb1e2bb0d5b467d8d09c5c": ["4", "com.smorgasbork.hotdeath.Prefs"]}, {"86591b01b014f8fbdd39b61c863b9915": ["7", "com.smorgasbork.hotdeath.Prefs"]}, {"86591b01b014f8fbdd39b61c863b9915": ["7", "com.smorgasbork.hotdeath.Prefs"]}, {"86591b01b014f8fbdd39b61c863b9915": ["7", "com.smorgasbork.hotdeath.Prefs"]}, {"86591b01b014f8fbdd39b61c863b9915": ["7", "com.smorgasbork.hotdeath.Prefs"]}, {"5d239d9e3dfb1e2bb0d5b467d8d09c5c": ["4", "com.smorgasbork.hotdeath.Prefs"]}, {"86591b01b014f8fbdd39b61c863b9915": ["7", "com.smorgasbork.hotdeath.Prefs"]}, {"3b32a5ae822050bf76aea702f14fdca3": ["2", "com.smorgasbork.hotdeath.Prefs"]}, {"86591b01b014f8fbdd39b61c863b9915": ["7", "com.smorgasbork.hotdeath.Prefs"]}, {"c2361eefef412f05cad442f66ce6ee77": ["3", "com.smorgasbork.hotdeath.Prefs"]}, {"00f78fe87a5df84bfc90fd40acf35f03": ["9", "com.smorgasbork.hotdeath.Main"]}, {"86591b01b014f8fbdd39b61c863b9915": ["7", "com.smorgasbork.hotdeath.Prefs"]}, {"86591b01b014f8fbdd39b61c863b9915": ["7", "com.smorgasbork.hotdeath.Prefs"]}, {"c2361eefef412f05cad442f66ce6ee77": ["3", "com.smorgasbork.hotdeath.Prefs"]}, {"86591b01b014f8fbdd39b61c863b9915": ["7", "com.smorgasbork.hotdeath.Prefs"]}, {"86591b01b014f8fbdd39b61c863b9915": ["7", "com.smorgasbork.hotdeath.Prefs"]}, {"86591b01b014f8fbdd39b61c863b9915": ["7", "com.smorgasbork.hotdeath.Prefs"]}, {"86591b01b014f8fbdd39b61c863b9915": ["7", "com.smorgasbork.hotdeath.Prefs"]}, {"86591b01b014f8fbdd39b61c863b9915": ["7", "com.smorgasbork.hotdeath.Prefs"]}, {"3b32a5ae822050bf76aea702f14fdca3": ["2", "com.smorgasbork.hotdeath.Prefs"]}, {"86591b01b014f8fbdd39b61c863b9915": ["7", "com.smorgasbork.hotdeath.Prefs"]}, {"00f78fe87a5df84bfc90fd40acf35f03": ["9", "com.smorgasbork.hotdeath.Main"]}, {"00f78fe87a5df84bfc90fd40acf35f03": ["9", "com.smorgasbork.hotdeath.Main"]}, {"00f78fe87a5df84bfc90fd40acf35f03": ["9", "com.smorgasbork.hotdeath.Main"]}, {"00f78fe87a5df84bfc90fd40acf35f03": ["9", "com.smorgasbork.hotdeath.Main"]}, {"00f78fe87a5df84bfc90fd40acf35f03": ["9", "com.smorgasbork.hotdeath.Main"]}, {"00f78fe87a5df84bfc90fd40acf35f03": ["9", "com.smorgasbork.hotdeath.Main"]}, {"87f76ec466335c36274b703973a59ba6": ["0", "com.smorgasbork.hotdeath.Main"]}, {"86591b01b014f8fbdd39b61c863b9915": ["7", "com.smorgasbork.hotdeath.Prefs"]}, {"86591b01b014f8fbdd39b61c863b9915": ["7", "com.smorgasbork.hotdeath.Prefs"]}, {"3b32a5ae822050bf76aea702f14fdca3": ["2", "com.smorgasbork.hotdeath.Prefs"]}, {"86591b01b014f8fbdd39b61c863b9915": ["7", "com.smorgasbork.hotdeath.Prefs"]}, {"5d239d9e3dfb1e2bb0d5b467d8d09c5c": ["4", "com.smorgasbork.hotdeath.Prefs"]}, {"86591b01b014f8fbdd39b61c863b9915": ["7", "com.smorgasbork.hotdeath.Prefs"]}, {"86591b01b014f8fbdd39b61c863b9915": ["7", "com.smorgasbork.hotdeath.Prefs"]}, {"86591b01b014f8fbdd39b61c863b9915": ["7", "com.smorgasbork.hotdeath.Prefs"]}, {"86591b01b014f8fbdd39b61c863b9915": ["7", "com.smorgasbork.hotdeath.Prefs"]}, {"86591b01b014f8fbdd39b61c863b9915": ["7", "com.smorgasbork.hotdeath.Prefs"]}, {"3b32a5ae822050bf76aea702f14fdca3": ["2", "com.smorgasbork.hotdeath.Prefs"]}, {"86591b01b014f8fbdd39b61c863b9915": ["7", "com.smorgasbork.hotdeath.Prefs"]}, {"86591b01b014f8fbdd39b61c863b9915": ["7", "com.smorgasbork.hotdeath.Prefs"]}, {"5d239d9e3dfb1e2bb0d5b467d8d09c5c": ["4", "com.smorgasbork.hotdeath.Prefs"]}, {"86591b01b014f8fbdd39b61c863b9915": ["7", "com.smorgasbork.hotdeath.Prefs"]}, {"3b32a5ae822050bf76aea702f14fdca3": ["2", "com.smorgasbork.hotdeath.Prefs"]}, {"86591b01b014f8fbdd39b61c863b9915": ["7", "com.smorgasbork.hotdeath.Prefs"]}, {"86591b01b014f8fbdd39b61c863b9915": ["7", "com.smorgasbork.hotdeath.Prefs"]}, {"3b32a5ae822050bf76aea702f14fdca3": ["2", "com.smorgasbork.hotdeath.Prefs"]}, {"86591b01b014f8fbdd39b61c863b9915": ["7", "com.smorgasbork.hotdeath.Prefs"]}, {"3b32a5ae822050bf76aea702f14fdca3": ["2", "com.smorgasbork.hotdeath.Prefs"]}, {"86591b01b014f8fbdd39b61c863b9915": ["7", "com.smorgasbork.hotdeath.Prefs"]}, {"3b32a5ae822050bf76aea702f14fdca3": ["2", "com.smorgasbork.hotdeath.Prefs"]}, {"87f76ec466335c36274b703973a59ba6": ["0", "com.smorgasbork.hotdeath.Main"]}, {"87f76ec466335c36274b703973a59ba6": ["0", "com.smorgasbork.hotdeath.Main"]}, {"87f76ec466335c36274b703973a59ba6": ["0", "com.smorgasbork.hotdeath.Main"]}, {"87f76ec466335c36274b703973a59ba6": ["0", "com.smorgasbork.hotdeath.Main"]}, {"87f76ec466335c36274b703973a59ba6": ["0", "com.smorgasbork.hotdeath.Main"]}, {"87f76ec466335c36274b703973a59ba6": ["0", "com.smorgasbork.hotdeath.Main"]}, {"87f76ec466335c36274b703973a59ba6": ["0", "com.smorgasbork.hotdeath.Main"]}, {"87f76ec466335c36274b703973a59ba6": ["0", "com.smorgasbork.hotdeath.Main"]}, {"87f76ec466335c36274b703973a59ba6": ["0", "com.smorgasbork.hotdeath.Main"]}, {"87f76ec466335c36274b703973a59ba6": ["0", "com.smorgasbork.hotdeath.Main"]}, {"87f76ec466335c36274b703973a59ba6": ["0", "com.smorgasbork.hotdeath.Main"]}, {"87f76ec466335c36274b703973a59ba6": ["0", "com.smorgasbork.hotdeath.Main"]}, {"86591b01b014f8fbdd39b61c863b9915": ["7", "com.smorgasbork.hotdeath.Prefs"]}, {"5d239d9e3dfb1e2bb0d5b467d8d09c5c": ["4", "com.smorgasbork.hotdeath.Prefs"]}, {"86591b01b014f8fbdd39b61c863b9915": ["7", "com.smorgasbork.hotdeath.Prefs"]}, {"5d239d9e3dfb1e2bb0d5b467d8d09c5c": ["4", "com.smorgasbork.hotdeath.Prefs"]}, {"86591b01b014f8fbdd39b61c863b9915": ["7", "com.smorgasbork.hotdeath.Prefs"]}, {"86591b01b014f8fbdd39b61c863b9915": ["7", "com.smorgasbork.hotdeath.Prefs"]}, {"86591b01b014f8fbdd39b61c863b9915": ["7", "com.smorgasbork.hotdeath.Prefs"]}, {"86591b01b014f8fbdd39b61c863b9915": ["7", "com.smorgasbork.hotdeath.Prefs"]}, {"3b32a5ae822050bf76aea702f14fdca3": ["2", "com.smorgasbork.hotdeath.Prefs"]}, {"87f76ec466335c36274b703973a59ba6": ["0", "com.smorgasbork.hotdeath.Main"]}, {"87f76ec466335c36274b703973a59ba6": ["0", "com.smorgasbork.hotdeath.Main"]}, {"87f76ec466335c36274b703973a59ba6": ["0", "com.smorgasbork.hotdeath.Main"]}, {"87f76ec466335c36274b703973a59ba6": ["0", "com.smorgasbork.hotdeath.Main"]}, {"86591b01b014f8fbdd39b61c863b9915": ["7", "com.smorgasbork.hotdeath.Prefs"]}, {"3b32a5ae822050bf76aea702f14fdca3": ["2", "com.smorgasbork.hotdeath.Prefs"]}, {"86591b01b014f8fbdd39b61c863b9915": ["7", "com.smorgasbork.hotdeath.Prefs"]}, {"86591b01b014f8fbdd39b61c863b9915": ["7", "com.smorgasbork.hotdeath.Prefs"]}, {"86591b01b014f8fbdd39b61c863b9915": ["7", "com.smorgasbork.hotdeath.Prefs"]}, {"5d239d9e3dfb1e2bb0d5b467d8d09c5c": ["4", "com.smorgasbork.hotdeath.Prefs"]}, {"86591b01b014f8fbdd39b61c863b9915": ["7", "com.smorgasbork.hotdeath.Prefs"]}, {"87f76ec466335c36274b703973a59ba6": ["0", "com.smorgasbork.hotdeath.Main"]}, {"87f76ec466335c36274b703973a59ba6": ["0", "com.smorgasbork.hotdeath.Main"]}, {"87f76ec466335c36274b703973a59ba6": ["0", "com.smorgasbork.hotdeath.Main"]}, {"ab06b4b8c4020c340d6cd7f967b4ee78": ["6", "com.smorgasbork.hotdeath.GameActivity"]}, {"00f78fe87a5df84bfc90fd40acf35f03": ["9", "com.smorgasbork.hotdeath.Main"]}, {"00f78fe87a5df84bfc90fd40acf35f03": ["9", "com.smorgasbork.hotdeath.Main"]}, {"00f78fe87a5df84bfc90fd40acf35f03": ["9", "com.smorgasbork.hotdeath.Main"]}, {"00f78fe87a5df84bfc90fd40acf35f03": ["9", "com.smorgasbork.hotdeath.Main"]}, {"00f78fe87a5df84bfc90fd40acf35f03": ["9", "com.smorgasbork.hotdeath.Main"]}, {"00f78fe87a5df84bfc90fd40acf35f03": ["9", "com.smorgasbork.hotdeath.Main"]}, {"87f76ec466335c36274b703973a59ba6": ["0", "com.smorgasbork.hotdeath.Main"]}, {"87f76ec466335c36274b703973a59ba6": ["0", "com.smorgasbork.hotdeath.Main"]}, {"87f76ec466335c36274b703973a59ba6": ["0", "com.smorgasbork.hotdeath.Main"]}, {"86591b01b014f8fbdd39b61c863b9915": ["7", "com.smorgasbork.hotdeath.Prefs"]}, {"c2361eefef412f05cad442f66ce6ee77": ["3", "com.smorgasbork.hotdeath.Prefs"]}, {"86591b01b014f8fbdd39b61c863b9915": ["7", "com.smorgasbork.hotdeath.Prefs"]}, {"86591b01b014f8fbdd39b61c863b9915": ["7", "com.smorgasbork.hotdeath.Prefs"]}, {"86591b01b014f8fbdd39b61c863b9915": ["7", "com.smorgasbork.hotdeath.Prefs"]}, {"86591b01b014f8fbdd39b61c863b9915": ["7", "com.smorgasbork.hotdeath.Prefs"]}, {"5d239d9e3dfb1e2bb0d5b467d8d09c5c": ["4", "com.smorgasbork.hotdeath.Prefs"]}, {"86591b01b014f8fbdd39b61c863b9915": ["7", "com.smorgasbork.hotdeath.Prefs"]}, {"86591b01b014f8fbdd39b61c863b9915": ["7", "com.smorgasbork.hotdeath.Prefs"]}, {"c2361eefef412f05cad442f66ce6ee77": ["3", "com.smorgasbork.hotdeath.Prefs"]}, {"86591b01b014f8fbdd39b61c863b9915": ["7", "com.smorgasbork.hotdeath.Prefs"]}, {"86591b01b014f8fbdd39b61c863b9915": ["7", "com.smorgasbork.hotdeath.Prefs"]}, {"5d239d9e3dfb1e2bb0d5b467d8d09c5c": ["4", "com.smorgasbork.hotdeath.Prefs"]}, {"86591b01b014f8fbdd39b61c863b9915": ["7", "com.smorgasbork.hotdeath.Prefs"]}, {"87f76ec466335c36274b703973a59ba6": ["0", "com.smorgasbork.hotdeath.Main"]}, {"87f76ec466335c36274b703973a59ba6": ["0", "com.smorgasbork.hotdeath.Main"]}, {"87f76ec466335c36274b703973a59ba6": ["0", "com.smorgasbork.hotdeath.Main"]}, {"87f76ec466335c36274b703973a59ba6": ["0", "com.smorgasbork.hotdeath.Main"]}, {"87f76ec466335c36274b703973a59ba6": ["0", "com.smorgasbork.hotdeath.Main"]}, {"87f76ec466335c36274b703973a59ba6": ["0", "com.smorgasbork.hotdeath.Main"]}, {"86591b01b014f8fbdd39b61c863b9915": ["7", "com.smorgasbork.hotdeath.Prefs"]}, {"86591b01b014f8fbdd39b61c863b9915": ["7", "com.smorgasbork.hotdeath.Prefs"]}, {"86591b01b014f8fbdd39b61c863b9915": ["7", "com.smorgasbork.hotdeath.Prefs"]}, {"c2361eefef412f05cad442f66ce6ee77": ["3", "com.smorgasbork.hotdeath.Prefs"]}, {"86591b01b014f8fbdd39b61c863b9915": ["7", "com.smorgasbork.hotdeath.Prefs"]}, {"86591b01b014f8fbdd39b61c863b9915": ["7", "com.smorgasbork.hotdeath.Prefs"]}, {"c2361eefef412f05cad442f66ce6ee77": ["3", "com.smorgasbork.hotdeath.Prefs"]}, {"86591b01b014f8fbdd39b61c863b9915": ["7", "com.smorgasbork.hotdeath.Prefs"]}, {"86591b01b014f8fbdd39b61c863b9915": ["7", "com.smorgasbork.hotdeath.Prefs"]}, {"86591b01b014f8fbdd39b61c863b9915": ["7", "com.smorgasbork.hotdeath.Prefs"]}, {"87f76ec466335c36274b703973a59ba6": ["0", "com.smorgasbork.hotdeath.Main"]}, {"86591b01b014f8fbdd39b61c863b9915": ["7", "com.smorgasbork.hotdeath.Prefs"]}, {"86591b01b014f8fbdd39b61c863b9915": ["7", "com.smorgasbork.hotdeath.Prefs"]}, {"86591b01b014f8fbdd39b61c863b9915": ["7", "com.smorgasbork.hotdeath.Prefs"]}, {"c2361eefef412f05cad442f66ce6ee77": ["3", "com.smorgasbork.hotdeath.Prefs"]}, {"86591b01b014f8fbdd39b61c863b9915": ["7", "com.smorgasbork.hotdeath.Prefs"]}, {"87f76ec466335c36274b703973a59ba6": ["0", "com.smorgasbork.hotdeath.Main"]}, {"87f76ec466335c36274b703973a59ba6": ["0", "com.smorgasbork.hotdeath.Main"]}, {"87f76ec466335c36274b703973a59ba6": ["0", "com.smorgasbork.hotdeath.Main"]}, {"87f76ec466335c36274b703973a59ba6": ["0", "com.smorgasbork.hotdeath.Main"]}, {"87f76ec466335c36274b703973a59ba6": ["0", "com.smorgasbork.hotdeath.Main"]}, {"87f76ec466335c36274b703973a59ba6": ["0", "com.smorgasbork.hotdeath.Main"]}, {"87f76ec466335c36274b703973a59ba6": ["0", "com.smorgasbork.hotdeath.Main"]}, {"86591b01b014f8fbdd39b61c863b9915": ["7", "com.smorgasbork.hotdeath.Prefs"]}, {"5d239d9e3dfb1e2bb0d5b467d8d09c5c": ["4", "com.smorgasbork.hotdeath.Prefs"]}, {"86591b01b014f8fbdd39b61c863b9915": ["7", "com.smorgasbork.hotdeath.Prefs"]}, {"86591b01b014f8fbdd39b61c863b9915": ["7", "com.smorgasbork.hotdeath.Prefs"]}, {"c2361eefef412f05cad442f66ce6ee77": ["3", "com.smorgasbork.hotdeath.Prefs"]}, {"86591b01b014f8fbdd39b61c863b9915": ["7", "com.smorgasbork.hotdeath.Prefs"]}, {"86591b01b014f8fbdd39b61c863b9915": ["7", "com.smorgasbork.hotdeath.Prefs"]}, {"86591b01b014f8fbdd39b61c863b9915": ["7", "com.smorgasbork.hotdeath.Prefs"]}, {"86591b01b014f8fbdd39b61c863b9915": ["7", "com.smorgasbork.hotdeath.Prefs"]}, {"86591b01b014f8fbdd39b61c863b9915": ["7", "com.smorgasbork.hotdeath.Prefs"]}, {"c2361eefef412f05cad442f66ce6ee77": ["3", "com.smorgasbork.hotdeath.Prefs"]}, {"86591b01b014f8fbdd39b61c863b9915": ["7", "com.smorgasbork.hotdeath.Prefs"]}, {"86591b01b014f8fbdd39b61c863b9915": ["7", "com.smorgasbork.hotdeath.Prefs"]}, {"5d239d9e3dfb1e2bb0d5b467d8d09c5c": ["4", "com.smorgasbork.hotdeath.Prefs"]}, {"86591b01b014f8fbdd39b61c863b9915": ["7", "com.smorgasbork.hotdeath.Prefs"]}, {"3b32a5ae822050bf76aea702f14fdca3": ["2", "com.smorgasbork.hotdeath.Prefs"]}, {"3b32a5ae822050bf76aea702f14fdca3": ["2", "com.smorgasbork.hotdeath.Prefs"]}, {"86591b01b014f8fbdd39b61c863b9915": ["7", "com.smorgasbork.hotdeath.Prefs"]}, {"86591b01b014f8fbdd39b61c863b9915": ["7", "com.smorgasbork.hotdeath.Prefs"]}, {"5d239d9e3dfb1e2bb0d5b467d8d09c5c": ["4", "com.smorgasbork.hotdeath.Prefs"]}, {"86591b01b014f8fbdd39b61c863b9915": ["7", "com.smorgasbork.hotdeath.Prefs"]}, {"3b32a5ae822050bf76aea702f14fdca3": ["2", "com.smorgasbork.hotdeath.Prefs"]}, {"87f76ec466335c36274b703973a59ba6": ["0", "com.smorgasbork.hotdeath.Main"]}, {"86591b01b014f8fbdd39b61c863b9915": ["7", "com.smorgasbork.hotdeath.Prefs"]}, {"86591b01b014f8fbdd39b61c863b9915": ["7", "com.smorgasbork.hotdeath.Prefs"]}, {"86591b01b014f8fbdd39b61c863b9915": ["7", "com.smorgasbork.hotdeath.Prefs"]}, {"86591b01b014f8fbdd39b61c863b9915": ["7", "com.smorgasbork.hotdeath.Prefs"]}, {"86591b01b014f8fbdd39b61c863b9915": ["7", "com.smorgasbork.hotdeath.Prefs"]}, {"5d239d9e3dfb1e2bb0d5b467d8d09c5c": ["4", "com.smorgasbork.hotdeath.Prefs"]}, {"86591b01b014f8fbdd39b61c863b9915": ["7", "com.smorgasbork.hotdeath.Prefs"]}, {"3b32a5ae822050bf76aea702f14fdca3": ["2", "com.smorgasbork.hotdeath.Prefs"]}, {"3b32a5ae822050bf76aea702f14fdca3": ["2", "com.smorgasbork.hotdeath.Prefs"]}, {"86591b01b014f8fbdd39b61c863b9915": ["7", "com.smorgasbork.hotdeath.Prefs"]}, {"3b32a5ae822050bf76aea702f14fdca3": ["2", "com.smorgasbork.hotdeath.Prefs"]}, {"3b32a5ae822050bf76aea702f14fdca3": ["2", "com.smorgasbork.hotdeath.Prefs"]}, {"86591b01b014f8fbdd39b61c863b9915": ["7", "com.smorgasbork.hotdeath.Prefs"]}, {"5d239d9e3dfb1e2bb0d5b467d8d09c5c": ["4", "com.smorgasbork.hotdeath.Prefs"]}, {"86591b01b014f8fbdd39b61c863b9915": ["7", "com.smorgasbork.hotdeath.Prefs"]}, {"c2361eefef412f05cad442f66ce6ee77": ["3", "com.smorgasbork.hotdeath.Prefs"]}, {"86591b01b014f8fbdd39b61c863b9915": ["7", "com.smorgasbork.hotdeath.Prefs"]}, {"86591b01b014f8fbdd39b61c863b9915": ["7", "com.smorgasbork.hotdeath.Prefs"]}, {"86591b01b014f8fbdd39b61c863b9915": ["7", "com.smorgasbork.hotdeath.Prefs"]}, {"86591b01b014f8fbdd39b61c863b9915": ["7", "com.smorgasbork.hotdeath.Prefs"]}, {"86591b01b014f8fbdd39b61c863b9915": ["7", "com.smorgasbork.hotdeath.Prefs"]}, {"5d239d9e3dfb1e2bb0d5b467d8d09c5c": ["4", "com.smorgasbork.hotdeath.Prefs"]}, {"86591b01b014f8fbdd39b61c863b9915": ["7", "com.smorgasbork.hotdeath.Prefs"]}, {"87f76ec466335c36274b703973a59ba6": ["0", "com.smorgasbork.hotdeath.Main"]}, {"87f76ec466335c36274b703973a59ba6": ["0", "com.smorgasbork.hotdeath.Main"]}, {"87f76ec466335c36274b703973a59ba6": ["0", "com.smorgasbork.hotdeath.Main"]}, {"87f76ec466335c36274b703973a59ba6": ["0", "com.smorgasbork.hotdeath.Main"]}, {"87f76ec466335c36274b703973a59ba6": ["0", "com.smorgasbork.hotdeath.Main"]}, {"87f76ec466335c36274b703973a59ba6": ["0", "com.smorgasbork.hotdeath.Main"]}, {"87f76ec466335c36274b703973a59ba6": ["0", "com.smorgasbork.hotdeath.Main"]}, {"86591b01b014f8fbdd39b61c863b9915": ["7", "com.smorgasbork.hotdeath.Prefs"]}, {"3b32a5ae822050bf76aea702f14fdca3": ["2", "com.smorgasbork.hotdeath.Prefs"]}, {"3b32a5ae822050bf76aea702f14fdca3": ["2", "com.smorgasbork.hotdeath.Prefs"]}, {"3b32a5ae822050bf76aea702f14fdca3": ["2", "com.smorgasbork.hotdeath.Prefs"]}, {"3b32a5ae822050bf76aea702f14fdca3": ["2", "com.smorgasbork.hotdeath.Prefs"]}, {"86591b01b014f8fbdd39b61c863b9915": ["7", "com.smorgasbork.hotdeath.Prefs"]}, {"86591b01b014f8fbdd39b61c863b9915": ["7", "com.smorgasbork.hotdeath.Prefs"]}, {"86591b01b014f8fbdd39b61c863b9915": ["7", "com.smorgasbork.hotdeath.Prefs"]}, {"86591b01b014f8fbdd39b61c863b9915": ["7", "com.smorgasbork.hotdeath.Prefs"]}, {"3b32a5ae822050bf76aea702f14fdca3": ["2", "com.smorgasbork.hotdeath.Prefs"]}, {"86591b01b014f8fbdd39b61c863b9915": ["7", "com.smorgasbork.hotdeath.Prefs"]}, {"86591b01b014f8fbdd39b61c863b9915": ["7", "com.smorgasbork.hotdeath.Prefs"]}, {"86591b01b014f8fbdd39b61c863b9915": ["7", "com.smorgasbork.hotdeath.Prefs"]}, {"3b32a5ae822050bf76aea702f14fdca3": ["2", "com.smorgasbork.hotdeath.Prefs"]}, {"3b32a5ae822050bf76aea702f14fdca3": ["2", "com.smorgasbork.hotdeath.Prefs"]}, {"86591b01b014f8fbdd39b61c863b9915": ["7", "com.smorgasbork.hotdeath.Prefs"]}, {"5d239d9e3dfb1e2bb0d5b467d8d09c5c": ["4", "com.smorgasbork.hotdeath.Prefs"]}, {"86591b01b014f8fbdd39b61c863b9915": ["7", "com.smorgasbork.hotdeath.Prefs"]}, {"86591b01b014f8fbdd39b61c863b9915": ["7", "com.smorgasbork.hotdeath.Prefs"]}, {"3b32a5ae822050bf76aea702f14fdca3": ["2", "com.smorgasbork.hotdeath.Prefs"]}, {"3b32a5ae822050bf76aea702f14fdca3": ["2", "com.smorgasbork.hotdeath.Prefs"]}, {"87f76ec466335c36274b703973a59ba6": ["0", "com.smorgasbork.hotdeath.Main"]}, {"87f76ec466335c36274b703973a59ba6": ["0", "com.smorgasbork.hotdeath.Main"]}, {"86591b01b014f8fbdd39b61c863b9915": ["7", "com.smorgasbork.hotdeath.Prefs"]}, {"5d239d9e3dfb1e2bb0d5b467d8d09c5c": ["4", "com.smorgasbork.hotdeath.Prefs"]}, {"86591b01b014f8fbdd39b61c863b9915": ["7", "com.smorgasbork.hotdeath.Prefs"]}, {"3b32a5ae822050bf76aea702f14fdca3": ["2", "com.smorgasbork.hotdeath.Prefs"]}, {"86591b01b014f8fbdd39b61c863b9915": ["7", "com.smorgasbork.hotdeath.Prefs"]}, {"86591b01b014f8fbdd39b61c863b9915": ["7", "com.smorgasbork.hotdeath.Prefs"]}, {"5d239d9e3dfb1e2bb0d5b467d8d09c5c": ["4", "com.smorgasbork.hotdeath.Prefs"]}, {"86591b01b014f8fbdd39b61c863b9915": ["7", "com.smorgasbork.hotdeath.Prefs"]}, {"86591b01b014f8fbdd39b61c863b9915": ["7", "com.smorgasbork.hotdeath.Prefs"]}, {"3b32a5ae822050bf76aea702f14fdca3": ["2", "com.smorgasbork.hotdeath.Prefs"]}, {"3b32a5ae822050bf76aea702f14fdca3": ["2", "com.smorgasbork.hotdeath.Prefs"]}, {"3b32a5ae822050bf76aea702f14fdca3": ["2", "com.smorgasbork.hotdeath.Prefs"]}, {"86591b01b014f8fbdd39b61c863b9915": ["7", "com.smorgasbork.hotdeath.Prefs"]}, {"5d239d9e3dfb1e2bb0d5b467d8d09c5c": ["4", "com.smorgasbork.hotdeath.Prefs"]}, {"86591b01b014f8fbdd39b61c863b9915": ["7", "com.smorgasbork.hotdeath.Prefs"]}, {"87f76ec466335c36274b703973a59ba6": ["0", "com.smorgasbork.hotdeath.Main"]}, {"87f76ec466335c36274b703973a59ba6": ["0", "com.smorgasbork.hotdeath.Main"]}, {"87f76ec466335c36274b703973a59ba6": ["0", "com.smorgasbork.hotdeath.Main"]}, {"87f76ec466335c36274b703973a59ba6": ["0", "com.smorgasbork.hotdeath.Main"]}, {"87f76ec466335c36274b703973a59ba6": ["0", "com.smorgasbork.hotdeath.Main"]}, {"87f76ec466335c36274b703973a59ba6": ["0", "com.smorgasbork.hotdeath.Main"]}, {"87f76ec466335c36274b703973a59ba6": ["0", "com.smorgasbork.hotdeath.Main"]}, {"87f76ec466335c36274b703973a59ba6": ["0", "com.smorgasbork.hotdeath.Main"]}, {"00f78fe87a5df84bfc90fd40acf35f03": ["9", "com.smorgasbork.hotdeath.Main"]}, {"00f78fe87a5df84bfc90fd40acf35f03": ["9", "com.smorgasbork.hotdeath.Main"]}, {"00f78fe87a5df84bfc90fd40acf35f03": ["9", "com.smorgasbork.hotdeath.Main"]}, {"00f78fe87a5df84bfc90fd40acf35f03": ["9", "com.smorgasbork.hotdeath.Main"]}, {"00f78fe87a5df84bfc90fd40acf35f03": ["9", "com.smorgasbork.hotdeath.Main"]}, {"00f78fe87a5df84bfc90fd40acf35f03": ["9", "com.smorgasbork.hotdeath.Main"]}, {"00f78fe87a5df84bfc90fd40acf35f03": ["9", "com.smorgasbork.hotdeath.Main"]}, {"00f78fe87a5df84bfc90fd40acf35f03": ["9", "com.smorgasbork.hotdeath.Main"]}, {"00f78fe87a5df84bfc90fd40acf35f03": ["9", "com.smorgasbork.hotdeath.Main"]}, {"00f78fe87a5df84bfc90fd40acf35f03": ["9", "com.smorgasbork.hotdeath.Main"]}, {"86591b01b014f8fbdd39b61c863b9915": ["7", "com.smorgasbork.hotdeath.Prefs"]}, {"86591b01b014f8fbdd39b61c863b9915": ["7", "com.smorgasbork.hotdeath.Prefs"]}, {"86591b01b014f8fbdd39b61c863b9915": ["7", "com.smorgasbork.hotdeath.Prefs"]}, {"86591b01b014f8fbdd39b61c863b9915": ["7", "com.smorgasbork.hotdeath.Prefs"]}, {"86591b01b014f8fbdd39b61c863b9915": ["7", "com.smorgasbork.hotdeath.Prefs"]}, {"3b32a5ae822050bf76aea702f14fdca3": ["2", "com.smorgasbork.hotdeath.Prefs"]}, {"86591b01b014f8fbdd39b61c863b9915": ["7", "com.smorgasbork.hotdeath.Prefs"]}, {"86591b01b014f8fbdd39b61c863b9915": ["7", "com.smorgasbork.hotdeath.Prefs"]}, {"86591b01b014f8fbdd39b61c863b9915": ["7", "com.smorgasbork.hotdeath.Prefs"]}, {"5d239d9e3dfb1e2bb0d5b467d8d09c5c": ["4", "com.smorgasbork.hotdeath.Prefs"]}, {"86591b01b014f8fbdd39b61c863b9915": ["7", "com.smorgasbork.hotdeath.Prefs"]}, {"5d239d9e3dfb1e2bb0d5b467d8d09c5c": ["4", "com.smorgasbork.hotdeath.Prefs"]}, {"86591b01b014f8fbdd39b61c863b9915": ["7", "com.smorgasbork.hotdeath.Prefs"]}, {"5d239d9e3dfb1e2bb0d5b467d8d09c5c": ["4", "com.smorgasbork.hotdeath.Prefs"]}, {"86591b01b014f8fbdd39b61c863b9915": ["7", "com.smorgasbork.hotdeath.Prefs"]}, {"86591b01b014f8fbdd39b61c863b9915": ["7", "com.smorgasbork.hotdeath.Prefs"]}, {"3b32a5ae822050bf76aea702f14fdca3": ["2", "com.smorgasbork.hotdeath.Prefs"]}, {"3b32a5ae822050bf76aea702f14fdca3": ["2", "com.smorgasbork.hotdeath.Prefs"]}, {"86591b01b014f8fbdd39b61c863b9915": ["7", "com.smorgasbork.hotdeath.Prefs"]}, {"3b32a5ae822050bf76aea702f14fdca3": ["2", "com.smorgasbork.hotdeath.Prefs"]}, {"86591b01b014f8fbdd39b61c863b9915": ["7", "com.smorgasbork.hotdeath.Prefs"]}, {"86591b01b014f8fbdd39b61c863b9915": ["7", "com.smorgasbork.hotdeath.Prefs"]}, {"86591b01b014f8fbdd39b61c863b9915": ["7", "com.smorgasbork.hotdeath.Prefs"]}, {"86591b01b014f8fbdd39b61c863b9915": ["7", "com.smorgasbork.hotdeath.Prefs"]}, {"86591b01b014f8fbdd39b61c863b9915": ["7", "com.smorgasbork.hotdeath.Prefs"]}, {"86591b01b014f8fbdd39b61c863b9915": ["7", "com.smorgasbork.hotdeath.Prefs"]}, {"c2361eefef412f05cad442f66ce6ee77": ["3", "com.smorgasbork.hotdeath.Prefs"]}, {"86591b01b014f8fbdd39b61c863b9915": ["7", "com.smorgasbork.hotdeath.Prefs"]}, {"c2361eefef412f05cad442f66ce6ee77": ["3", "com.smorgasbork.hotdeath.Prefs"]}, {"86591b01b014f8fbdd39b61c863b9915": ["7", "com.smorgasbork.hotdeath.Prefs"]}, {"5d239d9e3dfb1e2bb0d5b467d8d09c5c": ["4", "com.smorgasbork.hotdeath.Prefs"]}, {"86591b01b014f8fbdd39b61c863b9915": ["7", "com.smorgasbork.hotdeath.Prefs"]}, {"c2361eefef412f05cad442f66ce6ee77": ["3", "com.smorgasbork.hotdeath.Prefs"]}, {"00f78fe87a5df84bfc90fd40acf35f03": ["9", "com.smorgasbork.hotdeath.Main"]}, {"00f78fe87a5df84bfc90fd40acf35f03": ["9", "com.smorgasbork.hotdeath.Main"]}, {"00f78fe87a5df84bfc90fd40acf35f03": ["9", "com.smorgasbork.hotdeath.Main"]}, {"87f76ec466335c36274b703973a59ba6": ["0", "com.smorgasbork.hotdeath.Main"]}, {"87f76ec466335c36274b703973a59ba6": ["0", "com.smorgasbork.hotdeath.Main"]}, {"87f76ec466335c36274b703973a59ba6": ["0", "com.smorgasbork.hotdeath.Main"]}, {"87f76ec466335c36274b703973a59ba6": ["0", "com.smorgasbork.hotdeath.Main"]}, {"87f76ec466335c36274b703973a59ba6": ["0", "com.smorgasbork.hotdeath.Main"]}, {"87f76ec466335c36274b703973a59ba6": ["0", "com.smorgasbork.hotdeath.Main"]}, {"87f76ec466335c36274b703973a59ba6": ["0", "com.smorgasbork.hotdeath.Main"]}, {"87f76ec466335c36274b703973a59ba6": ["0", "com.smorgasbork.hotdeath.Main"]}, {"86591b01b014f8fbdd39b61c863b9915": ["7", "com.smorgasbork.hotdeath.Prefs"]}, {"c2361eefef412f05cad442f66ce6ee77": ["3", "com.smorgasbork.hotdeath.Prefs"]}, {"86591b01b014f8fbdd39b61c863b9915": ["7", "com.smorgasbork.hotdeath.Prefs"]}, {"3b32a5ae822050bf76aea702f14fdca3": ["2", "com.smorgasbork.hotdeath.Prefs"]}, {"86591b01b014f8fbdd39b61c863b9915": ["7", "com.smorgasbork.hotdeath.Prefs"]}, {"86591b01b014f8fbdd39b61c863b9915": ["7", "com.smorgasbork.hotdeath.Prefs"]}, {"3b32a5ae822050bf76aea702f14fdca3": ["2", "com.smorgasbork.hotdeath.Prefs"]}, {"86591b01b014f8fbdd39b61c863b9915": ["7", "com.smorgasbork.hotdeath.Prefs"]}, {"86591b01b014f8fbdd39b61c863b9915": ["7", "com.smorgasbork.hotdeath.Prefs"]}, {"86591b01b014f8fbdd39b61c863b9915": ["7", "com.smorgasbork.hotdeath.Prefs"]}, {"5d239d9e3dfb1e2bb0d5b467d8d09c5c": ["4", "com.smorgasbork.hotdeath.Prefs"]}, {"86591b01b014f8fbdd39b61c863b9915": ["7", "com.smorgasbork.hotdeath.Prefs"]}, {"86591b01b014f8fbdd39b61c863b9915": ["7", "com.smorgasbork.hotdeath.Prefs"]}, {"c2361eefef412f05cad442f66ce6ee77": ["3", "com.smorgasbork.hotdeath.Prefs"]}, {"86591b01b014f8fbdd39b61c863b9915": ["7", "com.smorgasbork.hotdeath.Prefs"]}, {"5d239d9e3dfb1e2bb0d5b467d8d09c5c": ["4", "com.smorgasbork.hotdeath.Prefs"]}, {"86591b01b014f8fbdd39b61c863b9915": ["7", "com.smorgasbork.hotdeath.Prefs"]}, {"5d239d9e3dfb1e2bb0d5b467d8d09c5c": ["4", "com.smorgasbork.hotdeath.Prefs"]}, {"86591b01b014f8fbdd39b61c863b9915": ["7", "com.smorgasbork.hotdeath.Prefs"]}, {"86591b01b014f8fbdd39b61c863b9915": ["7", "com.smorgasbork.hotdeath.Prefs"]}, {"86591b01b014f8fbdd39b61c863b9915": ["7", "com.smorgasbork.hotdeath.Prefs"]}, {"c2361eefef412f05cad442f66ce6ee77": ["3", "com.smorgasbork.hotdeath.Prefs"]}, {"86591b01b014f8fbdd39b61c863b9915": ["7", "com.smorgasbork.hotdeath.Prefs"]}, {"5d239d9e3dfb1e2bb0d5b467d8d09c5c": ["4", "com.smorgasbork.hotdeath.Prefs"]}, {"86591b01b014f8fbdd39b61c863b9915": ["7", "com.smorgasbork.hotdeath.Prefs"]}, {"c2361eefef412f05cad442f66ce6ee77": ["3", "com.smorgasbork.hotdeath.Prefs"]}, {"86591b01b014f8fbdd39b61c863b9915": ["7", "com.smorgasbork.hotdeath.Prefs"]}, {"c2361eefef412f05cad442f66ce6ee77": ["3", "com.smorgasbork.hotdeath.Prefs"]}, {"86591b01b014f8fbdd39b61c863b9915": ["7", "com.smorgasbork.hotdeath.Prefs"]}, {"86591b01b014f8fbdd39b61c863b9915": ["7", "com.smorgasbork.hotdeath.Prefs"]}, {"5d239d9e3dfb1e2bb0d5b467d8d09c5c": ["4", "com.smorgasbork.hotdeath.Prefs"]}, {"86591b01b014f8fbdd39b61c863b9915": ["7", "com.smorgasbork.hotdeath.Prefs"]}, {"5d239d9e3dfb1e2bb0d5b467d8d09c5c": ["4", "com.smorgasbork.hotdeath.Prefs"]}, {"86591b01b014f8fbdd39b61c863b9915": ["7", "com.smorgasbork.hotdeath.Prefs"]}, {"86591b01b014f8fbdd39b61c863b9915": ["7", "com.smorgasbork.hotdeath.Prefs"]}, {"86591b01b014f8fbdd39b61c863b9915": ["7", "com.smorgasbork.hotdeath.Prefs"]}, {"c2361eefef412f05cad442f66ce6ee77": ["3", "com.smorgasbork.hotdeath.Prefs"]}, {"86591b01b014f8fbdd39b61c863b9915": ["7", "com.smorgasbork.hotdeath.Prefs"]}, {"5d239d9e3dfb1e2bb0d5b467d8d09c5c": ["4", "com.smorgasbork.hotdeath.Prefs"]}, {"86591b01b014f8fbdd39b61c863b9915": ["7", "com.smorgasbork.hotdeath.Prefs"]}, {"86591b01b014f8fbdd39b61c863b9915": ["7", "com.smorgasbork.hotdeath.Prefs"]}, {"86591b01b014f8fbdd39b61c863b9915": ["7", "com.smorgasbork.hotdeath.Prefs"]}, {"86591b01b014f8fbdd39b61c863b9915": ["7", "com.smorgasbork.hotdeath.Prefs"]}, {"87f76ec466335c36274b703973a59ba6": ["0", "com.smorgasbork.hotdeath.Main"]}, {"87f76ec466335c36274b703973a59ba6": ["0", "com.smorgasbork.hotdeath.Main"]}, {"86591b01b014f8fbdd39b61c863b9915": ["7", "com.smorgasbork.hotdeath.Prefs"]}, {"86591b01b014f8fbdd39b61c863b9915": ["7", "com.smorgasbork.hotdeath.Prefs"]}, {"87f76ec466335c36274b703973a59ba6": ["0", "com.smorgasbork.hotdeath.Main"]}, {"87f76ec466335c36274b703973a59ba6": ["0", "com.smorgasbork.hotdeath.Main"]}, {"87f76ec466335c36274b703973a59ba6": ["0", "com.smorgasbork.hotdeath.Main"]}, {"87f76ec466335c36274b703973a59ba6": ["0", "com.smorgasbork.hotdeath.Main"]}, {"87f76ec466335c36274b703973a59ba6": ["0", "com.smorgasbork.hotdeath.Main"]}, {"87f76ec466335c36274b703973a59ba6": ["0", "com.smorgasbork.hotdeath.Main"]}, {"87f76ec466335c36274b703973a59ba6": ["0", "com.smorgasbork.hotdeath.Main"]}, {"86591b01b014f8fbdd39b61c863b9915": ["7", "com.smorgasbork.hotdeath.Prefs"]}, {"87f76ec466335c36274b703973a59ba6": ["0", "com.smorgasbork.hotdeath.Main"]}, {"87f76ec466335c36274b703973a59ba6": ["0", "com.smorgasbork.hotdeath.Main"]}, {"87f76ec466335c36274b703973a59ba6": ["0", "com.smorgasbork.hotdeath.Main"]}, {"87f76ec466335c36274b703973a59ba6": ["0", "com.smorgasbork.hotdeath.Main"]}, {"87f76ec466335c36274b703973a59ba6": ["0", "com.smorgasbork.hotdeath.Main"]}, {"87f76ec466335c36274b703973a59ba6": ["0", "com.smorgasbork.hotdeath.Main"]}, {"87f76ec466335c36274b703973a59ba6": ["0", "com.smorgasbork.hotdeath.Main"]}, {"87f76ec466335c36274b703973a59ba6": ["0", "com.smorgasbork.hotdeath.Main"]}, {"87f76ec466335c36274b703973a59ba6": ["0", "com.smorgasbork.hotdeath.Main"]}, {"86591b01b014f8fbdd39b61c863b9915": ["7", "com.smorgasbork.hotdeath.Prefs"]}, {"86591b01b014f8fbdd39b61c863b9915": ["7", "com.smorgasbork.hotdeath.Prefs"]}, {"86591b01b014f8fbdd39b61c863b9915": ["7", "com.smorgasbork.hotdeath.Prefs"]}, {"86591b01b014f8fbdd39b61c863b9915": ["7", "com.smorgasbork.hotdeath.Prefs"]}, {"86591b01b014f8fbdd39b61c863b9915": ["7", "com.smorgasbork.hotdeath.Prefs"]}, {"c2361eefef412f05cad442f66ce6ee77": ["3", "com.smorgasbork.hotdeath.Prefs"]}, {"86591b01b014f8fbdd39b61c863b9915": ["7", "com.smorgasbork.hotdeath.Prefs"]}, {"86591b01b014f8fbdd39b61c863b9915": ["7", "com.smorgasbork.hotdeath.Prefs"]}, {"86591b01b014f8fbdd39b61c863b9915": ["7", "com.smorgasbork.hotdeath.Prefs"]}, {"86591b01b014f8fbdd39b61c863b9915": ["7", "com.smorgasbork.hotdeath.Prefs"]}, {"86591b01b014f8fbdd39b61c863b9915": ["7", "com.smorgasbork.hotdeath.Prefs"]}, {"87f76ec466335c36274b703973a59ba6": ["0", "com.smorgasbork.hotdeath.Main"]}, {"87f76ec466335c36274b703973a59ba6": ["0", "com.smorgasbork.hotdeath.Main"]}, {"87f76ec466335c36274b703973a59ba6": ["0", "com.smorgasbork.hotdeath.Main"]}, {"86591b01b014f8fbdd39b61c863b9915": ["7", "com.smorgasbork.hotdeath.Prefs"]}, {"86591b01b014f8fbdd39b61c863b9915": ["7", "com.smorgasbork.hotdeath.Prefs"]}, {"5d239d9e3dfb1e2bb0d5b467d8d09c5c": ["4", "com.smorgasbork.hotdeath.Prefs"]}, {"86591b01b014f8fbdd39b61c863b9915": ["7", "com.smorgasbork.hotdeath.Prefs"]}, {"86591b01b014f8fbdd39b61c863b9915": ["7", "com.smorgasbork.hotdeath.Prefs"]}, {"86591b01b014f8fbdd39b61c863b9915": ["7", "com.smorgasbork.hotdeath.Prefs"]}, {"86591b01b014f8fbdd39b61c863b9915": ["7", "com.smorgasbork.hotdeath.Prefs"]}, {"86591b01b014f8fbdd39b61c863b9915": ["7", "com.smorgasbork.hotdeath.Prefs"]}, {"86591b01b014f8fbdd39b61c863b9915": ["7", "com.smorgasbork.hotdeath.Prefs"]}, {"86591b01b014f8fbdd39b61c863b9915": ["7", "com.smorgasbork.hotdeath.Prefs"]}, {"86591b01b014f8fbdd39b61c863b9915": ["7", "com.smorgasbork.hotdeath.Prefs"]}, {"5d239d9e3dfb1e2bb0d5b467d8d09c5c": ["4", "com.smorgasbork.hotdeath.Prefs"]}, {"86591b01b014f8fbdd39b61c863b9915": ["7", "com.smorgasbork.hotdeath.Prefs"]}, {"3b32a5ae822050bf76aea702f14fdca3": ["2", "com.smorgasbork.hotdeath.Prefs"]}, {"3b32a5ae822050bf76aea702f14fdca3": ["2", "com.smorgasbork.hotdeath.Prefs"]}, {"86591b01b014f8fbdd39b61c863b9915": ["7", "com.smorgasbork.hotdeath.Prefs"]}, {"86591b01b014f8fbdd39b61c863b9915": ["7", "com.smorgasbork.hotdeath.Prefs"]}, {"3b32a5ae822050bf76aea702f14fdca3": ["2", "com.smorgasbork.hotdeath.Prefs"]}, {"3b32a5ae822050bf76aea702f14fdca3": ["2", "com.smorgasbork.hotdeath.Prefs"]}, {"3b32a5ae822050bf76aea702f14fdca3": ["2", "com.smorgasbork.hotdeath.Prefs"]}, {"3b32a5ae822050bf76aea702f14fdca3": ["2", "com.smorgasbork.hotdeath.Prefs"]}, {"86591b01b014f8fbdd39b61c863b9915": ["7", "com.smorgasbork.hotdeath.Prefs"]}, {"86591b01b014f8fbdd39b61c863b9915": ["7", "com.smorgasbork.hotdeath.Prefs"]}, {"86591b01b014f8fbdd39b61c863b9915": ["7", "com.smorgasbork.hotdeath.Prefs"]}, {"86591b01b014f8fbdd39b61c863b9915": ["7", "com.smorgasbork.hotdeath.Prefs"]}, {"3b32a5ae822050bf76aea702f14fdca3": ["2", "com.smorgasbork.hotdeath.Prefs"]}, {"86591b01b014f8fbdd39b61c863b9915": ["7", "com.smorgasbork.hotdeath.Prefs"]}, {"86591b01b014f8fbdd39b61c863b9915": ["7", "com.smorgasbork.hotdeath.Prefs"]}, {"86591b01b014f8fbdd39b61c863b9915": ["7", "com.smorgasbork.hotdeath.Prefs"]}, {"87f76ec466335c36274b703973a59ba6": ["0", "com.smorgasbork.hotdeath.Main"]}, {"86591b01b014f8fbdd39b61c863b9915": ["7", "com.smorgasbork.hotdeath.Prefs"]}, {"86591b01b014f8fbdd39b61c863b9915": ["7", "com.smorgasbork.hotdeath.Prefs"]}, {"3b32a5ae822050bf76aea702f14fdca3": ["2", "com.smorgasbork.hotdeath.Prefs"]}, {"86591b01b014f8fbdd39b61c863b9915": ["7", "com.smorgasbork.hotdeath.Prefs"]}, {"86591b01b014f8fbdd39b61c863b9915": ["7", "com.smorgasbork.hotdeath.Prefs"]}, {"86591b01b014f8fbdd39b61c863b9915": ["7", "com.smorgasbork.hotdeath.Prefs"]}, {"86591b01b014f8fbdd39b61c863b9915": ["7", "com.smorgasbork.hotdeath.Prefs"]}, {"86591b01b014f8fbdd39b61c863b9915": ["7", "com.smorgasbork.hotdeath.Prefs"]}, {"5d239d9e3dfb1e2bb0d5b467d8d09c5c": ["4", "com.smorgasbork.hotdeath.Prefs"]}, {"86591b01b014f8fbdd39b61c863b9915": ["7", "com.smorgasbork.hotdeath.Prefs"]}, {"c2361eefef412f05cad442f66ce6ee77": ["3", "com.smorgasbork.hotdeath.Prefs"]}, {"86591b01b014f8fbdd39b61c863b9915": ["7", "com.smorgasbork.hotdeath.Prefs"]}, {"86591b01b014f8fbdd39b61c863b9915": ["7", "com.smorgasbork.hotdeath.Prefs"]}, {"c2361eefef412f05cad442f66ce6ee77": ["3", "com.smorgasbork.hotdeath.Prefs"]}, {"86591b01b014f8fbdd39b61c863b9915": ["7", "com.smorgasbork.hotdeath.Prefs"]}, {"86591b01b014f8fbdd39b61c863b9915": ["7", "com.smorgasbork.hotdeath.Prefs"]}, {"86591b01b014f8fbdd39b61c863b9915": ["7", "com.smorgasbork.hotdeath.Prefs"]}, {"86591b01b014f8fbdd39b61c863b9915": ["7", "com.smorgasbork.hotdeath.Prefs"]}, {"86591b01b014f8fbdd39b61c863b9915": ["7", "com.smorgasbork.hotdeath.Prefs"]}, {"86591b01b014f8fbdd39b61c863b9915": ["7", "com.smorgasbork.hotdeath.Prefs"]}, {"86591b01b014f8fbdd39b61c863b9915": ["7", "com.smorgasbork.hotdeath.Prefs"]}, {"86591b01b014f8fbdd39b61c863b9915": ["7", "com.smorgasbork.hotdeath.Prefs"]}, {"3b32a5ae822050bf76aea702f14fdca3": ["2", "com.smorgasbork.hotdeath.Prefs"]}, {"3b32a5ae822050bf76aea702f14fdca3": ["2", "com.smorgasbork.hotdeath.Prefs"]}, {"86591b01b014f8fbdd39b61c863b9915": ["7", "com.smorgasbork.hotdeath.Prefs"]}, {"86591b01b014f8fbdd39b61c863b9915": ["7", "com.smorgasbork.hotdeath.Prefs"]}, {"86591b01b014f8fbdd39b61c863b9915": ["7", "com.smorgasbork.hotdeath.Prefs"]}, {"86591b01b014f8fbdd39b61c863b9915": ["7", "com.smorgasbork.hotdeath.Prefs"]}, {"86591b01b014f8fbdd39b61c863b9915": ["7", "com.smorgasbork.hotdeath.Prefs"]}, {"5d239d9e3dfb1e2bb0d5b467d8d09c5c": ["4", "com.smorgasbork.hotdeath.Prefs"]}, {"86591b01b014f8fbdd39b61c863b9915": ["7", "com.smorgasbork.hotdeath.Prefs"]}, {"86591b01b014f8fbdd39b61c863b9915": ["7", "com.smorgasbork.hotdeath.Prefs"]}, {"86591b01b014f8fbdd39b61c863b9915": ["7", "com.smorgasbork.hotdeath.Prefs"]}, {"86591b01b014f8fbdd39b61c863b9915": ["7", "com.smorgasbork.hotdeath.Prefs"]}, {"86591b01b014f8fbdd39b61c863b9915": ["7", "com.smorgasbork.hotdeath.Prefs"]}, {"86591b01b014f8fbdd39b61c863b9915": ["7", "com.smorgasbork.hotdeath.Prefs"]}, {"5d239d9e3dfb1e2bb0d5b467d8d09c5c": ["4", "com.smorgasbork.hotdeath.Prefs"]}, {"86591b01b014f8fbdd39b61c863b9915": ["7", "com.smorgasbork.hotdeath.Prefs"]}, {"86591b01b014f8fbdd39b61c863b9915": ["7", "com.smorgasbork.hotdeath.Prefs"]}, {"87f76ec466335c36274b703973a59ba6": ["0", "com.smorgasbork.hotdeath.Main"]}, {"87f76ec466335c36274b703973a59ba6": ["0", "com.smorgasbork.hotdeath.Main"]}, {"87f76ec466335c36274b703973a59ba6": ["0", "com.smorgasbork.hotdeath.Main"]}, {"86591b01b014f8fbdd39b61c863b9915": ["7", "com.smorgasbork.hotdeath.Prefs"]}, {"87f76ec466335c36274b703973a59ba6": ["0", "com.smorgasbork.hotdeath.Main"]}, {"ab06b4b8c4020c340d6cd7f967b4ee78": ["6", "com.smorgasbork.hotdeath.GameActivity"]}, {"87f76ec466335c36274b703973a59ba6": ["0", "com.smorgasbork.hotdeath.Main"]}, {"87f76ec466335c36274b703973a59ba6": ["0", "com.smorgasbork.hotdeath.Main"]}, {"87f76ec466335c36274b703973a59ba6": ["0", "com.smorgasbork.hotdeath.Main"]}, {"87f76ec466335c36274b703973a59ba6": ["0", "com.smorgasbork.hotdeath.Main"]}, {"87f76ec466335c36274b703973a59ba6": ["0", "com.smorgasbork.hotdeath.Main"]}, {"87f76ec466335c36274b703973a59ba6": ["0", "com.smorgasbork.hotdeath.Main"]}, {"86591b01b014f8fbdd39b61c863b9915": ["7", "com.smorgasbork.hotdeath.Prefs"]}, {"86591b01b014f8fbdd39b61c863b9915": ["7", "com.smorgasbork.hotdeath.Prefs"]}, {"86591b01b014f8fbdd39b61c863b9915": ["7", "com.smorgasbork.hotdeath.Prefs"]}, {"86591b01b014f8fbdd39b61c863b9915": ["7", "com.smorgasbork.hotdeath.Prefs"]}, {"5d239d9e3dfb1e2bb0d5b467d8d09c5c": ["4", "com.smorgasbork.hotdeath.Prefs"]}, {"86591b01b014f8fbdd39b61c863b9915": ["7", "com.smorgasbork.hotdeath.Prefs"]}, {"86591b01b014f8fbdd39b61c863b9915": ["7", "com.smorgasbork.hotdeath.Prefs"]}, {"5d239d9e3dfb1e2bb0d5b467d8d09c5c": ["4", "com.smorgasbork.hotdeath.Prefs"]}, {"86591b01b014f8fbdd39b61c863b9915": ["7", "com.smorgasbork.hotdeath.Prefs"]}, {"86591b01b014f8fbdd39b61c863b9915": ["7", "com.smorgasbork.hotdeath.Prefs"]}, {"87f76ec466335c36274b703973a59ba6": ["0", "com.smorgasbork.hotdeath.Main"]}, {"87f76ec466335c36274b703973a59ba6": ["0", "com.smorgasbork.hotdeath.Main"]}, {"86591b01b014f8fbdd39b61c863b9915": ["7", "com.smorgasbork.hotdeath.Prefs"]}, {"3b32a5ae822050bf76aea702f14fdca3": ["2", "com.smorgasbork.hotdeath.Prefs"]}, {"3b32a5ae822050bf76aea702f14fdca3": ["2", "com.smorgasbork.hotdeath.Prefs"]}, {"86591b01b014f8fbdd39b61c863b9915": ["7", "com.smorgasbork.hotdeath.Prefs"]}, {"86591b01b014f8fbdd39b61c863b9915": ["7", "com.smorgasbork.hotdeath.Prefs"]}, {"c2361eefef412f05cad442f66ce6ee77": ["3", "com.smorgasbork.hotdeath.Prefs"]}, {"86591b01b014f8fbdd39b61c863b9915": ["7", "com.smorgasbork.hotdeath.Prefs"]}, {"c2361eefef412f05cad442f66ce6ee77": ["3", "com.smorgasbork.hotdeath.Prefs"]}, {"86591b01b014f8fbdd39b61c863b9915": ["7", "com.smorgasbork.hotdeath.Prefs"]}, {"86591b01b014f8fbdd39b61c863b9915": ["7", "com.smorgasbork.hotdeath.Prefs"]}, {"86591b01b014f8fbdd39b61c863b9915": ["7", "com.smorgasbork.hotdeath.Prefs"]}, {"86591b01b014f8fbdd39b61c863b9915": ["7", "com.smorgasbork.hotdeath.Prefs"]}, {"c2361eefef412f05cad442f66ce6ee77": ["3", "com.smorgasbork.hotdeath.Prefs"]}, {"86591b01b014f8fbdd39b61c863b9915": ["7", "com.smorgasbork.hotdeath.Prefs"]}, {"86591b01b014f8fbdd39b61c863b9915": ["7", "com.smorgasbork.hotdeath.Prefs"]}, {"86591b01b014f8fbdd39b61c863b9915": ["7", "com.smorgasbork.hotdeath.Prefs"]}, {"5d239d9e3dfb1e2bb0d5b467d8d09c5c": ["4", "com.smorgasbork.hotdeath.Prefs"]}, {"86591b01b014f8fbdd39b61c863b9915": ["7", "com.smorgasbork.hotdeath.Prefs"]}, {"86591b01b014f8fbdd39b61c863b9915": ["7", "com.smorgasbork.hotdeath.Prefs"]}, {"86591b01b014f8fbdd39b61c863b9915": ["7", "com.smorgasbork.hotdeath.Prefs"]}, {"5d239d9e3dfb1e2bb0d5b467d8d09c5c": ["4", "com.smorgasbork.hotdeath.Prefs"]}, {"86591b01b014f8fbdd39b61c863b9915": ["7", "com.smorgasbork.hotdeath.Prefs"]}, {"86591b01b014f8fbdd39b61c863b9915": ["7", "com.smorgasbork.hotdeath.Prefs"]}, {"86591b01b014f8fbdd39b61c863b9915": ["7", "com.smorgasbork.hotdeath.Prefs"]}, {"86591b01b014f8fbdd39b61c863b9915": ["7", "com.smorgasbork.hotdeath.Prefs"]}, {"86591b01b014f8fbdd39b61c863b9915": ["7", "com.smorgasbork.hotdeath.Prefs"]}, {"3b32a5ae822050bf76aea702f14fdca3": ["2", "com.smorgasbork.hotdeath.Prefs"]}, {"86591b01b014f8fbdd39b61c863b9915": ["7", "com.smorgasbork.hotdeath.Prefs"]}, {"87f76ec466335c36274b703973a59ba6": ["0", "com.smorgasbork.hotdeath.Main"]}, {"87f76ec466335c36274b703973a59ba6": ["0", "com.smorgasbork.hotdeath.Main"]}, {"87f76ec466335c36274b703973a59ba6": ["0", "com.smorgasbork.hotdeath.Main"]}, {"87f76ec466335c36274b703973a59ba6": ["0", "com.smorgasbork.hotdeath.Main"]}, {"87f76ec466335c36274b703973a59ba6": ["0", "com.smorgasbork.hotdeath.Main"]}, {"87f76ec466335c36274b703973a59ba6": ["0", "com.smorgasbork.hotdeath.Main"]}, {"87f76ec466335c36274b703973a59ba6": ["0", "com.smorgasbork.hotdeath.Main"]}, {"87f76ec466335c36274b703973a59ba6": ["0", "com.smorgasbork.hotdeath.Main"]}, {"86591b01b014f8fbdd39b61c863b9915": ["7", "com.smorgasbork.hotdeath.Prefs"]}, {"5d239d9e3dfb1e2bb0d5b467d8d09c5c": ["4", "com.smorgasbork.hotdeath.Prefs"]}, {"86591b01b014f8fbdd39b61c863b9915": ["7", "com.smorgasbork.hotdeath.Prefs"]}, {"3b32a5ae822050bf76aea702f14fdca3": ["2", "com.smorgasbork.hotdeath.Prefs"]}, {"3b32a5ae822050bf76aea702f14fdca3": ["2", "com.smorgasbork.hotdeath.Prefs"]}, {"3b32a5ae822050bf76aea702f14fdca3": ["2", "com.smorgasbork.hotdeath.Prefs"]}, {"86591b01b014f8fbdd39b61c863b9915": ["7", "com.smorgasbork.hotdeath.Prefs"]}, {"86591b01b014f8fbdd39b61c863b9915": ["7", "com.smorgasbork.hotdeath.Prefs"]}, {"5d239d9e3dfb1e2bb0d5b467d8d09c5c": ["4", "com.smorgasbork.hotdeath.Prefs"]}, {"86591b01b014f8fbdd39b61c863b9915": ["7", "com.smorgasbork.hotdeath.Prefs"]}, {"c2361eefef412f05cad442f66ce6ee77": ["3", "com.smorgasbork.hotdeath.Prefs"]}, {"86591b01b014f8fbdd39b61c863b9915": ["7", "com.smorgasbork.hotdeath.Prefs"]}]