[{"f4f917356a0af4eb7a315dcb57b36013": ["0", "hu.vsza.adsdroid.SearchPanel"]}, {"f4f917356a0af4eb7a315dcb57b36013": ["0", "hu.vsza.adsdroid.SearchPanel"]}, {"f4f917356a0af4eb7a315dcb57b36013": ["0", "hu.vsza.adsdroid.SearchPanel"]}, {"f4f917356a0af4eb7a315dcb57b36013": ["0", "hu.vsza.adsdroid.SearchPanel"]}, {"f4f917356a0af4eb7a315dcb57b36013": ["0", "hu.vsza.adsdroid.SearchPanel"]}, {"f4f917356a0af4eb7a315dcb57b36013": ["0", "hu.vsza.adsdroid.SearchPanel"]}, {"f4f917356a0af4eb7a315dcb57b36013": ["0", "hu.vsza.adsdroid.SearchPanel"]}, {"744692ecc8014f105647c20ce3372983": ["1", "hu.vsza.adsdroid.SearchPanel"]}, {"f4f917356a0af4eb7a315dcb57b36013": ["0", "hu.vsza.adsdroid.SearchPanel"]}, {"744692ecc8014f105647c20ce3372983": ["1", "hu.vsza.adsdroid.SearchPanel"]}, {"744692ecc8014f105647c20ce3372983": ["1", "hu.vsza.adsdroid.SearchPanel"]}, {"744692ecc8014f105647c20ce3372983": ["1", "hu.vsza.adsdroid.SearchPanel"]}, {"744692ecc8014f105647c20ce3372983": ["1", "hu.vsza.adsdroid.SearchPanel"]}, {"f4f917356a0af4eb7a315dcb57b36013": ["0", "hu.vsza.adsdroid.SearchPanel"]}, {"744692ecc8014f105647c20ce3372983": ["1", "hu.vsza.adsdroid.SearchPanel"]}, {"f4f917356a0af4eb7a315dcb57b36013": ["0", "hu.vsza.adsdroid.SearchPanel"]}, {"744692ecc8014f105647c20ce3372983": ["1", "hu.vsza.adsdroid.SearchPanel"]}, {"744692ecc8014f105647c20ce3372983": ["1", "hu.vsza.adsdroid.SearchPanel"]}, {"744692ecc8014f105647c20ce3372983": ["1", "hu.vsza.adsdroid.SearchPanel"]}, {"744692ecc8014f105647c20ce3372983": ["1", "hu.vsza.adsdroid.SearchPanel"]}, {"744692ecc8014f105647c20ce3372983": ["1", "hu.vsza.adsdroid.SearchPanel"]}, {"744692ecc8014f105647c20ce3372983": ["1", "hu.vsza.adsdroid.SearchPanel"]}, {"744692ecc8014f105647c20ce3372983": ["1", "hu.vsza.adsdroid.SearchPanel"]}, {"744692ecc8014f105647c20ce3372983": ["1", "hu.vsza.adsdroid.SearchPanel"]}, {"744692ecc8014f105647c20ce3372983": ["1", "hu.vsza.adsdroid.SearchPanel"]}, {"744692ecc8014f105647c20ce3372983": ["1", "hu.vsza.adsdroid.SearchPanel"]}, {"744692ecc8014f105647c20ce3372983": ["1", "hu.vsza.adsdroid.SearchPanel"]}, {"f4f917356a0af4eb7a315dcb57b36013": ["0", "hu.vsza.adsdroid.SearchPanel"]}, {"f4f917356a0af4eb7a315dcb57b36013": ["0", "hu.vsza.adsdroid.SearchPanel"]}, {"f4f917356a0af4eb7a315dcb57b36013": ["0", "hu.vsza.adsdroid.SearchPanel"]}, {"f4f917356a0af4eb7a315dcb57b36013": ["0", "hu.vsza.adsdroid.SearchPanel"]}, {"744692ecc8014f105647c20ce3372983": ["1", "hu.vsza.adsdroid.SearchPanel"]}, {"744692ecc8014f105647c20ce3372983": ["1", "hu.vsza.adsdroid.SearchPanel"]}, {"f4f917356a0af4eb7a315dcb57b36013": ["0", "hu.vsza.adsdroid.SearchPanel"]}, {"f4f917356a0af4eb7a315dcb57b36013": ["0", "hu.vsza.adsdroid.SearchPanel"]}, {"f4f917356a0af4eb7a315dcb57b36013": ["0", "hu.vsza.adsdroid.SearchPanel"]}, {"f4f917356a0af4eb7a315dcb57b36013": ["0", "hu.vsza.adsdroid.SearchPanel"]}, {"f4f917356a0af4eb7a315dcb57b36013": ["0", "hu.vsza.adsdroid.SearchPanel"]}, {"744692ecc8014f105647c20ce3372983": ["1", "hu.vsza.adsdroid.SearchPanel"]}, {"744692ecc8014f105647c20ce3372983": ["1", "hu.vsza.adsdroid.SearchPanel"]}, {"f4f917356a0af4eb7a315dcb57b36013": ["0", "hu.vsza.adsdroid.SearchPanel"]}, {"744692ecc8014f105647c20ce3372983": ["1", "hu.vsza.adsdroid.SearchPanel"]}, {"744692ecc8014f105647c20ce3372983": ["1", "hu.vsza.adsdroid.SearchPanel"]}, {"f4f917356a0af4eb7a315dcb57b36013": ["0", "hu.vsza.adsdroid.SearchPanel"]}, {"f4f917356a0af4eb7a315dcb57b36013": ["0", "hu.vsza.adsdroid.SearchPanel"]}, {"f4f917356a0af4eb7a315dcb57b36013": ["0", "hu.vsza.adsdroid.SearchPanel"]}, {"744692ecc8014f105647c20ce3372983": ["1", "hu.vsza.adsdroid.SearchPanel"]}, {"f4f917356a0af4eb7a315dcb57b36013": ["0", "hu.vsza.adsdroid.SearchPanel"]}, {"744692ecc8014f105647c20ce3372983": ["1", "hu.vsza.adsdroid.SearchPanel"]}, {"744692ecc8014f105647c20ce3372983": ["1", "hu.vsza.adsdroid.SearchPanel"]}, {"744692ecc8014f105647c20ce3372983": ["1", "hu.vsza.adsdroid.SearchPanel"]}, {"744692ecc8014f105647c20ce3372983": ["1", "hu.vsza.adsdroid.SearchPanel"]}, {"f4f917356a0af4eb7a315dcb57b36013": ["0", "hu.vsza.adsdroid.SearchPanel"]}, {"744692ecc8014f105647c20ce3372983": ["1", "hu.vsza.adsdroid.SearchPanel"]}, {"f4f917356a0af4eb7a315dcb57b36013": ["0", "hu.vsza.adsdroid.SearchPanel"]}, {"f4f917356a0af4eb7a315dcb57b36013": ["0", "hu.vsza.adsdroid.SearchPanel"]}, {"f4f917356a0af4eb7a315dcb57b36013": ["0", "hu.vsza.adsdroid.SearchPanel"]}, {"f4f917356a0af4eb7a315dcb57b36013": ["0", "hu.vsza.adsdroid.SearchPanel"]}, {"744692ecc8014f105647c20ce3372983": ["1", "hu.vsza.adsdroid.SearchPanel"]}, {"f4f917356a0af4eb7a315dcb57b36013": ["0", "hu.vsza.adsdroid.SearchPanel"]}, {"f4f917356a0af4eb7a315dcb57b36013": ["0", "hu.vsza.adsdroid.SearchPanel"]}, {"744692ecc8014f105647c20ce3372983": ["1", "hu.vsza.adsdroid.SearchPanel"]}, {"744692ecc8014f105647c20ce3372983": ["1", "hu.vsza.adsdroid.SearchPanel"]}, {"744692ecc8014f105647c20ce3372983": ["1", "hu.vsza.adsdroid.SearchPanel"]}, {"744692ecc8014f105647c20ce3372983": ["1", "hu.vsza.adsdroid.SearchPanel"]}, {"744692ecc8014f105647c20ce3372983": ["1", "hu.vsza.adsdroid.SearchPanel"]}, {"744692ecc8014f105647c20ce3372983": ["1", "hu.vsza.adsdroid.SearchPanel"]}, {"f4f917356a0af4eb7a315dcb57b36013": ["0", "hu.vsza.adsdroid.SearchPanel"]}, {"f4f917356a0af4eb7a315dcb57b36013": ["0", "hu.vsza.adsdroid.SearchPanel"]}, {"744692ecc8014f105647c20ce3372983": ["1", "hu.vsza.adsdroid.SearchPanel"]}, {"f4f917356a0af4eb7a315dcb57b36013": ["0", "hu.vsza.adsdroid.SearchPanel"]}, {"f4f917356a0af4eb7a315dcb57b36013": ["0", "hu.vsza.adsdroid.SearchPanel"]}, {"f4f917356a0af4eb7a315dcb57b36013": ["0", "hu.vsza.adsdroid.SearchPanel"]}, {"f4f917356a0af4eb7a315dcb57b36013": ["0", "hu.vsza.adsdroid.SearchPanel"]}, {"f4f917356a0af4eb7a315dcb57b36013": ["0", "hu.vsza.adsdroid.SearchPanel"]}, {"744692ecc8014f105647c20ce3372983": ["1", "hu.vsza.adsdroid.SearchPanel"]}, {"f4f917356a0af4eb7a315dcb57b36013": ["0", "hu.vsza.adsdroid.SearchPanel"]}, {"f4f917356a0af4eb7a315dcb57b36013": ["0", "hu.vsza.adsdroid.SearchPanel"]}, {"f4f917356a0af4eb7a315dcb57b36013": ["0", "hu.vsza.adsdroid.SearchPanel"]}, {"f4f917356a0af4eb7a315dcb57b36013": ["0", "hu.vsza.adsdroid.SearchPanel"]}, {"744692ecc8014f105647c20ce3372983": ["1", "hu.vsza.adsdroid.SearchPanel"]}, {"744692ecc8014f105647c20ce3372983": ["1", "hu.vsza.adsdroid.SearchPanel"]}, {"744692ecc8014f105647c20ce3372983": ["1", "hu.vsza.adsdroid.SearchPanel"]}, {"744692ecc8014f105647c20ce3372983": ["1", "hu.vsza.adsdroid.SearchPanel"]}, {"744692ecc8014f105647c20ce3372983": ["1", "hu.vsza.adsdroid.SearchPanel"]}, {"744692ecc8014f105647c20ce3372983": ["1", "hu.vsza.adsdroid.SearchPanel"]}, {"744692ecc8014f105647c20ce3372983": ["1", "hu.vsza.adsdroid.SearchPanel"]}, {"744692ecc8014f105647c20ce3372983": ["1", "hu.vsza.adsdroid.SearchPanel"]}, {"744692ecc8014f105647c20ce3372983": ["1", "hu.vsza.adsdroid.SearchPanel"]}, {"744692ecc8014f105647c20ce3372983": ["1", "hu.vsza.adsdroid.SearchPanel"]}, {"744692ecc8014f105647c20ce3372983": ["1", "hu.vsza.adsdroid.SearchPanel"]}, {"744692ecc8014f105647c20ce3372983": ["1", "hu.vsza.adsdroid.SearchPanel"]}, {"f4f917356a0af4eb7a315dcb57b36013": ["0", "hu.vsza.adsdroid.SearchPanel"]}, {"f4f917356a0af4eb7a315dcb57b36013": ["0", "hu.vsza.adsdroid.SearchPanel"]}, {"744692ecc8014f105647c20ce3372983": ["1", "hu.vsza.adsdroid.SearchPanel"]}, {"744692ecc8014f105647c20ce3372983": ["1", "hu.vsza.adsdroid.SearchPanel"]}, {"f4f917356a0af4eb7a315dcb57b36013": ["0", "hu.vsza.adsdroid.SearchPanel"]}, {"f4f917356a0af4eb7a315dcb57b36013": ["0", "hu.vsza.adsdroid.SearchPanel"]}, {"f4f917356a0af4eb7a315dcb57b36013": ["0", "hu.vsza.adsdroid.SearchPanel"]}, {"744692ecc8014f105647c20ce3372983": ["1", "hu.vsza.adsdroid.SearchPanel"]}, {"744692ecc8014f105647c20ce3372983": ["1", "hu.vsza.adsdroid.SearchPanel"]}, {"f4f917356a0af4eb7a315dcb57b36013": ["0", "hu.vsza.adsdroid.SearchPanel"]}, {"f4f917356a0af4eb7a315dcb57b36013": ["0", "hu.vsza.adsdroid.SearchPanel"]}, {"f4f917356a0af4eb7a315dcb57b36013": ["0", "hu.vsza.adsdroid.SearchPanel"]}, {"f4f917356a0af4eb7a315dcb57b36013": ["0", "hu.vsza.adsdroid.SearchPanel"]}, {"f4f917356a0af4eb7a315dcb57b36013": ["0", "hu.vsza.adsdroid.SearchPanel"]}, {"744692ecc8014f105647c20ce3372983": ["1", "hu.vsza.adsdroid.SearchPanel"]}, {"744692ecc8014f105647c20ce3372983": ["1", "hu.vsza.adsdroid.SearchPanel"]}, {"f4f917356a0af4eb7a315dcb57b36013": ["0", "hu.vsza.adsdroid.SearchPanel"]}, {"744692ecc8014f105647c20ce3372983": ["1", "hu.vsza.adsdroid.SearchPanel"]}, {"744692ecc8014f105647c20ce3372983": ["1", "hu.vsza.adsdroid.SearchPanel"]}, {"744692ecc8014f105647c20ce3372983": ["1", "hu.vsza.adsdroid.SearchPanel"]}, {"744692ecc8014f105647c20ce3372983": ["1", "hu.vsza.adsdroid.SearchPanel"]}, {"744692ecc8014f105647c20ce3372983": ["1", "hu.vsza.adsdroid.SearchPanel"]}, {"744692ecc8014f105647c20ce3372983": ["1", "hu.vsza.adsdroid.SearchPanel"]}, {"744692ecc8014f105647c20ce3372983": ["1", "hu.vsza.adsdroid.SearchPanel"]}, {"f4f917356a0af4eb7a315dcb57b36013": ["0", "hu.vsza.adsdroid.SearchPanel"]}, {"f4f917356a0af4eb7a315dcb57b36013": ["0", "hu.vsza.adsdroid.SearchPanel"]}, {"f4f917356a0af4eb7a315dcb57b36013": ["0", "hu.vsza.adsdroid.SearchPanel"]}, {"f4f917356a0af4eb7a315dcb57b36013": ["0", "hu.vsza.adsdroid.SearchPanel"]}, {"f4f917356a0af4eb7a315dcb57b36013": ["0", "hu.vsza.adsdroid.SearchPanel"]}, {"744692ecc8014f105647c20ce3372983": ["1", "hu.vsza.adsdroid.SearchPanel"]}, {"744692ecc8014f105647c20ce3372983": ["1", "hu.vsza.adsdroid.SearchPanel"]}, {"744692ecc8014f105647c20ce3372983": ["1", "hu.vsza.adsdroid.SearchPanel"]}, {"744692ecc8014f105647c20ce3372983": ["1", "hu.vsza.adsdroid.SearchPanel"]}, {"744692ecc8014f105647c20ce3372983": ["1", "hu.vsza.adsdroid.SearchPanel"]}, {"744692ecc8014f105647c20ce3372983": ["1", "hu.vsza.adsdroid.SearchPanel"]}, {"744692ecc8014f105647c20ce3372983": ["1", "hu.vsza.adsdroid.SearchPanel"]}, {"744692ecc8014f105647c20ce3372983": ["1", "hu.vsza.adsdroid.SearchPanel"]}, {"f4f917356a0af4eb7a315dcb57b36013": ["0", "hu.vsza.adsdroid.SearchPanel"]}, {"f4f917356a0af4eb7a315dcb57b36013": ["0", "hu.vsza.adsdroid.SearchPanel"]}, {"f4f917356a0af4eb7a315dcb57b36013": ["0", "hu.vsza.adsdroid.SearchPanel"]}, {"744692ecc8014f105647c20ce3372983": ["1", "hu.vsza.adsdroid.SearchPanel"]}, {"f4f917356a0af4eb7a315dcb57b36013": ["0", "hu.vsza.adsdroid.SearchPanel"]}, {"f4f917356a0af4eb7a315dcb57b36013": ["0", "hu.vsza.adsdroid.SearchPanel"]}, {"f4f917356a0af4eb7a315dcb57b36013": ["0", "hu.vsza.adsdroid.SearchPanel"]}, {"f4f917356a0af4eb7a315dcb57b36013": ["0", "hu.vsza.adsdroid.SearchPanel"]}, {"744692ecc8014f105647c20ce3372983": ["1", "hu.vsza.adsdroid.SearchPanel"]}, {"744692ecc8014f105647c20ce3372983": ["1", "hu.vsza.adsdroid.SearchPanel"]}, {"744692ecc8014f105647c20ce3372983": ["1", "hu.vsza.adsdroid.SearchPanel"]}, {"744692ecc8014f105647c20ce3372983": ["1", "hu.vsza.adsdroid.SearchPanel"]}, {"744692ecc8014f105647c20ce3372983": ["1", "hu.vsza.adsdroid.SearchPanel"]}, {"f4f917356a0af4eb7a315dcb57b36013": ["0", "hu.vsza.adsdroid.SearchPanel"]}, {"744692ecc8014f105647c20ce3372983": ["1", "hu.vsza.adsdroid.SearchPanel"]}, {"744692ecc8014f105647c20ce3372983": ["1", "hu.vsza.adsdroid.SearchPanel"]}, {"744692ecc8014f105647c20ce3372983": ["1", "hu.vsza.adsdroid.SearchPanel"]}, {"744692ecc8014f105647c20ce3372983": ["1", "hu.vsza.adsdroid.SearchPanel"]}, {"f4f917356a0af4eb7a315dcb57b36013": ["0", "hu.vsza.adsdroid.SearchPanel"]}, {"f4f917356a0af4eb7a315dcb57b36013": ["0", "hu.vsza.adsdroid.SearchPanel"]}, {"f4f917356a0af4eb7a315dcb57b36013": ["0", "hu.vsza.adsdroid.SearchPanel"]}, {"f4f917356a0af4eb7a315dcb57b36013": ["0", "hu.vsza.adsdroid.SearchPanel"]}, {"f4f917356a0af4eb7a315dcb57b36013": ["0", "hu.vsza.adsdroid.SearchPanel"]}, {"744692ecc8014f105647c20ce3372983": ["1", "hu.vsza.adsdroid.SearchPanel"]}, {"744692ecc8014f105647c20ce3372983": ["1", "hu.vsza.adsdroid.SearchPanel"]}, {"f4f917356a0af4eb7a315dcb57b36013": ["0", "hu.vsza.adsdroid.SearchPanel"]}, {"f4f917356a0af4eb7a315dcb57b36013": ["0", "hu.vsza.adsdroid.SearchPanel"]}, {"f4f917356a0af4eb7a315dcb57b36013": ["0", "hu.vsza.adsdroid.SearchPanel"]}, {"744692ecc8014f105647c20ce3372983": ["1", "hu.vsza.adsdroid.SearchPanel"]}, {"744692ecc8014f105647c20ce3372983": ["1", "hu.vsza.adsdroid.SearchPanel"]}, {"f4f917356a0af4eb7a315dcb57b36013": ["0", "hu.vsza.adsdroid.SearchPanel"]}, {"f4f917356a0af4eb7a315dcb57b36013": ["0", "hu.vsza.adsdroid.SearchPanel"]}, {"f4f917356a0af4eb7a315dcb57b36013": ["0", "hu.vsza.adsdroid.SearchPanel"]}, {"f4f917356a0af4eb7a315dcb57b36013": ["0", "hu.vsza.adsdroid.SearchPanel"]}, {"f4f917356a0af4eb7a315dcb57b36013": ["0", "hu.vsza.adsdroid.SearchPanel"]}, {"f4f917356a0af4eb7a315dcb57b36013": ["0", "hu.vsza.adsdroid.SearchPanel"]}, {"744692ecc8014f105647c20ce3372983": ["1", "hu.vsza.adsdroid.SearchPanel"]}, {"f4f917356a0af4eb7a315dcb57b36013": ["0", "hu.vsza.adsdroid.SearchPanel"]}, {"f4f917356a0af4eb7a315dcb57b36013": ["0", "hu.vsza.adsdroid.SearchPanel"]}, {"744692ecc8014f105647c20ce3372983": ["1", "hu.vsza.adsdroid.SearchPanel"]}, {"744692ecc8014f105647c20ce3372983": ["1", "hu.vsza.adsdroid.SearchPanel"]}, {"744692ecc8014f105647c20ce3372983": ["1", "hu.vsza.adsdroid.SearchPanel"]}, {"744692ecc8014f105647c20ce3372983": ["1", "hu.vsza.adsdroid.SearchPanel"]}, {"744692ecc8014f105647c20ce3372983": ["1", "hu.vsza.adsdroid.SearchPanel"]}, {"f4f917356a0af4eb7a315dcb57b36013": ["0", "hu.vsza.adsdroid.SearchPanel"]}, {"f4f917356a0af4eb7a315dcb57b36013": ["0", "hu.vsza.adsdroid.SearchPanel"]}, {"f4f917356a0af4eb7a315dcb57b36013": ["0", "hu.vsza.adsdroid.SearchPanel"]}, {"f4f917356a0af4eb7a315dcb57b36013": ["0", "hu.vsza.adsdroid.SearchPanel"]}, {"f4f917356a0af4eb7a315dcb57b36013": ["0", "hu.vsza.adsdroid.SearchPanel"]}, {"744692ecc8014f105647c20ce3372983": ["1", "hu.vsza.adsdroid.SearchPanel"]}, {"f4f917356a0af4eb7a315dcb57b36013": ["0", "hu.vsza.adsdroid.SearchPanel"]}, {"f4f917356a0af4eb7a315dcb57b36013": ["0", "hu.vsza.adsdroid.SearchPanel"]}, {"f4f917356a0af4eb7a315dcb57b36013": ["0", "hu.vsza.adsdroid.SearchPanel"]}, {"f4f917356a0af4eb7a315dcb57b36013": ["0", "hu.vsza.adsdroid.SearchPanel"]}, {"f4f917356a0af4eb7a315dcb57b36013": ["0", "hu.vsza.adsdroid.SearchPanel"]}, {"f4f917356a0af4eb7a315dcb57b36013": ["0", "hu.vsza.adsdroid.SearchPanel"]}, {"f4f917356a0af4eb7a315dcb57b36013": ["0", "hu.vsza.adsdroid.SearchPanel"]}, {"744692ecc8014f105647c20ce3372983": ["1", "hu.vsza.adsdroid.SearchPanel"]}, {"744692ecc8014f105647c20ce3372983": ["1", "hu.vsza.adsdroid.SearchPanel"]}, {"f4f917356a0af4eb7a315dcb57b36013": ["0", "hu.vsza.adsdroid.SearchPanel"]}, {"f4f917356a0af4eb7a315dcb57b36013": ["0", "hu.vsza.adsdroid.SearchPanel"]}, {"744692ecc8014f105647c20ce3372983": ["1", "hu.vsza.adsdroid.SearchPanel"]}, {"744692ecc8014f105647c20ce3372983": ["1", "hu.vsza.adsdroid.SearchPanel"]}, {"744692ecc8014f105647c20ce3372983": ["1", "hu.vsza.adsdroid.SearchPanel"]}, {"f4f917356a0af4eb7a315dcb57b36013": ["0", "hu.vsza.adsdroid.SearchPanel"]}, {"f4f917356a0af4eb7a315dcb57b36013": ["0", "hu.vsza.adsdroid.SearchPanel"]}, {"f4f917356a0af4eb7a315dcb57b36013": ["0", "hu.vsza.adsdroid.SearchPanel"]}, {"f4f917356a0af4eb7a315dcb57b36013": ["0", "hu.vsza.adsdroid.SearchPanel"]}, {"744692ecc8014f105647c20ce3372983": ["1", "hu.vsza.adsdroid.SearchPanel"]}, {"f4f917356a0af4eb7a315dcb57b36013": ["0", "hu.vsza.adsdroid.SearchPanel"]}, {"f4f917356a0af4eb7a315dcb57b36013": ["0", "hu.vsza.adsdroid.SearchPanel"]}, {"744692ecc8014f105647c20ce3372983": ["1", "hu.vsza.adsdroid.SearchPanel"]}, {"f4f917356a0af4eb7a315dcb57b36013": ["0", "hu.vsza.adsdroid.SearchPanel"]}, {"744692ecc8014f105647c20ce3372983": ["1", "hu.vsza.adsdroid.SearchPanel"]}, {"f4f917356a0af4eb7a315dcb57b36013": ["0", "hu.vsza.adsdroid.SearchPanel"]}, {"744692ecc8014f105647c20ce3372983": ["1", "hu.vsza.adsdroid.SearchPanel"]}, {"744692ecc8014f105647c20ce3372983": ["1", "hu.vsza.adsdroid.SearchPanel"]}, {"744692ecc8014f105647c20ce3372983": ["1", "hu.vsza.adsdroid.SearchPanel"]}, {"744692ecc8014f105647c20ce3372983": ["1", "hu.vsza.adsdroid.SearchPanel"]}, {"744692ecc8014f105647c20ce3372983": ["1", "hu.vsza.adsdroid.SearchPanel"]}, {"f4f917356a0af4eb7a315dcb57b36013": ["0", "hu.vsza.adsdroid.SearchPanel"]}, {"744692ecc8014f105647c20ce3372983": ["1", "hu.vsza.adsdroid.SearchPanel"]}, {"744692ecc8014f105647c20ce3372983": ["1", "hu.vsza.adsdroid.SearchPanel"]}, {"f4f917356a0af4eb7a315dcb57b36013": ["0", "hu.vsza.adsdroid.SearchPanel"]}, {"744692ecc8014f105647c20ce3372983": ["1", "hu.vsza.adsdroid.SearchPanel"]}, {"f4f917356a0af4eb7a315dcb57b36013": ["0", "hu.vsza.adsdroid.SearchPanel"]}, {"744692ecc8014f105647c20ce3372983": ["1", "hu.vsza.adsdroid.SearchPanel"]}, {"744692ecc8014f105647c20ce3372983": ["1", "hu.vsza.adsdroid.SearchPanel"]}, {"744692ecc8014f105647c20ce3372983": ["1", "hu.vsza.adsdroid.SearchPanel"]}, {"f4f917356a0af4eb7a315dcb57b36013": ["0", "hu.vsza.adsdroid.SearchPanel"]}, {"f4f917356a0af4eb7a315dcb57b36013": ["0", "hu.vsza.adsdroid.SearchPanel"]}, {"744692ecc8014f105647c20ce3372983": ["1", "hu.vsza.adsdroid.SearchPanel"]}, {"744692ecc8014f105647c20ce3372983": ["1", "hu.vsza.adsdroid.SearchPanel"]}, {"744692ecc8014f105647c20ce3372983": ["1", "hu.vsza.adsdroid.SearchPanel"]}, {"f4f917356a0af4eb7a315dcb57b36013": ["0", "hu.vsza.adsdroid.SearchPanel"]}, {"744692ecc8014f105647c20ce3372983": ["1", "hu.vsza.adsdroid.SearchPanel"]}, {"744692ecc8014f105647c20ce3372983": ["1", "hu.vsza.adsdroid.SearchPanel"]}, {"744692ecc8014f105647c20ce3372983": ["1", "hu.vsza.adsdroid.SearchPanel"]}, {"744692ecc8014f105647c20ce3372983": ["1", "hu.vsza.adsdroid.SearchPanel"]}, {"744692ecc8014f105647c20ce3372983": ["1", "hu.vsza.adsdroid.SearchPanel"]}, {"744692ecc8014f105647c20ce3372983": ["1", "hu.vsza.adsdroid.SearchPanel"]}, {"744692ecc8014f105647c20ce3372983": ["1", "hu.vsza.adsdroid.SearchPanel"]}, {"744692ecc8014f105647c20ce3372983": ["1", "hu.vsza.adsdroid.SearchPanel"]}, {"f4f917356a0af4eb7a315dcb57b36013": ["0", "hu.vsza.adsdroid.SearchPanel"]}, {"f4f917356a0af4eb7a315dcb57b36013": ["0", "hu.vsza.adsdroid.SearchPanel"]}, {"744692ecc8014f105647c20ce3372983": ["1", "hu.vsza.adsdroid.SearchPanel"]}, {"f4f917356a0af4eb7a315dcb57b36013": ["0", "hu.vsza.adsdroid.SearchPanel"]}, {"f4f917356a0af4eb7a315dcb57b36013": ["0", "hu.vsza.adsdroid.SearchPanel"]}, {"744692ecc8014f105647c20ce3372983": ["1", "hu.vsza.adsdroid.SearchPanel"]}, {"744692ecc8014f105647c20ce3372983": ["1", "hu.vsza.adsdroid.SearchPanel"]}, {"f4f917356a0af4eb7a315dcb57b36013": ["0", "hu.vsza.adsdroid.SearchPanel"]}, {"744692ecc8014f105647c20ce3372983": ["1", "hu.vsza.adsdroid.SearchPanel"]}, {"744692ecc8014f105647c20ce3372983": ["1", "hu.vsza.adsdroid.SearchPanel"]}, {"744692ecc8014f105647c20ce3372983": ["1", "hu.vsza.adsdroid.SearchPanel"]}, {"744692ecc8014f105647c20ce3372983": ["1", "hu.vsza.adsdroid.SearchPanel"]}, {"744692ecc8014f105647c20ce3372983": ["1", "hu.vsza.adsdroid.SearchPanel"]}, {"f4f917356a0af4eb7a315dcb57b36013": ["0", "hu.vsza.adsdroid.SearchPanel"]}, {"f4f917356a0af4eb7a315dcb57b36013": ["0", "hu.vsza.adsdroid.SearchPanel"]}, {"f4f917356a0af4eb7a315dcb57b36013": ["0", "hu.vsza.adsdroid.SearchPanel"]}, {"f4f917356a0af4eb7a315dcb57b36013": ["0", "hu.vsza.adsdroid.SearchPanel"]}, {"744692ecc8014f105647c20ce3372983": ["1", "hu.vsza.adsdroid.SearchPanel"]}, {"f4f917356a0af4eb7a315dcb57b36013": ["0", "hu.vsza.adsdroid.SearchPanel"]}, {"f4f917356a0af4eb7a315dcb57b36013": ["0", "hu.vsza.adsdroid.SearchPanel"]}, {"f4f917356a0af4eb7a315dcb57b36013": ["0", "hu.vsza.adsdroid.SearchPanel"]}, {"744692ecc8014f105647c20ce3372983": ["1", "hu.vsza.adsdroid.SearchPanel"]}, {"744692ecc8014f105647c20ce3372983": ["1", "hu.vsza.adsdroid.SearchPanel"]}, {"744692ecc8014f105647c20ce3372983": ["1", "hu.vsza.adsdroid.SearchPanel"]}, {"744692ecc8014f105647c20ce3372983": ["1", "hu.vsza.adsdroid.SearchPanel"]}, {"f4f917356a0af4eb7a315dcb57b36013": ["0", "hu.vsza.adsdroid.SearchPanel"]}, {"744692ecc8014f105647c20ce3372983": ["1", "hu.vsza.adsdroid.SearchPanel"]}, {"744692ecc8014f105647c20ce3372983": ["1", "hu.vsza.adsdroid.SearchPanel"]}, {"f4f917356a0af4eb7a315dcb57b36013": ["0", "hu.vsza.adsdroid.SearchPanel"]}, {"744692ecc8014f105647c20ce3372983": ["1", "hu.vsza.adsdroid.SearchPanel"]}, {"f4f917356a0af4eb7a315dcb57b36013": ["0", "hu.vsza.adsdroid.SearchPanel"]}, {"f4f917356a0af4eb7a315dcb57b36013": ["0", "hu.vsza.adsdroid.SearchPanel"]}, {"744692ecc8014f105647c20ce3372983": ["1", "hu.vsza.adsdroid.SearchPanel"]}, {"744692ecc8014f105647c20ce3372983": ["1", "hu.vsza.adsdroid.SearchPanel"]}, {"f4f917356a0af4eb7a315dcb57b36013": ["0", "hu.vsza.adsdroid.SearchPanel"]}, {"f4f917356a0af4eb7a315dcb57b36013": ["0", "hu.vsza.adsdroid.SearchPanel"]}, {"f4f917356a0af4eb7a315dcb57b36013": ["0", "hu.vsza.adsdroid.SearchPanel"]}, {"f4f917356a0af4eb7a315dcb57b36013": ["0", "hu.vsza.adsdroid.SearchPanel"]}, {"f4f917356a0af4eb7a315dcb57b36013": ["0", "hu.vsza.adsdroid.SearchPanel"]}, {"f4f917356a0af4eb7a315dcb57b36013": ["0", "hu.vsza.adsdroid.SearchPanel"]}, {"f4f917356a0af4eb7a315dcb57b36013": ["0", "hu.vsza.adsdroid.SearchPanel"]}, {"744692ecc8014f105647c20ce3372983": ["1", "hu.vsza.adsdroid.SearchPanel"]}, {"744692ecc8014f105647c20ce3372983": ["1", "hu.vsza.adsdroid.SearchPanel"]}, {"744692ecc8014f105647c20ce3372983": ["1", "hu.vsza.adsdroid.SearchPanel"]}, {"744692ecc8014f105647c20ce3372983": ["1", "hu.vsza.adsdroid.SearchPanel"]}, {"744692ecc8014f105647c20ce3372983": ["1", "hu.vsza.adsdroid.SearchPanel"]}, {"f4f917356a0af4eb7a315dcb57b36013": ["0", "hu.vsza.adsdroid.SearchPanel"]}, {"f4f917356a0af4eb7a315dcb57b36013": ["0", "hu.vsza.adsdroid.SearchPanel"]}, {"f4f917356a0af4eb7a315dcb57b36013": ["0", "hu.vsza.adsdroid.SearchPanel"]}, {"f4f917356a0af4eb7a315dcb57b36013": ["0", "hu.vsza.adsdroid.SearchPanel"]}, {"f4f917356a0af4eb7a315dcb57b36013": ["0", "hu.vsza.adsdroid.SearchPanel"]}, {"744692ecc8014f105647c20ce3372983": ["1", "hu.vsza.adsdroid.SearchPanel"]}, {"f4f917356a0af4eb7a315dcb57b36013": ["0", "hu.vsza.adsdroid.SearchPanel"]}, {"f4f917356a0af4eb7a315dcb57b36013": ["0", "hu.vsza.adsdroid.SearchPanel"]}, {"f4f917356a0af4eb7a315dcb57b36013": ["0", "hu.vsza.adsdroid.SearchPanel"]}, {"f4f917356a0af4eb7a315dcb57b36013": ["0", "hu.vsza.adsdroid.SearchPanel"]}, {"f4f917356a0af4eb7a315dcb57b36013": ["0", "hu.vsza.adsdroid.SearchPanel"]}, {"f4f917356a0af4eb7a315dcb57b36013": ["0", "hu.vsza.adsdroid.SearchPanel"]}, {"f4f917356a0af4eb7a315dcb57b36013": ["0", "hu.vsza.adsdroid.SearchPanel"]}, {"f4f917356a0af4eb7a315dcb57b36013": ["0", "hu.vsza.adsdroid.SearchPanel"]}, {"f4f917356a0af4eb7a315dcb57b36013": ["0", "hu.vsza.adsdroid.SearchPanel"]}, {"744692ecc8014f105647c20ce3372983": ["1", "hu.vsza.adsdroid.SearchPanel"]}, {"744692ecc8014f105647c20ce3372983": ["1", "hu.vsza.adsdroid.SearchPanel"]}, {"744692ecc8014f105647c20ce3372983": ["1", "hu.vsza.adsdroid.SearchPanel"]}, {"f4f917356a0af4eb7a315dcb57b36013": ["0", "hu.vsza.adsdroid.SearchPanel"]}, {"f4f917356a0af4eb7a315dcb57b36013": ["0", "hu.vsza.adsdroid.SearchPanel"]}, {"744692ecc8014f105647c20ce3372983": ["1", "hu.vsza.adsdroid.SearchPanel"]}, {"744692ecc8014f105647c20ce3372983": ["1", "hu.vsza.adsdroid.SearchPanel"]}, {"744692ecc8014f105647c20ce3372983": ["1", "hu.vsza.adsdroid.SearchPanel"]}, {"744692ecc8014f105647c20ce3372983": ["1", "hu.vsza.adsdroid.SearchPanel"]}, {"744692ecc8014f105647c20ce3372983": ["1", "hu.vsza.adsdroid.SearchPanel"]}, {"f4f917356a0af4eb7a315dcb57b36013": ["0", "hu.vsza.adsdroid.SearchPanel"]}, {"744692ecc8014f105647c20ce3372983": ["1", "hu.vsza.adsdroid.SearchPanel"]}, {"f4f917356a0af4eb7a315dcb57b36013": ["0", "hu.vsza.adsdroid.SearchPanel"]}, {"f4f917356a0af4eb7a315dcb57b36013": ["0", "hu.vsza.adsdroid.SearchPanel"]}, {"744692ecc8014f105647c20ce3372983": ["1", "hu.vsza.adsdroid.SearchPanel"]}, {"744692ecc8014f105647c20ce3372983": ["1", "hu.vsza.adsdroid.SearchPanel"]}, {"744692ecc8014f105647c20ce3372983": ["1", "hu.vsza.adsdroid.SearchPanel"]}, {"744692ecc8014f105647c20ce3372983": ["1", "hu.vsza.adsdroid.SearchPanel"]}, {"744692ecc8014f105647c20ce3372983": ["1", "hu.vsza.adsdroid.SearchPanel"]}, {"744692ecc8014f105647c20ce3372983": ["1", "hu.vsza.adsdroid.SearchPanel"]}, {"744692ecc8014f105647c20ce3372983": ["1", "hu.vsza.adsdroid.SearchPanel"]}, {"f4f917356a0af4eb7a315dcb57b36013": ["0", "hu.vsza.adsdroid.SearchPanel"]}, {"f4f917356a0af4eb7a315dcb57b36013": ["0", "hu.vsza.adsdroid.SearchPanel"]}, {"744692ecc8014f105647c20ce3372983": ["1", "hu.vsza.adsdroid.SearchPanel"]}, {"f4f917356a0af4eb7a315dcb57b36013": ["0", "hu.vsza.adsdroid.SearchPanel"]}, {"744692ecc8014f105647c20ce3372983": ["1", "hu.vsza.adsdroid.SearchPanel"]}, {"f4f917356a0af4eb7a315dcb57b36013": ["0", "hu.vsza.adsdroid.SearchPanel"]}, {"744692ecc8014f105647c20ce3372983": ["1", "hu.vsza.adsdroid.SearchPanel"]}, {"744692ecc8014f105647c20ce3372983": ["1", "hu.vsza.adsdroid.SearchPanel"]}, {"744692ecc8014f105647c20ce3372983": ["1", "hu.vsza.adsdroid.SearchPanel"]}, {"744692ecc8014f105647c20ce3372983": ["1", "hu.vsza.adsdroid.SearchPanel"]}, {"f4f917356a0af4eb7a315dcb57b36013": ["0", "hu.vsza.adsdroid.SearchPanel"]}, {"744692ecc8014f105647c20ce3372983": ["1", "hu.vsza.adsdroid.SearchPanel"]}, {"744692ecc8014f105647c20ce3372983": ["1", "hu.vsza.adsdroid.SearchPanel"]}, {"744692ecc8014f105647c20ce3372983": ["1", "hu.vsza.adsdroid.SearchPanel"]}, {"744692ecc8014f105647c20ce3372983": ["1", "hu.vsza.adsdroid.SearchPanel"]}, {"744692ecc8014f105647c20ce3372983": ["1", "hu.vsza.adsdroid.SearchPanel"]}, {"744692ecc8014f105647c20ce3372983": ["1", "hu.vsza.adsdroid.SearchPanel"]}, {"744692ecc8014f105647c20ce3372983": ["1", "hu.vsza.adsdroid.SearchPanel"]}, {"744692ecc8014f105647c20ce3372983": ["1", "hu.vsza.adsdroid.SearchPanel"]}, {"744692ecc8014f105647c20ce3372983": ["1", "hu.vsza.adsdroid.SearchPanel"]}, {"f4f917356a0af4eb7a315dcb57b36013": ["0", "hu.vsza.adsdroid.SearchPanel"]}, {"f4f917356a0af4eb7a315dcb57b36013": ["0", "hu.vsza.adsdroid.SearchPanel"]}, {"f4f917356a0af4eb7a315dcb57b36013": ["0", "hu.vsza.adsdroid.SearchPanel"]}, {"f4f917356a0af4eb7a315dcb57b36013": ["0", "hu.vsza.adsdroid.SearchPanel"]}, {"f4f917356a0af4eb7a315dcb57b36013": ["0", "hu.vsza.adsdroid.SearchPanel"]}, {"744692ecc8014f105647c20ce3372983": ["1", "hu.vsza.adsdroid.SearchPanel"]}, {"744692ecc8014f105647c20ce3372983": ["1", "hu.vsza.adsdroid.SearchPanel"]}, {"744692ecc8014f105647c20ce3372983": ["1", "hu.vsza.adsdroid.SearchPanel"]}, {"744692ecc8014f105647c20ce3372983": ["1", "hu.vsza.adsdroid.SearchPanel"]}, {"f4f917356a0af4eb7a315dcb57b36013": ["0", "hu.vsza.adsdroid.SearchPanel"]}, {"f4f917356a0af4eb7a315dcb57b36013": ["0", "hu.vsza.adsdroid.SearchPanel"]}, {"744692ecc8014f105647c20ce3372983": ["1", "hu.vsza.adsdroid.SearchPanel"]}, {"744692ecc8014f105647c20ce3372983": ["1", "hu.vsza.adsdroid.SearchPanel"]}, {"744692ecc8014f105647c20ce3372983": ["1", "hu.vsza.adsdroid.SearchPanel"]}, {"f4f917356a0af4eb7a315dcb57b36013": ["0", "hu.vsza.adsdroid.SearchPanel"]}, {"f4f917356a0af4eb7a315dcb57b36013": ["0", "hu.vsza.adsdroid.SearchPanel"]}, {"f4f917356a0af4eb7a315dcb57b36013": ["0", "hu.vsza.adsdroid.SearchPanel"]}, {"744692ecc8014f105647c20ce3372983": ["1", "hu.vsza.adsdroid.SearchPanel"]}, {"744692ecc8014f105647c20ce3372983": ["1", "hu.vsza.adsdroid.SearchPanel"]}, {"744692ecc8014f105647c20ce3372983": ["1", "hu.vsza.adsdroid.SearchPanel"]}, {"744692ecc8014f105647c20ce3372983": ["1", "hu.vsza.adsdroid.SearchPanel"]}, {"744692ecc8014f105647c20ce3372983": ["1", "hu.vsza.adsdroid.SearchPanel"]}, {"744692ecc8014f105647c20ce3372983": ["1", "hu.vsza.adsdroid.SearchPanel"]}, {"744692ecc8014f105647c20ce3372983": ["1", "hu.vsza.adsdroid.SearchPanel"]}, {"744692ecc8014f105647c20ce3372983": ["1", "hu.vsza.adsdroid.SearchPanel"]}, {"744692ecc8014f105647c20ce3372983": ["1", "hu.vsza.adsdroid.SearchPanel"]}, {"744692ecc8014f105647c20ce3372983": ["1", "hu.vsza.adsdroid.SearchPanel"]}, {"744692ecc8014f105647c20ce3372983": ["1", "hu.vsza.adsdroid.SearchPanel"]}, {"f4f917356a0af4eb7a315dcb57b36013": ["0", "hu.vsza.adsdroid.SearchPanel"]}, {"f4f917356a0af4eb7a315dcb57b36013": ["0", "hu.vsza.adsdroid.SearchPanel"]}, {"f4f917356a0af4eb7a315dcb57b36013": ["0", "hu.vsza.adsdroid.SearchPanel"]}, {"f4f917356a0af4eb7a315dcb57b36013": ["0", "hu.vsza.adsdroid.SearchPanel"]}, {"744692ecc8014f105647c20ce3372983": ["1", "hu.vsza.adsdroid.SearchPanel"]}, {"f4f917356a0af4eb7a315dcb57b36013": ["0", "hu.vsza.adsdroid.SearchPanel"]}, {"744692ecc8014f105647c20ce3372983": ["1", "hu.vsza.adsdroid.SearchPanel"]}, {"744692ecc8014f105647c20ce3372983": ["1", "hu.vsza.adsdroid.SearchPanel"]}, {"744692ecc8014f105647c20ce3372983": ["1", "hu.vsza.adsdroid.SearchPanel"]}, {"744692ecc8014f105647c20ce3372983": ["1", "hu.vsza.adsdroid.SearchPanel"]}, {"744692ecc8014f105647c20ce3372983": ["1", "hu.vsza.adsdroid.SearchPanel"]}, {"744692ecc8014f105647c20ce3372983": ["1", "hu.vsza.adsdroid.SearchPanel"]}, {"744692ecc8014f105647c20ce3372983": ["1", "hu.vsza.adsdroid.SearchPanel"]}, {"744692ecc8014f105647c20ce3372983": ["1", "hu.vsza.adsdroid.SearchPanel"]}, {"f4f917356a0af4eb7a315dcb57b36013": ["0", "hu.vsza.adsdroid.SearchPanel"]}, {"f4f917356a0af4eb7a315dcb57b36013": ["0", "hu.vsza.adsdroid.SearchPanel"]}, {"f4f917356a0af4eb7a315dcb57b36013": ["0", "hu.vsza.adsdroid.SearchPanel"]}, {"744692ecc8014f105647c20ce3372983": ["1", "hu.vsza.adsdroid.SearchPanel"]}, {"f4f917356a0af4eb7a315dcb57b36013": ["0", "hu.vsza.adsdroid.SearchPanel"]}, {"744692ecc8014f105647c20ce3372983": ["1", "hu.vsza.adsdroid.SearchPanel"]}, {"f4f917356a0af4eb7a315dcb57b36013": ["0", "hu.vsza.adsdroid.SearchPanel"]}, {"f4f917356a0af4eb7a315dcb57b36013": ["0", "hu.vsza.adsdroid.SearchPanel"]}, {"744692ecc8014f105647c20ce3372983": ["1", "hu.vsza.adsdroid.SearchPanel"]}, {"744692ecc8014f105647c20ce3372983": ["1", "hu.vsza.adsdroid.SearchPanel"]}, {"744692ecc8014f105647c20ce3372983": ["1", "hu.vsza.adsdroid.SearchPanel"]}, {"744692ecc8014f105647c20ce3372983": ["1", "hu.vsza.adsdroid.SearchPanel"]}, {"744692ecc8014f105647c20ce3372983": ["1", "hu.vsza.adsdroid.SearchPanel"]}, {"744692ecc8014f105647c20ce3372983": ["1", "hu.vsza.adsdroid.SearchPanel"]}, {"744692ecc8014f105647c20ce3372983": ["1", "hu.vsza.adsdroid.SearchPanel"]}, {"744692ecc8014f105647c20ce3372983": ["1", "hu.vsza.adsdroid.SearchPanel"]}, {"744692ecc8014f105647c20ce3372983": ["1", "hu.vsza.adsdroid.SearchPanel"]}, {"f4f917356a0af4eb7a315dcb57b36013": ["0", "hu.vsza.adsdroid.SearchPanel"]}, {"f4f917356a0af4eb7a315dcb57b36013": ["0", "hu.vsza.adsdroid.SearchPanel"]}, {"744692ecc8014f105647c20ce3372983": ["1", "hu.vsza.adsdroid.SearchPanel"]}, {"744692ecc8014f105647c20ce3372983": ["1", "hu.vsza.adsdroid.SearchPanel"]}, {"f4f917356a0af4eb7a315dcb57b36013": ["0", "hu.vsza.adsdroid.SearchPanel"]}, {"f4f917356a0af4eb7a315dcb57b36013": ["0", "hu.vsza.adsdroid.SearchPanel"]}, {"f4f917356a0af4eb7a315dcb57b36013": ["0", "hu.vsza.adsdroid.SearchPanel"]}, {"f4f917356a0af4eb7a315dcb57b36013": ["0", "hu.vsza.adsdroid.SearchPanel"]}, {"744692ecc8014f105647c20ce3372983": ["1", "hu.vsza.adsdroid.SearchPanel"]}, {"744692ecc8014f105647c20ce3372983": ["1", "hu.vsza.adsdroid.SearchPanel"]}, {"f4f917356a0af4eb7a315dcb57b36013": ["0", "hu.vsza.adsdroid.SearchPanel"]}, {"f4f917356a0af4eb7a315dcb57b36013": ["0", "hu.vsza.adsdroid.SearchPanel"]}, {"f4f917356a0af4eb7a315dcb57b36013": ["0", "hu.vsza.adsdroid.SearchPanel"]}, {"f4f917356a0af4eb7a315dcb57b36013": ["0", "hu.vsza.adsdroid.SearchPanel"]}, {"f4f917356a0af4eb7a315dcb57b36013": ["0", "hu.vsza.adsdroid.SearchPanel"]}, {"f4f917356a0af4eb7a315dcb57b36013": ["0", "hu.vsza.adsdroid.SearchPanel"]}, {"744692ecc8014f105647c20ce3372983": ["1", "hu.vsza.adsdroid.SearchPanel"]}, {"744692ecc8014f105647c20ce3372983": ["1", "hu.vsza.adsdroid.SearchPanel"]}, {"744692ecc8014f105647c20ce3372983": ["1", "hu.vsza.adsdroid.SearchPanel"]}, {"744692ecc8014f105647c20ce3372983": ["1", "hu.vsza.adsdroid.SearchPanel"]}, {"f4f917356a0af4eb7a315dcb57b36013": ["0", "hu.vsza.adsdroid.SearchPanel"]}, {"744692ecc8014f105647c20ce3372983": ["1", "hu.vsza.adsdroid.SearchPanel"]}, {"744692ecc8014f105647c20ce3372983": ["1", "hu.vsza.adsdroid.SearchPanel"]}, {"744692ecc8014f105647c20ce3372983": ["1", "hu.vsza.adsdroid.SearchPanel"]}, {"f4f917356a0af4eb7a315dcb57b36013": ["0", "hu.vsza.adsdroid.SearchPanel"]}, {"744692ecc8014f105647c20ce3372983": ["1", "hu.vsza.adsdroid.SearchPanel"]}, {"f4f917356a0af4eb7a315dcb57b36013": ["0", "hu.vsza.adsdroid.SearchPanel"]}, {"744692ecc8014f105647c20ce3372983": ["1", "hu.vsza.adsdroid.SearchPanel"]}, {"f4f917356a0af4eb7a315dcb57b36013": ["0", "hu.vsza.adsdroid.SearchPanel"]}, {"f4f917356a0af4eb7a315dcb57b36013": ["0", "hu.vsza.adsdroid.SearchPanel"]}, {"f4f917356a0af4eb7a315dcb57b36013": ["0", "hu.vsza.adsdroid.SearchPanel"]}, {"f4f917356a0af4eb7a315dcb57b36013": ["0", "hu.vsza.adsdroid.SearchPanel"]}, {"f4f917356a0af4eb7a315dcb57b36013": ["0", "hu.vsza.adsdroid.SearchPanel"]}, {"f4f917356a0af4eb7a315dcb57b36013": ["0", "hu.vsza.adsdroid.SearchPanel"]}, {"f4f917356a0af4eb7a315dcb57b36013": ["0", "hu.vsza.adsdroid.SearchPanel"]}, {"f4f917356a0af4eb7a315dcb57b36013": ["0", "hu.vsza.adsdroid.SearchPanel"]}, {"f4f917356a0af4eb7a315dcb57b36013": ["0", "hu.vsza.adsdroid.SearchPanel"]}, {"f4f917356a0af4eb7a315dcb57b36013": ["0", "hu.vsza.adsdroid.SearchPanel"]}, {"f4f917356a0af4eb7a315dcb57b36013": ["0", "hu.vsza.adsdroid.SearchPanel"]}, {"f4f917356a0af4eb7a315dcb57b36013": ["0", "hu.vsza.adsdroid.SearchPanel"]}, {"744692ecc8014f105647c20ce3372983": ["1", "hu.vsza.adsdroid.SearchPanel"]}, {"744692ecc8014f105647c20ce3372983": ["1", "hu.vsza.adsdroid.SearchPanel"]}, {"744692ecc8014f105647c20ce3372983": ["1", "hu.vsza.adsdroid.SearchPanel"]}, {"744692ecc8014f105647c20ce3372983": ["1", "hu.vsza.adsdroid.SearchPanel"]}, {"f4f917356a0af4eb7a315dcb57b36013": ["0", "hu.vsza.adsdroid.SearchPanel"]}, {"f4f917356a0af4eb7a315dcb57b36013": ["0", "hu.vsza.adsdroid.SearchPanel"]}, {"f4f917356a0af4eb7a315dcb57b36013": ["0", "hu.vsza.adsdroid.SearchPanel"]}, {"f4f917356a0af4eb7a315dcb57b36013": ["0", "hu.vsza.adsdroid.SearchPanel"]}, {"744692ecc8014f105647c20ce3372983": ["1", "hu.vsza.adsdroid.SearchPanel"]}, {"744692ecc8014f105647c20ce3372983": ["1", "hu.vsza.adsdroid.SearchPanel"]}, {"f4f917356a0af4eb7a315dcb57b36013": ["0", "hu.vsza.adsdroid.SearchPanel"]}, {"f4f917356a0af4eb7a315dcb57b36013": ["0", "hu.vsza.adsdroid.SearchPanel"]}, {"744692ecc8014f105647c20ce3372983": ["1", "hu.vsza.adsdroid.SearchPanel"]}, {"f4f917356a0af4eb7a315dcb57b36013": ["0", "hu.vsza.adsdroid.SearchPanel"]}, {"f4f917356a0af4eb7a315dcb57b36013": ["0", "hu.vsza.adsdroid.SearchPanel"]}, {"f4f917356a0af4eb7a315dcb57b36013": ["0", "hu.vsza.adsdroid.SearchPanel"]}, {"f4f917356a0af4eb7a315dcb57b36013": ["0", "hu.vsza.adsdroid.SearchPanel"]}, {"f4f917356a0af4eb7a315dcb57b36013": ["0", "hu.vsza.adsdroid.SearchPanel"]}, {"f4f917356a0af4eb7a315dcb57b36013": ["0", "hu.vsza.adsdroid.SearchPanel"]}, {"f4f917356a0af4eb7a315dcb57b36013": ["0", "hu.vsza.adsdroid.SearchPanel"]}, {"f4f917356a0af4eb7a315dcb57b36013": ["0", "hu.vsza.adsdroid.SearchPanel"]}, {"744692ecc8014f105647c20ce3372983": ["1", "hu.vsza.adsdroid.SearchPanel"]}, {"744692ecc8014f105647c20ce3372983": ["1", "hu.vsza.adsdroid.SearchPanel"]}, {"744692ecc8014f105647c20ce3372983": ["1", "hu.vsza.adsdroid.SearchPanel"]}, {"f4f917356a0af4eb7a315dcb57b36013": ["0", "hu.vsza.adsdroid.SearchPanel"]}, {"744692ecc8014f105647c20ce3372983": ["1", "hu.vsza.adsdroid.SearchPanel"]}, {"744692ecc8014f105647c20ce3372983": ["1", "hu.vsza.adsdroid.SearchPanel"]}, {"744692ecc8014f105647c20ce3372983": ["1", "hu.vsza.adsdroid.SearchPanel"]}, {"744692ecc8014f105647c20ce3372983": ["1", "hu.vsza.adsdroid.SearchPanel"]}, {"744692ecc8014f105647c20ce3372983": ["1", "hu.vsza.adsdroid.SearchPanel"]}, {"744692ecc8014f105647c20ce3372983": ["1", "hu.vsza.adsdroid.SearchPanel"]}, {"744692ecc8014f105647c20ce3372983": ["1", "hu.vsza.adsdroid.SearchPanel"]}, {"744692ecc8014f105647c20ce3372983": ["1", "hu.vsza.adsdroid.SearchPanel"]}, {"744692ecc8014f105647c20ce3372983": ["1", "hu.vsza.adsdroid.SearchPanel"]}, {"744692ecc8014f105647c20ce3372983": ["1", "hu.vsza.adsdroid.SearchPanel"]}, {"744692ecc8014f105647c20ce3372983": ["1", "hu.vsza.adsdroid.SearchPanel"]}, {"f4f917356a0af4eb7a315dcb57b36013": ["0", "hu.vsza.adsdroid.SearchPanel"]}, {"f4f917356a0af4eb7a315dcb57b36013": ["0", "hu.vsza.adsdroid.SearchPanel"]}, {"744692ecc8014f105647c20ce3372983": ["1", "hu.vsza.adsdroid.SearchPanel"]}, {"744692ecc8014f105647c20ce3372983": ["1", "hu.vsza.adsdroid.SearchPanel"]}, {"f4f917356a0af4eb7a315dcb57b36013": ["0", "hu.vsza.adsdroid.SearchPanel"]}, {"744692ecc8014f105647c20ce3372983": ["1", "hu.vsza.adsdroid.SearchPanel"]}, {"744692ecc8014f105647c20ce3372983": ["1", "hu.vsza.adsdroid.SearchPanel"]}, {"744692ecc8014f105647c20ce3372983": ["1", "hu.vsza.adsdroid.SearchPanel"]}, {"744692ecc8014f105647c20ce3372983": ["1", "hu.vsza.adsdroid.SearchPanel"]}, {"744692ecc8014f105647c20ce3372983": ["1", "hu.vsza.adsdroid.SearchPanel"]}, {"744692ecc8014f105647c20ce3372983": ["1", "hu.vsza.adsdroid.SearchPanel"]}, {"744692ecc8014f105647c20ce3372983": ["1", "hu.vsza.adsdroid.SearchPanel"]}, {"744692ecc8014f105647c20ce3372983": ["1", "hu.vsza.adsdroid.SearchPanel"]}, {"f4f917356a0af4eb7a315dcb57b36013": ["0", "hu.vsza.adsdroid.SearchPanel"]}, {"744692ecc8014f105647c20ce3372983": ["1", "hu.vsza.adsdroid.SearchPanel"]}, {"744692ecc8014f105647c20ce3372983": ["1", "hu.vsza.adsdroid.SearchPanel"]}, {"744692ecc8014f105647c20ce3372983": ["1", "hu.vsza.adsdroid.SearchPanel"]}, {"744692ecc8014f105647c20ce3372983": ["1", "hu.vsza.adsdroid.SearchPanel"]}, {"f4f917356a0af4eb7a315dcb57b36013": ["0", "hu.vsza.adsdroid.SearchPanel"]}, {"f4f917356a0af4eb7a315dcb57b36013": ["0", "hu.vsza.adsdroid.SearchPanel"]}, {"f4f917356a0af4eb7a315dcb57b36013": ["0", "hu.vsza.adsdroid.SearchPanel"]}, {"f4f917356a0af4eb7a315dcb57b36013": ["0", "hu.vsza.adsdroid.SearchPanel"]}, {"744692ecc8014f105647c20ce3372983": ["1", "hu.vsza.adsdroid.SearchPanel"]}, {"744692ecc8014f105647c20ce3372983": ["1", "hu.vsza.adsdroid.SearchPanel"]}, {"f4f917356a0af4eb7a315dcb57b36013": ["0", "hu.vsza.adsdroid.SearchPanel"]}, {"744692ecc8014f105647c20ce3372983": ["1", "hu.vsza.adsdroid.SearchPanel"]}, {"744692ecc8014f105647c20ce3372983": ["1", "hu.vsza.adsdroid.SearchPanel"]}, {"f4f917356a0af4eb7a315dcb57b36013": ["0", "hu.vsza.adsdroid.SearchPanel"]}, {"744692ecc8014f105647c20ce3372983": ["1", "hu.vsza.adsdroid.SearchPanel"]}, {"744692ecc8014f105647c20ce3372983": ["1", "hu.vsza.adsdroid.SearchPanel"]}, {"744692ecc8014f105647c20ce3372983": ["1", "hu.vsza.adsdroid.SearchPanel"]}, {"744692ecc8014f105647c20ce3372983": ["1", "hu.vsza.adsdroid.SearchPanel"]}, {"744692ecc8014f105647c20ce3372983": ["1", "hu.vsza.adsdroid.SearchPanel"]}, {"f4f917356a0af4eb7a315dcb57b36013": ["0", "hu.vsza.adsdroid.SearchPanel"]}, {"f4f917356a0af4eb7a315dcb57b36013": ["0", "hu.vsza.adsdroid.SearchPanel"]}, {"f4f917356a0af4eb7a315dcb57b36013": ["0", "hu.vsza.adsdroid.SearchPanel"]}, {"744692ecc8014f105647c20ce3372983": ["1", "hu.vsza.adsdroid.SearchPanel"]}, {"744692ecc8014f105647c20ce3372983": ["1", "hu.vsza.adsdroid.SearchPanel"]}, {"744692ecc8014f105647c20ce3372983": ["1", "hu.vsza.adsdroid.SearchPanel"]}, {"744692ecc8014f105647c20ce3372983": ["1", "hu.vsza.adsdroid.SearchPanel"]}, {"744692ecc8014f105647c20ce3372983": ["1", "hu.vsza.adsdroid.SearchPanel"]}, {"f4f917356a0af4eb7a315dcb57b36013": ["0", "hu.vsza.adsdroid.SearchPanel"]}, {"f4f917356a0af4eb7a315dcb57b36013": ["0", "hu.vsza.adsdroid.SearchPanel"]}, {"744692ecc8014f105647c20ce3372983": ["1", "hu.vsza.adsdroid.SearchPanel"]}, {"f4f917356a0af4eb7a315dcb57b36013": ["0", "hu.vsza.adsdroid.SearchPanel"]}, {"744692ecc8014f105647c20ce3372983": ["1", "hu.vsza.adsdroid.SearchPanel"]}, {"744692ecc8014f105647c20ce3372983": ["1", "hu.vsza.adsdroid.SearchPanel"]}, {"744692ecc8014f105647c20ce3372983": ["1", "hu.vsza.adsdroid.SearchPanel"]}, {"744692ecc8014f105647c20ce3372983": ["1", "hu.vsza.adsdroid.SearchPanel"]}, {"744692ecc8014f105647c20ce3372983": ["1", "hu.vsza.adsdroid.SearchPanel"]}, {"744692ecc8014f105647c20ce3372983": ["1", "hu.vsza.adsdroid.SearchPanel"]}, {"744692ecc8014f105647c20ce3372983": ["1", "hu.vsza.adsdroid.SearchPanel"]}, {"744692ecc8014f105647c20ce3372983": ["1", "hu.vsza.adsdroid.SearchPanel"]}, {"744692ecc8014f105647c20ce3372983": ["1", "hu.vsza.adsdroid.SearchPanel"]}, {"744692ecc8014f105647c20ce3372983": ["1", "hu.vsza.adsdroid.SearchPanel"]}, {"f4f917356a0af4eb7a315dcb57b36013": ["0", "hu.vsza.adsdroid.SearchPanel"]}, {"f4f917356a0af4eb7a315dcb57b36013": ["0", "hu.vsza.adsdroid.SearchPanel"]}, {"f4f917356a0af4eb7a315dcb57b36013": ["0", "hu.vsza.adsdroid.SearchPanel"]}, {"744692ecc8014f105647c20ce3372983": ["1", "hu.vsza.adsdroid.SearchPanel"]}, {"744692ecc8014f105647c20ce3372983": ["1", "hu.vsza.adsdroid.SearchPanel"]}, {"f4f917356a0af4eb7a315dcb57b36013": ["0", "hu.vsza.adsdroid.SearchPanel"]}, {"f4f917356a0af4eb7a315dcb57b36013": ["0", "hu.vsza.adsdroid.SearchPanel"]}, {"f4f917356a0af4eb7a315dcb57b36013": ["0", "hu.vsza.adsdroid.SearchPanel"]}, {"f4f917356a0af4eb7a315dcb57b36013": ["0", "hu.vsza.adsdroid.SearchPanel"]}, {"744692ecc8014f105647c20ce3372983": ["1", "hu.vsza.adsdroid.SearchPanel"]}, {"744692ecc8014f105647c20ce3372983": ["1", "hu.vsza.adsdroid.SearchPanel"]}, {"f4f917356a0af4eb7a315dcb57b36013": ["0", "hu.vsza.adsdroid.SearchPanel"]}, {"f4f917356a0af4eb7a315dcb57b36013": ["0", "hu.vsza.adsdroid.SearchPanel"]}, {"f4f917356a0af4eb7a315dcb57b36013": ["0", "hu.vsza.adsdroid.SearchPanel"]}, {"744692ecc8014f105647c20ce3372983": ["1", "hu.vsza.adsdroid.SearchPanel"]}, {"744692ecc8014f105647c20ce3372983": ["1", "hu.vsza.adsdroid.SearchPanel"]}, {"f4f917356a0af4eb7a315dcb57b36013": ["0", "hu.vsza.adsdroid.SearchPanel"]}, {"744692ecc8014f105647c20ce3372983": ["1", "hu.vsza.adsdroid.SearchPanel"]}, {"744692ecc8014f105647c20ce3372983": ["1", "hu.vsza.adsdroid.SearchPanel"]}, {"744692ecc8014f105647c20ce3372983": ["1", "hu.vsza.adsdroid.SearchPanel"]}, {"744692ecc8014f105647c20ce3372983": ["1", "hu.vsza.adsdroid.SearchPanel"]}, {"744692ecc8014f105647c20ce3372983": ["1", "hu.vsza.adsdroid.SearchPanel"]}, {"f4f917356a0af4eb7a315dcb57b36013": ["0", "hu.vsza.adsdroid.SearchPanel"]}, {"f4f917356a0af4eb7a315dcb57b36013": ["0", "hu.vsza.adsdroid.SearchPanel"]}, {"f4f917356a0af4eb7a315dcb57b36013": ["0", "hu.vsza.adsdroid.SearchPanel"]}, {"744692ecc8014f105647c20ce3372983": ["1", "hu.vsza.adsdroid.SearchPanel"]}, {"744692ecc8014f105647c20ce3372983": ["1", "hu.vsza.adsdroid.SearchPanel"]}, {"744692ecc8014f105647c20ce3372983": ["1", "hu.vsza.adsdroid.SearchPanel"]}, {"744692ecc8014f105647c20ce3372983": ["1", "hu.vsza.adsdroid.SearchPanel"]}, {"f4f917356a0af4eb7a315dcb57b36013": ["0", "hu.vsza.adsdroid.SearchPanel"]}, {"744692ecc8014f105647c20ce3372983": ["1", "hu.vsza.adsdroid.SearchPanel"]}, {"744692ecc8014f105647c20ce3372983": ["1", "hu.vsza.adsdroid.SearchPanel"]}, {"744692ecc8014f105647c20ce3372983": ["1", "hu.vsza.adsdroid.SearchPanel"]}, {"744692ecc8014f105647c20ce3372983": ["1", "hu.vsza.adsdroid.SearchPanel"]}, {"f4f917356a0af4eb7a315dcb57b36013": ["0", "hu.vsza.adsdroid.SearchPanel"]}, {"f4f917356a0af4eb7a315dcb57b36013": ["0", "hu.vsza.adsdroid.SearchPanel"]}, {"f4f917356a0af4eb7a315dcb57b36013": ["0", "hu.vsza.adsdroid.SearchPanel"]}, {"f4f917356a0af4eb7a315dcb57b36013": ["0", "hu.vsza.adsdroid.SearchPanel"]}, {"744692ecc8014f105647c20ce3372983": ["1", "hu.vsza.adsdroid.SearchPanel"]}, {"f4f917356a0af4eb7a315dcb57b36013": ["0", "hu.vsza.adsdroid.SearchPanel"]}, {"744692ecc8014f105647c20ce3372983": ["1", "hu.vsza.adsdroid.SearchPanel"]}, {"744692ecc8014f105647c20ce3372983": ["1", "hu.vsza.adsdroid.SearchPanel"]}, {"744692ecc8014f105647c20ce3372983": ["1", "hu.vsza.adsdroid.SearchPanel"]}, {"744692ecc8014f105647c20ce3372983": ["1", "hu.vsza.adsdroid.SearchPanel"]}, {"744692ecc8014f105647c20ce3372983": ["1", "hu.vsza.adsdroid.SearchPanel"]}, {"744692ecc8014f105647c20ce3372983": ["1", "hu.vsza.adsdroid.SearchPanel"]}, {"f4f917356a0af4eb7a315dcb57b36013": ["0", "hu.vsza.adsdroid.SearchPanel"]}, {"f4f917356a0af4eb7a315dcb57b36013": ["0", "hu.vsza.adsdroid.SearchPanel"]}, {"744692ecc8014f105647c20ce3372983": ["1", "hu.vsza.adsdroid.SearchPanel"]}, {"744692ecc8014f105647c20ce3372983": ["1", "hu.vsza.adsdroid.SearchPanel"]}, {"744692ecc8014f105647c20ce3372983": ["1", "hu.vsza.adsdroid.SearchPanel"]}, {"744692ecc8014f105647c20ce3372983": ["1", "hu.vsza.adsdroid.SearchPanel"]}, {"744692ecc8014f105647c20ce3372983": ["1", "hu.vsza.adsdroid.SearchPanel"]}, {"f4f917356a0af4eb7a315dcb57b36013": ["0", "hu.vsza.adsdroid.SearchPanel"]}, {"f4f917356a0af4eb7a315dcb57b36013": ["0", "hu.vsza.adsdroid.SearchPanel"]}, {"744692ecc8014f105647c20ce3372983": ["1", "hu.vsza.adsdroid.SearchPanel"]}, {"744692ecc8014f105647c20ce3372983": ["1", "hu.vsza.adsdroid.SearchPanel"]}, {"744692ecc8014f105647c20ce3372983": ["1", "hu.vsza.adsdroid.SearchPanel"]}, {"744692ecc8014f105647c20ce3372983": ["1", "hu.vsza.adsdroid.SearchPanel"]}, {"f4f917356a0af4eb7a315dcb57b36013": ["0", "hu.vsza.adsdroid.SearchPanel"]}, {"744692ecc8014f105647c20ce3372983": ["1", "hu.vsza.adsdroid.SearchPanel"]}, {"f4f917356a0af4eb7a315dcb57b36013": ["0", "hu.vsza.adsdroid.SearchPanel"]}, {"f4f917356a0af4eb7a315dcb57b36013": ["0", "hu.vsza.adsdroid.SearchPanel"]}, {"f4f917356a0af4eb7a315dcb57b36013": ["0", "hu.vsza.adsdroid.SearchPanel"]}, {"744692ecc8014f105647c20ce3372983": ["1", "hu.vsza.adsdroid.SearchPanel"]}, {"744692ecc8014f105647c20ce3372983": ["1", "hu.vsza.adsdroid.SearchPanel"]}, {"744692ecc8014f105647c20ce3372983": ["1", "hu.vsza.adsdroid.SearchPanel"]}, {"f4f917356a0af4eb7a315dcb57b36013": ["0", "hu.vsza.adsdroid.SearchPanel"]}, {"744692ecc8014f105647c20ce3372983": ["1", "hu.vsza.adsdroid.SearchPanel"]}, {"f4f917356a0af4eb7a315dcb57b36013": ["0", "hu.vsza.adsdroid.SearchPanel"]}, {"744692ecc8014f105647c20ce3372983": ["1", "hu.vsza.adsdroid.SearchPanel"]}, {"744692ecc8014f105647c20ce3372983": ["1", "hu.vsza.adsdroid.SearchPanel"]}, {"f4f917356a0af4eb7a315dcb57b36013": ["0", "hu.vsza.adsdroid.SearchPanel"]}, {"744692ecc8014f105647c20ce3372983": ["1", "hu.vsza.adsdroid.SearchPanel"]}, {"744692ecc8014f105647c20ce3372983": ["1", "hu.vsza.adsdroid.SearchPanel"]}, {"744692ecc8014f105647c20ce3372983": ["1", "hu.vsza.adsdroid.SearchPanel"]}, {"744692ecc8014f105647c20ce3372983": ["1", "hu.vsza.adsdroid.SearchPanel"]}, {"744692ecc8014f105647c20ce3372983": ["1", "hu.vsza.adsdroid.SearchPanel"]}, {"f4f917356a0af4eb7a315dcb57b36013": ["0", "hu.vsza.adsdroid.SearchPanel"]}, {"f4f917356a0af4eb7a315dcb57b36013": ["0", "hu.vsza.adsdroid.SearchPanel"]}, {"f4f917356a0af4eb7a315dcb57b36013": ["0", "hu.vsza.adsdroid.SearchPanel"]}, {"f4f917356a0af4eb7a315dcb57b36013": ["0", "hu.vsza.adsdroid.SearchPanel"]}, {"f4f917356a0af4eb7a315dcb57b36013": ["0", "hu.vsza.adsdroid.SearchPanel"]}, {"f4f917356a0af4eb7a315dcb57b36013": ["0", "hu.vsza.adsdroid.SearchPanel"]}, {"f4f917356a0af4eb7a315dcb57b36013": ["0", "hu.vsza.adsdroid.SearchPanel"]}, {"f4f917356a0af4eb7a315dcb57b36013": ["0", "hu.vsza.adsdroid.SearchPanel"]}, {"744692ecc8014f105647c20ce3372983": ["1", "hu.vsza.adsdroid.SearchPanel"]}, {"744692ecc8014f105647c20ce3372983": ["1", "hu.vsza.adsdroid.SearchPanel"]}, {"744692ecc8014f105647c20ce3372983": ["1", "hu.vsza.adsdroid.SearchPanel"]}, {"744692ecc8014f105647c20ce3372983": ["1", "hu.vsza.adsdroid.SearchPanel"]}, {"744692ecc8014f105647c20ce3372983": ["1", "hu.vsza.adsdroid.SearchPanel"]}, {"744692ecc8014f105647c20ce3372983": ["1", "hu.vsza.adsdroid.SearchPanel"]}, {"744692ecc8014f105647c20ce3372983": ["1", "hu.vsza.adsdroid.SearchPanel"]}, {"744692ecc8014f105647c20ce3372983": ["1", "hu.vsza.adsdroid.SearchPanel"]}, {"f4f917356a0af4eb7a315dcb57b36013": ["0", "hu.vsza.adsdroid.SearchPanel"]}, {"f4f917356a0af4eb7a315dcb57b36013": ["0", "hu.vsza.adsdroid.SearchPanel"]}, {"f4f917356a0af4eb7a315dcb57b36013": ["0", "hu.vsza.adsdroid.SearchPanel"]}, {"f4f917356a0af4eb7a315dcb57b36013": ["0", "hu.vsza.adsdroid.SearchPanel"]}, {"f4f917356a0af4eb7a315dcb57b36013": ["0", "hu.vsza.adsdroid.SearchPanel"]}, {"f4f917356a0af4eb7a315dcb57b36013": ["0", "hu.vsza.adsdroid.SearchPanel"]}, {"f4f917356a0af4eb7a315dcb57b36013": ["0", "hu.vsza.adsdroid.SearchPanel"]}, {"f4f917356a0af4eb7a315dcb57b36013": ["0", "hu.vsza.adsdroid.SearchPanel"]}, {"744692ecc8014f105647c20ce3372983": ["1", "hu.vsza.adsdroid.SearchPanel"]}, {"744692ecc8014f105647c20ce3372983": ["1", "hu.vsza.adsdroid.SearchPanel"]}, {"744692ecc8014f105647c20ce3372983": ["1", "hu.vsza.adsdroid.SearchPanel"]}, {"744692ecc8014f105647c20ce3372983": ["1", "hu.vsza.adsdroid.SearchPanel"]}, {"744692ecc8014f105647c20ce3372983": ["1", "hu.vsza.adsdroid.SearchPanel"]}, {"744692ecc8014f105647c20ce3372983": ["1", "hu.vsza.adsdroid.SearchPanel"]}, {"744692ecc8014f105647c20ce3372983": ["1", "hu.vsza.adsdroid.SearchPanel"]}, {"f4f917356a0af4eb7a315dcb57b36013": ["0", "hu.vsza.adsdroid.SearchPanel"]}, {"744692ecc8014f105647c20ce3372983": ["1", "hu.vsza.adsdroid.SearchPanel"]}, {"744692ecc8014f105647c20ce3372983": ["1", "hu.vsza.adsdroid.SearchPanel"]}, {"744692ecc8014f105647c20ce3372983": ["1", "hu.vsza.adsdroid.SearchPanel"]}, {"744692ecc8014f105647c20ce3372983": ["1", "hu.vsza.adsdroid.SearchPanel"]}, {"f4f917356a0af4eb7a315dcb57b36013": ["0", "hu.vsza.adsdroid.SearchPanel"]}, {"f4f917356a0af4eb7a315dcb57b36013": ["0", "hu.vsza.adsdroid.SearchPanel"]}, {"f4f917356a0af4eb7a315dcb57b36013": ["0", "hu.vsza.adsdroid.SearchPanel"]}, {"744692ecc8014f105647c20ce3372983": ["1", "hu.vsza.adsdroid.SearchPanel"]}, {"744692ecc8014f105647c20ce3372983": ["1", "hu.vsza.adsdroid.SearchPanel"]}, {"744692ecc8014f105647c20ce3372983": ["1", "hu.vsza.adsdroid.SearchPanel"]}, {"744692ecc8014f105647c20ce3372983": ["1", "hu.vsza.adsdroid.SearchPanel"]}, {"f4f917356a0af4eb7a315dcb57b36013": ["0", "hu.vsza.adsdroid.SearchPanel"]}, {"f4f917356a0af4eb7a315dcb57b36013": ["0", "hu.vsza.adsdroid.SearchPanel"]}, {"f4f917356a0af4eb7a315dcb57b36013": ["0", "hu.vsza.adsdroid.SearchPanel"]}, {"f4f917356a0af4eb7a315dcb57b36013": ["0", "hu.vsza.adsdroid.SearchPanel"]}, {"744692ecc8014f105647c20ce3372983": ["1", "hu.vsza.adsdroid.SearchPanel"]}, {"744692ecc8014f105647c20ce3372983": ["1", "hu.vsza.adsdroid.SearchPanel"]}, {"744692ecc8014f105647c20ce3372983": ["1", "hu.vsza.adsdroid.SearchPanel"]}, {"744692ecc8014f105647c20ce3372983": ["1", "hu.vsza.adsdroid.SearchPanel"]}, {"744692ecc8014f105647c20ce3372983": ["1", "hu.vsza.adsdroid.SearchPanel"]}, {"744692ecc8014f105647c20ce3372983": ["1", "hu.vsza.adsdroid.SearchPanel"]}, {"f4f917356a0af4eb7a315dcb57b36013": ["0", "hu.vsza.adsdroid.SearchPanel"]}, {"f4f917356a0af4eb7a315dcb57b36013": ["0", "hu.vsza.adsdroid.SearchPanel"]}, {"744692ecc8014f105647c20ce3372983": ["1", "hu.vsza.adsdroid.SearchPanel"]}, {"744692ecc8014f105647c20ce3372983": ["1", "hu.vsza.adsdroid.SearchPanel"]}, {"744692ecc8014f105647c20ce3372983": ["1", "hu.vsza.adsdroid.SearchPanel"]}, {"f4f917356a0af4eb7a315dcb57b36013": ["0", "hu.vsza.adsdroid.SearchPanel"]}, {"744692ecc8014f105647c20ce3372983": ["1", "hu.vsza.adsdroid.SearchPanel"]}, {"744692ecc8014f105647c20ce3372983": ["1", "hu.vsza.adsdroid.SearchPanel"]}, {"f4f917356a0af4eb7a315dcb57b36013": ["0", "hu.vsza.adsdroid.SearchPanel"]}, {"744692ecc8014f105647c20ce3372983": ["1", "hu.vsza.adsdroid.SearchPanel"]}, {"744692ecc8014f105647c20ce3372983": ["1", "hu.vsza.adsdroid.SearchPanel"]}, {"744692ecc8014f105647c20ce3372983": ["1", "hu.vsza.adsdroid.SearchPanel"]}, {"f4f917356a0af4eb7a315dcb57b36013": ["0", "hu.vsza.adsdroid.SearchPanel"]}, {"744692ecc8014f105647c20ce3372983": ["1", "hu.vsza.adsdroid.SearchPanel"]}, {"744692ecc8014f105647c20ce3372983": ["1", "hu.vsza.adsdroid.SearchPanel"]}, {"f4f917356a0af4eb7a315dcb57b36013": ["0", "hu.vsza.adsdroid.SearchPanel"]}, {"f4f917356a0af4eb7a315dcb57b36013": ["0", "hu.vsza.adsdroid.SearchPanel"]}, {"f4f917356a0af4eb7a315dcb57b36013": ["0", "hu.vsza.adsdroid.SearchPanel"]}, {"f4f917356a0af4eb7a315dcb57b36013": ["0", "hu.vsza.adsdroid.SearchPanel"]}, {"f4f917356a0af4eb7a315dcb57b36013": ["0", "hu.vsza.adsdroid.SearchPanel"]}, {"744692ecc8014f105647c20ce3372983": ["1", "hu.vsza.adsdroid.SearchPanel"]}, {"f4f917356a0af4eb7a315dcb57b36013": ["0", "hu.vsza.adsdroid.SearchPanel"]}, {"744692ecc8014f105647c20ce3372983": ["1", "hu.vsza.adsdroid.SearchPanel"]}, {"f4f917356a0af4eb7a315dcb57b36013": ["0", "hu.vsza.adsdroid.SearchPanel"]}, {"f4f917356a0af4eb7a315dcb57b36013": ["0", "hu.vsza.adsdroid.SearchPanel"]}, {"f4f917356a0af4eb7a315dcb57b36013": ["0", "hu.vsza.adsdroid.SearchPanel"]}, {"f4f917356a0af4eb7a315dcb57b36013": ["0", "hu.vsza.adsdroid.SearchPanel"]}, {"f4f917356a0af4eb7a315dcb57b36013": ["0", "hu.vsza.adsdroid.SearchPanel"]}, {"744692ecc8014f105647c20ce3372983": ["1", "hu.vsza.adsdroid.SearchPanel"]}, {"744692ecc8014f105647c20ce3372983": ["1", "hu.vsza.adsdroid.SearchPanel"]}, {"744692ecc8014f105647c20ce3372983": ["1", "hu.vsza.adsdroid.SearchPanel"]}, {"744692ecc8014f105647c20ce3372983": ["1", "hu.vsza.adsdroid.SearchPanel"]}, {"f4f917356a0af4eb7a315dcb57b36013": ["0", "hu.vsza.adsdroid.SearchPanel"]}, {"744692ecc8014f105647c20ce3372983": ["1", "hu.vsza.adsdroid.SearchPanel"]}, {"f4f917356a0af4eb7a315dcb57b36013": ["0", "hu.vsza.adsdroid.SearchPanel"]}, {"f4f917356a0af4eb7a315dcb57b36013": ["0", "hu.vsza.adsdroid.SearchPanel"]}, {"f4f917356a0af4eb7a315dcb57b36013": ["0", "hu.vsza.adsdroid.SearchPanel"]}, {"744692ecc8014f105647c20ce3372983": ["1", "hu.vsza.adsdroid.SearchPanel"]}, {"744692ecc8014f105647c20ce3372983": ["1", "hu.vsza.adsdroid.SearchPanel"]}, {"744692ecc8014f105647c20ce3372983": ["1", "hu.vsza.adsdroid.SearchPanel"]}, {"f4f917356a0af4eb7a315dcb57b36013": ["0", "hu.vsza.adsdroid.SearchPanel"]}, {"f4f917356a0af4eb7a315dcb57b36013": ["0", "hu.vsza.adsdroid.SearchPanel"]}, {"f4f917356a0af4eb7a315dcb57b36013": ["0", "hu.vsza.adsdroid.SearchPanel"]}, {"f4f917356a0af4eb7a315dcb57b36013": ["0", "hu.vsza.adsdroid.SearchPanel"]}, {"f4f917356a0af4eb7a315dcb57b36013": ["0", "hu.vsza.adsdroid.SearchPanel"]}, {"f4f917356a0af4eb7a315dcb57b36013": ["0", "hu.vsza.adsdroid.SearchPanel"]}, {"f4f917356a0af4eb7a315dcb57b36013": ["0", "hu.vsza.adsdroid.SearchPanel"]}, {"744692ecc8014f105647c20ce3372983": ["1", "hu.vsza.adsdroid.SearchPanel"]}, {"744692ecc8014f105647c20ce3372983": ["1", "hu.vsza.adsdroid.SearchPanel"]}, {"744692ecc8014f105647c20ce3372983": ["1", "hu.vsza.adsdroid.SearchPanel"]}, {"744692ecc8014f105647c20ce3372983": ["1", "hu.vsza.adsdroid.SearchPanel"]}, {"744692ecc8014f105647c20ce3372983": ["1", "hu.vsza.adsdroid.SearchPanel"]}, {"744692ecc8014f105647c20ce3372983": ["1", "hu.vsza.adsdroid.SearchPanel"]}, {"744692ecc8014f105647c20ce3372983": ["1", "hu.vsza.adsdroid.SearchPanel"]}, {"744692ecc8014f105647c20ce3372983": ["1", "hu.vsza.adsdroid.SearchPanel"]}, {"744692ecc8014f105647c20ce3372983": ["1", "hu.vsza.adsdroid.SearchPanel"]}, {"744692ecc8014f105647c20ce3372983": ["1", "hu.vsza.adsdroid.SearchPanel"]}, {"f4f917356a0af4eb7a315dcb57b36013": ["0", "hu.vsza.adsdroid.SearchPanel"]}, {"744692ecc8014f105647c20ce3372983": ["1", "hu.vsza.adsdroid.SearchPanel"]}, {"744692ecc8014f105647c20ce3372983": ["1", "hu.vsza.adsdroid.SearchPanel"]}, {"744692ecc8014f105647c20ce3372983": ["1", "hu.vsza.adsdroid.SearchPanel"]}, {"f4f917356a0af4eb7a315dcb57b36013": ["0", "hu.vsza.adsdroid.SearchPanel"]}, {"f4f917356a0af4eb7a315dcb57b36013": ["0", "hu.vsza.adsdroid.SearchPanel"]}, {"f4f917356a0af4eb7a315dcb57b36013": ["0", "hu.vsza.adsdroid.SearchPanel"]}, {"f4f917356a0af4eb7a315dcb57b36013": ["0", "hu.vsza.adsdroid.SearchPanel"]}, {"744692ecc8014f105647c20ce3372983": ["1", "hu.vsza.adsdroid.SearchPanel"]}, {"f4f917356a0af4eb7a315dcb57b36013": ["0", "hu.vsza.adsdroid.SearchPanel"]}, {"f4f917356a0af4eb7a315dcb57b36013": ["0", "hu.vsza.adsdroid.SearchPanel"]}, {"744692ecc8014f105647c20ce3372983": ["1", "hu.vsza.adsdroid.SearchPanel"]}, {"f4f917356a0af4eb7a315dcb57b36013": ["0", "hu.vsza.adsdroid.SearchPanel"]}, {"f4f917356a0af4eb7a315dcb57b36013": ["0", "hu.vsza.adsdroid.SearchPanel"]}, {"744692ecc8014f105647c20ce3372983": ["1", "hu.vsza.adsdroid.SearchPanel"]}, {"744692ecc8014f105647c20ce3372983": ["1", "hu.vsza.adsdroid.SearchPanel"]}, {"744692ecc8014f105647c20ce3372983": ["1", "hu.vsza.adsdroid.SearchPanel"]}, {"744692ecc8014f105647c20ce3372983": ["1", "hu.vsza.adsdroid.SearchPanel"]}, {"744692ecc8014f105647c20ce3372983": ["1", "hu.vsza.adsdroid.SearchPanel"]}, {"744692ecc8014f105647c20ce3372983": ["1", "hu.vsza.adsdroid.SearchPanel"]}, {"744692ecc8014f105647c20ce3372983": ["1", "hu.vsza.adsdroid.SearchPanel"]}, {"f4f917356a0af4eb7a315dcb57b36013": ["0", "hu.vsza.adsdroid.SearchPanel"]}, {"f4f917356a0af4eb7a315dcb57b36013": ["0", "hu.vsza.adsdroid.SearchPanel"]}, {"744692ecc8014f105647c20ce3372983": ["1", "hu.vsza.adsdroid.SearchPanel"]}, {"744692ecc8014f105647c20ce3372983": ["1", "hu.vsza.adsdroid.SearchPanel"]}, {"f4f917356a0af4eb7a315dcb57b36013": ["0", "hu.vsza.adsdroid.SearchPanel"]}, {"f4f917356a0af4eb7a315dcb57b36013": ["0", "hu.vsza.adsdroid.SearchPanel"]}, {"f4f917356a0af4eb7a315dcb57b36013": ["0", "hu.vsza.adsdroid.SearchPanel"]}, {"f4f917356a0af4eb7a315dcb57b36013": ["0", "hu.vsza.adsdroid.SearchPanel"]}, {"744692ecc8014f105647c20ce3372983": ["1", "hu.vsza.adsdroid.SearchPanel"]}, {"744692ecc8014f105647c20ce3372983": ["1", "hu.vsza.adsdroid.SearchPanel"]}, {"f4f917356a0af4eb7a315dcb57b36013": ["0", "hu.vsza.adsdroid.SearchPanel"]}]