[{"07609d509ff06f47867dfa45a79a0c99": ["0", "com.bwx.bequick.MainSettingsActivity"]}, {"07609d509ff06f47867dfa45a79a0c99": ["0", "com.bwx.bequick.MainSettingsActivity"]}, {"07609d509ff06f47867dfa45a79a0c99": ["0", "com.bwx.bequick.MainSettingsActivity"]}, {"07609d509ff06f47867dfa45a79a0c99": ["0", "com.bwx.bequick.MainSettingsActivity"]}, {"07609d509ff06f47867dfa45a79a0c99": ["0", "com.bwx.bequick.MainSettingsActivity"]}, {"59eb85470e0270c720e506e6094f241a": ["2", "com.bwx.bequick.MainSettingsActivity"]}, {"07609d509ff06f47867dfa45a79a0c99": ["0", "com.bwx.bequick.MainSettingsActivity"]}, {"07609d509ff06f47867dfa45a79a0c99": ["0", "com.bwx.bequick.MainSettingsActivity"]}, {"fbc106ffff5f211bbf4ccce94c077c3f": ["5", "com.bwx.bequick.MainSettingsActivity"]}, {"07609d509ff06f47867dfa45a79a0c99": ["0", "com.bwx.bequick.MainSettingsActivity"]}, {"07609d509ff06f47867dfa45a79a0c99": ["0", "com.bwx.bequick.MainSettingsActivity"]}, {"fbc106ffff5f211bbf4ccce94c077c3f": ["5", "com.bwx.bequick.MainSettingsActivity"]}, {"07609d509ff06f47867dfa45a79a0c99": ["0", "com.bwx.bequick.MainSettingsActivity"]}, {"07609d509ff06f47867dfa45a79a0c99": ["0", "com.bwx.bequick.MainSettingsActivity"]}, {"07609d509ff06f47867dfa45a79a0c99": ["0", "com.bwx.bequick.MainSettingsActivity"]}, {"4934f8234320f406f140e0a30276fce9": ["60", "com.bwx.bequick.preferences.MobileDataPrefs"]}, {"07609d509ff06f47867dfa45a79a0c99": ["0", "com.bwx.bequick.MainSettingsActivity"]}, {"07609d509ff06f47867dfa45a79a0c99": ["0", "com.bwx.bequick.MainSettingsActivity"]}, {"07609d509ff06f47867dfa45a79a0c99": ["0", "com.bwx.bequick.MainSettingsActivity"]}, {"07609d509ff06f47867dfa45a79a0c99": ["0", "com.bwx.bequick.MainSettingsActivity"]}, {"07609d509ff06f47867dfa45a79a0c99": ["0", "com.bwx.bequick.MainSettingsActivity"]}, {"07609d509ff06f47867dfa45a79a0c99": ["0", "com.bwx.bequick.MainSettingsActivity"]}, {"07609d509ff06f47867dfa45a79a0c99": ["0", "com.bwx.bequick.MainSettingsActivity"]}, {"07609d509ff06f47867dfa45a79a0c99": ["0", "com.bwx.bequick.MainSettingsActivity"]}, {"59eb85470e0270c720e506e6094f241a": ["2", "com.bwx.bequick.MainSettingsActivity"]}, {"07609d509ff06f47867dfa45a79a0c99": ["0", "com.bwx.bequick.MainSettingsActivity"]}, {"07609d509ff06f47867dfa45a79a0c99": ["0", "com.bwx.bequick.MainSettingsActivity"]}, {"59eb85470e0270c720e506e6094f241a": ["2", "com.bwx.bequick.MainSettingsActivity"]}, {"07609d509ff06f47867dfa45a79a0c99": ["0", "com.bwx.bequick.MainSettingsActivity"]}, {"07609d509ff06f47867dfa45a79a0c99": ["0", "com.bwx.bequick.MainSettingsActivity"]}, {"07609d509ff06f47867dfa45a79a0c99": ["0", "com.bwx.bequick.MainSettingsActivity"]}, {"07609d509ff06f47867dfa45a79a0c99": ["0", "com.bwx.bequick.MainSettingsActivity"]}, {"fbc106ffff5f211bbf4ccce94c077c3f": ["5", "com.bwx.bequick.MainSettingsActivity"]}, {"07609d509ff06f47867dfa45a79a0c99": ["0", "com.bwx.bequick.MainSettingsActivity"]}, {"07609d509ff06f47867dfa45a79a0c99": ["0", "com.bwx.bequick.MainSettingsActivity"]}, {"07609d509ff06f47867dfa45a79a0c99": ["0", "com.bwx.bequick.MainSettingsActivity"]}, {"07609d509ff06f47867dfa45a79a0c99": ["0", "com.bwx.bequick.MainSettingsActivity"]}, {"fbc106ffff5f211bbf4ccce94c077c3f": ["5", "com.bwx.bequick.MainSettingsActivity"]}, {"07609d509ff06f47867dfa45a79a0c99": ["0", "com.bwx.bequick.MainSettingsActivity"]}, {"07609d509ff06f47867dfa45a79a0c99": ["0", "com.bwx.bequick.MainSettingsActivity"]}, {"07609d509ff06f47867dfa45a79a0c99": ["0", "com.bwx.bequick.MainSettingsActivity"]}, {"fbc106ffff5f211bbf4ccce94c077c3f": ["5", "com.bwx.bequick.MainSettingsActivity"]}, {"07609d509ff06f47867dfa45a79a0c99": ["0", "com.bwx.bequick.MainSettingsActivity"]}, {"07609d509ff06f47867dfa45a79a0c99": ["0", "com.bwx.bequick.MainSettingsActivity"]}, {"07609d509ff06f47867dfa45a79a0c99": ["0", "com.bwx.bequick.MainSettingsActivity"]}, {"07609d509ff06f47867dfa45a79a0c99": ["0", "com.bwx.bequick.MainSettingsActivity"]}, {"07609d509ff06f47867dfa45a79a0c99": ["0", "com.bwx.bequick.MainSettingsActivity"]}, {"5936bfcb5143a2c0b1a0ad5b63983215": ["1", "com.bwx.bequick.MainSettingsActivity"]}, {"5936bfcb5143a2c0b1a0ad5b63983215": ["1", "com.bwx.bequick.MainSettingsActivity"]}, {"5936bfcb5143a2c0b1a0ad5b63983215": ["1", "com.bwx.bequick.MainSettingsActivity"]}, {"5936bfcb5143a2c0b1a0ad5b63983215": ["1", "com.bwx.bequick.MainSettingsActivity"]}, {"5936bfcb5143a2c0b1a0ad5b63983215": ["1", "com.bwx.bequick.MainSettingsActivity"]}, {"5936bfcb5143a2c0b1a0ad5b63983215": ["1", "com.bwx.bequick.MainSettingsActivity"]}, {"5936bfcb5143a2c0b1a0ad5b63983215": ["1", "com.bwx.bequick.MainSettingsActivity"]}, {"5936bfcb5143a2c0b1a0ad5b63983215": ["1", "com.bwx.bequick.MainSettingsActivity"]}, {"fbc106ffff5f211bbf4ccce94c077c3f": ["5", "com.bwx.bequick.MainSettingsActivity"]}, {"5936bfcb5143a2c0b1a0ad5b63983215": ["1", "com.bwx.bequick.MainSettingsActivity"]}, {"e2e224ac24b5134c965300d04f83e26c": ["6", "com.bwx.bequick.preferences.GpsPrefs"]}, {"e2e224ac24b5134c965300d04f83e26c": ["6", "com.bwx.bequick.preferences.GpsPrefs"]}, {"e2e224ac24b5134c965300d04f83e26c": ["6", "com.bwx.bequick.preferences.GpsPrefs"]}, {"5936bfcb5143a2c0b1a0ad5b63983215": ["1", "com.bwx.bequick.MainSettingsActivity"]}, {"5936bfcb5143a2c0b1a0ad5b63983215": ["1", "com.bwx.bequick.MainSettingsActivity"]}, {"6c3eb20196d0a9b7a73a2b88432eca81": ["7", "com.bwx.bequick.preferences.MobileDataPrefs"]}, {"6c3eb20196d0a9b7a73a2b88432eca81": ["7", "com.bwx.bequick.preferences.MobileDataPrefs"]}, {"6c3eb20196d0a9b7a73a2b88432eca81": ["7", "com.bwx.bequick.preferences.MobileDataPrefs"]}, {"5936bfcb5143a2c0b1a0ad5b63983215": ["1", "com.bwx.bequick.MainSettingsActivity"]}, {"5936bfcb5143a2c0b1a0ad5b63983215": ["1", "com.bwx.bequick.MainSettingsActivity"]}, {"5936bfcb5143a2c0b1a0ad5b63983215": ["1", "com.bwx.bequick.MainSettingsActivity"]}, {"5936bfcb5143a2c0b1a0ad5b63983215": ["1", "com.bwx.bequick.MainSettingsActivity"]}, {"5936bfcb5143a2c0b1a0ad5b63983215": ["1", "com.bwx.bequick.MainSettingsActivity"]}, {"5936bfcb5143a2c0b1a0ad5b63983215": ["1", "com.bwx.bequick.MainSettingsActivity"]}, {"5936bfcb5143a2c0b1a0ad5b63983215": ["1", "com.bwx.bequick.MainSettingsActivity"]}, {"5936bfcb5143a2c0b1a0ad5b63983215": ["1", "com.bwx.bequick.MainSettingsActivity"]}, {"5936bfcb5143a2c0b1a0ad5b63983215": ["1", "com.bwx.bequick.MainSettingsActivity"]}, {"59eb85470e0270c720e506e6094f241a": ["2", "com.bwx.bequick.MainSettingsActivity"]}, {"5936bfcb5143a2c0b1a0ad5b63983215": ["1", "com.bwx.bequick.MainSettingsActivity"]}, {"5936bfcb5143a2c0b1a0ad5b63983215": ["1", "com.bwx.bequick.MainSettingsActivity"]}, {"5936bfcb5143a2c0b1a0ad5b63983215": ["1", "com.bwx.bequick.MainSettingsActivity"]}, {"fbc106ffff5f211bbf4ccce94c077c3f": ["5", "com.bwx.bequick.MainSettingsActivity"]}, {"5936bfcb5143a2c0b1a0ad5b63983215": ["1", "com.bwx.bequick.MainSettingsActivity"]}, {"63b3ebb2da9bb4b8a77f553782b3355b": ["3", "com.bwx.bequick.preferences.BrightnessPrefs"]}, {"8c4b93c54c3a4bcc0f935b13d03f8f51": ["4", "com.bwx.bequick.MainSettingsActivity"]}, {"8c4b93c54c3a4bcc0f935b13d03f8f51": ["4", "com.bwx.bequick.MainSettingsActivity"]}, {"8c4b93c54c3a4bcc0f935b13d03f8f51": ["4", "com.bwx.bequick.MainSettingsActivity"]}, {"8c4b93c54c3a4bcc0f935b13d03f8f51": ["4", "com.bwx.bequick.MainSettingsActivity"]}, {"8c4b93c54c3a4bcc0f935b13d03f8f51": ["4", "com.bwx.bequick.MainSettingsActivity"]}, {"8c4b93c54c3a4bcc0f935b13d03f8f51": ["4", "com.bwx.bequick.MainSettingsActivity"]}, {"8c4b93c54c3a4bcc0f935b13d03f8f51": ["4", "com.bwx.bequick.MainSettingsActivity"]}, {"8c4b93c54c3a4bcc0f935b13d03f8f51": ["4", "com.bwx.bequick.MainSettingsActivity"]}, {"e2e224ac24b5134c965300d04f83e26c": ["6", "com.bwx.bequick.preferences.GpsPrefs"]}, {"e2e224ac24b5134c965300d04f83e26c": ["6", "com.bwx.bequick.preferences.GpsPrefs"]}, {"e2e224ac24b5134c965300d04f83e26c": ["6", "com.bwx.bequick.preferences.GpsPrefs"]}, {"e2e224ac24b5134c965300d04f83e26c": ["6", "com.bwx.bequick.preferences.GpsPrefs"]}, {"8c4b93c54c3a4bcc0f935b13d03f8f51": ["4", "com.bwx.bequick.MainSettingsActivity"]}, {"6c3eb20196d0a9b7a73a2b88432eca81": ["7", "com.bwx.bequick.preferences.MobileDataPrefs"]}, {"8c4b93c54c3a4bcc0f935b13d03f8f51": ["4", "com.bwx.bequick.MainSettingsActivity"]}, {"8c4b93c54c3a4bcc0f935b13d03f8f51": ["4", "com.bwx.bequick.MainSettingsActivity"]}, {"8c4b93c54c3a4bcc0f935b13d03f8f51": ["4", "com.bwx.bequick.MainSettingsActivity"]}, {"8c4b93c54c3a4bcc0f935b13d03f8f51": ["4", "com.bwx.bequick.MainSettingsActivity"]}, {"8c4b93c54c3a4bcc0f935b13d03f8f51": ["4", "com.bwx.bequick.MainSettingsActivity"]}, {"8c4b93c54c3a4bcc0f935b13d03f8f51": ["4", "com.bwx.bequick.MainSettingsActivity"]}, {"8c4b93c54c3a4bcc0f935b13d03f8f51": ["4", "com.bwx.bequick.MainSettingsActivity"]}, {"6c3eb20196d0a9b7a73a2b88432eca81": ["7", "com.bwx.bequick.preferences.MobileDataPrefs"]}, {"8c4b93c54c3a4bcc0f935b13d03f8f51": ["4", "com.bwx.bequick.MainSettingsActivity"]}, {"8c4b93c54c3a4bcc0f935b13d03f8f51": ["4", "com.bwx.bequick.MainSettingsActivity"]}, {"8c4b93c54c3a4bcc0f935b13d03f8f51": ["4", "com.bwx.bequick.MainSettingsActivity"]}, {"8c4b93c54c3a4bcc0f935b13d03f8f51": ["4", "com.bwx.bequick.MainSettingsActivity"]}, {"fbc106ffff5f211bbf4ccce94c077c3f": ["5", "com.bwx.bequick.MainSettingsActivity"]}, {"8c4b93c54c3a4bcc0f935b13d03f8f51": ["4", "com.bwx.bequick.MainSettingsActivity"]}, {"e2e224ac24b5134c965300d04f83e26c": ["6", "com.bwx.bequick.preferences.GpsPrefs"]}, {"e2e224ac24b5134c965300d04f83e26c": ["6", "com.bwx.bequick.preferences.GpsPrefs"]}, {"e2e224ac24b5134c965300d04f83e26c": ["6", "com.bwx.bequick.preferences.GpsPrefs"]}, {"e2e224ac24b5134c965300d04f83e26c": ["6", "com.bwx.bequick.preferences.GpsPrefs"]}, {"8c4b93c54c3a4bcc0f935b13d03f8f51": ["4", "com.bwx.bequick.MainSettingsActivity"]}, {"e2e224ac24b5134c965300d04f83e26c": ["6", "com.bwx.bequick.preferences.GpsPrefs"]}, {"e2e224ac24b5134c965300d04f83e26c": ["6", "com.bwx.bequick.preferences.GpsPrefs"]}, {"e2e224ac24b5134c965300d04f83e26c": ["6", "com.bwx.bequick.preferences.GpsPrefs"]}, {"e2e224ac24b5134c965300d04f83e26c": ["6", "com.bwx.bequick.preferences.GpsPrefs"]}, {"e2e224ac24b5134c965300d04f83e26c": ["6", "com.bwx.bequick.preferences.GpsPrefs"]}, {"e2e224ac24b5134c965300d04f83e26c": ["6", "com.bwx.bequick.preferences.GpsPrefs"]}, {"e2e224ac24b5134c965300d04f83e26c": ["6", "com.bwx.bequick.preferences.GpsPrefs"]}, {"e2e224ac24b5134c965300d04f83e26c": ["6", "com.bwx.bequick.preferences.GpsPrefs"]}, {"8c4b93c54c3a4bcc0f935b13d03f8f51": ["4", "com.bwx.bequick.MainSettingsActivity"]}, {"8c4b93c54c3a4bcc0f935b13d03f8f51": ["4", "com.bwx.bequick.MainSettingsActivity"]}, {"8c4b93c54c3a4bcc0f935b13d03f8f51": ["4", "com.bwx.bequick.MainSettingsActivity"]}, {"8c4b93c54c3a4bcc0f935b13d03f8f51": ["4", "com.bwx.bequick.MainSettingsActivity"]}, {"8c4b93c54c3a4bcc0f935b13d03f8f51": ["4", "com.bwx.bequick.MainSettingsActivity"]}, {"8c4b93c54c3a4bcc0f935b13d03f8f51": ["4", "com.bwx.bequick.MainSettingsActivity"]}, {"8c4b93c54c3a4bcc0f935b13d03f8f51": ["4", "com.bwx.bequick.MainSettingsActivity"]}, {"8c4b93c54c3a4bcc0f935b13d03f8f51": ["4", "com.bwx.bequick.MainSettingsActivity"]}, {"8c4b93c54c3a4bcc0f935b13d03f8f51": ["4", "com.bwx.bequick.MainSettingsActivity"]}, {"fbc106ffff5f211bbf4ccce94c077c3f": ["5", "com.bwx.bequick.MainSettingsActivity"]}, {"8c4b93c54c3a4bcc0f935b13d03f8f51": ["4", "com.bwx.bequick.MainSettingsActivity"]}, {"8c4b93c54c3a4bcc0f935b13d03f8f51": ["4", "com.bwx.bequick.MainSettingsActivity"]}, {"8c4b93c54c3a4bcc0f935b13d03f8f51": ["4", "com.bwx.bequick.MainSettingsActivity"]}, {"59eb85470e0270c720e506e6094f241a": ["2", "com.bwx.bequick.MainSettingsActivity"]}, {"8c4b93c54c3a4bcc0f935b13d03f8f51": ["4", "com.bwx.bequick.MainSettingsActivity"]}, {"fbc106ffff5f211bbf4ccce94c077c3f": ["5", "com.bwx.bequick.MainSettingsActivity"]}, {"8c4b93c54c3a4bcc0f935b13d03f8f51": ["4", "com.bwx.bequick.MainSettingsActivity"]}, {"8c4b93c54c3a4bcc0f935b13d03f8f51": ["4", "com.bwx.bequick.MainSettingsActivity"]}, {"fbc106ffff5f211bbf4ccce94c077c3f": ["5", "com.bwx.bequick.MainSettingsActivity"]}, {"8c4b93c54c3a4bcc0f935b13d03f8f51": ["4", "com.bwx.bequick.MainSettingsActivity"]}, {"8c4b93c54c3a4bcc0f935b13d03f8f51": ["4", "com.bwx.bequick.MainSettingsActivity"]}, {"8c4b93c54c3a4bcc0f935b13d03f8f51": ["4", "com.bwx.bequick.MainSettingsActivity"]}, {"8c4b93c54c3a4bcc0f935b13d03f8f51": ["4", "com.bwx.bequick.MainSettingsActivity"]}, {"8c4b93c54c3a4bcc0f935b13d03f8f51": ["4", "com.bwx.bequick.MainSettingsActivity"]}, {"8c4b93c54c3a4bcc0f935b13d03f8f51": ["4", "com.bwx.bequick.MainSettingsActivity"]}, {"8c4b93c54c3a4bcc0f935b13d03f8f51": ["4", "com.bwx.bequick.MainSettingsActivity"]}, {"fbc106ffff5f211bbf4ccce94c077c3f": ["5", "com.bwx.bequick.MainSettingsActivity"]}, {"8c4b93c54c3a4bcc0f935b13d03f8f51": ["4", "com.bwx.bequick.MainSettingsActivity"]}, {"8c4b93c54c3a4bcc0f935b13d03f8f51": ["4", "com.bwx.bequick.MainSettingsActivity"]}, {"e2e224ac24b5134c965300d04f83e26c": ["6", "com.bwx.bequick.preferences.GpsPrefs"]}, {"e2e224ac24b5134c965300d04f83e26c": ["6", "com.bwx.bequick.preferences.GpsPrefs"]}, {"8c4b93c54c3a4bcc0f935b13d03f8f51": ["4", "com.bwx.bequick.MainSettingsActivity"]}, {"8c4b93c54c3a4bcc0f935b13d03f8f51": ["4", "com.bwx.bequick.MainSettingsActivity"]}, {"8c4b93c54c3a4bcc0f935b13d03f8f51": ["4", "com.bwx.bequick.MainSettingsActivity"]}, {"8c4b93c54c3a4bcc0f935b13d03f8f51": ["4", "com.bwx.bequick.MainSettingsActivity"]}, {"8c4b93c54c3a4bcc0f935b13d03f8f51": ["4", "com.bwx.bequick.MainSettingsActivity"]}, {"8c4b93c54c3a4bcc0f935b13d03f8f51": ["4", "com.bwx.bequick.MainSettingsActivity"]}, {"e2e224ac24b5134c965300d04f83e26c": ["6", "com.bwx.bequick.preferences.GpsPrefs"]}, {"e2e224ac24b5134c965300d04f83e26c": ["6", "com.bwx.bequick.preferences.GpsPrefs"]}, {"e2e224ac24b5134c965300d04f83e26c": ["6", "com.bwx.bequick.preferences.GpsPrefs"]}, {"e2e224ac24b5134c965300d04f83e26c": ["6", "com.bwx.bequick.preferences.GpsPrefs"]}, {"e2e224ac24b5134c965300d04f83e26c": ["6", "com.bwx.bequick.preferences.GpsPrefs"]}, {"e2e224ac24b5134c965300d04f83e26c": ["6", "com.bwx.bequick.preferences.GpsPrefs"]}, {"8c4b93c54c3a4bcc0f935b13d03f8f51": ["4", "com.bwx.bequick.MainSettingsActivity"]}, {"8c4b93c54c3a4bcc0f935b13d03f8f51": ["4", "com.bwx.bequick.MainSettingsActivity"]}, {"e2e224ac24b5134c965300d04f83e26c": ["6", "com.bwx.bequick.preferences.GpsPrefs"]}, {"8c4b93c54c3a4bcc0f935b13d03f8f51": ["4", "com.bwx.bequick.MainSettingsActivity"]}, {"8c4b93c54c3a4bcc0f935b13d03f8f51": ["4", "com.bwx.bequick.MainSettingsActivity"]}, {"8c4b93c54c3a4bcc0f935b13d03f8f51": ["4", "com.bwx.bequick.MainSettingsActivity"]}, {"e2e224ac24b5134c965300d04f83e26c": ["6", "com.bwx.bequick.preferences.GpsPrefs"]}, {"8c4b93c54c3a4bcc0f935b13d03f8f51": ["4", "com.bwx.bequick.MainSettingsActivity"]}, {"8c4b93c54c3a4bcc0f935b13d03f8f51": ["4", "com.bwx.bequick.MainSettingsActivity"]}, {"8c4b93c54c3a4bcc0f935b13d03f8f51": ["4", "com.bwx.bequick.MainSettingsActivity"]}, {"8c4b93c54c3a4bcc0f935b13d03f8f51": ["4", "com.bwx.bequick.MainSettingsActivity"]}, {"8c4b93c54c3a4bcc0f935b13d03f8f51": ["4", "com.bwx.bequick.MainSettingsActivity"]}, {"fbc106ffff5f211bbf4ccce94c077c3f": ["5", "com.bwx.bequick.MainSettingsActivity"]}, {"8c4b93c54c3a4bcc0f935b13d03f8f51": ["4", "com.bwx.bequick.MainSettingsActivity"]}, {"e2e224ac24b5134c965300d04f83e26c": ["6", "com.bwx.bequick.preferences.GpsPrefs"]}, {"e2e224ac24b5134c965300d04f83e26c": ["6", "com.bwx.bequick.preferences.GpsPrefs"]}, {"e2e224ac24b5134c965300d04f83e26c": ["6", "com.bwx.bequick.preferences.GpsPrefs"]}, {"e2e224ac24b5134c965300d04f83e26c": ["6", "com.bwx.bequick.preferences.GpsPrefs"]}, {"e2e224ac24b5134c965300d04f83e26c": ["6", "com.bwx.bequick.preferences.GpsPrefs"]}, {"e2e224ac24b5134c965300d04f83e26c": ["6", "com.bwx.bequick.preferences.GpsPrefs"]}, {"e2e224ac24b5134c965300d04f83e26c": ["6", "com.bwx.bequick.preferences.GpsPrefs"]}, {"e2e224ac24b5134c965300d04f83e26c": ["6", "com.bwx.bequick.preferences.GpsPrefs"]}, {"8c4b93c54c3a4bcc0f935b13d03f8f51": ["4", "com.bwx.bequick.MainSettingsActivity"]}, {"8c4b93c54c3a4bcc0f935b13d03f8f51": ["4", "com.bwx.bequick.MainSettingsActivity"]}, {"8c4b93c54c3a4bcc0f935b13d03f8f51": ["4", "com.bwx.bequick.MainSettingsActivity"]}, {"8c4b93c54c3a4bcc0f935b13d03f8f51": ["4", "com.bwx.bequick.MainSettingsActivity"]}, {"8c4b93c54c3a4bcc0f935b13d03f8f51": ["4", "com.bwx.bequick.MainSettingsActivity"]}, {"8c4b93c54c3a4bcc0f935b13d03f8f51": ["4", "com.bwx.bequick.MainSettingsActivity"]}, {"8c4b93c54c3a4bcc0f935b13d03f8f51": ["4", "com.bwx.bequick.MainSettingsActivity"]}, {"8c4b93c54c3a4bcc0f935b13d03f8f51": ["4", "com.bwx.bequick.MainSettingsActivity"]}, {"59eb85470e0270c720e506e6094f241a": ["2", "com.bwx.bequick.MainSettingsActivity"]}, {"8c4b93c54c3a4bcc0f935b13d03f8f51": ["4", "com.bwx.bequick.MainSettingsActivity"]}, {"8c4b93c54c3a4bcc0f935b13d03f8f51": ["4", "com.bwx.bequick.MainSettingsActivity"]}, {"8c4b93c54c3a4bcc0f935b13d03f8f51": ["4", "com.bwx.bequick.MainSettingsActivity"]}, {"8c4b93c54c3a4bcc0f935b13d03f8f51": ["4", "com.bwx.bequick.MainSettingsActivity"]}, {"8c4b93c54c3a4bcc0f935b13d03f8f51": ["4", "com.bwx.bequick.MainSettingsActivity"]}, {"8c4b93c54c3a4bcc0f935b13d03f8f51": ["4", "com.bwx.bequick.MainSettingsActivity"]}, {"8c4b93c54c3a4bcc0f935b13d03f8f51": ["4", "com.bwx.bequick.MainSettingsActivity"]}, {"6c3eb20196d0a9b7a73a2b88432eca81": ["7", "com.bwx.bequick.preferences.MobileDataPrefs"]}, {"8c4b93c54c3a4bcc0f935b13d03f8f51": ["4", "com.bwx.bequick.MainSettingsActivity"]}, {"8c4b93c54c3a4bcc0f935b13d03f8f51": ["4", "com.bwx.bequick.MainSettingsActivity"]}, {"e2e224ac24b5134c965300d04f83e26c": ["6", "com.bwx.bequick.preferences.GpsPrefs"]}, {"e2e224ac24b5134c965300d04f83e26c": ["6", "com.bwx.bequick.preferences.GpsPrefs"]}, {"e2e224ac24b5134c965300d04f83e26c": ["6", "com.bwx.bequick.preferences.GpsPrefs"]}, {"8c4b93c54c3a4bcc0f935b13d03f8f51": ["4", "com.bwx.bequick.MainSettingsActivity"]}, {"8c4b93c54c3a4bcc0f935b13d03f8f51": ["4", "com.bwx.bequick.MainSettingsActivity"]}, {"fbc106ffff5f211bbf4ccce94c077c3f": ["5", "com.bwx.bequick.MainSettingsActivity"]}, {"8c4b93c54c3a4bcc0f935b13d03f8f51": ["4", "com.bwx.bequick.MainSettingsActivity"]}, {"8c4b93c54c3a4bcc0f935b13d03f8f51": ["4", "com.bwx.bequick.MainSettingsActivity"]}, {"6c3eb20196d0a9b7a73a2b88432eca81": ["7", "com.bwx.bequick.preferences.MobileDataPrefs"]}, {"6c3eb20196d0a9b7a73a2b88432eca81": ["7", "com.bwx.bequick.preferences.MobileDataPrefs"]}, {"6c3eb20196d0a9b7a73a2b88432eca81": ["7", "com.bwx.bequick.preferences.MobileDataPrefs"]}, {"6c3eb20196d0a9b7a73a2b88432eca81": ["7", "com.bwx.bequick.preferences.MobileDataPrefs"]}, {"6c3eb20196d0a9b7a73a2b88432eca81": ["7", "com.bwx.bequick.preferences.MobileDataPrefs"]}, {"8c4b93c54c3a4bcc0f935b13d03f8f51": ["4", "com.bwx.bequick.MainSettingsActivity"]}, {"8c4b93c54c3a4bcc0f935b13d03f8f51": ["4", "com.bwx.bequick.MainSettingsActivity"]}, {"8c4b93c54c3a4bcc0f935b13d03f8f51": ["4", "com.bwx.bequick.MainSettingsActivity"]}, {"fbc106ffff5f211bbf4ccce94c077c3f": ["5", "com.bwx.bequick.MainSettingsActivity"]}, {"8c4b93c54c3a4bcc0f935b13d03f8f51": ["4", "com.bwx.bequick.MainSettingsActivity"]}, {"8c4b93c54c3a4bcc0f935b13d03f8f51": ["4", "com.bwx.bequick.MainSettingsActivity"]}, {"8c4b93c54c3a4bcc0f935b13d03f8f51": ["4", "com.bwx.bequick.MainSettingsActivity"]}, {"8c4b93c54c3a4bcc0f935b13d03f8f51": ["4", "com.bwx.bequick.MainSettingsActivity"]}, {"8c4b93c54c3a4bcc0f935b13d03f8f51": ["4", "com.bwx.bequick.MainSettingsActivity"]}, {"8c4b93c54c3a4bcc0f935b13d03f8f51": ["4", "com.bwx.bequick.MainSettingsActivity"]}, {"8c4b93c54c3a4bcc0f935b13d03f8f51": ["4", "com.bwx.bequick.MainSettingsActivity"]}, {"8c4b93c54c3a4bcc0f935b13d03f8f51": ["4", "com.bwx.bequick.MainSettingsActivity"]}, {"8c4b93c54c3a4bcc0f935b13d03f8f51": ["4", "com.bwx.bequick.MainSettingsActivity"]}, {"e2e224ac24b5134c965300d04f83e26c": ["6", "com.bwx.bequick.preferences.GpsPrefs"]}, {"8c4b93c54c3a4bcc0f935b13d03f8f51": ["4", "com.bwx.bequick.MainSettingsActivity"]}, {"fbc106ffff5f211bbf4ccce94c077c3f": ["5", "com.bwx.bequick.MainSettingsActivity"]}, {"8c4b93c54c3a4bcc0f935b13d03f8f51": ["4", "com.bwx.bequick.MainSettingsActivity"]}, {"6c3eb20196d0a9b7a73a2b88432eca81": ["7", "com.bwx.bequick.preferences.MobileDataPrefs"]}, {"6c3eb20196d0a9b7a73a2b88432eca81": ["7", "com.bwx.bequick.preferences.MobileDataPrefs"]}, {"6c3eb20196d0a9b7a73a2b88432eca81": ["7", "com.bwx.bequick.preferences.MobileDataPrefs"]}, {"6c3eb20196d0a9b7a73a2b88432eca81": ["7", "com.bwx.bequick.preferences.MobileDataPrefs"]}, {"6c3eb20196d0a9b7a73a2b88432eca81": ["7", "com.bwx.bequick.preferences.MobileDataPrefs"]}, {"6c3eb20196d0a9b7a73a2b88432eca81": ["7", "com.bwx.bequick.preferences.MobileDataPrefs"]}, {"6c3eb20196d0a9b7a73a2b88432eca81": ["7", "com.bwx.bequick.preferences.MobileDataPrefs"]}, {"6c3eb20196d0a9b7a73a2b88432eca81": ["7", "com.bwx.bequick.preferences.MobileDataPrefs"]}, {"6c3eb20196d0a9b7a73a2b88432eca81": ["7", "com.bwx.bequick.preferences.MobileDataPrefs"]}, {"6c3eb20196d0a9b7a73a2b88432eca81": ["7", "com.bwx.bequick.preferences.MobileDataPrefs"]}, {"6c3eb20196d0a9b7a73a2b88432eca81": ["7", "com.bwx.bequick.preferences.MobileDataPrefs"]}, {"6c3eb20196d0a9b7a73a2b88432eca81": ["7", "com.bwx.bequick.preferences.MobileDataPrefs"]}, {"6c3eb20196d0a9b7a73a2b88432eca81": ["7", "com.bwx.bequick.preferences.MobileDataPrefs"]}, {"8c4b93c54c3a4bcc0f935b13d03f8f51": ["4", "com.bwx.bequick.MainSettingsActivity"]}, {"59eb85470e0270c720e506e6094f241a": ["2", "com.bwx.bequick.MainSettingsActivity"]}, {"8c4b93c54c3a4bcc0f935b13d03f8f51": ["4", "com.bwx.bequick.MainSettingsActivity"]}, {"8c4b93c54c3a4bcc0f935b13d03f8f51": ["4", "com.bwx.bequick.MainSettingsActivity"]}, {"8c4b93c54c3a4bcc0f935b13d03f8f51": ["4", "com.bwx.bequick.MainSettingsActivity"]}, {"8c4b93c54c3a4bcc0f935b13d03f8f51": ["4", "com.bwx.bequick.MainSettingsActivity"]}, {"6c3eb20196d0a9b7a73a2b88432eca81": ["7", "com.bwx.bequick.preferences.MobileDataPrefs"]}, {"6c3eb20196d0a9b7a73a2b88432eca81": ["7", "com.bwx.bequick.preferences.MobileDataPrefs"]}, {"6c3eb20196d0a9b7a73a2b88432eca81": ["7", "com.bwx.bequick.preferences.MobileDataPrefs"]}, {"6c3eb20196d0a9b7a73a2b88432eca81": ["7", "com.bwx.bequick.preferences.MobileDataPrefs"]}, {"8c4b93c54c3a4bcc0f935b13d03f8f51": ["4", "com.bwx.bequick.MainSettingsActivity"]}, {"8c4b93c54c3a4bcc0f935b13d03f8f51": ["4", "com.bwx.bequick.MainSettingsActivity"]}, {"8c4b93c54c3a4bcc0f935b13d03f8f51": ["4", "com.bwx.bequick.MainSettingsActivity"]}, {"8c4b93c54c3a4bcc0f935b13d03f8f51": ["4", "com.bwx.bequick.MainSettingsActivity"]}, {"8c4b93c54c3a4bcc0f935b13d03f8f51": ["4", "com.bwx.bequick.MainSettingsActivity"]}, {"8c4b93c54c3a4bcc0f935b13d03f8f51": ["4", "com.bwx.bequick.MainSettingsActivity"]}, {"8c4b93c54c3a4bcc0f935b13d03f8f51": ["4", "com.bwx.bequick.MainSettingsActivity"]}, {"8c4b93c54c3a4bcc0f935b13d03f8f51": ["4", "com.bwx.bequick.MainSettingsActivity"]}, {"8c4b93c54c3a4bcc0f935b13d03f8f51": ["4", "com.bwx.bequick.MainSettingsActivity"]}, {"8c4b93c54c3a4bcc0f935b13d03f8f51": ["4", "com.bwx.bequick.MainSettingsActivity"]}, {"8c4b93c54c3a4bcc0f935b13d03f8f51": ["4", "com.bwx.bequick.MainSettingsActivity"]}, {"8c4b93c54c3a4bcc0f935b13d03f8f51": ["4", "com.bwx.bequick.MainSettingsActivity"]}, {"8c4b93c54c3a4bcc0f935b13d03f8f51": ["4", "com.bwx.bequick.MainSettingsActivity"]}, {"8c4b93c54c3a4bcc0f935b13d03f8f51": ["4", "com.bwx.bequick.MainSettingsActivity"]}, {"8c4b93c54c3a4bcc0f935b13d03f8f51": ["4", "com.bwx.bequick.MainSettingsActivity"]}, {"8c4b93c54c3a4bcc0f935b13d03f8f51": ["4", "com.bwx.bequick.MainSettingsActivity"]}, {"8c4b93c54c3a4bcc0f935b13d03f8f51": ["4", "com.bwx.bequick.MainSettingsActivity"]}, {"8c4b93c54c3a4bcc0f935b13d03f8f51": ["4", "com.bwx.bequick.MainSettingsActivity"]}, {"59eb85470e0270c720e506e6094f241a": ["2", "com.bwx.bequick.MainSettingsActivity"]}, {"8c4b93c54c3a4bcc0f935b13d03f8f51": ["4", "com.bwx.bequick.MainSettingsActivity"]}, {"8c4b93c54c3a4bcc0f935b13d03f8f51": ["4", "com.bwx.bequick.MainSettingsActivity"]}, {"8c4b93c54c3a4bcc0f935b13d03f8f51": ["4", "com.bwx.bequick.MainSettingsActivity"]}, {"8c4b93c54c3a4bcc0f935b13d03f8f51": ["4", "com.bwx.bequick.MainSettingsActivity"]}, {"8c4b93c54c3a4bcc0f935b13d03f8f51": ["4", "com.bwx.bequick.MainSettingsActivity"]}, {"8c4b93c54c3a4bcc0f935b13d03f8f51": ["4", "com.bwx.bequick.MainSettingsActivity"]}, {"fbc106ffff5f211bbf4ccce94c077c3f": ["5", "com.bwx.bequick.MainSettingsActivity"]}, {"8c4b93c54c3a4bcc0f935b13d03f8f51": ["4", "com.bwx.bequick.MainSettingsActivity"]}, {"8c4b93c54c3a4bcc0f935b13d03f8f51": ["4", "com.bwx.bequick.MainSettingsActivity"]}, {"8c4b93c54c3a4bcc0f935b13d03f8f51": ["4", "com.bwx.bequick.MainSettingsActivity"]}, {"8c4b93c54c3a4bcc0f935b13d03f8f51": ["4", "com.bwx.bequick.MainSettingsActivity"]}, {"8c4b93c54c3a4bcc0f935b13d03f8f51": ["4", "com.bwx.bequick.MainSettingsActivity"]}, {"8c4b93c54c3a4bcc0f935b13d03f8f51": ["4", "com.bwx.bequick.MainSettingsActivity"]}, {"8c4b93c54c3a4bcc0f935b13d03f8f51": ["4", "com.bwx.bequick.MainSettingsActivity"]}, {"8c4b93c54c3a4bcc0f935b13d03f8f51": ["4", "com.bwx.bequick.MainSettingsActivity"]}, {"8c4b93c54c3a4bcc0f935b13d03f8f51": ["4", "com.bwx.bequick.MainSettingsActivity"]}, {"8c4b93c54c3a4bcc0f935b13d03f8f51": ["4", "com.bwx.bequick.MainSettingsActivity"]}, {"8c4b93c54c3a4bcc0f935b13d03f8f51": ["4", "com.bwx.bequick.MainSettingsActivity"]}, {"fbc106ffff5f211bbf4ccce94c077c3f": ["5", "com.bwx.bequick.MainSettingsActivity"]}, {"8c4b93c54c3a4bcc0f935b13d03f8f51": ["4", "com.bwx.bequick.MainSettingsActivity"]}, {"8c4b93c54c3a4bcc0f935b13d03f8f51": ["4", "com.bwx.bequick.MainSettingsActivity"]}, {"8c4b93c54c3a4bcc0f935b13d03f8f51": ["4", "com.bwx.bequick.MainSettingsActivity"]}, {"8c4b93c54c3a4bcc0f935b13d03f8f51": ["4", "com.bwx.bequick.MainSettingsActivity"]}, {"8c4b93c54c3a4bcc0f935b13d03f8f51": ["4", "com.bwx.bequick.MainSettingsActivity"]}, {"8c4b93c54c3a4bcc0f935b13d03f8f51": ["4", "com.bwx.bequick.MainSettingsActivity"]}, {"8c4b93c54c3a4bcc0f935b13d03f8f51": ["4", "com.bwx.bequick.MainSettingsActivity"]}, {"8c4b93c54c3a4bcc0f935b13d03f8f51": ["4", "com.bwx.bequick.MainSettingsActivity"]}, {"8c4b93c54c3a4bcc0f935b13d03f8f51": ["4", "com.bwx.bequick.MainSettingsActivity"]}, {"8c4b93c54c3a4bcc0f935b13d03f8f51": ["4", "com.bwx.bequick.MainSettingsActivity"]}, {"8c4b93c54c3a4bcc0f935b13d03f8f51": ["4", "com.bwx.bequick.MainSettingsActivity"]}, {"8c4b93c54c3a4bcc0f935b13d03f8f51": ["4", "com.bwx.bequick.MainSettingsActivity"]}, {"fbc106ffff5f211bbf4ccce94c077c3f": ["5", "com.bwx.bequick.MainSettingsActivity"]}, {"8c4b93c54c3a4bcc0f935b13d03f8f51": ["4", "com.bwx.bequick.MainSettingsActivity"]}, {"e2e224ac24b5134c965300d04f83e26c": ["6", "com.bwx.bequick.preferences.GpsPrefs"]}, {"e2e224ac24b5134c965300d04f83e26c": ["6", "com.bwx.bequick.preferences.GpsPrefs"]}, {"8c4b93c54c3a4bcc0f935b13d03f8f51": ["4", "com.bwx.bequick.MainSettingsActivity"]}, {"8c4b93c54c3a4bcc0f935b13d03f8f51": ["4", "com.bwx.bequick.MainSettingsActivity"]}, {"8c4b93c54c3a4bcc0f935b13d03f8f51": ["4", "com.bwx.bequick.MainSettingsActivity"]}, {"6c3eb20196d0a9b7a73a2b88432eca81": ["7", "com.bwx.bequick.preferences.MobileDataPrefs"]}, {"6c3eb20196d0a9b7a73a2b88432eca81": ["7", "com.bwx.bequick.preferences.MobileDataPrefs"]}, {"6c3eb20196d0a9b7a73a2b88432eca81": ["7", "com.bwx.bequick.preferences.MobileDataPrefs"]}, {"6c3eb20196d0a9b7a73a2b88432eca81": ["7", "com.bwx.bequick.preferences.MobileDataPrefs"]}, {"8c4b93c54c3a4bcc0f935b13d03f8f51": ["4", "com.bwx.bequick.MainSettingsActivity"]}, {"8c4b93c54c3a4bcc0f935b13d03f8f51": ["4", "com.bwx.bequick.MainSettingsActivity"]}, {"8c4b93c54c3a4bcc0f935b13d03f8f51": ["4", "com.bwx.bequick.MainSettingsActivity"]}, {"e2e224ac24b5134c965300d04f83e26c": ["6", "com.bwx.bequick.preferences.GpsPrefs"]}, {"e2e224ac24b5134c965300d04f83e26c": ["6", "com.bwx.bequick.preferences.GpsPrefs"]}, {"e2e224ac24b5134c965300d04f83e26c": ["6", "com.bwx.bequick.preferences.GpsPrefs"]}, {"e2e224ac24b5134c965300d04f83e26c": ["6", "com.bwx.bequick.preferences.GpsPrefs"]}, {"e2e224ac24b5134c965300d04f83e26c": ["6", "com.bwx.bequick.preferences.GpsPrefs"]}, {"e2e224ac24b5134c965300d04f83e26c": ["6", "com.bwx.bequick.preferences.GpsPrefs"]}, {"e2e224ac24b5134c965300d04f83e26c": ["6", "com.bwx.bequick.preferences.GpsPrefs"]}, {"e2e224ac24b5134c965300d04f83e26c": ["6", "com.bwx.bequick.preferences.GpsPrefs"]}, {"e2e224ac24b5134c965300d04f83e26c": ["6", "com.bwx.bequick.preferences.GpsPrefs"]}, {"e2e224ac24b5134c965300d04f83e26c": ["6", "com.bwx.bequick.preferences.GpsPrefs"]}, {"e2e224ac24b5134c965300d04f83e26c": ["6", "com.bwx.bequick.preferences.GpsPrefs"]}, {"e2e224ac24b5134c965300d04f83e26c": ["6", "com.bwx.bequick.preferences.GpsPrefs"]}, {"e2e224ac24b5134c965300d04f83e26c": ["6", "com.bwx.bequick.preferences.GpsPrefs"]}, {"e2e224ac24b5134c965300d04f83e26c": ["6", "com.bwx.bequick.preferences.GpsPrefs"]}, {"e2e224ac24b5134c965300d04f83e26c": ["6", "com.bwx.bequick.preferences.GpsPrefs"]}, {"8c4b93c54c3a4bcc0f935b13d03f8f51": ["4", "com.bwx.bequick.MainSettingsActivity"]}, {"8c4b93c54c3a4bcc0f935b13d03f8f51": ["4", "com.bwx.bequick.MainSettingsActivity"]}, {"8c4b93c54c3a4bcc0f935b13d03f8f51": ["4", "com.bwx.bequick.MainSettingsActivity"]}, {"8c4b93c54c3a4bcc0f935b13d03f8f51": ["4", "com.bwx.bequick.MainSettingsActivity"]}, {"8c4b93c54c3a4bcc0f935b13d03f8f51": ["4", "com.bwx.bequick.MainSettingsActivity"]}, {"8c4b93c54c3a4bcc0f935b13d03f8f51": ["4", "com.bwx.bequick.MainSettingsActivity"]}, {"8c4b93c54c3a4bcc0f935b13d03f8f51": ["4", "com.bwx.bequick.MainSettingsActivity"]}, {"8c4b93c54c3a4bcc0f935b13d03f8f51": ["4", "com.bwx.bequick.MainSettingsActivity"]}, {"8c4b93c54c3a4bcc0f935b13d03f8f51": ["4", "com.bwx.bequick.MainSettingsActivity"]}, {"8c4b93c54c3a4bcc0f935b13d03f8f51": ["4", "com.bwx.bequick.MainSettingsActivity"]}, {"fbc106ffff5f211bbf4ccce94c077c3f": ["5", "com.bwx.bequick.MainSettingsActivity"]}, {"8c4b93c54c3a4bcc0f935b13d03f8f51": ["4", "com.bwx.bequick.MainSettingsActivity"]}, {"8c4b93c54c3a4bcc0f935b13d03f8f51": ["4", "com.bwx.bequick.MainSettingsActivity"]}, {"fbc106ffff5f211bbf4ccce94c077c3f": ["5", "com.bwx.bequick.MainSettingsActivity"]}, {"8c4b93c54c3a4bcc0f935b13d03f8f51": ["4", "com.bwx.bequick.MainSettingsActivity"]}, {"8c4b93c54c3a4bcc0f935b13d03f8f51": ["4", "com.bwx.bequick.MainSettingsActivity"]}, {"fbc106ffff5f211bbf4ccce94c077c3f": ["5", "com.bwx.bequick.MainSettingsActivity"]}, {"8c4b93c54c3a4bcc0f935b13d03f8f51": ["4", "com.bwx.bequick.MainSettingsActivity"]}, {"e2e224ac24b5134c965300d04f83e26c": ["6", "com.bwx.bequick.preferences.GpsPrefs"]}, {"e2e224ac24b5134c965300d04f83e26c": ["6", "com.bwx.bequick.preferences.GpsPrefs"]}, {"e2e224ac24b5134c965300d04f83e26c": ["6", "com.bwx.bequick.preferences.GpsPrefs"]}, {"e2e224ac24b5134c965300d04f83e26c": ["6", "com.bwx.bequick.preferences.GpsPrefs"]}, {"8c4b93c54c3a4bcc0f935b13d03f8f51": ["4", "com.bwx.bequick.MainSettingsActivity"]}, {"8c4b93c54c3a4bcc0f935b13d03f8f51": ["4", "com.bwx.bequick.MainSettingsActivity"]}, {"8c4b93c54c3a4bcc0f935b13d03f8f51": ["4", "com.bwx.bequick.MainSettingsActivity"]}, {"8c4b93c54c3a4bcc0f935b13d03f8f51": ["4", "com.bwx.bequick.MainSettingsActivity"]}, {"8c4b93c54c3a4bcc0f935b13d03f8f51": ["4", "com.bwx.bequick.MainSettingsActivity"]}, {"8c4b93c54c3a4bcc0f935b13d03f8f51": ["4", "com.bwx.bequick.MainSettingsActivity"]}, {"8c4b93c54c3a4bcc0f935b13d03f8f51": ["4", "com.bwx.bequick.MainSettingsActivity"]}, {"8c4b93c54c3a4bcc0f935b13d03f8f51": ["4", "com.bwx.bequick.MainSettingsActivity"]}, {"8c4b93c54c3a4bcc0f935b13d03f8f51": ["4", "com.bwx.bequick.MainSettingsActivity"]}, {"6c3eb20196d0a9b7a73a2b88432eca81": ["7", "com.bwx.bequick.preferences.MobileDataPrefs"]}, {"6c3eb20196d0a9b7a73a2b88432eca81": ["7", "com.bwx.bequick.preferences.MobileDataPrefs"]}, {"6c3eb20196d0a9b7a73a2b88432eca81": ["7", "com.bwx.bequick.preferences.MobileDataPrefs"]}, {"6c3eb20196d0a9b7a73a2b88432eca81": ["7", "com.bwx.bequick.preferences.MobileDataPrefs"]}, {"6c3eb20196d0a9b7a73a2b88432eca81": ["7", "com.bwx.bequick.preferences.MobileDataPrefs"]}, {"6c3eb20196d0a9b7a73a2b88432eca81": ["7", "com.bwx.bequick.preferences.MobileDataPrefs"]}, {"6c3eb20196d0a9b7a73a2b88432eca81": ["7", "com.bwx.bequick.preferences.MobileDataPrefs"]}, {"6c3eb20196d0a9b7a73a2b88432eca81": ["7", "com.bwx.bequick.preferences.MobileDataPrefs"]}, {"6c3eb20196d0a9b7a73a2b88432eca81": ["7", "com.bwx.bequick.preferences.MobileDataPrefs"]}, {"8c4b93c54c3a4bcc0f935b13d03f8f51": ["4", "com.bwx.bequick.MainSettingsActivity"]}, {"8c4b93c54c3a4bcc0f935b13d03f8f51": ["4", "com.bwx.bequick.MainSettingsActivity"]}, {"6c3eb20196d0a9b7a73a2b88432eca81": ["7", "com.bwx.bequick.preferences.MobileDataPrefs"]}, {"6c3eb20196d0a9b7a73a2b88432eca81": ["7", "com.bwx.bequick.preferences.MobileDataPrefs"]}, {"6c3eb20196d0a9b7a73a2b88432eca81": ["7", "com.bwx.bequick.preferences.MobileDataPrefs"]}, {"8c4b93c54c3a4bcc0f935b13d03f8f51": ["4", "com.bwx.bequick.MainSettingsActivity"]}, {"8c4b93c54c3a4bcc0f935b13d03f8f51": ["4", "com.bwx.bequick.MainSettingsActivity"]}, {"8c4b93c54c3a4bcc0f935b13d03f8f51": ["4", "com.bwx.bequick.MainSettingsActivity"]}, {"8c4b93c54c3a4bcc0f935b13d03f8f51": ["4", "com.bwx.bequick.MainSettingsActivity"]}, {"8c4b93c54c3a4bcc0f935b13d03f8f51": ["4", "com.bwx.bequick.MainSettingsActivity"]}, {"8c4b93c54c3a4bcc0f935b13d03f8f51": ["4", "com.bwx.bequick.MainSettingsActivity"]}, {"59eb85470e0270c720e506e6094f241a": ["2", "com.bwx.bequick.MainSettingsActivity"]}, {"8c4b93c54c3a4bcc0f935b13d03f8f51": ["4", "com.bwx.bequick.MainSettingsActivity"]}, {"8c4b93c54c3a4bcc0f935b13d03f8f51": ["4", "com.bwx.bequick.MainSettingsActivity"]}, {"8c4b93c54c3a4bcc0f935b13d03f8f51": ["4", "com.bwx.bequick.MainSettingsActivity"]}, {"8c4b93c54c3a4bcc0f935b13d03f8f51": ["4", "com.bwx.bequick.MainSettingsActivity"]}, {"8c4b93c54c3a4bcc0f935b13d03f8f51": ["4", "com.bwx.bequick.MainSettingsActivity"]}, {"8c4b93c54c3a4bcc0f935b13d03f8f51": ["4", "com.bwx.bequick.MainSettingsActivity"]}, {"8c4b93c54c3a4bcc0f935b13d03f8f51": ["4", "com.bwx.bequick.MainSettingsActivity"]}, {"8c4b93c54c3a4bcc0f935b13d03f8f51": ["4", "com.bwx.bequick.MainSettingsActivity"]}, {"e2e224ac24b5134c965300d04f83e26c": ["6", "com.bwx.bequick.preferences.GpsPrefs"]}, {"e2e224ac24b5134c965300d04f83e26c": ["6", "com.bwx.bequick.preferences.GpsPrefs"]}, {"e2e224ac24b5134c965300d04f83e26c": ["6", "com.bwx.bequick.preferences.GpsPrefs"]}, {"e2e224ac24b5134c965300d04f83e26c": ["6", "com.bwx.bequick.preferences.GpsPrefs"]}, {"e2e224ac24b5134c965300d04f83e26c": ["6", "com.bwx.bequick.preferences.GpsPrefs"]}, {"e2e224ac24b5134c965300d04f83e26c": ["6", "com.bwx.bequick.preferences.GpsPrefs"]}, {"e2e224ac24b5134c965300d04f83e26c": ["6", "com.bwx.bequick.preferences.GpsPrefs"]}, {"8c4b93c54c3a4bcc0f935b13d03f8f51": ["4", "com.bwx.bequick.MainSettingsActivity"]}, {"fbc106ffff5f211bbf4ccce94c077c3f": ["5", "com.bwx.bequick.MainSettingsActivity"]}, {"8c4b93c54c3a4bcc0f935b13d03f8f51": ["4", "com.bwx.bequick.MainSettingsActivity"]}, {"6c3eb20196d0a9b7a73a2b88432eca81": ["7", "com.bwx.bequick.preferences.MobileDataPrefs"]}, {"6c3eb20196d0a9b7a73a2b88432eca81": ["7", "com.bwx.bequick.preferences.MobileDataPrefs"]}, {"8c4b93c54c3a4bcc0f935b13d03f8f51": ["4", "com.bwx.bequick.MainSettingsActivity"]}, {"fbc106ffff5f211bbf4ccce94c077c3f": ["5", "com.bwx.bequick.MainSettingsActivity"]}, {"8c4b93c54c3a4bcc0f935b13d03f8f51": ["4", "com.bwx.bequick.MainSettingsActivity"]}, {"8c4b93c54c3a4bcc0f935b13d03f8f51": ["4", "com.bwx.bequick.MainSettingsActivity"]}, {"6c3eb20196d0a9b7a73a2b88432eca81": ["7", "com.bwx.bequick.preferences.MobileDataPrefs"]}, {"6c3eb20196d0a9b7a73a2b88432eca81": ["7", "com.bwx.bequick.preferences.MobileDataPrefs"]}, {"6c3eb20196d0a9b7a73a2b88432eca81": ["7", "com.bwx.bequick.preferences.MobileDataPrefs"]}, {"6c3eb20196d0a9b7a73a2b88432eca81": ["7", "com.bwx.bequick.preferences.MobileDataPrefs"]}, {"6c3eb20196d0a9b7a73a2b88432eca81": ["7", "com.bwx.bequick.preferences.MobileDataPrefs"]}, {"6c3eb20196d0a9b7a73a2b88432eca81": ["7", "com.bwx.bequick.preferences.MobileDataPrefs"]}, {"8c4b93c54c3a4bcc0f935b13d03f8f51": ["4", "com.bwx.bequick.MainSettingsActivity"]}, {"8c4b93c54c3a4bcc0f935b13d03f8f51": ["4", "com.bwx.bequick.MainSettingsActivity"]}, {"8c4b93c54c3a4bcc0f935b13d03f8f51": ["4", "com.bwx.bequick.MainSettingsActivity"]}, {"8c4b93c54c3a4bcc0f935b13d03f8f51": ["4", "com.bwx.bequick.MainSettingsActivity"]}, {"8c4b93c54c3a4bcc0f935b13d03f8f51": ["4", "com.bwx.bequick.MainSettingsActivity"]}, {"8c4b93c54c3a4bcc0f935b13d03f8f51": ["4", "com.bwx.bequick.MainSettingsActivity"]}, {"8c4b93c54c3a4bcc0f935b13d03f8f51": ["4", "com.bwx.bequick.MainSettingsActivity"]}, {"e2e224ac24b5134c965300d04f83e26c": ["6", "com.bwx.bequick.preferences.GpsPrefs"]}, {"e2e224ac24b5134c965300d04f83e26c": ["6", "com.bwx.bequick.preferences.GpsPrefs"]}, {"e2e224ac24b5134c965300d04f83e26c": ["6", "com.bwx.bequick.preferences.GpsPrefs"]}, {"e2e224ac24b5134c965300d04f83e26c": ["6", "com.bwx.bequick.preferences.GpsPrefs"]}, {"8c4b93c54c3a4bcc0f935b13d03f8f51": ["4", "com.bwx.bequick.MainSettingsActivity"]}, {"e2e224ac24b5134c965300d04f83e26c": ["6", "com.bwx.bequick.preferences.GpsPrefs"]}, {"e2e224ac24b5134c965300d04f83e26c": ["6", "com.bwx.bequick.preferences.GpsPrefs"]}, {"e2e224ac24b5134c965300d04f83e26c": ["6", "com.bwx.bequick.preferences.GpsPrefs"]}, {"e2e224ac24b5134c965300d04f83e26c": ["6", "com.bwx.bequick.preferences.GpsPrefs"]}, {"e2e224ac24b5134c965300d04f83e26c": ["6", "com.bwx.bequick.preferences.GpsPrefs"]}, {"e2e224ac24b5134c965300d04f83e26c": ["6", "com.bwx.bequick.preferences.GpsPrefs"]}, {"e2e224ac24b5134c965300d04f83e26c": ["6", "com.bwx.bequick.preferences.GpsPrefs"]}, {"e2e224ac24b5134c965300d04f83e26c": ["6", "com.bwx.bequick.preferences.GpsPrefs"]}, {"e2e224ac24b5134c965300d04f83e26c": ["6", "com.bwx.bequick.preferences.GpsPrefs"]}, {"e2e224ac24b5134c965300d04f83e26c": ["6", "com.bwx.bequick.preferences.GpsPrefs"]}, {"8c4b93c54c3a4bcc0f935b13d03f8f51": ["4", "com.bwx.bequick.MainSettingsActivity"]}, {"8c4b93c54c3a4bcc0f935b13d03f8f51": ["4", "com.bwx.bequick.MainSettingsActivity"]}, {"8c4b93c54c3a4bcc0f935b13d03f8f51": ["4", "com.bwx.bequick.MainSettingsActivity"]}, {"8c4b93c54c3a4bcc0f935b13d03f8f51": ["4", "com.bwx.bequick.MainSettingsActivity"]}, {"8c4b93c54c3a4bcc0f935b13d03f8f51": ["4", "com.bwx.bequick.MainSettingsActivity"]}, {"8c4b93c54c3a4bcc0f935b13d03f8f51": ["4", "com.bwx.bequick.MainSettingsActivity"]}, {"8c4b93c54c3a4bcc0f935b13d03f8f51": ["4", "com.bwx.bequick.MainSettingsActivity"]}, {"8c4b93c54c3a4bcc0f935b13d03f8f51": ["4", "com.bwx.bequick.MainSettingsActivity"]}, {"8c4b93c54c3a4bcc0f935b13d03f8f51": ["4", "com.bwx.bequick.MainSettingsActivity"]}, {"8c4b93c54c3a4bcc0f935b13d03f8f51": ["4", "com.bwx.bequick.MainSettingsActivity"]}, {"6c3eb20196d0a9b7a73a2b88432eca81": ["7", "com.bwx.bequick.preferences.MobileDataPrefs"]}, {"6c3eb20196d0a9b7a73a2b88432eca81": ["7", "com.bwx.bequick.preferences.MobileDataPrefs"]}, {"6c3eb20196d0a9b7a73a2b88432eca81": ["7", "com.bwx.bequick.preferences.MobileDataPrefs"]}, {"8c4b93c54c3a4bcc0f935b13d03f8f51": ["4", "com.bwx.bequick.MainSettingsActivity"]}, {"6c3eb20196d0a9b7a73a2b88432eca81": ["7", "com.bwx.bequick.preferences.MobileDataPrefs"]}, {"6c3eb20196d0a9b7a73a2b88432eca81": ["7", "com.bwx.bequick.preferences.MobileDataPrefs"]}, {"6c3eb20196d0a9b7a73a2b88432eca81": ["7", "com.bwx.bequick.preferences.MobileDataPrefs"]}, {"6c3eb20196d0a9b7a73a2b88432eca81": ["7", "com.bwx.bequick.preferences.MobileDataPrefs"]}, {"6c3eb20196d0a9b7a73a2b88432eca81": ["7", "com.bwx.bequick.preferences.MobileDataPrefs"]}, {"6c3eb20196d0a9b7a73a2b88432eca81": ["7", "com.bwx.bequick.preferences.MobileDataPrefs"]}, {"6c3eb20196d0a9b7a73a2b88432eca81": ["7", "com.bwx.bequick.preferences.MobileDataPrefs"]}, {"8c4b93c54c3a4bcc0f935b13d03f8f51": ["4", "com.bwx.bequick.MainSettingsActivity"]}, {"8c4b93c54c3a4bcc0f935b13d03f8f51": ["4", "com.bwx.bequick.MainSettingsActivity"]}, {"e2e224ac24b5134c965300d04f83e26c": ["6", "com.bwx.bequick.preferences.GpsPrefs"]}, {"e2e224ac24b5134c965300d04f83e26c": ["6", "com.bwx.bequick.preferences.GpsPrefs"]}, {"e2e224ac24b5134c965300d04f83e26c": ["6", "com.bwx.bequick.preferences.GpsPrefs"]}, {"e2e224ac24b5134c965300d04f83e26c": ["6", "com.bwx.bequick.preferences.GpsPrefs"]}, {"e2e224ac24b5134c965300d04f83e26c": ["6", "com.bwx.bequick.preferences.GpsPrefs"]}, {"e2e224ac24b5134c965300d04f83e26c": ["6", "com.bwx.bequick.preferences.GpsPrefs"]}, {"e2e224ac24b5134c965300d04f83e26c": ["6", "com.bwx.bequick.preferences.GpsPrefs"]}, {"e2e224ac24b5134c965300d04f83e26c": ["6", "com.bwx.bequick.preferences.GpsPrefs"]}, {"e2e224ac24b5134c965300d04f83e26c": ["6", "com.bwx.bequick.preferences.GpsPrefs"]}, {"e2e224ac24b5134c965300d04f83e26c": ["6", "com.bwx.bequick.preferences.GpsPrefs"]}, {"8c4b93c54c3a4bcc0f935b13d03f8f51": ["4", "com.bwx.bequick.MainSettingsActivity"]}, {"fbc106ffff5f211bbf4ccce94c077c3f": ["5", "com.bwx.bequick.MainSettingsActivity"]}, {"8c4b93c54c3a4bcc0f935b13d03f8f51": ["4", "com.bwx.bequick.MainSettingsActivity"]}, {"8c4b93c54c3a4bcc0f935b13d03f8f51": ["4", "com.bwx.bequick.MainSettingsActivity"]}, {"8c4b93c54c3a4bcc0f935b13d03f8f51": ["4", "com.bwx.bequick.MainSettingsActivity"]}, {"8c4b93c54c3a4bcc0f935b13d03f8f51": ["4", "com.bwx.bequick.MainSettingsActivity"]}, {"8c4b93c54c3a4bcc0f935b13d03f8f51": ["4", "com.bwx.bequick.MainSettingsActivity"]}, {"8c4b93c54c3a4bcc0f935b13d03f8f51": ["4", "com.bwx.bequick.MainSettingsActivity"]}, {"8c4b93c54c3a4bcc0f935b13d03f8f51": ["4", "com.bwx.bequick.MainSettingsActivity"]}, {"8c4b93c54c3a4bcc0f935b13d03f8f51": ["4", "com.bwx.bequick.MainSettingsActivity"]}, {"fbc106ffff5f211bbf4ccce94c077c3f": ["5", "com.bwx.bequick.MainSettingsActivity"]}, {"8c4b93c54c3a4bcc0f935b13d03f8f51": ["4", "com.bwx.bequick.MainSettingsActivity"]}, {"fbc106ffff5f211bbf4ccce94c077c3f": ["5", "com.bwx.bequick.MainSettingsActivity"]}, {"8c4b93c54c3a4bcc0f935b13d03f8f51": ["4", "com.bwx.bequick.MainSettingsActivity"]}, {"8c4b93c54c3a4bcc0f935b13d03f8f51": ["4", "com.bwx.bequick.MainSettingsActivity"]}, {"6c3eb20196d0a9b7a73a2b88432eca81": ["7", "com.bwx.bequick.preferences.MobileDataPrefs"]}, {"6c3eb20196d0a9b7a73a2b88432eca81": ["7", "com.bwx.bequick.preferences.MobileDataPrefs"]}, {"6c3eb20196d0a9b7a73a2b88432eca81": ["7", "com.bwx.bequick.preferences.MobileDataPrefs"]}, {"8c4b93c54c3a4bcc0f935b13d03f8f51": ["4", "com.bwx.bequick.MainSettingsActivity"]}, {"6c3eb20196d0a9b7a73a2b88432eca81": ["7", "com.bwx.bequick.preferences.MobileDataPrefs"]}, {"6c3eb20196d0a9b7a73a2b88432eca81": ["7", "com.bwx.bequick.preferences.MobileDataPrefs"]}, {"6c3eb20196d0a9b7a73a2b88432eca81": ["7", "com.bwx.bequick.preferences.MobileDataPrefs"]}, {"6c3eb20196d0a9b7a73a2b88432eca81": ["7", "com.bwx.bequick.preferences.MobileDataPrefs"]}, {"6c3eb20196d0a9b7a73a2b88432eca81": ["7", "com.bwx.bequick.preferences.MobileDataPrefs"]}, {"6c3eb20196d0a9b7a73a2b88432eca81": ["7", "com.bwx.bequick.preferences.MobileDataPrefs"]}, {"6c3eb20196d0a9b7a73a2b88432eca81": ["7", "com.bwx.bequick.preferences.MobileDataPrefs"]}, {"8c4b93c54c3a4bcc0f935b13d03f8f51": ["4", "com.bwx.bequick.MainSettingsActivity"]}, {"fbc106ffff5f211bbf4ccce94c077c3f": ["5", "com.bwx.bequick.MainSettingsActivity"]}, {"8c4b93c54c3a4bcc0f935b13d03f8f51": ["4", "com.bwx.bequick.MainSettingsActivity"]}, {"8c4b93c54c3a4bcc0f935b13d03f8f51": ["4", "com.bwx.bequick.MainSettingsActivity"]}, {"8c4b93c54c3a4bcc0f935b13d03f8f51": ["4", "com.bwx.bequick.MainSettingsActivity"]}, {"8c4b93c54c3a4bcc0f935b13d03f8f51": ["4", "com.bwx.bequick.MainSettingsActivity"]}, {"8c4b93c54c3a4bcc0f935b13d03f8f51": ["4", "com.bwx.bequick.MainSettingsActivity"]}, {"fbc106ffff5f211bbf4ccce94c077c3f": ["5", "com.bwx.bequick.MainSettingsActivity"]}, {"8c4b93c54c3a4bcc0f935b13d03f8f51": ["4", "com.bwx.bequick.MainSettingsActivity"]}, {"8c4b93c54c3a4bcc0f935b13d03f8f51": ["4", "com.bwx.bequick.MainSettingsActivity"]}, {"fbc106ffff5f211bbf4ccce94c077c3f": ["5", "com.bwx.bequick.MainSettingsActivity"]}, {"8c4b93c54c3a4bcc0f935b13d03f8f51": ["4", "com.bwx.bequick.MainSettingsActivity"]}, {"e2e224ac24b5134c965300d04f83e26c": ["6", "com.bwx.bequick.preferences.GpsPrefs"]}, {"e2e224ac24b5134c965300d04f83e26c": ["6", "com.bwx.bequick.preferences.GpsPrefs"]}, {"8c4b93c54c3a4bcc0f935b13d03f8f51": ["4", "com.bwx.bequick.MainSettingsActivity"]}, {"8c4b93c54c3a4bcc0f935b13d03f8f51": ["4", "com.bwx.bequick.MainSettingsActivity"]}, {"8c4b93c54c3a4bcc0f935b13d03f8f51": ["4", "com.bwx.bequick.MainSettingsActivity"]}, {"8c4b93c54c3a4bcc0f935b13d03f8f51": ["4", "com.bwx.bequick.MainSettingsActivity"]}, {"8c4b93c54c3a4bcc0f935b13d03f8f51": ["4", "com.bwx.bequick.MainSettingsActivity"]}, {"8c4b93c54c3a4bcc0f935b13d03f8f51": ["4", "com.bwx.bequick.MainSettingsActivity"]}, {"8c4b93c54c3a4bcc0f935b13d03f8f51": ["4", "com.bwx.bequick.MainSettingsActivity"]}, {"8c4b93c54c3a4bcc0f935b13d03f8f51": ["4", "com.bwx.bequick.MainSettingsActivity"]}, {"fbc106ffff5f211bbf4ccce94c077c3f": ["5", "com.bwx.bequick.MainSettingsActivity"]}, {"8c4b93c54c3a4bcc0f935b13d03f8f51": ["4", "com.bwx.bequick.MainSettingsActivity"]}, {"fbc106ffff5f211bbf4ccce94c077c3f": ["5", "com.bwx.bequick.MainSettingsActivity"]}, {"8c4b93c54c3a4bcc0f935b13d03f8f51": ["4", "com.bwx.bequick.MainSettingsActivity"]}, {"fbc106ffff5f211bbf4ccce94c077c3f": ["5", "com.bwx.bequick.MainSettingsActivity"]}, {"8c4b93c54c3a4bcc0f935b13d03f8f51": ["4", "com.bwx.bequick.MainSettingsActivity"]}, {"8c4b93c54c3a4bcc0f935b13d03f8f51": ["4", "com.bwx.bequick.MainSettingsActivity"]}, {"8c4b93c54c3a4bcc0f935b13d03f8f51": ["4", "com.bwx.bequick.MainSettingsActivity"]}, {"8c4b93c54c3a4bcc0f935b13d03f8f51": ["4", "com.bwx.bequick.MainSettingsActivity"]}, {"e2e224ac24b5134c965300d04f83e26c": ["6", "com.bwx.bequick.preferences.GpsPrefs"]}, {"e2e224ac24b5134c965300d04f83e26c": ["6", "com.bwx.bequick.preferences.GpsPrefs"]}, {"e2e224ac24b5134c965300d04f83e26c": ["6", "com.bwx.bequick.preferences.GpsPrefs"]}, {"e2e224ac24b5134c965300d04f83e26c": ["6", "com.bwx.bequick.preferences.GpsPrefs"]}, {"8c4b93c54c3a4bcc0f935b13d03f8f51": ["4", "com.bwx.bequick.MainSettingsActivity"]}, {"8c4b93c54c3a4bcc0f935b13d03f8f51": ["4", "com.bwx.bequick.MainSettingsActivity"]}, {"8c4b93c54c3a4bcc0f935b13d03f8f51": ["4", "com.bwx.bequick.MainSettingsActivity"]}, {"8c4b93c54c3a4bcc0f935b13d03f8f51": ["4", "com.bwx.bequick.MainSettingsActivity"]}, {"8c4b93c54c3a4bcc0f935b13d03f8f51": ["4", "com.bwx.bequick.MainSettingsActivity"]}, {"8c4b93c54c3a4bcc0f935b13d03f8f51": ["4", "com.bwx.bequick.MainSettingsActivity"]}, {"8c4b93c54c3a4bcc0f935b13d03f8f51": ["4", "com.bwx.bequick.MainSettingsActivity"]}, {"8c4b93c54c3a4bcc0f935b13d03f8f51": ["4", "com.bwx.bequick.MainSettingsActivity"]}, {"8c4b93c54c3a4bcc0f935b13d03f8f51": ["4", "com.bwx.bequick.MainSettingsActivity"]}, {"8c4b93c54c3a4bcc0f935b13d03f8f51": ["4", "com.bwx.bequick.MainSettingsActivity"]}, {"8c4b93c54c3a4bcc0f935b13d03f8f51": ["4", "com.bwx.bequick.MainSettingsActivity"]}, {"fbc106ffff5f211bbf4ccce94c077c3f": ["5", "com.bwx.bequick.MainSettingsActivity"]}, {"8c4b93c54c3a4bcc0f935b13d03f8f51": ["4", "com.bwx.bequick.MainSettingsActivity"]}, {"6c3eb20196d0a9b7a73a2b88432eca81": ["7", "com.bwx.bequick.preferences.MobileDataPrefs"]}, {"6c3eb20196d0a9b7a73a2b88432eca81": ["7", "com.bwx.bequick.preferences.MobileDataPrefs"]}, {"6c3eb20196d0a9b7a73a2b88432eca81": ["7", "com.bwx.bequick.preferences.MobileDataPrefs"]}, {"6c3eb20196d0a9b7a73a2b88432eca81": ["7", "com.bwx.bequick.preferences.MobileDataPrefs"]}, {"6c3eb20196d0a9b7a73a2b88432eca81": ["7", "com.bwx.bequick.preferences.MobileDataPrefs"]}, {"8c4b93c54c3a4bcc0f935b13d03f8f51": ["4", "com.bwx.bequick.MainSettingsActivity"]}, {"8c4b93c54c3a4bcc0f935b13d03f8f51": ["4", "com.bwx.bequick.MainSettingsActivity"]}, {"fbc106ffff5f211bbf4ccce94c077c3f": ["5", "com.bwx.bequick.MainSettingsActivity"]}, {"8c4b93c54c3a4bcc0f935b13d03f8f51": ["4", "com.bwx.bequick.MainSettingsActivity"]}, {"8c4b93c54c3a4bcc0f935b13d03f8f51": ["4", "com.bwx.bequick.MainSettingsActivity"]}, {"e2e224ac24b5134c965300d04f83e26c": ["6", "com.bwx.bequick.preferences.GpsPrefs"]}, {"e2e224ac24b5134c965300d04f83e26c": ["6", "com.bwx.bequick.preferences.GpsPrefs"]}, {"8c4b93c54c3a4bcc0f935b13d03f8f51": ["4", "com.bwx.bequick.MainSettingsActivity"]}, {"fbc106ffff5f211bbf4ccce94c077c3f": ["5", "com.bwx.bequick.MainSettingsActivity"]}, {"8c4b93c54c3a4bcc0f935b13d03f8f51": ["4", "com.bwx.bequick.MainSettingsActivity"]}, {"8c4b93c54c3a4bcc0f935b13d03f8f51": ["4", "com.bwx.bequick.MainSettingsActivity"]}, {"8c4b93c54c3a4bcc0f935b13d03f8f51": ["4", "com.bwx.bequick.MainSettingsActivity"]}, {"8c4b93c54c3a4bcc0f935b13d03f8f51": ["4", "com.bwx.bequick.MainSettingsActivity"]}, {"6c3eb20196d0a9b7a73a2b88432eca81": ["7", "com.bwx.bequick.preferences.MobileDataPrefs"]}, {"8c4b93c54c3a4bcc0f935b13d03f8f51": ["4", "com.bwx.bequick.MainSettingsActivity"]}, {"e2e224ac24b5134c965300d04f83e26c": ["6", "com.bwx.bequick.preferences.GpsPrefs"]}, {"e2e224ac24b5134c965300d04f83e26c": ["6", "com.bwx.bequick.preferences.GpsPrefs"]}, {"e2e224ac24b5134c965300d04f83e26c": ["6", "com.bwx.bequick.preferences.GpsPrefs"]}, {"8c4b93c54c3a4bcc0f935b13d03f8f51": ["4", "com.bwx.bequick.MainSettingsActivity"]}, {"8c4b93c54c3a4bcc0f935b13d03f8f51": ["4", "com.bwx.bequick.MainSettingsActivity"]}, {"8c4b93c54c3a4bcc0f935b13d03f8f51": ["4", "com.bwx.bequick.MainSettingsActivity"]}, {"8c4b93c54c3a4bcc0f935b13d03f8f51": ["4", "com.bwx.bequick.MainSettingsActivity"]}, {"fbc106ffff5f211bbf4ccce94c077c3f": ["5", "com.bwx.bequick.MainSettingsActivity"]}, {"8c4b93c54c3a4bcc0f935b13d03f8f51": ["4", "com.bwx.bequick.MainSettingsActivity"]}, {"59eb85470e0270c720e506e6094f241a": ["2", "com.bwx.bequick.MainSettingsActivity"]}, {"8c4b93c54c3a4bcc0f935b13d03f8f51": ["4", "com.bwx.bequick.MainSettingsActivity"]}, {"6c3eb20196d0a9b7a73a2b88432eca81": ["7", "com.bwx.bequick.preferences.MobileDataPrefs"]}, {"6c3eb20196d0a9b7a73a2b88432eca81": ["7", "com.bwx.bequick.preferences.MobileDataPrefs"]}, {"6c3eb20196d0a9b7a73a2b88432eca81": ["7", "com.bwx.bequick.preferences.MobileDataPrefs"]}, {"6c3eb20196d0a9b7a73a2b88432eca81": ["7", "com.bwx.bequick.preferences.MobileDataPrefs"]}, {"6c3eb20196d0a9b7a73a2b88432eca81": ["7", "com.bwx.bequick.preferences.MobileDataPrefs"]}, {"6c3eb20196d0a9b7a73a2b88432eca81": ["7", "com.bwx.bequick.preferences.MobileDataPrefs"]}, {"6c3eb20196d0a9b7a73a2b88432eca81": ["7", "com.bwx.bequick.preferences.MobileDataPrefs"]}, {"6c3eb20196d0a9b7a73a2b88432eca81": ["7", "com.bwx.bequick.preferences.MobileDataPrefs"]}, {"8c4b93c54c3a4bcc0f935b13d03f8f51": ["4", "com.bwx.bequick.MainSettingsActivity"]}, {"8c4b93c54c3a4bcc0f935b13d03f8f51": ["4", "com.bwx.bequick.MainSettingsActivity"]}, {"e2e224ac24b5134c965300d04f83e26c": ["6", "com.bwx.bequick.preferences.GpsPrefs"]}, {"e2e224ac24b5134c965300d04f83e26c": ["6", "com.bwx.bequick.preferences.GpsPrefs"]}, {"e2e224ac24b5134c965300d04f83e26c": ["6", "com.bwx.bequick.preferences.GpsPrefs"]}, {"e2e224ac24b5134c965300d04f83e26c": ["6", "com.bwx.bequick.preferences.GpsPrefs"]}, {"8c4b93c54c3a4bcc0f935b13d03f8f51": ["4", "com.bwx.bequick.MainSettingsActivity"]}, {"8c4b93c54c3a4bcc0f935b13d03f8f51": ["4", "com.bwx.bequick.MainSettingsActivity"]}, {"8c4b93c54c3a4bcc0f935b13d03f8f51": ["4", "com.bwx.bequick.MainSettingsActivity"]}, {"8c4b93c54c3a4bcc0f935b13d03f8f51": ["4", "com.bwx.bequick.MainSettingsActivity"]}, {"8c4b93c54c3a4bcc0f935b13d03f8f51": ["4", "com.bwx.bequick.MainSettingsActivity"]}, {"59eb85470e0270c720e506e6094f241a": ["2", "com.bwx.bequick.MainSettingsActivity"]}, {"8c4b93c54c3a4bcc0f935b13d03f8f51": ["4", "com.bwx.bequick.MainSettingsActivity"]}, {"8c4b93c54c3a4bcc0f935b13d03f8f51": ["4", "com.bwx.bequick.MainSettingsActivity"]}, {"fbc106ffff5f211bbf4ccce94c077c3f": ["5", "com.bwx.bequick.MainSettingsActivity"]}, {"8c4b93c54c3a4bcc0f935b13d03f8f51": ["4", "com.bwx.bequick.MainSettingsActivity"]}, {"8c4b93c54c3a4bcc0f935b13d03f8f51": ["4", "com.bwx.bequick.MainSettingsActivity"]}, {"6c3eb20196d0a9b7a73a2b88432eca81": ["7", "com.bwx.bequick.preferences.MobileDataPrefs"]}, {"6c3eb20196d0a9b7a73a2b88432eca81": ["7", "com.bwx.bequick.preferences.MobileDataPrefs"]}, {"6c3eb20196d0a9b7a73a2b88432eca81": ["7", "com.bwx.bequick.preferences.MobileDataPrefs"]}, {"6c3eb20196d0a9b7a73a2b88432eca81": ["7", "com.bwx.bequick.preferences.MobileDataPrefs"]}, {"6c3eb20196d0a9b7a73a2b88432eca81": ["7", "com.bwx.bequick.preferences.MobileDataPrefs"]}, {"6c3eb20196d0a9b7a73a2b88432eca81": ["7", "com.bwx.bequick.preferences.MobileDataPrefs"]}, {"6c3eb20196d0a9b7a73a2b88432eca81": ["7", "com.bwx.bequick.preferences.MobileDataPrefs"]}, {"6c3eb20196d0a9b7a73a2b88432eca81": ["7", "com.bwx.bequick.preferences.MobileDataPrefs"]}, {"6c3eb20196d0a9b7a73a2b88432eca81": ["7", "com.bwx.bequick.preferences.MobileDataPrefs"]}, {"6c3eb20196d0a9b7a73a2b88432eca81": ["7", "com.bwx.bequick.preferences.MobileDataPrefs"]}, {"8c4b93c54c3a4bcc0f935b13d03f8f51": ["4", "com.bwx.bequick.MainSettingsActivity"]}, {"6c3eb20196d0a9b7a73a2b88432eca81": ["7", "com.bwx.bequick.preferences.MobileDataPrefs"]}, {"6c3eb20196d0a9b7a73a2b88432eca81": ["7", "com.bwx.bequick.preferences.MobileDataPrefs"]}, {"6c3eb20196d0a9b7a73a2b88432eca81": ["7", "com.bwx.bequick.preferences.MobileDataPrefs"]}, {"8c4b93c54c3a4bcc0f935b13d03f8f51": ["4", "com.bwx.bequick.MainSettingsActivity"]}, {"8c4b93c54c3a4bcc0f935b13d03f8f51": ["4", "com.bwx.bequick.MainSettingsActivity"]}, {"59eb85470e0270c720e506e6094f241a": ["2", "com.bwx.bequick.MainSettingsActivity"]}, {"8c4b93c54c3a4bcc0f935b13d03f8f51": ["4", "com.bwx.bequick.MainSettingsActivity"]}, {"8c4b93c54c3a4bcc0f935b13d03f8f51": ["4", "com.bwx.bequick.MainSettingsActivity"]}, {"8c4b93c54c3a4bcc0f935b13d03f8f51": ["4", "com.bwx.bequick.MainSettingsActivity"]}, {"8c4b93c54c3a4bcc0f935b13d03f8f51": ["4", "com.bwx.bequick.MainSettingsActivity"]}, {"8c4b93c54c3a4bcc0f935b13d03f8f51": ["4", "com.bwx.bequick.MainSettingsActivity"]}, {"8c4b93c54c3a4bcc0f935b13d03f8f51": ["4", "com.bwx.bequick.MainSettingsActivity"]}, {"6c3eb20196d0a9b7a73a2b88432eca81": ["7", "com.bwx.bequick.preferences.MobileDataPrefs"]}, {"6c3eb20196d0a9b7a73a2b88432eca81": ["7", "com.bwx.bequick.preferences.MobileDataPrefs"]}, {"8c4b93c54c3a4bcc0f935b13d03f8f51": ["4", "com.bwx.bequick.MainSettingsActivity"]}, {"8c4b93c54c3a4bcc0f935b13d03f8f51": ["4", "com.bwx.bequick.MainSettingsActivity"]}, {"8c4b93c54c3a4bcc0f935b13d03f8f51": ["4", "com.bwx.bequick.MainSettingsActivity"]}, {"8c4b93c54c3a4bcc0f935b13d03f8f51": ["4", "com.bwx.bequick.MainSettingsActivity"]}, {"8c4b93c54c3a4bcc0f935b13d03f8f51": ["4", "com.bwx.bequick.MainSettingsActivity"]}, {"8c4b93c54c3a4bcc0f935b13d03f8f51": ["4", "com.bwx.bequick.MainSettingsActivity"]}, {"8c4b93c54c3a4bcc0f935b13d03f8f51": ["4", "com.bwx.bequick.MainSettingsActivity"]}, {"8c4b93c54c3a4bcc0f935b13d03f8f51": ["4", "com.bwx.bequick.MainSettingsActivity"]}, {"59eb85470e0270c720e506e6094f241a": ["2", "com.bwx.bequick.MainSettingsActivity"]}, {"8c4b93c54c3a4bcc0f935b13d03f8f51": ["4", "com.bwx.bequick.MainSettingsActivity"]}, {"59eb85470e0270c720e506e6094f241a": ["2", "com.bwx.bequick.MainSettingsActivity"]}, {"8c4b93c54c3a4bcc0f935b13d03f8f51": ["4", "com.bwx.bequick.MainSettingsActivity"]}, {"8c4b93c54c3a4bcc0f935b13d03f8f51": ["4", "com.bwx.bequick.MainSettingsActivity"]}, {"e2e224ac24b5134c965300d04f83e26c": ["6", "com.bwx.bequick.preferences.GpsPrefs"]}, {"8c4b93c54c3a4bcc0f935b13d03f8f51": ["4", "com.bwx.bequick.MainSettingsActivity"]}, {"8c4b93c54c3a4bcc0f935b13d03f8f51": ["4", "com.bwx.bequick.MainSettingsActivity"]}, {"8c4b93c54c3a4bcc0f935b13d03f8f51": ["4", "com.bwx.bequick.MainSettingsActivity"]}, {"8c4b93c54c3a4bcc0f935b13d03f8f51": ["4", "com.bwx.bequick.MainSettingsActivity"]}, {"8c4b93c54c3a4bcc0f935b13d03f8f51": ["4", "com.bwx.bequick.MainSettingsActivity"]}, {"6c3eb20196d0a9b7a73a2b88432eca81": ["7", "com.bwx.bequick.preferences.MobileDataPrefs"]}, {"6c3eb20196d0a9b7a73a2b88432eca81": ["7", "com.bwx.bequick.preferences.MobileDataPrefs"]}, {"6c3eb20196d0a9b7a73a2b88432eca81": ["7", "com.bwx.bequick.preferences.MobileDataPrefs"]}, {"8c4b93c54c3a4bcc0f935b13d03f8f51": ["4", "com.bwx.bequick.MainSettingsActivity"]}, {"8c4b93c54c3a4bcc0f935b13d03f8f51": ["4", "com.bwx.bequick.MainSettingsActivity"]}, {"8c4b93c54c3a4bcc0f935b13d03f8f51": ["4", "com.bwx.bequick.MainSettingsActivity"]}, {"59eb85470e0270c720e506e6094f241a": ["2", "com.bwx.bequick.MainSettingsActivity"]}, {"8c4b93c54c3a4bcc0f935b13d03f8f51": ["4", "com.bwx.bequick.MainSettingsActivity"]}, {"8c4b93c54c3a4bcc0f935b13d03f8f51": ["4", "com.bwx.bequick.MainSettingsActivity"]}, {"8c4b93c54c3a4bcc0f935b13d03f8f51": ["4", "com.bwx.bequick.MainSettingsActivity"]}, {"6c3eb20196d0a9b7a73a2b88432eca81": ["7", "com.bwx.bequick.preferences.MobileDataPrefs"]}, {"8c4b93c54c3a4bcc0f935b13d03f8f51": ["4", "com.bwx.bequick.MainSettingsActivity"]}, {"8c4b93c54c3a4bcc0f935b13d03f8f51": ["4", "com.bwx.bequick.MainSettingsActivity"]}, {"8c4b93c54c3a4bcc0f935b13d03f8f51": ["4", "com.bwx.bequick.MainSettingsActivity"]}, {"8c4b93c54c3a4bcc0f935b13d03f8f51": ["4", "com.bwx.bequick.MainSettingsActivity"]}, {"8c4b93c54c3a4bcc0f935b13d03f8f51": ["4", "com.bwx.bequick.MainSettingsActivity"]}, {"8c4b93c54c3a4bcc0f935b13d03f8f51": ["4", "com.bwx.bequick.MainSettingsActivity"]}, {"fbc106ffff5f211bbf4ccce94c077c3f": ["5", "com.bwx.bequick.MainSettingsActivity"]}, {"8c4b93c54c3a4bcc0f935b13d03f8f51": ["4", "com.bwx.bequick.MainSettingsActivity"]}, {"8c4b93c54c3a4bcc0f935b13d03f8f51": ["4", "com.bwx.bequick.MainSettingsActivity"]}, {"8c4b93c54c3a4bcc0f935b13d03f8f51": ["4", "com.bwx.bequick.MainSettingsActivity"]}, {"8c4b93c54c3a4bcc0f935b13d03f8f51": ["4", "com.bwx.bequick.MainSettingsActivity"]}, {"8c4b93c54c3a4bcc0f935b13d03f8f51": ["4", "com.bwx.bequick.MainSettingsActivity"]}, {"8c4b93c54c3a4bcc0f935b13d03f8f51": ["4", "com.bwx.bequick.MainSettingsActivity"]}, {"8c4b93c54c3a4bcc0f935b13d03f8f51": ["4", "com.bwx.bequick.MainSettingsActivity"]}, {"8c4b93c54c3a4bcc0f935b13d03f8f51": ["4", "com.bwx.bequick.MainSettingsActivity"]}, {"6c3eb20196d0a9b7a73a2b88432eca81": ["7", "com.bwx.bequick.preferences.MobileDataPrefs"]}, {"6c3eb20196d0a9b7a73a2b88432eca81": ["7", "com.bwx.bequick.preferences.MobileDataPrefs"]}, {"8c4b93c54c3a4bcc0f935b13d03f8f51": ["4", "com.bwx.bequick.MainSettingsActivity"]}, {"6c3eb20196d0a9b7a73a2b88432eca81": ["7", "com.bwx.bequick.preferences.MobileDataPrefs"]}, {"6c3eb20196d0a9b7a73a2b88432eca81": ["7", "com.bwx.bequick.preferences.MobileDataPrefs"]}, {"6c3eb20196d0a9b7a73a2b88432eca81": ["7", "com.bwx.bequick.preferences.MobileDataPrefs"]}, {"6c3eb20196d0a9b7a73a2b88432eca81": ["7", "com.bwx.bequick.preferences.MobileDataPrefs"]}, {"6c3eb20196d0a9b7a73a2b88432eca81": ["7", "com.bwx.bequick.preferences.MobileDataPrefs"]}, {"8c4b93c54c3a4bcc0f935b13d03f8f51": ["4", "com.bwx.bequick.MainSettingsActivity"]}, {"8c4b93c54c3a4bcc0f935b13d03f8f51": ["4", "com.bwx.bequick.MainSettingsActivity"]}, {"8c4b93c54c3a4bcc0f935b13d03f8f51": ["4", "com.bwx.bequick.MainSettingsActivity"]}, {"8c4b93c54c3a4bcc0f935b13d03f8f51": ["4", "com.bwx.bequick.MainSettingsActivity"]}, {"8c4b93c54c3a4bcc0f935b13d03f8f51": ["4", "com.bwx.bequick.MainSettingsActivity"]}, {"8c4b93c54c3a4bcc0f935b13d03f8f51": ["4", "com.bwx.bequick.MainSettingsActivity"]}, {"8c4b93c54c3a4bcc0f935b13d03f8f51": ["4", "com.bwx.bequick.MainSettingsActivity"]}, {"8c4b93c54c3a4bcc0f935b13d03f8f51": ["4", "com.bwx.bequick.MainSettingsActivity"]}, {"8c4b93c54c3a4bcc0f935b13d03f8f51": ["4", "com.bwx.bequick.MainSettingsActivity"]}, {"8c4b93c54c3a4bcc0f935b13d03f8f51": ["4", "com.bwx.bequick.MainSettingsActivity"]}, {"e2e224ac24b5134c965300d04f83e26c": ["6", "com.bwx.bequick.preferences.GpsPrefs"]}, {"8c4b93c54c3a4bcc0f935b13d03f8f51": ["4", "com.bwx.bequick.MainSettingsActivity"]}, {"e2e224ac24b5134c965300d04f83e26c": ["6", "com.bwx.bequick.preferences.GpsPrefs"]}, {"e2e224ac24b5134c965300d04f83e26c": ["6", "com.bwx.bequick.preferences.GpsPrefs"]}, {"e2e224ac24b5134c965300d04f83e26c": ["6", "com.bwx.bequick.preferences.GpsPrefs"]}, {"8c4b93c54c3a4bcc0f935b13d03f8f51": ["4", "com.bwx.bequick.MainSettingsActivity"]}, {"8c4b93c54c3a4bcc0f935b13d03f8f51": ["4", "com.bwx.bequick.MainSettingsActivity"]}, {"fbc106ffff5f211bbf4ccce94c077c3f": ["5", "com.bwx.bequick.MainSettingsActivity"]}, {"8c4b93c54c3a4bcc0f935b13d03f8f51": ["4", "com.bwx.bequick.MainSettingsActivity"]}, {"8c4b93c54c3a4bcc0f935b13d03f8f51": ["4", "com.bwx.bequick.MainSettingsActivity"]}, {"fbc106ffff5f211bbf4ccce94c077c3f": ["5", "com.bwx.bequick.MainSettingsActivity"]}, {"8c4b93c54c3a4bcc0f935b13d03f8f51": ["4", "com.bwx.bequick.MainSettingsActivity"]}, {"e2e224ac24b5134c965300d04f83e26c": ["6", "com.bwx.bequick.preferences.GpsPrefs"]}, {"e2e224ac24b5134c965300d04f83e26c": ["6", "com.bwx.bequick.preferences.GpsPrefs"]}, {"e2e224ac24b5134c965300d04f83e26c": ["6", "com.bwx.bequick.preferences.GpsPrefs"]}, {"e2e224ac24b5134c965300d04f83e26c": ["6", "com.bwx.bequick.preferences.GpsPrefs"]}, {"e2e224ac24b5134c965300d04f83e26c": ["6", "com.bwx.bequick.preferences.GpsPrefs"]}, {"e2e224ac24b5134c965300d04f83e26c": ["6", "com.bwx.bequick.preferences.GpsPrefs"]}, {"e2e224ac24b5134c965300d04f83e26c": ["6", "com.bwx.bequick.preferences.GpsPrefs"]}, {"e2e224ac24b5134c965300d04f83e26c": ["6", "com.bwx.bequick.preferences.GpsPrefs"]}, {"e2e224ac24b5134c965300d04f83e26c": ["6", "com.bwx.bequick.preferences.GpsPrefs"]}, {"8c4b93c54c3a4bcc0f935b13d03f8f51": ["4", "com.bwx.bequick.MainSettingsActivity"]}, {"e2e224ac24b5134c965300d04f83e26c": ["6", "com.bwx.bequick.preferences.GpsPrefs"]}, {"8c4b93c54c3a4bcc0f935b13d03f8f51": ["4", "com.bwx.bequick.MainSettingsActivity"]}, {"8c4b93c54c3a4bcc0f935b13d03f8f51": ["4", "com.bwx.bequick.MainSettingsActivity"]}, {"8c4b93c54c3a4bcc0f935b13d03f8f51": ["4", "com.bwx.bequick.MainSettingsActivity"]}, {"8c4b93c54c3a4bcc0f935b13d03f8f51": ["4", "com.bwx.bequick.MainSettingsActivity"]}, {"59eb85470e0270c720e506e6094f241a": ["2", "com.bwx.bequick.MainSettingsActivity"]}, {"8c4b93c54c3a4bcc0f935b13d03f8f51": ["4", "com.bwx.bequick.MainSettingsActivity"]}, {"8c4b93c54c3a4bcc0f935b13d03f8f51": ["4", "com.bwx.bequick.MainSettingsActivity"]}, {"59eb85470e0270c720e506e6094f241a": ["2", "com.bwx.bequick.MainSettingsActivity"]}, {"8c4b93c54c3a4bcc0f935b13d03f8f51": ["4", "com.bwx.bequick.MainSettingsActivity"]}, {"8c4b93c54c3a4bcc0f935b13d03f8f51": ["4", "com.bwx.bequick.MainSettingsActivity"]}, {"8c4b93c54c3a4bcc0f935b13d03f8f51": ["4", "com.bwx.bequick.MainSettingsActivity"]}, {"6c3eb20196d0a9b7a73a2b88432eca81": ["7", "com.bwx.bequick.preferences.MobileDataPrefs"]}, {"6c3eb20196d0a9b7a73a2b88432eca81": ["7", "com.bwx.bequick.preferences.MobileDataPrefs"]}, {"6c3eb20196d0a9b7a73a2b88432eca81": ["7", "com.bwx.bequick.preferences.MobileDataPrefs"]}, {"6c3eb20196d0a9b7a73a2b88432eca81": ["7", "com.bwx.bequick.preferences.MobileDataPrefs"]}, {"6c3eb20196d0a9b7a73a2b88432eca81": ["7", "com.bwx.bequick.preferences.MobileDataPrefs"]}, {"8c4b93c54c3a4bcc0f935b13d03f8f51": ["4", "com.bwx.bequick.MainSettingsActivity"]}, {"8c4b93c54c3a4bcc0f935b13d03f8f51": ["4", "com.bwx.bequick.MainSettingsActivity"]}, {"8c4b93c54c3a4bcc0f935b13d03f8f51": ["4", "com.bwx.bequick.MainSettingsActivity"]}, {"fbc106ffff5f211bbf4ccce94c077c3f": ["5", "com.bwx.bequick.MainSettingsActivity"]}, {"8c4b93c54c3a4bcc0f935b13d03f8f51": ["4", "com.bwx.bequick.MainSettingsActivity"]}, {"fbc106ffff5f211bbf4ccce94c077c3f": ["5", "com.bwx.bequick.MainSettingsActivity"]}, {"8c4b93c54c3a4bcc0f935b13d03f8f51": ["4", "com.bwx.bequick.MainSettingsActivity"]}, {"8c4b93c54c3a4bcc0f935b13d03f8f51": ["4", "com.bwx.bequick.MainSettingsActivity"]}, {"59eb85470e0270c720e506e6094f241a": ["2", "com.bwx.bequick.MainSettingsActivity"]}, {"8c4b93c54c3a4bcc0f935b13d03f8f51": ["4", "com.bwx.bequick.MainSettingsActivity"]}, {"8c4b93c54c3a4bcc0f935b13d03f8f51": ["4", "com.bwx.bequick.MainSettingsActivity"]}, {"8c4b93c54c3a4bcc0f935b13d03f8f51": ["4", "com.bwx.bequick.MainSettingsActivity"]}, {"8c4b93c54c3a4bcc0f935b13d03f8f51": ["4", "com.bwx.bequick.MainSettingsActivity"]}, {"8c4b93c54c3a4bcc0f935b13d03f8f51": ["4", "com.bwx.bequick.MainSettingsActivity"]}, {"fbc106ffff5f211bbf4ccce94c077c3f": ["5", "com.bwx.bequick.MainSettingsActivity"]}, {"8c4b93c54c3a4bcc0f935b13d03f8f51": ["4", "com.bwx.bequick.MainSettingsActivity"]}, {"8c4b93c54c3a4bcc0f935b13d03f8f51": ["4", "com.bwx.bequick.MainSettingsActivity"]}, {"8c4b93c54c3a4bcc0f935b13d03f8f51": ["4", "com.bwx.bequick.MainSettingsActivity"]}, {"8c4b93c54c3a4bcc0f935b13d03f8f51": ["4", "com.bwx.bequick.MainSettingsActivity"]}, {"8c4b93c54c3a4bcc0f935b13d03f8f51": ["4", "com.bwx.bequick.MainSettingsActivity"]}, {"59eb85470e0270c720e506e6094f241a": ["2", "com.bwx.bequick.MainSettingsActivity"]}, {"8c4b93c54c3a4bcc0f935b13d03f8f51": ["4", "com.bwx.bequick.MainSettingsActivity"]}, {"8c4b93c54c3a4bcc0f935b13d03f8f51": ["4", "com.bwx.bequick.MainSettingsActivity"]}, {"8c4b93c54c3a4bcc0f935b13d03f8f51": ["4", "com.bwx.bequick.MainSettingsActivity"]}, {"8c4b93c54c3a4bcc0f935b13d03f8f51": ["4", "com.bwx.bequick.MainSettingsActivity"]}, {"8c4b93c54c3a4bcc0f935b13d03f8f51": ["4", "com.bwx.bequick.MainSettingsActivity"]}, {"6c3eb20196d0a9b7a73a2b88432eca81": ["7", "com.bwx.bequick.preferences.MobileDataPrefs"]}, {"6c3eb20196d0a9b7a73a2b88432eca81": ["7", "com.bwx.bequick.preferences.MobileDataPrefs"]}, {"8c4b93c54c3a4bcc0f935b13d03f8f51": ["4", "com.bwx.bequick.MainSettingsActivity"]}, {"8c4b93c54c3a4bcc0f935b13d03f8f51": ["4", "com.bwx.bequick.MainSettingsActivity"]}, {"8c4b93c54c3a4bcc0f935b13d03f8f51": ["4", "com.bwx.bequick.MainSettingsActivity"]}, {"8c4b93c54c3a4bcc0f935b13d03f8f51": ["4", "com.bwx.bequick.MainSettingsActivity"]}, {"8c4b93c54c3a4bcc0f935b13d03f8f51": ["4", "com.bwx.bequick.MainSettingsActivity"]}, {"8c4b93c54c3a4bcc0f935b13d03f8f51": ["4", "com.bwx.bequick.MainSettingsActivity"]}, {"8c4b93c54c3a4bcc0f935b13d03f8f51": ["4", "com.bwx.bequick.MainSettingsActivity"]}, {"8c4b93c54c3a4bcc0f935b13d03f8f51": ["4", "com.bwx.bequick.MainSettingsActivity"]}, {"8c4b93c54c3a4bcc0f935b13d03f8f51": ["4", "com.bwx.bequick.MainSettingsActivity"]}, {"8c4b93c54c3a4bcc0f935b13d03f8f51": ["4", "com.bwx.bequick.MainSettingsActivity"]}, {"8c4b93c54c3a4bcc0f935b13d03f8f51": ["4", "com.bwx.bequick.MainSettingsActivity"]}, {"8c4b93c54c3a4bcc0f935b13d03f8f51": ["4", "com.bwx.bequick.MainSettingsActivity"]}, {"e2e224ac24b5134c965300d04f83e26c": ["6", "com.bwx.bequick.preferences.GpsPrefs"]}, {"8c4b93c54c3a4bcc0f935b13d03f8f51": ["4", "com.bwx.bequick.MainSettingsActivity"]}, {"8c4b93c54c3a4bcc0f935b13d03f8f51": ["4", "com.bwx.bequick.MainSettingsActivity"]}, {"fbc106ffff5f211bbf4ccce94c077c3f": ["5", "com.bwx.bequick.MainSettingsActivity"]}, {"8c4b93c54c3a4bcc0f935b13d03f8f51": ["4", "com.bwx.bequick.MainSettingsActivity"]}, {"e2e224ac24b5134c965300d04f83e26c": ["6", "com.bwx.bequick.preferences.GpsPrefs"]}, {"e2e224ac24b5134c965300d04f83e26c": ["6", "com.bwx.bequick.preferences.GpsPrefs"]}, {"e2e224ac24b5134c965300d04f83e26c": ["6", "com.bwx.bequick.preferences.GpsPrefs"]}, {"e2e224ac24b5134c965300d04f83e26c": ["6", "com.bwx.bequick.preferences.GpsPrefs"]}, {"e2e224ac24b5134c965300d04f83e26c": ["6", "com.bwx.bequick.preferences.GpsPrefs"]}, {"e2e224ac24b5134c965300d04f83e26c": ["6", "com.bwx.bequick.preferences.GpsPrefs"]}, {"8c4b93c54c3a4bcc0f935b13d03f8f51": ["4", "com.bwx.bequick.MainSettingsActivity"]}, {"8c4b93c54c3a4bcc0f935b13d03f8f51": ["4", "com.bwx.bequick.MainSettingsActivity"]}, {"8c4b93c54c3a4bcc0f935b13d03f8f51": ["4", "com.bwx.bequick.MainSettingsActivity"]}, {"8c4b93c54c3a4bcc0f935b13d03f8f51": ["4", "com.bwx.bequick.MainSettingsActivity"]}, {"8c4b93c54c3a4bcc0f935b13d03f8f51": ["4", "com.bwx.bequick.MainSettingsActivity"]}, {"8c4b93c54c3a4bcc0f935b13d03f8f51": ["4", "com.bwx.bequick.MainSettingsActivity"]}, {"8c4b93c54c3a4bcc0f935b13d03f8f51": ["4", "com.bwx.bequick.MainSettingsActivity"]}, {"8c4b93c54c3a4bcc0f935b13d03f8f51": ["4", "com.bwx.bequick.MainSettingsActivity"]}]