[{"412c4421aa9ca6419404a2dcd4b598e1": ["0", "com.nloko.android.syncmypix.MainActivity"]}, {"a66e7fab0f3f85a78ce650b7bd4baa68": ["1", "com.nloko.android.syncmypix.MainActivity"]}, {"b676cd8ac9d20dbb533d09621ea5dc5a": ["2", "com.nloko.android.syncmypix.MainActivity"]}, {"a66e7fab0f3f85a78ce650b7bd4baa68": ["1", "com.nloko.android.syncmypix.MainActivity"]}, {"50ecc73f29fe0f342a4ba99b8824e473": ["3", "com.nloko.android.syncmypix.SettingsActivity"]}, {"457047e17d6481f40a13cadec33a9f38": ["4", "com.nloko.android.syncmypix.SettingsActivity"]}, {"50ecc73f29fe0f342a4ba99b8824e473": ["3", "com.nloko.android.syncmypix.SettingsActivity"]}, {"50ecc73f29fe0f342a4ba99b8824e473": ["3", "com.nloko.android.syncmypix.SettingsActivity"]}, {"50ecc73f29fe0f342a4ba99b8824e473": ["3", "com.nloko.android.syncmypix.SettingsActivity"]}, {"50ecc73f29fe0f342a4ba99b8824e473": ["3", "com.nloko.android.syncmypix.SettingsActivity"]}, {"50ecc73f29fe0f342a4ba99b8824e473": ["3", "com.nloko.android.syncmypix.SettingsActivity"]}, {"50ecc73f29fe0f342a4ba99b8824e473": ["3", "com.nloko.android.syncmypix.SettingsActivity"]}, {"50ecc73f29fe0f342a4ba99b8824e473": ["3", "com.nloko.android.syncmypix.SettingsActivity"]}, {"50ecc73f29fe0f342a4ba99b8824e473": ["3", "com.nloko.android.syncmypix.SettingsActivity"]}, {"457047e17d6481f40a13cadec33a9f38": ["4", "com.nloko.android.syncmypix.SettingsActivity"]}, {"50ecc73f29fe0f342a4ba99b8824e473": ["3", "com.nloko.android.syncmypix.SettingsActivity"]}, {"50ecc73f29fe0f342a4ba99b8824e473": ["3", "com.nloko.android.syncmypix.SettingsActivity"]}, {"50ecc73f29fe0f342a4ba99b8824e473": ["3", "com.nloko.android.syncmypix.SettingsActivity"]}, {"50ecc73f29fe0f342a4ba99b8824e473": ["3", "com.nloko.android.syncmypix.SettingsActivity"]}, {"50ecc73f29fe0f342a4ba99b8824e473": ["3", "com.nloko.android.syncmypix.SettingsActivity"]}, {"50ecc73f29fe0f342a4ba99b8824e473": ["3", "com.nloko.android.syncmypix.SettingsActivity"]}, {"50ecc73f29fe0f342a4ba99b8824e473": ["3", "com.nloko.android.syncmypix.SettingsActivity"]}, {"38b7c95a0492c6b5ddaa4c4e8af0fe2a": ["13", "com.nloko.android.syncmypix.SettingsActivity"]}, {"50ecc73f29fe0f342a4ba99b8824e473": ["3", "com.nloko.android.syncmypix.SettingsActivity"]}, {"0a961169da5199aa4d81a3105f6922cc": ["5", "com.nloko.android.syncmypix.SettingsActivity"]}, {"50ecc73f29fe0f342a4ba99b8824e473": ["3", "com.nloko.android.syncmypix.SettingsActivity"]}, {"50ecc73f29fe0f342a4ba99b8824e473": ["3", "com.nloko.android.syncmypix.SettingsActivity"]}, {"50ecc73f29fe0f342a4ba99b8824e473": ["3", "com.nloko.android.syncmypix.SettingsActivity"]}, {"457047e17d6481f40a13cadec33a9f38": ["4", "com.nloko.android.syncmypix.SettingsActivity"]}, {"50ecc73f29fe0f342a4ba99b8824e473": ["3", "com.nloko.android.syncmypix.SettingsActivity"]}, {"50ecc73f29fe0f342a4ba99b8824e473": ["3", "com.nloko.android.syncmypix.SettingsActivity"]}, {"457047e17d6481f40a13cadec33a9f38": ["4", "com.nloko.android.syncmypix.SettingsActivity"]}, {"50ecc73f29fe0f342a4ba99b8824e473": ["3", "com.nloko.android.syncmypix.SettingsActivity"]}, {"0a961169da5199aa4d81a3105f6922cc": ["5", "com.nloko.android.syncmypix.SettingsActivity"]}, {"50ecc73f29fe0f342a4ba99b8824e473": ["3", "com.nloko.android.syncmypix.SettingsActivity"]}, {"50ecc73f29fe0f342a4ba99b8824e473": ["3", "com.nloko.android.syncmypix.SettingsActivity"]}, {"50ecc73f29fe0f342a4ba99b8824e473": ["3", "com.nloko.android.syncmypix.SettingsActivity"]}, {"457047e17d6481f40a13cadec33a9f38": ["4", "com.nloko.android.syncmypix.SettingsActivity"]}, {"50ecc73f29fe0f342a4ba99b8824e473": ["3", "com.nloko.android.syncmypix.SettingsActivity"]}, {"50ecc73f29fe0f342a4ba99b8824e473": ["3", "com.nloko.android.syncmypix.SettingsActivity"]}, {"38b7c95a0492c6b5ddaa4c4e8af0fe2a": ["13", "com.nloko.android.syncmypix.SettingsActivity"]}, {"38b7c95a0492c6b5ddaa4c4e8af0fe2a": ["13", "com.nloko.android.syncmypix.SettingsActivity"]}, {"457047e17d6481f40a13cadec33a9f38": ["4", "com.nloko.android.syncmypix.SettingsActivity"]}, {"38b7c95a0492c6b5ddaa4c4e8af0fe2a": ["13", "com.nloko.android.syncmypix.SettingsActivity"]}, {"457047e17d6481f40a13cadec33a9f38": ["4", "com.nloko.android.syncmypix.SettingsActivity"]}, {"38b7c95a0492c6b5ddaa4c4e8af0fe2a": ["13", "com.nloko.android.syncmypix.SettingsActivity"]}, {"a66e7fab0f3f85a78ce650b7bd4baa68": ["1", "com.nloko.android.syncmypix.MainActivity"]}, {"412c4421aa9ca6419404a2dcd4b598e1": ["0", "com.nloko.android.syncmypix.MainActivity"]}, {"a66e7fab0f3f85a78ce650b7bd4baa68": ["1", "com.nloko.android.syncmypix.MainActivity"]}, {"412c4421aa9ca6419404a2dcd4b598e1": ["0", "com.nloko.android.syncmypix.MainActivity"]}, {"a66e7fab0f3f85a78ce650b7bd4baa68": ["1", "com.nloko.android.syncmypix.MainActivity"]}, {"9f186abbdbf2b28a77f268b3417eb8ad": ["6", "com.nloko.android.syncmypix.SyncResultsActivity"]}, {"59fec2ede172b4117308f086f1d94065": ["7", "com.nloko.android.syncmypix.SyncResultsActivity"]}, {"9f186abbdbf2b28a77f268b3417eb8ad": ["6", "com.nloko.android.syncmypix.SyncResultsActivity"]}, {"412c4421aa9ca6419404a2dcd4b598e1": ["0", "com.nloko.android.syncmypix.MainActivity"]}, {"a66e7fab0f3f85a78ce650b7bd4baa68": ["1", "com.nloko.android.syncmypix.MainActivity"]}, {"b676cd8ac9d20dbb533d09621ea5dc5a": ["2", "com.nloko.android.syncmypix.MainActivity"]}, {"a66e7fab0f3f85a78ce650b7bd4baa68": ["1", "com.nloko.android.syncmypix.MainActivity"]}, {"a66e7fab0f3f85a78ce650b7bd4baa68": ["1", "com.nloko.android.syncmypix.MainActivity"]}, {"9f186abbdbf2b28a77f268b3417eb8ad": ["6", "com.nloko.android.syncmypix.SyncResultsActivity"]}, {"59fec2ede172b4117308f086f1d94065": ["7", "com.nloko.android.syncmypix.SyncResultsActivity"]}, {"a66e7fab0f3f85a78ce650b7bd4baa68": ["1", "com.nloko.android.syncmypix.MainActivity"]}, {"412c4421aa9ca6419404a2dcd4b598e1": ["0", "com.nloko.android.syncmypix.MainActivity"]}, {"a66e7fab0f3f85a78ce650b7bd4baa68": ["1", "com.nloko.android.syncmypix.MainActivity"]}, {"a66e7fab0f3f85a78ce650b7bd4baa68": ["1", "com.nloko.android.syncmypix.MainActivity"]}, {"a66e7fab0f3f85a78ce650b7bd4baa68": ["1", "com.nloko.android.syncmypix.MainActivity"]}, {"b676cd8ac9d20dbb533d09621ea5dc5a": ["2", "com.nloko.android.syncmypix.MainActivity"]}, {"a66e7fab0f3f85a78ce650b7bd4baa68": ["1", "com.nloko.android.syncmypix.MainActivity"]}, {"50ecc73f29fe0f342a4ba99b8824e473": ["3", "com.nloko.android.syncmypix.SettingsActivity"]}, {"50ecc73f29fe0f342a4ba99b8824e473": ["3", "com.nloko.android.syncmypix.SettingsActivity"]}, {"50ecc73f29fe0f342a4ba99b8824e473": ["3", "com.nloko.android.syncmypix.SettingsActivity"]}, {"38b7c95a0492c6b5ddaa4c4e8af0fe2a": ["13", "com.nloko.android.syncmypix.SettingsActivity"]}, {"457047e17d6481f40a13cadec33a9f38": ["4", "com.nloko.android.syncmypix.SettingsActivity"]}, {"38b7c95a0492c6b5ddaa4c4e8af0fe2a": ["13", "com.nloko.android.syncmypix.SettingsActivity"]}, {"38b7c95a0492c6b5ddaa4c4e8af0fe2a": ["13", "com.nloko.android.syncmypix.SettingsActivity"]}, {"457047e17d6481f40a13cadec33a9f38": ["4", "com.nloko.android.syncmypix.SettingsActivity"]}, {"38b7c95a0492c6b5ddaa4c4e8af0fe2a": ["13", "com.nloko.android.syncmypix.SettingsActivity"]}, {"50ecc73f29fe0f342a4ba99b8824e473": ["3", "com.nloko.android.syncmypix.SettingsActivity"]}, {"50ecc73f29fe0f342a4ba99b8824e473": ["3", "com.nloko.android.syncmypix.SettingsActivity"]}, {"50ecc73f29fe0f342a4ba99b8824e473": ["3", "com.nloko.android.syncmypix.SettingsActivity"]}, {"50ecc73f29fe0f342a4ba99b8824e473": ["3", "com.nloko.android.syncmypix.SettingsActivity"]}, {"457047e17d6481f40a13cadec33a9f38": ["4", "com.nloko.android.syncmypix.SettingsActivity"]}, {"50ecc73f29fe0f342a4ba99b8824e473": ["3", "com.nloko.android.syncmypix.SettingsActivity"]}, {"50ecc73f29fe0f342a4ba99b8824e473": ["3", "com.nloko.android.syncmypix.SettingsActivity"]}, {"457047e17d6481f40a13cadec33a9f38": ["4", "com.nloko.android.syncmypix.SettingsActivity"]}, {"50ecc73f29fe0f342a4ba99b8824e473": ["3", "com.nloko.android.syncmypix.SettingsActivity"]}, {"50ecc73f29fe0f342a4ba99b8824e473": ["3", "com.nloko.android.syncmypix.SettingsActivity"]}, {"50ecc73f29fe0f342a4ba99b8824e473": ["3", "com.nloko.android.syncmypix.SettingsActivity"]}, {"457047e17d6481f40a13cadec33a9f38": ["4", "com.nloko.android.syncmypix.SettingsActivity"]}, {"38b7c95a0492c6b5ddaa4c4e8af0fe2a": ["13", "com.nloko.android.syncmypix.SettingsActivity"]}, {"38b7c95a0492c6b5ddaa4c4e8af0fe2a": ["13", "com.nloko.android.syncmypix.SettingsActivity"]}, {"38b7c95a0492c6b5ddaa4c4e8af0fe2a": ["13", "com.nloko.android.syncmypix.SettingsActivity"]}, {"457047e17d6481f40a13cadec33a9f38": ["4", "com.nloko.android.syncmypix.SettingsActivity"]}, {"38b7c95a0492c6b5ddaa4c4e8af0fe2a": ["13", "com.nloko.android.syncmypix.SettingsActivity"]}, {"38b7c95a0492c6b5ddaa4c4e8af0fe2a": ["13", "com.nloko.android.syncmypix.SettingsActivity"]}, {"457047e17d6481f40a13cadec33a9f38": ["4", "com.nloko.android.syncmypix.SettingsActivity"]}, {"38b7c95a0492c6b5ddaa4c4e8af0fe2a": ["13", "com.nloko.android.syncmypix.SettingsActivity"]}, {"457047e17d6481f40a13cadec33a9f38": ["4", "com.nloko.android.syncmypix.SettingsActivity"]}, {"38b7c95a0492c6b5ddaa4c4e8af0fe2a": ["13", "com.nloko.android.syncmypix.SettingsActivity"]}, {"38b7c95a0492c6b5ddaa4c4e8af0fe2a": ["13", "com.nloko.android.syncmypix.SettingsActivity"]}, {"38b7c95a0492c6b5ddaa4c4e8af0fe2a": ["13", "com.nloko.android.syncmypix.SettingsActivity"]}, {"38b7c95a0492c6b5ddaa4c4e8af0fe2a": ["13", "com.nloko.android.syncmypix.SettingsActivity"]}, {"0a961169da5199aa4d81a3105f6922cc": ["5", "com.nloko.android.syncmypix.SettingsActivity"]}, {"38b7c95a0492c6b5ddaa4c4e8af0fe2a": ["13", "com.nloko.android.syncmypix.SettingsActivity"]}, {"38b7c95a0492c6b5ddaa4c4e8af0fe2a": ["13", "com.nloko.android.syncmypix.SettingsActivity"]}, {"38b7c95a0492c6b5ddaa4c4e8af0fe2a": ["13", "com.nloko.android.syncmypix.SettingsActivity"]}, {"38b7c95a0492c6b5ddaa4c4e8af0fe2a": ["13", "com.nloko.android.syncmypix.SettingsActivity"]}, {"38b7c95a0492c6b5ddaa4c4e8af0fe2a": ["13", "com.nloko.android.syncmypix.SettingsActivity"]}, {"38b7c95a0492c6b5ddaa4c4e8af0fe2a": ["13", "com.nloko.android.syncmypix.SettingsActivity"]}, {"38b7c95a0492c6b5ddaa4c4e8af0fe2a": ["13", "com.nloko.android.syncmypix.SettingsActivity"]}, {"38b7c95a0492c6b5ddaa4c4e8af0fe2a": ["13", "com.nloko.android.syncmypix.SettingsActivity"]}, {"38b7c95a0492c6b5ddaa4c4e8af0fe2a": ["13", "com.nloko.android.syncmypix.SettingsActivity"]}, {"38b7c95a0492c6b5ddaa4c4e8af0fe2a": ["13", "com.nloko.android.syncmypix.SettingsActivity"]}, {"a66e7fab0f3f85a78ce650b7bd4baa68": ["1", "com.nloko.android.syncmypix.MainActivity"]}, {"412c4421aa9ca6419404a2dcd4b598e1": ["0", "com.nloko.android.syncmypix.MainActivity"]}, {"412c4421aa9ca6419404a2dcd4b598e1": ["0", "com.nloko.android.syncmypix.MainActivity"]}, {"412c4421aa9ca6419404a2dcd4b598e1": ["0", "com.nloko.android.syncmypix.MainActivity"]}, {"412c4421aa9ca6419404a2dcd4b598e1": ["0", "com.nloko.android.syncmypix.MainActivity"]}, {"a66e7fab0f3f85a78ce650b7bd4baa68": ["1", "com.nloko.android.syncmypix.MainActivity"]}, {"38b7c95a0492c6b5ddaa4c4e8af0fe2a": ["13", "com.nloko.android.syncmypix.SettingsActivity"]}, {"38b7c95a0492c6b5ddaa4c4e8af0fe2a": ["13", "com.nloko.android.syncmypix.SettingsActivity"]}, {"38b7c95a0492c6b5ddaa4c4e8af0fe2a": ["13", "com.nloko.android.syncmypix.SettingsActivity"]}, {"38b7c95a0492c6b5ddaa4c4e8af0fe2a": ["13", "com.nloko.android.syncmypix.SettingsActivity"]}, {"38b7c95a0492c6b5ddaa4c4e8af0fe2a": ["13", "com.nloko.android.syncmypix.SettingsActivity"]}, {"457047e17d6481f40a13cadec33a9f38": ["4", "com.nloko.android.syncmypix.SettingsActivity"]}, {"38b7c95a0492c6b5ddaa4c4e8af0fe2a": ["13", "com.nloko.android.syncmypix.SettingsActivity"]}, {"38b7c95a0492c6b5ddaa4c4e8af0fe2a": ["13", "com.nloko.android.syncmypix.SettingsActivity"]}, {"38b7c95a0492c6b5ddaa4c4e8af0fe2a": ["13", "com.nloko.android.syncmypix.SettingsActivity"]}, {"38b7c95a0492c6b5ddaa4c4e8af0fe2a": ["13", "com.nloko.android.syncmypix.SettingsActivity"]}, {"50ecc73f29fe0f342a4ba99b8824e473": ["3", "com.nloko.android.syncmypix.SettingsActivity"]}, {"457047e17d6481f40a13cadec33a9f38": ["4", "com.nloko.android.syncmypix.SettingsActivity"]}, {"50ecc73f29fe0f342a4ba99b8824e473": ["3", "com.nloko.android.syncmypix.SettingsActivity"]}, {"457047e17d6481f40a13cadec33a9f38": ["4", "com.nloko.android.syncmypix.SettingsActivity"]}, {"50ecc73f29fe0f342a4ba99b8824e473": ["3", "com.nloko.android.syncmypix.SettingsActivity"]}, {"0a961169da5199aa4d81a3105f6922cc": ["5", "com.nloko.android.syncmypix.SettingsActivity"]}, {"50ecc73f29fe0f342a4ba99b8824e473": ["3", "com.nloko.android.syncmypix.SettingsActivity"]}, {"0a961169da5199aa4d81a3105f6922cc": ["5", "com.nloko.android.syncmypix.SettingsActivity"]}, {"50ecc73f29fe0f342a4ba99b8824e473": ["3", "com.nloko.android.syncmypix.SettingsActivity"]}, {"50ecc73f29fe0f342a4ba99b8824e473": ["3", "com.nloko.android.syncmypix.SettingsActivity"]}, {"50ecc73f29fe0f342a4ba99b8824e473": ["3", "com.nloko.android.syncmypix.SettingsActivity"]}, {"50ecc73f29fe0f342a4ba99b8824e473": ["3", "com.nloko.android.syncmypix.SettingsActivity"]}, {"0a961169da5199aa4d81a3105f6922cc": ["5", "com.nloko.android.syncmypix.SettingsActivity"]}, {"50ecc73f29fe0f342a4ba99b8824e473": ["3", "com.nloko.android.syncmypix.SettingsActivity"]}, {"457047e17d6481f40a13cadec33a9f38": ["4", "com.nloko.android.syncmypix.SettingsActivity"]}, {"50ecc73f29fe0f342a4ba99b8824e473": ["3", "com.nloko.android.syncmypix.SettingsActivity"]}, {"50ecc73f29fe0f342a4ba99b8824e473": ["3", "com.nloko.android.syncmypix.SettingsActivity"]}, {"50ecc73f29fe0f342a4ba99b8824e473": ["3", "com.nloko.android.syncmypix.SettingsActivity"]}, {"50ecc73f29fe0f342a4ba99b8824e473": ["3", "com.nloko.android.syncmypix.SettingsActivity"]}, {"50ecc73f29fe0f342a4ba99b8824e473": ["3", "com.nloko.android.syncmypix.SettingsActivity"]}, {"457047e17d6481f40a13cadec33a9f38": ["4", "com.nloko.android.syncmypix.SettingsActivity"]}, {"50ecc73f29fe0f342a4ba99b8824e473": ["3", "com.nloko.android.syncmypix.SettingsActivity"]}, {"50ecc73f29fe0f342a4ba99b8824e473": ["3", "com.nloko.android.syncmypix.SettingsActivity"]}, {"457047e17d6481f40a13cadec33a9f38": ["4", "com.nloko.android.syncmypix.SettingsActivity"]}, {"50ecc73f29fe0f342a4ba99b8824e473": ["3", "com.nloko.android.syncmypix.SettingsActivity"]}, {"412c4421aa9ca6419404a2dcd4b598e1": ["0", "com.nloko.android.syncmypix.MainActivity"]}, {"412c4421aa9ca6419404a2dcd4b598e1": ["0", "com.nloko.android.syncmypix.MainActivity"]}, {"a66e7fab0f3f85a78ce650b7bd4baa68": ["1", "com.nloko.android.syncmypix.MainActivity"]}, {"412c4421aa9ca6419404a2dcd4b598e1": ["0", "com.nloko.android.syncmypix.MainActivity"]}, {"a66e7fab0f3f85a78ce650b7bd4baa68": ["1", "com.nloko.android.syncmypix.MainActivity"]}, {"50ecc73f29fe0f342a4ba99b8824e473": ["3", "com.nloko.android.syncmypix.SettingsActivity"]}, {"457047e17d6481f40a13cadec33a9f38": ["4", "com.nloko.android.syncmypix.SettingsActivity"]}, {"50ecc73f29fe0f342a4ba99b8824e473": ["3", "com.nloko.android.syncmypix.SettingsActivity"]}, {"0a961169da5199aa4d81a3105f6922cc": ["5", "com.nloko.android.syncmypix.SettingsActivity"]}, {"a66e7fab0f3f85a78ce650b7bd4baa68": ["1", "com.nloko.android.syncmypix.MainActivity"]}, {"50ecc73f29fe0f342a4ba99b8824e473": ["3", "com.nloko.android.syncmypix.SettingsActivity"]}, {"0a961169da5199aa4d81a3105f6922cc": ["5", "com.nloko.android.syncmypix.SettingsActivity"]}, {"50ecc73f29fe0f342a4ba99b8824e473": ["3", "com.nloko.android.syncmypix.SettingsActivity"]}, {"457047e17d6481f40a13cadec33a9f38": ["4", "com.nloko.android.syncmypix.SettingsActivity"]}, {"50ecc73f29fe0f342a4ba99b8824e473": ["3", "com.nloko.android.syncmypix.SettingsActivity"]}, {"50ecc73f29fe0f342a4ba99b8824e473": ["3", "com.nloko.android.syncmypix.SettingsActivity"]}, {"50ecc73f29fe0f342a4ba99b8824e473": ["3", "com.nloko.android.syncmypix.SettingsActivity"]}, {"50ecc73f29fe0f342a4ba99b8824e473": ["3", "com.nloko.android.syncmypix.SettingsActivity"]}, {"50ecc73f29fe0f342a4ba99b8824e473": ["3", "com.nloko.android.syncmypix.SettingsActivity"]}, {"50ecc73f29fe0f342a4ba99b8824e473": ["3", "com.nloko.android.syncmypix.SettingsActivity"]}, {"38b7c95a0492c6b5ddaa4c4e8af0fe2a": ["13", "com.nloko.android.syncmypix.SettingsActivity"]}, {"38b7c95a0492c6b5ddaa4c4e8af0fe2a": ["13", "com.nloko.android.syncmypix.SettingsActivity"]}, {"38b7c95a0492c6b5ddaa4c4e8af0fe2a": ["13", "com.nloko.android.syncmypix.SettingsActivity"]}, {"38b7c95a0492c6b5ddaa4c4e8af0fe2a": ["13", "com.nloko.android.syncmypix.SettingsActivity"]}, {"38b7c95a0492c6b5ddaa4c4e8af0fe2a": ["13", "com.nloko.android.syncmypix.SettingsActivity"]}, {"38b7c95a0492c6b5ddaa4c4e8af0fe2a": ["13", "com.nloko.android.syncmypix.SettingsActivity"]}, {"38b7c95a0492c6b5ddaa4c4e8af0fe2a": ["13", "com.nloko.android.syncmypix.SettingsActivity"]}, {"457047e17d6481f40a13cadec33a9f38": ["4", "com.nloko.android.syncmypix.SettingsActivity"]}, {"38b7c95a0492c6b5ddaa4c4e8af0fe2a": ["13", "com.nloko.android.syncmypix.SettingsActivity"]}, {"38b7c95a0492c6b5ddaa4c4e8af0fe2a": ["13", "com.nloko.android.syncmypix.SettingsActivity"]}, {"38b7c95a0492c6b5ddaa4c4e8af0fe2a": ["13", "com.nloko.android.syncmypix.SettingsActivity"]}, {"38b7c95a0492c6b5ddaa4c4e8af0fe2a": ["13", "com.nloko.android.syncmypix.SettingsActivity"]}, {"a66e7fab0f3f85a78ce650b7bd4baa68": ["1", "com.nloko.android.syncmypix.MainActivity"]}, {"9f186abbdbf2b28a77f268b3417eb8ad": ["6", "com.nloko.android.syncmypix.SyncResultsActivity"]}, {"a66e7fab0f3f85a78ce650b7bd4baa68": ["1", "com.nloko.android.syncmypix.MainActivity"]}, {"b676cd8ac9d20dbb533d09621ea5dc5a": ["2", "com.nloko.android.syncmypix.MainActivity"]}, {"412c4421aa9ca6419404a2dcd4b598e1": ["0", "com.nloko.android.syncmypix.MainActivity"]}, {"412c4421aa9ca6419404a2dcd4b598e1": ["0", "com.nloko.android.syncmypix.MainActivity"]}, {"a66e7fab0f3f85a78ce650b7bd4baa68": ["1", "com.nloko.android.syncmypix.MainActivity"]}, {"412c4421aa9ca6419404a2dcd4b598e1": ["0", "com.nloko.android.syncmypix.MainActivity"]}, {"a66e7fab0f3f85a78ce650b7bd4baa68": ["1", "com.nloko.android.syncmypix.MainActivity"]}, {"a66e7fab0f3f85a78ce650b7bd4baa68": ["1", "com.nloko.android.syncmypix.MainActivity"]}, {"9f186abbdbf2b28a77f268b3417eb8ad": ["6", "com.nloko.android.syncmypix.SyncResultsActivity"]}, {"a66e7fab0f3f85a78ce650b7bd4baa68": ["1", "com.nloko.android.syncmypix.MainActivity"]}, {"9f186abbdbf2b28a77f268b3417eb8ad": ["6", "com.nloko.android.syncmypix.SyncResultsActivity"]}, {"a66e7fab0f3f85a78ce650b7bd4baa68": ["1", "com.nloko.android.syncmypix.MainActivity"]}, {"50ecc73f29fe0f342a4ba99b8824e473": ["3", "com.nloko.android.syncmypix.SettingsActivity"]}, {"50ecc73f29fe0f342a4ba99b8824e473": ["3", "com.nloko.android.syncmypix.SettingsActivity"]}, {"0a961169da5199aa4d81a3105f6922cc": ["5", "com.nloko.android.syncmypix.SettingsActivity"]}, {"50ecc73f29fe0f342a4ba99b8824e473": ["3", "com.nloko.android.syncmypix.SettingsActivity"]}, {"457047e17d6481f40a13cadec33a9f38": ["4", "com.nloko.android.syncmypix.SettingsActivity"]}, {"50ecc73f29fe0f342a4ba99b8824e473": ["3", "com.nloko.android.syncmypix.SettingsActivity"]}, {"38b7c95a0492c6b5ddaa4c4e8af0fe2a": ["13", "com.nloko.android.syncmypix.SettingsActivity"]}, {"38b7c95a0492c6b5ddaa4c4e8af0fe2a": ["13", "com.nloko.android.syncmypix.SettingsActivity"]}, {"38b7c95a0492c6b5ddaa4c4e8af0fe2a": ["13", "com.nloko.android.syncmypix.SettingsActivity"]}, {"38b7c95a0492c6b5ddaa4c4e8af0fe2a": ["13", "com.nloko.android.syncmypix.SettingsActivity"]}, {"38b7c95a0492c6b5ddaa4c4e8af0fe2a": ["13", "com.nloko.android.syncmypix.SettingsActivity"]}, {"38b7c95a0492c6b5ddaa4c4e8af0fe2a": ["13", "com.nloko.android.syncmypix.SettingsActivity"]}, {"38b7c95a0492c6b5ddaa4c4e8af0fe2a": ["13", "com.nloko.android.syncmypix.SettingsActivity"]}, {"38b7c95a0492c6b5ddaa4c4e8af0fe2a": ["13", "com.nloko.android.syncmypix.SettingsActivity"]}, {"38b7c95a0492c6b5ddaa4c4e8af0fe2a": ["13", "com.nloko.android.syncmypix.SettingsActivity"]}, {"38b7c95a0492c6b5ddaa4c4e8af0fe2a": ["13", "com.nloko.android.syncmypix.SettingsActivity"]}, {"38b7c95a0492c6b5ddaa4c4e8af0fe2a": ["13", "com.nloko.android.syncmypix.SettingsActivity"]}, {"38b7c95a0492c6b5ddaa4c4e8af0fe2a": ["13", "com.nloko.android.syncmypix.SettingsActivity"]}, {"38b7c95a0492c6b5ddaa4c4e8af0fe2a": ["13", "com.nloko.android.syncmypix.SettingsActivity"]}, {"38b7c95a0492c6b5ddaa4c4e8af0fe2a": ["13", "com.nloko.android.syncmypix.SettingsActivity"]}, {"38b7c95a0492c6b5ddaa4c4e8af0fe2a": ["13", "com.nloko.android.syncmypix.SettingsActivity"]}, {"38b7c95a0492c6b5ddaa4c4e8af0fe2a": ["13", "com.nloko.android.syncmypix.SettingsActivity"]}, {"38b7c95a0492c6b5ddaa4c4e8af0fe2a": ["13", "com.nloko.android.syncmypix.SettingsActivity"]}, {"38b7c95a0492c6b5ddaa4c4e8af0fe2a": ["13", "com.nloko.android.syncmypix.SettingsActivity"]}, {"38b7c95a0492c6b5ddaa4c4e8af0fe2a": ["13", "com.nloko.android.syncmypix.SettingsActivity"]}, {"38b7c95a0492c6b5ddaa4c4e8af0fe2a": ["13", "com.nloko.android.syncmypix.SettingsActivity"]}, {"38b7c95a0492c6b5ddaa4c4e8af0fe2a": ["13", "com.nloko.android.syncmypix.SettingsActivity"]}, {"38b7c95a0492c6b5ddaa4c4e8af0fe2a": ["13", "com.nloko.android.syncmypix.SettingsActivity"]}, {"38b7c95a0492c6b5ddaa4c4e8af0fe2a": ["13", "com.nloko.android.syncmypix.SettingsActivity"]}, {"38b7c95a0492c6b5ddaa4c4e8af0fe2a": ["13", "com.nloko.android.syncmypix.SettingsActivity"]}, {"38b7c95a0492c6b5ddaa4c4e8af0fe2a": ["13", "com.nloko.android.syncmypix.SettingsActivity"]}, {"38b7c95a0492c6b5ddaa4c4e8af0fe2a": ["13", "com.nloko.android.syncmypix.SettingsActivity"]}, {"50ecc73f29fe0f342a4ba99b8824e473": ["3", "com.nloko.android.syncmypix.SettingsActivity"]}, {"457047e17d6481f40a13cadec33a9f38": ["4", "com.nloko.android.syncmypix.SettingsActivity"]}, {"50ecc73f29fe0f342a4ba99b8824e473": ["3", "com.nloko.android.syncmypix.SettingsActivity"]}, {"38b7c95a0492c6b5ddaa4c4e8af0fe2a": ["13", "com.nloko.android.syncmypix.SettingsActivity"]}, {"38b7c95a0492c6b5ddaa4c4e8af0fe2a": ["13", "com.nloko.android.syncmypix.SettingsActivity"]}, {"38b7c95a0492c6b5ddaa4c4e8af0fe2a": ["13", "com.nloko.android.syncmypix.SettingsActivity"]}, {"a66e7fab0f3f85a78ce650b7bd4baa68": ["1", "com.nloko.android.syncmypix.MainActivity"]}, {"9f186abbdbf2b28a77f268b3417eb8ad": ["6", "com.nloko.android.syncmypix.SyncResultsActivity"]}, {"a66e7fab0f3f85a78ce650b7bd4baa68": ["1", "com.nloko.android.syncmypix.MainActivity"]}, {"412c4421aa9ca6419404a2dcd4b598e1": ["0", "com.nloko.android.syncmypix.MainActivity"]}, {"412c4421aa9ca6419404a2dcd4b598e1": ["0", "com.nloko.android.syncmypix.MainActivity"]}, {"412c4421aa9ca6419404a2dcd4b598e1": ["0", "com.nloko.android.syncmypix.MainActivity"]}, {"a66e7fab0f3f85a78ce650b7bd4baa68": ["1", "com.nloko.android.syncmypix.MainActivity"]}, {"9f186abbdbf2b28a77f268b3417eb8ad": ["6", "com.nloko.android.syncmypix.SyncResultsActivity"]}, {"59fec2ede172b4117308f086f1d94065": ["7", "com.nloko.android.syncmypix.SyncResultsActivity"]}, {"a66e7fab0f3f85a78ce650b7bd4baa68": ["1", "com.nloko.android.syncmypix.MainActivity"]}, {"a66e7fab0f3f85a78ce650b7bd4baa68": ["1", "com.nloko.android.syncmypix.MainActivity"]}, {"9f186abbdbf2b28a77f268b3417eb8ad": ["6", "com.nloko.android.syncmypix.SyncResultsActivity"]}, {"59fec2ede172b4117308f086f1d94065": ["7", "com.nloko.android.syncmypix.SyncResultsActivity"]}, {"a66e7fab0f3f85a78ce650b7bd4baa68": ["1", "com.nloko.android.syncmypix.MainActivity"]}, {"9f186abbdbf2b28a77f268b3417eb8ad": ["6", "com.nloko.android.syncmypix.SyncResultsActivity"]}, {"59fec2ede172b4117308f086f1d94065": ["7", "com.nloko.android.syncmypix.SyncResultsActivity"]}, {"a66e7fab0f3f85a78ce650b7bd4baa68": ["1", "com.nloko.android.syncmypix.MainActivity"]}, {"412c4421aa9ca6419404a2dcd4b598e1": ["0", "com.nloko.android.syncmypix.MainActivity"]}, {"412c4421aa9ca6419404a2dcd4b598e1": ["0", "com.nloko.android.syncmypix.MainActivity"]}, {"412c4421aa9ca6419404a2dcd4b598e1": ["0", "com.nloko.android.syncmypix.MainActivity"]}, {"a66e7fab0f3f85a78ce650b7bd4baa68": ["1", "com.nloko.android.syncmypix.MainActivity"]}, {"a66e7fab0f3f85a78ce650b7bd4baa68": ["1", "com.nloko.android.syncmypix.MainActivity"]}, {"a66e7fab0f3f85a78ce650b7bd4baa68": ["1", "com.nloko.android.syncmypix.MainActivity"]}, {"a66e7fab0f3f85a78ce650b7bd4baa68": ["1", "com.nloko.android.syncmypix.MainActivity"]}, {"412c4421aa9ca6419404a2dcd4b598e1": ["0", "com.nloko.android.syncmypix.MainActivity"]}, {"412c4421aa9ca6419404a2dcd4b598e1": ["0", "com.nloko.android.syncmypix.MainActivity"]}, {"a66e7fab0f3f85a78ce650b7bd4baa68": ["1", "com.nloko.android.syncmypix.MainActivity"]}, {"412c4421aa9ca6419404a2dcd4b598e1": ["0", "com.nloko.android.syncmypix.MainActivity"]}, {"412c4421aa9ca6419404a2dcd4b598e1": ["0", "com.nloko.android.syncmypix.MainActivity"]}, {"412c4421aa9ca6419404a2dcd4b598e1": ["0", "com.nloko.android.syncmypix.MainActivity"]}, {"412c4421aa9ca6419404a2dcd4b598e1": ["0", "com.nloko.android.syncmypix.MainActivity"]}, {"412c4421aa9ca6419404a2dcd4b598e1": ["0", "com.nloko.android.syncmypix.MainActivity"]}, {"a66e7fab0f3f85a78ce650b7bd4baa68": ["1", "com.nloko.android.syncmypix.MainActivity"]}, {"b676cd8ac9d20dbb533d09621ea5dc5a": ["2", "com.nloko.android.syncmypix.MainActivity"]}, {"a66e7fab0f3f85a78ce650b7bd4baa68": ["1", "com.nloko.android.syncmypix.MainActivity"]}, {"50ecc73f29fe0f342a4ba99b8824e473": ["3", "com.nloko.android.syncmypix.SettingsActivity"]}, {"50ecc73f29fe0f342a4ba99b8824e473": ["3", "com.nloko.android.syncmypix.SettingsActivity"]}, {"457047e17d6481f40a13cadec33a9f38": ["4", "com.nloko.android.syncmypix.SettingsActivity"]}, {"38b7c95a0492c6b5ddaa4c4e8af0fe2a": ["13", "com.nloko.android.syncmypix.SettingsActivity"]}, {"38b7c95a0492c6b5ddaa4c4e8af0fe2a": ["13", "com.nloko.android.syncmypix.SettingsActivity"]}, {"38b7c95a0492c6b5ddaa4c4e8af0fe2a": ["13", "com.nloko.android.syncmypix.SettingsActivity"]}, {"38b7c95a0492c6b5ddaa4c4e8af0fe2a": ["13", "com.nloko.android.syncmypix.SettingsActivity"]}, {"38b7c95a0492c6b5ddaa4c4e8af0fe2a": ["13", "com.nloko.android.syncmypix.SettingsActivity"]}, {"50ecc73f29fe0f342a4ba99b8824e473": ["3", "com.nloko.android.syncmypix.SettingsActivity"]}, {"50ecc73f29fe0f342a4ba99b8824e473": ["3", "com.nloko.android.syncmypix.SettingsActivity"]}, {"50ecc73f29fe0f342a4ba99b8824e473": ["3", "com.nloko.android.syncmypix.SettingsActivity"]}, {"50ecc73f29fe0f342a4ba99b8824e473": ["3", "com.nloko.android.syncmypix.SettingsActivity"]}, {"50ecc73f29fe0f342a4ba99b8824e473": ["3", "com.nloko.android.syncmypix.SettingsActivity"]}, {"0a961169da5199aa4d81a3105f6922cc": ["5", "com.nloko.android.syncmypix.SettingsActivity"]}, {"50ecc73f29fe0f342a4ba99b8824e473": ["3", "com.nloko.android.syncmypix.SettingsActivity"]}, {"50ecc73f29fe0f342a4ba99b8824e473": ["3", "com.nloko.android.syncmypix.SettingsActivity"]}, {"50ecc73f29fe0f342a4ba99b8824e473": ["3", "com.nloko.android.syncmypix.SettingsActivity"]}, {"a66e7fab0f3f85a78ce650b7bd4baa68": ["1", "com.nloko.android.syncmypix.MainActivity"]}, {"a66e7fab0f3f85a78ce650b7bd4baa68": ["1", "com.nloko.android.syncmypix.MainActivity"]}, {"a66e7fab0f3f85a78ce650b7bd4baa68": ["1", "com.nloko.android.syncmypix.MainActivity"]}, {"b676cd8ac9d20dbb533d09621ea5dc5a": ["2", "com.nloko.android.syncmypix.MainActivity"]}, {"a66e7fab0f3f85a78ce650b7bd4baa68": ["1", "com.nloko.android.syncmypix.MainActivity"]}, {"9f186abbdbf2b28a77f268b3417eb8ad": ["6", "com.nloko.android.syncmypix.SyncResultsActivity"]}, {"a66e7fab0f3f85a78ce650b7bd4baa68": ["1", "com.nloko.android.syncmypix.MainActivity"]}, {"412c4421aa9ca6419404a2dcd4b598e1": ["0", "com.nloko.android.syncmypix.MainActivity"]}, {"412c4421aa9ca6419404a2dcd4b598e1": ["0", "com.nloko.android.syncmypix.MainActivity"]}, {"412c4421aa9ca6419404a2dcd4b598e1": ["0", "com.nloko.android.syncmypix.MainActivity"]}, {"a66e7fab0f3f85a78ce650b7bd4baa68": ["1", "com.nloko.android.syncmypix.MainActivity"]}, {"a66e7fab0f3f85a78ce650b7bd4baa68": ["1", "com.nloko.android.syncmypix.MainActivity"]}, {"412c4421aa9ca6419404a2dcd4b598e1": ["0", "com.nloko.android.syncmypix.MainActivity"]}, {"a66e7fab0f3f85a78ce650b7bd4baa68": ["1", "com.nloko.android.syncmypix.MainActivity"]}, {"50ecc73f29fe0f342a4ba99b8824e473": ["3", "com.nloko.android.syncmypix.SettingsActivity"]}, {"50ecc73f29fe0f342a4ba99b8824e473": ["3", "com.nloko.android.syncmypix.SettingsActivity"]}, {"50ecc73f29fe0f342a4ba99b8824e473": ["3", "com.nloko.android.syncmypix.SettingsActivity"]}, {"50ecc73f29fe0f342a4ba99b8824e473": ["3", "com.nloko.android.syncmypix.SettingsActivity"]}, {"50ecc73f29fe0f342a4ba99b8824e473": ["3", "com.nloko.android.syncmypix.SettingsActivity"]}, {"50ecc73f29fe0f342a4ba99b8824e473": ["3", "com.nloko.android.syncmypix.SettingsActivity"]}, {"50ecc73f29fe0f342a4ba99b8824e473": ["3", "com.nloko.android.syncmypix.SettingsActivity"]}, {"38b7c95a0492c6b5ddaa4c4e8af0fe2a": ["13", "com.nloko.android.syncmypix.SettingsActivity"]}, {"457047e17d6481f40a13cadec33a9f38": ["4", "com.nloko.android.syncmypix.SettingsActivity"]}, {"38b7c95a0492c6b5ddaa4c4e8af0fe2a": ["13", "com.nloko.android.syncmypix.SettingsActivity"]}, {"38b7c95a0492c6b5ddaa4c4e8af0fe2a": ["13", "com.nloko.android.syncmypix.SettingsActivity"]}, {"38b7c95a0492c6b5ddaa4c4e8af0fe2a": ["13", "com.nloko.android.syncmypix.SettingsActivity"]}, {"38b7c95a0492c6b5ddaa4c4e8af0fe2a": ["13", "com.nloko.android.syncmypix.SettingsActivity"]}, {"38b7c95a0492c6b5ddaa4c4e8af0fe2a": ["13", "com.nloko.android.syncmypix.SettingsActivity"]}, {"38b7c95a0492c6b5ddaa4c4e8af0fe2a": ["13", "com.nloko.android.syncmypix.SettingsActivity"]}, {"38b7c95a0492c6b5ddaa4c4e8af0fe2a": ["13", "com.nloko.android.syncmypix.SettingsActivity"]}, {"38b7c95a0492c6b5ddaa4c4e8af0fe2a": ["13", "com.nloko.android.syncmypix.SettingsActivity"]}, {"38b7c95a0492c6b5ddaa4c4e8af0fe2a": ["13", "com.nloko.android.syncmypix.SettingsActivity"]}, {"38b7c95a0492c6b5ddaa4c4e8af0fe2a": ["13", "com.nloko.android.syncmypix.SettingsActivity"]}, {"38b7c95a0492c6b5ddaa4c4e8af0fe2a": ["13", "com.nloko.android.syncmypix.SettingsActivity"]}, {"38b7c95a0492c6b5ddaa4c4e8af0fe2a": ["13", "com.nloko.android.syncmypix.SettingsActivity"]}, {"38b7c95a0492c6b5ddaa4c4e8af0fe2a": ["13", "com.nloko.android.syncmypix.SettingsActivity"]}, {"38b7c95a0492c6b5ddaa4c4e8af0fe2a": ["13", "com.nloko.android.syncmypix.SettingsActivity"]}, {"38b7c95a0492c6b5ddaa4c4e8af0fe2a": ["13", "com.nloko.android.syncmypix.SettingsActivity"]}, {"38b7c95a0492c6b5ddaa4c4e8af0fe2a": ["13", "com.nloko.android.syncmypix.SettingsActivity"]}, {"38b7c95a0492c6b5ddaa4c4e8af0fe2a": ["13", "com.nloko.android.syncmypix.SettingsActivity"]}, {"38b7c95a0492c6b5ddaa4c4e8af0fe2a": ["13", "com.nloko.android.syncmypix.SettingsActivity"]}, {"38b7c95a0492c6b5ddaa4c4e8af0fe2a": ["13", "com.nloko.android.syncmypix.SettingsActivity"]}, {"38b7c95a0492c6b5ddaa4c4e8af0fe2a": ["13", "com.nloko.android.syncmypix.SettingsActivity"]}, {"38b7c95a0492c6b5ddaa4c4e8af0fe2a": ["13", "com.nloko.android.syncmypix.SettingsActivity"]}, {"38b7c95a0492c6b5ddaa4c4e8af0fe2a": ["13", "com.nloko.android.syncmypix.SettingsActivity"]}, {"38b7c95a0492c6b5ddaa4c4e8af0fe2a": ["13", "com.nloko.android.syncmypix.SettingsActivity"]}, {"38b7c95a0492c6b5ddaa4c4e8af0fe2a": ["13", "com.nloko.android.syncmypix.SettingsActivity"]}, {"457047e17d6481f40a13cadec33a9f38": ["4", "com.nloko.android.syncmypix.SettingsActivity"]}, {"38b7c95a0492c6b5ddaa4c4e8af0fe2a": ["13", "com.nloko.android.syncmypix.SettingsActivity"]}, {"38b7c95a0492c6b5ddaa4c4e8af0fe2a": ["13", "com.nloko.android.syncmypix.SettingsActivity"]}, {"38b7c95a0492c6b5ddaa4c4e8af0fe2a": ["13", "com.nloko.android.syncmypix.SettingsActivity"]}, {"38b7c95a0492c6b5ddaa4c4e8af0fe2a": ["13", "com.nloko.android.syncmypix.SettingsActivity"]}, {"0a961169da5199aa4d81a3105f6922cc": ["5", "com.nloko.android.syncmypix.SettingsActivity"]}, {"412c4421aa9ca6419404a2dcd4b598e1": ["0", "com.nloko.android.syncmypix.MainActivity"]}, {"412c4421aa9ca6419404a2dcd4b598e1": ["0", "com.nloko.android.syncmypix.MainActivity"]}, {"a66e7fab0f3f85a78ce650b7bd4baa68": ["1", "com.nloko.android.syncmypix.MainActivity"]}, {"a66e7fab0f3f85a78ce650b7bd4baa68": ["1", "com.nloko.android.syncmypix.MainActivity"]}, {"a66e7fab0f3f85a78ce650b7bd4baa68": ["1", "com.nloko.android.syncmypix.MainActivity"]}, {"9f186abbdbf2b28a77f268b3417eb8ad": ["6", "com.nloko.android.syncmypix.SyncResultsActivity"]}, {"a66e7fab0f3f85a78ce650b7bd4baa68": ["1", "com.nloko.android.syncmypix.MainActivity"]}, {"b676cd8ac9d20dbb533d09621ea5dc5a": ["2", "com.nloko.android.syncmypix.MainActivity"]}, {"a66e7fab0f3f85a78ce650b7bd4baa68": ["1", "com.nloko.android.syncmypix.MainActivity"]}, {"412c4421aa9ca6419404a2dcd4b598e1": ["0", "com.nloko.android.syncmypix.MainActivity"]}, {"412c4421aa9ca6419404a2dcd4b598e1": ["0", "com.nloko.android.syncmypix.MainActivity"]}, {"a66e7fab0f3f85a78ce650b7bd4baa68": ["1", "com.nloko.android.syncmypix.MainActivity"]}, {"50ecc73f29fe0f342a4ba99b8824e473": ["3", "com.nloko.android.syncmypix.SettingsActivity"]}, {"50ecc73f29fe0f342a4ba99b8824e473": ["3", "com.nloko.android.syncmypix.SettingsActivity"]}, {"0a961169da5199aa4d81a3105f6922cc": ["5", "com.nloko.android.syncmypix.SettingsActivity"]}, {"a66e7fab0f3f85a78ce650b7bd4baa68": ["1", "com.nloko.android.syncmypix.MainActivity"]}, {"412c4421aa9ca6419404a2dcd4b598e1": ["0", "com.nloko.android.syncmypix.MainActivity"]}, {"412c4421aa9ca6419404a2dcd4b598e1": ["0", "com.nloko.android.syncmypix.MainActivity"]}, {"a66e7fab0f3f85a78ce650b7bd4baa68": ["1", "com.nloko.android.syncmypix.MainActivity"]}, {"a66e7fab0f3f85a78ce650b7bd4baa68": ["1", "com.nloko.android.syncmypix.MainActivity"]}, {"b676cd8ac9d20dbb533d09621ea5dc5a": ["2", "com.nloko.android.syncmypix.MainActivity"]}, {"a66e7fab0f3f85a78ce650b7bd4baa68": ["1", "com.nloko.android.syncmypix.MainActivity"]}, {"a66e7fab0f3f85a78ce650b7bd4baa68": ["1", "com.nloko.android.syncmypix.MainActivity"]}, {"50ecc73f29fe0f342a4ba99b8824e473": ["3", "com.nloko.android.syncmypix.SettingsActivity"]}, {"50ecc73f29fe0f342a4ba99b8824e473": ["3", "com.nloko.android.syncmypix.SettingsActivity"]}, {"50ecc73f29fe0f342a4ba99b8824e473": ["3", "com.nloko.android.syncmypix.SettingsActivity"]}, {"50ecc73f29fe0f342a4ba99b8824e473": ["3", "com.nloko.android.syncmypix.SettingsActivity"]}, {"50ecc73f29fe0f342a4ba99b8824e473": ["3", "com.nloko.android.syncmypix.SettingsActivity"]}, {"50ecc73f29fe0f342a4ba99b8824e473": ["3", "com.nloko.android.syncmypix.SettingsActivity"]}, {"50ecc73f29fe0f342a4ba99b8824e473": ["3", "com.nloko.android.syncmypix.SettingsActivity"]}, {"50ecc73f29fe0f342a4ba99b8824e473": ["3", "com.nloko.android.syncmypix.SettingsActivity"]}, {"50ecc73f29fe0f342a4ba99b8824e473": ["3", "com.nloko.android.syncmypix.SettingsActivity"]}, {"50ecc73f29fe0f342a4ba99b8824e473": ["3", "com.nloko.android.syncmypix.SettingsActivity"]}, {"0a961169da5199aa4d81a3105f6922cc": ["5", "com.nloko.android.syncmypix.SettingsActivity"]}, {"50ecc73f29fe0f342a4ba99b8824e473": ["3", "com.nloko.android.syncmypix.SettingsActivity"]}, {"50ecc73f29fe0f342a4ba99b8824e473": ["3", "com.nloko.android.syncmypix.SettingsActivity"]}, {"50ecc73f29fe0f342a4ba99b8824e473": ["3", "com.nloko.android.syncmypix.SettingsActivity"]}, {"50ecc73f29fe0f342a4ba99b8824e473": ["3", "com.nloko.android.syncmypix.SettingsActivity"]}, {"50ecc73f29fe0f342a4ba99b8824e473": ["3", "com.nloko.android.syncmypix.SettingsActivity"]}, {"50ecc73f29fe0f342a4ba99b8824e473": ["3", "com.nloko.android.syncmypix.SettingsActivity"]}, {"50ecc73f29fe0f342a4ba99b8824e473": ["3", "com.nloko.android.syncmypix.SettingsActivity"]}, {"50ecc73f29fe0f342a4ba99b8824e473": ["3", "com.nloko.android.syncmypix.SettingsActivity"]}, {"38b7c95a0492c6b5ddaa4c4e8af0fe2a": ["13", "com.nloko.android.syncmypix.SettingsActivity"]}, {"38b7c95a0492c6b5ddaa4c4e8af0fe2a": ["13", "com.nloko.android.syncmypix.SettingsActivity"]}, {"38b7c95a0492c6b5ddaa4c4e8af0fe2a": ["13", "com.nloko.android.syncmypix.SettingsActivity"]}, {"38b7c95a0492c6b5ddaa4c4e8af0fe2a": ["13", "com.nloko.android.syncmypix.SettingsActivity"]}, {"38b7c95a0492c6b5ddaa4c4e8af0fe2a": ["13", "com.nloko.android.syncmypix.SettingsActivity"]}, {"38b7c95a0492c6b5ddaa4c4e8af0fe2a": ["13", "com.nloko.android.syncmypix.SettingsActivity"]}, {"38b7c95a0492c6b5ddaa4c4e8af0fe2a": ["13", "com.nloko.android.syncmypix.SettingsActivity"]}, {"38b7c95a0492c6b5ddaa4c4e8af0fe2a": ["13", "com.nloko.android.syncmypix.SettingsActivity"]}, {"38b7c95a0492c6b5ddaa4c4e8af0fe2a": ["13", "com.nloko.android.syncmypix.SettingsActivity"]}, {"38b7c95a0492c6b5ddaa4c4e8af0fe2a": ["13", "com.nloko.android.syncmypix.SettingsActivity"]}, {"38b7c95a0492c6b5ddaa4c4e8af0fe2a": ["13", "com.nloko.android.syncmypix.SettingsActivity"]}, {"38b7c95a0492c6b5ddaa4c4e8af0fe2a": ["13", "com.nloko.android.syncmypix.SettingsActivity"]}, {"50ecc73f29fe0f342a4ba99b8824e473": ["3", "com.nloko.android.syncmypix.SettingsActivity"]}, {"50ecc73f29fe0f342a4ba99b8824e473": ["3", "com.nloko.android.syncmypix.SettingsActivity"]}, {"38b7c95a0492c6b5ddaa4c4e8af0fe2a": ["13", "com.nloko.android.syncmypix.SettingsActivity"]}, {"38b7c95a0492c6b5ddaa4c4e8af0fe2a": ["13", "com.nloko.android.syncmypix.SettingsActivity"]}, {"38b7c95a0492c6b5ddaa4c4e8af0fe2a": ["13", "com.nloko.android.syncmypix.SettingsActivity"]}, {"38b7c95a0492c6b5ddaa4c4e8af0fe2a": ["13", "com.nloko.android.syncmypix.SettingsActivity"]}, {"38b7c95a0492c6b5ddaa4c4e8af0fe2a": ["13", "com.nloko.android.syncmypix.SettingsActivity"]}, {"38b7c95a0492c6b5ddaa4c4e8af0fe2a": ["13", "com.nloko.android.syncmypix.SettingsActivity"]}, {"38b7c95a0492c6b5ddaa4c4e8af0fe2a": ["13", "com.nloko.android.syncmypix.SettingsActivity"]}, {"38b7c95a0492c6b5ddaa4c4e8af0fe2a": ["13", "com.nloko.android.syncmypix.SettingsActivity"]}, {"457047e17d6481f40a13cadec33a9f38": ["4", "com.nloko.android.syncmypix.SettingsActivity"]}, {"38b7c95a0492c6b5ddaa4c4e8af0fe2a": ["13", "com.nloko.android.syncmypix.SettingsActivity"]}, {"0a961169da5199aa4d81a3105f6922cc": ["5", "com.nloko.android.syncmypix.SettingsActivity"]}, {"38b7c95a0492c6b5ddaa4c4e8af0fe2a": ["13", "com.nloko.android.syncmypix.SettingsActivity"]}, {"38b7c95a0492c6b5ddaa4c4e8af0fe2a": ["13", "com.nloko.android.syncmypix.SettingsActivity"]}, {"38b7c95a0492c6b5ddaa4c4e8af0fe2a": ["13", "com.nloko.android.syncmypix.SettingsActivity"]}, {"38b7c95a0492c6b5ddaa4c4e8af0fe2a": ["13", "com.nloko.android.syncmypix.SettingsActivity"]}, {"457047e17d6481f40a13cadec33a9f38": ["4", "com.nloko.android.syncmypix.SettingsActivity"]}, {"38b7c95a0492c6b5ddaa4c4e8af0fe2a": ["13", "com.nloko.android.syncmypix.SettingsActivity"]}, {"50ecc73f29fe0f342a4ba99b8824e473": ["3", "com.nloko.android.syncmypix.SettingsActivity"]}, {"50ecc73f29fe0f342a4ba99b8824e473": ["3", "com.nloko.android.syncmypix.SettingsActivity"]}, {"50ecc73f29fe0f342a4ba99b8824e473": ["3", "com.nloko.android.syncmypix.SettingsActivity"]}, {"50ecc73f29fe0f342a4ba99b8824e473": ["3", "com.nloko.android.syncmypix.SettingsActivity"]}, {"50ecc73f29fe0f342a4ba99b8824e473": ["3", "com.nloko.android.syncmypix.SettingsActivity"]}, {"50ecc73f29fe0f342a4ba99b8824e473": ["3", "com.nloko.android.syncmypix.SettingsActivity"]}, {"50ecc73f29fe0f342a4ba99b8824e473": ["3", "com.nloko.android.syncmypix.SettingsActivity"]}, {"50ecc73f29fe0f342a4ba99b8824e473": ["3", "com.nloko.android.syncmypix.SettingsActivity"]}, {"457047e17d6481f40a13cadec33a9f38": ["4", "com.nloko.android.syncmypix.SettingsActivity"]}, {"50ecc73f29fe0f342a4ba99b8824e473": ["3", "com.nloko.android.syncmypix.SettingsActivity"]}, {"457047e17d6481f40a13cadec33a9f38": ["4", "com.nloko.android.syncmypix.SettingsActivity"]}, {"50ecc73f29fe0f342a4ba99b8824e473": ["3", "com.nloko.android.syncmypix.SettingsActivity"]}, {"457047e17d6481f40a13cadec33a9f38": ["4", "com.nloko.android.syncmypix.SettingsActivity"]}, {"50ecc73f29fe0f342a4ba99b8824e473": ["3", "com.nloko.android.syncmypix.SettingsActivity"]}, {"50ecc73f29fe0f342a4ba99b8824e473": ["3", "com.nloko.android.syncmypix.SettingsActivity"]}, {"457047e17d6481f40a13cadec33a9f38": ["4", "com.nloko.android.syncmypix.SettingsActivity"]}, {"50ecc73f29fe0f342a4ba99b8824e473": ["3", "com.nloko.android.syncmypix.SettingsActivity"]}, {"50ecc73f29fe0f342a4ba99b8824e473": ["3", "com.nloko.android.syncmypix.SettingsActivity"]}, {"50ecc73f29fe0f342a4ba99b8824e473": ["3", "com.nloko.android.syncmypix.SettingsActivity"]}, {"50ecc73f29fe0f342a4ba99b8824e473": ["3", "com.nloko.android.syncmypix.SettingsActivity"]}, {"50ecc73f29fe0f342a4ba99b8824e473": ["3", "com.nloko.android.syncmypix.SettingsActivity"]}, {"457047e17d6481f40a13cadec33a9f38": ["4", "com.nloko.android.syncmypix.SettingsActivity"]}, {"50ecc73f29fe0f342a4ba99b8824e473": ["3", "com.nloko.android.syncmypix.SettingsActivity"]}, {"50ecc73f29fe0f342a4ba99b8824e473": ["3", "com.nloko.android.syncmypix.SettingsActivity"]}, {"50ecc73f29fe0f342a4ba99b8824e473": ["3", "com.nloko.android.syncmypix.SettingsActivity"]}, {"457047e17d6481f40a13cadec33a9f38": ["4", "com.nloko.android.syncmypix.SettingsActivity"]}, {"50ecc73f29fe0f342a4ba99b8824e473": ["3", "com.nloko.android.syncmypix.SettingsActivity"]}, {"50ecc73f29fe0f342a4ba99b8824e473": ["3", "com.nloko.android.syncmypix.SettingsActivity"]}, {"50ecc73f29fe0f342a4ba99b8824e473": ["3", "com.nloko.android.syncmypix.SettingsActivity"]}, {"50ecc73f29fe0f342a4ba99b8824e473": ["3", "com.nloko.android.syncmypix.SettingsActivity"]}, {"50ecc73f29fe0f342a4ba99b8824e473": ["3", "com.nloko.android.syncmypix.SettingsActivity"]}, {"38b7c95a0492c6b5ddaa4c4e8af0fe2a": ["13", "com.nloko.android.syncmypix.SettingsActivity"]}, {"457047e17d6481f40a13cadec33a9f38": ["4", "com.nloko.android.syncmypix.SettingsActivity"]}, {"38b7c95a0492c6b5ddaa4c4e8af0fe2a": ["13", "com.nloko.android.syncmypix.SettingsActivity"]}, {"457047e17d6481f40a13cadec33a9f38": ["4", "com.nloko.android.syncmypix.SettingsActivity"]}, {"38b7c95a0492c6b5ddaa4c4e8af0fe2a": ["13", "com.nloko.android.syncmypix.SettingsActivity"]}, {"50ecc73f29fe0f342a4ba99b8824e473": ["3", "com.nloko.android.syncmypix.SettingsActivity"]}, {"50ecc73f29fe0f342a4ba99b8824e473": ["3", "com.nloko.android.syncmypix.SettingsActivity"]}, {"50ecc73f29fe0f342a4ba99b8824e473": ["3", "com.nloko.android.syncmypix.SettingsActivity"]}, {"0a961169da5199aa4d81a3105f6922cc": ["5", "com.nloko.android.syncmypix.SettingsActivity"]}, {"a66e7fab0f3f85a78ce650b7bd4baa68": ["1", "com.nloko.android.syncmypix.MainActivity"]}, {"50ecc73f29fe0f342a4ba99b8824e473": ["3", "com.nloko.android.syncmypix.SettingsActivity"]}, {"457047e17d6481f40a13cadec33a9f38": ["4", "com.nloko.android.syncmypix.SettingsActivity"]}, {"50ecc73f29fe0f342a4ba99b8824e473": ["3", "com.nloko.android.syncmypix.SettingsActivity"]}, {"38b7c95a0492c6b5ddaa4c4e8af0fe2a": ["13", "com.nloko.android.syncmypix.SettingsActivity"]}, {"457047e17d6481f40a13cadec33a9f38": ["4", "com.nloko.android.syncmypix.SettingsActivity"]}, {"38b7c95a0492c6b5ddaa4c4e8af0fe2a": ["13", "com.nloko.android.syncmypix.SettingsActivity"]}, {"38b7c95a0492c6b5ddaa4c4e8af0fe2a": ["13", "com.nloko.android.syncmypix.SettingsActivity"]}, {"38b7c95a0492c6b5ddaa4c4e8af0fe2a": ["13", "com.nloko.android.syncmypix.SettingsActivity"]}, {"38b7c95a0492c6b5ddaa4c4e8af0fe2a": ["13", "com.nloko.android.syncmypix.SettingsActivity"]}, {"38b7c95a0492c6b5ddaa4c4e8af0fe2a": ["13", "com.nloko.android.syncmypix.SettingsActivity"]}, {"38b7c95a0492c6b5ddaa4c4e8af0fe2a": ["13", "com.nloko.android.syncmypix.SettingsActivity"]}, {"38b7c95a0492c6b5ddaa4c4e8af0fe2a": ["13", "com.nloko.android.syncmypix.SettingsActivity"]}, {"38b7c95a0492c6b5ddaa4c4e8af0fe2a": ["13", "com.nloko.android.syncmypix.SettingsActivity"]}, {"38b7c95a0492c6b5ddaa4c4e8af0fe2a": ["13", "com.nloko.android.syncmypix.SettingsActivity"]}, {"457047e17d6481f40a13cadec33a9f38": ["4", "com.nloko.android.syncmypix.SettingsActivity"]}, {"38b7c95a0492c6b5ddaa4c4e8af0fe2a": ["13", "com.nloko.android.syncmypix.SettingsActivity"]}, {"38b7c95a0492c6b5ddaa4c4e8af0fe2a": ["13", "com.nloko.android.syncmypix.SettingsActivity"]}, {"38b7c95a0492c6b5ddaa4c4e8af0fe2a": ["13", "com.nloko.android.syncmypix.SettingsActivity"]}, {"38b7c95a0492c6b5ddaa4c4e8af0fe2a": ["13", "com.nloko.android.syncmypix.SettingsActivity"]}, {"38b7c95a0492c6b5ddaa4c4e8af0fe2a": ["13", "com.nloko.android.syncmypix.SettingsActivity"]}, {"50ecc73f29fe0f342a4ba99b8824e473": ["3", "com.nloko.android.syncmypix.SettingsActivity"]}, {"50ecc73f29fe0f342a4ba99b8824e473": ["3", "com.nloko.android.syncmypix.SettingsActivity"]}, {"50ecc73f29fe0f342a4ba99b8824e473": ["3", "com.nloko.android.syncmypix.SettingsActivity"]}, {"50ecc73f29fe0f342a4ba99b8824e473": ["3", "com.nloko.android.syncmypix.SettingsActivity"]}, {"50ecc73f29fe0f342a4ba99b8824e473": ["3", "com.nloko.android.syncmypix.SettingsActivity"]}, {"457047e17d6481f40a13cadec33a9f38": ["4", "com.nloko.android.syncmypix.SettingsActivity"]}, {"50ecc73f29fe0f342a4ba99b8824e473": ["3", "com.nloko.android.syncmypix.SettingsActivity"]}, {"457047e17d6481f40a13cadec33a9f38": ["4", "com.nloko.android.syncmypix.SettingsActivity"]}, {"50ecc73f29fe0f342a4ba99b8824e473": ["3", "com.nloko.android.syncmypix.SettingsActivity"]}, {"50ecc73f29fe0f342a4ba99b8824e473": ["3", "com.nloko.android.syncmypix.SettingsActivity"]}, {"457047e17d6481f40a13cadec33a9f38": ["4", "com.nloko.android.syncmypix.SettingsActivity"]}, {"50ecc73f29fe0f342a4ba99b8824e473": ["3", "com.nloko.android.syncmypix.SettingsActivity"]}, {"50ecc73f29fe0f342a4ba99b8824e473": ["3", "com.nloko.android.syncmypix.SettingsActivity"]}, {"50ecc73f29fe0f342a4ba99b8824e473": ["3", "com.nloko.android.syncmypix.SettingsActivity"]}, {"0a961169da5199aa4d81a3105f6922cc": ["5", "com.nloko.android.syncmypix.SettingsActivity"]}, {"50ecc73f29fe0f342a4ba99b8824e473": ["3", "com.nloko.android.syncmypix.SettingsActivity"]}, {"50ecc73f29fe0f342a4ba99b8824e473": ["3", "com.nloko.android.syncmypix.SettingsActivity"]}, {"50ecc73f29fe0f342a4ba99b8824e473": ["3", "com.nloko.android.syncmypix.SettingsActivity"]}, {"50ecc73f29fe0f342a4ba99b8824e473": ["3", "com.nloko.android.syncmypix.SettingsActivity"]}, {"50ecc73f29fe0f342a4ba99b8824e473": ["3", "com.nloko.android.syncmypix.SettingsActivity"]}, {"50ecc73f29fe0f342a4ba99b8824e473": ["3", "com.nloko.android.syncmypix.SettingsActivity"]}, {"38b7c95a0492c6b5ddaa4c4e8af0fe2a": ["13", "com.nloko.android.syncmypix.SettingsActivity"]}, {"50ecc73f29fe0f342a4ba99b8824e473": ["3", "com.nloko.android.syncmypix.SettingsActivity"]}, {"457047e17d6481f40a13cadec33a9f38": ["4", "com.nloko.android.syncmypix.SettingsActivity"]}, {"50ecc73f29fe0f342a4ba99b8824e473": ["3", "com.nloko.android.syncmypix.SettingsActivity"]}, {"457047e17d6481f40a13cadec33a9f38": ["4", "com.nloko.android.syncmypix.SettingsActivity"]}, {"50ecc73f29fe0f342a4ba99b8824e473": ["3", "com.nloko.android.syncmypix.SettingsActivity"]}, {"a66e7fab0f3f85a78ce650b7bd4baa68": ["1", "com.nloko.android.syncmypix.MainActivity"]}, {"9f186abbdbf2b28a77f268b3417eb8ad": ["6", "com.nloko.android.syncmypix.SyncResultsActivity"]}, {"a66e7fab0f3f85a78ce650b7bd4baa68": ["1", "com.nloko.android.syncmypix.MainActivity"]}, {"412c4421aa9ca6419404a2dcd4b598e1": ["0", "com.nloko.android.syncmypix.MainActivity"]}, {"412c4421aa9ca6419404a2dcd4b598e1": ["0", "com.nloko.android.syncmypix.MainActivity"]}, {"412c4421aa9ca6419404a2dcd4b598e1": ["0", "com.nloko.android.syncmypix.MainActivity"]}, {"412c4421aa9ca6419404a2dcd4b598e1": ["0", "com.nloko.android.syncmypix.MainActivity"]}, {"a66e7fab0f3f85a78ce650b7bd4baa68": ["1", "com.nloko.android.syncmypix.MainActivity"]}, {"412c4421aa9ca6419404a2dcd4b598e1": ["0", "com.nloko.android.syncmypix.MainActivity"]}, {"a66e7fab0f3f85a78ce650b7bd4baa68": ["1", "com.nloko.android.syncmypix.MainActivity"]}, {"b676cd8ac9d20dbb533d09621ea5dc5a": ["2", "com.nloko.android.syncmypix.MainActivity"]}, {"a66e7fab0f3f85a78ce650b7bd4baa68": ["1", "com.nloko.android.syncmypix.MainActivity"]}, {"b676cd8ac9d20dbb533d09621ea5dc5a": ["2", "com.nloko.android.syncmypix.MainActivity"]}, {"a66e7fab0f3f85a78ce650b7bd4baa68": ["1", "com.nloko.android.syncmypix.MainActivity"]}, {"a66e7fab0f3f85a78ce650b7bd4baa68": ["1", "com.nloko.android.syncmypix.MainActivity"]}, {"50ecc73f29fe0f342a4ba99b8824e473": ["3", "com.nloko.android.syncmypix.SettingsActivity"]}, {"457047e17d6481f40a13cadec33a9f38": ["4", "com.nloko.android.syncmypix.SettingsActivity"]}, {"50ecc73f29fe0f342a4ba99b8824e473": ["3", "com.nloko.android.syncmypix.SettingsActivity"]}, {"0a961169da5199aa4d81a3105f6922cc": ["5", "com.nloko.android.syncmypix.SettingsActivity"]}, {"50ecc73f29fe0f342a4ba99b8824e473": ["3", "com.nloko.android.syncmypix.SettingsActivity"]}, {"50ecc73f29fe0f342a4ba99b8824e473": ["3", "com.nloko.android.syncmypix.SettingsActivity"]}, {"50ecc73f29fe0f342a4ba99b8824e473": ["3", "com.nloko.android.syncmypix.SettingsActivity"]}, {"50ecc73f29fe0f342a4ba99b8824e473": ["3", "com.nloko.android.syncmypix.SettingsActivity"]}, {"457047e17d6481f40a13cadec33a9f38": ["4", "com.nloko.android.syncmypix.SettingsActivity"]}, {"50ecc73f29fe0f342a4ba99b8824e473": ["3", "com.nloko.android.syncmypix.SettingsActivity"]}, {"38b7c95a0492c6b5ddaa4c4e8af0fe2a": ["13", "com.nloko.android.syncmypix.SettingsActivity"]}, {"38b7c95a0492c6b5ddaa4c4e8af0fe2a": ["13", "com.nloko.android.syncmypix.SettingsActivity"]}, {"38b7c95a0492c6b5ddaa4c4e8af0fe2a": ["13", "com.nloko.android.syncmypix.SettingsActivity"]}, {"457047e17d6481f40a13cadec33a9f38": ["4", "com.nloko.android.syncmypix.SettingsActivity"]}, {"38b7c95a0492c6b5ddaa4c4e8af0fe2a": ["13", "com.nloko.android.syncmypix.SettingsActivity"]}, {"38b7c95a0492c6b5ddaa4c4e8af0fe2a": ["13", "com.nloko.android.syncmypix.SettingsActivity"]}, {"38b7c95a0492c6b5ddaa4c4e8af0fe2a": ["13", "com.nloko.android.syncmypix.SettingsActivity"]}, {"38b7c95a0492c6b5ddaa4c4e8af0fe2a": ["13", "com.nloko.android.syncmypix.SettingsActivity"]}, {"38b7c95a0492c6b5ddaa4c4e8af0fe2a": ["13", "com.nloko.android.syncmypix.SettingsActivity"]}, {"38b7c95a0492c6b5ddaa4c4e8af0fe2a": ["13", "com.nloko.android.syncmypix.SettingsActivity"]}, {"38b7c95a0492c6b5ddaa4c4e8af0fe2a": ["13", "com.nloko.android.syncmypix.SettingsActivity"]}, {"38b7c95a0492c6b5ddaa4c4e8af0fe2a": ["13", "com.nloko.android.syncmypix.SettingsActivity"]}, {"38b7c95a0492c6b5ddaa4c4e8af0fe2a": ["13", "com.nloko.android.syncmypix.SettingsActivity"]}, {"38b7c95a0492c6b5ddaa4c4e8af0fe2a": ["13", "com.nloko.android.syncmypix.SettingsActivity"]}, {"a66e7fab0f3f85a78ce650b7bd4baa68": ["1", "com.nloko.android.syncmypix.MainActivity"]}, {"412c4421aa9ca6419404a2dcd4b598e1": ["0", "com.nloko.android.syncmypix.MainActivity"]}, {"a66e7fab0f3f85a78ce650b7bd4baa68": ["1", "com.nloko.android.syncmypix.MainActivity"]}, {"412c4421aa9ca6419404a2dcd4b598e1": ["0", "com.nloko.android.syncmypix.MainActivity"]}, {"412c4421aa9ca6419404a2dcd4b598e1": ["0", "com.nloko.android.syncmypix.MainActivity"]}, {"412c4421aa9ca6419404a2dcd4b598e1": ["0", "com.nloko.android.syncmypix.MainActivity"]}, {"412c4421aa9ca6419404a2dcd4b598e1": ["0", "com.nloko.android.syncmypix.MainActivity"]}, {"412c4421aa9ca6419404a2dcd4b598e1": ["0", "com.nloko.android.syncmypix.MainActivity"]}, {"412c4421aa9ca6419404a2dcd4b598e1": ["0", "com.nloko.android.syncmypix.MainActivity"]}, {"412c4421aa9ca6419404a2dcd4b598e1": ["0", "com.nloko.android.syncmypix.MainActivity"]}, {"a66e7fab0f3f85a78ce650b7bd4baa68": ["1", "com.nloko.android.syncmypix.MainActivity"]}, {"b676cd8ac9d20dbb533d09621ea5dc5a": ["2", "com.nloko.android.syncmypix.MainActivity"]}, {"a66e7fab0f3f85a78ce650b7bd4baa68": ["1", "com.nloko.android.syncmypix.MainActivity"]}, {"b676cd8ac9d20dbb533d09621ea5dc5a": ["2", "com.nloko.android.syncmypix.MainActivity"]}, {"a66e7fab0f3f85a78ce650b7bd4baa68": ["1", "com.nloko.android.syncmypix.MainActivity"]}, {"412c4421aa9ca6419404a2dcd4b598e1": ["0", "com.nloko.android.syncmypix.MainActivity"]}, {"a66e7fab0f3f85a78ce650b7bd4baa68": ["1", "com.nloko.android.syncmypix.MainActivity"]}, {"a66e7fab0f3f85a78ce650b7bd4baa68": ["1", "com.nloko.android.syncmypix.MainActivity"]}, {"a66e7fab0f3f85a78ce650b7bd4baa68": ["1", "com.nloko.android.syncmypix.MainActivity"]}, {"a66e7fab0f3f85a78ce650b7bd4baa68": ["1", "com.nloko.android.syncmypix.MainActivity"]}, {"50ecc73f29fe0f342a4ba99b8824e473": ["3", "com.nloko.android.syncmypix.SettingsActivity"]}, {"50ecc73f29fe0f342a4ba99b8824e473": ["3", "com.nloko.android.syncmypix.SettingsActivity"]}, {"50ecc73f29fe0f342a4ba99b8824e473": ["3", "com.nloko.android.syncmypix.SettingsActivity"]}, {"50ecc73f29fe0f342a4ba99b8824e473": ["3", "com.nloko.android.syncmypix.SettingsActivity"]}, {"38b7c95a0492c6b5ddaa4c4e8af0fe2a": ["13", "com.nloko.android.syncmypix.SettingsActivity"]}, {"38b7c95a0492c6b5ddaa4c4e8af0fe2a": ["13", "com.nloko.android.syncmypix.SettingsActivity"]}, {"38b7c95a0492c6b5ddaa4c4e8af0fe2a": ["13", "com.nloko.android.syncmypix.SettingsActivity"]}, {"38b7c95a0492c6b5ddaa4c4e8af0fe2a": ["13", "com.nloko.android.syncmypix.SettingsActivity"]}, {"38b7c95a0492c6b5ddaa4c4e8af0fe2a": ["13", "com.nloko.android.syncmypix.SettingsActivity"]}, {"50ecc73f29fe0f342a4ba99b8824e473": ["3", "com.nloko.android.syncmypix.SettingsActivity"]}, {"0a961169da5199aa4d81a3105f6922cc": ["5", "com.nloko.android.syncmypix.SettingsActivity"]}, {"38b7c95a0492c6b5ddaa4c4e8af0fe2a": ["13", "com.nloko.android.syncmypix.SettingsActivity"]}, {"a66e7fab0f3f85a78ce650b7bd4baa68": ["1", "com.nloko.android.syncmypix.MainActivity"]}, {"9f186abbdbf2b28a77f268b3417eb8ad": ["6", "com.nloko.android.syncmypix.SyncResultsActivity"]}, {"a66e7fab0f3f85a78ce650b7bd4baa68": ["1", "com.nloko.android.syncmypix.MainActivity"]}, {"412c4421aa9ca6419404a2dcd4b598e1": ["0", "com.nloko.android.syncmypix.MainActivity"]}, {"412c4421aa9ca6419404a2dcd4b598e1": ["0", "com.nloko.android.syncmypix.MainActivity"]}, {"412c4421aa9ca6419404a2dcd4b598e1": ["0", "com.nloko.android.syncmypix.MainActivity"]}, {"a66e7fab0f3f85a78ce650b7bd4baa68": ["1", "com.nloko.android.syncmypix.MainActivity"]}, {"9f186abbdbf2b28a77f268b3417eb8ad": ["6", "com.nloko.android.syncmypix.SyncResultsActivity"]}, {"a66e7fab0f3f85a78ce650b7bd4baa68": ["1", "com.nloko.android.syncmypix.MainActivity"]}, {"9f186abbdbf2b28a77f268b3417eb8ad": ["6", "com.nloko.android.syncmypix.SyncResultsActivity"]}, {"59fec2ede172b4117308f086f1d94065": ["7", "com.nloko.android.syncmypix.SyncResultsActivity"]}, {"9f186abbdbf2b28a77f268b3417eb8ad": ["6", "com.nloko.android.syncmypix.SyncResultsActivity"]}, {"a66e7fab0f3f85a78ce650b7bd4baa68": ["1", "com.nloko.android.syncmypix.MainActivity"]}, {"a66e7fab0f3f85a78ce650b7bd4baa68": ["1", "com.nloko.android.syncmypix.MainActivity"]}, {"412c4421aa9ca6419404a2dcd4b598e1": ["0", "com.nloko.android.syncmypix.MainActivity"]}, {"412c4421aa9ca6419404a2dcd4b598e1": ["0", "com.nloko.android.syncmypix.MainActivity"]}, {"412c4421aa9ca6419404a2dcd4b598e1": ["0", "com.nloko.android.syncmypix.MainActivity"]}, {"412c4421aa9ca6419404a2dcd4b598e1": ["0", "com.nloko.android.syncmypix.MainActivity"]}, {"412c4421aa9ca6419404a2dcd4b598e1": ["0", "com.nloko.android.syncmypix.MainActivity"]}, {"a66e7fab0f3f85a78ce650b7bd4baa68": ["1", "com.nloko.android.syncmypix.MainActivity"]}, {"a66e7fab0f3f85a78ce650b7bd4baa68": ["1", "com.nloko.android.syncmypix.MainActivity"]}, {"a66e7fab0f3f85a78ce650b7bd4baa68": ["1", "com.nloko.android.syncmypix.MainActivity"]}, {"a66e7fab0f3f85a78ce650b7bd4baa68": ["1", "com.nloko.android.syncmypix.MainActivity"]}, {"9f186abbdbf2b28a77f268b3417eb8ad": ["6", "com.nloko.android.syncmypix.SyncResultsActivity"]}, {"a66e7fab0f3f85a78ce650b7bd4baa68": ["1", "com.nloko.android.syncmypix.MainActivity"]}, {"a66e7fab0f3f85a78ce650b7bd4baa68": ["1", "com.nloko.android.syncmypix.MainActivity"]}, {"9f186abbdbf2b28a77f268b3417eb8ad": ["6", "com.nloko.android.syncmypix.SyncResultsActivity"]}, {"59fec2ede172b4117308f086f1d94065": ["7", "com.nloko.android.syncmypix.SyncResultsActivity"]}, {"a66e7fab0f3f85a78ce650b7bd4baa68": ["1", "com.nloko.android.syncmypix.MainActivity"]}, {"a66e7fab0f3f85a78ce650b7bd4baa68": ["1", "com.nloko.android.syncmypix.MainActivity"]}, {"a66e7fab0f3f85a78ce650b7bd4baa68": ["1", "com.nloko.android.syncmypix.MainActivity"]}, {"a66e7fab0f3f85a78ce650b7bd4baa68": ["1", "com.nloko.android.syncmypix.MainActivity"]}, {"412c4421aa9ca6419404a2dcd4b598e1": ["0", "com.nloko.android.syncmypix.MainActivity"]}, {"412c4421aa9ca6419404a2dcd4b598e1": ["0", "com.nloko.android.syncmypix.MainActivity"]}, {"412c4421aa9ca6419404a2dcd4b598e1": ["0", "com.nloko.android.syncmypix.MainActivity"]}, {"412c4421aa9ca6419404a2dcd4b598e1": ["0", "com.nloko.android.syncmypix.MainActivity"]}, {"412c4421aa9ca6419404a2dcd4b598e1": ["0", "com.nloko.android.syncmypix.MainActivity"]}, {"412c4421aa9ca6419404a2dcd4b598e1": ["0", "com.nloko.android.syncmypix.MainActivity"]}, {"412c4421aa9ca6419404a2dcd4b598e1": ["0", "com.nloko.android.syncmypix.MainActivity"]}, {"412c4421aa9ca6419404a2dcd4b598e1": ["0", "com.nloko.android.syncmypix.MainActivity"]}, {"a66e7fab0f3f85a78ce650b7bd4baa68": ["1", "com.nloko.android.syncmypix.MainActivity"]}, {"2b19379c664b114326bbdb9b8e589a3a": ["10", "com.nloko.android.syncmypix.facebook.FacebookLoginWebView"]}, {"a66e7fab0f3f85a78ce650b7bd4baa68": ["1", "com.nloko.android.syncmypix.MainActivity"]}, {"412c4421aa9ca6419404a2dcd4b598e1": ["0", "com.nloko.android.syncmypix.MainActivity"]}, {"a66e7fab0f3f85a78ce650b7bd4baa68": ["1", "com.nloko.android.syncmypix.MainActivity"]}, {"9f186abbdbf2b28a77f268b3417eb8ad": ["6", "com.nloko.android.syncmypix.SyncResultsActivity"]}, {"a66e7fab0f3f85a78ce650b7bd4baa68": ["1", "com.nloko.android.syncmypix.MainActivity"]}, {"b676cd8ac9d20dbb533d09621ea5dc5a": ["2", "com.nloko.android.syncmypix.MainActivity"]}, {"a66e7fab0f3f85a78ce650b7bd4baa68": ["1", "com.nloko.android.syncmypix.MainActivity"]}, {"a66e7fab0f3f85a78ce650b7bd4baa68": ["1", "com.nloko.android.syncmypix.MainActivity"]}, {"a66e7fab0f3f85a78ce650b7bd4baa68": ["1", "com.nloko.android.syncmypix.MainActivity"]}, {"50ecc73f29fe0f342a4ba99b8824e473": ["3", "com.nloko.android.syncmypix.SettingsActivity"]}, {"50ecc73f29fe0f342a4ba99b8824e473": ["3", "com.nloko.android.syncmypix.SettingsActivity"]}, {"50ecc73f29fe0f342a4ba99b8824e473": ["3", "com.nloko.android.syncmypix.SettingsActivity"]}, {"38b7c95a0492c6b5ddaa4c4e8af0fe2a": ["13", "com.nloko.android.syncmypix.SettingsActivity"]}, {"38b7c95a0492c6b5ddaa4c4e8af0fe2a": ["13", "com.nloko.android.syncmypix.SettingsActivity"]}, {"50ecc73f29fe0f342a4ba99b8824e473": ["3", "com.nloko.android.syncmypix.SettingsActivity"]}, {"50ecc73f29fe0f342a4ba99b8824e473": ["3", "com.nloko.android.syncmypix.SettingsActivity"]}, {"50ecc73f29fe0f342a4ba99b8824e473": ["3", "com.nloko.android.syncmypix.SettingsActivity"]}, {"38b7c95a0492c6b5ddaa4c4e8af0fe2a": ["13", "com.nloko.android.syncmypix.SettingsActivity"]}, {"38b7c95a0492c6b5ddaa4c4e8af0fe2a": ["13", "com.nloko.android.syncmypix.SettingsActivity"]}, {"38b7c95a0492c6b5ddaa4c4e8af0fe2a": ["13", "com.nloko.android.syncmypix.SettingsActivity"]}, {"a66e7fab0f3f85a78ce650b7bd4baa68": ["1", "com.nloko.android.syncmypix.MainActivity"]}, {"50ecc73f29fe0f342a4ba99b8824e473": ["3", "com.nloko.android.syncmypix.SettingsActivity"]}, {"50ecc73f29fe0f342a4ba99b8824e473": ["3", "com.nloko.android.syncmypix.SettingsActivity"]}, {"50ecc73f29fe0f342a4ba99b8824e473": ["3", "com.nloko.android.syncmypix.SettingsActivity"]}, {"a66e7fab0f3f85a78ce650b7bd4baa68": ["1", "com.nloko.android.syncmypix.MainActivity"]}, {"a66e7fab0f3f85a78ce650b7bd4baa68": ["1", "com.nloko.android.syncmypix.MainActivity"]}, {"a66e7fab0f3f85a78ce650b7bd4baa68": ["1", "com.nloko.android.syncmypix.MainActivity"]}, {"a66e7fab0f3f85a78ce650b7bd4baa68": ["1", "com.nloko.android.syncmypix.MainActivity"]}, {"b676cd8ac9d20dbb533d09621ea5dc5a": ["2", "com.nloko.android.syncmypix.MainActivity"]}, {"a66e7fab0f3f85a78ce650b7bd4baa68": ["1", "com.nloko.android.syncmypix.MainActivity"]}, {"a66e7fab0f3f85a78ce650b7bd4baa68": ["1", "com.nloko.android.syncmypix.MainActivity"]}, {"a66e7fab0f3f85a78ce650b7bd4baa68": ["1", "com.nloko.android.syncmypix.MainActivity"]}, {"b676cd8ac9d20dbb533d09621ea5dc5a": ["2", "com.nloko.android.syncmypix.MainActivity"]}, {"a66e7fab0f3f85a78ce650b7bd4baa68": ["1", "com.nloko.android.syncmypix.MainActivity"]}, {"b676cd8ac9d20dbb533d09621ea5dc5a": ["2", "com.nloko.android.syncmypix.MainActivity"]}, {"a66e7fab0f3f85a78ce650b7bd4baa68": ["1", "com.nloko.android.syncmypix.MainActivity"]}, {"a66e7fab0f3f85a78ce650b7bd4baa68": ["1", "com.nloko.android.syncmypix.MainActivity"]}, {"412c4421aa9ca6419404a2dcd4b598e1": ["0", "com.nloko.android.syncmypix.MainActivity"]}, {"a66e7fab0f3f85a78ce650b7bd4baa68": ["1", "com.nloko.android.syncmypix.MainActivity"]}, {"a66e7fab0f3f85a78ce650b7bd4baa68": ["1", "com.nloko.android.syncmypix.MainActivity"]}, {"b676cd8ac9d20dbb533d09621ea5dc5a": ["2", "com.nloko.android.syncmypix.MainActivity"]}, {"a66e7fab0f3f85a78ce650b7bd4baa68": ["1", "com.nloko.android.syncmypix.MainActivity"]}, {"b676cd8ac9d20dbb533d09621ea5dc5a": ["2", "com.nloko.android.syncmypix.MainActivity"]}, {"a66e7fab0f3f85a78ce650b7bd4baa68": ["1", "com.nloko.android.syncmypix.MainActivity"]}, {"50ecc73f29fe0f342a4ba99b8824e473": ["3", "com.nloko.android.syncmypix.SettingsActivity"]}, {"457047e17d6481f40a13cadec33a9f38": ["4", "com.nloko.android.syncmypix.SettingsActivity"]}, {"50ecc73f29fe0f342a4ba99b8824e473": ["3", "com.nloko.android.syncmypix.SettingsActivity"]}, {"50ecc73f29fe0f342a4ba99b8824e473": ["3", "com.nloko.android.syncmypix.SettingsActivity"]}, {"50ecc73f29fe0f342a4ba99b8824e473": ["3", "com.nloko.android.syncmypix.SettingsActivity"]}, {"50ecc73f29fe0f342a4ba99b8824e473": ["3", "com.nloko.android.syncmypix.SettingsActivity"]}, {"50ecc73f29fe0f342a4ba99b8824e473": ["3", "com.nloko.android.syncmypix.SettingsActivity"]}, {"50ecc73f29fe0f342a4ba99b8824e473": ["3", "com.nloko.android.syncmypix.SettingsActivity"]}, {"50ecc73f29fe0f342a4ba99b8824e473": ["3", "com.nloko.android.syncmypix.SettingsActivity"]}, {"50ecc73f29fe0f342a4ba99b8824e473": ["3", "com.nloko.android.syncmypix.SettingsActivity"]}, {"50ecc73f29fe0f342a4ba99b8824e473": ["3", "com.nloko.android.syncmypix.SettingsActivity"]}, {"50ecc73f29fe0f342a4ba99b8824e473": ["3", "com.nloko.android.syncmypix.SettingsActivity"]}, {"457047e17d6481f40a13cadec33a9f38": ["4", "com.nloko.android.syncmypix.SettingsActivity"]}, {"50ecc73f29fe0f342a4ba99b8824e473": ["3", "com.nloko.android.syncmypix.SettingsActivity"]}, {"a66e7fab0f3f85a78ce650b7bd4baa68": ["1", "com.nloko.android.syncmypix.MainActivity"]}, {"a66e7fab0f3f85a78ce650b7bd4baa68": ["1", "com.nloko.android.syncmypix.MainActivity"]}, {"412c4421aa9ca6419404a2dcd4b598e1": ["0", "com.nloko.android.syncmypix.MainActivity"]}, {"a66e7fab0f3f85a78ce650b7bd4baa68": ["1", "com.nloko.android.syncmypix.MainActivity"]}, {"b676cd8ac9d20dbb533d09621ea5dc5a": ["2", "com.nloko.android.syncmypix.MainActivity"]}, {"a66e7fab0f3f85a78ce650b7bd4baa68": ["1", "com.nloko.android.syncmypix.MainActivity"]}, {"b676cd8ac9d20dbb533d09621ea5dc5a": ["2", "com.nloko.android.syncmypix.MainActivity"]}, {"a66e7fab0f3f85a78ce650b7bd4baa68": ["1", "com.nloko.android.syncmypix.MainActivity"]}, {"b676cd8ac9d20dbb533d09621ea5dc5a": ["2", "com.nloko.android.syncmypix.MainActivity"]}, {"a66e7fab0f3f85a78ce650b7bd4baa68": ["1", "com.nloko.android.syncmypix.MainActivity"]}, {"a66e7fab0f3f85a78ce650b7bd4baa68": ["1", "com.nloko.android.syncmypix.MainActivity"]}, {"a66e7fab0f3f85a78ce650b7bd4baa68": ["1", "com.nloko.android.syncmypix.MainActivity"]}, {"412c4421aa9ca6419404a2dcd4b598e1": ["0", "com.nloko.android.syncmypix.MainActivity"]}, {"a66e7fab0f3f85a78ce650b7bd4baa68": ["1", "com.nloko.android.syncmypix.MainActivity"]}, {"412c4421aa9ca6419404a2dcd4b598e1": ["0", "com.nloko.android.syncmypix.MainActivity"]}, {"a66e7fab0f3f85a78ce650b7bd4baa68": ["1", "com.nloko.android.syncmypix.MainActivity"]}, {"412c4421aa9ca6419404a2dcd4b598e1": ["0", "com.nloko.android.syncmypix.MainActivity"]}, {"412c4421aa9ca6419404a2dcd4b598e1": ["0", "com.nloko.android.syncmypix.MainActivity"]}, {"a66e7fab0f3f85a78ce650b7bd4baa68": ["1", "com.nloko.android.syncmypix.MainActivity"]}, {"b676cd8ac9d20dbb533d09621ea5dc5a": ["2", "com.nloko.android.syncmypix.MainActivity"]}, {"a66e7fab0f3f85a78ce650b7bd4baa68": ["1", "com.nloko.android.syncmypix.MainActivity"]}, {"a66e7fab0f3f85a78ce650b7bd4baa68": ["1", "com.nloko.android.syncmypix.MainActivity"]}, {"412c4421aa9ca6419404a2dcd4b598e1": ["0", "com.nloko.android.syncmypix.MainActivity"]}, {"a66e7fab0f3f85a78ce650b7bd4baa68": ["1", "com.nloko.android.syncmypix.MainActivity"]}, {"412c4421aa9ca6419404a2dcd4b598e1": ["0", "com.nloko.android.syncmypix.MainActivity"]}, {"412c4421aa9ca6419404a2dcd4b598e1": ["0", "com.nloko.android.syncmypix.MainActivity"]}, {"412c4421aa9ca6419404a2dcd4b598e1": ["0", "com.nloko.android.syncmypix.MainActivity"]}, {"412c4421aa9ca6419404a2dcd4b598e1": ["0", "com.nloko.android.syncmypix.MainActivity"]}, {"412c4421aa9ca6419404a2dcd4b598e1": ["0", "com.nloko.android.syncmypix.MainActivity"]}, {"412c4421aa9ca6419404a2dcd4b598e1": ["0", "com.nloko.android.syncmypix.MainActivity"]}, {"a66e7fab0f3f85a78ce650b7bd4baa68": ["1", "com.nloko.android.syncmypix.MainActivity"]}, {"50ecc73f29fe0f342a4ba99b8824e473": ["3", "com.nloko.android.syncmypix.SettingsActivity"]}, {"50ecc73f29fe0f342a4ba99b8824e473": ["3", "com.nloko.android.syncmypix.SettingsActivity"]}, {"50ecc73f29fe0f342a4ba99b8824e473": ["3", "com.nloko.android.syncmypix.SettingsActivity"]}, {"50ecc73f29fe0f342a4ba99b8824e473": ["3", "com.nloko.android.syncmypix.SettingsActivity"]}, {"0a961169da5199aa4d81a3105f6922cc": ["5", "com.nloko.android.syncmypix.SettingsActivity"]}, {"50ecc73f29fe0f342a4ba99b8824e473": ["3", "com.nloko.android.syncmypix.SettingsActivity"]}, {"50ecc73f29fe0f342a4ba99b8824e473": ["3", "com.nloko.android.syncmypix.SettingsActivity"]}, {"38b7c95a0492c6b5ddaa4c4e8af0fe2a": ["13", "com.nloko.android.syncmypix.SettingsActivity"]}, {"38b7c95a0492c6b5ddaa4c4e8af0fe2a": ["13", "com.nloko.android.syncmypix.SettingsActivity"]}, {"38b7c95a0492c6b5ddaa4c4e8af0fe2a": ["13", "com.nloko.android.syncmypix.SettingsActivity"]}, {"38b7c95a0492c6b5ddaa4c4e8af0fe2a": ["13", "com.nloko.android.syncmypix.SettingsActivity"]}, {"38b7c95a0492c6b5ddaa4c4e8af0fe2a": ["13", "com.nloko.android.syncmypix.SettingsActivity"]}, {"38b7c95a0492c6b5ddaa4c4e8af0fe2a": ["13", "com.nloko.android.syncmypix.SettingsActivity"]}, {"38b7c95a0492c6b5ddaa4c4e8af0fe2a": ["13", "com.nloko.android.syncmypix.SettingsActivity"]}, {"38b7c95a0492c6b5ddaa4c4e8af0fe2a": ["13", "com.nloko.android.syncmypix.SettingsActivity"]}, {"38b7c95a0492c6b5ddaa4c4e8af0fe2a": ["13", "com.nloko.android.syncmypix.SettingsActivity"]}, {"457047e17d6481f40a13cadec33a9f38": ["4", "com.nloko.android.syncmypix.SettingsActivity"]}, {"38b7c95a0492c6b5ddaa4c4e8af0fe2a": ["13", "com.nloko.android.syncmypix.SettingsActivity"]}, {"38b7c95a0492c6b5ddaa4c4e8af0fe2a": ["13", "com.nloko.android.syncmypix.SettingsActivity"]}, {"38b7c95a0492c6b5ddaa4c4e8af0fe2a": ["13", "com.nloko.android.syncmypix.SettingsActivity"]}, {"38b7c95a0492c6b5ddaa4c4e8af0fe2a": ["13", "com.nloko.android.syncmypix.SettingsActivity"]}, {"38b7c95a0492c6b5ddaa4c4e8af0fe2a": ["13", "com.nloko.android.syncmypix.SettingsActivity"]}, {"38b7c95a0492c6b5ddaa4c4e8af0fe2a": ["13", "com.nloko.android.syncmypix.SettingsActivity"]}, {"38b7c95a0492c6b5ddaa4c4e8af0fe2a": ["13", "com.nloko.android.syncmypix.SettingsActivity"]}, {"38b7c95a0492c6b5ddaa4c4e8af0fe2a": ["13", "com.nloko.android.syncmypix.SettingsActivity"]}, {"50ecc73f29fe0f342a4ba99b8824e473": ["3", "com.nloko.android.syncmypix.SettingsActivity"]}, {"50ecc73f29fe0f342a4ba99b8824e473": ["3", "com.nloko.android.syncmypix.SettingsActivity"]}, {"50ecc73f29fe0f342a4ba99b8824e473": ["3", "com.nloko.android.syncmypix.SettingsActivity"]}, {"50ecc73f29fe0f342a4ba99b8824e473": ["3", "com.nloko.android.syncmypix.SettingsActivity"]}, {"50ecc73f29fe0f342a4ba99b8824e473": ["3", "com.nloko.android.syncmypix.SettingsActivity"]}, {"50ecc73f29fe0f342a4ba99b8824e473": ["3", "com.nloko.android.syncmypix.SettingsActivity"]}, {"50ecc73f29fe0f342a4ba99b8824e473": ["3", "com.nloko.android.syncmypix.SettingsActivity"]}, {"50ecc73f29fe0f342a4ba99b8824e473": ["3", "com.nloko.android.syncmypix.SettingsActivity"]}, {"0a961169da5199aa4d81a3105f6922cc": ["5", "com.nloko.android.syncmypix.SettingsActivity"]}, {"50ecc73f29fe0f342a4ba99b8824e473": ["3", "com.nloko.android.syncmypix.SettingsActivity"]}, {"50ecc73f29fe0f342a4ba99b8824e473": ["3", "com.nloko.android.syncmypix.SettingsActivity"]}, {"50ecc73f29fe0f342a4ba99b8824e473": ["3", "com.nloko.android.syncmypix.SettingsActivity"]}, {"50ecc73f29fe0f342a4ba99b8824e473": ["3", "com.nloko.android.syncmypix.SettingsActivity"]}, {"50ecc73f29fe0f342a4ba99b8824e473": ["3", "com.nloko.android.syncmypix.SettingsActivity"]}, {"50ecc73f29fe0f342a4ba99b8824e473": ["3", "com.nloko.android.syncmypix.SettingsActivity"]}, {"50ecc73f29fe0f342a4ba99b8824e473": ["3", "com.nloko.android.syncmypix.SettingsActivity"]}, {"50ecc73f29fe0f342a4ba99b8824e473": ["3", "com.nloko.android.syncmypix.SettingsActivity"]}, {"50ecc73f29fe0f342a4ba99b8824e473": ["3", "com.nloko.android.syncmypix.SettingsActivity"]}, {"50ecc73f29fe0f342a4ba99b8824e473": ["3", "com.nloko.android.syncmypix.SettingsActivity"]}, {"50ecc73f29fe0f342a4ba99b8824e473": ["3", "com.nloko.android.syncmypix.SettingsActivity"]}, {"50ecc73f29fe0f342a4ba99b8824e473": ["3", "com.nloko.android.syncmypix.SettingsActivity"]}, {"50ecc73f29fe0f342a4ba99b8824e473": ["3", "com.nloko.android.syncmypix.SettingsActivity"]}, {"50ecc73f29fe0f342a4ba99b8824e473": ["3", "com.nloko.android.syncmypix.SettingsActivity"]}, {"50ecc73f29fe0f342a4ba99b8824e473": ["3", "com.nloko.android.syncmypix.SettingsActivity"]}, {"50ecc73f29fe0f342a4ba99b8824e473": ["3", "com.nloko.android.syncmypix.SettingsActivity"]}, {"50ecc73f29fe0f342a4ba99b8824e473": ["3", "com.nloko.android.syncmypix.SettingsActivity"]}, {"38b7c95a0492c6b5ddaa4c4e8af0fe2a": ["13", "com.nloko.android.syncmypix.SettingsActivity"]}, {"38b7c95a0492c6b5ddaa4c4e8af0fe2a": ["13", "com.nloko.android.syncmypix.SettingsActivity"]}, {"38b7c95a0492c6b5ddaa4c4e8af0fe2a": ["13", "com.nloko.android.syncmypix.SettingsActivity"]}, {"38b7c95a0492c6b5ddaa4c4e8af0fe2a": ["13", "com.nloko.android.syncmypix.SettingsActivity"]}, {"38b7c95a0492c6b5ddaa4c4e8af0fe2a": ["13", "com.nloko.android.syncmypix.SettingsActivity"]}, {"38b7c95a0492c6b5ddaa4c4e8af0fe2a": ["13", "com.nloko.android.syncmypix.SettingsActivity"]}, {"457047e17d6481f40a13cadec33a9f38": ["4", "com.nloko.android.syncmypix.SettingsActivity"]}, {"38b7c95a0492c6b5ddaa4c4e8af0fe2a": ["13", "com.nloko.android.syncmypix.SettingsActivity"]}, {"38b7c95a0492c6b5ddaa4c4e8af0fe2a": ["13", "com.nloko.android.syncmypix.SettingsActivity"]}, {"38b7c95a0492c6b5ddaa4c4e8af0fe2a": ["13", "com.nloko.android.syncmypix.SettingsActivity"]}, {"38b7c95a0492c6b5ddaa4c4e8af0fe2a": ["13", "com.nloko.android.syncmypix.SettingsActivity"]}, {"38b7c95a0492c6b5ddaa4c4e8af0fe2a": ["13", "com.nloko.android.syncmypix.SettingsActivity"]}, {"38b7c95a0492c6b5ddaa4c4e8af0fe2a": ["13", "com.nloko.android.syncmypix.SettingsActivity"]}, {"38b7c95a0492c6b5ddaa4c4e8af0fe2a": ["13", "com.nloko.android.syncmypix.SettingsActivity"]}, {"38b7c95a0492c6b5ddaa4c4e8af0fe2a": ["13", "com.nloko.android.syncmypix.SettingsActivity"]}, {"38b7c95a0492c6b5ddaa4c4e8af0fe2a": ["13", "com.nloko.android.syncmypix.SettingsActivity"]}, {"38b7c95a0492c6b5ddaa4c4e8af0fe2a": ["13", "com.nloko.android.syncmypix.SettingsActivity"]}, {"38b7c95a0492c6b5ddaa4c4e8af0fe2a": ["13", "com.nloko.android.syncmypix.SettingsActivity"]}, {"38b7c95a0492c6b5ddaa4c4e8af0fe2a": ["13", "com.nloko.android.syncmypix.SettingsActivity"]}, {"38b7c95a0492c6b5ddaa4c4e8af0fe2a": ["13", "com.nloko.android.syncmypix.SettingsActivity"]}, {"38b7c95a0492c6b5ddaa4c4e8af0fe2a": ["13", "com.nloko.android.syncmypix.SettingsActivity"]}, {"a66e7fab0f3f85a78ce650b7bd4baa68": ["1", "com.nloko.android.syncmypix.MainActivity"]}, {"9f186abbdbf2b28a77f268b3417eb8ad": ["6", "com.nloko.android.syncmypix.SyncResultsActivity"]}, {"a66e7fab0f3f85a78ce650b7bd4baa68": ["1", "com.nloko.android.syncmypix.MainActivity"]}, {"50ecc73f29fe0f342a4ba99b8824e473": ["3", "com.nloko.android.syncmypix.SettingsActivity"]}, {"50ecc73f29fe0f342a4ba99b8824e473": ["3", "com.nloko.android.syncmypix.SettingsActivity"]}, {"50ecc73f29fe0f342a4ba99b8824e473": ["3", "com.nloko.android.syncmypix.SettingsActivity"]}, {"457047e17d6481f40a13cadec33a9f38": ["4", "com.nloko.android.syncmypix.SettingsActivity"]}, {"a66e7fab0f3f85a78ce650b7bd4baa68": ["1", "com.nloko.android.syncmypix.MainActivity"]}, {"412c4421aa9ca6419404a2dcd4b598e1": ["0", "com.nloko.android.syncmypix.MainActivity"]}, {"412c4421aa9ca6419404a2dcd4b598e1": ["0", "com.nloko.android.syncmypix.MainActivity"]}, {"412c4421aa9ca6419404a2dcd4b598e1": ["0", "com.nloko.android.syncmypix.MainActivity"]}, {"a66e7fab0f3f85a78ce650b7bd4baa68": ["1", "com.nloko.android.syncmypix.MainActivity"]}, {"a66e7fab0f3f85a78ce650b7bd4baa68": ["1", "com.nloko.android.syncmypix.MainActivity"]}, {"412c4421aa9ca6419404a2dcd4b598e1": ["0", "com.nloko.android.syncmypix.MainActivity"]}, {"a66e7fab0f3f85a78ce650b7bd4baa68": ["1", "com.nloko.android.syncmypix.MainActivity"]}, {"a66e7fab0f3f85a78ce650b7bd4baa68": ["1", "com.nloko.android.syncmypix.MainActivity"]}, {"9f186abbdbf2b28a77f268b3417eb8ad": ["6", "com.nloko.android.syncmypix.SyncResultsActivity"]}, {"59fec2ede172b4117308f086f1d94065": ["7", "com.nloko.android.syncmypix.SyncResultsActivity"]}, {"a66e7fab0f3f85a78ce650b7bd4baa68": ["1", "com.nloko.android.syncmypix.MainActivity"]}, {"a66e7fab0f3f85a78ce650b7bd4baa68": ["1", "com.nloko.android.syncmypix.MainActivity"]}, {"a66e7fab0f3f85a78ce650b7bd4baa68": ["1", "com.nloko.android.syncmypix.MainActivity"]}, {"a66e7fab0f3f85a78ce650b7bd4baa68": ["1", "com.nloko.android.syncmypix.MainActivity"]}, {"412c4421aa9ca6419404a2dcd4b598e1": ["0", "com.nloko.android.syncmypix.MainActivity"]}, {"a66e7fab0f3f85a78ce650b7bd4baa68": ["1", "com.nloko.android.syncmypix.MainActivity"]}, {"a66e7fab0f3f85a78ce650b7bd4baa68": ["1", "com.nloko.android.syncmypix.MainActivity"]}, {"a66e7fab0f3f85a78ce650b7bd4baa68": ["1", "com.nloko.android.syncmypix.MainActivity"]}, {"9f186abbdbf2b28a77f268b3417eb8ad": ["6", "com.nloko.android.syncmypix.SyncResultsActivity"]}, {"59fec2ede172b4117308f086f1d94065": ["7", "com.nloko.android.syncmypix.SyncResultsActivity"]}, {"9f186abbdbf2b28a77f268b3417eb8ad": ["6", "com.nloko.android.syncmypix.SyncResultsActivity"]}, {"a66e7fab0f3f85a78ce650b7bd4baa68": ["1", "com.nloko.android.syncmypix.MainActivity"]}, {"a66e7fab0f3f85a78ce650b7bd4baa68": ["1", "com.nloko.android.syncmypix.MainActivity"]}, {"b676cd8ac9d20dbb533d09621ea5dc5a": ["2", "com.nloko.android.syncmypix.MainActivity"]}, {"a66e7fab0f3f85a78ce650b7bd4baa68": ["1", "com.nloko.android.syncmypix.MainActivity"]}, {"50ecc73f29fe0f342a4ba99b8824e473": ["3", "com.nloko.android.syncmypix.SettingsActivity"]}, {"50ecc73f29fe0f342a4ba99b8824e473": ["3", "com.nloko.android.syncmypix.SettingsActivity"]}, {"50ecc73f29fe0f342a4ba99b8824e473": ["3", "com.nloko.android.syncmypix.SettingsActivity"]}, {"50ecc73f29fe0f342a4ba99b8824e473": ["3", "com.nloko.android.syncmypix.SettingsActivity"]}, {"50ecc73f29fe0f342a4ba99b8824e473": ["3", "com.nloko.android.syncmypix.SettingsActivity"]}, {"0a961169da5199aa4d81a3105f6922cc": ["5", "com.nloko.android.syncmypix.SettingsActivity"]}, {"a66e7fab0f3f85a78ce650b7bd4baa68": ["1", "com.nloko.android.syncmypix.MainActivity"]}, {"a66e7fab0f3f85a78ce650b7bd4baa68": ["1", "com.nloko.android.syncmypix.MainActivity"]}, {"412c4421aa9ca6419404a2dcd4b598e1": ["0", "com.nloko.android.syncmypix.MainActivity"]}, {"412c4421aa9ca6419404a2dcd4b598e1": ["0", "com.nloko.android.syncmypix.MainActivity"]}, {"412c4421aa9ca6419404a2dcd4b598e1": ["0", "com.nloko.android.syncmypix.MainActivity"]}, {"412c4421aa9ca6419404a2dcd4b598e1": ["0", "com.nloko.android.syncmypix.MainActivity"]}, {"412c4421aa9ca6419404a2dcd4b598e1": ["0", "com.nloko.android.syncmypix.MainActivity"]}, {"412c4421aa9ca6419404a2dcd4b598e1": ["0", "com.nloko.android.syncmypix.MainActivity"]}, {"412c4421aa9ca6419404a2dcd4b598e1": ["0", "com.nloko.android.syncmypix.MainActivity"]}, {"a66e7fab0f3f85a78ce650b7bd4baa68": ["1", "com.nloko.android.syncmypix.MainActivity"]}, {"50ecc73f29fe0f342a4ba99b8824e473": ["3", "com.nloko.android.syncmypix.SettingsActivity"]}, {"50ecc73f29fe0f342a4ba99b8824e473": ["3", "com.nloko.android.syncmypix.SettingsActivity"]}, {"50ecc73f29fe0f342a4ba99b8824e473": ["3", "com.nloko.android.syncmypix.SettingsActivity"]}, {"0a961169da5199aa4d81a3105f6922cc": ["5", "com.nloko.android.syncmypix.SettingsActivity"]}, {"50ecc73f29fe0f342a4ba99b8824e473": ["3", "com.nloko.android.syncmypix.SettingsActivity"]}, {"38b7c95a0492c6b5ddaa4c4e8af0fe2a": ["13", "com.nloko.android.syncmypix.SettingsActivity"]}, {"50ecc73f29fe0f342a4ba99b8824e473": ["3", "com.nloko.android.syncmypix.SettingsActivity"]}, {"50ecc73f29fe0f342a4ba99b8824e473": ["3", "com.nloko.android.syncmypix.SettingsActivity"]}, {"50ecc73f29fe0f342a4ba99b8824e473": ["3", "com.nloko.android.syncmypix.SettingsActivity"]}, {"38b7c95a0492c6b5ddaa4c4e8af0fe2a": ["13", "com.nloko.android.syncmypix.SettingsActivity"]}, {"38b7c95a0492c6b5ddaa4c4e8af0fe2a": ["13", "com.nloko.android.syncmypix.SettingsActivity"]}, {"457047e17d6481f40a13cadec33a9f38": ["4", "com.nloko.android.syncmypix.SettingsActivity"]}, {"38b7c95a0492c6b5ddaa4c4e8af0fe2a": ["13", "com.nloko.android.syncmypix.SettingsActivity"]}, {"a66e7fab0f3f85a78ce650b7bd4baa68": ["1", "com.nloko.android.syncmypix.MainActivity"]}, {"412c4421aa9ca6419404a2dcd4b598e1": ["0", "com.nloko.android.syncmypix.MainActivity"]}, {"412c4421aa9ca6419404a2dcd4b598e1": ["0", "com.nloko.android.syncmypix.MainActivity"]}, {"412c4421aa9ca6419404a2dcd4b598e1": ["0", "com.nloko.android.syncmypix.MainActivity"]}, {"412c4421aa9ca6419404a2dcd4b598e1": ["0", "com.nloko.android.syncmypix.MainActivity"]}, {"a66e7fab0f3f85a78ce650b7bd4baa68": ["1", "com.nloko.android.syncmypix.MainActivity"]}, {"9f186abbdbf2b28a77f268b3417eb8ad": ["6", "com.nloko.android.syncmypix.SyncResultsActivity"]}, {"59fec2ede172b4117308f086f1d94065": ["7", "com.nloko.android.syncmypix.SyncResultsActivity"]}, {"a66e7fab0f3f85a78ce650b7bd4baa68": ["1", "com.nloko.android.syncmypix.MainActivity"]}, {"412c4421aa9ca6419404a2dcd4b598e1": ["0", "com.nloko.android.syncmypix.MainActivity"]}]