[{"3871e4fa130b3d6dc1b8673804c0beca": ["0", "com.beust.android.translate.TranslateActivity"]}, {"3871e4fa130b3d6dc1b8673804c0beca": ["0", "com.beust.android.translate.TranslateActivity"]}, {"3871e4fa130b3d6dc1b8673804c0beca": ["0", "com.beust.android.translate.TranslateActivity"]}, {"3871e4fa130b3d6dc1b8673804c0beca": ["0", "com.beust.android.translate.TranslateActivity"]}, {"3871e4fa130b3d6dc1b8673804c0beca": ["0", "com.beust.android.translate.TranslateActivity"]}, {"3871e4fa130b3d6dc1b8673804c0beca": ["0", "com.beust.android.translate.TranslateActivity"]}, {"3871e4fa130b3d6dc1b8673804c0beca": ["0", "com.beust.android.translate.TranslateActivity"]}, {"3871e4fa130b3d6dc1b8673804c0beca": ["0", "com.beust.android.translate.TranslateActivity"]}, {"3871e4fa130b3d6dc1b8673804c0beca": ["0", "com.beust.android.translate.TranslateActivity"]}, {"3871e4fa130b3d6dc1b8673804c0beca": ["0", "com.beust.android.translate.TranslateActivity"]}, {"3871e4fa130b3d6dc1b8673804c0beca": ["0", "com.beust.android.translate.TranslateActivity"]}, {"3871e4fa130b3d6dc1b8673804c0beca": ["0", "com.beust.android.translate.TranslateActivity"]}, {"3871e4fa130b3d6dc1b8673804c0beca": ["0", "com.beust.android.translate.TranslateActivity"]}, {"3871e4fa130b3d6dc1b8673804c0beca": ["0", "com.beust.android.translate.TranslateActivity"]}, {"3871e4fa130b3d6dc1b8673804c0beca": ["0", "com.beust.android.translate.TranslateActivity"]}, {"3871e4fa130b3d6dc1b8673804c0beca": ["0", "com.beust.android.translate.TranslateActivity"]}, {"3871e4fa130b3d6dc1b8673804c0beca": ["0", "com.beust.android.translate.TranslateActivity"]}, {"3871e4fa130b3d6dc1b8673804c0beca": ["0", "com.beust.android.translate.TranslateActivity"]}, {"3871e4fa130b3d6dc1b8673804c0beca": ["0", "com.beust.android.translate.TranslateActivity"]}, {"3871e4fa130b3d6dc1b8673804c0beca": ["0", "com.beust.android.translate.TranslateActivity"]}, {"3871e4fa130b3d6dc1b8673804c0beca": ["0", "com.beust.android.translate.TranslateActivity"]}, {"3871e4fa130b3d6dc1b8673804c0beca": ["0", "com.beust.android.translate.TranslateActivity"]}, {"3871e4fa130b3d6dc1b8673804c0beca": ["0", "com.beust.android.translate.TranslateActivity"]}, {"3871e4fa130b3d6dc1b8673804c0beca": ["0", "com.beust.android.translate.TranslateActivity"]}, {"3871e4fa130b3d6dc1b8673804c0beca": ["0", "com.beust.android.translate.TranslateActivity"]}, {"3871e4fa130b3d6dc1b8673804c0beca": ["0", "com.beust.android.translate.TranslateActivity"]}, {"3871e4fa130b3d6dc1b8673804c0beca": ["0", "com.beust.android.translate.TranslateActivity"]}, {"3871e4fa130b3d6dc1b8673804c0beca": ["0", "com.beust.android.translate.TranslateActivity"]}, {"3871e4fa130b3d6dc1b8673804c0beca": ["0", "com.beust.android.translate.TranslateActivity"]}, {"3871e4fa130b3d6dc1b8673804c0beca": ["0", "com.beust.android.translate.TranslateActivity"]}, {"3871e4fa130b3d6dc1b8673804c0beca": ["0", "com.beust.android.translate.TranslateActivity"]}, {"3871e4fa130b3d6dc1b8673804c0beca": ["0", "com.beust.android.translate.TranslateActivity"]}, {"3871e4fa130b3d6dc1b8673804c0beca": ["0", "com.beust.android.translate.TranslateActivity"]}, {"3871e4fa130b3d6dc1b8673804c0beca": ["0", "com.beust.android.translate.TranslateActivity"]}, {"3871e4fa130b3d6dc1b8673804c0beca": ["0", "com.beust.android.translate.TranslateActivity"]}, {"3871e4fa130b3d6dc1b8673804c0beca": ["0", "com.beust.android.translate.TranslateActivity"]}, {"3871e4fa130b3d6dc1b8673804c0beca": ["0", "com.beust.android.translate.TranslateActivity"]}, {"3871e4fa130b3d6dc1b8673804c0beca": ["0", "com.beust.android.translate.TranslateActivity"]}, {"3871e4fa130b3d6dc1b8673804c0beca": ["0", "com.beust.android.translate.TranslateActivity"]}, {"3871e4fa130b3d6dc1b8673804c0beca": ["0", "com.beust.android.translate.TranslateActivity"]}, {"3871e4fa130b3d6dc1b8673804c0beca": ["0", "com.beust.android.translate.TranslateActivity"]}, {"3871e4fa130b3d6dc1b8673804c0beca": ["0", "com.beust.android.translate.TranslateActivity"]}, {"3871e4fa130b3d6dc1b8673804c0beca": ["0", "com.beust.android.translate.TranslateActivity"]}, {"3871e4fa130b3d6dc1b8673804c0beca": ["0", "com.beust.android.translate.TranslateActivity"]}, {"3871e4fa130b3d6dc1b8673804c0beca": ["0", "com.beust.android.translate.TranslateActivity"]}, {"3871e4fa130b3d6dc1b8673804c0beca": ["0", "com.beust.android.translate.TranslateActivity"]}, {"3871e4fa130b3d6dc1b8673804c0beca": ["0", "com.beust.android.translate.TranslateActivity"]}, {"3871e4fa130b3d6dc1b8673804c0beca": ["0", "com.beust.android.translate.TranslateActivity"]}, {"3871e4fa130b3d6dc1b8673804c0beca": ["0", "com.beust.android.translate.TranslateActivity"]}, {"3871e4fa130b3d6dc1b8673804c0beca": ["0", "com.beust.android.translate.TranslateActivity"]}, {"3871e4fa130b3d6dc1b8673804c0beca": ["0", "com.beust.android.translate.TranslateActivity"]}, {"3871e4fa130b3d6dc1b8673804c0beca": ["0", "com.beust.android.translate.TranslateActivity"]}, {"3871e4fa130b3d6dc1b8673804c0beca": ["0", "com.beust.android.translate.TranslateActivity"]}, {"3871e4fa130b3d6dc1b8673804c0beca": ["0", "com.beust.android.translate.TranslateActivity"]}, {"3871e4fa130b3d6dc1b8673804c0beca": ["0", "com.beust.android.translate.TranslateActivity"]}, {"3871e4fa130b3d6dc1b8673804c0beca": ["0", "com.beust.android.translate.TranslateActivity"]}, {"3871e4fa130b3d6dc1b8673804c0beca": ["0", "com.beust.android.translate.TranslateActivity"]}, {"3871e4fa130b3d6dc1b8673804c0beca": ["0", "com.beust.android.translate.TranslateActivity"]}, {"3871e4fa130b3d6dc1b8673804c0beca": ["0", "com.beust.android.translate.TranslateActivity"]}, {"3871e4fa130b3d6dc1b8673804c0beca": ["0", "com.beust.android.translate.TranslateActivity"]}, {"3871e4fa130b3d6dc1b8673804c0beca": ["0", "com.beust.android.translate.TranslateActivity"]}, {"3871e4fa130b3d6dc1b8673804c0beca": ["0", "com.beust.android.translate.TranslateActivity"]}, {"3871e4fa130b3d6dc1b8673804c0beca": ["0", "com.beust.android.translate.TranslateActivity"]}, {"3871e4fa130b3d6dc1b8673804c0beca": ["0", "com.beust.android.translate.TranslateActivity"]}, {"3871e4fa130b3d6dc1b8673804c0beca": ["0", "com.beust.android.translate.TranslateActivity"]}, {"3871e4fa130b3d6dc1b8673804c0beca": ["0", "com.beust.android.translate.TranslateActivity"]}, {"3871e4fa130b3d6dc1b8673804c0beca": ["0", "com.beust.android.translate.TranslateActivity"]}, {"3871e4fa130b3d6dc1b8673804c0beca": ["0", "com.beust.android.translate.TranslateActivity"]}, {"3871e4fa130b3d6dc1b8673804c0beca": ["0", "com.beust.android.translate.TranslateActivity"]}, {"3871e4fa130b3d6dc1b8673804c0beca": ["0", "com.beust.android.translate.TranslateActivity"]}, {"3871e4fa130b3d6dc1b8673804c0beca": ["0", "com.beust.android.translate.TranslateActivity"]}, {"3871e4fa130b3d6dc1b8673804c0beca": ["0", "com.beust.android.translate.TranslateActivity"]}, {"3871e4fa130b3d6dc1b8673804c0beca": ["0", "com.beust.android.translate.TranslateActivity"]}, {"3871e4fa130b3d6dc1b8673804c0beca": ["0", "com.beust.android.translate.TranslateActivity"]}, {"3871e4fa130b3d6dc1b8673804c0beca": ["0", "com.beust.android.translate.TranslateActivity"]}, {"3871e4fa130b3d6dc1b8673804c0beca": ["0", "com.beust.android.translate.TranslateActivity"]}, {"3871e4fa130b3d6dc1b8673804c0beca": ["0", "com.beust.android.translate.TranslateActivity"]}, {"3871e4fa130b3d6dc1b8673804c0beca": ["0", "com.beust.android.translate.TranslateActivity"]}, {"3871e4fa130b3d6dc1b8673804c0beca": ["0", "com.beust.android.translate.TranslateActivity"]}, {"3871e4fa130b3d6dc1b8673804c0beca": ["0", "com.beust.android.translate.TranslateActivity"]}, {"3871e4fa130b3d6dc1b8673804c0beca": ["0", "com.beust.android.translate.TranslateActivity"]}, {"3871e4fa130b3d6dc1b8673804c0beca": ["0", "com.beust.android.translate.TranslateActivity"]}, {"3871e4fa130b3d6dc1b8673804c0beca": ["0", "com.beust.android.translate.TranslateActivity"]}, {"3871e4fa130b3d6dc1b8673804c0beca": ["0", "com.beust.android.translate.TranslateActivity"]}, {"3871e4fa130b3d6dc1b8673804c0beca": ["0", "com.beust.android.translate.TranslateActivity"]}, {"3871e4fa130b3d6dc1b8673804c0beca": ["0", "com.beust.android.translate.TranslateActivity"]}, {"3871e4fa130b3d6dc1b8673804c0beca": ["0", "com.beust.android.translate.TranslateActivity"]}, {"3871e4fa130b3d6dc1b8673804c0beca": ["0", "com.beust.android.translate.TranslateActivity"]}, {"3871e4fa130b3d6dc1b8673804c0beca": ["0", "com.beust.android.translate.TranslateActivity"]}, {"3871e4fa130b3d6dc1b8673804c0beca": ["0", "com.beust.android.translate.TranslateActivity"]}, {"3871e4fa130b3d6dc1b8673804c0beca": ["0", "com.beust.android.translate.TranslateActivity"]}, {"3871e4fa130b3d6dc1b8673804c0beca": ["0", "com.beust.android.translate.TranslateActivity"]}, {"3871e4fa130b3d6dc1b8673804c0beca": ["0", "com.beust.android.translate.TranslateActivity"]}, {"3871e4fa130b3d6dc1b8673804c0beca": ["0", "com.beust.android.translate.TranslateActivity"]}, {"3871e4fa130b3d6dc1b8673804c0beca": ["0", "com.beust.android.translate.TranslateActivity"]}, {"3871e4fa130b3d6dc1b8673804c0beca": ["0", "com.beust.android.translate.TranslateActivity"]}, {"3871e4fa130b3d6dc1b8673804c0beca": ["0", "com.beust.android.translate.TranslateActivity"]}, {"3871e4fa130b3d6dc1b8673804c0beca": ["0", "com.beust.android.translate.TranslateActivity"]}, {"3871e4fa130b3d6dc1b8673804c0beca": ["0", "com.beust.android.translate.TranslateActivity"]}, {"3871e4fa130b3d6dc1b8673804c0beca": ["0", "com.beust.android.translate.TranslateActivity"]}, {"3871e4fa130b3d6dc1b8673804c0beca": ["0", "com.beust.android.translate.TranslateActivity"]}, {"3871e4fa130b3d6dc1b8673804c0beca": ["0", "com.beust.android.translate.TranslateActivity"]}, {"3871e4fa130b3d6dc1b8673804c0beca": ["0", "com.beust.android.translate.TranslateActivity"]}, {"3871e4fa130b3d6dc1b8673804c0beca": ["0", "com.beust.android.translate.TranslateActivity"]}, {"3871e4fa130b3d6dc1b8673804c0beca": ["0", "com.beust.android.translate.TranslateActivity"]}, {"3871e4fa130b3d6dc1b8673804c0beca": ["0", "com.beust.android.translate.TranslateActivity"]}, {"3871e4fa130b3d6dc1b8673804c0beca": ["0", "com.beust.android.translate.TranslateActivity"]}, {"3871e4fa130b3d6dc1b8673804c0beca": ["0", "com.beust.android.translate.TranslateActivity"]}, {"3871e4fa130b3d6dc1b8673804c0beca": ["0", "com.beust.android.translate.TranslateActivity"]}, {"3871e4fa130b3d6dc1b8673804c0beca": ["0", "com.beust.android.translate.TranslateActivity"]}, {"3871e4fa130b3d6dc1b8673804c0beca": ["0", "com.beust.android.translate.TranslateActivity"]}, {"3871e4fa130b3d6dc1b8673804c0beca": ["0", "com.beust.android.translate.TranslateActivity"]}, {"3871e4fa130b3d6dc1b8673804c0beca": ["0", "com.beust.android.translate.TranslateActivity"]}, {"3871e4fa130b3d6dc1b8673804c0beca": ["0", "com.beust.android.translate.TranslateActivity"]}, {"3871e4fa130b3d6dc1b8673804c0beca": ["0", "com.beust.android.translate.TranslateActivity"]}, {"3871e4fa130b3d6dc1b8673804c0beca": ["0", "com.beust.android.translate.TranslateActivity"]}, {"3871e4fa130b3d6dc1b8673804c0beca": ["0", "com.beust.android.translate.TranslateActivity"]}, {"3871e4fa130b3d6dc1b8673804c0beca": ["0", "com.beust.android.translate.TranslateActivity"]}, {"3871e4fa130b3d6dc1b8673804c0beca": ["0", "com.beust.android.translate.TranslateActivity"]}, {"3871e4fa130b3d6dc1b8673804c0beca": ["0", "com.beust.android.translate.TranslateActivity"]}, {"3871e4fa130b3d6dc1b8673804c0beca": ["0", "com.beust.android.translate.TranslateActivity"]}, {"3871e4fa130b3d6dc1b8673804c0beca": ["0", "com.beust.android.translate.TranslateActivity"]}, {"3871e4fa130b3d6dc1b8673804c0beca": ["0", "com.beust.android.translate.TranslateActivity"]}, {"3871e4fa130b3d6dc1b8673804c0beca": ["0", "com.beust.android.translate.TranslateActivity"]}, {"3871e4fa130b3d6dc1b8673804c0beca": ["0", "com.beust.android.translate.TranslateActivity"]}, {"3871e4fa130b3d6dc1b8673804c0beca": ["0", "com.beust.android.translate.TranslateActivity"]}, {"3871e4fa130b3d6dc1b8673804c0beca": ["0", "com.beust.android.translate.TranslateActivity"]}, {"3871e4fa130b3d6dc1b8673804c0beca": ["0", "com.beust.android.translate.TranslateActivity"]}, {"3871e4fa130b3d6dc1b8673804c0beca": ["0", "com.beust.android.translate.TranslateActivity"]}, {"3871e4fa130b3d6dc1b8673804c0beca": ["0", "com.beust.android.translate.TranslateActivity"]}, {"3871e4fa130b3d6dc1b8673804c0beca": ["0", "com.beust.android.translate.TranslateActivity"]}, {"3871e4fa130b3d6dc1b8673804c0beca": ["0", "com.beust.android.translate.TranslateActivity"]}, {"3871e4fa130b3d6dc1b8673804c0beca": ["0", "com.beust.android.translate.TranslateActivity"]}, {"3871e4fa130b3d6dc1b8673804c0beca": ["0", "com.beust.android.translate.TranslateActivity"]}, {"3871e4fa130b3d6dc1b8673804c0beca": ["0", "com.beust.android.translate.TranslateActivity"]}, {"3871e4fa130b3d6dc1b8673804c0beca": ["0", "com.beust.android.translate.TranslateActivity"]}, {"3871e4fa130b3d6dc1b8673804c0beca": ["0", "com.beust.android.translate.TranslateActivity"]}, {"3871e4fa130b3d6dc1b8673804c0beca": ["0", "com.beust.android.translate.TranslateActivity"]}, {"3871e4fa130b3d6dc1b8673804c0beca": ["0", "com.beust.android.translate.TranslateActivity"]}, {"3871e4fa130b3d6dc1b8673804c0beca": ["0", "com.beust.android.translate.TranslateActivity"]}, {"3871e4fa130b3d6dc1b8673804c0beca": ["0", "com.beust.android.translate.TranslateActivity"]}, {"3871e4fa130b3d6dc1b8673804c0beca": ["0", "com.beust.android.translate.TranslateActivity"]}, {"3871e4fa130b3d6dc1b8673804c0beca": ["0", "com.beust.android.translate.TranslateActivity"]}, {"3871e4fa130b3d6dc1b8673804c0beca": ["0", "com.beust.android.translate.TranslateActivity"]}, {"3871e4fa130b3d6dc1b8673804c0beca": ["0", "com.beust.android.translate.TranslateActivity"]}, {"3871e4fa130b3d6dc1b8673804c0beca": ["0", "com.beust.android.translate.TranslateActivity"]}, {"3871e4fa130b3d6dc1b8673804c0beca": ["0", "com.beust.android.translate.TranslateActivity"]}, {"3871e4fa130b3d6dc1b8673804c0beca": ["0", "com.beust.android.translate.TranslateActivity"]}, {"3871e4fa130b3d6dc1b8673804c0beca": ["0", "com.beust.android.translate.TranslateActivity"]}, {"3871e4fa130b3d6dc1b8673804c0beca": ["0", "com.beust.android.translate.TranslateActivity"]}, {"3871e4fa130b3d6dc1b8673804c0beca": ["0", "com.beust.android.translate.TranslateActivity"]}, {"3871e4fa130b3d6dc1b8673804c0beca": ["0", "com.beust.android.translate.TranslateActivity"]}, {"3871e4fa130b3d6dc1b8673804c0beca": ["0", "com.beust.android.translate.TranslateActivity"]}, {"3871e4fa130b3d6dc1b8673804c0beca": ["0", "com.beust.android.translate.TranslateActivity"]}, {"3871e4fa130b3d6dc1b8673804c0beca": ["0", "com.beust.android.translate.TranslateActivity"]}, {"3871e4fa130b3d6dc1b8673804c0beca": ["0", "com.beust.android.translate.TranslateActivity"]}, {"3871e4fa130b3d6dc1b8673804c0beca": ["0", "com.beust.android.translate.TranslateActivity"]}, {"3871e4fa130b3d6dc1b8673804c0beca": ["0", "com.beust.android.translate.TranslateActivity"]}, {"3871e4fa130b3d6dc1b8673804c0beca": ["0", "com.beust.android.translate.TranslateActivity"]}, {"3871e4fa130b3d6dc1b8673804c0beca": ["0", "com.beust.android.translate.TranslateActivity"]}, {"3871e4fa130b3d6dc1b8673804c0beca": ["0", "com.beust.android.translate.TranslateActivity"]}, {"3871e4fa130b3d6dc1b8673804c0beca": ["0", "com.beust.android.translate.TranslateActivity"]}, {"3871e4fa130b3d6dc1b8673804c0beca": ["0", "com.beust.android.translate.TranslateActivity"]}, {"3871e4fa130b3d6dc1b8673804c0beca": ["0", "com.beust.android.translate.TranslateActivity"]}, {"3871e4fa130b3d6dc1b8673804c0beca": ["0", "com.beust.android.translate.TranslateActivity"]}, {"3871e4fa130b3d6dc1b8673804c0beca": ["0", "com.beust.android.translate.TranslateActivity"]}, {"3871e4fa130b3d6dc1b8673804c0beca": ["0", "com.beust.android.translate.TranslateActivity"]}, {"3871e4fa130b3d6dc1b8673804c0beca": ["0", "com.beust.android.translate.TranslateActivity"]}, {"3871e4fa130b3d6dc1b8673804c0beca": ["0", "com.beust.android.translate.TranslateActivity"]}, {"3871e4fa130b3d6dc1b8673804c0beca": ["0", "com.beust.android.translate.TranslateActivity"]}, {"3871e4fa130b3d6dc1b8673804c0beca": ["0", "com.beust.android.translate.TranslateActivity"]}, {"3871e4fa130b3d6dc1b8673804c0beca": ["0", "com.beust.android.translate.TranslateActivity"]}, {"3871e4fa130b3d6dc1b8673804c0beca": ["0", "com.beust.android.translate.TranslateActivity"]}, {"3871e4fa130b3d6dc1b8673804c0beca": ["0", "com.beust.android.translate.TranslateActivity"]}, {"3871e4fa130b3d6dc1b8673804c0beca": ["0", "com.beust.android.translate.TranslateActivity"]}, {"3871e4fa130b3d6dc1b8673804c0beca": ["0", "com.beust.android.translate.TranslateActivity"]}, {"3871e4fa130b3d6dc1b8673804c0beca": ["0", "com.beust.android.translate.TranslateActivity"]}, {"3871e4fa130b3d6dc1b8673804c0beca": ["0", "com.beust.android.translate.TranslateActivity"]}, {"3871e4fa130b3d6dc1b8673804c0beca": ["0", "com.beust.android.translate.TranslateActivity"]}, {"3871e4fa130b3d6dc1b8673804c0beca": ["0", "com.beust.android.translate.TranslateActivity"]}, {"3871e4fa130b3d6dc1b8673804c0beca": ["0", "com.beust.android.translate.TranslateActivity"]}, {"3871e4fa130b3d6dc1b8673804c0beca": ["0", "com.beust.android.translate.TranslateActivity"]}, {"3871e4fa130b3d6dc1b8673804c0beca": ["0", "com.beust.android.translate.TranslateActivity"]}, {"3871e4fa130b3d6dc1b8673804c0beca": ["0", "com.beust.android.translate.TranslateActivity"]}, {"3871e4fa130b3d6dc1b8673804c0beca": ["0", "com.beust.android.translate.TranslateActivity"]}, {"3871e4fa130b3d6dc1b8673804c0beca": ["0", "com.beust.android.translate.TranslateActivity"]}, {"3871e4fa130b3d6dc1b8673804c0beca": ["0", "com.beust.android.translate.TranslateActivity"]}, {"3871e4fa130b3d6dc1b8673804c0beca": ["0", "com.beust.android.translate.TranslateActivity"]}, {"3871e4fa130b3d6dc1b8673804c0beca": ["0", "com.beust.android.translate.TranslateActivity"]}, {"3871e4fa130b3d6dc1b8673804c0beca": ["0", "com.beust.android.translate.TranslateActivity"]}, {"3871e4fa130b3d6dc1b8673804c0beca": ["0", "com.beust.android.translate.TranslateActivity"]}, {"3871e4fa130b3d6dc1b8673804c0beca": ["0", "com.beust.android.translate.TranslateActivity"]}, {"3871e4fa130b3d6dc1b8673804c0beca": ["0", "com.beust.android.translate.TranslateActivity"]}, {"3871e4fa130b3d6dc1b8673804c0beca": ["0", "com.beust.android.translate.TranslateActivity"]}, {"3871e4fa130b3d6dc1b8673804c0beca": ["0", "com.beust.android.translate.TranslateActivity"]}, {"3871e4fa130b3d6dc1b8673804c0beca": ["0", "com.beust.android.translate.TranslateActivity"]}, {"3871e4fa130b3d6dc1b8673804c0beca": ["0", "com.beust.android.translate.TranslateActivity"]}, {"3871e4fa130b3d6dc1b8673804c0beca": ["0", "com.beust.android.translate.TranslateActivity"]}, {"3871e4fa130b3d6dc1b8673804c0beca": ["0", "com.beust.android.translate.TranslateActivity"]}, {"3871e4fa130b3d6dc1b8673804c0beca": ["0", "com.beust.android.translate.TranslateActivity"]}, {"3871e4fa130b3d6dc1b8673804c0beca": ["0", "com.beust.android.translate.TranslateActivity"]}, {"3871e4fa130b3d6dc1b8673804c0beca": ["0", "com.beust.android.translate.TranslateActivity"]}, {"3871e4fa130b3d6dc1b8673804c0beca": ["0", "com.beust.android.translate.TranslateActivity"]}, {"3871e4fa130b3d6dc1b8673804c0beca": ["0", "com.beust.android.translate.TranslateActivity"]}, {"3871e4fa130b3d6dc1b8673804c0beca": ["0", "com.beust.android.translate.TranslateActivity"]}, {"3871e4fa130b3d6dc1b8673804c0beca": ["0", "com.beust.android.translate.TranslateActivity"]}, {"3871e4fa130b3d6dc1b8673804c0beca": ["0", "com.beust.android.translate.TranslateActivity"]}, {"3871e4fa130b3d6dc1b8673804c0beca": ["0", "com.beust.android.translate.TranslateActivity"]}, {"3871e4fa130b3d6dc1b8673804c0beca": ["0", "com.beust.android.translate.TranslateActivity"]}, {"3871e4fa130b3d6dc1b8673804c0beca": ["0", "com.beust.android.translate.TranslateActivity"]}, {"3871e4fa130b3d6dc1b8673804c0beca": ["0", "com.beust.android.translate.TranslateActivity"]}, {"3871e4fa130b3d6dc1b8673804c0beca": ["0", "com.beust.android.translate.TranslateActivity"]}, {"3871e4fa130b3d6dc1b8673804c0beca": ["0", "com.beust.android.translate.TranslateActivity"]}, {"3871e4fa130b3d6dc1b8673804c0beca": ["0", "com.beust.android.translate.TranslateActivity"]}, {"3871e4fa130b3d6dc1b8673804c0beca": ["0", "com.beust.android.translate.TranslateActivity"]}, {"3871e4fa130b3d6dc1b8673804c0beca": ["0", "com.beust.android.translate.TranslateActivity"]}, {"3871e4fa130b3d6dc1b8673804c0beca": ["0", "com.beust.android.translate.TranslateActivity"]}, {"3871e4fa130b3d6dc1b8673804c0beca": ["0", "com.beust.android.translate.TranslateActivity"]}, {"3871e4fa130b3d6dc1b8673804c0beca": ["0", "com.beust.android.translate.TranslateActivity"]}, {"3871e4fa130b3d6dc1b8673804c0beca": ["0", "com.beust.android.translate.TranslateActivity"]}, {"3871e4fa130b3d6dc1b8673804c0beca": ["0", "com.beust.android.translate.TranslateActivity"]}, {"3871e4fa130b3d6dc1b8673804c0beca": ["0", "com.beust.android.translate.TranslateActivity"]}, {"3871e4fa130b3d6dc1b8673804c0beca": ["0", "com.beust.android.translate.TranslateActivity"]}, {"3871e4fa130b3d6dc1b8673804c0beca": ["0", "com.beust.android.translate.TranslateActivity"]}, {"3871e4fa130b3d6dc1b8673804c0beca": ["0", "com.beust.android.translate.TranslateActivity"]}, {"3871e4fa130b3d6dc1b8673804c0beca": ["0", "com.beust.android.translate.TranslateActivity"]}, {"3871e4fa130b3d6dc1b8673804c0beca": ["0", "com.beust.android.translate.TranslateActivity"]}, {"3871e4fa130b3d6dc1b8673804c0beca": ["0", "com.beust.android.translate.TranslateActivity"]}, {"3871e4fa130b3d6dc1b8673804c0beca": ["0", "com.beust.android.translate.TranslateActivity"]}, {"3871e4fa130b3d6dc1b8673804c0beca": ["0", "com.beust.android.translate.TranslateActivity"]}, {"3871e4fa130b3d6dc1b8673804c0beca": ["0", "com.beust.android.translate.TranslateActivity"]}, {"3871e4fa130b3d6dc1b8673804c0beca": ["0", "com.beust.android.translate.TranslateActivity"]}, {"3871e4fa130b3d6dc1b8673804c0beca": ["0", "com.beust.android.translate.TranslateActivity"]}, {"3871e4fa130b3d6dc1b8673804c0beca": ["0", "com.beust.android.translate.TranslateActivity"]}, {"3871e4fa130b3d6dc1b8673804c0beca": ["0", "com.beust.android.translate.TranslateActivity"]}, {"3871e4fa130b3d6dc1b8673804c0beca": ["0", "com.beust.android.translate.TranslateActivity"]}, {"3871e4fa130b3d6dc1b8673804c0beca": ["0", "com.beust.android.translate.TranslateActivity"]}, {"3871e4fa130b3d6dc1b8673804c0beca": ["0", "com.beust.android.translate.TranslateActivity"]}, {"3871e4fa130b3d6dc1b8673804c0beca": ["0", "com.beust.android.translate.TranslateActivity"]}, {"3871e4fa130b3d6dc1b8673804c0beca": ["0", "com.beust.android.translate.TranslateActivity"]}, {"3871e4fa130b3d6dc1b8673804c0beca": ["0", "com.beust.android.translate.TranslateActivity"]}, {"3871e4fa130b3d6dc1b8673804c0beca": ["0", "com.beust.android.translate.TranslateActivity"]}, {"3871e4fa130b3d6dc1b8673804c0beca": ["0", "com.beust.android.translate.TranslateActivity"]}, {"3871e4fa130b3d6dc1b8673804c0beca": ["0", "com.beust.android.translate.TranslateActivity"]}, {"3871e4fa130b3d6dc1b8673804c0beca": ["0", "com.beust.android.translate.TranslateActivity"]}, {"3871e4fa130b3d6dc1b8673804c0beca": ["0", "com.beust.android.translate.TranslateActivity"]}, {"3871e4fa130b3d6dc1b8673804c0beca": ["0", "com.beust.android.translate.TranslateActivity"]}, {"3871e4fa130b3d6dc1b8673804c0beca": ["0", "com.beust.android.translate.TranslateActivity"]}, {"3871e4fa130b3d6dc1b8673804c0beca": ["0", "com.beust.android.translate.TranslateActivity"]}, {"3871e4fa130b3d6dc1b8673804c0beca": ["0", "com.beust.android.translate.TranslateActivity"]}, {"3871e4fa130b3d6dc1b8673804c0beca": ["0", "com.beust.android.translate.TranslateActivity"]}, {"3871e4fa130b3d6dc1b8673804c0beca": ["0", "com.beust.android.translate.TranslateActivity"]}, {"3871e4fa130b3d6dc1b8673804c0beca": ["0", "com.beust.android.translate.TranslateActivity"]}, {"3871e4fa130b3d6dc1b8673804c0beca": ["0", "com.beust.android.translate.TranslateActivity"]}, {"3871e4fa130b3d6dc1b8673804c0beca": ["0", "com.beust.android.translate.TranslateActivity"]}, {"3871e4fa130b3d6dc1b8673804c0beca": ["0", "com.beust.android.translate.TranslateActivity"]}, {"3871e4fa130b3d6dc1b8673804c0beca": ["0", "com.beust.android.translate.TranslateActivity"]}, {"3871e4fa130b3d6dc1b8673804c0beca": ["0", "com.beust.android.translate.TranslateActivity"]}, {"3871e4fa130b3d6dc1b8673804c0beca": ["0", "com.beust.android.translate.TranslateActivity"]}, {"3871e4fa130b3d6dc1b8673804c0beca": ["0", "com.beust.android.translate.TranslateActivity"]}, {"3871e4fa130b3d6dc1b8673804c0beca": ["0", "com.beust.android.translate.TranslateActivity"]}, {"3871e4fa130b3d6dc1b8673804c0beca": ["0", "com.beust.android.translate.TranslateActivity"]}, {"3871e4fa130b3d6dc1b8673804c0beca": ["0", "com.beust.android.translate.TranslateActivity"]}, {"3871e4fa130b3d6dc1b8673804c0beca": ["0", "com.beust.android.translate.TranslateActivity"]}, {"3871e4fa130b3d6dc1b8673804c0beca": ["0", "com.beust.android.translate.TranslateActivity"]}, {"3871e4fa130b3d6dc1b8673804c0beca": ["0", "com.beust.android.translate.TranslateActivity"]}, {"3871e4fa130b3d6dc1b8673804c0beca": ["0", "com.beust.android.translate.TranslateActivity"]}, {"3871e4fa130b3d6dc1b8673804c0beca": ["0", "com.beust.android.translate.TranslateActivity"]}, {"3871e4fa130b3d6dc1b8673804c0beca": ["0", "com.beust.android.translate.TranslateActivity"]}, {"3871e4fa130b3d6dc1b8673804c0beca": ["0", "com.beust.android.translate.TranslateActivity"]}, {"3871e4fa130b3d6dc1b8673804c0beca": ["0", "com.beust.android.translate.TranslateActivity"]}, {"3871e4fa130b3d6dc1b8673804c0beca": ["0", "com.beust.android.translate.TranslateActivity"]}, {"3871e4fa130b3d6dc1b8673804c0beca": ["0", "com.beust.android.translate.TranslateActivity"]}, {"3871e4fa130b3d6dc1b8673804c0beca": ["0", "com.beust.android.translate.TranslateActivity"]}, {"3871e4fa130b3d6dc1b8673804c0beca": ["0", "com.beust.android.translate.TranslateActivity"]}, {"3871e4fa130b3d6dc1b8673804c0beca": ["0", "com.beust.android.translate.TranslateActivity"]}, {"3871e4fa130b3d6dc1b8673804c0beca": ["0", "com.beust.android.translate.TranslateActivity"]}, {"3871e4fa130b3d6dc1b8673804c0beca": ["0", "com.beust.android.translate.TranslateActivity"]}, {"3871e4fa130b3d6dc1b8673804c0beca": ["0", "com.beust.android.translate.TranslateActivity"]}, {"3871e4fa130b3d6dc1b8673804c0beca": ["0", "com.beust.android.translate.TranslateActivity"]}, {"3871e4fa130b3d6dc1b8673804c0beca": ["0", "com.beust.android.translate.TranslateActivity"]}, {"3871e4fa130b3d6dc1b8673804c0beca": ["0", "com.beust.android.translate.TranslateActivity"]}, {"3871e4fa130b3d6dc1b8673804c0beca": ["0", "com.beust.android.translate.TranslateActivity"]}, {"3871e4fa130b3d6dc1b8673804c0beca": ["0", "com.beust.android.translate.TranslateActivity"]}, {"3871e4fa130b3d6dc1b8673804c0beca": ["0", "com.beust.android.translate.TranslateActivity"]}, {"3871e4fa130b3d6dc1b8673804c0beca": ["0", "com.beust.android.translate.TranslateActivity"]}, {"3871e4fa130b3d6dc1b8673804c0beca": ["0", "com.beust.android.translate.TranslateActivity"]}, {"3871e4fa130b3d6dc1b8673804c0beca": ["0", "com.beust.android.translate.TranslateActivity"]}, {"3871e4fa130b3d6dc1b8673804c0beca": ["0", "com.beust.android.translate.TranslateActivity"]}, {"3871e4fa130b3d6dc1b8673804c0beca": ["0", "com.beust.android.translate.TranslateActivity"]}, {"3871e4fa130b3d6dc1b8673804c0beca": ["0", "com.beust.android.translate.TranslateActivity"]}, {"3871e4fa130b3d6dc1b8673804c0beca": ["0", "com.beust.android.translate.TranslateActivity"]}, {"3871e4fa130b3d6dc1b8673804c0beca": ["0", "com.beust.android.translate.TranslateActivity"]}, {"3871e4fa130b3d6dc1b8673804c0beca": ["0", "com.beust.android.translate.TranslateActivity"]}, {"3871e4fa130b3d6dc1b8673804c0beca": ["0", "com.beust.android.translate.TranslateActivity"]}, {"3871e4fa130b3d6dc1b8673804c0beca": ["0", "com.beust.android.translate.TranslateActivity"]}, {"3871e4fa130b3d6dc1b8673804c0beca": ["0", "com.beust.android.translate.TranslateActivity"]}, {"3871e4fa130b3d6dc1b8673804c0beca": ["0", "com.beust.android.translate.TranslateActivity"]}, {"3871e4fa130b3d6dc1b8673804c0beca": ["0", "com.beust.android.translate.TranslateActivity"]}, {"3871e4fa130b3d6dc1b8673804c0beca": ["0", "com.beust.android.translate.TranslateActivity"]}, {"3871e4fa130b3d6dc1b8673804c0beca": ["0", "com.beust.android.translate.TranslateActivity"]}, {"3871e4fa130b3d6dc1b8673804c0beca": ["0", "com.beust.android.translate.TranslateActivity"]}, {"3871e4fa130b3d6dc1b8673804c0beca": ["0", "com.beust.android.translate.TranslateActivity"]}, {"3871e4fa130b3d6dc1b8673804c0beca": ["0", "com.beust.android.translate.TranslateActivity"]}, {"3871e4fa130b3d6dc1b8673804c0beca": ["0", "com.beust.android.translate.TranslateActivity"]}, {"3871e4fa130b3d6dc1b8673804c0beca": ["0", "com.beust.android.translate.TranslateActivity"]}, {"3871e4fa130b3d6dc1b8673804c0beca": ["0", "com.beust.android.translate.TranslateActivity"]}, {"3871e4fa130b3d6dc1b8673804c0beca": ["0", "com.beust.android.translate.TranslateActivity"]}, {"3871e4fa130b3d6dc1b8673804c0beca": ["0", "com.beust.android.translate.TranslateActivity"]}, {"3871e4fa130b3d6dc1b8673804c0beca": ["0", "com.beust.android.translate.TranslateActivity"]}, {"3871e4fa130b3d6dc1b8673804c0beca": ["0", "com.beust.android.translate.TranslateActivity"]}, {"3871e4fa130b3d6dc1b8673804c0beca": ["0", "com.beust.android.translate.TranslateActivity"]}, {"3871e4fa130b3d6dc1b8673804c0beca": ["0", "com.beust.android.translate.TranslateActivity"]}, {"3871e4fa130b3d6dc1b8673804c0beca": ["0", "com.beust.android.translate.TranslateActivity"]}, {"3871e4fa130b3d6dc1b8673804c0beca": ["0", "com.beust.android.translate.TranslateActivity"]}, {"3871e4fa130b3d6dc1b8673804c0beca": ["0", "com.beust.android.translate.TranslateActivity"]}, {"3871e4fa130b3d6dc1b8673804c0beca": ["0", "com.beust.android.translate.TranslateActivity"]}, {"3871e4fa130b3d6dc1b8673804c0beca": ["0", "com.beust.android.translate.TranslateActivity"]}, {"3871e4fa130b3d6dc1b8673804c0beca": ["0", "com.beust.android.translate.TranslateActivity"]}, {"3871e4fa130b3d6dc1b8673804c0beca": ["0", "com.beust.android.translate.TranslateActivity"]}, {"3871e4fa130b3d6dc1b8673804c0beca": ["0", "com.beust.android.translate.TranslateActivity"]}, {"3871e4fa130b3d6dc1b8673804c0beca": ["0", "com.beust.android.translate.TranslateActivity"]}, {"3871e4fa130b3d6dc1b8673804c0beca": ["0", "com.beust.android.translate.TranslateActivity"]}, {"3871e4fa130b3d6dc1b8673804c0beca": ["0", "com.beust.android.translate.TranslateActivity"]}, {"3871e4fa130b3d6dc1b8673804c0beca": ["0", "com.beust.android.translate.TranslateActivity"]}, {"3871e4fa130b3d6dc1b8673804c0beca": ["0", "com.beust.android.translate.TranslateActivity"]}, {"3871e4fa130b3d6dc1b8673804c0beca": ["0", "com.beust.android.translate.TranslateActivity"]}, {"3871e4fa130b3d6dc1b8673804c0beca": ["0", "com.beust.android.translate.TranslateActivity"]}, {"3871e4fa130b3d6dc1b8673804c0beca": ["0", "com.beust.android.translate.TranslateActivity"]}, {"3871e4fa130b3d6dc1b8673804c0beca": ["0", "com.beust.android.translate.TranslateActivity"]}, {"3871e4fa130b3d6dc1b8673804c0beca": ["0", "com.beust.android.translate.TranslateActivity"]}, {"3871e4fa130b3d6dc1b8673804c0beca": ["0", "com.beust.android.translate.TranslateActivity"]}, {"3871e4fa130b3d6dc1b8673804c0beca": ["0", "com.beust.android.translate.TranslateActivity"]}, {"3871e4fa130b3d6dc1b8673804c0beca": ["0", "com.beust.android.translate.TranslateActivity"]}, {"3871e4fa130b3d6dc1b8673804c0beca": ["0", "com.beust.android.translate.TranslateActivity"]}, {"3871e4fa130b3d6dc1b8673804c0beca": ["0", "com.beust.android.translate.TranslateActivity"]}, {"3871e4fa130b3d6dc1b8673804c0beca": ["0", "com.beust.android.translate.TranslateActivity"]}, {"3871e4fa130b3d6dc1b8673804c0beca": ["0", "com.beust.android.translate.TranslateActivity"]}, {"3871e4fa130b3d6dc1b8673804c0beca": ["0", "com.beust.android.translate.TranslateActivity"]}, {"3871e4fa130b3d6dc1b8673804c0beca": ["0", "com.beust.android.translate.TranslateActivity"]}, {"3871e4fa130b3d6dc1b8673804c0beca": ["0", "com.beust.android.translate.TranslateActivity"]}, {"3871e4fa130b3d6dc1b8673804c0beca": ["0", "com.beust.android.translate.TranslateActivity"]}, {"3871e4fa130b3d6dc1b8673804c0beca": ["0", "com.beust.android.translate.TranslateActivity"]}, {"3871e4fa130b3d6dc1b8673804c0beca": ["0", "com.beust.android.translate.TranslateActivity"]}, {"3871e4fa130b3d6dc1b8673804c0beca": ["0", "com.beust.android.translate.TranslateActivity"]}, {"3871e4fa130b3d6dc1b8673804c0beca": ["0", "com.beust.android.translate.TranslateActivity"]}, {"3871e4fa130b3d6dc1b8673804c0beca": ["0", "com.beust.android.translate.TranslateActivity"]}, {"3871e4fa130b3d6dc1b8673804c0beca": ["0", "com.beust.android.translate.TranslateActivity"]}, {"3871e4fa130b3d6dc1b8673804c0beca": ["0", "com.beust.android.translate.TranslateActivity"]}, {"3871e4fa130b3d6dc1b8673804c0beca": ["0", "com.beust.android.translate.TranslateActivity"]}, {"3871e4fa130b3d6dc1b8673804c0beca": ["0", "com.beust.android.translate.TranslateActivity"]}, {"3871e4fa130b3d6dc1b8673804c0beca": ["0", "com.beust.android.translate.TranslateActivity"]}, {"3871e4fa130b3d6dc1b8673804c0beca": ["0", "com.beust.android.translate.TranslateActivity"]}, {"3871e4fa130b3d6dc1b8673804c0beca": ["0", "com.beust.android.translate.TranslateActivity"]}, {"3871e4fa130b3d6dc1b8673804c0beca": ["0", "com.beust.android.translate.TranslateActivity"]}, {"3871e4fa130b3d6dc1b8673804c0beca": ["0", "com.beust.android.translate.TranslateActivity"]}, {"3871e4fa130b3d6dc1b8673804c0beca": ["0", "com.beust.android.translate.TranslateActivity"]}, {"3871e4fa130b3d6dc1b8673804c0beca": ["0", "com.beust.android.translate.TranslateActivity"]}, {"3871e4fa130b3d6dc1b8673804c0beca": ["0", "com.beust.android.translate.TranslateActivity"]}, {"3871e4fa130b3d6dc1b8673804c0beca": ["0", "com.beust.android.translate.TranslateActivity"]}, {"3871e4fa130b3d6dc1b8673804c0beca": ["0", "com.beust.android.translate.TranslateActivity"]}, {"3871e4fa130b3d6dc1b8673804c0beca": ["0", "com.beust.android.translate.TranslateActivity"]}, {"3871e4fa130b3d6dc1b8673804c0beca": ["0", "com.beust.android.translate.TranslateActivity"]}, {"3871e4fa130b3d6dc1b8673804c0beca": ["0", "com.beust.android.translate.TranslateActivity"]}, {"3871e4fa130b3d6dc1b8673804c0beca": ["0", "com.beust.android.translate.TranslateActivity"]}, {"3871e4fa130b3d6dc1b8673804c0beca": ["0", "com.beust.android.translate.TranslateActivity"]}, {"3871e4fa130b3d6dc1b8673804c0beca": ["0", "com.beust.android.translate.TranslateActivity"]}, {"3871e4fa130b3d6dc1b8673804c0beca": ["0", "com.beust.android.translate.TranslateActivity"]}, {"3871e4fa130b3d6dc1b8673804c0beca": ["0", "com.beust.android.translate.TranslateActivity"]}, {"3871e4fa130b3d6dc1b8673804c0beca": ["0", "com.beust.android.translate.TranslateActivity"]}, {"3871e4fa130b3d6dc1b8673804c0beca": ["0", "com.beust.android.translate.TranslateActivity"]}, {"3871e4fa130b3d6dc1b8673804c0beca": ["0", "com.beust.android.translate.TranslateActivity"]}, {"3871e4fa130b3d6dc1b8673804c0beca": ["0", "com.beust.android.translate.TranslateActivity"]}, {"3871e4fa130b3d6dc1b8673804c0beca": ["0", "com.beust.android.translate.TranslateActivity"]}, {"3871e4fa130b3d6dc1b8673804c0beca": ["0", "com.beust.android.translate.TranslateActivity"]}, {"3871e4fa130b3d6dc1b8673804c0beca": ["0", "com.beust.android.translate.TranslateActivity"]}, {"3871e4fa130b3d6dc1b8673804c0beca": ["0", "com.beust.android.translate.TranslateActivity"]}, {"3871e4fa130b3d6dc1b8673804c0beca": ["0", "com.beust.android.translate.TranslateActivity"]}, {"3871e4fa130b3d6dc1b8673804c0beca": ["0", "com.beust.android.translate.TranslateActivity"]}, {"3871e4fa130b3d6dc1b8673804c0beca": ["0", "com.beust.android.translate.TranslateActivity"]}, {"3871e4fa130b3d6dc1b8673804c0beca": ["0", "com.beust.android.translate.TranslateActivity"]}, {"3871e4fa130b3d6dc1b8673804c0beca": ["0", "com.beust.android.translate.TranslateActivity"]}, {"3871e4fa130b3d6dc1b8673804c0beca": ["0", "com.beust.android.translate.TranslateActivity"]}, {"3871e4fa130b3d6dc1b8673804c0beca": ["0", "com.beust.android.translate.TranslateActivity"]}, {"3871e4fa130b3d6dc1b8673804c0beca": ["0", "com.beust.android.translate.TranslateActivity"]}, {"3871e4fa130b3d6dc1b8673804c0beca": ["0", "com.beust.android.translate.TranslateActivity"]}, {"3871e4fa130b3d6dc1b8673804c0beca": ["0", "com.beust.android.translate.TranslateActivity"]}, {"3871e4fa130b3d6dc1b8673804c0beca": ["0", "com.beust.android.translate.TranslateActivity"]}, {"3871e4fa130b3d6dc1b8673804c0beca": ["0", "com.beust.android.translate.TranslateActivity"]}, {"3871e4fa130b3d6dc1b8673804c0beca": ["0", "com.beust.android.translate.TranslateActivity"]}, {"3871e4fa130b3d6dc1b8673804c0beca": ["0", "com.beust.android.translate.TranslateActivity"]}, {"3871e4fa130b3d6dc1b8673804c0beca": ["0", "com.beust.android.translate.TranslateActivity"]}, {"3871e4fa130b3d6dc1b8673804c0beca": ["0", "com.beust.android.translate.TranslateActivity"]}, {"3871e4fa130b3d6dc1b8673804c0beca": ["0", "com.beust.android.translate.TranslateActivity"]}, {"3871e4fa130b3d6dc1b8673804c0beca": ["0", "com.beust.android.translate.TranslateActivity"]}, {"3871e4fa130b3d6dc1b8673804c0beca": ["0", "com.beust.android.translate.TranslateActivity"]}, {"3871e4fa130b3d6dc1b8673804c0beca": ["0", "com.beust.android.translate.TranslateActivity"]}, {"3871e4fa130b3d6dc1b8673804c0beca": ["0", "com.beust.android.translate.TranslateActivity"]}, {"3871e4fa130b3d6dc1b8673804c0beca": ["0", "com.beust.android.translate.TranslateActivity"]}, {"3871e4fa130b3d6dc1b8673804c0beca": ["0", "com.beust.android.translate.TranslateActivity"]}, {"3871e4fa130b3d6dc1b8673804c0beca": ["0", "com.beust.android.translate.TranslateActivity"]}, {"3871e4fa130b3d6dc1b8673804c0beca": ["0", "com.beust.android.translate.TranslateActivity"]}, {"3871e4fa130b3d6dc1b8673804c0beca": ["0", "com.beust.android.translate.TranslateActivity"]}, {"3871e4fa130b3d6dc1b8673804c0beca": ["0", "com.beust.android.translate.TranslateActivity"]}, {"3871e4fa130b3d6dc1b8673804c0beca": ["0", "com.beust.android.translate.TranslateActivity"]}, {"3871e4fa130b3d6dc1b8673804c0beca": ["0", "com.beust.android.translate.TranslateActivity"]}, {"3871e4fa130b3d6dc1b8673804c0beca": ["0", "com.beust.android.translate.TranslateActivity"]}, {"3871e4fa130b3d6dc1b8673804c0beca": ["0", "com.beust.android.translate.TranslateActivity"]}, {"3871e4fa130b3d6dc1b8673804c0beca": ["0", "com.beust.android.translate.TranslateActivity"]}, {"3871e4fa130b3d6dc1b8673804c0beca": ["0", "com.beust.android.translate.TranslateActivity"]}, {"3871e4fa130b3d6dc1b8673804c0beca": ["0", "com.beust.android.translate.TranslateActivity"]}, {"3871e4fa130b3d6dc1b8673804c0beca": ["0", "com.beust.android.translate.TranslateActivity"]}, {"3871e4fa130b3d6dc1b8673804c0beca": ["0", "com.beust.android.translate.TranslateActivity"]}, {"3871e4fa130b3d6dc1b8673804c0beca": ["0", "com.beust.android.translate.TranslateActivity"]}, {"3871e4fa130b3d6dc1b8673804c0beca": ["0", "com.beust.android.translate.TranslateActivity"]}, {"3871e4fa130b3d6dc1b8673804c0beca": ["0", "com.beust.android.translate.TranslateActivity"]}, {"3871e4fa130b3d6dc1b8673804c0beca": ["0", "com.beust.android.translate.TranslateActivity"]}, {"3871e4fa130b3d6dc1b8673804c0beca": ["0", "com.beust.android.translate.TranslateActivity"]}, {"3871e4fa130b3d6dc1b8673804c0beca": ["0", "com.beust.android.translate.TranslateActivity"]}, {"3871e4fa130b3d6dc1b8673804c0beca": ["0", "com.beust.android.translate.TranslateActivity"]}, {"3871e4fa130b3d6dc1b8673804c0beca": ["0", "com.beust.android.translate.TranslateActivity"]}, {"3871e4fa130b3d6dc1b8673804c0beca": ["0", "com.beust.android.translate.TranslateActivity"]}, {"3871e4fa130b3d6dc1b8673804c0beca": ["0", "com.beust.android.translate.TranslateActivity"]}, {"3871e4fa130b3d6dc1b8673804c0beca": ["0", "com.beust.android.translate.TranslateActivity"]}, {"3871e4fa130b3d6dc1b8673804c0beca": ["0", "com.beust.android.translate.TranslateActivity"]}, {"3871e4fa130b3d6dc1b8673804c0beca": ["0", "com.beust.android.translate.TranslateActivity"]}, {"3871e4fa130b3d6dc1b8673804c0beca": ["0", "com.beust.android.translate.TranslateActivity"]}, {"3871e4fa130b3d6dc1b8673804c0beca": ["0", "com.beust.android.translate.TranslateActivity"]}, {"3871e4fa130b3d6dc1b8673804c0beca": ["0", "com.beust.android.translate.TranslateActivity"]}, {"3871e4fa130b3d6dc1b8673804c0beca": ["0", "com.beust.android.translate.TranslateActivity"]}, {"3871e4fa130b3d6dc1b8673804c0beca": ["0", "com.beust.android.translate.TranslateActivity"]}, {"3871e4fa130b3d6dc1b8673804c0beca": ["0", "com.beust.android.translate.TranslateActivity"]}, {"3871e4fa130b3d6dc1b8673804c0beca": ["0", "com.beust.android.translate.TranslateActivity"]}, {"3871e4fa130b3d6dc1b8673804c0beca": ["0", "com.beust.android.translate.TranslateActivity"]}, {"3871e4fa130b3d6dc1b8673804c0beca": ["0", "com.beust.android.translate.TranslateActivity"]}, {"3871e4fa130b3d6dc1b8673804c0beca": ["0", "com.beust.android.translate.TranslateActivity"]}, {"3871e4fa130b3d6dc1b8673804c0beca": ["0", "com.beust.android.translate.TranslateActivity"]}, {"3871e4fa130b3d6dc1b8673804c0beca": ["0", "com.beust.android.translate.TranslateActivity"]}, {"3871e4fa130b3d6dc1b8673804c0beca": ["0", "com.beust.android.translate.TranslateActivity"]}, {"3871e4fa130b3d6dc1b8673804c0beca": ["0", "com.beust.android.translate.TranslateActivity"]}, {"3871e4fa130b3d6dc1b8673804c0beca": ["0", "com.beust.android.translate.TranslateActivity"]}, {"3871e4fa130b3d6dc1b8673804c0beca": ["0", "com.beust.android.translate.TranslateActivity"]}, {"3871e4fa130b3d6dc1b8673804c0beca": ["0", "com.beust.android.translate.TranslateActivity"]}, {"3871e4fa130b3d6dc1b8673804c0beca": ["0", "com.beust.android.translate.TranslateActivity"]}, {"3871e4fa130b3d6dc1b8673804c0beca": ["0", "com.beust.android.translate.TranslateActivity"]}, {"3871e4fa130b3d6dc1b8673804c0beca": ["0", "com.beust.android.translate.TranslateActivity"]}, {"3871e4fa130b3d6dc1b8673804c0beca": ["0", "com.beust.android.translate.TranslateActivity"]}, {"3871e4fa130b3d6dc1b8673804c0beca": ["0", "com.beust.android.translate.TranslateActivity"]}, {"3871e4fa130b3d6dc1b8673804c0beca": ["0", "com.beust.android.translate.TranslateActivity"]}, {"3871e4fa130b3d6dc1b8673804c0beca": ["0", "com.beust.android.translate.TranslateActivity"]}, {"3871e4fa130b3d6dc1b8673804c0beca": ["0", "com.beust.android.translate.TranslateActivity"]}, {"3871e4fa130b3d6dc1b8673804c0beca": ["0", "com.beust.android.translate.TranslateActivity"]}, {"3871e4fa130b3d6dc1b8673804c0beca": ["0", "com.beust.android.translate.TranslateActivity"]}, {"3871e4fa130b3d6dc1b8673804c0beca": ["0", "com.beust.android.translate.TranslateActivity"]}, {"3871e4fa130b3d6dc1b8673804c0beca": ["0", "com.beust.android.translate.TranslateActivity"]}, {"3871e4fa130b3d6dc1b8673804c0beca": ["0", "com.beust.android.translate.TranslateActivity"]}, {"3871e4fa130b3d6dc1b8673804c0beca": ["0", "com.beust.android.translate.TranslateActivity"]}, {"3871e4fa130b3d6dc1b8673804c0beca": ["0", "com.beust.android.translate.TranslateActivity"]}, {"3871e4fa130b3d6dc1b8673804c0beca": ["0", "com.beust.android.translate.TranslateActivity"]}, {"3871e4fa130b3d6dc1b8673804c0beca": ["0", "com.beust.android.translate.TranslateActivity"]}, {"3871e4fa130b3d6dc1b8673804c0beca": ["0", "com.beust.android.translate.TranslateActivity"]}, {"3871e4fa130b3d6dc1b8673804c0beca": ["0", "com.beust.android.translate.TranslateActivity"]}, {"3871e4fa130b3d6dc1b8673804c0beca": ["0", "com.beust.android.translate.TranslateActivity"]}, {"3871e4fa130b3d6dc1b8673804c0beca": ["0", "com.beust.android.translate.TranslateActivity"]}, {"3871e4fa130b3d6dc1b8673804c0beca": ["0", "com.beust.android.translate.TranslateActivity"]}, {"3871e4fa130b3d6dc1b8673804c0beca": ["0", "com.beust.android.translate.TranslateActivity"]}, {"3871e4fa130b3d6dc1b8673804c0beca": ["0", "com.beust.android.translate.TranslateActivity"]}, {"3871e4fa130b3d6dc1b8673804c0beca": ["0", "com.beust.android.translate.TranslateActivity"]}, {"3871e4fa130b3d6dc1b8673804c0beca": ["0", "com.beust.android.translate.TranslateActivity"]}, {"3871e4fa130b3d6dc1b8673804c0beca": ["0", "com.beust.android.translate.TranslateActivity"]}, {"3871e4fa130b3d6dc1b8673804c0beca": ["0", "com.beust.android.translate.TranslateActivity"]}, {"3871e4fa130b3d6dc1b8673804c0beca": ["0", "com.beust.android.translate.TranslateActivity"]}, {"3871e4fa130b3d6dc1b8673804c0beca": ["0", "com.beust.android.translate.TranslateActivity"]}, {"3871e4fa130b3d6dc1b8673804c0beca": ["0", "com.beust.android.translate.TranslateActivity"]}, {"3871e4fa130b3d6dc1b8673804c0beca": ["0", "com.beust.android.translate.TranslateActivity"]}, {"3871e4fa130b3d6dc1b8673804c0beca": ["0", "com.beust.android.translate.TranslateActivity"]}, {"3871e4fa130b3d6dc1b8673804c0beca": ["0", "com.beust.android.translate.TranslateActivity"]}, {"3871e4fa130b3d6dc1b8673804c0beca": ["0", "com.beust.android.translate.TranslateActivity"]}, {"3871e4fa130b3d6dc1b8673804c0beca": ["0", "com.beust.android.translate.TranslateActivity"]}, {"3871e4fa130b3d6dc1b8673804c0beca": ["0", "com.beust.android.translate.TranslateActivity"]}, {"3871e4fa130b3d6dc1b8673804c0beca": ["0", "com.beust.android.translate.TranslateActivity"]}, {"3871e4fa130b3d6dc1b8673804c0beca": ["0", "com.beust.android.translate.TranslateActivity"]}, {"3871e4fa130b3d6dc1b8673804c0beca": ["0", "com.beust.android.translate.TranslateActivity"]}, {"3871e4fa130b3d6dc1b8673804c0beca": ["0", "com.beust.android.translate.TranslateActivity"]}, {"3871e4fa130b3d6dc1b8673804c0beca": ["0", "com.beust.android.translate.TranslateActivity"]}, {"3871e4fa130b3d6dc1b8673804c0beca": ["0", "com.beust.android.translate.TranslateActivity"]}, {"3871e4fa130b3d6dc1b8673804c0beca": ["0", "com.beust.android.translate.TranslateActivity"]}, {"3871e4fa130b3d6dc1b8673804c0beca": ["0", "com.beust.android.translate.TranslateActivity"]}, {"3871e4fa130b3d6dc1b8673804c0beca": ["0", "com.beust.android.translate.TranslateActivity"]}, {"3871e4fa130b3d6dc1b8673804c0beca": ["0", "com.beust.android.translate.TranslateActivity"]}, {"3871e4fa130b3d6dc1b8673804c0beca": ["0", "com.beust.android.translate.TranslateActivity"]}, {"3871e4fa130b3d6dc1b8673804c0beca": ["0", "com.beust.android.translate.TranslateActivity"]}, {"3871e4fa130b3d6dc1b8673804c0beca": ["0", "com.beust.android.translate.TranslateActivity"]}, {"3871e4fa130b3d6dc1b8673804c0beca": ["0", "com.beust.android.translate.TranslateActivity"]}, {"3871e4fa130b3d6dc1b8673804c0beca": ["0", "com.beust.android.translate.TranslateActivity"]}, {"3871e4fa130b3d6dc1b8673804c0beca": ["0", "com.beust.android.translate.TranslateActivity"]}, {"3871e4fa130b3d6dc1b8673804c0beca": ["0", "com.beust.android.translate.TranslateActivity"]}, {"3871e4fa130b3d6dc1b8673804c0beca": ["0", "com.beust.android.translate.TranslateActivity"]}, {"3871e4fa130b3d6dc1b8673804c0beca": ["0", "com.beust.android.translate.TranslateActivity"]}, {"3871e4fa130b3d6dc1b8673804c0beca": ["0", "com.beust.android.translate.TranslateActivity"]}, {"3871e4fa130b3d6dc1b8673804c0beca": ["0", "com.beust.android.translate.TranslateActivity"]}, {"3871e4fa130b3d6dc1b8673804c0beca": ["0", "com.beust.android.translate.TranslateActivity"]}, {"3871e4fa130b3d6dc1b8673804c0beca": ["0", "com.beust.android.translate.TranslateActivity"]}, {"3871e4fa130b3d6dc1b8673804c0beca": ["0", "com.beust.android.translate.TranslateActivity"]}, {"3871e4fa130b3d6dc1b8673804c0beca": ["0", "com.beust.android.translate.TranslateActivity"]}, {"3871e4fa130b3d6dc1b8673804c0beca": ["0", "com.beust.android.translate.TranslateActivity"]}, {"3871e4fa130b3d6dc1b8673804c0beca": ["0", "com.beust.android.translate.TranslateActivity"]}, {"3871e4fa130b3d6dc1b8673804c0beca": ["0", "com.beust.android.translate.TranslateActivity"]}, {"3871e4fa130b3d6dc1b8673804c0beca": ["0", "com.beust.android.translate.TranslateActivity"]}, {"3871e4fa130b3d6dc1b8673804c0beca": ["0", "com.beust.android.translate.TranslateActivity"]}, {"3871e4fa130b3d6dc1b8673804c0beca": ["0", "com.beust.android.translate.TranslateActivity"]}, {"3871e4fa130b3d6dc1b8673804c0beca": ["0", "com.beust.android.translate.TranslateActivity"]}, {"3871e4fa130b3d6dc1b8673804c0beca": ["0", "com.beust.android.translate.TranslateActivity"]}, {"3871e4fa130b3d6dc1b8673804c0beca": ["0", "com.beust.android.translate.TranslateActivity"]}, {"3871e4fa130b3d6dc1b8673804c0beca": ["0", "com.beust.android.translate.TranslateActivity"]}, {"3871e4fa130b3d6dc1b8673804c0beca": ["0", "com.beust.android.translate.TranslateActivity"]}, {"3871e4fa130b3d6dc1b8673804c0beca": ["0", "com.beust.android.translate.TranslateActivity"]}, {"3871e4fa130b3d6dc1b8673804c0beca": ["0", "com.beust.android.translate.TranslateActivity"]}, {"3871e4fa130b3d6dc1b8673804c0beca": ["0", "com.beust.android.translate.TranslateActivity"]}, {"3871e4fa130b3d6dc1b8673804c0beca": ["0", "com.beust.android.translate.TranslateActivity"]}, {"3871e4fa130b3d6dc1b8673804c0beca": ["0", "com.beust.android.translate.TranslateActivity"]}, {"3871e4fa130b3d6dc1b8673804c0beca": ["0", "com.beust.android.translate.TranslateActivity"]}, {"3871e4fa130b3d6dc1b8673804c0beca": ["0", "com.beust.android.translate.TranslateActivity"]}, {"3871e4fa130b3d6dc1b8673804c0beca": ["0", "com.beust.android.translate.TranslateActivity"]}, {"3871e4fa130b3d6dc1b8673804c0beca": ["0", "com.beust.android.translate.TranslateActivity"]}, {"3871e4fa130b3d6dc1b8673804c0beca": ["0", "com.beust.android.translate.TranslateActivity"]}, {"3871e4fa130b3d6dc1b8673804c0beca": ["0", "com.beust.android.translate.TranslateActivity"]}, {"3871e4fa130b3d6dc1b8673804c0beca": ["0", "com.beust.android.translate.TranslateActivity"]}, {"3871e4fa130b3d6dc1b8673804c0beca": ["0", "com.beust.android.translate.TranslateActivity"]}, {"3871e4fa130b3d6dc1b8673804c0beca": ["0", "com.beust.android.translate.TranslateActivity"]}, {"3871e4fa130b3d6dc1b8673804c0beca": ["0", "com.beust.android.translate.TranslateActivity"]}, {"3871e4fa130b3d6dc1b8673804c0beca": ["0", "com.beust.android.translate.TranslateActivity"]}, {"3871e4fa130b3d6dc1b8673804c0beca": ["0", "com.beust.android.translate.TranslateActivity"]}, {"3871e4fa130b3d6dc1b8673804c0beca": ["0", "com.beust.android.translate.TranslateActivity"]}, {"3871e4fa130b3d6dc1b8673804c0beca": ["0", "com.beust.android.translate.TranslateActivity"]}, {"3871e4fa130b3d6dc1b8673804c0beca": ["0", "com.beust.android.translate.TranslateActivity"]}, {"3871e4fa130b3d6dc1b8673804c0beca": ["0", "com.beust.android.translate.TranslateActivity"]}, {"3871e4fa130b3d6dc1b8673804c0beca": ["0", "com.beust.android.translate.TranslateActivity"]}, {"3871e4fa130b3d6dc1b8673804c0beca": ["0", "com.beust.android.translate.TranslateActivity"]}, {"3871e4fa130b3d6dc1b8673804c0beca": ["0", "com.beust.android.translate.TranslateActivity"]}, {"3871e4fa130b3d6dc1b8673804c0beca": ["0", "com.beust.android.translate.TranslateActivity"]}, {"3871e4fa130b3d6dc1b8673804c0beca": ["0", "com.beust.android.translate.TranslateActivity"]}, {"3871e4fa130b3d6dc1b8673804c0beca": ["0", "com.beust.android.translate.TranslateActivity"]}, {"3871e4fa130b3d6dc1b8673804c0beca": ["0", "com.beust.android.translate.TranslateActivity"]}, {"3871e4fa130b3d6dc1b8673804c0beca": ["0", "com.beust.android.translate.TranslateActivity"]}, {"3871e4fa130b3d6dc1b8673804c0beca": ["0", "com.beust.android.translate.TranslateActivity"]}, {"3871e4fa130b3d6dc1b8673804c0beca": ["0", "com.beust.android.translate.TranslateActivity"]}, {"3871e4fa130b3d6dc1b8673804c0beca": ["0", "com.beust.android.translate.TranslateActivity"]}, {"3871e4fa130b3d6dc1b8673804c0beca": ["0", "com.beust.android.translate.TranslateActivity"]}, {"3871e4fa130b3d6dc1b8673804c0beca": ["0", "com.beust.android.translate.TranslateActivity"]}, {"3871e4fa130b3d6dc1b8673804c0beca": ["0", "com.beust.android.translate.TranslateActivity"]}, {"3871e4fa130b3d6dc1b8673804c0beca": ["0", "com.beust.android.translate.TranslateActivity"]}, {"3871e4fa130b3d6dc1b8673804c0beca": ["0", "com.beust.android.translate.TranslateActivity"]}, {"3871e4fa130b3d6dc1b8673804c0beca": ["0", "com.beust.android.translate.TranslateActivity"]}, {"3871e4fa130b3d6dc1b8673804c0beca": ["0", "com.beust.android.translate.TranslateActivity"]}, {"3871e4fa130b3d6dc1b8673804c0beca": ["0", "com.beust.android.translate.TranslateActivity"]}, {"3871e4fa130b3d6dc1b8673804c0beca": ["0", "com.beust.android.translate.TranslateActivity"]}, {"3871e4fa130b3d6dc1b8673804c0beca": ["0", "com.beust.android.translate.TranslateActivity"]}, {"3871e4fa130b3d6dc1b8673804c0beca": ["0", "com.beust.android.translate.TranslateActivity"]}, {"3871e4fa130b3d6dc1b8673804c0beca": ["0", "com.beust.android.translate.TranslateActivity"]}, {"3871e4fa130b3d6dc1b8673804c0beca": ["0", "com.beust.android.translate.TranslateActivity"]}, {"3871e4fa130b3d6dc1b8673804c0beca": ["0", "com.beust.android.translate.TranslateActivity"]}, {"3871e4fa130b3d6dc1b8673804c0beca": ["0", "com.beust.android.translate.TranslateActivity"]}, {"3871e4fa130b3d6dc1b8673804c0beca": ["0", "com.beust.android.translate.TranslateActivity"]}, {"3871e4fa130b3d6dc1b8673804c0beca": ["0", "com.beust.android.translate.TranslateActivity"]}, {"3871e4fa130b3d6dc1b8673804c0beca": ["0", "com.beust.android.translate.TranslateActivity"]}]