[{"87b1ee81f4a4e7fd32f4296c786a59b9": ["0", "org.wordpress.android.Dashboard"]}, {"87b1ee81f4a4e7fd32f4296c786a59b9": ["0", "org.wordpress.android.Dashboard"]}, {"87b1ee81f4a4e7fd32f4296c786a59b9": ["0", "org.wordpress.android.Dashboard"]}, {"eeb8c673f170399ab59806c6fb271e57": ["1", "org.wordpress.android.NewAccount"]}, {"fa11352be912e37b6c0e92bece2480f3": ["3", "org.wordpress.android.AddAccount"]}, {"eeb8c673f170399ab59806c6fb271e57": ["1", "org.wordpress.android.NewAccount"]}, {"eeb8c673f170399ab59806c6fb271e57": ["1", "org.wordpress.android.NewAccount"]}, {"fa11352be912e37b6c0e92bece2480f3": ["3", "org.wordpress.android.AddAccount"]}, {"fa11352be912e37b6c0e92bece2480f3": ["3", "org.wordpress.android.AddAccount"]}, {"eeb8c673f170399ab59806c6fb271e57": ["1", "org.wordpress.android.NewAccount"]}, {"eeb8c673f170399ab59806c6fb271e57": ["1", "org.wordpress.android.NewAccount"]}, {"6b8c9dc0b2ba8b78de5e8b63a61b5a32": ["2", "org.wordpress.android.AddAccount"]}, {"6b8c9dc0b2ba8b78de5e8b63a61b5a32": ["2", "org.wordpress.android.AddAccount"]}, {"6b8c9dc0b2ba8b78de5e8b63a61b5a32": ["2", "org.wordpress.android.AddAccount"]}, {"6b8c9dc0b2ba8b78de5e8b63a61b5a32": ["2", "org.wordpress.android.AddAccount"]}, {"6b8c9dc0b2ba8b78de5e8b63a61b5a32": ["2", "org.wordpress.android.AddAccount"]}, {"edb2d2fa9971c27a84cf512a0d41eb71": ["4", "org.wordpress.android.AddAccount"]}, {"eeb8c673f170399ab59806c6fb271e57": ["1", "org.wordpress.android.NewAccount"]}, {"eeb8c673f170399ab59806c6fb271e57": ["1", "org.wordpress.android.NewAccount"]}, {"6b8c9dc0b2ba8b78de5e8b63a61b5a32": ["2", "org.wordpress.android.AddAccount"]}, {"6b8c9dc0b2ba8b78de5e8b63a61b5a32": ["2", "org.wordpress.android.AddAccount"]}, {"6b8c9dc0b2ba8b78de5e8b63a61b5a32": ["2", "org.wordpress.android.AddAccount"]}, {"eeb8c673f170399ab59806c6fb271e57": ["1", "org.wordpress.android.NewAccount"]}, {"eeb8c673f170399ab59806c6fb271e57": ["1", "org.wordpress.android.NewAccount"]}, {"fa11352be912e37b6c0e92bece2480f3": ["3", "org.wordpress.android.AddAccount"]}, {"fa11352be912e37b6c0e92bece2480f3": ["3", "org.wordpress.android.AddAccount"]}, {"eeb8c673f170399ab59806c6fb271e57": ["1", "org.wordpress.android.NewAccount"]}, {"eeb8c673f170399ab59806c6fb271e57": ["1", "org.wordpress.android.NewAccount"]}, {"fa11352be912e37b6c0e92bece2480f3": ["3", "org.wordpress.android.AddAccount"]}, {"eeb8c673f170399ab59806c6fb271e57": ["1", "org.wordpress.android.NewAccount"]}, {"fa11352be912e37b6c0e92bece2480f3": ["3", "org.wordpress.android.AddAccount"]}, {"fa11352be912e37b6c0e92bece2480f3": ["3", "org.wordpress.android.AddAccount"]}, {"fa11352be912e37b6c0e92bece2480f3": ["3", "org.wordpress.android.AddAccount"]}, {"edb2d2fa9971c27a84cf512a0d41eb71": ["4", "org.wordpress.android.AddAccount"]}, {"eeb8c673f170399ab59806c6fb271e57": ["1", "org.wordpress.android.NewAccount"]}, {"fa11352be912e37b6c0e92bece2480f3": ["3", "org.wordpress.android.AddAccount"]}, {"eeb8c673f170399ab59806c6fb271e57": ["1", "org.wordpress.android.NewAccount"]}, {"eeb8c673f170399ab59806c6fb271e57": ["1", "org.wordpress.android.NewAccount"]}, {"6b8c9dc0b2ba8b78de5e8b63a61b5a32": ["2", "org.wordpress.android.AddAccount"]}, {"eeb8c673f170399ab59806c6fb271e57": ["1", "org.wordpress.android.NewAccount"]}, {"eeb8c673f170399ab59806c6fb271e57": ["1", "org.wordpress.android.NewAccount"]}, {"eeb8c673f170399ab59806c6fb271e57": ["1", "org.wordpress.android.NewAccount"]}, {"fa11352be912e37b6c0e92bece2480f3": ["3", "org.wordpress.android.AddAccount"]}, {"eeb8c673f170399ab59806c6fb271e57": ["1", "org.wordpress.android.NewAccount"]}, {"fa11352be912e37b6c0e92bece2480f3": ["3", "org.wordpress.android.AddAccount"]}, {"fa11352be912e37b6c0e92bece2480f3": ["3", "org.wordpress.android.AddAccount"]}, {"eeb8c673f170399ab59806c6fb271e57": ["1", "org.wordpress.android.NewAccount"]}, {"6b8c9dc0b2ba8b78de5e8b63a61b5a32": ["2", "org.wordpress.android.AddAccount"]}, {"eeb8c673f170399ab59806c6fb271e57": ["1", "org.wordpress.android.NewAccount"]}, {"eeb8c673f170399ab59806c6fb271e57": ["1", "org.wordpress.android.NewAccount"]}, {"6b8c9dc0b2ba8b78de5e8b63a61b5a32": ["2", "org.wordpress.android.AddAccount"]}, {"6b8c9dc0b2ba8b78de5e8b63a61b5a32": ["2", "org.wordpress.android.AddAccount"]}, {"6b8c9dc0b2ba8b78de5e8b63a61b5a32": ["2", "org.wordpress.android.AddAccount"]}, {"edb2d2fa9971c27a84cf512a0d41eb71": ["4", "org.wordpress.android.AddAccount"]}, {"eeb8c673f170399ab59806c6fb271e57": ["1", "org.wordpress.android.NewAccount"]}, {"eeb8c673f170399ab59806c6fb271e57": ["1", "org.wordpress.android.NewAccount"]}, {"fa11352be912e37b6c0e92bece2480f3": ["3", "org.wordpress.android.AddAccount"]}, {"fa11352be912e37b6c0e92bece2480f3": ["3", "org.wordpress.android.AddAccount"]}, {"fa11352be912e37b6c0e92bece2480f3": ["3", "org.wordpress.android.AddAccount"]}, {"eeb8c673f170399ab59806c6fb271e57": ["1", "org.wordpress.android.NewAccount"]}, {"eeb8c673f170399ab59806c6fb271e57": ["1", "org.wordpress.android.NewAccount"]}, {"eeb8c673f170399ab59806c6fb271e57": ["1", "org.wordpress.android.NewAccount"]}, {"fa11352be912e37b6c0e92bece2480f3": ["3", "org.wordpress.android.AddAccount"]}, {"fa11352be912e37b6c0e92bece2480f3": ["3", "org.wordpress.android.AddAccount"]}, {"fa11352be912e37b6c0e92bece2480f3": ["3", "org.wordpress.android.AddAccount"]}, {"fa11352be912e37b6c0e92bece2480f3": ["3", "org.wordpress.android.AddAccount"]}, {"fa11352be912e37b6c0e92bece2480f3": ["3", "org.wordpress.android.AddAccount"]}, {"edb2d2fa9971c27a84cf512a0d41eb71": ["4", "org.wordpress.android.AddAccount"]}, {"eeb8c673f170399ab59806c6fb271e57": ["1", "org.wordpress.android.NewAccount"]}, {"eeb8c673f170399ab59806c6fb271e57": ["1", "org.wordpress.android.NewAccount"]}, {"eeb8c673f170399ab59806c6fb271e57": ["1", "org.wordpress.android.NewAccount"]}, {"eeb8c673f170399ab59806c6fb271e57": ["1", "org.wordpress.android.NewAccount"]}, {"fa11352be912e37b6c0e92bece2480f3": ["3", "org.wordpress.android.AddAccount"]}, {"eeb8c673f170399ab59806c6fb271e57": ["1", "org.wordpress.android.NewAccount"]}, {"6b8c9dc0b2ba8b78de5e8b63a61b5a32": ["2", "org.wordpress.android.AddAccount"]}, {"eeb8c673f170399ab59806c6fb271e57": ["1", "org.wordpress.android.NewAccount"]}, {"fa11352be912e37b6c0e92bece2480f3": ["3", "org.wordpress.android.AddAccount"]}, {"fa11352be912e37b6c0e92bece2480f3": ["3", "org.wordpress.android.AddAccount"]}, {"edb2d2fa9971c27a84cf512a0d41eb71": ["4", "org.wordpress.android.AddAccount"]}, {"eeb8c673f170399ab59806c6fb271e57": ["1", "org.wordpress.android.NewAccount"]}, {"eeb8c673f170399ab59806c6fb271e57": ["1", "org.wordpress.android.NewAccount"]}, {"eeb8c673f170399ab59806c6fb271e57": ["1", "org.wordpress.android.NewAccount"]}, {"6b8c9dc0b2ba8b78de5e8b63a61b5a32": ["2", "org.wordpress.android.AddAccount"]}, {"edb2d2fa9971c27a84cf512a0d41eb71": ["4", "org.wordpress.android.AddAccount"]}, {"eeb8c673f170399ab59806c6fb271e57": ["1", "org.wordpress.android.NewAccount"]}, {"eeb8c673f170399ab59806c6fb271e57": ["1", "org.wordpress.android.NewAccount"]}, {"fa11352be912e37b6c0e92bece2480f3": ["3", "org.wordpress.android.AddAccount"]}, {"eeb8c673f170399ab59806c6fb271e57": ["1", "org.wordpress.android.NewAccount"]}, {"eeb8c673f170399ab59806c6fb271e57": ["1", "org.wordpress.android.NewAccount"]}, {"eeb8c673f170399ab59806c6fb271e57": ["1", "org.wordpress.android.NewAccount"]}, {"fa11352be912e37b6c0e92bece2480f3": ["3", "org.wordpress.android.AddAccount"]}, {"edb2d2fa9971c27a84cf512a0d41eb71": ["4", "org.wordpress.android.AddAccount"]}, {"eeb8c673f170399ab59806c6fb271e57": ["1", "org.wordpress.android.NewAccount"]}, {"6b8c9dc0b2ba8b78de5e8b63a61b5a32": ["2", "org.wordpress.android.AddAccount"]}, {"6b8c9dc0b2ba8b78de5e8b63a61b5a32": ["2", "org.wordpress.android.AddAccount"]}, {"6b8c9dc0b2ba8b78de5e8b63a61b5a32": ["2", "org.wordpress.android.AddAccount"]}, {"6b8c9dc0b2ba8b78de5e8b63a61b5a32": ["2", "org.wordpress.android.AddAccount"]}, {"6b8c9dc0b2ba8b78de5e8b63a61b5a32": ["2", "org.wordpress.android.AddAccount"]}, {"eeb8c673f170399ab59806c6fb271e57": ["1", "org.wordpress.android.NewAccount"]}, {"fa11352be912e37b6c0e92bece2480f3": ["3", "org.wordpress.android.AddAccount"]}, {"eeb8c673f170399ab59806c6fb271e57": ["1", "org.wordpress.android.NewAccount"]}, {"fa11352be912e37b6c0e92bece2480f3": ["3", "org.wordpress.android.AddAccount"]}, {"eeb8c673f170399ab59806c6fb271e57": ["1", "org.wordpress.android.NewAccount"]}, {"eeb8c673f170399ab59806c6fb271e57": ["1", "org.wordpress.android.NewAccount"]}, {"eeb8c673f170399ab59806c6fb271e57": ["1", "org.wordpress.android.NewAccount"]}, {"eeb8c673f170399ab59806c6fb271e57": ["1", "org.wordpress.android.NewAccount"]}, {"6b8c9dc0b2ba8b78de5e8b63a61b5a32": ["2", "org.wordpress.android.AddAccount"]}, {"6b8c9dc0b2ba8b78de5e8b63a61b5a32": ["2", "org.wordpress.android.AddAccount"]}, {"eeb8c673f170399ab59806c6fb271e57": ["1", "org.wordpress.android.NewAccount"]}, {"6b8c9dc0b2ba8b78de5e8b63a61b5a32": ["2", "org.wordpress.android.AddAccount"]}, {"6b8c9dc0b2ba8b78de5e8b63a61b5a32": ["2", "org.wordpress.android.AddAccount"]}, {"eeb8c673f170399ab59806c6fb271e57": ["1", "org.wordpress.android.NewAccount"]}, {"eeb8c673f170399ab59806c6fb271e57": ["1", "org.wordpress.android.NewAccount"]}, {"eeb8c673f170399ab59806c6fb271e57": ["1", "org.wordpress.android.NewAccount"]}, {"6b8c9dc0b2ba8b78de5e8b63a61b5a32": ["2", "org.wordpress.android.AddAccount"]}, {"edb2d2fa9971c27a84cf512a0d41eb71": ["4", "org.wordpress.android.AddAccount"]}, {"eeb8c673f170399ab59806c6fb271e57": ["1", "org.wordpress.android.NewAccount"]}, {"eeb8c673f170399ab59806c6fb271e57": ["1", "org.wordpress.android.NewAccount"]}, {"fa11352be912e37b6c0e92bece2480f3": ["3", "org.wordpress.android.AddAccount"]}, {"eeb8c673f170399ab59806c6fb271e57": ["1", "org.wordpress.android.NewAccount"]}, {"6b8c9dc0b2ba8b78de5e8b63a61b5a32": ["2", "org.wordpress.android.AddAccount"]}, {"6b8c9dc0b2ba8b78de5e8b63a61b5a32": ["2", "org.wordpress.android.AddAccount"]}, {"eeb8c673f170399ab59806c6fb271e57": ["1", "org.wordpress.android.NewAccount"]}, {"eeb8c673f170399ab59806c6fb271e57": ["1", "org.wordpress.android.NewAccount"]}, {"6b8c9dc0b2ba8b78de5e8b63a61b5a32": ["2", "org.wordpress.android.AddAccount"]}, {"eeb8c673f170399ab59806c6fb271e57": ["1", "org.wordpress.android.NewAccount"]}, {"eeb8c673f170399ab59806c6fb271e57": ["1", "org.wordpress.android.NewAccount"]}, {"6b8c9dc0b2ba8b78de5e8b63a61b5a32": ["2", "org.wordpress.android.AddAccount"]}, {"6b8c9dc0b2ba8b78de5e8b63a61b5a32": ["2", "org.wordpress.android.AddAccount"]}, {"6b8c9dc0b2ba8b78de5e8b63a61b5a32": ["2", "org.wordpress.android.AddAccount"]}, {"ba404ddbd6dfd4a8e80d724efe78ceca": ["5", "org.wordpress.android.AddAcountSettings"]}, {"ba404ddbd6dfd4a8e80d724efe78ceca": ["5", "org.wordpress.android.AddAcountSettings"]}, {"ba404ddbd6dfd4a8e80d724efe78ceca": ["5", "org.wordpress.android.AddAcountSettings"]}, {"6b8c9dc0b2ba8b78de5e8b63a61b5a32": ["2", "org.wordpress.android.AddAccount"]}, {"6b8c9dc0b2ba8b78de5e8b63a61b5a32": ["2", "org.wordpress.android.AddAccount"]}, {"6b8c9dc0b2ba8b78de5e8b63a61b5a32": ["2", "org.wordpress.android.AddAccount"]}, {"6b8c9dc0b2ba8b78de5e8b63a61b5a32": ["2", "org.wordpress.android.AddAccount"]}, {"eeb8c673f170399ab59806c6fb271e57": ["1", "org.wordpress.android.NewAccount"]}, {"fa11352be912e37b6c0e92bece2480f3": ["3", "org.wordpress.android.AddAccount"]}, {"edb2d2fa9971c27a84cf512a0d41eb71": ["4", "org.wordpress.android.AddAccount"]}, {"eeb8c673f170399ab59806c6fb271e57": ["1", "org.wordpress.android.NewAccount"]}, {"6b8c9dc0b2ba8b78de5e8b63a61b5a32": ["2", "org.wordpress.android.AddAccount"]}, {"6b8c9dc0b2ba8b78de5e8b63a61b5a32": ["2", "org.wordpress.android.AddAccount"]}, {"6b8c9dc0b2ba8b78de5e8b63a61b5a32": ["2", "org.wordpress.android.AddAccount"]}, {"ba404ddbd6dfd4a8e80d724efe78ceca": ["5", "org.wordpress.android.AddAcountSettings"]}, {"eeb8c673f170399ab59806c6fb271e57": ["1", "org.wordpress.android.NewAccount"]}, {"fa11352be912e37b6c0e92bece2480f3": ["3", "org.wordpress.android.AddAccount"]}, {"eeb8c673f170399ab59806c6fb271e57": ["1", "org.wordpress.android.NewAccount"]}, {"6b8c9dc0b2ba8b78de5e8b63a61b5a32": ["2", "org.wordpress.android.AddAccount"]}, {"eeb8c673f170399ab59806c6fb271e57": ["1", "org.wordpress.android.NewAccount"]}, {"eeb8c673f170399ab59806c6fb271e57": ["1", "org.wordpress.android.NewAccount"]}, {"6b8c9dc0b2ba8b78de5e8b63a61b5a32": ["2", "org.wordpress.android.AddAccount"]}, {"6b8c9dc0b2ba8b78de5e8b63a61b5a32": ["2", "org.wordpress.android.AddAccount"]}, {"ba404ddbd6dfd4a8e80d724efe78ceca": ["5", "org.wordpress.android.AddAcountSettings"]}, {"6b8c9dc0b2ba8b78de5e8b63a61b5a32": ["2", "org.wordpress.android.AddAccount"]}, {"6b8c9dc0b2ba8b78de5e8b63a61b5a32": ["2", "org.wordpress.android.AddAccount"]}, {"6b8c9dc0b2ba8b78de5e8b63a61b5a32": ["2", "org.wordpress.android.AddAccount"]}, {"6b8c9dc0b2ba8b78de5e8b63a61b5a32": ["2", "org.wordpress.android.AddAccount"]}, {"6b8c9dc0b2ba8b78de5e8b63a61b5a32": ["2", "org.wordpress.android.AddAccount"]}, {"edb2d2fa9971c27a84cf512a0d41eb71": ["4", "org.wordpress.android.AddAccount"]}, {"eeb8c673f170399ab59806c6fb271e57": ["1", "org.wordpress.android.NewAccount"]}, {"fa11352be912e37b6c0e92bece2480f3": ["3", "org.wordpress.android.AddAccount"]}, {"fa11352be912e37b6c0e92bece2480f3": ["3", "org.wordpress.android.AddAccount"]}, {"eeb8c673f170399ab59806c6fb271e57": ["1", "org.wordpress.android.NewAccount"]}, {"fa11352be912e37b6c0e92bece2480f3": ["3", "org.wordpress.android.AddAccount"]}, {"fa11352be912e37b6c0e92bece2480f3": ["3", "org.wordpress.android.AddAccount"]}, {"fa11352be912e37b6c0e92bece2480f3": ["3", "org.wordpress.android.AddAccount"]}, {"fa11352be912e37b6c0e92bece2480f3": ["3", "org.wordpress.android.AddAccount"]}, {"fa11352be912e37b6c0e92bece2480f3": ["3", "org.wordpress.android.AddAccount"]}, {"fa11352be912e37b6c0e92bece2480f3": ["3", "org.wordpress.android.AddAccount"]}, {"fa11352be912e37b6c0e92bece2480f3": ["3", "org.wordpress.android.AddAccount"]}, {"fa11352be912e37b6c0e92bece2480f3": ["3", "org.wordpress.android.AddAccount"]}, {"fa11352be912e37b6c0e92bece2480f3": ["3", "org.wordpress.android.AddAccount"]}, {"fa11352be912e37b6c0e92bece2480f3": ["3", "org.wordpress.android.AddAccount"]}, {"fa11352be912e37b6c0e92bece2480f3": ["3", "org.wordpress.android.AddAccount"]}, {"fa11352be912e37b6c0e92bece2480f3": ["3", "org.wordpress.android.AddAccount"]}, {"edb2d2fa9971c27a84cf512a0d41eb71": ["4", "org.wordpress.android.AddAccount"]}, {"eeb8c673f170399ab59806c6fb271e57": ["1", "org.wordpress.android.NewAccount"]}, {"eeb8c673f170399ab59806c6fb271e57": ["1", "org.wordpress.android.NewAccount"]}, {"fa11352be912e37b6c0e92bece2480f3": ["3", "org.wordpress.android.AddAccount"]}, {"edb2d2fa9971c27a84cf512a0d41eb71": ["4", "org.wordpress.android.AddAccount"]}, {"eeb8c673f170399ab59806c6fb271e57": ["1", "org.wordpress.android.NewAccount"]}, {"fa11352be912e37b6c0e92bece2480f3": ["3", "org.wordpress.android.AddAccount"]}, {"fa11352be912e37b6c0e92bece2480f3": ["3", "org.wordpress.android.AddAccount"]}, {"eeb8c673f170399ab59806c6fb271e57": ["1", "org.wordpress.android.NewAccount"]}, {"6b8c9dc0b2ba8b78de5e8b63a61b5a32": ["2", "org.wordpress.android.AddAccount"]}, {"eeb8c673f170399ab59806c6fb271e57": ["1", "org.wordpress.android.NewAccount"]}, {"fa11352be912e37b6c0e92bece2480f3": ["3", "org.wordpress.android.AddAccount"]}, {"fa11352be912e37b6c0e92bece2480f3": ["3", "org.wordpress.android.AddAccount"]}, {"fa11352be912e37b6c0e92bece2480f3": ["3", "org.wordpress.android.AddAccount"]}, {"eeb8c673f170399ab59806c6fb271e57": ["1", "org.wordpress.android.NewAccount"]}, {"eeb8c673f170399ab59806c6fb271e57": ["1", "org.wordpress.android.NewAccount"]}, {"6b8c9dc0b2ba8b78de5e8b63a61b5a32": ["2", "org.wordpress.android.AddAccount"]}, {"6b8c9dc0b2ba8b78de5e8b63a61b5a32": ["2", "org.wordpress.android.AddAccount"]}, {"eeb8c673f170399ab59806c6fb271e57": ["1", "org.wordpress.android.NewAccount"]}, {"fa11352be912e37b6c0e92bece2480f3": ["3", "org.wordpress.android.AddAccount"]}, {"eeb8c673f170399ab59806c6fb271e57": ["1", "org.wordpress.android.NewAccount"]}, {"fa11352be912e37b6c0e92bece2480f3": ["3", "org.wordpress.android.AddAccount"]}, {"edb2d2fa9971c27a84cf512a0d41eb71": ["4", "org.wordpress.android.AddAccount"]}, {"eeb8c673f170399ab59806c6fb271e57": ["1", "org.wordpress.android.NewAccount"]}, {"eeb8c673f170399ab59806c6fb271e57": ["1", "org.wordpress.android.NewAccount"]}, {"eeb8c673f170399ab59806c6fb271e57": ["1", "org.wordpress.android.NewAccount"]}, {"fa11352be912e37b6c0e92bece2480f3": ["3", "org.wordpress.android.AddAccount"]}, {"fa11352be912e37b6c0e92bece2480f3": ["3", "org.wordpress.android.AddAccount"]}, {"edb2d2fa9971c27a84cf512a0d41eb71": ["4", "org.wordpress.android.AddAccount"]}, {"eeb8c673f170399ab59806c6fb271e57": ["1", "org.wordpress.android.NewAccount"]}, {"fa11352be912e37b6c0e92bece2480f3": ["3", "org.wordpress.android.AddAccount"]}, {"eeb8c673f170399ab59806c6fb271e57": ["1", "org.wordpress.android.NewAccount"]}, {"eeb8c673f170399ab59806c6fb271e57": ["1", "org.wordpress.android.NewAccount"]}, {"eeb8c673f170399ab59806c6fb271e57": ["1", "org.wordpress.android.NewAccount"]}, {"6b8c9dc0b2ba8b78de5e8b63a61b5a32": ["2", "org.wordpress.android.AddAccount"]}, {"6b8c9dc0b2ba8b78de5e8b63a61b5a32": ["2", "org.wordpress.android.AddAccount"]}, {"edb2d2fa9971c27a84cf512a0d41eb71": ["4", "org.wordpress.android.AddAccount"]}, {"eeb8c673f170399ab59806c6fb271e57": ["1", "org.wordpress.android.NewAccount"]}, {"fa11352be912e37b6c0e92bece2480f3": ["3", "org.wordpress.android.AddAccount"]}, {"fa11352be912e37b6c0e92bece2480f3": ["3", "org.wordpress.android.AddAccount"]}, {"eeb8c673f170399ab59806c6fb271e57": ["1", "org.wordpress.android.NewAccount"]}, {"6b8c9dc0b2ba8b78de5e8b63a61b5a32": ["2", "org.wordpress.android.AddAccount"]}, {"6b8c9dc0b2ba8b78de5e8b63a61b5a32": ["2", "org.wordpress.android.AddAccount"]}, {"6b8c9dc0b2ba8b78de5e8b63a61b5a32": ["2", "org.wordpress.android.AddAccount"]}, {"6b8c9dc0b2ba8b78de5e8b63a61b5a32": ["2", "org.wordpress.android.AddAccount"]}, {"6b8c9dc0b2ba8b78de5e8b63a61b5a32": ["2", "org.wordpress.android.AddAccount"]}, {"6b8c9dc0b2ba8b78de5e8b63a61b5a32": ["2", "org.wordpress.android.AddAccount"]}, {"6b8c9dc0b2ba8b78de5e8b63a61b5a32": ["2", "org.wordpress.android.AddAccount"]}, {"eeb8c673f170399ab59806c6fb271e57": ["1", "org.wordpress.android.NewAccount"]}, {"fa11352be912e37b6c0e92bece2480f3": ["3", "org.wordpress.android.AddAccount"]}, {"edb2d2fa9971c27a84cf512a0d41eb71": ["4", "org.wordpress.android.AddAccount"]}, {"eeb8c673f170399ab59806c6fb271e57": ["1", "org.wordpress.android.NewAccount"]}, {"eeb8c673f170399ab59806c6fb271e57": ["1", "org.wordpress.android.NewAccount"]}, {"eeb8c673f170399ab59806c6fb271e57": ["1", "org.wordpress.android.NewAccount"]}, {"eeb8c673f170399ab59806c6fb271e57": ["1", "org.wordpress.android.NewAccount"]}, {"fa11352be912e37b6c0e92bece2480f3": ["3", "org.wordpress.android.AddAccount"]}, {"fa11352be912e37b6c0e92bece2480f3": ["3", "org.wordpress.android.AddAccount"]}, {"fa11352be912e37b6c0e92bece2480f3": ["3", "org.wordpress.android.AddAccount"]}, {"fa11352be912e37b6c0e92bece2480f3": ["3", "org.wordpress.android.AddAccount"]}, {"eeb8c673f170399ab59806c6fb271e57": ["1", "org.wordpress.android.NewAccount"]}, {"fa11352be912e37b6c0e92bece2480f3": ["3", "org.wordpress.android.AddAccount"]}, {"fa11352be912e37b6c0e92bece2480f3": ["3", "org.wordpress.android.AddAccount"]}, {"edb2d2fa9971c27a84cf512a0d41eb71": ["4", "org.wordpress.android.AddAccount"]}, {"eeb8c673f170399ab59806c6fb271e57": ["1", "org.wordpress.android.NewAccount"]}, {"eeb8c673f170399ab59806c6fb271e57": ["1", "org.wordpress.android.NewAccount"]}, {"6b8c9dc0b2ba8b78de5e8b63a61b5a32": ["2", "org.wordpress.android.AddAccount"]}, {"edb2d2fa9971c27a84cf512a0d41eb71": ["4", "org.wordpress.android.AddAccount"]}, {"eeb8c673f170399ab59806c6fb271e57": ["1", "org.wordpress.android.NewAccount"]}, {"6b8c9dc0b2ba8b78de5e8b63a61b5a32": ["2", "org.wordpress.android.AddAccount"]}, {"6b8c9dc0b2ba8b78de5e8b63a61b5a32": ["2", "org.wordpress.android.AddAccount"]}, {"6b8c9dc0b2ba8b78de5e8b63a61b5a32": ["2", "org.wordpress.android.AddAccount"]}, {"6b8c9dc0b2ba8b78de5e8b63a61b5a32": ["2", "org.wordpress.android.AddAccount"]}, {"6b8c9dc0b2ba8b78de5e8b63a61b5a32": ["2", "org.wordpress.android.AddAccount"]}, {"eeb8c673f170399ab59806c6fb271e57": ["1", "org.wordpress.android.NewAccount"]}, {"6b8c9dc0b2ba8b78de5e8b63a61b5a32": ["2", "org.wordpress.android.AddAccount"]}, {"6b8c9dc0b2ba8b78de5e8b63a61b5a32": ["2", "org.wordpress.android.AddAccount"]}, {"6b8c9dc0b2ba8b78de5e8b63a61b5a32": ["2", "org.wordpress.android.AddAccount"]}, {"6b8c9dc0b2ba8b78de5e8b63a61b5a32": ["2", "org.wordpress.android.AddAccount"]}, {"edb2d2fa9971c27a84cf512a0d41eb71": ["4", "org.wordpress.android.AddAccount"]}, {"eeb8c673f170399ab59806c6fb271e57": ["1", "org.wordpress.android.NewAccount"]}, {"eeb8c673f170399ab59806c6fb271e57": ["1", "org.wordpress.android.NewAccount"]}, {"6b8c9dc0b2ba8b78de5e8b63a61b5a32": ["2", "org.wordpress.android.AddAccount"]}, {"6b8c9dc0b2ba8b78de5e8b63a61b5a32": ["2", "org.wordpress.android.AddAccount"]}, {"6b8c9dc0b2ba8b78de5e8b63a61b5a32": ["2", "org.wordpress.android.AddAccount"]}, {"ba404ddbd6dfd4a8e80d724efe78ceca": ["5", "org.wordpress.android.AddAcountSettings"]}, {"6b8c9dc0b2ba8b78de5e8b63a61b5a32": ["2", "org.wordpress.android.AddAccount"]}, {"eeb8c673f170399ab59806c6fb271e57": ["1", "org.wordpress.android.NewAccount"]}, {"eeb8c673f170399ab59806c6fb271e57": ["1", "org.wordpress.android.NewAccount"]}, {"6b8c9dc0b2ba8b78de5e8b63a61b5a32": ["2", "org.wordpress.android.AddAccount"]}, {"6b8c9dc0b2ba8b78de5e8b63a61b5a32": ["2", "org.wordpress.android.AddAccount"]}, {"eeb8c673f170399ab59806c6fb271e57": ["1", "org.wordpress.android.NewAccount"]}, {"6b8c9dc0b2ba8b78de5e8b63a61b5a32": ["2", "org.wordpress.android.AddAccount"]}, {"6b8c9dc0b2ba8b78de5e8b63a61b5a32": ["2", "org.wordpress.android.AddAccount"]}, {"eeb8c673f170399ab59806c6fb271e57": ["1", "org.wordpress.android.NewAccount"]}, {"eeb8c673f170399ab59806c6fb271e57": ["1", "org.wordpress.android.NewAccount"]}, {"fa11352be912e37b6c0e92bece2480f3": ["3", "org.wordpress.android.AddAccount"]}, {"fa11352be912e37b6c0e92bece2480f3": ["3", "org.wordpress.android.AddAccount"]}, {"edb2d2fa9971c27a84cf512a0d41eb71": ["4", "org.wordpress.android.AddAccount"]}, {"eeb8c673f170399ab59806c6fb271e57": ["1", "org.wordpress.android.NewAccount"]}, {"fa11352be912e37b6c0e92bece2480f3": ["3", "org.wordpress.android.AddAccount"]}, {"fa11352be912e37b6c0e92bece2480f3": ["3", "org.wordpress.android.AddAccount"]}, {"eeb8c673f170399ab59806c6fb271e57": ["1", "org.wordpress.android.NewAccount"]}, {"6b8c9dc0b2ba8b78de5e8b63a61b5a32": ["2", "org.wordpress.android.AddAccount"]}, {"6b8c9dc0b2ba8b78de5e8b63a61b5a32": ["2", "org.wordpress.android.AddAccount"]}, {"6b8c9dc0b2ba8b78de5e8b63a61b5a32": ["2", "org.wordpress.android.AddAccount"]}, {"6b8c9dc0b2ba8b78de5e8b63a61b5a32": ["2", "org.wordpress.android.AddAccount"]}, {"6b8c9dc0b2ba8b78de5e8b63a61b5a32": ["2", "org.wordpress.android.AddAccount"]}, {"6b8c9dc0b2ba8b78de5e8b63a61b5a32": ["2", "org.wordpress.android.AddAccount"]}, {"6b8c9dc0b2ba8b78de5e8b63a61b5a32": ["2", "org.wordpress.android.AddAccount"]}, {"6b8c9dc0b2ba8b78de5e8b63a61b5a32": ["2", "org.wordpress.android.AddAccount"]}, {"6b8c9dc0b2ba8b78de5e8b63a61b5a32": ["2", "org.wordpress.android.AddAccount"]}, {"6b8c9dc0b2ba8b78de5e8b63a61b5a32": ["2", "org.wordpress.android.AddAccount"]}, {"6b8c9dc0b2ba8b78de5e8b63a61b5a32": ["2", "org.wordpress.android.AddAccount"]}, {"ba404ddbd6dfd4a8e80d724efe78ceca": ["5", "org.wordpress.android.AddAcountSettings"]}, {"ba404ddbd6dfd4a8e80d724efe78ceca": ["5", "org.wordpress.android.AddAcountSettings"]}, {"6b8c9dc0b2ba8b78de5e8b63a61b5a32": ["2", "org.wordpress.android.AddAccount"]}, {"eeb8c673f170399ab59806c6fb271e57": ["1", "org.wordpress.android.NewAccount"]}, {"eeb8c673f170399ab59806c6fb271e57": ["1", "org.wordpress.android.NewAccount"]}, {"6b8c9dc0b2ba8b78de5e8b63a61b5a32": ["2", "org.wordpress.android.AddAccount"]}, {"6b8c9dc0b2ba8b78de5e8b63a61b5a32": ["2", "org.wordpress.android.AddAccount"]}, {"6b8c9dc0b2ba8b78de5e8b63a61b5a32": ["2", "org.wordpress.android.AddAccount"]}, {"ba404ddbd6dfd4a8e80d724efe78ceca": ["5", "org.wordpress.android.AddAcountSettings"]}, {"ba404ddbd6dfd4a8e80d724efe78ceca": ["5", "org.wordpress.android.AddAcountSettings"]}, {"ba404ddbd6dfd4a8e80d724efe78ceca": ["5", "org.wordpress.android.AddAcountSettings"]}, {"ba404ddbd6dfd4a8e80d724efe78ceca": ["5", "org.wordpress.android.AddAcountSettings"]}, {"ba404ddbd6dfd4a8e80d724efe78ceca": ["5", "org.wordpress.android.AddAcountSettings"]}, {"6b8c9dc0b2ba8b78de5e8b63a61b5a32": ["2", "org.wordpress.android.AddAccount"]}, {"6b8c9dc0b2ba8b78de5e8b63a61b5a32": ["2", "org.wordpress.android.AddAccount"]}, {"ba404ddbd6dfd4a8e80d724efe78ceca": ["5", "org.wordpress.android.AddAcountSettings"]}, {"ba404ddbd6dfd4a8e80d724efe78ceca": ["5", "org.wordpress.android.AddAcountSettings"]}, {"6b8c9dc0b2ba8b78de5e8b63a61b5a32": ["2", "org.wordpress.android.AddAccount"]}, {"eeb8c673f170399ab59806c6fb271e57": ["1", "org.wordpress.android.NewAccount"]}, {"6b8c9dc0b2ba8b78de5e8b63a61b5a32": ["2", "org.wordpress.android.AddAccount"]}, {"6b8c9dc0b2ba8b78de5e8b63a61b5a32": ["2", "org.wordpress.android.AddAccount"]}, {"6b8c9dc0b2ba8b78de5e8b63a61b5a32": ["2", "org.wordpress.android.AddAccount"]}, {"6b8c9dc0b2ba8b78de5e8b63a61b5a32": ["2", "org.wordpress.android.AddAccount"]}, {"eeb8c673f170399ab59806c6fb271e57": ["1", "org.wordpress.android.NewAccount"]}, {"6b8c9dc0b2ba8b78de5e8b63a61b5a32": ["2", "org.wordpress.android.AddAccount"]}, {"6b8c9dc0b2ba8b78de5e8b63a61b5a32": ["2", "org.wordpress.android.AddAccount"]}, {"eeb8c673f170399ab59806c6fb271e57": ["1", "org.wordpress.android.NewAccount"]}, {"eeb8c673f170399ab59806c6fb271e57": ["1", "org.wordpress.android.NewAccount"]}, {"6b8c9dc0b2ba8b78de5e8b63a61b5a32": ["2", "org.wordpress.android.AddAccount"]}, {"ba404ddbd6dfd4a8e80d724efe78ceca": ["5", "org.wordpress.android.AddAcountSettings"]}, {"ba404ddbd6dfd4a8e80d724efe78ceca": ["5", "org.wordpress.android.AddAcountSettings"]}, {"ba404ddbd6dfd4a8e80d724efe78ceca": ["5", "org.wordpress.android.AddAcountSettings"]}, {"ba404ddbd6dfd4a8e80d724efe78ceca": ["5", "org.wordpress.android.AddAcountSettings"]}, {"6b8c9dc0b2ba8b78de5e8b63a61b5a32": ["2", "org.wordpress.android.AddAccount"]}, {"6b8c9dc0b2ba8b78de5e8b63a61b5a32": ["2", "org.wordpress.android.AddAccount"]}, {"6b8c9dc0b2ba8b78de5e8b63a61b5a32": ["2", "org.wordpress.android.AddAccount"]}, {"ba404ddbd6dfd4a8e80d724efe78ceca": ["5", "org.wordpress.android.AddAcountSettings"]}, {"ba404ddbd6dfd4a8e80d724efe78ceca": ["5", "org.wordpress.android.AddAcountSettings"]}, {"ba404ddbd6dfd4a8e80d724efe78ceca": ["5", "org.wordpress.android.AddAcountSettings"]}, {"ba404ddbd6dfd4a8e80d724efe78ceca": ["5", "org.wordpress.android.AddAcountSettings"]}, {"ba404ddbd6dfd4a8e80d724efe78ceca": ["5", "org.wordpress.android.AddAcountSettings"]}, {"ba404ddbd6dfd4a8e80d724efe78ceca": ["5", "org.wordpress.android.AddAcountSettings"]}, {"6b8c9dc0b2ba8b78de5e8b63a61b5a32": ["2", "org.wordpress.android.AddAccount"]}, {"6b8c9dc0b2ba8b78de5e8b63a61b5a32": ["2", "org.wordpress.android.AddAccount"]}, {"6b8c9dc0b2ba8b78de5e8b63a61b5a32": ["2", "org.wordpress.android.AddAccount"]}, {"6b8c9dc0b2ba8b78de5e8b63a61b5a32": ["2", "org.wordpress.android.AddAccount"]}, {"6b8c9dc0b2ba8b78de5e8b63a61b5a32": ["2", "org.wordpress.android.AddAccount"]}, {"ba404ddbd6dfd4a8e80d724efe78ceca": ["5", "org.wordpress.android.AddAcountSettings"]}, {"6b8c9dc0b2ba8b78de5e8b63a61b5a32": ["2", "org.wordpress.android.AddAccount"]}, {"eeb8c673f170399ab59806c6fb271e57": ["1", "org.wordpress.android.NewAccount"]}, {"fa11352be912e37b6c0e92bece2480f3": ["3", "org.wordpress.android.AddAccount"]}, {"edb2d2fa9971c27a84cf512a0d41eb71": ["4", "org.wordpress.android.AddAccount"]}, {"eeb8c673f170399ab59806c6fb271e57": ["1", "org.wordpress.android.NewAccount"]}, {"6b8c9dc0b2ba8b78de5e8b63a61b5a32": ["2", "org.wordpress.android.AddAccount"]}, {"6b8c9dc0b2ba8b78de5e8b63a61b5a32": ["2", "org.wordpress.android.AddAccount"]}, {"6b8c9dc0b2ba8b78de5e8b63a61b5a32": ["2", "org.wordpress.android.AddAccount"]}, {"6b8c9dc0b2ba8b78de5e8b63a61b5a32": ["2", "org.wordpress.android.AddAccount"]}, {"6b8c9dc0b2ba8b78de5e8b63a61b5a32": ["2", "org.wordpress.android.AddAccount"]}, {"6b8c9dc0b2ba8b78de5e8b63a61b5a32": ["2", "org.wordpress.android.AddAccount"]}, {"6b8c9dc0b2ba8b78de5e8b63a61b5a32": ["2", "org.wordpress.android.AddAccount"]}, {"6b8c9dc0b2ba8b78de5e8b63a61b5a32": ["2", "org.wordpress.android.AddAccount"]}, {"ba404ddbd6dfd4a8e80d724efe78ceca": ["5", "org.wordpress.android.AddAcountSettings"]}, {"6b8c9dc0b2ba8b78de5e8b63a61b5a32": ["2", "org.wordpress.android.AddAccount"]}, {"eeb8c673f170399ab59806c6fb271e57": ["1", "org.wordpress.android.NewAccount"]}, {"fa11352be912e37b6c0e92bece2480f3": ["3", "org.wordpress.android.AddAccount"]}, {"fa11352be912e37b6c0e92bece2480f3": ["3", "org.wordpress.android.AddAccount"]}, {"fa11352be912e37b6c0e92bece2480f3": ["3", "org.wordpress.android.AddAccount"]}, {"fa11352be912e37b6c0e92bece2480f3": ["3", "org.wordpress.android.AddAccount"]}, {"fa11352be912e37b6c0e92bece2480f3": ["3", "org.wordpress.android.AddAccount"]}, {"fa11352be912e37b6c0e92bece2480f3": ["3", "org.wordpress.android.AddAccount"]}, {"fa11352be912e37b6c0e92bece2480f3": ["3", "org.wordpress.android.AddAccount"]}, {"fa11352be912e37b6c0e92bece2480f3": ["3", "org.wordpress.android.AddAccount"]}, {"edb2d2fa9971c27a84cf512a0d41eb71": ["4", "org.wordpress.android.AddAccount"]}, {"eeb8c673f170399ab59806c6fb271e57": ["1", "org.wordpress.android.NewAccount"]}, {"eeb8c673f170399ab59806c6fb271e57": ["1", "org.wordpress.android.NewAccount"]}, {"6b8c9dc0b2ba8b78de5e8b63a61b5a32": ["2", "org.wordpress.android.AddAccount"]}, {"6b8c9dc0b2ba8b78de5e8b63a61b5a32": ["2", "org.wordpress.android.AddAccount"]}, {"6b8c9dc0b2ba8b78de5e8b63a61b5a32": ["2", "org.wordpress.android.AddAccount"]}, {"edb2d2fa9971c27a84cf512a0d41eb71": ["4", "org.wordpress.android.AddAccount"]}, {"eeb8c673f170399ab59806c6fb271e57": ["1", "org.wordpress.android.NewAccount"]}, {"6b8c9dc0b2ba8b78de5e8b63a61b5a32": ["2", "org.wordpress.android.AddAccount"]}, {"6b8c9dc0b2ba8b78de5e8b63a61b5a32": ["2", "org.wordpress.android.AddAccount"]}, {"eeb8c673f170399ab59806c6fb271e57": ["1", "org.wordpress.android.NewAccount"]}, {"fa11352be912e37b6c0e92bece2480f3": ["3", "org.wordpress.android.AddAccount"]}, {"fa11352be912e37b6c0e92bece2480f3": ["3", "org.wordpress.android.AddAccount"]}, {"fa11352be912e37b6c0e92bece2480f3": ["3", "org.wordpress.android.AddAccount"]}, {"fa11352be912e37b6c0e92bece2480f3": ["3", "org.wordpress.android.AddAccount"]}, {"fa11352be912e37b6c0e92bece2480f3": ["3", "org.wordpress.android.AddAccount"]}, {"fa11352be912e37b6c0e92bece2480f3": ["3", "org.wordpress.android.AddAccount"]}, {"fa11352be912e37b6c0e92bece2480f3": ["3", "org.wordpress.android.AddAccount"]}, {"eeb8c673f170399ab59806c6fb271e57": ["1", "org.wordpress.android.NewAccount"]}, {"eeb8c673f170399ab59806c6fb271e57": ["1", "org.wordpress.android.NewAccount"]}, {"6b8c9dc0b2ba8b78de5e8b63a61b5a32": ["2", "org.wordpress.android.AddAccount"]}, {"6b8c9dc0b2ba8b78de5e8b63a61b5a32": ["2", "org.wordpress.android.AddAccount"]}, {"ba404ddbd6dfd4a8e80d724efe78ceca": ["5", "org.wordpress.android.AddAcountSettings"]}, {"6b8c9dc0b2ba8b78de5e8b63a61b5a32": ["2", "org.wordpress.android.AddAccount"]}, {"6b8c9dc0b2ba8b78de5e8b63a61b5a32": ["2", "org.wordpress.android.AddAccount"]}, {"6b8c9dc0b2ba8b78de5e8b63a61b5a32": ["2", "org.wordpress.android.AddAccount"]}, {"6b8c9dc0b2ba8b78de5e8b63a61b5a32": ["2", "org.wordpress.android.AddAccount"]}, {"6b8c9dc0b2ba8b78de5e8b63a61b5a32": ["2", "org.wordpress.android.AddAccount"]}, {"6b8c9dc0b2ba8b78de5e8b63a61b5a32": ["2", "org.wordpress.android.AddAccount"]}, {"eeb8c673f170399ab59806c6fb271e57": ["1", "org.wordpress.android.NewAccount"]}, {"fa11352be912e37b6c0e92bece2480f3": ["3", "org.wordpress.android.AddAccount"]}, {"fa11352be912e37b6c0e92bece2480f3": ["3", "org.wordpress.android.AddAccount"]}, {"fa11352be912e37b6c0e92bece2480f3": ["3", "org.wordpress.android.AddAccount"]}, {"eeb8c673f170399ab59806c6fb271e57": ["1", "org.wordpress.android.NewAccount"]}, {"eeb8c673f170399ab59806c6fb271e57": ["1", "org.wordpress.android.NewAccount"]}, {"fa11352be912e37b6c0e92bece2480f3": ["3", "org.wordpress.android.AddAccount"]}, {"fa11352be912e37b6c0e92bece2480f3": ["3", "org.wordpress.android.AddAccount"]}, {"fa11352be912e37b6c0e92bece2480f3": ["3", "org.wordpress.android.AddAccount"]}, {"fa11352be912e37b6c0e92bece2480f3": ["3", "org.wordpress.android.AddAccount"]}, {"fa11352be912e37b6c0e92bece2480f3": ["3", "org.wordpress.android.AddAccount"]}, {"fa11352be912e37b6c0e92bece2480f3": ["3", "org.wordpress.android.AddAccount"]}, {"fa11352be912e37b6c0e92bece2480f3": ["3", "org.wordpress.android.AddAccount"]}, {"edb2d2fa9971c27a84cf512a0d41eb71": ["4", "org.wordpress.android.AddAccount"]}, {"eeb8c673f170399ab59806c6fb271e57": ["1", "org.wordpress.android.NewAccount"]}, {"6b8c9dc0b2ba8b78de5e8b63a61b5a32": ["2", "org.wordpress.android.AddAccount"]}, {"6b8c9dc0b2ba8b78de5e8b63a61b5a32": ["2", "org.wordpress.android.AddAccount"]}, {"6b8c9dc0b2ba8b78de5e8b63a61b5a32": ["2", "org.wordpress.android.AddAccount"]}, {"eeb8c673f170399ab59806c6fb271e57": ["1", "org.wordpress.android.NewAccount"]}, {"6b8c9dc0b2ba8b78de5e8b63a61b5a32": ["2", "org.wordpress.android.AddAccount"]}, {"6b8c9dc0b2ba8b78de5e8b63a61b5a32": ["2", "org.wordpress.android.AddAccount"]}, {"edb2d2fa9971c27a84cf512a0d41eb71": ["4", "org.wordpress.android.AddAccount"]}, {"eeb8c673f170399ab59806c6fb271e57": ["1", "org.wordpress.android.NewAccount"]}, {"eeb8c673f170399ab59806c6fb271e57": ["1", "org.wordpress.android.NewAccount"]}, {"eeb8c673f170399ab59806c6fb271e57": ["1", "org.wordpress.android.NewAccount"]}, {"fa11352be912e37b6c0e92bece2480f3": ["3", "org.wordpress.android.AddAccount"]}, {"fa11352be912e37b6c0e92bece2480f3": ["3", "org.wordpress.android.AddAccount"]}, {"fa11352be912e37b6c0e92bece2480f3": ["3", "org.wordpress.android.AddAccount"]}, {"fa11352be912e37b6c0e92bece2480f3": ["3", "org.wordpress.android.AddAccount"]}, {"eeb8c673f170399ab59806c6fb271e57": ["1", "org.wordpress.android.NewAccount"]}, {"6b8c9dc0b2ba8b78de5e8b63a61b5a32": ["2", "org.wordpress.android.AddAccount"]}, {"ba404ddbd6dfd4a8e80d724efe78ceca": ["5", "org.wordpress.android.AddAcountSettings"]}, {"ba404ddbd6dfd4a8e80d724efe78ceca": ["5", "org.wordpress.android.AddAcountSettings"]}, {"6b8c9dc0b2ba8b78de5e8b63a61b5a32": ["2", "org.wordpress.android.AddAccount"]}, {"6b8c9dc0b2ba8b78de5e8b63a61b5a32": ["2", "org.wordpress.android.AddAccount"]}, {"6b8c9dc0b2ba8b78de5e8b63a61b5a32": ["2", "org.wordpress.android.AddAccount"]}, {"eeb8c673f170399ab59806c6fb271e57": ["1", "org.wordpress.android.NewAccount"]}, {"fa11352be912e37b6c0e92bece2480f3": ["3", "org.wordpress.android.AddAccount"]}, {"fa11352be912e37b6c0e92bece2480f3": ["3", "org.wordpress.android.AddAccount"]}, {"fa11352be912e37b6c0e92bece2480f3": ["3", "org.wordpress.android.AddAccount"]}, {"fa11352be912e37b6c0e92bece2480f3": ["3", "org.wordpress.android.AddAccount"]}, {"eeb8c673f170399ab59806c6fb271e57": ["1", "org.wordpress.android.NewAccount"]}, {"eeb8c673f170399ab59806c6fb271e57": ["1", "org.wordpress.android.NewAccount"]}, {"eeb8c673f170399ab59806c6fb271e57": ["1", "org.wordpress.android.NewAccount"]}, {"eeb8c673f170399ab59806c6fb271e57": ["1", "org.wordpress.android.NewAccount"]}, {"fa11352be912e37b6c0e92bece2480f3": ["3", "org.wordpress.android.AddAccount"]}, {"eeb8c673f170399ab59806c6fb271e57": ["1", "org.wordpress.android.NewAccount"]}, {"fa11352be912e37b6c0e92bece2480f3": ["3", "org.wordpress.android.AddAccount"]}, {"fa11352be912e37b6c0e92bece2480f3": ["3", "org.wordpress.android.AddAccount"]}, {"fa11352be912e37b6c0e92bece2480f3": ["3", "org.wordpress.android.AddAccount"]}, {"eeb8c673f170399ab59806c6fb271e57": ["1", "org.wordpress.android.NewAccount"]}, {"6b8c9dc0b2ba8b78de5e8b63a61b5a32": ["2", "org.wordpress.android.AddAccount"]}, {"6b8c9dc0b2ba8b78de5e8b63a61b5a32": ["2", "org.wordpress.android.AddAccount"]}, {"6b8c9dc0b2ba8b78de5e8b63a61b5a32": ["2", "org.wordpress.android.AddAccount"]}, {"6b8c9dc0b2ba8b78de5e8b63a61b5a32": ["2", "org.wordpress.android.AddAccount"]}, {"edb2d2fa9971c27a84cf512a0d41eb71": ["4", "org.wordpress.android.AddAccount"]}, {"eeb8c673f170399ab59806c6fb271e57": ["1", "org.wordpress.android.NewAccount"]}, {"fa11352be912e37b6c0e92bece2480f3": ["3", "org.wordpress.android.AddAccount"]}, {"fa11352be912e37b6c0e92bece2480f3": ["3", "org.wordpress.android.AddAccount"]}, {"eeb8c673f170399ab59806c6fb271e57": ["1", "org.wordpress.android.NewAccount"]}, {"6b8c9dc0b2ba8b78de5e8b63a61b5a32": ["2", "org.wordpress.android.AddAccount"]}, {"6b8c9dc0b2ba8b78de5e8b63a61b5a32": ["2", "org.wordpress.android.AddAccount"]}, {"eeb8c673f170399ab59806c6fb271e57": ["1", "org.wordpress.android.NewAccount"]}, {"eeb8c673f170399ab59806c6fb271e57": ["1", "org.wordpress.android.NewAccount"]}, {"fa11352be912e37b6c0e92bece2480f3": ["3", "org.wordpress.android.AddAccount"]}, {"fa11352be912e37b6c0e92bece2480f3": ["3", "org.wordpress.android.AddAccount"]}, {"fa11352be912e37b6c0e92bece2480f3": ["3", "org.wordpress.android.AddAccount"]}, {"fa11352be912e37b6c0e92bece2480f3": ["3", "org.wordpress.android.AddAccount"]}, {"eeb8c673f170399ab59806c6fb271e57": ["1", "org.wordpress.android.NewAccount"]}, {"eeb8c673f170399ab59806c6fb271e57": ["1", "org.wordpress.android.NewAccount"]}, {"6b8c9dc0b2ba8b78de5e8b63a61b5a32": ["2", "org.wordpress.android.AddAccount"]}, {"6b8c9dc0b2ba8b78de5e8b63a61b5a32": ["2", "org.wordpress.android.AddAccount"]}, {"6b8c9dc0b2ba8b78de5e8b63a61b5a32": ["2", "org.wordpress.android.AddAccount"]}, {"eeb8c673f170399ab59806c6fb271e57": ["1", "org.wordpress.android.NewAccount"]}, {"eeb8c673f170399ab59806c6fb271e57": ["1", "org.wordpress.android.NewAccount"]}, {"fa11352be912e37b6c0e92bece2480f3": ["3", "org.wordpress.android.AddAccount"]}, {"fa11352be912e37b6c0e92bece2480f3": ["3", "org.wordpress.android.AddAccount"]}, {"fa11352be912e37b6c0e92bece2480f3": ["3", "org.wordpress.android.AddAccount"]}, {"fa11352be912e37b6c0e92bece2480f3": ["3", "org.wordpress.android.AddAccount"]}, {"edb2d2fa9971c27a84cf512a0d41eb71": ["4", "org.wordpress.android.AddAccount"]}, {"eeb8c673f170399ab59806c6fb271e57": ["1", "org.wordpress.android.NewAccount"]}, {"eeb8c673f170399ab59806c6fb271e57": ["1", "org.wordpress.android.NewAccount"]}, {"fa11352be912e37b6c0e92bece2480f3": ["3", "org.wordpress.android.AddAccount"]}, {"fa11352be912e37b6c0e92bece2480f3": ["3", "org.wordpress.android.AddAccount"]}, {"eeb8c673f170399ab59806c6fb271e57": ["1", "org.wordpress.android.NewAccount"]}, {"eeb8c673f170399ab59806c6fb271e57": ["1", "org.wordpress.android.NewAccount"]}, {"fa11352be912e37b6c0e92bece2480f3": ["3", "org.wordpress.android.AddAccount"]}, {"fa11352be912e37b6c0e92bece2480f3": ["3", "org.wordpress.android.AddAccount"]}, {"fa11352be912e37b6c0e92bece2480f3": ["3", "org.wordpress.android.AddAccount"]}, {"fa11352be912e37b6c0e92bece2480f3": ["3", "org.wordpress.android.AddAccount"]}, {"fa11352be912e37b6c0e92bece2480f3": ["3", "org.wordpress.android.AddAccount"]}, {"fa11352be912e37b6c0e92bece2480f3": ["3", "org.wordpress.android.AddAccount"]}, {"eeb8c673f170399ab59806c6fb271e57": ["1", "org.wordpress.android.NewAccount"]}, {"fa11352be912e37b6c0e92bece2480f3": ["3", "org.wordpress.android.AddAccount"]}, {"fa11352be912e37b6c0e92bece2480f3": ["3", "org.wordpress.android.AddAccount"]}, {"fa11352be912e37b6c0e92bece2480f3": ["3", "org.wordpress.android.AddAccount"]}, {"fa11352be912e37b6c0e92bece2480f3": ["3", "org.wordpress.android.AddAccount"]}, {"eeb8c673f170399ab59806c6fb271e57": ["1", "org.wordpress.android.NewAccount"]}, {"eeb8c673f170399ab59806c6fb271e57": ["1", "org.wordpress.android.NewAccount"]}, {"eeb8c673f170399ab59806c6fb271e57": ["1", "org.wordpress.android.NewAccount"]}, {"eeb8c673f170399ab59806c6fb271e57": ["1", "org.wordpress.android.NewAccount"]}, {"eeb8c673f170399ab59806c6fb271e57": ["1", "org.wordpress.android.NewAccount"]}, {"eeb8c673f170399ab59806c6fb271e57": ["1", "org.wordpress.android.NewAccount"]}, {"6b8c9dc0b2ba8b78de5e8b63a61b5a32": ["2", "org.wordpress.android.AddAccount"]}, {"6b8c9dc0b2ba8b78de5e8b63a61b5a32": ["2", "org.wordpress.android.AddAccount"]}, {"6b8c9dc0b2ba8b78de5e8b63a61b5a32": ["2", "org.wordpress.android.AddAccount"]}, {"6b8c9dc0b2ba8b78de5e8b63a61b5a32": ["2", "org.wordpress.android.AddAccount"]}, {"6b8c9dc0b2ba8b78de5e8b63a61b5a32": ["2", "org.wordpress.android.AddAccount"]}, {"6b8c9dc0b2ba8b78de5e8b63a61b5a32": ["2", "org.wordpress.android.AddAccount"]}, {"eeb8c673f170399ab59806c6fb271e57": ["1", "org.wordpress.android.NewAccount"]}, {"fa11352be912e37b6c0e92bece2480f3": ["3", "org.wordpress.android.AddAccount"]}, {"eeb8c673f170399ab59806c6fb271e57": ["1", "org.wordpress.android.NewAccount"]}, {"eeb8c673f170399ab59806c6fb271e57": ["1", "org.wordpress.android.NewAccount"]}, {"eeb8c673f170399ab59806c6fb271e57": ["1", "org.wordpress.android.NewAccount"]}, {"eeb8c673f170399ab59806c6fb271e57": ["1", "org.wordpress.android.NewAccount"]}, {"6b8c9dc0b2ba8b78de5e8b63a61b5a32": ["2", "org.wordpress.android.AddAccount"]}, {"6b8c9dc0b2ba8b78de5e8b63a61b5a32": ["2", "org.wordpress.android.AddAccount"]}, {"6b8c9dc0b2ba8b78de5e8b63a61b5a32": ["2", "org.wordpress.android.AddAccount"]}, {"6b8c9dc0b2ba8b78de5e8b63a61b5a32": ["2", "org.wordpress.android.AddAccount"]}, {"eeb8c673f170399ab59806c6fb271e57": ["1", "org.wordpress.android.NewAccount"]}, {"fa11352be912e37b6c0e92bece2480f3": ["3", "org.wordpress.android.AddAccount"]}, {"eeb8c673f170399ab59806c6fb271e57": ["1", "org.wordpress.android.NewAccount"]}, {"eeb8c673f170399ab59806c6fb271e57": ["1", "org.wordpress.android.NewAccount"]}, {"eeb8c673f170399ab59806c6fb271e57": ["1", "org.wordpress.android.NewAccount"]}, {"6b8c9dc0b2ba8b78de5e8b63a61b5a32": ["2", "org.wordpress.android.AddAccount"]}, {"6b8c9dc0b2ba8b78de5e8b63a61b5a32": ["2", "org.wordpress.android.AddAccount"]}, {"6b8c9dc0b2ba8b78de5e8b63a61b5a32": ["2", "org.wordpress.android.AddAccount"]}, {"6b8c9dc0b2ba8b78de5e8b63a61b5a32": ["2", "org.wordpress.android.AddAccount"]}, {"6b8c9dc0b2ba8b78de5e8b63a61b5a32": ["2", "org.wordpress.android.AddAccount"]}, {"eeb8c673f170399ab59806c6fb271e57": ["1", "org.wordpress.android.NewAccount"]}, {"fa11352be912e37b6c0e92bece2480f3": ["3", "org.wordpress.android.AddAccount"]}, {"fa11352be912e37b6c0e92bece2480f3": ["3", "org.wordpress.android.AddAccount"]}, {"eeb8c673f170399ab59806c6fb271e57": ["1", "org.wordpress.android.NewAccount"]}, {"eeb8c673f170399ab59806c6fb271e57": ["1", "org.wordpress.android.NewAccount"]}, {"6b8c9dc0b2ba8b78de5e8b63a61b5a32": ["2", "org.wordpress.android.AddAccount"]}, {"edb2d2fa9971c27a84cf512a0d41eb71": ["4", "org.wordpress.android.AddAccount"]}, {"eeb8c673f170399ab59806c6fb271e57": ["1", "org.wordpress.android.NewAccount"]}, {"fa11352be912e37b6c0e92bece2480f3": ["3", "org.wordpress.android.AddAccount"]}, {"fa11352be912e37b6c0e92bece2480f3": ["3", "org.wordpress.android.AddAccount"]}, {"fa11352be912e37b6c0e92bece2480f3": ["3", "org.wordpress.android.AddAccount"]}, {"fa11352be912e37b6c0e92bece2480f3": ["3", "org.wordpress.android.AddAccount"]}, {"edb2d2fa9971c27a84cf512a0d41eb71": ["4", "org.wordpress.android.AddAccount"]}, {"eeb8c673f170399ab59806c6fb271e57": ["1", "org.wordpress.android.NewAccount"]}, {"fa11352be912e37b6c0e92bece2480f3": ["3", "org.wordpress.android.AddAccount"]}, {"edb2d2fa9971c27a84cf512a0d41eb71": ["4", "org.wordpress.android.AddAccount"]}, {"eeb8c673f170399ab59806c6fb271e57": ["1", "org.wordpress.android.NewAccount"]}, {"eeb8c673f170399ab59806c6fb271e57": ["1", "org.wordpress.android.NewAccount"]}, {"6b8c9dc0b2ba8b78de5e8b63a61b5a32": ["2", "org.wordpress.android.AddAccount"]}, {"6b8c9dc0b2ba8b78de5e8b63a61b5a32": ["2", "org.wordpress.android.AddAccount"]}, {"6b8c9dc0b2ba8b78de5e8b63a61b5a32": ["2", "org.wordpress.android.AddAccount"]}, {"6b8c9dc0b2ba8b78de5e8b63a61b5a32": ["2", "org.wordpress.android.AddAccount"]}, {"6b8c9dc0b2ba8b78de5e8b63a61b5a32": ["2", "org.wordpress.android.AddAccount"]}, {"eeb8c673f170399ab59806c6fb271e57": ["1", "org.wordpress.android.NewAccount"]}, {"fa11352be912e37b6c0e92bece2480f3": ["3", "org.wordpress.android.AddAccount"]}, {"eeb8c673f170399ab59806c6fb271e57": ["1", "org.wordpress.android.NewAccount"]}, {"6b8c9dc0b2ba8b78de5e8b63a61b5a32": ["2", "org.wordpress.android.AddAccount"]}, {"eeb8c673f170399ab59806c6fb271e57": ["1", "org.wordpress.android.NewAccount"]}, {"6b8c9dc0b2ba8b78de5e8b63a61b5a32": ["2", "org.wordpress.android.AddAccount"]}, {"ba404ddbd6dfd4a8e80d724efe78ceca": ["5", "org.wordpress.android.AddAcountSettings"]}, {"6b8c9dc0b2ba8b78de5e8b63a61b5a32": ["2", "org.wordpress.android.AddAccount"]}, {"6b8c9dc0b2ba8b78de5e8b63a61b5a32": ["2", "org.wordpress.android.AddAccount"]}, {"6b8c9dc0b2ba8b78de5e8b63a61b5a32": ["2", "org.wordpress.android.AddAccount"]}, {"6b8c9dc0b2ba8b78de5e8b63a61b5a32": ["2", "org.wordpress.android.AddAccount"]}, {"ba404ddbd6dfd4a8e80d724efe78ceca": ["5", "org.wordpress.android.AddAcountSettings"]}, {"ba404ddbd6dfd4a8e80d724efe78ceca": ["5", "org.wordpress.android.AddAcountSettings"]}, {"ba404ddbd6dfd4a8e80d724efe78ceca": ["5", "org.wordpress.android.AddAcountSettings"]}, {"ba404ddbd6dfd4a8e80d724efe78ceca": ["5", "org.wordpress.android.AddAcountSettings"]}, {"ba404ddbd6dfd4a8e80d724efe78ceca": ["5", "org.wordpress.android.AddAcountSettings"]}]