[{"da39a747a9552cddbd685874049954b1": ["1", "ch.blinkenlights.battery.BlinkenlightsBattery"]}, {"da39a747a9552cddbd685874049954b1": ["1", "ch.blinkenlights.battery.BlinkenlightsBattery"]}, {"da39a747a9552cddbd685874049954b1": ["1", "ch.blinkenlights.battery.BlinkenlightsBattery"]}, {"da39a747a9552cddbd685874049954b1": ["1", "ch.blinkenlights.battery.BlinkenlightsBattery"]}, {"da39a747a9552cddbd685874049954b1": ["1", "ch.blinkenlights.battery.BlinkenlightsBattery"]}, {"da39a747a9552cddbd685874049954b1": ["1", "ch.blinkenlights.battery.BlinkenlightsBattery"]}, {"da39a747a9552cddbd685874049954b1": ["1", "ch.blinkenlights.battery.BlinkenlightsBattery"]}, {"7bdf3b63cf36503285b8a98838a01a2b": ["0", "ch.blinkenlights.battery.BlinkenlightsBattery"]}, {"da39a747a9552cddbd685874049954b1": ["1", "ch.blinkenlights.battery.BlinkenlightsBattery"]}, {"da39a747a9552cddbd685874049954b1": ["1", "ch.blinkenlights.battery.BlinkenlightsBattery"]}, {"da39a747a9552cddbd685874049954b1": ["1", "ch.blinkenlights.battery.BlinkenlightsBattery"]}, {"da39a747a9552cddbd685874049954b1": ["1", "ch.blinkenlights.battery.BlinkenlightsBattery"]}, {"da39a747a9552cddbd685874049954b1": ["1", "ch.blinkenlights.battery.BlinkenlightsBattery"]}, {"7bdf3b63cf36503285b8a98838a01a2b": ["0", "ch.blinkenlights.battery.BlinkenlightsBattery"]}, {"da39a747a9552cddbd685874049954b1": ["1", "ch.blinkenlights.battery.BlinkenlightsBattery"]}, {"da39a747a9552cddbd685874049954b1": ["1", "ch.blinkenlights.battery.BlinkenlightsBattery"]}, {"da39a747a9552cddbd685874049954b1": ["1", "ch.blinkenlights.battery.BlinkenlightsBattery"]}, {"da39a747a9552cddbd685874049954b1": ["1", "ch.blinkenlights.battery.BlinkenlightsBattery"]}, {"da39a747a9552cddbd685874049954b1": ["1", "ch.blinkenlights.battery.BlinkenlightsBattery"]}, {"da39a747a9552cddbd685874049954b1": ["1", "ch.blinkenlights.battery.BlinkenlightsBattery"]}, {"da39a747a9552cddbd685874049954b1": ["1", "ch.blinkenlights.battery.BlinkenlightsBattery"]}, {"da39a747a9552cddbd685874049954b1": ["1", "ch.blinkenlights.battery.BlinkenlightsBattery"]}, {"da39a747a9552cddbd685874049954b1": ["1", "ch.blinkenlights.battery.BlinkenlightsBattery"]}, {"da39a747a9552cddbd685874049954b1": ["1", "ch.blinkenlights.battery.BlinkenlightsBattery"]}, {"da39a747a9552cddbd685874049954b1": ["1", "ch.blinkenlights.battery.BlinkenlightsBattery"]}, {"da39a747a9552cddbd685874049954b1": ["1", "ch.blinkenlights.battery.BlinkenlightsBattery"]}, {"da39a747a9552cddbd685874049954b1": ["1", "ch.blinkenlights.battery.BlinkenlightsBattery"]}, {"da39a747a9552cddbd685874049954b1": ["1", "ch.blinkenlights.battery.BlinkenlightsBattery"]}, {"da39a747a9552cddbd685874049954b1": ["1", "ch.blinkenlights.battery.BlinkenlightsBattery"]}, {"da39a747a9552cddbd685874049954b1": ["1", "ch.blinkenlights.battery.BlinkenlightsBattery"]}, {"da39a747a9552cddbd685874049954b1": ["1", "ch.blinkenlights.battery.BlinkenlightsBattery"]}, {"da39a747a9552cddbd685874049954b1": ["1", "ch.blinkenlights.battery.BlinkenlightsBattery"]}, {"da39a747a9552cddbd685874049954b1": ["1", "ch.blinkenlights.battery.BlinkenlightsBattery"]}, {"da39a747a9552cddbd685874049954b1": ["1", "ch.blinkenlights.battery.BlinkenlightsBattery"]}, {"da39a747a9552cddbd685874049954b1": ["1", "ch.blinkenlights.battery.BlinkenlightsBattery"]}, {"da39a747a9552cddbd685874049954b1": ["1", "ch.blinkenlights.battery.BlinkenlightsBattery"]}, {"7bdf3b63cf36503285b8a98838a01a2b": ["0", "ch.blinkenlights.battery.BlinkenlightsBattery"]}, {"da39a747a9552cddbd685874049954b1": ["1", "ch.blinkenlights.battery.BlinkenlightsBattery"]}, {"da39a747a9552cddbd685874049954b1": ["1", "ch.blinkenlights.battery.BlinkenlightsBattery"]}, {"da39a747a9552cddbd685874049954b1": ["1", "ch.blinkenlights.battery.BlinkenlightsBattery"]}, {"da39a747a9552cddbd685874049954b1": ["1", "ch.blinkenlights.battery.BlinkenlightsBattery"]}, {"da39a747a9552cddbd685874049954b1": ["1", "ch.blinkenlights.battery.BlinkenlightsBattery"]}, {"da39a747a9552cddbd685874049954b1": ["1", "ch.blinkenlights.battery.BlinkenlightsBattery"]}, {"da39a747a9552cddbd685874049954b1": ["1", "ch.blinkenlights.battery.BlinkenlightsBattery"]}, {"da39a747a9552cddbd685874049954b1": ["1", "ch.blinkenlights.battery.BlinkenlightsBattery"]}, {"da39a747a9552cddbd685874049954b1": ["1", "ch.blinkenlights.battery.BlinkenlightsBattery"]}, {"da39a747a9552cddbd685874049954b1": ["1", "ch.blinkenlights.battery.BlinkenlightsBattery"]}, {"da39a747a9552cddbd685874049954b1": ["1", "ch.blinkenlights.battery.BlinkenlightsBattery"]}, {"da39a747a9552cddbd685874049954b1": ["1", "ch.blinkenlights.battery.BlinkenlightsBattery"]}, {"da39a747a9552cddbd685874049954b1": ["1", "ch.blinkenlights.battery.BlinkenlightsBattery"]}, {"da39a747a9552cddbd685874049954b1": ["1", "ch.blinkenlights.battery.BlinkenlightsBattery"]}, {"da39a747a9552cddbd685874049954b1": ["1", "ch.blinkenlights.battery.BlinkenlightsBattery"]}, {"da39a747a9552cddbd685874049954b1": ["1", "ch.blinkenlights.battery.BlinkenlightsBattery"]}, {"da39a747a9552cddbd685874049954b1": ["1", "ch.blinkenlights.battery.BlinkenlightsBattery"]}, {"da39a747a9552cddbd685874049954b1": ["1", "ch.blinkenlights.battery.BlinkenlightsBattery"]}, {"da39a747a9552cddbd685874049954b1": ["1", "ch.blinkenlights.battery.BlinkenlightsBattery"]}, {"da39a747a9552cddbd685874049954b1": ["1", "ch.blinkenlights.battery.BlinkenlightsBattery"]}, {"da39a747a9552cddbd685874049954b1": ["1", "ch.blinkenlights.battery.BlinkenlightsBattery"]}, {"da39a747a9552cddbd685874049954b1": ["1", "ch.blinkenlights.battery.BlinkenlightsBattery"]}, {"7bdf3b63cf36503285b8a98838a01a2b": ["0", "ch.blinkenlights.battery.BlinkenlightsBattery"]}, {"da39a747a9552cddbd685874049954b1": ["1", "ch.blinkenlights.battery.BlinkenlightsBattery"]}, {"da39a747a9552cddbd685874049954b1": ["1", "ch.blinkenlights.battery.BlinkenlightsBattery"]}, {"7bdf3b63cf36503285b8a98838a01a2b": ["0", "ch.blinkenlights.battery.BlinkenlightsBattery"]}, {"da39a747a9552cddbd685874049954b1": ["1", "ch.blinkenlights.battery.BlinkenlightsBattery"]}, {"da39a747a9552cddbd685874049954b1": ["1", "ch.blinkenlights.battery.BlinkenlightsBattery"]}, {"da39a747a9552cddbd685874049954b1": ["1", "ch.blinkenlights.battery.BlinkenlightsBattery"]}, {"7bdf3b63cf36503285b8a98838a01a2b": ["0", "ch.blinkenlights.battery.BlinkenlightsBattery"]}, {"da39a747a9552cddbd685874049954b1": ["1", "ch.blinkenlights.battery.BlinkenlightsBattery"]}, {"da39a747a9552cddbd685874049954b1": ["1", "ch.blinkenlights.battery.BlinkenlightsBattery"]}, {"da39a747a9552cddbd685874049954b1": ["1", "ch.blinkenlights.battery.BlinkenlightsBattery"]}, {"da39a747a9552cddbd685874049954b1": ["1", "ch.blinkenlights.battery.BlinkenlightsBattery"]}, {"da39a747a9552cddbd685874049954b1": ["1", "ch.blinkenlights.battery.BlinkenlightsBattery"]}, {"da39a747a9552cddbd685874049954b1": ["1", "ch.blinkenlights.battery.BlinkenlightsBattery"]}, {"da39a747a9552cddbd685874049954b1": ["1", "ch.blinkenlights.battery.BlinkenlightsBattery"]}, {"da39a747a9552cddbd685874049954b1": ["1", "ch.blinkenlights.battery.BlinkenlightsBattery"]}, {"da39a747a9552cddbd685874049954b1": ["1", "ch.blinkenlights.battery.BlinkenlightsBattery"]}]