[{"c57f235f26044ee2ff0f4b67f323c81c": ["0", "com.chmod0.manpages.ManualActivity"]}, {"98681f2004a285b4712d54be13b25e38": ["1", "com.chmod0.manpages.ManualActivity"]}, {"98681f2004a285b4712d54be13b25e38": ["1", "com.chmod0.manpages.ManualActivity"]}, {"1f465fe9ed2e7d791cabdada760344c6": ["5", "com.chmod0.manpages.BrowserActivity"]}, {"98681f2004a285b4712d54be13b25e38": ["1", "com.chmod0.manpages.ManualActivity"]}, {"98681f2004a285b4712d54be13b25e38": ["1", "com.chmod0.manpages.ManualActivity"]}, {"98681f2004a285b4712d54be13b25e38": ["1", "com.chmod0.manpages.ManualActivity"]}, {"1f465fe9ed2e7d791cabdada760344c6": ["5", "com.chmod0.manpages.BrowserActivity"]}, {"c59749cdbb31a87e4ad4a769496fe0d8": ["8", "com.chmod0.manpages.BrowserActivity"]}, {"6364f3f3a7302ad15364d11f02c5eee5": ["2", "com.chmod0.manpages.ManualActivity"]}, {"c59749cdbb31a87e4ad4a769496fe0d8": ["8", "com.chmod0.manpages.BrowserActivity"]}, {"c59749cdbb31a87e4ad4a769496fe0d8": ["8", "com.chmod0.manpages.BrowserActivity"]}, {"1f465fe9ed2e7d791cabdada760344c6": ["5", "com.chmod0.manpages.BrowserActivity"]}, {"e32db09bb4bc235b53823ba50521d0bb": ["3", "com.chmod0.manpages.BrowserActivity"]}, {"e32db09bb4bc235b53823ba50521d0bb": ["3", "com.chmod0.manpages.BrowserActivity"]}, {"1f465fe9ed2e7d791cabdada760344c6": ["5", "com.chmod0.manpages.BrowserActivity"]}, {"1f465fe9ed2e7d791cabdada760344c6": ["5", "com.chmod0.manpages.BrowserActivity"]}, {"6364f3f3a7302ad15364d11f02c5eee5": ["2", "com.chmod0.manpages.ManualActivity"]}, {"1f465fe9ed2e7d791cabdada760344c6": ["5", "com.chmod0.manpages.BrowserActivity"]}, {"c59749cdbb31a87e4ad4a769496fe0d8": ["8", "com.chmod0.manpages.BrowserActivity"]}, {"1f465fe9ed2e7d791cabdada760344c6": ["5", "com.chmod0.manpages.BrowserActivity"]}, {"98681f2004a285b4712d54be13b25e38": ["1", "com.chmod0.manpages.ManualActivity"]}, {"98681f2004a285b4712d54be13b25e38": ["1", "com.chmod0.manpages.ManualActivity"]}, {"1f465fe9ed2e7d791cabdada760344c6": ["5", "com.chmod0.manpages.BrowserActivity"]}, {"e32db09bb4bc235b53823ba50521d0bb": ["3", "com.chmod0.manpages.BrowserActivity"]}, {"1f465fe9ed2e7d791cabdada760344c6": ["5", "com.chmod0.manpages.BrowserActivity"]}, {"98681f2004a285b4712d54be13b25e38": ["1", "com.chmod0.manpages.ManualActivity"]}, {"98681f2004a285b4712d54be13b25e38": ["1", "com.chmod0.manpages.ManualActivity"]}, {"1f465fe9ed2e7d791cabdada760344c6": ["5", "com.chmod0.manpages.BrowserActivity"]}, {"1f465fe9ed2e7d791cabdada760344c6": ["5", "com.chmod0.manpages.BrowserActivity"]}, {"1f465fe9ed2e7d791cabdada760344c6": ["5", "com.chmod0.manpages.BrowserActivity"]}, {"98681f2004a285b4712d54be13b25e38": ["1", "com.chmod0.manpages.ManualActivity"]}, {"1f465fe9ed2e7d791cabdada760344c6": ["5", "com.chmod0.manpages.BrowserActivity"]}, {"c59749cdbb31a87e4ad4a769496fe0d8": ["8", "com.chmod0.manpages.BrowserActivity"]}, {"1f465fe9ed2e7d791cabdada760344c6": ["5", "com.chmod0.manpages.BrowserActivity"]}, {"6364f3f3a7302ad15364d11f02c5eee5": ["2", "com.chmod0.manpages.ManualActivity"]}, {"6364f3f3a7302ad15364d11f02c5eee5": ["2", "com.chmod0.manpages.ManualActivity"]}, {"6364f3f3a7302ad15364d11f02c5eee5": ["2", "com.chmod0.manpages.ManualActivity"]}, {"1f465fe9ed2e7d791cabdada760344c6": ["5", "com.chmod0.manpages.BrowserActivity"]}, {"1f465fe9ed2e7d791cabdada760344c6": ["5", "com.chmod0.manpages.BrowserActivity"]}, {"1f465fe9ed2e7d791cabdada760344c6": ["5", "com.chmod0.manpages.BrowserActivity"]}, {"6364f3f3a7302ad15364d11f02c5eee5": ["2", "com.chmod0.manpages.ManualActivity"]}, {"6364f3f3a7302ad15364d11f02c5eee5": ["2", "com.chmod0.manpages.ManualActivity"]}, {"c57f235f26044ee2ff0f4b67f323c81c": ["0", "com.chmod0.manpages.ManualActivity"]}, {"98681f2004a285b4712d54be13b25e38": ["1", "com.chmod0.manpages.ManualActivity"]}, {"98681f2004a285b4712d54be13b25e38": ["1", "com.chmod0.manpages.ManualActivity"]}, {"1f465fe9ed2e7d791cabdada760344c6": ["5", "com.chmod0.manpages.BrowserActivity"]}, {"c59749cdbb31a87e4ad4a769496fe0d8": ["8", "com.chmod0.manpages.BrowserActivity"]}, {"1f465fe9ed2e7d791cabdada760344c6": ["5", "com.chmod0.manpages.BrowserActivity"]}, {"98681f2004a285b4712d54be13b25e38": ["1", "com.chmod0.manpages.ManualActivity"]}, {"98681f2004a285b4712d54be13b25e38": ["1", "com.chmod0.manpages.ManualActivity"]}, {"1f465fe9ed2e7d791cabdada760344c6": ["5", "com.chmod0.manpages.BrowserActivity"]}, {"1f465fe9ed2e7d791cabdada760344c6": ["5", "com.chmod0.manpages.BrowserActivity"]}, {"e32db09bb4bc235b53823ba50521d0bb": ["3", "com.chmod0.manpages.BrowserActivity"]}, {"1f465fe9ed2e7d791cabdada760344c6": ["5", "com.chmod0.manpages.BrowserActivity"]}, {"98681f2004a285b4712d54be13b25e38": ["1", "com.chmod0.manpages.ManualActivity"]}, {"98681f2004a285b4712d54be13b25e38": ["1", "com.chmod0.manpages.ManualActivity"]}, {"98681f2004a285b4712d54be13b25e38": ["1", "com.chmod0.manpages.ManualActivity"]}, {"98681f2004a285b4712d54be13b25e38": ["1", "com.chmod0.manpages.ManualActivity"]}, {"98681f2004a285b4712d54be13b25e38": ["1", "com.chmod0.manpages.ManualActivity"]}, {"98681f2004a285b4712d54be13b25e38": ["1", "com.chmod0.manpages.ManualActivity"]}, {"1f465fe9ed2e7d791cabdada760344c6": ["5", "com.chmod0.manpages.BrowserActivity"]}, {"1f465fe9ed2e7d791cabdada760344c6": ["5", "com.chmod0.manpages.BrowserActivity"]}, {"c59749cdbb31a87e4ad4a769496fe0d8": ["8", "com.chmod0.manpages.BrowserActivity"]}, {"c59749cdbb31a87e4ad4a769496fe0d8": ["8", "com.chmod0.manpages.BrowserActivity"]}, {"98681f2004a285b4712d54be13b25e38": ["1", "com.chmod0.manpages.ManualActivity"]}, {"c59749cdbb31a87e4ad4a769496fe0d8": ["8", "com.chmod0.manpages.BrowserActivity"]}, {"1f465fe9ed2e7d791cabdada760344c6": ["5", "com.chmod0.manpages.BrowserActivity"]}, {"1f465fe9ed2e7d791cabdada760344c6": ["5", "com.chmod0.manpages.BrowserActivity"]}, {"98681f2004a285b4712d54be13b25e38": ["1", "com.chmod0.manpages.ManualActivity"]}, {"98681f2004a285b4712d54be13b25e38": ["1", "com.chmod0.manpages.ManualActivity"]}, {"1f465fe9ed2e7d791cabdada760344c6": ["5", "com.chmod0.manpages.BrowserActivity"]}, {"c59749cdbb31a87e4ad4a769496fe0d8": ["8", "com.chmod0.manpages.BrowserActivity"]}, {"e32db09bb4bc235b53823ba50521d0bb": ["3", "com.chmod0.manpages.BrowserActivity"]}, {"1f465fe9ed2e7d791cabdada760344c6": ["5", "com.chmod0.manpages.BrowserActivity"]}, {"1f465fe9ed2e7d791cabdada760344c6": ["5", "com.chmod0.manpages.BrowserActivity"]}, {"e32db09bb4bc235b53823ba50521d0bb": ["3", "com.chmod0.manpages.BrowserActivity"]}, {"98681f2004a285b4712d54be13b25e38": ["1", "com.chmod0.manpages.ManualActivity"]}, {"98681f2004a285b4712d54be13b25e38": ["1", "com.chmod0.manpages.ManualActivity"]}, {"c59749cdbb31a87e4ad4a769496fe0d8": ["8", "com.chmod0.manpages.BrowserActivity"]}, {"98681f2004a285b4712d54be13b25e38": ["1", "com.chmod0.manpages.ManualActivity"]}, {"1f465fe9ed2e7d791cabdada760344c6": ["5", "com.chmod0.manpages.BrowserActivity"]}, {"e32db09bb4bc235b53823ba50521d0bb": ["3", "com.chmod0.manpages.BrowserActivity"]}, {"1f465fe9ed2e7d791cabdada760344c6": ["5", "com.chmod0.manpages.BrowserActivity"]}, {"1f465fe9ed2e7d791cabdada760344c6": ["5", "com.chmod0.manpages.BrowserActivity"]}, {"98681f2004a285b4712d54be13b25e38": ["1", "com.chmod0.manpages.ManualActivity"]}, {"e32db09bb4bc235b53823ba50521d0bb": ["3", "com.chmod0.manpages.BrowserActivity"]}, {"98681f2004a285b4712d54be13b25e38": ["1", "com.chmod0.manpages.ManualActivity"]}, {"c59749cdbb31a87e4ad4a769496fe0d8": ["8", "com.chmod0.manpages.BrowserActivity"]}, {"1f465fe9ed2e7d791cabdada760344c6": ["5", "com.chmod0.manpages.BrowserActivity"]}, {"05fc25754bb88b1d7646b37ba09283d7": ["7", "com.chmod0.manpages.ManualActivity"]}, {"6364f3f3a7302ad15364d11f02c5eee5": ["2", "com.chmod0.manpages.ManualActivity"]}, {"6364f3f3a7302ad15364d11f02c5eee5": ["2", "com.chmod0.manpages.ManualActivity"]}, {"6364f3f3a7302ad15364d11f02c5eee5": ["2", "com.chmod0.manpages.ManualActivity"]}, {"1f465fe9ed2e7d791cabdada760344c6": ["5", "com.chmod0.manpages.BrowserActivity"]}, {"6364f3f3a7302ad15364d11f02c5eee5": ["2", "com.chmod0.manpages.ManualActivity"]}, {"1f465fe9ed2e7d791cabdada760344c6": ["5", "com.chmod0.manpages.BrowserActivity"]}, {"c59749cdbb31a87e4ad4a769496fe0d8": ["8", "com.chmod0.manpages.BrowserActivity"]}, {"1f465fe9ed2e7d791cabdada760344c6": ["5", "com.chmod0.manpages.BrowserActivity"]}, {"6364f3f3a7302ad15364d11f02c5eee5": ["2", "com.chmod0.manpages.ManualActivity"]}, {"1f465fe9ed2e7d791cabdada760344c6": ["5", "com.chmod0.manpages.BrowserActivity"]}, {"e32db09bb4bc235b53823ba50521d0bb": ["3", "com.chmod0.manpages.BrowserActivity"]}, {"1f465fe9ed2e7d791cabdada760344c6": ["5", "com.chmod0.manpages.BrowserActivity"]}, {"e32db09bb4bc235b53823ba50521d0bb": ["3", "com.chmod0.manpages.BrowserActivity"]}, {"6364f3f3a7302ad15364d11f02c5eee5": ["2", "com.chmod0.manpages.ManualActivity"]}, {"1f465fe9ed2e7d791cabdada760344c6": ["5", "com.chmod0.manpages.BrowserActivity"]}, {"1f465fe9ed2e7d791cabdada760344c6": ["5", "com.chmod0.manpages.BrowserActivity"]}, {"e32db09bb4bc235b53823ba50521d0bb": ["3", "com.chmod0.manpages.BrowserActivity"]}, {"1f465fe9ed2e7d791cabdada760344c6": ["5", "com.chmod0.manpages.BrowserActivity"]}, {"6364f3f3a7302ad15364d11f02c5eee5": ["2", "com.chmod0.manpages.ManualActivity"]}, {"c59749cdbb31a87e4ad4a769496fe0d8": ["8", "com.chmod0.manpages.BrowserActivity"]}, {"1f465fe9ed2e7d791cabdada760344c6": ["5", "com.chmod0.manpages.BrowserActivity"]}, {"e32db09bb4bc235b53823ba50521d0bb": ["3", "com.chmod0.manpages.BrowserActivity"]}, {"e32db09bb4bc235b53823ba50521d0bb": ["3", "com.chmod0.manpages.BrowserActivity"]}, {"1f465fe9ed2e7d791cabdada760344c6": ["5", "com.chmod0.manpages.BrowserActivity"]}, {"1f465fe9ed2e7d791cabdada760344c6": ["5", "com.chmod0.manpages.BrowserActivity"]}, {"e32db09bb4bc235b53823ba50521d0bb": ["3", "com.chmod0.manpages.BrowserActivity"]}, {"e32db09bb4bc235b53823ba50521d0bb": ["3", "com.chmod0.manpages.BrowserActivity"]}, {"6364f3f3a7302ad15364d11f02c5eee5": ["2", "com.chmod0.manpages.ManualActivity"]}, {"1f465fe9ed2e7d791cabdada760344c6": ["5", "com.chmod0.manpages.BrowserActivity"]}, {"e32db09bb4bc235b53823ba50521d0bb": ["3", "com.chmod0.manpages.BrowserActivity"]}]