[{"2b3215d84eea97738cf3390eb46d8c6f": ["0", "com.evancharlton.mileage.Mileage"]}, {"08d9581c828b2321ebebe55b7dfe7b3a": ["1", "com.evancharlton.mileage.Mileage"]}, {"08d9581c828b2321ebebe55b7dfe7b3a": ["1", "com.evancharlton.mileage.Mileage"]}, {"08d9581c828b2321ebebe55b7dfe7b3a": ["1", "com.evancharlton.mileage.Mileage"]}, {"3f33ab9d8f687f5a4c5c7945c29b757f": ["61", "com.evancharlton.mileage.Mileage"]}, {"3f33ab9d8f687f5a4c5c7945c29b757f": ["61", "com.evancharlton.mileage.Mileage"]}, {"62e751a321875651c3bfc28e9cf342a7": ["10", "com.evancharlton.mileage.charts.LastMonthCostChart"]}, {"08d9581c828b2321ebebe55b7dfe7b3a": ["1", "com.evancharlton.mileage.Mileage"]}, {"9500aef795a40f3add6450d308bb5e8b": ["3", "com.evancharlton.mileage.charts.BestFuelEconomyChart"]}, {"9500aef795a40f3add6450d308bb5e8b": ["3", "com.evancharlton.mileage.charts.BestFuelEconomyChart"]}, {"9500aef795a40f3add6450d308bb5e8b": ["3", "com.evancharlton.mileage.charts.BestFuelEconomyChart"]}, {"9500aef795a40f3add6450d308bb5e8b": ["3", "com.evancharlton.mileage.charts.BestFuelEconomyChart"]}, {"08d9581c828b2321ebebe55b7dfe7b3a": ["1", "com.evancharlton.mileage.Mileage"]}, {"2b3215d84eea97738cf3390eb46d8c6f": ["0", "com.evancharlton.mileage.Mileage"]}, {"2b3215d84eea97738cf3390eb46d8c6f": ["0", "com.evancharlton.mileage.Mileage"]}, {"2b3215d84eea97738cf3390eb46d8c6f": ["0", "com.evancharlton.mileage.Mileage"]}, {"2b3215d84eea97738cf3390eb46d8c6f": ["0", "com.evancharlton.mileage.Mileage"]}, {"2b3215d84eea97738cf3390eb46d8c6f": ["0", "com.evancharlton.mileage.Mileage"]}, {"08d9581c828b2321ebebe55b7dfe7b3a": ["1", "com.evancharlton.mileage.Mileage"]}, {"2b3215d84eea97738cf3390eb46d8c6f": ["0", "com.evancharlton.mileage.Mileage"]}, {"2b3215d84eea97738cf3390eb46d8c6f": ["0", "com.evancharlton.mileage.Mileage"]}, {"957d279229e89918a2f8f89ef0e59bee": ["24", "com.evancharlton.mileage.FieldListActivity"]}, {"8b3dfbbfc6584750a3c05d65ec0352cc": ["27", "com.evancharlton.mileage.FieldActivity"]}, {"8b3dfbbfc6584750a3c05d65ec0352cc": ["27", "com.evancharlton.mileage.FieldActivity"]}, {"8b3dfbbfc6584750a3c05d65ec0352cc": ["27", "com.evancharlton.mileage.FieldActivity"]}, {"b4d5fa78f6b5f2f6f7836dab97efd539": ["62", "com.evancharlton.mileage.FieldListActivity"]}, {"8b3dfbbfc6584750a3c05d65ec0352cc": ["27", "com.evancharlton.mileage.FieldActivity"]}, {"fa3746d97f981b95f7bb394adf83c30e": ["6", "com.evancharlton.mileage.Mileage"]}, {"ee2aab076c92130fc1220688b794dde7": ["8", "com.evancharlton.mileage.VehicleActivity"]}, {"ee2aab076c92130fc1220688b794dde7": ["8", "com.evancharlton.mileage.VehicleActivity"]}, {"150ed1724858b92bcd7ee19b81c21cfd": ["63", "com.evancharlton.mileage.Mileage"]}, {"150ed1724858b92bcd7ee19b81c21cfd": ["63", "com.evancharlton.mileage.Mileage"]}, {"150ed1724858b92bcd7ee19b81c21cfd": ["63", "com.evancharlton.mileage.Mileage"]}, {"150ed1724858b92bcd7ee19b81c21cfd": ["63", "com.evancharlton.mileage.Mileage"]}, {"150ed1724858b92bcd7ee19b81c21cfd": ["63", "com.evancharlton.mileage.Mileage"]}, {"fa3746d97f981b95f7bb394adf83c30e": ["6", "com.evancharlton.mileage.Mileage"]}, {"150ed1724858b92bcd7ee19b81c21cfd": ["63", "com.evancharlton.mileage.Mileage"]}, {"08d9581c828b2321ebebe55b7dfe7b3a": ["1", "com.evancharlton.mileage.Mileage"]}, {"08d9581c828b2321ebebe55b7dfe7b3a": ["1", "com.evancharlton.mileage.Mileage"]}, {"fd9297073f9de34dd2de68ed72e72849": ["17", "com.evancharlton.mileage.charts.AverageFuelEconomyChart"]}, {"fd9297073f9de34dd2de68ed72e72849": ["17", "com.evancharlton.mileage.charts.AverageFuelEconomyChart"]}, {"fd9297073f9de34dd2de68ed72e72849": ["17", "com.evancharlton.mileage.charts.AverageFuelEconomyChart"]}, {"08d9581c828b2321ebebe55b7dfe7b3a": ["1", "com.evancharlton.mileage.Mileage"]}, {"08d9581c828b2321ebebe55b7dfe7b3a": ["1", "com.evancharlton.mileage.Mileage"]}, {"08d9581c828b2321ebebe55b7dfe7b3a": ["1", "com.evancharlton.mileage.Mileage"]}, {"150ed1724858b92bcd7ee19b81c21cfd": ["63", "com.evancharlton.mileage.Mileage"]}, {"b4d5fa78f6b5f2f6f7836dab97efd539": ["62", "com.evancharlton.mileage.FieldListActivity"]}, {"8b3dfbbfc6584750a3c05d65ec0352cc": ["27", "com.evancharlton.mileage.FieldActivity"]}, {"b4d5fa78f6b5f2f6f7836dab97efd539": ["62", "com.evancharlton.mileage.FieldListActivity"]}, {"8b3dfbbfc6584750a3c05d65ec0352cc": ["27", "com.evancharlton.mileage.FieldActivity"]}, {"b4d5fa78f6b5f2f6f7836dab97efd539": ["62", "com.evancharlton.mileage.FieldListActivity"]}, {"b4d5fa78f6b5f2f6f7836dab97efd539": ["62", "com.evancharlton.mileage.FieldListActivity"]}, {"2d276c43df39aae40c1f2db1be8d99f6": ["25", "com.evancharlton.mileage.FieldActivity"]}, {"8b3dfbbfc6584750a3c05d65ec0352cc": ["27", "com.evancharlton.mileage.FieldActivity"]}, {"8b3dfbbfc6584750a3c05d65ec0352cc": ["27", "com.evancharlton.mileage.FieldActivity"]}, {"8b3dfbbfc6584750a3c05d65ec0352cc": ["27", "com.evancharlton.mileage.FieldActivity"]}, {"957d279229e89918a2f8f89ef0e59bee": ["24", "com.evancharlton.mileage.FieldListActivity"]}, {"8b3dfbbfc6584750a3c05d65ec0352cc": ["27", "com.evancharlton.mileage.FieldActivity"]}, {"2b3215d84eea97738cf3390eb46d8c6f": ["0", "com.evancharlton.mileage.Mileage"]}, {"2b3215d84eea97738cf3390eb46d8c6f": ["0", "com.evancharlton.mileage.Mileage"]}, {"08d9581c828b2321ebebe55b7dfe7b3a": ["1", "com.evancharlton.mileage.Mileage"]}, {"2b3215d84eea97738cf3390eb46d8c6f": ["0", "com.evancharlton.mileage.Mileage"]}, {"fa3746d97f981b95f7bb394adf83c30e": ["6", "com.evancharlton.mileage.Mileage"]}, {"cbd51114dda978d25c882dc6030e6487": ["9", "com.evancharlton.mileage.VehicleActivity"]}, {"fa3746d97f981b95f7bb394adf83c30e": ["6", "com.evancharlton.mileage.Mileage"]}, {"cbd51114dda978d25c882dc6030e6487": ["9", "com.evancharlton.mileage.VehicleActivity"]}, {"cbd51114dda978d25c882dc6030e6487": ["9", "com.evancharlton.mileage.VehicleActivity"]}, {"1cabd1a3029523b13d7fa6896402814a": ["21", "com.evancharlton.mileage.VehicleActivity"]}, {"6fb23ddc7ee10c33a331952c6b1b60d5": ["20", "com.evancharlton.mileage.VehicleActivity"]}, {"7c4a78fcd41312c6c9e1b3673ab55f9a": ["7", "com.evancharlton.mileage.VehicleActivity"]}, {"cbd51114dda978d25c882dc6030e6487": ["9", "com.evancharlton.mileage.VehicleActivity"]}, {"ee2aab076c92130fc1220688b794dde7": ["8", "com.evancharlton.mileage.VehicleActivity"]}, {"7c4a78fcd41312c6c9e1b3673ab55f9a": ["7", "com.evancharlton.mileage.VehicleActivity"]}, {"6fb23ddc7ee10c33a331952c6b1b60d5": ["20", "com.evancharlton.mileage.VehicleActivity"]}, {"cbd51114dda978d25c882dc6030e6487": ["9", "com.evancharlton.mileage.VehicleActivity"]}, {"ee2aab076c92130fc1220688b794dde7": ["8", "com.evancharlton.mileage.VehicleActivity"]}, {"7c4a78fcd41312c6c9e1b3673ab55f9a": ["7", "com.evancharlton.mileage.VehicleActivity"]}, {"6fb23ddc7ee10c33a331952c6b1b60d5": ["20", "com.evancharlton.mileage.VehicleActivity"]}, {"cbd51114dda978d25c882dc6030e6487": ["9", "com.evancharlton.mileage.VehicleActivity"]}, {"cbd51114dda978d25c882dc6030e6487": ["9", "com.evancharlton.mileage.VehicleActivity"]}, {"cbd51114dda978d25c882dc6030e6487": ["9", "com.evancharlton.mileage.VehicleActivity"]}, {"ee2aab076c92130fc1220688b794dde7": ["8", "com.evancharlton.mileage.VehicleActivity"]}, {"ee2aab076c92130fc1220688b794dde7": ["8", "com.evancharlton.mileage.VehicleActivity"]}, {"cbd51114dda978d25c882dc6030e6487": ["9", "com.evancharlton.mileage.VehicleActivity"]}, {"7c4a78fcd41312c6c9e1b3673ab55f9a": ["7", "com.evancharlton.mileage.VehicleActivity"]}, {"ee2aab076c92130fc1220688b794dde7": ["8", "com.evancharlton.mileage.VehicleActivity"]}, {"7c4a78fcd41312c6c9e1b3673ab55f9a": ["7", "com.evancharlton.mileage.VehicleActivity"]}, {"ee2aab076c92130fc1220688b794dde7": ["8", "com.evancharlton.mileage.VehicleActivity"]}, {"cbd51114dda978d25c882dc6030e6487": ["9", "com.evancharlton.mileage.VehicleActivity"]}, {"cbd51114dda978d25c882dc6030e6487": ["9", "com.evancharlton.mileage.VehicleActivity"]}, {"ee2aab076c92130fc1220688b794dde7": ["8", "com.evancharlton.mileage.VehicleActivity"]}, {"1cabd1a3029523b13d7fa6896402814a": ["21", "com.evancharlton.mileage.VehicleActivity"]}, {"cbd51114dda978d25c882dc6030e6487": ["9", "com.evancharlton.mileage.VehicleActivity"]}, {"7c4a78fcd41312c6c9e1b3673ab55f9a": ["7", "com.evancharlton.mileage.VehicleActivity"]}, {"fa3746d97f981b95f7bb394adf83c30e": ["6", "com.evancharlton.mileage.Mileage"]}, {"cbd51114dda978d25c882dc6030e6487": ["9", "com.evancharlton.mileage.VehicleActivity"]}, {"fa3746d97f981b95f7bb394adf83c30e": ["6", "com.evancharlton.mileage.Mileage"]}, {"08d9581c828b2321ebebe55b7dfe7b3a": ["1", "com.evancharlton.mileage.Mileage"]}, {"2b3215d84eea97738cf3390eb46d8c6f": ["0", "com.evancharlton.mileage.Mileage"]}, {"2b3215d84eea97738cf3390eb46d8c6f": ["0", "com.evancharlton.mileage.Mileage"]}, {"2b3215d84eea97738cf3390eb46d8c6f": ["0", "com.evancharlton.mileage.Mileage"]}, {"2b3215d84eea97738cf3390eb46d8c6f": ["0", "com.evancharlton.mileage.Mileage"]}, {"2b3215d84eea97738cf3390eb46d8c6f": ["0", "com.evancharlton.mileage.Mileage"]}, {"2b3215d84eea97738cf3390eb46d8c6f": ["0", "com.evancharlton.mileage.Mileage"]}, {"2b3215d84eea97738cf3390eb46d8c6f": ["0", "com.evancharlton.mileage.Mileage"]}, {"2b3215d84eea97738cf3390eb46d8c6f": ["0", "com.evancharlton.mileage.Mileage"]}, {"2b3215d84eea97738cf3390eb46d8c6f": ["0", "com.evancharlton.mileage.Mileage"]}, {"2b3215d84eea97738cf3390eb46d8c6f": ["0", "com.evancharlton.mileage.Mileage"]}, {"2b3215d84eea97738cf3390eb46d8c6f": ["0", "com.evancharlton.mileage.Mileage"]}, {"4a271b20e97a0cc0df4e774ecdcaef12": ["32", "com.evancharlton.mileage.ServiceIntervalsListActivity"]}, {"207d463a5369aea5018a81286169e5ba": ["34", "com.evancharlton.mileage.ServiceIntervalActivity"]}, {"767ca9ee5e457dde1b747efc11f5e462": ["54", "com.evancharlton.mileage.ServiceIntervalActivity"]}, {"d08d6db5859122d36e9aa8e3e0c5143c": ["33", "com.evancharlton.mileage.ServiceIntervalActivity"]}, {"4a271b20e97a0cc0df4e774ecdcaef12": ["32", "com.evancharlton.mileage.ServiceIntervalsListActivity"]}, {"14921ca1e08edbe9eeeb2f8b443688bb": ["55", "com.evancharlton.mileage.ServiceIntervalActivity"]}, {"207d463a5369aea5018a81286169e5ba": ["34", "com.evancharlton.mileage.ServiceIntervalActivity"]}, {"207d463a5369aea5018a81286169e5ba": ["34", "com.evancharlton.mileage.ServiceIntervalActivity"]}, {"d08d6db5859122d36e9aa8e3e0c5143c": ["33", "com.evancharlton.mileage.ServiceIntervalActivity"]}, {"d08d6db5859122d36e9aa8e3e0c5143c": ["33", "com.evancharlton.mileage.ServiceIntervalActivity"]}, {"d08d6db5859122d36e9aa8e3e0c5143c": ["33", "com.evancharlton.mileage.ServiceIntervalActivity"]}, {"bb1f4897af4b892c1d50c594570e39f8": ["64", "com.evancharlton.mileage.ServiceIntervalActivity"]}, {"d08d6db5859122d36e9aa8e3e0c5143c": ["33", "com.evancharlton.mileage.ServiceIntervalActivity"]}, {"d08d6db5859122d36e9aa8e3e0c5143c": ["33", "com.evancharlton.mileage.ServiceIntervalActivity"]}, {"d08d6db5859122d36e9aa8e3e0c5143c": ["33", "com.evancharlton.mileage.ServiceIntervalActivity"]}, {"d08d6db5859122d36e9aa8e3e0c5143c": ["33", "com.evancharlton.mileage.ServiceIntervalActivity"]}, {"14921ca1e08edbe9eeeb2f8b443688bb": ["55", "com.evancharlton.mileage.ServiceIntervalActivity"]}, {"207d463a5369aea5018a81286169e5ba": ["34", "com.evancharlton.mileage.ServiceIntervalActivity"]}, {"767ca9ee5e457dde1b747efc11f5e462": ["54", "com.evancharlton.mileage.ServiceIntervalActivity"]}, {"207d463a5369aea5018a81286169e5ba": ["34", "com.evancharlton.mileage.ServiceIntervalActivity"]}, {"14921ca1e08edbe9eeeb2f8b443688bb": ["55", "com.evancharlton.mileage.ServiceIntervalActivity"]}, {"d08d6db5859122d36e9aa8e3e0c5143c": ["33", "com.evancharlton.mileage.ServiceIntervalActivity"]}, {"207d463a5369aea5018a81286169e5ba": ["34", "com.evancharlton.mileage.ServiceIntervalActivity"]}, {"767ca9ee5e457dde1b747efc11f5e462": ["54", "com.evancharlton.mileage.ServiceIntervalActivity"]}, {"14921ca1e08edbe9eeeb2f8b443688bb": ["55", "com.evancharlton.mileage.ServiceIntervalActivity"]}, {"14921ca1e08edbe9eeeb2f8b443688bb": ["55", "com.evancharlton.mileage.ServiceIntervalActivity"]}, {"14921ca1e08edbe9eeeb2f8b443688bb": ["55", "com.evancharlton.mileage.ServiceIntervalActivity"]}, {"207d463a5369aea5018a81286169e5ba": ["34", "com.evancharlton.mileage.ServiceIntervalActivity"]}, {"d08d6db5859122d36e9aa8e3e0c5143c": ["33", "com.evancharlton.mileage.ServiceIntervalActivity"]}, {"91e5505908896e0580303d1558483795": ["53", "com.evancharlton.mileage.ServiceIntervalActivity"]}, {"bb1f4897af4b892c1d50c594570e39f8": ["64", "com.evancharlton.mileage.ServiceIntervalActivity"]}, {"207d463a5369aea5018a81286169e5ba": ["34", "com.evancharlton.mileage.ServiceIntervalActivity"]}, {"14921ca1e08edbe9eeeb2f8b443688bb": ["55", "com.evancharlton.mileage.ServiceIntervalActivity"]}, {"14921ca1e08edbe9eeeb2f8b443688bb": ["55", "com.evancharlton.mileage.ServiceIntervalActivity"]}, {"14921ca1e08edbe9eeeb2f8b443688bb": ["55", "com.evancharlton.mileage.ServiceIntervalActivity"]}, {"207d463a5369aea5018a81286169e5ba": ["34", "com.evancharlton.mileage.ServiceIntervalActivity"]}, {"207d463a5369aea5018a81286169e5ba": ["34", "com.evancharlton.mileage.ServiceIntervalActivity"]}, {"207d463a5369aea5018a81286169e5ba": ["34", "com.evancharlton.mileage.ServiceIntervalActivity"]}, {"d08d6db5859122d36e9aa8e3e0c5143c": ["33", "com.evancharlton.mileage.ServiceIntervalActivity"]}, {"14921ca1e08edbe9eeeb2f8b443688bb": ["55", "com.evancharlton.mileage.ServiceIntervalActivity"]}, {"207d463a5369aea5018a81286169e5ba": ["34", "com.evancharlton.mileage.ServiceIntervalActivity"]}, {"207d463a5369aea5018a81286169e5ba": ["34", "com.evancharlton.mileage.ServiceIntervalActivity"]}, {"207d463a5369aea5018a81286169e5ba": ["34", "com.evancharlton.mileage.ServiceIntervalActivity"]}, {"14921ca1e08edbe9eeeb2f8b443688bb": ["55", "com.evancharlton.mileage.ServiceIntervalActivity"]}, {"207d463a5369aea5018a81286169e5ba": ["34", "com.evancharlton.mileage.ServiceIntervalActivity"]}, {"207d463a5369aea5018a81286169e5ba": ["34", "com.evancharlton.mileage.ServiceIntervalActivity"]}, {"14921ca1e08edbe9eeeb2f8b443688bb": ["55", "com.evancharlton.mileage.ServiceIntervalActivity"]}, {"207d463a5369aea5018a81286169e5ba": ["34", "com.evancharlton.mileage.ServiceIntervalActivity"]}, {"bb1f4897af4b892c1d50c594570e39f8": ["64", "com.evancharlton.mileage.ServiceIntervalActivity"]}, {"d08d6db5859122d36e9aa8e3e0c5143c": ["33", "com.evancharlton.mileage.ServiceIntervalActivity"]}, {"d08d6db5859122d36e9aa8e3e0c5143c": ["33", "com.evancharlton.mileage.ServiceIntervalActivity"]}, {"d08d6db5859122d36e9aa8e3e0c5143c": ["33", "com.evancharlton.mileage.ServiceIntervalActivity"]}, {"14921ca1e08edbe9eeeb2f8b443688bb": ["55", "com.evancharlton.mileage.ServiceIntervalActivity"]}, {"207d463a5369aea5018a81286169e5ba": ["34", "com.evancharlton.mileage.ServiceIntervalActivity"]}, {"14921ca1e08edbe9eeeb2f8b443688bb": ["55", "com.evancharlton.mileage.ServiceIntervalActivity"]}, {"207d463a5369aea5018a81286169e5ba": ["34", "com.evancharlton.mileage.ServiceIntervalActivity"]}, {"767ca9ee5e457dde1b747efc11f5e462": ["54", "com.evancharlton.mileage.ServiceIntervalActivity"]}, {"207d463a5369aea5018a81286169e5ba": ["34", "com.evancharlton.mileage.ServiceIntervalActivity"]}, {"767ca9ee5e457dde1b747efc11f5e462": ["54", "com.evancharlton.mileage.ServiceIntervalActivity"]}, {"767ca9ee5e457dde1b747efc11f5e462": ["54", "com.evancharlton.mileage.ServiceIntervalActivity"]}, {"207d463a5369aea5018a81286169e5ba": ["34", "com.evancharlton.mileage.ServiceIntervalActivity"]}, {"207d463a5369aea5018a81286169e5ba": ["34", "com.evancharlton.mileage.ServiceIntervalActivity"]}, {"207d463a5369aea5018a81286169e5ba": ["34", "com.evancharlton.mileage.ServiceIntervalActivity"]}, {"207d463a5369aea5018a81286169e5ba": ["34", "com.evancharlton.mileage.ServiceIntervalActivity"]}, {"767ca9ee5e457dde1b747efc11f5e462": ["54", "com.evancharlton.mileage.ServiceIntervalActivity"]}, {"767ca9ee5e457dde1b747efc11f5e462": ["54", "com.evancharlton.mileage.ServiceIntervalActivity"]}, {"14921ca1e08edbe9eeeb2f8b443688bb": ["55", "com.evancharlton.mileage.ServiceIntervalActivity"]}, {"207d463a5369aea5018a81286169e5ba": ["34", "com.evancharlton.mileage.ServiceIntervalActivity"]}, {"767ca9ee5e457dde1b747efc11f5e462": ["54", "com.evancharlton.mileage.ServiceIntervalActivity"]}, {"bb1f4897af4b892c1d50c594570e39f8": ["64", "com.evancharlton.mileage.ServiceIntervalActivity"]}, {"207d463a5369aea5018a81286169e5ba": ["34", "com.evancharlton.mileage.ServiceIntervalActivity"]}, {"207d463a5369aea5018a81286169e5ba": ["34", "com.evancharlton.mileage.ServiceIntervalActivity"]}, {"14921ca1e08edbe9eeeb2f8b443688bb": ["55", "com.evancharlton.mileage.ServiceIntervalActivity"]}, {"d08d6db5859122d36e9aa8e3e0c5143c": ["33", "com.evancharlton.mileage.ServiceIntervalActivity"]}, {"4a271b20e97a0cc0df4e774ecdcaef12": ["32", "com.evancharlton.mileage.ServiceIntervalsListActivity"]}, {"207d463a5369aea5018a81286169e5ba": ["34", "com.evancharlton.mileage.ServiceIntervalActivity"]}, {"d08d6db5859122d36e9aa8e3e0c5143c": ["33", "com.evancharlton.mileage.ServiceIntervalActivity"]}, {"207d463a5369aea5018a81286169e5ba": ["34", "com.evancharlton.mileage.ServiceIntervalActivity"]}, {"767ca9ee5e457dde1b747efc11f5e462": ["54", "com.evancharlton.mileage.ServiceIntervalActivity"]}, {"bb1f4897af4b892c1d50c594570e39f8": ["64", "com.evancharlton.mileage.ServiceIntervalActivity"]}, {"d08d6db5859122d36e9aa8e3e0c5143c": ["33", "com.evancharlton.mileage.ServiceIntervalActivity"]}, {"207d463a5369aea5018a81286169e5ba": ["34", "com.evancharlton.mileage.ServiceIntervalActivity"]}, {"d08d6db5859122d36e9aa8e3e0c5143c": ["33", "com.evancharlton.mileage.ServiceIntervalActivity"]}, {"bb1f4897af4b892c1d50c594570e39f8": ["64", "com.evancharlton.mileage.ServiceIntervalActivity"]}, {"d08d6db5859122d36e9aa8e3e0c5143c": ["33", "com.evancharlton.mileage.ServiceIntervalActivity"]}, {"207d463a5369aea5018a81286169e5ba": ["34", "com.evancharlton.mileage.ServiceIntervalActivity"]}, {"767ca9ee5e457dde1b747efc11f5e462": ["54", "com.evancharlton.mileage.ServiceIntervalActivity"]}, {"767ca9ee5e457dde1b747efc11f5e462": ["54", "com.evancharlton.mileage.ServiceIntervalActivity"]}, {"207d463a5369aea5018a81286169e5ba": ["34", "com.evancharlton.mileage.ServiceIntervalActivity"]}, {"d08d6db5859122d36e9aa8e3e0c5143c": ["33", "com.evancharlton.mileage.ServiceIntervalActivity"]}, {"14921ca1e08edbe9eeeb2f8b443688bb": ["55", "com.evancharlton.mileage.ServiceIntervalActivity"]}, {"207d463a5369aea5018a81286169e5ba": ["34", "com.evancharlton.mileage.ServiceIntervalActivity"]}, {"14921ca1e08edbe9eeeb2f8b443688bb": ["55", "com.evancharlton.mileage.ServiceIntervalActivity"]}, {"91e5505908896e0580303d1558483795": ["53", "com.evancharlton.mileage.ServiceIntervalActivity"]}, {"91e5505908896e0580303d1558483795": ["53", "com.evancharlton.mileage.ServiceIntervalActivity"]}, {"14921ca1e08edbe9eeeb2f8b443688bb": ["55", "com.evancharlton.mileage.ServiceIntervalActivity"]}, {"207d463a5369aea5018a81286169e5ba": ["34", "com.evancharlton.mileage.ServiceIntervalActivity"]}, {"91e5505908896e0580303d1558483795": ["53", "com.evancharlton.mileage.ServiceIntervalActivity"]}, {"4a271b20e97a0cc0df4e774ecdcaef12": ["32", "com.evancharlton.mileage.ServiceIntervalsListActivity"]}, {"8119b01f29600886378ced5a60dd5d21": ["35", "com.evancharlton.mileage.ServiceIntervalTemplateListActivity"]}, {"097ddc5f3d96a32719e736d33c2d54ac": ["38", "com.evancharlton.mileage.ServiceIntervalTemplateActivity"]}, {"00bd4b249ccaa25574dbc44075aed0a6": ["41", "com.evancharlton.mileage.ServiceIntervalTemplateListActivity"]}, {"00bd4b249ccaa25574dbc44075aed0a6": ["41", "com.evancharlton.mileage.ServiceIntervalTemplateListActivity"]}, {"097ddc5f3d96a32719e736d33c2d54ac": ["38", "com.evancharlton.mileage.ServiceIntervalTemplateActivity"]}, {"df4c04b795bf13f6d925af818eb25ec9": ["56", "com.evancharlton.mileage.ServiceIntervalTemplateListActivity"]}, {"3f04f7000f276f83cc13711ae740ba6d": ["36", "com.evancharlton.mileage.ServiceIntervalTemplateActivity"]}, {"3f04f7000f276f83cc13711ae740ba6d": ["36", "com.evancharlton.mileage.ServiceIntervalTemplateActivity"]}, {"8ac0ba09ffd316c4f230b0fba96e1f3d": ["37", "com.evancharlton.mileage.ServiceIntervalTemplateActivity"]}, {"8ac0ba09ffd316c4f230b0fba96e1f3d": ["37", "com.evancharlton.mileage.ServiceIntervalTemplateActivity"]}, {"3f04f7000f276f83cc13711ae740ba6d": ["36", "com.evancharlton.mileage.ServiceIntervalTemplateActivity"]}, {"df4c04b795bf13f6d925af818eb25ec9": ["56", "com.evancharlton.mileage.ServiceIntervalTemplateListActivity"]}, {"c54067384f6957ced6317452c2e4ad1d": ["39", "com.evancharlton.mileage.ServiceIntervalTemplateActivity"]}, {"097ddc5f3d96a32719e736d33c2d54ac": ["38", "com.evancharlton.mileage.ServiceIntervalTemplateActivity"]}, {"227c1acb39c083f0abccdd950158e0ca": ["57", "com.evancharlton.mileage.ServiceIntervalTemplateListActivity"]}, {"097ddc5f3d96a32719e736d33c2d54ac": ["38", "com.evancharlton.mileage.ServiceIntervalTemplateActivity"]}, {"227c1acb39c083f0abccdd950158e0ca": ["57", "com.evancharlton.mileage.ServiceIntervalTemplateListActivity"]}, {"3f04f7000f276f83cc13711ae740ba6d": ["36", "com.evancharlton.mileage.ServiceIntervalTemplateActivity"]}, {"227c1acb39c083f0abccdd950158e0ca": ["57", "com.evancharlton.mileage.ServiceIntervalTemplateListActivity"]}, {"227c1acb39c083f0abccdd950158e0ca": ["57", "com.evancharlton.mileage.ServiceIntervalTemplateListActivity"]}, {"3f04f7000f276f83cc13711ae740ba6d": ["36", "com.evancharlton.mileage.ServiceIntervalTemplateActivity"]}, {"227c1acb39c083f0abccdd950158e0ca": ["57", "com.evancharlton.mileage.ServiceIntervalTemplateListActivity"]}, {"3f04f7000f276f83cc13711ae740ba6d": ["36", "com.evancharlton.mileage.ServiceIntervalTemplateActivity"]}, {"227c1acb39c083f0abccdd950158e0ca": ["57", "com.evancharlton.mileage.ServiceIntervalTemplateListActivity"]}, {"3f04f7000f276f83cc13711ae740ba6d": ["36", "com.evancharlton.mileage.ServiceIntervalTemplateActivity"]}, {"227c1acb39c083f0abccdd950158e0ca": ["57", "com.evancharlton.mileage.ServiceIntervalTemplateListActivity"]}, {"3f04f7000f276f83cc13711ae740ba6d": ["36", "com.evancharlton.mileage.ServiceIntervalTemplateActivity"]}, {"227c1acb39c083f0abccdd950158e0ca": ["57", "com.evancharlton.mileage.ServiceIntervalTemplateListActivity"]}, {"8ac0ba09ffd316c4f230b0fba96e1f3d": ["37", "com.evancharlton.mileage.ServiceIntervalTemplateActivity"]}, {"8ac0ba09ffd316c4f230b0fba96e1f3d": ["37", "com.evancharlton.mileage.ServiceIntervalTemplateActivity"]}, {"227c1acb39c083f0abccdd950158e0ca": ["57", "com.evancharlton.mileage.ServiceIntervalTemplateListActivity"]}, {"3f04f7000f276f83cc13711ae740ba6d": ["36", "com.evancharlton.mileage.ServiceIntervalTemplateActivity"]}, {"4a271b20e97a0cc0df4e774ecdcaef12": ["32", "com.evancharlton.mileage.ServiceIntervalsListActivity"]}, {"227c1acb39c083f0abccdd950158e0ca": ["57", "com.evancharlton.mileage.ServiceIntervalTemplateListActivity"]}, {"3f04f7000f276f83cc13711ae740ba6d": ["36", "com.evancharlton.mileage.ServiceIntervalTemplateActivity"]}, {"227c1acb39c083f0abccdd950158e0ca": ["57", "com.evancharlton.mileage.ServiceIntervalTemplateListActivity"]}, {"c54067384f6957ced6317452c2e4ad1d": ["39", "com.evancharlton.mileage.ServiceIntervalTemplateActivity"]}, {"3f04f7000f276f83cc13711ae740ba6d": ["36", "com.evancharlton.mileage.ServiceIntervalTemplateActivity"]}, {"3f04f7000f276f83cc13711ae740ba6d": ["36", "com.evancharlton.mileage.ServiceIntervalTemplateActivity"]}, {"8ac0ba09ffd316c4f230b0fba96e1f3d": ["37", "com.evancharlton.mileage.ServiceIntervalTemplateActivity"]}, {"3f04f7000f276f83cc13711ae740ba6d": ["36", "com.evancharlton.mileage.ServiceIntervalTemplateActivity"]}, {"227c1acb39c083f0abccdd950158e0ca": ["57", "com.evancharlton.mileage.ServiceIntervalTemplateListActivity"]}, {"3f04f7000f276f83cc13711ae740ba6d": ["36", "com.evancharlton.mileage.ServiceIntervalTemplateActivity"]}, {"227c1acb39c083f0abccdd950158e0ca": ["57", "com.evancharlton.mileage.ServiceIntervalTemplateListActivity"]}, {"3f04f7000f276f83cc13711ae740ba6d": ["36", "com.evancharlton.mileage.ServiceIntervalTemplateActivity"]}, {"227c1acb39c083f0abccdd950158e0ca": ["57", "com.evancharlton.mileage.ServiceIntervalTemplateListActivity"]}, {"3f04f7000f276f83cc13711ae740ba6d": ["36", "com.evancharlton.mileage.ServiceIntervalTemplateActivity"]}, {"227c1acb39c083f0abccdd950158e0ca": ["57", "com.evancharlton.mileage.ServiceIntervalTemplateListActivity"]}, {"4a271b20e97a0cc0df4e774ecdcaef12": ["32", "com.evancharlton.mileage.ServiceIntervalsListActivity"]}, {"bb1f4897af4b892c1d50c594570e39f8": ["64", "com.evancharlton.mileage.ServiceIntervalActivity"]}, {"14921ca1e08edbe9eeeb2f8b443688bb": ["55", "com.evancharlton.mileage.ServiceIntervalActivity"]}, {"bb1f4897af4b892c1d50c594570e39f8": ["64", "com.evancharlton.mileage.ServiceIntervalActivity"]}, {"207d463a5369aea5018a81286169e5ba": ["34", "com.evancharlton.mileage.ServiceIntervalActivity"]}, {"4a271b20e97a0cc0df4e774ecdcaef12": ["32", "com.evancharlton.mileage.ServiceIntervalsListActivity"]}, {"227c1acb39c083f0abccdd950158e0ca": ["57", "com.evancharlton.mileage.ServiceIntervalTemplateListActivity"]}, {"3f04f7000f276f83cc13711ae740ba6d": ["36", "com.evancharlton.mileage.ServiceIntervalTemplateActivity"]}, {"227c1acb39c083f0abccdd950158e0ca": ["57", "com.evancharlton.mileage.ServiceIntervalTemplateListActivity"]}, {"227c1acb39c083f0abccdd950158e0ca": ["57", "com.evancharlton.mileage.ServiceIntervalTemplateListActivity"]}, {"3f04f7000f276f83cc13711ae740ba6d": ["36", "com.evancharlton.mileage.ServiceIntervalTemplateActivity"]}, {"227c1acb39c083f0abccdd950158e0ca": ["57", "com.evancharlton.mileage.ServiceIntervalTemplateListActivity"]}, {"3f04f7000f276f83cc13711ae740ba6d": ["36", "com.evancharlton.mileage.ServiceIntervalTemplateActivity"]}, {"227c1acb39c083f0abccdd950158e0ca": ["57", "com.evancharlton.mileage.ServiceIntervalTemplateListActivity"]}, {"227c1acb39c083f0abccdd950158e0ca": ["57", "com.evancharlton.mileage.ServiceIntervalTemplateListActivity"]}, {"c54067384f6957ced6317452c2e4ad1d": ["39", "com.evancharlton.mileage.ServiceIntervalTemplateActivity"]}, {"c54067384f6957ced6317452c2e4ad1d": ["39", "com.evancharlton.mileage.ServiceIntervalTemplateActivity"]}, {"097ddc5f3d96a32719e736d33c2d54ac": ["38", "com.evancharlton.mileage.ServiceIntervalTemplateActivity"]}, {"9cee024b2b2b28c5eb9a1f7ef5fbce6e": ["58", "com.evancharlton.mileage.ServiceIntervalTemplateListActivity"]}, {"097ddc5f3d96a32719e736d33c2d54ac": ["38", "com.evancharlton.mileage.ServiceIntervalTemplateActivity"]}, {"8ac0ba09ffd316c4f230b0fba96e1f3d": ["37", "com.evancharlton.mileage.ServiceIntervalTemplateActivity"]}, {"3f04f7000f276f83cc13711ae740ba6d": ["36", "com.evancharlton.mileage.ServiceIntervalTemplateActivity"]}, {"9cee024b2b2b28c5eb9a1f7ef5fbce6e": ["58", "com.evancharlton.mileage.ServiceIntervalTemplateListActivity"]}, {"c54067384f6957ced6317452c2e4ad1d": ["39", "com.evancharlton.mileage.ServiceIntervalTemplateActivity"]}, {"9cee024b2b2b28c5eb9a1f7ef5fbce6e": ["58", "com.evancharlton.mileage.ServiceIntervalTemplateListActivity"]}, {"3f04f7000f276f83cc13711ae740ba6d": ["36", "com.evancharlton.mileage.ServiceIntervalTemplateActivity"]}, {"4a271b20e97a0cc0df4e774ecdcaef12": ["32", "com.evancharlton.mileage.ServiceIntervalsListActivity"]}, {"207d463a5369aea5018a81286169e5ba": ["34", "com.evancharlton.mileage.ServiceIntervalActivity"]}, {"c12ec1ced427d04ac7e2fc70d53d6eb0": ["65", "com.evancharlton.mileage.ServiceIntervalActivity"]}, {"207d463a5369aea5018a81286169e5ba": ["34", "com.evancharlton.mileage.ServiceIntervalActivity"]}, {"c12ec1ced427d04ac7e2fc70d53d6eb0": ["65", "com.evancharlton.mileage.ServiceIntervalActivity"]}, {"207d463a5369aea5018a81286169e5ba": ["34", "com.evancharlton.mileage.ServiceIntervalActivity"]}, {"c12ec1ced427d04ac7e2fc70d53d6eb0": ["65", "com.evancharlton.mileage.ServiceIntervalActivity"]}, {"207d463a5369aea5018a81286169e5ba": ["34", "com.evancharlton.mileage.ServiceIntervalActivity"]}, {"207d463a5369aea5018a81286169e5ba": ["34", "com.evancharlton.mileage.ServiceIntervalActivity"]}, {"767ca9ee5e457dde1b747efc11f5e462": ["54", "com.evancharlton.mileage.ServiceIntervalActivity"]}, {"207d463a5369aea5018a81286169e5ba": ["34", "com.evancharlton.mileage.ServiceIntervalActivity"]}, {"bb1f4897af4b892c1d50c594570e39f8": ["64", "com.evancharlton.mileage.ServiceIntervalActivity"]}, {"c12ec1ced427d04ac7e2fc70d53d6eb0": ["65", "com.evancharlton.mileage.ServiceIntervalActivity"]}, {"207d463a5369aea5018a81286169e5ba": ["34", "com.evancharlton.mileage.ServiceIntervalActivity"]}, {"207d463a5369aea5018a81286169e5ba": ["34", "com.evancharlton.mileage.ServiceIntervalActivity"]}, {"207d463a5369aea5018a81286169e5ba": ["34", "com.evancharlton.mileage.ServiceIntervalActivity"]}, {"767ca9ee5e457dde1b747efc11f5e462": ["54", "com.evancharlton.mileage.ServiceIntervalActivity"]}, {"14921ca1e08edbe9eeeb2f8b443688bb": ["55", "com.evancharlton.mileage.ServiceIntervalActivity"]}, {"207d463a5369aea5018a81286169e5ba": ["34", "com.evancharlton.mileage.ServiceIntervalActivity"]}, {"767ca9ee5e457dde1b747efc11f5e462": ["54", "com.evancharlton.mileage.ServiceIntervalActivity"]}, {"c12ec1ced427d04ac7e2fc70d53d6eb0": ["65", "com.evancharlton.mileage.ServiceIntervalActivity"]}, {"14921ca1e08edbe9eeeb2f8b443688bb": ["55", "com.evancharlton.mileage.ServiceIntervalActivity"]}, {"14921ca1e08edbe9eeeb2f8b443688bb": ["55", "com.evancharlton.mileage.ServiceIntervalActivity"]}, {"14921ca1e08edbe9eeeb2f8b443688bb": ["55", "com.evancharlton.mileage.ServiceIntervalActivity"]}, {"14921ca1e08edbe9eeeb2f8b443688bb": ["55", "com.evancharlton.mileage.ServiceIntervalActivity"]}, {"207d463a5369aea5018a81286169e5ba": ["34", "com.evancharlton.mileage.ServiceIntervalActivity"]}, {"767ca9ee5e457dde1b747efc11f5e462": ["54", "com.evancharlton.mileage.ServiceIntervalActivity"]}, {"207d463a5369aea5018a81286169e5ba": ["34", "com.evancharlton.mileage.ServiceIntervalActivity"]}, {"767ca9ee5e457dde1b747efc11f5e462": ["54", "com.evancharlton.mileage.ServiceIntervalActivity"]}, {"207d463a5369aea5018a81286169e5ba": ["34", "com.evancharlton.mileage.ServiceIntervalActivity"]}, {"207d463a5369aea5018a81286169e5ba": ["34", "com.evancharlton.mileage.ServiceIntervalActivity"]}, {"207d463a5369aea5018a81286169e5ba": ["34", "com.evancharlton.mileage.ServiceIntervalActivity"]}, {"207d463a5369aea5018a81286169e5ba": ["34", "com.evancharlton.mileage.ServiceIntervalActivity"]}, {"767ca9ee5e457dde1b747efc11f5e462": ["54", "com.evancharlton.mileage.ServiceIntervalActivity"]}, {"14921ca1e08edbe9eeeb2f8b443688bb": ["55", "com.evancharlton.mileage.ServiceIntervalActivity"]}, {"c12ec1ced427d04ac7e2fc70d53d6eb0": ["65", "com.evancharlton.mileage.ServiceIntervalActivity"]}, {"207d463a5369aea5018a81286169e5ba": ["34", "com.evancharlton.mileage.ServiceIntervalActivity"]}, {"207d463a5369aea5018a81286169e5ba": ["34", "com.evancharlton.mileage.ServiceIntervalActivity"]}, {"14921ca1e08edbe9eeeb2f8b443688bb": ["55", "com.evancharlton.mileage.ServiceIntervalActivity"]}, {"207d463a5369aea5018a81286169e5ba": ["34", "com.evancharlton.mileage.ServiceIntervalActivity"]}, {"207d463a5369aea5018a81286169e5ba": ["34", "com.evancharlton.mileage.ServiceIntervalActivity"]}, {"14921ca1e08edbe9eeeb2f8b443688bb": ["55", "com.evancharlton.mileage.ServiceIntervalActivity"]}, {"14921ca1e08edbe9eeeb2f8b443688bb": ["55", "com.evancharlton.mileage.ServiceIntervalActivity"]}, {"207d463a5369aea5018a81286169e5ba": ["34", "com.evancharlton.mileage.ServiceIntervalActivity"]}, {"207d463a5369aea5018a81286169e5ba": ["34", "com.evancharlton.mileage.ServiceIntervalActivity"]}, {"bb1f4897af4b892c1d50c594570e39f8": ["64", "com.evancharlton.mileage.ServiceIntervalActivity"]}, {"4a271b20e97a0cc0df4e774ecdcaef12": ["32", "com.evancharlton.mileage.ServiceIntervalsListActivity"]}, {"4a271b20e97a0cc0df4e774ecdcaef12": ["32", "com.evancharlton.mileage.ServiceIntervalsListActivity"]}, {"9cee024b2b2b28c5eb9a1f7ef5fbce6e": ["58", "com.evancharlton.mileage.ServiceIntervalTemplateListActivity"]}, {"3f04f7000f276f83cc13711ae740ba6d": ["36", "com.evancharlton.mileage.ServiceIntervalTemplateActivity"]}, {"9cee024b2b2b28c5eb9a1f7ef5fbce6e": ["58", "com.evancharlton.mileage.ServiceIntervalTemplateListActivity"]}, {"3f04f7000f276f83cc13711ae740ba6d": ["36", "com.evancharlton.mileage.ServiceIntervalTemplateActivity"]}, {"9cee024b2b2b28c5eb9a1f7ef5fbce6e": ["58", "com.evancharlton.mileage.ServiceIntervalTemplateListActivity"]}, {"3f04f7000f276f83cc13711ae740ba6d": ["36", "com.evancharlton.mileage.ServiceIntervalTemplateActivity"]}, {"9cee024b2b2b28c5eb9a1f7ef5fbce6e": ["58", "com.evancharlton.mileage.ServiceIntervalTemplateListActivity"]}, {"3f04f7000f276f83cc13711ae740ba6d": ["36", "com.evancharlton.mileage.ServiceIntervalTemplateActivity"]}, {"3f04f7000f276f83cc13711ae740ba6d": ["36", "com.evancharlton.mileage.ServiceIntervalTemplateActivity"]}, {"3f04f7000f276f83cc13711ae740ba6d": ["36", "com.evancharlton.mileage.ServiceIntervalTemplateActivity"]}, {"c54067384f6957ced6317452c2e4ad1d": ["39", "com.evancharlton.mileage.ServiceIntervalTemplateActivity"]}, {"3f04f7000f276f83cc13711ae740ba6d": ["36", "com.evancharlton.mileage.ServiceIntervalTemplateActivity"]}, {"8ac0ba09ffd316c4f230b0fba96e1f3d": ["37", "com.evancharlton.mileage.ServiceIntervalTemplateActivity"]}, {"3f04f7000f276f83cc13711ae740ba6d": ["36", "com.evancharlton.mileage.ServiceIntervalTemplateActivity"]}, {"3f04f7000f276f83cc13711ae740ba6d": ["36", "com.evancharlton.mileage.ServiceIntervalTemplateActivity"]}, {"c54067384f6957ced6317452c2e4ad1d": ["39", "com.evancharlton.mileage.ServiceIntervalTemplateActivity"]}, {"3f04f7000f276f83cc13711ae740ba6d": ["36", "com.evancharlton.mileage.ServiceIntervalTemplateActivity"]}, {"3f04f7000f276f83cc13711ae740ba6d": ["36", "com.evancharlton.mileage.ServiceIntervalTemplateActivity"]}, {"9cee024b2b2b28c5eb9a1f7ef5fbce6e": ["58", "com.evancharlton.mileage.ServiceIntervalTemplateListActivity"]}, {"3f04f7000f276f83cc13711ae740ba6d": ["36", "com.evancharlton.mileage.ServiceIntervalTemplateActivity"]}, {"207d463a5369aea5018a81286169e5ba": ["34", "com.evancharlton.mileage.ServiceIntervalActivity"]}, {"4a271b20e97a0cc0df4e774ecdcaef12": ["32", "com.evancharlton.mileage.ServiceIntervalsListActivity"]}, {"207d463a5369aea5018a81286169e5ba": ["34", "com.evancharlton.mileage.ServiceIntervalActivity"]}, {"207d463a5369aea5018a81286169e5ba": ["34", "com.evancharlton.mileage.ServiceIntervalActivity"]}, {"207d463a5369aea5018a81286169e5ba": ["34", "com.evancharlton.mileage.ServiceIntervalActivity"]}, {"207d463a5369aea5018a81286169e5ba": ["34", "com.evancharlton.mileage.ServiceIntervalActivity"]}, {"c12ec1ced427d04ac7e2fc70d53d6eb0": ["65", "com.evancharlton.mileage.ServiceIntervalActivity"]}, {"207d463a5369aea5018a81286169e5ba": ["34", "com.evancharlton.mileage.ServiceIntervalActivity"]}, {"207d463a5369aea5018a81286169e5ba": ["34", "com.evancharlton.mileage.ServiceIntervalActivity"]}, {"2b3215d84eea97738cf3390eb46d8c6f": ["0", "com.evancharlton.mileage.Mileage"]}, {"2b3215d84eea97738cf3390eb46d8c6f": ["0", "com.evancharlton.mileage.Mileage"]}, {"2b3215d84eea97738cf3390eb46d8c6f": ["0", "com.evancharlton.mileage.Mileage"]}, {"08d9581c828b2321ebebe55b7dfe7b3a": ["1", "com.evancharlton.mileage.Mileage"]}, {"2b3215d84eea97738cf3390eb46d8c6f": ["0", "com.evancharlton.mileage.Mileage"]}, {"2b3215d84eea97738cf3390eb46d8c6f": ["0", "com.evancharlton.mileage.Mileage"]}, {"957d279229e89918a2f8f89ef0e59bee": ["24", "com.evancharlton.mileage.FieldListActivity"]}, {"8b3dfbbfc6584750a3c05d65ec0352cc": ["27", "com.evancharlton.mileage.FieldActivity"]}, {"8b3dfbbfc6584750a3c05d65ec0352cc": ["27", "com.evancharlton.mileage.FieldActivity"]}, {"8b3dfbbfc6584750a3c05d65ec0352cc": ["27", "com.evancharlton.mileage.FieldActivity"]}, {"8b3dfbbfc6584750a3c05d65ec0352cc": ["27", "com.evancharlton.mileage.FieldActivity"]}, {"8b3dfbbfc6584750a3c05d65ec0352cc": ["27", "com.evancharlton.mileage.FieldActivity"]}, {"77579968431cef35feea1265414865b0": ["66", "com.evancharlton.mileage.FieldListActivity"]}, {"77579968431cef35feea1265414865b0": ["66", "com.evancharlton.mileage.FieldListActivity"]}, {"8b3dfbbfc6584750a3c05d65ec0352cc": ["27", "com.evancharlton.mileage.FieldActivity"]}, {"77579968431cef35feea1265414865b0": ["66", "com.evancharlton.mileage.FieldListActivity"]}, {"8b3dfbbfc6584750a3c05d65ec0352cc": ["27", "com.evancharlton.mileage.FieldActivity"]}, {"77579968431cef35feea1265414865b0": ["66", "com.evancharlton.mileage.FieldListActivity"]}, {"e020b9fb3ec24d3309b8df707a4a558e": ["67", "com.evancharlton.mileage.Mileage"]}, {"e020b9fb3ec24d3309b8df707a4a558e": ["67", "com.evancharlton.mileage.Mileage"]}, {"77579968431cef35feea1265414865b0": ["66", "com.evancharlton.mileage.FieldListActivity"]}, {"77579968431cef35feea1265414865b0": ["66", "com.evancharlton.mileage.FieldListActivity"]}, {"8b3dfbbfc6584750a3c05d65ec0352cc": ["27", "com.evancharlton.mileage.FieldActivity"]}, {"77579968431cef35feea1265414865b0": ["66", "com.evancharlton.mileage.FieldListActivity"]}, {"8b3dfbbfc6584750a3c05d65ec0352cc": ["27", "com.evancharlton.mileage.FieldActivity"]}, {"77579968431cef35feea1265414865b0": ["66", "com.evancharlton.mileage.FieldListActivity"]}, {"77579968431cef35feea1265414865b0": ["66", "com.evancharlton.mileage.FieldListActivity"]}, {"8b3dfbbfc6584750a3c05d65ec0352cc": ["27", "com.evancharlton.mileage.FieldActivity"]}, {"77579968431cef35feea1265414865b0": ["66", "com.evancharlton.mileage.FieldListActivity"]}, {"8b3dfbbfc6584750a3c05d65ec0352cc": ["27", "com.evancharlton.mileage.FieldActivity"]}, {"77579968431cef35feea1265414865b0": ["66", "com.evancharlton.mileage.FieldListActivity"]}, {"8b3dfbbfc6584750a3c05d65ec0352cc": ["27", "com.evancharlton.mileage.FieldActivity"]}, {"77579968431cef35feea1265414865b0": ["66", "com.evancharlton.mileage.FieldListActivity"]}, {"8b3dfbbfc6584750a3c05d65ec0352cc": ["27", "com.evancharlton.mileage.FieldActivity"]}, {"77579968431cef35feea1265414865b0": ["66", "com.evancharlton.mileage.FieldListActivity"]}, {"77579968431cef35feea1265414865b0": ["66", "com.evancharlton.mileage.FieldListActivity"]}, {"2d276c43df39aae40c1f2db1be8d99f6": ["25", "com.evancharlton.mileage.FieldActivity"]}, {"8b3dfbbfc6584750a3c05d65ec0352cc": ["27", "com.evancharlton.mileage.FieldActivity"]}, {"8b3dfbbfc6584750a3c05d65ec0352cc": ["27", "com.evancharlton.mileage.FieldActivity"]}, {"b4d5fa78f6b5f2f6f7836dab97efd539": ["62", "com.evancharlton.mileage.FieldListActivity"]}, {"8b3dfbbfc6584750a3c05d65ec0352cc": ["27", "com.evancharlton.mileage.FieldActivity"]}, {"150ed1724858b92bcd7ee19b81c21cfd": ["63", "com.evancharlton.mileage.Mileage"]}, {"150ed1724858b92bcd7ee19b81c21cfd": ["63", "com.evancharlton.mileage.Mileage"]}, {"08d9581c828b2321ebebe55b7dfe7b3a": ["1", "com.evancharlton.mileage.Mileage"]}, {"150ed1724858b92bcd7ee19b81c21cfd": ["63", "com.evancharlton.mileage.Mileage"]}, {"fa3746d97f981b95f7bb394adf83c30e": ["6", "com.evancharlton.mileage.Mileage"]}, {"cbd51114dda978d25c882dc6030e6487": ["9", "com.evancharlton.mileage.VehicleActivity"]}, {"fa3746d97f981b95f7bb394adf83c30e": ["6", "com.evancharlton.mileage.Mileage"]}, {"cbd51114dda978d25c882dc6030e6487": ["9", "com.evancharlton.mileage.VehicleActivity"]}, {"cbd51114dda978d25c882dc6030e6487": ["9", "com.evancharlton.mileage.VehicleActivity"]}, {"1cabd1a3029523b13d7fa6896402814a": ["21", "com.evancharlton.mileage.VehicleActivity"]}, {"7c4a78fcd41312c6c9e1b3673ab55f9a": ["7", "com.evancharlton.mileage.VehicleActivity"]}, {"7c4a78fcd41312c6c9e1b3673ab55f9a": ["7", "com.evancharlton.mileage.VehicleActivity"]}, {"cbd51114dda978d25c882dc6030e6487": ["9", "com.evancharlton.mileage.VehicleActivity"]}, {"ee2aab076c92130fc1220688b794dde7": ["8", "com.evancharlton.mileage.VehicleActivity"]}, {"7c4a78fcd41312c6c9e1b3673ab55f9a": ["7", "com.evancharlton.mileage.VehicleActivity"]}, {"6fb23ddc7ee10c33a331952c6b1b60d5": ["20", "com.evancharlton.mileage.VehicleActivity"]}, {"cbd51114dda978d25c882dc6030e6487": ["9", "com.evancharlton.mileage.VehicleActivity"]}, {"7c4a78fcd41312c6c9e1b3673ab55f9a": ["7", "com.evancharlton.mileage.VehicleActivity"]}, {"ee2aab076c92130fc1220688b794dde7": ["8", "com.evancharlton.mileage.VehicleActivity"]}, {"7c4a78fcd41312c6c9e1b3673ab55f9a": ["7", "com.evancharlton.mileage.VehicleActivity"]}, {"6fb23ddc7ee10c33a331952c6b1b60d5": ["20", "com.evancharlton.mileage.VehicleActivity"]}, {"7c4a78fcd41312c6c9e1b3673ab55f9a": ["7", "com.evancharlton.mileage.VehicleActivity"]}, {"ee2aab076c92130fc1220688b794dde7": ["8", "com.evancharlton.mileage.VehicleActivity"]}, {"ee2aab076c92130fc1220688b794dde7": ["8", "com.evancharlton.mileage.VehicleActivity"]}]