[{"b15b0e2c380341f52f295be7a8cea1cb": ["0", "cri.sanity.MainActivity"]}, {"b15b0e2c380341f52f295be7a8cea1cb": ["0", "cri.sanity.MainActivity"]}, {"b15b0e2c380341f52f295be7a8cea1cb": ["0", "cri.sanity.MainActivity"]}, {"b15b0e2c380341f52f295be7a8cea1cb": ["0", "cri.sanity.MainActivity"]}, {"b15b0e2c380341f52f295be7a8cea1cb": ["0", "cri.sanity.MainActivity"]}, {"9b7703da029ea890b87ea2ad070ff468": ["1", "cri.sanity.MainActivity"]}, {"f3cb0cb5f2d0606bd5b813017567670e": ["14", "cri.sanity.MainActivity"]}, {"9b7703da029ea890b87ea2ad070ff468": ["1", "cri.sanity.MainActivity"]}, {"06611908e7aa86566bb67014028377bf": ["15", "cri.sanity.screen.TtsActivity"]}, {"388efc7d136a6466d5dd8c1fde4765c8": ["24", "cri.sanity.screen.GeneralActivity"]}, {"732b2215f50bc64c829db86786170a5a": ["25", "cri.sanity.screen.GeneralActivity"]}, {"388efc7d136a6466d5dd8c1fde4765c8": ["24", "cri.sanity.screen.GeneralActivity"]}, {"732b2215f50bc64c829db86786170a5a": ["25", "cri.sanity.screen.GeneralActivity"]}, {"388efc7d136a6466d5dd8c1fde4765c8": ["24", "cri.sanity.screen.GeneralActivity"]}, {"388efc7d136a6466d5dd8c1fde4765c8": ["24", "cri.sanity.screen.GeneralActivity"]}, {"388efc7d136a6466d5dd8c1fde4765c8": ["24", "cri.sanity.screen.GeneralActivity"]}, {"388efc7d136a6466d5dd8c1fde4765c8": ["24", "cri.sanity.screen.GeneralActivity"]}, {"388efc7d136a6466d5dd8c1fde4765c8": ["24", "cri.sanity.screen.GeneralActivity"]}, {"388efc7d136a6466d5dd8c1fde4765c8": ["24", "cri.sanity.screen.GeneralActivity"]}, {"388efc7d136a6466d5dd8c1fde4765c8": ["24", "cri.sanity.screen.GeneralActivity"]}, {"a166177da80e963cba1a1b06f060786e": ["8", "cri.sanity.screen.RecordActivity"]}, {"33d8af6855547d32c29c58c95b26ac68": ["9", "cri.sanity.screen.RecordActivity"]}, {"a166177da80e963cba1a1b06f060786e": ["8", "cri.sanity.screen.RecordActivity"]}, {"a166177da80e963cba1a1b06f060786e": ["8", "cri.sanity.screen.RecordActivity"]}, {"de913914d83fa530f8a6de9ece1af01c": ["12", "cri.sanity.screen.UrgentActivity"]}, {"de913914d83fa530f8a6de9ece1af01c": ["12", "cri.sanity.screen.UrgentActivity"]}, {"de913914d83fa530f8a6de9ece1af01c": ["12", "cri.sanity.screen.UrgentActivity"]}, {"eb916eb313d4539adcc9a9e0ae1a345a": ["13", "cri.sanity.screen.UrgentActivity"]}, {"de913914d83fa530f8a6de9ece1af01c": ["12", "cri.sanity.screen.UrgentActivity"]}, {"de913914d83fa530f8a6de9ece1af01c": ["12", "cri.sanity.screen.UrgentActivity"]}, {"fdbded06ded2995b238e5c80b6013b06": ["23", "cri.sanity.screen.UrgentActivity"]}, {"de913914d83fa530f8a6de9ece1af01c": ["12", "cri.sanity.screen.UrgentActivity"]}, {"de913914d83fa530f8a6de9ece1af01c": ["12", "cri.sanity.screen.UrgentActivity"]}, {"eb916eb313d4539adcc9a9e0ae1a345a": ["13", "cri.sanity.screen.UrgentActivity"]}, {"de913914d83fa530f8a6de9ece1af01c": ["12", "cri.sanity.screen.UrgentActivity"]}, {"de913914d83fa530f8a6de9ece1af01c": ["12", "cri.sanity.screen.UrgentActivity"]}, {"fdbded06ded2995b238e5c80b6013b06": ["23", "cri.sanity.screen.UrgentActivity"]}, {"de913914d83fa530f8a6de9ece1af01c": ["12", "cri.sanity.screen.UrgentActivity"]}, {"700a94b4f192b83f3bf43123998d683c": ["3", "cri.sanity.screen.FilterActivity"]}, {"9cf99100c7ea83a812da477e402adfb4": ["7", "cri.sanity.screen.FilterActivity"]}, {"388efc7d136a6466d5dd8c1fde4765c8": ["24", "cri.sanity.screen.GeneralActivity"]}, {"732b2215f50bc64c829db86786170a5a": ["25", "cri.sanity.screen.GeneralActivity"]}, {"388efc7d136a6466d5dd8c1fde4765c8": ["24", "cri.sanity.screen.GeneralActivity"]}, {"388efc7d136a6466d5dd8c1fde4765c8": ["24", "cri.sanity.screen.GeneralActivity"]}, {"da0aa84dcba6ccd4f1553638ef4b7a72": ["17", "cri.sanity.screen.BlockerActivity"]}, {"d20c005a1da1ce6c3da3b65f6b0539bf": ["19", "cri.sanity.screen.BlockerActivity"]}, {"da0aa84dcba6ccd4f1553638ef4b7a72": ["17", "cri.sanity.screen.BlockerActivity"]}, {"d3be3371e229fd6502268e626a1a4e4b": ["177", "cri.sanity.screen.BlockerActivity"]}, {"d3be3371e229fd6502268e626a1a4e4b": ["177", "cri.sanity.screen.BlockerActivity"]}, {"d3be3371e229fd6502268e626a1a4e4b": ["177", "cri.sanity.screen.BlockerActivity"]}, {"d3be3371e229fd6502268e626a1a4e4b": ["177", "cri.sanity.screen.BlockerActivity"]}, {"700a94b4f192b83f3bf43123998d683c": ["3", "cri.sanity.screen.FilterActivity"]}, {"a1fe68a29155e614a044e6bfefc7b189": ["4", "cri.sanity.screen.FilterActivity"]}, {"700a94b4f192b83f3bf43123998d683c": ["3", "cri.sanity.screen.FilterActivity"]}, {"31105b3e768e618248f254bceb690935": ["5", "cri.sanity.screen.DateTimeActivity"]}, {"31105b3e768e618248f254bceb690935": ["5", "cri.sanity.screen.DateTimeActivity"]}, {"31105b3e768e618248f254bceb690935": ["5", "cri.sanity.screen.DateTimeActivity"]}, {"da0aa84dcba6ccd4f1553638ef4b7a72": ["17", "cri.sanity.screen.BlockerActivity"]}, {"d20c005a1da1ce6c3da3b65f6b0539bf": ["19", "cri.sanity.screen.BlockerActivity"]}, {"da0aa84dcba6ccd4f1553638ef4b7a72": ["17", "cri.sanity.screen.BlockerActivity"]}, {"b1ae33f00b97c1766467ae037061b2dd": ["42", "cri.sanity.screen.BlockerActivity"]}, {"ab71767d184c9951c9e668c4b6a483e8": ["113", "cri.sanity.screen.SmsHistoryActivity"]}, {"ab71767d184c9951c9e668c4b6a483e8": ["113", "cri.sanity.screen.SmsHistoryActivity"]}, {"ab71767d184c9951c9e668c4b6a483e8": ["113", "cri.sanity.screen.SmsHistoryActivity"]}, {"13ad544800b6db0e5de4f2df365ae99c": ["114", "cri.sanity.screen.SmsHistoryActivity"]}, {"ab71767d184c9951c9e668c4b6a483e8": ["113", "cri.sanity.screen.SmsHistoryActivity"]}, {"ab71767d184c9951c9e668c4b6a483e8": ["113", "cri.sanity.screen.SmsHistoryActivity"]}, {"ab71767d184c9951c9e668c4b6a483e8": ["113", "cri.sanity.screen.SmsHistoryActivity"]}, {"ab71767d184c9951c9e668c4b6a483e8": ["113", "cri.sanity.screen.SmsHistoryActivity"]}, {"ab71767d184c9951c9e668c4b6a483e8": ["113", "cri.sanity.screen.SmsHistoryActivity"]}, {"ab71767d184c9951c9e668c4b6a483e8": ["113", "cri.sanity.screen.SmsHistoryActivity"]}, {"b1ae33f00b97c1766467ae037061b2dd": ["42", "cri.sanity.screen.BlockerActivity"]}, {"ab71767d184c9951c9e668c4b6a483e8": ["113", "cri.sanity.screen.SmsHistoryActivity"]}, {"ab71767d184c9951c9e668c4b6a483e8": ["113", "cri.sanity.screen.SmsHistoryActivity"]}, {"13ad544800b6db0e5de4f2df365ae99c": ["114", "cri.sanity.screen.SmsHistoryActivity"]}, {"ab71767d184c9951c9e668c4b6a483e8": ["113", "cri.sanity.screen.SmsHistoryActivity"]}, {"ab71767d184c9951c9e668c4b6a483e8": ["113", "cri.sanity.screen.SmsHistoryActivity"]}, {"de913914d83fa530f8a6de9ece1af01c": ["12", "cri.sanity.screen.UrgentActivity"]}, {"de913914d83fa530f8a6de9ece1af01c": ["12", "cri.sanity.screen.UrgentActivity"]}, {"eb916eb313d4539adcc9a9e0ae1a345a": ["13", "cri.sanity.screen.UrgentActivity"]}, {"de913914d83fa530f8a6de9ece1af01c": ["12", "cri.sanity.screen.UrgentActivity"]}, {"de913914d83fa530f8a6de9ece1af01c": ["12", "cri.sanity.screen.UrgentActivity"]}, {"de913914d83fa530f8a6de9ece1af01c": ["12", "cri.sanity.screen.UrgentActivity"]}, {"b1ae33f00b97c1766467ae037061b2dd": ["42", "cri.sanity.screen.BlockerActivity"]}, {"ab71767d184c9951c9e668c4b6a483e8": ["113", "cri.sanity.screen.SmsHistoryActivity"]}, {"ab71767d184c9951c9e668c4b6a483e8": ["113", "cri.sanity.screen.SmsHistoryActivity"]}, {"ab71767d184c9951c9e668c4b6a483e8": ["113", "cri.sanity.screen.SmsHistoryActivity"]}, {"13ad544800b6db0e5de4f2df365ae99c": ["114", "cri.sanity.screen.SmsHistoryActivity"]}, {"388efc7d136a6466d5dd8c1fde4765c8": ["24", "cri.sanity.screen.GeneralActivity"]}, {"928cb30c52ed67a3c8dec6e3a5c54f3e": ["35", "cri.sanity.screen.GeneralActivity"]}, {"928cb30c52ed67a3c8dec6e3a5c54f3e": ["35", "cri.sanity.screen.GeneralActivity"]}, {"928cb30c52ed67a3c8dec6e3a5c54f3e": ["35", "cri.sanity.screen.GeneralActivity"]}, {"928cb30c52ed67a3c8dec6e3a5c54f3e": ["35", "cri.sanity.screen.GeneralActivity"]}, {"928cb30c52ed67a3c8dec6e3a5c54f3e": ["35", "cri.sanity.screen.GeneralActivity"]}, {"928cb30c52ed67a3c8dec6e3a5c54f3e": ["35", "cri.sanity.screen.GeneralActivity"]}, {"928cb30c52ed67a3c8dec6e3a5c54f3e": ["35", "cri.sanity.screen.GeneralActivity"]}, {"68ab6fe678ccdc4821da6d080ac24a17": ["38", "cri.sanity.screen.GeneralActivity"]}, {"388efc7d136a6466d5dd8c1fde4765c8": ["24", "cri.sanity.screen.GeneralActivity"]}, {"388efc7d136a6466d5dd8c1fde4765c8": ["24", "cri.sanity.screen.GeneralActivity"]}, {"388efc7d136a6466d5dd8c1fde4765c8": ["24", "cri.sanity.screen.GeneralActivity"]}, {"388efc7d136a6466d5dd8c1fde4765c8": ["24", "cri.sanity.screen.GeneralActivity"]}, {"388efc7d136a6466d5dd8c1fde4765c8": ["24", "cri.sanity.screen.GeneralActivity"]}, {"3f127b5c2311dfe6fa57f798478c6891": ["120", "cri.sanity.screen.GeneralActivity"]}, {"3f127b5c2311dfe6fa57f798478c6891": ["120", "cri.sanity.screen.GeneralActivity"]}, {"68ab6fe678ccdc4821da6d080ac24a17": ["38", "cri.sanity.screen.GeneralActivity"]}, {"8a7e8b052e0d1061a8a796f181669b4c": ["124", "cri.sanity.screen.GeneralActivity"]}, {"68ab6fe678ccdc4821da6d080ac24a17": ["38", "cri.sanity.screen.GeneralActivity"]}, {"388efc7d136a6466d5dd8c1fde4765c8": ["24", "cri.sanity.screen.GeneralActivity"]}, {"a166177da80e963cba1a1b06f060786e": ["8", "cri.sanity.screen.RecordActivity"]}, {"26a1dbded4114dfe849f3b9e756f0a39": ["11", "cri.sanity.screen.BrowseActivity"]}, {"0c4784b41c274ae916c3d8f458bbb37d": ["27", "cri.sanity.screen.BrowseActivity"]}, {"26a1dbded4114dfe849f3b9e756f0a39": ["11", "cri.sanity.screen.BrowseActivity"]}, {"388efc7d136a6466d5dd8c1fde4765c8": ["24", "cri.sanity.screen.GeneralActivity"]}, {"8dfd2401738251a2d5a702150cfd0189": ["50", "cri.sanity.screen.GeneralActivity"]}, {"8dfd2401738251a2d5a702150cfd0189": ["50", "cri.sanity.screen.GeneralActivity"]}, {"8dfd2401738251a2d5a702150cfd0189": ["50", "cri.sanity.screen.GeneralActivity"]}, {"68ab6fe678ccdc4821da6d080ac24a17": ["38", "cri.sanity.screen.GeneralActivity"]}, {"8dfd2401738251a2d5a702150cfd0189": ["50", "cri.sanity.screen.GeneralActivity"]}, {"8dfd2401738251a2d5a702150cfd0189": ["50", "cri.sanity.screen.GeneralActivity"]}, {"8dfd2401738251a2d5a702150cfd0189": ["50", "cri.sanity.screen.GeneralActivity"]}, {"68ab6fe678ccdc4821da6d080ac24a17": ["38", "cri.sanity.screen.GeneralActivity"]}, {"8dfd2401738251a2d5a702150cfd0189": ["50", "cri.sanity.screen.GeneralActivity"]}, {"3f127b5c2311dfe6fa57f798478c6891": ["120", "cri.sanity.screen.GeneralActivity"]}, {"3f127b5c2311dfe6fa57f798478c6891": ["120", "cri.sanity.screen.GeneralActivity"]}, {"da0aa84dcba6ccd4f1553638ef4b7a72": ["17", "cri.sanity.screen.BlockerActivity"]}, {"d20c005a1da1ce6c3da3b65f6b0539bf": ["19", "cri.sanity.screen.BlockerActivity"]}, {"da0aa84dcba6ccd4f1553638ef4b7a72": ["17", "cri.sanity.screen.BlockerActivity"]}, {"da0aa84dcba6ccd4f1553638ef4b7a72": ["17", "cri.sanity.screen.BlockerActivity"]}, {"f327680928957ee0e213f8f43fe3097e": ["178", "cri.sanity.screen.BlockerActivity"]}, {"d20c005a1da1ce6c3da3b65f6b0539bf": ["19", "cri.sanity.screen.BlockerActivity"]}, {"e522a632abaaafb26a0d4ee60a89fbe9": ["122", "cri.sanity.screen.BlockerActivity"]}, {"e40e2c0e13fa931c3a42ea1f047ebbf4": ["179", "cri.sanity.screen.BlockerActivity"]}, {"e40e2c0e13fa931c3a42ea1f047ebbf4": ["179", "cri.sanity.screen.BlockerActivity"]}, {"e40e2c0e13fa931c3a42ea1f047ebbf4": ["179", "cri.sanity.screen.BlockerActivity"]}, {"e40e2c0e13fa931c3a42ea1f047ebbf4": ["179", "cri.sanity.screen.BlockerActivity"]}, {"d20c005a1da1ce6c3da3b65f6b0539bf": ["19", "cri.sanity.screen.BlockerActivity"]}, {"e40e2c0e13fa931c3a42ea1f047ebbf4": ["179", "cri.sanity.screen.BlockerActivity"]}, {"f327680928957ee0e213f8f43fe3097e": ["178", "cri.sanity.screen.BlockerActivity"]}, {"67f8dc5d9dabda29da039779270f9fbc": ["108", "cri.sanity.screen.CallHistoryActivity"]}, {"67f8dc5d9dabda29da039779270f9fbc": ["108", "cri.sanity.screen.CallHistoryActivity"]}, {"971621256e1f788282e4dfb20dd65bd6": ["111", "cri.sanity.screen.CallHistoryActivity"]}, {"67f8dc5d9dabda29da039779270f9fbc": ["108", "cri.sanity.screen.CallHistoryActivity"]}, {"67f8dc5d9dabda29da039779270f9fbc": ["108", "cri.sanity.screen.CallHistoryActivity"]}, {"971621256e1f788282e4dfb20dd65bd6": ["111", "cri.sanity.screen.CallHistoryActivity"]}, {"67f8dc5d9dabda29da039779270f9fbc": ["108", "cri.sanity.screen.CallHistoryActivity"]}, {"67f8dc5d9dabda29da039779270f9fbc": ["108", "cri.sanity.screen.CallHistoryActivity"]}, {"67f8dc5d9dabda29da039779270f9fbc": ["108", "cri.sanity.screen.CallHistoryActivity"]}, {"67f8dc5d9dabda29da039779270f9fbc": ["108", "cri.sanity.screen.CallHistoryActivity"]}, {"971621256e1f788282e4dfb20dd65bd6": ["111", "cri.sanity.screen.CallHistoryActivity"]}, {"e40e2c0e13fa931c3a42ea1f047ebbf4": ["179", "cri.sanity.screen.BlockerActivity"]}, {"e40e2c0e13fa931c3a42ea1f047ebbf4": ["179", "cri.sanity.screen.BlockerActivity"]}, {"67f8dc5d9dabda29da039779270f9fbc": ["108", "cri.sanity.screen.CallHistoryActivity"]}, {"67f8dc5d9dabda29da039779270f9fbc": ["108", "cri.sanity.screen.CallHistoryActivity"]}, {"971621256e1f788282e4dfb20dd65bd6": ["111", "cri.sanity.screen.CallHistoryActivity"]}, {"67f8dc5d9dabda29da039779270f9fbc": ["108", "cri.sanity.screen.CallHistoryActivity"]}, {"67f8dc5d9dabda29da039779270f9fbc": ["108", "cri.sanity.screen.CallHistoryActivity"]}, {"971621256e1f788282e4dfb20dd65bd6": ["111", "cri.sanity.screen.CallHistoryActivity"]}, {"928cb30c52ed67a3c8dec6e3a5c54f3e": ["35", "cri.sanity.screen.GeneralActivity"]}, {"68ab6fe678ccdc4821da6d080ac24a17": ["38", "cri.sanity.screen.GeneralActivity"]}, {"928cb30c52ed67a3c8dec6e3a5c54f3e": ["35", "cri.sanity.screen.GeneralActivity"]}, {"3b239ebcf3ba6caec9189081f15614b2": ["81", "cri.sanity.screen.ProfileActivity"]}, {"928cb30c52ed67a3c8dec6e3a5c54f3e": ["35", "cri.sanity.screen.GeneralActivity"]}, {"68ab6fe678ccdc4821da6d080ac24a17": ["38", "cri.sanity.screen.GeneralActivity"]}, {"da0aa84dcba6ccd4f1553638ef4b7a72": ["17", "cri.sanity.screen.BlockerActivity"]}, {"d20c005a1da1ce6c3da3b65f6b0539bf": ["19", "cri.sanity.screen.BlockerActivity"]}, {"da0aa84dcba6ccd4f1553638ef4b7a72": ["17", "cri.sanity.screen.BlockerActivity"]}, {"da0aa84dcba6ccd4f1553638ef4b7a72": ["17", "cri.sanity.screen.BlockerActivity"]}, {"d20c005a1da1ce6c3da3b65f6b0539bf": ["19", "cri.sanity.screen.BlockerActivity"]}, {"da0aa84dcba6ccd4f1553638ef4b7a72": ["17", "cri.sanity.screen.BlockerActivity"]}, {"da0aa84dcba6ccd4f1553638ef4b7a72": ["17", "cri.sanity.screen.BlockerActivity"]}, {"da0aa84dcba6ccd4f1553638ef4b7a72": ["17", "cri.sanity.screen.BlockerActivity"]}, {"da0aa84dcba6ccd4f1553638ef4b7a72": ["17", "cri.sanity.screen.BlockerActivity"]}, {"da0aa84dcba6ccd4f1553638ef4b7a72": ["17", "cri.sanity.screen.BlockerActivity"]}, {"700a94b4f192b83f3bf43123998d683c": ["3", "cri.sanity.screen.FilterActivity"]}, {"a1fe68a29155e614a044e6bfefc7b189": ["4", "cri.sanity.screen.FilterActivity"]}, {"700a94b4f192b83f3bf43123998d683c": ["3", "cri.sanity.screen.FilterActivity"]}, {"700a94b4f192b83f3bf43123998d683c": ["3", "cri.sanity.screen.FilterActivity"]}, {"700a94b4f192b83f3bf43123998d683c": ["3", "cri.sanity.screen.FilterActivity"]}, {"700a94b4f192b83f3bf43123998d683c": ["3", "cri.sanity.screen.FilterActivity"]}, {"da0aa84dcba6ccd4f1553638ef4b7a72": ["17", "cri.sanity.screen.BlockerActivity"]}, {"700a94b4f192b83f3bf43123998d683c": ["3", "cri.sanity.screen.FilterActivity"]}, {"700a94b4f192b83f3bf43123998d683c": ["3", "cri.sanity.screen.FilterActivity"]}, {"9cf99100c7ea83a812da477e402adfb4": ["7", "cri.sanity.screen.FilterActivity"]}, {"700a94b4f192b83f3bf43123998d683c": ["3", "cri.sanity.screen.FilterActivity"]}, {"8588ccc5807870a575cbb5802ef5dca0": ["59", "cri.sanity.screen.FilterActivity"]}, {"31105b3e768e618248f254bceb690935": ["5", "cri.sanity.screen.DateTimeActivity"]}, {"0a225278980027d4cb43da19cfdbaf0e": ["6", "cri.sanity.screen.DateTimeActivity"]}, {"9461824d5230838c81ee80004b923754": ["61", "cri.sanity.screen.DateTimeActivity"]}, {"9461824d5230838c81ee80004b923754": ["61", "cri.sanity.screen.DateTimeActivity"]}, {"9461824d5230838c81ee80004b923754": ["61", "cri.sanity.screen.DateTimeActivity"]}, {"1aae6fb5b4f5142bd102c0aade6bc3da": ["180", "cri.sanity.screen.DateTimeActivity"]}, {"1aae6fb5b4f5142bd102c0aade6bc3da": ["180", "cri.sanity.screen.DateTimeActivity"]}, {"1aae6fb5b4f5142bd102c0aade6bc3da": ["180", "cri.sanity.screen.DateTimeActivity"]}, {"1aae6fb5b4f5142bd102c0aade6bc3da": ["180", "cri.sanity.screen.DateTimeActivity"]}, {"388efc7d136a6466d5dd8c1fde4765c8": ["24", "cri.sanity.screen.GeneralActivity"]}, {"732b2215f50bc64c829db86786170a5a": ["25", "cri.sanity.screen.GeneralActivity"]}, {"388efc7d136a6466d5dd8c1fde4765c8": ["24", "cri.sanity.screen.GeneralActivity"]}, {"732b2215f50bc64c829db86786170a5a": ["25", "cri.sanity.screen.GeneralActivity"]}, {"388efc7d136a6466d5dd8c1fde4765c8": ["24", "cri.sanity.screen.GeneralActivity"]}, {"388efc7d136a6466d5dd8c1fde4765c8": ["24", "cri.sanity.screen.GeneralActivity"]}, {"388efc7d136a6466d5dd8c1fde4765c8": ["24", "cri.sanity.screen.GeneralActivity"]}, {"388efc7d136a6466d5dd8c1fde4765c8": ["24", "cri.sanity.screen.GeneralActivity"]}, {"388efc7d136a6466d5dd8c1fde4765c8": ["24", "cri.sanity.screen.GeneralActivity"]}, {"388efc7d136a6466d5dd8c1fde4765c8": ["24", "cri.sanity.screen.GeneralActivity"]}, {"388efc7d136a6466d5dd8c1fde4765c8": ["24", "cri.sanity.screen.GeneralActivity"]}, {"a166177da80e963cba1a1b06f060786e": ["8", "cri.sanity.screen.RecordActivity"]}, {"a166177da80e963cba1a1b06f060786e": ["8", "cri.sanity.screen.RecordActivity"]}, {"33d8af6855547d32c29c58c95b26ac68": ["9", "cri.sanity.screen.RecordActivity"]}, {"a166177da80e963cba1a1b06f060786e": ["8", "cri.sanity.screen.RecordActivity"]}, {"efa833ef2909c8ff459c261ebded704f": ["181", "cri.sanity.screen.RecordActivity"]}, {"2cc55a0fea3bb830e7b99f305bf3ede2": ["31", "cri.sanity.screen.RecordActivity"]}, {"653f9c313e14c4d01eb68fbc0f02e273": ["10", "cri.sanity.screen.RecordActivity"]}, {"2cc55a0fea3bb830e7b99f305bf3ede2": ["31", "cri.sanity.screen.RecordActivity"]}, {"879462caed9a5fd9dadba9104b49dfb7": ["88", "cri.sanity.screen.RecordActivity"]}, {"653f9c313e14c4d01eb68fbc0f02e273": ["10", "cri.sanity.screen.RecordActivity"]}, {"879462caed9a5fd9dadba9104b49dfb7": ["88", "cri.sanity.screen.RecordActivity"]}, {"a166177da80e963cba1a1b06f060786e": ["8", "cri.sanity.screen.RecordActivity"]}, {"de913914d83fa530f8a6de9ece1af01c": ["12", "cri.sanity.screen.UrgentActivity"]}, {"de913914d83fa530f8a6de9ece1af01c": ["12", "cri.sanity.screen.UrgentActivity"]}, {"de913914d83fa530f8a6de9ece1af01c": ["12", "cri.sanity.screen.UrgentActivity"]}, {"eb916eb313d4539adcc9a9e0ae1a345a": ["13", "cri.sanity.screen.UrgentActivity"]}, {"de913914d83fa530f8a6de9ece1af01c": ["12", "cri.sanity.screen.UrgentActivity"]}, {"de913914d83fa530f8a6de9ece1af01c": ["12", "cri.sanity.screen.UrgentActivity"]}, {"fdbded06ded2995b238e5c80b6013b06": ["23", "cri.sanity.screen.UrgentActivity"]}, {"de913914d83fa530f8a6de9ece1af01c": ["12", "cri.sanity.screen.UrgentActivity"]}, {"de913914d83fa530f8a6de9ece1af01c": ["12", "cri.sanity.screen.UrgentActivity"]}, {"eb916eb313d4539adcc9a9e0ae1a345a": ["13", "cri.sanity.screen.UrgentActivity"]}, {"de913914d83fa530f8a6de9ece1af01c": ["12", "cri.sanity.screen.UrgentActivity"]}, {"de913914d83fa530f8a6de9ece1af01c": ["12", "cri.sanity.screen.UrgentActivity"]}, {"700a94b4f192b83f3bf43123998d683c": ["3", "cri.sanity.screen.FilterActivity"]}, {"700a94b4f192b83f3bf43123998d683c": ["3", "cri.sanity.screen.FilterActivity"]}, {"700a94b4f192b83f3bf43123998d683c": ["3", "cri.sanity.screen.FilterActivity"]}, {"700a94b4f192b83f3bf43123998d683c": ["3", "cri.sanity.screen.FilterActivity"]}, {"9cf99100c7ea83a812da477e402adfb4": ["7", "cri.sanity.screen.FilterActivity"]}, {"388efc7d136a6466d5dd8c1fde4765c8": ["24", "cri.sanity.screen.GeneralActivity"]}, {"732b2215f50bc64c829db86786170a5a": ["25", "cri.sanity.screen.GeneralActivity"]}, {"388efc7d136a6466d5dd8c1fde4765c8": ["24", "cri.sanity.screen.GeneralActivity"]}, {"388efc7d136a6466d5dd8c1fde4765c8": ["24", "cri.sanity.screen.GeneralActivity"]}, {"da0aa84dcba6ccd4f1553638ef4b7a72": ["17", "cri.sanity.screen.BlockerActivity"]}, {"da0aa84dcba6ccd4f1553638ef4b7a72": ["17", "cri.sanity.screen.BlockerActivity"]}, {"5950c7be41f17c70b4fc043aa12a37f6": ["20", "cri.sanity.screen.BlockerActivity"]}, {"d20c005a1da1ce6c3da3b65f6b0539bf": ["19", "cri.sanity.screen.BlockerActivity"]}, {"da0aa84dcba6ccd4f1553638ef4b7a72": ["17", "cri.sanity.screen.BlockerActivity"]}, {"da0aa84dcba6ccd4f1553638ef4b7a72": ["17", "cri.sanity.screen.BlockerActivity"]}, {"da0aa84dcba6ccd4f1553638ef4b7a72": ["17", "cri.sanity.screen.BlockerActivity"]}, {"da0aa84dcba6ccd4f1553638ef4b7a72": ["17", "cri.sanity.screen.BlockerActivity"]}, {"da0aa84dcba6ccd4f1553638ef4b7a72": ["17", "cri.sanity.screen.BlockerActivity"]}, {"06611908e7aa86566bb67014028377bf": ["15", "cri.sanity.screen.TtsActivity"]}, {"3d020bc7abaa3547350c97830874b607": ["16", "cri.sanity.screen.TtsActivity"]}, {"06611908e7aa86566bb67014028377bf": ["15", "cri.sanity.screen.TtsActivity"]}, {"06611908e7aa86566bb67014028377bf": ["15", "cri.sanity.screen.TtsActivity"]}, {"2985b6f51ce15d3a9b7a53776c23c068": ["2", "cri.sanity.screen.AnswerActivity"]}, {"2985b6f51ce15d3a9b7a53776c23c068": ["2", "cri.sanity.screen.AnswerActivity"]}, {"6de4417d0069472fdd7d2d4d3bec15f5": ["22", "cri.sanity.screen.AnswerActivity"]}, {"2985b6f51ce15d3a9b7a53776c23c068": ["2", "cri.sanity.screen.AnswerActivity"]}, {"2985b6f51ce15d3a9b7a53776c23c068": ["2", "cri.sanity.screen.AnswerActivity"]}, {"c8dbfcec04f0ecb869c0e27dcdb572e9": ["131", "cri.sanity.ModeActivity"]}, {"c8dbfcec04f0ecb869c0e27dcdb572e9": ["131", "cri.sanity.ModeActivity"]}, {"2985b6f51ce15d3a9b7a53776c23c068": ["2", "cri.sanity.screen.AnswerActivity"]}, {"6de4417d0069472fdd7d2d4d3bec15f5": ["22", "cri.sanity.screen.AnswerActivity"]}, {"2985b6f51ce15d3a9b7a53776c23c068": ["2", "cri.sanity.screen.AnswerActivity"]}, {"6de4417d0069472fdd7d2d4d3bec15f5": ["22", "cri.sanity.screen.AnswerActivity"]}, {"2985b6f51ce15d3a9b7a53776c23c068": ["2", "cri.sanity.screen.AnswerActivity"]}, {"de913914d83fa530f8a6de9ece1af01c": ["12", "cri.sanity.screen.UrgentActivity"]}, {"de913914d83fa530f8a6de9ece1af01c": ["12", "cri.sanity.screen.UrgentActivity"]}, {"de913914d83fa530f8a6de9ece1af01c": ["12", "cri.sanity.screen.UrgentActivity"]}, {"de913914d83fa530f8a6de9ece1af01c": ["12", "cri.sanity.screen.UrgentActivity"]}, {"388efc7d136a6466d5dd8c1fde4765c8": ["24", "cri.sanity.screen.GeneralActivity"]}, {"928cb30c52ed67a3c8dec6e3a5c54f3e": ["35", "cri.sanity.screen.GeneralActivity"]}, {"928cb30c52ed67a3c8dec6e3a5c54f3e": ["35", "cri.sanity.screen.GeneralActivity"]}, {"928cb30c52ed67a3c8dec6e3a5c54f3e": ["35", "cri.sanity.screen.GeneralActivity"]}, {"928cb30c52ed67a3c8dec6e3a5c54f3e": ["35", "cri.sanity.screen.GeneralActivity"]}, {"928cb30c52ed67a3c8dec6e3a5c54f3e": ["35", "cri.sanity.screen.GeneralActivity"]}, {"928cb30c52ed67a3c8dec6e3a5c54f3e": ["35", "cri.sanity.screen.GeneralActivity"]}, {"928cb30c52ed67a3c8dec6e3a5c54f3e": ["35", "cri.sanity.screen.GeneralActivity"]}, {"68ab6fe678ccdc4821da6d080ac24a17": ["38", "cri.sanity.screen.GeneralActivity"]}, {"388efc7d136a6466d5dd8c1fde4765c8": ["24", "cri.sanity.screen.GeneralActivity"]}, {"388efc7d136a6466d5dd8c1fde4765c8": ["24", "cri.sanity.screen.GeneralActivity"]}, {"388efc7d136a6466d5dd8c1fde4765c8": ["24", "cri.sanity.screen.GeneralActivity"]}, {"388efc7d136a6466d5dd8c1fde4765c8": ["24", "cri.sanity.screen.GeneralActivity"]}, {"388efc7d136a6466d5dd8c1fde4765c8": ["24", "cri.sanity.screen.GeneralActivity"]}, {"3f127b5c2311dfe6fa57f798478c6891": ["120", "cri.sanity.screen.GeneralActivity"]}, {"3f127b5c2311dfe6fa57f798478c6891": ["120", "cri.sanity.screen.GeneralActivity"]}, {"68ab6fe678ccdc4821da6d080ac24a17": ["38", "cri.sanity.screen.GeneralActivity"]}, {"8a7e8b052e0d1061a8a796f181669b4c": ["124", "cri.sanity.screen.GeneralActivity"]}, {"68ab6fe678ccdc4821da6d080ac24a17": ["38", "cri.sanity.screen.GeneralActivity"]}, {"388efc7d136a6466d5dd8c1fde4765c8": ["24", "cri.sanity.screen.GeneralActivity"]}, {"388efc7d136a6466d5dd8c1fde4765c8": ["24", "cri.sanity.screen.GeneralActivity"]}, {"bd4e47b9057d59bd1088b287b81e711d": ["135", "cri.sanity.screen.GeneralActivity"]}, {"bd4e47b9057d59bd1088b287b81e711d": ["135", "cri.sanity.screen.GeneralActivity"]}, {"bd4e47b9057d59bd1088b287b81e711d": ["135", "cri.sanity.screen.GeneralActivity"]}, {"bd4e47b9057d59bd1088b287b81e711d": ["135", "cri.sanity.screen.GeneralActivity"]}, {"bd4e47b9057d59bd1088b287b81e711d": ["135", "cri.sanity.screen.GeneralActivity"]}, {"68ab6fe678ccdc4821da6d080ac24a17": ["38", "cri.sanity.screen.GeneralActivity"]}, {"bd4e47b9057d59bd1088b287b81e711d": ["135", "cri.sanity.screen.GeneralActivity"]}, {"bd4e47b9057d59bd1088b287b81e711d": ["135", "cri.sanity.screen.GeneralActivity"]}, {"bd4e47b9057d59bd1088b287b81e711d": ["135", "cri.sanity.screen.GeneralActivity"]}, {"ae4921393d54553b5229e610e5f94869": ["87", "cri.sanity.screen.ProfileActivity"]}, {"3b239ebcf3ba6caec9189081f15614b2": ["81", "cri.sanity.screen.ProfileActivity"]}, {"aff64c675b9441a1620bb13218b2cfaa": ["82", "cri.sanity.screen.ProfileActivity"]}, {"3b239ebcf3ba6caec9189081f15614b2": ["81", "cri.sanity.screen.ProfileActivity"]}, {"aff64c675b9441a1620bb13218b2cfaa": ["82", "cri.sanity.screen.ProfileActivity"]}, {"816203b9aba8d7b25cc94a760d258649": ["85", "cri.sanity.screen.ProfileActivity"]}, {"3b239ebcf3ba6caec9189081f15614b2": ["81", "cri.sanity.screen.ProfileActivity"]}, {"3b239ebcf3ba6caec9189081f15614b2": ["81", "cri.sanity.screen.ProfileActivity"]}, {"3b239ebcf3ba6caec9189081f15614b2": ["81", "cri.sanity.screen.ProfileActivity"]}, {"aff64c675b9441a1620bb13218b2cfaa": ["82", "cri.sanity.screen.ProfileActivity"]}, {"3b239ebcf3ba6caec9189081f15614b2": ["81", "cri.sanity.screen.ProfileActivity"]}, {"aff64c675b9441a1620bb13218b2cfaa": ["82", "cri.sanity.screen.ProfileActivity"]}, {"3b239ebcf3ba6caec9189081f15614b2": ["81", "cri.sanity.screen.ProfileActivity"]}, {"3b239ebcf3ba6caec9189081f15614b2": ["81", "cri.sanity.screen.ProfileActivity"]}, {"aff64c675b9441a1620bb13218b2cfaa": ["82", "cri.sanity.screen.ProfileActivity"]}, {"3b239ebcf3ba6caec9189081f15614b2": ["81", "cri.sanity.screen.ProfileActivity"]}, {"3b239ebcf3ba6caec9189081f15614b2": ["81", "cri.sanity.screen.ProfileActivity"]}, {"3b239ebcf3ba6caec9189081f15614b2": ["81", "cri.sanity.screen.ProfileActivity"]}, {"aff64c675b9441a1620bb13218b2cfaa": ["82", "cri.sanity.screen.ProfileActivity"]}, {"2ded1986594c158a355269214d317b8e": ["137", "cri.sanity.screen.GeneralActivity"]}, {"2ded1986594c158a355269214d317b8e": ["137", "cri.sanity.screen.GeneralActivity"]}, {"68ab6fe678ccdc4821da6d080ac24a17": ["38", "cri.sanity.screen.GeneralActivity"]}, {"8588ccc5807870a575cbb5802ef5dca0": ["59", "cri.sanity.screen.FilterActivity"]}, {"388efc7d136a6466d5dd8c1fde4765c8": ["24", "cri.sanity.screen.GeneralActivity"]}, {"aadf3ab0cd1f7ecb04b3b01eb5dcfc73": ["46", "cri.sanity.screen.GeneralActivity"]}, {"388efc7d136a6466d5dd8c1fde4765c8": ["24", "cri.sanity.screen.GeneralActivity"]}, {"732b2215f50bc64c829db86786170a5a": ["25", "cri.sanity.screen.GeneralActivity"]}, {"4905b5608aa7b71f55d31e260e93429a": ["182", "cri.sanity.screen.FilterActivity"]}, {"4f9ff2a98c70d5501260216cff921318": ["183", "cri.sanity.screen.FilterActivity"]}, {"2985b6f51ce15d3a9b7a53776c23c068": ["2", "cri.sanity.screen.AnswerActivity"]}, {"2985b6f51ce15d3a9b7a53776c23c068": ["2", "cri.sanity.screen.AnswerActivity"]}, {"2985b6f51ce15d3a9b7a53776c23c068": ["2", "cri.sanity.screen.AnswerActivity"]}, {"1e84e05309ff42b1706944e04a1e00a5": ["21", "cri.sanity.screen.AnswerActivity"]}, {"388efc7d136a6466d5dd8c1fde4765c8": ["24", "cri.sanity.screen.GeneralActivity"]}, {"388efc7d136a6466d5dd8c1fde4765c8": ["24", "cri.sanity.screen.GeneralActivity"]}, {"8dfd2401738251a2d5a702150cfd0189": ["50", "cri.sanity.screen.GeneralActivity"]}, {"68ab6fe678ccdc4821da6d080ac24a17": ["38", "cri.sanity.screen.GeneralActivity"]}, {"388efc7d136a6466d5dd8c1fde4765c8": ["24", "cri.sanity.screen.GeneralActivity"]}, {"732b2215f50bc64c829db86786170a5a": ["25", "cri.sanity.screen.GeneralActivity"]}, {"388efc7d136a6466d5dd8c1fde4765c8": ["24", "cri.sanity.screen.GeneralActivity"]}, {"388efc7d136a6466d5dd8c1fde4765c8": ["24", "cri.sanity.screen.GeneralActivity"]}, {"8dfd2401738251a2d5a702150cfd0189": ["50", "cri.sanity.screen.GeneralActivity"]}, {"8dfd2401738251a2d5a702150cfd0189": ["50", "cri.sanity.screen.GeneralActivity"]}, {"da0aa84dcba6ccd4f1553638ef4b7a72": ["17", "cri.sanity.screen.BlockerActivity"]}, {"7a3153e7607475f6ab6c8b136cedad21": ["18", "cri.sanity.screen.BlockerActivity"]}, {"da0aa84dcba6ccd4f1553638ef4b7a72": ["17", "cri.sanity.screen.BlockerActivity"]}, {"7a3153e7607475f6ab6c8b136cedad21": ["18", "cri.sanity.screen.BlockerActivity"]}, {"d20c005a1da1ce6c3da3b65f6b0539bf": ["19", "cri.sanity.screen.BlockerActivity"]}, {"de913914d83fa530f8a6de9ece1af01c": ["12", "cri.sanity.screen.UrgentActivity"]}, {"de913914d83fa530f8a6de9ece1af01c": ["12", "cri.sanity.screen.UrgentActivity"]}, {"de913914d83fa530f8a6de9ece1af01c": ["12", "cri.sanity.screen.UrgentActivity"]}, {"eb916eb313d4539adcc9a9e0ae1a345a": ["13", "cri.sanity.screen.UrgentActivity"]}, {"de913914d83fa530f8a6de9ece1af01c": ["12", "cri.sanity.screen.UrgentActivity"]}, {"de913914d83fa530f8a6de9ece1af01c": ["12", "cri.sanity.screen.UrgentActivity"]}, {"de913914d83fa530f8a6de9ece1af01c": ["12", "cri.sanity.screen.UrgentActivity"]}, {"700a94b4f192b83f3bf43123998d683c": ["3", "cri.sanity.screen.FilterActivity"]}, {"31105b3e768e618248f254bceb690935": ["5", "cri.sanity.screen.DateTimeActivity"]}, {"0a225278980027d4cb43da19cfdbaf0e": ["6", "cri.sanity.screen.DateTimeActivity"]}, {"da0aa84dcba6ccd4f1553638ef4b7a72": ["17", "cri.sanity.screen.BlockerActivity"]}, {"700a94b4f192b83f3bf43123998d683c": ["3", "cri.sanity.screen.FilterActivity"]}, {"a166177da80e963cba1a1b06f060786e": ["8", "cri.sanity.screen.RecordActivity"]}, {"a166177da80e963cba1a1b06f060786e": ["8", "cri.sanity.screen.RecordActivity"]}, {"a166177da80e963cba1a1b06f060786e": ["8", "cri.sanity.screen.RecordActivity"]}, {"06611908e7aa86566bb67014028377bf": ["15", "cri.sanity.screen.TtsActivity"]}, {"43ca62123a2445098199aab385b8251a": ["32", "cri.sanity.screen.TtsActivity"]}, {"06611908e7aa86566bb67014028377bf": ["15", "cri.sanity.screen.TtsActivity"]}, {"43ca62123a2445098199aab385b8251a": ["32", "cri.sanity.screen.TtsActivity"]}, {"388efc7d136a6466d5dd8c1fde4765c8": ["24", "cri.sanity.screen.GeneralActivity"]}, {"388efc7d136a6466d5dd8c1fde4765c8": ["24", "cri.sanity.screen.GeneralActivity"]}, {"388efc7d136a6466d5dd8c1fde4765c8": ["24", "cri.sanity.screen.GeneralActivity"]}, {"388efc7d136a6466d5dd8c1fde4765c8": ["24", "cri.sanity.screen.GeneralActivity"]}, {"388efc7d136a6466d5dd8c1fde4765c8": ["24", "cri.sanity.screen.GeneralActivity"]}, {"388efc7d136a6466d5dd8c1fde4765c8": ["24", "cri.sanity.screen.GeneralActivity"]}, {"388efc7d136a6466d5dd8c1fde4765c8": ["24", "cri.sanity.screen.GeneralActivity"]}, {"388efc7d136a6466d5dd8c1fde4765c8": ["24", "cri.sanity.screen.GeneralActivity"]}, {"388efc7d136a6466d5dd8c1fde4765c8": ["24", "cri.sanity.screen.GeneralActivity"]}, {"732b2215f50bc64c829db86786170a5a": ["25", "cri.sanity.screen.GeneralActivity"]}, {"388efc7d136a6466d5dd8c1fde4765c8": ["24", "cri.sanity.screen.GeneralActivity"]}, {"388efc7d136a6466d5dd8c1fde4765c8": ["24", "cri.sanity.screen.GeneralActivity"]}, {"732b2215f50bc64c829db86786170a5a": ["25", "cri.sanity.screen.GeneralActivity"]}, {"388efc7d136a6466d5dd8c1fde4765c8": ["24", "cri.sanity.screen.GeneralActivity"]}, {"388efc7d136a6466d5dd8c1fde4765c8": ["24", "cri.sanity.screen.GeneralActivity"]}, {"a166177da80e963cba1a1b06f060786e": ["8", "cri.sanity.screen.RecordActivity"]}, {"33d8af6855547d32c29c58c95b26ac68": ["9", "cri.sanity.screen.RecordActivity"]}, {"388efc7d136a6466d5dd8c1fde4765c8": ["24", "cri.sanity.screen.GeneralActivity"]}, {"388efc7d136a6466d5dd8c1fde4765c8": ["24", "cri.sanity.screen.GeneralActivity"]}, {"388efc7d136a6466d5dd8c1fde4765c8": ["24", "cri.sanity.screen.GeneralActivity"]}, {"928cb30c52ed67a3c8dec6e3a5c54f3e": ["35", "cri.sanity.screen.GeneralActivity"]}, {"3b239ebcf3ba6caec9189081f15614b2": ["81", "cri.sanity.screen.ProfileActivity"]}, {"3b239ebcf3ba6caec9189081f15614b2": ["81", "cri.sanity.screen.ProfileActivity"]}, {"3b239ebcf3ba6caec9189081f15614b2": ["81", "cri.sanity.screen.ProfileActivity"]}, {"3b239ebcf3ba6caec9189081f15614b2": ["81", "cri.sanity.screen.ProfileActivity"]}, {"3b239ebcf3ba6caec9189081f15614b2": ["81", "cri.sanity.screen.ProfileActivity"]}, {"3b239ebcf3ba6caec9189081f15614b2": ["81", "cri.sanity.screen.ProfileActivity"]}, {"3b239ebcf3ba6caec9189081f15614b2": ["81", "cri.sanity.screen.ProfileActivity"]}, {"3b239ebcf3ba6caec9189081f15614b2": ["81", "cri.sanity.screen.ProfileActivity"]}, {"aff64c675b9441a1620bb13218b2cfaa": ["82", "cri.sanity.screen.ProfileActivity"]}, {"3b239ebcf3ba6caec9189081f15614b2": ["81", "cri.sanity.screen.ProfileActivity"]}, {"3b239ebcf3ba6caec9189081f15614b2": ["81", "cri.sanity.screen.ProfileActivity"]}, {"3b239ebcf3ba6caec9189081f15614b2": ["81", "cri.sanity.screen.ProfileActivity"]}, {"ae4921393d54553b5229e610e5f94869": ["87", "cri.sanity.screen.ProfileActivity"]}, {"3b239ebcf3ba6caec9189081f15614b2": ["81", "cri.sanity.screen.ProfileActivity"]}, {"aff64c675b9441a1620bb13218b2cfaa": ["82", "cri.sanity.screen.ProfileActivity"]}, {"3b239ebcf3ba6caec9189081f15614b2": ["81", "cri.sanity.screen.ProfileActivity"]}, {"3b239ebcf3ba6caec9189081f15614b2": ["81", "cri.sanity.screen.ProfileActivity"]}, {"3b239ebcf3ba6caec9189081f15614b2": ["81", "cri.sanity.screen.ProfileActivity"]}, {"aff64c675b9441a1620bb13218b2cfaa": ["82", "cri.sanity.screen.ProfileActivity"]}, {"3b239ebcf3ba6caec9189081f15614b2": ["81", "cri.sanity.screen.ProfileActivity"]}, {"3b239ebcf3ba6caec9189081f15614b2": ["81", "cri.sanity.screen.ProfileActivity"]}, {"3b239ebcf3ba6caec9189081f15614b2": ["81", "cri.sanity.screen.ProfileActivity"]}, {"3b239ebcf3ba6caec9189081f15614b2": ["81", "cri.sanity.screen.ProfileActivity"]}, {"aff64c675b9441a1620bb13218b2cfaa": ["82", "cri.sanity.screen.ProfileActivity"]}, {"ae4921393d54553b5229e610e5f94869": ["87", "cri.sanity.screen.ProfileActivity"]}, {"3b239ebcf3ba6caec9189081f15614b2": ["81", "cri.sanity.screen.ProfileActivity"]}, {"3b239ebcf3ba6caec9189081f15614b2": ["81", "cri.sanity.screen.ProfileActivity"]}, {"aff64c675b9441a1620bb13218b2cfaa": ["82", "cri.sanity.screen.ProfileActivity"]}, {"3b239ebcf3ba6caec9189081f15614b2": ["81", "cri.sanity.screen.ProfileActivity"]}, {"aff64c675b9441a1620bb13218b2cfaa": ["82", "cri.sanity.screen.ProfileActivity"]}, {"3b239ebcf3ba6caec9189081f15614b2": ["81", "cri.sanity.screen.ProfileActivity"]}, {"3b239ebcf3ba6caec9189081f15614b2": ["81", "cri.sanity.screen.ProfileActivity"]}, {"3b239ebcf3ba6caec9189081f15614b2": ["81", "cri.sanity.screen.ProfileActivity"]}, {"aff64c675b9441a1620bb13218b2cfaa": ["82", "cri.sanity.screen.ProfileActivity"]}, {"3b239ebcf3ba6caec9189081f15614b2": ["81", "cri.sanity.screen.ProfileActivity"]}, {"3b239ebcf3ba6caec9189081f15614b2": ["81", "cri.sanity.screen.ProfileActivity"]}, {"3b239ebcf3ba6caec9189081f15614b2": ["81", "cri.sanity.screen.ProfileActivity"]}, {"aff64c675b9441a1620bb13218b2cfaa": ["82", "cri.sanity.screen.ProfileActivity"]}, {"928cb30c52ed67a3c8dec6e3a5c54f3e": ["35", "cri.sanity.screen.GeneralActivity"]}, {"68ab6fe678ccdc4821da6d080ac24a17": ["38", "cri.sanity.screen.GeneralActivity"]}, {"0539fb7687df4168c9a2f03770a51470": ["68", "cri.sanity.screen.GeneralActivity"]}, {"0539fb7687df4168c9a2f03770a51470": ["68", "cri.sanity.screen.GeneralActivity"]}, {"a166177da80e963cba1a1b06f060786e": ["8", "cri.sanity.screen.RecordActivity"]}, {"a166177da80e963cba1a1b06f060786e": ["8", "cri.sanity.screen.RecordActivity"]}, {"585b9ed65f2cecd3f596ea329f4e4741": ["155", "cri.sanity.screen.RecordActivity"]}, {"2cc55a0fea3bb830e7b99f305bf3ede2": ["31", "cri.sanity.screen.RecordActivity"]}, {"2cc55a0fea3bb830e7b99f305bf3ede2": ["31", "cri.sanity.screen.RecordActivity"]}, {"26a1dbded4114dfe849f3b9e756f0a39": ["11", "cri.sanity.screen.BrowseActivity"]}, {"0c4784b41c274ae916c3d8f458bbb37d": ["27", "cri.sanity.screen.BrowseActivity"]}, {"26a1dbded4114dfe849f3b9e756f0a39": ["11", "cri.sanity.screen.BrowseActivity"]}, {"26a1dbded4114dfe849f3b9e756f0a39": ["11", "cri.sanity.screen.BrowseActivity"]}, {"0c4784b41c274ae916c3d8f458bbb37d": ["27", "cri.sanity.screen.BrowseActivity"]}, {"26a1dbded4114dfe849f3b9e756f0a39": ["11", "cri.sanity.screen.BrowseActivity"]}, {"0c4784b41c274ae916c3d8f458bbb37d": ["27", "cri.sanity.screen.BrowseActivity"]}, {"26a1dbded4114dfe849f3b9e756f0a39": ["11", "cri.sanity.screen.BrowseActivity"]}, {"0c4784b41c274ae916c3d8f458bbb37d": ["27", "cri.sanity.screen.BrowseActivity"]}, {"388efc7d136a6466d5dd8c1fde4765c8": ["24", "cri.sanity.screen.GeneralActivity"]}, {"a166177da80e963cba1a1b06f060786e": ["8", "cri.sanity.screen.RecordActivity"]}, {"a166177da80e963cba1a1b06f060786e": ["8", "cri.sanity.screen.RecordActivity"]}, {"a166177da80e963cba1a1b06f060786e": ["8", "cri.sanity.screen.RecordActivity"]}, {"a166177da80e963cba1a1b06f060786e": ["8", "cri.sanity.screen.RecordActivity"]}, {"a166177da80e963cba1a1b06f060786e": ["8", "cri.sanity.screen.RecordActivity"]}, {"a166177da80e963cba1a1b06f060786e": ["8", "cri.sanity.screen.RecordActivity"]}, {"a166177da80e963cba1a1b06f060786e": ["8", "cri.sanity.screen.RecordActivity"]}, {"a166177da80e963cba1a1b06f060786e": ["8", "cri.sanity.screen.RecordActivity"]}, {"33d8af6855547d32c29c58c95b26ac68": ["9", "cri.sanity.screen.RecordActivity"]}, {"388efc7d136a6466d5dd8c1fde4765c8": ["24", "cri.sanity.screen.GeneralActivity"]}, {"388efc7d136a6466d5dd8c1fde4765c8": ["24", "cri.sanity.screen.GeneralActivity"]}, {"388efc7d136a6466d5dd8c1fde4765c8": ["24", "cri.sanity.screen.GeneralActivity"]}, {"388efc7d136a6466d5dd8c1fde4765c8": ["24", "cri.sanity.screen.GeneralActivity"]}, {"388efc7d136a6466d5dd8c1fde4765c8": ["24", "cri.sanity.screen.GeneralActivity"]}, {"388efc7d136a6466d5dd8c1fde4765c8": ["24", "cri.sanity.screen.GeneralActivity"]}, {"388efc7d136a6466d5dd8c1fde4765c8": ["24", "cri.sanity.screen.GeneralActivity"]}, {"388efc7d136a6466d5dd8c1fde4765c8": ["24", "cri.sanity.screen.GeneralActivity"]}, {"388efc7d136a6466d5dd8c1fde4765c8": ["24", "cri.sanity.screen.GeneralActivity"]}, {"388efc7d136a6466d5dd8c1fde4765c8": ["24", "cri.sanity.screen.GeneralActivity"]}, {"388efc7d136a6466d5dd8c1fde4765c8": ["24", "cri.sanity.screen.GeneralActivity"]}, {"388efc7d136a6466d5dd8c1fde4765c8": ["24", "cri.sanity.screen.GeneralActivity"]}, {"aadf3ab0cd1f7ecb04b3b01eb5dcfc73": ["46", "cri.sanity.screen.GeneralActivity"]}, {"928cb30c52ed67a3c8dec6e3a5c54f3e": ["35", "cri.sanity.screen.GeneralActivity"]}, {"68ab6fe678ccdc4821da6d080ac24a17": ["38", "cri.sanity.screen.GeneralActivity"]}, {"700a94b4f192b83f3bf43123998d683c": ["3", "cri.sanity.screen.FilterActivity"]}, {"31105b3e768e618248f254bceb690935": ["5", "cri.sanity.screen.DateTimeActivity"]}, {"0a225278980027d4cb43da19cfdbaf0e": ["6", "cri.sanity.screen.DateTimeActivity"]}, {"31105b3e768e618248f254bceb690935": ["5", "cri.sanity.screen.DateTimeActivity"]}, {"31105b3e768e618248f254bceb690935": ["5", "cri.sanity.screen.DateTimeActivity"]}, {"0a225278980027d4cb43da19cfdbaf0e": ["6", "cri.sanity.screen.DateTimeActivity"]}, {"31105b3e768e618248f254bceb690935": ["5", "cri.sanity.screen.DateTimeActivity"]}, {"31105b3e768e618248f254bceb690935": ["5", "cri.sanity.screen.DateTimeActivity"]}, {"31105b3e768e618248f254bceb690935": ["5", "cri.sanity.screen.DateTimeActivity"]}, {"31105b3e768e618248f254bceb690935": ["5", "cri.sanity.screen.DateTimeActivity"]}, {"9461824d5230838c81ee80004b923754": ["61", "cri.sanity.screen.DateTimeActivity"]}, {"4b0904553b1ad766bcd7379bc36888f5": ["63", "cri.sanity.screen.DateTimeActivity"]}, {"f43ee16c670392259dfaf1a28e92c893": ["184", "cri.sanity.screen.DateTimeActivity"]}, {"f43ee16c670392259dfaf1a28e92c893": ["184", "cri.sanity.screen.DateTimeActivity"]}, {"f43ee16c670392259dfaf1a28e92c893": ["184", "cri.sanity.screen.DateTimeActivity"]}, {"f43ee16c670392259dfaf1a28e92c893": ["184", "cri.sanity.screen.DateTimeActivity"]}, {"f43ee16c670392259dfaf1a28e92c893": ["184", "cri.sanity.screen.DateTimeActivity"]}, {"f43ee16c670392259dfaf1a28e92c893": ["184", "cri.sanity.screen.DateTimeActivity"]}, {"f43ee16c670392259dfaf1a28e92c893": ["184", "cri.sanity.screen.DateTimeActivity"]}, {"f43ee16c670392259dfaf1a28e92c893": ["184", "cri.sanity.screen.DateTimeActivity"]}, {"f43ee16c670392259dfaf1a28e92c893": ["184", "cri.sanity.screen.DateTimeActivity"]}, {"f43ee16c670392259dfaf1a28e92c893": ["184", "cri.sanity.screen.DateTimeActivity"]}, {"31105b3e768e618248f254bceb690935": ["5", "cri.sanity.screen.DateTimeActivity"]}, {"31105b3e768e618248f254bceb690935": ["5", "cri.sanity.screen.DateTimeActivity"]}, {"31105b3e768e618248f254bceb690935": ["5", "cri.sanity.screen.DateTimeActivity"]}, {"31105b3e768e618248f254bceb690935": ["5", "cri.sanity.screen.DateTimeActivity"]}, {"31105b3e768e618248f254bceb690935": ["5", "cri.sanity.screen.DateTimeActivity"]}, {"0a225278980027d4cb43da19cfdbaf0e": ["6", "cri.sanity.screen.DateTimeActivity"]}, {"31105b3e768e618248f254bceb690935": ["5", "cri.sanity.screen.DateTimeActivity"]}, {"31105b3e768e618248f254bceb690935": ["5", "cri.sanity.screen.DateTimeActivity"]}, {"31105b3e768e618248f254bceb690935": ["5", "cri.sanity.screen.DateTimeActivity"]}, {"31105b3e768e618248f254bceb690935": ["5", "cri.sanity.screen.DateTimeActivity"]}, {"4b0904553b1ad766bcd7379bc36888f5": ["63", "cri.sanity.screen.DateTimeActivity"]}, {"31105b3e768e618248f254bceb690935": ["5", "cri.sanity.screen.DateTimeActivity"]}, {"31105b3e768e618248f254bceb690935": ["5", "cri.sanity.screen.DateTimeActivity"]}, {"0a225278980027d4cb43da19cfdbaf0e": ["6", "cri.sanity.screen.DateTimeActivity"]}, {"31105b3e768e618248f254bceb690935": ["5", "cri.sanity.screen.DateTimeActivity"]}, {"0a225278980027d4cb43da19cfdbaf0e": ["6", "cri.sanity.screen.DateTimeActivity"]}, {"31105b3e768e618248f254bceb690935": ["5", "cri.sanity.screen.DateTimeActivity"]}, {"31105b3e768e618248f254bceb690935": ["5", "cri.sanity.screen.DateTimeActivity"]}, {"31105b3e768e618248f254bceb690935": ["5", "cri.sanity.screen.DateTimeActivity"]}, {"388efc7d136a6466d5dd8c1fde4765c8": ["24", "cri.sanity.screen.GeneralActivity"]}, {"732b2215f50bc64c829db86786170a5a": ["25", "cri.sanity.screen.GeneralActivity"]}, {"388efc7d136a6466d5dd8c1fde4765c8": ["24", "cri.sanity.screen.GeneralActivity"]}, {"732b2215f50bc64c829db86786170a5a": ["25", "cri.sanity.screen.GeneralActivity"]}, {"388efc7d136a6466d5dd8c1fde4765c8": ["24", "cri.sanity.screen.GeneralActivity"]}, {"388efc7d136a6466d5dd8c1fde4765c8": ["24", "cri.sanity.screen.GeneralActivity"]}, {"388efc7d136a6466d5dd8c1fde4765c8": ["24", "cri.sanity.screen.GeneralActivity"]}, {"388efc7d136a6466d5dd8c1fde4765c8": ["24", "cri.sanity.screen.GeneralActivity"]}, {"388efc7d136a6466d5dd8c1fde4765c8": ["24", "cri.sanity.screen.GeneralActivity"]}, {"388efc7d136a6466d5dd8c1fde4765c8": ["24", "cri.sanity.screen.GeneralActivity"]}, {"388efc7d136a6466d5dd8c1fde4765c8": ["24", "cri.sanity.screen.GeneralActivity"]}, {"a166177da80e963cba1a1b06f060786e": ["8", "cri.sanity.screen.RecordActivity"]}, {"33d8af6855547d32c29c58c95b26ac68": ["9", "cri.sanity.screen.RecordActivity"]}, {"a166177da80e963cba1a1b06f060786e": ["8", "cri.sanity.screen.RecordActivity"]}, {"a166177da80e963cba1a1b06f060786e": ["8", "cri.sanity.screen.RecordActivity"]}, {"de913914d83fa530f8a6de9ece1af01c": ["12", "cri.sanity.screen.UrgentActivity"]}, {"de913914d83fa530f8a6de9ece1af01c": ["12", "cri.sanity.screen.UrgentActivity"]}, {"de913914d83fa530f8a6de9ece1af01c": ["12", "cri.sanity.screen.UrgentActivity"]}, {"de913914d83fa530f8a6de9ece1af01c": ["12", "cri.sanity.screen.UrgentActivity"]}, {"de913914d83fa530f8a6de9ece1af01c": ["12", "cri.sanity.screen.UrgentActivity"]}, {"eb916eb313d4539adcc9a9e0ae1a345a": ["13", "cri.sanity.screen.UrgentActivity"]}, {"700a94b4f192b83f3bf43123998d683c": ["3", "cri.sanity.screen.FilterActivity"]}, {"700a94b4f192b83f3bf43123998d683c": ["3", "cri.sanity.screen.FilterActivity"]}, {"700a94b4f192b83f3bf43123998d683c": ["3", "cri.sanity.screen.FilterActivity"]}, {"9cf99100c7ea83a812da477e402adfb4": ["7", "cri.sanity.screen.FilterActivity"]}, {"388efc7d136a6466d5dd8c1fde4765c8": ["24", "cri.sanity.screen.GeneralActivity"]}, {"732b2215f50bc64c829db86786170a5a": ["25", "cri.sanity.screen.GeneralActivity"]}, {"388efc7d136a6466d5dd8c1fde4765c8": ["24", "cri.sanity.screen.GeneralActivity"]}, {"388efc7d136a6466d5dd8c1fde4765c8": ["24", "cri.sanity.screen.GeneralActivity"]}, {"da0aa84dcba6ccd4f1553638ef4b7a72": ["17", "cri.sanity.screen.BlockerActivity"]}, {"da0aa84dcba6ccd4f1553638ef4b7a72": ["17", "cri.sanity.screen.BlockerActivity"]}, {"5950c7be41f17c70b4fc043aa12a37f6": ["20", "cri.sanity.screen.BlockerActivity"]}, {"d20c005a1da1ce6c3da3b65f6b0539bf": ["19", "cri.sanity.screen.BlockerActivity"]}, {"da0aa84dcba6ccd4f1553638ef4b7a72": ["17", "cri.sanity.screen.BlockerActivity"]}, {"da0aa84dcba6ccd4f1553638ef4b7a72": ["17", "cri.sanity.screen.BlockerActivity"]}, {"da0aa84dcba6ccd4f1553638ef4b7a72": ["17", "cri.sanity.screen.BlockerActivity"]}, {"da0aa84dcba6ccd4f1553638ef4b7a72": ["17", "cri.sanity.screen.BlockerActivity"]}, {"da0aa84dcba6ccd4f1553638ef4b7a72": ["17", "cri.sanity.screen.BlockerActivity"]}, {"06611908e7aa86566bb67014028377bf": ["15", "cri.sanity.screen.TtsActivity"]}, {"3d020bc7abaa3547350c97830874b607": ["16", "cri.sanity.screen.TtsActivity"]}, {"06611908e7aa86566bb67014028377bf": ["15", "cri.sanity.screen.TtsActivity"]}, {"06611908e7aa86566bb67014028377bf": ["15", "cri.sanity.screen.TtsActivity"]}, {"2985b6f51ce15d3a9b7a53776c23c068": ["2", "cri.sanity.screen.AnswerActivity"]}, {"2985b6f51ce15d3a9b7a53776c23c068": ["2", "cri.sanity.screen.AnswerActivity"]}, {"6de4417d0069472fdd7d2d4d3bec15f5": ["22", "cri.sanity.screen.AnswerActivity"]}, {"2985b6f51ce15d3a9b7a53776c23c068": ["2", "cri.sanity.screen.AnswerActivity"]}, {"2985b6f51ce15d3a9b7a53776c23c068": ["2", "cri.sanity.screen.AnswerActivity"]}, {"da0aa84dcba6ccd4f1553638ef4b7a72": ["17", "cri.sanity.screen.BlockerActivity"]}, {"da0aa84dcba6ccd4f1553638ef4b7a72": ["17", "cri.sanity.screen.BlockerActivity"]}, {"da0aa84dcba6ccd4f1553638ef4b7a72": ["17", "cri.sanity.screen.BlockerActivity"]}, {"388efc7d136a6466d5dd8c1fde4765c8": ["24", "cri.sanity.screen.GeneralActivity"]}, {"928cb30c52ed67a3c8dec6e3a5c54f3e": ["35", "cri.sanity.screen.GeneralActivity"]}, {"928cb30c52ed67a3c8dec6e3a5c54f3e": ["35", "cri.sanity.screen.GeneralActivity"]}, {"928cb30c52ed67a3c8dec6e3a5c54f3e": ["35", "cri.sanity.screen.GeneralActivity"]}, {"928cb30c52ed67a3c8dec6e3a5c54f3e": ["35", "cri.sanity.screen.GeneralActivity"]}, {"928cb30c52ed67a3c8dec6e3a5c54f3e": ["35", "cri.sanity.screen.GeneralActivity"]}, {"928cb30c52ed67a3c8dec6e3a5c54f3e": ["35", "cri.sanity.screen.GeneralActivity"]}, {"928cb30c52ed67a3c8dec6e3a5c54f3e": ["35", "cri.sanity.screen.GeneralActivity"]}, {"68ab6fe678ccdc4821da6d080ac24a17": ["38", "cri.sanity.screen.GeneralActivity"]}, {"388efc7d136a6466d5dd8c1fde4765c8": ["24", "cri.sanity.screen.GeneralActivity"]}, {"388efc7d136a6466d5dd8c1fde4765c8": ["24", "cri.sanity.screen.GeneralActivity"]}, {"388efc7d136a6466d5dd8c1fde4765c8": ["24", "cri.sanity.screen.GeneralActivity"]}, {"388efc7d136a6466d5dd8c1fde4765c8": ["24", "cri.sanity.screen.GeneralActivity"]}, {"388efc7d136a6466d5dd8c1fde4765c8": ["24", "cri.sanity.screen.GeneralActivity"]}, {"3f127b5c2311dfe6fa57f798478c6891": ["120", "cri.sanity.screen.GeneralActivity"]}, {"3f127b5c2311dfe6fa57f798478c6891": ["120", "cri.sanity.screen.GeneralActivity"]}, {"68ab6fe678ccdc4821da6d080ac24a17": ["38", "cri.sanity.screen.GeneralActivity"]}, {"8a7e8b052e0d1061a8a796f181669b4c": ["124", "cri.sanity.screen.GeneralActivity"]}, {"68ab6fe678ccdc4821da6d080ac24a17": ["38", "cri.sanity.screen.GeneralActivity"]}, {"388efc7d136a6466d5dd8c1fde4765c8": ["24", "cri.sanity.screen.GeneralActivity"]}, {"a166177da80e963cba1a1b06f060786e": ["8", "cri.sanity.screen.RecordActivity"]}, {"26a1dbded4114dfe849f3b9e756f0a39": ["11", "cri.sanity.screen.BrowseActivity"]}, {"26a1dbded4114dfe849f3b9e756f0a39": ["11", "cri.sanity.screen.BrowseActivity"]}, {"0c4784b41c274ae916c3d8f458bbb37d": ["27", "cri.sanity.screen.BrowseActivity"]}, {"26a1dbded4114dfe849f3b9e756f0a39": ["11", "cri.sanity.screen.BrowseActivity"]}, {"388efc7d136a6466d5dd8c1fde4765c8": ["24", "cri.sanity.screen.GeneralActivity"]}, {"8dfd2401738251a2d5a702150cfd0189": ["50", "cri.sanity.screen.GeneralActivity"]}, {"8dfd2401738251a2d5a702150cfd0189": ["50", "cri.sanity.screen.GeneralActivity"]}, {"8dfd2401738251a2d5a702150cfd0189": ["50", "cri.sanity.screen.GeneralActivity"]}, {"8dfd2401738251a2d5a702150cfd0189": ["50", "cri.sanity.screen.GeneralActivity"]}, {"8dfd2401738251a2d5a702150cfd0189": ["50", "cri.sanity.screen.GeneralActivity"]}, {"8dfd2401738251a2d5a702150cfd0189": ["50", "cri.sanity.screen.GeneralActivity"]}, {"8dfd2401738251a2d5a702150cfd0189": ["50", "cri.sanity.screen.GeneralActivity"]}, {"8dfd2401738251a2d5a702150cfd0189": ["50", "cri.sanity.screen.GeneralActivity"]}, {"8dfd2401738251a2d5a702150cfd0189": ["50", "cri.sanity.screen.GeneralActivity"]}, {"8dfd2401738251a2d5a702150cfd0189": ["50", "cri.sanity.screen.GeneralActivity"]}, {"68ab6fe678ccdc4821da6d080ac24a17": ["38", "cri.sanity.screen.GeneralActivity"]}, {"8dfd2401738251a2d5a702150cfd0189": ["50", "cri.sanity.screen.GeneralActivity"]}, {"8dfd2401738251a2d5a702150cfd0189": ["50", "cri.sanity.screen.GeneralActivity"]}, {"8dfd2401738251a2d5a702150cfd0189": ["50", "cri.sanity.screen.GeneralActivity"]}, {"a166177da80e963cba1a1b06f060786e": ["8", "cri.sanity.screen.RecordActivity"]}, {"388efc7d136a6466d5dd8c1fde4765c8": ["24", "cri.sanity.screen.GeneralActivity"]}, {"732b2215f50bc64c829db86786170a5a": ["25", "cri.sanity.screen.GeneralActivity"]}, {"da0aa84dcba6ccd4f1553638ef4b7a72": ["17", "cri.sanity.screen.BlockerActivity"]}, {"d20c005a1da1ce6c3da3b65f6b0539bf": ["19", "cri.sanity.screen.BlockerActivity"]}, {"da0aa84dcba6ccd4f1553638ef4b7a72": ["17", "cri.sanity.screen.BlockerActivity"]}, {"da0aa84dcba6ccd4f1553638ef4b7a72": ["17", "cri.sanity.screen.BlockerActivity"]}, {"da0aa84dcba6ccd4f1553638ef4b7a72": ["17", "cri.sanity.screen.BlockerActivity"]}, {"e522a632abaaafb26a0d4ee60a89fbe9": ["122", "cri.sanity.screen.BlockerActivity"]}, {"b1ae33f00b97c1766467ae037061b2dd": ["42", "cri.sanity.screen.BlockerActivity"]}, {"ab71767d184c9951c9e668c4b6a483e8": ["113", "cri.sanity.screen.SmsHistoryActivity"]}, {"ab71767d184c9951c9e668c4b6a483e8": ["113", "cri.sanity.screen.SmsHistoryActivity"]}, {"06611908e7aa86566bb67014028377bf": ["15", "cri.sanity.screen.TtsActivity"]}, {"43ca62123a2445098199aab385b8251a": ["32", "cri.sanity.screen.TtsActivity"]}, {"06611908e7aa86566bb67014028377bf": ["15", "cri.sanity.screen.TtsActivity"]}, {"b1ae33f00b97c1766467ae037061b2dd": ["42", "cri.sanity.screen.BlockerActivity"]}, {"ab71767d184c9951c9e668c4b6a483e8": ["113", "cri.sanity.screen.SmsHistoryActivity"]}, {"13ad544800b6db0e5de4f2df365ae99c": ["114", "cri.sanity.screen.SmsHistoryActivity"]}, {"ab71767d184c9951c9e668c4b6a483e8": ["113", "cri.sanity.screen.SmsHistoryActivity"]}, {"ab71767d184c9951c9e668c4b6a483e8": ["113", "cri.sanity.screen.SmsHistoryActivity"]}, {"ab71767d184c9951c9e668c4b6a483e8": ["113", "cri.sanity.screen.SmsHistoryActivity"]}, {"ab71767d184c9951c9e668c4b6a483e8": ["113", "cri.sanity.screen.SmsHistoryActivity"]}, {"13ad544800b6db0e5de4f2df365ae99c": ["114", "cri.sanity.screen.SmsHistoryActivity"]}, {"2cc55a0fea3bb830e7b99f305bf3ede2": ["31", "cri.sanity.screen.RecordActivity"]}, {"e11ce91dd2a32d9191690cda4baa7137": ["90", "cri.sanity.screen.RecordActivity"]}, {"700a94b4f192b83f3bf43123998d683c": ["3", "cri.sanity.screen.FilterActivity"]}, {"a1fe68a29155e614a044e6bfefc7b189": ["4", "cri.sanity.screen.FilterActivity"]}, {"700a94b4f192b83f3bf43123998d683c": ["3", "cri.sanity.screen.FilterActivity"]}, {"5741246b922e2b5775101c8660292f59": ["129", "cri.sanity.screen.FilterActivity"]}, {"9cf99100c7ea83a812da477e402adfb4": ["7", "cri.sanity.screen.FilterActivity"]}, {"928cb30c52ed67a3c8dec6e3a5c54f3e": ["35", "cri.sanity.screen.GeneralActivity"]}, {"68ab6fe678ccdc4821da6d080ac24a17": ["38", "cri.sanity.screen.GeneralActivity"]}, {"928cb30c52ed67a3c8dec6e3a5c54f3e": ["35", "cri.sanity.screen.GeneralActivity"]}, {"3b239ebcf3ba6caec9189081f15614b2": ["81", "cri.sanity.screen.ProfileActivity"]}, {"928cb30c52ed67a3c8dec6e3a5c54f3e": ["35", "cri.sanity.screen.GeneralActivity"]}, {"68ab6fe678ccdc4821da6d080ac24a17": ["38", "cri.sanity.screen.GeneralActivity"]}, {"de913914d83fa530f8a6de9ece1af01c": ["12", "cri.sanity.screen.UrgentActivity"]}, {"eb916eb313d4539adcc9a9e0ae1a345a": ["13", "cri.sanity.screen.UrgentActivity"]}, {"de913914d83fa530f8a6de9ece1af01c": ["12", "cri.sanity.screen.UrgentActivity"]}, {"de913914d83fa530f8a6de9ece1af01c": ["12", "cri.sanity.screen.UrgentActivity"]}, {"eb916eb313d4539adcc9a9e0ae1a345a": ["13", "cri.sanity.screen.UrgentActivity"]}, {"de913914d83fa530f8a6de9ece1af01c": ["12", "cri.sanity.screen.UrgentActivity"]}, {"fdbded06ded2995b238e5c80b6013b06": ["23", "cri.sanity.screen.UrgentActivity"]}, {"eb916eb313d4539adcc9a9e0ae1a345a": ["13", "cri.sanity.screen.UrgentActivity"]}, {"de913914d83fa530f8a6de9ece1af01c": ["12", "cri.sanity.screen.UrgentActivity"]}, {"de913914d83fa530f8a6de9ece1af01c": ["12", "cri.sanity.screen.UrgentActivity"]}, {"de913914d83fa530f8a6de9ece1af01c": ["12", "cri.sanity.screen.UrgentActivity"]}, {"de913914d83fa530f8a6de9ece1af01c": ["12", "cri.sanity.screen.UrgentActivity"]}, {"de913914d83fa530f8a6de9ece1af01c": ["12", "cri.sanity.screen.UrgentActivity"]}, {"b1c6a17dbf36e9b0a94a46868fb78a0c": ["185", "cri.sanity.screen.FilterActivity"]}, {"98d677108fb8a21d8c79a14a137a0e90": ["65", "cri.sanity.screen.FilterActivity"]}, {"e8415b3f7289faa07cbdffbbce6356c7": ["53", "cri.sanity.screen.NumsActivity"]}, {"e8415b3f7289faa07cbdffbbce6356c7": ["53", "cri.sanity.screen.NumsActivity"]}, {"e8415b3f7289faa07cbdffbbce6356c7": ["53", "cri.sanity.screen.NumsActivity"]}, {"98d677108fb8a21d8c79a14a137a0e90": ["65", "cri.sanity.screen.FilterActivity"]}, {"e8415b3f7289faa07cbdffbbce6356c7": ["53", "cri.sanity.screen.NumsActivity"]}, {"e8415b3f7289faa07cbdffbbce6356c7": ["53", "cri.sanity.screen.NumsActivity"]}, {"9a80671c500ff14b9e0fd317cd61585b": ["54", "cri.sanity.screen.NumsActivity"]}, {"e8415b3f7289faa07cbdffbbce6356c7": ["53", "cri.sanity.screen.NumsActivity"]}, {"9a80671c500ff14b9e0fd317cd61585b": ["54", "cri.sanity.screen.NumsActivity"]}, {"e8415b3f7289faa07cbdffbbce6356c7": ["53", "cri.sanity.screen.NumsActivity"]}, {"9a80671c500ff14b9e0fd317cd61585b": ["54", "cri.sanity.screen.NumsActivity"]}, {"e8415b3f7289faa07cbdffbbce6356c7": ["53", "cri.sanity.screen.NumsActivity"]}, {"e8415b3f7289faa07cbdffbbce6356c7": ["53", "cri.sanity.screen.NumsActivity"]}, {"e8415b3f7289faa07cbdffbbce6356c7": ["53", "cri.sanity.screen.NumsActivity"]}, {"f30753e5638a794e611b6f168a9efc42": ["186", "cri.sanity.screen.NumsActivity"]}, {"e8b617803eb5b67094efe263aabb9198": ["187", "cri.sanity.screen.NumsActivity"]}, {"9a80671c500ff14b9e0fd317cd61585b": ["54", "cri.sanity.screen.NumsActivity"]}, {"e8b617803eb5b67094efe263aabb9198": ["187", "cri.sanity.screen.NumsActivity"]}, {"e8b617803eb5b67094efe263aabb9198": ["187", "cri.sanity.screen.NumsActivity"]}, {"e8b617803eb5b67094efe263aabb9198": ["187", "cri.sanity.screen.NumsActivity"]}, {"3eb6d956888b8b3566bb3665fad15c79": ["188", "cri.sanity.screen.NumsActivity"]}, {"e8415b3f7289faa07cbdffbbce6356c7": ["53", "cri.sanity.screen.NumsActivity"]}, {"e8415b3f7289faa07cbdffbbce6356c7": ["53", "cri.sanity.screen.NumsActivity"]}, {"e8415b3f7289faa07cbdffbbce6356c7": ["53", "cri.sanity.screen.NumsActivity"]}, {"e8415b3f7289faa07cbdffbbce6356c7": ["53", "cri.sanity.screen.NumsActivity"]}, {"9a80671c500ff14b9e0fd317cd61585b": ["54", "cri.sanity.screen.NumsActivity"]}, {"f30753e5638a794e611b6f168a9efc42": ["186", "cri.sanity.screen.NumsActivity"]}, {"e8415b3f7289faa07cbdffbbce6356c7": ["53", "cri.sanity.screen.NumsActivity"]}, {"e8415b3f7289faa07cbdffbbce6356c7": ["53", "cri.sanity.screen.NumsActivity"]}, {"9a80671c500ff14b9e0fd317cd61585b": ["54", "cri.sanity.screen.NumsActivity"]}, {"e8415b3f7289faa07cbdffbbce6356c7": ["53", "cri.sanity.screen.NumsActivity"]}, {"e8415b3f7289faa07cbdffbbce6356c7": ["53", "cri.sanity.screen.NumsActivity"]}, {"e8415b3f7289faa07cbdffbbce6356c7": ["53", "cri.sanity.screen.NumsActivity"]}, {"e8415b3f7289faa07cbdffbbce6356c7": ["53", "cri.sanity.screen.NumsActivity"]}, {"9a80671c500ff14b9e0fd317cd61585b": ["54", "cri.sanity.screen.NumsActivity"]}, {"e8415b3f7289faa07cbdffbbce6356c7": ["53", "cri.sanity.screen.NumsActivity"]}, {"9a80671c500ff14b9e0fd317cd61585b": ["54", "cri.sanity.screen.NumsActivity"]}, {"e8415b3f7289faa07cbdffbbce6356c7": ["53", "cri.sanity.screen.NumsActivity"]}, {"9a80671c500ff14b9e0fd317cd61585b": ["54", "cri.sanity.screen.NumsActivity"]}, {"e8415b3f7289faa07cbdffbbce6356c7": ["53", "cri.sanity.screen.NumsActivity"]}, {"9a80671c500ff14b9e0fd317cd61585b": ["54", "cri.sanity.screen.NumsActivity"]}, {"98d677108fb8a21d8c79a14a137a0e90": ["65", "cri.sanity.screen.FilterActivity"]}, {"700a94b4f192b83f3bf43123998d683c": ["3", "cri.sanity.screen.FilterActivity"]}, {"5741246b922e2b5775101c8660292f59": ["129", "cri.sanity.screen.FilterActivity"]}, {"5741246b922e2b5775101c8660292f59": ["129", "cri.sanity.screen.FilterActivity"]}, {"5741246b922e2b5775101c8660292f59": ["129", "cri.sanity.screen.FilterActivity"]}, {"388efc7d136a6466d5dd8c1fde4765c8": ["24", "cri.sanity.screen.GeneralActivity"]}, {"aadf3ab0cd1f7ecb04b3b01eb5dcfc73": ["46", "cri.sanity.screen.GeneralActivity"]}, {"aadf3ab0cd1f7ecb04b3b01eb5dcfc73": ["46", "cri.sanity.screen.GeneralActivity"]}, {"aadf3ab0cd1f7ecb04b3b01eb5dcfc73": ["46", "cri.sanity.screen.GeneralActivity"]}, {"da0aa84dcba6ccd4f1553638ef4b7a72": ["17", "cri.sanity.screen.BlockerActivity"]}, {"d20c005a1da1ce6c3da3b65f6b0539bf": ["19", "cri.sanity.screen.BlockerActivity"]}, {"da0aa84dcba6ccd4f1553638ef4b7a72": ["17", "cri.sanity.screen.BlockerActivity"]}, {"b1ae33f00b97c1766467ae037061b2dd": ["42", "cri.sanity.screen.BlockerActivity"]}, {"ab71767d184c9951c9e668c4b6a483e8": ["113", "cri.sanity.screen.SmsHistoryActivity"]}, {"13ad544800b6db0e5de4f2df365ae99c": ["114", "cri.sanity.screen.SmsHistoryActivity"]}, {"ab71767d184c9951c9e668c4b6a483e8": ["113", "cri.sanity.screen.SmsHistoryActivity"]}, {"ab71767d184c9951c9e668c4b6a483e8": ["113", "cri.sanity.screen.SmsHistoryActivity"]}, {"ab71767d184c9951c9e668c4b6a483e8": ["113", "cri.sanity.screen.SmsHistoryActivity"]}, {"ab71767d184c9951c9e668c4b6a483e8": ["113", "cri.sanity.screen.SmsHistoryActivity"]}, {"ab71767d184c9951c9e668c4b6a483e8": ["113", "cri.sanity.screen.SmsHistoryActivity"]}, {"ab71767d184c9951c9e668c4b6a483e8": ["113", "cri.sanity.screen.SmsHistoryActivity"]}, {"b1ae33f00b97c1766467ae037061b2dd": ["42", "cri.sanity.screen.BlockerActivity"]}, {"ab71767d184c9951c9e668c4b6a483e8": ["113", "cri.sanity.screen.SmsHistoryActivity"]}, {"ab71767d184c9951c9e668c4b6a483e8": ["113", "cri.sanity.screen.SmsHistoryActivity"]}, {"13ad544800b6db0e5de4f2df365ae99c": ["114", "cri.sanity.screen.SmsHistoryActivity"]}, {"ab71767d184c9951c9e668c4b6a483e8": ["113", "cri.sanity.screen.SmsHistoryActivity"]}, {"ab71767d184c9951c9e668c4b6a483e8": ["113", "cri.sanity.screen.SmsHistoryActivity"]}, {"de913914d83fa530f8a6de9ece1af01c": ["12", "cri.sanity.screen.UrgentActivity"]}, {"de913914d83fa530f8a6de9ece1af01c": ["12", "cri.sanity.screen.UrgentActivity"]}, {"eb916eb313d4539adcc9a9e0ae1a345a": ["13", "cri.sanity.screen.UrgentActivity"]}, {"de913914d83fa530f8a6de9ece1af01c": ["12", "cri.sanity.screen.UrgentActivity"]}, {"de913914d83fa530f8a6de9ece1af01c": ["12", "cri.sanity.screen.UrgentActivity"]}, {"de913914d83fa530f8a6de9ece1af01c": ["12", "cri.sanity.screen.UrgentActivity"]}, {"de913914d83fa530f8a6de9ece1af01c": ["12", "cri.sanity.screen.UrgentActivity"]}, {"fdbded06ded2995b238e5c80b6013b06": ["23", "cri.sanity.screen.UrgentActivity"]}, {"eb916eb313d4539adcc9a9e0ae1a345a": ["13", "cri.sanity.screen.UrgentActivity"]}, {"b1ae33f00b97c1766467ae037061b2dd": ["42", "cri.sanity.screen.BlockerActivity"]}, {"ab71767d184c9951c9e668c4b6a483e8": ["113", "cri.sanity.screen.SmsHistoryActivity"]}, {"ab71767d184c9951c9e668c4b6a483e8": ["113", "cri.sanity.screen.SmsHistoryActivity"]}, {"ab71767d184c9951c9e668c4b6a483e8": ["113", "cri.sanity.screen.SmsHistoryActivity"]}, {"13ad544800b6db0e5de4f2df365ae99c": ["114", "cri.sanity.screen.SmsHistoryActivity"]}, {"388efc7d136a6466d5dd8c1fde4765c8": ["24", "cri.sanity.screen.GeneralActivity"]}, {"928cb30c52ed67a3c8dec6e3a5c54f3e": ["35", "cri.sanity.screen.GeneralActivity"]}, {"928cb30c52ed67a3c8dec6e3a5c54f3e": ["35", "cri.sanity.screen.GeneralActivity"]}, {"928cb30c52ed67a3c8dec6e3a5c54f3e": ["35", "cri.sanity.screen.GeneralActivity"]}, {"928cb30c52ed67a3c8dec6e3a5c54f3e": ["35", "cri.sanity.screen.GeneralActivity"]}, {"928cb30c52ed67a3c8dec6e3a5c54f3e": ["35", "cri.sanity.screen.GeneralActivity"]}, {"928cb30c52ed67a3c8dec6e3a5c54f3e": ["35", "cri.sanity.screen.GeneralActivity"]}, {"928cb30c52ed67a3c8dec6e3a5c54f3e": ["35", "cri.sanity.screen.GeneralActivity"]}, {"68ab6fe678ccdc4821da6d080ac24a17": ["38", "cri.sanity.screen.GeneralActivity"]}, {"388efc7d136a6466d5dd8c1fde4765c8": ["24", "cri.sanity.screen.GeneralActivity"]}, {"388efc7d136a6466d5dd8c1fde4765c8": ["24", "cri.sanity.screen.GeneralActivity"]}, {"388efc7d136a6466d5dd8c1fde4765c8": ["24", "cri.sanity.screen.GeneralActivity"]}, {"388efc7d136a6466d5dd8c1fde4765c8": ["24", "cri.sanity.screen.GeneralActivity"]}, {"388efc7d136a6466d5dd8c1fde4765c8": ["24", "cri.sanity.screen.GeneralActivity"]}, {"3f127b5c2311dfe6fa57f798478c6891": ["120", "cri.sanity.screen.GeneralActivity"]}, {"3f127b5c2311dfe6fa57f798478c6891": ["120", "cri.sanity.screen.GeneralActivity"]}, {"388efc7d136a6466d5dd8c1fde4765c8": ["24", "cri.sanity.screen.GeneralActivity"]}, {"aadf3ab0cd1f7ecb04b3b01eb5dcfc73": ["46", "cri.sanity.screen.GeneralActivity"]}, {"388efc7d136a6466d5dd8c1fde4765c8": ["24", "cri.sanity.screen.GeneralActivity"]}, {"388efc7d136a6466d5dd8c1fde4765c8": ["24", "cri.sanity.screen.GeneralActivity"]}, {"388efc7d136a6466d5dd8c1fde4765c8": ["24", "cri.sanity.screen.GeneralActivity"]}, {"388efc7d136a6466d5dd8c1fde4765c8": ["24", "cri.sanity.screen.GeneralActivity"]}, {"388efc7d136a6466d5dd8c1fde4765c8": ["24", "cri.sanity.screen.GeneralActivity"]}, {"aadf3ab0cd1f7ecb04b3b01eb5dcfc73": ["46", "cri.sanity.screen.GeneralActivity"]}, {"aadf3ab0cd1f7ecb04b3b01eb5dcfc73": ["46", "cri.sanity.screen.GeneralActivity"]}, {"aadf3ab0cd1f7ecb04b3b01eb5dcfc73": ["46", "cri.sanity.screen.GeneralActivity"]}, {"aadf3ab0cd1f7ecb04b3b01eb5dcfc73": ["46", "cri.sanity.screen.GeneralActivity"]}, {"aadf3ab0cd1f7ecb04b3b01eb5dcfc73": ["46", "cri.sanity.screen.GeneralActivity"]}, {"aadf3ab0cd1f7ecb04b3b01eb5dcfc73": ["46", "cri.sanity.screen.GeneralActivity"]}, {"aadf3ab0cd1f7ecb04b3b01eb5dcfc73": ["46", "cri.sanity.screen.GeneralActivity"]}, {"aadf3ab0cd1f7ecb04b3b01eb5dcfc73": ["46", "cri.sanity.screen.GeneralActivity"]}, {"aadf3ab0cd1f7ecb04b3b01eb5dcfc73": ["46", "cri.sanity.screen.GeneralActivity"]}, {"388efc7d136a6466d5dd8c1fde4765c8": ["24", "cri.sanity.screen.GeneralActivity"]}, {"a166177da80e963cba1a1b06f060786e": ["8", "cri.sanity.screen.RecordActivity"]}, {"388efc7d136a6466d5dd8c1fde4765c8": ["24", "cri.sanity.screen.GeneralActivity"]}, {"732b2215f50bc64c829db86786170a5a": ["25", "cri.sanity.screen.GeneralActivity"]}, {"da0aa84dcba6ccd4f1553638ef4b7a72": ["17", "cri.sanity.screen.BlockerActivity"]}, {"d20c005a1da1ce6c3da3b65f6b0539bf": ["19", "cri.sanity.screen.BlockerActivity"]}, {"da0aa84dcba6ccd4f1553638ef4b7a72": ["17", "cri.sanity.screen.BlockerActivity"]}, {"da0aa84dcba6ccd4f1553638ef4b7a72": ["17", "cri.sanity.screen.BlockerActivity"]}, {"da0aa84dcba6ccd4f1553638ef4b7a72": ["17", "cri.sanity.screen.BlockerActivity"]}, {"e522a632abaaafb26a0d4ee60a89fbe9": ["122", "cri.sanity.screen.BlockerActivity"]}, {"b1ae33f00b97c1766467ae037061b2dd": ["42", "cri.sanity.screen.BlockerActivity"]}, {"ab71767d184c9951c9e668c4b6a483e8": ["113", "cri.sanity.screen.SmsHistoryActivity"]}, {"ab71767d184c9951c9e668c4b6a483e8": ["113", "cri.sanity.screen.SmsHistoryActivity"]}, {"06611908e7aa86566bb67014028377bf": ["15", "cri.sanity.screen.TtsActivity"]}, {"43ca62123a2445098199aab385b8251a": ["32", "cri.sanity.screen.TtsActivity"]}, {"06611908e7aa86566bb67014028377bf": ["15", "cri.sanity.screen.TtsActivity"]}, {"b1ae33f00b97c1766467ae037061b2dd": ["42", "cri.sanity.screen.BlockerActivity"]}, {"ab71767d184c9951c9e668c4b6a483e8": ["113", "cri.sanity.screen.SmsHistoryActivity"]}, {"13ad544800b6db0e5de4f2df365ae99c": ["114", "cri.sanity.screen.SmsHistoryActivity"]}, {"ab71767d184c9951c9e668c4b6a483e8": ["113", "cri.sanity.screen.SmsHistoryActivity"]}, {"ab71767d184c9951c9e668c4b6a483e8": ["113", "cri.sanity.screen.SmsHistoryActivity"]}, {"ab71767d184c9951c9e668c4b6a483e8": ["113", "cri.sanity.screen.SmsHistoryActivity"]}, {"ab71767d184c9951c9e668c4b6a483e8": ["113", "cri.sanity.screen.SmsHistoryActivity"]}, {"13ad544800b6db0e5de4f2df365ae99c": ["114", "cri.sanity.screen.SmsHistoryActivity"]}, {"b1ae33f00b97c1766467ae037061b2dd": ["42", "cri.sanity.screen.BlockerActivity"]}, {"ab71767d184c9951c9e668c4b6a483e8": ["113", "cri.sanity.screen.SmsHistoryActivity"]}, {"ab71767d184c9951c9e668c4b6a483e8": ["113", "cri.sanity.screen.SmsHistoryActivity"]}, {"13ad544800b6db0e5de4f2df365ae99c": ["114", "cri.sanity.screen.SmsHistoryActivity"]}, {"ab71767d184c9951c9e668c4b6a483e8": ["113", "cri.sanity.screen.SmsHistoryActivity"]}, {"ab71767d184c9951c9e668c4b6a483e8": ["113", "cri.sanity.screen.SmsHistoryActivity"]}, {"13ad544800b6db0e5de4f2df365ae99c": ["114", "cri.sanity.screen.SmsHistoryActivity"]}, {"928cb30c52ed67a3c8dec6e3a5c54f3e": ["35", "cri.sanity.screen.GeneralActivity"]}, {"68ab6fe678ccdc4821da6d080ac24a17": ["38", "cri.sanity.screen.GeneralActivity"]}, {"928cb30c52ed67a3c8dec6e3a5c54f3e": ["35", "cri.sanity.screen.GeneralActivity"]}, {"3b239ebcf3ba6caec9189081f15614b2": ["81", "cri.sanity.screen.ProfileActivity"]}, {"928cb30c52ed67a3c8dec6e3a5c54f3e": ["35", "cri.sanity.screen.GeneralActivity"]}, {"68ab6fe678ccdc4821da6d080ac24a17": ["38", "cri.sanity.screen.GeneralActivity"]}, {"da0aa84dcba6ccd4f1553638ef4b7a72": ["17", "cri.sanity.screen.BlockerActivity"]}, {"d20c005a1da1ce6c3da3b65f6b0539bf": ["19", "cri.sanity.screen.BlockerActivity"]}, {"da0aa84dcba6ccd4f1553638ef4b7a72": ["17", "cri.sanity.screen.BlockerActivity"]}, {"da0aa84dcba6ccd4f1553638ef4b7a72": ["17", "cri.sanity.screen.BlockerActivity"]}, {"da0aa84dcba6ccd4f1553638ef4b7a72": ["17", "cri.sanity.screen.BlockerActivity"]}, {"da0aa84dcba6ccd4f1553638ef4b7a72": ["17", "cri.sanity.screen.BlockerActivity"]}, {"b1ae33f00b97c1766467ae037061b2dd": ["42", "cri.sanity.screen.BlockerActivity"]}, {"ab71767d184c9951c9e668c4b6a483e8": ["113", "cri.sanity.screen.SmsHistoryActivity"]}, {"ab71767d184c9951c9e668c4b6a483e8": ["113", "cri.sanity.screen.SmsHistoryActivity"]}, {"ab71767d184c9951c9e668c4b6a483e8": ["113", "cri.sanity.screen.SmsHistoryActivity"]}, {"b1ae33f00b97c1766467ae037061b2dd": ["42", "cri.sanity.screen.BlockerActivity"]}, {"ab71767d184c9951c9e668c4b6a483e8": ["113", "cri.sanity.screen.SmsHistoryActivity"]}, {"ab71767d184c9951c9e668c4b6a483e8": ["113", "cri.sanity.screen.SmsHistoryActivity"]}, {"ab71767d184c9951c9e668c4b6a483e8": ["113", "cri.sanity.screen.SmsHistoryActivity"]}, {"ab71767d184c9951c9e668c4b6a483e8": ["113", "cri.sanity.screen.SmsHistoryActivity"]}, {"13ad544800b6db0e5de4f2df365ae99c": ["114", "cri.sanity.screen.SmsHistoryActivity"]}, {"ab71767d184c9951c9e668c4b6a483e8": ["113", "cri.sanity.screen.SmsHistoryActivity"]}, {"13ad544800b6db0e5de4f2df365ae99c": ["114", "cri.sanity.screen.SmsHistoryActivity"]}, {"ab71767d184c9951c9e668c4b6a483e8": ["113", "cri.sanity.screen.SmsHistoryActivity"]}, {"ab71767d184c9951c9e668c4b6a483e8": ["113", "cri.sanity.screen.SmsHistoryActivity"]}, {"388efc7d136a6466d5dd8c1fde4765c8": ["24", "cri.sanity.screen.GeneralActivity"]}, {"732b2215f50bc64c829db86786170a5a": ["25", "cri.sanity.screen.GeneralActivity"]}, {"388efc7d136a6466d5dd8c1fde4765c8": ["24", "cri.sanity.screen.GeneralActivity"]}, {"732b2215f50bc64c829db86786170a5a": ["25", "cri.sanity.screen.GeneralActivity"]}, {"388efc7d136a6466d5dd8c1fde4765c8": ["24", "cri.sanity.screen.GeneralActivity"]}, {"a166177da80e963cba1a1b06f060786e": ["8", "cri.sanity.screen.RecordActivity"]}, {"a166177da80e963cba1a1b06f060786e": ["8", "cri.sanity.screen.RecordActivity"]}, {"33d8af6855547d32c29c58c95b26ac68": ["9", "cri.sanity.screen.RecordActivity"]}, {"a166177da80e963cba1a1b06f060786e": ["8", "cri.sanity.screen.RecordActivity"]}, {"efa833ef2909c8ff459c261ebded704f": ["181", "cri.sanity.screen.RecordActivity"]}, {"2cc55a0fea3bb830e7b99f305bf3ede2": ["31", "cri.sanity.screen.RecordActivity"]}, {"653f9c313e14c4d01eb68fbc0f02e273": ["10", "cri.sanity.screen.RecordActivity"]}, {"2cc55a0fea3bb830e7b99f305bf3ede2": ["31", "cri.sanity.screen.RecordActivity"]}, {"879462caed9a5fd9dadba9104b49dfb7": ["88", "cri.sanity.screen.RecordActivity"]}, {"653f9c313e14c4d01eb68fbc0f02e273": ["10", "cri.sanity.screen.RecordActivity"]}, {"879462caed9a5fd9dadba9104b49dfb7": ["88", "cri.sanity.screen.RecordActivity"]}, {"a166177da80e963cba1a1b06f060786e": ["8", "cri.sanity.screen.RecordActivity"]}, {"de913914d83fa530f8a6de9ece1af01c": ["12", "cri.sanity.screen.UrgentActivity"]}, {"de913914d83fa530f8a6de9ece1af01c": ["12", "cri.sanity.screen.UrgentActivity"]}, {"de913914d83fa530f8a6de9ece1af01c": ["12", "cri.sanity.screen.UrgentActivity"]}, {"de913914d83fa530f8a6de9ece1af01c": ["12", "cri.sanity.screen.UrgentActivity"]}, {"de913914d83fa530f8a6de9ece1af01c": ["12", "cri.sanity.screen.UrgentActivity"]}, {"eb916eb313d4539adcc9a9e0ae1a345a": ["13", "cri.sanity.screen.UrgentActivity"]}, {"b1ae33f00b97c1766467ae037061b2dd": ["42", "cri.sanity.screen.BlockerActivity"]}, {"ab71767d184c9951c9e668c4b6a483e8": ["113", "cri.sanity.screen.SmsHistoryActivity"]}, {"ab71767d184c9951c9e668c4b6a483e8": ["113", "cri.sanity.screen.SmsHistoryActivity"]}, {"388efc7d136a6466d5dd8c1fde4765c8": ["24", "cri.sanity.screen.GeneralActivity"]}, {"732b2215f50bc64c829db86786170a5a": ["25", "cri.sanity.screen.GeneralActivity"]}, {"388efc7d136a6466d5dd8c1fde4765c8": ["24", "cri.sanity.screen.GeneralActivity"]}, {"da0aa84dcba6ccd4f1553638ef4b7a72": ["17", "cri.sanity.screen.BlockerActivity"]}, {"d20c005a1da1ce6c3da3b65f6b0539bf": ["19", "cri.sanity.screen.BlockerActivity"]}, {"da0aa84dcba6ccd4f1553638ef4b7a72": ["17", "cri.sanity.screen.BlockerActivity"]}, {"95bfb1a06b38c57c0913135fdf404b8f": ["47", "cri.sanity.screen.BlockerActivity"]}, {"95bfb1a06b38c57c0913135fdf404b8f": ["47", "cri.sanity.screen.BlockerActivity"]}, {"95bfb1a06b38c57c0913135fdf404b8f": ["47", "cri.sanity.screen.BlockerActivity"]}, {"95bfb1a06b38c57c0913135fdf404b8f": ["47", "cri.sanity.screen.BlockerActivity"]}, {"95bfb1a06b38c57c0913135fdf404b8f": ["47", "cri.sanity.screen.BlockerActivity"]}, {"95bfb1a06b38c57c0913135fdf404b8f": ["47", "cri.sanity.screen.BlockerActivity"]}, {"da0aa84dcba6ccd4f1553638ef4b7a72": ["17", "cri.sanity.screen.BlockerActivity"]}, {"d20c005a1da1ce6c3da3b65f6b0539bf": ["19", "cri.sanity.screen.BlockerActivity"]}, {"da0aa84dcba6ccd4f1553638ef4b7a72": ["17", "cri.sanity.screen.BlockerActivity"]}, {"b1ae33f00b97c1766467ae037061b2dd": ["42", "cri.sanity.screen.BlockerActivity"]}, {"ab71767d184c9951c9e668c4b6a483e8": ["113", "cri.sanity.screen.SmsHistoryActivity"]}, {"13ad544800b6db0e5de4f2df365ae99c": ["114", "cri.sanity.screen.SmsHistoryActivity"]}, {"ab71767d184c9951c9e668c4b6a483e8": ["113", "cri.sanity.screen.SmsHistoryActivity"]}, {"ab71767d184c9951c9e668c4b6a483e8": ["113", "cri.sanity.screen.SmsHistoryActivity"]}, {"ab71767d184c9951c9e668c4b6a483e8": ["113", "cri.sanity.screen.SmsHistoryActivity"]}, {"ab71767d184c9951c9e668c4b6a483e8": ["113", "cri.sanity.screen.SmsHistoryActivity"]}, {"ab71767d184c9951c9e668c4b6a483e8": ["113", "cri.sanity.screen.SmsHistoryActivity"]}, {"ab71767d184c9951c9e668c4b6a483e8": ["113", "cri.sanity.screen.SmsHistoryActivity"]}, {"b1ae33f00b97c1766467ae037061b2dd": ["42", "cri.sanity.screen.BlockerActivity"]}, {"ab71767d184c9951c9e668c4b6a483e8": ["113", "cri.sanity.screen.SmsHistoryActivity"]}, {"ab71767d184c9951c9e668c4b6a483e8": ["113", "cri.sanity.screen.SmsHistoryActivity"]}, {"13ad544800b6db0e5de4f2df365ae99c": ["114", "cri.sanity.screen.SmsHistoryActivity"]}, {"ab71767d184c9951c9e668c4b6a483e8": ["113", "cri.sanity.screen.SmsHistoryActivity"]}, {"ab71767d184c9951c9e668c4b6a483e8": ["113", "cri.sanity.screen.SmsHistoryActivity"]}, {"de913914d83fa530f8a6de9ece1af01c": ["12", "cri.sanity.screen.UrgentActivity"]}, {"de913914d83fa530f8a6de9ece1af01c": ["12", "cri.sanity.screen.UrgentActivity"]}, {"eb916eb313d4539adcc9a9e0ae1a345a": ["13", "cri.sanity.screen.UrgentActivity"]}, {"de913914d83fa530f8a6de9ece1af01c": ["12", "cri.sanity.screen.UrgentActivity"]}, {"de913914d83fa530f8a6de9ece1af01c": ["12", "cri.sanity.screen.UrgentActivity"]}, {"de913914d83fa530f8a6de9ece1af01c": ["12", "cri.sanity.screen.UrgentActivity"]}, {"de913914d83fa530f8a6de9ece1af01c": ["12", "cri.sanity.screen.UrgentActivity"]}, {"fdbded06ded2995b238e5c80b6013b06": ["23", "cri.sanity.screen.UrgentActivity"]}, {"eb916eb313d4539adcc9a9e0ae1a345a": ["13", "cri.sanity.screen.UrgentActivity"]}, {"b1ae33f00b97c1766467ae037061b2dd": ["42", "cri.sanity.screen.BlockerActivity"]}, {"ab71767d184c9951c9e668c4b6a483e8": ["113", "cri.sanity.screen.SmsHistoryActivity"]}, {"ab71767d184c9951c9e668c4b6a483e8": ["113", "cri.sanity.screen.SmsHistoryActivity"]}, {"ab71767d184c9951c9e668c4b6a483e8": ["113", "cri.sanity.screen.SmsHistoryActivity"]}, {"13ad544800b6db0e5de4f2df365ae99c": ["114", "cri.sanity.screen.SmsHistoryActivity"]}, {"388efc7d136a6466d5dd8c1fde4765c8": ["24", "cri.sanity.screen.GeneralActivity"]}, {"388efc7d136a6466d5dd8c1fde4765c8": ["24", "cri.sanity.screen.GeneralActivity"]}, {"388efc7d136a6466d5dd8c1fde4765c8": ["24", "cri.sanity.screen.GeneralActivity"]}, {"928cb30c52ed67a3c8dec6e3a5c54f3e": ["35", "cri.sanity.screen.GeneralActivity"]}, {"928cb30c52ed67a3c8dec6e3a5c54f3e": ["35", "cri.sanity.screen.GeneralActivity"]}, {"928cb30c52ed67a3c8dec6e3a5c54f3e": ["35", "cri.sanity.screen.GeneralActivity"]}, {"928cb30c52ed67a3c8dec6e3a5c54f3e": ["35", "cri.sanity.screen.GeneralActivity"]}, {"928cb30c52ed67a3c8dec6e3a5c54f3e": ["35", "cri.sanity.screen.GeneralActivity"]}, {"928cb30c52ed67a3c8dec6e3a5c54f3e": ["35", "cri.sanity.screen.GeneralActivity"]}, {"928cb30c52ed67a3c8dec6e3a5c54f3e": ["35", "cri.sanity.screen.GeneralActivity"]}, {"68ab6fe678ccdc4821da6d080ac24a17": ["38", "cri.sanity.screen.GeneralActivity"]}, {"388efc7d136a6466d5dd8c1fde4765c8": ["24", "cri.sanity.screen.GeneralActivity"]}, {"388efc7d136a6466d5dd8c1fde4765c8": ["24", "cri.sanity.screen.GeneralActivity"]}, {"388efc7d136a6466d5dd8c1fde4765c8": ["24", "cri.sanity.screen.GeneralActivity"]}, {"4d3281f445c6366a6c3e08a1a9c105e6": ["125", "cri.sanity.screen.RecordActivity"]}, {"4d3281f445c6366a6c3e08a1a9c105e6": ["125", "cri.sanity.screen.RecordActivity"]}, {"8dfd2401738251a2d5a702150cfd0189": ["50", "cri.sanity.screen.GeneralActivity"]}, {"a166177da80e963cba1a1b06f060786e": ["8", "cri.sanity.screen.RecordActivity"]}, {"388efc7d136a6466d5dd8c1fde4765c8": ["24", "cri.sanity.screen.GeneralActivity"]}, {"732b2215f50bc64c829db86786170a5a": ["25", "cri.sanity.screen.GeneralActivity"]}, {"da0aa84dcba6ccd4f1553638ef4b7a72": ["17", "cri.sanity.screen.BlockerActivity"]}, {"d20c005a1da1ce6c3da3b65f6b0539bf": ["19", "cri.sanity.screen.BlockerActivity"]}, {"da0aa84dcba6ccd4f1553638ef4b7a72": ["17", "cri.sanity.screen.BlockerActivity"]}, {"da0aa84dcba6ccd4f1553638ef4b7a72": ["17", "cri.sanity.screen.BlockerActivity"]}, {"da0aa84dcba6ccd4f1553638ef4b7a72": ["17", "cri.sanity.screen.BlockerActivity"]}, {"e522a632abaaafb26a0d4ee60a89fbe9": ["122", "cri.sanity.screen.BlockerActivity"]}, {"da0aa84dcba6ccd4f1553638ef4b7a72": ["17", "cri.sanity.screen.BlockerActivity"]}, {"da0aa84dcba6ccd4f1553638ef4b7a72": ["17", "cri.sanity.screen.BlockerActivity"]}, {"de913914d83fa530f8a6de9ece1af01c": ["12", "cri.sanity.screen.UrgentActivity"]}, {"eb916eb313d4539adcc9a9e0ae1a345a": ["13", "cri.sanity.screen.UrgentActivity"]}, {"de913914d83fa530f8a6de9ece1af01c": ["12", "cri.sanity.screen.UrgentActivity"]}, {"fdbded06ded2995b238e5c80b6013b06": ["23", "cri.sanity.screen.UrgentActivity"]}, {"de913914d83fa530f8a6de9ece1af01c": ["12", "cri.sanity.screen.UrgentActivity"]}, {"de913914d83fa530f8a6de9ece1af01c": ["12", "cri.sanity.screen.UrgentActivity"]}, {"de913914d83fa530f8a6de9ece1af01c": ["12", "cri.sanity.screen.UrgentActivity"]}, {"eb916eb313d4539adcc9a9e0ae1a345a": ["13", "cri.sanity.screen.UrgentActivity"]}, {"de913914d83fa530f8a6de9ece1af01c": ["12", "cri.sanity.screen.UrgentActivity"]}, {"de913914d83fa530f8a6de9ece1af01c": ["12", "cri.sanity.screen.UrgentActivity"]}, {"de913914d83fa530f8a6de9ece1af01c": ["12", "cri.sanity.screen.UrgentActivity"]}, {"de913914d83fa530f8a6de9ece1af01c": ["12", "cri.sanity.screen.UrgentActivity"]}, {"de913914d83fa530f8a6de9ece1af01c": ["12", "cri.sanity.screen.UrgentActivity"]}, {"de913914d83fa530f8a6de9ece1af01c": ["12", "cri.sanity.screen.UrgentActivity"]}, {"de913914d83fa530f8a6de9ece1af01c": ["12", "cri.sanity.screen.UrgentActivity"]}, {"de913914d83fa530f8a6de9ece1af01c": ["12", "cri.sanity.screen.UrgentActivity"]}, {"eb916eb313d4539adcc9a9e0ae1a345a": ["13", "cri.sanity.screen.UrgentActivity"]}, {"4d3281f445c6366a6c3e08a1a9c105e6": ["125", "cri.sanity.screen.RecordActivity"]}, {"4d3281f445c6366a6c3e08a1a9c105e6": ["125", "cri.sanity.screen.RecordActivity"]}, {"e11ce91dd2a32d9191690cda4baa7137": ["90", "cri.sanity.screen.RecordActivity"]}, {"b1ae33f00b97c1766467ae037061b2dd": ["42", "cri.sanity.screen.BlockerActivity"]}, {"aadf3ab0cd1f7ecb04b3b01eb5dcfc73": ["46", "cri.sanity.screen.GeneralActivity"]}, {"388efc7d136a6466d5dd8c1fde4765c8": ["24", "cri.sanity.screen.GeneralActivity"]}, {"732b2215f50bc64c829db86786170a5a": ["25", "cri.sanity.screen.GeneralActivity"]}, {"b1ae33f00b97c1766467ae037061b2dd": ["42", "cri.sanity.screen.BlockerActivity"]}, {"ab71767d184c9951c9e668c4b6a483e8": ["113", "cri.sanity.screen.SmsHistoryActivity"]}, {"13ad544800b6db0e5de4f2df365ae99c": ["114", "cri.sanity.screen.SmsHistoryActivity"]}, {"ab71767d184c9951c9e668c4b6a483e8": ["113", "cri.sanity.screen.SmsHistoryActivity"]}, {"ab71767d184c9951c9e668c4b6a483e8": ["113", "cri.sanity.screen.SmsHistoryActivity"]}, {"ab71767d184c9951c9e668c4b6a483e8": ["113", "cri.sanity.screen.SmsHistoryActivity"]}, {"ab71767d184c9951c9e668c4b6a483e8": ["113", "cri.sanity.screen.SmsHistoryActivity"]}, {"388efc7d136a6466d5dd8c1fde4765c8": ["24", "cri.sanity.screen.GeneralActivity"]}, {"8dfd2401738251a2d5a702150cfd0189": ["50", "cri.sanity.screen.GeneralActivity"]}, {"68ab6fe678ccdc4821da6d080ac24a17": ["38", "cri.sanity.screen.GeneralActivity"]}, {"388efc7d136a6466d5dd8c1fde4765c8": ["24", "cri.sanity.screen.GeneralActivity"]}, {"732b2215f50bc64c829db86786170a5a": ["25", "cri.sanity.screen.GeneralActivity"]}, {"388efc7d136a6466d5dd8c1fde4765c8": ["24", "cri.sanity.screen.GeneralActivity"]}, {"388efc7d136a6466d5dd8c1fde4765c8": ["24", "cri.sanity.screen.GeneralActivity"]}, {"388efc7d136a6466d5dd8c1fde4765c8": ["24", "cri.sanity.screen.GeneralActivity"]}, {"388efc7d136a6466d5dd8c1fde4765c8": ["24", "cri.sanity.screen.GeneralActivity"]}, {"de913914d83fa530f8a6de9ece1af01c": ["12", "cri.sanity.screen.UrgentActivity"]}, {"de913914d83fa530f8a6de9ece1af01c": ["12", "cri.sanity.screen.UrgentActivity"]}, {"de913914d83fa530f8a6de9ece1af01c": ["12", "cri.sanity.screen.UrgentActivity"]}, {"eb916eb313d4539adcc9a9e0ae1a345a": ["13", "cri.sanity.screen.UrgentActivity"]}, {"de913914d83fa530f8a6de9ece1af01c": ["12", "cri.sanity.screen.UrgentActivity"]}, {"de913914d83fa530f8a6de9ece1af01c": ["12", "cri.sanity.screen.UrgentActivity"]}, {"de913914d83fa530f8a6de9ece1af01c": ["12", "cri.sanity.screen.UrgentActivity"]}, {"de913914d83fa530f8a6de9ece1af01c": ["12", "cri.sanity.screen.UrgentActivity"]}, {"de913914d83fa530f8a6de9ece1af01c": ["12", "cri.sanity.screen.UrgentActivity"]}, {"eb916eb313d4539adcc9a9e0ae1a345a": ["13", "cri.sanity.screen.UrgentActivity"]}, {"de913914d83fa530f8a6de9ece1af01c": ["12", "cri.sanity.screen.UrgentActivity"]}, {"eb916eb313d4539adcc9a9e0ae1a345a": ["13", "cri.sanity.screen.UrgentActivity"]}, {"de913914d83fa530f8a6de9ece1af01c": ["12", "cri.sanity.screen.UrgentActivity"]}, {"700a94b4f192b83f3bf43123998d683c": ["3", "cri.sanity.screen.FilterActivity"]}, {"a166177da80e963cba1a1b06f060786e": ["8", "cri.sanity.screen.RecordActivity"]}, {"a166177da80e963cba1a1b06f060786e": ["8", "cri.sanity.screen.RecordActivity"]}, {"de913914d83fa530f8a6de9ece1af01c": ["12", "cri.sanity.screen.UrgentActivity"]}, {"eb916eb313d4539adcc9a9e0ae1a345a": ["13", "cri.sanity.screen.UrgentActivity"]}, {"de913914d83fa530f8a6de9ece1af01c": ["12", "cri.sanity.screen.UrgentActivity"]}, {"388efc7d136a6466d5dd8c1fde4765c8": ["24", "cri.sanity.screen.GeneralActivity"]}, {"388efc7d136a6466d5dd8c1fde4765c8": ["24", "cri.sanity.screen.GeneralActivity"]}, {"388efc7d136a6466d5dd8c1fde4765c8": ["24", "cri.sanity.screen.GeneralActivity"]}, {"388efc7d136a6466d5dd8c1fde4765c8": ["24", "cri.sanity.screen.GeneralActivity"]}, {"388efc7d136a6466d5dd8c1fde4765c8": ["24", "cri.sanity.screen.GeneralActivity"]}, {"388efc7d136a6466d5dd8c1fde4765c8": ["24", "cri.sanity.screen.GeneralActivity"]}, {"388efc7d136a6466d5dd8c1fde4765c8": ["24", "cri.sanity.screen.GeneralActivity"]}, {"aadf3ab0cd1f7ecb04b3b01eb5dcfc73": ["46", "cri.sanity.screen.GeneralActivity"]}, {"388efc7d136a6466d5dd8c1fde4765c8": ["24", "cri.sanity.screen.GeneralActivity"]}, {"732b2215f50bc64c829db86786170a5a": ["25", "cri.sanity.screen.GeneralActivity"]}, {"928cb30c52ed67a3c8dec6e3a5c54f3e": ["35", "cri.sanity.screen.GeneralActivity"]}, {"68ab6fe678ccdc4821da6d080ac24a17": ["38", "cri.sanity.screen.GeneralActivity"]}, {"de913914d83fa530f8a6de9ece1af01c": ["12", "cri.sanity.screen.UrgentActivity"]}, {"de913914d83fa530f8a6de9ece1af01c": ["12", "cri.sanity.screen.UrgentActivity"]}, {"de913914d83fa530f8a6de9ece1af01c": ["12", "cri.sanity.screen.UrgentActivity"]}, {"eb916eb313d4539adcc9a9e0ae1a345a": ["13", "cri.sanity.screen.UrgentActivity"]}, {"de913914d83fa530f8a6de9ece1af01c": ["12", "cri.sanity.screen.UrgentActivity"]}, {"de913914d83fa530f8a6de9ece1af01c": ["12", "cri.sanity.screen.UrgentActivity"]}, {"de913914d83fa530f8a6de9ece1af01c": ["12", "cri.sanity.screen.UrgentActivity"]}, {"de913914d83fa530f8a6de9ece1af01c": ["12", "cri.sanity.screen.UrgentActivity"]}, {"de913914d83fa530f8a6de9ece1af01c": ["12", "cri.sanity.screen.UrgentActivity"]}, {"de913914d83fa530f8a6de9ece1af01c": ["12", "cri.sanity.screen.UrgentActivity"]}, {"eb916eb313d4539adcc9a9e0ae1a345a": ["13", "cri.sanity.screen.UrgentActivity"]}, {"de913914d83fa530f8a6de9ece1af01c": ["12", "cri.sanity.screen.UrgentActivity"]}, {"700a94b4f192b83f3bf43123998d683c": ["3", "cri.sanity.screen.FilterActivity"]}, {"700a94b4f192b83f3bf43123998d683c": ["3", "cri.sanity.screen.FilterActivity"]}, {"700a94b4f192b83f3bf43123998d683c": ["3", "cri.sanity.screen.FilterActivity"]}, {"de913914d83fa530f8a6de9ece1af01c": ["12", "cri.sanity.screen.UrgentActivity"]}, {"700a94b4f192b83f3bf43123998d683c": ["3", "cri.sanity.screen.FilterActivity"]}, {"700a94b4f192b83f3bf43123998d683c": ["3", "cri.sanity.screen.FilterActivity"]}, {"9cf99100c7ea83a812da477e402adfb4": ["7", "cri.sanity.screen.FilterActivity"]}, {"700a94b4f192b83f3bf43123998d683c": ["3", "cri.sanity.screen.FilterActivity"]}, {"7c861241110adf236da1abeaecc0afa6": ["55", "cri.sanity.screen.FilterActivity"]}, {"8588ccc5807870a575cbb5802ef5dca0": ["59", "cri.sanity.screen.FilterActivity"]}, {"8588ccc5807870a575cbb5802ef5dca0": ["59", "cri.sanity.screen.FilterActivity"]}, {"31105b3e768e618248f254bceb690935": ["5", "cri.sanity.screen.DateTimeActivity"]}, {"31105b3e768e618248f254bceb690935": ["5", "cri.sanity.screen.DateTimeActivity"]}, {"31105b3e768e618248f254bceb690935": ["5", "cri.sanity.screen.DateTimeActivity"]}, {"0a225278980027d4cb43da19cfdbaf0e": ["6", "cri.sanity.screen.DateTimeActivity"]}, {"31105b3e768e618248f254bceb690935": ["5", "cri.sanity.screen.DateTimeActivity"]}, {"31105b3e768e618248f254bceb690935": ["5", "cri.sanity.screen.DateTimeActivity"]}, {"31105b3e768e618248f254bceb690935": ["5", "cri.sanity.screen.DateTimeActivity"]}, {"388efc7d136a6466d5dd8c1fde4765c8": ["24", "cri.sanity.screen.GeneralActivity"]}, {"732b2215f50bc64c829db86786170a5a": ["25", "cri.sanity.screen.GeneralActivity"]}, {"388efc7d136a6466d5dd8c1fde4765c8": ["24", "cri.sanity.screen.GeneralActivity"]}, {"732b2215f50bc64c829db86786170a5a": ["25", "cri.sanity.screen.GeneralActivity"]}, {"388efc7d136a6466d5dd8c1fde4765c8": ["24", "cri.sanity.screen.GeneralActivity"]}, {"a166177da80e963cba1a1b06f060786e": ["8", "cri.sanity.screen.RecordActivity"]}, {"33d8af6855547d32c29c58c95b26ac68": ["9", "cri.sanity.screen.RecordActivity"]}, {"a166177da80e963cba1a1b06f060786e": ["8", "cri.sanity.screen.RecordActivity"]}, {"a166177da80e963cba1a1b06f060786e": ["8", "cri.sanity.screen.RecordActivity"]}, {"de913914d83fa530f8a6de9ece1af01c": ["12", "cri.sanity.screen.UrgentActivity"]}, {"de913914d83fa530f8a6de9ece1af01c": ["12", "cri.sanity.screen.UrgentActivity"]}, {"de913914d83fa530f8a6de9ece1af01c": ["12", "cri.sanity.screen.UrgentActivity"]}, {"de913914d83fa530f8a6de9ece1af01c": ["12", "cri.sanity.screen.UrgentActivity"]}, {"de913914d83fa530f8a6de9ece1af01c": ["12", "cri.sanity.screen.UrgentActivity"]}, {"eb916eb313d4539adcc9a9e0ae1a345a": ["13", "cri.sanity.screen.UrgentActivity"]}, {"8588ccc5807870a575cbb5802ef5dca0": ["59", "cri.sanity.screen.FilterActivity"]}, {"8588ccc5807870a575cbb5802ef5dca0": ["59", "cri.sanity.screen.FilterActivity"]}, {"8588ccc5807870a575cbb5802ef5dca0": ["59", "cri.sanity.screen.FilterActivity"]}, {"700a94b4f192b83f3bf43123998d683c": ["3", "cri.sanity.screen.FilterActivity"]}, {"388efc7d136a6466d5dd8c1fde4765c8": ["24", "cri.sanity.screen.GeneralActivity"]}, {"732b2215f50bc64c829db86786170a5a": ["25", "cri.sanity.screen.GeneralActivity"]}, {"388efc7d136a6466d5dd8c1fde4765c8": ["24", "cri.sanity.screen.GeneralActivity"]}, {"da0aa84dcba6ccd4f1553638ef4b7a72": ["17", "cri.sanity.screen.BlockerActivity"]}, {"d20c005a1da1ce6c3da3b65f6b0539bf": ["19", "cri.sanity.screen.BlockerActivity"]}, {"da0aa84dcba6ccd4f1553638ef4b7a72": ["17", "cri.sanity.screen.BlockerActivity"]}, {"da0aa84dcba6ccd4f1553638ef4b7a72": ["17", "cri.sanity.screen.BlockerActivity"]}, {"da0aa84dcba6ccd4f1553638ef4b7a72": ["17", "cri.sanity.screen.BlockerActivity"]}, {"da0aa84dcba6ccd4f1553638ef4b7a72": ["17", "cri.sanity.screen.BlockerActivity"]}, {"5950c7be41f17c70b4fc043aa12a37f6": ["20", "cri.sanity.screen.BlockerActivity"]}, {"da0aa84dcba6ccd4f1553638ef4b7a72": ["17", "cri.sanity.screen.BlockerActivity"]}, {"da0aa84dcba6ccd4f1553638ef4b7a72": ["17", "cri.sanity.screen.BlockerActivity"]}, {"d20c005a1da1ce6c3da3b65f6b0539bf": ["19", "cri.sanity.screen.BlockerActivity"]}, {"da0aa84dcba6ccd4f1553638ef4b7a72": ["17", "cri.sanity.screen.BlockerActivity"]}, {"700a94b4f192b83f3bf43123998d683c": ["3", "cri.sanity.screen.FilterActivity"]}, {"700a94b4f192b83f3bf43123998d683c": ["3", "cri.sanity.screen.FilterActivity"]}, {"9cf99100c7ea83a812da477e402adfb4": ["7", "cri.sanity.screen.FilterActivity"]}, {"da0aa84dcba6ccd4f1553638ef4b7a72": ["17", "cri.sanity.screen.BlockerActivity"]}, {"d20c005a1da1ce6c3da3b65f6b0539bf": ["19", "cri.sanity.screen.BlockerActivity"]}, {"da0aa84dcba6ccd4f1553638ef4b7a72": ["17", "cri.sanity.screen.BlockerActivity"]}, {"b1ae33f00b97c1766467ae037061b2dd": ["42", "cri.sanity.screen.BlockerActivity"]}, {"ab71767d184c9951c9e668c4b6a483e8": ["113", "cri.sanity.screen.SmsHistoryActivity"]}, {"ab71767d184c9951c9e668c4b6a483e8": ["113", "cri.sanity.screen.SmsHistoryActivity"]}, {"ab71767d184c9951c9e668c4b6a483e8": ["113", "cri.sanity.screen.SmsHistoryActivity"]}, {"13ad544800b6db0e5de4f2df365ae99c": ["114", "cri.sanity.screen.SmsHistoryActivity"]}, {"ab71767d184c9951c9e668c4b6a483e8": ["113", "cri.sanity.screen.SmsHistoryActivity"]}, {"ab71767d184c9951c9e668c4b6a483e8": ["113", "cri.sanity.screen.SmsHistoryActivity"]}, {"ab71767d184c9951c9e668c4b6a483e8": ["113", "cri.sanity.screen.SmsHistoryActivity"]}, {"ab71767d184c9951c9e668c4b6a483e8": ["113", "cri.sanity.screen.SmsHistoryActivity"]}, {"ab71767d184c9951c9e668c4b6a483e8": ["113", "cri.sanity.screen.SmsHistoryActivity"]}, {"ab71767d184c9951c9e668c4b6a483e8": ["113", "cri.sanity.screen.SmsHistoryActivity"]}, {"b1ae33f00b97c1766467ae037061b2dd": ["42", "cri.sanity.screen.BlockerActivity"]}, {"ab71767d184c9951c9e668c4b6a483e8": ["113", "cri.sanity.screen.SmsHistoryActivity"]}, {"ab71767d184c9951c9e668c4b6a483e8": ["113", "cri.sanity.screen.SmsHistoryActivity"]}, {"13ad544800b6db0e5de4f2df365ae99c": ["114", "cri.sanity.screen.SmsHistoryActivity"]}, {"ab71767d184c9951c9e668c4b6a483e8": ["113", "cri.sanity.screen.SmsHistoryActivity"]}, {"ab71767d184c9951c9e668c4b6a483e8": ["113", "cri.sanity.screen.SmsHistoryActivity"]}, {"de913914d83fa530f8a6de9ece1af01c": ["12", "cri.sanity.screen.UrgentActivity"]}, {"de913914d83fa530f8a6de9ece1af01c": ["12", "cri.sanity.screen.UrgentActivity"]}, {"eb916eb313d4539adcc9a9e0ae1a345a": ["13", "cri.sanity.screen.UrgentActivity"]}, {"de913914d83fa530f8a6de9ece1af01c": ["12", "cri.sanity.screen.UrgentActivity"]}, {"de913914d83fa530f8a6de9ece1af01c": ["12", "cri.sanity.screen.UrgentActivity"]}, {"de913914d83fa530f8a6de9ece1af01c": ["12", "cri.sanity.screen.UrgentActivity"]}, {"de913914d83fa530f8a6de9ece1af01c": ["12", "cri.sanity.screen.UrgentActivity"]}, {"fdbded06ded2995b238e5c80b6013b06": ["23", "cri.sanity.screen.UrgentActivity"]}, {"eb916eb313d4539adcc9a9e0ae1a345a": ["13", "cri.sanity.screen.UrgentActivity"]}, {"b1ae33f00b97c1766467ae037061b2dd": ["42", "cri.sanity.screen.BlockerActivity"]}, {"ab71767d184c9951c9e668c4b6a483e8": ["113", "cri.sanity.screen.SmsHistoryActivity"]}, {"ab71767d184c9951c9e668c4b6a483e8": ["113", "cri.sanity.screen.SmsHistoryActivity"]}, {"ab71767d184c9951c9e668c4b6a483e8": ["113", "cri.sanity.screen.SmsHistoryActivity"]}, {"13ad544800b6db0e5de4f2df365ae99c": ["114", "cri.sanity.screen.SmsHistoryActivity"]}, {"388efc7d136a6466d5dd8c1fde4765c8": ["24", "cri.sanity.screen.GeneralActivity"]}, {"388efc7d136a6466d5dd8c1fde4765c8": ["24", "cri.sanity.screen.GeneralActivity"]}, {"388efc7d136a6466d5dd8c1fde4765c8": ["24", "cri.sanity.screen.GeneralActivity"]}, {"928cb30c52ed67a3c8dec6e3a5c54f3e": ["35", "cri.sanity.screen.GeneralActivity"]}, {"928cb30c52ed67a3c8dec6e3a5c54f3e": ["35", "cri.sanity.screen.GeneralActivity"]}, {"928cb30c52ed67a3c8dec6e3a5c54f3e": ["35", "cri.sanity.screen.GeneralActivity"]}, {"928cb30c52ed67a3c8dec6e3a5c54f3e": ["35", "cri.sanity.screen.GeneralActivity"]}, {"928cb30c52ed67a3c8dec6e3a5c54f3e": ["35", "cri.sanity.screen.GeneralActivity"]}, {"590580dbeced54ff4a978cf8099751f6": ["37", "cri.sanity.screen.GeneralActivity"]}, {"590580dbeced54ff4a978cf8099751f6": ["37", "cri.sanity.screen.GeneralActivity"]}, {"68ab6fe678ccdc4821da6d080ac24a17": ["38", "cri.sanity.screen.GeneralActivity"]}, {"388efc7d136a6466d5dd8c1fde4765c8": ["24", "cri.sanity.screen.GeneralActivity"]}, {"388efc7d136a6466d5dd8c1fde4765c8": ["24", "cri.sanity.screen.GeneralActivity"]}, {"388efc7d136a6466d5dd8c1fde4765c8": ["24", "cri.sanity.screen.GeneralActivity"]}, {"a166177da80e963cba1a1b06f060786e": ["8", "cri.sanity.screen.RecordActivity"]}, {"26a1dbded4114dfe849f3b9e756f0a39": ["11", "cri.sanity.screen.BrowseActivity"]}, {"0c4784b41c274ae916c3d8f458bbb37d": ["27", "cri.sanity.screen.BrowseActivity"]}, {"26a1dbded4114dfe849f3b9e756f0a39": ["11", "cri.sanity.screen.BrowseActivity"]}, {"8dfd2401738251a2d5a702150cfd0189": ["50", "cri.sanity.screen.GeneralActivity"]}]