[{"190ea86637f97de1d0e2d78b3e49a961": ["0", "com.google.android.divideandconquer.DivideAndConquerActivity"]}, {"61e218057fc5fac8996cace15414b72a": ["1", "com.google.android.divideandconquer.Preferences"]}, {"61e218057fc5fac8996cace15414b72a": ["1", "com.google.android.divideandconquer.Preferences"]}, {"8143ce5c80860573cfbb63c2f4517758": ["2", "com.google.android.divideandconquer.Preferences"]}, {"61e218057fc5fac8996cace15414b72a": ["1", "com.google.android.divideandconquer.Preferences"]}, {"61e218057fc5fac8996cace15414b72a": ["1", "com.google.android.divideandconquer.Preferences"]}, {"61e218057fc5fac8996cace15414b72a": ["1", "com.google.android.divideandconquer.Preferences"]}, {"61e218057fc5fac8996cace15414b72a": ["1", "com.google.android.divideandconquer.Preferences"]}, {"8143ce5c80860573cfbb63c2f4517758": ["2", "com.google.android.divideandconquer.Preferences"]}, {"61e218057fc5fac8996cace15414b72a": ["1", "com.google.android.divideandconquer.Preferences"]}, {"61e218057fc5fac8996cace15414b72a": ["1", "com.google.android.divideandconquer.Preferences"]}, {"8143ce5c80860573cfbb63c2f4517758": ["2", "com.google.android.divideandconquer.Preferences"]}, {"61e218057fc5fac8996cace15414b72a": ["1", "com.google.android.divideandconquer.Preferences"]}, {"61e218057fc5fac8996cace15414b72a": ["1", "com.google.android.divideandconquer.Preferences"]}, {"61e218057fc5fac8996cace15414b72a": ["1", "com.google.android.divideandconquer.Preferences"]}, {"61e218057fc5fac8996cace15414b72a": ["1", "com.google.android.divideandconquer.Preferences"]}, {"61e218057fc5fac8996cace15414b72a": ["1", "com.google.android.divideandconquer.Preferences"]}, {"8143ce5c80860573cfbb63c2f4517758": ["2", "com.google.android.divideandconquer.Preferences"]}, {"61e218057fc5fac8996cace15414b72a": ["1", "com.google.android.divideandconquer.Preferences"]}, {"61e218057fc5fac8996cace15414b72a": ["1", "com.google.android.divideandconquer.Preferences"]}, {"8143ce5c80860573cfbb63c2f4517758": ["2", "com.google.android.divideandconquer.Preferences"]}, {"61e218057fc5fac8996cace15414b72a": ["1", "com.google.android.divideandconquer.Preferences"]}, {"8143ce5c80860573cfbb63c2f4517758": ["2", "com.google.android.divideandconquer.Preferences"]}, {"61e218057fc5fac8996cace15414b72a": ["1", "com.google.android.divideandconquer.Preferences"]}, {"61e218057fc5fac8996cace15414b72a": ["1", "com.google.android.divideandconquer.Preferences"]}, {"61e218057fc5fac8996cace15414b72a": ["1", "com.google.android.divideandconquer.Preferences"]}, {"61e218057fc5fac8996cace15414b72a": ["1", "com.google.android.divideandconquer.Preferences"]}, {"8143ce5c80860573cfbb63c2f4517758": ["2", "com.google.android.divideandconquer.Preferences"]}, {"61e218057fc5fac8996cace15414b72a": ["1", "com.google.android.divideandconquer.Preferences"]}, {"61e218057fc5fac8996cace15414b72a": ["1", "com.google.android.divideandconquer.Preferences"]}, {"61e218057fc5fac8996cace15414b72a": ["1", "com.google.android.divideandconquer.Preferences"]}, {"8143ce5c80860573cfbb63c2f4517758": ["2", "com.google.android.divideandconquer.Preferences"]}, {"61e218057fc5fac8996cace15414b72a": ["1", "com.google.android.divideandconquer.Preferences"]}, {"8143ce5c80860573cfbb63c2f4517758": ["2", "com.google.android.divideandconquer.Preferences"]}, {"61e218057fc5fac8996cace15414b72a": ["1", "com.google.android.divideandconquer.Preferences"]}, {"61e218057fc5fac8996cace15414b72a": ["1", "com.google.android.divideandconquer.Preferences"]}, {"8143ce5c80860573cfbb63c2f4517758": ["2", "com.google.android.divideandconquer.Preferences"]}, {"61e218057fc5fac8996cace15414b72a": ["1", "com.google.android.divideandconquer.Preferences"]}, {"61e218057fc5fac8996cace15414b72a": ["1", "com.google.android.divideandconquer.Preferences"]}, {"61e218057fc5fac8996cace15414b72a": ["1", "com.google.android.divideandconquer.Preferences"]}, {"61e218057fc5fac8996cace15414b72a": ["1", "com.google.android.divideandconquer.Preferences"]}, {"61e218057fc5fac8996cace15414b72a": ["1", "com.google.android.divideandconquer.Preferences"]}, {"61e218057fc5fac8996cace15414b72a": ["1", "com.google.android.divideandconquer.Preferences"]}, {"61e218057fc5fac8996cace15414b72a": ["1", "com.google.android.divideandconquer.Preferences"]}, {"61e218057fc5fac8996cace15414b72a": ["1", "com.google.android.divideandconquer.Preferences"]}, {"61e218057fc5fac8996cace15414b72a": ["1", "com.google.android.divideandconquer.Preferences"]}, {"61e218057fc5fac8996cace15414b72a": ["1", "com.google.android.divideandconquer.Preferences"]}, {"61e218057fc5fac8996cace15414b72a": ["1", "com.google.android.divideandconquer.Preferences"]}, {"8143ce5c80860573cfbb63c2f4517758": ["2", "com.google.android.divideandconquer.Preferences"]}, {"190ea86637f97de1d0e2d78b3e49a961": ["0", "com.google.android.divideandconquer.DivideAndConquerActivity"]}, {"61e218057fc5fac8996cace15414b72a": ["1", "com.google.android.divideandconquer.Preferences"]}, {"61e218057fc5fac8996cace15414b72a": ["1", "com.google.android.divideandconquer.Preferences"]}, {"61e218057fc5fac8996cace15414b72a": ["1", "com.google.android.divideandconquer.Preferences"]}, {"8143ce5c80860573cfbb63c2f4517758": ["2", "com.google.android.divideandconquer.Preferences"]}, {"61e218057fc5fac8996cace15414b72a": ["1", "com.google.android.divideandconquer.Preferences"]}, {"61e218057fc5fac8996cace15414b72a": ["1", "com.google.android.divideandconquer.Preferences"]}, {"8143ce5c80860573cfbb63c2f4517758": ["2", "com.google.android.divideandconquer.Preferences"]}, {"61e218057fc5fac8996cace15414b72a": ["1", "com.google.android.divideandconquer.Preferences"]}, {"8143ce5c80860573cfbb63c2f4517758": ["2", "com.google.android.divideandconquer.Preferences"]}, {"61e218057fc5fac8996cace15414b72a": ["1", "com.google.android.divideandconquer.Preferences"]}, {"61e218057fc5fac8996cace15414b72a": ["1", "com.google.android.divideandconquer.Preferences"]}, {"61e218057fc5fac8996cace15414b72a": ["1", "com.google.android.divideandconquer.Preferences"]}, {"8143ce5c80860573cfbb63c2f4517758": ["2", "com.google.android.divideandconquer.Preferences"]}, {"61e218057fc5fac8996cace15414b72a": ["1", "com.google.android.divideandconquer.Preferences"]}, {"61e218057fc5fac8996cace15414b72a": ["1", "com.google.android.divideandconquer.Preferences"]}, {"61e218057fc5fac8996cace15414b72a": ["1", "com.google.android.divideandconquer.Preferences"]}, {"61e218057fc5fac8996cace15414b72a": ["1", "com.google.android.divideandconquer.Preferences"]}, {"61e218057fc5fac8996cace15414b72a": ["1", "com.google.android.divideandconquer.Preferences"]}, {"61e218057fc5fac8996cace15414b72a": ["1", "com.google.android.divideandconquer.Preferences"]}, {"61e218057fc5fac8996cace15414b72a": ["1", "com.google.android.divideandconquer.Preferences"]}, {"61e218057fc5fac8996cace15414b72a": ["1", "com.google.android.divideandconquer.Preferences"]}, {"8143ce5c80860573cfbb63c2f4517758": ["2", "com.google.android.divideandconquer.Preferences"]}, {"61e218057fc5fac8996cace15414b72a": ["1", "com.google.android.divideandconquer.Preferences"]}, {"8143ce5c80860573cfbb63c2f4517758": ["2", "com.google.android.divideandconquer.Preferences"]}, {"61e218057fc5fac8996cace15414b72a": ["1", "com.google.android.divideandconquer.Preferences"]}, {"61e218057fc5fac8996cace15414b72a": ["1", "com.google.android.divideandconquer.Preferences"]}, {"61e218057fc5fac8996cace15414b72a": ["1", "com.google.android.divideandconquer.Preferences"]}, {"8143ce5c80860573cfbb63c2f4517758": ["2", "com.google.android.divideandconquer.Preferences"]}, {"61e218057fc5fac8996cace15414b72a": ["1", "com.google.android.divideandconquer.Preferences"]}, {"8143ce5c80860573cfbb63c2f4517758": ["2", "com.google.android.divideandconquer.Preferences"]}, {"61e218057fc5fac8996cace15414b72a": ["1", "com.google.android.divideandconquer.Preferences"]}, {"8143ce5c80860573cfbb63c2f4517758": ["2", "com.google.android.divideandconquer.Preferences"]}, {"61e218057fc5fac8996cace15414b72a": ["1", "com.google.android.divideandconquer.Preferences"]}, {"61e218057fc5fac8996cace15414b72a": ["1", "com.google.android.divideandconquer.Preferences"]}, {"61e218057fc5fac8996cace15414b72a": ["1", "com.google.android.divideandconquer.Preferences"]}, {"61e218057fc5fac8996cace15414b72a": ["1", "com.google.android.divideandconquer.Preferences"]}, {"61e218057fc5fac8996cace15414b72a": ["1", "com.google.android.divideandconquer.Preferences"]}, {"61e218057fc5fac8996cace15414b72a": ["1", "com.google.android.divideandconquer.Preferences"]}, {"61e218057fc5fac8996cace15414b72a": ["1", "com.google.android.divideandconquer.Preferences"]}, {"8143ce5c80860573cfbb63c2f4517758": ["2", "com.google.android.divideandconquer.Preferences"]}, {"61e218057fc5fac8996cace15414b72a": ["1", "com.google.android.divideandconquer.Preferences"]}, {"61e218057fc5fac8996cace15414b72a": ["1", "com.google.android.divideandconquer.Preferences"]}, {"61e218057fc5fac8996cace15414b72a": ["1", "com.google.android.divideandconquer.Preferences"]}, {"61e218057fc5fac8996cace15414b72a": ["1", "com.google.android.divideandconquer.Preferences"]}, {"61e218057fc5fac8996cace15414b72a": ["1", "com.google.android.divideandconquer.Preferences"]}, {"61e218057fc5fac8996cace15414b72a": ["1", "com.google.android.divideandconquer.Preferences"]}, {"8143ce5c80860573cfbb63c2f4517758": ["2", "com.google.android.divideandconquer.Preferences"]}, {"61e218057fc5fac8996cace15414b72a": ["1", "com.google.android.divideandconquer.Preferences"]}, {"61e218057fc5fac8996cace15414b72a": ["1", "com.google.android.divideandconquer.Preferences"]}, {"61e218057fc5fac8996cace15414b72a": ["1", "com.google.android.divideandconquer.Preferences"]}, {"61e218057fc5fac8996cace15414b72a": ["1", "com.google.android.divideandconquer.Preferences"]}, {"8143ce5c80860573cfbb63c2f4517758": ["2", "com.google.android.divideandconquer.Preferences"]}, {"61e218057fc5fac8996cace15414b72a": ["1", "com.google.android.divideandconquer.Preferences"]}, {"8143ce5c80860573cfbb63c2f4517758": ["2", "com.google.android.divideandconquer.Preferences"]}, {"61e218057fc5fac8996cace15414b72a": ["1", "com.google.android.divideandconquer.Preferences"]}, {"8143ce5c80860573cfbb63c2f4517758": ["2", "com.google.android.divideandconquer.Preferences"]}, {"61e218057fc5fac8996cace15414b72a": ["1", "com.google.android.divideandconquer.Preferences"]}, {"61e218057fc5fac8996cace15414b72a": ["1", "com.google.android.divideandconquer.Preferences"]}, {"8143ce5c80860573cfbb63c2f4517758": ["2", "com.google.android.divideandconquer.Preferences"]}, {"61e218057fc5fac8996cace15414b72a": ["1", "com.google.android.divideandconquer.Preferences"]}, {"61e218057fc5fac8996cace15414b72a": ["1", "com.google.android.divideandconquer.Preferences"]}, {"61e218057fc5fac8996cace15414b72a": ["1", "com.google.android.divideandconquer.Preferences"]}, {"61e218057fc5fac8996cace15414b72a": ["1", "com.google.android.divideandconquer.Preferences"]}, {"61e218057fc5fac8996cace15414b72a": ["1", "com.google.android.divideandconquer.Preferences"]}, {"61e218057fc5fac8996cace15414b72a": ["1", "com.google.android.divideandconquer.Preferences"]}, {"61e218057fc5fac8996cace15414b72a": ["1", "com.google.android.divideandconquer.Preferences"]}, {"61e218057fc5fac8996cace15414b72a": ["1", "com.google.android.divideandconquer.Preferences"]}, {"8143ce5c80860573cfbb63c2f4517758": ["2", "com.google.android.divideandconquer.Preferences"]}, {"61e218057fc5fac8996cace15414b72a": ["1", "com.google.android.divideandconquer.Preferences"]}, {"8143ce5c80860573cfbb63c2f4517758": ["2", "com.google.android.divideandconquer.Preferences"]}, {"61e218057fc5fac8996cace15414b72a": ["1", "com.google.android.divideandconquer.Preferences"]}, {"61e218057fc5fac8996cace15414b72a": ["1", "com.google.android.divideandconquer.Preferences"]}, {"61e218057fc5fac8996cace15414b72a": ["1", "com.google.android.divideandconquer.Preferences"]}, {"61e218057fc5fac8996cace15414b72a": ["1", "com.google.android.divideandconquer.Preferences"]}, {"61e218057fc5fac8996cace15414b72a": ["1", "com.google.android.divideandconquer.Preferences"]}, {"8143ce5c80860573cfbb63c2f4517758": ["2", "com.google.android.divideandconquer.Preferences"]}, {"61e218057fc5fac8996cace15414b72a": ["1", "com.google.android.divideandconquer.Preferences"]}, {"8143ce5c80860573cfbb63c2f4517758": ["2", "com.google.android.divideandconquer.Preferences"]}, {"61e218057fc5fac8996cace15414b72a": ["1", "com.google.android.divideandconquer.Preferences"]}, {"61e218057fc5fac8996cace15414b72a": ["1", "com.google.android.divideandconquer.Preferences"]}, {"8143ce5c80860573cfbb63c2f4517758": ["2", "com.google.android.divideandconquer.Preferences"]}, {"61e218057fc5fac8996cace15414b72a": ["1", "com.google.android.divideandconquer.Preferences"]}, {"8143ce5c80860573cfbb63c2f4517758": ["2", "com.google.android.divideandconquer.Preferences"]}, {"61e218057fc5fac8996cace15414b72a": ["1", "com.google.android.divideandconquer.Preferences"]}, {"61e218057fc5fac8996cace15414b72a": ["1", "com.google.android.divideandconquer.Preferences"]}, {"8143ce5c80860573cfbb63c2f4517758": ["2", "com.google.android.divideandconquer.Preferences"]}, {"61e218057fc5fac8996cace15414b72a": ["1", "com.google.android.divideandconquer.Preferences"]}, {"8143ce5c80860573cfbb63c2f4517758": ["2", "com.google.android.divideandconquer.Preferences"]}, {"61e218057fc5fac8996cace15414b72a": ["1", "com.google.android.divideandconquer.Preferences"]}, {"8143ce5c80860573cfbb63c2f4517758": ["2", "com.google.android.divideandconquer.Preferences"]}, {"61e218057fc5fac8996cace15414b72a": ["1", "com.google.android.divideandconquer.Preferences"]}, {"8143ce5c80860573cfbb63c2f4517758": ["2", "com.google.android.divideandconquer.Preferences"]}, {"61e218057fc5fac8996cace15414b72a": ["1", "com.google.android.divideandconquer.Preferences"]}, {"61e218057fc5fac8996cace15414b72a": ["1", "com.google.android.divideandconquer.Preferences"]}, {"61e218057fc5fac8996cace15414b72a": ["1", "com.google.android.divideandconquer.Preferences"]}, {"61e218057fc5fac8996cace15414b72a": ["1", "com.google.android.divideandconquer.Preferences"]}, {"61e218057fc5fac8996cace15414b72a": ["1", "com.google.android.divideandconquer.Preferences"]}, {"61e218057fc5fac8996cace15414b72a": ["1", "com.google.android.divideandconquer.Preferences"]}, {"61e218057fc5fac8996cace15414b72a": ["1", "com.google.android.divideandconquer.Preferences"]}, {"8143ce5c80860573cfbb63c2f4517758": ["2", "com.google.android.divideandconquer.Preferences"]}, {"61e218057fc5fac8996cace15414b72a": ["1", "com.google.android.divideandconquer.Preferences"]}, {"61e218057fc5fac8996cace15414b72a": ["1", "com.google.android.divideandconquer.Preferences"]}, {"61e218057fc5fac8996cace15414b72a": ["1", "com.google.android.divideandconquer.Preferences"]}, {"8143ce5c80860573cfbb63c2f4517758": ["2", "com.google.android.divideandconquer.Preferences"]}, {"61e218057fc5fac8996cace15414b72a": ["1", "com.google.android.divideandconquer.Preferences"]}, {"8143ce5c80860573cfbb63c2f4517758": ["2", "com.google.android.divideandconquer.Preferences"]}, {"61e218057fc5fac8996cace15414b72a": ["1", "com.google.android.divideandconquer.Preferences"]}, {"61e218057fc5fac8996cace15414b72a": ["1", "com.google.android.divideandconquer.Preferences"]}, {"8143ce5c80860573cfbb63c2f4517758": ["2", "com.google.android.divideandconquer.Preferences"]}, {"61e218057fc5fac8996cace15414b72a": ["1", "com.google.android.divideandconquer.Preferences"]}, {"8143ce5c80860573cfbb63c2f4517758": ["2", "com.google.android.divideandconquer.Preferences"]}, {"61e218057fc5fac8996cace15414b72a": ["1", "com.google.android.divideandconquer.Preferences"]}, {"61e218057fc5fac8996cace15414b72a": ["1", "com.google.android.divideandconquer.Preferences"]}, {"61e218057fc5fac8996cace15414b72a": ["1", "com.google.android.divideandconquer.Preferences"]}, {"8143ce5c80860573cfbb63c2f4517758": ["2", "com.google.android.divideandconquer.Preferences"]}, {"61e218057fc5fac8996cace15414b72a": ["1", "com.google.android.divideandconquer.Preferences"]}, {"8143ce5c80860573cfbb63c2f4517758": ["2", "com.google.android.divideandconquer.Preferences"]}, {"61e218057fc5fac8996cace15414b72a": ["1", "com.google.android.divideandconquer.Preferences"]}, {"8143ce5c80860573cfbb63c2f4517758": ["2", "com.google.android.divideandconquer.Preferences"]}, {"61e218057fc5fac8996cace15414b72a": ["1", "com.google.android.divideandconquer.Preferences"]}, {"61e218057fc5fac8996cace15414b72a": ["1", "com.google.android.divideandconquer.Preferences"]}, {"61e218057fc5fac8996cace15414b72a": ["1", "com.google.android.divideandconquer.Preferences"]}, {"61e218057fc5fac8996cace15414b72a": ["1", "com.google.android.divideandconquer.Preferences"]}, {"61e218057fc5fac8996cace15414b72a": ["1", "com.google.android.divideandconquer.Preferences"]}, {"8143ce5c80860573cfbb63c2f4517758": ["2", "com.google.android.divideandconquer.Preferences"]}, {"61e218057fc5fac8996cace15414b72a": ["1", "com.google.android.divideandconquer.Preferences"]}, {"8143ce5c80860573cfbb63c2f4517758": ["2", "com.google.android.divideandconquer.Preferences"]}, {"61e218057fc5fac8996cace15414b72a": ["1", "com.google.android.divideandconquer.Preferences"]}, {"61e218057fc5fac8996cace15414b72a": ["1", "com.google.android.divideandconquer.Preferences"]}, {"61e218057fc5fac8996cace15414b72a": ["1", "com.google.android.divideandconquer.Preferences"]}, {"8143ce5c80860573cfbb63c2f4517758": ["2", "com.google.android.divideandconquer.Preferences"]}, {"61e218057fc5fac8996cace15414b72a": ["1", "com.google.android.divideandconquer.Preferences"]}, {"8143ce5c80860573cfbb63c2f4517758": ["2", "com.google.android.divideandconquer.Preferences"]}, {"61e218057fc5fac8996cace15414b72a": ["1", "com.google.android.divideandconquer.Preferences"]}, {"61e218057fc5fac8996cace15414b72a": ["1", "com.google.android.divideandconquer.Preferences"]}, {"61e218057fc5fac8996cace15414b72a": ["1", "com.google.android.divideandconquer.Preferences"]}, {"61e218057fc5fac8996cace15414b72a": ["1", "com.google.android.divideandconquer.Preferences"]}, {"61e218057fc5fac8996cace15414b72a": ["1", "com.google.android.divideandconquer.Preferences"]}, {"61e218057fc5fac8996cace15414b72a": ["1", "com.google.android.divideandconquer.Preferences"]}, {"61e218057fc5fac8996cace15414b72a": ["1", "com.google.android.divideandconquer.Preferences"]}, {"61e218057fc5fac8996cace15414b72a": ["1", "com.google.android.divideandconquer.Preferences"]}, {"61e218057fc5fac8996cace15414b72a": ["1", "com.google.android.divideandconquer.Preferences"]}, {"8143ce5c80860573cfbb63c2f4517758": ["2", "com.google.android.divideandconquer.Preferences"]}, {"61e218057fc5fac8996cace15414b72a": ["1", "com.google.android.divideandconquer.Preferences"]}, {"61e218057fc5fac8996cace15414b72a": ["1", "com.google.android.divideandconquer.Preferences"]}, {"61e218057fc5fac8996cace15414b72a": ["1", "com.google.android.divideandconquer.Preferences"]}, {"61e218057fc5fac8996cace15414b72a": ["1", "com.google.android.divideandconquer.Preferences"]}, {"8143ce5c80860573cfbb63c2f4517758": ["2", "com.google.android.divideandconquer.Preferences"]}, {"61e218057fc5fac8996cace15414b72a": ["1", "com.google.android.divideandconquer.Preferences"]}, {"8143ce5c80860573cfbb63c2f4517758": ["2", "com.google.android.divideandconquer.Preferences"]}, {"61e218057fc5fac8996cace15414b72a": ["1", "com.google.android.divideandconquer.Preferences"]}, {"61e218057fc5fac8996cace15414b72a": ["1", "com.google.android.divideandconquer.Preferences"]}, {"61e218057fc5fac8996cace15414b72a": ["1", "com.google.android.divideandconquer.Preferences"]}, {"61e218057fc5fac8996cace15414b72a": ["1", "com.google.android.divideandconquer.Preferences"]}, {"61e218057fc5fac8996cace15414b72a": ["1", "com.google.android.divideandconquer.Preferences"]}, {"61e218057fc5fac8996cace15414b72a": ["1", "com.google.android.divideandconquer.Preferences"]}, {"61e218057fc5fac8996cace15414b72a": ["1", "com.google.android.divideandconquer.Preferences"]}, {"61e218057fc5fac8996cace15414b72a": ["1", "com.google.android.divideandconquer.Preferences"]}, {"61e218057fc5fac8996cace15414b72a": ["1", "com.google.android.divideandconquer.Preferences"]}, {"61e218057fc5fac8996cace15414b72a": ["1", "com.google.android.divideandconquer.Preferences"]}, {"61e218057fc5fac8996cace15414b72a": ["1", "com.google.android.divideandconquer.Preferences"]}, {"61e218057fc5fac8996cace15414b72a": ["1", "com.google.android.divideandconquer.Preferences"]}, {"61e218057fc5fac8996cace15414b72a": ["1", "com.google.android.divideandconquer.Preferences"]}, {"61e218057fc5fac8996cace15414b72a": ["1", "com.google.android.divideandconquer.Preferences"]}, {"8143ce5c80860573cfbb63c2f4517758": ["2", "com.google.android.divideandconquer.Preferences"]}, {"61e218057fc5fac8996cace15414b72a": ["1", "com.google.android.divideandconquer.Preferences"]}, {"61e218057fc5fac8996cace15414b72a": ["1", "com.google.android.divideandconquer.Preferences"]}, {"8143ce5c80860573cfbb63c2f4517758": ["2", "com.google.android.divideandconquer.Preferences"]}, {"61e218057fc5fac8996cace15414b72a": ["1", "com.google.android.divideandconquer.Preferences"]}, {"61e218057fc5fac8996cace15414b72a": ["1", "com.google.android.divideandconquer.Preferences"]}, {"61e218057fc5fac8996cace15414b72a": ["1", "com.google.android.divideandconquer.Preferences"]}, {"61e218057fc5fac8996cace15414b72a": ["1", "com.google.android.divideandconquer.Preferences"]}, {"8143ce5c80860573cfbb63c2f4517758": ["2", "com.google.android.divideandconquer.Preferences"]}, {"61e218057fc5fac8996cace15414b72a": ["1", "com.google.android.divideandconquer.Preferences"]}, {"61e218057fc5fac8996cace15414b72a": ["1", "com.google.android.divideandconquer.Preferences"]}, {"8143ce5c80860573cfbb63c2f4517758": ["2", "com.google.android.divideandconquer.Preferences"]}, {"61e218057fc5fac8996cace15414b72a": ["1", "com.google.android.divideandconquer.Preferences"]}, {"61e218057fc5fac8996cace15414b72a": ["1", "com.google.android.divideandconquer.Preferences"]}, {"8143ce5c80860573cfbb63c2f4517758": ["2", "com.google.android.divideandconquer.Preferences"]}, {"61e218057fc5fac8996cace15414b72a": ["1", "com.google.android.divideandconquer.Preferences"]}, {"61e218057fc5fac8996cace15414b72a": ["1", "com.google.android.divideandconquer.Preferences"]}, {"61e218057fc5fac8996cace15414b72a": ["1", "com.google.android.divideandconquer.Preferences"]}, {"61e218057fc5fac8996cace15414b72a": ["1", "com.google.android.divideandconquer.Preferences"]}, {"61e218057fc5fac8996cace15414b72a": ["1", "com.google.android.divideandconquer.Preferences"]}, {"61e218057fc5fac8996cace15414b72a": ["1", "com.google.android.divideandconquer.Preferences"]}, {"8143ce5c80860573cfbb63c2f4517758": ["2", "com.google.android.divideandconquer.Preferences"]}, {"61e218057fc5fac8996cace15414b72a": ["1", "com.google.android.divideandconquer.Preferences"]}, {"8143ce5c80860573cfbb63c2f4517758": ["2", "com.google.android.divideandconquer.Preferences"]}, {"61e218057fc5fac8996cace15414b72a": ["1", "com.google.android.divideandconquer.Preferences"]}, {"61e218057fc5fac8996cace15414b72a": ["1", "com.google.android.divideandconquer.Preferences"]}, {"8143ce5c80860573cfbb63c2f4517758": ["2", "com.google.android.divideandconquer.Preferences"]}, {"61e218057fc5fac8996cace15414b72a": ["1", "com.google.android.divideandconquer.Preferences"]}, {"61e218057fc5fac8996cace15414b72a": ["1", "com.google.android.divideandconquer.Preferences"]}, {"61e218057fc5fac8996cace15414b72a": ["1", "com.google.android.divideandconquer.Preferences"]}, {"61e218057fc5fac8996cace15414b72a": ["1", "com.google.android.divideandconquer.Preferences"]}, {"61e218057fc5fac8996cace15414b72a": ["1", "com.google.android.divideandconquer.Preferences"]}, {"61e218057fc5fac8996cace15414b72a": ["1", "com.google.android.divideandconquer.Preferences"]}, {"61e218057fc5fac8996cace15414b72a": ["1", "com.google.android.divideandconquer.Preferences"]}, {"61e218057fc5fac8996cace15414b72a": ["1", "com.google.android.divideandconquer.Preferences"]}, {"61e218057fc5fac8996cace15414b72a": ["1", "com.google.android.divideandconquer.Preferences"]}, {"8143ce5c80860573cfbb63c2f4517758": ["2", "com.google.android.divideandconquer.Preferences"]}, {"61e218057fc5fac8996cace15414b72a": ["1", "com.google.android.divideandconquer.Preferences"]}, {"61e218057fc5fac8996cace15414b72a": ["1", "com.google.android.divideandconquer.Preferences"]}, {"61e218057fc5fac8996cace15414b72a": ["1", "com.google.android.divideandconquer.Preferences"]}, {"61e218057fc5fac8996cace15414b72a": ["1", "com.google.android.divideandconquer.Preferences"]}, {"8143ce5c80860573cfbb63c2f4517758": ["2", "com.google.android.divideandconquer.Preferences"]}, {"61e218057fc5fac8996cace15414b72a": ["1", "com.google.android.divideandconquer.Preferences"]}, {"61e218057fc5fac8996cace15414b72a": ["1", "com.google.android.divideandconquer.Preferences"]}, {"61e218057fc5fac8996cace15414b72a": ["1", "com.google.android.divideandconquer.Preferences"]}, {"61e218057fc5fac8996cace15414b72a": ["1", "com.google.android.divideandconquer.Preferences"]}, {"61e218057fc5fac8996cace15414b72a": ["1", "com.google.android.divideandconquer.Preferences"]}, {"8143ce5c80860573cfbb63c2f4517758": ["2", "com.google.android.divideandconquer.Preferences"]}, {"61e218057fc5fac8996cace15414b72a": ["1", "com.google.android.divideandconquer.Preferences"]}, {"8143ce5c80860573cfbb63c2f4517758": ["2", "com.google.android.divideandconquer.Preferences"]}, {"61e218057fc5fac8996cace15414b72a": ["1", "com.google.android.divideandconquer.Preferences"]}, {"61e218057fc5fac8996cace15414b72a": ["1", "com.google.android.divideandconquer.Preferences"]}, {"8143ce5c80860573cfbb63c2f4517758": ["2", "com.google.android.divideandconquer.Preferences"]}, {"61e218057fc5fac8996cace15414b72a": ["1", "com.google.android.divideandconquer.Preferences"]}, {"61e218057fc5fac8996cace15414b72a": ["1", "com.google.android.divideandconquer.Preferences"]}, {"61e218057fc5fac8996cace15414b72a": ["1", "com.google.android.divideandconquer.Preferences"]}, {"61e218057fc5fac8996cace15414b72a": ["1", "com.google.android.divideandconquer.Preferences"]}, {"61e218057fc5fac8996cace15414b72a": ["1", "com.google.android.divideandconquer.Preferences"]}, {"61e218057fc5fac8996cace15414b72a": ["1", "com.google.android.divideandconquer.Preferences"]}, {"61e218057fc5fac8996cace15414b72a": ["1", "com.google.android.divideandconquer.Preferences"]}, {"61e218057fc5fac8996cace15414b72a": ["1", "com.google.android.divideandconquer.Preferences"]}, {"61e218057fc5fac8996cace15414b72a": ["1", "com.google.android.divideandconquer.Preferences"]}, {"8143ce5c80860573cfbb63c2f4517758": ["2", "com.google.android.divideandconquer.Preferences"]}, {"61e218057fc5fac8996cace15414b72a": ["1", "com.google.android.divideandconquer.Preferences"]}, {"61e218057fc5fac8996cace15414b72a": ["1", "com.google.android.divideandconquer.Preferences"]}, {"8143ce5c80860573cfbb63c2f4517758": ["2", "com.google.android.divideandconquer.Preferences"]}, {"61e218057fc5fac8996cace15414b72a": ["1", "com.google.android.divideandconquer.Preferences"]}, {"61e218057fc5fac8996cace15414b72a": ["1", "com.google.android.divideandconquer.Preferences"]}, {"61e218057fc5fac8996cace15414b72a": ["1", "com.google.android.divideandconquer.Preferences"]}, {"61e218057fc5fac8996cace15414b72a": ["1", "com.google.android.divideandconquer.Preferences"]}, {"61e218057fc5fac8996cace15414b72a": ["1", "com.google.android.divideandconquer.Preferences"]}, {"8143ce5c80860573cfbb63c2f4517758": ["2", "com.google.android.divideandconquer.Preferences"]}, {"61e218057fc5fac8996cace15414b72a": ["1", "com.google.android.divideandconquer.Preferences"]}, {"61e218057fc5fac8996cace15414b72a": ["1", "com.google.android.divideandconquer.Preferences"]}, {"61e218057fc5fac8996cace15414b72a": ["1", "com.google.android.divideandconquer.Preferences"]}, {"61e218057fc5fac8996cace15414b72a": ["1", "com.google.android.divideandconquer.Preferences"]}, {"8143ce5c80860573cfbb63c2f4517758": ["2", "com.google.android.divideandconquer.Preferences"]}, {"61e218057fc5fac8996cace15414b72a": ["1", "com.google.android.divideandconquer.Preferences"]}, {"8143ce5c80860573cfbb63c2f4517758": ["2", "com.google.android.divideandconquer.Preferences"]}, {"61e218057fc5fac8996cace15414b72a": ["1", "com.google.android.divideandconquer.Preferences"]}, {"8143ce5c80860573cfbb63c2f4517758": ["2", "com.google.android.divideandconquer.Preferences"]}, {"61e218057fc5fac8996cace15414b72a": ["1", "com.google.android.divideandconquer.Preferences"]}, {"8143ce5c80860573cfbb63c2f4517758": ["2", "com.google.android.divideandconquer.Preferences"]}, {"61e218057fc5fac8996cace15414b72a": ["1", "com.google.android.divideandconquer.Preferences"]}, {"61e218057fc5fac8996cace15414b72a": ["1", "com.google.android.divideandconquer.Preferences"]}, {"61e218057fc5fac8996cace15414b72a": ["1", "com.google.android.divideandconquer.Preferences"]}, {"61e218057fc5fac8996cace15414b72a": ["1", "com.google.android.divideandconquer.Preferences"]}, {"61e218057fc5fac8996cace15414b72a": ["1", "com.google.android.divideandconquer.Preferences"]}, {"61e218057fc5fac8996cace15414b72a": ["1", "com.google.android.divideandconquer.Preferences"]}, {"61e218057fc5fac8996cace15414b72a": ["1", "com.google.android.divideandconquer.Preferences"]}, {"61e218057fc5fac8996cace15414b72a": ["1", "com.google.android.divideandconquer.Preferences"]}, {"8143ce5c80860573cfbb63c2f4517758": ["2", "com.google.android.divideandconquer.Preferences"]}, {"61e218057fc5fac8996cace15414b72a": ["1", "com.google.android.divideandconquer.Preferences"]}, {"8143ce5c80860573cfbb63c2f4517758": ["2", "com.google.android.divideandconquer.Preferences"]}, {"61e218057fc5fac8996cace15414b72a": ["1", "com.google.android.divideandconquer.Preferences"]}, {"8143ce5c80860573cfbb63c2f4517758": ["2", "com.google.android.divideandconquer.Preferences"]}, {"61e218057fc5fac8996cace15414b72a": ["1", "com.google.android.divideandconquer.Preferences"]}, {"61e218057fc5fac8996cace15414b72a": ["1", "com.google.android.divideandconquer.Preferences"]}, {"8143ce5c80860573cfbb63c2f4517758": ["2", "com.google.android.divideandconquer.Preferences"]}, {"61e218057fc5fac8996cace15414b72a": ["1", "com.google.android.divideandconquer.Preferences"]}, {"61e218057fc5fac8996cace15414b72a": ["1", "com.google.android.divideandconquer.Preferences"]}, {"8143ce5c80860573cfbb63c2f4517758": ["2", "com.google.android.divideandconquer.Preferences"]}, {"61e218057fc5fac8996cace15414b72a": ["1", "com.google.android.divideandconquer.Preferences"]}, {"61e218057fc5fac8996cace15414b72a": ["1", "com.google.android.divideandconquer.Preferences"]}, {"8143ce5c80860573cfbb63c2f4517758": ["2", "com.google.android.divideandconquer.Preferences"]}, {"61e218057fc5fac8996cace15414b72a": ["1", "com.google.android.divideandconquer.Preferences"]}, {"61e218057fc5fac8996cace15414b72a": ["1", "com.google.android.divideandconquer.Preferences"]}, {"61e218057fc5fac8996cace15414b72a": ["1", "com.google.android.divideandconquer.Preferences"]}, {"61e218057fc5fac8996cace15414b72a": ["1", "com.google.android.divideandconquer.Preferences"]}, {"61e218057fc5fac8996cace15414b72a": ["1", "com.google.android.divideandconquer.Preferences"]}, {"61e218057fc5fac8996cace15414b72a": ["1", "com.google.android.divideandconquer.Preferences"]}, {"61e218057fc5fac8996cace15414b72a": ["1", "com.google.android.divideandconquer.Preferences"]}, {"8143ce5c80860573cfbb63c2f4517758": ["2", "com.google.android.divideandconquer.Preferences"]}, {"61e218057fc5fac8996cace15414b72a": ["1", "com.google.android.divideandconquer.Preferences"]}, {"61e218057fc5fac8996cace15414b72a": ["1", "com.google.android.divideandconquer.Preferences"]}, {"61e218057fc5fac8996cace15414b72a": ["1", "com.google.android.divideandconquer.Preferences"]}, {"8143ce5c80860573cfbb63c2f4517758": ["2", "com.google.android.divideandconquer.Preferences"]}, {"61e218057fc5fac8996cace15414b72a": ["1", "com.google.android.divideandconquer.Preferences"]}, {"8143ce5c80860573cfbb63c2f4517758": ["2", "com.google.android.divideandconquer.Preferences"]}, {"61e218057fc5fac8996cace15414b72a": ["1", "com.google.android.divideandconquer.Preferences"]}, {"61e218057fc5fac8996cace15414b72a": ["1", "com.google.android.divideandconquer.Preferences"]}, {"61e218057fc5fac8996cace15414b72a": ["1", "com.google.android.divideandconquer.Preferences"]}, {"8143ce5c80860573cfbb63c2f4517758": ["2", "com.google.android.divideandconquer.Preferences"]}, {"61e218057fc5fac8996cace15414b72a": ["1", "com.google.android.divideandconquer.Preferences"]}, {"61e218057fc5fac8996cace15414b72a": ["1", "com.google.android.divideandconquer.Preferences"]}, {"61e218057fc5fac8996cace15414b72a": ["1", "com.google.android.divideandconquer.Preferences"]}, {"8143ce5c80860573cfbb63c2f4517758": ["2", "com.google.android.divideandconquer.Preferences"]}, {"61e218057fc5fac8996cace15414b72a": ["1", "com.google.android.divideandconquer.Preferences"]}, {"61e218057fc5fac8996cace15414b72a": ["1", "com.google.android.divideandconquer.Preferences"]}, {"8143ce5c80860573cfbb63c2f4517758": ["2", "com.google.android.divideandconquer.Preferences"]}, {"61e218057fc5fac8996cace15414b72a": ["1", "com.google.android.divideandconquer.Preferences"]}, {"61e218057fc5fac8996cace15414b72a": ["1", "com.google.android.divideandconquer.Preferences"]}, {"61e218057fc5fac8996cace15414b72a": ["1", "com.google.android.divideandconquer.Preferences"]}, {"61e218057fc5fac8996cace15414b72a": ["1", "com.google.android.divideandconquer.Preferences"]}, {"61e218057fc5fac8996cace15414b72a": ["1", "com.google.android.divideandconquer.Preferences"]}, {"8143ce5c80860573cfbb63c2f4517758": ["2", "com.google.android.divideandconquer.Preferences"]}, {"61e218057fc5fac8996cace15414b72a": ["1", "com.google.android.divideandconquer.Preferences"]}, {"61e218057fc5fac8996cace15414b72a": ["1", "com.google.android.divideandconquer.Preferences"]}, {"61e218057fc5fac8996cace15414b72a": ["1", "com.google.android.divideandconquer.Preferences"]}, {"8143ce5c80860573cfbb63c2f4517758": ["2", "com.google.android.divideandconquer.Preferences"]}, {"61e218057fc5fac8996cace15414b72a": ["1", "com.google.android.divideandconquer.Preferences"]}, {"61e218057fc5fac8996cace15414b72a": ["1", "com.google.android.divideandconquer.Preferences"]}, {"61e218057fc5fac8996cace15414b72a": ["1", "com.google.android.divideandconquer.Preferences"]}, {"61e218057fc5fac8996cace15414b72a": ["1", "com.google.android.divideandconquer.Preferences"]}, {"8143ce5c80860573cfbb63c2f4517758": ["2", "com.google.android.divideandconquer.Preferences"]}, {"61e218057fc5fac8996cace15414b72a": ["1", "com.google.android.divideandconquer.Preferences"]}, {"8143ce5c80860573cfbb63c2f4517758": ["2", "com.google.android.divideandconquer.Preferences"]}, {"61e218057fc5fac8996cace15414b72a": ["1", "com.google.android.divideandconquer.Preferences"]}, {"61e218057fc5fac8996cace15414b72a": ["1", "com.google.android.divideandconquer.Preferences"]}, {"61e218057fc5fac8996cace15414b72a": ["1", "com.google.android.divideandconquer.Preferences"]}, {"61e218057fc5fac8996cace15414b72a": ["1", "com.google.android.divideandconquer.Preferences"]}, {"61e218057fc5fac8996cace15414b72a": ["1", "com.google.android.divideandconquer.Preferences"]}, {"61e218057fc5fac8996cace15414b72a": ["1", "com.google.android.divideandconquer.Preferences"]}, {"61e218057fc5fac8996cace15414b72a": ["1", "com.google.android.divideandconquer.Preferences"]}, {"8143ce5c80860573cfbb63c2f4517758": ["2", "com.google.android.divideandconquer.Preferences"]}, {"61e218057fc5fac8996cace15414b72a": ["1", "com.google.android.divideandconquer.Preferences"]}, {"8143ce5c80860573cfbb63c2f4517758": ["2", "com.google.android.divideandconquer.Preferences"]}, {"61e218057fc5fac8996cace15414b72a": ["1", "com.google.android.divideandconquer.Preferences"]}, {"61e218057fc5fac8996cace15414b72a": ["1", "com.google.android.divideandconquer.Preferences"]}, {"8143ce5c80860573cfbb63c2f4517758": ["2", "com.google.android.divideandconquer.Preferences"]}, {"61e218057fc5fac8996cace15414b72a": ["1", "com.google.android.divideandconquer.Preferences"]}, {"61e218057fc5fac8996cace15414b72a": ["1", "com.google.android.divideandconquer.Preferences"]}, {"61e218057fc5fac8996cace15414b72a": ["1", "com.google.android.divideandconquer.Preferences"]}, {"61e218057fc5fac8996cace15414b72a": ["1", "com.google.android.divideandconquer.Preferences"]}, {"8143ce5c80860573cfbb63c2f4517758": ["2", "com.google.android.divideandconquer.Preferences"]}, {"61e218057fc5fac8996cace15414b72a": ["1", "com.google.android.divideandconquer.Preferences"]}, {"61e218057fc5fac8996cace15414b72a": ["1", "com.google.android.divideandconquer.Preferences"]}, {"61e218057fc5fac8996cace15414b72a": ["1", "com.google.android.divideandconquer.Preferences"]}, {"8143ce5c80860573cfbb63c2f4517758": ["2", "com.google.android.divideandconquer.Preferences"]}, {"61e218057fc5fac8996cace15414b72a": ["1", "com.google.android.divideandconquer.Preferences"]}, {"61e218057fc5fac8996cace15414b72a": ["1", "com.google.android.divideandconquer.Preferences"]}, {"8143ce5c80860573cfbb63c2f4517758": ["2", "com.google.android.divideandconquer.Preferences"]}, {"61e218057fc5fac8996cace15414b72a": ["1", "com.google.android.divideandconquer.Preferences"]}, {"61e218057fc5fac8996cace15414b72a": ["1", "com.google.android.divideandconquer.Preferences"]}, {"8143ce5c80860573cfbb63c2f4517758": ["2", "com.google.android.divideandconquer.Preferences"]}, {"61e218057fc5fac8996cace15414b72a": ["1", "com.google.android.divideandconquer.Preferences"]}, {"61e218057fc5fac8996cace15414b72a": ["1", "com.google.android.divideandconquer.Preferences"]}, {"8143ce5c80860573cfbb63c2f4517758": ["2", "com.google.android.divideandconquer.Preferences"]}, {"61e218057fc5fac8996cace15414b72a": ["1", "com.google.android.divideandconquer.Preferences"]}, {"8143ce5c80860573cfbb63c2f4517758": ["2", "com.google.android.divideandconquer.Preferences"]}, {"61e218057fc5fac8996cace15414b72a": ["1", "com.google.android.divideandconquer.Preferences"]}, {"61e218057fc5fac8996cace15414b72a": ["1", "com.google.android.divideandconquer.Preferences"]}, {"61e218057fc5fac8996cace15414b72a": ["1", "com.google.android.divideandconquer.Preferences"]}, {"61e218057fc5fac8996cace15414b72a": ["1", "com.google.android.divideandconquer.Preferences"]}, {"8143ce5c80860573cfbb63c2f4517758": ["2", "com.google.android.divideandconquer.Preferences"]}, {"61e218057fc5fac8996cace15414b72a": ["1", "com.google.android.divideandconquer.Preferences"]}, {"61e218057fc5fac8996cace15414b72a": ["1", "com.google.android.divideandconquer.Preferences"]}, {"8143ce5c80860573cfbb63c2f4517758": ["2", "com.google.android.divideandconquer.Preferences"]}, {"190ea86637f97de1d0e2d78b3e49a961": ["0", "com.google.android.divideandconquer.DivideAndConquerActivity"]}, {"61e218057fc5fac8996cace15414b72a": ["1", "com.google.android.divideandconquer.Preferences"]}, {"61e218057fc5fac8996cace15414b72a": ["1", "com.google.android.divideandconquer.Preferences"]}, {"61e218057fc5fac8996cace15414b72a": ["1", "com.google.android.divideandconquer.Preferences"]}, {"61e218057fc5fac8996cace15414b72a": ["1", "com.google.android.divideandconquer.Preferences"]}, {"61e218057fc5fac8996cace15414b72a": ["1", "com.google.android.divideandconquer.Preferences"]}, {"61e218057fc5fac8996cace15414b72a": ["1", "com.google.android.divideandconquer.Preferences"]}, {"61e218057fc5fac8996cace15414b72a": ["1", "com.google.android.divideandconquer.Preferences"]}, {"8143ce5c80860573cfbb63c2f4517758": ["2", "com.google.android.divideandconquer.Preferences"]}, {"61e218057fc5fac8996cace15414b72a": ["1", "com.google.android.divideandconquer.Preferences"]}, {"61e218057fc5fac8996cace15414b72a": ["1", "com.google.android.divideandconquer.Preferences"]}, {"61e218057fc5fac8996cace15414b72a": ["1", "com.google.android.divideandconquer.Preferences"]}, {"61e218057fc5fac8996cace15414b72a": ["1", "com.google.android.divideandconquer.Preferences"]}, {"61e218057fc5fac8996cace15414b72a": ["1", "com.google.android.divideandconquer.Preferences"]}, {"61e218057fc5fac8996cace15414b72a": ["1", "com.google.android.divideandconquer.Preferences"]}, {"61e218057fc5fac8996cace15414b72a": ["1", "com.google.android.divideandconquer.Preferences"]}, {"61e218057fc5fac8996cace15414b72a": ["1", "com.google.android.divideandconquer.Preferences"]}, {"61e218057fc5fac8996cace15414b72a": ["1", "com.google.android.divideandconquer.Preferences"]}, {"61e218057fc5fac8996cace15414b72a": ["1", "com.google.android.divideandconquer.Preferences"]}, {"61e218057fc5fac8996cace15414b72a": ["1", "com.google.android.divideandconquer.Preferences"]}, {"61e218057fc5fac8996cace15414b72a": ["1", "com.google.android.divideandconquer.Preferences"]}, {"8143ce5c80860573cfbb63c2f4517758": ["2", "com.google.android.divideandconquer.Preferences"]}, {"61e218057fc5fac8996cace15414b72a": ["1", "com.google.android.divideandconquer.Preferences"]}, {"61e218057fc5fac8996cace15414b72a": ["1", "com.google.android.divideandconquer.Preferences"]}, {"61e218057fc5fac8996cace15414b72a": ["1", "com.google.android.divideandconquer.Preferences"]}, {"61e218057fc5fac8996cace15414b72a": ["1", "com.google.android.divideandconquer.Preferences"]}, {"61e218057fc5fac8996cace15414b72a": ["1", "com.google.android.divideandconquer.Preferences"]}, {"8143ce5c80860573cfbb63c2f4517758": ["2", "com.google.android.divideandconquer.Preferences"]}, {"61e218057fc5fac8996cace15414b72a": ["1", "com.google.android.divideandconquer.Preferences"]}, {"61e218057fc5fac8996cace15414b72a": ["1", "com.google.android.divideandconquer.Preferences"]}, {"61e218057fc5fac8996cace15414b72a": ["1", "com.google.android.divideandconquer.Preferences"]}, {"8143ce5c80860573cfbb63c2f4517758": ["2", "com.google.android.divideandconquer.Preferences"]}, {"61e218057fc5fac8996cace15414b72a": ["1", "com.google.android.divideandconquer.Preferences"]}, {"61e218057fc5fac8996cace15414b72a": ["1", "com.google.android.divideandconquer.Preferences"]}, {"61e218057fc5fac8996cace15414b72a": ["1", "com.google.android.divideandconquer.Preferences"]}, {"61e218057fc5fac8996cace15414b72a": ["1", "com.google.android.divideandconquer.Preferences"]}, {"61e218057fc5fac8996cace15414b72a": ["1", "com.google.android.divideandconquer.Preferences"]}, {"61e218057fc5fac8996cace15414b72a": ["1", "com.google.android.divideandconquer.Preferences"]}, {"61e218057fc5fac8996cace15414b72a": ["1", "com.google.android.divideandconquer.Preferences"]}, {"61e218057fc5fac8996cace15414b72a": ["1", "com.google.android.divideandconquer.Preferences"]}, {"61e218057fc5fac8996cace15414b72a": ["1", "com.google.android.divideandconquer.Preferences"]}, {"61e218057fc5fac8996cace15414b72a": ["1", "com.google.android.divideandconquer.Preferences"]}, {"8143ce5c80860573cfbb63c2f4517758": ["2", "com.google.android.divideandconquer.Preferences"]}, {"61e218057fc5fac8996cace15414b72a": ["1", "com.google.android.divideandconquer.Preferences"]}, {"8143ce5c80860573cfbb63c2f4517758": ["2", "com.google.android.divideandconquer.Preferences"]}, {"61e218057fc5fac8996cace15414b72a": ["1", "com.google.android.divideandconquer.Preferences"]}, {"8143ce5c80860573cfbb63c2f4517758": ["2", "com.google.android.divideandconquer.Preferences"]}, {"61e218057fc5fac8996cace15414b72a": ["1", "com.google.android.divideandconquer.Preferences"]}, {"61e218057fc5fac8996cace15414b72a": ["1", "com.google.android.divideandconquer.Preferences"]}, {"61e218057fc5fac8996cace15414b72a": ["1", "com.google.android.divideandconquer.Preferences"]}, {"61e218057fc5fac8996cace15414b72a": ["1", "com.google.android.divideandconquer.Preferences"]}, {"61e218057fc5fac8996cace15414b72a": ["1", "com.google.android.divideandconquer.Preferences"]}, {"61e218057fc5fac8996cace15414b72a": ["1", "com.google.android.divideandconquer.Preferences"]}, {"61e218057fc5fac8996cace15414b72a": ["1", "com.google.android.divideandconquer.Preferences"]}, {"61e218057fc5fac8996cace15414b72a": ["1", "com.google.android.divideandconquer.Preferences"]}, {"61e218057fc5fac8996cace15414b72a": ["1", "com.google.android.divideandconquer.Preferences"]}, {"61e218057fc5fac8996cace15414b72a": ["1", "com.google.android.divideandconquer.Preferences"]}, {"8143ce5c80860573cfbb63c2f4517758": ["2", "com.google.android.divideandconquer.Preferences"]}, {"61e218057fc5fac8996cace15414b72a": ["1", "com.google.android.divideandconquer.Preferences"]}, {"61e218057fc5fac8996cace15414b72a": ["1", "com.google.android.divideandconquer.Preferences"]}, {"536a871a3d45b7b3734843a0cad3468d": ["3", "com.google.android.divideandconquer.DivideAndConquerActivity"]}, {"61e218057fc5fac8996cace15414b72a": ["1", "com.google.android.divideandconquer.Preferences"]}, {"61e218057fc5fac8996cace15414b72a": ["1", "com.google.android.divideandconquer.Preferences"]}, {"61e218057fc5fac8996cace15414b72a": ["1", "com.google.android.divideandconquer.Preferences"]}, {"61e218057fc5fac8996cace15414b72a": ["1", "com.google.android.divideandconquer.Preferences"]}, {"8143ce5c80860573cfbb63c2f4517758": ["2", "com.google.android.divideandconquer.Preferences"]}, {"61e218057fc5fac8996cace15414b72a": ["1", "com.google.android.divideandconquer.Preferences"]}, {"8143ce5c80860573cfbb63c2f4517758": ["2", "com.google.android.divideandconquer.Preferences"]}, {"61e218057fc5fac8996cace15414b72a": ["1", "com.google.android.divideandconquer.Preferences"]}, {"61e218057fc5fac8996cace15414b72a": ["1", "com.google.android.divideandconquer.Preferences"]}, {"8143ce5c80860573cfbb63c2f4517758": ["2", "com.google.android.divideandconquer.Preferences"]}, {"61e218057fc5fac8996cace15414b72a": ["1", "com.google.android.divideandconquer.Preferences"]}, {"8143ce5c80860573cfbb63c2f4517758": ["2", "com.google.android.divideandconquer.Preferences"]}, {"61e218057fc5fac8996cace15414b72a": ["1", "com.google.android.divideandconquer.Preferences"]}, {"61e218057fc5fac8996cace15414b72a": ["1", "com.google.android.divideandconquer.Preferences"]}, {"61e218057fc5fac8996cace15414b72a": ["1", "com.google.android.divideandconquer.Preferences"]}, {"61e218057fc5fac8996cace15414b72a": ["1", "com.google.android.divideandconquer.Preferences"]}, {"61e218057fc5fac8996cace15414b72a": ["1", "com.google.android.divideandconquer.Preferences"]}, {"8143ce5c80860573cfbb63c2f4517758": ["2", "com.google.android.divideandconquer.Preferences"]}, {"61e218057fc5fac8996cace15414b72a": ["1", "com.google.android.divideandconquer.Preferences"]}, {"8143ce5c80860573cfbb63c2f4517758": ["2", "com.google.android.divideandconquer.Preferences"]}, {"61e218057fc5fac8996cace15414b72a": ["1", "com.google.android.divideandconquer.Preferences"]}, {"536a871a3d45b7b3734843a0cad3468d": ["3", "com.google.android.divideandconquer.DivideAndConquerActivity"]}, {"61e218057fc5fac8996cace15414b72a": ["1", "com.google.android.divideandconquer.Preferences"]}, {"8143ce5c80860573cfbb63c2f4517758": ["2", "com.google.android.divideandconquer.Preferences"]}, {"61e218057fc5fac8996cace15414b72a": ["1", "com.google.android.divideandconquer.Preferences"]}, {"61e218057fc5fac8996cace15414b72a": ["1", "com.google.android.divideandconquer.Preferences"]}, {"61e218057fc5fac8996cace15414b72a": ["1", "com.google.android.divideandconquer.Preferences"]}, {"61e218057fc5fac8996cace15414b72a": ["1", "com.google.android.divideandconquer.Preferences"]}, {"61e218057fc5fac8996cace15414b72a": ["1", "com.google.android.divideandconquer.Preferences"]}, {"61e218057fc5fac8996cace15414b72a": ["1", "com.google.android.divideandconquer.Preferences"]}, {"8143ce5c80860573cfbb63c2f4517758": ["2", "com.google.android.divideandconquer.Preferences"]}, {"61e218057fc5fac8996cace15414b72a": ["1", "com.google.android.divideandconquer.Preferences"]}, {"8143ce5c80860573cfbb63c2f4517758": ["2", "com.google.android.divideandconquer.Preferences"]}, {"61e218057fc5fac8996cace15414b72a": ["1", "com.google.android.divideandconquer.Preferences"]}, {"8143ce5c80860573cfbb63c2f4517758": ["2", "com.google.android.divideandconquer.Preferences"]}, {"61e218057fc5fac8996cace15414b72a": ["1", "com.google.android.divideandconquer.Preferences"]}, {"61e218057fc5fac8996cace15414b72a": ["1", "com.google.android.divideandconquer.Preferences"]}, {"61e218057fc5fac8996cace15414b72a": ["1", "com.google.android.divideandconquer.Preferences"]}, {"61e218057fc5fac8996cace15414b72a": ["1", "com.google.android.divideandconquer.Preferences"]}, {"61e218057fc5fac8996cace15414b72a": ["1", "com.google.android.divideandconquer.Preferences"]}, {"61e218057fc5fac8996cace15414b72a": ["1", "com.google.android.divideandconquer.Preferences"]}, {"61e218057fc5fac8996cace15414b72a": ["1", "com.google.android.divideandconquer.Preferences"]}, {"61e218057fc5fac8996cace15414b72a": ["1", "com.google.android.divideandconquer.Preferences"]}, {"8143ce5c80860573cfbb63c2f4517758": ["2", "com.google.android.divideandconquer.Preferences"]}, {"61e218057fc5fac8996cace15414b72a": ["1", "com.google.android.divideandconquer.Preferences"]}, {"8143ce5c80860573cfbb63c2f4517758": ["2", "com.google.android.divideandconquer.Preferences"]}, {"61e218057fc5fac8996cace15414b72a": ["1", "com.google.android.divideandconquer.Preferences"]}, {"61e218057fc5fac8996cace15414b72a": ["1", "com.google.android.divideandconquer.Preferences"]}, {"8143ce5c80860573cfbb63c2f4517758": ["2", "com.google.android.divideandconquer.Preferences"]}, {"61e218057fc5fac8996cace15414b72a": ["1", "com.google.android.divideandconquer.Preferences"]}, {"61e218057fc5fac8996cace15414b72a": ["1", "com.google.android.divideandconquer.Preferences"]}, {"8143ce5c80860573cfbb63c2f4517758": ["2", "com.google.android.divideandconquer.Preferences"]}, {"61e218057fc5fac8996cace15414b72a": ["1", "com.google.android.divideandconquer.Preferences"]}, {"61e218057fc5fac8996cace15414b72a": ["1", "com.google.android.divideandconquer.Preferences"]}, {"8143ce5c80860573cfbb63c2f4517758": ["2", "com.google.android.divideandconquer.Preferences"]}, {"61e218057fc5fac8996cace15414b72a": ["1", "com.google.android.divideandconquer.Preferences"]}, {"61e218057fc5fac8996cace15414b72a": ["1", "com.google.android.divideandconquer.Preferences"]}, {"61e218057fc5fac8996cace15414b72a": ["1", "com.google.android.divideandconquer.Preferences"]}, {"61e218057fc5fac8996cace15414b72a": ["1", "com.google.android.divideandconquer.Preferences"]}]