[{"f4f917356a0af4eb7a315dcb57b36013": ["0", "hu.vsza.adsdroid.SearchPanel"]}, {"f4f917356a0af4eb7a315dcb57b36013": ["0", "hu.vsza.adsdroid.SearchPanel"]}, {"f4f917356a0af4eb7a315dcb57b36013": ["0", "hu.vsza.adsdroid.SearchPanel"]}, {"f4f917356a0af4eb7a315dcb57b36013": ["0", "hu.vsza.adsdroid.SearchPanel"]}, {"f4f917356a0af4eb7a315dcb57b36013": ["0", "hu.vsza.adsdroid.SearchPanel"]}, {"f4f917356a0af4eb7a315dcb57b36013": ["0", "hu.vsza.adsdroid.SearchPanel"]}, {"f4f917356a0af4eb7a315dcb57b36013": ["0", "hu.vsza.adsdroid.SearchPanel"]}, {"f4f917356a0af4eb7a315dcb57b36013": ["0", "hu.vsza.adsdroid.SearchPanel"]}, {"f4f917356a0af4eb7a315dcb57b36013": ["0", "hu.vsza.adsdroid.SearchPanel"]}, {"f4f917356a0af4eb7a315dcb57b36013": ["0", "hu.vsza.adsdroid.SearchPanel"]}, {"f4f917356a0af4eb7a315dcb57b36013": ["0", "hu.vsza.adsdroid.SearchPanel"]}, {"f4f917356a0af4eb7a315dcb57b36013": ["0", "hu.vsza.adsdroid.SearchPanel"]}, {"f4f917356a0af4eb7a315dcb57b36013": ["0", "hu.vsza.adsdroid.SearchPanel"]}, {"f4f917356a0af4eb7a315dcb57b36013": ["0", "hu.vsza.adsdroid.SearchPanel"]}, {"f4f917356a0af4eb7a315dcb57b36013": ["0", "hu.vsza.adsdroid.SearchPanel"]}, {"f4f917356a0af4eb7a315dcb57b36013": ["0", "hu.vsza.adsdroid.SearchPanel"]}, {"f4f917356a0af4eb7a315dcb57b36013": ["0", "hu.vsza.adsdroid.SearchPanel"]}, {"f4f917356a0af4eb7a315dcb57b36013": ["0", "hu.vsza.adsdroid.SearchPanel"]}, {"f4f917356a0af4eb7a315dcb57b36013": ["0", "hu.vsza.adsdroid.SearchPanel"]}, {"f4f917356a0af4eb7a315dcb57b36013": ["0", "hu.vsza.adsdroid.SearchPanel"]}, {"f4f917356a0af4eb7a315dcb57b36013": ["0", "hu.vsza.adsdroid.SearchPanel"]}, {"f4f917356a0af4eb7a315dcb57b36013": ["0", "hu.vsza.adsdroid.SearchPanel"]}, {"f4f917356a0af4eb7a315dcb57b36013": ["0", "hu.vsza.adsdroid.SearchPanel"]}, {"f4f917356a0af4eb7a315dcb57b36013": ["0", "hu.vsza.adsdroid.SearchPanel"]}, {"f4f917356a0af4eb7a315dcb57b36013": ["0", "hu.vsza.adsdroid.SearchPanel"]}, {"f4f917356a0af4eb7a315dcb57b36013": ["0", "hu.vsza.adsdroid.SearchPanel"]}, {"f4f917356a0af4eb7a315dcb57b36013": ["0", "hu.vsza.adsdroid.SearchPanel"]}, {"f4f917356a0af4eb7a315dcb57b36013": ["0", "hu.vsza.adsdroid.SearchPanel"]}, {"f4f917356a0af4eb7a315dcb57b36013": ["0", "hu.vsza.adsdroid.SearchPanel"]}, {"f4f917356a0af4eb7a315dcb57b36013": ["0", "hu.vsza.adsdroid.SearchPanel"]}, {"f4f917356a0af4eb7a315dcb57b36013": ["0", "hu.vsza.adsdroid.SearchPanel"]}, {"f4f917356a0af4eb7a315dcb57b36013": ["0", "hu.vsza.adsdroid.SearchPanel"]}, {"f4f917356a0af4eb7a315dcb57b36013": ["0", "hu.vsza.adsdroid.SearchPanel"]}, {"f4f917356a0af4eb7a315dcb57b36013": ["0", "hu.vsza.adsdroid.SearchPanel"]}, {"f4f917356a0af4eb7a315dcb57b36013": ["0", "hu.vsza.adsdroid.SearchPanel"]}, {"f4f917356a0af4eb7a315dcb57b36013": ["0", "hu.vsza.adsdroid.SearchPanel"]}, {"f4f917356a0af4eb7a315dcb57b36013": ["0", "hu.vsza.adsdroid.SearchPanel"]}, {"f4f917356a0af4eb7a315dcb57b36013": ["0", "hu.vsza.adsdroid.SearchPanel"]}, {"f4f917356a0af4eb7a315dcb57b36013": ["0", "hu.vsza.adsdroid.SearchPanel"]}, {"f4f917356a0af4eb7a315dcb57b36013": ["0", "hu.vsza.adsdroid.SearchPanel"]}, {"f4f917356a0af4eb7a315dcb57b36013": ["0", "hu.vsza.adsdroid.SearchPanel"]}, {"f4f917356a0af4eb7a315dcb57b36013": ["0", "hu.vsza.adsdroid.SearchPanel"]}, {"f4f917356a0af4eb7a315dcb57b36013": ["0", "hu.vsza.adsdroid.SearchPanel"]}, {"f4f917356a0af4eb7a315dcb57b36013": ["0", "hu.vsza.adsdroid.SearchPanel"]}, {"f4f917356a0af4eb7a315dcb57b36013": ["0", "hu.vsza.adsdroid.SearchPanel"]}, {"f4f917356a0af4eb7a315dcb57b36013": ["0", "hu.vsza.adsdroid.SearchPanel"]}, {"f4f917356a0af4eb7a315dcb57b36013": ["0", "hu.vsza.adsdroid.SearchPanel"]}, {"f4f917356a0af4eb7a315dcb57b36013": ["0", "hu.vsza.adsdroid.SearchPanel"]}, {"f4f917356a0af4eb7a315dcb57b36013": ["0", "hu.vsza.adsdroid.SearchPanel"]}, {"f4f917356a0af4eb7a315dcb57b36013": ["0", "hu.vsza.adsdroid.SearchPanel"]}, {"f4f917356a0af4eb7a315dcb57b36013": ["0", "hu.vsza.adsdroid.SearchPanel"]}, {"f4f917356a0af4eb7a315dcb57b36013": ["0", "hu.vsza.adsdroid.SearchPanel"]}, {"f4f917356a0af4eb7a315dcb57b36013": ["0", "hu.vsza.adsdroid.SearchPanel"]}, {"f4f917356a0af4eb7a315dcb57b36013": ["0", "hu.vsza.adsdroid.SearchPanel"]}, {"f4f917356a0af4eb7a315dcb57b36013": ["0", "hu.vsza.adsdroid.SearchPanel"]}, {"f4f917356a0af4eb7a315dcb57b36013": ["0", "hu.vsza.adsdroid.SearchPanel"]}, {"f4f917356a0af4eb7a315dcb57b36013": ["0", "hu.vsza.adsdroid.SearchPanel"]}, {"f4f917356a0af4eb7a315dcb57b36013": ["0", "hu.vsza.adsdroid.SearchPanel"]}, {"f4f917356a0af4eb7a315dcb57b36013": ["0", "hu.vsza.adsdroid.SearchPanel"]}, {"f4f917356a0af4eb7a315dcb57b36013": ["0", "hu.vsza.adsdroid.SearchPanel"]}, {"f4f917356a0af4eb7a315dcb57b36013": ["0", "hu.vsza.adsdroid.SearchPanel"]}, {"f4f917356a0af4eb7a315dcb57b36013": ["0", "hu.vsza.adsdroid.SearchPanel"]}, {"f4f917356a0af4eb7a315dcb57b36013": ["0", "hu.vsza.adsdroid.SearchPanel"]}, {"f4f917356a0af4eb7a315dcb57b36013": ["0", "hu.vsza.adsdroid.SearchPanel"]}, {"f4f917356a0af4eb7a315dcb57b36013": ["0", "hu.vsza.adsdroid.SearchPanel"]}, {"f4f917356a0af4eb7a315dcb57b36013": ["0", "hu.vsza.adsdroid.SearchPanel"]}, {"f4f917356a0af4eb7a315dcb57b36013": ["0", "hu.vsza.adsdroid.SearchPanel"]}, {"f4f917356a0af4eb7a315dcb57b36013": ["0", "hu.vsza.adsdroid.SearchPanel"]}, {"f4f917356a0af4eb7a315dcb57b36013": ["0", "hu.vsza.adsdroid.SearchPanel"]}, {"f4f917356a0af4eb7a315dcb57b36013": ["0", "hu.vsza.adsdroid.SearchPanel"]}, {"f4f917356a0af4eb7a315dcb57b36013": ["0", "hu.vsza.adsdroid.SearchPanel"]}, {"f4f917356a0af4eb7a315dcb57b36013": ["0", "hu.vsza.adsdroid.SearchPanel"]}, {"f4f917356a0af4eb7a315dcb57b36013": ["0", "hu.vsza.adsdroid.SearchPanel"]}, {"f4f917356a0af4eb7a315dcb57b36013": ["0", "hu.vsza.adsdroid.SearchPanel"]}, {"f4f917356a0af4eb7a315dcb57b36013": ["0", "hu.vsza.adsdroid.SearchPanel"]}, {"f4f917356a0af4eb7a315dcb57b36013": ["0", "hu.vsza.adsdroid.SearchPanel"]}, {"f4f917356a0af4eb7a315dcb57b36013": ["0", "hu.vsza.adsdroid.SearchPanel"]}, {"f4f917356a0af4eb7a315dcb57b36013": ["0", "hu.vsza.adsdroid.SearchPanel"]}, {"f4f917356a0af4eb7a315dcb57b36013": ["0", "hu.vsza.adsdroid.SearchPanel"]}, {"f4f917356a0af4eb7a315dcb57b36013": ["0", "hu.vsza.adsdroid.SearchPanel"]}, {"f4f917356a0af4eb7a315dcb57b36013": ["0", "hu.vsza.adsdroid.SearchPanel"]}, {"f4f917356a0af4eb7a315dcb57b36013": ["0", "hu.vsza.adsdroid.SearchPanel"]}, {"f4f917356a0af4eb7a315dcb57b36013": ["0", "hu.vsza.adsdroid.SearchPanel"]}, {"f4f917356a0af4eb7a315dcb57b36013": ["0", "hu.vsza.adsdroid.SearchPanel"]}, {"f4f917356a0af4eb7a315dcb57b36013": ["0", "hu.vsza.adsdroid.SearchPanel"]}, {"f4f917356a0af4eb7a315dcb57b36013": ["0", "hu.vsza.adsdroid.SearchPanel"]}, {"f4f917356a0af4eb7a315dcb57b36013": ["0", "hu.vsza.adsdroid.SearchPanel"]}, {"f4f917356a0af4eb7a315dcb57b36013": ["0", "hu.vsza.adsdroid.SearchPanel"]}, {"f4f917356a0af4eb7a315dcb57b36013": ["0", "hu.vsza.adsdroid.SearchPanel"]}, {"f4f917356a0af4eb7a315dcb57b36013": ["0", "hu.vsza.adsdroid.SearchPanel"]}, {"f4f917356a0af4eb7a315dcb57b36013": ["0", "hu.vsza.adsdroid.SearchPanel"]}, {"f4f917356a0af4eb7a315dcb57b36013": ["0", "hu.vsza.adsdroid.SearchPanel"]}, {"f4f917356a0af4eb7a315dcb57b36013": ["0", "hu.vsza.adsdroid.SearchPanel"]}, {"f4f917356a0af4eb7a315dcb57b36013": ["0", "hu.vsza.adsdroid.SearchPanel"]}, {"f4f917356a0af4eb7a315dcb57b36013": ["0", "hu.vsza.adsdroid.SearchPanel"]}, {"f4f917356a0af4eb7a315dcb57b36013": ["0", "hu.vsza.adsdroid.SearchPanel"]}, {"f4f917356a0af4eb7a315dcb57b36013": ["0", "hu.vsza.adsdroid.SearchPanel"]}, {"f4f917356a0af4eb7a315dcb57b36013": ["0", "hu.vsza.adsdroid.SearchPanel"]}, {"f4f917356a0af4eb7a315dcb57b36013": ["0", "hu.vsza.adsdroid.SearchPanel"]}, {"f4f917356a0af4eb7a315dcb57b36013": ["0", "hu.vsza.adsdroid.SearchPanel"]}, {"f4f917356a0af4eb7a315dcb57b36013": ["0", "hu.vsza.adsdroid.SearchPanel"]}, {"f4f917356a0af4eb7a315dcb57b36013": ["0", "hu.vsza.adsdroid.SearchPanel"]}, {"f4f917356a0af4eb7a315dcb57b36013": ["0", "hu.vsza.adsdroid.SearchPanel"]}, {"f4f917356a0af4eb7a315dcb57b36013": ["0", "hu.vsza.adsdroid.SearchPanel"]}, {"f4f917356a0af4eb7a315dcb57b36013": ["0", "hu.vsza.adsdroid.SearchPanel"]}, {"f4f917356a0af4eb7a315dcb57b36013": ["0", "hu.vsza.adsdroid.SearchPanel"]}, {"f4f917356a0af4eb7a315dcb57b36013": ["0", "hu.vsza.adsdroid.SearchPanel"]}, {"f4f917356a0af4eb7a315dcb57b36013": ["0", "hu.vsza.adsdroid.SearchPanel"]}, {"f4f917356a0af4eb7a315dcb57b36013": ["0", "hu.vsza.adsdroid.SearchPanel"]}, {"f4f917356a0af4eb7a315dcb57b36013": ["0", "hu.vsza.adsdroid.SearchPanel"]}, {"f4f917356a0af4eb7a315dcb57b36013": ["0", "hu.vsza.adsdroid.SearchPanel"]}, {"f4f917356a0af4eb7a315dcb57b36013": ["0", "hu.vsza.adsdroid.SearchPanel"]}, {"f4f917356a0af4eb7a315dcb57b36013": ["0", "hu.vsza.adsdroid.SearchPanel"]}, {"f4f917356a0af4eb7a315dcb57b36013": ["0", "hu.vsza.adsdroid.SearchPanel"]}, {"f4f917356a0af4eb7a315dcb57b36013": ["0", "hu.vsza.adsdroid.SearchPanel"]}, {"f4f917356a0af4eb7a315dcb57b36013": ["0", "hu.vsza.adsdroid.SearchPanel"]}, {"f4f917356a0af4eb7a315dcb57b36013": ["0", "hu.vsza.adsdroid.SearchPanel"]}, {"f4f917356a0af4eb7a315dcb57b36013": ["0", "hu.vsza.adsdroid.SearchPanel"]}, {"f4f917356a0af4eb7a315dcb57b36013": ["0", "hu.vsza.adsdroid.SearchPanel"]}, {"f4f917356a0af4eb7a315dcb57b36013": ["0", "hu.vsza.adsdroid.SearchPanel"]}, {"f4f917356a0af4eb7a315dcb57b36013": ["0", "hu.vsza.adsdroid.SearchPanel"]}, {"f4f917356a0af4eb7a315dcb57b36013": ["0", "hu.vsza.adsdroid.SearchPanel"]}, {"f4f917356a0af4eb7a315dcb57b36013": ["0", "hu.vsza.adsdroid.SearchPanel"]}, {"f4f917356a0af4eb7a315dcb57b36013": ["0", "hu.vsza.adsdroid.SearchPanel"]}, {"f4f917356a0af4eb7a315dcb57b36013": ["0", "hu.vsza.adsdroid.SearchPanel"]}, {"f4f917356a0af4eb7a315dcb57b36013": ["0", "hu.vsza.adsdroid.SearchPanel"]}, {"f4f917356a0af4eb7a315dcb57b36013": ["0", "hu.vsza.adsdroid.SearchPanel"]}, {"f4f917356a0af4eb7a315dcb57b36013": ["0", "hu.vsza.adsdroid.SearchPanel"]}, {"f4f917356a0af4eb7a315dcb57b36013": ["0", "hu.vsza.adsdroid.SearchPanel"]}, {"f4f917356a0af4eb7a315dcb57b36013": ["0", "hu.vsza.adsdroid.SearchPanel"]}, {"f4f917356a0af4eb7a315dcb57b36013": ["0", "hu.vsza.adsdroid.SearchPanel"]}, {"f4f917356a0af4eb7a315dcb57b36013": ["0", "hu.vsza.adsdroid.SearchPanel"]}, {"f4f917356a0af4eb7a315dcb57b36013": ["0", "hu.vsza.adsdroid.SearchPanel"]}, {"f4f917356a0af4eb7a315dcb57b36013": ["0", "hu.vsza.adsdroid.SearchPanel"]}, {"f4f917356a0af4eb7a315dcb57b36013": ["0", "hu.vsza.adsdroid.SearchPanel"]}, {"f4f917356a0af4eb7a315dcb57b36013": ["0", "hu.vsza.adsdroid.SearchPanel"]}, {"f4f917356a0af4eb7a315dcb57b36013": ["0", "hu.vsza.adsdroid.SearchPanel"]}, {"f4f917356a0af4eb7a315dcb57b36013": ["0", "hu.vsza.adsdroid.SearchPanel"]}, {"f4f917356a0af4eb7a315dcb57b36013": ["0", "hu.vsza.adsdroid.SearchPanel"]}, {"f4f917356a0af4eb7a315dcb57b36013": ["0", "hu.vsza.adsdroid.SearchPanel"]}, {"f4f917356a0af4eb7a315dcb57b36013": ["0", "hu.vsza.adsdroid.SearchPanel"]}, {"f4f917356a0af4eb7a315dcb57b36013": ["0", "hu.vsza.adsdroid.SearchPanel"]}, {"f4f917356a0af4eb7a315dcb57b36013": ["0", "hu.vsza.adsdroid.SearchPanel"]}, {"f4f917356a0af4eb7a315dcb57b36013": ["0", "hu.vsza.adsdroid.SearchPanel"]}, {"f4f917356a0af4eb7a315dcb57b36013": ["0", "hu.vsza.adsdroid.SearchPanel"]}, {"f4f917356a0af4eb7a315dcb57b36013": ["0", "hu.vsza.adsdroid.SearchPanel"]}, {"f4f917356a0af4eb7a315dcb57b36013": ["0", "hu.vsza.adsdroid.SearchPanel"]}, {"f4f917356a0af4eb7a315dcb57b36013": ["0", "hu.vsza.adsdroid.SearchPanel"]}, {"f4f917356a0af4eb7a315dcb57b36013": ["0", "hu.vsza.adsdroid.SearchPanel"]}, {"f4f917356a0af4eb7a315dcb57b36013": ["0", "hu.vsza.adsdroid.SearchPanel"]}, {"f4f917356a0af4eb7a315dcb57b36013": ["0", "hu.vsza.adsdroid.SearchPanel"]}, {"f4f917356a0af4eb7a315dcb57b36013": ["0", "hu.vsza.adsdroid.SearchPanel"]}, {"f4f917356a0af4eb7a315dcb57b36013": ["0", "hu.vsza.adsdroid.SearchPanel"]}, {"f4f917356a0af4eb7a315dcb57b36013": ["0", "hu.vsza.adsdroid.SearchPanel"]}, {"f4f917356a0af4eb7a315dcb57b36013": ["0", "hu.vsza.adsdroid.SearchPanel"]}, {"f4f917356a0af4eb7a315dcb57b36013": ["0", "hu.vsza.adsdroid.SearchPanel"]}, {"f4f917356a0af4eb7a315dcb57b36013": ["0", "hu.vsza.adsdroid.SearchPanel"]}, {"f4f917356a0af4eb7a315dcb57b36013": ["0", "hu.vsza.adsdroid.SearchPanel"]}, {"f4f917356a0af4eb7a315dcb57b36013": ["0", "hu.vsza.adsdroid.SearchPanel"]}, {"f4f917356a0af4eb7a315dcb57b36013": ["0", "hu.vsza.adsdroid.SearchPanel"]}, {"f4f917356a0af4eb7a315dcb57b36013": ["0", "hu.vsza.adsdroid.SearchPanel"]}, {"f4f917356a0af4eb7a315dcb57b36013": ["0", "hu.vsza.adsdroid.SearchPanel"]}, {"f4f917356a0af4eb7a315dcb57b36013": ["0", "hu.vsza.adsdroid.SearchPanel"]}, {"f4f917356a0af4eb7a315dcb57b36013": ["0", "hu.vsza.adsdroid.SearchPanel"]}, {"f4f917356a0af4eb7a315dcb57b36013": ["0", "hu.vsza.adsdroid.SearchPanel"]}, {"f4f917356a0af4eb7a315dcb57b36013": ["0", "hu.vsza.adsdroid.SearchPanel"]}, {"f4f917356a0af4eb7a315dcb57b36013": ["0", "hu.vsza.adsdroid.SearchPanel"]}, {"f4f917356a0af4eb7a315dcb57b36013": ["0", "hu.vsza.adsdroid.SearchPanel"]}, {"f4f917356a0af4eb7a315dcb57b36013": ["0", "hu.vsza.adsdroid.SearchPanel"]}, {"f4f917356a0af4eb7a315dcb57b36013": ["0", "hu.vsza.adsdroid.SearchPanel"]}, {"f4f917356a0af4eb7a315dcb57b36013": ["0", "hu.vsza.adsdroid.SearchPanel"]}, {"f4f917356a0af4eb7a315dcb57b36013": ["0", "hu.vsza.adsdroid.SearchPanel"]}, {"f4f917356a0af4eb7a315dcb57b36013": ["0", "hu.vsza.adsdroid.SearchPanel"]}, {"f4f917356a0af4eb7a315dcb57b36013": ["0", "hu.vsza.adsdroid.SearchPanel"]}, {"f4f917356a0af4eb7a315dcb57b36013": ["0", "hu.vsza.adsdroid.SearchPanel"]}, {"f4f917356a0af4eb7a315dcb57b36013": ["0", "hu.vsza.adsdroid.SearchPanel"]}, {"f4f917356a0af4eb7a315dcb57b36013": ["0", "hu.vsza.adsdroid.SearchPanel"]}, {"f4f917356a0af4eb7a315dcb57b36013": ["0", "hu.vsza.adsdroid.SearchPanel"]}, {"f4f917356a0af4eb7a315dcb57b36013": ["0", "hu.vsza.adsdroid.SearchPanel"]}, {"f4f917356a0af4eb7a315dcb57b36013": ["0", "hu.vsza.adsdroid.SearchPanel"]}, {"f4f917356a0af4eb7a315dcb57b36013": ["0", "hu.vsza.adsdroid.SearchPanel"]}, {"f4f917356a0af4eb7a315dcb57b36013": ["0", "hu.vsza.adsdroid.SearchPanel"]}, {"f4f917356a0af4eb7a315dcb57b36013": ["0", "hu.vsza.adsdroid.SearchPanel"]}, {"f4f917356a0af4eb7a315dcb57b36013": ["0", "hu.vsza.adsdroid.SearchPanel"]}, {"f4f917356a0af4eb7a315dcb57b36013": ["0", "hu.vsza.adsdroid.SearchPanel"]}, {"f4f917356a0af4eb7a315dcb57b36013": ["0", "hu.vsza.adsdroid.SearchPanel"]}, {"f4f917356a0af4eb7a315dcb57b36013": ["0", "hu.vsza.adsdroid.SearchPanel"]}, {"f4f917356a0af4eb7a315dcb57b36013": ["0", "hu.vsza.adsdroid.SearchPanel"]}, {"f4f917356a0af4eb7a315dcb57b36013": ["0", "hu.vsza.adsdroid.SearchPanel"]}, {"f4f917356a0af4eb7a315dcb57b36013": ["0", "hu.vsza.adsdroid.SearchPanel"]}, {"f4f917356a0af4eb7a315dcb57b36013": ["0", "hu.vsza.adsdroid.SearchPanel"]}, {"f4f917356a0af4eb7a315dcb57b36013": ["0", "hu.vsza.adsdroid.SearchPanel"]}, {"f4f917356a0af4eb7a315dcb57b36013": ["0", "hu.vsza.adsdroid.SearchPanel"]}, {"f4f917356a0af4eb7a315dcb57b36013": ["0", "hu.vsza.adsdroid.SearchPanel"]}, {"f4f917356a0af4eb7a315dcb57b36013": ["0", "hu.vsza.adsdroid.SearchPanel"]}, {"f4f917356a0af4eb7a315dcb57b36013": ["0", "hu.vsza.adsdroid.SearchPanel"]}, {"f4f917356a0af4eb7a315dcb57b36013": ["0", "hu.vsza.adsdroid.SearchPanel"]}, {"f4f917356a0af4eb7a315dcb57b36013": ["0", "hu.vsza.adsdroid.SearchPanel"]}, {"f4f917356a0af4eb7a315dcb57b36013": ["0", "hu.vsza.adsdroid.SearchPanel"]}, {"f4f917356a0af4eb7a315dcb57b36013": ["0", "hu.vsza.adsdroid.SearchPanel"]}, {"f4f917356a0af4eb7a315dcb57b36013": ["0", "hu.vsza.adsdroid.SearchPanel"]}, {"f4f917356a0af4eb7a315dcb57b36013": ["0", "hu.vsza.adsdroid.SearchPanel"]}, {"f4f917356a0af4eb7a315dcb57b36013": ["0", "hu.vsza.adsdroid.SearchPanel"]}, {"f4f917356a0af4eb7a315dcb57b36013": ["0", "hu.vsza.adsdroid.SearchPanel"]}, {"f4f917356a0af4eb7a315dcb57b36013": ["0", "hu.vsza.adsdroid.SearchPanel"]}, {"f4f917356a0af4eb7a315dcb57b36013": ["0", "hu.vsza.adsdroid.SearchPanel"]}, {"f4f917356a0af4eb7a315dcb57b36013": ["0", "hu.vsza.adsdroid.SearchPanel"]}, {"f4f917356a0af4eb7a315dcb57b36013": ["0", "hu.vsza.adsdroid.SearchPanel"]}, {"f4f917356a0af4eb7a315dcb57b36013": ["0", "hu.vsza.adsdroid.SearchPanel"]}, {"f4f917356a0af4eb7a315dcb57b36013": ["0", "hu.vsza.adsdroid.SearchPanel"]}, {"f4f917356a0af4eb7a315dcb57b36013": ["0", "hu.vsza.adsdroid.SearchPanel"]}, {"f4f917356a0af4eb7a315dcb57b36013": ["0", "hu.vsza.adsdroid.SearchPanel"]}, {"f4f917356a0af4eb7a315dcb57b36013": ["0", "hu.vsza.adsdroid.SearchPanel"]}, {"f4f917356a0af4eb7a315dcb57b36013": ["0", "hu.vsza.adsdroid.SearchPanel"]}, {"f4f917356a0af4eb7a315dcb57b36013": ["0", "hu.vsza.adsdroid.SearchPanel"]}, {"f4f917356a0af4eb7a315dcb57b36013": ["0", "hu.vsza.adsdroid.SearchPanel"]}, {"f4f917356a0af4eb7a315dcb57b36013": ["0", "hu.vsza.adsdroid.SearchPanel"]}, {"f4f917356a0af4eb7a315dcb57b36013": ["0", "hu.vsza.adsdroid.SearchPanel"]}, {"f4f917356a0af4eb7a315dcb57b36013": ["0", "hu.vsza.adsdroid.SearchPanel"]}, {"f4f917356a0af4eb7a315dcb57b36013": ["0", "hu.vsza.adsdroid.SearchPanel"]}, {"f4f917356a0af4eb7a315dcb57b36013": ["0", "hu.vsza.adsdroid.SearchPanel"]}, {"f4f917356a0af4eb7a315dcb57b36013": ["0", "hu.vsza.adsdroid.SearchPanel"]}, {"f4f917356a0af4eb7a315dcb57b36013": ["0", "hu.vsza.adsdroid.SearchPanel"]}, {"f4f917356a0af4eb7a315dcb57b36013": ["0", "hu.vsza.adsdroid.SearchPanel"]}, {"f4f917356a0af4eb7a315dcb57b36013": ["0", "hu.vsza.adsdroid.SearchPanel"]}, {"f4f917356a0af4eb7a315dcb57b36013": ["0", "hu.vsza.adsdroid.SearchPanel"]}, {"f4f917356a0af4eb7a315dcb57b36013": ["0", "hu.vsza.adsdroid.SearchPanel"]}, {"f4f917356a0af4eb7a315dcb57b36013": ["0", "hu.vsza.adsdroid.SearchPanel"]}, {"f4f917356a0af4eb7a315dcb57b36013": ["0", "hu.vsza.adsdroid.SearchPanel"]}, {"f4f917356a0af4eb7a315dcb57b36013": ["0", "hu.vsza.adsdroid.SearchPanel"]}, {"f4f917356a0af4eb7a315dcb57b36013": ["0", "hu.vsza.adsdroid.SearchPanel"]}, {"f4f917356a0af4eb7a315dcb57b36013": ["0", "hu.vsza.adsdroid.SearchPanel"]}, {"f4f917356a0af4eb7a315dcb57b36013": ["0", "hu.vsza.adsdroid.SearchPanel"]}, {"f4f917356a0af4eb7a315dcb57b36013": ["0", "hu.vsza.adsdroid.SearchPanel"]}, {"f4f917356a0af4eb7a315dcb57b36013": ["0", "hu.vsza.adsdroid.SearchPanel"]}, {"f4f917356a0af4eb7a315dcb57b36013": ["0", "hu.vsza.adsdroid.SearchPanel"]}, {"f4f917356a0af4eb7a315dcb57b36013": ["0", "hu.vsza.adsdroid.SearchPanel"]}, {"f4f917356a0af4eb7a315dcb57b36013": ["0", "hu.vsza.adsdroid.SearchPanel"]}, {"f4f917356a0af4eb7a315dcb57b36013": ["0", "hu.vsza.adsdroid.SearchPanel"]}, {"f4f917356a0af4eb7a315dcb57b36013": ["0", "hu.vsza.adsdroid.SearchPanel"]}, {"f4f917356a0af4eb7a315dcb57b36013": ["0", "hu.vsza.adsdroid.SearchPanel"]}, {"f4f917356a0af4eb7a315dcb57b36013": ["0", "hu.vsza.adsdroid.SearchPanel"]}, {"f4f917356a0af4eb7a315dcb57b36013": ["0", "hu.vsza.adsdroid.SearchPanel"]}, {"f4f917356a0af4eb7a315dcb57b36013": ["0", "hu.vsza.adsdroid.SearchPanel"]}, {"f4f917356a0af4eb7a315dcb57b36013": ["0", "hu.vsza.adsdroid.SearchPanel"]}, {"f4f917356a0af4eb7a315dcb57b36013": ["0", "hu.vsza.adsdroid.SearchPanel"]}, {"f4f917356a0af4eb7a315dcb57b36013": ["0", "hu.vsza.adsdroid.SearchPanel"]}, {"f4f917356a0af4eb7a315dcb57b36013": ["0", "hu.vsza.adsdroid.SearchPanel"]}, {"f4f917356a0af4eb7a315dcb57b36013": ["0", "hu.vsza.adsdroid.SearchPanel"]}, {"f4f917356a0af4eb7a315dcb57b36013": ["0", "hu.vsza.adsdroid.SearchPanel"]}, {"f4f917356a0af4eb7a315dcb57b36013": ["0", "hu.vsza.adsdroid.SearchPanel"]}, {"f4f917356a0af4eb7a315dcb57b36013": ["0", "hu.vsza.adsdroid.SearchPanel"]}, {"f4f917356a0af4eb7a315dcb57b36013": ["0", "hu.vsza.adsdroid.SearchPanel"]}, {"f4f917356a0af4eb7a315dcb57b36013": ["0", "hu.vsza.adsdroid.SearchPanel"]}, {"f4f917356a0af4eb7a315dcb57b36013": ["0", "hu.vsza.adsdroid.SearchPanel"]}, {"f4f917356a0af4eb7a315dcb57b36013": ["0", "hu.vsza.adsdroid.SearchPanel"]}, {"f4f917356a0af4eb7a315dcb57b36013": ["0", "hu.vsza.adsdroid.SearchPanel"]}, {"f4f917356a0af4eb7a315dcb57b36013": ["0", "hu.vsza.adsdroid.SearchPanel"]}, {"f4f917356a0af4eb7a315dcb57b36013": ["0", "hu.vsza.adsdroid.SearchPanel"]}, {"f4f917356a0af4eb7a315dcb57b36013": ["0", "hu.vsza.adsdroid.SearchPanel"]}, {"f4f917356a0af4eb7a315dcb57b36013": ["0", "hu.vsza.adsdroid.SearchPanel"]}, {"f4f917356a0af4eb7a315dcb57b36013": ["0", "hu.vsza.adsdroid.SearchPanel"]}, {"f4f917356a0af4eb7a315dcb57b36013": ["0", "hu.vsza.adsdroid.SearchPanel"]}, {"f4f917356a0af4eb7a315dcb57b36013": ["0", "hu.vsza.adsdroid.SearchPanel"]}, {"f4f917356a0af4eb7a315dcb57b36013": ["0", "hu.vsza.adsdroid.SearchPanel"]}, {"f4f917356a0af4eb7a315dcb57b36013": ["0", "hu.vsza.adsdroid.SearchPanel"]}, {"f4f917356a0af4eb7a315dcb57b36013": ["0", "hu.vsza.adsdroid.SearchPanel"]}, {"f4f917356a0af4eb7a315dcb57b36013": ["0", "hu.vsza.adsdroid.SearchPanel"]}, {"f4f917356a0af4eb7a315dcb57b36013": ["0", "hu.vsza.adsdroid.SearchPanel"]}, {"f4f917356a0af4eb7a315dcb57b36013": ["0", "hu.vsza.adsdroid.SearchPanel"]}, {"f4f917356a0af4eb7a315dcb57b36013": ["0", "hu.vsza.adsdroid.SearchPanel"]}, {"f4f917356a0af4eb7a315dcb57b36013": ["0", "hu.vsza.adsdroid.SearchPanel"]}, {"f4f917356a0af4eb7a315dcb57b36013": ["0", "hu.vsza.adsdroid.SearchPanel"]}, {"f4f917356a0af4eb7a315dcb57b36013": ["0", "hu.vsza.adsdroid.SearchPanel"]}, {"f4f917356a0af4eb7a315dcb57b36013": ["0", "hu.vsza.adsdroid.SearchPanel"]}, {"f4f917356a0af4eb7a315dcb57b36013": ["0", "hu.vsza.adsdroid.SearchPanel"]}, {"f4f917356a0af4eb7a315dcb57b36013": ["0", "hu.vsza.adsdroid.SearchPanel"]}, {"f4f917356a0af4eb7a315dcb57b36013": ["0", "hu.vsza.adsdroid.SearchPanel"]}, {"f4f917356a0af4eb7a315dcb57b36013": ["0", "hu.vsza.adsdroid.SearchPanel"]}, {"f4f917356a0af4eb7a315dcb57b36013": ["0", "hu.vsza.adsdroid.SearchPanel"]}, {"f4f917356a0af4eb7a315dcb57b36013": ["0", "hu.vsza.adsdroid.SearchPanel"]}, {"f4f917356a0af4eb7a315dcb57b36013": ["0", "hu.vsza.adsdroid.SearchPanel"]}, {"f4f917356a0af4eb7a315dcb57b36013": ["0", "hu.vsza.adsdroid.SearchPanel"]}, {"f4f917356a0af4eb7a315dcb57b36013": ["0", "hu.vsza.adsdroid.SearchPanel"]}, {"f4f917356a0af4eb7a315dcb57b36013": ["0", "hu.vsza.adsdroid.SearchPanel"]}, {"f4f917356a0af4eb7a315dcb57b36013": ["0", "hu.vsza.adsdroid.SearchPanel"]}, {"f4f917356a0af4eb7a315dcb57b36013": ["0", "hu.vsza.adsdroid.SearchPanel"]}, {"f4f917356a0af4eb7a315dcb57b36013": ["0", "hu.vsza.adsdroid.SearchPanel"]}, {"f4f917356a0af4eb7a315dcb57b36013": ["0", "hu.vsza.adsdroid.SearchPanel"]}, {"f4f917356a0af4eb7a315dcb57b36013": ["0", "hu.vsza.adsdroid.SearchPanel"]}, {"f4f917356a0af4eb7a315dcb57b36013": ["0", "hu.vsza.adsdroid.SearchPanel"]}, {"f4f917356a0af4eb7a315dcb57b36013": ["0", "hu.vsza.adsdroid.SearchPanel"]}, {"f4f917356a0af4eb7a315dcb57b36013": ["0", "hu.vsza.adsdroid.SearchPanel"]}, {"f4f917356a0af4eb7a315dcb57b36013": ["0", "hu.vsza.adsdroid.SearchPanel"]}, {"f4f917356a0af4eb7a315dcb57b36013": ["0", "hu.vsza.adsdroid.SearchPanel"]}, {"f4f917356a0af4eb7a315dcb57b36013": ["0", "hu.vsza.adsdroid.SearchPanel"]}, {"f4f917356a0af4eb7a315dcb57b36013": ["0", "hu.vsza.adsdroid.SearchPanel"]}, {"f4f917356a0af4eb7a315dcb57b36013": ["0", "hu.vsza.adsdroid.SearchPanel"]}, {"f4f917356a0af4eb7a315dcb57b36013": ["0", "hu.vsza.adsdroid.SearchPanel"]}, {"f4f917356a0af4eb7a315dcb57b36013": ["0", "hu.vsza.adsdroid.SearchPanel"]}, {"f4f917356a0af4eb7a315dcb57b36013": ["0", "hu.vsza.adsdroid.SearchPanel"]}, {"f4f917356a0af4eb7a315dcb57b36013": ["0", "hu.vsza.adsdroid.SearchPanel"]}, {"f4f917356a0af4eb7a315dcb57b36013": ["0", "hu.vsza.adsdroid.SearchPanel"]}, {"f4f917356a0af4eb7a315dcb57b36013": ["0", "hu.vsza.adsdroid.SearchPanel"]}, {"f4f917356a0af4eb7a315dcb57b36013": ["0", "hu.vsza.adsdroid.SearchPanel"]}, {"f4f917356a0af4eb7a315dcb57b36013": ["0", "hu.vsza.adsdroid.SearchPanel"]}, {"f4f917356a0af4eb7a315dcb57b36013": ["0", "hu.vsza.adsdroid.SearchPanel"]}, {"f4f917356a0af4eb7a315dcb57b36013": ["0", "hu.vsza.adsdroid.SearchPanel"]}, {"f4f917356a0af4eb7a315dcb57b36013": ["0", "hu.vsza.adsdroid.SearchPanel"]}, {"f4f917356a0af4eb7a315dcb57b36013": ["0", "hu.vsza.adsdroid.SearchPanel"]}, {"f4f917356a0af4eb7a315dcb57b36013": ["0", "hu.vsza.adsdroid.SearchPanel"]}, {"f4f917356a0af4eb7a315dcb57b36013": ["0", "hu.vsza.adsdroid.SearchPanel"]}, {"f4f917356a0af4eb7a315dcb57b36013": ["0", "hu.vsza.adsdroid.SearchPanel"]}, {"f4f917356a0af4eb7a315dcb57b36013": ["0", "hu.vsza.adsdroid.SearchPanel"]}, {"f4f917356a0af4eb7a315dcb57b36013": ["0", "hu.vsza.adsdroid.SearchPanel"]}, {"f4f917356a0af4eb7a315dcb57b36013": ["0", "hu.vsza.adsdroid.SearchPanel"]}, {"f4f917356a0af4eb7a315dcb57b36013": ["0", "hu.vsza.adsdroid.SearchPanel"]}, {"f4f917356a0af4eb7a315dcb57b36013": ["0", "hu.vsza.adsdroid.SearchPanel"]}, {"f4f917356a0af4eb7a315dcb57b36013": ["0", "hu.vsza.adsdroid.SearchPanel"]}, {"f4f917356a0af4eb7a315dcb57b36013": ["0", "hu.vsza.adsdroid.SearchPanel"]}, {"f4f917356a0af4eb7a315dcb57b36013": ["0", "hu.vsza.adsdroid.SearchPanel"]}, {"f4f917356a0af4eb7a315dcb57b36013": ["0", "hu.vsza.adsdroid.SearchPanel"]}, {"f4f917356a0af4eb7a315dcb57b36013": ["0", "hu.vsza.adsdroid.SearchPanel"]}, {"f4f917356a0af4eb7a315dcb57b36013": ["0", "hu.vsza.adsdroid.SearchPanel"]}, {"f4f917356a0af4eb7a315dcb57b36013": ["0", "hu.vsza.adsdroid.SearchPanel"]}, {"f4f917356a0af4eb7a315dcb57b36013": ["0", "hu.vsza.adsdroid.SearchPanel"]}, {"f4f917356a0af4eb7a315dcb57b36013": ["0", "hu.vsza.adsdroid.SearchPanel"]}, {"f4f917356a0af4eb7a315dcb57b36013": ["0", "hu.vsza.adsdroid.SearchPanel"]}, {"f4f917356a0af4eb7a315dcb57b36013": ["0", "hu.vsza.adsdroid.SearchPanel"]}, {"f4f917356a0af4eb7a315dcb57b36013": ["0", "hu.vsza.adsdroid.SearchPanel"]}, {"f4f917356a0af4eb7a315dcb57b36013": ["0", "hu.vsza.adsdroid.SearchPanel"]}, {"f4f917356a0af4eb7a315dcb57b36013": ["0", "hu.vsza.adsdroid.SearchPanel"]}, {"f4f917356a0af4eb7a315dcb57b36013": ["0", "hu.vsza.adsdroid.SearchPanel"]}, {"f4f917356a0af4eb7a315dcb57b36013": ["0", "hu.vsza.adsdroid.SearchPanel"]}, {"f4f917356a0af4eb7a315dcb57b36013": ["0", "hu.vsza.adsdroid.SearchPanel"]}, {"f4f917356a0af4eb7a315dcb57b36013": ["0", "hu.vsza.adsdroid.SearchPanel"]}, {"f4f917356a0af4eb7a315dcb57b36013": ["0", "hu.vsza.adsdroid.SearchPanel"]}, {"f4f917356a0af4eb7a315dcb57b36013": ["0", "hu.vsza.adsdroid.SearchPanel"]}, {"f4f917356a0af4eb7a315dcb57b36013": ["0", "hu.vsza.adsdroid.SearchPanel"]}, {"f4f917356a0af4eb7a315dcb57b36013": ["0", "hu.vsza.adsdroid.SearchPanel"]}, {"f4f917356a0af4eb7a315dcb57b36013": ["0", "hu.vsza.adsdroid.SearchPanel"]}, {"f4f917356a0af4eb7a315dcb57b36013": ["0", "hu.vsza.adsdroid.SearchPanel"]}, {"f4f917356a0af4eb7a315dcb57b36013": ["0", "hu.vsza.adsdroid.SearchPanel"]}, {"f4f917356a0af4eb7a315dcb57b36013": ["0", "hu.vsza.adsdroid.SearchPanel"]}, {"f4f917356a0af4eb7a315dcb57b36013": ["0", "hu.vsza.adsdroid.SearchPanel"]}, {"f4f917356a0af4eb7a315dcb57b36013": ["0", "hu.vsza.adsdroid.SearchPanel"]}, {"f4f917356a0af4eb7a315dcb57b36013": ["0", "hu.vsza.adsdroid.SearchPanel"]}, {"f4f917356a0af4eb7a315dcb57b36013": ["0", "hu.vsza.adsdroid.SearchPanel"]}, {"f4f917356a0af4eb7a315dcb57b36013": ["0", "hu.vsza.adsdroid.SearchPanel"]}, {"f4f917356a0af4eb7a315dcb57b36013": ["0", "hu.vsza.adsdroid.SearchPanel"]}, {"f4f917356a0af4eb7a315dcb57b36013": ["0", "hu.vsza.adsdroid.SearchPanel"]}, {"f4f917356a0af4eb7a315dcb57b36013": ["0", "hu.vsza.adsdroid.SearchPanel"]}, {"f4f917356a0af4eb7a315dcb57b36013": ["0", "hu.vsza.adsdroid.SearchPanel"]}, {"f4f917356a0af4eb7a315dcb57b36013": ["0", "hu.vsza.adsdroid.SearchPanel"]}, {"f4f917356a0af4eb7a315dcb57b36013": ["0", "hu.vsza.adsdroid.SearchPanel"]}, {"f4f917356a0af4eb7a315dcb57b36013": ["0", "hu.vsza.adsdroid.SearchPanel"]}, {"f4f917356a0af4eb7a315dcb57b36013": ["0", "hu.vsza.adsdroid.SearchPanel"]}, {"f4f917356a0af4eb7a315dcb57b36013": ["0", "hu.vsza.adsdroid.SearchPanel"]}, {"f4f917356a0af4eb7a315dcb57b36013": ["0", "hu.vsza.adsdroid.SearchPanel"]}, {"f4f917356a0af4eb7a315dcb57b36013": ["0", "hu.vsza.adsdroid.SearchPanel"]}, {"f4f917356a0af4eb7a315dcb57b36013": ["0", "hu.vsza.adsdroid.SearchPanel"]}, {"f4f917356a0af4eb7a315dcb57b36013": ["0", "hu.vsza.adsdroid.SearchPanel"]}, {"f4f917356a0af4eb7a315dcb57b36013": ["0", "hu.vsza.adsdroid.SearchPanel"]}, {"f4f917356a0af4eb7a315dcb57b36013": ["0", "hu.vsza.adsdroid.SearchPanel"]}, {"f4f917356a0af4eb7a315dcb57b36013": ["0", "hu.vsza.adsdroid.SearchPanel"]}, {"f4f917356a0af4eb7a315dcb57b36013": ["0", "hu.vsza.adsdroid.SearchPanel"]}, {"f4f917356a0af4eb7a315dcb57b36013": ["0", "hu.vsza.adsdroid.SearchPanel"]}, {"f4f917356a0af4eb7a315dcb57b36013": ["0", "hu.vsza.adsdroid.SearchPanel"]}, {"f4f917356a0af4eb7a315dcb57b36013": ["0", "hu.vsza.adsdroid.SearchPanel"]}, {"f4f917356a0af4eb7a315dcb57b36013": ["0", "hu.vsza.adsdroid.SearchPanel"]}, {"f4f917356a0af4eb7a315dcb57b36013": ["0", "hu.vsza.adsdroid.SearchPanel"]}, {"f4f917356a0af4eb7a315dcb57b36013": ["0", "hu.vsza.adsdroid.SearchPanel"]}, {"f4f917356a0af4eb7a315dcb57b36013": ["0", "hu.vsza.adsdroid.SearchPanel"]}, {"f4f917356a0af4eb7a315dcb57b36013": ["0", "hu.vsza.adsdroid.SearchPanel"]}, {"f4f917356a0af4eb7a315dcb57b36013": ["0", "hu.vsza.adsdroid.SearchPanel"]}, {"f4f917356a0af4eb7a315dcb57b36013": ["0", "hu.vsza.adsdroid.SearchPanel"]}, {"f4f917356a0af4eb7a315dcb57b36013": ["0", "hu.vsza.adsdroid.SearchPanel"]}, {"f4f917356a0af4eb7a315dcb57b36013": ["0", "hu.vsza.adsdroid.SearchPanel"]}, {"f4f917356a0af4eb7a315dcb57b36013": ["0", "hu.vsza.adsdroid.SearchPanel"]}, {"f4f917356a0af4eb7a315dcb57b36013": ["0", "hu.vsza.adsdroid.SearchPanel"]}, {"f4f917356a0af4eb7a315dcb57b36013": ["0", "hu.vsza.adsdroid.SearchPanel"]}, {"f4f917356a0af4eb7a315dcb57b36013": ["0", "hu.vsza.adsdroid.SearchPanel"]}, {"f4f917356a0af4eb7a315dcb57b36013": ["0", "hu.vsza.adsdroid.SearchPanel"]}, {"f4f917356a0af4eb7a315dcb57b36013": ["0", "hu.vsza.adsdroid.SearchPanel"]}, {"f4f917356a0af4eb7a315dcb57b36013": ["0", "hu.vsza.adsdroid.SearchPanel"]}, {"f4f917356a0af4eb7a315dcb57b36013": ["0", "hu.vsza.adsdroid.SearchPanel"]}, {"f4f917356a0af4eb7a315dcb57b36013": ["0", "hu.vsza.adsdroid.SearchPanel"]}, {"f4f917356a0af4eb7a315dcb57b36013": ["0", "hu.vsza.adsdroid.SearchPanel"]}, {"f4f917356a0af4eb7a315dcb57b36013": ["0", "hu.vsza.adsdroid.SearchPanel"]}, {"f4f917356a0af4eb7a315dcb57b36013": ["0", "hu.vsza.adsdroid.SearchPanel"]}, {"f4f917356a0af4eb7a315dcb57b36013": ["0", "hu.vsza.adsdroid.SearchPanel"]}, {"f4f917356a0af4eb7a315dcb57b36013": ["0", "hu.vsza.adsdroid.SearchPanel"]}, {"f4f917356a0af4eb7a315dcb57b36013": ["0", "hu.vsza.adsdroid.SearchPanel"]}, {"f4f917356a0af4eb7a315dcb57b36013": ["0", "hu.vsza.adsdroid.SearchPanel"]}, {"f4f917356a0af4eb7a315dcb57b36013": ["0", "hu.vsza.adsdroid.SearchPanel"]}, {"f4f917356a0af4eb7a315dcb57b36013": ["0", "hu.vsza.adsdroid.SearchPanel"]}, {"f4f917356a0af4eb7a315dcb57b36013": ["0", "hu.vsza.adsdroid.SearchPanel"]}, {"f4f917356a0af4eb7a315dcb57b36013": ["0", "hu.vsza.adsdroid.SearchPanel"]}, {"f4f917356a0af4eb7a315dcb57b36013": ["0", "hu.vsza.adsdroid.SearchPanel"]}, {"f4f917356a0af4eb7a315dcb57b36013": ["0", "hu.vsza.adsdroid.SearchPanel"]}, {"f4f917356a0af4eb7a315dcb57b36013": ["0", "hu.vsza.adsdroid.SearchPanel"]}, {"f4f917356a0af4eb7a315dcb57b36013": ["0", "hu.vsza.adsdroid.SearchPanel"]}, {"f4f917356a0af4eb7a315dcb57b36013": ["0", "hu.vsza.adsdroid.SearchPanel"]}, {"f4f917356a0af4eb7a315dcb57b36013": ["0", "hu.vsza.adsdroid.SearchPanel"]}, {"f4f917356a0af4eb7a315dcb57b36013": ["0", "hu.vsza.adsdroid.SearchPanel"]}, {"f4f917356a0af4eb7a315dcb57b36013": ["0", "hu.vsza.adsdroid.SearchPanel"]}, {"f4f917356a0af4eb7a315dcb57b36013": ["0", "hu.vsza.adsdroid.SearchPanel"]}, {"f4f917356a0af4eb7a315dcb57b36013": ["0", "hu.vsza.adsdroid.SearchPanel"]}, {"f4f917356a0af4eb7a315dcb57b36013": ["0", "hu.vsza.adsdroid.SearchPanel"]}, {"f4f917356a0af4eb7a315dcb57b36013": ["0", "hu.vsza.adsdroid.SearchPanel"]}, {"f4f917356a0af4eb7a315dcb57b36013": ["0", "hu.vsza.adsdroid.SearchPanel"]}, {"f4f917356a0af4eb7a315dcb57b36013": ["0", "hu.vsza.adsdroid.SearchPanel"]}, {"f4f917356a0af4eb7a315dcb57b36013": ["0", "hu.vsza.adsdroid.SearchPanel"]}, {"f4f917356a0af4eb7a315dcb57b36013": ["0", "hu.vsza.adsdroid.SearchPanel"]}, {"f4f917356a0af4eb7a315dcb57b36013": ["0", "hu.vsza.adsdroid.SearchPanel"]}, {"f4f917356a0af4eb7a315dcb57b36013": ["0", "hu.vsza.adsdroid.SearchPanel"]}, {"f4f917356a0af4eb7a315dcb57b36013": ["0", "hu.vsza.adsdroid.SearchPanel"]}, {"f4f917356a0af4eb7a315dcb57b36013": ["0", "hu.vsza.adsdroid.SearchPanel"]}, {"f4f917356a0af4eb7a315dcb57b36013": ["0", "hu.vsza.adsdroid.SearchPanel"]}, {"f4f917356a0af4eb7a315dcb57b36013": ["0", "hu.vsza.adsdroid.SearchPanel"]}, {"f4f917356a0af4eb7a315dcb57b36013": ["0", "hu.vsza.adsdroid.SearchPanel"]}, {"f4f917356a0af4eb7a315dcb57b36013": ["0", "hu.vsza.adsdroid.SearchPanel"]}, {"f4f917356a0af4eb7a315dcb57b36013": ["0", "hu.vsza.adsdroid.SearchPanel"]}, {"f4f917356a0af4eb7a315dcb57b36013": ["0", "hu.vsza.adsdroid.SearchPanel"]}, {"f4f917356a0af4eb7a315dcb57b36013": ["0", "hu.vsza.adsdroid.SearchPanel"]}, {"f4f917356a0af4eb7a315dcb57b36013": ["0", "hu.vsza.adsdroid.SearchPanel"]}, {"f4f917356a0af4eb7a315dcb57b36013": ["0", "hu.vsza.adsdroid.SearchPanel"]}, {"f4f917356a0af4eb7a315dcb57b36013": ["0", "hu.vsza.adsdroid.SearchPanel"]}, {"f4f917356a0af4eb7a315dcb57b36013": ["0", "hu.vsza.adsdroid.SearchPanel"]}, {"f4f917356a0af4eb7a315dcb57b36013": ["0", "hu.vsza.adsdroid.SearchPanel"]}, {"f4f917356a0af4eb7a315dcb57b36013": ["0", "hu.vsza.adsdroid.SearchPanel"]}, {"f4f917356a0af4eb7a315dcb57b36013": ["0", "hu.vsza.adsdroid.SearchPanel"]}, {"f4f917356a0af4eb7a315dcb57b36013": ["0", "hu.vsza.adsdroid.SearchPanel"]}, {"f4f917356a0af4eb7a315dcb57b36013": ["0", "hu.vsza.adsdroid.SearchPanel"]}, {"f4f917356a0af4eb7a315dcb57b36013": ["0", "hu.vsza.adsdroid.SearchPanel"]}, {"f4f917356a0af4eb7a315dcb57b36013": ["0", "hu.vsza.adsdroid.SearchPanel"]}, {"f4f917356a0af4eb7a315dcb57b36013": ["0", "hu.vsza.adsdroid.SearchPanel"]}, {"f4f917356a0af4eb7a315dcb57b36013": ["0", "hu.vsza.adsdroid.SearchPanel"]}, {"f4f917356a0af4eb7a315dcb57b36013": ["0", "hu.vsza.adsdroid.SearchPanel"]}, {"f4f917356a0af4eb7a315dcb57b36013": ["0", "hu.vsza.adsdroid.SearchPanel"]}, {"f4f917356a0af4eb7a315dcb57b36013": ["0", "hu.vsza.adsdroid.SearchPanel"]}, {"f4f917356a0af4eb7a315dcb57b36013": ["0", "hu.vsza.adsdroid.SearchPanel"]}, {"f4f917356a0af4eb7a315dcb57b36013": ["0", "hu.vsza.adsdroid.SearchPanel"]}, {"f4f917356a0af4eb7a315dcb57b36013": ["0", "hu.vsza.adsdroid.SearchPanel"]}, {"f4f917356a0af4eb7a315dcb57b36013": ["0", "hu.vsza.adsdroid.SearchPanel"]}, {"f4f917356a0af4eb7a315dcb57b36013": ["0", "hu.vsza.adsdroid.SearchPanel"]}, {"f4f917356a0af4eb7a315dcb57b36013": ["0", "hu.vsza.adsdroid.SearchPanel"]}, {"f4f917356a0af4eb7a315dcb57b36013": ["0", "hu.vsza.adsdroid.SearchPanel"]}, {"f4f917356a0af4eb7a315dcb57b36013": ["0", "hu.vsza.adsdroid.SearchPanel"]}, {"f4f917356a0af4eb7a315dcb57b36013": ["0", "hu.vsza.adsdroid.SearchPanel"]}, {"f4f917356a0af4eb7a315dcb57b36013": ["0", "hu.vsza.adsdroid.SearchPanel"]}, {"f4f917356a0af4eb7a315dcb57b36013": ["0", "hu.vsza.adsdroid.SearchPanel"]}, {"f4f917356a0af4eb7a315dcb57b36013": ["0", "hu.vsza.adsdroid.SearchPanel"]}, {"f4f917356a0af4eb7a315dcb57b36013": ["0", "hu.vsza.adsdroid.SearchPanel"]}, {"f4f917356a0af4eb7a315dcb57b36013": ["0", "hu.vsza.adsdroid.SearchPanel"]}, {"f4f917356a0af4eb7a315dcb57b36013": ["0", "hu.vsza.adsdroid.SearchPanel"]}, {"f4f917356a0af4eb7a315dcb57b36013": ["0", "hu.vsza.adsdroid.SearchPanel"]}, {"f4f917356a0af4eb7a315dcb57b36013": ["0", "hu.vsza.adsdroid.SearchPanel"]}, {"f4f917356a0af4eb7a315dcb57b36013": ["0", "hu.vsza.adsdroid.SearchPanel"]}, {"f4f917356a0af4eb7a315dcb57b36013": ["0", "hu.vsza.adsdroid.SearchPanel"]}, {"f4f917356a0af4eb7a315dcb57b36013": ["0", "hu.vsza.adsdroid.SearchPanel"]}, {"f4f917356a0af4eb7a315dcb57b36013": ["0", "hu.vsza.adsdroid.SearchPanel"]}, {"f4f917356a0af4eb7a315dcb57b36013": ["0", "hu.vsza.adsdroid.SearchPanel"]}, {"f4f917356a0af4eb7a315dcb57b36013": ["0", "hu.vsza.adsdroid.SearchPanel"]}, {"f4f917356a0af4eb7a315dcb57b36013": ["0", "hu.vsza.adsdroid.SearchPanel"]}, {"f4f917356a0af4eb7a315dcb57b36013": ["0", "hu.vsza.adsdroid.SearchPanel"]}, {"f4f917356a0af4eb7a315dcb57b36013": ["0", "hu.vsza.adsdroid.SearchPanel"]}, {"f4f917356a0af4eb7a315dcb57b36013": ["0", "hu.vsza.adsdroid.SearchPanel"]}, {"f4f917356a0af4eb7a315dcb57b36013": ["0", "hu.vsza.adsdroid.SearchPanel"]}, {"f4f917356a0af4eb7a315dcb57b36013": ["0", "hu.vsza.adsdroid.SearchPanel"]}, {"f4f917356a0af4eb7a315dcb57b36013": ["0", "hu.vsza.adsdroid.SearchPanel"]}, {"f4f917356a0af4eb7a315dcb57b36013": ["0", "hu.vsza.adsdroid.SearchPanel"]}, {"f4f917356a0af4eb7a315dcb57b36013": ["0", "hu.vsza.adsdroid.SearchPanel"]}, {"f4f917356a0af4eb7a315dcb57b36013": ["0", "hu.vsza.adsdroid.SearchPanel"]}, {"f4f917356a0af4eb7a315dcb57b36013": ["0", "hu.vsza.adsdroid.SearchPanel"]}, {"f4f917356a0af4eb7a315dcb57b36013": ["0", "hu.vsza.adsdroid.SearchPanel"]}, {"f4f917356a0af4eb7a315dcb57b36013": ["0", "hu.vsza.adsdroid.SearchPanel"]}, {"f4f917356a0af4eb7a315dcb57b36013": ["0", "hu.vsza.adsdroid.SearchPanel"]}, {"f4f917356a0af4eb7a315dcb57b36013": ["0", "hu.vsza.adsdroid.SearchPanel"]}, {"f4f917356a0af4eb7a315dcb57b36013": ["0", "hu.vsza.adsdroid.SearchPanel"]}, {"f4f917356a0af4eb7a315dcb57b36013": ["0", "hu.vsza.adsdroid.SearchPanel"]}, {"f4f917356a0af4eb7a315dcb57b36013": ["0", "hu.vsza.adsdroid.SearchPanel"]}, {"f4f917356a0af4eb7a315dcb57b36013": ["0", "hu.vsza.adsdroid.SearchPanel"]}, {"f4f917356a0af4eb7a315dcb57b36013": ["0", "hu.vsza.adsdroid.SearchPanel"]}, {"f4f917356a0af4eb7a315dcb57b36013": ["0", "hu.vsza.adsdroid.SearchPanel"]}, {"f4f917356a0af4eb7a315dcb57b36013": ["0", "hu.vsza.adsdroid.SearchPanel"]}, {"f4f917356a0af4eb7a315dcb57b36013": ["0", "hu.vsza.adsdroid.SearchPanel"]}, {"f4f917356a0af4eb7a315dcb57b36013": ["0", "hu.vsza.adsdroid.SearchPanel"]}, {"f4f917356a0af4eb7a315dcb57b36013": ["0", "hu.vsza.adsdroid.SearchPanel"]}, {"f4f917356a0af4eb7a315dcb57b36013": ["0", "hu.vsza.adsdroid.SearchPanel"]}, {"f4f917356a0af4eb7a315dcb57b36013": ["0", "hu.vsza.adsdroid.SearchPanel"]}, {"f4f917356a0af4eb7a315dcb57b36013": ["0", "hu.vsza.adsdroid.SearchPanel"]}, {"f4f917356a0af4eb7a315dcb57b36013": ["0", "hu.vsza.adsdroid.SearchPanel"]}, {"f4f917356a0af4eb7a315dcb57b36013": ["0", "hu.vsza.adsdroid.SearchPanel"]}, {"f4f917356a0af4eb7a315dcb57b36013": ["0", "hu.vsza.adsdroid.SearchPanel"]}, {"f4f917356a0af4eb7a315dcb57b36013": ["0", "hu.vsza.adsdroid.SearchPanel"]}, {"f4f917356a0af4eb7a315dcb57b36013": ["0", "hu.vsza.adsdroid.SearchPanel"]}, {"f4f917356a0af4eb7a315dcb57b36013": ["0", "hu.vsza.adsdroid.SearchPanel"]}, {"f4f917356a0af4eb7a315dcb57b36013": ["0", "hu.vsza.adsdroid.SearchPanel"]}, {"f4f917356a0af4eb7a315dcb57b36013": ["0", "hu.vsza.adsdroid.SearchPanel"]}, {"f4f917356a0af4eb7a315dcb57b36013": ["0", "hu.vsza.adsdroid.SearchPanel"]}, {"f4f917356a0af4eb7a315dcb57b36013": ["0", "hu.vsza.adsdroid.SearchPanel"]}]