[{"594e47edc6723864bd1a6d27fee9e8e0": ["0", "in.shick.lockpatterngenerator.GeneratorActivity"]}, {"594e47edc6723864bd1a6d27fee9e8e0": ["0", "in.shick.lockpatterngenerator.GeneratorActivity"]}, {"602578587de6e24880e11312329490c4": ["2", "in.shick.lockpatterngenerator.PreferencesActivity"]}, {"602578587de6e24880e11312329490c4": ["2", "in.shick.lockpatterngenerator.PreferencesActivity"]}, {"602578587de6e24880e11312329490c4": ["2", "in.shick.lockpatterngenerator.PreferencesActivity"]}, {"f39a3370ef9c2005140788ebe2bdd1d1": ["4", "in.shick.lockpatterngenerator.PreferencesActivity"]}, {"602578587de6e24880e11312329490c4": ["2", "in.shick.lockpatterngenerator.PreferencesActivity"]}, {"602578587de6e24880e11312329490c4": ["2", "in.shick.lockpatterngenerator.PreferencesActivity"]}, {"2fb606b0506740049aafb651f3fbcc54": ["3", "in.shick.lockpatterngenerator.PreferencesActivity"]}, {"602578587de6e24880e11312329490c4": ["2", "in.shick.lockpatterngenerator.PreferencesActivity"]}, {"602578587de6e24880e11312329490c4": ["2", "in.shick.lockpatterngenerator.PreferencesActivity"]}, {"602578587de6e24880e11312329490c4": ["2", "in.shick.lockpatterngenerator.PreferencesActivity"]}, {"602578587de6e24880e11312329490c4": ["2", "in.shick.lockpatterngenerator.PreferencesActivity"]}, {"602578587de6e24880e11312329490c4": ["2", "in.shick.lockpatterngenerator.PreferencesActivity"]}, {"602578587de6e24880e11312329490c4": ["2", "in.shick.lockpatterngenerator.PreferencesActivity"]}, {"f39a3370ef9c2005140788ebe2bdd1d1": ["4", "in.shick.lockpatterngenerator.PreferencesActivity"]}, {"602578587de6e24880e11312329490c4": ["2", "in.shick.lockpatterngenerator.PreferencesActivity"]}, {"602578587de6e24880e11312329490c4": ["2", "in.shick.lockpatterngenerator.PreferencesActivity"]}, {"f39a3370ef9c2005140788ebe2bdd1d1": ["4", "in.shick.lockpatterngenerator.PreferencesActivity"]}, {"602578587de6e24880e11312329490c4": ["2", "in.shick.lockpatterngenerator.PreferencesActivity"]}, {"602578587de6e24880e11312329490c4": ["2", "in.shick.lockpatterngenerator.PreferencesActivity"]}, {"602578587de6e24880e11312329490c4": ["2", "in.shick.lockpatterngenerator.PreferencesActivity"]}, {"602578587de6e24880e11312329490c4": ["2", "in.shick.lockpatterngenerator.PreferencesActivity"]}, {"602578587de6e24880e11312329490c4": ["2", "in.shick.lockpatterngenerator.PreferencesActivity"]}, {"602578587de6e24880e11312329490c4": ["2", "in.shick.lockpatterngenerator.PreferencesActivity"]}, {"602578587de6e24880e11312329490c4": ["2", "in.shick.lockpatterngenerator.PreferencesActivity"]}, {"602578587de6e24880e11312329490c4": ["2", "in.shick.lockpatterngenerator.PreferencesActivity"]}, {"f39a3370ef9c2005140788ebe2bdd1d1": ["4", "in.shick.lockpatterngenerator.PreferencesActivity"]}, {"602578587de6e24880e11312329490c4": ["2", "in.shick.lockpatterngenerator.PreferencesActivity"]}, {"2fb606b0506740049aafb651f3fbcc54": ["3", "in.shick.lockpatterngenerator.PreferencesActivity"]}, {"602578587de6e24880e11312329490c4": ["2", "in.shick.lockpatterngenerator.PreferencesActivity"]}, {"f39a3370ef9c2005140788ebe2bdd1d1": ["4", "in.shick.lockpatterngenerator.PreferencesActivity"]}, {"602578587de6e24880e11312329490c4": ["2", "in.shick.lockpatterngenerator.PreferencesActivity"]}, {"602578587de6e24880e11312329490c4": ["2", "in.shick.lockpatterngenerator.PreferencesActivity"]}, {"602578587de6e24880e11312329490c4": ["2", "in.shick.lockpatterngenerator.PreferencesActivity"]}, {"602578587de6e24880e11312329490c4": ["2", "in.shick.lockpatterngenerator.PreferencesActivity"]}, {"602578587de6e24880e11312329490c4": ["2", "in.shick.lockpatterngenerator.PreferencesActivity"]}, {"602578587de6e24880e11312329490c4": ["2", "in.shick.lockpatterngenerator.PreferencesActivity"]}, {"f39a3370ef9c2005140788ebe2bdd1d1": ["4", "in.shick.lockpatterngenerator.PreferencesActivity"]}, {"602578587de6e24880e11312329490c4": ["2", "in.shick.lockpatterngenerator.PreferencesActivity"]}, {"602578587de6e24880e11312329490c4": ["2", "in.shick.lockpatterngenerator.PreferencesActivity"]}, {"602578587de6e24880e11312329490c4": ["2", "in.shick.lockpatterngenerator.PreferencesActivity"]}, {"602578587de6e24880e11312329490c4": ["2", "in.shick.lockpatterngenerator.PreferencesActivity"]}, {"2fb606b0506740049aafb651f3fbcc54": ["3", "in.shick.lockpatterngenerator.PreferencesActivity"]}, {"602578587de6e24880e11312329490c4": ["2", "in.shick.lockpatterngenerator.PreferencesActivity"]}, {"602578587de6e24880e11312329490c4": ["2", "in.shick.lockpatterngenerator.PreferencesActivity"]}, {"602578587de6e24880e11312329490c4": ["2", "in.shick.lockpatterngenerator.PreferencesActivity"]}, {"602578587de6e24880e11312329490c4": ["2", "in.shick.lockpatterngenerator.PreferencesActivity"]}, {"602578587de6e24880e11312329490c4": ["2", "in.shick.lockpatterngenerator.PreferencesActivity"]}, {"f39a3370ef9c2005140788ebe2bdd1d1": ["4", "in.shick.lockpatterngenerator.PreferencesActivity"]}, {"602578587de6e24880e11312329490c4": ["2", "in.shick.lockpatterngenerator.PreferencesActivity"]}, {"2fb606b0506740049aafb651f3fbcc54": ["3", "in.shick.lockpatterngenerator.PreferencesActivity"]}, {"602578587de6e24880e11312329490c4": ["2", "in.shick.lockpatterngenerator.PreferencesActivity"]}, {"602578587de6e24880e11312329490c4": ["2", "in.shick.lockpatterngenerator.PreferencesActivity"]}, {"602578587de6e24880e11312329490c4": ["2", "in.shick.lockpatterngenerator.PreferencesActivity"]}, {"602578587de6e24880e11312329490c4": ["2", "in.shick.lockpatterngenerator.PreferencesActivity"]}, {"602578587de6e24880e11312329490c4": ["2", "in.shick.lockpatterngenerator.PreferencesActivity"]}, {"594e47edc6723864bd1a6d27fee9e8e0": ["0", "in.shick.lockpatterngenerator.GeneratorActivity"]}, {"d5ffcb29878af52d1b52f8514aa452ea": ["1", "in.shick.lockpatterngenerator.GeneratorActivity"]}, {"594e47edc6723864bd1a6d27fee9e8e0": ["0", "in.shick.lockpatterngenerator.GeneratorActivity"]}, {"d5ffcb29878af52d1b52f8514aa452ea": ["1", "in.shick.lockpatterngenerator.GeneratorActivity"]}, {"594e47edc6723864bd1a6d27fee9e8e0": ["0", "in.shick.lockpatterngenerator.GeneratorActivity"]}, {"d5ffcb29878af52d1b52f8514aa452ea": ["1", "in.shick.lockpatterngenerator.GeneratorActivity"]}, {"594e47edc6723864bd1a6d27fee9e8e0": ["0", "in.shick.lockpatterngenerator.GeneratorActivity"]}, {"602578587de6e24880e11312329490c4": ["2", "in.shick.lockpatterngenerator.PreferencesActivity"]}, {"602578587de6e24880e11312329490c4": ["2", "in.shick.lockpatterngenerator.PreferencesActivity"]}, {"602578587de6e24880e11312329490c4": ["2", "in.shick.lockpatterngenerator.PreferencesActivity"]}, {"2fb606b0506740049aafb651f3fbcc54": ["3", "in.shick.lockpatterngenerator.PreferencesActivity"]}, {"602578587de6e24880e11312329490c4": ["2", "in.shick.lockpatterngenerator.PreferencesActivity"]}, {"602578587de6e24880e11312329490c4": ["2", "in.shick.lockpatterngenerator.PreferencesActivity"]}, {"602578587de6e24880e11312329490c4": ["2", "in.shick.lockpatterngenerator.PreferencesActivity"]}, {"602578587de6e24880e11312329490c4": ["2", "in.shick.lockpatterngenerator.PreferencesActivity"]}, {"602578587de6e24880e11312329490c4": ["2", "in.shick.lockpatterngenerator.PreferencesActivity"]}, {"602578587de6e24880e11312329490c4": ["2", "in.shick.lockpatterngenerator.PreferencesActivity"]}, {"602578587de6e24880e11312329490c4": ["2", "in.shick.lockpatterngenerator.PreferencesActivity"]}, {"602578587de6e24880e11312329490c4": ["2", "in.shick.lockpatterngenerator.PreferencesActivity"]}, {"602578587de6e24880e11312329490c4": ["2", "in.shick.lockpatterngenerator.PreferencesActivity"]}, {"602578587de6e24880e11312329490c4": ["2", "in.shick.lockpatterngenerator.PreferencesActivity"]}, {"602578587de6e24880e11312329490c4": ["2", "in.shick.lockpatterngenerator.PreferencesActivity"]}, {"602578587de6e24880e11312329490c4": ["2", "in.shick.lockpatterngenerator.PreferencesActivity"]}, {"602578587de6e24880e11312329490c4": ["2", "in.shick.lockpatterngenerator.PreferencesActivity"]}, {"602578587de6e24880e11312329490c4": ["2", "in.shick.lockpatterngenerator.PreferencesActivity"]}, {"602578587de6e24880e11312329490c4": ["2", "in.shick.lockpatterngenerator.PreferencesActivity"]}, {"602578587de6e24880e11312329490c4": ["2", "in.shick.lockpatterngenerator.PreferencesActivity"]}, {"602578587de6e24880e11312329490c4": ["2", "in.shick.lockpatterngenerator.PreferencesActivity"]}, {"602578587de6e24880e11312329490c4": ["2", "in.shick.lockpatterngenerator.PreferencesActivity"]}, {"602578587de6e24880e11312329490c4": ["2", "in.shick.lockpatterngenerator.PreferencesActivity"]}, {"602578587de6e24880e11312329490c4": ["2", "in.shick.lockpatterngenerator.PreferencesActivity"]}, {"602578587de6e24880e11312329490c4": ["2", "in.shick.lockpatterngenerator.PreferencesActivity"]}, {"602578587de6e24880e11312329490c4": ["2", "in.shick.lockpatterngenerator.PreferencesActivity"]}, {"602578587de6e24880e11312329490c4": ["2", "in.shick.lockpatterngenerator.PreferencesActivity"]}, {"602578587de6e24880e11312329490c4": ["2", "in.shick.lockpatterngenerator.PreferencesActivity"]}, {"f39a3370ef9c2005140788ebe2bdd1d1": ["4", "in.shick.lockpatterngenerator.PreferencesActivity"]}, {"602578587de6e24880e11312329490c4": ["2", "in.shick.lockpatterngenerator.PreferencesActivity"]}, {"f39a3370ef9c2005140788ebe2bdd1d1": ["4", "in.shick.lockpatterngenerator.PreferencesActivity"]}, {"602578587de6e24880e11312329490c4": ["2", "in.shick.lockpatterngenerator.PreferencesActivity"]}, {"602578587de6e24880e11312329490c4": ["2", "in.shick.lockpatterngenerator.PreferencesActivity"]}, {"602578587de6e24880e11312329490c4": ["2", "in.shick.lockpatterngenerator.PreferencesActivity"]}, {"2fb606b0506740049aafb651f3fbcc54": ["3", "in.shick.lockpatterngenerator.PreferencesActivity"]}, {"602578587de6e24880e11312329490c4": ["2", "in.shick.lockpatterngenerator.PreferencesActivity"]}, {"602578587de6e24880e11312329490c4": ["2", "in.shick.lockpatterngenerator.PreferencesActivity"]}, {"2fb606b0506740049aafb651f3fbcc54": ["3", "in.shick.lockpatterngenerator.PreferencesActivity"]}, {"594e47edc6723864bd1a6d27fee9e8e0": ["0", "in.shick.lockpatterngenerator.GeneratorActivity"]}, {"602578587de6e24880e11312329490c4": ["2", "in.shick.lockpatterngenerator.PreferencesActivity"]}, {"602578587de6e24880e11312329490c4": ["2", "in.shick.lockpatterngenerator.PreferencesActivity"]}, {"602578587de6e24880e11312329490c4": ["2", "in.shick.lockpatterngenerator.PreferencesActivity"]}, {"602578587de6e24880e11312329490c4": ["2", "in.shick.lockpatterngenerator.PreferencesActivity"]}, {"602578587de6e24880e11312329490c4": ["2", "in.shick.lockpatterngenerator.PreferencesActivity"]}, {"f39a3370ef9c2005140788ebe2bdd1d1": ["4", "in.shick.lockpatterngenerator.PreferencesActivity"]}, {"602578587de6e24880e11312329490c4": ["2", "in.shick.lockpatterngenerator.PreferencesActivity"]}, {"602578587de6e24880e11312329490c4": ["2", "in.shick.lockpatterngenerator.PreferencesActivity"]}, {"2fb606b0506740049aafb651f3fbcc54": ["3", "in.shick.lockpatterngenerator.PreferencesActivity"]}, {"602578587de6e24880e11312329490c4": ["2", "in.shick.lockpatterngenerator.PreferencesActivity"]}, {"602578587de6e24880e11312329490c4": ["2", "in.shick.lockpatterngenerator.PreferencesActivity"]}, {"602578587de6e24880e11312329490c4": ["2", "in.shick.lockpatterngenerator.PreferencesActivity"]}, {"602578587de6e24880e11312329490c4": ["2", "in.shick.lockpatterngenerator.PreferencesActivity"]}, {"602578587de6e24880e11312329490c4": ["2", "in.shick.lockpatterngenerator.PreferencesActivity"]}, {"602578587de6e24880e11312329490c4": ["2", "in.shick.lockpatterngenerator.PreferencesActivity"]}, {"602578587de6e24880e11312329490c4": ["2", "in.shick.lockpatterngenerator.PreferencesActivity"]}, {"2fb606b0506740049aafb651f3fbcc54": ["3", "in.shick.lockpatterngenerator.PreferencesActivity"]}, {"602578587de6e24880e11312329490c4": ["2", "in.shick.lockpatterngenerator.PreferencesActivity"]}, {"602578587de6e24880e11312329490c4": ["2", "in.shick.lockpatterngenerator.PreferencesActivity"]}, {"602578587de6e24880e11312329490c4": ["2", "in.shick.lockpatterngenerator.PreferencesActivity"]}, {"f39a3370ef9c2005140788ebe2bdd1d1": ["4", "in.shick.lockpatterngenerator.PreferencesActivity"]}, {"602578587de6e24880e11312329490c4": ["2", "in.shick.lockpatterngenerator.PreferencesActivity"]}, {"602578587de6e24880e11312329490c4": ["2", "in.shick.lockpatterngenerator.PreferencesActivity"]}, {"602578587de6e24880e11312329490c4": ["2", "in.shick.lockpatterngenerator.PreferencesActivity"]}, {"602578587de6e24880e11312329490c4": ["2", "in.shick.lockpatterngenerator.PreferencesActivity"]}, {"602578587de6e24880e11312329490c4": ["2", "in.shick.lockpatterngenerator.PreferencesActivity"]}, {"602578587de6e24880e11312329490c4": ["2", "in.shick.lockpatterngenerator.PreferencesActivity"]}, {"602578587de6e24880e11312329490c4": ["2", "in.shick.lockpatterngenerator.PreferencesActivity"]}, {"2fb606b0506740049aafb651f3fbcc54": ["3", "in.shick.lockpatterngenerator.PreferencesActivity"]}, {"602578587de6e24880e11312329490c4": ["2", "in.shick.lockpatterngenerator.PreferencesActivity"]}, {"2fb606b0506740049aafb651f3fbcc54": ["3", "in.shick.lockpatterngenerator.PreferencesActivity"]}, {"602578587de6e24880e11312329490c4": ["2", "in.shick.lockpatterngenerator.PreferencesActivity"]}, {"602578587de6e24880e11312329490c4": ["2", "in.shick.lockpatterngenerator.PreferencesActivity"]}, {"f39a3370ef9c2005140788ebe2bdd1d1": ["4", "in.shick.lockpatterngenerator.PreferencesActivity"]}, {"602578587de6e24880e11312329490c4": ["2", "in.shick.lockpatterngenerator.PreferencesActivity"]}, {"602578587de6e24880e11312329490c4": ["2", "in.shick.lockpatterngenerator.PreferencesActivity"]}, {"602578587de6e24880e11312329490c4": ["2", "in.shick.lockpatterngenerator.PreferencesActivity"]}, {"602578587de6e24880e11312329490c4": ["2", "in.shick.lockpatterngenerator.PreferencesActivity"]}, {"602578587de6e24880e11312329490c4": ["2", "in.shick.lockpatterngenerator.PreferencesActivity"]}, {"602578587de6e24880e11312329490c4": ["2", "in.shick.lockpatterngenerator.PreferencesActivity"]}, {"602578587de6e24880e11312329490c4": ["2", "in.shick.lockpatterngenerator.PreferencesActivity"]}, {"602578587de6e24880e11312329490c4": ["2", "in.shick.lockpatterngenerator.PreferencesActivity"]}, {"602578587de6e24880e11312329490c4": ["2", "in.shick.lockpatterngenerator.PreferencesActivity"]}, {"602578587de6e24880e11312329490c4": ["2", "in.shick.lockpatterngenerator.PreferencesActivity"]}, {"602578587de6e24880e11312329490c4": ["2", "in.shick.lockpatterngenerator.PreferencesActivity"]}, {"f39a3370ef9c2005140788ebe2bdd1d1": ["4", "in.shick.lockpatterngenerator.PreferencesActivity"]}, {"602578587de6e24880e11312329490c4": ["2", "in.shick.lockpatterngenerator.PreferencesActivity"]}, {"2fb606b0506740049aafb651f3fbcc54": ["3", "in.shick.lockpatterngenerator.PreferencesActivity"]}, {"602578587de6e24880e11312329490c4": ["2", "in.shick.lockpatterngenerator.PreferencesActivity"]}, {"2fb606b0506740049aafb651f3fbcc54": ["3", "in.shick.lockpatterngenerator.PreferencesActivity"]}, {"602578587de6e24880e11312329490c4": ["2", "in.shick.lockpatterngenerator.PreferencesActivity"]}, {"602578587de6e24880e11312329490c4": ["2", "in.shick.lockpatterngenerator.PreferencesActivity"]}, {"602578587de6e24880e11312329490c4": ["2", "in.shick.lockpatterngenerator.PreferencesActivity"]}, {"602578587de6e24880e11312329490c4": ["2", "in.shick.lockpatterngenerator.PreferencesActivity"]}, {"602578587de6e24880e11312329490c4": ["2", "in.shick.lockpatterngenerator.PreferencesActivity"]}, {"602578587de6e24880e11312329490c4": ["2", "in.shick.lockpatterngenerator.PreferencesActivity"]}, {"602578587de6e24880e11312329490c4": ["2", "in.shick.lockpatterngenerator.PreferencesActivity"]}, {"602578587de6e24880e11312329490c4": ["2", "in.shick.lockpatterngenerator.PreferencesActivity"]}, {"602578587de6e24880e11312329490c4": ["2", "in.shick.lockpatterngenerator.PreferencesActivity"]}, {"594e47edc6723864bd1a6d27fee9e8e0": ["0", "in.shick.lockpatterngenerator.GeneratorActivity"]}, {"594e47edc6723864bd1a6d27fee9e8e0": ["0", "in.shick.lockpatterngenerator.GeneratorActivity"]}, {"d5ffcb29878af52d1b52f8514aa452ea": ["1", "in.shick.lockpatterngenerator.GeneratorActivity"]}, {"594e47edc6723864bd1a6d27fee9e8e0": ["0", "in.shick.lockpatterngenerator.GeneratorActivity"]}, {"602578587de6e24880e11312329490c4": ["2", "in.shick.lockpatterngenerator.PreferencesActivity"]}, {"602578587de6e24880e11312329490c4": ["2", "in.shick.lockpatterngenerator.PreferencesActivity"]}, {"602578587de6e24880e11312329490c4": ["2", "in.shick.lockpatterngenerator.PreferencesActivity"]}, {"602578587de6e24880e11312329490c4": ["2", "in.shick.lockpatterngenerator.PreferencesActivity"]}, {"602578587de6e24880e11312329490c4": ["2", "in.shick.lockpatterngenerator.PreferencesActivity"]}, {"602578587de6e24880e11312329490c4": ["2", "in.shick.lockpatterngenerator.PreferencesActivity"]}, {"2fb606b0506740049aafb651f3fbcc54": ["3", "in.shick.lockpatterngenerator.PreferencesActivity"]}, {"602578587de6e24880e11312329490c4": ["2", "in.shick.lockpatterngenerator.PreferencesActivity"]}, {"602578587de6e24880e11312329490c4": ["2", "in.shick.lockpatterngenerator.PreferencesActivity"]}, {"602578587de6e24880e11312329490c4": ["2", "in.shick.lockpatterngenerator.PreferencesActivity"]}, {"602578587de6e24880e11312329490c4": ["2", "in.shick.lockpatterngenerator.PreferencesActivity"]}, {"602578587de6e24880e11312329490c4": ["2", "in.shick.lockpatterngenerator.PreferencesActivity"]}, {"602578587de6e24880e11312329490c4": ["2", "in.shick.lockpatterngenerator.PreferencesActivity"]}, {"602578587de6e24880e11312329490c4": ["2", "in.shick.lockpatterngenerator.PreferencesActivity"]}, {"2fb606b0506740049aafb651f3fbcc54": ["3", "in.shick.lockpatterngenerator.PreferencesActivity"]}, {"602578587de6e24880e11312329490c4": ["2", "in.shick.lockpatterngenerator.PreferencesActivity"]}, {"602578587de6e24880e11312329490c4": ["2", "in.shick.lockpatterngenerator.PreferencesActivity"]}, {"602578587de6e24880e11312329490c4": ["2", "in.shick.lockpatterngenerator.PreferencesActivity"]}, {"602578587de6e24880e11312329490c4": ["2", "in.shick.lockpatterngenerator.PreferencesActivity"]}, {"602578587de6e24880e11312329490c4": ["2", "in.shick.lockpatterngenerator.PreferencesActivity"]}, {"602578587de6e24880e11312329490c4": ["2", "in.shick.lockpatterngenerator.PreferencesActivity"]}, {"602578587de6e24880e11312329490c4": ["2", "in.shick.lockpatterngenerator.PreferencesActivity"]}, {"602578587de6e24880e11312329490c4": ["2", "in.shick.lockpatterngenerator.PreferencesActivity"]}, {"594e47edc6723864bd1a6d27fee9e8e0": ["0", "in.shick.lockpatterngenerator.GeneratorActivity"]}, {"602578587de6e24880e11312329490c4": ["2", "in.shick.lockpatterngenerator.PreferencesActivity"]}, {"602578587de6e24880e11312329490c4": ["2", "in.shick.lockpatterngenerator.PreferencesActivity"]}, {"2fb606b0506740049aafb651f3fbcc54": ["3", "in.shick.lockpatterngenerator.PreferencesActivity"]}, {"602578587de6e24880e11312329490c4": ["2", "in.shick.lockpatterngenerator.PreferencesActivity"]}, {"602578587de6e24880e11312329490c4": ["2", "in.shick.lockpatterngenerator.PreferencesActivity"]}, {"602578587de6e24880e11312329490c4": ["2", "in.shick.lockpatterngenerator.PreferencesActivity"]}, {"602578587de6e24880e11312329490c4": ["2", "in.shick.lockpatterngenerator.PreferencesActivity"]}, {"602578587de6e24880e11312329490c4": ["2", "in.shick.lockpatterngenerator.PreferencesActivity"]}, {"602578587de6e24880e11312329490c4": ["2", "in.shick.lockpatterngenerator.PreferencesActivity"]}, {"602578587de6e24880e11312329490c4": ["2", "in.shick.lockpatterngenerator.PreferencesActivity"]}, {"602578587de6e24880e11312329490c4": ["2", "in.shick.lockpatterngenerator.PreferencesActivity"]}, {"602578587de6e24880e11312329490c4": ["2", "in.shick.lockpatterngenerator.PreferencesActivity"]}, {"2fb606b0506740049aafb651f3fbcc54": ["3", "in.shick.lockpatterngenerator.PreferencesActivity"]}, {"602578587de6e24880e11312329490c4": ["2", "in.shick.lockpatterngenerator.PreferencesActivity"]}, {"2fb606b0506740049aafb651f3fbcc54": ["3", "in.shick.lockpatterngenerator.PreferencesActivity"]}, {"602578587de6e24880e11312329490c4": ["2", "in.shick.lockpatterngenerator.PreferencesActivity"]}, {"602578587de6e24880e11312329490c4": ["2", "in.shick.lockpatterngenerator.PreferencesActivity"]}, {"602578587de6e24880e11312329490c4": ["2", "in.shick.lockpatterngenerator.PreferencesActivity"]}, {"602578587de6e24880e11312329490c4": ["2", "in.shick.lockpatterngenerator.PreferencesActivity"]}, {"602578587de6e24880e11312329490c4": ["2", "in.shick.lockpatterngenerator.PreferencesActivity"]}, {"602578587de6e24880e11312329490c4": ["2", "in.shick.lockpatterngenerator.PreferencesActivity"]}, {"602578587de6e24880e11312329490c4": ["2", "in.shick.lockpatterngenerator.PreferencesActivity"]}, {"602578587de6e24880e11312329490c4": ["2", "in.shick.lockpatterngenerator.PreferencesActivity"]}, {"602578587de6e24880e11312329490c4": ["2", "in.shick.lockpatterngenerator.PreferencesActivity"]}, {"602578587de6e24880e11312329490c4": ["2", "in.shick.lockpatterngenerator.PreferencesActivity"]}, {"2fb606b0506740049aafb651f3fbcc54": ["3", "in.shick.lockpatterngenerator.PreferencesActivity"]}, {"602578587de6e24880e11312329490c4": ["2", "in.shick.lockpatterngenerator.PreferencesActivity"]}, {"f39a3370ef9c2005140788ebe2bdd1d1": ["4", "in.shick.lockpatterngenerator.PreferencesActivity"]}, {"602578587de6e24880e11312329490c4": ["2", "in.shick.lockpatterngenerator.PreferencesActivity"]}, {"602578587de6e24880e11312329490c4": ["2", "in.shick.lockpatterngenerator.PreferencesActivity"]}, {"f39a3370ef9c2005140788ebe2bdd1d1": ["4", "in.shick.lockpatterngenerator.PreferencesActivity"]}, {"602578587de6e24880e11312329490c4": ["2", "in.shick.lockpatterngenerator.PreferencesActivity"]}, {"602578587de6e24880e11312329490c4": ["2", "in.shick.lockpatterngenerator.PreferencesActivity"]}, {"602578587de6e24880e11312329490c4": ["2", "in.shick.lockpatterngenerator.PreferencesActivity"]}, {"602578587de6e24880e11312329490c4": ["2", "in.shick.lockpatterngenerator.PreferencesActivity"]}, {"602578587de6e24880e11312329490c4": ["2", "in.shick.lockpatterngenerator.PreferencesActivity"]}, {"602578587de6e24880e11312329490c4": ["2", "in.shick.lockpatterngenerator.PreferencesActivity"]}, {"f39a3370ef9c2005140788ebe2bdd1d1": ["4", "in.shick.lockpatterngenerator.PreferencesActivity"]}, {"602578587de6e24880e11312329490c4": ["2", "in.shick.lockpatterngenerator.PreferencesActivity"]}, {"602578587de6e24880e11312329490c4": ["2", "in.shick.lockpatterngenerator.PreferencesActivity"]}, {"602578587de6e24880e11312329490c4": ["2", "in.shick.lockpatterngenerator.PreferencesActivity"]}, {"602578587de6e24880e11312329490c4": ["2", "in.shick.lockpatterngenerator.PreferencesActivity"]}, {"602578587de6e24880e11312329490c4": ["2", "in.shick.lockpatterngenerator.PreferencesActivity"]}, {"602578587de6e24880e11312329490c4": ["2", "in.shick.lockpatterngenerator.PreferencesActivity"]}, {"602578587de6e24880e11312329490c4": ["2", "in.shick.lockpatterngenerator.PreferencesActivity"]}, {"602578587de6e24880e11312329490c4": ["2", "in.shick.lockpatterngenerator.PreferencesActivity"]}, {"602578587de6e24880e11312329490c4": ["2", "in.shick.lockpatterngenerator.PreferencesActivity"]}, {"602578587de6e24880e11312329490c4": ["2", "in.shick.lockpatterngenerator.PreferencesActivity"]}, {"2fb606b0506740049aafb651f3fbcc54": ["3", "in.shick.lockpatterngenerator.PreferencesActivity"]}, {"602578587de6e24880e11312329490c4": ["2", "in.shick.lockpatterngenerator.PreferencesActivity"]}, {"602578587de6e24880e11312329490c4": ["2", "in.shick.lockpatterngenerator.PreferencesActivity"]}, {"602578587de6e24880e11312329490c4": ["2", "in.shick.lockpatterngenerator.PreferencesActivity"]}, {"602578587de6e24880e11312329490c4": ["2", "in.shick.lockpatterngenerator.PreferencesActivity"]}, {"f39a3370ef9c2005140788ebe2bdd1d1": ["4", "in.shick.lockpatterngenerator.PreferencesActivity"]}, {"602578587de6e24880e11312329490c4": ["2", "in.shick.lockpatterngenerator.PreferencesActivity"]}, {"602578587de6e24880e11312329490c4": ["2", "in.shick.lockpatterngenerator.PreferencesActivity"]}, {"602578587de6e24880e11312329490c4": ["2", "in.shick.lockpatterngenerator.PreferencesActivity"]}, {"602578587de6e24880e11312329490c4": ["2", "in.shick.lockpatterngenerator.PreferencesActivity"]}, {"602578587de6e24880e11312329490c4": ["2", "in.shick.lockpatterngenerator.PreferencesActivity"]}, {"602578587de6e24880e11312329490c4": ["2", "in.shick.lockpatterngenerator.PreferencesActivity"]}, {"602578587de6e24880e11312329490c4": ["2", "in.shick.lockpatterngenerator.PreferencesActivity"]}, {"602578587de6e24880e11312329490c4": ["2", "in.shick.lockpatterngenerator.PreferencesActivity"]}, {"602578587de6e24880e11312329490c4": ["2", "in.shick.lockpatterngenerator.PreferencesActivity"]}, {"602578587de6e24880e11312329490c4": ["2", "in.shick.lockpatterngenerator.PreferencesActivity"]}, {"602578587de6e24880e11312329490c4": ["2", "in.shick.lockpatterngenerator.PreferencesActivity"]}, {"602578587de6e24880e11312329490c4": ["2", "in.shick.lockpatterngenerator.PreferencesActivity"]}, {"602578587de6e24880e11312329490c4": ["2", "in.shick.lockpatterngenerator.PreferencesActivity"]}, {"602578587de6e24880e11312329490c4": ["2", "in.shick.lockpatterngenerator.PreferencesActivity"]}, {"602578587de6e24880e11312329490c4": ["2", "in.shick.lockpatterngenerator.PreferencesActivity"]}, {"602578587de6e24880e11312329490c4": ["2", "in.shick.lockpatterngenerator.PreferencesActivity"]}, {"602578587de6e24880e11312329490c4": ["2", "in.shick.lockpatterngenerator.PreferencesActivity"]}, {"602578587de6e24880e11312329490c4": ["2", "in.shick.lockpatterngenerator.PreferencesActivity"]}, {"602578587de6e24880e11312329490c4": ["2", "in.shick.lockpatterngenerator.PreferencesActivity"]}, {"602578587de6e24880e11312329490c4": ["2", "in.shick.lockpatterngenerator.PreferencesActivity"]}, {"f39a3370ef9c2005140788ebe2bdd1d1": ["4", "in.shick.lockpatterngenerator.PreferencesActivity"]}, {"602578587de6e24880e11312329490c4": ["2", "in.shick.lockpatterngenerator.PreferencesActivity"]}, {"602578587de6e24880e11312329490c4": ["2", "in.shick.lockpatterngenerator.PreferencesActivity"]}, {"f39a3370ef9c2005140788ebe2bdd1d1": ["4", "in.shick.lockpatterngenerator.PreferencesActivity"]}, {"602578587de6e24880e11312329490c4": ["2", "in.shick.lockpatterngenerator.PreferencesActivity"]}, {"602578587de6e24880e11312329490c4": ["2", "in.shick.lockpatterngenerator.PreferencesActivity"]}, {"602578587de6e24880e11312329490c4": ["2", "in.shick.lockpatterngenerator.PreferencesActivity"]}, {"602578587de6e24880e11312329490c4": ["2", "in.shick.lockpatterngenerator.PreferencesActivity"]}, {"602578587de6e24880e11312329490c4": ["2", "in.shick.lockpatterngenerator.PreferencesActivity"]}, {"602578587de6e24880e11312329490c4": ["2", "in.shick.lockpatterngenerator.PreferencesActivity"]}, {"2fb606b0506740049aafb651f3fbcc54": ["3", "in.shick.lockpatterngenerator.PreferencesActivity"]}, {"602578587de6e24880e11312329490c4": ["2", "in.shick.lockpatterngenerator.PreferencesActivity"]}, {"2fb606b0506740049aafb651f3fbcc54": ["3", "in.shick.lockpatterngenerator.PreferencesActivity"]}, {"602578587de6e24880e11312329490c4": ["2", "in.shick.lockpatterngenerator.PreferencesActivity"]}, {"602578587de6e24880e11312329490c4": ["2", "in.shick.lockpatterngenerator.PreferencesActivity"]}, {"602578587de6e24880e11312329490c4": ["2", "in.shick.lockpatterngenerator.PreferencesActivity"]}, {"2fb606b0506740049aafb651f3fbcc54": ["3", "in.shick.lockpatterngenerator.PreferencesActivity"]}, {"602578587de6e24880e11312329490c4": ["2", "in.shick.lockpatterngenerator.PreferencesActivity"]}, {"602578587de6e24880e11312329490c4": ["2", "in.shick.lockpatterngenerator.PreferencesActivity"]}, {"602578587de6e24880e11312329490c4": ["2", "in.shick.lockpatterngenerator.PreferencesActivity"]}, {"602578587de6e24880e11312329490c4": ["2", "in.shick.lockpatterngenerator.PreferencesActivity"]}, {"602578587de6e24880e11312329490c4": ["2", "in.shick.lockpatterngenerator.PreferencesActivity"]}, {"2fb606b0506740049aafb651f3fbcc54": ["3", "in.shick.lockpatterngenerator.PreferencesActivity"]}, {"602578587de6e24880e11312329490c4": ["2", "in.shick.lockpatterngenerator.PreferencesActivity"]}, {"602578587de6e24880e11312329490c4": ["2", "in.shick.lockpatterngenerator.PreferencesActivity"]}, {"2fb606b0506740049aafb651f3fbcc54": ["3", "in.shick.lockpatterngenerator.PreferencesActivity"]}, {"602578587de6e24880e11312329490c4": ["2", "in.shick.lockpatterngenerator.PreferencesActivity"]}, {"602578587de6e24880e11312329490c4": ["2", "in.shick.lockpatterngenerator.PreferencesActivity"]}, {"f39a3370ef9c2005140788ebe2bdd1d1": ["4", "in.shick.lockpatterngenerator.PreferencesActivity"]}, {"602578587de6e24880e11312329490c4": ["2", "in.shick.lockpatterngenerator.PreferencesActivity"]}, {"602578587de6e24880e11312329490c4": ["2", "in.shick.lockpatterngenerator.PreferencesActivity"]}, {"602578587de6e24880e11312329490c4": ["2", "in.shick.lockpatterngenerator.PreferencesActivity"]}, {"602578587de6e24880e11312329490c4": ["2", "in.shick.lockpatterngenerator.PreferencesActivity"]}, {"f39a3370ef9c2005140788ebe2bdd1d1": ["4", "in.shick.lockpatterngenerator.PreferencesActivity"]}, {"602578587de6e24880e11312329490c4": ["2", "in.shick.lockpatterngenerator.PreferencesActivity"]}, {"602578587de6e24880e11312329490c4": ["2", "in.shick.lockpatterngenerator.PreferencesActivity"]}, {"602578587de6e24880e11312329490c4": ["2", "in.shick.lockpatterngenerator.PreferencesActivity"]}, {"602578587de6e24880e11312329490c4": ["2", "in.shick.lockpatterngenerator.PreferencesActivity"]}, {"602578587de6e24880e11312329490c4": ["2", "in.shick.lockpatterngenerator.PreferencesActivity"]}, {"602578587de6e24880e11312329490c4": ["2", "in.shick.lockpatterngenerator.PreferencesActivity"]}, {"602578587de6e24880e11312329490c4": ["2", "in.shick.lockpatterngenerator.PreferencesActivity"]}, {"602578587de6e24880e11312329490c4": ["2", "in.shick.lockpatterngenerator.PreferencesActivity"]}, {"602578587de6e24880e11312329490c4": ["2", "in.shick.lockpatterngenerator.PreferencesActivity"]}, {"602578587de6e24880e11312329490c4": ["2", "in.shick.lockpatterngenerator.PreferencesActivity"]}, {"602578587de6e24880e11312329490c4": ["2", "in.shick.lockpatterngenerator.PreferencesActivity"]}, {"602578587de6e24880e11312329490c4": ["2", "in.shick.lockpatterngenerator.PreferencesActivity"]}, {"602578587de6e24880e11312329490c4": ["2", "in.shick.lockpatterngenerator.PreferencesActivity"]}, {"602578587de6e24880e11312329490c4": ["2", "in.shick.lockpatterngenerator.PreferencesActivity"]}, {"602578587de6e24880e11312329490c4": ["2", "in.shick.lockpatterngenerator.PreferencesActivity"]}, {"602578587de6e24880e11312329490c4": ["2", "in.shick.lockpatterngenerator.PreferencesActivity"]}, {"602578587de6e24880e11312329490c4": ["2", "in.shick.lockpatterngenerator.PreferencesActivity"]}, {"f39a3370ef9c2005140788ebe2bdd1d1": ["4", "in.shick.lockpatterngenerator.PreferencesActivity"]}, {"602578587de6e24880e11312329490c4": ["2", "in.shick.lockpatterngenerator.PreferencesActivity"]}, {"602578587de6e24880e11312329490c4": ["2", "in.shick.lockpatterngenerator.PreferencesActivity"]}, {"602578587de6e24880e11312329490c4": ["2", "in.shick.lockpatterngenerator.PreferencesActivity"]}, {"602578587de6e24880e11312329490c4": ["2", "in.shick.lockpatterngenerator.PreferencesActivity"]}, {"602578587de6e24880e11312329490c4": ["2", "in.shick.lockpatterngenerator.PreferencesActivity"]}, {"602578587de6e24880e11312329490c4": ["2", "in.shick.lockpatterngenerator.PreferencesActivity"]}, {"602578587de6e24880e11312329490c4": ["2", "in.shick.lockpatterngenerator.PreferencesActivity"]}, {"602578587de6e24880e11312329490c4": ["2", "in.shick.lockpatterngenerator.PreferencesActivity"]}, {"602578587de6e24880e11312329490c4": ["2", "in.shick.lockpatterngenerator.PreferencesActivity"]}, {"f39a3370ef9c2005140788ebe2bdd1d1": ["4", "in.shick.lockpatterngenerator.PreferencesActivity"]}, {"602578587de6e24880e11312329490c4": ["2", "in.shick.lockpatterngenerator.PreferencesActivity"]}, {"602578587de6e24880e11312329490c4": ["2", "in.shick.lockpatterngenerator.PreferencesActivity"]}, {"602578587de6e24880e11312329490c4": ["2", "in.shick.lockpatterngenerator.PreferencesActivity"]}, {"602578587de6e24880e11312329490c4": ["2", "in.shick.lockpatterngenerator.PreferencesActivity"]}, {"602578587de6e24880e11312329490c4": ["2", "in.shick.lockpatterngenerator.PreferencesActivity"]}, {"602578587de6e24880e11312329490c4": ["2", "in.shick.lockpatterngenerator.PreferencesActivity"]}, {"602578587de6e24880e11312329490c4": ["2", "in.shick.lockpatterngenerator.PreferencesActivity"]}, {"602578587de6e24880e11312329490c4": ["2", "in.shick.lockpatterngenerator.PreferencesActivity"]}, {"602578587de6e24880e11312329490c4": ["2", "in.shick.lockpatterngenerator.PreferencesActivity"]}, {"602578587de6e24880e11312329490c4": ["2", "in.shick.lockpatterngenerator.PreferencesActivity"]}, {"602578587de6e24880e11312329490c4": ["2", "in.shick.lockpatterngenerator.PreferencesActivity"]}, {"602578587de6e24880e11312329490c4": ["2", "in.shick.lockpatterngenerator.PreferencesActivity"]}, {"2fb606b0506740049aafb651f3fbcc54": ["3", "in.shick.lockpatterngenerator.PreferencesActivity"]}, {"602578587de6e24880e11312329490c4": ["2", "in.shick.lockpatterngenerator.PreferencesActivity"]}, {"602578587de6e24880e11312329490c4": ["2", "in.shick.lockpatterngenerator.PreferencesActivity"]}, {"602578587de6e24880e11312329490c4": ["2", "in.shick.lockpatterngenerator.PreferencesActivity"]}, {"f39a3370ef9c2005140788ebe2bdd1d1": ["4", "in.shick.lockpatterngenerator.PreferencesActivity"]}, {"602578587de6e24880e11312329490c4": ["2", "in.shick.lockpatterngenerator.PreferencesActivity"]}, {"602578587de6e24880e11312329490c4": ["2", "in.shick.lockpatterngenerator.PreferencesActivity"]}, {"602578587de6e24880e11312329490c4": ["2", "in.shick.lockpatterngenerator.PreferencesActivity"]}, {"602578587de6e24880e11312329490c4": ["2", "in.shick.lockpatterngenerator.PreferencesActivity"]}, {"602578587de6e24880e11312329490c4": ["2", "in.shick.lockpatterngenerator.PreferencesActivity"]}, {"602578587de6e24880e11312329490c4": ["2", "in.shick.lockpatterngenerator.PreferencesActivity"]}, {"602578587de6e24880e11312329490c4": ["2", "in.shick.lockpatterngenerator.PreferencesActivity"]}, {"602578587de6e24880e11312329490c4": ["2", "in.shick.lockpatterngenerator.PreferencesActivity"]}, {"602578587de6e24880e11312329490c4": ["2", "in.shick.lockpatterngenerator.PreferencesActivity"]}, {"602578587de6e24880e11312329490c4": ["2", "in.shick.lockpatterngenerator.PreferencesActivity"]}, {"602578587de6e24880e11312329490c4": ["2", "in.shick.lockpatterngenerator.PreferencesActivity"]}, {"602578587de6e24880e11312329490c4": ["2", "in.shick.lockpatterngenerator.PreferencesActivity"]}, {"2fb606b0506740049aafb651f3fbcc54": ["3", "in.shick.lockpatterngenerator.PreferencesActivity"]}, {"602578587de6e24880e11312329490c4": ["2", "in.shick.lockpatterngenerator.PreferencesActivity"]}, {"602578587de6e24880e11312329490c4": ["2", "in.shick.lockpatterngenerator.PreferencesActivity"]}, {"602578587de6e24880e11312329490c4": ["2", "in.shick.lockpatterngenerator.PreferencesActivity"]}, {"602578587de6e24880e11312329490c4": ["2", "in.shick.lockpatterngenerator.PreferencesActivity"]}, {"f39a3370ef9c2005140788ebe2bdd1d1": ["4", "in.shick.lockpatterngenerator.PreferencesActivity"]}, {"602578587de6e24880e11312329490c4": ["2", "in.shick.lockpatterngenerator.PreferencesActivity"]}, {"f39a3370ef9c2005140788ebe2bdd1d1": ["4", "in.shick.lockpatterngenerator.PreferencesActivity"]}, {"602578587de6e24880e11312329490c4": ["2", "in.shick.lockpatterngenerator.PreferencesActivity"]}, {"602578587de6e24880e11312329490c4": ["2", "in.shick.lockpatterngenerator.PreferencesActivity"]}, {"602578587de6e24880e11312329490c4": ["2", "in.shick.lockpatterngenerator.PreferencesActivity"]}, {"602578587de6e24880e11312329490c4": ["2", "in.shick.lockpatterngenerator.PreferencesActivity"]}, {"602578587de6e24880e11312329490c4": ["2", "in.shick.lockpatterngenerator.PreferencesActivity"]}, {"2fb606b0506740049aafb651f3fbcc54": ["3", "in.shick.lockpatterngenerator.PreferencesActivity"]}, {"602578587de6e24880e11312329490c4": ["2", "in.shick.lockpatterngenerator.PreferencesActivity"]}, {"602578587de6e24880e11312329490c4": ["2", "in.shick.lockpatterngenerator.PreferencesActivity"]}, {"602578587de6e24880e11312329490c4": ["2", "in.shick.lockpatterngenerator.PreferencesActivity"]}, {"602578587de6e24880e11312329490c4": ["2", "in.shick.lockpatterngenerator.PreferencesActivity"]}, {"f39a3370ef9c2005140788ebe2bdd1d1": ["4", "in.shick.lockpatterngenerator.PreferencesActivity"]}, {"602578587de6e24880e11312329490c4": ["2", "in.shick.lockpatterngenerator.PreferencesActivity"]}, {"602578587de6e24880e11312329490c4": ["2", "in.shick.lockpatterngenerator.PreferencesActivity"]}, {"602578587de6e24880e11312329490c4": ["2", "in.shick.lockpatterngenerator.PreferencesActivity"]}, {"602578587de6e24880e11312329490c4": ["2", "in.shick.lockpatterngenerator.PreferencesActivity"]}, {"602578587de6e24880e11312329490c4": ["2", "in.shick.lockpatterngenerator.PreferencesActivity"]}, {"602578587de6e24880e11312329490c4": ["2", "in.shick.lockpatterngenerator.PreferencesActivity"]}, {"602578587de6e24880e11312329490c4": ["2", "in.shick.lockpatterngenerator.PreferencesActivity"]}, {"602578587de6e24880e11312329490c4": ["2", "in.shick.lockpatterngenerator.PreferencesActivity"]}, {"602578587de6e24880e11312329490c4": ["2", "in.shick.lockpatterngenerator.PreferencesActivity"]}, {"602578587de6e24880e11312329490c4": ["2", "in.shick.lockpatterngenerator.PreferencesActivity"]}, {"602578587de6e24880e11312329490c4": ["2", "in.shick.lockpatterngenerator.PreferencesActivity"]}, {"f39a3370ef9c2005140788ebe2bdd1d1": ["4", "in.shick.lockpatterngenerator.PreferencesActivity"]}, {"602578587de6e24880e11312329490c4": ["2", "in.shick.lockpatterngenerator.PreferencesActivity"]}, {"602578587de6e24880e11312329490c4": ["2", "in.shick.lockpatterngenerator.PreferencesActivity"]}, {"602578587de6e24880e11312329490c4": ["2", "in.shick.lockpatterngenerator.PreferencesActivity"]}, {"602578587de6e24880e11312329490c4": ["2", "in.shick.lockpatterngenerator.PreferencesActivity"]}, {"602578587de6e24880e11312329490c4": ["2", "in.shick.lockpatterngenerator.PreferencesActivity"]}, {"602578587de6e24880e11312329490c4": ["2", "in.shick.lockpatterngenerator.PreferencesActivity"]}, {"602578587de6e24880e11312329490c4": ["2", "in.shick.lockpatterngenerator.PreferencesActivity"]}, {"602578587de6e24880e11312329490c4": ["2", "in.shick.lockpatterngenerator.PreferencesActivity"]}, {"602578587de6e24880e11312329490c4": ["2", "in.shick.lockpatterngenerator.PreferencesActivity"]}, {"f39a3370ef9c2005140788ebe2bdd1d1": ["4", "in.shick.lockpatterngenerator.PreferencesActivity"]}, {"602578587de6e24880e11312329490c4": ["2", "in.shick.lockpatterngenerator.PreferencesActivity"]}, {"602578587de6e24880e11312329490c4": ["2", "in.shick.lockpatterngenerator.PreferencesActivity"]}, {"602578587de6e24880e11312329490c4": ["2", "in.shick.lockpatterngenerator.PreferencesActivity"]}, {"f39a3370ef9c2005140788ebe2bdd1d1": ["4", "in.shick.lockpatterngenerator.PreferencesActivity"]}, {"602578587de6e24880e11312329490c4": ["2", "in.shick.lockpatterngenerator.PreferencesActivity"]}, {"602578587de6e24880e11312329490c4": ["2", "in.shick.lockpatterngenerator.PreferencesActivity"]}, {"602578587de6e24880e11312329490c4": ["2", "in.shick.lockpatterngenerator.PreferencesActivity"]}, {"602578587de6e24880e11312329490c4": ["2", "in.shick.lockpatterngenerator.PreferencesActivity"]}, {"602578587de6e24880e11312329490c4": ["2", "in.shick.lockpatterngenerator.PreferencesActivity"]}, {"602578587de6e24880e11312329490c4": ["2", "in.shick.lockpatterngenerator.PreferencesActivity"]}, {"f39a3370ef9c2005140788ebe2bdd1d1": ["4", "in.shick.lockpatterngenerator.PreferencesActivity"]}, {"602578587de6e24880e11312329490c4": ["2", "in.shick.lockpatterngenerator.PreferencesActivity"]}, {"602578587de6e24880e11312329490c4": ["2", "in.shick.lockpatterngenerator.PreferencesActivity"]}, {"602578587de6e24880e11312329490c4": ["2", "in.shick.lockpatterngenerator.PreferencesActivity"]}, {"602578587de6e24880e11312329490c4": ["2", "in.shick.lockpatterngenerator.PreferencesActivity"]}, {"602578587de6e24880e11312329490c4": ["2", "in.shick.lockpatterngenerator.PreferencesActivity"]}, {"602578587de6e24880e11312329490c4": ["2", "in.shick.lockpatterngenerator.PreferencesActivity"]}, {"602578587de6e24880e11312329490c4": ["2", "in.shick.lockpatterngenerator.PreferencesActivity"]}, {"602578587de6e24880e11312329490c4": ["2", "in.shick.lockpatterngenerator.PreferencesActivity"]}, {"602578587de6e24880e11312329490c4": ["2", "in.shick.lockpatterngenerator.PreferencesActivity"]}, {"602578587de6e24880e11312329490c4": ["2", "in.shick.lockpatterngenerator.PreferencesActivity"]}, {"602578587de6e24880e11312329490c4": ["2", "in.shick.lockpatterngenerator.PreferencesActivity"]}, {"602578587de6e24880e11312329490c4": ["2", "in.shick.lockpatterngenerator.PreferencesActivity"]}, {"f39a3370ef9c2005140788ebe2bdd1d1": ["4", "in.shick.lockpatterngenerator.PreferencesActivity"]}, {"602578587de6e24880e11312329490c4": ["2", "in.shick.lockpatterngenerator.PreferencesActivity"]}, {"602578587de6e24880e11312329490c4": ["2", "in.shick.lockpatterngenerator.PreferencesActivity"]}, {"602578587de6e24880e11312329490c4": ["2", "in.shick.lockpatterngenerator.PreferencesActivity"]}, {"602578587de6e24880e11312329490c4": ["2", "in.shick.lockpatterngenerator.PreferencesActivity"]}, {"2fb606b0506740049aafb651f3fbcc54": ["3", "in.shick.lockpatterngenerator.PreferencesActivity"]}, {"602578587de6e24880e11312329490c4": ["2", "in.shick.lockpatterngenerator.PreferencesActivity"]}, {"602578587de6e24880e11312329490c4": ["2", "in.shick.lockpatterngenerator.PreferencesActivity"]}, {"602578587de6e24880e11312329490c4": ["2", "in.shick.lockpatterngenerator.PreferencesActivity"]}, {"602578587de6e24880e11312329490c4": ["2", "in.shick.lockpatterngenerator.PreferencesActivity"]}, {"602578587de6e24880e11312329490c4": ["2", "in.shick.lockpatterngenerator.PreferencesActivity"]}, {"602578587de6e24880e11312329490c4": ["2", "in.shick.lockpatterngenerator.PreferencesActivity"]}, {"2fb606b0506740049aafb651f3fbcc54": ["3", "in.shick.lockpatterngenerator.PreferencesActivity"]}, {"602578587de6e24880e11312329490c4": ["2", "in.shick.lockpatterngenerator.PreferencesActivity"]}, {"602578587de6e24880e11312329490c4": ["2", "in.shick.lockpatterngenerator.PreferencesActivity"]}, {"602578587de6e24880e11312329490c4": ["2", "in.shick.lockpatterngenerator.PreferencesActivity"]}, {"602578587de6e24880e11312329490c4": ["2", "in.shick.lockpatterngenerator.PreferencesActivity"]}, {"602578587de6e24880e11312329490c4": ["2", "in.shick.lockpatterngenerator.PreferencesActivity"]}, {"602578587de6e24880e11312329490c4": ["2", "in.shick.lockpatterngenerator.PreferencesActivity"]}, {"602578587de6e24880e11312329490c4": ["2", "in.shick.lockpatterngenerator.PreferencesActivity"]}, {"602578587de6e24880e11312329490c4": ["2", "in.shick.lockpatterngenerator.PreferencesActivity"]}, {"602578587de6e24880e11312329490c4": ["2", "in.shick.lockpatterngenerator.PreferencesActivity"]}, {"602578587de6e24880e11312329490c4": ["2", "in.shick.lockpatterngenerator.PreferencesActivity"]}, {"f39a3370ef9c2005140788ebe2bdd1d1": ["4", "in.shick.lockpatterngenerator.PreferencesActivity"]}, {"602578587de6e24880e11312329490c4": ["2", "in.shick.lockpatterngenerator.PreferencesActivity"]}, {"602578587de6e24880e11312329490c4": ["2", "in.shick.lockpatterngenerator.PreferencesActivity"]}, {"602578587de6e24880e11312329490c4": ["2", "in.shick.lockpatterngenerator.PreferencesActivity"]}, {"602578587de6e24880e11312329490c4": ["2", "in.shick.lockpatterngenerator.PreferencesActivity"]}, {"602578587de6e24880e11312329490c4": ["2", "in.shick.lockpatterngenerator.PreferencesActivity"]}, {"2fb606b0506740049aafb651f3fbcc54": ["3", "in.shick.lockpatterngenerator.PreferencesActivity"]}, {"602578587de6e24880e11312329490c4": ["2", "in.shick.lockpatterngenerator.PreferencesActivity"]}, {"602578587de6e24880e11312329490c4": ["2", "in.shick.lockpatterngenerator.PreferencesActivity"]}, {"602578587de6e24880e11312329490c4": ["2", "in.shick.lockpatterngenerator.PreferencesActivity"]}, {"602578587de6e24880e11312329490c4": ["2", "in.shick.lockpatterngenerator.PreferencesActivity"]}, {"602578587de6e24880e11312329490c4": ["2", "in.shick.lockpatterngenerator.PreferencesActivity"]}, {"602578587de6e24880e11312329490c4": ["2", "in.shick.lockpatterngenerator.PreferencesActivity"]}, {"602578587de6e24880e11312329490c4": ["2", "in.shick.lockpatterngenerator.PreferencesActivity"]}, {"602578587de6e24880e11312329490c4": ["2", "in.shick.lockpatterngenerator.PreferencesActivity"]}, {"2fb606b0506740049aafb651f3fbcc54": ["3", "in.shick.lockpatterngenerator.PreferencesActivity"]}, {"602578587de6e24880e11312329490c4": ["2", "in.shick.lockpatterngenerator.PreferencesActivity"]}, {"602578587de6e24880e11312329490c4": ["2", "in.shick.lockpatterngenerator.PreferencesActivity"]}, {"602578587de6e24880e11312329490c4": ["2", "in.shick.lockpatterngenerator.PreferencesActivity"]}, {"602578587de6e24880e11312329490c4": ["2", "in.shick.lockpatterngenerator.PreferencesActivity"]}, {"602578587de6e24880e11312329490c4": ["2", "in.shick.lockpatterngenerator.PreferencesActivity"]}, {"602578587de6e24880e11312329490c4": ["2", "in.shick.lockpatterngenerator.PreferencesActivity"]}, {"602578587de6e24880e11312329490c4": ["2", "in.shick.lockpatterngenerator.PreferencesActivity"]}, {"602578587de6e24880e11312329490c4": ["2", "in.shick.lockpatterngenerator.PreferencesActivity"]}, {"602578587de6e24880e11312329490c4": ["2", "in.shick.lockpatterngenerator.PreferencesActivity"]}, {"594e47edc6723864bd1a6d27fee9e8e0": ["0", "in.shick.lockpatterngenerator.GeneratorActivity"]}, {"594e47edc6723864bd1a6d27fee9e8e0": ["0", "in.shick.lockpatterngenerator.GeneratorActivity"]}, {"594e47edc6723864bd1a6d27fee9e8e0": ["0", "in.shick.lockpatterngenerator.GeneratorActivity"]}, {"594e47edc6723864bd1a6d27fee9e8e0": ["0", "in.shick.lockpatterngenerator.GeneratorActivity"]}, {"594e47edc6723864bd1a6d27fee9e8e0": ["0", "in.shick.lockpatterngenerator.GeneratorActivity"]}, {"594e47edc6723864bd1a6d27fee9e8e0": ["0", "in.shick.lockpatterngenerator.GeneratorActivity"]}, {"602578587de6e24880e11312329490c4": ["2", "in.shick.lockpatterngenerator.PreferencesActivity"]}, {"f39a3370ef9c2005140788ebe2bdd1d1": ["4", "in.shick.lockpatterngenerator.PreferencesActivity"]}, {"602578587de6e24880e11312329490c4": ["2", "in.shick.lockpatterngenerator.PreferencesActivity"]}, {"602578587de6e24880e11312329490c4": ["2", "in.shick.lockpatterngenerator.PreferencesActivity"]}, {"602578587de6e24880e11312329490c4": ["2", "in.shick.lockpatterngenerator.PreferencesActivity"]}, {"602578587de6e24880e11312329490c4": ["2", "in.shick.lockpatterngenerator.PreferencesActivity"]}, {"602578587de6e24880e11312329490c4": ["2", "in.shick.lockpatterngenerator.PreferencesActivity"]}, {"602578587de6e24880e11312329490c4": ["2", "in.shick.lockpatterngenerator.PreferencesActivity"]}, {"602578587de6e24880e11312329490c4": ["2", "in.shick.lockpatterngenerator.PreferencesActivity"]}, {"602578587de6e24880e11312329490c4": ["2", "in.shick.lockpatterngenerator.PreferencesActivity"]}, {"602578587de6e24880e11312329490c4": ["2", "in.shick.lockpatterngenerator.PreferencesActivity"]}, {"602578587de6e24880e11312329490c4": ["2", "in.shick.lockpatterngenerator.PreferencesActivity"]}, {"602578587de6e24880e11312329490c4": ["2", "in.shick.lockpatterngenerator.PreferencesActivity"]}, {"2fb606b0506740049aafb651f3fbcc54": ["3", "in.shick.lockpatterngenerator.PreferencesActivity"]}, {"602578587de6e24880e11312329490c4": ["2", "in.shick.lockpatterngenerator.PreferencesActivity"]}, {"602578587de6e24880e11312329490c4": ["2", "in.shick.lockpatterngenerator.PreferencesActivity"]}, {"602578587de6e24880e11312329490c4": ["2", "in.shick.lockpatterngenerator.PreferencesActivity"]}, {"602578587de6e24880e11312329490c4": ["2", "in.shick.lockpatterngenerator.PreferencesActivity"]}, {"602578587de6e24880e11312329490c4": ["2", "in.shick.lockpatterngenerator.PreferencesActivity"]}, {"594e47edc6723864bd1a6d27fee9e8e0": ["0", "in.shick.lockpatterngenerator.GeneratorActivity"]}, {"594e47edc6723864bd1a6d27fee9e8e0": ["0", "in.shick.lockpatterngenerator.GeneratorActivity"]}, {"594e47edc6723864bd1a6d27fee9e8e0": ["0", "in.shick.lockpatterngenerator.GeneratorActivity"]}, {"594e47edc6723864bd1a6d27fee9e8e0": ["0", "in.shick.lockpatterngenerator.GeneratorActivity"]}, {"602578587de6e24880e11312329490c4": ["2", "in.shick.lockpatterngenerator.PreferencesActivity"]}, {"602578587de6e24880e11312329490c4": ["2", "in.shick.lockpatterngenerator.PreferencesActivity"]}, {"602578587de6e24880e11312329490c4": ["2", "in.shick.lockpatterngenerator.PreferencesActivity"]}, {"602578587de6e24880e11312329490c4": ["2", "in.shick.lockpatterngenerator.PreferencesActivity"]}, {"f39a3370ef9c2005140788ebe2bdd1d1": ["4", "in.shick.lockpatterngenerator.PreferencesActivity"]}, {"602578587de6e24880e11312329490c4": ["2", "in.shick.lockpatterngenerator.PreferencesActivity"]}, {"602578587de6e24880e11312329490c4": ["2", "in.shick.lockpatterngenerator.PreferencesActivity"]}, {"602578587de6e24880e11312329490c4": ["2", "in.shick.lockpatterngenerator.PreferencesActivity"]}, {"602578587de6e24880e11312329490c4": ["2", "in.shick.lockpatterngenerator.PreferencesActivity"]}, {"602578587de6e24880e11312329490c4": ["2", "in.shick.lockpatterngenerator.PreferencesActivity"]}, {"f39a3370ef9c2005140788ebe2bdd1d1": ["4", "in.shick.lockpatterngenerator.PreferencesActivity"]}, {"602578587de6e24880e11312329490c4": ["2", "in.shick.lockpatterngenerator.PreferencesActivity"]}, {"602578587de6e24880e11312329490c4": ["2", "in.shick.lockpatterngenerator.PreferencesActivity"]}, {"594e47edc6723864bd1a6d27fee9e8e0": ["0", "in.shick.lockpatterngenerator.GeneratorActivity"]}, {"594e47edc6723864bd1a6d27fee9e8e0": ["0", "in.shick.lockpatterngenerator.GeneratorActivity"]}, {"594e47edc6723864bd1a6d27fee9e8e0": ["0", "in.shick.lockpatterngenerator.GeneratorActivity"]}, {"594e47edc6723864bd1a6d27fee9e8e0": ["0", "in.shick.lockpatterngenerator.GeneratorActivity"]}, {"602578587de6e24880e11312329490c4": ["2", "in.shick.lockpatterngenerator.PreferencesActivity"]}, {"602578587de6e24880e11312329490c4": ["2", "in.shick.lockpatterngenerator.PreferencesActivity"]}, {"602578587de6e24880e11312329490c4": ["2", "in.shick.lockpatterngenerator.PreferencesActivity"]}, {"2fb606b0506740049aafb651f3fbcc54": ["3", "in.shick.lockpatterngenerator.PreferencesActivity"]}, {"602578587de6e24880e11312329490c4": ["2", "in.shick.lockpatterngenerator.PreferencesActivity"]}, {"602578587de6e24880e11312329490c4": ["2", "in.shick.lockpatterngenerator.PreferencesActivity"]}, {"602578587de6e24880e11312329490c4": ["2", "in.shick.lockpatterngenerator.PreferencesActivity"]}, {"602578587de6e24880e11312329490c4": ["2", "in.shick.lockpatterngenerator.PreferencesActivity"]}, {"602578587de6e24880e11312329490c4": ["2", "in.shick.lockpatterngenerator.PreferencesActivity"]}, {"602578587de6e24880e11312329490c4": ["2", "in.shick.lockpatterngenerator.PreferencesActivity"]}, {"602578587de6e24880e11312329490c4": ["2", "in.shick.lockpatterngenerator.PreferencesActivity"]}, {"602578587de6e24880e11312329490c4": ["2", "in.shick.lockpatterngenerator.PreferencesActivity"]}, {"602578587de6e24880e11312329490c4": ["2", "in.shick.lockpatterngenerator.PreferencesActivity"]}, {"602578587de6e24880e11312329490c4": ["2", "in.shick.lockpatterngenerator.PreferencesActivity"]}, {"602578587de6e24880e11312329490c4": ["2", "in.shick.lockpatterngenerator.PreferencesActivity"]}, {"602578587de6e24880e11312329490c4": ["2", "in.shick.lockpatterngenerator.PreferencesActivity"]}, {"2fb606b0506740049aafb651f3fbcc54": ["3", "in.shick.lockpatterngenerator.PreferencesActivity"]}, {"594e47edc6723864bd1a6d27fee9e8e0": ["0", "in.shick.lockpatterngenerator.GeneratorActivity"]}, {"594e47edc6723864bd1a6d27fee9e8e0": ["0", "in.shick.lockpatterngenerator.GeneratorActivity"]}, {"602578587de6e24880e11312329490c4": ["2", "in.shick.lockpatterngenerator.PreferencesActivity"]}, {"602578587de6e24880e11312329490c4": ["2", "in.shick.lockpatterngenerator.PreferencesActivity"]}, {"602578587de6e24880e11312329490c4": ["2", "in.shick.lockpatterngenerator.PreferencesActivity"]}, {"602578587de6e24880e11312329490c4": ["2", "in.shick.lockpatterngenerator.PreferencesActivity"]}, {"602578587de6e24880e11312329490c4": ["2", "in.shick.lockpatterngenerator.PreferencesActivity"]}, {"602578587de6e24880e11312329490c4": ["2", "in.shick.lockpatterngenerator.PreferencesActivity"]}, {"602578587de6e24880e11312329490c4": ["2", "in.shick.lockpatterngenerator.PreferencesActivity"]}, {"2fb606b0506740049aafb651f3fbcc54": ["3", "in.shick.lockpatterngenerator.PreferencesActivity"]}, {"602578587de6e24880e11312329490c4": ["2", "in.shick.lockpatterngenerator.PreferencesActivity"]}, {"602578587de6e24880e11312329490c4": ["2", "in.shick.lockpatterngenerator.PreferencesActivity"]}, {"602578587de6e24880e11312329490c4": ["2", "in.shick.lockpatterngenerator.PreferencesActivity"]}, {"602578587de6e24880e11312329490c4": ["2", "in.shick.lockpatterngenerator.PreferencesActivity"]}, {"602578587de6e24880e11312329490c4": ["2", "in.shick.lockpatterngenerator.PreferencesActivity"]}, {"594e47edc6723864bd1a6d27fee9e8e0": ["0", "in.shick.lockpatterngenerator.GeneratorActivity"]}, {"594e47edc6723864bd1a6d27fee9e8e0": ["0", "in.shick.lockpatterngenerator.GeneratorActivity"]}, {"594e47edc6723864bd1a6d27fee9e8e0": ["0", "in.shick.lockpatterngenerator.GeneratorActivity"]}, {"594e47edc6723864bd1a6d27fee9e8e0": ["0", "in.shick.lockpatterngenerator.GeneratorActivity"]}, {"594e47edc6723864bd1a6d27fee9e8e0": ["0", "in.shick.lockpatterngenerator.GeneratorActivity"]}, {"594e47edc6723864bd1a6d27fee9e8e0": ["0", "in.shick.lockpatterngenerator.GeneratorActivity"]}, {"602578587de6e24880e11312329490c4": ["2", "in.shick.lockpatterngenerator.PreferencesActivity"]}, {"602578587de6e24880e11312329490c4": ["2", "in.shick.lockpatterngenerator.PreferencesActivity"]}, {"2fb606b0506740049aafb651f3fbcc54": ["3", "in.shick.lockpatterngenerator.PreferencesActivity"]}, {"602578587de6e24880e11312329490c4": ["2", "in.shick.lockpatterngenerator.PreferencesActivity"]}, {"2fb606b0506740049aafb651f3fbcc54": ["3", "in.shick.lockpatterngenerator.PreferencesActivity"]}, {"602578587de6e24880e11312329490c4": ["2", "in.shick.lockpatterngenerator.PreferencesActivity"]}, {"602578587de6e24880e11312329490c4": ["2", "in.shick.lockpatterngenerator.PreferencesActivity"]}, {"602578587de6e24880e11312329490c4": ["2", "in.shick.lockpatterngenerator.PreferencesActivity"]}, {"602578587de6e24880e11312329490c4": ["2", "in.shick.lockpatterngenerator.PreferencesActivity"]}, {"602578587de6e24880e11312329490c4": ["2", "in.shick.lockpatterngenerator.PreferencesActivity"]}, {"2fb606b0506740049aafb651f3fbcc54": ["3", "in.shick.lockpatterngenerator.PreferencesActivity"]}, {"602578587de6e24880e11312329490c4": ["2", "in.shick.lockpatterngenerator.PreferencesActivity"]}, {"2fb606b0506740049aafb651f3fbcc54": ["3", "in.shick.lockpatterngenerator.PreferencesActivity"]}, {"602578587de6e24880e11312329490c4": ["2", "in.shick.lockpatterngenerator.PreferencesActivity"]}, {"602578587de6e24880e11312329490c4": ["2", "in.shick.lockpatterngenerator.PreferencesActivity"]}, {"602578587de6e24880e11312329490c4": ["2", "in.shick.lockpatterngenerator.PreferencesActivity"]}, {"602578587de6e24880e11312329490c4": ["2", "in.shick.lockpatterngenerator.PreferencesActivity"]}, {"602578587de6e24880e11312329490c4": ["2", "in.shick.lockpatterngenerator.PreferencesActivity"]}, {"602578587de6e24880e11312329490c4": ["2", "in.shick.lockpatterngenerator.PreferencesActivity"]}, {"602578587de6e24880e11312329490c4": ["2", "in.shick.lockpatterngenerator.PreferencesActivity"]}, {"602578587de6e24880e11312329490c4": ["2", "in.shick.lockpatterngenerator.PreferencesActivity"]}, {"f39a3370ef9c2005140788ebe2bdd1d1": ["4", "in.shick.lockpatterngenerator.PreferencesActivity"]}, {"602578587de6e24880e11312329490c4": ["2", "in.shick.lockpatterngenerator.PreferencesActivity"]}, {"602578587de6e24880e11312329490c4": ["2", "in.shick.lockpatterngenerator.PreferencesActivity"]}, {"602578587de6e24880e11312329490c4": ["2", "in.shick.lockpatterngenerator.PreferencesActivity"]}, {"602578587de6e24880e11312329490c4": ["2", "in.shick.lockpatterngenerator.PreferencesActivity"]}, {"602578587de6e24880e11312329490c4": ["2", "in.shick.lockpatterngenerator.PreferencesActivity"]}, {"602578587de6e24880e11312329490c4": ["2", "in.shick.lockpatterngenerator.PreferencesActivity"]}, {"602578587de6e24880e11312329490c4": ["2", "in.shick.lockpatterngenerator.PreferencesActivity"]}, {"602578587de6e24880e11312329490c4": ["2", "in.shick.lockpatterngenerator.PreferencesActivity"]}, {"602578587de6e24880e11312329490c4": ["2", "in.shick.lockpatterngenerator.PreferencesActivity"]}, {"602578587de6e24880e11312329490c4": ["2", "in.shick.lockpatterngenerator.PreferencesActivity"]}, {"602578587de6e24880e11312329490c4": ["2", "in.shick.lockpatterngenerator.PreferencesActivity"]}, {"f39a3370ef9c2005140788ebe2bdd1d1": ["4", "in.shick.lockpatterngenerator.PreferencesActivity"]}, {"602578587de6e24880e11312329490c4": ["2", "in.shick.lockpatterngenerator.PreferencesActivity"]}, {"602578587de6e24880e11312329490c4": ["2", "in.shick.lockpatterngenerator.PreferencesActivity"]}, {"602578587de6e24880e11312329490c4": ["2", "in.shick.lockpatterngenerator.PreferencesActivity"]}, {"602578587de6e24880e11312329490c4": ["2", "in.shick.lockpatterngenerator.PreferencesActivity"]}, {"602578587de6e24880e11312329490c4": ["2", "in.shick.lockpatterngenerator.PreferencesActivity"]}, {"602578587de6e24880e11312329490c4": ["2", "in.shick.lockpatterngenerator.PreferencesActivity"]}, {"602578587de6e24880e11312329490c4": ["2", "in.shick.lockpatterngenerator.PreferencesActivity"]}, {"f39a3370ef9c2005140788ebe2bdd1d1": ["4", "in.shick.lockpatterngenerator.PreferencesActivity"]}, {"602578587de6e24880e11312329490c4": ["2", "in.shick.lockpatterngenerator.PreferencesActivity"]}, {"602578587de6e24880e11312329490c4": ["2", "in.shick.lockpatterngenerator.PreferencesActivity"]}, {"602578587de6e24880e11312329490c4": ["2", "in.shick.lockpatterngenerator.PreferencesActivity"]}, {"602578587de6e24880e11312329490c4": ["2", "in.shick.lockpatterngenerator.PreferencesActivity"]}, {"602578587de6e24880e11312329490c4": ["2", "in.shick.lockpatterngenerator.PreferencesActivity"]}, {"602578587de6e24880e11312329490c4": ["2", "in.shick.lockpatterngenerator.PreferencesActivity"]}, {"f39a3370ef9c2005140788ebe2bdd1d1": ["4", "in.shick.lockpatterngenerator.PreferencesActivity"]}, {"602578587de6e24880e11312329490c4": ["2", "in.shick.lockpatterngenerator.PreferencesActivity"]}, {"602578587de6e24880e11312329490c4": ["2", "in.shick.lockpatterngenerator.PreferencesActivity"]}, {"602578587de6e24880e11312329490c4": ["2", "in.shick.lockpatterngenerator.PreferencesActivity"]}, {"f39a3370ef9c2005140788ebe2bdd1d1": ["4", "in.shick.lockpatterngenerator.PreferencesActivity"]}, {"602578587de6e24880e11312329490c4": ["2", "in.shick.lockpatterngenerator.PreferencesActivity"]}, {"602578587de6e24880e11312329490c4": ["2", "in.shick.lockpatterngenerator.PreferencesActivity"]}, {"602578587de6e24880e11312329490c4": ["2", "in.shick.lockpatterngenerator.PreferencesActivity"]}, {"602578587de6e24880e11312329490c4": ["2", "in.shick.lockpatterngenerator.PreferencesActivity"]}, {"602578587de6e24880e11312329490c4": ["2", "in.shick.lockpatterngenerator.PreferencesActivity"]}, {"602578587de6e24880e11312329490c4": ["2", "in.shick.lockpatterngenerator.PreferencesActivity"]}, {"f39a3370ef9c2005140788ebe2bdd1d1": ["4", "in.shick.lockpatterngenerator.PreferencesActivity"]}, {"602578587de6e24880e11312329490c4": ["2", "in.shick.lockpatterngenerator.PreferencesActivity"]}, {"602578587de6e24880e11312329490c4": ["2", "in.shick.lockpatterngenerator.PreferencesActivity"]}, {"594e47edc6723864bd1a6d27fee9e8e0": ["0", "in.shick.lockpatterngenerator.GeneratorActivity"]}, {"594e47edc6723864bd1a6d27fee9e8e0": ["0", "in.shick.lockpatterngenerator.GeneratorActivity"]}, {"594e47edc6723864bd1a6d27fee9e8e0": ["0", "in.shick.lockpatterngenerator.GeneratorActivity"]}, {"594e47edc6723864bd1a6d27fee9e8e0": ["0", "in.shick.lockpatterngenerator.GeneratorActivity"]}, {"594e47edc6723864bd1a6d27fee9e8e0": ["0", "in.shick.lockpatterngenerator.GeneratorActivity"]}, {"594e47edc6723864bd1a6d27fee9e8e0": ["0", "in.shick.lockpatterngenerator.GeneratorActivity"]}, {"602578587de6e24880e11312329490c4": ["2", "in.shick.lockpatterngenerator.PreferencesActivity"]}, {"602578587de6e24880e11312329490c4": ["2", "in.shick.lockpatterngenerator.PreferencesActivity"]}, {"602578587de6e24880e11312329490c4": ["2", "in.shick.lockpatterngenerator.PreferencesActivity"]}, {"594e47edc6723864bd1a6d27fee9e8e0": ["0", "in.shick.lockpatterngenerator.GeneratorActivity"]}, {"594e47edc6723864bd1a6d27fee9e8e0": ["0", "in.shick.lockpatterngenerator.GeneratorActivity"]}, {"594e47edc6723864bd1a6d27fee9e8e0": ["0", "in.shick.lockpatterngenerator.GeneratorActivity"]}, {"594e47edc6723864bd1a6d27fee9e8e0": ["0", "in.shick.lockpatterngenerator.GeneratorActivity"]}, {"594e47edc6723864bd1a6d27fee9e8e0": ["0", "in.shick.lockpatterngenerator.GeneratorActivity"]}, {"594e47edc6723864bd1a6d27fee9e8e0": ["0", "in.shick.lockpatterngenerator.GeneratorActivity"]}, {"594e47edc6723864bd1a6d27fee9e8e0": ["0", "in.shick.lockpatterngenerator.GeneratorActivity"]}, {"602578587de6e24880e11312329490c4": ["2", "in.shick.lockpatterngenerator.PreferencesActivity"]}, {"602578587de6e24880e11312329490c4": ["2", "in.shick.lockpatterngenerator.PreferencesActivity"]}, {"602578587de6e24880e11312329490c4": ["2", "in.shick.lockpatterngenerator.PreferencesActivity"]}, {"2fb606b0506740049aafb651f3fbcc54": ["3", "in.shick.lockpatterngenerator.PreferencesActivity"]}, {"602578587de6e24880e11312329490c4": ["2", "in.shick.lockpatterngenerator.PreferencesActivity"]}, {"f39a3370ef9c2005140788ebe2bdd1d1": ["4", "in.shick.lockpatterngenerator.PreferencesActivity"]}, {"602578587de6e24880e11312329490c4": ["2", "in.shick.lockpatterngenerator.PreferencesActivity"]}, {"602578587de6e24880e11312329490c4": ["2", "in.shick.lockpatterngenerator.PreferencesActivity"]}, {"602578587de6e24880e11312329490c4": ["2", "in.shick.lockpatterngenerator.PreferencesActivity"]}, {"602578587de6e24880e11312329490c4": ["2", "in.shick.lockpatterngenerator.PreferencesActivity"]}, {"602578587de6e24880e11312329490c4": ["2", "in.shick.lockpatterngenerator.PreferencesActivity"]}, {"f39a3370ef9c2005140788ebe2bdd1d1": ["4", "in.shick.lockpatterngenerator.PreferencesActivity"]}, {"602578587de6e24880e11312329490c4": ["2", "in.shick.lockpatterngenerator.PreferencesActivity"]}, {"602578587de6e24880e11312329490c4": ["2", "in.shick.lockpatterngenerator.PreferencesActivity"]}, {"602578587de6e24880e11312329490c4": ["2", "in.shick.lockpatterngenerator.PreferencesActivity"]}, {"602578587de6e24880e11312329490c4": ["2", "in.shick.lockpatterngenerator.PreferencesActivity"]}, {"602578587de6e24880e11312329490c4": ["2", "in.shick.lockpatterngenerator.PreferencesActivity"]}, {"602578587de6e24880e11312329490c4": ["2", "in.shick.lockpatterngenerator.PreferencesActivity"]}, {"602578587de6e24880e11312329490c4": ["2", "in.shick.lockpatterngenerator.PreferencesActivity"]}, {"602578587de6e24880e11312329490c4": ["2", "in.shick.lockpatterngenerator.PreferencesActivity"]}, {"602578587de6e24880e11312329490c4": ["2", "in.shick.lockpatterngenerator.PreferencesActivity"]}, {"602578587de6e24880e11312329490c4": ["2", "in.shick.lockpatterngenerator.PreferencesActivity"]}, {"602578587de6e24880e11312329490c4": ["2", "in.shick.lockpatterngenerator.PreferencesActivity"]}, {"602578587de6e24880e11312329490c4": ["2", "in.shick.lockpatterngenerator.PreferencesActivity"]}, {"602578587de6e24880e11312329490c4": ["2", "in.shick.lockpatterngenerator.PreferencesActivity"]}, {"602578587de6e24880e11312329490c4": ["2", "in.shick.lockpatterngenerator.PreferencesActivity"]}, {"602578587de6e24880e11312329490c4": ["2", "in.shick.lockpatterngenerator.PreferencesActivity"]}, {"602578587de6e24880e11312329490c4": ["2", "in.shick.lockpatterngenerator.PreferencesActivity"]}, {"602578587de6e24880e11312329490c4": ["2", "in.shick.lockpatterngenerator.PreferencesActivity"]}, {"602578587de6e24880e11312329490c4": ["2", "in.shick.lockpatterngenerator.PreferencesActivity"]}, {"602578587de6e24880e11312329490c4": ["2", "in.shick.lockpatterngenerator.PreferencesActivity"]}, {"602578587de6e24880e11312329490c4": ["2", "in.shick.lockpatterngenerator.PreferencesActivity"]}, {"594e47edc6723864bd1a6d27fee9e8e0": ["0", "in.shick.lockpatterngenerator.GeneratorActivity"]}, {"602578587de6e24880e11312329490c4": ["2", "in.shick.lockpatterngenerator.PreferencesActivity"]}, {"602578587de6e24880e11312329490c4": ["2", "in.shick.lockpatterngenerator.PreferencesActivity"]}, {"2fb606b0506740049aafb651f3fbcc54": ["3", "in.shick.lockpatterngenerator.PreferencesActivity"]}, {"602578587de6e24880e11312329490c4": ["2", "in.shick.lockpatterngenerator.PreferencesActivity"]}, {"2fb606b0506740049aafb651f3fbcc54": ["3", "in.shick.lockpatterngenerator.PreferencesActivity"]}, {"602578587de6e24880e11312329490c4": ["2", "in.shick.lockpatterngenerator.PreferencesActivity"]}, {"f39a3370ef9c2005140788ebe2bdd1d1": ["4", "in.shick.lockpatterngenerator.PreferencesActivity"]}, {"602578587de6e24880e11312329490c4": ["2", "in.shick.lockpatterngenerator.PreferencesActivity"]}, {"602578587de6e24880e11312329490c4": ["2", "in.shick.lockpatterngenerator.PreferencesActivity"]}, {"602578587de6e24880e11312329490c4": ["2", "in.shick.lockpatterngenerator.PreferencesActivity"]}, {"602578587de6e24880e11312329490c4": ["2", "in.shick.lockpatterngenerator.PreferencesActivity"]}, {"602578587de6e24880e11312329490c4": ["2", "in.shick.lockpatterngenerator.PreferencesActivity"]}, {"602578587de6e24880e11312329490c4": ["2", "in.shick.lockpatterngenerator.PreferencesActivity"]}, {"602578587de6e24880e11312329490c4": ["2", "in.shick.lockpatterngenerator.PreferencesActivity"]}, {"602578587de6e24880e11312329490c4": ["2", "in.shick.lockpatterngenerator.PreferencesActivity"]}, {"602578587de6e24880e11312329490c4": ["2", "in.shick.lockpatterngenerator.PreferencesActivity"]}, {"602578587de6e24880e11312329490c4": ["2", "in.shick.lockpatterngenerator.PreferencesActivity"]}, {"602578587de6e24880e11312329490c4": ["2", "in.shick.lockpatterngenerator.PreferencesActivity"]}, {"602578587de6e24880e11312329490c4": ["2", "in.shick.lockpatterngenerator.PreferencesActivity"]}, {"602578587de6e24880e11312329490c4": ["2", "in.shick.lockpatterngenerator.PreferencesActivity"]}, {"f39a3370ef9c2005140788ebe2bdd1d1": ["4", "in.shick.lockpatterngenerator.PreferencesActivity"]}, {"602578587de6e24880e11312329490c4": ["2", "in.shick.lockpatterngenerator.PreferencesActivity"]}, {"f39a3370ef9c2005140788ebe2bdd1d1": ["4", "in.shick.lockpatterngenerator.PreferencesActivity"]}, {"602578587de6e24880e11312329490c4": ["2", "in.shick.lockpatterngenerator.PreferencesActivity"]}, {"602578587de6e24880e11312329490c4": ["2", "in.shick.lockpatterngenerator.PreferencesActivity"]}, {"602578587de6e24880e11312329490c4": ["2", "in.shick.lockpatterngenerator.PreferencesActivity"]}, {"602578587de6e24880e11312329490c4": ["2", "in.shick.lockpatterngenerator.PreferencesActivity"]}, {"f39a3370ef9c2005140788ebe2bdd1d1": ["4", "in.shick.lockpatterngenerator.PreferencesActivity"]}, {"602578587de6e24880e11312329490c4": ["2", "in.shick.lockpatterngenerator.PreferencesActivity"]}, {"602578587de6e24880e11312329490c4": ["2", "in.shick.lockpatterngenerator.PreferencesActivity"]}, {"602578587de6e24880e11312329490c4": ["2", "in.shick.lockpatterngenerator.PreferencesActivity"]}, {"602578587de6e24880e11312329490c4": ["2", "in.shick.lockpatterngenerator.PreferencesActivity"]}, {"602578587de6e24880e11312329490c4": ["2", "in.shick.lockpatterngenerator.PreferencesActivity"]}, {"2fb606b0506740049aafb651f3fbcc54": ["3", "in.shick.lockpatterngenerator.PreferencesActivity"]}, {"602578587de6e24880e11312329490c4": ["2", "in.shick.lockpatterngenerator.PreferencesActivity"]}, {"602578587de6e24880e11312329490c4": ["2", "in.shick.lockpatterngenerator.PreferencesActivity"]}, {"602578587de6e24880e11312329490c4": ["2", "in.shick.lockpatterngenerator.PreferencesActivity"]}, {"602578587de6e24880e11312329490c4": ["2", "in.shick.lockpatterngenerator.PreferencesActivity"]}, {"2fb606b0506740049aafb651f3fbcc54": ["3", "in.shick.lockpatterngenerator.PreferencesActivity"]}, {"602578587de6e24880e11312329490c4": ["2", "in.shick.lockpatterngenerator.PreferencesActivity"]}, {"602578587de6e24880e11312329490c4": ["2", "in.shick.lockpatterngenerator.PreferencesActivity"]}, {"602578587de6e24880e11312329490c4": ["2", "in.shick.lockpatterngenerator.PreferencesActivity"]}, {"602578587de6e24880e11312329490c4": ["2", "in.shick.lockpatterngenerator.PreferencesActivity"]}, {"602578587de6e24880e11312329490c4": ["2", "in.shick.lockpatterngenerator.PreferencesActivity"]}, {"2fb606b0506740049aafb651f3fbcc54": ["3", "in.shick.lockpatterngenerator.PreferencesActivity"]}, {"602578587de6e24880e11312329490c4": ["2", "in.shick.lockpatterngenerator.PreferencesActivity"]}, {"f39a3370ef9c2005140788ebe2bdd1d1": ["4", "in.shick.lockpatterngenerator.PreferencesActivity"]}, {"594e47edc6723864bd1a6d27fee9e8e0": ["0", "in.shick.lockpatterngenerator.GeneratorActivity"]}, {"594e47edc6723864bd1a6d27fee9e8e0": ["0", "in.shick.lockpatterngenerator.GeneratorActivity"]}, {"594e47edc6723864bd1a6d27fee9e8e0": ["0", "in.shick.lockpatterngenerator.GeneratorActivity"]}, {"594e47edc6723864bd1a6d27fee9e8e0": ["0", "in.shick.lockpatterngenerator.GeneratorActivity"]}, {"594e47edc6723864bd1a6d27fee9e8e0": ["0", "in.shick.lockpatterngenerator.GeneratorActivity"]}, {"602578587de6e24880e11312329490c4": ["2", "in.shick.lockpatterngenerator.PreferencesActivity"]}, {"602578587de6e24880e11312329490c4": ["2", "in.shick.lockpatterngenerator.PreferencesActivity"]}, {"2fb606b0506740049aafb651f3fbcc54": ["3", "in.shick.lockpatterngenerator.PreferencesActivity"]}, {"602578587de6e24880e11312329490c4": ["2", "in.shick.lockpatterngenerator.PreferencesActivity"]}, {"602578587de6e24880e11312329490c4": ["2", "in.shick.lockpatterngenerator.PreferencesActivity"]}, {"602578587de6e24880e11312329490c4": ["2", "in.shick.lockpatterngenerator.PreferencesActivity"]}, {"602578587de6e24880e11312329490c4": ["2", "in.shick.lockpatterngenerator.PreferencesActivity"]}, {"602578587de6e24880e11312329490c4": ["2", "in.shick.lockpatterngenerator.PreferencesActivity"]}, {"f39a3370ef9c2005140788ebe2bdd1d1": ["4", "in.shick.lockpatterngenerator.PreferencesActivity"]}, {"602578587de6e24880e11312329490c4": ["2", "in.shick.lockpatterngenerator.PreferencesActivity"]}, {"602578587de6e24880e11312329490c4": ["2", "in.shick.lockpatterngenerator.PreferencesActivity"]}, {"602578587de6e24880e11312329490c4": ["2", "in.shick.lockpatterngenerator.PreferencesActivity"]}, {"602578587de6e24880e11312329490c4": ["2", "in.shick.lockpatterngenerator.PreferencesActivity"]}, {"602578587de6e24880e11312329490c4": ["2", "in.shick.lockpatterngenerator.PreferencesActivity"]}, {"f39a3370ef9c2005140788ebe2bdd1d1": ["4", "in.shick.lockpatterngenerator.PreferencesActivity"]}, {"602578587de6e24880e11312329490c4": ["2", "in.shick.lockpatterngenerator.PreferencesActivity"]}, {"602578587de6e24880e11312329490c4": ["2", "in.shick.lockpatterngenerator.PreferencesActivity"]}, {"602578587de6e24880e11312329490c4": ["2", "in.shick.lockpatterngenerator.PreferencesActivity"]}, {"f39a3370ef9c2005140788ebe2bdd1d1": ["4", "in.shick.lockpatterngenerator.PreferencesActivity"]}, {"602578587de6e24880e11312329490c4": ["2", "in.shick.lockpatterngenerator.PreferencesActivity"]}, {"602578587de6e24880e11312329490c4": ["2", "in.shick.lockpatterngenerator.PreferencesActivity"]}, {"2fb606b0506740049aafb651f3fbcc54": ["3", "in.shick.lockpatterngenerator.PreferencesActivity"]}, {"602578587de6e24880e11312329490c4": ["2", "in.shick.lockpatterngenerator.PreferencesActivity"]}, {"f39a3370ef9c2005140788ebe2bdd1d1": ["4", "in.shick.lockpatterngenerator.PreferencesActivity"]}, {"602578587de6e24880e11312329490c4": ["2", "in.shick.lockpatterngenerator.PreferencesActivity"]}, {"602578587de6e24880e11312329490c4": ["2", "in.shick.lockpatterngenerator.PreferencesActivity"]}, {"602578587de6e24880e11312329490c4": ["2", "in.shick.lockpatterngenerator.PreferencesActivity"]}, {"602578587de6e24880e11312329490c4": ["2", "in.shick.lockpatterngenerator.PreferencesActivity"]}, {"f39a3370ef9c2005140788ebe2bdd1d1": ["4", "in.shick.lockpatterngenerator.PreferencesActivity"]}, {"602578587de6e24880e11312329490c4": ["2", "in.shick.lockpatterngenerator.PreferencesActivity"]}, {"602578587de6e24880e11312329490c4": ["2", "in.shick.lockpatterngenerator.PreferencesActivity"]}, {"602578587de6e24880e11312329490c4": ["2", "in.shick.lockpatterngenerator.PreferencesActivity"]}, {"602578587de6e24880e11312329490c4": ["2", "in.shick.lockpatterngenerator.PreferencesActivity"]}, {"602578587de6e24880e11312329490c4": ["2", "in.shick.lockpatterngenerator.PreferencesActivity"]}, {"602578587de6e24880e11312329490c4": ["2", "in.shick.lockpatterngenerator.PreferencesActivity"]}, {"602578587de6e24880e11312329490c4": ["2", "in.shick.lockpatterngenerator.PreferencesActivity"]}, {"602578587de6e24880e11312329490c4": ["2", "in.shick.lockpatterngenerator.PreferencesActivity"]}, {"602578587de6e24880e11312329490c4": ["2", "in.shick.lockpatterngenerator.PreferencesActivity"]}, {"602578587de6e24880e11312329490c4": ["2", "in.shick.lockpatterngenerator.PreferencesActivity"]}, {"602578587de6e24880e11312329490c4": ["2", "in.shick.lockpatterngenerator.PreferencesActivity"]}, {"602578587de6e24880e11312329490c4": ["2", "in.shick.lockpatterngenerator.PreferencesActivity"]}, {"602578587de6e24880e11312329490c4": ["2", "in.shick.lockpatterngenerator.PreferencesActivity"]}, {"2fb606b0506740049aafb651f3fbcc54": ["3", "in.shick.lockpatterngenerator.PreferencesActivity"]}, {"602578587de6e24880e11312329490c4": ["2", "in.shick.lockpatterngenerator.PreferencesActivity"]}, {"602578587de6e24880e11312329490c4": ["2", "in.shick.lockpatterngenerator.PreferencesActivity"]}, {"602578587de6e24880e11312329490c4": ["2", "in.shick.lockpatterngenerator.PreferencesActivity"]}, {"602578587de6e24880e11312329490c4": ["2", "in.shick.lockpatterngenerator.PreferencesActivity"]}, {"602578587de6e24880e11312329490c4": ["2", "in.shick.lockpatterngenerator.PreferencesActivity"]}, {"602578587de6e24880e11312329490c4": ["2", "in.shick.lockpatterngenerator.PreferencesActivity"]}, {"602578587de6e24880e11312329490c4": ["2", "in.shick.lockpatterngenerator.PreferencesActivity"]}, {"602578587de6e24880e11312329490c4": ["2", "in.shick.lockpatterngenerator.PreferencesActivity"]}, {"602578587de6e24880e11312329490c4": ["2", "in.shick.lockpatterngenerator.PreferencesActivity"]}, {"602578587de6e24880e11312329490c4": ["2", "in.shick.lockpatterngenerator.PreferencesActivity"]}, {"602578587de6e24880e11312329490c4": ["2", "in.shick.lockpatterngenerator.PreferencesActivity"]}, {"602578587de6e24880e11312329490c4": ["2", "in.shick.lockpatterngenerator.PreferencesActivity"]}, {"602578587de6e24880e11312329490c4": ["2", "in.shick.lockpatterngenerator.PreferencesActivity"]}, {"602578587de6e24880e11312329490c4": ["2", "in.shick.lockpatterngenerator.PreferencesActivity"]}, {"f39a3370ef9c2005140788ebe2bdd1d1": ["4", "in.shick.lockpatterngenerator.PreferencesActivity"]}, {"602578587de6e24880e11312329490c4": ["2", "in.shick.lockpatterngenerator.PreferencesActivity"]}, {"602578587de6e24880e11312329490c4": ["2", "in.shick.lockpatterngenerator.PreferencesActivity"]}, {"602578587de6e24880e11312329490c4": ["2", "in.shick.lockpatterngenerator.PreferencesActivity"]}, {"602578587de6e24880e11312329490c4": ["2", "in.shick.lockpatterngenerator.PreferencesActivity"]}, {"602578587de6e24880e11312329490c4": ["2", "in.shick.lockpatterngenerator.PreferencesActivity"]}, {"602578587de6e24880e11312329490c4": ["2", "in.shick.lockpatterngenerator.PreferencesActivity"]}, {"2fb606b0506740049aafb651f3fbcc54": ["3", "in.shick.lockpatterngenerator.PreferencesActivity"]}, {"602578587de6e24880e11312329490c4": ["2", "in.shick.lockpatterngenerator.PreferencesActivity"]}, {"602578587de6e24880e11312329490c4": ["2", "in.shick.lockpatterngenerator.PreferencesActivity"]}, {"602578587de6e24880e11312329490c4": ["2", "in.shick.lockpatterngenerator.PreferencesActivity"]}, {"602578587de6e24880e11312329490c4": ["2", "in.shick.lockpatterngenerator.PreferencesActivity"]}, {"602578587de6e24880e11312329490c4": ["2", "in.shick.lockpatterngenerator.PreferencesActivity"]}, {"602578587de6e24880e11312329490c4": ["2", "in.shick.lockpatterngenerator.PreferencesActivity"]}, {"2fb606b0506740049aafb651f3fbcc54": ["3", "in.shick.lockpatterngenerator.PreferencesActivity"]}, {"602578587de6e24880e11312329490c4": ["2", "in.shick.lockpatterngenerator.PreferencesActivity"]}, {"602578587de6e24880e11312329490c4": ["2", "in.shick.lockpatterngenerator.PreferencesActivity"]}, {"602578587de6e24880e11312329490c4": ["2", "in.shick.lockpatterngenerator.PreferencesActivity"]}, {"602578587de6e24880e11312329490c4": ["2", "in.shick.lockpatterngenerator.PreferencesActivity"]}, {"602578587de6e24880e11312329490c4": ["2", "in.shick.lockpatterngenerator.PreferencesActivity"]}, {"602578587de6e24880e11312329490c4": ["2", "in.shick.lockpatterngenerator.PreferencesActivity"]}, {"602578587de6e24880e11312329490c4": ["2", "in.shick.lockpatterngenerator.PreferencesActivity"]}, {"602578587de6e24880e11312329490c4": ["2", "in.shick.lockpatterngenerator.PreferencesActivity"]}, {"f39a3370ef9c2005140788ebe2bdd1d1": ["4", "in.shick.lockpatterngenerator.PreferencesActivity"]}, {"602578587de6e24880e11312329490c4": ["2", "in.shick.lockpatterngenerator.PreferencesActivity"]}, {"602578587de6e24880e11312329490c4": ["2", "in.shick.lockpatterngenerator.PreferencesActivity"]}, {"602578587de6e24880e11312329490c4": ["2", "in.shick.lockpatterngenerator.PreferencesActivity"]}, {"602578587de6e24880e11312329490c4": ["2", "in.shick.lockpatterngenerator.PreferencesActivity"]}, {"2fb606b0506740049aafb651f3fbcc54": ["3", "in.shick.lockpatterngenerator.PreferencesActivity"]}, {"602578587de6e24880e11312329490c4": ["2", "in.shick.lockpatterngenerator.PreferencesActivity"]}, {"2fb606b0506740049aafb651f3fbcc54": ["3", "in.shick.lockpatterngenerator.PreferencesActivity"]}, {"602578587de6e24880e11312329490c4": ["2", "in.shick.lockpatterngenerator.PreferencesActivity"]}, {"2fb606b0506740049aafb651f3fbcc54": ["3", "in.shick.lockpatterngenerator.PreferencesActivity"]}, {"602578587de6e24880e11312329490c4": ["2", "in.shick.lockpatterngenerator.PreferencesActivity"]}, {"2fb606b0506740049aafb651f3fbcc54": ["3", "in.shick.lockpatterngenerator.PreferencesActivity"]}, {"602578587de6e24880e11312329490c4": ["2", "in.shick.lockpatterngenerator.PreferencesActivity"]}, {"f39a3370ef9c2005140788ebe2bdd1d1": ["4", "in.shick.lockpatterngenerator.PreferencesActivity"]}, {"602578587de6e24880e11312329490c4": ["2", "in.shick.lockpatterngenerator.PreferencesActivity"]}, {"f39a3370ef9c2005140788ebe2bdd1d1": ["4", "in.shick.lockpatterngenerator.PreferencesActivity"]}, {"602578587de6e24880e11312329490c4": ["2", "in.shick.lockpatterngenerator.PreferencesActivity"]}, {"602578587de6e24880e11312329490c4": ["2", "in.shick.lockpatterngenerator.PreferencesActivity"]}, {"602578587de6e24880e11312329490c4": ["2", "in.shick.lockpatterngenerator.PreferencesActivity"]}, {"602578587de6e24880e11312329490c4": ["2", "in.shick.lockpatterngenerator.PreferencesActivity"]}, {"602578587de6e24880e11312329490c4": ["2", "in.shick.lockpatterngenerator.PreferencesActivity"]}, {"602578587de6e24880e11312329490c4": ["2", "in.shick.lockpatterngenerator.PreferencesActivity"]}, {"602578587de6e24880e11312329490c4": ["2", "in.shick.lockpatterngenerator.PreferencesActivity"]}, {"602578587de6e24880e11312329490c4": ["2", "in.shick.lockpatterngenerator.PreferencesActivity"]}, {"602578587de6e24880e11312329490c4": ["2", "in.shick.lockpatterngenerator.PreferencesActivity"]}, {"602578587de6e24880e11312329490c4": ["2", "in.shick.lockpatterngenerator.PreferencesActivity"]}, {"602578587de6e24880e11312329490c4": ["2", "in.shick.lockpatterngenerator.PreferencesActivity"]}, {"602578587de6e24880e11312329490c4": ["2", "in.shick.lockpatterngenerator.PreferencesActivity"]}, {"602578587de6e24880e11312329490c4": ["2", "in.shick.lockpatterngenerator.PreferencesActivity"]}, {"602578587de6e24880e11312329490c4": ["2", "in.shick.lockpatterngenerator.PreferencesActivity"]}, {"602578587de6e24880e11312329490c4": ["2", "in.shick.lockpatterngenerator.PreferencesActivity"]}, {"602578587de6e24880e11312329490c4": ["2", "in.shick.lockpatterngenerator.PreferencesActivity"]}, {"602578587de6e24880e11312329490c4": ["2", "in.shick.lockpatterngenerator.PreferencesActivity"]}, {"602578587de6e24880e11312329490c4": ["2", "in.shick.lockpatterngenerator.PreferencesActivity"]}, {"602578587de6e24880e11312329490c4": ["2", "in.shick.lockpatterngenerator.PreferencesActivity"]}, {"602578587de6e24880e11312329490c4": ["2", "in.shick.lockpatterngenerator.PreferencesActivity"]}, {"602578587de6e24880e11312329490c4": ["2", "in.shick.lockpatterngenerator.PreferencesActivity"]}, {"2fb606b0506740049aafb651f3fbcc54": ["3", "in.shick.lockpatterngenerator.PreferencesActivity"]}, {"602578587de6e24880e11312329490c4": ["2", "in.shick.lockpatterngenerator.PreferencesActivity"]}, {"2fb606b0506740049aafb651f3fbcc54": ["3", "in.shick.lockpatterngenerator.PreferencesActivity"]}, {"602578587de6e24880e11312329490c4": ["2", "in.shick.lockpatterngenerator.PreferencesActivity"]}, {"602578587de6e24880e11312329490c4": ["2", "in.shick.lockpatterngenerator.PreferencesActivity"]}, {"2fb606b0506740049aafb651f3fbcc54": ["3", "in.shick.lockpatterngenerator.PreferencesActivity"]}, {"602578587de6e24880e11312329490c4": ["2", "in.shick.lockpatterngenerator.PreferencesActivity"]}, {"602578587de6e24880e11312329490c4": ["2", "in.shick.lockpatterngenerator.PreferencesActivity"]}, {"602578587de6e24880e11312329490c4": ["2", "in.shick.lockpatterngenerator.PreferencesActivity"]}, {"602578587de6e24880e11312329490c4": ["2", "in.shick.lockpatterngenerator.PreferencesActivity"]}, {"602578587de6e24880e11312329490c4": ["2", "in.shick.lockpatterngenerator.PreferencesActivity"]}, {"2fb606b0506740049aafb651f3fbcc54": ["3", "in.shick.lockpatterngenerator.PreferencesActivity"]}, {"602578587de6e24880e11312329490c4": ["2", "in.shick.lockpatterngenerator.PreferencesActivity"]}, {"602578587de6e24880e11312329490c4": ["2", "in.shick.lockpatterngenerator.PreferencesActivity"]}, {"602578587de6e24880e11312329490c4": ["2", "in.shick.lockpatterngenerator.PreferencesActivity"]}, {"f39a3370ef9c2005140788ebe2bdd1d1": ["4", "in.shick.lockpatterngenerator.PreferencesActivity"]}, {"602578587de6e24880e11312329490c4": ["2", "in.shick.lockpatterngenerator.PreferencesActivity"]}, {"602578587de6e24880e11312329490c4": ["2", "in.shick.lockpatterngenerator.PreferencesActivity"]}, {"602578587de6e24880e11312329490c4": ["2", "in.shick.lockpatterngenerator.PreferencesActivity"]}, {"602578587de6e24880e11312329490c4": ["2", "in.shick.lockpatterngenerator.PreferencesActivity"]}, {"f39a3370ef9c2005140788ebe2bdd1d1": ["4", "in.shick.lockpatterngenerator.PreferencesActivity"]}, {"602578587de6e24880e11312329490c4": ["2", "in.shick.lockpatterngenerator.PreferencesActivity"]}, {"602578587de6e24880e11312329490c4": ["2", "in.shick.lockpatterngenerator.PreferencesActivity"]}, {"602578587de6e24880e11312329490c4": ["2", "in.shick.lockpatterngenerator.PreferencesActivity"]}, {"602578587de6e24880e11312329490c4": ["2", "in.shick.lockpatterngenerator.PreferencesActivity"]}, {"602578587de6e24880e11312329490c4": ["2", "in.shick.lockpatterngenerator.PreferencesActivity"]}, {"f39a3370ef9c2005140788ebe2bdd1d1": ["4", "in.shick.lockpatterngenerator.PreferencesActivity"]}, {"602578587de6e24880e11312329490c4": ["2", "in.shick.lockpatterngenerator.PreferencesActivity"]}, {"602578587de6e24880e11312329490c4": ["2", "in.shick.lockpatterngenerator.PreferencesActivity"]}, {"602578587de6e24880e11312329490c4": ["2", "in.shick.lockpatterngenerator.PreferencesActivity"]}, {"f39a3370ef9c2005140788ebe2bdd1d1": ["4", "in.shick.lockpatterngenerator.PreferencesActivity"]}, {"602578587de6e24880e11312329490c4": ["2", "in.shick.lockpatterngenerator.PreferencesActivity"]}, {"f39a3370ef9c2005140788ebe2bdd1d1": ["4", "in.shick.lockpatterngenerator.PreferencesActivity"]}, {"602578587de6e24880e11312329490c4": ["2", "in.shick.lockpatterngenerator.PreferencesActivity"]}, {"602578587de6e24880e11312329490c4": ["2", "in.shick.lockpatterngenerator.PreferencesActivity"]}, {"2fb606b0506740049aafb651f3fbcc54": ["3", "in.shick.lockpatterngenerator.PreferencesActivity"]}, {"602578587de6e24880e11312329490c4": ["2", "in.shick.lockpatterngenerator.PreferencesActivity"]}, {"602578587de6e24880e11312329490c4": ["2", "in.shick.lockpatterngenerator.PreferencesActivity"]}, {"602578587de6e24880e11312329490c4": ["2", "in.shick.lockpatterngenerator.PreferencesActivity"]}, {"602578587de6e24880e11312329490c4": ["2", "in.shick.lockpatterngenerator.PreferencesActivity"]}, {"602578587de6e24880e11312329490c4": ["2", "in.shick.lockpatterngenerator.PreferencesActivity"]}, {"602578587de6e24880e11312329490c4": ["2", "in.shick.lockpatterngenerator.PreferencesActivity"]}, {"602578587de6e24880e11312329490c4": ["2", "in.shick.lockpatterngenerator.PreferencesActivity"]}, {"602578587de6e24880e11312329490c4": ["2", "in.shick.lockpatterngenerator.PreferencesActivity"]}, {"602578587de6e24880e11312329490c4": ["2", "in.shick.lockpatterngenerator.PreferencesActivity"]}, {"602578587de6e24880e11312329490c4": ["2", "in.shick.lockpatterngenerator.PreferencesActivity"]}, {"602578587de6e24880e11312329490c4": ["2", "in.shick.lockpatterngenerator.PreferencesActivity"]}, {"602578587de6e24880e11312329490c4": ["2", "in.shick.lockpatterngenerator.PreferencesActivity"]}, {"f39a3370ef9c2005140788ebe2bdd1d1": ["4", "in.shick.lockpatterngenerator.PreferencesActivity"]}, {"602578587de6e24880e11312329490c4": ["2", "in.shick.lockpatterngenerator.PreferencesActivity"]}, {"602578587de6e24880e11312329490c4": ["2", "in.shick.lockpatterngenerator.PreferencesActivity"]}, {"602578587de6e24880e11312329490c4": ["2", "in.shick.lockpatterngenerator.PreferencesActivity"]}, {"602578587de6e24880e11312329490c4": ["2", "in.shick.lockpatterngenerator.PreferencesActivity"]}, {"602578587de6e24880e11312329490c4": ["2", "in.shick.lockpatterngenerator.PreferencesActivity"]}, {"2fb606b0506740049aafb651f3fbcc54": ["3", "in.shick.lockpatterngenerator.PreferencesActivity"]}, {"602578587de6e24880e11312329490c4": ["2", "in.shick.lockpatterngenerator.PreferencesActivity"]}, {"602578587de6e24880e11312329490c4": ["2", "in.shick.lockpatterngenerator.PreferencesActivity"]}, {"602578587de6e24880e11312329490c4": ["2", "in.shick.lockpatterngenerator.PreferencesActivity"]}, {"602578587de6e24880e11312329490c4": ["2", "in.shick.lockpatterngenerator.PreferencesActivity"]}, {"602578587de6e24880e11312329490c4": ["2", "in.shick.lockpatterngenerator.PreferencesActivity"]}, {"602578587de6e24880e11312329490c4": ["2", "in.shick.lockpatterngenerator.PreferencesActivity"]}, {"f39a3370ef9c2005140788ebe2bdd1d1": ["4", "in.shick.lockpatterngenerator.PreferencesActivity"]}, {"602578587de6e24880e11312329490c4": ["2", "in.shick.lockpatterngenerator.PreferencesActivity"]}, {"602578587de6e24880e11312329490c4": ["2", "in.shick.lockpatterngenerator.PreferencesActivity"]}, {"602578587de6e24880e11312329490c4": ["2", "in.shick.lockpatterngenerator.PreferencesActivity"]}, {"602578587de6e24880e11312329490c4": ["2", "in.shick.lockpatterngenerator.PreferencesActivity"]}, {"602578587de6e24880e11312329490c4": ["2", "in.shick.lockpatterngenerator.PreferencesActivity"]}, {"602578587de6e24880e11312329490c4": ["2", "in.shick.lockpatterngenerator.PreferencesActivity"]}, {"602578587de6e24880e11312329490c4": ["2", "in.shick.lockpatterngenerator.PreferencesActivity"]}, {"602578587de6e24880e11312329490c4": ["2", "in.shick.lockpatterngenerator.PreferencesActivity"]}, {"602578587de6e24880e11312329490c4": ["2", "in.shick.lockpatterngenerator.PreferencesActivity"]}, {"602578587de6e24880e11312329490c4": ["2", "in.shick.lockpatterngenerator.PreferencesActivity"]}, {"602578587de6e24880e11312329490c4": ["2", "in.shick.lockpatterngenerator.PreferencesActivity"]}, {"602578587de6e24880e11312329490c4": ["2", "in.shick.lockpatterngenerator.PreferencesActivity"]}, {"602578587de6e24880e11312329490c4": ["2", "in.shick.lockpatterngenerator.PreferencesActivity"]}, {"602578587de6e24880e11312329490c4": ["2", "in.shick.lockpatterngenerator.PreferencesActivity"]}, {"602578587de6e24880e11312329490c4": ["2", "in.shick.lockpatterngenerator.PreferencesActivity"]}, {"602578587de6e24880e11312329490c4": ["2", "in.shick.lockpatterngenerator.PreferencesActivity"]}, {"2fb606b0506740049aafb651f3fbcc54": ["3", "in.shick.lockpatterngenerator.PreferencesActivity"]}, {"602578587de6e24880e11312329490c4": ["2", "in.shick.lockpatterngenerator.PreferencesActivity"]}, {"602578587de6e24880e11312329490c4": ["2", "in.shick.lockpatterngenerator.PreferencesActivity"]}, {"602578587de6e24880e11312329490c4": ["2", "in.shick.lockpatterngenerator.PreferencesActivity"]}, {"602578587de6e24880e11312329490c4": ["2", "in.shick.lockpatterngenerator.PreferencesActivity"]}, {"602578587de6e24880e11312329490c4": ["2", "in.shick.lockpatterngenerator.PreferencesActivity"]}, {"602578587de6e24880e11312329490c4": ["2", "in.shick.lockpatterngenerator.PreferencesActivity"]}, {"f39a3370ef9c2005140788ebe2bdd1d1": ["4", "in.shick.lockpatterngenerator.PreferencesActivity"]}, {"602578587de6e24880e11312329490c4": ["2", "in.shick.lockpatterngenerator.PreferencesActivity"]}, {"602578587de6e24880e11312329490c4": ["2", "in.shick.lockpatterngenerator.PreferencesActivity"]}, {"602578587de6e24880e11312329490c4": ["2", "in.shick.lockpatterngenerator.PreferencesActivity"]}, {"602578587de6e24880e11312329490c4": ["2", "in.shick.lockpatterngenerator.PreferencesActivity"]}, {"602578587de6e24880e11312329490c4": ["2", "in.shick.lockpatterngenerator.PreferencesActivity"]}, {"602578587de6e24880e11312329490c4": ["2", "in.shick.lockpatterngenerator.PreferencesActivity"]}, {"602578587de6e24880e11312329490c4": ["2", "in.shick.lockpatterngenerator.PreferencesActivity"]}, {"602578587de6e24880e11312329490c4": ["2", "in.shick.lockpatterngenerator.PreferencesActivity"]}, {"602578587de6e24880e11312329490c4": ["2", "in.shick.lockpatterngenerator.PreferencesActivity"]}, {"602578587de6e24880e11312329490c4": ["2", "in.shick.lockpatterngenerator.PreferencesActivity"]}, {"f39a3370ef9c2005140788ebe2bdd1d1": ["4", "in.shick.lockpatterngenerator.PreferencesActivity"]}, {"602578587de6e24880e11312329490c4": ["2", "in.shick.lockpatterngenerator.PreferencesActivity"]}, {"f39a3370ef9c2005140788ebe2bdd1d1": ["4", "in.shick.lockpatterngenerator.PreferencesActivity"]}, {"602578587de6e24880e11312329490c4": ["2", "in.shick.lockpatterngenerator.PreferencesActivity"]}, {"602578587de6e24880e11312329490c4": ["2", "in.shick.lockpatterngenerator.PreferencesActivity"]}, {"602578587de6e24880e11312329490c4": ["2", "in.shick.lockpatterngenerator.PreferencesActivity"]}, {"602578587de6e24880e11312329490c4": ["2", "in.shick.lockpatterngenerator.PreferencesActivity"]}, {"602578587de6e24880e11312329490c4": ["2", "in.shick.lockpatterngenerator.PreferencesActivity"]}, {"f39a3370ef9c2005140788ebe2bdd1d1": ["4", "in.shick.lockpatterngenerator.PreferencesActivity"]}, {"602578587de6e24880e11312329490c4": ["2", "in.shick.lockpatterngenerator.PreferencesActivity"]}, {"2fb606b0506740049aafb651f3fbcc54": ["3", "in.shick.lockpatterngenerator.PreferencesActivity"]}, {"602578587de6e24880e11312329490c4": ["2", "in.shick.lockpatterngenerator.PreferencesActivity"]}, {"602578587de6e24880e11312329490c4": ["2", "in.shick.lockpatterngenerator.PreferencesActivity"]}, {"602578587de6e24880e11312329490c4": ["2", "in.shick.lockpatterngenerator.PreferencesActivity"]}, {"594e47edc6723864bd1a6d27fee9e8e0": ["0", "in.shick.lockpatterngenerator.GeneratorActivity"]}, {"594e47edc6723864bd1a6d27fee9e8e0": ["0", "in.shick.lockpatterngenerator.GeneratorActivity"]}, {"594e47edc6723864bd1a6d27fee9e8e0": ["0", "in.shick.lockpatterngenerator.GeneratorActivity"]}, {"594e47edc6723864bd1a6d27fee9e8e0": ["0", "in.shick.lockpatterngenerator.GeneratorActivity"]}, {"594e47edc6723864bd1a6d27fee9e8e0": ["0", "in.shick.lockpatterngenerator.GeneratorActivity"]}, {"594e47edc6723864bd1a6d27fee9e8e0": ["0", "in.shick.lockpatterngenerator.GeneratorActivity"]}, {"594e47edc6723864bd1a6d27fee9e8e0": ["0", "in.shick.lockpatterngenerator.GeneratorActivity"]}, {"594e47edc6723864bd1a6d27fee9e8e0": ["0", "in.shick.lockpatterngenerator.GeneratorActivity"]}, {"594e47edc6723864bd1a6d27fee9e8e0": ["0", "in.shick.lockpatterngenerator.GeneratorActivity"]}, {"594e47edc6723864bd1a6d27fee9e8e0": ["0", "in.shick.lockpatterngenerator.GeneratorActivity"]}, {"594e47edc6723864bd1a6d27fee9e8e0": ["0", "in.shick.lockpatterngenerator.GeneratorActivity"]}, {"594e47edc6723864bd1a6d27fee9e8e0": ["0", "in.shick.lockpatterngenerator.GeneratorActivity"]}, {"594e47edc6723864bd1a6d27fee9e8e0": ["0", "in.shick.lockpatterngenerator.GeneratorActivity"]}, {"594e47edc6723864bd1a6d27fee9e8e0": ["0", "in.shick.lockpatterngenerator.GeneratorActivity"]}, {"594e47edc6723864bd1a6d27fee9e8e0": ["0", "in.shick.lockpatterngenerator.GeneratorActivity"]}, {"594e47edc6723864bd1a6d27fee9e8e0": ["0", "in.shick.lockpatterngenerator.GeneratorActivity"]}]