[{"f43e025396b76c22f0d80f9a3b227ac3": ["5", "jp.sblo.pandora.aGrep.OptionActivity"]}, {"f6945a46f0d3627d46e60e21d13ba72e": ["6", "jp.sblo.pandora.aGrep.OptionActivity"]}, {"f43e025396b76c22f0d80f9a3b227ac3": ["5", "jp.sblo.pandora.aGrep.OptionActivity"]}, {"f6945a46f0d3627d46e60e21d13ba72e": ["6", "jp.sblo.pandora.aGrep.OptionActivity"]}, {"f43e025396b76c22f0d80f9a3b227ac3": ["5", "jp.sblo.pandora.aGrep.OptionActivity"]}, {"f6945a46f0d3627d46e60e21d13ba72e": ["6", "jp.sblo.pandora.aGrep.OptionActivity"]}, {"f43e025396b76c22f0d80f9a3b227ac3": ["5", "jp.sblo.pandora.aGrep.OptionActivity"]}, {"f6945a46f0d3627d46e60e21d13ba72e": ["6", "jp.sblo.pandora.aGrep.OptionActivity"]}, {"f43e025396b76c22f0d80f9a3b227ac3": ["5", "jp.sblo.pandora.aGrep.OptionActivity"]}, {"f6945a46f0d3627d46e60e21d13ba72e": ["6", "jp.sblo.pandora.aGrep.OptionActivity"]}, {"f43e025396b76c22f0d80f9a3b227ac3": ["5", "jp.sblo.pandora.aGrep.OptionActivity"]}, {"f43e025396b76c22f0d80f9a3b227ac3": ["5", "jp.sblo.pandora.aGrep.OptionActivity"]}, {"f43e025396b76c22f0d80f9a3b227ac3": ["5", "jp.sblo.pandora.aGrep.OptionActivity"]}, {"f6945a46f0d3627d46e60e21d13ba72e": ["6", "jp.sblo.pandora.aGrep.OptionActivity"]}, {"f43e025396b76c22f0d80f9a3b227ac3": ["5", "jp.sblo.pandora.aGrep.OptionActivity"]}, {"f6945a46f0d3627d46e60e21d13ba72e": ["6", "jp.sblo.pandora.aGrep.OptionActivity"]}, {"f43e025396b76c22f0d80f9a3b227ac3": ["5", "jp.sblo.pandora.aGrep.OptionActivity"]}, {"f6945a46f0d3627d46e60e21d13ba72e": ["6", "jp.sblo.pandora.aGrep.OptionActivity"]}, {"f43e025396b76c22f0d80f9a3b227ac3": ["5", "jp.sblo.pandora.aGrep.OptionActivity"]}, {"f6945a46f0d3627d46e60e21d13ba72e": ["6", "jp.sblo.pandora.aGrep.OptionActivity"]}, {"f43e025396b76c22f0d80f9a3b227ac3": ["5", "jp.sblo.pandora.aGrep.OptionActivity"]}, {"f43e025396b76c22f0d80f9a3b227ac3": ["5", "jp.sblo.pandora.aGrep.OptionActivity"]}, {"f43e025396b76c22f0d80f9a3b227ac3": ["5", "jp.sblo.pandora.aGrep.OptionActivity"]}, {"9f7cd8c2c9a13a545c0758207e68298f": ["26", "jp.sblo.pandora.aGrep.OptionActivity"]}, {"f43e025396b76c22f0d80f9a3b227ac3": ["5", "jp.sblo.pandora.aGrep.OptionActivity"]}, {"9f7cd8c2c9a13a545c0758207e68298f": ["26", "jp.sblo.pandora.aGrep.OptionActivity"]}, {"f43e025396b76c22f0d80f9a3b227ac3": ["5", "jp.sblo.pandora.aGrep.OptionActivity"]}, {"f43e025396b76c22f0d80f9a3b227ac3": ["5", "jp.sblo.pandora.aGrep.OptionActivity"]}, {"f6945a46f0d3627d46e60e21d13ba72e": ["6", "jp.sblo.pandora.aGrep.OptionActivity"]}, {"f43e025396b76c22f0d80f9a3b227ac3": ["5", "jp.sblo.pandora.aGrep.OptionActivity"]}, {"f43e025396b76c22f0d80f9a3b227ac3": ["5", "jp.sblo.pandora.aGrep.OptionActivity"]}, {"f6945a46f0d3627d46e60e21d13ba72e": ["6", "jp.sblo.pandora.aGrep.OptionActivity"]}, {"f43e025396b76c22f0d80f9a3b227ac3": ["5", "jp.sblo.pandora.aGrep.OptionActivity"]}, {"f43e025396b76c22f0d80f9a3b227ac3": ["5", "jp.sblo.pandora.aGrep.OptionActivity"]}, {"f6945a46f0d3627d46e60e21d13ba72e": ["6", "jp.sblo.pandora.aGrep.OptionActivity"]}, {"f43e025396b76c22f0d80f9a3b227ac3": ["5", "jp.sblo.pandora.aGrep.OptionActivity"]}, {"f43e025396b76c22f0d80f9a3b227ac3": ["5", "jp.sblo.pandora.aGrep.OptionActivity"]}, {"f6945a46f0d3627d46e60e21d13ba72e": ["6", "jp.sblo.pandora.aGrep.OptionActivity"]}, {"f43e025396b76c22f0d80f9a3b227ac3": ["5", "jp.sblo.pandora.aGrep.OptionActivity"]}, {"f6945a46f0d3627d46e60e21d13ba72e": ["6", "jp.sblo.pandora.aGrep.OptionActivity"]}, {"f43e025396b76c22f0d80f9a3b227ac3": ["5", "jp.sblo.pandora.aGrep.OptionActivity"]}, {"f6945a46f0d3627d46e60e21d13ba72e": ["6", "jp.sblo.pandora.aGrep.OptionActivity"]}, {"f43e025396b76c22f0d80f9a3b227ac3": ["5", "jp.sblo.pandora.aGrep.OptionActivity"]}, {"f6945a46f0d3627d46e60e21d13ba72e": ["6", "jp.sblo.pandora.aGrep.OptionActivity"]}, {"f43e025396b76c22f0d80f9a3b227ac3": ["5", "jp.sblo.pandora.aGrep.OptionActivity"]}, {"f6945a46f0d3627d46e60e21d13ba72e": ["6", "jp.sblo.pandora.aGrep.OptionActivity"]}, {"f43e025396b76c22f0d80f9a3b227ac3": ["5", "jp.sblo.pandora.aGrep.OptionActivity"]}, {"f43e025396b76c22f0d80f9a3b227ac3": ["5", "jp.sblo.pandora.aGrep.OptionActivity"]}, {"f6945a46f0d3627d46e60e21d13ba72e": ["6", "jp.sblo.pandora.aGrep.OptionActivity"]}, {"f43e025396b76c22f0d80f9a3b227ac3": ["5", "jp.sblo.pandora.aGrep.OptionActivity"]}, {"f43e025396b76c22f0d80f9a3b227ac3": ["5", "jp.sblo.pandora.aGrep.OptionActivity"]}, {"f43e025396b76c22f0d80f9a3b227ac3": ["5", "jp.sblo.pandora.aGrep.OptionActivity"]}, {"f6945a46f0d3627d46e60e21d13ba72e": ["6", "jp.sblo.pandora.aGrep.OptionActivity"]}, {"f43e025396b76c22f0d80f9a3b227ac3": ["5", "jp.sblo.pandora.aGrep.OptionActivity"]}, {"f43e025396b76c22f0d80f9a3b227ac3": ["5", "jp.sblo.pandora.aGrep.OptionActivity"]}, {"f43e025396b76c22f0d80f9a3b227ac3": ["5", "jp.sblo.pandora.aGrep.OptionActivity"]}, {"f43e025396b76c22f0d80f9a3b227ac3": ["5", "jp.sblo.pandora.aGrep.OptionActivity"]}, {"f6945a46f0d3627d46e60e21d13ba72e": ["6", "jp.sblo.pandora.aGrep.OptionActivity"]}, {"f43e025396b76c22f0d80f9a3b227ac3": ["5", "jp.sblo.pandora.aGrep.OptionActivity"]}, {"f6945a46f0d3627d46e60e21d13ba72e": ["6", "jp.sblo.pandora.aGrep.OptionActivity"]}, {"f43e025396b76c22f0d80f9a3b227ac3": ["5", "jp.sblo.pandora.aGrep.OptionActivity"]}, {"f6945a46f0d3627d46e60e21d13ba72e": ["6", "jp.sblo.pandora.aGrep.OptionActivity"]}, {"f43e025396b76c22f0d80f9a3b227ac3": ["5", "jp.sblo.pandora.aGrep.OptionActivity"]}, {"f43e025396b76c22f0d80f9a3b227ac3": ["5", "jp.sblo.pandora.aGrep.OptionActivity"]}, {"f43e025396b76c22f0d80f9a3b227ac3": ["5", "jp.sblo.pandora.aGrep.OptionActivity"]}, {"f6945a46f0d3627d46e60e21d13ba72e": ["6", "jp.sblo.pandora.aGrep.OptionActivity"]}, {"f43e025396b76c22f0d80f9a3b227ac3": ["5", "jp.sblo.pandora.aGrep.OptionActivity"]}, {"f6945a46f0d3627d46e60e21d13ba72e": ["6", "jp.sblo.pandora.aGrep.OptionActivity"]}, {"f43e025396b76c22f0d80f9a3b227ac3": ["5", "jp.sblo.pandora.aGrep.OptionActivity"]}, {"f6945a46f0d3627d46e60e21d13ba72e": ["6", "jp.sblo.pandora.aGrep.OptionActivity"]}, {"f43e025396b76c22f0d80f9a3b227ac3": ["5", "jp.sblo.pandora.aGrep.OptionActivity"]}, {"f43e025396b76c22f0d80f9a3b227ac3": ["5", "jp.sblo.pandora.aGrep.OptionActivity"]}, {"f43e025396b76c22f0d80f9a3b227ac3": ["5", "jp.sblo.pandora.aGrep.OptionActivity"]}, {"f43e025396b76c22f0d80f9a3b227ac3": ["5", "jp.sblo.pandora.aGrep.OptionActivity"]}, {"f43e025396b76c22f0d80f9a3b227ac3": ["5", "jp.sblo.pandora.aGrep.OptionActivity"]}, {"f6945a46f0d3627d46e60e21d13ba72e": ["6", "jp.sblo.pandora.aGrep.OptionActivity"]}, {"f43e025396b76c22f0d80f9a3b227ac3": ["5", "jp.sblo.pandora.aGrep.OptionActivity"]}, {"9f7cd8c2c9a13a545c0758207e68298f": ["26", "jp.sblo.pandora.aGrep.OptionActivity"]}, {"f43e025396b76c22f0d80f9a3b227ac3": ["5", "jp.sblo.pandora.aGrep.OptionActivity"]}, {"f43e025396b76c22f0d80f9a3b227ac3": ["5", "jp.sblo.pandora.aGrep.OptionActivity"]}, {"f43e025396b76c22f0d80f9a3b227ac3": ["5", "jp.sblo.pandora.aGrep.OptionActivity"]}, {"f6945a46f0d3627d46e60e21d13ba72e": ["6", "jp.sblo.pandora.aGrep.OptionActivity"]}, {"f43e025396b76c22f0d80f9a3b227ac3": ["5", "jp.sblo.pandora.aGrep.OptionActivity"]}, {"f6945a46f0d3627d46e60e21d13ba72e": ["6", "jp.sblo.pandora.aGrep.OptionActivity"]}, {"f43e025396b76c22f0d80f9a3b227ac3": ["5", "jp.sblo.pandora.aGrep.OptionActivity"]}, {"f6945a46f0d3627d46e60e21d13ba72e": ["6", "jp.sblo.pandora.aGrep.OptionActivity"]}, {"f43e025396b76c22f0d80f9a3b227ac3": ["5", "jp.sblo.pandora.aGrep.OptionActivity"]}, {"f6945a46f0d3627d46e60e21d13ba72e": ["6", "jp.sblo.pandora.aGrep.OptionActivity"]}, {"e0ed11ff578e85890a6111359eb40458": ["0", "jp.sblo.pandora.aGrep.Settings"]}, {"e0ed11ff578e85890a6111359eb40458": ["0", "jp.sblo.pandora.aGrep.Settings"]}, {"e0ed11ff578e85890a6111359eb40458": ["0", "jp.sblo.pandora.aGrep.Settings"]}, {"e0ed11ff578e85890a6111359eb40458": ["0", "jp.sblo.pandora.aGrep.Settings"]}, {"e0ed11ff578e85890a6111359eb40458": ["0", "jp.sblo.pandora.aGrep.Settings"]}, {"bd9c5f047f7981b5c918d89906cf0f9c": ["7", "jp.sblo.pandora.aGrep.OptionActivity"]}, {"bd9c5f047f7981b5c918d89906cf0f9c": ["7", "jp.sblo.pandora.aGrep.OptionActivity"]}, {"bd9c5f047f7981b5c918d89906cf0f9c": ["7", "jp.sblo.pandora.aGrep.OptionActivity"]}, {"bd9c5f047f7981b5c918d89906cf0f9c": ["7", "jp.sblo.pandora.aGrep.OptionActivity"]}, {"bd9c5f047f7981b5c918d89906cf0f9c": ["7", "jp.sblo.pandora.aGrep.OptionActivity"]}, {"bd9c5f047f7981b5c918d89906cf0f9c": ["7", "jp.sblo.pandora.aGrep.OptionActivity"]}, {"f6945a46f0d3627d46e60e21d13ba72e": ["6", "jp.sblo.pandora.aGrep.OptionActivity"]}, {"bd9c5f047f7981b5c918d89906cf0f9c": ["7", "jp.sblo.pandora.aGrep.OptionActivity"]}, {"bd9c5f047f7981b5c918d89906cf0f9c": ["7", "jp.sblo.pandora.aGrep.OptionActivity"]}, {"bd9c5f047f7981b5c918d89906cf0f9c": ["7", "jp.sblo.pandora.aGrep.OptionActivity"]}, {"f6945a46f0d3627d46e60e21d13ba72e": ["6", "jp.sblo.pandora.aGrep.OptionActivity"]}, {"bd9c5f047f7981b5c918d89906cf0f9c": ["7", "jp.sblo.pandora.aGrep.OptionActivity"]}, {"f6945a46f0d3627d46e60e21d13ba72e": ["6", "jp.sblo.pandora.aGrep.OptionActivity"]}, {"bd9c5f047f7981b5c918d89906cf0f9c": ["7", "jp.sblo.pandora.aGrep.OptionActivity"]}, {"bd9c5f047f7981b5c918d89906cf0f9c": ["7", "jp.sblo.pandora.aGrep.OptionActivity"]}, {"bd9c5f047f7981b5c918d89906cf0f9c": ["7", "jp.sblo.pandora.aGrep.OptionActivity"]}, {"bd9c5f047f7981b5c918d89906cf0f9c": ["7", "jp.sblo.pandora.aGrep.OptionActivity"]}, {"f6945a46f0d3627d46e60e21d13ba72e": ["6", "jp.sblo.pandora.aGrep.OptionActivity"]}, {"bd9c5f047f7981b5c918d89906cf0f9c": ["7", "jp.sblo.pandora.aGrep.OptionActivity"]}, {"f6945a46f0d3627d46e60e21d13ba72e": ["6", "jp.sblo.pandora.aGrep.OptionActivity"]}, {"bd9c5f047f7981b5c918d89906cf0f9c": ["7", "jp.sblo.pandora.aGrep.OptionActivity"]}, {"f6945a46f0d3627d46e60e21d13ba72e": ["6", "jp.sblo.pandora.aGrep.OptionActivity"]}, {"bd9c5f047f7981b5c918d89906cf0f9c": ["7", "jp.sblo.pandora.aGrep.OptionActivity"]}, {"bd9c5f047f7981b5c918d89906cf0f9c": ["7", "jp.sblo.pandora.aGrep.OptionActivity"]}, {"bd9c5f047f7981b5c918d89906cf0f9c": ["7", "jp.sblo.pandora.aGrep.OptionActivity"]}, {"bd9c5f047f7981b5c918d89906cf0f9c": ["7", "jp.sblo.pandora.aGrep.OptionActivity"]}, {"bd9c5f047f7981b5c918d89906cf0f9c": ["7", "jp.sblo.pandora.aGrep.OptionActivity"]}, {"f6945a46f0d3627d46e60e21d13ba72e": ["6", "jp.sblo.pandora.aGrep.OptionActivity"]}, {"bd9c5f047f7981b5c918d89906cf0f9c": ["7", "jp.sblo.pandora.aGrep.OptionActivity"]}, {"f6945a46f0d3627d46e60e21d13ba72e": ["6", "jp.sblo.pandora.aGrep.OptionActivity"]}, {"bd9c5f047f7981b5c918d89906cf0f9c": ["7", "jp.sblo.pandora.aGrep.OptionActivity"]}, {"f6945a46f0d3627d46e60e21d13ba72e": ["6", "jp.sblo.pandora.aGrep.OptionActivity"]}, {"bd9c5f047f7981b5c918d89906cf0f9c": ["7", "jp.sblo.pandora.aGrep.OptionActivity"]}, {"9f7cd8c2c9a13a545c0758207e68298f": ["26", "jp.sblo.pandora.aGrep.OptionActivity"]}, {"bd9c5f047f7981b5c918d89906cf0f9c": ["7", "jp.sblo.pandora.aGrep.OptionActivity"]}, {"f6945a46f0d3627d46e60e21d13ba72e": ["6", "jp.sblo.pandora.aGrep.OptionActivity"]}, {"bd9c5f047f7981b5c918d89906cf0f9c": ["7", "jp.sblo.pandora.aGrep.OptionActivity"]}, {"f6945a46f0d3627d46e60e21d13ba72e": ["6", "jp.sblo.pandora.aGrep.OptionActivity"]}, {"bd9c5f047f7981b5c918d89906cf0f9c": ["7", "jp.sblo.pandora.aGrep.OptionActivity"]}, {"f6945a46f0d3627d46e60e21d13ba72e": ["6", "jp.sblo.pandora.aGrep.OptionActivity"]}, {"bd9c5f047f7981b5c918d89906cf0f9c": ["7", "jp.sblo.pandora.aGrep.OptionActivity"]}, {"bd9c5f047f7981b5c918d89906cf0f9c": ["7", "jp.sblo.pandora.aGrep.OptionActivity"]}, {"bd9c5f047f7981b5c918d89906cf0f9c": ["7", "jp.sblo.pandora.aGrep.OptionActivity"]}, {"bd9c5f047f7981b5c918d89906cf0f9c": ["7", "jp.sblo.pandora.aGrep.OptionActivity"]}, {"f6945a46f0d3627d46e60e21d13ba72e": ["6", "jp.sblo.pandora.aGrep.OptionActivity"]}, {"bd9c5f047f7981b5c918d89906cf0f9c": ["7", "jp.sblo.pandora.aGrep.OptionActivity"]}, {"f6945a46f0d3627d46e60e21d13ba72e": ["6", "jp.sblo.pandora.aGrep.OptionActivity"]}, {"bd9c5f047f7981b5c918d89906cf0f9c": ["7", "jp.sblo.pandora.aGrep.OptionActivity"]}, {"bd9c5f047f7981b5c918d89906cf0f9c": ["7", "jp.sblo.pandora.aGrep.OptionActivity"]}, {"bd9c5f047f7981b5c918d89906cf0f9c": ["7", "jp.sblo.pandora.aGrep.OptionActivity"]}, {"e0ed11ff578e85890a6111359eb40458": ["0", "jp.sblo.pandora.aGrep.Settings"]}, {"e0ed11ff578e85890a6111359eb40458": ["0", "jp.sblo.pandora.aGrep.Settings"]}, {"e0ed11ff578e85890a6111359eb40458": ["0", "jp.sblo.pandora.aGrep.Settings"]}, {"e0ed11ff578e85890a6111359eb40458": ["0", "jp.sblo.pandora.aGrep.Settings"]}, {"e0ed11ff578e85890a6111359eb40458": ["0", "jp.sblo.pandora.aGrep.Settings"]}, {"e0ed11ff578e85890a6111359eb40458": ["0", "jp.sblo.pandora.aGrep.Settings"]}, {"e0ed11ff578e85890a6111359eb40458": ["0", "jp.sblo.pandora.aGrep.Settings"]}, {"bd9c5f047f7981b5c918d89906cf0f9c": ["7", "jp.sblo.pandora.aGrep.OptionActivity"]}, {"bd9c5f047f7981b5c918d89906cf0f9c": ["7", "jp.sblo.pandora.aGrep.OptionActivity"]}, {"f6945a46f0d3627d46e60e21d13ba72e": ["6", "jp.sblo.pandora.aGrep.OptionActivity"]}, {"bd9c5f047f7981b5c918d89906cf0f9c": ["7", "jp.sblo.pandora.aGrep.OptionActivity"]}, {"bd9c5f047f7981b5c918d89906cf0f9c": ["7", "jp.sblo.pandora.aGrep.OptionActivity"]}, {"bd9c5f047f7981b5c918d89906cf0f9c": ["7", "jp.sblo.pandora.aGrep.OptionActivity"]}, {"bd9c5f047f7981b5c918d89906cf0f9c": ["7", "jp.sblo.pandora.aGrep.OptionActivity"]}, {"bd9c5f047f7981b5c918d89906cf0f9c": ["7", "jp.sblo.pandora.aGrep.OptionActivity"]}, {"bd9c5f047f7981b5c918d89906cf0f9c": ["7", "jp.sblo.pandora.aGrep.OptionActivity"]}, {"bd9c5f047f7981b5c918d89906cf0f9c": ["7", "jp.sblo.pandora.aGrep.OptionActivity"]}, {"f6945a46f0d3627d46e60e21d13ba72e": ["6", "jp.sblo.pandora.aGrep.OptionActivity"]}, {"bd9c5f047f7981b5c918d89906cf0f9c": ["7", "jp.sblo.pandora.aGrep.OptionActivity"]}, {"f6945a46f0d3627d46e60e21d13ba72e": ["6", "jp.sblo.pandora.aGrep.OptionActivity"]}, {"bd9c5f047f7981b5c918d89906cf0f9c": ["7", "jp.sblo.pandora.aGrep.OptionActivity"]}, {"bd9c5f047f7981b5c918d89906cf0f9c": ["7", "jp.sblo.pandora.aGrep.OptionActivity"]}, {"bd9c5f047f7981b5c918d89906cf0f9c": ["7", "jp.sblo.pandora.aGrep.OptionActivity"]}, {"bd9c5f047f7981b5c918d89906cf0f9c": ["7", "jp.sblo.pandora.aGrep.OptionActivity"]}, {"bd9c5f047f7981b5c918d89906cf0f9c": ["7", "jp.sblo.pandora.aGrep.OptionActivity"]}, {"bd9c5f047f7981b5c918d89906cf0f9c": ["7", "jp.sblo.pandora.aGrep.OptionActivity"]}, {"bd9c5f047f7981b5c918d89906cf0f9c": ["7", "jp.sblo.pandora.aGrep.OptionActivity"]}, {"bd9c5f047f7981b5c918d89906cf0f9c": ["7", "jp.sblo.pandora.aGrep.OptionActivity"]}, {"f6945a46f0d3627d46e60e21d13ba72e": ["6", "jp.sblo.pandora.aGrep.OptionActivity"]}, {"bd9c5f047f7981b5c918d89906cf0f9c": ["7", "jp.sblo.pandora.aGrep.OptionActivity"]}, {"bd9c5f047f7981b5c918d89906cf0f9c": ["7", "jp.sblo.pandora.aGrep.OptionActivity"]}, {"bd9c5f047f7981b5c918d89906cf0f9c": ["7", "jp.sblo.pandora.aGrep.OptionActivity"]}, {"bd9c5f047f7981b5c918d89906cf0f9c": ["7", "jp.sblo.pandora.aGrep.OptionActivity"]}, {"bd9c5f047f7981b5c918d89906cf0f9c": ["7", "jp.sblo.pandora.aGrep.OptionActivity"]}, {"bd9c5f047f7981b5c918d89906cf0f9c": ["7", "jp.sblo.pandora.aGrep.OptionActivity"]}, {"bd9c5f047f7981b5c918d89906cf0f9c": ["7", "jp.sblo.pandora.aGrep.OptionActivity"]}, {"bd9c5f047f7981b5c918d89906cf0f9c": ["7", "jp.sblo.pandora.aGrep.OptionActivity"]}, {"e0ed11ff578e85890a6111359eb40458": ["0", "jp.sblo.pandora.aGrep.Settings"]}, {"e0ed11ff578e85890a6111359eb40458": ["0", "jp.sblo.pandora.aGrep.Settings"]}, {"e0ed11ff578e85890a6111359eb40458": ["0", "jp.sblo.pandora.aGrep.Settings"]}, {"e0ed11ff578e85890a6111359eb40458": ["0", "jp.sblo.pandora.aGrep.Settings"]}, {"e0ed11ff578e85890a6111359eb40458": ["0", "jp.sblo.pandora.aGrep.Settings"]}, {"e0ed11ff578e85890a6111359eb40458": ["0", "jp.sblo.pandora.aGrep.Settings"]}, {"1e13702478feb3bb340b9c8948431ccd": ["3", "jp.sblo.pandora.aGrep.FileSelectorActivity"]}, {"1e13702478feb3bb340b9c8948431ccd": ["3", "jp.sblo.pandora.aGrep.FileSelectorActivity"]}, {"1e13702478feb3bb340b9c8948431ccd": ["3", "jp.sblo.pandora.aGrep.FileSelectorActivity"]}, {"1e13702478feb3bb340b9c8948431ccd": ["3", "jp.sblo.pandora.aGrep.FileSelectorActivity"]}, {"1e13702478feb3bb340b9c8948431ccd": ["3", "jp.sblo.pandora.aGrep.FileSelectorActivity"]}, {"1e13702478feb3bb340b9c8948431ccd": ["3", "jp.sblo.pandora.aGrep.FileSelectorActivity"]}, {"1e13702478feb3bb340b9c8948431ccd": ["3", "jp.sblo.pandora.aGrep.FileSelectorActivity"]}, {"71f66b0ce81bccbd13c7ad8f9d163f75": ["17", "jp.sblo.pandora.aGrep.FileSelectorActivity"]}, {"71f66b0ce81bccbd13c7ad8f9d163f75": ["17", "jp.sblo.pandora.aGrep.FileSelectorActivity"]}, {"1e13702478feb3bb340b9c8948431ccd": ["3", "jp.sblo.pandora.aGrep.FileSelectorActivity"]}, {"1e13702478feb3bb340b9c8948431ccd": ["3", "jp.sblo.pandora.aGrep.FileSelectorActivity"]}, {"1e13702478feb3bb340b9c8948431ccd": ["3", "jp.sblo.pandora.aGrep.FileSelectorActivity"]}, {"1e13702478feb3bb340b9c8948431ccd": ["3", "jp.sblo.pandora.aGrep.FileSelectorActivity"]}, {"1e13702478feb3bb340b9c8948431ccd": ["3", "jp.sblo.pandora.aGrep.FileSelectorActivity"]}, {"1e13702478feb3bb340b9c8948431ccd": ["3", "jp.sblo.pandora.aGrep.FileSelectorActivity"]}, {"1e13702478feb3bb340b9c8948431ccd": ["3", "jp.sblo.pandora.aGrep.FileSelectorActivity"]}, {"71f66b0ce81bccbd13c7ad8f9d163f75": ["17", "jp.sblo.pandora.aGrep.FileSelectorActivity"]}, {"1e13702478feb3bb340b9c8948431ccd": ["3", "jp.sblo.pandora.aGrep.FileSelectorActivity"]}, {"1e13702478feb3bb340b9c8948431ccd": ["3", "jp.sblo.pandora.aGrep.FileSelectorActivity"]}, {"1e13702478feb3bb340b9c8948431ccd": ["3", "jp.sblo.pandora.aGrep.FileSelectorActivity"]}, {"1e13702478feb3bb340b9c8948431ccd": ["3", "jp.sblo.pandora.aGrep.FileSelectorActivity"]}, {"1e13702478feb3bb340b9c8948431ccd": ["3", "jp.sblo.pandora.aGrep.FileSelectorActivity"]}, {"1e13702478feb3bb340b9c8948431ccd": ["3", "jp.sblo.pandora.aGrep.FileSelectorActivity"]}, {"1e13702478feb3bb340b9c8948431ccd": ["3", "jp.sblo.pandora.aGrep.FileSelectorActivity"]}, {"1e13702478feb3bb340b9c8948431ccd": ["3", "jp.sblo.pandora.aGrep.FileSelectorActivity"]}, {"1e13702478feb3bb340b9c8948431ccd": ["3", "jp.sblo.pandora.aGrep.FileSelectorActivity"]}, {"1e13702478feb3bb340b9c8948431ccd": ["3", "jp.sblo.pandora.aGrep.FileSelectorActivity"]}, {"1e13702478feb3bb340b9c8948431ccd": ["3", "jp.sblo.pandora.aGrep.FileSelectorActivity"]}, {"1e13702478feb3bb340b9c8948431ccd": ["3", "jp.sblo.pandora.aGrep.FileSelectorActivity"]}, {"1e13702478feb3bb340b9c8948431ccd": ["3", "jp.sblo.pandora.aGrep.FileSelectorActivity"]}, {"1e13702478feb3bb340b9c8948431ccd": ["3", "jp.sblo.pandora.aGrep.FileSelectorActivity"]}, {"1e13702478feb3bb340b9c8948431ccd": ["3", "jp.sblo.pandora.aGrep.FileSelectorActivity"]}, {"71f66b0ce81bccbd13c7ad8f9d163f75": ["17", "jp.sblo.pandora.aGrep.FileSelectorActivity"]}, {"71f66b0ce81bccbd13c7ad8f9d163f75": ["17", "jp.sblo.pandora.aGrep.FileSelectorActivity"]}, {"71f66b0ce81bccbd13c7ad8f9d163f75": ["17", "jp.sblo.pandora.aGrep.FileSelectorActivity"]}, {"71f66b0ce81bccbd13c7ad8f9d163f75": ["17", "jp.sblo.pandora.aGrep.FileSelectorActivity"]}, {"71f66b0ce81bccbd13c7ad8f9d163f75": ["17", "jp.sblo.pandora.aGrep.FileSelectorActivity"]}, {"71f66b0ce81bccbd13c7ad8f9d163f75": ["17", "jp.sblo.pandora.aGrep.FileSelectorActivity"]}, {"1e13702478feb3bb340b9c8948431ccd": ["3", "jp.sblo.pandora.aGrep.FileSelectorActivity"]}, {"1e13702478feb3bb340b9c8948431ccd": ["3", "jp.sblo.pandora.aGrep.FileSelectorActivity"]}, {"1e13702478feb3bb340b9c8948431ccd": ["3", "jp.sblo.pandora.aGrep.FileSelectorActivity"]}, {"1e13702478feb3bb340b9c8948431ccd": ["3", "jp.sblo.pandora.aGrep.FileSelectorActivity"]}, {"1e13702478feb3bb340b9c8948431ccd": ["3", "jp.sblo.pandora.aGrep.FileSelectorActivity"]}, {"1e13702478feb3bb340b9c8948431ccd": ["3", "jp.sblo.pandora.aGrep.FileSelectorActivity"]}, {"1e13702478feb3bb340b9c8948431ccd": ["3", "jp.sblo.pandora.aGrep.FileSelectorActivity"]}, {"1e13702478feb3bb340b9c8948431ccd": ["3", "jp.sblo.pandora.aGrep.FileSelectorActivity"]}, {"71f66b0ce81bccbd13c7ad8f9d163f75": ["17", "jp.sblo.pandora.aGrep.FileSelectorActivity"]}, {"71f66b0ce81bccbd13c7ad8f9d163f75": ["17", "jp.sblo.pandora.aGrep.FileSelectorActivity"]}, {"71f66b0ce81bccbd13c7ad8f9d163f75": ["17", "jp.sblo.pandora.aGrep.FileSelectorActivity"]}, {"1e13702478feb3bb340b9c8948431ccd": ["3", "jp.sblo.pandora.aGrep.FileSelectorActivity"]}, {"1e13702478feb3bb340b9c8948431ccd": ["3", "jp.sblo.pandora.aGrep.FileSelectorActivity"]}, {"1e13702478feb3bb340b9c8948431ccd": ["3", "jp.sblo.pandora.aGrep.FileSelectorActivity"]}, {"1e13702478feb3bb340b9c8948431ccd": ["3", "jp.sblo.pandora.aGrep.FileSelectorActivity"]}, {"1e13702478feb3bb340b9c8948431ccd": ["3", "jp.sblo.pandora.aGrep.FileSelectorActivity"]}, {"1e13702478feb3bb340b9c8948431ccd": ["3", "jp.sblo.pandora.aGrep.FileSelectorActivity"]}, {"1e13702478feb3bb340b9c8948431ccd": ["3", "jp.sblo.pandora.aGrep.FileSelectorActivity"]}, {"1e13702478feb3bb340b9c8948431ccd": ["3", "jp.sblo.pandora.aGrep.FileSelectorActivity"]}, {"1e13702478feb3bb340b9c8948431ccd": ["3", "jp.sblo.pandora.aGrep.FileSelectorActivity"]}, {"71f66b0ce81bccbd13c7ad8f9d163f75": ["17", "jp.sblo.pandora.aGrep.FileSelectorActivity"]}, {"71f66b0ce81bccbd13c7ad8f9d163f75": ["17", "jp.sblo.pandora.aGrep.FileSelectorActivity"]}, {"71f66b0ce81bccbd13c7ad8f9d163f75": ["17", "jp.sblo.pandora.aGrep.FileSelectorActivity"]}, {"71f66b0ce81bccbd13c7ad8f9d163f75": ["17", "jp.sblo.pandora.aGrep.FileSelectorActivity"]}, {"1e13702478feb3bb340b9c8948431ccd": ["3", "jp.sblo.pandora.aGrep.FileSelectorActivity"]}, {"1e13702478feb3bb340b9c8948431ccd": ["3", "jp.sblo.pandora.aGrep.FileSelectorActivity"]}, {"1e13702478feb3bb340b9c8948431ccd": ["3", "jp.sblo.pandora.aGrep.FileSelectorActivity"]}, {"1e13702478feb3bb340b9c8948431ccd": ["3", "jp.sblo.pandora.aGrep.FileSelectorActivity"]}, {"1e13702478feb3bb340b9c8948431ccd": ["3", "jp.sblo.pandora.aGrep.FileSelectorActivity"]}, {"1e13702478feb3bb340b9c8948431ccd": ["3", "jp.sblo.pandora.aGrep.FileSelectorActivity"]}, {"1e13702478feb3bb340b9c8948431ccd": ["3", "jp.sblo.pandora.aGrep.FileSelectorActivity"]}, {"1e13702478feb3bb340b9c8948431ccd": ["3", "jp.sblo.pandora.aGrep.FileSelectorActivity"]}, {"1e13702478feb3bb340b9c8948431ccd": ["3", "jp.sblo.pandora.aGrep.FileSelectorActivity"]}, {"71f66b0ce81bccbd13c7ad8f9d163f75": ["17", "jp.sblo.pandora.aGrep.FileSelectorActivity"]}, {"71f66b0ce81bccbd13c7ad8f9d163f75": ["17", "jp.sblo.pandora.aGrep.FileSelectorActivity"]}, {"71f66b0ce81bccbd13c7ad8f9d163f75": ["17", "jp.sblo.pandora.aGrep.FileSelectorActivity"]}, {"71f66b0ce81bccbd13c7ad8f9d163f75": ["17", "jp.sblo.pandora.aGrep.FileSelectorActivity"]}, {"71f66b0ce81bccbd13c7ad8f9d163f75": ["17", "jp.sblo.pandora.aGrep.FileSelectorActivity"]}, {"71f66b0ce81bccbd13c7ad8f9d163f75": ["17", "jp.sblo.pandora.aGrep.FileSelectorActivity"]}, {"71f66b0ce81bccbd13c7ad8f9d163f75": ["17", "jp.sblo.pandora.aGrep.FileSelectorActivity"]}, {"71f66b0ce81bccbd13c7ad8f9d163f75": ["17", "jp.sblo.pandora.aGrep.FileSelectorActivity"]}, {"71f66b0ce81bccbd13c7ad8f9d163f75": ["17", "jp.sblo.pandora.aGrep.FileSelectorActivity"]}, {"71f66b0ce81bccbd13c7ad8f9d163f75": ["17", "jp.sblo.pandora.aGrep.FileSelectorActivity"]}, {"71f66b0ce81bccbd13c7ad8f9d163f75": ["17", "jp.sblo.pandora.aGrep.FileSelectorActivity"]}, {"71f66b0ce81bccbd13c7ad8f9d163f75": ["17", "jp.sblo.pandora.aGrep.FileSelectorActivity"]}, {"71f66b0ce81bccbd13c7ad8f9d163f75": ["17", "jp.sblo.pandora.aGrep.FileSelectorActivity"]}, {"71f66b0ce81bccbd13c7ad8f9d163f75": ["17", "jp.sblo.pandora.aGrep.FileSelectorActivity"]}, {"71f66b0ce81bccbd13c7ad8f9d163f75": ["17", "jp.sblo.pandora.aGrep.FileSelectorActivity"]}, {"71f66b0ce81bccbd13c7ad8f9d163f75": ["17", "jp.sblo.pandora.aGrep.FileSelectorActivity"]}, {"71f66b0ce81bccbd13c7ad8f9d163f75": ["17", "jp.sblo.pandora.aGrep.FileSelectorActivity"]}, {"1e13702478feb3bb340b9c8948431ccd": ["3", "jp.sblo.pandora.aGrep.FileSelectorActivity"]}, {"1e13702478feb3bb340b9c8948431ccd": ["3", "jp.sblo.pandora.aGrep.FileSelectorActivity"]}, {"1e13702478feb3bb340b9c8948431ccd": ["3", "jp.sblo.pandora.aGrep.FileSelectorActivity"]}, {"1e13702478feb3bb340b9c8948431ccd": ["3", "jp.sblo.pandora.aGrep.FileSelectorActivity"]}, {"1e13702478feb3bb340b9c8948431ccd": ["3", "jp.sblo.pandora.aGrep.FileSelectorActivity"]}, {"1e13702478feb3bb340b9c8948431ccd": ["3", "jp.sblo.pandora.aGrep.FileSelectorActivity"]}, {"1e13702478feb3bb340b9c8948431ccd": ["3", "jp.sblo.pandora.aGrep.FileSelectorActivity"]}, {"1e13702478feb3bb340b9c8948431ccd": ["3", "jp.sblo.pandora.aGrep.FileSelectorActivity"]}, {"1e13702478feb3bb340b9c8948431ccd": ["3", "jp.sblo.pandora.aGrep.FileSelectorActivity"]}, {"1e13702478feb3bb340b9c8948431ccd": ["3", "jp.sblo.pandora.aGrep.FileSelectorActivity"]}, {"1e13702478feb3bb340b9c8948431ccd": ["3", "jp.sblo.pandora.aGrep.FileSelectorActivity"]}, {"1e13702478feb3bb340b9c8948431ccd": ["3", "jp.sblo.pandora.aGrep.FileSelectorActivity"]}, {"1e13702478feb3bb340b9c8948431ccd": ["3", "jp.sblo.pandora.aGrep.FileSelectorActivity"]}, {"1e13702478feb3bb340b9c8948431ccd": ["3", "jp.sblo.pandora.aGrep.FileSelectorActivity"]}, {"1e13702478feb3bb340b9c8948431ccd": ["3", "jp.sblo.pandora.aGrep.FileSelectorActivity"]}, {"1e13702478feb3bb340b9c8948431ccd": ["3", "jp.sblo.pandora.aGrep.FileSelectorActivity"]}, {"1e13702478feb3bb340b9c8948431ccd": ["3", "jp.sblo.pandora.aGrep.FileSelectorActivity"]}, {"1e13702478feb3bb340b9c8948431ccd": ["3", "jp.sblo.pandora.aGrep.FileSelectorActivity"]}, {"1e13702478feb3bb340b9c8948431ccd": ["3", "jp.sblo.pandora.aGrep.FileSelectorActivity"]}, {"1e13702478feb3bb340b9c8948431ccd": ["3", "jp.sblo.pandora.aGrep.FileSelectorActivity"]}, {"1e13702478feb3bb340b9c8948431ccd": ["3", "jp.sblo.pandora.aGrep.FileSelectorActivity"]}, {"1e13702478feb3bb340b9c8948431ccd": ["3", "jp.sblo.pandora.aGrep.FileSelectorActivity"]}, {"1e13702478feb3bb340b9c8948431ccd": ["3", "jp.sblo.pandora.aGrep.FileSelectorActivity"]}, {"1e13702478feb3bb340b9c8948431ccd": ["3", "jp.sblo.pandora.aGrep.FileSelectorActivity"]}, {"1e13702478feb3bb340b9c8948431ccd": ["3", "jp.sblo.pandora.aGrep.FileSelectorActivity"]}, {"1e13702478feb3bb340b9c8948431ccd": ["3", "jp.sblo.pandora.aGrep.FileSelectorActivity"]}, {"1e13702478feb3bb340b9c8948431ccd": ["3", "jp.sblo.pandora.aGrep.FileSelectorActivity"]}, {"71f66b0ce81bccbd13c7ad8f9d163f75": ["17", "jp.sblo.pandora.aGrep.FileSelectorActivity"]}, {"71f66b0ce81bccbd13c7ad8f9d163f75": ["17", "jp.sblo.pandora.aGrep.FileSelectorActivity"]}, {"71f66b0ce81bccbd13c7ad8f9d163f75": ["17", "jp.sblo.pandora.aGrep.FileSelectorActivity"]}, {"1e13702478feb3bb340b9c8948431ccd": ["3", "jp.sblo.pandora.aGrep.FileSelectorActivity"]}, {"1e13702478feb3bb340b9c8948431ccd": ["3", "jp.sblo.pandora.aGrep.FileSelectorActivity"]}, {"1e13702478feb3bb340b9c8948431ccd": ["3", "jp.sblo.pandora.aGrep.FileSelectorActivity"]}, {"71f66b0ce81bccbd13c7ad8f9d163f75": ["17", "jp.sblo.pandora.aGrep.FileSelectorActivity"]}, {"71f66b0ce81bccbd13c7ad8f9d163f75": ["17", "jp.sblo.pandora.aGrep.FileSelectorActivity"]}, {"71f66b0ce81bccbd13c7ad8f9d163f75": ["17", "jp.sblo.pandora.aGrep.FileSelectorActivity"]}, {"71f66b0ce81bccbd13c7ad8f9d163f75": ["17", "jp.sblo.pandora.aGrep.FileSelectorActivity"]}, {"71f66b0ce81bccbd13c7ad8f9d163f75": ["17", "jp.sblo.pandora.aGrep.FileSelectorActivity"]}, {"71f66b0ce81bccbd13c7ad8f9d163f75": ["17", "jp.sblo.pandora.aGrep.FileSelectorActivity"]}, {"1e13702478feb3bb340b9c8948431ccd": ["3", "jp.sblo.pandora.aGrep.FileSelectorActivity"]}, {"1e13702478feb3bb340b9c8948431ccd": ["3", "jp.sblo.pandora.aGrep.FileSelectorActivity"]}, {"1e13702478feb3bb340b9c8948431ccd": ["3", "jp.sblo.pandora.aGrep.FileSelectorActivity"]}, {"1e13702478feb3bb340b9c8948431ccd": ["3", "jp.sblo.pandora.aGrep.FileSelectorActivity"]}, {"1e13702478feb3bb340b9c8948431ccd": ["3", "jp.sblo.pandora.aGrep.FileSelectorActivity"]}, {"1e13702478feb3bb340b9c8948431ccd": ["3", "jp.sblo.pandora.aGrep.FileSelectorActivity"]}, {"1e13702478feb3bb340b9c8948431ccd": ["3", "jp.sblo.pandora.aGrep.FileSelectorActivity"]}, {"1e13702478feb3bb340b9c8948431ccd": ["3", "jp.sblo.pandora.aGrep.FileSelectorActivity"]}, {"71f66b0ce81bccbd13c7ad8f9d163f75": ["17", "jp.sblo.pandora.aGrep.FileSelectorActivity"]}, {"71f66b0ce81bccbd13c7ad8f9d163f75": ["17", "jp.sblo.pandora.aGrep.FileSelectorActivity"]}, {"71f66b0ce81bccbd13c7ad8f9d163f75": ["17", "jp.sblo.pandora.aGrep.FileSelectorActivity"]}, {"71f66b0ce81bccbd13c7ad8f9d163f75": ["17", "jp.sblo.pandora.aGrep.FileSelectorActivity"]}, {"71f66b0ce81bccbd13c7ad8f9d163f75": ["17", "jp.sblo.pandora.aGrep.FileSelectorActivity"]}, {"1e13702478feb3bb340b9c8948431ccd": ["3", "jp.sblo.pandora.aGrep.FileSelectorActivity"]}, {"1e13702478feb3bb340b9c8948431ccd": ["3", "jp.sblo.pandora.aGrep.FileSelectorActivity"]}, {"1e13702478feb3bb340b9c8948431ccd": ["3", "jp.sblo.pandora.aGrep.FileSelectorActivity"]}, {"1e13702478feb3bb340b9c8948431ccd": ["3", "jp.sblo.pandora.aGrep.FileSelectorActivity"]}, {"1e13702478feb3bb340b9c8948431ccd": ["3", "jp.sblo.pandora.aGrep.FileSelectorActivity"]}, {"1e13702478feb3bb340b9c8948431ccd": ["3", "jp.sblo.pandora.aGrep.FileSelectorActivity"]}, {"1e13702478feb3bb340b9c8948431ccd": ["3", "jp.sblo.pandora.aGrep.FileSelectorActivity"]}, {"1e13702478feb3bb340b9c8948431ccd": ["3", "jp.sblo.pandora.aGrep.FileSelectorActivity"]}, {"1e13702478feb3bb340b9c8948431ccd": ["3", "jp.sblo.pandora.aGrep.FileSelectorActivity"]}, {"1e13702478feb3bb340b9c8948431ccd": ["3", "jp.sblo.pandora.aGrep.FileSelectorActivity"]}, {"1e13702478feb3bb340b9c8948431ccd": ["3", "jp.sblo.pandora.aGrep.FileSelectorActivity"]}, {"1e13702478feb3bb340b9c8948431ccd": ["3", "jp.sblo.pandora.aGrep.FileSelectorActivity"]}, {"1e13702478feb3bb340b9c8948431ccd": ["3", "jp.sblo.pandora.aGrep.FileSelectorActivity"]}, {"1e13702478feb3bb340b9c8948431ccd": ["3", "jp.sblo.pandora.aGrep.FileSelectorActivity"]}, {"1e13702478feb3bb340b9c8948431ccd": ["3", "jp.sblo.pandora.aGrep.FileSelectorActivity"]}, {"71f66b0ce81bccbd13c7ad8f9d163f75": ["17", "jp.sblo.pandora.aGrep.FileSelectorActivity"]}, {"71f66b0ce81bccbd13c7ad8f9d163f75": ["17", "jp.sblo.pandora.aGrep.FileSelectorActivity"]}, {"71f66b0ce81bccbd13c7ad8f9d163f75": ["17", "jp.sblo.pandora.aGrep.FileSelectorActivity"]}, {"1e13702478feb3bb340b9c8948431ccd": ["3", "jp.sblo.pandora.aGrep.FileSelectorActivity"]}, {"1e13702478feb3bb340b9c8948431ccd": ["3", "jp.sblo.pandora.aGrep.FileSelectorActivity"]}, {"1e13702478feb3bb340b9c8948431ccd": ["3", "jp.sblo.pandora.aGrep.FileSelectorActivity"]}, {"1e13702478feb3bb340b9c8948431ccd": ["3", "jp.sblo.pandora.aGrep.FileSelectorActivity"]}, {"71f66b0ce81bccbd13c7ad8f9d163f75": ["17", "jp.sblo.pandora.aGrep.FileSelectorActivity"]}, {"71f66b0ce81bccbd13c7ad8f9d163f75": ["17", "jp.sblo.pandora.aGrep.FileSelectorActivity"]}, {"1e13702478feb3bb340b9c8948431ccd": ["3", "jp.sblo.pandora.aGrep.FileSelectorActivity"]}, {"1e13702478feb3bb340b9c8948431ccd": ["3", "jp.sblo.pandora.aGrep.FileSelectorActivity"]}, {"1e13702478feb3bb340b9c8948431ccd": ["3", "jp.sblo.pandora.aGrep.FileSelectorActivity"]}, {"1e13702478feb3bb340b9c8948431ccd": ["3", "jp.sblo.pandora.aGrep.FileSelectorActivity"]}, {"1e13702478feb3bb340b9c8948431ccd": ["3", "jp.sblo.pandora.aGrep.FileSelectorActivity"]}, {"1e13702478feb3bb340b9c8948431ccd": ["3", "jp.sblo.pandora.aGrep.FileSelectorActivity"]}, {"1e13702478feb3bb340b9c8948431ccd": ["3", "jp.sblo.pandora.aGrep.FileSelectorActivity"]}, {"1e13702478feb3bb340b9c8948431ccd": ["3", "jp.sblo.pandora.aGrep.FileSelectorActivity"]}, {"1e13702478feb3bb340b9c8948431ccd": ["3", "jp.sblo.pandora.aGrep.FileSelectorActivity"]}, {"1e13702478feb3bb340b9c8948431ccd": ["3", "jp.sblo.pandora.aGrep.FileSelectorActivity"]}, {"1e13702478feb3bb340b9c8948431ccd": ["3", "jp.sblo.pandora.aGrep.FileSelectorActivity"]}, {"1e13702478feb3bb340b9c8948431ccd": ["3", "jp.sblo.pandora.aGrep.FileSelectorActivity"]}, {"1e13702478feb3bb340b9c8948431ccd": ["3", "jp.sblo.pandora.aGrep.FileSelectorActivity"]}, {"1e13702478feb3bb340b9c8948431ccd": ["3", "jp.sblo.pandora.aGrep.FileSelectorActivity"]}, {"1e13702478feb3bb340b9c8948431ccd": ["3", "jp.sblo.pandora.aGrep.FileSelectorActivity"]}, {"1e13702478feb3bb340b9c8948431ccd": ["3", "jp.sblo.pandora.aGrep.FileSelectorActivity"]}, {"1e13702478feb3bb340b9c8948431ccd": ["3", "jp.sblo.pandora.aGrep.FileSelectorActivity"]}, {"1e13702478feb3bb340b9c8948431ccd": ["3", "jp.sblo.pandora.aGrep.FileSelectorActivity"]}, {"71f66b0ce81bccbd13c7ad8f9d163f75": ["17", "jp.sblo.pandora.aGrep.FileSelectorActivity"]}, {"1e13702478feb3bb340b9c8948431ccd": ["3", "jp.sblo.pandora.aGrep.FileSelectorActivity"]}, {"bd9c5f047f7981b5c918d89906cf0f9c": ["7", "jp.sblo.pandora.aGrep.OptionActivity"]}, {"bd9c5f047f7981b5c918d89906cf0f9c": ["7", "jp.sblo.pandora.aGrep.OptionActivity"]}, {"bd9c5f047f7981b5c918d89906cf0f9c": ["7", "jp.sblo.pandora.aGrep.OptionActivity"]}, {"bd9c5f047f7981b5c918d89906cf0f9c": ["7", "jp.sblo.pandora.aGrep.OptionActivity"]}, {"f6945a46f0d3627d46e60e21d13ba72e": ["6", "jp.sblo.pandora.aGrep.OptionActivity"]}, {"bd9c5f047f7981b5c918d89906cf0f9c": ["7", "jp.sblo.pandora.aGrep.OptionActivity"]}, {"bd9c5f047f7981b5c918d89906cf0f9c": ["7", "jp.sblo.pandora.aGrep.OptionActivity"]}, {"bd9c5f047f7981b5c918d89906cf0f9c": ["7", "jp.sblo.pandora.aGrep.OptionActivity"]}, {"bd9c5f047f7981b5c918d89906cf0f9c": ["7", "jp.sblo.pandora.aGrep.OptionActivity"]}]