[{"df380542c22da1a4d8a4f027dea47c49": ["0", "com.fsck.k9.activity.Accounts"]}, {"df380542c22da1a4d8a4f027dea47c49": ["0", "com.fsck.k9.activity.Accounts"]}, {"df380542c22da1a4d8a4f027dea47c49": ["0", "com.fsck.k9.activity.Accounts"]}, {"df380542c22da1a4d8a4f027dea47c49": ["0", "com.fsck.k9.activity.Accounts"]}, {"df380542c22da1a4d8a4f027dea47c49": ["0", "com.fsck.k9.activity.Accounts"]}, {"df380542c22da1a4d8a4f027dea47c49": ["0", "com.fsck.k9.activity.Accounts"]}, {"df380542c22da1a4d8a4f027dea47c49": ["0", "com.fsck.k9.activity.Accounts"]}, {"df380542c22da1a4d8a4f027dea47c49": ["0", "com.fsck.k9.activity.Accounts"]}, {"df380542c22da1a4d8a4f027dea47c49": ["0", "com.fsck.k9.activity.Accounts"]}, {"df380542c22da1a4d8a4f027dea47c49": ["0", "com.fsck.k9.activity.Accounts"]}, {"df380542c22da1a4d8a4f027dea47c49": ["0", "com.fsck.k9.activity.Accounts"]}, {"9b99aeaa823c002ae8cb34f1cbe9254f": ["20", "com.fsck.k9.activity.setup.Prefs"]}, {"8e996c9690f183d5870d19fd4a8ab3ec": ["21", "com.fsck.k9.activity.setup.Prefs"]}, {"8e996c9690f183d5870d19fd4a8ab3ec": ["21", "com.fsck.k9.activity.setup.Prefs"]}, {"9b99aeaa823c002ae8cb34f1cbe9254f": ["20", "com.fsck.k9.activity.setup.Prefs"]}, {"18dff56f7b1e13e084ef18d416f06c92": ["22", "com.fsck.k9.activity.setup.Prefs"]}, {"f2088fdea102793e1da62e38e571122a": ["23", "com.fsck.k9.activity.setup.Prefs"]}, {"18dff56f7b1e13e084ef18d416f06c92": ["22", "com.fsck.k9.activity.setup.Prefs"]}, {"9b99aeaa823c002ae8cb34f1cbe9254f": ["20", "com.fsck.k9.activity.setup.Prefs"]}, {"faccaba10c5e686d3a849158ac2505c9": ["24", "com.fsck.k9.activity.setup.Prefs"]}, {"faccaba10c5e686d3a849158ac2505c9": ["24", "com.fsck.k9.activity.setup.Prefs"]}, {"faccaba10c5e686d3a849158ac2505c9": ["24", "com.fsck.k9.activity.setup.Prefs"]}, {"faccaba10c5e686d3a849158ac2505c9": ["24", "com.fsck.k9.activity.setup.Prefs"]}, {"faccaba10c5e686d3a849158ac2505c9": ["24", "com.fsck.k9.activity.setup.Prefs"]}, {"faccaba10c5e686d3a849158ac2505c9": ["24", "com.fsck.k9.activity.setup.Prefs"]}, {"faccaba10c5e686d3a849158ac2505c9": ["24", "com.fsck.k9.activity.setup.Prefs"]}, {"7394033d312b300cf90307afdd3f8fbc": ["25", "com.fsck.k9.activity.setup.Prefs"]}, {"faccaba10c5e686d3a849158ac2505c9": ["24", "com.fsck.k9.activity.setup.Prefs"]}, {"faccaba10c5e686d3a849158ac2505c9": ["24", "com.fsck.k9.activity.setup.Prefs"]}, {"faccaba10c5e686d3a849158ac2505c9": ["24", "com.fsck.k9.activity.setup.Prefs"]}, {"faccaba10c5e686d3a849158ac2505c9": ["24", "com.fsck.k9.activity.setup.Prefs"]}, {"faccaba10c5e686d3a849158ac2505c9": ["24", "com.fsck.k9.activity.setup.Prefs"]}, {"faccaba10c5e686d3a849158ac2505c9": ["24", "com.fsck.k9.activity.setup.Prefs"]}, {"faccaba10c5e686d3a849158ac2505c9": ["24", "com.fsck.k9.activity.setup.Prefs"]}, {"faccaba10c5e686d3a849158ac2505c9": ["24", "com.fsck.k9.activity.setup.Prefs"]}, {"4ab664da7ae3d9285139a95d47300b0a": ["26", "com.fsck.k9.activity.Accounts"]}, {"df380542c22da1a4d8a4f027dea47c49": ["0", "com.fsck.k9.activity.Accounts"]}, {"faccaba10c5e686d3a849158ac2505c9": ["24", "com.fsck.k9.activity.setup.Prefs"]}, {"9b99aeaa823c002ae8cb34f1cbe9254f": ["20", "com.fsck.k9.activity.setup.Prefs"]}, {"5fde9d7624598d325eeeb74ba84ea1b0": ["27", "com.fsck.k9.activity.setup.Prefs"]}, {"f037af33d3c14c8e34d2ca7853345573": ["28", "com.fsck.k9.activity.setup.Prefs"]}, {"5fde9d7624598d325eeeb74ba84ea1b0": ["27", "com.fsck.k9.activity.setup.Prefs"]}, {"9b99aeaa823c002ae8cb34f1cbe9254f": ["20", "com.fsck.k9.activity.setup.Prefs"]}, {"faccaba10c5e686d3a849158ac2505c9": ["24", "com.fsck.k9.activity.setup.Prefs"]}, {"9b99aeaa823c002ae8cb34f1cbe9254f": ["20", "com.fsck.k9.activity.setup.Prefs"]}, {"228f8f25873cd218a72921191f451533": ["29", "com.fsck.k9.activity.setup.Prefs"]}, {"228f8f25873cd218a72921191f451533": ["29", "com.fsck.k9.activity.setup.Prefs"]}, {"228f8f25873cd218a72921191f451533": ["29", "com.fsck.k9.activity.setup.Prefs"]}, {"228f8f25873cd218a72921191f451533": ["29", "com.fsck.k9.activity.setup.Prefs"]}, {"228f8f25873cd218a72921191f451533": ["29", "com.fsck.k9.activity.setup.Prefs"]}, {"228f8f25873cd218a72921191f451533": ["29", "com.fsck.k9.activity.setup.Prefs"]}, {"228f8f25873cd218a72921191f451533": ["29", "com.fsck.k9.activity.setup.Prefs"]}, {"228f8f25873cd218a72921191f451533": ["29", "com.fsck.k9.activity.setup.Prefs"]}, {"f192eb7dae9fce0cfcc210ebd1c0e820": ["30", "com.fsck.k9.activity.setup.Prefs"]}, {"228f8f25873cd218a72921191f451533": ["29", "com.fsck.k9.activity.setup.Prefs"]}, {"228f8f25873cd218a72921191f451533": ["29", "com.fsck.k9.activity.setup.Prefs"]}, {"228f8f25873cd218a72921191f451533": ["29", "com.fsck.k9.activity.setup.Prefs"]}, {"228f8f25873cd218a72921191f451533": ["29", "com.fsck.k9.activity.setup.Prefs"]}, {"756fe448762ea28ded452a2d083febdf": ["31", "com.fsck.k9.activity.setup.Prefs"]}, {"228f8f25873cd218a72921191f451533": ["29", "com.fsck.k9.activity.setup.Prefs"]}, {"9b99aeaa823c002ae8cb34f1cbe9254f": ["20", "com.fsck.k9.activity.setup.Prefs"]}, {"5fde9d7624598d325eeeb74ba84ea1b0": ["27", "com.fsck.k9.activity.setup.Prefs"]}, {"5fde9d7624598d325eeeb74ba84ea1b0": ["27", "com.fsck.k9.activity.setup.Prefs"]}, {"5fde9d7624598d325eeeb74ba84ea1b0": ["27", "com.fsck.k9.activity.setup.Prefs"]}, {"f2088fdea102793e1da62e38e571122a": ["23", "com.fsck.k9.activity.setup.Prefs"]}, {"5fde9d7624598d325eeeb74ba84ea1b0": ["27", "com.fsck.k9.activity.setup.Prefs"]}, {"5fde9d7624598d325eeeb74ba84ea1b0": ["27", "com.fsck.k9.activity.setup.Prefs"]}, {"bda7b212a10597c14f5ee5d3ff51a9ee": ["32", "com.fsck.k9.activity.setup.Prefs"]}, {"5fde9d7624598d325eeeb74ba84ea1b0": ["27", "com.fsck.k9.activity.setup.Prefs"]}, {"aa037c6076d4243fca0e8018b35d157a": ["33", "com.fsck.k9.activity.setup.FontSizeSettings"]}, {"8265b78ba3e842977697205b74753470": ["34", "com.fsck.k9.activity.setup.FontSizeSettings"]}, {"4ab664da7ae3d9285139a95d47300b0a": ["26", "com.fsck.k9.activity.Accounts"]}, {"0e98a14bee65f112513c2c3dfa64c526": ["35", "com.fsck.k9.activity.setup.FontSizeSettings"]}, {"8265b78ba3e842977697205b74753470": ["34", "com.fsck.k9.activity.setup.FontSizeSettings"]}, {"0e98a14bee65f112513c2c3dfa64c526": ["35", "com.fsck.k9.activity.setup.FontSizeSettings"]}, {"8265b78ba3e842977697205b74753470": ["34", "com.fsck.k9.activity.setup.FontSizeSettings"]}, {"0e98a14bee65f112513c2c3dfa64c526": ["35", "com.fsck.k9.activity.setup.FontSizeSettings"]}, {"8265b78ba3e842977697205b74753470": ["34", "com.fsck.k9.activity.setup.FontSizeSettings"]}, {"0e98a14bee65f112513c2c3dfa64c526": ["35", "com.fsck.k9.activity.setup.FontSizeSettings"]}, {"8265b78ba3e842977697205b74753470": ["34", "com.fsck.k9.activity.setup.FontSizeSettings"]}, {"0e98a14bee65f112513c2c3dfa64c526": ["35", "com.fsck.k9.activity.setup.FontSizeSettings"]}, {"8265b78ba3e842977697205b74753470": ["34", "com.fsck.k9.activity.setup.FontSizeSettings"]}, {"0e98a14bee65f112513c2c3dfa64c526": ["35", "com.fsck.k9.activity.setup.FontSizeSettings"]}, {"aa037c6076d4243fca0e8018b35d157a": ["33", "com.fsck.k9.activity.setup.FontSizeSettings"]}, {"8265b78ba3e842977697205b74753470": ["34", "com.fsck.k9.activity.setup.FontSizeSettings"]}, {"0e98a14bee65f112513c2c3dfa64c526": ["35", "com.fsck.k9.activity.setup.FontSizeSettings"]}, {"8265b78ba3e842977697205b74753470": ["34", "com.fsck.k9.activity.setup.FontSizeSettings"]}, {"0e98a14bee65f112513c2c3dfa64c526": ["35", "com.fsck.k9.activity.setup.FontSizeSettings"]}, {"8265b78ba3e842977697205b74753470": ["34", "com.fsck.k9.activity.setup.FontSizeSettings"]}, {"0e98a14bee65f112513c2c3dfa64c526": ["35", "com.fsck.k9.activity.setup.FontSizeSettings"]}, {"aa037c6076d4243fca0e8018b35d157a": ["33", "com.fsck.k9.activity.setup.FontSizeSettings"]}, {"49a19e0ff9efcb4a301441c2f0e591f3": ["36", "com.fsck.k9.activity.setup.FontSizeSettings"]}, {"0e98a14bee65f112513c2c3dfa64c526": ["35", "com.fsck.k9.activity.setup.FontSizeSettings"]}, {"49a19e0ff9efcb4a301441c2f0e591f3": ["36", "com.fsck.k9.activity.setup.FontSizeSettings"]}, {"0e98a14bee65f112513c2c3dfa64c526": ["35", "com.fsck.k9.activity.setup.FontSizeSettings"]}, {"49a19e0ff9efcb4a301441c2f0e591f3": ["36", "com.fsck.k9.activity.setup.FontSizeSettings"]}, {"0e98a14bee65f112513c2c3dfa64c526": ["35", "com.fsck.k9.activity.setup.FontSizeSettings"]}, {"49a19e0ff9efcb4a301441c2f0e591f3": ["36", "com.fsck.k9.activity.setup.FontSizeSettings"]}, {"0e98a14bee65f112513c2c3dfa64c526": ["35", "com.fsck.k9.activity.setup.FontSizeSettings"]}, {"49a19e0ff9efcb4a301441c2f0e591f3": ["36", "com.fsck.k9.activity.setup.FontSizeSettings"]}, {"49a19e0ff9efcb4a301441c2f0e591f3": ["36", "com.fsck.k9.activity.setup.FontSizeSettings"]}, {"0e98a14bee65f112513c2c3dfa64c526": ["35", "com.fsck.k9.activity.setup.FontSizeSettings"]}, {"49a19e0ff9efcb4a301441c2f0e591f3": ["36", "com.fsck.k9.activity.setup.FontSizeSettings"]}, {"0e98a14bee65f112513c2c3dfa64c526": ["35", "com.fsck.k9.activity.setup.FontSizeSettings"]}, {"49a19e0ff9efcb4a301441c2f0e591f3": ["36", "com.fsck.k9.activity.setup.FontSizeSettings"]}, {"0e98a14bee65f112513c2c3dfa64c526": ["35", "com.fsck.k9.activity.setup.FontSizeSettings"]}, {"49a19e0ff9efcb4a301441c2f0e591f3": ["36", "com.fsck.k9.activity.setup.FontSizeSettings"]}, {"0e98a14bee65f112513c2c3dfa64c526": ["35", "com.fsck.k9.activity.setup.FontSizeSettings"]}, {"4ab664da7ae3d9285139a95d47300b0a": ["26", "com.fsck.k9.activity.Accounts"]}, {"49a19e0ff9efcb4a301441c2f0e591f3": ["36", "com.fsck.k9.activity.setup.FontSizeSettings"]}, {"0e98a14bee65f112513c2c3dfa64c526": ["35", "com.fsck.k9.activity.setup.FontSizeSettings"]}, {"49a19e0ff9efcb4a301441c2f0e591f3": ["36", "com.fsck.k9.activity.setup.FontSizeSettings"]}, {"0e98a14bee65f112513c2c3dfa64c526": ["35", "com.fsck.k9.activity.setup.FontSizeSettings"]}, {"49a19e0ff9efcb4a301441c2f0e591f3": ["36", "com.fsck.k9.activity.setup.FontSizeSettings"]}, {"0e98a14bee65f112513c2c3dfa64c526": ["35", "com.fsck.k9.activity.setup.FontSizeSettings"]}, {"49a19e0ff9efcb4a301441c2f0e591f3": ["36", "com.fsck.k9.activity.setup.FontSizeSettings"]}, {"0e98a14bee65f112513c2c3dfa64c526": ["35", "com.fsck.k9.activity.setup.FontSizeSettings"]}, {"49a19e0ff9efcb4a301441c2f0e591f3": ["36", "com.fsck.k9.activity.setup.FontSizeSettings"]}, {"458e6abb12722b37470647657408b67d": ["37", "com.fsck.k9.activity.setup.FontSizeSettings"]}, {"49a19e0ff9efcb4a301441c2f0e591f3": ["36", "com.fsck.k9.activity.setup.FontSizeSettings"]}, {"0e98a14bee65f112513c2c3dfa64c526": ["35", "com.fsck.k9.activity.setup.FontSizeSettings"]}, {"49a19e0ff9efcb4a301441c2f0e591f3": ["36", "com.fsck.k9.activity.setup.FontSizeSettings"]}, {"0e98a14bee65f112513c2c3dfa64c526": ["35", "com.fsck.k9.activity.setup.FontSizeSettings"]}, {"49a19e0ff9efcb4a301441c2f0e591f3": ["36", "com.fsck.k9.activity.setup.FontSizeSettings"]}, {"0e98a14bee65f112513c2c3dfa64c526": ["35", "com.fsck.k9.activity.setup.FontSizeSettings"]}, {"aa037c6076d4243fca0e8018b35d157a": ["33", "com.fsck.k9.activity.setup.FontSizeSettings"]}, {"1eb24cf500c907b7292b13e3c75469d6": ["38", "com.fsck.k9.activity.setup.FontSizeSettings"]}, {"0e98a14bee65f112513c2c3dfa64c526": ["35", "com.fsck.k9.activity.setup.FontSizeSettings"]}, {"1eb24cf500c907b7292b13e3c75469d6": ["38", "com.fsck.k9.activity.setup.FontSizeSettings"]}, {"0e98a14bee65f112513c2c3dfa64c526": ["35", "com.fsck.k9.activity.setup.FontSizeSettings"]}, {"9b99aeaa823c002ae8cb34f1cbe9254f": ["20", "com.fsck.k9.activity.setup.Prefs"]}, {"5fde9d7624598d325eeeb74ba84ea1b0": ["27", "com.fsck.k9.activity.setup.Prefs"]}, {"f037af33d3c14c8e34d2ca7853345573": ["28", "com.fsck.k9.activity.setup.Prefs"]}, {"5fde9d7624598d325eeeb74ba84ea1b0": ["27", "com.fsck.k9.activity.setup.Prefs"]}, {"5fde9d7624598d325eeeb74ba84ea1b0": ["27", "com.fsck.k9.activity.setup.Prefs"]}, {"caebb52ca941bf0cd2f4049052f78996": ["39", "com.fsck.k9.activity.setup.Prefs"]}, {"bda7b212a10597c14f5ee5d3ff51a9ee": ["32", "com.fsck.k9.activity.setup.Prefs"]}, {"5fde9d7624598d325eeeb74ba84ea1b0": ["27", "com.fsck.k9.activity.setup.Prefs"]}, {"bda7b212a10597c14f5ee5d3ff51a9ee": ["32", "com.fsck.k9.activity.setup.Prefs"]}, {"5fde9d7624598d325eeeb74ba84ea1b0": ["27", "com.fsck.k9.activity.setup.Prefs"]}, {"5fde9d7624598d325eeeb74ba84ea1b0": ["27", "com.fsck.k9.activity.setup.Prefs"]}, {"5fde9d7624598d325eeeb74ba84ea1b0": ["27", "com.fsck.k9.activity.setup.Prefs"]}, {"5fde9d7624598d325eeeb74ba84ea1b0": ["27", "com.fsck.k9.activity.setup.Prefs"]}, {"5fde9d7624598d325eeeb74ba84ea1b0": ["27", "com.fsck.k9.activity.setup.Prefs"]}, {"f2088fdea102793e1da62e38e571122a": ["23", "com.fsck.k9.activity.setup.Prefs"]}, {"5fde9d7624598d325eeeb74ba84ea1b0": ["27", "com.fsck.k9.activity.setup.Prefs"]}, {"5fde9d7624598d325eeeb74ba84ea1b0": ["27", "com.fsck.k9.activity.setup.Prefs"]}, {"caebb52ca941bf0cd2f4049052f78996": ["39", "com.fsck.k9.activity.setup.Prefs"]}, {"caebb52ca941bf0cd2f4049052f78996": ["39", "com.fsck.k9.activity.setup.Prefs"]}, {"caebb52ca941bf0cd2f4049052f78996": ["39", "com.fsck.k9.activity.setup.Prefs"]}, {"091667330505bc31db9d9c8d9fc915a2": ["40", "com.fsck.k9.activity.setup.Prefs"]}, {"091667330505bc31db9d9c8d9fc915a2": ["40", "com.fsck.k9.activity.setup.Prefs"]}, {"091667330505bc31db9d9c8d9fc915a2": ["40", "com.fsck.k9.activity.setup.Prefs"]}, {"091667330505bc31db9d9c8d9fc915a2": ["40", "com.fsck.k9.activity.setup.Prefs"]}, {"2d286a117110c38a32e87337ac7d9a3a": ["41", "com.fsck.k9.activity.setup.Prefs"]}, {"2d286a117110c38a32e87337ac7d9a3a": ["41", "com.fsck.k9.activity.setup.Prefs"]}, {"2d286a117110c38a32e87337ac7d9a3a": ["41", "com.fsck.k9.activity.setup.Prefs"]}, {"860de55568417bf9d658eab8fa187edf": ["42", "com.fsck.k9.activity.setup.Prefs"]}, {"860de55568417bf9d658eab8fa187edf": ["42", "com.fsck.k9.activity.setup.Prefs"]}, {"860de55568417bf9d658eab8fa187edf": ["42", "com.fsck.k9.activity.setup.Prefs"]}, {"860de55568417bf9d658eab8fa187edf": ["42", "com.fsck.k9.activity.setup.Prefs"]}, {"9b99aeaa823c002ae8cb34f1cbe9254f": ["20", "com.fsck.k9.activity.setup.Prefs"]}, {"b48ef41a4dea46656bedd6213b412be8": ["43", "com.fsck.k9.activity.setup.Prefs"]}, {"b48ef41a4dea46656bedd6213b412be8": ["43", "com.fsck.k9.activity.setup.Prefs"]}, {"df380542c22da1a4d8a4f027dea47c49": ["0", "com.fsck.k9.activity.Accounts"]}, {"b48ef41a4dea46656bedd6213b412be8": ["43", "com.fsck.k9.activity.setup.Prefs"]}, {"b48ef41a4dea46656bedd6213b412be8": ["43", "com.fsck.k9.activity.setup.Prefs"]}, {"b48ef41a4dea46656bedd6213b412be8": ["43", "com.fsck.k9.activity.setup.Prefs"]}, {"df380542c22da1a4d8a4f027dea47c49": ["0", "com.fsck.k9.activity.Accounts"]}, {"9b99aeaa823c002ae8cb34f1cbe9254f": ["20", "com.fsck.k9.activity.setup.Prefs"]}, {"8e996c9690f183d5870d19fd4a8ab3ec": ["21", "com.fsck.k9.activity.setup.Prefs"]}, {"8e996c9690f183d5870d19fd4a8ab3ec": ["21", "com.fsck.k9.activity.setup.Prefs"]}, {"8e996c9690f183d5870d19fd4a8ab3ec": ["21", "com.fsck.k9.activity.setup.Prefs"]}, {"8e996c9690f183d5870d19fd4a8ab3ec": ["21", "com.fsck.k9.activity.setup.Prefs"]}, {"8e996c9690f183d5870d19fd4a8ab3ec": ["21", "com.fsck.k9.activity.setup.Prefs"]}, {"8e996c9690f183d5870d19fd4a8ab3ec": ["21", "com.fsck.k9.activity.setup.Prefs"]}, {"8e996c9690f183d5870d19fd4a8ab3ec": ["21", "com.fsck.k9.activity.setup.Prefs"]}, {"8e996c9690f183d5870d19fd4a8ab3ec": ["21", "com.fsck.k9.activity.setup.Prefs"]}, {"8e996c9690f183d5870d19fd4a8ab3ec": ["21", "com.fsck.k9.activity.setup.Prefs"]}, {"8e996c9690f183d5870d19fd4a8ab3ec": ["21", "com.fsck.k9.activity.setup.Prefs"]}, {"8e996c9690f183d5870d19fd4a8ab3ec": ["21", "com.fsck.k9.activity.setup.Prefs"]}, {"8e996c9690f183d5870d19fd4a8ab3ec": ["21", "com.fsck.k9.activity.setup.Prefs"]}, {"8e996c9690f183d5870d19fd4a8ab3ec": ["21", "com.fsck.k9.activity.setup.Prefs"]}, {"8e996c9690f183d5870d19fd4a8ab3ec": ["21", "com.fsck.k9.activity.setup.Prefs"]}, {"8e996c9690f183d5870d19fd4a8ab3ec": ["21", "com.fsck.k9.activity.setup.Prefs"]}, {"8e996c9690f183d5870d19fd4a8ab3ec": ["21", "com.fsck.k9.activity.setup.Prefs"]}, {"8e996c9690f183d5870d19fd4a8ab3ec": ["21", "com.fsck.k9.activity.setup.Prefs"]}, {"8e996c9690f183d5870d19fd4a8ab3ec": ["21", "com.fsck.k9.activity.setup.Prefs"]}, {"8e996c9690f183d5870d19fd4a8ab3ec": ["21", "com.fsck.k9.activity.setup.Prefs"]}, {"8e996c9690f183d5870d19fd4a8ab3ec": ["21", "com.fsck.k9.activity.setup.Prefs"]}, {"df380542c22da1a4d8a4f027dea47c49": ["0", "com.fsck.k9.activity.Accounts"]}, {"8e996c9690f183d5870d19fd4a8ab3ec": ["21", "com.fsck.k9.activity.setup.Prefs"]}, {"8e996c9690f183d5870d19fd4a8ab3ec": ["21", "com.fsck.k9.activity.setup.Prefs"]}, {"8e996c9690f183d5870d19fd4a8ab3ec": ["21", "com.fsck.k9.activity.setup.Prefs"]}, {"8e996c9690f183d5870d19fd4a8ab3ec": ["21", "com.fsck.k9.activity.setup.Prefs"]}, {"8e996c9690f183d5870d19fd4a8ab3ec": ["21", "com.fsck.k9.activity.setup.Prefs"]}, {"8e996c9690f183d5870d19fd4a8ab3ec": ["21", "com.fsck.k9.activity.setup.Prefs"]}, {"8e996c9690f183d5870d19fd4a8ab3ec": ["21", "com.fsck.k9.activity.setup.Prefs"]}, {"df380542c22da1a4d8a4f027dea47c49": ["0", "com.fsck.k9.activity.Accounts"]}, {"8e996c9690f183d5870d19fd4a8ab3ec": ["21", "com.fsck.k9.activity.setup.Prefs"]}, {"8e996c9690f183d5870d19fd4a8ab3ec": ["21", "com.fsck.k9.activity.setup.Prefs"]}, {"8e996c9690f183d5870d19fd4a8ab3ec": ["21", "com.fsck.k9.activity.setup.Prefs"]}, {"8e996c9690f183d5870d19fd4a8ab3ec": ["21", "com.fsck.k9.activity.setup.Prefs"]}, {"8e996c9690f183d5870d19fd4a8ab3ec": ["21", "com.fsck.k9.activity.setup.Prefs"]}, {"8e996c9690f183d5870d19fd4a8ab3ec": ["21", "com.fsck.k9.activity.setup.Prefs"]}, {"8e996c9690f183d5870d19fd4a8ab3ec": ["21", "com.fsck.k9.activity.setup.Prefs"]}, {"8e996c9690f183d5870d19fd4a8ab3ec": ["21", "com.fsck.k9.activity.setup.Prefs"]}, {"8e996c9690f183d5870d19fd4a8ab3ec": ["21", "com.fsck.k9.activity.setup.Prefs"]}, {"8e996c9690f183d5870d19fd4a8ab3ec": ["21", "com.fsck.k9.activity.setup.Prefs"]}, {"8e996c9690f183d5870d19fd4a8ab3ec": ["21", "com.fsck.k9.activity.setup.Prefs"]}, {"8e996c9690f183d5870d19fd4a8ab3ec": ["21", "com.fsck.k9.activity.setup.Prefs"]}, {"8e996c9690f183d5870d19fd4a8ab3ec": ["21", "com.fsck.k9.activity.setup.Prefs"]}, {"9b99aeaa823c002ae8cb34f1cbe9254f": ["20", "com.fsck.k9.activity.setup.Prefs"]}, {"8e996c9690f183d5870d19fd4a8ab3ec": ["21", "com.fsck.k9.activity.setup.Prefs"]}, {"8e996c9690f183d5870d19fd4a8ab3ec": ["21", "com.fsck.k9.activity.setup.Prefs"]}, {"9b99aeaa823c002ae8cb34f1cbe9254f": ["20", "com.fsck.k9.activity.setup.Prefs"]}, {"df380542c22da1a4d8a4f027dea47c49": ["0", "com.fsck.k9.activity.Accounts"]}, {"df380542c22da1a4d8a4f027dea47c49": ["0", "com.fsck.k9.activity.Accounts"]}, {"faccaba10c5e686d3a849158ac2505c9": ["24", "com.fsck.k9.activity.setup.Prefs"]}, {"faccaba10c5e686d3a849158ac2505c9": ["24", "com.fsck.k9.activity.setup.Prefs"]}, {"df380542c22da1a4d8a4f027dea47c49": ["0", "com.fsck.k9.activity.Accounts"]}, {"9b99aeaa823c002ae8cb34f1cbe9254f": ["20", "com.fsck.k9.activity.setup.Prefs"]}, {"228f8f25873cd218a72921191f451533": ["29", "com.fsck.k9.activity.setup.Prefs"]}, {"228f8f25873cd218a72921191f451533": ["29", "com.fsck.k9.activity.setup.Prefs"]}, {"228f8f25873cd218a72921191f451533": ["29", "com.fsck.k9.activity.setup.Prefs"]}, {"228f8f25873cd218a72921191f451533": ["29", "com.fsck.k9.activity.setup.Prefs"]}, {"228f8f25873cd218a72921191f451533": ["29", "com.fsck.k9.activity.setup.Prefs"]}, {"df380542c22da1a4d8a4f027dea47c49": ["0", "com.fsck.k9.activity.Accounts"]}, {"228f8f25873cd218a72921191f451533": ["29", "com.fsck.k9.activity.setup.Prefs"]}, {"228f8f25873cd218a72921191f451533": ["29", "com.fsck.k9.activity.setup.Prefs"]}, {"756fe448762ea28ded452a2d083febdf": ["31", "com.fsck.k9.activity.setup.Prefs"]}, {"228f8f25873cd218a72921191f451533": ["29", "com.fsck.k9.activity.setup.Prefs"]}, {"228f8f25873cd218a72921191f451533": ["29", "com.fsck.k9.activity.setup.Prefs"]}, {"228f8f25873cd218a72921191f451533": ["29", "com.fsck.k9.activity.setup.Prefs"]}, {"228f8f25873cd218a72921191f451533": ["29", "com.fsck.k9.activity.setup.Prefs"]}, {"228f8f25873cd218a72921191f451533": ["29", "com.fsck.k9.activity.setup.Prefs"]}, {"756fe448762ea28ded452a2d083febdf": ["31", "com.fsck.k9.activity.setup.Prefs"]}, {"228f8f25873cd218a72921191f451533": ["29", "com.fsck.k9.activity.setup.Prefs"]}, {"228f8f25873cd218a72921191f451533": ["29", "com.fsck.k9.activity.setup.Prefs"]}, {"228f8f25873cd218a72921191f451533": ["29", "com.fsck.k9.activity.setup.Prefs"]}, {"f192eb7dae9fce0cfcc210ebd1c0e820": ["30", "com.fsck.k9.activity.setup.Prefs"]}, {"f192eb7dae9fce0cfcc210ebd1c0e820": ["30", "com.fsck.k9.activity.setup.Prefs"]}, {"228f8f25873cd218a72921191f451533": ["29", "com.fsck.k9.activity.setup.Prefs"]}, {"228f8f25873cd218a72921191f451533": ["29", "com.fsck.k9.activity.setup.Prefs"]}, {"228f8f25873cd218a72921191f451533": ["29", "com.fsck.k9.activity.setup.Prefs"]}, {"228f8f25873cd218a72921191f451533": ["29", "com.fsck.k9.activity.setup.Prefs"]}, {"228f8f25873cd218a72921191f451533": ["29", "com.fsck.k9.activity.setup.Prefs"]}, {"228f8f25873cd218a72921191f451533": ["29", "com.fsck.k9.activity.setup.Prefs"]}, {"756fe448762ea28ded452a2d083febdf": ["31", "com.fsck.k9.activity.setup.Prefs"]}, {"228f8f25873cd218a72921191f451533": ["29", "com.fsck.k9.activity.setup.Prefs"]}, {"228f8f25873cd218a72921191f451533": ["29", "com.fsck.k9.activity.setup.Prefs"]}, {"228f8f25873cd218a72921191f451533": ["29", "com.fsck.k9.activity.setup.Prefs"]}, {"228f8f25873cd218a72921191f451533": ["29", "com.fsck.k9.activity.setup.Prefs"]}, {"228f8f25873cd218a72921191f451533": ["29", "com.fsck.k9.activity.setup.Prefs"]}, {"228f8f25873cd218a72921191f451533": ["29", "com.fsck.k9.activity.setup.Prefs"]}, {"228f8f25873cd218a72921191f451533": ["29", "com.fsck.k9.activity.setup.Prefs"]}, {"228f8f25873cd218a72921191f451533": ["29", "com.fsck.k9.activity.setup.Prefs"]}, {"9b99aeaa823c002ae8cb34f1cbe9254f": ["20", "com.fsck.k9.activity.setup.Prefs"]}, {"228f8f25873cd218a72921191f451533": ["29", "com.fsck.k9.activity.setup.Prefs"]}, {"228f8f25873cd218a72921191f451533": ["29", "com.fsck.k9.activity.setup.Prefs"]}, {"228f8f25873cd218a72921191f451533": ["29", "com.fsck.k9.activity.setup.Prefs"]}, {"756fe448762ea28ded452a2d083febdf": ["31", "com.fsck.k9.activity.setup.Prefs"]}, {"228f8f25873cd218a72921191f451533": ["29", "com.fsck.k9.activity.setup.Prefs"]}, {"228f8f25873cd218a72921191f451533": ["29", "com.fsck.k9.activity.setup.Prefs"]}, {"228f8f25873cd218a72921191f451533": ["29", "com.fsck.k9.activity.setup.Prefs"]}, {"228f8f25873cd218a72921191f451533": ["29", "com.fsck.k9.activity.setup.Prefs"]}, {"228f8f25873cd218a72921191f451533": ["29", "com.fsck.k9.activity.setup.Prefs"]}, {"228f8f25873cd218a72921191f451533": ["29", "com.fsck.k9.activity.setup.Prefs"]}, {"228f8f25873cd218a72921191f451533": ["29", "com.fsck.k9.activity.setup.Prefs"]}, {"9b99aeaa823c002ae8cb34f1cbe9254f": ["20", "com.fsck.k9.activity.setup.Prefs"]}, {"8e996c9690f183d5870d19fd4a8ab3ec": ["21", "com.fsck.k9.activity.setup.Prefs"]}, {"df380542c22da1a4d8a4f027dea47c49": ["0", "com.fsck.k9.activity.Accounts"]}, {"8e996c9690f183d5870d19fd4a8ab3ec": ["21", "com.fsck.k9.activity.setup.Prefs"]}, {"8e996c9690f183d5870d19fd4a8ab3ec": ["21", "com.fsck.k9.activity.setup.Prefs"]}, {"8e996c9690f183d5870d19fd4a8ab3ec": ["21", "com.fsck.k9.activity.setup.Prefs"]}, {"8e996c9690f183d5870d19fd4a8ab3ec": ["21", "com.fsck.k9.activity.setup.Prefs"]}, {"8e996c9690f183d5870d19fd4a8ab3ec": ["21", "com.fsck.k9.activity.setup.Prefs"]}, {"8e996c9690f183d5870d19fd4a8ab3ec": ["21", "com.fsck.k9.activity.setup.Prefs"]}, {"8e996c9690f183d5870d19fd4a8ab3ec": ["21", "com.fsck.k9.activity.setup.Prefs"]}, {"8e996c9690f183d5870d19fd4a8ab3ec": ["21", "com.fsck.k9.activity.setup.Prefs"]}, {"8e996c9690f183d5870d19fd4a8ab3ec": ["21", "com.fsck.k9.activity.setup.Prefs"]}, {"8e996c9690f183d5870d19fd4a8ab3ec": ["21", "com.fsck.k9.activity.setup.Prefs"]}, {"df380542c22da1a4d8a4f027dea47c49": ["0", "com.fsck.k9.activity.Accounts"]}, {"8e996c9690f183d5870d19fd4a8ab3ec": ["21", "com.fsck.k9.activity.setup.Prefs"]}, {"df380542c22da1a4d8a4f027dea47c49": ["0", "com.fsck.k9.activity.Accounts"]}, {"8e996c9690f183d5870d19fd4a8ab3ec": ["21", "com.fsck.k9.activity.setup.Prefs"]}, {"8e996c9690f183d5870d19fd4a8ab3ec": ["21", "com.fsck.k9.activity.setup.Prefs"]}, {"8e996c9690f183d5870d19fd4a8ab3ec": ["21", "com.fsck.k9.activity.setup.Prefs"]}, {"8e996c9690f183d5870d19fd4a8ab3ec": ["21", "com.fsck.k9.activity.setup.Prefs"]}, {"8e996c9690f183d5870d19fd4a8ab3ec": ["21", "com.fsck.k9.activity.setup.Prefs"]}, {"8e996c9690f183d5870d19fd4a8ab3ec": ["21", "com.fsck.k9.activity.setup.Prefs"]}, {"8e996c9690f183d5870d19fd4a8ab3ec": ["21", "com.fsck.k9.activity.setup.Prefs"]}, {"8e996c9690f183d5870d19fd4a8ab3ec": ["21", "com.fsck.k9.activity.setup.Prefs"]}, {"8e996c9690f183d5870d19fd4a8ab3ec": ["21", "com.fsck.k9.activity.setup.Prefs"]}, {"df380542c22da1a4d8a4f027dea47c49": ["0", "com.fsck.k9.activity.Accounts"]}, {"8e996c9690f183d5870d19fd4a8ab3ec": ["21", "com.fsck.k9.activity.setup.Prefs"]}, {"8e996c9690f183d5870d19fd4a8ab3ec": ["21", "com.fsck.k9.activity.setup.Prefs"]}, {"8e996c9690f183d5870d19fd4a8ab3ec": ["21", "com.fsck.k9.activity.setup.Prefs"]}, {"8e996c9690f183d5870d19fd4a8ab3ec": ["21", "com.fsck.k9.activity.setup.Prefs"]}, {"8e996c9690f183d5870d19fd4a8ab3ec": ["21", "com.fsck.k9.activity.setup.Prefs"]}, {"8e996c9690f183d5870d19fd4a8ab3ec": ["21", "com.fsck.k9.activity.setup.Prefs"]}, {"8e996c9690f183d5870d19fd4a8ab3ec": ["21", "com.fsck.k9.activity.setup.Prefs"]}, {"8e996c9690f183d5870d19fd4a8ab3ec": ["21", "com.fsck.k9.activity.setup.Prefs"]}, {"8e996c9690f183d5870d19fd4a8ab3ec": ["21", "com.fsck.k9.activity.setup.Prefs"]}, {"8e996c9690f183d5870d19fd4a8ab3ec": ["21", "com.fsck.k9.activity.setup.Prefs"]}, {"8e996c9690f183d5870d19fd4a8ab3ec": ["21", "com.fsck.k9.activity.setup.Prefs"]}, {"df380542c22da1a4d8a4f027dea47c49": ["0", "com.fsck.k9.activity.Accounts"]}, {"8e996c9690f183d5870d19fd4a8ab3ec": ["21", "com.fsck.k9.activity.setup.Prefs"]}, {"9b99aeaa823c002ae8cb34f1cbe9254f": ["20", "com.fsck.k9.activity.setup.Prefs"]}, {"8e996c9690f183d5870d19fd4a8ab3ec": ["21", "com.fsck.k9.activity.setup.Prefs"]}, {"8e996c9690f183d5870d19fd4a8ab3ec": ["21", "com.fsck.k9.activity.setup.Prefs"]}, {"8e996c9690f183d5870d19fd4a8ab3ec": ["21", "com.fsck.k9.activity.setup.Prefs"]}, {"8e996c9690f183d5870d19fd4a8ab3ec": ["21", "com.fsck.k9.activity.setup.Prefs"]}, {"8e996c9690f183d5870d19fd4a8ab3ec": ["21", "com.fsck.k9.activity.setup.Prefs"]}, {"8e996c9690f183d5870d19fd4a8ab3ec": ["21", "com.fsck.k9.activity.setup.Prefs"]}, {"8e996c9690f183d5870d19fd4a8ab3ec": ["21", "com.fsck.k9.activity.setup.Prefs"]}, {"df380542c22da1a4d8a4f027dea47c49": ["0", "com.fsck.k9.activity.Accounts"]}, {"8e996c9690f183d5870d19fd4a8ab3ec": ["21", "com.fsck.k9.activity.setup.Prefs"]}, {"8e996c9690f183d5870d19fd4a8ab3ec": ["21", "com.fsck.k9.activity.setup.Prefs"]}, {"8e996c9690f183d5870d19fd4a8ab3ec": ["21", "com.fsck.k9.activity.setup.Prefs"]}, {"9b99aeaa823c002ae8cb34f1cbe9254f": ["20", "com.fsck.k9.activity.setup.Prefs"]}, {"faccaba10c5e686d3a849158ac2505c9": ["24", "com.fsck.k9.activity.setup.Prefs"]}, {"df380542c22da1a4d8a4f027dea47c49": ["0", "com.fsck.k9.activity.Accounts"]}, {"faccaba10c5e686d3a849158ac2505c9": ["24", "com.fsck.k9.activity.setup.Prefs"]}, {"faccaba10c5e686d3a849158ac2505c9": ["24", "com.fsck.k9.activity.setup.Prefs"]}, {"df380542c22da1a4d8a4f027dea47c49": ["0", "com.fsck.k9.activity.Accounts"]}, {"df380542c22da1a4d8a4f027dea47c49": ["0", "com.fsck.k9.activity.Accounts"]}, {"9b99aeaa823c002ae8cb34f1cbe9254f": ["20", "com.fsck.k9.activity.setup.Prefs"]}, {"faccaba10c5e686d3a849158ac2505c9": ["24", "com.fsck.k9.activity.setup.Prefs"]}, {"faccaba10c5e686d3a849158ac2505c9": ["24", "com.fsck.k9.activity.setup.Prefs"]}, {"faccaba10c5e686d3a849158ac2505c9": ["24", "com.fsck.k9.activity.setup.Prefs"]}, {"4ab664da7ae3d9285139a95d47300b0a": ["26", "com.fsck.k9.activity.Accounts"]}, {"faccaba10c5e686d3a849158ac2505c9": ["24", "com.fsck.k9.activity.setup.Prefs"]}, {"df380542c22da1a4d8a4f027dea47c49": ["0", "com.fsck.k9.activity.Accounts"]}, {"faccaba10c5e686d3a849158ac2505c9": ["24", "com.fsck.k9.activity.setup.Prefs"]}, {"faccaba10c5e686d3a849158ac2505c9": ["24", "com.fsck.k9.activity.setup.Prefs"]}, {"faccaba10c5e686d3a849158ac2505c9": ["24", "com.fsck.k9.activity.setup.Prefs"]}, {"faccaba10c5e686d3a849158ac2505c9": ["24", "com.fsck.k9.activity.setup.Prefs"]}, {"df380542c22da1a4d8a4f027dea47c49": ["0", "com.fsck.k9.activity.Accounts"]}, {"7394033d312b300cf90307afdd3f8fbc": ["25", "com.fsck.k9.activity.setup.Prefs"]}, {"faccaba10c5e686d3a849158ac2505c9": ["24", "com.fsck.k9.activity.setup.Prefs"]}, {"faccaba10c5e686d3a849158ac2505c9": ["24", "com.fsck.k9.activity.setup.Prefs"]}, {"faccaba10c5e686d3a849158ac2505c9": ["24", "com.fsck.k9.activity.setup.Prefs"]}, {"9b99aeaa823c002ae8cb34f1cbe9254f": ["20", "com.fsck.k9.activity.setup.Prefs"]}, {"5fde9d7624598d325eeeb74ba84ea1b0": ["27", "com.fsck.k9.activity.setup.Prefs"]}, {"aa037c6076d4243fca0e8018b35d157a": ["33", "com.fsck.k9.activity.setup.FontSizeSettings"]}, {"1eb24cf500c907b7292b13e3c75469d6": ["38", "com.fsck.k9.activity.setup.FontSizeSettings"]}, {"0e98a14bee65f112513c2c3dfa64c526": ["35", "com.fsck.k9.activity.setup.FontSizeSettings"]}, {"aa037c6076d4243fca0e8018b35d157a": ["33", "com.fsck.k9.activity.setup.FontSizeSettings"]}, {"8265b78ba3e842977697205b74753470": ["34", "com.fsck.k9.activity.setup.FontSizeSettings"]}, {"0e98a14bee65f112513c2c3dfa64c526": ["35", "com.fsck.k9.activity.setup.FontSizeSettings"]}, {"8265b78ba3e842977697205b74753470": ["34", "com.fsck.k9.activity.setup.FontSizeSettings"]}, {"0e98a14bee65f112513c2c3dfa64c526": ["35", "com.fsck.k9.activity.setup.FontSizeSettings"]}, {"8265b78ba3e842977697205b74753470": ["34", "com.fsck.k9.activity.setup.FontSizeSettings"]}, {"0e98a14bee65f112513c2c3dfa64c526": ["35", "com.fsck.k9.activity.setup.FontSizeSettings"]}, {"8265b78ba3e842977697205b74753470": ["34", "com.fsck.k9.activity.setup.FontSizeSettings"]}, {"0e98a14bee65f112513c2c3dfa64c526": ["35", "com.fsck.k9.activity.setup.FontSizeSettings"]}, {"8265b78ba3e842977697205b74753470": ["34", "com.fsck.k9.activity.setup.FontSizeSettings"]}, {"0e98a14bee65f112513c2c3dfa64c526": ["35", "com.fsck.k9.activity.setup.FontSizeSettings"]}, {"8265b78ba3e842977697205b74753470": ["34", "com.fsck.k9.activity.setup.FontSizeSettings"]}, {"0e98a14bee65f112513c2c3dfa64c526": ["35", "com.fsck.k9.activity.setup.FontSizeSettings"]}, {"8265b78ba3e842977697205b74753470": ["34", "com.fsck.k9.activity.setup.FontSizeSettings"]}, {"0e98a14bee65f112513c2c3dfa64c526": ["35", "com.fsck.k9.activity.setup.FontSizeSettings"]}, {"df380542c22da1a4d8a4f027dea47c49": ["0", "com.fsck.k9.activity.Accounts"]}, {"8265b78ba3e842977697205b74753470": ["34", "com.fsck.k9.activity.setup.FontSizeSettings"]}, {"0e98a14bee65f112513c2c3dfa64c526": ["35", "com.fsck.k9.activity.setup.FontSizeSettings"]}, {"8265b78ba3e842977697205b74753470": ["34", "com.fsck.k9.activity.setup.FontSizeSettings"]}, {"df380542c22da1a4d8a4f027dea47c49": ["0", "com.fsck.k9.activity.Accounts"]}, {"4ab664da7ae3d9285139a95d47300b0a": ["26", "com.fsck.k9.activity.Accounts"]}, {"df380542c22da1a4d8a4f027dea47c49": ["0", "com.fsck.k9.activity.Accounts"]}, {"0e98a14bee65f112513c2c3dfa64c526": ["35", "com.fsck.k9.activity.setup.FontSizeSettings"]}, {"8265b78ba3e842977697205b74753470": ["34", "com.fsck.k9.activity.setup.FontSizeSettings"]}, {"0e98a14bee65f112513c2c3dfa64c526": ["35", "com.fsck.k9.activity.setup.FontSizeSettings"]}, {"8265b78ba3e842977697205b74753470": ["34", "com.fsck.k9.activity.setup.FontSizeSettings"]}, {"0e98a14bee65f112513c2c3dfa64c526": ["35", "com.fsck.k9.activity.setup.FontSizeSettings"]}, {"8265b78ba3e842977697205b74753470": ["34", "com.fsck.k9.activity.setup.FontSizeSettings"]}, {"0e98a14bee65f112513c2c3dfa64c526": ["35", "com.fsck.k9.activity.setup.FontSizeSettings"]}, {"8265b78ba3e842977697205b74753470": ["34", "com.fsck.k9.activity.setup.FontSizeSettings"]}, {"0e98a14bee65f112513c2c3dfa64c526": ["35", "com.fsck.k9.activity.setup.FontSizeSettings"]}, {"df380542c22da1a4d8a4f027dea47c49": ["0", "com.fsck.k9.activity.Accounts"]}, {"8265b78ba3e842977697205b74753470": ["34", "com.fsck.k9.activity.setup.FontSizeSettings"]}, {"0e98a14bee65f112513c2c3dfa64c526": ["35", "com.fsck.k9.activity.setup.FontSizeSettings"]}, {"8265b78ba3e842977697205b74753470": ["34", "com.fsck.k9.activity.setup.FontSizeSettings"]}, {"0e98a14bee65f112513c2c3dfa64c526": ["35", "com.fsck.k9.activity.setup.FontSizeSettings"]}, {"8265b78ba3e842977697205b74753470": ["34", "com.fsck.k9.activity.setup.FontSizeSettings"]}, {"0e98a14bee65f112513c2c3dfa64c526": ["35", "com.fsck.k9.activity.setup.FontSizeSettings"]}, {"8265b78ba3e842977697205b74753470": ["34", "com.fsck.k9.activity.setup.FontSizeSettings"]}, {"0e98a14bee65f112513c2c3dfa64c526": ["35", "com.fsck.k9.activity.setup.FontSizeSettings"]}, {"8265b78ba3e842977697205b74753470": ["34", "com.fsck.k9.activity.setup.FontSizeSettings"]}, {"0e98a14bee65f112513c2c3dfa64c526": ["35", "com.fsck.k9.activity.setup.FontSizeSettings"]}, {"8265b78ba3e842977697205b74753470": ["34", "com.fsck.k9.activity.setup.FontSizeSettings"]}, {"0e98a14bee65f112513c2c3dfa64c526": ["35", "com.fsck.k9.activity.setup.FontSizeSettings"]}, {"8265b78ba3e842977697205b74753470": ["34", "com.fsck.k9.activity.setup.FontSizeSettings"]}, {"8265b78ba3e842977697205b74753470": ["34", "com.fsck.k9.activity.setup.FontSizeSettings"]}, {"0e98a14bee65f112513c2c3dfa64c526": ["35", "com.fsck.k9.activity.setup.FontSizeSettings"]}, {"8265b78ba3e842977697205b74753470": ["34", "com.fsck.k9.activity.setup.FontSizeSettings"]}, {"0e98a14bee65f112513c2c3dfa64c526": ["35", "com.fsck.k9.activity.setup.FontSizeSettings"]}, {"8265b78ba3e842977697205b74753470": ["34", "com.fsck.k9.activity.setup.FontSizeSettings"]}, {"0e98a14bee65f112513c2c3dfa64c526": ["35", "com.fsck.k9.activity.setup.FontSizeSettings"]}, {"8265b78ba3e842977697205b74753470": ["34", "com.fsck.k9.activity.setup.FontSizeSettings"]}, {"df380542c22da1a4d8a4f027dea47c49": ["0", "com.fsck.k9.activity.Accounts"]}, {"0e98a14bee65f112513c2c3dfa64c526": ["35", "com.fsck.k9.activity.setup.FontSizeSettings"]}, {"8265b78ba3e842977697205b74753470": ["34", "com.fsck.k9.activity.setup.FontSizeSettings"]}, {"0e98a14bee65f112513c2c3dfa64c526": ["35", "com.fsck.k9.activity.setup.FontSizeSettings"]}, {"df380542c22da1a4d8a4f027dea47c49": ["0", "com.fsck.k9.activity.Accounts"]}, {"8265b78ba3e842977697205b74753470": ["34", "com.fsck.k9.activity.setup.FontSizeSettings"]}, {"0e98a14bee65f112513c2c3dfa64c526": ["35", "com.fsck.k9.activity.setup.FontSizeSettings"]}, {"8265b78ba3e842977697205b74753470": ["34", "com.fsck.k9.activity.setup.FontSizeSettings"]}, {"0e98a14bee65f112513c2c3dfa64c526": ["35", "com.fsck.k9.activity.setup.FontSizeSettings"]}, {"8265b78ba3e842977697205b74753470": ["34", "com.fsck.k9.activity.setup.FontSizeSettings"]}, {"0e98a14bee65f112513c2c3dfa64c526": ["35", "com.fsck.k9.activity.setup.FontSizeSettings"]}, {"8265b78ba3e842977697205b74753470": ["34", "com.fsck.k9.activity.setup.FontSizeSettings"]}, {"0e98a14bee65f112513c2c3dfa64c526": ["35", "com.fsck.k9.activity.setup.FontSizeSettings"]}, {"8265b78ba3e842977697205b74753470": ["34", "com.fsck.k9.activity.setup.FontSizeSettings"]}, {"0e98a14bee65f112513c2c3dfa64c526": ["35", "com.fsck.k9.activity.setup.FontSizeSettings"]}, {"8265b78ba3e842977697205b74753470": ["34", "com.fsck.k9.activity.setup.FontSizeSettings"]}, {"0e98a14bee65f112513c2c3dfa64c526": ["35", "com.fsck.k9.activity.setup.FontSizeSettings"]}, {"8265b78ba3e842977697205b74753470": ["34", "com.fsck.k9.activity.setup.FontSizeSettings"]}, {"0e98a14bee65f112513c2c3dfa64c526": ["35", "com.fsck.k9.activity.setup.FontSizeSettings"]}, {"8265b78ba3e842977697205b74753470": ["34", "com.fsck.k9.activity.setup.FontSizeSettings"]}, {"0e98a14bee65f112513c2c3dfa64c526": ["35", "com.fsck.k9.activity.setup.FontSizeSettings"]}, {"8265b78ba3e842977697205b74753470": ["34", "com.fsck.k9.activity.setup.FontSizeSettings"]}, {"0e98a14bee65f112513c2c3dfa64c526": ["35", "com.fsck.k9.activity.setup.FontSizeSettings"]}, {"df380542c22da1a4d8a4f027dea47c49": ["0", "com.fsck.k9.activity.Accounts"]}, {"8265b78ba3e842977697205b74753470": ["34", "com.fsck.k9.activity.setup.FontSizeSettings"]}, {"0e98a14bee65f112513c2c3dfa64c526": ["35", "com.fsck.k9.activity.setup.FontSizeSettings"]}, {"8265b78ba3e842977697205b74753470": ["34", "com.fsck.k9.activity.setup.FontSizeSettings"]}, {"df380542c22da1a4d8a4f027dea47c49": ["0", "com.fsck.k9.activity.Accounts"]}, {"0e98a14bee65f112513c2c3dfa64c526": ["35", "com.fsck.k9.activity.setup.FontSizeSettings"]}, {"aa037c6076d4243fca0e8018b35d157a": ["33", "com.fsck.k9.activity.setup.FontSizeSettings"]}, {"1eb24cf500c907b7292b13e3c75469d6": ["38", "com.fsck.k9.activity.setup.FontSizeSettings"]}, {"0e98a14bee65f112513c2c3dfa64c526": ["35", "com.fsck.k9.activity.setup.FontSizeSettings"]}, {"1eb24cf500c907b7292b13e3c75469d6": ["38", "com.fsck.k9.activity.setup.FontSizeSettings"]}, {"1eb24cf500c907b7292b13e3c75469d6": ["38", "com.fsck.k9.activity.setup.FontSizeSettings"]}, {"0e98a14bee65f112513c2c3dfa64c526": ["35", "com.fsck.k9.activity.setup.FontSizeSettings"]}, {"1eb24cf500c907b7292b13e3c75469d6": ["38", "com.fsck.k9.activity.setup.FontSizeSettings"]}, {"0e98a14bee65f112513c2c3dfa64c526": ["35", "com.fsck.k9.activity.setup.FontSizeSettings"]}, {"1eb24cf500c907b7292b13e3c75469d6": ["38", "com.fsck.k9.activity.setup.FontSizeSettings"]}, {"0e98a14bee65f112513c2c3dfa64c526": ["35", "com.fsck.k9.activity.setup.FontSizeSettings"]}, {"1eb24cf500c907b7292b13e3c75469d6": ["38", "com.fsck.k9.activity.setup.FontSizeSettings"]}, {"df380542c22da1a4d8a4f027dea47c49": ["0", "com.fsck.k9.activity.Accounts"]}, {"0e98a14bee65f112513c2c3dfa64c526": ["35", "com.fsck.k9.activity.setup.FontSizeSettings"]}, {"1eb24cf500c907b7292b13e3c75469d6": ["38", "com.fsck.k9.activity.setup.FontSizeSettings"]}, {"1eb24cf500c907b7292b13e3c75469d6": ["38", "com.fsck.k9.activity.setup.FontSizeSettings"]}, {"0e98a14bee65f112513c2c3dfa64c526": ["35", "com.fsck.k9.activity.setup.FontSizeSettings"]}, {"1eb24cf500c907b7292b13e3c75469d6": ["38", "com.fsck.k9.activity.setup.FontSizeSettings"]}, {"1eb24cf500c907b7292b13e3c75469d6": ["38", "com.fsck.k9.activity.setup.FontSizeSettings"]}, {"0e98a14bee65f112513c2c3dfa64c526": ["35", "com.fsck.k9.activity.setup.FontSizeSettings"]}, {"1eb24cf500c907b7292b13e3c75469d6": ["38", "com.fsck.k9.activity.setup.FontSizeSettings"]}, {"0e98a14bee65f112513c2c3dfa64c526": ["35", "com.fsck.k9.activity.setup.FontSizeSettings"]}, {"1eb24cf500c907b7292b13e3c75469d6": ["38", "com.fsck.k9.activity.setup.FontSizeSettings"]}, {"0e98a14bee65f112513c2c3dfa64c526": ["35", "com.fsck.k9.activity.setup.FontSizeSettings"]}, {"df380542c22da1a4d8a4f027dea47c49": ["0", "com.fsck.k9.activity.Accounts"]}, {"1eb24cf500c907b7292b13e3c75469d6": ["38", "com.fsck.k9.activity.setup.FontSizeSettings"]}, {"0e98a14bee65f112513c2c3dfa64c526": ["35", "com.fsck.k9.activity.setup.FontSizeSettings"]}, {"1eb24cf500c907b7292b13e3c75469d6": ["38", "com.fsck.k9.activity.setup.FontSizeSettings"]}, {"0e98a14bee65f112513c2c3dfa64c526": ["35", "com.fsck.k9.activity.setup.FontSizeSettings"]}, {"1eb24cf500c907b7292b13e3c75469d6": ["38", "com.fsck.k9.activity.setup.FontSizeSettings"]}, {"0e98a14bee65f112513c2c3dfa64c526": ["35", "com.fsck.k9.activity.setup.FontSizeSettings"]}, {"1eb24cf500c907b7292b13e3c75469d6": ["38", "com.fsck.k9.activity.setup.FontSizeSettings"]}, {"0e98a14bee65f112513c2c3dfa64c526": ["35", "com.fsck.k9.activity.setup.FontSizeSettings"]}, {"1eb24cf500c907b7292b13e3c75469d6": ["38", "com.fsck.k9.activity.setup.FontSizeSettings"]}, {"0e98a14bee65f112513c2c3dfa64c526": ["35", "com.fsck.k9.activity.setup.FontSizeSettings"]}, {"1eb24cf500c907b7292b13e3c75469d6": ["38", "com.fsck.k9.activity.setup.FontSizeSettings"]}, {"0e98a14bee65f112513c2c3dfa64c526": ["35", "com.fsck.k9.activity.setup.FontSizeSettings"]}, {"1eb24cf500c907b7292b13e3c75469d6": ["38", "com.fsck.k9.activity.setup.FontSizeSettings"]}, {"0e98a14bee65f112513c2c3dfa64c526": ["35", "com.fsck.k9.activity.setup.FontSizeSettings"]}, {"1eb24cf500c907b7292b13e3c75469d6": ["38", "com.fsck.k9.activity.setup.FontSizeSettings"]}, {"0e98a14bee65f112513c2c3dfa64c526": ["35", "com.fsck.k9.activity.setup.FontSizeSettings"]}, {"1eb24cf500c907b7292b13e3c75469d6": ["38", "com.fsck.k9.activity.setup.FontSizeSettings"]}, {"0e98a14bee65f112513c2c3dfa64c526": ["35", "com.fsck.k9.activity.setup.FontSizeSettings"]}, {"1eb24cf500c907b7292b13e3c75469d6": ["38", "com.fsck.k9.activity.setup.FontSizeSettings"]}, {"0e98a14bee65f112513c2c3dfa64c526": ["35", "com.fsck.k9.activity.setup.FontSizeSettings"]}, {"1eb24cf500c907b7292b13e3c75469d6": ["38", "com.fsck.k9.activity.setup.FontSizeSettings"]}, {"0e98a14bee65f112513c2c3dfa64c526": ["35", "com.fsck.k9.activity.setup.FontSizeSettings"]}, {"1eb24cf500c907b7292b13e3c75469d6": ["38", "com.fsck.k9.activity.setup.FontSizeSettings"]}, {"0e98a14bee65f112513c2c3dfa64c526": ["35", "com.fsck.k9.activity.setup.FontSizeSettings"]}, {"1eb24cf500c907b7292b13e3c75469d6": ["38", "com.fsck.k9.activity.setup.FontSizeSettings"]}, {"0e98a14bee65f112513c2c3dfa64c526": ["35", "com.fsck.k9.activity.setup.FontSizeSettings"]}, {"1eb24cf500c907b7292b13e3c75469d6": ["38", "com.fsck.k9.activity.setup.FontSizeSettings"]}, {"0e98a14bee65f112513c2c3dfa64c526": ["35", "com.fsck.k9.activity.setup.FontSizeSettings"]}, {"1eb24cf500c907b7292b13e3c75469d6": ["38", "com.fsck.k9.activity.setup.FontSizeSettings"]}, {"0e98a14bee65f112513c2c3dfa64c526": ["35", "com.fsck.k9.activity.setup.FontSizeSettings"]}, {"aa037c6076d4243fca0e8018b35d157a": ["33", "com.fsck.k9.activity.setup.FontSizeSettings"]}, {"8265b78ba3e842977697205b74753470": ["34", "com.fsck.k9.activity.setup.FontSizeSettings"]}, {"0e98a14bee65f112513c2c3dfa64c526": ["35", "com.fsck.k9.activity.setup.FontSizeSettings"]}, {"8265b78ba3e842977697205b74753470": ["34", "com.fsck.k9.activity.setup.FontSizeSettings"]}, {"0e98a14bee65f112513c2c3dfa64c526": ["35", "com.fsck.k9.activity.setup.FontSizeSettings"]}, {"8265b78ba3e842977697205b74753470": ["34", "com.fsck.k9.activity.setup.FontSizeSettings"]}, {"0e98a14bee65f112513c2c3dfa64c526": ["35", "com.fsck.k9.activity.setup.FontSizeSettings"]}, {"9b99aeaa823c002ae8cb34f1cbe9254f": ["20", "com.fsck.k9.activity.setup.Prefs"]}, {"df380542c22da1a4d8a4f027dea47c49": ["0", "com.fsck.k9.activity.Accounts"]}, {"18dff56f7b1e13e084ef18d416f06c92": ["22", "com.fsck.k9.activity.setup.Prefs"]}, {"f2088fdea102793e1da62e38e571122a": ["23", "com.fsck.k9.activity.setup.Prefs"]}, {"18dff56f7b1e13e084ef18d416f06c92": ["22", "com.fsck.k9.activity.setup.Prefs"]}, {"f2088fdea102793e1da62e38e571122a": ["23", "com.fsck.k9.activity.setup.Prefs"]}, {"18dff56f7b1e13e084ef18d416f06c92": ["22", "com.fsck.k9.activity.setup.Prefs"]}, {"18dff56f7b1e13e084ef18d416f06c92": ["22", "com.fsck.k9.activity.setup.Prefs"]}, {"f2088fdea102793e1da62e38e571122a": ["23", "com.fsck.k9.activity.setup.Prefs"]}, {"18dff56f7b1e13e084ef18d416f06c92": ["22", "com.fsck.k9.activity.setup.Prefs"]}, {"f2088fdea102793e1da62e38e571122a": ["23", "com.fsck.k9.activity.setup.Prefs"]}, {"9b99aeaa823c002ae8cb34f1cbe9254f": ["20", "com.fsck.k9.activity.setup.Prefs"]}, {"faccaba10c5e686d3a849158ac2505c9": ["24", "com.fsck.k9.activity.setup.Prefs"]}, {"faccaba10c5e686d3a849158ac2505c9": ["24", "com.fsck.k9.activity.setup.Prefs"]}, {"faccaba10c5e686d3a849158ac2505c9": ["24", "com.fsck.k9.activity.setup.Prefs"]}, {"9b99aeaa823c002ae8cb34f1cbe9254f": ["20", "com.fsck.k9.activity.setup.Prefs"]}, {"4ab664da7ae3d9285139a95d47300b0a": ["26", "com.fsck.k9.activity.Accounts"]}, {"b48ef41a4dea46656bedd6213b412be8": ["43", "com.fsck.k9.activity.setup.Prefs"]}, {"b48ef41a4dea46656bedd6213b412be8": ["43", "com.fsck.k9.activity.setup.Prefs"]}, {"b48ef41a4dea46656bedd6213b412be8": ["43", "com.fsck.k9.activity.setup.Prefs"]}, {"b48ef41a4dea46656bedd6213b412be8": ["43", "com.fsck.k9.activity.setup.Prefs"]}, {"9b99aeaa823c002ae8cb34f1cbe9254f": ["20", "com.fsck.k9.activity.setup.Prefs"]}, {"228f8f25873cd218a72921191f451533": ["29", "com.fsck.k9.activity.setup.Prefs"]}, {"f192eb7dae9fce0cfcc210ebd1c0e820": ["30", "com.fsck.k9.activity.setup.Prefs"]}, {"228f8f25873cd218a72921191f451533": ["29", "com.fsck.k9.activity.setup.Prefs"]}, {"228f8f25873cd218a72921191f451533": ["29", "com.fsck.k9.activity.setup.Prefs"]}, {"756fe448762ea28ded452a2d083febdf": ["31", "com.fsck.k9.activity.setup.Prefs"]}, {"228f8f25873cd218a72921191f451533": ["29", "com.fsck.k9.activity.setup.Prefs"]}, {"228f8f25873cd218a72921191f451533": ["29", "com.fsck.k9.activity.setup.Prefs"]}, {"228f8f25873cd218a72921191f451533": ["29", "com.fsck.k9.activity.setup.Prefs"]}, {"228f8f25873cd218a72921191f451533": ["29", "com.fsck.k9.activity.setup.Prefs"]}, {"228f8f25873cd218a72921191f451533": ["29", "com.fsck.k9.activity.setup.Prefs"]}, {"df380542c22da1a4d8a4f027dea47c49": ["0", "com.fsck.k9.activity.Accounts"]}, {"228f8f25873cd218a72921191f451533": ["29", "com.fsck.k9.activity.setup.Prefs"]}, {"9b99aeaa823c002ae8cb34f1cbe9254f": ["20", "com.fsck.k9.activity.setup.Prefs"]}, {"228f8f25873cd218a72921191f451533": ["29", "com.fsck.k9.activity.setup.Prefs"]}, {"228f8f25873cd218a72921191f451533": ["29", "com.fsck.k9.activity.setup.Prefs"]}, {"228f8f25873cd218a72921191f451533": ["29", "com.fsck.k9.activity.setup.Prefs"]}, {"228f8f25873cd218a72921191f451533": ["29", "com.fsck.k9.activity.setup.Prefs"]}, {"228f8f25873cd218a72921191f451533": ["29", "com.fsck.k9.activity.setup.Prefs"]}, {"df380542c22da1a4d8a4f027dea47c49": ["0", "com.fsck.k9.activity.Accounts"]}, {"228f8f25873cd218a72921191f451533": ["29", "com.fsck.k9.activity.setup.Prefs"]}, {"228f8f25873cd218a72921191f451533": ["29", "com.fsck.k9.activity.setup.Prefs"]}, {"228f8f25873cd218a72921191f451533": ["29", "com.fsck.k9.activity.setup.Prefs"]}, {"228f8f25873cd218a72921191f451533": ["29", "com.fsck.k9.activity.setup.Prefs"]}, {"228f8f25873cd218a72921191f451533": ["29", "com.fsck.k9.activity.setup.Prefs"]}, {"228f8f25873cd218a72921191f451533": ["29", "com.fsck.k9.activity.setup.Prefs"]}, {"228f8f25873cd218a72921191f451533": ["29", "com.fsck.k9.activity.setup.Prefs"]}, {"228f8f25873cd218a72921191f451533": ["29", "com.fsck.k9.activity.setup.Prefs"]}, {"228f8f25873cd218a72921191f451533": ["29", "com.fsck.k9.activity.setup.Prefs"]}, {"9b99aeaa823c002ae8cb34f1cbe9254f": ["20", "com.fsck.k9.activity.setup.Prefs"]}, {"228f8f25873cd218a72921191f451533": ["29", "com.fsck.k9.activity.setup.Prefs"]}, {"228f8f25873cd218a72921191f451533": ["29", "com.fsck.k9.activity.setup.Prefs"]}, {"228f8f25873cd218a72921191f451533": ["29", "com.fsck.k9.activity.setup.Prefs"]}, {"228f8f25873cd218a72921191f451533": ["29", "com.fsck.k9.activity.setup.Prefs"]}, {"9b99aeaa823c002ae8cb34f1cbe9254f": ["20", "com.fsck.k9.activity.setup.Prefs"]}, {"228f8f25873cd218a72921191f451533": ["29", "com.fsck.k9.activity.setup.Prefs"]}, {"228f8f25873cd218a72921191f451533": ["29", "com.fsck.k9.activity.setup.Prefs"]}, {"228f8f25873cd218a72921191f451533": ["29", "com.fsck.k9.activity.setup.Prefs"]}, {"228f8f25873cd218a72921191f451533": ["29", "com.fsck.k9.activity.setup.Prefs"]}, {"228f8f25873cd218a72921191f451533": ["29", "com.fsck.k9.activity.setup.Prefs"]}, {"228f8f25873cd218a72921191f451533": ["29", "com.fsck.k9.activity.setup.Prefs"]}, {"228f8f25873cd218a72921191f451533": ["29", "com.fsck.k9.activity.setup.Prefs"]}, {"9b99aeaa823c002ae8cb34f1cbe9254f": ["20", "com.fsck.k9.activity.setup.Prefs"]}, {"8e996c9690f183d5870d19fd4a8ab3ec": ["21", "com.fsck.k9.activity.setup.Prefs"]}, {"8e996c9690f183d5870d19fd4a8ab3ec": ["21", "com.fsck.k9.activity.setup.Prefs"]}, {"8e996c9690f183d5870d19fd4a8ab3ec": ["21", "com.fsck.k9.activity.setup.Prefs"]}, {"8e996c9690f183d5870d19fd4a8ab3ec": ["21", "com.fsck.k9.activity.setup.Prefs"]}, {"8e996c9690f183d5870d19fd4a8ab3ec": ["21", "com.fsck.k9.activity.setup.Prefs"]}, {"8e996c9690f183d5870d19fd4a8ab3ec": ["21", "com.fsck.k9.activity.setup.Prefs"]}, {"8e996c9690f183d5870d19fd4a8ab3ec": ["21", "com.fsck.k9.activity.setup.Prefs"]}, {"8e996c9690f183d5870d19fd4a8ab3ec": ["21", "com.fsck.k9.activity.setup.Prefs"]}, {"8e996c9690f183d5870d19fd4a8ab3ec": ["21", "com.fsck.k9.activity.setup.Prefs"]}, {"8e996c9690f183d5870d19fd4a8ab3ec": ["21", "com.fsck.k9.activity.setup.Prefs"]}, {"8e996c9690f183d5870d19fd4a8ab3ec": ["21", "com.fsck.k9.activity.setup.Prefs"]}, {"8e996c9690f183d5870d19fd4a8ab3ec": ["21", "com.fsck.k9.activity.setup.Prefs"]}, {"df380542c22da1a4d8a4f027dea47c49": ["0", "com.fsck.k9.activity.Accounts"]}, {"8e996c9690f183d5870d19fd4a8ab3ec": ["21", "com.fsck.k9.activity.setup.Prefs"]}, {"8e996c9690f183d5870d19fd4a8ab3ec": ["21", "com.fsck.k9.activity.setup.Prefs"]}, {"8e996c9690f183d5870d19fd4a8ab3ec": ["21", "com.fsck.k9.activity.setup.Prefs"]}, {"8e996c9690f183d5870d19fd4a8ab3ec": ["21", "com.fsck.k9.activity.setup.Prefs"]}, {"8e996c9690f183d5870d19fd4a8ab3ec": ["21", "com.fsck.k9.activity.setup.Prefs"]}, {"8e996c9690f183d5870d19fd4a8ab3ec": ["21", "com.fsck.k9.activity.setup.Prefs"]}, {"8e996c9690f183d5870d19fd4a8ab3ec": ["21", "com.fsck.k9.activity.setup.Prefs"]}, {"8e996c9690f183d5870d19fd4a8ab3ec": ["21", "com.fsck.k9.activity.setup.Prefs"]}, {"df380542c22da1a4d8a4f027dea47c49": ["0", "com.fsck.k9.activity.Accounts"]}, {"8e996c9690f183d5870d19fd4a8ab3ec": ["21", "com.fsck.k9.activity.setup.Prefs"]}, {"8e996c9690f183d5870d19fd4a8ab3ec": ["21", "com.fsck.k9.activity.setup.Prefs"]}, {"8e996c9690f183d5870d19fd4a8ab3ec": ["21", "com.fsck.k9.activity.setup.Prefs"]}, {"8e996c9690f183d5870d19fd4a8ab3ec": ["21", "com.fsck.k9.activity.setup.Prefs"]}, {"8e996c9690f183d5870d19fd4a8ab3ec": ["21", "com.fsck.k9.activity.setup.Prefs"]}, {"8e996c9690f183d5870d19fd4a8ab3ec": ["21", "com.fsck.k9.activity.setup.Prefs"]}, {"9b99aeaa823c002ae8cb34f1cbe9254f": ["20", "com.fsck.k9.activity.setup.Prefs"]}, {"b48ef41a4dea46656bedd6213b412be8": ["43", "com.fsck.k9.activity.setup.Prefs"]}, {"4ab664da7ae3d9285139a95d47300b0a": ["26", "com.fsck.k9.activity.Accounts"]}, {"b48ef41a4dea46656bedd6213b412be8": ["43", "com.fsck.k9.activity.setup.Prefs"]}, {"b48ef41a4dea46656bedd6213b412be8": ["43", "com.fsck.k9.activity.setup.Prefs"]}, {"b48ef41a4dea46656bedd6213b412be8": ["43", "com.fsck.k9.activity.setup.Prefs"]}, {"9b99aeaa823c002ae8cb34f1cbe9254f": ["20", "com.fsck.k9.activity.setup.Prefs"]}, {"b48ef41a4dea46656bedd6213b412be8": ["43", "com.fsck.k9.activity.setup.Prefs"]}, {"b48ef41a4dea46656bedd6213b412be8": ["43", "com.fsck.k9.activity.setup.Prefs"]}, {"b48ef41a4dea46656bedd6213b412be8": ["43", "com.fsck.k9.activity.setup.Prefs"]}, {"b48ef41a4dea46656bedd6213b412be8": ["43", "com.fsck.k9.activity.setup.Prefs"]}, {"b48ef41a4dea46656bedd6213b412be8": ["43", "com.fsck.k9.activity.setup.Prefs"]}, {"b48ef41a4dea46656bedd6213b412be8": ["43", "com.fsck.k9.activity.setup.Prefs"]}, {"b48ef41a4dea46656bedd6213b412be8": ["43", "com.fsck.k9.activity.setup.Prefs"]}, {"df380542c22da1a4d8a4f027dea47c49": ["0", "com.fsck.k9.activity.Accounts"]}, {"b48ef41a4dea46656bedd6213b412be8": ["43", "com.fsck.k9.activity.setup.Prefs"]}, {"b48ef41a4dea46656bedd6213b412be8": ["43", "com.fsck.k9.activity.setup.Prefs"]}, {"b48ef41a4dea46656bedd6213b412be8": ["43", "com.fsck.k9.activity.setup.Prefs"]}, {"b48ef41a4dea46656bedd6213b412be8": ["43", "com.fsck.k9.activity.setup.Prefs"]}, {"b48ef41a4dea46656bedd6213b412be8": ["43", "com.fsck.k9.activity.setup.Prefs"]}, {"b48ef41a4dea46656bedd6213b412be8": ["43", "com.fsck.k9.activity.setup.Prefs"]}, {"b48ef41a4dea46656bedd6213b412be8": ["43", "com.fsck.k9.activity.setup.Prefs"]}, {"b48ef41a4dea46656bedd6213b412be8": ["43", "com.fsck.k9.activity.setup.Prefs"]}, {"b48ef41a4dea46656bedd6213b412be8": ["43", "com.fsck.k9.activity.setup.Prefs"]}, {"df380542c22da1a4d8a4f027dea47c49": ["0", "com.fsck.k9.activity.Accounts"]}, {"9b99aeaa823c002ae8cb34f1cbe9254f": ["20", "com.fsck.k9.activity.setup.Prefs"]}, {"228f8f25873cd218a72921191f451533": ["29", "com.fsck.k9.activity.setup.Prefs"]}, {"228f8f25873cd218a72921191f451533": ["29", "com.fsck.k9.activity.setup.Prefs"]}, {"228f8f25873cd218a72921191f451533": ["29", "com.fsck.k9.activity.setup.Prefs"]}, {"228f8f25873cd218a72921191f451533": ["29", "com.fsck.k9.activity.setup.Prefs"]}, {"228f8f25873cd218a72921191f451533": ["29", "com.fsck.k9.activity.setup.Prefs"]}, {"228f8f25873cd218a72921191f451533": ["29", "com.fsck.k9.activity.setup.Prefs"]}, {"228f8f25873cd218a72921191f451533": ["29", "com.fsck.k9.activity.setup.Prefs"]}, {"228f8f25873cd218a72921191f451533": ["29", "com.fsck.k9.activity.setup.Prefs"]}, {"df380542c22da1a4d8a4f027dea47c49": ["0", "com.fsck.k9.activity.Accounts"]}, {"228f8f25873cd218a72921191f451533": ["29", "com.fsck.k9.activity.setup.Prefs"]}, {"228f8f25873cd218a72921191f451533": ["29", "com.fsck.k9.activity.setup.Prefs"]}, {"228f8f25873cd218a72921191f451533": ["29", "com.fsck.k9.activity.setup.Prefs"]}, {"228f8f25873cd218a72921191f451533": ["29", "com.fsck.k9.activity.setup.Prefs"]}, {"228f8f25873cd218a72921191f451533": ["29", "com.fsck.k9.activity.setup.Prefs"]}]