[{"1ccb6290ea98bb94f0a12dd60214fff3": ["0", "org.totschnig.myexpenses.MyExpenses"]}, {"c64519dd7cee8be80dbc8cc90a20ea72": ["3", "org.totschnig.myexpenses.ExpenseEdit"]}, {"608a5864a64f3c15e3800464c1722fee": ["4", "org.totschnig.myexpenses.ExpenseEdit"]}, {"c64519dd7cee8be80dbc8cc90a20ea72": ["3", "org.totschnig.myexpenses.ExpenseEdit"]}, {"608a5864a64f3c15e3800464c1722fee": ["4", "org.totschnig.myexpenses.ExpenseEdit"]}, {"608a5864a64f3c15e3800464c1722fee": ["4", "org.totschnig.myexpenses.ExpenseEdit"]}, {"c64519dd7cee8be80dbc8cc90a20ea72": ["3", "org.totschnig.myexpenses.ExpenseEdit"]}, {"c64519dd7cee8be80dbc8cc90a20ea72": ["3", "org.totschnig.myexpenses.ExpenseEdit"]}, {"81c685903f5fb18ece5e0dcd579b83ea": ["20", "org.totschnig.myexpenses.ExpenseEdit"]}, {"c64519dd7cee8be80dbc8cc90a20ea72": ["3", "org.totschnig.myexpenses.ExpenseEdit"]}, {"c64519dd7cee8be80dbc8cc90a20ea72": ["3", "org.totschnig.myexpenses.ExpenseEdit"]}, {"1ccb6290ea98bb94f0a12dd60214fff3": ["0", "org.totschnig.myexpenses.MyExpenses"]}, {"1ccb6290ea98bb94f0a12dd60214fff3": ["0", "org.totschnig.myexpenses.MyExpenses"]}, {"1ccb6290ea98bb94f0a12dd60214fff3": ["0", "org.totschnig.myexpenses.MyExpenses"]}, {"c64519dd7cee8be80dbc8cc90a20ea72": ["3", "org.totschnig.myexpenses.ExpenseEdit"]}, {"608a5864a64f3c15e3800464c1722fee": ["4", "org.totschnig.myexpenses.ExpenseEdit"]}, {"c64519dd7cee8be80dbc8cc90a20ea72": ["3", "org.totschnig.myexpenses.ExpenseEdit"]}, {"d175d5f50bd007037f14b020c6f23c93": ["5", "org.totschnig.myexpenses.SelectCategory"]}, {"d175d5f50bd007037f14b020c6f23c93": ["5", "org.totschnig.myexpenses.SelectCategory"]}, {"6cd73ae9adef9b5e89ffac6faac368ff": ["21", "org.totschnig.myexpenses.GrisbiImport"]}, {"6cd73ae9adef9b5e89ffac6faac368ff": ["21", "org.totschnig.myexpenses.GrisbiImport"]}, {"6cd73ae9adef9b5e89ffac6faac368ff": ["21", "org.totschnig.myexpenses.GrisbiImport"]}, {"6cd73ae9adef9b5e89ffac6faac368ff": ["21", "org.totschnig.myexpenses.GrisbiImport"]}, {"6cd73ae9adef9b5e89ffac6faac368ff": ["21", "org.totschnig.myexpenses.GrisbiImport"]}, {"6cd73ae9adef9b5e89ffac6faac368ff": ["21", "org.totschnig.myexpenses.GrisbiImport"]}, {"6cd73ae9adef9b5e89ffac6faac368ff": ["21", "org.totschnig.myexpenses.GrisbiImport"]}, {"6cd73ae9adef9b5e89ffac6faac368ff": ["21", "org.totschnig.myexpenses.GrisbiImport"]}, {"6cd73ae9adef9b5e89ffac6faac368ff": ["21", "org.totschnig.myexpenses.GrisbiImport"]}, {"6cd73ae9adef9b5e89ffac6faac368ff": ["21", "org.totschnig.myexpenses.GrisbiImport"]}, {"6cd73ae9adef9b5e89ffac6faac368ff": ["21", "org.totschnig.myexpenses.GrisbiImport"]}, {"6cd73ae9adef9b5e89ffac6faac368ff": ["21", "org.totschnig.myexpenses.GrisbiImport"]}, {"6cd73ae9adef9b5e89ffac6faac368ff": ["21", "org.totschnig.myexpenses.GrisbiImport"]}, {"6cd73ae9adef9b5e89ffac6faac368ff": ["21", "org.totschnig.myexpenses.GrisbiImport"]}, {"6cd73ae9adef9b5e89ffac6faac368ff": ["21", "org.totschnig.myexpenses.GrisbiImport"]}, {"6cd73ae9adef9b5e89ffac6faac368ff": ["21", "org.totschnig.myexpenses.GrisbiImport"]}, {"6cd73ae9adef9b5e89ffac6faac368ff": ["21", "org.totschnig.myexpenses.GrisbiImport"]}, {"d175d5f50bd007037f14b020c6f23c93": ["5", "org.totschnig.myexpenses.SelectCategory"]}, {"d175d5f50bd007037f14b020c6f23c93": ["5", "org.totschnig.myexpenses.SelectCategory"]}, {"d175d5f50bd007037f14b020c6f23c93": ["5", "org.totschnig.myexpenses.SelectCategory"]}, {"6cd73ae9adef9b5e89ffac6faac368ff": ["21", "org.totschnig.myexpenses.GrisbiImport"]}, {"6cd73ae9adef9b5e89ffac6faac368ff": ["21", "org.totschnig.myexpenses.GrisbiImport"]}, {"d175d5f50bd007037f14b020c6f23c93": ["5", "org.totschnig.myexpenses.SelectCategory"]}, {"6cd73ae9adef9b5e89ffac6faac368ff": ["21", "org.totschnig.myexpenses.GrisbiImport"]}, {"d175d5f50bd007037f14b020c6f23c93": ["5", "org.totschnig.myexpenses.SelectCategory"]}, {"6cd73ae9adef9b5e89ffac6faac368ff": ["21", "org.totschnig.myexpenses.GrisbiImport"]}, {"6cd73ae9adef9b5e89ffac6faac368ff": ["21", "org.totschnig.myexpenses.GrisbiImport"]}, {"6cd73ae9adef9b5e89ffac6faac368ff": ["21", "org.totschnig.myexpenses.GrisbiImport"]}, {"6cd73ae9adef9b5e89ffac6faac368ff": ["21", "org.totschnig.myexpenses.GrisbiImport"]}, {"6cd73ae9adef9b5e89ffac6faac368ff": ["21", "org.totschnig.myexpenses.GrisbiImport"]}, {"6cd73ae9adef9b5e89ffac6faac368ff": ["21", "org.totschnig.myexpenses.GrisbiImport"]}, {"6cd73ae9adef9b5e89ffac6faac368ff": ["21", "org.totschnig.myexpenses.GrisbiImport"]}, {"6cd73ae9adef9b5e89ffac6faac368ff": ["21", "org.totschnig.myexpenses.GrisbiImport"]}, {"6cd73ae9adef9b5e89ffac6faac368ff": ["21", "org.totschnig.myexpenses.GrisbiImport"]}, {"6cd73ae9adef9b5e89ffac6faac368ff": ["21", "org.totschnig.myexpenses.GrisbiImport"]}, {"6cd73ae9adef9b5e89ffac6faac368ff": ["21", "org.totschnig.myexpenses.GrisbiImport"]}, {"6cd73ae9adef9b5e89ffac6faac368ff": ["21", "org.totschnig.myexpenses.GrisbiImport"]}, {"6cd73ae9adef9b5e89ffac6faac368ff": ["21", "org.totschnig.myexpenses.GrisbiImport"]}, {"6cd73ae9adef9b5e89ffac6faac368ff": ["21", "org.totschnig.myexpenses.GrisbiImport"]}, {"6cd73ae9adef9b5e89ffac6faac368ff": ["21", "org.totschnig.myexpenses.GrisbiImport"]}, {"6cd73ae9adef9b5e89ffac6faac368ff": ["21", "org.totschnig.myexpenses.GrisbiImport"]}, {"c64519dd7cee8be80dbc8cc90a20ea72": ["3", "org.totschnig.myexpenses.ExpenseEdit"]}, {"c64519dd7cee8be80dbc8cc90a20ea72": ["3", "org.totschnig.myexpenses.ExpenseEdit"]}, {"1ccb6290ea98bb94f0a12dd60214fff3": ["0", "org.totschnig.myexpenses.MyExpenses"]}, {"c64519dd7cee8be80dbc8cc90a20ea72": ["3", "org.totschnig.myexpenses.ExpenseEdit"]}, {"c64519dd7cee8be80dbc8cc90a20ea72": ["3", "org.totschnig.myexpenses.ExpenseEdit"]}, {"c64519dd7cee8be80dbc8cc90a20ea72": ["3", "org.totschnig.myexpenses.ExpenseEdit"]}, {"81c685903f5fb18ece5e0dcd579b83ea": ["20", "org.totschnig.myexpenses.ExpenseEdit"]}, {"c64519dd7cee8be80dbc8cc90a20ea72": ["3", "org.totschnig.myexpenses.ExpenseEdit"]}, {"c64519dd7cee8be80dbc8cc90a20ea72": ["3", "org.totschnig.myexpenses.ExpenseEdit"]}, {"c64519dd7cee8be80dbc8cc90a20ea72": ["3", "org.totschnig.myexpenses.ExpenseEdit"]}, {"c64519dd7cee8be80dbc8cc90a20ea72": ["3", "org.totschnig.myexpenses.ExpenseEdit"]}, {"c64519dd7cee8be80dbc8cc90a20ea72": ["3", "org.totschnig.myexpenses.ExpenseEdit"]}, {"c64519dd7cee8be80dbc8cc90a20ea72": ["3", "org.totschnig.myexpenses.ExpenseEdit"]}, {"c64519dd7cee8be80dbc8cc90a20ea72": ["3", "org.totschnig.myexpenses.ExpenseEdit"]}, {"c64519dd7cee8be80dbc8cc90a20ea72": ["3", "org.totschnig.myexpenses.ExpenseEdit"]}, {"81c685903f5fb18ece5e0dcd579b83ea": ["20", "org.totschnig.myexpenses.ExpenseEdit"]}, {"c64519dd7cee8be80dbc8cc90a20ea72": ["3", "org.totschnig.myexpenses.ExpenseEdit"]}, {"c64519dd7cee8be80dbc8cc90a20ea72": ["3", "org.totschnig.myexpenses.ExpenseEdit"]}, {"c64519dd7cee8be80dbc8cc90a20ea72": ["3", "org.totschnig.myexpenses.ExpenseEdit"]}, {"c64519dd7cee8be80dbc8cc90a20ea72": ["3", "org.totschnig.myexpenses.ExpenseEdit"]}, {"c64519dd7cee8be80dbc8cc90a20ea72": ["3", "org.totschnig.myexpenses.ExpenseEdit"]}, {"81c685903f5fb18ece5e0dcd579b83ea": ["20", "org.totschnig.myexpenses.ExpenseEdit"]}, {"c64519dd7cee8be80dbc8cc90a20ea72": ["3", "org.totschnig.myexpenses.ExpenseEdit"]}, {"c64519dd7cee8be80dbc8cc90a20ea72": ["3", "org.totschnig.myexpenses.ExpenseEdit"]}, {"c64519dd7cee8be80dbc8cc90a20ea72": ["3", "org.totschnig.myexpenses.ExpenseEdit"]}, {"1ccb6290ea98bb94f0a12dd60214fff3": ["0", "org.totschnig.myexpenses.MyExpenses"]}, {"c64519dd7cee8be80dbc8cc90a20ea72": ["3", "org.totschnig.myexpenses.ExpenseEdit"]}, {"81c685903f5fb18ece5e0dcd579b83ea": ["20", "org.totschnig.myexpenses.ExpenseEdit"]}, {"c64519dd7cee8be80dbc8cc90a20ea72": ["3", "org.totschnig.myexpenses.ExpenseEdit"]}, {"c64519dd7cee8be80dbc8cc90a20ea72": ["3", "org.totschnig.myexpenses.ExpenseEdit"]}, {"c64519dd7cee8be80dbc8cc90a20ea72": ["3", "org.totschnig.myexpenses.ExpenseEdit"]}, {"1ccb6290ea98bb94f0a12dd60214fff3": ["0", "org.totschnig.myexpenses.MyExpenses"]}, {"c64519dd7cee8be80dbc8cc90a20ea72": ["3", "org.totschnig.myexpenses.ExpenseEdit"]}, {"1ccb6290ea98bb94f0a12dd60214fff3": ["0", "org.totschnig.myexpenses.MyExpenses"]}, {"c64519dd7cee8be80dbc8cc90a20ea72": ["3", "org.totschnig.myexpenses.ExpenseEdit"]}, {"c64519dd7cee8be80dbc8cc90a20ea72": ["3", "org.totschnig.myexpenses.ExpenseEdit"]}, {"c64519dd7cee8be80dbc8cc90a20ea72": ["3", "org.totschnig.myexpenses.ExpenseEdit"]}, {"608a5864a64f3c15e3800464c1722fee": ["4", "org.totschnig.myexpenses.ExpenseEdit"]}, {"c64519dd7cee8be80dbc8cc90a20ea72": ["3", "org.totschnig.myexpenses.ExpenseEdit"]}, {"c64519dd7cee8be80dbc8cc90a20ea72": ["3", "org.totschnig.myexpenses.ExpenseEdit"]}, {"c64519dd7cee8be80dbc8cc90a20ea72": ["3", "org.totschnig.myexpenses.ExpenseEdit"]}, {"c64519dd7cee8be80dbc8cc90a20ea72": ["3", "org.totschnig.myexpenses.ExpenseEdit"]}, {"c64519dd7cee8be80dbc8cc90a20ea72": ["3", "org.totschnig.myexpenses.ExpenseEdit"]}, {"c64519dd7cee8be80dbc8cc90a20ea72": ["3", "org.totschnig.myexpenses.ExpenseEdit"]}, {"c64519dd7cee8be80dbc8cc90a20ea72": ["3", "org.totschnig.myexpenses.ExpenseEdit"]}, {"c64519dd7cee8be80dbc8cc90a20ea72": ["3", "org.totschnig.myexpenses.ExpenseEdit"]}, {"81c685903f5fb18ece5e0dcd579b83ea": ["20", "org.totschnig.myexpenses.ExpenseEdit"]}, {"81c685903f5fb18ece5e0dcd579b83ea": ["20", "org.totschnig.myexpenses.ExpenseEdit"]}, {"c64519dd7cee8be80dbc8cc90a20ea72": ["3", "org.totschnig.myexpenses.ExpenseEdit"]}, {"c64519dd7cee8be80dbc8cc90a20ea72": ["3", "org.totschnig.myexpenses.ExpenseEdit"]}, {"c64519dd7cee8be80dbc8cc90a20ea72": ["3", "org.totschnig.myexpenses.ExpenseEdit"]}, {"c64519dd7cee8be80dbc8cc90a20ea72": ["3", "org.totschnig.myexpenses.ExpenseEdit"]}, {"1ccb6290ea98bb94f0a12dd60214fff3": ["0", "org.totschnig.myexpenses.MyExpenses"]}, {"e763e522d0802568a86f8189a3e41547": ["23", "org.totschnig.myexpenses.MyExpenses"]}, {"1ccb6290ea98bb94f0a12dd60214fff3": ["0", "org.totschnig.myexpenses.MyExpenses"]}, {"c64519dd7cee8be80dbc8cc90a20ea72": ["3", "org.totschnig.myexpenses.ExpenseEdit"]}, {"c64519dd7cee8be80dbc8cc90a20ea72": ["3", "org.totschnig.myexpenses.ExpenseEdit"]}, {"c64519dd7cee8be80dbc8cc90a20ea72": ["3", "org.totschnig.myexpenses.ExpenseEdit"]}, {"c64519dd7cee8be80dbc8cc90a20ea72": ["3", "org.totschnig.myexpenses.ExpenseEdit"]}, {"c64519dd7cee8be80dbc8cc90a20ea72": ["3", "org.totschnig.myexpenses.ExpenseEdit"]}, {"c64519dd7cee8be80dbc8cc90a20ea72": ["3", "org.totschnig.myexpenses.ExpenseEdit"]}, {"c64519dd7cee8be80dbc8cc90a20ea72": ["3", "org.totschnig.myexpenses.ExpenseEdit"]}, {"1ccb6290ea98bb94f0a12dd60214fff3": ["0", "org.totschnig.myexpenses.MyExpenses"]}, {"b1eba837f742351413810e756c8edeae": ["8", "org.totschnig.myexpenses.MyPreferenceActivity"]}, {"e87d6f680036de5f3a809cecb5e34ba2": ["9", "org.totschnig.myexpenses.ManageAccounts"]}, {"a2c23685dc5817b9feb60b486758f25e": ["10", "org.totschnig.myexpenses.AccountEdit"]}, {"a2c23685dc5817b9feb60b486758f25e": ["10", "org.totschnig.myexpenses.AccountEdit"]}, {"e87d6f680036de5f3a809cecb5e34ba2": ["9", "org.totschnig.myexpenses.ManageAccounts"]}, {"a2c23685dc5817b9feb60b486758f25e": ["10", "org.totschnig.myexpenses.AccountEdit"]}, {"e87d6f680036de5f3a809cecb5e34ba2": ["9", "org.totschnig.myexpenses.ManageAccounts"]}, {"a2c23685dc5817b9feb60b486758f25e": ["10", "org.totschnig.myexpenses.AccountEdit"]}, {"a2c23685dc5817b9feb60b486758f25e": ["10", "org.totschnig.myexpenses.AccountEdit"]}, {"a2c23685dc5817b9feb60b486758f25e": ["10", "org.totschnig.myexpenses.AccountEdit"]}, {"a2c23685dc5817b9feb60b486758f25e": ["10", "org.totschnig.myexpenses.AccountEdit"]}, {"a2c23685dc5817b9feb60b486758f25e": ["10", "org.totschnig.myexpenses.AccountEdit"]}, {"a2c23685dc5817b9feb60b486758f25e": ["10", "org.totschnig.myexpenses.AccountEdit"]}, {"e87d6f680036de5f3a809cecb5e34ba2": ["9", "org.totschnig.myexpenses.ManageAccounts"]}, {"a2c23685dc5817b9feb60b486758f25e": ["10", "org.totschnig.myexpenses.AccountEdit"]}, {"8b84c9991ecfefd8cde43bb67f673e1b": ["11", "org.totschnig.myexpenses.AccountEdit"]}, {"a2c23685dc5817b9feb60b486758f25e": ["10", "org.totschnig.myexpenses.AccountEdit"]}, {"8b84c9991ecfefd8cde43bb67f673e1b": ["11", "org.totschnig.myexpenses.AccountEdit"]}, {"a2c23685dc5817b9feb60b486758f25e": ["10", "org.totschnig.myexpenses.AccountEdit"]}, {"c178379772d3bcd3f448c7c4b65f8861": ["12", "org.totschnig.myexpenses.AccountEdit"]}, {"a2c23685dc5817b9feb60b486758f25e": ["10", "org.totschnig.myexpenses.AccountEdit"]}, {"a2c23685dc5817b9feb60b486758f25e": ["10", "org.totschnig.myexpenses.AccountEdit"]}, {"c178379772d3bcd3f448c7c4b65f8861": ["12", "org.totschnig.myexpenses.AccountEdit"]}, {"a2c23685dc5817b9feb60b486758f25e": ["10", "org.totschnig.myexpenses.AccountEdit"]}, {"8b84c9991ecfefd8cde43bb67f673e1b": ["11", "org.totschnig.myexpenses.AccountEdit"]}, {"e87d6f680036de5f3a809cecb5e34ba2": ["9", "org.totschnig.myexpenses.ManageAccounts"]}, {"a2c23685dc5817b9feb60b486758f25e": ["10", "org.totschnig.myexpenses.AccountEdit"]}, {"c178379772d3bcd3f448c7c4b65f8861": ["12", "org.totschnig.myexpenses.AccountEdit"]}, {"a2c23685dc5817b9feb60b486758f25e": ["10", "org.totschnig.myexpenses.AccountEdit"]}, {"c178379772d3bcd3f448c7c4b65f8861": ["12", "org.totschnig.myexpenses.AccountEdit"]}, {"a2c23685dc5817b9feb60b486758f25e": ["10", "org.totschnig.myexpenses.AccountEdit"]}, {"a2c23685dc5817b9feb60b486758f25e": ["10", "org.totschnig.myexpenses.AccountEdit"]}, {"a2c23685dc5817b9feb60b486758f25e": ["10", "org.totschnig.myexpenses.AccountEdit"]}, {"e87d6f680036de5f3a809cecb5e34ba2": ["9", "org.totschnig.myexpenses.ManageAccounts"]}, {"a2c23685dc5817b9feb60b486758f25e": ["10", "org.totschnig.myexpenses.AccountEdit"]}, {"c178379772d3bcd3f448c7c4b65f8861": ["12", "org.totschnig.myexpenses.AccountEdit"]}, {"a2c23685dc5817b9feb60b486758f25e": ["10", "org.totschnig.myexpenses.AccountEdit"]}, {"a2c23685dc5817b9feb60b486758f25e": ["10", "org.totschnig.myexpenses.AccountEdit"]}, {"a2c23685dc5817b9feb60b486758f25e": ["10", "org.totschnig.myexpenses.AccountEdit"]}, {"e87d6f680036de5f3a809cecb5e34ba2": ["9", "org.totschnig.myexpenses.ManageAccounts"]}, {"a2c23685dc5817b9feb60b486758f25e": ["10", "org.totschnig.myexpenses.AccountEdit"]}, {"a2c23685dc5817b9feb60b486758f25e": ["10", "org.totschnig.myexpenses.AccountEdit"]}, {"c178379772d3bcd3f448c7c4b65f8861": ["12", "org.totschnig.myexpenses.AccountEdit"]}, {"e87d6f680036de5f3a809cecb5e34ba2": ["9", "org.totschnig.myexpenses.ManageAccounts"]}, {"a2c23685dc5817b9feb60b486758f25e": ["10", "org.totschnig.myexpenses.AccountEdit"]}, {"a2c23685dc5817b9feb60b486758f25e": ["10", "org.totschnig.myexpenses.AccountEdit"]}, {"e87d6f680036de5f3a809cecb5e34ba2": ["9", "org.totschnig.myexpenses.ManageAccounts"]}, {"a2c23685dc5817b9feb60b486758f25e": ["10", "org.totschnig.myexpenses.AccountEdit"]}, {"c178379772d3bcd3f448c7c4b65f8861": ["12", "org.totschnig.myexpenses.AccountEdit"]}, {"a2c23685dc5817b9feb60b486758f25e": ["10", "org.totschnig.myexpenses.AccountEdit"]}, {"e87d6f680036de5f3a809cecb5e34ba2": ["9", "org.totschnig.myexpenses.ManageAccounts"]}, {"a2c23685dc5817b9feb60b486758f25e": ["10", "org.totschnig.myexpenses.AccountEdit"]}, {"e87d6f680036de5f3a809cecb5e34ba2": ["9", "org.totschnig.myexpenses.ManageAccounts"]}, {"a2c23685dc5817b9feb60b486758f25e": ["10", "org.totschnig.myexpenses.AccountEdit"]}, {"c178379772d3bcd3f448c7c4b65f8861": ["12", "org.totschnig.myexpenses.AccountEdit"]}, {"a2c23685dc5817b9feb60b486758f25e": ["10", "org.totschnig.myexpenses.AccountEdit"]}, {"c178379772d3bcd3f448c7c4b65f8861": ["12", "org.totschnig.myexpenses.AccountEdit"]}, {"a2c23685dc5817b9feb60b486758f25e": ["10", "org.totschnig.myexpenses.AccountEdit"]}, {"65d777aa1a903cf31f3afe88b6678a04": ["37", "org.totschnig.myexpenses.AccountEdit"]}, {"a2c23685dc5817b9feb60b486758f25e": ["10", "org.totschnig.myexpenses.AccountEdit"]}, {"e87d6f680036de5f3a809cecb5e34ba2": ["9", "org.totschnig.myexpenses.ManageAccounts"]}, {"a2c23685dc5817b9feb60b486758f25e": ["10", "org.totschnig.myexpenses.AccountEdit"]}, {"a2c23685dc5817b9feb60b486758f25e": ["10", "org.totschnig.myexpenses.AccountEdit"]}, {"e87d6f680036de5f3a809cecb5e34ba2": ["9", "org.totschnig.myexpenses.ManageAccounts"]}, {"a2c23685dc5817b9feb60b486758f25e": ["10", "org.totschnig.myexpenses.AccountEdit"]}, {"8b84c9991ecfefd8cde43bb67f673e1b": ["11", "org.totschnig.myexpenses.AccountEdit"]}, {"a2c23685dc5817b9feb60b486758f25e": ["10", "org.totschnig.myexpenses.AccountEdit"]}, {"c178379772d3bcd3f448c7c4b65f8861": ["12", "org.totschnig.myexpenses.AccountEdit"]}, {"a2c23685dc5817b9feb60b486758f25e": ["10", "org.totschnig.myexpenses.AccountEdit"]}, {"e87d6f680036de5f3a809cecb5e34ba2": ["9", "org.totschnig.myexpenses.ManageAccounts"]}, {"a2c23685dc5817b9feb60b486758f25e": ["10", "org.totschnig.myexpenses.AccountEdit"]}, {"c178379772d3bcd3f448c7c4b65f8861": ["12", "org.totschnig.myexpenses.AccountEdit"]}, {"a2c23685dc5817b9feb60b486758f25e": ["10", "org.totschnig.myexpenses.AccountEdit"]}, {"b1eba837f742351413810e756c8edeae": ["8", "org.totschnig.myexpenses.MyPreferenceActivity"]}, {"a1029bda9832546270cade622bf7eda2": ["15", "org.totschnig.myexpenses.ManageParties"]}, {"a1029bda9832546270cade622bf7eda2": ["15", "org.totschnig.myexpenses.ManageParties"]}, {"a1029bda9832546270cade622bf7eda2": ["15", "org.totschnig.myexpenses.ManageParties"]}, {"a1029bda9832546270cade622bf7eda2": ["15", "org.totschnig.myexpenses.ManageParties"]}, {"a1029bda9832546270cade622bf7eda2": ["15", "org.totschnig.myexpenses.ManageParties"]}, {"a1029bda9832546270cade622bf7eda2": ["15", "org.totschnig.myexpenses.ManageParties"]}, {"a1029bda9832546270cade622bf7eda2": ["15", "org.totschnig.myexpenses.ManageParties"]}, {"a1029bda9832546270cade622bf7eda2": ["15", "org.totschnig.myexpenses.ManageParties"]}, {"a1029bda9832546270cade622bf7eda2": ["15", "org.totschnig.myexpenses.ManageParties"]}, {"a1029bda9832546270cade622bf7eda2": ["15", "org.totschnig.myexpenses.ManageParties"]}, {"a1029bda9832546270cade622bf7eda2": ["15", "org.totschnig.myexpenses.ManageParties"]}, {"a1029bda9832546270cade622bf7eda2": ["15", "org.totschnig.myexpenses.ManageParties"]}, {"a1029bda9832546270cade622bf7eda2": ["15", "org.totschnig.myexpenses.ManageParties"]}, {"a1029bda9832546270cade622bf7eda2": ["15", "org.totschnig.myexpenses.ManageParties"]}, {"a1029bda9832546270cade622bf7eda2": ["15", "org.totschnig.myexpenses.ManageParties"]}, {"a1029bda9832546270cade622bf7eda2": ["15", "org.totschnig.myexpenses.ManageParties"]}, {"a1029bda9832546270cade622bf7eda2": ["15", "org.totschnig.myexpenses.ManageParties"]}, {"a1029bda9832546270cade622bf7eda2": ["15", "org.totschnig.myexpenses.ManageParties"]}, {"b1eba837f742351413810e756c8edeae": ["8", "org.totschnig.myexpenses.MyPreferenceActivity"]}, {"a1029bda9832546270cade622bf7eda2": ["15", "org.totschnig.myexpenses.ManageParties"]}, {"a1029bda9832546270cade622bf7eda2": ["15", "org.totschnig.myexpenses.ManageParties"]}, {"a1029bda9832546270cade622bf7eda2": ["15", "org.totschnig.myexpenses.ManageParties"]}, {"a1029bda9832546270cade622bf7eda2": ["15", "org.totschnig.myexpenses.ManageParties"]}, {"b1eba837f742351413810e756c8edeae": ["8", "org.totschnig.myexpenses.MyPreferenceActivity"]}, {"fe0abae8d6ccbb72ca274f9ab3f24d10": ["47", "org.totschnig.myexpenses.MyPreferenceActivity"]}, {"fe0abae8d6ccbb72ca274f9ab3f24d10": ["47", "org.totschnig.myexpenses.MyPreferenceActivity"]}, {"fe0abae8d6ccbb72ca274f9ab3f24d10": ["47", "org.totschnig.myexpenses.MyPreferenceActivity"]}, {"6cd73ae9adef9b5e89ffac6faac368ff": ["21", "org.totschnig.myexpenses.GrisbiImport"]}, {"6cd73ae9adef9b5e89ffac6faac368ff": ["21", "org.totschnig.myexpenses.GrisbiImport"]}, {"6cd73ae9adef9b5e89ffac6faac368ff": ["21", "org.totschnig.myexpenses.GrisbiImport"]}, {"6cd73ae9adef9b5e89ffac6faac368ff": ["21", "org.totschnig.myexpenses.GrisbiImport"]}, {"6cd73ae9adef9b5e89ffac6faac368ff": ["21", "org.totschnig.myexpenses.GrisbiImport"]}, {"6cd73ae9adef9b5e89ffac6faac368ff": ["21", "org.totschnig.myexpenses.GrisbiImport"]}, {"fe0abae8d6ccbb72ca274f9ab3f24d10": ["47", "org.totschnig.myexpenses.MyPreferenceActivity"]}, {"fe0abae8d6ccbb72ca274f9ab3f24d10": ["47", "org.totschnig.myexpenses.MyPreferenceActivity"]}, {"ca75a1d734d02fc4aeac19f2812aa939": ["44", "org.totschnig.myexpenses.MyPreferenceActivity"]}, {"fe0abae8d6ccbb72ca274f9ab3f24d10": ["47", "org.totschnig.myexpenses.MyPreferenceActivity"]}, {"4f38e891a76c3f97181f928e70cd74cc": ["48", "org.totschnig.myexpenses.MyPreferenceActivity"]}, {"4f38e891a76c3f97181f928e70cd74cc": ["48", "org.totschnig.myexpenses.MyPreferenceActivity"]}, {"4f38e891a76c3f97181f928e70cd74cc": ["48", "org.totschnig.myexpenses.MyPreferenceActivity"]}, {"fc3b255db6cdbea0e904d003119c2cee": ["36", "org.totschnig.myexpenses.MyPreferenceActivity"]}, {"4f38e891a76c3f97181f928e70cd74cc": ["48", "org.totschnig.myexpenses.MyPreferenceActivity"]}, {"1e89c8fc65cb14a4161554a9fc7656bd": ["41", "org.totschnig.myexpenses.MyPreferenceActivity"]}, {"6cd73ae9adef9b5e89ffac6faac368ff": ["21", "org.totschnig.myexpenses.GrisbiImport"]}, {"aefc47f1db0f236a1988302218abaef9": ["42", "org.totschnig.myexpenses.Backup"]}, {"6cd73ae9adef9b5e89ffac6faac368ff": ["21", "org.totschnig.myexpenses.GrisbiImport"]}, {"6cd73ae9adef9b5e89ffac6faac368ff": ["21", "org.totschnig.myexpenses.GrisbiImport"]}, {"6cd73ae9adef9b5e89ffac6faac368ff": ["21", "org.totschnig.myexpenses.GrisbiImport"]}, {"6cd73ae9adef9b5e89ffac6faac368ff": ["21", "org.totschnig.myexpenses.GrisbiImport"]}, {"6cd73ae9adef9b5e89ffac6faac368ff": ["21", "org.totschnig.myexpenses.GrisbiImport"]}, {"1e89c8fc65cb14a4161554a9fc7656bd": ["41", "org.totschnig.myexpenses.MyPreferenceActivity"]}, {"6cd73ae9adef9b5e89ffac6faac368ff": ["21", "org.totschnig.myexpenses.GrisbiImport"]}, {"6cd73ae9adef9b5e89ffac6faac368ff": ["21", "org.totschnig.myexpenses.GrisbiImport"]}, {"00a8f76627f260be956f37997c88e25e": ["49", "org.totschnig.myexpenses.MyPreferenceActivity"]}, {"00a8f76627f260be956f37997c88e25e": ["49", "org.totschnig.myexpenses.MyPreferenceActivity"]}, {"ca75a1d734d02fc4aeac19f2812aa939": ["44", "org.totschnig.myexpenses.MyPreferenceActivity"]}, {"1e89c8fc65cb14a4161554a9fc7656bd": ["41", "org.totschnig.myexpenses.MyPreferenceActivity"]}, {"ca75a1d734d02fc4aeac19f2812aa939": ["44", "org.totschnig.myexpenses.MyPreferenceActivity"]}, {"b1eba837f742351413810e756c8edeae": ["8", "org.totschnig.myexpenses.MyPreferenceActivity"]}, {"b1eba837f742351413810e756c8edeae": ["8", "org.totschnig.myexpenses.MyPreferenceActivity"]}, {"b1eba837f742351413810e756c8edeae": ["8", "org.totschnig.myexpenses.MyPreferenceActivity"]}, {"e8e394c889fa3109664a9caf1af888ba": ["50", "org.totschnig.myexpenses.MyPreferenceActivity"]}, {"e8e394c889fa3109664a9caf1af888ba": ["50", "org.totschnig.myexpenses.MyPreferenceActivity"]}, {"fc3b255db6cdbea0e904d003119c2cee": ["36", "org.totschnig.myexpenses.MyPreferenceActivity"]}, {"e8e394c889fa3109664a9caf1af888ba": ["50", "org.totschnig.myexpenses.MyPreferenceActivity"]}, {"e8e394c889fa3109664a9caf1af888ba": ["50", "org.totschnig.myexpenses.MyPreferenceActivity"]}, {"7de14d9570b524e265f4582c0a84b72c": ["26", "org.totschnig.myexpenses.SelectCategory"]}, {"e8e394c889fa3109664a9caf1af888ba": ["50", "org.totschnig.myexpenses.MyPreferenceActivity"]}, {"a1029bda9832546270cade622bf7eda2": ["15", "org.totschnig.myexpenses.ManageParties"]}, {"a1029bda9832546270cade622bf7eda2": ["15", "org.totschnig.myexpenses.ManageParties"]}, {"a1029bda9832546270cade622bf7eda2": ["15", "org.totschnig.myexpenses.ManageParties"]}, {"a1029bda9832546270cade622bf7eda2": ["15", "org.totschnig.myexpenses.ManageParties"]}, {"a1029bda9832546270cade622bf7eda2": ["15", "org.totschnig.myexpenses.ManageParties"]}, {"a1029bda9832546270cade622bf7eda2": ["15", "org.totschnig.myexpenses.ManageParties"]}, {"a1029bda9832546270cade622bf7eda2": ["15", "org.totschnig.myexpenses.ManageParties"]}, {"a1029bda9832546270cade622bf7eda2": ["15", "org.totschnig.myexpenses.ManageParties"]}, {"b1eba837f742351413810e756c8edeae": ["8", "org.totschnig.myexpenses.MyPreferenceActivity"]}, {"e87d6f680036de5f3a809cecb5e34ba2": ["9", "org.totschnig.myexpenses.ManageAccounts"]}, {"e87d6f680036de5f3a809cecb5e34ba2": ["9", "org.totschnig.myexpenses.ManageAccounts"]}, {"a2c23685dc5817b9feb60b486758f25e": ["10", "org.totschnig.myexpenses.AccountEdit"]}, {"a2c23685dc5817b9feb60b486758f25e": ["10", "org.totschnig.myexpenses.AccountEdit"]}, {"e87d6f680036de5f3a809cecb5e34ba2": ["9", "org.totschnig.myexpenses.ManageAccounts"]}, {"e87d6f680036de5f3a809cecb5e34ba2": ["9", "org.totschnig.myexpenses.ManageAccounts"]}, {"a2c23685dc5817b9feb60b486758f25e": ["10", "org.totschnig.myexpenses.AccountEdit"]}, {"a2c23685dc5817b9feb60b486758f25e": ["10", "org.totschnig.myexpenses.AccountEdit"]}, {"65d777aa1a903cf31f3afe88b6678a04": ["37", "org.totschnig.myexpenses.AccountEdit"]}, {"a2c23685dc5817b9feb60b486758f25e": ["10", "org.totschnig.myexpenses.AccountEdit"]}, {"a2c23685dc5817b9feb60b486758f25e": ["10", "org.totschnig.myexpenses.AccountEdit"]}, {"a2c23685dc5817b9feb60b486758f25e": ["10", "org.totschnig.myexpenses.AccountEdit"]}, {"a2c23685dc5817b9feb60b486758f25e": ["10", "org.totschnig.myexpenses.AccountEdit"]}, {"c178379772d3bcd3f448c7c4b65f8861": ["12", "org.totschnig.myexpenses.AccountEdit"]}, {"a2c23685dc5817b9feb60b486758f25e": ["10", "org.totschnig.myexpenses.AccountEdit"]}, {"e87d6f680036de5f3a809cecb5e34ba2": ["9", "org.totschnig.myexpenses.ManageAccounts"]}, {"a2c23685dc5817b9feb60b486758f25e": ["10", "org.totschnig.myexpenses.AccountEdit"]}, {"c178379772d3bcd3f448c7c4b65f8861": ["12", "org.totschnig.myexpenses.AccountEdit"]}, {"a2c23685dc5817b9feb60b486758f25e": ["10", "org.totschnig.myexpenses.AccountEdit"]}, {"e87d6f680036de5f3a809cecb5e34ba2": ["9", "org.totschnig.myexpenses.ManageAccounts"]}, {"e87d6f680036de5f3a809cecb5e34ba2": ["9", "org.totschnig.myexpenses.ManageAccounts"]}, {"e87d6f680036de5f3a809cecb5e34ba2": ["9", "org.totschnig.myexpenses.ManageAccounts"]}, {"a2c23685dc5817b9feb60b486758f25e": ["10", "org.totschnig.myexpenses.AccountEdit"]}, {"e87d6f680036de5f3a809cecb5e34ba2": ["9", "org.totschnig.myexpenses.ManageAccounts"]}, {"a2c23685dc5817b9feb60b486758f25e": ["10", "org.totschnig.myexpenses.AccountEdit"]}, {"65d777aa1a903cf31f3afe88b6678a04": ["37", "org.totschnig.myexpenses.AccountEdit"]}, {"a2c23685dc5817b9feb60b486758f25e": ["10", "org.totschnig.myexpenses.AccountEdit"]}, {"65d777aa1a903cf31f3afe88b6678a04": ["37", "org.totschnig.myexpenses.AccountEdit"]}, {"a2c23685dc5817b9feb60b486758f25e": ["10", "org.totschnig.myexpenses.AccountEdit"]}, {"e87d6f680036de5f3a809cecb5e34ba2": ["9", "org.totschnig.myexpenses.ManageAccounts"]}, {"a2c23685dc5817b9feb60b486758f25e": ["10", "org.totschnig.myexpenses.AccountEdit"]}, {"c178379772d3bcd3f448c7c4b65f8861": ["12", "org.totschnig.myexpenses.AccountEdit"]}, {"a2c23685dc5817b9feb60b486758f25e": ["10", "org.totschnig.myexpenses.AccountEdit"]}, {"65d777aa1a903cf31f3afe88b6678a04": ["37", "org.totschnig.myexpenses.AccountEdit"]}, {"a2c23685dc5817b9feb60b486758f25e": ["10", "org.totschnig.myexpenses.AccountEdit"]}, {"e87d6f680036de5f3a809cecb5e34ba2": ["9", "org.totschnig.myexpenses.ManageAccounts"]}, {"a2c23685dc5817b9feb60b486758f25e": ["10", "org.totschnig.myexpenses.AccountEdit"]}, {"8b84c9991ecfefd8cde43bb67f673e1b": ["11", "org.totschnig.myexpenses.AccountEdit"]}, {"a2c23685dc5817b9feb60b486758f25e": ["10", "org.totschnig.myexpenses.AccountEdit"]}, {"a2c23685dc5817b9feb60b486758f25e": ["10", "org.totschnig.myexpenses.AccountEdit"]}, {"a2c23685dc5817b9feb60b486758f25e": ["10", "org.totschnig.myexpenses.AccountEdit"]}, {"e87d6f680036de5f3a809cecb5e34ba2": ["9", "org.totschnig.myexpenses.ManageAccounts"]}, {"a2c23685dc5817b9feb60b486758f25e": ["10", "org.totschnig.myexpenses.AccountEdit"]}, {"a2c23685dc5817b9feb60b486758f25e": ["10", "org.totschnig.myexpenses.AccountEdit"]}, {"e87d6f680036de5f3a809cecb5e34ba2": ["9", "org.totschnig.myexpenses.ManageAccounts"]}, {"a2c23685dc5817b9feb60b486758f25e": ["10", "org.totschnig.myexpenses.AccountEdit"]}, {"e87d6f680036de5f3a809cecb5e34ba2": ["9", "org.totschnig.myexpenses.ManageAccounts"]}, {"a2c23685dc5817b9feb60b486758f25e": ["10", "org.totschnig.myexpenses.AccountEdit"]}, {"8b84c9991ecfefd8cde43bb67f673e1b": ["11", "org.totschnig.myexpenses.AccountEdit"]}, {"a2c23685dc5817b9feb60b486758f25e": ["10", "org.totschnig.myexpenses.AccountEdit"]}, {"e87d6f680036de5f3a809cecb5e34ba2": ["9", "org.totschnig.myexpenses.ManageAccounts"]}, {"a2c23685dc5817b9feb60b486758f25e": ["10", "org.totschnig.myexpenses.AccountEdit"]}, {"e87d6f680036de5f3a809cecb5e34ba2": ["9", "org.totschnig.myexpenses.ManageAccounts"]}, {"a2c23685dc5817b9feb60b486758f25e": ["10", "org.totschnig.myexpenses.AccountEdit"]}, {"c178379772d3bcd3f448c7c4b65f8861": ["12", "org.totschnig.myexpenses.AccountEdit"]}, {"e87d6f680036de5f3a809cecb5e34ba2": ["9", "org.totschnig.myexpenses.ManageAccounts"]}, {"a2c23685dc5817b9feb60b486758f25e": ["10", "org.totschnig.myexpenses.AccountEdit"]}, {"a2c23685dc5817b9feb60b486758f25e": ["10", "org.totschnig.myexpenses.AccountEdit"]}, {"a2c23685dc5817b9feb60b486758f25e": ["10", "org.totschnig.myexpenses.AccountEdit"]}, {"a2c23685dc5817b9feb60b486758f25e": ["10", "org.totschnig.myexpenses.AccountEdit"]}, {"a2c23685dc5817b9feb60b486758f25e": ["10", "org.totschnig.myexpenses.AccountEdit"]}, {"a2c23685dc5817b9feb60b486758f25e": ["10", "org.totschnig.myexpenses.AccountEdit"]}, {"c178379772d3bcd3f448c7c4b65f8861": ["12", "org.totschnig.myexpenses.AccountEdit"]}, {"a2c23685dc5817b9feb60b486758f25e": ["10", "org.totschnig.myexpenses.AccountEdit"]}, {"8b84c9991ecfefd8cde43bb67f673e1b": ["11", "org.totschnig.myexpenses.AccountEdit"]}, {"a2c23685dc5817b9feb60b486758f25e": ["10", "org.totschnig.myexpenses.AccountEdit"]}, {"a2c23685dc5817b9feb60b486758f25e": ["10", "org.totschnig.myexpenses.AccountEdit"]}, {"65d777aa1a903cf31f3afe88b6678a04": ["37", "org.totschnig.myexpenses.AccountEdit"]}, {"a2c23685dc5817b9feb60b486758f25e": ["10", "org.totschnig.myexpenses.AccountEdit"]}, {"65d777aa1a903cf31f3afe88b6678a04": ["37", "org.totschnig.myexpenses.AccountEdit"]}, {"a2c23685dc5817b9feb60b486758f25e": ["10", "org.totschnig.myexpenses.AccountEdit"]}, {"a2c23685dc5817b9feb60b486758f25e": ["10", "org.totschnig.myexpenses.AccountEdit"]}, {"65d777aa1a903cf31f3afe88b6678a04": ["37", "org.totschnig.myexpenses.AccountEdit"]}, {"a2c23685dc5817b9feb60b486758f25e": ["10", "org.totschnig.myexpenses.AccountEdit"]}, {"8b84c9991ecfefd8cde43bb67f673e1b": ["11", "org.totschnig.myexpenses.AccountEdit"]}, {"a2c23685dc5817b9feb60b486758f25e": ["10", "org.totschnig.myexpenses.AccountEdit"]}, {"c178379772d3bcd3f448c7c4b65f8861": ["12", "org.totschnig.myexpenses.AccountEdit"]}, {"a2c23685dc5817b9feb60b486758f25e": ["10", "org.totschnig.myexpenses.AccountEdit"]}, {"8b84c9991ecfefd8cde43bb67f673e1b": ["11", "org.totschnig.myexpenses.AccountEdit"]}, {"a2c23685dc5817b9feb60b486758f25e": ["10", "org.totschnig.myexpenses.AccountEdit"]}, {"e87d6f680036de5f3a809cecb5e34ba2": ["9", "org.totschnig.myexpenses.ManageAccounts"]}, {"a2c23685dc5817b9feb60b486758f25e": ["10", "org.totschnig.myexpenses.AccountEdit"]}, {"e87d6f680036de5f3a809cecb5e34ba2": ["9", "org.totschnig.myexpenses.ManageAccounts"]}, {"a2c23685dc5817b9feb60b486758f25e": ["10", "org.totschnig.myexpenses.AccountEdit"]}, {"c178379772d3bcd3f448c7c4b65f8861": ["12", "org.totschnig.myexpenses.AccountEdit"]}, {"c64519dd7cee8be80dbc8cc90a20ea72": ["3", "org.totschnig.myexpenses.ExpenseEdit"]}, {"c64519dd7cee8be80dbc8cc90a20ea72": ["3", "org.totschnig.myexpenses.ExpenseEdit"]}, {"c64519dd7cee8be80dbc8cc90a20ea72": ["3", "org.totschnig.myexpenses.ExpenseEdit"]}, {"c64519dd7cee8be80dbc8cc90a20ea72": ["3", "org.totschnig.myexpenses.ExpenseEdit"]}, {"c64519dd7cee8be80dbc8cc90a20ea72": ["3", "org.totschnig.myexpenses.ExpenseEdit"]}, {"0093f37ee04b99d79bb4200780685621": ["39", "org.totschnig.myexpenses.SelectCategory"]}, {"c64519dd7cee8be80dbc8cc90a20ea72": ["3", "org.totschnig.myexpenses.ExpenseEdit"]}, {"c64519dd7cee8be80dbc8cc90a20ea72": ["3", "org.totschnig.myexpenses.ExpenseEdit"]}, {"c64519dd7cee8be80dbc8cc90a20ea72": ["3", "org.totschnig.myexpenses.ExpenseEdit"]}, {"476899433055b7b33b6591f26b26e02d": ["51", "org.totschnig.myexpenses.MyExpenses"]}, {"c64519dd7cee8be80dbc8cc90a20ea72": ["3", "org.totschnig.myexpenses.ExpenseEdit"]}, {"c64519dd7cee8be80dbc8cc90a20ea72": ["3", "org.totschnig.myexpenses.ExpenseEdit"]}, {"c64519dd7cee8be80dbc8cc90a20ea72": ["3", "org.totschnig.myexpenses.ExpenseEdit"]}, {"c64519dd7cee8be80dbc8cc90a20ea72": ["3", "org.totschnig.myexpenses.ExpenseEdit"]}, {"81c685903f5fb18ece5e0dcd579b83ea": ["20", "org.totschnig.myexpenses.ExpenseEdit"]}, {"c64519dd7cee8be80dbc8cc90a20ea72": ["3", "org.totschnig.myexpenses.ExpenseEdit"]}, {"c64519dd7cee8be80dbc8cc90a20ea72": ["3", "org.totschnig.myexpenses.ExpenseEdit"]}, {"c64519dd7cee8be80dbc8cc90a20ea72": ["3", "org.totschnig.myexpenses.ExpenseEdit"]}, {"c64519dd7cee8be80dbc8cc90a20ea72": ["3", "org.totschnig.myexpenses.ExpenseEdit"]}, {"c64519dd7cee8be80dbc8cc90a20ea72": ["3", "org.totschnig.myexpenses.ExpenseEdit"]}, {"c64519dd7cee8be80dbc8cc90a20ea72": ["3", "org.totschnig.myexpenses.ExpenseEdit"]}, {"c64519dd7cee8be80dbc8cc90a20ea72": ["3", "org.totschnig.myexpenses.ExpenseEdit"]}, {"c64519dd7cee8be80dbc8cc90a20ea72": ["3", "org.totschnig.myexpenses.ExpenseEdit"]}, {"c64519dd7cee8be80dbc8cc90a20ea72": ["3", "org.totschnig.myexpenses.ExpenseEdit"]}, {"81c685903f5fb18ece5e0dcd579b83ea": ["20", "org.totschnig.myexpenses.ExpenseEdit"]}, {"81c685903f5fb18ece5e0dcd579b83ea": ["20", "org.totschnig.myexpenses.ExpenseEdit"]}, {"c64519dd7cee8be80dbc8cc90a20ea72": ["3", "org.totschnig.myexpenses.ExpenseEdit"]}, {"81c685903f5fb18ece5e0dcd579b83ea": ["20", "org.totschnig.myexpenses.ExpenseEdit"]}, {"c64519dd7cee8be80dbc8cc90a20ea72": ["3", "org.totschnig.myexpenses.ExpenseEdit"]}, {"608a5864a64f3c15e3800464c1722fee": ["4", "org.totschnig.myexpenses.ExpenseEdit"]}, {"c64519dd7cee8be80dbc8cc90a20ea72": ["3", "org.totschnig.myexpenses.ExpenseEdit"]}, {"c64519dd7cee8be80dbc8cc90a20ea72": ["3", "org.totschnig.myexpenses.ExpenseEdit"]}, {"c64519dd7cee8be80dbc8cc90a20ea72": ["3", "org.totschnig.myexpenses.ExpenseEdit"]}, {"c64519dd7cee8be80dbc8cc90a20ea72": ["3", "org.totschnig.myexpenses.ExpenseEdit"]}, {"c64519dd7cee8be80dbc8cc90a20ea72": ["3", "org.totschnig.myexpenses.ExpenseEdit"]}, {"c64519dd7cee8be80dbc8cc90a20ea72": ["3", "org.totschnig.myexpenses.ExpenseEdit"]}, {"c64519dd7cee8be80dbc8cc90a20ea72": ["3", "org.totschnig.myexpenses.ExpenseEdit"]}, {"c64519dd7cee8be80dbc8cc90a20ea72": ["3", "org.totschnig.myexpenses.ExpenseEdit"]}, {"c64519dd7cee8be80dbc8cc90a20ea72": ["3", "org.totschnig.myexpenses.ExpenseEdit"]}, {"c64519dd7cee8be80dbc8cc90a20ea72": ["3", "org.totschnig.myexpenses.ExpenseEdit"]}, {"a628e2422cfd4db5ed9c150ced52a673": ["52", "org.totschnig.myexpenses.MyPreferenceActivity"]}, {"e87d6f680036de5f3a809cecb5e34ba2": ["9", "org.totschnig.myexpenses.ManageAccounts"]}, {"a2c23685dc5817b9feb60b486758f25e": ["10", "org.totschnig.myexpenses.AccountEdit"]}, {"8b84c9991ecfefd8cde43bb67f673e1b": ["11", "org.totschnig.myexpenses.AccountEdit"]}, {"a2c23685dc5817b9feb60b486758f25e": ["10", "org.totschnig.myexpenses.AccountEdit"]}, {"a2c23685dc5817b9feb60b486758f25e": ["10", "org.totschnig.myexpenses.AccountEdit"]}, {"e87d6f680036de5f3a809cecb5e34ba2": ["9", "org.totschnig.myexpenses.ManageAccounts"]}, {"a2c23685dc5817b9feb60b486758f25e": ["10", "org.totschnig.myexpenses.AccountEdit"]}, {"8b84c9991ecfefd8cde43bb67f673e1b": ["11", "org.totschnig.myexpenses.AccountEdit"]}, {"a2c23685dc5817b9feb60b486758f25e": ["10", "org.totschnig.myexpenses.AccountEdit"]}, {"e87d6f680036de5f3a809cecb5e34ba2": ["9", "org.totschnig.myexpenses.ManageAccounts"]}, {"a2c23685dc5817b9feb60b486758f25e": ["10", "org.totschnig.myexpenses.AccountEdit"]}, {"a2c23685dc5817b9feb60b486758f25e": ["10", "org.totschnig.myexpenses.AccountEdit"]}, {"a2c23685dc5817b9feb60b486758f25e": ["10", "org.totschnig.myexpenses.AccountEdit"]}, {"a2c23685dc5817b9feb60b486758f25e": ["10", "org.totschnig.myexpenses.AccountEdit"]}, {"e87d6f680036de5f3a809cecb5e34ba2": ["9", "org.totschnig.myexpenses.ManageAccounts"]}, {"a2c23685dc5817b9feb60b486758f25e": ["10", "org.totschnig.myexpenses.AccountEdit"]}, {"e87d6f680036de5f3a809cecb5e34ba2": ["9", "org.totschnig.myexpenses.ManageAccounts"]}, {"a2c23685dc5817b9feb60b486758f25e": ["10", "org.totschnig.myexpenses.AccountEdit"]}, {"a2c23685dc5817b9feb60b486758f25e": ["10", "org.totschnig.myexpenses.AccountEdit"]}, {"c178379772d3bcd3f448c7c4b65f8861": ["12", "org.totschnig.myexpenses.AccountEdit"]}, {"a2c23685dc5817b9feb60b486758f25e": ["10", "org.totschnig.myexpenses.AccountEdit"]}, {"8b84c9991ecfefd8cde43bb67f673e1b": ["11", "org.totschnig.myexpenses.AccountEdit"]}, {"a2c23685dc5817b9feb60b486758f25e": ["10", "org.totschnig.myexpenses.AccountEdit"]}, {"e87d6f680036de5f3a809cecb5e34ba2": ["9", "org.totschnig.myexpenses.ManageAccounts"]}, {"a2c23685dc5817b9feb60b486758f25e": ["10", "org.totschnig.myexpenses.AccountEdit"]}, {"c178379772d3bcd3f448c7c4b65f8861": ["12", "org.totschnig.myexpenses.AccountEdit"]}, {"a2c23685dc5817b9feb60b486758f25e": ["10", "org.totschnig.myexpenses.AccountEdit"]}, {"a2c23685dc5817b9feb60b486758f25e": ["10", "org.totschnig.myexpenses.AccountEdit"]}, {"c178379772d3bcd3f448c7c4b65f8861": ["12", "org.totschnig.myexpenses.AccountEdit"]}, {"a2c23685dc5817b9feb60b486758f25e": ["10", "org.totschnig.myexpenses.AccountEdit"]}, {"e87d6f680036de5f3a809cecb5e34ba2": ["9", "org.totschnig.myexpenses.ManageAccounts"]}, {"a2c23685dc5817b9feb60b486758f25e": ["10", "org.totschnig.myexpenses.AccountEdit"]}, {"e87d6f680036de5f3a809cecb5e34ba2": ["9", "org.totschnig.myexpenses.ManageAccounts"]}, {"a2c23685dc5817b9feb60b486758f25e": ["10", "org.totschnig.myexpenses.AccountEdit"]}, {"65d777aa1a903cf31f3afe88b6678a04": ["37", "org.totschnig.myexpenses.AccountEdit"]}, {"a2c23685dc5817b9feb60b486758f25e": ["10", "org.totschnig.myexpenses.AccountEdit"]}, {"e87d6f680036de5f3a809cecb5e34ba2": ["9", "org.totschnig.myexpenses.ManageAccounts"]}, {"a2c23685dc5817b9feb60b486758f25e": ["10", "org.totschnig.myexpenses.AccountEdit"]}, {"a2c23685dc5817b9feb60b486758f25e": ["10", "org.totschnig.myexpenses.AccountEdit"]}, {"8b84c9991ecfefd8cde43bb67f673e1b": ["11", "org.totschnig.myexpenses.AccountEdit"]}, {"a2c23685dc5817b9feb60b486758f25e": ["10", "org.totschnig.myexpenses.AccountEdit"]}, {"c178379772d3bcd3f448c7c4b65f8861": ["12", "org.totschnig.myexpenses.AccountEdit"]}, {"a2c23685dc5817b9feb60b486758f25e": ["10", "org.totschnig.myexpenses.AccountEdit"]}, {"8b84c9991ecfefd8cde43bb67f673e1b": ["11", "org.totschnig.myexpenses.AccountEdit"]}, {"a2c23685dc5817b9feb60b486758f25e": ["10", "org.totschnig.myexpenses.AccountEdit"]}, {"e87d6f680036de5f3a809cecb5e34ba2": ["9", "org.totschnig.myexpenses.ManageAccounts"]}, {"a2c23685dc5817b9feb60b486758f25e": ["10", "org.totschnig.myexpenses.AccountEdit"]}, {"8b84c9991ecfefd8cde43bb67f673e1b": ["11", "org.totschnig.myexpenses.AccountEdit"]}, {"a2c23685dc5817b9feb60b486758f25e": ["10", "org.totschnig.myexpenses.AccountEdit"]}, {"a2c23685dc5817b9feb60b486758f25e": ["10", "org.totschnig.myexpenses.AccountEdit"]}, {"a2c23685dc5817b9feb60b486758f25e": ["10", "org.totschnig.myexpenses.AccountEdit"]}, {"e87d6f680036de5f3a809cecb5e34ba2": ["9", "org.totschnig.myexpenses.ManageAccounts"]}, {"a2c23685dc5817b9feb60b486758f25e": ["10", "org.totschnig.myexpenses.AccountEdit"]}, {"e87d6f680036de5f3a809cecb5e34ba2": ["9", "org.totschnig.myexpenses.ManageAccounts"]}, {"a2c23685dc5817b9feb60b486758f25e": ["10", "org.totschnig.myexpenses.AccountEdit"]}, {"c178379772d3bcd3f448c7c4b65f8861": ["12", "org.totschnig.myexpenses.AccountEdit"]}, {"e87d6f680036de5f3a809cecb5e34ba2": ["9", "org.totschnig.myexpenses.ManageAccounts"]}, {"a2c23685dc5817b9feb60b486758f25e": ["10", "org.totschnig.myexpenses.AccountEdit"]}, {"e87d6f680036de5f3a809cecb5e34ba2": ["9", "org.totschnig.myexpenses.ManageAccounts"]}, {"e87d6f680036de5f3a809cecb5e34ba2": ["9", "org.totschnig.myexpenses.ManageAccounts"]}, {"a2c23685dc5817b9feb60b486758f25e": ["10", "org.totschnig.myexpenses.AccountEdit"]}, {"a2c23685dc5817b9feb60b486758f25e": ["10", "org.totschnig.myexpenses.AccountEdit"]}, {"a2c23685dc5817b9feb60b486758f25e": ["10", "org.totschnig.myexpenses.AccountEdit"]}, {"a2c23685dc5817b9feb60b486758f25e": ["10", "org.totschnig.myexpenses.AccountEdit"]}, {"c178379772d3bcd3f448c7c4b65f8861": ["12", "org.totschnig.myexpenses.AccountEdit"]}, {"a2c23685dc5817b9feb60b486758f25e": ["10", "org.totschnig.myexpenses.AccountEdit"]}, {"c178379772d3bcd3f448c7c4b65f8861": ["12", "org.totschnig.myexpenses.AccountEdit"]}, {"a2c23685dc5817b9feb60b486758f25e": ["10", "org.totschnig.myexpenses.AccountEdit"]}, {"c178379772d3bcd3f448c7c4b65f8861": ["12", "org.totschnig.myexpenses.AccountEdit"]}, {"a2c23685dc5817b9feb60b486758f25e": ["10", "org.totschnig.myexpenses.AccountEdit"]}, {"c178379772d3bcd3f448c7c4b65f8861": ["12", "org.totschnig.myexpenses.AccountEdit"]}, {"a2c23685dc5817b9feb60b486758f25e": ["10", "org.totschnig.myexpenses.AccountEdit"]}, {"c178379772d3bcd3f448c7c4b65f8861": ["12", "org.totschnig.myexpenses.AccountEdit"]}, {"a2c23685dc5817b9feb60b486758f25e": ["10", "org.totschnig.myexpenses.AccountEdit"]}, {"a2c23685dc5817b9feb60b486758f25e": ["10", "org.totschnig.myexpenses.AccountEdit"]}, {"a2c23685dc5817b9feb60b486758f25e": ["10", "org.totschnig.myexpenses.AccountEdit"]}, {"a2c23685dc5817b9feb60b486758f25e": ["10", "org.totschnig.myexpenses.AccountEdit"]}, {"a628e2422cfd4db5ed9c150ced52a673": ["52", "org.totschnig.myexpenses.MyPreferenceActivity"]}, {"b8fe36e76c0b82997ef986f636939c22": ["16", "org.totschnig.myexpenses.ManageMethods"]}, {"f5efcee9b712a0cbd339c96fc05bcd9a": ["17", "org.totschnig.myexpenses.MethodEdit"]}, {"4969a92f21cb7e52ea76e2f3df56db6c": ["18", "org.totschnig.myexpenses.MethodEdit"]}, {"f5efcee9b712a0cbd339c96fc05bcd9a": ["17", "org.totschnig.myexpenses.MethodEdit"]}, {"4969a92f21cb7e52ea76e2f3df56db6c": ["18", "org.totschnig.myexpenses.MethodEdit"]}, {"b8fe36e76c0b82997ef986f636939c22": ["16", "org.totschnig.myexpenses.ManageMethods"]}, {"f5efcee9b712a0cbd339c96fc05bcd9a": ["17", "org.totschnig.myexpenses.MethodEdit"]}, {"c7cde986b66d7ba6f5678b893ddda7c2": ["19", "org.totschnig.myexpenses.ManageMethods"]}, {"f5efcee9b712a0cbd339c96fc05bcd9a": ["17", "org.totschnig.myexpenses.MethodEdit"]}, {"4969a92f21cb7e52ea76e2f3df56db6c": ["18", "org.totschnig.myexpenses.MethodEdit"]}, {"f5efcee9b712a0cbd339c96fc05bcd9a": ["17", "org.totschnig.myexpenses.MethodEdit"]}, {"4969a92f21cb7e52ea76e2f3df56db6c": ["18", "org.totschnig.myexpenses.MethodEdit"]}, {"f5efcee9b712a0cbd339c96fc05bcd9a": ["17", "org.totschnig.myexpenses.MethodEdit"]}, {"c7cde986b66d7ba6f5678b893ddda7c2": ["19", "org.totschnig.myexpenses.ManageMethods"]}, {"c7cde986b66d7ba6f5678b893ddda7c2": ["19", "org.totschnig.myexpenses.ManageMethods"]}, {"f5efcee9b712a0cbd339c96fc05bcd9a": ["17", "org.totschnig.myexpenses.MethodEdit"]}, {"c7cde986b66d7ba6f5678b893ddda7c2": ["19", "org.totschnig.myexpenses.ManageMethods"]}, {"f5efcee9b712a0cbd339c96fc05bcd9a": ["17", "org.totschnig.myexpenses.MethodEdit"]}, {"c7cde986b66d7ba6f5678b893ddda7c2": ["19", "org.totschnig.myexpenses.ManageMethods"]}, {"f5efcee9b712a0cbd339c96fc05bcd9a": ["17", "org.totschnig.myexpenses.MethodEdit"]}, {"c7cde986b66d7ba6f5678b893ddda7c2": ["19", "org.totschnig.myexpenses.ManageMethods"]}, {"f5efcee9b712a0cbd339c96fc05bcd9a": ["17", "org.totschnig.myexpenses.MethodEdit"]}, {"4969a92f21cb7e52ea76e2f3df56db6c": ["18", "org.totschnig.myexpenses.MethodEdit"]}, {"f5efcee9b712a0cbd339c96fc05bcd9a": ["17", "org.totschnig.myexpenses.MethodEdit"]}, {"f5efcee9b712a0cbd339c96fc05bcd9a": ["17", "org.totschnig.myexpenses.MethodEdit"]}, {"c7cde986b66d7ba6f5678b893ddda7c2": ["19", "org.totschnig.myexpenses.ManageMethods"]}, {"f5efcee9b712a0cbd339c96fc05bcd9a": ["17", "org.totschnig.myexpenses.MethodEdit"]}, {"4f38e891a76c3f97181f928e70cd74cc": ["48", "org.totschnig.myexpenses.MyPreferenceActivity"]}, {"4f38e891a76c3f97181f928e70cd74cc": ["48", "org.totschnig.myexpenses.MyPreferenceActivity"]}, {"1e89c8fc65cb14a4161554a9fc7656bd": ["41", "org.totschnig.myexpenses.MyPreferenceActivity"]}, {"1e89c8fc65cb14a4161554a9fc7656bd": ["41", "org.totschnig.myexpenses.MyPreferenceActivity"]}, {"6cd73ae9adef9b5e89ffac6faac368ff": ["21", "org.totschnig.myexpenses.GrisbiImport"]}, {"6cd73ae9adef9b5e89ffac6faac368ff": ["21", "org.totschnig.myexpenses.GrisbiImport"]}, {"6cd73ae9adef9b5e89ffac6faac368ff": ["21", "org.totschnig.myexpenses.GrisbiImport"]}, {"6cd73ae9adef9b5e89ffac6faac368ff": ["21", "org.totschnig.myexpenses.GrisbiImport"]}, {"6cd73ae9adef9b5e89ffac6faac368ff": ["21", "org.totschnig.myexpenses.GrisbiImport"]}, {"6cd73ae9adef9b5e89ffac6faac368ff": ["21", "org.totschnig.myexpenses.GrisbiImport"]}, {"6cd73ae9adef9b5e89ffac6faac368ff": ["21", "org.totschnig.myexpenses.GrisbiImport"]}, {"6cd73ae9adef9b5e89ffac6faac368ff": ["21", "org.totschnig.myexpenses.GrisbiImport"]}, {"6cd73ae9adef9b5e89ffac6faac368ff": ["21", "org.totschnig.myexpenses.GrisbiImport"]}, {"6cd73ae9adef9b5e89ffac6faac368ff": ["21", "org.totschnig.myexpenses.GrisbiImport"]}, {"6cd73ae9adef9b5e89ffac6faac368ff": ["21", "org.totschnig.myexpenses.GrisbiImport"]}, {"1e89c8fc65cb14a4161554a9fc7656bd": ["41", "org.totschnig.myexpenses.MyPreferenceActivity"]}, {"6cd73ae9adef9b5e89ffac6faac368ff": ["21", "org.totschnig.myexpenses.GrisbiImport"]}, {"6cd73ae9adef9b5e89ffac6faac368ff": ["21", "org.totschnig.myexpenses.GrisbiImport"]}, {"1e89c8fc65cb14a4161554a9fc7656bd": ["41", "org.totschnig.myexpenses.MyPreferenceActivity"]}, {"6cd73ae9adef9b5e89ffac6faac368ff": ["21", "org.totschnig.myexpenses.GrisbiImport"]}, {"6cd73ae9adef9b5e89ffac6faac368ff": ["21", "org.totschnig.myexpenses.GrisbiImport"]}, {"6cd73ae9adef9b5e89ffac6faac368ff": ["21", "org.totschnig.myexpenses.GrisbiImport"]}, {"6cd73ae9adef9b5e89ffac6faac368ff": ["21", "org.totschnig.myexpenses.GrisbiImport"]}, {"6cd73ae9adef9b5e89ffac6faac368ff": ["21", "org.totschnig.myexpenses.GrisbiImport"]}, {"1e89c8fc65cb14a4161554a9fc7656bd": ["41", "org.totschnig.myexpenses.MyPreferenceActivity"]}, {"6cd73ae9adef9b5e89ffac6faac368ff": ["21", "org.totschnig.myexpenses.GrisbiImport"]}, {"6cd73ae9adef9b5e89ffac6faac368ff": ["21", "org.totschnig.myexpenses.GrisbiImport"]}, {"6cd73ae9adef9b5e89ffac6faac368ff": ["21", "org.totschnig.myexpenses.GrisbiImport"]}, {"6cd73ae9adef9b5e89ffac6faac368ff": ["21", "org.totschnig.myexpenses.GrisbiImport"]}, {"6cd73ae9adef9b5e89ffac6faac368ff": ["21", "org.totschnig.myexpenses.GrisbiImport"]}, {"6cd73ae9adef9b5e89ffac6faac368ff": ["21", "org.totschnig.myexpenses.GrisbiImport"]}, {"6cd73ae9adef9b5e89ffac6faac368ff": ["21", "org.totschnig.myexpenses.GrisbiImport"]}, {"6cd73ae9adef9b5e89ffac6faac368ff": ["21", "org.totschnig.myexpenses.GrisbiImport"]}, {"6cd73ae9adef9b5e89ffac6faac368ff": ["21", "org.totschnig.myexpenses.GrisbiImport"]}, {"6cd73ae9adef9b5e89ffac6faac368ff": ["21", "org.totschnig.myexpenses.GrisbiImport"]}, {"1e89c8fc65cb14a4161554a9fc7656bd": ["41", "org.totschnig.myexpenses.MyPreferenceActivity"]}, {"ca75a1d734d02fc4aeac19f2812aa939": ["44", "org.totschnig.myexpenses.MyPreferenceActivity"]}, {"1e89c8fc65cb14a4161554a9fc7656bd": ["41", "org.totschnig.myexpenses.MyPreferenceActivity"]}, {"6cd73ae9adef9b5e89ffac6faac368ff": ["21", "org.totschnig.myexpenses.GrisbiImport"]}, {"6cd73ae9adef9b5e89ffac6faac368ff": ["21", "org.totschnig.myexpenses.GrisbiImport"]}, {"6cd73ae9adef9b5e89ffac6faac368ff": ["21", "org.totschnig.myexpenses.GrisbiImport"]}, {"6cd73ae9adef9b5e89ffac6faac368ff": ["21", "org.totschnig.myexpenses.GrisbiImport"]}, {"6cd73ae9adef9b5e89ffac6faac368ff": ["21", "org.totschnig.myexpenses.GrisbiImport"]}, {"6cd73ae9adef9b5e89ffac6faac368ff": ["21", "org.totschnig.myexpenses.GrisbiImport"]}, {"6cd73ae9adef9b5e89ffac6faac368ff": ["21", "org.totschnig.myexpenses.GrisbiImport"]}, {"6cd73ae9adef9b5e89ffac6faac368ff": ["21", "org.totschnig.myexpenses.GrisbiImport"]}, {"6cd73ae9adef9b5e89ffac6faac368ff": ["21", "org.totschnig.myexpenses.GrisbiImport"]}, {"6cd73ae9adef9b5e89ffac6faac368ff": ["21", "org.totschnig.myexpenses.GrisbiImport"]}, {"6cd73ae9adef9b5e89ffac6faac368ff": ["21", "org.totschnig.myexpenses.GrisbiImport"]}, {"6cd73ae9adef9b5e89ffac6faac368ff": ["21", "org.totschnig.myexpenses.GrisbiImport"]}, {"6cd73ae9adef9b5e89ffac6faac368ff": ["21", "org.totschnig.myexpenses.GrisbiImport"]}, {"1e89c8fc65cb14a4161554a9fc7656bd": ["41", "org.totschnig.myexpenses.MyPreferenceActivity"]}, {"1e89c8fc65cb14a4161554a9fc7656bd": ["41", "org.totschnig.myexpenses.MyPreferenceActivity"]}, {"b1eba837f742351413810e756c8edeae": ["8", "org.totschnig.myexpenses.MyPreferenceActivity"]}, {"b1eba837f742351413810e756c8edeae": ["8", "org.totschnig.myexpenses.MyPreferenceActivity"]}, {"e87d6f680036de5f3a809cecb5e34ba2": ["9", "org.totschnig.myexpenses.ManageAccounts"]}, {"a2c23685dc5817b9feb60b486758f25e": ["10", "org.totschnig.myexpenses.AccountEdit"]}, {"e87d6f680036de5f3a809cecb5e34ba2": ["9", "org.totschnig.myexpenses.ManageAccounts"]}, {"a2c23685dc5817b9feb60b486758f25e": ["10", "org.totschnig.myexpenses.AccountEdit"]}, {"c178379772d3bcd3f448c7c4b65f8861": ["12", "org.totschnig.myexpenses.AccountEdit"]}, {"a2c23685dc5817b9feb60b486758f25e": ["10", "org.totschnig.myexpenses.AccountEdit"]}, {"c178379772d3bcd3f448c7c4b65f8861": ["12", "org.totschnig.myexpenses.AccountEdit"]}, {"e87d6f680036de5f3a809cecb5e34ba2": ["9", "org.totschnig.myexpenses.ManageAccounts"]}, {"a2c23685dc5817b9feb60b486758f25e": ["10", "org.totschnig.myexpenses.AccountEdit"]}, {"e87d6f680036de5f3a809cecb5e34ba2": ["9", "org.totschnig.myexpenses.ManageAccounts"]}, {"e87d6f680036de5f3a809cecb5e34ba2": ["9", "org.totschnig.myexpenses.ManageAccounts"]}, {"a2c23685dc5817b9feb60b486758f25e": ["10", "org.totschnig.myexpenses.AccountEdit"]}, {"e87d6f680036de5f3a809cecb5e34ba2": ["9", "org.totschnig.myexpenses.ManageAccounts"]}, {"a2c23685dc5817b9feb60b486758f25e": ["10", "org.totschnig.myexpenses.AccountEdit"]}, {"a2c23685dc5817b9feb60b486758f25e": ["10", "org.totschnig.myexpenses.AccountEdit"]}, {"e87d6f680036de5f3a809cecb5e34ba2": ["9", "org.totschnig.myexpenses.ManageAccounts"]}, {"a2c23685dc5817b9feb60b486758f25e": ["10", "org.totschnig.myexpenses.AccountEdit"]}, {"8b84c9991ecfefd8cde43bb67f673e1b": ["11", "org.totschnig.myexpenses.AccountEdit"]}, {"a2c23685dc5817b9feb60b486758f25e": ["10", "org.totschnig.myexpenses.AccountEdit"]}, {"a2c23685dc5817b9feb60b486758f25e": ["10", "org.totschnig.myexpenses.AccountEdit"]}, {"a2c23685dc5817b9feb60b486758f25e": ["10", "org.totschnig.myexpenses.AccountEdit"]}, {"65d777aa1a903cf31f3afe88b6678a04": ["37", "org.totschnig.myexpenses.AccountEdit"]}, {"a2c23685dc5817b9feb60b486758f25e": ["10", "org.totschnig.myexpenses.AccountEdit"]}, {"a2c23685dc5817b9feb60b486758f25e": ["10", "org.totschnig.myexpenses.AccountEdit"]}, {"c178379772d3bcd3f448c7c4b65f8861": ["12", "org.totschnig.myexpenses.AccountEdit"]}, {"a2c23685dc5817b9feb60b486758f25e": ["10", "org.totschnig.myexpenses.AccountEdit"]}, {"a2c23685dc5817b9feb60b486758f25e": ["10", "org.totschnig.myexpenses.AccountEdit"]}, {"a2c23685dc5817b9feb60b486758f25e": ["10", "org.totschnig.myexpenses.AccountEdit"]}, {"a2c23685dc5817b9feb60b486758f25e": ["10", "org.totschnig.myexpenses.AccountEdit"]}, {"a2c23685dc5817b9feb60b486758f25e": ["10", "org.totschnig.myexpenses.AccountEdit"]}, {"e87d6f680036de5f3a809cecb5e34ba2": ["9", "org.totschnig.myexpenses.ManageAccounts"]}, {"a2c23685dc5817b9feb60b486758f25e": ["10", "org.totschnig.myexpenses.AccountEdit"]}, {"8b84c9991ecfefd8cde43bb67f673e1b": ["11", "org.totschnig.myexpenses.AccountEdit"]}, {"a2c23685dc5817b9feb60b486758f25e": ["10", "org.totschnig.myexpenses.AccountEdit"]}, {"e87d6f680036de5f3a809cecb5e34ba2": ["9", "org.totschnig.myexpenses.ManageAccounts"]}, {"a2c23685dc5817b9feb60b486758f25e": ["10", "org.totschnig.myexpenses.AccountEdit"]}, {"a2c23685dc5817b9feb60b486758f25e": ["10", "org.totschnig.myexpenses.AccountEdit"]}, {"a2c23685dc5817b9feb60b486758f25e": ["10", "org.totschnig.myexpenses.AccountEdit"]}, {"e87d6f680036de5f3a809cecb5e34ba2": ["9", "org.totschnig.myexpenses.ManageAccounts"]}, {"a2c23685dc5817b9feb60b486758f25e": ["10", "org.totschnig.myexpenses.AccountEdit"]}, {"e87d6f680036de5f3a809cecb5e34ba2": ["9", "org.totschnig.myexpenses.ManageAccounts"]}, {"e87d6f680036de5f3a809cecb5e34ba2": ["9", "org.totschnig.myexpenses.ManageAccounts"]}, {"a2c23685dc5817b9feb60b486758f25e": ["10", "org.totschnig.myexpenses.AccountEdit"]}, {"65d777aa1a903cf31f3afe88b6678a04": ["37", "org.totschnig.myexpenses.AccountEdit"]}, {"a2c23685dc5817b9feb60b486758f25e": ["10", "org.totschnig.myexpenses.AccountEdit"]}, {"e87d6f680036de5f3a809cecb5e34ba2": ["9", "org.totschnig.myexpenses.ManageAccounts"]}, {"a2c23685dc5817b9feb60b486758f25e": ["10", "org.totschnig.myexpenses.AccountEdit"]}, {"8b84c9991ecfefd8cde43bb67f673e1b": ["11", "org.totschnig.myexpenses.AccountEdit"]}, {"a2c23685dc5817b9feb60b486758f25e": ["10", "org.totschnig.myexpenses.AccountEdit"]}, {"e87d6f680036de5f3a809cecb5e34ba2": ["9", "org.totschnig.myexpenses.ManageAccounts"]}, {"a2c23685dc5817b9feb60b486758f25e": ["10", "org.totschnig.myexpenses.AccountEdit"]}, {"c178379772d3bcd3f448c7c4b65f8861": ["12", "org.totschnig.myexpenses.AccountEdit"]}, {"a2c23685dc5817b9feb60b486758f25e": ["10", "org.totschnig.myexpenses.AccountEdit"]}, {"e87d6f680036de5f3a809cecb5e34ba2": ["9", "org.totschnig.myexpenses.ManageAccounts"]}, {"a2c23685dc5817b9feb60b486758f25e": ["10", "org.totschnig.myexpenses.AccountEdit"]}, {"c178379772d3bcd3f448c7c4b65f8861": ["12", "org.totschnig.myexpenses.AccountEdit"]}, {"a2c23685dc5817b9feb60b486758f25e": ["10", "org.totschnig.myexpenses.AccountEdit"]}, {"a2c23685dc5817b9feb60b486758f25e": ["10", "org.totschnig.myexpenses.AccountEdit"]}, {"8b84c9991ecfefd8cde43bb67f673e1b": ["11", "org.totschnig.myexpenses.AccountEdit"]}, {"a2c23685dc5817b9feb60b486758f25e": ["10", "org.totschnig.myexpenses.AccountEdit"]}, {"e87d6f680036de5f3a809cecb5e34ba2": ["9", "org.totschnig.myexpenses.ManageAccounts"]}, {"a2c23685dc5817b9feb60b486758f25e": ["10", "org.totschnig.myexpenses.AccountEdit"]}, {"8b84c9991ecfefd8cde43bb67f673e1b": ["11", "org.totschnig.myexpenses.AccountEdit"]}, {"a2c23685dc5817b9feb60b486758f25e": ["10", "org.totschnig.myexpenses.AccountEdit"]}, {"1e18b645271e6ff1f7e756ba32a7c69d": ["53", "org.totschnig.myexpenses.MyPreferenceActivity"]}, {"c7cde986b66d7ba6f5678b893ddda7c2": ["19", "org.totschnig.myexpenses.ManageMethods"]}, {"f5efcee9b712a0cbd339c96fc05bcd9a": ["17", "org.totschnig.myexpenses.MethodEdit"]}, {"c7cde986b66d7ba6f5678b893ddda7c2": ["19", "org.totschnig.myexpenses.ManageMethods"]}, {"f5efcee9b712a0cbd339c96fc05bcd9a": ["17", "org.totschnig.myexpenses.MethodEdit"]}, {"c7cde986b66d7ba6f5678b893ddda7c2": ["19", "org.totschnig.myexpenses.ManageMethods"]}, {"f5efcee9b712a0cbd339c96fc05bcd9a": ["17", "org.totschnig.myexpenses.MethodEdit"]}, {"4969a92f21cb7e52ea76e2f3df56db6c": ["18", "org.totschnig.myexpenses.MethodEdit"]}, {"f5efcee9b712a0cbd339c96fc05bcd9a": ["17", "org.totschnig.myexpenses.MethodEdit"]}, {"f5efcee9b712a0cbd339c96fc05bcd9a": ["17", "org.totschnig.myexpenses.MethodEdit"]}, {"4969a92f21cb7e52ea76e2f3df56db6c": ["18", "org.totschnig.myexpenses.MethodEdit"]}, {"f5efcee9b712a0cbd339c96fc05bcd9a": ["17", "org.totschnig.myexpenses.MethodEdit"]}, {"c7cde986b66d7ba6f5678b893ddda7c2": ["19", "org.totschnig.myexpenses.ManageMethods"]}, {"f5efcee9b712a0cbd339c96fc05bcd9a": ["17", "org.totschnig.myexpenses.MethodEdit"]}, {"c7cde986b66d7ba6f5678b893ddda7c2": ["19", "org.totschnig.myexpenses.ManageMethods"]}, {"f5efcee9b712a0cbd339c96fc05bcd9a": ["17", "org.totschnig.myexpenses.MethodEdit"]}, {"f5efcee9b712a0cbd339c96fc05bcd9a": ["17", "org.totschnig.myexpenses.MethodEdit"]}, {"c7cde986b66d7ba6f5678b893ddda7c2": ["19", "org.totschnig.myexpenses.ManageMethods"]}, {"f5efcee9b712a0cbd339c96fc05bcd9a": ["17", "org.totschnig.myexpenses.MethodEdit"]}, {"c7cde986b66d7ba6f5678b893ddda7c2": ["19", "org.totschnig.myexpenses.ManageMethods"]}]