[{"04ea909e3cc0f04fc67d1addf672dae0": ["6", "org.liberty.android.fantastischmemo.MainTabs"]}, {"04ea909e3cc0f04fc67d1addf672dae0": ["6", "org.liberty.android.fantastischmemo.MainTabs"]}, {"9ff21d96f0efc4a762e2f91a567a7f15": ["7", "org.liberty.android.fantastischmemo.cardscreen.MemoScreen"]}, {"2d8c1ac734fb1eb8a62179f8c52665bb": ["8", "org.liberty.android.fantastischmemo.cardscreen.MemoScreen"]}, {"cc565b74b2c81856f4cf4061bab06907": ["25", "org.liberty.android.fantastischmemo.cardscreen.MemoScreen"]}, {"2d8c1ac734fb1eb8a62179f8c52665bb": ["8", "org.liberty.android.fantastischmemo.cardscreen.MemoScreen"]}, {"2d8c1ac734fb1eb8a62179f8c52665bb": ["8", "org.liberty.android.fantastischmemo.cardscreen.MemoScreen"]}, {"26c015d0dd764c6e0d033bb7782f383a": ["9", "org.liberty.android.fantastischmemo.cardscreen.MemoScreen"]}, {"2d8c1ac734fb1eb8a62179f8c52665bb": ["8", "org.liberty.android.fantastischmemo.cardscreen.MemoScreen"]}, {"2d8c1ac734fb1eb8a62179f8c52665bb": ["8", "org.liberty.android.fantastischmemo.cardscreen.MemoScreen"]}, {"2d8c1ac734fb1eb8a62179f8c52665bb": ["8", "org.liberty.android.fantastischmemo.cardscreen.MemoScreen"]}, {"9ff21d96f0efc4a762e2f91a567a7f15": ["7", "org.liberty.android.fantastischmemo.cardscreen.MemoScreen"]}, {"9ff21d96f0efc4a762e2f91a567a7f15": ["7", "org.liberty.android.fantastischmemo.cardscreen.MemoScreen"]}, {"2d8c1ac734fb1eb8a62179f8c52665bb": ["8", "org.liberty.android.fantastischmemo.cardscreen.MemoScreen"]}, {"2d8c1ac734fb1eb8a62179f8c52665bb": ["8", "org.liberty.android.fantastischmemo.cardscreen.MemoScreen"]}, {"2d8c1ac734fb1eb8a62179f8c52665bb": ["8", "org.liberty.android.fantastischmemo.cardscreen.MemoScreen"]}, {"cc565b74b2c81856f4cf4061bab06907": ["25", "org.liberty.android.fantastischmemo.cardscreen.MemoScreen"]}, {"2d8c1ac734fb1eb8a62179f8c52665bb": ["8", "org.liberty.android.fantastischmemo.cardscreen.MemoScreen"]}, {"2d8c1ac734fb1eb8a62179f8c52665bb": ["8", "org.liberty.android.fantastischmemo.cardscreen.MemoScreen"]}, {"2d8c1ac734fb1eb8a62179f8c52665bb": ["8", "org.liberty.android.fantastischmemo.cardscreen.MemoScreen"]}, {"2d8c1ac734fb1eb8a62179f8c52665bb": ["8", "org.liberty.android.fantastischmemo.cardscreen.MemoScreen"]}, {"9ff21d96f0efc4a762e2f91a567a7f15": ["7", "org.liberty.android.fantastischmemo.cardscreen.MemoScreen"]}, {"2d8c1ac734fb1eb8a62179f8c52665bb": ["8", "org.liberty.android.fantastischmemo.cardscreen.MemoScreen"]}, {"2d8c1ac734fb1eb8a62179f8c52665bb": ["8", "org.liberty.android.fantastischmemo.cardscreen.MemoScreen"]}, {"9ff21d96f0efc4a762e2f91a567a7f15": ["7", "org.liberty.android.fantastischmemo.cardscreen.MemoScreen"]}, {"2d8c1ac734fb1eb8a62179f8c52665bb": ["8", "org.liberty.android.fantastischmemo.cardscreen.MemoScreen"]}, {"2d8c1ac734fb1eb8a62179f8c52665bb": ["8", "org.liberty.android.fantastischmemo.cardscreen.MemoScreen"]}, {"2d8c1ac734fb1eb8a62179f8c52665bb": ["8", "org.liberty.android.fantastischmemo.cardscreen.MemoScreen"]}, {"cc565b74b2c81856f4cf4061bab06907": ["25", "org.liberty.android.fantastischmemo.cardscreen.MemoScreen"]}, {"2d8c1ac734fb1eb8a62179f8c52665bb": ["8", "org.liberty.android.fantastischmemo.cardscreen.MemoScreen"]}, {"2d8c1ac734fb1eb8a62179f8c52665bb": ["8", "org.liberty.android.fantastischmemo.cardscreen.MemoScreen"]}, {"2d8c1ac734fb1eb8a62179f8c52665bb": ["8", "org.liberty.android.fantastischmemo.cardscreen.MemoScreen"]}, {"2d8c1ac734fb1eb8a62179f8c52665bb": ["8", "org.liberty.android.fantastischmemo.cardscreen.MemoScreen"]}, {"9ff21d96f0efc4a762e2f91a567a7f15": ["7", "org.liberty.android.fantastischmemo.cardscreen.MemoScreen"]}, {"9ff21d96f0efc4a762e2f91a567a7f15": ["7", "org.liberty.android.fantastischmemo.cardscreen.MemoScreen"]}, {"2d8c1ac734fb1eb8a62179f8c52665bb": ["8", "org.liberty.android.fantastischmemo.cardscreen.MemoScreen"]}, {"2d8c1ac734fb1eb8a62179f8c52665bb": ["8", "org.liberty.android.fantastischmemo.cardscreen.MemoScreen"]}, {"2d8c1ac734fb1eb8a62179f8c52665bb": ["8", "org.liberty.android.fantastischmemo.cardscreen.MemoScreen"]}, {"cc565b74b2c81856f4cf4061bab06907": ["25", "org.liberty.android.fantastischmemo.cardscreen.MemoScreen"]}, {"2d8c1ac734fb1eb8a62179f8c52665bb": ["8", "org.liberty.android.fantastischmemo.cardscreen.MemoScreen"]}, {"2d8c1ac734fb1eb8a62179f8c52665bb": ["8", "org.liberty.android.fantastischmemo.cardscreen.MemoScreen"]}, {"2d8c1ac734fb1eb8a62179f8c52665bb": ["8", "org.liberty.android.fantastischmemo.cardscreen.MemoScreen"]}, {"2d8c1ac734fb1eb8a62179f8c52665bb": ["8", "org.liberty.android.fantastischmemo.cardscreen.MemoScreen"]}, {"9ff21d96f0efc4a762e2f91a567a7f15": ["7", "org.liberty.android.fantastischmemo.cardscreen.MemoScreen"]}, {"2d8c1ac734fb1eb8a62179f8c52665bb": ["8", "org.liberty.android.fantastischmemo.cardscreen.MemoScreen"]}, {"2d8c1ac734fb1eb8a62179f8c52665bb": ["8", "org.liberty.android.fantastischmemo.cardscreen.MemoScreen"]}, {"9ff21d96f0efc4a762e2f91a567a7f15": ["7", "org.liberty.android.fantastischmemo.cardscreen.MemoScreen"]}, {"2d8c1ac734fb1eb8a62179f8c52665bb": ["8", "org.liberty.android.fantastischmemo.cardscreen.MemoScreen"]}, {"2d8c1ac734fb1eb8a62179f8c52665bb": ["8", "org.liberty.android.fantastischmemo.cardscreen.MemoScreen"]}, {"2d8c1ac734fb1eb8a62179f8c52665bb": ["8", "org.liberty.android.fantastischmemo.cardscreen.MemoScreen"]}, {"cc565b74b2c81856f4cf4061bab06907": ["25", "org.liberty.android.fantastischmemo.cardscreen.MemoScreen"]}, {"2d8c1ac734fb1eb8a62179f8c52665bb": ["8", "org.liberty.android.fantastischmemo.cardscreen.MemoScreen"]}, {"2d8c1ac734fb1eb8a62179f8c52665bb": ["8", "org.liberty.android.fantastischmemo.cardscreen.MemoScreen"]}, {"2d8c1ac734fb1eb8a62179f8c52665bb": ["8", "org.liberty.android.fantastischmemo.cardscreen.MemoScreen"]}, {"2d8c1ac734fb1eb8a62179f8c52665bb": ["8", "org.liberty.android.fantastischmemo.cardscreen.MemoScreen"]}, {"9ff21d96f0efc4a762e2f91a567a7f15": ["7", "org.liberty.android.fantastischmemo.cardscreen.MemoScreen"]}, {"9ff21d96f0efc4a762e2f91a567a7f15": ["7", "org.liberty.android.fantastischmemo.cardscreen.MemoScreen"]}, {"2d8c1ac734fb1eb8a62179f8c52665bb": ["8", "org.liberty.android.fantastischmemo.cardscreen.MemoScreen"]}, {"2d8c1ac734fb1eb8a62179f8c52665bb": ["8", "org.liberty.android.fantastischmemo.cardscreen.MemoScreen"]}, {"2d8c1ac734fb1eb8a62179f8c52665bb": ["8", "org.liberty.android.fantastischmemo.cardscreen.MemoScreen"]}, {"cc565b74b2c81856f4cf4061bab06907": ["25", "org.liberty.android.fantastischmemo.cardscreen.MemoScreen"]}, {"2d8c1ac734fb1eb8a62179f8c52665bb": ["8", "org.liberty.android.fantastischmemo.cardscreen.MemoScreen"]}, {"2d8c1ac734fb1eb8a62179f8c52665bb": ["8", "org.liberty.android.fantastischmemo.cardscreen.MemoScreen"]}, {"2d8c1ac734fb1eb8a62179f8c52665bb": ["8", "org.liberty.android.fantastischmemo.cardscreen.MemoScreen"]}, {"2d8c1ac734fb1eb8a62179f8c52665bb": ["8", "org.liberty.android.fantastischmemo.cardscreen.MemoScreen"]}, {"9ff21d96f0efc4a762e2f91a567a7f15": ["7", "org.liberty.android.fantastischmemo.cardscreen.MemoScreen"]}, {"2d8c1ac734fb1eb8a62179f8c52665bb": ["8", "org.liberty.android.fantastischmemo.cardscreen.MemoScreen"]}, {"2d8c1ac734fb1eb8a62179f8c52665bb": ["8", "org.liberty.android.fantastischmemo.cardscreen.MemoScreen"]}, {"9ff21d96f0efc4a762e2f91a567a7f15": ["7", "org.liberty.android.fantastischmemo.cardscreen.MemoScreen"]}, {"2d8c1ac734fb1eb8a62179f8c52665bb": ["8", "org.liberty.android.fantastischmemo.cardscreen.MemoScreen"]}, {"2d8c1ac734fb1eb8a62179f8c52665bb": ["8", "org.liberty.android.fantastischmemo.cardscreen.MemoScreen"]}, {"2d8c1ac734fb1eb8a62179f8c52665bb": ["8", "org.liberty.android.fantastischmemo.cardscreen.MemoScreen"]}, {"cc565b74b2c81856f4cf4061bab06907": ["25", "org.liberty.android.fantastischmemo.cardscreen.MemoScreen"]}, {"2d8c1ac734fb1eb8a62179f8c52665bb": ["8", "org.liberty.android.fantastischmemo.cardscreen.MemoScreen"]}, {"2d8c1ac734fb1eb8a62179f8c52665bb": ["8", "org.liberty.android.fantastischmemo.cardscreen.MemoScreen"]}, {"2d8c1ac734fb1eb8a62179f8c52665bb": ["8", "org.liberty.android.fantastischmemo.cardscreen.MemoScreen"]}, {"2d8c1ac734fb1eb8a62179f8c52665bb": ["8", "org.liberty.android.fantastischmemo.cardscreen.MemoScreen"]}, {"9ff21d96f0efc4a762e2f91a567a7f15": ["7", "org.liberty.android.fantastischmemo.cardscreen.MemoScreen"]}, {"9ff21d96f0efc4a762e2f91a567a7f15": ["7", "org.liberty.android.fantastischmemo.cardscreen.MemoScreen"]}, {"2d8c1ac734fb1eb8a62179f8c52665bb": ["8", "org.liberty.android.fantastischmemo.cardscreen.MemoScreen"]}, {"2d8c1ac734fb1eb8a62179f8c52665bb": ["8", "org.liberty.android.fantastischmemo.cardscreen.MemoScreen"]}, {"2d8c1ac734fb1eb8a62179f8c52665bb": ["8", "org.liberty.android.fantastischmemo.cardscreen.MemoScreen"]}, {"cc565b74b2c81856f4cf4061bab06907": ["25", "org.liberty.android.fantastischmemo.cardscreen.MemoScreen"]}, {"2d8c1ac734fb1eb8a62179f8c52665bb": ["8", "org.liberty.android.fantastischmemo.cardscreen.MemoScreen"]}, {"2d8c1ac734fb1eb8a62179f8c52665bb": ["8", "org.liberty.android.fantastischmemo.cardscreen.MemoScreen"]}, {"2d8c1ac734fb1eb8a62179f8c52665bb": ["8", "org.liberty.android.fantastischmemo.cardscreen.MemoScreen"]}, {"2d8c1ac734fb1eb8a62179f8c52665bb": ["8", "org.liberty.android.fantastischmemo.cardscreen.MemoScreen"]}, {"9ff21d96f0efc4a762e2f91a567a7f15": ["7", "org.liberty.android.fantastischmemo.cardscreen.MemoScreen"]}, {"2d8c1ac734fb1eb8a62179f8c52665bb": ["8", "org.liberty.android.fantastischmemo.cardscreen.MemoScreen"]}, {"2d8c1ac734fb1eb8a62179f8c52665bb": ["8", "org.liberty.android.fantastischmemo.cardscreen.MemoScreen"]}, {"9ff21d96f0efc4a762e2f91a567a7f15": ["7", "org.liberty.android.fantastischmemo.cardscreen.MemoScreen"]}, {"2d8c1ac734fb1eb8a62179f8c52665bb": ["8", "org.liberty.android.fantastischmemo.cardscreen.MemoScreen"]}, {"2d8c1ac734fb1eb8a62179f8c52665bb": ["8", "org.liberty.android.fantastischmemo.cardscreen.MemoScreen"]}, {"2d8c1ac734fb1eb8a62179f8c52665bb": ["8", "org.liberty.android.fantastischmemo.cardscreen.MemoScreen"]}, {"cc565b74b2c81856f4cf4061bab06907": ["25", "org.liberty.android.fantastischmemo.cardscreen.MemoScreen"]}, {"2d8c1ac734fb1eb8a62179f8c52665bb": ["8", "org.liberty.android.fantastischmemo.cardscreen.MemoScreen"]}, {"2d8c1ac734fb1eb8a62179f8c52665bb": ["8", "org.liberty.android.fantastischmemo.cardscreen.MemoScreen"]}, {"2d8c1ac734fb1eb8a62179f8c52665bb": ["8", "org.liberty.android.fantastischmemo.cardscreen.MemoScreen"]}, {"2d8c1ac734fb1eb8a62179f8c52665bb": ["8", "org.liberty.android.fantastischmemo.cardscreen.MemoScreen"]}, {"9ff21d96f0efc4a762e2f91a567a7f15": ["7", "org.liberty.android.fantastischmemo.cardscreen.MemoScreen"]}, {"9ff21d96f0efc4a762e2f91a567a7f15": ["7", "org.liberty.android.fantastischmemo.cardscreen.MemoScreen"]}, {"2d8c1ac734fb1eb8a62179f8c52665bb": ["8", "org.liberty.android.fantastischmemo.cardscreen.MemoScreen"]}, {"2d8c1ac734fb1eb8a62179f8c52665bb": ["8", "org.liberty.android.fantastischmemo.cardscreen.MemoScreen"]}, {"2d8c1ac734fb1eb8a62179f8c52665bb": ["8", "org.liberty.android.fantastischmemo.cardscreen.MemoScreen"]}, {"cc565b74b2c81856f4cf4061bab06907": ["25", "org.liberty.android.fantastischmemo.cardscreen.MemoScreen"]}, {"2d8c1ac734fb1eb8a62179f8c52665bb": ["8", "org.liberty.android.fantastischmemo.cardscreen.MemoScreen"]}, {"2d8c1ac734fb1eb8a62179f8c52665bb": ["8", "org.liberty.android.fantastischmemo.cardscreen.MemoScreen"]}, {"2d8c1ac734fb1eb8a62179f8c52665bb": ["8", "org.liberty.android.fantastischmemo.cardscreen.MemoScreen"]}, {"2d8c1ac734fb1eb8a62179f8c52665bb": ["8", "org.liberty.android.fantastischmemo.cardscreen.MemoScreen"]}, {"9ff21d96f0efc4a762e2f91a567a7f15": ["7", "org.liberty.android.fantastischmemo.cardscreen.MemoScreen"]}, {"2d8c1ac734fb1eb8a62179f8c52665bb": ["8", "org.liberty.android.fantastischmemo.cardscreen.MemoScreen"]}, {"2d8c1ac734fb1eb8a62179f8c52665bb": ["8", "org.liberty.android.fantastischmemo.cardscreen.MemoScreen"]}, {"9ff21d96f0efc4a762e2f91a567a7f15": ["7", "org.liberty.android.fantastischmemo.cardscreen.MemoScreen"]}, {"2d8c1ac734fb1eb8a62179f8c52665bb": ["8", "org.liberty.android.fantastischmemo.cardscreen.MemoScreen"]}, {"2d8c1ac734fb1eb8a62179f8c52665bb": ["8", "org.liberty.android.fantastischmemo.cardscreen.MemoScreen"]}, {"2d8c1ac734fb1eb8a62179f8c52665bb": ["8", "org.liberty.android.fantastischmemo.cardscreen.MemoScreen"]}, {"cc565b74b2c81856f4cf4061bab06907": ["25", "org.liberty.android.fantastischmemo.cardscreen.MemoScreen"]}, {"2d8c1ac734fb1eb8a62179f8c52665bb": ["8", "org.liberty.android.fantastischmemo.cardscreen.MemoScreen"]}, {"2d8c1ac734fb1eb8a62179f8c52665bb": ["8", "org.liberty.android.fantastischmemo.cardscreen.MemoScreen"]}, {"2d8c1ac734fb1eb8a62179f8c52665bb": ["8", "org.liberty.android.fantastischmemo.cardscreen.MemoScreen"]}, {"2d8c1ac734fb1eb8a62179f8c52665bb": ["8", "org.liberty.android.fantastischmemo.cardscreen.MemoScreen"]}, {"9ff21d96f0efc4a762e2f91a567a7f15": ["7", "org.liberty.android.fantastischmemo.cardscreen.MemoScreen"]}, {"9ff21d96f0efc4a762e2f91a567a7f15": ["7", "org.liberty.android.fantastischmemo.cardscreen.MemoScreen"]}, {"2d8c1ac734fb1eb8a62179f8c52665bb": ["8", "org.liberty.android.fantastischmemo.cardscreen.MemoScreen"]}, {"2d8c1ac734fb1eb8a62179f8c52665bb": ["8", "org.liberty.android.fantastischmemo.cardscreen.MemoScreen"]}, {"2d8c1ac734fb1eb8a62179f8c52665bb": ["8", "org.liberty.android.fantastischmemo.cardscreen.MemoScreen"]}, {"cc565b74b2c81856f4cf4061bab06907": ["25", "org.liberty.android.fantastischmemo.cardscreen.MemoScreen"]}, {"2d8c1ac734fb1eb8a62179f8c52665bb": ["8", "org.liberty.android.fantastischmemo.cardscreen.MemoScreen"]}, {"2d8c1ac734fb1eb8a62179f8c52665bb": ["8", "org.liberty.android.fantastischmemo.cardscreen.MemoScreen"]}, {"2d8c1ac734fb1eb8a62179f8c52665bb": ["8", "org.liberty.android.fantastischmemo.cardscreen.MemoScreen"]}, {"2d8c1ac734fb1eb8a62179f8c52665bb": ["8", "org.liberty.android.fantastischmemo.cardscreen.MemoScreen"]}, {"9ff21d96f0efc4a762e2f91a567a7f15": ["7", "org.liberty.android.fantastischmemo.cardscreen.MemoScreen"]}, {"2d8c1ac734fb1eb8a62179f8c52665bb": ["8", "org.liberty.android.fantastischmemo.cardscreen.MemoScreen"]}, {"2d8c1ac734fb1eb8a62179f8c52665bb": ["8", "org.liberty.android.fantastischmemo.cardscreen.MemoScreen"]}, {"9ff21d96f0efc4a762e2f91a567a7f15": ["7", "org.liberty.android.fantastischmemo.cardscreen.MemoScreen"]}, {"2d8c1ac734fb1eb8a62179f8c52665bb": ["8", "org.liberty.android.fantastischmemo.cardscreen.MemoScreen"]}, {"2d8c1ac734fb1eb8a62179f8c52665bb": ["8", "org.liberty.android.fantastischmemo.cardscreen.MemoScreen"]}, {"2d8c1ac734fb1eb8a62179f8c52665bb": ["8", "org.liberty.android.fantastischmemo.cardscreen.MemoScreen"]}, {"cc565b74b2c81856f4cf4061bab06907": ["25", "org.liberty.android.fantastischmemo.cardscreen.MemoScreen"]}, {"2d8c1ac734fb1eb8a62179f8c52665bb": ["8", "org.liberty.android.fantastischmemo.cardscreen.MemoScreen"]}, {"2d8c1ac734fb1eb8a62179f8c52665bb": ["8", "org.liberty.android.fantastischmemo.cardscreen.MemoScreen"]}, {"2d8c1ac734fb1eb8a62179f8c52665bb": ["8", "org.liberty.android.fantastischmemo.cardscreen.MemoScreen"]}, {"2d8c1ac734fb1eb8a62179f8c52665bb": ["8", "org.liberty.android.fantastischmemo.cardscreen.MemoScreen"]}, {"9ff21d96f0efc4a762e2f91a567a7f15": ["7", "org.liberty.android.fantastischmemo.cardscreen.MemoScreen"]}, {"9ff21d96f0efc4a762e2f91a567a7f15": ["7", "org.liberty.android.fantastischmemo.cardscreen.MemoScreen"]}, {"2d8c1ac734fb1eb8a62179f8c52665bb": ["8", "org.liberty.android.fantastischmemo.cardscreen.MemoScreen"]}, {"2d8c1ac734fb1eb8a62179f8c52665bb": ["8", "org.liberty.android.fantastischmemo.cardscreen.MemoScreen"]}, {"2d8c1ac734fb1eb8a62179f8c52665bb": ["8", "org.liberty.android.fantastischmemo.cardscreen.MemoScreen"]}, {"cc565b74b2c81856f4cf4061bab06907": ["25", "org.liberty.android.fantastischmemo.cardscreen.MemoScreen"]}, {"2d8c1ac734fb1eb8a62179f8c52665bb": ["8", "org.liberty.android.fantastischmemo.cardscreen.MemoScreen"]}, {"2d8c1ac734fb1eb8a62179f8c52665bb": ["8", "org.liberty.android.fantastischmemo.cardscreen.MemoScreen"]}, {"2d8c1ac734fb1eb8a62179f8c52665bb": ["8", "org.liberty.android.fantastischmemo.cardscreen.MemoScreen"]}, {"2d8c1ac734fb1eb8a62179f8c52665bb": ["8", "org.liberty.android.fantastischmemo.cardscreen.MemoScreen"]}, {"9ff21d96f0efc4a762e2f91a567a7f15": ["7", "org.liberty.android.fantastischmemo.cardscreen.MemoScreen"]}, {"2d8c1ac734fb1eb8a62179f8c52665bb": ["8", "org.liberty.android.fantastischmemo.cardscreen.MemoScreen"]}, {"2d8c1ac734fb1eb8a62179f8c52665bb": ["8", "org.liberty.android.fantastischmemo.cardscreen.MemoScreen"]}, {"9ff21d96f0efc4a762e2f91a567a7f15": ["7", "org.liberty.android.fantastischmemo.cardscreen.MemoScreen"]}, {"2d8c1ac734fb1eb8a62179f8c52665bb": ["8", "org.liberty.android.fantastischmemo.cardscreen.MemoScreen"]}, {"2d8c1ac734fb1eb8a62179f8c52665bb": ["8", "org.liberty.android.fantastischmemo.cardscreen.MemoScreen"]}, {"2d8c1ac734fb1eb8a62179f8c52665bb": ["8", "org.liberty.android.fantastischmemo.cardscreen.MemoScreen"]}, {"cc565b74b2c81856f4cf4061bab06907": ["25", "org.liberty.android.fantastischmemo.cardscreen.MemoScreen"]}, {"2d8c1ac734fb1eb8a62179f8c52665bb": ["8", "org.liberty.android.fantastischmemo.cardscreen.MemoScreen"]}, {"2d8c1ac734fb1eb8a62179f8c52665bb": ["8", "org.liberty.android.fantastischmemo.cardscreen.MemoScreen"]}, {"2d8c1ac734fb1eb8a62179f8c52665bb": ["8", "org.liberty.android.fantastischmemo.cardscreen.MemoScreen"]}, {"2d8c1ac734fb1eb8a62179f8c52665bb": ["8", "org.liberty.android.fantastischmemo.cardscreen.MemoScreen"]}, {"9ff21d96f0efc4a762e2f91a567a7f15": ["7", "org.liberty.android.fantastischmemo.cardscreen.MemoScreen"]}, {"9ff21d96f0efc4a762e2f91a567a7f15": ["7", "org.liberty.android.fantastischmemo.cardscreen.MemoScreen"]}, {"2d8c1ac734fb1eb8a62179f8c52665bb": ["8", "org.liberty.android.fantastischmemo.cardscreen.MemoScreen"]}, {"2d8c1ac734fb1eb8a62179f8c52665bb": ["8", "org.liberty.android.fantastischmemo.cardscreen.MemoScreen"]}, {"2d8c1ac734fb1eb8a62179f8c52665bb": ["8", "org.liberty.android.fantastischmemo.cardscreen.MemoScreen"]}, {"cc565b74b2c81856f4cf4061bab06907": ["25", "org.liberty.android.fantastischmemo.cardscreen.MemoScreen"]}, {"2d8c1ac734fb1eb8a62179f8c52665bb": ["8", "org.liberty.android.fantastischmemo.cardscreen.MemoScreen"]}, {"2d8c1ac734fb1eb8a62179f8c52665bb": ["8", "org.liberty.android.fantastischmemo.cardscreen.MemoScreen"]}, {"2d8c1ac734fb1eb8a62179f8c52665bb": ["8", "org.liberty.android.fantastischmemo.cardscreen.MemoScreen"]}, {"2d8c1ac734fb1eb8a62179f8c52665bb": ["8", "org.liberty.android.fantastischmemo.cardscreen.MemoScreen"]}, {"9ff21d96f0efc4a762e2f91a567a7f15": ["7", "org.liberty.android.fantastischmemo.cardscreen.MemoScreen"]}, {"2d8c1ac734fb1eb8a62179f8c52665bb": ["8", "org.liberty.android.fantastischmemo.cardscreen.MemoScreen"]}, {"2d8c1ac734fb1eb8a62179f8c52665bb": ["8", "org.liberty.android.fantastischmemo.cardscreen.MemoScreen"]}, {"9ff21d96f0efc4a762e2f91a567a7f15": ["7", "org.liberty.android.fantastischmemo.cardscreen.MemoScreen"]}, {"2d8c1ac734fb1eb8a62179f8c52665bb": ["8", "org.liberty.android.fantastischmemo.cardscreen.MemoScreen"]}, {"2d8c1ac734fb1eb8a62179f8c52665bb": ["8", "org.liberty.android.fantastischmemo.cardscreen.MemoScreen"]}, {"2d8c1ac734fb1eb8a62179f8c52665bb": ["8", "org.liberty.android.fantastischmemo.cardscreen.MemoScreen"]}, {"cc565b74b2c81856f4cf4061bab06907": ["25", "org.liberty.android.fantastischmemo.cardscreen.MemoScreen"]}, {"2d8c1ac734fb1eb8a62179f8c52665bb": ["8", "org.liberty.android.fantastischmemo.cardscreen.MemoScreen"]}, {"2d8c1ac734fb1eb8a62179f8c52665bb": ["8", "org.liberty.android.fantastischmemo.cardscreen.MemoScreen"]}, {"2d8c1ac734fb1eb8a62179f8c52665bb": ["8", "org.liberty.android.fantastischmemo.cardscreen.MemoScreen"]}, {"2d8c1ac734fb1eb8a62179f8c52665bb": ["8", "org.liberty.android.fantastischmemo.cardscreen.MemoScreen"]}, {"9ff21d96f0efc4a762e2f91a567a7f15": ["7", "org.liberty.android.fantastischmemo.cardscreen.MemoScreen"]}, {"9ff21d96f0efc4a762e2f91a567a7f15": ["7", "org.liberty.android.fantastischmemo.cardscreen.MemoScreen"]}, {"2d8c1ac734fb1eb8a62179f8c52665bb": ["8", "org.liberty.android.fantastischmemo.cardscreen.MemoScreen"]}, {"cc565b74b2c81856f4cf4061bab06907": ["25", "org.liberty.android.fantastischmemo.cardscreen.MemoScreen"]}, {"2d8c1ac734fb1eb8a62179f8c52665bb": ["8", "org.liberty.android.fantastischmemo.cardscreen.MemoScreen"]}, {"2d8c1ac734fb1eb8a62179f8c52665bb": ["8", "org.liberty.android.fantastischmemo.cardscreen.MemoScreen"]}, {"26c015d0dd764c6e0d033bb7782f383a": ["9", "org.liberty.android.fantastischmemo.cardscreen.MemoScreen"]}, {"2d8c1ac734fb1eb8a62179f8c52665bb": ["8", "org.liberty.android.fantastischmemo.cardscreen.MemoScreen"]}, {"2d8c1ac734fb1eb8a62179f8c52665bb": ["8", "org.liberty.android.fantastischmemo.cardscreen.MemoScreen"]}, {"2d8c1ac734fb1eb8a62179f8c52665bb": ["8", "org.liberty.android.fantastischmemo.cardscreen.MemoScreen"]}, {"9ff21d96f0efc4a762e2f91a567a7f15": ["7", "org.liberty.android.fantastischmemo.cardscreen.MemoScreen"]}, {"2d8c1ac734fb1eb8a62179f8c52665bb": ["8", "org.liberty.android.fantastischmemo.cardscreen.MemoScreen"]}, {"2d8c1ac734fb1eb8a62179f8c52665bb": ["8", "org.liberty.android.fantastischmemo.cardscreen.MemoScreen"]}, {"9ff21d96f0efc4a762e2f91a567a7f15": ["7", "org.liberty.android.fantastischmemo.cardscreen.MemoScreen"]}, {"2d8c1ac734fb1eb8a62179f8c52665bb": ["8", "org.liberty.android.fantastischmemo.cardscreen.MemoScreen"]}, {"2d8c1ac734fb1eb8a62179f8c52665bb": ["8", "org.liberty.android.fantastischmemo.cardscreen.MemoScreen"]}, {"2d8c1ac734fb1eb8a62179f8c52665bb": ["8", "org.liberty.android.fantastischmemo.cardscreen.MemoScreen"]}, {"cc565b74b2c81856f4cf4061bab06907": ["25", "org.liberty.android.fantastischmemo.cardscreen.MemoScreen"]}, {"2d8c1ac734fb1eb8a62179f8c52665bb": ["8", "org.liberty.android.fantastischmemo.cardscreen.MemoScreen"]}, {"2d8c1ac734fb1eb8a62179f8c52665bb": ["8", "org.liberty.android.fantastischmemo.cardscreen.MemoScreen"]}, {"2d8c1ac734fb1eb8a62179f8c52665bb": ["8", "org.liberty.android.fantastischmemo.cardscreen.MemoScreen"]}, {"2d8c1ac734fb1eb8a62179f8c52665bb": ["8", "org.liberty.android.fantastischmemo.cardscreen.MemoScreen"]}, {"9ff21d96f0efc4a762e2f91a567a7f15": ["7", "org.liberty.android.fantastischmemo.cardscreen.MemoScreen"]}, {"9ff21d96f0efc4a762e2f91a567a7f15": ["7", "org.liberty.android.fantastischmemo.cardscreen.MemoScreen"]}, {"2d8c1ac734fb1eb8a62179f8c52665bb": ["8", "org.liberty.android.fantastischmemo.cardscreen.MemoScreen"]}, {"2d8c1ac734fb1eb8a62179f8c52665bb": ["8", "org.liberty.android.fantastischmemo.cardscreen.MemoScreen"]}, {"2d8c1ac734fb1eb8a62179f8c52665bb": ["8", "org.liberty.android.fantastischmemo.cardscreen.MemoScreen"]}, {"cc565b74b2c81856f4cf4061bab06907": ["25", "org.liberty.android.fantastischmemo.cardscreen.MemoScreen"]}, {"2d8c1ac734fb1eb8a62179f8c52665bb": ["8", "org.liberty.android.fantastischmemo.cardscreen.MemoScreen"]}, {"2d8c1ac734fb1eb8a62179f8c52665bb": ["8", "org.liberty.android.fantastischmemo.cardscreen.MemoScreen"]}, {"2d8c1ac734fb1eb8a62179f8c52665bb": ["8", "org.liberty.android.fantastischmemo.cardscreen.MemoScreen"]}, {"2d8c1ac734fb1eb8a62179f8c52665bb": ["8", "org.liberty.android.fantastischmemo.cardscreen.MemoScreen"]}, {"9ff21d96f0efc4a762e2f91a567a7f15": ["7", "org.liberty.android.fantastischmemo.cardscreen.MemoScreen"]}, {"2d8c1ac734fb1eb8a62179f8c52665bb": ["8", "org.liberty.android.fantastischmemo.cardscreen.MemoScreen"]}, {"2d8c1ac734fb1eb8a62179f8c52665bb": ["8", "org.liberty.android.fantastischmemo.cardscreen.MemoScreen"]}, {"9ff21d96f0efc4a762e2f91a567a7f15": ["7", "org.liberty.android.fantastischmemo.cardscreen.MemoScreen"]}, {"2d8c1ac734fb1eb8a62179f8c52665bb": ["8", "org.liberty.android.fantastischmemo.cardscreen.MemoScreen"]}, {"2d8c1ac734fb1eb8a62179f8c52665bb": ["8", "org.liberty.android.fantastischmemo.cardscreen.MemoScreen"]}, {"2d8c1ac734fb1eb8a62179f8c52665bb": ["8", "org.liberty.android.fantastischmemo.cardscreen.MemoScreen"]}, {"cc565b74b2c81856f4cf4061bab06907": ["25", "org.liberty.android.fantastischmemo.cardscreen.MemoScreen"]}, {"2d8c1ac734fb1eb8a62179f8c52665bb": ["8", "org.liberty.android.fantastischmemo.cardscreen.MemoScreen"]}, {"2d8c1ac734fb1eb8a62179f8c52665bb": ["8", "org.liberty.android.fantastischmemo.cardscreen.MemoScreen"]}, {"2d8c1ac734fb1eb8a62179f8c52665bb": ["8", "org.liberty.android.fantastischmemo.cardscreen.MemoScreen"]}, {"2d8c1ac734fb1eb8a62179f8c52665bb": ["8", "org.liberty.android.fantastischmemo.cardscreen.MemoScreen"]}, {"9ff21d96f0efc4a762e2f91a567a7f15": ["7", "org.liberty.android.fantastischmemo.cardscreen.MemoScreen"]}, {"9ff21d96f0efc4a762e2f91a567a7f15": ["7", "org.liberty.android.fantastischmemo.cardscreen.MemoScreen"]}, {"2d8c1ac734fb1eb8a62179f8c52665bb": ["8", "org.liberty.android.fantastischmemo.cardscreen.MemoScreen"]}, {"2d8c1ac734fb1eb8a62179f8c52665bb": ["8", "org.liberty.android.fantastischmemo.cardscreen.MemoScreen"]}, {"2d8c1ac734fb1eb8a62179f8c52665bb": ["8", "org.liberty.android.fantastischmemo.cardscreen.MemoScreen"]}, {"cc565b74b2c81856f4cf4061bab06907": ["25", "org.liberty.android.fantastischmemo.cardscreen.MemoScreen"]}, {"2d8c1ac734fb1eb8a62179f8c52665bb": ["8", "org.liberty.android.fantastischmemo.cardscreen.MemoScreen"]}, {"2d8c1ac734fb1eb8a62179f8c52665bb": ["8", "org.liberty.android.fantastischmemo.cardscreen.MemoScreen"]}, {"2d8c1ac734fb1eb8a62179f8c52665bb": ["8", "org.liberty.android.fantastischmemo.cardscreen.MemoScreen"]}, {"2d8c1ac734fb1eb8a62179f8c52665bb": ["8", "org.liberty.android.fantastischmemo.cardscreen.MemoScreen"]}, {"9ff21d96f0efc4a762e2f91a567a7f15": ["7", "org.liberty.android.fantastischmemo.cardscreen.MemoScreen"]}, {"2d8c1ac734fb1eb8a62179f8c52665bb": ["8", "org.liberty.android.fantastischmemo.cardscreen.MemoScreen"]}, {"2d8c1ac734fb1eb8a62179f8c52665bb": ["8", "org.liberty.android.fantastischmemo.cardscreen.MemoScreen"]}, {"9ff21d96f0efc4a762e2f91a567a7f15": ["7", "org.liberty.android.fantastischmemo.cardscreen.MemoScreen"]}, {"2d8c1ac734fb1eb8a62179f8c52665bb": ["8", "org.liberty.android.fantastischmemo.cardscreen.MemoScreen"]}, {"2d8c1ac734fb1eb8a62179f8c52665bb": ["8", "org.liberty.android.fantastischmemo.cardscreen.MemoScreen"]}, {"2d8c1ac734fb1eb8a62179f8c52665bb": ["8", "org.liberty.android.fantastischmemo.cardscreen.MemoScreen"]}, {"cc565b74b2c81856f4cf4061bab06907": ["25", "org.liberty.android.fantastischmemo.cardscreen.MemoScreen"]}, {"2d8c1ac734fb1eb8a62179f8c52665bb": ["8", "org.liberty.android.fantastischmemo.cardscreen.MemoScreen"]}, {"2d8c1ac734fb1eb8a62179f8c52665bb": ["8", "org.liberty.android.fantastischmemo.cardscreen.MemoScreen"]}, {"2d8c1ac734fb1eb8a62179f8c52665bb": ["8", "org.liberty.android.fantastischmemo.cardscreen.MemoScreen"]}, {"2d8c1ac734fb1eb8a62179f8c52665bb": ["8", "org.liberty.android.fantastischmemo.cardscreen.MemoScreen"]}, {"9ff21d96f0efc4a762e2f91a567a7f15": ["7", "org.liberty.android.fantastischmemo.cardscreen.MemoScreen"]}, {"9ff21d96f0efc4a762e2f91a567a7f15": ["7", "org.liberty.android.fantastischmemo.cardscreen.MemoScreen"]}, {"2d8c1ac734fb1eb8a62179f8c52665bb": ["8", "org.liberty.android.fantastischmemo.cardscreen.MemoScreen"]}, {"2d8c1ac734fb1eb8a62179f8c52665bb": ["8", "org.liberty.android.fantastischmemo.cardscreen.MemoScreen"]}, {"2d8c1ac734fb1eb8a62179f8c52665bb": ["8", "org.liberty.android.fantastischmemo.cardscreen.MemoScreen"]}, {"cc565b74b2c81856f4cf4061bab06907": ["25", "org.liberty.android.fantastischmemo.cardscreen.MemoScreen"]}, {"2d8c1ac734fb1eb8a62179f8c52665bb": ["8", "org.liberty.android.fantastischmemo.cardscreen.MemoScreen"]}, {"2d8c1ac734fb1eb8a62179f8c52665bb": ["8", "org.liberty.android.fantastischmemo.cardscreen.MemoScreen"]}, {"2d8c1ac734fb1eb8a62179f8c52665bb": ["8", "org.liberty.android.fantastischmemo.cardscreen.MemoScreen"]}, {"2d8c1ac734fb1eb8a62179f8c52665bb": ["8", "org.liberty.android.fantastischmemo.cardscreen.MemoScreen"]}, {"9ff21d96f0efc4a762e2f91a567a7f15": ["7", "org.liberty.android.fantastischmemo.cardscreen.MemoScreen"]}, {"2d8c1ac734fb1eb8a62179f8c52665bb": ["8", "org.liberty.android.fantastischmemo.cardscreen.MemoScreen"]}, {"2d8c1ac734fb1eb8a62179f8c52665bb": ["8", "org.liberty.android.fantastischmemo.cardscreen.MemoScreen"]}, {"9ff21d96f0efc4a762e2f91a567a7f15": ["7", "org.liberty.android.fantastischmemo.cardscreen.MemoScreen"]}, {"2d8c1ac734fb1eb8a62179f8c52665bb": ["8", "org.liberty.android.fantastischmemo.cardscreen.MemoScreen"]}, {"2d8c1ac734fb1eb8a62179f8c52665bb": ["8", "org.liberty.android.fantastischmemo.cardscreen.MemoScreen"]}, {"2d8c1ac734fb1eb8a62179f8c52665bb": ["8", "org.liberty.android.fantastischmemo.cardscreen.MemoScreen"]}, {"cc565b74b2c81856f4cf4061bab06907": ["25", "org.liberty.android.fantastischmemo.cardscreen.MemoScreen"]}, {"2d8c1ac734fb1eb8a62179f8c52665bb": ["8", "org.liberty.android.fantastischmemo.cardscreen.MemoScreen"]}, {"2d8c1ac734fb1eb8a62179f8c52665bb": ["8", "org.liberty.android.fantastischmemo.cardscreen.MemoScreen"]}, {"2d8c1ac734fb1eb8a62179f8c52665bb": ["8", "org.liberty.android.fantastischmemo.cardscreen.MemoScreen"]}, {"2d8c1ac734fb1eb8a62179f8c52665bb": ["8", "org.liberty.android.fantastischmemo.cardscreen.MemoScreen"]}, {"9ff21d96f0efc4a762e2f91a567a7f15": ["7", "org.liberty.android.fantastischmemo.cardscreen.MemoScreen"]}, {"9ff21d96f0efc4a762e2f91a567a7f15": ["7", "org.liberty.android.fantastischmemo.cardscreen.MemoScreen"]}, {"2d8c1ac734fb1eb8a62179f8c52665bb": ["8", "org.liberty.android.fantastischmemo.cardscreen.MemoScreen"]}, {"2d8c1ac734fb1eb8a62179f8c52665bb": ["8", "org.liberty.android.fantastischmemo.cardscreen.MemoScreen"]}, {"2d8c1ac734fb1eb8a62179f8c52665bb": ["8", "org.liberty.android.fantastischmemo.cardscreen.MemoScreen"]}, {"cc565b74b2c81856f4cf4061bab06907": ["25", "org.liberty.android.fantastischmemo.cardscreen.MemoScreen"]}, {"2d8c1ac734fb1eb8a62179f8c52665bb": ["8", "org.liberty.android.fantastischmemo.cardscreen.MemoScreen"]}, {"2d8c1ac734fb1eb8a62179f8c52665bb": ["8", "org.liberty.android.fantastischmemo.cardscreen.MemoScreen"]}, {"2d8c1ac734fb1eb8a62179f8c52665bb": ["8", "org.liberty.android.fantastischmemo.cardscreen.MemoScreen"]}, {"2d8c1ac734fb1eb8a62179f8c52665bb": ["8", "org.liberty.android.fantastischmemo.cardscreen.MemoScreen"]}, {"9ff21d96f0efc4a762e2f91a567a7f15": ["7", "org.liberty.android.fantastischmemo.cardscreen.MemoScreen"]}, {"2d8c1ac734fb1eb8a62179f8c52665bb": ["8", "org.liberty.android.fantastischmemo.cardscreen.MemoScreen"]}, {"2d8c1ac734fb1eb8a62179f8c52665bb": ["8", "org.liberty.android.fantastischmemo.cardscreen.MemoScreen"]}, {"9ff21d96f0efc4a762e2f91a567a7f15": ["7", "org.liberty.android.fantastischmemo.cardscreen.MemoScreen"]}, {"2d8c1ac734fb1eb8a62179f8c52665bb": ["8", "org.liberty.android.fantastischmemo.cardscreen.MemoScreen"]}, {"2d8c1ac734fb1eb8a62179f8c52665bb": ["8", "org.liberty.android.fantastischmemo.cardscreen.MemoScreen"]}, {"2d8c1ac734fb1eb8a62179f8c52665bb": ["8", "org.liberty.android.fantastischmemo.cardscreen.MemoScreen"]}, {"cc565b74b2c81856f4cf4061bab06907": ["25", "org.liberty.android.fantastischmemo.cardscreen.MemoScreen"]}, {"2d8c1ac734fb1eb8a62179f8c52665bb": ["8", "org.liberty.android.fantastischmemo.cardscreen.MemoScreen"]}, {"2d8c1ac734fb1eb8a62179f8c52665bb": ["8", "org.liberty.android.fantastischmemo.cardscreen.MemoScreen"]}, {"2d8c1ac734fb1eb8a62179f8c52665bb": ["8", "org.liberty.android.fantastischmemo.cardscreen.MemoScreen"]}, {"2d8c1ac734fb1eb8a62179f8c52665bb": ["8", "org.liberty.android.fantastischmemo.cardscreen.MemoScreen"]}, {"9ff21d96f0efc4a762e2f91a567a7f15": ["7", "org.liberty.android.fantastischmemo.cardscreen.MemoScreen"]}, {"9ff21d96f0efc4a762e2f91a567a7f15": ["7", "org.liberty.android.fantastischmemo.cardscreen.MemoScreen"]}, {"2d8c1ac734fb1eb8a62179f8c52665bb": ["8", "org.liberty.android.fantastischmemo.cardscreen.MemoScreen"]}, {"2d8c1ac734fb1eb8a62179f8c52665bb": ["8", "org.liberty.android.fantastischmemo.cardscreen.MemoScreen"]}, {"2d8c1ac734fb1eb8a62179f8c52665bb": ["8", "org.liberty.android.fantastischmemo.cardscreen.MemoScreen"]}, {"cc565b74b2c81856f4cf4061bab06907": ["25", "org.liberty.android.fantastischmemo.cardscreen.MemoScreen"]}, {"2d8c1ac734fb1eb8a62179f8c52665bb": ["8", "org.liberty.android.fantastischmemo.cardscreen.MemoScreen"]}, {"2d8c1ac734fb1eb8a62179f8c52665bb": ["8", "org.liberty.android.fantastischmemo.cardscreen.MemoScreen"]}, {"2d8c1ac734fb1eb8a62179f8c52665bb": ["8", "org.liberty.android.fantastischmemo.cardscreen.MemoScreen"]}, {"2d8c1ac734fb1eb8a62179f8c52665bb": ["8", "org.liberty.android.fantastischmemo.cardscreen.MemoScreen"]}, {"9ff21d96f0efc4a762e2f91a567a7f15": ["7", "org.liberty.android.fantastischmemo.cardscreen.MemoScreen"]}, {"2d8c1ac734fb1eb8a62179f8c52665bb": ["8", "org.liberty.android.fantastischmemo.cardscreen.MemoScreen"]}, {"2d8c1ac734fb1eb8a62179f8c52665bb": ["8", "org.liberty.android.fantastischmemo.cardscreen.MemoScreen"]}, {"b8148c2ee7a2455c82b25b4bdd9bf05f": ["27", "org.liberty.android.fantastischmemo.cardscreen.MemoScreen"]}, {"04ea909e3cc0f04fc67d1addf672dae0": ["6", "org.liberty.android.fantastischmemo.MainTabs"]}, {"04ea909e3cc0f04fc67d1addf672dae0": ["6", "org.liberty.android.fantastischmemo.MainTabs"]}, {"04ea909e3cc0f04fc67d1addf672dae0": ["6", "org.liberty.android.fantastischmemo.MainTabs"]}, {"04ea909e3cc0f04fc67d1addf672dae0": ["6", "org.liberty.android.fantastischmemo.MainTabs"]}, {"54deb72ecdea486cd9d529560435c1bc": ["0", "org.liberty.android.fantastischmemo.MainTabs"]}, {"966989e1e04aa54abf7f608434b4d118": ["1", "org.liberty.android.fantastischmemo.MainTabs"]}, {"6074d81108f7c288a530d1d9952f67d6": ["13", "org.liberty.android.fantastischmemo.MainTabs"]}, {"54deb72ecdea486cd9d529560435c1bc": ["0", "org.liberty.android.fantastischmemo.MainTabs"]}, {"54deb72ecdea486cd9d529560435c1bc": ["0", "org.liberty.android.fantastischmemo.MainTabs"]}, {"966989e1e04aa54abf7f608434b4d118": ["1", "org.liberty.android.fantastischmemo.MainTabs"]}, {"31062e58355b37ccb320fd9d777c7241": ["62", "org.liberty.android.fantastischmemo.OptionScreen"]}, {"1b11bbaaa94ba6d11ee06c3af12ac83b": ["67", "org.liberty.android.fantastischmemo.OptionScreen"]}, {"31062e58355b37ccb320fd9d777c7241": ["62", "org.liberty.android.fantastischmemo.OptionScreen"]}, {"73afccee810641cc12dc8c5a2024190d": ["96", "org.liberty.android.fantastischmemo.OptionScreen"]}, {"73afccee810641cc12dc8c5a2024190d": ["96", "org.liberty.android.fantastischmemo.OptionScreen"]}, {"dd3d4b322488801dccfc309a47b7a71d": ["201", "org.liberty.android.fantastischmemo.OptionScreen"]}, {"dd3d4b322488801dccfc309a47b7a71d": ["201", "org.liberty.android.fantastischmemo.OptionScreen"]}, {"43a164506f867b27dbaa1bfc5337c313": ["202", "org.liberty.android.fantastischmemo.OptionScreen"]}, {"3a661f1ec613dc337f3b23675900f97f": ["63", "org.liberty.android.fantastischmemo.OptionScreen"]}, {"43a164506f867b27dbaa1bfc5337c313": ["202", "org.liberty.android.fantastischmemo.OptionScreen"]}, {"bbdb9d43205933618e60665bc930a2fb": ["65", "org.liberty.android.fantastischmemo.OptionScreen"]}, {"e6b6d88a98cd7e49cd1f8a5e0f5aaaff": ["64", "org.liberty.android.fantastischmemo.OptionScreen"]}, {"e6b6d88a98cd7e49cd1f8a5e0f5aaaff": ["64", "org.liberty.android.fantastischmemo.OptionScreen"]}, {"c329bc3ec329c1eba40dbc8a8a382c61": ["200", "org.liberty.android.fantastischmemo.OptionScreen"]}, {"3a661f1ec613dc337f3b23675900f97f": ["63", "org.liberty.android.fantastischmemo.OptionScreen"]}, {"dd3d4b322488801dccfc309a47b7a71d": ["201", "org.liberty.android.fantastischmemo.OptionScreen"]}, {"e6b6d88a98cd7e49cd1f8a5e0f5aaaff": ["64", "org.liberty.android.fantastischmemo.OptionScreen"]}, {"e6b6d88a98cd7e49cd1f8a5e0f5aaaff": ["64", "org.liberty.android.fantastischmemo.OptionScreen"]}, {"31062e58355b37ccb320fd9d777c7241": ["62", "org.liberty.android.fantastischmemo.OptionScreen"]}, {"31062e58355b37ccb320fd9d777c7241": ["62", "org.liberty.android.fantastischmemo.OptionScreen"]}, {"31062e58355b37ccb320fd9d777c7241": ["62", "org.liberty.android.fantastischmemo.OptionScreen"]}, {"31062e58355b37ccb320fd9d777c7241": ["62", "org.liberty.android.fantastischmemo.OptionScreen"]}, {"31062e58355b37ccb320fd9d777c7241": ["62", "org.liberty.android.fantastischmemo.OptionScreen"]}, {"8075861cde7307829026db3a028d0828": ["68", "org.liberty.android.fantastischmemo.OptionScreen"]}, {"31062e58355b37ccb320fd9d777c7241": ["62", "org.liberty.android.fantastischmemo.OptionScreen"]}, {"1b11bbaaa94ba6d11ee06c3af12ac83b": ["67", "org.liberty.android.fantastischmemo.OptionScreen"]}, {"31062e58355b37ccb320fd9d777c7241": ["62", "org.liberty.android.fantastischmemo.OptionScreen"]}, {"1b11bbaaa94ba6d11ee06c3af12ac83b": ["67", "org.liberty.android.fantastischmemo.OptionScreen"]}, {"31062e58355b37ccb320fd9d777c7241": ["62", "org.liberty.android.fantastischmemo.OptionScreen"]}, {"1b11bbaaa94ba6d11ee06c3af12ac83b": ["67", "org.liberty.android.fantastischmemo.OptionScreen"]}, {"31062e58355b37ccb320fd9d777c7241": ["62", "org.liberty.android.fantastischmemo.OptionScreen"]}, {"31062e58355b37ccb320fd9d777c7241": ["62", "org.liberty.android.fantastischmemo.OptionScreen"]}, {"1b11bbaaa94ba6d11ee06c3af12ac83b": ["67", "org.liberty.android.fantastischmemo.OptionScreen"]}, {"966989e1e04aa54abf7f608434b4d118": ["1", "org.liberty.android.fantastischmemo.MainTabs"]}, {"966989e1e04aa54abf7f608434b4d118": ["1", "org.liberty.android.fantastischmemo.MainTabs"]}, {"31062e58355b37ccb320fd9d777c7241": ["62", "org.liberty.android.fantastischmemo.OptionScreen"]}, {"31062e58355b37ccb320fd9d777c7241": ["62", "org.liberty.android.fantastischmemo.OptionScreen"]}, {"15fe78bcc3d046ac1e71e52749cac725": ["69", "org.liberty.android.fantastischmemo.OptionScreen"]}, {"31062e58355b37ccb320fd9d777c7241": ["62", "org.liberty.android.fantastischmemo.OptionScreen"]}, {"31062e58355b37ccb320fd9d777c7241": ["62", "org.liberty.android.fantastischmemo.OptionScreen"]}, {"31062e58355b37ccb320fd9d777c7241": ["62", "org.liberty.android.fantastischmemo.OptionScreen"]}, {"31062e58355b37ccb320fd9d777c7241": ["62", "org.liberty.android.fantastischmemo.OptionScreen"]}, {"c329bc3ec329c1eba40dbc8a8a382c61": ["200", "org.liberty.android.fantastischmemo.OptionScreen"]}, {"c329bc3ec329c1eba40dbc8a8a382c61": ["200", "org.liberty.android.fantastischmemo.OptionScreen"]}, {"c329bc3ec329c1eba40dbc8a8a382c61": ["200", "org.liberty.android.fantastischmemo.OptionScreen"]}, {"8075861cde7307829026db3a028d0828": ["68", "org.liberty.android.fantastischmemo.OptionScreen"]}, {"c329bc3ec329c1eba40dbc8a8a382c61": ["200", "org.liberty.android.fantastischmemo.OptionScreen"]}, {"c329bc3ec329c1eba40dbc8a8a382c61": ["200", "org.liberty.android.fantastischmemo.OptionScreen"]}, {"c329bc3ec329c1eba40dbc8a8a382c61": ["200", "org.liberty.android.fantastischmemo.OptionScreen"]}, {"c329bc3ec329c1eba40dbc8a8a382c61": ["200", "org.liberty.android.fantastischmemo.OptionScreen"]}, {"31062e58355b37ccb320fd9d777c7241": ["62", "org.liberty.android.fantastischmemo.OptionScreen"]}, {"31062e58355b37ccb320fd9d777c7241": ["62", "org.liberty.android.fantastischmemo.OptionScreen"]}, {"31062e58355b37ccb320fd9d777c7241": ["62", "org.liberty.android.fantastischmemo.OptionScreen"]}, {"c329bc3ec329c1eba40dbc8a8a382c61": ["200", "org.liberty.android.fantastischmemo.OptionScreen"]}, {"31062e58355b37ccb320fd9d777c7241": ["62", "org.liberty.android.fantastischmemo.OptionScreen"]}, {"31062e58355b37ccb320fd9d777c7241": ["62", "org.liberty.android.fantastischmemo.OptionScreen"]}, {"15fe78bcc3d046ac1e71e52749cac725": ["69", "org.liberty.android.fantastischmemo.OptionScreen"]}, {"31062e58355b37ccb320fd9d777c7241": ["62", "org.liberty.android.fantastischmemo.OptionScreen"]}, {"31062e58355b37ccb320fd9d777c7241": ["62", "org.liberty.android.fantastischmemo.OptionScreen"]}, {"31062e58355b37ccb320fd9d777c7241": ["62", "org.liberty.android.fantastischmemo.OptionScreen"]}, {"31062e58355b37ccb320fd9d777c7241": ["62", "org.liberty.android.fantastischmemo.OptionScreen"]}, {"c329bc3ec329c1eba40dbc8a8a382c61": ["200", "org.liberty.android.fantastischmemo.OptionScreen"]}, {"c329bc3ec329c1eba40dbc8a8a382c61": ["200", "org.liberty.android.fantastischmemo.OptionScreen"]}, {"c329bc3ec329c1eba40dbc8a8a382c61": ["200", "org.liberty.android.fantastischmemo.OptionScreen"]}, {"c329bc3ec329c1eba40dbc8a8a382c61": ["200", "org.liberty.android.fantastischmemo.OptionScreen"]}, {"c329bc3ec329c1eba40dbc8a8a382c61": ["200", "org.liberty.android.fantastischmemo.OptionScreen"]}, {"8075861cde7307829026db3a028d0828": ["68", "org.liberty.android.fantastischmemo.OptionScreen"]}, {"c329bc3ec329c1eba40dbc8a8a382c61": ["200", "org.liberty.android.fantastischmemo.OptionScreen"]}, {"c329bc3ec329c1eba40dbc8a8a382c61": ["200", "org.liberty.android.fantastischmemo.OptionScreen"]}, {"8075861cde7307829026db3a028d0828": ["68", "org.liberty.android.fantastischmemo.OptionScreen"]}, {"c329bc3ec329c1eba40dbc8a8a382c61": ["200", "org.liberty.android.fantastischmemo.OptionScreen"]}, {"8075861cde7307829026db3a028d0828": ["68", "org.liberty.android.fantastischmemo.OptionScreen"]}, {"c329bc3ec329c1eba40dbc8a8a382c61": ["200", "org.liberty.android.fantastischmemo.OptionScreen"]}, {"8075861cde7307829026db3a028d0828": ["68", "org.liberty.android.fantastischmemo.OptionScreen"]}, {"31062e58355b37ccb320fd9d777c7241": ["62", "org.liberty.android.fantastischmemo.OptionScreen"]}, {"8075861cde7307829026db3a028d0828": ["68", "org.liberty.android.fantastischmemo.OptionScreen"]}, {"31062e58355b37ccb320fd9d777c7241": ["62", "org.liberty.android.fantastischmemo.OptionScreen"]}, {"31062e58355b37ccb320fd9d777c7241": ["62", "org.liberty.android.fantastischmemo.OptionScreen"]}, {"e6b6d88a98cd7e49cd1f8a5e0f5aaaff": ["64", "org.liberty.android.fantastischmemo.OptionScreen"]}, {"e6b6d88a98cd7e49cd1f8a5e0f5aaaff": ["64", "org.liberty.android.fantastischmemo.OptionScreen"]}, {"3a661f1ec613dc337f3b23675900f97f": ["63", "org.liberty.android.fantastischmemo.OptionScreen"]}, {"e6b6d88a98cd7e49cd1f8a5e0f5aaaff": ["64", "org.liberty.android.fantastischmemo.OptionScreen"]}, {"da4cd557088bef53bcf43a424708df7e": ["66", "org.liberty.android.fantastischmemo.OptionScreen"]}, {"e6b6d88a98cd7e49cd1f8a5e0f5aaaff": ["64", "org.liberty.android.fantastischmemo.OptionScreen"]}, {"da4cd557088bef53bcf43a424708df7e": ["66", "org.liberty.android.fantastischmemo.OptionScreen"]}, {"e6b6d88a98cd7e49cd1f8a5e0f5aaaff": ["64", "org.liberty.android.fantastischmemo.OptionScreen"]}, {"da4cd557088bef53bcf43a424708df7e": ["66", "org.liberty.android.fantastischmemo.OptionScreen"]}, {"e6b6d88a98cd7e49cd1f8a5e0f5aaaff": ["64", "org.liberty.android.fantastischmemo.OptionScreen"]}, {"da4cd557088bef53bcf43a424708df7e": ["66", "org.liberty.android.fantastischmemo.OptionScreen"]}, {"e6b6d88a98cd7e49cd1f8a5e0f5aaaff": ["64", "org.liberty.android.fantastischmemo.OptionScreen"]}, {"e6b6d88a98cd7e49cd1f8a5e0f5aaaff": ["64", "org.liberty.android.fantastischmemo.OptionScreen"]}, {"31062e58355b37ccb320fd9d777c7241": ["62", "org.liberty.android.fantastischmemo.OptionScreen"]}, {"31062e58355b37ccb320fd9d777c7241": ["62", "org.liberty.android.fantastischmemo.OptionScreen"]}, {"31062e58355b37ccb320fd9d777c7241": ["62", "org.liberty.android.fantastischmemo.OptionScreen"]}, {"31062e58355b37ccb320fd9d777c7241": ["62", "org.liberty.android.fantastischmemo.OptionScreen"]}, {"31062e58355b37ccb320fd9d777c7241": ["62", "org.liberty.android.fantastischmemo.OptionScreen"]}, {"31062e58355b37ccb320fd9d777c7241": ["62", "org.liberty.android.fantastischmemo.OptionScreen"]}, {"1b11bbaaa94ba6d11ee06c3af12ac83b": ["67", "org.liberty.android.fantastischmemo.OptionScreen"]}, {"31062e58355b37ccb320fd9d777c7241": ["62", "org.liberty.android.fantastischmemo.OptionScreen"]}, {"e6b6d88a98cd7e49cd1f8a5e0f5aaaff": ["64", "org.liberty.android.fantastischmemo.OptionScreen"]}, {"e6b6d88a98cd7e49cd1f8a5e0f5aaaff": ["64", "org.liberty.android.fantastischmemo.OptionScreen"]}, {"bbdb9d43205933618e60665bc930a2fb": ["65", "org.liberty.android.fantastischmemo.OptionScreen"]}, {"e6b6d88a98cd7e49cd1f8a5e0f5aaaff": ["64", "org.liberty.android.fantastischmemo.OptionScreen"]}, {"e6b6d88a98cd7e49cd1f8a5e0f5aaaff": ["64", "org.liberty.android.fantastischmemo.OptionScreen"]}, {"da4cd557088bef53bcf43a424708df7e": ["66", "org.liberty.android.fantastischmemo.OptionScreen"]}, {"e6b6d88a98cd7e49cd1f8a5e0f5aaaff": ["64", "org.liberty.android.fantastischmemo.OptionScreen"]}, {"e6b6d88a98cd7e49cd1f8a5e0f5aaaff": ["64", "org.liberty.android.fantastischmemo.OptionScreen"]}, {"e6b6d88a98cd7e49cd1f8a5e0f5aaaff": ["64", "org.liberty.android.fantastischmemo.OptionScreen"]}, {"e6b6d88a98cd7e49cd1f8a5e0f5aaaff": ["64", "org.liberty.android.fantastischmemo.OptionScreen"]}, {"bbdb9d43205933618e60665bc930a2fb": ["65", "org.liberty.android.fantastischmemo.OptionScreen"]}, {"e6b6d88a98cd7e49cd1f8a5e0f5aaaff": ["64", "org.liberty.android.fantastischmemo.OptionScreen"]}, {"e6b6d88a98cd7e49cd1f8a5e0f5aaaff": ["64", "org.liberty.android.fantastischmemo.OptionScreen"]}, {"e6b6d88a98cd7e49cd1f8a5e0f5aaaff": ["64", "org.liberty.android.fantastischmemo.OptionScreen"]}, {"73afccee810641cc12dc8c5a2024190d": ["96", "org.liberty.android.fantastischmemo.OptionScreen"]}, {"73afccee810641cc12dc8c5a2024190d": ["96", "org.liberty.android.fantastischmemo.OptionScreen"]}, {"98c59f4c272091b2611c7089306aed66": ["199", "org.liberty.android.fantastischmemo.OptionScreen"]}, {"da4cd557088bef53bcf43a424708df7e": ["66", "org.liberty.android.fantastischmemo.OptionScreen"]}, {"dd3d4b322488801dccfc309a47b7a71d": ["201", "org.liberty.android.fantastischmemo.OptionScreen"]}, {"dd3d4b322488801dccfc309a47b7a71d": ["201", "org.liberty.android.fantastischmemo.OptionScreen"]}, {"3a661f1ec613dc337f3b23675900f97f": ["63", "org.liberty.android.fantastischmemo.OptionScreen"]}, {"c329bc3ec329c1eba40dbc8a8a382c61": ["200", "org.liberty.android.fantastischmemo.OptionScreen"]}, {"c329bc3ec329c1eba40dbc8a8a382c61": ["200", "org.liberty.android.fantastischmemo.OptionScreen"]}, {"c329bc3ec329c1eba40dbc8a8a382c61": ["200", "org.liberty.android.fantastischmemo.OptionScreen"]}, {"c329bc3ec329c1eba40dbc8a8a382c61": ["200", "org.liberty.android.fantastischmemo.OptionScreen"]}, {"c329bc3ec329c1eba40dbc8a8a382c61": ["200", "org.liberty.android.fantastischmemo.OptionScreen"]}, {"c329bc3ec329c1eba40dbc8a8a382c61": ["200", "org.liberty.android.fantastischmemo.OptionScreen"]}, {"8075861cde7307829026db3a028d0828": ["68", "org.liberty.android.fantastischmemo.OptionScreen"]}, {"966989e1e04aa54abf7f608434b4d118": ["1", "org.liberty.android.fantastischmemo.MainTabs"]}, {"21c368f45fd22266df1d29206a4d3c91": ["33", "org.liberty.android.fantastischmemo.MiscTab"]}, {"54deb72ecdea486cd9d529560435c1bc": ["0", "org.liberty.android.fantastischmemo.MainTabs"]}, {"04ea909e3cc0f04fc67d1addf672dae0": ["6", "org.liberty.android.fantastischmemo.MainTabs"]}, {"51e59acc77352fbea00cbf0183e657a3": ["53", "org.liberty.android.fantastischmemo.OpenScreenTab"]}, {"876a5d268328d3a6d62aacdab979855a": ["10", "org.liberty.android.fantastischmemo.MainTabs"]}, {"54deb72ecdea486cd9d529560435c1bc": ["0", "org.liberty.android.fantastischmemo.MainTabs"]}, {"966989e1e04aa54abf7f608434b4d118": ["1", "org.liberty.android.fantastischmemo.MainTabs"]}, {"6074d81108f7c288a530d1d9952f67d6": ["13", "org.liberty.android.fantastischmemo.MainTabs"]}, {"6074d81108f7c288a530d1d9952f67d6": ["13", "org.liberty.android.fantastischmemo.MainTabs"]}, {"d1950cab971469716d2e69086ff32c91": ["191", "org.liberty.android.fantastischmemo.downloader.DropboxLauncher"]}, {"d1950cab971469716d2e69086ff32c91": ["191", "org.liberty.android.fantastischmemo.downloader.DropboxLauncher"]}, {"d687214a07c719765fa2bd9e163908cf": ["106", "org.liberty.android.fantastischmemo.downloader.DropboxLauncher"]}, {"d27fd826edaf065deb0f94f5ce6167b7": ["107", "org.liberty.android.fantastischmemo.downloader.DropboxLauncher"]}, {"d1950cab971469716d2e69086ff32c91": ["191", "org.liberty.android.fantastischmemo.downloader.DropboxLauncher"]}, {"d687214a07c719765fa2bd9e163908cf": ["106", "org.liberty.android.fantastischmemo.downloader.DropboxLauncher"]}, {"d1950cab971469716d2e69086ff32c91": ["191", "org.liberty.android.fantastischmemo.downloader.DropboxLauncher"]}, {"d687214a07c719765fa2bd9e163908cf": ["106", "org.liberty.android.fantastischmemo.downloader.DropboxLauncher"]}, {"d1950cab971469716d2e69086ff32c91": ["191", "org.liberty.android.fantastischmemo.downloader.DropboxLauncher"]}, {"d1950cab971469716d2e69086ff32c91": ["191", "org.liberty.android.fantastischmemo.downloader.DropboxLauncher"]}, {"d1950cab971469716d2e69086ff32c91": ["191", "org.liberty.android.fantastischmemo.downloader.DropboxLauncher"]}, {"d687214a07c719765fa2bd9e163908cf": ["106", "org.liberty.android.fantastischmemo.downloader.DropboxLauncher"]}, {"d27fd826edaf065deb0f94f5ce6167b7": ["107", "org.liberty.android.fantastischmemo.downloader.DropboxLauncher"]}, {"d1950cab971469716d2e69086ff32c91": ["191", "org.liberty.android.fantastischmemo.downloader.DropboxLauncher"]}, {"d1950cab971469716d2e69086ff32c91": ["191", "org.liberty.android.fantastischmemo.downloader.DropboxLauncher"]}, {"d1950cab971469716d2e69086ff32c91": ["191", "org.liberty.android.fantastischmemo.downloader.DropboxLauncher"]}, {"d1950cab971469716d2e69086ff32c91": ["191", "org.liberty.android.fantastischmemo.downloader.DropboxLauncher"]}, {"d1950cab971469716d2e69086ff32c91": ["191", "org.liberty.android.fantastischmemo.downloader.DropboxLauncher"]}, {"d1950cab971469716d2e69086ff32c91": ["191", "org.liberty.android.fantastischmemo.downloader.DropboxLauncher"]}, {"d687214a07c719765fa2bd9e163908cf": ["106", "org.liberty.android.fantastischmemo.downloader.DropboxLauncher"]}, {"d1950cab971469716d2e69086ff32c91": ["191", "org.liberty.android.fantastischmemo.downloader.DropboxLauncher"]}, {"d1950cab971469716d2e69086ff32c91": ["191", "org.liberty.android.fantastischmemo.downloader.DropboxLauncher"]}, {"d687214a07c719765fa2bd9e163908cf": ["106", "org.liberty.android.fantastischmemo.downloader.DropboxLauncher"]}, {"d1950cab971469716d2e69086ff32c91": ["191", "org.liberty.android.fantastischmemo.downloader.DropboxLauncher"]}, {"d1950cab971469716d2e69086ff32c91": ["191", "org.liberty.android.fantastischmemo.downloader.DropboxLauncher"]}, {"d27fd826edaf065deb0f94f5ce6167b7": ["107", "org.liberty.android.fantastischmemo.downloader.DropboxLauncher"]}, {"d1950cab971469716d2e69086ff32c91": ["191", "org.liberty.android.fantastischmemo.downloader.DropboxLauncher"]}, {"d1950cab971469716d2e69086ff32c91": ["191", "org.liberty.android.fantastischmemo.downloader.DropboxLauncher"]}, {"d1950cab971469716d2e69086ff32c91": ["191", "org.liberty.android.fantastischmemo.downloader.DropboxLauncher"]}, {"d1950cab971469716d2e69086ff32c91": ["191", "org.liberty.android.fantastischmemo.downloader.DropboxLauncher"]}, {"d1950cab971469716d2e69086ff32c91": ["191", "org.liberty.android.fantastischmemo.downloader.DropboxLauncher"]}, {"d1950cab971469716d2e69086ff32c91": ["191", "org.liberty.android.fantastischmemo.downloader.DropboxLauncher"]}, {"d27fd826edaf065deb0f94f5ce6167b7": ["107", "org.liberty.android.fantastischmemo.downloader.DropboxLauncher"]}, {"d1950cab971469716d2e69086ff32c91": ["191", "org.liberty.android.fantastischmemo.downloader.DropboxLauncher"]}, {"d1950cab971469716d2e69086ff32c91": ["191", "org.liberty.android.fantastischmemo.downloader.DropboxLauncher"]}, {"d1950cab971469716d2e69086ff32c91": ["191", "org.liberty.android.fantastischmemo.downloader.DropboxLauncher"]}, {"d1950cab971469716d2e69086ff32c91": ["191", "org.liberty.android.fantastischmemo.downloader.DropboxLauncher"]}, {"d687214a07c719765fa2bd9e163908cf": ["106", "org.liberty.android.fantastischmemo.downloader.DropboxLauncher"]}, {"d1950cab971469716d2e69086ff32c91": ["191", "org.liberty.android.fantastischmemo.downloader.DropboxLauncher"]}, {"d687214a07c719765fa2bd9e163908cf": ["106", "org.liberty.android.fantastischmemo.downloader.DropboxLauncher"]}, {"d1950cab971469716d2e69086ff32c91": ["191", "org.liberty.android.fantastischmemo.downloader.DropboxLauncher"]}, {"d1950cab971469716d2e69086ff32c91": ["191", "org.liberty.android.fantastischmemo.downloader.DropboxLauncher"]}, {"d1950cab971469716d2e69086ff32c91": ["191", "org.liberty.android.fantastischmemo.downloader.DropboxLauncher"]}, {"d1950cab971469716d2e69086ff32c91": ["191", "org.liberty.android.fantastischmemo.downloader.DropboxLauncher"]}, {"d1950cab971469716d2e69086ff32c91": ["191", "org.liberty.android.fantastischmemo.downloader.DropboxLauncher"]}, {"d687214a07c719765fa2bd9e163908cf": ["106", "org.liberty.android.fantastischmemo.downloader.DropboxLauncher"]}, {"d27fd826edaf065deb0f94f5ce6167b7": ["107", "org.liberty.android.fantastischmemo.downloader.DropboxLauncher"]}, {"d1950cab971469716d2e69086ff32c91": ["191", "org.liberty.android.fantastischmemo.downloader.DropboxLauncher"]}, {"d1950cab971469716d2e69086ff32c91": ["191", "org.liberty.android.fantastischmemo.downloader.DropboxLauncher"]}, {"d687214a07c719765fa2bd9e163908cf": ["106", "org.liberty.android.fantastischmemo.downloader.DropboxLauncher"]}, {"d1950cab971469716d2e69086ff32c91": ["191", "org.liberty.android.fantastischmemo.downloader.DropboxLauncher"]}, {"d1950cab971469716d2e69086ff32c91": ["191", "org.liberty.android.fantastischmemo.downloader.DropboxLauncher"]}, {"d1950cab971469716d2e69086ff32c91": ["191", "org.liberty.android.fantastischmemo.downloader.DropboxLauncher"]}, {"d1950cab971469716d2e69086ff32c91": ["191", "org.liberty.android.fantastischmemo.downloader.DropboxLauncher"]}, {"d1950cab971469716d2e69086ff32c91": ["191", "org.liberty.android.fantastischmemo.downloader.DropboxLauncher"]}, {"d687214a07c719765fa2bd9e163908cf": ["106", "org.liberty.android.fantastischmemo.downloader.DropboxLauncher"]}, {"d1950cab971469716d2e69086ff32c91": ["191", "org.liberty.android.fantastischmemo.downloader.DropboxLauncher"]}, {"d1950cab971469716d2e69086ff32c91": ["191", "org.liberty.android.fantastischmemo.downloader.DropboxLauncher"]}, {"d1950cab971469716d2e69086ff32c91": ["191", "org.liberty.android.fantastischmemo.downloader.DropboxLauncher"]}, {"d27fd826edaf065deb0f94f5ce6167b7": ["107", "org.liberty.android.fantastischmemo.downloader.DropboxLauncher"]}, {"d1950cab971469716d2e69086ff32c91": ["191", "org.liberty.android.fantastischmemo.downloader.DropboxLauncher"]}, {"d27fd826edaf065deb0f94f5ce6167b7": ["107", "org.liberty.android.fantastischmemo.downloader.DropboxLauncher"]}, {"d1950cab971469716d2e69086ff32c91": ["191", "org.liberty.android.fantastischmemo.downloader.DropboxLauncher"]}, {"d687214a07c719765fa2bd9e163908cf": ["106", "org.liberty.android.fantastischmemo.downloader.DropboxLauncher"]}, {"d1950cab971469716d2e69086ff32c91": ["191", "org.liberty.android.fantastischmemo.downloader.DropboxLauncher"]}, {"d27fd826edaf065deb0f94f5ce6167b7": ["107", "org.liberty.android.fantastischmemo.downloader.DropboxLauncher"]}, {"d1950cab971469716d2e69086ff32c91": ["191", "org.liberty.android.fantastischmemo.downloader.DropboxLauncher"]}, {"d27fd826edaf065deb0f94f5ce6167b7": ["107", "org.liberty.android.fantastischmemo.downloader.DropboxLauncher"]}, {"d1950cab971469716d2e69086ff32c91": ["191", "org.liberty.android.fantastischmemo.downloader.DropboxLauncher"]}, {"d1950cab971469716d2e69086ff32c91": ["191", "org.liberty.android.fantastischmemo.downloader.DropboxLauncher"]}, {"d1950cab971469716d2e69086ff32c91": ["191", "org.liberty.android.fantastischmemo.downloader.DropboxLauncher"]}, {"54deb72ecdea486cd9d529560435c1bc": ["0", "org.liberty.android.fantastischmemo.MainTabs"]}, {"876a5d268328d3a6d62aacdab979855a": ["10", "org.liberty.android.fantastischmemo.MainTabs"]}, {"f5476a2dd13148fa16ad5292c2c3c6ba": ["12", "org.liberty.android.fantastischmemo.MainTabs"]}, {"876a5d268328d3a6d62aacdab979855a": ["10", "org.liberty.android.fantastischmemo.MainTabs"]}, {"f5476a2dd13148fa16ad5292c2c3c6ba": ["12", "org.liberty.android.fantastischmemo.MainTabs"]}, {"04ea909e3cc0f04fc67d1addf672dae0": ["6", "org.liberty.android.fantastischmemo.MainTabs"]}, {"04ea909e3cc0f04fc67d1addf672dae0": ["6", "org.liberty.android.fantastischmemo.MainTabs"]}, {"876a5d268328d3a6d62aacdab979855a": ["10", "org.liberty.android.fantastischmemo.MainTabs"]}, {"f5476a2dd13148fa16ad5292c2c3c6ba": ["12", "org.liberty.android.fantastischmemo.MainTabs"]}, {"04ea909e3cc0f04fc67d1addf672dae0": ["6", "org.liberty.android.fantastischmemo.MainTabs"]}, {"04ea909e3cc0f04fc67d1addf672dae0": ["6", "org.liberty.android.fantastischmemo.MainTabs"]}, {"04ea909e3cc0f04fc67d1addf672dae0": ["6", "org.liberty.android.fantastischmemo.MainTabs"]}, {"876a5d268328d3a6d62aacdab979855a": ["10", "org.liberty.android.fantastischmemo.MainTabs"]}, {"6074d81108f7c288a530d1d9952f67d6": ["13", "org.liberty.android.fantastischmemo.MainTabs"]}, {"d1950cab971469716d2e69086ff32c91": ["191", "org.liberty.android.fantastischmemo.downloader.DropboxLauncher"]}, {"d687214a07c719765fa2bd9e163908cf": ["106", "org.liberty.android.fantastischmemo.downloader.DropboxLauncher"]}, {"d1950cab971469716d2e69086ff32c91": ["191", "org.liberty.android.fantastischmemo.downloader.DropboxLauncher"]}, {"d1950cab971469716d2e69086ff32c91": ["191", "org.liberty.android.fantastischmemo.downloader.DropboxLauncher"]}, {"d1950cab971469716d2e69086ff32c91": ["191", "org.liberty.android.fantastischmemo.downloader.DropboxLauncher"]}, {"d27fd826edaf065deb0f94f5ce6167b7": ["107", "org.liberty.android.fantastischmemo.downloader.DropboxLauncher"]}, {"d1950cab971469716d2e69086ff32c91": ["191", "org.liberty.android.fantastischmemo.downloader.DropboxLauncher"]}, {"d1950cab971469716d2e69086ff32c91": ["191", "org.liberty.android.fantastischmemo.downloader.DropboxLauncher"]}, {"d1950cab971469716d2e69086ff32c91": ["191", "org.liberty.android.fantastischmemo.downloader.DropboxLauncher"]}, {"d27fd826edaf065deb0f94f5ce6167b7": ["107", "org.liberty.android.fantastischmemo.downloader.DropboxLauncher"]}, {"d1950cab971469716d2e69086ff32c91": ["191", "org.liberty.android.fantastischmemo.downloader.DropboxLauncher"]}, {"d1950cab971469716d2e69086ff32c91": ["191", "org.liberty.android.fantastischmemo.downloader.DropboxLauncher"]}, {"d687214a07c719765fa2bd9e163908cf": ["106", "org.liberty.android.fantastischmemo.downloader.DropboxLauncher"]}, {"d27fd826edaf065deb0f94f5ce6167b7": ["107", "org.liberty.android.fantastischmemo.downloader.DropboxLauncher"]}, {"d1950cab971469716d2e69086ff32c91": ["191", "org.liberty.android.fantastischmemo.downloader.DropboxLauncher"]}, {"d687214a07c719765fa2bd9e163908cf": ["106", "org.liberty.android.fantastischmemo.downloader.DropboxLauncher"]}, {"d1950cab971469716d2e69086ff32c91": ["191", "org.liberty.android.fantastischmemo.downloader.DropboxLauncher"]}, {"d1950cab971469716d2e69086ff32c91": ["191", "org.liberty.android.fantastischmemo.downloader.DropboxLauncher"]}, {"d27fd826edaf065deb0f94f5ce6167b7": ["107", "org.liberty.android.fantastischmemo.downloader.DropboxLauncher"]}, {"d1950cab971469716d2e69086ff32c91": ["191", "org.liberty.android.fantastischmemo.downloader.DropboxLauncher"]}, {"d687214a07c719765fa2bd9e163908cf": ["106", "org.liberty.android.fantastischmemo.downloader.DropboxLauncher"]}, {"d1950cab971469716d2e69086ff32c91": ["191", "org.liberty.android.fantastischmemo.downloader.DropboxLauncher"]}, {"d1950cab971469716d2e69086ff32c91": ["191", "org.liberty.android.fantastischmemo.downloader.DropboxLauncher"]}, {"d1950cab971469716d2e69086ff32c91": ["191", "org.liberty.android.fantastischmemo.downloader.DropboxLauncher"]}, {"d1950cab971469716d2e69086ff32c91": ["191", "org.liberty.android.fantastischmemo.downloader.DropboxLauncher"]}, {"d1950cab971469716d2e69086ff32c91": ["191", "org.liberty.android.fantastischmemo.downloader.DropboxLauncher"]}, {"d1950cab971469716d2e69086ff32c91": ["191", "org.liberty.android.fantastischmemo.downloader.DropboxLauncher"]}, {"d1950cab971469716d2e69086ff32c91": ["191", "org.liberty.android.fantastischmemo.downloader.DropboxLauncher"]}, {"d1950cab971469716d2e69086ff32c91": ["191", "org.liberty.android.fantastischmemo.downloader.DropboxLauncher"]}, {"d687214a07c719765fa2bd9e163908cf": ["106", "org.liberty.android.fantastischmemo.downloader.DropboxLauncher"]}, {"d1950cab971469716d2e69086ff32c91": ["191", "org.liberty.android.fantastischmemo.downloader.DropboxLauncher"]}, {"d687214a07c719765fa2bd9e163908cf": ["106", "org.liberty.android.fantastischmemo.downloader.DropboxLauncher"]}, {"d1950cab971469716d2e69086ff32c91": ["191", "org.liberty.android.fantastischmemo.downloader.DropboxLauncher"]}, {"d1950cab971469716d2e69086ff32c91": ["191", "org.liberty.android.fantastischmemo.downloader.DropboxLauncher"]}, {"d1950cab971469716d2e69086ff32c91": ["191", "org.liberty.android.fantastischmemo.downloader.DropboxLauncher"]}, {"d1950cab971469716d2e69086ff32c91": ["191", "org.liberty.android.fantastischmemo.downloader.DropboxLauncher"]}, {"d687214a07c719765fa2bd9e163908cf": ["106", "org.liberty.android.fantastischmemo.downloader.DropboxLauncher"]}, {"d1950cab971469716d2e69086ff32c91": ["191", "org.liberty.android.fantastischmemo.downloader.DropboxLauncher"]}, {"d1950cab971469716d2e69086ff32c91": ["191", "org.liberty.android.fantastischmemo.downloader.DropboxLauncher"]}, {"d1950cab971469716d2e69086ff32c91": ["191", "org.liberty.android.fantastischmemo.downloader.DropboxLauncher"]}, {"d1950cab971469716d2e69086ff32c91": ["191", "org.liberty.android.fantastischmemo.downloader.DropboxLauncher"]}, {"d1950cab971469716d2e69086ff32c91": ["191", "org.liberty.android.fantastischmemo.downloader.DropboxLauncher"]}, {"d1950cab971469716d2e69086ff32c91": ["191", "org.liberty.android.fantastischmemo.downloader.DropboxLauncher"]}, {"d1950cab971469716d2e69086ff32c91": ["191", "org.liberty.android.fantastischmemo.downloader.DropboxLauncher"]}, {"d1950cab971469716d2e69086ff32c91": ["191", "org.liberty.android.fantastischmemo.downloader.DropboxLauncher"]}, {"d27fd826edaf065deb0f94f5ce6167b7": ["107", "org.liberty.android.fantastischmemo.downloader.DropboxLauncher"]}, {"d1950cab971469716d2e69086ff32c91": ["191", "org.liberty.android.fantastischmemo.downloader.DropboxLauncher"]}, {"d27fd826edaf065deb0f94f5ce6167b7": ["107", "org.liberty.android.fantastischmemo.downloader.DropboxLauncher"]}, {"d1950cab971469716d2e69086ff32c91": ["191", "org.liberty.android.fantastischmemo.downloader.DropboxLauncher"]}, {"d1950cab971469716d2e69086ff32c91": ["191", "org.liberty.android.fantastischmemo.downloader.DropboxLauncher"]}, {"d1950cab971469716d2e69086ff32c91": ["191", "org.liberty.android.fantastischmemo.downloader.DropboxLauncher"]}, {"d687214a07c719765fa2bd9e163908cf": ["106", "org.liberty.android.fantastischmemo.downloader.DropboxLauncher"]}, {"d1950cab971469716d2e69086ff32c91": ["191", "org.liberty.android.fantastischmemo.downloader.DropboxLauncher"]}, {"d687214a07c719765fa2bd9e163908cf": ["106", "org.liberty.android.fantastischmemo.downloader.DropboxLauncher"]}, {"d1950cab971469716d2e69086ff32c91": ["191", "org.liberty.android.fantastischmemo.downloader.DropboxLauncher"]}, {"d1950cab971469716d2e69086ff32c91": ["191", "org.liberty.android.fantastischmemo.downloader.DropboxLauncher"]}, {"d27fd826edaf065deb0f94f5ce6167b7": ["107", "org.liberty.android.fantastischmemo.downloader.DropboxLauncher"]}, {"d1950cab971469716d2e69086ff32c91": ["191", "org.liberty.android.fantastischmemo.downloader.DropboxLauncher"]}, {"d1950cab971469716d2e69086ff32c91": ["191", "org.liberty.android.fantastischmemo.downloader.DropboxLauncher"]}, {"d1950cab971469716d2e69086ff32c91": ["191", "org.liberty.android.fantastischmemo.downloader.DropboxLauncher"]}, {"d687214a07c719765fa2bd9e163908cf": ["106", "org.liberty.android.fantastischmemo.downloader.DropboxLauncher"]}, {"d1950cab971469716d2e69086ff32c91": ["191", "org.liberty.android.fantastischmemo.downloader.DropboxLauncher"]}, {"6074d81108f7c288a530d1d9952f67d6": ["13", "org.liberty.android.fantastischmemo.MainTabs"]}, {"50cedbadbfe8c939b724edde19bfcf2b": ["54", "org.liberty.android.fantastischmemo.downloader.FELauncher"]}, {"bad8a243e61947b67903277d440d179b": ["57", "org.liberty.android.fantastischmemo.downloader.FEOauth"]}, {"50cedbadbfe8c939b724edde19bfcf2b": ["54", "org.liberty.android.fantastischmemo.downloader.FELauncher"]}, {"50cedbadbfe8c939b724edde19bfcf2b": ["54", "org.liberty.android.fantastischmemo.downloader.FELauncher"]}, {"16fb2b698cd2091445159dc53335ea5a": ["59", "org.liberty.android.fantastischmemo.downloader.FEDirectory"]}, {"50cedbadbfe8c939b724edde19bfcf2b": ["54", "org.liberty.android.fantastischmemo.downloader.FELauncher"]}, {"16fb2b698cd2091445159dc53335ea5a": ["59", "org.liberty.android.fantastischmemo.downloader.FEDirectory"]}, {"50cedbadbfe8c939b724edde19bfcf2b": ["54", "org.liberty.android.fantastischmemo.downloader.FELauncher"]}, {"50cedbadbfe8c939b724edde19bfcf2b": ["54", "org.liberty.android.fantastischmemo.downloader.FELauncher"]}, {"16fb2b698cd2091445159dc53335ea5a": ["59", "org.liberty.android.fantastischmemo.downloader.FEDirectory"]}, {"50cedbadbfe8c939b724edde19bfcf2b": ["54", "org.liberty.android.fantastischmemo.downloader.FELauncher"]}, {"50cedbadbfe8c939b724edde19bfcf2b": ["54", "org.liberty.android.fantastischmemo.downloader.FELauncher"]}, {"16fb2b698cd2091445159dc53335ea5a": ["59", "org.liberty.android.fantastischmemo.downloader.FEDirectory"]}, {"50cedbadbfe8c939b724edde19bfcf2b": ["54", "org.liberty.android.fantastischmemo.downloader.FELauncher"]}, {"50cedbadbfe8c939b724edde19bfcf2b": ["54", "org.liberty.android.fantastischmemo.downloader.FELauncher"]}, {"50cedbadbfe8c939b724edde19bfcf2b": ["54", "org.liberty.android.fantastischmemo.downloader.FELauncher"]}, {"50cedbadbfe8c939b724edde19bfcf2b": ["54", "org.liberty.android.fantastischmemo.downloader.FELauncher"]}, {"50cedbadbfe8c939b724edde19bfcf2b": ["54", "org.liberty.android.fantastischmemo.downloader.FELauncher"]}, {"50cedbadbfe8c939b724edde19bfcf2b": ["54", "org.liberty.android.fantastischmemo.downloader.FELauncher"]}, {"16fb2b698cd2091445159dc53335ea5a": ["59", "org.liberty.android.fantastischmemo.downloader.FEDirectory"]}, {"50cedbadbfe8c939b724edde19bfcf2b": ["54", "org.liberty.android.fantastischmemo.downloader.FELauncher"]}, {"50cedbadbfe8c939b724edde19bfcf2b": ["54", "org.liberty.android.fantastischmemo.downloader.FELauncher"]}, {"16fb2b698cd2091445159dc53335ea5a": ["59", "org.liberty.android.fantastischmemo.downloader.FEDirectory"]}, {"50cedbadbfe8c939b724edde19bfcf2b": ["54", "org.liberty.android.fantastischmemo.downloader.FELauncher"]}, {"bad8a243e61947b67903277d440d179b": ["57", "org.liberty.android.fantastischmemo.downloader.FEOauth"]}, {"50cedbadbfe8c939b724edde19bfcf2b": ["54", "org.liberty.android.fantastischmemo.downloader.FELauncher"]}, {"5535250a4e36eca1e1ae63043ba108c3": ["55", "org.liberty.android.fantastischmemo.downloader.FELauncher"]}, {"80cca8ee17fc8e40c15cc317b024c15b": ["56", "org.liberty.android.fantastischmemo.downloader.DownloaderFE"]}, {"50cedbadbfe8c939b724edde19bfcf2b": ["54", "org.liberty.android.fantastischmemo.downloader.FELauncher"]}, {"16fb2b698cd2091445159dc53335ea5a": ["59", "org.liberty.android.fantastischmemo.downloader.FEDirectory"]}, {"50cedbadbfe8c939b724edde19bfcf2b": ["54", "org.liberty.android.fantastischmemo.downloader.FELauncher"]}, {"bad8a243e61947b67903277d440d179b": ["57", "org.liberty.android.fantastischmemo.downloader.FEOauth"]}, {"50cedbadbfe8c939b724edde19bfcf2b": ["54", "org.liberty.android.fantastischmemo.downloader.FELauncher"]}, {"50cedbadbfe8c939b724edde19bfcf2b": ["54", "org.liberty.android.fantastischmemo.downloader.FELauncher"]}, {"50cedbadbfe8c939b724edde19bfcf2b": ["54", "org.liberty.android.fantastischmemo.downloader.FELauncher"]}, {"04ea909e3cc0f04fc67d1addf672dae0": ["6", "org.liberty.android.fantastischmemo.MainTabs"]}, {"93c2a56a8539b07203c482d991498a04": ["42", "org.liberty.android.fantastischmemo.cardscreen.EditScreen"]}, {"93c2a56a8539b07203c482d991498a04": ["42", "org.liberty.android.fantastischmemo.cardscreen.EditScreen"]}, {"93c2a56a8539b07203c482d991498a04": ["42", "org.liberty.android.fantastischmemo.cardscreen.EditScreen"]}, {"93c2a56a8539b07203c482d991498a04": ["42", "org.liberty.android.fantastischmemo.cardscreen.EditScreen"]}, {"93c2a56a8539b07203c482d991498a04": ["42", "org.liberty.android.fantastischmemo.cardscreen.EditScreen"]}, {"93c2a56a8539b07203c482d991498a04": ["42", "org.liberty.android.fantastischmemo.cardscreen.EditScreen"]}, {"93c2a56a8539b07203c482d991498a04": ["42", "org.liberty.android.fantastischmemo.cardscreen.EditScreen"]}, {"93c2a56a8539b07203c482d991498a04": ["42", "org.liberty.android.fantastischmemo.cardscreen.EditScreen"]}, {"01bb506f9f21c067e46303a2d6811f22": ["286", "org.liberty.android.fantastischmemo.cardscreen.ListEditScreen"]}, {"04ea909e3cc0f04fc67d1addf672dae0": ["6", "org.liberty.android.fantastischmemo.MainTabs"]}, {"876a5d268328d3a6d62aacdab979855a": ["10", "org.liberty.android.fantastischmemo.MainTabs"]}, {"93c2a56a8539b07203c482d991498a04": ["42", "org.liberty.android.fantastischmemo.cardscreen.EditScreen"]}, {"93c2a56a8539b07203c482d991498a04": ["42", "org.liberty.android.fantastischmemo.cardscreen.EditScreen"]}, {"93c2a56a8539b07203c482d991498a04": ["42", "org.liberty.android.fantastischmemo.cardscreen.EditScreen"]}, {"8ba4d8c3e75c247242a93b601fd5f974": ["43", "org.liberty.android.fantastischmemo.cardscreen.CardEditor"]}, {"93c2a56a8539b07203c482d991498a04": ["42", "org.liberty.android.fantastischmemo.cardscreen.EditScreen"]}, {"93c2a56a8539b07203c482d991498a04": ["42", "org.liberty.android.fantastischmemo.cardscreen.EditScreen"]}, {"93c2a56a8539b07203c482d991498a04": ["42", "org.liberty.android.fantastischmemo.cardscreen.EditScreen"]}, {"93c2a56a8539b07203c482d991498a04": ["42", "org.liberty.android.fantastischmemo.cardscreen.EditScreen"]}, {"93c2a56a8539b07203c482d991498a04": ["42", "org.liberty.android.fantastischmemo.cardscreen.EditScreen"]}, {"93c2a56a8539b07203c482d991498a04": ["42", "org.liberty.android.fantastischmemo.cardscreen.EditScreen"]}, {"93c2a56a8539b07203c482d991498a04": ["42", "org.liberty.android.fantastischmemo.cardscreen.EditScreen"]}, {"93c2a56a8539b07203c482d991498a04": ["42", "org.liberty.android.fantastischmemo.cardscreen.EditScreen"]}, {"93c2a56a8539b07203c482d991498a04": ["42", "org.liberty.android.fantastischmemo.cardscreen.EditScreen"]}, {"57e89401de93802e7b3635a0dacc0f25": ["287", "org.liberty.android.fantastischmemo.cardscreen.EditScreen"]}, {"93c2a56a8539b07203c482d991498a04": ["42", "org.liberty.android.fantastischmemo.cardscreen.EditScreen"]}, {"93c2a56a8539b07203c482d991498a04": ["42", "org.liberty.android.fantastischmemo.cardscreen.EditScreen"]}, {"f84dfb2a765b74fd2dc9c8547cf95172": ["241", "org.liberty.android.fantastischmemo.cardscreen.EditScreen"]}, {"f84dfb2a765b74fd2dc9c8547cf95172": ["241", "org.liberty.android.fantastischmemo.cardscreen.EditScreen"]}, {"f84dfb2a765b74fd2dc9c8547cf95172": ["241", "org.liberty.android.fantastischmemo.cardscreen.EditScreen"]}, {"f84dfb2a765b74fd2dc9c8547cf95172": ["241", "org.liberty.android.fantastischmemo.cardscreen.EditScreen"]}, {"f84dfb2a765b74fd2dc9c8547cf95172": ["241", "org.liberty.android.fantastischmemo.cardscreen.EditScreen"]}, {"f84dfb2a765b74fd2dc9c8547cf95172": ["241", "org.liberty.android.fantastischmemo.cardscreen.EditScreen"]}, {"93c2a56a8539b07203c482d991498a04": ["42", "org.liberty.android.fantastischmemo.cardscreen.EditScreen"]}, {"93c2a56a8539b07203c482d991498a04": ["42", "org.liberty.android.fantastischmemo.cardscreen.EditScreen"]}, {"93c2a56a8539b07203c482d991498a04": ["42", "org.liberty.android.fantastischmemo.cardscreen.EditScreen"]}, {"93c2a56a8539b07203c482d991498a04": ["42", "org.liberty.android.fantastischmemo.cardscreen.EditScreen"]}, {"93c2a56a8539b07203c482d991498a04": ["42", "org.liberty.android.fantastischmemo.cardscreen.EditScreen"]}, {"93c2a56a8539b07203c482d991498a04": ["42", "org.liberty.android.fantastischmemo.cardscreen.EditScreen"]}, {"93c2a56a8539b07203c482d991498a04": ["42", "org.liberty.android.fantastischmemo.cardscreen.EditScreen"]}, {"93c2a56a8539b07203c482d991498a04": ["42", "org.liberty.android.fantastischmemo.cardscreen.EditScreen"]}, {"93c2a56a8539b07203c482d991498a04": ["42", "org.liberty.android.fantastischmemo.cardscreen.EditScreen"]}, {"93c2a56a8539b07203c482d991498a04": ["42", "org.liberty.android.fantastischmemo.cardscreen.EditScreen"]}, {"93c2a56a8539b07203c482d991498a04": ["42", "org.liberty.android.fantastischmemo.cardscreen.EditScreen"]}, {"93c2a56a8539b07203c482d991498a04": ["42", "org.liberty.android.fantastischmemo.cardscreen.EditScreen"]}, {"f84dfb2a765b74fd2dc9c8547cf95172": ["241", "org.liberty.android.fantastischmemo.cardscreen.EditScreen"]}, {"f84dfb2a765b74fd2dc9c8547cf95172": ["241", "org.liberty.android.fantastischmemo.cardscreen.EditScreen"]}, {"f84dfb2a765b74fd2dc9c8547cf95172": ["241", "org.liberty.android.fantastischmemo.cardscreen.EditScreen"]}, {"f84dfb2a765b74fd2dc9c8547cf95172": ["241", "org.liberty.android.fantastischmemo.cardscreen.EditScreen"]}, {"f84dfb2a765b74fd2dc9c8547cf95172": ["241", "org.liberty.android.fantastischmemo.cardscreen.EditScreen"]}, {"f84dfb2a765b74fd2dc9c8547cf95172": ["241", "org.liberty.android.fantastischmemo.cardscreen.EditScreen"]}, {"f84dfb2a765b74fd2dc9c8547cf95172": ["241", "org.liberty.android.fantastischmemo.cardscreen.EditScreen"]}, {"f84dfb2a765b74fd2dc9c8547cf95172": ["241", "org.liberty.android.fantastischmemo.cardscreen.EditScreen"]}, {"f84dfb2a765b74fd2dc9c8547cf95172": ["241", "org.liberty.android.fantastischmemo.cardscreen.EditScreen"]}, {"f84dfb2a765b74fd2dc9c8547cf95172": ["241", "org.liberty.android.fantastischmemo.cardscreen.EditScreen"]}, {"f84dfb2a765b74fd2dc9c8547cf95172": ["241", "org.liberty.android.fantastischmemo.cardscreen.EditScreen"]}, {"f84dfb2a765b74fd2dc9c8547cf95172": ["241", "org.liberty.android.fantastischmemo.cardscreen.EditScreen"]}, {"f84dfb2a765b74fd2dc9c8547cf95172": ["241", "org.liberty.android.fantastischmemo.cardscreen.EditScreen"]}, {"f84dfb2a765b74fd2dc9c8547cf95172": ["241", "org.liberty.android.fantastischmemo.cardscreen.EditScreen"]}, {"f84dfb2a765b74fd2dc9c8547cf95172": ["241", "org.liberty.android.fantastischmemo.cardscreen.EditScreen"]}, {"f84dfb2a765b74fd2dc9c8547cf95172": ["241", "org.liberty.android.fantastischmemo.cardscreen.EditScreen"]}, {"f84dfb2a765b74fd2dc9c8547cf95172": ["241", "org.liberty.android.fantastischmemo.cardscreen.EditScreen"]}, {"f84dfb2a765b74fd2dc9c8547cf95172": ["241", "org.liberty.android.fantastischmemo.cardscreen.EditScreen"]}, {"f84dfb2a765b74fd2dc9c8547cf95172": ["241", "org.liberty.android.fantastischmemo.cardscreen.EditScreen"]}, {"f84dfb2a765b74fd2dc9c8547cf95172": ["241", "org.liberty.android.fantastischmemo.cardscreen.EditScreen"]}, {"0cb09cc92ae4526f22c31abf89c5fdde": ["5", "org.liberty.android.fantastischmemo.FileBrowser"]}, {"a2d088804801075a06dcfc902c1ba551": ["4", "org.liberty.android.fantastischmemo.FileBrowser"]}, {"0cb09cc92ae4526f22c31abf89c5fdde": ["5", "org.liberty.android.fantastischmemo.FileBrowser"]}, {"a2d088804801075a06dcfc902c1ba551": ["4", "org.liberty.android.fantastischmemo.FileBrowser"]}, {"0cb09cc92ae4526f22c31abf89c5fdde": ["5", "org.liberty.android.fantastischmemo.FileBrowser"]}, {"a2d088804801075a06dcfc902c1ba551": ["4", "org.liberty.android.fantastischmemo.FileBrowser"]}, {"e437578434f0de9f35d5b04fac24e131": ["3", "org.liberty.android.fantastischmemo.FileBrowser"]}, {"093157945ca0c0ad26239ffff1c1b0b2": ["40", "org.liberty.android.fantastischmemo.cardscreen.CardEditor"]}, {"93c2a56a8539b07203c482d991498a04": ["42", "org.liberty.android.fantastischmemo.cardscreen.EditScreen"]}, {"93c2a56a8539b07203c482d991498a04": ["42", "org.liberty.android.fantastischmemo.cardscreen.EditScreen"]}, {"93c2a56a8539b07203c482d991498a04": ["42", "org.liberty.android.fantastischmemo.cardscreen.EditScreen"]}, {"93c2a56a8539b07203c482d991498a04": ["42", "org.liberty.android.fantastischmemo.cardscreen.EditScreen"]}, {"93c2a56a8539b07203c482d991498a04": ["42", "org.liberty.android.fantastischmemo.cardscreen.EditScreen"]}, {"f84dfb2a765b74fd2dc9c8547cf95172": ["241", "org.liberty.android.fantastischmemo.cardscreen.EditScreen"]}, {"f84dfb2a765b74fd2dc9c8547cf95172": ["241", "org.liberty.android.fantastischmemo.cardscreen.EditScreen"]}, {"f84dfb2a765b74fd2dc9c8547cf95172": ["241", "org.liberty.android.fantastischmemo.cardscreen.EditScreen"]}, {"f84dfb2a765b74fd2dc9c8547cf95172": ["241", "org.liberty.android.fantastischmemo.cardscreen.EditScreen"]}, {"f84dfb2a765b74fd2dc9c8547cf95172": ["241", "org.liberty.android.fantastischmemo.cardscreen.EditScreen"]}, {"f84dfb2a765b74fd2dc9c8547cf95172": ["241", "org.liberty.android.fantastischmemo.cardscreen.EditScreen"]}, {"f84dfb2a765b74fd2dc9c8547cf95172": ["241", "org.liberty.android.fantastischmemo.cardscreen.EditScreen"]}, {"f84dfb2a765b74fd2dc9c8547cf95172": ["241", "org.liberty.android.fantastischmemo.cardscreen.EditScreen"]}, {"f84dfb2a765b74fd2dc9c8547cf95172": ["241", "org.liberty.android.fantastischmemo.cardscreen.EditScreen"]}, {"f84dfb2a765b74fd2dc9c8547cf95172": ["241", "org.liberty.android.fantastischmemo.cardscreen.EditScreen"]}, {"f84dfb2a765b74fd2dc9c8547cf95172": ["241", "org.liberty.android.fantastischmemo.cardscreen.EditScreen"]}, {"f84dfb2a765b74fd2dc9c8547cf95172": ["241", "org.liberty.android.fantastischmemo.cardscreen.EditScreen"]}, {"f84dfb2a765b74fd2dc9c8547cf95172": ["241", "org.liberty.android.fantastischmemo.cardscreen.EditScreen"]}, {"f84dfb2a765b74fd2dc9c8547cf95172": ["241", "org.liberty.android.fantastischmemo.cardscreen.EditScreen"]}, {"f84dfb2a765b74fd2dc9c8547cf95172": ["241", "org.liberty.android.fantastischmemo.cardscreen.EditScreen"]}, {"f84dfb2a765b74fd2dc9c8547cf95172": ["241", "org.liberty.android.fantastischmemo.cardscreen.EditScreen"]}, {"f84dfb2a765b74fd2dc9c8547cf95172": ["241", "org.liberty.android.fantastischmemo.cardscreen.EditScreen"]}, {"f84dfb2a765b74fd2dc9c8547cf95172": ["241", "org.liberty.android.fantastischmemo.cardscreen.EditScreen"]}, {"f84dfb2a765b74fd2dc9c8547cf95172": ["241", "org.liberty.android.fantastischmemo.cardscreen.EditScreen"]}, {"f84dfb2a765b74fd2dc9c8547cf95172": ["241", "org.liberty.android.fantastischmemo.cardscreen.EditScreen"]}, {"f84dfb2a765b74fd2dc9c8547cf95172": ["241", "org.liberty.android.fantastischmemo.cardscreen.EditScreen"]}, {"f84dfb2a765b74fd2dc9c8547cf95172": ["241", "org.liberty.android.fantastischmemo.cardscreen.EditScreen"]}, {"f84dfb2a765b74fd2dc9c8547cf95172": ["241", "org.liberty.android.fantastischmemo.cardscreen.EditScreen"]}, {"f84dfb2a765b74fd2dc9c8547cf95172": ["241", "org.liberty.android.fantastischmemo.cardscreen.EditScreen"]}, {"f84dfb2a765b74fd2dc9c8547cf95172": ["241", "org.liberty.android.fantastischmemo.cardscreen.EditScreen"]}, {"f84dfb2a765b74fd2dc9c8547cf95172": ["241", "org.liberty.android.fantastischmemo.cardscreen.EditScreen"]}, {"f84dfb2a765b74fd2dc9c8547cf95172": ["241", "org.liberty.android.fantastischmemo.cardscreen.EditScreen"]}, {"f84dfb2a765b74fd2dc9c8547cf95172": ["241", "org.liberty.android.fantastischmemo.cardscreen.EditScreen"]}, {"f84dfb2a765b74fd2dc9c8547cf95172": ["241", "org.liberty.android.fantastischmemo.cardscreen.EditScreen"]}, {"f84dfb2a765b74fd2dc9c8547cf95172": ["241", "org.liberty.android.fantastischmemo.cardscreen.EditScreen"]}, {"f84dfb2a765b74fd2dc9c8547cf95172": ["241", "org.liberty.android.fantastischmemo.cardscreen.EditScreen"]}, {"f84dfb2a765b74fd2dc9c8547cf95172": ["241", "org.liberty.android.fantastischmemo.cardscreen.EditScreen"]}, {"f84dfb2a765b74fd2dc9c8547cf95172": ["241", "org.liberty.android.fantastischmemo.cardscreen.EditScreen"]}, {"f84dfb2a765b74fd2dc9c8547cf95172": ["241", "org.liberty.android.fantastischmemo.cardscreen.EditScreen"]}, {"f84dfb2a765b74fd2dc9c8547cf95172": ["241", "org.liberty.android.fantastischmemo.cardscreen.EditScreen"]}, {"5e242aac33ef8d9e0cbbd51598a2b736": ["288", "org.liberty.android.fantastischmemo.cardscreen.ListEditScreen"]}, {"93c2a56a8539b07203c482d991498a04": ["42", "org.liberty.android.fantastischmemo.cardscreen.EditScreen"]}, {"93c2a56a8539b07203c482d991498a04": ["42", "org.liberty.android.fantastischmemo.cardscreen.EditScreen"]}, {"93c2a56a8539b07203c482d991498a04": ["42", "org.liberty.android.fantastischmemo.cardscreen.EditScreen"]}, {"93c2a56a8539b07203c482d991498a04": ["42", "org.liberty.android.fantastischmemo.cardscreen.EditScreen"]}, {"93c2a56a8539b07203c482d991498a04": ["42", "org.liberty.android.fantastischmemo.cardscreen.EditScreen"]}, {"93c2a56a8539b07203c482d991498a04": ["42", "org.liberty.android.fantastischmemo.cardscreen.EditScreen"]}, {"93c2a56a8539b07203c482d991498a04": ["42", "org.liberty.android.fantastischmemo.cardscreen.EditScreen"]}, {"93c2a56a8539b07203c482d991498a04": ["42", "org.liberty.android.fantastischmemo.cardscreen.EditScreen"]}, {"93c2a56a8539b07203c482d991498a04": ["42", "org.liberty.android.fantastischmemo.cardscreen.EditScreen"]}, {"93c2a56a8539b07203c482d991498a04": ["42", "org.liberty.android.fantastischmemo.cardscreen.EditScreen"]}, {"93c2a56a8539b07203c482d991498a04": ["42", "org.liberty.android.fantastischmemo.cardscreen.EditScreen"]}, {"093157945ca0c0ad26239ffff1c1b0b2": ["40", "org.liberty.android.fantastischmemo.cardscreen.CardEditor"]}, {"f84dfb2a765b74fd2dc9c8547cf95172": ["241", "org.liberty.android.fantastischmemo.cardscreen.EditScreen"]}, {"f84dfb2a765b74fd2dc9c8547cf95172": ["241", "org.liberty.android.fantastischmemo.cardscreen.EditScreen"]}, {"f84dfb2a765b74fd2dc9c8547cf95172": ["241", "org.liberty.android.fantastischmemo.cardscreen.EditScreen"]}, {"f84dfb2a765b74fd2dc9c8547cf95172": ["241", "org.liberty.android.fantastischmemo.cardscreen.EditScreen"]}, {"f84dfb2a765b74fd2dc9c8547cf95172": ["241", "org.liberty.android.fantastischmemo.cardscreen.EditScreen"]}, {"93c2a56a8539b07203c482d991498a04": ["42", "org.liberty.android.fantastischmemo.cardscreen.EditScreen"]}, {"93c2a56a8539b07203c482d991498a04": ["42", "org.liberty.android.fantastischmemo.cardscreen.EditScreen"]}, {"93c2a56a8539b07203c482d991498a04": ["42", "org.liberty.android.fantastischmemo.cardscreen.EditScreen"]}, {"93c2a56a8539b07203c482d991498a04": ["42", "org.liberty.android.fantastischmemo.cardscreen.EditScreen"]}, {"93c2a56a8539b07203c482d991498a04": ["42", "org.liberty.android.fantastischmemo.cardscreen.EditScreen"]}, {"93c2a56a8539b07203c482d991498a04": ["42", "org.liberty.android.fantastischmemo.cardscreen.EditScreen"]}, {"93c2a56a8539b07203c482d991498a04": ["42", "org.liberty.android.fantastischmemo.cardscreen.EditScreen"]}, {"93c2a56a8539b07203c482d991498a04": ["42", "org.liberty.android.fantastischmemo.cardscreen.EditScreen"]}, {"93c2a56a8539b07203c482d991498a04": ["42", "org.liberty.android.fantastischmemo.cardscreen.EditScreen"]}, {"93c2a56a8539b07203c482d991498a04": ["42", "org.liberty.android.fantastischmemo.cardscreen.EditScreen"]}, {"93c2a56a8539b07203c482d991498a04": ["42", "org.liberty.android.fantastischmemo.cardscreen.EditScreen"]}, {"93c2a56a8539b07203c482d991498a04": ["42", "org.liberty.android.fantastischmemo.cardscreen.EditScreen"]}, {"93c2a56a8539b07203c482d991498a04": ["42", "org.liberty.android.fantastischmemo.cardscreen.EditScreen"]}, {"93c2a56a8539b07203c482d991498a04": ["42", "org.liberty.android.fantastischmemo.cardscreen.EditScreen"]}, {"93c2a56a8539b07203c482d991498a04": ["42", "org.liberty.android.fantastischmemo.cardscreen.EditScreen"]}, {"93c2a56a8539b07203c482d991498a04": ["42", "org.liberty.android.fantastischmemo.cardscreen.EditScreen"]}, {"93c2a56a8539b07203c482d991498a04": ["42", "org.liberty.android.fantastischmemo.cardscreen.EditScreen"]}, {"93c2a56a8539b07203c482d991498a04": ["42", "org.liberty.android.fantastischmemo.cardscreen.EditScreen"]}, {"93c2a56a8539b07203c482d991498a04": ["42", "org.liberty.android.fantastischmemo.cardscreen.EditScreen"]}, {"93c2a56a8539b07203c482d991498a04": ["42", "org.liberty.android.fantastischmemo.cardscreen.EditScreen"]}, {"93c2a56a8539b07203c482d991498a04": ["42", "org.liberty.android.fantastischmemo.cardscreen.EditScreen"]}, {"93c2a56a8539b07203c482d991498a04": ["42", "org.liberty.android.fantastischmemo.cardscreen.EditScreen"]}, {"93c2a56a8539b07203c482d991498a04": ["42", "org.liberty.android.fantastischmemo.cardscreen.EditScreen"]}, {"93c2a56a8539b07203c482d991498a04": ["42", "org.liberty.android.fantastischmemo.cardscreen.EditScreen"]}, {"01bb506f9f21c067e46303a2d6811f22": ["286", "org.liberty.android.fantastischmemo.cardscreen.ListEditScreen"]}, {"93c2a56a8539b07203c482d991498a04": ["42", "org.liberty.android.fantastischmemo.cardscreen.EditScreen"]}, {"93c2a56a8539b07203c482d991498a04": ["42", "org.liberty.android.fantastischmemo.cardscreen.EditScreen"]}, {"54deb72ecdea486cd9d529560435c1bc": ["0", "org.liberty.android.fantastischmemo.MainTabs"]}, {"04ea909e3cc0f04fc67d1addf672dae0": ["6", "org.liberty.android.fantastischmemo.MainTabs"]}, {"51e59acc77352fbea00cbf0183e657a3": ["53", "org.liberty.android.fantastischmemo.OpenScreenTab"]}, {"876a5d268328d3a6d62aacdab979855a": ["10", "org.liberty.android.fantastischmemo.MainTabs"]}, {"54deb72ecdea486cd9d529560435c1bc": ["0", "org.liberty.android.fantastischmemo.MainTabs"]}, {"966989e1e04aa54abf7f608434b4d118": ["1", "org.liberty.android.fantastischmemo.MainTabs"]}, {"9cd8fa38cdd55ee417e83e36a567c385": ["75", "org.liberty.android.fantastischmemo.MainTabs"]}, {"9cd8fa38cdd55ee417e83e36a567c385": ["75", "org.liberty.android.fantastischmemo.MainTabs"]}, {"3b8c8944e3ed630b35c6ecca64424746": ["289", "org.liberty.android.fantastischmemo.OptionScreen"]}, {"54deb72ecdea486cd9d529560435c1bc": ["0", "org.liberty.android.fantastischmemo.MainTabs"]}, {"9cd8fa38cdd55ee417e83e36a567c385": ["75", "org.liberty.android.fantastischmemo.MainTabs"]}, {"0a5b3b7a6fe489014f27a5e596510520": ["115", "org.liberty.android.fantastischmemo.converter.ConvertScreen"]}, {"7f7432d832fc3cdf35fe54ce8247be61": ["189", "org.liberty.android.fantastischmemo.converter.ConvertScreen"]}, {"0a30120086df288ec5ac6c4a51302587": ["190", "org.liberty.android.fantastischmemo.converter.ConvertScreen"]}, {"0a5b3b7a6fe489014f27a5e596510520": ["115", "org.liberty.android.fantastischmemo.converter.ConvertScreen"]}, {"0a5b3b7a6fe489014f27a5e596510520": ["115", "org.liberty.android.fantastischmemo.converter.ConvertScreen"]}, {"7f7432d832fc3cdf35fe54ce8247be61": ["189", "org.liberty.android.fantastischmemo.converter.ConvertScreen"]}, {"0a30120086df288ec5ac6c4a51302587": ["190", "org.liberty.android.fantastischmemo.converter.ConvertScreen"]}, {"0a5b3b7a6fe489014f27a5e596510520": ["115", "org.liberty.android.fantastischmemo.converter.ConvertScreen"]}, {"7f7432d832fc3cdf35fe54ce8247be61": ["189", "org.liberty.android.fantastischmemo.converter.ConvertScreen"]}, {"0a30120086df288ec5ac6c4a51302587": ["190", "org.liberty.android.fantastischmemo.converter.ConvertScreen"]}, {"7f7432d832fc3cdf35fe54ce8247be61": ["189", "org.liberty.android.fantastischmemo.converter.ConvertScreen"]}, {"0a30120086df288ec5ac6c4a51302587": ["190", "org.liberty.android.fantastischmemo.converter.ConvertScreen"]}, {"966989e1e04aa54abf7f608434b4d118": ["1", "org.liberty.android.fantastischmemo.MainTabs"]}, {"54deb72ecdea486cd9d529560435c1bc": ["0", "org.liberty.android.fantastischmemo.MainTabs"]}, {"54deb72ecdea486cd9d529560435c1bc": ["0", "org.liberty.android.fantastischmemo.MainTabs"]}, {"793ef49199f494536f2dadf712c4704c": ["48", "org.liberty.android.fantastischmemo.MainTabs"]}, {"51e59acc77352fbea00cbf0183e657a3": ["53", "org.liberty.android.fantastischmemo.OpenScreenTab"]}, {"876a5d268328d3a6d62aacdab979855a": ["10", "org.liberty.android.fantastischmemo.MainTabs"]}, {"54deb72ecdea486cd9d529560435c1bc": ["0", "org.liberty.android.fantastischmemo.MainTabs"]}, {"966989e1e04aa54abf7f608434b4d118": ["1", "org.liberty.android.fantastischmemo.MainTabs"]}, {"6074d81108f7c288a530d1d9952f67d6": ["13", "org.liberty.android.fantastischmemo.MainTabs"]}, {"6074d81108f7c288a530d1d9952f67d6": ["13", "org.liberty.android.fantastischmemo.MainTabs"]}, {"9cd8fa38cdd55ee417e83e36a567c385": ["75", "org.liberty.android.fantastischmemo.MainTabs"]}, {"31062e58355b37ccb320fd9d777c7241": ["62", "org.liberty.android.fantastischmemo.OptionScreen"]}, {"31062e58355b37ccb320fd9d777c7241": ["62", "org.liberty.android.fantastischmemo.OptionScreen"]}, {"8075861cde7307829026db3a028d0828": ["68", "org.liberty.android.fantastischmemo.OptionScreen"]}, {"31062e58355b37ccb320fd9d777c7241": ["62", "org.liberty.android.fantastischmemo.OptionScreen"]}, {"c329bc3ec329c1eba40dbc8a8a382c61": ["200", "org.liberty.android.fantastischmemo.OptionScreen"]}, {"c329bc3ec329c1eba40dbc8a8a382c61": ["200", "org.liberty.android.fantastischmemo.OptionScreen"]}, {"c329bc3ec329c1eba40dbc8a8a382c61": ["200", "org.liberty.android.fantastischmemo.OptionScreen"]}, {"31062e58355b37ccb320fd9d777c7241": ["62", "org.liberty.android.fantastischmemo.OptionScreen"]}, {"31062e58355b37ccb320fd9d777c7241": ["62", "org.liberty.android.fantastischmemo.OptionScreen"]}, {"31062e58355b37ccb320fd9d777c7241": ["62", "org.liberty.android.fantastischmemo.OptionScreen"]}, {"31062e58355b37ccb320fd9d777c7241": ["62", "org.liberty.android.fantastischmemo.OptionScreen"]}, {"c329bc3ec329c1eba40dbc8a8a382c61": ["200", "org.liberty.android.fantastischmemo.OptionScreen"]}, {"3a661f1ec613dc337f3b23675900f97f": ["63", "org.liberty.android.fantastischmemo.OptionScreen"]}, {"c329bc3ec329c1eba40dbc8a8a382c61": ["200", "org.liberty.android.fantastischmemo.OptionScreen"]}, {"3a661f1ec613dc337f3b23675900f97f": ["63", "org.liberty.android.fantastischmemo.OptionScreen"]}, {"54deb72ecdea486cd9d529560435c1bc": ["0", "org.liberty.android.fantastischmemo.MainTabs"]}, {"54deb72ecdea486cd9d529560435c1bc": ["0", "org.liberty.android.fantastischmemo.MainTabs"]}, {"966989e1e04aa54abf7f608434b4d118": ["1", "org.liberty.android.fantastischmemo.MainTabs"]}, {"3b8c8944e3ed630b35c6ecca64424746": ["289", "org.liberty.android.fantastischmemo.OptionScreen"]}, {"1b11bbaaa94ba6d11ee06c3af12ac83b": ["67", "org.liberty.android.fantastischmemo.OptionScreen"]}, {"3b8c8944e3ed630b35c6ecca64424746": ["289", "org.liberty.android.fantastischmemo.OptionScreen"]}, {"3b8c8944e3ed630b35c6ecca64424746": ["289", "org.liberty.android.fantastischmemo.OptionScreen"]}, {"3b8c8944e3ed630b35c6ecca64424746": ["289", "org.liberty.android.fantastischmemo.OptionScreen"]}, {"3b8c8944e3ed630b35c6ecca64424746": ["289", "org.liberty.android.fantastischmemo.OptionScreen"]}, {"1b11bbaaa94ba6d11ee06c3af12ac83b": ["67", "org.liberty.android.fantastischmemo.OptionScreen"]}, {"3b8c8944e3ed630b35c6ecca64424746": ["289", "org.liberty.android.fantastischmemo.OptionScreen"]}, {"e6b6d88a98cd7e49cd1f8a5e0f5aaaff": ["64", "org.liberty.android.fantastischmemo.OptionScreen"]}, {"da4cd557088bef53bcf43a424708df7e": ["66", "org.liberty.android.fantastischmemo.OptionScreen"]}, {"e6b6d88a98cd7e49cd1f8a5e0f5aaaff": ["64", "org.liberty.android.fantastischmemo.OptionScreen"]}, {"da4cd557088bef53bcf43a424708df7e": ["66", "org.liberty.android.fantastischmemo.OptionScreen"]}, {"e6b6d88a98cd7e49cd1f8a5e0f5aaaff": ["64", "org.liberty.android.fantastischmemo.OptionScreen"]}, {"3a661f1ec613dc337f3b23675900f97f": ["63", "org.liberty.android.fantastischmemo.OptionScreen"]}, {"e6b6d88a98cd7e49cd1f8a5e0f5aaaff": ["64", "org.liberty.android.fantastischmemo.OptionScreen"]}, {"31062e58355b37ccb320fd9d777c7241": ["62", "org.liberty.android.fantastischmemo.OptionScreen"]}, {"3a661f1ec613dc337f3b23675900f97f": ["63", "org.liberty.android.fantastischmemo.OptionScreen"]}, {"394da9b1d730bfd61973bf8b667b68b8": ["203", "org.liberty.android.fantastischmemo.OptionScreen"]}, {"e6b6d88a98cd7e49cd1f8a5e0f5aaaff": ["64", "org.liberty.android.fantastischmemo.OptionScreen"]}, {"e6b6d88a98cd7e49cd1f8a5e0f5aaaff": ["64", "org.liberty.android.fantastischmemo.OptionScreen"]}, {"3b8c8944e3ed630b35c6ecca64424746": ["289", "org.liberty.android.fantastischmemo.OptionScreen"]}, {"3b8c8944e3ed630b35c6ecca64424746": ["289", "org.liberty.android.fantastischmemo.OptionScreen"]}, {"3b8c8944e3ed630b35c6ecca64424746": ["289", "org.liberty.android.fantastischmemo.OptionScreen"]}, {"3b8c8944e3ed630b35c6ecca64424746": ["289", "org.liberty.android.fantastischmemo.OptionScreen"]}, {"3b8c8944e3ed630b35c6ecca64424746": ["289", "org.liberty.android.fantastischmemo.OptionScreen"]}, {"8075861cde7307829026db3a028d0828": ["68", "org.liberty.android.fantastischmemo.OptionScreen"]}, {"3b8c8944e3ed630b35c6ecca64424746": ["289", "org.liberty.android.fantastischmemo.OptionScreen"]}, {"1b11bbaaa94ba6d11ee06c3af12ac83b": ["67", "org.liberty.android.fantastischmemo.OptionScreen"]}, {"3b8c8944e3ed630b35c6ecca64424746": ["289", "org.liberty.android.fantastischmemo.OptionScreen"]}, {"1b11bbaaa94ba6d11ee06c3af12ac83b": ["67", "org.liberty.android.fantastischmemo.OptionScreen"]}, {"3b8c8944e3ed630b35c6ecca64424746": ["289", "org.liberty.android.fantastischmemo.OptionScreen"]}, {"1b11bbaaa94ba6d11ee06c3af12ac83b": ["67", "org.liberty.android.fantastischmemo.OptionScreen"]}, {"3b8c8944e3ed630b35c6ecca64424746": ["289", "org.liberty.android.fantastischmemo.OptionScreen"]}, {"3b8c8944e3ed630b35c6ecca64424746": ["289", "org.liberty.android.fantastischmemo.OptionScreen"]}, {"1b11bbaaa94ba6d11ee06c3af12ac83b": ["67", "org.liberty.android.fantastischmemo.OptionScreen"]}, {"966989e1e04aa54abf7f608434b4d118": ["1", "org.liberty.android.fantastischmemo.MainTabs"]}, {"966989e1e04aa54abf7f608434b4d118": ["1", "org.liberty.android.fantastischmemo.MainTabs"]}, {"3b8c8944e3ed630b35c6ecca64424746": ["289", "org.liberty.android.fantastischmemo.OptionScreen"]}, {"3b8c8944e3ed630b35c6ecca64424746": ["289", "org.liberty.android.fantastischmemo.OptionScreen"]}, {"15fe78bcc3d046ac1e71e52749cac725": ["69", "org.liberty.android.fantastischmemo.OptionScreen"]}, {"3b8c8944e3ed630b35c6ecca64424746": ["289", "org.liberty.android.fantastischmemo.OptionScreen"]}, {"3b8c8944e3ed630b35c6ecca64424746": ["289", "org.liberty.android.fantastischmemo.OptionScreen"]}, {"3b8c8944e3ed630b35c6ecca64424746": ["289", "org.liberty.android.fantastischmemo.OptionScreen"]}, {"31062e58355b37ccb320fd9d777c7241": ["62", "org.liberty.android.fantastischmemo.OptionScreen"]}, {"31062e58355b37ccb320fd9d777c7241": ["62", "org.liberty.android.fantastischmemo.OptionScreen"]}, {"31062e58355b37ccb320fd9d777c7241": ["62", "org.liberty.android.fantastischmemo.OptionScreen"]}, {"8075861cde7307829026db3a028d0828": ["68", "org.liberty.android.fantastischmemo.OptionScreen"]}, {"31062e58355b37ccb320fd9d777c7241": ["62", "org.liberty.android.fantastischmemo.OptionScreen"]}, {"31062e58355b37ccb320fd9d777c7241": ["62", "org.liberty.android.fantastischmemo.OptionScreen"]}, {"31062e58355b37ccb320fd9d777c7241": ["62", "org.liberty.android.fantastischmemo.OptionScreen"]}, {"dd12c1b444e13f732ff385737140f5d7": ["290", "org.liberty.android.fantastischmemo.OptionScreen"]}, {"dd12c1b444e13f732ff385737140f5d7": ["290", "org.liberty.android.fantastischmemo.OptionScreen"]}, {"3b8c8944e3ed630b35c6ecca64424746": ["289", "org.liberty.android.fantastischmemo.OptionScreen"]}, {"3b8c8944e3ed630b35c6ecca64424746": ["289", "org.liberty.android.fantastischmemo.OptionScreen"]}, {"3b8c8944e3ed630b35c6ecca64424746": ["289", "org.liberty.android.fantastischmemo.OptionScreen"]}, {"3b8c8944e3ed630b35c6ecca64424746": ["289", "org.liberty.android.fantastischmemo.OptionScreen"]}, {"15fe78bcc3d046ac1e71e52749cac725": ["69", "org.liberty.android.fantastischmemo.OptionScreen"]}, {"3b8c8944e3ed630b35c6ecca64424746": ["289", "org.liberty.android.fantastischmemo.OptionScreen"]}, {"3b8c8944e3ed630b35c6ecca64424746": ["289", "org.liberty.android.fantastischmemo.OptionScreen"]}, {"3b8c8944e3ed630b35c6ecca64424746": ["289", "org.liberty.android.fantastischmemo.OptionScreen"]}, {"31062e58355b37ccb320fd9d777c7241": ["62", "org.liberty.android.fantastischmemo.OptionScreen"]}, {"3a661f1ec613dc337f3b23675900f97f": ["63", "org.liberty.android.fantastischmemo.OptionScreen"]}, {"31062e58355b37ccb320fd9d777c7241": ["62", "org.liberty.android.fantastischmemo.OptionScreen"]}, {"31062e58355b37ccb320fd9d777c7241": ["62", "org.liberty.android.fantastischmemo.OptionScreen"]}, {"31062e58355b37ccb320fd9d777c7241": ["62", "org.liberty.android.fantastischmemo.OptionScreen"]}, {"31062e58355b37ccb320fd9d777c7241": ["62", "org.liberty.android.fantastischmemo.OptionScreen"]}, {"8075861cde7307829026db3a028d0828": ["68", "org.liberty.android.fantastischmemo.OptionScreen"]}]