[{"5ded1a6c73fac00ded5d0a5fa6a8e77b": ["2", "org.smerty.zooborns.ZooBorns"]}, {"5ded1a6c73fac00ded5d0a5fa6a8e77b": ["2", "org.smerty.zooborns.ZooBorns"]}, {"5ded1a6c73fac00ded5d0a5fa6a8e77b": ["2", "org.smerty.zooborns.ZooBorns"]}, {"946927479753dbd3d5779d40fe482626": ["0", "org.smerty.zooborns.ZooBorns"]}, {"5ded1a6c73fac00ded5d0a5fa6a8e77b": ["2", "org.smerty.zooborns.ZooBorns"]}, {"5ded1a6c73fac00ded5d0a5fa6a8e77b": ["2", "org.smerty.zooborns.ZooBorns"]}, {"5ded1a6c73fac00ded5d0a5fa6a8e77b": ["2", "org.smerty.zooborns.ZooBorns"]}, {"5ded1a6c73fac00ded5d0a5fa6a8e77b": ["2", "org.smerty.zooborns.ZooBorns"]}, {"5ded1a6c73fac00ded5d0a5fa6a8e77b": ["2", "org.smerty.zooborns.ZooBorns"]}, {"5ded1a6c73fac00ded5d0a5fa6a8e77b": ["2", "org.smerty.zooborns.ZooBorns"]}, {"38a222da661755816e0a48fed2d57749": ["3", "org.smerty.zooborns.ZooBorns"]}, {"5ded1a6c73fac00ded5d0a5fa6a8e77b": ["2", "org.smerty.zooborns.ZooBorns"]}, {"5ded1a6c73fac00ded5d0a5fa6a8e77b": ["2", "org.smerty.zooborns.ZooBorns"]}, {"5ded1a6c73fac00ded5d0a5fa6a8e77b": ["2", "org.smerty.zooborns.ZooBorns"]}, {"5ded1a6c73fac00ded5d0a5fa6a8e77b": ["2", "org.smerty.zooborns.ZooBorns"]}, {"5ded1a6c73fac00ded5d0a5fa6a8e77b": ["2", "org.smerty.zooborns.ZooBorns"]}, {"5ded1a6c73fac00ded5d0a5fa6a8e77b": ["2", "org.smerty.zooborns.ZooBorns"]}, {"38a222da661755816e0a48fed2d57749": ["3", "org.smerty.zooborns.ZooBorns"]}, {"5ded1a6c73fac00ded5d0a5fa6a8e77b": ["2", "org.smerty.zooborns.ZooBorns"]}, {"5ded1a6c73fac00ded5d0a5fa6a8e77b": ["2", "org.smerty.zooborns.ZooBorns"]}, {"5ded1a6c73fac00ded5d0a5fa6a8e77b": ["2", "org.smerty.zooborns.ZooBorns"]}, {"5ded1a6c73fac00ded5d0a5fa6a8e77b": ["2", "org.smerty.zooborns.ZooBorns"]}, {"5ded1a6c73fac00ded5d0a5fa6a8e77b": ["2", "org.smerty.zooborns.ZooBorns"]}, {"5ded1a6c73fac00ded5d0a5fa6a8e77b": ["2", "org.smerty.zooborns.ZooBorns"]}, {"38a222da661755816e0a48fed2d57749": ["3", "org.smerty.zooborns.ZooBorns"]}, {"5ded1a6c73fac00ded5d0a5fa6a8e77b": ["2", "org.smerty.zooborns.ZooBorns"]}, {"5ded1a6c73fac00ded5d0a5fa6a8e77b": ["2", "org.smerty.zooborns.ZooBorns"]}, {"5ded1a6c73fac00ded5d0a5fa6a8e77b": ["2", "org.smerty.zooborns.ZooBorns"]}, {"5ded1a6c73fac00ded5d0a5fa6a8e77b": ["2", "org.smerty.zooborns.ZooBorns"]}, {"5ded1a6c73fac00ded5d0a5fa6a8e77b": ["2", "org.smerty.zooborns.ZooBorns"]}, {"5ded1a6c73fac00ded5d0a5fa6a8e77b": ["2", "org.smerty.zooborns.ZooBorns"]}, {"38a222da661755816e0a48fed2d57749": ["3", "org.smerty.zooborns.ZooBorns"]}, {"5ded1a6c73fac00ded5d0a5fa6a8e77b": ["2", "org.smerty.zooborns.ZooBorns"]}, {"5ded1a6c73fac00ded5d0a5fa6a8e77b": ["2", "org.smerty.zooborns.ZooBorns"]}, {"5ded1a6c73fac00ded5d0a5fa6a8e77b": ["2", "org.smerty.zooborns.ZooBorns"]}, {"5ded1a6c73fac00ded5d0a5fa6a8e77b": ["2", "org.smerty.zooborns.ZooBorns"]}, {"5ded1a6c73fac00ded5d0a5fa6a8e77b": ["2", "org.smerty.zooborns.ZooBorns"]}, {"5ded1a6c73fac00ded5d0a5fa6a8e77b": ["2", "org.smerty.zooborns.ZooBorns"]}, {"38a222da661755816e0a48fed2d57749": ["3", "org.smerty.zooborns.ZooBorns"]}, {"5ded1a6c73fac00ded5d0a5fa6a8e77b": ["2", "org.smerty.zooborns.ZooBorns"]}, {"5ded1a6c73fac00ded5d0a5fa6a8e77b": ["2", "org.smerty.zooborns.ZooBorns"]}, {"5ded1a6c73fac00ded5d0a5fa6a8e77b": ["2", "org.smerty.zooborns.ZooBorns"]}, {"5ded1a6c73fac00ded5d0a5fa6a8e77b": ["2", "org.smerty.zooborns.ZooBorns"]}, {"5ded1a6c73fac00ded5d0a5fa6a8e77b": ["2", "org.smerty.zooborns.ZooBorns"]}, {"5ded1a6c73fac00ded5d0a5fa6a8e77b": ["2", "org.smerty.zooborns.ZooBorns"]}, {"38a222da661755816e0a48fed2d57749": ["3", "org.smerty.zooborns.ZooBorns"]}, {"5ded1a6c73fac00ded5d0a5fa6a8e77b": ["2", "org.smerty.zooborns.ZooBorns"]}, {"5ded1a6c73fac00ded5d0a5fa6a8e77b": ["2", "org.smerty.zooborns.ZooBorns"]}, {"5ded1a6c73fac00ded5d0a5fa6a8e77b": ["2", "org.smerty.zooborns.ZooBorns"]}, {"5ded1a6c73fac00ded5d0a5fa6a8e77b": ["2", "org.smerty.zooborns.ZooBorns"]}, {"5ded1a6c73fac00ded5d0a5fa6a8e77b": ["2", "org.smerty.zooborns.ZooBorns"]}, {"5ded1a6c73fac00ded5d0a5fa6a8e77b": ["2", "org.smerty.zooborns.ZooBorns"]}, {"38a222da661755816e0a48fed2d57749": ["3", "org.smerty.zooborns.ZooBorns"]}, {"5ded1a6c73fac00ded5d0a5fa6a8e77b": ["2", "org.smerty.zooborns.ZooBorns"]}, {"5ded1a6c73fac00ded5d0a5fa6a8e77b": ["2", "org.smerty.zooborns.ZooBorns"]}, {"5ded1a6c73fac00ded5d0a5fa6a8e77b": ["2", "org.smerty.zooborns.ZooBorns"]}, {"5ded1a6c73fac00ded5d0a5fa6a8e77b": ["2", "org.smerty.zooborns.ZooBorns"]}, {"5ded1a6c73fac00ded5d0a5fa6a8e77b": ["2", "org.smerty.zooborns.ZooBorns"]}, {"5ded1a6c73fac00ded5d0a5fa6a8e77b": ["2", "org.smerty.zooborns.ZooBorns"]}, {"38a222da661755816e0a48fed2d57749": ["3", "org.smerty.zooborns.ZooBorns"]}, {"5ded1a6c73fac00ded5d0a5fa6a8e77b": ["2", "org.smerty.zooborns.ZooBorns"]}, {"5ded1a6c73fac00ded5d0a5fa6a8e77b": ["2", "org.smerty.zooborns.ZooBorns"]}, {"5ded1a6c73fac00ded5d0a5fa6a8e77b": ["2", "org.smerty.zooborns.ZooBorns"]}, {"5ded1a6c73fac00ded5d0a5fa6a8e77b": ["2", "org.smerty.zooborns.ZooBorns"]}, {"5ded1a6c73fac00ded5d0a5fa6a8e77b": ["2", "org.smerty.zooborns.ZooBorns"]}, {"5ded1a6c73fac00ded5d0a5fa6a8e77b": ["2", "org.smerty.zooborns.ZooBorns"]}, {"38a222da661755816e0a48fed2d57749": ["3", "org.smerty.zooborns.ZooBorns"]}, {"5ded1a6c73fac00ded5d0a5fa6a8e77b": ["2", "org.smerty.zooborns.ZooBorns"]}, {"5ded1a6c73fac00ded5d0a5fa6a8e77b": ["2", "org.smerty.zooborns.ZooBorns"]}, {"5ded1a6c73fac00ded5d0a5fa6a8e77b": ["2", "org.smerty.zooborns.ZooBorns"]}, {"5ded1a6c73fac00ded5d0a5fa6a8e77b": ["2", "org.smerty.zooborns.ZooBorns"]}, {"5ded1a6c73fac00ded5d0a5fa6a8e77b": ["2", "org.smerty.zooborns.ZooBorns"]}, {"5ded1a6c73fac00ded5d0a5fa6a8e77b": ["2", "org.smerty.zooborns.ZooBorns"]}, {"38a222da661755816e0a48fed2d57749": ["3", "org.smerty.zooborns.ZooBorns"]}, {"5ded1a6c73fac00ded5d0a5fa6a8e77b": ["2", "org.smerty.zooborns.ZooBorns"]}, {"5ded1a6c73fac00ded5d0a5fa6a8e77b": ["2", "org.smerty.zooborns.ZooBorns"]}, {"5ded1a6c73fac00ded5d0a5fa6a8e77b": ["2", "org.smerty.zooborns.ZooBorns"]}, {"5ded1a6c73fac00ded5d0a5fa6a8e77b": ["2", "org.smerty.zooborns.ZooBorns"]}, {"5ded1a6c73fac00ded5d0a5fa6a8e77b": ["2", "org.smerty.zooborns.ZooBorns"]}, {"5ded1a6c73fac00ded5d0a5fa6a8e77b": ["2", "org.smerty.zooborns.ZooBorns"]}, {"38a222da661755816e0a48fed2d57749": ["3", "org.smerty.zooborns.ZooBorns"]}, {"5ded1a6c73fac00ded5d0a5fa6a8e77b": ["2", "org.smerty.zooborns.ZooBorns"]}, {"5ded1a6c73fac00ded5d0a5fa6a8e77b": ["2", "org.smerty.zooborns.ZooBorns"]}, {"5ded1a6c73fac00ded5d0a5fa6a8e77b": ["2", "org.smerty.zooborns.ZooBorns"]}, {"5ded1a6c73fac00ded5d0a5fa6a8e77b": ["2", "org.smerty.zooborns.ZooBorns"]}, {"5ded1a6c73fac00ded5d0a5fa6a8e77b": ["2", "org.smerty.zooborns.ZooBorns"]}, {"5ded1a6c73fac00ded5d0a5fa6a8e77b": ["2", "org.smerty.zooborns.ZooBorns"]}, {"38a222da661755816e0a48fed2d57749": ["3", "org.smerty.zooborns.ZooBorns"]}, {"5ded1a6c73fac00ded5d0a5fa6a8e77b": ["2", "org.smerty.zooborns.ZooBorns"]}, {"5ded1a6c73fac00ded5d0a5fa6a8e77b": ["2", "org.smerty.zooborns.ZooBorns"]}, {"5ded1a6c73fac00ded5d0a5fa6a8e77b": ["2", "org.smerty.zooborns.ZooBorns"]}, {"5ded1a6c73fac00ded5d0a5fa6a8e77b": ["2", "org.smerty.zooborns.ZooBorns"]}, {"5ded1a6c73fac00ded5d0a5fa6a8e77b": ["2", "org.smerty.zooborns.ZooBorns"]}, {"5ded1a6c73fac00ded5d0a5fa6a8e77b": ["2", "org.smerty.zooborns.ZooBorns"]}, {"38a222da661755816e0a48fed2d57749": ["3", "org.smerty.zooborns.ZooBorns"]}, {"5ded1a6c73fac00ded5d0a5fa6a8e77b": ["2", "org.smerty.zooborns.ZooBorns"]}, {"5ded1a6c73fac00ded5d0a5fa6a8e77b": ["2", "org.smerty.zooborns.ZooBorns"]}, {"5ded1a6c73fac00ded5d0a5fa6a8e77b": ["2", "org.smerty.zooborns.ZooBorns"]}, {"5ded1a6c73fac00ded5d0a5fa6a8e77b": ["2", "org.smerty.zooborns.ZooBorns"]}, {"5ded1a6c73fac00ded5d0a5fa6a8e77b": ["2", "org.smerty.zooborns.ZooBorns"]}, {"5ded1a6c73fac00ded5d0a5fa6a8e77b": ["2", "org.smerty.zooborns.ZooBorns"]}, {"38a222da661755816e0a48fed2d57749": ["3", "org.smerty.zooborns.ZooBorns"]}, {"5ded1a6c73fac00ded5d0a5fa6a8e77b": ["2", "org.smerty.zooborns.ZooBorns"]}, {"5ded1a6c73fac00ded5d0a5fa6a8e77b": ["2", "org.smerty.zooborns.ZooBorns"]}, {"5ded1a6c73fac00ded5d0a5fa6a8e77b": ["2", "org.smerty.zooborns.ZooBorns"]}, {"5ded1a6c73fac00ded5d0a5fa6a8e77b": ["2", "org.smerty.zooborns.ZooBorns"]}, {"5ded1a6c73fac00ded5d0a5fa6a8e77b": ["2", "org.smerty.zooborns.ZooBorns"]}, {"5ded1a6c73fac00ded5d0a5fa6a8e77b": ["2", "org.smerty.zooborns.ZooBorns"]}, {"38a222da661755816e0a48fed2d57749": ["3", "org.smerty.zooborns.ZooBorns"]}, {"5ded1a6c73fac00ded5d0a5fa6a8e77b": ["2", "org.smerty.zooborns.ZooBorns"]}, {"5ded1a6c73fac00ded5d0a5fa6a8e77b": ["2", "org.smerty.zooborns.ZooBorns"]}, {"5ded1a6c73fac00ded5d0a5fa6a8e77b": ["2", "org.smerty.zooborns.ZooBorns"]}, {"5ded1a6c73fac00ded5d0a5fa6a8e77b": ["2", "org.smerty.zooborns.ZooBorns"]}, {"5ded1a6c73fac00ded5d0a5fa6a8e77b": ["2", "org.smerty.zooborns.ZooBorns"]}, {"5ded1a6c73fac00ded5d0a5fa6a8e77b": ["2", "org.smerty.zooborns.ZooBorns"]}, {"38a222da661755816e0a48fed2d57749": ["3", "org.smerty.zooborns.ZooBorns"]}, {"5ded1a6c73fac00ded5d0a5fa6a8e77b": ["2", "org.smerty.zooborns.ZooBorns"]}, {"5ded1a6c73fac00ded5d0a5fa6a8e77b": ["2", "org.smerty.zooborns.ZooBorns"]}, {"5ded1a6c73fac00ded5d0a5fa6a8e77b": ["2", "org.smerty.zooborns.ZooBorns"]}, {"5ded1a6c73fac00ded5d0a5fa6a8e77b": ["2", "org.smerty.zooborns.ZooBorns"]}, {"5ded1a6c73fac00ded5d0a5fa6a8e77b": ["2", "org.smerty.zooborns.ZooBorns"]}, {"5ded1a6c73fac00ded5d0a5fa6a8e77b": ["2", "org.smerty.zooborns.ZooBorns"]}, {"38a222da661755816e0a48fed2d57749": ["3", "org.smerty.zooborns.ZooBorns"]}, {"5ded1a6c73fac00ded5d0a5fa6a8e77b": ["2", "org.smerty.zooborns.ZooBorns"]}, {"5ded1a6c73fac00ded5d0a5fa6a8e77b": ["2", "org.smerty.zooborns.ZooBorns"]}, {"5ded1a6c73fac00ded5d0a5fa6a8e77b": ["2", "org.smerty.zooborns.ZooBorns"]}, {"5ded1a6c73fac00ded5d0a5fa6a8e77b": ["2", "org.smerty.zooborns.ZooBorns"]}, {"5ded1a6c73fac00ded5d0a5fa6a8e77b": ["2", "org.smerty.zooborns.ZooBorns"]}, {"5ded1a6c73fac00ded5d0a5fa6a8e77b": ["2", "org.smerty.zooborns.ZooBorns"]}, {"38a222da661755816e0a48fed2d57749": ["3", "org.smerty.zooborns.ZooBorns"]}, {"5ded1a6c73fac00ded5d0a5fa6a8e77b": ["2", "org.smerty.zooborns.ZooBorns"]}, {"5ded1a6c73fac00ded5d0a5fa6a8e77b": ["2", "org.smerty.zooborns.ZooBorns"]}, {"5ded1a6c73fac00ded5d0a5fa6a8e77b": ["2", "org.smerty.zooborns.ZooBorns"]}, {"5ded1a6c73fac00ded5d0a5fa6a8e77b": ["2", "org.smerty.zooborns.ZooBorns"]}, {"5ded1a6c73fac00ded5d0a5fa6a8e77b": ["2", "org.smerty.zooborns.ZooBorns"]}, {"5ded1a6c73fac00ded5d0a5fa6a8e77b": ["2", "org.smerty.zooborns.ZooBorns"]}, {"38a222da661755816e0a48fed2d57749": ["3", "org.smerty.zooborns.ZooBorns"]}, {"5ded1a6c73fac00ded5d0a5fa6a8e77b": ["2", "org.smerty.zooborns.ZooBorns"]}, {"5ded1a6c73fac00ded5d0a5fa6a8e77b": ["2", "org.smerty.zooborns.ZooBorns"]}, {"5ded1a6c73fac00ded5d0a5fa6a8e77b": ["2", "org.smerty.zooborns.ZooBorns"]}, {"5ded1a6c73fac00ded5d0a5fa6a8e77b": ["2", "org.smerty.zooborns.ZooBorns"]}, {"5ded1a6c73fac00ded5d0a5fa6a8e77b": ["2", "org.smerty.zooborns.ZooBorns"]}, {"5ded1a6c73fac00ded5d0a5fa6a8e77b": ["2", "org.smerty.zooborns.ZooBorns"]}, {"38a222da661755816e0a48fed2d57749": ["3", "org.smerty.zooborns.ZooBorns"]}, {"5ded1a6c73fac00ded5d0a5fa6a8e77b": ["2", "org.smerty.zooborns.ZooBorns"]}, {"5ded1a6c73fac00ded5d0a5fa6a8e77b": ["2", "org.smerty.zooborns.ZooBorns"]}, {"5ded1a6c73fac00ded5d0a5fa6a8e77b": ["2", "org.smerty.zooborns.ZooBorns"]}, {"5ded1a6c73fac00ded5d0a5fa6a8e77b": ["2", "org.smerty.zooborns.ZooBorns"]}, {"5ded1a6c73fac00ded5d0a5fa6a8e77b": ["2", "org.smerty.zooborns.ZooBorns"]}, {"5ded1a6c73fac00ded5d0a5fa6a8e77b": ["2", "org.smerty.zooborns.ZooBorns"]}, {"38a222da661755816e0a48fed2d57749": ["3", "org.smerty.zooborns.ZooBorns"]}, {"5ded1a6c73fac00ded5d0a5fa6a8e77b": ["2", "org.smerty.zooborns.ZooBorns"]}, {"5ded1a6c73fac00ded5d0a5fa6a8e77b": ["2", "org.smerty.zooborns.ZooBorns"]}, {"5ded1a6c73fac00ded5d0a5fa6a8e77b": ["2", "org.smerty.zooborns.ZooBorns"]}, {"5ded1a6c73fac00ded5d0a5fa6a8e77b": ["2", "org.smerty.zooborns.ZooBorns"]}, {"5ded1a6c73fac00ded5d0a5fa6a8e77b": ["2", "org.smerty.zooborns.ZooBorns"]}, {"5ded1a6c73fac00ded5d0a5fa6a8e77b": ["2", "org.smerty.zooborns.ZooBorns"]}, {"38a222da661755816e0a48fed2d57749": ["3", "org.smerty.zooborns.ZooBorns"]}, {"5ded1a6c73fac00ded5d0a5fa6a8e77b": ["2", "org.smerty.zooborns.ZooBorns"]}, {"5ded1a6c73fac00ded5d0a5fa6a8e77b": ["2", "org.smerty.zooborns.ZooBorns"]}, {"5ded1a6c73fac00ded5d0a5fa6a8e77b": ["2", "org.smerty.zooborns.ZooBorns"]}, {"5ded1a6c73fac00ded5d0a5fa6a8e77b": ["2", "org.smerty.zooborns.ZooBorns"]}, {"5ded1a6c73fac00ded5d0a5fa6a8e77b": ["2", "org.smerty.zooborns.ZooBorns"]}, {"5ded1a6c73fac00ded5d0a5fa6a8e77b": ["2", "org.smerty.zooborns.ZooBorns"]}, {"38a222da661755816e0a48fed2d57749": ["3", "org.smerty.zooborns.ZooBorns"]}, {"5ded1a6c73fac00ded5d0a5fa6a8e77b": ["2", "org.smerty.zooborns.ZooBorns"]}, {"5ded1a6c73fac00ded5d0a5fa6a8e77b": ["2", "org.smerty.zooborns.ZooBorns"]}, {"5ded1a6c73fac00ded5d0a5fa6a8e77b": ["2", "org.smerty.zooborns.ZooBorns"]}, {"5ded1a6c73fac00ded5d0a5fa6a8e77b": ["2", "org.smerty.zooborns.ZooBorns"]}, {"5ded1a6c73fac00ded5d0a5fa6a8e77b": ["2", "org.smerty.zooborns.ZooBorns"]}, {"5ded1a6c73fac00ded5d0a5fa6a8e77b": ["2", "org.smerty.zooborns.ZooBorns"]}, {"38a222da661755816e0a48fed2d57749": ["3", "org.smerty.zooborns.ZooBorns"]}, {"5ded1a6c73fac00ded5d0a5fa6a8e77b": ["2", "org.smerty.zooborns.ZooBorns"]}, {"5ded1a6c73fac00ded5d0a5fa6a8e77b": ["2", "org.smerty.zooborns.ZooBorns"]}, {"5ded1a6c73fac00ded5d0a5fa6a8e77b": ["2", "org.smerty.zooborns.ZooBorns"]}, {"5ded1a6c73fac00ded5d0a5fa6a8e77b": ["2", "org.smerty.zooborns.ZooBorns"]}, {"5ded1a6c73fac00ded5d0a5fa6a8e77b": ["2", "org.smerty.zooborns.ZooBorns"]}, {"5ded1a6c73fac00ded5d0a5fa6a8e77b": ["2", "org.smerty.zooborns.ZooBorns"]}, {"38a222da661755816e0a48fed2d57749": ["3", "org.smerty.zooborns.ZooBorns"]}, {"5ded1a6c73fac00ded5d0a5fa6a8e77b": ["2", "org.smerty.zooborns.ZooBorns"]}, {"5ded1a6c73fac00ded5d0a5fa6a8e77b": ["2", "org.smerty.zooborns.ZooBorns"]}, {"5ded1a6c73fac00ded5d0a5fa6a8e77b": ["2", "org.smerty.zooborns.ZooBorns"]}, {"5ded1a6c73fac00ded5d0a5fa6a8e77b": ["2", "org.smerty.zooborns.ZooBorns"]}, {"5ded1a6c73fac00ded5d0a5fa6a8e77b": ["2", "org.smerty.zooborns.ZooBorns"]}, {"5ded1a6c73fac00ded5d0a5fa6a8e77b": ["2", "org.smerty.zooborns.ZooBorns"]}, {"38a222da661755816e0a48fed2d57749": ["3", "org.smerty.zooborns.ZooBorns"]}, {"5ded1a6c73fac00ded5d0a5fa6a8e77b": ["2", "org.smerty.zooborns.ZooBorns"]}, {"5ded1a6c73fac00ded5d0a5fa6a8e77b": ["2", "org.smerty.zooborns.ZooBorns"]}, {"5ded1a6c73fac00ded5d0a5fa6a8e77b": ["2", "org.smerty.zooborns.ZooBorns"]}, {"5ded1a6c73fac00ded5d0a5fa6a8e77b": ["2", "org.smerty.zooborns.ZooBorns"]}, {"5ded1a6c73fac00ded5d0a5fa6a8e77b": ["2", "org.smerty.zooborns.ZooBorns"]}, {"5ded1a6c73fac00ded5d0a5fa6a8e77b": ["2", "org.smerty.zooborns.ZooBorns"]}, {"38a222da661755816e0a48fed2d57749": ["3", "org.smerty.zooborns.ZooBorns"]}, {"5ded1a6c73fac00ded5d0a5fa6a8e77b": ["2", "org.smerty.zooborns.ZooBorns"]}, {"5ded1a6c73fac00ded5d0a5fa6a8e77b": ["2", "org.smerty.zooborns.ZooBorns"]}, {"5ded1a6c73fac00ded5d0a5fa6a8e77b": ["2", "org.smerty.zooborns.ZooBorns"]}, {"5ded1a6c73fac00ded5d0a5fa6a8e77b": ["2", "org.smerty.zooborns.ZooBorns"]}, {"5ded1a6c73fac00ded5d0a5fa6a8e77b": ["2", "org.smerty.zooborns.ZooBorns"]}, {"5ded1a6c73fac00ded5d0a5fa6a8e77b": ["2", "org.smerty.zooborns.ZooBorns"]}, {"38a222da661755816e0a48fed2d57749": ["3", "org.smerty.zooborns.ZooBorns"]}, {"5ded1a6c73fac00ded5d0a5fa6a8e77b": ["2", "org.smerty.zooborns.ZooBorns"]}, {"5ded1a6c73fac00ded5d0a5fa6a8e77b": ["2", "org.smerty.zooborns.ZooBorns"]}, {"5ded1a6c73fac00ded5d0a5fa6a8e77b": ["2", "org.smerty.zooborns.ZooBorns"]}, {"5ded1a6c73fac00ded5d0a5fa6a8e77b": ["2", "org.smerty.zooborns.ZooBorns"]}, {"5ded1a6c73fac00ded5d0a5fa6a8e77b": ["2", "org.smerty.zooborns.ZooBorns"]}, {"5ded1a6c73fac00ded5d0a5fa6a8e77b": ["2", "org.smerty.zooborns.ZooBorns"]}, {"38a222da661755816e0a48fed2d57749": ["3", "org.smerty.zooborns.ZooBorns"]}, {"5ded1a6c73fac00ded5d0a5fa6a8e77b": ["2", "org.smerty.zooborns.ZooBorns"]}, {"5ded1a6c73fac00ded5d0a5fa6a8e77b": ["2", "org.smerty.zooborns.ZooBorns"]}, {"5ded1a6c73fac00ded5d0a5fa6a8e77b": ["2", "org.smerty.zooborns.ZooBorns"]}, {"5ded1a6c73fac00ded5d0a5fa6a8e77b": ["2", "org.smerty.zooborns.ZooBorns"]}, {"5ded1a6c73fac00ded5d0a5fa6a8e77b": ["2", "org.smerty.zooborns.ZooBorns"]}, {"5ded1a6c73fac00ded5d0a5fa6a8e77b": ["2", "org.smerty.zooborns.ZooBorns"]}, {"38a222da661755816e0a48fed2d57749": ["3", "org.smerty.zooborns.ZooBorns"]}, {"5ded1a6c73fac00ded5d0a5fa6a8e77b": ["2", "org.smerty.zooborns.ZooBorns"]}, {"5ded1a6c73fac00ded5d0a5fa6a8e77b": ["2", "org.smerty.zooborns.ZooBorns"]}, {"5ded1a6c73fac00ded5d0a5fa6a8e77b": ["2", "org.smerty.zooborns.ZooBorns"]}, {"5ded1a6c73fac00ded5d0a5fa6a8e77b": ["2", "org.smerty.zooborns.ZooBorns"]}, {"5ded1a6c73fac00ded5d0a5fa6a8e77b": ["2", "org.smerty.zooborns.ZooBorns"]}, {"5ded1a6c73fac00ded5d0a5fa6a8e77b": ["2", "org.smerty.zooborns.ZooBorns"]}, {"38a222da661755816e0a48fed2d57749": ["3", "org.smerty.zooborns.ZooBorns"]}, {"5ded1a6c73fac00ded5d0a5fa6a8e77b": ["2", "org.smerty.zooborns.ZooBorns"]}, {"5ded1a6c73fac00ded5d0a5fa6a8e77b": ["2", "org.smerty.zooborns.ZooBorns"]}, {"5ded1a6c73fac00ded5d0a5fa6a8e77b": ["2", "org.smerty.zooborns.ZooBorns"]}, {"5ded1a6c73fac00ded5d0a5fa6a8e77b": ["2", "org.smerty.zooborns.ZooBorns"]}, {"5ded1a6c73fac00ded5d0a5fa6a8e77b": ["2", "org.smerty.zooborns.ZooBorns"]}, {"5ded1a6c73fac00ded5d0a5fa6a8e77b": ["2", "org.smerty.zooborns.ZooBorns"]}, {"38a222da661755816e0a48fed2d57749": ["3", "org.smerty.zooborns.ZooBorns"]}, {"5ded1a6c73fac00ded5d0a5fa6a8e77b": ["2", "org.smerty.zooborns.ZooBorns"]}, {"5ded1a6c73fac00ded5d0a5fa6a8e77b": ["2", "org.smerty.zooborns.ZooBorns"]}, {"5ded1a6c73fac00ded5d0a5fa6a8e77b": ["2", "org.smerty.zooborns.ZooBorns"]}, {"5ded1a6c73fac00ded5d0a5fa6a8e77b": ["2", "org.smerty.zooborns.ZooBorns"]}, {"5ded1a6c73fac00ded5d0a5fa6a8e77b": ["2", "org.smerty.zooborns.ZooBorns"]}, {"5ded1a6c73fac00ded5d0a5fa6a8e77b": ["2", "org.smerty.zooborns.ZooBorns"]}, {"38a222da661755816e0a48fed2d57749": ["3", "org.smerty.zooborns.ZooBorns"]}, {"5ded1a6c73fac00ded5d0a5fa6a8e77b": ["2", "org.smerty.zooborns.ZooBorns"]}, {"5ded1a6c73fac00ded5d0a5fa6a8e77b": ["2", "org.smerty.zooborns.ZooBorns"]}, {"5ded1a6c73fac00ded5d0a5fa6a8e77b": ["2", "org.smerty.zooborns.ZooBorns"]}, {"5ded1a6c73fac00ded5d0a5fa6a8e77b": ["2", "org.smerty.zooborns.ZooBorns"]}, {"5ded1a6c73fac00ded5d0a5fa6a8e77b": ["2", "org.smerty.zooborns.ZooBorns"]}, {"5ded1a6c73fac00ded5d0a5fa6a8e77b": ["2", "org.smerty.zooborns.ZooBorns"]}, {"38a222da661755816e0a48fed2d57749": ["3", "org.smerty.zooborns.ZooBorns"]}, {"5ded1a6c73fac00ded5d0a5fa6a8e77b": ["2", "org.smerty.zooborns.ZooBorns"]}, {"5ded1a6c73fac00ded5d0a5fa6a8e77b": ["2", "org.smerty.zooborns.ZooBorns"]}, {"5ded1a6c73fac00ded5d0a5fa6a8e77b": ["2", "org.smerty.zooborns.ZooBorns"]}, {"5ded1a6c73fac00ded5d0a5fa6a8e77b": ["2", "org.smerty.zooborns.ZooBorns"]}, {"5ded1a6c73fac00ded5d0a5fa6a8e77b": ["2", "org.smerty.zooborns.ZooBorns"]}, {"5ded1a6c73fac00ded5d0a5fa6a8e77b": ["2", "org.smerty.zooborns.ZooBorns"]}, {"38a222da661755816e0a48fed2d57749": ["3", "org.smerty.zooborns.ZooBorns"]}, {"5ded1a6c73fac00ded5d0a5fa6a8e77b": ["2", "org.smerty.zooborns.ZooBorns"]}, {"5ded1a6c73fac00ded5d0a5fa6a8e77b": ["2", "org.smerty.zooborns.ZooBorns"]}, {"5ded1a6c73fac00ded5d0a5fa6a8e77b": ["2", "org.smerty.zooborns.ZooBorns"]}, {"5ded1a6c73fac00ded5d0a5fa6a8e77b": ["2", "org.smerty.zooborns.ZooBorns"]}, {"5ded1a6c73fac00ded5d0a5fa6a8e77b": ["2", "org.smerty.zooborns.ZooBorns"]}, {"5ded1a6c73fac00ded5d0a5fa6a8e77b": ["2", "org.smerty.zooborns.ZooBorns"]}, {"38a222da661755816e0a48fed2d57749": ["3", "org.smerty.zooborns.ZooBorns"]}, {"5ded1a6c73fac00ded5d0a5fa6a8e77b": ["2", "org.smerty.zooborns.ZooBorns"]}, {"5ded1a6c73fac00ded5d0a5fa6a8e77b": ["2", "org.smerty.zooborns.ZooBorns"]}, {"5ded1a6c73fac00ded5d0a5fa6a8e77b": ["2", "org.smerty.zooborns.ZooBorns"]}, {"5ded1a6c73fac00ded5d0a5fa6a8e77b": ["2", "org.smerty.zooborns.ZooBorns"]}, {"5ded1a6c73fac00ded5d0a5fa6a8e77b": ["2", "org.smerty.zooborns.ZooBorns"]}, {"5ded1a6c73fac00ded5d0a5fa6a8e77b": ["2", "org.smerty.zooborns.ZooBorns"]}, {"38a222da661755816e0a48fed2d57749": ["3", "org.smerty.zooborns.ZooBorns"]}, {"5ded1a6c73fac00ded5d0a5fa6a8e77b": ["2", "org.smerty.zooborns.ZooBorns"]}, {"5ded1a6c73fac00ded5d0a5fa6a8e77b": ["2", "org.smerty.zooborns.ZooBorns"]}, {"5ded1a6c73fac00ded5d0a5fa6a8e77b": ["2", "org.smerty.zooborns.ZooBorns"]}, {"5ded1a6c73fac00ded5d0a5fa6a8e77b": ["2", "org.smerty.zooborns.ZooBorns"]}, {"5ded1a6c73fac00ded5d0a5fa6a8e77b": ["2", "org.smerty.zooborns.ZooBorns"]}, {"5ded1a6c73fac00ded5d0a5fa6a8e77b": ["2", "org.smerty.zooborns.ZooBorns"]}, {"38a222da661755816e0a48fed2d57749": ["3", "org.smerty.zooborns.ZooBorns"]}, {"5ded1a6c73fac00ded5d0a5fa6a8e77b": ["2", "org.smerty.zooborns.ZooBorns"]}, {"5ded1a6c73fac00ded5d0a5fa6a8e77b": ["2", "org.smerty.zooborns.ZooBorns"]}, {"5ded1a6c73fac00ded5d0a5fa6a8e77b": ["2", "org.smerty.zooborns.ZooBorns"]}, {"5ded1a6c73fac00ded5d0a5fa6a8e77b": ["2", "org.smerty.zooborns.ZooBorns"]}, {"5ded1a6c73fac00ded5d0a5fa6a8e77b": ["2", "org.smerty.zooborns.ZooBorns"]}, {"5ded1a6c73fac00ded5d0a5fa6a8e77b": ["2", "org.smerty.zooborns.ZooBorns"]}, {"38a222da661755816e0a48fed2d57749": ["3", "org.smerty.zooborns.ZooBorns"]}, {"5ded1a6c73fac00ded5d0a5fa6a8e77b": ["2", "org.smerty.zooborns.ZooBorns"]}, {"5ded1a6c73fac00ded5d0a5fa6a8e77b": ["2", "org.smerty.zooborns.ZooBorns"]}, {"5ded1a6c73fac00ded5d0a5fa6a8e77b": ["2", "org.smerty.zooborns.ZooBorns"]}, {"5ded1a6c73fac00ded5d0a5fa6a8e77b": ["2", "org.smerty.zooborns.ZooBorns"]}, {"5ded1a6c73fac00ded5d0a5fa6a8e77b": ["2", "org.smerty.zooborns.ZooBorns"]}, {"5ded1a6c73fac00ded5d0a5fa6a8e77b": ["2", "org.smerty.zooborns.ZooBorns"]}, {"38a222da661755816e0a48fed2d57749": ["3", "org.smerty.zooborns.ZooBorns"]}, {"5ded1a6c73fac00ded5d0a5fa6a8e77b": ["2", "org.smerty.zooborns.ZooBorns"]}, {"5ded1a6c73fac00ded5d0a5fa6a8e77b": ["2", "org.smerty.zooborns.ZooBorns"]}, {"5ded1a6c73fac00ded5d0a5fa6a8e77b": ["2", "org.smerty.zooborns.ZooBorns"]}, {"5ded1a6c73fac00ded5d0a5fa6a8e77b": ["2", "org.smerty.zooborns.ZooBorns"]}, {"5ded1a6c73fac00ded5d0a5fa6a8e77b": ["2", "org.smerty.zooborns.ZooBorns"]}, {"5ded1a6c73fac00ded5d0a5fa6a8e77b": ["2", "org.smerty.zooborns.ZooBorns"]}, {"38a222da661755816e0a48fed2d57749": ["3", "org.smerty.zooborns.ZooBorns"]}, {"5ded1a6c73fac00ded5d0a5fa6a8e77b": ["2", "org.smerty.zooborns.ZooBorns"]}, {"5ded1a6c73fac00ded5d0a5fa6a8e77b": ["2", "org.smerty.zooborns.ZooBorns"]}, {"5ded1a6c73fac00ded5d0a5fa6a8e77b": ["2", "org.smerty.zooborns.ZooBorns"]}, {"5ded1a6c73fac00ded5d0a5fa6a8e77b": ["2", "org.smerty.zooborns.ZooBorns"]}, {"5ded1a6c73fac00ded5d0a5fa6a8e77b": ["2", "org.smerty.zooborns.ZooBorns"]}, {"5ded1a6c73fac00ded5d0a5fa6a8e77b": ["2", "org.smerty.zooborns.ZooBorns"]}, {"38a222da661755816e0a48fed2d57749": ["3", "org.smerty.zooborns.ZooBorns"]}, {"5ded1a6c73fac00ded5d0a5fa6a8e77b": ["2", "org.smerty.zooborns.ZooBorns"]}, {"5ded1a6c73fac00ded5d0a5fa6a8e77b": ["2", "org.smerty.zooborns.ZooBorns"]}, {"5ded1a6c73fac00ded5d0a5fa6a8e77b": ["2", "org.smerty.zooborns.ZooBorns"]}, {"5ded1a6c73fac00ded5d0a5fa6a8e77b": ["2", "org.smerty.zooborns.ZooBorns"]}, {"5ded1a6c73fac00ded5d0a5fa6a8e77b": ["2", "org.smerty.zooborns.ZooBorns"]}, {"5ded1a6c73fac00ded5d0a5fa6a8e77b": ["2", "org.smerty.zooborns.ZooBorns"]}, {"38a222da661755816e0a48fed2d57749": ["3", "org.smerty.zooborns.ZooBorns"]}, {"5ded1a6c73fac00ded5d0a5fa6a8e77b": ["2", "org.smerty.zooborns.ZooBorns"]}, {"5ded1a6c73fac00ded5d0a5fa6a8e77b": ["2", "org.smerty.zooborns.ZooBorns"]}, {"5ded1a6c73fac00ded5d0a5fa6a8e77b": ["2", "org.smerty.zooborns.ZooBorns"]}, {"5ded1a6c73fac00ded5d0a5fa6a8e77b": ["2", "org.smerty.zooborns.ZooBorns"]}, {"5ded1a6c73fac00ded5d0a5fa6a8e77b": ["2", "org.smerty.zooborns.ZooBorns"]}, {"5ded1a6c73fac00ded5d0a5fa6a8e77b": ["2", "org.smerty.zooborns.ZooBorns"]}, {"38a222da661755816e0a48fed2d57749": ["3", "org.smerty.zooborns.ZooBorns"]}, {"5ded1a6c73fac00ded5d0a5fa6a8e77b": ["2", "org.smerty.zooborns.ZooBorns"]}, {"5ded1a6c73fac00ded5d0a5fa6a8e77b": ["2", "org.smerty.zooborns.ZooBorns"]}, {"5ded1a6c73fac00ded5d0a5fa6a8e77b": ["2", "org.smerty.zooborns.ZooBorns"]}, {"5ded1a6c73fac00ded5d0a5fa6a8e77b": ["2", "org.smerty.zooborns.ZooBorns"]}, {"5ded1a6c73fac00ded5d0a5fa6a8e77b": ["2", "org.smerty.zooborns.ZooBorns"]}, {"5ded1a6c73fac00ded5d0a5fa6a8e77b": ["2", "org.smerty.zooborns.ZooBorns"]}, {"38a222da661755816e0a48fed2d57749": ["3", "org.smerty.zooborns.ZooBorns"]}, {"5ded1a6c73fac00ded5d0a5fa6a8e77b": ["2", "org.smerty.zooborns.ZooBorns"]}, {"5ded1a6c73fac00ded5d0a5fa6a8e77b": ["2", "org.smerty.zooborns.ZooBorns"]}, {"5ded1a6c73fac00ded5d0a5fa6a8e77b": ["2", "org.smerty.zooborns.ZooBorns"]}, {"5ded1a6c73fac00ded5d0a5fa6a8e77b": ["2", "org.smerty.zooborns.ZooBorns"]}, {"5ded1a6c73fac00ded5d0a5fa6a8e77b": ["2", "org.smerty.zooborns.ZooBorns"]}, {"5ded1a6c73fac00ded5d0a5fa6a8e77b": ["2", "org.smerty.zooborns.ZooBorns"]}, {"38a222da661755816e0a48fed2d57749": ["3", "org.smerty.zooborns.ZooBorns"]}, {"5ded1a6c73fac00ded5d0a5fa6a8e77b": ["2", "org.smerty.zooborns.ZooBorns"]}, {"5ded1a6c73fac00ded5d0a5fa6a8e77b": ["2", "org.smerty.zooborns.ZooBorns"]}, {"5ded1a6c73fac00ded5d0a5fa6a8e77b": ["2", "org.smerty.zooborns.ZooBorns"]}, {"5ded1a6c73fac00ded5d0a5fa6a8e77b": ["2", "org.smerty.zooborns.ZooBorns"]}, {"5ded1a6c73fac00ded5d0a5fa6a8e77b": ["2", "org.smerty.zooborns.ZooBorns"]}, {"5ded1a6c73fac00ded5d0a5fa6a8e77b": ["2", "org.smerty.zooborns.ZooBorns"]}, {"38a222da661755816e0a48fed2d57749": ["3", "org.smerty.zooborns.ZooBorns"]}, {"5ded1a6c73fac00ded5d0a5fa6a8e77b": ["2", "org.smerty.zooborns.ZooBorns"]}, {"5ded1a6c73fac00ded5d0a5fa6a8e77b": ["2", "org.smerty.zooborns.ZooBorns"]}, {"5ded1a6c73fac00ded5d0a5fa6a8e77b": ["2", "org.smerty.zooborns.ZooBorns"]}, {"5ded1a6c73fac00ded5d0a5fa6a8e77b": ["2", "org.smerty.zooborns.ZooBorns"]}, {"5ded1a6c73fac00ded5d0a5fa6a8e77b": ["2", "org.smerty.zooborns.ZooBorns"]}, {"5ded1a6c73fac00ded5d0a5fa6a8e77b": ["2", "org.smerty.zooborns.ZooBorns"]}, {"38a222da661755816e0a48fed2d57749": ["3", "org.smerty.zooborns.ZooBorns"]}, {"5ded1a6c73fac00ded5d0a5fa6a8e77b": ["2", "org.smerty.zooborns.ZooBorns"]}, {"5ded1a6c73fac00ded5d0a5fa6a8e77b": ["2", "org.smerty.zooborns.ZooBorns"]}, {"5ded1a6c73fac00ded5d0a5fa6a8e77b": ["2", "org.smerty.zooborns.ZooBorns"]}, {"5ded1a6c73fac00ded5d0a5fa6a8e77b": ["2", "org.smerty.zooborns.ZooBorns"]}, {"5ded1a6c73fac00ded5d0a5fa6a8e77b": ["2", "org.smerty.zooborns.ZooBorns"]}, {"5ded1a6c73fac00ded5d0a5fa6a8e77b": ["2", "org.smerty.zooborns.ZooBorns"]}, {"38a222da661755816e0a48fed2d57749": ["3", "org.smerty.zooborns.ZooBorns"]}, {"5ded1a6c73fac00ded5d0a5fa6a8e77b": ["2", "org.smerty.zooborns.ZooBorns"]}, {"5ded1a6c73fac00ded5d0a5fa6a8e77b": ["2", "org.smerty.zooborns.ZooBorns"]}, {"5ded1a6c73fac00ded5d0a5fa6a8e77b": ["2", "org.smerty.zooborns.ZooBorns"]}, {"5ded1a6c73fac00ded5d0a5fa6a8e77b": ["2", "org.smerty.zooborns.ZooBorns"]}, {"5ded1a6c73fac00ded5d0a5fa6a8e77b": ["2", "org.smerty.zooborns.ZooBorns"]}, {"5ded1a6c73fac00ded5d0a5fa6a8e77b": ["2", "org.smerty.zooborns.ZooBorns"]}, {"38a222da661755816e0a48fed2d57749": ["3", "org.smerty.zooborns.ZooBorns"]}, {"5ded1a6c73fac00ded5d0a5fa6a8e77b": ["2", "org.smerty.zooborns.ZooBorns"]}, {"5ded1a6c73fac00ded5d0a5fa6a8e77b": ["2", "org.smerty.zooborns.ZooBorns"]}, {"5ded1a6c73fac00ded5d0a5fa6a8e77b": ["2", "org.smerty.zooborns.ZooBorns"]}, {"5ded1a6c73fac00ded5d0a5fa6a8e77b": ["2", "org.smerty.zooborns.ZooBorns"]}, {"5ded1a6c73fac00ded5d0a5fa6a8e77b": ["2", "org.smerty.zooborns.ZooBorns"]}, {"5ded1a6c73fac00ded5d0a5fa6a8e77b": ["2", "org.smerty.zooborns.ZooBorns"]}, {"38a222da661755816e0a48fed2d57749": ["3", "org.smerty.zooborns.ZooBorns"]}, {"5ded1a6c73fac00ded5d0a5fa6a8e77b": ["2", "org.smerty.zooborns.ZooBorns"]}, {"5ded1a6c73fac00ded5d0a5fa6a8e77b": ["2", "org.smerty.zooborns.ZooBorns"]}, {"5ded1a6c73fac00ded5d0a5fa6a8e77b": ["2", "org.smerty.zooborns.ZooBorns"]}, {"5ded1a6c73fac00ded5d0a5fa6a8e77b": ["2", "org.smerty.zooborns.ZooBorns"]}, {"5ded1a6c73fac00ded5d0a5fa6a8e77b": ["2", "org.smerty.zooborns.ZooBorns"]}, {"5ded1a6c73fac00ded5d0a5fa6a8e77b": ["2", "org.smerty.zooborns.ZooBorns"]}, {"38a222da661755816e0a48fed2d57749": ["3", "org.smerty.zooborns.ZooBorns"]}, {"5ded1a6c73fac00ded5d0a5fa6a8e77b": ["2", "org.smerty.zooborns.ZooBorns"]}, {"5ded1a6c73fac00ded5d0a5fa6a8e77b": ["2", "org.smerty.zooborns.ZooBorns"]}, {"5ded1a6c73fac00ded5d0a5fa6a8e77b": ["2", "org.smerty.zooborns.ZooBorns"]}, {"5ded1a6c73fac00ded5d0a5fa6a8e77b": ["2", "org.smerty.zooborns.ZooBorns"]}, {"5ded1a6c73fac00ded5d0a5fa6a8e77b": ["2", "org.smerty.zooborns.ZooBorns"]}, {"5ded1a6c73fac00ded5d0a5fa6a8e77b": ["2", "org.smerty.zooborns.ZooBorns"]}, {"38a222da661755816e0a48fed2d57749": ["3", "org.smerty.zooborns.ZooBorns"]}, {"5ded1a6c73fac00ded5d0a5fa6a8e77b": ["2", "org.smerty.zooborns.ZooBorns"]}]