[{"9ae14df41405075c4cebd9c9fd551350": ["0", "org.wikipedia.WikipediaActivity"]}, {"9ae14df41405075c4cebd9c9fd551350": ["0", "org.wikipedia.WikipediaActivity"]}, {"9ae14df41405075c4cebd9c9fd551350": ["0", "org.wikipedia.WikipediaActivity"]}, {"9ae14df41405075c4cebd9c9fd551350": ["0", "org.wikipedia.WikipediaActivity"]}, {"9ae14df41405075c4cebd9c9fd551350": ["0", "org.wikipedia.WikipediaActivity"]}, {"9ae14df41405075c4cebd9c9fd551350": ["0", "org.wikipedia.WikipediaActivity"]}, {"9ae14df41405075c4cebd9c9fd551350": ["0", "org.wikipedia.WikipediaActivity"]}, {"9ae14df41405075c4cebd9c9fd551350": ["0", "org.wikipedia.WikipediaActivity"]}, {"9ae14df41405075c4cebd9c9fd551350": ["0", "org.wikipedia.WikipediaActivity"]}, {"9ae14df41405075c4cebd9c9fd551350": ["0", "org.wikipedia.WikipediaActivity"]}, {"9ae14df41405075c4cebd9c9fd551350": ["0", "org.wikipedia.WikipediaActivity"]}, {"7705133e5a516d2af86b3e6aeb8f0b15": ["1", "org.wikipedia.WikipediaActivity"]}, {"9ae14df41405075c4cebd9c9fd551350": ["0", "org.wikipedia.WikipediaActivity"]}, {"9ae14df41405075c4cebd9c9fd551350": ["0", "org.wikipedia.WikipediaActivity"]}, {"9ae14df41405075c4cebd9c9fd551350": ["0", "org.wikipedia.WikipediaActivity"]}, {"9ae14df41405075c4cebd9c9fd551350": ["0", "org.wikipedia.WikipediaActivity"]}, {"9ae14df41405075c4cebd9c9fd551350": ["0", "org.wikipedia.WikipediaActivity"]}, {"9ae14df41405075c4cebd9c9fd551350": ["0", "org.wikipedia.WikipediaActivity"]}, {"9ae14df41405075c4cebd9c9fd551350": ["0", "org.wikipedia.WikipediaActivity"]}, {"9ae14df41405075c4cebd9c9fd551350": ["0", "org.wikipedia.WikipediaActivity"]}, {"9ae14df41405075c4cebd9c9fd551350": ["0", "org.wikipedia.WikipediaActivity"]}, {"9ae14df41405075c4cebd9c9fd551350": ["0", "org.wikipedia.WikipediaActivity"]}, {"b46faa754ea3ffa345db912623107938": ["2", "org.wikipedia.WikipediaActivity"]}, {"9ae14df41405075c4cebd9c9fd551350": ["0", "org.wikipedia.WikipediaActivity"]}, {"9ae14df41405075c4cebd9c9fd551350": ["0", "org.wikipedia.WikipediaActivity"]}, {"9ae14df41405075c4cebd9c9fd551350": ["0", "org.wikipedia.WikipediaActivity"]}, {"9ae14df41405075c4cebd9c9fd551350": ["0", "org.wikipedia.WikipediaActivity"]}, {"9ae14df41405075c4cebd9c9fd551350": ["0", "org.wikipedia.WikipediaActivity"]}, {"9ae14df41405075c4cebd9c9fd551350": ["0", "org.wikipedia.WikipediaActivity"]}, {"9ae14df41405075c4cebd9c9fd551350": ["0", "org.wikipedia.WikipediaActivity"]}, {"9ae14df41405075c4cebd9c9fd551350": ["0", "org.wikipedia.WikipediaActivity"]}, {"9ae14df41405075c4cebd9c9fd551350": ["0", "org.wikipedia.WikipediaActivity"]}, {"9ae14df41405075c4cebd9c9fd551350": ["0", "org.wikipedia.WikipediaActivity"]}, {"9ae14df41405075c4cebd9c9fd551350": ["0", "org.wikipedia.WikipediaActivity"]}, {"9ae14df41405075c4cebd9c9fd551350": ["0", "org.wikipedia.WikipediaActivity"]}, {"9ae14df41405075c4cebd9c9fd551350": ["0", "org.wikipedia.WikipediaActivity"]}, {"9ae14df41405075c4cebd9c9fd551350": ["0", "org.wikipedia.WikipediaActivity"]}, {"9ae14df41405075c4cebd9c9fd551350": ["0", "org.wikipedia.WikipediaActivity"]}, {"9ae14df41405075c4cebd9c9fd551350": ["0", "org.wikipedia.WikipediaActivity"]}, {"9ae14df41405075c4cebd9c9fd551350": ["0", "org.wikipedia.WikipediaActivity"]}, {"9ae14df41405075c4cebd9c9fd551350": ["0", "org.wikipedia.WikipediaActivity"]}, {"9ae14df41405075c4cebd9c9fd551350": ["0", "org.wikipedia.WikipediaActivity"]}, {"9ae14df41405075c4cebd9c9fd551350": ["0", "org.wikipedia.WikipediaActivity"]}, {"9ae14df41405075c4cebd9c9fd551350": ["0", "org.wikipedia.WikipediaActivity"]}, {"9ae14df41405075c4cebd9c9fd551350": ["0", "org.wikipedia.WikipediaActivity"]}, {"9ae14df41405075c4cebd9c9fd551350": ["0", "org.wikipedia.WikipediaActivity"]}, {"9ae14df41405075c4cebd9c9fd551350": ["0", "org.wikipedia.WikipediaActivity"]}, {"9ae14df41405075c4cebd9c9fd551350": ["0", "org.wikipedia.WikipediaActivity"]}, {"9ae14df41405075c4cebd9c9fd551350": ["0", "org.wikipedia.WikipediaActivity"]}, {"9ae14df41405075c4cebd9c9fd551350": ["0", "org.wikipedia.WikipediaActivity"]}, {"9ae14df41405075c4cebd9c9fd551350": ["0", "org.wikipedia.WikipediaActivity"]}, {"9ae14df41405075c4cebd9c9fd551350": ["0", "org.wikipedia.WikipediaActivity"]}, {"9ae14df41405075c4cebd9c9fd551350": ["0", "org.wikipedia.WikipediaActivity"]}, {"9ae14df41405075c4cebd9c9fd551350": ["0", "org.wikipedia.WikipediaActivity"]}, {"9ae14df41405075c4cebd9c9fd551350": ["0", "org.wikipedia.WikipediaActivity"]}, {"9ae14df41405075c4cebd9c9fd551350": ["0", "org.wikipedia.WikipediaActivity"]}, {"9ae14df41405075c4cebd9c9fd551350": ["0", "org.wikipedia.WikipediaActivity"]}, {"9ae14df41405075c4cebd9c9fd551350": ["0", "org.wikipedia.WikipediaActivity"]}, {"9ae14df41405075c4cebd9c9fd551350": ["0", "org.wikipedia.WikipediaActivity"]}, {"9ae14df41405075c4cebd9c9fd551350": ["0", "org.wikipedia.WikipediaActivity"]}, {"9ae14df41405075c4cebd9c9fd551350": ["0", "org.wikipedia.WikipediaActivity"]}, {"9ae14df41405075c4cebd9c9fd551350": ["0", "org.wikipedia.WikipediaActivity"]}, {"9ae14df41405075c4cebd9c9fd551350": ["0", "org.wikipedia.WikipediaActivity"]}, {"9ae14df41405075c4cebd9c9fd551350": ["0", "org.wikipedia.WikipediaActivity"]}, {"9ae14df41405075c4cebd9c9fd551350": ["0", "org.wikipedia.WikipediaActivity"]}, {"9ae14df41405075c4cebd9c9fd551350": ["0", "org.wikipedia.WikipediaActivity"]}, {"9ae14df41405075c4cebd9c9fd551350": ["0", "org.wikipedia.WikipediaActivity"]}, {"9ae14df41405075c4cebd9c9fd551350": ["0", "org.wikipedia.WikipediaActivity"]}, {"9ae14df41405075c4cebd9c9fd551350": ["0", "org.wikipedia.WikipediaActivity"]}, {"9ae14df41405075c4cebd9c9fd551350": ["0", "org.wikipedia.WikipediaActivity"]}, {"9ae14df41405075c4cebd9c9fd551350": ["0", "org.wikipedia.WikipediaActivity"]}, {"9ae14df41405075c4cebd9c9fd551350": ["0", "org.wikipedia.WikipediaActivity"]}, {"9ae14df41405075c4cebd9c9fd551350": ["0", "org.wikipedia.WikipediaActivity"]}, {"9ae14df41405075c4cebd9c9fd551350": ["0", "org.wikipedia.WikipediaActivity"]}, {"9ae14df41405075c4cebd9c9fd551350": ["0", "org.wikipedia.WikipediaActivity"]}, {"9ae14df41405075c4cebd9c9fd551350": ["0", "org.wikipedia.WikipediaActivity"]}, {"9ae14df41405075c4cebd9c9fd551350": ["0", "org.wikipedia.WikipediaActivity"]}, {"9ae14df41405075c4cebd9c9fd551350": ["0", "org.wikipedia.WikipediaActivity"]}, {"9ae14df41405075c4cebd9c9fd551350": ["0", "org.wikipedia.WikipediaActivity"]}, {"9ae14df41405075c4cebd9c9fd551350": ["0", "org.wikipedia.WikipediaActivity"]}, {"9ae14df41405075c4cebd9c9fd551350": ["0", "org.wikipedia.WikipediaActivity"]}, {"9ae14df41405075c4cebd9c9fd551350": ["0", "org.wikipedia.WikipediaActivity"]}, {"9ae14df41405075c4cebd9c9fd551350": ["0", "org.wikipedia.WikipediaActivity"]}, {"9ae14df41405075c4cebd9c9fd551350": ["0", "org.wikipedia.WikipediaActivity"]}, {"9ae14df41405075c4cebd9c9fd551350": ["0", "org.wikipedia.WikipediaActivity"]}, {"9ae14df41405075c4cebd9c9fd551350": ["0", "org.wikipedia.WikipediaActivity"]}, {"9ae14df41405075c4cebd9c9fd551350": ["0", "org.wikipedia.WikipediaActivity"]}, {"9ae14df41405075c4cebd9c9fd551350": ["0", "org.wikipedia.WikipediaActivity"]}, {"9ae14df41405075c4cebd9c9fd551350": ["0", "org.wikipedia.WikipediaActivity"]}, {"9ae14df41405075c4cebd9c9fd551350": ["0", "org.wikipedia.WikipediaActivity"]}, {"9ae14df41405075c4cebd9c9fd551350": ["0", "org.wikipedia.WikipediaActivity"]}, {"9ae14df41405075c4cebd9c9fd551350": ["0", "org.wikipedia.WikipediaActivity"]}, {"9ae14df41405075c4cebd9c9fd551350": ["0", "org.wikipedia.WikipediaActivity"]}, {"9ae14df41405075c4cebd9c9fd551350": ["0", "org.wikipedia.WikipediaActivity"]}, {"9ae14df41405075c4cebd9c9fd551350": ["0", "org.wikipedia.WikipediaActivity"]}, {"9ae14df41405075c4cebd9c9fd551350": ["0", "org.wikipedia.WikipediaActivity"]}, {"9ae14df41405075c4cebd9c9fd551350": ["0", "org.wikipedia.WikipediaActivity"]}, {"9ae14df41405075c4cebd9c9fd551350": ["0", "org.wikipedia.WikipediaActivity"]}, {"7705133e5a516d2af86b3e6aeb8f0b15": ["1", "org.wikipedia.WikipediaActivity"]}, {"9ae14df41405075c4cebd9c9fd551350": ["0", "org.wikipedia.WikipediaActivity"]}, {"9ae14df41405075c4cebd9c9fd551350": ["0", "org.wikipedia.WikipediaActivity"]}, {"9ae14df41405075c4cebd9c9fd551350": ["0", "org.wikipedia.WikipediaActivity"]}, {"9ae14df41405075c4cebd9c9fd551350": ["0", "org.wikipedia.WikipediaActivity"]}, {"9ae14df41405075c4cebd9c9fd551350": ["0", "org.wikipedia.WikipediaActivity"]}, {"9ae14df41405075c4cebd9c9fd551350": ["0", "org.wikipedia.WikipediaActivity"]}, {"9ae14df41405075c4cebd9c9fd551350": ["0", "org.wikipedia.WikipediaActivity"]}, {"9ae14df41405075c4cebd9c9fd551350": ["0", "org.wikipedia.WikipediaActivity"]}, {"9ae14df41405075c4cebd9c9fd551350": ["0", "org.wikipedia.WikipediaActivity"]}, {"9ae14df41405075c4cebd9c9fd551350": ["0", "org.wikipedia.WikipediaActivity"]}, {"9ae14df41405075c4cebd9c9fd551350": ["0", "org.wikipedia.WikipediaActivity"]}, {"9ae14df41405075c4cebd9c9fd551350": ["0", "org.wikipedia.WikipediaActivity"]}, {"9ae14df41405075c4cebd9c9fd551350": ["0", "org.wikipedia.WikipediaActivity"]}, {"9ae14df41405075c4cebd9c9fd551350": ["0", "org.wikipedia.WikipediaActivity"]}, {"9ae14df41405075c4cebd9c9fd551350": ["0", "org.wikipedia.WikipediaActivity"]}, {"9ae14df41405075c4cebd9c9fd551350": ["0", "org.wikipedia.WikipediaActivity"]}, {"9ae14df41405075c4cebd9c9fd551350": ["0", "org.wikipedia.WikipediaActivity"]}, {"9ae14df41405075c4cebd9c9fd551350": ["0", "org.wikipedia.WikipediaActivity"]}, {"9ae14df41405075c4cebd9c9fd551350": ["0", "org.wikipedia.WikipediaActivity"]}, {"9ae14df41405075c4cebd9c9fd551350": ["0", "org.wikipedia.WikipediaActivity"]}, {"9ae14df41405075c4cebd9c9fd551350": ["0", "org.wikipedia.WikipediaActivity"]}, {"9ae14df41405075c4cebd9c9fd551350": ["0", "org.wikipedia.WikipediaActivity"]}, {"9ae14df41405075c4cebd9c9fd551350": ["0", "org.wikipedia.WikipediaActivity"]}, {"9ae14df41405075c4cebd9c9fd551350": ["0", "org.wikipedia.WikipediaActivity"]}, {"9ae14df41405075c4cebd9c9fd551350": ["0", "org.wikipedia.WikipediaActivity"]}, {"9ae14df41405075c4cebd9c9fd551350": ["0", "org.wikipedia.WikipediaActivity"]}, {"9ae14df41405075c4cebd9c9fd551350": ["0", "org.wikipedia.WikipediaActivity"]}, {"9ae14df41405075c4cebd9c9fd551350": ["0", "org.wikipedia.WikipediaActivity"]}, {"9ae14df41405075c4cebd9c9fd551350": ["0", "org.wikipedia.WikipediaActivity"]}, {"9ae14df41405075c4cebd9c9fd551350": ["0", "org.wikipedia.WikipediaActivity"]}, {"9ae14df41405075c4cebd9c9fd551350": ["0", "org.wikipedia.WikipediaActivity"]}, {"9ae14df41405075c4cebd9c9fd551350": ["0", "org.wikipedia.WikipediaActivity"]}, {"9ae14df41405075c4cebd9c9fd551350": ["0", "org.wikipedia.WikipediaActivity"]}, {"9ae14df41405075c4cebd9c9fd551350": ["0", "org.wikipedia.WikipediaActivity"]}, {"9ae14df41405075c4cebd9c9fd551350": ["0", "org.wikipedia.WikipediaActivity"]}, {"9ae14df41405075c4cebd9c9fd551350": ["0", "org.wikipedia.WikipediaActivity"]}, {"9ae14df41405075c4cebd9c9fd551350": ["0", "org.wikipedia.WikipediaActivity"]}, {"9ae14df41405075c4cebd9c9fd551350": ["0", "org.wikipedia.WikipediaActivity"]}, {"9ae14df41405075c4cebd9c9fd551350": ["0", "org.wikipedia.WikipediaActivity"]}, {"9ae14df41405075c4cebd9c9fd551350": ["0", "org.wikipedia.WikipediaActivity"]}, {"9ae14df41405075c4cebd9c9fd551350": ["0", "org.wikipedia.WikipediaActivity"]}, {"9ae14df41405075c4cebd9c9fd551350": ["0", "org.wikipedia.WikipediaActivity"]}, {"9ae14df41405075c4cebd9c9fd551350": ["0", "org.wikipedia.WikipediaActivity"]}, {"9ae14df41405075c4cebd9c9fd551350": ["0", "org.wikipedia.WikipediaActivity"]}, {"9ae14df41405075c4cebd9c9fd551350": ["0", "org.wikipedia.WikipediaActivity"]}, {"9ae14df41405075c4cebd9c9fd551350": ["0", "org.wikipedia.WikipediaActivity"]}, {"9ae14df41405075c4cebd9c9fd551350": ["0", "org.wikipedia.WikipediaActivity"]}, {"9ae14df41405075c4cebd9c9fd551350": ["0", "org.wikipedia.WikipediaActivity"]}, {"9ae14df41405075c4cebd9c9fd551350": ["0", "org.wikipedia.WikipediaActivity"]}, {"9ae14df41405075c4cebd9c9fd551350": ["0", "org.wikipedia.WikipediaActivity"]}, {"9ae14df41405075c4cebd9c9fd551350": ["0", "org.wikipedia.WikipediaActivity"]}, {"9ae14df41405075c4cebd9c9fd551350": ["0", "org.wikipedia.WikipediaActivity"]}]