[{"fbb799e2d89fd4f6e3e3022c1ca58964": ["0", "com.keepassdroid.fileselect.FileSelectActivity"]}, {"fbb799e2d89fd4f6e3e3022c1ca58964": ["0", "com.keepassdroid.fileselect.FileSelectActivity"]}, {"8e9a1baa4acd0107110dcceeba97014b": ["2", "com.keepassdroid.fileselect.FileSelectActivity"]}, {"fbb799e2d89fd4f6e3e3022c1ca58964": ["0", "com.keepassdroid.fileselect.FileSelectActivity"]}, {"fbb799e2d89fd4f6e3e3022c1ca58964": ["0", "com.keepassdroid.fileselect.FileSelectActivity"]}, {"8e9a1baa4acd0107110dcceeba97014b": ["2", "com.keepassdroid.fileselect.FileSelectActivity"]}, {"fbb799e2d89fd4f6e3e3022c1ca58964": ["0", "com.keepassdroid.fileselect.FileSelectActivity"]}, {"fbb799e2d89fd4f6e3e3022c1ca58964": ["0", "com.keepassdroid.fileselect.FileSelectActivity"]}, {"8e9a1baa4acd0107110dcceeba97014b": ["2", "com.keepassdroid.fileselect.FileSelectActivity"]}, {"fbb799e2d89fd4f6e3e3022c1ca58964": ["0", "com.keepassdroid.fileselect.FileSelectActivity"]}, {"fbb799e2d89fd4f6e3e3022c1ca58964": ["0", "com.keepassdroid.fileselect.FileSelectActivity"]}, {"8e9a1baa4acd0107110dcceeba97014b": ["2", "com.keepassdroid.fileselect.FileSelectActivity"]}, {"fbb799e2d89fd4f6e3e3022c1ca58964": ["0", "com.keepassdroid.fileselect.FileSelectActivity"]}, {"fbb799e2d89fd4f6e3e3022c1ca58964": ["0", "com.keepassdroid.fileselect.FileSelectActivity"]}, {"8e9a1baa4acd0107110dcceeba97014b": ["2", "com.keepassdroid.fileselect.FileSelectActivity"]}, {"fbb799e2d89fd4f6e3e3022c1ca58964": ["0", "com.keepassdroid.fileselect.FileSelectActivity"]}, {"fbb799e2d89fd4f6e3e3022c1ca58964": ["0", "com.keepassdroid.fileselect.FileSelectActivity"]}, {"8e9a1baa4acd0107110dcceeba97014b": ["2", "com.keepassdroid.fileselect.FileSelectActivity"]}, {"fbb799e2d89fd4f6e3e3022c1ca58964": ["0", "com.keepassdroid.fileselect.FileSelectActivity"]}, {"fbb799e2d89fd4f6e3e3022c1ca58964": ["0", "com.keepassdroid.fileselect.FileSelectActivity"]}, {"8e9a1baa4acd0107110dcceeba97014b": ["2", "com.keepassdroid.fileselect.FileSelectActivity"]}, {"fbb799e2d89fd4f6e3e3022c1ca58964": ["0", "com.keepassdroid.fileselect.FileSelectActivity"]}, {"fbb799e2d89fd4f6e3e3022c1ca58964": ["0", "com.keepassdroid.fileselect.FileSelectActivity"]}, {"8e9a1baa4acd0107110dcceeba97014b": ["2", "com.keepassdroid.fileselect.FileSelectActivity"]}, {"fbb799e2d89fd4f6e3e3022c1ca58964": ["0", "com.keepassdroid.fileselect.FileSelectActivity"]}, {"fbb799e2d89fd4f6e3e3022c1ca58964": ["0", "com.keepassdroid.fileselect.FileSelectActivity"]}, {"8e9a1baa4acd0107110dcceeba97014b": ["2", "com.keepassdroid.fileselect.FileSelectActivity"]}, {"fbb799e2d89fd4f6e3e3022c1ca58964": ["0", "com.keepassdroid.fileselect.FileSelectActivity"]}, {"fbb799e2d89fd4f6e3e3022c1ca58964": ["0", "com.keepassdroid.fileselect.FileSelectActivity"]}, {"8e9a1baa4acd0107110dcceeba97014b": ["2", "com.keepassdroid.fileselect.FileSelectActivity"]}, {"fbb799e2d89fd4f6e3e3022c1ca58964": ["0", "com.keepassdroid.fileselect.FileSelectActivity"]}, {"fbb799e2d89fd4f6e3e3022c1ca58964": ["0", "com.keepassdroid.fileselect.FileSelectActivity"]}, {"8e9a1baa4acd0107110dcceeba97014b": ["2", "com.keepassdroid.fileselect.FileSelectActivity"]}, {"fbb799e2d89fd4f6e3e3022c1ca58964": ["0", "com.keepassdroid.fileselect.FileSelectActivity"]}, {"fbb799e2d89fd4f6e3e3022c1ca58964": ["0", "com.keepassdroid.fileselect.FileSelectActivity"]}, {"8e9a1baa4acd0107110dcceeba97014b": ["2", "com.keepassdroid.fileselect.FileSelectActivity"]}, {"fbb799e2d89fd4f6e3e3022c1ca58964": ["0", "com.keepassdroid.fileselect.FileSelectActivity"]}, {"fbb799e2d89fd4f6e3e3022c1ca58964": ["0", "com.keepassdroid.fileselect.FileSelectActivity"]}, {"8e9a1baa4acd0107110dcceeba97014b": ["2", "com.keepassdroid.fileselect.FileSelectActivity"]}, {"fbb799e2d89fd4f6e3e3022c1ca58964": ["0", "com.keepassdroid.fileselect.FileSelectActivity"]}, {"fbb799e2d89fd4f6e3e3022c1ca58964": ["0", "com.keepassdroid.fileselect.FileSelectActivity"]}, {"8e9a1baa4acd0107110dcceeba97014b": ["2", "com.keepassdroid.fileselect.FileSelectActivity"]}, {"fbb799e2d89fd4f6e3e3022c1ca58964": ["0", "com.keepassdroid.fileselect.FileSelectActivity"]}, {"fbb799e2d89fd4f6e3e3022c1ca58964": ["0", "com.keepassdroid.fileselect.FileSelectActivity"]}, {"8e9a1baa4acd0107110dcceeba97014b": ["2", "com.keepassdroid.fileselect.FileSelectActivity"]}, {"fbb799e2d89fd4f6e3e3022c1ca58964": ["0", "com.keepassdroid.fileselect.FileSelectActivity"]}, {"fbb799e2d89fd4f6e3e3022c1ca58964": ["0", "com.keepassdroid.fileselect.FileSelectActivity"]}, {"8e9a1baa4acd0107110dcceeba97014b": ["2", "com.keepassdroid.fileselect.FileSelectActivity"]}, {"fbb799e2d89fd4f6e3e3022c1ca58964": ["0", "com.keepassdroid.fileselect.FileSelectActivity"]}, {"fbb799e2d89fd4f6e3e3022c1ca58964": ["0", "com.keepassdroid.fileselect.FileSelectActivity"]}, {"8e9a1baa4acd0107110dcceeba97014b": ["2", "com.keepassdroid.fileselect.FileSelectActivity"]}, {"fbb799e2d89fd4f6e3e3022c1ca58964": ["0", "com.keepassdroid.fileselect.FileSelectActivity"]}, {"fbb799e2d89fd4f6e3e3022c1ca58964": ["0", "com.keepassdroid.fileselect.FileSelectActivity"]}, {"8e9a1baa4acd0107110dcceeba97014b": ["2", "com.keepassdroid.fileselect.FileSelectActivity"]}, {"fbb799e2d89fd4f6e3e3022c1ca58964": ["0", "com.keepassdroid.fileselect.FileSelectActivity"]}, {"fbb799e2d89fd4f6e3e3022c1ca58964": ["0", "com.keepassdroid.fileselect.FileSelectActivity"]}, {"8e9a1baa4acd0107110dcceeba97014b": ["2", "com.keepassdroid.fileselect.FileSelectActivity"]}, {"fbb799e2d89fd4f6e3e3022c1ca58964": ["0", "com.keepassdroid.fileselect.FileSelectActivity"]}, {"fbb799e2d89fd4f6e3e3022c1ca58964": ["0", "com.keepassdroid.fileselect.FileSelectActivity"]}, {"8e9a1baa4acd0107110dcceeba97014b": ["2", "com.keepassdroid.fileselect.FileSelectActivity"]}, {"fbb799e2d89fd4f6e3e3022c1ca58964": ["0", "com.keepassdroid.fileselect.FileSelectActivity"]}, {"fbb799e2d89fd4f6e3e3022c1ca58964": ["0", "com.keepassdroid.fileselect.FileSelectActivity"]}, {"8e9a1baa4acd0107110dcceeba97014b": ["2", "com.keepassdroid.fileselect.FileSelectActivity"]}, {"fbb799e2d89fd4f6e3e3022c1ca58964": ["0", "com.keepassdroid.fileselect.FileSelectActivity"]}, {"fbb799e2d89fd4f6e3e3022c1ca58964": ["0", "com.keepassdroid.fileselect.FileSelectActivity"]}, {"8e9a1baa4acd0107110dcceeba97014b": ["2", "com.keepassdroid.fileselect.FileSelectActivity"]}, {"fbb799e2d89fd4f6e3e3022c1ca58964": ["0", "com.keepassdroid.fileselect.FileSelectActivity"]}, {"fbb799e2d89fd4f6e3e3022c1ca58964": ["0", "com.keepassdroid.fileselect.FileSelectActivity"]}, {"8e9a1baa4acd0107110dcceeba97014b": ["2", "com.keepassdroid.fileselect.FileSelectActivity"]}, {"fbb799e2d89fd4f6e3e3022c1ca58964": ["0", "com.keepassdroid.fileselect.FileSelectActivity"]}, {"fbb799e2d89fd4f6e3e3022c1ca58964": ["0", "com.keepassdroid.fileselect.FileSelectActivity"]}, {"8e9a1baa4acd0107110dcceeba97014b": ["2", "com.keepassdroid.fileselect.FileSelectActivity"]}, {"fbb799e2d89fd4f6e3e3022c1ca58964": ["0", "com.keepassdroid.fileselect.FileSelectActivity"]}, {"fbb799e2d89fd4f6e3e3022c1ca58964": ["0", "com.keepassdroid.fileselect.FileSelectActivity"]}, {"8e9a1baa4acd0107110dcceeba97014b": ["2", "com.keepassdroid.fileselect.FileSelectActivity"]}, {"fbb799e2d89fd4f6e3e3022c1ca58964": ["0", "com.keepassdroid.fileselect.FileSelectActivity"]}, {"fbb799e2d89fd4f6e3e3022c1ca58964": ["0", "com.keepassdroid.fileselect.FileSelectActivity"]}, {"8e9a1baa4acd0107110dcceeba97014b": ["2", "com.keepassdroid.fileselect.FileSelectActivity"]}, {"fbb799e2d89fd4f6e3e3022c1ca58964": ["0", "com.keepassdroid.fileselect.FileSelectActivity"]}, {"fbb799e2d89fd4f6e3e3022c1ca58964": ["0", "com.keepassdroid.fileselect.FileSelectActivity"]}, {"8e9a1baa4acd0107110dcceeba97014b": ["2", "com.keepassdroid.fileselect.FileSelectActivity"]}, {"fbb799e2d89fd4f6e3e3022c1ca58964": ["0", "com.keepassdroid.fileselect.FileSelectActivity"]}, {"fbb799e2d89fd4f6e3e3022c1ca58964": ["0", "com.keepassdroid.fileselect.FileSelectActivity"]}, {"8e9a1baa4acd0107110dcceeba97014b": ["2", "com.keepassdroid.fileselect.FileSelectActivity"]}, {"fbb799e2d89fd4f6e3e3022c1ca58964": ["0", "com.keepassdroid.fileselect.FileSelectActivity"]}, {"fbb799e2d89fd4f6e3e3022c1ca58964": ["0", "com.keepassdroid.fileselect.FileSelectActivity"]}, {"8e9a1baa4acd0107110dcceeba97014b": ["2", "com.keepassdroid.fileselect.FileSelectActivity"]}, {"fbb799e2d89fd4f6e3e3022c1ca58964": ["0", "com.keepassdroid.fileselect.FileSelectActivity"]}, {"fbb799e2d89fd4f6e3e3022c1ca58964": ["0", "com.keepassdroid.fileselect.FileSelectActivity"]}, {"8e9a1baa4acd0107110dcceeba97014b": ["2", "com.keepassdroid.fileselect.FileSelectActivity"]}, {"fbb799e2d89fd4f6e3e3022c1ca58964": ["0", "com.keepassdroid.fileselect.FileSelectActivity"]}, {"fbb799e2d89fd4f6e3e3022c1ca58964": ["0", "com.keepassdroid.fileselect.FileSelectActivity"]}, {"8e9a1baa4acd0107110dcceeba97014b": ["2", "com.keepassdroid.fileselect.FileSelectActivity"]}, {"fbb799e2d89fd4f6e3e3022c1ca58964": ["0", "com.keepassdroid.fileselect.FileSelectActivity"]}, {"fbb799e2d89fd4f6e3e3022c1ca58964": ["0", "com.keepassdroid.fileselect.FileSelectActivity"]}, {"8e9a1baa4acd0107110dcceeba97014b": ["2", "com.keepassdroid.fileselect.FileSelectActivity"]}, {"fbb799e2d89fd4f6e3e3022c1ca58964": ["0", "com.keepassdroid.fileselect.FileSelectActivity"]}, {"fbb799e2d89fd4f6e3e3022c1ca58964": ["0", "com.keepassdroid.fileselect.FileSelectActivity"]}, {"8e9a1baa4acd0107110dcceeba97014b": ["2", "com.keepassdroid.fileselect.FileSelectActivity"]}, {"fbb799e2d89fd4f6e3e3022c1ca58964": ["0", "com.keepassdroid.fileselect.FileSelectActivity"]}, {"fbb799e2d89fd4f6e3e3022c1ca58964": ["0", "com.keepassdroid.fileselect.FileSelectActivity"]}, {"8e9a1baa4acd0107110dcceeba97014b": ["2", "com.keepassdroid.fileselect.FileSelectActivity"]}, {"fbb799e2d89fd4f6e3e3022c1ca58964": ["0", "com.keepassdroid.fileselect.FileSelectActivity"]}, {"fbb799e2d89fd4f6e3e3022c1ca58964": ["0", "com.keepassdroid.fileselect.FileSelectActivity"]}, {"8e9a1baa4acd0107110dcceeba97014b": ["2", "com.keepassdroid.fileselect.FileSelectActivity"]}, {"fbb799e2d89fd4f6e3e3022c1ca58964": ["0", "com.keepassdroid.fileselect.FileSelectActivity"]}, {"fbb799e2d89fd4f6e3e3022c1ca58964": ["0", "com.keepassdroid.fileselect.FileSelectActivity"]}, {"8e9a1baa4acd0107110dcceeba97014b": ["2", "com.keepassdroid.fileselect.FileSelectActivity"]}, {"fbb799e2d89fd4f6e3e3022c1ca58964": ["0", "com.keepassdroid.fileselect.FileSelectActivity"]}, {"fbb799e2d89fd4f6e3e3022c1ca58964": ["0", "com.keepassdroid.fileselect.FileSelectActivity"]}, {"8e9a1baa4acd0107110dcceeba97014b": ["2", "com.keepassdroid.fileselect.FileSelectActivity"]}, {"fbb799e2d89fd4f6e3e3022c1ca58964": ["0", "com.keepassdroid.fileselect.FileSelectActivity"]}, {"fbb799e2d89fd4f6e3e3022c1ca58964": ["0", "com.keepassdroid.fileselect.FileSelectActivity"]}, {"8e9a1baa4acd0107110dcceeba97014b": ["2", "com.keepassdroid.fileselect.FileSelectActivity"]}, {"fbb799e2d89fd4f6e3e3022c1ca58964": ["0", "com.keepassdroid.fileselect.FileSelectActivity"]}, {"fbb799e2d89fd4f6e3e3022c1ca58964": ["0", "com.keepassdroid.fileselect.FileSelectActivity"]}, {"8e9a1baa4acd0107110dcceeba97014b": ["2", "com.keepassdroid.fileselect.FileSelectActivity"]}, {"fbb799e2d89fd4f6e3e3022c1ca58964": ["0", "com.keepassdroid.fileselect.FileSelectActivity"]}, {"fbb799e2d89fd4f6e3e3022c1ca58964": ["0", "com.keepassdroid.fileselect.FileSelectActivity"]}, {"8e9a1baa4acd0107110dcceeba97014b": ["2", "com.keepassdroid.fileselect.FileSelectActivity"]}, {"fbb799e2d89fd4f6e3e3022c1ca58964": ["0", "com.keepassdroid.fileselect.FileSelectActivity"]}, {"fbb799e2d89fd4f6e3e3022c1ca58964": ["0", "com.keepassdroid.fileselect.FileSelectActivity"]}, {"8e9a1baa4acd0107110dcceeba97014b": ["2", "com.keepassdroid.fileselect.FileSelectActivity"]}, {"fbb799e2d89fd4f6e3e3022c1ca58964": ["0", "com.keepassdroid.fileselect.FileSelectActivity"]}, {"fbb799e2d89fd4f6e3e3022c1ca58964": ["0", "com.keepassdroid.fileselect.FileSelectActivity"]}, {"8e9a1baa4acd0107110dcceeba97014b": ["2", "com.keepassdroid.fileselect.FileSelectActivity"]}, {"fbb799e2d89fd4f6e3e3022c1ca58964": ["0", "com.keepassdroid.fileselect.FileSelectActivity"]}, {"fbb799e2d89fd4f6e3e3022c1ca58964": ["0", "com.keepassdroid.fileselect.FileSelectActivity"]}, {"8e9a1baa4acd0107110dcceeba97014b": ["2", "com.keepassdroid.fileselect.FileSelectActivity"]}, {"fbb799e2d89fd4f6e3e3022c1ca58964": ["0", "com.keepassdroid.fileselect.FileSelectActivity"]}, {"fbb799e2d89fd4f6e3e3022c1ca58964": ["0", "com.keepassdroid.fileselect.FileSelectActivity"]}, {"8e9a1baa4acd0107110dcceeba97014b": ["2", "com.keepassdroid.fileselect.FileSelectActivity"]}, {"fbb799e2d89fd4f6e3e3022c1ca58964": ["0", "com.keepassdroid.fileselect.FileSelectActivity"]}, {"fbb799e2d89fd4f6e3e3022c1ca58964": ["0", "com.keepassdroid.fileselect.FileSelectActivity"]}, {"8e9a1baa4acd0107110dcceeba97014b": ["2", "com.keepassdroid.fileselect.FileSelectActivity"]}, {"fbb799e2d89fd4f6e3e3022c1ca58964": ["0", "com.keepassdroid.fileselect.FileSelectActivity"]}, {"fbb799e2d89fd4f6e3e3022c1ca58964": ["0", "com.keepassdroid.fileselect.FileSelectActivity"]}, {"8e9a1baa4acd0107110dcceeba97014b": ["2", "com.keepassdroid.fileselect.FileSelectActivity"]}, {"fbb799e2d89fd4f6e3e3022c1ca58964": ["0", "com.keepassdroid.fileselect.FileSelectActivity"]}, {"fbb799e2d89fd4f6e3e3022c1ca58964": ["0", "com.keepassdroid.fileselect.FileSelectActivity"]}, {"8e9a1baa4acd0107110dcceeba97014b": ["2", "com.keepassdroid.fileselect.FileSelectActivity"]}, {"fbb799e2d89fd4f6e3e3022c1ca58964": ["0", "com.keepassdroid.fileselect.FileSelectActivity"]}, {"fbb799e2d89fd4f6e3e3022c1ca58964": ["0", "com.keepassdroid.fileselect.FileSelectActivity"]}, {"8e9a1baa4acd0107110dcceeba97014b": ["2", "com.keepassdroid.fileselect.FileSelectActivity"]}, {"fbb799e2d89fd4f6e3e3022c1ca58964": ["0", "com.keepassdroid.fileselect.FileSelectActivity"]}, {"fbb799e2d89fd4f6e3e3022c1ca58964": ["0", "com.keepassdroid.fileselect.FileSelectActivity"]}, {"8e9a1baa4acd0107110dcceeba97014b": ["2", "com.keepassdroid.fileselect.FileSelectActivity"]}, {"fbb799e2d89fd4f6e3e3022c1ca58964": ["0", "com.keepassdroid.fileselect.FileSelectActivity"]}, {"fbb799e2d89fd4f6e3e3022c1ca58964": ["0", "com.keepassdroid.fileselect.FileSelectActivity"]}, {"8e9a1baa4acd0107110dcceeba97014b": ["2", "com.keepassdroid.fileselect.FileSelectActivity"]}, {"fbb799e2d89fd4f6e3e3022c1ca58964": ["0", "com.keepassdroid.fileselect.FileSelectActivity"]}, {"fbb799e2d89fd4f6e3e3022c1ca58964": ["0", "com.keepassdroid.fileselect.FileSelectActivity"]}, {"8e9a1baa4acd0107110dcceeba97014b": ["2", "com.keepassdroid.fileselect.FileSelectActivity"]}, {"fbb799e2d89fd4f6e3e3022c1ca58964": ["0", "com.keepassdroid.fileselect.FileSelectActivity"]}, {"fbb799e2d89fd4f6e3e3022c1ca58964": ["0", "com.keepassdroid.fileselect.FileSelectActivity"]}, {"8e9a1baa4acd0107110dcceeba97014b": ["2", "com.keepassdroid.fileselect.FileSelectActivity"]}, {"fbb799e2d89fd4f6e3e3022c1ca58964": ["0", "com.keepassdroid.fileselect.FileSelectActivity"]}, {"fbb799e2d89fd4f6e3e3022c1ca58964": ["0", "com.keepassdroid.fileselect.FileSelectActivity"]}, {"8e9a1baa4acd0107110dcceeba97014b": ["2", "com.keepassdroid.fileselect.FileSelectActivity"]}, {"fbb799e2d89fd4f6e3e3022c1ca58964": ["0", "com.keepassdroid.fileselect.FileSelectActivity"]}, {"fbb799e2d89fd4f6e3e3022c1ca58964": ["0", "com.keepassdroid.fileselect.FileSelectActivity"]}, {"8e9a1baa4acd0107110dcceeba97014b": ["2", "com.keepassdroid.fileselect.FileSelectActivity"]}, {"fbb799e2d89fd4f6e3e3022c1ca58964": ["0", "com.keepassdroid.fileselect.FileSelectActivity"]}, {"fbb799e2d89fd4f6e3e3022c1ca58964": ["0", "com.keepassdroid.fileselect.FileSelectActivity"]}, {"8e9a1baa4acd0107110dcceeba97014b": ["2", "com.keepassdroid.fileselect.FileSelectActivity"]}, {"fbb799e2d89fd4f6e3e3022c1ca58964": ["0", "com.keepassdroid.fileselect.FileSelectActivity"]}, {"fbb799e2d89fd4f6e3e3022c1ca58964": ["0", "com.keepassdroid.fileselect.FileSelectActivity"]}, {"8e9a1baa4acd0107110dcceeba97014b": ["2", "com.keepassdroid.fileselect.FileSelectActivity"]}, {"fbb799e2d89fd4f6e3e3022c1ca58964": ["0", "com.keepassdroid.fileselect.FileSelectActivity"]}, {"fbb799e2d89fd4f6e3e3022c1ca58964": ["0", "com.keepassdroid.fileselect.FileSelectActivity"]}, {"8e9a1baa4acd0107110dcceeba97014b": ["2", "com.keepassdroid.fileselect.FileSelectActivity"]}, {"fbb799e2d89fd4f6e3e3022c1ca58964": ["0", "com.keepassdroid.fileselect.FileSelectActivity"]}, {"fbb799e2d89fd4f6e3e3022c1ca58964": ["0", "com.keepassdroid.fileselect.FileSelectActivity"]}, {"8e9a1baa4acd0107110dcceeba97014b": ["2", "com.keepassdroid.fileselect.FileSelectActivity"]}, {"fbb799e2d89fd4f6e3e3022c1ca58964": ["0", "com.keepassdroid.fileselect.FileSelectActivity"]}, {"fbb799e2d89fd4f6e3e3022c1ca58964": ["0", "com.keepassdroid.fileselect.FileSelectActivity"]}, {"8e9a1baa4acd0107110dcceeba97014b": ["2", "com.keepassdroid.fileselect.FileSelectActivity"]}, {"fbb799e2d89fd4f6e3e3022c1ca58964": ["0", "com.keepassdroid.fileselect.FileSelectActivity"]}, {"fbb799e2d89fd4f6e3e3022c1ca58964": ["0", "com.keepassdroid.fileselect.FileSelectActivity"]}, {"8e9a1baa4acd0107110dcceeba97014b": ["2", "com.keepassdroid.fileselect.FileSelectActivity"]}, {"fbb799e2d89fd4f6e3e3022c1ca58964": ["0", "com.keepassdroid.fileselect.FileSelectActivity"]}, {"fbb799e2d89fd4f6e3e3022c1ca58964": ["0", "com.keepassdroid.fileselect.FileSelectActivity"]}, {"8e9a1baa4acd0107110dcceeba97014b": ["2", "com.keepassdroid.fileselect.FileSelectActivity"]}, {"fbb799e2d89fd4f6e3e3022c1ca58964": ["0", "com.keepassdroid.fileselect.FileSelectActivity"]}, {"fbb799e2d89fd4f6e3e3022c1ca58964": ["0", "com.keepassdroid.fileselect.FileSelectActivity"]}, {"8e9a1baa4acd0107110dcceeba97014b": ["2", "com.keepassdroid.fileselect.FileSelectActivity"]}, {"fbb799e2d89fd4f6e3e3022c1ca58964": ["0", "com.keepassdroid.fileselect.FileSelectActivity"]}, {"fbb799e2d89fd4f6e3e3022c1ca58964": ["0", "com.keepassdroid.fileselect.FileSelectActivity"]}, {"8e9a1baa4acd0107110dcceeba97014b": ["2", "com.keepassdroid.fileselect.FileSelectActivity"]}, {"fbb799e2d89fd4f6e3e3022c1ca58964": ["0", "com.keepassdroid.fileselect.FileSelectActivity"]}, {"fbb799e2d89fd4f6e3e3022c1ca58964": ["0", "com.keepassdroid.fileselect.FileSelectActivity"]}, {"8e9a1baa4acd0107110dcceeba97014b": ["2", "com.keepassdroid.fileselect.FileSelectActivity"]}, {"fbb799e2d89fd4f6e3e3022c1ca58964": ["0", "com.keepassdroid.fileselect.FileSelectActivity"]}, {"fbb799e2d89fd4f6e3e3022c1ca58964": ["0", "com.keepassdroid.fileselect.FileSelectActivity"]}, {"8e9a1baa4acd0107110dcceeba97014b": ["2", "com.keepassdroid.fileselect.FileSelectActivity"]}, {"fbb799e2d89fd4f6e3e3022c1ca58964": ["0", "com.keepassdroid.fileselect.FileSelectActivity"]}, {"fbb799e2d89fd4f6e3e3022c1ca58964": ["0", "com.keepassdroid.fileselect.FileSelectActivity"]}, {"8e9a1baa4acd0107110dcceeba97014b": ["2", "com.keepassdroid.fileselect.FileSelectActivity"]}, {"fbb799e2d89fd4f6e3e3022c1ca58964": ["0", "com.keepassdroid.fileselect.FileSelectActivity"]}, {"fbb799e2d89fd4f6e3e3022c1ca58964": ["0", "com.keepassdroid.fileselect.FileSelectActivity"]}, {"8e9a1baa4acd0107110dcceeba97014b": ["2", "com.keepassdroid.fileselect.FileSelectActivity"]}, {"fbb799e2d89fd4f6e3e3022c1ca58964": ["0", "com.keepassdroid.fileselect.FileSelectActivity"]}, {"fbb799e2d89fd4f6e3e3022c1ca58964": ["0", "com.keepassdroid.fileselect.FileSelectActivity"]}, {"8e9a1baa4acd0107110dcceeba97014b": ["2", "com.keepassdroid.fileselect.FileSelectActivity"]}, {"fbb799e2d89fd4f6e3e3022c1ca58964": ["0", "com.keepassdroid.fileselect.FileSelectActivity"]}, {"fbb799e2d89fd4f6e3e3022c1ca58964": ["0", "com.keepassdroid.fileselect.FileSelectActivity"]}, {"8e9a1baa4acd0107110dcceeba97014b": ["2", "com.keepassdroid.fileselect.FileSelectActivity"]}, {"fbb799e2d89fd4f6e3e3022c1ca58964": ["0", "com.keepassdroid.fileselect.FileSelectActivity"]}, {"fbb799e2d89fd4f6e3e3022c1ca58964": ["0", "com.keepassdroid.fileselect.FileSelectActivity"]}, {"8e9a1baa4acd0107110dcceeba97014b": ["2", "com.keepassdroid.fileselect.FileSelectActivity"]}, {"fbb799e2d89fd4f6e3e3022c1ca58964": ["0", "com.keepassdroid.fileselect.FileSelectActivity"]}, {"fbb799e2d89fd4f6e3e3022c1ca58964": ["0", "com.keepassdroid.fileselect.FileSelectActivity"]}, {"8e9a1baa4acd0107110dcceeba97014b": ["2", "com.keepassdroid.fileselect.FileSelectActivity"]}, {"fbb799e2d89fd4f6e3e3022c1ca58964": ["0", "com.keepassdroid.fileselect.FileSelectActivity"]}, {"fbb799e2d89fd4f6e3e3022c1ca58964": ["0", "com.keepassdroid.fileselect.FileSelectActivity"]}, {"8e9a1baa4acd0107110dcceeba97014b": ["2", "com.keepassdroid.fileselect.FileSelectActivity"]}, {"fbb799e2d89fd4f6e3e3022c1ca58964": ["0", "com.keepassdroid.fileselect.FileSelectActivity"]}, {"fbb799e2d89fd4f6e3e3022c1ca58964": ["0", "com.keepassdroid.fileselect.FileSelectActivity"]}, {"8e9a1baa4acd0107110dcceeba97014b": ["2", "com.keepassdroid.fileselect.FileSelectActivity"]}, {"fbb799e2d89fd4f6e3e3022c1ca58964": ["0", "com.keepassdroid.fileselect.FileSelectActivity"]}, {"fbb799e2d89fd4f6e3e3022c1ca58964": ["0", "com.keepassdroid.fileselect.FileSelectActivity"]}, {"8e9a1baa4acd0107110dcceeba97014b": ["2", "com.keepassdroid.fileselect.FileSelectActivity"]}, {"fbb799e2d89fd4f6e3e3022c1ca58964": ["0", "com.keepassdroid.fileselect.FileSelectActivity"]}, {"fbb799e2d89fd4f6e3e3022c1ca58964": ["0", "com.keepassdroid.fileselect.FileSelectActivity"]}, {"8e9a1baa4acd0107110dcceeba97014b": ["2", "com.keepassdroid.fileselect.FileSelectActivity"]}, {"fbb799e2d89fd4f6e3e3022c1ca58964": ["0", "com.keepassdroid.fileselect.FileSelectActivity"]}, {"fbb799e2d89fd4f6e3e3022c1ca58964": ["0", "com.keepassdroid.fileselect.FileSelectActivity"]}, {"8e9a1baa4acd0107110dcceeba97014b": ["2", "com.keepassdroid.fileselect.FileSelectActivity"]}, {"fbb799e2d89fd4f6e3e3022c1ca58964": ["0", "com.keepassdroid.fileselect.FileSelectActivity"]}, {"fbb799e2d89fd4f6e3e3022c1ca58964": ["0", "com.keepassdroid.fileselect.FileSelectActivity"]}, {"8e9a1baa4acd0107110dcceeba97014b": ["2", "com.keepassdroid.fileselect.FileSelectActivity"]}, {"fbb799e2d89fd4f6e3e3022c1ca58964": ["0", "com.keepassdroid.fileselect.FileSelectActivity"]}, {"fbb799e2d89fd4f6e3e3022c1ca58964": ["0", "com.keepassdroid.fileselect.FileSelectActivity"]}, {"8e9a1baa4acd0107110dcceeba97014b": ["2", "com.keepassdroid.fileselect.FileSelectActivity"]}, {"fbb799e2d89fd4f6e3e3022c1ca58964": ["0", "com.keepassdroid.fileselect.FileSelectActivity"]}, {"fbb799e2d89fd4f6e3e3022c1ca58964": ["0", "com.keepassdroid.fileselect.FileSelectActivity"]}, {"8e9a1baa4acd0107110dcceeba97014b": ["2", "com.keepassdroid.fileselect.FileSelectActivity"]}, {"fbb799e2d89fd4f6e3e3022c1ca58964": ["0", "com.keepassdroid.fileselect.FileSelectActivity"]}, {"fbb799e2d89fd4f6e3e3022c1ca58964": ["0", "com.keepassdroid.fileselect.FileSelectActivity"]}, {"8e9a1baa4acd0107110dcceeba97014b": ["2", "com.keepassdroid.fileselect.FileSelectActivity"]}, {"fbb799e2d89fd4f6e3e3022c1ca58964": ["0", "com.keepassdroid.fileselect.FileSelectActivity"]}, {"fbb799e2d89fd4f6e3e3022c1ca58964": ["0", "com.keepassdroid.fileselect.FileSelectActivity"]}, {"8e9a1baa4acd0107110dcceeba97014b": ["2", "com.keepassdroid.fileselect.FileSelectActivity"]}, {"fbb799e2d89fd4f6e3e3022c1ca58964": ["0", "com.keepassdroid.fileselect.FileSelectActivity"]}, {"fbb799e2d89fd4f6e3e3022c1ca58964": ["0", "com.keepassdroid.fileselect.FileSelectActivity"]}, {"8e9a1baa4acd0107110dcceeba97014b": ["2", "com.keepassdroid.fileselect.FileSelectActivity"]}, {"fbb799e2d89fd4f6e3e3022c1ca58964": ["0", "com.keepassdroid.fileselect.FileSelectActivity"]}, {"fbb799e2d89fd4f6e3e3022c1ca58964": ["0", "com.keepassdroid.fileselect.FileSelectActivity"]}, {"8e9a1baa4acd0107110dcceeba97014b": ["2", "com.keepassdroid.fileselect.FileSelectActivity"]}, {"fbb799e2d89fd4f6e3e3022c1ca58964": ["0", "com.keepassdroid.fileselect.FileSelectActivity"]}, {"fbb799e2d89fd4f6e3e3022c1ca58964": ["0", "com.keepassdroid.fileselect.FileSelectActivity"]}, {"8e9a1baa4acd0107110dcceeba97014b": ["2", "com.keepassdroid.fileselect.FileSelectActivity"]}, {"fbb799e2d89fd4f6e3e3022c1ca58964": ["0", "com.keepassdroid.fileselect.FileSelectActivity"]}, {"fbb799e2d89fd4f6e3e3022c1ca58964": ["0", "com.keepassdroid.fileselect.FileSelectActivity"]}, {"8e9a1baa4acd0107110dcceeba97014b": ["2", "com.keepassdroid.fileselect.FileSelectActivity"]}, {"fbb799e2d89fd4f6e3e3022c1ca58964": ["0", "com.keepassdroid.fileselect.FileSelectActivity"]}, {"fbb799e2d89fd4f6e3e3022c1ca58964": ["0", "com.keepassdroid.fileselect.FileSelectActivity"]}, {"8e9a1baa4acd0107110dcceeba97014b": ["2", "com.keepassdroid.fileselect.FileSelectActivity"]}, {"fbb799e2d89fd4f6e3e3022c1ca58964": ["0", "com.keepassdroid.fileselect.FileSelectActivity"]}, {"fbb799e2d89fd4f6e3e3022c1ca58964": ["0", "com.keepassdroid.fileselect.FileSelectActivity"]}, {"8e9a1baa4acd0107110dcceeba97014b": ["2", "com.keepassdroid.fileselect.FileSelectActivity"]}, {"fbb799e2d89fd4f6e3e3022c1ca58964": ["0", "com.keepassdroid.fileselect.FileSelectActivity"]}, {"fbb799e2d89fd4f6e3e3022c1ca58964": ["0", "com.keepassdroid.fileselect.FileSelectActivity"]}, {"8e9a1baa4acd0107110dcceeba97014b": ["2", "com.keepassdroid.fileselect.FileSelectActivity"]}, {"fbb799e2d89fd4f6e3e3022c1ca58964": ["0", "com.keepassdroid.fileselect.FileSelectActivity"]}, {"fbb799e2d89fd4f6e3e3022c1ca58964": ["0", "com.keepassdroid.fileselect.FileSelectActivity"]}, {"8e9a1baa4acd0107110dcceeba97014b": ["2", "com.keepassdroid.fileselect.FileSelectActivity"]}, {"fbb799e2d89fd4f6e3e3022c1ca58964": ["0", "com.keepassdroid.fileselect.FileSelectActivity"]}, {"fbb799e2d89fd4f6e3e3022c1ca58964": ["0", "com.keepassdroid.fileselect.FileSelectActivity"]}, {"8e9a1baa4acd0107110dcceeba97014b": ["2", "com.keepassdroid.fileselect.FileSelectActivity"]}, {"fbb799e2d89fd4f6e3e3022c1ca58964": ["0", "com.keepassdroid.fileselect.FileSelectActivity"]}, {"fbb799e2d89fd4f6e3e3022c1ca58964": ["0", "com.keepassdroid.fileselect.FileSelectActivity"]}, {"8e9a1baa4acd0107110dcceeba97014b": ["2", "com.keepassdroid.fileselect.FileSelectActivity"]}, {"fbb799e2d89fd4f6e3e3022c1ca58964": ["0", "com.keepassdroid.fileselect.FileSelectActivity"]}, {"fbb799e2d89fd4f6e3e3022c1ca58964": ["0", "com.keepassdroid.fileselect.FileSelectActivity"]}, {"8e9a1baa4acd0107110dcceeba97014b": ["2", "com.keepassdroid.fileselect.FileSelectActivity"]}, {"fbb799e2d89fd4f6e3e3022c1ca58964": ["0", "com.keepassdroid.fileselect.FileSelectActivity"]}, {"fbb799e2d89fd4f6e3e3022c1ca58964": ["0", "com.keepassdroid.fileselect.FileSelectActivity"]}, {"8e9a1baa4acd0107110dcceeba97014b": ["2", "com.keepassdroid.fileselect.FileSelectActivity"]}, {"fbb799e2d89fd4f6e3e3022c1ca58964": ["0", "com.keepassdroid.fileselect.FileSelectActivity"]}, {"fbb799e2d89fd4f6e3e3022c1ca58964": ["0", "com.keepassdroid.fileselect.FileSelectActivity"]}, {"8e9a1baa4acd0107110dcceeba97014b": ["2", "com.keepassdroid.fileselect.FileSelectActivity"]}, {"fbb799e2d89fd4f6e3e3022c1ca58964": ["0", "com.keepassdroid.fileselect.FileSelectActivity"]}, {"fbb799e2d89fd4f6e3e3022c1ca58964": ["0", "com.keepassdroid.fileselect.FileSelectActivity"]}, {"8e9a1baa4acd0107110dcceeba97014b": ["2", "com.keepassdroid.fileselect.FileSelectActivity"]}, {"fbb799e2d89fd4f6e3e3022c1ca58964": ["0", "com.keepassdroid.fileselect.FileSelectActivity"]}, {"fbb799e2d89fd4f6e3e3022c1ca58964": ["0", "com.keepassdroid.fileselect.FileSelectActivity"]}, {"8e9a1baa4acd0107110dcceeba97014b": ["2", "com.keepassdroid.fileselect.FileSelectActivity"]}, {"fbb799e2d89fd4f6e3e3022c1ca58964": ["0", "com.keepassdroid.fileselect.FileSelectActivity"]}, {"fbb799e2d89fd4f6e3e3022c1ca58964": ["0", "com.keepassdroid.fileselect.FileSelectActivity"]}, {"8e9a1baa4acd0107110dcceeba97014b": ["2", "com.keepassdroid.fileselect.FileSelectActivity"]}, {"fbb799e2d89fd4f6e3e3022c1ca58964": ["0", "com.keepassdroid.fileselect.FileSelectActivity"]}, {"fbb799e2d89fd4f6e3e3022c1ca58964": ["0", "com.keepassdroid.fileselect.FileSelectActivity"]}, {"8e9a1baa4acd0107110dcceeba97014b": ["2", "com.keepassdroid.fileselect.FileSelectActivity"]}, {"fbb799e2d89fd4f6e3e3022c1ca58964": ["0", "com.keepassdroid.fileselect.FileSelectActivity"]}, {"fbb799e2d89fd4f6e3e3022c1ca58964": ["0", "com.keepassdroid.fileselect.FileSelectActivity"]}, {"8e9a1baa4acd0107110dcceeba97014b": ["2", "com.keepassdroid.fileselect.FileSelectActivity"]}, {"fbb799e2d89fd4f6e3e3022c1ca58964": ["0", "com.keepassdroid.fileselect.FileSelectActivity"]}, {"fbb799e2d89fd4f6e3e3022c1ca58964": ["0", "com.keepassdroid.fileselect.FileSelectActivity"]}, {"8e9a1baa4acd0107110dcceeba97014b": ["2", "com.keepassdroid.fileselect.FileSelectActivity"]}, {"fbb799e2d89fd4f6e3e3022c1ca58964": ["0", "com.keepassdroid.fileselect.FileSelectActivity"]}, {"fbb799e2d89fd4f6e3e3022c1ca58964": ["0", "com.keepassdroid.fileselect.FileSelectActivity"]}, {"8e9a1baa4acd0107110dcceeba97014b": ["2", "com.keepassdroid.fileselect.FileSelectActivity"]}, {"fbb799e2d89fd4f6e3e3022c1ca58964": ["0", "com.keepassdroid.fileselect.FileSelectActivity"]}, {"fbb799e2d89fd4f6e3e3022c1ca58964": ["0", "com.keepassdroid.fileselect.FileSelectActivity"]}, {"8e9a1baa4acd0107110dcceeba97014b": ["2", "com.keepassdroid.fileselect.FileSelectActivity"]}, {"fbb799e2d89fd4f6e3e3022c1ca58964": ["0", "com.keepassdroid.fileselect.FileSelectActivity"]}, {"fbb799e2d89fd4f6e3e3022c1ca58964": ["0", "com.keepassdroid.fileselect.FileSelectActivity"]}, {"8e9a1baa4acd0107110dcceeba97014b": ["2", "com.keepassdroid.fileselect.FileSelectActivity"]}, {"fbb799e2d89fd4f6e3e3022c1ca58964": ["0", "com.keepassdroid.fileselect.FileSelectActivity"]}, {"fbb799e2d89fd4f6e3e3022c1ca58964": ["0", "com.keepassdroid.fileselect.FileSelectActivity"]}, {"8e9a1baa4acd0107110dcceeba97014b": ["2", "com.keepassdroid.fileselect.FileSelectActivity"]}, {"fbb799e2d89fd4f6e3e3022c1ca58964": ["0", "com.keepassdroid.fileselect.FileSelectActivity"]}, {"fbb799e2d89fd4f6e3e3022c1ca58964": ["0", "com.keepassdroid.fileselect.FileSelectActivity"]}, {"8e9a1baa4acd0107110dcceeba97014b": ["2", "com.keepassdroid.fileselect.FileSelectActivity"]}, {"fbb799e2d89fd4f6e3e3022c1ca58964": ["0", "com.keepassdroid.fileselect.FileSelectActivity"]}, {"fbb799e2d89fd4f6e3e3022c1ca58964": ["0", "com.keepassdroid.fileselect.FileSelectActivity"]}, {"8e9a1baa4acd0107110dcceeba97014b": ["2", "com.keepassdroid.fileselect.FileSelectActivity"]}, {"fbb799e2d89fd4f6e3e3022c1ca58964": ["0", "com.keepassdroid.fileselect.FileSelectActivity"]}, {"fbb799e2d89fd4f6e3e3022c1ca58964": ["0", "com.keepassdroid.fileselect.FileSelectActivity"]}, {"8e9a1baa4acd0107110dcceeba97014b": ["2", "com.keepassdroid.fileselect.FileSelectActivity"]}, {"fbb799e2d89fd4f6e3e3022c1ca58964": ["0", "com.keepassdroid.fileselect.FileSelectActivity"]}, {"fbb799e2d89fd4f6e3e3022c1ca58964": ["0", "com.keepassdroid.fileselect.FileSelectActivity"]}, {"8e9a1baa4acd0107110dcceeba97014b": ["2", "com.keepassdroid.fileselect.FileSelectActivity"]}, {"fbb799e2d89fd4f6e3e3022c1ca58964": ["0", "com.keepassdroid.fileselect.FileSelectActivity"]}, {"fbb799e2d89fd4f6e3e3022c1ca58964": ["0", "com.keepassdroid.fileselect.FileSelectActivity"]}, {"8e9a1baa4acd0107110dcceeba97014b": ["2", "com.keepassdroid.fileselect.FileSelectActivity"]}, {"fbb799e2d89fd4f6e3e3022c1ca58964": ["0", "com.keepassdroid.fileselect.FileSelectActivity"]}, {"fbb799e2d89fd4f6e3e3022c1ca58964": ["0", "com.keepassdroid.fileselect.FileSelectActivity"]}, {"8e9a1baa4acd0107110dcceeba97014b": ["2", "com.keepassdroid.fileselect.FileSelectActivity"]}, {"fbb799e2d89fd4f6e3e3022c1ca58964": ["0", "com.keepassdroid.fileselect.FileSelectActivity"]}, {"fbb799e2d89fd4f6e3e3022c1ca58964": ["0", "com.keepassdroid.fileselect.FileSelectActivity"]}, {"8e9a1baa4acd0107110dcceeba97014b": ["2", "com.keepassdroid.fileselect.FileSelectActivity"]}, {"fbb799e2d89fd4f6e3e3022c1ca58964": ["0", "com.keepassdroid.fileselect.FileSelectActivity"]}, {"fbb799e2d89fd4f6e3e3022c1ca58964": ["0", "com.keepassdroid.fileselect.FileSelectActivity"]}, {"8e9a1baa4acd0107110dcceeba97014b": ["2", "com.keepassdroid.fileselect.FileSelectActivity"]}, {"fbb799e2d89fd4f6e3e3022c1ca58964": ["0", "com.keepassdroid.fileselect.FileSelectActivity"]}, {"fbb799e2d89fd4f6e3e3022c1ca58964": ["0", "com.keepassdroid.fileselect.FileSelectActivity"]}, {"8e9a1baa4acd0107110dcceeba97014b": ["2", "com.keepassdroid.fileselect.FileSelectActivity"]}, {"fbb799e2d89fd4f6e3e3022c1ca58964": ["0", "com.keepassdroid.fileselect.FileSelectActivity"]}, {"fbb799e2d89fd4f6e3e3022c1ca58964": ["0", "com.keepassdroid.fileselect.FileSelectActivity"]}, {"8e9a1baa4acd0107110dcceeba97014b": ["2", "com.keepassdroid.fileselect.FileSelectActivity"]}, {"fbb799e2d89fd4f6e3e3022c1ca58964": ["0", "com.keepassdroid.fileselect.FileSelectActivity"]}, {"fbb799e2d89fd4f6e3e3022c1ca58964": ["0", "com.keepassdroid.fileselect.FileSelectActivity"]}, {"8e9a1baa4acd0107110dcceeba97014b": ["2", "com.keepassdroid.fileselect.FileSelectActivity"]}, {"fbb799e2d89fd4f6e3e3022c1ca58964": ["0", "com.keepassdroid.fileselect.FileSelectActivity"]}, {"fbb799e2d89fd4f6e3e3022c1ca58964": ["0", "com.keepassdroid.fileselect.FileSelectActivity"]}, {"8e9a1baa4acd0107110dcceeba97014b": ["2", "com.keepassdroid.fileselect.FileSelectActivity"]}, {"fbb799e2d89fd4f6e3e3022c1ca58964": ["0", "com.keepassdroid.fileselect.FileSelectActivity"]}, {"fbb799e2d89fd4f6e3e3022c1ca58964": ["0", "com.keepassdroid.fileselect.FileSelectActivity"]}, {"8e9a1baa4acd0107110dcceeba97014b": ["2", "com.keepassdroid.fileselect.FileSelectActivity"]}, {"fbb799e2d89fd4f6e3e3022c1ca58964": ["0", "com.keepassdroid.fileselect.FileSelectActivity"]}, {"fbb799e2d89fd4f6e3e3022c1ca58964": ["0", "com.keepassdroid.fileselect.FileSelectActivity"]}, {"8e9a1baa4acd0107110dcceeba97014b": ["2", "com.keepassdroid.fileselect.FileSelectActivity"]}, {"fbb799e2d89fd4f6e3e3022c1ca58964": ["0", "com.keepassdroid.fileselect.FileSelectActivity"]}, {"fbb799e2d89fd4f6e3e3022c1ca58964": ["0", "com.keepassdroid.fileselect.FileSelectActivity"]}, {"8e9a1baa4acd0107110dcceeba97014b": ["2", "com.keepassdroid.fileselect.FileSelectActivity"]}, {"fbb799e2d89fd4f6e3e3022c1ca58964": ["0", "com.keepassdroid.fileselect.FileSelectActivity"]}, {"fbb799e2d89fd4f6e3e3022c1ca58964": ["0", "com.keepassdroid.fileselect.FileSelectActivity"]}, {"8e9a1baa4acd0107110dcceeba97014b": ["2", "com.keepassdroid.fileselect.FileSelectActivity"]}, {"fbb799e2d89fd4f6e3e3022c1ca58964": ["0", "com.keepassdroid.fileselect.FileSelectActivity"]}, {"fbb799e2d89fd4f6e3e3022c1ca58964": ["0", "com.keepassdroid.fileselect.FileSelectActivity"]}, {"8e9a1baa4acd0107110dcceeba97014b": ["2", "com.keepassdroid.fileselect.FileSelectActivity"]}, {"fbb799e2d89fd4f6e3e3022c1ca58964": ["0", "com.keepassdroid.fileselect.FileSelectActivity"]}, {"fbb799e2d89fd4f6e3e3022c1ca58964": ["0", "com.keepassdroid.fileselect.FileSelectActivity"]}, {"8e9a1baa4acd0107110dcceeba97014b": ["2", "com.keepassdroid.fileselect.FileSelectActivity"]}, {"fbb799e2d89fd4f6e3e3022c1ca58964": ["0", "com.keepassdroid.fileselect.FileSelectActivity"]}, {"fbb799e2d89fd4f6e3e3022c1ca58964": ["0", "com.keepassdroid.fileselect.FileSelectActivity"]}, {"8e9a1baa4acd0107110dcceeba97014b": ["2", "com.keepassdroid.fileselect.FileSelectActivity"]}, {"fbb799e2d89fd4f6e3e3022c1ca58964": ["0", "com.keepassdroid.fileselect.FileSelectActivity"]}, {"fbb799e2d89fd4f6e3e3022c1ca58964": ["0", "com.keepassdroid.fileselect.FileSelectActivity"]}, {"8e9a1baa4acd0107110dcceeba97014b": ["2", "com.keepassdroid.fileselect.FileSelectActivity"]}, {"fbb799e2d89fd4f6e3e3022c1ca58964": ["0", "com.keepassdroid.fileselect.FileSelectActivity"]}, {"fbb799e2d89fd4f6e3e3022c1ca58964": ["0", "com.keepassdroid.fileselect.FileSelectActivity"]}, {"8e9a1baa4acd0107110dcceeba97014b": ["2", "com.keepassdroid.fileselect.FileSelectActivity"]}, {"fbb799e2d89fd4f6e3e3022c1ca58964": ["0", "com.keepassdroid.fileselect.FileSelectActivity"]}, {"fbb799e2d89fd4f6e3e3022c1ca58964": ["0", "com.keepassdroid.fileselect.FileSelectActivity"]}, {"8e9a1baa4acd0107110dcceeba97014b": ["2", "com.keepassdroid.fileselect.FileSelectActivity"]}, {"fbb799e2d89fd4f6e3e3022c1ca58964": ["0", "com.keepassdroid.fileselect.FileSelectActivity"]}, {"fbb799e2d89fd4f6e3e3022c1ca58964": ["0", "com.keepassdroid.fileselect.FileSelectActivity"]}, {"8e9a1baa4acd0107110dcceeba97014b": ["2", "com.keepassdroid.fileselect.FileSelectActivity"]}, {"fbb799e2d89fd4f6e3e3022c1ca58964": ["0", "com.keepassdroid.fileselect.FileSelectActivity"]}, {"fbb799e2d89fd4f6e3e3022c1ca58964": ["0", "com.keepassdroid.fileselect.FileSelectActivity"]}, {"8e9a1baa4acd0107110dcceeba97014b": ["2", "com.keepassdroid.fileselect.FileSelectActivity"]}, {"fbb799e2d89fd4f6e3e3022c1ca58964": ["0", "com.keepassdroid.fileselect.FileSelectActivity"]}, {"fbb799e2d89fd4f6e3e3022c1ca58964": ["0", "com.keepassdroid.fileselect.FileSelectActivity"]}, {"8e9a1baa4acd0107110dcceeba97014b": ["2", "com.keepassdroid.fileselect.FileSelectActivity"]}, {"fbb799e2d89fd4f6e3e3022c1ca58964": ["0", "com.keepassdroid.fileselect.FileSelectActivity"]}, {"fbb799e2d89fd4f6e3e3022c1ca58964": ["0", "com.keepassdroid.fileselect.FileSelectActivity"]}, {"8e9a1baa4acd0107110dcceeba97014b": ["2", "com.keepassdroid.fileselect.FileSelectActivity"]}, {"fbb799e2d89fd4f6e3e3022c1ca58964": ["0", "com.keepassdroid.fileselect.FileSelectActivity"]}, {"fbb799e2d89fd4f6e3e3022c1ca58964": ["0", "com.keepassdroid.fileselect.FileSelectActivity"]}, {"8e9a1baa4acd0107110dcceeba97014b": ["2", "com.keepassdroid.fileselect.FileSelectActivity"]}, {"fbb799e2d89fd4f6e3e3022c1ca58964": ["0", "com.keepassdroid.fileselect.FileSelectActivity"]}, {"fbb799e2d89fd4f6e3e3022c1ca58964": ["0", "com.keepassdroid.fileselect.FileSelectActivity"]}, {"8e9a1baa4acd0107110dcceeba97014b": ["2", "com.keepassdroid.fileselect.FileSelectActivity"]}, {"fbb799e2d89fd4f6e3e3022c1ca58964": ["0", "com.keepassdroid.fileselect.FileSelectActivity"]}, {"fbb799e2d89fd4f6e3e3022c1ca58964": ["0", "com.keepassdroid.fileselect.FileSelectActivity"]}, {"8e9a1baa4acd0107110dcceeba97014b": ["2", "com.keepassdroid.fileselect.FileSelectActivity"]}, {"fbb799e2d89fd4f6e3e3022c1ca58964": ["0", "com.keepassdroid.fileselect.FileSelectActivity"]}, {"fbb799e2d89fd4f6e3e3022c1ca58964": ["0", "com.keepassdroid.fileselect.FileSelectActivity"]}, {"8e9a1baa4acd0107110dcceeba97014b": ["2", "com.keepassdroid.fileselect.FileSelectActivity"]}, {"fbb799e2d89fd4f6e3e3022c1ca58964": ["0", "com.keepassdroid.fileselect.FileSelectActivity"]}, {"fbb799e2d89fd4f6e3e3022c1ca58964": ["0", "com.keepassdroid.fileselect.FileSelectActivity"]}, {"8e9a1baa4acd0107110dcceeba97014b": ["2", "com.keepassdroid.fileselect.FileSelectActivity"]}, {"fbb799e2d89fd4f6e3e3022c1ca58964": ["0", "com.keepassdroid.fileselect.FileSelectActivity"]}, {"fbb799e2d89fd4f6e3e3022c1ca58964": ["0", "com.keepassdroid.fileselect.FileSelectActivity"]}, {"8e9a1baa4acd0107110dcceeba97014b": ["2", "com.keepassdroid.fileselect.FileSelectActivity"]}, {"fbb799e2d89fd4f6e3e3022c1ca58964": ["0", "com.keepassdroid.fileselect.FileSelectActivity"]}, {"fbb799e2d89fd4f6e3e3022c1ca58964": ["0", "com.keepassdroid.fileselect.FileSelectActivity"]}, {"8e9a1baa4acd0107110dcceeba97014b": ["2", "com.keepassdroid.fileselect.FileSelectActivity"]}, {"fbb799e2d89fd4f6e3e3022c1ca58964": ["0", "com.keepassdroid.fileselect.FileSelectActivity"]}, {"fbb799e2d89fd4f6e3e3022c1ca58964": ["0", "com.keepassdroid.fileselect.FileSelectActivity"]}, {"8e9a1baa4acd0107110dcceeba97014b": ["2", "com.keepassdroid.fileselect.FileSelectActivity"]}, {"fbb799e2d89fd4f6e3e3022c1ca58964": ["0", "com.keepassdroid.fileselect.FileSelectActivity"]}, {"fbb799e2d89fd4f6e3e3022c1ca58964": ["0", "com.keepassdroid.fileselect.FileSelectActivity"]}, {"8e9a1baa4acd0107110dcceeba97014b": ["2", "com.keepassdroid.fileselect.FileSelectActivity"]}, {"fbb799e2d89fd4f6e3e3022c1ca58964": ["0", "com.keepassdroid.fileselect.FileSelectActivity"]}, {"fbb799e2d89fd4f6e3e3022c1ca58964": ["0", "com.keepassdroid.fileselect.FileSelectActivity"]}, {"8e9a1baa4acd0107110dcceeba97014b": ["2", "com.keepassdroid.fileselect.FileSelectActivity"]}, {"fbb799e2d89fd4f6e3e3022c1ca58964": ["0", "com.keepassdroid.fileselect.FileSelectActivity"]}, {"fbb799e2d89fd4f6e3e3022c1ca58964": ["0", "com.keepassdroid.fileselect.FileSelectActivity"]}, {"8e9a1baa4acd0107110dcceeba97014b": ["2", "com.keepassdroid.fileselect.FileSelectActivity"]}, {"fbb799e2d89fd4f6e3e3022c1ca58964": ["0", "com.keepassdroid.fileselect.FileSelectActivity"]}, {"fbb799e2d89fd4f6e3e3022c1ca58964": ["0", "com.keepassdroid.fileselect.FileSelectActivity"]}, {"8e9a1baa4acd0107110dcceeba97014b": ["2", "com.keepassdroid.fileselect.FileSelectActivity"]}, {"fbb799e2d89fd4f6e3e3022c1ca58964": ["0", "com.keepassdroid.fileselect.FileSelectActivity"]}, {"fbb799e2d89fd4f6e3e3022c1ca58964": ["0", "com.keepassdroid.fileselect.FileSelectActivity"]}, {"8e9a1baa4acd0107110dcceeba97014b": ["2", "com.keepassdroid.fileselect.FileSelectActivity"]}, {"fbb799e2d89fd4f6e3e3022c1ca58964": ["0", "com.keepassdroid.fileselect.FileSelectActivity"]}, {"fbb799e2d89fd4f6e3e3022c1ca58964": ["0", "com.keepassdroid.fileselect.FileSelectActivity"]}, {"8e9a1baa4acd0107110dcceeba97014b": ["2", "com.keepassdroid.fileselect.FileSelectActivity"]}, {"fbb799e2d89fd4f6e3e3022c1ca58964": ["0", "com.keepassdroid.fileselect.FileSelectActivity"]}, {"fbb799e2d89fd4f6e3e3022c1ca58964": ["0", "com.keepassdroid.fileselect.FileSelectActivity"]}, {"8e9a1baa4acd0107110dcceeba97014b": ["2", "com.keepassdroid.fileselect.FileSelectActivity"]}, {"fbb799e2d89fd4f6e3e3022c1ca58964": ["0", "com.keepassdroid.fileselect.FileSelectActivity"]}, {"fbb799e2d89fd4f6e3e3022c1ca58964": ["0", "com.keepassdroid.fileselect.FileSelectActivity"]}, {"8e9a1baa4acd0107110dcceeba97014b": ["2", "com.keepassdroid.fileselect.FileSelectActivity"]}, {"fbb799e2d89fd4f6e3e3022c1ca58964": ["0", "com.keepassdroid.fileselect.FileSelectActivity"]}, {"fbb799e2d89fd4f6e3e3022c1ca58964": ["0", "com.keepassdroid.fileselect.FileSelectActivity"]}, {"8e9a1baa4acd0107110dcceeba97014b": ["2", "com.keepassdroid.fileselect.FileSelectActivity"]}, {"fbb799e2d89fd4f6e3e3022c1ca58964": ["0", "com.keepassdroid.fileselect.FileSelectActivity"]}, {"fbb799e2d89fd4f6e3e3022c1ca58964": ["0", "com.keepassdroid.fileselect.FileSelectActivity"]}, {"8e9a1baa4acd0107110dcceeba97014b": ["2", "com.keepassdroid.fileselect.FileSelectActivity"]}, {"fbb799e2d89fd4f6e3e3022c1ca58964": ["0", "com.keepassdroid.fileselect.FileSelectActivity"]}, {"fbb799e2d89fd4f6e3e3022c1ca58964": ["0", "com.keepassdroid.fileselect.FileSelectActivity"]}, {"8e9a1baa4acd0107110dcceeba97014b": ["2", "com.keepassdroid.fileselect.FileSelectActivity"]}, {"fbb799e2d89fd4f6e3e3022c1ca58964": ["0", "com.keepassdroid.fileselect.FileSelectActivity"]}, {"fbb799e2d89fd4f6e3e3022c1ca58964": ["0", "com.keepassdroid.fileselect.FileSelectActivity"]}, {"8e9a1baa4acd0107110dcceeba97014b": ["2", "com.keepassdroid.fileselect.FileSelectActivity"]}, {"fbb799e2d89fd4f6e3e3022c1ca58964": ["0", "com.keepassdroid.fileselect.FileSelectActivity"]}, {"fbb799e2d89fd4f6e3e3022c1ca58964": ["0", "com.keepassdroid.fileselect.FileSelectActivity"]}, {"8e9a1baa4acd0107110dcceeba97014b": ["2", "com.keepassdroid.fileselect.FileSelectActivity"]}, {"fbb799e2d89fd4f6e3e3022c1ca58964": ["0", "com.keepassdroid.fileselect.FileSelectActivity"]}, {"fbb799e2d89fd4f6e3e3022c1ca58964": ["0", "com.keepassdroid.fileselect.FileSelectActivity"]}, {"8e9a1baa4acd0107110dcceeba97014b": ["2", "com.keepassdroid.fileselect.FileSelectActivity"]}, {"fbb799e2d89fd4f6e3e3022c1ca58964": ["0", "com.keepassdroid.fileselect.FileSelectActivity"]}, {"fbb799e2d89fd4f6e3e3022c1ca58964": ["0", "com.keepassdroid.fileselect.FileSelectActivity"]}, {"8e9a1baa4acd0107110dcceeba97014b": ["2", "com.keepassdroid.fileselect.FileSelectActivity"]}, {"fbb799e2d89fd4f6e3e3022c1ca58964": ["0", "com.keepassdroid.fileselect.FileSelectActivity"]}, {"fbb799e2d89fd4f6e3e3022c1ca58964": ["0", "com.keepassdroid.fileselect.FileSelectActivity"]}, {"8e9a1baa4acd0107110dcceeba97014b": ["2", "com.keepassdroid.fileselect.FileSelectActivity"]}, {"fbb799e2d89fd4f6e3e3022c1ca58964": ["0", "com.keepassdroid.fileselect.FileSelectActivity"]}, {"fbb799e2d89fd4f6e3e3022c1ca58964": ["0", "com.keepassdroid.fileselect.FileSelectActivity"]}, {"8e9a1baa4acd0107110dcceeba97014b": ["2", "com.keepassdroid.fileselect.FileSelectActivity"]}, {"fbb799e2d89fd4f6e3e3022c1ca58964": ["0", "com.keepassdroid.fileselect.FileSelectActivity"]}, {"fbb799e2d89fd4f6e3e3022c1ca58964": ["0", "com.keepassdroid.fileselect.FileSelectActivity"]}, {"8e9a1baa4acd0107110dcceeba97014b": ["2", "com.keepassdroid.fileselect.FileSelectActivity"]}, {"fbb799e2d89fd4f6e3e3022c1ca58964": ["0", "com.keepassdroid.fileselect.FileSelectActivity"]}, {"fbb799e2d89fd4f6e3e3022c1ca58964": ["0", "com.keepassdroid.fileselect.FileSelectActivity"]}, {"8e9a1baa4acd0107110dcceeba97014b": ["2", "com.keepassdroid.fileselect.FileSelectActivity"]}, {"fbb799e2d89fd4f6e3e3022c1ca58964": ["0", "com.keepassdroid.fileselect.FileSelectActivity"]}, {"fbb799e2d89fd4f6e3e3022c1ca58964": ["0", "com.keepassdroid.fileselect.FileSelectActivity"]}, {"8e9a1baa4acd0107110dcceeba97014b": ["2", "com.keepassdroid.fileselect.FileSelectActivity"]}, {"fbb799e2d89fd4f6e3e3022c1ca58964": ["0", "com.keepassdroid.fileselect.FileSelectActivity"]}, {"fbb799e2d89fd4f6e3e3022c1ca58964": ["0", "com.keepassdroid.fileselect.FileSelectActivity"]}, {"8e9a1baa4acd0107110dcceeba97014b": ["2", "com.keepassdroid.fileselect.FileSelectActivity"]}, {"fbb799e2d89fd4f6e3e3022c1ca58964": ["0", "com.keepassdroid.fileselect.FileSelectActivity"]}, {"fbb799e2d89fd4f6e3e3022c1ca58964": ["0", "com.keepassdroid.fileselect.FileSelectActivity"]}, {"8e9a1baa4acd0107110dcceeba97014b": ["2", "com.keepassdroid.fileselect.FileSelectActivity"]}, {"fbb799e2d89fd4f6e3e3022c1ca58964": ["0", "com.keepassdroid.fileselect.FileSelectActivity"]}, {"fbb799e2d89fd4f6e3e3022c1ca58964": ["0", "com.keepassdroid.fileselect.FileSelectActivity"]}, {"8e9a1baa4acd0107110dcceeba97014b": ["2", "com.keepassdroid.fileselect.FileSelectActivity"]}, {"fbb799e2d89fd4f6e3e3022c1ca58964": ["0", "com.keepassdroid.fileselect.FileSelectActivity"]}, {"fbb799e2d89fd4f6e3e3022c1ca58964": ["0", "com.keepassdroid.fileselect.FileSelectActivity"]}, {"8e9a1baa4acd0107110dcceeba97014b": ["2", "com.keepassdroid.fileselect.FileSelectActivity"]}, {"fbb799e2d89fd4f6e3e3022c1ca58964": ["0", "com.keepassdroid.fileselect.FileSelectActivity"]}, {"fbb799e2d89fd4f6e3e3022c1ca58964": ["0", "com.keepassdroid.fileselect.FileSelectActivity"]}, {"8e9a1baa4acd0107110dcceeba97014b": ["2", "com.keepassdroid.fileselect.FileSelectActivity"]}, {"fbb799e2d89fd4f6e3e3022c1ca58964": ["0", "com.keepassdroid.fileselect.FileSelectActivity"]}, {"fbb799e2d89fd4f6e3e3022c1ca58964": ["0", "com.keepassdroid.fileselect.FileSelectActivity"]}, {"8e9a1baa4acd0107110dcceeba97014b": ["2", "com.keepassdroid.fileselect.FileSelectActivity"]}, {"fbb799e2d89fd4f6e3e3022c1ca58964": ["0", "com.keepassdroid.fileselect.FileSelectActivity"]}, {"fbb799e2d89fd4f6e3e3022c1ca58964": ["0", "com.keepassdroid.fileselect.FileSelectActivity"]}, {"8e9a1baa4acd0107110dcceeba97014b": ["2", "com.keepassdroid.fileselect.FileSelectActivity"]}, {"fbb799e2d89fd4f6e3e3022c1ca58964": ["0", "com.keepassdroid.fileselect.FileSelectActivity"]}, {"fbb799e2d89fd4f6e3e3022c1ca58964": ["0", "com.keepassdroid.fileselect.FileSelectActivity"]}, {"8e9a1baa4acd0107110dcceeba97014b": ["2", "com.keepassdroid.fileselect.FileSelectActivity"]}, {"fbb799e2d89fd4f6e3e3022c1ca58964": ["0", "com.keepassdroid.fileselect.FileSelectActivity"]}, {"fbb799e2d89fd4f6e3e3022c1ca58964": ["0", "com.keepassdroid.fileselect.FileSelectActivity"]}, {"8e9a1baa4acd0107110dcceeba97014b": ["2", "com.keepassdroid.fileselect.FileSelectActivity"]}, {"fbb799e2d89fd4f6e3e3022c1ca58964": ["0", "com.keepassdroid.fileselect.FileSelectActivity"]}, {"fbb799e2d89fd4f6e3e3022c1ca58964": ["0", "com.keepassdroid.fileselect.FileSelectActivity"]}, {"8e9a1baa4acd0107110dcceeba97014b": ["2", "com.keepassdroid.fileselect.FileSelectActivity"]}, {"fbb799e2d89fd4f6e3e3022c1ca58964": ["0", "com.keepassdroid.fileselect.FileSelectActivity"]}, {"fbb799e2d89fd4f6e3e3022c1ca58964": ["0", "com.keepassdroid.fileselect.FileSelectActivity"]}, {"8e9a1baa4acd0107110dcceeba97014b": ["2", "com.keepassdroid.fileselect.FileSelectActivity"]}, {"fbb799e2d89fd4f6e3e3022c1ca58964": ["0", "com.keepassdroid.fileselect.FileSelectActivity"]}, {"fbb799e2d89fd4f6e3e3022c1ca58964": ["0", "com.keepassdroid.fileselect.FileSelectActivity"]}, {"8e9a1baa4acd0107110dcceeba97014b": ["2", "com.keepassdroid.fileselect.FileSelectActivity"]}, {"fbb799e2d89fd4f6e3e3022c1ca58964": ["0", "com.keepassdroid.fileselect.FileSelectActivity"]}, {"fbb799e2d89fd4f6e3e3022c1ca58964": ["0", "com.keepassdroid.fileselect.FileSelectActivity"]}, {"8e9a1baa4acd0107110dcceeba97014b": ["2", "com.keepassdroid.fileselect.FileSelectActivity"]}, {"fbb799e2d89fd4f6e3e3022c1ca58964": ["0", "com.keepassdroid.fileselect.FileSelectActivity"]}, {"fbb799e2d89fd4f6e3e3022c1ca58964": ["0", "com.keepassdroid.fileselect.FileSelectActivity"]}, {"8e9a1baa4acd0107110dcceeba97014b": ["2", "com.keepassdroid.fileselect.FileSelectActivity"]}, {"fbb799e2d89fd4f6e3e3022c1ca58964": ["0", "com.keepassdroid.fileselect.FileSelectActivity"]}, {"fbb799e2d89fd4f6e3e3022c1ca58964": ["0", "com.keepassdroid.fileselect.FileSelectActivity"]}, {"8e9a1baa4acd0107110dcceeba97014b": ["2", "com.keepassdroid.fileselect.FileSelectActivity"]}, {"fbb799e2d89fd4f6e3e3022c1ca58964": ["0", "com.keepassdroid.fileselect.FileSelectActivity"]}, {"fbb799e2d89fd4f6e3e3022c1ca58964": ["0", "com.keepassdroid.fileselect.FileSelectActivity"]}, {"8e9a1baa4acd0107110dcceeba97014b": ["2", "com.keepassdroid.fileselect.FileSelectActivity"]}, {"fbb799e2d89fd4f6e3e3022c1ca58964": ["0", "com.keepassdroid.fileselect.FileSelectActivity"]}, {"fbb799e2d89fd4f6e3e3022c1ca58964": ["0", "com.keepassdroid.fileselect.FileSelectActivity"]}, {"8e9a1baa4acd0107110dcceeba97014b": ["2", "com.keepassdroid.fileselect.FileSelectActivity"]}, {"fbb799e2d89fd4f6e3e3022c1ca58964": ["0", "com.keepassdroid.fileselect.FileSelectActivity"]}, {"fbb799e2d89fd4f6e3e3022c1ca58964": ["0", "com.keepassdroid.fileselect.FileSelectActivity"]}, {"8e9a1baa4acd0107110dcceeba97014b": ["2", "com.keepassdroid.fileselect.FileSelectActivity"]}, {"fbb799e2d89fd4f6e3e3022c1ca58964": ["0", "com.keepassdroid.fileselect.FileSelectActivity"]}, {"fbb799e2d89fd4f6e3e3022c1ca58964": ["0", "com.keepassdroid.fileselect.FileSelectActivity"]}, {"8e9a1baa4acd0107110dcceeba97014b": ["2", "com.keepassdroid.fileselect.FileSelectActivity"]}, {"fbb799e2d89fd4f6e3e3022c1ca58964": ["0", "com.keepassdroid.fileselect.FileSelectActivity"]}, {"fbb799e2d89fd4f6e3e3022c1ca58964": ["0", "com.keepassdroid.fileselect.FileSelectActivity"]}, {"8e9a1baa4acd0107110dcceeba97014b": ["2", "com.keepassdroid.fileselect.FileSelectActivity"]}, {"fbb799e2d89fd4f6e3e3022c1ca58964": ["0", "com.keepassdroid.fileselect.FileSelectActivity"]}, {"fbb799e2d89fd4f6e3e3022c1ca58964": ["0", "com.keepassdroid.fileselect.FileSelectActivity"]}, {"8e9a1baa4acd0107110dcceeba97014b": ["2", "com.keepassdroid.fileselect.FileSelectActivity"]}, {"fbb799e2d89fd4f6e3e3022c1ca58964": ["0", "com.keepassdroid.fileselect.FileSelectActivity"]}, {"fbb799e2d89fd4f6e3e3022c1ca58964": ["0", "com.keepassdroid.fileselect.FileSelectActivity"]}, {"8e9a1baa4acd0107110dcceeba97014b": ["2", "com.keepassdroid.fileselect.FileSelectActivity"]}, {"fbb799e2d89fd4f6e3e3022c1ca58964": ["0", "com.keepassdroid.fileselect.FileSelectActivity"]}, {"fbb799e2d89fd4f6e3e3022c1ca58964": ["0", "com.keepassdroid.fileselect.FileSelectActivity"]}, {"8e9a1baa4acd0107110dcceeba97014b": ["2", "com.keepassdroid.fileselect.FileSelectActivity"]}, {"fbb799e2d89fd4f6e3e3022c1ca58964": ["0", "com.keepassdroid.fileselect.FileSelectActivity"]}, {"fbb799e2d89fd4f6e3e3022c1ca58964": ["0", "com.keepassdroid.fileselect.FileSelectActivity"]}, {"8e9a1baa4acd0107110dcceeba97014b": ["2", "com.keepassdroid.fileselect.FileSelectActivity"]}, {"fbb799e2d89fd4f6e3e3022c1ca58964": ["0", "com.keepassdroid.fileselect.FileSelectActivity"]}, {"fbb799e2d89fd4f6e3e3022c1ca58964": ["0", "com.keepassdroid.fileselect.FileSelectActivity"]}, {"8e9a1baa4acd0107110dcceeba97014b": ["2", "com.keepassdroid.fileselect.FileSelectActivity"]}, {"fbb799e2d89fd4f6e3e3022c1ca58964": ["0", "com.keepassdroid.fileselect.FileSelectActivity"]}, {"fbb799e2d89fd4f6e3e3022c1ca58964": ["0", "com.keepassdroid.fileselect.FileSelectActivity"]}, {"8e9a1baa4acd0107110dcceeba97014b": ["2", "com.keepassdroid.fileselect.FileSelectActivity"]}, {"fbb799e2d89fd4f6e3e3022c1ca58964": ["0", "com.keepassdroid.fileselect.FileSelectActivity"]}, {"fbb799e2d89fd4f6e3e3022c1ca58964": ["0", "com.keepassdroid.fileselect.FileSelectActivity"]}, {"8e9a1baa4acd0107110dcceeba97014b": ["2", "com.keepassdroid.fileselect.FileSelectActivity"]}, {"fbb799e2d89fd4f6e3e3022c1ca58964": ["0", "com.keepassdroid.fileselect.FileSelectActivity"]}, {"fbb799e2d89fd4f6e3e3022c1ca58964": ["0", "com.keepassdroid.fileselect.FileSelectActivity"]}, {"8e9a1baa4acd0107110dcceeba97014b": ["2", "com.keepassdroid.fileselect.FileSelectActivity"]}, {"fbb799e2d89fd4f6e3e3022c1ca58964": ["0", "com.keepassdroid.fileselect.FileSelectActivity"]}, {"fbb799e2d89fd4f6e3e3022c1ca58964": ["0", "com.keepassdroid.fileselect.FileSelectActivity"]}, {"8e9a1baa4acd0107110dcceeba97014b": ["2", "com.keepassdroid.fileselect.FileSelectActivity"]}, {"fbb799e2d89fd4f6e3e3022c1ca58964": ["0", "com.keepassdroid.fileselect.FileSelectActivity"]}, {"fbb799e2d89fd4f6e3e3022c1ca58964": ["0", "com.keepassdroid.fileselect.FileSelectActivity"]}, {"8e9a1baa4acd0107110dcceeba97014b": ["2", "com.keepassdroid.fileselect.FileSelectActivity"]}, {"fbb799e2d89fd4f6e3e3022c1ca58964": ["0", "com.keepassdroid.fileselect.FileSelectActivity"]}, {"fbb799e2d89fd4f6e3e3022c1ca58964": ["0", "com.keepassdroid.fileselect.FileSelectActivity"]}, {"8e9a1baa4acd0107110dcceeba97014b": ["2", "com.keepassdroid.fileselect.FileSelectActivity"]}, {"fbb799e2d89fd4f6e3e3022c1ca58964": ["0", "com.keepassdroid.fileselect.FileSelectActivity"]}, {"fbb799e2d89fd4f6e3e3022c1ca58964": ["0", "com.keepassdroid.fileselect.FileSelectActivity"]}, {"8e9a1baa4acd0107110dcceeba97014b": ["2", "com.keepassdroid.fileselect.FileSelectActivity"]}, {"fbb799e2d89fd4f6e3e3022c1ca58964": ["0", "com.keepassdroid.fileselect.FileSelectActivity"]}, {"fbb799e2d89fd4f6e3e3022c1ca58964": ["0", "com.keepassdroid.fileselect.FileSelectActivity"]}, {"8e9a1baa4acd0107110dcceeba97014b": ["2", "com.keepassdroid.fileselect.FileSelectActivity"]}, {"fbb799e2d89fd4f6e3e3022c1ca58964": ["0", "com.keepassdroid.fileselect.FileSelectActivity"]}, {"fbb799e2d89fd4f6e3e3022c1ca58964": ["0", "com.keepassdroid.fileselect.FileSelectActivity"]}, {"8e9a1baa4acd0107110dcceeba97014b": ["2", "com.keepassdroid.fileselect.FileSelectActivity"]}, {"fbb799e2d89fd4f6e3e3022c1ca58964": ["0", "com.keepassdroid.fileselect.FileSelectActivity"]}, {"fbb799e2d89fd4f6e3e3022c1ca58964": ["0", "com.keepassdroid.fileselect.FileSelectActivity"]}, {"8e9a1baa4acd0107110dcceeba97014b": ["2", "com.keepassdroid.fileselect.FileSelectActivity"]}, {"fbb799e2d89fd4f6e3e3022c1ca58964": ["0", "com.keepassdroid.fileselect.FileSelectActivity"]}, {"fbb799e2d89fd4f6e3e3022c1ca58964": ["0", "com.keepassdroid.fileselect.FileSelectActivity"]}, {"8e9a1baa4acd0107110dcceeba97014b": ["2", "com.keepassdroid.fileselect.FileSelectActivity"]}, {"fbb799e2d89fd4f6e3e3022c1ca58964": ["0", "com.keepassdroid.fileselect.FileSelectActivity"]}, {"fbb799e2d89fd4f6e3e3022c1ca58964": ["0", "com.keepassdroid.fileselect.FileSelectActivity"]}, {"8e9a1baa4acd0107110dcceeba97014b": ["2", "com.keepassdroid.fileselect.FileSelectActivity"]}, {"fbb799e2d89fd4f6e3e3022c1ca58964": ["0", "com.keepassdroid.fileselect.FileSelectActivity"]}, {"fbb799e2d89fd4f6e3e3022c1ca58964": ["0", "com.keepassdroid.fileselect.FileSelectActivity"]}, {"8e9a1baa4acd0107110dcceeba97014b": ["2", "com.keepassdroid.fileselect.FileSelectActivity"]}, {"fbb799e2d89fd4f6e3e3022c1ca58964": ["0", "com.keepassdroid.fileselect.FileSelectActivity"]}, {"fbb799e2d89fd4f6e3e3022c1ca58964": ["0", "com.keepassdroid.fileselect.FileSelectActivity"]}, {"8e9a1baa4acd0107110dcceeba97014b": ["2", "com.keepassdroid.fileselect.FileSelectActivity"]}, {"fbb799e2d89fd4f6e3e3022c1ca58964": ["0", "com.keepassdroid.fileselect.FileSelectActivity"]}, {"fbb799e2d89fd4f6e3e3022c1ca58964": ["0", "com.keepassdroid.fileselect.FileSelectActivity"]}, {"8e9a1baa4acd0107110dcceeba97014b": ["2", "com.keepassdroid.fileselect.FileSelectActivity"]}, {"fbb799e2d89fd4f6e3e3022c1ca58964": ["0", "com.keepassdroid.fileselect.FileSelectActivity"]}, {"fbb799e2d89fd4f6e3e3022c1ca58964": ["0", "com.keepassdroid.fileselect.FileSelectActivity"]}, {"8e9a1baa4acd0107110dcceeba97014b": ["2", "com.keepassdroid.fileselect.FileSelectActivity"]}, {"fbb799e2d89fd4f6e3e3022c1ca58964": ["0", "com.keepassdroid.fileselect.FileSelectActivity"]}, {"fbb799e2d89fd4f6e3e3022c1ca58964": ["0", "com.keepassdroid.fileselect.FileSelectActivity"]}, {"8e9a1baa4acd0107110dcceeba97014b": ["2", "com.keepassdroid.fileselect.FileSelectActivity"]}, {"fbb799e2d89fd4f6e3e3022c1ca58964": ["0", "com.keepassdroid.fileselect.FileSelectActivity"]}, {"fbb799e2d89fd4f6e3e3022c1ca58964": ["0", "com.keepassdroid.fileselect.FileSelectActivity"]}, {"8e9a1baa4acd0107110dcceeba97014b": ["2", "com.keepassdroid.fileselect.FileSelectActivity"]}, {"fbb799e2d89fd4f6e3e3022c1ca58964": ["0", "com.keepassdroid.fileselect.FileSelectActivity"]}, {"fbb799e2d89fd4f6e3e3022c1ca58964": ["0", "com.keepassdroid.fileselect.FileSelectActivity"]}, {"8e9a1baa4acd0107110dcceeba97014b": ["2", "com.keepassdroid.fileselect.FileSelectActivity"]}, {"fbb799e2d89fd4f6e3e3022c1ca58964": ["0", "com.keepassdroid.fileselect.FileSelectActivity"]}, {"fbb799e2d89fd4f6e3e3022c1ca58964": ["0", "com.keepassdroid.fileselect.FileSelectActivity"]}, {"8e9a1baa4acd0107110dcceeba97014b": ["2", "com.keepassdroid.fileselect.FileSelectActivity"]}, {"fbb799e2d89fd4f6e3e3022c1ca58964": ["0", "com.keepassdroid.fileselect.FileSelectActivity"]}, {"fbb799e2d89fd4f6e3e3022c1ca58964": ["0", "com.keepassdroid.fileselect.FileSelectActivity"]}, {"8e9a1baa4acd0107110dcceeba97014b": ["2", "com.keepassdroid.fileselect.FileSelectActivity"]}, {"fbb799e2d89fd4f6e3e3022c1ca58964": ["0", "com.keepassdroid.fileselect.FileSelectActivity"]}, {"fbb799e2d89fd4f6e3e3022c1ca58964": ["0", "com.keepassdroid.fileselect.FileSelectActivity"]}, {"8e9a1baa4acd0107110dcceeba97014b": ["2", "com.keepassdroid.fileselect.FileSelectActivity"]}, {"fbb799e2d89fd4f6e3e3022c1ca58964": ["0", "com.keepassdroid.fileselect.FileSelectActivity"]}, {"fbb799e2d89fd4f6e3e3022c1ca58964": ["0", "com.keepassdroid.fileselect.FileSelectActivity"]}, {"8e9a1baa4acd0107110dcceeba97014b": ["2", "com.keepassdroid.fileselect.FileSelectActivity"]}, {"fbb799e2d89fd4f6e3e3022c1ca58964": ["0", "com.keepassdroid.fileselect.FileSelectActivity"]}, {"fbb799e2d89fd4f6e3e3022c1ca58964": ["0", "com.keepassdroid.fileselect.FileSelectActivity"]}, {"8e9a1baa4acd0107110dcceeba97014b": ["2", "com.keepassdroid.fileselect.FileSelectActivity"]}, {"fbb799e2d89fd4f6e3e3022c1ca58964": ["0", "com.keepassdroid.fileselect.FileSelectActivity"]}, {"fbb799e2d89fd4f6e3e3022c1ca58964": ["0", "com.keepassdroid.fileselect.FileSelectActivity"]}, {"8e9a1baa4acd0107110dcceeba97014b": ["2", "com.keepassdroid.fileselect.FileSelectActivity"]}, {"fbb799e2d89fd4f6e3e3022c1ca58964": ["0", "com.keepassdroid.fileselect.FileSelectActivity"]}, {"fbb799e2d89fd4f6e3e3022c1ca58964": ["0", "com.keepassdroid.fileselect.FileSelectActivity"]}, {"8e9a1baa4acd0107110dcceeba97014b": ["2", "com.keepassdroid.fileselect.FileSelectActivity"]}, {"fbb799e2d89fd4f6e3e3022c1ca58964": ["0", "com.keepassdroid.fileselect.FileSelectActivity"]}, {"fbb799e2d89fd4f6e3e3022c1ca58964": ["0", "com.keepassdroid.fileselect.FileSelectActivity"]}, {"8e9a1baa4acd0107110dcceeba97014b": ["2", "com.keepassdroid.fileselect.FileSelectActivity"]}, {"fbb799e2d89fd4f6e3e3022c1ca58964": ["0", "com.keepassdroid.fileselect.FileSelectActivity"]}, {"fbb799e2d89fd4f6e3e3022c1ca58964": ["0", "com.keepassdroid.fileselect.FileSelectActivity"]}, {"8e9a1baa4acd0107110dcceeba97014b": ["2", "com.keepassdroid.fileselect.FileSelectActivity"]}, {"fbb799e2d89fd4f6e3e3022c1ca58964": ["0", "com.keepassdroid.fileselect.FileSelectActivity"]}, {"fbb799e2d89fd4f6e3e3022c1ca58964": ["0", "com.keepassdroid.fileselect.FileSelectActivity"]}, {"8e9a1baa4acd0107110dcceeba97014b": ["2", "com.keepassdroid.fileselect.FileSelectActivity"]}, {"fbb799e2d89fd4f6e3e3022c1ca58964": ["0", "com.keepassdroid.fileselect.FileSelectActivity"]}, {"fbb799e2d89fd4f6e3e3022c1ca58964": ["0", "com.keepassdroid.fileselect.FileSelectActivity"]}, {"8e9a1baa4acd0107110dcceeba97014b": ["2", "com.keepassdroid.fileselect.FileSelectActivity"]}, {"fbb799e2d89fd4f6e3e3022c1ca58964": ["0", "com.keepassdroid.fileselect.FileSelectActivity"]}, {"fbb799e2d89fd4f6e3e3022c1ca58964": ["0", "com.keepassdroid.fileselect.FileSelectActivity"]}, {"8e9a1baa4acd0107110dcceeba97014b": ["2", "com.keepassdroid.fileselect.FileSelectActivity"]}, {"fbb799e2d89fd4f6e3e3022c1ca58964": ["0", "com.keepassdroid.fileselect.FileSelectActivity"]}, {"fbb799e2d89fd4f6e3e3022c1ca58964": ["0", "com.keepassdroid.fileselect.FileSelectActivity"]}, {"8e9a1baa4acd0107110dcceeba97014b": ["2", "com.keepassdroid.fileselect.FileSelectActivity"]}, {"fbb799e2d89fd4f6e3e3022c1ca58964": ["0", "com.keepassdroid.fileselect.FileSelectActivity"]}, {"fbb799e2d89fd4f6e3e3022c1ca58964": ["0", "com.keepassdroid.fileselect.FileSelectActivity"]}, {"8e9a1baa4acd0107110dcceeba97014b": ["2", "com.keepassdroid.fileselect.FileSelectActivity"]}, {"fbb799e2d89fd4f6e3e3022c1ca58964": ["0", "com.keepassdroid.fileselect.FileSelectActivity"]}, {"fbb799e2d89fd4f6e3e3022c1ca58964": ["0", "com.keepassdroid.fileselect.FileSelectActivity"]}, {"8e9a1baa4acd0107110dcceeba97014b": ["2", "com.keepassdroid.fileselect.FileSelectActivity"]}, {"fbb799e2d89fd4f6e3e3022c1ca58964": ["0", "com.keepassdroid.fileselect.FileSelectActivity"]}, {"fbb799e2d89fd4f6e3e3022c1ca58964": ["0", "com.keepassdroid.fileselect.FileSelectActivity"]}, {"8e9a1baa4acd0107110dcceeba97014b": ["2", "com.keepassdroid.fileselect.FileSelectActivity"]}, {"fbb799e2d89fd4f6e3e3022c1ca58964": ["0", "com.keepassdroid.fileselect.FileSelectActivity"]}, {"fbb799e2d89fd4f6e3e3022c1ca58964": ["0", "com.keepassdroid.fileselect.FileSelectActivity"]}, {"8e9a1baa4acd0107110dcceeba97014b": ["2", "com.keepassdroid.fileselect.FileSelectActivity"]}, {"fbb799e2d89fd4f6e3e3022c1ca58964": ["0", "com.keepassdroid.fileselect.FileSelectActivity"]}, {"fbb799e2d89fd4f6e3e3022c1ca58964": ["0", "com.keepassdroid.fileselect.FileSelectActivity"]}, {"8e9a1baa4acd0107110dcceeba97014b": ["2", "com.keepassdroid.fileselect.FileSelectActivity"]}, {"fbb799e2d89fd4f6e3e3022c1ca58964": ["0", "com.keepassdroid.fileselect.FileSelectActivity"]}, {"fbb799e2d89fd4f6e3e3022c1ca58964": ["0", "com.keepassdroid.fileselect.FileSelectActivity"]}, {"8e9a1baa4acd0107110dcceeba97014b": ["2", "com.keepassdroid.fileselect.FileSelectActivity"]}, {"fbb799e2d89fd4f6e3e3022c1ca58964": ["0", "com.keepassdroid.fileselect.FileSelectActivity"]}, {"fbb799e2d89fd4f6e3e3022c1ca58964": ["0", "com.keepassdroid.fileselect.FileSelectActivity"]}, {"8e9a1baa4acd0107110dcceeba97014b": ["2", "com.keepassdroid.fileselect.FileSelectActivity"]}, {"fbb799e2d89fd4f6e3e3022c1ca58964": ["0", "com.keepassdroid.fileselect.FileSelectActivity"]}, {"fbb799e2d89fd4f6e3e3022c1ca58964": ["0", "com.keepassdroid.fileselect.FileSelectActivity"]}, {"8e9a1baa4acd0107110dcceeba97014b": ["2", "com.keepassdroid.fileselect.FileSelectActivity"]}, {"fbb799e2d89fd4f6e3e3022c1ca58964": ["0", "com.keepassdroid.fileselect.FileSelectActivity"]}, {"fbb799e2d89fd4f6e3e3022c1ca58964": ["0", "com.keepassdroid.fileselect.FileSelectActivity"]}, {"8e9a1baa4acd0107110dcceeba97014b": ["2", "com.keepassdroid.fileselect.FileSelectActivity"]}, {"fbb799e2d89fd4f6e3e3022c1ca58964": ["0", "com.keepassdroid.fileselect.FileSelectActivity"]}, {"fbb799e2d89fd4f6e3e3022c1ca58964": ["0", "com.keepassdroid.fileselect.FileSelectActivity"]}, {"8e9a1baa4acd0107110dcceeba97014b": ["2", "com.keepassdroid.fileselect.FileSelectActivity"]}, {"fbb799e2d89fd4f6e3e3022c1ca58964": ["0", "com.keepassdroid.fileselect.FileSelectActivity"]}, {"fbb799e2d89fd4f6e3e3022c1ca58964": ["0", "com.keepassdroid.fileselect.FileSelectActivity"]}, {"8e9a1baa4acd0107110dcceeba97014b": ["2", "com.keepassdroid.fileselect.FileSelectActivity"]}, {"fbb799e2d89fd4f6e3e3022c1ca58964": ["0", "com.keepassdroid.fileselect.FileSelectActivity"]}, {"fbb799e2d89fd4f6e3e3022c1ca58964": ["0", "com.keepassdroid.fileselect.FileSelectActivity"]}, {"8e9a1baa4acd0107110dcceeba97014b": ["2", "com.keepassdroid.fileselect.FileSelectActivity"]}, {"fbb799e2d89fd4f6e3e3022c1ca58964": ["0", "com.keepassdroid.fileselect.FileSelectActivity"]}, {"fbb799e2d89fd4f6e3e3022c1ca58964": ["0", "com.keepassdroid.fileselect.FileSelectActivity"]}, {"8e9a1baa4acd0107110dcceeba97014b": ["2", "com.keepassdroid.fileselect.FileSelectActivity"]}, {"fbb799e2d89fd4f6e3e3022c1ca58964": ["0", "com.keepassdroid.fileselect.FileSelectActivity"]}, {"fbb799e2d89fd4f6e3e3022c1ca58964": ["0", "com.keepassdroid.fileselect.FileSelectActivity"]}, {"8e9a1baa4acd0107110dcceeba97014b": ["2", "com.keepassdroid.fileselect.FileSelectActivity"]}, {"fbb799e2d89fd4f6e3e3022c1ca58964": ["0", "com.keepassdroid.fileselect.FileSelectActivity"]}, {"fbb799e2d89fd4f6e3e3022c1ca58964": ["0", "com.keepassdroid.fileselect.FileSelectActivity"]}, {"8e9a1baa4acd0107110dcceeba97014b": ["2", "com.keepassdroid.fileselect.FileSelectActivity"]}, {"fbb799e2d89fd4f6e3e3022c1ca58964": ["0", "com.keepassdroid.fileselect.FileSelectActivity"]}, {"fbb799e2d89fd4f6e3e3022c1ca58964": ["0", "com.keepassdroid.fileselect.FileSelectActivity"]}, {"8e9a1baa4acd0107110dcceeba97014b": ["2", "com.keepassdroid.fileselect.FileSelectActivity"]}, {"fbb799e2d89fd4f6e3e3022c1ca58964": ["0", "com.keepassdroid.fileselect.FileSelectActivity"]}, {"fbb799e2d89fd4f6e3e3022c1ca58964": ["0", "com.keepassdroid.fileselect.FileSelectActivity"]}, {"8e9a1baa4acd0107110dcceeba97014b": ["2", "com.keepassdroid.fileselect.FileSelectActivity"]}, {"fbb799e2d89fd4f6e3e3022c1ca58964": ["0", "com.keepassdroid.fileselect.FileSelectActivity"]}, {"fbb799e2d89fd4f6e3e3022c1ca58964": ["0", "com.keepassdroid.fileselect.FileSelectActivity"]}, {"8e9a1baa4acd0107110dcceeba97014b": ["2", "com.keepassdroid.fileselect.FileSelectActivity"]}, {"fbb799e2d89fd4f6e3e3022c1ca58964": ["0", "com.keepassdroid.fileselect.FileSelectActivity"]}, {"fbb799e2d89fd4f6e3e3022c1ca58964": ["0", "com.keepassdroid.fileselect.FileSelectActivity"]}, {"8e9a1baa4acd0107110dcceeba97014b": ["2", "com.keepassdroid.fileselect.FileSelectActivity"]}, {"fbb799e2d89fd4f6e3e3022c1ca58964": ["0", "com.keepassdroid.fileselect.FileSelectActivity"]}, {"fbb799e2d89fd4f6e3e3022c1ca58964": ["0", "com.keepassdroid.fileselect.FileSelectActivity"]}, {"8e9a1baa4acd0107110dcceeba97014b": ["2", "com.keepassdroid.fileselect.FileSelectActivity"]}, {"fbb799e2d89fd4f6e3e3022c1ca58964": ["0", "com.keepassdroid.fileselect.FileSelectActivity"]}, {"fbb799e2d89fd4f6e3e3022c1ca58964": ["0", "com.keepassdroid.fileselect.FileSelectActivity"]}, {"8e9a1baa4acd0107110dcceeba97014b": ["2", "com.keepassdroid.fileselect.FileSelectActivity"]}, {"fbb799e2d89fd4f6e3e3022c1ca58964": ["0", "com.keepassdroid.fileselect.FileSelectActivity"]}, {"fbb799e2d89fd4f6e3e3022c1ca58964": ["0", "com.keepassdroid.fileselect.FileSelectActivity"]}, {"8e9a1baa4acd0107110dcceeba97014b": ["2", "com.keepassdroid.fileselect.FileSelectActivity"]}, {"fbb799e2d89fd4f6e3e3022c1ca58964": ["0", "com.keepassdroid.fileselect.FileSelectActivity"]}, {"fbb799e2d89fd4f6e3e3022c1ca58964": ["0", "com.keepassdroid.fileselect.FileSelectActivity"]}, {"8e9a1baa4acd0107110dcceeba97014b": ["2", "com.keepassdroid.fileselect.FileSelectActivity"]}, {"fbb799e2d89fd4f6e3e3022c1ca58964": ["0", "com.keepassdroid.fileselect.FileSelectActivity"]}, {"fbb799e2d89fd4f6e3e3022c1ca58964": ["0", "com.keepassdroid.fileselect.FileSelectActivity"]}, {"8e9a1baa4acd0107110dcceeba97014b": ["2", "com.keepassdroid.fileselect.FileSelectActivity"]}, {"fbb799e2d89fd4f6e3e3022c1ca58964": ["0", "com.keepassdroid.fileselect.FileSelectActivity"]}, {"fbb799e2d89fd4f6e3e3022c1ca58964": ["0", "com.keepassdroid.fileselect.FileSelectActivity"]}, {"8e9a1baa4acd0107110dcceeba97014b": ["2", "com.keepassdroid.fileselect.FileSelectActivity"]}, {"fbb799e2d89fd4f6e3e3022c1ca58964": ["0", "com.keepassdroid.fileselect.FileSelectActivity"]}, {"fbb799e2d89fd4f6e3e3022c1ca58964": ["0", "com.keepassdroid.fileselect.FileSelectActivity"]}, {"8e9a1baa4acd0107110dcceeba97014b": ["2", "com.keepassdroid.fileselect.FileSelectActivity"]}, {"fbb799e2d89fd4f6e3e3022c1ca58964": ["0", "com.keepassdroid.fileselect.FileSelectActivity"]}, {"fbb799e2d89fd4f6e3e3022c1ca58964": ["0", "com.keepassdroid.fileselect.FileSelectActivity"]}, {"8e9a1baa4acd0107110dcceeba97014b": ["2", "com.keepassdroid.fileselect.FileSelectActivity"]}, {"fbb799e2d89fd4f6e3e3022c1ca58964": ["0", "com.keepassdroid.fileselect.FileSelectActivity"]}, {"fbb799e2d89fd4f6e3e3022c1ca58964": ["0", "com.keepassdroid.fileselect.FileSelectActivity"]}, {"8e9a1baa4acd0107110dcceeba97014b": ["2", "com.keepassdroid.fileselect.FileSelectActivity"]}, {"fbb799e2d89fd4f6e3e3022c1ca58964": ["0", "com.keepassdroid.fileselect.FileSelectActivity"]}, {"fbb799e2d89fd4f6e3e3022c1ca58964": ["0", "com.keepassdroid.fileselect.FileSelectActivity"]}, {"8e9a1baa4acd0107110dcceeba97014b": ["2", "com.keepassdroid.fileselect.FileSelectActivity"]}, {"fbb799e2d89fd4f6e3e3022c1ca58964": ["0", "com.keepassdroid.fileselect.FileSelectActivity"]}, {"fbb799e2d89fd4f6e3e3022c1ca58964": ["0", "com.keepassdroid.fileselect.FileSelectActivity"]}, {"8e9a1baa4acd0107110dcceeba97014b": ["2", "com.keepassdroid.fileselect.FileSelectActivity"]}, {"fbb799e2d89fd4f6e3e3022c1ca58964": ["0", "com.keepassdroid.fileselect.FileSelectActivity"]}, {"fbb799e2d89fd4f6e3e3022c1ca58964": ["0", "com.keepassdroid.fileselect.FileSelectActivity"]}, {"8e9a1baa4acd0107110dcceeba97014b": ["2", "com.keepassdroid.fileselect.FileSelectActivity"]}, {"fbb799e2d89fd4f6e3e3022c1ca58964": ["0", "com.keepassdroid.fileselect.FileSelectActivity"]}, {"fbb799e2d89fd4f6e3e3022c1ca58964": ["0", "com.keepassdroid.fileselect.FileSelectActivity"]}, {"8e9a1baa4acd0107110dcceeba97014b": ["2", "com.keepassdroid.fileselect.FileSelectActivity"]}, {"fbb799e2d89fd4f6e3e3022c1ca58964": ["0", "com.keepassdroid.fileselect.FileSelectActivity"]}, {"fbb799e2d89fd4f6e3e3022c1ca58964": ["0", "com.keepassdroid.fileselect.FileSelectActivity"]}, {"8e9a1baa4acd0107110dcceeba97014b": ["2", "com.keepassdroid.fileselect.FileSelectActivity"]}, {"fbb799e2d89fd4f6e3e3022c1ca58964": ["0", "com.keepassdroid.fileselect.FileSelectActivity"]}, {"fbb799e2d89fd4f6e3e3022c1ca58964": ["0", "com.keepassdroid.fileselect.FileSelectActivity"]}, {"8e9a1baa4acd0107110dcceeba97014b": ["2", "com.keepassdroid.fileselect.FileSelectActivity"]}, {"fbb799e2d89fd4f6e3e3022c1ca58964": ["0", "com.keepassdroid.fileselect.FileSelectActivity"]}, {"fbb799e2d89fd4f6e3e3022c1ca58964": ["0", "com.keepassdroid.fileselect.FileSelectActivity"]}, {"8e9a1baa4acd0107110dcceeba97014b": ["2", "com.keepassdroid.fileselect.FileSelectActivity"]}, {"fbb799e2d89fd4f6e3e3022c1ca58964": ["0", "com.keepassdroid.fileselect.FileSelectActivity"]}, {"fbb799e2d89fd4f6e3e3022c1ca58964": ["0", "com.keepassdroid.fileselect.FileSelectActivity"]}, {"8e9a1baa4acd0107110dcceeba97014b": ["2", "com.keepassdroid.fileselect.FileSelectActivity"]}, {"fbb799e2d89fd4f6e3e3022c1ca58964": ["0", "com.keepassdroid.fileselect.FileSelectActivity"]}, {"fbb799e2d89fd4f6e3e3022c1ca58964": ["0", "com.keepassdroid.fileselect.FileSelectActivity"]}, {"8e9a1baa4acd0107110dcceeba97014b": ["2", "com.keepassdroid.fileselect.FileSelectActivity"]}, {"fbb799e2d89fd4f6e3e3022c1ca58964": ["0", "com.keepassdroid.fileselect.FileSelectActivity"]}, {"fbb799e2d89fd4f6e3e3022c1ca58964": ["0", "com.keepassdroid.fileselect.FileSelectActivity"]}, {"8e9a1baa4acd0107110dcceeba97014b": ["2", "com.keepassdroid.fileselect.FileSelectActivity"]}, {"fbb799e2d89fd4f6e3e3022c1ca58964": ["0", "com.keepassdroid.fileselect.FileSelectActivity"]}, {"fbb799e2d89fd4f6e3e3022c1ca58964": ["0", "com.keepassdroid.fileselect.FileSelectActivity"]}, {"8e9a1baa4acd0107110dcceeba97014b": ["2", "com.keepassdroid.fileselect.FileSelectActivity"]}, {"fbb799e2d89fd4f6e3e3022c1ca58964": ["0", "com.keepassdroid.fileselect.FileSelectActivity"]}, {"fbb799e2d89fd4f6e3e3022c1ca58964": ["0", "com.keepassdroid.fileselect.FileSelectActivity"]}, {"8e9a1baa4acd0107110dcceeba97014b": ["2", "com.keepassdroid.fileselect.FileSelectActivity"]}, {"fbb799e2d89fd4f6e3e3022c1ca58964": ["0", "com.keepassdroid.fileselect.FileSelectActivity"]}, {"fbb799e2d89fd4f6e3e3022c1ca58964": ["0", "com.keepassdroid.fileselect.FileSelectActivity"]}, {"8e9a1baa4acd0107110dcceeba97014b": ["2", "com.keepassdroid.fileselect.FileSelectActivity"]}, {"fbb799e2d89fd4f6e3e3022c1ca58964": ["0", "com.keepassdroid.fileselect.FileSelectActivity"]}, {"fbb799e2d89fd4f6e3e3022c1ca58964": ["0", "com.keepassdroid.fileselect.FileSelectActivity"]}, {"8e9a1baa4acd0107110dcceeba97014b": ["2", "com.keepassdroid.fileselect.FileSelectActivity"]}, {"fbb799e2d89fd4f6e3e3022c1ca58964": ["0", "com.keepassdroid.fileselect.FileSelectActivity"]}, {"fbb799e2d89fd4f6e3e3022c1ca58964": ["0", "com.keepassdroid.fileselect.FileSelectActivity"]}, {"8e9a1baa4acd0107110dcceeba97014b": ["2", "com.keepassdroid.fileselect.FileSelectActivity"]}, {"fbb799e2d89fd4f6e3e3022c1ca58964": ["0", "com.keepassdroid.fileselect.FileSelectActivity"]}, {"fbb799e2d89fd4f6e3e3022c1ca58964": ["0", "com.keepassdroid.fileselect.FileSelectActivity"]}, {"8e9a1baa4acd0107110dcceeba97014b": ["2", "com.keepassdroid.fileselect.FileSelectActivity"]}, {"fbb799e2d89fd4f6e3e3022c1ca58964": ["0", "com.keepassdroid.fileselect.FileSelectActivity"]}, {"fbb799e2d89fd4f6e3e3022c1ca58964": ["0", "com.keepassdroid.fileselect.FileSelectActivity"]}, {"8e9a1baa4acd0107110dcceeba97014b": ["2", "com.keepassdroid.fileselect.FileSelectActivity"]}, {"fbb799e2d89fd4f6e3e3022c1ca58964": ["0", "com.keepassdroid.fileselect.FileSelectActivity"]}, {"fbb799e2d89fd4f6e3e3022c1ca58964": ["0", "com.keepassdroid.fileselect.FileSelectActivity"]}, {"8e9a1baa4acd0107110dcceeba97014b": ["2", "com.keepassdroid.fileselect.FileSelectActivity"]}, {"fbb799e2d89fd4f6e3e3022c1ca58964": ["0", "com.keepassdroid.fileselect.FileSelectActivity"]}, {"fbb799e2d89fd4f6e3e3022c1ca58964": ["0", "com.keepassdroid.fileselect.FileSelectActivity"]}, {"8e9a1baa4acd0107110dcceeba97014b": ["2", "com.keepassdroid.fileselect.FileSelectActivity"]}, {"fbb799e2d89fd4f6e3e3022c1ca58964": ["0", "com.keepassdroid.fileselect.FileSelectActivity"]}, {"fbb799e2d89fd4f6e3e3022c1ca58964": ["0", "com.keepassdroid.fileselect.FileSelectActivity"]}, {"8e9a1baa4acd0107110dcceeba97014b": ["2", "com.keepassdroid.fileselect.FileSelectActivity"]}, {"fbb799e2d89fd4f6e3e3022c1ca58964": ["0", "com.keepassdroid.fileselect.FileSelectActivity"]}, {"fbb799e2d89fd4f6e3e3022c1ca58964": ["0", "com.keepassdroid.fileselect.FileSelectActivity"]}, {"8e9a1baa4acd0107110dcceeba97014b": ["2", "com.keepassdroid.fileselect.FileSelectActivity"]}, {"fbb799e2d89fd4f6e3e3022c1ca58964": ["0", "com.keepassdroid.fileselect.FileSelectActivity"]}, {"fbb799e2d89fd4f6e3e3022c1ca58964": ["0", "com.keepassdroid.fileselect.FileSelectActivity"]}, {"8e9a1baa4acd0107110dcceeba97014b": ["2", "com.keepassdroid.fileselect.FileSelectActivity"]}, {"fbb799e2d89fd4f6e3e3022c1ca58964": ["0", "com.keepassdroid.fileselect.FileSelectActivity"]}, {"fbb799e2d89fd4f6e3e3022c1ca58964": ["0", "com.keepassdroid.fileselect.FileSelectActivity"]}, {"8e9a1baa4acd0107110dcceeba97014b": ["2", "com.keepassdroid.fileselect.FileSelectActivity"]}, {"fbb799e2d89fd4f6e3e3022c1ca58964": ["0", "com.keepassdroid.fileselect.FileSelectActivity"]}, {"fbb799e2d89fd4f6e3e3022c1ca58964": ["0", "com.keepassdroid.fileselect.FileSelectActivity"]}, {"8e9a1baa4acd0107110dcceeba97014b": ["2", "com.keepassdroid.fileselect.FileSelectActivity"]}, {"fbb799e2d89fd4f6e3e3022c1ca58964": ["0", "com.keepassdroid.fileselect.FileSelectActivity"]}, {"fbb799e2d89fd4f6e3e3022c1ca58964": ["0", "com.keepassdroid.fileselect.FileSelectActivity"]}, {"8e9a1baa4acd0107110dcceeba97014b": ["2", "com.keepassdroid.fileselect.FileSelectActivity"]}, {"fbb799e2d89fd4f6e3e3022c1ca58964": ["0", "com.keepassdroid.fileselect.FileSelectActivity"]}, {"fbb799e2d89fd4f6e3e3022c1ca58964": ["0", "com.keepassdroid.fileselect.FileSelectActivity"]}, {"8e9a1baa4acd0107110dcceeba97014b": ["2", "com.keepassdroid.fileselect.FileSelectActivity"]}, {"fbb799e2d89fd4f6e3e3022c1ca58964": ["0", "com.keepassdroid.fileselect.FileSelectActivity"]}, {"fbb799e2d89fd4f6e3e3022c1ca58964": ["0", "com.keepassdroid.fileselect.FileSelectActivity"]}, {"8e9a1baa4acd0107110dcceeba97014b": ["2", "com.keepassdroid.fileselect.FileSelectActivity"]}, {"fbb799e2d89fd4f6e3e3022c1ca58964": ["0", "com.keepassdroid.fileselect.FileSelectActivity"]}, {"fbb799e2d89fd4f6e3e3022c1ca58964": ["0", "com.keepassdroid.fileselect.FileSelectActivity"]}, {"8e9a1baa4acd0107110dcceeba97014b": ["2", "com.keepassdroid.fileselect.FileSelectActivity"]}, {"fbb799e2d89fd4f6e3e3022c1ca58964": ["0", "com.keepassdroid.fileselect.FileSelectActivity"]}, {"fbb799e2d89fd4f6e3e3022c1ca58964": ["0", "com.keepassdroid.fileselect.FileSelectActivity"]}, {"8e9a1baa4acd0107110dcceeba97014b": ["2", "com.keepassdroid.fileselect.FileSelectActivity"]}, {"fbb799e2d89fd4f6e3e3022c1ca58964": ["0", "com.keepassdroid.fileselect.FileSelectActivity"]}, {"fbb799e2d89fd4f6e3e3022c1ca58964": ["0", "com.keepassdroid.fileselect.FileSelectActivity"]}, {"8e9a1baa4acd0107110dcceeba97014b": ["2", "com.keepassdroid.fileselect.FileSelectActivity"]}, {"fbb799e2d89fd4f6e3e3022c1ca58964": ["0", "com.keepassdroid.fileselect.FileSelectActivity"]}, {"fbb799e2d89fd4f6e3e3022c1ca58964": ["0", "com.keepassdroid.fileselect.FileSelectActivity"]}, {"8e9a1baa4acd0107110dcceeba97014b": ["2", "com.keepassdroid.fileselect.FileSelectActivity"]}, {"fbb799e2d89fd4f6e3e3022c1ca58964": ["0", "com.keepassdroid.fileselect.FileSelectActivity"]}, {"fbb799e2d89fd4f6e3e3022c1ca58964": ["0", "com.keepassdroid.fileselect.FileSelectActivity"]}, {"8e9a1baa4acd0107110dcceeba97014b": ["2", "com.keepassdroid.fileselect.FileSelectActivity"]}, {"fbb799e2d89fd4f6e3e3022c1ca58964": ["0", "com.keepassdroid.fileselect.FileSelectActivity"]}, {"fbb799e2d89fd4f6e3e3022c1ca58964": ["0", "com.keepassdroid.fileselect.FileSelectActivity"]}, {"8e9a1baa4acd0107110dcceeba97014b": ["2", "com.keepassdroid.fileselect.FileSelectActivity"]}, {"fbb799e2d89fd4f6e3e3022c1ca58964": ["0", "com.keepassdroid.fileselect.FileSelectActivity"]}, {"fbb799e2d89fd4f6e3e3022c1ca58964": ["0", "com.keepassdroid.fileselect.FileSelectActivity"]}, {"8e9a1baa4acd0107110dcceeba97014b": ["2", "com.keepassdroid.fileselect.FileSelectActivity"]}, {"fbb799e2d89fd4f6e3e3022c1ca58964": ["0", "com.keepassdroid.fileselect.FileSelectActivity"]}, {"fbb799e2d89fd4f6e3e3022c1ca58964": ["0", "com.keepassdroid.fileselect.FileSelectActivity"]}, {"8e9a1baa4acd0107110dcceeba97014b": ["2", "com.keepassdroid.fileselect.FileSelectActivity"]}, {"fbb799e2d89fd4f6e3e3022c1ca58964": ["0", "com.keepassdroid.fileselect.FileSelectActivity"]}, {"fbb799e2d89fd4f6e3e3022c1ca58964": ["0", "com.keepassdroid.fileselect.FileSelectActivity"]}, {"8e9a1baa4acd0107110dcceeba97014b": ["2", "com.keepassdroid.fileselect.FileSelectActivity"]}, {"fbb799e2d89fd4f6e3e3022c1ca58964": ["0", "com.keepassdroid.fileselect.FileSelectActivity"]}, {"fbb799e2d89fd4f6e3e3022c1ca58964": ["0", "com.keepassdroid.fileselect.FileSelectActivity"]}, {"8e9a1baa4acd0107110dcceeba97014b": ["2", "com.keepassdroid.fileselect.FileSelectActivity"]}, {"fbb799e2d89fd4f6e3e3022c1ca58964": ["0", "com.keepassdroid.fileselect.FileSelectActivity"]}, {"fbb799e2d89fd4f6e3e3022c1ca58964": ["0", "com.keepassdroid.fileselect.FileSelectActivity"]}, {"8e9a1baa4acd0107110dcceeba97014b": ["2", "com.keepassdroid.fileselect.FileSelectActivity"]}, {"fbb799e2d89fd4f6e3e3022c1ca58964": ["0", "com.keepassdroid.fileselect.FileSelectActivity"]}, {"fbb799e2d89fd4f6e3e3022c1ca58964": ["0", "com.keepassdroid.fileselect.FileSelectActivity"]}, {"8e9a1baa4acd0107110dcceeba97014b": ["2", "com.keepassdroid.fileselect.FileSelectActivity"]}, {"fbb799e2d89fd4f6e3e3022c1ca58964": ["0", "com.keepassdroid.fileselect.FileSelectActivity"]}, {"fbb799e2d89fd4f6e3e3022c1ca58964": ["0", "com.keepassdroid.fileselect.FileSelectActivity"]}, {"8e9a1baa4acd0107110dcceeba97014b": ["2", "com.keepassdroid.fileselect.FileSelectActivity"]}, {"fbb799e2d89fd4f6e3e3022c1ca58964": ["0", "com.keepassdroid.fileselect.FileSelectActivity"]}, {"fbb799e2d89fd4f6e3e3022c1ca58964": ["0", "com.keepassdroid.fileselect.FileSelectActivity"]}, {"8e9a1baa4acd0107110dcceeba97014b": ["2", "com.keepassdroid.fileselect.FileSelectActivity"]}, {"fbb799e2d89fd4f6e3e3022c1ca58964": ["0", "com.keepassdroid.fileselect.FileSelectActivity"]}, {"fbb799e2d89fd4f6e3e3022c1ca58964": ["0", "com.keepassdroid.fileselect.FileSelectActivity"]}, {"8e9a1baa4acd0107110dcceeba97014b": ["2", "com.keepassdroid.fileselect.FileSelectActivity"]}, {"fbb799e2d89fd4f6e3e3022c1ca58964": ["0", "com.keepassdroid.fileselect.FileSelectActivity"]}, {"fbb799e2d89fd4f6e3e3022c1ca58964": ["0", "com.keepassdroid.fileselect.FileSelectActivity"]}, {"8e9a1baa4acd0107110dcceeba97014b": ["2", "com.keepassdroid.fileselect.FileSelectActivity"]}, {"fbb799e2d89fd4f6e3e3022c1ca58964": ["0", "com.keepassdroid.fileselect.FileSelectActivity"]}, {"fbb799e2d89fd4f6e3e3022c1ca58964": ["0", "com.keepassdroid.fileselect.FileSelectActivity"]}, {"8e9a1baa4acd0107110dcceeba97014b": ["2", "com.keepassdroid.fileselect.FileSelectActivity"]}, {"fbb799e2d89fd4f6e3e3022c1ca58964": ["0", "com.keepassdroid.fileselect.FileSelectActivity"]}, {"fbb799e2d89fd4f6e3e3022c1ca58964": ["0", "com.keepassdroid.fileselect.FileSelectActivity"]}, {"8e9a1baa4acd0107110dcceeba97014b": ["2", "com.keepassdroid.fileselect.FileSelectActivity"]}, {"fbb799e2d89fd4f6e3e3022c1ca58964": ["0", "com.keepassdroid.fileselect.FileSelectActivity"]}, {"fbb799e2d89fd4f6e3e3022c1ca58964": ["0", "com.keepassdroid.fileselect.FileSelectActivity"]}, {"8e9a1baa4acd0107110dcceeba97014b": ["2", "com.keepassdroid.fileselect.FileSelectActivity"]}, {"fbb799e2d89fd4f6e3e3022c1ca58964": ["0", "com.keepassdroid.fileselect.FileSelectActivity"]}, {"fbb799e2d89fd4f6e3e3022c1ca58964": ["0", "com.keepassdroid.fileselect.FileSelectActivity"]}, {"8e9a1baa4acd0107110dcceeba97014b": ["2", "com.keepassdroid.fileselect.FileSelectActivity"]}, {"fbb799e2d89fd4f6e3e3022c1ca58964": ["0", "com.keepassdroid.fileselect.FileSelectActivity"]}, {"fbb799e2d89fd4f6e3e3022c1ca58964": ["0", "com.keepassdroid.fileselect.FileSelectActivity"]}, {"8e9a1baa4acd0107110dcceeba97014b": ["2", "com.keepassdroid.fileselect.FileSelectActivity"]}, {"fbb799e2d89fd4f6e3e3022c1ca58964": ["0", "com.keepassdroid.fileselect.FileSelectActivity"]}, {"fbb799e2d89fd4f6e3e3022c1ca58964": ["0", "com.keepassdroid.fileselect.FileSelectActivity"]}, {"8e9a1baa4acd0107110dcceeba97014b": ["2", "com.keepassdroid.fileselect.FileSelectActivity"]}, {"fbb799e2d89fd4f6e3e3022c1ca58964": ["0", "com.keepassdroid.fileselect.FileSelectActivity"]}]