[{"fe83aa5869338505d5beb82d5fe9c367": ["0", "org.passwordmaker.android.PasswordMakerProForAndroidActivity"]}, {"fe83aa5869338505d5beb82d5fe9c367": ["0", "org.passwordmaker.android.PasswordMakerProForAndroidActivity"]}, {"fe83aa5869338505d5beb82d5fe9c367": ["0", "org.passwordmaker.android.PasswordMakerProForAndroidActivity"]}, {"a69374f1408a7e8850f07cb2411f18da": ["25", "org.passwordmaker.android.PasswordMakerProForAndroidActivity"]}, {"fe83aa5869338505d5beb82d5fe9c367": ["0", "org.passwordmaker.android.PasswordMakerProForAndroidActivity"]}, {"a69374f1408a7e8850f07cb2411f18da": ["25", "org.passwordmaker.android.PasswordMakerProForAndroidActivity"]}, {"ad649cc6feb381d21738971d1f305740": ["1", "org.passwordmaker.android.PasswordMakerProForAndroidActivity"]}, {"fe83aa5869338505d5beb82d5fe9c367": ["0", "org.passwordmaker.android.PasswordMakerProForAndroidActivity"]}, {"fe83aa5869338505d5beb82d5fe9c367": ["0", "org.passwordmaker.android.PasswordMakerProForAndroidActivity"]}, {"fe83aa5869338505d5beb82d5fe9c367": ["0", "org.passwordmaker.android.PasswordMakerProForAndroidActivity"]}, {"ad649cc6feb381d21738971d1f305740": ["1", "org.passwordmaker.android.PasswordMakerProForAndroidActivity"]}, {"a69374f1408a7e8850f07cb2411f18da": ["25", "org.passwordmaker.android.PasswordMakerProForAndroidActivity"]}, {"fe83aa5869338505d5beb82d5fe9c367": ["0", "org.passwordmaker.android.PasswordMakerProForAndroidActivity"]}, {"fe83aa5869338505d5beb82d5fe9c367": ["0", "org.passwordmaker.android.PasswordMakerProForAndroidActivity"]}, {"b6db671c22459c8ec0a3ce1b09ccf0ee": ["6", "org.passwordmaker.android.PasswordMakerProForAndroidActivity"]}, {"b6db671c22459c8ec0a3ce1b09ccf0ee": ["6", "org.passwordmaker.android.PasswordMakerProForAndroidActivity"]}, {"ad649cc6feb381d21738971d1f305740": ["1", "org.passwordmaker.android.PasswordMakerProForAndroidActivity"]}, {"b6db671c22459c8ec0a3ce1b09ccf0ee": ["6", "org.passwordmaker.android.PasswordMakerProForAndroidActivity"]}, {"fe83aa5869338505d5beb82d5fe9c367": ["0", "org.passwordmaker.android.PasswordMakerProForAndroidActivity"]}, {"fe83aa5869338505d5beb82d5fe9c367": ["0", "org.passwordmaker.android.PasswordMakerProForAndroidActivity"]}, {"a69374f1408a7e8850f07cb2411f18da": ["25", "org.passwordmaker.android.PasswordMakerProForAndroidActivity"]}, {"21de6f74af7851ed9cac358b143e89e4": ["8", "org.passwordmaker.android.PasswordMakerEditProfile"]}, {"21de6f74af7851ed9cac358b143e89e4": ["8", "org.passwordmaker.android.PasswordMakerEditProfile"]}, {"21de6f74af7851ed9cac358b143e89e4": ["8", "org.passwordmaker.android.PasswordMakerEditProfile"]}, {"fe83aa5869338505d5beb82d5fe9c367": ["0", "org.passwordmaker.android.PasswordMakerProForAndroidActivity"]}, {"fe83aa5869338505d5beb82d5fe9c367": ["0", "org.passwordmaker.android.PasswordMakerProForAndroidActivity"]}, {"fe83aa5869338505d5beb82d5fe9c367": ["0", "org.passwordmaker.android.PasswordMakerProForAndroidActivity"]}, {"17f18953d4f5235eeaa5e9f40ca19922": ["2", "org.passwordmaker.android.PasswordMakerProForAndroidActivity"]}, {"fe83aa5869338505d5beb82d5fe9c367": ["0", "org.passwordmaker.android.PasswordMakerProForAndroidActivity"]}, {"fe83aa5869338505d5beb82d5fe9c367": ["0", "org.passwordmaker.android.PasswordMakerProForAndroidActivity"]}, {"fe83aa5869338505d5beb82d5fe9c367": ["0", "org.passwordmaker.android.PasswordMakerProForAndroidActivity"]}, {"fe83aa5869338505d5beb82d5fe9c367": ["0", "org.passwordmaker.android.PasswordMakerProForAndroidActivity"]}, {"fe83aa5869338505d5beb82d5fe9c367": ["0", "org.passwordmaker.android.PasswordMakerProForAndroidActivity"]}, {"fe83aa5869338505d5beb82d5fe9c367": ["0", "org.passwordmaker.android.PasswordMakerProForAndroidActivity"]}, {"fe83aa5869338505d5beb82d5fe9c367": ["0", "org.passwordmaker.android.PasswordMakerProForAndroidActivity"]}, {"fe83aa5869338505d5beb82d5fe9c367": ["0", "org.passwordmaker.android.PasswordMakerProForAndroidActivity"]}, {"fe83aa5869338505d5beb82d5fe9c367": ["0", "org.passwordmaker.android.PasswordMakerProForAndroidActivity"]}, {"a69374f1408a7e8850f07cb2411f18da": ["25", "org.passwordmaker.android.PasswordMakerProForAndroidActivity"]}, {"fe83aa5869338505d5beb82d5fe9c367": ["0", "org.passwordmaker.android.PasswordMakerProForAndroidActivity"]}, {"fe83aa5869338505d5beb82d5fe9c367": ["0", "org.passwordmaker.android.PasswordMakerProForAndroidActivity"]}, {"b6db671c22459c8ec0a3ce1b09ccf0ee": ["6", "org.passwordmaker.android.PasswordMakerProForAndroidActivity"]}, {"b6db671c22459c8ec0a3ce1b09ccf0ee": ["6", "org.passwordmaker.android.PasswordMakerProForAndroidActivity"]}, {"b6db671c22459c8ec0a3ce1b09ccf0ee": ["6", "org.passwordmaker.android.PasswordMakerProForAndroidActivity"]}, {"ad649cc6feb381d21738971d1f305740": ["1", "org.passwordmaker.android.PasswordMakerProForAndroidActivity"]}, {"b6db671c22459c8ec0a3ce1b09ccf0ee": ["6", "org.passwordmaker.android.PasswordMakerProForAndroidActivity"]}, {"b6db671c22459c8ec0a3ce1b09ccf0ee": ["6", "org.passwordmaker.android.PasswordMakerProForAndroidActivity"]}, {"b6db671c22459c8ec0a3ce1b09ccf0ee": ["6", "org.passwordmaker.android.PasswordMakerProForAndroidActivity"]}, {"17f18953d4f5235eeaa5e9f40ca19922": ["2", "org.passwordmaker.android.PasswordMakerProForAndroidActivity"]}, {"b6db671c22459c8ec0a3ce1b09ccf0ee": ["6", "org.passwordmaker.android.PasswordMakerProForAndroidActivity"]}, {"b6db671c22459c8ec0a3ce1b09ccf0ee": ["6", "org.passwordmaker.android.PasswordMakerProForAndroidActivity"]}, {"a69374f1408a7e8850f07cb2411f18da": ["25", "org.passwordmaker.android.PasswordMakerProForAndroidActivity"]}, {"4897467ee766fed58c0aed364f4c3674": ["28", "org.passwordmaker.android.PasswordMakerEditProfile"]}, {"b6db671c22459c8ec0a3ce1b09ccf0ee": ["6", "org.passwordmaker.android.PasswordMakerProForAndroidActivity"]}, {"b6db671c22459c8ec0a3ce1b09ccf0ee": ["6", "org.passwordmaker.android.PasswordMakerProForAndroidActivity"]}, {"a69374f1408a7e8850f07cb2411f18da": ["25", "org.passwordmaker.android.PasswordMakerProForAndroidActivity"]}, {"b6db671c22459c8ec0a3ce1b09ccf0ee": ["6", "org.passwordmaker.android.PasswordMakerProForAndroidActivity"]}, {"b6db671c22459c8ec0a3ce1b09ccf0ee": ["6", "org.passwordmaker.android.PasswordMakerProForAndroidActivity"]}, {"b6db671c22459c8ec0a3ce1b09ccf0ee": ["6", "org.passwordmaker.android.PasswordMakerProForAndroidActivity"]}, {"b6db671c22459c8ec0a3ce1b09ccf0ee": ["6", "org.passwordmaker.android.PasswordMakerProForAndroidActivity"]}, {"b6db671c22459c8ec0a3ce1b09ccf0ee": ["6", "org.passwordmaker.android.PasswordMakerProForAndroidActivity"]}, {"b6db671c22459c8ec0a3ce1b09ccf0ee": ["6", "org.passwordmaker.android.PasswordMakerProForAndroidActivity"]}, {"fe83aa5869338505d5beb82d5fe9c367": ["0", "org.passwordmaker.android.PasswordMakerProForAndroidActivity"]}, {"fe83aa5869338505d5beb82d5fe9c367": ["0", "org.passwordmaker.android.PasswordMakerProForAndroidActivity"]}, {"fe83aa5869338505d5beb82d5fe9c367": ["0", "org.passwordmaker.android.PasswordMakerProForAndroidActivity"]}, {"fe83aa5869338505d5beb82d5fe9c367": ["0", "org.passwordmaker.android.PasswordMakerProForAndroidActivity"]}, {"fe83aa5869338505d5beb82d5fe9c367": ["0", "org.passwordmaker.android.PasswordMakerProForAndroidActivity"]}, {"fe83aa5869338505d5beb82d5fe9c367": ["0", "org.passwordmaker.android.PasswordMakerProForAndroidActivity"]}, {"fe83aa5869338505d5beb82d5fe9c367": ["0", "org.passwordmaker.android.PasswordMakerProForAndroidActivity"]}, {"fe83aa5869338505d5beb82d5fe9c367": ["0", "org.passwordmaker.android.PasswordMakerProForAndroidActivity"]}, {"b6db671c22459c8ec0a3ce1b09ccf0ee": ["6", "org.passwordmaker.android.PasswordMakerProForAndroidActivity"]}, {"a69374f1408a7e8850f07cb2411f18da": ["25", "org.passwordmaker.android.PasswordMakerProForAndroidActivity"]}, {"b6db671c22459c8ec0a3ce1b09ccf0ee": ["6", "org.passwordmaker.android.PasswordMakerProForAndroidActivity"]}, {"b6db671c22459c8ec0a3ce1b09ccf0ee": ["6", "org.passwordmaker.android.PasswordMakerProForAndroidActivity"]}, {"fe83aa5869338505d5beb82d5fe9c367": ["0", "org.passwordmaker.android.PasswordMakerProForAndroidActivity"]}, {"fe83aa5869338505d5beb82d5fe9c367": ["0", "org.passwordmaker.android.PasswordMakerProForAndroidActivity"]}, {"fe83aa5869338505d5beb82d5fe9c367": ["0", "org.passwordmaker.android.PasswordMakerProForAndroidActivity"]}, {"fe83aa5869338505d5beb82d5fe9c367": ["0", "org.passwordmaker.android.PasswordMakerProForAndroidActivity"]}, {"17f18953d4f5235eeaa5e9f40ca19922": ["2", "org.passwordmaker.android.PasswordMakerProForAndroidActivity"]}, {"fe83aa5869338505d5beb82d5fe9c367": ["0", "org.passwordmaker.android.PasswordMakerProForAndroidActivity"]}, {"b6db671c22459c8ec0a3ce1b09ccf0ee": ["6", "org.passwordmaker.android.PasswordMakerProForAndroidActivity"]}, {"b6db671c22459c8ec0a3ce1b09ccf0ee": ["6", "org.passwordmaker.android.PasswordMakerProForAndroidActivity"]}, {"b6db671c22459c8ec0a3ce1b09ccf0ee": ["6", "org.passwordmaker.android.PasswordMakerProForAndroidActivity"]}, {"b6db671c22459c8ec0a3ce1b09ccf0ee": ["6", "org.passwordmaker.android.PasswordMakerProForAndroidActivity"]}, {"b6db671c22459c8ec0a3ce1b09ccf0ee": ["6", "org.passwordmaker.android.PasswordMakerProForAndroidActivity"]}, {"b6db671c22459c8ec0a3ce1b09ccf0ee": ["6", "org.passwordmaker.android.PasswordMakerProForAndroidActivity"]}, {"b6db671c22459c8ec0a3ce1b09ccf0ee": ["6", "org.passwordmaker.android.PasswordMakerProForAndroidActivity"]}, {"b6db671c22459c8ec0a3ce1b09ccf0ee": ["6", "org.passwordmaker.android.PasswordMakerProForAndroidActivity"]}, {"b6db671c22459c8ec0a3ce1b09ccf0ee": ["6", "org.passwordmaker.android.PasswordMakerProForAndroidActivity"]}, {"b6db671c22459c8ec0a3ce1b09ccf0ee": ["6", "org.passwordmaker.android.PasswordMakerProForAndroidActivity"]}, {"fe83aa5869338505d5beb82d5fe9c367": ["0", "org.passwordmaker.android.PasswordMakerProForAndroidActivity"]}, {"17f18953d4f5235eeaa5e9f40ca19922": ["2", "org.passwordmaker.android.PasswordMakerProForAndroidActivity"]}, {"b6db671c22459c8ec0a3ce1b09ccf0ee": ["6", "org.passwordmaker.android.PasswordMakerProForAndroidActivity"]}, {"17f18953d4f5235eeaa5e9f40ca19922": ["2", "org.passwordmaker.android.PasswordMakerProForAndroidActivity"]}, {"fe83aa5869338505d5beb82d5fe9c367": ["0", "org.passwordmaker.android.PasswordMakerProForAndroidActivity"]}, {"17f18953d4f5235eeaa5e9f40ca19922": ["2", "org.passwordmaker.android.PasswordMakerProForAndroidActivity"]}, {"fe83aa5869338505d5beb82d5fe9c367": ["0", "org.passwordmaker.android.PasswordMakerProForAndroidActivity"]}, {"fe83aa5869338505d5beb82d5fe9c367": ["0", "org.passwordmaker.android.PasswordMakerProForAndroidActivity"]}, {"fe83aa5869338505d5beb82d5fe9c367": ["0", "org.passwordmaker.android.PasswordMakerProForAndroidActivity"]}, {"fe83aa5869338505d5beb82d5fe9c367": ["0", "org.passwordmaker.android.PasswordMakerProForAndroidActivity"]}, {"fe83aa5869338505d5beb82d5fe9c367": ["0", "org.passwordmaker.android.PasswordMakerProForAndroidActivity"]}, {"fe83aa5869338505d5beb82d5fe9c367": ["0", "org.passwordmaker.android.PasswordMakerProForAndroidActivity"]}, {"b6db671c22459c8ec0a3ce1b09ccf0ee": ["6", "org.passwordmaker.android.PasswordMakerProForAndroidActivity"]}, {"b6db671c22459c8ec0a3ce1b09ccf0ee": ["6", "org.passwordmaker.android.PasswordMakerProForAndroidActivity"]}, {"b6db671c22459c8ec0a3ce1b09ccf0ee": ["6", "org.passwordmaker.android.PasswordMakerProForAndroidActivity"]}, {"b6db671c22459c8ec0a3ce1b09ccf0ee": ["6", "org.passwordmaker.android.PasswordMakerProForAndroidActivity"]}, {"b6db671c22459c8ec0a3ce1b09ccf0ee": ["6", "org.passwordmaker.android.PasswordMakerProForAndroidActivity"]}, {"b6db671c22459c8ec0a3ce1b09ccf0ee": ["6", "org.passwordmaker.android.PasswordMakerProForAndroidActivity"]}, {"b6db671c22459c8ec0a3ce1b09ccf0ee": ["6", "org.passwordmaker.android.PasswordMakerProForAndroidActivity"]}, {"17f18953d4f5235eeaa5e9f40ca19922": ["2", "org.passwordmaker.android.PasswordMakerProForAndroidActivity"]}, {"b6db671c22459c8ec0a3ce1b09ccf0ee": ["6", "org.passwordmaker.android.PasswordMakerProForAndroidActivity"]}, {"b6db671c22459c8ec0a3ce1b09ccf0ee": ["6", "org.passwordmaker.android.PasswordMakerProForAndroidActivity"]}, {"b6db671c22459c8ec0a3ce1b09ccf0ee": ["6", "org.passwordmaker.android.PasswordMakerProForAndroidActivity"]}, {"b6db671c22459c8ec0a3ce1b09ccf0ee": ["6", "org.passwordmaker.android.PasswordMakerProForAndroidActivity"]}, {"ad649cc6feb381d21738971d1f305740": ["1", "org.passwordmaker.android.PasswordMakerProForAndroidActivity"]}, {"b6db671c22459c8ec0a3ce1b09ccf0ee": ["6", "org.passwordmaker.android.PasswordMakerProForAndroidActivity"]}, {"b6db671c22459c8ec0a3ce1b09ccf0ee": ["6", "org.passwordmaker.android.PasswordMakerProForAndroidActivity"]}, {"ad649cc6feb381d21738971d1f305740": ["1", "org.passwordmaker.android.PasswordMakerProForAndroidActivity"]}, {"b6db671c22459c8ec0a3ce1b09ccf0ee": ["6", "org.passwordmaker.android.PasswordMakerProForAndroidActivity"]}, {"b6db671c22459c8ec0a3ce1b09ccf0ee": ["6", "org.passwordmaker.android.PasswordMakerProForAndroidActivity"]}, {"b6db671c22459c8ec0a3ce1b09ccf0ee": ["6", "org.passwordmaker.android.PasswordMakerProForAndroidActivity"]}, {"b6db671c22459c8ec0a3ce1b09ccf0ee": ["6", "org.passwordmaker.android.PasswordMakerProForAndroidActivity"]}, {"b6db671c22459c8ec0a3ce1b09ccf0ee": ["6", "org.passwordmaker.android.PasswordMakerProForAndroidActivity"]}, {"17f18953d4f5235eeaa5e9f40ca19922": ["2", "org.passwordmaker.android.PasswordMakerProForAndroidActivity"]}, {"b6db671c22459c8ec0a3ce1b09ccf0ee": ["6", "org.passwordmaker.android.PasswordMakerProForAndroidActivity"]}, {"b6db671c22459c8ec0a3ce1b09ccf0ee": ["6", "org.passwordmaker.android.PasswordMakerProForAndroidActivity"]}, {"17f18953d4f5235eeaa5e9f40ca19922": ["2", "org.passwordmaker.android.PasswordMakerProForAndroidActivity"]}, {"b6db671c22459c8ec0a3ce1b09ccf0ee": ["6", "org.passwordmaker.android.PasswordMakerProForAndroidActivity"]}, {"b6db671c22459c8ec0a3ce1b09ccf0ee": ["6", "org.passwordmaker.android.PasswordMakerProForAndroidActivity"]}, {"b6db671c22459c8ec0a3ce1b09ccf0ee": ["6", "org.passwordmaker.android.PasswordMakerProForAndroidActivity"]}, {"b6db671c22459c8ec0a3ce1b09ccf0ee": ["6", "org.passwordmaker.android.PasswordMakerProForAndroidActivity"]}, {"b6db671c22459c8ec0a3ce1b09ccf0ee": ["6", "org.passwordmaker.android.PasswordMakerProForAndroidActivity"]}, {"fe83aa5869338505d5beb82d5fe9c367": ["0", "org.passwordmaker.android.PasswordMakerProForAndroidActivity"]}, {"17f18953d4f5235eeaa5e9f40ca19922": ["2", "org.passwordmaker.android.PasswordMakerProForAndroidActivity"]}, {"fe83aa5869338505d5beb82d5fe9c367": ["0", "org.passwordmaker.android.PasswordMakerProForAndroidActivity"]}, {"fe83aa5869338505d5beb82d5fe9c367": ["0", "org.passwordmaker.android.PasswordMakerProForAndroidActivity"]}, {"17f18953d4f5235eeaa5e9f40ca19922": ["2", "org.passwordmaker.android.PasswordMakerProForAndroidActivity"]}, {"531b3842f457cc3302ba79b6e4ed87f2": ["3", "org.passwordmaker.android.PasswordMakerEditFavorites"]}, {"531b3842f457cc3302ba79b6e4ed87f2": ["3", "org.passwordmaker.android.PasswordMakerEditFavorites"]}, {"531b3842f457cc3302ba79b6e4ed87f2": ["3", "org.passwordmaker.android.PasswordMakerEditFavorites"]}, {"531b3842f457cc3302ba79b6e4ed87f2": ["3", "org.passwordmaker.android.PasswordMakerEditFavorites"]}, {"f7b87c5d67c47617cdc32887e26ccaaf": ["4", "org.passwordmaker.android.PasswordMakerEditFavorites"]}, {"e5d77b721f62051f963dc99f5236465d": ["5", "org.passwordmaker.android.PasswordMakerEditFavorites"]}, {"e5d77b721f62051f963dc99f5236465d": ["5", "org.passwordmaker.android.PasswordMakerEditFavorites"]}, {"e5d77b721f62051f963dc99f5236465d": ["5", "org.passwordmaker.android.PasswordMakerEditFavorites"]}, {"531b3842f457cc3302ba79b6e4ed87f2": ["3", "org.passwordmaker.android.PasswordMakerEditFavorites"]}, {"531b3842f457cc3302ba79b6e4ed87f2": ["3", "org.passwordmaker.android.PasswordMakerEditFavorites"]}, {"531b3842f457cc3302ba79b6e4ed87f2": ["3", "org.passwordmaker.android.PasswordMakerEditFavorites"]}, {"531b3842f457cc3302ba79b6e4ed87f2": ["3", "org.passwordmaker.android.PasswordMakerEditFavorites"]}, {"531b3842f457cc3302ba79b6e4ed87f2": ["3", "org.passwordmaker.android.PasswordMakerEditFavorites"]}, {"fe83aa5869338505d5beb82d5fe9c367": ["0", "org.passwordmaker.android.PasswordMakerProForAndroidActivity"]}, {"17f18953d4f5235eeaa5e9f40ca19922": ["2", "org.passwordmaker.android.PasswordMakerProForAndroidActivity"]}, {"fe83aa5869338505d5beb82d5fe9c367": ["0", "org.passwordmaker.android.PasswordMakerProForAndroidActivity"]}, {"ad649cc6feb381d21738971d1f305740": ["1", "org.passwordmaker.android.PasswordMakerProForAndroidActivity"]}, {"fe83aa5869338505d5beb82d5fe9c367": ["0", "org.passwordmaker.android.PasswordMakerProForAndroidActivity"]}, {"fe83aa5869338505d5beb82d5fe9c367": ["0", "org.passwordmaker.android.PasswordMakerProForAndroidActivity"]}, {"fe83aa5869338505d5beb82d5fe9c367": ["0", "org.passwordmaker.android.PasswordMakerProForAndroidActivity"]}, {"17f18953d4f5235eeaa5e9f40ca19922": ["2", "org.passwordmaker.android.PasswordMakerProForAndroidActivity"]}, {"fe83aa5869338505d5beb82d5fe9c367": ["0", "org.passwordmaker.android.PasswordMakerProForAndroidActivity"]}, {"ad649cc6feb381d21738971d1f305740": ["1", "org.passwordmaker.android.PasswordMakerProForAndroidActivity"]}, {"fe83aa5869338505d5beb82d5fe9c367": ["0", "org.passwordmaker.android.PasswordMakerProForAndroidActivity"]}, {"17f18953d4f5235eeaa5e9f40ca19922": ["2", "org.passwordmaker.android.PasswordMakerProForAndroidActivity"]}, {"fe83aa5869338505d5beb82d5fe9c367": ["0", "org.passwordmaker.android.PasswordMakerProForAndroidActivity"]}, {"17f18953d4f5235eeaa5e9f40ca19922": ["2", "org.passwordmaker.android.PasswordMakerProForAndroidActivity"]}, {"fe83aa5869338505d5beb82d5fe9c367": ["0", "org.passwordmaker.android.PasswordMakerProForAndroidActivity"]}, {"fe83aa5869338505d5beb82d5fe9c367": ["0", "org.passwordmaker.android.PasswordMakerProForAndroidActivity"]}, {"17f18953d4f5235eeaa5e9f40ca19922": ["2", "org.passwordmaker.android.PasswordMakerProForAndroidActivity"]}, {"fe83aa5869338505d5beb82d5fe9c367": ["0", "org.passwordmaker.android.PasswordMakerProForAndroidActivity"]}, {"ad649cc6feb381d21738971d1f305740": ["1", "org.passwordmaker.android.PasswordMakerProForAndroidActivity"]}, {"fe83aa5869338505d5beb82d5fe9c367": ["0", "org.passwordmaker.android.PasswordMakerProForAndroidActivity"]}, {"fe83aa5869338505d5beb82d5fe9c367": ["0", "org.passwordmaker.android.PasswordMakerProForAndroidActivity"]}, {"17f18953d4f5235eeaa5e9f40ca19922": ["2", "org.passwordmaker.android.PasswordMakerProForAndroidActivity"]}, {"fe83aa5869338505d5beb82d5fe9c367": ["0", "org.passwordmaker.android.PasswordMakerProForAndroidActivity"]}, {"fe83aa5869338505d5beb82d5fe9c367": ["0", "org.passwordmaker.android.PasswordMakerProForAndroidActivity"]}, {"fe83aa5869338505d5beb82d5fe9c367": ["0", "org.passwordmaker.android.PasswordMakerProForAndroidActivity"]}, {"a69374f1408a7e8850f07cb2411f18da": ["25", "org.passwordmaker.android.PasswordMakerProForAndroidActivity"]}, {"fe83aa5869338505d5beb82d5fe9c367": ["0", "org.passwordmaker.android.PasswordMakerProForAndroidActivity"]}, {"fe83aa5869338505d5beb82d5fe9c367": ["0", "org.passwordmaker.android.PasswordMakerProForAndroidActivity"]}, {"ad649cc6feb381d21738971d1f305740": ["1", "org.passwordmaker.android.PasswordMakerProForAndroidActivity"]}, {"21de6f74af7851ed9cac358b143e89e4": ["8", "org.passwordmaker.android.PasswordMakerEditProfile"]}, {"21de6f74af7851ed9cac358b143e89e4": ["8", "org.passwordmaker.android.PasswordMakerEditProfile"]}, {"21de6f74af7851ed9cac358b143e89e4": ["8", "org.passwordmaker.android.PasswordMakerEditProfile"]}, {"fe83aa5869338505d5beb82d5fe9c367": ["0", "org.passwordmaker.android.PasswordMakerProForAndroidActivity"]}, {"fe83aa5869338505d5beb82d5fe9c367": ["0", "org.passwordmaker.android.PasswordMakerProForAndroidActivity"]}, {"17f18953d4f5235eeaa5e9f40ca19922": ["2", "org.passwordmaker.android.PasswordMakerProForAndroidActivity"]}, {"063a5e7326e326cdd619f057a3da6c07": ["14", "org.passwordmaker.android.PasswordMakerProForAndroidActivity"]}, {"fe83aa5869338505d5beb82d5fe9c367": ["0", "org.passwordmaker.android.PasswordMakerProForAndroidActivity"]}, {"063a5e7326e326cdd619f057a3da6c07": ["14", "org.passwordmaker.android.PasswordMakerProForAndroidActivity"]}, {"ad649cc6feb381d21738971d1f305740": ["1", "org.passwordmaker.android.PasswordMakerProForAndroidActivity"]}, {"fe83aa5869338505d5beb82d5fe9c367": ["0", "org.passwordmaker.android.PasswordMakerProForAndroidActivity"]}, {"fe83aa5869338505d5beb82d5fe9c367": ["0", "org.passwordmaker.android.PasswordMakerProForAndroidActivity"]}, {"fe83aa5869338505d5beb82d5fe9c367": ["0", "org.passwordmaker.android.PasswordMakerProForAndroidActivity"]}, {"ad649cc6feb381d21738971d1f305740": ["1", "org.passwordmaker.android.PasswordMakerProForAndroidActivity"]}, {"063a5e7326e326cdd619f057a3da6c07": ["14", "org.passwordmaker.android.PasswordMakerProForAndroidActivity"]}, {"fe83aa5869338505d5beb82d5fe9c367": ["0", "org.passwordmaker.android.PasswordMakerProForAndroidActivity"]}, {"b6db671c22459c8ec0a3ce1b09ccf0ee": ["6", "org.passwordmaker.android.PasswordMakerProForAndroidActivity"]}, {"17f18953d4f5235eeaa5e9f40ca19922": ["2", "org.passwordmaker.android.PasswordMakerProForAndroidActivity"]}, {"b6db671c22459c8ec0a3ce1b09ccf0ee": ["6", "org.passwordmaker.android.PasswordMakerProForAndroidActivity"]}, {"17f18953d4f5235eeaa5e9f40ca19922": ["2", "org.passwordmaker.android.PasswordMakerProForAndroidActivity"]}, {"531b3842f457cc3302ba79b6e4ed87f2": ["3", "org.passwordmaker.android.PasswordMakerEditFavorites"]}, {"531b3842f457cc3302ba79b6e4ed87f2": ["3", "org.passwordmaker.android.PasswordMakerEditFavorites"]}, {"531b3842f457cc3302ba79b6e4ed87f2": ["3", "org.passwordmaker.android.PasswordMakerEditFavorites"]}, {"fe83aa5869338505d5beb82d5fe9c367": ["0", "org.passwordmaker.android.PasswordMakerProForAndroidActivity"]}, {"fe83aa5869338505d5beb82d5fe9c367": ["0", "org.passwordmaker.android.PasswordMakerProForAndroidActivity"]}, {"fe83aa5869338505d5beb82d5fe9c367": ["0", "org.passwordmaker.android.PasswordMakerProForAndroidActivity"]}, {"fe83aa5869338505d5beb82d5fe9c367": ["0", "org.passwordmaker.android.PasswordMakerProForAndroidActivity"]}, {"fe83aa5869338505d5beb82d5fe9c367": ["0", "org.passwordmaker.android.PasswordMakerProForAndroidActivity"]}, {"fe83aa5869338505d5beb82d5fe9c367": ["0", "org.passwordmaker.android.PasswordMakerProForAndroidActivity"]}, {"fe83aa5869338505d5beb82d5fe9c367": ["0", "org.passwordmaker.android.PasswordMakerProForAndroidActivity"]}, {"fe83aa5869338505d5beb82d5fe9c367": ["0", "org.passwordmaker.android.PasswordMakerProForAndroidActivity"]}, {"fe83aa5869338505d5beb82d5fe9c367": ["0", "org.passwordmaker.android.PasswordMakerProForAndroidActivity"]}, {"fe83aa5869338505d5beb82d5fe9c367": ["0", "org.passwordmaker.android.PasswordMakerProForAndroidActivity"]}, {"063a5e7326e326cdd619f057a3da6c07": ["14", "org.passwordmaker.android.PasswordMakerProForAndroidActivity"]}, {"fe83aa5869338505d5beb82d5fe9c367": ["0", "org.passwordmaker.android.PasswordMakerProForAndroidActivity"]}, {"fe83aa5869338505d5beb82d5fe9c367": ["0", "org.passwordmaker.android.PasswordMakerProForAndroidActivity"]}, {"b6db671c22459c8ec0a3ce1b09ccf0ee": ["6", "org.passwordmaker.android.PasswordMakerProForAndroidActivity"]}, {"b6db671c22459c8ec0a3ce1b09ccf0ee": ["6", "org.passwordmaker.android.PasswordMakerProForAndroidActivity"]}, {"b6db671c22459c8ec0a3ce1b09ccf0ee": ["6", "org.passwordmaker.android.PasswordMakerProForAndroidActivity"]}, {"ad649cc6feb381d21738971d1f305740": ["1", "org.passwordmaker.android.PasswordMakerProForAndroidActivity"]}, {"b6db671c22459c8ec0a3ce1b09ccf0ee": ["6", "org.passwordmaker.android.PasswordMakerProForAndroidActivity"]}, {"b6db671c22459c8ec0a3ce1b09ccf0ee": ["6", "org.passwordmaker.android.PasswordMakerProForAndroidActivity"]}, {"b6db671c22459c8ec0a3ce1b09ccf0ee": ["6", "org.passwordmaker.android.PasswordMakerProForAndroidActivity"]}, {"b6db671c22459c8ec0a3ce1b09ccf0ee": ["6", "org.passwordmaker.android.PasswordMakerProForAndroidActivity"]}, {"b6db671c22459c8ec0a3ce1b09ccf0ee": ["6", "org.passwordmaker.android.PasswordMakerProForAndroidActivity"]}, {"063a5e7326e326cdd619f057a3da6c07": ["14", "org.passwordmaker.android.PasswordMakerProForAndroidActivity"]}, {"21de6f74af7851ed9cac358b143e89e4": ["8", "org.passwordmaker.android.PasswordMakerEditProfile"]}, {"b6db671c22459c8ec0a3ce1b09ccf0ee": ["6", "org.passwordmaker.android.PasswordMakerProForAndroidActivity"]}, {"b6db671c22459c8ec0a3ce1b09ccf0ee": ["6", "org.passwordmaker.android.PasswordMakerProForAndroidActivity"]}, {"063a5e7326e326cdd619f057a3da6c07": ["14", "org.passwordmaker.android.PasswordMakerProForAndroidActivity"]}, {"b6db671c22459c8ec0a3ce1b09ccf0ee": ["6", "org.passwordmaker.android.PasswordMakerProForAndroidActivity"]}, {"b6db671c22459c8ec0a3ce1b09ccf0ee": ["6", "org.passwordmaker.android.PasswordMakerProForAndroidActivity"]}, {"b6db671c22459c8ec0a3ce1b09ccf0ee": ["6", "org.passwordmaker.android.PasswordMakerProForAndroidActivity"]}, {"b6db671c22459c8ec0a3ce1b09ccf0ee": ["6", "org.passwordmaker.android.PasswordMakerProForAndroidActivity"]}, {"b6db671c22459c8ec0a3ce1b09ccf0ee": ["6", "org.passwordmaker.android.PasswordMakerProForAndroidActivity"]}, {"b6db671c22459c8ec0a3ce1b09ccf0ee": ["6", "org.passwordmaker.android.PasswordMakerProForAndroidActivity"]}, {"fe83aa5869338505d5beb82d5fe9c367": ["0", "org.passwordmaker.android.PasswordMakerProForAndroidActivity"]}, {"fe83aa5869338505d5beb82d5fe9c367": ["0", "org.passwordmaker.android.PasswordMakerProForAndroidActivity"]}, {"fe83aa5869338505d5beb82d5fe9c367": ["0", "org.passwordmaker.android.PasswordMakerProForAndroidActivity"]}, {"fe83aa5869338505d5beb82d5fe9c367": ["0", "org.passwordmaker.android.PasswordMakerProForAndroidActivity"]}, {"fe83aa5869338505d5beb82d5fe9c367": ["0", "org.passwordmaker.android.PasswordMakerProForAndroidActivity"]}, {"fe83aa5869338505d5beb82d5fe9c367": ["0", "org.passwordmaker.android.PasswordMakerProForAndroidActivity"]}, {"063a5e7326e326cdd619f057a3da6c07": ["14", "org.passwordmaker.android.PasswordMakerProForAndroidActivity"]}, {"ad649cc6feb381d21738971d1f305740": ["1", "org.passwordmaker.android.PasswordMakerProForAndroidActivity"]}, {"fe83aa5869338505d5beb82d5fe9c367": ["0", "org.passwordmaker.android.PasswordMakerProForAndroidActivity"]}, {"b6db671c22459c8ec0a3ce1b09ccf0ee": ["6", "org.passwordmaker.android.PasswordMakerProForAndroidActivity"]}, {"b6db671c22459c8ec0a3ce1b09ccf0ee": ["6", "org.passwordmaker.android.PasswordMakerProForAndroidActivity"]}, {"b6db671c22459c8ec0a3ce1b09ccf0ee": ["6", "org.passwordmaker.android.PasswordMakerProForAndroidActivity"]}, {"b6db671c22459c8ec0a3ce1b09ccf0ee": ["6", "org.passwordmaker.android.PasswordMakerProForAndroidActivity"]}, {"b6db671c22459c8ec0a3ce1b09ccf0ee": ["6", "org.passwordmaker.android.PasswordMakerProForAndroidActivity"]}, {"b6db671c22459c8ec0a3ce1b09ccf0ee": ["6", "org.passwordmaker.android.PasswordMakerProForAndroidActivity"]}, {"b6db671c22459c8ec0a3ce1b09ccf0ee": ["6", "org.passwordmaker.android.PasswordMakerProForAndroidActivity"]}, {"b6db671c22459c8ec0a3ce1b09ccf0ee": ["6", "org.passwordmaker.android.PasswordMakerProForAndroidActivity"]}, {"b6db671c22459c8ec0a3ce1b09ccf0ee": ["6", "org.passwordmaker.android.PasswordMakerProForAndroidActivity"]}, {"b6db671c22459c8ec0a3ce1b09ccf0ee": ["6", "org.passwordmaker.android.PasswordMakerProForAndroidActivity"]}, {"b6db671c22459c8ec0a3ce1b09ccf0ee": ["6", "org.passwordmaker.android.PasswordMakerProForAndroidActivity"]}, {"b6db671c22459c8ec0a3ce1b09ccf0ee": ["6", "org.passwordmaker.android.PasswordMakerProForAndroidActivity"]}, {"b6db671c22459c8ec0a3ce1b09ccf0ee": ["6", "org.passwordmaker.android.PasswordMakerProForAndroidActivity"]}, {"fe83aa5869338505d5beb82d5fe9c367": ["0", "org.passwordmaker.android.PasswordMakerProForAndroidActivity"]}, {"fe83aa5869338505d5beb82d5fe9c367": ["0", "org.passwordmaker.android.PasswordMakerProForAndroidActivity"]}, {"fe83aa5869338505d5beb82d5fe9c367": ["0", "org.passwordmaker.android.PasswordMakerProForAndroidActivity"]}, {"fe83aa5869338505d5beb82d5fe9c367": ["0", "org.passwordmaker.android.PasswordMakerProForAndroidActivity"]}, {"fe83aa5869338505d5beb82d5fe9c367": ["0", "org.passwordmaker.android.PasswordMakerProForAndroidActivity"]}, {"fe83aa5869338505d5beb82d5fe9c367": ["0", "org.passwordmaker.android.PasswordMakerProForAndroidActivity"]}, {"fe83aa5869338505d5beb82d5fe9c367": ["0", "org.passwordmaker.android.PasswordMakerProForAndroidActivity"]}]