[{"07609d509ff06f47867dfa45a79a0c99": ["0", "com.bwx.bequick.MainSettingsActivity"]}, {"07609d509ff06f47867dfa45a79a0c99": ["0", "com.bwx.bequick.MainSettingsActivity"]}, {"fbc106ffff5f211bbf4ccce94c077c3f": ["5", "com.bwx.bequick.MainSettingsActivity"]}, {"3c6eb5858ced50ffee7ae4c9474fbac0": ["13", "com.bwx.bequick.preferences.CommonPrefs"]}, {"90475cb76bf66d3cd7564bf05eed07c5": ["31", "com.bwx.bequick.preferences.CommonPrefs"]}, {"d77fecbe20eb3485bd6e67dffe76d8e6": ["14", "com.bwx.bequick.preferences.CommonPrefs"]}, {"5c0e7fa89e68e4e668784c048a63a3c7": ["45", "com.bwx.bequick.preferences.CommonPrefs"]}, {"d77fecbe20eb3485bd6e67dffe76d8e6": ["14", "com.bwx.bequick.preferences.CommonPrefs"]}, {"5c0e7fa89e68e4e668784c048a63a3c7": ["45", "com.bwx.bequick.preferences.CommonPrefs"]}, {"84cf821a14db9f22040fe19b5a48b804": ["17", "com.bwx.bequick.preferences.CommonPrefs"]}, {"84cf821a14db9f22040fe19b5a48b804": ["17", "com.bwx.bequick.preferences.CommonPrefs"]}, {"84cf821a14db9f22040fe19b5a48b804": ["17", "com.bwx.bequick.preferences.CommonPrefs"]}, {"84cf821a14db9f22040fe19b5a48b804": ["17", "com.bwx.bequick.preferences.CommonPrefs"]}, {"84cf821a14db9f22040fe19b5a48b804": ["17", "com.bwx.bequick.preferences.CommonPrefs"]}, {"d77fecbe20eb3485bd6e67dffe76d8e6": ["14", "com.bwx.bequick.preferences.CommonPrefs"]}, {"84cf821a14db9f22040fe19b5a48b804": ["17", "com.bwx.bequick.preferences.CommonPrefs"]}, {"7184d3b2afb594a20423daec494a4599": ["19", "com.bwx.bequick.preferences.CommonPrefs"]}, {"3c6eb5858ced50ffee7ae4c9474fbac0": ["13", "com.bwx.bequick.preferences.CommonPrefs"]}, {"3c6eb5858ced50ffee7ae4c9474fbac0": ["13", "com.bwx.bequick.preferences.CommonPrefs"]}, {"3c6eb5858ced50ffee7ae4c9474fbac0": ["13", "com.bwx.bequick.preferences.CommonPrefs"]}, {"1596c2fe1a572f8789fbf50d7aa4db83": ["46", "com.bwx.bequick.MainSettingsActivity"]}, {"1596c2fe1a572f8789fbf50d7aa4db83": ["46", "com.bwx.bequick.MainSettingsActivity"]}, {"c892c91443d3dab28faf06c449c87b76": ["47", "com.bwx.bequick.MainSettingsActivity"]}, {"c892c91443d3dab28faf06c449c87b76": ["47", "com.bwx.bequick.MainSettingsActivity"]}, {"c892c91443d3dab28faf06c449c87b76": ["47", "com.bwx.bequick.MainSettingsActivity"]}, {"c892c91443d3dab28faf06c449c87b76": ["47", "com.bwx.bequick.MainSettingsActivity"]}, {"c892c91443d3dab28faf06c449c87b76": ["47", "com.bwx.bequick.MainSettingsActivity"]}, {"c892c91443d3dab28faf06c449c87b76": ["47", "com.bwx.bequick.MainSettingsActivity"]}, {"c892c91443d3dab28faf06c449c87b76": ["47", "com.bwx.bequick.MainSettingsActivity"]}, {"c892c91443d3dab28faf06c449c87b76": ["47", "com.bwx.bequick.MainSettingsActivity"]}, {"c892c91443d3dab28faf06c449c87b76": ["47", "com.bwx.bequick.MainSettingsActivity"]}, {"c892c91443d3dab28faf06c449c87b76": ["47", "com.bwx.bequick.MainSettingsActivity"]}, {"c892c91443d3dab28faf06c449c87b76": ["47", "com.bwx.bequick.MainSettingsActivity"]}, {"c892c91443d3dab28faf06c449c87b76": ["47", "com.bwx.bequick.MainSettingsActivity"]}, {"c892c91443d3dab28faf06c449c87b76": ["47", "com.bwx.bequick.MainSettingsActivity"]}, {"c892c91443d3dab28faf06c449c87b76": ["47", "com.bwx.bequick.MainSettingsActivity"]}, {"c892c91443d3dab28faf06c449c87b76": ["47", "com.bwx.bequick.MainSettingsActivity"]}, {"c892c91443d3dab28faf06c449c87b76": ["47", "com.bwx.bequick.MainSettingsActivity"]}, {"c892c91443d3dab28faf06c449c87b76": ["47", "com.bwx.bequick.MainSettingsActivity"]}, {"c892c91443d3dab28faf06c449c87b76": ["47", "com.bwx.bequick.MainSettingsActivity"]}, {"c892c91443d3dab28faf06c449c87b76": ["47", "com.bwx.bequick.MainSettingsActivity"]}, {"c892c91443d3dab28faf06c449c87b76": ["47", "com.bwx.bequick.MainSettingsActivity"]}, {"5fb49dc1b0eba085759e344c010c1494": ["10", "com.bwx.bequick.LayoutSettingsActivity"]}, {"5fb49dc1b0eba085759e344c010c1494": ["10", "com.bwx.bequick.LayoutSettingsActivity"]}, {"e2c60450f9f1a81bfc9c2bd7e09a64dd": ["9", "com.bwx.bequick.LayoutSettingsActivity"]}, {"e2c60450f9f1a81bfc9c2bd7e09a64dd": ["9", "com.bwx.bequick.LayoutSettingsActivity"]}, {"e2c60450f9f1a81bfc9c2bd7e09a64dd": ["9", "com.bwx.bequick.LayoutSettingsActivity"]}, {"e2c60450f9f1a81bfc9c2bd7e09a64dd": ["9", "com.bwx.bequick.LayoutSettingsActivity"]}, {"e2c60450f9f1a81bfc9c2bd7e09a64dd": ["9", "com.bwx.bequick.LayoutSettingsActivity"]}, {"2ea16d95b1ca8714a0a630c02db123ca": ["21", "com.bwx.bequick.LayoutSettingsActivity"]}, {"2ea16d95b1ca8714a0a630c02db123ca": ["21", "com.bwx.bequick.LayoutSettingsActivity"]}, {"2ea16d95b1ca8714a0a630c02db123ca": ["21", "com.bwx.bequick.LayoutSettingsActivity"]}, {"2ea16d95b1ca8714a0a630c02db123ca": ["21", "com.bwx.bequick.LayoutSettingsActivity"]}, {"e2c60450f9f1a81bfc9c2bd7e09a64dd": ["9", "com.bwx.bequick.LayoutSettingsActivity"]}, {"e2c60450f9f1a81bfc9c2bd7e09a64dd": ["9", "com.bwx.bequick.LayoutSettingsActivity"]}, {"e2c60450f9f1a81bfc9c2bd7e09a64dd": ["9", "com.bwx.bequick.LayoutSettingsActivity"]}, {"e2c60450f9f1a81bfc9c2bd7e09a64dd": ["9", "com.bwx.bequick.LayoutSettingsActivity"]}, {"e2c60450f9f1a81bfc9c2bd7e09a64dd": ["9", "com.bwx.bequick.LayoutSettingsActivity"]}, {"1596c2fe1a572f8789fbf50d7aa4db83": ["46", "com.bwx.bequick.MainSettingsActivity"]}, {"1596c2fe1a572f8789fbf50d7aa4db83": ["46", "com.bwx.bequick.MainSettingsActivity"]}, {"1596c2fe1a572f8789fbf50d7aa4db83": ["46", "com.bwx.bequick.MainSettingsActivity"]}, {"1596c2fe1a572f8789fbf50d7aa4db83": ["46", "com.bwx.bequick.MainSettingsActivity"]}, {"fbc106ffff5f211bbf4ccce94c077c3f": ["5", "com.bwx.bequick.MainSettingsActivity"]}, {"1596c2fe1a572f8789fbf50d7aa4db83": ["46", "com.bwx.bequick.MainSettingsActivity"]}, {"fbc106ffff5f211bbf4ccce94c077c3f": ["5", "com.bwx.bequick.MainSettingsActivity"]}, {"1596c2fe1a572f8789fbf50d7aa4db83": ["46", "com.bwx.bequick.MainSettingsActivity"]}, {"1596c2fe1a572f8789fbf50d7aa4db83": ["46", "com.bwx.bequick.MainSettingsActivity"]}, {"fbc106ffff5f211bbf4ccce94c077c3f": ["5", "com.bwx.bequick.MainSettingsActivity"]}, {"1596c2fe1a572f8789fbf50d7aa4db83": ["46", "com.bwx.bequick.MainSettingsActivity"]}, {"fbc106ffff5f211bbf4ccce94c077c3f": ["5", "com.bwx.bequick.MainSettingsActivity"]}, {"1596c2fe1a572f8789fbf50d7aa4db83": ["46", "com.bwx.bequick.MainSettingsActivity"]}, {"1596c2fe1a572f8789fbf50d7aa4db83": ["46", "com.bwx.bequick.MainSettingsActivity"]}, {"c892c91443d3dab28faf06c449c87b76": ["47", "com.bwx.bequick.MainSettingsActivity"]}, {"c892c91443d3dab28faf06c449c87b76": ["47", "com.bwx.bequick.MainSettingsActivity"]}, {"c892c91443d3dab28faf06c449c87b76": ["47", "com.bwx.bequick.MainSettingsActivity"]}, {"e2c60450f9f1a81bfc9c2bd7e09a64dd": ["9", "com.bwx.bequick.LayoutSettingsActivity"]}, {"5fb49dc1b0eba085759e344c010c1494": ["10", "com.bwx.bequick.LayoutSettingsActivity"]}, {"5fb49dc1b0eba085759e344c010c1494": ["10", "com.bwx.bequick.LayoutSettingsActivity"]}, {"96866bc5ff388952a5fe9f82ef3f5602": ["26", "com.bwx.bequick.LayoutSettingsActivity"]}, {"96866bc5ff388952a5fe9f82ef3f5602": ["26", "com.bwx.bequick.LayoutSettingsActivity"]}, {"96866bc5ff388952a5fe9f82ef3f5602": ["26", "com.bwx.bequick.LayoutSettingsActivity"]}, {"96866bc5ff388952a5fe9f82ef3f5602": ["26", "com.bwx.bequick.LayoutSettingsActivity"]}, {"96866bc5ff388952a5fe9f82ef3f5602": ["26", "com.bwx.bequick.LayoutSettingsActivity"]}, {"2ea16d95b1ca8714a0a630c02db123ca": ["21", "com.bwx.bequick.LayoutSettingsActivity"]}, {"377b51a0a9ab4780bf2cfc07815c5a10": ["48", "com.bwx.bequick.LayoutSettingsActivity"]}, {"377b51a0a9ab4780bf2cfc07815c5a10": ["48", "com.bwx.bequick.LayoutSettingsActivity"]}, {"e2c60450f9f1a81bfc9c2bd7e09a64dd": ["9", "com.bwx.bequick.LayoutSettingsActivity"]}, {"e2c60450f9f1a81bfc9c2bd7e09a64dd": ["9", "com.bwx.bequick.LayoutSettingsActivity"]}, {"e2c60450f9f1a81bfc9c2bd7e09a64dd": ["9", "com.bwx.bequick.LayoutSettingsActivity"]}, {"377b51a0a9ab4780bf2cfc07815c5a10": ["48", "com.bwx.bequick.LayoutSettingsActivity"]}, {"377b51a0a9ab4780bf2cfc07815c5a10": ["48", "com.bwx.bequick.LayoutSettingsActivity"]}, {"7821844952417d2382135e912c94d163": ["49", "com.bwx.bequick.LayoutSettingsActivity"]}, {"7821844952417d2382135e912c94d163": ["49", "com.bwx.bequick.LayoutSettingsActivity"]}, {"ca01c161ba1647686e8c63a8685cbe53": ["23", "com.bwx.bequick.LayoutSettingsActivity"]}, {"c892c91443d3dab28faf06c449c87b76": ["47", "com.bwx.bequick.MainSettingsActivity"]}, {"c892c91443d3dab28faf06c449c87b76": ["47", "com.bwx.bequick.MainSettingsActivity"]}, {"c892c91443d3dab28faf06c449c87b76": ["47", "com.bwx.bequick.MainSettingsActivity"]}, {"c892c91443d3dab28faf06c449c87b76": ["47", "com.bwx.bequick.MainSettingsActivity"]}, {"7821844952417d2382135e912c94d163": ["49", "com.bwx.bequick.LayoutSettingsActivity"]}, {"7821844952417d2382135e912c94d163": ["49", "com.bwx.bequick.LayoutSettingsActivity"]}, {"377b51a0a9ab4780bf2cfc07815c5a10": ["48", "com.bwx.bequick.LayoutSettingsActivity"]}, {"377b51a0a9ab4780bf2cfc07815c5a10": ["48", "com.bwx.bequick.LayoutSettingsActivity"]}, {"7821844952417d2382135e912c94d163": ["49", "com.bwx.bequick.LayoutSettingsActivity"]}, {"70355228f2a9d4e99e2e6ea36549d041": ["28", "com.bwx.bequick.LayoutSettingsActivity"]}, {"7821844952417d2382135e912c94d163": ["49", "com.bwx.bequick.LayoutSettingsActivity"]}, {"96866bc5ff388952a5fe9f82ef3f5602": ["26", "com.bwx.bequick.LayoutSettingsActivity"]}, {"96866bc5ff388952a5fe9f82ef3f5602": ["26", "com.bwx.bequick.LayoutSettingsActivity"]}, {"96866bc5ff388952a5fe9f82ef3f5602": ["26", "com.bwx.bequick.LayoutSettingsActivity"]}, {"96866bc5ff388952a5fe9f82ef3f5602": ["26", "com.bwx.bequick.LayoutSettingsActivity"]}, {"96866bc5ff388952a5fe9f82ef3f5602": ["26", "com.bwx.bequick.LayoutSettingsActivity"]}, {"e2c60450f9f1a81bfc9c2bd7e09a64dd": ["9", "com.bwx.bequick.LayoutSettingsActivity"]}, {"e2c60450f9f1a81bfc9c2bd7e09a64dd": ["9", "com.bwx.bequick.LayoutSettingsActivity"]}, {"e2c60450f9f1a81bfc9c2bd7e09a64dd": ["9", "com.bwx.bequick.LayoutSettingsActivity"]}, {"e2c60450f9f1a81bfc9c2bd7e09a64dd": ["9", "com.bwx.bequick.LayoutSettingsActivity"]}, {"e2c60450f9f1a81bfc9c2bd7e09a64dd": ["9", "com.bwx.bequick.LayoutSettingsActivity"]}, {"e2c60450f9f1a81bfc9c2bd7e09a64dd": ["9", "com.bwx.bequick.LayoutSettingsActivity"]}, {"e2c60450f9f1a81bfc9c2bd7e09a64dd": ["9", "com.bwx.bequick.LayoutSettingsActivity"]}, {"1596c2fe1a572f8789fbf50d7aa4db83": ["46", "com.bwx.bequick.MainSettingsActivity"]}, {"1596c2fe1a572f8789fbf50d7aa4db83": ["46", "com.bwx.bequick.MainSettingsActivity"]}, {"fbc106ffff5f211bbf4ccce94c077c3f": ["5", "com.bwx.bequick.MainSettingsActivity"]}, {"1596c2fe1a572f8789fbf50d7aa4db83": ["46", "com.bwx.bequick.MainSettingsActivity"]}, {"1596c2fe1a572f8789fbf50d7aa4db83": ["46", "com.bwx.bequick.MainSettingsActivity"]}, {"1596c2fe1a572f8789fbf50d7aa4db83": ["46", "com.bwx.bequick.MainSettingsActivity"]}, {"fbc106ffff5f211bbf4ccce94c077c3f": ["5", "com.bwx.bequick.MainSettingsActivity"]}, {"1596c2fe1a572f8789fbf50d7aa4db83": ["46", "com.bwx.bequick.MainSettingsActivity"]}, {"1596c2fe1a572f8789fbf50d7aa4db83": ["46", "com.bwx.bequick.MainSettingsActivity"]}, {"1596c2fe1a572f8789fbf50d7aa4db83": ["46", "com.bwx.bequick.MainSettingsActivity"]}, {"1596c2fe1a572f8789fbf50d7aa4db83": ["46", "com.bwx.bequick.MainSettingsActivity"]}, {"1596c2fe1a572f8789fbf50d7aa4db83": ["46", "com.bwx.bequick.MainSettingsActivity"]}, {"1596c2fe1a572f8789fbf50d7aa4db83": ["46", "com.bwx.bequick.MainSettingsActivity"]}, {"1596c2fe1a572f8789fbf50d7aa4db83": ["46", "com.bwx.bequick.MainSettingsActivity"]}, {"1596c2fe1a572f8789fbf50d7aa4db83": ["46", "com.bwx.bequick.MainSettingsActivity"]}, {"1596c2fe1a572f8789fbf50d7aa4db83": ["46", "com.bwx.bequick.MainSettingsActivity"]}, {"1596c2fe1a572f8789fbf50d7aa4db83": ["46", "com.bwx.bequick.MainSettingsActivity"]}, {"1596c2fe1a572f8789fbf50d7aa4db83": ["46", "com.bwx.bequick.MainSettingsActivity"]}, {"1596c2fe1a572f8789fbf50d7aa4db83": ["46", "com.bwx.bequick.MainSettingsActivity"]}, {"1596c2fe1a572f8789fbf50d7aa4db83": ["46", "com.bwx.bequick.MainSettingsActivity"]}, {"1596c2fe1a572f8789fbf50d7aa4db83": ["46", "com.bwx.bequick.MainSettingsActivity"]}, {"1596c2fe1a572f8789fbf50d7aa4db83": ["46", "com.bwx.bequick.MainSettingsActivity"]}, {"1596c2fe1a572f8789fbf50d7aa4db83": ["46", "com.bwx.bequick.MainSettingsActivity"]}, {"1596c2fe1a572f8789fbf50d7aa4db83": ["46", "com.bwx.bequick.MainSettingsActivity"]}, {"1596c2fe1a572f8789fbf50d7aa4db83": ["46", "com.bwx.bequick.MainSettingsActivity"]}, {"1596c2fe1a572f8789fbf50d7aa4db83": ["46", "com.bwx.bequick.MainSettingsActivity"]}, {"1596c2fe1a572f8789fbf50d7aa4db83": ["46", "com.bwx.bequick.MainSettingsActivity"]}, {"1596c2fe1a572f8789fbf50d7aa4db83": ["46", "com.bwx.bequick.MainSettingsActivity"]}, {"1596c2fe1a572f8789fbf50d7aa4db83": ["46", "com.bwx.bequick.MainSettingsActivity"]}, {"1596c2fe1a572f8789fbf50d7aa4db83": ["46", "com.bwx.bequick.MainSettingsActivity"]}, {"1596c2fe1a572f8789fbf50d7aa4db83": ["46", "com.bwx.bequick.MainSettingsActivity"]}, {"1596c2fe1a572f8789fbf50d7aa4db83": ["46", "com.bwx.bequick.MainSettingsActivity"]}, {"1596c2fe1a572f8789fbf50d7aa4db83": ["46", "com.bwx.bequick.MainSettingsActivity"]}, {"e2c60450f9f1a81bfc9c2bd7e09a64dd": ["9", "com.bwx.bequick.LayoutSettingsActivity"]}, {"e2c60450f9f1a81bfc9c2bd7e09a64dd": ["9", "com.bwx.bequick.LayoutSettingsActivity"]}, {"e2c60450f9f1a81bfc9c2bd7e09a64dd": ["9", "com.bwx.bequick.LayoutSettingsActivity"]}, {"1596c2fe1a572f8789fbf50d7aa4db83": ["46", "com.bwx.bequick.MainSettingsActivity"]}, {"1596c2fe1a572f8789fbf50d7aa4db83": ["46", "com.bwx.bequick.MainSettingsActivity"]}, {"1596c2fe1a572f8789fbf50d7aa4db83": ["46", "com.bwx.bequick.MainSettingsActivity"]}, {"e2c60450f9f1a81bfc9c2bd7e09a64dd": ["9", "com.bwx.bequick.LayoutSettingsActivity"]}, {"e2c60450f9f1a81bfc9c2bd7e09a64dd": ["9", "com.bwx.bequick.LayoutSettingsActivity"]}, {"5fb49dc1b0eba085759e344c010c1494": ["10", "com.bwx.bequick.LayoutSettingsActivity"]}, {"5fb49dc1b0eba085759e344c010c1494": ["10", "com.bwx.bequick.LayoutSettingsActivity"]}, {"5fb49dc1b0eba085759e344c010c1494": ["10", "com.bwx.bequick.LayoutSettingsActivity"]}, {"5fb49dc1b0eba085759e344c010c1494": ["10", "com.bwx.bequick.LayoutSettingsActivity"]}, {"5fb49dc1b0eba085759e344c010c1494": ["10", "com.bwx.bequick.LayoutSettingsActivity"]}, {"5fb49dc1b0eba085759e344c010c1494": ["10", "com.bwx.bequick.LayoutSettingsActivity"]}, {"5fb49dc1b0eba085759e344c010c1494": ["10", "com.bwx.bequick.LayoutSettingsActivity"]}, {"5fb49dc1b0eba085759e344c010c1494": ["10", "com.bwx.bequick.LayoutSettingsActivity"]}, {"5fb49dc1b0eba085759e344c010c1494": ["10", "com.bwx.bequick.LayoutSettingsActivity"]}, {"5fb49dc1b0eba085759e344c010c1494": ["10", "com.bwx.bequick.LayoutSettingsActivity"]}, {"5fb49dc1b0eba085759e344c010c1494": ["10", "com.bwx.bequick.LayoutSettingsActivity"]}, {"5fb49dc1b0eba085759e344c010c1494": ["10", "com.bwx.bequick.LayoutSettingsActivity"]}, {"5fb49dc1b0eba085759e344c010c1494": ["10", "com.bwx.bequick.LayoutSettingsActivity"]}, {"ca01c161ba1647686e8c63a8685cbe53": ["23", "com.bwx.bequick.LayoutSettingsActivity"]}, {"96866bc5ff388952a5fe9f82ef3f5602": ["26", "com.bwx.bequick.LayoutSettingsActivity"]}, {"96866bc5ff388952a5fe9f82ef3f5602": ["26", "com.bwx.bequick.LayoutSettingsActivity"]}, {"5fb49dc1b0eba085759e344c010c1494": ["10", "com.bwx.bequick.LayoutSettingsActivity"]}, {"5fb49dc1b0eba085759e344c010c1494": ["10", "com.bwx.bequick.LayoutSettingsActivity"]}, {"2ea16d95b1ca8714a0a630c02db123ca": ["21", "com.bwx.bequick.LayoutSettingsActivity"]}, {"ca01c161ba1647686e8c63a8685cbe53": ["23", "com.bwx.bequick.LayoutSettingsActivity"]}, {"ca01c161ba1647686e8c63a8685cbe53": ["23", "com.bwx.bequick.LayoutSettingsActivity"]}, {"5fb49dc1b0eba085759e344c010c1494": ["10", "com.bwx.bequick.LayoutSettingsActivity"]}, {"5fb49dc1b0eba085759e344c010c1494": ["10", "com.bwx.bequick.LayoutSettingsActivity"]}, {"5fb49dc1b0eba085759e344c010c1494": ["10", "com.bwx.bequick.LayoutSettingsActivity"]}, {"5fb49dc1b0eba085759e344c010c1494": ["10", "com.bwx.bequick.LayoutSettingsActivity"]}, {"5fb49dc1b0eba085759e344c010c1494": ["10", "com.bwx.bequick.LayoutSettingsActivity"]}, {"5fb49dc1b0eba085759e344c010c1494": ["10", "com.bwx.bequick.LayoutSettingsActivity"]}, {"1596c2fe1a572f8789fbf50d7aa4db83": ["46", "com.bwx.bequick.MainSettingsActivity"]}, {"1596c2fe1a572f8789fbf50d7aa4db83": ["46", "com.bwx.bequick.MainSettingsActivity"]}, {"1596c2fe1a572f8789fbf50d7aa4db83": ["46", "com.bwx.bequick.MainSettingsActivity"]}, {"1596c2fe1a572f8789fbf50d7aa4db83": ["46", "com.bwx.bequick.MainSettingsActivity"]}, {"1596c2fe1a572f8789fbf50d7aa4db83": ["46", "com.bwx.bequick.MainSettingsActivity"]}, {"1596c2fe1a572f8789fbf50d7aa4db83": ["46", "com.bwx.bequick.MainSettingsActivity"]}, {"e2c60450f9f1a81bfc9c2bd7e09a64dd": ["9", "com.bwx.bequick.LayoutSettingsActivity"]}, {"1596c2fe1a572f8789fbf50d7aa4db83": ["46", "com.bwx.bequick.MainSettingsActivity"]}, {"1596c2fe1a572f8789fbf50d7aa4db83": ["46", "com.bwx.bequick.MainSettingsActivity"]}, {"1596c2fe1a572f8789fbf50d7aa4db83": ["46", "com.bwx.bequick.MainSettingsActivity"]}, {"1596c2fe1a572f8789fbf50d7aa4db83": ["46", "com.bwx.bequick.MainSettingsActivity"]}, {"1596c2fe1a572f8789fbf50d7aa4db83": ["46", "com.bwx.bequick.MainSettingsActivity"]}, {"1596c2fe1a572f8789fbf50d7aa4db83": ["46", "com.bwx.bequick.MainSettingsActivity"]}, {"1596c2fe1a572f8789fbf50d7aa4db83": ["46", "com.bwx.bequick.MainSettingsActivity"]}, {"1596c2fe1a572f8789fbf50d7aa4db83": ["46", "com.bwx.bequick.MainSettingsActivity"]}, {"1596c2fe1a572f8789fbf50d7aa4db83": ["46", "com.bwx.bequick.MainSettingsActivity"]}, {"1596c2fe1a572f8789fbf50d7aa4db83": ["46", "com.bwx.bequick.MainSettingsActivity"]}, {"1596c2fe1a572f8789fbf50d7aa4db83": ["46", "com.bwx.bequick.MainSettingsActivity"]}, {"1596c2fe1a572f8789fbf50d7aa4db83": ["46", "com.bwx.bequick.MainSettingsActivity"]}, {"1596c2fe1a572f8789fbf50d7aa4db83": ["46", "com.bwx.bequick.MainSettingsActivity"]}, {"1596c2fe1a572f8789fbf50d7aa4db83": ["46", "com.bwx.bequick.MainSettingsActivity"]}, {"1596c2fe1a572f8789fbf50d7aa4db83": ["46", "com.bwx.bequick.MainSettingsActivity"]}, {"1596c2fe1a572f8789fbf50d7aa4db83": ["46", "com.bwx.bequick.MainSettingsActivity"]}, {"1596c2fe1a572f8789fbf50d7aa4db83": ["46", "com.bwx.bequick.MainSettingsActivity"]}, {"1596c2fe1a572f8789fbf50d7aa4db83": ["46", "com.bwx.bequick.MainSettingsActivity"]}, {"1596c2fe1a572f8789fbf50d7aa4db83": ["46", "com.bwx.bequick.MainSettingsActivity"]}, {"1596c2fe1a572f8789fbf50d7aa4db83": ["46", "com.bwx.bequick.MainSettingsActivity"]}, {"1596c2fe1a572f8789fbf50d7aa4db83": ["46", "com.bwx.bequick.MainSettingsActivity"]}, {"1596c2fe1a572f8789fbf50d7aa4db83": ["46", "com.bwx.bequick.MainSettingsActivity"]}, {"e2c60450f9f1a81bfc9c2bd7e09a64dd": ["9", "com.bwx.bequick.LayoutSettingsActivity"]}, {"e2c60450f9f1a81bfc9c2bd7e09a64dd": ["9", "com.bwx.bequick.LayoutSettingsActivity"]}, {"5fb49dc1b0eba085759e344c010c1494": ["10", "com.bwx.bequick.LayoutSettingsActivity"]}, {"5fb49dc1b0eba085759e344c010c1494": ["10", "com.bwx.bequick.LayoutSettingsActivity"]}, {"5fb49dc1b0eba085759e344c010c1494": ["10", "com.bwx.bequick.LayoutSettingsActivity"]}, {"5fb49dc1b0eba085759e344c010c1494": ["10", "com.bwx.bequick.LayoutSettingsActivity"]}, {"5fb49dc1b0eba085759e344c010c1494": ["10", "com.bwx.bequick.LayoutSettingsActivity"]}, {"5fb49dc1b0eba085759e344c010c1494": ["10", "com.bwx.bequick.LayoutSettingsActivity"]}, {"5fb49dc1b0eba085759e344c010c1494": ["10", "com.bwx.bequick.LayoutSettingsActivity"]}, {"5fb49dc1b0eba085759e344c010c1494": ["10", "com.bwx.bequick.LayoutSettingsActivity"]}, {"5fb49dc1b0eba085759e344c010c1494": ["10", "com.bwx.bequick.LayoutSettingsActivity"]}, {"5fb49dc1b0eba085759e344c010c1494": ["10", "com.bwx.bequick.LayoutSettingsActivity"]}, {"5fb49dc1b0eba085759e344c010c1494": ["10", "com.bwx.bequick.LayoutSettingsActivity"]}, {"ca01c161ba1647686e8c63a8685cbe53": ["23", "com.bwx.bequick.LayoutSettingsActivity"]}, {"96866bc5ff388952a5fe9f82ef3f5602": ["26", "com.bwx.bequick.LayoutSettingsActivity"]}, {"96866bc5ff388952a5fe9f82ef3f5602": ["26", "com.bwx.bequick.LayoutSettingsActivity"]}, {"96866bc5ff388952a5fe9f82ef3f5602": ["26", "com.bwx.bequick.LayoutSettingsActivity"]}, {"96866bc5ff388952a5fe9f82ef3f5602": ["26", "com.bwx.bequick.LayoutSettingsActivity"]}, {"96866bc5ff388952a5fe9f82ef3f5602": ["26", "com.bwx.bequick.LayoutSettingsActivity"]}, {"e2c60450f9f1a81bfc9c2bd7e09a64dd": ["9", "com.bwx.bequick.LayoutSettingsActivity"]}, {"7821844952417d2382135e912c94d163": ["49", "com.bwx.bequick.LayoutSettingsActivity"]}, {"e2c60450f9f1a81bfc9c2bd7e09a64dd": ["9", "com.bwx.bequick.LayoutSettingsActivity"]}, {"e2c60450f9f1a81bfc9c2bd7e09a64dd": ["9", "com.bwx.bequick.LayoutSettingsActivity"]}, {"e2c60450f9f1a81bfc9c2bd7e09a64dd": ["9", "com.bwx.bequick.LayoutSettingsActivity"]}, {"377b51a0a9ab4780bf2cfc07815c5a10": ["48", "com.bwx.bequick.LayoutSettingsActivity"]}, {"377b51a0a9ab4780bf2cfc07815c5a10": ["48", "com.bwx.bequick.LayoutSettingsActivity"]}, {"e2c60450f9f1a81bfc9c2bd7e09a64dd": ["9", "com.bwx.bequick.LayoutSettingsActivity"]}, {"377b51a0a9ab4780bf2cfc07815c5a10": ["48", "com.bwx.bequick.LayoutSettingsActivity"]}, {"7821844952417d2382135e912c94d163": ["49", "com.bwx.bequick.LayoutSettingsActivity"]}, {"7821844952417d2382135e912c94d163": ["49", "com.bwx.bequick.LayoutSettingsActivity"]}, {"ab8dd857dc768f7fc946df586331c614": ["50", "com.bwx.bequick.LayoutSettingsActivity"]}, {"ab8dd857dc768f7fc946df586331c614": ["50", "com.bwx.bequick.LayoutSettingsActivity"]}, {"ab8dd857dc768f7fc946df586331c614": ["50", "com.bwx.bequick.LayoutSettingsActivity"]}, {"ca01c161ba1647686e8c63a8685cbe53": ["23", "com.bwx.bequick.LayoutSettingsActivity"]}, {"ca01c161ba1647686e8c63a8685cbe53": ["23", "com.bwx.bequick.LayoutSettingsActivity"]}, {"ca01c161ba1647686e8c63a8685cbe53": ["23", "com.bwx.bequick.LayoutSettingsActivity"]}, {"ca01c161ba1647686e8c63a8685cbe53": ["23", "com.bwx.bequick.LayoutSettingsActivity"]}, {"ca01c161ba1647686e8c63a8685cbe53": ["23", "com.bwx.bequick.LayoutSettingsActivity"]}, {"ca01c161ba1647686e8c63a8685cbe53": ["23", "com.bwx.bequick.LayoutSettingsActivity"]}, {"ca01c161ba1647686e8c63a8685cbe53": ["23", "com.bwx.bequick.LayoutSettingsActivity"]}, {"ca01c161ba1647686e8c63a8685cbe53": ["23", "com.bwx.bequick.LayoutSettingsActivity"]}, {"e2c60450f9f1a81bfc9c2bd7e09a64dd": ["9", "com.bwx.bequick.LayoutSettingsActivity"]}, {"2ea16d95b1ca8714a0a630c02db123ca": ["21", "com.bwx.bequick.LayoutSettingsActivity"]}, {"2ea16d95b1ca8714a0a630c02db123ca": ["21", "com.bwx.bequick.LayoutSettingsActivity"]}, {"2ea16d95b1ca8714a0a630c02db123ca": ["21", "com.bwx.bequick.LayoutSettingsActivity"]}, {"2ea16d95b1ca8714a0a630c02db123ca": ["21", "com.bwx.bequick.LayoutSettingsActivity"]}, {"1596c2fe1a572f8789fbf50d7aa4db83": ["46", "com.bwx.bequick.MainSettingsActivity"]}, {"1596c2fe1a572f8789fbf50d7aa4db83": ["46", "com.bwx.bequick.MainSettingsActivity"]}, {"1596c2fe1a572f8789fbf50d7aa4db83": ["46", "com.bwx.bequick.MainSettingsActivity"]}, {"1596c2fe1a572f8789fbf50d7aa4db83": ["46", "com.bwx.bequick.MainSettingsActivity"]}, {"1596c2fe1a572f8789fbf50d7aa4db83": ["46", "com.bwx.bequick.MainSettingsActivity"]}, {"1596c2fe1a572f8789fbf50d7aa4db83": ["46", "com.bwx.bequick.MainSettingsActivity"]}, {"1596c2fe1a572f8789fbf50d7aa4db83": ["46", "com.bwx.bequick.MainSettingsActivity"]}, {"1596c2fe1a572f8789fbf50d7aa4db83": ["46", "com.bwx.bequick.MainSettingsActivity"]}, {"1596c2fe1a572f8789fbf50d7aa4db83": ["46", "com.bwx.bequick.MainSettingsActivity"]}, {"1596c2fe1a572f8789fbf50d7aa4db83": ["46", "com.bwx.bequick.MainSettingsActivity"]}, {"96866bc5ff388952a5fe9f82ef3f5602": ["26", "com.bwx.bequick.LayoutSettingsActivity"]}, {"96866bc5ff388952a5fe9f82ef3f5602": ["26", "com.bwx.bequick.LayoutSettingsActivity"]}, {"ab8dd857dc768f7fc946df586331c614": ["50", "com.bwx.bequick.LayoutSettingsActivity"]}, {"e2e224ac24b5134c965300d04f83e26c": ["6", "com.bwx.bequick.preferences.GpsPrefs"]}, {"e2e224ac24b5134c965300d04f83e26c": ["6", "com.bwx.bequick.preferences.GpsPrefs"]}, {"e2e224ac24b5134c965300d04f83e26c": ["6", "com.bwx.bequick.preferences.GpsPrefs"]}, {"e2e224ac24b5134c965300d04f83e26c": ["6", "com.bwx.bequick.preferences.GpsPrefs"]}, {"e2e224ac24b5134c965300d04f83e26c": ["6", "com.bwx.bequick.preferences.GpsPrefs"]}, {"e2e224ac24b5134c965300d04f83e26c": ["6", "com.bwx.bequick.preferences.GpsPrefs"]}, {"e2e224ac24b5134c965300d04f83e26c": ["6", "com.bwx.bequick.preferences.GpsPrefs"]}, {"e2e224ac24b5134c965300d04f83e26c": ["6", "com.bwx.bequick.preferences.GpsPrefs"]}, {"e2e224ac24b5134c965300d04f83e26c": ["6", "com.bwx.bequick.preferences.GpsPrefs"]}, {"e2e224ac24b5134c965300d04f83e26c": ["6", "com.bwx.bequick.preferences.GpsPrefs"]}, {"e2e224ac24b5134c965300d04f83e26c": ["6", "com.bwx.bequick.preferences.GpsPrefs"]}, {"e2e224ac24b5134c965300d04f83e26c": ["6", "com.bwx.bequick.preferences.GpsPrefs"]}, {"e2e224ac24b5134c965300d04f83e26c": ["6", "com.bwx.bequick.preferences.GpsPrefs"]}, {"e2e224ac24b5134c965300d04f83e26c": ["6", "com.bwx.bequick.preferences.GpsPrefs"]}, {"e2e224ac24b5134c965300d04f83e26c": ["6", "com.bwx.bequick.preferences.GpsPrefs"]}, {"e2e224ac24b5134c965300d04f83e26c": ["6", "com.bwx.bequick.preferences.GpsPrefs"]}, {"e2e224ac24b5134c965300d04f83e26c": ["6", "com.bwx.bequick.preferences.GpsPrefs"]}, {"e2e224ac24b5134c965300d04f83e26c": ["6", "com.bwx.bequick.preferences.GpsPrefs"]}, {"e2e224ac24b5134c965300d04f83e26c": ["6", "com.bwx.bequick.preferences.GpsPrefs"]}, {"e2e224ac24b5134c965300d04f83e26c": ["6", "com.bwx.bequick.preferences.GpsPrefs"]}, {"e2e224ac24b5134c965300d04f83e26c": ["6", "com.bwx.bequick.preferences.GpsPrefs"]}, {"e2e224ac24b5134c965300d04f83e26c": ["6", "com.bwx.bequick.preferences.GpsPrefs"]}, {"e2e224ac24b5134c965300d04f83e26c": ["6", "com.bwx.bequick.preferences.GpsPrefs"]}, {"e2e224ac24b5134c965300d04f83e26c": ["6", "com.bwx.bequick.preferences.GpsPrefs"]}, {"e2e224ac24b5134c965300d04f83e26c": ["6", "com.bwx.bequick.preferences.GpsPrefs"]}, {"e2e224ac24b5134c965300d04f83e26c": ["6", "com.bwx.bequick.preferences.GpsPrefs"]}, {"e2e224ac24b5134c965300d04f83e26c": ["6", "com.bwx.bequick.preferences.GpsPrefs"]}, {"e2e224ac24b5134c965300d04f83e26c": ["6", "com.bwx.bequick.preferences.GpsPrefs"]}, {"e2e224ac24b5134c965300d04f83e26c": ["6", "com.bwx.bequick.preferences.GpsPrefs"]}, {"e2e224ac24b5134c965300d04f83e26c": ["6", "com.bwx.bequick.preferences.GpsPrefs"]}, {"e2e224ac24b5134c965300d04f83e26c": ["6", "com.bwx.bequick.preferences.GpsPrefs"]}, {"ab8dd857dc768f7fc946df586331c614": ["50", "com.bwx.bequick.LayoutSettingsActivity"]}, {"ab8dd857dc768f7fc946df586331c614": ["50", "com.bwx.bequick.LayoutSettingsActivity"]}, {"ab8dd857dc768f7fc946df586331c614": ["50", "com.bwx.bequick.LayoutSettingsActivity"]}, {"ab8dd857dc768f7fc946df586331c614": ["50", "com.bwx.bequick.LayoutSettingsActivity"]}, {"ab8dd857dc768f7fc946df586331c614": ["50", "com.bwx.bequick.LayoutSettingsActivity"]}, {"ab8dd857dc768f7fc946df586331c614": ["50", "com.bwx.bequick.LayoutSettingsActivity"]}, {"ab8dd857dc768f7fc946df586331c614": ["50", "com.bwx.bequick.LayoutSettingsActivity"]}, {"ab8dd857dc768f7fc946df586331c614": ["50", "com.bwx.bequick.LayoutSettingsActivity"]}, {"5fb49dc1b0eba085759e344c010c1494": ["10", "com.bwx.bequick.LayoutSettingsActivity"]}, {"5fb49dc1b0eba085759e344c010c1494": ["10", "com.bwx.bequick.LayoutSettingsActivity"]}, {"5fb49dc1b0eba085759e344c010c1494": ["10", "com.bwx.bequick.LayoutSettingsActivity"]}, {"5fb49dc1b0eba085759e344c010c1494": ["10", "com.bwx.bequick.LayoutSettingsActivity"]}, {"5fb49dc1b0eba085759e344c010c1494": ["10", "com.bwx.bequick.LayoutSettingsActivity"]}, {"6c3eb20196d0a9b7a73a2b88432eca81": ["7", "com.bwx.bequick.preferences.MobileDataPrefs"]}, {"6c3eb20196d0a9b7a73a2b88432eca81": ["7", "com.bwx.bequick.preferences.MobileDataPrefs"]}, {"6c3eb20196d0a9b7a73a2b88432eca81": ["7", "com.bwx.bequick.preferences.MobileDataPrefs"]}, {"6c3eb20196d0a9b7a73a2b88432eca81": ["7", "com.bwx.bequick.preferences.MobileDataPrefs"]}, {"6c3eb20196d0a9b7a73a2b88432eca81": ["7", "com.bwx.bequick.preferences.MobileDataPrefs"]}, {"6c3eb20196d0a9b7a73a2b88432eca81": ["7", "com.bwx.bequick.preferences.MobileDataPrefs"]}, {"6c3eb20196d0a9b7a73a2b88432eca81": ["7", "com.bwx.bequick.preferences.MobileDataPrefs"]}, {"5fb49dc1b0eba085759e344c010c1494": ["10", "com.bwx.bequick.LayoutSettingsActivity"]}, {"5fb49dc1b0eba085759e344c010c1494": ["10", "com.bwx.bequick.LayoutSettingsActivity"]}, {"5fb49dc1b0eba085759e344c010c1494": ["10", "com.bwx.bequick.LayoutSettingsActivity"]}, {"96866bc5ff388952a5fe9f82ef3f5602": ["26", "com.bwx.bequick.LayoutSettingsActivity"]}, {"96866bc5ff388952a5fe9f82ef3f5602": ["26", "com.bwx.bequick.LayoutSettingsActivity"]}, {"574e7154367bb96fcfdceae9b712aef8": ["51", "com.bwx.bequick.LayoutSettingsActivity"]}, {"377b51a0a9ab4780bf2cfc07815c5a10": ["48", "com.bwx.bequick.LayoutSettingsActivity"]}, {"377b51a0a9ab4780bf2cfc07815c5a10": ["48", "com.bwx.bequick.LayoutSettingsActivity"]}, {"5fb49dc1b0eba085759e344c010c1494": ["10", "com.bwx.bequick.LayoutSettingsActivity"]}, {"5fb49dc1b0eba085759e344c010c1494": ["10", "com.bwx.bequick.LayoutSettingsActivity"]}, {"e2c60450f9f1a81bfc9c2bd7e09a64dd": ["9", "com.bwx.bequick.LayoutSettingsActivity"]}, {"e2c60450f9f1a81bfc9c2bd7e09a64dd": ["9", "com.bwx.bequick.LayoutSettingsActivity"]}, {"1596c2fe1a572f8789fbf50d7aa4db83": ["46", "com.bwx.bequick.MainSettingsActivity"]}, {"1596c2fe1a572f8789fbf50d7aa4db83": ["46", "com.bwx.bequick.MainSettingsActivity"]}, {"e2c60450f9f1a81bfc9c2bd7e09a64dd": ["9", "com.bwx.bequick.LayoutSettingsActivity"]}, {"377b51a0a9ab4780bf2cfc07815c5a10": ["48", "com.bwx.bequick.LayoutSettingsActivity"]}, {"1596c2fe1a572f8789fbf50d7aa4db83": ["46", "com.bwx.bequick.MainSettingsActivity"]}, {"c892c91443d3dab28faf06c449c87b76": ["47", "com.bwx.bequick.MainSettingsActivity"]}, {"5fb49dc1b0eba085759e344c010c1494": ["10", "com.bwx.bequick.LayoutSettingsActivity"]}, {"5fb49dc1b0eba085759e344c010c1494": ["10", "com.bwx.bequick.LayoutSettingsActivity"]}, {"5fb49dc1b0eba085759e344c010c1494": ["10", "com.bwx.bequick.LayoutSettingsActivity"]}, {"70355228f2a9d4e99e2e6ea36549d041": ["28", "com.bwx.bequick.LayoutSettingsActivity"]}, {"e2c60450f9f1a81bfc9c2bd7e09a64dd": ["9", "com.bwx.bequick.LayoutSettingsActivity"]}, {"e2c60450f9f1a81bfc9c2bd7e09a64dd": ["9", "com.bwx.bequick.LayoutSettingsActivity"]}, {"e2c60450f9f1a81bfc9c2bd7e09a64dd": ["9", "com.bwx.bequick.LayoutSettingsActivity"]}, {"e2c60450f9f1a81bfc9c2bd7e09a64dd": ["9", "com.bwx.bequick.LayoutSettingsActivity"]}, {"e2c60450f9f1a81bfc9c2bd7e09a64dd": ["9", "com.bwx.bequick.LayoutSettingsActivity"]}, {"e2c60450f9f1a81bfc9c2bd7e09a64dd": ["9", "com.bwx.bequick.LayoutSettingsActivity"]}, {"96866bc5ff388952a5fe9f82ef3f5602": ["26", "com.bwx.bequick.LayoutSettingsActivity"]}, {"96866bc5ff388952a5fe9f82ef3f5602": ["26", "com.bwx.bequick.LayoutSettingsActivity"]}, {"96866bc5ff388952a5fe9f82ef3f5602": ["26", "com.bwx.bequick.LayoutSettingsActivity"]}, {"96866bc5ff388952a5fe9f82ef3f5602": ["26", "com.bwx.bequick.LayoutSettingsActivity"]}, {"96866bc5ff388952a5fe9f82ef3f5602": ["26", "com.bwx.bequick.LayoutSettingsActivity"]}, {"e2c60450f9f1a81bfc9c2bd7e09a64dd": ["9", "com.bwx.bequick.LayoutSettingsActivity"]}, {"e2c60450f9f1a81bfc9c2bd7e09a64dd": ["9", "com.bwx.bequick.LayoutSettingsActivity"]}, {"c892c91443d3dab28faf06c449c87b76": ["47", "com.bwx.bequick.MainSettingsActivity"]}, {"c892c91443d3dab28faf06c449c87b76": ["47", "com.bwx.bequick.MainSettingsActivity"]}, {"c892c91443d3dab28faf06c449c87b76": ["47", "com.bwx.bequick.MainSettingsActivity"]}, {"c892c91443d3dab28faf06c449c87b76": ["47", "com.bwx.bequick.MainSettingsActivity"]}, {"fbc106ffff5f211bbf4ccce94c077c3f": ["5", "com.bwx.bequick.MainSettingsActivity"]}, {"c892c91443d3dab28faf06c449c87b76": ["47", "com.bwx.bequick.MainSettingsActivity"]}, {"c892c91443d3dab28faf06c449c87b76": ["47", "com.bwx.bequick.MainSettingsActivity"]}, {"c892c91443d3dab28faf06c449c87b76": ["47", "com.bwx.bequick.MainSettingsActivity"]}, {"c892c91443d3dab28faf06c449c87b76": ["47", "com.bwx.bequick.MainSettingsActivity"]}, {"c892c91443d3dab28faf06c449c87b76": ["47", "com.bwx.bequick.MainSettingsActivity"]}, {"c892c91443d3dab28faf06c449c87b76": ["47", "com.bwx.bequick.MainSettingsActivity"]}, {"c892c91443d3dab28faf06c449c87b76": ["47", "com.bwx.bequick.MainSettingsActivity"]}, {"c892c91443d3dab28faf06c449c87b76": ["47", "com.bwx.bequick.MainSettingsActivity"]}, {"c892c91443d3dab28faf06c449c87b76": ["47", "com.bwx.bequick.MainSettingsActivity"]}, {"c892c91443d3dab28faf06c449c87b76": ["47", "com.bwx.bequick.MainSettingsActivity"]}, {"c892c91443d3dab28faf06c449c87b76": ["47", "com.bwx.bequick.MainSettingsActivity"]}, {"3c6eb5858ced50ffee7ae4c9474fbac0": ["13", "com.bwx.bequick.preferences.CommonPrefs"]}, {"e2d4a11840db1a9722f7446bfc536d05": ["16", "com.bwx.bequick.preferences.CommonPrefs"]}, {"3c6eb5858ced50ffee7ae4c9474fbac0": ["13", "com.bwx.bequick.preferences.CommonPrefs"]}, {"e2d4a11840db1a9722f7446bfc536d05": ["16", "com.bwx.bequick.preferences.CommonPrefs"]}, {"3c6eb5858ced50ffee7ae4c9474fbac0": ["13", "com.bwx.bequick.preferences.CommonPrefs"]}, {"84cf821a14db9f22040fe19b5a48b804": ["17", "com.bwx.bequick.preferences.CommonPrefs"]}, {"d77fecbe20eb3485bd6e67dffe76d8e6": ["14", "com.bwx.bequick.preferences.CommonPrefs"]}, {"84cf821a14db9f22040fe19b5a48b804": ["17", "com.bwx.bequick.preferences.CommonPrefs"]}, {"84cf821a14db9f22040fe19b5a48b804": ["17", "com.bwx.bequick.preferences.CommonPrefs"]}, {"84cf821a14db9f22040fe19b5a48b804": ["17", "com.bwx.bequick.preferences.CommonPrefs"]}, {"84cf821a14db9f22040fe19b5a48b804": ["17", "com.bwx.bequick.preferences.CommonPrefs"]}, {"4cc7692aab9efd5aae051a7d247ef831": ["52", "com.bwx.bequick.DialogSettingsActivity"]}, {"4cc7692aab9efd5aae051a7d247ef831": ["52", "com.bwx.bequick.DialogSettingsActivity"]}, {"ee76d6d504b9054005edb6df79d87652": ["53", "com.bwx.bequick.DialogSettingsActivity"]}, {"4cc7692aab9efd5aae051a7d247ef831": ["52", "com.bwx.bequick.DialogSettingsActivity"]}, {"4cc7692aab9efd5aae051a7d247ef831": ["52", "com.bwx.bequick.DialogSettingsActivity"]}, {"ee76d6d504b9054005edb6df79d87652": ["53", "com.bwx.bequick.DialogSettingsActivity"]}, {"4cc7692aab9efd5aae051a7d247ef831": ["52", "com.bwx.bequick.DialogSettingsActivity"]}, {"4cc7692aab9efd5aae051a7d247ef831": ["52", "com.bwx.bequick.DialogSettingsActivity"]}, {"4cc7692aab9efd5aae051a7d247ef831": ["52", "com.bwx.bequick.DialogSettingsActivity"]}, {"e2c60450f9f1a81bfc9c2bd7e09a64dd": ["9", "com.bwx.bequick.LayoutSettingsActivity"]}, {"e2c60450f9f1a81bfc9c2bd7e09a64dd": ["9", "com.bwx.bequick.LayoutSettingsActivity"]}, {"5fb49dc1b0eba085759e344c010c1494": ["10", "com.bwx.bequick.LayoutSettingsActivity"]}, {"5fb49dc1b0eba085759e344c010c1494": ["10", "com.bwx.bequick.LayoutSettingsActivity"]}, {"5fb49dc1b0eba085759e344c010c1494": ["10", "com.bwx.bequick.LayoutSettingsActivity"]}, {"4cc7692aab9efd5aae051a7d247ef831": ["52", "com.bwx.bequick.DialogSettingsActivity"]}, {"8a3c50700e8f108d82bc59e4eb95cec2": ["54", "com.bwx.bequick.DialogSettingsActivity"]}, {"8a3c50700e8f108d82bc59e4eb95cec2": ["54", "com.bwx.bequick.DialogSettingsActivity"]}, {"8a3c50700e8f108d82bc59e4eb95cec2": ["54", "com.bwx.bequick.DialogSettingsActivity"]}, {"8a3c50700e8f108d82bc59e4eb95cec2": ["54", "com.bwx.bequick.DialogSettingsActivity"]}, {"e2c60450f9f1a81bfc9c2bd7e09a64dd": ["9", "com.bwx.bequick.LayoutSettingsActivity"]}, {"e2c60450f9f1a81bfc9c2bd7e09a64dd": ["9", "com.bwx.bequick.LayoutSettingsActivity"]}, {"e2c60450f9f1a81bfc9c2bd7e09a64dd": ["9", "com.bwx.bequick.LayoutSettingsActivity"]}, {"5fb49dc1b0eba085759e344c010c1494": ["10", "com.bwx.bequick.LayoutSettingsActivity"]}, {"5fb49dc1b0eba085759e344c010c1494": ["10", "com.bwx.bequick.LayoutSettingsActivity"]}, {"8a3c50700e8f108d82bc59e4eb95cec2": ["54", "com.bwx.bequick.DialogSettingsActivity"]}, {"5fb49dc1b0eba085759e344c010c1494": ["10", "com.bwx.bequick.LayoutSettingsActivity"]}, {"5fb49dc1b0eba085759e344c010c1494": ["10", "com.bwx.bequick.LayoutSettingsActivity"]}, {"5fb49dc1b0eba085759e344c010c1494": ["10", "com.bwx.bequick.LayoutSettingsActivity"]}, {"574e7154367bb96fcfdceae9b712aef8": ["51", "com.bwx.bequick.LayoutSettingsActivity"]}, {"e2c60450f9f1a81bfc9c2bd7e09a64dd": ["9", "com.bwx.bequick.LayoutSettingsActivity"]}, {"377b51a0a9ab4780bf2cfc07815c5a10": ["48", "com.bwx.bequick.LayoutSettingsActivity"]}, {"377b51a0a9ab4780bf2cfc07815c5a10": ["48", "com.bwx.bequick.LayoutSettingsActivity"]}, {"377b51a0a9ab4780bf2cfc07815c5a10": ["48", "com.bwx.bequick.LayoutSettingsActivity"]}, {"e2c60450f9f1a81bfc9c2bd7e09a64dd": ["9", "com.bwx.bequick.LayoutSettingsActivity"]}, {"7821844952417d2382135e912c94d163": ["49", "com.bwx.bequick.LayoutSettingsActivity"]}, {"ca01c161ba1647686e8c63a8685cbe53": ["23", "com.bwx.bequick.LayoutSettingsActivity"]}, {"e2c60450f9f1a81bfc9c2bd7e09a64dd": ["9", "com.bwx.bequick.LayoutSettingsActivity"]}, {"e2e224ac24b5134c965300d04f83e26c": ["6", "com.bwx.bequick.preferences.GpsPrefs"]}, {"e2e224ac24b5134c965300d04f83e26c": ["6", "com.bwx.bequick.preferences.GpsPrefs"]}, {"e2e224ac24b5134c965300d04f83e26c": ["6", "com.bwx.bequick.preferences.GpsPrefs"]}, {"e2e224ac24b5134c965300d04f83e26c": ["6", "com.bwx.bequick.preferences.GpsPrefs"]}, {"e2e224ac24b5134c965300d04f83e26c": ["6", "com.bwx.bequick.preferences.GpsPrefs"]}, {"e2e224ac24b5134c965300d04f83e26c": ["6", "com.bwx.bequick.preferences.GpsPrefs"]}, {"e2e224ac24b5134c965300d04f83e26c": ["6", "com.bwx.bequick.preferences.GpsPrefs"]}, {"e2e224ac24b5134c965300d04f83e26c": ["6", "com.bwx.bequick.preferences.GpsPrefs"]}, {"e2e224ac24b5134c965300d04f83e26c": ["6", "com.bwx.bequick.preferences.GpsPrefs"]}, {"e2e224ac24b5134c965300d04f83e26c": ["6", "com.bwx.bequick.preferences.GpsPrefs"]}, {"e2e224ac24b5134c965300d04f83e26c": ["6", "com.bwx.bequick.preferences.GpsPrefs"]}, {"e2e224ac24b5134c965300d04f83e26c": ["6", "com.bwx.bequick.preferences.GpsPrefs"]}, {"e2e224ac24b5134c965300d04f83e26c": ["6", "com.bwx.bequick.preferences.GpsPrefs"]}, {"e2e224ac24b5134c965300d04f83e26c": ["6", "com.bwx.bequick.preferences.GpsPrefs"]}, {"e2e224ac24b5134c965300d04f83e26c": ["6", "com.bwx.bequick.preferences.GpsPrefs"]}, {"e2e224ac24b5134c965300d04f83e26c": ["6", "com.bwx.bequick.preferences.GpsPrefs"]}, {"e2e224ac24b5134c965300d04f83e26c": ["6", "com.bwx.bequick.preferences.GpsPrefs"]}, {"e2e224ac24b5134c965300d04f83e26c": ["6", "com.bwx.bequick.preferences.GpsPrefs"]}, {"e2e224ac24b5134c965300d04f83e26c": ["6", "com.bwx.bequick.preferences.GpsPrefs"]}, {"e2e224ac24b5134c965300d04f83e26c": ["6", "com.bwx.bequick.preferences.GpsPrefs"]}, {"e2e224ac24b5134c965300d04f83e26c": ["6", "com.bwx.bequick.preferences.GpsPrefs"]}, {"e2e224ac24b5134c965300d04f83e26c": ["6", "com.bwx.bequick.preferences.GpsPrefs"]}, {"e2e224ac24b5134c965300d04f83e26c": ["6", "com.bwx.bequick.preferences.GpsPrefs"]}, {"e2e224ac24b5134c965300d04f83e26c": ["6", "com.bwx.bequick.preferences.GpsPrefs"]}, {"e2e224ac24b5134c965300d04f83e26c": ["6", "com.bwx.bequick.preferences.GpsPrefs"]}, {"e2e224ac24b5134c965300d04f83e26c": ["6", "com.bwx.bequick.preferences.GpsPrefs"]}, {"e2e224ac24b5134c965300d04f83e26c": ["6", "com.bwx.bequick.preferences.GpsPrefs"]}, {"e2e224ac24b5134c965300d04f83e26c": ["6", "com.bwx.bequick.preferences.GpsPrefs"]}, {"e2e224ac24b5134c965300d04f83e26c": ["6", "com.bwx.bequick.preferences.GpsPrefs"]}, {"e2e224ac24b5134c965300d04f83e26c": ["6", "com.bwx.bequick.preferences.GpsPrefs"]}, {"e2e224ac24b5134c965300d04f83e26c": ["6", "com.bwx.bequick.preferences.GpsPrefs"]}, {"e2e224ac24b5134c965300d04f83e26c": ["6", "com.bwx.bequick.preferences.GpsPrefs"]}, {"e2e224ac24b5134c965300d04f83e26c": ["6", "com.bwx.bequick.preferences.GpsPrefs"]}, {"e2e224ac24b5134c965300d04f83e26c": ["6", "com.bwx.bequick.preferences.GpsPrefs"]}, {"e2e224ac24b5134c965300d04f83e26c": ["6", "com.bwx.bequick.preferences.GpsPrefs"]}, {"e2e224ac24b5134c965300d04f83e26c": ["6", "com.bwx.bequick.preferences.GpsPrefs"]}, {"e2e224ac24b5134c965300d04f83e26c": ["6", "com.bwx.bequick.preferences.GpsPrefs"]}, {"e2c60450f9f1a81bfc9c2bd7e09a64dd": ["9", "com.bwx.bequick.LayoutSettingsActivity"]}, {"e2c60450f9f1a81bfc9c2bd7e09a64dd": ["9", "com.bwx.bequick.LayoutSettingsActivity"]}, {"e2c60450f9f1a81bfc9c2bd7e09a64dd": ["9", "com.bwx.bequick.LayoutSettingsActivity"]}, {"e2c60450f9f1a81bfc9c2bd7e09a64dd": ["9", "com.bwx.bequick.LayoutSettingsActivity"]}, {"377b51a0a9ab4780bf2cfc07815c5a10": ["48", "com.bwx.bequick.LayoutSettingsActivity"]}, {"5fb49dc1b0eba085759e344c010c1494": ["10", "com.bwx.bequick.LayoutSettingsActivity"]}, {"5fb49dc1b0eba085759e344c010c1494": ["10", "com.bwx.bequick.LayoutSettingsActivity"]}, {"e2c60450f9f1a81bfc9c2bd7e09a64dd": ["9", "com.bwx.bequick.LayoutSettingsActivity"]}, {"e2c60450f9f1a81bfc9c2bd7e09a64dd": ["9", "com.bwx.bequick.LayoutSettingsActivity"]}, {"e2c60450f9f1a81bfc9c2bd7e09a64dd": ["9", "com.bwx.bequick.LayoutSettingsActivity"]}, {"e2c60450f9f1a81bfc9c2bd7e09a64dd": ["9", "com.bwx.bequick.LayoutSettingsActivity"]}, {"377b51a0a9ab4780bf2cfc07815c5a10": ["48", "com.bwx.bequick.LayoutSettingsActivity"]}, {"377b51a0a9ab4780bf2cfc07815c5a10": ["48", "com.bwx.bequick.LayoutSettingsActivity"]}, {"e2c60450f9f1a81bfc9c2bd7e09a64dd": ["9", "com.bwx.bequick.LayoutSettingsActivity"]}, {"e2c60450f9f1a81bfc9c2bd7e09a64dd": ["9", "com.bwx.bequick.LayoutSettingsActivity"]}, {"7821844952417d2382135e912c94d163": ["49", "com.bwx.bequick.LayoutSettingsActivity"]}, {"7821844952417d2382135e912c94d163": ["49", "com.bwx.bequick.LayoutSettingsActivity"]}, {"e2c60450f9f1a81bfc9c2bd7e09a64dd": ["9", "com.bwx.bequick.LayoutSettingsActivity"]}, {"e2c60450f9f1a81bfc9c2bd7e09a64dd": ["9", "com.bwx.bequick.LayoutSettingsActivity"]}, {"e2c60450f9f1a81bfc9c2bd7e09a64dd": ["9", "com.bwx.bequick.LayoutSettingsActivity"]}, {"e2c60450f9f1a81bfc9c2bd7e09a64dd": ["9", "com.bwx.bequick.LayoutSettingsActivity"]}, {"e2c60450f9f1a81bfc9c2bd7e09a64dd": ["9", "com.bwx.bequick.LayoutSettingsActivity"]}, {"5fb49dc1b0eba085759e344c010c1494": ["10", "com.bwx.bequick.LayoutSettingsActivity"]}, {"5fb49dc1b0eba085759e344c010c1494": ["10", "com.bwx.bequick.LayoutSettingsActivity"]}, {"5fb49dc1b0eba085759e344c010c1494": ["10", "com.bwx.bequick.LayoutSettingsActivity"]}, {"5fb49dc1b0eba085759e344c010c1494": ["10", "com.bwx.bequick.LayoutSettingsActivity"]}, {"e2c60450f9f1a81bfc9c2bd7e09a64dd": ["9", "com.bwx.bequick.LayoutSettingsActivity"]}, {"e2c60450f9f1a81bfc9c2bd7e09a64dd": ["9", "com.bwx.bequick.LayoutSettingsActivity"]}, {"377b51a0a9ab4780bf2cfc07815c5a10": ["48", "com.bwx.bequick.LayoutSettingsActivity"]}, {"8a3c50700e8f108d82bc59e4eb95cec2": ["54", "com.bwx.bequick.DialogSettingsActivity"]}, {"b19e4df033c10b3b1132e675a345cd4d": ["55", "com.bwx.bequick.DialogSettingsActivity"]}, {"8a3c50700e8f108d82bc59e4eb95cec2": ["54", "com.bwx.bequick.DialogSettingsActivity"]}, {"8a3c50700e8f108d82bc59e4eb95cec2": ["54", "com.bwx.bequick.DialogSettingsActivity"]}, {"e2c60450f9f1a81bfc9c2bd7e09a64dd": ["9", "com.bwx.bequick.LayoutSettingsActivity"]}, {"e2c60450f9f1a81bfc9c2bd7e09a64dd": ["9", "com.bwx.bequick.LayoutSettingsActivity"]}, {"e2c60450f9f1a81bfc9c2bd7e09a64dd": ["9", "com.bwx.bequick.LayoutSettingsActivity"]}, {"e2c60450f9f1a81bfc9c2bd7e09a64dd": ["9", "com.bwx.bequick.LayoutSettingsActivity"]}, {"e2c60450f9f1a81bfc9c2bd7e09a64dd": ["9", "com.bwx.bequick.LayoutSettingsActivity"]}, {"63b3ebb2da9bb4b8a77f553782b3355b": ["3", "com.bwx.bequick.preferences.BrightnessPrefs"]}, {"63b3ebb2da9bb4b8a77f553782b3355b": ["3", "com.bwx.bequick.preferences.BrightnessPrefs"]}, {"63b3ebb2da9bb4b8a77f553782b3355b": ["3", "com.bwx.bequick.preferences.BrightnessPrefs"]}, {"63b3ebb2da9bb4b8a77f553782b3355b": ["3", "com.bwx.bequick.preferences.BrightnessPrefs"]}, {"63b3ebb2da9bb4b8a77f553782b3355b": ["3", "com.bwx.bequick.preferences.BrightnessPrefs"]}, {"63b3ebb2da9bb4b8a77f553782b3355b": ["3", "com.bwx.bequick.preferences.BrightnessPrefs"]}, {"63b3ebb2da9bb4b8a77f553782b3355b": ["3", "com.bwx.bequick.preferences.BrightnessPrefs"]}, {"63b3ebb2da9bb4b8a77f553782b3355b": ["3", "com.bwx.bequick.preferences.BrightnessPrefs"]}, {"63b3ebb2da9bb4b8a77f553782b3355b": ["3", "com.bwx.bequick.preferences.BrightnessPrefs"]}, {"7821844952417d2382135e912c94d163": ["49", "com.bwx.bequick.LayoutSettingsActivity"]}, {"e2c60450f9f1a81bfc9c2bd7e09a64dd": ["9", "com.bwx.bequick.LayoutSettingsActivity"]}, {"e2c60450f9f1a81bfc9c2bd7e09a64dd": ["9", "com.bwx.bequick.LayoutSettingsActivity"]}, {"e2c60450f9f1a81bfc9c2bd7e09a64dd": ["9", "com.bwx.bequick.LayoutSettingsActivity"]}, {"e2c60450f9f1a81bfc9c2bd7e09a64dd": ["9", "com.bwx.bequick.LayoutSettingsActivity"]}, {"e2c60450f9f1a81bfc9c2bd7e09a64dd": ["9", "com.bwx.bequick.LayoutSettingsActivity"]}, {"e2c60450f9f1a81bfc9c2bd7e09a64dd": ["9", "com.bwx.bequick.LayoutSettingsActivity"]}, {"e2c60450f9f1a81bfc9c2bd7e09a64dd": ["9", "com.bwx.bequick.LayoutSettingsActivity"]}, {"e2c60450f9f1a81bfc9c2bd7e09a64dd": ["9", "com.bwx.bequick.LayoutSettingsActivity"]}, {"e2c60450f9f1a81bfc9c2bd7e09a64dd": ["9", "com.bwx.bequick.LayoutSettingsActivity"]}, {"e2c60450f9f1a81bfc9c2bd7e09a64dd": ["9", "com.bwx.bequick.LayoutSettingsActivity"]}, {"e2c60450f9f1a81bfc9c2bd7e09a64dd": ["9", "com.bwx.bequick.LayoutSettingsActivity"]}, {"e2c60450f9f1a81bfc9c2bd7e09a64dd": ["9", "com.bwx.bequick.LayoutSettingsActivity"]}, {"e2c60450f9f1a81bfc9c2bd7e09a64dd": ["9", "com.bwx.bequick.LayoutSettingsActivity"]}, {"e2c60450f9f1a81bfc9c2bd7e09a64dd": ["9", "com.bwx.bequick.LayoutSettingsActivity"]}, {"5fb49dc1b0eba085759e344c010c1494": ["10", "com.bwx.bequick.LayoutSettingsActivity"]}, {"5fb49dc1b0eba085759e344c010c1494": ["10", "com.bwx.bequick.LayoutSettingsActivity"]}, {"5fb49dc1b0eba085759e344c010c1494": ["10", "com.bwx.bequick.LayoutSettingsActivity"]}, {"5fb49dc1b0eba085759e344c010c1494": ["10", "com.bwx.bequick.LayoutSettingsActivity"]}, {"ca01c161ba1647686e8c63a8685cbe53": ["23", "com.bwx.bequick.LayoutSettingsActivity"]}, {"5fb49dc1b0eba085759e344c010c1494": ["10", "com.bwx.bequick.LayoutSettingsActivity"]}, {"5fb49dc1b0eba085759e344c010c1494": ["10", "com.bwx.bequick.LayoutSettingsActivity"]}, {"5fb49dc1b0eba085759e344c010c1494": ["10", "com.bwx.bequick.LayoutSettingsActivity"]}, {"5fb49dc1b0eba085759e344c010c1494": ["10", "com.bwx.bequick.LayoutSettingsActivity"]}, {"5fb49dc1b0eba085759e344c010c1494": ["10", "com.bwx.bequick.LayoutSettingsActivity"]}, {"5fb49dc1b0eba085759e344c010c1494": ["10", "com.bwx.bequick.LayoutSettingsActivity"]}, {"9047655b2d0c2fbdb8c0838f7f642792": ["12", "com.bwx.bequick.preferences.AirplaneModePrefs"]}, {"9047655b2d0c2fbdb8c0838f7f642792": ["12", "com.bwx.bequick.preferences.AirplaneModePrefs"]}, {"9047655b2d0c2fbdb8c0838f7f642792": ["12", "com.bwx.bequick.preferences.AirplaneModePrefs"]}, {"9047655b2d0c2fbdb8c0838f7f642792": ["12", "com.bwx.bequick.preferences.AirplaneModePrefs"]}, {"9047655b2d0c2fbdb8c0838f7f642792": ["12", "com.bwx.bequick.preferences.AirplaneModePrefs"]}, {"9047655b2d0c2fbdb8c0838f7f642792": ["12", "com.bwx.bequick.preferences.AirplaneModePrefs"]}, {"9047655b2d0c2fbdb8c0838f7f642792": ["12", "com.bwx.bequick.preferences.AirplaneModePrefs"]}, {"9047655b2d0c2fbdb8c0838f7f642792": ["12", "com.bwx.bequick.preferences.AirplaneModePrefs"]}, {"377b51a0a9ab4780bf2cfc07815c5a10": ["48", "com.bwx.bequick.LayoutSettingsActivity"]}, {"e2c60450f9f1a81bfc9c2bd7e09a64dd": ["9", "com.bwx.bequick.LayoutSettingsActivity"]}, {"574e7154367bb96fcfdceae9b712aef8": ["51", "com.bwx.bequick.LayoutSettingsActivity"]}, {"574e7154367bb96fcfdceae9b712aef8": ["51", "com.bwx.bequick.LayoutSettingsActivity"]}, {"574e7154367bb96fcfdceae9b712aef8": ["51", "com.bwx.bequick.LayoutSettingsActivity"]}, {"574e7154367bb96fcfdceae9b712aef8": ["51", "com.bwx.bequick.LayoutSettingsActivity"]}, {"574e7154367bb96fcfdceae9b712aef8": ["51", "com.bwx.bequick.LayoutSettingsActivity"]}, {"574e7154367bb96fcfdceae9b712aef8": ["51", "com.bwx.bequick.LayoutSettingsActivity"]}, {"2ea16d95b1ca8714a0a630c02db123ca": ["21", "com.bwx.bequick.LayoutSettingsActivity"]}, {"e2c60450f9f1a81bfc9c2bd7e09a64dd": ["9", "com.bwx.bequick.LayoutSettingsActivity"]}, {"e2c60450f9f1a81bfc9c2bd7e09a64dd": ["9", "com.bwx.bequick.LayoutSettingsActivity"]}, {"e2c60450f9f1a81bfc9c2bd7e09a64dd": ["9", "com.bwx.bequick.LayoutSettingsActivity"]}, {"e2c60450f9f1a81bfc9c2bd7e09a64dd": ["9", "com.bwx.bequick.LayoutSettingsActivity"]}, {"e2c60450f9f1a81bfc9c2bd7e09a64dd": ["9", "com.bwx.bequick.LayoutSettingsActivity"]}, {"ca01c161ba1647686e8c63a8685cbe53": ["23", "com.bwx.bequick.LayoutSettingsActivity"]}, {"ca01c161ba1647686e8c63a8685cbe53": ["23", "com.bwx.bequick.LayoutSettingsActivity"]}, {"ca01c161ba1647686e8c63a8685cbe53": ["23", "com.bwx.bequick.LayoutSettingsActivity"]}, {"6ad9b38eaa4b3a9b572d92c13090c101": ["56", "com.bwx.bequick.DialogSettingsActivity"]}, {"6ad9b38eaa4b3a9b572d92c13090c101": ["56", "com.bwx.bequick.DialogSettingsActivity"]}, {"6ad9b38eaa4b3a9b572d92c13090c101": ["56", "com.bwx.bequick.DialogSettingsActivity"]}, {"6ad9b38eaa4b3a9b572d92c13090c101": ["56", "com.bwx.bequick.DialogSettingsActivity"]}, {"6ad9b38eaa4b3a9b572d92c13090c101": ["56", "com.bwx.bequick.DialogSettingsActivity"]}, {"6ad9b38eaa4b3a9b572d92c13090c101": ["56", "com.bwx.bequick.DialogSettingsActivity"]}, {"6ad9b38eaa4b3a9b572d92c13090c101": ["56", "com.bwx.bequick.DialogSettingsActivity"]}, {"6ad9b38eaa4b3a9b572d92c13090c101": ["56", "com.bwx.bequick.DialogSettingsActivity"]}, {"6ad9b38eaa4b3a9b572d92c13090c101": ["56", "com.bwx.bequick.DialogSettingsActivity"]}, {"e2c60450f9f1a81bfc9c2bd7e09a64dd": ["9", "com.bwx.bequick.LayoutSettingsActivity"]}, {"574e7154367bb96fcfdceae9b712aef8": ["51", "com.bwx.bequick.LayoutSettingsActivity"]}, {"574e7154367bb96fcfdceae9b712aef8": ["51", "com.bwx.bequick.LayoutSettingsActivity"]}, {"574e7154367bb96fcfdceae9b712aef8": ["51", "com.bwx.bequick.LayoutSettingsActivity"]}, {"574e7154367bb96fcfdceae9b712aef8": ["51", "com.bwx.bequick.LayoutSettingsActivity"]}, {"377b51a0a9ab4780bf2cfc07815c5a10": ["48", "com.bwx.bequick.LayoutSettingsActivity"]}, {"6ad9b38eaa4b3a9b572d92c13090c101": ["56", "com.bwx.bequick.DialogSettingsActivity"]}, {"ee76d6d504b9054005edb6df79d87652": ["53", "com.bwx.bequick.DialogSettingsActivity"]}, {"6ad9b38eaa4b3a9b572d92c13090c101": ["56", "com.bwx.bequick.DialogSettingsActivity"]}, {"6ad9b38eaa4b3a9b572d92c13090c101": ["56", "com.bwx.bequick.DialogSettingsActivity"]}, {"ee76d6d504b9054005edb6df79d87652": ["53", "com.bwx.bequick.DialogSettingsActivity"]}, {"6ad9b38eaa4b3a9b572d92c13090c101": ["56", "com.bwx.bequick.DialogSettingsActivity"]}, {"6ad9b38eaa4b3a9b572d92c13090c101": ["56", "com.bwx.bequick.DialogSettingsActivity"]}, {"6ad9b38eaa4b3a9b572d92c13090c101": ["56", "com.bwx.bequick.DialogSettingsActivity"]}, {"ee76d6d504b9054005edb6df79d87652": ["53", "com.bwx.bequick.DialogSettingsActivity"]}, {"6ad9b38eaa4b3a9b572d92c13090c101": ["56", "com.bwx.bequick.DialogSettingsActivity"]}, {"6ad9b38eaa4b3a9b572d92c13090c101": ["56", "com.bwx.bequick.DialogSettingsActivity"]}, {"6ad9b38eaa4b3a9b572d92c13090c101": ["56", "com.bwx.bequick.DialogSettingsActivity"]}, {"6ad9b38eaa4b3a9b572d92c13090c101": ["56", "com.bwx.bequick.DialogSettingsActivity"]}, {"6ad9b38eaa4b3a9b572d92c13090c101": ["56", "com.bwx.bequick.DialogSettingsActivity"]}, {"6ad9b38eaa4b3a9b572d92c13090c101": ["56", "com.bwx.bequick.DialogSettingsActivity"]}, {"6ad9b38eaa4b3a9b572d92c13090c101": ["56", "com.bwx.bequick.DialogSettingsActivity"]}, {"6ad9b38eaa4b3a9b572d92c13090c101": ["56", "com.bwx.bequick.DialogSettingsActivity"]}, {"ee76d6d504b9054005edb6df79d87652": ["53", "com.bwx.bequick.DialogSettingsActivity"]}, {"6ad9b38eaa4b3a9b572d92c13090c101": ["56", "com.bwx.bequick.DialogSettingsActivity"]}, {"6ad9b38eaa4b3a9b572d92c13090c101": ["56", "com.bwx.bequick.DialogSettingsActivity"]}, {"6ad9b38eaa4b3a9b572d92c13090c101": ["56", "com.bwx.bequick.DialogSettingsActivity"]}, {"6ad9b38eaa4b3a9b572d92c13090c101": ["56", "com.bwx.bequick.DialogSettingsActivity"]}, {"e2c60450f9f1a81bfc9c2bd7e09a64dd": ["9", "com.bwx.bequick.LayoutSettingsActivity"]}, {"e2c60450f9f1a81bfc9c2bd7e09a64dd": ["9", "com.bwx.bequick.LayoutSettingsActivity"]}, {"5fb49dc1b0eba085759e344c010c1494": ["10", "com.bwx.bequick.LayoutSettingsActivity"]}, {"5fb49dc1b0eba085759e344c010c1494": ["10", "com.bwx.bequick.LayoutSettingsActivity"]}, {"5fb49dc1b0eba085759e344c010c1494": ["10", "com.bwx.bequick.LayoutSettingsActivity"]}, {"5fb49dc1b0eba085759e344c010c1494": ["10", "com.bwx.bequick.LayoutSettingsActivity"]}, {"9047655b2d0c2fbdb8c0838f7f642792": ["12", "com.bwx.bequick.preferences.AirplaneModePrefs"]}, {"9047655b2d0c2fbdb8c0838f7f642792": ["12", "com.bwx.bequick.preferences.AirplaneModePrefs"]}, {"9047655b2d0c2fbdb8c0838f7f642792": ["12", "com.bwx.bequick.preferences.AirplaneModePrefs"]}, {"9047655b2d0c2fbdb8c0838f7f642792": ["12", "com.bwx.bequick.preferences.AirplaneModePrefs"]}, {"9047655b2d0c2fbdb8c0838f7f642792": ["12", "com.bwx.bequick.preferences.AirplaneModePrefs"]}, {"9047655b2d0c2fbdb8c0838f7f642792": ["12", "com.bwx.bequick.preferences.AirplaneModePrefs"]}, {"9047655b2d0c2fbdb8c0838f7f642792": ["12", "com.bwx.bequick.preferences.AirplaneModePrefs"]}, {"e2c60450f9f1a81bfc9c2bd7e09a64dd": ["9", "com.bwx.bequick.LayoutSettingsActivity"]}, {"e2c60450f9f1a81bfc9c2bd7e09a64dd": ["9", "com.bwx.bequick.LayoutSettingsActivity"]}, {"ca01c161ba1647686e8c63a8685cbe53": ["23", "com.bwx.bequick.LayoutSettingsActivity"]}, {"e2c60450f9f1a81bfc9c2bd7e09a64dd": ["9", "com.bwx.bequick.LayoutSettingsActivity"]}, {"e2c60450f9f1a81bfc9c2bd7e09a64dd": ["9", "com.bwx.bequick.LayoutSettingsActivity"]}, {"e2e224ac24b5134c965300d04f83e26c": ["6", "com.bwx.bequick.preferences.GpsPrefs"]}, {"e2e224ac24b5134c965300d04f83e26c": ["6", "com.bwx.bequick.preferences.GpsPrefs"]}, {"e2e224ac24b5134c965300d04f83e26c": ["6", "com.bwx.bequick.preferences.GpsPrefs"]}, {"e2e224ac24b5134c965300d04f83e26c": ["6", "com.bwx.bequick.preferences.GpsPrefs"]}, {"e2e224ac24b5134c965300d04f83e26c": ["6", "com.bwx.bequick.preferences.GpsPrefs"]}, {"e2e224ac24b5134c965300d04f83e26c": ["6", "com.bwx.bequick.preferences.GpsPrefs"]}, {"e2e224ac24b5134c965300d04f83e26c": ["6", "com.bwx.bequick.preferences.GpsPrefs"]}, {"e2e224ac24b5134c965300d04f83e26c": ["6", "com.bwx.bequick.preferences.GpsPrefs"]}, {"e2e224ac24b5134c965300d04f83e26c": ["6", "com.bwx.bequick.preferences.GpsPrefs"]}, {"e2e224ac24b5134c965300d04f83e26c": ["6", "com.bwx.bequick.preferences.GpsPrefs"]}, {"e2e224ac24b5134c965300d04f83e26c": ["6", "com.bwx.bequick.preferences.GpsPrefs"]}, {"e2e224ac24b5134c965300d04f83e26c": ["6", "com.bwx.bequick.preferences.GpsPrefs"]}, {"e2e224ac24b5134c965300d04f83e26c": ["6", "com.bwx.bequick.preferences.GpsPrefs"]}, {"e2e224ac24b5134c965300d04f83e26c": ["6", "com.bwx.bequick.preferences.GpsPrefs"]}, {"e2e224ac24b5134c965300d04f83e26c": ["6", "com.bwx.bequick.preferences.GpsPrefs"]}, {"e2e224ac24b5134c965300d04f83e26c": ["6", "com.bwx.bequick.preferences.GpsPrefs"]}, {"e2e224ac24b5134c965300d04f83e26c": ["6", "com.bwx.bequick.preferences.GpsPrefs"]}, {"e2e224ac24b5134c965300d04f83e26c": ["6", "com.bwx.bequick.preferences.GpsPrefs"]}, {"e2e224ac24b5134c965300d04f83e26c": ["6", "com.bwx.bequick.preferences.GpsPrefs"]}, {"e2e224ac24b5134c965300d04f83e26c": ["6", "com.bwx.bequick.preferences.GpsPrefs"]}, {"e2e224ac24b5134c965300d04f83e26c": ["6", "com.bwx.bequick.preferences.GpsPrefs"]}, {"e2e224ac24b5134c965300d04f83e26c": ["6", "com.bwx.bequick.preferences.GpsPrefs"]}, {"e2e224ac24b5134c965300d04f83e26c": ["6", "com.bwx.bequick.preferences.GpsPrefs"]}, {"e2e224ac24b5134c965300d04f83e26c": ["6", "com.bwx.bequick.preferences.GpsPrefs"]}, {"e2e224ac24b5134c965300d04f83e26c": ["6", "com.bwx.bequick.preferences.GpsPrefs"]}, {"e2e224ac24b5134c965300d04f83e26c": ["6", "com.bwx.bequick.preferences.GpsPrefs"]}, {"e2c60450f9f1a81bfc9c2bd7e09a64dd": ["9", "com.bwx.bequick.LayoutSettingsActivity"]}, {"e2c60450f9f1a81bfc9c2bd7e09a64dd": ["9", "com.bwx.bequick.LayoutSettingsActivity"]}, {"e2c60450f9f1a81bfc9c2bd7e09a64dd": ["9", "com.bwx.bequick.LayoutSettingsActivity"]}, {"e2c60450f9f1a81bfc9c2bd7e09a64dd": ["9", "com.bwx.bequick.LayoutSettingsActivity"]}, {"e2c60450f9f1a81bfc9c2bd7e09a64dd": ["9", "com.bwx.bequick.LayoutSettingsActivity"]}, {"6ad9b38eaa4b3a9b572d92c13090c101": ["56", "com.bwx.bequick.DialogSettingsActivity"]}, {"6ad9b38eaa4b3a9b572d92c13090c101": ["56", "com.bwx.bequick.DialogSettingsActivity"]}, {"e2c60450f9f1a81bfc9c2bd7e09a64dd": ["9", "com.bwx.bequick.LayoutSettingsActivity"]}, {"e2c60450f9f1a81bfc9c2bd7e09a64dd": ["9", "com.bwx.bequick.LayoutSettingsActivity"]}, {"ab8dd857dc768f7fc946df586331c614": ["50", "com.bwx.bequick.LayoutSettingsActivity"]}, {"3cd5a672563aea8cd52ec845ea923307": ["30", "com.bwx.bequick.preferences.CommonPrefs"]}, {"3c6eb5858ced50ffee7ae4c9474fbac0": ["13", "com.bwx.bequick.preferences.CommonPrefs"]}, {"84cf821a14db9f22040fe19b5a48b804": ["17", "com.bwx.bequick.preferences.CommonPrefs"]}, {"d77fecbe20eb3485bd6e67dffe76d8e6": ["14", "com.bwx.bequick.preferences.CommonPrefs"]}, {"84cf821a14db9f22040fe19b5a48b804": ["17", "com.bwx.bequick.preferences.CommonPrefs"]}, {"84cf821a14db9f22040fe19b5a48b804": ["17", "com.bwx.bequick.preferences.CommonPrefs"]}, {"84cf821a14db9f22040fe19b5a48b804": ["17", "com.bwx.bequick.preferences.CommonPrefs"]}, {"3cd5a672563aea8cd52ec845ea923307": ["30", "com.bwx.bequick.preferences.CommonPrefs"]}, {"3cd5a672563aea8cd52ec845ea923307": ["30", "com.bwx.bequick.preferences.CommonPrefs"]}, {"3cd5a672563aea8cd52ec845ea923307": ["30", "com.bwx.bequick.preferences.CommonPrefs"]}, {"3c6eb5858ced50ffee7ae4c9474fbac0": ["13", "com.bwx.bequick.preferences.CommonPrefs"]}, {"3c6eb5858ced50ffee7ae4c9474fbac0": ["13", "com.bwx.bequick.preferences.CommonPrefs"]}, {"a9b4b1a4b4829b7cb6453b524f9fea73": ["15", "com.bwx.bequick.preferences.CommonPrefs"]}, {"3c6eb5858ced50ffee7ae4c9474fbac0": ["13", "com.bwx.bequick.preferences.CommonPrefs"]}, {"a9b4b1a4b4829b7cb6453b524f9fea73": ["15", "com.bwx.bequick.preferences.CommonPrefs"]}, {"3c6eb5858ced50ffee7ae4c9474fbac0": ["13", "com.bwx.bequick.preferences.CommonPrefs"]}, {"3c6eb5858ced50ffee7ae4c9474fbac0": ["13", "com.bwx.bequick.preferences.CommonPrefs"]}, {"3c6eb5858ced50ffee7ae4c9474fbac0": ["13", "com.bwx.bequick.preferences.CommonPrefs"]}, {"3c6eb5858ced50ffee7ae4c9474fbac0": ["13", "com.bwx.bequick.preferences.CommonPrefs"]}, {"a9b4b1a4b4829b7cb6453b524f9fea73": ["15", "com.bwx.bequick.preferences.CommonPrefs"]}, {"3c6eb5858ced50ffee7ae4c9474fbac0": ["13", "com.bwx.bequick.preferences.CommonPrefs"]}, {"3c6eb5858ced50ffee7ae4c9474fbac0": ["13", "com.bwx.bequick.preferences.CommonPrefs"]}, {"3c6eb5858ced50ffee7ae4c9474fbac0": ["13", "com.bwx.bequick.preferences.CommonPrefs"]}, {"e2d4a11840db1a9722f7446bfc536d05": ["16", "com.bwx.bequick.preferences.CommonPrefs"]}, {"3c6eb5858ced50ffee7ae4c9474fbac0": ["13", "com.bwx.bequick.preferences.CommonPrefs"]}, {"e2d4a11840db1a9722f7446bfc536d05": ["16", "com.bwx.bequick.preferences.CommonPrefs"]}, {"3c6eb5858ced50ffee7ae4c9474fbac0": ["13", "com.bwx.bequick.preferences.CommonPrefs"]}, {"e2d4a11840db1a9722f7446bfc536d05": ["16", "com.bwx.bequick.preferences.CommonPrefs"]}, {"3c6eb5858ced50ffee7ae4c9474fbac0": ["13", "com.bwx.bequick.preferences.CommonPrefs"]}, {"3c6eb5858ced50ffee7ae4c9474fbac0": ["13", "com.bwx.bequick.preferences.CommonPrefs"]}, {"3c6eb5858ced50ffee7ae4c9474fbac0": ["13", "com.bwx.bequick.preferences.CommonPrefs"]}, {"3c6eb5858ced50ffee7ae4c9474fbac0": ["13", "com.bwx.bequick.preferences.CommonPrefs"]}, {"3c6eb5858ced50ffee7ae4c9474fbac0": ["13", "com.bwx.bequick.preferences.CommonPrefs"]}, {"3c6eb5858ced50ffee7ae4c9474fbac0": ["13", "com.bwx.bequick.preferences.CommonPrefs"]}, {"3c6eb5858ced50ffee7ae4c9474fbac0": ["13", "com.bwx.bequick.preferences.CommonPrefs"]}, {"3c6eb5858ced50ffee7ae4c9474fbac0": ["13", "com.bwx.bequick.preferences.CommonPrefs"]}, {"3c6eb5858ced50ffee7ae4c9474fbac0": ["13", "com.bwx.bequick.preferences.CommonPrefs"]}, {"84cf821a14db9f22040fe19b5a48b804": ["17", "com.bwx.bequick.preferences.CommonPrefs"]}, {"cc8202af67912cdc8fc0eb47cfe9a025": ["32", "com.bwx.bequick.preferences.CommonPrefs"]}, {"84cf821a14db9f22040fe19b5a48b804": ["17", "com.bwx.bequick.preferences.CommonPrefs"]}, {"84cf821a14db9f22040fe19b5a48b804": ["17", "com.bwx.bequick.preferences.CommonPrefs"]}, {"84cf821a14db9f22040fe19b5a48b804": ["17", "com.bwx.bequick.preferences.CommonPrefs"]}, {"84cf821a14db9f22040fe19b5a48b804": ["17", "com.bwx.bequick.preferences.CommonPrefs"]}, {"84cf821a14db9f22040fe19b5a48b804": ["17", "com.bwx.bequick.preferences.CommonPrefs"]}, {"a9b4b1a4b4829b7cb6453b524f9fea73": ["15", "com.bwx.bequick.preferences.CommonPrefs"]}, {"84cf821a14db9f22040fe19b5a48b804": ["17", "com.bwx.bequick.preferences.CommonPrefs"]}, {"3c6eb5858ced50ffee7ae4c9474fbac0": ["13", "com.bwx.bequick.preferences.CommonPrefs"]}, {"3c6eb5858ced50ffee7ae4c9474fbac0": ["13", "com.bwx.bequick.preferences.CommonPrefs"]}, {"3c6eb5858ced50ffee7ae4c9474fbac0": ["13", "com.bwx.bequick.preferences.CommonPrefs"]}, {"3c6eb5858ced50ffee7ae4c9474fbac0": ["13", "com.bwx.bequick.preferences.CommonPrefs"]}, {"3c6eb5858ced50ffee7ae4c9474fbac0": ["13", "com.bwx.bequick.preferences.CommonPrefs"]}, {"3c6eb5858ced50ffee7ae4c9474fbac0": ["13", "com.bwx.bequick.preferences.CommonPrefs"]}, {"d77fecbe20eb3485bd6e67dffe76d8e6": ["14", "com.bwx.bequick.preferences.CommonPrefs"]}, {"3c6eb5858ced50ffee7ae4c9474fbac0": ["13", "com.bwx.bequick.preferences.CommonPrefs"]}, {"3c6eb5858ced50ffee7ae4c9474fbac0": ["13", "com.bwx.bequick.preferences.CommonPrefs"]}, {"3c6eb5858ced50ffee7ae4c9474fbac0": ["13", "com.bwx.bequick.preferences.CommonPrefs"]}, {"3c6eb5858ced50ffee7ae4c9474fbac0": ["13", "com.bwx.bequick.preferences.CommonPrefs"]}, {"84cf821a14db9f22040fe19b5a48b804": ["17", "com.bwx.bequick.preferences.CommonPrefs"]}, {"84cf821a14db9f22040fe19b5a48b804": ["17", "com.bwx.bequick.preferences.CommonPrefs"]}, {"7184d3b2afb594a20423daec494a4599": ["19", "com.bwx.bequick.preferences.CommonPrefs"]}, {"84cf821a14db9f22040fe19b5a48b804": ["17", "com.bwx.bequick.preferences.CommonPrefs"]}, {"8c4b93c54c3a4bcc0f935b13d03f8f51": ["4", "com.bwx.bequick.MainSettingsActivity"]}, {"8c4b93c54c3a4bcc0f935b13d03f8f51": ["4", "com.bwx.bequick.MainSettingsActivity"]}, {"fbc106ffff5f211bbf4ccce94c077c3f": ["5", "com.bwx.bequick.MainSettingsActivity"]}, {"8c4b93c54c3a4bcc0f935b13d03f8f51": ["4", "com.bwx.bequick.MainSettingsActivity"]}, {"8c4b93c54c3a4bcc0f935b13d03f8f51": ["4", "com.bwx.bequick.MainSettingsActivity"]}, {"8c4b93c54c3a4bcc0f935b13d03f8f51": ["4", "com.bwx.bequick.MainSettingsActivity"]}, {"8c4b93c54c3a4bcc0f935b13d03f8f51": ["4", "com.bwx.bequick.MainSettingsActivity"]}, {"8c4b93c54c3a4bcc0f935b13d03f8f51": ["4", "com.bwx.bequick.MainSettingsActivity"]}, {"8c4b93c54c3a4bcc0f935b13d03f8f51": ["4", "com.bwx.bequick.MainSettingsActivity"]}, {"8c4b93c54c3a4bcc0f935b13d03f8f51": ["4", "com.bwx.bequick.MainSettingsActivity"]}, {"fbc106ffff5f211bbf4ccce94c077c3f": ["5", "com.bwx.bequick.MainSettingsActivity"]}, {"8c4b93c54c3a4bcc0f935b13d03f8f51": ["4", "com.bwx.bequick.MainSettingsActivity"]}, {"e2c60450f9f1a81bfc9c2bd7e09a64dd": ["9", "com.bwx.bequick.LayoutSettingsActivity"]}, {"e2c60450f9f1a81bfc9c2bd7e09a64dd": ["9", "com.bwx.bequick.LayoutSettingsActivity"]}, {"e2c60450f9f1a81bfc9c2bd7e09a64dd": ["9", "com.bwx.bequick.LayoutSettingsActivity"]}, {"e2c60450f9f1a81bfc9c2bd7e09a64dd": ["9", "com.bwx.bequick.LayoutSettingsActivity"]}, {"e2c60450f9f1a81bfc9c2bd7e09a64dd": ["9", "com.bwx.bequick.LayoutSettingsActivity"]}, {"7821844952417d2382135e912c94d163": ["49", "com.bwx.bequick.LayoutSettingsActivity"]}, {"2ea16d95b1ca8714a0a630c02db123ca": ["21", "com.bwx.bequick.LayoutSettingsActivity"]}, {"e2c60450f9f1a81bfc9c2bd7e09a64dd": ["9", "com.bwx.bequick.LayoutSettingsActivity"]}, {"e2e224ac24b5134c965300d04f83e26c": ["6", "com.bwx.bequick.preferences.GpsPrefs"]}, {"e2e224ac24b5134c965300d04f83e26c": ["6", "com.bwx.bequick.preferences.GpsPrefs"]}, {"e2e224ac24b5134c965300d04f83e26c": ["6", "com.bwx.bequick.preferences.GpsPrefs"]}, {"e2c60450f9f1a81bfc9c2bd7e09a64dd": ["9", "com.bwx.bequick.LayoutSettingsActivity"]}, {"e2c60450f9f1a81bfc9c2bd7e09a64dd": ["9", "com.bwx.bequick.LayoutSettingsActivity"]}, {"e2c60450f9f1a81bfc9c2bd7e09a64dd": ["9", "com.bwx.bequick.LayoutSettingsActivity"]}, {"e2c60450f9f1a81bfc9c2bd7e09a64dd": ["9", "com.bwx.bequick.LayoutSettingsActivity"]}, {"574e7154367bb96fcfdceae9b712aef8": ["51", "com.bwx.bequick.LayoutSettingsActivity"]}, {"e2c60450f9f1a81bfc9c2bd7e09a64dd": ["9", "com.bwx.bequick.LayoutSettingsActivity"]}, {"5fb49dc1b0eba085759e344c010c1494": ["10", "com.bwx.bequick.LayoutSettingsActivity"]}, {"5fb49dc1b0eba085759e344c010c1494": ["10", "com.bwx.bequick.LayoutSettingsActivity"]}, {"e2c60450f9f1a81bfc9c2bd7e09a64dd": ["9", "com.bwx.bequick.LayoutSettingsActivity"]}, {"e2c60450f9f1a81bfc9c2bd7e09a64dd": ["9", "com.bwx.bequick.LayoutSettingsActivity"]}, {"e2c60450f9f1a81bfc9c2bd7e09a64dd": ["9", "com.bwx.bequick.LayoutSettingsActivity"]}, {"e2c60450f9f1a81bfc9c2bd7e09a64dd": ["9", "com.bwx.bequick.LayoutSettingsActivity"]}, {"e2c60450f9f1a81bfc9c2bd7e09a64dd": ["9", "com.bwx.bequick.LayoutSettingsActivity"]}, {"e2c60450f9f1a81bfc9c2bd7e09a64dd": ["9", "com.bwx.bequick.LayoutSettingsActivity"]}, {"e2c60450f9f1a81bfc9c2bd7e09a64dd": ["9", "com.bwx.bequick.LayoutSettingsActivity"]}, {"e2c60450f9f1a81bfc9c2bd7e09a64dd": ["9", "com.bwx.bequick.LayoutSettingsActivity"]}, {"5fb49dc1b0eba085759e344c010c1494": ["10", "com.bwx.bequick.LayoutSettingsActivity"]}, {"e2c60450f9f1a81bfc9c2bd7e09a64dd": ["9", "com.bwx.bequick.LayoutSettingsActivity"]}, {"e2c60450f9f1a81bfc9c2bd7e09a64dd": ["9", "com.bwx.bequick.LayoutSettingsActivity"]}, {"e2c60450f9f1a81bfc9c2bd7e09a64dd": ["9", "com.bwx.bequick.LayoutSettingsActivity"]}, {"e2c60450f9f1a81bfc9c2bd7e09a64dd": ["9", "com.bwx.bequick.LayoutSettingsActivity"]}, {"e2c60450f9f1a81bfc9c2bd7e09a64dd": ["9", "com.bwx.bequick.LayoutSettingsActivity"]}, {"5fb49dc1b0eba085759e344c010c1494": ["10", "com.bwx.bequick.LayoutSettingsActivity"]}, {"daf58e25705de7615655bccb00bf6abd": ["24", "com.bwx.bequick.LayoutSettingsActivity"]}, {"daf58e25705de7615655bccb00bf6abd": ["24", "com.bwx.bequick.LayoutSettingsActivity"]}, {"e2c60450f9f1a81bfc9c2bd7e09a64dd": ["9", "com.bwx.bequick.LayoutSettingsActivity"]}, {"63b3ebb2da9bb4b8a77f553782b3355b": ["3", "com.bwx.bequick.preferences.BrightnessPrefs"]}, {"63b3ebb2da9bb4b8a77f553782b3355b": ["3", "com.bwx.bequick.preferences.BrightnessPrefs"]}, {"63b3ebb2da9bb4b8a77f553782b3355b": ["3", "com.bwx.bequick.preferences.BrightnessPrefs"]}, {"63b3ebb2da9bb4b8a77f553782b3355b": ["3", "com.bwx.bequick.preferences.BrightnessPrefs"]}, {"63b3ebb2da9bb4b8a77f553782b3355b": ["3", "com.bwx.bequick.preferences.BrightnessPrefs"]}, {"63b3ebb2da9bb4b8a77f553782b3355b": ["3", "com.bwx.bequick.preferences.BrightnessPrefs"]}, {"63b3ebb2da9bb4b8a77f553782b3355b": ["3", "com.bwx.bequick.preferences.BrightnessPrefs"]}, {"63b3ebb2da9bb4b8a77f553782b3355b": ["3", "com.bwx.bequick.preferences.BrightnessPrefs"]}, {"63b3ebb2da9bb4b8a77f553782b3355b": ["3", "com.bwx.bequick.preferences.BrightnessPrefs"]}, {"70355228f2a9d4e99e2e6ea36549d041": ["28", "com.bwx.bequick.LayoutSettingsActivity"]}, {"70355228f2a9d4e99e2e6ea36549d041": ["28", "com.bwx.bequick.LayoutSettingsActivity"]}, {"70355228f2a9d4e99e2e6ea36549d041": ["28", "com.bwx.bequick.LayoutSettingsActivity"]}, {"e2c60450f9f1a81bfc9c2bd7e09a64dd": ["9", "com.bwx.bequick.LayoutSettingsActivity"]}, {"e2c60450f9f1a81bfc9c2bd7e09a64dd": ["9", "com.bwx.bequick.LayoutSettingsActivity"]}, {"daf58e25705de7615655bccb00bf6abd": ["24", "com.bwx.bequick.LayoutSettingsActivity"]}, {"daf58e25705de7615655bccb00bf6abd": ["24", "com.bwx.bequick.LayoutSettingsActivity"]}, {"07609d509ff06f47867dfa45a79a0c99": ["0", "com.bwx.bequick.MainSettingsActivity"]}, {"07609d509ff06f47867dfa45a79a0c99": ["0", "com.bwx.bequick.MainSettingsActivity"]}, {"3c6eb5858ced50ffee7ae4c9474fbac0": ["13", "com.bwx.bequick.preferences.CommonPrefs"]}, {"3c6eb5858ced50ffee7ae4c9474fbac0": ["13", "com.bwx.bequick.preferences.CommonPrefs"]}, {"a9b4b1a4b4829b7cb6453b524f9fea73": ["15", "com.bwx.bequick.preferences.CommonPrefs"]}, {"84cf821a14db9f22040fe19b5a48b804": ["17", "com.bwx.bequick.preferences.CommonPrefs"]}, {"84cf821a14db9f22040fe19b5a48b804": ["17", "com.bwx.bequick.preferences.CommonPrefs"]}, {"84cf821a14db9f22040fe19b5a48b804": ["17", "com.bwx.bequick.preferences.CommonPrefs"]}, {"d77fecbe20eb3485bd6e67dffe76d8e6": ["14", "com.bwx.bequick.preferences.CommonPrefs"]}, {"84cf821a14db9f22040fe19b5a48b804": ["17", "com.bwx.bequick.preferences.CommonPrefs"]}, {"84cf821a14db9f22040fe19b5a48b804": ["17", "com.bwx.bequick.preferences.CommonPrefs"]}, {"84cf821a14db9f22040fe19b5a48b804": ["17", "com.bwx.bequick.preferences.CommonPrefs"]}, {"a9b4b1a4b4829b7cb6453b524f9fea73": ["15", "com.bwx.bequick.preferences.CommonPrefs"]}, {"cc8202af67912cdc8fc0eb47cfe9a025": ["32", "com.bwx.bequick.preferences.CommonPrefs"]}, {"3c6eb5858ced50ffee7ae4c9474fbac0": ["13", "com.bwx.bequick.preferences.CommonPrefs"]}, {"3c6eb5858ced50ffee7ae4c9474fbac0": ["13", "com.bwx.bequick.preferences.CommonPrefs"]}, {"3c6eb5858ced50ffee7ae4c9474fbac0": ["13", "com.bwx.bequick.preferences.CommonPrefs"]}, {"3c6eb5858ced50ffee7ae4c9474fbac0": ["13", "com.bwx.bequick.preferences.CommonPrefs"]}, {"e2d4a11840db1a9722f7446bfc536d05": ["16", "com.bwx.bequick.preferences.CommonPrefs"]}, {"3c6eb5858ced50ffee7ae4c9474fbac0": ["13", "com.bwx.bequick.preferences.CommonPrefs"]}, {"a9b4b1a4b4829b7cb6453b524f9fea73": ["15", "com.bwx.bequick.preferences.CommonPrefs"]}, {"3c6eb5858ced50ffee7ae4c9474fbac0": ["13", "com.bwx.bequick.preferences.CommonPrefs"]}, {"e2d4a11840db1a9722f7446bfc536d05": ["16", "com.bwx.bequick.preferences.CommonPrefs"]}, {"3c6eb5858ced50ffee7ae4c9474fbac0": ["13", "com.bwx.bequick.preferences.CommonPrefs"]}, {"3c6eb5858ced50ffee7ae4c9474fbac0": ["13", "com.bwx.bequick.preferences.CommonPrefs"]}, {"3c6eb5858ced50ffee7ae4c9474fbac0": ["13", "com.bwx.bequick.preferences.CommonPrefs"]}, {"e2d4a11840db1a9722f7446bfc536d05": ["16", "com.bwx.bequick.preferences.CommonPrefs"]}, {"8a3c50700e8f108d82bc59e4eb95cec2": ["54", "com.bwx.bequick.DialogSettingsActivity"]}, {"8a3c50700e8f108d82bc59e4eb95cec2": ["54", "com.bwx.bequick.DialogSettingsActivity"]}, {"8a3c50700e8f108d82bc59e4eb95cec2": ["54", "com.bwx.bequick.DialogSettingsActivity"]}, {"8a3c50700e8f108d82bc59e4eb95cec2": ["54", "com.bwx.bequick.DialogSettingsActivity"]}, {"3c6eb5858ced50ffee7ae4c9474fbac0": ["13", "com.bwx.bequick.preferences.CommonPrefs"]}, {"d77fecbe20eb3485bd6e67dffe76d8e6": ["14", "com.bwx.bequick.preferences.CommonPrefs"]}, {"3c6eb5858ced50ffee7ae4c9474fbac0": ["13", "com.bwx.bequick.preferences.CommonPrefs"]}, {"3c6eb5858ced50ffee7ae4c9474fbac0": ["13", "com.bwx.bequick.preferences.CommonPrefs"]}, {"3c6eb5858ced50ffee7ae4c9474fbac0": ["13", "com.bwx.bequick.preferences.CommonPrefs"]}, {"3c6eb5858ced50ffee7ae4c9474fbac0": ["13", "com.bwx.bequick.preferences.CommonPrefs"]}, {"3c6eb5858ced50ffee7ae4c9474fbac0": ["13", "com.bwx.bequick.preferences.CommonPrefs"]}, {"3c6eb5858ced50ffee7ae4c9474fbac0": ["13", "com.bwx.bequick.preferences.CommonPrefs"]}, {"e2d4a11840db1a9722f7446bfc536d05": ["16", "com.bwx.bequick.preferences.CommonPrefs"]}, {"3c6eb5858ced50ffee7ae4c9474fbac0": ["13", "com.bwx.bequick.preferences.CommonPrefs"]}, {"3c6eb5858ced50ffee7ae4c9474fbac0": ["13", "com.bwx.bequick.preferences.CommonPrefs"]}, {"3c6eb5858ced50ffee7ae4c9474fbac0": ["13", "com.bwx.bequick.preferences.CommonPrefs"]}, {"3c6eb5858ced50ffee7ae4c9474fbac0": ["13", "com.bwx.bequick.preferences.CommonPrefs"]}, {"3c6eb5858ced50ffee7ae4c9474fbac0": ["13", "com.bwx.bequick.preferences.CommonPrefs"]}, {"a9b4b1a4b4829b7cb6453b524f9fea73": ["15", "com.bwx.bequick.preferences.CommonPrefs"]}, {"3c6eb5858ced50ffee7ae4c9474fbac0": ["13", "com.bwx.bequick.preferences.CommonPrefs"]}, {"e2d4a11840db1a9722f7446bfc536d05": ["16", "com.bwx.bequick.preferences.CommonPrefs"]}, {"3c6eb5858ced50ffee7ae4c9474fbac0": ["13", "com.bwx.bequick.preferences.CommonPrefs"]}, {"e2d4a11840db1a9722f7446bfc536d05": ["16", "com.bwx.bequick.preferences.CommonPrefs"]}, {"7fa3e333bbf48a370e6277c6ac4f495c": ["57", "com.bwx.bequick.DialogSettingsActivity"]}, {"e2c60450f9f1a81bfc9c2bd7e09a64dd": ["9", "com.bwx.bequick.LayoutSettingsActivity"]}, {"e2c60450f9f1a81bfc9c2bd7e09a64dd": ["9", "com.bwx.bequick.LayoutSettingsActivity"]}, {"e2c60450f9f1a81bfc9c2bd7e09a64dd": ["9", "com.bwx.bequick.LayoutSettingsActivity"]}, {"e2c60450f9f1a81bfc9c2bd7e09a64dd": ["9", "com.bwx.bequick.LayoutSettingsActivity"]}, {"e2c60450f9f1a81bfc9c2bd7e09a64dd": ["9", "com.bwx.bequick.LayoutSettingsActivity"]}, {"5fb49dc1b0eba085759e344c010c1494": ["10", "com.bwx.bequick.LayoutSettingsActivity"]}, {"5fb49dc1b0eba085759e344c010c1494": ["10", "com.bwx.bequick.LayoutSettingsActivity"]}, {"96866bc5ff388952a5fe9f82ef3f5602": ["26", "com.bwx.bequick.LayoutSettingsActivity"]}, {"e2c60450f9f1a81bfc9c2bd7e09a64dd": ["9", "com.bwx.bequick.LayoutSettingsActivity"]}, {"e2c60450f9f1a81bfc9c2bd7e09a64dd": ["9", "com.bwx.bequick.LayoutSettingsActivity"]}, {"5fb49dc1b0eba085759e344c010c1494": ["10", "com.bwx.bequick.LayoutSettingsActivity"]}, {"5fb49dc1b0eba085759e344c010c1494": ["10", "com.bwx.bequick.LayoutSettingsActivity"]}, {"7fa3e333bbf48a370e6277c6ac4f495c": ["57", "com.bwx.bequick.DialogSettingsActivity"]}, {"7fa3e333bbf48a370e6277c6ac4f495c": ["57", "com.bwx.bequick.DialogSettingsActivity"]}, {"7fa3e333bbf48a370e6277c6ac4f495c": ["57", "com.bwx.bequick.DialogSettingsActivity"]}, {"e2c60450f9f1a81bfc9c2bd7e09a64dd": ["9", "com.bwx.bequick.LayoutSettingsActivity"]}, {"daf58e25705de7615655bccb00bf6abd": ["24", "com.bwx.bequick.LayoutSettingsActivity"]}, {"ca01c161ba1647686e8c63a8685cbe53": ["23", "com.bwx.bequick.LayoutSettingsActivity"]}, {"96866bc5ff388952a5fe9f82ef3f5602": ["26", "com.bwx.bequick.LayoutSettingsActivity"]}, {"5fb49dc1b0eba085759e344c010c1494": ["10", "com.bwx.bequick.LayoutSettingsActivity"]}, {"5fb49dc1b0eba085759e344c010c1494": ["10", "com.bwx.bequick.LayoutSettingsActivity"]}, {"70355228f2a9d4e99e2e6ea36549d041": ["28", "com.bwx.bequick.LayoutSettingsActivity"]}, {"70355228f2a9d4e99e2e6ea36549d041": ["28", "com.bwx.bequick.LayoutSettingsActivity"]}, {"70355228f2a9d4e99e2e6ea36549d041": ["28", "com.bwx.bequick.LayoutSettingsActivity"]}, {"70355228f2a9d4e99e2e6ea36549d041": ["28", "com.bwx.bequick.LayoutSettingsActivity"]}, {"96866bc5ff388952a5fe9f82ef3f5602": ["26", "com.bwx.bequick.LayoutSettingsActivity"]}, {"96866bc5ff388952a5fe9f82ef3f5602": ["26", "com.bwx.bequick.LayoutSettingsActivity"]}, {"5fb49dc1b0eba085759e344c010c1494": ["10", "com.bwx.bequick.LayoutSettingsActivity"]}, {"5fb49dc1b0eba085759e344c010c1494": ["10", "com.bwx.bequick.LayoutSettingsActivity"]}, {"5fb49dc1b0eba085759e344c010c1494": ["10", "com.bwx.bequick.LayoutSettingsActivity"]}, {"5fb49dc1b0eba085759e344c010c1494": ["10", "com.bwx.bequick.LayoutSettingsActivity"]}, {"5fb49dc1b0eba085759e344c010c1494": ["10", "com.bwx.bequick.LayoutSettingsActivity"]}, {"5fb49dc1b0eba085759e344c010c1494": ["10", "com.bwx.bequick.LayoutSettingsActivity"]}, {"5fb49dc1b0eba085759e344c010c1494": ["10", "com.bwx.bequick.LayoutSettingsActivity"]}, {"5fb49dc1b0eba085759e344c010c1494": ["10", "com.bwx.bequick.LayoutSettingsActivity"]}, {"70355228f2a9d4e99e2e6ea36549d041": ["28", "com.bwx.bequick.LayoutSettingsActivity"]}, {"5fb49dc1b0eba085759e344c010c1494": ["10", "com.bwx.bequick.LayoutSettingsActivity"]}, {"e2c60450f9f1a81bfc9c2bd7e09a64dd": ["9", "com.bwx.bequick.LayoutSettingsActivity"]}, {"70355228f2a9d4e99e2e6ea36549d041": ["28", "com.bwx.bequick.LayoutSettingsActivity"]}, {"70355228f2a9d4e99e2e6ea36549d041": ["28", "com.bwx.bequick.LayoutSettingsActivity"]}, {"e2c60450f9f1a81bfc9c2bd7e09a64dd": ["9", "com.bwx.bequick.LayoutSettingsActivity"]}, {"e2c60450f9f1a81bfc9c2bd7e09a64dd": ["9", "com.bwx.bequick.LayoutSettingsActivity"]}, {"e2c60450f9f1a81bfc9c2bd7e09a64dd": ["9", "com.bwx.bequick.LayoutSettingsActivity"]}, {"5fb49dc1b0eba085759e344c010c1494": ["10", "com.bwx.bequick.LayoutSettingsActivity"]}, {"5fb49dc1b0eba085759e344c010c1494": ["10", "com.bwx.bequick.LayoutSettingsActivity"]}, {"5fb49dc1b0eba085759e344c010c1494": ["10", "com.bwx.bequick.LayoutSettingsActivity"]}, {"2ea16d95b1ca8714a0a630c02db123ca": ["21", "com.bwx.bequick.LayoutSettingsActivity"]}, {"5fb49dc1b0eba085759e344c010c1494": ["10", "com.bwx.bequick.LayoutSettingsActivity"]}, {"5024ed88c4a7bb3fc52c62042348d6ec": ["25", "com.bwx.bequick.LayoutSettingsActivity"]}, {"70355228f2a9d4e99e2e6ea36549d041": ["28", "com.bwx.bequick.LayoutSettingsActivity"]}, {"5fb49dc1b0eba085759e344c010c1494": ["10", "com.bwx.bequick.LayoutSettingsActivity"]}, {"5fb49dc1b0eba085759e344c010c1494": ["10", "com.bwx.bequick.LayoutSettingsActivity"]}, {"5fb49dc1b0eba085759e344c010c1494": ["10", "com.bwx.bequick.LayoutSettingsActivity"]}, {"5fb49dc1b0eba085759e344c010c1494": ["10", "com.bwx.bequick.LayoutSettingsActivity"]}, {"5fb49dc1b0eba085759e344c010c1494": ["10", "com.bwx.bequick.LayoutSettingsActivity"]}, {"5fb49dc1b0eba085759e344c010c1494": ["10", "com.bwx.bequick.LayoutSettingsActivity"]}, {"e2c60450f9f1a81bfc9c2bd7e09a64dd": ["9", "com.bwx.bequick.LayoutSettingsActivity"]}, {"6c3eb20196d0a9b7a73a2b88432eca81": ["7", "com.bwx.bequick.preferences.MobileDataPrefs"]}, {"6c3eb20196d0a9b7a73a2b88432eca81": ["7", "com.bwx.bequick.preferences.MobileDataPrefs"]}, {"6c3eb20196d0a9b7a73a2b88432eca81": ["7", "com.bwx.bequick.preferences.MobileDataPrefs"]}, {"6c3eb20196d0a9b7a73a2b88432eca81": ["7", "com.bwx.bequick.preferences.MobileDataPrefs"]}, {"6c3eb20196d0a9b7a73a2b88432eca81": ["7", "com.bwx.bequick.preferences.MobileDataPrefs"]}, {"6c3eb20196d0a9b7a73a2b88432eca81": ["7", "com.bwx.bequick.preferences.MobileDataPrefs"]}, {"6c3eb20196d0a9b7a73a2b88432eca81": ["7", "com.bwx.bequick.preferences.MobileDataPrefs"]}, {"6c3eb20196d0a9b7a73a2b88432eca81": ["7", "com.bwx.bequick.preferences.MobileDataPrefs"]}, {"6c3eb20196d0a9b7a73a2b88432eca81": ["7", "com.bwx.bequick.preferences.MobileDataPrefs"]}, {"6c3eb20196d0a9b7a73a2b88432eca81": ["7", "com.bwx.bequick.preferences.MobileDataPrefs"]}, {"6c3eb20196d0a9b7a73a2b88432eca81": ["7", "com.bwx.bequick.preferences.MobileDataPrefs"]}, {"6c3eb20196d0a9b7a73a2b88432eca81": ["7", "com.bwx.bequick.preferences.MobileDataPrefs"]}, {"6c3eb20196d0a9b7a73a2b88432eca81": ["7", "com.bwx.bequick.preferences.MobileDataPrefs"]}, {"6c3eb20196d0a9b7a73a2b88432eca81": ["7", "com.bwx.bequick.preferences.MobileDataPrefs"]}, {"ca01c161ba1647686e8c63a8685cbe53": ["23", "com.bwx.bequick.LayoutSettingsActivity"]}, {"ca01c161ba1647686e8c63a8685cbe53": ["23", "com.bwx.bequick.LayoutSettingsActivity"]}, {"e2c60450f9f1a81bfc9c2bd7e09a64dd": ["9", "com.bwx.bequick.LayoutSettingsActivity"]}, {"e2c60450f9f1a81bfc9c2bd7e09a64dd": ["9", "com.bwx.bequick.LayoutSettingsActivity"]}, {"5fb49dc1b0eba085759e344c010c1494": ["10", "com.bwx.bequick.LayoutSettingsActivity"]}, {"5fb49dc1b0eba085759e344c010c1494": ["10", "com.bwx.bequick.LayoutSettingsActivity"]}, {"5fb49dc1b0eba085759e344c010c1494": ["10", "com.bwx.bequick.LayoutSettingsActivity"]}, {"5fb49dc1b0eba085759e344c010c1494": ["10", "com.bwx.bequick.LayoutSettingsActivity"]}, {"ca01c161ba1647686e8c63a8685cbe53": ["23", "com.bwx.bequick.LayoutSettingsActivity"]}, {"e2c60450f9f1a81bfc9c2bd7e09a64dd": ["9", "com.bwx.bequick.LayoutSettingsActivity"]}, {"e2c60450f9f1a81bfc9c2bd7e09a64dd": ["9", "com.bwx.bequick.LayoutSettingsActivity"]}, {"e2c60450f9f1a81bfc9c2bd7e09a64dd": ["9", "com.bwx.bequick.LayoutSettingsActivity"]}, {"e2c60450f9f1a81bfc9c2bd7e09a64dd": ["9", "com.bwx.bequick.LayoutSettingsActivity"]}, {"5fb49dc1b0eba085759e344c010c1494": ["10", "com.bwx.bequick.LayoutSettingsActivity"]}, {"ca01c161ba1647686e8c63a8685cbe53": ["23", "com.bwx.bequick.LayoutSettingsActivity"]}, {"ca01c161ba1647686e8c63a8685cbe53": ["23", "com.bwx.bequick.LayoutSettingsActivity"]}, {"39e2dbdac038b6fbb9d04787dceb500c": ["41", "com.bwx.bequick.LayoutSettingsActivity"]}, {"2ea16d95b1ca8714a0a630c02db123ca": ["21", "com.bwx.bequick.LayoutSettingsActivity"]}, {"2ea16d95b1ca8714a0a630c02db123ca": ["21", "com.bwx.bequick.LayoutSettingsActivity"]}, {"2ea16d95b1ca8714a0a630c02db123ca": ["21", "com.bwx.bequick.LayoutSettingsActivity"]}, {"5fb49dc1b0eba085759e344c010c1494": ["10", "com.bwx.bequick.LayoutSettingsActivity"]}, {"5fb49dc1b0eba085759e344c010c1494": ["10", "com.bwx.bequick.LayoutSettingsActivity"]}, {"5fb49dc1b0eba085759e344c010c1494": ["10", "com.bwx.bequick.LayoutSettingsActivity"]}, {"9047655b2d0c2fbdb8c0838f7f642792": ["12", "com.bwx.bequick.preferences.AirplaneModePrefs"]}, {"9047655b2d0c2fbdb8c0838f7f642792": ["12", "com.bwx.bequick.preferences.AirplaneModePrefs"]}, {"9047655b2d0c2fbdb8c0838f7f642792": ["12", "com.bwx.bequick.preferences.AirplaneModePrefs"]}, {"9047655b2d0c2fbdb8c0838f7f642792": ["12", "com.bwx.bequick.preferences.AirplaneModePrefs"]}, {"e2c60450f9f1a81bfc9c2bd7e09a64dd": ["9", "com.bwx.bequick.LayoutSettingsActivity"]}, {"e2c60450f9f1a81bfc9c2bd7e09a64dd": ["9", "com.bwx.bequick.LayoutSettingsActivity"]}, {"e2c60450f9f1a81bfc9c2bd7e09a64dd": ["9", "com.bwx.bequick.LayoutSettingsActivity"]}, {"e2c60450f9f1a81bfc9c2bd7e09a64dd": ["9", "com.bwx.bequick.LayoutSettingsActivity"]}, {"e2c60450f9f1a81bfc9c2bd7e09a64dd": ["9", "com.bwx.bequick.LayoutSettingsActivity"]}, {"70355228f2a9d4e99e2e6ea36549d041": ["28", "com.bwx.bequick.LayoutSettingsActivity"]}, {"70355228f2a9d4e99e2e6ea36549d041": ["28", "com.bwx.bequick.LayoutSettingsActivity"]}, {"7fa3e333bbf48a370e6277c6ac4f495c": ["57", "com.bwx.bequick.DialogSettingsActivity"]}, {"7fa3e333bbf48a370e6277c6ac4f495c": ["57", "com.bwx.bequick.DialogSettingsActivity"]}, {"7fa3e333bbf48a370e6277c6ac4f495c": ["57", "com.bwx.bequick.DialogSettingsActivity"]}, {"7fa3e333bbf48a370e6277c6ac4f495c": ["57", "com.bwx.bequick.DialogSettingsActivity"]}]