[{"07609d509ff06f47867dfa45a79a0c99": ["0", "com.bwx.bequick.MainSettingsActivity"]}, {"07609d509ff06f47867dfa45a79a0c99": ["0", "com.bwx.bequick.MainSettingsActivity"]}, {"07609d509ff06f47867dfa45a79a0c99": ["0", "com.bwx.bequick.MainSettingsActivity"]}, {"fbc106ffff5f211bbf4ccce94c077c3f": ["5", "com.bwx.bequick.MainSettingsActivity"]}, {"07609d509ff06f47867dfa45a79a0c99": ["0", "com.bwx.bequick.MainSettingsActivity"]}, {"fbc106ffff5f211bbf4ccce94c077c3f": ["5", "com.bwx.bequick.MainSettingsActivity"]}, {"07609d509ff06f47867dfa45a79a0c99": ["0", "com.bwx.bequick.MainSettingsActivity"]}, {"07609d509ff06f47867dfa45a79a0c99": ["0", "com.bwx.bequick.MainSettingsActivity"]}, {"07609d509ff06f47867dfa45a79a0c99": ["0", "com.bwx.bequick.MainSettingsActivity"]}, {"07609d509ff06f47867dfa45a79a0c99": ["0", "com.bwx.bequick.MainSettingsActivity"]}, {"07609d509ff06f47867dfa45a79a0c99": ["0", "com.bwx.bequick.MainSettingsActivity"]}, {"07609d509ff06f47867dfa45a79a0c99": ["0", "com.bwx.bequick.MainSettingsActivity"]}, {"07609d509ff06f47867dfa45a79a0c99": ["0", "com.bwx.bequick.MainSettingsActivity"]}, {"fbc106ffff5f211bbf4ccce94c077c3f": ["5", "com.bwx.bequick.MainSettingsActivity"]}, {"07609d509ff06f47867dfa45a79a0c99": ["0", "com.bwx.bequick.MainSettingsActivity"]}, {"07609d509ff06f47867dfa45a79a0c99": ["0", "com.bwx.bequick.MainSettingsActivity"]}, {"07609d509ff06f47867dfa45a79a0c99": ["0", "com.bwx.bequick.MainSettingsActivity"]}, {"3c6eb5858ced50ffee7ae4c9474fbac0": ["13", "com.bwx.bequick.preferences.CommonPrefs"]}, {"e2d4a11840db1a9722f7446bfc536d05": ["16", "com.bwx.bequick.preferences.CommonPrefs"]}, {"3c6eb5858ced50ffee7ae4c9474fbac0": ["13", "com.bwx.bequick.preferences.CommonPrefs"]}, {"e2d4a11840db1a9722f7446bfc536d05": ["16", "com.bwx.bequick.preferences.CommonPrefs"]}, {"3c6eb5858ced50ffee7ae4c9474fbac0": ["13", "com.bwx.bequick.preferences.CommonPrefs"]}, {"3c6eb5858ced50ffee7ae4c9474fbac0": ["13", "com.bwx.bequick.preferences.CommonPrefs"]}, {"3c6eb5858ced50ffee7ae4c9474fbac0": ["13", "com.bwx.bequick.preferences.CommonPrefs"]}, {"07609d509ff06f47867dfa45a79a0c99": ["0", "com.bwx.bequick.MainSettingsActivity"]}, {"07609d509ff06f47867dfa45a79a0c99": ["0", "com.bwx.bequick.MainSettingsActivity"]}, {"fbc106ffff5f211bbf4ccce94c077c3f": ["5", "com.bwx.bequick.MainSettingsActivity"]}, {"07609d509ff06f47867dfa45a79a0c99": ["0", "com.bwx.bequick.MainSettingsActivity"]}, {"07609d509ff06f47867dfa45a79a0c99": ["0", "com.bwx.bequick.MainSettingsActivity"]}, {"59eb85470e0270c720e506e6094f241a": ["2", "com.bwx.bequick.MainSettingsActivity"]}, {"07609d509ff06f47867dfa45a79a0c99": ["0", "com.bwx.bequick.MainSettingsActivity"]}, {"07609d509ff06f47867dfa45a79a0c99": ["0", "com.bwx.bequick.MainSettingsActivity"]}, {"07609d509ff06f47867dfa45a79a0c99": ["0", "com.bwx.bequick.MainSettingsActivity"]}, {"fbc106ffff5f211bbf4ccce94c077c3f": ["5", "com.bwx.bequick.MainSettingsActivity"]}, {"07609d509ff06f47867dfa45a79a0c99": ["0", "com.bwx.bequick.MainSettingsActivity"]}, {"07609d509ff06f47867dfa45a79a0c99": ["0", "com.bwx.bequick.MainSettingsActivity"]}, {"07609d509ff06f47867dfa45a79a0c99": ["0", "com.bwx.bequick.MainSettingsActivity"]}, {"07609d509ff06f47867dfa45a79a0c99": ["0", "com.bwx.bequick.MainSettingsActivity"]}, {"07609d509ff06f47867dfa45a79a0c99": ["0", "com.bwx.bequick.MainSettingsActivity"]}, {"07609d509ff06f47867dfa45a79a0c99": ["0", "com.bwx.bequick.MainSettingsActivity"]}, {"07609d509ff06f47867dfa45a79a0c99": ["0", "com.bwx.bequick.MainSettingsActivity"]}, {"07609d509ff06f47867dfa45a79a0c99": ["0", "com.bwx.bequick.MainSettingsActivity"]}, {"07609d509ff06f47867dfa45a79a0c99": ["0", "com.bwx.bequick.MainSettingsActivity"]}, {"07609d509ff06f47867dfa45a79a0c99": ["0", "com.bwx.bequick.MainSettingsActivity"]}, {"07609d509ff06f47867dfa45a79a0c99": ["0", "com.bwx.bequick.MainSettingsActivity"]}, {"07609d509ff06f47867dfa45a79a0c99": ["0", "com.bwx.bequick.MainSettingsActivity"]}, {"07609d509ff06f47867dfa45a79a0c99": ["0", "com.bwx.bequick.MainSettingsActivity"]}, {"07609d509ff06f47867dfa45a79a0c99": ["0", "com.bwx.bequick.MainSettingsActivity"]}, {"07609d509ff06f47867dfa45a79a0c99": ["0", "com.bwx.bequick.MainSettingsActivity"]}, {"07609d509ff06f47867dfa45a79a0c99": ["0", "com.bwx.bequick.MainSettingsActivity"]}, {"07609d509ff06f47867dfa45a79a0c99": ["0", "com.bwx.bequick.MainSettingsActivity"]}, {"2ea16d95b1ca8714a0a630c02db123ca": ["21", "com.bwx.bequick.LayoutSettingsActivity"]}, {"2ea16d95b1ca8714a0a630c02db123ca": ["21", "com.bwx.bequick.LayoutSettingsActivity"]}, {"2ea16d95b1ca8714a0a630c02db123ca": ["21", "com.bwx.bequick.LayoutSettingsActivity"]}, {"2ea16d95b1ca8714a0a630c02db123ca": ["21", "com.bwx.bequick.LayoutSettingsActivity"]}, {"2ea16d95b1ca8714a0a630c02db123ca": ["21", "com.bwx.bequick.LayoutSettingsActivity"]}, {"ca01c161ba1647686e8c63a8685cbe53": ["23", "com.bwx.bequick.LayoutSettingsActivity"]}, {"ca01c161ba1647686e8c63a8685cbe53": ["23", "com.bwx.bequick.LayoutSettingsActivity"]}, {"ca01c161ba1647686e8c63a8685cbe53": ["23", "com.bwx.bequick.LayoutSettingsActivity"]}, {"ca01c161ba1647686e8c63a8685cbe53": ["23", "com.bwx.bequick.LayoutSettingsActivity"]}, {"ca01c161ba1647686e8c63a8685cbe53": ["23", "com.bwx.bequick.LayoutSettingsActivity"]}, {"5fb49dc1b0eba085759e344c010c1494": ["10", "com.bwx.bequick.LayoutSettingsActivity"]}, {"5fb49dc1b0eba085759e344c010c1494": ["10", "com.bwx.bequick.LayoutSettingsActivity"]}, {"5fb49dc1b0eba085759e344c010c1494": ["10", "com.bwx.bequick.LayoutSettingsActivity"]}, {"5fb49dc1b0eba085759e344c010c1494": ["10", "com.bwx.bequick.LayoutSettingsActivity"]}, {"07609d509ff06f47867dfa45a79a0c99": ["0", "com.bwx.bequick.MainSettingsActivity"]}, {"e2c60450f9f1a81bfc9c2bd7e09a64dd": ["9", "com.bwx.bequick.LayoutSettingsActivity"]}, {"e2c60450f9f1a81bfc9c2bd7e09a64dd": ["9", "com.bwx.bequick.LayoutSettingsActivity"]}, {"e2c60450f9f1a81bfc9c2bd7e09a64dd": ["9", "com.bwx.bequick.LayoutSettingsActivity"]}, {"daf58e25705de7615655bccb00bf6abd": ["24", "com.bwx.bequick.LayoutSettingsActivity"]}, {"daf58e25705de7615655bccb00bf6abd": ["24", "com.bwx.bequick.LayoutSettingsActivity"]}, {"daf58e25705de7615655bccb00bf6abd": ["24", "com.bwx.bequick.LayoutSettingsActivity"]}, {"e2c60450f9f1a81bfc9c2bd7e09a64dd": ["9", "com.bwx.bequick.LayoutSettingsActivity"]}, {"5024ed88c4a7bb3fc52c62042348d6ec": ["25", "com.bwx.bequick.LayoutSettingsActivity"]}, {"5024ed88c4a7bb3fc52c62042348d6ec": ["25", "com.bwx.bequick.LayoutSettingsActivity"]}, {"5024ed88c4a7bb3fc52c62042348d6ec": ["25", "com.bwx.bequick.LayoutSettingsActivity"]}, {"5024ed88c4a7bb3fc52c62042348d6ec": ["25", "com.bwx.bequick.LayoutSettingsActivity"]}, {"5024ed88c4a7bb3fc52c62042348d6ec": ["25", "com.bwx.bequick.LayoutSettingsActivity"]}, {"5024ed88c4a7bb3fc52c62042348d6ec": ["25", "com.bwx.bequick.LayoutSettingsActivity"]}, {"5024ed88c4a7bb3fc52c62042348d6ec": ["25", "com.bwx.bequick.LayoutSettingsActivity"]}, {"5024ed88c4a7bb3fc52c62042348d6ec": ["25", "com.bwx.bequick.LayoutSettingsActivity"]}, {"5024ed88c4a7bb3fc52c62042348d6ec": ["25", "com.bwx.bequick.LayoutSettingsActivity"]}, {"5024ed88c4a7bb3fc52c62042348d6ec": ["25", "com.bwx.bequick.LayoutSettingsActivity"]}, {"2ea16d95b1ca8714a0a630c02db123ca": ["21", "com.bwx.bequick.LayoutSettingsActivity"]}, {"ca01c161ba1647686e8c63a8685cbe53": ["23", "com.bwx.bequick.LayoutSettingsActivity"]}, {"2ea16d95b1ca8714a0a630c02db123ca": ["21", "com.bwx.bequick.LayoutSettingsActivity"]}, {"07609d509ff06f47867dfa45a79a0c99": ["0", "com.bwx.bequick.MainSettingsActivity"]}, {"07609d509ff06f47867dfa45a79a0c99": ["0", "com.bwx.bequick.MainSettingsActivity"]}, {"07609d509ff06f47867dfa45a79a0c99": ["0", "com.bwx.bequick.MainSettingsActivity"]}, {"fbc106ffff5f211bbf4ccce94c077c3f": ["5", "com.bwx.bequick.MainSettingsActivity"]}, {"07609d509ff06f47867dfa45a79a0c99": ["0", "com.bwx.bequick.MainSettingsActivity"]}, {"07609d509ff06f47867dfa45a79a0c99": ["0", "com.bwx.bequick.MainSettingsActivity"]}, {"07609d509ff06f47867dfa45a79a0c99": ["0", "com.bwx.bequick.MainSettingsActivity"]}, {"07609d509ff06f47867dfa45a79a0c99": ["0", "com.bwx.bequick.MainSettingsActivity"]}, {"07609d509ff06f47867dfa45a79a0c99": ["0", "com.bwx.bequick.MainSettingsActivity"]}, {"07609d509ff06f47867dfa45a79a0c99": ["0", "com.bwx.bequick.MainSettingsActivity"]}, {"07609d509ff06f47867dfa45a79a0c99": ["0", "com.bwx.bequick.MainSettingsActivity"]}, {"07609d509ff06f47867dfa45a79a0c99": ["0", "com.bwx.bequick.MainSettingsActivity"]}, {"07609d509ff06f47867dfa45a79a0c99": ["0", "com.bwx.bequick.MainSettingsActivity"]}, {"07609d509ff06f47867dfa45a79a0c99": ["0", "com.bwx.bequick.MainSettingsActivity"]}, {"fbc106ffff5f211bbf4ccce94c077c3f": ["5", "com.bwx.bequick.MainSettingsActivity"]}, {"07609d509ff06f47867dfa45a79a0c99": ["0", "com.bwx.bequick.MainSettingsActivity"]}, {"07609d509ff06f47867dfa45a79a0c99": ["0", "com.bwx.bequick.MainSettingsActivity"]}, {"07609d509ff06f47867dfa45a79a0c99": ["0", "com.bwx.bequick.MainSettingsActivity"]}, {"07609d509ff06f47867dfa45a79a0c99": ["0", "com.bwx.bequick.MainSettingsActivity"]}, {"5936bfcb5143a2c0b1a0ad5b63983215": ["1", "com.bwx.bequick.MainSettingsActivity"]}, {"5936bfcb5143a2c0b1a0ad5b63983215": ["1", "com.bwx.bequick.MainSettingsActivity"]}, {"5936bfcb5143a2c0b1a0ad5b63983215": ["1", "com.bwx.bequick.MainSettingsActivity"]}, {"5936bfcb5143a2c0b1a0ad5b63983215": ["1", "com.bwx.bequick.MainSettingsActivity"]}, {"5936bfcb5143a2c0b1a0ad5b63983215": ["1", "com.bwx.bequick.MainSettingsActivity"]}, {"5936bfcb5143a2c0b1a0ad5b63983215": ["1", "com.bwx.bequick.MainSettingsActivity"]}, {"5936bfcb5143a2c0b1a0ad5b63983215": ["1", "com.bwx.bequick.MainSettingsActivity"]}, {"5936bfcb5143a2c0b1a0ad5b63983215": ["1", "com.bwx.bequick.MainSettingsActivity"]}, {"5936bfcb5143a2c0b1a0ad5b63983215": ["1", "com.bwx.bequick.MainSettingsActivity"]}, {"5936bfcb5143a2c0b1a0ad5b63983215": ["1", "com.bwx.bequick.MainSettingsActivity"]}, {"5936bfcb5143a2c0b1a0ad5b63983215": ["1", "com.bwx.bequick.MainSettingsActivity"]}, {"5936bfcb5143a2c0b1a0ad5b63983215": ["1", "com.bwx.bequick.MainSettingsActivity"]}, {"5936bfcb5143a2c0b1a0ad5b63983215": ["1", "com.bwx.bequick.MainSettingsActivity"]}, {"5936bfcb5143a2c0b1a0ad5b63983215": ["1", "com.bwx.bequick.MainSettingsActivity"]}, {"5936bfcb5143a2c0b1a0ad5b63983215": ["1", "com.bwx.bequick.MainSettingsActivity"]}, {"5936bfcb5143a2c0b1a0ad5b63983215": ["1", "com.bwx.bequick.MainSettingsActivity"]}, {"5936bfcb5143a2c0b1a0ad5b63983215": ["1", "com.bwx.bequick.MainSettingsActivity"]}, {"5936bfcb5143a2c0b1a0ad5b63983215": ["1", "com.bwx.bequick.MainSettingsActivity"]}, {"5936bfcb5143a2c0b1a0ad5b63983215": ["1", "com.bwx.bequick.MainSettingsActivity"]}, {"5936bfcb5143a2c0b1a0ad5b63983215": ["1", "com.bwx.bequick.MainSettingsActivity"]}, {"5936bfcb5143a2c0b1a0ad5b63983215": ["1", "com.bwx.bequick.MainSettingsActivity"]}, {"5936bfcb5143a2c0b1a0ad5b63983215": ["1", "com.bwx.bequick.MainSettingsActivity"]}, {"5936bfcb5143a2c0b1a0ad5b63983215": ["1", "com.bwx.bequick.MainSettingsActivity"]}, {"5936bfcb5143a2c0b1a0ad5b63983215": ["1", "com.bwx.bequick.MainSettingsActivity"]}, {"5936bfcb5143a2c0b1a0ad5b63983215": ["1", "com.bwx.bequick.MainSettingsActivity"]}, {"5936bfcb5143a2c0b1a0ad5b63983215": ["1", "com.bwx.bequick.MainSettingsActivity"]}, {"fbc106ffff5f211bbf4ccce94c077c3f": ["5", "com.bwx.bequick.MainSettingsActivity"]}, {"5936bfcb5143a2c0b1a0ad5b63983215": ["1", "com.bwx.bequick.MainSettingsActivity"]}, {"5936bfcb5143a2c0b1a0ad5b63983215": ["1", "com.bwx.bequick.MainSettingsActivity"]}, {"5936bfcb5143a2c0b1a0ad5b63983215": ["1", "com.bwx.bequick.MainSettingsActivity"]}, {"fbc106ffff5f211bbf4ccce94c077c3f": ["5", "com.bwx.bequick.MainSettingsActivity"]}, {"5936bfcb5143a2c0b1a0ad5b63983215": ["1", "com.bwx.bequick.MainSettingsActivity"]}, {"5936bfcb5143a2c0b1a0ad5b63983215": ["1", "com.bwx.bequick.MainSettingsActivity"]}, {"5936bfcb5143a2c0b1a0ad5b63983215": ["1", "com.bwx.bequick.MainSettingsActivity"]}, {"5936bfcb5143a2c0b1a0ad5b63983215": ["1", "com.bwx.bequick.MainSettingsActivity"]}, {"5936bfcb5143a2c0b1a0ad5b63983215": ["1", "com.bwx.bequick.MainSettingsActivity"]}, {"5936bfcb5143a2c0b1a0ad5b63983215": ["1", "com.bwx.bequick.MainSettingsActivity"]}, {"5936bfcb5143a2c0b1a0ad5b63983215": ["1", "com.bwx.bequick.MainSettingsActivity"]}, {"07609d509ff06f47867dfa45a79a0c99": ["0", "com.bwx.bequick.MainSettingsActivity"]}, {"07609d509ff06f47867dfa45a79a0c99": ["0", "com.bwx.bequick.MainSettingsActivity"]}, {"fbc106ffff5f211bbf4ccce94c077c3f": ["5", "com.bwx.bequick.MainSettingsActivity"]}, {"07609d509ff06f47867dfa45a79a0c99": ["0", "com.bwx.bequick.MainSettingsActivity"]}, {"07609d509ff06f47867dfa45a79a0c99": ["0", "com.bwx.bequick.MainSettingsActivity"]}, {"07609d509ff06f47867dfa45a79a0c99": ["0", "com.bwx.bequick.MainSettingsActivity"]}, {"07609d509ff06f47867dfa45a79a0c99": ["0", "com.bwx.bequick.MainSettingsActivity"]}, {"07609d509ff06f47867dfa45a79a0c99": ["0", "com.bwx.bequick.MainSettingsActivity"]}, {"07609d509ff06f47867dfa45a79a0c99": ["0", "com.bwx.bequick.MainSettingsActivity"]}, {"07609d509ff06f47867dfa45a79a0c99": ["0", "com.bwx.bequick.MainSettingsActivity"]}, {"07609d509ff06f47867dfa45a79a0c99": ["0", "com.bwx.bequick.MainSettingsActivity"]}, {"07609d509ff06f47867dfa45a79a0c99": ["0", "com.bwx.bequick.MainSettingsActivity"]}, {"fbc106ffff5f211bbf4ccce94c077c3f": ["5", "com.bwx.bequick.MainSettingsActivity"]}, {"07609d509ff06f47867dfa45a79a0c99": ["0", "com.bwx.bequick.MainSettingsActivity"]}, {"07609d509ff06f47867dfa45a79a0c99": ["0", "com.bwx.bequick.MainSettingsActivity"]}, {"07609d509ff06f47867dfa45a79a0c99": ["0", "com.bwx.bequick.MainSettingsActivity"]}, {"07609d509ff06f47867dfa45a79a0c99": ["0", "com.bwx.bequick.MainSettingsActivity"]}, {"07609d509ff06f47867dfa45a79a0c99": ["0", "com.bwx.bequick.MainSettingsActivity"]}, {"e2c60450f9f1a81bfc9c2bd7e09a64dd": ["9", "com.bwx.bequick.LayoutSettingsActivity"]}, {"ca01c161ba1647686e8c63a8685cbe53": ["23", "com.bwx.bequick.LayoutSettingsActivity"]}, {"e2c60450f9f1a81bfc9c2bd7e09a64dd": ["9", "com.bwx.bequick.LayoutSettingsActivity"]}, {"96866bc5ff388952a5fe9f82ef3f5602": ["26", "com.bwx.bequick.LayoutSettingsActivity"]}, {"e2c60450f9f1a81bfc9c2bd7e09a64dd": ["9", "com.bwx.bequick.LayoutSettingsActivity"]}, {"e2c60450f9f1a81bfc9c2bd7e09a64dd": ["9", "com.bwx.bequick.LayoutSettingsActivity"]}, {"5fb49dc1b0eba085759e344c010c1494": ["10", "com.bwx.bequick.LayoutSettingsActivity"]}, {"5fb49dc1b0eba085759e344c010c1494": ["10", "com.bwx.bequick.LayoutSettingsActivity"]}, {"5fb49dc1b0eba085759e344c010c1494": ["10", "com.bwx.bequick.LayoutSettingsActivity"]}, {"5fb49dc1b0eba085759e344c010c1494": ["10", "com.bwx.bequick.LayoutSettingsActivity"]}, {"5024ed88c4a7bb3fc52c62042348d6ec": ["25", "com.bwx.bequick.LayoutSettingsActivity"]}, {"5024ed88c4a7bb3fc52c62042348d6ec": ["25", "com.bwx.bequick.LayoutSettingsActivity"]}, {"ca01c161ba1647686e8c63a8685cbe53": ["23", "com.bwx.bequick.LayoutSettingsActivity"]}, {"ca01c161ba1647686e8c63a8685cbe53": ["23", "com.bwx.bequick.LayoutSettingsActivity"]}, {"ca01c161ba1647686e8c63a8685cbe53": ["23", "com.bwx.bequick.LayoutSettingsActivity"]}, {"5024ed88c4a7bb3fc52c62042348d6ec": ["25", "com.bwx.bequick.LayoutSettingsActivity"]}, {"5024ed88c4a7bb3fc52c62042348d6ec": ["25", "com.bwx.bequick.LayoutSettingsActivity"]}, {"5024ed88c4a7bb3fc52c62042348d6ec": ["25", "com.bwx.bequick.LayoutSettingsActivity"]}, {"ca01c161ba1647686e8c63a8685cbe53": ["23", "com.bwx.bequick.LayoutSettingsActivity"]}, {"ca01c161ba1647686e8c63a8685cbe53": ["23", "com.bwx.bequick.LayoutSettingsActivity"]}, {"ca01c161ba1647686e8c63a8685cbe53": ["23", "com.bwx.bequick.LayoutSettingsActivity"]}, {"ca01c161ba1647686e8c63a8685cbe53": ["23", "com.bwx.bequick.LayoutSettingsActivity"]}, {"ca01c161ba1647686e8c63a8685cbe53": ["23", "com.bwx.bequick.LayoutSettingsActivity"]}, {"daf58e25705de7615655bccb00bf6abd": ["24", "com.bwx.bequick.LayoutSettingsActivity"]}, {"e2c60450f9f1a81bfc9c2bd7e09a64dd": ["9", "com.bwx.bequick.LayoutSettingsActivity"]}, {"e2c60450f9f1a81bfc9c2bd7e09a64dd": ["9", "com.bwx.bequick.LayoutSettingsActivity"]}, {"5024ed88c4a7bb3fc52c62042348d6ec": ["25", "com.bwx.bequick.LayoutSettingsActivity"]}, {"5fb49dc1b0eba085759e344c010c1494": ["10", "com.bwx.bequick.LayoutSettingsActivity"]}, {"5fb49dc1b0eba085759e344c010c1494": ["10", "com.bwx.bequick.LayoutSettingsActivity"]}, {"ed3287d5c921745323e3bbfb4e1a4c0f": ["11", "com.bwx.bequick.preferences.MobileDataApnPrefs"]}, {"ed3287d5c921745323e3bbfb4e1a4c0f": ["11", "com.bwx.bequick.preferences.MobileDataApnPrefs"]}, {"ed3287d5c921745323e3bbfb4e1a4c0f": ["11", "com.bwx.bequick.preferences.MobileDataApnPrefs"]}, {"ed3287d5c921745323e3bbfb4e1a4c0f": ["11", "com.bwx.bequick.preferences.MobileDataApnPrefs"]}, {"ed3287d5c921745323e3bbfb4e1a4c0f": ["11", "com.bwx.bequick.preferences.MobileDataApnPrefs"]}, {"ed3287d5c921745323e3bbfb4e1a4c0f": ["11", "com.bwx.bequick.preferences.MobileDataApnPrefs"]}, {"ed3287d5c921745323e3bbfb4e1a4c0f": ["11", "com.bwx.bequick.preferences.MobileDataApnPrefs"]}, {"ed3287d5c921745323e3bbfb4e1a4c0f": ["11", "com.bwx.bequick.preferences.MobileDataApnPrefs"]}, {"5fb49dc1b0eba085759e344c010c1494": ["10", "com.bwx.bequick.LayoutSettingsActivity"]}, {"5fb49dc1b0eba085759e344c010c1494": ["10", "com.bwx.bequick.LayoutSettingsActivity"]}, {"5fb49dc1b0eba085759e344c010c1494": ["10", "com.bwx.bequick.LayoutSettingsActivity"]}, {"5fb49dc1b0eba085759e344c010c1494": ["10", "com.bwx.bequick.LayoutSettingsActivity"]}, {"5fb49dc1b0eba085759e344c010c1494": ["10", "com.bwx.bequick.LayoutSettingsActivity"]}, {"5fb49dc1b0eba085759e344c010c1494": ["10", "com.bwx.bequick.LayoutSettingsActivity"]}, {"5fb49dc1b0eba085759e344c010c1494": ["10", "com.bwx.bequick.LayoutSettingsActivity"]}, {"b37536cca3cd36b58e2825da882abd67": ["27", "com.bwx.bequick.MainSettingsActivity"]}, {"b37536cca3cd36b58e2825da882abd67": ["27", "com.bwx.bequick.MainSettingsActivity"]}, {"b37536cca3cd36b58e2825da882abd67": ["27", "com.bwx.bequick.MainSettingsActivity"]}, {"e2c60450f9f1a81bfc9c2bd7e09a64dd": ["9", "com.bwx.bequick.LayoutSettingsActivity"]}, {"e2c60450f9f1a81bfc9c2bd7e09a64dd": ["9", "com.bwx.bequick.LayoutSettingsActivity"]}, {"5fb49dc1b0eba085759e344c010c1494": ["10", "com.bwx.bequick.LayoutSettingsActivity"]}, {"5fb49dc1b0eba085759e344c010c1494": ["10", "com.bwx.bequick.LayoutSettingsActivity"]}, {"5fb49dc1b0eba085759e344c010c1494": ["10", "com.bwx.bequick.LayoutSettingsActivity"]}, {"e2c60450f9f1a81bfc9c2bd7e09a64dd": ["9", "com.bwx.bequick.LayoutSettingsActivity"]}, {"5fb49dc1b0eba085759e344c010c1494": ["10", "com.bwx.bequick.LayoutSettingsActivity"]}, {"5fb49dc1b0eba085759e344c010c1494": ["10", "com.bwx.bequick.LayoutSettingsActivity"]}, {"e2c60450f9f1a81bfc9c2bd7e09a64dd": ["9", "com.bwx.bequick.LayoutSettingsActivity"]}, {"e2c60450f9f1a81bfc9c2bd7e09a64dd": ["9", "com.bwx.bequick.LayoutSettingsActivity"]}, {"5fb49dc1b0eba085759e344c010c1494": ["10", "com.bwx.bequick.LayoutSettingsActivity"]}, {"5fb49dc1b0eba085759e344c010c1494": ["10", "com.bwx.bequick.LayoutSettingsActivity"]}, {"5fb49dc1b0eba085759e344c010c1494": ["10", "com.bwx.bequick.LayoutSettingsActivity"]}, {"70355228f2a9d4e99e2e6ea36549d041": ["28", "com.bwx.bequick.LayoutSettingsActivity"]}, {"5fb49dc1b0eba085759e344c010c1494": ["10", "com.bwx.bequick.LayoutSettingsActivity"]}, {"5fb49dc1b0eba085759e344c010c1494": ["10", "com.bwx.bequick.LayoutSettingsActivity"]}, {"5fb49dc1b0eba085759e344c010c1494": ["10", "com.bwx.bequick.LayoutSettingsActivity"]}, {"5fb49dc1b0eba085759e344c010c1494": ["10", "com.bwx.bequick.LayoutSettingsActivity"]}, {"5fb49dc1b0eba085759e344c010c1494": ["10", "com.bwx.bequick.LayoutSettingsActivity"]}, {"5fb49dc1b0eba085759e344c010c1494": ["10", "com.bwx.bequick.LayoutSettingsActivity"]}, {"5fb49dc1b0eba085759e344c010c1494": ["10", "com.bwx.bequick.LayoutSettingsActivity"]}, {"5fb49dc1b0eba085759e344c010c1494": ["10", "com.bwx.bequick.LayoutSettingsActivity"]}, {"5fb49dc1b0eba085759e344c010c1494": ["10", "com.bwx.bequick.LayoutSettingsActivity"]}, {"2ea16d95b1ca8714a0a630c02db123ca": ["21", "com.bwx.bequick.LayoutSettingsActivity"]}, {"49ed8811ba4698d1277a53dd5ac52598": ["29", "com.bwx.bequick.MainSettingsActivity"]}, {"49ed8811ba4698d1277a53dd5ac52598": ["29", "com.bwx.bequick.MainSettingsActivity"]}, {"49ed8811ba4698d1277a53dd5ac52598": ["29", "com.bwx.bequick.MainSettingsActivity"]}, {"49ed8811ba4698d1277a53dd5ac52598": ["29", "com.bwx.bequick.MainSettingsActivity"]}, {"49ed8811ba4698d1277a53dd5ac52598": ["29", "com.bwx.bequick.MainSettingsActivity"]}, {"3c6eb5858ced50ffee7ae4c9474fbac0": ["13", "com.bwx.bequick.preferences.CommonPrefs"]}, {"e2d4a11840db1a9722f7446bfc536d05": ["16", "com.bwx.bequick.preferences.CommonPrefs"]}, {"3c6eb5858ced50ffee7ae4c9474fbac0": ["13", "com.bwx.bequick.preferences.CommonPrefs"]}, {"3c6eb5858ced50ffee7ae4c9474fbac0": ["13", "com.bwx.bequick.preferences.CommonPrefs"]}, {"a9b4b1a4b4829b7cb6453b524f9fea73": ["15", "com.bwx.bequick.preferences.CommonPrefs"]}, {"3cd5a672563aea8cd52ec845ea923307": ["30", "com.bwx.bequick.preferences.CommonPrefs"]}, {"d77fecbe20eb3485bd6e67dffe76d8e6": ["14", "com.bwx.bequick.preferences.CommonPrefs"]}, {"3cd5a672563aea8cd52ec845ea923307": ["30", "com.bwx.bequick.preferences.CommonPrefs"]}, {"3cd5a672563aea8cd52ec845ea923307": ["30", "com.bwx.bequick.preferences.CommonPrefs"]}, {"e2d4a11840db1a9722f7446bfc536d05": ["16", "com.bwx.bequick.preferences.CommonPrefs"]}, {"3cd5a672563aea8cd52ec845ea923307": ["30", "com.bwx.bequick.preferences.CommonPrefs"]}, {"3cd5a672563aea8cd52ec845ea923307": ["30", "com.bwx.bequick.preferences.CommonPrefs"]}, {"3cd5a672563aea8cd52ec845ea923307": ["30", "com.bwx.bequick.preferences.CommonPrefs"]}, {"3c6eb5858ced50ffee7ae4c9474fbac0": ["13", "com.bwx.bequick.preferences.CommonPrefs"]}, {"a9b4b1a4b4829b7cb6453b524f9fea73": ["15", "com.bwx.bequick.preferences.CommonPrefs"]}, {"3c6eb5858ced50ffee7ae4c9474fbac0": ["13", "com.bwx.bequick.preferences.CommonPrefs"]}, {"d77fecbe20eb3485bd6e67dffe76d8e6": ["14", "com.bwx.bequick.preferences.CommonPrefs"]}, {"3c6eb5858ced50ffee7ae4c9474fbac0": ["13", "com.bwx.bequick.preferences.CommonPrefs"]}, {"3c6eb5858ced50ffee7ae4c9474fbac0": ["13", "com.bwx.bequick.preferences.CommonPrefs"]}, {"3cd5a672563aea8cd52ec845ea923307": ["30", "com.bwx.bequick.preferences.CommonPrefs"]}, {"90475cb76bf66d3cd7564bf05eed07c5": ["31", "com.bwx.bequick.preferences.CommonPrefs"]}, {"3cd5a672563aea8cd52ec845ea923307": ["30", "com.bwx.bequick.preferences.CommonPrefs"]}, {"d77fecbe20eb3485bd6e67dffe76d8e6": ["14", "com.bwx.bequick.preferences.CommonPrefs"]}, {"3cd5a672563aea8cd52ec845ea923307": ["30", "com.bwx.bequick.preferences.CommonPrefs"]}, {"84cf821a14db9f22040fe19b5a48b804": ["17", "com.bwx.bequick.preferences.CommonPrefs"]}, {"d77fecbe20eb3485bd6e67dffe76d8e6": ["14", "com.bwx.bequick.preferences.CommonPrefs"]}, {"84cf821a14db9f22040fe19b5a48b804": ["17", "com.bwx.bequick.preferences.CommonPrefs"]}, {"cc8202af67912cdc8fc0eb47cfe9a025": ["32", "com.bwx.bequick.preferences.CommonPrefs"]}, {"a9b4b1a4b4829b7cb6453b524f9fea73": ["15", "com.bwx.bequick.preferences.CommonPrefs"]}, {"cc8202af67912cdc8fc0eb47cfe9a025": ["32", "com.bwx.bequick.preferences.CommonPrefs"]}, {"84cf821a14db9f22040fe19b5a48b804": ["17", "com.bwx.bequick.preferences.CommonPrefs"]}, {"84cf821a14db9f22040fe19b5a48b804": ["17", "com.bwx.bequick.preferences.CommonPrefs"]}, {"a9b4b1a4b4829b7cb6453b524f9fea73": ["15", "com.bwx.bequick.preferences.CommonPrefs"]}, {"cc8202af67912cdc8fc0eb47cfe9a025": ["32", "com.bwx.bequick.preferences.CommonPrefs"]}, {"a9b4b1a4b4829b7cb6453b524f9fea73": ["15", "com.bwx.bequick.preferences.CommonPrefs"]}, {"3c6eb5858ced50ffee7ae4c9474fbac0": ["13", "com.bwx.bequick.preferences.CommonPrefs"]}, {"e2d4a11840db1a9722f7446bfc536d05": ["16", "com.bwx.bequick.preferences.CommonPrefs"]}, {"3c6eb5858ced50ffee7ae4c9474fbac0": ["13", "com.bwx.bequick.preferences.CommonPrefs"]}, {"d77fecbe20eb3485bd6e67dffe76d8e6": ["14", "com.bwx.bequick.preferences.CommonPrefs"]}, {"fa1afad96e6a67a752a7221d0a9735e1": ["18", "com.bwx.bequick.preferences.CommonPrefs"]}, {"3c6eb5858ced50ffee7ae4c9474fbac0": ["13", "com.bwx.bequick.preferences.CommonPrefs"]}, {"3c6eb5858ced50ffee7ae4c9474fbac0": ["13", "com.bwx.bequick.preferences.CommonPrefs"]}, {"3c6eb5858ced50ffee7ae4c9474fbac0": ["13", "com.bwx.bequick.preferences.CommonPrefs"]}, {"3c6eb5858ced50ffee7ae4c9474fbac0": ["13", "com.bwx.bequick.preferences.CommonPrefs"]}, {"3c6eb5858ced50ffee7ae4c9474fbac0": ["13", "com.bwx.bequick.preferences.CommonPrefs"]}, {"e2d4a11840db1a9722f7446bfc536d05": ["16", "com.bwx.bequick.preferences.CommonPrefs"]}, {"3cd5a672563aea8cd52ec845ea923307": ["30", "com.bwx.bequick.preferences.CommonPrefs"]}, {"3cd5a672563aea8cd52ec845ea923307": ["30", "com.bwx.bequick.preferences.CommonPrefs"]}, {"d77fecbe20eb3485bd6e67dffe76d8e6": ["14", "com.bwx.bequick.preferences.CommonPrefs"]}, {"84cf821a14db9f22040fe19b5a48b804": ["17", "com.bwx.bequick.preferences.CommonPrefs"]}, {"3c6eb5858ced50ffee7ae4c9474fbac0": ["13", "com.bwx.bequick.preferences.CommonPrefs"]}, {"7963e4ea83e29d4e309c9fe9c139254b": ["33", "com.bwx.bequick.MainSettingsActivity"]}, {"fbc106ffff5f211bbf4ccce94c077c3f": ["5", "com.bwx.bequick.MainSettingsActivity"]}, {"7963e4ea83e29d4e309c9fe9c139254b": ["33", "com.bwx.bequick.MainSettingsActivity"]}, {"7963e4ea83e29d4e309c9fe9c139254b": ["33", "com.bwx.bequick.MainSettingsActivity"]}, {"7963e4ea83e29d4e309c9fe9c139254b": ["33", "com.bwx.bequick.MainSettingsActivity"]}, {"7963e4ea83e29d4e309c9fe9c139254b": ["33", "com.bwx.bequick.MainSettingsActivity"]}, {"7963e4ea83e29d4e309c9fe9c139254b": ["33", "com.bwx.bequick.MainSettingsActivity"]}, {"7963e4ea83e29d4e309c9fe9c139254b": ["33", "com.bwx.bequick.MainSettingsActivity"]}, {"7963e4ea83e29d4e309c9fe9c139254b": ["33", "com.bwx.bequick.MainSettingsActivity"]}, {"7963e4ea83e29d4e309c9fe9c139254b": ["33", "com.bwx.bequick.MainSettingsActivity"]}, {"7963e4ea83e29d4e309c9fe9c139254b": ["33", "com.bwx.bequick.MainSettingsActivity"]}, {"7963e4ea83e29d4e309c9fe9c139254b": ["33", "com.bwx.bequick.MainSettingsActivity"]}, {"7963e4ea83e29d4e309c9fe9c139254b": ["33", "com.bwx.bequick.MainSettingsActivity"]}, {"7963e4ea83e29d4e309c9fe9c139254b": ["33", "com.bwx.bequick.MainSettingsActivity"]}, {"7963e4ea83e29d4e309c9fe9c139254b": ["33", "com.bwx.bequick.MainSettingsActivity"]}, {"7963e4ea83e29d4e309c9fe9c139254b": ["33", "com.bwx.bequick.MainSettingsActivity"]}, {"7963e4ea83e29d4e309c9fe9c139254b": ["33", "com.bwx.bequick.MainSettingsActivity"]}, {"7963e4ea83e29d4e309c9fe9c139254b": ["33", "com.bwx.bequick.MainSettingsActivity"]}, {"7963e4ea83e29d4e309c9fe9c139254b": ["33", "com.bwx.bequick.MainSettingsActivity"]}, {"7963e4ea83e29d4e309c9fe9c139254b": ["33", "com.bwx.bequick.MainSettingsActivity"]}, {"7963e4ea83e29d4e309c9fe9c139254b": ["33", "com.bwx.bequick.MainSettingsActivity"]}, {"fbc106ffff5f211bbf4ccce94c077c3f": ["5", "com.bwx.bequick.MainSettingsActivity"]}, {"7963e4ea83e29d4e309c9fe9c139254b": ["33", "com.bwx.bequick.MainSettingsActivity"]}, {"34ec0d7453099dfed79f5fb5f4356785": ["34", "com.bwx.bequick.MainSettingsActivity"]}, {"34ec0d7453099dfed79f5fb5f4356785": ["34", "com.bwx.bequick.MainSettingsActivity"]}, {"34ec0d7453099dfed79f5fb5f4356785": ["34", "com.bwx.bequick.MainSettingsActivity"]}, {"e2c60450f9f1a81bfc9c2bd7e09a64dd": ["9", "com.bwx.bequick.LayoutSettingsActivity"]}, {"e2c60450f9f1a81bfc9c2bd7e09a64dd": ["9", "com.bwx.bequick.LayoutSettingsActivity"]}, {"e2c60450f9f1a81bfc9c2bd7e09a64dd": ["9", "com.bwx.bequick.LayoutSettingsActivity"]}, {"daf58e25705de7615655bccb00bf6abd": ["24", "com.bwx.bequick.LayoutSettingsActivity"]}, {"daf58e25705de7615655bccb00bf6abd": ["24", "com.bwx.bequick.LayoutSettingsActivity"]}, {"34ec0d7453099dfed79f5fb5f4356785": ["34", "com.bwx.bequick.MainSettingsActivity"]}, {"34ec0d7453099dfed79f5fb5f4356785": ["34", "com.bwx.bequick.MainSettingsActivity"]}, {"34ec0d7453099dfed79f5fb5f4356785": ["34", "com.bwx.bequick.MainSettingsActivity"]}, {"34ec0d7453099dfed79f5fb5f4356785": ["34", "com.bwx.bequick.MainSettingsActivity"]}, {"34ec0d7453099dfed79f5fb5f4356785": ["34", "com.bwx.bequick.MainSettingsActivity"]}, {"34ec0d7453099dfed79f5fb5f4356785": ["34", "com.bwx.bequick.MainSettingsActivity"]}, {"34ec0d7453099dfed79f5fb5f4356785": ["34", "com.bwx.bequick.MainSettingsActivity"]}, {"34ec0d7453099dfed79f5fb5f4356785": ["34", "com.bwx.bequick.MainSettingsActivity"]}, {"34ec0d7453099dfed79f5fb5f4356785": ["34", "com.bwx.bequick.MainSettingsActivity"]}, {"34ec0d7453099dfed79f5fb5f4356785": ["34", "com.bwx.bequick.MainSettingsActivity"]}, {"34ec0d7453099dfed79f5fb5f4356785": ["34", "com.bwx.bequick.MainSettingsActivity"]}, {"fbc106ffff5f211bbf4ccce94c077c3f": ["5", "com.bwx.bequick.MainSettingsActivity"]}, {"34ec0d7453099dfed79f5fb5f4356785": ["34", "com.bwx.bequick.MainSettingsActivity"]}, {"34ec0d7453099dfed79f5fb5f4356785": ["34", "com.bwx.bequick.MainSettingsActivity"]}, {"34ec0d7453099dfed79f5fb5f4356785": ["34", "com.bwx.bequick.MainSettingsActivity"]}, {"34ec0d7453099dfed79f5fb5f4356785": ["34", "com.bwx.bequick.MainSettingsActivity"]}, {"34ec0d7453099dfed79f5fb5f4356785": ["34", "com.bwx.bequick.MainSettingsActivity"]}, {"34ec0d7453099dfed79f5fb5f4356785": ["34", "com.bwx.bequick.MainSettingsActivity"]}, {"34ec0d7453099dfed79f5fb5f4356785": ["34", "com.bwx.bequick.MainSettingsActivity"]}, {"34ec0d7453099dfed79f5fb5f4356785": ["34", "com.bwx.bequick.MainSettingsActivity"]}, {"34ec0d7453099dfed79f5fb5f4356785": ["34", "com.bwx.bequick.MainSettingsActivity"]}, {"34ec0d7453099dfed79f5fb5f4356785": ["34", "com.bwx.bequick.MainSettingsActivity"]}, {"e2c60450f9f1a81bfc9c2bd7e09a64dd": ["9", "com.bwx.bequick.LayoutSettingsActivity"]}, {"e2c60450f9f1a81bfc9c2bd7e09a64dd": ["9", "com.bwx.bequick.LayoutSettingsActivity"]}, {"e2c60450f9f1a81bfc9c2bd7e09a64dd": ["9", "com.bwx.bequick.LayoutSettingsActivity"]}, {"5fb49dc1b0eba085759e344c010c1494": ["10", "com.bwx.bequick.LayoutSettingsActivity"]}, {"70355228f2a9d4e99e2e6ea36549d041": ["28", "com.bwx.bequick.LayoutSettingsActivity"]}, {"e2c60450f9f1a81bfc9c2bd7e09a64dd": ["9", "com.bwx.bequick.LayoutSettingsActivity"]}, {"e2c60450f9f1a81bfc9c2bd7e09a64dd": ["9", "com.bwx.bequick.LayoutSettingsActivity"]}, {"e2c60450f9f1a81bfc9c2bd7e09a64dd": ["9", "com.bwx.bequick.LayoutSettingsActivity"]}, {"2ea16d95b1ca8714a0a630c02db123ca": ["21", "com.bwx.bequick.LayoutSettingsActivity"]}, {"ca01c161ba1647686e8c63a8685cbe53": ["23", "com.bwx.bequick.LayoutSettingsActivity"]}, {"ca01c161ba1647686e8c63a8685cbe53": ["23", "com.bwx.bequick.LayoutSettingsActivity"]}, {"5fb49dc1b0eba085759e344c010c1494": ["10", "com.bwx.bequick.LayoutSettingsActivity"]}, {"2ea16d95b1ca8714a0a630c02db123ca": ["21", "com.bwx.bequick.LayoutSettingsActivity"]}, {"2ea16d95b1ca8714a0a630c02db123ca": ["21", "com.bwx.bequick.LayoutSettingsActivity"]}, {"2ea16d95b1ca8714a0a630c02db123ca": ["21", "com.bwx.bequick.LayoutSettingsActivity"]}, {"2ea16d95b1ca8714a0a630c02db123ca": ["21", "com.bwx.bequick.LayoutSettingsActivity"]}, {"2ea16d95b1ca8714a0a630c02db123ca": ["21", "com.bwx.bequick.LayoutSettingsActivity"]}, {"e2c60450f9f1a81bfc9c2bd7e09a64dd": ["9", "com.bwx.bequick.LayoutSettingsActivity"]}, {"e2c60450f9f1a81bfc9c2bd7e09a64dd": ["9", "com.bwx.bequick.LayoutSettingsActivity"]}, {"e2c60450f9f1a81bfc9c2bd7e09a64dd": ["9", "com.bwx.bequick.LayoutSettingsActivity"]}, {"e2c60450f9f1a81bfc9c2bd7e09a64dd": ["9", "com.bwx.bequick.LayoutSettingsActivity"]}, {"e2c60450f9f1a81bfc9c2bd7e09a64dd": ["9", "com.bwx.bequick.LayoutSettingsActivity"]}, {"e2c60450f9f1a81bfc9c2bd7e09a64dd": ["9", "com.bwx.bequick.LayoutSettingsActivity"]}, {"e2c60450f9f1a81bfc9c2bd7e09a64dd": ["9", "com.bwx.bequick.LayoutSettingsActivity"]}, {"e2c60450f9f1a81bfc9c2bd7e09a64dd": ["9", "com.bwx.bequick.LayoutSettingsActivity"]}, {"e2c60450f9f1a81bfc9c2bd7e09a64dd": ["9", "com.bwx.bequick.LayoutSettingsActivity"]}, {"ca01c161ba1647686e8c63a8685cbe53": ["23", "com.bwx.bequick.LayoutSettingsActivity"]}, {"2ea16d95b1ca8714a0a630c02db123ca": ["21", "com.bwx.bequick.LayoutSettingsActivity"]}, {"5fb49dc1b0eba085759e344c010c1494": ["10", "com.bwx.bequick.LayoutSettingsActivity"]}, {"5fb49dc1b0eba085759e344c010c1494": ["10", "com.bwx.bequick.LayoutSettingsActivity"]}, {"5fb49dc1b0eba085759e344c010c1494": ["10", "com.bwx.bequick.LayoutSettingsActivity"]}, {"5fb49dc1b0eba085759e344c010c1494": ["10", "com.bwx.bequick.LayoutSettingsActivity"]}, {"e2c60450f9f1a81bfc9c2bd7e09a64dd": ["9", "com.bwx.bequick.LayoutSettingsActivity"]}, {"e2c60450f9f1a81bfc9c2bd7e09a64dd": ["9", "com.bwx.bequick.LayoutSettingsActivity"]}, {"e2c60450f9f1a81bfc9c2bd7e09a64dd": ["9", "com.bwx.bequick.LayoutSettingsActivity"]}, {"e2c60450f9f1a81bfc9c2bd7e09a64dd": ["9", "com.bwx.bequick.LayoutSettingsActivity"]}, {"e2c60450f9f1a81bfc9c2bd7e09a64dd": ["9", "com.bwx.bequick.LayoutSettingsActivity"]}, {"e2c60450f9f1a81bfc9c2bd7e09a64dd": ["9", "com.bwx.bequick.LayoutSettingsActivity"]}, {"5fb49dc1b0eba085759e344c010c1494": ["10", "com.bwx.bequick.LayoutSettingsActivity"]}, {"5fb49dc1b0eba085759e344c010c1494": ["10", "com.bwx.bequick.LayoutSettingsActivity"]}, {"ca01c161ba1647686e8c63a8685cbe53": ["23", "com.bwx.bequick.LayoutSettingsActivity"]}, {"2ea16d95b1ca8714a0a630c02db123ca": ["21", "com.bwx.bequick.LayoutSettingsActivity"]}, {"ca01c161ba1647686e8c63a8685cbe53": ["23", "com.bwx.bequick.LayoutSettingsActivity"]}, {"5fb49dc1b0eba085759e344c010c1494": ["10", "com.bwx.bequick.LayoutSettingsActivity"]}, {"5fb49dc1b0eba085759e344c010c1494": ["10", "com.bwx.bequick.LayoutSettingsActivity"]}, {"5fb49dc1b0eba085759e344c010c1494": ["10", "com.bwx.bequick.LayoutSettingsActivity"]}, {"5fb49dc1b0eba085759e344c010c1494": ["10", "com.bwx.bequick.LayoutSettingsActivity"]}, {"5fb49dc1b0eba085759e344c010c1494": ["10", "com.bwx.bequick.LayoutSettingsActivity"]}, {"e2c60450f9f1a81bfc9c2bd7e09a64dd": ["9", "com.bwx.bequick.LayoutSettingsActivity"]}, {"e2c60450f9f1a81bfc9c2bd7e09a64dd": ["9", "com.bwx.bequick.LayoutSettingsActivity"]}, {"e2c60450f9f1a81bfc9c2bd7e09a64dd": ["9", "com.bwx.bequick.LayoutSettingsActivity"]}, {"e2c60450f9f1a81bfc9c2bd7e09a64dd": ["9", "com.bwx.bequick.LayoutSettingsActivity"]}, {"e2c60450f9f1a81bfc9c2bd7e09a64dd": ["9", "com.bwx.bequick.LayoutSettingsActivity"]}, {"5fb49dc1b0eba085759e344c010c1494": ["10", "com.bwx.bequick.LayoutSettingsActivity"]}, {"2ea16d95b1ca8714a0a630c02db123ca": ["21", "com.bwx.bequick.LayoutSettingsActivity"]}, {"2ea16d95b1ca8714a0a630c02db123ca": ["21", "com.bwx.bequick.LayoutSettingsActivity"]}, {"2ea16d95b1ca8714a0a630c02db123ca": ["21", "com.bwx.bequick.LayoutSettingsActivity"]}, {"ca01c161ba1647686e8c63a8685cbe53": ["23", "com.bwx.bequick.LayoutSettingsActivity"]}, {"5fb49dc1b0eba085759e344c010c1494": ["10", "com.bwx.bequick.LayoutSettingsActivity"]}, {"5fb49dc1b0eba085759e344c010c1494": ["10", "com.bwx.bequick.LayoutSettingsActivity"]}, {"e2c60450f9f1a81bfc9c2bd7e09a64dd": ["9", "com.bwx.bequick.LayoutSettingsActivity"]}, {"5fb49dc1b0eba085759e344c010c1494": ["10", "com.bwx.bequick.LayoutSettingsActivity"]}, {"5fb49dc1b0eba085759e344c010c1494": ["10", "com.bwx.bequick.LayoutSettingsActivity"]}, {"2ea16d95b1ca8714a0a630c02db123ca": ["21", "com.bwx.bequick.LayoutSettingsActivity"]}, {"2ea16d95b1ca8714a0a630c02db123ca": ["21", "com.bwx.bequick.LayoutSettingsActivity"]}, {"5fb49dc1b0eba085759e344c010c1494": ["10", "com.bwx.bequick.LayoutSettingsActivity"]}, {"5fb49dc1b0eba085759e344c010c1494": ["10", "com.bwx.bequick.LayoutSettingsActivity"]}, {"ca01c161ba1647686e8c63a8685cbe53": ["23", "com.bwx.bequick.LayoutSettingsActivity"]}, {"ca01c161ba1647686e8c63a8685cbe53": ["23", "com.bwx.bequick.LayoutSettingsActivity"]}, {"ca01c161ba1647686e8c63a8685cbe53": ["23", "com.bwx.bequick.LayoutSettingsActivity"]}, {"96866bc5ff388952a5fe9f82ef3f5602": ["26", "com.bwx.bequick.LayoutSettingsActivity"]}, {"96866bc5ff388952a5fe9f82ef3f5602": ["26", "com.bwx.bequick.LayoutSettingsActivity"]}, {"5fb49dc1b0eba085759e344c010c1494": ["10", "com.bwx.bequick.LayoutSettingsActivity"]}, {"5fb49dc1b0eba085759e344c010c1494": ["10", "com.bwx.bequick.LayoutSettingsActivity"]}, {"34ec0d7453099dfed79f5fb5f4356785": ["34", "com.bwx.bequick.MainSettingsActivity"]}, {"34ec0d7453099dfed79f5fb5f4356785": ["34", "com.bwx.bequick.MainSettingsActivity"]}, {"34ec0d7453099dfed79f5fb5f4356785": ["34", "com.bwx.bequick.MainSettingsActivity"]}, {"34ec0d7453099dfed79f5fb5f4356785": ["34", "com.bwx.bequick.MainSettingsActivity"]}, {"e2c60450f9f1a81bfc9c2bd7e09a64dd": ["9", "com.bwx.bequick.LayoutSettingsActivity"]}, {"e2c60450f9f1a81bfc9c2bd7e09a64dd": ["9", "com.bwx.bequick.LayoutSettingsActivity"]}, {"e2c60450f9f1a81bfc9c2bd7e09a64dd": ["9", "com.bwx.bequick.LayoutSettingsActivity"]}, {"e2c60450f9f1a81bfc9c2bd7e09a64dd": ["9", "com.bwx.bequick.LayoutSettingsActivity"]}, {"e2c60450f9f1a81bfc9c2bd7e09a64dd": ["9", "com.bwx.bequick.LayoutSettingsActivity"]}, {"e2c60450f9f1a81bfc9c2bd7e09a64dd": ["9", "com.bwx.bequick.LayoutSettingsActivity"]}, {"5fb49dc1b0eba085759e344c010c1494": ["10", "com.bwx.bequick.LayoutSettingsActivity"]}, {"96866bc5ff388952a5fe9f82ef3f5602": ["26", "com.bwx.bequick.LayoutSettingsActivity"]}, {"96866bc5ff388952a5fe9f82ef3f5602": ["26", "com.bwx.bequick.LayoutSettingsActivity"]}, {"96866bc5ff388952a5fe9f82ef3f5602": ["26", "com.bwx.bequick.LayoutSettingsActivity"]}, {"ca01c161ba1647686e8c63a8685cbe53": ["23", "com.bwx.bequick.LayoutSettingsActivity"]}, {"ca01c161ba1647686e8c63a8685cbe53": ["23", "com.bwx.bequick.LayoutSettingsActivity"]}, {"5fb49dc1b0eba085759e344c010c1494": ["10", "com.bwx.bequick.LayoutSettingsActivity"]}, {"be45a980cb30a43810f26cd98a7b67df": ["35", "com.bwx.bequick.LayoutSettingsActivity"]}, {"be45a980cb30a43810f26cd98a7b67df": ["35", "com.bwx.bequick.LayoutSettingsActivity"]}, {"be45a980cb30a43810f26cd98a7b67df": ["35", "com.bwx.bequick.LayoutSettingsActivity"]}, {"e2e224ac24b5134c965300d04f83e26c": ["6", "com.bwx.bequick.preferences.GpsPrefs"]}, {"e2e224ac24b5134c965300d04f83e26c": ["6", "com.bwx.bequick.preferences.GpsPrefs"]}, {"e2c60450f9f1a81bfc9c2bd7e09a64dd": ["9", "com.bwx.bequick.LayoutSettingsActivity"]}, {"e2c60450f9f1a81bfc9c2bd7e09a64dd": ["9", "com.bwx.bequick.LayoutSettingsActivity"]}, {"70355228f2a9d4e99e2e6ea36549d041": ["28", "com.bwx.bequick.LayoutSettingsActivity"]}, {"70355228f2a9d4e99e2e6ea36549d041": ["28", "com.bwx.bequick.LayoutSettingsActivity"]}, {"e2c60450f9f1a81bfc9c2bd7e09a64dd": ["9", "com.bwx.bequick.LayoutSettingsActivity"]}, {"e2c60450f9f1a81bfc9c2bd7e09a64dd": ["9", "com.bwx.bequick.LayoutSettingsActivity"]}, {"e2c60450f9f1a81bfc9c2bd7e09a64dd": ["9", "com.bwx.bequick.LayoutSettingsActivity"]}, {"e2c60450f9f1a81bfc9c2bd7e09a64dd": ["9", "com.bwx.bequick.LayoutSettingsActivity"]}, {"e2c60450f9f1a81bfc9c2bd7e09a64dd": ["9", "com.bwx.bequick.LayoutSettingsActivity"]}, {"e2c60450f9f1a81bfc9c2bd7e09a64dd": ["9", "com.bwx.bequick.LayoutSettingsActivity"]}, {"e2c60450f9f1a81bfc9c2bd7e09a64dd": ["9", "com.bwx.bequick.LayoutSettingsActivity"]}, {"e2c60450f9f1a81bfc9c2bd7e09a64dd": ["9", "com.bwx.bequick.LayoutSettingsActivity"]}, {"e2c60450f9f1a81bfc9c2bd7e09a64dd": ["9", "com.bwx.bequick.LayoutSettingsActivity"]}, {"e2c60450f9f1a81bfc9c2bd7e09a64dd": ["9", "com.bwx.bequick.LayoutSettingsActivity"]}, {"e2c60450f9f1a81bfc9c2bd7e09a64dd": ["9", "com.bwx.bequick.LayoutSettingsActivity"]}, {"5fb49dc1b0eba085759e344c010c1494": ["10", "com.bwx.bequick.LayoutSettingsActivity"]}, {"e2c60450f9f1a81bfc9c2bd7e09a64dd": ["9", "com.bwx.bequick.LayoutSettingsActivity"]}, {"daf58e25705de7615655bccb00bf6abd": ["24", "com.bwx.bequick.LayoutSettingsActivity"]}, {"daf58e25705de7615655bccb00bf6abd": ["24", "com.bwx.bequick.LayoutSettingsActivity"]}, {"5fb49dc1b0eba085759e344c010c1494": ["10", "com.bwx.bequick.LayoutSettingsActivity"]}, {"70355228f2a9d4e99e2e6ea36549d041": ["28", "com.bwx.bequick.LayoutSettingsActivity"]}, {"70355228f2a9d4e99e2e6ea36549d041": ["28", "com.bwx.bequick.LayoutSettingsActivity"]}, {"e2c60450f9f1a81bfc9c2bd7e09a64dd": ["9", "com.bwx.bequick.LayoutSettingsActivity"]}, {"e2c60450f9f1a81bfc9c2bd7e09a64dd": ["9", "com.bwx.bequick.LayoutSettingsActivity"]}, {"e2c60450f9f1a81bfc9c2bd7e09a64dd": ["9", "com.bwx.bequick.LayoutSettingsActivity"]}, {"e2c60450f9f1a81bfc9c2bd7e09a64dd": ["9", "com.bwx.bequick.LayoutSettingsActivity"]}, {"e2c60450f9f1a81bfc9c2bd7e09a64dd": ["9", "com.bwx.bequick.LayoutSettingsActivity"]}, {"e2c60450f9f1a81bfc9c2bd7e09a64dd": ["9", "com.bwx.bequick.LayoutSettingsActivity"]}, {"e2c60450f9f1a81bfc9c2bd7e09a64dd": ["9", "com.bwx.bequick.LayoutSettingsActivity"]}, {"e2c60450f9f1a81bfc9c2bd7e09a64dd": ["9", "com.bwx.bequick.LayoutSettingsActivity"]}, {"5fb49dc1b0eba085759e344c010c1494": ["10", "com.bwx.bequick.LayoutSettingsActivity"]}, {"e2c60450f9f1a81bfc9c2bd7e09a64dd": ["9", "com.bwx.bequick.LayoutSettingsActivity"]}, {"daf58e25705de7615655bccb00bf6abd": ["24", "com.bwx.bequick.LayoutSettingsActivity"]}, {"5fb49dc1b0eba085759e344c010c1494": ["10", "com.bwx.bequick.LayoutSettingsActivity"]}, {"5fb49dc1b0eba085759e344c010c1494": ["10", "com.bwx.bequick.LayoutSettingsActivity"]}, {"daf58e25705de7615655bccb00bf6abd": ["24", "com.bwx.bequick.LayoutSettingsActivity"]}, {"e2c60450f9f1a81bfc9c2bd7e09a64dd": ["9", "com.bwx.bequick.LayoutSettingsActivity"]}, {"e2c60450f9f1a81bfc9c2bd7e09a64dd": ["9", "com.bwx.bequick.LayoutSettingsActivity"]}, {"e2c60450f9f1a81bfc9c2bd7e09a64dd": ["9", "com.bwx.bequick.LayoutSettingsActivity"]}, {"63b3ebb2da9bb4b8a77f553782b3355b": ["3", "com.bwx.bequick.preferences.BrightnessPrefs"]}, {"63b3ebb2da9bb4b8a77f553782b3355b": ["3", "com.bwx.bequick.preferences.BrightnessPrefs"]}, {"63b3ebb2da9bb4b8a77f553782b3355b": ["3", "com.bwx.bequick.preferences.BrightnessPrefs"]}, {"63b3ebb2da9bb4b8a77f553782b3355b": ["3", "com.bwx.bequick.preferences.BrightnessPrefs"]}, {"63b3ebb2da9bb4b8a77f553782b3355b": ["3", "com.bwx.bequick.preferences.BrightnessPrefs"]}, {"63b3ebb2da9bb4b8a77f553782b3355b": ["3", "com.bwx.bequick.preferences.BrightnessPrefs"]}, {"63b3ebb2da9bb4b8a77f553782b3355b": ["3", "com.bwx.bequick.preferences.BrightnessPrefs"]}, {"e2c60450f9f1a81bfc9c2bd7e09a64dd": ["9", "com.bwx.bequick.LayoutSettingsActivity"]}, {"e2c60450f9f1a81bfc9c2bd7e09a64dd": ["9", "com.bwx.bequick.LayoutSettingsActivity"]}, {"e2c60450f9f1a81bfc9c2bd7e09a64dd": ["9", "com.bwx.bequick.LayoutSettingsActivity"]}, {"daf58e25705de7615655bccb00bf6abd": ["24", "com.bwx.bequick.LayoutSettingsActivity"]}, {"daf58e25705de7615655bccb00bf6abd": ["24", "com.bwx.bequick.LayoutSettingsActivity"]}, {"daf58e25705de7615655bccb00bf6abd": ["24", "com.bwx.bequick.LayoutSettingsActivity"]}, {"daf58e25705de7615655bccb00bf6abd": ["24", "com.bwx.bequick.LayoutSettingsActivity"]}, {"daf58e25705de7615655bccb00bf6abd": ["24", "com.bwx.bequick.LayoutSettingsActivity"]}, {"ca9a67316faf4931a7bd72e6900f1f6e": ["36", "com.bwx.bequick.MainSettingsActivity"]}, {"ca9a67316faf4931a7bd72e6900f1f6e": ["36", "com.bwx.bequick.MainSettingsActivity"]}, {"ca9a67316faf4931a7bd72e6900f1f6e": ["36", "com.bwx.bequick.MainSettingsActivity"]}, {"ca9a67316faf4931a7bd72e6900f1f6e": ["36", "com.bwx.bequick.MainSettingsActivity"]}, {"ca9a67316faf4931a7bd72e6900f1f6e": ["36", "com.bwx.bequick.MainSettingsActivity"]}, {"ca9a67316faf4931a7bd72e6900f1f6e": ["36", "com.bwx.bequick.MainSettingsActivity"]}, {"ca9a67316faf4931a7bd72e6900f1f6e": ["36", "com.bwx.bequick.MainSettingsActivity"]}, {"ca9a67316faf4931a7bd72e6900f1f6e": ["36", "com.bwx.bequick.MainSettingsActivity"]}, {"ca9a67316faf4931a7bd72e6900f1f6e": ["36", "com.bwx.bequick.MainSettingsActivity"]}, {"ca9a67316faf4931a7bd72e6900f1f6e": ["36", "com.bwx.bequick.MainSettingsActivity"]}, {"ca9a67316faf4931a7bd72e6900f1f6e": ["36", "com.bwx.bequick.MainSettingsActivity"]}, {"ca9a67316faf4931a7bd72e6900f1f6e": ["36", "com.bwx.bequick.MainSettingsActivity"]}, {"ca9a67316faf4931a7bd72e6900f1f6e": ["36", "com.bwx.bequick.MainSettingsActivity"]}, {"ca9a67316faf4931a7bd72e6900f1f6e": ["36", "com.bwx.bequick.MainSettingsActivity"]}, {"ca9a67316faf4931a7bd72e6900f1f6e": ["36", "com.bwx.bequick.MainSettingsActivity"]}, {"ca9a67316faf4931a7bd72e6900f1f6e": ["36", "com.bwx.bequick.MainSettingsActivity"]}, {"ca9a67316faf4931a7bd72e6900f1f6e": ["36", "com.bwx.bequick.MainSettingsActivity"]}, {"ca9a67316faf4931a7bd72e6900f1f6e": ["36", "com.bwx.bequick.MainSettingsActivity"]}, {"fbc106ffff5f211bbf4ccce94c077c3f": ["5", "com.bwx.bequick.MainSettingsActivity"]}, {"e2c60450f9f1a81bfc9c2bd7e09a64dd": ["9", "com.bwx.bequick.LayoutSettingsActivity"]}, {"5fb49dc1b0eba085759e344c010c1494": ["10", "com.bwx.bequick.LayoutSettingsActivity"]}, {"5fb49dc1b0eba085759e344c010c1494": ["10", "com.bwx.bequick.LayoutSettingsActivity"]}, {"5fb49dc1b0eba085759e344c010c1494": ["10", "com.bwx.bequick.LayoutSettingsActivity"]}, {"ca9a67316faf4931a7bd72e6900f1f6e": ["36", "com.bwx.bequick.MainSettingsActivity"]}, {"ca9a67316faf4931a7bd72e6900f1f6e": ["36", "com.bwx.bequick.MainSettingsActivity"]}, {"fbc106ffff5f211bbf4ccce94c077c3f": ["5", "com.bwx.bequick.MainSettingsActivity"]}, {"ca9a67316faf4931a7bd72e6900f1f6e": ["36", "com.bwx.bequick.MainSettingsActivity"]}, {"ca9a67316faf4931a7bd72e6900f1f6e": ["36", "com.bwx.bequick.MainSettingsActivity"]}, {"ca9a67316faf4931a7bd72e6900f1f6e": ["36", "com.bwx.bequick.MainSettingsActivity"]}, {"ca9a67316faf4931a7bd72e6900f1f6e": ["36", "com.bwx.bequick.MainSettingsActivity"]}, {"ca9a67316faf4931a7bd72e6900f1f6e": ["36", "com.bwx.bequick.MainSettingsActivity"]}, {"ca9a67316faf4931a7bd72e6900f1f6e": ["36", "com.bwx.bequick.MainSettingsActivity"]}, {"e2c60450f9f1a81bfc9c2bd7e09a64dd": ["9", "com.bwx.bequick.LayoutSettingsActivity"]}, {"2ea16d95b1ca8714a0a630c02db123ca": ["21", "com.bwx.bequick.LayoutSettingsActivity"]}, {"5fb49dc1b0eba085759e344c010c1494": ["10", "com.bwx.bequick.LayoutSettingsActivity"]}, {"5fb49dc1b0eba085759e344c010c1494": ["10", "com.bwx.bequick.LayoutSettingsActivity"]}, {"5fb49dc1b0eba085759e344c010c1494": ["10", "com.bwx.bequick.LayoutSettingsActivity"]}, {"5fb49dc1b0eba085759e344c010c1494": ["10", "com.bwx.bequick.LayoutSettingsActivity"]}, {"5fb49dc1b0eba085759e344c010c1494": ["10", "com.bwx.bequick.LayoutSettingsActivity"]}, {"5fb49dc1b0eba085759e344c010c1494": ["10", "com.bwx.bequick.LayoutSettingsActivity"]}, {"5fb49dc1b0eba085759e344c010c1494": ["10", "com.bwx.bequick.LayoutSettingsActivity"]}, {"ec3a3c65c4285331788a4597babed1a4": ["37", "com.bwx.bequick.MainSettingsActivity"]}, {"e2c60450f9f1a81bfc9c2bd7e09a64dd": ["9", "com.bwx.bequick.LayoutSettingsActivity"]}, {"5fb49dc1b0eba085759e344c010c1494": ["10", "com.bwx.bequick.LayoutSettingsActivity"]}, {"5fb49dc1b0eba085759e344c010c1494": ["10", "com.bwx.bequick.LayoutSettingsActivity"]}, {"ca01c161ba1647686e8c63a8685cbe53": ["23", "com.bwx.bequick.LayoutSettingsActivity"]}, {"5024ed88c4a7bb3fc52c62042348d6ec": ["25", "com.bwx.bequick.LayoutSettingsActivity"]}, {"5024ed88c4a7bb3fc52c62042348d6ec": ["25", "com.bwx.bequick.LayoutSettingsActivity"]}, {"2ea16d95b1ca8714a0a630c02db123ca": ["21", "com.bwx.bequick.LayoutSettingsActivity"]}, {"e2c60450f9f1a81bfc9c2bd7e09a64dd": ["9", "com.bwx.bequick.LayoutSettingsActivity"]}, {"e2c60450f9f1a81bfc9c2bd7e09a64dd": ["9", "com.bwx.bequick.LayoutSettingsActivity"]}, {"e2c60450f9f1a81bfc9c2bd7e09a64dd": ["9", "com.bwx.bequick.LayoutSettingsActivity"]}, {"e2c60450f9f1a81bfc9c2bd7e09a64dd": ["9", "com.bwx.bequick.LayoutSettingsActivity"]}, {"e2c60450f9f1a81bfc9c2bd7e09a64dd": ["9", "com.bwx.bequick.LayoutSettingsActivity"]}, {"daf58e25705de7615655bccb00bf6abd": ["24", "com.bwx.bequick.LayoutSettingsActivity"]}, {"daf58e25705de7615655bccb00bf6abd": ["24", "com.bwx.bequick.LayoutSettingsActivity"]}, {"daf58e25705de7615655bccb00bf6abd": ["24", "com.bwx.bequick.LayoutSettingsActivity"]}, {"daf58e25705de7615655bccb00bf6abd": ["24", "com.bwx.bequick.LayoutSettingsActivity"]}, {"daf58e25705de7615655bccb00bf6abd": ["24", "com.bwx.bequick.LayoutSettingsActivity"]}, {"ca01c161ba1647686e8c63a8685cbe53": ["23", "com.bwx.bequick.LayoutSettingsActivity"]}, {"96866bc5ff388952a5fe9f82ef3f5602": ["26", "com.bwx.bequick.LayoutSettingsActivity"]}, {"2ea16d95b1ca8714a0a630c02db123ca": ["21", "com.bwx.bequick.LayoutSettingsActivity"]}, {"70355228f2a9d4e99e2e6ea36549d041": ["28", "com.bwx.bequick.LayoutSettingsActivity"]}, {"70355228f2a9d4e99e2e6ea36549d041": ["28", "com.bwx.bequick.LayoutSettingsActivity"]}, {"70355228f2a9d4e99e2e6ea36549d041": ["28", "com.bwx.bequick.LayoutSettingsActivity"]}, {"70355228f2a9d4e99e2e6ea36549d041": ["28", "com.bwx.bequick.LayoutSettingsActivity"]}, {"5024ed88c4a7bb3fc52c62042348d6ec": ["25", "com.bwx.bequick.LayoutSettingsActivity"]}, {"5024ed88c4a7bb3fc52c62042348d6ec": ["25", "com.bwx.bequick.LayoutSettingsActivity"]}, {"ca01c161ba1647686e8c63a8685cbe53": ["23", "com.bwx.bequick.LayoutSettingsActivity"]}, {"ca01c161ba1647686e8c63a8685cbe53": ["23", "com.bwx.bequick.LayoutSettingsActivity"]}, {"ca01c161ba1647686e8c63a8685cbe53": ["23", "com.bwx.bequick.LayoutSettingsActivity"]}, {"e2c60450f9f1a81bfc9c2bd7e09a64dd": ["9", "com.bwx.bequick.LayoutSettingsActivity"]}, {"e2c60450f9f1a81bfc9c2bd7e09a64dd": ["9", "com.bwx.bequick.LayoutSettingsActivity"]}, {"e2c60450f9f1a81bfc9c2bd7e09a64dd": ["9", "com.bwx.bequick.LayoutSettingsActivity"]}, {"e2c60450f9f1a81bfc9c2bd7e09a64dd": ["9", "com.bwx.bequick.LayoutSettingsActivity"]}, {"e2c60450f9f1a81bfc9c2bd7e09a64dd": ["9", "com.bwx.bequick.LayoutSettingsActivity"]}, {"5fb49dc1b0eba085759e344c010c1494": ["10", "com.bwx.bequick.LayoutSettingsActivity"]}, {"5fb49dc1b0eba085759e344c010c1494": ["10", "com.bwx.bequick.LayoutSettingsActivity"]}, {"5fb49dc1b0eba085759e344c010c1494": ["10", "com.bwx.bequick.LayoutSettingsActivity"]}, {"6c3eb20196d0a9b7a73a2b88432eca81": ["7", "com.bwx.bequick.preferences.MobileDataPrefs"]}, {"6c3eb20196d0a9b7a73a2b88432eca81": ["7", "com.bwx.bequick.preferences.MobileDataPrefs"]}, {"5fb49dc1b0eba085759e344c010c1494": ["10", "com.bwx.bequick.LayoutSettingsActivity"]}, {"5fb49dc1b0eba085759e344c010c1494": ["10", "com.bwx.bequick.LayoutSettingsActivity"]}, {"5fb49dc1b0eba085759e344c010c1494": ["10", "com.bwx.bequick.LayoutSettingsActivity"]}, {"5fb49dc1b0eba085759e344c010c1494": ["10", "com.bwx.bequick.LayoutSettingsActivity"]}, {"5fb49dc1b0eba085759e344c010c1494": ["10", "com.bwx.bequick.LayoutSettingsActivity"]}, {"2ea16d95b1ca8714a0a630c02db123ca": ["21", "com.bwx.bequick.LayoutSettingsActivity"]}, {"5024ed88c4a7bb3fc52c62042348d6ec": ["25", "com.bwx.bequick.LayoutSettingsActivity"]}, {"5024ed88c4a7bb3fc52c62042348d6ec": ["25", "com.bwx.bequick.LayoutSettingsActivity"]}, {"2ea16d95b1ca8714a0a630c02db123ca": ["21", "com.bwx.bequick.LayoutSettingsActivity"]}, {"2ea16d95b1ca8714a0a630c02db123ca": ["21", "com.bwx.bequick.LayoutSettingsActivity"]}, {"2ea16d95b1ca8714a0a630c02db123ca": ["21", "com.bwx.bequick.LayoutSettingsActivity"]}, {"ca01c161ba1647686e8c63a8685cbe53": ["23", "com.bwx.bequick.LayoutSettingsActivity"]}, {"ca01c161ba1647686e8c63a8685cbe53": ["23", "com.bwx.bequick.LayoutSettingsActivity"]}, {"ca01c161ba1647686e8c63a8685cbe53": ["23", "com.bwx.bequick.LayoutSettingsActivity"]}, {"ca01c161ba1647686e8c63a8685cbe53": ["23", "com.bwx.bequick.LayoutSettingsActivity"]}, {"5fb49dc1b0eba085759e344c010c1494": ["10", "com.bwx.bequick.LayoutSettingsActivity"]}, {"5fb49dc1b0eba085759e344c010c1494": ["10", "com.bwx.bequick.LayoutSettingsActivity"]}, {"ca01c161ba1647686e8c63a8685cbe53": ["23", "com.bwx.bequick.LayoutSettingsActivity"]}, {"96866bc5ff388952a5fe9f82ef3f5602": ["26", "com.bwx.bequick.LayoutSettingsActivity"]}, {"e2e224ac24b5134c965300d04f83e26c": ["6", "com.bwx.bequick.preferences.GpsPrefs"]}, {"e2e224ac24b5134c965300d04f83e26c": ["6", "com.bwx.bequick.preferences.GpsPrefs"]}, {"e2e224ac24b5134c965300d04f83e26c": ["6", "com.bwx.bequick.preferences.GpsPrefs"]}, {"e2e224ac24b5134c965300d04f83e26c": ["6", "com.bwx.bequick.preferences.GpsPrefs"]}, {"e2e224ac24b5134c965300d04f83e26c": ["6", "com.bwx.bequick.preferences.GpsPrefs"]}, {"e2e224ac24b5134c965300d04f83e26c": ["6", "com.bwx.bequick.preferences.GpsPrefs"]}, {"e2e224ac24b5134c965300d04f83e26c": ["6", "com.bwx.bequick.preferences.GpsPrefs"]}, {"e2e224ac24b5134c965300d04f83e26c": ["6", "com.bwx.bequick.preferences.GpsPrefs"]}, {"e2e224ac24b5134c965300d04f83e26c": ["6", "com.bwx.bequick.preferences.GpsPrefs"]}, {"e2e224ac24b5134c965300d04f83e26c": ["6", "com.bwx.bequick.preferences.GpsPrefs"]}, {"e2e224ac24b5134c965300d04f83e26c": ["6", "com.bwx.bequick.preferences.GpsPrefs"]}, {"e2e224ac24b5134c965300d04f83e26c": ["6", "com.bwx.bequick.preferences.GpsPrefs"]}, {"e2e224ac24b5134c965300d04f83e26c": ["6", "com.bwx.bequick.preferences.GpsPrefs"]}, {"e2e224ac24b5134c965300d04f83e26c": ["6", "com.bwx.bequick.preferences.GpsPrefs"]}, {"e2e224ac24b5134c965300d04f83e26c": ["6", "com.bwx.bequick.preferences.GpsPrefs"]}, {"e2e224ac24b5134c965300d04f83e26c": ["6", "com.bwx.bequick.preferences.GpsPrefs"]}, {"e2e224ac24b5134c965300d04f83e26c": ["6", "com.bwx.bequick.preferences.GpsPrefs"]}, {"e2e224ac24b5134c965300d04f83e26c": ["6", "com.bwx.bequick.preferences.GpsPrefs"]}, {"e2e224ac24b5134c965300d04f83e26c": ["6", "com.bwx.bequick.preferences.GpsPrefs"]}, {"e2e224ac24b5134c965300d04f83e26c": ["6", "com.bwx.bequick.preferences.GpsPrefs"]}, {"e2e224ac24b5134c965300d04f83e26c": ["6", "com.bwx.bequick.preferences.GpsPrefs"]}, {"e2e224ac24b5134c965300d04f83e26c": ["6", "com.bwx.bequick.preferences.GpsPrefs"]}, {"e2e224ac24b5134c965300d04f83e26c": ["6", "com.bwx.bequick.preferences.GpsPrefs"]}, {"e2e224ac24b5134c965300d04f83e26c": ["6", "com.bwx.bequick.preferences.GpsPrefs"]}, {"e2e224ac24b5134c965300d04f83e26c": ["6", "com.bwx.bequick.preferences.GpsPrefs"]}, {"e2e224ac24b5134c965300d04f83e26c": ["6", "com.bwx.bequick.preferences.GpsPrefs"]}, {"e2e224ac24b5134c965300d04f83e26c": ["6", "com.bwx.bequick.preferences.GpsPrefs"]}, {"e2e224ac24b5134c965300d04f83e26c": ["6", "com.bwx.bequick.preferences.GpsPrefs"]}, {"5024ed88c4a7bb3fc52c62042348d6ec": ["25", "com.bwx.bequick.LayoutSettingsActivity"]}, {"5024ed88c4a7bb3fc52c62042348d6ec": ["25", "com.bwx.bequick.LayoutSettingsActivity"]}, {"5024ed88c4a7bb3fc52c62042348d6ec": ["25", "com.bwx.bequick.LayoutSettingsActivity"]}, {"5024ed88c4a7bb3fc52c62042348d6ec": ["25", "com.bwx.bequick.LayoutSettingsActivity"]}, {"5024ed88c4a7bb3fc52c62042348d6ec": ["25", "com.bwx.bequick.LayoutSettingsActivity"]}, {"5024ed88c4a7bb3fc52c62042348d6ec": ["25", "com.bwx.bequick.LayoutSettingsActivity"]}, {"5024ed88c4a7bb3fc52c62042348d6ec": ["25", "com.bwx.bequick.LayoutSettingsActivity"]}, {"5024ed88c4a7bb3fc52c62042348d6ec": ["25", "com.bwx.bequick.LayoutSettingsActivity"]}, {"e2e224ac24b5134c965300d04f83e26c": ["6", "com.bwx.bequick.preferences.GpsPrefs"]}, {"e2e224ac24b5134c965300d04f83e26c": ["6", "com.bwx.bequick.preferences.GpsPrefs"]}, {"e2e224ac24b5134c965300d04f83e26c": ["6", "com.bwx.bequick.preferences.GpsPrefs"]}, {"e2e224ac24b5134c965300d04f83e26c": ["6", "com.bwx.bequick.preferences.GpsPrefs"]}, {"e2e224ac24b5134c965300d04f83e26c": ["6", "com.bwx.bequick.preferences.GpsPrefs"]}, {"e2e224ac24b5134c965300d04f83e26c": ["6", "com.bwx.bequick.preferences.GpsPrefs"]}, {"5024ed88c4a7bb3fc52c62042348d6ec": ["25", "com.bwx.bequick.LayoutSettingsActivity"]}, {"5024ed88c4a7bb3fc52c62042348d6ec": ["25", "com.bwx.bequick.LayoutSettingsActivity"]}, {"5fb49dc1b0eba085759e344c010c1494": ["10", "com.bwx.bequick.LayoutSettingsActivity"]}, {"96866bc5ff388952a5fe9f82ef3f5602": ["26", "com.bwx.bequick.LayoutSettingsActivity"]}, {"96866bc5ff388952a5fe9f82ef3f5602": ["26", "com.bwx.bequick.LayoutSettingsActivity"]}, {"96866bc5ff388952a5fe9f82ef3f5602": ["26", "com.bwx.bequick.LayoutSettingsActivity"]}, {"96866bc5ff388952a5fe9f82ef3f5602": ["26", "com.bwx.bequick.LayoutSettingsActivity"]}, {"96866bc5ff388952a5fe9f82ef3f5602": ["26", "com.bwx.bequick.LayoutSettingsActivity"]}, {"96866bc5ff388952a5fe9f82ef3f5602": ["26", "com.bwx.bequick.LayoutSettingsActivity"]}, {"96866bc5ff388952a5fe9f82ef3f5602": ["26", "com.bwx.bequick.LayoutSettingsActivity"]}, {"96866bc5ff388952a5fe9f82ef3f5602": ["26", "com.bwx.bequick.LayoutSettingsActivity"]}, {"6c3eb20196d0a9b7a73a2b88432eca81": ["7", "com.bwx.bequick.preferences.MobileDataPrefs"]}, {"6c3eb20196d0a9b7a73a2b88432eca81": ["7", "com.bwx.bequick.preferences.MobileDataPrefs"]}, {"6c3eb20196d0a9b7a73a2b88432eca81": ["7", "com.bwx.bequick.preferences.MobileDataPrefs"]}, {"6c3eb20196d0a9b7a73a2b88432eca81": ["7", "com.bwx.bequick.preferences.MobileDataPrefs"]}, {"6c3eb20196d0a9b7a73a2b88432eca81": ["7", "com.bwx.bequick.preferences.MobileDataPrefs"]}, {"6c3eb20196d0a9b7a73a2b88432eca81": ["7", "com.bwx.bequick.preferences.MobileDataPrefs"]}, {"6c3eb20196d0a9b7a73a2b88432eca81": ["7", "com.bwx.bequick.preferences.MobileDataPrefs"]}, {"6c3eb20196d0a9b7a73a2b88432eca81": ["7", "com.bwx.bequick.preferences.MobileDataPrefs"]}, {"6c3eb20196d0a9b7a73a2b88432eca81": ["7", "com.bwx.bequick.preferences.MobileDataPrefs"]}, {"6c3eb20196d0a9b7a73a2b88432eca81": ["7", "com.bwx.bequick.preferences.MobileDataPrefs"]}, {"6c3eb20196d0a9b7a73a2b88432eca81": ["7", "com.bwx.bequick.preferences.MobileDataPrefs"]}, {"6c3eb20196d0a9b7a73a2b88432eca81": ["7", "com.bwx.bequick.preferences.MobileDataPrefs"]}, {"6c3eb20196d0a9b7a73a2b88432eca81": ["7", "com.bwx.bequick.preferences.MobileDataPrefs"]}, {"6c3eb20196d0a9b7a73a2b88432eca81": ["7", "com.bwx.bequick.preferences.MobileDataPrefs"]}, {"6c3eb20196d0a9b7a73a2b88432eca81": ["7", "com.bwx.bequick.preferences.MobileDataPrefs"]}, {"6c3eb20196d0a9b7a73a2b88432eca81": ["7", "com.bwx.bequick.preferences.MobileDataPrefs"]}, {"6c3eb20196d0a9b7a73a2b88432eca81": ["7", "com.bwx.bequick.preferences.MobileDataPrefs"]}, {"6c3eb20196d0a9b7a73a2b88432eca81": ["7", "com.bwx.bequick.preferences.MobileDataPrefs"]}, {"6c3eb20196d0a9b7a73a2b88432eca81": ["7", "com.bwx.bequick.preferences.MobileDataPrefs"]}, {"6c3eb20196d0a9b7a73a2b88432eca81": ["7", "com.bwx.bequick.preferences.MobileDataPrefs"]}, {"6c3eb20196d0a9b7a73a2b88432eca81": ["7", "com.bwx.bequick.preferences.MobileDataPrefs"]}, {"6c3eb20196d0a9b7a73a2b88432eca81": ["7", "com.bwx.bequick.preferences.MobileDataPrefs"]}, {"6c3eb20196d0a9b7a73a2b88432eca81": ["7", "com.bwx.bequick.preferences.MobileDataPrefs"]}, {"6c3eb20196d0a9b7a73a2b88432eca81": ["7", "com.bwx.bequick.preferences.MobileDataPrefs"]}, {"6c3eb20196d0a9b7a73a2b88432eca81": ["7", "com.bwx.bequick.preferences.MobileDataPrefs"]}, {"6c3eb20196d0a9b7a73a2b88432eca81": ["7", "com.bwx.bequick.preferences.MobileDataPrefs"]}, {"6c3eb20196d0a9b7a73a2b88432eca81": ["7", "com.bwx.bequick.preferences.MobileDataPrefs"]}, {"6c3eb20196d0a9b7a73a2b88432eca81": ["7", "com.bwx.bequick.preferences.MobileDataPrefs"]}, {"6c3eb20196d0a9b7a73a2b88432eca81": ["7", "com.bwx.bequick.preferences.MobileDataPrefs"]}, {"6c3eb20196d0a9b7a73a2b88432eca81": ["7", "com.bwx.bequick.preferences.MobileDataPrefs"]}, {"6c3eb20196d0a9b7a73a2b88432eca81": ["7", "com.bwx.bequick.preferences.MobileDataPrefs"]}, {"6c3eb20196d0a9b7a73a2b88432eca81": ["7", "com.bwx.bequick.preferences.MobileDataPrefs"]}, {"6c3eb20196d0a9b7a73a2b88432eca81": ["7", "com.bwx.bequick.preferences.MobileDataPrefs"]}, {"6c3eb20196d0a9b7a73a2b88432eca81": ["7", "com.bwx.bequick.preferences.MobileDataPrefs"]}, {"6c3eb20196d0a9b7a73a2b88432eca81": ["7", "com.bwx.bequick.preferences.MobileDataPrefs"]}, {"6c3eb20196d0a9b7a73a2b88432eca81": ["7", "com.bwx.bequick.preferences.MobileDataPrefs"]}, {"6c3eb20196d0a9b7a73a2b88432eca81": ["7", "com.bwx.bequick.preferences.MobileDataPrefs"]}, {"6c3eb20196d0a9b7a73a2b88432eca81": ["7", "com.bwx.bequick.preferences.MobileDataPrefs"]}, {"6c3eb20196d0a9b7a73a2b88432eca81": ["7", "com.bwx.bequick.preferences.MobileDataPrefs"]}, {"6c3eb20196d0a9b7a73a2b88432eca81": ["7", "com.bwx.bequick.preferences.MobileDataPrefs"]}, {"6c3eb20196d0a9b7a73a2b88432eca81": ["7", "com.bwx.bequick.preferences.MobileDataPrefs"]}, {"6c3eb20196d0a9b7a73a2b88432eca81": ["7", "com.bwx.bequick.preferences.MobileDataPrefs"]}, {"6c3eb20196d0a9b7a73a2b88432eca81": ["7", "com.bwx.bequick.preferences.MobileDataPrefs"]}, {"6c3eb20196d0a9b7a73a2b88432eca81": ["7", "com.bwx.bequick.preferences.MobileDataPrefs"]}, {"6c3eb20196d0a9b7a73a2b88432eca81": ["7", "com.bwx.bequick.preferences.MobileDataPrefs"]}, {"6c3eb20196d0a9b7a73a2b88432eca81": ["7", "com.bwx.bequick.preferences.MobileDataPrefs"]}, {"6c3eb20196d0a9b7a73a2b88432eca81": ["7", "com.bwx.bequick.preferences.MobileDataPrefs"]}, {"6c3eb20196d0a9b7a73a2b88432eca81": ["7", "com.bwx.bequick.preferences.MobileDataPrefs"]}, {"6c3eb20196d0a9b7a73a2b88432eca81": ["7", "com.bwx.bequick.preferences.MobileDataPrefs"]}, {"6c3eb20196d0a9b7a73a2b88432eca81": ["7", "com.bwx.bequick.preferences.MobileDataPrefs"]}, {"6c3eb20196d0a9b7a73a2b88432eca81": ["7", "com.bwx.bequick.preferences.MobileDataPrefs"]}, {"6c3eb20196d0a9b7a73a2b88432eca81": ["7", "com.bwx.bequick.preferences.MobileDataPrefs"]}, {"6c3eb20196d0a9b7a73a2b88432eca81": ["7", "com.bwx.bequick.preferences.MobileDataPrefs"]}, {"6c3eb20196d0a9b7a73a2b88432eca81": ["7", "com.bwx.bequick.preferences.MobileDataPrefs"]}, {"6c3eb20196d0a9b7a73a2b88432eca81": ["7", "com.bwx.bequick.preferences.MobileDataPrefs"]}, {"6c3eb20196d0a9b7a73a2b88432eca81": ["7", "com.bwx.bequick.preferences.MobileDataPrefs"]}, {"6c3eb20196d0a9b7a73a2b88432eca81": ["7", "com.bwx.bequick.preferences.MobileDataPrefs"]}, {"6c3eb20196d0a9b7a73a2b88432eca81": ["7", "com.bwx.bequick.preferences.MobileDataPrefs"]}, {"6c3eb20196d0a9b7a73a2b88432eca81": ["7", "com.bwx.bequick.preferences.MobileDataPrefs"]}, {"6c3eb20196d0a9b7a73a2b88432eca81": ["7", "com.bwx.bequick.preferences.MobileDataPrefs"]}, {"6c3eb20196d0a9b7a73a2b88432eca81": ["7", "com.bwx.bequick.preferences.MobileDataPrefs"]}, {"6c3eb20196d0a9b7a73a2b88432eca81": ["7", "com.bwx.bequick.preferences.MobileDataPrefs"]}, {"6c3eb20196d0a9b7a73a2b88432eca81": ["7", "com.bwx.bequick.preferences.MobileDataPrefs"]}, {"6c3eb20196d0a9b7a73a2b88432eca81": ["7", "com.bwx.bequick.preferences.MobileDataPrefs"]}, {"6c3eb20196d0a9b7a73a2b88432eca81": ["7", "com.bwx.bequick.preferences.MobileDataPrefs"]}, {"6c3eb20196d0a9b7a73a2b88432eca81": ["7", "com.bwx.bequick.preferences.MobileDataPrefs"]}, {"6c3eb20196d0a9b7a73a2b88432eca81": ["7", "com.bwx.bequick.preferences.MobileDataPrefs"]}, {"6c3eb20196d0a9b7a73a2b88432eca81": ["7", "com.bwx.bequick.preferences.MobileDataPrefs"]}, {"6c3eb20196d0a9b7a73a2b88432eca81": ["7", "com.bwx.bequick.preferences.MobileDataPrefs"]}, {"6c3eb20196d0a9b7a73a2b88432eca81": ["7", "com.bwx.bequick.preferences.MobileDataPrefs"]}, {"6c3eb20196d0a9b7a73a2b88432eca81": ["7", "com.bwx.bequick.preferences.MobileDataPrefs"]}, {"6c3eb20196d0a9b7a73a2b88432eca81": ["7", "com.bwx.bequick.preferences.MobileDataPrefs"]}, {"6c3eb20196d0a9b7a73a2b88432eca81": ["7", "com.bwx.bequick.preferences.MobileDataPrefs"]}, {"6c3eb20196d0a9b7a73a2b88432eca81": ["7", "com.bwx.bequick.preferences.MobileDataPrefs"]}, {"6c3eb20196d0a9b7a73a2b88432eca81": ["7", "com.bwx.bequick.preferences.MobileDataPrefs"]}, {"6c3eb20196d0a9b7a73a2b88432eca81": ["7", "com.bwx.bequick.preferences.MobileDataPrefs"]}, {"6c3eb20196d0a9b7a73a2b88432eca81": ["7", "com.bwx.bequick.preferences.MobileDataPrefs"]}, {"6c3eb20196d0a9b7a73a2b88432eca81": ["7", "com.bwx.bequick.preferences.MobileDataPrefs"]}, {"6c3eb20196d0a9b7a73a2b88432eca81": ["7", "com.bwx.bequick.preferences.MobileDataPrefs"]}, {"6c3eb20196d0a9b7a73a2b88432eca81": ["7", "com.bwx.bequick.preferences.MobileDataPrefs"]}, {"6c3eb20196d0a9b7a73a2b88432eca81": ["7", "com.bwx.bequick.preferences.MobileDataPrefs"]}, {"6c3eb20196d0a9b7a73a2b88432eca81": ["7", "com.bwx.bequick.preferences.MobileDataPrefs"]}, {"6c3eb20196d0a9b7a73a2b88432eca81": ["7", "com.bwx.bequick.preferences.MobileDataPrefs"]}, {"6c3eb20196d0a9b7a73a2b88432eca81": ["7", "com.bwx.bequick.preferences.MobileDataPrefs"]}, {"6c3eb20196d0a9b7a73a2b88432eca81": ["7", "com.bwx.bequick.preferences.MobileDataPrefs"]}, {"6c3eb20196d0a9b7a73a2b88432eca81": ["7", "com.bwx.bequick.preferences.MobileDataPrefs"]}, {"6c3eb20196d0a9b7a73a2b88432eca81": ["7", "com.bwx.bequick.preferences.MobileDataPrefs"]}, {"6c3eb20196d0a9b7a73a2b88432eca81": ["7", "com.bwx.bequick.preferences.MobileDataPrefs"]}, {"6c3eb20196d0a9b7a73a2b88432eca81": ["7", "com.bwx.bequick.preferences.MobileDataPrefs"]}, {"6c3eb20196d0a9b7a73a2b88432eca81": ["7", "com.bwx.bequick.preferences.MobileDataPrefs"]}, {"6c3eb20196d0a9b7a73a2b88432eca81": ["7", "com.bwx.bequick.preferences.MobileDataPrefs"]}, {"96866bc5ff388952a5fe9f82ef3f5602": ["26", "com.bwx.bequick.LayoutSettingsActivity"]}, {"96866bc5ff388952a5fe9f82ef3f5602": ["26", "com.bwx.bequick.LayoutSettingsActivity"]}, {"96866bc5ff388952a5fe9f82ef3f5602": ["26", "com.bwx.bequick.LayoutSettingsActivity"]}, {"96866bc5ff388952a5fe9f82ef3f5602": ["26", "com.bwx.bequick.LayoutSettingsActivity"]}, {"5fb49dc1b0eba085759e344c010c1494": ["10", "com.bwx.bequick.LayoutSettingsActivity"]}, {"5fb49dc1b0eba085759e344c010c1494": ["10", "com.bwx.bequick.LayoutSettingsActivity"]}, {"5fb49dc1b0eba085759e344c010c1494": ["10", "com.bwx.bequick.LayoutSettingsActivity"]}, {"5fb49dc1b0eba085759e344c010c1494": ["10", "com.bwx.bequick.LayoutSettingsActivity"]}, {"5fb49dc1b0eba085759e344c010c1494": ["10", "com.bwx.bequick.LayoutSettingsActivity"]}, {"5fb49dc1b0eba085759e344c010c1494": ["10", "com.bwx.bequick.LayoutSettingsActivity"]}, {"5fb49dc1b0eba085759e344c010c1494": ["10", "com.bwx.bequick.LayoutSettingsActivity"]}, {"5fb49dc1b0eba085759e344c010c1494": ["10", "com.bwx.bequick.LayoutSettingsActivity"]}, {"5fb49dc1b0eba085759e344c010c1494": ["10", "com.bwx.bequick.LayoutSettingsActivity"]}, {"5fb49dc1b0eba085759e344c010c1494": ["10", "com.bwx.bequick.LayoutSettingsActivity"]}, {"5fb49dc1b0eba085759e344c010c1494": ["10", "com.bwx.bequick.LayoutSettingsActivity"]}, {"5fb49dc1b0eba085759e344c010c1494": ["10", "com.bwx.bequick.LayoutSettingsActivity"]}, {"2ea16d95b1ca8714a0a630c02db123ca": ["21", "com.bwx.bequick.LayoutSettingsActivity"]}, {"2ea16d95b1ca8714a0a630c02db123ca": ["21", "com.bwx.bequick.LayoutSettingsActivity"]}, {"2ea16d95b1ca8714a0a630c02db123ca": ["21", "com.bwx.bequick.LayoutSettingsActivity"]}, {"ca01c161ba1647686e8c63a8685cbe53": ["23", "com.bwx.bequick.LayoutSettingsActivity"]}, {"ca01c161ba1647686e8c63a8685cbe53": ["23", "com.bwx.bequick.LayoutSettingsActivity"]}, {"5fb49dc1b0eba085759e344c010c1494": ["10", "com.bwx.bequick.LayoutSettingsActivity"]}, {"5fb49dc1b0eba085759e344c010c1494": ["10", "com.bwx.bequick.LayoutSettingsActivity"]}, {"5fb49dc1b0eba085759e344c010c1494": ["10", "com.bwx.bequick.LayoutSettingsActivity"]}, {"5fb49dc1b0eba085759e344c010c1494": ["10", "com.bwx.bequick.LayoutSettingsActivity"]}, {"5fb49dc1b0eba085759e344c010c1494": ["10", "com.bwx.bequick.LayoutSettingsActivity"]}, {"5fb49dc1b0eba085759e344c010c1494": ["10", "com.bwx.bequick.LayoutSettingsActivity"]}, {"5fb49dc1b0eba085759e344c010c1494": ["10", "com.bwx.bequick.LayoutSettingsActivity"]}, {"5fb49dc1b0eba085759e344c010c1494": ["10", "com.bwx.bequick.LayoutSettingsActivity"]}, {"e2e224ac24b5134c965300d04f83e26c": ["6", "com.bwx.bequick.preferences.GpsPrefs"]}, {"e2e224ac24b5134c965300d04f83e26c": ["6", "com.bwx.bequick.preferences.GpsPrefs"]}, {"e2e224ac24b5134c965300d04f83e26c": ["6", "com.bwx.bequick.preferences.GpsPrefs"]}, {"e2e224ac24b5134c965300d04f83e26c": ["6", "com.bwx.bequick.preferences.GpsPrefs"]}, {"e2e224ac24b5134c965300d04f83e26c": ["6", "com.bwx.bequick.preferences.GpsPrefs"]}, {"e2e224ac24b5134c965300d04f83e26c": ["6", "com.bwx.bequick.preferences.GpsPrefs"]}, {"e2e224ac24b5134c965300d04f83e26c": ["6", "com.bwx.bequick.preferences.GpsPrefs"]}, {"e2e224ac24b5134c965300d04f83e26c": ["6", "com.bwx.bequick.preferences.GpsPrefs"]}, {"e2e224ac24b5134c965300d04f83e26c": ["6", "com.bwx.bequick.preferences.GpsPrefs"]}, {"5fb49dc1b0eba085759e344c010c1494": ["10", "com.bwx.bequick.LayoutSettingsActivity"]}, {"5fb49dc1b0eba085759e344c010c1494": ["10", "com.bwx.bequick.LayoutSettingsActivity"]}, {"5fb49dc1b0eba085759e344c010c1494": ["10", "com.bwx.bequick.LayoutSettingsActivity"]}, {"5fb49dc1b0eba085759e344c010c1494": ["10", "com.bwx.bequick.LayoutSettingsActivity"]}, {"5fb49dc1b0eba085759e344c010c1494": ["10", "com.bwx.bequick.LayoutSettingsActivity"]}, {"5fb49dc1b0eba085759e344c010c1494": ["10", "com.bwx.bequick.LayoutSettingsActivity"]}, {"5fb49dc1b0eba085759e344c010c1494": ["10", "com.bwx.bequick.LayoutSettingsActivity"]}, {"5fb49dc1b0eba085759e344c010c1494": ["10", "com.bwx.bequick.LayoutSettingsActivity"]}, {"5fb49dc1b0eba085759e344c010c1494": ["10", "com.bwx.bequick.LayoutSettingsActivity"]}, {"5fb49dc1b0eba085759e344c010c1494": ["10", "com.bwx.bequick.LayoutSettingsActivity"]}, {"212522be1d16f3bd2ecb5f870f353104": ["38", "com.bwx.bequick.MainSettingsActivity"]}, {"212522be1d16f3bd2ecb5f870f353104": ["38", "com.bwx.bequick.MainSettingsActivity"]}, {"212522be1d16f3bd2ecb5f870f353104": ["38", "com.bwx.bequick.MainSettingsActivity"]}, {"212522be1d16f3bd2ecb5f870f353104": ["38", "com.bwx.bequick.MainSettingsActivity"]}, {"212522be1d16f3bd2ecb5f870f353104": ["38", "com.bwx.bequick.MainSettingsActivity"]}, {"6ebbd3c29d4ec8d5caf625bcbfdf2086": ["39", "com.bwx.bequick.MainSettingsActivity"]}, {"212522be1d16f3bd2ecb5f870f353104": ["38", "com.bwx.bequick.MainSettingsActivity"]}, {"212522be1d16f3bd2ecb5f870f353104": ["38", "com.bwx.bequick.MainSettingsActivity"]}, {"212522be1d16f3bd2ecb5f870f353104": ["38", "com.bwx.bequick.MainSettingsActivity"]}, {"212522be1d16f3bd2ecb5f870f353104": ["38", "com.bwx.bequick.MainSettingsActivity"]}, {"212522be1d16f3bd2ecb5f870f353104": ["38", "com.bwx.bequick.MainSettingsActivity"]}, {"212522be1d16f3bd2ecb5f870f353104": ["38", "com.bwx.bequick.MainSettingsActivity"]}, {"212522be1d16f3bd2ecb5f870f353104": ["38", "com.bwx.bequick.MainSettingsActivity"]}, {"212522be1d16f3bd2ecb5f870f353104": ["38", "com.bwx.bequick.MainSettingsActivity"]}, {"fbc106ffff5f211bbf4ccce94c077c3f": ["5", "com.bwx.bequick.MainSettingsActivity"]}, {"212522be1d16f3bd2ecb5f870f353104": ["38", "com.bwx.bequick.MainSettingsActivity"]}, {"212522be1d16f3bd2ecb5f870f353104": ["38", "com.bwx.bequick.MainSettingsActivity"]}, {"212522be1d16f3bd2ecb5f870f353104": ["38", "com.bwx.bequick.MainSettingsActivity"]}, {"6ebbd3c29d4ec8d5caf625bcbfdf2086": ["39", "com.bwx.bequick.MainSettingsActivity"]}, {"212522be1d16f3bd2ecb5f870f353104": ["38", "com.bwx.bequick.MainSettingsActivity"]}, {"fbc106ffff5f211bbf4ccce94c077c3f": ["5", "com.bwx.bequick.MainSettingsActivity"]}, {"3c6eb5858ced50ffee7ae4c9474fbac0": ["13", "com.bwx.bequick.preferences.CommonPrefs"]}, {"e2d4a11840db1a9722f7446bfc536d05": ["16", "com.bwx.bequick.preferences.CommonPrefs"]}, {"3c6eb5858ced50ffee7ae4c9474fbac0": ["13", "com.bwx.bequick.preferences.CommonPrefs"]}, {"84cf821a14db9f22040fe19b5a48b804": ["17", "com.bwx.bequick.preferences.CommonPrefs"]}, {"84cf821a14db9f22040fe19b5a48b804": ["17", "com.bwx.bequick.preferences.CommonPrefs"]}, {"84cf821a14db9f22040fe19b5a48b804": ["17", "com.bwx.bequick.preferences.CommonPrefs"]}, {"84cf821a14db9f22040fe19b5a48b804": ["17", "com.bwx.bequick.preferences.CommonPrefs"]}, {"84cf821a14db9f22040fe19b5a48b804": ["17", "com.bwx.bequick.preferences.CommonPrefs"]}, {"d77fecbe20eb3485bd6e67dffe76d8e6": ["14", "com.bwx.bequick.preferences.CommonPrefs"]}, {"84cf821a14db9f22040fe19b5a48b804": ["17", "com.bwx.bequick.preferences.CommonPrefs"]}, {"84cf821a14db9f22040fe19b5a48b804": ["17", "com.bwx.bequick.preferences.CommonPrefs"]}, {"7184d3b2afb594a20423daec494a4599": ["19", "com.bwx.bequick.preferences.CommonPrefs"]}, {"84cf821a14db9f22040fe19b5a48b804": ["17", "com.bwx.bequick.preferences.CommonPrefs"]}, {"d77fecbe20eb3485bd6e67dffe76d8e6": ["14", "com.bwx.bequick.preferences.CommonPrefs"]}, {"84cf821a14db9f22040fe19b5a48b804": ["17", "com.bwx.bequick.preferences.CommonPrefs"]}, {"84cf821a14db9f22040fe19b5a48b804": ["17", "com.bwx.bequick.preferences.CommonPrefs"]}, {"d77fecbe20eb3485bd6e67dffe76d8e6": ["14", "com.bwx.bequick.preferences.CommonPrefs"]}, {"84cf821a14db9f22040fe19b5a48b804": ["17", "com.bwx.bequick.preferences.CommonPrefs"]}, {"84cf821a14db9f22040fe19b5a48b804": ["17", "com.bwx.bequick.preferences.CommonPrefs"]}, {"84cf821a14db9f22040fe19b5a48b804": ["17", "com.bwx.bequick.preferences.CommonPrefs"]}, {"7184d3b2afb594a20423daec494a4599": ["19", "com.bwx.bequick.preferences.CommonPrefs"]}, {"84cf821a14db9f22040fe19b5a48b804": ["17", "com.bwx.bequick.preferences.CommonPrefs"]}, {"d77fecbe20eb3485bd6e67dffe76d8e6": ["14", "com.bwx.bequick.preferences.CommonPrefs"]}, {"84cf821a14db9f22040fe19b5a48b804": ["17", "com.bwx.bequick.preferences.CommonPrefs"]}, {"84cf821a14db9f22040fe19b5a48b804": ["17", "com.bwx.bequick.preferences.CommonPrefs"]}, {"84cf821a14db9f22040fe19b5a48b804": ["17", "com.bwx.bequick.preferences.CommonPrefs"]}, {"84cf821a14db9f22040fe19b5a48b804": ["17", "com.bwx.bequick.preferences.CommonPrefs"]}, {"84cf821a14db9f22040fe19b5a48b804": ["17", "com.bwx.bequick.preferences.CommonPrefs"]}, {"d77fecbe20eb3485bd6e67dffe76d8e6": ["14", "com.bwx.bequick.preferences.CommonPrefs"]}, {"3cd5a672563aea8cd52ec845ea923307": ["30", "com.bwx.bequick.preferences.CommonPrefs"]}, {"84cf821a14db9f22040fe19b5a48b804": ["17", "com.bwx.bequick.preferences.CommonPrefs"]}, {"d77fecbe20eb3485bd6e67dffe76d8e6": ["14", "com.bwx.bequick.preferences.CommonPrefs"]}, {"3c6eb5858ced50ffee7ae4c9474fbac0": ["13", "com.bwx.bequick.preferences.CommonPrefs"]}, {"3c6eb5858ced50ffee7ae4c9474fbac0": ["13", "com.bwx.bequick.preferences.CommonPrefs"]}, {"3c6eb5858ced50ffee7ae4c9474fbac0": ["13", "com.bwx.bequick.preferences.CommonPrefs"]}, {"3c6eb5858ced50ffee7ae4c9474fbac0": ["13", "com.bwx.bequick.preferences.CommonPrefs"]}, {"3c6eb5858ced50ffee7ae4c9474fbac0": ["13", "com.bwx.bequick.preferences.CommonPrefs"]}, {"3c6eb5858ced50ffee7ae4c9474fbac0": ["13", "com.bwx.bequick.preferences.CommonPrefs"]}, {"3c6eb5858ced50ffee7ae4c9474fbac0": ["13", "com.bwx.bequick.preferences.CommonPrefs"]}, {"3c6eb5858ced50ffee7ae4c9474fbac0": ["13", "com.bwx.bequick.preferences.CommonPrefs"]}, {"3c6eb5858ced50ffee7ae4c9474fbac0": ["13", "com.bwx.bequick.preferences.CommonPrefs"]}, {"e2d4a11840db1a9722f7446bfc536d05": ["16", "com.bwx.bequick.preferences.CommonPrefs"]}, {"3c6eb5858ced50ffee7ae4c9474fbac0": ["13", "com.bwx.bequick.preferences.CommonPrefs"]}, {"3c6eb5858ced50ffee7ae4c9474fbac0": ["13", "com.bwx.bequick.preferences.CommonPrefs"]}, {"3c6eb5858ced50ffee7ae4c9474fbac0": ["13", "com.bwx.bequick.preferences.CommonPrefs"]}, {"3c6eb5858ced50ffee7ae4c9474fbac0": ["13", "com.bwx.bequick.preferences.CommonPrefs"]}, {"3c6eb5858ced50ffee7ae4c9474fbac0": ["13", "com.bwx.bequick.preferences.CommonPrefs"]}, {"3c6eb5858ced50ffee7ae4c9474fbac0": ["13", "com.bwx.bequick.preferences.CommonPrefs"]}, {"3c6eb5858ced50ffee7ae4c9474fbac0": ["13", "com.bwx.bequick.preferences.CommonPrefs"]}, {"3c6eb5858ced50ffee7ae4c9474fbac0": ["13", "com.bwx.bequick.preferences.CommonPrefs"]}, {"84cf821a14db9f22040fe19b5a48b804": ["17", "com.bwx.bequick.preferences.CommonPrefs"]}, {"cc8202af67912cdc8fc0eb47cfe9a025": ["32", "com.bwx.bequick.preferences.CommonPrefs"]}, {"a9b4b1a4b4829b7cb6453b524f9fea73": ["15", "com.bwx.bequick.preferences.CommonPrefs"]}, {"3c6eb5858ced50ffee7ae4c9474fbac0": ["13", "com.bwx.bequick.preferences.CommonPrefs"]}, {"3c6eb5858ced50ffee7ae4c9474fbac0": ["13", "com.bwx.bequick.preferences.CommonPrefs"]}, {"3c6eb5858ced50ffee7ae4c9474fbac0": ["13", "com.bwx.bequick.preferences.CommonPrefs"]}, {"d77fecbe20eb3485bd6e67dffe76d8e6": ["14", "com.bwx.bequick.preferences.CommonPrefs"]}, {"84cf821a14db9f22040fe19b5a48b804": ["17", "com.bwx.bequick.preferences.CommonPrefs"]}, {"84cf821a14db9f22040fe19b5a48b804": ["17", "com.bwx.bequick.preferences.CommonPrefs"]}, {"84cf821a14db9f22040fe19b5a48b804": ["17", "com.bwx.bequick.preferences.CommonPrefs"]}, {"7184d3b2afb594a20423daec494a4599": ["19", "com.bwx.bequick.preferences.CommonPrefs"]}, {"84cf821a14db9f22040fe19b5a48b804": ["17", "com.bwx.bequick.preferences.CommonPrefs"]}, {"84cf821a14db9f22040fe19b5a48b804": ["17", "com.bwx.bequick.preferences.CommonPrefs"]}, {"84cf821a14db9f22040fe19b5a48b804": ["17", "com.bwx.bequick.preferences.CommonPrefs"]}, {"84cf821a14db9f22040fe19b5a48b804": ["17", "com.bwx.bequick.preferences.CommonPrefs"]}, {"d77fecbe20eb3485bd6e67dffe76d8e6": ["14", "com.bwx.bequick.preferences.CommonPrefs"]}, {"84cf821a14db9f22040fe19b5a48b804": ["17", "com.bwx.bequick.preferences.CommonPrefs"]}, {"84cf821a14db9f22040fe19b5a48b804": ["17", "com.bwx.bequick.preferences.CommonPrefs"]}, {"84cf821a14db9f22040fe19b5a48b804": ["17", "com.bwx.bequick.preferences.CommonPrefs"]}, {"84cf821a14db9f22040fe19b5a48b804": ["17", "com.bwx.bequick.preferences.CommonPrefs"]}, {"84cf821a14db9f22040fe19b5a48b804": ["17", "com.bwx.bequick.preferences.CommonPrefs"]}, {"d77fecbe20eb3485bd6e67dffe76d8e6": ["14", "com.bwx.bequick.preferences.CommonPrefs"]}, {"84cf821a14db9f22040fe19b5a48b804": ["17", "com.bwx.bequick.preferences.CommonPrefs"]}, {"84cf821a14db9f22040fe19b5a48b804": ["17", "com.bwx.bequick.preferences.CommonPrefs"]}, {"a9b4b1a4b4829b7cb6453b524f9fea73": ["15", "com.bwx.bequick.preferences.CommonPrefs"]}, {"84cf821a14db9f22040fe19b5a48b804": ["17", "com.bwx.bequick.preferences.CommonPrefs"]}, {"84cf821a14db9f22040fe19b5a48b804": ["17", "com.bwx.bequick.preferences.CommonPrefs"]}, {"7184d3b2afb594a20423daec494a4599": ["19", "com.bwx.bequick.preferences.CommonPrefs"]}, {"84cf821a14db9f22040fe19b5a48b804": ["17", "com.bwx.bequick.preferences.CommonPrefs"]}, {"84cf821a14db9f22040fe19b5a48b804": ["17", "com.bwx.bequick.preferences.CommonPrefs"]}, {"84cf821a14db9f22040fe19b5a48b804": ["17", "com.bwx.bequick.preferences.CommonPrefs"]}, {"84cf821a14db9f22040fe19b5a48b804": ["17", "com.bwx.bequick.preferences.CommonPrefs"]}, {"84cf821a14db9f22040fe19b5a48b804": ["17", "com.bwx.bequick.preferences.CommonPrefs"]}, {"d77fecbe20eb3485bd6e67dffe76d8e6": ["14", "com.bwx.bequick.preferences.CommonPrefs"]}, {"84cf821a14db9f22040fe19b5a48b804": ["17", "com.bwx.bequick.preferences.CommonPrefs"]}, {"84cf821a14db9f22040fe19b5a48b804": ["17", "com.bwx.bequick.preferences.CommonPrefs"]}, {"84cf821a14db9f22040fe19b5a48b804": ["17", "com.bwx.bequick.preferences.CommonPrefs"]}, {"3c6eb5858ced50ffee7ae4c9474fbac0": ["13", "com.bwx.bequick.preferences.CommonPrefs"]}, {"e2d4a11840db1a9722f7446bfc536d05": ["16", "com.bwx.bequick.preferences.CommonPrefs"]}, {"3c6eb5858ced50ffee7ae4c9474fbac0": ["13", "com.bwx.bequick.preferences.CommonPrefs"]}, {"3c6eb5858ced50ffee7ae4c9474fbac0": ["13", "com.bwx.bequick.preferences.CommonPrefs"]}, {"3c6eb5858ced50ffee7ae4c9474fbac0": ["13", "com.bwx.bequick.preferences.CommonPrefs"]}, {"3c6eb5858ced50ffee7ae4c9474fbac0": ["13", "com.bwx.bequick.preferences.CommonPrefs"]}, {"3c6eb5858ced50ffee7ae4c9474fbac0": ["13", "com.bwx.bequick.preferences.CommonPrefs"]}, {"3c6eb5858ced50ffee7ae4c9474fbac0": ["13", "com.bwx.bequick.preferences.CommonPrefs"]}, {"d77fecbe20eb3485bd6e67dffe76d8e6": ["14", "com.bwx.bequick.preferences.CommonPrefs"]}, {"84cf821a14db9f22040fe19b5a48b804": ["17", "com.bwx.bequick.preferences.CommonPrefs"]}, {"3c6eb5858ced50ffee7ae4c9474fbac0": ["13", "com.bwx.bequick.preferences.CommonPrefs"]}, {"3c6eb5858ced50ffee7ae4c9474fbac0": ["13", "com.bwx.bequick.preferences.CommonPrefs"]}, {"3c6eb5858ced50ffee7ae4c9474fbac0": ["13", "com.bwx.bequick.preferences.CommonPrefs"]}, {"e2d4a11840db1a9722f7446bfc536d05": ["16", "com.bwx.bequick.preferences.CommonPrefs"]}, {"3c6eb5858ced50ffee7ae4c9474fbac0": ["13", "com.bwx.bequick.preferences.CommonPrefs"]}, {"3c6eb5858ced50ffee7ae4c9474fbac0": ["13", "com.bwx.bequick.preferences.CommonPrefs"]}, {"3c6eb5858ced50ffee7ae4c9474fbac0": ["13", "com.bwx.bequick.preferences.CommonPrefs"]}, {"3c6eb5858ced50ffee7ae4c9474fbac0": ["13", "com.bwx.bequick.preferences.CommonPrefs"]}, {"cc8202af67912cdc8fc0eb47cfe9a025": ["32", "com.bwx.bequick.preferences.CommonPrefs"]}, {"84cf821a14db9f22040fe19b5a48b804": ["17", "com.bwx.bequick.preferences.CommonPrefs"]}, {"84cf821a14db9f22040fe19b5a48b804": ["17", "com.bwx.bequick.preferences.CommonPrefs"]}, {"84cf821a14db9f22040fe19b5a48b804": ["17", "com.bwx.bequick.preferences.CommonPrefs"]}, {"3c6eb5858ced50ffee7ae4c9474fbac0": ["13", "com.bwx.bequick.preferences.CommonPrefs"]}, {"3c6eb5858ced50ffee7ae4c9474fbac0": ["13", "com.bwx.bequick.preferences.CommonPrefs"]}, {"3c6eb5858ced50ffee7ae4c9474fbac0": ["13", "com.bwx.bequick.preferences.CommonPrefs"]}, {"d77fecbe20eb3485bd6e67dffe76d8e6": ["14", "com.bwx.bequick.preferences.CommonPrefs"]}, {"3c6eb5858ced50ffee7ae4c9474fbac0": ["13", "com.bwx.bequick.preferences.CommonPrefs"]}, {"3c6eb5858ced50ffee7ae4c9474fbac0": ["13", "com.bwx.bequick.preferences.CommonPrefs"]}, {"d77fecbe20eb3485bd6e67dffe76d8e6": ["14", "com.bwx.bequick.preferences.CommonPrefs"]}, {"3c6eb5858ced50ffee7ae4c9474fbac0": ["13", "com.bwx.bequick.preferences.CommonPrefs"]}, {"3c6eb5858ced50ffee7ae4c9474fbac0": ["13", "com.bwx.bequick.preferences.CommonPrefs"]}, {"3cd5a672563aea8cd52ec845ea923307": ["30", "com.bwx.bequick.preferences.CommonPrefs"]}, {"3cd5a672563aea8cd52ec845ea923307": ["30", "com.bwx.bequick.preferences.CommonPrefs"]}, {"3cd5a672563aea8cd52ec845ea923307": ["30", "com.bwx.bequick.preferences.CommonPrefs"]}, {"3cd5a672563aea8cd52ec845ea923307": ["30", "com.bwx.bequick.preferences.CommonPrefs"]}, {"3c6eb5858ced50ffee7ae4c9474fbac0": ["13", "com.bwx.bequick.preferences.CommonPrefs"]}, {"d77fecbe20eb3485bd6e67dffe76d8e6": ["14", "com.bwx.bequick.preferences.CommonPrefs"]}, {"3c6eb5858ced50ffee7ae4c9474fbac0": ["13", "com.bwx.bequick.preferences.CommonPrefs"]}, {"3c6eb5858ced50ffee7ae4c9474fbac0": ["13", "com.bwx.bequick.preferences.CommonPrefs"]}, {"3c6eb5858ced50ffee7ae4c9474fbac0": ["13", "com.bwx.bequick.preferences.CommonPrefs"]}, {"3c6eb5858ced50ffee7ae4c9474fbac0": ["13", "com.bwx.bequick.preferences.CommonPrefs"]}, {"3c6eb5858ced50ffee7ae4c9474fbac0": ["13", "com.bwx.bequick.preferences.CommonPrefs"]}, {"d77fecbe20eb3485bd6e67dffe76d8e6": ["14", "com.bwx.bequick.preferences.CommonPrefs"]}, {"90475cb76bf66d3cd7564bf05eed07c5": ["31", "com.bwx.bequick.preferences.CommonPrefs"]}, {"90475cb76bf66d3cd7564bf05eed07c5": ["31", "com.bwx.bequick.preferences.CommonPrefs"]}, {"cc8202af67912cdc8fc0eb47cfe9a025": ["32", "com.bwx.bequick.preferences.CommonPrefs"]}, {"cc8202af67912cdc8fc0eb47cfe9a025": ["32", "com.bwx.bequick.preferences.CommonPrefs"]}, {"d77fecbe20eb3485bd6e67dffe76d8e6": ["14", "com.bwx.bequick.preferences.CommonPrefs"]}, {"cc8202af67912cdc8fc0eb47cfe9a025": ["32", "com.bwx.bequick.preferences.CommonPrefs"]}, {"84cf821a14db9f22040fe19b5a48b804": ["17", "com.bwx.bequick.preferences.CommonPrefs"]}, {"84cf821a14db9f22040fe19b5a48b804": ["17", "com.bwx.bequick.preferences.CommonPrefs"]}, {"84cf821a14db9f22040fe19b5a48b804": ["17", "com.bwx.bequick.preferences.CommonPrefs"]}, {"d77fecbe20eb3485bd6e67dffe76d8e6": ["14", "com.bwx.bequick.preferences.CommonPrefs"]}, {"84cf821a14db9f22040fe19b5a48b804": ["17", "com.bwx.bequick.preferences.CommonPrefs"]}, {"d77fecbe20eb3485bd6e67dffe76d8e6": ["14", "com.bwx.bequick.preferences.CommonPrefs"]}, {"84cf821a14db9f22040fe19b5a48b804": ["17", "com.bwx.bequick.preferences.CommonPrefs"]}, {"84cf821a14db9f22040fe19b5a48b804": ["17", "com.bwx.bequick.preferences.CommonPrefs"]}, {"84cf821a14db9f22040fe19b5a48b804": ["17", "com.bwx.bequick.preferences.CommonPrefs"]}, {"84cf821a14db9f22040fe19b5a48b804": ["17", "com.bwx.bequick.preferences.CommonPrefs"]}, {"84cf821a14db9f22040fe19b5a48b804": ["17", "com.bwx.bequick.preferences.CommonPrefs"]}, {"84cf821a14db9f22040fe19b5a48b804": ["17", "com.bwx.bequick.preferences.CommonPrefs"]}, {"84cf821a14db9f22040fe19b5a48b804": ["17", "com.bwx.bequick.preferences.CommonPrefs"]}, {"84cf821a14db9f22040fe19b5a48b804": ["17", "com.bwx.bequick.preferences.CommonPrefs"]}, {"84cf821a14db9f22040fe19b5a48b804": ["17", "com.bwx.bequick.preferences.CommonPrefs"]}, {"d77fecbe20eb3485bd6e67dffe76d8e6": ["14", "com.bwx.bequick.preferences.CommonPrefs"]}, {"3c6eb5858ced50ffee7ae4c9474fbac0": ["13", "com.bwx.bequick.preferences.CommonPrefs"]}, {"84cf821a14db9f22040fe19b5a48b804": ["17", "com.bwx.bequick.preferences.CommonPrefs"]}, {"84cf821a14db9f22040fe19b5a48b804": ["17", "com.bwx.bequick.preferences.CommonPrefs"]}, {"84cf821a14db9f22040fe19b5a48b804": ["17", "com.bwx.bequick.preferences.CommonPrefs"]}, {"d77fecbe20eb3485bd6e67dffe76d8e6": ["14", "com.bwx.bequick.preferences.CommonPrefs"]}, {"84cf821a14db9f22040fe19b5a48b804": ["17", "com.bwx.bequick.preferences.CommonPrefs"]}, {"84cf821a14db9f22040fe19b5a48b804": ["17", "com.bwx.bequick.preferences.CommonPrefs"]}, {"84cf821a14db9f22040fe19b5a48b804": ["17", "com.bwx.bequick.preferences.CommonPrefs"]}, {"cc8202af67912cdc8fc0eb47cfe9a025": ["32", "com.bwx.bequick.preferences.CommonPrefs"]}, {"a9b4b1a4b4829b7cb6453b524f9fea73": ["15", "com.bwx.bequick.preferences.CommonPrefs"]}, {"cc8202af67912cdc8fc0eb47cfe9a025": ["32", "com.bwx.bequick.preferences.CommonPrefs"]}, {"cc8202af67912cdc8fc0eb47cfe9a025": ["32", "com.bwx.bequick.preferences.CommonPrefs"]}, {"cc8202af67912cdc8fc0eb47cfe9a025": ["32", "com.bwx.bequick.preferences.CommonPrefs"]}, {"cc8202af67912cdc8fc0eb47cfe9a025": ["32", "com.bwx.bequick.preferences.CommonPrefs"]}, {"d77fecbe20eb3485bd6e67dffe76d8e6": ["14", "com.bwx.bequick.preferences.CommonPrefs"]}, {"cc8202af67912cdc8fc0eb47cfe9a025": ["32", "com.bwx.bequick.preferences.CommonPrefs"]}, {"d77fecbe20eb3485bd6e67dffe76d8e6": ["14", "com.bwx.bequick.preferences.CommonPrefs"]}, {"84cf821a14db9f22040fe19b5a48b804": ["17", "com.bwx.bequick.preferences.CommonPrefs"]}, {"1857dbef9c89ae5515dcec96877a8cfd": ["40", "com.bwx.bequick.MainSettingsActivity"]}, {"3c6eb5858ced50ffee7ae4c9474fbac0": ["13", "com.bwx.bequick.preferences.CommonPrefs"]}, {"3c6eb5858ced50ffee7ae4c9474fbac0": ["13", "com.bwx.bequick.preferences.CommonPrefs"]}, {"3c6eb5858ced50ffee7ae4c9474fbac0": ["13", "com.bwx.bequick.preferences.CommonPrefs"]}, {"a9b4b1a4b4829b7cb6453b524f9fea73": ["15", "com.bwx.bequick.preferences.CommonPrefs"]}, {"3c6eb5858ced50ffee7ae4c9474fbac0": ["13", "com.bwx.bequick.preferences.CommonPrefs"]}, {"3c6eb5858ced50ffee7ae4c9474fbac0": ["13", "com.bwx.bequick.preferences.CommonPrefs"]}, {"d77fecbe20eb3485bd6e67dffe76d8e6": ["14", "com.bwx.bequick.preferences.CommonPrefs"]}, {"3c6eb5858ced50ffee7ae4c9474fbac0": ["13", "com.bwx.bequick.preferences.CommonPrefs"]}, {"3c6eb5858ced50ffee7ae4c9474fbac0": ["13", "com.bwx.bequick.preferences.CommonPrefs"]}, {"a9b4b1a4b4829b7cb6453b524f9fea73": ["15", "com.bwx.bequick.preferences.CommonPrefs"]}, {"3c6eb5858ced50ffee7ae4c9474fbac0": ["13", "com.bwx.bequick.preferences.CommonPrefs"]}, {"a9b4b1a4b4829b7cb6453b524f9fea73": ["15", "com.bwx.bequick.preferences.CommonPrefs"]}, {"84cf821a14db9f22040fe19b5a48b804": ["17", "com.bwx.bequick.preferences.CommonPrefs"]}, {"d77fecbe20eb3485bd6e67dffe76d8e6": ["14", "com.bwx.bequick.preferences.CommonPrefs"]}, {"84cf821a14db9f22040fe19b5a48b804": ["17", "com.bwx.bequick.preferences.CommonPrefs"]}, {"d77fecbe20eb3485bd6e67dffe76d8e6": ["14", "com.bwx.bequick.preferences.CommonPrefs"]}, {"3c6eb5858ced50ffee7ae4c9474fbac0": ["13", "com.bwx.bequick.preferences.CommonPrefs"]}, {"a9b4b1a4b4829b7cb6453b524f9fea73": ["15", "com.bwx.bequick.preferences.CommonPrefs"]}, {"3c6eb5858ced50ffee7ae4c9474fbac0": ["13", "com.bwx.bequick.preferences.CommonPrefs"]}, {"1857dbef9c89ae5515dcec96877a8cfd": ["40", "com.bwx.bequick.MainSettingsActivity"]}, {"1857dbef9c89ae5515dcec96877a8cfd": ["40", "com.bwx.bequick.MainSettingsActivity"]}, {"1857dbef9c89ae5515dcec96877a8cfd": ["40", "com.bwx.bequick.MainSettingsActivity"]}, {"1857dbef9c89ae5515dcec96877a8cfd": ["40", "com.bwx.bequick.MainSettingsActivity"]}, {"1857dbef9c89ae5515dcec96877a8cfd": ["40", "com.bwx.bequick.MainSettingsActivity"]}, {"39e2dbdac038b6fbb9d04787dceb500c": ["41", "com.bwx.bequick.LayoutSettingsActivity"]}, {"ca01c161ba1647686e8c63a8685cbe53": ["23", "com.bwx.bequick.LayoutSettingsActivity"]}, {"ca01c161ba1647686e8c63a8685cbe53": ["23", "com.bwx.bequick.LayoutSettingsActivity"]}, {"ca01c161ba1647686e8c63a8685cbe53": ["23", "com.bwx.bequick.LayoutSettingsActivity"]}, {"96866bc5ff388952a5fe9f82ef3f5602": ["26", "com.bwx.bequick.LayoutSettingsActivity"]}, {"5fb49dc1b0eba085759e344c010c1494": ["10", "com.bwx.bequick.LayoutSettingsActivity"]}, {"5fb49dc1b0eba085759e344c010c1494": ["10", "com.bwx.bequick.LayoutSettingsActivity"]}, {"5fb49dc1b0eba085759e344c010c1494": ["10", "com.bwx.bequick.LayoutSettingsActivity"]}, {"5fb49dc1b0eba085759e344c010c1494": ["10", "com.bwx.bequick.LayoutSettingsActivity"]}, {"5fb49dc1b0eba085759e344c010c1494": ["10", "com.bwx.bequick.LayoutSettingsActivity"]}, {"5fb49dc1b0eba085759e344c010c1494": ["10", "com.bwx.bequick.LayoutSettingsActivity"]}, {"5fb49dc1b0eba085759e344c010c1494": ["10", "com.bwx.bequick.LayoutSettingsActivity"]}, {"5fb49dc1b0eba085759e344c010c1494": ["10", "com.bwx.bequick.LayoutSettingsActivity"]}, {"5fb49dc1b0eba085759e344c010c1494": ["10", "com.bwx.bequick.LayoutSettingsActivity"]}, {"5fb49dc1b0eba085759e344c010c1494": ["10", "com.bwx.bequick.LayoutSettingsActivity"]}, {"5fb49dc1b0eba085759e344c010c1494": ["10", "com.bwx.bequick.LayoutSettingsActivity"]}, {"ca01c161ba1647686e8c63a8685cbe53": ["23", "com.bwx.bequick.LayoutSettingsActivity"]}, {"5fb49dc1b0eba085759e344c010c1494": ["10", "com.bwx.bequick.LayoutSettingsActivity"]}, {"5fb49dc1b0eba085759e344c010c1494": ["10", "com.bwx.bequick.LayoutSettingsActivity"]}, {"5fb49dc1b0eba085759e344c010c1494": ["10", "com.bwx.bequick.LayoutSettingsActivity"]}, {"5fb49dc1b0eba085759e344c010c1494": ["10", "com.bwx.bequick.LayoutSettingsActivity"]}, {"5fb49dc1b0eba085759e344c010c1494": ["10", "com.bwx.bequick.LayoutSettingsActivity"]}, {"5fb49dc1b0eba085759e344c010c1494": ["10", "com.bwx.bequick.LayoutSettingsActivity"]}, {"5fb49dc1b0eba085759e344c010c1494": ["10", "com.bwx.bequick.LayoutSettingsActivity"]}, {"5fb49dc1b0eba085759e344c010c1494": ["10", "com.bwx.bequick.LayoutSettingsActivity"]}, {"5fb49dc1b0eba085759e344c010c1494": ["10", "com.bwx.bequick.LayoutSettingsActivity"]}, {"5fb49dc1b0eba085759e344c010c1494": ["10", "com.bwx.bequick.LayoutSettingsActivity"]}, {"5fb49dc1b0eba085759e344c010c1494": ["10", "com.bwx.bequick.LayoutSettingsActivity"]}, {"5fb49dc1b0eba085759e344c010c1494": ["10", "com.bwx.bequick.LayoutSettingsActivity"]}, {"5fb49dc1b0eba085759e344c010c1494": ["10", "com.bwx.bequick.LayoutSettingsActivity"]}, {"5fb49dc1b0eba085759e344c010c1494": ["10", "com.bwx.bequick.LayoutSettingsActivity"]}, {"5fb49dc1b0eba085759e344c010c1494": ["10", "com.bwx.bequick.LayoutSettingsActivity"]}, {"5fb49dc1b0eba085759e344c010c1494": ["10", "com.bwx.bequick.LayoutSettingsActivity"]}, {"5fb49dc1b0eba085759e344c010c1494": ["10", "com.bwx.bequick.LayoutSettingsActivity"]}, {"5024ed88c4a7bb3fc52c62042348d6ec": ["25", "com.bwx.bequick.LayoutSettingsActivity"]}, {"5024ed88c4a7bb3fc52c62042348d6ec": ["25", "com.bwx.bequick.LayoutSettingsActivity"]}, {"5fb49dc1b0eba085759e344c010c1494": ["10", "com.bwx.bequick.LayoutSettingsActivity"]}, {"5fb49dc1b0eba085759e344c010c1494": ["10", "com.bwx.bequick.LayoutSettingsActivity"]}, {"5fb49dc1b0eba085759e344c010c1494": ["10", "com.bwx.bequick.LayoutSettingsActivity"]}, {"ca01c161ba1647686e8c63a8685cbe53": ["23", "com.bwx.bequick.LayoutSettingsActivity"]}, {"ca01c161ba1647686e8c63a8685cbe53": ["23", "com.bwx.bequick.LayoutSettingsActivity"]}, {"ca01c161ba1647686e8c63a8685cbe53": ["23", "com.bwx.bequick.LayoutSettingsActivity"]}, {"5fb49dc1b0eba085759e344c010c1494": ["10", "com.bwx.bequick.LayoutSettingsActivity"]}, {"5fb49dc1b0eba085759e344c010c1494": ["10", "com.bwx.bequick.LayoutSettingsActivity"]}, {"5fb49dc1b0eba085759e344c010c1494": ["10", "com.bwx.bequick.LayoutSettingsActivity"]}, {"5fb49dc1b0eba085759e344c010c1494": ["10", "com.bwx.bequick.LayoutSettingsActivity"]}, {"5fb49dc1b0eba085759e344c010c1494": ["10", "com.bwx.bequick.LayoutSettingsActivity"]}]