[{"b9dce03dca2a995a94c0dd8e89416fd9": ["0", "com.example.android.musicplayer.MainActivity"]}, {"b9dce03dca2a995a94c0dd8e89416fd9": ["0", "com.example.android.musicplayer.MainActivity"]}, {"b9dce03dca2a995a94c0dd8e89416fd9": ["0", "com.example.android.musicplayer.MainActivity"]}, {"b9dce03dca2a995a94c0dd8e89416fd9": ["0", "com.example.android.musicplayer.MainActivity"]}, {"b9dce03dca2a995a94c0dd8e89416fd9": ["0", "com.example.android.musicplayer.MainActivity"]}, {"b9dce03dca2a995a94c0dd8e89416fd9": ["0", "com.example.android.musicplayer.MainActivity"]}, {"b9dce03dca2a995a94c0dd8e89416fd9": ["0", "com.example.android.musicplayer.MainActivity"]}, {"b9dce03dca2a995a94c0dd8e89416fd9": ["0", "com.example.android.musicplayer.MainActivity"]}, {"b9dce03dca2a995a94c0dd8e89416fd9": ["0", "com.example.android.musicplayer.MainActivity"]}, {"b9dce03dca2a995a94c0dd8e89416fd9": ["0", "com.example.android.musicplayer.MainActivity"]}, {"b9dce03dca2a995a94c0dd8e89416fd9": ["0", "com.example.android.musicplayer.MainActivity"]}, {"b9dce03dca2a995a94c0dd8e89416fd9": ["0", "com.example.android.musicplayer.MainActivity"]}, {"b9dce03dca2a995a94c0dd8e89416fd9": ["0", "com.example.android.musicplayer.MainActivity"]}, {"b9dce03dca2a995a94c0dd8e89416fd9": ["0", "com.example.android.musicplayer.MainActivity"]}, {"b9dce03dca2a995a94c0dd8e89416fd9": ["0", "com.example.android.musicplayer.MainActivity"]}, {"b9dce03dca2a995a94c0dd8e89416fd9": ["0", "com.example.android.musicplayer.MainActivity"]}, {"b9dce03dca2a995a94c0dd8e89416fd9": ["0", "com.example.android.musicplayer.MainActivity"]}, {"b9dce03dca2a995a94c0dd8e89416fd9": ["0", "com.example.android.musicplayer.MainActivity"]}, {"b9dce03dca2a995a94c0dd8e89416fd9": ["0", "com.example.android.musicplayer.MainActivity"]}, {"b9dce03dca2a995a94c0dd8e89416fd9": ["0", "com.example.android.musicplayer.MainActivity"]}, {"b9dce03dca2a995a94c0dd8e89416fd9": ["0", "com.example.android.musicplayer.MainActivity"]}, {"b9dce03dca2a995a94c0dd8e89416fd9": ["0", "com.example.android.musicplayer.MainActivity"]}, {"520b163706b137a42afb41f0a3fc5278": ["1", "com.example.android.musicplayer.MainActivity"]}, {"b9dce03dca2a995a94c0dd8e89416fd9": ["0", "com.example.android.musicplayer.MainActivity"]}, {"b9dce03dca2a995a94c0dd8e89416fd9": ["0", "com.example.android.musicplayer.MainActivity"]}, {"b9dce03dca2a995a94c0dd8e89416fd9": ["0", "com.example.android.musicplayer.MainActivity"]}, {"b9dce03dca2a995a94c0dd8e89416fd9": ["0", "com.example.android.musicplayer.MainActivity"]}, {"b9dce03dca2a995a94c0dd8e89416fd9": ["0", "com.example.android.musicplayer.MainActivity"]}, {"b9dce03dca2a995a94c0dd8e89416fd9": ["0", "com.example.android.musicplayer.MainActivity"]}, {"b9dce03dca2a995a94c0dd8e89416fd9": ["0", "com.example.android.musicplayer.MainActivity"]}, {"b9dce03dca2a995a94c0dd8e89416fd9": ["0", "com.example.android.musicplayer.MainActivity"]}, {"b9dce03dca2a995a94c0dd8e89416fd9": ["0", "com.example.android.musicplayer.MainActivity"]}, {"b9dce03dca2a995a94c0dd8e89416fd9": ["0", "com.example.android.musicplayer.MainActivity"]}, {"b9dce03dca2a995a94c0dd8e89416fd9": ["0", "com.example.android.musicplayer.MainActivity"]}, {"b9dce03dca2a995a94c0dd8e89416fd9": ["0", "com.example.android.musicplayer.MainActivity"]}, {"b9dce03dca2a995a94c0dd8e89416fd9": ["0", "com.example.android.musicplayer.MainActivity"]}, {"b9dce03dca2a995a94c0dd8e89416fd9": ["0", "com.example.android.musicplayer.MainActivity"]}, {"b9dce03dca2a995a94c0dd8e89416fd9": ["0", "com.example.android.musicplayer.MainActivity"]}, {"b9dce03dca2a995a94c0dd8e89416fd9": ["0", "com.example.android.musicplayer.MainActivity"]}, {"b9dce03dca2a995a94c0dd8e89416fd9": ["0", "com.example.android.musicplayer.MainActivity"]}, {"b9dce03dca2a995a94c0dd8e89416fd9": ["0", "com.example.android.musicplayer.MainActivity"]}, {"b9dce03dca2a995a94c0dd8e89416fd9": ["0", "com.example.android.musicplayer.MainActivity"]}, {"b9dce03dca2a995a94c0dd8e89416fd9": ["0", "com.example.android.musicplayer.MainActivity"]}, {"b9dce03dca2a995a94c0dd8e89416fd9": ["0", "com.example.android.musicplayer.MainActivity"]}, {"b9dce03dca2a995a94c0dd8e89416fd9": ["0", "com.example.android.musicplayer.MainActivity"]}, {"b9dce03dca2a995a94c0dd8e89416fd9": ["0", "com.example.android.musicplayer.MainActivity"]}, {"b9dce03dca2a995a94c0dd8e89416fd9": ["0", "com.example.android.musicplayer.MainActivity"]}, {"b9dce03dca2a995a94c0dd8e89416fd9": ["0", "com.example.android.musicplayer.MainActivity"]}, {"b9dce03dca2a995a94c0dd8e89416fd9": ["0", "com.example.android.musicplayer.MainActivity"]}, {"b9dce03dca2a995a94c0dd8e89416fd9": ["0", "com.example.android.musicplayer.MainActivity"]}, {"b9dce03dca2a995a94c0dd8e89416fd9": ["0", "com.example.android.musicplayer.MainActivity"]}, {"b9dce03dca2a995a94c0dd8e89416fd9": ["0", "com.example.android.musicplayer.MainActivity"]}, {"b9dce03dca2a995a94c0dd8e89416fd9": ["0", "com.example.android.musicplayer.MainActivity"]}, {"b9dce03dca2a995a94c0dd8e89416fd9": ["0", "com.example.android.musicplayer.MainActivity"]}, {"b9dce03dca2a995a94c0dd8e89416fd9": ["0", "com.example.android.musicplayer.MainActivity"]}, {"b9dce03dca2a995a94c0dd8e89416fd9": ["0", "com.example.android.musicplayer.MainActivity"]}, {"b9dce03dca2a995a94c0dd8e89416fd9": ["0", "com.example.android.musicplayer.MainActivity"]}, {"b9dce03dca2a995a94c0dd8e89416fd9": ["0", "com.example.android.musicplayer.MainActivity"]}, {"b9dce03dca2a995a94c0dd8e89416fd9": ["0", "com.example.android.musicplayer.MainActivity"]}, {"b9dce03dca2a995a94c0dd8e89416fd9": ["0", "com.example.android.musicplayer.MainActivity"]}, {"b9dce03dca2a995a94c0dd8e89416fd9": ["0", "com.example.android.musicplayer.MainActivity"]}, {"b9dce03dca2a995a94c0dd8e89416fd9": ["0", "com.example.android.musicplayer.MainActivity"]}, {"b9dce03dca2a995a94c0dd8e89416fd9": ["0", "com.example.android.musicplayer.MainActivity"]}, {"b9dce03dca2a995a94c0dd8e89416fd9": ["0", "com.example.android.musicplayer.MainActivity"]}, {"b9dce03dca2a995a94c0dd8e89416fd9": ["0", "com.example.android.musicplayer.MainActivity"]}, {"b9dce03dca2a995a94c0dd8e89416fd9": ["0", "com.example.android.musicplayer.MainActivity"]}, {"b9dce03dca2a995a94c0dd8e89416fd9": ["0", "com.example.android.musicplayer.MainActivity"]}, {"b9dce03dca2a995a94c0dd8e89416fd9": ["0", "com.example.android.musicplayer.MainActivity"]}, {"b9dce03dca2a995a94c0dd8e89416fd9": ["0", "com.example.android.musicplayer.MainActivity"]}, {"b9dce03dca2a995a94c0dd8e89416fd9": ["0", "com.example.android.musicplayer.MainActivity"]}, {"b9dce03dca2a995a94c0dd8e89416fd9": ["0", "com.example.android.musicplayer.MainActivity"]}, {"b9dce03dca2a995a94c0dd8e89416fd9": ["0", "com.example.android.musicplayer.MainActivity"]}, {"b9dce03dca2a995a94c0dd8e89416fd9": ["0", "com.example.android.musicplayer.MainActivity"]}, {"b9dce03dca2a995a94c0dd8e89416fd9": ["0", "com.example.android.musicplayer.MainActivity"]}, {"b9dce03dca2a995a94c0dd8e89416fd9": ["0", "com.example.android.musicplayer.MainActivity"]}, {"b9dce03dca2a995a94c0dd8e89416fd9": ["0", "com.example.android.musicplayer.MainActivity"]}, {"b9dce03dca2a995a94c0dd8e89416fd9": ["0", "com.example.android.musicplayer.MainActivity"]}, {"b9dce03dca2a995a94c0dd8e89416fd9": ["0", "com.example.android.musicplayer.MainActivity"]}, {"b9dce03dca2a995a94c0dd8e89416fd9": ["0", "com.example.android.musicplayer.MainActivity"]}, {"b9dce03dca2a995a94c0dd8e89416fd9": ["0", "com.example.android.musicplayer.MainActivity"]}, {"b9dce03dca2a995a94c0dd8e89416fd9": ["0", "com.example.android.musicplayer.MainActivity"]}, {"b9dce03dca2a995a94c0dd8e89416fd9": ["0", "com.example.android.musicplayer.MainActivity"]}, {"b9dce03dca2a995a94c0dd8e89416fd9": ["0", "com.example.android.musicplayer.MainActivity"]}, {"b9dce03dca2a995a94c0dd8e89416fd9": ["0", "com.example.android.musicplayer.MainActivity"]}, {"b9dce03dca2a995a94c0dd8e89416fd9": ["0", "com.example.android.musicplayer.MainActivity"]}, {"b9dce03dca2a995a94c0dd8e89416fd9": ["0", "com.example.android.musicplayer.MainActivity"]}, {"b9dce03dca2a995a94c0dd8e89416fd9": ["0", "com.example.android.musicplayer.MainActivity"]}, {"b9dce03dca2a995a94c0dd8e89416fd9": ["0", "com.example.android.musicplayer.MainActivity"]}, {"b9dce03dca2a995a94c0dd8e89416fd9": ["0", "com.example.android.musicplayer.MainActivity"]}, {"b9dce03dca2a995a94c0dd8e89416fd9": ["0", "com.example.android.musicplayer.MainActivity"]}, {"b9dce03dca2a995a94c0dd8e89416fd9": ["0", "com.example.android.musicplayer.MainActivity"]}, {"b9dce03dca2a995a94c0dd8e89416fd9": ["0", "com.example.android.musicplayer.MainActivity"]}, {"b9dce03dca2a995a94c0dd8e89416fd9": ["0", "com.example.android.musicplayer.MainActivity"]}, {"b9dce03dca2a995a94c0dd8e89416fd9": ["0", "com.example.android.musicplayer.MainActivity"]}, {"b9dce03dca2a995a94c0dd8e89416fd9": ["0", "com.example.android.musicplayer.MainActivity"]}, {"b9dce03dca2a995a94c0dd8e89416fd9": ["0", "com.example.android.musicplayer.MainActivity"]}, {"b9dce03dca2a995a94c0dd8e89416fd9": ["0", "com.example.android.musicplayer.MainActivity"]}, {"520b163706b137a42afb41f0a3fc5278": ["1", "com.example.android.musicplayer.MainActivity"]}, {"b9dce03dca2a995a94c0dd8e89416fd9": ["0", "com.example.android.musicplayer.MainActivity"]}, {"b9dce03dca2a995a94c0dd8e89416fd9": ["0", "com.example.android.musicplayer.MainActivity"]}, {"b9dce03dca2a995a94c0dd8e89416fd9": ["0", "com.example.android.musicplayer.MainActivity"]}, {"b9dce03dca2a995a94c0dd8e89416fd9": ["0", "com.example.android.musicplayer.MainActivity"]}, {"b9dce03dca2a995a94c0dd8e89416fd9": ["0", "com.example.android.musicplayer.MainActivity"]}, {"b9dce03dca2a995a94c0dd8e89416fd9": ["0", "com.example.android.musicplayer.MainActivity"]}, {"b9dce03dca2a995a94c0dd8e89416fd9": ["0", "com.example.android.musicplayer.MainActivity"]}, {"b9dce03dca2a995a94c0dd8e89416fd9": ["0", "com.example.android.musicplayer.MainActivity"]}, {"b9dce03dca2a995a94c0dd8e89416fd9": ["0", "com.example.android.musicplayer.MainActivity"]}, {"b9dce03dca2a995a94c0dd8e89416fd9": ["0", "com.example.android.musicplayer.MainActivity"]}, {"b9dce03dca2a995a94c0dd8e89416fd9": ["0", "com.example.android.musicplayer.MainActivity"]}, {"b9dce03dca2a995a94c0dd8e89416fd9": ["0", "com.example.android.musicplayer.MainActivity"]}, {"b9dce03dca2a995a94c0dd8e89416fd9": ["0", "com.example.android.musicplayer.MainActivity"]}, {"b9dce03dca2a995a94c0dd8e89416fd9": ["0", "com.example.android.musicplayer.MainActivity"]}, {"b9dce03dca2a995a94c0dd8e89416fd9": ["0", "com.example.android.musicplayer.MainActivity"]}, {"b9dce03dca2a995a94c0dd8e89416fd9": ["0", "com.example.android.musicplayer.MainActivity"]}, {"b9dce03dca2a995a94c0dd8e89416fd9": ["0", "com.example.android.musicplayer.MainActivity"]}, {"b9dce03dca2a995a94c0dd8e89416fd9": ["0", "com.example.android.musicplayer.MainActivity"]}, {"b9dce03dca2a995a94c0dd8e89416fd9": ["0", "com.example.android.musicplayer.MainActivity"]}, {"b9dce03dca2a995a94c0dd8e89416fd9": ["0", "com.example.android.musicplayer.MainActivity"]}, {"b9dce03dca2a995a94c0dd8e89416fd9": ["0", "com.example.android.musicplayer.MainActivity"]}, {"b9dce03dca2a995a94c0dd8e89416fd9": ["0", "com.example.android.musicplayer.MainActivity"]}, {"b9dce03dca2a995a94c0dd8e89416fd9": ["0", "com.example.android.musicplayer.MainActivity"]}, {"b9dce03dca2a995a94c0dd8e89416fd9": ["0", "com.example.android.musicplayer.MainActivity"]}, {"b9dce03dca2a995a94c0dd8e89416fd9": ["0", "com.example.android.musicplayer.MainActivity"]}, {"b9dce03dca2a995a94c0dd8e89416fd9": ["0", "com.example.android.musicplayer.MainActivity"]}, {"b9dce03dca2a995a94c0dd8e89416fd9": ["0", "com.example.android.musicplayer.MainActivity"]}, {"b9dce03dca2a995a94c0dd8e89416fd9": ["0", "com.example.android.musicplayer.MainActivity"]}, {"b9dce03dca2a995a94c0dd8e89416fd9": ["0", "com.example.android.musicplayer.MainActivity"]}, {"b9dce03dca2a995a94c0dd8e89416fd9": ["0", "com.example.android.musicplayer.MainActivity"]}, {"b9dce03dca2a995a94c0dd8e89416fd9": ["0", "com.example.android.musicplayer.MainActivity"]}, {"b9dce03dca2a995a94c0dd8e89416fd9": ["0", "com.example.android.musicplayer.MainActivity"]}, {"b9dce03dca2a995a94c0dd8e89416fd9": ["0", "com.example.android.musicplayer.MainActivity"]}, {"b9dce03dca2a995a94c0dd8e89416fd9": ["0", "com.example.android.musicplayer.MainActivity"]}, {"b9dce03dca2a995a94c0dd8e89416fd9": ["0", "com.example.android.musicplayer.MainActivity"]}, {"b9dce03dca2a995a94c0dd8e89416fd9": ["0", "com.example.android.musicplayer.MainActivity"]}, {"b9dce03dca2a995a94c0dd8e89416fd9": ["0", "com.example.android.musicplayer.MainActivity"]}, {"b9dce03dca2a995a94c0dd8e89416fd9": ["0", "com.example.android.musicplayer.MainActivity"]}, {"b9dce03dca2a995a94c0dd8e89416fd9": ["0", "com.example.android.musicplayer.MainActivity"]}, {"b9dce03dca2a995a94c0dd8e89416fd9": ["0", "com.example.android.musicplayer.MainActivity"]}, {"b9dce03dca2a995a94c0dd8e89416fd9": ["0", "com.example.android.musicplayer.MainActivity"]}, {"b9dce03dca2a995a94c0dd8e89416fd9": ["0", "com.example.android.musicplayer.MainActivity"]}, {"b9dce03dca2a995a94c0dd8e89416fd9": ["0", "com.example.android.musicplayer.MainActivity"]}, {"b9dce03dca2a995a94c0dd8e89416fd9": ["0", "com.example.android.musicplayer.MainActivity"]}, {"b9dce03dca2a995a94c0dd8e89416fd9": ["0", "com.example.android.musicplayer.MainActivity"]}, {"b9dce03dca2a995a94c0dd8e89416fd9": ["0", "com.example.android.musicplayer.MainActivity"]}, {"b9dce03dca2a995a94c0dd8e89416fd9": ["0", "com.example.android.musicplayer.MainActivity"]}, {"b9dce03dca2a995a94c0dd8e89416fd9": ["0", "com.example.android.musicplayer.MainActivity"]}, {"b9dce03dca2a995a94c0dd8e89416fd9": ["0", "com.example.android.musicplayer.MainActivity"]}, {"b9dce03dca2a995a94c0dd8e89416fd9": ["0", "com.example.android.musicplayer.MainActivity"]}, {"b9dce03dca2a995a94c0dd8e89416fd9": ["0", "com.example.android.musicplayer.MainActivity"]}, {"b9dce03dca2a995a94c0dd8e89416fd9": ["0", "com.example.android.musicplayer.MainActivity"]}, {"b9dce03dca2a995a94c0dd8e89416fd9": ["0", "com.example.android.musicplayer.MainActivity"]}, {"b9dce03dca2a995a94c0dd8e89416fd9": ["0", "com.example.android.musicplayer.MainActivity"]}, {"b9dce03dca2a995a94c0dd8e89416fd9": ["0", "com.example.android.musicplayer.MainActivity"]}, {"b9dce03dca2a995a94c0dd8e89416fd9": ["0", "com.example.android.musicplayer.MainActivity"]}, {"b9dce03dca2a995a94c0dd8e89416fd9": ["0", "com.example.android.musicplayer.MainActivity"]}, {"b9dce03dca2a995a94c0dd8e89416fd9": ["0", "com.example.android.musicplayer.MainActivity"]}, {"b9dce03dca2a995a94c0dd8e89416fd9": ["0", "com.example.android.musicplayer.MainActivity"]}, {"b9dce03dca2a995a94c0dd8e89416fd9": ["0", "com.example.android.musicplayer.MainActivity"]}, {"b9dce03dca2a995a94c0dd8e89416fd9": ["0", "com.example.android.musicplayer.MainActivity"]}, {"b9dce03dca2a995a94c0dd8e89416fd9": ["0", "com.example.android.musicplayer.MainActivity"]}, {"b9dce03dca2a995a94c0dd8e89416fd9": ["0", "com.example.android.musicplayer.MainActivity"]}, {"b9dce03dca2a995a94c0dd8e89416fd9": ["0", "com.example.android.musicplayer.MainActivity"]}, {"b9dce03dca2a995a94c0dd8e89416fd9": ["0", "com.example.android.musicplayer.MainActivity"]}, {"b9dce03dca2a995a94c0dd8e89416fd9": ["0", "com.example.android.musicplayer.MainActivity"]}, {"b9dce03dca2a995a94c0dd8e89416fd9": ["0", "com.example.android.musicplayer.MainActivity"]}, {"b9dce03dca2a995a94c0dd8e89416fd9": ["0", "com.example.android.musicplayer.MainActivity"]}, {"b9dce03dca2a995a94c0dd8e89416fd9": ["0", "com.example.android.musicplayer.MainActivity"]}, {"b9dce03dca2a995a94c0dd8e89416fd9": ["0", "com.example.android.musicplayer.MainActivity"]}, {"b9dce03dca2a995a94c0dd8e89416fd9": ["0", "com.example.android.musicplayer.MainActivity"]}, {"b9dce03dca2a995a94c0dd8e89416fd9": ["0", "com.example.android.musicplayer.MainActivity"]}, {"b9dce03dca2a995a94c0dd8e89416fd9": ["0", "com.example.android.musicplayer.MainActivity"]}, {"b9dce03dca2a995a94c0dd8e89416fd9": ["0", "com.example.android.musicplayer.MainActivity"]}, {"b9dce03dca2a995a94c0dd8e89416fd9": ["0", "com.example.android.musicplayer.MainActivity"]}, {"b9dce03dca2a995a94c0dd8e89416fd9": ["0", "com.example.android.musicplayer.MainActivity"]}, {"520b163706b137a42afb41f0a3fc5278": ["1", "com.example.android.musicplayer.MainActivity"]}, {"b9dce03dca2a995a94c0dd8e89416fd9": ["0", "com.example.android.musicplayer.MainActivity"]}, {"b9dce03dca2a995a94c0dd8e89416fd9": ["0", "com.example.android.musicplayer.MainActivity"]}, {"b9dce03dca2a995a94c0dd8e89416fd9": ["0", "com.example.android.musicplayer.MainActivity"]}, {"b9dce03dca2a995a94c0dd8e89416fd9": ["0", "com.example.android.musicplayer.MainActivity"]}, {"b9dce03dca2a995a94c0dd8e89416fd9": ["0", "com.example.android.musicplayer.MainActivity"]}, {"b9dce03dca2a995a94c0dd8e89416fd9": ["0", "com.example.android.musicplayer.MainActivity"]}, {"b9dce03dca2a995a94c0dd8e89416fd9": ["0", "com.example.android.musicplayer.MainActivity"]}, {"b9dce03dca2a995a94c0dd8e89416fd9": ["0", "com.example.android.musicplayer.MainActivity"]}, {"b9dce03dca2a995a94c0dd8e89416fd9": ["0", "com.example.android.musicplayer.MainActivity"]}, {"b9dce03dca2a995a94c0dd8e89416fd9": ["0", "com.example.android.musicplayer.MainActivity"]}, {"b9dce03dca2a995a94c0dd8e89416fd9": ["0", "com.example.android.musicplayer.MainActivity"]}, {"b9dce03dca2a995a94c0dd8e89416fd9": ["0", "com.example.android.musicplayer.MainActivity"]}, {"b9dce03dca2a995a94c0dd8e89416fd9": ["0", "com.example.android.musicplayer.MainActivity"]}, {"b9dce03dca2a995a94c0dd8e89416fd9": ["0", "com.example.android.musicplayer.MainActivity"]}, {"b9dce03dca2a995a94c0dd8e89416fd9": ["0", "com.example.android.musicplayer.MainActivity"]}, {"b9dce03dca2a995a94c0dd8e89416fd9": ["0", "com.example.android.musicplayer.MainActivity"]}, {"b9dce03dca2a995a94c0dd8e89416fd9": ["0", "com.example.android.musicplayer.MainActivity"]}, {"b9dce03dca2a995a94c0dd8e89416fd9": ["0", "com.example.android.musicplayer.MainActivity"]}, {"b9dce03dca2a995a94c0dd8e89416fd9": ["0", "com.example.android.musicplayer.MainActivity"]}, {"b9dce03dca2a995a94c0dd8e89416fd9": ["0", "com.example.android.musicplayer.MainActivity"]}, {"b9dce03dca2a995a94c0dd8e89416fd9": ["0", "com.example.android.musicplayer.MainActivity"]}, {"520b163706b137a42afb41f0a3fc5278": ["1", "com.example.android.musicplayer.MainActivity"]}, {"b9dce03dca2a995a94c0dd8e89416fd9": ["0", "com.example.android.musicplayer.MainActivity"]}, {"b9dce03dca2a995a94c0dd8e89416fd9": ["0", "com.example.android.musicplayer.MainActivity"]}, {"b9dce03dca2a995a94c0dd8e89416fd9": ["0", "com.example.android.musicplayer.MainActivity"]}, {"b9dce03dca2a995a94c0dd8e89416fd9": ["0", "com.example.android.musicplayer.MainActivity"]}, {"b9dce03dca2a995a94c0dd8e89416fd9": ["0", "com.example.android.musicplayer.MainActivity"]}, {"b9dce03dca2a995a94c0dd8e89416fd9": ["0", "com.example.android.musicplayer.MainActivity"]}, {"b9dce03dca2a995a94c0dd8e89416fd9": ["0", "com.example.android.musicplayer.MainActivity"]}, {"b9dce03dca2a995a94c0dd8e89416fd9": ["0", "com.example.android.musicplayer.MainActivity"]}, {"b9dce03dca2a995a94c0dd8e89416fd9": ["0", "com.example.android.musicplayer.MainActivity"]}, {"b9dce03dca2a995a94c0dd8e89416fd9": ["0", "com.example.android.musicplayer.MainActivity"]}, {"b9dce03dca2a995a94c0dd8e89416fd9": ["0", "com.example.android.musicplayer.MainActivity"]}, {"b9dce03dca2a995a94c0dd8e89416fd9": ["0", "com.example.android.musicplayer.MainActivity"]}, {"b9dce03dca2a995a94c0dd8e89416fd9": ["0", "com.example.android.musicplayer.MainActivity"]}, {"b9dce03dca2a995a94c0dd8e89416fd9": ["0", "com.example.android.musicplayer.MainActivity"]}, {"b9dce03dca2a995a94c0dd8e89416fd9": ["0", "com.example.android.musicplayer.MainActivity"]}, {"b9dce03dca2a995a94c0dd8e89416fd9": ["0", "com.example.android.musicplayer.MainActivity"]}, {"b9dce03dca2a995a94c0dd8e89416fd9": ["0", "com.example.android.musicplayer.MainActivity"]}, {"b9dce03dca2a995a94c0dd8e89416fd9": ["0", "com.example.android.musicplayer.MainActivity"]}, {"b9dce03dca2a995a94c0dd8e89416fd9": ["0", "com.example.android.musicplayer.MainActivity"]}, {"b9dce03dca2a995a94c0dd8e89416fd9": ["0", "com.example.android.musicplayer.MainActivity"]}, {"b9dce03dca2a995a94c0dd8e89416fd9": ["0", "com.example.android.musicplayer.MainActivity"]}, {"b9dce03dca2a995a94c0dd8e89416fd9": ["0", "com.example.android.musicplayer.MainActivity"]}, {"b9dce03dca2a995a94c0dd8e89416fd9": ["0", "com.example.android.musicplayer.MainActivity"]}, {"b9dce03dca2a995a94c0dd8e89416fd9": ["0", "com.example.android.musicplayer.MainActivity"]}, {"b9dce03dca2a995a94c0dd8e89416fd9": ["0", "com.example.android.musicplayer.MainActivity"]}, {"b9dce03dca2a995a94c0dd8e89416fd9": ["0", "com.example.android.musicplayer.MainActivity"]}, {"b9dce03dca2a995a94c0dd8e89416fd9": ["0", "com.example.android.musicplayer.MainActivity"]}, {"b9dce03dca2a995a94c0dd8e89416fd9": ["0", "com.example.android.musicplayer.MainActivity"]}, {"b9dce03dca2a995a94c0dd8e89416fd9": ["0", "com.example.android.musicplayer.MainActivity"]}, {"b9dce03dca2a995a94c0dd8e89416fd9": ["0", "com.example.android.musicplayer.MainActivity"]}, {"b9dce03dca2a995a94c0dd8e89416fd9": ["0", "com.example.android.musicplayer.MainActivity"]}, {"b9dce03dca2a995a94c0dd8e89416fd9": ["0", "com.example.android.musicplayer.MainActivity"]}, {"b9dce03dca2a995a94c0dd8e89416fd9": ["0", "com.example.android.musicplayer.MainActivity"]}, {"b9dce03dca2a995a94c0dd8e89416fd9": ["0", "com.example.android.musicplayer.MainActivity"]}, {"b9dce03dca2a995a94c0dd8e89416fd9": ["0", "com.example.android.musicplayer.MainActivity"]}, {"b9dce03dca2a995a94c0dd8e89416fd9": ["0", "com.example.android.musicplayer.MainActivity"]}, {"b9dce03dca2a995a94c0dd8e89416fd9": ["0", "com.example.android.musicplayer.MainActivity"]}, {"b9dce03dca2a995a94c0dd8e89416fd9": ["0", "com.example.android.musicplayer.MainActivity"]}, {"b9dce03dca2a995a94c0dd8e89416fd9": ["0", "com.example.android.musicplayer.MainActivity"]}, {"b9dce03dca2a995a94c0dd8e89416fd9": ["0", "com.example.android.musicplayer.MainActivity"]}, {"b9dce03dca2a995a94c0dd8e89416fd9": ["0", "com.example.android.musicplayer.MainActivity"]}, {"b9dce03dca2a995a94c0dd8e89416fd9": ["0", "com.example.android.musicplayer.MainActivity"]}, {"b9dce03dca2a995a94c0dd8e89416fd9": ["0", "com.example.android.musicplayer.MainActivity"]}, {"b9dce03dca2a995a94c0dd8e89416fd9": ["0", "com.example.android.musicplayer.MainActivity"]}, {"b9dce03dca2a995a94c0dd8e89416fd9": ["0", "com.example.android.musicplayer.MainActivity"]}, {"b9dce03dca2a995a94c0dd8e89416fd9": ["0", "com.example.android.musicplayer.MainActivity"]}, {"b9dce03dca2a995a94c0dd8e89416fd9": ["0", "com.example.android.musicplayer.MainActivity"]}, {"b9dce03dca2a995a94c0dd8e89416fd9": ["0", "com.example.android.musicplayer.MainActivity"]}, {"520b163706b137a42afb41f0a3fc5278": ["1", "com.example.android.musicplayer.MainActivity"]}, {"b9dce03dca2a995a94c0dd8e89416fd9": ["0", "com.example.android.musicplayer.MainActivity"]}, {"b9dce03dca2a995a94c0dd8e89416fd9": ["0", "com.example.android.musicplayer.MainActivity"]}, {"b9dce03dca2a995a94c0dd8e89416fd9": ["0", "com.example.android.musicplayer.MainActivity"]}, {"b9dce03dca2a995a94c0dd8e89416fd9": ["0", "com.example.android.musicplayer.MainActivity"]}, {"b9dce03dca2a995a94c0dd8e89416fd9": ["0", "com.example.android.musicplayer.MainActivity"]}, {"b9dce03dca2a995a94c0dd8e89416fd9": ["0", "com.example.android.musicplayer.MainActivity"]}, {"b9dce03dca2a995a94c0dd8e89416fd9": ["0", "com.example.android.musicplayer.MainActivity"]}, {"b9dce03dca2a995a94c0dd8e89416fd9": ["0", "com.example.android.musicplayer.MainActivity"]}, {"b9dce03dca2a995a94c0dd8e89416fd9": ["0", "com.example.android.musicplayer.MainActivity"]}, {"b9dce03dca2a995a94c0dd8e89416fd9": ["0", "com.example.android.musicplayer.MainActivity"]}, {"b9dce03dca2a995a94c0dd8e89416fd9": ["0", "com.example.android.musicplayer.MainActivity"]}, {"b9dce03dca2a995a94c0dd8e89416fd9": ["0", "com.example.android.musicplayer.MainActivity"]}, {"b9dce03dca2a995a94c0dd8e89416fd9": ["0", "com.example.android.musicplayer.MainActivity"]}, {"b9dce03dca2a995a94c0dd8e89416fd9": ["0", "com.example.android.musicplayer.MainActivity"]}, {"b9dce03dca2a995a94c0dd8e89416fd9": ["0", "com.example.android.musicplayer.MainActivity"]}, {"b9dce03dca2a995a94c0dd8e89416fd9": ["0", "com.example.android.musicplayer.MainActivity"]}, {"b9dce03dca2a995a94c0dd8e89416fd9": ["0", "com.example.android.musicplayer.MainActivity"]}, {"b9dce03dca2a995a94c0dd8e89416fd9": ["0", "com.example.android.musicplayer.MainActivity"]}, {"b9dce03dca2a995a94c0dd8e89416fd9": ["0", "com.example.android.musicplayer.MainActivity"]}, {"b9dce03dca2a995a94c0dd8e89416fd9": ["0", "com.example.android.musicplayer.MainActivity"]}, {"b9dce03dca2a995a94c0dd8e89416fd9": ["0", "com.example.android.musicplayer.MainActivity"]}, {"b9dce03dca2a995a94c0dd8e89416fd9": ["0", "com.example.android.musicplayer.MainActivity"]}, {"b9dce03dca2a995a94c0dd8e89416fd9": ["0", "com.example.android.musicplayer.MainActivity"]}, {"b9dce03dca2a995a94c0dd8e89416fd9": ["0", "com.example.android.musicplayer.MainActivity"]}, {"b9dce03dca2a995a94c0dd8e89416fd9": ["0", "com.example.android.musicplayer.MainActivity"]}, {"b9dce03dca2a995a94c0dd8e89416fd9": ["0", "com.example.android.musicplayer.MainActivity"]}, {"b9dce03dca2a995a94c0dd8e89416fd9": ["0", "com.example.android.musicplayer.MainActivity"]}, {"b9dce03dca2a995a94c0dd8e89416fd9": ["0", "com.example.android.musicplayer.MainActivity"]}, {"b9dce03dca2a995a94c0dd8e89416fd9": ["0", "com.example.android.musicplayer.MainActivity"]}, {"b9dce03dca2a995a94c0dd8e89416fd9": ["0", "com.example.android.musicplayer.MainActivity"]}, {"b9dce03dca2a995a94c0dd8e89416fd9": ["0", "com.example.android.musicplayer.MainActivity"]}, {"b9dce03dca2a995a94c0dd8e89416fd9": ["0", "com.example.android.musicplayer.MainActivity"]}, {"b9dce03dca2a995a94c0dd8e89416fd9": ["0", "com.example.android.musicplayer.MainActivity"]}, {"b9dce03dca2a995a94c0dd8e89416fd9": ["0", "com.example.android.musicplayer.MainActivity"]}, {"b9dce03dca2a995a94c0dd8e89416fd9": ["0", "com.example.android.musicplayer.MainActivity"]}, {"b9dce03dca2a995a94c0dd8e89416fd9": ["0", "com.example.android.musicplayer.MainActivity"]}, {"b9dce03dca2a995a94c0dd8e89416fd9": ["0", "com.example.android.musicplayer.MainActivity"]}, {"b9dce03dca2a995a94c0dd8e89416fd9": ["0", "com.example.android.musicplayer.MainActivity"]}, {"b9dce03dca2a995a94c0dd8e89416fd9": ["0", "com.example.android.musicplayer.MainActivity"]}, {"b9dce03dca2a995a94c0dd8e89416fd9": ["0", "com.example.android.musicplayer.MainActivity"]}, {"b9dce03dca2a995a94c0dd8e89416fd9": ["0", "com.example.android.musicplayer.MainActivity"]}, {"b9dce03dca2a995a94c0dd8e89416fd9": ["0", "com.example.android.musicplayer.MainActivity"]}, {"b9dce03dca2a995a94c0dd8e89416fd9": ["0", "com.example.android.musicplayer.MainActivity"]}, {"b9dce03dca2a995a94c0dd8e89416fd9": ["0", "com.example.android.musicplayer.MainActivity"]}, {"b9dce03dca2a995a94c0dd8e89416fd9": ["0", "com.example.android.musicplayer.MainActivity"]}, {"b9dce03dca2a995a94c0dd8e89416fd9": ["0", "com.example.android.musicplayer.MainActivity"]}, {"b9dce03dca2a995a94c0dd8e89416fd9": ["0", "com.example.android.musicplayer.MainActivity"]}, {"b9dce03dca2a995a94c0dd8e89416fd9": ["0", "com.example.android.musicplayer.MainActivity"]}, {"b9dce03dca2a995a94c0dd8e89416fd9": ["0", "com.example.android.musicplayer.MainActivity"]}, {"b9dce03dca2a995a94c0dd8e89416fd9": ["0", "com.example.android.musicplayer.MainActivity"]}, {"b9dce03dca2a995a94c0dd8e89416fd9": ["0", "com.example.android.musicplayer.MainActivity"]}, {"b9dce03dca2a995a94c0dd8e89416fd9": ["0", "com.example.android.musicplayer.MainActivity"]}, {"b9dce03dca2a995a94c0dd8e89416fd9": ["0", "com.example.android.musicplayer.MainActivity"]}, {"b9dce03dca2a995a94c0dd8e89416fd9": ["0", "com.example.android.musicplayer.MainActivity"]}, {"b9dce03dca2a995a94c0dd8e89416fd9": ["0", "com.example.android.musicplayer.MainActivity"]}, {"b9dce03dca2a995a94c0dd8e89416fd9": ["0", "com.example.android.musicplayer.MainActivity"]}, {"b9dce03dca2a995a94c0dd8e89416fd9": ["0", "com.example.android.musicplayer.MainActivity"]}, {"b9dce03dca2a995a94c0dd8e89416fd9": ["0", "com.example.android.musicplayer.MainActivity"]}, {"b9dce03dca2a995a94c0dd8e89416fd9": ["0", "com.example.android.musicplayer.MainActivity"]}, {"b9dce03dca2a995a94c0dd8e89416fd9": ["0", "com.example.android.musicplayer.MainActivity"]}, {"b9dce03dca2a995a94c0dd8e89416fd9": ["0", "com.example.android.musicplayer.MainActivity"]}, {"b9dce03dca2a995a94c0dd8e89416fd9": ["0", "com.example.android.musicplayer.MainActivity"]}, {"b9dce03dca2a995a94c0dd8e89416fd9": ["0", "com.example.android.musicplayer.MainActivity"]}, {"b9dce03dca2a995a94c0dd8e89416fd9": ["0", "com.example.android.musicplayer.MainActivity"]}, {"b9dce03dca2a995a94c0dd8e89416fd9": ["0", "com.example.android.musicplayer.MainActivity"]}, {"b9dce03dca2a995a94c0dd8e89416fd9": ["0", "com.example.android.musicplayer.MainActivity"]}, {"b9dce03dca2a995a94c0dd8e89416fd9": ["0", "com.example.android.musicplayer.MainActivity"]}, {"b9dce03dca2a995a94c0dd8e89416fd9": ["0", "com.example.android.musicplayer.MainActivity"]}, {"b9dce03dca2a995a94c0dd8e89416fd9": ["0", "com.example.android.musicplayer.MainActivity"]}, {"b9dce03dca2a995a94c0dd8e89416fd9": ["0", "com.example.android.musicplayer.MainActivity"]}, {"b9dce03dca2a995a94c0dd8e89416fd9": ["0", "com.example.android.musicplayer.MainActivity"]}, {"b9dce03dca2a995a94c0dd8e89416fd9": ["0", "com.example.android.musicplayer.MainActivity"]}, {"b9dce03dca2a995a94c0dd8e89416fd9": ["0", "com.example.android.musicplayer.MainActivity"]}, {"b9dce03dca2a995a94c0dd8e89416fd9": ["0", "com.example.android.musicplayer.MainActivity"]}, {"b9dce03dca2a995a94c0dd8e89416fd9": ["0", "com.example.android.musicplayer.MainActivity"]}, {"b9dce03dca2a995a94c0dd8e89416fd9": ["0", "com.example.android.musicplayer.MainActivity"]}, {"b9dce03dca2a995a94c0dd8e89416fd9": ["0", "com.example.android.musicplayer.MainActivity"]}, {"b9dce03dca2a995a94c0dd8e89416fd9": ["0", "com.example.android.musicplayer.MainActivity"]}, {"b9dce03dca2a995a94c0dd8e89416fd9": ["0", "com.example.android.musicplayer.MainActivity"]}, {"b9dce03dca2a995a94c0dd8e89416fd9": ["0", "com.example.android.musicplayer.MainActivity"]}, {"b9dce03dca2a995a94c0dd8e89416fd9": ["0", "com.example.android.musicplayer.MainActivity"]}, {"b9dce03dca2a995a94c0dd8e89416fd9": ["0", "com.example.android.musicplayer.MainActivity"]}, {"b9dce03dca2a995a94c0dd8e89416fd9": ["0", "com.example.android.musicplayer.MainActivity"]}, {"b9dce03dca2a995a94c0dd8e89416fd9": ["0", "com.example.android.musicplayer.MainActivity"]}, {"b9dce03dca2a995a94c0dd8e89416fd9": ["0", "com.example.android.musicplayer.MainActivity"]}, {"b9dce03dca2a995a94c0dd8e89416fd9": ["0", "com.example.android.musicplayer.MainActivity"]}, {"b9dce03dca2a995a94c0dd8e89416fd9": ["0", "com.example.android.musicplayer.MainActivity"]}, {"b9dce03dca2a995a94c0dd8e89416fd9": ["0", "com.example.android.musicplayer.MainActivity"]}, {"b9dce03dca2a995a94c0dd8e89416fd9": ["0", "com.example.android.musicplayer.MainActivity"]}, {"b9dce03dca2a995a94c0dd8e89416fd9": ["0", "com.example.android.musicplayer.MainActivity"]}, {"b9dce03dca2a995a94c0dd8e89416fd9": ["0", "com.example.android.musicplayer.MainActivity"]}, {"b9dce03dca2a995a94c0dd8e89416fd9": ["0", "com.example.android.musicplayer.MainActivity"]}, {"b9dce03dca2a995a94c0dd8e89416fd9": ["0", "com.example.android.musicplayer.MainActivity"]}, {"b9dce03dca2a995a94c0dd8e89416fd9": ["0", "com.example.android.musicplayer.MainActivity"]}, {"b9dce03dca2a995a94c0dd8e89416fd9": ["0", "com.example.android.musicplayer.MainActivity"]}, {"b9dce03dca2a995a94c0dd8e89416fd9": ["0", "com.example.android.musicplayer.MainActivity"]}, {"b9dce03dca2a995a94c0dd8e89416fd9": ["0", "com.example.android.musicplayer.MainActivity"]}, {"b9dce03dca2a995a94c0dd8e89416fd9": ["0", "com.example.android.musicplayer.MainActivity"]}, {"b9dce03dca2a995a94c0dd8e89416fd9": ["0", "com.example.android.musicplayer.MainActivity"]}, {"b9dce03dca2a995a94c0dd8e89416fd9": ["0", "com.example.android.musicplayer.MainActivity"]}, {"b9dce03dca2a995a94c0dd8e89416fd9": ["0", "com.example.android.musicplayer.MainActivity"]}, {"b9dce03dca2a995a94c0dd8e89416fd9": ["0", "com.example.android.musicplayer.MainActivity"]}, {"b9dce03dca2a995a94c0dd8e89416fd9": ["0", "com.example.android.musicplayer.MainActivity"]}, {"b9dce03dca2a995a94c0dd8e89416fd9": ["0", "com.example.android.musicplayer.MainActivity"]}, {"b9dce03dca2a995a94c0dd8e89416fd9": ["0", "com.example.android.musicplayer.MainActivity"]}, {"520b163706b137a42afb41f0a3fc5278": ["1", "com.example.android.musicplayer.MainActivity"]}, {"b9dce03dca2a995a94c0dd8e89416fd9": ["0", "com.example.android.musicplayer.MainActivity"]}, {"b9dce03dca2a995a94c0dd8e89416fd9": ["0", "com.example.android.musicplayer.MainActivity"]}, {"b9dce03dca2a995a94c0dd8e89416fd9": ["0", "com.example.android.musicplayer.MainActivity"]}, {"b9dce03dca2a995a94c0dd8e89416fd9": ["0", "com.example.android.musicplayer.MainActivity"]}, {"b9dce03dca2a995a94c0dd8e89416fd9": ["0", "com.example.android.musicplayer.MainActivity"]}, {"b9dce03dca2a995a94c0dd8e89416fd9": ["0", "com.example.android.musicplayer.MainActivity"]}, {"b9dce03dca2a995a94c0dd8e89416fd9": ["0", "com.example.android.musicplayer.MainActivity"]}, {"b9dce03dca2a995a94c0dd8e89416fd9": ["0", "com.example.android.musicplayer.MainActivity"]}, {"b9dce03dca2a995a94c0dd8e89416fd9": ["0", "com.example.android.musicplayer.MainActivity"]}, {"b9dce03dca2a995a94c0dd8e89416fd9": ["0", "com.example.android.musicplayer.MainActivity"]}, {"b9dce03dca2a995a94c0dd8e89416fd9": ["0", "com.example.android.musicplayer.MainActivity"]}, {"b9dce03dca2a995a94c0dd8e89416fd9": ["0", "com.example.android.musicplayer.MainActivity"]}, {"b9dce03dca2a995a94c0dd8e89416fd9": ["0", "com.example.android.musicplayer.MainActivity"]}, {"b9dce03dca2a995a94c0dd8e89416fd9": ["0", "com.example.android.musicplayer.MainActivity"]}, {"b9dce03dca2a995a94c0dd8e89416fd9": ["0", "com.example.android.musicplayer.MainActivity"]}, {"b9dce03dca2a995a94c0dd8e89416fd9": ["0", "com.example.android.musicplayer.MainActivity"]}, {"b9dce03dca2a995a94c0dd8e89416fd9": ["0", "com.example.android.musicplayer.MainActivity"]}, {"b9dce03dca2a995a94c0dd8e89416fd9": ["0", "com.example.android.musicplayer.MainActivity"]}, {"b9dce03dca2a995a94c0dd8e89416fd9": ["0", "com.example.android.musicplayer.MainActivity"]}, {"b9dce03dca2a995a94c0dd8e89416fd9": ["0", "com.example.android.musicplayer.MainActivity"]}, {"b9dce03dca2a995a94c0dd8e89416fd9": ["0", "com.example.android.musicplayer.MainActivity"]}, {"b9dce03dca2a995a94c0dd8e89416fd9": ["0", "com.example.android.musicplayer.MainActivity"]}, {"b9dce03dca2a995a94c0dd8e89416fd9": ["0", "com.example.android.musicplayer.MainActivity"]}, {"b9dce03dca2a995a94c0dd8e89416fd9": ["0", "com.example.android.musicplayer.MainActivity"]}, {"b9dce03dca2a995a94c0dd8e89416fd9": ["0", "com.example.android.musicplayer.MainActivity"]}, {"b9dce03dca2a995a94c0dd8e89416fd9": ["0", "com.example.android.musicplayer.MainActivity"]}, {"b9dce03dca2a995a94c0dd8e89416fd9": ["0", "com.example.android.musicplayer.MainActivity"]}, {"b9dce03dca2a995a94c0dd8e89416fd9": ["0", "com.example.android.musicplayer.MainActivity"]}, {"b9dce03dca2a995a94c0dd8e89416fd9": ["0", "com.example.android.musicplayer.MainActivity"]}, {"b9dce03dca2a995a94c0dd8e89416fd9": ["0", "com.example.android.musicplayer.MainActivity"]}, {"b9dce03dca2a995a94c0dd8e89416fd9": ["0", "com.example.android.musicplayer.MainActivity"]}, {"b9dce03dca2a995a94c0dd8e89416fd9": ["0", "com.example.android.musicplayer.MainActivity"]}, {"b9dce03dca2a995a94c0dd8e89416fd9": ["0", "com.example.android.musicplayer.MainActivity"]}, {"b9dce03dca2a995a94c0dd8e89416fd9": ["0", "com.example.android.musicplayer.MainActivity"]}, {"b9dce03dca2a995a94c0dd8e89416fd9": ["0", "com.example.android.musicplayer.MainActivity"]}, {"b9dce03dca2a995a94c0dd8e89416fd9": ["0", "com.example.android.musicplayer.MainActivity"]}, {"b9dce03dca2a995a94c0dd8e89416fd9": ["0", "com.example.android.musicplayer.MainActivity"]}, {"b9dce03dca2a995a94c0dd8e89416fd9": ["0", "com.example.android.musicplayer.MainActivity"]}, {"b9dce03dca2a995a94c0dd8e89416fd9": ["0", "com.example.android.musicplayer.MainActivity"]}, {"b9dce03dca2a995a94c0dd8e89416fd9": ["0", "com.example.android.musicplayer.MainActivity"]}, {"b9dce03dca2a995a94c0dd8e89416fd9": ["0", "com.example.android.musicplayer.MainActivity"]}, {"b9dce03dca2a995a94c0dd8e89416fd9": ["0", "com.example.android.musicplayer.MainActivity"]}, {"b9dce03dca2a995a94c0dd8e89416fd9": ["0", "com.example.android.musicplayer.MainActivity"]}, {"520b163706b137a42afb41f0a3fc5278": ["1", "com.example.android.musicplayer.MainActivity"]}, {"b9dce03dca2a995a94c0dd8e89416fd9": ["0", "com.example.android.musicplayer.MainActivity"]}, {"b9dce03dca2a995a94c0dd8e89416fd9": ["0", "com.example.android.musicplayer.MainActivity"]}, {"b9dce03dca2a995a94c0dd8e89416fd9": ["0", "com.example.android.musicplayer.MainActivity"]}, {"b9dce03dca2a995a94c0dd8e89416fd9": ["0", "com.example.android.musicplayer.MainActivity"]}, {"b9dce03dca2a995a94c0dd8e89416fd9": ["0", "com.example.android.musicplayer.MainActivity"]}, {"b9dce03dca2a995a94c0dd8e89416fd9": ["0", "com.example.android.musicplayer.MainActivity"]}, {"b9dce03dca2a995a94c0dd8e89416fd9": ["0", "com.example.android.musicplayer.MainActivity"]}, {"b9dce03dca2a995a94c0dd8e89416fd9": ["0", "com.example.android.musicplayer.MainActivity"]}, {"b9dce03dca2a995a94c0dd8e89416fd9": ["0", "com.example.android.musicplayer.MainActivity"]}, {"b9dce03dca2a995a94c0dd8e89416fd9": ["0", "com.example.android.musicplayer.MainActivity"]}, {"b9dce03dca2a995a94c0dd8e89416fd9": ["0", "com.example.android.musicplayer.MainActivity"]}, {"b9dce03dca2a995a94c0dd8e89416fd9": ["0", "com.example.android.musicplayer.MainActivity"]}, {"b9dce03dca2a995a94c0dd8e89416fd9": ["0", "com.example.android.musicplayer.MainActivity"]}, {"b9dce03dca2a995a94c0dd8e89416fd9": ["0", "com.example.android.musicplayer.MainActivity"]}, {"b9dce03dca2a995a94c0dd8e89416fd9": ["0", "com.example.android.musicplayer.MainActivity"]}, {"b9dce03dca2a995a94c0dd8e89416fd9": ["0", "com.example.android.musicplayer.MainActivity"]}, {"b9dce03dca2a995a94c0dd8e89416fd9": ["0", "com.example.android.musicplayer.MainActivity"]}, {"b9dce03dca2a995a94c0dd8e89416fd9": ["0", "com.example.android.musicplayer.MainActivity"]}, {"b9dce03dca2a995a94c0dd8e89416fd9": ["0", "com.example.android.musicplayer.MainActivity"]}, {"b9dce03dca2a995a94c0dd8e89416fd9": ["0", "com.example.android.musicplayer.MainActivity"]}, {"b9dce03dca2a995a94c0dd8e89416fd9": ["0", "com.example.android.musicplayer.MainActivity"]}, {"b9dce03dca2a995a94c0dd8e89416fd9": ["0", "com.example.android.musicplayer.MainActivity"]}, {"b9dce03dca2a995a94c0dd8e89416fd9": ["0", "com.example.android.musicplayer.MainActivity"]}, {"b9dce03dca2a995a94c0dd8e89416fd9": ["0", "com.example.android.musicplayer.MainActivity"]}, {"b9dce03dca2a995a94c0dd8e89416fd9": ["0", "com.example.android.musicplayer.MainActivity"]}, {"520b163706b137a42afb41f0a3fc5278": ["1", "com.example.android.musicplayer.MainActivity"]}, {"b9dce03dca2a995a94c0dd8e89416fd9": ["0", "com.example.android.musicplayer.MainActivity"]}, {"b9dce03dca2a995a94c0dd8e89416fd9": ["0", "com.example.android.musicplayer.MainActivity"]}, {"b9dce03dca2a995a94c0dd8e89416fd9": ["0", "com.example.android.musicplayer.MainActivity"]}, {"b9dce03dca2a995a94c0dd8e89416fd9": ["0", "com.example.android.musicplayer.MainActivity"]}, {"b9dce03dca2a995a94c0dd8e89416fd9": ["0", "com.example.android.musicplayer.MainActivity"]}, {"b9dce03dca2a995a94c0dd8e89416fd9": ["0", "com.example.android.musicplayer.MainActivity"]}, {"b9dce03dca2a995a94c0dd8e89416fd9": ["0", "com.example.android.musicplayer.MainActivity"]}, {"b9dce03dca2a995a94c0dd8e89416fd9": ["0", "com.example.android.musicplayer.MainActivity"]}, {"b9dce03dca2a995a94c0dd8e89416fd9": ["0", "com.example.android.musicplayer.MainActivity"]}, {"b9dce03dca2a995a94c0dd8e89416fd9": ["0", "com.example.android.musicplayer.MainActivity"]}, {"b9dce03dca2a995a94c0dd8e89416fd9": ["0", "com.example.android.musicplayer.MainActivity"]}, {"b9dce03dca2a995a94c0dd8e89416fd9": ["0", "com.example.android.musicplayer.MainActivity"]}, {"520b163706b137a42afb41f0a3fc5278": ["1", "com.example.android.musicplayer.MainActivity"]}, {"b9dce03dca2a995a94c0dd8e89416fd9": ["0", "com.example.android.musicplayer.MainActivity"]}, {"b9dce03dca2a995a94c0dd8e89416fd9": ["0", "com.example.android.musicplayer.MainActivity"]}, {"b9dce03dca2a995a94c0dd8e89416fd9": ["0", "com.example.android.musicplayer.MainActivity"]}, {"b9dce03dca2a995a94c0dd8e89416fd9": ["0", "com.example.android.musicplayer.MainActivity"]}, {"b9dce03dca2a995a94c0dd8e89416fd9": ["0", "com.example.android.musicplayer.MainActivity"]}, {"b9dce03dca2a995a94c0dd8e89416fd9": ["0", "com.example.android.musicplayer.MainActivity"]}, {"b9dce03dca2a995a94c0dd8e89416fd9": ["0", "com.example.android.musicplayer.MainActivity"]}, {"b9dce03dca2a995a94c0dd8e89416fd9": ["0", "com.example.android.musicplayer.MainActivity"]}, {"520b163706b137a42afb41f0a3fc5278": ["1", "com.example.android.musicplayer.MainActivity"]}, {"b9dce03dca2a995a94c0dd8e89416fd9": ["0", "com.example.android.musicplayer.MainActivity"]}, {"b9dce03dca2a995a94c0dd8e89416fd9": ["0", "com.example.android.musicplayer.MainActivity"]}, {"b9dce03dca2a995a94c0dd8e89416fd9": ["0", "com.example.android.musicplayer.MainActivity"]}, {"b9dce03dca2a995a94c0dd8e89416fd9": ["0", "com.example.android.musicplayer.MainActivity"]}, {"b9dce03dca2a995a94c0dd8e89416fd9": ["0", "com.example.android.musicplayer.MainActivity"]}, {"b9dce03dca2a995a94c0dd8e89416fd9": ["0", "com.example.android.musicplayer.MainActivity"]}, {"b9dce03dca2a995a94c0dd8e89416fd9": ["0", "com.example.android.musicplayer.MainActivity"]}, {"b9dce03dca2a995a94c0dd8e89416fd9": ["0", "com.example.android.musicplayer.MainActivity"]}, {"b9dce03dca2a995a94c0dd8e89416fd9": ["0", "com.example.android.musicplayer.MainActivity"]}, {"b9dce03dca2a995a94c0dd8e89416fd9": ["0", "com.example.android.musicplayer.MainActivity"]}, {"b9dce03dca2a995a94c0dd8e89416fd9": ["0", "com.example.android.musicplayer.MainActivity"]}, {"b9dce03dca2a995a94c0dd8e89416fd9": ["0", "com.example.android.musicplayer.MainActivity"]}, {"b9dce03dca2a995a94c0dd8e89416fd9": ["0", "com.example.android.musicplayer.MainActivity"]}, {"b9dce03dca2a995a94c0dd8e89416fd9": ["0", "com.example.android.musicplayer.MainActivity"]}, {"b9dce03dca2a995a94c0dd8e89416fd9": ["0", "com.example.android.musicplayer.MainActivity"]}, {"b9dce03dca2a995a94c0dd8e89416fd9": ["0", "com.example.android.musicplayer.MainActivity"]}, {"b9dce03dca2a995a94c0dd8e89416fd9": ["0", "com.example.android.musicplayer.MainActivity"]}, {"b9dce03dca2a995a94c0dd8e89416fd9": ["0", "com.example.android.musicplayer.MainActivity"]}, {"b9dce03dca2a995a94c0dd8e89416fd9": ["0", "com.example.android.musicplayer.MainActivity"]}, {"b9dce03dca2a995a94c0dd8e89416fd9": ["0", "com.example.android.musicplayer.MainActivity"]}, {"b9dce03dca2a995a94c0dd8e89416fd9": ["0", "com.example.android.musicplayer.MainActivity"]}, {"b9dce03dca2a995a94c0dd8e89416fd9": ["0", "com.example.android.musicplayer.MainActivity"]}, {"b9dce03dca2a995a94c0dd8e89416fd9": ["0", "com.example.android.musicplayer.MainActivity"]}, {"b9dce03dca2a995a94c0dd8e89416fd9": ["0", "com.example.android.musicplayer.MainActivity"]}, {"b9dce03dca2a995a94c0dd8e89416fd9": ["0", "com.example.android.musicplayer.MainActivity"]}, {"b9dce03dca2a995a94c0dd8e89416fd9": ["0", "com.example.android.musicplayer.MainActivity"]}, {"b9dce03dca2a995a94c0dd8e89416fd9": ["0", "com.example.android.musicplayer.MainActivity"]}, {"b9dce03dca2a995a94c0dd8e89416fd9": ["0", "com.example.android.musicplayer.MainActivity"]}, {"b9dce03dca2a995a94c0dd8e89416fd9": ["0", "com.example.android.musicplayer.MainActivity"]}, {"b9dce03dca2a995a94c0dd8e89416fd9": ["0", "com.example.android.musicplayer.MainActivity"]}, {"b9dce03dca2a995a94c0dd8e89416fd9": ["0", "com.example.android.musicplayer.MainActivity"]}, {"b9dce03dca2a995a94c0dd8e89416fd9": ["0", "com.example.android.musicplayer.MainActivity"]}, {"b9dce03dca2a995a94c0dd8e89416fd9": ["0", "com.example.android.musicplayer.MainActivity"]}, {"b9dce03dca2a995a94c0dd8e89416fd9": ["0", "com.example.android.musicplayer.MainActivity"]}, {"b9dce03dca2a995a94c0dd8e89416fd9": ["0", "com.example.android.musicplayer.MainActivity"]}, {"b9dce03dca2a995a94c0dd8e89416fd9": ["0", "com.example.android.musicplayer.MainActivity"]}, {"b9dce03dca2a995a94c0dd8e89416fd9": ["0", "com.example.android.musicplayer.MainActivity"]}, {"b9dce03dca2a995a94c0dd8e89416fd9": ["0", "com.example.android.musicplayer.MainActivity"]}, {"b9dce03dca2a995a94c0dd8e89416fd9": ["0", "com.example.android.musicplayer.MainActivity"]}, {"b9dce03dca2a995a94c0dd8e89416fd9": ["0", "com.example.android.musicplayer.MainActivity"]}, {"b9dce03dca2a995a94c0dd8e89416fd9": ["0", "com.example.android.musicplayer.MainActivity"]}, {"b9dce03dca2a995a94c0dd8e89416fd9": ["0", "com.example.android.musicplayer.MainActivity"]}, {"b9dce03dca2a995a94c0dd8e89416fd9": ["0", "com.example.android.musicplayer.MainActivity"]}, {"b9dce03dca2a995a94c0dd8e89416fd9": ["0", "com.example.android.musicplayer.MainActivity"]}, {"b9dce03dca2a995a94c0dd8e89416fd9": ["0", "com.example.android.musicplayer.MainActivity"]}, {"b9dce03dca2a995a94c0dd8e89416fd9": ["0", "com.example.android.musicplayer.MainActivity"]}, {"b9dce03dca2a995a94c0dd8e89416fd9": ["0", "com.example.android.musicplayer.MainActivity"]}, {"b9dce03dca2a995a94c0dd8e89416fd9": ["0", "com.example.android.musicplayer.MainActivity"]}, {"b9dce03dca2a995a94c0dd8e89416fd9": ["0", "com.example.android.musicplayer.MainActivity"]}, {"b9dce03dca2a995a94c0dd8e89416fd9": ["0", "com.example.android.musicplayer.MainActivity"]}, {"b9dce03dca2a995a94c0dd8e89416fd9": ["0", "com.example.android.musicplayer.MainActivity"]}, {"b9dce03dca2a995a94c0dd8e89416fd9": ["0", "com.example.android.musicplayer.MainActivity"]}, {"b9dce03dca2a995a94c0dd8e89416fd9": ["0", "com.example.android.musicplayer.MainActivity"]}, {"b9dce03dca2a995a94c0dd8e89416fd9": ["0", "com.example.android.musicplayer.MainActivity"]}, {"b9dce03dca2a995a94c0dd8e89416fd9": ["0", "com.example.android.musicplayer.MainActivity"]}, {"b9dce03dca2a995a94c0dd8e89416fd9": ["0", "com.example.android.musicplayer.MainActivity"]}, {"b9dce03dca2a995a94c0dd8e89416fd9": ["0", "com.example.android.musicplayer.MainActivity"]}, {"b9dce03dca2a995a94c0dd8e89416fd9": ["0", "com.example.android.musicplayer.MainActivity"]}, {"b9dce03dca2a995a94c0dd8e89416fd9": ["0", "com.example.android.musicplayer.MainActivity"]}, {"b9dce03dca2a995a94c0dd8e89416fd9": ["0", "com.example.android.musicplayer.MainActivity"]}, {"b9dce03dca2a995a94c0dd8e89416fd9": ["0", "com.example.android.musicplayer.MainActivity"]}, {"b9dce03dca2a995a94c0dd8e89416fd9": ["0", "com.example.android.musicplayer.MainActivity"]}, {"b9dce03dca2a995a94c0dd8e89416fd9": ["0", "com.example.android.musicplayer.MainActivity"]}, {"b9dce03dca2a995a94c0dd8e89416fd9": ["0", "com.example.android.musicplayer.MainActivity"]}, {"b9dce03dca2a995a94c0dd8e89416fd9": ["0", "com.example.android.musicplayer.MainActivity"]}, {"b9dce03dca2a995a94c0dd8e89416fd9": ["0", "com.example.android.musicplayer.MainActivity"]}, {"b9dce03dca2a995a94c0dd8e89416fd9": ["0", "com.example.android.musicplayer.MainActivity"]}, {"b9dce03dca2a995a94c0dd8e89416fd9": ["0", "com.example.android.musicplayer.MainActivity"]}, {"b9dce03dca2a995a94c0dd8e89416fd9": ["0", "com.example.android.musicplayer.MainActivity"]}, {"b9dce03dca2a995a94c0dd8e89416fd9": ["0", "com.example.android.musicplayer.MainActivity"]}, {"b9dce03dca2a995a94c0dd8e89416fd9": ["0", "com.example.android.musicplayer.MainActivity"]}, {"b9dce03dca2a995a94c0dd8e89416fd9": ["0", "com.example.android.musicplayer.MainActivity"]}, {"b9dce03dca2a995a94c0dd8e89416fd9": ["0", "com.example.android.musicplayer.MainActivity"]}, {"b9dce03dca2a995a94c0dd8e89416fd9": ["0", "com.example.android.musicplayer.MainActivity"]}, {"b9dce03dca2a995a94c0dd8e89416fd9": ["0", "com.example.android.musicplayer.MainActivity"]}, {"b9dce03dca2a995a94c0dd8e89416fd9": ["0", "com.example.android.musicplayer.MainActivity"]}, {"b9dce03dca2a995a94c0dd8e89416fd9": ["0", "com.example.android.musicplayer.MainActivity"]}, {"b9dce03dca2a995a94c0dd8e89416fd9": ["0", "com.example.android.musicplayer.MainActivity"]}, {"b9dce03dca2a995a94c0dd8e89416fd9": ["0", "com.example.android.musicplayer.MainActivity"]}, {"b9dce03dca2a995a94c0dd8e89416fd9": ["0", "com.example.android.musicplayer.MainActivity"]}, {"b9dce03dca2a995a94c0dd8e89416fd9": ["0", "com.example.android.musicplayer.MainActivity"]}, {"b9dce03dca2a995a94c0dd8e89416fd9": ["0", "com.example.android.musicplayer.MainActivity"]}, {"b9dce03dca2a995a94c0dd8e89416fd9": ["0", "com.example.android.musicplayer.MainActivity"]}, {"b9dce03dca2a995a94c0dd8e89416fd9": ["0", "com.example.android.musicplayer.MainActivity"]}, {"b9dce03dca2a995a94c0dd8e89416fd9": ["0", "com.example.android.musicplayer.MainActivity"]}, {"b9dce03dca2a995a94c0dd8e89416fd9": ["0", "com.example.android.musicplayer.MainActivity"]}, {"b9dce03dca2a995a94c0dd8e89416fd9": ["0", "com.example.android.musicplayer.MainActivity"]}, {"b9dce03dca2a995a94c0dd8e89416fd9": ["0", "com.example.android.musicplayer.MainActivity"]}, {"b9dce03dca2a995a94c0dd8e89416fd9": ["0", "com.example.android.musicplayer.MainActivity"]}, {"b9dce03dca2a995a94c0dd8e89416fd9": ["0", "com.example.android.musicplayer.MainActivity"]}, {"b9dce03dca2a995a94c0dd8e89416fd9": ["0", "com.example.android.musicplayer.MainActivity"]}, {"b9dce03dca2a995a94c0dd8e89416fd9": ["0", "com.example.android.musicplayer.MainActivity"]}, {"b9dce03dca2a995a94c0dd8e89416fd9": ["0", "com.example.android.musicplayer.MainActivity"]}, {"b9dce03dca2a995a94c0dd8e89416fd9": ["0", "com.example.android.musicplayer.MainActivity"]}, {"b9dce03dca2a995a94c0dd8e89416fd9": ["0", "com.example.android.musicplayer.MainActivity"]}, {"b9dce03dca2a995a94c0dd8e89416fd9": ["0", "com.example.android.musicplayer.MainActivity"]}, {"b9dce03dca2a995a94c0dd8e89416fd9": ["0", "com.example.android.musicplayer.MainActivity"]}, {"520b163706b137a42afb41f0a3fc5278": ["1", "com.example.android.musicplayer.MainActivity"]}, {"b9dce03dca2a995a94c0dd8e89416fd9": ["0", "com.example.android.musicplayer.MainActivity"]}, {"b9dce03dca2a995a94c0dd8e89416fd9": ["0", "com.example.android.musicplayer.MainActivity"]}, {"b9dce03dca2a995a94c0dd8e89416fd9": ["0", "com.example.android.musicplayer.MainActivity"]}, {"b9dce03dca2a995a94c0dd8e89416fd9": ["0", "com.example.android.musicplayer.MainActivity"]}, {"b9dce03dca2a995a94c0dd8e89416fd9": ["0", "com.example.android.musicplayer.MainActivity"]}, {"b9dce03dca2a995a94c0dd8e89416fd9": ["0", "com.example.android.musicplayer.MainActivity"]}, {"b9dce03dca2a995a94c0dd8e89416fd9": ["0", "com.example.android.musicplayer.MainActivity"]}, {"b9dce03dca2a995a94c0dd8e89416fd9": ["0", "com.example.android.musicplayer.MainActivity"]}, {"520b163706b137a42afb41f0a3fc5278": ["1", "com.example.android.musicplayer.MainActivity"]}, {"b9dce03dca2a995a94c0dd8e89416fd9": ["0", "com.example.android.musicplayer.MainActivity"]}, {"b9dce03dca2a995a94c0dd8e89416fd9": ["0", "com.example.android.musicplayer.MainActivity"]}, {"b9dce03dca2a995a94c0dd8e89416fd9": ["0", "com.example.android.musicplayer.MainActivity"]}, {"b9dce03dca2a995a94c0dd8e89416fd9": ["0", "com.example.android.musicplayer.MainActivity"]}, {"b9dce03dca2a995a94c0dd8e89416fd9": ["0", "com.example.android.musicplayer.MainActivity"]}, {"b9dce03dca2a995a94c0dd8e89416fd9": ["0", "com.example.android.musicplayer.MainActivity"]}, {"b9dce03dca2a995a94c0dd8e89416fd9": ["0", "com.example.android.musicplayer.MainActivity"]}, {"b9dce03dca2a995a94c0dd8e89416fd9": ["0", "com.example.android.musicplayer.MainActivity"]}, {"b9dce03dca2a995a94c0dd8e89416fd9": ["0", "com.example.android.musicplayer.MainActivity"]}, {"b9dce03dca2a995a94c0dd8e89416fd9": ["0", "com.example.android.musicplayer.MainActivity"]}, {"b9dce03dca2a995a94c0dd8e89416fd9": ["0", "com.example.android.musicplayer.MainActivity"]}, {"b9dce03dca2a995a94c0dd8e89416fd9": ["0", "com.example.android.musicplayer.MainActivity"]}, {"b9dce03dca2a995a94c0dd8e89416fd9": ["0", "com.example.android.musicplayer.MainActivity"]}, {"b9dce03dca2a995a94c0dd8e89416fd9": ["0", "com.example.android.musicplayer.MainActivity"]}, {"b9dce03dca2a995a94c0dd8e89416fd9": ["0", "com.example.android.musicplayer.MainActivity"]}, {"b9dce03dca2a995a94c0dd8e89416fd9": ["0", "com.example.android.musicplayer.MainActivity"]}, {"b9dce03dca2a995a94c0dd8e89416fd9": ["0", "com.example.android.musicplayer.MainActivity"]}, {"b9dce03dca2a995a94c0dd8e89416fd9": ["0", "com.example.android.musicplayer.MainActivity"]}, {"b9dce03dca2a995a94c0dd8e89416fd9": ["0", "com.example.android.musicplayer.MainActivity"]}, {"b9dce03dca2a995a94c0dd8e89416fd9": ["0", "com.example.android.musicplayer.MainActivity"]}, {"b9dce03dca2a995a94c0dd8e89416fd9": ["0", "com.example.android.musicplayer.MainActivity"]}, {"b9dce03dca2a995a94c0dd8e89416fd9": ["0", "com.example.android.musicplayer.MainActivity"]}, {"b9dce03dca2a995a94c0dd8e89416fd9": ["0", "com.example.android.musicplayer.MainActivity"]}, {"b9dce03dca2a995a94c0dd8e89416fd9": ["0", "com.example.android.musicplayer.MainActivity"]}, {"b9dce03dca2a995a94c0dd8e89416fd9": ["0", "com.example.android.musicplayer.MainActivity"]}, {"b9dce03dca2a995a94c0dd8e89416fd9": ["0", "com.example.android.musicplayer.MainActivity"]}, {"b9dce03dca2a995a94c0dd8e89416fd9": ["0", "com.example.android.musicplayer.MainActivity"]}, {"520b163706b137a42afb41f0a3fc5278": ["1", "com.example.android.musicplayer.MainActivity"]}, {"b9dce03dca2a995a94c0dd8e89416fd9": ["0", "com.example.android.musicplayer.MainActivity"]}, {"b9dce03dca2a995a94c0dd8e89416fd9": ["0", "com.example.android.musicplayer.MainActivity"]}, {"b9dce03dca2a995a94c0dd8e89416fd9": ["0", "com.example.android.musicplayer.MainActivity"]}, {"b9dce03dca2a995a94c0dd8e89416fd9": ["0", "com.example.android.musicplayer.MainActivity"]}, {"b9dce03dca2a995a94c0dd8e89416fd9": ["0", "com.example.android.musicplayer.MainActivity"]}, {"b9dce03dca2a995a94c0dd8e89416fd9": ["0", "com.example.android.musicplayer.MainActivity"]}, {"b9dce03dca2a995a94c0dd8e89416fd9": ["0", "com.example.android.musicplayer.MainActivity"]}, {"b9dce03dca2a995a94c0dd8e89416fd9": ["0", "com.example.android.musicplayer.MainActivity"]}, {"b9dce03dca2a995a94c0dd8e89416fd9": ["0", "com.example.android.musicplayer.MainActivity"]}, {"b9dce03dca2a995a94c0dd8e89416fd9": ["0", "com.example.android.musicplayer.MainActivity"]}, {"b9dce03dca2a995a94c0dd8e89416fd9": ["0", "com.example.android.musicplayer.MainActivity"]}, {"b9dce03dca2a995a94c0dd8e89416fd9": ["0", "com.example.android.musicplayer.MainActivity"]}, {"b9dce03dca2a995a94c0dd8e89416fd9": ["0", "com.example.android.musicplayer.MainActivity"]}, {"b9dce03dca2a995a94c0dd8e89416fd9": ["0", "com.example.android.musicplayer.MainActivity"]}, {"b9dce03dca2a995a94c0dd8e89416fd9": ["0", "com.example.android.musicplayer.MainActivity"]}, {"b9dce03dca2a995a94c0dd8e89416fd9": ["0", "com.example.android.musicplayer.MainActivity"]}, {"b9dce03dca2a995a94c0dd8e89416fd9": ["0", "com.example.android.musicplayer.MainActivity"]}, {"b9dce03dca2a995a94c0dd8e89416fd9": ["0", "com.example.android.musicplayer.MainActivity"]}, {"b9dce03dca2a995a94c0dd8e89416fd9": ["0", "com.example.android.musicplayer.MainActivity"]}, {"b9dce03dca2a995a94c0dd8e89416fd9": ["0", "com.example.android.musicplayer.MainActivity"]}, {"b9dce03dca2a995a94c0dd8e89416fd9": ["0", "com.example.android.musicplayer.MainActivity"]}, {"b9dce03dca2a995a94c0dd8e89416fd9": ["0", "com.example.android.musicplayer.MainActivity"]}, {"b9dce03dca2a995a94c0dd8e89416fd9": ["0", "com.example.android.musicplayer.MainActivity"]}, {"b9dce03dca2a995a94c0dd8e89416fd9": ["0", "com.example.android.musicplayer.MainActivity"]}, {"b9dce03dca2a995a94c0dd8e89416fd9": ["0", "com.example.android.musicplayer.MainActivity"]}, {"b9dce03dca2a995a94c0dd8e89416fd9": ["0", "com.example.android.musicplayer.MainActivity"]}, {"b9dce03dca2a995a94c0dd8e89416fd9": ["0", "com.example.android.musicplayer.MainActivity"]}, {"b9dce03dca2a995a94c0dd8e89416fd9": ["0", "com.example.android.musicplayer.MainActivity"]}, {"b9dce03dca2a995a94c0dd8e89416fd9": ["0", "com.example.android.musicplayer.MainActivity"]}, {"b9dce03dca2a995a94c0dd8e89416fd9": ["0", "com.example.android.musicplayer.MainActivity"]}, {"b9dce03dca2a995a94c0dd8e89416fd9": ["0", "com.example.android.musicplayer.MainActivity"]}, {"b9dce03dca2a995a94c0dd8e89416fd9": ["0", "com.example.android.musicplayer.MainActivity"]}, {"b9dce03dca2a995a94c0dd8e89416fd9": ["0", "com.example.android.musicplayer.MainActivity"]}, {"b9dce03dca2a995a94c0dd8e89416fd9": ["0", "com.example.android.musicplayer.MainActivity"]}, {"b9dce03dca2a995a94c0dd8e89416fd9": ["0", "com.example.android.musicplayer.MainActivity"]}, {"b9dce03dca2a995a94c0dd8e89416fd9": ["0", "com.example.android.musicplayer.MainActivity"]}, {"b9dce03dca2a995a94c0dd8e89416fd9": ["0", "com.example.android.musicplayer.MainActivity"]}, {"b9dce03dca2a995a94c0dd8e89416fd9": ["0", "com.example.android.musicplayer.MainActivity"]}, {"b9dce03dca2a995a94c0dd8e89416fd9": ["0", "com.example.android.musicplayer.MainActivity"]}, {"b9dce03dca2a995a94c0dd8e89416fd9": ["0", "com.example.android.musicplayer.MainActivity"]}, {"b9dce03dca2a995a94c0dd8e89416fd9": ["0", "com.example.android.musicplayer.MainActivity"]}, {"b9dce03dca2a995a94c0dd8e89416fd9": ["0", "com.example.android.musicplayer.MainActivity"]}, {"b9dce03dca2a995a94c0dd8e89416fd9": ["0", "com.example.android.musicplayer.MainActivity"]}, {"520b163706b137a42afb41f0a3fc5278": ["1", "com.example.android.musicplayer.MainActivity"]}, {"b9dce03dca2a995a94c0dd8e89416fd9": ["0", "com.example.android.musicplayer.MainActivity"]}, {"b9dce03dca2a995a94c0dd8e89416fd9": ["0", "com.example.android.musicplayer.MainActivity"]}, {"b9dce03dca2a995a94c0dd8e89416fd9": ["0", "com.example.android.musicplayer.MainActivity"]}, {"b9dce03dca2a995a94c0dd8e89416fd9": ["0", "com.example.android.musicplayer.MainActivity"]}, {"b9dce03dca2a995a94c0dd8e89416fd9": ["0", "com.example.android.musicplayer.MainActivity"]}, {"b9dce03dca2a995a94c0dd8e89416fd9": ["0", "com.example.android.musicplayer.MainActivity"]}, {"b9dce03dca2a995a94c0dd8e89416fd9": ["0", "com.example.android.musicplayer.MainActivity"]}, {"b9dce03dca2a995a94c0dd8e89416fd9": ["0", "com.example.android.musicplayer.MainActivity"]}, {"b9dce03dca2a995a94c0dd8e89416fd9": ["0", "com.example.android.musicplayer.MainActivity"]}, {"b9dce03dca2a995a94c0dd8e89416fd9": ["0", "com.example.android.musicplayer.MainActivity"]}, {"b9dce03dca2a995a94c0dd8e89416fd9": ["0", "com.example.android.musicplayer.MainActivity"]}, {"b9dce03dca2a995a94c0dd8e89416fd9": ["0", "com.example.android.musicplayer.MainActivity"]}, {"b9dce03dca2a995a94c0dd8e89416fd9": ["0", "com.example.android.musicplayer.MainActivity"]}, {"b9dce03dca2a995a94c0dd8e89416fd9": ["0", "com.example.android.musicplayer.MainActivity"]}, {"b9dce03dca2a995a94c0dd8e89416fd9": ["0", "com.example.android.musicplayer.MainActivity"]}, {"b9dce03dca2a995a94c0dd8e89416fd9": ["0", "com.example.android.musicplayer.MainActivity"]}, {"b9dce03dca2a995a94c0dd8e89416fd9": ["0", "com.example.android.musicplayer.MainActivity"]}, {"b9dce03dca2a995a94c0dd8e89416fd9": ["0", "com.example.android.musicplayer.MainActivity"]}, {"b9dce03dca2a995a94c0dd8e89416fd9": ["0", "com.example.android.musicplayer.MainActivity"]}, {"b9dce03dca2a995a94c0dd8e89416fd9": ["0", "com.example.android.musicplayer.MainActivity"]}, {"b9dce03dca2a995a94c0dd8e89416fd9": ["0", "com.example.android.musicplayer.MainActivity"]}, {"b9dce03dca2a995a94c0dd8e89416fd9": ["0", "com.example.android.musicplayer.MainActivity"]}, {"b9dce03dca2a995a94c0dd8e89416fd9": ["0", "com.example.android.musicplayer.MainActivity"]}, {"b9dce03dca2a995a94c0dd8e89416fd9": ["0", "com.example.android.musicplayer.MainActivity"]}, {"b9dce03dca2a995a94c0dd8e89416fd9": ["0", "com.example.android.musicplayer.MainActivity"]}, {"b9dce03dca2a995a94c0dd8e89416fd9": ["0", "com.example.android.musicplayer.MainActivity"]}, {"b9dce03dca2a995a94c0dd8e89416fd9": ["0", "com.example.android.musicplayer.MainActivity"]}, {"b9dce03dca2a995a94c0dd8e89416fd9": ["0", "com.example.android.musicplayer.MainActivity"]}, {"b9dce03dca2a995a94c0dd8e89416fd9": ["0", "com.example.android.musicplayer.MainActivity"]}, {"b9dce03dca2a995a94c0dd8e89416fd9": ["0", "com.example.android.musicplayer.MainActivity"]}, {"b9dce03dca2a995a94c0dd8e89416fd9": ["0", "com.example.android.musicplayer.MainActivity"]}, {"b9dce03dca2a995a94c0dd8e89416fd9": ["0", "com.example.android.musicplayer.MainActivity"]}, {"b9dce03dca2a995a94c0dd8e89416fd9": ["0", "com.example.android.musicplayer.MainActivity"]}, {"b9dce03dca2a995a94c0dd8e89416fd9": ["0", "com.example.android.musicplayer.MainActivity"]}]