[{"581e16aa53ddda5a407c1d052746b340": ["0", "com.ringdroid.RingdroidSelectActivity"]}, {"722206a9807f0ef22757d5e4a798afbe": ["6", "com.ringdroid.RingdroidSelectActivity"]}, {"581e16aa53ddda5a407c1d052746b340": ["0", "com.ringdroid.RingdroidSelectActivity"]}, {"db9959a017890bfaf11a4f57861c249c": ["5", "com.ringdroid.RingdroidEditActivity"]}, {"30fec0e14390377d25126a38a1c32632": ["3", "com.ringdroid.RingdroidSelectActivity"]}, {"581e16aa53ddda5a407c1d052746b340": ["0", "com.ringdroid.RingdroidSelectActivity"]}, {"722206a9807f0ef22757d5e4a798afbe": ["6", "com.ringdroid.RingdroidSelectActivity"]}, {"30fec0e14390377d25126a38a1c32632": ["3", "com.ringdroid.RingdroidSelectActivity"]}, {"30fec0e14390377d25126a38a1c32632": ["3", "com.ringdroid.RingdroidSelectActivity"]}, {"581e16aa53ddda5a407c1d052746b340": ["0", "com.ringdroid.RingdroidSelectActivity"]}, {"b72c9a6fbf57b245253a50a1f5c78fd6": ["21", "com.ringdroid.RingdroidSelectActivity"]}, {"bb8f132b796d1f6d013455a41b4c7bcd": ["2", "com.ringdroid.RingdroidEditActivity"]}, {"581e16aa53ddda5a407c1d052746b340": ["0", "com.ringdroid.RingdroidSelectActivity"]}, {"722206a9807f0ef22757d5e4a798afbe": ["6", "com.ringdroid.RingdroidSelectActivity"]}, {"581e16aa53ddda5a407c1d052746b340": ["0", "com.ringdroid.RingdroidSelectActivity"]}, {"db9959a017890bfaf11a4f57861c249c": ["5", "com.ringdroid.RingdroidEditActivity"]}, {"30fec0e14390377d25126a38a1c32632": ["3", "com.ringdroid.RingdroidSelectActivity"]}, {"581e16aa53ddda5a407c1d052746b340": ["0", "com.ringdroid.RingdroidSelectActivity"]}, {"722206a9807f0ef22757d5e4a798afbe": ["6", "com.ringdroid.RingdroidSelectActivity"]}, {"30fec0e14390377d25126a38a1c32632": ["3", "com.ringdroid.RingdroidSelectActivity"]}, {"30fec0e14390377d25126a38a1c32632": ["3", "com.ringdroid.RingdroidSelectActivity"]}, {"581e16aa53ddda5a407c1d052746b340": ["0", "com.ringdroid.RingdroidSelectActivity"]}, {"4637fea5c968128a1f83f9a174c4f9c3": ["14", "com.ringdroid.RingdroidSelectActivity"]}, {"db9959a017890bfaf11a4f57861c249c": ["5", "com.ringdroid.RingdroidEditActivity"]}, {"581e16aa53ddda5a407c1d052746b340": ["0", "com.ringdroid.RingdroidSelectActivity"]}, {"722206a9807f0ef22757d5e4a798afbe": ["6", "com.ringdroid.RingdroidSelectActivity"]}, {"581e16aa53ddda5a407c1d052746b340": ["0", "com.ringdroid.RingdroidSelectActivity"]}, {"db9959a017890bfaf11a4f57861c249c": ["5", "com.ringdroid.RingdroidEditActivity"]}, {"30fec0e14390377d25126a38a1c32632": ["3", "com.ringdroid.RingdroidSelectActivity"]}, {"581e16aa53ddda5a407c1d052746b340": ["0", "com.ringdroid.RingdroidSelectActivity"]}, {"722206a9807f0ef22757d5e4a798afbe": ["6", "com.ringdroid.RingdroidSelectActivity"]}, {"30fec0e14390377d25126a38a1c32632": ["3", "com.ringdroid.RingdroidSelectActivity"]}, {"30fec0e14390377d25126a38a1c32632": ["3", "com.ringdroid.RingdroidSelectActivity"]}, {"581e16aa53ddda5a407c1d052746b340": ["0", "com.ringdroid.RingdroidSelectActivity"]}, {"e8b14b9b3451d2c972e9fbf4c54163e7": ["16", "com.ringdroid.RingdroidSelectActivity"]}, {"bb8f132b796d1f6d013455a41b4c7bcd": ["2", "com.ringdroid.RingdroidEditActivity"]}, {"581e16aa53ddda5a407c1d052746b340": ["0", "com.ringdroid.RingdroidSelectActivity"]}, {"722206a9807f0ef22757d5e4a798afbe": ["6", "com.ringdroid.RingdroidSelectActivity"]}, {"581e16aa53ddda5a407c1d052746b340": ["0", "com.ringdroid.RingdroidSelectActivity"]}, {"db9959a017890bfaf11a4f57861c249c": ["5", "com.ringdroid.RingdroidEditActivity"]}, {"30fec0e14390377d25126a38a1c32632": ["3", "com.ringdroid.RingdroidSelectActivity"]}, {"581e16aa53ddda5a407c1d052746b340": ["0", "com.ringdroid.RingdroidSelectActivity"]}, {"722206a9807f0ef22757d5e4a798afbe": ["6", "com.ringdroid.RingdroidSelectActivity"]}, {"30fec0e14390377d25126a38a1c32632": ["3", "com.ringdroid.RingdroidSelectActivity"]}, {"30fec0e14390377d25126a38a1c32632": ["3", "com.ringdroid.RingdroidSelectActivity"]}, {"581e16aa53ddda5a407c1d052746b340": ["0", "com.ringdroid.RingdroidSelectActivity"]}, {"4637fea5c968128a1f83f9a174c4f9c3": ["14", "com.ringdroid.RingdroidSelectActivity"]}, {"db9959a017890bfaf11a4f57861c249c": ["5", "com.ringdroid.RingdroidEditActivity"]}, {"581e16aa53ddda5a407c1d052746b340": ["0", "com.ringdroid.RingdroidSelectActivity"]}, {"722206a9807f0ef22757d5e4a798afbe": ["6", "com.ringdroid.RingdroidSelectActivity"]}, {"581e16aa53ddda5a407c1d052746b340": ["0", "com.ringdroid.RingdroidSelectActivity"]}, {"db9959a017890bfaf11a4f57861c249c": ["5", "com.ringdroid.RingdroidEditActivity"]}, {"30fec0e14390377d25126a38a1c32632": ["3", "com.ringdroid.RingdroidSelectActivity"]}, {"581e16aa53ddda5a407c1d052746b340": ["0", "com.ringdroid.RingdroidSelectActivity"]}, {"722206a9807f0ef22757d5e4a798afbe": ["6", "com.ringdroid.RingdroidSelectActivity"]}, {"30fec0e14390377d25126a38a1c32632": ["3", "com.ringdroid.RingdroidSelectActivity"]}, {"30fec0e14390377d25126a38a1c32632": ["3", "com.ringdroid.RingdroidSelectActivity"]}, {"581e16aa53ddda5a407c1d052746b340": ["0", "com.ringdroid.RingdroidSelectActivity"]}, {"4637fea5c968128a1f83f9a174c4f9c3": ["14", "com.ringdroid.RingdroidSelectActivity"]}, {"bb8f132b796d1f6d013455a41b4c7bcd": ["2", "com.ringdroid.RingdroidEditActivity"]}, {"4637fea5c968128a1f83f9a174c4f9c3": ["14", "com.ringdroid.RingdroidSelectActivity"]}, {"bb8f132b796d1f6d013455a41b4c7bcd": ["2", "com.ringdroid.RingdroidEditActivity"]}, {"581e16aa53ddda5a407c1d052746b340": ["0", "com.ringdroid.RingdroidSelectActivity"]}, {"722206a9807f0ef22757d5e4a798afbe": ["6", "com.ringdroid.RingdroidSelectActivity"]}, {"581e16aa53ddda5a407c1d052746b340": ["0", "com.ringdroid.RingdroidSelectActivity"]}, {"db9959a017890bfaf11a4f57861c249c": ["5", "com.ringdroid.RingdroidEditActivity"]}, {"30fec0e14390377d25126a38a1c32632": ["3", "com.ringdroid.RingdroidSelectActivity"]}, {"581e16aa53ddda5a407c1d052746b340": ["0", "com.ringdroid.RingdroidSelectActivity"]}, {"722206a9807f0ef22757d5e4a798afbe": ["6", "com.ringdroid.RingdroidSelectActivity"]}, {"30fec0e14390377d25126a38a1c32632": ["3", "com.ringdroid.RingdroidSelectActivity"]}, {"30fec0e14390377d25126a38a1c32632": ["3", "com.ringdroid.RingdroidSelectActivity"]}, {"581e16aa53ddda5a407c1d052746b340": ["0", "com.ringdroid.RingdroidSelectActivity"]}, {"4637fea5c968128a1f83f9a174c4f9c3": ["14", "com.ringdroid.RingdroidSelectActivity"]}, {"bb8f132b796d1f6d013455a41b4c7bcd": ["2", "com.ringdroid.RingdroidEditActivity"]}, {"883437e751af6ea399ea5d9012dfad29": ["1", "com.ringdroid.RingdroidSelectActivity"]}, {"db9959a017890bfaf11a4f57861c249c": ["5", "com.ringdroid.RingdroidEditActivity"]}, {"581e16aa53ddda5a407c1d052746b340": ["0", "com.ringdroid.RingdroidSelectActivity"]}, {"722206a9807f0ef22757d5e4a798afbe": ["6", "com.ringdroid.RingdroidSelectActivity"]}, {"581e16aa53ddda5a407c1d052746b340": ["0", "com.ringdroid.RingdroidSelectActivity"]}, {"db9959a017890bfaf11a4f57861c249c": ["5", "com.ringdroid.RingdroidEditActivity"]}, {"30fec0e14390377d25126a38a1c32632": ["3", "com.ringdroid.RingdroidSelectActivity"]}, {"581e16aa53ddda5a407c1d052746b340": ["0", "com.ringdroid.RingdroidSelectActivity"]}, {"722206a9807f0ef22757d5e4a798afbe": ["6", "com.ringdroid.RingdroidSelectActivity"]}, {"30fec0e14390377d25126a38a1c32632": ["3", "com.ringdroid.RingdroidSelectActivity"]}, {"30fec0e14390377d25126a38a1c32632": ["3", "com.ringdroid.RingdroidSelectActivity"]}, {"581e16aa53ddda5a407c1d052746b340": ["0", "com.ringdroid.RingdroidSelectActivity"]}, {"e8b14b9b3451d2c972e9fbf4c54163e7": ["16", "com.ringdroid.RingdroidSelectActivity"]}, {"bb8f132b796d1f6d013455a41b4c7bcd": ["2", "com.ringdroid.RingdroidEditActivity"]}, {"581e16aa53ddda5a407c1d052746b340": ["0", "com.ringdroid.RingdroidSelectActivity"]}, {"722206a9807f0ef22757d5e4a798afbe": ["6", "com.ringdroid.RingdroidSelectActivity"]}, {"581e16aa53ddda5a407c1d052746b340": ["0", "com.ringdroid.RingdroidSelectActivity"]}, {"db9959a017890bfaf11a4f57861c249c": ["5", "com.ringdroid.RingdroidEditActivity"]}, {"30fec0e14390377d25126a38a1c32632": ["3", "com.ringdroid.RingdroidSelectActivity"]}, {"581e16aa53ddda5a407c1d052746b340": ["0", "com.ringdroid.RingdroidSelectActivity"]}, {"722206a9807f0ef22757d5e4a798afbe": ["6", "com.ringdroid.RingdroidSelectActivity"]}, {"30fec0e14390377d25126a38a1c32632": ["3", "com.ringdroid.RingdroidSelectActivity"]}, {"30fec0e14390377d25126a38a1c32632": ["3", "com.ringdroid.RingdroidSelectActivity"]}, {"581e16aa53ddda5a407c1d052746b340": ["0", "com.ringdroid.RingdroidSelectActivity"]}, {"b72c9a6fbf57b245253a50a1f5c78fd6": ["21", "com.ringdroid.RingdroidSelectActivity"]}, {"bb8f132b796d1f6d013455a41b4c7bcd": ["2", "com.ringdroid.RingdroidEditActivity"]}, {"581e16aa53ddda5a407c1d052746b340": ["0", "com.ringdroid.RingdroidSelectActivity"]}, {"722206a9807f0ef22757d5e4a798afbe": ["6", "com.ringdroid.RingdroidSelectActivity"]}, {"581e16aa53ddda5a407c1d052746b340": ["0", "com.ringdroid.RingdroidSelectActivity"]}, {"db9959a017890bfaf11a4f57861c249c": ["5", "com.ringdroid.RingdroidEditActivity"]}, {"30fec0e14390377d25126a38a1c32632": ["3", "com.ringdroid.RingdroidSelectActivity"]}, {"581e16aa53ddda5a407c1d052746b340": ["0", "com.ringdroid.RingdroidSelectActivity"]}, {"722206a9807f0ef22757d5e4a798afbe": ["6", "com.ringdroid.RingdroidSelectActivity"]}, {"30fec0e14390377d25126a38a1c32632": ["3", "com.ringdroid.RingdroidSelectActivity"]}, {"30fec0e14390377d25126a38a1c32632": ["3", "com.ringdroid.RingdroidSelectActivity"]}, {"581e16aa53ddda5a407c1d052746b340": ["0", "com.ringdroid.RingdroidSelectActivity"]}, {"4637fea5c968128a1f83f9a174c4f9c3": ["14", "com.ringdroid.RingdroidSelectActivity"]}, {"bb8f132b796d1f6d013455a41b4c7bcd": ["2", "com.ringdroid.RingdroidEditActivity"]}, {"581e16aa53ddda5a407c1d052746b340": ["0", "com.ringdroid.RingdroidSelectActivity"]}, {"db9959a017890bfaf11a4f57861c249c": ["5", "com.ringdroid.RingdroidEditActivity"]}, {"30fec0e14390377d25126a38a1c32632": ["3", "com.ringdroid.RingdroidSelectActivity"]}, {"581e16aa53ddda5a407c1d052746b340": ["0", "com.ringdroid.RingdroidSelectActivity"]}, {"722206a9807f0ef22757d5e4a798afbe": ["6", "com.ringdroid.RingdroidSelectActivity"]}, {"30fec0e14390377d25126a38a1c32632": ["3", "com.ringdroid.RingdroidSelectActivity"]}, {"30fec0e14390377d25126a38a1c32632": ["3", "com.ringdroid.RingdroidSelectActivity"]}, {"581e16aa53ddda5a407c1d052746b340": ["0", "com.ringdroid.RingdroidSelectActivity"]}, {"b72c9a6fbf57b245253a50a1f5c78fd6": ["21", "com.ringdroid.RingdroidSelectActivity"]}, {"bb8f132b796d1f6d013455a41b4c7bcd": ["2", "com.ringdroid.RingdroidEditActivity"]}, {"581e16aa53ddda5a407c1d052746b340": ["0", "com.ringdroid.RingdroidSelectActivity"]}, {"722206a9807f0ef22757d5e4a798afbe": ["6", "com.ringdroid.RingdroidSelectActivity"]}, {"581e16aa53ddda5a407c1d052746b340": ["0", "com.ringdroid.RingdroidSelectActivity"]}, {"db9959a017890bfaf11a4f57861c249c": ["5", "com.ringdroid.RingdroidEditActivity"]}, {"30fec0e14390377d25126a38a1c32632": ["3", "com.ringdroid.RingdroidSelectActivity"]}, {"581e16aa53ddda5a407c1d052746b340": ["0", "com.ringdroid.RingdroidSelectActivity"]}, {"722206a9807f0ef22757d5e4a798afbe": ["6", "com.ringdroid.RingdroidSelectActivity"]}, {"30fec0e14390377d25126a38a1c32632": ["3", "com.ringdroid.RingdroidSelectActivity"]}, {"30fec0e14390377d25126a38a1c32632": ["3", "com.ringdroid.RingdroidSelectActivity"]}, {"581e16aa53ddda5a407c1d052746b340": ["0", "com.ringdroid.RingdroidSelectActivity"]}, {"e8b14b9b3451d2c972e9fbf4c54163e7": ["16", "com.ringdroid.RingdroidSelectActivity"]}, {"bb8f132b796d1f6d013455a41b4c7bcd": ["2", "com.ringdroid.RingdroidEditActivity"]}, {"581e16aa53ddda5a407c1d052746b340": ["0", "com.ringdroid.RingdroidSelectActivity"]}, {"722206a9807f0ef22757d5e4a798afbe": ["6", "com.ringdroid.RingdroidSelectActivity"]}, {"581e16aa53ddda5a407c1d052746b340": ["0", "com.ringdroid.RingdroidSelectActivity"]}, {"db9959a017890bfaf11a4f57861c249c": ["5", "com.ringdroid.RingdroidEditActivity"]}, {"30fec0e14390377d25126a38a1c32632": ["3", "com.ringdroid.RingdroidSelectActivity"]}, {"581e16aa53ddda5a407c1d052746b340": ["0", "com.ringdroid.RingdroidSelectActivity"]}, {"722206a9807f0ef22757d5e4a798afbe": ["6", "com.ringdroid.RingdroidSelectActivity"]}, {"30fec0e14390377d25126a38a1c32632": ["3", "com.ringdroid.RingdroidSelectActivity"]}, {"30fec0e14390377d25126a38a1c32632": ["3", "com.ringdroid.RingdroidSelectActivity"]}, {"581e16aa53ddda5a407c1d052746b340": ["0", "com.ringdroid.RingdroidSelectActivity"]}, {"4637fea5c968128a1f83f9a174c4f9c3": ["14", "com.ringdroid.RingdroidSelectActivity"]}, {"bb8f132b796d1f6d013455a41b4c7bcd": ["2", "com.ringdroid.RingdroidEditActivity"]}, {"581e16aa53ddda5a407c1d052746b340": ["0", "com.ringdroid.RingdroidSelectActivity"]}, {"722206a9807f0ef22757d5e4a798afbe": ["6", "com.ringdroid.RingdroidSelectActivity"]}, {"581e16aa53ddda5a407c1d052746b340": ["0", "com.ringdroid.RingdroidSelectActivity"]}, {"db9959a017890bfaf11a4f57861c249c": ["5", "com.ringdroid.RingdroidEditActivity"]}, {"30fec0e14390377d25126a38a1c32632": ["3", "com.ringdroid.RingdroidSelectActivity"]}, {"581e16aa53ddda5a407c1d052746b340": ["0", "com.ringdroid.RingdroidSelectActivity"]}, {"722206a9807f0ef22757d5e4a798afbe": ["6", "com.ringdroid.RingdroidSelectActivity"]}, {"30fec0e14390377d25126a38a1c32632": ["3", "com.ringdroid.RingdroidSelectActivity"]}, {"30fec0e14390377d25126a38a1c32632": ["3", "com.ringdroid.RingdroidSelectActivity"]}, {"581e16aa53ddda5a407c1d052746b340": ["0", "com.ringdroid.RingdroidSelectActivity"]}, {"4637fea5c968128a1f83f9a174c4f9c3": ["14", "com.ringdroid.RingdroidSelectActivity"]}, {"bb8f132b796d1f6d013455a41b4c7bcd": ["2", "com.ringdroid.RingdroidEditActivity"]}, {"581e16aa53ddda5a407c1d052746b340": ["0", "com.ringdroid.RingdroidSelectActivity"]}, {"722206a9807f0ef22757d5e4a798afbe": ["6", "com.ringdroid.RingdroidSelectActivity"]}, {"581e16aa53ddda5a407c1d052746b340": ["0", "com.ringdroid.RingdroidSelectActivity"]}, {"db9959a017890bfaf11a4f57861c249c": ["5", "com.ringdroid.RingdroidEditActivity"]}, {"30fec0e14390377d25126a38a1c32632": ["3", "com.ringdroid.RingdroidSelectActivity"]}, {"581e16aa53ddda5a407c1d052746b340": ["0", "com.ringdroid.RingdroidSelectActivity"]}, {"722206a9807f0ef22757d5e4a798afbe": ["6", "com.ringdroid.RingdroidSelectActivity"]}, {"30fec0e14390377d25126a38a1c32632": ["3", "com.ringdroid.RingdroidSelectActivity"]}, {"30fec0e14390377d25126a38a1c32632": ["3", "com.ringdroid.RingdroidSelectActivity"]}, {"581e16aa53ddda5a407c1d052746b340": ["0", "com.ringdroid.RingdroidSelectActivity"]}, {"b72c9a6fbf57b245253a50a1f5c78fd6": ["21", "com.ringdroid.RingdroidSelectActivity"]}, {"bb8f132b796d1f6d013455a41b4c7bcd": ["2", "com.ringdroid.RingdroidEditActivity"]}, {"581e16aa53ddda5a407c1d052746b340": ["0", "com.ringdroid.RingdroidSelectActivity"]}, {"722206a9807f0ef22757d5e4a798afbe": ["6", "com.ringdroid.RingdroidSelectActivity"]}, {"581e16aa53ddda5a407c1d052746b340": ["0", "com.ringdroid.RingdroidSelectActivity"]}, {"db9959a017890bfaf11a4f57861c249c": ["5", "com.ringdroid.RingdroidEditActivity"]}, {"30fec0e14390377d25126a38a1c32632": ["3", "com.ringdroid.RingdroidSelectActivity"]}, {"581e16aa53ddda5a407c1d052746b340": ["0", "com.ringdroid.RingdroidSelectActivity"]}, {"722206a9807f0ef22757d5e4a798afbe": ["6", "com.ringdroid.RingdroidSelectActivity"]}, {"30fec0e14390377d25126a38a1c32632": ["3", "com.ringdroid.RingdroidSelectActivity"]}, {"30fec0e14390377d25126a38a1c32632": ["3", "com.ringdroid.RingdroidSelectActivity"]}, {"581e16aa53ddda5a407c1d052746b340": ["0", "com.ringdroid.RingdroidSelectActivity"]}, {"4637fea5c968128a1f83f9a174c4f9c3": ["14", "com.ringdroid.RingdroidSelectActivity"]}, {"bb8f132b796d1f6d013455a41b4c7bcd": ["2", "com.ringdroid.RingdroidEditActivity"]}, {"581e16aa53ddda5a407c1d052746b340": ["0", "com.ringdroid.RingdroidSelectActivity"]}, {"722206a9807f0ef22757d5e4a798afbe": ["6", "com.ringdroid.RingdroidSelectActivity"]}, {"581e16aa53ddda5a407c1d052746b340": ["0", "com.ringdroid.RingdroidSelectActivity"]}, {"db9959a017890bfaf11a4f57861c249c": ["5", "com.ringdroid.RingdroidEditActivity"]}, {"30fec0e14390377d25126a38a1c32632": ["3", "com.ringdroid.RingdroidSelectActivity"]}, {"581e16aa53ddda5a407c1d052746b340": ["0", "com.ringdroid.RingdroidSelectActivity"]}, {"722206a9807f0ef22757d5e4a798afbe": ["6", "com.ringdroid.RingdroidSelectActivity"]}, {"30fec0e14390377d25126a38a1c32632": ["3", "com.ringdroid.RingdroidSelectActivity"]}, {"30fec0e14390377d25126a38a1c32632": ["3", "com.ringdroid.RingdroidSelectActivity"]}, {"581e16aa53ddda5a407c1d052746b340": ["0", "com.ringdroid.RingdroidSelectActivity"]}, {"e8b14b9b3451d2c972e9fbf4c54163e7": ["16", "com.ringdroid.RingdroidSelectActivity"]}, {"bb8f132b796d1f6d013455a41b4c7bcd": ["2", "com.ringdroid.RingdroidEditActivity"]}, {"4637fea5c968128a1f83f9a174c4f9c3": ["14", "com.ringdroid.RingdroidSelectActivity"]}, {"bb8f132b796d1f6d013455a41b4c7bcd": ["2", "com.ringdroid.RingdroidEditActivity"]}, {"581e16aa53ddda5a407c1d052746b340": ["0", "com.ringdroid.RingdroidSelectActivity"]}, {"722206a9807f0ef22757d5e4a798afbe": ["6", "com.ringdroid.RingdroidSelectActivity"]}, {"581e16aa53ddda5a407c1d052746b340": ["0", "com.ringdroid.RingdroidSelectActivity"]}, {"db9959a017890bfaf11a4f57861c249c": ["5", "com.ringdroid.RingdroidEditActivity"]}, {"30fec0e14390377d25126a38a1c32632": ["3", "com.ringdroid.RingdroidSelectActivity"]}, {"581e16aa53ddda5a407c1d052746b340": ["0", "com.ringdroid.RingdroidSelectActivity"]}, {"722206a9807f0ef22757d5e4a798afbe": ["6", "com.ringdroid.RingdroidSelectActivity"]}, {"30fec0e14390377d25126a38a1c32632": ["3", "com.ringdroid.RingdroidSelectActivity"]}, {"30fec0e14390377d25126a38a1c32632": ["3", "com.ringdroid.RingdroidSelectActivity"]}, {"581e16aa53ddda5a407c1d052746b340": ["0", "com.ringdroid.RingdroidSelectActivity"]}, {"4637fea5c968128a1f83f9a174c4f9c3": ["14", "com.ringdroid.RingdroidSelectActivity"]}, {"bb8f132b796d1f6d013455a41b4c7bcd": ["2", "com.ringdroid.RingdroidEditActivity"]}, {"581e16aa53ddda5a407c1d052746b340": ["0", "com.ringdroid.RingdroidSelectActivity"]}, {"722206a9807f0ef22757d5e4a798afbe": ["6", "com.ringdroid.RingdroidSelectActivity"]}, {"581e16aa53ddda5a407c1d052746b340": ["0", "com.ringdroid.RingdroidSelectActivity"]}, {"db9959a017890bfaf11a4f57861c249c": ["5", "com.ringdroid.RingdroidEditActivity"]}, {"30fec0e14390377d25126a38a1c32632": ["3", "com.ringdroid.RingdroidSelectActivity"]}, {"581e16aa53ddda5a407c1d052746b340": ["0", "com.ringdroid.RingdroidSelectActivity"]}, {"722206a9807f0ef22757d5e4a798afbe": ["6", "com.ringdroid.RingdroidSelectActivity"]}, {"30fec0e14390377d25126a38a1c32632": ["3", "com.ringdroid.RingdroidSelectActivity"]}, {"30fec0e14390377d25126a38a1c32632": ["3", "com.ringdroid.RingdroidSelectActivity"]}, {"581e16aa53ddda5a407c1d052746b340": ["0", "com.ringdroid.RingdroidSelectActivity"]}, {"4637fea5c968128a1f83f9a174c4f9c3": ["14", "com.ringdroid.RingdroidSelectActivity"]}, {"bb8f132b796d1f6d013455a41b4c7bcd": ["2", "com.ringdroid.RingdroidEditActivity"]}, {"883437e751af6ea399ea5d9012dfad29": ["1", "com.ringdroid.RingdroidSelectActivity"]}, {"bb8f132b796d1f6d013455a41b4c7bcd": ["2", "com.ringdroid.RingdroidEditActivity"]}, {"581e16aa53ddda5a407c1d052746b340": ["0", "com.ringdroid.RingdroidSelectActivity"]}, {"db9959a017890bfaf11a4f57861c249c": ["5", "com.ringdroid.RingdroidEditActivity"]}, {"30fec0e14390377d25126a38a1c32632": ["3", "com.ringdroid.RingdroidSelectActivity"]}, {"581e16aa53ddda5a407c1d052746b340": ["0", "com.ringdroid.RingdroidSelectActivity"]}]