[{"978a6d5f7dd4f5fceaab0390a3e8919b": ["0", "hiof.enigma.android.soundboard.Soundboard"]}, {"978a6d5f7dd4f5fceaab0390a3e8919b": ["0", "hiof.enigma.android.soundboard.Soundboard"]}, {"978a6d5f7dd4f5fceaab0390a3e8919b": ["0", "hiof.enigma.android.soundboard.Soundboard"]}, {"978a6d5f7dd4f5fceaab0390a3e8919b": ["0", "hiof.enigma.android.soundboard.Soundboard"]}, {"978a6d5f7dd4f5fceaab0390a3e8919b": ["0", "hiof.enigma.android.soundboard.Soundboard"]}, {"978a6d5f7dd4f5fceaab0390a3e8919b": ["0", "hiof.enigma.android.soundboard.Soundboard"]}, {"978a6d5f7dd4f5fceaab0390a3e8919b": ["0", "hiof.enigma.android.soundboard.Soundboard"]}, {"978a6d5f7dd4f5fceaab0390a3e8919b": ["0", "hiof.enigma.android.soundboard.Soundboard"]}, {"978a6d5f7dd4f5fceaab0390a3e8919b": ["0", "hiof.enigma.android.soundboard.Soundboard"]}, {"978a6d5f7dd4f5fceaab0390a3e8919b": ["0", "hiof.enigma.android.soundboard.Soundboard"]}, {"978a6d5f7dd4f5fceaab0390a3e8919b": ["0", "hiof.enigma.android.soundboard.Soundboard"]}, {"978a6d5f7dd4f5fceaab0390a3e8919b": ["0", "hiof.enigma.android.soundboard.Soundboard"]}, {"978a6d5f7dd4f5fceaab0390a3e8919b": ["0", "hiof.enigma.android.soundboard.Soundboard"]}, {"978a6d5f7dd4f5fceaab0390a3e8919b": ["0", "hiof.enigma.android.soundboard.Soundboard"]}, {"978a6d5f7dd4f5fceaab0390a3e8919b": ["0", "hiof.enigma.android.soundboard.Soundboard"]}, {"978a6d5f7dd4f5fceaab0390a3e8919b": ["0", "hiof.enigma.android.soundboard.Soundboard"]}, {"978a6d5f7dd4f5fceaab0390a3e8919b": ["0", "hiof.enigma.android.soundboard.Soundboard"]}, {"978a6d5f7dd4f5fceaab0390a3e8919b": ["0", "hiof.enigma.android.soundboard.Soundboard"]}, {"978a6d5f7dd4f5fceaab0390a3e8919b": ["0", "hiof.enigma.android.soundboard.Soundboard"]}, {"978a6d5f7dd4f5fceaab0390a3e8919b": ["0", "hiof.enigma.android.soundboard.Soundboard"]}, {"978a6d5f7dd4f5fceaab0390a3e8919b": ["0", "hiof.enigma.android.soundboard.Soundboard"]}, {"978a6d5f7dd4f5fceaab0390a3e8919b": ["0", "hiof.enigma.android.soundboard.Soundboard"]}, {"978a6d5f7dd4f5fceaab0390a3e8919b": ["0", "hiof.enigma.android.soundboard.Soundboard"]}, {"978a6d5f7dd4f5fceaab0390a3e8919b": ["0", "hiof.enigma.android.soundboard.Soundboard"]}, {"978a6d5f7dd4f5fceaab0390a3e8919b": ["0", "hiof.enigma.android.soundboard.Soundboard"]}, {"978a6d5f7dd4f5fceaab0390a3e8919b": ["0", "hiof.enigma.android.soundboard.Soundboard"]}, {"978a6d5f7dd4f5fceaab0390a3e8919b": ["0", "hiof.enigma.android.soundboard.Soundboard"]}, {"978a6d5f7dd4f5fceaab0390a3e8919b": ["0", "hiof.enigma.android.soundboard.Soundboard"]}, {"978a6d5f7dd4f5fceaab0390a3e8919b": ["0", "hiof.enigma.android.soundboard.Soundboard"]}, {"978a6d5f7dd4f5fceaab0390a3e8919b": ["0", "hiof.enigma.android.soundboard.Soundboard"]}, {"978a6d5f7dd4f5fceaab0390a3e8919b": ["0", "hiof.enigma.android.soundboard.Soundboard"]}, {"978a6d5f7dd4f5fceaab0390a3e8919b": ["0", "hiof.enigma.android.soundboard.Soundboard"]}, {"978a6d5f7dd4f5fceaab0390a3e8919b": ["0", "hiof.enigma.android.soundboard.Soundboard"]}, {"978a6d5f7dd4f5fceaab0390a3e8919b": ["0", "hiof.enigma.android.soundboard.Soundboard"]}, {"978a6d5f7dd4f5fceaab0390a3e8919b": ["0", "hiof.enigma.android.soundboard.Soundboard"]}, {"978a6d5f7dd4f5fceaab0390a3e8919b": ["0", "hiof.enigma.android.soundboard.Soundboard"]}, {"978a6d5f7dd4f5fceaab0390a3e8919b": ["0", "hiof.enigma.android.soundboard.Soundboard"]}, {"978a6d5f7dd4f5fceaab0390a3e8919b": ["0", "hiof.enigma.android.soundboard.Soundboard"]}, {"978a6d5f7dd4f5fceaab0390a3e8919b": ["0", "hiof.enigma.android.soundboard.Soundboard"]}, {"978a6d5f7dd4f5fceaab0390a3e8919b": ["0", "hiof.enigma.android.soundboard.Soundboard"]}, {"978a6d5f7dd4f5fceaab0390a3e8919b": ["0", "hiof.enigma.android.soundboard.Soundboard"]}, {"978a6d5f7dd4f5fceaab0390a3e8919b": ["0", "hiof.enigma.android.soundboard.Soundboard"]}, {"978a6d5f7dd4f5fceaab0390a3e8919b": ["0", "hiof.enigma.android.soundboard.Soundboard"]}, {"978a6d5f7dd4f5fceaab0390a3e8919b": ["0", "hiof.enigma.android.soundboard.Soundboard"]}, {"978a6d5f7dd4f5fceaab0390a3e8919b": ["0", "hiof.enigma.android.soundboard.Soundboard"]}, {"978a6d5f7dd4f5fceaab0390a3e8919b": ["0", "hiof.enigma.android.soundboard.Soundboard"]}, {"978a6d5f7dd4f5fceaab0390a3e8919b": ["0", "hiof.enigma.android.soundboard.Soundboard"]}, {"978a6d5f7dd4f5fceaab0390a3e8919b": ["0", "hiof.enigma.android.soundboard.Soundboard"]}, {"978a6d5f7dd4f5fceaab0390a3e8919b": ["0", "hiof.enigma.android.soundboard.Soundboard"]}, {"978a6d5f7dd4f5fceaab0390a3e8919b": ["0", "hiof.enigma.android.soundboard.Soundboard"]}, {"978a6d5f7dd4f5fceaab0390a3e8919b": ["0", "hiof.enigma.android.soundboard.Soundboard"]}, {"978a6d5f7dd4f5fceaab0390a3e8919b": ["0", "hiof.enigma.android.soundboard.Soundboard"]}, {"978a6d5f7dd4f5fceaab0390a3e8919b": ["0", "hiof.enigma.android.soundboard.Soundboard"]}, {"978a6d5f7dd4f5fceaab0390a3e8919b": ["0", "hiof.enigma.android.soundboard.Soundboard"]}, {"978a6d5f7dd4f5fceaab0390a3e8919b": ["0", "hiof.enigma.android.soundboard.Soundboard"]}, {"978a6d5f7dd4f5fceaab0390a3e8919b": ["0", "hiof.enigma.android.soundboard.Soundboard"]}, {"978a6d5f7dd4f5fceaab0390a3e8919b": ["0", "hiof.enigma.android.soundboard.Soundboard"]}, {"978a6d5f7dd4f5fceaab0390a3e8919b": ["0", "hiof.enigma.android.soundboard.Soundboard"]}, {"978a6d5f7dd4f5fceaab0390a3e8919b": ["0", "hiof.enigma.android.soundboard.Soundboard"]}, {"978a6d5f7dd4f5fceaab0390a3e8919b": ["0", "hiof.enigma.android.soundboard.Soundboard"]}, {"978a6d5f7dd4f5fceaab0390a3e8919b": ["0", "hiof.enigma.android.soundboard.Soundboard"]}, {"978a6d5f7dd4f5fceaab0390a3e8919b": ["0", "hiof.enigma.android.soundboard.Soundboard"]}, {"978a6d5f7dd4f5fceaab0390a3e8919b": ["0", "hiof.enigma.android.soundboard.Soundboard"]}, {"978a6d5f7dd4f5fceaab0390a3e8919b": ["0", "hiof.enigma.android.soundboard.Soundboard"]}, {"978a6d5f7dd4f5fceaab0390a3e8919b": ["0", "hiof.enigma.android.soundboard.Soundboard"]}, {"978a6d5f7dd4f5fceaab0390a3e8919b": ["0", "hiof.enigma.android.soundboard.Soundboard"]}, {"978a6d5f7dd4f5fceaab0390a3e8919b": ["0", "hiof.enigma.android.soundboard.Soundboard"]}, {"978a6d5f7dd4f5fceaab0390a3e8919b": ["0", "hiof.enigma.android.soundboard.Soundboard"]}, {"978a6d5f7dd4f5fceaab0390a3e8919b": ["0", "hiof.enigma.android.soundboard.Soundboard"]}, {"978a6d5f7dd4f5fceaab0390a3e8919b": ["0", "hiof.enigma.android.soundboard.Soundboard"]}, {"978a6d5f7dd4f5fceaab0390a3e8919b": ["0", "hiof.enigma.android.soundboard.Soundboard"]}, {"978a6d5f7dd4f5fceaab0390a3e8919b": ["0", "hiof.enigma.android.soundboard.Soundboard"]}, {"978a6d5f7dd4f5fceaab0390a3e8919b": ["0", "hiof.enigma.android.soundboard.Soundboard"]}, {"978a6d5f7dd4f5fceaab0390a3e8919b": ["0", "hiof.enigma.android.soundboard.Soundboard"]}, {"978a6d5f7dd4f5fceaab0390a3e8919b": ["0", "hiof.enigma.android.soundboard.Soundboard"]}, {"978a6d5f7dd4f5fceaab0390a3e8919b": ["0", "hiof.enigma.android.soundboard.Soundboard"]}, {"978a6d5f7dd4f5fceaab0390a3e8919b": ["0", "hiof.enigma.android.soundboard.Soundboard"]}, {"978a6d5f7dd4f5fceaab0390a3e8919b": ["0", "hiof.enigma.android.soundboard.Soundboard"]}, {"978a6d5f7dd4f5fceaab0390a3e8919b": ["0", "hiof.enigma.android.soundboard.Soundboard"]}, {"978a6d5f7dd4f5fceaab0390a3e8919b": ["0", "hiof.enigma.android.soundboard.Soundboard"]}, {"978a6d5f7dd4f5fceaab0390a3e8919b": ["0", "hiof.enigma.android.soundboard.Soundboard"]}, {"978a6d5f7dd4f5fceaab0390a3e8919b": ["0", "hiof.enigma.android.soundboard.Soundboard"]}, {"978a6d5f7dd4f5fceaab0390a3e8919b": ["0", "hiof.enigma.android.soundboard.Soundboard"]}, {"978a6d5f7dd4f5fceaab0390a3e8919b": ["0", "hiof.enigma.android.soundboard.Soundboard"]}, {"978a6d5f7dd4f5fceaab0390a3e8919b": ["0", "hiof.enigma.android.soundboard.Soundboard"]}, {"978a6d5f7dd4f5fceaab0390a3e8919b": ["0", "hiof.enigma.android.soundboard.Soundboard"]}, {"978a6d5f7dd4f5fceaab0390a3e8919b": ["0", "hiof.enigma.android.soundboard.Soundboard"]}, {"978a6d5f7dd4f5fceaab0390a3e8919b": ["0", "hiof.enigma.android.soundboard.Soundboard"]}, {"978a6d5f7dd4f5fceaab0390a3e8919b": ["0", "hiof.enigma.android.soundboard.Soundboard"]}, {"978a6d5f7dd4f5fceaab0390a3e8919b": ["0", "hiof.enigma.android.soundboard.Soundboard"]}, {"978a6d5f7dd4f5fceaab0390a3e8919b": ["0", "hiof.enigma.android.soundboard.Soundboard"]}, {"978a6d5f7dd4f5fceaab0390a3e8919b": ["0", "hiof.enigma.android.soundboard.Soundboard"]}, {"978a6d5f7dd4f5fceaab0390a3e8919b": ["0", "hiof.enigma.android.soundboard.Soundboard"]}, {"978a6d5f7dd4f5fceaab0390a3e8919b": ["0", "hiof.enigma.android.soundboard.Soundboard"]}, {"978a6d5f7dd4f5fceaab0390a3e8919b": ["0", "hiof.enigma.android.soundboard.Soundboard"]}, {"978a6d5f7dd4f5fceaab0390a3e8919b": ["0", "hiof.enigma.android.soundboard.Soundboard"]}, {"978a6d5f7dd4f5fceaab0390a3e8919b": ["0", "hiof.enigma.android.soundboard.Soundboard"]}, {"978a6d5f7dd4f5fceaab0390a3e8919b": ["0", "hiof.enigma.android.soundboard.Soundboard"]}, {"978a6d5f7dd4f5fceaab0390a3e8919b": ["0", "hiof.enigma.android.soundboard.Soundboard"]}, {"978a6d5f7dd4f5fceaab0390a3e8919b": ["0", "hiof.enigma.android.soundboard.Soundboard"]}, {"978a6d5f7dd4f5fceaab0390a3e8919b": ["0", "hiof.enigma.android.soundboard.Soundboard"]}, {"978a6d5f7dd4f5fceaab0390a3e8919b": ["0", "hiof.enigma.android.soundboard.Soundboard"]}, {"978a6d5f7dd4f5fceaab0390a3e8919b": ["0", "hiof.enigma.android.soundboard.Soundboard"]}, {"978a6d5f7dd4f5fceaab0390a3e8919b": ["0", "hiof.enigma.android.soundboard.Soundboard"]}, {"978a6d5f7dd4f5fceaab0390a3e8919b": ["0", "hiof.enigma.android.soundboard.Soundboard"]}, {"978a6d5f7dd4f5fceaab0390a3e8919b": ["0", "hiof.enigma.android.soundboard.Soundboard"]}, {"978a6d5f7dd4f5fceaab0390a3e8919b": ["0", "hiof.enigma.android.soundboard.Soundboard"]}, {"978a6d5f7dd4f5fceaab0390a3e8919b": ["0", "hiof.enigma.android.soundboard.Soundboard"]}, {"978a6d5f7dd4f5fceaab0390a3e8919b": ["0", "hiof.enigma.android.soundboard.Soundboard"]}, {"978a6d5f7dd4f5fceaab0390a3e8919b": ["0", "hiof.enigma.android.soundboard.Soundboard"]}, {"978a6d5f7dd4f5fceaab0390a3e8919b": ["0", "hiof.enigma.android.soundboard.Soundboard"]}, {"978a6d5f7dd4f5fceaab0390a3e8919b": ["0", "hiof.enigma.android.soundboard.Soundboard"]}, {"978a6d5f7dd4f5fceaab0390a3e8919b": ["0", "hiof.enigma.android.soundboard.Soundboard"]}, {"978a6d5f7dd4f5fceaab0390a3e8919b": ["0", "hiof.enigma.android.soundboard.Soundboard"]}, {"978a6d5f7dd4f5fceaab0390a3e8919b": ["0", "hiof.enigma.android.soundboard.Soundboard"]}, {"978a6d5f7dd4f5fceaab0390a3e8919b": ["0", "hiof.enigma.android.soundboard.Soundboard"]}, {"978a6d5f7dd4f5fceaab0390a3e8919b": ["0", "hiof.enigma.android.soundboard.Soundboard"]}, {"978a6d5f7dd4f5fceaab0390a3e8919b": ["0", "hiof.enigma.android.soundboard.Soundboard"]}, {"978a6d5f7dd4f5fceaab0390a3e8919b": ["0", "hiof.enigma.android.soundboard.Soundboard"]}, {"978a6d5f7dd4f5fceaab0390a3e8919b": ["0", "hiof.enigma.android.soundboard.Soundboard"]}, {"978a6d5f7dd4f5fceaab0390a3e8919b": ["0", "hiof.enigma.android.soundboard.Soundboard"]}, {"978a6d5f7dd4f5fceaab0390a3e8919b": ["0", "hiof.enigma.android.soundboard.Soundboard"]}, {"978a6d5f7dd4f5fceaab0390a3e8919b": ["0", "hiof.enigma.android.soundboard.Soundboard"]}, {"978a6d5f7dd4f5fceaab0390a3e8919b": ["0", "hiof.enigma.android.soundboard.Soundboard"]}, {"978a6d5f7dd4f5fceaab0390a3e8919b": ["0", "hiof.enigma.android.soundboard.Soundboard"]}, {"978a6d5f7dd4f5fceaab0390a3e8919b": ["0", "hiof.enigma.android.soundboard.Soundboard"]}, {"978a6d5f7dd4f5fceaab0390a3e8919b": ["0", "hiof.enigma.android.soundboard.Soundboard"]}, {"978a6d5f7dd4f5fceaab0390a3e8919b": ["0", "hiof.enigma.android.soundboard.Soundboard"]}, {"978a6d5f7dd4f5fceaab0390a3e8919b": ["0", "hiof.enigma.android.soundboard.Soundboard"]}, {"978a6d5f7dd4f5fceaab0390a3e8919b": ["0", "hiof.enigma.android.soundboard.Soundboard"]}, {"978a6d5f7dd4f5fceaab0390a3e8919b": ["0", "hiof.enigma.android.soundboard.Soundboard"]}, {"978a6d5f7dd4f5fceaab0390a3e8919b": ["0", "hiof.enigma.android.soundboard.Soundboard"]}, {"978a6d5f7dd4f5fceaab0390a3e8919b": ["0", "hiof.enigma.android.soundboard.Soundboard"]}, {"978a6d5f7dd4f5fceaab0390a3e8919b": ["0", "hiof.enigma.android.soundboard.Soundboard"]}, {"978a6d5f7dd4f5fceaab0390a3e8919b": ["0", "hiof.enigma.android.soundboard.Soundboard"]}, {"978a6d5f7dd4f5fceaab0390a3e8919b": ["0", "hiof.enigma.android.soundboard.Soundboard"]}, {"978a6d5f7dd4f5fceaab0390a3e8919b": ["0", "hiof.enigma.android.soundboard.Soundboard"]}, {"978a6d5f7dd4f5fceaab0390a3e8919b": ["0", "hiof.enigma.android.soundboard.Soundboard"]}, {"978a6d5f7dd4f5fceaab0390a3e8919b": ["0", "hiof.enigma.android.soundboard.Soundboard"]}, {"978a6d5f7dd4f5fceaab0390a3e8919b": ["0", "hiof.enigma.android.soundboard.Soundboard"]}, {"978a6d5f7dd4f5fceaab0390a3e8919b": ["0", "hiof.enigma.android.soundboard.Soundboard"]}, {"978a6d5f7dd4f5fceaab0390a3e8919b": ["0", "hiof.enigma.android.soundboard.Soundboard"]}, {"978a6d5f7dd4f5fceaab0390a3e8919b": ["0", "hiof.enigma.android.soundboard.Soundboard"]}, {"978a6d5f7dd4f5fceaab0390a3e8919b": ["0", "hiof.enigma.android.soundboard.Soundboard"]}, {"978a6d5f7dd4f5fceaab0390a3e8919b": ["0", "hiof.enigma.android.soundboard.Soundboard"]}, {"978a6d5f7dd4f5fceaab0390a3e8919b": ["0", "hiof.enigma.android.soundboard.Soundboard"]}, {"978a6d5f7dd4f5fceaab0390a3e8919b": ["0", "hiof.enigma.android.soundboard.Soundboard"]}, {"978a6d5f7dd4f5fceaab0390a3e8919b": ["0", "hiof.enigma.android.soundboard.Soundboard"]}, {"978a6d5f7dd4f5fceaab0390a3e8919b": ["0", "hiof.enigma.android.soundboard.Soundboard"]}, {"978a6d5f7dd4f5fceaab0390a3e8919b": ["0", "hiof.enigma.android.soundboard.Soundboard"]}, {"978a6d5f7dd4f5fceaab0390a3e8919b": ["0", "hiof.enigma.android.soundboard.Soundboard"]}, {"978a6d5f7dd4f5fceaab0390a3e8919b": ["0", "hiof.enigma.android.soundboard.Soundboard"]}, {"978a6d5f7dd4f5fceaab0390a3e8919b": ["0", "hiof.enigma.android.soundboard.Soundboard"]}, {"978a6d5f7dd4f5fceaab0390a3e8919b": ["0", "hiof.enigma.android.soundboard.Soundboard"]}, {"978a6d5f7dd4f5fceaab0390a3e8919b": ["0", "hiof.enigma.android.soundboard.Soundboard"]}, {"978a6d5f7dd4f5fceaab0390a3e8919b": ["0", "hiof.enigma.android.soundboard.Soundboard"]}, {"978a6d5f7dd4f5fceaab0390a3e8919b": ["0", "hiof.enigma.android.soundboard.Soundboard"]}, {"978a6d5f7dd4f5fceaab0390a3e8919b": ["0", "hiof.enigma.android.soundboard.Soundboard"]}, {"978a6d5f7dd4f5fceaab0390a3e8919b": ["0", "hiof.enigma.android.soundboard.Soundboard"]}, {"978a6d5f7dd4f5fceaab0390a3e8919b": ["0", "hiof.enigma.android.soundboard.Soundboard"]}, {"978a6d5f7dd4f5fceaab0390a3e8919b": ["0", "hiof.enigma.android.soundboard.Soundboard"]}, {"978a6d5f7dd4f5fceaab0390a3e8919b": ["0", "hiof.enigma.android.soundboard.Soundboard"]}, {"978a6d5f7dd4f5fceaab0390a3e8919b": ["0", "hiof.enigma.android.soundboard.Soundboard"]}, {"978a6d5f7dd4f5fceaab0390a3e8919b": ["0", "hiof.enigma.android.soundboard.Soundboard"]}, {"978a6d5f7dd4f5fceaab0390a3e8919b": ["0", "hiof.enigma.android.soundboard.Soundboard"]}, {"978a6d5f7dd4f5fceaab0390a3e8919b": ["0", "hiof.enigma.android.soundboard.Soundboard"]}, {"978a6d5f7dd4f5fceaab0390a3e8919b": ["0", "hiof.enigma.android.soundboard.Soundboard"]}, {"978a6d5f7dd4f5fceaab0390a3e8919b": ["0", "hiof.enigma.android.soundboard.Soundboard"]}, {"978a6d5f7dd4f5fceaab0390a3e8919b": ["0", "hiof.enigma.android.soundboard.Soundboard"]}, {"978a6d5f7dd4f5fceaab0390a3e8919b": ["0", "hiof.enigma.android.soundboard.Soundboard"]}, {"978a6d5f7dd4f5fceaab0390a3e8919b": ["0", "hiof.enigma.android.soundboard.Soundboard"]}, {"978a6d5f7dd4f5fceaab0390a3e8919b": ["0", "hiof.enigma.android.soundboard.Soundboard"]}, {"978a6d5f7dd4f5fceaab0390a3e8919b": ["0", "hiof.enigma.android.soundboard.Soundboard"]}, {"978a6d5f7dd4f5fceaab0390a3e8919b": ["0", "hiof.enigma.android.soundboard.Soundboard"]}, {"978a6d5f7dd4f5fceaab0390a3e8919b": ["0", "hiof.enigma.android.soundboard.Soundboard"]}, {"978a6d5f7dd4f5fceaab0390a3e8919b": ["0", "hiof.enigma.android.soundboard.Soundboard"]}, {"978a6d5f7dd4f5fceaab0390a3e8919b": ["0", "hiof.enigma.android.soundboard.Soundboard"]}, {"978a6d5f7dd4f5fceaab0390a3e8919b": ["0", "hiof.enigma.android.soundboard.Soundboard"]}, {"978a6d5f7dd4f5fceaab0390a3e8919b": ["0", "hiof.enigma.android.soundboard.Soundboard"]}, {"978a6d5f7dd4f5fceaab0390a3e8919b": ["0", "hiof.enigma.android.soundboard.Soundboard"]}, {"978a6d5f7dd4f5fceaab0390a3e8919b": ["0", "hiof.enigma.android.soundboard.Soundboard"]}, {"978a6d5f7dd4f5fceaab0390a3e8919b": ["0", "hiof.enigma.android.soundboard.Soundboard"]}, {"978a6d5f7dd4f5fceaab0390a3e8919b": ["0", "hiof.enigma.android.soundboard.Soundboard"]}, {"978a6d5f7dd4f5fceaab0390a3e8919b": ["0", "hiof.enigma.android.soundboard.Soundboard"]}, {"978a6d5f7dd4f5fceaab0390a3e8919b": ["0", "hiof.enigma.android.soundboard.Soundboard"]}, {"978a6d5f7dd4f5fceaab0390a3e8919b": ["0", "hiof.enigma.android.soundboard.Soundboard"]}, {"978a6d5f7dd4f5fceaab0390a3e8919b": ["0", "hiof.enigma.android.soundboard.Soundboard"]}, {"978a6d5f7dd4f5fceaab0390a3e8919b": ["0", "hiof.enigma.android.soundboard.Soundboard"]}, {"978a6d5f7dd4f5fceaab0390a3e8919b": ["0", "hiof.enigma.android.soundboard.Soundboard"]}, {"978a6d5f7dd4f5fceaab0390a3e8919b": ["0", "hiof.enigma.android.soundboard.Soundboard"]}, {"978a6d5f7dd4f5fceaab0390a3e8919b": ["0", "hiof.enigma.android.soundboard.Soundboard"]}, {"978a6d5f7dd4f5fceaab0390a3e8919b": ["0", "hiof.enigma.android.soundboard.Soundboard"]}, {"978a6d5f7dd4f5fceaab0390a3e8919b": ["0", "hiof.enigma.android.soundboard.Soundboard"]}, {"978a6d5f7dd4f5fceaab0390a3e8919b": ["0", "hiof.enigma.android.soundboard.Soundboard"]}, {"978a6d5f7dd4f5fceaab0390a3e8919b": ["0", "hiof.enigma.android.soundboard.Soundboard"]}, {"978a6d5f7dd4f5fceaab0390a3e8919b": ["0", "hiof.enigma.android.soundboard.Soundboard"]}, {"978a6d5f7dd4f5fceaab0390a3e8919b": ["0", "hiof.enigma.android.soundboard.Soundboard"]}, {"978a6d5f7dd4f5fceaab0390a3e8919b": ["0", "hiof.enigma.android.soundboard.Soundboard"]}, {"978a6d5f7dd4f5fceaab0390a3e8919b": ["0", "hiof.enigma.android.soundboard.Soundboard"]}, {"978a6d5f7dd4f5fceaab0390a3e8919b": ["0", "hiof.enigma.android.soundboard.Soundboard"]}, {"978a6d5f7dd4f5fceaab0390a3e8919b": ["0", "hiof.enigma.android.soundboard.Soundboard"]}, {"978a6d5f7dd4f5fceaab0390a3e8919b": ["0", "hiof.enigma.android.soundboard.Soundboard"]}, {"978a6d5f7dd4f5fceaab0390a3e8919b": ["0", "hiof.enigma.android.soundboard.Soundboard"]}, {"978a6d5f7dd4f5fceaab0390a3e8919b": ["0", "hiof.enigma.android.soundboard.Soundboard"]}, {"978a6d5f7dd4f5fceaab0390a3e8919b": ["0", "hiof.enigma.android.soundboard.Soundboard"]}, {"978a6d5f7dd4f5fceaab0390a3e8919b": ["0", "hiof.enigma.android.soundboard.Soundboard"]}, {"978a6d5f7dd4f5fceaab0390a3e8919b": ["0", "hiof.enigma.android.soundboard.Soundboard"]}, {"978a6d5f7dd4f5fceaab0390a3e8919b": ["0", "hiof.enigma.android.soundboard.Soundboard"]}, {"978a6d5f7dd4f5fceaab0390a3e8919b": ["0", "hiof.enigma.android.soundboard.Soundboard"]}, {"978a6d5f7dd4f5fceaab0390a3e8919b": ["0", "hiof.enigma.android.soundboard.Soundboard"]}, {"978a6d5f7dd4f5fceaab0390a3e8919b": ["0", "hiof.enigma.android.soundboard.Soundboard"]}, {"978a6d5f7dd4f5fceaab0390a3e8919b": ["0", "hiof.enigma.android.soundboard.Soundboard"]}, {"978a6d5f7dd4f5fceaab0390a3e8919b": ["0", "hiof.enigma.android.soundboard.Soundboard"]}, {"978a6d5f7dd4f5fceaab0390a3e8919b": ["0", "hiof.enigma.android.soundboard.Soundboard"]}, {"978a6d5f7dd4f5fceaab0390a3e8919b": ["0", "hiof.enigma.android.soundboard.Soundboard"]}, {"978a6d5f7dd4f5fceaab0390a3e8919b": ["0", "hiof.enigma.android.soundboard.Soundboard"]}, {"978a6d5f7dd4f5fceaab0390a3e8919b": ["0", "hiof.enigma.android.soundboard.Soundboard"]}, {"978a6d5f7dd4f5fceaab0390a3e8919b": ["0", "hiof.enigma.android.soundboard.Soundboard"]}, {"978a6d5f7dd4f5fceaab0390a3e8919b": ["0", "hiof.enigma.android.soundboard.Soundboard"]}, {"978a6d5f7dd4f5fceaab0390a3e8919b": ["0", "hiof.enigma.android.soundboard.Soundboard"]}, {"978a6d5f7dd4f5fceaab0390a3e8919b": ["0", "hiof.enigma.android.soundboard.Soundboard"]}, {"978a6d5f7dd4f5fceaab0390a3e8919b": ["0", "hiof.enigma.android.soundboard.Soundboard"]}, {"978a6d5f7dd4f5fceaab0390a3e8919b": ["0", "hiof.enigma.android.soundboard.Soundboard"]}, {"978a6d5f7dd4f5fceaab0390a3e8919b": ["0", "hiof.enigma.android.soundboard.Soundboard"]}, {"978a6d5f7dd4f5fceaab0390a3e8919b": ["0", "hiof.enigma.android.soundboard.Soundboard"]}, {"978a6d5f7dd4f5fceaab0390a3e8919b": ["0", "hiof.enigma.android.soundboard.Soundboard"]}, {"978a6d5f7dd4f5fceaab0390a3e8919b": ["0", "hiof.enigma.android.soundboard.Soundboard"]}, {"978a6d5f7dd4f5fceaab0390a3e8919b": ["0", "hiof.enigma.android.soundboard.Soundboard"]}, {"978a6d5f7dd4f5fceaab0390a3e8919b": ["0", "hiof.enigma.android.soundboard.Soundboard"]}, {"978a6d5f7dd4f5fceaab0390a3e8919b": ["0", "hiof.enigma.android.soundboard.Soundboard"]}, {"978a6d5f7dd4f5fceaab0390a3e8919b": ["0", "hiof.enigma.android.soundboard.Soundboard"]}, {"978a6d5f7dd4f5fceaab0390a3e8919b": ["0", "hiof.enigma.android.soundboard.Soundboard"]}, {"978a6d5f7dd4f5fceaab0390a3e8919b": ["0", "hiof.enigma.android.soundboard.Soundboard"]}, {"978a6d5f7dd4f5fceaab0390a3e8919b": ["0", "hiof.enigma.android.soundboard.Soundboard"]}, {"978a6d5f7dd4f5fceaab0390a3e8919b": ["0", "hiof.enigma.android.soundboard.Soundboard"]}, {"978a6d5f7dd4f5fceaab0390a3e8919b": ["0", "hiof.enigma.android.soundboard.Soundboard"]}, {"978a6d5f7dd4f5fceaab0390a3e8919b": ["0", "hiof.enigma.android.soundboard.Soundboard"]}, {"978a6d5f7dd4f5fceaab0390a3e8919b": ["0", "hiof.enigma.android.soundboard.Soundboard"]}, {"978a6d5f7dd4f5fceaab0390a3e8919b": ["0", "hiof.enigma.android.soundboard.Soundboard"]}, {"978a6d5f7dd4f5fceaab0390a3e8919b": ["0", "hiof.enigma.android.soundboard.Soundboard"]}, {"978a6d5f7dd4f5fceaab0390a3e8919b": ["0", "hiof.enigma.android.soundboard.Soundboard"]}, {"978a6d5f7dd4f5fceaab0390a3e8919b": ["0", "hiof.enigma.android.soundboard.Soundboard"]}, {"978a6d5f7dd4f5fceaab0390a3e8919b": ["0", "hiof.enigma.android.soundboard.Soundboard"]}, {"978a6d5f7dd4f5fceaab0390a3e8919b": ["0", "hiof.enigma.android.soundboard.Soundboard"]}, {"978a6d5f7dd4f5fceaab0390a3e8919b": ["0", "hiof.enigma.android.soundboard.Soundboard"]}, {"978a6d5f7dd4f5fceaab0390a3e8919b": ["0", "hiof.enigma.android.soundboard.Soundboard"]}, {"978a6d5f7dd4f5fceaab0390a3e8919b": ["0", "hiof.enigma.android.soundboard.Soundboard"]}, {"978a6d5f7dd4f5fceaab0390a3e8919b": ["0", "hiof.enigma.android.soundboard.Soundboard"]}, {"978a6d5f7dd4f5fceaab0390a3e8919b": ["0", "hiof.enigma.android.soundboard.Soundboard"]}, {"978a6d5f7dd4f5fceaab0390a3e8919b": ["0", "hiof.enigma.android.soundboard.Soundboard"]}, {"978a6d5f7dd4f5fceaab0390a3e8919b": ["0", "hiof.enigma.android.soundboard.Soundboard"]}, {"978a6d5f7dd4f5fceaab0390a3e8919b": ["0", "hiof.enigma.android.soundboard.Soundboard"]}, {"978a6d5f7dd4f5fceaab0390a3e8919b": ["0", "hiof.enigma.android.soundboard.Soundboard"]}, {"978a6d5f7dd4f5fceaab0390a3e8919b": ["0", "hiof.enigma.android.soundboard.Soundboard"]}, {"978a6d5f7dd4f5fceaab0390a3e8919b": ["0", "hiof.enigma.android.soundboard.Soundboard"]}, {"978a6d5f7dd4f5fceaab0390a3e8919b": ["0", "hiof.enigma.android.soundboard.Soundboard"]}, {"978a6d5f7dd4f5fceaab0390a3e8919b": ["0", "hiof.enigma.android.soundboard.Soundboard"]}, {"978a6d5f7dd4f5fceaab0390a3e8919b": ["0", "hiof.enigma.android.soundboard.Soundboard"]}, {"978a6d5f7dd4f5fceaab0390a3e8919b": ["0", "hiof.enigma.android.soundboard.Soundboard"]}, {"978a6d5f7dd4f5fceaab0390a3e8919b": ["0", "hiof.enigma.android.soundboard.Soundboard"]}, {"978a6d5f7dd4f5fceaab0390a3e8919b": ["0", "hiof.enigma.android.soundboard.Soundboard"]}, {"978a6d5f7dd4f5fceaab0390a3e8919b": ["0", "hiof.enigma.android.soundboard.Soundboard"]}, {"978a6d5f7dd4f5fceaab0390a3e8919b": ["0", "hiof.enigma.android.soundboard.Soundboard"]}, {"978a6d5f7dd4f5fceaab0390a3e8919b": ["0", "hiof.enigma.android.soundboard.Soundboard"]}, {"978a6d5f7dd4f5fceaab0390a3e8919b": ["0", "hiof.enigma.android.soundboard.Soundboard"]}, {"978a6d5f7dd4f5fceaab0390a3e8919b": ["0", "hiof.enigma.android.soundboard.Soundboard"]}, {"978a6d5f7dd4f5fceaab0390a3e8919b": ["0", "hiof.enigma.android.soundboard.Soundboard"]}, {"978a6d5f7dd4f5fceaab0390a3e8919b": ["0", "hiof.enigma.android.soundboard.Soundboard"]}, {"978a6d5f7dd4f5fceaab0390a3e8919b": ["0", "hiof.enigma.android.soundboard.Soundboard"]}, {"978a6d5f7dd4f5fceaab0390a3e8919b": ["0", "hiof.enigma.android.soundboard.Soundboard"]}, {"978a6d5f7dd4f5fceaab0390a3e8919b": ["0", "hiof.enigma.android.soundboard.Soundboard"]}, {"978a6d5f7dd4f5fceaab0390a3e8919b": ["0", "hiof.enigma.android.soundboard.Soundboard"]}, {"978a6d5f7dd4f5fceaab0390a3e8919b": ["0", "hiof.enigma.android.soundboard.Soundboard"]}, {"978a6d5f7dd4f5fceaab0390a3e8919b": ["0", "hiof.enigma.android.soundboard.Soundboard"]}, {"978a6d5f7dd4f5fceaab0390a3e8919b": ["0", "hiof.enigma.android.soundboard.Soundboard"]}, {"978a6d5f7dd4f5fceaab0390a3e8919b": ["0", "hiof.enigma.android.soundboard.Soundboard"]}, {"978a6d5f7dd4f5fceaab0390a3e8919b": ["0", "hiof.enigma.android.soundboard.Soundboard"]}, {"978a6d5f7dd4f5fceaab0390a3e8919b": ["0", "hiof.enigma.android.soundboard.Soundboard"]}, {"978a6d5f7dd4f5fceaab0390a3e8919b": ["0", "hiof.enigma.android.soundboard.Soundboard"]}, {"978a6d5f7dd4f5fceaab0390a3e8919b": ["0", "hiof.enigma.android.soundboard.Soundboard"]}, {"978a6d5f7dd4f5fceaab0390a3e8919b": ["0", "hiof.enigma.android.soundboard.Soundboard"]}, {"978a6d5f7dd4f5fceaab0390a3e8919b": ["0", "hiof.enigma.android.soundboard.Soundboard"]}, {"978a6d5f7dd4f5fceaab0390a3e8919b": ["0", "hiof.enigma.android.soundboard.Soundboard"]}, {"978a6d5f7dd4f5fceaab0390a3e8919b": ["0", "hiof.enigma.android.soundboard.Soundboard"]}, {"978a6d5f7dd4f5fceaab0390a3e8919b": ["0", "hiof.enigma.android.soundboard.Soundboard"]}, {"978a6d5f7dd4f5fceaab0390a3e8919b": ["0", "hiof.enigma.android.soundboard.Soundboard"]}, {"978a6d5f7dd4f5fceaab0390a3e8919b": ["0", "hiof.enigma.android.soundboard.Soundboard"]}, {"978a6d5f7dd4f5fceaab0390a3e8919b": ["0", "hiof.enigma.android.soundboard.Soundboard"]}, {"978a6d5f7dd4f5fceaab0390a3e8919b": ["0", "hiof.enigma.android.soundboard.Soundboard"]}, {"978a6d5f7dd4f5fceaab0390a3e8919b": ["0", "hiof.enigma.android.soundboard.Soundboard"]}, {"978a6d5f7dd4f5fceaab0390a3e8919b": ["0", "hiof.enigma.android.soundboard.Soundboard"]}, {"978a6d5f7dd4f5fceaab0390a3e8919b": ["0", "hiof.enigma.android.soundboard.Soundboard"]}, {"978a6d5f7dd4f5fceaab0390a3e8919b": ["0", "hiof.enigma.android.soundboard.Soundboard"]}, {"978a6d5f7dd4f5fceaab0390a3e8919b": ["0", "hiof.enigma.android.soundboard.Soundboard"]}, {"978a6d5f7dd4f5fceaab0390a3e8919b": ["0", "hiof.enigma.android.soundboard.Soundboard"]}, {"978a6d5f7dd4f5fceaab0390a3e8919b": ["0", "hiof.enigma.android.soundboard.Soundboard"]}, {"978a6d5f7dd4f5fceaab0390a3e8919b": ["0", "hiof.enigma.android.soundboard.Soundboard"]}, {"978a6d5f7dd4f5fceaab0390a3e8919b": ["0", "hiof.enigma.android.soundboard.Soundboard"]}, {"978a6d5f7dd4f5fceaab0390a3e8919b": ["0", "hiof.enigma.android.soundboard.Soundboard"]}, {"978a6d5f7dd4f5fceaab0390a3e8919b": ["0", "hiof.enigma.android.soundboard.Soundboard"]}, {"978a6d5f7dd4f5fceaab0390a3e8919b": ["0", "hiof.enigma.android.soundboard.Soundboard"]}, {"978a6d5f7dd4f5fceaab0390a3e8919b": ["0", "hiof.enigma.android.soundboard.Soundboard"]}, {"978a6d5f7dd4f5fceaab0390a3e8919b": ["0", "hiof.enigma.android.soundboard.Soundboard"]}, {"978a6d5f7dd4f5fceaab0390a3e8919b": ["0", "hiof.enigma.android.soundboard.Soundboard"]}, {"978a6d5f7dd4f5fceaab0390a3e8919b": ["0", "hiof.enigma.android.soundboard.Soundboard"]}, {"978a6d5f7dd4f5fceaab0390a3e8919b": ["0", "hiof.enigma.android.soundboard.Soundboard"]}, {"978a6d5f7dd4f5fceaab0390a3e8919b": ["0", "hiof.enigma.android.soundboard.Soundboard"]}, {"978a6d5f7dd4f5fceaab0390a3e8919b": ["0", "hiof.enigma.android.soundboard.Soundboard"]}, {"978a6d5f7dd4f5fceaab0390a3e8919b": ["0", "hiof.enigma.android.soundboard.Soundboard"]}, {"978a6d5f7dd4f5fceaab0390a3e8919b": ["0", "hiof.enigma.android.soundboard.Soundboard"]}, {"978a6d5f7dd4f5fceaab0390a3e8919b": ["0", "hiof.enigma.android.soundboard.Soundboard"]}, {"978a6d5f7dd4f5fceaab0390a3e8919b": ["0", "hiof.enigma.android.soundboard.Soundboard"]}, {"978a6d5f7dd4f5fceaab0390a3e8919b": ["0", "hiof.enigma.android.soundboard.Soundboard"]}, {"978a6d5f7dd4f5fceaab0390a3e8919b": ["0", "hiof.enigma.android.soundboard.Soundboard"]}, {"978a6d5f7dd4f5fceaab0390a3e8919b": ["0", "hiof.enigma.android.soundboard.Soundboard"]}, {"978a6d5f7dd4f5fceaab0390a3e8919b": ["0", "hiof.enigma.android.soundboard.Soundboard"]}, {"978a6d5f7dd4f5fceaab0390a3e8919b": ["0", "hiof.enigma.android.soundboard.Soundboard"]}, {"978a6d5f7dd4f5fceaab0390a3e8919b": ["0", "hiof.enigma.android.soundboard.Soundboard"]}, {"978a6d5f7dd4f5fceaab0390a3e8919b": ["0", "hiof.enigma.android.soundboard.Soundboard"]}, {"978a6d5f7dd4f5fceaab0390a3e8919b": ["0", "hiof.enigma.android.soundboard.Soundboard"]}, {"978a6d5f7dd4f5fceaab0390a3e8919b": ["0", "hiof.enigma.android.soundboard.Soundboard"]}, {"978a6d5f7dd4f5fceaab0390a3e8919b": ["0", "hiof.enigma.android.soundboard.Soundboard"]}, {"978a6d5f7dd4f5fceaab0390a3e8919b": ["0", "hiof.enigma.android.soundboard.Soundboard"]}, {"978a6d5f7dd4f5fceaab0390a3e8919b": ["0", "hiof.enigma.android.soundboard.Soundboard"]}, {"978a6d5f7dd4f5fceaab0390a3e8919b": ["0", "hiof.enigma.android.soundboard.Soundboard"]}, {"978a6d5f7dd4f5fceaab0390a3e8919b": ["0", "hiof.enigma.android.soundboard.Soundboard"]}, {"978a6d5f7dd4f5fceaab0390a3e8919b": ["0", "hiof.enigma.android.soundboard.Soundboard"]}, {"978a6d5f7dd4f5fceaab0390a3e8919b": ["0", "hiof.enigma.android.soundboard.Soundboard"]}, {"978a6d5f7dd4f5fceaab0390a3e8919b": ["0", "hiof.enigma.android.soundboard.Soundboard"]}, {"978a6d5f7dd4f5fceaab0390a3e8919b": ["0", "hiof.enigma.android.soundboard.Soundboard"]}, {"978a6d5f7dd4f5fceaab0390a3e8919b": ["0", "hiof.enigma.android.soundboard.Soundboard"]}, {"978a6d5f7dd4f5fceaab0390a3e8919b": ["0", "hiof.enigma.android.soundboard.Soundboard"]}, {"978a6d5f7dd4f5fceaab0390a3e8919b": ["0", "hiof.enigma.android.soundboard.Soundboard"]}, {"978a6d5f7dd4f5fceaab0390a3e8919b": ["0", "hiof.enigma.android.soundboard.Soundboard"]}, {"978a6d5f7dd4f5fceaab0390a3e8919b": ["0", "hiof.enigma.android.soundboard.Soundboard"]}, {"978a6d5f7dd4f5fceaab0390a3e8919b": ["0", "hiof.enigma.android.soundboard.Soundboard"]}, {"978a6d5f7dd4f5fceaab0390a3e8919b": ["0", "hiof.enigma.android.soundboard.Soundboard"]}, {"978a6d5f7dd4f5fceaab0390a3e8919b": ["0", "hiof.enigma.android.soundboard.Soundboard"]}, {"978a6d5f7dd4f5fceaab0390a3e8919b": ["0", "hiof.enigma.android.soundboard.Soundboard"]}, {"978a6d5f7dd4f5fceaab0390a3e8919b": ["0", "hiof.enigma.android.soundboard.Soundboard"]}, {"978a6d5f7dd4f5fceaab0390a3e8919b": ["0", "hiof.enigma.android.soundboard.Soundboard"]}, {"978a6d5f7dd4f5fceaab0390a3e8919b": ["0", "hiof.enigma.android.soundboard.Soundboard"]}, {"978a6d5f7dd4f5fceaab0390a3e8919b": ["0", "hiof.enigma.android.soundboard.Soundboard"]}, {"978a6d5f7dd4f5fceaab0390a3e8919b": ["0", "hiof.enigma.android.soundboard.Soundboard"]}, {"978a6d5f7dd4f5fceaab0390a3e8919b": ["0", "hiof.enigma.android.soundboard.Soundboard"]}, {"978a6d5f7dd4f5fceaab0390a3e8919b": ["0", "hiof.enigma.android.soundboard.Soundboard"]}, {"978a6d5f7dd4f5fceaab0390a3e8919b": ["0", "hiof.enigma.android.soundboard.Soundboard"]}, {"978a6d5f7dd4f5fceaab0390a3e8919b": ["0", "hiof.enigma.android.soundboard.Soundboard"]}, {"978a6d5f7dd4f5fceaab0390a3e8919b": ["0", "hiof.enigma.android.soundboard.Soundboard"]}, {"978a6d5f7dd4f5fceaab0390a3e8919b": ["0", "hiof.enigma.android.soundboard.Soundboard"]}, {"978a6d5f7dd4f5fceaab0390a3e8919b": ["0", "hiof.enigma.android.soundboard.Soundboard"]}, {"978a6d5f7dd4f5fceaab0390a3e8919b": ["0", "hiof.enigma.android.soundboard.Soundboard"]}, {"978a6d5f7dd4f5fceaab0390a3e8919b": ["0", "hiof.enigma.android.soundboard.Soundboard"]}, {"978a6d5f7dd4f5fceaab0390a3e8919b": ["0", "hiof.enigma.android.soundboard.Soundboard"]}, {"978a6d5f7dd4f5fceaab0390a3e8919b": ["0", "hiof.enigma.android.soundboard.Soundboard"]}, {"978a6d5f7dd4f5fceaab0390a3e8919b": ["0", "hiof.enigma.android.soundboard.Soundboard"]}, {"978a6d5f7dd4f5fceaab0390a3e8919b": ["0", "hiof.enigma.android.soundboard.Soundboard"]}, {"978a6d5f7dd4f5fceaab0390a3e8919b": ["0", "hiof.enigma.android.soundboard.Soundboard"]}, {"978a6d5f7dd4f5fceaab0390a3e8919b": ["0", "hiof.enigma.android.soundboard.Soundboard"]}, {"978a6d5f7dd4f5fceaab0390a3e8919b": ["0", "hiof.enigma.android.soundboard.Soundboard"]}, {"978a6d5f7dd4f5fceaab0390a3e8919b": ["0", "hiof.enigma.android.soundboard.Soundboard"]}, {"978a6d5f7dd4f5fceaab0390a3e8919b": ["0", "hiof.enigma.android.soundboard.Soundboard"]}, {"978a6d5f7dd4f5fceaab0390a3e8919b": ["0", "hiof.enigma.android.soundboard.Soundboard"]}, {"978a6d5f7dd4f5fceaab0390a3e8919b": ["0", "hiof.enigma.android.soundboard.Soundboard"]}, {"978a6d5f7dd4f5fceaab0390a3e8919b": ["0", "hiof.enigma.android.soundboard.Soundboard"]}, {"978a6d5f7dd4f5fceaab0390a3e8919b": ["0", "hiof.enigma.android.soundboard.Soundboard"]}, {"978a6d5f7dd4f5fceaab0390a3e8919b": ["0", "hiof.enigma.android.soundboard.Soundboard"]}, {"978a6d5f7dd4f5fceaab0390a3e8919b": ["0", "hiof.enigma.android.soundboard.Soundboard"]}, {"978a6d5f7dd4f5fceaab0390a3e8919b": ["0", "hiof.enigma.android.soundboard.Soundboard"]}, {"978a6d5f7dd4f5fceaab0390a3e8919b": ["0", "hiof.enigma.android.soundboard.Soundboard"]}, {"978a6d5f7dd4f5fceaab0390a3e8919b": ["0", "hiof.enigma.android.soundboard.Soundboard"]}, {"978a6d5f7dd4f5fceaab0390a3e8919b": ["0", "hiof.enigma.android.soundboard.Soundboard"]}, {"978a6d5f7dd4f5fceaab0390a3e8919b": ["0", "hiof.enigma.android.soundboard.Soundboard"]}, {"978a6d5f7dd4f5fceaab0390a3e8919b": ["0", "hiof.enigma.android.soundboard.Soundboard"]}, {"978a6d5f7dd4f5fceaab0390a3e8919b": ["0", "hiof.enigma.android.soundboard.Soundboard"]}, {"978a6d5f7dd4f5fceaab0390a3e8919b": ["0", "hiof.enigma.android.soundboard.Soundboard"]}, {"978a6d5f7dd4f5fceaab0390a3e8919b": ["0", "hiof.enigma.android.soundboard.Soundboard"]}, {"978a6d5f7dd4f5fceaab0390a3e8919b": ["0", "hiof.enigma.android.soundboard.Soundboard"]}, {"978a6d5f7dd4f5fceaab0390a3e8919b": ["0", "hiof.enigma.android.soundboard.Soundboard"]}, {"978a6d5f7dd4f5fceaab0390a3e8919b": ["0", "hiof.enigma.android.soundboard.Soundboard"]}, {"978a6d5f7dd4f5fceaab0390a3e8919b": ["0", "hiof.enigma.android.soundboard.Soundboard"]}, {"978a6d5f7dd4f5fceaab0390a3e8919b": ["0", "hiof.enigma.android.soundboard.Soundboard"]}, {"978a6d5f7dd4f5fceaab0390a3e8919b": ["0", "hiof.enigma.android.soundboard.Soundboard"]}, {"978a6d5f7dd4f5fceaab0390a3e8919b": ["0", "hiof.enigma.android.soundboard.Soundboard"]}, {"978a6d5f7dd4f5fceaab0390a3e8919b": ["0", "hiof.enigma.android.soundboard.Soundboard"]}, {"978a6d5f7dd4f5fceaab0390a3e8919b": ["0", "hiof.enigma.android.soundboard.Soundboard"]}, {"978a6d5f7dd4f5fceaab0390a3e8919b": ["0", "hiof.enigma.android.soundboard.Soundboard"]}, {"978a6d5f7dd4f5fceaab0390a3e8919b": ["0", "hiof.enigma.android.soundboard.Soundboard"]}, {"978a6d5f7dd4f5fceaab0390a3e8919b": ["0", "hiof.enigma.android.soundboard.Soundboard"]}, {"978a6d5f7dd4f5fceaab0390a3e8919b": ["0", "hiof.enigma.android.soundboard.Soundboard"]}, {"978a6d5f7dd4f5fceaab0390a3e8919b": ["0", "hiof.enigma.android.soundboard.Soundboard"]}, {"978a6d5f7dd4f5fceaab0390a3e8919b": ["0", "hiof.enigma.android.soundboard.Soundboard"]}, {"978a6d5f7dd4f5fceaab0390a3e8919b": ["0", "hiof.enigma.android.soundboard.Soundboard"]}, {"978a6d5f7dd4f5fceaab0390a3e8919b": ["0", "hiof.enigma.android.soundboard.Soundboard"]}, {"978a6d5f7dd4f5fceaab0390a3e8919b": ["0", "hiof.enigma.android.soundboard.Soundboard"]}, {"978a6d5f7dd4f5fceaab0390a3e8919b": ["0", "hiof.enigma.android.soundboard.Soundboard"]}, {"978a6d5f7dd4f5fceaab0390a3e8919b": ["0", "hiof.enigma.android.soundboard.Soundboard"]}, {"978a6d5f7dd4f5fceaab0390a3e8919b": ["0", "hiof.enigma.android.soundboard.Soundboard"]}, {"978a6d5f7dd4f5fceaab0390a3e8919b": ["0", "hiof.enigma.android.soundboard.Soundboard"]}, {"978a6d5f7dd4f5fceaab0390a3e8919b": ["0", "hiof.enigma.android.soundboard.Soundboard"]}, {"978a6d5f7dd4f5fceaab0390a3e8919b": ["0", "hiof.enigma.android.soundboard.Soundboard"]}, {"978a6d5f7dd4f5fceaab0390a3e8919b": ["0", "hiof.enigma.android.soundboard.Soundboard"]}, {"978a6d5f7dd4f5fceaab0390a3e8919b": ["0", "hiof.enigma.android.soundboard.Soundboard"]}, {"978a6d5f7dd4f5fceaab0390a3e8919b": ["0", "hiof.enigma.android.soundboard.Soundboard"]}, {"978a6d5f7dd4f5fceaab0390a3e8919b": ["0", "hiof.enigma.android.soundboard.Soundboard"]}, {"978a6d5f7dd4f5fceaab0390a3e8919b": ["0", "hiof.enigma.android.soundboard.Soundboard"]}, {"978a6d5f7dd4f5fceaab0390a3e8919b": ["0", "hiof.enigma.android.soundboard.Soundboard"]}, {"978a6d5f7dd4f5fceaab0390a3e8919b": ["0", "hiof.enigma.android.soundboard.Soundboard"]}, {"978a6d5f7dd4f5fceaab0390a3e8919b": ["0", "hiof.enigma.android.soundboard.Soundboard"]}, {"978a6d5f7dd4f5fceaab0390a3e8919b": ["0", "hiof.enigma.android.soundboard.Soundboard"]}, {"978a6d5f7dd4f5fceaab0390a3e8919b": ["0", "hiof.enigma.android.soundboard.Soundboard"]}, {"978a6d5f7dd4f5fceaab0390a3e8919b": ["0", "hiof.enigma.android.soundboard.Soundboard"]}, {"978a6d5f7dd4f5fceaab0390a3e8919b": ["0", "hiof.enigma.android.soundboard.Soundboard"]}, {"978a6d5f7dd4f5fceaab0390a3e8919b": ["0", "hiof.enigma.android.soundboard.Soundboard"]}, {"978a6d5f7dd4f5fceaab0390a3e8919b": ["0", "hiof.enigma.android.soundboard.Soundboard"]}, {"978a6d5f7dd4f5fceaab0390a3e8919b": ["0", "hiof.enigma.android.soundboard.Soundboard"]}, {"978a6d5f7dd4f5fceaab0390a3e8919b": ["0", "hiof.enigma.android.soundboard.Soundboard"]}, {"978a6d5f7dd4f5fceaab0390a3e8919b": ["0", "hiof.enigma.android.soundboard.Soundboard"]}, {"978a6d5f7dd4f5fceaab0390a3e8919b": ["0", "hiof.enigma.android.soundboard.Soundboard"]}, {"978a6d5f7dd4f5fceaab0390a3e8919b": ["0", "hiof.enigma.android.soundboard.Soundboard"]}, {"978a6d5f7dd4f5fceaab0390a3e8919b": ["0", "hiof.enigma.android.soundboard.Soundboard"]}, {"978a6d5f7dd4f5fceaab0390a3e8919b": ["0", "hiof.enigma.android.soundboard.Soundboard"]}, {"978a6d5f7dd4f5fceaab0390a3e8919b": ["0", "hiof.enigma.android.soundboard.Soundboard"]}, {"978a6d5f7dd4f5fceaab0390a3e8919b": ["0", "hiof.enigma.android.soundboard.Soundboard"]}, {"978a6d5f7dd4f5fceaab0390a3e8919b": ["0", "hiof.enigma.android.soundboard.Soundboard"]}, {"978a6d5f7dd4f5fceaab0390a3e8919b": ["0", "hiof.enigma.android.soundboard.Soundboard"]}, {"978a6d5f7dd4f5fceaab0390a3e8919b": ["0", "hiof.enigma.android.soundboard.Soundboard"]}, {"978a6d5f7dd4f5fceaab0390a3e8919b": ["0", "hiof.enigma.android.soundboard.Soundboard"]}, {"978a6d5f7dd4f5fceaab0390a3e8919b": ["0", "hiof.enigma.android.soundboard.Soundboard"]}, {"978a6d5f7dd4f5fceaab0390a3e8919b": ["0", "hiof.enigma.android.soundboard.Soundboard"]}, {"978a6d5f7dd4f5fceaab0390a3e8919b": ["0", "hiof.enigma.android.soundboard.Soundboard"]}, {"978a6d5f7dd4f5fceaab0390a3e8919b": ["0", "hiof.enigma.android.soundboard.Soundboard"]}, {"978a6d5f7dd4f5fceaab0390a3e8919b": ["0", "hiof.enigma.android.soundboard.Soundboard"]}, {"978a6d5f7dd4f5fceaab0390a3e8919b": ["0", "hiof.enigma.android.soundboard.Soundboard"]}, {"978a6d5f7dd4f5fceaab0390a3e8919b": ["0", "hiof.enigma.android.soundboard.Soundboard"]}, {"978a6d5f7dd4f5fceaab0390a3e8919b": ["0", "hiof.enigma.android.soundboard.Soundboard"]}, {"978a6d5f7dd4f5fceaab0390a3e8919b": ["0", "hiof.enigma.android.soundboard.Soundboard"]}, {"978a6d5f7dd4f5fceaab0390a3e8919b": ["0", "hiof.enigma.android.soundboard.Soundboard"]}, {"978a6d5f7dd4f5fceaab0390a3e8919b": ["0", "hiof.enigma.android.soundboard.Soundboard"]}, {"978a6d5f7dd4f5fceaab0390a3e8919b": ["0", "hiof.enigma.android.soundboard.Soundboard"]}, {"978a6d5f7dd4f5fceaab0390a3e8919b": ["0", "hiof.enigma.android.soundboard.Soundboard"]}, {"978a6d5f7dd4f5fceaab0390a3e8919b": ["0", "hiof.enigma.android.soundboard.Soundboard"]}, {"978a6d5f7dd4f5fceaab0390a3e8919b": ["0", "hiof.enigma.android.soundboard.Soundboard"]}, {"978a6d5f7dd4f5fceaab0390a3e8919b": ["0", "hiof.enigma.android.soundboard.Soundboard"]}, {"978a6d5f7dd4f5fceaab0390a3e8919b": ["0", "hiof.enigma.android.soundboard.Soundboard"]}, {"978a6d5f7dd4f5fceaab0390a3e8919b": ["0", "hiof.enigma.android.soundboard.Soundboard"]}, {"978a6d5f7dd4f5fceaab0390a3e8919b": ["0", "hiof.enigma.android.soundboard.Soundboard"]}, {"978a6d5f7dd4f5fceaab0390a3e8919b": ["0", "hiof.enigma.android.soundboard.Soundboard"]}, {"978a6d5f7dd4f5fceaab0390a3e8919b": ["0", "hiof.enigma.android.soundboard.Soundboard"]}, {"978a6d5f7dd4f5fceaab0390a3e8919b": ["0", "hiof.enigma.android.soundboard.Soundboard"]}, {"978a6d5f7dd4f5fceaab0390a3e8919b": ["0", "hiof.enigma.android.soundboard.Soundboard"]}, {"978a6d5f7dd4f5fceaab0390a3e8919b": ["0", "hiof.enigma.android.soundboard.Soundboard"]}, {"978a6d5f7dd4f5fceaab0390a3e8919b": ["0", "hiof.enigma.android.soundboard.Soundboard"]}, {"978a6d5f7dd4f5fceaab0390a3e8919b": ["0", "hiof.enigma.android.soundboard.Soundboard"]}, {"978a6d5f7dd4f5fceaab0390a3e8919b": ["0", "hiof.enigma.android.soundboard.Soundboard"]}, {"978a6d5f7dd4f5fceaab0390a3e8919b": ["0", "hiof.enigma.android.soundboard.Soundboard"]}, {"978a6d5f7dd4f5fceaab0390a3e8919b": ["0", "hiof.enigma.android.soundboard.Soundboard"]}, {"978a6d5f7dd4f5fceaab0390a3e8919b": ["0", "hiof.enigma.android.soundboard.Soundboard"]}, {"978a6d5f7dd4f5fceaab0390a3e8919b": ["0", "hiof.enigma.android.soundboard.Soundboard"]}, {"978a6d5f7dd4f5fceaab0390a3e8919b": ["0", "hiof.enigma.android.soundboard.Soundboard"]}, {"978a6d5f7dd4f5fceaab0390a3e8919b": ["0", "hiof.enigma.android.soundboard.Soundboard"]}, {"978a6d5f7dd4f5fceaab0390a3e8919b": ["0", "hiof.enigma.android.soundboard.Soundboard"]}, {"978a6d5f7dd4f5fceaab0390a3e8919b": ["0", "hiof.enigma.android.soundboard.Soundboard"]}, {"978a6d5f7dd4f5fceaab0390a3e8919b": ["0", "hiof.enigma.android.soundboard.Soundboard"]}, {"978a6d5f7dd4f5fceaab0390a3e8919b": ["0", "hiof.enigma.android.soundboard.Soundboard"]}, {"978a6d5f7dd4f5fceaab0390a3e8919b": ["0", "hiof.enigma.android.soundboard.Soundboard"]}, {"978a6d5f7dd4f5fceaab0390a3e8919b": ["0", "hiof.enigma.android.soundboard.Soundboard"]}, {"978a6d5f7dd4f5fceaab0390a3e8919b": ["0", "hiof.enigma.android.soundboard.Soundboard"]}, {"978a6d5f7dd4f5fceaab0390a3e8919b": ["0", "hiof.enigma.android.soundboard.Soundboard"]}, {"978a6d5f7dd4f5fceaab0390a3e8919b": ["0", "hiof.enigma.android.soundboard.Soundboard"]}, {"978a6d5f7dd4f5fceaab0390a3e8919b": ["0", "hiof.enigma.android.soundboard.Soundboard"]}, {"978a6d5f7dd4f5fceaab0390a3e8919b": ["0", "hiof.enigma.android.soundboard.Soundboard"]}, {"978a6d5f7dd4f5fceaab0390a3e8919b": ["0", "hiof.enigma.android.soundboard.Soundboard"]}, {"978a6d5f7dd4f5fceaab0390a3e8919b": ["0", "hiof.enigma.android.soundboard.Soundboard"]}, {"978a6d5f7dd4f5fceaab0390a3e8919b": ["0", "hiof.enigma.android.soundboard.Soundboard"]}, {"978a6d5f7dd4f5fceaab0390a3e8919b": ["0", "hiof.enigma.android.soundboard.Soundboard"]}, {"978a6d5f7dd4f5fceaab0390a3e8919b": ["0", "hiof.enigma.android.soundboard.Soundboard"]}, {"978a6d5f7dd4f5fceaab0390a3e8919b": ["0", "hiof.enigma.android.soundboard.Soundboard"]}, {"978a6d5f7dd4f5fceaab0390a3e8919b": ["0", "hiof.enigma.android.soundboard.Soundboard"]}, {"978a6d5f7dd4f5fceaab0390a3e8919b": ["0", "hiof.enigma.android.soundboard.Soundboard"]}, {"978a6d5f7dd4f5fceaab0390a3e8919b": ["0", "hiof.enigma.android.soundboard.Soundboard"]}, {"978a6d5f7dd4f5fceaab0390a3e8919b": ["0", "hiof.enigma.android.soundboard.Soundboard"]}, {"978a6d5f7dd4f5fceaab0390a3e8919b": ["0", "hiof.enigma.android.soundboard.Soundboard"]}, {"978a6d5f7dd4f5fceaab0390a3e8919b": ["0", "hiof.enigma.android.soundboard.Soundboard"]}, {"978a6d5f7dd4f5fceaab0390a3e8919b": ["0", "hiof.enigma.android.soundboard.Soundboard"]}, {"978a6d5f7dd4f5fceaab0390a3e8919b": ["0", "hiof.enigma.android.soundboard.Soundboard"]}, {"978a6d5f7dd4f5fceaab0390a3e8919b": ["0", "hiof.enigma.android.soundboard.Soundboard"]}, {"978a6d5f7dd4f5fceaab0390a3e8919b": ["0", "hiof.enigma.android.soundboard.Soundboard"]}, {"978a6d5f7dd4f5fceaab0390a3e8919b": ["0", "hiof.enigma.android.soundboard.Soundboard"]}, {"978a6d5f7dd4f5fceaab0390a3e8919b": ["0", "hiof.enigma.android.soundboard.Soundboard"]}, {"978a6d5f7dd4f5fceaab0390a3e8919b": ["0", "hiof.enigma.android.soundboard.Soundboard"]}, {"978a6d5f7dd4f5fceaab0390a3e8919b": ["0", "hiof.enigma.android.soundboard.Soundboard"]}, {"978a6d5f7dd4f5fceaab0390a3e8919b": ["0", "hiof.enigma.android.soundboard.Soundboard"]}, {"978a6d5f7dd4f5fceaab0390a3e8919b": ["0", "hiof.enigma.android.soundboard.Soundboard"]}, {"978a6d5f7dd4f5fceaab0390a3e8919b": ["0", "hiof.enigma.android.soundboard.Soundboard"]}, {"978a6d5f7dd4f5fceaab0390a3e8919b": ["0", "hiof.enigma.android.soundboard.Soundboard"]}, {"978a6d5f7dd4f5fceaab0390a3e8919b": ["0", "hiof.enigma.android.soundboard.Soundboard"]}, {"978a6d5f7dd4f5fceaab0390a3e8919b": ["0", "hiof.enigma.android.soundboard.Soundboard"]}, {"978a6d5f7dd4f5fceaab0390a3e8919b": ["0", "hiof.enigma.android.soundboard.Soundboard"]}, {"978a6d5f7dd4f5fceaab0390a3e8919b": ["0", "hiof.enigma.android.soundboard.Soundboard"]}, {"978a6d5f7dd4f5fceaab0390a3e8919b": ["0", "hiof.enigma.android.soundboard.Soundboard"]}, {"978a6d5f7dd4f5fceaab0390a3e8919b": ["0", "hiof.enigma.android.soundboard.Soundboard"]}, {"978a6d5f7dd4f5fceaab0390a3e8919b": ["0", "hiof.enigma.android.soundboard.Soundboard"]}, {"978a6d5f7dd4f5fceaab0390a3e8919b": ["0", "hiof.enigma.android.soundboard.Soundboard"]}, {"978a6d5f7dd4f5fceaab0390a3e8919b": ["0", "hiof.enigma.android.soundboard.Soundboard"]}, {"978a6d5f7dd4f5fceaab0390a3e8919b": ["0", "hiof.enigma.android.soundboard.Soundboard"]}, {"978a6d5f7dd4f5fceaab0390a3e8919b": ["0", "hiof.enigma.android.soundboard.Soundboard"]}, {"978a6d5f7dd4f5fceaab0390a3e8919b": ["0", "hiof.enigma.android.soundboard.Soundboard"]}, {"978a6d5f7dd4f5fceaab0390a3e8919b": ["0", "hiof.enigma.android.soundboard.Soundboard"]}, {"978a6d5f7dd4f5fceaab0390a3e8919b": ["0", "hiof.enigma.android.soundboard.Soundboard"]}, {"978a6d5f7dd4f5fceaab0390a3e8919b": ["0", "hiof.enigma.android.soundboard.Soundboard"]}, {"978a6d5f7dd4f5fceaab0390a3e8919b": ["0", "hiof.enigma.android.soundboard.Soundboard"]}, {"978a6d5f7dd4f5fceaab0390a3e8919b": ["0", "hiof.enigma.android.soundboard.Soundboard"]}, {"978a6d5f7dd4f5fceaab0390a3e8919b": ["0", "hiof.enigma.android.soundboard.Soundboard"]}, {"978a6d5f7dd4f5fceaab0390a3e8919b": ["0", "hiof.enigma.android.soundboard.Soundboard"]}, {"978a6d5f7dd4f5fceaab0390a3e8919b": ["0", "hiof.enigma.android.soundboard.Soundboard"]}, {"978a6d5f7dd4f5fceaab0390a3e8919b": ["0", "hiof.enigma.android.soundboard.Soundboard"]}, {"978a6d5f7dd4f5fceaab0390a3e8919b": ["0", "hiof.enigma.android.soundboard.Soundboard"]}, {"978a6d5f7dd4f5fceaab0390a3e8919b": ["0", "hiof.enigma.android.soundboard.Soundboard"]}, {"978a6d5f7dd4f5fceaab0390a3e8919b": ["0", "hiof.enigma.android.soundboard.Soundboard"]}, {"978a6d5f7dd4f5fceaab0390a3e8919b": ["0", "hiof.enigma.android.soundboard.Soundboard"]}, {"978a6d5f7dd4f5fceaab0390a3e8919b": ["0", "hiof.enigma.android.soundboard.Soundboard"]}, {"978a6d5f7dd4f5fceaab0390a3e8919b": ["0", "hiof.enigma.android.soundboard.Soundboard"]}, {"978a6d5f7dd4f5fceaab0390a3e8919b": ["0", "hiof.enigma.android.soundboard.Soundboard"]}, {"978a6d5f7dd4f5fceaab0390a3e8919b": ["0", "hiof.enigma.android.soundboard.Soundboard"]}, {"978a6d5f7dd4f5fceaab0390a3e8919b": ["0", "hiof.enigma.android.soundboard.Soundboard"]}, {"978a6d5f7dd4f5fceaab0390a3e8919b": ["0", "hiof.enigma.android.soundboard.Soundboard"]}, {"978a6d5f7dd4f5fceaab0390a3e8919b": ["0", "hiof.enigma.android.soundboard.Soundboard"]}, {"978a6d5f7dd4f5fceaab0390a3e8919b": ["0", "hiof.enigma.android.soundboard.Soundboard"]}, {"978a6d5f7dd4f5fceaab0390a3e8919b": ["0", "hiof.enigma.android.soundboard.Soundboard"]}, {"978a6d5f7dd4f5fceaab0390a3e8919b": ["0", "hiof.enigma.android.soundboard.Soundboard"]}, {"978a6d5f7dd4f5fceaab0390a3e8919b": ["0", "hiof.enigma.android.soundboard.Soundboard"]}, {"978a6d5f7dd4f5fceaab0390a3e8919b": ["0", "hiof.enigma.android.soundboard.Soundboard"]}, {"978a6d5f7dd4f5fceaab0390a3e8919b": ["0", "hiof.enigma.android.soundboard.Soundboard"]}, {"978a6d5f7dd4f5fceaab0390a3e8919b": ["0", "hiof.enigma.android.soundboard.Soundboard"]}, {"978a6d5f7dd4f5fceaab0390a3e8919b": ["0", "hiof.enigma.android.soundboard.Soundboard"]}, {"978a6d5f7dd4f5fceaab0390a3e8919b": ["0", "hiof.enigma.android.soundboard.Soundboard"]}, {"978a6d5f7dd4f5fceaab0390a3e8919b": ["0", "hiof.enigma.android.soundboard.Soundboard"]}, {"978a6d5f7dd4f5fceaab0390a3e8919b": ["0", "hiof.enigma.android.soundboard.Soundboard"]}, {"978a6d5f7dd4f5fceaab0390a3e8919b": ["0", "hiof.enigma.android.soundboard.Soundboard"]}, {"978a6d5f7dd4f5fceaab0390a3e8919b": ["0", "hiof.enigma.android.soundboard.Soundboard"]}, {"978a6d5f7dd4f5fceaab0390a3e8919b": ["0", "hiof.enigma.android.soundboard.Soundboard"]}, {"978a6d5f7dd4f5fceaab0390a3e8919b": ["0", "hiof.enigma.android.soundboard.Soundboard"]}, {"978a6d5f7dd4f5fceaab0390a3e8919b": ["0", "hiof.enigma.android.soundboard.Soundboard"]}, {"978a6d5f7dd4f5fceaab0390a3e8919b": ["0", "hiof.enigma.android.soundboard.Soundboard"]}, {"978a6d5f7dd4f5fceaab0390a3e8919b": ["0", "hiof.enigma.android.soundboard.Soundboard"]}, {"978a6d5f7dd4f5fceaab0390a3e8919b": ["0", "hiof.enigma.android.soundboard.Soundboard"]}, {"978a6d5f7dd4f5fceaab0390a3e8919b": ["0", "hiof.enigma.android.soundboard.Soundboard"]}, {"978a6d5f7dd4f5fceaab0390a3e8919b": ["0", "hiof.enigma.android.soundboard.Soundboard"]}, {"978a6d5f7dd4f5fceaab0390a3e8919b": ["0", "hiof.enigma.android.soundboard.Soundboard"]}, {"978a6d5f7dd4f5fceaab0390a3e8919b": ["0", "hiof.enigma.android.soundboard.Soundboard"]}, {"978a6d5f7dd4f5fceaab0390a3e8919b": ["0", "hiof.enigma.android.soundboard.Soundboard"]}]