[{"0bb285c39bf916683722a97f238be057": ["0", "org.tomdroid.ui.Tomdroid"]}, {"289d46eca5c2e02e7878bf72ca5ffdbd": ["1", "org.tomdroid.ui.Tomdroid"]}, {"289d46eca5c2e02e7878bf72ca5ffdbd": ["1", "org.tomdroid.ui.Tomdroid"]}, {"06a886bda2dc1121283f99f73e011787": ["2", "org.tomdroid.ui.ViewNote"]}, {"06a886bda2dc1121283f99f73e011787": ["2", "org.tomdroid.ui.ViewNote"]}, {"06a886bda2dc1121283f99f73e011787": ["2", "org.tomdroid.ui.ViewNote"]}, {"06a886bda2dc1121283f99f73e011787": ["2", "org.tomdroid.ui.ViewNote"]}, {"06a886bda2dc1121283f99f73e011787": ["2", "org.tomdroid.ui.ViewNote"]}, {"06a886bda2dc1121283f99f73e011787": ["2", "org.tomdroid.ui.ViewNote"]}, {"06a886bda2dc1121283f99f73e011787": ["2", "org.tomdroid.ui.ViewNote"]}, {"06a886bda2dc1121283f99f73e011787": ["2", "org.tomdroid.ui.ViewNote"]}, {"06a886bda2dc1121283f99f73e011787": ["2", "org.tomdroid.ui.ViewNote"]}, {"06a886bda2dc1121283f99f73e011787": ["2", "org.tomdroid.ui.ViewNote"]}, {"06a886bda2dc1121283f99f73e011787": ["2", "org.tomdroid.ui.ViewNote"]}, {"06a886bda2dc1121283f99f73e011787": ["2", "org.tomdroid.ui.ViewNote"]}, {"06a886bda2dc1121283f99f73e011787": ["2", "org.tomdroid.ui.ViewNote"]}, {"06a886bda2dc1121283f99f73e011787": ["2", "org.tomdroid.ui.ViewNote"]}, {"06a886bda2dc1121283f99f73e011787": ["2", "org.tomdroid.ui.ViewNote"]}, {"06a886bda2dc1121283f99f73e011787": ["2", "org.tomdroid.ui.ViewNote"]}, {"06a886bda2dc1121283f99f73e011787": ["2", "org.tomdroid.ui.ViewNote"]}, {"06a886bda2dc1121283f99f73e011787": ["2", "org.tomdroid.ui.ViewNote"]}, {"06a886bda2dc1121283f99f73e011787": ["2", "org.tomdroid.ui.ViewNote"]}, {"06a886bda2dc1121283f99f73e011787": ["2", "org.tomdroid.ui.ViewNote"]}, {"06a886bda2dc1121283f99f73e011787": ["2", "org.tomdroid.ui.ViewNote"]}, {"06a886bda2dc1121283f99f73e011787": ["2", "org.tomdroid.ui.ViewNote"]}, {"06a886bda2dc1121283f99f73e011787": ["2", "org.tomdroid.ui.ViewNote"]}, {"06a886bda2dc1121283f99f73e011787": ["2", "org.tomdroid.ui.ViewNote"]}, {"289d46eca5c2e02e7878bf72ca5ffdbd": ["1", "org.tomdroid.ui.Tomdroid"]}, {"289d46eca5c2e02e7878bf72ca5ffdbd": ["1", "org.tomdroid.ui.Tomdroid"]}, {"06a886bda2dc1121283f99f73e011787": ["2", "org.tomdroid.ui.ViewNote"]}, {"06a886bda2dc1121283f99f73e011787": ["2", "org.tomdroid.ui.ViewNote"]}, {"06a886bda2dc1121283f99f73e011787": ["2", "org.tomdroid.ui.ViewNote"]}, {"06a886bda2dc1121283f99f73e011787": ["2", "org.tomdroid.ui.ViewNote"]}, {"06a886bda2dc1121283f99f73e011787": ["2", "org.tomdroid.ui.ViewNote"]}, {"06a886bda2dc1121283f99f73e011787": ["2", "org.tomdroid.ui.ViewNote"]}, {"06a886bda2dc1121283f99f73e011787": ["2", "org.tomdroid.ui.ViewNote"]}, {"06a886bda2dc1121283f99f73e011787": ["2", "org.tomdroid.ui.ViewNote"]}, {"06a886bda2dc1121283f99f73e011787": ["2", "org.tomdroid.ui.ViewNote"]}, {"06a886bda2dc1121283f99f73e011787": ["2", "org.tomdroid.ui.ViewNote"]}, {"06a886bda2dc1121283f99f73e011787": ["2", "org.tomdroid.ui.ViewNote"]}, {"06a886bda2dc1121283f99f73e011787": ["2", "org.tomdroid.ui.ViewNote"]}, {"06a886bda2dc1121283f99f73e011787": ["2", "org.tomdroid.ui.ViewNote"]}, {"06a886bda2dc1121283f99f73e011787": ["2", "org.tomdroid.ui.ViewNote"]}, {"06a886bda2dc1121283f99f73e011787": ["2", "org.tomdroid.ui.ViewNote"]}, {"06a886bda2dc1121283f99f73e011787": ["2", "org.tomdroid.ui.ViewNote"]}, {"06a886bda2dc1121283f99f73e011787": ["2", "org.tomdroid.ui.ViewNote"]}, {"06a886bda2dc1121283f99f73e011787": ["2", "org.tomdroid.ui.ViewNote"]}, {"06a886bda2dc1121283f99f73e011787": ["2", "org.tomdroid.ui.ViewNote"]}, {"06a886bda2dc1121283f99f73e011787": ["2", "org.tomdroid.ui.ViewNote"]}, {"06a886bda2dc1121283f99f73e011787": ["2", "org.tomdroid.ui.ViewNote"]}, {"06a886bda2dc1121283f99f73e011787": ["2", "org.tomdroid.ui.ViewNote"]}, {"06a886bda2dc1121283f99f73e011787": ["2", "org.tomdroid.ui.ViewNote"]}, {"06a886bda2dc1121283f99f73e011787": ["2", "org.tomdroid.ui.ViewNote"]}, {"06a886bda2dc1121283f99f73e011787": ["2", "org.tomdroid.ui.ViewNote"]}, {"06a886bda2dc1121283f99f73e011787": ["2", "org.tomdroid.ui.ViewNote"]}, {"06a886bda2dc1121283f99f73e011787": ["2", "org.tomdroid.ui.ViewNote"]}, {"06a886bda2dc1121283f99f73e011787": ["2", "org.tomdroid.ui.ViewNote"]}, {"06a886bda2dc1121283f99f73e011787": ["2", "org.tomdroid.ui.ViewNote"]}, {"06a886bda2dc1121283f99f73e011787": ["2", "org.tomdroid.ui.ViewNote"]}, {"06a886bda2dc1121283f99f73e011787": ["2", "org.tomdroid.ui.ViewNote"]}, {"06a886bda2dc1121283f99f73e011787": ["2", "org.tomdroid.ui.ViewNote"]}, {"06a886bda2dc1121283f99f73e011787": ["2", "org.tomdroid.ui.ViewNote"]}, {"289d46eca5c2e02e7878bf72ca5ffdbd": ["1", "org.tomdroid.ui.Tomdroid"]}, {"06a886bda2dc1121283f99f73e011787": ["2", "org.tomdroid.ui.ViewNote"]}, {"06a886bda2dc1121283f99f73e011787": ["2", "org.tomdroid.ui.ViewNote"]}, {"06a886bda2dc1121283f99f73e011787": ["2", "org.tomdroid.ui.ViewNote"]}, {"06a886bda2dc1121283f99f73e011787": ["2", "org.tomdroid.ui.ViewNote"]}, {"06a886bda2dc1121283f99f73e011787": ["2", "org.tomdroid.ui.ViewNote"]}, {"06a886bda2dc1121283f99f73e011787": ["2", "org.tomdroid.ui.ViewNote"]}, {"06a886bda2dc1121283f99f73e011787": ["2", "org.tomdroid.ui.ViewNote"]}, {"06a886bda2dc1121283f99f73e011787": ["2", "org.tomdroid.ui.ViewNote"]}, {"06a886bda2dc1121283f99f73e011787": ["2", "org.tomdroid.ui.ViewNote"]}, {"06a886bda2dc1121283f99f73e011787": ["2", "org.tomdroid.ui.ViewNote"]}, {"06a886bda2dc1121283f99f73e011787": ["2", "org.tomdroid.ui.ViewNote"]}, {"06a886bda2dc1121283f99f73e011787": ["2", "org.tomdroid.ui.ViewNote"]}, {"06a886bda2dc1121283f99f73e011787": ["2", "org.tomdroid.ui.ViewNote"]}, {"06a886bda2dc1121283f99f73e011787": ["2", "org.tomdroid.ui.ViewNote"]}, {"06a886bda2dc1121283f99f73e011787": ["2", "org.tomdroid.ui.ViewNote"]}, {"06a886bda2dc1121283f99f73e011787": ["2", "org.tomdroid.ui.ViewNote"]}, {"06a886bda2dc1121283f99f73e011787": ["2", "org.tomdroid.ui.ViewNote"]}, {"06a886bda2dc1121283f99f73e011787": ["2", "org.tomdroid.ui.ViewNote"]}, {"06a886bda2dc1121283f99f73e011787": ["2", "org.tomdroid.ui.ViewNote"]}, {"06a886bda2dc1121283f99f73e011787": ["2", "org.tomdroid.ui.ViewNote"]}, {"06a886bda2dc1121283f99f73e011787": ["2", "org.tomdroid.ui.ViewNote"]}, {"06a886bda2dc1121283f99f73e011787": ["2", "org.tomdroid.ui.ViewNote"]}, {"06a886bda2dc1121283f99f73e011787": ["2", "org.tomdroid.ui.ViewNote"]}, {"06a886bda2dc1121283f99f73e011787": ["2", "org.tomdroid.ui.ViewNote"]}, {"06a886bda2dc1121283f99f73e011787": ["2", "org.tomdroid.ui.ViewNote"]}, {"06a886bda2dc1121283f99f73e011787": ["2", "org.tomdroid.ui.ViewNote"]}, {"06a886bda2dc1121283f99f73e011787": ["2", "org.tomdroid.ui.ViewNote"]}, {"06a886bda2dc1121283f99f73e011787": ["2", "org.tomdroid.ui.ViewNote"]}, {"06a886bda2dc1121283f99f73e011787": ["2", "org.tomdroid.ui.ViewNote"]}, {"06a886bda2dc1121283f99f73e011787": ["2", "org.tomdroid.ui.ViewNote"]}, {"06a886bda2dc1121283f99f73e011787": ["2", "org.tomdroid.ui.ViewNote"]}, {"06a886bda2dc1121283f99f73e011787": ["2", "org.tomdroid.ui.ViewNote"]}, {"06a886bda2dc1121283f99f73e011787": ["2", "org.tomdroid.ui.ViewNote"]}, {"06a886bda2dc1121283f99f73e011787": ["2", "org.tomdroid.ui.ViewNote"]}, {"06a886bda2dc1121283f99f73e011787": ["2", "org.tomdroid.ui.ViewNote"]}, {"06a886bda2dc1121283f99f73e011787": ["2", "org.tomdroid.ui.ViewNote"]}, {"06a886bda2dc1121283f99f73e011787": ["2", "org.tomdroid.ui.ViewNote"]}, {"06a886bda2dc1121283f99f73e011787": ["2", "org.tomdroid.ui.ViewNote"]}, {"06a886bda2dc1121283f99f73e011787": ["2", "org.tomdroid.ui.ViewNote"]}, {"06a886bda2dc1121283f99f73e011787": ["2", "org.tomdroid.ui.ViewNote"]}, {"06a886bda2dc1121283f99f73e011787": ["2", "org.tomdroid.ui.ViewNote"]}, {"06a886bda2dc1121283f99f73e011787": ["2", "org.tomdroid.ui.ViewNote"]}, {"06a886bda2dc1121283f99f73e011787": ["2", "org.tomdroid.ui.ViewNote"]}, {"06a886bda2dc1121283f99f73e011787": ["2", "org.tomdroid.ui.ViewNote"]}, {"06a886bda2dc1121283f99f73e011787": ["2", "org.tomdroid.ui.ViewNote"]}, {"06a886bda2dc1121283f99f73e011787": ["2", "org.tomdroid.ui.ViewNote"]}, {"06a886bda2dc1121283f99f73e011787": ["2", "org.tomdroid.ui.ViewNote"]}, {"06a886bda2dc1121283f99f73e011787": ["2", "org.tomdroid.ui.ViewNote"]}, {"06a886bda2dc1121283f99f73e011787": ["2", "org.tomdroid.ui.ViewNote"]}, {"06a886bda2dc1121283f99f73e011787": ["2", "org.tomdroid.ui.ViewNote"]}, {"289d46eca5c2e02e7878bf72ca5ffdbd": ["1", "org.tomdroid.ui.Tomdroid"]}, {"06a886bda2dc1121283f99f73e011787": ["2", "org.tomdroid.ui.ViewNote"]}, {"06a886bda2dc1121283f99f73e011787": ["2", "org.tomdroid.ui.ViewNote"]}, {"06a886bda2dc1121283f99f73e011787": ["2", "org.tomdroid.ui.ViewNote"]}, {"06a886bda2dc1121283f99f73e011787": ["2", "org.tomdroid.ui.ViewNote"]}, {"06a886bda2dc1121283f99f73e011787": ["2", "org.tomdroid.ui.ViewNote"]}, {"06a886bda2dc1121283f99f73e011787": ["2", "org.tomdroid.ui.ViewNote"]}, {"06a886bda2dc1121283f99f73e011787": ["2", "org.tomdroid.ui.ViewNote"]}, {"06a886bda2dc1121283f99f73e011787": ["2", "org.tomdroid.ui.ViewNote"]}, {"06a886bda2dc1121283f99f73e011787": ["2", "org.tomdroid.ui.ViewNote"]}, {"06a886bda2dc1121283f99f73e011787": ["2", "org.tomdroid.ui.ViewNote"]}, {"06a886bda2dc1121283f99f73e011787": ["2", "org.tomdroid.ui.ViewNote"]}, {"06a886bda2dc1121283f99f73e011787": ["2", "org.tomdroid.ui.ViewNote"]}, {"06a886bda2dc1121283f99f73e011787": ["2", "org.tomdroid.ui.ViewNote"]}, {"06a886bda2dc1121283f99f73e011787": ["2", "org.tomdroid.ui.ViewNote"]}, {"06a886bda2dc1121283f99f73e011787": ["2", "org.tomdroid.ui.ViewNote"]}, {"06a886bda2dc1121283f99f73e011787": ["2", "org.tomdroid.ui.ViewNote"]}, {"289d46eca5c2e02e7878bf72ca5ffdbd": ["1", "org.tomdroid.ui.Tomdroid"]}, {"06a886bda2dc1121283f99f73e011787": ["2", "org.tomdroid.ui.ViewNote"]}, {"06a886bda2dc1121283f99f73e011787": ["2", "org.tomdroid.ui.ViewNote"]}, {"06a886bda2dc1121283f99f73e011787": ["2", "org.tomdroid.ui.ViewNote"]}, {"06a886bda2dc1121283f99f73e011787": ["2", "org.tomdroid.ui.ViewNote"]}, {"289d46eca5c2e02e7878bf72ca5ffdbd": ["1", "org.tomdroid.ui.Tomdroid"]}, {"06a886bda2dc1121283f99f73e011787": ["2", "org.tomdroid.ui.ViewNote"]}, {"06a886bda2dc1121283f99f73e011787": ["2", "org.tomdroid.ui.ViewNote"]}, {"289d46eca5c2e02e7878bf72ca5ffdbd": ["1", "org.tomdroid.ui.Tomdroid"]}, {"289d46eca5c2e02e7878bf72ca5ffdbd": ["1", "org.tomdroid.ui.Tomdroid"]}, {"06a886bda2dc1121283f99f73e011787": ["2", "org.tomdroid.ui.ViewNote"]}, {"06a886bda2dc1121283f99f73e011787": ["2", "org.tomdroid.ui.ViewNote"]}, {"06a886bda2dc1121283f99f73e011787": ["2", "org.tomdroid.ui.ViewNote"]}, {"06a886bda2dc1121283f99f73e011787": ["2", "org.tomdroid.ui.ViewNote"]}, {"289d46eca5c2e02e7878bf72ca5ffdbd": ["1", "org.tomdroid.ui.Tomdroid"]}, {"289d46eca5c2e02e7878bf72ca5ffdbd": ["1", "org.tomdroid.ui.Tomdroid"]}, {"06a886bda2dc1121283f99f73e011787": ["2", "org.tomdroid.ui.ViewNote"]}, {"289d46eca5c2e02e7878bf72ca5ffdbd": ["1", "org.tomdroid.ui.Tomdroid"]}, {"06a886bda2dc1121283f99f73e011787": ["2", "org.tomdroid.ui.ViewNote"]}, {"06a886bda2dc1121283f99f73e011787": ["2", "org.tomdroid.ui.ViewNote"]}, {"06a886bda2dc1121283f99f73e011787": ["2", "org.tomdroid.ui.ViewNote"]}, {"06a886bda2dc1121283f99f73e011787": ["2", "org.tomdroid.ui.ViewNote"]}, {"06a886bda2dc1121283f99f73e011787": ["2", "org.tomdroid.ui.ViewNote"]}, {"06a886bda2dc1121283f99f73e011787": ["2", "org.tomdroid.ui.ViewNote"]}, {"06a886bda2dc1121283f99f73e011787": ["2", "org.tomdroid.ui.ViewNote"]}, {"06a886bda2dc1121283f99f73e011787": ["2", "org.tomdroid.ui.ViewNote"]}, {"06a886bda2dc1121283f99f73e011787": ["2", "org.tomdroid.ui.ViewNote"]}, {"06a886bda2dc1121283f99f73e011787": ["2", "org.tomdroid.ui.ViewNote"]}, {"06a886bda2dc1121283f99f73e011787": ["2", "org.tomdroid.ui.ViewNote"]}, {"06a886bda2dc1121283f99f73e011787": ["2", "org.tomdroid.ui.ViewNote"]}, {"06a886bda2dc1121283f99f73e011787": ["2", "org.tomdroid.ui.ViewNote"]}, {"06a886bda2dc1121283f99f73e011787": ["2", "org.tomdroid.ui.ViewNote"]}, {"289d46eca5c2e02e7878bf72ca5ffdbd": ["1", "org.tomdroid.ui.Tomdroid"]}, {"06a886bda2dc1121283f99f73e011787": ["2", "org.tomdroid.ui.ViewNote"]}, {"06a886bda2dc1121283f99f73e011787": ["2", "org.tomdroid.ui.ViewNote"]}, {"06a886bda2dc1121283f99f73e011787": ["2", "org.tomdroid.ui.ViewNote"]}, {"06a886bda2dc1121283f99f73e011787": ["2", "org.tomdroid.ui.ViewNote"]}, {"06a886bda2dc1121283f99f73e011787": ["2", "org.tomdroid.ui.ViewNote"]}, {"06a886bda2dc1121283f99f73e011787": ["2", "org.tomdroid.ui.ViewNote"]}, {"289d46eca5c2e02e7878bf72ca5ffdbd": ["1", "org.tomdroid.ui.Tomdroid"]}, {"06a886bda2dc1121283f99f73e011787": ["2", "org.tomdroid.ui.ViewNote"]}, {"06a886bda2dc1121283f99f73e011787": ["2", "org.tomdroid.ui.ViewNote"]}, {"06a886bda2dc1121283f99f73e011787": ["2", "org.tomdroid.ui.ViewNote"]}, {"06a886bda2dc1121283f99f73e011787": ["2", "org.tomdroid.ui.ViewNote"]}, {"06a886bda2dc1121283f99f73e011787": ["2", "org.tomdroid.ui.ViewNote"]}, {"06a886bda2dc1121283f99f73e011787": ["2", "org.tomdroid.ui.ViewNote"]}, {"06a886bda2dc1121283f99f73e011787": ["2", "org.tomdroid.ui.ViewNote"]}, {"289d46eca5c2e02e7878bf72ca5ffdbd": ["1", "org.tomdroid.ui.Tomdroid"]}, {"06a886bda2dc1121283f99f73e011787": ["2", "org.tomdroid.ui.ViewNote"]}, {"06a886bda2dc1121283f99f73e011787": ["2", "org.tomdroid.ui.ViewNote"]}, {"06a886bda2dc1121283f99f73e011787": ["2", "org.tomdroid.ui.ViewNote"]}, {"06a886bda2dc1121283f99f73e011787": ["2", "org.tomdroid.ui.ViewNote"]}, {"06a886bda2dc1121283f99f73e011787": ["2", "org.tomdroid.ui.ViewNote"]}, {"06a886bda2dc1121283f99f73e011787": ["2", "org.tomdroid.ui.ViewNote"]}, {"06a886bda2dc1121283f99f73e011787": ["2", "org.tomdroid.ui.ViewNote"]}, {"06a886bda2dc1121283f99f73e011787": ["2", "org.tomdroid.ui.ViewNote"]}, {"06a886bda2dc1121283f99f73e011787": ["2", "org.tomdroid.ui.ViewNote"]}, {"06a886bda2dc1121283f99f73e011787": ["2", "org.tomdroid.ui.ViewNote"]}, {"06a886bda2dc1121283f99f73e011787": ["2", "org.tomdroid.ui.ViewNote"]}, {"289d46eca5c2e02e7878bf72ca5ffdbd": ["1", "org.tomdroid.ui.Tomdroid"]}, {"289d46eca5c2e02e7878bf72ca5ffdbd": ["1", "org.tomdroid.ui.Tomdroid"]}, {"06a886bda2dc1121283f99f73e011787": ["2", "org.tomdroid.ui.ViewNote"]}, {"06a886bda2dc1121283f99f73e011787": ["2", "org.tomdroid.ui.ViewNote"]}, {"06a886bda2dc1121283f99f73e011787": ["2", "org.tomdroid.ui.ViewNote"]}, {"06a886bda2dc1121283f99f73e011787": ["2", "org.tomdroid.ui.ViewNote"]}, {"6d2a7dfd640a357426a28a835d3687ad": ["4", "org.tomdroid.ui.Tomdroid"]}, {"6d2a7dfd640a357426a28a835d3687ad": ["4", "org.tomdroid.ui.Tomdroid"]}, {"289d46eca5c2e02e7878bf72ca5ffdbd": ["1", "org.tomdroid.ui.Tomdroid"]}, {"06a886bda2dc1121283f99f73e011787": ["2", "org.tomdroid.ui.ViewNote"]}, {"06a886bda2dc1121283f99f73e011787": ["2", "org.tomdroid.ui.ViewNote"]}, {"06a886bda2dc1121283f99f73e011787": ["2", "org.tomdroid.ui.ViewNote"]}, {"06a886bda2dc1121283f99f73e011787": ["2", "org.tomdroid.ui.ViewNote"]}, {"289d46eca5c2e02e7878bf72ca5ffdbd": ["1", "org.tomdroid.ui.Tomdroid"]}, {"289d46eca5c2e02e7878bf72ca5ffdbd": ["1", "org.tomdroid.ui.Tomdroid"]}, {"289d46eca5c2e02e7878bf72ca5ffdbd": ["1", "org.tomdroid.ui.Tomdroid"]}, {"06a886bda2dc1121283f99f73e011787": ["2", "org.tomdroid.ui.ViewNote"]}, {"06a886bda2dc1121283f99f73e011787": ["2", "org.tomdroid.ui.ViewNote"]}, {"06a886bda2dc1121283f99f73e011787": ["2", "org.tomdroid.ui.ViewNote"]}, {"06a886bda2dc1121283f99f73e011787": ["2", "org.tomdroid.ui.ViewNote"]}, {"06a886bda2dc1121283f99f73e011787": ["2", "org.tomdroid.ui.ViewNote"]}, {"06a886bda2dc1121283f99f73e011787": ["2", "org.tomdroid.ui.ViewNote"]}, {"06a886bda2dc1121283f99f73e011787": ["2", "org.tomdroid.ui.ViewNote"]}, {"06a886bda2dc1121283f99f73e011787": ["2", "org.tomdroid.ui.ViewNote"]}, {"06a886bda2dc1121283f99f73e011787": ["2", "org.tomdroid.ui.ViewNote"]}, {"06a886bda2dc1121283f99f73e011787": ["2", "org.tomdroid.ui.ViewNote"]}, {"06a886bda2dc1121283f99f73e011787": ["2", "org.tomdroid.ui.ViewNote"]}, {"06a886bda2dc1121283f99f73e011787": ["2", "org.tomdroid.ui.ViewNote"]}, {"06a886bda2dc1121283f99f73e011787": ["2", "org.tomdroid.ui.ViewNote"]}, {"06a886bda2dc1121283f99f73e011787": ["2", "org.tomdroid.ui.ViewNote"]}, {"06a886bda2dc1121283f99f73e011787": ["2", "org.tomdroid.ui.ViewNote"]}, {"06a886bda2dc1121283f99f73e011787": ["2", "org.tomdroid.ui.ViewNote"]}, {"06a886bda2dc1121283f99f73e011787": ["2", "org.tomdroid.ui.ViewNote"]}, {"06a886bda2dc1121283f99f73e011787": ["2", "org.tomdroid.ui.ViewNote"]}, {"06a886bda2dc1121283f99f73e011787": ["2", "org.tomdroid.ui.ViewNote"]}, {"06a886bda2dc1121283f99f73e011787": ["2", "org.tomdroid.ui.ViewNote"]}, {"06a886bda2dc1121283f99f73e011787": ["2", "org.tomdroid.ui.ViewNote"]}, {"06a886bda2dc1121283f99f73e011787": ["2", "org.tomdroid.ui.ViewNote"]}, {"06a886bda2dc1121283f99f73e011787": ["2", "org.tomdroid.ui.ViewNote"]}, {"06a886bda2dc1121283f99f73e011787": ["2", "org.tomdroid.ui.ViewNote"]}, {"06a886bda2dc1121283f99f73e011787": ["2", "org.tomdroid.ui.ViewNote"]}, {"06a886bda2dc1121283f99f73e011787": ["2", "org.tomdroid.ui.ViewNote"]}, {"06a886bda2dc1121283f99f73e011787": ["2", "org.tomdroid.ui.ViewNote"]}, {"06a886bda2dc1121283f99f73e011787": ["2", "org.tomdroid.ui.ViewNote"]}, {"06a886bda2dc1121283f99f73e011787": ["2", "org.tomdroid.ui.ViewNote"]}, {"06a886bda2dc1121283f99f73e011787": ["2", "org.tomdroid.ui.ViewNote"]}, {"06a886bda2dc1121283f99f73e011787": ["2", "org.tomdroid.ui.ViewNote"]}, {"06a886bda2dc1121283f99f73e011787": ["2", "org.tomdroid.ui.ViewNote"]}, {"289d46eca5c2e02e7878bf72ca5ffdbd": ["1", "org.tomdroid.ui.Tomdroid"]}, {"06a886bda2dc1121283f99f73e011787": ["2", "org.tomdroid.ui.ViewNote"]}, {"06a886bda2dc1121283f99f73e011787": ["2", "org.tomdroid.ui.ViewNote"]}, {"06a886bda2dc1121283f99f73e011787": ["2", "org.tomdroid.ui.ViewNote"]}, {"6d2a7dfd640a357426a28a835d3687ad": ["4", "org.tomdroid.ui.Tomdroid"]}, {"6d2a7dfd640a357426a28a835d3687ad": ["4", "org.tomdroid.ui.Tomdroid"]}, {"289d46eca5c2e02e7878bf72ca5ffdbd": ["1", "org.tomdroid.ui.Tomdroid"]}, {"06a886bda2dc1121283f99f73e011787": ["2", "org.tomdroid.ui.ViewNote"]}, {"06a886bda2dc1121283f99f73e011787": ["2", "org.tomdroid.ui.ViewNote"]}, {"06a886bda2dc1121283f99f73e011787": ["2", "org.tomdroid.ui.ViewNote"]}, {"06a886bda2dc1121283f99f73e011787": ["2", "org.tomdroid.ui.ViewNote"]}, {"06a886bda2dc1121283f99f73e011787": ["2", "org.tomdroid.ui.ViewNote"]}, {"06a886bda2dc1121283f99f73e011787": ["2", "org.tomdroid.ui.ViewNote"]}, {"06a886bda2dc1121283f99f73e011787": ["2", "org.tomdroid.ui.ViewNote"]}, {"06a886bda2dc1121283f99f73e011787": ["2", "org.tomdroid.ui.ViewNote"]}, {"06a886bda2dc1121283f99f73e011787": ["2", "org.tomdroid.ui.ViewNote"]}, {"06a886bda2dc1121283f99f73e011787": ["2", "org.tomdroid.ui.ViewNote"]}, {"06a886bda2dc1121283f99f73e011787": ["2", "org.tomdroid.ui.ViewNote"]}, {"06a886bda2dc1121283f99f73e011787": ["2", "org.tomdroid.ui.ViewNote"]}, {"06a886bda2dc1121283f99f73e011787": ["2", "org.tomdroid.ui.ViewNote"]}, {"06a886bda2dc1121283f99f73e011787": ["2", "org.tomdroid.ui.ViewNote"]}, {"06a886bda2dc1121283f99f73e011787": ["2", "org.tomdroid.ui.ViewNote"]}, {"06a886bda2dc1121283f99f73e011787": ["2", "org.tomdroid.ui.ViewNote"]}, {"06a886bda2dc1121283f99f73e011787": ["2", "org.tomdroid.ui.ViewNote"]}, {"06a886bda2dc1121283f99f73e011787": ["2", "org.tomdroid.ui.ViewNote"]}, {"06a886bda2dc1121283f99f73e011787": ["2", "org.tomdroid.ui.ViewNote"]}, {"06a886bda2dc1121283f99f73e011787": ["2", "org.tomdroid.ui.ViewNote"]}, {"06a886bda2dc1121283f99f73e011787": ["2", "org.tomdroid.ui.ViewNote"]}, {"06a886bda2dc1121283f99f73e011787": ["2", "org.tomdroid.ui.ViewNote"]}, {"06a886bda2dc1121283f99f73e011787": ["2", "org.tomdroid.ui.ViewNote"]}, {"06a886bda2dc1121283f99f73e011787": ["2", "org.tomdroid.ui.ViewNote"]}, {"06a886bda2dc1121283f99f73e011787": ["2", "org.tomdroid.ui.ViewNote"]}, {"06a886bda2dc1121283f99f73e011787": ["2", "org.tomdroid.ui.ViewNote"]}, {"06a886bda2dc1121283f99f73e011787": ["2", "org.tomdroid.ui.ViewNote"]}, {"06a886bda2dc1121283f99f73e011787": ["2", "org.tomdroid.ui.ViewNote"]}, {"06a886bda2dc1121283f99f73e011787": ["2", "org.tomdroid.ui.ViewNote"]}, {"06a886bda2dc1121283f99f73e011787": ["2", "org.tomdroid.ui.ViewNote"]}, {"06a886bda2dc1121283f99f73e011787": ["2", "org.tomdroid.ui.ViewNote"]}, {"06a886bda2dc1121283f99f73e011787": ["2", "org.tomdroid.ui.ViewNote"]}, {"06a886bda2dc1121283f99f73e011787": ["2", "org.tomdroid.ui.ViewNote"]}, {"06a886bda2dc1121283f99f73e011787": ["2", "org.tomdroid.ui.ViewNote"]}, {"06a886bda2dc1121283f99f73e011787": ["2", "org.tomdroid.ui.ViewNote"]}, {"06a886bda2dc1121283f99f73e011787": ["2", "org.tomdroid.ui.ViewNote"]}, {"06a886bda2dc1121283f99f73e011787": ["2", "org.tomdroid.ui.ViewNote"]}, {"06a886bda2dc1121283f99f73e011787": ["2", "org.tomdroid.ui.ViewNote"]}, {"da9e6c395cda0a845ecc8b19080c559c": ["6", "org.tomdroid.ui.PreferencesActivity"]}, {"da9e6c395cda0a845ecc8b19080c559c": ["6", "org.tomdroid.ui.PreferencesActivity"]}, {"da9e6c395cda0a845ecc8b19080c559c": ["6", "org.tomdroid.ui.PreferencesActivity"]}, {"71356e4c4f9ab5e3a16ab9820ae36e18": ["7", "org.tomdroid.ui.PreferencesActivity"]}, {"da9e6c395cda0a845ecc8b19080c559c": ["6", "org.tomdroid.ui.PreferencesActivity"]}, {"71356e4c4f9ab5e3a16ab9820ae36e18": ["7", "org.tomdroid.ui.PreferencesActivity"]}, {"da9e6c395cda0a845ecc8b19080c559c": ["6", "org.tomdroid.ui.PreferencesActivity"]}, {"da9e6c395cda0a845ecc8b19080c559c": ["6", "org.tomdroid.ui.PreferencesActivity"]}, {"da9e6c395cda0a845ecc8b19080c559c": ["6", "org.tomdroid.ui.PreferencesActivity"]}, {"da9e6c395cda0a845ecc8b19080c559c": ["6", "org.tomdroid.ui.PreferencesActivity"]}, {"692f348742fe06f504c869dd66a119c3": ["8", "org.tomdroid.ui.PreferencesActivity"]}, {"da9e6c395cda0a845ecc8b19080c559c": ["6", "org.tomdroid.ui.PreferencesActivity"]}, {"71356e4c4f9ab5e3a16ab9820ae36e18": ["7", "org.tomdroid.ui.PreferencesActivity"]}, {"da9e6c395cda0a845ecc8b19080c559c": ["6", "org.tomdroid.ui.PreferencesActivity"]}, {"da9e6c395cda0a845ecc8b19080c559c": ["6", "org.tomdroid.ui.PreferencesActivity"]}, {"71356e4c4f9ab5e3a16ab9820ae36e18": ["7", "org.tomdroid.ui.PreferencesActivity"]}, {"da9e6c395cda0a845ecc8b19080c559c": ["6", "org.tomdroid.ui.PreferencesActivity"]}, {"da9e6c395cda0a845ecc8b19080c559c": ["6", "org.tomdroid.ui.PreferencesActivity"]}, {"da9e6c395cda0a845ecc8b19080c559c": ["6", "org.tomdroid.ui.PreferencesActivity"]}, {"da9e6c395cda0a845ecc8b19080c559c": ["6", "org.tomdroid.ui.PreferencesActivity"]}, {"da9e6c395cda0a845ecc8b19080c559c": ["6", "org.tomdroid.ui.PreferencesActivity"]}, {"da9e6c395cda0a845ecc8b19080c559c": ["6", "org.tomdroid.ui.PreferencesActivity"]}, {"71356e4c4f9ab5e3a16ab9820ae36e18": ["7", "org.tomdroid.ui.PreferencesActivity"]}, {"da9e6c395cda0a845ecc8b19080c559c": ["6", "org.tomdroid.ui.PreferencesActivity"]}, {"da9e6c395cda0a845ecc8b19080c559c": ["6", "org.tomdroid.ui.PreferencesActivity"]}, {"da9e6c395cda0a845ecc8b19080c559c": ["6", "org.tomdroid.ui.PreferencesActivity"]}, {"71356e4c4f9ab5e3a16ab9820ae36e18": ["7", "org.tomdroid.ui.PreferencesActivity"]}, {"da9e6c395cda0a845ecc8b19080c559c": ["6", "org.tomdroid.ui.PreferencesActivity"]}, {"71356e4c4f9ab5e3a16ab9820ae36e18": ["7", "org.tomdroid.ui.PreferencesActivity"]}, {"da9e6c395cda0a845ecc8b19080c559c": ["6", "org.tomdroid.ui.PreferencesActivity"]}, {"da9e6c395cda0a845ecc8b19080c559c": ["6", "org.tomdroid.ui.PreferencesActivity"]}, {"71356e4c4f9ab5e3a16ab9820ae36e18": ["7", "org.tomdroid.ui.PreferencesActivity"]}, {"da9e6c395cda0a845ecc8b19080c559c": ["6", "org.tomdroid.ui.PreferencesActivity"]}, {"da9e6c395cda0a845ecc8b19080c559c": ["6", "org.tomdroid.ui.PreferencesActivity"]}, {"da9e6c395cda0a845ecc8b19080c559c": ["6", "org.tomdroid.ui.PreferencesActivity"]}, {"da9e6c395cda0a845ecc8b19080c559c": ["6", "org.tomdroid.ui.PreferencesActivity"]}, {"da9e6c395cda0a845ecc8b19080c559c": ["6", "org.tomdroid.ui.PreferencesActivity"]}, {"71356e4c4f9ab5e3a16ab9820ae36e18": ["7", "org.tomdroid.ui.PreferencesActivity"]}, {"da9e6c395cda0a845ecc8b19080c559c": ["6", "org.tomdroid.ui.PreferencesActivity"]}, {"da9e6c395cda0a845ecc8b19080c559c": ["6", "org.tomdroid.ui.PreferencesActivity"]}, {"71356e4c4f9ab5e3a16ab9820ae36e18": ["7", "org.tomdroid.ui.PreferencesActivity"]}, {"289d46eca5c2e02e7878bf72ca5ffdbd": ["1", "org.tomdroid.ui.Tomdroid"]}, {"06a886bda2dc1121283f99f73e011787": ["2", "org.tomdroid.ui.ViewNote"]}, {"289d46eca5c2e02e7878bf72ca5ffdbd": ["1", "org.tomdroid.ui.Tomdroid"]}, {"06a886bda2dc1121283f99f73e011787": ["2", "org.tomdroid.ui.ViewNote"]}, {"06a886bda2dc1121283f99f73e011787": ["2", "org.tomdroid.ui.ViewNote"]}, {"06a886bda2dc1121283f99f73e011787": ["2", "org.tomdroid.ui.ViewNote"]}, {"289d46eca5c2e02e7878bf72ca5ffdbd": ["1", "org.tomdroid.ui.Tomdroid"]}, {"06a886bda2dc1121283f99f73e011787": ["2", "org.tomdroid.ui.ViewNote"]}, {"06a886bda2dc1121283f99f73e011787": ["2", "org.tomdroid.ui.ViewNote"]}, {"06a886bda2dc1121283f99f73e011787": ["2", "org.tomdroid.ui.ViewNote"]}, {"06a886bda2dc1121283f99f73e011787": ["2", "org.tomdroid.ui.ViewNote"]}, {"06a886bda2dc1121283f99f73e011787": ["2", "org.tomdroid.ui.ViewNote"]}, {"06a886bda2dc1121283f99f73e011787": ["2", "org.tomdroid.ui.ViewNote"]}, {"289d46eca5c2e02e7878bf72ca5ffdbd": ["1", "org.tomdroid.ui.Tomdroid"]}, {"06a886bda2dc1121283f99f73e011787": ["2", "org.tomdroid.ui.ViewNote"]}, {"06a886bda2dc1121283f99f73e011787": ["2", "org.tomdroid.ui.ViewNote"]}, {"06a886bda2dc1121283f99f73e011787": ["2", "org.tomdroid.ui.ViewNote"]}, {"06a886bda2dc1121283f99f73e011787": ["2", "org.tomdroid.ui.ViewNote"]}, {"06a886bda2dc1121283f99f73e011787": ["2", "org.tomdroid.ui.ViewNote"]}, {"06a886bda2dc1121283f99f73e011787": ["2", "org.tomdroid.ui.ViewNote"]}, {"06a886bda2dc1121283f99f73e011787": ["2", "org.tomdroid.ui.ViewNote"]}, {"06a886bda2dc1121283f99f73e011787": ["2", "org.tomdroid.ui.ViewNote"]}, {"06a886bda2dc1121283f99f73e011787": ["2", "org.tomdroid.ui.ViewNote"]}, {"06a886bda2dc1121283f99f73e011787": ["2", "org.tomdroid.ui.ViewNote"]}, {"06a886bda2dc1121283f99f73e011787": ["2", "org.tomdroid.ui.ViewNote"]}, {"06a886bda2dc1121283f99f73e011787": ["2", "org.tomdroid.ui.ViewNote"]}, {"06a886bda2dc1121283f99f73e011787": ["2", "org.tomdroid.ui.ViewNote"]}, {"06a886bda2dc1121283f99f73e011787": ["2", "org.tomdroid.ui.ViewNote"]}, {"06a886bda2dc1121283f99f73e011787": ["2", "org.tomdroid.ui.ViewNote"]}, {"06a886bda2dc1121283f99f73e011787": ["2", "org.tomdroid.ui.ViewNote"]}, {"06a886bda2dc1121283f99f73e011787": ["2", "org.tomdroid.ui.ViewNote"]}, {"06a886bda2dc1121283f99f73e011787": ["2", "org.tomdroid.ui.ViewNote"]}, {"06a886bda2dc1121283f99f73e011787": ["2", "org.tomdroid.ui.ViewNote"]}, {"06a886bda2dc1121283f99f73e011787": ["2", "org.tomdroid.ui.ViewNote"]}, {"06a886bda2dc1121283f99f73e011787": ["2", "org.tomdroid.ui.ViewNote"]}, {"06a886bda2dc1121283f99f73e011787": ["2", "org.tomdroid.ui.ViewNote"]}, {"06a886bda2dc1121283f99f73e011787": ["2", "org.tomdroid.ui.ViewNote"]}, {"06a886bda2dc1121283f99f73e011787": ["2", "org.tomdroid.ui.ViewNote"]}, {"289d46eca5c2e02e7878bf72ca5ffdbd": ["1", "org.tomdroid.ui.Tomdroid"]}, {"289d46eca5c2e02e7878bf72ca5ffdbd": ["1", "org.tomdroid.ui.Tomdroid"]}, {"289d46eca5c2e02e7878bf72ca5ffdbd": ["1", "org.tomdroid.ui.Tomdroid"]}, {"06a886bda2dc1121283f99f73e011787": ["2", "org.tomdroid.ui.ViewNote"]}, {"06a886bda2dc1121283f99f73e011787": ["2", "org.tomdroid.ui.ViewNote"]}, {"06a886bda2dc1121283f99f73e011787": ["2", "org.tomdroid.ui.ViewNote"]}, {"289d46eca5c2e02e7878bf72ca5ffdbd": ["1", "org.tomdroid.ui.Tomdroid"]}, {"06a886bda2dc1121283f99f73e011787": ["2", "org.tomdroid.ui.ViewNote"]}, {"06a886bda2dc1121283f99f73e011787": ["2", "org.tomdroid.ui.ViewNote"]}, {"06a886bda2dc1121283f99f73e011787": ["2", "org.tomdroid.ui.ViewNote"]}, {"289d46eca5c2e02e7878bf72ca5ffdbd": ["1", "org.tomdroid.ui.Tomdroid"]}, {"06a886bda2dc1121283f99f73e011787": ["2", "org.tomdroid.ui.ViewNote"]}, {"06a886bda2dc1121283f99f73e011787": ["2", "org.tomdroid.ui.ViewNote"]}, {"06a886bda2dc1121283f99f73e011787": ["2", "org.tomdroid.ui.ViewNote"]}, {"06a886bda2dc1121283f99f73e011787": ["2", "org.tomdroid.ui.ViewNote"]}, {"06a886bda2dc1121283f99f73e011787": ["2", "org.tomdroid.ui.ViewNote"]}, {"06a886bda2dc1121283f99f73e011787": ["2", "org.tomdroid.ui.ViewNote"]}, {"06a886bda2dc1121283f99f73e011787": ["2", "org.tomdroid.ui.ViewNote"]}, {"06a886bda2dc1121283f99f73e011787": ["2", "org.tomdroid.ui.ViewNote"]}, {"06a886bda2dc1121283f99f73e011787": ["2", "org.tomdroid.ui.ViewNote"]}, {"06a886bda2dc1121283f99f73e011787": ["2", "org.tomdroid.ui.ViewNote"]}, {"06a886bda2dc1121283f99f73e011787": ["2", "org.tomdroid.ui.ViewNote"]}, {"06a886bda2dc1121283f99f73e011787": ["2", "org.tomdroid.ui.ViewNote"]}, {"06a886bda2dc1121283f99f73e011787": ["2", "org.tomdroid.ui.ViewNote"]}, {"06a886bda2dc1121283f99f73e011787": ["2", "org.tomdroid.ui.ViewNote"]}, {"06a886bda2dc1121283f99f73e011787": ["2", "org.tomdroid.ui.ViewNote"]}, {"289d46eca5c2e02e7878bf72ca5ffdbd": ["1", "org.tomdroid.ui.Tomdroid"]}, {"06a886bda2dc1121283f99f73e011787": ["2", "org.tomdroid.ui.ViewNote"]}, {"06a886bda2dc1121283f99f73e011787": ["2", "org.tomdroid.ui.ViewNote"]}, {"06a886bda2dc1121283f99f73e011787": ["2", "org.tomdroid.ui.ViewNote"]}, {"06a886bda2dc1121283f99f73e011787": ["2", "org.tomdroid.ui.ViewNote"]}, {"06a886bda2dc1121283f99f73e011787": ["2", "org.tomdroid.ui.ViewNote"]}, {"06a886bda2dc1121283f99f73e011787": ["2", "org.tomdroid.ui.ViewNote"]}, {"06a886bda2dc1121283f99f73e011787": ["2", "org.tomdroid.ui.ViewNote"]}, {"06a886bda2dc1121283f99f73e011787": ["2", "org.tomdroid.ui.ViewNote"]}, {"06a886bda2dc1121283f99f73e011787": ["2", "org.tomdroid.ui.ViewNote"]}, {"06a886bda2dc1121283f99f73e011787": ["2", "org.tomdroid.ui.ViewNote"]}, {"06a886bda2dc1121283f99f73e011787": ["2", "org.tomdroid.ui.ViewNote"]}, {"06a886bda2dc1121283f99f73e011787": ["2", "org.tomdroid.ui.ViewNote"]}, {"06a886bda2dc1121283f99f73e011787": ["2", "org.tomdroid.ui.ViewNote"]}, {"06a886bda2dc1121283f99f73e011787": ["2", "org.tomdroid.ui.ViewNote"]}, {"06a886bda2dc1121283f99f73e011787": ["2", "org.tomdroid.ui.ViewNote"]}, {"06a886bda2dc1121283f99f73e011787": ["2", "org.tomdroid.ui.ViewNote"]}, {"06a886bda2dc1121283f99f73e011787": ["2", "org.tomdroid.ui.ViewNote"]}, {"06a886bda2dc1121283f99f73e011787": ["2", "org.tomdroid.ui.ViewNote"]}, {"06a886bda2dc1121283f99f73e011787": ["2", "org.tomdroid.ui.ViewNote"]}, {"06a886bda2dc1121283f99f73e011787": ["2", "org.tomdroid.ui.ViewNote"]}, {"06a886bda2dc1121283f99f73e011787": ["2", "org.tomdroid.ui.ViewNote"]}, {"06a886bda2dc1121283f99f73e011787": ["2", "org.tomdroid.ui.ViewNote"]}, {"06a886bda2dc1121283f99f73e011787": ["2", "org.tomdroid.ui.ViewNote"]}, {"06a886bda2dc1121283f99f73e011787": ["2", "org.tomdroid.ui.ViewNote"]}, {"06a886bda2dc1121283f99f73e011787": ["2", "org.tomdroid.ui.ViewNote"]}, {"06a886bda2dc1121283f99f73e011787": ["2", "org.tomdroid.ui.ViewNote"]}, {"289d46eca5c2e02e7878bf72ca5ffdbd": ["1", "org.tomdroid.ui.Tomdroid"]}, {"06a886bda2dc1121283f99f73e011787": ["2", "org.tomdroid.ui.ViewNote"]}, {"289d46eca5c2e02e7878bf72ca5ffdbd": ["1", "org.tomdroid.ui.Tomdroid"]}, {"06a886bda2dc1121283f99f73e011787": ["2", "org.tomdroid.ui.ViewNote"]}, {"06a886bda2dc1121283f99f73e011787": ["2", "org.tomdroid.ui.ViewNote"]}, {"06a886bda2dc1121283f99f73e011787": ["2", "org.tomdroid.ui.ViewNote"]}, {"06a886bda2dc1121283f99f73e011787": ["2", "org.tomdroid.ui.ViewNote"]}, {"06a886bda2dc1121283f99f73e011787": ["2", "org.tomdroid.ui.ViewNote"]}, {"06a886bda2dc1121283f99f73e011787": ["2", "org.tomdroid.ui.ViewNote"]}, {"06a886bda2dc1121283f99f73e011787": ["2", "org.tomdroid.ui.ViewNote"]}, {"06a886bda2dc1121283f99f73e011787": ["2", "org.tomdroid.ui.ViewNote"]}, {"06a886bda2dc1121283f99f73e011787": ["2", "org.tomdroid.ui.ViewNote"]}, {"06a886bda2dc1121283f99f73e011787": ["2", "org.tomdroid.ui.ViewNote"]}, {"06a886bda2dc1121283f99f73e011787": ["2", "org.tomdroid.ui.ViewNote"]}, {"06a886bda2dc1121283f99f73e011787": ["2", "org.tomdroid.ui.ViewNote"]}, {"06a886bda2dc1121283f99f73e011787": ["2", "org.tomdroid.ui.ViewNote"]}, {"06a886bda2dc1121283f99f73e011787": ["2", "org.tomdroid.ui.ViewNote"]}, {"06a886bda2dc1121283f99f73e011787": ["2", "org.tomdroid.ui.ViewNote"]}, {"06a886bda2dc1121283f99f73e011787": ["2", "org.tomdroid.ui.ViewNote"]}, {"06a886bda2dc1121283f99f73e011787": ["2", "org.tomdroid.ui.ViewNote"]}, {"06a886bda2dc1121283f99f73e011787": ["2", "org.tomdroid.ui.ViewNote"]}, {"06a886bda2dc1121283f99f73e011787": ["2", "org.tomdroid.ui.ViewNote"]}, {"06a886bda2dc1121283f99f73e011787": ["2", "org.tomdroid.ui.ViewNote"]}, {"06a886bda2dc1121283f99f73e011787": ["2", "org.tomdroid.ui.ViewNote"]}, {"06a886bda2dc1121283f99f73e011787": ["2", "org.tomdroid.ui.ViewNote"]}, {"06a886bda2dc1121283f99f73e011787": ["2", "org.tomdroid.ui.ViewNote"]}, {"06a886bda2dc1121283f99f73e011787": ["2", "org.tomdroid.ui.ViewNote"]}, {"06a886bda2dc1121283f99f73e011787": ["2", "org.tomdroid.ui.ViewNote"]}, {"06a886bda2dc1121283f99f73e011787": ["2", "org.tomdroid.ui.ViewNote"]}, {"06a886bda2dc1121283f99f73e011787": ["2", "org.tomdroid.ui.ViewNote"]}, {"06a886bda2dc1121283f99f73e011787": ["2", "org.tomdroid.ui.ViewNote"]}, {"06a886bda2dc1121283f99f73e011787": ["2", "org.tomdroid.ui.ViewNote"]}, {"289d46eca5c2e02e7878bf72ca5ffdbd": ["1", "org.tomdroid.ui.Tomdroid"]}, {"06a886bda2dc1121283f99f73e011787": ["2", "org.tomdroid.ui.ViewNote"]}, {"06a886bda2dc1121283f99f73e011787": ["2", "org.tomdroid.ui.ViewNote"]}, {"06a886bda2dc1121283f99f73e011787": ["2", "org.tomdroid.ui.ViewNote"]}, {"289d46eca5c2e02e7878bf72ca5ffdbd": ["1", "org.tomdroid.ui.Tomdroid"]}, {"06a886bda2dc1121283f99f73e011787": ["2", "org.tomdroid.ui.ViewNote"]}, {"06a886bda2dc1121283f99f73e011787": ["2", "org.tomdroid.ui.ViewNote"]}, {"06a886bda2dc1121283f99f73e011787": ["2", "org.tomdroid.ui.ViewNote"]}, {"06a886bda2dc1121283f99f73e011787": ["2", "org.tomdroid.ui.ViewNote"]}, {"06a886bda2dc1121283f99f73e011787": ["2", "org.tomdroid.ui.ViewNote"]}, {"289d46eca5c2e02e7878bf72ca5ffdbd": ["1", "org.tomdroid.ui.Tomdroid"]}, {"06a886bda2dc1121283f99f73e011787": ["2", "org.tomdroid.ui.ViewNote"]}, {"06a886bda2dc1121283f99f73e011787": ["2", "org.tomdroid.ui.ViewNote"]}, {"06a886bda2dc1121283f99f73e011787": ["2", "org.tomdroid.ui.ViewNote"]}, {"06a886bda2dc1121283f99f73e011787": ["2", "org.tomdroid.ui.ViewNote"]}, {"06a886bda2dc1121283f99f73e011787": ["2", "org.tomdroid.ui.ViewNote"]}, {"289d46eca5c2e02e7878bf72ca5ffdbd": ["1", "org.tomdroid.ui.Tomdroid"]}, {"06a886bda2dc1121283f99f73e011787": ["2", "org.tomdroid.ui.ViewNote"]}, {"06a886bda2dc1121283f99f73e011787": ["2", "org.tomdroid.ui.ViewNote"]}, {"06a886bda2dc1121283f99f73e011787": ["2", "org.tomdroid.ui.ViewNote"]}, {"06a886bda2dc1121283f99f73e011787": ["2", "org.tomdroid.ui.ViewNote"]}, {"06a886bda2dc1121283f99f73e011787": ["2", "org.tomdroid.ui.ViewNote"]}, {"06a886bda2dc1121283f99f73e011787": ["2", "org.tomdroid.ui.ViewNote"]}, {"06a886bda2dc1121283f99f73e011787": ["2", "org.tomdroid.ui.ViewNote"]}, {"06a886bda2dc1121283f99f73e011787": ["2", "org.tomdroid.ui.ViewNote"]}, {"06a886bda2dc1121283f99f73e011787": ["2", "org.tomdroid.ui.ViewNote"]}, {"06a886bda2dc1121283f99f73e011787": ["2", "org.tomdroid.ui.ViewNote"]}, {"06a886bda2dc1121283f99f73e011787": ["2", "org.tomdroid.ui.ViewNote"]}, {"06a886bda2dc1121283f99f73e011787": ["2", "org.tomdroid.ui.ViewNote"]}, {"06a886bda2dc1121283f99f73e011787": ["2", "org.tomdroid.ui.ViewNote"]}, {"06a886bda2dc1121283f99f73e011787": ["2", "org.tomdroid.ui.ViewNote"]}, {"06a886bda2dc1121283f99f73e011787": ["2", "org.tomdroid.ui.ViewNote"]}, {"06a886bda2dc1121283f99f73e011787": ["2", "org.tomdroid.ui.ViewNote"]}, {"06a886bda2dc1121283f99f73e011787": ["2", "org.tomdroid.ui.ViewNote"]}, {"06a886bda2dc1121283f99f73e011787": ["2", "org.tomdroid.ui.ViewNote"]}, {"06a886bda2dc1121283f99f73e011787": ["2", "org.tomdroid.ui.ViewNote"]}, {"06a886bda2dc1121283f99f73e011787": ["2", "org.tomdroid.ui.ViewNote"]}, {"06a886bda2dc1121283f99f73e011787": ["2", "org.tomdroid.ui.ViewNote"]}, {"06a886bda2dc1121283f99f73e011787": ["2", "org.tomdroid.ui.ViewNote"]}, {"06a886bda2dc1121283f99f73e011787": ["2", "org.tomdroid.ui.ViewNote"]}, {"06a886bda2dc1121283f99f73e011787": ["2", "org.tomdroid.ui.ViewNote"]}, {"06a886bda2dc1121283f99f73e011787": ["2", "org.tomdroid.ui.ViewNote"]}, {"06a886bda2dc1121283f99f73e011787": ["2", "org.tomdroid.ui.ViewNote"]}, {"06a886bda2dc1121283f99f73e011787": ["2", "org.tomdroid.ui.ViewNote"]}, {"06a886bda2dc1121283f99f73e011787": ["2", "org.tomdroid.ui.ViewNote"]}]