[{"0bb285c39bf916683722a97f238be057": ["0", "org.tomdroid.ui.Tomdroid"]}, {"289d46eca5c2e02e7878bf72ca5ffdbd": ["1", "org.tomdroid.ui.Tomdroid"]}, {"06a886bda2dc1121283f99f73e011787": ["2", "org.tomdroid.ui.ViewNote"]}, {"06a886bda2dc1121283f99f73e011787": ["2", "org.tomdroid.ui.ViewNote"]}, {"06a886bda2dc1121283f99f73e011787": ["2", "org.tomdroid.ui.ViewNote"]}, {"289d46eca5c2e02e7878bf72ca5ffdbd": ["1", "org.tomdroid.ui.Tomdroid"]}, {"06a886bda2dc1121283f99f73e011787": ["2", "org.tomdroid.ui.ViewNote"]}, {"06a886bda2dc1121283f99f73e011787": ["2", "org.tomdroid.ui.ViewNote"]}, {"06a886bda2dc1121283f99f73e011787": ["2", "org.tomdroid.ui.ViewNote"]}, {"06a886bda2dc1121283f99f73e011787": ["2", "org.tomdroid.ui.ViewNote"]}, {"06a886bda2dc1121283f99f73e011787": ["2", "org.tomdroid.ui.ViewNote"]}, {"06a886bda2dc1121283f99f73e011787": ["2", "org.tomdroid.ui.ViewNote"]}, {"06a886bda2dc1121283f99f73e011787": ["2", "org.tomdroid.ui.ViewNote"]}, {"06a886bda2dc1121283f99f73e011787": ["2", "org.tomdroid.ui.ViewNote"]}, {"06a886bda2dc1121283f99f73e011787": ["2", "org.tomdroid.ui.ViewNote"]}, {"06a886bda2dc1121283f99f73e011787": ["2", "org.tomdroid.ui.ViewNote"]}, {"06a886bda2dc1121283f99f73e011787": ["2", "org.tomdroid.ui.ViewNote"]}, {"06a886bda2dc1121283f99f73e011787": ["2", "org.tomdroid.ui.ViewNote"]}, {"06a886bda2dc1121283f99f73e011787": ["2", "org.tomdroid.ui.ViewNote"]}, {"06a886bda2dc1121283f99f73e011787": ["2", "org.tomdroid.ui.ViewNote"]}, {"06a886bda2dc1121283f99f73e011787": ["2", "org.tomdroid.ui.ViewNote"]}, {"06a886bda2dc1121283f99f73e011787": ["2", "org.tomdroid.ui.ViewNote"]}, {"06a886bda2dc1121283f99f73e011787": ["2", "org.tomdroid.ui.ViewNote"]}, {"06a886bda2dc1121283f99f73e011787": ["2", "org.tomdroid.ui.ViewNote"]}, {"06a886bda2dc1121283f99f73e011787": ["2", "org.tomdroid.ui.ViewNote"]}, {"06a886bda2dc1121283f99f73e011787": ["2", "org.tomdroid.ui.ViewNote"]}, {"06a886bda2dc1121283f99f73e011787": ["2", "org.tomdroid.ui.ViewNote"]}, {"06a886bda2dc1121283f99f73e011787": ["2", "org.tomdroid.ui.ViewNote"]}, {"06a886bda2dc1121283f99f73e011787": ["2", "org.tomdroid.ui.ViewNote"]}, {"06a886bda2dc1121283f99f73e011787": ["2", "org.tomdroid.ui.ViewNote"]}, {"06a886bda2dc1121283f99f73e011787": ["2", "org.tomdroid.ui.ViewNote"]}, {"06a886bda2dc1121283f99f73e011787": ["2", "org.tomdroid.ui.ViewNote"]}, {"06a886bda2dc1121283f99f73e011787": ["2", "org.tomdroid.ui.ViewNote"]}, {"06a886bda2dc1121283f99f73e011787": ["2", "org.tomdroid.ui.ViewNote"]}, {"06a886bda2dc1121283f99f73e011787": ["2", "org.tomdroid.ui.ViewNote"]}, {"06a886bda2dc1121283f99f73e011787": ["2", "org.tomdroid.ui.ViewNote"]}, {"06a886bda2dc1121283f99f73e011787": ["2", "org.tomdroid.ui.ViewNote"]}, {"06a886bda2dc1121283f99f73e011787": ["2", "org.tomdroid.ui.ViewNote"]}, {"06a886bda2dc1121283f99f73e011787": ["2", "org.tomdroid.ui.ViewNote"]}, {"06a886bda2dc1121283f99f73e011787": ["2", "org.tomdroid.ui.ViewNote"]}, {"06a886bda2dc1121283f99f73e011787": ["2", "org.tomdroid.ui.ViewNote"]}, {"06a886bda2dc1121283f99f73e011787": ["2", "org.tomdroid.ui.ViewNote"]}, {"06a886bda2dc1121283f99f73e011787": ["2", "org.tomdroid.ui.ViewNote"]}, {"06a886bda2dc1121283f99f73e011787": ["2", "org.tomdroid.ui.ViewNote"]}, {"06a886bda2dc1121283f99f73e011787": ["2", "org.tomdroid.ui.ViewNote"]}, {"06a886bda2dc1121283f99f73e011787": ["2", "org.tomdroid.ui.ViewNote"]}, {"06a886bda2dc1121283f99f73e011787": ["2", "org.tomdroid.ui.ViewNote"]}, {"06a886bda2dc1121283f99f73e011787": ["2", "org.tomdroid.ui.ViewNote"]}, {"06a886bda2dc1121283f99f73e011787": ["2", "org.tomdroid.ui.ViewNote"]}, {"06a886bda2dc1121283f99f73e011787": ["2", "org.tomdroid.ui.ViewNote"]}, {"06a886bda2dc1121283f99f73e011787": ["2", "org.tomdroid.ui.ViewNote"]}, {"06a886bda2dc1121283f99f73e011787": ["2", "org.tomdroid.ui.ViewNote"]}, {"06a886bda2dc1121283f99f73e011787": ["2", "org.tomdroid.ui.ViewNote"]}, {"06a886bda2dc1121283f99f73e011787": ["2", "org.tomdroid.ui.ViewNote"]}, {"06a886bda2dc1121283f99f73e011787": ["2", "org.tomdroid.ui.ViewNote"]}, {"06a886bda2dc1121283f99f73e011787": ["2", "org.tomdroid.ui.ViewNote"]}, {"06a886bda2dc1121283f99f73e011787": ["2", "org.tomdroid.ui.ViewNote"]}, {"06a886bda2dc1121283f99f73e011787": ["2", "org.tomdroid.ui.ViewNote"]}, {"06a886bda2dc1121283f99f73e011787": ["2", "org.tomdroid.ui.ViewNote"]}, {"06a886bda2dc1121283f99f73e011787": ["2", "org.tomdroid.ui.ViewNote"]}, {"06a886bda2dc1121283f99f73e011787": ["2", "org.tomdroid.ui.ViewNote"]}, {"06a886bda2dc1121283f99f73e011787": ["2", "org.tomdroid.ui.ViewNote"]}, {"06a886bda2dc1121283f99f73e011787": ["2", "org.tomdroid.ui.ViewNote"]}, {"06a886bda2dc1121283f99f73e011787": ["2", "org.tomdroid.ui.ViewNote"]}, {"06a886bda2dc1121283f99f73e011787": ["2", "org.tomdroid.ui.ViewNote"]}, {"06a886bda2dc1121283f99f73e011787": ["2", "org.tomdroid.ui.ViewNote"]}, {"06a886bda2dc1121283f99f73e011787": ["2", "org.tomdroid.ui.ViewNote"]}, {"06a886bda2dc1121283f99f73e011787": ["2", "org.tomdroid.ui.ViewNote"]}, {"06a886bda2dc1121283f99f73e011787": ["2", "org.tomdroid.ui.ViewNote"]}, {"06a886bda2dc1121283f99f73e011787": ["2", "org.tomdroid.ui.ViewNote"]}, {"06a886bda2dc1121283f99f73e011787": ["2", "org.tomdroid.ui.ViewNote"]}, {"06a886bda2dc1121283f99f73e011787": ["2", "org.tomdroid.ui.ViewNote"]}, {"06a886bda2dc1121283f99f73e011787": ["2", "org.tomdroid.ui.ViewNote"]}, {"06a886bda2dc1121283f99f73e011787": ["2", "org.tomdroid.ui.ViewNote"]}, {"06a886bda2dc1121283f99f73e011787": ["2", "org.tomdroid.ui.ViewNote"]}, {"06a886bda2dc1121283f99f73e011787": ["2", "org.tomdroid.ui.ViewNote"]}, {"06a886bda2dc1121283f99f73e011787": ["2", "org.tomdroid.ui.ViewNote"]}, {"06a886bda2dc1121283f99f73e011787": ["2", "org.tomdroid.ui.ViewNote"]}, {"06a886bda2dc1121283f99f73e011787": ["2", "org.tomdroid.ui.ViewNote"]}, {"06a886bda2dc1121283f99f73e011787": ["2", "org.tomdroid.ui.ViewNote"]}, {"06a886bda2dc1121283f99f73e011787": ["2", "org.tomdroid.ui.ViewNote"]}, {"06a886bda2dc1121283f99f73e011787": ["2", "org.tomdroid.ui.ViewNote"]}, {"06a886bda2dc1121283f99f73e011787": ["2", "org.tomdroid.ui.ViewNote"]}, {"06a886bda2dc1121283f99f73e011787": ["2", "org.tomdroid.ui.ViewNote"]}, {"06a886bda2dc1121283f99f73e011787": ["2", "org.tomdroid.ui.ViewNote"]}, {"06a886bda2dc1121283f99f73e011787": ["2", "org.tomdroid.ui.ViewNote"]}, {"06a886bda2dc1121283f99f73e011787": ["2", "org.tomdroid.ui.ViewNote"]}, {"06a886bda2dc1121283f99f73e011787": ["2", "org.tomdroid.ui.ViewNote"]}, {"06a886bda2dc1121283f99f73e011787": ["2", "org.tomdroid.ui.ViewNote"]}, {"06a886bda2dc1121283f99f73e011787": ["2", "org.tomdroid.ui.ViewNote"]}, {"06a886bda2dc1121283f99f73e011787": ["2", "org.tomdroid.ui.ViewNote"]}, {"06a886bda2dc1121283f99f73e011787": ["2", "org.tomdroid.ui.ViewNote"]}, {"06a886bda2dc1121283f99f73e011787": ["2", "org.tomdroid.ui.ViewNote"]}, {"06a886bda2dc1121283f99f73e011787": ["2", "org.tomdroid.ui.ViewNote"]}, {"06a886bda2dc1121283f99f73e011787": ["2", "org.tomdroid.ui.ViewNote"]}, {"06a886bda2dc1121283f99f73e011787": ["2", "org.tomdroid.ui.ViewNote"]}, {"06a886bda2dc1121283f99f73e011787": ["2", "org.tomdroid.ui.ViewNote"]}, {"06a886bda2dc1121283f99f73e011787": ["2", "org.tomdroid.ui.ViewNote"]}, {"06a886bda2dc1121283f99f73e011787": ["2", "org.tomdroid.ui.ViewNote"]}, {"06a886bda2dc1121283f99f73e011787": ["2", "org.tomdroid.ui.ViewNote"]}, {"06a886bda2dc1121283f99f73e011787": ["2", "org.tomdroid.ui.ViewNote"]}, {"06a886bda2dc1121283f99f73e011787": ["2", "org.tomdroid.ui.ViewNote"]}, {"06a886bda2dc1121283f99f73e011787": ["2", "org.tomdroid.ui.ViewNote"]}, {"06a886bda2dc1121283f99f73e011787": ["2", "org.tomdroid.ui.ViewNote"]}, {"06a886bda2dc1121283f99f73e011787": ["2", "org.tomdroid.ui.ViewNote"]}, {"06a886bda2dc1121283f99f73e011787": ["2", "org.tomdroid.ui.ViewNote"]}, {"06a886bda2dc1121283f99f73e011787": ["2", "org.tomdroid.ui.ViewNote"]}, {"06a886bda2dc1121283f99f73e011787": ["2", "org.tomdroid.ui.ViewNote"]}, {"06a886bda2dc1121283f99f73e011787": ["2", "org.tomdroid.ui.ViewNote"]}, {"06a886bda2dc1121283f99f73e011787": ["2", "org.tomdroid.ui.ViewNote"]}, {"06a886bda2dc1121283f99f73e011787": ["2", "org.tomdroid.ui.ViewNote"]}, {"06a886bda2dc1121283f99f73e011787": ["2", "org.tomdroid.ui.ViewNote"]}, {"06a886bda2dc1121283f99f73e011787": ["2", "org.tomdroid.ui.ViewNote"]}, {"06a886bda2dc1121283f99f73e011787": ["2", "org.tomdroid.ui.ViewNote"]}, {"06a886bda2dc1121283f99f73e011787": ["2", "org.tomdroid.ui.ViewNote"]}, {"06a886bda2dc1121283f99f73e011787": ["2", "org.tomdroid.ui.ViewNote"]}, {"06a886bda2dc1121283f99f73e011787": ["2", "org.tomdroid.ui.ViewNote"]}, {"06a886bda2dc1121283f99f73e011787": ["2", "org.tomdroid.ui.ViewNote"]}, {"06a886bda2dc1121283f99f73e011787": ["2", "org.tomdroid.ui.ViewNote"]}, {"06a886bda2dc1121283f99f73e011787": ["2", "org.tomdroid.ui.ViewNote"]}, {"06a886bda2dc1121283f99f73e011787": ["2", "org.tomdroid.ui.ViewNote"]}, {"06a886bda2dc1121283f99f73e011787": ["2", "org.tomdroid.ui.ViewNote"]}, {"06a886bda2dc1121283f99f73e011787": ["2", "org.tomdroid.ui.ViewNote"]}, {"06a886bda2dc1121283f99f73e011787": ["2", "org.tomdroid.ui.ViewNote"]}, {"06a886bda2dc1121283f99f73e011787": ["2", "org.tomdroid.ui.ViewNote"]}, {"06a886bda2dc1121283f99f73e011787": ["2", "org.tomdroid.ui.ViewNote"]}, {"06a886bda2dc1121283f99f73e011787": ["2", "org.tomdroid.ui.ViewNote"]}, {"06a886bda2dc1121283f99f73e011787": ["2", "org.tomdroid.ui.ViewNote"]}, {"06a886bda2dc1121283f99f73e011787": ["2", "org.tomdroid.ui.ViewNote"]}, {"06a886bda2dc1121283f99f73e011787": ["2", "org.tomdroid.ui.ViewNote"]}, {"06a886bda2dc1121283f99f73e011787": ["2", "org.tomdroid.ui.ViewNote"]}, {"06a886bda2dc1121283f99f73e011787": ["2", "org.tomdroid.ui.ViewNote"]}, {"06a886bda2dc1121283f99f73e011787": ["2", "org.tomdroid.ui.ViewNote"]}, {"06a886bda2dc1121283f99f73e011787": ["2", "org.tomdroid.ui.ViewNote"]}, {"06a886bda2dc1121283f99f73e011787": ["2", "org.tomdroid.ui.ViewNote"]}, {"06a886bda2dc1121283f99f73e011787": ["2", "org.tomdroid.ui.ViewNote"]}, {"06a886bda2dc1121283f99f73e011787": ["2", "org.tomdroid.ui.ViewNote"]}, {"06a886bda2dc1121283f99f73e011787": ["2", "org.tomdroid.ui.ViewNote"]}, {"06a886bda2dc1121283f99f73e011787": ["2", "org.tomdroid.ui.ViewNote"]}, {"06a886bda2dc1121283f99f73e011787": ["2", "org.tomdroid.ui.ViewNote"]}, {"06a886bda2dc1121283f99f73e011787": ["2", "org.tomdroid.ui.ViewNote"]}, {"06a886bda2dc1121283f99f73e011787": ["2", "org.tomdroid.ui.ViewNote"]}, {"06a886bda2dc1121283f99f73e011787": ["2", "org.tomdroid.ui.ViewNote"]}, {"06a886bda2dc1121283f99f73e011787": ["2", "org.tomdroid.ui.ViewNote"]}, {"06a886bda2dc1121283f99f73e011787": ["2", "org.tomdroid.ui.ViewNote"]}, {"06a886bda2dc1121283f99f73e011787": ["2", "org.tomdroid.ui.ViewNote"]}, {"06a886bda2dc1121283f99f73e011787": ["2", "org.tomdroid.ui.ViewNote"]}, {"06a886bda2dc1121283f99f73e011787": ["2", "org.tomdroid.ui.ViewNote"]}, {"06a886bda2dc1121283f99f73e011787": ["2", "org.tomdroid.ui.ViewNote"]}, {"06a886bda2dc1121283f99f73e011787": ["2", "org.tomdroid.ui.ViewNote"]}, {"06a886bda2dc1121283f99f73e011787": ["2", "org.tomdroid.ui.ViewNote"]}, {"06a886bda2dc1121283f99f73e011787": ["2", "org.tomdroid.ui.ViewNote"]}, {"06a886bda2dc1121283f99f73e011787": ["2", "org.tomdroid.ui.ViewNote"]}, {"06a886bda2dc1121283f99f73e011787": ["2", "org.tomdroid.ui.ViewNote"]}, {"06a886bda2dc1121283f99f73e011787": ["2", "org.tomdroid.ui.ViewNote"]}, {"06a886bda2dc1121283f99f73e011787": ["2", "org.tomdroid.ui.ViewNote"]}, {"289d46eca5c2e02e7878bf72ca5ffdbd": ["1", "org.tomdroid.ui.Tomdroid"]}, {"289d46eca5c2e02e7878bf72ca5ffdbd": ["1", "org.tomdroid.ui.Tomdroid"]}, {"06a886bda2dc1121283f99f73e011787": ["2", "org.tomdroid.ui.ViewNote"]}, {"06a886bda2dc1121283f99f73e011787": ["2", "org.tomdroid.ui.ViewNote"]}, {"06a886bda2dc1121283f99f73e011787": ["2", "org.tomdroid.ui.ViewNote"]}, {"289d46eca5c2e02e7878bf72ca5ffdbd": ["1", "org.tomdroid.ui.Tomdroid"]}, {"06a886bda2dc1121283f99f73e011787": ["2", "org.tomdroid.ui.ViewNote"]}, {"06a886bda2dc1121283f99f73e011787": ["2", "org.tomdroid.ui.ViewNote"]}, {"06a886bda2dc1121283f99f73e011787": ["2", "org.tomdroid.ui.ViewNote"]}, {"06a886bda2dc1121283f99f73e011787": ["2", "org.tomdroid.ui.ViewNote"]}, {"06a886bda2dc1121283f99f73e011787": ["2", "org.tomdroid.ui.ViewNote"]}, {"06a886bda2dc1121283f99f73e011787": ["2", "org.tomdroid.ui.ViewNote"]}, {"06a886bda2dc1121283f99f73e011787": ["2", "org.tomdroid.ui.ViewNote"]}, {"06a886bda2dc1121283f99f73e011787": ["2", "org.tomdroid.ui.ViewNote"]}, {"06a886bda2dc1121283f99f73e011787": ["2", "org.tomdroid.ui.ViewNote"]}, {"06a886bda2dc1121283f99f73e011787": ["2", "org.tomdroid.ui.ViewNote"]}, {"06a886bda2dc1121283f99f73e011787": ["2", "org.tomdroid.ui.ViewNote"]}, {"06a886bda2dc1121283f99f73e011787": ["2", "org.tomdroid.ui.ViewNote"]}, {"289d46eca5c2e02e7878bf72ca5ffdbd": ["1", "org.tomdroid.ui.Tomdroid"]}, {"06a886bda2dc1121283f99f73e011787": ["2", "org.tomdroid.ui.ViewNote"]}, {"06a886bda2dc1121283f99f73e011787": ["2", "org.tomdroid.ui.ViewNote"]}, {"06a886bda2dc1121283f99f73e011787": ["2", "org.tomdroid.ui.ViewNote"]}, {"06a886bda2dc1121283f99f73e011787": ["2", "org.tomdroid.ui.ViewNote"]}, {"06a886bda2dc1121283f99f73e011787": ["2", "org.tomdroid.ui.ViewNote"]}, {"06a886bda2dc1121283f99f73e011787": ["2", "org.tomdroid.ui.ViewNote"]}, {"06a886bda2dc1121283f99f73e011787": ["2", "org.tomdroid.ui.ViewNote"]}, {"06a886bda2dc1121283f99f73e011787": ["2", "org.tomdroid.ui.ViewNote"]}, {"06a886bda2dc1121283f99f73e011787": ["2", "org.tomdroid.ui.ViewNote"]}, {"06a886bda2dc1121283f99f73e011787": ["2", "org.tomdroid.ui.ViewNote"]}, {"06a886bda2dc1121283f99f73e011787": ["2", "org.tomdroid.ui.ViewNote"]}, {"06a886bda2dc1121283f99f73e011787": ["2", "org.tomdroid.ui.ViewNote"]}, {"06a886bda2dc1121283f99f73e011787": ["2", "org.tomdroid.ui.ViewNote"]}, {"06a886bda2dc1121283f99f73e011787": ["2", "org.tomdroid.ui.ViewNote"]}, {"06a886bda2dc1121283f99f73e011787": ["2", "org.tomdroid.ui.ViewNote"]}, {"06a886bda2dc1121283f99f73e011787": ["2", "org.tomdroid.ui.ViewNote"]}, {"06a886bda2dc1121283f99f73e011787": ["2", "org.tomdroid.ui.ViewNote"]}, {"06a886bda2dc1121283f99f73e011787": ["2", "org.tomdroid.ui.ViewNote"]}, {"06a886bda2dc1121283f99f73e011787": ["2", "org.tomdroid.ui.ViewNote"]}, {"06a886bda2dc1121283f99f73e011787": ["2", "org.tomdroid.ui.ViewNote"]}, {"06a886bda2dc1121283f99f73e011787": ["2", "org.tomdroid.ui.ViewNote"]}, {"06a886bda2dc1121283f99f73e011787": ["2", "org.tomdroid.ui.ViewNote"]}, {"06a886bda2dc1121283f99f73e011787": ["2", "org.tomdroid.ui.ViewNote"]}, {"06a886bda2dc1121283f99f73e011787": ["2", "org.tomdroid.ui.ViewNote"]}, {"06a886bda2dc1121283f99f73e011787": ["2", "org.tomdroid.ui.ViewNote"]}, {"06a886bda2dc1121283f99f73e011787": ["2", "org.tomdroid.ui.ViewNote"]}, {"06a886bda2dc1121283f99f73e011787": ["2", "org.tomdroid.ui.ViewNote"]}, {"06a886bda2dc1121283f99f73e011787": ["2", "org.tomdroid.ui.ViewNote"]}, {"06a886bda2dc1121283f99f73e011787": ["2", "org.tomdroid.ui.ViewNote"]}, {"06a886bda2dc1121283f99f73e011787": ["2", "org.tomdroid.ui.ViewNote"]}, {"06a886bda2dc1121283f99f73e011787": ["2", "org.tomdroid.ui.ViewNote"]}, {"06a886bda2dc1121283f99f73e011787": ["2", "org.tomdroid.ui.ViewNote"]}, {"06a886bda2dc1121283f99f73e011787": ["2", "org.tomdroid.ui.ViewNote"]}, {"06a886bda2dc1121283f99f73e011787": ["2", "org.tomdroid.ui.ViewNote"]}, {"06a886bda2dc1121283f99f73e011787": ["2", "org.tomdroid.ui.ViewNote"]}, {"06a886bda2dc1121283f99f73e011787": ["2", "org.tomdroid.ui.ViewNote"]}, {"06a886bda2dc1121283f99f73e011787": ["2", "org.tomdroid.ui.ViewNote"]}, {"06a886bda2dc1121283f99f73e011787": ["2", "org.tomdroid.ui.ViewNote"]}, {"06a886bda2dc1121283f99f73e011787": ["2", "org.tomdroid.ui.ViewNote"]}, {"06a886bda2dc1121283f99f73e011787": ["2", "org.tomdroid.ui.ViewNote"]}, {"06a886bda2dc1121283f99f73e011787": ["2", "org.tomdroid.ui.ViewNote"]}, {"06a886bda2dc1121283f99f73e011787": ["2", "org.tomdroid.ui.ViewNote"]}, {"06a886bda2dc1121283f99f73e011787": ["2", "org.tomdroid.ui.ViewNote"]}, {"06a886bda2dc1121283f99f73e011787": ["2", "org.tomdroid.ui.ViewNote"]}, {"06a886bda2dc1121283f99f73e011787": ["2", "org.tomdroid.ui.ViewNote"]}, {"06a886bda2dc1121283f99f73e011787": ["2", "org.tomdroid.ui.ViewNote"]}, {"06a886bda2dc1121283f99f73e011787": ["2", "org.tomdroid.ui.ViewNote"]}, {"06a886bda2dc1121283f99f73e011787": ["2", "org.tomdroid.ui.ViewNote"]}, {"06a886bda2dc1121283f99f73e011787": ["2", "org.tomdroid.ui.ViewNote"]}, {"06a886bda2dc1121283f99f73e011787": ["2", "org.tomdroid.ui.ViewNote"]}, {"06a886bda2dc1121283f99f73e011787": ["2", "org.tomdroid.ui.ViewNote"]}, {"06a886bda2dc1121283f99f73e011787": ["2", "org.tomdroid.ui.ViewNote"]}, {"06a886bda2dc1121283f99f73e011787": ["2", "org.tomdroid.ui.ViewNote"]}, {"06a886bda2dc1121283f99f73e011787": ["2", "org.tomdroid.ui.ViewNote"]}, {"06a886bda2dc1121283f99f73e011787": ["2", "org.tomdroid.ui.ViewNote"]}, {"06a886bda2dc1121283f99f73e011787": ["2", "org.tomdroid.ui.ViewNote"]}, {"06a886bda2dc1121283f99f73e011787": ["2", "org.tomdroid.ui.ViewNote"]}, {"06a886bda2dc1121283f99f73e011787": ["2", "org.tomdroid.ui.ViewNote"]}, {"06a886bda2dc1121283f99f73e011787": ["2", "org.tomdroid.ui.ViewNote"]}, {"06a886bda2dc1121283f99f73e011787": ["2", "org.tomdroid.ui.ViewNote"]}, {"06a886bda2dc1121283f99f73e011787": ["2", "org.tomdroid.ui.ViewNote"]}, {"06a886bda2dc1121283f99f73e011787": ["2", "org.tomdroid.ui.ViewNote"]}, {"06a886bda2dc1121283f99f73e011787": ["2", "org.tomdroid.ui.ViewNote"]}, {"289d46eca5c2e02e7878bf72ca5ffdbd": ["1", "org.tomdroid.ui.Tomdroid"]}, {"06a886bda2dc1121283f99f73e011787": ["2", "org.tomdroid.ui.ViewNote"]}, {"06a886bda2dc1121283f99f73e011787": ["2", "org.tomdroid.ui.ViewNote"]}, {"06a886bda2dc1121283f99f73e011787": ["2", "org.tomdroid.ui.ViewNote"]}, {"06a886bda2dc1121283f99f73e011787": ["2", "org.tomdroid.ui.ViewNote"]}, {"06a886bda2dc1121283f99f73e011787": ["2", "org.tomdroid.ui.ViewNote"]}, {"06a886bda2dc1121283f99f73e011787": ["2", "org.tomdroid.ui.ViewNote"]}, {"06a886bda2dc1121283f99f73e011787": ["2", "org.tomdroid.ui.ViewNote"]}, {"06a886bda2dc1121283f99f73e011787": ["2", "org.tomdroid.ui.ViewNote"]}, {"06a886bda2dc1121283f99f73e011787": ["2", "org.tomdroid.ui.ViewNote"]}, {"06a886bda2dc1121283f99f73e011787": ["2", "org.tomdroid.ui.ViewNote"]}, {"06a886bda2dc1121283f99f73e011787": ["2", "org.tomdroid.ui.ViewNote"]}, {"06a886bda2dc1121283f99f73e011787": ["2", "org.tomdroid.ui.ViewNote"]}, {"06a886bda2dc1121283f99f73e011787": ["2", "org.tomdroid.ui.ViewNote"]}, {"06a886bda2dc1121283f99f73e011787": ["2", "org.tomdroid.ui.ViewNote"]}, {"06a886bda2dc1121283f99f73e011787": ["2", "org.tomdroid.ui.ViewNote"]}, {"289d46eca5c2e02e7878bf72ca5ffdbd": ["1", "org.tomdroid.ui.Tomdroid"]}, {"289d46eca5c2e02e7878bf72ca5ffdbd": ["1", "org.tomdroid.ui.Tomdroid"]}, {"289d46eca5c2e02e7878bf72ca5ffdbd": ["1", "org.tomdroid.ui.Tomdroid"]}, {"06a886bda2dc1121283f99f73e011787": ["2", "org.tomdroid.ui.ViewNote"]}, {"06a886bda2dc1121283f99f73e011787": ["2", "org.tomdroid.ui.ViewNote"]}, {"06a886bda2dc1121283f99f73e011787": ["2", "org.tomdroid.ui.ViewNote"]}, {"289d46eca5c2e02e7878bf72ca5ffdbd": ["1", "org.tomdroid.ui.Tomdroid"]}, {"06a886bda2dc1121283f99f73e011787": ["2", "org.tomdroid.ui.ViewNote"]}, {"06a886bda2dc1121283f99f73e011787": ["2", "org.tomdroid.ui.ViewNote"]}, {"06a886bda2dc1121283f99f73e011787": ["2", "org.tomdroid.ui.ViewNote"]}, {"06a886bda2dc1121283f99f73e011787": ["2", "org.tomdroid.ui.ViewNote"]}, {"06a886bda2dc1121283f99f73e011787": ["2", "org.tomdroid.ui.ViewNote"]}, {"06a886bda2dc1121283f99f73e011787": ["2", "org.tomdroid.ui.ViewNote"]}, {"06a886bda2dc1121283f99f73e011787": ["2", "org.tomdroid.ui.ViewNote"]}, {"06a886bda2dc1121283f99f73e011787": ["2", "org.tomdroid.ui.ViewNote"]}, {"06a886bda2dc1121283f99f73e011787": ["2", "org.tomdroid.ui.ViewNote"]}, {"06a886bda2dc1121283f99f73e011787": ["2", "org.tomdroid.ui.ViewNote"]}, {"06a886bda2dc1121283f99f73e011787": ["2", "org.tomdroid.ui.ViewNote"]}, {"06a886bda2dc1121283f99f73e011787": ["2", "org.tomdroid.ui.ViewNote"]}, {"06a886bda2dc1121283f99f73e011787": ["2", "org.tomdroid.ui.ViewNote"]}, {"06a886bda2dc1121283f99f73e011787": ["2", "org.tomdroid.ui.ViewNote"]}, {"06a886bda2dc1121283f99f73e011787": ["2", "org.tomdroid.ui.ViewNote"]}, {"06a886bda2dc1121283f99f73e011787": ["2", "org.tomdroid.ui.ViewNote"]}, {"06a886bda2dc1121283f99f73e011787": ["2", "org.tomdroid.ui.ViewNote"]}, {"06a886bda2dc1121283f99f73e011787": ["2", "org.tomdroid.ui.ViewNote"]}, {"06a886bda2dc1121283f99f73e011787": ["2", "org.tomdroid.ui.ViewNote"]}, {"06a886bda2dc1121283f99f73e011787": ["2", "org.tomdroid.ui.ViewNote"]}, {"06a886bda2dc1121283f99f73e011787": ["2", "org.tomdroid.ui.ViewNote"]}, {"06a886bda2dc1121283f99f73e011787": ["2", "org.tomdroid.ui.ViewNote"]}, {"06a886bda2dc1121283f99f73e011787": ["2", "org.tomdroid.ui.ViewNote"]}, {"06a886bda2dc1121283f99f73e011787": ["2", "org.tomdroid.ui.ViewNote"]}, {"06a886bda2dc1121283f99f73e011787": ["2", "org.tomdroid.ui.ViewNote"]}, {"06a886bda2dc1121283f99f73e011787": ["2", "org.tomdroid.ui.ViewNote"]}, {"06a886bda2dc1121283f99f73e011787": ["2", "org.tomdroid.ui.ViewNote"]}, {"06a886bda2dc1121283f99f73e011787": ["2", "org.tomdroid.ui.ViewNote"]}, {"06a886bda2dc1121283f99f73e011787": ["2", "org.tomdroid.ui.ViewNote"]}, {"06a886bda2dc1121283f99f73e011787": ["2", "org.tomdroid.ui.ViewNote"]}, {"06a886bda2dc1121283f99f73e011787": ["2", "org.tomdroid.ui.ViewNote"]}, {"06a886bda2dc1121283f99f73e011787": ["2", "org.tomdroid.ui.ViewNote"]}, {"06a886bda2dc1121283f99f73e011787": ["2", "org.tomdroid.ui.ViewNote"]}, {"06a886bda2dc1121283f99f73e011787": ["2", "org.tomdroid.ui.ViewNote"]}, {"06a886bda2dc1121283f99f73e011787": ["2", "org.tomdroid.ui.ViewNote"]}, {"06a886bda2dc1121283f99f73e011787": ["2", "org.tomdroid.ui.ViewNote"]}, {"06a886bda2dc1121283f99f73e011787": ["2", "org.tomdroid.ui.ViewNote"]}, {"06a886bda2dc1121283f99f73e011787": ["2", "org.tomdroid.ui.ViewNote"]}, {"06a886bda2dc1121283f99f73e011787": ["2", "org.tomdroid.ui.ViewNote"]}, {"289d46eca5c2e02e7878bf72ca5ffdbd": ["1", "org.tomdroid.ui.Tomdroid"]}, {"06a886bda2dc1121283f99f73e011787": ["2", "org.tomdroid.ui.ViewNote"]}, {"289d46eca5c2e02e7878bf72ca5ffdbd": ["1", "org.tomdroid.ui.Tomdroid"]}, {"289d46eca5c2e02e7878bf72ca5ffdbd": ["1", "org.tomdroid.ui.Tomdroid"]}, {"06a886bda2dc1121283f99f73e011787": ["2", "org.tomdroid.ui.ViewNote"]}, {"06a886bda2dc1121283f99f73e011787": ["2", "org.tomdroid.ui.ViewNote"]}, {"06a886bda2dc1121283f99f73e011787": ["2", "org.tomdroid.ui.ViewNote"]}, {"06a886bda2dc1121283f99f73e011787": ["2", "org.tomdroid.ui.ViewNote"]}, {"06a886bda2dc1121283f99f73e011787": ["2", "org.tomdroid.ui.ViewNote"]}, {"06a886bda2dc1121283f99f73e011787": ["2", "org.tomdroid.ui.ViewNote"]}, {"289d46eca5c2e02e7878bf72ca5ffdbd": ["1", "org.tomdroid.ui.Tomdroid"]}, {"06a886bda2dc1121283f99f73e011787": ["2", "org.tomdroid.ui.ViewNote"]}, {"06a886bda2dc1121283f99f73e011787": ["2", "org.tomdroid.ui.ViewNote"]}, {"06a886bda2dc1121283f99f73e011787": ["2", "org.tomdroid.ui.ViewNote"]}, {"06a886bda2dc1121283f99f73e011787": ["2", "org.tomdroid.ui.ViewNote"]}, {"06a886bda2dc1121283f99f73e011787": ["2", "org.tomdroid.ui.ViewNote"]}, {"06a886bda2dc1121283f99f73e011787": ["2", "org.tomdroid.ui.ViewNote"]}, {"06a886bda2dc1121283f99f73e011787": ["2", "org.tomdroid.ui.ViewNote"]}, {"06a886bda2dc1121283f99f73e011787": ["2", "org.tomdroid.ui.ViewNote"]}, {"06a886bda2dc1121283f99f73e011787": ["2", "org.tomdroid.ui.ViewNote"]}, {"06a886bda2dc1121283f99f73e011787": ["2", "org.tomdroid.ui.ViewNote"]}, {"06a886bda2dc1121283f99f73e011787": ["2", "org.tomdroid.ui.ViewNote"]}, {"06a886bda2dc1121283f99f73e011787": ["2", "org.tomdroid.ui.ViewNote"]}, {"06a886bda2dc1121283f99f73e011787": ["2", "org.tomdroid.ui.ViewNote"]}, {"289d46eca5c2e02e7878bf72ca5ffdbd": ["1", "org.tomdroid.ui.Tomdroid"]}, {"289d46eca5c2e02e7878bf72ca5ffdbd": ["1", "org.tomdroid.ui.Tomdroid"]}, {"06a886bda2dc1121283f99f73e011787": ["2", "org.tomdroid.ui.ViewNote"]}, {"06a886bda2dc1121283f99f73e011787": ["2", "org.tomdroid.ui.ViewNote"]}, {"06a886bda2dc1121283f99f73e011787": ["2", "org.tomdroid.ui.ViewNote"]}, {"289d46eca5c2e02e7878bf72ca5ffdbd": ["1", "org.tomdroid.ui.Tomdroid"]}, {"06a886bda2dc1121283f99f73e011787": ["2", "org.tomdroid.ui.ViewNote"]}, {"06a886bda2dc1121283f99f73e011787": ["2", "org.tomdroid.ui.ViewNote"]}, {"06a886bda2dc1121283f99f73e011787": ["2", "org.tomdroid.ui.ViewNote"]}, {"06a886bda2dc1121283f99f73e011787": ["2", "org.tomdroid.ui.ViewNote"]}, {"06a886bda2dc1121283f99f73e011787": ["2", "org.tomdroid.ui.ViewNote"]}, {"06a886bda2dc1121283f99f73e011787": ["2", "org.tomdroid.ui.ViewNote"]}, {"06a886bda2dc1121283f99f73e011787": ["2", "org.tomdroid.ui.ViewNote"]}, {"06a886bda2dc1121283f99f73e011787": ["2", "org.tomdroid.ui.ViewNote"]}, {"06a886bda2dc1121283f99f73e011787": ["2", "org.tomdroid.ui.ViewNote"]}, {"06a886bda2dc1121283f99f73e011787": ["2", "org.tomdroid.ui.ViewNote"]}, {"289d46eca5c2e02e7878bf72ca5ffdbd": ["1", "org.tomdroid.ui.Tomdroid"]}, {"06a886bda2dc1121283f99f73e011787": ["2", "org.tomdroid.ui.ViewNote"]}, {"06a886bda2dc1121283f99f73e011787": ["2", "org.tomdroid.ui.ViewNote"]}, {"06a886bda2dc1121283f99f73e011787": ["2", "org.tomdroid.ui.ViewNote"]}, {"06a886bda2dc1121283f99f73e011787": ["2", "org.tomdroid.ui.ViewNote"]}, {"06a886bda2dc1121283f99f73e011787": ["2", "org.tomdroid.ui.ViewNote"]}, {"06a886bda2dc1121283f99f73e011787": ["2", "org.tomdroid.ui.ViewNote"]}, {"06a886bda2dc1121283f99f73e011787": ["2", "org.tomdroid.ui.ViewNote"]}, {"06a886bda2dc1121283f99f73e011787": ["2", "org.tomdroid.ui.ViewNote"]}, {"06a886bda2dc1121283f99f73e011787": ["2", "org.tomdroid.ui.ViewNote"]}, {"06a886bda2dc1121283f99f73e011787": ["2", "org.tomdroid.ui.ViewNote"]}, {"06a886bda2dc1121283f99f73e011787": ["2", "org.tomdroid.ui.ViewNote"]}, {"06a886bda2dc1121283f99f73e011787": ["2", "org.tomdroid.ui.ViewNote"]}, {"06a886bda2dc1121283f99f73e011787": ["2", "org.tomdroid.ui.ViewNote"]}, {"06a886bda2dc1121283f99f73e011787": ["2", "org.tomdroid.ui.ViewNote"]}, {"06a886bda2dc1121283f99f73e011787": ["2", "org.tomdroid.ui.ViewNote"]}, {"06a886bda2dc1121283f99f73e011787": ["2", "org.tomdroid.ui.ViewNote"]}, {"06a886bda2dc1121283f99f73e011787": ["2", "org.tomdroid.ui.ViewNote"]}, {"06a886bda2dc1121283f99f73e011787": ["2", "org.tomdroid.ui.ViewNote"]}, {"06a886bda2dc1121283f99f73e011787": ["2", "org.tomdroid.ui.ViewNote"]}, {"06a886bda2dc1121283f99f73e011787": ["2", "org.tomdroid.ui.ViewNote"]}, {"06a886bda2dc1121283f99f73e011787": ["2", "org.tomdroid.ui.ViewNote"]}, {"06a886bda2dc1121283f99f73e011787": ["2", "org.tomdroid.ui.ViewNote"]}, {"06a886bda2dc1121283f99f73e011787": ["2", "org.tomdroid.ui.ViewNote"]}, {"289d46eca5c2e02e7878bf72ca5ffdbd": ["1", "org.tomdroid.ui.Tomdroid"]}, {"06a886bda2dc1121283f99f73e011787": ["2", "org.tomdroid.ui.ViewNote"]}, {"06a886bda2dc1121283f99f73e011787": ["2", "org.tomdroid.ui.ViewNote"]}, {"06a886bda2dc1121283f99f73e011787": ["2", "org.tomdroid.ui.ViewNote"]}, {"06a886bda2dc1121283f99f73e011787": ["2", "org.tomdroid.ui.ViewNote"]}, {"289d46eca5c2e02e7878bf72ca5ffdbd": ["1", "org.tomdroid.ui.Tomdroid"]}, {"289d46eca5c2e02e7878bf72ca5ffdbd": ["1", "org.tomdroid.ui.Tomdroid"]}, {"06a886bda2dc1121283f99f73e011787": ["2", "org.tomdroid.ui.ViewNote"]}, {"289d46eca5c2e02e7878bf72ca5ffdbd": ["1", "org.tomdroid.ui.Tomdroid"]}, {"06a886bda2dc1121283f99f73e011787": ["2", "org.tomdroid.ui.ViewNote"]}, {"06a886bda2dc1121283f99f73e011787": ["2", "org.tomdroid.ui.ViewNote"]}, {"06a886bda2dc1121283f99f73e011787": ["2", "org.tomdroid.ui.ViewNote"]}, {"06a886bda2dc1121283f99f73e011787": ["2", "org.tomdroid.ui.ViewNote"]}, {"06a886bda2dc1121283f99f73e011787": ["2", "org.tomdroid.ui.ViewNote"]}, {"289d46eca5c2e02e7878bf72ca5ffdbd": ["1", "org.tomdroid.ui.Tomdroid"]}, {"06a886bda2dc1121283f99f73e011787": ["2", "org.tomdroid.ui.ViewNote"]}, {"06a886bda2dc1121283f99f73e011787": ["2", "org.tomdroid.ui.ViewNote"]}, {"06a886bda2dc1121283f99f73e011787": ["2", "org.tomdroid.ui.ViewNote"]}, {"06a886bda2dc1121283f99f73e011787": ["2", "org.tomdroid.ui.ViewNote"]}, {"06a886bda2dc1121283f99f73e011787": ["2", "org.tomdroid.ui.ViewNote"]}, {"06a886bda2dc1121283f99f73e011787": ["2", "org.tomdroid.ui.ViewNote"]}, {"06a886bda2dc1121283f99f73e011787": ["2", "org.tomdroid.ui.ViewNote"]}, {"06a886bda2dc1121283f99f73e011787": ["2", "org.tomdroid.ui.ViewNote"]}, {"06a886bda2dc1121283f99f73e011787": ["2", "org.tomdroid.ui.ViewNote"]}, {"06a886bda2dc1121283f99f73e011787": ["2", "org.tomdroid.ui.ViewNote"]}, {"06a886bda2dc1121283f99f73e011787": ["2", "org.tomdroid.ui.ViewNote"]}, {"06a886bda2dc1121283f99f73e011787": ["2", "org.tomdroid.ui.ViewNote"]}, {"06a886bda2dc1121283f99f73e011787": ["2", "org.tomdroid.ui.ViewNote"]}, {"06a886bda2dc1121283f99f73e011787": ["2", "org.tomdroid.ui.ViewNote"]}, {"06a886bda2dc1121283f99f73e011787": ["2", "org.tomdroid.ui.ViewNote"]}, {"06a886bda2dc1121283f99f73e011787": ["2", "org.tomdroid.ui.ViewNote"]}, {"06a886bda2dc1121283f99f73e011787": ["2", "org.tomdroid.ui.ViewNote"]}, {"06a886bda2dc1121283f99f73e011787": ["2", "org.tomdroid.ui.ViewNote"]}, {"06a886bda2dc1121283f99f73e011787": ["2", "org.tomdroid.ui.ViewNote"]}, {"06a886bda2dc1121283f99f73e011787": ["2", "org.tomdroid.ui.ViewNote"]}, {"06a886bda2dc1121283f99f73e011787": ["2", "org.tomdroid.ui.ViewNote"]}, {"06a886bda2dc1121283f99f73e011787": ["2", "org.tomdroid.ui.ViewNote"]}, {"06a886bda2dc1121283f99f73e011787": ["2", "org.tomdroid.ui.ViewNote"]}, {"06a886bda2dc1121283f99f73e011787": ["2", "org.tomdroid.ui.ViewNote"]}, {"06a886bda2dc1121283f99f73e011787": ["2", "org.tomdroid.ui.ViewNote"]}, {"06a886bda2dc1121283f99f73e011787": ["2", "org.tomdroid.ui.ViewNote"]}, {"06a886bda2dc1121283f99f73e011787": ["2", "org.tomdroid.ui.ViewNote"]}, {"06a886bda2dc1121283f99f73e011787": ["2", "org.tomdroid.ui.ViewNote"]}, {"06a886bda2dc1121283f99f73e011787": ["2", "org.tomdroid.ui.ViewNote"]}, {"06a886bda2dc1121283f99f73e011787": ["2", "org.tomdroid.ui.ViewNote"]}, {"06a886bda2dc1121283f99f73e011787": ["2", "org.tomdroid.ui.ViewNote"]}, {"06a886bda2dc1121283f99f73e011787": ["2", "org.tomdroid.ui.ViewNote"]}, {"06a886bda2dc1121283f99f73e011787": ["2", "org.tomdroid.ui.ViewNote"]}, {"06a886bda2dc1121283f99f73e011787": ["2", "org.tomdroid.ui.ViewNote"]}, {"06a886bda2dc1121283f99f73e011787": ["2", "org.tomdroid.ui.ViewNote"]}, {"06a886bda2dc1121283f99f73e011787": ["2", "org.tomdroid.ui.ViewNote"]}, {"06a886bda2dc1121283f99f73e011787": ["2", "org.tomdroid.ui.ViewNote"]}, {"289d46eca5c2e02e7878bf72ca5ffdbd": ["1", "org.tomdroid.ui.Tomdroid"]}, {"06a886bda2dc1121283f99f73e011787": ["2", "org.tomdroid.ui.ViewNote"]}, {"06a886bda2dc1121283f99f73e011787": ["2", "org.tomdroid.ui.ViewNote"]}, {"06a886bda2dc1121283f99f73e011787": ["2", "org.tomdroid.ui.ViewNote"]}, {"06a886bda2dc1121283f99f73e011787": ["2", "org.tomdroid.ui.ViewNote"]}, {"06a886bda2dc1121283f99f73e011787": ["2", "org.tomdroid.ui.ViewNote"]}, {"06a886bda2dc1121283f99f73e011787": ["2", "org.tomdroid.ui.ViewNote"]}, {"06a886bda2dc1121283f99f73e011787": ["2", "org.tomdroid.ui.ViewNote"]}, {"06a886bda2dc1121283f99f73e011787": ["2", "org.tomdroid.ui.ViewNote"]}, {"06a886bda2dc1121283f99f73e011787": ["2", "org.tomdroid.ui.ViewNote"]}, {"06a886bda2dc1121283f99f73e011787": ["2", "org.tomdroid.ui.ViewNote"]}, {"06a886bda2dc1121283f99f73e011787": ["2", "org.tomdroid.ui.ViewNote"]}, {"06a886bda2dc1121283f99f73e011787": ["2", "org.tomdroid.ui.ViewNote"]}, {"06a886bda2dc1121283f99f73e011787": ["2", "org.tomdroid.ui.ViewNote"]}, {"06a886bda2dc1121283f99f73e011787": ["2", "org.tomdroid.ui.ViewNote"]}, {"06a886bda2dc1121283f99f73e011787": ["2", "org.tomdroid.ui.ViewNote"]}, {"06a886bda2dc1121283f99f73e011787": ["2", "org.tomdroid.ui.ViewNote"]}, {"06a886bda2dc1121283f99f73e011787": ["2", "org.tomdroid.ui.ViewNote"]}, {"06a886bda2dc1121283f99f73e011787": ["2", "org.tomdroid.ui.ViewNote"]}, {"06a886bda2dc1121283f99f73e011787": ["2", "org.tomdroid.ui.ViewNote"]}, {"06a886bda2dc1121283f99f73e011787": ["2", "org.tomdroid.ui.ViewNote"]}, {"06a886bda2dc1121283f99f73e011787": ["2", "org.tomdroid.ui.ViewNote"]}, {"06a886bda2dc1121283f99f73e011787": ["2", "org.tomdroid.ui.ViewNote"]}]