{"state_map": {"0": "1ccb6290ea98bb94f0a12dd60214fff3", "1": "008d02c1066036047d3b8c7696fde555", "2": "e4a7bba61cc62ae868a34b903fa0d2ba", "3": "c64519dd7cee8be80dbc8cc90a20ea72", "4": "608a5864a64f3c15e3800464c1722fee", "5": "d175d5f50bd007037f14b020c6f23c93", "6": "5d6d313ffc3bfd78288550bcae68403c", "7": "fa915659e42e168803aafee40485ad07", "8": "b1eba837f742351413810e756c8edeae", "9": "e87d6f680036de5f3a809cecb5e34ba2", "10": "a2c23685dc5817b9feb60b486758f25e", "11": "8b84c9991ecfefd8cde43bb67f673e1b", "12": "c178379772d3bcd3f448c7c4b65f8861", "13": "833793e9aefa8385043f671cb5eeb4b4", "14": "e71f04ecb1e2eae5bafe4cd22d3f4b76", "15": "a1029bda9832546270cade622bf7eda2", "16": "b8fe36e76c0b82997ef986f636939c22", "17": "f5efcee9b712a0cbd339c96fc05bcd9a", "18": "4969a92f21cb7e52ea76e2f3df56db6c", "19": "c7cde986b66d7ba6f5678b893ddda7c2", "20": "81c685903f5fb18ece5e0dcd579b83ea", "21": "6cd73ae9adef9b5e89ffac6faac368ff", "22": "9e928143021f76b00f0d04d39e3c9a75", "23": "e763e522d0802568a86f8189a3e41547", "24": "de47a5b604cabfb0adffd5ad2e60f36c", "25": "f571c25bf6cb6bb432a821aea810add5", "26": "7de14d9570b524e265f4582c0a84b72c", "27": "f848a39e3b32b390f1db5c27c4fe07d6", "28": "c2808f19179d8a4a5ca531f07aa194f1", "29": "d453ef822a67b96542db13c6d29de4a4", "30": "e031762fa70538c642735193feee4cfe", "31": "20e1d6a26fa4da2593fbafd7454a886b", "32": "85aa44e4e39be5e96843b05a8d08f7db", "33": "3af88ac336b92005971664fb6b9f6f90", "34": "8c6fea8daf74d5713f3e788ae4d7a6ef", "35": "31c8a4c3311071d4e8f96467c5686b70", "36": "fc3b255db6cdbea0e904d003119c2cee", "37": "65d777aa1a903cf31f3afe88b6678a04", "38": "b3ec4c07995565f48e8a95b84d05ce6a", "39": "0093f37ee04b99d79bb4200780685621", "40": "948000fca3537bb11e1e89ae1e6d05c4", "41": "1e89c8fc65cb14a4161554a9fc7656bd", "42": "aefc47f1db0f236a1988302218abaef9", "43": "a1445f2c9c8683e50e0589dc10562107", "44": "ca75a1d734d02fc4aeac19f2812aa939", "45": "9153eeb59bd4adac1657bcc0bf944488", "46": "d535f59960c0b2f3946110933b359b76", "47": "fe0abae8d6ccbb72ca274f9ab3f24d10", "48": "4f38e891a76c3f97181f928e70cd74cc", "49": "00a8f76627f260be956f37997c88e25e", "50": "e8e394c889fa3109664a9caf1af888ba", "51": "476899433055b7b33b6591f26b26e02d", "52": "a628e2422cfd4db5ed9c150ced52a673", "53": "1e18b645271e6ff1f7e756ba32a7c69d", "54": "705868673dd2018308798ff8abc50fed", "55": "e0aec4cde516221faf714015ffe14c8b", "56": "e12f0e47d0bbb3f51850c354855b68bf", "57": "1b40cd242bce666576985d6fdf768bb5", "58": "9174a4da14944b253c66636a27645163", "59": "04ae9d57f66e9d4a4d820aa42c3eeddb", "60": "a42191af248ef310dc830ee0664b6be3", "61": "ecfaddc9429ee95a9dc82247809f676b", "62": "2f5efd7d2a82e28127449dc386097fb8", "63": "2cb13c2f63f64040832570d31d56dcdc", "64": "79ab8af36e5784961bd65339a053e3b1", "65": "3eec676fe40d8933f3e68d4dc838e39f", "66": "a67d24423588d91e4e14c03d70c6b98c", "67": "d54482d56315a33d0b606af873eeeded", "68": "0f1e22013959510a373d693724f0eec4", "69": "eac7271035847248ff82ee743b04699b"}, "act_map": {"0": "org.totschnig.myexpenses.MyExpenses", "1": "org.totschnig.myexpenses.MyExpenses", "2": "org.totschnig.myexpenses.MyExpenses", "3": "org.totschnig.myexpenses.ExpenseEdit", "4": "org.totschnig.myexpenses.ExpenseEdit", "5": "org.totschnig.myexpenses.SelectCategory", "6": "org.totschnig.myexpenses.SelectCategory", "7": "org.totschnig.myexpenses.SelectCategory", "8": "org.totschnig.myexpenses.MyPreferenceActivity", "9": "org.totschnig.myexpenses.ManageAccounts", "10": "org.totschnig.myexpenses.AccountEdit", "11": "org.totschnig.myexpenses.AccountEdit", "12": "org.totschnig.myexpenses.AccountEdit", "13": "org.totschnig.myexpenses.MyExpenses", "14": "org.totschnig.myexpenses.MyExpenses", "15": "org.totschnig.myexpenses.ManageParties", "16": "org.totschnig.myexpenses.ManageMethods", "17": "org.totschnig.myexpenses.MethodEdit", "18": "org.totschnig.myexpenses.MethodEdit", "19": "org.totschnig.myexpenses.ManageMethods", "20": "org.totschnig.myexpenses.ExpenseEdit", "21": "org.totschnig.myexpenses.GrisbiImport", "22": "org.totschnig.myexpenses.MyExpenses", "23": "org.totschnig.myexpenses.MyExpenses", "24": "org.totschnig.myexpenses.ExpenseEdit", "25": "org.totschnig.myexpenses.ManageAccounts", "26": "org.totschnig.myexpenses.SelectCategory", "27": "org.totschnig.myexpenses.ManageAccounts", "28": "org.totschnig.myexpenses.ManageAccounts", "29": "org.totschnig.myexpenses.ManageAccounts", "30": "org.totschnig.myexpenses.ManageAccounts", "31": "org.totschnig.myexpenses.ManageAccounts", "32": "org.totschnig.myexpenses.ManageAccounts", "33": "org.totschnig.myexpenses.ManageMethods", "34": "org.totschnig.myexpenses.ManageMethods", "35": "org.totschnig.myexpenses.ManageMethods", "36": "org.totschnig.myexpenses.MyPreferenceActivity", "37": "org.totschnig.myexpenses.AccountEdit", "38": "org.totschnig.myexpenses.SelectCategory", "39": "org.totschnig.myexpenses.SelectCategory", "40": "org.totschnig.myexpenses.SelectCategory", "41": "org.totschnig.myexpenses.MyPreferenceActivity", "42": "org.totschnig.myexpenses.Backup", "43": "org.totschnig.myexpenses.MyPreferenceActivity", "44": "org.totschnig.myexpenses.MyPreferenceActivity", "45": "org.totschnig.myexpenses.ExpenseEdit", "46": "org.totschnig.myexpenses.MyExpenses", "47": "org.totschnig.myexpenses.MyPreferenceActivity", "48": "org.totschnig.myexpenses.MyPreferenceActivity", "49": "org.totschnig.myexpenses.MyPreferenceActivity", "50": "org.totschnig.myexpenses.MyPreferenceActivity", "51": "org.totschnig.myexpenses.MyExpenses", "52": "org.totschnig.myexpenses.MyPreferenceActivity", "53": "org.totschnig.myexpenses.MyPreferenceActivity", "54": "org.totschnig.myexpenses.SelectCategory", "55": "org.totschnig.myexpenses.SelectCategory", "56": "org.totschnig.myexpenses.MyExpenses", "57": "org.totschnig.myexpenses.MyExpenses", "58": "org.totschnig.myexpenses.MyPreferenceActivity", "59": "org.totschnig.myexpenses.MyPreferenceActivity", "60": "org.totschnig.myexpenses.MyPreferenceActivity", "61": "org.totschnig.myexpenses.MyPreferenceActivity", "62": "org.totschnig.myexpenses.MyExpenses", "63": "org.totschnig.myexpenses.MyPreferenceActivity", "64": "org.totschnig.myexpenses.MyExpenses", "65": "org.totschnig.myexpenses.SelectCategory", "66": "org.totschnig.myexpenses.MyExpenses", "67": "org.totschnig.myexpenses.MyExpenses", "68": "org.totschnig.myexpenses.MyExpenses", "69": "org.totschnig.myexpenses.ExpenseEdit"}, "state_num": 70, "transition": [[0, 1, 0.10322141222044622], [0, 2, 0.040325024621229645], [0, 3, 0.020954886310754546], [0, 7, 0.00879570446220389], [0, 8, 0.04311596669911658], [0, 9, 0.00879570446220389], [0, 13, 0.22738637133218803], [0, 10, 0.00879570446220389], [0, 14, 0.022244370371230393], [0, 12, 0.01520308625291884], [0, 20, 0.02496407293772916], [0, 22, 0.16021897983533598], [0, 23, 0.07705897045155854], [0, 11, 0.011000824735826836], [0, 24, 0.020954886310754546], [0, 25, 0.00879570446220389], [0, 36, 0.016114683300966198], [0, 15, 0.00879570446220389], [0, 21, 0.00975104314910993], [0, 42, 0.059039261777684114], [0, 56, 0.012243620611387814], [0, 64, 0.012243620611387814], [0, 0, 0.07998039615935544], [1, 0, 0.30356717551420265], [1, 2, 0.1462666503178077], [1, 46, 0.30356717551420265], [1, 66, 0.1462666503178077], [1, 1, 0.10033234833597933], [2, 1, 0.09890731057808884], [2, 0, 0.5611909377231478], [2, 14, 0.010872403528555319], [2, 46, 0.1468887641584587], [2, 56, 0.010872403528555319], [2, 3, 0.07344438207922935], [2, 64, 0.010872403528555319], [2, 2, 0.08695139487540945], [3, 0, 0.20190017150136536], [3, 4, 0.10510771905905535], [3, 5, 0.06572799649856145], [3, 6, 0.018849588253138767], [3, 7, 0.06572799649856145], [3, 20, 0.10510771905905535], [3, 23, 0.030517299549149085], [3, 21, 0.006464424447563613], [3, 14, 0.04976600526906685], [3, 8, 0.04313603858212901], [3, 12, 0.01007883986861013], [3, 39, 0.06561603965569662], [3, 51, 0.013347377258827729], [3, 52, 0.04067298803910272], [3, 62, 0.006629966686937841], [3, 56, 0.04976600526906686], [3, 2, 0.014624547876429878], [3, 65, 0.045189887498082774], [3, 46, 0.008746628348814955], [3, 3, 0.05302276078078417], [4, 3, 0.7048627019609939], [4, 4, 0.295137298039006], [5, 3, 0.11064438907194332], [5, 6, 0.20146242676270526], [5, 21, 0.17919974334293512], [5, 8, 0.04067808421762622], [5, 65, 0.09812465544380872], [5, 5, 0.3698907011609814], [6, 5, 0.08230842690896199], [6, 3, 0.0783153635321992], [6, 7, 0.08230842690896199], [6, 8, 0.0783153635321992], [6, 24, 0.0783153635321992], [6, 26, 0.08230842690896199], [6, 38, 0.09545537696333085], [6, 39, 0.08230842690896199], [6, 40, 0.09064872102286133], [6, 54, 0.0431507451428624], [6, 55, 0.0431507451428624], [6, 65, 0.08794752727702872], [6, 46, 0.0391576817660996], [6, 6, 0.036309404452509304], [7, 3, 0.12249094187225967], [7, 6, 0.22303275035473497], [7, 0, 0.0774575073603995], [7, 8, 0.12249094187225967], [7, 24, 0.045033434511860176], [7, 7, 0.409494424028486], [8, 0, 0.06030466101878279], [8, 9, 0.050152331309815036], [8, 15, 0.05525409027280891], [8, 16, 0.060339523607121213], [8, 17, 0.005101758962993879], [8, 12, 0.008818222791510589], [8, 19, 0.0654412825701151], [8, 7, 0.05525409027280891], [8, 6, 0.016491964443457345], [8, 25, 0.050152331309815036], [8, 10, 0.005101758962993879], [8, 5, 0.050152331309815036], [8, 36, 0.06968649863564694], [8, 21, 0.005655882595678608], [8, 39, 0.050152331309815036], [8, 3, 0.005101758962993879], [8, 41, 0.0654412825701151], [8, 46, 0.005101758962993879], [8, 47, 0.050152331309815036], [8, 44, 0.0123401074814806], [8, 50, 0.060339523607121213], [8, 52, 0.0654412825701151], [8, 58, 0.060339523607121213], [8, 42, 0.016190706130492973], [8, 63, 0.005101758962993879], [8, 8, 0.04639090646157891], [9, 8, 0.006870520738228011], [9, 10, 0.5505650570454588], [9, 0, 0.17729241354582617], [9, 13, 0.16686557033973262], [9, 12, 0.01187546942198827], [9, 11, 0.00859298931767109], [9, 52, 0.006870520738228011], [9, 37, 0.00859298931767109], [9, 9, 0.06247446953519589], [10, 9, 0.0956558306758962], [10, 11, 0.017507866672366052], [10, 12, 0.04399291500374273], [10, 13, 0.16887723370411292], [10, 0, 0.15079310641789917], [10, 22, 0.11631279672336255], [10, 23, 0.04145464229299571], [10, 25, 0.06368155091751918], [10, 8, 0.02475392222073378], [10, 27, 0.04051855493389323], [10, 28, 0.04051855493389323], [10, 29, 0.04051855493389323], [10, 32, 0.021277247751529598], [10, 37, 0.017507866672366052], [10, 52, 0.014323898813121233], [10, 53, 0.014323898813121233], [10, 41, 0.010430023407612548], [10, 46, 0.014323898813121233], [10, 10, 0.06322763629881988], [11, 10, 0.1369900370784199], [11, 0, 0.12371226562077821], [11, 25, 0.12371226562077821], [11, 9, 0.12371226562077821], [11, 27, 0.12371226562077821], [11, 29, 0.12371226562077821], [11, 28, 0.12371226562077821], [11, 11, 0.12073636919691069], [12, 10, 0.12268673552589919], [12, 8, 0.11384533331637159], [12, 0, 0.11384533331637159], [12, 9, 0.11384533331637159], [12, 25, 0.11384533331637159], [12, 27, 0.11384533331637159], [12, 28, 0.11384533331637159], [12, 3, 0.11384533331637159], [12, 12, 0.08039593125949954], [13, 0, 0.30555858266431407], [13, 10, 0.2952628929912266], [13, 9, 0.2952628929912266], [13, 46, 0.010295689673087458], [13, 13, 0.09361994168014504], [14, 0, 0.17925087083619137], [14, 2, 0.0734159187022761], [14, 23, 0.1744477514717486], [14, 3, 0.25266678953846744], [14, 46, 0.03172643042501391], [14, 14, 0.28849223902630255], [15, 8, 0.17523172784344243], [15, 0, 0.11662579879881288], [15, 50, 0.058605929044629586], [15, 48, 0.11662579879881288], [15, 15, 0.5329107455143022], [16, 8, 0.03012380978980874], [16, 17, 0.37806586238601564], [16, 18, 0.07588636338539052], [16, 35, 0.2118807373730706], [16, 52, 0.03012380978980874], [16, 16, 0.2739194172759057], [17, 16, 0.158811387604093], [17, 18, 0.12300916184630559], [17, 19, 0.158811387604093], [17, 8, 0.06245233959333808], [17, 33, 0.07999513161393869], [17, 34, 0.04385698005150147], [17, 35, 0.06245233959333808], [17, 48, 0.03613815156243721], [17, 41, 0.11495440755259154], [17, 17, 0.15951871297836362], [18, 17, 0.2977215875780125], [18, 16, 0.28265977595407793], [18, 19, 0.28265977595407793], [18, 18, 0.1369588605138316], [19, 17, 0.2916884301545898], [19, 8, 0.25171328196282744], [19, 35, 0.1634719391862076], [19, 18, 0.058548460488677186], [19, 53, 0.023241365227768814], [19, 19, 0.2113365229799292], [20, 3, 0.4626763369354197], [20, 0, 0.37558771692874143], [20, 20, 0.16173594613583875], [21, 5, 0.12288068676905736], [21, 26, 0.07389991150273097], [21, 3, 0.06989548280061254], [21, 38, 0.03494774140030627], [21, 8, 0.07389991150273097], [21, 41, 0.12288068676905736], [21, 0, 0.038952170102424695], [21, 47, 0.0489807752663264], [21, 42, 0.0652163356772585], [21, 49, 0.0489807752663264], [21, 48, 0.0489807752663264], [21, 60, 0.014033033866020127], [21, 61, 0.03494774140030627], [21, 63, 0.038952170102424695], [21, 65, 0.03494774140030627], [21, 21, 0.12760406090778495], [22, 0, 0.23690202690169662], [22, 10, 0.2295157297019857], [22, 42, 0.2295157297019857], [22, 46, 0.23690202690169662], [22, 22, 0.06716448679263536], [23, 0, 0.30041533610110865], [23, 10, 0.09548062689692334], [23, 3, 0.11301068348872739], [23, 14, 0.11445516004553906], [23, 57, 0.011987805443446416], [23, 62, 0.10246735460209264], [23, 67, 0.03408240302517512], [23, 68, 0.13222887563135144], [23, 23, 0.09587175476563611], [24, 0, 0.20433873445714887], [24, 7, 0.1261244185061237], [24, 6, 0.08262610461854204], [24, 26, 0.12587904026000285], [24, 45, 0.19026907647611588], [24, 46, 0.038340350956384876], [24, 24, 0.23242227472568167], [25, 10, 0.4542641059916735], [25, 11, 0.011051094640653906], [25, 0, 0.4302304641335307], [25, 8, 0.00883589774196427], [25, 12, 0.015272559016767441], [25, 25, 0.08034587847541015], [26, 21, 0.04587346779754731], [26, 6, 0.20493431857309133], [26, 24, 0.04137910777684166], [26, 38, 0.1776176324149143], [26, 50, 0.11255117315300932], [26, 53, 0.04137910777684166], [26, 26, 0.3762651925077544], [27, 10, 0.6795989739314147], [27, 11, 0.03319394011813377], [27, 12, 0.04587386371557173], [27, 27, 0.24133322223487977], [28, 10, 0.42279140371333085], [28, 11, 0.020650579349959924], [28, 12, 0.028539000172207393], [28, 29, 0.37788104465855316], [28, 28, 0.15013797210594865], [29, 10, 0.7288388133916297], [29, 30, 0.047124029689382806], [29, 31, 0.05327089395366905], [29, 11, 0.01882769711478708], [29, 28, 0.015053676747183362], [29, 29, 0.136884889103348], [30, 29, 0.016002279079442943], [30, 31, 0.8384870769776928], [30, 30, 0.14551064394286423], [31, 30, 0.1860718349435769], [31, 29, 0.5733744968413669], [31, 31, 0.24055366821505622], [32, 10, 0.7379468073333579], [32, 32, 0.26205319266664207], [33, 17, 0.4376440963422012], [33, 35, 0.2452703697042039], [33, 33, 0.31708553395359484], [34, 17, 0.5435987215110583], [34, 34, 0.4564012784889417], [35, 17, 0.005977748816064825], [35, 33, 0.3132219546231999], [35, 19, 0.3132219546231999], [35, 16, 0.3132219546231999], [35, 35, 0.05435638731433538], [36, 8, 0.06999064775502475], [36, 0, 0.16039454006931586], [36, 48, 0.1709821015834988], [36, 50, 0.1709821015834988], [36, 61, 0.010587561514182931], [36, 41, 0.16039454006931586], [36, 47, 0.16039454006931586], [36, 36, 0.0962739673558471], [37, 10, 0.3591403996806371], [37, 9, 0.32433068468336457], [37, 37, 0.31652891563599844], [38, 21, 0.007711851234568026], [38, 6, 0.24492860205157527], [38, 40, 0.2224416472390932], [38, 26, 0.2224416472390932], [38, 65, 0.239221797565447], [38, 38, 0.06325445467022325], [39, 6, 0.24544634961886644], [39, 8, 0.049559053969231104], [39, 3, 0.1348006267963086], [39, 65, 0.11954754478689907], [39, 39, 0.45064642482869477], [40, 38, 0.10565316869531272], [40, 6, 0.6459174208195427], [40, 49, 0.02461373792099416], [40, 40, 0.22381567256415044], [41, 8, 0.18738349745853533], [41, 21, 0.14691038394513264], [41, 42, 0.15127470110804478], [41, 43, 0.20435351444085734], [41, 44, 0.11624156576582005], [41, 48, 0.008159596315166487], [41, 36, 0.014949264274130939], [41, 10, 0.008159596315166487], [41, 17, 0.008159596315166487], [41, 49, 0.08021209561661263], [41, 41, 0.07419618844536668], [42, 41, 0.20829429765589935], [42, 22, 0.11140945182372554], [42, 0, 0.20163407784010703], [42, 21, 0.07956045676496439], [42, 8, 0.06472861777628766], [42, 63, 0.06472861777628766], [42, 46, 0.2090823023513511], [42, 42, 0.0605621780113772], [43, 41, 0.6840324446160553], [43, 43, 0.31596755538394483], [44, 41, 0.2854986627509851], [44, 47, 0.21105517877336055], [44, 49, 0.21105517877336055], [44, 8, 0.20100518557803743], [44, 44, 0.09138579412425635], [45, 24, 0.6849205868010576], [45, 45, 0.31507941319894245], [46, 24, 0.016965869091023354], [46, 14, 0.023616489774704506], [46, 2, 0.04255093875467957], [46, 8, 0.02524521320744275], [46, 3, 0.016965869091023354], [46, 13, 0.02654819195363334], [46, 10, 0.016965869091023354], [46, 22, 0.309043380148146], [46, 42, 0.11387972286416147], [46, 6, 0.05484392967818946], [46, 1, 0.19910184279700663], [46, 46, 0.15427268354896628], [47, 8, 0.014742687637859488], [47, 21, 0.2654364036656275], [47, 44, 0.21002424978253595], [47, 48, 0.17436471523049174], [47, 36, 0.02701020063942071], [47, 53, 0.17436471523049174], [47, 47, 0.13405702781357287], [48, 47, 0.017672764623941614], [48, 36, 0.24139774081598342], [48, 41, 0.20901932176028226], [48, 17, 0.017672764623941614], [48, 15, 0.017672764623941614], [48, 21, 0.31819130947071195], [48, 49, 0.017672764623941614], [48, 48, 0.160700569457256], [49, 21, 0.24384955055018703], [49, 44, 0.19294383968005657], [49, 58, 0.013543725369796995], [49, 53, 0.1331402378752524], [49, 48, 0.1331402378752524], [49, 63, 0.013543725369796995], [49, 41, 0.013543725369796995], [49, 40, 0.1331402378752524], [49, 49, 0.12315472003460845], [50, 8, 0.022515814271767246], [50, 36, 0.30755044915121177], [50, 26, 0.243855274888948], [50, 15, 0.22133946061718074], [50, 50, 0.20473900107089218], [51, 3, 0.2671064796934573], [51, 51, 0.7328935203065426], [52, 3, 0.021940448357450272], [52, 9, 0.21568338353307917], [52, 10, 0.021940448357450272], [52, 16, 0.2594940708132359], [52, 8, 0.2814345191706862], [52, 52, 0.19950712976809826], [53, 10, 0.022986222977396265], [53, 19, 0.2718626563982611], [53, 49, 0.022986222977396265], [53, 59, 0.2241984244323322], [53, 47, 0.022986222977396265], [53, 26, 0.22596376635699625], [53, 53, 0.20901648388022154], [54, 6, 0.3526058000151769], [54, 54, 0.647394199984823], [55, 6, 0.3526058000151769], [55, 55, 0.647394199984823], [56, 0, 0.04914352983409184], [56, 57, 0.22740570024876164], [56, 3, 0.16286314287313053], [56, 2, 0.11371961303903869], [56, 56, 0.4468680140049772], [57, 56, 0.09056133538122699], [57, 23, 0.18517981858753296], [57, 57, 0.72425884603124], [58, 8, 0.04561977197413176], [58, 49, 0.5395541670924512], [58, 58, 0.414826060933417], [59, 53, 0.05019193395544562], [59, 60, 0.4934067875556126], [59, 59, 0.4564012784889417], [60, 59, 0.03705196760768784], [60, 21, 0.6260300446994937], [60, 60, 0.3369179876928185], [61, 21, 0.05032536846874648], [61, 36, 0.5368938812621624], [61, 61, 0.4127807502690911], [62, 23, 0.21765435556407917], [62, 3, 0.1587049725252761], [62, 62, 0.6236406719106448], [63, 42, 0.05538015747818615], [63, 49, 0.38329714593802194], [63, 21, 0.01934589302667286], [63, 8, 0.38329714593802194], [63, 63, 0.15867965761909722], [64, 0, 0.08059868563337365], [64, 2, 0.18650779406008366], [64, 64, 0.7328935203065426], [65, 3, 0.17471518652815576], [65, 5, 0.16550515900810703], [65, 21, 0.010210367587769402], [65, 6, 0.19527752722182848], [65, 39, 0.16550515900810703], [65, 38, 0.20503871520292655], [65, 65, 0.0837478854431057], [66, 1, 0.23813007974193087], [66, 67, 0.5297336562564638], [66, 69, 0.02279134829887889], [66, 66, 0.2093449157027263], [67, 66, 0.1404703321489003], [67, 23, 0.44598501000473717], [67, 67, 0.4135446578463626], [68, 23, 0.17954012878699221], [68, 69, 0.2880982537415456], [68, 68, 0.5323616174714622], [69, 68, 0.08221736957036492], [69, 66, 0.16259307006235366], [69, 69, 0.7551895603672815]]}