{"state_map": {"0": "07609d509ff06f47867dfa45a79a0c99", "1": "5936bfcb5143a2c0b1a0ad5b63983215", "2": "59eb85470e0270c720e506e6094f241a", "3": "63b3ebb2da9bb4b8a77f553782b3355b", "4": "8c4b93c54c3a4bcc0f935b13d03f8f51", "5": "fbc106ffff5f211bbf4ccce94c077c3f", "6": "e2e224ac24b5134c965300d04f83e26c", "7": "6c3eb20196d0a9b7a73a2b88432eca81", "8": "7d26bc7920ba08c51ad226980a251837", "9": "e2c60450f9f1a81bfc9c2bd7e09a64dd", "10": "5fb49dc1b0eba085759e344c010c1494", "11": "ed3287d5c921745323e3bbfb4e1a4c0f", "12": "9047655b2d0c2fbdb8c0838f7f642792", "13": "3c6eb5858ced50ffee7ae4c9474fbac0", "14": "d77fecbe20eb3485bd6e67dffe76d8e6", "15": "a9b4b1a4b4829b7cb6453b524f9fea73", "16": "e2d4a11840db1a9722f7446bfc536d05", "17": "84cf821a14db9f22040fe19b5a48b804", "18": "fa1afad96e6a67a752a7221d0a9735e1", "19": "7184d3b2afb594a20423daec494a4599", "20": "d4277aef61bf25d4b8c24e64e0ebde9b", "21": "2ea16d95b1ca8714a0a630c02db123ca", "22": "db18a2f2688a3818e6709b3193c0226a", "23": "ca01c161ba1647686e8c63a8685cbe53", "24": "daf58e25705de7615655bccb00bf6abd", "25": "5024ed88c4a7bb3fc52c62042348d6ec", "26": "96866bc5ff388952a5fe9f82ef3f5602", "27": "b37536cca3cd36b58e2825da882abd67", "28": "70355228f2a9d4e99e2e6ea36549d041", "29": "49ed8811ba4698d1277a53dd5ac52598", "30": "3cd5a672563aea8cd52ec845ea923307", "31": "90475cb76bf66d3cd7564bf05eed07c5", "32": "cc8202af67912cdc8fc0eb47cfe9a025", "33": "7963e4ea83e29d4e309c9fe9c139254b", "34": "34ec0d7453099dfed79f5fb5f4356785", "35": "be45a980cb30a43810f26cd98a7b67df", "36": "ca9a67316faf4931a7bd72e6900f1f6e", "37": "ec3a3c65c4285331788a4597babed1a4", "38": "212522be1d16f3bd2ecb5f870f353104", "39": "6ebbd3c29d4ec8d5caf625bcbfdf2086", "40": "1857dbef9c89ae5515dcec96877a8cfd", "41": "39e2dbdac038b6fbb9d04787dceb500c", "42": "633198160506a845b90fb427dfb0f874", "43": "54afd6bf15bfc147990cbaac42aed369", "44": "3388eae9fd28b1d805899e218ff51861", "45": "5c0e7fa89e68e4e668784c048a63a3c7", "46": "1596c2fe1a572f8789fbf50d7aa4db83", "47": "c892c91443d3dab28faf06c449c87b76", "48": "377b51a0a9ab4780bf2cfc07815c5a10", "49": "7821844952417d2382135e912c94d163", "50": "ab8dd857dc768f7fc946df586331c614", "51": "574e7154367bb96fcfdceae9b712aef8", "52": "4cc7692aab9efd5aae051a7d247ef831", "53": "ee76d6d504b9054005edb6df79d87652", "54": "8a3c50700e8f108d82bc59e4eb95cec2", "55": "b19e4df033c10b3b1132e675a345cd4d", "56": "6ad9b38eaa4b3a9b572d92c13090c101", "57": "7fa3e333bbf48a370e6277c6ac4f495c", "58": "581a650834b5cac2a69c0702eb7e91ea", "59": "c7c9193fc2e3ade29e0abfe4e3f875df", "60": "4934f8234320f406f140e0a30276fce9"}, "act_map": {"0": "com.bwx.bequick.MainSettingsActivity", "1": "com.bwx.bequick.MainSettingsActivity", "2": "com.bwx.bequick.MainSettingsActivity", "3": "com.bwx.bequick.preferences.BrightnessPrefs", "4": "com.bwx.bequick.MainSettingsActivity", "5": "com.bwx.bequick.MainSettingsActivity", "6": "com.bwx.bequick.preferences.GpsPrefs", "7": "com.bwx.bequick.preferences.MobileDataPrefs", "8": "com.bwx.bequick.MainSettingsActivity", "9": "com.bwx.bequick.LayoutSettingsActivity", "10": "com.bwx.bequick.LayoutSettingsActivity", "11": "com.bwx.bequick.preferences.MobileDataApnPrefs", "12": "com.bwx.bequick.preferences.AirplaneModePrefs", "13": "com.bwx.bequick.preferences.CommonPrefs", "14": "com.bwx.bequick.preferences.CommonPrefs", "15": "com.bwx.bequick.preferences.CommonPrefs", "16": "com.bwx.bequick.preferences.CommonPrefs", "17": "com.bwx.bequick.preferences.CommonPrefs", "18": "com.bwx.bequick.preferences.CommonPrefs", "19": "com.bwx.bequick.preferences.CommonPrefs", "20": "com.bwx.bequick.LayoutSettingsActivity", "21": "com.bwx.bequick.LayoutSettingsActivity", "22": "com.bwx.bequick.MainSettingsActivity", "23": "com.bwx.bequick.LayoutSettingsActivity", "24": "com.bwx.bequick.LayoutSettingsActivity", "25": "com.bwx.bequick.LayoutSettingsActivity", "26": "com.bwx.bequick.LayoutSettingsActivity", "27": "com.bwx.bequick.MainSettingsActivity", "28": "com.bwx.bequick.LayoutSettingsActivity", "29": "com.bwx.bequick.MainSettingsActivity", "30": "com.bwx.bequick.preferences.CommonPrefs", "31": "com.bwx.bequick.preferences.CommonPrefs", "32": "com.bwx.bequick.preferences.CommonPrefs", "33": "com.bwx.bequick.MainSettingsActivity", "34": "com.bwx.bequick.MainSettingsActivity", "35": "com.bwx.bequick.LayoutSettingsActivity", "36": "com.bwx.bequick.MainSettingsActivity", "37": "com.bwx.bequick.MainSettingsActivity", "38": "com.bwx.bequick.MainSettingsActivity", "39": "com.bwx.bequick.MainSettingsActivity", "40": "com.bwx.bequick.MainSettingsActivity", "41": "com.bwx.bequick.LayoutSettingsActivity", "42": "com.bwx.bequick.MainSettingsActivity", "43": "com.bwx.bequick.preferences.MobileDataApnPrefs", "44": "com.bwx.bequick.MainSettingsActivity", "45": "com.bwx.bequick.preferences.CommonPrefs", "46": "com.bwx.bequick.MainSettingsActivity", "47": "com.bwx.bequick.MainSettingsActivity", "48": "com.bwx.bequick.LayoutSettingsActivity", "49": "com.bwx.bequick.LayoutSettingsActivity", "50": "com.bwx.bequick.LayoutSettingsActivity", "51": "com.bwx.bequick.LayoutSettingsActivity", "52": "com.bwx.bequick.DialogSettingsActivity", "53": "com.bwx.bequick.DialogSettingsActivity", "54": "com.bwx.bequick.DialogSettingsActivity", "55": "com.bwx.bequick.DialogSettingsActivity", "56": "com.bwx.bequick.DialogSettingsActivity", "57": "com.bwx.bequick.DialogSettingsActivity", "58": "com.bwx.bequick.preferences.CommonPrefs", "59": "com.bwx.bequick.DialogSettingsActivity", "60": "com.bwx.bequick.preferences.MobileDataPrefs"}, "state_num": 61, "transition": [[0, 1, 0.01541202748863101], [0, 5, 0.0775603425336821], [0, 7, 0.06354832655663659], [0, 2, 0.02823747621454786], [0, 6, 0.07103698453313621], [0, 3, 0.007564556537072254], [0, 8, 0.014989849271788367], [0, 9, 0.0895219878823279], [0, 20, 0.007564556537072254], [0, 13, 0.08087267393783948], [0, 21, 0.06354832655663659], [0, 10, 0.08004511145268377], [0, 42, 0.14196554544254242], [0, 11, 0.015637451273435764], [0, 14, 0.014518062850023314], [0, 44, 0.06347242799606397], [0, 24, 0.017041432966716376], [0, 17, 0.007564556537072254], [0, 32, 0.007564556537072254], [0, 23, 0.007564556537072254], [0, 60, 0.055983770019564345], [0, 0, 0.06878542033838246], [1, 0, 0.08797134429251884], [1, 2, 0.03479320672532103], [1, 3, 0.06898119607976876], [1, 5, 0.09556707585895423], [1, 7, 0.07830197168237504], [1, 6, 0.07830197168237504], [1, 9, 0.08695165144159371], [1, 13, 0.08695165144159371], [1, 17, 0.009320775602606305], [1, 21, 0.0914927333151835], [1, 16, 0.02213061159121497], [1, 22, 0.01787693587417339], [1, 20, 0.07830197168237504], [1, 10, 0.07830197168237504], [1, 1, 0.08475493104757145], [2, 1, 0.1560733513832302], [2, 4, 0.1560733513832302], [2, 0, 0.1560733513832302], [2, 9, 0.1482197804858978], [2, 47, 0.1560733513832302], [2, 46, 0.1560733513832302], [2, 2, 0.07141346259795121], [3, 1, 0.013764980059427981], [3, 4, 0.13531525997620084], [3, 0, 0.13531525997620084], [3, 9, 0.14908024003562884], [3, 49, 0.14908024003562884], [3, 28, 0.13531525997620084], [3, 59, 0.156962144462726], [3, 3, 0.12516661547798577], [4, 3, 0.023183830380813782], [4, 2, 0.08654213313523791], [4, 5, 0.23770670716338477], [4, 6, 0.19476272226314043], [4, 7, 0.19476272226314043], [4, 17, 0.023183830380813782], [4, 9, 0.029044702701083506], [4, 4, 0.21081335171238544], [5, 4, 0.1052814180911017], [5, 0, 0.1052814180911017], [5, 1, 0.1052814180911017], [5, 9, 0.09432482146501597], [5, 33, 0.05811900735859372], [5, 34, 0.05811900735859372], [5, 36, 0.05811900735859372], [5, 38, 0.05811900735859372], [5, 13, 0.04716241073250799], [5, 46, 0.1052814180911017], [5, 47, 0.1052814180911017], [5, 5, 0.09962964791259274], [6, 4, 0.11499137557056383], [6, 0, 0.21341725703484368], [6, 1, 0.09783098802952381], [6, 9, 0.09783098802952381], [6, 35, 0.0076268389071288975], [6, 26, 0.0076268389071288975], [6, 25, 0.09783098802952381], [6, 10, 0.09783098802952381], [6, 50, 0.09783098802952381], [6, 28, 0.09783098802952381], [6, 6, 0.06935176140319192], [7, 4, 0.14824279180458705], [7, 0, 0.12612023048283494], [7, 1, 0.12612023048283494], [7, 10, 0.12612023048283494], [7, 26, 0.12612023048283494], [7, 9, 0.009832249476334268], [7, 23, 0.11628798100650067], [7, 52, 0.13175023142299347], [7, 7, 0.08940582435824468], [8, 0, 0.37516339869281046], [8, 8, 0.6248366013071895], [9, 1, 0.056066759136435704], [9, 10, 0.056066759136435704], [9, 12, 0.0053149893008148505], [9, 3, 0.008716582453336355], [9, 6, 0.008716582453336355], [9, 0, 0.056066759136435704], [9, 20, 0.0034015931525215046], [9, 5, 0.0076383031484243726], [9, 24, 0.0526651659839142], [9, 25, 0.04735017668309934], [9, 23, 0.0526651659839142], [9, 26, 0.0526651659839142], [9, 27, 0.0053149893008148505], [9, 34, 0.0053149893008148505], [9, 28, 0.0526651659839142], [9, 21, 0.0526651659839142], [9, 36, 0.0053149893008148505], [9, 37, 0.0053149893008148505], [9, 2, 0.014167986488926343], [9, 46, 0.056066759136435704], [9, 47, 0.0526651659839142], [9, 48, 0.0526651659839142], [9, 49, 0.0526651659839142], [9, 52, 0.008358381846187531], [9, 54, 0.008358381846187531], [9, 51, 0.0526651659839142], [9, 56, 0.05570855852928687], [9, 50, 0.04735017668309934], [9, 4, 0.0053149893008148505], [9, 57, 0.008358381846187531], [9, 7, 0.0034015931525215046], [9, 9, 0.04832983551102554], [10, 9, 0.05000356759876038], [10, 11, 0.007773950673248808], [10, 12, 0.007773950673248808], [10, 23, 0.046969830750663286], [10, 0, 0.046969830750663286], [10, 25, 0.046969830750663286], [10, 27, 0.042229616925511575], [10, 28, 0.046969830750663286], [10, 21, 0.046969830750663286], [10, 26, 0.046969830750663286], [10, 34, 0.042229616925511575], [10, 35, 0.042229616925511575], [10, 24, 0.046969830750663286], [10, 36, 0.042229616925511575], [10, 37, 0.042229616925511575], [10, 7, 0.007773950673248808], [10, 6, 0.007773950673248808], [10, 38, 0.042229616925511575], [10, 43, 0.00909752235955093], [10, 47, 0.004740213825151712], [10, 46, 0.042229616925511575], [10, 50, 0.004740213825151712], [10, 48, 0.004740213825151712], [10, 52, 0.042229616925511575], [10, 54, 0.04968410364990082], [10, 51, 0.042229616925511575], [10, 57, 0.042229616925511575], [10, 1, 0.046969830750663286], [10, 49, 0.004740213825151712], [10, 10, 0.04310333313776354], [11, 10, 0.1509516704171422], [11, 43, 0.16176915879201456], [11, 0, 0.1509516704171422], [11, 23, 0.13918357836142137], [11, 57, 0.13918357836142137], [11, 20, 0.1509516704171422], [11, 11, 0.10700867323371617], [12, 10, 0.21482614601449737], [12, 9, 0.19499066939179668], [12, 48, 0.19499066939179668], [12, 28, 0.21482614601449737], [12, 12, 0.18036636918741195], [13, 1, 0.04502861940986994], [13, 14, 0.0980233178735607], [13, 15, 0.0475669222193137], [13, 16, 0.050742559092988374], [13, 17, 0.09420154815529151], [13, 0, 0.09420154815529151], [13, 29, 0.004157613699389675], [13, 30, 0.09420154815529151], [13, 18, 0.01135332989447021], [13, 33, 0.04087100571048027], [13, 5, 0.005975009922430459], [13, 32, 0.04502861940986994], [13, 40, 0.04502861940986994], [13, 19, 0.00911736000014331], [13, 31, 0.09420154815529151], [13, 46, 0.04502861940986994], [13, 47, 0.04502861940986994], [13, 54, 0.006538286514163163], [13, 58, 0.04502861940986994], [13, 52, 0.04087100571048027], [13, 13, 0.03780568028219425], [14, 13, 0.11140873906011602], [14, 17, 0.11140873906011602], [14, 18, 0.07772507417820641], [14, 30, 0.11140873906011602], [14, 31, 0.11140873906011602], [14, 32, 0.11140873906011602], [14, 0, 0.07772507417820641], [14, 45, 0.08262278860015333], [14, 46, 0.07772507417820641], [14, 58, 0.08262278860015333], [14, 14, 0.04453550496449397], [15, 13, 0.23429521170811862], [15, 17, 0.23429521170811862], [15, 30, 0.17426353625327973], [15, 32, 0.23429521170811862], [15, 31, 0.012171739622868289], [15, 15, 0.1106790889994961], [16, 13, 0.18515805743732464], [16, 17, 0.17852252535900234], [16, 1, 0.130274556771438], [16, 30, 0.18515805743732464], [16, 54, 0.130274556771438], [16, 57, 0.130274556771438], [16, 16, 0.06033768945203445], [17, 16, 0.013237499222428896], [17, 14, 0.1314467484347917], [17, 18, 0.01522452341860744], [17, 19, 0.0670331128834705], [17, 13, 0.12632185352579647], [17, 15, 0.06378601943309542], [17, 1, 0.05480696759144788], [17, 30, 0.060382220642335734], [17, 32, 0.12632185352579647], [17, 40, 0.05480696759144788], [17, 45, 0.005575253050887846], [17, 52, 0.05480696759144788], [17, 4, 0.05480696759144788], [17, 0, 0.06593963288346073], [17, 57, 0.05480696759144788], [17, 17, 0.050696445022089295], [18, 14, 0.05316385783460195], [18, 17, 0.23165001228456028], [18, 13, 0.23165001228456028], [18, 30, 0.23165001228456028], [18, 18, 0.2518861053117173], [19, 17, 0.24697913019276102], [19, 13, 0.2149689030588847], [19, 31, 0.24697913019276102], [19, 19, 0.2910728365555933], [20, 9, 0.02471606188110981], [20, 21, 0.2449065139675409], [20, 0, 0.22019045208643107], [20, 1, 0.2449065139675409], [20, 11, 0.04053434148502009], [20, 20, 0.22474611661235724], [21, 20, 0.08251150471246878], [21, 1, 0.08251150471246878], [21, 0, 0.08251150471246878], [21, 23, 0.08251150471246878], [21, 25, 0.08251150471246878], [21, 10, 0.08251150471246878], [21, 29, 0.07418441114791316], [21, 9, 0.08251150471246878], [21, 26, 0.008327093564555625], [21, 28, 0.08251150471246878], [21, 48, 0.07418441114791316], [21, 46, 0.07418441114791316], [21, 51, 0.008327093564555625], [21, 49, 0.008327093564555625], [21, 41, 0.008327093564555625], [21, 24, 0.008327093564555625], [21, 21, 0.07571926103373205], [22, 1, 0.5641874055134469], [22, 22, 0.435812594486553], [23, 21, 0.08390893989935805], [23, 10, 0.08390893989935805], [23, 9, 0.08390893989935805], [23, 25, 0.08390893989935805], [23, 24, 0.08390893989935805], [23, 26, 0.08390893989935805], [23, 41, 0.08390893989935805], [23, 49, 0.008468123274196476], [23, 47, 0.07544081662516157], [23, 50, 0.008468123274196476], [23, 56, 0.07544081662516157], [23, 7, 0.008468123274196476], [23, 28, 0.07544081662516157], [23, 11, 0.008468123274196476], [23, 0, 0.07544081662516157], [23, 23, 0.07700166110706147], [24, 9, 0.11388964492471108], [24, 23, 0.11388964492471108], [24, 34, 0.10239585708716152], [24, 10, 0.11388964492471108], [24, 36, 0.10239585708716152], [24, 0, 0.1212456691407428], [24, 47, 0.01149378783754956], [24, 21, 0.10239585708716152], [24, 57, 0.10239585708716152], [24, 26, 0.01149378783754956], [24, 24, 0.10451439206137866], [25, 9, 0.016319304823725393], [25, 21, 0.1617047276373302], [25, 10, 0.1617047276373302], [25, 23, 0.1617047276373302], [25, 28, 0.1617047276373302], [25, 6, 0.02676365991090965], [25, 26, 0.1617047276373302], [25, 25, 0.14839339707871388], [26, 9, 0.10054354884796218], [26, 23, 0.10054354884796218], [26, 10, 0.10054354884796218], [26, 21, 0.09039665428474945], [26, 6, 0.0064940125204561395], [26, 7, 0.016640907083668856], [26, 49, 0.010146894563212716], [26, 46, 0.10054354884796218], [26, 50, 0.09039665428474945], [26, 51, 0.09039665428474945], [26, 28, 0.010146894563212716], [26, 25, 0.10054354884796218], [26, 24, 0.09039665428474945], [26, 26, 0.09226692989064082], [27, 10, 0.08984306213905548], [27, 9, 0.09320319266305616], [27, 27, 0.8169537451978883], [28, 10, 0.10931614306240536], [28, 9, 0.10931614306240536], [28, 21, 0.10931614306240536], [28, 25, 0.10931614306240536], [28, 49, 0.10931614306240536], [28, 3, 0.01103222822767695], [28, 26, 0.09828391483472841], [28, 57, 0.09828391483472841], [28, 12, 0.0180928542933902], [28, 23, 0.01103222822767695], [28, 6, 0.0180928542933902], [28, 46, 0.09828391483472841], [28, 28, 0.10031737514165383], [29, 21, 0.05716271710399956], [29, 13, 0.42304983674327995], [29, 29, 0.5197874461527205], [30, 15, 0.08828433043355653], [30, 14, 0.18193153102155532], [30, 16, 0.09417832066903674], [30, 13, 0.17483831655850898], [30, 31, 0.09898162445092624], [30, 17, 0.17483831655850898], [30, 50, 0.007716541758990757], [30, 32, 0.07585669210758274], [30, 18, 0.021071809592877314], [30, 54, 0.012135076648942277], [30, 30, 0.07016744019951404], [31, 30, 0.12591310815438597], [31, 14, 0.2741016888108285], [31, 32, 0.1142872117743459], [31, 13, 0.12591310815438597], [31, 19, 0.1397820004404378], [31, 15, 0.1142872117743459], [31, 31, 0.10571567089126996], [32, 17, 0.22376448628825613], [32, 15, 0.11298952218037703], [32, 13, 0.22376448628825613], [32, 31, 0.009875912995562465], [32, 14, 0.23284264216219946], [32, 30, 0.009875912995562465], [32, 0, 0.09708417511157727], [32, 32, 0.08980286197820897], [33, 13, 0.04676471235298423], [33, 5, 0.47948443386086187], [33, 34, 0.048513712594985846], [33, 33, 0.42523714119116807], [34, 33, 0.03248393807970576], [34, 9, 0.2741059663041732], [34, 24, 0.03248393807970576], [34, 5, 0.3330618724253754], [34, 10, 0.03248393807970576], [34, 34, 0.2953803470313341], [35, 10, 0.09316955368057003], [35, 6, 0.05962851435556483], [35, 35, 0.8472019319638651], [36, 24, 0.044249657765665244], [36, 5, 0.4536972651977181], [36, 10, 0.044249657765665244], [36, 9, 0.055435971248825426], [36, 36, 0.402367448022126], [37, 10, 0.05716271710399956], [37, 9, 0.42304983674327995], [37, 37, 0.5197874461527205], [38, 10, 0.03380624304979861], [38, 39, 0.31216990178895454], [38, 5, 0.34661963036026217], [38, 38, 0.3074042248009847], [39, 38, 0.6058946509429446], [39, 39, 0.3941053490570554], [40, 17, 0.04668464336667239], [40, 13, 0.3921883519947414], [40, 41, 0.1366179403482301], [40, 40, 0.42450906429035606], [41, 40, 0.03458924578841343], [41, 23, 0.34273791866823106], [41, 21, 0.3081486728798176], [41, 41, 0.314524162663538], [42, 0, 0.7450588098079148], [42, 42, 0.2549411901920851], [43, 11, 0.47677949299024924], [43, 10, 0.33262849729695326], [43, 43, 0.19059200971279758], [44, 0, 0.17423921624692548], [44, 44, 0.8257607837530745], [45, 14, 0.3596462448476756], [45, 17, 0.36202084542385443], [45, 45, 0.2783329097284699], [46, 13, 0.11684959078970601], [46, 47, 0.028338891090723146], [46, 9, 0.3149297322664755], [46, 5, 0.14261420839293068], [46, 10, 0.013909340871072517], [46, 21, 0.013909340871072517], [46, 26, 0.13653408999044786], [46, 48, 0.013909340871072517], [46, 14, 0.02669511212970395], [46, 28, 0.013909340871072517], [46, 2, 0.05192170619415613], [46, 46, 0.12647930566156695], [47, 46, 0.03419850086322768], [47, 10, 0.12422512279796576], [47, 9, 0.14101048692048843], [47, 23, 0.016785364122522666], [47, 49, 0.015576817905701035], [47, 5, 0.17210243383273177], [47, 13, 0.15658730482618946], [47, 24, 0.12422512279796576], [47, 2, 0.06265751572341399], [47, 47, 0.15263133020979333], [48, 21, 0.0148047432028463], [48, 9, 0.1466972394483634], [48, 49, 0.1466972394483634], [48, 51, 0.0148047432028463], [48, 10, 0.1318924962455171], [48, 46, 0.1318924962455171], [48, 54, 0.1318924962455171], [48, 12, 0.0148047432028463], [48, 56, 0.1318924962455171], [48, 48, 0.13462130651266574], [49, 48, 0.11521388891989537], [49, 23, 0.10358645785660865], [49, 47, 0.01162743106328671], [49, 28, 0.11521388891989537], [49, 26, 0.10358645785660865], [49, 9, 0.11521388891989537], [49, 50, 0.10358645785660865], [49, 3, 0.019068986943790205], [49, 21, 0.10358645785660865], [49, 10, 0.10358645785660865], [49, 49, 0.10572962595019365], [50, 49, 0.02471606188110981], [50, 23, 0.22019045208643107], [50, 26, 0.02471606188110981], [50, 6, 0.04053434148502009], [50, 10, 0.22019045208643107], [50, 9, 0.02471606188110981], [50, 30, 0.22019045208643107], [50, 50, 0.22474611661235724], [51, 26, 0.02576023608741169], [51, 48, 0.22949279125553326], [51, 10, 0.02576023608741169], [51, 9, 0.25525302734294497], [51, 21, 0.22949279125553326], [51, 51, 0.234240917971165], [52, 17, 0.018368870428280653], [52, 53, 0.23817464773832842], [52, 9, 0.21177628776348806], [52, 10, 0.018368870428280653], [52, 54, 0.05885434972300995], [52, 13, 0.018368870428280653], [52, 7, 0.18926429251590549], [52, 55, 0.07979346790561881], [52, 52, 0.1670303430688074], [53, 52, 0.22369737084013097], [53, 56, 0.22369737084013097], [53, 57, 0.12912441701564836], [53, 54, 0.22369737084013097], [53, 53, 0.1997834704639586], [54, 52, 0.06157911109386339], [54, 9, 0.05940295717280804], [54, 10, 0.05708436648790068], [54, 48, 0.01921928826153764], [54, 55, 0.08348764106391403], [54, 16, 0.045632962503330016], [54, 13, 0.028048206093602254], [54, 53, 0.24920134470683297], [54, 30, 0.22158082813945779], [54, 54, 0.17476329447675318], [55, 54, 0.2902969337515945], [55, 57, 0.2902969337515945], [55, 52, 0.2902969337515945], [55, 55, 0.12910919874521654], [56, 23, 0.026460343885758693], [56, 9, 0.3633818310553802], [56, 48, 0.026460343885758693], [56, 53, 0.34309039897863225], [56, 56, 0.2406070821944701], [57, 16, 0.04931922791265836], [57, 9, 0.2983769258796419], [57, 10, 0.020771836981232236], [57, 28, 0.020771836981232236], [57, 17, 0.020771836981232236], [57, 24, 0.020771836981232236], [57, 53, 0.2693320188195179], [57, 55, 0.09023183619123824], [57, 11, 0.020771836981232236], [57, 57, 0.1888808062907825], [58, 13, 0.3216637563631062], [58, 14, 0.40826984384921405], [58, 58, 0.2700663997876798], [59, 3, 0.5312016337414259], [59, 59, 0.468798366258574], [60, 0, 0.09907739133191718], [60, 60, 0.9009226086680827]]}