[{"ebb88154dbecb8dd699a573e5bccdc04": ["0", "net.sf.andbatdog.batterydog.BatteryDog"]}, {"ebb88154dbecb8dd699a573e5bccdc04": ["0", "net.sf.andbatdog.batterydog.BatteryDog"]}, {"ebb88154dbecb8dd699a573e5bccdc04": ["0", "net.sf.andbatdog.batterydog.BatteryDog"]}, {"ebb88154dbecb8dd699a573e5bccdc04": ["0", "net.sf.andbatdog.batterydog.BatteryDog"]}, {"ebb88154dbecb8dd699a573e5bccdc04": ["0", "net.sf.andbatdog.batterydog.BatteryDog"]}, {"ebb88154dbecb8dd699a573e5bccdc04": ["0", "net.sf.andbatdog.batterydog.BatteryDog"]}, {"ebb88154dbecb8dd699a573e5bccdc04": ["0", "net.sf.andbatdog.batterydog.BatteryDog"]}, {"ebb88154dbecb8dd699a573e5bccdc04": ["0", "net.sf.andbatdog.batterydog.BatteryDog"]}, {"ebb88154dbecb8dd699a573e5bccdc04": ["0", "net.sf.andbatdog.batterydog.BatteryDog"]}, {"ebb88154dbecb8dd699a573e5bccdc04": ["0", "net.sf.andbatdog.batterydog.BatteryDog"]}, {"ebb88154dbecb8dd699a573e5bccdc04": ["0", "net.sf.andbatdog.batterydog.BatteryDog"]}, {"ebb88154dbecb8dd699a573e5bccdc04": ["0", "net.sf.andbatdog.batterydog.BatteryDog"]}, {"ebb88154dbecb8dd699a573e5bccdc04": ["0", "net.sf.andbatdog.batterydog.BatteryDog"]}, {"ebb88154dbecb8dd699a573e5bccdc04": ["0", "net.sf.andbatdog.batterydog.BatteryDog"]}, {"ebb88154dbecb8dd699a573e5bccdc04": ["0", "net.sf.andbatdog.batterydog.BatteryDog"]}, {"ebb88154dbecb8dd699a573e5bccdc04": ["0", "net.sf.andbatdog.batterydog.BatteryDog"]}, {"ebb88154dbecb8dd699a573e5bccdc04": ["0", "net.sf.andbatdog.batterydog.BatteryDog"]}, {"ebb88154dbecb8dd699a573e5bccdc04": ["0", "net.sf.andbatdog.batterydog.BatteryDog"]}, {"ebb88154dbecb8dd699a573e5bccdc04": ["0", "net.sf.andbatdog.batterydog.BatteryDog"]}, {"ebb88154dbecb8dd699a573e5bccdc04": ["0", "net.sf.andbatdog.batterydog.BatteryDog"]}, {"ebb88154dbecb8dd699a573e5bccdc04": ["0", "net.sf.andbatdog.batterydog.BatteryDog"]}, {"ebb88154dbecb8dd699a573e5bccdc04": ["0", "net.sf.andbatdog.batterydog.BatteryDog"]}, {"ebb88154dbecb8dd699a573e5bccdc04": ["0", "net.sf.andbatdog.batterydog.BatteryDog"]}, {"ebb88154dbecb8dd699a573e5bccdc04": ["0", "net.sf.andbatdog.batterydog.BatteryDog"]}, {"ebb88154dbecb8dd699a573e5bccdc04": ["0", "net.sf.andbatdog.batterydog.BatteryDog"]}, {"ebb88154dbecb8dd699a573e5bccdc04": ["0", "net.sf.andbatdog.batterydog.BatteryDog"]}, {"ebb88154dbecb8dd699a573e5bccdc04": ["0", "net.sf.andbatdog.batterydog.BatteryDog"]}, {"ebb88154dbecb8dd699a573e5bccdc04": ["0", "net.sf.andbatdog.batterydog.BatteryDog"]}, {"ebb88154dbecb8dd699a573e5bccdc04": ["0", "net.sf.andbatdog.batterydog.BatteryDog"]}, {"ebb88154dbecb8dd699a573e5bccdc04": ["0", "net.sf.andbatdog.batterydog.BatteryDog"]}, {"ebb88154dbecb8dd699a573e5bccdc04": ["0", "net.sf.andbatdog.batterydog.BatteryDog"]}, {"ebb88154dbecb8dd699a573e5bccdc04": ["0", "net.sf.andbatdog.batterydog.BatteryDog"]}, {"ebb88154dbecb8dd699a573e5bccdc04": ["0", "net.sf.andbatdog.batterydog.BatteryDog"]}, {"ebb88154dbecb8dd699a573e5bccdc04": ["0", "net.sf.andbatdog.batterydog.BatteryDog"]}, {"ebb88154dbecb8dd699a573e5bccdc04": ["0", "net.sf.andbatdog.batterydog.BatteryDog"]}, {"ebb88154dbecb8dd699a573e5bccdc04": ["0", "net.sf.andbatdog.batterydog.BatteryDog"]}, {"ebb88154dbecb8dd699a573e5bccdc04": ["0", "net.sf.andbatdog.batterydog.BatteryDog"]}, {"ebb88154dbecb8dd699a573e5bccdc04": ["0", "net.sf.andbatdog.batterydog.BatteryDog"]}, {"ebb88154dbecb8dd699a573e5bccdc04": ["0", "net.sf.andbatdog.batterydog.BatteryDog"]}, {"ebb88154dbecb8dd699a573e5bccdc04": ["0", "net.sf.andbatdog.batterydog.BatteryDog"]}, {"ebb88154dbecb8dd699a573e5bccdc04": ["0", "net.sf.andbatdog.batterydog.BatteryDog"]}, {"ebb88154dbecb8dd699a573e5bccdc04": ["0", "net.sf.andbatdog.batterydog.BatteryDog"]}, {"ebb88154dbecb8dd699a573e5bccdc04": ["0", "net.sf.andbatdog.batterydog.BatteryDog"]}, {"ebb88154dbecb8dd699a573e5bccdc04": ["0", "net.sf.andbatdog.batterydog.BatteryDog"]}, {"ebb88154dbecb8dd699a573e5bccdc04": ["0", "net.sf.andbatdog.batterydog.BatteryDog"]}, {"ebb88154dbecb8dd699a573e5bccdc04": ["0", "net.sf.andbatdog.batterydog.BatteryDog"]}, {"ebb88154dbecb8dd699a573e5bccdc04": ["0", "net.sf.andbatdog.batterydog.BatteryDog"]}, {"ebb88154dbecb8dd699a573e5bccdc04": ["0", "net.sf.andbatdog.batterydog.BatteryDog"]}, {"ebb88154dbecb8dd699a573e5bccdc04": ["0", "net.sf.andbatdog.batterydog.BatteryDog"]}, {"ebb88154dbecb8dd699a573e5bccdc04": ["0", "net.sf.andbatdog.batterydog.BatteryDog"]}, {"ebb88154dbecb8dd699a573e5bccdc04": ["0", "net.sf.andbatdog.batterydog.BatteryDog"]}, {"ebb88154dbecb8dd699a573e5bccdc04": ["0", "net.sf.andbatdog.batterydog.BatteryDog"]}, {"ebb88154dbecb8dd699a573e5bccdc04": ["0", "net.sf.andbatdog.batterydog.BatteryDog"]}, {"ebb88154dbecb8dd699a573e5bccdc04": ["0", "net.sf.andbatdog.batterydog.BatteryDog"]}, {"ebb88154dbecb8dd699a573e5bccdc04": ["0", "net.sf.andbatdog.batterydog.BatteryDog"]}, {"ebb88154dbecb8dd699a573e5bccdc04": ["0", "net.sf.andbatdog.batterydog.BatteryDog"]}, {"ebb88154dbecb8dd699a573e5bccdc04": ["0", "net.sf.andbatdog.batterydog.BatteryDog"]}, {"ebb88154dbecb8dd699a573e5bccdc04": ["0", "net.sf.andbatdog.batterydog.BatteryDog"]}, {"ebb88154dbecb8dd699a573e5bccdc04": ["0", "net.sf.andbatdog.batterydog.BatteryDog"]}, {"ebb88154dbecb8dd699a573e5bccdc04": ["0", "net.sf.andbatdog.batterydog.BatteryDog"]}, {"ebb88154dbecb8dd699a573e5bccdc04": ["0", "net.sf.andbatdog.batterydog.BatteryDog"]}, {"ebb88154dbecb8dd699a573e5bccdc04": ["0", "net.sf.andbatdog.batterydog.BatteryDog"]}, {"ebb88154dbecb8dd699a573e5bccdc04": ["0", "net.sf.andbatdog.batterydog.BatteryDog"]}, {"ebb88154dbecb8dd699a573e5bccdc04": ["0", "net.sf.andbatdog.batterydog.BatteryDog"]}, {"ebb88154dbecb8dd699a573e5bccdc04": ["0", "net.sf.andbatdog.batterydog.BatteryDog"]}, {"ebb88154dbecb8dd699a573e5bccdc04": ["0", "net.sf.andbatdog.batterydog.BatteryDog"]}, {"ebb88154dbecb8dd699a573e5bccdc04": ["0", "net.sf.andbatdog.batterydog.BatteryDog"]}, {"ebb88154dbecb8dd699a573e5bccdc04": ["0", "net.sf.andbatdog.batterydog.BatteryDog"]}, {"ebb88154dbecb8dd699a573e5bccdc04": ["0", "net.sf.andbatdog.batterydog.BatteryDog"]}, {"ebb88154dbecb8dd699a573e5bccdc04": ["0", "net.sf.andbatdog.batterydog.BatteryDog"]}, {"ebb88154dbecb8dd699a573e5bccdc04": ["0", "net.sf.andbatdog.batterydog.BatteryDog"]}, {"ebb88154dbecb8dd699a573e5bccdc04": ["0", "net.sf.andbatdog.batterydog.BatteryDog"]}, {"ebb88154dbecb8dd699a573e5bccdc04": ["0", "net.sf.andbatdog.batterydog.BatteryDog"]}, {"ebb88154dbecb8dd699a573e5bccdc04": ["0", "net.sf.andbatdog.batterydog.BatteryDog"]}, {"ebb88154dbecb8dd699a573e5bccdc04": ["0", "net.sf.andbatdog.batterydog.BatteryDog"]}, {"ebb88154dbecb8dd699a573e5bccdc04": ["0", "net.sf.andbatdog.batterydog.BatteryDog"]}, {"ebb88154dbecb8dd699a573e5bccdc04": ["0", "net.sf.andbatdog.batterydog.BatteryDog"]}, {"ebb88154dbecb8dd699a573e5bccdc04": ["0", "net.sf.andbatdog.batterydog.BatteryDog"]}, {"ebb88154dbecb8dd699a573e5bccdc04": ["0", "net.sf.andbatdog.batterydog.BatteryDog"]}, {"ebb88154dbecb8dd699a573e5bccdc04": ["0", "net.sf.andbatdog.batterydog.BatteryDog"]}, {"ebb88154dbecb8dd699a573e5bccdc04": ["0", "net.sf.andbatdog.batterydog.BatteryDog"]}, {"ebb88154dbecb8dd699a573e5bccdc04": ["0", "net.sf.andbatdog.batterydog.BatteryDog"]}, {"ebb88154dbecb8dd699a573e5bccdc04": ["0", "net.sf.andbatdog.batterydog.BatteryDog"]}, {"ebb88154dbecb8dd699a573e5bccdc04": ["0", "net.sf.andbatdog.batterydog.BatteryDog"]}, {"ebb88154dbecb8dd699a573e5bccdc04": ["0", "net.sf.andbatdog.batterydog.BatteryDog"]}, {"ebb88154dbecb8dd699a573e5bccdc04": ["0", "net.sf.andbatdog.batterydog.BatteryDog"]}, {"ebb88154dbecb8dd699a573e5bccdc04": ["0", "net.sf.andbatdog.batterydog.BatteryDog"]}, {"ebb88154dbecb8dd699a573e5bccdc04": ["0", "net.sf.andbatdog.batterydog.BatteryDog"]}, {"ebb88154dbecb8dd699a573e5bccdc04": ["0", "net.sf.andbatdog.batterydog.BatteryDog"]}, {"ebb88154dbecb8dd699a573e5bccdc04": ["0", "net.sf.andbatdog.batterydog.BatteryDog"]}, {"ebb88154dbecb8dd699a573e5bccdc04": ["0", "net.sf.andbatdog.batterydog.BatteryDog"]}, {"ebb88154dbecb8dd699a573e5bccdc04": ["0", "net.sf.andbatdog.batterydog.BatteryDog"]}, {"ebb88154dbecb8dd699a573e5bccdc04": ["0", "net.sf.andbatdog.batterydog.BatteryDog"]}, {"ebb88154dbecb8dd699a573e5bccdc04": ["0", "net.sf.andbatdog.batterydog.BatteryDog"]}, {"ebb88154dbecb8dd699a573e5bccdc04": ["0", "net.sf.andbatdog.batterydog.BatteryDog"]}, {"ebb88154dbecb8dd699a573e5bccdc04": ["0", "net.sf.andbatdog.batterydog.BatteryDog"]}, {"ebb88154dbecb8dd699a573e5bccdc04": ["0", "net.sf.andbatdog.batterydog.BatteryDog"]}, {"ebb88154dbecb8dd699a573e5bccdc04": ["0", "net.sf.andbatdog.batterydog.BatteryDog"]}, {"ebb88154dbecb8dd699a573e5bccdc04": ["0", "net.sf.andbatdog.batterydog.BatteryDog"]}, {"ebb88154dbecb8dd699a573e5bccdc04": ["0", "net.sf.andbatdog.batterydog.BatteryDog"]}, {"ebb88154dbecb8dd699a573e5bccdc04": ["0", "net.sf.andbatdog.batterydog.BatteryDog"]}, {"ebb88154dbecb8dd699a573e5bccdc04": ["0", "net.sf.andbatdog.batterydog.BatteryDog"]}, {"ebb88154dbecb8dd699a573e5bccdc04": ["0", "net.sf.andbatdog.batterydog.BatteryDog"]}, {"ebb88154dbecb8dd699a573e5bccdc04": ["0", "net.sf.andbatdog.batterydog.BatteryDog"]}, {"ebb88154dbecb8dd699a573e5bccdc04": ["0", "net.sf.andbatdog.batterydog.BatteryDog"]}, {"ebb88154dbecb8dd699a573e5bccdc04": ["0", "net.sf.andbatdog.batterydog.BatteryDog"]}, {"ebb88154dbecb8dd699a573e5bccdc04": ["0", "net.sf.andbatdog.batterydog.BatteryDog"]}, {"ebb88154dbecb8dd699a573e5bccdc04": ["0", "net.sf.andbatdog.batterydog.BatteryDog"]}, {"ebb88154dbecb8dd699a573e5bccdc04": ["0", "net.sf.andbatdog.batterydog.BatteryDog"]}, {"ebb88154dbecb8dd699a573e5bccdc04": ["0", "net.sf.andbatdog.batterydog.BatteryDog"]}, {"ebb88154dbecb8dd699a573e5bccdc04": ["0", "net.sf.andbatdog.batterydog.BatteryDog"]}, {"ebb88154dbecb8dd699a573e5bccdc04": ["0", "net.sf.andbatdog.batterydog.BatteryDog"]}, {"ebb88154dbecb8dd699a573e5bccdc04": ["0", "net.sf.andbatdog.batterydog.BatteryDog"]}, {"ebb88154dbecb8dd699a573e5bccdc04": ["0", "net.sf.andbatdog.batterydog.BatteryDog"]}, {"ebb88154dbecb8dd699a573e5bccdc04": ["0", "net.sf.andbatdog.batterydog.BatteryDog"]}, {"ebb88154dbecb8dd699a573e5bccdc04": ["0", "net.sf.andbatdog.batterydog.BatteryDog"]}, {"ebb88154dbecb8dd699a573e5bccdc04": ["0", "net.sf.andbatdog.batterydog.BatteryDog"]}, {"ebb88154dbecb8dd699a573e5bccdc04": ["0", "net.sf.andbatdog.batterydog.BatteryDog"]}, {"ebb88154dbecb8dd699a573e5bccdc04": ["0", "net.sf.andbatdog.batterydog.BatteryDog"]}, {"ebb88154dbecb8dd699a573e5bccdc04": ["0", "net.sf.andbatdog.batterydog.BatteryDog"]}, {"ebb88154dbecb8dd699a573e5bccdc04": ["0", "net.sf.andbatdog.batterydog.BatteryDog"]}, {"ebb88154dbecb8dd699a573e5bccdc04": ["0", "net.sf.andbatdog.batterydog.BatteryDog"]}, {"ebb88154dbecb8dd699a573e5bccdc04": ["0", "net.sf.andbatdog.batterydog.BatteryDog"]}, {"ebb88154dbecb8dd699a573e5bccdc04": ["0", "net.sf.andbatdog.batterydog.BatteryDog"]}, {"ebb88154dbecb8dd699a573e5bccdc04": ["0", "net.sf.andbatdog.batterydog.BatteryDog"]}, {"ebb88154dbecb8dd699a573e5bccdc04": ["0", "net.sf.andbatdog.batterydog.BatteryDog"]}, {"ebb88154dbecb8dd699a573e5bccdc04": ["0", "net.sf.andbatdog.batterydog.BatteryDog"]}, {"ebb88154dbecb8dd699a573e5bccdc04": ["0", "net.sf.andbatdog.batterydog.BatteryDog"]}, {"ebb88154dbecb8dd699a573e5bccdc04": ["0", "net.sf.andbatdog.batterydog.BatteryDog"]}, {"ebb88154dbecb8dd699a573e5bccdc04": ["0", "net.sf.andbatdog.batterydog.BatteryDog"]}, {"ebb88154dbecb8dd699a573e5bccdc04": ["0", "net.sf.andbatdog.batterydog.BatteryDog"]}, {"ebb88154dbecb8dd699a573e5bccdc04": ["0", "net.sf.andbatdog.batterydog.BatteryDog"]}, {"ebb88154dbecb8dd699a573e5bccdc04": ["0", "net.sf.andbatdog.batterydog.BatteryDog"]}, {"ebb88154dbecb8dd699a573e5bccdc04": ["0", "net.sf.andbatdog.batterydog.BatteryDog"]}, {"ebb88154dbecb8dd699a573e5bccdc04": ["0", "net.sf.andbatdog.batterydog.BatteryDog"]}, {"ebb88154dbecb8dd699a573e5bccdc04": ["0", "net.sf.andbatdog.batterydog.BatteryDog"]}, {"ebb88154dbecb8dd699a573e5bccdc04": ["0", "net.sf.andbatdog.batterydog.BatteryDog"]}, {"ebb88154dbecb8dd699a573e5bccdc04": ["0", "net.sf.andbatdog.batterydog.BatteryDog"]}, {"ebb88154dbecb8dd699a573e5bccdc04": ["0", "net.sf.andbatdog.batterydog.BatteryDog"]}, {"ebb88154dbecb8dd699a573e5bccdc04": ["0", "net.sf.andbatdog.batterydog.BatteryDog"]}, {"ebb88154dbecb8dd699a573e5bccdc04": ["0", "net.sf.andbatdog.batterydog.BatteryDog"]}, {"ebb88154dbecb8dd699a573e5bccdc04": ["0", "net.sf.andbatdog.batterydog.BatteryDog"]}, {"ebb88154dbecb8dd699a573e5bccdc04": ["0", "net.sf.andbatdog.batterydog.BatteryDog"]}, {"ebb88154dbecb8dd699a573e5bccdc04": ["0", "net.sf.andbatdog.batterydog.BatteryDog"]}, {"ebb88154dbecb8dd699a573e5bccdc04": ["0", "net.sf.andbatdog.batterydog.BatteryDog"]}, {"ebb88154dbecb8dd699a573e5bccdc04": ["0", "net.sf.andbatdog.batterydog.BatteryDog"]}, {"ebb88154dbecb8dd699a573e5bccdc04": ["0", "net.sf.andbatdog.batterydog.BatteryDog"]}, {"ebb88154dbecb8dd699a573e5bccdc04": ["0", "net.sf.andbatdog.batterydog.BatteryDog"]}, {"ebb88154dbecb8dd699a573e5bccdc04": ["0", "net.sf.andbatdog.batterydog.BatteryDog"]}, {"ebb88154dbecb8dd699a573e5bccdc04": ["0", "net.sf.andbatdog.batterydog.BatteryDog"]}, {"ebb88154dbecb8dd699a573e5bccdc04": ["0", "net.sf.andbatdog.batterydog.BatteryDog"]}, {"ebb88154dbecb8dd699a573e5bccdc04": ["0", "net.sf.andbatdog.batterydog.BatteryDog"]}, {"ebb88154dbecb8dd699a573e5bccdc04": ["0", "net.sf.andbatdog.batterydog.BatteryDog"]}, {"ebb88154dbecb8dd699a573e5bccdc04": ["0", "net.sf.andbatdog.batterydog.BatteryDog"]}, {"ebb88154dbecb8dd699a573e5bccdc04": ["0", "net.sf.andbatdog.batterydog.BatteryDog"]}, {"ebb88154dbecb8dd699a573e5bccdc04": ["0", "net.sf.andbatdog.batterydog.BatteryDog"]}, {"ebb88154dbecb8dd699a573e5bccdc04": ["0", "net.sf.andbatdog.batterydog.BatteryDog"]}, {"ebb88154dbecb8dd699a573e5bccdc04": ["0", "net.sf.andbatdog.batterydog.BatteryDog"]}, {"ebb88154dbecb8dd699a573e5bccdc04": ["0", "net.sf.andbatdog.batterydog.BatteryDog"]}, {"ebb88154dbecb8dd699a573e5bccdc04": ["0", "net.sf.andbatdog.batterydog.BatteryDog"]}, {"ebb88154dbecb8dd699a573e5bccdc04": ["0", "net.sf.andbatdog.batterydog.BatteryDog"]}, {"ebb88154dbecb8dd699a573e5bccdc04": ["0", "net.sf.andbatdog.batterydog.BatteryDog"]}, {"ebb88154dbecb8dd699a573e5bccdc04": ["0", "net.sf.andbatdog.batterydog.BatteryDog"]}, {"ebb88154dbecb8dd699a573e5bccdc04": ["0", "net.sf.andbatdog.batterydog.BatteryDog"]}, {"ebb88154dbecb8dd699a573e5bccdc04": ["0", "net.sf.andbatdog.batterydog.BatteryDog"]}, {"ebb88154dbecb8dd699a573e5bccdc04": ["0", "net.sf.andbatdog.batterydog.BatteryDog"]}, {"ebb88154dbecb8dd699a573e5bccdc04": ["0", "net.sf.andbatdog.batterydog.BatteryDog"]}, {"ebb88154dbecb8dd699a573e5bccdc04": ["0", "net.sf.andbatdog.batterydog.BatteryDog"]}, {"ebb88154dbecb8dd699a573e5bccdc04": ["0", "net.sf.andbatdog.batterydog.BatteryDog"]}, {"ebb88154dbecb8dd699a573e5bccdc04": ["0", "net.sf.andbatdog.batterydog.BatteryDog"]}, {"ebb88154dbecb8dd699a573e5bccdc04": ["0", "net.sf.andbatdog.batterydog.BatteryDog"]}, {"ebb88154dbecb8dd699a573e5bccdc04": ["0", "net.sf.andbatdog.batterydog.BatteryDog"]}, {"ebb88154dbecb8dd699a573e5bccdc04": ["0", "net.sf.andbatdog.batterydog.BatteryDog"]}, {"ebb88154dbecb8dd699a573e5bccdc04": ["0", "net.sf.andbatdog.batterydog.BatteryDog"]}, {"ebb88154dbecb8dd699a573e5bccdc04": ["0", "net.sf.andbatdog.batterydog.BatteryDog"]}, {"ebb88154dbecb8dd699a573e5bccdc04": ["0", "net.sf.andbatdog.batterydog.BatteryDog"]}, {"ebb88154dbecb8dd699a573e5bccdc04": ["0", "net.sf.andbatdog.batterydog.BatteryDog"]}, {"ebb88154dbecb8dd699a573e5bccdc04": ["0", "net.sf.andbatdog.batterydog.BatteryDog"]}, {"ebb88154dbecb8dd699a573e5bccdc04": ["0", "net.sf.andbatdog.batterydog.BatteryDog"]}, {"ebb88154dbecb8dd699a573e5bccdc04": ["0", "net.sf.andbatdog.batterydog.BatteryDog"]}, {"ebb88154dbecb8dd699a573e5bccdc04": ["0", "net.sf.andbatdog.batterydog.BatteryDog"]}, {"ebb88154dbecb8dd699a573e5bccdc04": ["0", "net.sf.andbatdog.batterydog.BatteryDog"]}, {"ebb88154dbecb8dd699a573e5bccdc04": ["0", "net.sf.andbatdog.batterydog.BatteryDog"]}, {"ebb88154dbecb8dd699a573e5bccdc04": ["0", "net.sf.andbatdog.batterydog.BatteryDog"]}, {"ebb88154dbecb8dd699a573e5bccdc04": ["0", "net.sf.andbatdog.batterydog.BatteryDog"]}, {"ebb88154dbecb8dd699a573e5bccdc04": ["0", "net.sf.andbatdog.batterydog.BatteryDog"]}, {"ebb88154dbecb8dd699a573e5bccdc04": ["0", "net.sf.andbatdog.batterydog.BatteryDog"]}, {"ebb88154dbecb8dd699a573e5bccdc04": ["0", "net.sf.andbatdog.batterydog.BatteryDog"]}, {"ebb88154dbecb8dd699a573e5bccdc04": ["0", "net.sf.andbatdog.batterydog.BatteryDog"]}, {"ebb88154dbecb8dd699a573e5bccdc04": ["0", "net.sf.andbatdog.batterydog.BatteryDog"]}, {"ebb88154dbecb8dd699a573e5bccdc04": ["0", "net.sf.andbatdog.batterydog.BatteryDog"]}, {"ebb88154dbecb8dd699a573e5bccdc04": ["0", "net.sf.andbatdog.batterydog.BatteryDog"]}, {"ebb88154dbecb8dd699a573e5bccdc04": ["0", "net.sf.andbatdog.batterydog.BatteryDog"]}, {"ebb88154dbecb8dd699a573e5bccdc04": ["0", "net.sf.andbatdog.batterydog.BatteryDog"]}, {"ebb88154dbecb8dd699a573e5bccdc04": ["0", "net.sf.andbatdog.batterydog.BatteryDog"]}, {"ebb88154dbecb8dd699a573e5bccdc04": ["0", "net.sf.andbatdog.batterydog.BatteryDog"]}, {"ebb88154dbecb8dd699a573e5bccdc04": ["0", "net.sf.andbatdog.batterydog.BatteryDog"]}, {"ebb88154dbecb8dd699a573e5bccdc04": ["0", "net.sf.andbatdog.batterydog.BatteryDog"]}, {"ebb88154dbecb8dd699a573e5bccdc04": ["0", "net.sf.andbatdog.batterydog.BatteryDog"]}, {"ebb88154dbecb8dd699a573e5bccdc04": ["0", "net.sf.andbatdog.batterydog.BatteryDog"]}, {"ebb88154dbecb8dd699a573e5bccdc04": ["0", "net.sf.andbatdog.batterydog.BatteryDog"]}, {"ebb88154dbecb8dd699a573e5bccdc04": ["0", "net.sf.andbatdog.batterydog.BatteryDog"]}, {"ebb88154dbecb8dd699a573e5bccdc04": ["0", "net.sf.andbatdog.batterydog.BatteryDog"]}, {"ebb88154dbecb8dd699a573e5bccdc04": ["0", "net.sf.andbatdog.batterydog.BatteryDog"]}, {"ebb88154dbecb8dd699a573e5bccdc04": ["0", "net.sf.andbatdog.batterydog.BatteryDog"]}, {"ebb88154dbecb8dd699a573e5bccdc04": ["0", "net.sf.andbatdog.batterydog.BatteryDog"]}, {"ebb88154dbecb8dd699a573e5bccdc04": ["0", "net.sf.andbatdog.batterydog.BatteryDog"]}, {"ebb88154dbecb8dd699a573e5bccdc04": ["0", "net.sf.andbatdog.batterydog.BatteryDog"]}, {"ebb88154dbecb8dd699a573e5bccdc04": ["0", "net.sf.andbatdog.batterydog.BatteryDog"]}, {"ebb88154dbecb8dd699a573e5bccdc04": ["0", "net.sf.andbatdog.batterydog.BatteryDog"]}, {"ebb88154dbecb8dd699a573e5bccdc04": ["0", "net.sf.andbatdog.batterydog.BatteryDog"]}, {"ebb88154dbecb8dd699a573e5bccdc04": ["0", "net.sf.andbatdog.batterydog.BatteryDog"]}, {"ebb88154dbecb8dd699a573e5bccdc04": ["0", "net.sf.andbatdog.batterydog.BatteryDog"]}, {"ebb88154dbecb8dd699a573e5bccdc04": ["0", "net.sf.andbatdog.batterydog.BatteryDog"]}, {"ebb88154dbecb8dd699a573e5bccdc04": ["0", "net.sf.andbatdog.batterydog.BatteryDog"]}, {"ebb88154dbecb8dd699a573e5bccdc04": ["0", "net.sf.andbatdog.batterydog.BatteryDog"]}, {"ebb88154dbecb8dd699a573e5bccdc04": ["0", "net.sf.andbatdog.batterydog.BatteryDog"]}, {"ebb88154dbecb8dd699a573e5bccdc04": ["0", "net.sf.andbatdog.batterydog.BatteryDog"]}, {"ebb88154dbecb8dd699a573e5bccdc04": ["0", "net.sf.andbatdog.batterydog.BatteryDog"]}, {"ebb88154dbecb8dd699a573e5bccdc04": ["0", "net.sf.andbatdog.batterydog.BatteryDog"]}, {"ebb88154dbecb8dd699a573e5bccdc04": ["0", "net.sf.andbatdog.batterydog.BatteryDog"]}, {"ebb88154dbecb8dd699a573e5bccdc04": ["0", "net.sf.andbatdog.batterydog.BatteryDog"]}, {"ebb88154dbecb8dd699a573e5bccdc04": ["0", "net.sf.andbatdog.batterydog.BatteryDog"]}, {"ebb88154dbecb8dd699a573e5bccdc04": ["0", "net.sf.andbatdog.batterydog.BatteryDog"]}, {"ebb88154dbecb8dd699a573e5bccdc04": ["0", "net.sf.andbatdog.batterydog.BatteryDog"]}, {"ebb88154dbecb8dd699a573e5bccdc04": ["0", "net.sf.andbatdog.batterydog.BatteryDog"]}, {"ebb88154dbecb8dd699a573e5bccdc04": ["0", "net.sf.andbatdog.batterydog.BatteryDog"]}, {"ebb88154dbecb8dd699a573e5bccdc04": ["0", "net.sf.andbatdog.batterydog.BatteryDog"]}, {"ebb88154dbecb8dd699a573e5bccdc04": ["0", "net.sf.andbatdog.batterydog.BatteryDog"]}, {"ebb88154dbecb8dd699a573e5bccdc04": ["0", "net.sf.andbatdog.batterydog.BatteryDog"]}, {"ebb88154dbecb8dd699a573e5bccdc04": ["0", "net.sf.andbatdog.batterydog.BatteryDog"]}, {"ebb88154dbecb8dd699a573e5bccdc04": ["0", "net.sf.andbatdog.batterydog.BatteryDog"]}, {"ebb88154dbecb8dd699a573e5bccdc04": ["0", "net.sf.andbatdog.batterydog.BatteryDog"]}, {"ebb88154dbecb8dd699a573e5bccdc04": ["0", "net.sf.andbatdog.batterydog.BatteryDog"]}, {"ebb88154dbecb8dd699a573e5bccdc04": ["0", "net.sf.andbatdog.batterydog.BatteryDog"]}, {"ebb88154dbecb8dd699a573e5bccdc04": ["0", "net.sf.andbatdog.batterydog.BatteryDog"]}, {"ebb88154dbecb8dd699a573e5bccdc04": ["0", "net.sf.andbatdog.batterydog.BatteryDog"]}, {"ebb88154dbecb8dd699a573e5bccdc04": ["0", "net.sf.andbatdog.batterydog.BatteryDog"]}, {"ebb88154dbecb8dd699a573e5bccdc04": ["0", "net.sf.andbatdog.batterydog.BatteryDog"]}, {"ebb88154dbecb8dd699a573e5bccdc04": ["0", "net.sf.andbatdog.batterydog.BatteryDog"]}, {"ebb88154dbecb8dd699a573e5bccdc04": ["0", "net.sf.andbatdog.batterydog.BatteryDog"]}, {"ebb88154dbecb8dd699a573e5bccdc04": ["0", "net.sf.andbatdog.batterydog.BatteryDog"]}, {"ebb88154dbecb8dd699a573e5bccdc04": ["0", "net.sf.andbatdog.batterydog.BatteryDog"]}, {"ebb88154dbecb8dd699a573e5bccdc04": ["0", "net.sf.andbatdog.batterydog.BatteryDog"]}, {"ebb88154dbecb8dd699a573e5bccdc04": ["0", "net.sf.andbatdog.batterydog.BatteryDog"]}, {"ebb88154dbecb8dd699a573e5bccdc04": ["0", "net.sf.andbatdog.batterydog.BatteryDog"]}, {"ebb88154dbecb8dd699a573e5bccdc04": ["0", "net.sf.andbatdog.batterydog.BatteryDog"]}, {"ebb88154dbecb8dd699a573e5bccdc04": ["0", "net.sf.andbatdog.batterydog.BatteryDog"]}, {"ebb88154dbecb8dd699a573e5bccdc04": ["0", "net.sf.andbatdog.batterydog.BatteryDog"]}, {"ebb88154dbecb8dd699a573e5bccdc04": ["0", "net.sf.andbatdog.batterydog.BatteryDog"]}, {"ebb88154dbecb8dd699a573e5bccdc04": ["0", "net.sf.andbatdog.batterydog.BatteryDog"]}, {"ebb88154dbecb8dd699a573e5bccdc04": ["0", "net.sf.andbatdog.batterydog.BatteryDog"]}, {"ebb88154dbecb8dd699a573e5bccdc04": ["0", "net.sf.andbatdog.batterydog.BatteryDog"]}, {"ebb88154dbecb8dd699a573e5bccdc04": ["0", "net.sf.andbatdog.batterydog.BatteryDog"]}, {"ebb88154dbecb8dd699a573e5bccdc04": ["0", "net.sf.andbatdog.batterydog.BatteryDog"]}, {"ebb88154dbecb8dd699a573e5bccdc04": ["0", "net.sf.andbatdog.batterydog.BatteryDog"]}, {"ebb88154dbecb8dd699a573e5bccdc04": ["0", "net.sf.andbatdog.batterydog.BatteryDog"]}, {"ebb88154dbecb8dd699a573e5bccdc04": ["0", "net.sf.andbatdog.batterydog.BatteryDog"]}, {"ebb88154dbecb8dd699a573e5bccdc04": ["0", "net.sf.andbatdog.batterydog.BatteryDog"]}, {"ebb88154dbecb8dd699a573e5bccdc04": ["0", "net.sf.andbatdog.batterydog.BatteryDog"]}, {"ebb88154dbecb8dd699a573e5bccdc04": ["0", "net.sf.andbatdog.batterydog.BatteryDog"]}, {"ebb88154dbecb8dd699a573e5bccdc04": ["0", "net.sf.andbatdog.batterydog.BatteryDog"]}, {"ebb88154dbecb8dd699a573e5bccdc04": ["0", "net.sf.andbatdog.batterydog.BatteryDog"]}, {"ebb88154dbecb8dd699a573e5bccdc04": ["0", "net.sf.andbatdog.batterydog.BatteryDog"]}, {"ebb88154dbecb8dd699a573e5bccdc04": ["0", "net.sf.andbatdog.batterydog.BatteryDog"]}, {"ebb88154dbecb8dd699a573e5bccdc04": ["0", "net.sf.andbatdog.batterydog.BatteryDog"]}, {"ebb88154dbecb8dd699a573e5bccdc04": ["0", "net.sf.andbatdog.batterydog.BatteryDog"]}, {"ebb88154dbecb8dd699a573e5bccdc04": ["0", "net.sf.andbatdog.batterydog.BatteryDog"]}, {"ebb88154dbecb8dd699a573e5bccdc04": ["0", "net.sf.andbatdog.batterydog.BatteryDog"]}, {"ebb88154dbecb8dd699a573e5bccdc04": ["0", "net.sf.andbatdog.batterydog.BatteryDog"]}, {"ebb88154dbecb8dd699a573e5bccdc04": ["0", "net.sf.andbatdog.batterydog.BatteryDog"]}, {"ebb88154dbecb8dd699a573e5bccdc04": ["0", "net.sf.andbatdog.batterydog.BatteryDog"]}, {"ebb88154dbecb8dd699a573e5bccdc04": ["0", "net.sf.andbatdog.batterydog.BatteryDog"]}, {"ebb88154dbecb8dd699a573e5bccdc04": ["0", "net.sf.andbatdog.batterydog.BatteryDog"]}, {"ebb88154dbecb8dd699a573e5bccdc04": ["0", "net.sf.andbatdog.batterydog.BatteryDog"]}, {"ebb88154dbecb8dd699a573e5bccdc04": ["0", "net.sf.andbatdog.batterydog.BatteryDog"]}, {"ebb88154dbecb8dd699a573e5bccdc04": ["0", "net.sf.andbatdog.batterydog.BatteryDog"]}, {"ebb88154dbecb8dd699a573e5bccdc04": ["0", "net.sf.andbatdog.batterydog.BatteryDog"]}, {"ebb88154dbecb8dd699a573e5bccdc04": ["0", "net.sf.andbatdog.batterydog.BatteryDog"]}, {"ebb88154dbecb8dd699a573e5bccdc04": ["0", "net.sf.andbatdog.batterydog.BatteryDog"]}, {"ebb88154dbecb8dd699a573e5bccdc04": ["0", "net.sf.andbatdog.batterydog.BatteryDog"]}, {"ebb88154dbecb8dd699a573e5bccdc04": ["0", "net.sf.andbatdog.batterydog.BatteryDog"]}, {"ebb88154dbecb8dd699a573e5bccdc04": ["0", "net.sf.andbatdog.batterydog.BatteryDog"]}, {"ebb88154dbecb8dd699a573e5bccdc04": ["0", "net.sf.andbatdog.batterydog.BatteryDog"]}, {"ebb88154dbecb8dd699a573e5bccdc04": ["0", "net.sf.andbatdog.batterydog.BatteryDog"]}, {"ebb88154dbecb8dd699a573e5bccdc04": ["0", "net.sf.andbatdog.batterydog.BatteryDog"]}, {"ebb88154dbecb8dd699a573e5bccdc04": ["0", "net.sf.andbatdog.batterydog.BatteryDog"]}, {"ebb88154dbecb8dd699a573e5bccdc04": ["0", "net.sf.andbatdog.batterydog.BatteryDog"]}, {"ebb88154dbecb8dd699a573e5bccdc04": ["0", "net.sf.andbatdog.batterydog.BatteryDog"]}, {"ebb88154dbecb8dd699a573e5bccdc04": ["0", "net.sf.andbatdog.batterydog.BatteryDog"]}, {"ebb88154dbecb8dd699a573e5bccdc04": ["0", "net.sf.andbatdog.batterydog.BatteryDog"]}, {"ebb88154dbecb8dd699a573e5bccdc04": ["0", "net.sf.andbatdog.batterydog.BatteryDog"]}, {"ebb88154dbecb8dd699a573e5bccdc04": ["0", "net.sf.andbatdog.batterydog.BatteryDog"]}, {"ebb88154dbecb8dd699a573e5bccdc04": ["0", "net.sf.andbatdog.batterydog.BatteryDog"]}, {"ebb88154dbecb8dd699a573e5bccdc04": ["0", "net.sf.andbatdog.batterydog.BatteryDog"]}, {"ebb88154dbecb8dd699a573e5bccdc04": ["0", "net.sf.andbatdog.batterydog.BatteryDog"]}, {"ebb88154dbecb8dd699a573e5bccdc04": ["0", "net.sf.andbatdog.batterydog.BatteryDog"]}, {"ebb88154dbecb8dd699a573e5bccdc04": ["0", "net.sf.andbatdog.batterydog.BatteryDog"]}, {"ebb88154dbecb8dd699a573e5bccdc04": ["0", "net.sf.andbatdog.batterydog.BatteryDog"]}, {"ebb88154dbecb8dd699a573e5bccdc04": ["0", "net.sf.andbatdog.batterydog.BatteryDog"]}, {"ebb88154dbecb8dd699a573e5bccdc04": ["0", "net.sf.andbatdog.batterydog.BatteryDog"]}, {"ebb88154dbecb8dd699a573e5bccdc04": ["0", "net.sf.andbatdog.batterydog.BatteryDog"]}, {"ebb88154dbecb8dd699a573e5bccdc04": ["0", "net.sf.andbatdog.batterydog.BatteryDog"]}, {"ebb88154dbecb8dd699a573e5bccdc04": ["0", "net.sf.andbatdog.batterydog.BatteryDog"]}, {"ebb88154dbecb8dd699a573e5bccdc04": ["0", "net.sf.andbatdog.batterydog.BatteryDog"]}, {"ebb88154dbecb8dd699a573e5bccdc04": ["0", "net.sf.andbatdog.batterydog.BatteryDog"]}, {"ebb88154dbecb8dd699a573e5bccdc04": ["0", "net.sf.andbatdog.batterydog.BatteryDog"]}, {"ebb88154dbecb8dd699a573e5bccdc04": ["0", "net.sf.andbatdog.batterydog.BatteryDog"]}, {"ebb88154dbecb8dd699a573e5bccdc04": ["0", "net.sf.andbatdog.batterydog.BatteryDog"]}, {"ebb88154dbecb8dd699a573e5bccdc04": ["0", "net.sf.andbatdog.batterydog.BatteryDog"]}, {"ebb88154dbecb8dd699a573e5bccdc04": ["0", "net.sf.andbatdog.batterydog.BatteryDog"]}, {"ebb88154dbecb8dd699a573e5bccdc04": ["0", "net.sf.andbatdog.batterydog.BatteryDog"]}, {"ebb88154dbecb8dd699a573e5bccdc04": ["0", "net.sf.andbatdog.batterydog.BatteryDog"]}, {"ebb88154dbecb8dd699a573e5bccdc04": ["0", "net.sf.andbatdog.batterydog.BatteryDog"]}, {"ebb88154dbecb8dd699a573e5bccdc04": ["0", "net.sf.andbatdog.batterydog.BatteryDog"]}, {"ebb88154dbecb8dd699a573e5bccdc04": ["0", "net.sf.andbatdog.batterydog.BatteryDog"]}, {"ebb88154dbecb8dd699a573e5bccdc04": ["0", "net.sf.andbatdog.batterydog.BatteryDog"]}, {"ebb88154dbecb8dd699a573e5bccdc04": ["0", "net.sf.andbatdog.batterydog.BatteryDog"]}, {"ebb88154dbecb8dd699a573e5bccdc04": ["0", "net.sf.andbatdog.batterydog.BatteryDog"]}, {"ebb88154dbecb8dd699a573e5bccdc04": ["0", "net.sf.andbatdog.batterydog.BatteryDog"]}, {"ebb88154dbecb8dd699a573e5bccdc04": ["0", "net.sf.andbatdog.batterydog.BatteryDog"]}, {"ebb88154dbecb8dd699a573e5bccdc04": ["0", "net.sf.andbatdog.batterydog.BatteryDog"]}, {"ebb88154dbecb8dd699a573e5bccdc04": ["0", "net.sf.andbatdog.batterydog.BatteryDog"]}, {"ebb88154dbecb8dd699a573e5bccdc04": ["0", "net.sf.andbatdog.batterydog.BatteryDog"]}, {"ebb88154dbecb8dd699a573e5bccdc04": ["0", "net.sf.andbatdog.batterydog.BatteryDog"]}, {"ebb88154dbecb8dd699a573e5bccdc04": ["0", "net.sf.andbatdog.batterydog.BatteryDog"]}, {"ebb88154dbecb8dd699a573e5bccdc04": ["0", "net.sf.andbatdog.batterydog.BatteryDog"]}, {"ebb88154dbecb8dd699a573e5bccdc04": ["0", "net.sf.andbatdog.batterydog.BatteryDog"]}, {"ebb88154dbecb8dd699a573e5bccdc04": ["0", "net.sf.andbatdog.batterydog.BatteryDog"]}, {"ebb88154dbecb8dd699a573e5bccdc04": ["0", "net.sf.andbatdog.batterydog.BatteryDog"]}, {"ebb88154dbecb8dd699a573e5bccdc04": ["0", "net.sf.andbatdog.batterydog.BatteryDog"]}, {"ebb88154dbecb8dd699a573e5bccdc04": ["0", "net.sf.andbatdog.batterydog.BatteryDog"]}, {"ebb88154dbecb8dd699a573e5bccdc04": ["0", "net.sf.andbatdog.batterydog.BatteryDog"]}, {"ebb88154dbecb8dd699a573e5bccdc04": ["0", "net.sf.andbatdog.batterydog.BatteryDog"]}, {"ebb88154dbecb8dd699a573e5bccdc04": ["0", "net.sf.andbatdog.batterydog.BatteryDog"]}, {"ebb88154dbecb8dd699a573e5bccdc04": ["0", "net.sf.andbatdog.batterydog.BatteryDog"]}, {"ebb88154dbecb8dd699a573e5bccdc04": ["0", "net.sf.andbatdog.batterydog.BatteryDog"]}, {"ebb88154dbecb8dd699a573e5bccdc04": ["0", "net.sf.andbatdog.batterydog.BatteryDog"]}, {"ebb88154dbecb8dd699a573e5bccdc04": ["0", "net.sf.andbatdog.batterydog.BatteryDog"]}, {"ebb88154dbecb8dd699a573e5bccdc04": ["0", "net.sf.andbatdog.batterydog.BatteryDog"]}, {"ebb88154dbecb8dd699a573e5bccdc04": ["0", "net.sf.andbatdog.batterydog.BatteryDog"]}, {"ebb88154dbecb8dd699a573e5bccdc04": ["0", "net.sf.andbatdog.batterydog.BatteryDog"]}, {"ebb88154dbecb8dd699a573e5bccdc04": ["0", "net.sf.andbatdog.batterydog.BatteryDog"]}, {"ebb88154dbecb8dd699a573e5bccdc04": ["0", "net.sf.andbatdog.batterydog.BatteryDog"]}, {"ebb88154dbecb8dd699a573e5bccdc04": ["0", "net.sf.andbatdog.batterydog.BatteryDog"]}, {"ebb88154dbecb8dd699a573e5bccdc04": ["0", "net.sf.andbatdog.batterydog.BatteryDog"]}, {"ebb88154dbecb8dd699a573e5bccdc04": ["0", "net.sf.andbatdog.batterydog.BatteryDog"]}, {"ebb88154dbecb8dd699a573e5bccdc04": ["0", "net.sf.andbatdog.batterydog.BatteryDog"]}, {"ebb88154dbecb8dd699a573e5bccdc04": ["0", "net.sf.andbatdog.batterydog.BatteryDog"]}, {"ebb88154dbecb8dd699a573e5bccdc04": ["0", "net.sf.andbatdog.batterydog.BatteryDog"]}, {"ebb88154dbecb8dd699a573e5bccdc04": ["0", "net.sf.andbatdog.batterydog.BatteryDog"]}, {"ebb88154dbecb8dd699a573e5bccdc04": ["0", "net.sf.andbatdog.batterydog.BatteryDog"]}, {"ebb88154dbecb8dd699a573e5bccdc04": ["0", "net.sf.andbatdog.batterydog.BatteryDog"]}, {"ebb88154dbecb8dd699a573e5bccdc04": ["0", "net.sf.andbatdog.batterydog.BatteryDog"]}, {"ebb88154dbecb8dd699a573e5bccdc04": ["0", "net.sf.andbatdog.batterydog.BatteryDog"]}, {"ebb88154dbecb8dd699a573e5bccdc04": ["0", "net.sf.andbatdog.batterydog.BatteryDog"]}, {"ebb88154dbecb8dd699a573e5bccdc04": ["0", "net.sf.andbatdog.batterydog.BatteryDog"]}, {"ebb88154dbecb8dd699a573e5bccdc04": ["0", "net.sf.andbatdog.batterydog.BatteryDog"]}, {"ebb88154dbecb8dd699a573e5bccdc04": ["0", "net.sf.andbatdog.batterydog.BatteryDog"]}, {"ebb88154dbecb8dd699a573e5bccdc04": ["0", "net.sf.andbatdog.batterydog.BatteryDog"]}, {"ebb88154dbecb8dd699a573e5bccdc04": ["0", "net.sf.andbatdog.batterydog.BatteryDog"]}, {"ebb88154dbecb8dd699a573e5bccdc04": ["0", "net.sf.andbatdog.batterydog.BatteryDog"]}, {"ebb88154dbecb8dd699a573e5bccdc04": ["0", "net.sf.andbatdog.batterydog.BatteryDog"]}, {"ebb88154dbecb8dd699a573e5bccdc04": ["0", "net.sf.andbatdog.batterydog.BatteryDog"]}, {"ebb88154dbecb8dd699a573e5bccdc04": ["0", "net.sf.andbatdog.batterydog.BatteryDog"]}, {"ebb88154dbecb8dd699a573e5bccdc04": ["0", "net.sf.andbatdog.batterydog.BatteryDog"]}, {"ebb88154dbecb8dd699a573e5bccdc04": ["0", "net.sf.andbatdog.batterydog.BatteryDog"]}, {"ebb88154dbecb8dd699a573e5bccdc04": ["0", "net.sf.andbatdog.batterydog.BatteryDog"]}, {"ebb88154dbecb8dd699a573e5bccdc04": ["0", "net.sf.andbatdog.batterydog.BatteryDog"]}, {"ebb88154dbecb8dd699a573e5bccdc04": ["0", "net.sf.andbatdog.batterydog.BatteryDog"]}, {"ebb88154dbecb8dd699a573e5bccdc04": ["0", "net.sf.andbatdog.batterydog.BatteryDog"]}, {"ebb88154dbecb8dd699a573e5bccdc04": ["0", "net.sf.andbatdog.batterydog.BatteryDog"]}, {"ebb88154dbecb8dd699a573e5bccdc04": ["0", "net.sf.andbatdog.batterydog.BatteryDog"]}, {"ebb88154dbecb8dd699a573e5bccdc04": ["0", "net.sf.andbatdog.batterydog.BatteryDog"]}, {"ebb88154dbecb8dd699a573e5bccdc04": ["0", "net.sf.andbatdog.batterydog.BatteryDog"]}, {"ebb88154dbecb8dd699a573e5bccdc04": ["0", "net.sf.andbatdog.batterydog.BatteryDog"]}, {"ebb88154dbecb8dd699a573e5bccdc04": ["0", "net.sf.andbatdog.batterydog.BatteryDog"]}, {"ebb88154dbecb8dd699a573e5bccdc04": ["0", "net.sf.andbatdog.batterydog.BatteryDog"]}, {"ebb88154dbecb8dd699a573e5bccdc04": ["0", "net.sf.andbatdog.batterydog.BatteryDog"]}, {"ebb88154dbecb8dd699a573e5bccdc04": ["0", "net.sf.andbatdog.batterydog.BatteryDog"]}, {"ebb88154dbecb8dd699a573e5bccdc04": ["0", "net.sf.andbatdog.batterydog.BatteryDog"]}, {"ebb88154dbecb8dd699a573e5bccdc04": ["0", "net.sf.andbatdog.batterydog.BatteryDog"]}, {"ebb88154dbecb8dd699a573e5bccdc04": ["0", "net.sf.andbatdog.batterydog.BatteryDog"]}, {"ebb88154dbecb8dd699a573e5bccdc04": ["0", "net.sf.andbatdog.batterydog.BatteryDog"]}, {"ebb88154dbecb8dd699a573e5bccdc04": ["0", "net.sf.andbatdog.batterydog.BatteryDog"]}, {"ebb88154dbecb8dd699a573e5bccdc04": ["0", "net.sf.andbatdog.batterydog.BatteryDog"]}, {"ebb88154dbecb8dd699a573e5bccdc04": ["0", "net.sf.andbatdog.batterydog.BatteryDog"]}, {"ebb88154dbecb8dd699a573e5bccdc04": ["0", "net.sf.andbatdog.batterydog.BatteryDog"]}, {"ebb88154dbecb8dd699a573e5bccdc04": ["0", "net.sf.andbatdog.batterydog.BatteryDog"]}, {"ebb88154dbecb8dd699a573e5bccdc04": ["0", "net.sf.andbatdog.batterydog.BatteryDog"]}, {"ebb88154dbecb8dd699a573e5bccdc04": ["0", "net.sf.andbatdog.batterydog.BatteryDog"]}, {"ebb88154dbecb8dd699a573e5bccdc04": ["0", "net.sf.andbatdog.batterydog.BatteryDog"]}, {"ebb88154dbecb8dd699a573e5bccdc04": ["0", "net.sf.andbatdog.batterydog.BatteryDog"]}, {"ebb88154dbecb8dd699a573e5bccdc04": ["0", "net.sf.andbatdog.batterydog.BatteryDog"]}, {"ebb88154dbecb8dd699a573e5bccdc04": ["0", "net.sf.andbatdog.batterydog.BatteryDog"]}, {"ebb88154dbecb8dd699a573e5bccdc04": ["0", "net.sf.andbatdog.batterydog.BatteryDog"]}, {"ebb88154dbecb8dd699a573e5bccdc04": ["0", "net.sf.andbatdog.batterydog.BatteryDog"]}, {"ebb88154dbecb8dd699a573e5bccdc04": ["0", "net.sf.andbatdog.batterydog.BatteryDog"]}, {"ebb88154dbecb8dd699a573e5bccdc04": ["0", "net.sf.andbatdog.batterydog.BatteryDog"]}, {"ebb88154dbecb8dd699a573e5bccdc04": ["0", "net.sf.andbatdog.batterydog.BatteryDog"]}, {"ebb88154dbecb8dd699a573e5bccdc04": ["0", "net.sf.andbatdog.batterydog.BatteryDog"]}, {"ebb88154dbecb8dd699a573e5bccdc04": ["0", "net.sf.andbatdog.batterydog.BatteryDog"]}, {"ebb88154dbecb8dd699a573e5bccdc04": ["0", "net.sf.andbatdog.batterydog.BatteryDog"]}, {"ebb88154dbecb8dd699a573e5bccdc04": ["0", "net.sf.andbatdog.batterydog.BatteryDog"]}, {"ebb88154dbecb8dd699a573e5bccdc04": ["0", "net.sf.andbatdog.batterydog.BatteryDog"]}, {"ebb88154dbecb8dd699a573e5bccdc04": ["0", "net.sf.andbatdog.batterydog.BatteryDog"]}, {"ebb88154dbecb8dd699a573e5bccdc04": ["0", "net.sf.andbatdog.batterydog.BatteryDog"]}, {"ebb88154dbecb8dd699a573e5bccdc04": ["0", "net.sf.andbatdog.batterydog.BatteryDog"]}, {"ebb88154dbecb8dd699a573e5bccdc04": ["0", "net.sf.andbatdog.batterydog.BatteryDog"]}, {"ebb88154dbecb8dd699a573e5bccdc04": ["0", "net.sf.andbatdog.batterydog.BatteryDog"]}, {"ebb88154dbecb8dd699a573e5bccdc04": ["0", "net.sf.andbatdog.batterydog.BatteryDog"]}, {"ebb88154dbecb8dd699a573e5bccdc04": ["0", "net.sf.andbatdog.batterydog.BatteryDog"]}, {"ebb88154dbecb8dd699a573e5bccdc04": ["0", "net.sf.andbatdog.batterydog.BatteryDog"]}, {"ebb88154dbecb8dd699a573e5bccdc04": ["0", "net.sf.andbatdog.batterydog.BatteryDog"]}, {"ebb88154dbecb8dd699a573e5bccdc04": ["0", "net.sf.andbatdog.batterydog.BatteryDog"]}, {"ebb88154dbecb8dd699a573e5bccdc04": ["0", "net.sf.andbatdog.batterydog.BatteryDog"]}, {"ebb88154dbecb8dd699a573e5bccdc04": ["0", "net.sf.andbatdog.batterydog.BatteryDog"]}, {"ebb88154dbecb8dd699a573e5bccdc04": ["0", "net.sf.andbatdog.batterydog.BatteryDog"]}, {"ebb88154dbecb8dd699a573e5bccdc04": ["0", "net.sf.andbatdog.batterydog.BatteryDog"]}, {"ebb88154dbecb8dd699a573e5bccdc04": ["0", "net.sf.andbatdog.batterydog.BatteryDog"]}, {"ebb88154dbecb8dd699a573e5bccdc04": ["0", "net.sf.andbatdog.batterydog.BatteryDog"]}, {"ebb88154dbecb8dd699a573e5bccdc04": ["0", "net.sf.andbatdog.batterydog.BatteryDog"]}, {"ebb88154dbecb8dd699a573e5bccdc04": ["0", "net.sf.andbatdog.batterydog.BatteryDog"]}, {"ebb88154dbecb8dd699a573e5bccdc04": ["0", "net.sf.andbatdog.batterydog.BatteryDog"]}, {"ebb88154dbecb8dd699a573e5bccdc04": ["0", "net.sf.andbatdog.batterydog.BatteryDog"]}, {"ebb88154dbecb8dd699a573e5bccdc04": ["0", "net.sf.andbatdog.batterydog.BatteryDog"]}, {"ebb88154dbecb8dd699a573e5bccdc04": ["0", "net.sf.andbatdog.batterydog.BatteryDog"]}, {"ebb88154dbecb8dd699a573e5bccdc04": ["0", "net.sf.andbatdog.batterydog.BatteryDog"]}, {"ebb88154dbecb8dd699a573e5bccdc04": ["0", "net.sf.andbatdog.batterydog.BatteryDog"]}, {"ebb88154dbecb8dd699a573e5bccdc04": ["0", "net.sf.andbatdog.batterydog.BatteryDog"]}, {"ebb88154dbecb8dd699a573e5bccdc04": ["0", "net.sf.andbatdog.batterydog.BatteryDog"]}, {"ebb88154dbecb8dd699a573e5bccdc04": ["0", "net.sf.andbatdog.batterydog.BatteryDog"]}, {"ebb88154dbecb8dd699a573e5bccdc04": ["0", "net.sf.andbatdog.batterydog.BatteryDog"]}, {"ebb88154dbecb8dd699a573e5bccdc04": ["0", "net.sf.andbatdog.batterydog.BatteryDog"]}, {"ebb88154dbecb8dd699a573e5bccdc04": ["0", "net.sf.andbatdog.batterydog.BatteryDog"]}, {"ebb88154dbecb8dd699a573e5bccdc04": ["0", "net.sf.andbatdog.batterydog.BatteryDog"]}, {"ebb88154dbecb8dd699a573e5bccdc04": ["0", "net.sf.andbatdog.batterydog.BatteryDog"]}, {"ebb88154dbecb8dd699a573e5bccdc04": ["0", "net.sf.andbatdog.batterydog.BatteryDog"]}, {"ebb88154dbecb8dd699a573e5bccdc04": ["0", "net.sf.andbatdog.batterydog.BatteryDog"]}, {"ebb88154dbecb8dd699a573e5bccdc04": ["0", "net.sf.andbatdog.batterydog.BatteryDog"]}, {"ebb88154dbecb8dd699a573e5bccdc04": ["0", "net.sf.andbatdog.batterydog.BatteryDog"]}, {"ebb88154dbecb8dd699a573e5bccdc04": ["0", "net.sf.andbatdog.batterydog.BatteryDog"]}, {"ebb88154dbecb8dd699a573e5bccdc04": ["0", "net.sf.andbatdog.batterydog.BatteryDog"]}, {"ebb88154dbecb8dd699a573e5bccdc04": ["0", "net.sf.andbatdog.batterydog.BatteryDog"]}, {"ebb88154dbecb8dd699a573e5bccdc04": ["0", "net.sf.andbatdog.batterydog.BatteryDog"]}, {"ebb88154dbecb8dd699a573e5bccdc04": ["0", "net.sf.andbatdog.batterydog.BatteryDog"]}, {"ebb88154dbecb8dd699a573e5bccdc04": ["0", "net.sf.andbatdog.batterydog.BatteryDog"]}, {"ebb88154dbecb8dd699a573e5bccdc04": ["0", "net.sf.andbatdog.batterydog.BatteryDog"]}, {"ebb88154dbecb8dd699a573e5bccdc04": ["0", "net.sf.andbatdog.batterydog.BatteryDog"]}, {"ebb88154dbecb8dd699a573e5bccdc04": ["0", "net.sf.andbatdog.batterydog.BatteryDog"]}, {"ebb88154dbecb8dd699a573e5bccdc04": ["0", "net.sf.andbatdog.batterydog.BatteryDog"]}, {"ebb88154dbecb8dd699a573e5bccdc04": ["0", "net.sf.andbatdog.batterydog.BatteryDog"]}, {"ebb88154dbecb8dd699a573e5bccdc04": ["0", "net.sf.andbatdog.batterydog.BatteryDog"]}, {"ebb88154dbecb8dd699a573e5bccdc04": ["0", "net.sf.andbatdog.batterydog.BatteryDog"]}, {"ebb88154dbecb8dd699a573e5bccdc04": ["0", "net.sf.andbatdog.batterydog.BatteryDog"]}, {"ebb88154dbecb8dd699a573e5bccdc04": ["0", "net.sf.andbatdog.batterydog.BatteryDog"]}, {"ebb88154dbecb8dd699a573e5bccdc04": ["0", "net.sf.andbatdog.batterydog.BatteryDog"]}, {"ebb88154dbecb8dd699a573e5bccdc04": ["0", "net.sf.andbatdog.batterydog.BatteryDog"]}, {"ebb88154dbecb8dd699a573e5bccdc04": ["0", "net.sf.andbatdog.batterydog.BatteryDog"]}, {"ebb88154dbecb8dd699a573e5bccdc04": ["0", "net.sf.andbatdog.batterydog.BatteryDog"]}, {"ebb88154dbecb8dd699a573e5bccdc04": ["0", "net.sf.andbatdog.batterydog.BatteryDog"]}, {"ebb88154dbecb8dd699a573e5bccdc04": ["0", "net.sf.andbatdog.batterydog.BatteryDog"]}, {"ebb88154dbecb8dd699a573e5bccdc04": ["0", "net.sf.andbatdog.batterydog.BatteryDog"]}, {"ebb88154dbecb8dd699a573e5bccdc04": ["0", "net.sf.andbatdog.batterydog.BatteryDog"]}, {"ebb88154dbecb8dd699a573e5bccdc04": ["0", "net.sf.andbatdog.batterydog.BatteryDog"]}, {"ebb88154dbecb8dd699a573e5bccdc04": ["0", "net.sf.andbatdog.batterydog.BatteryDog"]}, {"ebb88154dbecb8dd699a573e5bccdc04": ["0", "net.sf.andbatdog.batterydog.BatteryDog"]}, {"ebb88154dbecb8dd699a573e5bccdc04": ["0", "net.sf.andbatdog.batterydog.BatteryDog"]}, {"ebb88154dbecb8dd699a573e5bccdc04": ["0", "net.sf.andbatdog.batterydog.BatteryDog"]}, {"ebb88154dbecb8dd699a573e5bccdc04": ["0", "net.sf.andbatdog.batterydog.BatteryDog"]}, {"ebb88154dbecb8dd699a573e5bccdc04": ["0", "net.sf.andbatdog.batterydog.BatteryDog"]}, {"ebb88154dbecb8dd699a573e5bccdc04": ["0", "net.sf.andbatdog.batterydog.BatteryDog"]}, {"ebb88154dbecb8dd699a573e5bccdc04": ["0", "net.sf.andbatdog.batterydog.BatteryDog"]}, {"ebb88154dbecb8dd699a573e5bccdc04": ["0", "net.sf.andbatdog.batterydog.BatteryDog"]}, {"ebb88154dbecb8dd699a573e5bccdc04": ["0", "net.sf.andbatdog.batterydog.BatteryDog"]}, {"ebb88154dbecb8dd699a573e5bccdc04": ["0", "net.sf.andbatdog.batterydog.BatteryDog"]}, {"ebb88154dbecb8dd699a573e5bccdc04": ["0", "net.sf.andbatdog.batterydog.BatteryDog"]}, {"ebb88154dbecb8dd699a573e5bccdc04": ["0", "net.sf.andbatdog.batterydog.BatteryDog"]}, {"ebb88154dbecb8dd699a573e5bccdc04": ["0", "net.sf.andbatdog.batterydog.BatteryDog"]}, {"ebb88154dbecb8dd699a573e5bccdc04": ["0", "net.sf.andbatdog.batterydog.BatteryDog"]}, {"ebb88154dbecb8dd699a573e5bccdc04": ["0", "net.sf.andbatdog.batterydog.BatteryDog"]}, {"ebb88154dbecb8dd699a573e5bccdc04": ["0", "net.sf.andbatdog.batterydog.BatteryDog"]}, {"ebb88154dbecb8dd699a573e5bccdc04": ["0", "net.sf.andbatdog.batterydog.BatteryDog"]}, {"ebb88154dbecb8dd699a573e5bccdc04": ["0", "net.sf.andbatdog.batterydog.BatteryDog"]}, {"ebb88154dbecb8dd699a573e5bccdc04": ["0", "net.sf.andbatdog.batterydog.BatteryDog"]}, {"ebb88154dbecb8dd699a573e5bccdc04": ["0", "net.sf.andbatdog.batterydog.BatteryDog"]}, {"ebb88154dbecb8dd699a573e5bccdc04": ["0", "net.sf.andbatdog.batterydog.BatteryDog"]}, {"ebb88154dbecb8dd699a573e5bccdc04": ["0", "net.sf.andbatdog.batterydog.BatteryDog"]}, {"ebb88154dbecb8dd699a573e5bccdc04": ["0", "net.sf.andbatdog.batterydog.BatteryDog"]}, {"ebb88154dbecb8dd699a573e5bccdc04": ["0", "net.sf.andbatdog.batterydog.BatteryDog"]}, {"ebb88154dbecb8dd699a573e5bccdc04": ["0", "net.sf.andbatdog.batterydog.BatteryDog"]}, {"ebb88154dbecb8dd699a573e5bccdc04": ["0", "net.sf.andbatdog.batterydog.BatteryDog"]}, {"ebb88154dbecb8dd699a573e5bccdc04": ["0", "net.sf.andbatdog.batterydog.BatteryDog"]}, {"ebb88154dbecb8dd699a573e5bccdc04": ["0", "net.sf.andbatdog.batterydog.BatteryDog"]}, {"ebb88154dbecb8dd699a573e5bccdc04": ["0", "net.sf.andbatdog.batterydog.BatteryDog"]}, {"ebb88154dbecb8dd699a573e5bccdc04": ["0", "net.sf.andbatdog.batterydog.BatteryDog"]}, {"ebb88154dbecb8dd699a573e5bccdc04": ["0", "net.sf.andbatdog.batterydog.BatteryDog"]}, {"ebb88154dbecb8dd699a573e5bccdc04": ["0", "net.sf.andbatdog.batterydog.BatteryDog"]}, {"ebb88154dbecb8dd699a573e5bccdc04": ["0", "net.sf.andbatdog.batterydog.BatteryDog"]}, {"ebb88154dbecb8dd699a573e5bccdc04": ["0", "net.sf.andbatdog.batterydog.BatteryDog"]}, {"ebb88154dbecb8dd699a573e5bccdc04": ["0", "net.sf.andbatdog.batterydog.BatteryDog"]}, {"ebb88154dbecb8dd699a573e5bccdc04": ["0", "net.sf.andbatdog.batterydog.BatteryDog"]}, {"ebb88154dbecb8dd699a573e5bccdc04": ["0", "net.sf.andbatdog.batterydog.BatteryDog"]}, {"ebb88154dbecb8dd699a573e5bccdc04": ["0", "net.sf.andbatdog.batterydog.BatteryDog"]}, {"ebb88154dbecb8dd699a573e5bccdc04": ["0", "net.sf.andbatdog.batterydog.BatteryDog"]}, {"ebb88154dbecb8dd699a573e5bccdc04": ["0", "net.sf.andbatdog.batterydog.BatteryDog"]}, {"ebb88154dbecb8dd699a573e5bccdc04": ["0", "net.sf.andbatdog.batterydog.BatteryDog"]}, {"ebb88154dbecb8dd699a573e5bccdc04": ["0", "net.sf.andbatdog.batterydog.BatteryDog"]}, {"ebb88154dbecb8dd699a573e5bccdc04": ["0", "net.sf.andbatdog.batterydog.BatteryDog"]}, {"ebb88154dbecb8dd699a573e5bccdc04": ["0", "net.sf.andbatdog.batterydog.BatteryDog"]}, {"ebb88154dbecb8dd699a573e5bccdc04": ["0", "net.sf.andbatdog.batterydog.BatteryDog"]}, {"ebb88154dbecb8dd699a573e5bccdc04": ["0", "net.sf.andbatdog.batterydog.BatteryDog"]}, {"ebb88154dbecb8dd699a573e5bccdc04": ["0", "net.sf.andbatdog.batterydog.BatteryDog"]}, {"ebb88154dbecb8dd699a573e5bccdc04": ["0", "net.sf.andbatdog.batterydog.BatteryDog"]}, {"ebb88154dbecb8dd699a573e5bccdc04": ["0", "net.sf.andbatdog.batterydog.BatteryDog"]}, {"ebb88154dbecb8dd699a573e5bccdc04": ["0", "net.sf.andbatdog.batterydog.BatteryDog"]}, {"ebb88154dbecb8dd699a573e5bccdc04": ["0", "net.sf.andbatdog.batterydog.BatteryDog"]}, {"ebb88154dbecb8dd699a573e5bccdc04": ["0", "net.sf.andbatdog.batterydog.BatteryDog"]}, {"ebb88154dbecb8dd699a573e5bccdc04": ["0", "net.sf.andbatdog.batterydog.BatteryDog"]}, {"ebb88154dbecb8dd699a573e5bccdc04": ["0", "net.sf.andbatdog.batterydog.BatteryDog"]}, {"ebb88154dbecb8dd699a573e5bccdc04": ["0", "net.sf.andbatdog.batterydog.BatteryDog"]}, {"ebb88154dbecb8dd699a573e5bccdc04": ["0", "net.sf.andbatdog.batterydog.BatteryDog"]}, {"ebb88154dbecb8dd699a573e5bccdc04": ["0", "net.sf.andbatdog.batterydog.BatteryDog"]}, {"ebb88154dbecb8dd699a573e5bccdc04": ["0", "net.sf.andbatdog.batterydog.BatteryDog"]}, {"ebb88154dbecb8dd699a573e5bccdc04": ["0", "net.sf.andbatdog.batterydog.BatteryDog"]}, {"ebb88154dbecb8dd699a573e5bccdc04": ["0", "net.sf.andbatdog.batterydog.BatteryDog"]}, {"ebb88154dbecb8dd699a573e5bccdc04": ["0", "net.sf.andbatdog.batterydog.BatteryDog"]}, {"ebb88154dbecb8dd699a573e5bccdc04": ["0", "net.sf.andbatdog.batterydog.BatteryDog"]}, {"ebb88154dbecb8dd699a573e5bccdc04": ["0", "net.sf.andbatdog.batterydog.BatteryDog"]}, {"ebb88154dbecb8dd699a573e5bccdc04": ["0", "net.sf.andbatdog.batterydog.BatteryDog"]}, {"ebb88154dbecb8dd699a573e5bccdc04": ["0", "net.sf.andbatdog.batterydog.BatteryDog"]}, {"ebb88154dbecb8dd699a573e5bccdc04": ["0", "net.sf.andbatdog.batterydog.BatteryDog"]}, {"ebb88154dbecb8dd699a573e5bccdc04": ["0", "net.sf.andbatdog.batterydog.BatteryDog"]}, {"ebb88154dbecb8dd699a573e5bccdc04": ["0", "net.sf.andbatdog.batterydog.BatteryDog"]}, {"ebb88154dbecb8dd699a573e5bccdc04": ["0", "net.sf.andbatdog.batterydog.BatteryDog"]}, {"ebb88154dbecb8dd699a573e5bccdc04": ["0", "net.sf.andbatdog.batterydog.BatteryDog"]}, {"ebb88154dbecb8dd699a573e5bccdc04": ["0", "net.sf.andbatdog.batterydog.BatteryDog"]}, {"ebb88154dbecb8dd699a573e5bccdc04": ["0", "net.sf.andbatdog.batterydog.BatteryDog"]}, {"ebb88154dbecb8dd699a573e5bccdc04": ["0", "net.sf.andbatdog.batterydog.BatteryDog"]}, {"ebb88154dbecb8dd699a573e5bccdc04": ["0", "net.sf.andbatdog.batterydog.BatteryDog"]}, {"ebb88154dbecb8dd699a573e5bccdc04": ["0", "net.sf.andbatdog.batterydog.BatteryDog"]}, {"ebb88154dbecb8dd699a573e5bccdc04": ["0", "net.sf.andbatdog.batterydog.BatteryDog"]}, {"ebb88154dbecb8dd699a573e5bccdc04": ["0", "net.sf.andbatdog.batterydog.BatteryDog"]}, {"ebb88154dbecb8dd699a573e5bccdc04": ["0", "net.sf.andbatdog.batterydog.BatteryDog"]}, {"ebb88154dbecb8dd699a573e5bccdc04": ["0", "net.sf.andbatdog.batterydog.BatteryDog"]}, {"ebb88154dbecb8dd699a573e5bccdc04": ["0", "net.sf.andbatdog.batterydog.BatteryDog"]}, {"ebb88154dbecb8dd699a573e5bccdc04": ["0", "net.sf.andbatdog.batterydog.BatteryDog"]}, {"ebb88154dbecb8dd699a573e5bccdc04": ["0", "net.sf.andbatdog.batterydog.BatteryDog"]}, {"ebb88154dbecb8dd699a573e5bccdc04": ["0", "net.sf.andbatdog.batterydog.BatteryDog"]}, {"ebb88154dbecb8dd699a573e5bccdc04": ["0", "net.sf.andbatdog.batterydog.BatteryDog"]}, {"ebb88154dbecb8dd699a573e5bccdc04": ["0", "net.sf.andbatdog.batterydog.BatteryDog"]}, {"ebb88154dbecb8dd699a573e5bccdc04": ["0", "net.sf.andbatdog.batterydog.BatteryDog"]}, {"ebb88154dbecb8dd699a573e5bccdc04": ["0", "net.sf.andbatdog.batterydog.BatteryDog"]}, {"ebb88154dbecb8dd699a573e5bccdc04": ["0", "net.sf.andbatdog.batterydog.BatteryDog"]}, {"ebb88154dbecb8dd699a573e5bccdc04": ["0", "net.sf.andbatdog.batterydog.BatteryDog"]}, {"ebb88154dbecb8dd699a573e5bccdc04": ["0", "net.sf.andbatdog.batterydog.BatteryDog"]}, {"ebb88154dbecb8dd699a573e5bccdc04": ["0", "net.sf.andbatdog.batterydog.BatteryDog"]}, {"ebb88154dbecb8dd699a573e5bccdc04": ["0", "net.sf.andbatdog.batterydog.BatteryDog"]}, {"ebb88154dbecb8dd699a573e5bccdc04": ["0", "net.sf.andbatdog.batterydog.BatteryDog"]}, {"ebb88154dbecb8dd699a573e5bccdc04": ["0", "net.sf.andbatdog.batterydog.BatteryDog"]}, {"ebb88154dbecb8dd699a573e5bccdc04": ["0", "net.sf.andbatdog.batterydog.BatteryDog"]}, {"ebb88154dbecb8dd699a573e5bccdc04": ["0", "net.sf.andbatdog.batterydog.BatteryDog"]}, {"ebb88154dbecb8dd699a573e5bccdc04": ["0", "net.sf.andbatdog.batterydog.BatteryDog"]}, {"ebb88154dbecb8dd699a573e5bccdc04": ["0", "net.sf.andbatdog.batterydog.BatteryDog"]}, {"ebb88154dbecb8dd699a573e5bccdc04": ["0", "net.sf.andbatdog.batterydog.BatteryDog"]}, {"ebb88154dbecb8dd699a573e5bccdc04": ["0", "net.sf.andbatdog.batterydog.BatteryDog"]}, {"ebb88154dbecb8dd699a573e5bccdc04": ["0", "net.sf.andbatdog.batterydog.BatteryDog"]}, {"ebb88154dbecb8dd699a573e5bccdc04": ["0", "net.sf.andbatdog.batterydog.BatteryDog"]}, {"ebb88154dbecb8dd699a573e5bccdc04": ["0", "net.sf.andbatdog.batterydog.BatteryDog"]}, {"ebb88154dbecb8dd699a573e5bccdc04": ["0", "net.sf.andbatdog.batterydog.BatteryDog"]}, {"ebb88154dbecb8dd699a573e5bccdc04": ["0", "net.sf.andbatdog.batterydog.BatteryDog"]}, {"ebb88154dbecb8dd699a573e5bccdc04": ["0", "net.sf.andbatdog.batterydog.BatteryDog"]}, {"ebb88154dbecb8dd699a573e5bccdc04": ["0", "net.sf.andbatdog.batterydog.BatteryDog"]}, {"ebb88154dbecb8dd699a573e5bccdc04": ["0", "net.sf.andbatdog.batterydog.BatteryDog"]}, {"ebb88154dbecb8dd699a573e5bccdc04": ["0", "net.sf.andbatdog.batterydog.BatteryDog"]}, {"ebb88154dbecb8dd699a573e5bccdc04": ["0", "net.sf.andbatdog.batterydog.BatteryDog"]}, {"ebb88154dbecb8dd699a573e5bccdc04": ["0", "net.sf.andbatdog.batterydog.BatteryDog"]}, {"ebb88154dbecb8dd699a573e5bccdc04": ["0", "net.sf.andbatdog.batterydog.BatteryDog"]}, {"ebb88154dbecb8dd699a573e5bccdc04": ["0", "net.sf.andbatdog.batterydog.BatteryDog"]}, {"ebb88154dbecb8dd699a573e5bccdc04": ["0", "net.sf.andbatdog.batterydog.BatteryDog"]}, {"ebb88154dbecb8dd699a573e5bccdc04": ["0", "net.sf.andbatdog.batterydog.BatteryDog"]}, {"ebb88154dbecb8dd699a573e5bccdc04": ["0", "net.sf.andbatdog.batterydog.BatteryDog"]}, {"ebb88154dbecb8dd699a573e5bccdc04": ["0", "net.sf.andbatdog.batterydog.BatteryDog"]}, {"ebb88154dbecb8dd699a573e5bccdc04": ["0", "net.sf.andbatdog.batterydog.BatteryDog"]}, {"ebb88154dbecb8dd699a573e5bccdc04": ["0", "net.sf.andbatdog.batterydog.BatteryDog"]}, {"ebb88154dbecb8dd699a573e5bccdc04": ["0", "net.sf.andbatdog.batterydog.BatteryDog"]}, {"ebb88154dbecb8dd699a573e5bccdc04": ["0", "net.sf.andbatdog.batterydog.BatteryDog"]}, {"ebb88154dbecb8dd699a573e5bccdc04": ["0", "net.sf.andbatdog.batterydog.BatteryDog"]}, {"ebb88154dbecb8dd699a573e5bccdc04": ["0", "net.sf.andbatdog.batterydog.BatteryDog"]}, {"ebb88154dbecb8dd699a573e5bccdc04": ["0", "net.sf.andbatdog.batterydog.BatteryDog"]}, {"ebb88154dbecb8dd699a573e5bccdc04": ["0", "net.sf.andbatdog.batterydog.BatteryDog"]}, {"ebb88154dbecb8dd699a573e5bccdc04": ["0", "net.sf.andbatdog.batterydog.BatteryDog"]}, {"ebb88154dbecb8dd699a573e5bccdc04": ["0", "net.sf.andbatdog.batterydog.BatteryDog"]}, {"ebb88154dbecb8dd699a573e5bccdc04": ["0", "net.sf.andbatdog.batterydog.BatteryDog"]}, {"ebb88154dbecb8dd699a573e5bccdc04": ["0", "net.sf.andbatdog.batterydog.BatteryDog"]}, {"ebb88154dbecb8dd699a573e5bccdc04": ["0", "net.sf.andbatdog.batterydog.BatteryDog"]}, {"ebb88154dbecb8dd699a573e5bccdc04": ["0", "net.sf.andbatdog.batterydog.BatteryDog"]}, {"ebb88154dbecb8dd699a573e5bccdc04": ["0", "net.sf.andbatdog.batterydog.BatteryDog"]}, {"ebb88154dbecb8dd699a573e5bccdc04": ["0", "net.sf.andbatdog.batterydog.BatteryDog"]}, {"ebb88154dbecb8dd699a573e5bccdc04": ["0", "net.sf.andbatdog.batterydog.BatteryDog"]}, {"ebb88154dbecb8dd699a573e5bccdc04": ["0", "net.sf.andbatdog.batterydog.BatteryDog"]}, {"ebb88154dbecb8dd699a573e5bccdc04": ["0", "net.sf.andbatdog.batterydog.BatteryDog"]}, {"ebb88154dbecb8dd699a573e5bccdc04": ["0", "net.sf.andbatdog.batterydog.BatteryDog"]}, {"ebb88154dbecb8dd699a573e5bccdc04": ["0", "net.sf.andbatdog.batterydog.BatteryDog"]}, {"ebb88154dbecb8dd699a573e5bccdc04": ["0", "net.sf.andbatdog.batterydog.BatteryDog"]}, {"ebb88154dbecb8dd699a573e5bccdc04": ["0", "net.sf.andbatdog.batterydog.BatteryDog"]}, {"ebb88154dbecb8dd699a573e5bccdc04": ["0", "net.sf.andbatdog.batterydog.BatteryDog"]}, {"ebb88154dbecb8dd699a573e5bccdc04": ["0", "net.sf.andbatdog.batterydog.BatteryDog"]}, {"ebb88154dbecb8dd699a573e5bccdc04": ["0", "net.sf.andbatdog.batterydog.BatteryDog"]}, {"ebb88154dbecb8dd699a573e5bccdc04": ["0", "net.sf.andbatdog.batterydog.BatteryDog"]}, {"ebb88154dbecb8dd699a573e5bccdc04": ["0", "net.sf.andbatdog.batterydog.BatteryDog"]}, {"ebb88154dbecb8dd699a573e5bccdc04": ["0", "net.sf.andbatdog.batterydog.BatteryDog"]}, {"ebb88154dbecb8dd699a573e5bccdc04": ["0", "net.sf.andbatdog.batterydog.BatteryDog"]}, {"ebb88154dbecb8dd699a573e5bccdc04": ["0", "net.sf.andbatdog.batterydog.BatteryDog"]}, {"ebb88154dbecb8dd699a573e5bccdc04": ["0", "net.sf.andbatdog.batterydog.BatteryDog"]}, {"ebb88154dbecb8dd699a573e5bccdc04": ["0", "net.sf.andbatdog.batterydog.BatteryDog"]}, {"ebb88154dbecb8dd699a573e5bccdc04": ["0", "net.sf.andbatdog.batterydog.BatteryDog"]}, {"ebb88154dbecb8dd699a573e5bccdc04": ["0", "net.sf.andbatdog.batterydog.BatteryDog"]}, {"ebb88154dbecb8dd699a573e5bccdc04": ["0", "net.sf.andbatdog.batterydog.BatteryDog"]}, {"ebb88154dbecb8dd699a573e5bccdc04": ["0", "net.sf.andbatdog.batterydog.BatteryDog"]}, {"ebb88154dbecb8dd699a573e5bccdc04": ["0", "net.sf.andbatdog.batterydog.BatteryDog"]}, {"ebb88154dbecb8dd699a573e5bccdc04": ["0", "net.sf.andbatdog.batterydog.BatteryDog"]}, {"ebb88154dbecb8dd699a573e5bccdc04": ["0", "net.sf.andbatdog.batterydog.BatteryDog"]}, {"ebb88154dbecb8dd699a573e5bccdc04": ["0", "net.sf.andbatdog.batterydog.BatteryDog"]}, {"ebb88154dbecb8dd699a573e5bccdc04": ["0", "net.sf.andbatdog.batterydog.BatteryDog"]}, {"ebb88154dbecb8dd699a573e5bccdc04": ["0", "net.sf.andbatdog.batterydog.BatteryDog"]}, {"ebb88154dbecb8dd699a573e5bccdc04": ["0", "net.sf.andbatdog.batterydog.BatteryDog"]}, {"ebb88154dbecb8dd699a573e5bccdc04": ["0", "net.sf.andbatdog.batterydog.BatteryDog"]}, {"ebb88154dbecb8dd699a573e5bccdc04": ["0", "net.sf.andbatdog.batterydog.BatteryDog"]}, {"ebb88154dbecb8dd699a573e5bccdc04": ["0", "net.sf.andbatdog.batterydog.BatteryDog"]}, {"ebb88154dbecb8dd699a573e5bccdc04": ["0", "net.sf.andbatdog.batterydog.BatteryDog"]}, {"ebb88154dbecb8dd699a573e5bccdc04": ["0", "net.sf.andbatdog.batterydog.BatteryDog"]}, {"ebb88154dbecb8dd699a573e5bccdc04": ["0", "net.sf.andbatdog.batterydog.BatteryDog"]}, {"ebb88154dbecb8dd699a573e5bccdc04": ["0", "net.sf.andbatdog.batterydog.BatteryDog"]}, {"ebb88154dbecb8dd699a573e5bccdc04": ["0", "net.sf.andbatdog.batterydog.BatteryDog"]}, {"ebb88154dbecb8dd699a573e5bccdc04": ["0", "net.sf.andbatdog.batterydog.BatteryDog"]}, {"ebb88154dbecb8dd699a573e5bccdc04": ["0", "net.sf.andbatdog.batterydog.BatteryDog"]}, {"ebb88154dbecb8dd699a573e5bccdc04": ["0", "net.sf.andbatdog.batterydog.BatteryDog"]}, {"ebb88154dbecb8dd699a573e5bccdc04": ["0", "net.sf.andbatdog.batterydog.BatteryDog"]}, {"ebb88154dbecb8dd699a573e5bccdc04": ["0", "net.sf.andbatdog.batterydog.BatteryDog"]}, {"ebb88154dbecb8dd699a573e5bccdc04": ["0", "net.sf.andbatdog.batterydog.BatteryDog"]}, {"ebb88154dbecb8dd699a573e5bccdc04": ["0", "net.sf.andbatdog.batterydog.BatteryDog"]}, {"ebb88154dbecb8dd699a573e5bccdc04": ["0", "net.sf.andbatdog.batterydog.BatteryDog"]}, {"ebb88154dbecb8dd699a573e5bccdc04": ["0", "net.sf.andbatdog.batterydog.BatteryDog"]}, {"ebb88154dbecb8dd699a573e5bccdc04": ["0", "net.sf.andbatdog.batterydog.BatteryDog"]}, {"ebb88154dbecb8dd699a573e5bccdc04": ["0", "net.sf.andbatdog.batterydog.BatteryDog"]}, {"ebb88154dbecb8dd699a573e5bccdc04": ["0", "net.sf.andbatdog.batterydog.BatteryDog"]}, {"ebb88154dbecb8dd699a573e5bccdc04": ["0", "net.sf.andbatdog.batterydog.BatteryDog"]}, {"ebb88154dbecb8dd699a573e5bccdc04": ["0", "net.sf.andbatdog.batterydog.BatteryDog"]}, {"ebb88154dbecb8dd699a573e5bccdc04": ["0", "net.sf.andbatdog.batterydog.BatteryDog"]}, {"ebb88154dbecb8dd699a573e5bccdc04": ["0", "net.sf.andbatdog.batterydog.BatteryDog"]}, {"ebb88154dbecb8dd699a573e5bccdc04": ["0", "net.sf.andbatdog.batterydog.BatteryDog"]}, {"ebb88154dbecb8dd699a573e5bccdc04": ["0", "net.sf.andbatdog.batterydog.BatteryDog"]}, {"ebb88154dbecb8dd699a573e5bccdc04": ["0", "net.sf.andbatdog.batterydog.BatteryDog"]}, {"ebb88154dbecb8dd699a573e5bccdc04": ["0", "net.sf.andbatdog.batterydog.BatteryDog"]}, {"ebb88154dbecb8dd699a573e5bccdc04": ["0", "net.sf.andbatdog.batterydog.BatteryDog"]}, {"ebb88154dbecb8dd699a573e5bccdc04": ["0", "net.sf.andbatdog.batterydog.BatteryDog"]}, {"ebb88154dbecb8dd699a573e5bccdc04": ["0", "net.sf.andbatdog.batterydog.BatteryDog"]}, {"ebb88154dbecb8dd699a573e5bccdc04": ["0", "net.sf.andbatdog.batterydog.BatteryDog"]}, {"ebb88154dbecb8dd699a573e5bccdc04": ["0", "net.sf.andbatdog.batterydog.BatteryDog"]}, {"ebb88154dbecb8dd699a573e5bccdc04": ["0", "net.sf.andbatdog.batterydog.BatteryDog"]}, {"ebb88154dbecb8dd699a573e5bccdc04": ["0", "net.sf.andbatdog.batterydog.BatteryDog"]}, {"ebb88154dbecb8dd699a573e5bccdc04": ["0", "net.sf.andbatdog.batterydog.BatteryDog"]}, {"ebb88154dbecb8dd699a573e5bccdc04": ["0", "net.sf.andbatdog.batterydog.BatteryDog"]}, {"ebb88154dbecb8dd699a573e5bccdc04": ["0", "net.sf.andbatdog.batterydog.BatteryDog"]}, {"ebb88154dbecb8dd699a573e5bccdc04": ["0", "net.sf.andbatdog.batterydog.BatteryDog"]}, {"ebb88154dbecb8dd699a573e5bccdc04": ["0", "net.sf.andbatdog.batterydog.BatteryDog"]}, {"ebb88154dbecb8dd699a573e5bccdc04": ["0", "net.sf.andbatdog.batterydog.BatteryDog"]}, {"ebb88154dbecb8dd699a573e5bccdc04": ["0", "net.sf.andbatdog.batterydog.BatteryDog"]}, {"ebb88154dbecb8dd699a573e5bccdc04": ["0", "net.sf.andbatdog.batterydog.BatteryDog"]}, {"ebb88154dbecb8dd699a573e5bccdc04": ["0", "net.sf.andbatdog.batterydog.BatteryDog"]}, {"ebb88154dbecb8dd699a573e5bccdc04": ["0", "net.sf.andbatdog.batterydog.BatteryDog"]}, {"ebb88154dbecb8dd699a573e5bccdc04": ["0", "net.sf.andbatdog.batterydog.BatteryDog"]}, {"ebb88154dbecb8dd699a573e5bccdc04": ["0", "net.sf.andbatdog.batterydog.BatteryDog"]}, {"ebb88154dbecb8dd699a573e5bccdc04": ["0", "net.sf.andbatdog.batterydog.BatteryDog"]}, {"ebb88154dbecb8dd699a573e5bccdc04": ["0", "net.sf.andbatdog.batterydog.BatteryDog"]}, {"ebb88154dbecb8dd699a573e5bccdc04": ["0", "net.sf.andbatdog.batterydog.BatteryDog"]}, {"ebb88154dbecb8dd699a573e5bccdc04": ["0", "net.sf.andbatdog.batterydog.BatteryDog"]}, {"ebb88154dbecb8dd699a573e5bccdc04": ["0", "net.sf.andbatdog.batterydog.BatteryDog"]}, {"ebb88154dbecb8dd699a573e5bccdc04": ["0", "net.sf.andbatdog.batterydog.BatteryDog"]}, {"ebb88154dbecb8dd699a573e5bccdc04": ["0", "net.sf.andbatdog.batterydog.BatteryDog"]}, {"ebb88154dbecb8dd699a573e5bccdc04": ["0", "net.sf.andbatdog.batterydog.BatteryDog"]}, {"ebb88154dbecb8dd699a573e5bccdc04": ["0", "net.sf.andbatdog.batterydog.BatteryDog"]}, {"ebb88154dbecb8dd699a573e5bccdc04": ["0", "net.sf.andbatdog.batterydog.BatteryDog"]}, {"ebb88154dbecb8dd699a573e5bccdc04": ["0", "net.sf.andbatdog.batterydog.BatteryDog"]}, {"ebb88154dbecb8dd699a573e5bccdc04": ["0", "net.sf.andbatdog.batterydog.BatteryDog"]}, {"ebb88154dbecb8dd699a573e5bccdc04": ["0", "net.sf.andbatdog.batterydog.BatteryDog"]}, {"ebb88154dbecb8dd699a573e5bccdc04": ["0", "net.sf.andbatdog.batterydog.BatteryDog"]}, {"ebb88154dbecb8dd699a573e5bccdc04": ["0", "net.sf.andbatdog.batterydog.BatteryDog"]}, {"ebb88154dbecb8dd699a573e5bccdc04": ["0", "net.sf.andbatdog.batterydog.BatteryDog"]}, {"ebb88154dbecb8dd699a573e5bccdc04": ["0", "net.sf.andbatdog.batterydog.BatteryDog"]}, {"ebb88154dbecb8dd699a573e5bccdc04": ["0", "net.sf.andbatdog.batterydog.BatteryDog"]}, {"ebb88154dbecb8dd699a573e5bccdc04": ["0", "net.sf.andbatdog.batterydog.BatteryDog"]}, {"ebb88154dbecb8dd699a573e5bccdc04": ["0", "net.sf.andbatdog.batterydog.BatteryDog"]}]