[{"3a26922ead144df9c6e684fedd1fd07b": ["0", "com.angrydoughnuts.android.alarmclock.ActivityAlarmClock"]}, {"ea17592e59fc5f6c47b1a4b9324b1f63": ["1", "com.angrydoughnuts.android.alarmclock.ActivityAlarmClock"]}, {"ea17592e59fc5f6c47b1a4b9324b1f63": ["1", "com.angrydoughnuts.android.alarmclock.ActivityAlarmClock"]}, {"ea17592e59fc5f6c47b1a4b9324b1f63": ["1", "com.angrydoughnuts.android.alarmclock.ActivityAlarmClock"]}, {"ea17592e59fc5f6c47b1a4b9324b1f63": ["1", "com.angrydoughnuts.android.alarmclock.ActivityAlarmClock"]}, {"ea17592e59fc5f6c47b1a4b9324b1f63": ["1", "com.angrydoughnuts.android.alarmclock.ActivityAlarmClock"]}, {"9536d8c8a881da2290f8d97197f85545": ["4", "com.angrydoughnuts.android.alarmclock.ActivityAlarmSettings"]}, {"c2dd817cedeb6c2e71dc51118a784898": ["12", "com.angrydoughnuts.android.alarmclock.ActivityAlarmSettings"]}, {"9536d8c8a881da2290f8d97197f85545": ["4", "com.angrydoughnuts.android.alarmclock.ActivityAlarmSettings"]}, {"d68ba6b948db9120966fc73cc656b250": ["8", "com.angrydoughnuts.android.alarmclock.ActivityAlarmSettings"]}, {"9536d8c8a881da2290f8d97197f85545": ["4", "com.angrydoughnuts.android.alarmclock.ActivityAlarmSettings"]}, {"ea17592e59fc5f6c47b1a4b9324b1f63": ["1", "com.angrydoughnuts.android.alarmclock.ActivityAlarmClock"]}, {"cd8f21d6e0f05a80a94082a5f1021891": ["6", "com.angrydoughnuts.android.alarmclock.ActivityAlarmClock"]}, {"cd8f21d6e0f05a80a94082a5f1021891": ["6", "com.angrydoughnuts.android.alarmclock.ActivityAlarmClock"]}, {"a44e5d73fa620437fd90f2cafa502d89": ["2", "com.angrydoughnuts.android.alarmclock.ActivityAlarmNotification"]}, {"a44e5d73fa620437fd90f2cafa502d89": ["2", "com.angrydoughnuts.android.alarmclock.ActivityAlarmNotification"]}, {"a44e5d73fa620437fd90f2cafa502d89": ["2", "com.angrydoughnuts.android.alarmclock.ActivityAlarmNotification"]}, {"a44e5d73fa620437fd90f2cafa502d89": ["2", "com.angrydoughnuts.android.alarmclock.ActivityAlarmNotification"]}, {"cd8f21d6e0f05a80a94082a5f1021891": ["6", "com.angrydoughnuts.android.alarmclock.ActivityAlarmClock"]}, {"cd8f21d6e0f05a80a94082a5f1021891": ["6", "com.angrydoughnuts.android.alarmclock.ActivityAlarmClock"]}, {"cd8f21d6e0f05a80a94082a5f1021891": ["6", "com.angrydoughnuts.android.alarmclock.ActivityAlarmClock"]}, {"9536d8c8a881da2290f8d97197f85545": ["4", "com.angrydoughnuts.android.alarmclock.ActivityAlarmSettings"]}, {"cd8f21d6e0f05a80a94082a5f1021891": ["6", "com.angrydoughnuts.android.alarmclock.ActivityAlarmClock"]}, {"cd8f21d6e0f05a80a94082a5f1021891": ["6", "com.angrydoughnuts.android.alarmclock.ActivityAlarmClock"]}, {"2a2f74b9a9832938f9fb6bf18c8416cc": ["9", "com.angrydoughnuts.android.alarmclock.ActivityAlarmClock"]}, {"2a2f74b9a9832938f9fb6bf18c8416cc": ["9", "com.angrydoughnuts.android.alarmclock.ActivityAlarmClock"]}, {"a44e5d73fa620437fd90f2cafa502d89": ["2", "com.angrydoughnuts.android.alarmclock.ActivityAlarmNotification"]}, {"e89737e1870d80efae1470971bc88611": ["17", "com.angrydoughnuts.android.alarmclock.ActivityAlarmClock"]}, {"a44e5d73fa620437fd90f2cafa502d89": ["2", "com.angrydoughnuts.android.alarmclock.ActivityAlarmNotification"]}, {"a44e5d73fa620437fd90f2cafa502d89": ["2", "com.angrydoughnuts.android.alarmclock.ActivityAlarmNotification"]}, {"a44e5d73fa620437fd90f2cafa502d89": ["2", "com.angrydoughnuts.android.alarmclock.ActivityAlarmNotification"]}, {"a44e5d73fa620437fd90f2cafa502d89": ["2", "com.angrydoughnuts.android.alarmclock.ActivityAlarmNotification"]}, {"a44e5d73fa620437fd90f2cafa502d89": ["2", "com.angrydoughnuts.android.alarmclock.ActivityAlarmNotification"]}, {"a44e5d73fa620437fd90f2cafa502d89": ["2", "com.angrydoughnuts.android.alarmclock.ActivityAlarmNotification"]}, {"a44e5d73fa620437fd90f2cafa502d89": ["2", "com.angrydoughnuts.android.alarmclock.ActivityAlarmNotification"]}, {"a44e5d73fa620437fd90f2cafa502d89": ["2", "com.angrydoughnuts.android.alarmclock.ActivityAlarmNotification"]}, {"a44e5d73fa620437fd90f2cafa502d89": ["2", "com.angrydoughnuts.android.alarmclock.ActivityAlarmNotification"]}, {"9536d8c8a881da2290f8d97197f85545": ["4", "com.angrydoughnuts.android.alarmclock.ActivityAlarmSettings"]}, {"9536d8c8a881da2290f8d97197f85545": ["4", "com.angrydoughnuts.android.alarmclock.ActivityAlarmSettings"]}, {"c2dd817cedeb6c2e71dc51118a784898": ["12", "com.angrydoughnuts.android.alarmclock.ActivityAlarmSettings"]}, {"9536d8c8a881da2290f8d97197f85545": ["4", "com.angrydoughnuts.android.alarmclock.ActivityAlarmSettings"]}, {"c2dd817cedeb6c2e71dc51118a784898": ["12", "com.angrydoughnuts.android.alarmclock.ActivityAlarmSettings"]}, {"c2dd817cedeb6c2e71dc51118a784898": ["12", "com.angrydoughnuts.android.alarmclock.ActivityAlarmSettings"]}, {"2c9b9c7739f2c099a0882aa10f090ea7": ["18", "com.angrydoughnuts.android.alarmclock.ActivityAlarmClock"]}, {"2c9b9c7739f2c099a0882aa10f090ea7": ["18", "com.angrydoughnuts.android.alarmclock.ActivityAlarmClock"]}, {"9536d8c8a881da2290f8d97197f85545": ["4", "com.angrydoughnuts.android.alarmclock.ActivityAlarmSettings"]}, {"d68ba6b948db9120966fc73cc656b250": ["8", "com.angrydoughnuts.android.alarmclock.ActivityAlarmSettings"]}, {"2c9b9c7739f2c099a0882aa10f090ea7": ["18", "com.angrydoughnuts.android.alarmclock.ActivityAlarmClock"]}, {"9536d8c8a881da2290f8d97197f85545": ["4", "com.angrydoughnuts.android.alarmclock.ActivityAlarmSettings"]}, {"59052d82c691760d5ecc3f86aeb6e21c": ["7", "com.angrydoughnuts.android.alarmclock.ActivityAlarmSettings"]}, {"9536d8c8a881da2290f8d97197f85545": ["4", "com.angrydoughnuts.android.alarmclock.ActivityAlarmSettings"]}, {"c2dd817cedeb6c2e71dc51118a784898": ["12", "com.angrydoughnuts.android.alarmclock.ActivityAlarmSettings"]}, {"9536d8c8a881da2290f8d97197f85545": ["4", "com.angrydoughnuts.android.alarmclock.ActivityAlarmSettings"]}, {"9536d8c8a881da2290f8d97197f85545": ["4", "com.angrydoughnuts.android.alarmclock.ActivityAlarmSettings"]}, {"2c9b9c7739f2c099a0882aa10f090ea7": ["18", "com.angrydoughnuts.android.alarmclock.ActivityAlarmClock"]}, {"2c9b9c7739f2c099a0882aa10f090ea7": ["18", "com.angrydoughnuts.android.alarmclock.ActivityAlarmClock"]}, {"2c9b9c7739f2c099a0882aa10f090ea7": ["18", "com.angrydoughnuts.android.alarmclock.ActivityAlarmClock"]}, {"2c9b9c7739f2c099a0882aa10f090ea7": ["18", "com.angrydoughnuts.android.alarmclock.ActivityAlarmClock"]}, {"2c9b9c7739f2c099a0882aa10f090ea7": ["18", "com.angrydoughnuts.android.alarmclock.ActivityAlarmClock"]}, {"2c9b9c7739f2c099a0882aa10f090ea7": ["18", "com.angrydoughnuts.android.alarmclock.ActivityAlarmClock"]}, {"b8b7da4a3ac8f69498902be166d7b1ed": ["3", "com.angrydoughnuts.android.alarmclock.ActivityAlarmClock"]}, {"2c9b9c7739f2c099a0882aa10f090ea7": ["18", "com.angrydoughnuts.android.alarmclock.ActivityAlarmClock"]}, {"2c9b9c7739f2c099a0882aa10f090ea7": ["18", "com.angrydoughnuts.android.alarmclock.ActivityAlarmClock"]}, {"2c9b9c7739f2c099a0882aa10f090ea7": ["18", "com.angrydoughnuts.android.alarmclock.ActivityAlarmClock"]}, {"2c9b9c7739f2c099a0882aa10f090ea7": ["18", "com.angrydoughnuts.android.alarmclock.ActivityAlarmClock"]}, {"9536d8c8a881da2290f8d97197f85545": ["4", "com.angrydoughnuts.android.alarmclock.ActivityAlarmSettings"]}, {"69e90620a54a329a9f81217b12696c36": ["11", "com.angrydoughnuts.android.alarmclock.ActivityAlarmSettings"]}, {"2c9b9c7739f2c099a0882aa10f090ea7": ["18", "com.angrydoughnuts.android.alarmclock.ActivityAlarmClock"]}, {"9536d8c8a881da2290f8d97197f85545": ["4", "com.angrydoughnuts.android.alarmclock.ActivityAlarmSettings"]}, {"2c9b9c7739f2c099a0882aa10f090ea7": ["18", "com.angrydoughnuts.android.alarmclock.ActivityAlarmClock"]}, {"2c9b9c7739f2c099a0882aa10f090ea7": ["18", "com.angrydoughnuts.android.alarmclock.ActivityAlarmClock"]}, {"2c9b9c7739f2c099a0882aa10f090ea7": ["18", "com.angrydoughnuts.android.alarmclock.ActivityAlarmClock"]}, {"2c9b9c7739f2c099a0882aa10f090ea7": ["18", "com.angrydoughnuts.android.alarmclock.ActivityAlarmClock"]}, {"2c9b9c7739f2c099a0882aa10f090ea7": ["18", "com.angrydoughnuts.android.alarmclock.ActivityAlarmClock"]}, {"2c9b9c7739f2c099a0882aa10f090ea7": ["18", "com.angrydoughnuts.android.alarmclock.ActivityAlarmClock"]}, {"2c9b9c7739f2c099a0882aa10f090ea7": ["18", "com.angrydoughnuts.android.alarmclock.ActivityAlarmClock"]}, {"2c9b9c7739f2c099a0882aa10f090ea7": ["18", "com.angrydoughnuts.android.alarmclock.ActivityAlarmClock"]}, {"06de05ac2df1abd85a4e773f344d3013": ["19", "com.angrydoughnuts.android.alarmclock.ActivityAlarmClock"]}, {"06de05ac2df1abd85a4e773f344d3013": ["19", "com.angrydoughnuts.android.alarmclock.ActivityAlarmClock"]}, {"a44e5d73fa620437fd90f2cafa502d89": ["2", "com.angrydoughnuts.android.alarmclock.ActivityAlarmNotification"]}, {"a44e5d73fa620437fd90f2cafa502d89": ["2", "com.angrydoughnuts.android.alarmclock.ActivityAlarmNotification"]}, {"a44e5d73fa620437fd90f2cafa502d89": ["2", "com.angrydoughnuts.android.alarmclock.ActivityAlarmNotification"]}, {"a44e5d73fa620437fd90f2cafa502d89": ["2", "com.angrydoughnuts.android.alarmclock.ActivityAlarmNotification"]}, {"a44e5d73fa620437fd90f2cafa502d89": ["2", "com.angrydoughnuts.android.alarmclock.ActivityAlarmNotification"]}, {"a44e5d73fa620437fd90f2cafa502d89": ["2", "com.angrydoughnuts.android.alarmclock.ActivityAlarmNotification"]}, {"a44e5d73fa620437fd90f2cafa502d89": ["2", "com.angrydoughnuts.android.alarmclock.ActivityAlarmNotification"]}, {"a44e5d73fa620437fd90f2cafa502d89": ["2", "com.angrydoughnuts.android.alarmclock.ActivityAlarmNotification"]}, {"a44e5d73fa620437fd90f2cafa502d89": ["2", "com.angrydoughnuts.android.alarmclock.ActivityAlarmNotification"]}, {"a44e5d73fa620437fd90f2cafa502d89": ["2", "com.angrydoughnuts.android.alarmclock.ActivityAlarmNotification"]}, {"a44e5d73fa620437fd90f2cafa502d89": ["2", "com.angrydoughnuts.android.alarmclock.ActivityAlarmNotification"]}, {"a44e5d73fa620437fd90f2cafa502d89": ["2", "com.angrydoughnuts.android.alarmclock.ActivityAlarmNotification"]}, {"b4a83719893ab08663615e2d5ce2aad0": ["25", "com.angrydoughnuts.android.alarmclock.ActivityAlarmClock"]}, {"b8b7da4a3ac8f69498902be166d7b1ed": ["3", "com.angrydoughnuts.android.alarmclock.ActivityAlarmClock"]}, {"b8b7da4a3ac8f69498902be166d7b1ed": ["3", "com.angrydoughnuts.android.alarmclock.ActivityAlarmClock"]}, {"b8b7da4a3ac8f69498902be166d7b1ed": ["3", "com.angrydoughnuts.android.alarmclock.ActivityAlarmClock"]}, {"b8b7da4a3ac8f69498902be166d7b1ed": ["3", "com.angrydoughnuts.android.alarmclock.ActivityAlarmClock"]}, {"b4a83719893ab08663615e2d5ce2aad0": ["25", "com.angrydoughnuts.android.alarmclock.ActivityAlarmClock"]}, {"b4a83719893ab08663615e2d5ce2aad0": ["25", "com.angrydoughnuts.android.alarmclock.ActivityAlarmClock"]}, {"b4a83719893ab08663615e2d5ce2aad0": ["25", "com.angrydoughnuts.android.alarmclock.ActivityAlarmClock"]}, {"ad7b8f6b72275cbeeae561082f02fe3f": ["28", "com.angrydoughnuts.android.alarmclock.ActivityAlarmClock"]}, {"ad7b8f6b72275cbeeae561082f02fe3f": ["28", "com.angrydoughnuts.android.alarmclock.ActivityAlarmClock"]}, {"ad7b8f6b72275cbeeae561082f02fe3f": ["28", "com.angrydoughnuts.android.alarmclock.ActivityAlarmClock"]}, {"9536d8c8a881da2290f8d97197f85545": ["4", "com.angrydoughnuts.android.alarmclock.ActivityAlarmSettings"]}, {"9536d8c8a881da2290f8d97197f85545": ["4", "com.angrydoughnuts.android.alarmclock.ActivityAlarmSettings"]}, {"a44e5d73fa620437fd90f2cafa502d89": ["2", "com.angrydoughnuts.android.alarmclock.ActivityAlarmNotification"]}, {"59052d82c691760d5ecc3f86aeb6e21c": ["7", "com.angrydoughnuts.android.alarmclock.ActivityAlarmSettings"]}, {"ad7b8f6b72275cbeeae561082f02fe3f": ["28", "com.angrydoughnuts.android.alarmclock.ActivityAlarmClock"]}, {"ad7b8f6b72275cbeeae561082f02fe3f": ["28", "com.angrydoughnuts.android.alarmclock.ActivityAlarmClock"]}, {"ad7b8f6b72275cbeeae561082f02fe3f": ["28", "com.angrydoughnuts.android.alarmclock.ActivityAlarmClock"]}, {"9536d8c8a881da2290f8d97197f85545": ["4", "com.angrydoughnuts.android.alarmclock.ActivityAlarmSettings"]}, {"8de32c49fbe9b6a090ebb54c7562d23f": ["13", "com.angrydoughnuts.android.alarmclock.ActivityAlarmSettings"]}, {"8de32c49fbe9b6a090ebb54c7562d23f": ["13", "com.angrydoughnuts.android.alarmclock.ActivityAlarmSettings"]}, {"8de32c49fbe9b6a090ebb54c7562d23f": ["13", "com.angrydoughnuts.android.alarmclock.ActivityAlarmSettings"]}, {"8de32c49fbe9b6a090ebb54c7562d23f": ["13", "com.angrydoughnuts.android.alarmclock.ActivityAlarmSettings"]}, {"8de32c49fbe9b6a090ebb54c7562d23f": ["13", "com.angrydoughnuts.android.alarmclock.ActivityAlarmSettings"]}, {"8de32c49fbe9b6a090ebb54c7562d23f": ["13", "com.angrydoughnuts.android.alarmclock.ActivityAlarmSettings"]}, {"8de32c49fbe9b6a090ebb54c7562d23f": ["13", "com.angrydoughnuts.android.alarmclock.ActivityAlarmSettings"]}, {"8de32c49fbe9b6a090ebb54c7562d23f": ["13", "com.angrydoughnuts.android.alarmclock.ActivityAlarmSettings"]}, {"9536d8c8a881da2290f8d97197f85545": ["4", "com.angrydoughnuts.android.alarmclock.ActivityAlarmSettings"]}, {"9536d8c8a881da2290f8d97197f85545": ["4", "com.angrydoughnuts.android.alarmclock.ActivityAlarmSettings"]}, {"c2dd817cedeb6c2e71dc51118a784898": ["12", "com.angrydoughnuts.android.alarmclock.ActivityAlarmSettings"]}, {"c2dd817cedeb6c2e71dc51118a784898": ["12", "com.angrydoughnuts.android.alarmclock.ActivityAlarmSettings"]}, {"c2dd817cedeb6c2e71dc51118a784898": ["12", "com.angrydoughnuts.android.alarmclock.ActivityAlarmSettings"]}, {"c2dd817cedeb6c2e71dc51118a784898": ["12", "com.angrydoughnuts.android.alarmclock.ActivityAlarmSettings"]}, {"c2dd817cedeb6c2e71dc51118a784898": ["12", "com.angrydoughnuts.android.alarmclock.ActivityAlarmSettings"]}, {"c2dd817cedeb6c2e71dc51118a784898": ["12", "com.angrydoughnuts.android.alarmclock.ActivityAlarmSettings"]}, {"9536d8c8a881da2290f8d97197f85545": ["4", "com.angrydoughnuts.android.alarmclock.ActivityAlarmSettings"]}, {"d68ba6b948db9120966fc73cc656b250": ["8", "com.angrydoughnuts.android.alarmclock.ActivityAlarmSettings"]}, {"d68ba6b948db9120966fc73cc656b250": ["8", "com.angrydoughnuts.android.alarmclock.ActivityAlarmSettings"]}, {"d68ba6b948db9120966fc73cc656b250": ["8", "com.angrydoughnuts.android.alarmclock.ActivityAlarmSettings"]}, {"9536d8c8a881da2290f8d97197f85545": ["4", "com.angrydoughnuts.android.alarmclock.ActivityAlarmSettings"]}, {"59052d82c691760d5ecc3f86aeb6e21c": ["7", "com.angrydoughnuts.android.alarmclock.ActivityAlarmSettings"]}, {"9536d8c8a881da2290f8d97197f85545": ["4", "com.angrydoughnuts.android.alarmclock.ActivityAlarmSettings"]}, {"8de32c49fbe9b6a090ebb54c7562d23f": ["13", "com.angrydoughnuts.android.alarmclock.ActivityAlarmSettings"]}, {"8de32c49fbe9b6a090ebb54c7562d23f": ["13", "com.angrydoughnuts.android.alarmclock.ActivityAlarmSettings"]}, {"8de32c49fbe9b6a090ebb54c7562d23f": ["13", "com.angrydoughnuts.android.alarmclock.ActivityAlarmSettings"]}, {"8de32c49fbe9b6a090ebb54c7562d23f": ["13", "com.angrydoughnuts.android.alarmclock.ActivityAlarmSettings"]}, {"8de32c49fbe9b6a090ebb54c7562d23f": ["13", "com.angrydoughnuts.android.alarmclock.ActivityAlarmSettings"]}, {"8de32c49fbe9b6a090ebb54c7562d23f": ["13", "com.angrydoughnuts.android.alarmclock.ActivityAlarmSettings"]}, {"8de32c49fbe9b6a090ebb54c7562d23f": ["13", "com.angrydoughnuts.android.alarmclock.ActivityAlarmSettings"]}, {"8de32c49fbe9b6a090ebb54c7562d23f": ["13", "com.angrydoughnuts.android.alarmclock.ActivityAlarmSettings"]}, {"9536d8c8a881da2290f8d97197f85545": ["4", "com.angrydoughnuts.android.alarmclock.ActivityAlarmSettings"]}, {"d68ba6b948db9120966fc73cc656b250": ["8", "com.angrydoughnuts.android.alarmclock.ActivityAlarmSettings"]}, {"d68ba6b948db9120966fc73cc656b250": ["8", "com.angrydoughnuts.android.alarmclock.ActivityAlarmSettings"]}, {"d68ba6b948db9120966fc73cc656b250": ["8", "com.angrydoughnuts.android.alarmclock.ActivityAlarmSettings"]}, {"d68ba6b948db9120966fc73cc656b250": ["8", "com.angrydoughnuts.android.alarmclock.ActivityAlarmSettings"]}, {"d68ba6b948db9120966fc73cc656b250": ["8", "com.angrydoughnuts.android.alarmclock.ActivityAlarmSettings"]}, {"d68ba6b948db9120966fc73cc656b250": ["8", "com.angrydoughnuts.android.alarmclock.ActivityAlarmSettings"]}, {"d68ba6b948db9120966fc73cc656b250": ["8", "com.angrydoughnuts.android.alarmclock.ActivityAlarmSettings"]}, {"d68ba6b948db9120966fc73cc656b250": ["8", "com.angrydoughnuts.android.alarmclock.ActivityAlarmSettings"]}, {"d68ba6b948db9120966fc73cc656b250": ["8", "com.angrydoughnuts.android.alarmclock.ActivityAlarmSettings"]}, {"9536d8c8a881da2290f8d97197f85545": ["4", "com.angrydoughnuts.android.alarmclock.ActivityAlarmSettings"]}, {"59052d82c691760d5ecc3f86aeb6e21c": ["7", "com.angrydoughnuts.android.alarmclock.ActivityAlarmSettings"]}, {"9536d8c8a881da2290f8d97197f85545": ["4", "com.angrydoughnuts.android.alarmclock.ActivityAlarmSettings"]}, {"59052d82c691760d5ecc3f86aeb6e21c": ["7", "com.angrydoughnuts.android.alarmclock.ActivityAlarmSettings"]}, {"9536d8c8a881da2290f8d97197f85545": ["4", "com.angrydoughnuts.android.alarmclock.ActivityAlarmSettings"]}, {"59052d82c691760d5ecc3f86aeb6e21c": ["7", "com.angrydoughnuts.android.alarmclock.ActivityAlarmSettings"]}, {"9536d8c8a881da2290f8d97197f85545": ["4", "com.angrydoughnuts.android.alarmclock.ActivityAlarmSettings"]}, {"59052d82c691760d5ecc3f86aeb6e21c": ["7", "com.angrydoughnuts.android.alarmclock.ActivityAlarmSettings"]}, {"9536d8c8a881da2290f8d97197f85545": ["4", "com.angrydoughnuts.android.alarmclock.ActivityAlarmSettings"]}, {"732e5552dccb7c82f068d83ab2b546a4": ["10", "com.angrydoughnuts.android.alarmclock.ActivityAlarmSettings"]}, {"9536d8c8a881da2290f8d97197f85545": ["4", "com.angrydoughnuts.android.alarmclock.ActivityAlarmSettings"]}, {"ad7b8f6b72275cbeeae561082f02fe3f": ["28", "com.angrydoughnuts.android.alarmclock.ActivityAlarmClock"]}, {"ad7b8f6b72275cbeeae561082f02fe3f": ["28", "com.angrydoughnuts.android.alarmclock.ActivityAlarmClock"]}, {"9536d8c8a881da2290f8d97197f85545": ["4", "com.angrydoughnuts.android.alarmclock.ActivityAlarmSettings"]}, {"d68ba6b948db9120966fc73cc656b250": ["8", "com.angrydoughnuts.android.alarmclock.ActivityAlarmSettings"]}, {"d68ba6b948db9120966fc73cc656b250": ["8", "com.angrydoughnuts.android.alarmclock.ActivityAlarmSettings"]}, {"d68ba6b948db9120966fc73cc656b250": ["8", "com.angrydoughnuts.android.alarmclock.ActivityAlarmSettings"]}, {"d68ba6b948db9120966fc73cc656b250": ["8", "com.angrydoughnuts.android.alarmclock.ActivityAlarmSettings"]}, {"d68ba6b948db9120966fc73cc656b250": ["8", "com.angrydoughnuts.android.alarmclock.ActivityAlarmSettings"]}, {"d68ba6b948db9120966fc73cc656b250": ["8", "com.angrydoughnuts.android.alarmclock.ActivityAlarmSettings"]}, {"ad7b8f6b72275cbeeae561082f02fe3f": ["28", "com.angrydoughnuts.android.alarmclock.ActivityAlarmClock"]}, {"9536d8c8a881da2290f8d97197f85545": ["4", "com.angrydoughnuts.android.alarmclock.ActivityAlarmSettings"]}, {"ad7b8f6b72275cbeeae561082f02fe3f": ["28", "com.angrydoughnuts.android.alarmclock.ActivityAlarmClock"]}, {"9536d8c8a881da2290f8d97197f85545": ["4", "com.angrydoughnuts.android.alarmclock.ActivityAlarmSettings"]}, {"d68ba6b948db9120966fc73cc656b250": ["8", "com.angrydoughnuts.android.alarmclock.ActivityAlarmSettings"]}, {"d68ba6b948db9120966fc73cc656b250": ["8", "com.angrydoughnuts.android.alarmclock.ActivityAlarmSettings"]}, {"d68ba6b948db9120966fc73cc656b250": ["8", "com.angrydoughnuts.android.alarmclock.ActivityAlarmSettings"]}, {"d68ba6b948db9120966fc73cc656b250": ["8", "com.angrydoughnuts.android.alarmclock.ActivityAlarmSettings"]}, {"d68ba6b948db9120966fc73cc656b250": ["8", "com.angrydoughnuts.android.alarmclock.ActivityAlarmSettings"]}, {"d68ba6b948db9120966fc73cc656b250": ["8", "com.angrydoughnuts.android.alarmclock.ActivityAlarmSettings"]}, {"d68ba6b948db9120966fc73cc656b250": ["8", "com.angrydoughnuts.android.alarmclock.ActivityAlarmSettings"]}, {"d68ba6b948db9120966fc73cc656b250": ["8", "com.angrydoughnuts.android.alarmclock.ActivityAlarmSettings"]}, {"ad7b8f6b72275cbeeae561082f02fe3f": ["28", "com.angrydoughnuts.android.alarmclock.ActivityAlarmClock"]}, {"9536d8c8a881da2290f8d97197f85545": ["4", "com.angrydoughnuts.android.alarmclock.ActivityAlarmSettings"]}, {"9536d8c8a881da2290f8d97197f85545": ["4", "com.angrydoughnuts.android.alarmclock.ActivityAlarmSettings"]}, {"c2dd817cedeb6c2e71dc51118a784898": ["12", "com.angrydoughnuts.android.alarmclock.ActivityAlarmSettings"]}, {"9536d8c8a881da2290f8d97197f85545": ["4", "com.angrydoughnuts.android.alarmclock.ActivityAlarmSettings"]}, {"9536d8c8a881da2290f8d97197f85545": ["4", "com.angrydoughnuts.android.alarmclock.ActivityAlarmSettings"]}, {"59052d82c691760d5ecc3f86aeb6e21c": ["7", "com.angrydoughnuts.android.alarmclock.ActivityAlarmSettings"]}, {"9536d8c8a881da2290f8d97197f85545": ["4", "com.angrydoughnuts.android.alarmclock.ActivityAlarmSettings"]}, {"fccec21af591d945ee8b7c04ab989b2c": ["5", "com.angrydoughnuts.android.alarmclock.ActivityAlarmSettings"]}, {"b4a83719893ab08663615e2d5ce2aad0": ["25", "com.angrydoughnuts.android.alarmclock.ActivityAlarmClock"]}, {"b4a83719893ab08663615e2d5ce2aad0": ["25", "com.angrydoughnuts.android.alarmclock.ActivityAlarmClock"]}, {"b4a83719893ab08663615e2d5ce2aad0": ["25", "com.angrydoughnuts.android.alarmclock.ActivityAlarmClock"]}, {"b4a83719893ab08663615e2d5ce2aad0": ["25", "com.angrydoughnuts.android.alarmclock.ActivityAlarmClock"]}, {"b4a83719893ab08663615e2d5ce2aad0": ["25", "com.angrydoughnuts.android.alarmclock.ActivityAlarmClock"]}, {"9536d8c8a881da2290f8d97197f85545": ["4", "com.angrydoughnuts.android.alarmclock.ActivityAlarmSettings"]}, {"8de32c49fbe9b6a090ebb54c7562d23f": ["13", "com.angrydoughnuts.android.alarmclock.ActivityAlarmSettings"]}, {"8de32c49fbe9b6a090ebb54c7562d23f": ["13", "com.angrydoughnuts.android.alarmclock.ActivityAlarmSettings"]}, {"8de32c49fbe9b6a090ebb54c7562d23f": ["13", "com.angrydoughnuts.android.alarmclock.ActivityAlarmSettings"]}, {"8de32c49fbe9b6a090ebb54c7562d23f": ["13", "com.angrydoughnuts.android.alarmclock.ActivityAlarmSettings"]}, {"8de32c49fbe9b6a090ebb54c7562d23f": ["13", "com.angrydoughnuts.android.alarmclock.ActivityAlarmSettings"]}, {"8de32c49fbe9b6a090ebb54c7562d23f": ["13", "com.angrydoughnuts.android.alarmclock.ActivityAlarmSettings"]}, {"8de32c49fbe9b6a090ebb54c7562d23f": ["13", "com.angrydoughnuts.android.alarmclock.ActivityAlarmSettings"]}, {"9536d8c8a881da2290f8d97197f85545": ["4", "com.angrydoughnuts.android.alarmclock.ActivityAlarmSettings"]}, {"b4a83719893ab08663615e2d5ce2aad0": ["25", "com.angrydoughnuts.android.alarmclock.ActivityAlarmClock"]}, {"9536d8c8a881da2290f8d97197f85545": ["4", "com.angrydoughnuts.android.alarmclock.ActivityAlarmSettings"]}, {"b4a83719893ab08663615e2d5ce2aad0": ["25", "com.angrydoughnuts.android.alarmclock.ActivityAlarmClock"]}, {"b4a83719893ab08663615e2d5ce2aad0": ["25", "com.angrydoughnuts.android.alarmclock.ActivityAlarmClock"]}, {"b4a83719893ab08663615e2d5ce2aad0": ["25", "com.angrydoughnuts.android.alarmclock.ActivityAlarmClock"]}, {"b4a83719893ab08663615e2d5ce2aad0": ["25", "com.angrydoughnuts.android.alarmclock.ActivityAlarmClock"]}, {"9536d8c8a881da2290f8d97197f85545": ["4", "com.angrydoughnuts.android.alarmclock.ActivityAlarmSettings"]}, {"9536d8c8a881da2290f8d97197f85545": ["4", "com.angrydoughnuts.android.alarmclock.ActivityAlarmSettings"]}, {"d68ba6b948db9120966fc73cc656b250": ["8", "com.angrydoughnuts.android.alarmclock.ActivityAlarmSettings"]}, {"d68ba6b948db9120966fc73cc656b250": ["8", "com.angrydoughnuts.android.alarmclock.ActivityAlarmSettings"]}, {"b4a83719893ab08663615e2d5ce2aad0": ["25", "com.angrydoughnuts.android.alarmclock.ActivityAlarmClock"]}, {"b4a83719893ab08663615e2d5ce2aad0": ["25", "com.angrydoughnuts.android.alarmclock.ActivityAlarmClock"]}, {"9536d8c8a881da2290f8d97197f85545": ["4", "com.angrydoughnuts.android.alarmclock.ActivityAlarmSettings"]}, {"c2dd817cedeb6c2e71dc51118a784898": ["12", "com.angrydoughnuts.android.alarmclock.ActivityAlarmSettings"]}, {"9536d8c8a881da2290f8d97197f85545": ["4", "com.angrydoughnuts.android.alarmclock.ActivityAlarmSettings"]}, {"69e90620a54a329a9f81217b12696c36": ["11", "com.angrydoughnuts.android.alarmclock.ActivityAlarmSettings"]}, {"69e90620a54a329a9f81217b12696c36": ["11", "com.angrydoughnuts.android.alarmclock.ActivityAlarmSettings"]}, {"9536d8c8a881da2290f8d97197f85545": ["4", "com.angrydoughnuts.android.alarmclock.ActivityAlarmSettings"]}, {"c2dd817cedeb6c2e71dc51118a784898": ["12", "com.angrydoughnuts.android.alarmclock.ActivityAlarmSettings"]}, {"b4a83719893ab08663615e2d5ce2aad0": ["25", "com.angrydoughnuts.android.alarmclock.ActivityAlarmClock"]}, {"b4a83719893ab08663615e2d5ce2aad0": ["25", "com.angrydoughnuts.android.alarmclock.ActivityAlarmClock"]}, {"b4a83719893ab08663615e2d5ce2aad0": ["25", "com.angrydoughnuts.android.alarmclock.ActivityAlarmClock"]}, {"9536d8c8a881da2290f8d97197f85545": ["4", "com.angrydoughnuts.android.alarmclock.ActivityAlarmSettings"]}, {"69e90620a54a329a9f81217b12696c36": ["11", "com.angrydoughnuts.android.alarmclock.ActivityAlarmSettings"]}, {"9536d8c8a881da2290f8d97197f85545": ["4", "com.angrydoughnuts.android.alarmclock.ActivityAlarmSettings"]}, {"9536d8c8a881da2290f8d97197f85545": ["4", "com.angrydoughnuts.android.alarmclock.ActivityAlarmSettings"]}, {"9536d8c8a881da2290f8d97197f85545": ["4", "com.angrydoughnuts.android.alarmclock.ActivityAlarmSettings"]}, {"b4a83719893ab08663615e2d5ce2aad0": ["25", "com.angrydoughnuts.android.alarmclock.ActivityAlarmClock"]}, {"9536d8c8a881da2290f8d97197f85545": ["4", "com.angrydoughnuts.android.alarmclock.ActivityAlarmSettings"]}, {"69e90620a54a329a9f81217b12696c36": ["11", "com.angrydoughnuts.android.alarmclock.ActivityAlarmSettings"]}, {"69e90620a54a329a9f81217b12696c36": ["11", "com.angrydoughnuts.android.alarmclock.ActivityAlarmSettings"]}, {"9536d8c8a881da2290f8d97197f85545": ["4", "com.angrydoughnuts.android.alarmclock.ActivityAlarmSettings"]}, {"b4a83719893ab08663615e2d5ce2aad0": ["25", "com.angrydoughnuts.android.alarmclock.ActivityAlarmClock"]}, {"b4a83719893ab08663615e2d5ce2aad0": ["25", "com.angrydoughnuts.android.alarmclock.ActivityAlarmClock"]}, {"b4a83719893ab08663615e2d5ce2aad0": ["25", "com.angrydoughnuts.android.alarmclock.ActivityAlarmClock"]}, {"b4a83719893ab08663615e2d5ce2aad0": ["25", "com.angrydoughnuts.android.alarmclock.ActivityAlarmClock"]}, {"9536d8c8a881da2290f8d97197f85545": ["4", "com.angrydoughnuts.android.alarmclock.ActivityAlarmSettings"]}, {"b4a83719893ab08663615e2d5ce2aad0": ["25", "com.angrydoughnuts.android.alarmclock.ActivityAlarmClock"]}, {"b4a83719893ab08663615e2d5ce2aad0": ["25", "com.angrydoughnuts.android.alarmclock.ActivityAlarmClock"]}, {"9536d8c8a881da2290f8d97197f85545": ["4", "com.angrydoughnuts.android.alarmclock.ActivityAlarmSettings"]}, {"d68ba6b948db9120966fc73cc656b250": ["8", "com.angrydoughnuts.android.alarmclock.ActivityAlarmSettings"]}, {"d68ba6b948db9120966fc73cc656b250": ["8", "com.angrydoughnuts.android.alarmclock.ActivityAlarmSettings"]}, {"d68ba6b948db9120966fc73cc656b250": ["8", "com.angrydoughnuts.android.alarmclock.ActivityAlarmSettings"]}, {"d68ba6b948db9120966fc73cc656b250": ["8", "com.angrydoughnuts.android.alarmclock.ActivityAlarmSettings"]}, {"d68ba6b948db9120966fc73cc656b250": ["8", "com.angrydoughnuts.android.alarmclock.ActivityAlarmSettings"]}, {"d68ba6b948db9120966fc73cc656b250": ["8", "com.angrydoughnuts.android.alarmclock.ActivityAlarmSettings"]}, {"d68ba6b948db9120966fc73cc656b250": ["8", "com.angrydoughnuts.android.alarmclock.ActivityAlarmSettings"]}, {"d68ba6b948db9120966fc73cc656b250": ["8", "com.angrydoughnuts.android.alarmclock.ActivityAlarmSettings"]}, {"d68ba6b948db9120966fc73cc656b250": ["8", "com.angrydoughnuts.android.alarmclock.ActivityAlarmSettings"]}, {"d68ba6b948db9120966fc73cc656b250": ["8", "com.angrydoughnuts.android.alarmclock.ActivityAlarmSettings"]}, {"d68ba6b948db9120966fc73cc656b250": ["8", "com.angrydoughnuts.android.alarmclock.ActivityAlarmSettings"]}, {"d68ba6b948db9120966fc73cc656b250": ["8", "com.angrydoughnuts.android.alarmclock.ActivityAlarmSettings"]}, {"d68ba6b948db9120966fc73cc656b250": ["8", "com.angrydoughnuts.android.alarmclock.ActivityAlarmSettings"]}, {"d68ba6b948db9120966fc73cc656b250": ["8", "com.angrydoughnuts.android.alarmclock.ActivityAlarmSettings"]}, {"9536d8c8a881da2290f8d97197f85545": ["4", "com.angrydoughnuts.android.alarmclock.ActivityAlarmSettings"]}, {"59052d82c691760d5ecc3f86aeb6e21c": ["7", "com.angrydoughnuts.android.alarmclock.ActivityAlarmSettings"]}, {"9536d8c8a881da2290f8d97197f85545": ["4", "com.angrydoughnuts.android.alarmclock.ActivityAlarmSettings"]}, {"732e5552dccb7c82f068d83ab2b546a4": ["10", "com.angrydoughnuts.android.alarmclock.ActivityAlarmSettings"]}, {"732e5552dccb7c82f068d83ab2b546a4": ["10", "com.angrydoughnuts.android.alarmclock.ActivityAlarmSettings"]}, {"732e5552dccb7c82f068d83ab2b546a4": ["10", "com.angrydoughnuts.android.alarmclock.ActivityAlarmSettings"]}, {"b4a83719893ab08663615e2d5ce2aad0": ["25", "com.angrydoughnuts.android.alarmclock.ActivityAlarmClock"]}, {"9536d8c8a881da2290f8d97197f85545": ["4", "com.angrydoughnuts.android.alarmclock.ActivityAlarmSettings"]}, {"d68ba6b948db9120966fc73cc656b250": ["8", "com.angrydoughnuts.android.alarmclock.ActivityAlarmSettings"]}, {"9536d8c8a881da2290f8d97197f85545": ["4", "com.angrydoughnuts.android.alarmclock.ActivityAlarmSettings"]}, {"69e90620a54a329a9f81217b12696c36": ["11", "com.angrydoughnuts.android.alarmclock.ActivityAlarmSettings"]}, {"9536d8c8a881da2290f8d97197f85545": ["4", "com.angrydoughnuts.android.alarmclock.ActivityAlarmSettings"]}, {"b4a83719893ab08663615e2d5ce2aad0": ["25", "com.angrydoughnuts.android.alarmclock.ActivityAlarmClock"]}, {"b4a83719893ab08663615e2d5ce2aad0": ["25", "com.angrydoughnuts.android.alarmclock.ActivityAlarmClock"]}, {"9536d8c8a881da2290f8d97197f85545": ["4", "com.angrydoughnuts.android.alarmclock.ActivityAlarmSettings"]}, {"b4a83719893ab08663615e2d5ce2aad0": ["25", "com.angrydoughnuts.android.alarmclock.ActivityAlarmClock"]}, {"b4a83719893ab08663615e2d5ce2aad0": ["25", "com.angrydoughnuts.android.alarmclock.ActivityAlarmClock"]}, {"b4a83719893ab08663615e2d5ce2aad0": ["25", "com.angrydoughnuts.android.alarmclock.ActivityAlarmClock"]}, {"9536d8c8a881da2290f8d97197f85545": ["4", "com.angrydoughnuts.android.alarmclock.ActivityAlarmSettings"]}, {"9536d8c8a881da2290f8d97197f85545": ["4", "com.angrydoughnuts.android.alarmclock.ActivityAlarmSettings"]}, {"b4a83719893ab08663615e2d5ce2aad0": ["25", "com.angrydoughnuts.android.alarmclock.ActivityAlarmClock"]}, {"b4a83719893ab08663615e2d5ce2aad0": ["25", "com.angrydoughnuts.android.alarmclock.ActivityAlarmClock"]}, {"b4a83719893ab08663615e2d5ce2aad0": ["25", "com.angrydoughnuts.android.alarmclock.ActivityAlarmClock"]}, {"b4a83719893ab08663615e2d5ce2aad0": ["25", "com.angrydoughnuts.android.alarmclock.ActivityAlarmClock"]}, {"b4a83719893ab08663615e2d5ce2aad0": ["25", "com.angrydoughnuts.android.alarmclock.ActivityAlarmClock"]}, {"b4a83719893ab08663615e2d5ce2aad0": ["25", "com.angrydoughnuts.android.alarmclock.ActivityAlarmClock"]}, {"b4a83719893ab08663615e2d5ce2aad0": ["25", "com.angrydoughnuts.android.alarmclock.ActivityAlarmClock"]}, {"b4a83719893ab08663615e2d5ce2aad0": ["25", "com.angrydoughnuts.android.alarmclock.ActivityAlarmClock"]}, {"b4a83719893ab08663615e2d5ce2aad0": ["25", "com.angrydoughnuts.android.alarmclock.ActivityAlarmClock"]}, {"b4a83719893ab08663615e2d5ce2aad0": ["25", "com.angrydoughnuts.android.alarmclock.ActivityAlarmClock"]}, {"b4a83719893ab08663615e2d5ce2aad0": ["25", "com.angrydoughnuts.android.alarmclock.ActivityAlarmClock"]}, {"b4a83719893ab08663615e2d5ce2aad0": ["25", "com.angrydoughnuts.android.alarmclock.ActivityAlarmClock"]}, {"b4a83719893ab08663615e2d5ce2aad0": ["25", "com.angrydoughnuts.android.alarmclock.ActivityAlarmClock"]}, {"b4a83719893ab08663615e2d5ce2aad0": ["25", "com.angrydoughnuts.android.alarmclock.ActivityAlarmClock"]}, {"b4a83719893ab08663615e2d5ce2aad0": ["25", "com.angrydoughnuts.android.alarmclock.ActivityAlarmClock"]}, {"9536d8c8a881da2290f8d97197f85545": ["4", "com.angrydoughnuts.android.alarmclock.ActivityAlarmSettings"]}, {"b4a83719893ab08663615e2d5ce2aad0": ["25", "com.angrydoughnuts.android.alarmclock.ActivityAlarmClock"]}, {"9536d8c8a881da2290f8d97197f85545": ["4", "com.angrydoughnuts.android.alarmclock.ActivityAlarmSettings"]}, {"9536d8c8a881da2290f8d97197f85545": ["4", "com.angrydoughnuts.android.alarmclock.ActivityAlarmSettings"]}, {"b4a83719893ab08663615e2d5ce2aad0": ["25", "com.angrydoughnuts.android.alarmclock.ActivityAlarmClock"]}, {"b4a83719893ab08663615e2d5ce2aad0": ["25", "com.angrydoughnuts.android.alarmclock.ActivityAlarmClock"]}, {"9536d8c8a881da2290f8d97197f85545": ["4", "com.angrydoughnuts.android.alarmclock.ActivityAlarmSettings"]}, {"fccec21af591d945ee8b7c04ab989b2c": ["5", "com.angrydoughnuts.android.alarmclock.ActivityAlarmSettings"]}, {"9536d8c8a881da2290f8d97197f85545": ["4", "com.angrydoughnuts.android.alarmclock.ActivityAlarmSettings"]}, {"69e90620a54a329a9f81217b12696c36": ["11", "com.angrydoughnuts.android.alarmclock.ActivityAlarmSettings"]}, {"9536d8c8a881da2290f8d97197f85545": ["4", "com.angrydoughnuts.android.alarmclock.ActivityAlarmSettings"]}, {"59052d82c691760d5ecc3f86aeb6e21c": ["7", "com.angrydoughnuts.android.alarmclock.ActivityAlarmSettings"]}, {"9536d8c8a881da2290f8d97197f85545": ["4", "com.angrydoughnuts.android.alarmclock.ActivityAlarmSettings"]}, {"8de32c49fbe9b6a090ebb54c7562d23f": ["13", "com.angrydoughnuts.android.alarmclock.ActivityAlarmSettings"]}, {"8de32c49fbe9b6a090ebb54c7562d23f": ["13", "com.angrydoughnuts.android.alarmclock.ActivityAlarmSettings"]}, {"8de32c49fbe9b6a090ebb54c7562d23f": ["13", "com.angrydoughnuts.android.alarmclock.ActivityAlarmSettings"]}, {"8de32c49fbe9b6a090ebb54c7562d23f": ["13", "com.angrydoughnuts.android.alarmclock.ActivityAlarmSettings"]}, {"8de32c49fbe9b6a090ebb54c7562d23f": ["13", "com.angrydoughnuts.android.alarmclock.ActivityAlarmSettings"]}, {"8de32c49fbe9b6a090ebb54c7562d23f": ["13", "com.angrydoughnuts.android.alarmclock.ActivityAlarmSettings"]}, {"8de32c49fbe9b6a090ebb54c7562d23f": ["13", "com.angrydoughnuts.android.alarmclock.ActivityAlarmSettings"]}, {"8de32c49fbe9b6a090ebb54c7562d23f": ["13", "com.angrydoughnuts.android.alarmclock.ActivityAlarmSettings"]}, {"8de32c49fbe9b6a090ebb54c7562d23f": ["13", "com.angrydoughnuts.android.alarmclock.ActivityAlarmSettings"]}, {"8de32c49fbe9b6a090ebb54c7562d23f": ["13", "com.angrydoughnuts.android.alarmclock.ActivityAlarmSettings"]}, {"8de32c49fbe9b6a090ebb54c7562d23f": ["13", "com.angrydoughnuts.android.alarmclock.ActivityAlarmSettings"]}, {"8de32c49fbe9b6a090ebb54c7562d23f": ["13", "com.angrydoughnuts.android.alarmclock.ActivityAlarmSettings"]}, {"8de32c49fbe9b6a090ebb54c7562d23f": ["13", "com.angrydoughnuts.android.alarmclock.ActivityAlarmSettings"]}, {"8de32c49fbe9b6a090ebb54c7562d23f": ["13", "com.angrydoughnuts.android.alarmclock.ActivityAlarmSettings"]}, {"8de32c49fbe9b6a090ebb54c7562d23f": ["13", "com.angrydoughnuts.android.alarmclock.ActivityAlarmSettings"]}, {"8de32c49fbe9b6a090ebb54c7562d23f": ["13", "com.angrydoughnuts.android.alarmclock.ActivityAlarmSettings"]}, {"8de32c49fbe9b6a090ebb54c7562d23f": ["13", "com.angrydoughnuts.android.alarmclock.ActivityAlarmSettings"]}, {"8de32c49fbe9b6a090ebb54c7562d23f": ["13", "com.angrydoughnuts.android.alarmclock.ActivityAlarmSettings"]}, {"8de32c49fbe9b6a090ebb54c7562d23f": ["13", "com.angrydoughnuts.android.alarmclock.ActivityAlarmSettings"]}, {"8de32c49fbe9b6a090ebb54c7562d23f": ["13", "com.angrydoughnuts.android.alarmclock.ActivityAlarmSettings"]}, {"8de32c49fbe9b6a090ebb54c7562d23f": ["13", "com.angrydoughnuts.android.alarmclock.ActivityAlarmSettings"]}, {"8de32c49fbe9b6a090ebb54c7562d23f": ["13", "com.angrydoughnuts.android.alarmclock.ActivityAlarmSettings"]}, {"8de32c49fbe9b6a090ebb54c7562d23f": ["13", "com.angrydoughnuts.android.alarmclock.ActivityAlarmSettings"]}, {"8de32c49fbe9b6a090ebb54c7562d23f": ["13", "com.angrydoughnuts.android.alarmclock.ActivityAlarmSettings"]}, {"8de32c49fbe9b6a090ebb54c7562d23f": ["13", "com.angrydoughnuts.android.alarmclock.ActivityAlarmSettings"]}, {"9536d8c8a881da2290f8d97197f85545": ["4", "com.angrydoughnuts.android.alarmclock.ActivityAlarmSettings"]}, {"b4a83719893ab08663615e2d5ce2aad0": ["25", "com.angrydoughnuts.android.alarmclock.ActivityAlarmClock"]}, {"b4a83719893ab08663615e2d5ce2aad0": ["25", "com.angrydoughnuts.android.alarmclock.ActivityAlarmClock"]}, {"ad7b8f6b72275cbeeae561082f02fe3f": ["28", "com.angrydoughnuts.android.alarmclock.ActivityAlarmClock"]}, {"ad7b8f6b72275cbeeae561082f02fe3f": ["28", "com.angrydoughnuts.android.alarmclock.ActivityAlarmClock"]}, {"9536d8c8a881da2290f8d97197f85545": ["4", "com.angrydoughnuts.android.alarmclock.ActivityAlarmSettings"]}, {"9536d8c8a881da2290f8d97197f85545": ["4", "com.angrydoughnuts.android.alarmclock.ActivityAlarmSettings"]}, {"59052d82c691760d5ecc3f86aeb6e21c": ["7", "com.angrydoughnuts.android.alarmclock.ActivityAlarmSettings"]}, {"9536d8c8a881da2290f8d97197f85545": ["4", "com.angrydoughnuts.android.alarmclock.ActivityAlarmSettings"]}, {"9536d8c8a881da2290f8d97197f85545": ["4", "com.angrydoughnuts.android.alarmclock.ActivityAlarmSettings"]}, {"d68ba6b948db9120966fc73cc656b250": ["8", "com.angrydoughnuts.android.alarmclock.ActivityAlarmSettings"]}, {"d68ba6b948db9120966fc73cc656b250": ["8", "com.angrydoughnuts.android.alarmclock.ActivityAlarmSettings"]}, {"d68ba6b948db9120966fc73cc656b250": ["8", "com.angrydoughnuts.android.alarmclock.ActivityAlarmSettings"]}, {"d68ba6b948db9120966fc73cc656b250": ["8", "com.angrydoughnuts.android.alarmclock.ActivityAlarmSettings"]}, {"d68ba6b948db9120966fc73cc656b250": ["8", "com.angrydoughnuts.android.alarmclock.ActivityAlarmSettings"]}, {"d68ba6b948db9120966fc73cc656b250": ["8", "com.angrydoughnuts.android.alarmclock.ActivityAlarmSettings"]}, {"d68ba6b948db9120966fc73cc656b250": ["8", "com.angrydoughnuts.android.alarmclock.ActivityAlarmSettings"]}, {"d68ba6b948db9120966fc73cc656b250": ["8", "com.angrydoughnuts.android.alarmclock.ActivityAlarmSettings"]}, {"d68ba6b948db9120966fc73cc656b250": ["8", "com.angrydoughnuts.android.alarmclock.ActivityAlarmSettings"]}, {"d68ba6b948db9120966fc73cc656b250": ["8", "com.angrydoughnuts.android.alarmclock.ActivityAlarmSettings"]}, {"d68ba6b948db9120966fc73cc656b250": ["8", "com.angrydoughnuts.android.alarmclock.ActivityAlarmSettings"]}, {"d68ba6b948db9120966fc73cc656b250": ["8", "com.angrydoughnuts.android.alarmclock.ActivityAlarmSettings"]}, {"d68ba6b948db9120966fc73cc656b250": ["8", "com.angrydoughnuts.android.alarmclock.ActivityAlarmSettings"]}, {"d68ba6b948db9120966fc73cc656b250": ["8", "com.angrydoughnuts.android.alarmclock.ActivityAlarmSettings"]}, {"d68ba6b948db9120966fc73cc656b250": ["8", "com.angrydoughnuts.android.alarmclock.ActivityAlarmSettings"]}, {"d68ba6b948db9120966fc73cc656b250": ["8", "com.angrydoughnuts.android.alarmclock.ActivityAlarmSettings"]}, {"d68ba6b948db9120966fc73cc656b250": ["8", "com.angrydoughnuts.android.alarmclock.ActivityAlarmSettings"]}, {"d68ba6b948db9120966fc73cc656b250": ["8", "com.angrydoughnuts.android.alarmclock.ActivityAlarmSettings"]}, {"d68ba6b948db9120966fc73cc656b250": ["8", "com.angrydoughnuts.android.alarmclock.ActivityAlarmSettings"]}, {"d68ba6b948db9120966fc73cc656b250": ["8", "com.angrydoughnuts.android.alarmclock.ActivityAlarmSettings"]}, {"d68ba6b948db9120966fc73cc656b250": ["8", "com.angrydoughnuts.android.alarmclock.ActivityAlarmSettings"]}, {"d68ba6b948db9120966fc73cc656b250": ["8", "com.angrydoughnuts.android.alarmclock.ActivityAlarmSettings"]}, {"d68ba6b948db9120966fc73cc656b250": ["8", "com.angrydoughnuts.android.alarmclock.ActivityAlarmSettings"]}, {"d68ba6b948db9120966fc73cc656b250": ["8", "com.angrydoughnuts.android.alarmclock.ActivityAlarmSettings"]}, {"d68ba6b948db9120966fc73cc656b250": ["8", "com.angrydoughnuts.android.alarmclock.ActivityAlarmSettings"]}, {"d68ba6b948db9120966fc73cc656b250": ["8", "com.angrydoughnuts.android.alarmclock.ActivityAlarmSettings"]}, {"d68ba6b948db9120966fc73cc656b250": ["8", "com.angrydoughnuts.android.alarmclock.ActivityAlarmSettings"]}, {"d68ba6b948db9120966fc73cc656b250": ["8", "com.angrydoughnuts.android.alarmclock.ActivityAlarmSettings"]}, {"d68ba6b948db9120966fc73cc656b250": ["8", "com.angrydoughnuts.android.alarmclock.ActivityAlarmSettings"]}, {"d68ba6b948db9120966fc73cc656b250": ["8", "com.angrydoughnuts.android.alarmclock.ActivityAlarmSettings"]}, {"d68ba6b948db9120966fc73cc656b250": ["8", "com.angrydoughnuts.android.alarmclock.ActivityAlarmSettings"]}, {"d68ba6b948db9120966fc73cc656b250": ["8", "com.angrydoughnuts.android.alarmclock.ActivityAlarmSettings"]}, {"d68ba6b948db9120966fc73cc656b250": ["8", "com.angrydoughnuts.android.alarmclock.ActivityAlarmSettings"]}, {"9536d8c8a881da2290f8d97197f85545": ["4", "com.angrydoughnuts.android.alarmclock.ActivityAlarmSettings"]}, {"8de32c49fbe9b6a090ebb54c7562d23f": ["13", "com.angrydoughnuts.android.alarmclock.ActivityAlarmSettings"]}, {"9536d8c8a881da2290f8d97197f85545": ["4", "com.angrydoughnuts.android.alarmclock.ActivityAlarmSettings"]}, {"d68ba6b948db9120966fc73cc656b250": ["8", "com.angrydoughnuts.android.alarmclock.ActivityAlarmSettings"]}, {"d68ba6b948db9120966fc73cc656b250": ["8", "com.angrydoughnuts.android.alarmclock.ActivityAlarmSettings"]}, {"d68ba6b948db9120966fc73cc656b250": ["8", "com.angrydoughnuts.android.alarmclock.ActivityAlarmSettings"]}, {"d68ba6b948db9120966fc73cc656b250": ["8", "com.angrydoughnuts.android.alarmclock.ActivityAlarmSettings"]}, {"d68ba6b948db9120966fc73cc656b250": ["8", "com.angrydoughnuts.android.alarmclock.ActivityAlarmSettings"]}, {"d68ba6b948db9120966fc73cc656b250": ["8", "com.angrydoughnuts.android.alarmclock.ActivityAlarmSettings"]}, {"d68ba6b948db9120966fc73cc656b250": ["8", "com.angrydoughnuts.android.alarmclock.ActivityAlarmSettings"]}, {"d68ba6b948db9120966fc73cc656b250": ["8", "com.angrydoughnuts.android.alarmclock.ActivityAlarmSettings"]}, {"d68ba6b948db9120966fc73cc656b250": ["8", "com.angrydoughnuts.android.alarmclock.ActivityAlarmSettings"]}, {"d68ba6b948db9120966fc73cc656b250": ["8", "com.angrydoughnuts.android.alarmclock.ActivityAlarmSettings"]}, {"d68ba6b948db9120966fc73cc656b250": ["8", "com.angrydoughnuts.android.alarmclock.ActivityAlarmSettings"]}, {"bbd7a2408fd87ee6c405b28b4cfbaaac": ["16", "com.angrydoughnuts.android.alarmclock.ActivityAlarmSettings"]}, {"ad7b8f6b72275cbeeae561082f02fe3f": ["28", "com.angrydoughnuts.android.alarmclock.ActivityAlarmClock"]}, {"9536d8c8a881da2290f8d97197f85545": ["4", "com.angrydoughnuts.android.alarmclock.ActivityAlarmSettings"]}, {"9536d8c8a881da2290f8d97197f85545": ["4", "com.angrydoughnuts.android.alarmclock.ActivityAlarmSettings"]}, {"69e90620a54a329a9f81217b12696c36": ["11", "com.angrydoughnuts.android.alarmclock.ActivityAlarmSettings"]}, {"9536d8c8a881da2290f8d97197f85545": ["4", "com.angrydoughnuts.android.alarmclock.ActivityAlarmSettings"]}, {"d68ba6b948db9120966fc73cc656b250": ["8", "com.angrydoughnuts.android.alarmclock.ActivityAlarmSettings"]}, {"d68ba6b948db9120966fc73cc656b250": ["8", "com.angrydoughnuts.android.alarmclock.ActivityAlarmSettings"]}, {"d68ba6b948db9120966fc73cc656b250": ["8", "com.angrydoughnuts.android.alarmclock.ActivityAlarmSettings"]}, {"d68ba6b948db9120966fc73cc656b250": ["8", "com.angrydoughnuts.android.alarmclock.ActivityAlarmSettings"]}, {"d68ba6b948db9120966fc73cc656b250": ["8", "com.angrydoughnuts.android.alarmclock.ActivityAlarmSettings"]}, {"d68ba6b948db9120966fc73cc656b250": ["8", "com.angrydoughnuts.android.alarmclock.ActivityAlarmSettings"]}, {"d68ba6b948db9120966fc73cc656b250": ["8", "com.angrydoughnuts.android.alarmclock.ActivityAlarmSettings"]}, {"d68ba6b948db9120966fc73cc656b250": ["8", "com.angrydoughnuts.android.alarmclock.ActivityAlarmSettings"]}, {"9536d8c8a881da2290f8d97197f85545": ["4", "com.angrydoughnuts.android.alarmclock.ActivityAlarmSettings"]}, {"8de32c49fbe9b6a090ebb54c7562d23f": ["13", "com.angrydoughnuts.android.alarmclock.ActivityAlarmSettings"]}, {"8de32c49fbe9b6a090ebb54c7562d23f": ["13", "com.angrydoughnuts.android.alarmclock.ActivityAlarmSettings"]}, {"8de32c49fbe9b6a090ebb54c7562d23f": ["13", "com.angrydoughnuts.android.alarmclock.ActivityAlarmSettings"]}, {"8de32c49fbe9b6a090ebb54c7562d23f": ["13", "com.angrydoughnuts.android.alarmclock.ActivityAlarmSettings"]}, {"8de32c49fbe9b6a090ebb54c7562d23f": ["13", "com.angrydoughnuts.android.alarmclock.ActivityAlarmSettings"]}, {"8de32c49fbe9b6a090ebb54c7562d23f": ["13", "com.angrydoughnuts.android.alarmclock.ActivityAlarmSettings"]}, {"8de32c49fbe9b6a090ebb54c7562d23f": ["13", "com.angrydoughnuts.android.alarmclock.ActivityAlarmSettings"]}, {"8de32c49fbe9b6a090ebb54c7562d23f": ["13", "com.angrydoughnuts.android.alarmclock.ActivityAlarmSettings"]}, {"8de32c49fbe9b6a090ebb54c7562d23f": ["13", "com.angrydoughnuts.android.alarmclock.ActivityAlarmSettings"]}, {"8de32c49fbe9b6a090ebb54c7562d23f": ["13", "com.angrydoughnuts.android.alarmclock.ActivityAlarmSettings"]}, {"8de32c49fbe9b6a090ebb54c7562d23f": ["13", "com.angrydoughnuts.android.alarmclock.ActivityAlarmSettings"]}, {"8de32c49fbe9b6a090ebb54c7562d23f": ["13", "com.angrydoughnuts.android.alarmclock.ActivityAlarmSettings"]}, {"8de32c49fbe9b6a090ebb54c7562d23f": ["13", "com.angrydoughnuts.android.alarmclock.ActivityAlarmSettings"]}, {"8de32c49fbe9b6a090ebb54c7562d23f": ["13", "com.angrydoughnuts.android.alarmclock.ActivityAlarmSettings"]}, {"8de32c49fbe9b6a090ebb54c7562d23f": ["13", "com.angrydoughnuts.android.alarmclock.ActivityAlarmSettings"]}, {"8de32c49fbe9b6a090ebb54c7562d23f": ["13", "com.angrydoughnuts.android.alarmclock.ActivityAlarmSettings"]}, {"8de32c49fbe9b6a090ebb54c7562d23f": ["13", "com.angrydoughnuts.android.alarmclock.ActivityAlarmSettings"]}, {"8de32c49fbe9b6a090ebb54c7562d23f": ["13", "com.angrydoughnuts.android.alarmclock.ActivityAlarmSettings"]}, {"8de32c49fbe9b6a090ebb54c7562d23f": ["13", "com.angrydoughnuts.android.alarmclock.ActivityAlarmSettings"]}, {"8de32c49fbe9b6a090ebb54c7562d23f": ["13", "com.angrydoughnuts.android.alarmclock.ActivityAlarmSettings"]}, {"8de32c49fbe9b6a090ebb54c7562d23f": ["13", "com.angrydoughnuts.android.alarmclock.ActivityAlarmSettings"]}, {"9536d8c8a881da2290f8d97197f85545": ["4", "com.angrydoughnuts.android.alarmclock.ActivityAlarmSettings"]}, {"ad7b8f6b72275cbeeae561082f02fe3f": ["28", "com.angrydoughnuts.android.alarmclock.ActivityAlarmClock"]}, {"9536d8c8a881da2290f8d97197f85545": ["4", "com.angrydoughnuts.android.alarmclock.ActivityAlarmSettings"]}, {"9536d8c8a881da2290f8d97197f85545": ["4", "com.angrydoughnuts.android.alarmclock.ActivityAlarmSettings"]}, {"ad7b8f6b72275cbeeae561082f02fe3f": ["28", "com.angrydoughnuts.android.alarmclock.ActivityAlarmClock"]}, {"9536d8c8a881da2290f8d97197f85545": ["4", "com.angrydoughnuts.android.alarmclock.ActivityAlarmSettings"]}, {"8de32c49fbe9b6a090ebb54c7562d23f": ["13", "com.angrydoughnuts.android.alarmclock.ActivityAlarmSettings"]}, {"8de32c49fbe9b6a090ebb54c7562d23f": ["13", "com.angrydoughnuts.android.alarmclock.ActivityAlarmSettings"]}, {"8de32c49fbe9b6a090ebb54c7562d23f": ["13", "com.angrydoughnuts.android.alarmclock.ActivityAlarmSettings"]}, {"8de32c49fbe9b6a090ebb54c7562d23f": ["13", "com.angrydoughnuts.android.alarmclock.ActivityAlarmSettings"]}, {"8de32c49fbe9b6a090ebb54c7562d23f": ["13", "com.angrydoughnuts.android.alarmclock.ActivityAlarmSettings"]}, {"8de32c49fbe9b6a090ebb54c7562d23f": ["13", "com.angrydoughnuts.android.alarmclock.ActivityAlarmSettings"]}, {"8de32c49fbe9b6a090ebb54c7562d23f": ["13", "com.angrydoughnuts.android.alarmclock.ActivityAlarmSettings"]}, {"8de32c49fbe9b6a090ebb54c7562d23f": ["13", "com.angrydoughnuts.android.alarmclock.ActivityAlarmSettings"]}, {"8de32c49fbe9b6a090ebb54c7562d23f": ["13", "com.angrydoughnuts.android.alarmclock.ActivityAlarmSettings"]}, {"8de32c49fbe9b6a090ebb54c7562d23f": ["13", "com.angrydoughnuts.android.alarmclock.ActivityAlarmSettings"]}, {"8de32c49fbe9b6a090ebb54c7562d23f": ["13", "com.angrydoughnuts.android.alarmclock.ActivityAlarmSettings"]}, {"8de32c49fbe9b6a090ebb54c7562d23f": ["13", "com.angrydoughnuts.android.alarmclock.ActivityAlarmSettings"]}, {"8de32c49fbe9b6a090ebb54c7562d23f": ["13", "com.angrydoughnuts.android.alarmclock.ActivityAlarmSettings"]}, {"8de32c49fbe9b6a090ebb54c7562d23f": ["13", "com.angrydoughnuts.android.alarmclock.ActivityAlarmSettings"]}, {"8de32c49fbe9b6a090ebb54c7562d23f": ["13", "com.angrydoughnuts.android.alarmclock.ActivityAlarmSettings"]}, {"8de32c49fbe9b6a090ebb54c7562d23f": ["13", "com.angrydoughnuts.android.alarmclock.ActivityAlarmSettings"]}, {"8de32c49fbe9b6a090ebb54c7562d23f": ["13", "com.angrydoughnuts.android.alarmclock.ActivityAlarmSettings"]}, {"8de32c49fbe9b6a090ebb54c7562d23f": ["13", "com.angrydoughnuts.android.alarmclock.ActivityAlarmSettings"]}, {"8de32c49fbe9b6a090ebb54c7562d23f": ["13", "com.angrydoughnuts.android.alarmclock.ActivityAlarmSettings"]}, {"8de32c49fbe9b6a090ebb54c7562d23f": ["13", "com.angrydoughnuts.android.alarmclock.ActivityAlarmSettings"]}, {"8de32c49fbe9b6a090ebb54c7562d23f": ["13", "com.angrydoughnuts.android.alarmclock.ActivityAlarmSettings"]}, {"8de32c49fbe9b6a090ebb54c7562d23f": ["13", "com.angrydoughnuts.android.alarmclock.ActivityAlarmSettings"]}, {"8de32c49fbe9b6a090ebb54c7562d23f": ["13", "com.angrydoughnuts.android.alarmclock.ActivityAlarmSettings"]}, {"8de32c49fbe9b6a090ebb54c7562d23f": ["13", "com.angrydoughnuts.android.alarmclock.ActivityAlarmSettings"]}, {"8de32c49fbe9b6a090ebb54c7562d23f": ["13", "com.angrydoughnuts.android.alarmclock.ActivityAlarmSettings"]}, {"8de32c49fbe9b6a090ebb54c7562d23f": ["13", "com.angrydoughnuts.android.alarmclock.ActivityAlarmSettings"]}, {"8de32c49fbe9b6a090ebb54c7562d23f": ["13", "com.angrydoughnuts.android.alarmclock.ActivityAlarmSettings"]}, {"8de32c49fbe9b6a090ebb54c7562d23f": ["13", "com.angrydoughnuts.android.alarmclock.ActivityAlarmSettings"]}, {"8de32c49fbe9b6a090ebb54c7562d23f": ["13", "com.angrydoughnuts.android.alarmclock.ActivityAlarmSettings"]}, {"9536d8c8a881da2290f8d97197f85545": ["4", "com.angrydoughnuts.android.alarmclock.ActivityAlarmSettings"]}, {"59052d82c691760d5ecc3f86aeb6e21c": ["7", "com.angrydoughnuts.android.alarmclock.ActivityAlarmSettings"]}, {"9536d8c8a881da2290f8d97197f85545": ["4", "com.angrydoughnuts.android.alarmclock.ActivityAlarmSettings"]}, {"c2dd817cedeb6c2e71dc51118a784898": ["12", "com.angrydoughnuts.android.alarmclock.ActivityAlarmSettings"]}, {"9536d8c8a881da2290f8d97197f85545": ["4", "com.angrydoughnuts.android.alarmclock.ActivityAlarmSettings"]}, {"9536d8c8a881da2290f8d97197f85545": ["4", "com.angrydoughnuts.android.alarmclock.ActivityAlarmSettings"]}, {"fccec21af591d945ee8b7c04ab989b2c": ["5", "com.angrydoughnuts.android.alarmclock.ActivityAlarmSettings"]}, {"b4a83719893ab08663615e2d5ce2aad0": ["25", "com.angrydoughnuts.android.alarmclock.ActivityAlarmClock"]}, {"b4a83719893ab08663615e2d5ce2aad0": ["25", "com.angrydoughnuts.android.alarmclock.ActivityAlarmClock"]}, {"9536d8c8a881da2290f8d97197f85545": ["4", "com.angrydoughnuts.android.alarmclock.ActivityAlarmSettings"]}, {"8de32c49fbe9b6a090ebb54c7562d23f": ["13", "com.angrydoughnuts.android.alarmclock.ActivityAlarmSettings"]}, {"8de32c49fbe9b6a090ebb54c7562d23f": ["13", "com.angrydoughnuts.android.alarmclock.ActivityAlarmSettings"]}, {"8de32c49fbe9b6a090ebb54c7562d23f": ["13", "com.angrydoughnuts.android.alarmclock.ActivityAlarmSettings"]}, {"8de32c49fbe9b6a090ebb54c7562d23f": ["13", "com.angrydoughnuts.android.alarmclock.ActivityAlarmSettings"]}, {"8de32c49fbe9b6a090ebb54c7562d23f": ["13", "com.angrydoughnuts.android.alarmclock.ActivityAlarmSettings"]}, {"8de32c49fbe9b6a090ebb54c7562d23f": ["13", "com.angrydoughnuts.android.alarmclock.ActivityAlarmSettings"]}, {"8de32c49fbe9b6a090ebb54c7562d23f": ["13", "com.angrydoughnuts.android.alarmclock.ActivityAlarmSettings"]}, {"8de32c49fbe9b6a090ebb54c7562d23f": ["13", "com.angrydoughnuts.android.alarmclock.ActivityAlarmSettings"]}, {"8de32c49fbe9b6a090ebb54c7562d23f": ["13", "com.angrydoughnuts.android.alarmclock.ActivityAlarmSettings"]}, {"8de32c49fbe9b6a090ebb54c7562d23f": ["13", "com.angrydoughnuts.android.alarmclock.ActivityAlarmSettings"]}, {"8de32c49fbe9b6a090ebb54c7562d23f": ["13", "com.angrydoughnuts.android.alarmclock.ActivityAlarmSettings"]}, {"8de32c49fbe9b6a090ebb54c7562d23f": ["13", "com.angrydoughnuts.android.alarmclock.ActivityAlarmSettings"]}, {"8de32c49fbe9b6a090ebb54c7562d23f": ["13", "com.angrydoughnuts.android.alarmclock.ActivityAlarmSettings"]}, {"8de32c49fbe9b6a090ebb54c7562d23f": ["13", "com.angrydoughnuts.android.alarmclock.ActivityAlarmSettings"]}, {"8de32c49fbe9b6a090ebb54c7562d23f": ["13", "com.angrydoughnuts.android.alarmclock.ActivityAlarmSettings"]}, {"8de32c49fbe9b6a090ebb54c7562d23f": ["13", "com.angrydoughnuts.android.alarmclock.ActivityAlarmSettings"]}, {"8de32c49fbe9b6a090ebb54c7562d23f": ["13", "com.angrydoughnuts.android.alarmclock.ActivityAlarmSettings"]}, {"8de32c49fbe9b6a090ebb54c7562d23f": ["13", "com.angrydoughnuts.android.alarmclock.ActivityAlarmSettings"]}, {"8de32c49fbe9b6a090ebb54c7562d23f": ["13", "com.angrydoughnuts.android.alarmclock.ActivityAlarmSettings"]}, {"8de32c49fbe9b6a090ebb54c7562d23f": ["13", "com.angrydoughnuts.android.alarmclock.ActivityAlarmSettings"]}, {"8de32c49fbe9b6a090ebb54c7562d23f": ["13", "com.angrydoughnuts.android.alarmclock.ActivityAlarmSettings"]}, {"8de32c49fbe9b6a090ebb54c7562d23f": ["13", "com.angrydoughnuts.android.alarmclock.ActivityAlarmSettings"]}, {"8de32c49fbe9b6a090ebb54c7562d23f": ["13", "com.angrydoughnuts.android.alarmclock.ActivityAlarmSettings"]}, {"8de32c49fbe9b6a090ebb54c7562d23f": ["13", "com.angrydoughnuts.android.alarmclock.ActivityAlarmSettings"]}, {"8de32c49fbe9b6a090ebb54c7562d23f": ["13", "com.angrydoughnuts.android.alarmclock.ActivityAlarmSettings"]}, {"8de32c49fbe9b6a090ebb54c7562d23f": ["13", "com.angrydoughnuts.android.alarmclock.ActivityAlarmSettings"]}, {"8de32c49fbe9b6a090ebb54c7562d23f": ["13", "com.angrydoughnuts.android.alarmclock.ActivityAlarmSettings"]}, {"8de32c49fbe9b6a090ebb54c7562d23f": ["13", "com.angrydoughnuts.android.alarmclock.ActivityAlarmSettings"]}, {"8de32c49fbe9b6a090ebb54c7562d23f": ["13", "com.angrydoughnuts.android.alarmclock.ActivityAlarmSettings"]}, {"8de32c49fbe9b6a090ebb54c7562d23f": ["13", "com.angrydoughnuts.android.alarmclock.ActivityAlarmSettings"]}, {"8de32c49fbe9b6a090ebb54c7562d23f": ["13", "com.angrydoughnuts.android.alarmclock.ActivityAlarmSettings"]}, {"8de32c49fbe9b6a090ebb54c7562d23f": ["13", "com.angrydoughnuts.android.alarmclock.ActivityAlarmSettings"]}, {"8de32c49fbe9b6a090ebb54c7562d23f": ["13", "com.angrydoughnuts.android.alarmclock.ActivityAlarmSettings"]}, {"8de32c49fbe9b6a090ebb54c7562d23f": ["13", "com.angrydoughnuts.android.alarmclock.ActivityAlarmSettings"]}, {"8de32c49fbe9b6a090ebb54c7562d23f": ["13", "com.angrydoughnuts.android.alarmclock.ActivityAlarmSettings"]}, {"8de32c49fbe9b6a090ebb54c7562d23f": ["13", "com.angrydoughnuts.android.alarmclock.ActivityAlarmSettings"]}, {"8de32c49fbe9b6a090ebb54c7562d23f": ["13", "com.angrydoughnuts.android.alarmclock.ActivityAlarmSettings"]}, {"8de32c49fbe9b6a090ebb54c7562d23f": ["13", "com.angrydoughnuts.android.alarmclock.ActivityAlarmSettings"]}, {"8de32c49fbe9b6a090ebb54c7562d23f": ["13", "com.angrydoughnuts.android.alarmclock.ActivityAlarmSettings"]}, {"8de32c49fbe9b6a090ebb54c7562d23f": ["13", "com.angrydoughnuts.android.alarmclock.ActivityAlarmSettings"]}, {"8de32c49fbe9b6a090ebb54c7562d23f": ["13", "com.angrydoughnuts.android.alarmclock.ActivityAlarmSettings"]}, {"8de32c49fbe9b6a090ebb54c7562d23f": ["13", "com.angrydoughnuts.android.alarmclock.ActivityAlarmSettings"]}, {"8de32c49fbe9b6a090ebb54c7562d23f": ["13", "com.angrydoughnuts.android.alarmclock.ActivityAlarmSettings"]}, {"8de32c49fbe9b6a090ebb54c7562d23f": ["13", "com.angrydoughnuts.android.alarmclock.ActivityAlarmSettings"]}, {"8de32c49fbe9b6a090ebb54c7562d23f": ["13", "com.angrydoughnuts.android.alarmclock.ActivityAlarmSettings"]}, {"8de32c49fbe9b6a090ebb54c7562d23f": ["13", "com.angrydoughnuts.android.alarmclock.ActivityAlarmSettings"]}, {"8de32c49fbe9b6a090ebb54c7562d23f": ["13", "com.angrydoughnuts.android.alarmclock.ActivityAlarmSettings"]}, {"8de32c49fbe9b6a090ebb54c7562d23f": ["13", "com.angrydoughnuts.android.alarmclock.ActivityAlarmSettings"]}, {"8de32c49fbe9b6a090ebb54c7562d23f": ["13", "com.angrydoughnuts.android.alarmclock.ActivityAlarmSettings"]}, {"8de32c49fbe9b6a090ebb54c7562d23f": ["13", "com.angrydoughnuts.android.alarmclock.ActivityAlarmSettings"]}, {"8de32c49fbe9b6a090ebb54c7562d23f": ["13", "com.angrydoughnuts.android.alarmclock.ActivityAlarmSettings"]}, {"8de32c49fbe9b6a090ebb54c7562d23f": ["13", "com.angrydoughnuts.android.alarmclock.ActivityAlarmSettings"]}, {"8de32c49fbe9b6a090ebb54c7562d23f": ["13", "com.angrydoughnuts.android.alarmclock.ActivityAlarmSettings"]}, {"8de32c49fbe9b6a090ebb54c7562d23f": ["13", "com.angrydoughnuts.android.alarmclock.ActivityAlarmSettings"]}, {"8de32c49fbe9b6a090ebb54c7562d23f": ["13", "com.angrydoughnuts.android.alarmclock.ActivityAlarmSettings"]}, {"8de32c49fbe9b6a090ebb54c7562d23f": ["13", "com.angrydoughnuts.android.alarmclock.ActivityAlarmSettings"]}, {"8de32c49fbe9b6a090ebb54c7562d23f": ["13", "com.angrydoughnuts.android.alarmclock.ActivityAlarmSettings"]}, {"8de32c49fbe9b6a090ebb54c7562d23f": ["13", "com.angrydoughnuts.android.alarmclock.ActivityAlarmSettings"]}, {"8de32c49fbe9b6a090ebb54c7562d23f": ["13", "com.angrydoughnuts.android.alarmclock.ActivityAlarmSettings"]}, {"8de32c49fbe9b6a090ebb54c7562d23f": ["13", "com.angrydoughnuts.android.alarmclock.ActivityAlarmSettings"]}, {"8de32c49fbe9b6a090ebb54c7562d23f": ["13", "com.angrydoughnuts.android.alarmclock.ActivityAlarmSettings"]}, {"8de32c49fbe9b6a090ebb54c7562d23f": ["13", "com.angrydoughnuts.android.alarmclock.ActivityAlarmSettings"]}, {"8de32c49fbe9b6a090ebb54c7562d23f": ["13", "com.angrydoughnuts.android.alarmclock.ActivityAlarmSettings"]}, {"8de32c49fbe9b6a090ebb54c7562d23f": ["13", "com.angrydoughnuts.android.alarmclock.ActivityAlarmSettings"]}, {"8de32c49fbe9b6a090ebb54c7562d23f": ["13", "com.angrydoughnuts.android.alarmclock.ActivityAlarmSettings"]}, {"8de32c49fbe9b6a090ebb54c7562d23f": ["13", "com.angrydoughnuts.android.alarmclock.ActivityAlarmSettings"]}, {"8de32c49fbe9b6a090ebb54c7562d23f": ["13", "com.angrydoughnuts.android.alarmclock.ActivityAlarmSettings"]}, {"8de32c49fbe9b6a090ebb54c7562d23f": ["13", "com.angrydoughnuts.android.alarmclock.ActivityAlarmSettings"]}, {"8de32c49fbe9b6a090ebb54c7562d23f": ["13", "com.angrydoughnuts.android.alarmclock.ActivityAlarmSettings"]}, {"8de32c49fbe9b6a090ebb54c7562d23f": ["13", "com.angrydoughnuts.android.alarmclock.ActivityAlarmSettings"]}, {"8de32c49fbe9b6a090ebb54c7562d23f": ["13", "com.angrydoughnuts.android.alarmclock.ActivityAlarmSettings"]}, {"8de32c49fbe9b6a090ebb54c7562d23f": ["13", "com.angrydoughnuts.android.alarmclock.ActivityAlarmSettings"]}, {"8de32c49fbe9b6a090ebb54c7562d23f": ["13", "com.angrydoughnuts.android.alarmclock.ActivityAlarmSettings"]}, {"8de32c49fbe9b6a090ebb54c7562d23f": ["13", "com.angrydoughnuts.android.alarmclock.ActivityAlarmSettings"]}, {"8de32c49fbe9b6a090ebb54c7562d23f": ["13", "com.angrydoughnuts.android.alarmclock.ActivityAlarmSettings"]}, {"8de32c49fbe9b6a090ebb54c7562d23f": ["13", "com.angrydoughnuts.android.alarmclock.ActivityAlarmSettings"]}, {"8de32c49fbe9b6a090ebb54c7562d23f": ["13", "com.angrydoughnuts.android.alarmclock.ActivityAlarmSettings"]}, {"8de32c49fbe9b6a090ebb54c7562d23f": ["13", "com.angrydoughnuts.android.alarmclock.ActivityAlarmSettings"]}, {"8de32c49fbe9b6a090ebb54c7562d23f": ["13", "com.angrydoughnuts.android.alarmclock.ActivityAlarmSettings"]}, {"8de32c49fbe9b6a090ebb54c7562d23f": ["13", "com.angrydoughnuts.android.alarmclock.ActivityAlarmSettings"]}, {"8de32c49fbe9b6a090ebb54c7562d23f": ["13", "com.angrydoughnuts.android.alarmclock.ActivityAlarmSettings"]}, {"8de32c49fbe9b6a090ebb54c7562d23f": ["13", "com.angrydoughnuts.android.alarmclock.ActivityAlarmSettings"]}, {"9536d8c8a881da2290f8d97197f85545": ["4", "com.angrydoughnuts.android.alarmclock.ActivityAlarmSettings"]}, {"69e90620a54a329a9f81217b12696c36": ["11", "com.angrydoughnuts.android.alarmclock.ActivityAlarmSettings"]}, {"9536d8c8a881da2290f8d97197f85545": ["4", "com.angrydoughnuts.android.alarmclock.ActivityAlarmSettings"]}, {"9536d8c8a881da2290f8d97197f85545": ["4", "com.angrydoughnuts.android.alarmclock.ActivityAlarmSettings"]}, {"c2dd817cedeb6c2e71dc51118a784898": ["12", "com.angrydoughnuts.android.alarmclock.ActivityAlarmSettings"]}, {"c2dd817cedeb6c2e71dc51118a784898": ["12", "com.angrydoughnuts.android.alarmclock.ActivityAlarmSettings"]}, {"9536d8c8a881da2290f8d97197f85545": ["4", "com.angrydoughnuts.android.alarmclock.ActivityAlarmSettings"]}, {"b4a83719893ab08663615e2d5ce2aad0": ["25", "com.angrydoughnuts.android.alarmclock.ActivityAlarmClock"]}, {"b4a83719893ab08663615e2d5ce2aad0": ["25", "com.angrydoughnuts.android.alarmclock.ActivityAlarmClock"]}, {"b4a83719893ab08663615e2d5ce2aad0": ["25", "com.angrydoughnuts.android.alarmclock.ActivityAlarmClock"]}, {"9536d8c8a881da2290f8d97197f85545": ["4", "com.angrydoughnuts.android.alarmclock.ActivityAlarmSettings"]}, {"69e90620a54a329a9f81217b12696c36": ["11", "com.angrydoughnuts.android.alarmclock.ActivityAlarmSettings"]}, {"b4a83719893ab08663615e2d5ce2aad0": ["25", "com.angrydoughnuts.android.alarmclock.ActivityAlarmClock"]}, {"b4a83719893ab08663615e2d5ce2aad0": ["25", "com.angrydoughnuts.android.alarmclock.ActivityAlarmClock"]}, {"b4a83719893ab08663615e2d5ce2aad0": ["25", "com.angrydoughnuts.android.alarmclock.ActivityAlarmClock"]}, {"ad7b8f6b72275cbeeae561082f02fe3f": ["28", "com.angrydoughnuts.android.alarmclock.ActivityAlarmClock"]}, {"ad7b8f6b72275cbeeae561082f02fe3f": ["28", "com.angrydoughnuts.android.alarmclock.ActivityAlarmClock"]}, {"9536d8c8a881da2290f8d97197f85545": ["4", "com.angrydoughnuts.android.alarmclock.ActivityAlarmSettings"]}, {"69e90620a54a329a9f81217b12696c36": ["11", "com.angrydoughnuts.android.alarmclock.ActivityAlarmSettings"]}, {"9536d8c8a881da2290f8d97197f85545": ["4", "com.angrydoughnuts.android.alarmclock.ActivityAlarmSettings"]}, {"ad7b8f6b72275cbeeae561082f02fe3f": ["28", "com.angrydoughnuts.android.alarmclock.ActivityAlarmClock"]}, {"9536d8c8a881da2290f8d97197f85545": ["4", "com.angrydoughnuts.android.alarmclock.ActivityAlarmSettings"]}, {"d68ba6b948db9120966fc73cc656b250": ["8", "com.angrydoughnuts.android.alarmclock.ActivityAlarmSettings"]}, {"d68ba6b948db9120966fc73cc656b250": ["8", "com.angrydoughnuts.android.alarmclock.ActivityAlarmSettings"]}, {"d68ba6b948db9120966fc73cc656b250": ["8", "com.angrydoughnuts.android.alarmclock.ActivityAlarmSettings"]}, {"d68ba6b948db9120966fc73cc656b250": ["8", "com.angrydoughnuts.android.alarmclock.ActivityAlarmSettings"]}, {"ec0de0b5db976a5fafc9d13f72933604": ["15", "com.angrydoughnuts.android.alarmclock.ActivityAlarmSettings"]}, {"9536d8c8a881da2290f8d97197f85545": ["4", "com.angrydoughnuts.android.alarmclock.ActivityAlarmSettings"]}, {"69e90620a54a329a9f81217b12696c36": ["11", "com.angrydoughnuts.android.alarmclock.ActivityAlarmSettings"]}, {"9536d8c8a881da2290f8d97197f85545": ["4", "com.angrydoughnuts.android.alarmclock.ActivityAlarmSettings"]}, {"69e90620a54a329a9f81217b12696c36": ["11", "com.angrydoughnuts.android.alarmclock.ActivityAlarmSettings"]}, {"9536d8c8a881da2290f8d97197f85545": ["4", "com.angrydoughnuts.android.alarmclock.ActivityAlarmSettings"]}, {"fccec21af591d945ee8b7c04ab989b2c": ["5", "com.angrydoughnuts.android.alarmclock.ActivityAlarmSettings"]}, {"b4a83719893ab08663615e2d5ce2aad0": ["25", "com.angrydoughnuts.android.alarmclock.ActivityAlarmClock"]}, {"9536d8c8a881da2290f8d97197f85545": ["4", "com.angrydoughnuts.android.alarmclock.ActivityAlarmSettings"]}, {"c2dd817cedeb6c2e71dc51118a784898": ["12", "com.angrydoughnuts.android.alarmclock.ActivityAlarmSettings"]}, {"9536d8c8a881da2290f8d97197f85545": ["4", "com.angrydoughnuts.android.alarmclock.ActivityAlarmSettings"]}, {"d68ba6b948db9120966fc73cc656b250": ["8", "com.angrydoughnuts.android.alarmclock.ActivityAlarmSettings"]}, {"d68ba6b948db9120966fc73cc656b250": ["8", "com.angrydoughnuts.android.alarmclock.ActivityAlarmSettings"]}, {"d68ba6b948db9120966fc73cc656b250": ["8", "com.angrydoughnuts.android.alarmclock.ActivityAlarmSettings"]}, {"d68ba6b948db9120966fc73cc656b250": ["8", "com.angrydoughnuts.android.alarmclock.ActivityAlarmSettings"]}, {"d68ba6b948db9120966fc73cc656b250": ["8", "com.angrydoughnuts.android.alarmclock.ActivityAlarmSettings"]}, {"d68ba6b948db9120966fc73cc656b250": ["8", "com.angrydoughnuts.android.alarmclock.ActivityAlarmSettings"]}, {"d68ba6b948db9120966fc73cc656b250": ["8", "com.angrydoughnuts.android.alarmclock.ActivityAlarmSettings"]}, {"d68ba6b948db9120966fc73cc656b250": ["8", "com.angrydoughnuts.android.alarmclock.ActivityAlarmSettings"]}, {"d68ba6b948db9120966fc73cc656b250": ["8", "com.angrydoughnuts.android.alarmclock.ActivityAlarmSettings"]}, {"5b945e351263755cc777d5a4d8eb7c13": ["14", "com.angrydoughnuts.android.alarmclock.ActivityAlarmSettings"]}, {"5b945e351263755cc777d5a4d8eb7c13": ["14", "com.angrydoughnuts.android.alarmclock.ActivityAlarmSettings"]}, {"ec0de0b5db976a5fafc9d13f72933604": ["15", "com.angrydoughnuts.android.alarmclock.ActivityAlarmSettings"]}, {"9536d8c8a881da2290f8d97197f85545": ["4", "com.angrydoughnuts.android.alarmclock.ActivityAlarmSettings"]}, {"69e90620a54a329a9f81217b12696c36": ["11", "com.angrydoughnuts.android.alarmclock.ActivityAlarmSettings"]}, {"9536d8c8a881da2290f8d97197f85545": ["4", "com.angrydoughnuts.android.alarmclock.ActivityAlarmSettings"]}, {"ec0de0b5db976a5fafc9d13f72933604": ["15", "com.angrydoughnuts.android.alarmclock.ActivityAlarmSettings"]}, {"9536d8c8a881da2290f8d97197f85545": ["4", "com.angrydoughnuts.android.alarmclock.ActivityAlarmSettings"]}, {"8de32c49fbe9b6a090ebb54c7562d23f": ["13", "com.angrydoughnuts.android.alarmclock.ActivityAlarmSettings"]}, {"8de32c49fbe9b6a090ebb54c7562d23f": ["13", "com.angrydoughnuts.android.alarmclock.ActivityAlarmSettings"]}, {"8de32c49fbe9b6a090ebb54c7562d23f": ["13", "com.angrydoughnuts.android.alarmclock.ActivityAlarmSettings"]}, {"8de32c49fbe9b6a090ebb54c7562d23f": ["13", "com.angrydoughnuts.android.alarmclock.ActivityAlarmSettings"]}, {"8de32c49fbe9b6a090ebb54c7562d23f": ["13", "com.angrydoughnuts.android.alarmclock.ActivityAlarmSettings"]}, {"8de32c49fbe9b6a090ebb54c7562d23f": ["13", "com.angrydoughnuts.android.alarmclock.ActivityAlarmSettings"]}, {"8de32c49fbe9b6a090ebb54c7562d23f": ["13", "com.angrydoughnuts.android.alarmclock.ActivityAlarmSettings"]}, {"8de32c49fbe9b6a090ebb54c7562d23f": ["13", "com.angrydoughnuts.android.alarmclock.ActivityAlarmSettings"]}, {"8de32c49fbe9b6a090ebb54c7562d23f": ["13", "com.angrydoughnuts.android.alarmclock.ActivityAlarmSettings"]}, {"8de32c49fbe9b6a090ebb54c7562d23f": ["13", "com.angrydoughnuts.android.alarmclock.ActivityAlarmSettings"]}, {"8de32c49fbe9b6a090ebb54c7562d23f": ["13", "com.angrydoughnuts.android.alarmclock.ActivityAlarmSettings"]}, {"8de32c49fbe9b6a090ebb54c7562d23f": ["13", "com.angrydoughnuts.android.alarmclock.ActivityAlarmSettings"]}, {"8de32c49fbe9b6a090ebb54c7562d23f": ["13", "com.angrydoughnuts.android.alarmclock.ActivityAlarmSettings"]}, {"8de32c49fbe9b6a090ebb54c7562d23f": ["13", "com.angrydoughnuts.android.alarmclock.ActivityAlarmSettings"]}, {"8de32c49fbe9b6a090ebb54c7562d23f": ["13", "com.angrydoughnuts.android.alarmclock.ActivityAlarmSettings"]}, {"8de32c49fbe9b6a090ebb54c7562d23f": ["13", "com.angrydoughnuts.android.alarmclock.ActivityAlarmSettings"]}, {"8de32c49fbe9b6a090ebb54c7562d23f": ["13", "com.angrydoughnuts.android.alarmclock.ActivityAlarmSettings"]}, {"8de32c49fbe9b6a090ebb54c7562d23f": ["13", "com.angrydoughnuts.android.alarmclock.ActivityAlarmSettings"]}, {"8de32c49fbe9b6a090ebb54c7562d23f": ["13", "com.angrydoughnuts.android.alarmclock.ActivityAlarmSettings"]}, {"8de32c49fbe9b6a090ebb54c7562d23f": ["13", "com.angrydoughnuts.android.alarmclock.ActivityAlarmSettings"]}, {"8de32c49fbe9b6a090ebb54c7562d23f": ["13", "com.angrydoughnuts.android.alarmclock.ActivityAlarmSettings"]}, {"8de32c49fbe9b6a090ebb54c7562d23f": ["13", "com.angrydoughnuts.android.alarmclock.ActivityAlarmSettings"]}, {"8de32c49fbe9b6a090ebb54c7562d23f": ["13", "com.angrydoughnuts.android.alarmclock.ActivityAlarmSettings"]}, {"8de32c49fbe9b6a090ebb54c7562d23f": ["13", "com.angrydoughnuts.android.alarmclock.ActivityAlarmSettings"]}, {"8de32c49fbe9b6a090ebb54c7562d23f": ["13", "com.angrydoughnuts.android.alarmclock.ActivityAlarmSettings"]}, {"8de32c49fbe9b6a090ebb54c7562d23f": ["13", "com.angrydoughnuts.android.alarmclock.ActivityAlarmSettings"]}, {"8de32c49fbe9b6a090ebb54c7562d23f": ["13", "com.angrydoughnuts.android.alarmclock.ActivityAlarmSettings"]}, {"8de32c49fbe9b6a090ebb54c7562d23f": ["13", "com.angrydoughnuts.android.alarmclock.ActivityAlarmSettings"]}, {"8de32c49fbe9b6a090ebb54c7562d23f": ["13", "com.angrydoughnuts.android.alarmclock.ActivityAlarmSettings"]}, {"8de32c49fbe9b6a090ebb54c7562d23f": ["13", "com.angrydoughnuts.android.alarmclock.ActivityAlarmSettings"]}, {"8de32c49fbe9b6a090ebb54c7562d23f": ["13", "com.angrydoughnuts.android.alarmclock.ActivityAlarmSettings"]}, {"8de32c49fbe9b6a090ebb54c7562d23f": ["13", "com.angrydoughnuts.android.alarmclock.ActivityAlarmSettings"]}, {"8de32c49fbe9b6a090ebb54c7562d23f": ["13", "com.angrydoughnuts.android.alarmclock.ActivityAlarmSettings"]}, {"8de32c49fbe9b6a090ebb54c7562d23f": ["13", "com.angrydoughnuts.android.alarmclock.ActivityAlarmSettings"]}, {"8de32c49fbe9b6a090ebb54c7562d23f": ["13", "com.angrydoughnuts.android.alarmclock.ActivityAlarmSettings"]}, {"9536d8c8a881da2290f8d97197f85545": ["4", "com.angrydoughnuts.android.alarmclock.ActivityAlarmSettings"]}, {"59052d82c691760d5ecc3f86aeb6e21c": ["7", "com.angrydoughnuts.android.alarmclock.ActivityAlarmSettings"]}, {"9536d8c8a881da2290f8d97197f85545": ["4", "com.angrydoughnuts.android.alarmclock.ActivityAlarmSettings"]}, {"8de32c49fbe9b6a090ebb54c7562d23f": ["13", "com.angrydoughnuts.android.alarmclock.ActivityAlarmSettings"]}, {"8de32c49fbe9b6a090ebb54c7562d23f": ["13", "com.angrydoughnuts.android.alarmclock.ActivityAlarmSettings"]}, {"8de32c49fbe9b6a090ebb54c7562d23f": ["13", "com.angrydoughnuts.android.alarmclock.ActivityAlarmSettings"]}, {"8de32c49fbe9b6a090ebb54c7562d23f": ["13", "com.angrydoughnuts.android.alarmclock.ActivityAlarmSettings"]}, {"8de32c49fbe9b6a090ebb54c7562d23f": ["13", "com.angrydoughnuts.android.alarmclock.ActivityAlarmSettings"]}, {"8de32c49fbe9b6a090ebb54c7562d23f": ["13", "com.angrydoughnuts.android.alarmclock.ActivityAlarmSettings"]}, {"8de32c49fbe9b6a090ebb54c7562d23f": ["13", "com.angrydoughnuts.android.alarmclock.ActivityAlarmSettings"]}, {"8de32c49fbe9b6a090ebb54c7562d23f": ["13", "com.angrydoughnuts.android.alarmclock.ActivityAlarmSettings"]}, {"8de32c49fbe9b6a090ebb54c7562d23f": ["13", "com.angrydoughnuts.android.alarmclock.ActivityAlarmSettings"]}, {"8de32c49fbe9b6a090ebb54c7562d23f": ["13", "com.angrydoughnuts.android.alarmclock.ActivityAlarmSettings"]}, {"8de32c49fbe9b6a090ebb54c7562d23f": ["13", "com.angrydoughnuts.android.alarmclock.ActivityAlarmSettings"]}, {"8de32c49fbe9b6a090ebb54c7562d23f": ["13", "com.angrydoughnuts.android.alarmclock.ActivityAlarmSettings"]}, {"8de32c49fbe9b6a090ebb54c7562d23f": ["13", "com.angrydoughnuts.android.alarmclock.ActivityAlarmSettings"]}, {"8de32c49fbe9b6a090ebb54c7562d23f": ["13", "com.angrydoughnuts.android.alarmclock.ActivityAlarmSettings"]}, {"8de32c49fbe9b6a090ebb54c7562d23f": ["13", "com.angrydoughnuts.android.alarmclock.ActivityAlarmSettings"]}, {"8de32c49fbe9b6a090ebb54c7562d23f": ["13", "com.angrydoughnuts.android.alarmclock.ActivityAlarmSettings"]}, {"8de32c49fbe9b6a090ebb54c7562d23f": ["13", "com.angrydoughnuts.android.alarmclock.ActivityAlarmSettings"]}, {"8de32c49fbe9b6a090ebb54c7562d23f": ["13", "com.angrydoughnuts.android.alarmclock.ActivityAlarmSettings"]}, {"8de32c49fbe9b6a090ebb54c7562d23f": ["13", "com.angrydoughnuts.android.alarmclock.ActivityAlarmSettings"]}, {"8de32c49fbe9b6a090ebb54c7562d23f": ["13", "com.angrydoughnuts.android.alarmclock.ActivityAlarmSettings"]}, {"8de32c49fbe9b6a090ebb54c7562d23f": ["13", "com.angrydoughnuts.android.alarmclock.ActivityAlarmSettings"]}, {"8de32c49fbe9b6a090ebb54c7562d23f": ["13", "com.angrydoughnuts.android.alarmclock.ActivityAlarmSettings"]}, {"8de32c49fbe9b6a090ebb54c7562d23f": ["13", "com.angrydoughnuts.android.alarmclock.ActivityAlarmSettings"]}, {"8de32c49fbe9b6a090ebb54c7562d23f": ["13", "com.angrydoughnuts.android.alarmclock.ActivityAlarmSettings"]}, {"8de32c49fbe9b6a090ebb54c7562d23f": ["13", "com.angrydoughnuts.android.alarmclock.ActivityAlarmSettings"]}, {"8de32c49fbe9b6a090ebb54c7562d23f": ["13", "com.angrydoughnuts.android.alarmclock.ActivityAlarmSettings"]}, {"8de32c49fbe9b6a090ebb54c7562d23f": ["13", "com.angrydoughnuts.android.alarmclock.ActivityAlarmSettings"]}, {"8de32c49fbe9b6a090ebb54c7562d23f": ["13", "com.angrydoughnuts.android.alarmclock.ActivityAlarmSettings"]}, {"8de32c49fbe9b6a090ebb54c7562d23f": ["13", "com.angrydoughnuts.android.alarmclock.ActivityAlarmSettings"]}, {"8de32c49fbe9b6a090ebb54c7562d23f": ["13", "com.angrydoughnuts.android.alarmclock.ActivityAlarmSettings"]}, {"8de32c49fbe9b6a090ebb54c7562d23f": ["13", "com.angrydoughnuts.android.alarmclock.ActivityAlarmSettings"]}, {"8de32c49fbe9b6a090ebb54c7562d23f": ["13", "com.angrydoughnuts.android.alarmclock.ActivityAlarmSettings"]}, {"8de32c49fbe9b6a090ebb54c7562d23f": ["13", "com.angrydoughnuts.android.alarmclock.ActivityAlarmSettings"]}, {"9536d8c8a881da2290f8d97197f85545": ["4", "com.angrydoughnuts.android.alarmclock.ActivityAlarmSettings"]}, {"b4a83719893ab08663615e2d5ce2aad0": ["25", "com.angrydoughnuts.android.alarmclock.ActivityAlarmClock"]}, {"ad7b8f6b72275cbeeae561082f02fe3f": ["28", "com.angrydoughnuts.android.alarmclock.ActivityAlarmClock"]}, {"ad7b8f6b72275cbeeae561082f02fe3f": ["28", "com.angrydoughnuts.android.alarmclock.ActivityAlarmClock"]}, {"9536d8c8a881da2290f8d97197f85545": ["4", "com.angrydoughnuts.android.alarmclock.ActivityAlarmSettings"]}, {"a44e5d73fa620437fd90f2cafa502d89": ["2", "com.angrydoughnuts.android.alarmclock.ActivityAlarmNotification"]}, {"a44e5d73fa620437fd90f2cafa502d89": ["2", "com.angrydoughnuts.android.alarmclock.ActivityAlarmNotification"]}, {"a44e5d73fa620437fd90f2cafa502d89": ["2", "com.angrydoughnuts.android.alarmclock.ActivityAlarmNotification"]}, {"a44e5d73fa620437fd90f2cafa502d89": ["2", "com.angrydoughnuts.android.alarmclock.ActivityAlarmNotification"]}, {"a44e5d73fa620437fd90f2cafa502d89": ["2", "com.angrydoughnuts.android.alarmclock.ActivityAlarmNotification"]}, {"a44e5d73fa620437fd90f2cafa502d89": ["2", "com.angrydoughnuts.android.alarmclock.ActivityAlarmNotification"]}, {"ad7b8f6b72275cbeeae561082f02fe3f": ["28", "com.angrydoughnuts.android.alarmclock.ActivityAlarmClock"]}, {"9536d8c8a881da2290f8d97197f85545": ["4", "com.angrydoughnuts.android.alarmclock.ActivityAlarmSettings"]}, {"9536d8c8a881da2290f8d97197f85545": ["4", "com.angrydoughnuts.android.alarmclock.ActivityAlarmSettings"]}, {"9536d8c8a881da2290f8d97197f85545": ["4", "com.angrydoughnuts.android.alarmclock.ActivityAlarmSettings"]}, {"d68ba6b948db9120966fc73cc656b250": ["8", "com.angrydoughnuts.android.alarmclock.ActivityAlarmSettings"]}, {"d68ba6b948db9120966fc73cc656b250": ["8", "com.angrydoughnuts.android.alarmclock.ActivityAlarmSettings"]}, {"ec0de0b5db976a5fafc9d13f72933604": ["15", "com.angrydoughnuts.android.alarmclock.ActivityAlarmSettings"]}, {"ad7b8f6b72275cbeeae561082f02fe3f": ["28", "com.angrydoughnuts.android.alarmclock.ActivityAlarmClock"]}, {"9536d8c8a881da2290f8d97197f85545": ["4", "com.angrydoughnuts.android.alarmclock.ActivityAlarmSettings"]}, {"59052d82c691760d5ecc3f86aeb6e21c": ["7", "com.angrydoughnuts.android.alarmclock.ActivityAlarmSettings"]}, {"9536d8c8a881da2290f8d97197f85545": ["4", "com.angrydoughnuts.android.alarmclock.ActivityAlarmSettings"]}, {"c2dd817cedeb6c2e71dc51118a784898": ["12", "com.angrydoughnuts.android.alarmclock.ActivityAlarmSettings"]}, {"9536d8c8a881da2290f8d97197f85545": ["4", "com.angrydoughnuts.android.alarmclock.ActivityAlarmSettings"]}, {"59052d82c691760d5ecc3f86aeb6e21c": ["7", "com.angrydoughnuts.android.alarmclock.ActivityAlarmSettings"]}, {"9536d8c8a881da2290f8d97197f85545": ["4", "com.angrydoughnuts.android.alarmclock.ActivityAlarmSettings"]}, {"9536d8c8a881da2290f8d97197f85545": ["4", "com.angrydoughnuts.android.alarmclock.ActivityAlarmSettings"]}, {"ad7b8f6b72275cbeeae561082f02fe3f": ["28", "com.angrydoughnuts.android.alarmclock.ActivityAlarmClock"]}, {"ad7b8f6b72275cbeeae561082f02fe3f": ["28", "com.angrydoughnuts.android.alarmclock.ActivityAlarmClock"]}, {"ad7b8f6b72275cbeeae561082f02fe3f": ["28", "com.angrydoughnuts.android.alarmclock.ActivityAlarmClock"]}, {"9536d8c8a881da2290f8d97197f85545": ["4", "com.angrydoughnuts.android.alarmclock.ActivityAlarmSettings"]}, {"59052d82c691760d5ecc3f86aeb6e21c": ["7", "com.angrydoughnuts.android.alarmclock.ActivityAlarmSettings"]}, {"9536d8c8a881da2290f8d97197f85545": ["4", "com.angrydoughnuts.android.alarmclock.ActivityAlarmSettings"]}, {"59052d82c691760d5ecc3f86aeb6e21c": ["7", "com.angrydoughnuts.android.alarmclock.ActivityAlarmSettings"]}, {"9536d8c8a881da2290f8d97197f85545": ["4", "com.angrydoughnuts.android.alarmclock.ActivityAlarmSettings"]}, {"8de32c49fbe9b6a090ebb54c7562d23f": ["13", "com.angrydoughnuts.android.alarmclock.ActivityAlarmSettings"]}, {"8de32c49fbe9b6a090ebb54c7562d23f": ["13", "com.angrydoughnuts.android.alarmclock.ActivityAlarmSettings"]}, {"8de32c49fbe9b6a090ebb54c7562d23f": ["13", "com.angrydoughnuts.android.alarmclock.ActivityAlarmSettings"]}, {"8de32c49fbe9b6a090ebb54c7562d23f": ["13", "com.angrydoughnuts.android.alarmclock.ActivityAlarmSettings"]}, {"8de32c49fbe9b6a090ebb54c7562d23f": ["13", "com.angrydoughnuts.android.alarmclock.ActivityAlarmSettings"]}, {"8de32c49fbe9b6a090ebb54c7562d23f": ["13", "com.angrydoughnuts.android.alarmclock.ActivityAlarmSettings"]}, {"8de32c49fbe9b6a090ebb54c7562d23f": ["13", "com.angrydoughnuts.android.alarmclock.ActivityAlarmSettings"]}, {"8de32c49fbe9b6a090ebb54c7562d23f": ["13", "com.angrydoughnuts.android.alarmclock.ActivityAlarmSettings"]}, {"ad7b8f6b72275cbeeae561082f02fe3f": ["28", "com.angrydoughnuts.android.alarmclock.ActivityAlarmClock"]}, {"ad7b8f6b72275cbeeae561082f02fe3f": ["28", "com.angrydoughnuts.android.alarmclock.ActivityAlarmClock"]}, {"9536d8c8a881da2290f8d97197f85545": ["4", "com.angrydoughnuts.android.alarmclock.ActivityAlarmSettings"]}, {"59052d82c691760d5ecc3f86aeb6e21c": ["7", "com.angrydoughnuts.android.alarmclock.ActivityAlarmSettings"]}, {"9536d8c8a881da2290f8d97197f85545": ["4", "com.angrydoughnuts.android.alarmclock.ActivityAlarmSettings"]}, {"69e90620a54a329a9f81217b12696c36": ["11", "com.angrydoughnuts.android.alarmclock.ActivityAlarmSettings"]}, {"9536d8c8a881da2290f8d97197f85545": ["4", "com.angrydoughnuts.android.alarmclock.ActivityAlarmSettings"]}, {"ad7b8f6b72275cbeeae561082f02fe3f": ["28", "com.angrydoughnuts.android.alarmclock.ActivityAlarmClock"]}, {"ad7b8f6b72275cbeeae561082f02fe3f": ["28", "com.angrydoughnuts.android.alarmclock.ActivityAlarmClock"]}, {"9536d8c8a881da2290f8d97197f85545": ["4", "com.angrydoughnuts.android.alarmclock.ActivityAlarmSettings"]}, {"9536d8c8a881da2290f8d97197f85545": ["4", "com.angrydoughnuts.android.alarmclock.ActivityAlarmSettings"]}, {"c2dd817cedeb6c2e71dc51118a784898": ["12", "com.angrydoughnuts.android.alarmclock.ActivityAlarmSettings"]}, {"c2dd817cedeb6c2e71dc51118a784898": ["12", "com.angrydoughnuts.android.alarmclock.ActivityAlarmSettings"]}, {"c2dd817cedeb6c2e71dc51118a784898": ["12", "com.angrydoughnuts.android.alarmclock.ActivityAlarmSettings"]}, {"c2dd817cedeb6c2e71dc51118a784898": ["12", "com.angrydoughnuts.android.alarmclock.ActivityAlarmSettings"]}, {"c2dd817cedeb6c2e71dc51118a784898": ["12", "com.angrydoughnuts.android.alarmclock.ActivityAlarmSettings"]}, {"c2dd817cedeb6c2e71dc51118a784898": ["12", "com.angrydoughnuts.android.alarmclock.ActivityAlarmSettings"]}, {"c2dd817cedeb6c2e71dc51118a784898": ["12", "com.angrydoughnuts.android.alarmclock.ActivityAlarmSettings"]}, {"c2dd817cedeb6c2e71dc51118a784898": ["12", "com.angrydoughnuts.android.alarmclock.ActivityAlarmSettings"]}, {"c2dd817cedeb6c2e71dc51118a784898": ["12", "com.angrydoughnuts.android.alarmclock.ActivityAlarmSettings"]}, {"c2dd817cedeb6c2e71dc51118a784898": ["12", "com.angrydoughnuts.android.alarmclock.ActivityAlarmSettings"]}, {"9536d8c8a881da2290f8d97197f85545": ["4", "com.angrydoughnuts.android.alarmclock.ActivityAlarmSettings"]}, {"9536d8c8a881da2290f8d97197f85545": ["4", "com.angrydoughnuts.android.alarmclock.ActivityAlarmSettings"]}, {"ad7b8f6b72275cbeeae561082f02fe3f": ["28", "com.angrydoughnuts.android.alarmclock.ActivityAlarmClock"]}, {"ad7b8f6b72275cbeeae561082f02fe3f": ["28", "com.angrydoughnuts.android.alarmclock.ActivityAlarmClock"]}, {"ad7b8f6b72275cbeeae561082f02fe3f": ["28", "com.angrydoughnuts.android.alarmclock.ActivityAlarmClock"]}, {"9536d8c8a881da2290f8d97197f85545": ["4", "com.angrydoughnuts.android.alarmclock.ActivityAlarmSettings"]}, {"69e90620a54a329a9f81217b12696c36": ["11", "com.angrydoughnuts.android.alarmclock.ActivityAlarmSettings"]}, {"9536d8c8a881da2290f8d97197f85545": ["4", "com.angrydoughnuts.android.alarmclock.ActivityAlarmSettings"]}, {"69e90620a54a329a9f81217b12696c36": ["11", "com.angrydoughnuts.android.alarmclock.ActivityAlarmSettings"]}, {"9536d8c8a881da2290f8d97197f85545": ["4", "com.angrydoughnuts.android.alarmclock.ActivityAlarmSettings"]}, {"fccec21af591d945ee8b7c04ab989b2c": ["5", "com.angrydoughnuts.android.alarmclock.ActivityAlarmSettings"]}, {"9536d8c8a881da2290f8d97197f85545": ["4", "com.angrydoughnuts.android.alarmclock.ActivityAlarmSettings"]}, {"ad7b8f6b72275cbeeae561082f02fe3f": ["28", "com.angrydoughnuts.android.alarmclock.ActivityAlarmClock"]}, {"ad7b8f6b72275cbeeae561082f02fe3f": ["28", "com.angrydoughnuts.android.alarmclock.ActivityAlarmClock"]}, {"9536d8c8a881da2290f8d97197f85545": ["4", "com.angrydoughnuts.android.alarmclock.ActivityAlarmSettings"]}, {"d68ba6b948db9120966fc73cc656b250": ["8", "com.angrydoughnuts.android.alarmclock.ActivityAlarmSettings"]}, {"d68ba6b948db9120966fc73cc656b250": ["8", "com.angrydoughnuts.android.alarmclock.ActivityAlarmSettings"]}, {"d68ba6b948db9120966fc73cc656b250": ["8", "com.angrydoughnuts.android.alarmclock.ActivityAlarmSettings"]}, {"5b945e351263755cc777d5a4d8eb7c13": ["14", "com.angrydoughnuts.android.alarmclock.ActivityAlarmSettings"]}, {"ec0de0b5db976a5fafc9d13f72933604": ["15", "com.angrydoughnuts.android.alarmclock.ActivityAlarmSettings"]}, {"9536d8c8a881da2290f8d97197f85545": ["4", "com.angrydoughnuts.android.alarmclock.ActivityAlarmSettings"]}, {"9536d8c8a881da2290f8d97197f85545": ["4", "com.angrydoughnuts.android.alarmclock.ActivityAlarmSettings"]}, {"9536d8c8a881da2290f8d97197f85545": ["4", "com.angrydoughnuts.android.alarmclock.ActivityAlarmSettings"]}, {"ec0de0b5db976a5fafc9d13f72933604": ["15", "com.angrydoughnuts.android.alarmclock.ActivityAlarmSettings"]}, {"ad7b8f6b72275cbeeae561082f02fe3f": ["28", "com.angrydoughnuts.android.alarmclock.ActivityAlarmClock"]}, {"ad7b8f6b72275cbeeae561082f02fe3f": ["28", "com.angrydoughnuts.android.alarmclock.ActivityAlarmClock"]}, {"b8b7da4a3ac8f69498902be166d7b1ed": ["3", "com.angrydoughnuts.android.alarmclock.ActivityAlarmClock"]}, {"b8b7da4a3ac8f69498902be166d7b1ed": ["3", "com.angrydoughnuts.android.alarmclock.ActivityAlarmClock"]}, {"b8b7da4a3ac8f69498902be166d7b1ed": ["3", "com.angrydoughnuts.android.alarmclock.ActivityAlarmClock"]}, {"b8b7da4a3ac8f69498902be166d7b1ed": ["3", "com.angrydoughnuts.android.alarmclock.ActivityAlarmClock"]}, {"b8b7da4a3ac8f69498902be166d7b1ed": ["3", "com.angrydoughnuts.android.alarmclock.ActivityAlarmClock"]}, {"b8b7da4a3ac8f69498902be166d7b1ed": ["3", "com.angrydoughnuts.android.alarmclock.ActivityAlarmClock"]}, {"b8b7da4a3ac8f69498902be166d7b1ed": ["3", "com.angrydoughnuts.android.alarmclock.ActivityAlarmClock"]}, {"b8b7da4a3ac8f69498902be166d7b1ed": ["3", "com.angrydoughnuts.android.alarmclock.ActivityAlarmClock"]}, {"b8b7da4a3ac8f69498902be166d7b1ed": ["3", "com.angrydoughnuts.android.alarmclock.ActivityAlarmClock"]}, {"ad7b8f6b72275cbeeae561082f02fe3f": ["28", "com.angrydoughnuts.android.alarmclock.ActivityAlarmClock"]}, {"ad7b8f6b72275cbeeae561082f02fe3f": ["28", "com.angrydoughnuts.android.alarmclock.ActivityAlarmClock"]}, {"ad7b8f6b72275cbeeae561082f02fe3f": ["28", "com.angrydoughnuts.android.alarmclock.ActivityAlarmClock"]}, {"9536d8c8a881da2290f8d97197f85545": ["4", "com.angrydoughnuts.android.alarmclock.ActivityAlarmSettings"]}, {"9536d8c8a881da2290f8d97197f85545": ["4", "com.angrydoughnuts.android.alarmclock.ActivityAlarmSettings"]}, {"ad7b8f6b72275cbeeae561082f02fe3f": ["28", "com.angrydoughnuts.android.alarmclock.ActivityAlarmClock"]}, {"9536d8c8a881da2290f8d97197f85545": ["4", "com.angrydoughnuts.android.alarmclock.ActivityAlarmSettings"]}, {"8de32c49fbe9b6a090ebb54c7562d23f": ["13", "com.angrydoughnuts.android.alarmclock.ActivityAlarmSettings"]}, {"8de32c49fbe9b6a090ebb54c7562d23f": ["13", "com.angrydoughnuts.android.alarmclock.ActivityAlarmSettings"]}, {"8de32c49fbe9b6a090ebb54c7562d23f": ["13", "com.angrydoughnuts.android.alarmclock.ActivityAlarmSettings"]}, {"8de32c49fbe9b6a090ebb54c7562d23f": ["13", "com.angrydoughnuts.android.alarmclock.ActivityAlarmSettings"]}, {"8de32c49fbe9b6a090ebb54c7562d23f": ["13", "com.angrydoughnuts.android.alarmclock.ActivityAlarmSettings"]}, {"8de32c49fbe9b6a090ebb54c7562d23f": ["13", "com.angrydoughnuts.android.alarmclock.ActivityAlarmSettings"]}, {"9536d8c8a881da2290f8d97197f85545": ["4", "com.angrydoughnuts.android.alarmclock.ActivityAlarmSettings"]}, {"ad7b8f6b72275cbeeae561082f02fe3f": ["28", "com.angrydoughnuts.android.alarmclock.ActivityAlarmClock"]}, {"ad7b8f6b72275cbeeae561082f02fe3f": ["28", "com.angrydoughnuts.android.alarmclock.ActivityAlarmClock"]}, {"ad7b8f6b72275cbeeae561082f02fe3f": ["28", "com.angrydoughnuts.android.alarmclock.ActivityAlarmClock"]}, {"9536d8c8a881da2290f8d97197f85545": ["4", "com.angrydoughnuts.android.alarmclock.ActivityAlarmSettings"]}, {"9536d8c8a881da2290f8d97197f85545": ["4", "com.angrydoughnuts.android.alarmclock.ActivityAlarmSettings"]}, {"d68ba6b948db9120966fc73cc656b250": ["8", "com.angrydoughnuts.android.alarmclock.ActivityAlarmSettings"]}, {"d68ba6b948db9120966fc73cc656b250": ["8", "com.angrydoughnuts.android.alarmclock.ActivityAlarmSettings"]}, {"d68ba6b948db9120966fc73cc656b250": ["8", "com.angrydoughnuts.android.alarmclock.ActivityAlarmSettings"]}, {"d68ba6b948db9120966fc73cc656b250": ["8", "com.angrydoughnuts.android.alarmclock.ActivityAlarmSettings"]}, {"d68ba6b948db9120966fc73cc656b250": ["8", "com.angrydoughnuts.android.alarmclock.ActivityAlarmSettings"]}, {"d68ba6b948db9120966fc73cc656b250": ["8", "com.angrydoughnuts.android.alarmclock.ActivityAlarmSettings"]}, {"d68ba6b948db9120966fc73cc656b250": ["8", "com.angrydoughnuts.android.alarmclock.ActivityAlarmSettings"]}, {"d68ba6b948db9120966fc73cc656b250": ["8", "com.angrydoughnuts.android.alarmclock.ActivityAlarmSettings"]}, {"d68ba6b948db9120966fc73cc656b250": ["8", "com.angrydoughnuts.android.alarmclock.ActivityAlarmSettings"]}, {"d68ba6b948db9120966fc73cc656b250": ["8", "com.angrydoughnuts.android.alarmclock.ActivityAlarmSettings"]}, {"d68ba6b948db9120966fc73cc656b250": ["8", "com.angrydoughnuts.android.alarmclock.ActivityAlarmSettings"]}, {"d68ba6b948db9120966fc73cc656b250": ["8", "com.angrydoughnuts.android.alarmclock.ActivityAlarmSettings"]}, {"d68ba6b948db9120966fc73cc656b250": ["8", "com.angrydoughnuts.android.alarmclock.ActivityAlarmSettings"]}, {"d68ba6b948db9120966fc73cc656b250": ["8", "com.angrydoughnuts.android.alarmclock.ActivityAlarmSettings"]}, {"d68ba6b948db9120966fc73cc656b250": ["8", "com.angrydoughnuts.android.alarmclock.ActivityAlarmSettings"]}, {"d68ba6b948db9120966fc73cc656b250": ["8", "com.angrydoughnuts.android.alarmclock.ActivityAlarmSettings"]}, {"d68ba6b948db9120966fc73cc656b250": ["8", "com.angrydoughnuts.android.alarmclock.ActivityAlarmSettings"]}, {"d68ba6b948db9120966fc73cc656b250": ["8", "com.angrydoughnuts.android.alarmclock.ActivityAlarmSettings"]}, {"d68ba6b948db9120966fc73cc656b250": ["8", "com.angrydoughnuts.android.alarmclock.ActivityAlarmSettings"]}, {"d68ba6b948db9120966fc73cc656b250": ["8", "com.angrydoughnuts.android.alarmclock.ActivityAlarmSettings"]}, {"d68ba6b948db9120966fc73cc656b250": ["8", "com.angrydoughnuts.android.alarmclock.ActivityAlarmSettings"]}, {"d68ba6b948db9120966fc73cc656b250": ["8", "com.angrydoughnuts.android.alarmclock.ActivityAlarmSettings"]}, {"d68ba6b948db9120966fc73cc656b250": ["8", "com.angrydoughnuts.android.alarmclock.ActivityAlarmSettings"]}, {"d68ba6b948db9120966fc73cc656b250": ["8", "com.angrydoughnuts.android.alarmclock.ActivityAlarmSettings"]}, {"d68ba6b948db9120966fc73cc656b250": ["8", "com.angrydoughnuts.android.alarmclock.ActivityAlarmSettings"]}, {"ad7b8f6b72275cbeeae561082f02fe3f": ["28", "com.angrydoughnuts.android.alarmclock.ActivityAlarmClock"]}, {"ad7b8f6b72275cbeeae561082f02fe3f": ["28", "com.angrydoughnuts.android.alarmclock.ActivityAlarmClock"]}, {"ad7b8f6b72275cbeeae561082f02fe3f": ["28", "com.angrydoughnuts.android.alarmclock.ActivityAlarmClock"]}, {"ad7b8f6b72275cbeeae561082f02fe3f": ["28", "com.angrydoughnuts.android.alarmclock.ActivityAlarmClock"]}, {"ad7b8f6b72275cbeeae561082f02fe3f": ["28", "com.angrydoughnuts.android.alarmclock.ActivityAlarmClock"]}, {"ad7b8f6b72275cbeeae561082f02fe3f": ["28", "com.angrydoughnuts.android.alarmclock.ActivityAlarmClock"]}, {"ad7b8f6b72275cbeeae561082f02fe3f": ["28", "com.angrydoughnuts.android.alarmclock.ActivityAlarmClock"]}, {"ad7b8f6b72275cbeeae561082f02fe3f": ["28", "com.angrydoughnuts.android.alarmclock.ActivityAlarmClock"]}, {"ad7b8f6b72275cbeeae561082f02fe3f": ["28", "com.angrydoughnuts.android.alarmclock.ActivityAlarmClock"]}, {"9536d8c8a881da2290f8d97197f85545": ["4", "com.angrydoughnuts.android.alarmclock.ActivityAlarmSettings"]}, {"d68ba6b948db9120966fc73cc656b250": ["8", "com.angrydoughnuts.android.alarmclock.ActivityAlarmSettings"]}, {"9536d8c8a881da2290f8d97197f85545": ["4", "com.angrydoughnuts.android.alarmclock.ActivityAlarmSettings"]}, {"ad7b8f6b72275cbeeae561082f02fe3f": ["28", "com.angrydoughnuts.android.alarmclock.ActivityAlarmClock"]}, {"9536d8c8a881da2290f8d97197f85545": ["4", "com.angrydoughnuts.android.alarmclock.ActivityAlarmSettings"]}, {"ad7b8f6b72275cbeeae561082f02fe3f": ["28", "com.angrydoughnuts.android.alarmclock.ActivityAlarmClock"]}, {"ad7b8f6b72275cbeeae561082f02fe3f": ["28", "com.angrydoughnuts.android.alarmclock.ActivityAlarmClock"]}, {"ad7b8f6b72275cbeeae561082f02fe3f": ["28", "com.angrydoughnuts.android.alarmclock.ActivityAlarmClock"]}, {"9536d8c8a881da2290f8d97197f85545": ["4", "com.angrydoughnuts.android.alarmclock.ActivityAlarmSettings"]}, {"d68ba6b948db9120966fc73cc656b250": ["8", "com.angrydoughnuts.android.alarmclock.ActivityAlarmSettings"]}, {"d68ba6b948db9120966fc73cc656b250": ["8", "com.angrydoughnuts.android.alarmclock.ActivityAlarmSettings"]}, {"d68ba6b948db9120966fc73cc656b250": ["8", "com.angrydoughnuts.android.alarmclock.ActivityAlarmSettings"]}, {"d68ba6b948db9120966fc73cc656b250": ["8", "com.angrydoughnuts.android.alarmclock.ActivityAlarmSettings"]}, {"d68ba6b948db9120966fc73cc656b250": ["8", "com.angrydoughnuts.android.alarmclock.ActivityAlarmSettings"]}, {"d68ba6b948db9120966fc73cc656b250": ["8", "com.angrydoughnuts.android.alarmclock.ActivityAlarmSettings"]}, {"d68ba6b948db9120966fc73cc656b250": ["8", "com.angrydoughnuts.android.alarmclock.ActivityAlarmSettings"]}]