[{"44068eeea2b098c05345faabbce67d84": ["2", "com.irahul.worldclock.TimeZoneEdit"]}, {"853011f87a1b8fda2e68cef9ca149651": ["0", "com.irahul.worldclock.TimeZoneEdit"]}, {"853011f87a1b8fda2e68cef9ca149651": ["0", "com.irahul.worldclock.TimeZoneEdit"]}, {"853011f87a1b8fda2e68cef9ca149651": ["0", "com.irahul.worldclock.TimeZoneEdit"]}, {"853011f87a1b8fda2e68cef9ca149651": ["0", "com.irahul.worldclock.TimeZoneEdit"]}, {"535c1761f7271317d0dd7d89a8b3eb3c": ["14", "com.irahul.worldclock.WorldClockActivity"]}, {"76b4389741790f93f1ef12032415e727": ["15", "com.irahul.worldclock.TimeZoneEdit"]}, {"76b4389741790f93f1ef12032415e727": ["15", "com.irahul.worldclock.TimeZoneEdit"]}, {"76b4389741790f93f1ef12032415e727": ["15", "com.irahul.worldclock.TimeZoneEdit"]}, {"76b4389741790f93f1ef12032415e727": ["15", "com.irahul.worldclock.TimeZoneEdit"]}, {"44068eeea2b098c05345faabbce67d84": ["2", "com.irahul.worldclock.TimeZoneEdit"]}, {"853011f87a1b8fda2e68cef9ca149651": ["0", "com.irahul.worldclock.TimeZoneEdit"]}, {"853011f87a1b8fda2e68cef9ca149651": ["0", "com.irahul.worldclock.TimeZoneEdit"]}, {"58a1ce756ddd00777bace73e75e754d4": ["16", "com.irahul.worldclock.WorldClockActivity"]}, {"44068eeea2b098c05345faabbce67d84": ["2", "com.irahul.worldclock.TimeZoneEdit"]}, {"853011f87a1b8fda2e68cef9ca149651": ["0", "com.irahul.worldclock.TimeZoneEdit"]}, {"44068eeea2b098c05345faabbce67d84": ["2", "com.irahul.worldclock.TimeZoneEdit"]}, {"853011f87a1b8fda2e68cef9ca149651": ["0", "com.irahul.worldclock.TimeZoneEdit"]}, {"58a1ce756ddd00777bace73e75e754d4": ["16", "com.irahul.worldclock.WorldClockActivity"]}, {"44068eeea2b098c05345faabbce67d84": ["2", "com.irahul.worldclock.TimeZoneEdit"]}, {"853011f87a1b8fda2e68cef9ca149651": ["0", "com.irahul.worldclock.TimeZoneEdit"]}, {"853011f87a1b8fda2e68cef9ca149651": ["0", "com.irahul.worldclock.TimeZoneEdit"]}, {"ff47b7ad1c8b9bbaf2fdab88c8bc4976": ["3", "com.irahul.worldclock.WorldClockActivity"]}, {"44068eeea2b098c05345faabbce67d84": ["2", "com.irahul.worldclock.TimeZoneEdit"]}, {"853011f87a1b8fda2e68cef9ca149651": ["0", "com.irahul.worldclock.TimeZoneEdit"]}, {"853011f87a1b8fda2e68cef9ca149651": ["0", "com.irahul.worldclock.TimeZoneEdit"]}, {"cd29c5626667660e88c6b5a876cd12aa": ["19", "com.irahul.worldclock.WorldClockActivity"]}, {"44068eeea2b098c05345faabbce67d84": ["2", "com.irahul.worldclock.TimeZoneEdit"]}, {"853011f87a1b8fda2e68cef9ca149651": ["0", "com.irahul.worldclock.TimeZoneEdit"]}, {"cd29c5626667660e88c6b5a876cd12aa": ["19", "com.irahul.worldclock.WorldClockActivity"]}, {"44068eeea2b098c05345faabbce67d84": ["2", "com.irahul.worldclock.TimeZoneEdit"]}, {"853011f87a1b8fda2e68cef9ca149651": ["0", "com.irahul.worldclock.TimeZoneEdit"]}, {"44068eeea2b098c05345faabbce67d84": ["2", "com.irahul.worldclock.TimeZoneEdit"]}, {"853011f87a1b8fda2e68cef9ca149651": ["0", "com.irahul.worldclock.TimeZoneEdit"]}, {"853011f87a1b8fda2e68cef9ca149651": ["0", "com.irahul.worldclock.TimeZoneEdit"]}, {"853011f87a1b8fda2e68cef9ca149651": ["0", "com.irahul.worldclock.TimeZoneEdit"]}, {"44068eeea2b098c05345faabbce67d84": ["2", "com.irahul.worldclock.TimeZoneEdit"]}, {"44068eeea2b098c05345faabbce67d84": ["2", "com.irahul.worldclock.TimeZoneEdit"]}, {"44068eeea2b098c05345faabbce67d84": ["2", "com.irahul.worldclock.TimeZoneEdit"]}, {"76b4389741790f93f1ef12032415e727": ["15", "com.irahul.worldclock.TimeZoneEdit"]}, {"76b4389741790f93f1ef12032415e727": ["15", "com.irahul.worldclock.TimeZoneEdit"]}, {"853011f87a1b8fda2e68cef9ca149651": ["0", "com.irahul.worldclock.TimeZoneEdit"]}, {"853011f87a1b8fda2e68cef9ca149651": ["0", "com.irahul.worldclock.TimeZoneEdit"]}, {"853011f87a1b8fda2e68cef9ca149651": ["0", "com.irahul.worldclock.TimeZoneEdit"]}, {"cd29c5626667660e88c6b5a876cd12aa": ["19", "com.irahul.worldclock.WorldClockActivity"]}, {"76b4389741790f93f1ef12032415e727": ["15", "com.irahul.worldclock.TimeZoneEdit"]}, {"76b4389741790f93f1ef12032415e727": ["15", "com.irahul.worldclock.TimeZoneEdit"]}, {"76b4389741790f93f1ef12032415e727": ["15", "com.irahul.worldclock.TimeZoneEdit"]}, {"76b4389741790f93f1ef12032415e727": ["15", "com.irahul.worldclock.TimeZoneEdit"]}, {"76b4389741790f93f1ef12032415e727": ["15", "com.irahul.worldclock.TimeZoneEdit"]}, {"76b4389741790f93f1ef12032415e727": ["15", "com.irahul.worldclock.TimeZoneEdit"]}, {"cd29c5626667660e88c6b5a876cd12aa": ["19", "com.irahul.worldclock.WorldClockActivity"]}, {"44068eeea2b098c05345faabbce67d84": ["2", "com.irahul.worldclock.TimeZoneEdit"]}, {"853011f87a1b8fda2e68cef9ca149651": ["0", "com.irahul.worldclock.TimeZoneEdit"]}, {"44068eeea2b098c05345faabbce67d84": ["2", "com.irahul.worldclock.TimeZoneEdit"]}, {"853011f87a1b8fda2e68cef9ca149651": ["0", "com.irahul.worldclock.TimeZoneEdit"]}, {"cd29c5626667660e88c6b5a876cd12aa": ["19", "com.irahul.worldclock.WorldClockActivity"]}, {"44068eeea2b098c05345faabbce67d84": ["2", "com.irahul.worldclock.TimeZoneEdit"]}, {"44068eeea2b098c05345faabbce67d84": ["2", "com.irahul.worldclock.TimeZoneEdit"]}, {"853011f87a1b8fda2e68cef9ca149651": ["0", "com.irahul.worldclock.TimeZoneEdit"]}, {"cd29c5626667660e88c6b5a876cd12aa": ["19", "com.irahul.worldclock.WorldClockActivity"]}, {"76b4389741790f93f1ef12032415e727": ["15", "com.irahul.worldclock.TimeZoneEdit"]}, {"76b4389741790f93f1ef12032415e727": ["15", "com.irahul.worldclock.TimeZoneEdit"]}, {"76b4389741790f93f1ef12032415e727": ["15", "com.irahul.worldclock.TimeZoneEdit"]}, {"76b4389741790f93f1ef12032415e727": ["15", "com.irahul.worldclock.TimeZoneEdit"]}, {"853011f87a1b8fda2e68cef9ca149651": ["0", "com.irahul.worldclock.TimeZoneEdit"]}, {"853011f87a1b8fda2e68cef9ca149651": ["0", "com.irahul.worldclock.TimeZoneEdit"]}, {"853011f87a1b8fda2e68cef9ca149651": ["0", "com.irahul.worldclock.TimeZoneEdit"]}, {"853011f87a1b8fda2e68cef9ca149651": ["0", "com.irahul.worldclock.TimeZoneEdit"]}, {"853011f87a1b8fda2e68cef9ca149651": ["0", "com.irahul.worldclock.TimeZoneEdit"]}, {"853011f87a1b8fda2e68cef9ca149651": ["0", "com.irahul.worldclock.TimeZoneEdit"]}, {"853011f87a1b8fda2e68cef9ca149651": ["0", "com.irahul.worldclock.TimeZoneEdit"]}, {"853011f87a1b8fda2e68cef9ca149651": ["0", "com.irahul.worldclock.TimeZoneEdit"]}, {"853011f87a1b8fda2e68cef9ca149651": ["0", "com.irahul.worldclock.TimeZoneEdit"]}, {"76b4389741790f93f1ef12032415e727": ["15", "com.irahul.worldclock.TimeZoneEdit"]}, {"76b4389741790f93f1ef12032415e727": ["15", "com.irahul.worldclock.TimeZoneEdit"]}, {"76b4389741790f93f1ef12032415e727": ["15", "com.irahul.worldclock.TimeZoneEdit"]}, {"76b4389741790f93f1ef12032415e727": ["15", "com.irahul.worldclock.TimeZoneEdit"]}, {"76b4389741790f93f1ef12032415e727": ["15", "com.irahul.worldclock.TimeZoneEdit"]}, {"76b4389741790f93f1ef12032415e727": ["15", "com.irahul.worldclock.TimeZoneEdit"]}, {"a00b3ee4c6f9452607b9193dbd61d1d5": ["18", "com.irahul.worldclock.TimeZoneEdit"]}, {"76b4389741790f93f1ef12032415e727": ["15", "com.irahul.worldclock.TimeZoneEdit"]}, {"76b4389741790f93f1ef12032415e727": ["15", "com.irahul.worldclock.TimeZoneEdit"]}, {"76b4389741790f93f1ef12032415e727": ["15", "com.irahul.worldclock.TimeZoneEdit"]}, {"76b4389741790f93f1ef12032415e727": ["15", "com.irahul.worldclock.TimeZoneEdit"]}, {"76b4389741790f93f1ef12032415e727": ["15", "com.irahul.worldclock.TimeZoneEdit"]}, {"76b4389741790f93f1ef12032415e727": ["15", "com.irahul.worldclock.TimeZoneEdit"]}, {"76b4389741790f93f1ef12032415e727": ["15", "com.irahul.worldclock.TimeZoneEdit"]}, {"76b4389741790f93f1ef12032415e727": ["15", "com.irahul.worldclock.TimeZoneEdit"]}, {"76b4389741790f93f1ef12032415e727": ["15", "com.irahul.worldclock.TimeZoneEdit"]}, {"76b4389741790f93f1ef12032415e727": ["15", "com.irahul.worldclock.TimeZoneEdit"]}, {"76b4389741790f93f1ef12032415e727": ["15", "com.irahul.worldclock.TimeZoneEdit"]}, {"76b4389741790f93f1ef12032415e727": ["15", "com.irahul.worldclock.TimeZoneEdit"]}, {"76b4389741790f93f1ef12032415e727": ["15", "com.irahul.worldclock.TimeZoneEdit"]}, {"76b4389741790f93f1ef12032415e727": ["15", "com.irahul.worldclock.TimeZoneEdit"]}, {"76b4389741790f93f1ef12032415e727": ["15", "com.irahul.worldclock.TimeZoneEdit"]}, {"76b4389741790f93f1ef12032415e727": ["15", "com.irahul.worldclock.TimeZoneEdit"]}, {"76b4389741790f93f1ef12032415e727": ["15", "com.irahul.worldclock.TimeZoneEdit"]}, {"76b4389741790f93f1ef12032415e727": ["15", "com.irahul.worldclock.TimeZoneEdit"]}, {"76b4389741790f93f1ef12032415e727": ["15", "com.irahul.worldclock.TimeZoneEdit"]}, {"76b4389741790f93f1ef12032415e727": ["15", "com.irahul.worldclock.TimeZoneEdit"]}, {"76b4389741790f93f1ef12032415e727": ["15", "com.irahul.worldclock.TimeZoneEdit"]}, {"76b4389741790f93f1ef12032415e727": ["15", "com.irahul.worldclock.TimeZoneEdit"]}, {"76b4389741790f93f1ef12032415e727": ["15", "com.irahul.worldclock.TimeZoneEdit"]}, {"76b4389741790f93f1ef12032415e727": ["15", "com.irahul.worldclock.TimeZoneEdit"]}, {"76b4389741790f93f1ef12032415e727": ["15", "com.irahul.worldclock.TimeZoneEdit"]}, {"76b4389741790f93f1ef12032415e727": ["15", "com.irahul.worldclock.TimeZoneEdit"]}, {"44068eeea2b098c05345faabbce67d84": ["2", "com.irahul.worldclock.TimeZoneEdit"]}, {"853011f87a1b8fda2e68cef9ca149651": ["0", "com.irahul.worldclock.TimeZoneEdit"]}, {"cd29c5626667660e88c6b5a876cd12aa": ["19", "com.irahul.worldclock.WorldClockActivity"]}, {"44068eeea2b098c05345faabbce67d84": ["2", "com.irahul.worldclock.TimeZoneEdit"]}, {"44068eeea2b098c05345faabbce67d84": ["2", "com.irahul.worldclock.TimeZoneEdit"]}, {"853011f87a1b8fda2e68cef9ca149651": ["0", "com.irahul.worldclock.TimeZoneEdit"]}, {"82f9ea709da182c9526c6731c3a5bf51": ["20", "com.irahul.worldclock.WorldClockActivity"]}, {"76b4389741790f93f1ef12032415e727": ["15", "com.irahul.worldclock.TimeZoneEdit"]}, {"76b4389741790f93f1ef12032415e727": ["15", "com.irahul.worldclock.TimeZoneEdit"]}, {"a00b3ee4c6f9452607b9193dbd61d1d5": ["18", "com.irahul.worldclock.TimeZoneEdit"]}, {"853011f87a1b8fda2e68cef9ca149651": ["0", "com.irahul.worldclock.TimeZoneEdit"]}, {"853011f87a1b8fda2e68cef9ca149651": ["0", "com.irahul.worldclock.TimeZoneEdit"]}, {"853011f87a1b8fda2e68cef9ca149651": ["0", "com.irahul.worldclock.TimeZoneEdit"]}, {"853011f87a1b8fda2e68cef9ca149651": ["0", "com.irahul.worldclock.TimeZoneEdit"]}, {"853011f87a1b8fda2e68cef9ca149651": ["0", "com.irahul.worldclock.TimeZoneEdit"]}, {"853011f87a1b8fda2e68cef9ca149651": ["0", "com.irahul.worldclock.TimeZoneEdit"]}, {"82f9ea709da182c9526c6731c3a5bf51": ["20", "com.irahul.worldclock.WorldClockActivity"]}, {"44068eeea2b098c05345faabbce67d84": ["2", "com.irahul.worldclock.TimeZoneEdit"]}, {"853011f87a1b8fda2e68cef9ca149651": ["0", "com.irahul.worldclock.TimeZoneEdit"]}, {"82f9ea709da182c9526c6731c3a5bf51": ["20", "com.irahul.worldclock.WorldClockActivity"]}, {"76b4389741790f93f1ef12032415e727": ["15", "com.irahul.worldclock.TimeZoneEdit"]}, {"76b4389741790f93f1ef12032415e727": ["15", "com.irahul.worldclock.TimeZoneEdit"]}, {"76b4389741790f93f1ef12032415e727": ["15", "com.irahul.worldclock.TimeZoneEdit"]}, {"76b4389741790f93f1ef12032415e727": ["15", "com.irahul.worldclock.TimeZoneEdit"]}, {"76b4389741790f93f1ef12032415e727": ["15", "com.irahul.worldclock.TimeZoneEdit"]}, {"76b4389741790f93f1ef12032415e727": ["15", "com.irahul.worldclock.TimeZoneEdit"]}, {"76b4389741790f93f1ef12032415e727": ["15", "com.irahul.worldclock.TimeZoneEdit"]}, {"76b4389741790f93f1ef12032415e727": ["15", "com.irahul.worldclock.TimeZoneEdit"]}, {"1a07cbd06965b8d64f658f7e90c05616": ["21", "com.irahul.worldclock.TimeZoneEdit"]}, {"1a07cbd06965b8d64f658f7e90c05616": ["21", "com.irahul.worldclock.TimeZoneEdit"]}, {"853011f87a1b8fda2e68cef9ca149651": ["0", "com.irahul.worldclock.TimeZoneEdit"]}, {"853011f87a1b8fda2e68cef9ca149651": ["0", "com.irahul.worldclock.TimeZoneEdit"]}, {"853011f87a1b8fda2e68cef9ca149651": ["0", "com.irahul.worldclock.TimeZoneEdit"]}, {"1a07cbd06965b8d64f658f7e90c05616": ["21", "com.irahul.worldclock.TimeZoneEdit"]}, {"853011f87a1b8fda2e68cef9ca149651": ["0", "com.irahul.worldclock.TimeZoneEdit"]}, {"853011f87a1b8fda2e68cef9ca149651": ["0", "com.irahul.worldclock.TimeZoneEdit"]}, {"853011f87a1b8fda2e68cef9ca149651": ["0", "com.irahul.worldclock.TimeZoneEdit"]}, {"853011f87a1b8fda2e68cef9ca149651": ["0", "com.irahul.worldclock.TimeZoneEdit"]}, {"853011f87a1b8fda2e68cef9ca149651": ["0", "com.irahul.worldclock.TimeZoneEdit"]}, {"82f9ea709da182c9526c6731c3a5bf51": ["20", "com.irahul.worldclock.WorldClockActivity"]}, {"44068eeea2b098c05345faabbce67d84": ["2", "com.irahul.worldclock.TimeZoneEdit"]}, {"853011f87a1b8fda2e68cef9ca149651": ["0", "com.irahul.worldclock.TimeZoneEdit"]}, {"853011f87a1b8fda2e68cef9ca149651": ["0", "com.irahul.worldclock.TimeZoneEdit"]}, {"44068eeea2b098c05345faabbce67d84": ["2", "com.irahul.worldclock.TimeZoneEdit"]}, {"853011f87a1b8fda2e68cef9ca149651": ["0", "com.irahul.worldclock.TimeZoneEdit"]}, {"853011f87a1b8fda2e68cef9ca149651": ["0", "com.irahul.worldclock.TimeZoneEdit"]}, {"61f22424f767cc1d803202e137108bce": ["4", "com.irahul.worldclock.WorldClockActivity"]}, {"44068eeea2b098c05345faabbce67d84": ["2", "com.irahul.worldclock.TimeZoneEdit"]}, {"853011f87a1b8fda2e68cef9ca149651": ["0", "com.irahul.worldclock.TimeZoneEdit"]}, {"61f22424f767cc1d803202e137108bce": ["4", "com.irahul.worldclock.WorldClockActivity"]}, {"76b4389741790f93f1ef12032415e727": ["15", "com.irahul.worldclock.TimeZoneEdit"]}, {"76b4389741790f93f1ef12032415e727": ["15", "com.irahul.worldclock.TimeZoneEdit"]}, {"61f22424f767cc1d803202e137108bce": ["4", "com.irahul.worldclock.WorldClockActivity"]}, {"44068eeea2b098c05345faabbce67d84": ["2", "com.irahul.worldclock.TimeZoneEdit"]}, {"44068eeea2b098c05345faabbce67d84": ["2", "com.irahul.worldclock.TimeZoneEdit"]}, {"44068eeea2b098c05345faabbce67d84": ["2", "com.irahul.worldclock.TimeZoneEdit"]}, {"76b4389741790f93f1ef12032415e727": ["15", "com.irahul.worldclock.TimeZoneEdit"]}, {"76b4389741790f93f1ef12032415e727": ["15", "com.irahul.worldclock.TimeZoneEdit"]}, {"76b4389741790f93f1ef12032415e727": ["15", "com.irahul.worldclock.TimeZoneEdit"]}, {"76b4389741790f93f1ef12032415e727": ["15", "com.irahul.worldclock.TimeZoneEdit"]}, {"76b4389741790f93f1ef12032415e727": ["15", "com.irahul.worldclock.TimeZoneEdit"]}, {"76b4389741790f93f1ef12032415e727": ["15", "com.irahul.worldclock.TimeZoneEdit"]}, {"76b4389741790f93f1ef12032415e727": ["15", "com.irahul.worldclock.TimeZoneEdit"]}, {"44068eeea2b098c05345faabbce67d84": ["2", "com.irahul.worldclock.TimeZoneEdit"]}, {"44068eeea2b098c05345faabbce67d84": ["2", "com.irahul.worldclock.TimeZoneEdit"]}, {"44068eeea2b098c05345faabbce67d84": ["2", "com.irahul.worldclock.TimeZoneEdit"]}, {"44068eeea2b098c05345faabbce67d84": ["2", "com.irahul.worldclock.TimeZoneEdit"]}, {"44068eeea2b098c05345faabbce67d84": ["2", "com.irahul.worldclock.TimeZoneEdit"]}, {"853011f87a1b8fda2e68cef9ca149651": ["0", "com.irahul.worldclock.TimeZoneEdit"]}, {"853011f87a1b8fda2e68cef9ca149651": ["0", "com.irahul.worldclock.TimeZoneEdit"]}, {"853011f87a1b8fda2e68cef9ca149651": ["0", "com.irahul.worldclock.TimeZoneEdit"]}, {"853011f87a1b8fda2e68cef9ca149651": ["0", "com.irahul.worldclock.TimeZoneEdit"]}, {"853011f87a1b8fda2e68cef9ca149651": ["0", "com.irahul.worldclock.TimeZoneEdit"]}, {"853011f87a1b8fda2e68cef9ca149651": ["0", "com.irahul.worldclock.TimeZoneEdit"]}, {"61f22424f767cc1d803202e137108bce": ["4", "com.irahul.worldclock.WorldClockActivity"]}, {"44068eeea2b098c05345faabbce67d84": ["2", "com.irahul.worldclock.TimeZoneEdit"]}, {"853011f87a1b8fda2e68cef9ca149651": ["0", "com.irahul.worldclock.TimeZoneEdit"]}, {"853011f87a1b8fda2e68cef9ca149651": ["0", "com.irahul.worldclock.TimeZoneEdit"]}, {"853011f87a1b8fda2e68cef9ca149651": ["0", "com.irahul.worldclock.TimeZoneEdit"]}, {"853011f87a1b8fda2e68cef9ca149651": ["0", "com.irahul.worldclock.TimeZoneEdit"]}, {"44068eeea2b098c05345faabbce67d84": ["2", "com.irahul.worldclock.TimeZoneEdit"]}, {"853011f87a1b8fda2e68cef9ca149651": ["0", "com.irahul.worldclock.TimeZoneEdit"]}, {"44068eeea2b098c05345faabbce67d84": ["2", "com.irahul.worldclock.TimeZoneEdit"]}, {"76b4389741790f93f1ef12032415e727": ["15", "com.irahul.worldclock.TimeZoneEdit"]}, {"76b4389741790f93f1ef12032415e727": ["15", "com.irahul.worldclock.TimeZoneEdit"]}, {"44068eeea2b098c05345faabbce67d84": ["2", "com.irahul.worldclock.TimeZoneEdit"]}, {"853011f87a1b8fda2e68cef9ca149651": ["0", "com.irahul.worldclock.TimeZoneEdit"]}, {"1362d2491eadfdc234e1029d9a4c327e": ["5", "com.irahul.worldclock.WorldClockActivity"]}, {"76b4389741790f93f1ef12032415e727": ["15", "com.irahul.worldclock.TimeZoneEdit"]}, {"76b4389741790f93f1ef12032415e727": ["15", "com.irahul.worldclock.TimeZoneEdit"]}, {"853011f87a1b8fda2e68cef9ca149651": ["0", "com.irahul.worldclock.TimeZoneEdit"]}, {"76b4389741790f93f1ef12032415e727": ["15", "com.irahul.worldclock.TimeZoneEdit"]}, {"76b4389741790f93f1ef12032415e727": ["15", "com.irahul.worldclock.TimeZoneEdit"]}, {"76b4389741790f93f1ef12032415e727": ["15", "com.irahul.worldclock.TimeZoneEdit"]}, {"76b4389741790f93f1ef12032415e727": ["15", "com.irahul.worldclock.TimeZoneEdit"]}, {"76b4389741790f93f1ef12032415e727": ["15", "com.irahul.worldclock.TimeZoneEdit"]}, {"76b4389741790f93f1ef12032415e727": ["15", "com.irahul.worldclock.TimeZoneEdit"]}, {"76b4389741790f93f1ef12032415e727": ["15", "com.irahul.worldclock.TimeZoneEdit"]}, {"76b4389741790f93f1ef12032415e727": ["15", "com.irahul.worldclock.TimeZoneEdit"]}, {"76b4389741790f93f1ef12032415e727": ["15", "com.irahul.worldclock.TimeZoneEdit"]}, {"76b4389741790f93f1ef12032415e727": ["15", "com.irahul.worldclock.TimeZoneEdit"]}, {"76b4389741790f93f1ef12032415e727": ["15", "com.irahul.worldclock.TimeZoneEdit"]}, {"44068eeea2b098c05345faabbce67d84": ["2", "com.irahul.worldclock.TimeZoneEdit"]}, {"1362d2491eadfdc234e1029d9a4c327e": ["5", "com.irahul.worldclock.WorldClockActivity"]}, {"44068eeea2b098c05345faabbce67d84": ["2", "com.irahul.worldclock.TimeZoneEdit"]}, {"853011f87a1b8fda2e68cef9ca149651": ["0", "com.irahul.worldclock.TimeZoneEdit"]}, {"853011f87a1b8fda2e68cef9ca149651": ["0", "com.irahul.worldclock.TimeZoneEdit"]}, {"853011f87a1b8fda2e68cef9ca149651": ["0", "com.irahul.worldclock.TimeZoneEdit"]}, {"853011f87a1b8fda2e68cef9ca149651": ["0", "com.irahul.worldclock.TimeZoneEdit"]}, {"853011f87a1b8fda2e68cef9ca149651": ["0", "com.irahul.worldclock.TimeZoneEdit"]}, {"853011f87a1b8fda2e68cef9ca149651": ["0", "com.irahul.worldclock.TimeZoneEdit"]}, {"1362d2491eadfdc234e1029d9a4c327e": ["5", "com.irahul.worldclock.WorldClockActivity"]}, {"44068eeea2b098c05345faabbce67d84": ["2", "com.irahul.worldclock.TimeZoneEdit"]}, {"853011f87a1b8fda2e68cef9ca149651": ["0", "com.irahul.worldclock.TimeZoneEdit"]}, {"44068eeea2b098c05345faabbce67d84": ["2", "com.irahul.worldclock.TimeZoneEdit"]}, {"853011f87a1b8fda2e68cef9ca149651": ["0", "com.irahul.worldclock.TimeZoneEdit"]}, {"1362d2491eadfdc234e1029d9a4c327e": ["5", "com.irahul.worldclock.WorldClockActivity"]}, {"44068eeea2b098c05345faabbce67d84": ["2", "com.irahul.worldclock.TimeZoneEdit"]}, {"44068eeea2b098c05345faabbce67d84": ["2", "com.irahul.worldclock.TimeZoneEdit"]}, {"853011f87a1b8fda2e68cef9ca149651": ["0", "com.irahul.worldclock.TimeZoneEdit"]}, {"853011f87a1b8fda2e68cef9ca149651": ["0", "com.irahul.worldclock.TimeZoneEdit"]}, {"853011f87a1b8fda2e68cef9ca149651": ["0", "com.irahul.worldclock.TimeZoneEdit"]}, {"44068eeea2b098c05345faabbce67d84": ["2", "com.irahul.worldclock.TimeZoneEdit"]}, {"853011f87a1b8fda2e68cef9ca149651": ["0", "com.irahul.worldclock.TimeZoneEdit"]}, {"44068eeea2b098c05345faabbce67d84": ["2", "com.irahul.worldclock.TimeZoneEdit"]}, {"1362d2491eadfdc234e1029d9a4c327e": ["5", "com.irahul.worldclock.WorldClockActivity"]}, {"76b4389741790f93f1ef12032415e727": ["15", "com.irahul.worldclock.TimeZoneEdit"]}, {"76b4389741790f93f1ef12032415e727": ["15", "com.irahul.worldclock.TimeZoneEdit"]}, {"76b4389741790f93f1ef12032415e727": ["15", "com.irahul.worldclock.TimeZoneEdit"]}, {"76b4389741790f93f1ef12032415e727": ["15", "com.irahul.worldclock.TimeZoneEdit"]}, {"76b4389741790f93f1ef12032415e727": ["15", "com.irahul.worldclock.TimeZoneEdit"]}, {"76b4389741790f93f1ef12032415e727": ["15", "com.irahul.worldclock.TimeZoneEdit"]}, {"76b4389741790f93f1ef12032415e727": ["15", "com.irahul.worldclock.TimeZoneEdit"]}, {"76b4389741790f93f1ef12032415e727": ["15", "com.irahul.worldclock.TimeZoneEdit"]}, {"76b4389741790f93f1ef12032415e727": ["15", "com.irahul.worldclock.TimeZoneEdit"]}, {"44068eeea2b098c05345faabbce67d84": ["2", "com.irahul.worldclock.TimeZoneEdit"]}, {"853011f87a1b8fda2e68cef9ca149651": ["0", "com.irahul.worldclock.TimeZoneEdit"]}, {"853011f87a1b8fda2e68cef9ca149651": ["0", "com.irahul.worldclock.TimeZoneEdit"]}, {"853011f87a1b8fda2e68cef9ca149651": ["0", "com.irahul.worldclock.TimeZoneEdit"]}, {"44068eeea2b098c05345faabbce67d84": ["2", "com.irahul.worldclock.TimeZoneEdit"]}, {"44068eeea2b098c05345faabbce67d84": ["2", "com.irahul.worldclock.TimeZoneEdit"]}, {"853011f87a1b8fda2e68cef9ca149651": ["0", "com.irahul.worldclock.TimeZoneEdit"]}, {"853011f87a1b8fda2e68cef9ca149651": ["0", "com.irahul.worldclock.TimeZoneEdit"]}, {"853011f87a1b8fda2e68cef9ca149651": ["0", "com.irahul.worldclock.TimeZoneEdit"]}, {"853011f87a1b8fda2e68cef9ca149651": ["0", "com.irahul.worldclock.TimeZoneEdit"]}, {"853011f87a1b8fda2e68cef9ca149651": ["0", "com.irahul.worldclock.TimeZoneEdit"]}, {"853011f87a1b8fda2e68cef9ca149651": ["0", "com.irahul.worldclock.TimeZoneEdit"]}, {"44068eeea2b098c05345faabbce67d84": ["2", "com.irahul.worldclock.TimeZoneEdit"]}, {"44068eeea2b098c05345faabbce67d84": ["2", "com.irahul.worldclock.TimeZoneEdit"]}, {"853011f87a1b8fda2e68cef9ca149651": ["0", "com.irahul.worldclock.TimeZoneEdit"]}, {"853011f87a1b8fda2e68cef9ca149651": ["0", "com.irahul.worldclock.TimeZoneEdit"]}, {"853011f87a1b8fda2e68cef9ca149651": ["0", "com.irahul.worldclock.TimeZoneEdit"]}, {"44068eeea2b098c05345faabbce67d84": ["2", "com.irahul.worldclock.TimeZoneEdit"]}, {"76b4389741790f93f1ef12032415e727": ["15", "com.irahul.worldclock.TimeZoneEdit"]}, {"76b4389741790f93f1ef12032415e727": ["15", "com.irahul.worldclock.TimeZoneEdit"]}, {"44068eeea2b098c05345faabbce67d84": ["2", "com.irahul.worldclock.TimeZoneEdit"]}, {"853011f87a1b8fda2e68cef9ca149651": ["0", "com.irahul.worldclock.TimeZoneEdit"]}, {"1362d2491eadfdc234e1029d9a4c327e": ["5", "com.irahul.worldclock.WorldClockActivity"]}, {"44068eeea2b098c05345faabbce67d84": ["2", "com.irahul.worldclock.TimeZoneEdit"]}, {"853011f87a1b8fda2e68cef9ca149651": ["0", "com.irahul.worldclock.TimeZoneEdit"]}, {"1362d2491eadfdc234e1029d9a4c327e": ["5", "com.irahul.worldclock.WorldClockActivity"]}, {"76b4389741790f93f1ef12032415e727": ["15", "com.irahul.worldclock.TimeZoneEdit"]}, {"76b4389741790f93f1ef12032415e727": ["15", "com.irahul.worldclock.TimeZoneEdit"]}, {"76b4389741790f93f1ef12032415e727": ["15", "com.irahul.worldclock.TimeZoneEdit"]}, {"76b4389741790f93f1ef12032415e727": ["15", "com.irahul.worldclock.TimeZoneEdit"]}, {"76b4389741790f93f1ef12032415e727": ["15", "com.irahul.worldclock.TimeZoneEdit"]}, {"76b4389741790f93f1ef12032415e727": ["15", "com.irahul.worldclock.TimeZoneEdit"]}, {"76b4389741790f93f1ef12032415e727": ["15", "com.irahul.worldclock.TimeZoneEdit"]}, {"76b4389741790f93f1ef12032415e727": ["15", "com.irahul.worldclock.TimeZoneEdit"]}, {"76b4389741790f93f1ef12032415e727": ["15", "com.irahul.worldclock.TimeZoneEdit"]}, {"853011f87a1b8fda2e68cef9ca149651": ["0", "com.irahul.worldclock.TimeZoneEdit"]}, {"853011f87a1b8fda2e68cef9ca149651": ["0", "com.irahul.worldclock.TimeZoneEdit"]}, {"1362d2491eadfdc234e1029d9a4c327e": ["5", "com.irahul.worldclock.WorldClockActivity"]}, {"44068eeea2b098c05345faabbce67d84": ["2", "com.irahul.worldclock.TimeZoneEdit"]}, {"853011f87a1b8fda2e68cef9ca149651": ["0", "com.irahul.worldclock.TimeZoneEdit"]}, {"853011f87a1b8fda2e68cef9ca149651": ["0", "com.irahul.worldclock.TimeZoneEdit"]}, {"1362d2491eadfdc234e1029d9a4c327e": ["5", "com.irahul.worldclock.WorldClockActivity"]}, {"76b4389741790f93f1ef12032415e727": ["15", "com.irahul.worldclock.TimeZoneEdit"]}, {"76b4389741790f93f1ef12032415e727": ["15", "com.irahul.worldclock.TimeZoneEdit"]}, {"76b4389741790f93f1ef12032415e727": ["15", "com.irahul.worldclock.TimeZoneEdit"]}, {"76b4389741790f93f1ef12032415e727": ["15", "com.irahul.worldclock.TimeZoneEdit"]}, {"76b4389741790f93f1ef12032415e727": ["15", "com.irahul.worldclock.TimeZoneEdit"]}, {"76b4389741790f93f1ef12032415e727": ["15", "com.irahul.worldclock.TimeZoneEdit"]}, {"76b4389741790f93f1ef12032415e727": ["15", "com.irahul.worldclock.TimeZoneEdit"]}, {"76b4389741790f93f1ef12032415e727": ["15", "com.irahul.worldclock.TimeZoneEdit"]}, {"76b4389741790f93f1ef12032415e727": ["15", "com.irahul.worldclock.TimeZoneEdit"]}, {"44068eeea2b098c05345faabbce67d84": ["2", "com.irahul.worldclock.TimeZoneEdit"]}, {"853011f87a1b8fda2e68cef9ca149651": ["0", "com.irahul.worldclock.TimeZoneEdit"]}, {"44068eeea2b098c05345faabbce67d84": ["2", "com.irahul.worldclock.TimeZoneEdit"]}, {"853011f87a1b8fda2e68cef9ca149651": ["0", "com.irahul.worldclock.TimeZoneEdit"]}, {"1362d2491eadfdc234e1029d9a4c327e": ["5", "com.irahul.worldclock.WorldClockActivity"]}, {"44068eeea2b098c05345faabbce67d84": ["2", "com.irahul.worldclock.TimeZoneEdit"]}, {"853011f87a1b8fda2e68cef9ca149651": ["0", "com.irahul.worldclock.TimeZoneEdit"]}, {"19ee71601b384fe21ec9d35f7cf9e3d8": ["1", "com.irahul.worldclock.TimeZoneEdit"]}, {"853011f87a1b8fda2e68cef9ca149651": ["0", "com.irahul.worldclock.TimeZoneEdit"]}, {"9447e13cd342a61f0087c66824dde4b4": ["6", "com.irahul.worldclock.WorldClockActivity"]}, {"76b4389741790f93f1ef12032415e727": ["15", "com.irahul.worldclock.TimeZoneEdit"]}, {"76b4389741790f93f1ef12032415e727": ["15", "com.irahul.worldclock.TimeZoneEdit"]}, {"76b4389741790f93f1ef12032415e727": ["15", "com.irahul.worldclock.TimeZoneEdit"]}, {"76b4389741790f93f1ef12032415e727": ["15", "com.irahul.worldclock.TimeZoneEdit"]}, {"76b4389741790f93f1ef12032415e727": ["15", "com.irahul.worldclock.TimeZoneEdit"]}, {"76b4389741790f93f1ef12032415e727": ["15", "com.irahul.worldclock.TimeZoneEdit"]}, {"9447e13cd342a61f0087c66824dde4b4": ["6", "com.irahul.worldclock.WorldClockActivity"]}, {"44068eeea2b098c05345faabbce67d84": ["2", "com.irahul.worldclock.TimeZoneEdit"]}, {"853011f87a1b8fda2e68cef9ca149651": ["0", "com.irahul.worldclock.TimeZoneEdit"]}, {"9447e13cd342a61f0087c66824dde4b4": ["6", "com.irahul.worldclock.WorldClockActivity"]}, {"44068eeea2b098c05345faabbce67d84": ["2", "com.irahul.worldclock.TimeZoneEdit"]}, {"853011f87a1b8fda2e68cef9ca149651": ["0", "com.irahul.worldclock.TimeZoneEdit"]}, {"853011f87a1b8fda2e68cef9ca149651": ["0", "com.irahul.worldclock.TimeZoneEdit"]}, {"9447e13cd342a61f0087c66824dde4b4": ["6", "com.irahul.worldclock.WorldClockActivity"]}, {"44068eeea2b098c05345faabbce67d84": ["2", "com.irahul.worldclock.TimeZoneEdit"]}, {"44068eeea2b098c05345faabbce67d84": ["2", "com.irahul.worldclock.TimeZoneEdit"]}, {"853011f87a1b8fda2e68cef9ca149651": ["0", "com.irahul.worldclock.TimeZoneEdit"]}, {"9447e13cd342a61f0087c66824dde4b4": ["6", "com.irahul.worldclock.WorldClockActivity"]}, {"44068eeea2b098c05345faabbce67d84": ["2", "com.irahul.worldclock.TimeZoneEdit"]}, {"853011f87a1b8fda2e68cef9ca149651": ["0", "com.irahul.worldclock.TimeZoneEdit"]}, {"853011f87a1b8fda2e68cef9ca149651": ["0", "com.irahul.worldclock.TimeZoneEdit"]}, {"853011f87a1b8fda2e68cef9ca149651": ["0", "com.irahul.worldclock.TimeZoneEdit"]}, {"853011f87a1b8fda2e68cef9ca149651": ["0", "com.irahul.worldclock.TimeZoneEdit"]}, {"853011f87a1b8fda2e68cef9ca149651": ["0", "com.irahul.worldclock.TimeZoneEdit"]}, {"9447e13cd342a61f0087c66824dde4b4": ["6", "com.irahul.worldclock.WorldClockActivity"]}, {"a00b3ee4c6f9452607b9193dbd61d1d5": ["18", "com.irahul.worldclock.TimeZoneEdit"]}, {"853011f87a1b8fda2e68cef9ca149651": ["0", "com.irahul.worldclock.TimeZoneEdit"]}, {"853011f87a1b8fda2e68cef9ca149651": ["0", "com.irahul.worldclock.TimeZoneEdit"]}, {"853011f87a1b8fda2e68cef9ca149651": ["0", "com.irahul.worldclock.TimeZoneEdit"]}, {"ea984aee63c0d8ebf8a3645b2376d9e2": ["8", "com.irahul.worldclock.WorldClockActivity"]}, {"44068eeea2b098c05345faabbce67d84": ["2", "com.irahul.worldclock.TimeZoneEdit"]}, {"853011f87a1b8fda2e68cef9ca149651": ["0", "com.irahul.worldclock.TimeZoneEdit"]}, {"ea984aee63c0d8ebf8a3645b2376d9e2": ["8", "com.irahul.worldclock.WorldClockActivity"]}, {"44068eeea2b098c05345faabbce67d84": ["2", "com.irahul.worldclock.TimeZoneEdit"]}, {"853011f87a1b8fda2e68cef9ca149651": ["0", "com.irahul.worldclock.TimeZoneEdit"]}, {"ea984aee63c0d8ebf8a3645b2376d9e2": ["8", "com.irahul.worldclock.WorldClockActivity"]}, {"44068eeea2b098c05345faabbce67d84": ["2", "com.irahul.worldclock.TimeZoneEdit"]}, {"853011f87a1b8fda2e68cef9ca149651": ["0", "com.irahul.worldclock.TimeZoneEdit"]}, {"ea984aee63c0d8ebf8a3645b2376d9e2": ["8", "com.irahul.worldclock.WorldClockActivity"]}, {"76b4389741790f93f1ef12032415e727": ["15", "com.irahul.worldclock.TimeZoneEdit"]}, {"76b4389741790f93f1ef12032415e727": ["15", "com.irahul.worldclock.TimeZoneEdit"]}, {"76b4389741790f93f1ef12032415e727": ["15", "com.irahul.worldclock.TimeZoneEdit"]}, {"76b4389741790f93f1ef12032415e727": ["15", "com.irahul.worldclock.TimeZoneEdit"]}, {"76b4389741790f93f1ef12032415e727": ["15", "com.irahul.worldclock.TimeZoneEdit"]}, {"76b4389741790f93f1ef12032415e727": ["15", "com.irahul.worldclock.TimeZoneEdit"]}, {"76b4389741790f93f1ef12032415e727": ["15", "com.irahul.worldclock.TimeZoneEdit"]}, {"76b4389741790f93f1ef12032415e727": ["15", "com.irahul.worldclock.TimeZoneEdit"]}, {"76b4389741790f93f1ef12032415e727": ["15", "com.irahul.worldclock.TimeZoneEdit"]}, {"76b4389741790f93f1ef12032415e727": ["15", "com.irahul.worldclock.TimeZoneEdit"]}, {"76b4389741790f93f1ef12032415e727": ["15", "com.irahul.worldclock.TimeZoneEdit"]}, {"76b4389741790f93f1ef12032415e727": ["15", "com.irahul.worldclock.TimeZoneEdit"]}, {"76b4389741790f93f1ef12032415e727": ["15", "com.irahul.worldclock.TimeZoneEdit"]}, {"ea984aee63c0d8ebf8a3645b2376d9e2": ["8", "com.irahul.worldclock.WorldClockActivity"]}, {"853011f87a1b8fda2e68cef9ca149651": ["0", "com.irahul.worldclock.TimeZoneEdit"]}, {"853011f87a1b8fda2e68cef9ca149651": ["0", "com.irahul.worldclock.TimeZoneEdit"]}, {"ea984aee63c0d8ebf8a3645b2376d9e2": ["8", "com.irahul.worldclock.WorldClockActivity"]}, {"44068eeea2b098c05345faabbce67d84": ["2", "com.irahul.worldclock.TimeZoneEdit"]}, {"853011f87a1b8fda2e68cef9ca149651": ["0", "com.irahul.worldclock.TimeZoneEdit"]}, {"ea984aee63c0d8ebf8a3645b2376d9e2": ["8", "com.irahul.worldclock.WorldClockActivity"]}, {"76b4389741790f93f1ef12032415e727": ["15", "com.irahul.worldclock.TimeZoneEdit"]}, {"76b4389741790f93f1ef12032415e727": ["15", "com.irahul.worldclock.TimeZoneEdit"]}, {"76b4389741790f93f1ef12032415e727": ["15", "com.irahul.worldclock.TimeZoneEdit"]}, {"76b4389741790f93f1ef12032415e727": ["15", "com.irahul.worldclock.TimeZoneEdit"]}, {"76b4389741790f93f1ef12032415e727": ["15", "com.irahul.worldclock.TimeZoneEdit"]}, {"76b4389741790f93f1ef12032415e727": ["15", "com.irahul.worldclock.TimeZoneEdit"]}, {"76b4389741790f93f1ef12032415e727": ["15", "com.irahul.worldclock.TimeZoneEdit"]}, {"76b4389741790f93f1ef12032415e727": ["15", "com.irahul.worldclock.TimeZoneEdit"]}, {"76b4389741790f93f1ef12032415e727": ["15", "com.irahul.worldclock.TimeZoneEdit"]}, {"a00b3ee4c6f9452607b9193dbd61d1d5": ["18", "com.irahul.worldclock.TimeZoneEdit"]}, {"853011f87a1b8fda2e68cef9ca149651": ["0", "com.irahul.worldclock.TimeZoneEdit"]}, {"853011f87a1b8fda2e68cef9ca149651": ["0", "com.irahul.worldclock.TimeZoneEdit"]}, {"853011f87a1b8fda2e68cef9ca149651": ["0", "com.irahul.worldclock.TimeZoneEdit"]}, {"853011f87a1b8fda2e68cef9ca149651": ["0", "com.irahul.worldclock.TimeZoneEdit"]}, {"853011f87a1b8fda2e68cef9ca149651": ["0", "com.irahul.worldclock.TimeZoneEdit"]}, {"853011f87a1b8fda2e68cef9ca149651": ["0", "com.irahul.worldclock.TimeZoneEdit"]}, {"853011f87a1b8fda2e68cef9ca149651": ["0", "com.irahul.worldclock.TimeZoneEdit"]}, {"853011f87a1b8fda2e68cef9ca149651": ["0", "com.irahul.worldclock.TimeZoneEdit"]}, {"853011f87a1b8fda2e68cef9ca149651": ["0", "com.irahul.worldclock.TimeZoneEdit"]}, {"853011f87a1b8fda2e68cef9ca149651": ["0", "com.irahul.worldclock.TimeZoneEdit"]}, {"76b4389741790f93f1ef12032415e727": ["15", "com.irahul.worldclock.TimeZoneEdit"]}, {"76b4389741790f93f1ef12032415e727": ["15", "com.irahul.worldclock.TimeZoneEdit"]}, {"76b4389741790f93f1ef12032415e727": ["15", "com.irahul.worldclock.TimeZoneEdit"]}, {"76b4389741790f93f1ef12032415e727": ["15", "com.irahul.worldclock.TimeZoneEdit"]}, {"76b4389741790f93f1ef12032415e727": ["15", "com.irahul.worldclock.TimeZoneEdit"]}, {"76b4389741790f93f1ef12032415e727": ["15", "com.irahul.worldclock.TimeZoneEdit"]}, {"76b4389741790f93f1ef12032415e727": ["15", "com.irahul.worldclock.TimeZoneEdit"]}, {"76b4389741790f93f1ef12032415e727": ["15", "com.irahul.worldclock.TimeZoneEdit"]}, {"76b4389741790f93f1ef12032415e727": ["15", "com.irahul.worldclock.TimeZoneEdit"]}, {"76b4389741790f93f1ef12032415e727": ["15", "com.irahul.worldclock.TimeZoneEdit"]}, {"ea984aee63c0d8ebf8a3645b2376d9e2": ["8", "com.irahul.worldclock.WorldClockActivity"]}, {"44068eeea2b098c05345faabbce67d84": ["2", "com.irahul.worldclock.TimeZoneEdit"]}, {"853011f87a1b8fda2e68cef9ca149651": ["0", "com.irahul.worldclock.TimeZoneEdit"]}, {"853011f87a1b8fda2e68cef9ca149651": ["0", "com.irahul.worldclock.TimeZoneEdit"]}, {"44068eeea2b098c05345faabbce67d84": ["2", "com.irahul.worldclock.TimeZoneEdit"]}, {"853011f87a1b8fda2e68cef9ca149651": ["0", "com.irahul.worldclock.TimeZoneEdit"]}, {"772ba478dcafd2e5eba496cf4bd9249c": ["9", "com.irahul.worldclock.WorldClockActivity"]}, {"44068eeea2b098c05345faabbce67d84": ["2", "com.irahul.worldclock.TimeZoneEdit"]}, {"76b4389741790f93f1ef12032415e727": ["15", "com.irahul.worldclock.TimeZoneEdit"]}, {"76b4389741790f93f1ef12032415e727": ["15", "com.irahul.worldclock.TimeZoneEdit"]}, {"76b4389741790f93f1ef12032415e727": ["15", "com.irahul.worldclock.TimeZoneEdit"]}, {"76b4389741790f93f1ef12032415e727": ["15", "com.irahul.worldclock.TimeZoneEdit"]}, {"76b4389741790f93f1ef12032415e727": ["15", "com.irahul.worldclock.TimeZoneEdit"]}, {"853011f87a1b8fda2e68cef9ca149651": ["0", "com.irahul.worldclock.TimeZoneEdit"]}, {"853011f87a1b8fda2e68cef9ca149651": ["0", "com.irahul.worldclock.TimeZoneEdit"]}, {"853011f87a1b8fda2e68cef9ca149651": ["0", "com.irahul.worldclock.TimeZoneEdit"]}, {"853011f87a1b8fda2e68cef9ca149651": ["0", "com.irahul.worldclock.TimeZoneEdit"]}, {"853011f87a1b8fda2e68cef9ca149651": ["0", "com.irahul.worldclock.TimeZoneEdit"]}, {"772ba478dcafd2e5eba496cf4bd9249c": ["9", "com.irahul.worldclock.WorldClockActivity"]}, {"44068eeea2b098c05345faabbce67d84": ["2", "com.irahul.worldclock.TimeZoneEdit"]}, {"44068eeea2b098c05345faabbce67d84": ["2", "com.irahul.worldclock.TimeZoneEdit"]}, {"853011f87a1b8fda2e68cef9ca149651": ["0", "com.irahul.worldclock.TimeZoneEdit"]}, {"853011f87a1b8fda2e68cef9ca149651": ["0", "com.irahul.worldclock.TimeZoneEdit"]}, {"853011f87a1b8fda2e68cef9ca149651": ["0", "com.irahul.worldclock.TimeZoneEdit"]}, {"44068eeea2b098c05345faabbce67d84": ["2", "com.irahul.worldclock.TimeZoneEdit"]}, {"853011f87a1b8fda2e68cef9ca149651": ["0", "com.irahul.worldclock.TimeZoneEdit"]}, {"853011f87a1b8fda2e68cef9ca149651": ["0", "com.irahul.worldclock.TimeZoneEdit"]}, {"853011f87a1b8fda2e68cef9ca149651": ["0", "com.irahul.worldclock.TimeZoneEdit"]}, {"853011f87a1b8fda2e68cef9ca149651": ["0", "com.irahul.worldclock.TimeZoneEdit"]}, {"772ba478dcafd2e5eba496cf4bd9249c": ["9", "com.irahul.worldclock.WorldClockActivity"]}, {"44068eeea2b098c05345faabbce67d84": ["2", "com.irahul.worldclock.TimeZoneEdit"]}, {"44068eeea2b098c05345faabbce67d84": ["2", "com.irahul.worldclock.TimeZoneEdit"]}, {"44068eeea2b098c05345faabbce67d84": ["2", "com.irahul.worldclock.TimeZoneEdit"]}, {"853011f87a1b8fda2e68cef9ca149651": ["0", "com.irahul.worldclock.TimeZoneEdit"]}, {"772ba478dcafd2e5eba496cf4bd9249c": ["9", "com.irahul.worldclock.WorldClockActivity"]}, {"44068eeea2b098c05345faabbce67d84": ["2", "com.irahul.worldclock.TimeZoneEdit"]}, {"44068eeea2b098c05345faabbce67d84": ["2", "com.irahul.worldclock.TimeZoneEdit"]}, {"44068eeea2b098c05345faabbce67d84": ["2", "com.irahul.worldclock.TimeZoneEdit"]}, {"853011f87a1b8fda2e68cef9ca149651": ["0", "com.irahul.worldclock.TimeZoneEdit"]}, {"4e991cd3eb890faa3b546f4024fe67e4": ["11", "com.irahul.worldclock.WorldClockActivity"]}, {"44068eeea2b098c05345faabbce67d84": ["2", "com.irahul.worldclock.TimeZoneEdit"]}, {"853011f87a1b8fda2e68cef9ca149651": ["0", "com.irahul.worldclock.TimeZoneEdit"]}, {"853011f87a1b8fda2e68cef9ca149651": ["0", "com.irahul.worldclock.TimeZoneEdit"]}, {"853011f87a1b8fda2e68cef9ca149651": ["0", "com.irahul.worldclock.TimeZoneEdit"]}, {"4e991cd3eb890faa3b546f4024fe67e4": ["11", "com.irahul.worldclock.WorldClockActivity"]}, {"7e90d0640b1d43b30f0f0caabffee449": ["27", "com.irahul.worldclock.TimeZoneEdit"]}, {"853011f87a1b8fda2e68cef9ca149651": ["0", "com.irahul.worldclock.TimeZoneEdit"]}, {"853011f87a1b8fda2e68cef9ca149651": ["0", "com.irahul.worldclock.TimeZoneEdit"]}, {"7e90d0640b1d43b30f0f0caabffee449": ["27", "com.irahul.worldclock.TimeZoneEdit"]}, {"853011f87a1b8fda2e68cef9ca149651": ["0", "com.irahul.worldclock.TimeZoneEdit"]}, {"853011f87a1b8fda2e68cef9ca149651": ["0", "com.irahul.worldclock.TimeZoneEdit"]}, {"7e90d0640b1d43b30f0f0caabffee449": ["27", "com.irahul.worldclock.TimeZoneEdit"]}, {"7e90d0640b1d43b30f0f0caabffee449": ["27", "com.irahul.worldclock.TimeZoneEdit"]}, {"7e90d0640b1d43b30f0f0caabffee449": ["27", "com.irahul.worldclock.TimeZoneEdit"]}, {"7e90d0640b1d43b30f0f0caabffee449": ["27", "com.irahul.worldclock.TimeZoneEdit"]}, {"853011f87a1b8fda2e68cef9ca149651": ["0", "com.irahul.worldclock.TimeZoneEdit"]}, {"853011f87a1b8fda2e68cef9ca149651": ["0", "com.irahul.worldclock.TimeZoneEdit"]}, {"853011f87a1b8fda2e68cef9ca149651": ["0", "com.irahul.worldclock.TimeZoneEdit"]}, {"7e90d0640b1d43b30f0f0caabffee449": ["27", "com.irahul.worldclock.TimeZoneEdit"]}, {"853011f87a1b8fda2e68cef9ca149651": ["0", "com.irahul.worldclock.TimeZoneEdit"]}, {"4e991cd3eb890faa3b546f4024fe67e4": ["11", "com.irahul.worldclock.WorldClockActivity"]}, {"853011f87a1b8fda2e68cef9ca149651": ["0", "com.irahul.worldclock.TimeZoneEdit"]}, {"4e991cd3eb890faa3b546f4024fe67e4": ["11", "com.irahul.worldclock.WorldClockActivity"]}, {"44068eeea2b098c05345faabbce67d84": ["2", "com.irahul.worldclock.TimeZoneEdit"]}, {"76b4389741790f93f1ef12032415e727": ["15", "com.irahul.worldclock.TimeZoneEdit"]}, {"76b4389741790f93f1ef12032415e727": ["15", "com.irahul.worldclock.TimeZoneEdit"]}, {"76b4389741790f93f1ef12032415e727": ["15", "com.irahul.worldclock.TimeZoneEdit"]}, {"853011f87a1b8fda2e68cef9ca149651": ["0", "com.irahul.worldclock.TimeZoneEdit"]}, {"853011f87a1b8fda2e68cef9ca149651": ["0", "com.irahul.worldclock.TimeZoneEdit"]}, {"853011f87a1b8fda2e68cef9ca149651": ["0", "com.irahul.worldclock.TimeZoneEdit"]}, {"853011f87a1b8fda2e68cef9ca149651": ["0", "com.irahul.worldclock.TimeZoneEdit"]}, {"4e991cd3eb890faa3b546f4024fe67e4": ["11", "com.irahul.worldclock.WorldClockActivity"]}, {"76b4389741790f93f1ef12032415e727": ["15", "com.irahul.worldclock.TimeZoneEdit"]}, {"76b4389741790f93f1ef12032415e727": ["15", "com.irahul.worldclock.TimeZoneEdit"]}, {"76b4389741790f93f1ef12032415e727": ["15", "com.irahul.worldclock.TimeZoneEdit"]}, {"76b4389741790f93f1ef12032415e727": ["15", "com.irahul.worldclock.TimeZoneEdit"]}, {"6c26100ec99d7fea617deb85ef3caca5": ["10", "com.irahul.worldclock.WorldClockActivity"]}, {"44068eeea2b098c05345faabbce67d84": ["2", "com.irahul.worldclock.TimeZoneEdit"]}, {"6c26100ec99d7fea617deb85ef3caca5": ["10", "com.irahul.worldclock.WorldClockActivity"]}, {"44068eeea2b098c05345faabbce67d84": ["2", "com.irahul.worldclock.TimeZoneEdit"]}, {"853011f87a1b8fda2e68cef9ca149651": ["0", "com.irahul.worldclock.TimeZoneEdit"]}, {"4e991cd3eb890faa3b546f4024fe67e4": ["11", "com.irahul.worldclock.WorldClockActivity"]}, {"44068eeea2b098c05345faabbce67d84": ["2", "com.irahul.worldclock.TimeZoneEdit"]}, {"853011f87a1b8fda2e68cef9ca149651": ["0", "com.irahul.worldclock.TimeZoneEdit"]}, {"44068eeea2b098c05345faabbce67d84": ["2", "com.irahul.worldclock.TimeZoneEdit"]}, {"853011f87a1b8fda2e68cef9ca149651": ["0", "com.irahul.worldclock.TimeZoneEdit"]}, {"6c26100ec99d7fea617deb85ef3caca5": ["10", "com.irahul.worldclock.WorldClockActivity"]}, {"44068eeea2b098c05345faabbce67d84": ["2", "com.irahul.worldclock.TimeZoneEdit"]}, {"853011f87a1b8fda2e68cef9ca149651": ["0", "com.irahul.worldclock.TimeZoneEdit"]}, {"4e991cd3eb890faa3b546f4024fe67e4": ["11", "com.irahul.worldclock.WorldClockActivity"]}, {"44068eeea2b098c05345faabbce67d84": ["2", "com.irahul.worldclock.TimeZoneEdit"]}, {"853011f87a1b8fda2e68cef9ca149651": ["0", "com.irahul.worldclock.TimeZoneEdit"]}, {"4e991cd3eb890faa3b546f4024fe67e4": ["11", "com.irahul.worldclock.WorldClockActivity"]}, {"44068eeea2b098c05345faabbce67d84": ["2", "com.irahul.worldclock.TimeZoneEdit"]}, {"6c26100ec99d7fea617deb85ef3caca5": ["10", "com.irahul.worldclock.WorldClockActivity"]}, {"44068eeea2b098c05345faabbce67d84": ["2", "com.irahul.worldclock.TimeZoneEdit"]}, {"853011f87a1b8fda2e68cef9ca149651": ["0", "com.irahul.worldclock.TimeZoneEdit"]}, {"4e991cd3eb890faa3b546f4024fe67e4": ["11", "com.irahul.worldclock.WorldClockActivity"]}, {"44068eeea2b098c05345faabbce67d84": ["2", "com.irahul.worldclock.TimeZoneEdit"]}, {"44068eeea2b098c05345faabbce67d84": ["2", "com.irahul.worldclock.TimeZoneEdit"]}, {"853011f87a1b8fda2e68cef9ca149651": ["0", "com.irahul.worldclock.TimeZoneEdit"]}, {"6c26100ec99d7fea617deb85ef3caca5": ["10", "com.irahul.worldclock.WorldClockActivity"]}, {"44068eeea2b098c05345faabbce67d84": ["2", "com.irahul.worldclock.TimeZoneEdit"]}, {"76b4389741790f93f1ef12032415e727": ["15", "com.irahul.worldclock.TimeZoneEdit"]}, {"76b4389741790f93f1ef12032415e727": ["15", "com.irahul.worldclock.TimeZoneEdit"]}, {"76b4389741790f93f1ef12032415e727": ["15", "com.irahul.worldclock.TimeZoneEdit"]}, {"76b4389741790f93f1ef12032415e727": ["15", "com.irahul.worldclock.TimeZoneEdit"]}, {"76b4389741790f93f1ef12032415e727": ["15", "com.irahul.worldclock.TimeZoneEdit"]}, {"76b4389741790f93f1ef12032415e727": ["15", "com.irahul.worldclock.TimeZoneEdit"]}, {"76b4389741790f93f1ef12032415e727": ["15", "com.irahul.worldclock.TimeZoneEdit"]}, {"76b4389741790f93f1ef12032415e727": ["15", "com.irahul.worldclock.TimeZoneEdit"]}, {"4e991cd3eb890faa3b546f4024fe67e4": ["11", "com.irahul.worldclock.WorldClockActivity"]}, {"44068eeea2b098c05345faabbce67d84": ["2", "com.irahul.worldclock.TimeZoneEdit"]}, {"853011f87a1b8fda2e68cef9ca149651": ["0", "com.irahul.worldclock.TimeZoneEdit"]}, {"853011f87a1b8fda2e68cef9ca149651": ["0", "com.irahul.worldclock.TimeZoneEdit"]}, {"853011f87a1b8fda2e68cef9ca149651": ["0", "com.irahul.worldclock.TimeZoneEdit"]}, {"4e991cd3eb890faa3b546f4024fe67e4": ["11", "com.irahul.worldclock.WorldClockActivity"]}, {"76b4389741790f93f1ef12032415e727": ["15", "com.irahul.worldclock.TimeZoneEdit"]}, {"76b4389741790f93f1ef12032415e727": ["15", "com.irahul.worldclock.TimeZoneEdit"]}, {"76b4389741790f93f1ef12032415e727": ["15", "com.irahul.worldclock.TimeZoneEdit"]}, {"76b4389741790f93f1ef12032415e727": ["15", "com.irahul.worldclock.TimeZoneEdit"]}, {"76b4389741790f93f1ef12032415e727": ["15", "com.irahul.worldclock.TimeZoneEdit"]}, {"44068eeea2b098c05345faabbce67d84": ["2", "com.irahul.worldclock.TimeZoneEdit"]}, {"76b4389741790f93f1ef12032415e727": ["15", "com.irahul.worldclock.TimeZoneEdit"]}, {"76b4389741790f93f1ef12032415e727": ["15", "com.irahul.worldclock.TimeZoneEdit"]}, {"76b4389741790f93f1ef12032415e727": ["15", "com.irahul.worldclock.TimeZoneEdit"]}, {"76b4389741790f93f1ef12032415e727": ["15", "com.irahul.worldclock.TimeZoneEdit"]}, {"76b4389741790f93f1ef12032415e727": ["15", "com.irahul.worldclock.TimeZoneEdit"]}, {"76b4389741790f93f1ef12032415e727": ["15", "com.irahul.worldclock.TimeZoneEdit"]}, {"76b4389741790f93f1ef12032415e727": ["15", "com.irahul.worldclock.TimeZoneEdit"]}, {"a00b3ee4c6f9452607b9193dbd61d1d5": ["18", "com.irahul.worldclock.TimeZoneEdit"]}, {"76b4389741790f93f1ef12032415e727": ["15", "com.irahul.worldclock.TimeZoneEdit"]}, {"76b4389741790f93f1ef12032415e727": ["15", "com.irahul.worldclock.TimeZoneEdit"]}, {"76b4389741790f93f1ef12032415e727": ["15", "com.irahul.worldclock.TimeZoneEdit"]}, {"76b4389741790f93f1ef12032415e727": ["15", "com.irahul.worldclock.TimeZoneEdit"]}, {"853011f87a1b8fda2e68cef9ca149651": ["0", "com.irahul.worldclock.TimeZoneEdit"]}, {"4e991cd3eb890faa3b546f4024fe67e4": ["11", "com.irahul.worldclock.WorldClockActivity"]}, {"19ee71601b384fe21ec9d35f7cf9e3d8": ["1", "com.irahul.worldclock.TimeZoneEdit"]}, {"853011f87a1b8fda2e68cef9ca149651": ["0", "com.irahul.worldclock.TimeZoneEdit"]}, {"6c26100ec99d7fea617deb85ef3caca5": ["10", "com.irahul.worldclock.WorldClockActivity"]}, {"44068eeea2b098c05345faabbce67d84": ["2", "com.irahul.worldclock.TimeZoneEdit"]}, {"44068eeea2b098c05345faabbce67d84": ["2", "com.irahul.worldclock.TimeZoneEdit"]}, {"853011f87a1b8fda2e68cef9ca149651": ["0", "com.irahul.worldclock.TimeZoneEdit"]}, {"853011f87a1b8fda2e68cef9ca149651": ["0", "com.irahul.worldclock.TimeZoneEdit"]}, {"853011f87a1b8fda2e68cef9ca149651": ["0", "com.irahul.worldclock.TimeZoneEdit"]}, {"853011f87a1b8fda2e68cef9ca149651": ["0", "com.irahul.worldclock.TimeZoneEdit"]}, {"4e991cd3eb890faa3b546f4024fe67e4": ["11", "com.irahul.worldclock.WorldClockActivity"]}, {"44068eeea2b098c05345faabbce67d84": ["2", "com.irahul.worldclock.TimeZoneEdit"]}, {"44068eeea2b098c05345faabbce67d84": ["2", "com.irahul.worldclock.TimeZoneEdit"]}, {"44068eeea2b098c05345faabbce67d84": ["2", "com.irahul.worldclock.TimeZoneEdit"]}, {"76b4389741790f93f1ef12032415e727": ["15", "com.irahul.worldclock.TimeZoneEdit"]}, {"76b4389741790f93f1ef12032415e727": ["15", "com.irahul.worldclock.TimeZoneEdit"]}, {"44068eeea2b098c05345faabbce67d84": ["2", "com.irahul.worldclock.TimeZoneEdit"]}, {"76b4389741790f93f1ef12032415e727": ["15", "com.irahul.worldclock.TimeZoneEdit"]}, {"76b4389741790f93f1ef12032415e727": ["15", "com.irahul.worldclock.TimeZoneEdit"]}, {"4e991cd3eb890faa3b546f4024fe67e4": ["11", "com.irahul.worldclock.WorldClockActivity"]}, {"853011f87a1b8fda2e68cef9ca149651": ["0", "com.irahul.worldclock.TimeZoneEdit"]}, {"44068eeea2b098c05345faabbce67d84": ["2", "com.irahul.worldclock.TimeZoneEdit"]}, {"853011f87a1b8fda2e68cef9ca149651": ["0", "com.irahul.worldclock.TimeZoneEdit"]}, {"853011f87a1b8fda2e68cef9ca149651": ["0", "com.irahul.worldclock.TimeZoneEdit"]}, {"6c26100ec99d7fea617deb85ef3caca5": ["10", "com.irahul.worldclock.WorldClockActivity"]}, {"76b4389741790f93f1ef12032415e727": ["15", "com.irahul.worldclock.TimeZoneEdit"]}, {"76b4389741790f93f1ef12032415e727": ["15", "com.irahul.worldclock.TimeZoneEdit"]}, {"76b4389741790f93f1ef12032415e727": ["15", "com.irahul.worldclock.TimeZoneEdit"]}, {"853011f87a1b8fda2e68cef9ca149651": ["0", "com.irahul.worldclock.TimeZoneEdit"]}, {"853011f87a1b8fda2e68cef9ca149651": ["0", "com.irahul.worldclock.TimeZoneEdit"]}, {"853011f87a1b8fda2e68cef9ca149651": ["0", "com.irahul.worldclock.TimeZoneEdit"]}, {"853011f87a1b8fda2e68cef9ca149651": ["0", "com.irahul.worldclock.TimeZoneEdit"]}, {"853011f87a1b8fda2e68cef9ca149651": ["0", "com.irahul.worldclock.TimeZoneEdit"]}, {"76b4389741790f93f1ef12032415e727": ["15", "com.irahul.worldclock.TimeZoneEdit"]}, {"76b4389741790f93f1ef12032415e727": ["15", "com.irahul.worldclock.TimeZoneEdit"]}, {"76b4389741790f93f1ef12032415e727": ["15", "com.irahul.worldclock.TimeZoneEdit"]}, {"76b4389741790f93f1ef12032415e727": ["15", "com.irahul.worldclock.TimeZoneEdit"]}, {"76b4389741790f93f1ef12032415e727": ["15", "com.irahul.worldclock.TimeZoneEdit"]}, {"a00b3ee4c6f9452607b9193dbd61d1d5": ["18", "com.irahul.worldclock.TimeZoneEdit"]}, {"76b4389741790f93f1ef12032415e727": ["15", "com.irahul.worldclock.TimeZoneEdit"]}, {"a00b3ee4c6f9452607b9193dbd61d1d5": ["18", "com.irahul.worldclock.TimeZoneEdit"]}, {"853011f87a1b8fda2e68cef9ca149651": ["0", "com.irahul.worldclock.TimeZoneEdit"]}, {"853011f87a1b8fda2e68cef9ca149651": ["0", "com.irahul.worldclock.TimeZoneEdit"]}, {"4e991cd3eb890faa3b546f4024fe67e4": ["11", "com.irahul.worldclock.WorldClockActivity"]}, {"76b4389741790f93f1ef12032415e727": ["15", "com.irahul.worldclock.TimeZoneEdit"]}, {"76b4389741790f93f1ef12032415e727": ["15", "com.irahul.worldclock.TimeZoneEdit"]}, {"76b4389741790f93f1ef12032415e727": ["15", "com.irahul.worldclock.TimeZoneEdit"]}, {"76b4389741790f93f1ef12032415e727": ["15", "com.irahul.worldclock.TimeZoneEdit"]}, {"76b4389741790f93f1ef12032415e727": ["15", "com.irahul.worldclock.TimeZoneEdit"]}, {"76b4389741790f93f1ef12032415e727": ["15", "com.irahul.worldclock.TimeZoneEdit"]}, {"76b4389741790f93f1ef12032415e727": ["15", "com.irahul.worldclock.TimeZoneEdit"]}, {"76b4389741790f93f1ef12032415e727": ["15", "com.irahul.worldclock.TimeZoneEdit"]}, {"76b4389741790f93f1ef12032415e727": ["15", "com.irahul.worldclock.TimeZoneEdit"]}, {"76b4389741790f93f1ef12032415e727": ["15", "com.irahul.worldclock.TimeZoneEdit"]}, {"76b4389741790f93f1ef12032415e727": ["15", "com.irahul.worldclock.TimeZoneEdit"]}, {"76b4389741790f93f1ef12032415e727": ["15", "com.irahul.worldclock.TimeZoneEdit"]}, {"76b4389741790f93f1ef12032415e727": ["15", "com.irahul.worldclock.TimeZoneEdit"]}, {"76b4389741790f93f1ef12032415e727": ["15", "com.irahul.worldclock.TimeZoneEdit"]}, {"76b4389741790f93f1ef12032415e727": ["15", "com.irahul.worldclock.TimeZoneEdit"]}, {"76b4389741790f93f1ef12032415e727": ["15", "com.irahul.worldclock.TimeZoneEdit"]}, {"76b4389741790f93f1ef12032415e727": ["15", "com.irahul.worldclock.TimeZoneEdit"]}, {"76b4389741790f93f1ef12032415e727": ["15", "com.irahul.worldclock.TimeZoneEdit"]}, {"76b4389741790f93f1ef12032415e727": ["15", "com.irahul.worldclock.TimeZoneEdit"]}, {"76b4389741790f93f1ef12032415e727": ["15", "com.irahul.worldclock.TimeZoneEdit"]}, {"76b4389741790f93f1ef12032415e727": ["15", "com.irahul.worldclock.TimeZoneEdit"]}, {"76b4389741790f93f1ef12032415e727": ["15", "com.irahul.worldclock.TimeZoneEdit"]}, {"76b4389741790f93f1ef12032415e727": ["15", "com.irahul.worldclock.TimeZoneEdit"]}, {"76b4389741790f93f1ef12032415e727": ["15", "com.irahul.worldclock.TimeZoneEdit"]}, {"76b4389741790f93f1ef12032415e727": ["15", "com.irahul.worldclock.TimeZoneEdit"]}, {"76b4389741790f93f1ef12032415e727": ["15", "com.irahul.worldclock.TimeZoneEdit"]}, {"76b4389741790f93f1ef12032415e727": ["15", "com.irahul.worldclock.TimeZoneEdit"]}, {"76b4389741790f93f1ef12032415e727": ["15", "com.irahul.worldclock.TimeZoneEdit"]}, {"76b4389741790f93f1ef12032415e727": ["15", "com.irahul.worldclock.TimeZoneEdit"]}, {"76b4389741790f93f1ef12032415e727": ["15", "com.irahul.worldclock.TimeZoneEdit"]}, {"76b4389741790f93f1ef12032415e727": ["15", "com.irahul.worldclock.TimeZoneEdit"]}, {"76b4389741790f93f1ef12032415e727": ["15", "com.irahul.worldclock.TimeZoneEdit"]}, {"76b4389741790f93f1ef12032415e727": ["15", "com.irahul.worldclock.TimeZoneEdit"]}, {"76b4389741790f93f1ef12032415e727": ["15", "com.irahul.worldclock.TimeZoneEdit"]}, {"76b4389741790f93f1ef12032415e727": ["15", "com.irahul.worldclock.TimeZoneEdit"]}, {"a00b3ee4c6f9452607b9193dbd61d1d5": ["18", "com.irahul.worldclock.TimeZoneEdit"]}, {"76b4389741790f93f1ef12032415e727": ["15", "com.irahul.worldclock.TimeZoneEdit"]}, {"76b4389741790f93f1ef12032415e727": ["15", "com.irahul.worldclock.TimeZoneEdit"]}, {"76b4389741790f93f1ef12032415e727": ["15", "com.irahul.worldclock.TimeZoneEdit"]}, {"76b4389741790f93f1ef12032415e727": ["15", "com.irahul.worldclock.TimeZoneEdit"]}, {"76b4389741790f93f1ef12032415e727": ["15", "com.irahul.worldclock.TimeZoneEdit"]}, {"76b4389741790f93f1ef12032415e727": ["15", "com.irahul.worldclock.TimeZoneEdit"]}, {"a00b3ee4c6f9452607b9193dbd61d1d5": ["18", "com.irahul.worldclock.TimeZoneEdit"]}, {"76b4389741790f93f1ef12032415e727": ["15", "com.irahul.worldclock.TimeZoneEdit"]}, {"76b4389741790f93f1ef12032415e727": ["15", "com.irahul.worldclock.TimeZoneEdit"]}, {"76b4389741790f93f1ef12032415e727": ["15", "com.irahul.worldclock.TimeZoneEdit"]}, {"76b4389741790f93f1ef12032415e727": ["15", "com.irahul.worldclock.TimeZoneEdit"]}, {"76b4389741790f93f1ef12032415e727": ["15", "com.irahul.worldclock.TimeZoneEdit"]}, {"76b4389741790f93f1ef12032415e727": ["15", "com.irahul.worldclock.TimeZoneEdit"]}, {"76b4389741790f93f1ef12032415e727": ["15", "com.irahul.worldclock.TimeZoneEdit"]}, {"76b4389741790f93f1ef12032415e727": ["15", "com.irahul.worldclock.TimeZoneEdit"]}, {"76b4389741790f93f1ef12032415e727": ["15", "com.irahul.worldclock.TimeZoneEdit"]}, {"76b4389741790f93f1ef12032415e727": ["15", "com.irahul.worldclock.TimeZoneEdit"]}, {"76b4389741790f93f1ef12032415e727": ["15", "com.irahul.worldclock.TimeZoneEdit"]}, {"76b4389741790f93f1ef12032415e727": ["15", "com.irahul.worldclock.TimeZoneEdit"]}, {"76b4389741790f93f1ef12032415e727": ["15", "com.irahul.worldclock.TimeZoneEdit"]}, {"76b4389741790f93f1ef12032415e727": ["15", "com.irahul.worldclock.TimeZoneEdit"]}, {"76b4389741790f93f1ef12032415e727": ["15", "com.irahul.worldclock.TimeZoneEdit"]}, {"76b4389741790f93f1ef12032415e727": ["15", "com.irahul.worldclock.TimeZoneEdit"]}, {"76b4389741790f93f1ef12032415e727": ["15", "com.irahul.worldclock.TimeZoneEdit"]}, {"76b4389741790f93f1ef12032415e727": ["15", "com.irahul.worldclock.TimeZoneEdit"]}, {"76b4389741790f93f1ef12032415e727": ["15", "com.irahul.worldclock.TimeZoneEdit"]}, {"76b4389741790f93f1ef12032415e727": ["15", "com.irahul.worldclock.TimeZoneEdit"]}, {"44068eeea2b098c05345faabbce67d84": ["2", "com.irahul.worldclock.TimeZoneEdit"]}, {"853011f87a1b8fda2e68cef9ca149651": ["0", "com.irahul.worldclock.TimeZoneEdit"]}, {"4e991cd3eb890faa3b546f4024fe67e4": ["11", "com.irahul.worldclock.WorldClockActivity"]}, {"44068eeea2b098c05345faabbce67d84": ["2", "com.irahul.worldclock.TimeZoneEdit"]}, {"76b4389741790f93f1ef12032415e727": ["15", "com.irahul.worldclock.TimeZoneEdit"]}, {"76b4389741790f93f1ef12032415e727": ["15", "com.irahul.worldclock.TimeZoneEdit"]}, {"76b4389741790f93f1ef12032415e727": ["15", "com.irahul.worldclock.TimeZoneEdit"]}, {"76b4389741790f93f1ef12032415e727": ["15", "com.irahul.worldclock.TimeZoneEdit"]}, {"76b4389741790f93f1ef12032415e727": ["15", "com.irahul.worldclock.TimeZoneEdit"]}, {"76b4389741790f93f1ef12032415e727": ["15", "com.irahul.worldclock.TimeZoneEdit"]}, {"76b4389741790f93f1ef12032415e727": ["15", "com.irahul.worldclock.TimeZoneEdit"]}, {"76b4389741790f93f1ef12032415e727": ["15", "com.irahul.worldclock.TimeZoneEdit"]}, {"76b4389741790f93f1ef12032415e727": ["15", "com.irahul.worldclock.TimeZoneEdit"]}, {"76b4389741790f93f1ef12032415e727": ["15", "com.irahul.worldclock.TimeZoneEdit"]}, {"76b4389741790f93f1ef12032415e727": ["15", "com.irahul.worldclock.TimeZoneEdit"]}, {"76b4389741790f93f1ef12032415e727": ["15", "com.irahul.worldclock.TimeZoneEdit"]}, {"76b4389741790f93f1ef12032415e727": ["15", "com.irahul.worldclock.TimeZoneEdit"]}, {"76b4389741790f93f1ef12032415e727": ["15", "com.irahul.worldclock.TimeZoneEdit"]}, {"76b4389741790f93f1ef12032415e727": ["15", "com.irahul.worldclock.TimeZoneEdit"]}, {"76b4389741790f93f1ef12032415e727": ["15", "com.irahul.worldclock.TimeZoneEdit"]}, {"76b4389741790f93f1ef12032415e727": ["15", "com.irahul.worldclock.TimeZoneEdit"]}, {"76b4389741790f93f1ef12032415e727": ["15", "com.irahul.worldclock.TimeZoneEdit"]}, {"76b4389741790f93f1ef12032415e727": ["15", "com.irahul.worldclock.TimeZoneEdit"]}, {"4e991cd3eb890faa3b546f4024fe67e4": ["11", "com.irahul.worldclock.WorldClockActivity"]}, {"44068eeea2b098c05345faabbce67d84": ["2", "com.irahul.worldclock.TimeZoneEdit"]}, {"44068eeea2b098c05345faabbce67d84": ["2", "com.irahul.worldclock.TimeZoneEdit"]}, {"853011f87a1b8fda2e68cef9ca149651": ["0", "com.irahul.worldclock.TimeZoneEdit"]}, {"4e991cd3eb890faa3b546f4024fe67e4": ["11", "com.irahul.worldclock.WorldClockActivity"]}, {"6c26100ec99d7fea617deb85ef3caca5": ["10", "com.irahul.worldclock.WorldClockActivity"]}, {"44068eeea2b098c05345faabbce67d84": ["2", "com.irahul.worldclock.TimeZoneEdit"]}, {"76b4389741790f93f1ef12032415e727": ["15", "com.irahul.worldclock.TimeZoneEdit"]}, {"76b4389741790f93f1ef12032415e727": ["15", "com.irahul.worldclock.TimeZoneEdit"]}, {"76b4389741790f93f1ef12032415e727": ["15", "com.irahul.worldclock.TimeZoneEdit"]}, {"76b4389741790f93f1ef12032415e727": ["15", "com.irahul.worldclock.TimeZoneEdit"]}, {"76b4389741790f93f1ef12032415e727": ["15", "com.irahul.worldclock.TimeZoneEdit"]}, {"4e991cd3eb890faa3b546f4024fe67e4": ["11", "com.irahul.worldclock.WorldClockActivity"]}, {"44068eeea2b098c05345faabbce67d84": ["2", "com.irahul.worldclock.TimeZoneEdit"]}, {"76b4389741790f93f1ef12032415e727": ["15", "com.irahul.worldclock.TimeZoneEdit"]}, {"76b4389741790f93f1ef12032415e727": ["15", "com.irahul.worldclock.TimeZoneEdit"]}, {"853011f87a1b8fda2e68cef9ca149651": ["0", "com.irahul.worldclock.TimeZoneEdit"]}, {"76b4389741790f93f1ef12032415e727": ["15", "com.irahul.worldclock.TimeZoneEdit"]}, {"4e991cd3eb890faa3b546f4024fe67e4": ["11", "com.irahul.worldclock.WorldClockActivity"]}, {"44068eeea2b098c05345faabbce67d84": ["2", "com.irahul.worldclock.TimeZoneEdit"]}, {"44068eeea2b098c05345faabbce67d84": ["2", "com.irahul.worldclock.TimeZoneEdit"]}, {"44068eeea2b098c05345faabbce67d84": ["2", "com.irahul.worldclock.TimeZoneEdit"]}, {"853011f87a1b8fda2e68cef9ca149651": ["0", "com.irahul.worldclock.TimeZoneEdit"]}, {"853011f87a1b8fda2e68cef9ca149651": ["0", "com.irahul.worldclock.TimeZoneEdit"]}, {"853011f87a1b8fda2e68cef9ca149651": ["0", "com.irahul.worldclock.TimeZoneEdit"]}, {"853011f87a1b8fda2e68cef9ca149651": ["0", "com.irahul.worldclock.TimeZoneEdit"]}, {"853011f87a1b8fda2e68cef9ca149651": ["0", "com.irahul.worldclock.TimeZoneEdit"]}, {"44068eeea2b098c05345faabbce67d84": ["2", "com.irahul.worldclock.TimeZoneEdit"]}, {"44068eeea2b098c05345faabbce67d84": ["2", "com.irahul.worldclock.TimeZoneEdit"]}, {"853011f87a1b8fda2e68cef9ca149651": ["0", "com.irahul.worldclock.TimeZoneEdit"]}, {"4e991cd3eb890faa3b546f4024fe67e4": ["11", "com.irahul.worldclock.WorldClockActivity"]}, {"44068eeea2b098c05345faabbce67d84": ["2", "com.irahul.worldclock.TimeZoneEdit"]}, {"853011f87a1b8fda2e68cef9ca149651": ["0", "com.irahul.worldclock.TimeZoneEdit"]}, {"853011f87a1b8fda2e68cef9ca149651": ["0", "com.irahul.worldclock.TimeZoneEdit"]}, {"44068eeea2b098c05345faabbce67d84": ["2", "com.irahul.worldclock.TimeZoneEdit"]}, {"853011f87a1b8fda2e68cef9ca149651": ["0", "com.irahul.worldclock.TimeZoneEdit"]}, {"6c26100ec99d7fea617deb85ef3caca5": ["10", "com.irahul.worldclock.WorldClockActivity"]}, {"44068eeea2b098c05345faabbce67d84": ["2", "com.irahul.worldclock.TimeZoneEdit"]}, {"76b4389741790f93f1ef12032415e727": ["15", "com.irahul.worldclock.TimeZoneEdit"]}, {"76b4389741790f93f1ef12032415e727": ["15", "com.irahul.worldclock.TimeZoneEdit"]}, {"76b4389741790f93f1ef12032415e727": ["15", "com.irahul.worldclock.TimeZoneEdit"]}, {"76b4389741790f93f1ef12032415e727": ["15", "com.irahul.worldclock.TimeZoneEdit"]}, {"76b4389741790f93f1ef12032415e727": ["15", "com.irahul.worldclock.TimeZoneEdit"]}, {"76b4389741790f93f1ef12032415e727": ["15", "com.irahul.worldclock.TimeZoneEdit"]}, {"76b4389741790f93f1ef12032415e727": ["15", "com.irahul.worldclock.TimeZoneEdit"]}, {"76b4389741790f93f1ef12032415e727": ["15", "com.irahul.worldclock.TimeZoneEdit"]}]