[{"bb5fb590557a76a1582b16f7a217181f": ["1", "com.kvance.Nectroid.NectroidActivity"]}, {"bb5fb590557a76a1582b16f7a217181f": ["1", "com.kvance.Nectroid.NectroidActivity"]}, {"bb5fb590557a76a1582b16f7a217181f": ["1", "com.kvance.Nectroid.NectroidActivity"]}, {"bb5fb590557a76a1582b16f7a217181f": ["1", "com.kvance.Nectroid.NectroidActivity"]}, {"bb5fb590557a76a1582b16f7a217181f": ["1", "com.kvance.Nectroid.NectroidActivity"]}, {"bb5fb590557a76a1582b16f7a217181f": ["1", "com.kvance.Nectroid.NectroidActivity"]}, {"bb5fb590557a76a1582b16f7a217181f": ["1", "com.kvance.Nectroid.NectroidActivity"]}, {"bb5fb590557a76a1582b16f7a217181f": ["1", "com.kvance.Nectroid.NectroidActivity"]}, {"bb5fb590557a76a1582b16f7a217181f": ["1", "com.kvance.Nectroid.NectroidActivity"]}, {"bb5fb590557a76a1582b16f7a217181f": ["1", "com.kvance.Nectroid.NectroidActivity"]}, {"bb5fb590557a76a1582b16f7a217181f": ["1", "com.kvance.Nectroid.NectroidActivity"]}, {"bb5fb590557a76a1582b16f7a217181f": ["1", "com.kvance.Nectroid.NectroidActivity"]}, {"bb5fb590557a76a1582b16f7a217181f": ["1", "com.kvance.Nectroid.NectroidActivity"]}, {"bb5fb590557a76a1582b16f7a217181f": ["1", "com.kvance.Nectroid.NectroidActivity"]}, {"bb5fb590557a76a1582b16f7a217181f": ["1", "com.kvance.Nectroid.NectroidActivity"]}, {"bb5fb590557a76a1582b16f7a217181f": ["1", "com.kvance.Nectroid.NectroidActivity"]}, {"bb5fb590557a76a1582b16f7a217181f": ["1", "com.kvance.Nectroid.NectroidActivity"]}, {"bb5fb590557a76a1582b16f7a217181f": ["1", "com.kvance.Nectroid.NectroidActivity"]}, {"bb5fb590557a76a1582b16f7a217181f": ["1", "com.kvance.Nectroid.NectroidActivity"]}, {"bb5fb590557a76a1582b16f7a217181f": ["1", "com.kvance.Nectroid.NectroidActivity"]}, {"bb5fb590557a76a1582b16f7a217181f": ["1", "com.kvance.Nectroid.NectroidActivity"]}, {"bb5fb590557a76a1582b16f7a217181f": ["1", "com.kvance.Nectroid.NectroidActivity"]}, {"bb5fb590557a76a1582b16f7a217181f": ["1", "com.kvance.Nectroid.NectroidActivity"]}, {"bb5fb590557a76a1582b16f7a217181f": ["1", "com.kvance.Nectroid.NectroidActivity"]}, {"bb5fb590557a76a1582b16f7a217181f": ["1", "com.kvance.Nectroid.NectroidActivity"]}, {"bb5fb590557a76a1582b16f7a217181f": ["1", "com.kvance.Nectroid.NectroidActivity"]}, {"bb5fb590557a76a1582b16f7a217181f": ["1", "com.kvance.Nectroid.NectroidActivity"]}, {"bb5fb590557a76a1582b16f7a217181f": ["1", "com.kvance.Nectroid.NectroidActivity"]}, {"bb5fb590557a76a1582b16f7a217181f": ["1", "com.kvance.Nectroid.NectroidActivity"]}, {"bb5fb590557a76a1582b16f7a217181f": ["1", "com.kvance.Nectroid.NectroidActivity"]}, {"bb5fb590557a76a1582b16f7a217181f": ["1", "com.kvance.Nectroid.NectroidActivity"]}, {"bb5fb590557a76a1582b16f7a217181f": ["1", "com.kvance.Nectroid.NectroidActivity"]}, {"bb5fb590557a76a1582b16f7a217181f": ["1", "com.kvance.Nectroid.NectroidActivity"]}, {"bb5fb590557a76a1582b16f7a217181f": ["1", "com.kvance.Nectroid.NectroidActivity"]}, {"bb5fb590557a76a1582b16f7a217181f": ["1", "com.kvance.Nectroid.NectroidActivity"]}, {"bb5fb590557a76a1582b16f7a217181f": ["1", "com.kvance.Nectroid.NectroidActivity"]}, {"bb5fb590557a76a1582b16f7a217181f": ["1", "com.kvance.Nectroid.NectroidActivity"]}, {"bb5fb590557a76a1582b16f7a217181f": ["1", "com.kvance.Nectroid.NectroidActivity"]}, {"bb5fb590557a76a1582b16f7a217181f": ["1", "com.kvance.Nectroid.NectroidActivity"]}, {"bb5fb590557a76a1582b16f7a217181f": ["1", "com.kvance.Nectroid.NectroidActivity"]}, {"bb5fb590557a76a1582b16f7a217181f": ["1", "com.kvance.Nectroid.NectroidActivity"]}, {"bb5fb590557a76a1582b16f7a217181f": ["1", "com.kvance.Nectroid.NectroidActivity"]}, {"bb5fb590557a76a1582b16f7a217181f": ["1", "com.kvance.Nectroid.NectroidActivity"]}, {"bb5fb590557a76a1582b16f7a217181f": ["1", "com.kvance.Nectroid.NectroidActivity"]}, {"bb5fb590557a76a1582b16f7a217181f": ["1", "com.kvance.Nectroid.NectroidActivity"]}, {"bb5fb590557a76a1582b16f7a217181f": ["1", "com.kvance.Nectroid.NectroidActivity"]}, {"bb5fb590557a76a1582b16f7a217181f": ["1", "com.kvance.Nectroid.NectroidActivity"]}, {"bb5fb590557a76a1582b16f7a217181f": ["1", "com.kvance.Nectroid.NectroidActivity"]}, {"bb5fb590557a76a1582b16f7a217181f": ["1", "com.kvance.Nectroid.NectroidActivity"]}, {"bb5fb590557a76a1582b16f7a217181f": ["1", "com.kvance.Nectroid.NectroidActivity"]}, {"bb5fb590557a76a1582b16f7a217181f": ["1", "com.kvance.Nectroid.NectroidActivity"]}, {"bb5fb590557a76a1582b16f7a217181f": ["1", "com.kvance.Nectroid.NectroidActivity"]}, {"bb5fb590557a76a1582b16f7a217181f": ["1", "com.kvance.Nectroid.NectroidActivity"]}, {"bb5fb590557a76a1582b16f7a217181f": ["1", "com.kvance.Nectroid.NectroidActivity"]}, {"bb5fb590557a76a1582b16f7a217181f": ["1", "com.kvance.Nectroid.NectroidActivity"]}, {"bb5fb590557a76a1582b16f7a217181f": ["1", "com.kvance.Nectroid.NectroidActivity"]}, {"bb5fb590557a76a1582b16f7a217181f": ["1", "com.kvance.Nectroid.NectroidActivity"]}, {"bb5fb590557a76a1582b16f7a217181f": ["1", "com.kvance.Nectroid.NectroidActivity"]}, {"bb5fb590557a76a1582b16f7a217181f": ["1", "com.kvance.Nectroid.NectroidActivity"]}, {"bb5fb590557a76a1582b16f7a217181f": ["1", "com.kvance.Nectroid.NectroidActivity"]}, {"bb5fb590557a76a1582b16f7a217181f": ["1", "com.kvance.Nectroid.NectroidActivity"]}, {"bb5fb590557a76a1582b16f7a217181f": ["1", "com.kvance.Nectroid.NectroidActivity"]}, {"bb5fb590557a76a1582b16f7a217181f": ["1", "com.kvance.Nectroid.NectroidActivity"]}, {"bb5fb590557a76a1582b16f7a217181f": ["1", "com.kvance.Nectroid.NectroidActivity"]}, {"bb5fb590557a76a1582b16f7a217181f": ["1", "com.kvance.Nectroid.NectroidActivity"]}, {"bb5fb590557a76a1582b16f7a217181f": ["1", "com.kvance.Nectroid.NectroidActivity"]}, {"bb5fb590557a76a1582b16f7a217181f": ["1", "com.kvance.Nectroid.NectroidActivity"]}, {"bb5fb590557a76a1582b16f7a217181f": ["1", "com.kvance.Nectroid.NectroidActivity"]}, {"bb5fb590557a76a1582b16f7a217181f": ["1", "com.kvance.Nectroid.NectroidActivity"]}, {"bb5fb590557a76a1582b16f7a217181f": ["1", "com.kvance.Nectroid.NectroidActivity"]}, {"bb5fb590557a76a1582b16f7a217181f": ["1", "com.kvance.Nectroid.NectroidActivity"]}, {"bb5fb590557a76a1582b16f7a217181f": ["1", "com.kvance.Nectroid.NectroidActivity"]}, {"bb5fb590557a76a1582b16f7a217181f": ["1", "com.kvance.Nectroid.NectroidActivity"]}, {"bb5fb590557a76a1582b16f7a217181f": ["1", "com.kvance.Nectroid.NectroidActivity"]}, {"bb5fb590557a76a1582b16f7a217181f": ["1", "com.kvance.Nectroid.NectroidActivity"]}, {"bb5fb590557a76a1582b16f7a217181f": ["1", "com.kvance.Nectroid.NectroidActivity"]}, {"bb5fb590557a76a1582b16f7a217181f": ["1", "com.kvance.Nectroid.NectroidActivity"]}, {"bb5fb590557a76a1582b16f7a217181f": ["1", "com.kvance.Nectroid.NectroidActivity"]}, {"bb5fb590557a76a1582b16f7a217181f": ["1", "com.kvance.Nectroid.NectroidActivity"]}, {"bb5fb590557a76a1582b16f7a217181f": ["1", "com.kvance.Nectroid.NectroidActivity"]}, {"bb5fb590557a76a1582b16f7a217181f": ["1", "com.kvance.Nectroid.NectroidActivity"]}, {"bb5fb590557a76a1582b16f7a217181f": ["1", "com.kvance.Nectroid.NectroidActivity"]}, {"bb5fb590557a76a1582b16f7a217181f": ["1", "com.kvance.Nectroid.NectroidActivity"]}, {"bb5fb590557a76a1582b16f7a217181f": ["1", "com.kvance.Nectroid.NectroidActivity"]}, {"bb5fb590557a76a1582b16f7a217181f": ["1", "com.kvance.Nectroid.NectroidActivity"]}, {"bb5fb590557a76a1582b16f7a217181f": ["1", "com.kvance.Nectroid.NectroidActivity"]}, {"bb5fb590557a76a1582b16f7a217181f": ["1", "com.kvance.Nectroid.NectroidActivity"]}, {"bb5fb590557a76a1582b16f7a217181f": ["1", "com.kvance.Nectroid.NectroidActivity"]}, {"bb5fb590557a76a1582b16f7a217181f": ["1", "com.kvance.Nectroid.NectroidActivity"]}, {"bb5fb590557a76a1582b16f7a217181f": ["1", "com.kvance.Nectroid.NectroidActivity"]}, {"bb5fb590557a76a1582b16f7a217181f": ["1", "com.kvance.Nectroid.NectroidActivity"]}, {"bb5fb590557a76a1582b16f7a217181f": ["1", "com.kvance.Nectroid.NectroidActivity"]}, {"bb5fb590557a76a1582b16f7a217181f": ["1", "com.kvance.Nectroid.NectroidActivity"]}, {"bb5fb590557a76a1582b16f7a217181f": ["1", "com.kvance.Nectroid.NectroidActivity"]}, {"bb5fb590557a76a1582b16f7a217181f": ["1", "com.kvance.Nectroid.NectroidActivity"]}, {"bb5fb590557a76a1582b16f7a217181f": ["1", "com.kvance.Nectroid.NectroidActivity"]}, {"bb5fb590557a76a1582b16f7a217181f": ["1", "com.kvance.Nectroid.NectroidActivity"]}, {"bb5fb590557a76a1582b16f7a217181f": ["1", "com.kvance.Nectroid.NectroidActivity"]}, {"bb5fb590557a76a1582b16f7a217181f": ["1", "com.kvance.Nectroid.NectroidActivity"]}, {"bb5fb590557a76a1582b16f7a217181f": ["1", "com.kvance.Nectroid.NectroidActivity"]}, {"bb5fb590557a76a1582b16f7a217181f": ["1", "com.kvance.Nectroid.NectroidActivity"]}, {"bb5fb590557a76a1582b16f7a217181f": ["1", "com.kvance.Nectroid.NectroidActivity"]}, {"bb5fb590557a76a1582b16f7a217181f": ["1", "com.kvance.Nectroid.NectroidActivity"]}, {"bb5fb590557a76a1582b16f7a217181f": ["1", "com.kvance.Nectroid.NectroidActivity"]}, {"bb5fb590557a76a1582b16f7a217181f": ["1", "com.kvance.Nectroid.NectroidActivity"]}, {"bb5fb590557a76a1582b16f7a217181f": ["1", "com.kvance.Nectroid.NectroidActivity"]}, {"bb5fb590557a76a1582b16f7a217181f": ["1", "com.kvance.Nectroid.NectroidActivity"]}, {"bb5fb590557a76a1582b16f7a217181f": ["1", "com.kvance.Nectroid.NectroidActivity"]}, {"bb5fb590557a76a1582b16f7a217181f": ["1", "com.kvance.Nectroid.NectroidActivity"]}, {"bb5fb590557a76a1582b16f7a217181f": ["1", "com.kvance.Nectroid.NectroidActivity"]}, {"bb5fb590557a76a1582b16f7a217181f": ["1", "com.kvance.Nectroid.NectroidActivity"]}, {"bb5fb590557a76a1582b16f7a217181f": ["1", "com.kvance.Nectroid.NectroidActivity"]}, {"bb5fb590557a76a1582b16f7a217181f": ["1", "com.kvance.Nectroid.NectroidActivity"]}, {"bb5fb590557a76a1582b16f7a217181f": ["1", "com.kvance.Nectroid.NectroidActivity"]}, {"bb5fb590557a76a1582b16f7a217181f": ["1", "com.kvance.Nectroid.NectroidActivity"]}, {"bb5fb590557a76a1582b16f7a217181f": ["1", "com.kvance.Nectroid.NectroidActivity"]}, {"bb5fb590557a76a1582b16f7a217181f": ["1", "com.kvance.Nectroid.NectroidActivity"]}, {"bb5fb590557a76a1582b16f7a217181f": ["1", "com.kvance.Nectroid.NectroidActivity"]}, {"bb5fb590557a76a1582b16f7a217181f": ["1", "com.kvance.Nectroid.NectroidActivity"]}, {"bb5fb590557a76a1582b16f7a217181f": ["1", "com.kvance.Nectroid.NectroidActivity"]}, {"bb5fb590557a76a1582b16f7a217181f": ["1", "com.kvance.Nectroid.NectroidActivity"]}, {"bb5fb590557a76a1582b16f7a217181f": ["1", "com.kvance.Nectroid.NectroidActivity"]}, {"bb5fb590557a76a1582b16f7a217181f": ["1", "com.kvance.Nectroid.NectroidActivity"]}, {"bb5fb590557a76a1582b16f7a217181f": ["1", "com.kvance.Nectroid.NectroidActivity"]}, {"bb5fb590557a76a1582b16f7a217181f": ["1", "com.kvance.Nectroid.NectroidActivity"]}, {"bb5fb590557a76a1582b16f7a217181f": ["1", "com.kvance.Nectroid.NectroidActivity"]}, {"bb5fb590557a76a1582b16f7a217181f": ["1", "com.kvance.Nectroid.NectroidActivity"]}, {"bb5fb590557a76a1582b16f7a217181f": ["1", "com.kvance.Nectroid.NectroidActivity"]}, {"bb5fb590557a76a1582b16f7a217181f": ["1", "com.kvance.Nectroid.NectroidActivity"]}, {"bb5fb590557a76a1582b16f7a217181f": ["1", "com.kvance.Nectroid.NectroidActivity"]}, {"bb5fb590557a76a1582b16f7a217181f": ["1", "com.kvance.Nectroid.NectroidActivity"]}, {"bb5fb590557a76a1582b16f7a217181f": ["1", "com.kvance.Nectroid.NectroidActivity"]}, {"bb5fb590557a76a1582b16f7a217181f": ["1", "com.kvance.Nectroid.NectroidActivity"]}, {"bb5fb590557a76a1582b16f7a217181f": ["1", "com.kvance.Nectroid.NectroidActivity"]}, {"bb5fb590557a76a1582b16f7a217181f": ["1", "com.kvance.Nectroid.NectroidActivity"]}, {"bb5fb590557a76a1582b16f7a217181f": ["1", "com.kvance.Nectroid.NectroidActivity"]}, {"bb5fb590557a76a1582b16f7a217181f": ["1", "com.kvance.Nectroid.NectroidActivity"]}, {"bb5fb590557a76a1582b16f7a217181f": ["1", "com.kvance.Nectroid.NectroidActivity"]}, {"bb5fb590557a76a1582b16f7a217181f": ["1", "com.kvance.Nectroid.NectroidActivity"]}, {"bb5fb590557a76a1582b16f7a217181f": ["1", "com.kvance.Nectroid.NectroidActivity"]}, {"bb5fb590557a76a1582b16f7a217181f": ["1", "com.kvance.Nectroid.NectroidActivity"]}, {"bb5fb590557a76a1582b16f7a217181f": ["1", "com.kvance.Nectroid.NectroidActivity"]}, {"bb5fb590557a76a1582b16f7a217181f": ["1", "com.kvance.Nectroid.NectroidActivity"]}, {"bb5fb590557a76a1582b16f7a217181f": ["1", "com.kvance.Nectroid.NectroidActivity"]}, {"bb5fb590557a76a1582b16f7a217181f": ["1", "com.kvance.Nectroid.NectroidActivity"]}, {"bb5fb590557a76a1582b16f7a217181f": ["1", "com.kvance.Nectroid.NectroidActivity"]}, {"bb5fb590557a76a1582b16f7a217181f": ["1", "com.kvance.Nectroid.NectroidActivity"]}, {"bb5fb590557a76a1582b16f7a217181f": ["1", "com.kvance.Nectroid.NectroidActivity"]}, {"bb5fb590557a76a1582b16f7a217181f": ["1", "com.kvance.Nectroid.NectroidActivity"]}, {"bb5fb590557a76a1582b16f7a217181f": ["1", "com.kvance.Nectroid.NectroidActivity"]}, {"bb5fb590557a76a1582b16f7a217181f": ["1", "com.kvance.Nectroid.NectroidActivity"]}, {"bb5fb590557a76a1582b16f7a217181f": ["1", "com.kvance.Nectroid.NectroidActivity"]}, {"bb5fb590557a76a1582b16f7a217181f": ["1", "com.kvance.Nectroid.NectroidActivity"]}, {"bb5fb590557a76a1582b16f7a217181f": ["1", "com.kvance.Nectroid.NectroidActivity"]}, {"bb5fb590557a76a1582b16f7a217181f": ["1", "com.kvance.Nectroid.NectroidActivity"]}, {"bb5fb590557a76a1582b16f7a217181f": ["1", "com.kvance.Nectroid.NectroidActivity"]}, {"bb5fb590557a76a1582b16f7a217181f": ["1", "com.kvance.Nectroid.NectroidActivity"]}, {"bb5fb590557a76a1582b16f7a217181f": ["1", "com.kvance.Nectroid.NectroidActivity"]}, {"bb5fb590557a76a1582b16f7a217181f": ["1", "com.kvance.Nectroid.NectroidActivity"]}, {"bb5fb590557a76a1582b16f7a217181f": ["1", "com.kvance.Nectroid.NectroidActivity"]}, {"bb5fb590557a76a1582b16f7a217181f": ["1", "com.kvance.Nectroid.NectroidActivity"]}, {"bb5fb590557a76a1582b16f7a217181f": ["1", "com.kvance.Nectroid.NectroidActivity"]}, {"bb5fb590557a76a1582b16f7a217181f": ["1", "com.kvance.Nectroid.NectroidActivity"]}, {"bb5fb590557a76a1582b16f7a217181f": ["1", "com.kvance.Nectroid.NectroidActivity"]}, {"bb5fb590557a76a1582b16f7a217181f": ["1", "com.kvance.Nectroid.NectroidActivity"]}, {"bb5fb590557a76a1582b16f7a217181f": ["1", "com.kvance.Nectroid.NectroidActivity"]}, {"bb5fb590557a76a1582b16f7a217181f": ["1", "com.kvance.Nectroid.NectroidActivity"]}, {"bb5fb590557a76a1582b16f7a217181f": ["1", "com.kvance.Nectroid.NectroidActivity"]}, {"bb5fb590557a76a1582b16f7a217181f": ["1", "com.kvance.Nectroid.NectroidActivity"]}, {"bb5fb590557a76a1582b16f7a217181f": ["1", "com.kvance.Nectroid.NectroidActivity"]}, {"bb5fb590557a76a1582b16f7a217181f": ["1", "com.kvance.Nectroid.NectroidActivity"]}, {"bb5fb590557a76a1582b16f7a217181f": ["1", "com.kvance.Nectroid.NectroidActivity"]}, {"bb5fb590557a76a1582b16f7a217181f": ["1", "com.kvance.Nectroid.NectroidActivity"]}, {"bb5fb590557a76a1582b16f7a217181f": ["1", "com.kvance.Nectroid.NectroidActivity"]}, {"bb5fb590557a76a1582b16f7a217181f": ["1", "com.kvance.Nectroid.NectroidActivity"]}, {"bb5fb590557a76a1582b16f7a217181f": ["1", "com.kvance.Nectroid.NectroidActivity"]}, {"bb5fb590557a76a1582b16f7a217181f": ["1", "com.kvance.Nectroid.NectroidActivity"]}, {"bb5fb590557a76a1582b16f7a217181f": ["1", "com.kvance.Nectroid.NectroidActivity"]}, {"bb5fb590557a76a1582b16f7a217181f": ["1", "com.kvance.Nectroid.NectroidActivity"]}, {"bb5fb590557a76a1582b16f7a217181f": ["1", "com.kvance.Nectroid.NectroidActivity"]}, {"bb5fb590557a76a1582b16f7a217181f": ["1", "com.kvance.Nectroid.NectroidActivity"]}, {"bb5fb590557a76a1582b16f7a217181f": ["1", "com.kvance.Nectroid.NectroidActivity"]}, {"bb5fb590557a76a1582b16f7a217181f": ["1", "com.kvance.Nectroid.NectroidActivity"]}, {"bb5fb590557a76a1582b16f7a217181f": ["1", "com.kvance.Nectroid.NectroidActivity"]}, {"bb5fb590557a76a1582b16f7a217181f": ["1", "com.kvance.Nectroid.NectroidActivity"]}, {"bb5fb590557a76a1582b16f7a217181f": ["1", "com.kvance.Nectroid.NectroidActivity"]}, {"bb5fb590557a76a1582b16f7a217181f": ["1", "com.kvance.Nectroid.NectroidActivity"]}, {"bb5fb590557a76a1582b16f7a217181f": ["1", "com.kvance.Nectroid.NectroidActivity"]}, {"bb5fb590557a76a1582b16f7a217181f": ["1", "com.kvance.Nectroid.NectroidActivity"]}, {"bb5fb590557a76a1582b16f7a217181f": ["1", "com.kvance.Nectroid.NectroidActivity"]}, {"bb5fb590557a76a1582b16f7a217181f": ["1", "com.kvance.Nectroid.NectroidActivity"]}, {"bb5fb590557a76a1582b16f7a217181f": ["1", "com.kvance.Nectroid.NectroidActivity"]}, {"bb5fb590557a76a1582b16f7a217181f": ["1", "com.kvance.Nectroid.NectroidActivity"]}, {"bb5fb590557a76a1582b16f7a217181f": ["1", "com.kvance.Nectroid.NectroidActivity"]}, {"bb5fb590557a76a1582b16f7a217181f": ["1", "com.kvance.Nectroid.NectroidActivity"]}, {"bb5fb590557a76a1582b16f7a217181f": ["1", "com.kvance.Nectroid.NectroidActivity"]}, {"bb5fb590557a76a1582b16f7a217181f": ["1", "com.kvance.Nectroid.NectroidActivity"]}, {"bb5fb590557a76a1582b16f7a217181f": ["1", "com.kvance.Nectroid.NectroidActivity"]}, {"bb5fb590557a76a1582b16f7a217181f": ["1", "com.kvance.Nectroid.NectroidActivity"]}, {"bb5fb590557a76a1582b16f7a217181f": ["1", "com.kvance.Nectroid.NectroidActivity"]}, {"bb5fb590557a76a1582b16f7a217181f": ["1", "com.kvance.Nectroid.NectroidActivity"]}, {"bb5fb590557a76a1582b16f7a217181f": ["1", "com.kvance.Nectroid.NectroidActivity"]}, {"bb5fb590557a76a1582b16f7a217181f": ["1", "com.kvance.Nectroid.NectroidActivity"]}, {"bb5fb590557a76a1582b16f7a217181f": ["1", "com.kvance.Nectroid.NectroidActivity"]}, {"bb5fb590557a76a1582b16f7a217181f": ["1", "com.kvance.Nectroid.NectroidActivity"]}, {"bb5fb590557a76a1582b16f7a217181f": ["1", "com.kvance.Nectroid.NectroidActivity"]}, {"bb5fb590557a76a1582b16f7a217181f": ["1", "com.kvance.Nectroid.NectroidActivity"]}, {"bb5fb590557a76a1582b16f7a217181f": ["1", "com.kvance.Nectroid.NectroidActivity"]}, {"bb5fb590557a76a1582b16f7a217181f": ["1", "com.kvance.Nectroid.NectroidActivity"]}, {"bb5fb590557a76a1582b16f7a217181f": ["1", "com.kvance.Nectroid.NectroidActivity"]}, {"bb5fb590557a76a1582b16f7a217181f": ["1", "com.kvance.Nectroid.NectroidActivity"]}, {"bb5fb590557a76a1582b16f7a217181f": ["1", "com.kvance.Nectroid.NectroidActivity"]}, {"bb5fb590557a76a1582b16f7a217181f": ["1", "com.kvance.Nectroid.NectroidActivity"]}, {"bb5fb590557a76a1582b16f7a217181f": ["1", "com.kvance.Nectroid.NectroidActivity"]}, {"bb5fb590557a76a1582b16f7a217181f": ["1", "com.kvance.Nectroid.NectroidActivity"]}, {"bb5fb590557a76a1582b16f7a217181f": ["1", "com.kvance.Nectroid.NectroidActivity"]}, {"bb5fb590557a76a1582b16f7a217181f": ["1", "com.kvance.Nectroid.NectroidActivity"]}, {"bb5fb590557a76a1582b16f7a217181f": ["1", "com.kvance.Nectroid.NectroidActivity"]}, {"bb5fb590557a76a1582b16f7a217181f": ["1", "com.kvance.Nectroid.NectroidActivity"]}, {"bb5fb590557a76a1582b16f7a217181f": ["1", "com.kvance.Nectroid.NectroidActivity"]}, {"bb5fb590557a76a1582b16f7a217181f": ["1", "com.kvance.Nectroid.NectroidActivity"]}, {"bb5fb590557a76a1582b16f7a217181f": ["1", "com.kvance.Nectroid.NectroidActivity"]}, {"bb5fb590557a76a1582b16f7a217181f": ["1", "com.kvance.Nectroid.NectroidActivity"]}, {"bb5fb590557a76a1582b16f7a217181f": ["1", "com.kvance.Nectroid.NectroidActivity"]}, {"bb5fb590557a76a1582b16f7a217181f": ["1", "com.kvance.Nectroid.NectroidActivity"]}, {"bb5fb590557a76a1582b16f7a217181f": ["1", "com.kvance.Nectroid.NectroidActivity"]}, {"bb5fb590557a76a1582b16f7a217181f": ["1", "com.kvance.Nectroid.NectroidActivity"]}, {"bb5fb590557a76a1582b16f7a217181f": ["1", "com.kvance.Nectroid.NectroidActivity"]}, {"bb5fb590557a76a1582b16f7a217181f": ["1", "com.kvance.Nectroid.NectroidActivity"]}, {"bb5fb590557a76a1582b16f7a217181f": ["1", "com.kvance.Nectroid.NectroidActivity"]}, {"bb5fb590557a76a1582b16f7a217181f": ["1", "com.kvance.Nectroid.NectroidActivity"]}, {"bb5fb590557a76a1582b16f7a217181f": ["1", "com.kvance.Nectroid.NectroidActivity"]}, {"bb5fb590557a76a1582b16f7a217181f": ["1", "com.kvance.Nectroid.NectroidActivity"]}, {"bb5fb590557a76a1582b16f7a217181f": ["1", "com.kvance.Nectroid.NectroidActivity"]}, {"bb5fb590557a76a1582b16f7a217181f": ["1", "com.kvance.Nectroid.NectroidActivity"]}, {"bb5fb590557a76a1582b16f7a217181f": ["1", "com.kvance.Nectroid.NectroidActivity"]}, {"bb5fb590557a76a1582b16f7a217181f": ["1", "com.kvance.Nectroid.NectroidActivity"]}, {"bb5fb590557a76a1582b16f7a217181f": ["1", "com.kvance.Nectroid.NectroidActivity"]}, {"bb5fb590557a76a1582b16f7a217181f": ["1", "com.kvance.Nectroid.NectroidActivity"]}, {"bb5fb590557a76a1582b16f7a217181f": ["1", "com.kvance.Nectroid.NectroidActivity"]}, {"bb5fb590557a76a1582b16f7a217181f": ["1", "com.kvance.Nectroid.NectroidActivity"]}, {"bb5fb590557a76a1582b16f7a217181f": ["1", "com.kvance.Nectroid.NectroidActivity"]}, {"bb5fb590557a76a1582b16f7a217181f": ["1", "com.kvance.Nectroid.NectroidActivity"]}, {"bb5fb590557a76a1582b16f7a217181f": ["1", "com.kvance.Nectroid.NectroidActivity"]}, {"bb5fb590557a76a1582b16f7a217181f": ["1", "com.kvance.Nectroid.NectroidActivity"]}, {"bb5fb590557a76a1582b16f7a217181f": ["1", "com.kvance.Nectroid.NectroidActivity"]}, {"bb5fb590557a76a1582b16f7a217181f": ["1", "com.kvance.Nectroid.NectroidActivity"]}, {"bb5fb590557a76a1582b16f7a217181f": ["1", "com.kvance.Nectroid.NectroidActivity"]}, {"bb5fb590557a76a1582b16f7a217181f": ["1", "com.kvance.Nectroid.NectroidActivity"]}, {"bb5fb590557a76a1582b16f7a217181f": ["1", "com.kvance.Nectroid.NectroidActivity"]}, {"bb5fb590557a76a1582b16f7a217181f": ["1", "com.kvance.Nectroid.NectroidActivity"]}, {"bb5fb590557a76a1582b16f7a217181f": ["1", "com.kvance.Nectroid.NectroidActivity"]}, {"bb5fb590557a76a1582b16f7a217181f": ["1", "com.kvance.Nectroid.NectroidActivity"]}, {"bb5fb590557a76a1582b16f7a217181f": ["1", "com.kvance.Nectroid.NectroidActivity"]}, {"bb5fb590557a76a1582b16f7a217181f": ["1", "com.kvance.Nectroid.NectroidActivity"]}, {"bb5fb590557a76a1582b16f7a217181f": ["1", "com.kvance.Nectroid.NectroidActivity"]}, {"bb5fb590557a76a1582b16f7a217181f": ["1", "com.kvance.Nectroid.NectroidActivity"]}, {"bb5fb590557a76a1582b16f7a217181f": ["1", "com.kvance.Nectroid.NectroidActivity"]}, {"bb5fb590557a76a1582b16f7a217181f": ["1", "com.kvance.Nectroid.NectroidActivity"]}, {"bb5fb590557a76a1582b16f7a217181f": ["1", "com.kvance.Nectroid.NectroidActivity"]}, {"bb5fb590557a76a1582b16f7a217181f": ["1", "com.kvance.Nectroid.NectroidActivity"]}, {"bb5fb590557a76a1582b16f7a217181f": ["1", "com.kvance.Nectroid.NectroidActivity"]}, {"bb5fb590557a76a1582b16f7a217181f": ["1", "com.kvance.Nectroid.NectroidActivity"]}, {"bb5fb590557a76a1582b16f7a217181f": ["1", "com.kvance.Nectroid.NectroidActivity"]}, {"bb5fb590557a76a1582b16f7a217181f": ["1", "com.kvance.Nectroid.NectroidActivity"]}, {"bb5fb590557a76a1582b16f7a217181f": ["1", "com.kvance.Nectroid.NectroidActivity"]}, {"bb5fb590557a76a1582b16f7a217181f": ["1", "com.kvance.Nectroid.NectroidActivity"]}, {"bb5fb590557a76a1582b16f7a217181f": ["1", "com.kvance.Nectroid.NectroidActivity"]}, {"bb5fb590557a76a1582b16f7a217181f": ["1", "com.kvance.Nectroid.NectroidActivity"]}, {"bb5fb590557a76a1582b16f7a217181f": ["1", "com.kvance.Nectroid.NectroidActivity"]}, {"bb5fb590557a76a1582b16f7a217181f": ["1", "com.kvance.Nectroid.NectroidActivity"]}, {"bb5fb590557a76a1582b16f7a217181f": ["1", "com.kvance.Nectroid.NectroidActivity"]}, {"bb5fb590557a76a1582b16f7a217181f": ["1", "com.kvance.Nectroid.NectroidActivity"]}, {"bb5fb590557a76a1582b16f7a217181f": ["1", "com.kvance.Nectroid.NectroidActivity"]}, {"bb5fb590557a76a1582b16f7a217181f": ["1", "com.kvance.Nectroid.NectroidActivity"]}, {"bb5fb590557a76a1582b16f7a217181f": ["1", "com.kvance.Nectroid.NectroidActivity"]}, {"bb5fb590557a76a1582b16f7a217181f": ["1", "com.kvance.Nectroid.NectroidActivity"]}, {"bb5fb590557a76a1582b16f7a217181f": ["1", "com.kvance.Nectroid.NectroidActivity"]}, {"bb5fb590557a76a1582b16f7a217181f": ["1", "com.kvance.Nectroid.NectroidActivity"]}, {"bb5fb590557a76a1582b16f7a217181f": ["1", "com.kvance.Nectroid.NectroidActivity"]}, {"bb5fb590557a76a1582b16f7a217181f": ["1", "com.kvance.Nectroid.NectroidActivity"]}, {"bb5fb590557a76a1582b16f7a217181f": ["1", "com.kvance.Nectroid.NectroidActivity"]}, {"bb5fb590557a76a1582b16f7a217181f": ["1", "com.kvance.Nectroid.NectroidActivity"]}, {"bb5fb590557a76a1582b16f7a217181f": ["1", "com.kvance.Nectroid.NectroidActivity"]}, {"bb5fb590557a76a1582b16f7a217181f": ["1", "com.kvance.Nectroid.NectroidActivity"]}, {"bb5fb590557a76a1582b16f7a217181f": ["1", "com.kvance.Nectroid.NectroidActivity"]}, {"bb5fb590557a76a1582b16f7a217181f": ["1", "com.kvance.Nectroid.NectroidActivity"]}, {"bb5fb590557a76a1582b16f7a217181f": ["1", "com.kvance.Nectroid.NectroidActivity"]}, {"bb5fb590557a76a1582b16f7a217181f": ["1", "com.kvance.Nectroid.NectroidActivity"]}, {"bb5fb590557a76a1582b16f7a217181f": ["1", "com.kvance.Nectroid.NectroidActivity"]}, {"bb5fb590557a76a1582b16f7a217181f": ["1", "com.kvance.Nectroid.NectroidActivity"]}, {"bb5fb590557a76a1582b16f7a217181f": ["1", "com.kvance.Nectroid.NectroidActivity"]}, {"bb5fb590557a76a1582b16f7a217181f": ["1", "com.kvance.Nectroid.NectroidActivity"]}, {"bb5fb590557a76a1582b16f7a217181f": ["1", "com.kvance.Nectroid.NectroidActivity"]}, {"bb5fb590557a76a1582b16f7a217181f": ["1", "com.kvance.Nectroid.NectroidActivity"]}, {"bb5fb590557a76a1582b16f7a217181f": ["1", "com.kvance.Nectroid.NectroidActivity"]}, {"bb5fb590557a76a1582b16f7a217181f": ["1", "com.kvance.Nectroid.NectroidActivity"]}, {"bb5fb590557a76a1582b16f7a217181f": ["1", "com.kvance.Nectroid.NectroidActivity"]}, {"bb5fb590557a76a1582b16f7a217181f": ["1", "com.kvance.Nectroid.NectroidActivity"]}, {"bb5fb590557a76a1582b16f7a217181f": ["1", "com.kvance.Nectroid.NectroidActivity"]}, {"bb5fb590557a76a1582b16f7a217181f": ["1", "com.kvance.Nectroid.NectroidActivity"]}, {"bb5fb590557a76a1582b16f7a217181f": ["1", "com.kvance.Nectroid.NectroidActivity"]}, {"bb5fb590557a76a1582b16f7a217181f": ["1", "com.kvance.Nectroid.NectroidActivity"]}, {"bb5fb590557a76a1582b16f7a217181f": ["1", "com.kvance.Nectroid.NectroidActivity"]}, {"bb5fb590557a76a1582b16f7a217181f": ["1", "com.kvance.Nectroid.NectroidActivity"]}, {"bb5fb590557a76a1582b16f7a217181f": ["1", "com.kvance.Nectroid.NectroidActivity"]}, {"bb5fb590557a76a1582b16f7a217181f": ["1", "com.kvance.Nectroid.NectroidActivity"]}, {"bb5fb590557a76a1582b16f7a217181f": ["1", "com.kvance.Nectroid.NectroidActivity"]}, {"bb5fb590557a76a1582b16f7a217181f": ["1", "com.kvance.Nectroid.NectroidActivity"]}, {"bb5fb590557a76a1582b16f7a217181f": ["1", "com.kvance.Nectroid.NectroidActivity"]}, {"bb5fb590557a76a1582b16f7a217181f": ["1", "com.kvance.Nectroid.NectroidActivity"]}, {"bb5fb590557a76a1582b16f7a217181f": ["1", "com.kvance.Nectroid.NectroidActivity"]}, {"bb5fb590557a76a1582b16f7a217181f": ["1", "com.kvance.Nectroid.NectroidActivity"]}, {"bb5fb590557a76a1582b16f7a217181f": ["1", "com.kvance.Nectroid.NectroidActivity"]}, {"bb5fb590557a76a1582b16f7a217181f": ["1", "com.kvance.Nectroid.NectroidActivity"]}, {"bb5fb590557a76a1582b16f7a217181f": ["1", "com.kvance.Nectroid.NectroidActivity"]}, {"bb5fb590557a76a1582b16f7a217181f": ["1", "com.kvance.Nectroid.NectroidActivity"]}, {"bb5fb590557a76a1582b16f7a217181f": ["1", "com.kvance.Nectroid.NectroidActivity"]}, {"bb5fb590557a76a1582b16f7a217181f": ["1", "com.kvance.Nectroid.NectroidActivity"]}, {"bb5fb590557a76a1582b16f7a217181f": ["1", "com.kvance.Nectroid.NectroidActivity"]}, {"bb5fb590557a76a1582b16f7a217181f": ["1", "com.kvance.Nectroid.NectroidActivity"]}, {"bb5fb590557a76a1582b16f7a217181f": ["1", "com.kvance.Nectroid.NectroidActivity"]}, {"bb5fb590557a76a1582b16f7a217181f": ["1", "com.kvance.Nectroid.NectroidActivity"]}, {"bb5fb590557a76a1582b16f7a217181f": ["1", "com.kvance.Nectroid.NectroidActivity"]}, {"bb5fb590557a76a1582b16f7a217181f": ["1", "com.kvance.Nectroid.NectroidActivity"]}, {"bb5fb590557a76a1582b16f7a217181f": ["1", "com.kvance.Nectroid.NectroidActivity"]}, {"bb5fb590557a76a1582b16f7a217181f": ["1", "com.kvance.Nectroid.NectroidActivity"]}, {"bb5fb590557a76a1582b16f7a217181f": ["1", "com.kvance.Nectroid.NectroidActivity"]}, {"bb5fb590557a76a1582b16f7a217181f": ["1", "com.kvance.Nectroid.NectroidActivity"]}, {"bb5fb590557a76a1582b16f7a217181f": ["1", "com.kvance.Nectroid.NectroidActivity"]}, {"bb5fb590557a76a1582b16f7a217181f": ["1", "com.kvance.Nectroid.NectroidActivity"]}, {"bb5fb590557a76a1582b16f7a217181f": ["1", "com.kvance.Nectroid.NectroidActivity"]}, {"bb5fb590557a76a1582b16f7a217181f": ["1", "com.kvance.Nectroid.NectroidActivity"]}, {"bb5fb590557a76a1582b16f7a217181f": ["1", "com.kvance.Nectroid.NectroidActivity"]}, {"bb5fb590557a76a1582b16f7a217181f": ["1", "com.kvance.Nectroid.NectroidActivity"]}, {"bb5fb590557a76a1582b16f7a217181f": ["1", "com.kvance.Nectroid.NectroidActivity"]}, {"bb5fb590557a76a1582b16f7a217181f": ["1", "com.kvance.Nectroid.NectroidActivity"]}, {"bb5fb590557a76a1582b16f7a217181f": ["1", "com.kvance.Nectroid.NectroidActivity"]}, {"bb5fb590557a76a1582b16f7a217181f": ["1", "com.kvance.Nectroid.NectroidActivity"]}, {"bb5fb590557a76a1582b16f7a217181f": ["1", "com.kvance.Nectroid.NectroidActivity"]}, {"bb5fb590557a76a1582b16f7a217181f": ["1", "com.kvance.Nectroid.NectroidActivity"]}, {"bb5fb590557a76a1582b16f7a217181f": ["1", "com.kvance.Nectroid.NectroidActivity"]}, {"bb5fb590557a76a1582b16f7a217181f": ["1", "com.kvance.Nectroid.NectroidActivity"]}, {"bb5fb590557a76a1582b16f7a217181f": ["1", "com.kvance.Nectroid.NectroidActivity"]}, {"bb5fb590557a76a1582b16f7a217181f": ["1", "com.kvance.Nectroid.NectroidActivity"]}, {"bb5fb590557a76a1582b16f7a217181f": ["1", "com.kvance.Nectroid.NectroidActivity"]}, {"bb5fb590557a76a1582b16f7a217181f": ["1", "com.kvance.Nectroid.NectroidActivity"]}, {"bb5fb590557a76a1582b16f7a217181f": ["1", "com.kvance.Nectroid.NectroidActivity"]}, {"bb5fb590557a76a1582b16f7a217181f": ["1", "com.kvance.Nectroid.NectroidActivity"]}, {"bb5fb590557a76a1582b16f7a217181f": ["1", "com.kvance.Nectroid.NectroidActivity"]}, {"bb5fb590557a76a1582b16f7a217181f": ["1", "com.kvance.Nectroid.NectroidActivity"]}, {"bb5fb590557a76a1582b16f7a217181f": ["1", "com.kvance.Nectroid.NectroidActivity"]}, {"bb5fb590557a76a1582b16f7a217181f": ["1", "com.kvance.Nectroid.NectroidActivity"]}, {"bb5fb590557a76a1582b16f7a217181f": ["1", "com.kvance.Nectroid.NectroidActivity"]}, {"bb5fb590557a76a1582b16f7a217181f": ["1", "com.kvance.Nectroid.NectroidActivity"]}, {"bb5fb590557a76a1582b16f7a217181f": ["1", "com.kvance.Nectroid.NectroidActivity"]}, {"bb5fb590557a76a1582b16f7a217181f": ["1", "com.kvance.Nectroid.NectroidActivity"]}, {"bb5fb590557a76a1582b16f7a217181f": ["1", "com.kvance.Nectroid.NectroidActivity"]}, {"bb5fb590557a76a1582b16f7a217181f": ["1", "com.kvance.Nectroid.NectroidActivity"]}, {"bb5fb590557a76a1582b16f7a217181f": ["1", "com.kvance.Nectroid.NectroidActivity"]}, {"bb5fb590557a76a1582b16f7a217181f": ["1", "com.kvance.Nectroid.NectroidActivity"]}, {"bb5fb590557a76a1582b16f7a217181f": ["1", "com.kvance.Nectroid.NectroidActivity"]}, {"bb5fb590557a76a1582b16f7a217181f": ["1", "com.kvance.Nectroid.NectroidActivity"]}, {"bb5fb590557a76a1582b16f7a217181f": ["1", "com.kvance.Nectroid.NectroidActivity"]}, {"bb5fb590557a76a1582b16f7a217181f": ["1", "com.kvance.Nectroid.NectroidActivity"]}, {"bb5fb590557a76a1582b16f7a217181f": ["1", "com.kvance.Nectroid.NectroidActivity"]}, {"bb5fb590557a76a1582b16f7a217181f": ["1", "com.kvance.Nectroid.NectroidActivity"]}, {"bb5fb590557a76a1582b16f7a217181f": ["1", "com.kvance.Nectroid.NectroidActivity"]}, {"bb5fb590557a76a1582b16f7a217181f": ["1", "com.kvance.Nectroid.NectroidActivity"]}, {"bb5fb590557a76a1582b16f7a217181f": ["1", "com.kvance.Nectroid.NectroidActivity"]}, {"bb5fb590557a76a1582b16f7a217181f": ["1", "com.kvance.Nectroid.NectroidActivity"]}, {"bb5fb590557a76a1582b16f7a217181f": ["1", "com.kvance.Nectroid.NectroidActivity"]}, {"bb5fb590557a76a1582b16f7a217181f": ["1", "com.kvance.Nectroid.NectroidActivity"]}, {"bb5fb590557a76a1582b16f7a217181f": ["1", "com.kvance.Nectroid.NectroidActivity"]}, {"bb5fb590557a76a1582b16f7a217181f": ["1", "com.kvance.Nectroid.NectroidActivity"]}, {"bb5fb590557a76a1582b16f7a217181f": ["1", "com.kvance.Nectroid.NectroidActivity"]}, {"bb5fb590557a76a1582b16f7a217181f": ["1", "com.kvance.Nectroid.NectroidActivity"]}, {"bb5fb590557a76a1582b16f7a217181f": ["1", "com.kvance.Nectroid.NectroidActivity"]}, {"bb5fb590557a76a1582b16f7a217181f": ["1", "com.kvance.Nectroid.NectroidActivity"]}, {"bb5fb590557a76a1582b16f7a217181f": ["1", "com.kvance.Nectroid.NectroidActivity"]}, {"bb5fb590557a76a1582b16f7a217181f": ["1", "com.kvance.Nectroid.NectroidActivity"]}, {"bb5fb590557a76a1582b16f7a217181f": ["1", "com.kvance.Nectroid.NectroidActivity"]}, {"bb5fb590557a76a1582b16f7a217181f": ["1", "com.kvance.Nectroid.NectroidActivity"]}, {"bb5fb590557a76a1582b16f7a217181f": ["1", "com.kvance.Nectroid.NectroidActivity"]}, {"bb5fb590557a76a1582b16f7a217181f": ["1", "com.kvance.Nectroid.NectroidActivity"]}, {"bb5fb590557a76a1582b16f7a217181f": ["1", "com.kvance.Nectroid.NectroidActivity"]}, {"bb5fb590557a76a1582b16f7a217181f": ["1", "com.kvance.Nectroid.NectroidActivity"]}, {"bb5fb590557a76a1582b16f7a217181f": ["1", "com.kvance.Nectroid.NectroidActivity"]}, {"bb5fb590557a76a1582b16f7a217181f": ["1", "com.kvance.Nectroid.NectroidActivity"]}, {"bb5fb590557a76a1582b16f7a217181f": ["1", "com.kvance.Nectroid.NectroidActivity"]}, {"bb5fb590557a76a1582b16f7a217181f": ["1", "com.kvance.Nectroid.NectroidActivity"]}, {"bb5fb590557a76a1582b16f7a217181f": ["1", "com.kvance.Nectroid.NectroidActivity"]}, {"bb5fb590557a76a1582b16f7a217181f": ["1", "com.kvance.Nectroid.NectroidActivity"]}, {"bb5fb590557a76a1582b16f7a217181f": ["1", "com.kvance.Nectroid.NectroidActivity"]}, {"bb5fb590557a76a1582b16f7a217181f": ["1", "com.kvance.Nectroid.NectroidActivity"]}, {"bb5fb590557a76a1582b16f7a217181f": ["1", "com.kvance.Nectroid.NectroidActivity"]}, {"bb5fb590557a76a1582b16f7a217181f": ["1", "com.kvance.Nectroid.NectroidActivity"]}, {"bb5fb590557a76a1582b16f7a217181f": ["1", "com.kvance.Nectroid.NectroidActivity"]}, {"bb5fb590557a76a1582b16f7a217181f": ["1", "com.kvance.Nectroid.NectroidActivity"]}, {"bb5fb590557a76a1582b16f7a217181f": ["1", "com.kvance.Nectroid.NectroidActivity"]}, {"bb5fb590557a76a1582b16f7a217181f": ["1", "com.kvance.Nectroid.NectroidActivity"]}, {"bb5fb590557a76a1582b16f7a217181f": ["1", "com.kvance.Nectroid.NectroidActivity"]}, {"bb5fb590557a76a1582b16f7a217181f": ["1", "com.kvance.Nectroid.NectroidActivity"]}, {"bb5fb590557a76a1582b16f7a217181f": ["1", "com.kvance.Nectroid.NectroidActivity"]}, {"bb5fb590557a76a1582b16f7a217181f": ["1", "com.kvance.Nectroid.NectroidActivity"]}, {"bb5fb590557a76a1582b16f7a217181f": ["1", "com.kvance.Nectroid.NectroidActivity"]}, {"bb5fb590557a76a1582b16f7a217181f": ["1", "com.kvance.Nectroid.NectroidActivity"]}, {"bb5fb590557a76a1582b16f7a217181f": ["1", "com.kvance.Nectroid.NectroidActivity"]}, {"bb5fb590557a76a1582b16f7a217181f": ["1", "com.kvance.Nectroid.NectroidActivity"]}, {"bb5fb590557a76a1582b16f7a217181f": ["1", "com.kvance.Nectroid.NectroidActivity"]}, {"bb5fb590557a76a1582b16f7a217181f": ["1", "com.kvance.Nectroid.NectroidActivity"]}, {"bb5fb590557a76a1582b16f7a217181f": ["1", "com.kvance.Nectroid.NectroidActivity"]}, {"bb5fb590557a76a1582b16f7a217181f": ["1", "com.kvance.Nectroid.NectroidActivity"]}, {"bb5fb590557a76a1582b16f7a217181f": ["1", "com.kvance.Nectroid.NectroidActivity"]}, {"bb5fb590557a76a1582b16f7a217181f": ["1", "com.kvance.Nectroid.NectroidActivity"]}, {"bb5fb590557a76a1582b16f7a217181f": ["1", "com.kvance.Nectroid.NectroidActivity"]}, {"bb5fb590557a76a1582b16f7a217181f": ["1", "com.kvance.Nectroid.NectroidActivity"]}, {"bb5fb590557a76a1582b16f7a217181f": ["1", "com.kvance.Nectroid.NectroidActivity"]}, {"bb5fb590557a76a1582b16f7a217181f": ["1", "com.kvance.Nectroid.NectroidActivity"]}, {"bb5fb590557a76a1582b16f7a217181f": ["1", "com.kvance.Nectroid.NectroidActivity"]}, {"bb5fb590557a76a1582b16f7a217181f": ["1", "com.kvance.Nectroid.NectroidActivity"]}, {"bb5fb590557a76a1582b16f7a217181f": ["1", "com.kvance.Nectroid.NectroidActivity"]}, {"bb5fb590557a76a1582b16f7a217181f": ["1", "com.kvance.Nectroid.NectroidActivity"]}, {"bb5fb590557a76a1582b16f7a217181f": ["1", "com.kvance.Nectroid.NectroidActivity"]}, {"bb5fb590557a76a1582b16f7a217181f": ["1", "com.kvance.Nectroid.NectroidActivity"]}, {"bb5fb590557a76a1582b16f7a217181f": ["1", "com.kvance.Nectroid.NectroidActivity"]}, {"bb5fb590557a76a1582b16f7a217181f": ["1", "com.kvance.Nectroid.NectroidActivity"]}, {"bb5fb590557a76a1582b16f7a217181f": ["1", "com.kvance.Nectroid.NectroidActivity"]}, {"bb5fb590557a76a1582b16f7a217181f": ["1", "com.kvance.Nectroid.NectroidActivity"]}, {"bb5fb590557a76a1582b16f7a217181f": ["1", "com.kvance.Nectroid.NectroidActivity"]}, {"bb5fb590557a76a1582b16f7a217181f": ["1", "com.kvance.Nectroid.NectroidActivity"]}, {"bb5fb590557a76a1582b16f7a217181f": ["1", "com.kvance.Nectroid.NectroidActivity"]}, {"bb5fb590557a76a1582b16f7a217181f": ["1", "com.kvance.Nectroid.NectroidActivity"]}, {"bb5fb590557a76a1582b16f7a217181f": ["1", "com.kvance.Nectroid.NectroidActivity"]}, {"bb5fb590557a76a1582b16f7a217181f": ["1", "com.kvance.Nectroid.NectroidActivity"]}, {"bb5fb590557a76a1582b16f7a217181f": ["1", "com.kvance.Nectroid.NectroidActivity"]}, {"bb5fb590557a76a1582b16f7a217181f": ["1", "com.kvance.Nectroid.NectroidActivity"]}, {"bb5fb590557a76a1582b16f7a217181f": ["1", "com.kvance.Nectroid.NectroidActivity"]}, {"bb5fb590557a76a1582b16f7a217181f": ["1", "com.kvance.Nectroid.NectroidActivity"]}, {"bb5fb590557a76a1582b16f7a217181f": ["1", "com.kvance.Nectroid.NectroidActivity"]}, {"bb5fb590557a76a1582b16f7a217181f": ["1", "com.kvance.Nectroid.NectroidActivity"]}, {"bb5fb590557a76a1582b16f7a217181f": ["1", "com.kvance.Nectroid.NectroidActivity"]}, {"bb5fb590557a76a1582b16f7a217181f": ["1", "com.kvance.Nectroid.NectroidActivity"]}, {"bb5fb590557a76a1582b16f7a217181f": ["1", "com.kvance.Nectroid.NectroidActivity"]}, {"bb5fb590557a76a1582b16f7a217181f": ["1", "com.kvance.Nectroid.NectroidActivity"]}, {"bb5fb590557a76a1582b16f7a217181f": ["1", "com.kvance.Nectroid.NectroidActivity"]}, {"bb5fb590557a76a1582b16f7a217181f": ["1", "com.kvance.Nectroid.NectroidActivity"]}, {"bb5fb590557a76a1582b16f7a217181f": ["1", "com.kvance.Nectroid.NectroidActivity"]}, {"bb5fb590557a76a1582b16f7a217181f": ["1", "com.kvance.Nectroid.NectroidActivity"]}, {"bb5fb590557a76a1582b16f7a217181f": ["1", "com.kvance.Nectroid.NectroidActivity"]}, {"bb5fb590557a76a1582b16f7a217181f": ["1", "com.kvance.Nectroid.NectroidActivity"]}, {"bb5fb590557a76a1582b16f7a217181f": ["1", "com.kvance.Nectroid.NectroidActivity"]}, {"bb5fb590557a76a1582b16f7a217181f": ["1", "com.kvance.Nectroid.NectroidActivity"]}, {"bb5fb590557a76a1582b16f7a217181f": ["1", "com.kvance.Nectroid.NectroidActivity"]}, {"bb5fb590557a76a1582b16f7a217181f": ["1", "com.kvance.Nectroid.NectroidActivity"]}, {"bb5fb590557a76a1582b16f7a217181f": ["1", "com.kvance.Nectroid.NectroidActivity"]}, {"bb5fb590557a76a1582b16f7a217181f": ["1", "com.kvance.Nectroid.NectroidActivity"]}, {"bb5fb590557a76a1582b16f7a217181f": ["1", "com.kvance.Nectroid.NectroidActivity"]}, {"bb5fb590557a76a1582b16f7a217181f": ["1", "com.kvance.Nectroid.NectroidActivity"]}, {"bb5fb590557a76a1582b16f7a217181f": ["1", "com.kvance.Nectroid.NectroidActivity"]}, {"bb5fb590557a76a1582b16f7a217181f": ["1", "com.kvance.Nectroid.NectroidActivity"]}, {"bb5fb590557a76a1582b16f7a217181f": ["1", "com.kvance.Nectroid.NectroidActivity"]}, {"bb5fb590557a76a1582b16f7a217181f": ["1", "com.kvance.Nectroid.NectroidActivity"]}, {"bb5fb590557a76a1582b16f7a217181f": ["1", "com.kvance.Nectroid.NectroidActivity"]}, {"bb5fb590557a76a1582b16f7a217181f": ["1", "com.kvance.Nectroid.NectroidActivity"]}, {"bb5fb590557a76a1582b16f7a217181f": ["1", "com.kvance.Nectroid.NectroidActivity"]}, {"bb5fb590557a76a1582b16f7a217181f": ["1", "com.kvance.Nectroid.NectroidActivity"]}, {"bb5fb590557a76a1582b16f7a217181f": ["1", "com.kvance.Nectroid.NectroidActivity"]}, {"bb5fb590557a76a1582b16f7a217181f": ["1", "com.kvance.Nectroid.NectroidActivity"]}, {"bb5fb590557a76a1582b16f7a217181f": ["1", "com.kvance.Nectroid.NectroidActivity"]}, {"bb5fb590557a76a1582b16f7a217181f": ["1", "com.kvance.Nectroid.NectroidActivity"]}, {"bb5fb590557a76a1582b16f7a217181f": ["1", "com.kvance.Nectroid.NectroidActivity"]}, {"bb5fb590557a76a1582b16f7a217181f": ["1", "com.kvance.Nectroid.NectroidActivity"]}, {"bb5fb590557a76a1582b16f7a217181f": ["1", "com.kvance.Nectroid.NectroidActivity"]}, {"bb5fb590557a76a1582b16f7a217181f": ["1", "com.kvance.Nectroid.NectroidActivity"]}, {"bb5fb590557a76a1582b16f7a217181f": ["1", "com.kvance.Nectroid.NectroidActivity"]}, {"bb5fb590557a76a1582b16f7a217181f": ["1", "com.kvance.Nectroid.NectroidActivity"]}, {"bb5fb590557a76a1582b16f7a217181f": ["1", "com.kvance.Nectroid.NectroidActivity"]}, {"bb5fb590557a76a1582b16f7a217181f": ["1", "com.kvance.Nectroid.NectroidActivity"]}, {"bb5fb590557a76a1582b16f7a217181f": ["1", "com.kvance.Nectroid.NectroidActivity"]}, {"bb5fb590557a76a1582b16f7a217181f": ["1", "com.kvance.Nectroid.NectroidActivity"]}, {"bb5fb590557a76a1582b16f7a217181f": ["1", "com.kvance.Nectroid.NectroidActivity"]}, {"bb5fb590557a76a1582b16f7a217181f": ["1", "com.kvance.Nectroid.NectroidActivity"]}, {"bb5fb590557a76a1582b16f7a217181f": ["1", "com.kvance.Nectroid.NectroidActivity"]}, {"bb5fb590557a76a1582b16f7a217181f": ["1", "com.kvance.Nectroid.NectroidActivity"]}, {"bb5fb590557a76a1582b16f7a217181f": ["1", "com.kvance.Nectroid.NectroidActivity"]}, {"bb5fb590557a76a1582b16f7a217181f": ["1", "com.kvance.Nectroid.NectroidActivity"]}, {"bb5fb590557a76a1582b16f7a217181f": ["1", "com.kvance.Nectroid.NectroidActivity"]}, {"bb5fb590557a76a1582b16f7a217181f": ["1", "com.kvance.Nectroid.NectroidActivity"]}, {"bb5fb590557a76a1582b16f7a217181f": ["1", "com.kvance.Nectroid.NectroidActivity"]}, {"bb5fb590557a76a1582b16f7a217181f": ["1", "com.kvance.Nectroid.NectroidActivity"]}, {"bb5fb590557a76a1582b16f7a217181f": ["1", "com.kvance.Nectroid.NectroidActivity"]}, {"bb5fb590557a76a1582b16f7a217181f": ["1", "com.kvance.Nectroid.NectroidActivity"]}, {"bb5fb590557a76a1582b16f7a217181f": ["1", "com.kvance.Nectroid.NectroidActivity"]}, {"bb5fb590557a76a1582b16f7a217181f": ["1", "com.kvance.Nectroid.NectroidActivity"]}, {"bb5fb590557a76a1582b16f7a217181f": ["1", "com.kvance.Nectroid.NectroidActivity"]}, {"bb5fb590557a76a1582b16f7a217181f": ["1", "com.kvance.Nectroid.NectroidActivity"]}, {"bb5fb590557a76a1582b16f7a217181f": ["1", "com.kvance.Nectroid.NectroidActivity"]}, {"bb5fb590557a76a1582b16f7a217181f": ["1", "com.kvance.Nectroid.NectroidActivity"]}, {"bb5fb590557a76a1582b16f7a217181f": ["1", "com.kvance.Nectroid.NectroidActivity"]}, {"bb5fb590557a76a1582b16f7a217181f": ["1", "com.kvance.Nectroid.NectroidActivity"]}, {"bb5fb590557a76a1582b16f7a217181f": ["1", "com.kvance.Nectroid.NectroidActivity"]}, {"bb5fb590557a76a1582b16f7a217181f": ["1", "com.kvance.Nectroid.NectroidActivity"]}, {"bb5fb590557a76a1582b16f7a217181f": ["1", "com.kvance.Nectroid.NectroidActivity"]}, {"bb5fb590557a76a1582b16f7a217181f": ["1", "com.kvance.Nectroid.NectroidActivity"]}, {"bb5fb590557a76a1582b16f7a217181f": ["1", "com.kvance.Nectroid.NectroidActivity"]}, {"bb5fb590557a76a1582b16f7a217181f": ["1", "com.kvance.Nectroid.NectroidActivity"]}, {"bb5fb590557a76a1582b16f7a217181f": ["1", "com.kvance.Nectroid.NectroidActivity"]}, {"bb5fb590557a76a1582b16f7a217181f": ["1", "com.kvance.Nectroid.NectroidActivity"]}, {"bb5fb590557a76a1582b16f7a217181f": ["1", "com.kvance.Nectroid.NectroidActivity"]}, {"bb5fb590557a76a1582b16f7a217181f": ["1", "com.kvance.Nectroid.NectroidActivity"]}, {"bb5fb590557a76a1582b16f7a217181f": ["1", "com.kvance.Nectroid.NectroidActivity"]}, {"bb5fb590557a76a1582b16f7a217181f": ["1", "com.kvance.Nectroid.NectroidActivity"]}, {"bb5fb590557a76a1582b16f7a217181f": ["1", "com.kvance.Nectroid.NectroidActivity"]}, {"bb5fb590557a76a1582b16f7a217181f": ["1", "com.kvance.Nectroid.NectroidActivity"]}, {"bb5fb590557a76a1582b16f7a217181f": ["1", "com.kvance.Nectroid.NectroidActivity"]}, {"bb5fb590557a76a1582b16f7a217181f": ["1", "com.kvance.Nectroid.NectroidActivity"]}, {"bb5fb590557a76a1582b16f7a217181f": ["1", "com.kvance.Nectroid.NectroidActivity"]}, {"bb5fb590557a76a1582b16f7a217181f": ["1", "com.kvance.Nectroid.NectroidActivity"]}, {"bb5fb590557a76a1582b16f7a217181f": ["1", "com.kvance.Nectroid.NectroidActivity"]}, {"bb5fb590557a76a1582b16f7a217181f": ["1", "com.kvance.Nectroid.NectroidActivity"]}, {"bb5fb590557a76a1582b16f7a217181f": ["1", "com.kvance.Nectroid.NectroidActivity"]}, {"bb5fb590557a76a1582b16f7a217181f": ["1", "com.kvance.Nectroid.NectroidActivity"]}, {"bb5fb590557a76a1582b16f7a217181f": ["1", "com.kvance.Nectroid.NectroidActivity"]}, {"bb5fb590557a76a1582b16f7a217181f": ["1", "com.kvance.Nectroid.NectroidActivity"]}, {"bb5fb590557a76a1582b16f7a217181f": ["1", "com.kvance.Nectroid.NectroidActivity"]}, {"bb5fb590557a76a1582b16f7a217181f": ["1", "com.kvance.Nectroid.NectroidActivity"]}, {"bb5fb590557a76a1582b16f7a217181f": ["1", "com.kvance.Nectroid.NectroidActivity"]}, {"bb5fb590557a76a1582b16f7a217181f": ["1", "com.kvance.Nectroid.NectroidActivity"]}, {"bb5fb590557a76a1582b16f7a217181f": ["1", "com.kvance.Nectroid.NectroidActivity"]}, {"bb5fb590557a76a1582b16f7a217181f": ["1", "com.kvance.Nectroid.NectroidActivity"]}, {"bb5fb590557a76a1582b16f7a217181f": ["1", "com.kvance.Nectroid.NectroidActivity"]}, {"bb5fb590557a76a1582b16f7a217181f": ["1", "com.kvance.Nectroid.NectroidActivity"]}, {"bb5fb590557a76a1582b16f7a217181f": ["1", "com.kvance.Nectroid.NectroidActivity"]}, {"bb5fb590557a76a1582b16f7a217181f": ["1", "com.kvance.Nectroid.NectroidActivity"]}, {"bb5fb590557a76a1582b16f7a217181f": ["1", "com.kvance.Nectroid.NectroidActivity"]}, {"bb5fb590557a76a1582b16f7a217181f": ["1", "com.kvance.Nectroid.NectroidActivity"]}, {"bb5fb590557a76a1582b16f7a217181f": ["1", "com.kvance.Nectroid.NectroidActivity"]}, {"bb5fb590557a76a1582b16f7a217181f": ["1", "com.kvance.Nectroid.NectroidActivity"]}, {"bb5fb590557a76a1582b16f7a217181f": ["1", "com.kvance.Nectroid.NectroidActivity"]}, {"bb5fb590557a76a1582b16f7a217181f": ["1", "com.kvance.Nectroid.NectroidActivity"]}, {"bb5fb590557a76a1582b16f7a217181f": ["1", "com.kvance.Nectroid.NectroidActivity"]}, {"bb5fb590557a76a1582b16f7a217181f": ["1", "com.kvance.Nectroid.NectroidActivity"]}, {"bb5fb590557a76a1582b16f7a217181f": ["1", "com.kvance.Nectroid.NectroidActivity"]}, {"bb5fb590557a76a1582b16f7a217181f": ["1", "com.kvance.Nectroid.NectroidActivity"]}, {"bb5fb590557a76a1582b16f7a217181f": ["1", "com.kvance.Nectroid.NectroidActivity"]}, {"bb5fb590557a76a1582b16f7a217181f": ["1", "com.kvance.Nectroid.NectroidActivity"]}, {"bb5fb590557a76a1582b16f7a217181f": ["1", "com.kvance.Nectroid.NectroidActivity"]}, {"bb5fb590557a76a1582b16f7a217181f": ["1", "com.kvance.Nectroid.NectroidActivity"]}, {"bb5fb590557a76a1582b16f7a217181f": ["1", "com.kvance.Nectroid.NectroidActivity"]}, {"bb5fb590557a76a1582b16f7a217181f": ["1", "com.kvance.Nectroid.NectroidActivity"]}, {"bb5fb590557a76a1582b16f7a217181f": ["1", "com.kvance.Nectroid.NectroidActivity"]}, {"bb5fb590557a76a1582b16f7a217181f": ["1", "com.kvance.Nectroid.NectroidActivity"]}, {"bb5fb590557a76a1582b16f7a217181f": ["1", "com.kvance.Nectroid.NectroidActivity"]}, {"bb5fb590557a76a1582b16f7a217181f": ["1", "com.kvance.Nectroid.NectroidActivity"]}, {"bb5fb590557a76a1582b16f7a217181f": ["1", "com.kvance.Nectroid.NectroidActivity"]}, {"bb5fb590557a76a1582b16f7a217181f": ["1", "com.kvance.Nectroid.NectroidActivity"]}, {"bb5fb590557a76a1582b16f7a217181f": ["1", "com.kvance.Nectroid.NectroidActivity"]}, {"bb5fb590557a76a1582b16f7a217181f": ["1", "com.kvance.Nectroid.NectroidActivity"]}, {"bb5fb590557a76a1582b16f7a217181f": ["1", "com.kvance.Nectroid.NectroidActivity"]}, {"bb5fb590557a76a1582b16f7a217181f": ["1", "com.kvance.Nectroid.NectroidActivity"]}, {"bb5fb590557a76a1582b16f7a217181f": ["1", "com.kvance.Nectroid.NectroidActivity"]}, {"bb5fb590557a76a1582b16f7a217181f": ["1", "com.kvance.Nectroid.NectroidActivity"]}, {"bb5fb590557a76a1582b16f7a217181f": ["1", "com.kvance.Nectroid.NectroidActivity"]}, {"bb5fb590557a76a1582b16f7a217181f": ["1", "com.kvance.Nectroid.NectroidActivity"]}, {"bb5fb590557a76a1582b16f7a217181f": ["1", "com.kvance.Nectroid.NectroidActivity"]}, {"bb5fb590557a76a1582b16f7a217181f": ["1", "com.kvance.Nectroid.NectroidActivity"]}, {"bb5fb590557a76a1582b16f7a217181f": ["1", "com.kvance.Nectroid.NectroidActivity"]}, {"bb5fb590557a76a1582b16f7a217181f": ["1", "com.kvance.Nectroid.NectroidActivity"]}, {"bb5fb590557a76a1582b16f7a217181f": ["1", "com.kvance.Nectroid.NectroidActivity"]}, {"bb5fb590557a76a1582b16f7a217181f": ["1", "com.kvance.Nectroid.NectroidActivity"]}, {"bb5fb590557a76a1582b16f7a217181f": ["1", "com.kvance.Nectroid.NectroidActivity"]}, {"bb5fb590557a76a1582b16f7a217181f": ["1", "com.kvance.Nectroid.NectroidActivity"]}, {"bb5fb590557a76a1582b16f7a217181f": ["1", "com.kvance.Nectroid.NectroidActivity"]}, {"bb5fb590557a76a1582b16f7a217181f": ["1", "com.kvance.Nectroid.NectroidActivity"]}, {"bb5fb590557a76a1582b16f7a217181f": ["1", "com.kvance.Nectroid.NectroidActivity"]}, {"bb5fb590557a76a1582b16f7a217181f": ["1", "com.kvance.Nectroid.NectroidActivity"]}, {"bb5fb590557a76a1582b16f7a217181f": ["1", "com.kvance.Nectroid.NectroidActivity"]}, {"bb5fb590557a76a1582b16f7a217181f": ["1", "com.kvance.Nectroid.NectroidActivity"]}, {"bb5fb590557a76a1582b16f7a217181f": ["1", "com.kvance.Nectroid.NectroidActivity"]}, {"bb5fb590557a76a1582b16f7a217181f": ["1", "com.kvance.Nectroid.NectroidActivity"]}, {"bb5fb590557a76a1582b16f7a217181f": ["1", "com.kvance.Nectroid.NectroidActivity"]}, {"bb5fb590557a76a1582b16f7a217181f": ["1", "com.kvance.Nectroid.NectroidActivity"]}, {"bb5fb590557a76a1582b16f7a217181f": ["1", "com.kvance.Nectroid.NectroidActivity"]}, {"bb5fb590557a76a1582b16f7a217181f": ["1", "com.kvance.Nectroid.NectroidActivity"]}, {"bb5fb590557a76a1582b16f7a217181f": ["1", "com.kvance.Nectroid.NectroidActivity"]}, {"bb5fb590557a76a1582b16f7a217181f": ["1", "com.kvance.Nectroid.NectroidActivity"]}, {"bb5fb590557a76a1582b16f7a217181f": ["1", "com.kvance.Nectroid.NectroidActivity"]}, {"bb5fb590557a76a1582b16f7a217181f": ["1", "com.kvance.Nectroid.NectroidActivity"]}, {"bb5fb590557a76a1582b16f7a217181f": ["1", "com.kvance.Nectroid.NectroidActivity"]}, {"bb5fb590557a76a1582b16f7a217181f": ["1", "com.kvance.Nectroid.NectroidActivity"]}, {"bb5fb590557a76a1582b16f7a217181f": ["1", "com.kvance.Nectroid.NectroidActivity"]}, {"bb5fb590557a76a1582b16f7a217181f": ["1", "com.kvance.Nectroid.NectroidActivity"]}, {"bb5fb590557a76a1582b16f7a217181f": ["1", "com.kvance.Nectroid.NectroidActivity"]}, {"bb5fb590557a76a1582b16f7a217181f": ["1", "com.kvance.Nectroid.NectroidActivity"]}, {"bb5fb590557a76a1582b16f7a217181f": ["1", "com.kvance.Nectroid.NectroidActivity"]}, {"bb5fb590557a76a1582b16f7a217181f": ["1", "com.kvance.Nectroid.NectroidActivity"]}, {"bb5fb590557a76a1582b16f7a217181f": ["1", "com.kvance.Nectroid.NectroidActivity"]}, {"bb5fb590557a76a1582b16f7a217181f": ["1", "com.kvance.Nectroid.NectroidActivity"]}, {"bb5fb590557a76a1582b16f7a217181f": ["1", "com.kvance.Nectroid.NectroidActivity"]}, {"bb5fb590557a76a1582b16f7a217181f": ["1", "com.kvance.Nectroid.NectroidActivity"]}, {"bb5fb590557a76a1582b16f7a217181f": ["1", "com.kvance.Nectroid.NectroidActivity"]}, {"bb5fb590557a76a1582b16f7a217181f": ["1", "com.kvance.Nectroid.NectroidActivity"]}, {"bb5fb590557a76a1582b16f7a217181f": ["1", "com.kvance.Nectroid.NectroidActivity"]}, {"bb5fb590557a76a1582b16f7a217181f": ["1", "com.kvance.Nectroid.NectroidActivity"]}, {"bb5fb590557a76a1582b16f7a217181f": ["1", "com.kvance.Nectroid.NectroidActivity"]}, {"bb5fb590557a76a1582b16f7a217181f": ["1", "com.kvance.Nectroid.NectroidActivity"]}, {"bb5fb590557a76a1582b16f7a217181f": ["1", "com.kvance.Nectroid.NectroidActivity"]}, {"bb5fb590557a76a1582b16f7a217181f": ["1", "com.kvance.Nectroid.NectroidActivity"]}, {"bb5fb590557a76a1582b16f7a217181f": ["1", "com.kvance.Nectroid.NectroidActivity"]}, {"bb5fb590557a76a1582b16f7a217181f": ["1", "com.kvance.Nectroid.NectroidActivity"]}, {"bb5fb590557a76a1582b16f7a217181f": ["1", "com.kvance.Nectroid.NectroidActivity"]}, {"bb5fb590557a76a1582b16f7a217181f": ["1", "com.kvance.Nectroid.NectroidActivity"]}, {"bb5fb590557a76a1582b16f7a217181f": ["1", "com.kvance.Nectroid.NectroidActivity"]}, {"bb5fb590557a76a1582b16f7a217181f": ["1", "com.kvance.Nectroid.NectroidActivity"]}, {"bb5fb590557a76a1582b16f7a217181f": ["1", "com.kvance.Nectroid.NectroidActivity"]}, {"bb5fb590557a76a1582b16f7a217181f": ["1", "com.kvance.Nectroid.NectroidActivity"]}, {"bb5fb590557a76a1582b16f7a217181f": ["1", "com.kvance.Nectroid.NectroidActivity"]}, {"bb5fb590557a76a1582b16f7a217181f": ["1", "com.kvance.Nectroid.NectroidActivity"]}, {"bb5fb590557a76a1582b16f7a217181f": ["1", "com.kvance.Nectroid.NectroidActivity"]}, {"bb5fb590557a76a1582b16f7a217181f": ["1", "com.kvance.Nectroid.NectroidActivity"]}, {"bb5fb590557a76a1582b16f7a217181f": ["1", "com.kvance.Nectroid.NectroidActivity"]}, {"bb5fb590557a76a1582b16f7a217181f": ["1", "com.kvance.Nectroid.NectroidActivity"]}, {"bb5fb590557a76a1582b16f7a217181f": ["1", "com.kvance.Nectroid.NectroidActivity"]}, {"bb5fb590557a76a1582b16f7a217181f": ["1", "com.kvance.Nectroid.NectroidActivity"]}, {"bb5fb590557a76a1582b16f7a217181f": ["1", "com.kvance.Nectroid.NectroidActivity"]}, {"bb5fb590557a76a1582b16f7a217181f": ["1", "com.kvance.Nectroid.NectroidActivity"]}, {"bb5fb590557a76a1582b16f7a217181f": ["1", "com.kvance.Nectroid.NectroidActivity"]}, {"bb5fb590557a76a1582b16f7a217181f": ["1", "com.kvance.Nectroid.NectroidActivity"]}, {"bb5fb590557a76a1582b16f7a217181f": ["1", "com.kvance.Nectroid.NectroidActivity"]}, {"bb5fb590557a76a1582b16f7a217181f": ["1", "com.kvance.Nectroid.NectroidActivity"]}, {"bb5fb590557a76a1582b16f7a217181f": ["1", "com.kvance.Nectroid.NectroidActivity"]}, {"bb5fb590557a76a1582b16f7a217181f": ["1", "com.kvance.Nectroid.NectroidActivity"]}, {"bb5fb590557a76a1582b16f7a217181f": ["1", "com.kvance.Nectroid.NectroidActivity"]}, {"bb5fb590557a76a1582b16f7a217181f": ["1", "com.kvance.Nectroid.NectroidActivity"]}, {"bb5fb590557a76a1582b16f7a217181f": ["1", "com.kvance.Nectroid.NectroidActivity"]}, {"bb5fb590557a76a1582b16f7a217181f": ["1", "com.kvance.Nectroid.NectroidActivity"]}, {"bb5fb590557a76a1582b16f7a217181f": ["1", "com.kvance.Nectroid.NectroidActivity"]}, {"bb5fb590557a76a1582b16f7a217181f": ["1", "com.kvance.Nectroid.NectroidActivity"]}, {"bb5fb590557a76a1582b16f7a217181f": ["1", "com.kvance.Nectroid.NectroidActivity"]}, {"bb5fb590557a76a1582b16f7a217181f": ["1", "com.kvance.Nectroid.NectroidActivity"]}, {"bb5fb590557a76a1582b16f7a217181f": ["1", "com.kvance.Nectroid.NectroidActivity"]}, {"bb5fb590557a76a1582b16f7a217181f": ["1", "com.kvance.Nectroid.NectroidActivity"]}, {"bb5fb590557a76a1582b16f7a217181f": ["1", "com.kvance.Nectroid.NectroidActivity"]}, {"bb5fb590557a76a1582b16f7a217181f": ["1", "com.kvance.Nectroid.NectroidActivity"]}, {"bb5fb590557a76a1582b16f7a217181f": ["1", "com.kvance.Nectroid.NectroidActivity"]}, {"bb5fb590557a76a1582b16f7a217181f": ["1", "com.kvance.Nectroid.NectroidActivity"]}, {"bb5fb590557a76a1582b16f7a217181f": ["1", "com.kvance.Nectroid.NectroidActivity"]}, {"bb5fb590557a76a1582b16f7a217181f": ["1", "com.kvance.Nectroid.NectroidActivity"]}, {"bb5fb590557a76a1582b16f7a217181f": ["1", "com.kvance.Nectroid.NectroidActivity"]}]