[{"b677360a6d7f8e29cf0ef9d5e388f7b8": ["0", "com.tum.yahtzee.YahtzeeActivity"]}, {"cb3c0d63e7151e309152506291eeb3c2": ["1", "com.tum.yahtzee.YahtzeeActivity"]}, {"b677360a6d7f8e29cf0ef9d5e388f7b8": ["0", "com.tum.yahtzee.YahtzeeActivity"]}, {"b677360a6d7f8e29cf0ef9d5e388f7b8": ["0", "com.tum.yahtzee.YahtzeeActivity"]}, {"b677360a6d7f8e29cf0ef9d5e388f7b8": ["0", "com.tum.yahtzee.YahtzeeActivity"]}, {"b677360a6d7f8e29cf0ef9d5e388f7b8": ["0", "com.tum.yahtzee.YahtzeeActivity"]}, {"b677360a6d7f8e29cf0ef9d5e388f7b8": ["0", "com.tum.yahtzee.YahtzeeActivity"]}, {"b677360a6d7f8e29cf0ef9d5e388f7b8": ["0", "com.tum.yahtzee.YahtzeeActivity"]}, {"b677360a6d7f8e29cf0ef9d5e388f7b8": ["0", "com.tum.yahtzee.YahtzeeActivity"]}, {"b677360a6d7f8e29cf0ef9d5e388f7b8": ["0", "com.tum.yahtzee.YahtzeeActivity"]}, {"b677360a6d7f8e29cf0ef9d5e388f7b8": ["0", "com.tum.yahtzee.YahtzeeActivity"]}, {"b677360a6d7f8e29cf0ef9d5e388f7b8": ["0", "com.tum.yahtzee.YahtzeeActivity"]}, {"b677360a6d7f8e29cf0ef9d5e388f7b8": ["0", "com.tum.yahtzee.YahtzeeActivity"]}, {"b677360a6d7f8e29cf0ef9d5e388f7b8": ["0", "com.tum.yahtzee.YahtzeeActivity"]}, {"b677360a6d7f8e29cf0ef9d5e388f7b8": ["0", "com.tum.yahtzee.YahtzeeActivity"]}, {"b677360a6d7f8e29cf0ef9d5e388f7b8": ["0", "com.tum.yahtzee.YahtzeeActivity"]}, {"b677360a6d7f8e29cf0ef9d5e388f7b8": ["0", "com.tum.yahtzee.YahtzeeActivity"]}, {"b677360a6d7f8e29cf0ef9d5e388f7b8": ["0", "com.tum.yahtzee.YahtzeeActivity"]}, {"b677360a6d7f8e29cf0ef9d5e388f7b8": ["0", "com.tum.yahtzee.YahtzeeActivity"]}, {"cb3c0d63e7151e309152506291eeb3c2": ["1", "com.tum.yahtzee.YahtzeeActivity"]}, {"b677360a6d7f8e29cf0ef9d5e388f7b8": ["0", "com.tum.yahtzee.YahtzeeActivity"]}, {"cb3c0d63e7151e309152506291eeb3c2": ["1", "com.tum.yahtzee.YahtzeeActivity"]}, {"b677360a6d7f8e29cf0ef9d5e388f7b8": ["0", "com.tum.yahtzee.YahtzeeActivity"]}, {"b677360a6d7f8e29cf0ef9d5e388f7b8": ["0", "com.tum.yahtzee.YahtzeeActivity"]}, {"b677360a6d7f8e29cf0ef9d5e388f7b8": ["0", "com.tum.yahtzee.YahtzeeActivity"]}, {"b677360a6d7f8e29cf0ef9d5e388f7b8": ["0", "com.tum.yahtzee.YahtzeeActivity"]}, {"b677360a6d7f8e29cf0ef9d5e388f7b8": ["0", "com.tum.yahtzee.YahtzeeActivity"]}, {"b677360a6d7f8e29cf0ef9d5e388f7b8": ["0", "com.tum.yahtzee.YahtzeeActivity"]}, {"b677360a6d7f8e29cf0ef9d5e388f7b8": ["0", "com.tum.yahtzee.YahtzeeActivity"]}, {"b677360a6d7f8e29cf0ef9d5e388f7b8": ["0", "com.tum.yahtzee.YahtzeeActivity"]}, {"b677360a6d7f8e29cf0ef9d5e388f7b8": ["0", "com.tum.yahtzee.YahtzeeActivity"]}, {"b677360a6d7f8e29cf0ef9d5e388f7b8": ["0", "com.tum.yahtzee.YahtzeeActivity"]}, {"b677360a6d7f8e29cf0ef9d5e388f7b8": ["0", "com.tum.yahtzee.YahtzeeActivity"]}, {"b677360a6d7f8e29cf0ef9d5e388f7b8": ["0", "com.tum.yahtzee.YahtzeeActivity"]}, {"b677360a6d7f8e29cf0ef9d5e388f7b8": ["0", "com.tum.yahtzee.YahtzeeActivity"]}, {"b677360a6d7f8e29cf0ef9d5e388f7b8": ["0", "com.tum.yahtzee.YahtzeeActivity"]}, {"b677360a6d7f8e29cf0ef9d5e388f7b8": ["0", "com.tum.yahtzee.YahtzeeActivity"]}, {"b677360a6d7f8e29cf0ef9d5e388f7b8": ["0", "com.tum.yahtzee.YahtzeeActivity"]}, {"b677360a6d7f8e29cf0ef9d5e388f7b8": ["0", "com.tum.yahtzee.YahtzeeActivity"]}, {"b677360a6d7f8e29cf0ef9d5e388f7b8": ["0", "com.tum.yahtzee.YahtzeeActivity"]}, {"b677360a6d7f8e29cf0ef9d5e388f7b8": ["0", "com.tum.yahtzee.YahtzeeActivity"]}, {"b677360a6d7f8e29cf0ef9d5e388f7b8": ["0", "com.tum.yahtzee.YahtzeeActivity"]}, {"b677360a6d7f8e29cf0ef9d5e388f7b8": ["0", "com.tum.yahtzee.YahtzeeActivity"]}, {"b677360a6d7f8e29cf0ef9d5e388f7b8": ["0", "com.tum.yahtzee.YahtzeeActivity"]}, {"b677360a6d7f8e29cf0ef9d5e388f7b8": ["0", "com.tum.yahtzee.YahtzeeActivity"]}, {"b677360a6d7f8e29cf0ef9d5e388f7b8": ["0", "com.tum.yahtzee.YahtzeeActivity"]}, {"b677360a6d7f8e29cf0ef9d5e388f7b8": ["0", "com.tum.yahtzee.YahtzeeActivity"]}, {"b677360a6d7f8e29cf0ef9d5e388f7b8": ["0", "com.tum.yahtzee.YahtzeeActivity"]}, {"cb3c0d63e7151e309152506291eeb3c2": ["1", "com.tum.yahtzee.YahtzeeActivity"]}, {"b677360a6d7f8e29cf0ef9d5e388f7b8": ["0", "com.tum.yahtzee.YahtzeeActivity"]}, {"b677360a6d7f8e29cf0ef9d5e388f7b8": ["0", "com.tum.yahtzee.YahtzeeActivity"]}, {"b677360a6d7f8e29cf0ef9d5e388f7b8": ["0", "com.tum.yahtzee.YahtzeeActivity"]}, {"cb3c0d63e7151e309152506291eeb3c2": ["1", "com.tum.yahtzee.YahtzeeActivity"]}, {"b677360a6d7f8e29cf0ef9d5e388f7b8": ["0", "com.tum.yahtzee.YahtzeeActivity"]}, {"b677360a6d7f8e29cf0ef9d5e388f7b8": ["0", "com.tum.yahtzee.YahtzeeActivity"]}, {"b677360a6d7f8e29cf0ef9d5e388f7b8": ["0", "com.tum.yahtzee.YahtzeeActivity"]}, {"b677360a6d7f8e29cf0ef9d5e388f7b8": ["0", "com.tum.yahtzee.YahtzeeActivity"]}, {"cb3c0d63e7151e309152506291eeb3c2": ["1", "com.tum.yahtzee.YahtzeeActivity"]}, {"b677360a6d7f8e29cf0ef9d5e388f7b8": ["0", "com.tum.yahtzee.YahtzeeActivity"]}, {"b677360a6d7f8e29cf0ef9d5e388f7b8": ["0", "com.tum.yahtzee.YahtzeeActivity"]}, {"b677360a6d7f8e29cf0ef9d5e388f7b8": ["0", "com.tum.yahtzee.YahtzeeActivity"]}, {"b677360a6d7f8e29cf0ef9d5e388f7b8": ["0", "com.tum.yahtzee.YahtzeeActivity"]}, {"b677360a6d7f8e29cf0ef9d5e388f7b8": ["0", "com.tum.yahtzee.YahtzeeActivity"]}, {"b677360a6d7f8e29cf0ef9d5e388f7b8": ["0", "com.tum.yahtzee.YahtzeeActivity"]}, {"b677360a6d7f8e29cf0ef9d5e388f7b8": ["0", "com.tum.yahtzee.YahtzeeActivity"]}, {"b677360a6d7f8e29cf0ef9d5e388f7b8": ["0", "com.tum.yahtzee.YahtzeeActivity"]}, {"b677360a6d7f8e29cf0ef9d5e388f7b8": ["0", "com.tum.yahtzee.YahtzeeActivity"]}, {"b677360a6d7f8e29cf0ef9d5e388f7b8": ["0", "com.tum.yahtzee.YahtzeeActivity"]}, {"b677360a6d7f8e29cf0ef9d5e388f7b8": ["0", "com.tum.yahtzee.YahtzeeActivity"]}, {"b677360a6d7f8e29cf0ef9d5e388f7b8": ["0", "com.tum.yahtzee.YahtzeeActivity"]}, {"b677360a6d7f8e29cf0ef9d5e388f7b8": ["0", "com.tum.yahtzee.YahtzeeActivity"]}, {"b677360a6d7f8e29cf0ef9d5e388f7b8": ["0", "com.tum.yahtzee.YahtzeeActivity"]}, {"b677360a6d7f8e29cf0ef9d5e388f7b8": ["0", "com.tum.yahtzee.YahtzeeActivity"]}, {"b677360a6d7f8e29cf0ef9d5e388f7b8": ["0", "com.tum.yahtzee.YahtzeeActivity"]}, {"cb3c0d63e7151e309152506291eeb3c2": ["1", "com.tum.yahtzee.YahtzeeActivity"]}, {"b677360a6d7f8e29cf0ef9d5e388f7b8": ["0", "com.tum.yahtzee.YahtzeeActivity"]}, {"b677360a6d7f8e29cf0ef9d5e388f7b8": ["0", "com.tum.yahtzee.YahtzeeActivity"]}, {"b677360a6d7f8e29cf0ef9d5e388f7b8": ["0", "com.tum.yahtzee.YahtzeeActivity"]}, {"b677360a6d7f8e29cf0ef9d5e388f7b8": ["0", "com.tum.yahtzee.YahtzeeActivity"]}, {"b677360a6d7f8e29cf0ef9d5e388f7b8": ["0", "com.tum.yahtzee.YahtzeeActivity"]}, {"b677360a6d7f8e29cf0ef9d5e388f7b8": ["0", "com.tum.yahtzee.YahtzeeActivity"]}, {"b677360a6d7f8e29cf0ef9d5e388f7b8": ["0", "com.tum.yahtzee.YahtzeeActivity"]}, {"b677360a6d7f8e29cf0ef9d5e388f7b8": ["0", "com.tum.yahtzee.YahtzeeActivity"]}, {"b677360a6d7f8e29cf0ef9d5e388f7b8": ["0", "com.tum.yahtzee.YahtzeeActivity"]}, {"b677360a6d7f8e29cf0ef9d5e388f7b8": ["0", "com.tum.yahtzee.YahtzeeActivity"]}, {"b677360a6d7f8e29cf0ef9d5e388f7b8": ["0", "com.tum.yahtzee.YahtzeeActivity"]}, {"b677360a6d7f8e29cf0ef9d5e388f7b8": ["0", "com.tum.yahtzee.YahtzeeActivity"]}, {"cb3c0d63e7151e309152506291eeb3c2": ["1", "com.tum.yahtzee.YahtzeeActivity"]}, {"b677360a6d7f8e29cf0ef9d5e388f7b8": ["0", "com.tum.yahtzee.YahtzeeActivity"]}, {"b677360a6d7f8e29cf0ef9d5e388f7b8": ["0", "com.tum.yahtzee.YahtzeeActivity"]}, {"cb3c0d63e7151e309152506291eeb3c2": ["1", "com.tum.yahtzee.YahtzeeActivity"]}, {"b677360a6d7f8e29cf0ef9d5e388f7b8": ["0", "com.tum.yahtzee.YahtzeeActivity"]}, {"cb3c0d63e7151e309152506291eeb3c2": ["1", "com.tum.yahtzee.YahtzeeActivity"]}, {"b677360a6d7f8e29cf0ef9d5e388f7b8": ["0", "com.tum.yahtzee.YahtzeeActivity"]}, {"b677360a6d7f8e29cf0ef9d5e388f7b8": ["0", "com.tum.yahtzee.YahtzeeActivity"]}, {"b677360a6d7f8e29cf0ef9d5e388f7b8": ["0", "com.tum.yahtzee.YahtzeeActivity"]}, {"b677360a6d7f8e29cf0ef9d5e388f7b8": ["0", "com.tum.yahtzee.YahtzeeActivity"]}, {"b677360a6d7f8e29cf0ef9d5e388f7b8": ["0", "com.tum.yahtzee.YahtzeeActivity"]}, {"b677360a6d7f8e29cf0ef9d5e388f7b8": ["0", "com.tum.yahtzee.YahtzeeActivity"]}, {"b677360a6d7f8e29cf0ef9d5e388f7b8": ["0", "com.tum.yahtzee.YahtzeeActivity"]}, {"b677360a6d7f8e29cf0ef9d5e388f7b8": ["0", "com.tum.yahtzee.YahtzeeActivity"]}, {"b677360a6d7f8e29cf0ef9d5e388f7b8": ["0", "com.tum.yahtzee.YahtzeeActivity"]}, {"b677360a6d7f8e29cf0ef9d5e388f7b8": ["0", "com.tum.yahtzee.YahtzeeActivity"]}, {"b677360a6d7f8e29cf0ef9d5e388f7b8": ["0", "com.tum.yahtzee.YahtzeeActivity"]}, {"cb3c0d63e7151e309152506291eeb3c2": ["1", "com.tum.yahtzee.YahtzeeActivity"]}, {"b677360a6d7f8e29cf0ef9d5e388f7b8": ["0", "com.tum.yahtzee.YahtzeeActivity"]}, {"b677360a6d7f8e29cf0ef9d5e388f7b8": ["0", "com.tum.yahtzee.YahtzeeActivity"]}, {"cb3c0d63e7151e309152506291eeb3c2": ["1", "com.tum.yahtzee.YahtzeeActivity"]}, {"b677360a6d7f8e29cf0ef9d5e388f7b8": ["0", "com.tum.yahtzee.YahtzeeActivity"]}, {"b677360a6d7f8e29cf0ef9d5e388f7b8": ["0", "com.tum.yahtzee.YahtzeeActivity"]}, {"b677360a6d7f8e29cf0ef9d5e388f7b8": ["0", "com.tum.yahtzee.YahtzeeActivity"]}, {"b677360a6d7f8e29cf0ef9d5e388f7b8": ["0", "com.tum.yahtzee.YahtzeeActivity"]}, {"b677360a6d7f8e29cf0ef9d5e388f7b8": ["0", "com.tum.yahtzee.YahtzeeActivity"]}, {"b677360a6d7f8e29cf0ef9d5e388f7b8": ["0", "com.tum.yahtzee.YahtzeeActivity"]}, {"b677360a6d7f8e29cf0ef9d5e388f7b8": ["0", "com.tum.yahtzee.YahtzeeActivity"]}, {"b677360a6d7f8e29cf0ef9d5e388f7b8": ["0", "com.tum.yahtzee.YahtzeeActivity"]}, {"b677360a6d7f8e29cf0ef9d5e388f7b8": ["0", "com.tum.yahtzee.YahtzeeActivity"]}, {"b677360a6d7f8e29cf0ef9d5e388f7b8": ["0", "com.tum.yahtzee.YahtzeeActivity"]}, {"b677360a6d7f8e29cf0ef9d5e388f7b8": ["0", "com.tum.yahtzee.YahtzeeActivity"]}, {"cb3c0d63e7151e309152506291eeb3c2": ["1", "com.tum.yahtzee.YahtzeeActivity"]}, {"b677360a6d7f8e29cf0ef9d5e388f7b8": ["0", "com.tum.yahtzee.YahtzeeActivity"]}, {"b677360a6d7f8e29cf0ef9d5e388f7b8": ["0", "com.tum.yahtzee.YahtzeeActivity"]}, {"b677360a6d7f8e29cf0ef9d5e388f7b8": ["0", "com.tum.yahtzee.YahtzeeActivity"]}, {"b677360a6d7f8e29cf0ef9d5e388f7b8": ["0", "com.tum.yahtzee.YahtzeeActivity"]}, {"b677360a6d7f8e29cf0ef9d5e388f7b8": ["0", "com.tum.yahtzee.YahtzeeActivity"]}, {"b677360a6d7f8e29cf0ef9d5e388f7b8": ["0", "com.tum.yahtzee.YahtzeeActivity"]}, {"b677360a6d7f8e29cf0ef9d5e388f7b8": ["0", "com.tum.yahtzee.YahtzeeActivity"]}, {"b677360a6d7f8e29cf0ef9d5e388f7b8": ["0", "com.tum.yahtzee.YahtzeeActivity"]}, {"b677360a6d7f8e29cf0ef9d5e388f7b8": ["0", "com.tum.yahtzee.YahtzeeActivity"]}, {"cb3c0d63e7151e309152506291eeb3c2": ["1", "com.tum.yahtzee.YahtzeeActivity"]}, {"b677360a6d7f8e29cf0ef9d5e388f7b8": ["0", "com.tum.yahtzee.YahtzeeActivity"]}, {"cb3c0d63e7151e309152506291eeb3c2": ["1", "com.tum.yahtzee.YahtzeeActivity"]}, {"b677360a6d7f8e29cf0ef9d5e388f7b8": ["0", "com.tum.yahtzee.YahtzeeActivity"]}, {"b677360a6d7f8e29cf0ef9d5e388f7b8": ["0", "com.tum.yahtzee.YahtzeeActivity"]}, {"b677360a6d7f8e29cf0ef9d5e388f7b8": ["0", "com.tum.yahtzee.YahtzeeActivity"]}, {"b677360a6d7f8e29cf0ef9d5e388f7b8": ["0", "com.tum.yahtzee.YahtzeeActivity"]}, {"b677360a6d7f8e29cf0ef9d5e388f7b8": ["0", "com.tum.yahtzee.YahtzeeActivity"]}, {"b677360a6d7f8e29cf0ef9d5e388f7b8": ["0", "com.tum.yahtzee.YahtzeeActivity"]}, {"b677360a6d7f8e29cf0ef9d5e388f7b8": ["0", "com.tum.yahtzee.YahtzeeActivity"]}, {"b677360a6d7f8e29cf0ef9d5e388f7b8": ["0", "com.tum.yahtzee.YahtzeeActivity"]}, {"b677360a6d7f8e29cf0ef9d5e388f7b8": ["0", "com.tum.yahtzee.YahtzeeActivity"]}, {"b677360a6d7f8e29cf0ef9d5e388f7b8": ["0", "com.tum.yahtzee.YahtzeeActivity"]}, {"b677360a6d7f8e29cf0ef9d5e388f7b8": ["0", "com.tum.yahtzee.YahtzeeActivity"]}, {"b677360a6d7f8e29cf0ef9d5e388f7b8": ["0", "com.tum.yahtzee.YahtzeeActivity"]}, {"b677360a6d7f8e29cf0ef9d5e388f7b8": ["0", "com.tum.yahtzee.YahtzeeActivity"]}, {"b677360a6d7f8e29cf0ef9d5e388f7b8": ["0", "com.tum.yahtzee.YahtzeeActivity"]}, {"b677360a6d7f8e29cf0ef9d5e388f7b8": ["0", "com.tum.yahtzee.YahtzeeActivity"]}, {"b677360a6d7f8e29cf0ef9d5e388f7b8": ["0", "com.tum.yahtzee.YahtzeeActivity"]}, {"cb3c0d63e7151e309152506291eeb3c2": ["1", "com.tum.yahtzee.YahtzeeActivity"]}, {"b677360a6d7f8e29cf0ef9d5e388f7b8": ["0", "com.tum.yahtzee.YahtzeeActivity"]}, {"b677360a6d7f8e29cf0ef9d5e388f7b8": ["0", "com.tum.yahtzee.YahtzeeActivity"]}, {"b677360a6d7f8e29cf0ef9d5e388f7b8": ["0", "com.tum.yahtzee.YahtzeeActivity"]}, {"b677360a6d7f8e29cf0ef9d5e388f7b8": ["0", "com.tum.yahtzee.YahtzeeActivity"]}, {"b677360a6d7f8e29cf0ef9d5e388f7b8": ["0", "com.tum.yahtzee.YahtzeeActivity"]}, {"cb3c0d63e7151e309152506291eeb3c2": ["1", "com.tum.yahtzee.YahtzeeActivity"]}, {"b677360a6d7f8e29cf0ef9d5e388f7b8": ["0", "com.tum.yahtzee.YahtzeeActivity"]}, {"b677360a6d7f8e29cf0ef9d5e388f7b8": ["0", "com.tum.yahtzee.YahtzeeActivity"]}, {"b677360a6d7f8e29cf0ef9d5e388f7b8": ["0", "com.tum.yahtzee.YahtzeeActivity"]}, {"b677360a6d7f8e29cf0ef9d5e388f7b8": ["0", "com.tum.yahtzee.YahtzeeActivity"]}, {"b677360a6d7f8e29cf0ef9d5e388f7b8": ["0", "com.tum.yahtzee.YahtzeeActivity"]}, {"b677360a6d7f8e29cf0ef9d5e388f7b8": ["0", "com.tum.yahtzee.YahtzeeActivity"]}, {"b677360a6d7f8e29cf0ef9d5e388f7b8": ["0", "com.tum.yahtzee.YahtzeeActivity"]}, {"b677360a6d7f8e29cf0ef9d5e388f7b8": ["0", "com.tum.yahtzee.YahtzeeActivity"]}, {"b677360a6d7f8e29cf0ef9d5e388f7b8": ["0", "com.tum.yahtzee.YahtzeeActivity"]}, {"b677360a6d7f8e29cf0ef9d5e388f7b8": ["0", "com.tum.yahtzee.YahtzeeActivity"]}, {"b677360a6d7f8e29cf0ef9d5e388f7b8": ["0", "com.tum.yahtzee.YahtzeeActivity"]}, {"b677360a6d7f8e29cf0ef9d5e388f7b8": ["0", "com.tum.yahtzee.YahtzeeActivity"]}, {"b677360a6d7f8e29cf0ef9d5e388f7b8": ["0", "com.tum.yahtzee.YahtzeeActivity"]}, {"b677360a6d7f8e29cf0ef9d5e388f7b8": ["0", "com.tum.yahtzee.YahtzeeActivity"]}, {"cb3c0d63e7151e309152506291eeb3c2": ["1", "com.tum.yahtzee.YahtzeeActivity"]}, {"b677360a6d7f8e29cf0ef9d5e388f7b8": ["0", "com.tum.yahtzee.YahtzeeActivity"]}, {"b677360a6d7f8e29cf0ef9d5e388f7b8": ["0", "com.tum.yahtzee.YahtzeeActivity"]}, {"b677360a6d7f8e29cf0ef9d5e388f7b8": ["0", "com.tum.yahtzee.YahtzeeActivity"]}, {"b677360a6d7f8e29cf0ef9d5e388f7b8": ["0", "com.tum.yahtzee.YahtzeeActivity"]}, {"cb3c0d63e7151e309152506291eeb3c2": ["1", "com.tum.yahtzee.YahtzeeActivity"]}, {"b677360a6d7f8e29cf0ef9d5e388f7b8": ["0", "com.tum.yahtzee.YahtzeeActivity"]}, {"b677360a6d7f8e29cf0ef9d5e388f7b8": ["0", "com.tum.yahtzee.YahtzeeActivity"]}, {"b677360a6d7f8e29cf0ef9d5e388f7b8": ["0", "com.tum.yahtzee.YahtzeeActivity"]}, {"b677360a6d7f8e29cf0ef9d5e388f7b8": ["0", "com.tum.yahtzee.YahtzeeActivity"]}, {"cb3c0d63e7151e309152506291eeb3c2": ["1", "com.tum.yahtzee.YahtzeeActivity"]}, {"b677360a6d7f8e29cf0ef9d5e388f7b8": ["0", "com.tum.yahtzee.YahtzeeActivity"]}, {"b677360a6d7f8e29cf0ef9d5e388f7b8": ["0", "com.tum.yahtzee.YahtzeeActivity"]}, {"b677360a6d7f8e29cf0ef9d5e388f7b8": ["0", "com.tum.yahtzee.YahtzeeActivity"]}, {"b677360a6d7f8e29cf0ef9d5e388f7b8": ["0", "com.tum.yahtzee.YahtzeeActivity"]}, {"b677360a6d7f8e29cf0ef9d5e388f7b8": ["0", "com.tum.yahtzee.YahtzeeActivity"]}, {"cb3c0d63e7151e309152506291eeb3c2": ["1", "com.tum.yahtzee.YahtzeeActivity"]}, {"b677360a6d7f8e29cf0ef9d5e388f7b8": ["0", "com.tum.yahtzee.YahtzeeActivity"]}, {"b677360a6d7f8e29cf0ef9d5e388f7b8": ["0", "com.tum.yahtzee.YahtzeeActivity"]}, {"b677360a6d7f8e29cf0ef9d5e388f7b8": ["0", "com.tum.yahtzee.YahtzeeActivity"]}, {"b677360a6d7f8e29cf0ef9d5e388f7b8": ["0", "com.tum.yahtzee.YahtzeeActivity"]}, {"b677360a6d7f8e29cf0ef9d5e388f7b8": ["0", "com.tum.yahtzee.YahtzeeActivity"]}, {"cb3c0d63e7151e309152506291eeb3c2": ["1", "com.tum.yahtzee.YahtzeeActivity"]}, {"b677360a6d7f8e29cf0ef9d5e388f7b8": ["0", "com.tum.yahtzee.YahtzeeActivity"]}, {"b677360a6d7f8e29cf0ef9d5e388f7b8": ["0", "com.tum.yahtzee.YahtzeeActivity"]}, {"b677360a6d7f8e29cf0ef9d5e388f7b8": ["0", "com.tum.yahtzee.YahtzeeActivity"]}, {"cb3c0d63e7151e309152506291eeb3c2": ["1", "com.tum.yahtzee.YahtzeeActivity"]}, {"b677360a6d7f8e29cf0ef9d5e388f7b8": ["0", "com.tum.yahtzee.YahtzeeActivity"]}, {"cb3c0d63e7151e309152506291eeb3c2": ["1", "com.tum.yahtzee.YahtzeeActivity"]}, {"b677360a6d7f8e29cf0ef9d5e388f7b8": ["0", "com.tum.yahtzee.YahtzeeActivity"]}, {"cb3c0d63e7151e309152506291eeb3c2": ["1", "com.tum.yahtzee.YahtzeeActivity"]}, {"b677360a6d7f8e29cf0ef9d5e388f7b8": ["0", "com.tum.yahtzee.YahtzeeActivity"]}, {"b677360a6d7f8e29cf0ef9d5e388f7b8": ["0", "com.tum.yahtzee.YahtzeeActivity"]}, {"cb3c0d63e7151e309152506291eeb3c2": ["1", "com.tum.yahtzee.YahtzeeActivity"]}, {"b677360a6d7f8e29cf0ef9d5e388f7b8": ["0", "com.tum.yahtzee.YahtzeeActivity"]}, {"cb3c0d63e7151e309152506291eeb3c2": ["1", "com.tum.yahtzee.YahtzeeActivity"]}, {"b677360a6d7f8e29cf0ef9d5e388f7b8": ["0", "com.tum.yahtzee.YahtzeeActivity"]}, {"b677360a6d7f8e29cf0ef9d5e388f7b8": ["0", "com.tum.yahtzee.YahtzeeActivity"]}, {"b677360a6d7f8e29cf0ef9d5e388f7b8": ["0", "com.tum.yahtzee.YahtzeeActivity"]}, {"b677360a6d7f8e29cf0ef9d5e388f7b8": ["0", "com.tum.yahtzee.YahtzeeActivity"]}, {"b677360a6d7f8e29cf0ef9d5e388f7b8": ["0", "com.tum.yahtzee.YahtzeeActivity"]}, {"b677360a6d7f8e29cf0ef9d5e388f7b8": ["0", "com.tum.yahtzee.YahtzeeActivity"]}, {"b677360a6d7f8e29cf0ef9d5e388f7b8": ["0", "com.tum.yahtzee.YahtzeeActivity"]}, {"b677360a6d7f8e29cf0ef9d5e388f7b8": ["0", "com.tum.yahtzee.YahtzeeActivity"]}, {"b677360a6d7f8e29cf0ef9d5e388f7b8": ["0", "com.tum.yahtzee.YahtzeeActivity"]}, {"b677360a6d7f8e29cf0ef9d5e388f7b8": ["0", "com.tum.yahtzee.YahtzeeActivity"]}, {"cb3c0d63e7151e309152506291eeb3c2": ["1", "com.tum.yahtzee.YahtzeeActivity"]}, {"b677360a6d7f8e29cf0ef9d5e388f7b8": ["0", "com.tum.yahtzee.YahtzeeActivity"]}, {"b677360a6d7f8e29cf0ef9d5e388f7b8": ["0", "com.tum.yahtzee.YahtzeeActivity"]}, {"b677360a6d7f8e29cf0ef9d5e388f7b8": ["0", "com.tum.yahtzee.YahtzeeActivity"]}, {"b677360a6d7f8e29cf0ef9d5e388f7b8": ["0", "com.tum.yahtzee.YahtzeeActivity"]}, {"b677360a6d7f8e29cf0ef9d5e388f7b8": ["0", "com.tum.yahtzee.YahtzeeActivity"]}, {"b677360a6d7f8e29cf0ef9d5e388f7b8": ["0", "com.tum.yahtzee.YahtzeeActivity"]}, {"b677360a6d7f8e29cf0ef9d5e388f7b8": ["0", "com.tum.yahtzee.YahtzeeActivity"]}, {"cb3c0d63e7151e309152506291eeb3c2": ["1", "com.tum.yahtzee.YahtzeeActivity"]}, {"b677360a6d7f8e29cf0ef9d5e388f7b8": ["0", "com.tum.yahtzee.YahtzeeActivity"]}, {"b677360a6d7f8e29cf0ef9d5e388f7b8": ["0", "com.tum.yahtzee.YahtzeeActivity"]}, {"cb3c0d63e7151e309152506291eeb3c2": ["1", "com.tum.yahtzee.YahtzeeActivity"]}, {"b677360a6d7f8e29cf0ef9d5e388f7b8": ["0", "com.tum.yahtzee.YahtzeeActivity"]}, {"b677360a6d7f8e29cf0ef9d5e388f7b8": ["0", "com.tum.yahtzee.YahtzeeActivity"]}, {"b677360a6d7f8e29cf0ef9d5e388f7b8": ["0", "com.tum.yahtzee.YahtzeeActivity"]}, {"cb3c0d63e7151e309152506291eeb3c2": ["1", "com.tum.yahtzee.YahtzeeActivity"]}, {"b677360a6d7f8e29cf0ef9d5e388f7b8": ["0", "com.tum.yahtzee.YahtzeeActivity"]}, {"b677360a6d7f8e29cf0ef9d5e388f7b8": ["0", "com.tum.yahtzee.YahtzeeActivity"]}, {"b677360a6d7f8e29cf0ef9d5e388f7b8": ["0", "com.tum.yahtzee.YahtzeeActivity"]}, {"b677360a6d7f8e29cf0ef9d5e388f7b8": ["0", "com.tum.yahtzee.YahtzeeActivity"]}, {"b677360a6d7f8e29cf0ef9d5e388f7b8": ["0", "com.tum.yahtzee.YahtzeeActivity"]}, {"b677360a6d7f8e29cf0ef9d5e388f7b8": ["0", "com.tum.yahtzee.YahtzeeActivity"]}, {"b677360a6d7f8e29cf0ef9d5e388f7b8": ["0", "com.tum.yahtzee.YahtzeeActivity"]}, {"b677360a6d7f8e29cf0ef9d5e388f7b8": ["0", "com.tum.yahtzee.YahtzeeActivity"]}, {"b677360a6d7f8e29cf0ef9d5e388f7b8": ["0", "com.tum.yahtzee.YahtzeeActivity"]}, {"b677360a6d7f8e29cf0ef9d5e388f7b8": ["0", "com.tum.yahtzee.YahtzeeActivity"]}, {"cb3c0d63e7151e309152506291eeb3c2": ["1", "com.tum.yahtzee.YahtzeeActivity"]}, {"b677360a6d7f8e29cf0ef9d5e388f7b8": ["0", "com.tum.yahtzee.YahtzeeActivity"]}, {"b677360a6d7f8e29cf0ef9d5e388f7b8": ["0", "com.tum.yahtzee.YahtzeeActivity"]}, {"b677360a6d7f8e29cf0ef9d5e388f7b8": ["0", "com.tum.yahtzee.YahtzeeActivity"]}, {"b677360a6d7f8e29cf0ef9d5e388f7b8": ["0", "com.tum.yahtzee.YahtzeeActivity"]}, {"b677360a6d7f8e29cf0ef9d5e388f7b8": ["0", "com.tum.yahtzee.YahtzeeActivity"]}, {"b677360a6d7f8e29cf0ef9d5e388f7b8": ["0", "com.tum.yahtzee.YahtzeeActivity"]}, {"b677360a6d7f8e29cf0ef9d5e388f7b8": ["0", "com.tum.yahtzee.YahtzeeActivity"]}, {"b677360a6d7f8e29cf0ef9d5e388f7b8": ["0", "com.tum.yahtzee.YahtzeeActivity"]}, {"b677360a6d7f8e29cf0ef9d5e388f7b8": ["0", "com.tum.yahtzee.YahtzeeActivity"]}, {"b677360a6d7f8e29cf0ef9d5e388f7b8": ["0", "com.tum.yahtzee.YahtzeeActivity"]}, {"b677360a6d7f8e29cf0ef9d5e388f7b8": ["0", "com.tum.yahtzee.YahtzeeActivity"]}, {"cb3c0d63e7151e309152506291eeb3c2": ["1", "com.tum.yahtzee.YahtzeeActivity"]}, {"b677360a6d7f8e29cf0ef9d5e388f7b8": ["0", "com.tum.yahtzee.YahtzeeActivity"]}, {"b677360a6d7f8e29cf0ef9d5e388f7b8": ["0", "com.tum.yahtzee.YahtzeeActivity"]}, {"b677360a6d7f8e29cf0ef9d5e388f7b8": ["0", "com.tum.yahtzee.YahtzeeActivity"]}, {"b677360a6d7f8e29cf0ef9d5e388f7b8": ["0", "com.tum.yahtzee.YahtzeeActivity"]}, {"cb3c0d63e7151e309152506291eeb3c2": ["1", "com.tum.yahtzee.YahtzeeActivity"]}, {"b677360a6d7f8e29cf0ef9d5e388f7b8": ["0", "com.tum.yahtzee.YahtzeeActivity"]}, {"b677360a6d7f8e29cf0ef9d5e388f7b8": ["0", "com.tum.yahtzee.YahtzeeActivity"]}, {"b677360a6d7f8e29cf0ef9d5e388f7b8": ["0", "com.tum.yahtzee.YahtzeeActivity"]}, {"b677360a6d7f8e29cf0ef9d5e388f7b8": ["0", "com.tum.yahtzee.YahtzeeActivity"]}, {"b677360a6d7f8e29cf0ef9d5e388f7b8": ["0", "com.tum.yahtzee.YahtzeeActivity"]}, {"b677360a6d7f8e29cf0ef9d5e388f7b8": ["0", "com.tum.yahtzee.YahtzeeActivity"]}, {"cb3c0d63e7151e309152506291eeb3c2": ["1", "com.tum.yahtzee.YahtzeeActivity"]}, {"b677360a6d7f8e29cf0ef9d5e388f7b8": ["0", "com.tum.yahtzee.YahtzeeActivity"]}, {"cb3c0d63e7151e309152506291eeb3c2": ["1", "com.tum.yahtzee.YahtzeeActivity"]}, {"b677360a6d7f8e29cf0ef9d5e388f7b8": ["0", "com.tum.yahtzee.YahtzeeActivity"]}, {"cb3c0d63e7151e309152506291eeb3c2": ["1", "com.tum.yahtzee.YahtzeeActivity"]}, {"b677360a6d7f8e29cf0ef9d5e388f7b8": ["0", "com.tum.yahtzee.YahtzeeActivity"]}, {"b677360a6d7f8e29cf0ef9d5e388f7b8": ["0", "com.tum.yahtzee.YahtzeeActivity"]}, {"cb3c0d63e7151e309152506291eeb3c2": ["1", "com.tum.yahtzee.YahtzeeActivity"]}, {"b677360a6d7f8e29cf0ef9d5e388f7b8": ["0", "com.tum.yahtzee.YahtzeeActivity"]}, {"cb3c0d63e7151e309152506291eeb3c2": ["1", "com.tum.yahtzee.YahtzeeActivity"]}, {"b677360a6d7f8e29cf0ef9d5e388f7b8": ["0", "com.tum.yahtzee.YahtzeeActivity"]}, {"b677360a6d7f8e29cf0ef9d5e388f7b8": ["0", "com.tum.yahtzee.YahtzeeActivity"]}, {"b677360a6d7f8e29cf0ef9d5e388f7b8": ["0", "com.tum.yahtzee.YahtzeeActivity"]}, {"b677360a6d7f8e29cf0ef9d5e388f7b8": ["0", "com.tum.yahtzee.YahtzeeActivity"]}, {"b677360a6d7f8e29cf0ef9d5e388f7b8": ["0", "com.tum.yahtzee.YahtzeeActivity"]}, {"b677360a6d7f8e29cf0ef9d5e388f7b8": ["0", "com.tum.yahtzee.YahtzeeActivity"]}, {"b677360a6d7f8e29cf0ef9d5e388f7b8": ["0", "com.tum.yahtzee.YahtzeeActivity"]}, {"b677360a6d7f8e29cf0ef9d5e388f7b8": ["0", "com.tum.yahtzee.YahtzeeActivity"]}, {"b677360a6d7f8e29cf0ef9d5e388f7b8": ["0", "com.tum.yahtzee.YahtzeeActivity"]}, {"b677360a6d7f8e29cf0ef9d5e388f7b8": ["0", "com.tum.yahtzee.YahtzeeActivity"]}, {"cb3c0d63e7151e309152506291eeb3c2": ["1", "com.tum.yahtzee.YahtzeeActivity"]}, {"b677360a6d7f8e29cf0ef9d5e388f7b8": ["0", "com.tum.yahtzee.YahtzeeActivity"]}, {"b677360a6d7f8e29cf0ef9d5e388f7b8": ["0", "com.tum.yahtzee.YahtzeeActivity"]}, {"b677360a6d7f8e29cf0ef9d5e388f7b8": ["0", "com.tum.yahtzee.YahtzeeActivity"]}, {"b677360a6d7f8e29cf0ef9d5e388f7b8": ["0", "com.tum.yahtzee.YahtzeeActivity"]}, {"b677360a6d7f8e29cf0ef9d5e388f7b8": ["0", "com.tum.yahtzee.YahtzeeActivity"]}, {"b677360a6d7f8e29cf0ef9d5e388f7b8": ["0", "com.tum.yahtzee.YahtzeeActivity"]}, {"b677360a6d7f8e29cf0ef9d5e388f7b8": ["0", "com.tum.yahtzee.YahtzeeActivity"]}, {"b677360a6d7f8e29cf0ef9d5e388f7b8": ["0", "com.tum.yahtzee.YahtzeeActivity"]}, {"b677360a6d7f8e29cf0ef9d5e388f7b8": ["0", "com.tum.yahtzee.YahtzeeActivity"]}, {"b677360a6d7f8e29cf0ef9d5e388f7b8": ["0", "com.tum.yahtzee.YahtzeeActivity"]}, {"b677360a6d7f8e29cf0ef9d5e388f7b8": ["0", "com.tum.yahtzee.YahtzeeActivity"]}, {"b677360a6d7f8e29cf0ef9d5e388f7b8": ["0", "com.tum.yahtzee.YahtzeeActivity"]}, {"b677360a6d7f8e29cf0ef9d5e388f7b8": ["0", "com.tum.yahtzee.YahtzeeActivity"]}, {"cb3c0d63e7151e309152506291eeb3c2": ["1", "com.tum.yahtzee.YahtzeeActivity"]}, {"b677360a6d7f8e29cf0ef9d5e388f7b8": ["0", "com.tum.yahtzee.YahtzeeActivity"]}, {"b677360a6d7f8e29cf0ef9d5e388f7b8": ["0", "com.tum.yahtzee.YahtzeeActivity"]}, {"cb3c0d63e7151e309152506291eeb3c2": ["1", "com.tum.yahtzee.YahtzeeActivity"]}, {"b677360a6d7f8e29cf0ef9d5e388f7b8": ["0", "com.tum.yahtzee.YahtzeeActivity"]}, {"b677360a6d7f8e29cf0ef9d5e388f7b8": ["0", "com.tum.yahtzee.YahtzeeActivity"]}, {"b677360a6d7f8e29cf0ef9d5e388f7b8": ["0", "com.tum.yahtzee.YahtzeeActivity"]}, {"b677360a6d7f8e29cf0ef9d5e388f7b8": ["0", "com.tum.yahtzee.YahtzeeActivity"]}, {"cb3c0d63e7151e309152506291eeb3c2": ["1", "com.tum.yahtzee.YahtzeeActivity"]}, {"b677360a6d7f8e29cf0ef9d5e388f7b8": ["0", "com.tum.yahtzee.YahtzeeActivity"]}, {"b677360a6d7f8e29cf0ef9d5e388f7b8": ["0", "com.tum.yahtzee.YahtzeeActivity"]}, {"b677360a6d7f8e29cf0ef9d5e388f7b8": ["0", "com.tum.yahtzee.YahtzeeActivity"]}, {"b677360a6d7f8e29cf0ef9d5e388f7b8": ["0", "com.tum.yahtzee.YahtzeeActivity"]}, {"b677360a6d7f8e29cf0ef9d5e388f7b8": ["0", "com.tum.yahtzee.YahtzeeActivity"]}, {"b677360a6d7f8e29cf0ef9d5e388f7b8": ["0", "com.tum.yahtzee.YahtzeeActivity"]}, {"b677360a6d7f8e29cf0ef9d5e388f7b8": ["0", "com.tum.yahtzee.YahtzeeActivity"]}, {"b677360a6d7f8e29cf0ef9d5e388f7b8": ["0", "com.tum.yahtzee.YahtzeeActivity"]}, {"b677360a6d7f8e29cf0ef9d5e388f7b8": ["0", "com.tum.yahtzee.YahtzeeActivity"]}, {"b677360a6d7f8e29cf0ef9d5e388f7b8": ["0", "com.tum.yahtzee.YahtzeeActivity"]}, {"b677360a6d7f8e29cf0ef9d5e388f7b8": ["0", "com.tum.yahtzee.YahtzeeActivity"]}, {"b677360a6d7f8e29cf0ef9d5e388f7b8": ["0", "com.tum.yahtzee.YahtzeeActivity"]}, {"b677360a6d7f8e29cf0ef9d5e388f7b8": ["0", "com.tum.yahtzee.YahtzeeActivity"]}, {"b677360a6d7f8e29cf0ef9d5e388f7b8": ["0", "com.tum.yahtzee.YahtzeeActivity"]}, {"b677360a6d7f8e29cf0ef9d5e388f7b8": ["0", "com.tum.yahtzee.YahtzeeActivity"]}, {"b677360a6d7f8e29cf0ef9d5e388f7b8": ["0", "com.tum.yahtzee.YahtzeeActivity"]}, {"b677360a6d7f8e29cf0ef9d5e388f7b8": ["0", "com.tum.yahtzee.YahtzeeActivity"]}, {"b677360a6d7f8e29cf0ef9d5e388f7b8": ["0", "com.tum.yahtzee.YahtzeeActivity"]}, {"b677360a6d7f8e29cf0ef9d5e388f7b8": ["0", "com.tum.yahtzee.YahtzeeActivity"]}, {"b677360a6d7f8e29cf0ef9d5e388f7b8": ["0", "com.tum.yahtzee.YahtzeeActivity"]}, {"cb3c0d63e7151e309152506291eeb3c2": ["1", "com.tum.yahtzee.YahtzeeActivity"]}, {"b677360a6d7f8e29cf0ef9d5e388f7b8": ["0", "com.tum.yahtzee.YahtzeeActivity"]}, {"b677360a6d7f8e29cf0ef9d5e388f7b8": ["0", "com.tum.yahtzee.YahtzeeActivity"]}, {"b677360a6d7f8e29cf0ef9d5e388f7b8": ["0", "com.tum.yahtzee.YahtzeeActivity"]}, {"b677360a6d7f8e29cf0ef9d5e388f7b8": ["0", "com.tum.yahtzee.YahtzeeActivity"]}, {"b677360a6d7f8e29cf0ef9d5e388f7b8": ["0", "com.tum.yahtzee.YahtzeeActivity"]}, {"b677360a6d7f8e29cf0ef9d5e388f7b8": ["0", "com.tum.yahtzee.YahtzeeActivity"]}, {"b677360a6d7f8e29cf0ef9d5e388f7b8": ["0", "com.tum.yahtzee.YahtzeeActivity"]}, {"cb3c0d63e7151e309152506291eeb3c2": ["1", "com.tum.yahtzee.YahtzeeActivity"]}, {"b677360a6d7f8e29cf0ef9d5e388f7b8": ["0", "com.tum.yahtzee.YahtzeeActivity"]}, {"cb3c0d63e7151e309152506291eeb3c2": ["1", "com.tum.yahtzee.YahtzeeActivity"]}, {"b677360a6d7f8e29cf0ef9d5e388f7b8": ["0", "com.tum.yahtzee.YahtzeeActivity"]}, {"b677360a6d7f8e29cf0ef9d5e388f7b8": ["0", "com.tum.yahtzee.YahtzeeActivity"]}, {"b677360a6d7f8e29cf0ef9d5e388f7b8": ["0", "com.tum.yahtzee.YahtzeeActivity"]}, {"b677360a6d7f8e29cf0ef9d5e388f7b8": ["0", "com.tum.yahtzee.YahtzeeActivity"]}, {"b677360a6d7f8e29cf0ef9d5e388f7b8": ["0", "com.tum.yahtzee.YahtzeeActivity"]}, {"b677360a6d7f8e29cf0ef9d5e388f7b8": ["0", "com.tum.yahtzee.YahtzeeActivity"]}, {"b677360a6d7f8e29cf0ef9d5e388f7b8": ["0", "com.tum.yahtzee.YahtzeeActivity"]}, {"b677360a6d7f8e29cf0ef9d5e388f7b8": ["0", "com.tum.yahtzee.YahtzeeActivity"]}, {"b677360a6d7f8e29cf0ef9d5e388f7b8": ["0", "com.tum.yahtzee.YahtzeeActivity"]}, {"b677360a6d7f8e29cf0ef9d5e388f7b8": ["0", "com.tum.yahtzee.YahtzeeActivity"]}, {"b677360a6d7f8e29cf0ef9d5e388f7b8": ["0", "com.tum.yahtzee.YahtzeeActivity"]}, {"b677360a6d7f8e29cf0ef9d5e388f7b8": ["0", "com.tum.yahtzee.YahtzeeActivity"]}, {"b677360a6d7f8e29cf0ef9d5e388f7b8": ["0", "com.tum.yahtzee.YahtzeeActivity"]}, {"cb3c0d63e7151e309152506291eeb3c2": ["1", "com.tum.yahtzee.YahtzeeActivity"]}, {"b677360a6d7f8e29cf0ef9d5e388f7b8": ["0", "com.tum.yahtzee.YahtzeeActivity"]}, {"cb3c0d63e7151e309152506291eeb3c2": ["1", "com.tum.yahtzee.YahtzeeActivity"]}, {"b677360a6d7f8e29cf0ef9d5e388f7b8": ["0", "com.tum.yahtzee.YahtzeeActivity"]}, {"cb3c0d63e7151e309152506291eeb3c2": ["1", "com.tum.yahtzee.YahtzeeActivity"]}, {"b677360a6d7f8e29cf0ef9d5e388f7b8": ["0", "com.tum.yahtzee.YahtzeeActivity"]}, {"b677360a6d7f8e29cf0ef9d5e388f7b8": ["0", "com.tum.yahtzee.YahtzeeActivity"]}, {"b677360a6d7f8e29cf0ef9d5e388f7b8": ["0", "com.tum.yahtzee.YahtzeeActivity"]}, {"b677360a6d7f8e29cf0ef9d5e388f7b8": ["0", "com.tum.yahtzee.YahtzeeActivity"]}, {"b677360a6d7f8e29cf0ef9d5e388f7b8": ["0", "com.tum.yahtzee.YahtzeeActivity"]}, {"b677360a6d7f8e29cf0ef9d5e388f7b8": ["0", "com.tum.yahtzee.YahtzeeActivity"]}, {"b677360a6d7f8e29cf0ef9d5e388f7b8": ["0", "com.tum.yahtzee.YahtzeeActivity"]}, {"b677360a6d7f8e29cf0ef9d5e388f7b8": ["0", "com.tum.yahtzee.YahtzeeActivity"]}, {"b677360a6d7f8e29cf0ef9d5e388f7b8": ["0", "com.tum.yahtzee.YahtzeeActivity"]}, {"b677360a6d7f8e29cf0ef9d5e388f7b8": ["0", "com.tum.yahtzee.YahtzeeActivity"]}, {"b677360a6d7f8e29cf0ef9d5e388f7b8": ["0", "com.tum.yahtzee.YahtzeeActivity"]}, {"b677360a6d7f8e29cf0ef9d5e388f7b8": ["0", "com.tum.yahtzee.YahtzeeActivity"]}, {"b677360a6d7f8e29cf0ef9d5e388f7b8": ["0", "com.tum.yahtzee.YahtzeeActivity"]}, {"b677360a6d7f8e29cf0ef9d5e388f7b8": ["0", "com.tum.yahtzee.YahtzeeActivity"]}, {"b677360a6d7f8e29cf0ef9d5e388f7b8": ["0", "com.tum.yahtzee.YahtzeeActivity"]}, {"b677360a6d7f8e29cf0ef9d5e388f7b8": ["0", "com.tum.yahtzee.YahtzeeActivity"]}, {"b677360a6d7f8e29cf0ef9d5e388f7b8": ["0", "com.tum.yahtzee.YahtzeeActivity"]}, {"b677360a6d7f8e29cf0ef9d5e388f7b8": ["0", "com.tum.yahtzee.YahtzeeActivity"]}, {"b677360a6d7f8e29cf0ef9d5e388f7b8": ["0", "com.tum.yahtzee.YahtzeeActivity"]}, {"b677360a6d7f8e29cf0ef9d5e388f7b8": ["0", "com.tum.yahtzee.YahtzeeActivity"]}]