[{"d831000b8f2c61d916f64442a74ed63e": ["1", "com.teleca.jamendo.activity.HomeActivity"]}, {"d831000b8f2c61d916f64442a74ed63e": ["1", "com.teleca.jamendo.activity.HomeActivity"]}, {"c4276c6a50202388f5b756f01da53383": ["2", "com.teleca.jamendo.activity.BrowsePlaylistActivity"]}, {"c4276c6a50202388f5b756f01da53383": ["2", "com.teleca.jamendo.activity.BrowsePlaylistActivity"]}, {"c4276c6a50202388f5b756f01da53383": ["2", "com.teleca.jamendo.activity.BrowsePlaylistActivity"]}, {"c4276c6a50202388f5b756f01da53383": ["2", "com.teleca.jamendo.activity.BrowsePlaylistActivity"]}, {"c4276c6a50202388f5b756f01da53383": ["2", "com.teleca.jamendo.activity.BrowsePlaylistActivity"]}, {"c4276c6a50202388f5b756f01da53383": ["2", "com.teleca.jamendo.activity.BrowsePlaylistActivity"]}, {"c4276c6a50202388f5b756f01da53383": ["2", "com.teleca.jamendo.activity.BrowsePlaylistActivity"]}, {"c4276c6a50202388f5b756f01da53383": ["2", "com.teleca.jamendo.activity.BrowsePlaylistActivity"]}, {"c4276c6a50202388f5b756f01da53383": ["2", "com.teleca.jamendo.activity.BrowsePlaylistActivity"]}, {"c4276c6a50202388f5b756f01da53383": ["2", "com.teleca.jamendo.activity.BrowsePlaylistActivity"]}, {"c4276c6a50202388f5b756f01da53383": ["2", "com.teleca.jamendo.activity.BrowsePlaylistActivity"]}, {"c4276c6a50202388f5b756f01da53383": ["2", "com.teleca.jamendo.activity.BrowsePlaylistActivity"]}, {"c4276c6a50202388f5b756f01da53383": ["2", "com.teleca.jamendo.activity.BrowsePlaylistActivity"]}, {"c4276c6a50202388f5b756f01da53383": ["2", "com.teleca.jamendo.activity.BrowsePlaylistActivity"]}, {"c4276c6a50202388f5b756f01da53383": ["2", "com.teleca.jamendo.activity.BrowsePlaylistActivity"]}, {"c4276c6a50202388f5b756f01da53383": ["2", "com.teleca.jamendo.activity.BrowsePlaylistActivity"]}, {"c4276c6a50202388f5b756f01da53383": ["2", "com.teleca.jamendo.activity.BrowsePlaylistActivity"]}, {"c4276c6a50202388f5b756f01da53383": ["2", "com.teleca.jamendo.activity.BrowsePlaylistActivity"]}, {"c4276c6a50202388f5b756f01da53383": ["2", "com.teleca.jamendo.activity.BrowsePlaylistActivity"]}, {"1cd2c6f7d0550d7f621d64e73ffd6af4": ["3", "com.teleca.jamendo.activity.BrowsePlaylistActivity"]}, {"1cd2c6f7d0550d7f621d64e73ffd6af4": ["3", "com.teleca.jamendo.activity.BrowsePlaylistActivity"]}, {"099029a8b5cc41c2365c05d0030398ef": ["5", "com.teleca.jamendo.activity.BrowsePlaylistActivity"]}, {"099029a8b5cc41c2365c05d0030398ef": ["5", "com.teleca.jamendo.activity.BrowsePlaylistActivity"]}, {"099029a8b5cc41c2365c05d0030398ef": ["5", "com.teleca.jamendo.activity.BrowsePlaylistActivity"]}, {"099029a8b5cc41c2365c05d0030398ef": ["5", "com.teleca.jamendo.activity.BrowsePlaylistActivity"]}, {"099029a8b5cc41c2365c05d0030398ef": ["5", "com.teleca.jamendo.activity.BrowsePlaylistActivity"]}, {"fd5a3bc4f4f8fe27a04aa09759e956bf": ["6", "com.teleca.jamendo.activity.BrowsePlaylistActivity"]}, {"d831000b8f2c61d916f64442a74ed63e": ["1", "com.teleca.jamendo.activity.HomeActivity"]}, {"d831000b8f2c61d916f64442a74ed63e": ["1", "com.teleca.jamendo.activity.HomeActivity"]}, {"6fb2fa4d80564d4eee87c57738e77719": ["15", "com.teleca.jamendo.activity.SearchActivity"]}, {"6fb2fa4d80564d4eee87c57738e77719": ["15", "com.teleca.jamendo.activity.SearchActivity"]}, {"efc25ec0dd68160ae0214912cc5add64": ["16", "com.teleca.jamendo.activity.SearchActivity"]}, {"efc25ec0dd68160ae0214912cc5add64": ["16", "com.teleca.jamendo.activity.SearchActivity"]}, {"efc25ec0dd68160ae0214912cc5add64": ["16", "com.teleca.jamendo.activity.SearchActivity"]}, {"d831000b8f2c61d916f64442a74ed63e": ["1", "com.teleca.jamendo.activity.HomeActivity"]}, {"efc25ec0dd68160ae0214912cc5add64": ["16", "com.teleca.jamendo.activity.SearchActivity"]}, {"efc25ec0dd68160ae0214912cc5add64": ["16", "com.teleca.jamendo.activity.SearchActivity"]}, {"d831000b8f2c61d916f64442a74ed63e": ["1", "com.teleca.jamendo.activity.HomeActivity"]}, {"d831000b8f2c61d916f64442a74ed63e": ["1", "com.teleca.jamendo.activity.HomeActivity"]}, {"d831000b8f2c61d916f64442a74ed63e": ["1", "com.teleca.jamendo.activity.HomeActivity"]}, {"d56083debae55c599956b965bf28efb5": ["10", "com.teleca.jamendo.activity.DownloadActivity"]}, {"d56083debae55c599956b965bf28efb5": ["10", "com.teleca.jamendo.activity.DownloadActivity"]}, {"d56083debae55c599956b965bf28efb5": ["10", "com.teleca.jamendo.activity.DownloadActivity"]}, {"d56083debae55c599956b965bf28efb5": ["10", "com.teleca.jamendo.activity.DownloadActivity"]}, {"d56083debae55c599956b965bf28efb5": ["10", "com.teleca.jamendo.activity.DownloadActivity"]}, {"d56083debae55c599956b965bf28efb5": ["10", "com.teleca.jamendo.activity.DownloadActivity"]}, {"d56083debae55c599956b965bf28efb5": ["10", "com.teleca.jamendo.activity.DownloadActivity"]}, {"d56083debae55c599956b965bf28efb5": ["10", "com.teleca.jamendo.activity.DownloadActivity"]}, {"d56083debae55c599956b965bf28efb5": ["10", "com.teleca.jamendo.activity.DownloadActivity"]}, {"d56083debae55c599956b965bf28efb5": ["10", "com.teleca.jamendo.activity.DownloadActivity"]}, {"d56083debae55c599956b965bf28efb5": ["10", "com.teleca.jamendo.activity.DownloadActivity"]}, {"d56083debae55c599956b965bf28efb5": ["10", "com.teleca.jamendo.activity.DownloadActivity"]}, {"d56083debae55c599956b965bf28efb5": ["10", "com.teleca.jamendo.activity.DownloadActivity"]}, {"d56083debae55c599956b965bf28efb5": ["10", "com.teleca.jamendo.activity.DownloadActivity"]}, {"d56083debae55c599956b965bf28efb5": ["10", "com.teleca.jamendo.activity.DownloadActivity"]}, {"d56083debae55c599956b965bf28efb5": ["10", "com.teleca.jamendo.activity.DownloadActivity"]}, {"d56083debae55c599956b965bf28efb5": ["10", "com.teleca.jamendo.activity.DownloadActivity"]}, {"d56083debae55c599956b965bf28efb5": ["10", "com.teleca.jamendo.activity.DownloadActivity"]}, {"d56083debae55c599956b965bf28efb5": ["10", "com.teleca.jamendo.activity.DownloadActivity"]}, {"d56083debae55c599956b965bf28efb5": ["10", "com.teleca.jamendo.activity.DownloadActivity"]}, {"d56083debae55c599956b965bf28efb5": ["10", "com.teleca.jamendo.activity.DownloadActivity"]}, {"d56083debae55c599956b965bf28efb5": ["10", "com.teleca.jamendo.activity.DownloadActivity"]}, {"d831000b8f2c61d916f64442a74ed63e": ["1", "com.teleca.jamendo.activity.HomeActivity"]}, {"d831000b8f2c61d916f64442a74ed63e": ["1", "com.teleca.jamendo.activity.HomeActivity"]}, {"d831000b8f2c61d916f64442a74ed63e": ["1", "com.teleca.jamendo.activity.HomeActivity"]}, {"d831000b8f2c61d916f64442a74ed63e": ["1", "com.teleca.jamendo.activity.HomeActivity"]}, {"d831000b8f2c61d916f64442a74ed63e": ["1", "com.teleca.jamendo.activity.HomeActivity"]}, {"d831000b8f2c61d916f64442a74ed63e": ["1", "com.teleca.jamendo.activity.HomeActivity"]}, {"d831000b8f2c61d916f64442a74ed63e": ["1", "com.teleca.jamendo.activity.HomeActivity"]}, {"fd5a3bc4f4f8fe27a04aa09759e956bf": ["6", "com.teleca.jamendo.activity.BrowsePlaylistActivity"]}, {"fd5a3bc4f4f8fe27a04aa09759e956bf": ["6", "com.teleca.jamendo.activity.BrowsePlaylistActivity"]}, {"fd5a3bc4f4f8fe27a04aa09759e956bf": ["6", "com.teleca.jamendo.activity.BrowsePlaylistActivity"]}, {"81345d691dcda7625439f1d253c5a674": ["7", "com.teleca.jamendo.activity.BrowsePlaylistActivity"]}, {"81345d691dcda7625439f1d253c5a674": ["7", "com.teleca.jamendo.activity.BrowsePlaylistActivity"]}, {"d831000b8f2c61d916f64442a74ed63e": ["1", "com.teleca.jamendo.activity.HomeActivity"]}, {"81345d691dcda7625439f1d253c5a674": ["7", "com.teleca.jamendo.activity.BrowsePlaylistActivity"]}, {"81345d691dcda7625439f1d253c5a674": ["7", "com.teleca.jamendo.activity.BrowsePlaylistActivity"]}, {"d831000b8f2c61d916f64442a74ed63e": ["1", "com.teleca.jamendo.activity.HomeActivity"]}, {"6fb2fa4d80564d4eee87c57738e77719": ["15", "com.teleca.jamendo.activity.SearchActivity"]}, {"6fb2fa4d80564d4eee87c57738e77719": ["15", "com.teleca.jamendo.activity.SearchActivity"]}, {"6fb2fa4d80564d4eee87c57738e77719": ["15", "com.teleca.jamendo.activity.SearchActivity"]}, {"efc25ec0dd68160ae0214912cc5add64": ["16", "com.teleca.jamendo.activity.SearchActivity"]}, {"6fb2fa4d80564d4eee87c57738e77719": ["15", "com.teleca.jamendo.activity.SearchActivity"]}, {"6fb2fa4d80564d4eee87c57738e77719": ["15", "com.teleca.jamendo.activity.SearchActivity"]}, {"6fb2fa4d80564d4eee87c57738e77719": ["15", "com.teleca.jamendo.activity.SearchActivity"]}, {"d831000b8f2c61d916f64442a74ed63e": ["1", "com.teleca.jamendo.activity.HomeActivity"]}, {"2a6622ab278fb3982bec37b3aef2d2aa": ["17", "com.teleca.jamendo.activity.RadioActivity"]}, {"2a6622ab278fb3982bec37b3aef2d2aa": ["17", "com.teleca.jamendo.activity.RadioActivity"]}, {"2a6622ab278fb3982bec37b3aef2d2aa": ["17", "com.teleca.jamendo.activity.RadioActivity"]}, {"2a6622ab278fb3982bec37b3aef2d2aa": ["17", "com.teleca.jamendo.activity.RadioActivity"]}, {"2a6622ab278fb3982bec37b3aef2d2aa": ["17", "com.teleca.jamendo.activity.RadioActivity"]}, {"708a80e12b14d3c4d7f10bba014c7cbb": ["18", "com.teleca.jamendo.activity.RadioActivity"]}, {"708a80e12b14d3c4d7f10bba014c7cbb": ["18", "com.teleca.jamendo.activity.RadioActivity"]}, {"2a6622ab278fb3982bec37b3aef2d2aa": ["17", "com.teleca.jamendo.activity.RadioActivity"]}, {"2a6622ab278fb3982bec37b3aef2d2aa": ["17", "com.teleca.jamendo.activity.RadioActivity"]}, {"708a80e12b14d3c4d7f10bba014c7cbb": ["18", "com.teleca.jamendo.activity.RadioActivity"]}, {"2a6622ab278fb3982bec37b3aef2d2aa": ["17", "com.teleca.jamendo.activity.RadioActivity"]}, {"708a80e12b14d3c4d7f10bba014c7cbb": ["18", "com.teleca.jamendo.activity.RadioActivity"]}, {"708a80e12b14d3c4d7f10bba014c7cbb": ["18", "com.teleca.jamendo.activity.RadioActivity"]}, {"2a6622ab278fb3982bec37b3aef2d2aa": ["17", "com.teleca.jamendo.activity.RadioActivity"]}, {"2a6622ab278fb3982bec37b3aef2d2aa": ["17", "com.teleca.jamendo.activity.RadioActivity"]}, {"2a6622ab278fb3982bec37b3aef2d2aa": ["17", "com.teleca.jamendo.activity.RadioActivity"]}, {"2a6622ab278fb3982bec37b3aef2d2aa": ["17", "com.teleca.jamendo.activity.RadioActivity"]}, {"2a6622ab278fb3982bec37b3aef2d2aa": ["17", "com.teleca.jamendo.activity.RadioActivity"]}, {"2a6622ab278fb3982bec37b3aef2d2aa": ["17", "com.teleca.jamendo.activity.RadioActivity"]}, {"2a6622ab278fb3982bec37b3aef2d2aa": ["17", "com.teleca.jamendo.activity.RadioActivity"]}, {"2a6622ab278fb3982bec37b3aef2d2aa": ["17", "com.teleca.jamendo.activity.RadioActivity"]}, {"2a6622ab278fb3982bec37b3aef2d2aa": ["17", "com.teleca.jamendo.activity.RadioActivity"]}, {"708a80e12b14d3c4d7f10bba014c7cbb": ["18", "com.teleca.jamendo.activity.RadioActivity"]}, {"2a6622ab278fb3982bec37b3aef2d2aa": ["17", "com.teleca.jamendo.activity.RadioActivity"]}, {"2a6622ab278fb3982bec37b3aef2d2aa": ["17", "com.teleca.jamendo.activity.RadioActivity"]}, {"2a6622ab278fb3982bec37b3aef2d2aa": ["17", "com.teleca.jamendo.activity.RadioActivity"]}, {"2a6622ab278fb3982bec37b3aef2d2aa": ["17", "com.teleca.jamendo.activity.RadioActivity"]}, {"2a6622ab278fb3982bec37b3aef2d2aa": ["17", "com.teleca.jamendo.activity.RadioActivity"]}, {"708a80e12b14d3c4d7f10bba014c7cbb": ["18", "com.teleca.jamendo.activity.RadioActivity"]}, {"2a6622ab278fb3982bec37b3aef2d2aa": ["17", "com.teleca.jamendo.activity.RadioActivity"]}, {"2a6622ab278fb3982bec37b3aef2d2aa": ["17", "com.teleca.jamendo.activity.RadioActivity"]}, {"2a6622ab278fb3982bec37b3aef2d2aa": ["17", "com.teleca.jamendo.activity.RadioActivity"]}, {"708a80e12b14d3c4d7f10bba014c7cbb": ["18", "com.teleca.jamendo.activity.RadioActivity"]}, {"708a80e12b14d3c4d7f10bba014c7cbb": ["18", "com.teleca.jamendo.activity.RadioActivity"]}, {"708a80e12b14d3c4d7f10bba014c7cbb": ["18", "com.teleca.jamendo.activity.RadioActivity"]}, {"2a6622ab278fb3982bec37b3aef2d2aa": ["17", "com.teleca.jamendo.activity.RadioActivity"]}, {"2a6622ab278fb3982bec37b3aef2d2aa": ["17", "com.teleca.jamendo.activity.RadioActivity"]}, {"2a6622ab278fb3982bec37b3aef2d2aa": ["17", "com.teleca.jamendo.activity.RadioActivity"]}, {"708a80e12b14d3c4d7f10bba014c7cbb": ["18", "com.teleca.jamendo.activity.RadioActivity"]}, {"2a6622ab278fb3982bec37b3aef2d2aa": ["17", "com.teleca.jamendo.activity.RadioActivity"]}, {"2a6622ab278fb3982bec37b3aef2d2aa": ["17", "com.teleca.jamendo.activity.RadioActivity"]}, {"708a80e12b14d3c4d7f10bba014c7cbb": ["18", "com.teleca.jamendo.activity.RadioActivity"]}, {"708a80e12b14d3c4d7f10bba014c7cbb": ["18", "com.teleca.jamendo.activity.RadioActivity"]}, {"2a6622ab278fb3982bec37b3aef2d2aa": ["17", "com.teleca.jamendo.activity.RadioActivity"]}, {"d831000b8f2c61d916f64442a74ed63e": ["1", "com.teleca.jamendo.activity.HomeActivity"]}, {"d831000b8f2c61d916f64442a74ed63e": ["1", "com.teleca.jamendo.activity.HomeActivity"]}, {"d831000b8f2c61d916f64442a74ed63e": ["1", "com.teleca.jamendo.activity.HomeActivity"]}, {"efc25ec0dd68160ae0214912cc5add64": ["16", "com.teleca.jamendo.activity.SearchActivity"]}, {"d831000b8f2c61d916f64442a74ed63e": ["1", "com.teleca.jamendo.activity.HomeActivity"]}, {"2a6622ab278fb3982bec37b3aef2d2aa": ["17", "com.teleca.jamendo.activity.RadioActivity"]}, {"2a6622ab278fb3982bec37b3aef2d2aa": ["17", "com.teleca.jamendo.activity.RadioActivity"]}, {"2a6622ab278fb3982bec37b3aef2d2aa": ["17", "com.teleca.jamendo.activity.RadioActivity"]}, {"2a6622ab278fb3982bec37b3aef2d2aa": ["17", "com.teleca.jamendo.activity.RadioActivity"]}, {"d831000b8f2c61d916f64442a74ed63e": ["1", "com.teleca.jamendo.activity.HomeActivity"]}, {"d831000b8f2c61d916f64442a74ed63e": ["1", "com.teleca.jamendo.activity.HomeActivity"]}, {"d831000b8f2c61d916f64442a74ed63e": ["1", "com.teleca.jamendo.activity.HomeActivity"]}, {"81345d691dcda7625439f1d253c5a674": ["7", "com.teleca.jamendo.activity.BrowsePlaylistActivity"]}, {"81345d691dcda7625439f1d253c5a674": ["7", "com.teleca.jamendo.activity.BrowsePlaylistActivity"]}, {"81345d691dcda7625439f1d253c5a674": ["7", "com.teleca.jamendo.activity.BrowsePlaylistActivity"]}, {"e702ae9da652c1e662b446a5fdf49526": ["8", "com.teleca.jamendo.activity.BrowsePlaylistActivity"]}, {"e702ae9da652c1e662b446a5fdf49526": ["8", "com.teleca.jamendo.activity.BrowsePlaylistActivity"]}, {"d831000b8f2c61d916f64442a74ed63e": ["1", "com.teleca.jamendo.activity.HomeActivity"]}, {"e702ae9da652c1e662b446a5fdf49526": ["8", "com.teleca.jamendo.activity.BrowsePlaylistActivity"]}, {"e702ae9da652c1e662b446a5fdf49526": ["8", "com.teleca.jamendo.activity.BrowsePlaylistActivity"]}, {"d831000b8f2c61d916f64442a74ed63e": ["1", "com.teleca.jamendo.activity.HomeActivity"]}, {"d831000b8f2c61d916f64442a74ed63e": ["1", "com.teleca.jamendo.activity.HomeActivity"]}, {"d56083debae55c599956b965bf28efb5": ["10", "com.teleca.jamendo.activity.DownloadActivity"]}, {"d56083debae55c599956b965bf28efb5": ["10", "com.teleca.jamendo.activity.DownloadActivity"]}, {"d56083debae55c599956b965bf28efb5": ["10", "com.teleca.jamendo.activity.DownloadActivity"]}, {"d56083debae55c599956b965bf28efb5": ["10", "com.teleca.jamendo.activity.DownloadActivity"]}, {"d56083debae55c599956b965bf28efb5": ["10", "com.teleca.jamendo.activity.DownloadActivity"]}, {"d56083debae55c599956b965bf28efb5": ["10", "com.teleca.jamendo.activity.DownloadActivity"]}, {"d56083debae55c599956b965bf28efb5": ["10", "com.teleca.jamendo.activity.DownloadActivity"]}, {"d56083debae55c599956b965bf28efb5": ["10", "com.teleca.jamendo.activity.DownloadActivity"]}, {"d56083debae55c599956b965bf28efb5": ["10", "com.teleca.jamendo.activity.DownloadActivity"]}, {"d56083debae55c599956b965bf28efb5": ["10", "com.teleca.jamendo.activity.DownloadActivity"]}, {"d56083debae55c599956b965bf28efb5": ["10", "com.teleca.jamendo.activity.DownloadActivity"]}, {"d56083debae55c599956b965bf28efb5": ["10", "com.teleca.jamendo.activity.DownloadActivity"]}, {"d56083debae55c599956b965bf28efb5": ["10", "com.teleca.jamendo.activity.DownloadActivity"]}, {"d56083debae55c599956b965bf28efb5": ["10", "com.teleca.jamendo.activity.DownloadActivity"]}, {"d56083debae55c599956b965bf28efb5": ["10", "com.teleca.jamendo.activity.DownloadActivity"]}, {"d56083debae55c599956b965bf28efb5": ["10", "com.teleca.jamendo.activity.DownloadActivity"]}, {"d831000b8f2c61d916f64442a74ed63e": ["1", "com.teleca.jamendo.activity.HomeActivity"]}, {"708a80e12b14d3c4d7f10bba014c7cbb": ["18", "com.teleca.jamendo.activity.RadioActivity"]}, {"2a6622ab278fb3982bec37b3aef2d2aa": ["17", "com.teleca.jamendo.activity.RadioActivity"]}, {"2a6622ab278fb3982bec37b3aef2d2aa": ["17", "com.teleca.jamendo.activity.RadioActivity"]}, {"2a6622ab278fb3982bec37b3aef2d2aa": ["17", "com.teleca.jamendo.activity.RadioActivity"]}, {"2a6622ab278fb3982bec37b3aef2d2aa": ["17", "com.teleca.jamendo.activity.RadioActivity"]}, {"2a6622ab278fb3982bec37b3aef2d2aa": ["17", "com.teleca.jamendo.activity.RadioActivity"]}, {"708a80e12b14d3c4d7f10bba014c7cbb": ["18", "com.teleca.jamendo.activity.RadioActivity"]}, {"708a80e12b14d3c4d7f10bba014c7cbb": ["18", "com.teleca.jamendo.activity.RadioActivity"]}, {"d831000b8f2c61d916f64442a74ed63e": ["1", "com.teleca.jamendo.activity.HomeActivity"]}, {"d831000b8f2c61d916f64442a74ed63e": ["1", "com.teleca.jamendo.activity.HomeActivity"]}, {"d56083debae55c599956b965bf28efb5": ["10", "com.teleca.jamendo.activity.DownloadActivity"]}, {"d56083debae55c599956b965bf28efb5": ["10", "com.teleca.jamendo.activity.DownloadActivity"]}, {"d56083debae55c599956b965bf28efb5": ["10", "com.teleca.jamendo.activity.DownloadActivity"]}, {"d56083debae55c599956b965bf28efb5": ["10", "com.teleca.jamendo.activity.DownloadActivity"]}, {"d56083debae55c599956b965bf28efb5": ["10", "com.teleca.jamendo.activity.DownloadActivity"]}, {"d56083debae55c599956b965bf28efb5": ["10", "com.teleca.jamendo.activity.DownloadActivity"]}, {"d56083debae55c599956b965bf28efb5": ["10", "com.teleca.jamendo.activity.DownloadActivity"]}, {"d56083debae55c599956b965bf28efb5": ["10", "com.teleca.jamendo.activity.DownloadActivity"]}, {"d56083debae55c599956b965bf28efb5": ["10", "com.teleca.jamendo.activity.DownloadActivity"]}, {"d56083debae55c599956b965bf28efb5": ["10", "com.teleca.jamendo.activity.DownloadActivity"]}, {"d56083debae55c599956b965bf28efb5": ["10", "com.teleca.jamendo.activity.DownloadActivity"]}, {"d56083debae55c599956b965bf28efb5": ["10", "com.teleca.jamendo.activity.DownloadActivity"]}, {"d56083debae55c599956b965bf28efb5": ["10", "com.teleca.jamendo.activity.DownloadActivity"]}, {"d56083debae55c599956b965bf28efb5": ["10", "com.teleca.jamendo.activity.DownloadActivity"]}, {"d56083debae55c599956b965bf28efb5": ["10", "com.teleca.jamendo.activity.DownloadActivity"]}, {"d56083debae55c599956b965bf28efb5": ["10", "com.teleca.jamendo.activity.DownloadActivity"]}, {"d56083debae55c599956b965bf28efb5": ["10", "com.teleca.jamendo.activity.DownloadActivity"]}, {"d56083debae55c599956b965bf28efb5": ["10", "com.teleca.jamendo.activity.DownloadActivity"]}, {"d56083debae55c599956b965bf28efb5": ["10", "com.teleca.jamendo.activity.DownloadActivity"]}, {"d56083debae55c599956b965bf28efb5": ["10", "com.teleca.jamendo.activity.DownloadActivity"]}, {"d56083debae55c599956b965bf28efb5": ["10", "com.teleca.jamendo.activity.DownloadActivity"]}, {"d56083debae55c599956b965bf28efb5": ["10", "com.teleca.jamendo.activity.DownloadActivity"]}, {"d56083debae55c599956b965bf28efb5": ["10", "com.teleca.jamendo.activity.DownloadActivity"]}, {"d56083debae55c599956b965bf28efb5": ["10", "com.teleca.jamendo.activity.DownloadActivity"]}, {"d831000b8f2c61d916f64442a74ed63e": ["1", "com.teleca.jamendo.activity.HomeActivity"]}, {"d831000b8f2c61d916f64442a74ed63e": ["1", "com.teleca.jamendo.activity.HomeActivity"]}, {"d831000b8f2c61d916f64442a74ed63e": ["1", "com.teleca.jamendo.activity.HomeActivity"]}, {"d56083debae55c599956b965bf28efb5": ["10", "com.teleca.jamendo.activity.DownloadActivity"]}, {"d56083debae55c599956b965bf28efb5": ["10", "com.teleca.jamendo.activity.DownloadActivity"]}, {"d56083debae55c599956b965bf28efb5": ["10", "com.teleca.jamendo.activity.DownloadActivity"]}, {"d56083debae55c599956b965bf28efb5": ["10", "com.teleca.jamendo.activity.DownloadActivity"]}, {"d831000b8f2c61d916f64442a74ed63e": ["1", "com.teleca.jamendo.activity.HomeActivity"]}, {"d831000b8f2c61d916f64442a74ed63e": ["1", "com.teleca.jamendo.activity.HomeActivity"]}, {"efc25ec0dd68160ae0214912cc5add64": ["16", "com.teleca.jamendo.activity.SearchActivity"]}, {"efc25ec0dd68160ae0214912cc5add64": ["16", "com.teleca.jamendo.activity.SearchActivity"]}, {"6fb2fa4d80564d4eee87c57738e77719": ["15", "com.teleca.jamendo.activity.SearchActivity"]}, {"6fb2fa4d80564d4eee87c57738e77719": ["15", "com.teleca.jamendo.activity.SearchActivity"]}, {"efc25ec0dd68160ae0214912cc5add64": ["16", "com.teleca.jamendo.activity.SearchActivity"]}, {"6fb2fa4d80564d4eee87c57738e77719": ["15", "com.teleca.jamendo.activity.SearchActivity"]}, {"6fb2fa4d80564d4eee87c57738e77719": ["15", "com.teleca.jamendo.activity.SearchActivity"]}, {"6fb2fa4d80564d4eee87c57738e77719": ["15", "com.teleca.jamendo.activity.SearchActivity"]}, {"6fb2fa4d80564d4eee87c57738e77719": ["15", "com.teleca.jamendo.activity.SearchActivity"]}, {"efc25ec0dd68160ae0214912cc5add64": ["16", "com.teleca.jamendo.activity.SearchActivity"]}, {"efc25ec0dd68160ae0214912cc5add64": ["16", "com.teleca.jamendo.activity.SearchActivity"]}, {"efc25ec0dd68160ae0214912cc5add64": ["16", "com.teleca.jamendo.activity.SearchActivity"]}, {"efc25ec0dd68160ae0214912cc5add64": ["16", "com.teleca.jamendo.activity.SearchActivity"]}, {"d831000b8f2c61d916f64442a74ed63e": ["1", "com.teleca.jamendo.activity.HomeActivity"]}, {"d831000b8f2c61d916f64442a74ed63e": ["1", "com.teleca.jamendo.activity.HomeActivity"]}, {"d831000b8f2c61d916f64442a74ed63e": ["1", "com.teleca.jamendo.activity.HomeActivity"]}, {"efc25ec0dd68160ae0214912cc5add64": ["16", "com.teleca.jamendo.activity.SearchActivity"]}, {"efc25ec0dd68160ae0214912cc5add64": ["16", "com.teleca.jamendo.activity.SearchActivity"]}, {"6fb2fa4d80564d4eee87c57738e77719": ["15", "com.teleca.jamendo.activity.SearchActivity"]}, {"efc25ec0dd68160ae0214912cc5add64": ["16", "com.teleca.jamendo.activity.SearchActivity"]}, {"d831000b8f2c61d916f64442a74ed63e": ["1", "com.teleca.jamendo.activity.HomeActivity"]}, {"d831000b8f2c61d916f64442a74ed63e": ["1", "com.teleca.jamendo.activity.HomeActivity"]}, {"d831000b8f2c61d916f64442a74ed63e": ["1", "com.teleca.jamendo.activity.HomeActivity"]}, {"d831000b8f2c61d916f64442a74ed63e": ["1", "com.teleca.jamendo.activity.HomeActivity"]}, {"e702ae9da652c1e662b446a5fdf49526": ["8", "com.teleca.jamendo.activity.BrowsePlaylistActivity"]}, {"e702ae9da652c1e662b446a5fdf49526": ["8", "com.teleca.jamendo.activity.BrowsePlaylistActivity"]}, {"e702ae9da652c1e662b446a5fdf49526": ["8", "com.teleca.jamendo.activity.BrowsePlaylistActivity"]}, {"d831000b8f2c61d916f64442a74ed63e": ["1", "com.teleca.jamendo.activity.HomeActivity"]}, {"d831000b8f2c61d916f64442a74ed63e": ["1", "com.teleca.jamendo.activity.HomeActivity"]}, {"e702ae9da652c1e662b446a5fdf49526": ["8", "com.teleca.jamendo.activity.BrowsePlaylistActivity"]}, {"e702ae9da652c1e662b446a5fdf49526": ["8", "com.teleca.jamendo.activity.BrowsePlaylistActivity"]}, {"e702ae9da652c1e662b446a5fdf49526": ["8", "com.teleca.jamendo.activity.BrowsePlaylistActivity"]}, {"e702ae9da652c1e662b446a5fdf49526": ["8", "com.teleca.jamendo.activity.BrowsePlaylistActivity"]}, {"d831000b8f2c61d916f64442a74ed63e": ["1", "com.teleca.jamendo.activity.HomeActivity"]}, {"e702ae9da652c1e662b446a5fdf49526": ["8", "com.teleca.jamendo.activity.BrowsePlaylistActivity"]}, {"e702ae9da652c1e662b446a5fdf49526": ["8", "com.teleca.jamendo.activity.BrowsePlaylistActivity"]}, {"e702ae9da652c1e662b446a5fdf49526": ["8", "com.teleca.jamendo.activity.BrowsePlaylistActivity"]}, {"e702ae9da652c1e662b446a5fdf49526": ["8", "com.teleca.jamendo.activity.BrowsePlaylistActivity"]}, {"e702ae9da652c1e662b446a5fdf49526": ["8", "com.teleca.jamendo.activity.BrowsePlaylistActivity"]}, {"e702ae9da652c1e662b446a5fdf49526": ["8", "com.teleca.jamendo.activity.BrowsePlaylistActivity"]}, {"9297983fd8645c597eb34fe8225222b0": ["9", "com.teleca.jamendo.activity.BrowsePlaylistActivity"]}, {"9297983fd8645c597eb34fe8225222b0": ["9", "com.teleca.jamendo.activity.BrowsePlaylistActivity"]}, {"9297983fd8645c597eb34fe8225222b0": ["9", "com.teleca.jamendo.activity.BrowsePlaylistActivity"]}, {"d831000b8f2c61d916f64442a74ed63e": ["1", "com.teleca.jamendo.activity.HomeActivity"]}, {"9297983fd8645c597eb34fe8225222b0": ["9", "com.teleca.jamendo.activity.BrowsePlaylistActivity"]}, {"d831000b8f2c61d916f64442a74ed63e": ["1", "com.teleca.jamendo.activity.HomeActivity"]}, {"d831000b8f2c61d916f64442a74ed63e": ["1", "com.teleca.jamendo.activity.HomeActivity"]}, {"d56083debae55c599956b965bf28efb5": ["10", "com.teleca.jamendo.activity.DownloadActivity"]}, {"d56083debae55c599956b965bf28efb5": ["10", "com.teleca.jamendo.activity.DownloadActivity"]}, {"d56083debae55c599956b965bf28efb5": ["10", "com.teleca.jamendo.activity.DownloadActivity"]}, {"d56083debae55c599956b965bf28efb5": ["10", "com.teleca.jamendo.activity.DownloadActivity"]}, {"d56083debae55c599956b965bf28efb5": ["10", "com.teleca.jamendo.activity.DownloadActivity"]}, {"d56083debae55c599956b965bf28efb5": ["10", "com.teleca.jamendo.activity.DownloadActivity"]}, {"d56083debae55c599956b965bf28efb5": ["10", "com.teleca.jamendo.activity.DownloadActivity"]}, {"d831000b8f2c61d916f64442a74ed63e": ["1", "com.teleca.jamendo.activity.HomeActivity"]}, {"d831000b8f2c61d916f64442a74ed63e": ["1", "com.teleca.jamendo.activity.HomeActivity"]}, {"d831000b8f2c61d916f64442a74ed63e": ["1", "com.teleca.jamendo.activity.HomeActivity"]}, {"2a6622ab278fb3982bec37b3aef2d2aa": ["17", "com.teleca.jamendo.activity.RadioActivity"]}, {"2a6622ab278fb3982bec37b3aef2d2aa": ["17", "com.teleca.jamendo.activity.RadioActivity"]}, {"708a80e12b14d3c4d7f10bba014c7cbb": ["18", "com.teleca.jamendo.activity.RadioActivity"]}, {"2a6622ab278fb3982bec37b3aef2d2aa": ["17", "com.teleca.jamendo.activity.RadioActivity"]}, {"2a6622ab278fb3982bec37b3aef2d2aa": ["17", "com.teleca.jamendo.activity.RadioActivity"]}, {"2a6622ab278fb3982bec37b3aef2d2aa": ["17", "com.teleca.jamendo.activity.RadioActivity"]}, {"2a6622ab278fb3982bec37b3aef2d2aa": ["17", "com.teleca.jamendo.activity.RadioActivity"]}, {"2a6622ab278fb3982bec37b3aef2d2aa": ["17", "com.teleca.jamendo.activity.RadioActivity"]}, {"2a6622ab278fb3982bec37b3aef2d2aa": ["17", "com.teleca.jamendo.activity.RadioActivity"]}, {"708a80e12b14d3c4d7f10bba014c7cbb": ["18", "com.teleca.jamendo.activity.RadioActivity"]}, {"708a80e12b14d3c4d7f10bba014c7cbb": ["18", "com.teleca.jamendo.activity.RadioActivity"]}, {"2a6622ab278fb3982bec37b3aef2d2aa": ["17", "com.teleca.jamendo.activity.RadioActivity"]}, {"2a6622ab278fb3982bec37b3aef2d2aa": ["17", "com.teleca.jamendo.activity.RadioActivity"]}, {"2a6622ab278fb3982bec37b3aef2d2aa": ["17", "com.teleca.jamendo.activity.RadioActivity"]}, {"2a6622ab278fb3982bec37b3aef2d2aa": ["17", "com.teleca.jamendo.activity.RadioActivity"]}, {"708a80e12b14d3c4d7f10bba014c7cbb": ["18", "com.teleca.jamendo.activity.RadioActivity"]}, {"2a6622ab278fb3982bec37b3aef2d2aa": ["17", "com.teleca.jamendo.activity.RadioActivity"]}, {"2a6622ab278fb3982bec37b3aef2d2aa": ["17", "com.teleca.jamendo.activity.RadioActivity"]}, {"2a6622ab278fb3982bec37b3aef2d2aa": ["17", "com.teleca.jamendo.activity.RadioActivity"]}, {"2a6622ab278fb3982bec37b3aef2d2aa": ["17", "com.teleca.jamendo.activity.RadioActivity"]}, {"2a6622ab278fb3982bec37b3aef2d2aa": ["17", "com.teleca.jamendo.activity.RadioActivity"]}, {"2a6622ab278fb3982bec37b3aef2d2aa": ["17", "com.teleca.jamendo.activity.RadioActivity"]}, {"2a6622ab278fb3982bec37b3aef2d2aa": ["17", "com.teleca.jamendo.activity.RadioActivity"]}, {"708a80e12b14d3c4d7f10bba014c7cbb": ["18", "com.teleca.jamendo.activity.RadioActivity"]}, {"2a6622ab278fb3982bec37b3aef2d2aa": ["17", "com.teleca.jamendo.activity.RadioActivity"]}, {"d831000b8f2c61d916f64442a74ed63e": ["1", "com.teleca.jamendo.activity.HomeActivity"]}, {"d831000b8f2c61d916f64442a74ed63e": ["1", "com.teleca.jamendo.activity.HomeActivity"]}, {"efc25ec0dd68160ae0214912cc5add64": ["16", "com.teleca.jamendo.activity.SearchActivity"]}, {"6fb2fa4d80564d4eee87c57738e77719": ["15", "com.teleca.jamendo.activity.SearchActivity"]}, {"efc25ec0dd68160ae0214912cc5add64": ["16", "com.teleca.jamendo.activity.SearchActivity"]}, {"efc25ec0dd68160ae0214912cc5add64": ["16", "com.teleca.jamendo.activity.SearchActivity"]}, {"efc25ec0dd68160ae0214912cc5add64": ["16", "com.teleca.jamendo.activity.SearchActivity"]}, {"6fb2fa4d80564d4eee87c57738e77719": ["15", "com.teleca.jamendo.activity.SearchActivity"]}, {"efc25ec0dd68160ae0214912cc5add64": ["16", "com.teleca.jamendo.activity.SearchActivity"]}, {"d831000b8f2c61d916f64442a74ed63e": ["1", "com.teleca.jamendo.activity.HomeActivity"]}, {"d56083debae55c599956b965bf28efb5": ["10", "com.teleca.jamendo.activity.DownloadActivity"]}, {"d56083debae55c599956b965bf28efb5": ["10", "com.teleca.jamendo.activity.DownloadActivity"]}, {"d56083debae55c599956b965bf28efb5": ["10", "com.teleca.jamendo.activity.DownloadActivity"]}, {"d831000b8f2c61d916f64442a74ed63e": ["1", "com.teleca.jamendo.activity.HomeActivity"]}, {"aa80d4af07b0785ddb150bf4626f8027": ["14", "com.teleca.jamendo.activity.HomeActivity"]}, {"d831000b8f2c61d916f64442a74ed63e": ["1", "com.teleca.jamendo.activity.HomeActivity"]}, {"9297983fd8645c597eb34fe8225222b0": ["9", "com.teleca.jamendo.activity.BrowsePlaylistActivity"]}, {"d831000b8f2c61d916f64442a74ed63e": ["1", "com.teleca.jamendo.activity.HomeActivity"]}, {"2a6622ab278fb3982bec37b3aef2d2aa": ["17", "com.teleca.jamendo.activity.RadioActivity"]}, {"2a6622ab278fb3982bec37b3aef2d2aa": ["17", "com.teleca.jamendo.activity.RadioActivity"]}, {"2a6622ab278fb3982bec37b3aef2d2aa": ["17", "com.teleca.jamendo.activity.RadioActivity"]}, {"708a80e12b14d3c4d7f10bba014c7cbb": ["18", "com.teleca.jamendo.activity.RadioActivity"]}, {"2a6622ab278fb3982bec37b3aef2d2aa": ["17", "com.teleca.jamendo.activity.RadioActivity"]}, {"2a6622ab278fb3982bec37b3aef2d2aa": ["17", "com.teleca.jamendo.activity.RadioActivity"]}, {"708a80e12b14d3c4d7f10bba014c7cbb": ["18", "com.teleca.jamendo.activity.RadioActivity"]}, {"708a80e12b14d3c4d7f10bba014c7cbb": ["18", "com.teleca.jamendo.activity.RadioActivity"]}, {"708a80e12b14d3c4d7f10bba014c7cbb": ["18", "com.teleca.jamendo.activity.RadioActivity"]}, {"708a80e12b14d3c4d7f10bba014c7cbb": ["18", "com.teleca.jamendo.activity.RadioActivity"]}, {"708a80e12b14d3c4d7f10bba014c7cbb": ["18", "com.teleca.jamendo.activity.RadioActivity"]}, {"708a80e12b14d3c4d7f10bba014c7cbb": ["18", "com.teleca.jamendo.activity.RadioActivity"]}, {"2a6622ab278fb3982bec37b3aef2d2aa": ["17", "com.teleca.jamendo.activity.RadioActivity"]}, {"708a80e12b14d3c4d7f10bba014c7cbb": ["18", "com.teleca.jamendo.activity.RadioActivity"]}, {"2a6622ab278fb3982bec37b3aef2d2aa": ["17", "com.teleca.jamendo.activity.RadioActivity"]}, {"708a80e12b14d3c4d7f10bba014c7cbb": ["18", "com.teleca.jamendo.activity.RadioActivity"]}, {"2a6622ab278fb3982bec37b3aef2d2aa": ["17", "com.teleca.jamendo.activity.RadioActivity"]}, {"708a80e12b14d3c4d7f10bba014c7cbb": ["18", "com.teleca.jamendo.activity.RadioActivity"]}, {"2a6622ab278fb3982bec37b3aef2d2aa": ["17", "com.teleca.jamendo.activity.RadioActivity"]}, {"d831000b8f2c61d916f64442a74ed63e": ["1", "com.teleca.jamendo.activity.HomeActivity"]}, {"d56083debae55c599956b965bf28efb5": ["10", "com.teleca.jamendo.activity.DownloadActivity"]}, {"d56083debae55c599956b965bf28efb5": ["10", "com.teleca.jamendo.activity.DownloadActivity"]}, {"d56083debae55c599956b965bf28efb5": ["10", "com.teleca.jamendo.activity.DownloadActivity"]}, {"d56083debae55c599956b965bf28efb5": ["10", "com.teleca.jamendo.activity.DownloadActivity"]}, {"d56083debae55c599956b965bf28efb5": ["10", "com.teleca.jamendo.activity.DownloadActivity"]}, {"d56083debae55c599956b965bf28efb5": ["10", "com.teleca.jamendo.activity.DownloadActivity"]}, {"d56083debae55c599956b965bf28efb5": ["10", "com.teleca.jamendo.activity.DownloadActivity"]}, {"d56083debae55c599956b965bf28efb5": ["10", "com.teleca.jamendo.activity.DownloadActivity"]}, {"d56083debae55c599956b965bf28efb5": ["10", "com.teleca.jamendo.activity.DownloadActivity"]}, {"d56083debae55c599956b965bf28efb5": ["10", "com.teleca.jamendo.activity.DownloadActivity"]}, {"d56083debae55c599956b965bf28efb5": ["10", "com.teleca.jamendo.activity.DownloadActivity"]}, {"d56083debae55c599956b965bf28efb5": ["10", "com.teleca.jamendo.activity.DownloadActivity"]}, {"d56083debae55c599956b965bf28efb5": ["10", "com.teleca.jamendo.activity.DownloadActivity"]}, {"d56083debae55c599956b965bf28efb5": ["10", "com.teleca.jamendo.activity.DownloadActivity"]}, {"d56083debae55c599956b965bf28efb5": ["10", "com.teleca.jamendo.activity.DownloadActivity"]}, {"d56083debae55c599956b965bf28efb5": ["10", "com.teleca.jamendo.activity.DownloadActivity"]}, {"d56083debae55c599956b965bf28efb5": ["10", "com.teleca.jamendo.activity.DownloadActivity"]}, {"d56083debae55c599956b965bf28efb5": ["10", "com.teleca.jamendo.activity.DownloadActivity"]}, {"d56083debae55c599956b965bf28efb5": ["10", "com.teleca.jamendo.activity.DownloadActivity"]}, {"d56083debae55c599956b965bf28efb5": ["10", "com.teleca.jamendo.activity.DownloadActivity"]}, {"d56083debae55c599956b965bf28efb5": ["10", "com.teleca.jamendo.activity.DownloadActivity"]}, {"d831000b8f2c61d916f64442a74ed63e": ["1", "com.teleca.jamendo.activity.HomeActivity"]}, {"9297983fd8645c597eb34fe8225222b0": ["9", "com.teleca.jamendo.activity.BrowsePlaylistActivity"]}, {"9297983fd8645c597eb34fe8225222b0": ["9", "com.teleca.jamendo.activity.BrowsePlaylistActivity"]}, {"9297983fd8645c597eb34fe8225222b0": ["9", "com.teleca.jamendo.activity.BrowsePlaylistActivity"]}, {"9297983fd8645c597eb34fe8225222b0": ["9", "com.teleca.jamendo.activity.BrowsePlaylistActivity"]}, {"9297983fd8645c597eb34fe8225222b0": ["9", "com.teleca.jamendo.activity.BrowsePlaylistActivity"]}, {"9297983fd8645c597eb34fe8225222b0": ["9", "com.teleca.jamendo.activity.BrowsePlaylistActivity"]}, {"9297983fd8645c597eb34fe8225222b0": ["9", "com.teleca.jamendo.activity.BrowsePlaylistActivity"]}, {"9297983fd8645c597eb34fe8225222b0": ["9", "com.teleca.jamendo.activity.BrowsePlaylistActivity"]}, {"d831000b8f2c61d916f64442a74ed63e": ["1", "com.teleca.jamendo.activity.HomeActivity"]}, {"d831000b8f2c61d916f64442a74ed63e": ["1", "com.teleca.jamendo.activity.HomeActivity"]}, {"aa80d4af07b0785ddb150bf4626f8027": ["14", "com.teleca.jamendo.activity.HomeActivity"]}, {"9297983fd8645c597eb34fe8225222b0": ["9", "com.teleca.jamendo.activity.BrowsePlaylistActivity"]}, {"979cbcecfb2416bc496a356b676d0793": ["11", "com.teleca.jamendo.activity.BrowsePlaylistActivity"]}, {"979cbcecfb2416bc496a356b676d0793": ["11", "com.teleca.jamendo.activity.BrowsePlaylistActivity"]}, {"d831000b8f2c61d916f64442a74ed63e": ["1", "com.teleca.jamendo.activity.HomeActivity"]}, {"979cbcecfb2416bc496a356b676d0793": ["11", "com.teleca.jamendo.activity.BrowsePlaylistActivity"]}, {"979cbcecfb2416bc496a356b676d0793": ["11", "com.teleca.jamendo.activity.BrowsePlaylistActivity"]}, {"979cbcecfb2416bc496a356b676d0793": ["11", "com.teleca.jamendo.activity.BrowsePlaylistActivity"]}, {"979cbcecfb2416bc496a356b676d0793": ["11", "com.teleca.jamendo.activity.BrowsePlaylistActivity"]}, {"979cbcecfb2416bc496a356b676d0793": ["11", "com.teleca.jamendo.activity.BrowsePlaylistActivity"]}, {"d831000b8f2c61d916f64442a74ed63e": ["1", "com.teleca.jamendo.activity.HomeActivity"]}, {"d831000b8f2c61d916f64442a74ed63e": ["1", "com.teleca.jamendo.activity.HomeActivity"]}, {"979cbcecfb2416bc496a356b676d0793": ["11", "com.teleca.jamendo.activity.BrowsePlaylistActivity"]}, {"979cbcecfb2416bc496a356b676d0793": ["11", "com.teleca.jamendo.activity.BrowsePlaylistActivity"]}, {"979cbcecfb2416bc496a356b676d0793": ["11", "com.teleca.jamendo.activity.BrowsePlaylistActivity"]}, {"6c270da4d95bb2089586f6b2e0472f01": ["12", "com.teleca.jamendo.activity.BrowsePlaylistActivity"]}, {"6c270da4d95bb2089586f6b2e0472f01": ["12", "com.teleca.jamendo.activity.BrowsePlaylistActivity"]}, {"d831000b8f2c61d916f64442a74ed63e": ["1", "com.teleca.jamendo.activity.HomeActivity"]}, {"d831000b8f2c61d916f64442a74ed63e": ["1", "com.teleca.jamendo.activity.HomeActivity"]}, {"6fb2fa4d80564d4eee87c57738e77719": ["15", "com.teleca.jamendo.activity.SearchActivity"]}, {"efc25ec0dd68160ae0214912cc5add64": ["16", "com.teleca.jamendo.activity.SearchActivity"]}, {"6fb2fa4d80564d4eee87c57738e77719": ["15", "com.teleca.jamendo.activity.SearchActivity"]}, {"6fb2fa4d80564d4eee87c57738e77719": ["15", "com.teleca.jamendo.activity.SearchActivity"]}, {"efc25ec0dd68160ae0214912cc5add64": ["16", "com.teleca.jamendo.activity.SearchActivity"]}, {"efc25ec0dd68160ae0214912cc5add64": ["16", "com.teleca.jamendo.activity.SearchActivity"]}, {"efc25ec0dd68160ae0214912cc5add64": ["16", "com.teleca.jamendo.activity.SearchActivity"]}, {"6fb2fa4d80564d4eee87c57738e77719": ["15", "com.teleca.jamendo.activity.SearchActivity"]}, {"efc25ec0dd68160ae0214912cc5add64": ["16", "com.teleca.jamendo.activity.SearchActivity"]}, {"d831000b8f2c61d916f64442a74ed63e": ["1", "com.teleca.jamendo.activity.HomeActivity"]}, {"d831000b8f2c61d916f64442a74ed63e": ["1", "com.teleca.jamendo.activity.HomeActivity"]}, {"d831000b8f2c61d916f64442a74ed63e": ["1", "com.teleca.jamendo.activity.HomeActivity"]}, {"d831000b8f2c61d916f64442a74ed63e": ["1", "com.teleca.jamendo.activity.HomeActivity"]}, {"d831000b8f2c61d916f64442a74ed63e": ["1", "com.teleca.jamendo.activity.HomeActivity"]}, {"d56083debae55c599956b965bf28efb5": ["10", "com.teleca.jamendo.activity.DownloadActivity"]}, {"d56083debae55c599956b965bf28efb5": ["10", "com.teleca.jamendo.activity.DownloadActivity"]}, {"d56083debae55c599956b965bf28efb5": ["10", "com.teleca.jamendo.activity.DownloadActivity"]}, {"d56083debae55c599956b965bf28efb5": ["10", "com.teleca.jamendo.activity.DownloadActivity"]}, {"d56083debae55c599956b965bf28efb5": ["10", "com.teleca.jamendo.activity.DownloadActivity"]}, {"d56083debae55c599956b965bf28efb5": ["10", "com.teleca.jamendo.activity.DownloadActivity"]}, {"d56083debae55c599956b965bf28efb5": ["10", "com.teleca.jamendo.activity.DownloadActivity"]}, {"d56083debae55c599956b965bf28efb5": ["10", "com.teleca.jamendo.activity.DownloadActivity"]}, {"d56083debae55c599956b965bf28efb5": ["10", "com.teleca.jamendo.activity.DownloadActivity"]}, {"d831000b8f2c61d916f64442a74ed63e": ["1", "com.teleca.jamendo.activity.HomeActivity"]}, {"d831000b8f2c61d916f64442a74ed63e": ["1", "com.teleca.jamendo.activity.HomeActivity"]}, {"aa80d4af07b0785ddb150bf4626f8027": ["14", "com.teleca.jamendo.activity.HomeActivity"]}, {"6c270da4d95bb2089586f6b2e0472f01": ["12", "com.teleca.jamendo.activity.BrowsePlaylistActivity"]}, {"6c270da4d95bb2089586f6b2e0472f01": ["12", "com.teleca.jamendo.activity.BrowsePlaylistActivity"]}, {"6c270da4d95bb2089586f6b2e0472f01": ["12", "com.teleca.jamendo.activity.BrowsePlaylistActivity"]}, {"6c270da4d95bb2089586f6b2e0472f01": ["12", "com.teleca.jamendo.activity.BrowsePlaylistActivity"]}]