[{"8a3a2d6e5a180b067a78e12f83f16dbc": ["0", "org.jessies.dalvikexplorer.DalvikExplorerActivity"]}, {"9cae5f51bf41e942705bc4665ba7456d": ["1", "org.jessies.dalvikexplorer.BuildActivity"]}, {"3be267ee24864fa47dc1290a0a9e97bb": ["2", "org.jessies.dalvikexplorer.BuildActivity"]}, {"3be267ee24864fa47dc1290a0a9e97bb": ["2", "org.jessies.dalvikexplorer.BuildActivity"]}, {"3be267ee24864fa47dc1290a0a9e97bb": ["2", "org.jessies.dalvikexplorer.BuildActivity"]}, {"3be267ee24864fa47dc1290a0a9e97bb": ["2", "org.jessies.dalvikexplorer.BuildActivity"]}, {"3be267ee24864fa47dc1290a0a9e97bb": ["2", "org.jessies.dalvikexplorer.BuildActivity"]}, {"3be267ee24864fa47dc1290a0a9e97bb": ["2", "org.jessies.dalvikexplorer.BuildActivity"]}, {"8a3a2d6e5a180b067a78e12f83f16dbc": ["0", "org.jessies.dalvikexplorer.DalvikExplorerActivity"]}, {"d692aad88e7397134fbd140f93df050d": ["7", "org.jessies.dalvikexplorer.FileSystemsActivity"]}, {"a9ef03cc20d39bd3d3b029e0025ef1b4": ["8", "org.jessies.dalvikexplorer.FileSystemActivity"]}, {"a9ef03cc20d39bd3d3b029e0025ef1b4": ["8", "org.jessies.dalvikexplorer.FileSystemActivity"]}, {"a9ef03cc20d39bd3d3b029e0025ef1b4": ["8", "org.jessies.dalvikexplorer.FileSystemActivity"]}, {"b7e0eb2441bc32635998248d0dc8ebcf": ["11", "org.jessies.dalvikexplorer.FileSystemActivity"]}, {"05c0e601c4416803bc2d8415a40b8adc": ["12", "org.jessies.dalvikexplorer.FileSystemActivity"]}, {"05c0e601c4416803bc2d8415a40b8adc": ["12", "org.jessies.dalvikexplorer.FileSystemActivity"]}, {"05c0e601c4416803bc2d8415a40b8adc": ["12", "org.jessies.dalvikexplorer.FileSystemActivity"]}, {"05c0e601c4416803bc2d8415a40b8adc": ["12", "org.jessies.dalvikexplorer.FileSystemActivity"]}, {"05c0e601c4416803bc2d8415a40b8adc": ["12", "org.jessies.dalvikexplorer.FileSystemActivity"]}, {"05c0e601c4416803bc2d8415a40b8adc": ["12", "org.jessies.dalvikexplorer.FileSystemActivity"]}, {"05c0e601c4416803bc2d8415a40b8adc": ["12", "org.jessies.dalvikexplorer.FileSystemActivity"]}, {"05c0e601c4416803bc2d8415a40b8adc": ["12", "org.jessies.dalvikexplorer.FileSystemActivity"]}, {"05c0e601c4416803bc2d8415a40b8adc": ["12", "org.jessies.dalvikexplorer.FileSystemActivity"]}, {"05c0e601c4416803bc2d8415a40b8adc": ["12", "org.jessies.dalvikexplorer.FileSystemActivity"]}, {"05c0e601c4416803bc2d8415a40b8adc": ["12", "org.jessies.dalvikexplorer.FileSystemActivity"]}, {"05c0e601c4416803bc2d8415a40b8adc": ["12", "org.jessies.dalvikexplorer.FileSystemActivity"]}, {"05c0e601c4416803bc2d8415a40b8adc": ["12", "org.jessies.dalvikexplorer.FileSystemActivity"]}, {"05c0e601c4416803bc2d8415a40b8adc": ["12", "org.jessies.dalvikexplorer.FileSystemActivity"]}, {"05c0e601c4416803bc2d8415a40b8adc": ["12", "org.jessies.dalvikexplorer.FileSystemActivity"]}, {"05c0e601c4416803bc2d8415a40b8adc": ["12", "org.jessies.dalvikexplorer.FileSystemActivity"]}, {"05c0e601c4416803bc2d8415a40b8adc": ["12", "org.jessies.dalvikexplorer.FileSystemActivity"]}, {"05c0e601c4416803bc2d8415a40b8adc": ["12", "org.jessies.dalvikexplorer.FileSystemActivity"]}, {"05c0e601c4416803bc2d8415a40b8adc": ["12", "org.jessies.dalvikexplorer.FileSystemActivity"]}, {"05c0e601c4416803bc2d8415a40b8adc": ["12", "org.jessies.dalvikexplorer.FileSystemActivity"]}, {"05c0e601c4416803bc2d8415a40b8adc": ["12", "org.jessies.dalvikexplorer.FileSystemActivity"]}, {"05c0e601c4416803bc2d8415a40b8adc": ["12", "org.jessies.dalvikexplorer.FileSystemActivity"]}, {"05c0e601c4416803bc2d8415a40b8adc": ["12", "org.jessies.dalvikexplorer.FileSystemActivity"]}, {"05c0e601c4416803bc2d8415a40b8adc": ["12", "org.jessies.dalvikexplorer.FileSystemActivity"]}, {"05c0e601c4416803bc2d8415a40b8adc": ["12", "org.jessies.dalvikexplorer.FileSystemActivity"]}, {"05c0e601c4416803bc2d8415a40b8adc": ["12", "org.jessies.dalvikexplorer.FileSystemActivity"]}, {"05c0e601c4416803bc2d8415a40b8adc": ["12", "org.jessies.dalvikexplorer.FileSystemActivity"]}, {"05c0e601c4416803bc2d8415a40b8adc": ["12", "org.jessies.dalvikexplorer.FileSystemActivity"]}, {"05c0e601c4416803bc2d8415a40b8adc": ["12", "org.jessies.dalvikexplorer.FileSystemActivity"]}, {"05c0e601c4416803bc2d8415a40b8adc": ["12", "org.jessies.dalvikexplorer.FileSystemActivity"]}, {"05c0e601c4416803bc2d8415a40b8adc": ["12", "org.jessies.dalvikexplorer.FileSystemActivity"]}, {"05c0e601c4416803bc2d8415a40b8adc": ["12", "org.jessies.dalvikexplorer.FileSystemActivity"]}, {"05c0e601c4416803bc2d8415a40b8adc": ["12", "org.jessies.dalvikexplorer.FileSystemActivity"]}, {"05c0e601c4416803bc2d8415a40b8adc": ["12", "org.jessies.dalvikexplorer.FileSystemActivity"]}, {"05c0e601c4416803bc2d8415a40b8adc": ["12", "org.jessies.dalvikexplorer.FileSystemActivity"]}, {"05c0e601c4416803bc2d8415a40b8adc": ["12", "org.jessies.dalvikexplorer.FileSystemActivity"]}, {"05c0e601c4416803bc2d8415a40b8adc": ["12", "org.jessies.dalvikexplorer.FileSystemActivity"]}, {"05c0e601c4416803bc2d8415a40b8adc": ["12", "org.jessies.dalvikexplorer.FileSystemActivity"]}, {"05c0e601c4416803bc2d8415a40b8adc": ["12", "org.jessies.dalvikexplorer.FileSystemActivity"]}, {"05c0e601c4416803bc2d8415a40b8adc": ["12", "org.jessies.dalvikexplorer.FileSystemActivity"]}, {"05c0e601c4416803bc2d8415a40b8adc": ["12", "org.jessies.dalvikexplorer.FileSystemActivity"]}, {"05c0e601c4416803bc2d8415a40b8adc": ["12", "org.jessies.dalvikexplorer.FileSystemActivity"]}, {"05c0e601c4416803bc2d8415a40b8adc": ["12", "org.jessies.dalvikexplorer.FileSystemActivity"]}, {"05c0e601c4416803bc2d8415a40b8adc": ["12", "org.jessies.dalvikexplorer.FileSystemActivity"]}, {"05c0e601c4416803bc2d8415a40b8adc": ["12", "org.jessies.dalvikexplorer.FileSystemActivity"]}, {"05c0e601c4416803bc2d8415a40b8adc": ["12", "org.jessies.dalvikexplorer.FileSystemActivity"]}, {"05c0e601c4416803bc2d8415a40b8adc": ["12", "org.jessies.dalvikexplorer.FileSystemActivity"]}, {"05c0e601c4416803bc2d8415a40b8adc": ["12", "org.jessies.dalvikexplorer.FileSystemActivity"]}, {"05c0e601c4416803bc2d8415a40b8adc": ["12", "org.jessies.dalvikexplorer.FileSystemActivity"]}, {"05c0e601c4416803bc2d8415a40b8adc": ["12", "org.jessies.dalvikexplorer.FileSystemActivity"]}, {"05c0e601c4416803bc2d8415a40b8adc": ["12", "org.jessies.dalvikexplorer.FileSystemActivity"]}, {"05c0e601c4416803bc2d8415a40b8adc": ["12", "org.jessies.dalvikexplorer.FileSystemActivity"]}, {"05c0e601c4416803bc2d8415a40b8adc": ["12", "org.jessies.dalvikexplorer.FileSystemActivity"]}, {"a9ef03cc20d39bd3d3b029e0025ef1b4": ["8", "org.jessies.dalvikexplorer.FileSystemActivity"]}, {"a9ef03cc20d39bd3d3b029e0025ef1b4": ["8", "org.jessies.dalvikexplorer.FileSystemActivity"]}, {"b7e0eb2441bc32635998248d0dc8ebcf": ["11", "org.jessies.dalvikexplorer.FileSystemActivity"]}, {"05c0e601c4416803bc2d8415a40b8adc": ["12", "org.jessies.dalvikexplorer.FileSystemActivity"]}, {"05c0e601c4416803bc2d8415a40b8adc": ["12", "org.jessies.dalvikexplorer.FileSystemActivity"]}, {"05c0e601c4416803bc2d8415a40b8adc": ["12", "org.jessies.dalvikexplorer.FileSystemActivity"]}, {"05c0e601c4416803bc2d8415a40b8adc": ["12", "org.jessies.dalvikexplorer.FileSystemActivity"]}, {"05c0e601c4416803bc2d8415a40b8adc": ["12", "org.jessies.dalvikexplorer.FileSystemActivity"]}, {"05c0e601c4416803bc2d8415a40b8adc": ["12", "org.jessies.dalvikexplorer.FileSystemActivity"]}, {"05c0e601c4416803bc2d8415a40b8adc": ["12", "org.jessies.dalvikexplorer.FileSystemActivity"]}, {"b7e0eb2441bc32635998248d0dc8ebcf": ["11", "org.jessies.dalvikexplorer.FileSystemActivity"]}, {"05c0e601c4416803bc2d8415a40b8adc": ["12", "org.jessies.dalvikexplorer.FileSystemActivity"]}, {"05c0e601c4416803bc2d8415a40b8adc": ["12", "org.jessies.dalvikexplorer.FileSystemActivity"]}, {"05c0e601c4416803bc2d8415a40b8adc": ["12", "org.jessies.dalvikexplorer.FileSystemActivity"]}, {"05c0e601c4416803bc2d8415a40b8adc": ["12", "org.jessies.dalvikexplorer.FileSystemActivity"]}, {"05c0e601c4416803bc2d8415a40b8adc": ["12", "org.jessies.dalvikexplorer.FileSystemActivity"]}, {"05c0e601c4416803bc2d8415a40b8adc": ["12", "org.jessies.dalvikexplorer.FileSystemActivity"]}, {"05c0e601c4416803bc2d8415a40b8adc": ["12", "org.jessies.dalvikexplorer.FileSystemActivity"]}, {"05c0e601c4416803bc2d8415a40b8adc": ["12", "org.jessies.dalvikexplorer.FileSystemActivity"]}, {"05c0e601c4416803bc2d8415a40b8adc": ["12", "org.jessies.dalvikexplorer.FileSystemActivity"]}, {"05c0e601c4416803bc2d8415a40b8adc": ["12", "org.jessies.dalvikexplorer.FileSystemActivity"]}, {"05c0e601c4416803bc2d8415a40b8adc": ["12", "org.jessies.dalvikexplorer.FileSystemActivity"]}, {"05c0e601c4416803bc2d8415a40b8adc": ["12", "org.jessies.dalvikexplorer.FileSystemActivity"]}, {"05c0e601c4416803bc2d8415a40b8adc": ["12", "org.jessies.dalvikexplorer.FileSystemActivity"]}, {"05c0e601c4416803bc2d8415a40b8adc": ["12", "org.jessies.dalvikexplorer.FileSystemActivity"]}, {"8a3a2d6e5a180b067a78e12f83f16dbc": ["0", "org.jessies.dalvikexplorer.DalvikExplorerActivity"]}, {"8bf4e9f048f2cfb26bb45b93b3b2e8fc": ["22", "org.jessies.dalvikexplorer.TimeZonesActivity"]}, {"055ab31b7be53bc0c455677928803f17": ["33", "org.jessies.dalvikexplorer.TimeZoneActivity"]}, {"055ab31b7be53bc0c455677928803f17": ["33", "org.jessies.dalvikexplorer.TimeZoneActivity"]}, {"9c87025973bf57f617e2e67afd71e810": ["34", "org.jessies.dalvikexplorer.TimeZoneActivity"]}, {"9c87025973bf57f617e2e67afd71e810": ["34", "org.jessies.dalvikexplorer.TimeZoneActivity"]}, {"9c87025973bf57f617e2e67afd71e810": ["34", "org.jessies.dalvikexplorer.TimeZoneActivity"]}, {"9c87025973bf57f617e2e67afd71e810": ["34", "org.jessies.dalvikexplorer.TimeZoneActivity"]}, {"9c87025973bf57f617e2e67afd71e810": ["34", "org.jessies.dalvikexplorer.TimeZoneActivity"]}, {"9c87025973bf57f617e2e67afd71e810": ["34", "org.jessies.dalvikexplorer.TimeZoneActivity"]}, {"9c87025973bf57f617e2e67afd71e810": ["34", "org.jessies.dalvikexplorer.TimeZoneActivity"]}, {"9c87025973bf57f617e2e67afd71e810": ["34", "org.jessies.dalvikexplorer.TimeZoneActivity"]}, {"9c87025973bf57f617e2e67afd71e810": ["34", "org.jessies.dalvikexplorer.TimeZoneActivity"]}, {"9c87025973bf57f617e2e67afd71e810": ["34", "org.jessies.dalvikexplorer.TimeZoneActivity"]}, {"9c87025973bf57f617e2e67afd71e810": ["34", "org.jessies.dalvikexplorer.TimeZoneActivity"]}, {"055ab31b7be53bc0c455677928803f17": ["33", "org.jessies.dalvikexplorer.TimeZoneActivity"]}, {"9c87025973bf57f617e2e67afd71e810": ["34", "org.jessies.dalvikexplorer.TimeZoneActivity"]}, {"9c87025973bf57f617e2e67afd71e810": ["34", "org.jessies.dalvikexplorer.TimeZoneActivity"]}, {"9c87025973bf57f617e2e67afd71e810": ["34", "org.jessies.dalvikexplorer.TimeZoneActivity"]}, {"9c87025973bf57f617e2e67afd71e810": ["34", "org.jessies.dalvikexplorer.TimeZoneActivity"]}, {"9c87025973bf57f617e2e67afd71e810": ["34", "org.jessies.dalvikexplorer.TimeZoneActivity"]}, {"9c87025973bf57f617e2e67afd71e810": ["34", "org.jessies.dalvikexplorer.TimeZoneActivity"]}, {"9c87025973bf57f617e2e67afd71e810": ["34", "org.jessies.dalvikexplorer.TimeZoneActivity"]}, {"9c87025973bf57f617e2e67afd71e810": ["34", "org.jessies.dalvikexplorer.TimeZoneActivity"]}, {"9c87025973bf57f617e2e67afd71e810": ["34", "org.jessies.dalvikexplorer.TimeZoneActivity"]}, {"9c87025973bf57f617e2e67afd71e810": ["34", "org.jessies.dalvikexplorer.TimeZoneActivity"]}, {"9c87025973bf57f617e2e67afd71e810": ["34", "org.jessies.dalvikexplorer.TimeZoneActivity"]}, {"9c87025973bf57f617e2e67afd71e810": ["34", "org.jessies.dalvikexplorer.TimeZoneActivity"]}, {"9c87025973bf57f617e2e67afd71e810": ["34", "org.jessies.dalvikexplorer.TimeZoneActivity"]}, {"9c87025973bf57f617e2e67afd71e810": ["34", "org.jessies.dalvikexplorer.TimeZoneActivity"]}, {"9c87025973bf57f617e2e67afd71e810": ["34", "org.jessies.dalvikexplorer.TimeZoneActivity"]}, {"9c87025973bf57f617e2e67afd71e810": ["34", "org.jessies.dalvikexplorer.TimeZoneActivity"]}, {"9c87025973bf57f617e2e67afd71e810": ["34", "org.jessies.dalvikexplorer.TimeZoneActivity"]}, {"9c87025973bf57f617e2e67afd71e810": ["34", "org.jessies.dalvikexplorer.TimeZoneActivity"]}, {"9c87025973bf57f617e2e67afd71e810": ["34", "org.jessies.dalvikexplorer.TimeZoneActivity"]}, {"9c87025973bf57f617e2e67afd71e810": ["34", "org.jessies.dalvikexplorer.TimeZoneActivity"]}, {"9c87025973bf57f617e2e67afd71e810": ["34", "org.jessies.dalvikexplorer.TimeZoneActivity"]}, {"9c87025973bf57f617e2e67afd71e810": ["34", "org.jessies.dalvikexplorer.TimeZoneActivity"]}, {"9c87025973bf57f617e2e67afd71e810": ["34", "org.jessies.dalvikexplorer.TimeZoneActivity"]}, {"9c87025973bf57f617e2e67afd71e810": ["34", "org.jessies.dalvikexplorer.TimeZoneActivity"]}, {"9c87025973bf57f617e2e67afd71e810": ["34", "org.jessies.dalvikexplorer.TimeZoneActivity"]}, {"9c87025973bf57f617e2e67afd71e810": ["34", "org.jessies.dalvikexplorer.TimeZoneActivity"]}, {"9c87025973bf57f617e2e67afd71e810": ["34", "org.jessies.dalvikexplorer.TimeZoneActivity"]}, {"9c87025973bf57f617e2e67afd71e810": ["34", "org.jessies.dalvikexplorer.TimeZoneActivity"]}, {"9c87025973bf57f617e2e67afd71e810": ["34", "org.jessies.dalvikexplorer.TimeZoneActivity"]}, {"9c87025973bf57f617e2e67afd71e810": ["34", "org.jessies.dalvikexplorer.TimeZoneActivity"]}, {"9c87025973bf57f617e2e67afd71e810": ["34", "org.jessies.dalvikexplorer.TimeZoneActivity"]}, {"9c87025973bf57f617e2e67afd71e810": ["34", "org.jessies.dalvikexplorer.TimeZoneActivity"]}, {"9c87025973bf57f617e2e67afd71e810": ["34", "org.jessies.dalvikexplorer.TimeZoneActivity"]}, {"9c87025973bf57f617e2e67afd71e810": ["34", "org.jessies.dalvikexplorer.TimeZoneActivity"]}, {"9c87025973bf57f617e2e67afd71e810": ["34", "org.jessies.dalvikexplorer.TimeZoneActivity"]}, {"055ab31b7be53bc0c455677928803f17": ["33", "org.jessies.dalvikexplorer.TimeZoneActivity"]}, {"055ab31b7be53bc0c455677928803f17": ["33", "org.jessies.dalvikexplorer.TimeZoneActivity"]}, {"055ab31b7be53bc0c455677928803f17": ["33", "org.jessies.dalvikexplorer.TimeZoneActivity"]}, {"055ab31b7be53bc0c455677928803f17": ["33", "org.jessies.dalvikexplorer.TimeZoneActivity"]}, {"055ab31b7be53bc0c455677928803f17": ["33", "org.jessies.dalvikexplorer.TimeZoneActivity"]}, {"9c87025973bf57f617e2e67afd71e810": ["34", "org.jessies.dalvikexplorer.TimeZoneActivity"]}, {"9c87025973bf57f617e2e67afd71e810": ["34", "org.jessies.dalvikexplorer.TimeZoneActivity"]}, {"9c87025973bf57f617e2e67afd71e810": ["34", "org.jessies.dalvikexplorer.TimeZoneActivity"]}, {"9c87025973bf57f617e2e67afd71e810": ["34", "org.jessies.dalvikexplorer.TimeZoneActivity"]}, {"9c87025973bf57f617e2e67afd71e810": ["34", "org.jessies.dalvikexplorer.TimeZoneActivity"]}, {"9c87025973bf57f617e2e67afd71e810": ["34", "org.jessies.dalvikexplorer.TimeZoneActivity"]}, {"9c87025973bf57f617e2e67afd71e810": ["34", "org.jessies.dalvikexplorer.TimeZoneActivity"]}, {"9c87025973bf57f617e2e67afd71e810": ["34", "org.jessies.dalvikexplorer.TimeZoneActivity"]}, {"9c87025973bf57f617e2e67afd71e810": ["34", "org.jessies.dalvikexplorer.TimeZoneActivity"]}, {"9c87025973bf57f617e2e67afd71e810": ["34", "org.jessies.dalvikexplorer.TimeZoneActivity"]}, {"9c87025973bf57f617e2e67afd71e810": ["34", "org.jessies.dalvikexplorer.TimeZoneActivity"]}, {"9c87025973bf57f617e2e67afd71e810": ["34", "org.jessies.dalvikexplorer.TimeZoneActivity"]}, {"9c87025973bf57f617e2e67afd71e810": ["34", "org.jessies.dalvikexplorer.TimeZoneActivity"]}, {"9c87025973bf57f617e2e67afd71e810": ["34", "org.jessies.dalvikexplorer.TimeZoneActivity"]}, {"9c87025973bf57f617e2e67afd71e810": ["34", "org.jessies.dalvikexplorer.TimeZoneActivity"]}, {"9c87025973bf57f617e2e67afd71e810": ["34", "org.jessies.dalvikexplorer.TimeZoneActivity"]}, {"9c87025973bf57f617e2e67afd71e810": ["34", "org.jessies.dalvikexplorer.TimeZoneActivity"]}, {"9c87025973bf57f617e2e67afd71e810": ["34", "org.jessies.dalvikexplorer.TimeZoneActivity"]}, {"9c87025973bf57f617e2e67afd71e810": ["34", "org.jessies.dalvikexplorer.TimeZoneActivity"]}, {"8a3a2d6e5a180b067a78e12f83f16dbc": ["0", "org.jessies.dalvikexplorer.DalvikExplorerActivity"]}, {"d692aad88e7397134fbd140f93df050d": ["7", "org.jessies.dalvikexplorer.FileSystemsActivity"]}, {"a9ef03cc20d39bd3d3b029e0025ef1b4": ["8", "org.jessies.dalvikexplorer.FileSystemActivity"]}, {"a9ef03cc20d39bd3d3b029e0025ef1b4": ["8", "org.jessies.dalvikexplorer.FileSystemActivity"]}, {"fb577da925dd359dbba50e81fb8eb9e0": ["26", "org.jessies.dalvikexplorer.FileSystemActivity"]}, {"fb577da925dd359dbba50e81fb8eb9e0": ["26", "org.jessies.dalvikexplorer.FileSystemActivity"]}, {"05c0e601c4416803bc2d8415a40b8adc": ["12", "org.jessies.dalvikexplorer.FileSystemActivity"]}, {"05c0e601c4416803bc2d8415a40b8adc": ["12", "org.jessies.dalvikexplorer.FileSystemActivity"]}, {"05c0e601c4416803bc2d8415a40b8adc": ["12", "org.jessies.dalvikexplorer.FileSystemActivity"]}, {"05c0e601c4416803bc2d8415a40b8adc": ["12", "org.jessies.dalvikexplorer.FileSystemActivity"]}, {"05c0e601c4416803bc2d8415a40b8adc": ["12", "org.jessies.dalvikexplorer.FileSystemActivity"]}, {"05c0e601c4416803bc2d8415a40b8adc": ["12", "org.jessies.dalvikexplorer.FileSystemActivity"]}, {"05c0e601c4416803bc2d8415a40b8adc": ["12", "org.jessies.dalvikexplorer.FileSystemActivity"]}, {"05c0e601c4416803bc2d8415a40b8adc": ["12", "org.jessies.dalvikexplorer.FileSystemActivity"]}, {"fb577da925dd359dbba50e81fb8eb9e0": ["26", "org.jessies.dalvikexplorer.FileSystemActivity"]}, {"1835e765bdf9d628b6989a7dfd4d12a4": ["27", "org.jessies.dalvikexplorer.FileSystemActivity"]}, {"1835e765bdf9d628b6989a7dfd4d12a4": ["27", "org.jessies.dalvikexplorer.FileSystemActivity"]}, {"fb577da925dd359dbba50e81fb8eb9e0": ["26", "org.jessies.dalvikexplorer.FileSystemActivity"]}, {"fb577da925dd359dbba50e81fb8eb9e0": ["26", "org.jessies.dalvikexplorer.FileSystemActivity"]}, {"fb577da925dd359dbba50e81fb8eb9e0": ["26", "org.jessies.dalvikexplorer.FileSystemActivity"]}, {"1835e765bdf9d628b6989a7dfd4d12a4": ["27", "org.jessies.dalvikexplorer.FileSystemActivity"]}, {"1835e765bdf9d628b6989a7dfd4d12a4": ["27", "org.jessies.dalvikexplorer.FileSystemActivity"]}, {"05c0e601c4416803bc2d8415a40b8adc": ["12", "org.jessies.dalvikexplorer.FileSystemActivity"]}, {"05c0e601c4416803bc2d8415a40b8adc": ["12", "org.jessies.dalvikexplorer.FileSystemActivity"]}, {"05c0e601c4416803bc2d8415a40b8adc": ["12", "org.jessies.dalvikexplorer.FileSystemActivity"]}, {"05c0e601c4416803bc2d8415a40b8adc": ["12", "org.jessies.dalvikexplorer.FileSystemActivity"]}, {"fb577da925dd359dbba50e81fb8eb9e0": ["26", "org.jessies.dalvikexplorer.FileSystemActivity"]}, {"fb577da925dd359dbba50e81fb8eb9e0": ["26", "org.jessies.dalvikexplorer.FileSystemActivity"]}, {"fb577da925dd359dbba50e81fb8eb9e0": ["26", "org.jessies.dalvikexplorer.FileSystemActivity"]}, {"1835e765bdf9d628b6989a7dfd4d12a4": ["27", "org.jessies.dalvikexplorer.FileSystemActivity"]}, {"1835e765bdf9d628b6989a7dfd4d12a4": ["27", "org.jessies.dalvikexplorer.FileSystemActivity"]}, {"1835e765bdf9d628b6989a7dfd4d12a4": ["27", "org.jessies.dalvikexplorer.FileSystemActivity"]}, {"fb577da925dd359dbba50e81fb8eb9e0": ["26", "org.jessies.dalvikexplorer.FileSystemActivity"]}, {"05c0e601c4416803bc2d8415a40b8adc": ["12", "org.jessies.dalvikexplorer.FileSystemActivity"]}, {"05c0e601c4416803bc2d8415a40b8adc": ["12", "org.jessies.dalvikexplorer.FileSystemActivity"]}, {"05c0e601c4416803bc2d8415a40b8adc": ["12", "org.jessies.dalvikexplorer.FileSystemActivity"]}, {"05c0e601c4416803bc2d8415a40b8adc": ["12", "org.jessies.dalvikexplorer.FileSystemActivity"]}, {"05c0e601c4416803bc2d8415a40b8adc": ["12", "org.jessies.dalvikexplorer.FileSystemActivity"]}, {"05c0e601c4416803bc2d8415a40b8adc": ["12", "org.jessies.dalvikexplorer.FileSystemActivity"]}, {"8a3a2d6e5a180b067a78e12f83f16dbc": ["0", "org.jessies.dalvikexplorer.DalvikExplorerActivity"]}, {"68e8bd0e0f9cedc912a8c5bde19ab287": ["28", "org.jessies.dalvikexplorer.SystemPropertiesActivity"]}, {"68e8bd0e0f9cedc912a8c5bde19ab287": ["28", "org.jessies.dalvikexplorer.SystemPropertiesActivity"]}, {"68e8bd0e0f9cedc912a8c5bde19ab287": ["28", "org.jessies.dalvikexplorer.SystemPropertiesActivity"]}, {"68e8bd0e0f9cedc912a8c5bde19ab287": ["28", "org.jessies.dalvikexplorer.SystemPropertiesActivity"]}, {"f929817508f484ec3c8b3758b1e136ee": ["29", "org.jessies.dalvikexplorer.SystemPropertiesActivity"]}, {"f929817508f484ec3c8b3758b1e136ee": ["29", "org.jessies.dalvikexplorer.SystemPropertiesActivity"]}, {"f929817508f484ec3c8b3758b1e136ee": ["29", "org.jessies.dalvikexplorer.SystemPropertiesActivity"]}, {"f929817508f484ec3c8b3758b1e136ee": ["29", "org.jessies.dalvikexplorer.SystemPropertiesActivity"]}, {"f929817508f484ec3c8b3758b1e136ee": ["29", "org.jessies.dalvikexplorer.SystemPropertiesActivity"]}, {"f929817508f484ec3c8b3758b1e136ee": ["29", "org.jessies.dalvikexplorer.SystemPropertiesActivity"]}, {"f929817508f484ec3c8b3758b1e136ee": ["29", "org.jessies.dalvikexplorer.SystemPropertiesActivity"]}, {"f929817508f484ec3c8b3758b1e136ee": ["29", "org.jessies.dalvikexplorer.SystemPropertiesActivity"]}, {"f929817508f484ec3c8b3758b1e136ee": ["29", "org.jessies.dalvikexplorer.SystemPropertiesActivity"]}, {"f929817508f484ec3c8b3758b1e136ee": ["29", "org.jessies.dalvikexplorer.SystemPropertiesActivity"]}, {"f929817508f484ec3c8b3758b1e136ee": ["29", "org.jessies.dalvikexplorer.SystemPropertiesActivity"]}, {"f929817508f484ec3c8b3758b1e136ee": ["29", "org.jessies.dalvikexplorer.SystemPropertiesActivity"]}, {"f929817508f484ec3c8b3758b1e136ee": ["29", "org.jessies.dalvikexplorer.SystemPropertiesActivity"]}, {"f929817508f484ec3c8b3758b1e136ee": ["29", "org.jessies.dalvikexplorer.SystemPropertiesActivity"]}, {"f929817508f484ec3c8b3758b1e136ee": ["29", "org.jessies.dalvikexplorer.SystemPropertiesActivity"]}, {"f929817508f484ec3c8b3758b1e136ee": ["29", "org.jessies.dalvikexplorer.SystemPropertiesActivity"]}, {"f929817508f484ec3c8b3758b1e136ee": ["29", "org.jessies.dalvikexplorer.SystemPropertiesActivity"]}, {"68e8bd0e0f9cedc912a8c5bde19ab287": ["28", "org.jessies.dalvikexplorer.SystemPropertiesActivity"]}, {"68e8bd0e0f9cedc912a8c5bde19ab287": ["28", "org.jessies.dalvikexplorer.SystemPropertiesActivity"]}, {"68e8bd0e0f9cedc912a8c5bde19ab287": ["28", "org.jessies.dalvikexplorer.SystemPropertiesActivity"]}, {"f929817508f484ec3c8b3758b1e136ee": ["29", "org.jessies.dalvikexplorer.SystemPropertiesActivity"]}, {"8a3a2d6e5a180b067a78e12f83f16dbc": ["0", "org.jessies.dalvikexplorer.DalvikExplorerActivity"]}, {"9cae5f51bf41e942705bc4665ba7456d": ["1", "org.jessies.dalvikexplorer.BuildActivity"]}, {"9cae5f51bf41e942705bc4665ba7456d": ["1", "org.jessies.dalvikexplorer.BuildActivity"]}, {"3be267ee24864fa47dc1290a0a9e97bb": ["2", "org.jessies.dalvikexplorer.BuildActivity"]}, {"3be267ee24864fa47dc1290a0a9e97bb": ["2", "org.jessies.dalvikexplorer.BuildActivity"]}, {"3be267ee24864fa47dc1290a0a9e97bb": ["2", "org.jessies.dalvikexplorer.BuildActivity"]}, {"3be267ee24864fa47dc1290a0a9e97bb": ["2", "org.jessies.dalvikexplorer.BuildActivity"]}, {"3be267ee24864fa47dc1290a0a9e97bb": ["2", "org.jessies.dalvikexplorer.BuildActivity"]}, {"3be267ee24864fa47dc1290a0a9e97bb": ["2", "org.jessies.dalvikexplorer.BuildActivity"]}, {"3be267ee24864fa47dc1290a0a9e97bb": ["2", "org.jessies.dalvikexplorer.BuildActivity"]}, {"3be267ee24864fa47dc1290a0a9e97bb": ["2", "org.jessies.dalvikexplorer.BuildActivity"]}, {"3be267ee24864fa47dc1290a0a9e97bb": ["2", "org.jessies.dalvikexplorer.BuildActivity"]}, {"3be267ee24864fa47dc1290a0a9e97bb": ["2", "org.jessies.dalvikexplorer.BuildActivity"]}, {"3be267ee24864fa47dc1290a0a9e97bb": ["2", "org.jessies.dalvikexplorer.BuildActivity"]}, {"3be267ee24864fa47dc1290a0a9e97bb": ["2", "org.jessies.dalvikexplorer.BuildActivity"]}, {"3be267ee24864fa47dc1290a0a9e97bb": ["2", "org.jessies.dalvikexplorer.BuildActivity"]}, {"3be267ee24864fa47dc1290a0a9e97bb": ["2", "org.jessies.dalvikexplorer.BuildActivity"]}, {"3be267ee24864fa47dc1290a0a9e97bb": ["2", "org.jessies.dalvikexplorer.BuildActivity"]}, {"3be267ee24864fa47dc1290a0a9e97bb": ["2", "org.jessies.dalvikexplorer.BuildActivity"]}, {"3be267ee24864fa47dc1290a0a9e97bb": ["2", "org.jessies.dalvikexplorer.BuildActivity"]}, {"9cae5f51bf41e942705bc4665ba7456d": ["1", "org.jessies.dalvikexplorer.BuildActivity"]}, {"3be267ee24864fa47dc1290a0a9e97bb": ["2", "org.jessies.dalvikexplorer.BuildActivity"]}, {"3be267ee24864fa47dc1290a0a9e97bb": ["2", "org.jessies.dalvikexplorer.BuildActivity"]}, {"3be267ee24864fa47dc1290a0a9e97bb": ["2", "org.jessies.dalvikexplorer.BuildActivity"]}, {"8a3a2d6e5a180b067a78e12f83f16dbc": ["0", "org.jessies.dalvikexplorer.DalvikExplorerActivity"]}, {"0063b96948197733443671187d141fab": ["74", "org.jessies.dalvikexplorer.LocalesActivity"]}, {"b05671a67d420a3c089d5b466f35f783": ["30", "org.jessies.dalvikexplorer.LocaleCountriesActivity"]}, {"02681172543a7bb2863d68f1de2d3d01": ["54", "org.jessies.dalvikexplorer.LocaleCountriesActivity"]}, {"02681172543a7bb2863d68f1de2d3d01": ["54", "org.jessies.dalvikexplorer.LocaleCountriesActivity"]}, {"02681172543a7bb2863d68f1de2d3d01": ["54", "org.jessies.dalvikexplorer.LocaleCountriesActivity"]}, {"b05671a67d420a3c089d5b466f35f783": ["30", "org.jessies.dalvikexplorer.LocaleCountriesActivity"]}, {"64e744244de8d121fe62e50de0306f7f": ["31", "org.jessies.dalvikexplorer.LocaleActivity"]}, {"64e744244de8d121fe62e50de0306f7f": ["31", "org.jessies.dalvikexplorer.LocaleActivity"]}, {"64e744244de8d121fe62e50de0306f7f": ["31", "org.jessies.dalvikexplorer.LocaleActivity"]}, {"5a90463126c0b22f759453b6eba3ca09": ["32", "org.jessies.dalvikexplorer.LocaleActivity"]}, {"5a90463126c0b22f759453b6eba3ca09": ["32", "org.jessies.dalvikexplorer.LocaleActivity"]}, {"5a90463126c0b22f759453b6eba3ca09": ["32", "org.jessies.dalvikexplorer.LocaleActivity"]}, {"5a90463126c0b22f759453b6eba3ca09": ["32", "org.jessies.dalvikexplorer.LocaleActivity"]}, {"5a90463126c0b22f759453b6eba3ca09": ["32", "org.jessies.dalvikexplorer.LocaleActivity"]}, {"5a90463126c0b22f759453b6eba3ca09": ["32", "org.jessies.dalvikexplorer.LocaleActivity"]}, {"5a90463126c0b22f759453b6eba3ca09": ["32", "org.jessies.dalvikexplorer.LocaleActivity"]}, {"5a90463126c0b22f759453b6eba3ca09": ["32", "org.jessies.dalvikexplorer.LocaleActivity"]}, {"5a90463126c0b22f759453b6eba3ca09": ["32", "org.jessies.dalvikexplorer.LocaleActivity"]}, {"5a90463126c0b22f759453b6eba3ca09": ["32", "org.jessies.dalvikexplorer.LocaleActivity"]}, {"64e744244de8d121fe62e50de0306f7f": ["31", "org.jessies.dalvikexplorer.LocaleActivity"]}, {"5a90463126c0b22f759453b6eba3ca09": ["32", "org.jessies.dalvikexplorer.LocaleActivity"]}, {"5a90463126c0b22f759453b6eba3ca09": ["32", "org.jessies.dalvikexplorer.LocaleActivity"]}, {"5a90463126c0b22f759453b6eba3ca09": ["32", "org.jessies.dalvikexplorer.LocaleActivity"]}, {"5a90463126c0b22f759453b6eba3ca09": ["32", "org.jessies.dalvikexplorer.LocaleActivity"]}, {"5a90463126c0b22f759453b6eba3ca09": ["32", "org.jessies.dalvikexplorer.LocaleActivity"]}, {"5a90463126c0b22f759453b6eba3ca09": ["32", "org.jessies.dalvikexplorer.LocaleActivity"]}, {"5a90463126c0b22f759453b6eba3ca09": ["32", "org.jessies.dalvikexplorer.LocaleActivity"]}, {"5a90463126c0b22f759453b6eba3ca09": ["32", "org.jessies.dalvikexplorer.LocaleActivity"]}, {"5a90463126c0b22f759453b6eba3ca09": ["32", "org.jessies.dalvikexplorer.LocaleActivity"]}, {"5a90463126c0b22f759453b6eba3ca09": ["32", "org.jessies.dalvikexplorer.LocaleActivity"]}, {"5a90463126c0b22f759453b6eba3ca09": ["32", "org.jessies.dalvikexplorer.LocaleActivity"]}, {"5a90463126c0b22f759453b6eba3ca09": ["32", "org.jessies.dalvikexplorer.LocaleActivity"]}, {"5a90463126c0b22f759453b6eba3ca09": ["32", "org.jessies.dalvikexplorer.LocaleActivity"]}, {"5a90463126c0b22f759453b6eba3ca09": ["32", "org.jessies.dalvikexplorer.LocaleActivity"]}, {"5a90463126c0b22f759453b6eba3ca09": ["32", "org.jessies.dalvikexplorer.LocaleActivity"]}, {"5a90463126c0b22f759453b6eba3ca09": ["32", "org.jessies.dalvikexplorer.LocaleActivity"]}, {"5a90463126c0b22f759453b6eba3ca09": ["32", "org.jessies.dalvikexplorer.LocaleActivity"]}, {"5a90463126c0b22f759453b6eba3ca09": ["32", "org.jessies.dalvikexplorer.LocaleActivity"]}, {"5a90463126c0b22f759453b6eba3ca09": ["32", "org.jessies.dalvikexplorer.LocaleActivity"]}, {"5a90463126c0b22f759453b6eba3ca09": ["32", "org.jessies.dalvikexplorer.LocaleActivity"]}, {"5a90463126c0b22f759453b6eba3ca09": ["32", "org.jessies.dalvikexplorer.LocaleActivity"]}, {"5a90463126c0b22f759453b6eba3ca09": ["32", "org.jessies.dalvikexplorer.LocaleActivity"]}, {"5a90463126c0b22f759453b6eba3ca09": ["32", "org.jessies.dalvikexplorer.LocaleActivity"]}, {"5a90463126c0b22f759453b6eba3ca09": ["32", "org.jessies.dalvikexplorer.LocaleActivity"]}, {"5a90463126c0b22f759453b6eba3ca09": ["32", "org.jessies.dalvikexplorer.LocaleActivity"]}, {"5a90463126c0b22f759453b6eba3ca09": ["32", "org.jessies.dalvikexplorer.LocaleActivity"]}, {"5a90463126c0b22f759453b6eba3ca09": ["32", "org.jessies.dalvikexplorer.LocaleActivity"]}, {"5a90463126c0b22f759453b6eba3ca09": ["32", "org.jessies.dalvikexplorer.LocaleActivity"]}, {"5a90463126c0b22f759453b6eba3ca09": ["32", "org.jessies.dalvikexplorer.LocaleActivity"]}, {"5a90463126c0b22f759453b6eba3ca09": ["32", "org.jessies.dalvikexplorer.LocaleActivity"]}, {"5a90463126c0b22f759453b6eba3ca09": ["32", "org.jessies.dalvikexplorer.LocaleActivity"]}, {"5a90463126c0b22f759453b6eba3ca09": ["32", "org.jessies.dalvikexplorer.LocaleActivity"]}, {"5a90463126c0b22f759453b6eba3ca09": ["32", "org.jessies.dalvikexplorer.LocaleActivity"]}, {"5a90463126c0b22f759453b6eba3ca09": ["32", "org.jessies.dalvikexplorer.LocaleActivity"]}, {"5a90463126c0b22f759453b6eba3ca09": ["32", "org.jessies.dalvikexplorer.LocaleActivity"]}, {"5a90463126c0b22f759453b6eba3ca09": ["32", "org.jessies.dalvikexplorer.LocaleActivity"]}, {"5a90463126c0b22f759453b6eba3ca09": ["32", "org.jessies.dalvikexplorer.LocaleActivity"]}, {"5a90463126c0b22f759453b6eba3ca09": ["32", "org.jessies.dalvikexplorer.LocaleActivity"]}, {"5a90463126c0b22f759453b6eba3ca09": ["32", "org.jessies.dalvikexplorer.LocaleActivity"]}, {"5a90463126c0b22f759453b6eba3ca09": ["32", "org.jessies.dalvikexplorer.LocaleActivity"]}, {"5a90463126c0b22f759453b6eba3ca09": ["32", "org.jessies.dalvikexplorer.LocaleActivity"]}, {"5a90463126c0b22f759453b6eba3ca09": ["32", "org.jessies.dalvikexplorer.LocaleActivity"]}, {"5a90463126c0b22f759453b6eba3ca09": ["32", "org.jessies.dalvikexplorer.LocaleActivity"]}, {"5a90463126c0b22f759453b6eba3ca09": ["32", "org.jessies.dalvikexplorer.LocaleActivity"]}, {"64e744244de8d121fe62e50de0306f7f": ["31", "org.jessies.dalvikexplorer.LocaleActivity"]}, {"5a90463126c0b22f759453b6eba3ca09": ["32", "org.jessies.dalvikexplorer.LocaleActivity"]}, {"5a90463126c0b22f759453b6eba3ca09": ["32", "org.jessies.dalvikexplorer.LocaleActivity"]}, {"5a90463126c0b22f759453b6eba3ca09": ["32", "org.jessies.dalvikexplorer.LocaleActivity"]}, {"5a90463126c0b22f759453b6eba3ca09": ["32", "org.jessies.dalvikexplorer.LocaleActivity"]}, {"5a90463126c0b22f759453b6eba3ca09": ["32", "org.jessies.dalvikexplorer.LocaleActivity"]}, {"5a90463126c0b22f759453b6eba3ca09": ["32", "org.jessies.dalvikexplorer.LocaleActivity"]}, {"5a90463126c0b22f759453b6eba3ca09": ["32", "org.jessies.dalvikexplorer.LocaleActivity"]}, {"5a90463126c0b22f759453b6eba3ca09": ["32", "org.jessies.dalvikexplorer.LocaleActivity"]}, {"64e744244de8d121fe62e50de0306f7f": ["31", "org.jessies.dalvikexplorer.LocaleActivity"]}, {"64e744244de8d121fe62e50de0306f7f": ["31", "org.jessies.dalvikexplorer.LocaleActivity"]}, {"5a90463126c0b22f759453b6eba3ca09": ["32", "org.jessies.dalvikexplorer.LocaleActivity"]}, {"5a90463126c0b22f759453b6eba3ca09": ["32", "org.jessies.dalvikexplorer.LocaleActivity"]}, {"5a90463126c0b22f759453b6eba3ca09": ["32", "org.jessies.dalvikexplorer.LocaleActivity"]}, {"5a90463126c0b22f759453b6eba3ca09": ["32", "org.jessies.dalvikexplorer.LocaleActivity"]}, {"5a90463126c0b22f759453b6eba3ca09": ["32", "org.jessies.dalvikexplorer.LocaleActivity"]}, {"5a90463126c0b22f759453b6eba3ca09": ["32", "org.jessies.dalvikexplorer.LocaleActivity"]}, {"5a90463126c0b22f759453b6eba3ca09": ["32", "org.jessies.dalvikexplorer.LocaleActivity"]}, {"5a90463126c0b22f759453b6eba3ca09": ["32", "org.jessies.dalvikexplorer.LocaleActivity"]}, {"5a90463126c0b22f759453b6eba3ca09": ["32", "org.jessies.dalvikexplorer.LocaleActivity"]}, {"8a3a2d6e5a180b067a78e12f83f16dbc": ["0", "org.jessies.dalvikexplorer.DalvikExplorerActivity"]}, {"68e8bd0e0f9cedc912a8c5bde19ab287": ["28", "org.jessies.dalvikexplorer.SystemPropertiesActivity"]}, {"f929817508f484ec3c8b3758b1e136ee": ["29", "org.jessies.dalvikexplorer.SystemPropertiesActivity"]}, {"f929817508f484ec3c8b3758b1e136ee": ["29", "org.jessies.dalvikexplorer.SystemPropertiesActivity"]}, {"f929817508f484ec3c8b3758b1e136ee": ["29", "org.jessies.dalvikexplorer.SystemPropertiesActivity"]}, {"f929817508f484ec3c8b3758b1e136ee": ["29", "org.jessies.dalvikexplorer.SystemPropertiesActivity"]}, {"f929817508f484ec3c8b3758b1e136ee": ["29", "org.jessies.dalvikexplorer.SystemPropertiesActivity"]}, {"f929817508f484ec3c8b3758b1e136ee": ["29", "org.jessies.dalvikexplorer.SystemPropertiesActivity"]}, {"f929817508f484ec3c8b3758b1e136ee": ["29", "org.jessies.dalvikexplorer.SystemPropertiesActivity"]}, {"f929817508f484ec3c8b3758b1e136ee": ["29", "org.jessies.dalvikexplorer.SystemPropertiesActivity"]}, {"f929817508f484ec3c8b3758b1e136ee": ["29", "org.jessies.dalvikexplorer.SystemPropertiesActivity"]}, {"f929817508f484ec3c8b3758b1e136ee": ["29", "org.jessies.dalvikexplorer.SystemPropertiesActivity"]}, {"f929817508f484ec3c8b3758b1e136ee": ["29", "org.jessies.dalvikexplorer.SystemPropertiesActivity"]}, {"f929817508f484ec3c8b3758b1e136ee": ["29", "org.jessies.dalvikexplorer.SystemPropertiesActivity"]}, {"f929817508f484ec3c8b3758b1e136ee": ["29", "org.jessies.dalvikexplorer.SystemPropertiesActivity"]}, {"f929817508f484ec3c8b3758b1e136ee": ["29", "org.jessies.dalvikexplorer.SystemPropertiesActivity"]}, {"68e8bd0e0f9cedc912a8c5bde19ab287": ["28", "org.jessies.dalvikexplorer.SystemPropertiesActivity"]}, {"68e8bd0e0f9cedc912a8c5bde19ab287": ["28", "org.jessies.dalvikexplorer.SystemPropertiesActivity"]}, {"68e8bd0e0f9cedc912a8c5bde19ab287": ["28", "org.jessies.dalvikexplorer.SystemPropertiesActivity"]}, {"f929817508f484ec3c8b3758b1e136ee": ["29", "org.jessies.dalvikexplorer.SystemPropertiesActivity"]}, {"f929817508f484ec3c8b3758b1e136ee": ["29", "org.jessies.dalvikexplorer.SystemPropertiesActivity"]}, {"8a3a2d6e5a180b067a78e12f83f16dbc": ["0", "org.jessies.dalvikexplorer.DalvikExplorerActivity"]}, {"68e8bd0e0f9cedc912a8c5bde19ab287": ["28", "org.jessies.dalvikexplorer.SystemPropertiesActivity"]}, {"68e8bd0e0f9cedc912a8c5bde19ab287": ["28", "org.jessies.dalvikexplorer.SystemPropertiesActivity"]}, {"f929817508f484ec3c8b3758b1e136ee": ["29", "org.jessies.dalvikexplorer.SystemPropertiesActivity"]}, {"f929817508f484ec3c8b3758b1e136ee": ["29", "org.jessies.dalvikexplorer.SystemPropertiesActivity"]}, {"f929817508f484ec3c8b3758b1e136ee": ["29", "org.jessies.dalvikexplorer.SystemPropertiesActivity"]}, {"68e8bd0e0f9cedc912a8c5bde19ab287": ["28", "org.jessies.dalvikexplorer.SystemPropertiesActivity"]}, {"f929817508f484ec3c8b3758b1e136ee": ["29", "org.jessies.dalvikexplorer.SystemPropertiesActivity"]}, {"68e8bd0e0f9cedc912a8c5bde19ab287": ["28", "org.jessies.dalvikexplorer.SystemPropertiesActivity"]}, {"f929817508f484ec3c8b3758b1e136ee": ["29", "org.jessies.dalvikexplorer.SystemPropertiesActivity"]}, {"f929817508f484ec3c8b3758b1e136ee": ["29", "org.jessies.dalvikexplorer.SystemPropertiesActivity"]}, {"f929817508f484ec3c8b3758b1e136ee": ["29", "org.jessies.dalvikexplorer.SystemPropertiesActivity"]}, {"f929817508f484ec3c8b3758b1e136ee": ["29", "org.jessies.dalvikexplorer.SystemPropertiesActivity"]}, {"f929817508f484ec3c8b3758b1e136ee": ["29", "org.jessies.dalvikexplorer.SystemPropertiesActivity"]}, {"f929817508f484ec3c8b3758b1e136ee": ["29", "org.jessies.dalvikexplorer.SystemPropertiesActivity"]}, {"f929817508f484ec3c8b3758b1e136ee": ["29", "org.jessies.dalvikexplorer.SystemPropertiesActivity"]}, {"f929817508f484ec3c8b3758b1e136ee": ["29", "org.jessies.dalvikexplorer.SystemPropertiesActivity"]}, {"f929817508f484ec3c8b3758b1e136ee": ["29", "org.jessies.dalvikexplorer.SystemPropertiesActivity"]}, {"f929817508f484ec3c8b3758b1e136ee": ["29", "org.jessies.dalvikexplorer.SystemPropertiesActivity"]}, {"f929817508f484ec3c8b3758b1e136ee": ["29", "org.jessies.dalvikexplorer.SystemPropertiesActivity"]}, {"f929817508f484ec3c8b3758b1e136ee": ["29", "org.jessies.dalvikexplorer.SystemPropertiesActivity"]}, {"f929817508f484ec3c8b3758b1e136ee": ["29", "org.jessies.dalvikexplorer.SystemPropertiesActivity"]}, {"f929817508f484ec3c8b3758b1e136ee": ["29", "org.jessies.dalvikexplorer.SystemPropertiesActivity"]}, {"68e8bd0e0f9cedc912a8c5bde19ab287": ["28", "org.jessies.dalvikexplorer.SystemPropertiesActivity"]}, {"68e8bd0e0f9cedc912a8c5bde19ab287": ["28", "org.jessies.dalvikexplorer.SystemPropertiesActivity"]}, {"68e8bd0e0f9cedc912a8c5bde19ab287": ["28", "org.jessies.dalvikexplorer.SystemPropertiesActivity"]}, {"8a3a2d6e5a180b067a78e12f83f16dbc": ["0", "org.jessies.dalvikexplorer.DalvikExplorerActivity"]}, {"d692aad88e7397134fbd140f93df050d": ["7", "org.jessies.dalvikexplorer.FileSystemsActivity"]}, {"a9ef03cc20d39bd3d3b029e0025ef1b4": ["8", "org.jessies.dalvikexplorer.FileSystemActivity"]}, {"c1bf26e78e0f1675ea247e64c460593e": ["9", "org.jessies.dalvikexplorer.FileViewerActivity"]}, {"0b2d501438bd8c06404184c30d116fb8": ["10", "org.jessies.dalvikexplorer.FileViewerActivity"]}, {"0b2d501438bd8c06404184c30d116fb8": ["10", "org.jessies.dalvikexplorer.FileViewerActivity"]}, {"0b2d501438bd8c06404184c30d116fb8": ["10", "org.jessies.dalvikexplorer.FileViewerActivity"]}, {"0b2d501438bd8c06404184c30d116fb8": ["10", "org.jessies.dalvikexplorer.FileViewerActivity"]}, {"0b2d501438bd8c06404184c30d116fb8": ["10", "org.jessies.dalvikexplorer.FileViewerActivity"]}, {"0b2d501438bd8c06404184c30d116fb8": ["10", "org.jessies.dalvikexplorer.FileViewerActivity"]}, {"0b2d501438bd8c06404184c30d116fb8": ["10", "org.jessies.dalvikexplorer.FileViewerActivity"]}, {"0b2d501438bd8c06404184c30d116fb8": ["10", "org.jessies.dalvikexplorer.FileViewerActivity"]}, {"0b2d501438bd8c06404184c30d116fb8": ["10", "org.jessies.dalvikexplorer.FileViewerActivity"]}, {"0b2d501438bd8c06404184c30d116fb8": ["10", "org.jessies.dalvikexplorer.FileViewerActivity"]}, {"0b2d501438bd8c06404184c30d116fb8": ["10", "org.jessies.dalvikexplorer.FileViewerActivity"]}, {"0b2d501438bd8c06404184c30d116fb8": ["10", "org.jessies.dalvikexplorer.FileViewerActivity"]}, {"0b2d501438bd8c06404184c30d116fb8": ["10", "org.jessies.dalvikexplorer.FileViewerActivity"]}, {"0b2d501438bd8c06404184c30d116fb8": ["10", "org.jessies.dalvikexplorer.FileViewerActivity"]}, {"0b2d501438bd8c06404184c30d116fb8": ["10", "org.jessies.dalvikexplorer.FileViewerActivity"]}, {"0b2d501438bd8c06404184c30d116fb8": ["10", "org.jessies.dalvikexplorer.FileViewerActivity"]}, {"0b2d501438bd8c06404184c30d116fb8": ["10", "org.jessies.dalvikexplorer.FileViewerActivity"]}, {"0b2d501438bd8c06404184c30d116fb8": ["10", "org.jessies.dalvikexplorer.FileViewerActivity"]}, {"8a3a2d6e5a180b067a78e12f83f16dbc": ["0", "org.jessies.dalvikexplorer.DalvikExplorerActivity"]}, {"9a165aba4f2a2d0f41143d1d9fde0041": ["19", "org.jessies.dalvikexplorer.CharsetsActivity"]}, {"c5365f2e44b85344189292e1b71998c9": ["23", "org.jessies.dalvikexplorer.CharsetActivity"]}, {"dfe8ef53e786e515b636e594f298a505": ["24", "org.jessies.dalvikexplorer.CharsetActivity"]}, {"dfe8ef53e786e515b636e594f298a505": ["24", "org.jessies.dalvikexplorer.CharsetActivity"]}, {"dfe8ef53e786e515b636e594f298a505": ["24", "org.jessies.dalvikexplorer.CharsetActivity"]}, {"dfe8ef53e786e515b636e594f298a505": ["24", "org.jessies.dalvikexplorer.CharsetActivity"]}, {"dfe8ef53e786e515b636e594f298a505": ["24", "org.jessies.dalvikexplorer.CharsetActivity"]}, {"dfe8ef53e786e515b636e594f298a505": ["24", "org.jessies.dalvikexplorer.CharsetActivity"]}, {"dfe8ef53e786e515b636e594f298a505": ["24", "org.jessies.dalvikexplorer.CharsetActivity"]}, {"dfe8ef53e786e515b636e594f298a505": ["24", "org.jessies.dalvikexplorer.CharsetActivity"]}, {"dfe8ef53e786e515b636e594f298a505": ["24", "org.jessies.dalvikexplorer.CharsetActivity"]}, {"dfe8ef53e786e515b636e594f298a505": ["24", "org.jessies.dalvikexplorer.CharsetActivity"]}, {"dfe8ef53e786e515b636e594f298a505": ["24", "org.jessies.dalvikexplorer.CharsetActivity"]}, {"dfe8ef53e786e515b636e594f298a505": ["24", "org.jessies.dalvikexplorer.CharsetActivity"]}, {"dfe8ef53e786e515b636e594f298a505": ["24", "org.jessies.dalvikexplorer.CharsetActivity"]}, {"dfe8ef53e786e515b636e594f298a505": ["24", "org.jessies.dalvikexplorer.CharsetActivity"]}, {"c5365f2e44b85344189292e1b71998c9": ["23", "org.jessies.dalvikexplorer.CharsetActivity"]}, {"dfe8ef53e786e515b636e594f298a505": ["24", "org.jessies.dalvikexplorer.CharsetActivity"]}, {"dfe8ef53e786e515b636e594f298a505": ["24", "org.jessies.dalvikexplorer.CharsetActivity"]}, {"c5365f2e44b85344189292e1b71998c9": ["23", "org.jessies.dalvikexplorer.CharsetActivity"]}, {"c5365f2e44b85344189292e1b71998c9": ["23", "org.jessies.dalvikexplorer.CharsetActivity"]}, {"c5365f2e44b85344189292e1b71998c9": ["23", "org.jessies.dalvikexplorer.CharsetActivity"]}, {"dfe8ef53e786e515b636e594f298a505": ["24", "org.jessies.dalvikexplorer.CharsetActivity"]}, {"dfe8ef53e786e515b636e594f298a505": ["24", "org.jessies.dalvikexplorer.CharsetActivity"]}, {"dfe8ef53e786e515b636e594f298a505": ["24", "org.jessies.dalvikexplorer.CharsetActivity"]}, {"dfe8ef53e786e515b636e594f298a505": ["24", "org.jessies.dalvikexplorer.CharsetActivity"]}, {"dfe8ef53e786e515b636e594f298a505": ["24", "org.jessies.dalvikexplorer.CharsetActivity"]}, {"dfe8ef53e786e515b636e594f298a505": ["24", "org.jessies.dalvikexplorer.CharsetActivity"]}, {"dfe8ef53e786e515b636e594f298a505": ["24", "org.jessies.dalvikexplorer.CharsetActivity"]}, {"dfe8ef53e786e515b636e594f298a505": ["24", "org.jessies.dalvikexplorer.CharsetActivity"]}, {"dfe8ef53e786e515b636e594f298a505": ["24", "org.jessies.dalvikexplorer.CharsetActivity"]}, {"dfe8ef53e786e515b636e594f298a505": ["24", "org.jessies.dalvikexplorer.CharsetActivity"]}, {"dfe8ef53e786e515b636e594f298a505": ["24", "org.jessies.dalvikexplorer.CharsetActivity"]}, {"dfe8ef53e786e515b636e594f298a505": ["24", "org.jessies.dalvikexplorer.CharsetActivity"]}, {"c5365f2e44b85344189292e1b71998c9": ["23", "org.jessies.dalvikexplorer.CharsetActivity"]}, {"c5365f2e44b85344189292e1b71998c9": ["23", "org.jessies.dalvikexplorer.CharsetActivity"]}, {"c5365f2e44b85344189292e1b71998c9": ["23", "org.jessies.dalvikexplorer.CharsetActivity"]}, {"dfe8ef53e786e515b636e594f298a505": ["24", "org.jessies.dalvikexplorer.CharsetActivity"]}, {"c5365f2e44b85344189292e1b71998c9": ["23", "org.jessies.dalvikexplorer.CharsetActivity"]}, {"c5365f2e44b85344189292e1b71998c9": ["23", "org.jessies.dalvikexplorer.CharsetActivity"]}, {"c5365f2e44b85344189292e1b71998c9": ["23", "org.jessies.dalvikexplorer.CharsetActivity"]}, {"c5365f2e44b85344189292e1b71998c9": ["23", "org.jessies.dalvikexplorer.CharsetActivity"]}, {"dfe8ef53e786e515b636e594f298a505": ["24", "org.jessies.dalvikexplorer.CharsetActivity"]}, {"dfe8ef53e786e515b636e594f298a505": ["24", "org.jessies.dalvikexplorer.CharsetActivity"]}, {"dfe8ef53e786e515b636e594f298a505": ["24", "org.jessies.dalvikexplorer.CharsetActivity"]}, {"c5365f2e44b85344189292e1b71998c9": ["23", "org.jessies.dalvikexplorer.CharsetActivity"]}, {"dfe8ef53e786e515b636e594f298a505": ["24", "org.jessies.dalvikexplorer.CharsetActivity"]}, {"dfe8ef53e786e515b636e594f298a505": ["24", "org.jessies.dalvikexplorer.CharsetActivity"]}, {"dfe8ef53e786e515b636e594f298a505": ["24", "org.jessies.dalvikexplorer.CharsetActivity"]}, {"dfe8ef53e786e515b636e594f298a505": ["24", "org.jessies.dalvikexplorer.CharsetActivity"]}, {"c5365f2e44b85344189292e1b71998c9": ["23", "org.jessies.dalvikexplorer.CharsetActivity"]}, {"c5365f2e44b85344189292e1b71998c9": ["23", "org.jessies.dalvikexplorer.CharsetActivity"]}, {"c5365f2e44b85344189292e1b71998c9": ["23", "org.jessies.dalvikexplorer.CharsetActivity"]}, {"c5365f2e44b85344189292e1b71998c9": ["23", "org.jessies.dalvikexplorer.CharsetActivity"]}, {"c5365f2e44b85344189292e1b71998c9": ["23", "org.jessies.dalvikexplorer.CharsetActivity"]}, {"c5365f2e44b85344189292e1b71998c9": ["23", "org.jessies.dalvikexplorer.CharsetActivity"]}, {"c5365f2e44b85344189292e1b71998c9": ["23", "org.jessies.dalvikexplorer.CharsetActivity"]}, {"c5365f2e44b85344189292e1b71998c9": ["23", "org.jessies.dalvikexplorer.CharsetActivity"]}, {"dfe8ef53e786e515b636e594f298a505": ["24", "org.jessies.dalvikexplorer.CharsetActivity"]}, {"dfe8ef53e786e515b636e594f298a505": ["24", "org.jessies.dalvikexplorer.CharsetActivity"]}, {"dfe8ef53e786e515b636e594f298a505": ["24", "org.jessies.dalvikexplorer.CharsetActivity"]}, {"dfe8ef53e786e515b636e594f298a505": ["24", "org.jessies.dalvikexplorer.CharsetActivity"]}, {"dfe8ef53e786e515b636e594f298a505": ["24", "org.jessies.dalvikexplorer.CharsetActivity"]}, {"dfe8ef53e786e515b636e594f298a505": ["24", "org.jessies.dalvikexplorer.CharsetActivity"]}, {"c5365f2e44b85344189292e1b71998c9": ["23", "org.jessies.dalvikexplorer.CharsetActivity"]}, {"c5365f2e44b85344189292e1b71998c9": ["23", "org.jessies.dalvikexplorer.CharsetActivity"]}, {"c5365f2e44b85344189292e1b71998c9": ["23", "org.jessies.dalvikexplorer.CharsetActivity"]}, {"25fb508ddc93511226d1e8c475c01efb": ["71", "org.jessies.dalvikexplorer.CharsetsActivity"]}, {"c5365f2e44b85344189292e1b71998c9": ["23", "org.jessies.dalvikexplorer.CharsetActivity"]}, {"dfe8ef53e786e515b636e594f298a505": ["24", "org.jessies.dalvikexplorer.CharsetActivity"]}, {"dfe8ef53e786e515b636e594f298a505": ["24", "org.jessies.dalvikexplorer.CharsetActivity"]}, {"dfe8ef53e786e515b636e594f298a505": ["24", "org.jessies.dalvikexplorer.CharsetActivity"]}, {"dfe8ef53e786e515b636e594f298a505": ["24", "org.jessies.dalvikexplorer.CharsetActivity"]}, {"dfe8ef53e786e515b636e594f298a505": ["24", "org.jessies.dalvikexplorer.CharsetActivity"]}, {"dfe8ef53e786e515b636e594f298a505": ["24", "org.jessies.dalvikexplorer.CharsetActivity"]}, {"dfe8ef53e786e515b636e594f298a505": ["24", "org.jessies.dalvikexplorer.CharsetActivity"]}, {"dfe8ef53e786e515b636e594f298a505": ["24", "org.jessies.dalvikexplorer.CharsetActivity"]}, {"dfe8ef53e786e515b636e594f298a505": ["24", "org.jessies.dalvikexplorer.CharsetActivity"]}, {"dfe8ef53e786e515b636e594f298a505": ["24", "org.jessies.dalvikexplorer.CharsetActivity"]}, {"dfe8ef53e786e515b636e594f298a505": ["24", "org.jessies.dalvikexplorer.CharsetActivity"]}, {"dfe8ef53e786e515b636e594f298a505": ["24", "org.jessies.dalvikexplorer.CharsetActivity"]}, {"dfe8ef53e786e515b636e594f298a505": ["24", "org.jessies.dalvikexplorer.CharsetActivity"]}, {"dfe8ef53e786e515b636e594f298a505": ["24", "org.jessies.dalvikexplorer.CharsetActivity"]}, {"dfe8ef53e786e515b636e594f298a505": ["24", "org.jessies.dalvikexplorer.CharsetActivity"]}, {"c5365f2e44b85344189292e1b71998c9": ["23", "org.jessies.dalvikexplorer.CharsetActivity"]}, {"c5365f2e44b85344189292e1b71998c9": ["23", "org.jessies.dalvikexplorer.CharsetActivity"]}, {"c5365f2e44b85344189292e1b71998c9": ["23", "org.jessies.dalvikexplorer.CharsetActivity"]}, {"dfe8ef53e786e515b636e594f298a505": ["24", "org.jessies.dalvikexplorer.CharsetActivity"]}, {"dfe8ef53e786e515b636e594f298a505": ["24", "org.jessies.dalvikexplorer.CharsetActivity"]}, {"dfe8ef53e786e515b636e594f298a505": ["24", "org.jessies.dalvikexplorer.CharsetActivity"]}, {"dfe8ef53e786e515b636e594f298a505": ["24", "org.jessies.dalvikexplorer.CharsetActivity"]}, {"dfe8ef53e786e515b636e594f298a505": ["24", "org.jessies.dalvikexplorer.CharsetActivity"]}, {"dfe8ef53e786e515b636e594f298a505": ["24", "org.jessies.dalvikexplorer.CharsetActivity"]}, {"dfe8ef53e786e515b636e594f298a505": ["24", "org.jessies.dalvikexplorer.CharsetActivity"]}, {"dfe8ef53e786e515b636e594f298a505": ["24", "org.jessies.dalvikexplorer.CharsetActivity"]}, {"dfe8ef53e786e515b636e594f298a505": ["24", "org.jessies.dalvikexplorer.CharsetActivity"]}, {"dfe8ef53e786e515b636e594f298a505": ["24", "org.jessies.dalvikexplorer.CharsetActivity"]}, {"dfe8ef53e786e515b636e594f298a505": ["24", "org.jessies.dalvikexplorer.CharsetActivity"]}, {"dfe8ef53e786e515b636e594f298a505": ["24", "org.jessies.dalvikexplorer.CharsetActivity"]}, {"dfe8ef53e786e515b636e594f298a505": ["24", "org.jessies.dalvikexplorer.CharsetActivity"]}, {"dfe8ef53e786e515b636e594f298a505": ["24", "org.jessies.dalvikexplorer.CharsetActivity"]}, {"dfe8ef53e786e515b636e594f298a505": ["24", "org.jessies.dalvikexplorer.CharsetActivity"]}, {"c5365f2e44b85344189292e1b71998c9": ["23", "org.jessies.dalvikexplorer.CharsetActivity"]}, {"c5365f2e44b85344189292e1b71998c9": ["23", "org.jessies.dalvikexplorer.CharsetActivity"]}, {"dfe8ef53e786e515b636e594f298a505": ["24", "org.jessies.dalvikexplorer.CharsetActivity"]}, {"dfe8ef53e786e515b636e594f298a505": ["24", "org.jessies.dalvikexplorer.CharsetActivity"]}, {"dfe8ef53e786e515b636e594f298a505": ["24", "org.jessies.dalvikexplorer.CharsetActivity"]}, {"c5365f2e44b85344189292e1b71998c9": ["23", "org.jessies.dalvikexplorer.CharsetActivity"]}, {"dfe8ef53e786e515b636e594f298a505": ["24", "org.jessies.dalvikexplorer.CharsetActivity"]}, {"dfe8ef53e786e515b636e594f298a505": ["24", "org.jessies.dalvikexplorer.CharsetActivity"]}, {"dfe8ef53e786e515b636e594f298a505": ["24", "org.jessies.dalvikexplorer.CharsetActivity"]}, {"dfe8ef53e786e515b636e594f298a505": ["24", "org.jessies.dalvikexplorer.CharsetActivity"]}, {"dfe8ef53e786e515b636e594f298a505": ["24", "org.jessies.dalvikexplorer.CharsetActivity"]}, {"dfe8ef53e786e515b636e594f298a505": ["24", "org.jessies.dalvikexplorer.CharsetActivity"]}, {"dfe8ef53e786e515b636e594f298a505": ["24", "org.jessies.dalvikexplorer.CharsetActivity"]}, {"dfe8ef53e786e515b636e594f298a505": ["24", "org.jessies.dalvikexplorer.CharsetActivity"]}, {"dfe8ef53e786e515b636e594f298a505": ["24", "org.jessies.dalvikexplorer.CharsetActivity"]}, {"dfe8ef53e786e515b636e594f298a505": ["24", "org.jessies.dalvikexplorer.CharsetActivity"]}, {"dfe8ef53e786e515b636e594f298a505": ["24", "org.jessies.dalvikexplorer.CharsetActivity"]}, {"dfe8ef53e786e515b636e594f298a505": ["24", "org.jessies.dalvikexplorer.CharsetActivity"]}, {"dfe8ef53e786e515b636e594f298a505": ["24", "org.jessies.dalvikexplorer.CharsetActivity"]}, {"dfe8ef53e786e515b636e594f298a505": ["24", "org.jessies.dalvikexplorer.CharsetActivity"]}, {"dfe8ef53e786e515b636e594f298a505": ["24", "org.jessies.dalvikexplorer.CharsetActivity"]}, {"dfe8ef53e786e515b636e594f298a505": ["24", "org.jessies.dalvikexplorer.CharsetActivity"]}, {"dfe8ef53e786e515b636e594f298a505": ["24", "org.jessies.dalvikexplorer.CharsetActivity"]}, {"dfe8ef53e786e515b636e594f298a505": ["24", "org.jessies.dalvikexplorer.CharsetActivity"]}, {"dfe8ef53e786e515b636e594f298a505": ["24", "org.jessies.dalvikexplorer.CharsetActivity"]}, {"dfe8ef53e786e515b636e594f298a505": ["24", "org.jessies.dalvikexplorer.CharsetActivity"]}, {"dfe8ef53e786e515b636e594f298a505": ["24", "org.jessies.dalvikexplorer.CharsetActivity"]}, {"dfe8ef53e786e515b636e594f298a505": ["24", "org.jessies.dalvikexplorer.CharsetActivity"]}, {"dfe8ef53e786e515b636e594f298a505": ["24", "org.jessies.dalvikexplorer.CharsetActivity"]}, {"dfe8ef53e786e515b636e594f298a505": ["24", "org.jessies.dalvikexplorer.CharsetActivity"]}, {"dfe8ef53e786e515b636e594f298a505": ["24", "org.jessies.dalvikexplorer.CharsetActivity"]}, {"dfe8ef53e786e515b636e594f298a505": ["24", "org.jessies.dalvikexplorer.CharsetActivity"]}, {"dfe8ef53e786e515b636e594f298a505": ["24", "org.jessies.dalvikexplorer.CharsetActivity"]}, {"dfe8ef53e786e515b636e594f298a505": ["24", "org.jessies.dalvikexplorer.CharsetActivity"]}, {"dfe8ef53e786e515b636e594f298a505": ["24", "org.jessies.dalvikexplorer.CharsetActivity"]}, {"dfe8ef53e786e515b636e594f298a505": ["24", "org.jessies.dalvikexplorer.CharsetActivity"]}, {"dfe8ef53e786e515b636e594f298a505": ["24", "org.jessies.dalvikexplorer.CharsetActivity"]}, {"dfe8ef53e786e515b636e594f298a505": ["24", "org.jessies.dalvikexplorer.CharsetActivity"]}, {"dfe8ef53e786e515b636e594f298a505": ["24", "org.jessies.dalvikexplorer.CharsetActivity"]}, {"dfe8ef53e786e515b636e594f298a505": ["24", "org.jessies.dalvikexplorer.CharsetActivity"]}, {"dfe8ef53e786e515b636e594f298a505": ["24", "org.jessies.dalvikexplorer.CharsetActivity"]}, {"dfe8ef53e786e515b636e594f298a505": ["24", "org.jessies.dalvikexplorer.CharsetActivity"]}, {"dfe8ef53e786e515b636e594f298a505": ["24", "org.jessies.dalvikexplorer.CharsetActivity"]}, {"dfe8ef53e786e515b636e594f298a505": ["24", "org.jessies.dalvikexplorer.CharsetActivity"]}, {"dfe8ef53e786e515b636e594f298a505": ["24", "org.jessies.dalvikexplorer.CharsetActivity"]}, {"dfe8ef53e786e515b636e594f298a505": ["24", "org.jessies.dalvikexplorer.CharsetActivity"]}, {"dfe8ef53e786e515b636e594f298a505": ["24", "org.jessies.dalvikexplorer.CharsetActivity"]}, {"dfe8ef53e786e515b636e594f298a505": ["24", "org.jessies.dalvikexplorer.CharsetActivity"]}, {"c5365f2e44b85344189292e1b71998c9": ["23", "org.jessies.dalvikexplorer.CharsetActivity"]}, {"dfe8ef53e786e515b636e594f298a505": ["24", "org.jessies.dalvikexplorer.CharsetActivity"]}, {"dfe8ef53e786e515b636e594f298a505": ["24", "org.jessies.dalvikexplorer.CharsetActivity"]}, {"dfe8ef53e786e515b636e594f298a505": ["24", "org.jessies.dalvikexplorer.CharsetActivity"]}, {"c5365f2e44b85344189292e1b71998c9": ["23", "org.jessies.dalvikexplorer.CharsetActivity"]}, {"dfe8ef53e786e515b636e594f298a505": ["24", "org.jessies.dalvikexplorer.CharsetActivity"]}, {"dfe8ef53e786e515b636e594f298a505": ["24", "org.jessies.dalvikexplorer.CharsetActivity"]}, {"dfe8ef53e786e515b636e594f298a505": ["24", "org.jessies.dalvikexplorer.CharsetActivity"]}, {"dfe8ef53e786e515b636e594f298a505": ["24", "org.jessies.dalvikexplorer.CharsetActivity"]}, {"dfe8ef53e786e515b636e594f298a505": ["24", "org.jessies.dalvikexplorer.CharsetActivity"]}, {"dfe8ef53e786e515b636e594f298a505": ["24", "org.jessies.dalvikexplorer.CharsetActivity"]}, {"dfe8ef53e786e515b636e594f298a505": ["24", "org.jessies.dalvikexplorer.CharsetActivity"]}, {"dfe8ef53e786e515b636e594f298a505": ["24", "org.jessies.dalvikexplorer.CharsetActivity"]}, {"dfe8ef53e786e515b636e594f298a505": ["24", "org.jessies.dalvikexplorer.CharsetActivity"]}, {"dfe8ef53e786e515b636e594f298a505": ["24", "org.jessies.dalvikexplorer.CharsetActivity"]}, {"dfe8ef53e786e515b636e594f298a505": ["24", "org.jessies.dalvikexplorer.CharsetActivity"]}, {"dfe8ef53e786e515b636e594f298a505": ["24", "org.jessies.dalvikexplorer.CharsetActivity"]}, {"8a3a2d6e5a180b067a78e12f83f16dbc": ["0", "org.jessies.dalvikexplorer.DalvikExplorerActivity"]}, {"ce977ee312ec7f44748d4c49e2e1c27a": ["5", "org.jessies.dalvikexplorer.EnvironmentVariablesActivity"]}, {"ce977ee312ec7f44748d4c49e2e1c27a": ["5", "org.jessies.dalvikexplorer.EnvironmentVariablesActivity"]}, {"8b6b9a77523b3a94477d5e7a9650d790": ["6", "org.jessies.dalvikexplorer.EnvironmentVariablesActivity"]}, {"8b6b9a77523b3a94477d5e7a9650d790": ["6", "org.jessies.dalvikexplorer.EnvironmentVariablesActivity"]}, {"8b6b9a77523b3a94477d5e7a9650d790": ["6", "org.jessies.dalvikexplorer.EnvironmentVariablesActivity"]}, {"8b6b9a77523b3a94477d5e7a9650d790": ["6", "org.jessies.dalvikexplorer.EnvironmentVariablesActivity"]}, {"8b6b9a77523b3a94477d5e7a9650d790": ["6", "org.jessies.dalvikexplorer.EnvironmentVariablesActivity"]}, {"ce977ee312ec7f44748d4c49e2e1c27a": ["5", "org.jessies.dalvikexplorer.EnvironmentVariablesActivity"]}, {"8b6b9a77523b3a94477d5e7a9650d790": ["6", "org.jessies.dalvikexplorer.EnvironmentVariablesActivity"]}, {"8b6b9a77523b3a94477d5e7a9650d790": ["6", "org.jessies.dalvikexplorer.EnvironmentVariablesActivity"]}, {"8b6b9a77523b3a94477d5e7a9650d790": ["6", "org.jessies.dalvikexplorer.EnvironmentVariablesActivity"]}, {"8b6b9a77523b3a94477d5e7a9650d790": ["6", "org.jessies.dalvikexplorer.EnvironmentVariablesActivity"]}, {"8b6b9a77523b3a94477d5e7a9650d790": ["6", "org.jessies.dalvikexplorer.EnvironmentVariablesActivity"]}, {"8b6b9a77523b3a94477d5e7a9650d790": ["6", "org.jessies.dalvikexplorer.EnvironmentVariablesActivity"]}, {"8b6b9a77523b3a94477d5e7a9650d790": ["6", "org.jessies.dalvikexplorer.EnvironmentVariablesActivity"]}, {"8b6b9a77523b3a94477d5e7a9650d790": ["6", "org.jessies.dalvikexplorer.EnvironmentVariablesActivity"]}, {"8b6b9a77523b3a94477d5e7a9650d790": ["6", "org.jessies.dalvikexplorer.EnvironmentVariablesActivity"]}, {"8b6b9a77523b3a94477d5e7a9650d790": ["6", "org.jessies.dalvikexplorer.EnvironmentVariablesActivity"]}, {"8b6b9a77523b3a94477d5e7a9650d790": ["6", "org.jessies.dalvikexplorer.EnvironmentVariablesActivity"]}, {"8b6b9a77523b3a94477d5e7a9650d790": ["6", "org.jessies.dalvikexplorer.EnvironmentVariablesActivity"]}, {"8b6b9a77523b3a94477d5e7a9650d790": ["6", "org.jessies.dalvikexplorer.EnvironmentVariablesActivity"]}, {"8b6b9a77523b3a94477d5e7a9650d790": ["6", "org.jessies.dalvikexplorer.EnvironmentVariablesActivity"]}, {"8b6b9a77523b3a94477d5e7a9650d790": ["6", "org.jessies.dalvikexplorer.EnvironmentVariablesActivity"]}, {"8b6b9a77523b3a94477d5e7a9650d790": ["6", "org.jessies.dalvikexplorer.EnvironmentVariablesActivity"]}, {"8b6b9a77523b3a94477d5e7a9650d790": ["6", "org.jessies.dalvikexplorer.EnvironmentVariablesActivity"]}, {"8b6b9a77523b3a94477d5e7a9650d790": ["6", "org.jessies.dalvikexplorer.EnvironmentVariablesActivity"]}, {"8b6b9a77523b3a94477d5e7a9650d790": ["6", "org.jessies.dalvikexplorer.EnvironmentVariablesActivity"]}, {"ce977ee312ec7f44748d4c49e2e1c27a": ["5", "org.jessies.dalvikexplorer.EnvironmentVariablesActivity"]}, {"ce977ee312ec7f44748d4c49e2e1c27a": ["5", "org.jessies.dalvikexplorer.EnvironmentVariablesActivity"]}, {"ce977ee312ec7f44748d4c49e2e1c27a": ["5", "org.jessies.dalvikexplorer.EnvironmentVariablesActivity"]}, {"ce977ee312ec7f44748d4c49e2e1c27a": ["5", "org.jessies.dalvikexplorer.EnvironmentVariablesActivity"]}, {"8b6b9a77523b3a94477d5e7a9650d790": ["6", "org.jessies.dalvikexplorer.EnvironmentVariablesActivity"]}, {"8b6b9a77523b3a94477d5e7a9650d790": ["6", "org.jessies.dalvikexplorer.EnvironmentVariablesActivity"]}, {"8b6b9a77523b3a94477d5e7a9650d790": ["6", "org.jessies.dalvikexplorer.EnvironmentVariablesActivity"]}, {"8b6b9a77523b3a94477d5e7a9650d790": ["6", "org.jessies.dalvikexplorer.EnvironmentVariablesActivity"]}, {"8b6b9a77523b3a94477d5e7a9650d790": ["6", "org.jessies.dalvikexplorer.EnvironmentVariablesActivity"]}, {"8b6b9a77523b3a94477d5e7a9650d790": ["6", "org.jessies.dalvikexplorer.EnvironmentVariablesActivity"]}, {"8b6b9a77523b3a94477d5e7a9650d790": ["6", "org.jessies.dalvikexplorer.EnvironmentVariablesActivity"]}, {"8b6b9a77523b3a94477d5e7a9650d790": ["6", "org.jessies.dalvikexplorer.EnvironmentVariablesActivity"]}, {"8b6b9a77523b3a94477d5e7a9650d790": ["6", "org.jessies.dalvikexplorer.EnvironmentVariablesActivity"]}, {"8b6b9a77523b3a94477d5e7a9650d790": ["6", "org.jessies.dalvikexplorer.EnvironmentVariablesActivity"]}, {"8b6b9a77523b3a94477d5e7a9650d790": ["6", "org.jessies.dalvikexplorer.EnvironmentVariablesActivity"]}, {"8b6b9a77523b3a94477d5e7a9650d790": ["6", "org.jessies.dalvikexplorer.EnvironmentVariablesActivity"]}, {"8b6b9a77523b3a94477d5e7a9650d790": ["6", "org.jessies.dalvikexplorer.EnvironmentVariablesActivity"]}, {"8b6b9a77523b3a94477d5e7a9650d790": ["6", "org.jessies.dalvikexplorer.EnvironmentVariablesActivity"]}, {"8b6b9a77523b3a94477d5e7a9650d790": ["6", "org.jessies.dalvikexplorer.EnvironmentVariablesActivity"]}, {"8b6b9a77523b3a94477d5e7a9650d790": ["6", "org.jessies.dalvikexplorer.EnvironmentVariablesActivity"]}, {"8b6b9a77523b3a94477d5e7a9650d790": ["6", "org.jessies.dalvikexplorer.EnvironmentVariablesActivity"]}, {"8b6b9a77523b3a94477d5e7a9650d790": ["6", "org.jessies.dalvikexplorer.EnvironmentVariablesActivity"]}, {"8b6b9a77523b3a94477d5e7a9650d790": ["6", "org.jessies.dalvikexplorer.EnvironmentVariablesActivity"]}, {"8b6b9a77523b3a94477d5e7a9650d790": ["6", "org.jessies.dalvikexplorer.EnvironmentVariablesActivity"]}, {"8b6b9a77523b3a94477d5e7a9650d790": ["6", "org.jessies.dalvikexplorer.EnvironmentVariablesActivity"]}, {"8b6b9a77523b3a94477d5e7a9650d790": ["6", "org.jessies.dalvikexplorer.EnvironmentVariablesActivity"]}, {"ce977ee312ec7f44748d4c49e2e1c27a": ["5", "org.jessies.dalvikexplorer.EnvironmentVariablesActivity"]}, {"8b6b9a77523b3a94477d5e7a9650d790": ["6", "org.jessies.dalvikexplorer.EnvironmentVariablesActivity"]}, {"8b6b9a77523b3a94477d5e7a9650d790": ["6", "org.jessies.dalvikexplorer.EnvironmentVariablesActivity"]}, {"8b6b9a77523b3a94477d5e7a9650d790": ["6", "org.jessies.dalvikexplorer.EnvironmentVariablesActivity"]}, {"8b6b9a77523b3a94477d5e7a9650d790": ["6", "org.jessies.dalvikexplorer.EnvironmentVariablesActivity"]}, {"8b6b9a77523b3a94477d5e7a9650d790": ["6", "org.jessies.dalvikexplorer.EnvironmentVariablesActivity"]}, {"8b6b9a77523b3a94477d5e7a9650d790": ["6", "org.jessies.dalvikexplorer.EnvironmentVariablesActivity"]}, {"8b6b9a77523b3a94477d5e7a9650d790": ["6", "org.jessies.dalvikexplorer.EnvironmentVariablesActivity"]}, {"8b6b9a77523b3a94477d5e7a9650d790": ["6", "org.jessies.dalvikexplorer.EnvironmentVariablesActivity"]}, {"8b6b9a77523b3a94477d5e7a9650d790": ["6", "org.jessies.dalvikexplorer.EnvironmentVariablesActivity"]}, {"8b6b9a77523b3a94477d5e7a9650d790": ["6", "org.jessies.dalvikexplorer.EnvironmentVariablesActivity"]}, {"8b6b9a77523b3a94477d5e7a9650d790": ["6", "org.jessies.dalvikexplorer.EnvironmentVariablesActivity"]}, {"8b6b9a77523b3a94477d5e7a9650d790": ["6", "org.jessies.dalvikexplorer.EnvironmentVariablesActivity"]}, {"8b6b9a77523b3a94477d5e7a9650d790": ["6", "org.jessies.dalvikexplorer.EnvironmentVariablesActivity"]}, {"8b6b9a77523b3a94477d5e7a9650d790": ["6", "org.jessies.dalvikexplorer.EnvironmentVariablesActivity"]}, {"8b6b9a77523b3a94477d5e7a9650d790": ["6", "org.jessies.dalvikexplorer.EnvironmentVariablesActivity"]}, {"ce977ee312ec7f44748d4c49e2e1c27a": ["5", "org.jessies.dalvikexplorer.EnvironmentVariablesActivity"]}, {"ce977ee312ec7f44748d4c49e2e1c27a": ["5", "org.jessies.dalvikexplorer.EnvironmentVariablesActivity"]}, {"8b6b9a77523b3a94477d5e7a9650d790": ["6", "org.jessies.dalvikexplorer.EnvironmentVariablesActivity"]}, {"ce977ee312ec7f44748d4c49e2e1c27a": ["5", "org.jessies.dalvikexplorer.EnvironmentVariablesActivity"]}, {"ce977ee312ec7f44748d4c49e2e1c27a": ["5", "org.jessies.dalvikexplorer.EnvironmentVariablesActivity"]}, {"8b6b9a77523b3a94477d5e7a9650d790": ["6", "org.jessies.dalvikexplorer.EnvironmentVariablesActivity"]}, {"ce977ee312ec7f44748d4c49e2e1c27a": ["5", "org.jessies.dalvikexplorer.EnvironmentVariablesActivity"]}, {"8b6b9a77523b3a94477d5e7a9650d790": ["6", "org.jessies.dalvikexplorer.EnvironmentVariablesActivity"]}, {"8b6b9a77523b3a94477d5e7a9650d790": ["6", "org.jessies.dalvikexplorer.EnvironmentVariablesActivity"]}, {"8b6b9a77523b3a94477d5e7a9650d790": ["6", "org.jessies.dalvikexplorer.EnvironmentVariablesActivity"]}, {"8b6b9a77523b3a94477d5e7a9650d790": ["6", "org.jessies.dalvikexplorer.EnvironmentVariablesActivity"]}, {"8b6b9a77523b3a94477d5e7a9650d790": ["6", "org.jessies.dalvikexplorer.EnvironmentVariablesActivity"]}, {"8b6b9a77523b3a94477d5e7a9650d790": ["6", "org.jessies.dalvikexplorer.EnvironmentVariablesActivity"]}, {"8b6b9a77523b3a94477d5e7a9650d790": ["6", "org.jessies.dalvikexplorer.EnvironmentVariablesActivity"]}, {"8b6b9a77523b3a94477d5e7a9650d790": ["6", "org.jessies.dalvikexplorer.EnvironmentVariablesActivity"]}, {"8b6b9a77523b3a94477d5e7a9650d790": ["6", "org.jessies.dalvikexplorer.EnvironmentVariablesActivity"]}, {"8b6b9a77523b3a94477d5e7a9650d790": ["6", "org.jessies.dalvikexplorer.EnvironmentVariablesActivity"]}, {"8b6b9a77523b3a94477d5e7a9650d790": ["6", "org.jessies.dalvikexplorer.EnvironmentVariablesActivity"]}, {"8b6b9a77523b3a94477d5e7a9650d790": ["6", "org.jessies.dalvikexplorer.EnvironmentVariablesActivity"]}, {"8b6b9a77523b3a94477d5e7a9650d790": ["6", "org.jessies.dalvikexplorer.EnvironmentVariablesActivity"]}, {"8b6b9a77523b3a94477d5e7a9650d790": ["6", "org.jessies.dalvikexplorer.EnvironmentVariablesActivity"]}, {"8b6b9a77523b3a94477d5e7a9650d790": ["6", "org.jessies.dalvikexplorer.EnvironmentVariablesActivity"]}, {"8b6b9a77523b3a94477d5e7a9650d790": ["6", "org.jessies.dalvikexplorer.EnvironmentVariablesActivity"]}, {"8b6b9a77523b3a94477d5e7a9650d790": ["6", "org.jessies.dalvikexplorer.EnvironmentVariablesActivity"]}, {"8b6b9a77523b3a94477d5e7a9650d790": ["6", "org.jessies.dalvikexplorer.EnvironmentVariablesActivity"]}, {"8b6b9a77523b3a94477d5e7a9650d790": ["6", "org.jessies.dalvikexplorer.EnvironmentVariablesActivity"]}, {"8b6b9a77523b3a94477d5e7a9650d790": ["6", "org.jessies.dalvikexplorer.EnvironmentVariablesActivity"]}, {"8b6b9a77523b3a94477d5e7a9650d790": ["6", "org.jessies.dalvikexplorer.EnvironmentVariablesActivity"]}, {"8b6b9a77523b3a94477d5e7a9650d790": ["6", "org.jessies.dalvikexplorer.EnvironmentVariablesActivity"]}, {"8b6b9a77523b3a94477d5e7a9650d790": ["6", "org.jessies.dalvikexplorer.EnvironmentVariablesActivity"]}, {"8b6b9a77523b3a94477d5e7a9650d790": ["6", "org.jessies.dalvikexplorer.EnvironmentVariablesActivity"]}, {"8b6b9a77523b3a94477d5e7a9650d790": ["6", "org.jessies.dalvikexplorer.EnvironmentVariablesActivity"]}, {"8b6b9a77523b3a94477d5e7a9650d790": ["6", "org.jessies.dalvikexplorer.EnvironmentVariablesActivity"]}, {"8b6b9a77523b3a94477d5e7a9650d790": ["6", "org.jessies.dalvikexplorer.EnvironmentVariablesActivity"]}, {"8b6b9a77523b3a94477d5e7a9650d790": ["6", "org.jessies.dalvikexplorer.EnvironmentVariablesActivity"]}, {"8b6b9a77523b3a94477d5e7a9650d790": ["6", "org.jessies.dalvikexplorer.EnvironmentVariablesActivity"]}, {"8b6b9a77523b3a94477d5e7a9650d790": ["6", "org.jessies.dalvikexplorer.EnvironmentVariablesActivity"]}, {"8b6b9a77523b3a94477d5e7a9650d790": ["6", "org.jessies.dalvikexplorer.EnvironmentVariablesActivity"]}, {"ce977ee312ec7f44748d4c49e2e1c27a": ["5", "org.jessies.dalvikexplorer.EnvironmentVariablesActivity"]}, {"8b6b9a77523b3a94477d5e7a9650d790": ["6", "org.jessies.dalvikexplorer.EnvironmentVariablesActivity"]}, {"ce977ee312ec7f44748d4c49e2e1c27a": ["5", "org.jessies.dalvikexplorer.EnvironmentVariablesActivity"]}, {"ce977ee312ec7f44748d4c49e2e1c27a": ["5", "org.jessies.dalvikexplorer.EnvironmentVariablesActivity"]}, {"ce977ee312ec7f44748d4c49e2e1c27a": ["5", "org.jessies.dalvikexplorer.EnvironmentVariablesActivity"]}, {"8b6b9a77523b3a94477d5e7a9650d790": ["6", "org.jessies.dalvikexplorer.EnvironmentVariablesActivity"]}, {"8b6b9a77523b3a94477d5e7a9650d790": ["6", "org.jessies.dalvikexplorer.EnvironmentVariablesActivity"]}, {"8b6b9a77523b3a94477d5e7a9650d790": ["6", "org.jessies.dalvikexplorer.EnvironmentVariablesActivity"]}, {"8b6b9a77523b3a94477d5e7a9650d790": ["6", "org.jessies.dalvikexplorer.EnvironmentVariablesActivity"]}, {"8b6b9a77523b3a94477d5e7a9650d790": ["6", "org.jessies.dalvikexplorer.EnvironmentVariablesActivity"]}, {"8b6b9a77523b3a94477d5e7a9650d790": ["6", "org.jessies.dalvikexplorer.EnvironmentVariablesActivity"]}, {"8b6b9a77523b3a94477d5e7a9650d790": ["6", "org.jessies.dalvikexplorer.EnvironmentVariablesActivity"]}, {"8b6b9a77523b3a94477d5e7a9650d790": ["6", "org.jessies.dalvikexplorer.EnvironmentVariablesActivity"]}, {"8b6b9a77523b3a94477d5e7a9650d790": ["6", "org.jessies.dalvikexplorer.EnvironmentVariablesActivity"]}, {"8b6b9a77523b3a94477d5e7a9650d790": ["6", "org.jessies.dalvikexplorer.EnvironmentVariablesActivity"]}, {"8b6b9a77523b3a94477d5e7a9650d790": ["6", "org.jessies.dalvikexplorer.EnvironmentVariablesActivity"]}, {"8b6b9a77523b3a94477d5e7a9650d790": ["6", "org.jessies.dalvikexplorer.EnvironmentVariablesActivity"]}, {"8b6b9a77523b3a94477d5e7a9650d790": ["6", "org.jessies.dalvikexplorer.EnvironmentVariablesActivity"]}, {"8b6b9a77523b3a94477d5e7a9650d790": ["6", "org.jessies.dalvikexplorer.EnvironmentVariablesActivity"]}, {"8b6b9a77523b3a94477d5e7a9650d790": ["6", "org.jessies.dalvikexplorer.EnvironmentVariablesActivity"]}, {"8b6b9a77523b3a94477d5e7a9650d790": ["6", "org.jessies.dalvikexplorer.EnvironmentVariablesActivity"]}, {"8b6b9a77523b3a94477d5e7a9650d790": ["6", "org.jessies.dalvikexplorer.EnvironmentVariablesActivity"]}, {"8b6b9a77523b3a94477d5e7a9650d790": ["6", "org.jessies.dalvikexplorer.EnvironmentVariablesActivity"]}, {"8b6b9a77523b3a94477d5e7a9650d790": ["6", "org.jessies.dalvikexplorer.EnvironmentVariablesActivity"]}, {"8b6b9a77523b3a94477d5e7a9650d790": ["6", "org.jessies.dalvikexplorer.EnvironmentVariablesActivity"]}, {"8b6b9a77523b3a94477d5e7a9650d790": ["6", "org.jessies.dalvikexplorer.EnvironmentVariablesActivity"]}, {"8b6b9a77523b3a94477d5e7a9650d790": ["6", "org.jessies.dalvikexplorer.EnvironmentVariablesActivity"]}, {"8b6b9a77523b3a94477d5e7a9650d790": ["6", "org.jessies.dalvikexplorer.EnvironmentVariablesActivity"]}, {"8b6b9a77523b3a94477d5e7a9650d790": ["6", "org.jessies.dalvikexplorer.EnvironmentVariablesActivity"]}, {"8b6b9a77523b3a94477d5e7a9650d790": ["6", "org.jessies.dalvikexplorer.EnvironmentVariablesActivity"]}, {"8b6b9a77523b3a94477d5e7a9650d790": ["6", "org.jessies.dalvikexplorer.EnvironmentVariablesActivity"]}, {"8b6b9a77523b3a94477d5e7a9650d790": ["6", "org.jessies.dalvikexplorer.EnvironmentVariablesActivity"]}, {"8b6b9a77523b3a94477d5e7a9650d790": ["6", "org.jessies.dalvikexplorer.EnvironmentVariablesActivity"]}, {"8b6b9a77523b3a94477d5e7a9650d790": ["6", "org.jessies.dalvikexplorer.EnvironmentVariablesActivity"]}, {"8b6b9a77523b3a94477d5e7a9650d790": ["6", "org.jessies.dalvikexplorer.EnvironmentVariablesActivity"]}, {"8b6b9a77523b3a94477d5e7a9650d790": ["6", "org.jessies.dalvikexplorer.EnvironmentVariablesActivity"]}, {"8b6b9a77523b3a94477d5e7a9650d790": ["6", "org.jessies.dalvikexplorer.EnvironmentVariablesActivity"]}, {"8b6b9a77523b3a94477d5e7a9650d790": ["6", "org.jessies.dalvikexplorer.EnvironmentVariablesActivity"]}, {"8b6b9a77523b3a94477d5e7a9650d790": ["6", "org.jessies.dalvikexplorer.EnvironmentVariablesActivity"]}, {"8b6b9a77523b3a94477d5e7a9650d790": ["6", "org.jessies.dalvikexplorer.EnvironmentVariablesActivity"]}, {"ce977ee312ec7f44748d4c49e2e1c27a": ["5", "org.jessies.dalvikexplorer.EnvironmentVariablesActivity"]}, {"ce977ee312ec7f44748d4c49e2e1c27a": ["5", "org.jessies.dalvikexplorer.EnvironmentVariablesActivity"]}, {"ce977ee312ec7f44748d4c49e2e1c27a": ["5", "org.jessies.dalvikexplorer.EnvironmentVariablesActivity"]}, {"8b6b9a77523b3a94477d5e7a9650d790": ["6", "org.jessies.dalvikexplorer.EnvironmentVariablesActivity"]}, {"8b6b9a77523b3a94477d5e7a9650d790": ["6", "org.jessies.dalvikexplorer.EnvironmentVariablesActivity"]}, {"8b6b9a77523b3a94477d5e7a9650d790": ["6", "org.jessies.dalvikexplorer.EnvironmentVariablesActivity"]}, {"8b6b9a77523b3a94477d5e7a9650d790": ["6", "org.jessies.dalvikexplorer.EnvironmentVariablesActivity"]}, {"8b6b9a77523b3a94477d5e7a9650d790": ["6", "org.jessies.dalvikexplorer.EnvironmentVariablesActivity"]}, {"ce977ee312ec7f44748d4c49e2e1c27a": ["5", "org.jessies.dalvikexplorer.EnvironmentVariablesActivity"]}, {"ce977ee312ec7f44748d4c49e2e1c27a": ["5", "org.jessies.dalvikexplorer.EnvironmentVariablesActivity"]}, {"8b6b9a77523b3a94477d5e7a9650d790": ["6", "org.jessies.dalvikexplorer.EnvironmentVariablesActivity"]}, {"8b6b9a77523b3a94477d5e7a9650d790": ["6", "org.jessies.dalvikexplorer.EnvironmentVariablesActivity"]}, {"8b6b9a77523b3a94477d5e7a9650d790": ["6", "org.jessies.dalvikexplorer.EnvironmentVariablesActivity"]}, {"8b6b9a77523b3a94477d5e7a9650d790": ["6", "org.jessies.dalvikexplorer.EnvironmentVariablesActivity"]}, {"8b6b9a77523b3a94477d5e7a9650d790": ["6", "org.jessies.dalvikexplorer.EnvironmentVariablesActivity"]}, {"8b6b9a77523b3a94477d5e7a9650d790": ["6", "org.jessies.dalvikexplorer.EnvironmentVariablesActivity"]}, {"8b6b9a77523b3a94477d5e7a9650d790": ["6", "org.jessies.dalvikexplorer.EnvironmentVariablesActivity"]}, {"8b6b9a77523b3a94477d5e7a9650d790": ["6", "org.jessies.dalvikexplorer.EnvironmentVariablesActivity"]}, {"8b6b9a77523b3a94477d5e7a9650d790": ["6", "org.jessies.dalvikexplorer.EnvironmentVariablesActivity"]}, {"8b6b9a77523b3a94477d5e7a9650d790": ["6", "org.jessies.dalvikexplorer.EnvironmentVariablesActivity"]}, {"8b6b9a77523b3a94477d5e7a9650d790": ["6", "org.jessies.dalvikexplorer.EnvironmentVariablesActivity"]}, {"8b6b9a77523b3a94477d5e7a9650d790": ["6", "org.jessies.dalvikexplorer.EnvironmentVariablesActivity"]}, {"8b6b9a77523b3a94477d5e7a9650d790": ["6", "org.jessies.dalvikexplorer.EnvironmentVariablesActivity"]}, {"8b6b9a77523b3a94477d5e7a9650d790": ["6", "org.jessies.dalvikexplorer.EnvironmentVariablesActivity"]}, {"8b6b9a77523b3a94477d5e7a9650d790": ["6", "org.jessies.dalvikexplorer.EnvironmentVariablesActivity"]}, {"8b6b9a77523b3a94477d5e7a9650d790": ["6", "org.jessies.dalvikexplorer.EnvironmentVariablesActivity"]}, {"8b6b9a77523b3a94477d5e7a9650d790": ["6", "org.jessies.dalvikexplorer.EnvironmentVariablesActivity"]}, {"8b6b9a77523b3a94477d5e7a9650d790": ["6", "org.jessies.dalvikexplorer.EnvironmentVariablesActivity"]}, {"8b6b9a77523b3a94477d5e7a9650d790": ["6", "org.jessies.dalvikexplorer.EnvironmentVariablesActivity"]}, {"8b6b9a77523b3a94477d5e7a9650d790": ["6", "org.jessies.dalvikexplorer.EnvironmentVariablesActivity"]}, {"8b6b9a77523b3a94477d5e7a9650d790": ["6", "org.jessies.dalvikexplorer.EnvironmentVariablesActivity"]}, {"8b6b9a77523b3a94477d5e7a9650d790": ["6", "org.jessies.dalvikexplorer.EnvironmentVariablesActivity"]}, {"8b6b9a77523b3a94477d5e7a9650d790": ["6", "org.jessies.dalvikexplorer.EnvironmentVariablesActivity"]}, {"8b6b9a77523b3a94477d5e7a9650d790": ["6", "org.jessies.dalvikexplorer.EnvironmentVariablesActivity"]}, {"ce977ee312ec7f44748d4c49e2e1c27a": ["5", "org.jessies.dalvikexplorer.EnvironmentVariablesActivity"]}, {"8b6b9a77523b3a94477d5e7a9650d790": ["6", "org.jessies.dalvikexplorer.EnvironmentVariablesActivity"]}, {"8b6b9a77523b3a94477d5e7a9650d790": ["6", "org.jessies.dalvikexplorer.EnvironmentVariablesActivity"]}, {"8b6b9a77523b3a94477d5e7a9650d790": ["6", "org.jessies.dalvikexplorer.EnvironmentVariablesActivity"]}, {"8b6b9a77523b3a94477d5e7a9650d790": ["6", "org.jessies.dalvikexplorer.EnvironmentVariablesActivity"]}, {"8b6b9a77523b3a94477d5e7a9650d790": ["6", "org.jessies.dalvikexplorer.EnvironmentVariablesActivity"]}, {"8b6b9a77523b3a94477d5e7a9650d790": ["6", "org.jessies.dalvikexplorer.EnvironmentVariablesActivity"]}, {"8b6b9a77523b3a94477d5e7a9650d790": ["6", "org.jessies.dalvikexplorer.EnvironmentVariablesActivity"]}, {"8b6b9a77523b3a94477d5e7a9650d790": ["6", "org.jessies.dalvikexplorer.EnvironmentVariablesActivity"]}, {"8b6b9a77523b3a94477d5e7a9650d790": ["6", "org.jessies.dalvikexplorer.EnvironmentVariablesActivity"]}, {"8b6b9a77523b3a94477d5e7a9650d790": ["6", "org.jessies.dalvikexplorer.EnvironmentVariablesActivity"]}, {"8b6b9a77523b3a94477d5e7a9650d790": ["6", "org.jessies.dalvikexplorer.EnvironmentVariablesActivity"]}, {"8b6b9a77523b3a94477d5e7a9650d790": ["6", "org.jessies.dalvikexplorer.EnvironmentVariablesActivity"]}, {"ce977ee312ec7f44748d4c49e2e1c27a": ["5", "org.jessies.dalvikexplorer.EnvironmentVariablesActivity"]}, {"8b6b9a77523b3a94477d5e7a9650d790": ["6", "org.jessies.dalvikexplorer.EnvironmentVariablesActivity"]}, {"8b6b9a77523b3a94477d5e7a9650d790": ["6", "org.jessies.dalvikexplorer.EnvironmentVariablesActivity"]}, {"8b6b9a77523b3a94477d5e7a9650d790": ["6", "org.jessies.dalvikexplorer.EnvironmentVariablesActivity"]}, {"8b6b9a77523b3a94477d5e7a9650d790": ["6", "org.jessies.dalvikexplorer.EnvironmentVariablesActivity"]}, {"8b6b9a77523b3a94477d5e7a9650d790": ["6", "org.jessies.dalvikexplorer.EnvironmentVariablesActivity"]}, {"8a3a2d6e5a180b067a78e12f83f16dbc": ["0", "org.jessies.dalvikexplorer.DalvikExplorerActivity"]}, {"d692aad88e7397134fbd140f93df050d": ["7", "org.jessies.dalvikexplorer.FileSystemsActivity"]}, {"a9ef03cc20d39bd3d3b029e0025ef1b4": ["8", "org.jessies.dalvikexplorer.FileSystemActivity"]}, {"a9ef03cc20d39bd3d3b029e0025ef1b4": ["8", "org.jessies.dalvikexplorer.FileSystemActivity"]}, {"a9ef03cc20d39bd3d3b029e0025ef1b4": ["8", "org.jessies.dalvikexplorer.FileSystemActivity"]}, {"c1bf26e78e0f1675ea247e64c460593e": ["9", "org.jessies.dalvikexplorer.FileViewerActivity"]}, {"0b2d501438bd8c06404184c30d116fb8": ["10", "org.jessies.dalvikexplorer.FileViewerActivity"]}, {"0b2d501438bd8c06404184c30d116fb8": ["10", "org.jessies.dalvikexplorer.FileViewerActivity"]}, {"0b2d501438bd8c06404184c30d116fb8": ["10", "org.jessies.dalvikexplorer.FileViewerActivity"]}, {"0b2d501438bd8c06404184c30d116fb8": ["10", "org.jessies.dalvikexplorer.FileViewerActivity"]}, {"0b2d501438bd8c06404184c30d116fb8": ["10", "org.jessies.dalvikexplorer.FileViewerActivity"]}, {"8a3a2d6e5a180b067a78e12f83f16dbc": ["0", "org.jessies.dalvikexplorer.DalvikExplorerActivity"]}, {"9cae5f51bf41e942705bc4665ba7456d": ["1", "org.jessies.dalvikexplorer.BuildActivity"]}, {"9cae5f51bf41e942705bc4665ba7456d": ["1", "org.jessies.dalvikexplorer.BuildActivity"]}, {"9cae5f51bf41e942705bc4665ba7456d": ["1", "org.jessies.dalvikexplorer.BuildActivity"]}, {"3be267ee24864fa47dc1290a0a9e97bb": ["2", "org.jessies.dalvikexplorer.BuildActivity"]}, {"9cae5f51bf41e942705bc4665ba7456d": ["1", "org.jessies.dalvikexplorer.BuildActivity"]}, {"9cae5f51bf41e942705bc4665ba7456d": ["1", "org.jessies.dalvikexplorer.BuildActivity"]}, {"9cae5f51bf41e942705bc4665ba7456d": ["1", "org.jessies.dalvikexplorer.BuildActivity"]}, {"9cae5f51bf41e942705bc4665ba7456d": ["1", "org.jessies.dalvikexplorer.BuildActivity"]}, {"3be267ee24864fa47dc1290a0a9e97bb": ["2", "org.jessies.dalvikexplorer.BuildActivity"]}, {"3be267ee24864fa47dc1290a0a9e97bb": ["2", "org.jessies.dalvikexplorer.BuildActivity"]}, {"3be267ee24864fa47dc1290a0a9e97bb": ["2", "org.jessies.dalvikexplorer.BuildActivity"]}, {"9cae5f51bf41e942705bc4665ba7456d": ["1", "org.jessies.dalvikexplorer.BuildActivity"]}, {"9cae5f51bf41e942705bc4665ba7456d": ["1", "org.jessies.dalvikexplorer.BuildActivity"]}, {"3be267ee24864fa47dc1290a0a9e97bb": ["2", "org.jessies.dalvikexplorer.BuildActivity"]}, {"3be267ee24864fa47dc1290a0a9e97bb": ["2", "org.jessies.dalvikexplorer.BuildActivity"]}, {"3be267ee24864fa47dc1290a0a9e97bb": ["2", "org.jessies.dalvikexplorer.BuildActivity"]}, {"3be267ee24864fa47dc1290a0a9e97bb": ["2", "org.jessies.dalvikexplorer.BuildActivity"]}, {"3be267ee24864fa47dc1290a0a9e97bb": ["2", "org.jessies.dalvikexplorer.BuildActivity"]}, {"3be267ee24864fa47dc1290a0a9e97bb": ["2", "org.jessies.dalvikexplorer.BuildActivity"]}, {"3be267ee24864fa47dc1290a0a9e97bb": ["2", "org.jessies.dalvikexplorer.BuildActivity"]}, {"3be267ee24864fa47dc1290a0a9e97bb": ["2", "org.jessies.dalvikexplorer.BuildActivity"]}, {"3be267ee24864fa47dc1290a0a9e97bb": ["2", "org.jessies.dalvikexplorer.BuildActivity"]}, {"3be267ee24864fa47dc1290a0a9e97bb": ["2", "org.jessies.dalvikexplorer.BuildActivity"]}, {"3be267ee24864fa47dc1290a0a9e97bb": ["2", "org.jessies.dalvikexplorer.BuildActivity"]}, {"3be267ee24864fa47dc1290a0a9e97bb": ["2", "org.jessies.dalvikexplorer.BuildActivity"]}, {"3be267ee24864fa47dc1290a0a9e97bb": ["2", "org.jessies.dalvikexplorer.BuildActivity"]}, {"3be267ee24864fa47dc1290a0a9e97bb": ["2", "org.jessies.dalvikexplorer.BuildActivity"]}, {"3be267ee24864fa47dc1290a0a9e97bb": ["2", "org.jessies.dalvikexplorer.BuildActivity"]}, {"3be267ee24864fa47dc1290a0a9e97bb": ["2", "org.jessies.dalvikexplorer.BuildActivity"]}, {"3be267ee24864fa47dc1290a0a9e97bb": ["2", "org.jessies.dalvikexplorer.BuildActivity"]}, {"3be267ee24864fa47dc1290a0a9e97bb": ["2", "org.jessies.dalvikexplorer.BuildActivity"]}, {"3be267ee24864fa47dc1290a0a9e97bb": ["2", "org.jessies.dalvikexplorer.BuildActivity"]}, {"3be267ee24864fa47dc1290a0a9e97bb": ["2", "org.jessies.dalvikexplorer.BuildActivity"]}, {"3be267ee24864fa47dc1290a0a9e97bb": ["2", "org.jessies.dalvikexplorer.BuildActivity"]}, {"3be267ee24864fa47dc1290a0a9e97bb": ["2", "org.jessies.dalvikexplorer.BuildActivity"]}, {"9cae5f51bf41e942705bc4665ba7456d": ["1", "org.jessies.dalvikexplorer.BuildActivity"]}, {"3be267ee24864fa47dc1290a0a9e97bb": ["2", "org.jessies.dalvikexplorer.BuildActivity"]}, {"3be267ee24864fa47dc1290a0a9e97bb": ["2", "org.jessies.dalvikexplorer.BuildActivity"]}, {"3be267ee24864fa47dc1290a0a9e97bb": ["2", "org.jessies.dalvikexplorer.BuildActivity"]}, {"3be267ee24864fa47dc1290a0a9e97bb": ["2", "org.jessies.dalvikexplorer.BuildActivity"]}, {"3be267ee24864fa47dc1290a0a9e97bb": ["2", "org.jessies.dalvikexplorer.BuildActivity"]}, {"3be267ee24864fa47dc1290a0a9e97bb": ["2", "org.jessies.dalvikexplorer.BuildActivity"]}, {"3be267ee24864fa47dc1290a0a9e97bb": ["2", "org.jessies.dalvikexplorer.BuildActivity"]}, {"3be267ee24864fa47dc1290a0a9e97bb": ["2", "org.jessies.dalvikexplorer.BuildActivity"]}, {"3be267ee24864fa47dc1290a0a9e97bb": ["2", "org.jessies.dalvikexplorer.BuildActivity"]}, {"3be267ee24864fa47dc1290a0a9e97bb": ["2", "org.jessies.dalvikexplorer.BuildActivity"]}, {"3be267ee24864fa47dc1290a0a9e97bb": ["2", "org.jessies.dalvikexplorer.BuildActivity"]}, {"3be267ee24864fa47dc1290a0a9e97bb": ["2", "org.jessies.dalvikexplorer.BuildActivity"]}, {"3be267ee24864fa47dc1290a0a9e97bb": ["2", "org.jessies.dalvikexplorer.BuildActivity"]}, {"3be267ee24864fa47dc1290a0a9e97bb": ["2", "org.jessies.dalvikexplorer.BuildActivity"]}, {"3be267ee24864fa47dc1290a0a9e97bb": ["2", "org.jessies.dalvikexplorer.BuildActivity"]}, {"3be267ee24864fa47dc1290a0a9e97bb": ["2", "org.jessies.dalvikexplorer.BuildActivity"]}, {"3be267ee24864fa47dc1290a0a9e97bb": ["2", "org.jessies.dalvikexplorer.BuildActivity"]}, {"3be267ee24864fa47dc1290a0a9e97bb": ["2", "org.jessies.dalvikexplorer.BuildActivity"]}, {"3be267ee24864fa47dc1290a0a9e97bb": ["2", "org.jessies.dalvikexplorer.BuildActivity"]}, {"3be267ee24864fa47dc1290a0a9e97bb": ["2", "org.jessies.dalvikexplorer.BuildActivity"]}, {"3be267ee24864fa47dc1290a0a9e97bb": ["2", "org.jessies.dalvikexplorer.BuildActivity"]}, {"3be267ee24864fa47dc1290a0a9e97bb": ["2", "org.jessies.dalvikexplorer.BuildActivity"]}, {"3be267ee24864fa47dc1290a0a9e97bb": ["2", "org.jessies.dalvikexplorer.BuildActivity"]}, {"3be267ee24864fa47dc1290a0a9e97bb": ["2", "org.jessies.dalvikexplorer.BuildActivity"]}, {"3be267ee24864fa47dc1290a0a9e97bb": ["2", "org.jessies.dalvikexplorer.BuildActivity"]}, {"9cae5f51bf41e942705bc4665ba7456d": ["1", "org.jessies.dalvikexplorer.BuildActivity"]}, {"9cae5f51bf41e942705bc4665ba7456d": ["1", "org.jessies.dalvikexplorer.BuildActivity"]}, {"3be267ee24864fa47dc1290a0a9e97bb": ["2", "org.jessies.dalvikexplorer.BuildActivity"]}, {"3be267ee24864fa47dc1290a0a9e97bb": ["2", "org.jessies.dalvikexplorer.BuildActivity"]}, {"3be267ee24864fa47dc1290a0a9e97bb": ["2", "org.jessies.dalvikexplorer.BuildActivity"]}, {"3be267ee24864fa47dc1290a0a9e97bb": ["2", "org.jessies.dalvikexplorer.BuildActivity"]}, {"3be267ee24864fa47dc1290a0a9e97bb": ["2", "org.jessies.dalvikexplorer.BuildActivity"]}, {"3be267ee24864fa47dc1290a0a9e97bb": ["2", "org.jessies.dalvikexplorer.BuildActivity"]}, {"3be267ee24864fa47dc1290a0a9e97bb": ["2", "org.jessies.dalvikexplorer.BuildActivity"]}, {"3be267ee24864fa47dc1290a0a9e97bb": ["2", "org.jessies.dalvikexplorer.BuildActivity"]}, {"3be267ee24864fa47dc1290a0a9e97bb": ["2", "org.jessies.dalvikexplorer.BuildActivity"]}, {"3be267ee24864fa47dc1290a0a9e97bb": ["2", "org.jessies.dalvikexplorer.BuildActivity"]}, {"9cae5f51bf41e942705bc4665ba7456d": ["1", "org.jessies.dalvikexplorer.BuildActivity"]}, {"9cae5f51bf41e942705bc4665ba7456d": ["1", "org.jessies.dalvikexplorer.BuildActivity"]}, {"3be267ee24864fa47dc1290a0a9e97bb": ["2", "org.jessies.dalvikexplorer.BuildActivity"]}, {"3be267ee24864fa47dc1290a0a9e97bb": ["2", "org.jessies.dalvikexplorer.BuildActivity"]}, {"3be267ee24864fa47dc1290a0a9e97bb": ["2", "org.jessies.dalvikexplorer.BuildActivity"]}, {"3be267ee24864fa47dc1290a0a9e97bb": ["2", "org.jessies.dalvikexplorer.BuildActivity"]}, {"3be267ee24864fa47dc1290a0a9e97bb": ["2", "org.jessies.dalvikexplorer.BuildActivity"]}, {"3be267ee24864fa47dc1290a0a9e97bb": ["2", "org.jessies.dalvikexplorer.BuildActivity"]}, {"3be267ee24864fa47dc1290a0a9e97bb": ["2", "org.jessies.dalvikexplorer.BuildActivity"]}, {"3be267ee24864fa47dc1290a0a9e97bb": ["2", "org.jessies.dalvikexplorer.BuildActivity"]}, {"8a3a2d6e5a180b067a78e12f83f16dbc": ["0", "org.jessies.dalvikexplorer.DalvikExplorerActivity"]}, {"1e9c5143fa6e2dc3fc7002d541aa9d92": ["21", "org.jessies.dalvikexplorer.LocalesActivity"]}, {"64e744244de8d121fe62e50de0306f7f": ["31", "org.jessies.dalvikexplorer.LocaleActivity"]}, {"64e744244de8d121fe62e50de0306f7f": ["31", "org.jessies.dalvikexplorer.LocaleActivity"]}, {"5a90463126c0b22f759453b6eba3ca09": ["32", "org.jessies.dalvikexplorer.LocaleActivity"]}, {"5a90463126c0b22f759453b6eba3ca09": ["32", "org.jessies.dalvikexplorer.LocaleActivity"]}, {"5a90463126c0b22f759453b6eba3ca09": ["32", "org.jessies.dalvikexplorer.LocaleActivity"]}, {"5a90463126c0b22f759453b6eba3ca09": ["32", "org.jessies.dalvikexplorer.LocaleActivity"]}, {"5a90463126c0b22f759453b6eba3ca09": ["32", "org.jessies.dalvikexplorer.LocaleActivity"]}, {"5a90463126c0b22f759453b6eba3ca09": ["32", "org.jessies.dalvikexplorer.LocaleActivity"]}, {"5a90463126c0b22f759453b6eba3ca09": ["32", "org.jessies.dalvikexplorer.LocaleActivity"]}, {"5a90463126c0b22f759453b6eba3ca09": ["32", "org.jessies.dalvikexplorer.LocaleActivity"]}, {"64e744244de8d121fe62e50de0306f7f": ["31", "org.jessies.dalvikexplorer.LocaleActivity"]}, {"64e744244de8d121fe62e50de0306f7f": ["31", "org.jessies.dalvikexplorer.LocaleActivity"]}, {"5a90463126c0b22f759453b6eba3ca09": ["32", "org.jessies.dalvikexplorer.LocaleActivity"]}, {"5a90463126c0b22f759453b6eba3ca09": ["32", "org.jessies.dalvikexplorer.LocaleActivity"]}, {"5a90463126c0b22f759453b6eba3ca09": ["32", "org.jessies.dalvikexplorer.LocaleActivity"]}, {"5a90463126c0b22f759453b6eba3ca09": ["32", "org.jessies.dalvikexplorer.LocaleActivity"]}, {"5a90463126c0b22f759453b6eba3ca09": ["32", "org.jessies.dalvikexplorer.LocaleActivity"]}, {"5a90463126c0b22f759453b6eba3ca09": ["32", "org.jessies.dalvikexplorer.LocaleActivity"]}, {"5a90463126c0b22f759453b6eba3ca09": ["32", "org.jessies.dalvikexplorer.LocaleActivity"]}, {"5a90463126c0b22f759453b6eba3ca09": ["32", "org.jessies.dalvikexplorer.LocaleActivity"]}, {"5a90463126c0b22f759453b6eba3ca09": ["32", "org.jessies.dalvikexplorer.LocaleActivity"]}, {"5a90463126c0b22f759453b6eba3ca09": ["32", "org.jessies.dalvikexplorer.LocaleActivity"]}, {"5a90463126c0b22f759453b6eba3ca09": ["32", "org.jessies.dalvikexplorer.LocaleActivity"]}, {"5a90463126c0b22f759453b6eba3ca09": ["32", "org.jessies.dalvikexplorer.LocaleActivity"]}]