[{"212d8f893224514b839156b7a77629ff": ["2", "de.homac.Mirrored.ArticlesList"]}, {"212d8f893224514b839156b7a77629ff": ["2", "de.homac.Mirrored.ArticlesList"]}, {"212d8f893224514b839156b7a77629ff": ["2", "de.homac.Mirrored.ArticlesList"]}, {"212d8f893224514b839156b7a77629ff": ["2", "de.homac.Mirrored.ArticlesList"]}, {"212d8f893224514b839156b7a77629ff": ["2", "de.homac.Mirrored.ArticlesList"]}, {"212d8f893224514b839156b7a77629ff": ["2", "de.homac.Mirrored.ArticlesList"]}, {"212d8f893224514b839156b7a77629ff": ["2", "de.homac.Mirrored.ArticlesList"]}, {"212d8f893224514b839156b7a77629ff": ["2", "de.homac.Mirrored.ArticlesList"]}, {"212d8f893224514b839156b7a77629ff": ["2", "de.homac.Mirrored.ArticlesList"]}, {"212d8f893224514b839156b7a77629ff": ["2", "de.homac.Mirrored.ArticlesList"]}, {"212d8f893224514b839156b7a77629ff": ["2", "de.homac.Mirrored.ArticlesList"]}, {"212d8f893224514b839156b7a77629ff": ["2", "de.homac.Mirrored.ArticlesList"]}, {"212d8f893224514b839156b7a77629ff": ["2", "de.homac.Mirrored.ArticlesList"]}, {"212d8f893224514b839156b7a77629ff": ["2", "de.homac.Mirrored.ArticlesList"]}, {"212d8f893224514b839156b7a77629ff": ["2", "de.homac.Mirrored.ArticlesList"]}, {"212d8f893224514b839156b7a77629ff": ["2", "de.homac.Mirrored.ArticlesList"]}, {"212d8f893224514b839156b7a77629ff": ["2", "de.homac.Mirrored.ArticlesList"]}, {"212d8f893224514b839156b7a77629ff": ["2", "de.homac.Mirrored.ArticlesList"]}, {"212d8f893224514b839156b7a77629ff": ["2", "de.homac.Mirrored.ArticlesList"]}, {"212d8f893224514b839156b7a77629ff": ["2", "de.homac.Mirrored.ArticlesList"]}, {"212d8f893224514b839156b7a77629ff": ["2", "de.homac.Mirrored.ArticlesList"]}, {"212d8f893224514b839156b7a77629ff": ["2", "de.homac.Mirrored.ArticlesList"]}, {"212d8f893224514b839156b7a77629ff": ["2", "de.homac.Mirrored.ArticlesList"]}, {"212d8f893224514b839156b7a77629ff": ["2", "de.homac.Mirrored.ArticlesList"]}, {"212d8f893224514b839156b7a77629ff": ["2", "de.homac.Mirrored.ArticlesList"]}, {"212d8f893224514b839156b7a77629ff": ["2", "de.homac.Mirrored.ArticlesList"]}, {"212d8f893224514b839156b7a77629ff": ["2", "de.homac.Mirrored.ArticlesList"]}, {"212d8f893224514b839156b7a77629ff": ["2", "de.homac.Mirrored.ArticlesList"]}, {"212d8f893224514b839156b7a77629ff": ["2", "de.homac.Mirrored.ArticlesList"]}, {"212d8f893224514b839156b7a77629ff": ["2", "de.homac.Mirrored.ArticlesList"]}, {"212d8f893224514b839156b7a77629ff": ["2", "de.homac.Mirrored.ArticlesList"]}, {"212d8f893224514b839156b7a77629ff": ["2", "de.homac.Mirrored.ArticlesList"]}, {"212d8f893224514b839156b7a77629ff": ["2", "de.homac.Mirrored.ArticlesList"]}, {"212d8f893224514b839156b7a77629ff": ["2", "de.homac.Mirrored.ArticlesList"]}, {"212d8f893224514b839156b7a77629ff": ["2", "de.homac.Mirrored.ArticlesList"]}, {"212d8f893224514b839156b7a77629ff": ["2", "de.homac.Mirrored.ArticlesList"]}, {"212d8f893224514b839156b7a77629ff": ["2", "de.homac.Mirrored.ArticlesList"]}, {"212d8f893224514b839156b7a77629ff": ["2", "de.homac.Mirrored.ArticlesList"]}, {"212d8f893224514b839156b7a77629ff": ["2", "de.homac.Mirrored.ArticlesList"]}, {"212d8f893224514b839156b7a77629ff": ["2", "de.homac.Mirrored.ArticlesList"]}, {"212d8f893224514b839156b7a77629ff": ["2", "de.homac.Mirrored.ArticlesList"]}, {"212d8f893224514b839156b7a77629ff": ["2", "de.homac.Mirrored.ArticlesList"]}, {"212d8f893224514b839156b7a77629ff": ["2", "de.homac.Mirrored.ArticlesList"]}, {"212d8f893224514b839156b7a77629ff": ["2", "de.homac.Mirrored.ArticlesList"]}, {"212d8f893224514b839156b7a77629ff": ["2", "de.homac.Mirrored.ArticlesList"]}, {"212d8f893224514b839156b7a77629ff": ["2", "de.homac.Mirrored.ArticlesList"]}, {"212d8f893224514b839156b7a77629ff": ["2", "de.homac.Mirrored.ArticlesList"]}, {"212d8f893224514b839156b7a77629ff": ["2", "de.homac.Mirrored.ArticlesList"]}, {"212d8f893224514b839156b7a77629ff": ["2", "de.homac.Mirrored.ArticlesList"]}, {"212d8f893224514b839156b7a77629ff": ["2", "de.homac.Mirrored.ArticlesList"]}, {"212d8f893224514b839156b7a77629ff": ["2", "de.homac.Mirrored.ArticlesList"]}, {"212d8f893224514b839156b7a77629ff": ["2", "de.homac.Mirrored.ArticlesList"]}, {"212d8f893224514b839156b7a77629ff": ["2", "de.homac.Mirrored.ArticlesList"]}, {"212d8f893224514b839156b7a77629ff": ["2", "de.homac.Mirrored.ArticlesList"]}, {"212d8f893224514b839156b7a77629ff": ["2", "de.homac.Mirrored.ArticlesList"]}, {"212d8f893224514b839156b7a77629ff": ["2", "de.homac.Mirrored.ArticlesList"]}, {"212d8f893224514b839156b7a77629ff": ["2", "de.homac.Mirrored.ArticlesList"]}, {"212d8f893224514b839156b7a77629ff": ["2", "de.homac.Mirrored.ArticlesList"]}, {"212d8f893224514b839156b7a77629ff": ["2", "de.homac.Mirrored.ArticlesList"]}]