[{"1ccb6290ea98bb94f0a12dd60214fff3": ["0", "org.totschnig.myexpenses.MyExpenses"]}, {"1ccb6290ea98bb94f0a12dd60214fff3": ["0", "org.totschnig.myexpenses.MyExpenses"]}, {"008d02c1066036047d3b8c7696fde555": ["1", "org.totschnig.myexpenses.MyExpenses"]}, {"008d02c1066036047d3b8c7696fde555": ["1", "org.totschnig.myexpenses.MyExpenses"]}, {"008d02c1066036047d3b8c7696fde555": ["1", "org.totschnig.myexpenses.MyExpenses"]}, {"1ccb6290ea98bb94f0a12dd60214fff3": ["0", "org.totschnig.myexpenses.MyExpenses"]}, {"1ccb6290ea98bb94f0a12dd60214fff3": ["0", "org.totschnig.myexpenses.MyExpenses"]}, {"e763e522d0802568a86f8189a3e41547": ["23", "org.totschnig.myexpenses.MyExpenses"]}, {"1ccb6290ea98bb94f0a12dd60214fff3": ["0", "org.totschnig.myexpenses.MyExpenses"]}, {"1ccb6290ea98bb94f0a12dd60214fff3": ["0", "org.totschnig.myexpenses.MyExpenses"]}, {"e763e522d0802568a86f8189a3e41547": ["23", "org.totschnig.myexpenses.MyExpenses"]}, {"a2c23685dc5817b9feb60b486758f25e": ["10", "org.totschnig.myexpenses.AccountEdit"]}, {"a2c23685dc5817b9feb60b486758f25e": ["10", "org.totschnig.myexpenses.AccountEdit"]}, {"a2c23685dc5817b9feb60b486758f25e": ["10", "org.totschnig.myexpenses.AccountEdit"]}, {"a2c23685dc5817b9feb60b486758f25e": ["10", "org.totschnig.myexpenses.AccountEdit"]}, {"8b84c9991ecfefd8cde43bb67f673e1b": ["11", "org.totschnig.myexpenses.AccountEdit"]}, {"a2c23685dc5817b9feb60b486758f25e": ["10", "org.totschnig.myexpenses.AccountEdit"]}, {"c178379772d3bcd3f448c7c4b65f8861": ["12", "org.totschnig.myexpenses.AccountEdit"]}, {"a2c23685dc5817b9feb60b486758f25e": ["10", "org.totschnig.myexpenses.AccountEdit"]}, {"a2c23685dc5817b9feb60b486758f25e": ["10", "org.totschnig.myexpenses.AccountEdit"]}, {"a2c23685dc5817b9feb60b486758f25e": ["10", "org.totschnig.myexpenses.AccountEdit"]}, {"a2c23685dc5817b9feb60b486758f25e": ["10", "org.totschnig.myexpenses.AccountEdit"]}, {"a2c23685dc5817b9feb60b486758f25e": ["10", "org.totschnig.myexpenses.AccountEdit"]}, {"a2c23685dc5817b9feb60b486758f25e": ["10", "org.totschnig.myexpenses.AccountEdit"]}, {"1ccb6290ea98bb94f0a12dd60214fff3": ["0", "org.totschnig.myexpenses.MyExpenses"]}, {"9e928143021f76b00f0d04d39e3c9a75": ["22", "org.totschnig.myexpenses.MyExpenses"]}, {"9e928143021f76b00f0d04d39e3c9a75": ["22", "org.totschnig.myexpenses.MyExpenses"]}, {"9e928143021f76b00f0d04d39e3c9a75": ["22", "org.totschnig.myexpenses.MyExpenses"]}, {"9e928143021f76b00f0d04d39e3c9a75": ["22", "org.totschnig.myexpenses.MyExpenses"]}, {"9e928143021f76b00f0d04d39e3c9a75": ["22", "org.totschnig.myexpenses.MyExpenses"]}, {"aefc47f1db0f236a1988302218abaef9": ["42", "org.totschnig.myexpenses.Backup"]}, {"1ccb6290ea98bb94f0a12dd60214fff3": ["0", "org.totschnig.myexpenses.MyExpenses"]}, {"1ccb6290ea98bb94f0a12dd60214fff3": ["0", "org.totschnig.myexpenses.MyExpenses"]}, {"9e928143021f76b00f0d04d39e3c9a75": ["22", "org.totschnig.myexpenses.MyExpenses"]}, {"a2c23685dc5817b9feb60b486758f25e": ["10", "org.totschnig.myexpenses.AccountEdit"]}, {"a2c23685dc5817b9feb60b486758f25e": ["10", "org.totschnig.myexpenses.AccountEdit"]}, {"a2c23685dc5817b9feb60b486758f25e": ["10", "org.totschnig.myexpenses.AccountEdit"]}, {"a2c23685dc5817b9feb60b486758f25e": ["10", "org.totschnig.myexpenses.AccountEdit"]}, {"8b84c9991ecfefd8cde43bb67f673e1b": ["11", "org.totschnig.myexpenses.AccountEdit"]}, {"a2c23685dc5817b9feb60b486758f25e": ["10", "org.totschnig.myexpenses.AccountEdit"]}, {"a2c23685dc5817b9feb60b486758f25e": ["10", "org.totschnig.myexpenses.AccountEdit"]}, {"c178379772d3bcd3f448c7c4b65f8861": ["12", "org.totschnig.myexpenses.AccountEdit"]}, {"a2c23685dc5817b9feb60b486758f25e": ["10", "org.totschnig.myexpenses.AccountEdit"]}, {"a2c23685dc5817b9feb60b486758f25e": ["10", "org.totschnig.myexpenses.AccountEdit"]}, {"1ccb6290ea98bb94f0a12dd60214fff3": ["0", "org.totschnig.myexpenses.MyExpenses"]}, {"9e928143021f76b00f0d04d39e3c9a75": ["22", "org.totschnig.myexpenses.MyExpenses"]}, {"aefc47f1db0f236a1988302218abaef9": ["42", "org.totschnig.myexpenses.Backup"]}, {"1ccb6290ea98bb94f0a12dd60214fff3": ["0", "org.totschnig.myexpenses.MyExpenses"]}, {"9e928143021f76b00f0d04d39e3c9a75": ["22", "org.totschnig.myexpenses.MyExpenses"]}, {"9e928143021f76b00f0d04d39e3c9a75": ["22", "org.totschnig.myexpenses.MyExpenses"]}, {"9e928143021f76b00f0d04d39e3c9a75": ["22", "org.totschnig.myexpenses.MyExpenses"]}, {"9e928143021f76b00f0d04d39e3c9a75": ["22", "org.totschnig.myexpenses.MyExpenses"]}, {"1ccb6290ea98bb94f0a12dd60214fff3": ["0", "org.totschnig.myexpenses.MyExpenses"]}, {"e763e522d0802568a86f8189a3e41547": ["23", "org.totschnig.myexpenses.MyExpenses"]}, {"1ccb6290ea98bb94f0a12dd60214fff3": ["0", "org.totschnig.myexpenses.MyExpenses"]}, {"1ccb6290ea98bb94f0a12dd60214fff3": ["0", "org.totschnig.myexpenses.MyExpenses"]}, {"9e928143021f76b00f0d04d39e3c9a75": ["22", "org.totschnig.myexpenses.MyExpenses"]}, {"9e928143021f76b00f0d04d39e3c9a75": ["22", "org.totschnig.myexpenses.MyExpenses"]}, {"aefc47f1db0f236a1988302218abaef9": ["42", "org.totschnig.myexpenses.Backup"]}, {"1ccb6290ea98bb94f0a12dd60214fff3": ["0", "org.totschnig.myexpenses.MyExpenses"]}, {"e763e522d0802568a86f8189a3e41547": ["23", "org.totschnig.myexpenses.MyExpenses"]}, {"1ccb6290ea98bb94f0a12dd60214fff3": ["0", "org.totschnig.myexpenses.MyExpenses"]}, {"b1eba837f742351413810e756c8edeae": ["8", "org.totschnig.myexpenses.MyPreferenceActivity"]}, {"e87d6f680036de5f3a809cecb5e34ba2": ["9", "org.totschnig.myexpenses.ManageAccounts"]}, {"e87d6f680036de5f3a809cecb5e34ba2": ["9", "org.totschnig.myexpenses.ManageAccounts"]}, {"a2c23685dc5817b9feb60b486758f25e": ["10", "org.totschnig.myexpenses.AccountEdit"]}, {"a2c23685dc5817b9feb60b486758f25e": ["10", "org.totschnig.myexpenses.AccountEdit"]}, {"a2c23685dc5817b9feb60b486758f25e": ["10", "org.totschnig.myexpenses.AccountEdit"]}, {"a2c23685dc5817b9feb60b486758f25e": ["10", "org.totschnig.myexpenses.AccountEdit"]}, {"a2c23685dc5817b9feb60b486758f25e": ["10", "org.totschnig.myexpenses.AccountEdit"]}, {"a2c23685dc5817b9feb60b486758f25e": ["10", "org.totschnig.myexpenses.AccountEdit"]}, {"c178379772d3bcd3f448c7c4b65f8861": ["12", "org.totschnig.myexpenses.AccountEdit"]}, {"a2c23685dc5817b9feb60b486758f25e": ["10", "org.totschnig.myexpenses.AccountEdit"]}, {"a2c23685dc5817b9feb60b486758f25e": ["10", "org.totschnig.myexpenses.AccountEdit"]}, {"a2c23685dc5817b9feb60b486758f25e": ["10", "org.totschnig.myexpenses.AccountEdit"]}, {"a2c23685dc5817b9feb60b486758f25e": ["10", "org.totschnig.myexpenses.AccountEdit"]}, {"a2c23685dc5817b9feb60b486758f25e": ["10", "org.totschnig.myexpenses.AccountEdit"]}, {"e87d6f680036de5f3a809cecb5e34ba2": ["9", "org.totschnig.myexpenses.ManageAccounts"]}, {"a2c23685dc5817b9feb60b486758f25e": ["10", "org.totschnig.myexpenses.AccountEdit"]}, {"a2c23685dc5817b9feb60b486758f25e": ["10", "org.totschnig.myexpenses.AccountEdit"]}, {"e87d6f680036de5f3a809cecb5e34ba2": ["9", "org.totschnig.myexpenses.ManageAccounts"]}, {"a2c23685dc5817b9feb60b486758f25e": ["10", "org.totschnig.myexpenses.AccountEdit"]}, {"a2c23685dc5817b9feb60b486758f25e": ["10", "org.totschnig.myexpenses.AccountEdit"]}, {"a2c23685dc5817b9feb60b486758f25e": ["10", "org.totschnig.myexpenses.AccountEdit"]}, {"a2c23685dc5817b9feb60b486758f25e": ["10", "org.totschnig.myexpenses.AccountEdit"]}, {"c178379772d3bcd3f448c7c4b65f8861": ["12", "org.totschnig.myexpenses.AccountEdit"]}, {"a2c23685dc5817b9feb60b486758f25e": ["10", "org.totschnig.myexpenses.AccountEdit"]}, {"b1eba837f742351413810e756c8edeae": ["8", "org.totschnig.myexpenses.MyPreferenceActivity"]}, {"e87d6f680036de5f3a809cecb5e34ba2": ["9", "org.totschnig.myexpenses.ManageAccounts"]}, {"e87d6f680036de5f3a809cecb5e34ba2": ["9", "org.totschnig.myexpenses.ManageAccounts"]}, {"a2c23685dc5817b9feb60b486758f25e": ["10", "org.totschnig.myexpenses.AccountEdit"]}, {"a2c23685dc5817b9feb60b486758f25e": ["10", "org.totschnig.myexpenses.AccountEdit"]}, {"a2c23685dc5817b9feb60b486758f25e": ["10", "org.totschnig.myexpenses.AccountEdit"]}, {"a2c23685dc5817b9feb60b486758f25e": ["10", "org.totschnig.myexpenses.AccountEdit"]}, {"a2c23685dc5817b9feb60b486758f25e": ["10", "org.totschnig.myexpenses.AccountEdit"]}, {"a2c23685dc5817b9feb60b486758f25e": ["10", "org.totschnig.myexpenses.AccountEdit"]}, {"a2c23685dc5817b9feb60b486758f25e": ["10", "org.totschnig.myexpenses.AccountEdit"]}, {"a2c23685dc5817b9feb60b486758f25e": ["10", "org.totschnig.myexpenses.AccountEdit"]}, {"a2c23685dc5817b9feb60b486758f25e": ["10", "org.totschnig.myexpenses.AccountEdit"]}, {"a2c23685dc5817b9feb60b486758f25e": ["10", "org.totschnig.myexpenses.AccountEdit"]}, {"a2c23685dc5817b9feb60b486758f25e": ["10", "org.totschnig.myexpenses.AccountEdit"]}, {"a2c23685dc5817b9feb60b486758f25e": ["10", "org.totschnig.myexpenses.AccountEdit"]}, {"a2c23685dc5817b9feb60b486758f25e": ["10", "org.totschnig.myexpenses.AccountEdit"]}, {"a2c23685dc5817b9feb60b486758f25e": ["10", "org.totschnig.myexpenses.AccountEdit"]}, {"a2c23685dc5817b9feb60b486758f25e": ["10", "org.totschnig.myexpenses.AccountEdit"]}, {"a2c23685dc5817b9feb60b486758f25e": ["10", "org.totschnig.myexpenses.AccountEdit"]}, {"a2c23685dc5817b9feb60b486758f25e": ["10", "org.totschnig.myexpenses.AccountEdit"]}, {"a2c23685dc5817b9feb60b486758f25e": ["10", "org.totschnig.myexpenses.AccountEdit"]}, {"a2c23685dc5817b9feb60b486758f25e": ["10", "org.totschnig.myexpenses.AccountEdit"]}, {"a2c23685dc5817b9feb60b486758f25e": ["10", "org.totschnig.myexpenses.AccountEdit"]}, {"a2c23685dc5817b9feb60b486758f25e": ["10", "org.totschnig.myexpenses.AccountEdit"]}, {"a2c23685dc5817b9feb60b486758f25e": ["10", "org.totschnig.myexpenses.AccountEdit"]}, {"a2c23685dc5817b9feb60b486758f25e": ["10", "org.totschnig.myexpenses.AccountEdit"]}, {"e87d6f680036de5f3a809cecb5e34ba2": ["9", "org.totschnig.myexpenses.ManageAccounts"]}, {"e87d6f680036de5f3a809cecb5e34ba2": ["9", "org.totschnig.myexpenses.ManageAccounts"]}, {"a2c23685dc5817b9feb60b486758f25e": ["10", "org.totschnig.myexpenses.AccountEdit"]}, {"a2c23685dc5817b9feb60b486758f25e": ["10", "org.totschnig.myexpenses.AccountEdit"]}, {"a2c23685dc5817b9feb60b486758f25e": ["10", "org.totschnig.myexpenses.AccountEdit"]}, {"a2c23685dc5817b9feb60b486758f25e": ["10", "org.totschnig.myexpenses.AccountEdit"]}, {"a2c23685dc5817b9feb60b486758f25e": ["10", "org.totschnig.myexpenses.AccountEdit"]}, {"e87d6f680036de5f3a809cecb5e34ba2": ["9", "org.totschnig.myexpenses.ManageAccounts"]}, {"e87d6f680036de5f3a809cecb5e34ba2": ["9", "org.totschnig.myexpenses.ManageAccounts"]}, {"a2c23685dc5817b9feb60b486758f25e": ["10", "org.totschnig.myexpenses.AccountEdit"]}, {"1ccb6290ea98bb94f0a12dd60214fff3": ["0", "org.totschnig.myexpenses.MyExpenses"]}, {"e763e522d0802568a86f8189a3e41547": ["23", "org.totschnig.myexpenses.MyExpenses"]}, {"a2c23685dc5817b9feb60b486758f25e": ["10", "org.totschnig.myexpenses.AccountEdit"]}, {"8b84c9991ecfefd8cde43bb67f673e1b": ["11", "org.totschnig.myexpenses.AccountEdit"]}, {"a2c23685dc5817b9feb60b486758f25e": ["10", "org.totschnig.myexpenses.AccountEdit"]}, {"c178379772d3bcd3f448c7c4b65f8861": ["12", "org.totschnig.myexpenses.AccountEdit"]}, {"a2c23685dc5817b9feb60b486758f25e": ["10", "org.totschnig.myexpenses.AccountEdit"]}, {"a2c23685dc5817b9feb60b486758f25e": ["10", "org.totschnig.myexpenses.AccountEdit"]}, {"1ccb6290ea98bb94f0a12dd60214fff3": ["0", "org.totschnig.myexpenses.MyExpenses"]}, {"833793e9aefa8385043f671cb5eeb4b4": ["13", "org.totschnig.myexpenses.MyExpenses"]}, {"a2c23685dc5817b9feb60b486758f25e": ["10", "org.totschnig.myexpenses.AccountEdit"]}, {"a2c23685dc5817b9feb60b486758f25e": ["10", "org.totschnig.myexpenses.AccountEdit"]}, {"1ccb6290ea98bb94f0a12dd60214fff3": ["0", "org.totschnig.myexpenses.MyExpenses"]}, {"e763e522d0802568a86f8189a3e41547": ["23", "org.totschnig.myexpenses.MyExpenses"]}, {"1ccb6290ea98bb94f0a12dd60214fff3": ["0", "org.totschnig.myexpenses.MyExpenses"]}, {"833793e9aefa8385043f671cb5eeb4b4": ["13", "org.totschnig.myexpenses.MyExpenses"]}, {"e87d6f680036de5f3a809cecb5e34ba2": ["9", "org.totschnig.myexpenses.ManageAccounts"]}, {"a2c23685dc5817b9feb60b486758f25e": ["10", "org.totschnig.myexpenses.AccountEdit"]}, {"e87d6f680036de5f3a809cecb5e34ba2": ["9", "org.totschnig.myexpenses.ManageAccounts"]}, {"a2c23685dc5817b9feb60b486758f25e": ["10", "org.totschnig.myexpenses.AccountEdit"]}, {"a2c23685dc5817b9feb60b486758f25e": ["10", "org.totschnig.myexpenses.AccountEdit"]}, {"a2c23685dc5817b9feb60b486758f25e": ["10", "org.totschnig.myexpenses.AccountEdit"]}, {"c178379772d3bcd3f448c7c4b65f8861": ["12", "org.totschnig.myexpenses.AccountEdit"]}, {"a2c23685dc5817b9feb60b486758f25e": ["10", "org.totschnig.myexpenses.AccountEdit"]}, {"8b84c9991ecfefd8cde43bb67f673e1b": ["11", "org.totschnig.myexpenses.AccountEdit"]}, {"a2c23685dc5817b9feb60b486758f25e": ["10", "org.totschnig.myexpenses.AccountEdit"]}, {"a2c23685dc5817b9feb60b486758f25e": ["10", "org.totschnig.myexpenses.AccountEdit"]}, {"a2c23685dc5817b9feb60b486758f25e": ["10", "org.totschnig.myexpenses.AccountEdit"]}, {"a2c23685dc5817b9feb60b486758f25e": ["10", "org.totschnig.myexpenses.AccountEdit"]}, {"c178379772d3bcd3f448c7c4b65f8861": ["12", "org.totschnig.myexpenses.AccountEdit"]}, {"a2c23685dc5817b9feb60b486758f25e": ["10", "org.totschnig.myexpenses.AccountEdit"]}, {"a2c23685dc5817b9feb60b486758f25e": ["10", "org.totschnig.myexpenses.AccountEdit"]}, {"a2c23685dc5817b9feb60b486758f25e": ["10", "org.totschnig.myexpenses.AccountEdit"]}, {"a2c23685dc5817b9feb60b486758f25e": ["10", "org.totschnig.myexpenses.AccountEdit"]}, {"a2c23685dc5817b9feb60b486758f25e": ["10", "org.totschnig.myexpenses.AccountEdit"]}, {"a2c23685dc5817b9feb60b486758f25e": ["10", "org.totschnig.myexpenses.AccountEdit"]}, {"a2c23685dc5817b9feb60b486758f25e": ["10", "org.totschnig.myexpenses.AccountEdit"]}, {"a2c23685dc5817b9feb60b486758f25e": ["10", "org.totschnig.myexpenses.AccountEdit"]}, {"e87d6f680036de5f3a809cecb5e34ba2": ["9", "org.totschnig.myexpenses.ManageAccounts"]}, {"e87d6f680036de5f3a809cecb5e34ba2": ["9", "org.totschnig.myexpenses.ManageAccounts"]}, {"a2c23685dc5817b9feb60b486758f25e": ["10", "org.totschnig.myexpenses.AccountEdit"]}, {"a2c23685dc5817b9feb60b486758f25e": ["10", "org.totschnig.myexpenses.AccountEdit"]}, {"a2c23685dc5817b9feb60b486758f25e": ["10", "org.totschnig.myexpenses.AccountEdit"]}, {"a2c23685dc5817b9feb60b486758f25e": ["10", "org.totschnig.myexpenses.AccountEdit"]}, {"a2c23685dc5817b9feb60b486758f25e": ["10", "org.totschnig.myexpenses.AccountEdit"]}, {"a2c23685dc5817b9feb60b486758f25e": ["10", "org.totschnig.myexpenses.AccountEdit"]}, {"a2c23685dc5817b9feb60b486758f25e": ["10", "org.totschnig.myexpenses.AccountEdit"]}, {"a2c23685dc5817b9feb60b486758f25e": ["10", "org.totschnig.myexpenses.AccountEdit"]}, {"a2c23685dc5817b9feb60b486758f25e": ["10", "org.totschnig.myexpenses.AccountEdit"]}, {"c178379772d3bcd3f448c7c4b65f8861": ["12", "org.totschnig.myexpenses.AccountEdit"]}, {"a2c23685dc5817b9feb60b486758f25e": ["10", "org.totschnig.myexpenses.AccountEdit"]}, {"a2c23685dc5817b9feb60b486758f25e": ["10", "org.totschnig.myexpenses.AccountEdit"]}, {"a2c23685dc5817b9feb60b486758f25e": ["10", "org.totschnig.myexpenses.AccountEdit"]}, {"a2c23685dc5817b9feb60b486758f25e": ["10", "org.totschnig.myexpenses.AccountEdit"]}, {"a2c23685dc5817b9feb60b486758f25e": ["10", "org.totschnig.myexpenses.AccountEdit"]}, {"8b84c9991ecfefd8cde43bb67f673e1b": ["11", "org.totschnig.myexpenses.AccountEdit"]}, {"a2c23685dc5817b9feb60b486758f25e": ["10", "org.totschnig.myexpenses.AccountEdit"]}, {"8b84c9991ecfefd8cde43bb67f673e1b": ["11", "org.totschnig.myexpenses.AccountEdit"]}, {"a2c23685dc5817b9feb60b486758f25e": ["10", "org.totschnig.myexpenses.AccountEdit"]}, {"a2c23685dc5817b9feb60b486758f25e": ["10", "org.totschnig.myexpenses.AccountEdit"]}, {"a2c23685dc5817b9feb60b486758f25e": ["10", "org.totschnig.myexpenses.AccountEdit"]}, {"e87d6f680036de5f3a809cecb5e34ba2": ["9", "org.totschnig.myexpenses.ManageAccounts"]}, {"e87d6f680036de5f3a809cecb5e34ba2": ["9", "org.totschnig.myexpenses.ManageAccounts"]}, {"a2c23685dc5817b9feb60b486758f25e": ["10", "org.totschnig.myexpenses.AccountEdit"]}, {"a2c23685dc5817b9feb60b486758f25e": ["10", "org.totschnig.myexpenses.AccountEdit"]}, {"a2c23685dc5817b9feb60b486758f25e": ["10", "org.totschnig.myexpenses.AccountEdit"]}, {"a2c23685dc5817b9feb60b486758f25e": ["10", "org.totschnig.myexpenses.AccountEdit"]}, {"a2c23685dc5817b9feb60b486758f25e": ["10", "org.totschnig.myexpenses.AccountEdit"]}, {"a2c23685dc5817b9feb60b486758f25e": ["10", "org.totschnig.myexpenses.AccountEdit"]}, {"c178379772d3bcd3f448c7c4b65f8861": ["12", "org.totschnig.myexpenses.AccountEdit"]}, {"e87d6f680036de5f3a809cecb5e34ba2": ["9", "org.totschnig.myexpenses.ManageAccounts"]}, {"a2c23685dc5817b9feb60b486758f25e": ["10", "org.totschnig.myexpenses.AccountEdit"]}, {"a2c23685dc5817b9feb60b486758f25e": ["10", "org.totschnig.myexpenses.AccountEdit"]}, {"a2c23685dc5817b9feb60b486758f25e": ["10", "org.totschnig.myexpenses.AccountEdit"]}, {"a2c23685dc5817b9feb60b486758f25e": ["10", "org.totschnig.myexpenses.AccountEdit"]}, {"a2c23685dc5817b9feb60b486758f25e": ["10", "org.totschnig.myexpenses.AccountEdit"]}, {"a2c23685dc5817b9feb60b486758f25e": ["10", "org.totschnig.myexpenses.AccountEdit"]}, {"a2c23685dc5817b9feb60b486758f25e": ["10", "org.totschnig.myexpenses.AccountEdit"]}, {"e87d6f680036de5f3a809cecb5e34ba2": ["9", "org.totschnig.myexpenses.ManageAccounts"]}, {"a2c23685dc5817b9feb60b486758f25e": ["10", "org.totschnig.myexpenses.AccountEdit"]}, {"a2c23685dc5817b9feb60b486758f25e": ["10", "org.totschnig.myexpenses.AccountEdit"]}, {"a2c23685dc5817b9feb60b486758f25e": ["10", "org.totschnig.myexpenses.AccountEdit"]}, {"a2c23685dc5817b9feb60b486758f25e": ["10", "org.totschnig.myexpenses.AccountEdit"]}, {"c178379772d3bcd3f448c7c4b65f8861": ["12", "org.totschnig.myexpenses.AccountEdit"]}, {"a2c23685dc5817b9feb60b486758f25e": ["10", "org.totschnig.myexpenses.AccountEdit"]}, {"8b84c9991ecfefd8cde43bb67f673e1b": ["11", "org.totschnig.myexpenses.AccountEdit"]}, {"a2c23685dc5817b9feb60b486758f25e": ["10", "org.totschnig.myexpenses.AccountEdit"]}, {"a2c23685dc5817b9feb60b486758f25e": ["10", "org.totschnig.myexpenses.AccountEdit"]}, {"1ccb6290ea98bb94f0a12dd60214fff3": ["0", "org.totschnig.myexpenses.MyExpenses"]}, {"008d02c1066036047d3b8c7696fde555": ["1", "org.totschnig.myexpenses.MyExpenses"]}, {"008d02c1066036047d3b8c7696fde555": ["1", "org.totschnig.myexpenses.MyExpenses"]}, {"1ccb6290ea98bb94f0a12dd60214fff3": ["0", "org.totschnig.myexpenses.MyExpenses"]}, {"833793e9aefa8385043f671cb5eeb4b4": ["13", "org.totschnig.myexpenses.MyExpenses"]}, {"e87d6f680036de5f3a809cecb5e34ba2": ["9", "org.totschnig.myexpenses.ManageAccounts"]}, {"a2c23685dc5817b9feb60b486758f25e": ["10", "org.totschnig.myexpenses.AccountEdit"]}, {"8b84c9991ecfefd8cde43bb67f673e1b": ["11", "org.totschnig.myexpenses.AccountEdit"]}, {"a2c23685dc5817b9feb60b486758f25e": ["10", "org.totschnig.myexpenses.AccountEdit"]}, {"a2c23685dc5817b9feb60b486758f25e": ["10", "org.totschnig.myexpenses.AccountEdit"]}, {"a2c23685dc5817b9feb60b486758f25e": ["10", "org.totschnig.myexpenses.AccountEdit"]}, {"a2c23685dc5817b9feb60b486758f25e": ["10", "org.totschnig.myexpenses.AccountEdit"]}, {"8b84c9991ecfefd8cde43bb67f673e1b": ["11", "org.totschnig.myexpenses.AccountEdit"]}, {"a2c23685dc5817b9feb60b486758f25e": ["10", "org.totschnig.myexpenses.AccountEdit"]}, {"c178379772d3bcd3f448c7c4b65f8861": ["12", "org.totschnig.myexpenses.AccountEdit"]}, {"a2c23685dc5817b9feb60b486758f25e": ["10", "org.totschnig.myexpenses.AccountEdit"]}, {"8b84c9991ecfefd8cde43bb67f673e1b": ["11", "org.totschnig.myexpenses.AccountEdit"]}, {"a2c23685dc5817b9feb60b486758f25e": ["10", "org.totschnig.myexpenses.AccountEdit"]}, {"a2c23685dc5817b9feb60b486758f25e": ["10", "org.totschnig.myexpenses.AccountEdit"]}, {"a2c23685dc5817b9feb60b486758f25e": ["10", "org.totschnig.myexpenses.AccountEdit"]}, {"a2c23685dc5817b9feb60b486758f25e": ["10", "org.totschnig.myexpenses.AccountEdit"]}, {"c178379772d3bcd3f448c7c4b65f8861": ["12", "org.totschnig.myexpenses.AccountEdit"]}, {"a2c23685dc5817b9feb60b486758f25e": ["10", "org.totschnig.myexpenses.AccountEdit"]}, {"a2c23685dc5817b9feb60b486758f25e": ["10", "org.totschnig.myexpenses.AccountEdit"]}, {"a2c23685dc5817b9feb60b486758f25e": ["10", "org.totschnig.myexpenses.AccountEdit"]}, {"e763e522d0802568a86f8189a3e41547": ["23", "org.totschnig.myexpenses.MyExpenses"]}, {"1ccb6290ea98bb94f0a12dd60214fff3": ["0", "org.totschnig.myexpenses.MyExpenses"]}, {"e763e522d0802568a86f8189a3e41547": ["23", "org.totschnig.myexpenses.MyExpenses"]}, {"1ccb6290ea98bb94f0a12dd60214fff3": ["0", "org.totschnig.myexpenses.MyExpenses"]}, {"1ccb6290ea98bb94f0a12dd60214fff3": ["0", "org.totschnig.myexpenses.MyExpenses"]}, {"c64519dd7cee8be80dbc8cc90a20ea72": ["3", "org.totschnig.myexpenses.ExpenseEdit"]}, {"c64519dd7cee8be80dbc8cc90a20ea72": ["3", "org.totschnig.myexpenses.ExpenseEdit"]}, {"c64519dd7cee8be80dbc8cc90a20ea72": ["3", "org.totschnig.myexpenses.ExpenseEdit"]}, {"d175d5f50bd007037f14b020c6f23c93": ["5", "org.totschnig.myexpenses.SelectCategory"]}, {"5d6d313ffc3bfd78288550bcae68403c": ["6", "org.totschnig.myexpenses.SelectCategory"]}, {"5d6d313ffc3bfd78288550bcae68403c": ["6", "org.totschnig.myexpenses.SelectCategory"]}, {"5d6d313ffc3bfd78288550bcae68403c": ["6", "org.totschnig.myexpenses.SelectCategory"]}, {"fa915659e42e168803aafee40485ad07": ["7", "org.totschnig.myexpenses.SelectCategory"]}, {"fa915659e42e168803aafee40485ad07": ["7", "org.totschnig.myexpenses.SelectCategory"]}, {"5d6d313ffc3bfd78288550bcae68403c": ["6", "org.totschnig.myexpenses.SelectCategory"]}, {"5d6d313ffc3bfd78288550bcae68403c": ["6", "org.totschnig.myexpenses.SelectCategory"]}, {"705868673dd2018308798ff8abc50fed": ["54", "org.totschnig.myexpenses.SelectCategory"]}, {"705868673dd2018308798ff8abc50fed": ["54", "org.totschnig.myexpenses.SelectCategory"]}, {"5d6d313ffc3bfd78288550bcae68403c": ["6", "org.totschnig.myexpenses.SelectCategory"]}, {"705868673dd2018308798ff8abc50fed": ["54", "org.totschnig.myexpenses.SelectCategory"]}, {"705868673dd2018308798ff8abc50fed": ["54", "org.totschnig.myexpenses.SelectCategory"]}, {"5d6d313ffc3bfd78288550bcae68403c": ["6", "org.totschnig.myexpenses.SelectCategory"]}, {"5d6d313ffc3bfd78288550bcae68403c": ["6", "org.totschnig.myexpenses.SelectCategory"]}, {"5d6d313ffc3bfd78288550bcae68403c": ["6", "org.totschnig.myexpenses.SelectCategory"]}, {"e0aec4cde516221faf714015ffe14c8b": ["55", "org.totschnig.myexpenses.SelectCategory"]}, {"5d6d313ffc3bfd78288550bcae68403c": ["6", "org.totschnig.myexpenses.SelectCategory"]}, {"c64519dd7cee8be80dbc8cc90a20ea72": ["3", "org.totschnig.myexpenses.ExpenseEdit"]}, {"c64519dd7cee8be80dbc8cc90a20ea72": ["3", "org.totschnig.myexpenses.ExpenseEdit"]}, {"c64519dd7cee8be80dbc8cc90a20ea72": ["3", "org.totschnig.myexpenses.ExpenseEdit"]}, {"c64519dd7cee8be80dbc8cc90a20ea72": ["3", "org.totschnig.myexpenses.ExpenseEdit"]}, {"c64519dd7cee8be80dbc8cc90a20ea72": ["3", "org.totschnig.myexpenses.ExpenseEdit"]}, {"c64519dd7cee8be80dbc8cc90a20ea72": ["3", "org.totschnig.myexpenses.ExpenseEdit"]}, {"c64519dd7cee8be80dbc8cc90a20ea72": ["3", "org.totschnig.myexpenses.ExpenseEdit"]}, {"c64519dd7cee8be80dbc8cc90a20ea72": ["3", "org.totschnig.myexpenses.ExpenseEdit"]}, {"1ccb6290ea98bb94f0a12dd60214fff3": ["0", "org.totschnig.myexpenses.MyExpenses"]}, {"1ccb6290ea98bb94f0a12dd60214fff3": ["0", "org.totschnig.myexpenses.MyExpenses"]}, {"833793e9aefa8385043f671cb5eeb4b4": ["13", "org.totschnig.myexpenses.MyExpenses"]}, {"e87d6f680036de5f3a809cecb5e34ba2": ["9", "org.totschnig.myexpenses.ManageAccounts"]}, {"e87d6f680036de5f3a809cecb5e34ba2": ["9", "org.totschnig.myexpenses.ManageAccounts"]}, {"a2c23685dc5817b9feb60b486758f25e": ["10", "org.totschnig.myexpenses.AccountEdit"]}, {"8b84c9991ecfefd8cde43bb67f673e1b": ["11", "org.totschnig.myexpenses.AccountEdit"]}, {"a2c23685dc5817b9feb60b486758f25e": ["10", "org.totschnig.myexpenses.AccountEdit"]}, {"e87d6f680036de5f3a809cecb5e34ba2": ["9", "org.totschnig.myexpenses.ManageAccounts"]}, {"a2c23685dc5817b9feb60b486758f25e": ["10", "org.totschnig.myexpenses.AccountEdit"]}, {"a2c23685dc5817b9feb60b486758f25e": ["10", "org.totschnig.myexpenses.AccountEdit"]}, {"a2c23685dc5817b9feb60b486758f25e": ["10", "org.totschnig.myexpenses.AccountEdit"]}, {"e87d6f680036de5f3a809cecb5e34ba2": ["9", "org.totschnig.myexpenses.ManageAccounts"]}, {"a2c23685dc5817b9feb60b486758f25e": ["10", "org.totschnig.myexpenses.AccountEdit"]}, {"a2c23685dc5817b9feb60b486758f25e": ["10", "org.totschnig.myexpenses.AccountEdit"]}, {"a2c23685dc5817b9feb60b486758f25e": ["10", "org.totschnig.myexpenses.AccountEdit"]}, {"a2c23685dc5817b9feb60b486758f25e": ["10", "org.totschnig.myexpenses.AccountEdit"]}, {"c178379772d3bcd3f448c7c4b65f8861": ["12", "org.totschnig.myexpenses.AccountEdit"]}, {"a2c23685dc5817b9feb60b486758f25e": ["10", "org.totschnig.myexpenses.AccountEdit"]}, {"c178379772d3bcd3f448c7c4b65f8861": ["12", "org.totschnig.myexpenses.AccountEdit"]}, {"a2c23685dc5817b9feb60b486758f25e": ["10", "org.totschnig.myexpenses.AccountEdit"]}, {"a2c23685dc5817b9feb60b486758f25e": ["10", "org.totschnig.myexpenses.AccountEdit"]}, {"a2c23685dc5817b9feb60b486758f25e": ["10", "org.totschnig.myexpenses.AccountEdit"]}, {"a2c23685dc5817b9feb60b486758f25e": ["10", "org.totschnig.myexpenses.AccountEdit"]}, {"c178379772d3bcd3f448c7c4b65f8861": ["12", "org.totschnig.myexpenses.AccountEdit"]}, {"a2c23685dc5817b9feb60b486758f25e": ["10", "org.totschnig.myexpenses.AccountEdit"]}, {"a2c23685dc5817b9feb60b486758f25e": ["10", "org.totschnig.myexpenses.AccountEdit"]}, {"a2c23685dc5817b9feb60b486758f25e": ["10", "org.totschnig.myexpenses.AccountEdit"]}, {"e87d6f680036de5f3a809cecb5e34ba2": ["9", "org.totschnig.myexpenses.ManageAccounts"]}, {"a2c23685dc5817b9feb60b486758f25e": ["10", "org.totschnig.myexpenses.AccountEdit"]}, {"8b84c9991ecfefd8cde43bb67f673e1b": ["11", "org.totschnig.myexpenses.AccountEdit"]}, {"a2c23685dc5817b9feb60b486758f25e": ["10", "org.totschnig.myexpenses.AccountEdit"]}, {"a2c23685dc5817b9feb60b486758f25e": ["10", "org.totschnig.myexpenses.AccountEdit"]}, {"a2c23685dc5817b9feb60b486758f25e": ["10", "org.totschnig.myexpenses.AccountEdit"]}, {"a2c23685dc5817b9feb60b486758f25e": ["10", "org.totschnig.myexpenses.AccountEdit"]}, {"a2c23685dc5817b9feb60b486758f25e": ["10", "org.totschnig.myexpenses.AccountEdit"]}, {"a2c23685dc5817b9feb60b486758f25e": ["10", "org.totschnig.myexpenses.AccountEdit"]}, {"a2c23685dc5817b9feb60b486758f25e": ["10", "org.totschnig.myexpenses.AccountEdit"]}, {"a2c23685dc5817b9feb60b486758f25e": ["10", "org.totschnig.myexpenses.AccountEdit"]}, {"a2c23685dc5817b9feb60b486758f25e": ["10", "org.totschnig.myexpenses.AccountEdit"]}, {"a2c23685dc5817b9feb60b486758f25e": ["10", "org.totschnig.myexpenses.AccountEdit"]}, {"a2c23685dc5817b9feb60b486758f25e": ["10", "org.totschnig.myexpenses.AccountEdit"]}, {"a2c23685dc5817b9feb60b486758f25e": ["10", "org.totschnig.myexpenses.AccountEdit"]}, {"a2c23685dc5817b9feb60b486758f25e": ["10", "org.totschnig.myexpenses.AccountEdit"]}, {"a2c23685dc5817b9feb60b486758f25e": ["10", "org.totschnig.myexpenses.AccountEdit"]}, {"a2c23685dc5817b9feb60b486758f25e": ["10", "org.totschnig.myexpenses.AccountEdit"]}, {"e87d6f680036de5f3a809cecb5e34ba2": ["9", "org.totschnig.myexpenses.ManageAccounts"]}, {"a2c23685dc5817b9feb60b486758f25e": ["10", "org.totschnig.myexpenses.AccountEdit"]}, {"a2c23685dc5817b9feb60b486758f25e": ["10", "org.totschnig.myexpenses.AccountEdit"]}, {"a2c23685dc5817b9feb60b486758f25e": ["10", "org.totschnig.myexpenses.AccountEdit"]}, {"a2c23685dc5817b9feb60b486758f25e": ["10", "org.totschnig.myexpenses.AccountEdit"]}, {"a2c23685dc5817b9feb60b486758f25e": ["10", "org.totschnig.myexpenses.AccountEdit"]}, {"a2c23685dc5817b9feb60b486758f25e": ["10", "org.totschnig.myexpenses.AccountEdit"]}, {"a2c23685dc5817b9feb60b486758f25e": ["10", "org.totschnig.myexpenses.AccountEdit"]}, {"a2c23685dc5817b9feb60b486758f25e": ["10", "org.totschnig.myexpenses.AccountEdit"]}, {"a2c23685dc5817b9feb60b486758f25e": ["10", "org.totschnig.myexpenses.AccountEdit"]}, {"a2c23685dc5817b9feb60b486758f25e": ["10", "org.totschnig.myexpenses.AccountEdit"]}, {"e87d6f680036de5f3a809cecb5e34ba2": ["9", "org.totschnig.myexpenses.ManageAccounts"]}, {"a2c23685dc5817b9feb60b486758f25e": ["10", "org.totschnig.myexpenses.AccountEdit"]}, {"8b84c9991ecfefd8cde43bb67f673e1b": ["11", "org.totschnig.myexpenses.AccountEdit"]}, {"a2c23685dc5817b9feb60b486758f25e": ["10", "org.totschnig.myexpenses.AccountEdit"]}, {"a2c23685dc5817b9feb60b486758f25e": ["10", "org.totschnig.myexpenses.AccountEdit"]}, {"1ccb6290ea98bb94f0a12dd60214fff3": ["0", "org.totschnig.myexpenses.MyExpenses"]}, {"e763e522d0802568a86f8189a3e41547": ["23", "org.totschnig.myexpenses.MyExpenses"]}, {"1ccb6290ea98bb94f0a12dd60214fff3": ["0", "org.totschnig.myexpenses.MyExpenses"]}, {"008d02c1066036047d3b8c7696fde555": ["1", "org.totschnig.myexpenses.MyExpenses"]}, {"008d02c1066036047d3b8c7696fde555": ["1", "org.totschnig.myexpenses.MyExpenses"]}, {"008d02c1066036047d3b8c7696fde555": ["1", "org.totschnig.myexpenses.MyExpenses"]}, {"e4a7bba61cc62ae868a34b903fa0d2ba": ["2", "org.totschnig.myexpenses.MyExpenses"]}, {"1ccb6290ea98bb94f0a12dd60214fff3": ["0", "org.totschnig.myexpenses.MyExpenses"]}, {"833793e9aefa8385043f671cb5eeb4b4": ["13", "org.totschnig.myexpenses.MyExpenses"]}, {"e87d6f680036de5f3a809cecb5e34ba2": ["9", "org.totschnig.myexpenses.ManageAccounts"]}, {"a2c23685dc5817b9feb60b486758f25e": ["10", "org.totschnig.myexpenses.AccountEdit"]}, {"a2c23685dc5817b9feb60b486758f25e": ["10", "org.totschnig.myexpenses.AccountEdit"]}, {"a2c23685dc5817b9feb60b486758f25e": ["10", "org.totschnig.myexpenses.AccountEdit"]}, {"c178379772d3bcd3f448c7c4b65f8861": ["12", "org.totschnig.myexpenses.AccountEdit"]}, {"a2c23685dc5817b9feb60b486758f25e": ["10", "org.totschnig.myexpenses.AccountEdit"]}, {"e87d6f680036de5f3a809cecb5e34ba2": ["9", "org.totschnig.myexpenses.ManageAccounts"]}, {"a2c23685dc5817b9feb60b486758f25e": ["10", "org.totschnig.myexpenses.AccountEdit"]}, {"c178379772d3bcd3f448c7c4b65f8861": ["12", "org.totschnig.myexpenses.AccountEdit"]}, {"a2c23685dc5817b9feb60b486758f25e": ["10", "org.totschnig.myexpenses.AccountEdit"]}, {"a2c23685dc5817b9feb60b486758f25e": ["10", "org.totschnig.myexpenses.AccountEdit"]}, {"a2c23685dc5817b9feb60b486758f25e": ["10", "org.totschnig.myexpenses.AccountEdit"]}, {"a2c23685dc5817b9feb60b486758f25e": ["10", "org.totschnig.myexpenses.AccountEdit"]}, {"a2c23685dc5817b9feb60b486758f25e": ["10", "org.totschnig.myexpenses.AccountEdit"]}, {"a2c23685dc5817b9feb60b486758f25e": ["10", "org.totschnig.myexpenses.AccountEdit"]}, {"a2c23685dc5817b9feb60b486758f25e": ["10", "org.totschnig.myexpenses.AccountEdit"]}, {"a2c23685dc5817b9feb60b486758f25e": ["10", "org.totschnig.myexpenses.AccountEdit"]}, {"e87d6f680036de5f3a809cecb5e34ba2": ["9", "org.totschnig.myexpenses.ManageAccounts"]}, {"a2c23685dc5817b9feb60b486758f25e": ["10", "org.totschnig.myexpenses.AccountEdit"]}, {"e87d6f680036de5f3a809cecb5e34ba2": ["9", "org.totschnig.myexpenses.ManageAccounts"]}, {"a2c23685dc5817b9feb60b486758f25e": ["10", "org.totschnig.myexpenses.AccountEdit"]}, {"a2c23685dc5817b9feb60b486758f25e": ["10", "org.totschnig.myexpenses.AccountEdit"]}, {"a2c23685dc5817b9feb60b486758f25e": ["10", "org.totschnig.myexpenses.AccountEdit"]}, {"a2c23685dc5817b9feb60b486758f25e": ["10", "org.totschnig.myexpenses.AccountEdit"]}, {"a2c23685dc5817b9feb60b486758f25e": ["10", "org.totschnig.myexpenses.AccountEdit"]}, {"a2c23685dc5817b9feb60b486758f25e": ["10", "org.totschnig.myexpenses.AccountEdit"]}, {"8b84c9991ecfefd8cde43bb67f673e1b": ["11", "org.totschnig.myexpenses.AccountEdit"]}, {"a2c23685dc5817b9feb60b486758f25e": ["10", "org.totschnig.myexpenses.AccountEdit"]}, {"e87d6f680036de5f3a809cecb5e34ba2": ["9", "org.totschnig.myexpenses.ManageAccounts"]}, {"e87d6f680036de5f3a809cecb5e34ba2": ["9", "org.totschnig.myexpenses.ManageAccounts"]}, {"a2c23685dc5817b9feb60b486758f25e": ["10", "org.totschnig.myexpenses.AccountEdit"]}, {"e87d6f680036de5f3a809cecb5e34ba2": ["9", "org.totschnig.myexpenses.ManageAccounts"]}, {"a2c23685dc5817b9feb60b486758f25e": ["10", "org.totschnig.myexpenses.AccountEdit"]}, {"e87d6f680036de5f3a809cecb5e34ba2": ["9", "org.totschnig.myexpenses.ManageAccounts"]}, {"a2c23685dc5817b9feb60b486758f25e": ["10", "org.totschnig.myexpenses.AccountEdit"]}, {"a2c23685dc5817b9feb60b486758f25e": ["10", "org.totschnig.myexpenses.AccountEdit"]}, {"a2c23685dc5817b9feb60b486758f25e": ["10", "org.totschnig.myexpenses.AccountEdit"]}, {"a2c23685dc5817b9feb60b486758f25e": ["10", "org.totschnig.myexpenses.AccountEdit"]}, {"a2c23685dc5817b9feb60b486758f25e": ["10", "org.totschnig.myexpenses.AccountEdit"]}, {"a2c23685dc5817b9feb60b486758f25e": ["10", "org.totschnig.myexpenses.AccountEdit"]}, {"8b84c9991ecfefd8cde43bb67f673e1b": ["11", "org.totschnig.myexpenses.AccountEdit"]}, {"a2c23685dc5817b9feb60b486758f25e": ["10", "org.totschnig.myexpenses.AccountEdit"]}, {"c178379772d3bcd3f448c7c4b65f8861": ["12", "org.totschnig.myexpenses.AccountEdit"]}, {"a2c23685dc5817b9feb60b486758f25e": ["10", "org.totschnig.myexpenses.AccountEdit"]}, {"e87d6f680036de5f3a809cecb5e34ba2": ["9", "org.totschnig.myexpenses.ManageAccounts"]}, {"a2c23685dc5817b9feb60b486758f25e": ["10", "org.totschnig.myexpenses.AccountEdit"]}, {"8b84c9991ecfefd8cde43bb67f673e1b": ["11", "org.totschnig.myexpenses.AccountEdit"]}, {"a2c23685dc5817b9feb60b486758f25e": ["10", "org.totschnig.myexpenses.AccountEdit"]}, {"1ccb6290ea98bb94f0a12dd60214fff3": ["0", "org.totschnig.myexpenses.MyExpenses"]}, {"e763e522d0802568a86f8189a3e41547": ["23", "org.totschnig.myexpenses.MyExpenses"]}, {"a2c23685dc5817b9feb60b486758f25e": ["10", "org.totschnig.myexpenses.AccountEdit"]}, {"a2c23685dc5817b9feb60b486758f25e": ["10", "org.totschnig.myexpenses.AccountEdit"]}, {"a2c23685dc5817b9feb60b486758f25e": ["10", "org.totschnig.myexpenses.AccountEdit"]}, {"a2c23685dc5817b9feb60b486758f25e": ["10", "org.totschnig.myexpenses.AccountEdit"]}, {"a2c23685dc5817b9feb60b486758f25e": ["10", "org.totschnig.myexpenses.AccountEdit"]}, {"a2c23685dc5817b9feb60b486758f25e": ["10", "org.totschnig.myexpenses.AccountEdit"]}, {"a2c23685dc5817b9feb60b486758f25e": ["10", "org.totschnig.myexpenses.AccountEdit"]}, {"a2c23685dc5817b9feb60b486758f25e": ["10", "org.totschnig.myexpenses.AccountEdit"]}, {"a2c23685dc5817b9feb60b486758f25e": ["10", "org.totschnig.myexpenses.AccountEdit"]}, {"a2c23685dc5817b9feb60b486758f25e": ["10", "org.totschnig.myexpenses.AccountEdit"]}, {"a2c23685dc5817b9feb60b486758f25e": ["10", "org.totschnig.myexpenses.AccountEdit"]}, {"c178379772d3bcd3f448c7c4b65f8861": ["12", "org.totschnig.myexpenses.AccountEdit"]}, {"a2c23685dc5817b9feb60b486758f25e": ["10", "org.totschnig.myexpenses.AccountEdit"]}, {"a2c23685dc5817b9feb60b486758f25e": ["10", "org.totschnig.myexpenses.AccountEdit"]}, {"a2c23685dc5817b9feb60b486758f25e": ["10", "org.totschnig.myexpenses.AccountEdit"]}, {"a2c23685dc5817b9feb60b486758f25e": ["10", "org.totschnig.myexpenses.AccountEdit"]}, {"c178379772d3bcd3f448c7c4b65f8861": ["12", "org.totschnig.myexpenses.AccountEdit"]}, {"a2c23685dc5817b9feb60b486758f25e": ["10", "org.totschnig.myexpenses.AccountEdit"]}, {"a2c23685dc5817b9feb60b486758f25e": ["10", "org.totschnig.myexpenses.AccountEdit"]}, {"a2c23685dc5817b9feb60b486758f25e": ["10", "org.totschnig.myexpenses.AccountEdit"]}, {"a2c23685dc5817b9feb60b486758f25e": ["10", "org.totschnig.myexpenses.AccountEdit"]}, {"a2c23685dc5817b9feb60b486758f25e": ["10", "org.totschnig.myexpenses.AccountEdit"]}, {"a2c23685dc5817b9feb60b486758f25e": ["10", "org.totschnig.myexpenses.AccountEdit"]}, {"1ccb6290ea98bb94f0a12dd60214fff3": ["0", "org.totschnig.myexpenses.MyExpenses"]}, {"008d02c1066036047d3b8c7696fde555": ["1", "org.totschnig.myexpenses.MyExpenses"]}, {"1ccb6290ea98bb94f0a12dd60214fff3": ["0", "org.totschnig.myexpenses.MyExpenses"]}, {"833793e9aefa8385043f671cb5eeb4b4": ["13", "org.totschnig.myexpenses.MyExpenses"]}, {"a2c23685dc5817b9feb60b486758f25e": ["10", "org.totschnig.myexpenses.AccountEdit"]}, {"a2c23685dc5817b9feb60b486758f25e": ["10", "org.totschnig.myexpenses.AccountEdit"]}, {"a2c23685dc5817b9feb60b486758f25e": ["10", "org.totschnig.myexpenses.AccountEdit"]}, {"a2c23685dc5817b9feb60b486758f25e": ["10", "org.totschnig.myexpenses.AccountEdit"]}, {"a2c23685dc5817b9feb60b486758f25e": ["10", "org.totschnig.myexpenses.AccountEdit"]}, {"a2c23685dc5817b9feb60b486758f25e": ["10", "org.totschnig.myexpenses.AccountEdit"]}, {"a2c23685dc5817b9feb60b486758f25e": ["10", "org.totschnig.myexpenses.AccountEdit"]}, {"a2c23685dc5817b9feb60b486758f25e": ["10", "org.totschnig.myexpenses.AccountEdit"]}, {"a2c23685dc5817b9feb60b486758f25e": ["10", "org.totschnig.myexpenses.AccountEdit"]}, {"a2c23685dc5817b9feb60b486758f25e": ["10", "org.totschnig.myexpenses.AccountEdit"]}, {"a2c23685dc5817b9feb60b486758f25e": ["10", "org.totschnig.myexpenses.AccountEdit"]}, {"1ccb6290ea98bb94f0a12dd60214fff3": ["0", "org.totschnig.myexpenses.MyExpenses"]}, {"e763e522d0802568a86f8189a3e41547": ["23", "org.totschnig.myexpenses.MyExpenses"]}, {"a2c23685dc5817b9feb60b486758f25e": ["10", "org.totschnig.myexpenses.AccountEdit"]}, {"a2c23685dc5817b9feb60b486758f25e": ["10", "org.totschnig.myexpenses.AccountEdit"]}, {"a2c23685dc5817b9feb60b486758f25e": ["10", "org.totschnig.myexpenses.AccountEdit"]}, {"a2c23685dc5817b9feb60b486758f25e": ["10", "org.totschnig.myexpenses.AccountEdit"]}, {"a2c23685dc5817b9feb60b486758f25e": ["10", "org.totschnig.myexpenses.AccountEdit"]}]