[{"fbb799e2d89fd4f6e3e3022c1ca58964": ["0", "com.keepassdroid.fileselect.FileSelectActivity"]}, {"fbb799e2d89fd4f6e3e3022c1ca58964": ["0", "com.keepassdroid.fileselect.FileSelectActivity"]}, {"fbb799e2d89fd4f6e3e3022c1ca58964": ["0", "com.keepassdroid.fileselect.FileSelectActivity"]}, {"fbb799e2d89fd4f6e3e3022c1ca58964": ["0", "com.keepassdroid.fileselect.FileSelectActivity"]}, {"fbb799e2d89fd4f6e3e3022c1ca58964": ["0", "com.keepassdroid.fileselect.FileSelectActivity"]}, {"fbb799e2d89fd4f6e3e3022c1ca58964": ["0", "com.keepassdroid.fileselect.FileSelectActivity"]}, {"fbb799e2d89fd4f6e3e3022c1ca58964": ["0", "com.keepassdroid.fileselect.FileSelectActivity"]}, {"fbb799e2d89fd4f6e3e3022c1ca58964": ["0", "com.keepassdroid.fileselect.FileSelectActivity"]}, {"fbb799e2d89fd4f6e3e3022c1ca58964": ["0", "com.keepassdroid.fileselect.FileSelectActivity"]}, {"fbb799e2d89fd4f6e3e3022c1ca58964": ["0", "com.keepassdroid.fileselect.FileSelectActivity"]}, {"fbb799e2d89fd4f6e3e3022c1ca58964": ["0", "com.keepassdroid.fileselect.FileSelectActivity"]}, {"fbb799e2d89fd4f6e3e3022c1ca58964": ["0", "com.keepassdroid.fileselect.FileSelectActivity"]}, {"fbb799e2d89fd4f6e3e3022c1ca58964": ["0", "com.keepassdroid.fileselect.FileSelectActivity"]}, {"fbb799e2d89fd4f6e3e3022c1ca58964": ["0", "com.keepassdroid.fileselect.FileSelectActivity"]}, {"fbb799e2d89fd4f6e3e3022c1ca58964": ["0", "com.keepassdroid.fileselect.FileSelectActivity"]}, {"fbb799e2d89fd4f6e3e3022c1ca58964": ["0", "com.keepassdroid.fileselect.FileSelectActivity"]}, {"fbb799e2d89fd4f6e3e3022c1ca58964": ["0", "com.keepassdroid.fileselect.FileSelectActivity"]}, {"fbb799e2d89fd4f6e3e3022c1ca58964": ["0", "com.keepassdroid.fileselect.FileSelectActivity"]}, {"fbb799e2d89fd4f6e3e3022c1ca58964": ["0", "com.keepassdroid.fileselect.FileSelectActivity"]}, {"fbb799e2d89fd4f6e3e3022c1ca58964": ["0", "com.keepassdroid.fileselect.FileSelectActivity"]}, {"fbb799e2d89fd4f6e3e3022c1ca58964": ["0", "com.keepassdroid.fileselect.FileSelectActivity"]}, {"fbb799e2d89fd4f6e3e3022c1ca58964": ["0", "com.keepassdroid.fileselect.FileSelectActivity"]}, {"fbb799e2d89fd4f6e3e3022c1ca58964": ["0", "com.keepassdroid.fileselect.FileSelectActivity"]}, {"fbb799e2d89fd4f6e3e3022c1ca58964": ["0", "com.keepassdroid.fileselect.FileSelectActivity"]}, {"fbb799e2d89fd4f6e3e3022c1ca58964": ["0", "com.keepassdroid.fileselect.FileSelectActivity"]}, {"fbb799e2d89fd4f6e3e3022c1ca58964": ["0", "com.keepassdroid.fileselect.FileSelectActivity"]}, {"fbb799e2d89fd4f6e3e3022c1ca58964": ["0", "com.keepassdroid.fileselect.FileSelectActivity"]}, {"fbb799e2d89fd4f6e3e3022c1ca58964": ["0", "com.keepassdroid.fileselect.FileSelectActivity"]}, {"fbb799e2d89fd4f6e3e3022c1ca58964": ["0", "com.keepassdroid.fileselect.FileSelectActivity"]}, {"fbb799e2d89fd4f6e3e3022c1ca58964": ["0", "com.keepassdroid.fileselect.FileSelectActivity"]}, {"fbb799e2d89fd4f6e3e3022c1ca58964": ["0", "com.keepassdroid.fileselect.FileSelectActivity"]}, {"fbb799e2d89fd4f6e3e3022c1ca58964": ["0", "com.keepassdroid.fileselect.FileSelectActivity"]}, {"fbb799e2d89fd4f6e3e3022c1ca58964": ["0", "com.keepassdroid.fileselect.FileSelectActivity"]}, {"fbb799e2d89fd4f6e3e3022c1ca58964": ["0", "com.keepassdroid.fileselect.FileSelectActivity"]}, {"fbb799e2d89fd4f6e3e3022c1ca58964": ["0", "com.keepassdroid.fileselect.FileSelectActivity"]}, {"fbb799e2d89fd4f6e3e3022c1ca58964": ["0", "com.keepassdroid.fileselect.FileSelectActivity"]}, {"fbb799e2d89fd4f6e3e3022c1ca58964": ["0", "com.keepassdroid.fileselect.FileSelectActivity"]}, {"fbb799e2d89fd4f6e3e3022c1ca58964": ["0", "com.keepassdroid.fileselect.FileSelectActivity"]}, {"fbb799e2d89fd4f6e3e3022c1ca58964": ["0", "com.keepassdroid.fileselect.FileSelectActivity"]}, {"fbb799e2d89fd4f6e3e3022c1ca58964": ["0", "com.keepassdroid.fileselect.FileSelectActivity"]}, {"c2bd43e28afb13e58f091e5a218a1213": ["1", "com.keepassdroid.PasswordActivity"]}, {"c2bd43e28afb13e58f091e5a218a1213": ["1", "com.keepassdroid.PasswordActivity"]}, {"c2bd43e28afb13e58f091e5a218a1213": ["1", "com.keepassdroid.PasswordActivity"]}, {"c2bd43e28afb13e58f091e5a218a1213": ["1", "com.keepassdroid.PasswordActivity"]}, {"c2bd43e28afb13e58f091e5a218a1213": ["1", "com.keepassdroid.PasswordActivity"]}, {"fbb799e2d89fd4f6e3e3022c1ca58964": ["0", "com.keepassdroid.fileselect.FileSelectActivity"]}, {"fbb799e2d89fd4f6e3e3022c1ca58964": ["0", "com.keepassdroid.fileselect.FileSelectActivity"]}, {"fbb799e2d89fd4f6e3e3022c1ca58964": ["0", "com.keepassdroid.fileselect.FileSelectActivity"]}, {"fbb799e2d89fd4f6e3e3022c1ca58964": ["0", "com.keepassdroid.fileselect.FileSelectActivity"]}, {"fbb799e2d89fd4f6e3e3022c1ca58964": ["0", "com.keepassdroid.fileselect.FileSelectActivity"]}, {"fbb799e2d89fd4f6e3e3022c1ca58964": ["0", "com.keepassdroid.fileselect.FileSelectActivity"]}, {"fbb799e2d89fd4f6e3e3022c1ca58964": ["0", "com.keepassdroid.fileselect.FileSelectActivity"]}, {"fbb799e2d89fd4f6e3e3022c1ca58964": ["0", "com.keepassdroid.fileselect.FileSelectActivity"]}, {"fbb799e2d89fd4f6e3e3022c1ca58964": ["0", "com.keepassdroid.fileselect.FileSelectActivity"]}, {"fbb799e2d89fd4f6e3e3022c1ca58964": ["0", "com.keepassdroid.fileselect.FileSelectActivity"]}, {"fbb799e2d89fd4f6e3e3022c1ca58964": ["0", "com.keepassdroid.fileselect.FileSelectActivity"]}, {"fbb799e2d89fd4f6e3e3022c1ca58964": ["0", "com.keepassdroid.fileselect.FileSelectActivity"]}, {"fbb799e2d89fd4f6e3e3022c1ca58964": ["0", "com.keepassdroid.fileselect.FileSelectActivity"]}, {"fbb799e2d89fd4f6e3e3022c1ca58964": ["0", "com.keepassdroid.fileselect.FileSelectActivity"]}, {"fbb799e2d89fd4f6e3e3022c1ca58964": ["0", "com.keepassdroid.fileselect.FileSelectActivity"]}, {"fbb799e2d89fd4f6e3e3022c1ca58964": ["0", "com.keepassdroid.fileselect.FileSelectActivity"]}, {"fbb799e2d89fd4f6e3e3022c1ca58964": ["0", "com.keepassdroid.fileselect.FileSelectActivity"]}, {"fbb799e2d89fd4f6e3e3022c1ca58964": ["0", "com.keepassdroid.fileselect.FileSelectActivity"]}, {"fbb799e2d89fd4f6e3e3022c1ca58964": ["0", "com.keepassdroid.fileselect.FileSelectActivity"]}, {"fbb799e2d89fd4f6e3e3022c1ca58964": ["0", "com.keepassdroid.fileselect.FileSelectActivity"]}, {"fbb799e2d89fd4f6e3e3022c1ca58964": ["0", "com.keepassdroid.fileselect.FileSelectActivity"]}, {"fbb799e2d89fd4f6e3e3022c1ca58964": ["0", "com.keepassdroid.fileselect.FileSelectActivity"]}, {"fbb799e2d89fd4f6e3e3022c1ca58964": ["0", "com.keepassdroid.fileselect.FileSelectActivity"]}, {"fbb799e2d89fd4f6e3e3022c1ca58964": ["0", "com.keepassdroid.fileselect.FileSelectActivity"]}, {"fbb799e2d89fd4f6e3e3022c1ca58964": ["0", "com.keepassdroid.fileselect.FileSelectActivity"]}, {"fbb799e2d89fd4f6e3e3022c1ca58964": ["0", "com.keepassdroid.fileselect.FileSelectActivity"]}, {"fbb799e2d89fd4f6e3e3022c1ca58964": ["0", "com.keepassdroid.fileselect.FileSelectActivity"]}, {"fbb799e2d89fd4f6e3e3022c1ca58964": ["0", "com.keepassdroid.fileselect.FileSelectActivity"]}, {"fbb799e2d89fd4f6e3e3022c1ca58964": ["0", "com.keepassdroid.fileselect.FileSelectActivity"]}, {"fbb799e2d89fd4f6e3e3022c1ca58964": ["0", "com.keepassdroid.fileselect.FileSelectActivity"]}, {"fbb799e2d89fd4f6e3e3022c1ca58964": ["0", "com.keepassdroid.fileselect.FileSelectActivity"]}, {"fbb799e2d89fd4f6e3e3022c1ca58964": ["0", "com.keepassdroid.fileselect.FileSelectActivity"]}, {"fbb799e2d89fd4f6e3e3022c1ca58964": ["0", "com.keepassdroid.fileselect.FileSelectActivity"]}, {"fbb799e2d89fd4f6e3e3022c1ca58964": ["0", "com.keepassdroid.fileselect.FileSelectActivity"]}, {"fbb799e2d89fd4f6e3e3022c1ca58964": ["0", "com.keepassdroid.fileselect.FileSelectActivity"]}, {"fbb799e2d89fd4f6e3e3022c1ca58964": ["0", "com.keepassdroid.fileselect.FileSelectActivity"]}, {"fbb799e2d89fd4f6e3e3022c1ca58964": ["0", "com.keepassdroid.fileselect.FileSelectActivity"]}, {"fbb799e2d89fd4f6e3e3022c1ca58964": ["0", "com.keepassdroid.fileselect.FileSelectActivity"]}, {"fbb799e2d89fd4f6e3e3022c1ca58964": ["0", "com.keepassdroid.fileselect.FileSelectActivity"]}, {"fbb799e2d89fd4f6e3e3022c1ca58964": ["0", "com.keepassdroid.fileselect.FileSelectActivity"]}, {"fbb799e2d89fd4f6e3e3022c1ca58964": ["0", "com.keepassdroid.fileselect.FileSelectActivity"]}, {"fbb799e2d89fd4f6e3e3022c1ca58964": ["0", "com.keepassdroid.fileselect.FileSelectActivity"]}, {"fbb799e2d89fd4f6e3e3022c1ca58964": ["0", "com.keepassdroid.fileselect.FileSelectActivity"]}, {"fbb799e2d89fd4f6e3e3022c1ca58964": ["0", "com.keepassdroid.fileselect.FileSelectActivity"]}, {"fbb799e2d89fd4f6e3e3022c1ca58964": ["0", "com.keepassdroid.fileselect.FileSelectActivity"]}, {"fbb799e2d89fd4f6e3e3022c1ca58964": ["0", "com.keepassdroid.fileselect.FileSelectActivity"]}, {"fbb799e2d89fd4f6e3e3022c1ca58964": ["0", "com.keepassdroid.fileselect.FileSelectActivity"]}, {"fbb799e2d89fd4f6e3e3022c1ca58964": ["0", "com.keepassdroid.fileselect.FileSelectActivity"]}, {"fbb799e2d89fd4f6e3e3022c1ca58964": ["0", "com.keepassdroid.fileselect.FileSelectActivity"]}, {"fbb799e2d89fd4f6e3e3022c1ca58964": ["0", "com.keepassdroid.fileselect.FileSelectActivity"]}, {"fbb799e2d89fd4f6e3e3022c1ca58964": ["0", "com.keepassdroid.fileselect.FileSelectActivity"]}, {"fbb799e2d89fd4f6e3e3022c1ca58964": ["0", "com.keepassdroid.fileselect.FileSelectActivity"]}, {"fbb799e2d89fd4f6e3e3022c1ca58964": ["0", "com.keepassdroid.fileselect.FileSelectActivity"]}, {"fbb799e2d89fd4f6e3e3022c1ca58964": ["0", "com.keepassdroid.fileselect.FileSelectActivity"]}, {"fbb799e2d89fd4f6e3e3022c1ca58964": ["0", "com.keepassdroid.fileselect.FileSelectActivity"]}, {"fbb799e2d89fd4f6e3e3022c1ca58964": ["0", "com.keepassdroid.fileselect.FileSelectActivity"]}, {"fbb799e2d89fd4f6e3e3022c1ca58964": ["0", "com.keepassdroid.fileselect.FileSelectActivity"]}, {"fbb799e2d89fd4f6e3e3022c1ca58964": ["0", "com.keepassdroid.fileselect.FileSelectActivity"]}, {"fbb799e2d89fd4f6e3e3022c1ca58964": ["0", "com.keepassdroid.fileselect.FileSelectActivity"]}, {"fbb799e2d89fd4f6e3e3022c1ca58964": ["0", "com.keepassdroid.fileselect.FileSelectActivity"]}, {"fbb799e2d89fd4f6e3e3022c1ca58964": ["0", "com.keepassdroid.fileselect.FileSelectActivity"]}, {"fbb799e2d89fd4f6e3e3022c1ca58964": ["0", "com.keepassdroid.fileselect.FileSelectActivity"]}, {"fbb799e2d89fd4f6e3e3022c1ca58964": ["0", "com.keepassdroid.fileselect.FileSelectActivity"]}, {"fbb799e2d89fd4f6e3e3022c1ca58964": ["0", "com.keepassdroid.fileselect.FileSelectActivity"]}, {"fbb799e2d89fd4f6e3e3022c1ca58964": ["0", "com.keepassdroid.fileselect.FileSelectActivity"]}, {"fbb799e2d89fd4f6e3e3022c1ca58964": ["0", "com.keepassdroid.fileselect.FileSelectActivity"]}, {"fbb799e2d89fd4f6e3e3022c1ca58964": ["0", "com.keepassdroid.fileselect.FileSelectActivity"]}, {"fbb799e2d89fd4f6e3e3022c1ca58964": ["0", "com.keepassdroid.fileselect.FileSelectActivity"]}, {"fbb799e2d89fd4f6e3e3022c1ca58964": ["0", "com.keepassdroid.fileselect.FileSelectActivity"]}, {"fbb799e2d89fd4f6e3e3022c1ca58964": ["0", "com.keepassdroid.fileselect.FileSelectActivity"]}, {"fbb799e2d89fd4f6e3e3022c1ca58964": ["0", "com.keepassdroid.fileselect.FileSelectActivity"]}, {"fbb799e2d89fd4f6e3e3022c1ca58964": ["0", "com.keepassdroid.fileselect.FileSelectActivity"]}, {"fbb799e2d89fd4f6e3e3022c1ca58964": ["0", "com.keepassdroid.fileselect.FileSelectActivity"]}, {"fbb799e2d89fd4f6e3e3022c1ca58964": ["0", "com.keepassdroid.fileselect.FileSelectActivity"]}, {"fbb799e2d89fd4f6e3e3022c1ca58964": ["0", "com.keepassdroid.fileselect.FileSelectActivity"]}, {"fbb799e2d89fd4f6e3e3022c1ca58964": ["0", "com.keepassdroid.fileselect.FileSelectActivity"]}, {"fbb799e2d89fd4f6e3e3022c1ca58964": ["0", "com.keepassdroid.fileselect.FileSelectActivity"]}, {"fbb799e2d89fd4f6e3e3022c1ca58964": ["0", "com.keepassdroid.fileselect.FileSelectActivity"]}, {"fbb799e2d89fd4f6e3e3022c1ca58964": ["0", "com.keepassdroid.fileselect.FileSelectActivity"]}, {"fbb799e2d89fd4f6e3e3022c1ca58964": ["0", "com.keepassdroid.fileselect.FileSelectActivity"]}, {"fbb799e2d89fd4f6e3e3022c1ca58964": ["0", "com.keepassdroid.fileselect.FileSelectActivity"]}, {"fbb799e2d89fd4f6e3e3022c1ca58964": ["0", "com.keepassdroid.fileselect.FileSelectActivity"]}, {"fbb799e2d89fd4f6e3e3022c1ca58964": ["0", "com.keepassdroid.fileselect.FileSelectActivity"]}, {"fbb799e2d89fd4f6e3e3022c1ca58964": ["0", "com.keepassdroid.fileselect.FileSelectActivity"]}, {"fbb799e2d89fd4f6e3e3022c1ca58964": ["0", "com.keepassdroid.fileselect.FileSelectActivity"]}, {"fbb799e2d89fd4f6e3e3022c1ca58964": ["0", "com.keepassdroid.fileselect.FileSelectActivity"]}, {"fbb799e2d89fd4f6e3e3022c1ca58964": ["0", "com.keepassdroid.fileselect.FileSelectActivity"]}, {"fbb799e2d89fd4f6e3e3022c1ca58964": ["0", "com.keepassdroid.fileselect.FileSelectActivity"]}, {"fbb799e2d89fd4f6e3e3022c1ca58964": ["0", "com.keepassdroid.fileselect.FileSelectActivity"]}, {"fbb799e2d89fd4f6e3e3022c1ca58964": ["0", "com.keepassdroid.fileselect.FileSelectActivity"]}, {"fbb799e2d89fd4f6e3e3022c1ca58964": ["0", "com.keepassdroid.fileselect.FileSelectActivity"]}, {"fbb799e2d89fd4f6e3e3022c1ca58964": ["0", "com.keepassdroid.fileselect.FileSelectActivity"]}, {"fbb799e2d89fd4f6e3e3022c1ca58964": ["0", "com.keepassdroid.fileselect.FileSelectActivity"]}, {"fbb799e2d89fd4f6e3e3022c1ca58964": ["0", "com.keepassdroid.fileselect.FileSelectActivity"]}, {"fbb799e2d89fd4f6e3e3022c1ca58964": ["0", "com.keepassdroid.fileselect.FileSelectActivity"]}, {"fbb799e2d89fd4f6e3e3022c1ca58964": ["0", "com.keepassdroid.fileselect.FileSelectActivity"]}, {"fbb799e2d89fd4f6e3e3022c1ca58964": ["0", "com.keepassdroid.fileselect.FileSelectActivity"]}, {"fbb799e2d89fd4f6e3e3022c1ca58964": ["0", "com.keepassdroid.fileselect.FileSelectActivity"]}, {"fbb799e2d89fd4f6e3e3022c1ca58964": ["0", "com.keepassdroid.fileselect.FileSelectActivity"]}, {"fbb799e2d89fd4f6e3e3022c1ca58964": ["0", "com.keepassdroid.fileselect.FileSelectActivity"]}, {"fbb799e2d89fd4f6e3e3022c1ca58964": ["0", "com.keepassdroid.fileselect.FileSelectActivity"]}, {"fbb799e2d89fd4f6e3e3022c1ca58964": ["0", "com.keepassdroid.fileselect.FileSelectActivity"]}, {"fbb799e2d89fd4f6e3e3022c1ca58964": ["0", "com.keepassdroid.fileselect.FileSelectActivity"]}, {"fbb799e2d89fd4f6e3e3022c1ca58964": ["0", "com.keepassdroid.fileselect.FileSelectActivity"]}, {"fbb799e2d89fd4f6e3e3022c1ca58964": ["0", "com.keepassdroid.fileselect.FileSelectActivity"]}, {"fbb799e2d89fd4f6e3e3022c1ca58964": ["0", "com.keepassdroid.fileselect.FileSelectActivity"]}, {"fbb799e2d89fd4f6e3e3022c1ca58964": ["0", "com.keepassdroid.fileselect.FileSelectActivity"]}, {"fbb799e2d89fd4f6e3e3022c1ca58964": ["0", "com.keepassdroid.fileselect.FileSelectActivity"]}, {"fbb799e2d89fd4f6e3e3022c1ca58964": ["0", "com.keepassdroid.fileselect.FileSelectActivity"]}, {"fbb799e2d89fd4f6e3e3022c1ca58964": ["0", "com.keepassdroid.fileselect.FileSelectActivity"]}, {"fbb799e2d89fd4f6e3e3022c1ca58964": ["0", "com.keepassdroid.fileselect.FileSelectActivity"]}, {"fbb799e2d89fd4f6e3e3022c1ca58964": ["0", "com.keepassdroid.fileselect.FileSelectActivity"]}, {"fbb799e2d89fd4f6e3e3022c1ca58964": ["0", "com.keepassdroid.fileselect.FileSelectActivity"]}, {"fbb799e2d89fd4f6e3e3022c1ca58964": ["0", "com.keepassdroid.fileselect.FileSelectActivity"]}, {"fbb799e2d89fd4f6e3e3022c1ca58964": ["0", "com.keepassdroid.fileselect.FileSelectActivity"]}, {"fbb799e2d89fd4f6e3e3022c1ca58964": ["0", "com.keepassdroid.fileselect.FileSelectActivity"]}, {"fbb799e2d89fd4f6e3e3022c1ca58964": ["0", "com.keepassdroid.fileselect.FileSelectActivity"]}, {"fbb799e2d89fd4f6e3e3022c1ca58964": ["0", "com.keepassdroid.fileselect.FileSelectActivity"]}, {"fbb799e2d89fd4f6e3e3022c1ca58964": ["0", "com.keepassdroid.fileselect.FileSelectActivity"]}, {"fbb799e2d89fd4f6e3e3022c1ca58964": ["0", "com.keepassdroid.fileselect.FileSelectActivity"]}, {"fbb799e2d89fd4f6e3e3022c1ca58964": ["0", "com.keepassdroid.fileselect.FileSelectActivity"]}, {"fbb799e2d89fd4f6e3e3022c1ca58964": ["0", "com.keepassdroid.fileselect.FileSelectActivity"]}, {"fbb799e2d89fd4f6e3e3022c1ca58964": ["0", "com.keepassdroid.fileselect.FileSelectActivity"]}, {"fbb799e2d89fd4f6e3e3022c1ca58964": ["0", "com.keepassdroid.fileselect.FileSelectActivity"]}, {"fbb799e2d89fd4f6e3e3022c1ca58964": ["0", "com.keepassdroid.fileselect.FileSelectActivity"]}, {"fbb799e2d89fd4f6e3e3022c1ca58964": ["0", "com.keepassdroid.fileselect.FileSelectActivity"]}, {"fbb799e2d89fd4f6e3e3022c1ca58964": ["0", "com.keepassdroid.fileselect.FileSelectActivity"]}, {"fbb799e2d89fd4f6e3e3022c1ca58964": ["0", "com.keepassdroid.fileselect.FileSelectActivity"]}, {"fbb799e2d89fd4f6e3e3022c1ca58964": ["0", "com.keepassdroid.fileselect.FileSelectActivity"]}, {"fbb799e2d89fd4f6e3e3022c1ca58964": ["0", "com.keepassdroid.fileselect.FileSelectActivity"]}, {"fbb799e2d89fd4f6e3e3022c1ca58964": ["0", "com.keepassdroid.fileselect.FileSelectActivity"]}, {"fbb799e2d89fd4f6e3e3022c1ca58964": ["0", "com.keepassdroid.fileselect.FileSelectActivity"]}, {"fbb799e2d89fd4f6e3e3022c1ca58964": ["0", "com.keepassdroid.fileselect.FileSelectActivity"]}, {"fbb799e2d89fd4f6e3e3022c1ca58964": ["0", "com.keepassdroid.fileselect.FileSelectActivity"]}, {"fbb799e2d89fd4f6e3e3022c1ca58964": ["0", "com.keepassdroid.fileselect.FileSelectActivity"]}, {"fbb799e2d89fd4f6e3e3022c1ca58964": ["0", "com.keepassdroid.fileselect.FileSelectActivity"]}, {"fbb799e2d89fd4f6e3e3022c1ca58964": ["0", "com.keepassdroid.fileselect.FileSelectActivity"]}, {"fbb799e2d89fd4f6e3e3022c1ca58964": ["0", "com.keepassdroid.fileselect.FileSelectActivity"]}, {"fbb799e2d89fd4f6e3e3022c1ca58964": ["0", "com.keepassdroid.fileselect.FileSelectActivity"]}, {"fbb799e2d89fd4f6e3e3022c1ca58964": ["0", "com.keepassdroid.fileselect.FileSelectActivity"]}, {"fbb799e2d89fd4f6e3e3022c1ca58964": ["0", "com.keepassdroid.fileselect.FileSelectActivity"]}, {"fbb799e2d89fd4f6e3e3022c1ca58964": ["0", "com.keepassdroid.fileselect.FileSelectActivity"]}, {"fbb799e2d89fd4f6e3e3022c1ca58964": ["0", "com.keepassdroid.fileselect.FileSelectActivity"]}, {"fbb799e2d89fd4f6e3e3022c1ca58964": ["0", "com.keepassdroid.fileselect.FileSelectActivity"]}, {"c2bd43e28afb13e58f091e5a218a1213": ["1", "com.keepassdroid.PasswordActivity"]}, {"c2bd43e28afb13e58f091e5a218a1213": ["1", "com.keepassdroid.PasswordActivity"]}, {"c2bd43e28afb13e58f091e5a218a1213": ["1", "com.keepassdroid.PasswordActivity"]}, {"c2bd43e28afb13e58f091e5a218a1213": ["1", "com.keepassdroid.PasswordActivity"]}, {"c2bd43e28afb13e58f091e5a218a1213": ["1", "com.keepassdroid.PasswordActivity"]}, {"c2bd43e28afb13e58f091e5a218a1213": ["1", "com.keepassdroid.PasswordActivity"]}, {"c2bd43e28afb13e58f091e5a218a1213": ["1", "com.keepassdroid.PasswordActivity"]}, {"c2bd43e28afb13e58f091e5a218a1213": ["1", "com.keepassdroid.PasswordActivity"]}, {"c2bd43e28afb13e58f091e5a218a1213": ["1", "com.keepassdroid.PasswordActivity"]}, {"c2bd43e28afb13e58f091e5a218a1213": ["1", "com.keepassdroid.PasswordActivity"]}, {"c2bd43e28afb13e58f091e5a218a1213": ["1", "com.keepassdroid.PasswordActivity"]}, {"c2bd43e28afb13e58f091e5a218a1213": ["1", "com.keepassdroid.PasswordActivity"]}, {"c2bd43e28afb13e58f091e5a218a1213": ["1", "com.keepassdroid.PasswordActivity"]}, {"c2bd43e28afb13e58f091e5a218a1213": ["1", "com.keepassdroid.PasswordActivity"]}, {"c2bd43e28afb13e58f091e5a218a1213": ["1", "com.keepassdroid.PasswordActivity"]}, {"c2bd43e28afb13e58f091e5a218a1213": ["1", "com.keepassdroid.PasswordActivity"]}, {"c2bd43e28afb13e58f091e5a218a1213": ["1", "com.keepassdroid.PasswordActivity"]}, {"c2bd43e28afb13e58f091e5a218a1213": ["1", "com.keepassdroid.PasswordActivity"]}, {"c2bd43e28afb13e58f091e5a218a1213": ["1", "com.keepassdroid.PasswordActivity"]}, {"c2bd43e28afb13e58f091e5a218a1213": ["1", "com.keepassdroid.PasswordActivity"]}, {"c2bd43e28afb13e58f091e5a218a1213": ["1", "com.keepassdroid.PasswordActivity"]}, {"c2bd43e28afb13e58f091e5a218a1213": ["1", "com.keepassdroid.PasswordActivity"]}, {"c2bd43e28afb13e58f091e5a218a1213": ["1", "com.keepassdroid.PasswordActivity"]}, {"c2bd43e28afb13e58f091e5a218a1213": ["1", "com.keepassdroid.PasswordActivity"]}, {"c2bd43e28afb13e58f091e5a218a1213": ["1", "com.keepassdroid.PasswordActivity"]}, {"c2bd43e28afb13e58f091e5a218a1213": ["1", "com.keepassdroid.PasswordActivity"]}, {"c2bd43e28afb13e58f091e5a218a1213": ["1", "com.keepassdroid.PasswordActivity"]}, {"c2bd43e28afb13e58f091e5a218a1213": ["1", "com.keepassdroid.PasswordActivity"]}, {"c2bd43e28afb13e58f091e5a218a1213": ["1", "com.keepassdroid.PasswordActivity"]}, {"c2bd43e28afb13e58f091e5a218a1213": ["1", "com.keepassdroid.PasswordActivity"]}, {"c2bd43e28afb13e58f091e5a218a1213": ["1", "com.keepassdroid.PasswordActivity"]}, {"c2bd43e28afb13e58f091e5a218a1213": ["1", "com.keepassdroid.PasswordActivity"]}, {"c2bd43e28afb13e58f091e5a218a1213": ["1", "com.keepassdroid.PasswordActivity"]}, {"c2bd43e28afb13e58f091e5a218a1213": ["1", "com.keepassdroid.PasswordActivity"]}, {"c2bd43e28afb13e58f091e5a218a1213": ["1", "com.keepassdroid.PasswordActivity"]}, {"c2bd43e28afb13e58f091e5a218a1213": ["1", "com.keepassdroid.PasswordActivity"]}, {"c2bd43e28afb13e58f091e5a218a1213": ["1", "com.keepassdroid.PasswordActivity"]}, {"c2bd43e28afb13e58f091e5a218a1213": ["1", "com.keepassdroid.PasswordActivity"]}, {"c2bd43e28afb13e58f091e5a218a1213": ["1", "com.keepassdroid.PasswordActivity"]}, {"c2bd43e28afb13e58f091e5a218a1213": ["1", "com.keepassdroid.PasswordActivity"]}, {"c2bd43e28afb13e58f091e5a218a1213": ["1", "com.keepassdroid.PasswordActivity"]}, {"c2bd43e28afb13e58f091e5a218a1213": ["1", "com.keepassdroid.PasswordActivity"]}, {"c2bd43e28afb13e58f091e5a218a1213": ["1", "com.keepassdroid.PasswordActivity"]}, {"c2bd43e28afb13e58f091e5a218a1213": ["1", "com.keepassdroid.PasswordActivity"]}, {"c2bd43e28afb13e58f091e5a218a1213": ["1", "com.keepassdroid.PasswordActivity"]}, {"c2bd43e28afb13e58f091e5a218a1213": ["1", "com.keepassdroid.PasswordActivity"]}, {"c2bd43e28afb13e58f091e5a218a1213": ["1", "com.keepassdroid.PasswordActivity"]}, {"c2bd43e28afb13e58f091e5a218a1213": ["1", "com.keepassdroid.PasswordActivity"]}, {"c2bd43e28afb13e58f091e5a218a1213": ["1", "com.keepassdroid.PasswordActivity"]}, {"c2bd43e28afb13e58f091e5a218a1213": ["1", "com.keepassdroid.PasswordActivity"]}, {"fbb799e2d89fd4f6e3e3022c1ca58964": ["0", "com.keepassdroid.fileselect.FileSelectActivity"]}, {"fbb799e2d89fd4f6e3e3022c1ca58964": ["0", "com.keepassdroid.fileselect.FileSelectActivity"]}, {"c2bd43e28afb13e58f091e5a218a1213": ["1", "com.keepassdroid.PasswordActivity"]}, {"c2bd43e28afb13e58f091e5a218a1213": ["1", "com.keepassdroid.PasswordActivity"]}, {"c2bd43e28afb13e58f091e5a218a1213": ["1", "com.keepassdroid.PasswordActivity"]}, {"c2bd43e28afb13e58f091e5a218a1213": ["1", "com.keepassdroid.PasswordActivity"]}, {"c2bd43e28afb13e58f091e5a218a1213": ["1", "com.keepassdroid.PasswordActivity"]}, {"c2bd43e28afb13e58f091e5a218a1213": ["1", "com.keepassdroid.PasswordActivity"]}, {"c2bd43e28afb13e58f091e5a218a1213": ["1", "com.keepassdroid.PasswordActivity"]}, {"c2bd43e28afb13e58f091e5a218a1213": ["1", "com.keepassdroid.PasswordActivity"]}, {"c2bd43e28afb13e58f091e5a218a1213": ["1", "com.keepassdroid.PasswordActivity"]}, {"c2bd43e28afb13e58f091e5a218a1213": ["1", "com.keepassdroid.PasswordActivity"]}, {"c2bd43e28afb13e58f091e5a218a1213": ["1", "com.keepassdroid.PasswordActivity"]}, {"c2bd43e28afb13e58f091e5a218a1213": ["1", "com.keepassdroid.PasswordActivity"]}, {"c2bd43e28afb13e58f091e5a218a1213": ["1", "com.keepassdroid.PasswordActivity"]}, {"c2bd43e28afb13e58f091e5a218a1213": ["1", "com.keepassdroid.PasswordActivity"]}, {"c2bd43e28afb13e58f091e5a218a1213": ["1", "com.keepassdroid.PasswordActivity"]}, {"c2bd43e28afb13e58f091e5a218a1213": ["1", "com.keepassdroid.PasswordActivity"]}, {"c2bd43e28afb13e58f091e5a218a1213": ["1", "com.keepassdroid.PasswordActivity"]}, {"c2bd43e28afb13e58f091e5a218a1213": ["1", "com.keepassdroid.PasswordActivity"]}, {"c2bd43e28afb13e58f091e5a218a1213": ["1", "com.keepassdroid.PasswordActivity"]}, {"c2bd43e28afb13e58f091e5a218a1213": ["1", "com.keepassdroid.PasswordActivity"]}, {"c2bd43e28afb13e58f091e5a218a1213": ["1", "com.keepassdroid.PasswordActivity"]}, {"c2bd43e28afb13e58f091e5a218a1213": ["1", "com.keepassdroid.PasswordActivity"]}, {"c2bd43e28afb13e58f091e5a218a1213": ["1", "com.keepassdroid.PasswordActivity"]}, {"c2bd43e28afb13e58f091e5a218a1213": ["1", "com.keepassdroid.PasswordActivity"]}, {"c2bd43e28afb13e58f091e5a218a1213": ["1", "com.keepassdroid.PasswordActivity"]}, {"c2bd43e28afb13e58f091e5a218a1213": ["1", "com.keepassdroid.PasswordActivity"]}, {"c2bd43e28afb13e58f091e5a218a1213": ["1", "com.keepassdroid.PasswordActivity"]}, {"c2bd43e28afb13e58f091e5a218a1213": ["1", "com.keepassdroid.PasswordActivity"]}, {"c2bd43e28afb13e58f091e5a218a1213": ["1", "com.keepassdroid.PasswordActivity"]}, {"c2bd43e28afb13e58f091e5a218a1213": ["1", "com.keepassdroid.PasswordActivity"]}, {"c2bd43e28afb13e58f091e5a218a1213": ["1", "com.keepassdroid.PasswordActivity"]}, {"c2bd43e28afb13e58f091e5a218a1213": ["1", "com.keepassdroid.PasswordActivity"]}, {"c2bd43e28afb13e58f091e5a218a1213": ["1", "com.keepassdroid.PasswordActivity"]}, {"c2bd43e28afb13e58f091e5a218a1213": ["1", "com.keepassdroid.PasswordActivity"]}, {"c2bd43e28afb13e58f091e5a218a1213": ["1", "com.keepassdroid.PasswordActivity"]}, {"c2bd43e28afb13e58f091e5a218a1213": ["1", "com.keepassdroid.PasswordActivity"]}, {"c2bd43e28afb13e58f091e5a218a1213": ["1", "com.keepassdroid.PasswordActivity"]}, {"c2bd43e28afb13e58f091e5a218a1213": ["1", "com.keepassdroid.PasswordActivity"]}, {"c2bd43e28afb13e58f091e5a218a1213": ["1", "com.keepassdroid.PasswordActivity"]}, {"c2bd43e28afb13e58f091e5a218a1213": ["1", "com.keepassdroid.PasswordActivity"]}, {"c2bd43e28afb13e58f091e5a218a1213": ["1", "com.keepassdroid.PasswordActivity"]}, {"c2bd43e28afb13e58f091e5a218a1213": ["1", "com.keepassdroid.PasswordActivity"]}, {"c2bd43e28afb13e58f091e5a218a1213": ["1", "com.keepassdroid.PasswordActivity"]}, {"c2bd43e28afb13e58f091e5a218a1213": ["1", "com.keepassdroid.PasswordActivity"]}, {"c2bd43e28afb13e58f091e5a218a1213": ["1", "com.keepassdroid.PasswordActivity"]}, {"c2bd43e28afb13e58f091e5a218a1213": ["1", "com.keepassdroid.PasswordActivity"]}, {"c2bd43e28afb13e58f091e5a218a1213": ["1", "com.keepassdroid.PasswordActivity"]}, {"c2bd43e28afb13e58f091e5a218a1213": ["1", "com.keepassdroid.PasswordActivity"]}, {"c2bd43e28afb13e58f091e5a218a1213": ["1", "com.keepassdroid.PasswordActivity"]}, {"c2bd43e28afb13e58f091e5a218a1213": ["1", "com.keepassdroid.PasswordActivity"]}, {"c2bd43e28afb13e58f091e5a218a1213": ["1", "com.keepassdroid.PasswordActivity"]}, {"c2bd43e28afb13e58f091e5a218a1213": ["1", "com.keepassdroid.PasswordActivity"]}, {"c2bd43e28afb13e58f091e5a218a1213": ["1", "com.keepassdroid.PasswordActivity"]}, {"c2bd43e28afb13e58f091e5a218a1213": ["1", "com.keepassdroid.PasswordActivity"]}, {"c2bd43e28afb13e58f091e5a218a1213": ["1", "com.keepassdroid.PasswordActivity"]}, {"c2bd43e28afb13e58f091e5a218a1213": ["1", "com.keepassdroid.PasswordActivity"]}, {"c2bd43e28afb13e58f091e5a218a1213": ["1", "com.keepassdroid.PasswordActivity"]}, {"c2bd43e28afb13e58f091e5a218a1213": ["1", "com.keepassdroid.PasswordActivity"]}, {"c2bd43e28afb13e58f091e5a218a1213": ["1", "com.keepassdroid.PasswordActivity"]}, {"c2bd43e28afb13e58f091e5a218a1213": ["1", "com.keepassdroid.PasswordActivity"]}, {"fbb799e2d89fd4f6e3e3022c1ca58964": ["0", "com.keepassdroid.fileselect.FileSelectActivity"]}, {"fbb799e2d89fd4f6e3e3022c1ca58964": ["0", "com.keepassdroid.fileselect.FileSelectActivity"]}, {"fbb799e2d89fd4f6e3e3022c1ca58964": ["0", "com.keepassdroid.fileselect.FileSelectActivity"]}, {"fbb799e2d89fd4f6e3e3022c1ca58964": ["0", "com.keepassdroid.fileselect.FileSelectActivity"]}, {"fbb799e2d89fd4f6e3e3022c1ca58964": ["0", "com.keepassdroid.fileselect.FileSelectActivity"]}, {"fbb799e2d89fd4f6e3e3022c1ca58964": ["0", "com.keepassdroid.fileselect.FileSelectActivity"]}, {"fbb799e2d89fd4f6e3e3022c1ca58964": ["0", "com.keepassdroid.fileselect.FileSelectActivity"]}, {"fbb799e2d89fd4f6e3e3022c1ca58964": ["0", "com.keepassdroid.fileselect.FileSelectActivity"]}, {"fbb799e2d89fd4f6e3e3022c1ca58964": ["0", "com.keepassdroid.fileselect.FileSelectActivity"]}, {"fbb799e2d89fd4f6e3e3022c1ca58964": ["0", "com.keepassdroid.fileselect.FileSelectActivity"]}, {"fbb799e2d89fd4f6e3e3022c1ca58964": ["0", "com.keepassdroid.fileselect.FileSelectActivity"]}, {"fbb799e2d89fd4f6e3e3022c1ca58964": ["0", "com.keepassdroid.fileselect.FileSelectActivity"]}, {"fbb799e2d89fd4f6e3e3022c1ca58964": ["0", "com.keepassdroid.fileselect.FileSelectActivity"]}, {"fbb799e2d89fd4f6e3e3022c1ca58964": ["0", "com.keepassdroid.fileselect.FileSelectActivity"]}, {"fbb799e2d89fd4f6e3e3022c1ca58964": ["0", "com.keepassdroid.fileselect.FileSelectActivity"]}, {"fbb799e2d89fd4f6e3e3022c1ca58964": ["0", "com.keepassdroid.fileselect.FileSelectActivity"]}, {"fbb799e2d89fd4f6e3e3022c1ca58964": ["0", "com.keepassdroid.fileselect.FileSelectActivity"]}, {"fbb799e2d89fd4f6e3e3022c1ca58964": ["0", "com.keepassdroid.fileselect.FileSelectActivity"]}, {"fbb799e2d89fd4f6e3e3022c1ca58964": ["0", "com.keepassdroid.fileselect.FileSelectActivity"]}, {"fbb799e2d89fd4f6e3e3022c1ca58964": ["0", "com.keepassdroid.fileselect.FileSelectActivity"]}, {"fbb799e2d89fd4f6e3e3022c1ca58964": ["0", "com.keepassdroid.fileselect.FileSelectActivity"]}, {"fbb799e2d89fd4f6e3e3022c1ca58964": ["0", "com.keepassdroid.fileselect.FileSelectActivity"]}, {"fbb799e2d89fd4f6e3e3022c1ca58964": ["0", "com.keepassdroid.fileselect.FileSelectActivity"]}, {"fbb799e2d89fd4f6e3e3022c1ca58964": ["0", "com.keepassdroid.fileselect.FileSelectActivity"]}, {"fbb799e2d89fd4f6e3e3022c1ca58964": ["0", "com.keepassdroid.fileselect.FileSelectActivity"]}, {"fbb799e2d89fd4f6e3e3022c1ca58964": ["0", "com.keepassdroid.fileselect.FileSelectActivity"]}, {"fbb799e2d89fd4f6e3e3022c1ca58964": ["0", "com.keepassdroid.fileselect.FileSelectActivity"]}, {"fbb799e2d89fd4f6e3e3022c1ca58964": ["0", "com.keepassdroid.fileselect.FileSelectActivity"]}, {"fbb799e2d89fd4f6e3e3022c1ca58964": ["0", "com.keepassdroid.fileselect.FileSelectActivity"]}, {"fbb799e2d89fd4f6e3e3022c1ca58964": ["0", "com.keepassdroid.fileselect.FileSelectActivity"]}, {"fbb799e2d89fd4f6e3e3022c1ca58964": ["0", "com.keepassdroid.fileselect.FileSelectActivity"]}, {"fbb799e2d89fd4f6e3e3022c1ca58964": ["0", "com.keepassdroid.fileselect.FileSelectActivity"]}, {"fbb799e2d89fd4f6e3e3022c1ca58964": ["0", "com.keepassdroid.fileselect.FileSelectActivity"]}, {"fbb799e2d89fd4f6e3e3022c1ca58964": ["0", "com.keepassdroid.fileselect.FileSelectActivity"]}, {"fbb799e2d89fd4f6e3e3022c1ca58964": ["0", "com.keepassdroid.fileselect.FileSelectActivity"]}, {"fbb799e2d89fd4f6e3e3022c1ca58964": ["0", "com.keepassdroid.fileselect.FileSelectActivity"]}, {"fbb799e2d89fd4f6e3e3022c1ca58964": ["0", "com.keepassdroid.fileselect.FileSelectActivity"]}, {"fbb799e2d89fd4f6e3e3022c1ca58964": ["0", "com.keepassdroid.fileselect.FileSelectActivity"]}, {"fbb799e2d89fd4f6e3e3022c1ca58964": ["0", "com.keepassdroid.fileselect.FileSelectActivity"]}, {"fbb799e2d89fd4f6e3e3022c1ca58964": ["0", "com.keepassdroid.fileselect.FileSelectActivity"]}, {"fbb799e2d89fd4f6e3e3022c1ca58964": ["0", "com.keepassdroid.fileselect.FileSelectActivity"]}, {"fbb799e2d89fd4f6e3e3022c1ca58964": ["0", "com.keepassdroid.fileselect.FileSelectActivity"]}, {"fbb799e2d89fd4f6e3e3022c1ca58964": ["0", "com.keepassdroid.fileselect.FileSelectActivity"]}, {"fbb799e2d89fd4f6e3e3022c1ca58964": ["0", "com.keepassdroid.fileselect.FileSelectActivity"]}, {"fbb799e2d89fd4f6e3e3022c1ca58964": ["0", "com.keepassdroid.fileselect.FileSelectActivity"]}, {"fbb799e2d89fd4f6e3e3022c1ca58964": ["0", "com.keepassdroid.fileselect.FileSelectActivity"]}, {"fbb799e2d89fd4f6e3e3022c1ca58964": ["0", "com.keepassdroid.fileselect.FileSelectActivity"]}, {"fbb799e2d89fd4f6e3e3022c1ca58964": ["0", "com.keepassdroid.fileselect.FileSelectActivity"]}, {"fbb799e2d89fd4f6e3e3022c1ca58964": ["0", "com.keepassdroid.fileselect.FileSelectActivity"]}, {"fbb799e2d89fd4f6e3e3022c1ca58964": ["0", "com.keepassdroid.fileselect.FileSelectActivity"]}, {"fbb799e2d89fd4f6e3e3022c1ca58964": ["0", "com.keepassdroid.fileselect.FileSelectActivity"]}, {"fbb799e2d89fd4f6e3e3022c1ca58964": ["0", "com.keepassdroid.fileselect.FileSelectActivity"]}, {"fbb799e2d89fd4f6e3e3022c1ca58964": ["0", "com.keepassdroid.fileselect.FileSelectActivity"]}, {"fbb799e2d89fd4f6e3e3022c1ca58964": ["0", "com.keepassdroid.fileselect.FileSelectActivity"]}, {"fbb799e2d89fd4f6e3e3022c1ca58964": ["0", "com.keepassdroid.fileselect.FileSelectActivity"]}, {"fbb799e2d89fd4f6e3e3022c1ca58964": ["0", "com.keepassdroid.fileselect.FileSelectActivity"]}, {"fbb799e2d89fd4f6e3e3022c1ca58964": ["0", "com.keepassdroid.fileselect.FileSelectActivity"]}, {"fbb799e2d89fd4f6e3e3022c1ca58964": ["0", "com.keepassdroid.fileselect.FileSelectActivity"]}, {"fbb799e2d89fd4f6e3e3022c1ca58964": ["0", "com.keepassdroid.fileselect.FileSelectActivity"]}, {"fbb799e2d89fd4f6e3e3022c1ca58964": ["0", "com.keepassdroid.fileselect.FileSelectActivity"]}, {"fbb799e2d89fd4f6e3e3022c1ca58964": ["0", "com.keepassdroid.fileselect.FileSelectActivity"]}, {"fbb799e2d89fd4f6e3e3022c1ca58964": ["0", "com.keepassdroid.fileselect.FileSelectActivity"]}, {"fbb799e2d89fd4f6e3e3022c1ca58964": ["0", "com.keepassdroid.fileselect.FileSelectActivity"]}, {"fbb799e2d89fd4f6e3e3022c1ca58964": ["0", "com.keepassdroid.fileselect.FileSelectActivity"]}, {"fbb799e2d89fd4f6e3e3022c1ca58964": ["0", "com.keepassdroid.fileselect.FileSelectActivity"]}, {"fbb799e2d89fd4f6e3e3022c1ca58964": ["0", "com.keepassdroid.fileselect.FileSelectActivity"]}, {"fbb799e2d89fd4f6e3e3022c1ca58964": ["0", "com.keepassdroid.fileselect.FileSelectActivity"]}, {"fbb799e2d89fd4f6e3e3022c1ca58964": ["0", "com.keepassdroid.fileselect.FileSelectActivity"]}, {"fbb799e2d89fd4f6e3e3022c1ca58964": ["0", "com.keepassdroid.fileselect.FileSelectActivity"]}, {"fbb799e2d89fd4f6e3e3022c1ca58964": ["0", "com.keepassdroid.fileselect.FileSelectActivity"]}, {"fbb799e2d89fd4f6e3e3022c1ca58964": ["0", "com.keepassdroid.fileselect.FileSelectActivity"]}, {"fbb799e2d89fd4f6e3e3022c1ca58964": ["0", "com.keepassdroid.fileselect.FileSelectActivity"]}, {"c2bd43e28afb13e58f091e5a218a1213": ["1", "com.keepassdroid.PasswordActivity"]}, {"c2bd43e28afb13e58f091e5a218a1213": ["1", "com.keepassdroid.PasswordActivity"]}, {"c2bd43e28afb13e58f091e5a218a1213": ["1", "com.keepassdroid.PasswordActivity"]}, {"c2bd43e28afb13e58f091e5a218a1213": ["1", "com.keepassdroid.PasswordActivity"]}, {"c2bd43e28afb13e58f091e5a218a1213": ["1", "com.keepassdroid.PasswordActivity"]}, {"c2bd43e28afb13e58f091e5a218a1213": ["1", "com.keepassdroid.PasswordActivity"]}, {"c2bd43e28afb13e58f091e5a218a1213": ["1", "com.keepassdroid.PasswordActivity"]}, {"c2bd43e28afb13e58f091e5a218a1213": ["1", "com.keepassdroid.PasswordActivity"]}, {"c2bd43e28afb13e58f091e5a218a1213": ["1", "com.keepassdroid.PasswordActivity"]}, {"c2bd43e28afb13e58f091e5a218a1213": ["1", "com.keepassdroid.PasswordActivity"]}, {"c2bd43e28afb13e58f091e5a218a1213": ["1", "com.keepassdroid.PasswordActivity"]}, {"c2bd43e28afb13e58f091e5a218a1213": ["1", "com.keepassdroid.PasswordActivity"]}, {"c2bd43e28afb13e58f091e5a218a1213": ["1", "com.keepassdroid.PasswordActivity"]}, {"c2bd43e28afb13e58f091e5a218a1213": ["1", "com.keepassdroid.PasswordActivity"]}, {"fbb799e2d89fd4f6e3e3022c1ca58964": ["0", "com.keepassdroid.fileselect.FileSelectActivity"]}, {"fbb799e2d89fd4f6e3e3022c1ca58964": ["0", "com.keepassdroid.fileselect.FileSelectActivity"]}, {"fbb799e2d89fd4f6e3e3022c1ca58964": ["0", "com.keepassdroid.fileselect.FileSelectActivity"]}, {"fbb799e2d89fd4f6e3e3022c1ca58964": ["0", "com.keepassdroid.fileselect.FileSelectActivity"]}, {"fbb799e2d89fd4f6e3e3022c1ca58964": ["0", "com.keepassdroid.fileselect.FileSelectActivity"]}, {"fbb799e2d89fd4f6e3e3022c1ca58964": ["0", "com.keepassdroid.fileselect.FileSelectActivity"]}, {"fbb799e2d89fd4f6e3e3022c1ca58964": ["0", "com.keepassdroid.fileselect.FileSelectActivity"]}, {"fbb799e2d89fd4f6e3e3022c1ca58964": ["0", "com.keepassdroid.fileselect.FileSelectActivity"]}, {"fbb799e2d89fd4f6e3e3022c1ca58964": ["0", "com.keepassdroid.fileselect.FileSelectActivity"]}, {"fbb799e2d89fd4f6e3e3022c1ca58964": ["0", "com.keepassdroid.fileselect.FileSelectActivity"]}, {"fbb799e2d89fd4f6e3e3022c1ca58964": ["0", "com.keepassdroid.fileselect.FileSelectActivity"]}, {"fbb799e2d89fd4f6e3e3022c1ca58964": ["0", "com.keepassdroid.fileselect.FileSelectActivity"]}, {"fbb799e2d89fd4f6e3e3022c1ca58964": ["0", "com.keepassdroid.fileselect.FileSelectActivity"]}, {"fbb799e2d89fd4f6e3e3022c1ca58964": ["0", "com.keepassdroid.fileselect.FileSelectActivity"]}, {"fbb799e2d89fd4f6e3e3022c1ca58964": ["0", "com.keepassdroid.fileselect.FileSelectActivity"]}, {"fbb799e2d89fd4f6e3e3022c1ca58964": ["0", "com.keepassdroid.fileselect.FileSelectActivity"]}, {"fbb799e2d89fd4f6e3e3022c1ca58964": ["0", "com.keepassdroid.fileselect.FileSelectActivity"]}, {"fbb799e2d89fd4f6e3e3022c1ca58964": ["0", "com.keepassdroid.fileselect.FileSelectActivity"]}, {"fbb799e2d89fd4f6e3e3022c1ca58964": ["0", "com.keepassdroid.fileselect.FileSelectActivity"]}, {"fbb799e2d89fd4f6e3e3022c1ca58964": ["0", "com.keepassdroid.fileselect.FileSelectActivity"]}, {"fbb799e2d89fd4f6e3e3022c1ca58964": ["0", "com.keepassdroid.fileselect.FileSelectActivity"]}, {"fbb799e2d89fd4f6e3e3022c1ca58964": ["0", "com.keepassdroid.fileselect.FileSelectActivity"]}, {"fbb799e2d89fd4f6e3e3022c1ca58964": ["0", "com.keepassdroid.fileselect.FileSelectActivity"]}, {"fbb799e2d89fd4f6e3e3022c1ca58964": ["0", "com.keepassdroid.fileselect.FileSelectActivity"]}, {"fbb799e2d89fd4f6e3e3022c1ca58964": ["0", "com.keepassdroid.fileselect.FileSelectActivity"]}, {"fbb799e2d89fd4f6e3e3022c1ca58964": ["0", "com.keepassdroid.fileselect.FileSelectActivity"]}, {"fbb799e2d89fd4f6e3e3022c1ca58964": ["0", "com.keepassdroid.fileselect.FileSelectActivity"]}, {"fbb799e2d89fd4f6e3e3022c1ca58964": ["0", "com.keepassdroid.fileselect.FileSelectActivity"]}, {"fbb799e2d89fd4f6e3e3022c1ca58964": ["0", "com.keepassdroid.fileselect.FileSelectActivity"]}, {"fbb799e2d89fd4f6e3e3022c1ca58964": ["0", "com.keepassdroid.fileselect.FileSelectActivity"]}, {"fbb799e2d89fd4f6e3e3022c1ca58964": ["0", "com.keepassdroid.fileselect.FileSelectActivity"]}, {"fbb799e2d89fd4f6e3e3022c1ca58964": ["0", "com.keepassdroid.fileselect.FileSelectActivity"]}, {"fbb799e2d89fd4f6e3e3022c1ca58964": ["0", "com.keepassdroid.fileselect.FileSelectActivity"]}, {"fbb799e2d89fd4f6e3e3022c1ca58964": ["0", "com.keepassdroid.fileselect.FileSelectActivity"]}, {"fbb799e2d89fd4f6e3e3022c1ca58964": ["0", "com.keepassdroid.fileselect.FileSelectActivity"]}, {"fbb799e2d89fd4f6e3e3022c1ca58964": ["0", "com.keepassdroid.fileselect.FileSelectActivity"]}, {"fbb799e2d89fd4f6e3e3022c1ca58964": ["0", "com.keepassdroid.fileselect.FileSelectActivity"]}, {"fbb799e2d89fd4f6e3e3022c1ca58964": ["0", "com.keepassdroid.fileselect.FileSelectActivity"]}, {"fbb799e2d89fd4f6e3e3022c1ca58964": ["0", "com.keepassdroid.fileselect.FileSelectActivity"]}, {"fbb799e2d89fd4f6e3e3022c1ca58964": ["0", "com.keepassdroid.fileselect.FileSelectActivity"]}, {"fbb799e2d89fd4f6e3e3022c1ca58964": ["0", "com.keepassdroid.fileselect.FileSelectActivity"]}, {"fbb799e2d89fd4f6e3e3022c1ca58964": ["0", "com.keepassdroid.fileselect.FileSelectActivity"]}, {"fbb799e2d89fd4f6e3e3022c1ca58964": ["0", "com.keepassdroid.fileselect.FileSelectActivity"]}, {"fbb799e2d89fd4f6e3e3022c1ca58964": ["0", "com.keepassdroid.fileselect.FileSelectActivity"]}, {"fbb799e2d89fd4f6e3e3022c1ca58964": ["0", "com.keepassdroid.fileselect.FileSelectActivity"]}, {"fbb799e2d89fd4f6e3e3022c1ca58964": ["0", "com.keepassdroid.fileselect.FileSelectActivity"]}, {"fbb799e2d89fd4f6e3e3022c1ca58964": ["0", "com.keepassdroid.fileselect.FileSelectActivity"]}, {"fbb799e2d89fd4f6e3e3022c1ca58964": ["0", "com.keepassdroid.fileselect.FileSelectActivity"]}, {"fbb799e2d89fd4f6e3e3022c1ca58964": ["0", "com.keepassdroid.fileselect.FileSelectActivity"]}, {"fbb799e2d89fd4f6e3e3022c1ca58964": ["0", "com.keepassdroid.fileselect.FileSelectActivity"]}, {"fbb799e2d89fd4f6e3e3022c1ca58964": ["0", "com.keepassdroid.fileselect.FileSelectActivity"]}, {"fbb799e2d89fd4f6e3e3022c1ca58964": ["0", "com.keepassdroid.fileselect.FileSelectActivity"]}, {"fbb799e2d89fd4f6e3e3022c1ca58964": ["0", "com.keepassdroid.fileselect.FileSelectActivity"]}, {"fbb799e2d89fd4f6e3e3022c1ca58964": ["0", "com.keepassdroid.fileselect.FileSelectActivity"]}, {"fbb799e2d89fd4f6e3e3022c1ca58964": ["0", "com.keepassdroid.fileselect.FileSelectActivity"]}, {"fbb799e2d89fd4f6e3e3022c1ca58964": ["0", "com.keepassdroid.fileselect.FileSelectActivity"]}, {"fbb799e2d89fd4f6e3e3022c1ca58964": ["0", "com.keepassdroid.fileselect.FileSelectActivity"]}, {"fbb799e2d89fd4f6e3e3022c1ca58964": ["0", "com.keepassdroid.fileselect.FileSelectActivity"]}, {"fbb799e2d89fd4f6e3e3022c1ca58964": ["0", "com.keepassdroid.fileselect.FileSelectActivity"]}, {"fbb799e2d89fd4f6e3e3022c1ca58964": ["0", "com.keepassdroid.fileselect.FileSelectActivity"]}, {"fbb799e2d89fd4f6e3e3022c1ca58964": ["0", "com.keepassdroid.fileselect.FileSelectActivity"]}, {"fbb799e2d89fd4f6e3e3022c1ca58964": ["0", "com.keepassdroid.fileselect.FileSelectActivity"]}, {"fbb799e2d89fd4f6e3e3022c1ca58964": ["0", "com.keepassdroid.fileselect.FileSelectActivity"]}, {"fbb799e2d89fd4f6e3e3022c1ca58964": ["0", "com.keepassdroid.fileselect.FileSelectActivity"]}, {"fbb799e2d89fd4f6e3e3022c1ca58964": ["0", "com.keepassdroid.fileselect.FileSelectActivity"]}, {"fbb799e2d89fd4f6e3e3022c1ca58964": ["0", "com.keepassdroid.fileselect.FileSelectActivity"]}, {"fbb799e2d89fd4f6e3e3022c1ca58964": ["0", "com.keepassdroid.fileselect.FileSelectActivity"]}, {"fbb799e2d89fd4f6e3e3022c1ca58964": ["0", "com.keepassdroid.fileselect.FileSelectActivity"]}, {"fbb799e2d89fd4f6e3e3022c1ca58964": ["0", "com.keepassdroid.fileselect.FileSelectActivity"]}, {"fbb799e2d89fd4f6e3e3022c1ca58964": ["0", "com.keepassdroid.fileselect.FileSelectActivity"]}, {"fbb799e2d89fd4f6e3e3022c1ca58964": ["0", "com.keepassdroid.fileselect.FileSelectActivity"]}, {"fbb799e2d89fd4f6e3e3022c1ca58964": ["0", "com.keepassdroid.fileselect.FileSelectActivity"]}, {"fbb799e2d89fd4f6e3e3022c1ca58964": ["0", "com.keepassdroid.fileselect.FileSelectActivity"]}, {"fbb799e2d89fd4f6e3e3022c1ca58964": ["0", "com.keepassdroid.fileselect.FileSelectActivity"]}, {"fbb799e2d89fd4f6e3e3022c1ca58964": ["0", "com.keepassdroid.fileselect.FileSelectActivity"]}, {"fbb799e2d89fd4f6e3e3022c1ca58964": ["0", "com.keepassdroid.fileselect.FileSelectActivity"]}, {"fbb799e2d89fd4f6e3e3022c1ca58964": ["0", "com.keepassdroid.fileselect.FileSelectActivity"]}, {"fbb799e2d89fd4f6e3e3022c1ca58964": ["0", "com.keepassdroid.fileselect.FileSelectActivity"]}, {"fbb799e2d89fd4f6e3e3022c1ca58964": ["0", "com.keepassdroid.fileselect.FileSelectActivity"]}, {"fbb799e2d89fd4f6e3e3022c1ca58964": ["0", "com.keepassdroid.fileselect.FileSelectActivity"]}, {"fbb799e2d89fd4f6e3e3022c1ca58964": ["0", "com.keepassdroid.fileselect.FileSelectActivity"]}, {"fbb799e2d89fd4f6e3e3022c1ca58964": ["0", "com.keepassdroid.fileselect.FileSelectActivity"]}, {"fbb799e2d89fd4f6e3e3022c1ca58964": ["0", "com.keepassdroid.fileselect.FileSelectActivity"]}, {"fbb799e2d89fd4f6e3e3022c1ca58964": ["0", "com.keepassdroid.fileselect.FileSelectActivity"]}, {"fbb799e2d89fd4f6e3e3022c1ca58964": ["0", "com.keepassdroid.fileselect.FileSelectActivity"]}, {"fbb799e2d89fd4f6e3e3022c1ca58964": ["0", "com.keepassdroid.fileselect.FileSelectActivity"]}, {"fbb799e2d89fd4f6e3e3022c1ca58964": ["0", "com.keepassdroid.fileselect.FileSelectActivity"]}, {"fbb799e2d89fd4f6e3e3022c1ca58964": ["0", "com.keepassdroid.fileselect.FileSelectActivity"]}, {"fbb799e2d89fd4f6e3e3022c1ca58964": ["0", "com.keepassdroid.fileselect.FileSelectActivity"]}, {"fbb799e2d89fd4f6e3e3022c1ca58964": ["0", "com.keepassdroid.fileselect.FileSelectActivity"]}, {"fbb799e2d89fd4f6e3e3022c1ca58964": ["0", "com.keepassdroid.fileselect.FileSelectActivity"]}, {"fbb799e2d89fd4f6e3e3022c1ca58964": ["0", "com.keepassdroid.fileselect.FileSelectActivity"]}, {"fbb799e2d89fd4f6e3e3022c1ca58964": ["0", "com.keepassdroid.fileselect.FileSelectActivity"]}, {"fbb799e2d89fd4f6e3e3022c1ca58964": ["0", "com.keepassdroid.fileselect.FileSelectActivity"]}, {"fbb799e2d89fd4f6e3e3022c1ca58964": ["0", "com.keepassdroid.fileselect.FileSelectActivity"]}, {"fbb799e2d89fd4f6e3e3022c1ca58964": ["0", "com.keepassdroid.fileselect.FileSelectActivity"]}, {"fbb799e2d89fd4f6e3e3022c1ca58964": ["0", "com.keepassdroid.fileselect.FileSelectActivity"]}, {"fbb799e2d89fd4f6e3e3022c1ca58964": ["0", "com.keepassdroid.fileselect.FileSelectActivity"]}, {"fbb799e2d89fd4f6e3e3022c1ca58964": ["0", "com.keepassdroid.fileselect.FileSelectActivity"]}, {"fbb799e2d89fd4f6e3e3022c1ca58964": ["0", "com.keepassdroid.fileselect.FileSelectActivity"]}, {"fbb799e2d89fd4f6e3e3022c1ca58964": ["0", "com.keepassdroid.fileselect.FileSelectActivity"]}, {"fbb799e2d89fd4f6e3e3022c1ca58964": ["0", "com.keepassdroid.fileselect.FileSelectActivity"]}, {"fbb799e2d89fd4f6e3e3022c1ca58964": ["0", "com.keepassdroid.fileselect.FileSelectActivity"]}, {"fbb799e2d89fd4f6e3e3022c1ca58964": ["0", "com.keepassdroid.fileselect.FileSelectActivity"]}, {"fbb799e2d89fd4f6e3e3022c1ca58964": ["0", "com.keepassdroid.fileselect.FileSelectActivity"]}, {"fbb799e2d89fd4f6e3e3022c1ca58964": ["0", "com.keepassdroid.fileselect.FileSelectActivity"]}, {"fbb799e2d89fd4f6e3e3022c1ca58964": ["0", "com.keepassdroid.fileselect.FileSelectActivity"]}, {"fbb799e2d89fd4f6e3e3022c1ca58964": ["0", "com.keepassdroid.fileselect.FileSelectActivity"]}, {"fbb799e2d89fd4f6e3e3022c1ca58964": ["0", "com.keepassdroid.fileselect.FileSelectActivity"]}, {"fbb799e2d89fd4f6e3e3022c1ca58964": ["0", "com.keepassdroid.fileselect.FileSelectActivity"]}, {"fbb799e2d89fd4f6e3e3022c1ca58964": ["0", "com.keepassdroid.fileselect.FileSelectActivity"]}, {"fbb799e2d89fd4f6e3e3022c1ca58964": ["0", "com.keepassdroid.fileselect.FileSelectActivity"]}, {"fbb799e2d89fd4f6e3e3022c1ca58964": ["0", "com.keepassdroid.fileselect.FileSelectActivity"]}, {"fbb799e2d89fd4f6e3e3022c1ca58964": ["0", "com.keepassdroid.fileselect.FileSelectActivity"]}, {"fbb799e2d89fd4f6e3e3022c1ca58964": ["0", "com.keepassdroid.fileselect.FileSelectActivity"]}, {"fbb799e2d89fd4f6e3e3022c1ca58964": ["0", "com.keepassdroid.fileselect.FileSelectActivity"]}, {"fbb799e2d89fd4f6e3e3022c1ca58964": ["0", "com.keepassdroid.fileselect.FileSelectActivity"]}, {"fbb799e2d89fd4f6e3e3022c1ca58964": ["0", "com.keepassdroid.fileselect.FileSelectActivity"]}, {"fbb799e2d89fd4f6e3e3022c1ca58964": ["0", "com.keepassdroid.fileselect.FileSelectActivity"]}, {"fbb799e2d89fd4f6e3e3022c1ca58964": ["0", "com.keepassdroid.fileselect.FileSelectActivity"]}, {"fbb799e2d89fd4f6e3e3022c1ca58964": ["0", "com.keepassdroid.fileselect.FileSelectActivity"]}, {"fbb799e2d89fd4f6e3e3022c1ca58964": ["0", "com.keepassdroid.fileselect.FileSelectActivity"]}, {"fbb799e2d89fd4f6e3e3022c1ca58964": ["0", "com.keepassdroid.fileselect.FileSelectActivity"]}, {"fbb799e2d89fd4f6e3e3022c1ca58964": ["0", "com.keepassdroid.fileselect.FileSelectActivity"]}, {"fbb799e2d89fd4f6e3e3022c1ca58964": ["0", "com.keepassdroid.fileselect.FileSelectActivity"]}, {"fbb799e2d89fd4f6e3e3022c1ca58964": ["0", "com.keepassdroid.fileselect.FileSelectActivity"]}, {"fbb799e2d89fd4f6e3e3022c1ca58964": ["0", "com.keepassdroid.fileselect.FileSelectActivity"]}, {"fbb799e2d89fd4f6e3e3022c1ca58964": ["0", "com.keepassdroid.fileselect.FileSelectActivity"]}, {"fbb799e2d89fd4f6e3e3022c1ca58964": ["0", "com.keepassdroid.fileselect.FileSelectActivity"]}, {"fbb799e2d89fd4f6e3e3022c1ca58964": ["0", "com.keepassdroid.fileselect.FileSelectActivity"]}, {"fbb799e2d89fd4f6e3e3022c1ca58964": ["0", "com.keepassdroid.fileselect.FileSelectActivity"]}, {"fbb799e2d89fd4f6e3e3022c1ca58964": ["0", "com.keepassdroid.fileselect.FileSelectActivity"]}, {"fbb799e2d89fd4f6e3e3022c1ca58964": ["0", "com.keepassdroid.fileselect.FileSelectActivity"]}, {"fbb799e2d89fd4f6e3e3022c1ca58964": ["0", "com.keepassdroid.fileselect.FileSelectActivity"]}, {"fbb799e2d89fd4f6e3e3022c1ca58964": ["0", "com.keepassdroid.fileselect.FileSelectActivity"]}, {"fbb799e2d89fd4f6e3e3022c1ca58964": ["0", "com.keepassdroid.fileselect.FileSelectActivity"]}, {"fbb799e2d89fd4f6e3e3022c1ca58964": ["0", "com.keepassdroid.fileselect.FileSelectActivity"]}, {"fbb799e2d89fd4f6e3e3022c1ca58964": ["0", "com.keepassdroid.fileselect.FileSelectActivity"]}, {"fbb799e2d89fd4f6e3e3022c1ca58964": ["0", "com.keepassdroid.fileselect.FileSelectActivity"]}, {"fbb799e2d89fd4f6e3e3022c1ca58964": ["0", "com.keepassdroid.fileselect.FileSelectActivity"]}, {"fbb799e2d89fd4f6e3e3022c1ca58964": ["0", "com.keepassdroid.fileselect.FileSelectActivity"]}, {"fbb799e2d89fd4f6e3e3022c1ca58964": ["0", "com.keepassdroid.fileselect.FileSelectActivity"]}, {"fbb799e2d89fd4f6e3e3022c1ca58964": ["0", "com.keepassdroid.fileselect.FileSelectActivity"]}, {"fbb799e2d89fd4f6e3e3022c1ca58964": ["0", "com.keepassdroid.fileselect.FileSelectActivity"]}, {"fbb799e2d89fd4f6e3e3022c1ca58964": ["0", "com.keepassdroid.fileselect.FileSelectActivity"]}, {"fbb799e2d89fd4f6e3e3022c1ca58964": ["0", "com.keepassdroid.fileselect.FileSelectActivity"]}, {"fbb799e2d89fd4f6e3e3022c1ca58964": ["0", "com.keepassdroid.fileselect.FileSelectActivity"]}, {"fbb799e2d89fd4f6e3e3022c1ca58964": ["0", "com.keepassdroid.fileselect.FileSelectActivity"]}, {"fbb799e2d89fd4f6e3e3022c1ca58964": ["0", "com.keepassdroid.fileselect.FileSelectActivity"]}, {"fbb799e2d89fd4f6e3e3022c1ca58964": ["0", "com.keepassdroid.fileselect.FileSelectActivity"]}, {"fbb799e2d89fd4f6e3e3022c1ca58964": ["0", "com.keepassdroid.fileselect.FileSelectActivity"]}, {"fbb799e2d89fd4f6e3e3022c1ca58964": ["0", "com.keepassdroid.fileselect.FileSelectActivity"]}, {"fbb799e2d89fd4f6e3e3022c1ca58964": ["0", "com.keepassdroid.fileselect.FileSelectActivity"]}, {"fbb799e2d89fd4f6e3e3022c1ca58964": ["0", "com.keepassdroid.fileselect.FileSelectActivity"]}, {"fbb799e2d89fd4f6e3e3022c1ca58964": ["0", "com.keepassdroid.fileselect.FileSelectActivity"]}, {"fbb799e2d89fd4f6e3e3022c1ca58964": ["0", "com.keepassdroid.fileselect.FileSelectActivity"]}, {"fbb799e2d89fd4f6e3e3022c1ca58964": ["0", "com.keepassdroid.fileselect.FileSelectActivity"]}, {"fbb799e2d89fd4f6e3e3022c1ca58964": ["0", "com.keepassdroid.fileselect.FileSelectActivity"]}, {"fbb799e2d89fd4f6e3e3022c1ca58964": ["0", "com.keepassdroid.fileselect.FileSelectActivity"]}, {"fbb799e2d89fd4f6e3e3022c1ca58964": ["0", "com.keepassdroid.fileselect.FileSelectActivity"]}, {"fbb799e2d89fd4f6e3e3022c1ca58964": ["0", "com.keepassdroid.fileselect.FileSelectActivity"]}, {"fbb799e2d89fd4f6e3e3022c1ca58964": ["0", "com.keepassdroid.fileselect.FileSelectActivity"]}, {"fbb799e2d89fd4f6e3e3022c1ca58964": ["0", "com.keepassdroid.fileselect.FileSelectActivity"]}, {"fbb799e2d89fd4f6e3e3022c1ca58964": ["0", "com.keepassdroid.fileselect.FileSelectActivity"]}, {"fbb799e2d89fd4f6e3e3022c1ca58964": ["0", "com.keepassdroid.fileselect.FileSelectActivity"]}, {"fbb799e2d89fd4f6e3e3022c1ca58964": ["0", "com.keepassdroid.fileselect.FileSelectActivity"]}, {"fbb799e2d89fd4f6e3e3022c1ca58964": ["0", "com.keepassdroid.fileselect.FileSelectActivity"]}, {"fbb799e2d89fd4f6e3e3022c1ca58964": ["0", "com.keepassdroid.fileselect.FileSelectActivity"]}, {"fbb799e2d89fd4f6e3e3022c1ca58964": ["0", "com.keepassdroid.fileselect.FileSelectActivity"]}, {"fbb799e2d89fd4f6e3e3022c1ca58964": ["0", "com.keepassdroid.fileselect.FileSelectActivity"]}, {"fbb799e2d89fd4f6e3e3022c1ca58964": ["0", "com.keepassdroid.fileselect.FileSelectActivity"]}, {"fbb799e2d89fd4f6e3e3022c1ca58964": ["0", "com.keepassdroid.fileselect.FileSelectActivity"]}, {"fbb799e2d89fd4f6e3e3022c1ca58964": ["0", "com.keepassdroid.fileselect.FileSelectActivity"]}, {"fbb799e2d89fd4f6e3e3022c1ca58964": ["0", "com.keepassdroid.fileselect.FileSelectActivity"]}, {"fbb799e2d89fd4f6e3e3022c1ca58964": ["0", "com.keepassdroid.fileselect.FileSelectActivity"]}, {"fbb799e2d89fd4f6e3e3022c1ca58964": ["0", "com.keepassdroid.fileselect.FileSelectActivity"]}, {"fbb799e2d89fd4f6e3e3022c1ca58964": ["0", "com.keepassdroid.fileselect.FileSelectActivity"]}, {"fbb799e2d89fd4f6e3e3022c1ca58964": ["0", "com.keepassdroid.fileselect.FileSelectActivity"]}, {"fbb799e2d89fd4f6e3e3022c1ca58964": ["0", "com.keepassdroid.fileselect.FileSelectActivity"]}, {"fbb799e2d89fd4f6e3e3022c1ca58964": ["0", "com.keepassdroid.fileselect.FileSelectActivity"]}, {"fbb799e2d89fd4f6e3e3022c1ca58964": ["0", "com.keepassdroid.fileselect.FileSelectActivity"]}, {"fbb799e2d89fd4f6e3e3022c1ca58964": ["0", "com.keepassdroid.fileselect.FileSelectActivity"]}, {"fbb799e2d89fd4f6e3e3022c1ca58964": ["0", "com.keepassdroid.fileselect.FileSelectActivity"]}, {"fbb799e2d89fd4f6e3e3022c1ca58964": ["0", "com.keepassdroid.fileselect.FileSelectActivity"]}, {"fbb799e2d89fd4f6e3e3022c1ca58964": ["0", "com.keepassdroid.fileselect.FileSelectActivity"]}, {"fbb799e2d89fd4f6e3e3022c1ca58964": ["0", "com.keepassdroid.fileselect.FileSelectActivity"]}, {"fbb799e2d89fd4f6e3e3022c1ca58964": ["0", "com.keepassdroid.fileselect.FileSelectActivity"]}, {"fbb799e2d89fd4f6e3e3022c1ca58964": ["0", "com.keepassdroid.fileselect.FileSelectActivity"]}, {"fbb799e2d89fd4f6e3e3022c1ca58964": ["0", "com.keepassdroid.fileselect.FileSelectActivity"]}, {"fbb799e2d89fd4f6e3e3022c1ca58964": ["0", "com.keepassdroid.fileselect.FileSelectActivity"]}, {"fbb799e2d89fd4f6e3e3022c1ca58964": ["0", "com.keepassdroid.fileselect.FileSelectActivity"]}, {"fbb799e2d89fd4f6e3e3022c1ca58964": ["0", "com.keepassdroid.fileselect.FileSelectActivity"]}, {"fbb799e2d89fd4f6e3e3022c1ca58964": ["0", "com.keepassdroid.fileselect.FileSelectActivity"]}, {"fbb799e2d89fd4f6e3e3022c1ca58964": ["0", "com.keepassdroid.fileselect.FileSelectActivity"]}, {"fbb799e2d89fd4f6e3e3022c1ca58964": ["0", "com.keepassdroid.fileselect.FileSelectActivity"]}, {"fbb799e2d89fd4f6e3e3022c1ca58964": ["0", "com.keepassdroid.fileselect.FileSelectActivity"]}, {"fbb799e2d89fd4f6e3e3022c1ca58964": ["0", "com.keepassdroid.fileselect.FileSelectActivity"]}, {"fbb799e2d89fd4f6e3e3022c1ca58964": ["0", "com.keepassdroid.fileselect.FileSelectActivity"]}, {"fbb799e2d89fd4f6e3e3022c1ca58964": ["0", "com.keepassdroid.fileselect.FileSelectActivity"]}, {"fbb799e2d89fd4f6e3e3022c1ca58964": ["0", "com.keepassdroid.fileselect.FileSelectActivity"]}, {"fbb799e2d89fd4f6e3e3022c1ca58964": ["0", "com.keepassdroid.fileselect.FileSelectActivity"]}, {"fbb799e2d89fd4f6e3e3022c1ca58964": ["0", "com.keepassdroid.fileselect.FileSelectActivity"]}, {"fbb799e2d89fd4f6e3e3022c1ca58964": ["0", "com.keepassdroid.fileselect.FileSelectActivity"]}, {"fbb799e2d89fd4f6e3e3022c1ca58964": ["0", "com.keepassdroid.fileselect.FileSelectActivity"]}, {"fbb799e2d89fd4f6e3e3022c1ca58964": ["0", "com.keepassdroid.fileselect.FileSelectActivity"]}, {"fbb799e2d89fd4f6e3e3022c1ca58964": ["0", "com.keepassdroid.fileselect.FileSelectActivity"]}, {"fbb799e2d89fd4f6e3e3022c1ca58964": ["0", "com.keepassdroid.fileselect.FileSelectActivity"]}, {"fbb799e2d89fd4f6e3e3022c1ca58964": ["0", "com.keepassdroid.fileselect.FileSelectActivity"]}, {"fbb799e2d89fd4f6e3e3022c1ca58964": ["0", "com.keepassdroid.fileselect.FileSelectActivity"]}, {"fbb799e2d89fd4f6e3e3022c1ca58964": ["0", "com.keepassdroid.fileselect.FileSelectActivity"]}, {"fbb799e2d89fd4f6e3e3022c1ca58964": ["0", "com.keepassdroid.fileselect.FileSelectActivity"]}, {"fbb799e2d89fd4f6e3e3022c1ca58964": ["0", "com.keepassdroid.fileselect.FileSelectActivity"]}, {"fbb799e2d89fd4f6e3e3022c1ca58964": ["0", "com.keepassdroid.fileselect.FileSelectActivity"]}, {"fbb799e2d89fd4f6e3e3022c1ca58964": ["0", "com.keepassdroid.fileselect.FileSelectActivity"]}, {"fbb799e2d89fd4f6e3e3022c1ca58964": ["0", "com.keepassdroid.fileselect.FileSelectActivity"]}, {"fbb799e2d89fd4f6e3e3022c1ca58964": ["0", "com.keepassdroid.fileselect.FileSelectActivity"]}, {"fbb799e2d89fd4f6e3e3022c1ca58964": ["0", "com.keepassdroid.fileselect.FileSelectActivity"]}, {"c2bd43e28afb13e58f091e5a218a1213": ["1", "com.keepassdroid.PasswordActivity"]}, {"c2bd43e28afb13e58f091e5a218a1213": ["1", "com.keepassdroid.PasswordActivity"]}, {"c2bd43e28afb13e58f091e5a218a1213": ["1", "com.keepassdroid.PasswordActivity"]}, {"c2bd43e28afb13e58f091e5a218a1213": ["1", "com.keepassdroid.PasswordActivity"]}, {"c2bd43e28afb13e58f091e5a218a1213": ["1", "com.keepassdroid.PasswordActivity"]}, {"c2bd43e28afb13e58f091e5a218a1213": ["1", "com.keepassdroid.PasswordActivity"]}, {"c2bd43e28afb13e58f091e5a218a1213": ["1", "com.keepassdroid.PasswordActivity"]}, {"fbb799e2d89fd4f6e3e3022c1ca58964": ["0", "com.keepassdroid.fileselect.FileSelectActivity"]}, {"fbb799e2d89fd4f6e3e3022c1ca58964": ["0", "com.keepassdroid.fileselect.FileSelectActivity"]}, {"fbb799e2d89fd4f6e3e3022c1ca58964": ["0", "com.keepassdroid.fileselect.FileSelectActivity"]}, {"fbb799e2d89fd4f6e3e3022c1ca58964": ["0", "com.keepassdroid.fileselect.FileSelectActivity"]}, {"fbb799e2d89fd4f6e3e3022c1ca58964": ["0", "com.keepassdroid.fileselect.FileSelectActivity"]}, {"fbb799e2d89fd4f6e3e3022c1ca58964": ["0", "com.keepassdroid.fileselect.FileSelectActivity"]}, {"fbb799e2d89fd4f6e3e3022c1ca58964": ["0", "com.keepassdroid.fileselect.FileSelectActivity"]}, {"fbb799e2d89fd4f6e3e3022c1ca58964": ["0", "com.keepassdroid.fileselect.FileSelectActivity"]}, {"fbb799e2d89fd4f6e3e3022c1ca58964": ["0", "com.keepassdroid.fileselect.FileSelectActivity"]}, {"fbb799e2d89fd4f6e3e3022c1ca58964": ["0", "com.keepassdroid.fileselect.FileSelectActivity"]}, {"fbb799e2d89fd4f6e3e3022c1ca58964": ["0", "com.keepassdroid.fileselect.FileSelectActivity"]}, {"fbb799e2d89fd4f6e3e3022c1ca58964": ["0", "com.keepassdroid.fileselect.FileSelectActivity"]}, {"fbb799e2d89fd4f6e3e3022c1ca58964": ["0", "com.keepassdroid.fileselect.FileSelectActivity"]}, {"fbb799e2d89fd4f6e3e3022c1ca58964": ["0", "com.keepassdroid.fileselect.FileSelectActivity"]}, {"fbb799e2d89fd4f6e3e3022c1ca58964": ["0", "com.keepassdroid.fileselect.FileSelectActivity"]}, {"fbb799e2d89fd4f6e3e3022c1ca58964": ["0", "com.keepassdroid.fileselect.FileSelectActivity"]}, {"fbb799e2d89fd4f6e3e3022c1ca58964": ["0", "com.keepassdroid.fileselect.FileSelectActivity"]}, {"fbb799e2d89fd4f6e3e3022c1ca58964": ["0", "com.keepassdroid.fileselect.FileSelectActivity"]}, {"fbb799e2d89fd4f6e3e3022c1ca58964": ["0", "com.keepassdroid.fileselect.FileSelectActivity"]}, {"fbb799e2d89fd4f6e3e3022c1ca58964": ["0", "com.keepassdroid.fileselect.FileSelectActivity"]}, {"fbb799e2d89fd4f6e3e3022c1ca58964": ["0", "com.keepassdroid.fileselect.FileSelectActivity"]}, {"fbb799e2d89fd4f6e3e3022c1ca58964": ["0", "com.keepassdroid.fileselect.FileSelectActivity"]}, {"fbb799e2d89fd4f6e3e3022c1ca58964": ["0", "com.keepassdroid.fileselect.FileSelectActivity"]}, {"fbb799e2d89fd4f6e3e3022c1ca58964": ["0", "com.keepassdroid.fileselect.FileSelectActivity"]}, {"fbb799e2d89fd4f6e3e3022c1ca58964": ["0", "com.keepassdroid.fileselect.FileSelectActivity"]}, {"fbb799e2d89fd4f6e3e3022c1ca58964": ["0", "com.keepassdroid.fileselect.FileSelectActivity"]}, {"fbb799e2d89fd4f6e3e3022c1ca58964": ["0", "com.keepassdroid.fileselect.FileSelectActivity"]}, {"fbb799e2d89fd4f6e3e3022c1ca58964": ["0", "com.keepassdroid.fileselect.FileSelectActivity"]}, {"fbb799e2d89fd4f6e3e3022c1ca58964": ["0", "com.keepassdroid.fileselect.FileSelectActivity"]}, {"fbb799e2d89fd4f6e3e3022c1ca58964": ["0", "com.keepassdroid.fileselect.FileSelectActivity"]}, {"fbb799e2d89fd4f6e3e3022c1ca58964": ["0", "com.keepassdroid.fileselect.FileSelectActivity"]}, {"fbb799e2d89fd4f6e3e3022c1ca58964": ["0", "com.keepassdroid.fileselect.FileSelectActivity"]}, {"fbb799e2d89fd4f6e3e3022c1ca58964": ["0", "com.keepassdroid.fileselect.FileSelectActivity"]}, {"fbb799e2d89fd4f6e3e3022c1ca58964": ["0", "com.keepassdroid.fileselect.FileSelectActivity"]}, {"fbb799e2d89fd4f6e3e3022c1ca58964": ["0", "com.keepassdroid.fileselect.FileSelectActivity"]}, {"fbb799e2d89fd4f6e3e3022c1ca58964": ["0", "com.keepassdroid.fileselect.FileSelectActivity"]}, {"fbb799e2d89fd4f6e3e3022c1ca58964": ["0", "com.keepassdroid.fileselect.FileSelectActivity"]}, {"fbb799e2d89fd4f6e3e3022c1ca58964": ["0", "com.keepassdroid.fileselect.FileSelectActivity"]}, {"fbb799e2d89fd4f6e3e3022c1ca58964": ["0", "com.keepassdroid.fileselect.FileSelectActivity"]}, {"fbb799e2d89fd4f6e3e3022c1ca58964": ["0", "com.keepassdroid.fileselect.FileSelectActivity"]}, {"fbb799e2d89fd4f6e3e3022c1ca58964": ["0", "com.keepassdroid.fileselect.FileSelectActivity"]}, {"fbb799e2d89fd4f6e3e3022c1ca58964": ["0", "com.keepassdroid.fileselect.FileSelectActivity"]}, {"fbb799e2d89fd4f6e3e3022c1ca58964": ["0", "com.keepassdroid.fileselect.FileSelectActivity"]}, {"fbb799e2d89fd4f6e3e3022c1ca58964": ["0", "com.keepassdroid.fileselect.FileSelectActivity"]}, {"fbb799e2d89fd4f6e3e3022c1ca58964": ["0", "com.keepassdroid.fileselect.FileSelectActivity"]}, {"fbb799e2d89fd4f6e3e3022c1ca58964": ["0", "com.keepassdroid.fileselect.FileSelectActivity"]}, {"fbb799e2d89fd4f6e3e3022c1ca58964": ["0", "com.keepassdroid.fileselect.FileSelectActivity"]}, {"fbb799e2d89fd4f6e3e3022c1ca58964": ["0", "com.keepassdroid.fileselect.FileSelectActivity"]}, {"fbb799e2d89fd4f6e3e3022c1ca58964": ["0", "com.keepassdroid.fileselect.FileSelectActivity"]}]