[{"fe83aa5869338505d5beb82d5fe9c367": ["0", "org.passwordmaker.android.PasswordMakerProForAndroidActivity"]}, {"fe83aa5869338505d5beb82d5fe9c367": ["0", "org.passwordmaker.android.PasswordMakerProForAndroidActivity"]}, {"fe83aa5869338505d5beb82d5fe9c367": ["0", "org.passwordmaker.android.PasswordMakerProForAndroidActivity"]}, {"ad649cc6feb381d21738971d1f305740": ["1", "org.passwordmaker.android.PasswordMakerProForAndroidActivity"]}, {"fe83aa5869338505d5beb82d5fe9c367": ["0", "org.passwordmaker.android.PasswordMakerProForAndroidActivity"]}, {"fe83aa5869338505d5beb82d5fe9c367": ["0", "org.passwordmaker.android.PasswordMakerProForAndroidActivity"]}, {"fe83aa5869338505d5beb82d5fe9c367": ["0", "org.passwordmaker.android.PasswordMakerProForAndroidActivity"]}, {"fe83aa5869338505d5beb82d5fe9c367": ["0", "org.passwordmaker.android.PasswordMakerProForAndroidActivity"]}, {"fe83aa5869338505d5beb82d5fe9c367": ["0", "org.passwordmaker.android.PasswordMakerProForAndroidActivity"]}, {"b6db671c22459c8ec0a3ce1b09ccf0ee": ["6", "org.passwordmaker.android.PasswordMakerProForAndroidActivity"]}, {"fe83aa5869338505d5beb82d5fe9c367": ["0", "org.passwordmaker.android.PasswordMakerProForAndroidActivity"]}, {"fe83aa5869338505d5beb82d5fe9c367": ["0", "org.passwordmaker.android.PasswordMakerProForAndroidActivity"]}, {"fe83aa5869338505d5beb82d5fe9c367": ["0", "org.passwordmaker.android.PasswordMakerProForAndroidActivity"]}, {"b6db671c22459c8ec0a3ce1b09ccf0ee": ["6", "org.passwordmaker.android.PasswordMakerProForAndroidActivity"]}, {"b6db671c22459c8ec0a3ce1b09ccf0ee": ["6", "org.passwordmaker.android.PasswordMakerProForAndroidActivity"]}, {"b6db671c22459c8ec0a3ce1b09ccf0ee": ["6", "org.passwordmaker.android.PasswordMakerProForAndroidActivity"]}, {"b6db671c22459c8ec0a3ce1b09ccf0ee": ["6", "org.passwordmaker.android.PasswordMakerProForAndroidActivity"]}, {"b6db671c22459c8ec0a3ce1b09ccf0ee": ["6", "org.passwordmaker.android.PasswordMakerProForAndroidActivity"]}, {"b6db671c22459c8ec0a3ce1b09ccf0ee": ["6", "org.passwordmaker.android.PasswordMakerProForAndroidActivity"]}, {"fe83aa5869338505d5beb82d5fe9c367": ["0", "org.passwordmaker.android.PasswordMakerProForAndroidActivity"]}, {"fe83aa5869338505d5beb82d5fe9c367": ["0", "org.passwordmaker.android.PasswordMakerProForAndroidActivity"]}, {"fe83aa5869338505d5beb82d5fe9c367": ["0", "org.passwordmaker.android.PasswordMakerProForAndroidActivity"]}, {"fe83aa5869338505d5beb82d5fe9c367": ["0", "org.passwordmaker.android.PasswordMakerProForAndroidActivity"]}, {"fe83aa5869338505d5beb82d5fe9c367": ["0", "org.passwordmaker.android.PasswordMakerProForAndroidActivity"]}, {"fe83aa5869338505d5beb82d5fe9c367": ["0", "org.passwordmaker.android.PasswordMakerProForAndroidActivity"]}, {"fe83aa5869338505d5beb82d5fe9c367": ["0", "org.passwordmaker.android.PasswordMakerProForAndroidActivity"]}, {"fe83aa5869338505d5beb82d5fe9c367": ["0", "org.passwordmaker.android.PasswordMakerProForAndroidActivity"]}, {"fe83aa5869338505d5beb82d5fe9c367": ["0", "org.passwordmaker.android.PasswordMakerProForAndroidActivity"]}, {"fe83aa5869338505d5beb82d5fe9c367": ["0", "org.passwordmaker.android.PasswordMakerProForAndroidActivity"]}, {"fe83aa5869338505d5beb82d5fe9c367": ["0", "org.passwordmaker.android.PasswordMakerProForAndroidActivity"]}, {"fe83aa5869338505d5beb82d5fe9c367": ["0", "org.passwordmaker.android.PasswordMakerProForAndroidActivity"]}, {"fe83aa5869338505d5beb82d5fe9c367": ["0", "org.passwordmaker.android.PasswordMakerProForAndroidActivity"]}, {"fe83aa5869338505d5beb82d5fe9c367": ["0", "org.passwordmaker.android.PasswordMakerProForAndroidActivity"]}, {"fe83aa5869338505d5beb82d5fe9c367": ["0", "org.passwordmaker.android.PasswordMakerProForAndroidActivity"]}, {"fe83aa5869338505d5beb82d5fe9c367": ["0", "org.passwordmaker.android.PasswordMakerProForAndroidActivity"]}, {"fe83aa5869338505d5beb82d5fe9c367": ["0", "org.passwordmaker.android.PasswordMakerProForAndroidActivity"]}, {"fe83aa5869338505d5beb82d5fe9c367": ["0", "org.passwordmaker.android.PasswordMakerProForAndroidActivity"]}, {"fe83aa5869338505d5beb82d5fe9c367": ["0", "org.passwordmaker.android.PasswordMakerProForAndroidActivity"]}, {"fe83aa5869338505d5beb82d5fe9c367": ["0", "org.passwordmaker.android.PasswordMakerProForAndroidActivity"]}, {"fe83aa5869338505d5beb82d5fe9c367": ["0", "org.passwordmaker.android.PasswordMakerProForAndroidActivity"]}, {"fe83aa5869338505d5beb82d5fe9c367": ["0", "org.passwordmaker.android.PasswordMakerProForAndroidActivity"]}, {"fe83aa5869338505d5beb82d5fe9c367": ["0", "org.passwordmaker.android.PasswordMakerProForAndroidActivity"]}, {"fe83aa5869338505d5beb82d5fe9c367": ["0", "org.passwordmaker.android.PasswordMakerProForAndroidActivity"]}, {"fe83aa5869338505d5beb82d5fe9c367": ["0", "org.passwordmaker.android.PasswordMakerProForAndroidActivity"]}, {"fe83aa5869338505d5beb82d5fe9c367": ["0", "org.passwordmaker.android.PasswordMakerProForAndroidActivity"]}, {"fe83aa5869338505d5beb82d5fe9c367": ["0", "org.passwordmaker.android.PasswordMakerProForAndroidActivity"]}, {"fe83aa5869338505d5beb82d5fe9c367": ["0", "org.passwordmaker.android.PasswordMakerProForAndroidActivity"]}, {"b6db671c22459c8ec0a3ce1b09ccf0ee": ["6", "org.passwordmaker.android.PasswordMakerProForAndroidActivity"]}, {"b6db671c22459c8ec0a3ce1b09ccf0ee": ["6", "org.passwordmaker.android.PasswordMakerProForAndroidActivity"]}, {"b6db671c22459c8ec0a3ce1b09ccf0ee": ["6", "org.passwordmaker.android.PasswordMakerProForAndroidActivity"]}, {"b6db671c22459c8ec0a3ce1b09ccf0ee": ["6", "org.passwordmaker.android.PasswordMakerProForAndroidActivity"]}, {"b6db671c22459c8ec0a3ce1b09ccf0ee": ["6", "org.passwordmaker.android.PasswordMakerProForAndroidActivity"]}, {"b6db671c22459c8ec0a3ce1b09ccf0ee": ["6", "org.passwordmaker.android.PasswordMakerProForAndroidActivity"]}, {"b6db671c22459c8ec0a3ce1b09ccf0ee": ["6", "org.passwordmaker.android.PasswordMakerProForAndroidActivity"]}, {"fe83aa5869338505d5beb82d5fe9c367": ["0", "org.passwordmaker.android.PasswordMakerProForAndroidActivity"]}, {"fe83aa5869338505d5beb82d5fe9c367": ["0", "org.passwordmaker.android.PasswordMakerProForAndroidActivity"]}, {"fe83aa5869338505d5beb82d5fe9c367": ["0", "org.passwordmaker.android.PasswordMakerProForAndroidActivity"]}, {"fe83aa5869338505d5beb82d5fe9c367": ["0", "org.passwordmaker.android.PasswordMakerProForAndroidActivity"]}, {"fe83aa5869338505d5beb82d5fe9c367": ["0", "org.passwordmaker.android.PasswordMakerProForAndroidActivity"]}, {"fe83aa5869338505d5beb82d5fe9c367": ["0", "org.passwordmaker.android.PasswordMakerProForAndroidActivity"]}, {"fe83aa5869338505d5beb82d5fe9c367": ["0", "org.passwordmaker.android.PasswordMakerProForAndroidActivity"]}, {"b6db671c22459c8ec0a3ce1b09ccf0ee": ["6", "org.passwordmaker.android.PasswordMakerProForAndroidActivity"]}, {"b6db671c22459c8ec0a3ce1b09ccf0ee": ["6", "org.passwordmaker.android.PasswordMakerProForAndroidActivity"]}, {"b6db671c22459c8ec0a3ce1b09ccf0ee": ["6", "org.passwordmaker.android.PasswordMakerProForAndroidActivity"]}, {"b6db671c22459c8ec0a3ce1b09ccf0ee": ["6", "org.passwordmaker.android.PasswordMakerProForAndroidActivity"]}, {"fe83aa5869338505d5beb82d5fe9c367": ["0", "org.passwordmaker.android.PasswordMakerProForAndroidActivity"]}, {"fe83aa5869338505d5beb82d5fe9c367": ["0", "org.passwordmaker.android.PasswordMakerProForAndroidActivity"]}, {"fe83aa5869338505d5beb82d5fe9c367": ["0", "org.passwordmaker.android.PasswordMakerProForAndroidActivity"]}, {"fe83aa5869338505d5beb82d5fe9c367": ["0", "org.passwordmaker.android.PasswordMakerProForAndroidActivity"]}, {"b6db671c22459c8ec0a3ce1b09ccf0ee": ["6", "org.passwordmaker.android.PasswordMakerProForAndroidActivity"]}, {"b6db671c22459c8ec0a3ce1b09ccf0ee": ["6", "org.passwordmaker.android.PasswordMakerProForAndroidActivity"]}, {"17f18953d4f5235eeaa5e9f40ca19922": ["2", "org.passwordmaker.android.PasswordMakerProForAndroidActivity"]}, {"b6db671c22459c8ec0a3ce1b09ccf0ee": ["6", "org.passwordmaker.android.PasswordMakerProForAndroidActivity"]}, {"b6db671c22459c8ec0a3ce1b09ccf0ee": ["6", "org.passwordmaker.android.PasswordMakerProForAndroidActivity"]}, {"b6db671c22459c8ec0a3ce1b09ccf0ee": ["6", "org.passwordmaker.android.PasswordMakerProForAndroidActivity"]}, {"b6db671c22459c8ec0a3ce1b09ccf0ee": ["6", "org.passwordmaker.android.PasswordMakerProForAndroidActivity"]}, {"b6db671c22459c8ec0a3ce1b09ccf0ee": ["6", "org.passwordmaker.android.PasswordMakerProForAndroidActivity"]}, {"b6db671c22459c8ec0a3ce1b09ccf0ee": ["6", "org.passwordmaker.android.PasswordMakerProForAndroidActivity"]}, {"b6db671c22459c8ec0a3ce1b09ccf0ee": ["6", "org.passwordmaker.android.PasswordMakerProForAndroidActivity"]}, {"b6db671c22459c8ec0a3ce1b09ccf0ee": ["6", "org.passwordmaker.android.PasswordMakerProForAndroidActivity"]}, {"b6db671c22459c8ec0a3ce1b09ccf0ee": ["6", "org.passwordmaker.android.PasswordMakerProForAndroidActivity"]}, {"b6db671c22459c8ec0a3ce1b09ccf0ee": ["6", "org.passwordmaker.android.PasswordMakerProForAndroidActivity"]}, {"b6db671c22459c8ec0a3ce1b09ccf0ee": ["6", "org.passwordmaker.android.PasswordMakerProForAndroidActivity"]}, {"b6db671c22459c8ec0a3ce1b09ccf0ee": ["6", "org.passwordmaker.android.PasswordMakerProForAndroidActivity"]}, {"b6db671c22459c8ec0a3ce1b09ccf0ee": ["6", "org.passwordmaker.android.PasswordMakerProForAndroidActivity"]}, {"b6db671c22459c8ec0a3ce1b09ccf0ee": ["6", "org.passwordmaker.android.PasswordMakerProForAndroidActivity"]}, {"b6db671c22459c8ec0a3ce1b09ccf0ee": ["6", "org.passwordmaker.android.PasswordMakerProForAndroidActivity"]}, {"b6db671c22459c8ec0a3ce1b09ccf0ee": ["6", "org.passwordmaker.android.PasswordMakerProForAndroidActivity"]}, {"fe83aa5869338505d5beb82d5fe9c367": ["0", "org.passwordmaker.android.PasswordMakerProForAndroidActivity"]}, {"fe83aa5869338505d5beb82d5fe9c367": ["0", "org.passwordmaker.android.PasswordMakerProForAndroidActivity"]}, {"fe83aa5869338505d5beb82d5fe9c367": ["0", "org.passwordmaker.android.PasswordMakerProForAndroidActivity"]}, {"fe83aa5869338505d5beb82d5fe9c367": ["0", "org.passwordmaker.android.PasswordMakerProForAndroidActivity"]}, {"fe83aa5869338505d5beb82d5fe9c367": ["0", "org.passwordmaker.android.PasswordMakerProForAndroidActivity"]}, {"fe83aa5869338505d5beb82d5fe9c367": ["0", "org.passwordmaker.android.PasswordMakerProForAndroidActivity"]}, {"fe83aa5869338505d5beb82d5fe9c367": ["0", "org.passwordmaker.android.PasswordMakerProForAndroidActivity"]}, {"fe83aa5869338505d5beb82d5fe9c367": ["0", "org.passwordmaker.android.PasswordMakerProForAndroidActivity"]}, {"17f18953d4f5235eeaa5e9f40ca19922": ["2", "org.passwordmaker.android.PasswordMakerProForAndroidActivity"]}, {"531b3842f457cc3302ba79b6e4ed87f2": ["3", "org.passwordmaker.android.PasswordMakerEditFavorites"]}, {"f7b87c5d67c47617cdc32887e26ccaaf": ["4", "org.passwordmaker.android.PasswordMakerEditFavorites"]}, {"fe83aa5869338505d5beb82d5fe9c367": ["0", "org.passwordmaker.android.PasswordMakerProForAndroidActivity"]}, {"fe83aa5869338505d5beb82d5fe9c367": ["0", "org.passwordmaker.android.PasswordMakerProForAndroidActivity"]}, {"fe83aa5869338505d5beb82d5fe9c367": ["0", "org.passwordmaker.android.PasswordMakerProForAndroidActivity"]}, {"fe83aa5869338505d5beb82d5fe9c367": ["0", "org.passwordmaker.android.PasswordMakerProForAndroidActivity"]}, {"fe83aa5869338505d5beb82d5fe9c367": ["0", "org.passwordmaker.android.PasswordMakerProForAndroidActivity"]}, {"17f18953d4f5235eeaa5e9f40ca19922": ["2", "org.passwordmaker.android.PasswordMakerProForAndroidActivity"]}, {"fe83aa5869338505d5beb82d5fe9c367": ["0", "org.passwordmaker.android.PasswordMakerProForAndroidActivity"]}, {"17f18953d4f5235eeaa5e9f40ca19922": ["2", "org.passwordmaker.android.PasswordMakerProForAndroidActivity"]}, {"fe83aa5869338505d5beb82d5fe9c367": ["0", "org.passwordmaker.android.PasswordMakerProForAndroidActivity"]}, {"fe83aa5869338505d5beb82d5fe9c367": ["0", "org.passwordmaker.android.PasswordMakerProForAndroidActivity"]}, {"fe83aa5869338505d5beb82d5fe9c367": ["0", "org.passwordmaker.android.PasswordMakerProForAndroidActivity"]}, {"fe83aa5869338505d5beb82d5fe9c367": ["0", "org.passwordmaker.android.PasswordMakerProForAndroidActivity"]}, {"fe83aa5869338505d5beb82d5fe9c367": ["0", "org.passwordmaker.android.PasswordMakerProForAndroidActivity"]}, {"fe83aa5869338505d5beb82d5fe9c367": ["0", "org.passwordmaker.android.PasswordMakerProForAndroidActivity"]}, {"b6db671c22459c8ec0a3ce1b09ccf0ee": ["6", "org.passwordmaker.android.PasswordMakerProForAndroidActivity"]}, {"b6db671c22459c8ec0a3ce1b09ccf0ee": ["6", "org.passwordmaker.android.PasswordMakerProForAndroidActivity"]}, {"b6db671c22459c8ec0a3ce1b09ccf0ee": ["6", "org.passwordmaker.android.PasswordMakerProForAndroidActivity"]}, {"b6db671c22459c8ec0a3ce1b09ccf0ee": ["6", "org.passwordmaker.android.PasswordMakerProForAndroidActivity"]}, {"17f18953d4f5235eeaa5e9f40ca19922": ["2", "org.passwordmaker.android.PasswordMakerProForAndroidActivity"]}, {"b6db671c22459c8ec0a3ce1b09ccf0ee": ["6", "org.passwordmaker.android.PasswordMakerProForAndroidActivity"]}, {"b6db671c22459c8ec0a3ce1b09ccf0ee": ["6", "org.passwordmaker.android.PasswordMakerProForAndroidActivity"]}, {"17f18953d4f5235eeaa5e9f40ca19922": ["2", "org.passwordmaker.android.PasswordMakerProForAndroidActivity"]}, {"b6db671c22459c8ec0a3ce1b09ccf0ee": ["6", "org.passwordmaker.android.PasswordMakerProForAndroidActivity"]}, {"b6db671c22459c8ec0a3ce1b09ccf0ee": ["6", "org.passwordmaker.android.PasswordMakerProForAndroidActivity"]}, {"b6db671c22459c8ec0a3ce1b09ccf0ee": ["6", "org.passwordmaker.android.PasswordMakerProForAndroidActivity"]}, {"b6db671c22459c8ec0a3ce1b09ccf0ee": ["6", "org.passwordmaker.android.PasswordMakerProForAndroidActivity"]}, {"b6db671c22459c8ec0a3ce1b09ccf0ee": ["6", "org.passwordmaker.android.PasswordMakerProForAndroidActivity"]}, {"fe83aa5869338505d5beb82d5fe9c367": ["0", "org.passwordmaker.android.PasswordMakerProForAndroidActivity"]}, {"fe83aa5869338505d5beb82d5fe9c367": ["0", "org.passwordmaker.android.PasswordMakerProForAndroidActivity"]}, {"fe83aa5869338505d5beb82d5fe9c367": ["0", "org.passwordmaker.android.PasswordMakerProForAndroidActivity"]}, {"fe83aa5869338505d5beb82d5fe9c367": ["0", "org.passwordmaker.android.PasswordMakerProForAndroidActivity"]}, {"fe83aa5869338505d5beb82d5fe9c367": ["0", "org.passwordmaker.android.PasswordMakerProForAndroidActivity"]}, {"fe83aa5869338505d5beb82d5fe9c367": ["0", "org.passwordmaker.android.PasswordMakerProForAndroidActivity"]}, {"fe83aa5869338505d5beb82d5fe9c367": ["0", "org.passwordmaker.android.PasswordMakerProForAndroidActivity"]}, {"fe83aa5869338505d5beb82d5fe9c367": ["0", "org.passwordmaker.android.PasswordMakerProForAndroidActivity"]}, {"fe83aa5869338505d5beb82d5fe9c367": ["0", "org.passwordmaker.android.PasswordMakerProForAndroidActivity"]}, {"b6db671c22459c8ec0a3ce1b09ccf0ee": ["6", "org.passwordmaker.android.PasswordMakerProForAndroidActivity"]}, {"b6db671c22459c8ec0a3ce1b09ccf0ee": ["6", "org.passwordmaker.android.PasswordMakerProForAndroidActivity"]}, {"b6db671c22459c8ec0a3ce1b09ccf0ee": ["6", "org.passwordmaker.android.PasswordMakerProForAndroidActivity"]}, {"17f18953d4f5235eeaa5e9f40ca19922": ["2", "org.passwordmaker.android.PasswordMakerProForAndroidActivity"]}, {"ad649cc6feb381d21738971d1f305740": ["1", "org.passwordmaker.android.PasswordMakerProForAndroidActivity"]}, {"ad649cc6feb381d21738971d1f305740": ["1", "org.passwordmaker.android.PasswordMakerProForAndroidActivity"]}, {"ad649cc6feb381d21738971d1f305740": ["1", "org.passwordmaker.android.PasswordMakerProForAndroidActivity"]}, {"ad649cc6feb381d21738971d1f305740": ["1", "org.passwordmaker.android.PasswordMakerProForAndroidActivity"]}, {"ad649cc6feb381d21738971d1f305740": ["1", "org.passwordmaker.android.PasswordMakerProForAndroidActivity"]}, {"ad649cc6feb381d21738971d1f305740": ["1", "org.passwordmaker.android.PasswordMakerProForAndroidActivity"]}, {"b6db671c22459c8ec0a3ce1b09ccf0ee": ["6", "org.passwordmaker.android.PasswordMakerProForAndroidActivity"]}, {"b6db671c22459c8ec0a3ce1b09ccf0ee": ["6", "org.passwordmaker.android.PasswordMakerProForAndroidActivity"]}, {"b6db671c22459c8ec0a3ce1b09ccf0ee": ["6", "org.passwordmaker.android.PasswordMakerProForAndroidActivity"]}, {"b6db671c22459c8ec0a3ce1b09ccf0ee": ["6", "org.passwordmaker.android.PasswordMakerProForAndroidActivity"]}, {"b6db671c22459c8ec0a3ce1b09ccf0ee": ["6", "org.passwordmaker.android.PasswordMakerProForAndroidActivity"]}, {"b6db671c22459c8ec0a3ce1b09ccf0ee": ["6", "org.passwordmaker.android.PasswordMakerProForAndroidActivity"]}, {"b6db671c22459c8ec0a3ce1b09ccf0ee": ["6", "org.passwordmaker.android.PasswordMakerProForAndroidActivity"]}, {"b6db671c22459c8ec0a3ce1b09ccf0ee": ["6", "org.passwordmaker.android.PasswordMakerProForAndroidActivity"]}, {"fe83aa5869338505d5beb82d5fe9c367": ["0", "org.passwordmaker.android.PasswordMakerProForAndroidActivity"]}, {"fe83aa5869338505d5beb82d5fe9c367": ["0", "org.passwordmaker.android.PasswordMakerProForAndroidActivity"]}, {"650fc1e833252a96849deda40dc4f70c": ["20", "org.passwordmaker.android.PasswordMakerProForAndroidActivity"]}, {"ad649cc6feb381d21738971d1f305740": ["1", "org.passwordmaker.android.PasswordMakerProForAndroidActivity"]}, {"fe83aa5869338505d5beb82d5fe9c367": ["0", "org.passwordmaker.android.PasswordMakerProForAndroidActivity"]}, {"fe83aa5869338505d5beb82d5fe9c367": ["0", "org.passwordmaker.android.PasswordMakerProForAndroidActivity"]}, {"fe83aa5869338505d5beb82d5fe9c367": ["0", "org.passwordmaker.android.PasswordMakerProForAndroidActivity"]}, {"650fc1e833252a96849deda40dc4f70c": ["20", "org.passwordmaker.android.PasswordMakerProForAndroidActivity"]}, {"e5d77b721f62051f963dc99f5236465d": ["5", "org.passwordmaker.android.PasswordMakerEditFavorites"]}, {"531b3842f457cc3302ba79b6e4ed87f2": ["3", "org.passwordmaker.android.PasswordMakerEditFavorites"]}, {"531b3842f457cc3302ba79b6e4ed87f2": ["3", "org.passwordmaker.android.PasswordMakerEditFavorites"]}, {"f7b87c5d67c47617cdc32887e26ccaaf": ["4", "org.passwordmaker.android.PasswordMakerEditFavorites"]}, {"f7b87c5d67c47617cdc32887e26ccaaf": ["4", "org.passwordmaker.android.PasswordMakerEditFavorites"]}, {"fe83aa5869338505d5beb82d5fe9c367": ["0", "org.passwordmaker.android.PasswordMakerProForAndroidActivity"]}, {"fe83aa5869338505d5beb82d5fe9c367": ["0", "org.passwordmaker.android.PasswordMakerProForAndroidActivity"]}, {"fe83aa5869338505d5beb82d5fe9c367": ["0", "org.passwordmaker.android.PasswordMakerProForAndroidActivity"]}, {"fe83aa5869338505d5beb82d5fe9c367": ["0", "org.passwordmaker.android.PasswordMakerProForAndroidActivity"]}, {"17f18953d4f5235eeaa5e9f40ca19922": ["2", "org.passwordmaker.android.PasswordMakerProForAndroidActivity"]}, {"fe83aa5869338505d5beb82d5fe9c367": ["0", "org.passwordmaker.android.PasswordMakerProForAndroidActivity"]}, {"fe83aa5869338505d5beb82d5fe9c367": ["0", "org.passwordmaker.android.PasswordMakerProForAndroidActivity"]}, {"fe83aa5869338505d5beb82d5fe9c367": ["0", "org.passwordmaker.android.PasswordMakerProForAndroidActivity"]}, {"fe83aa5869338505d5beb82d5fe9c367": ["0", "org.passwordmaker.android.PasswordMakerProForAndroidActivity"]}, {"fe83aa5869338505d5beb82d5fe9c367": ["0", "org.passwordmaker.android.PasswordMakerProForAndroidActivity"]}, {"fe83aa5869338505d5beb82d5fe9c367": ["0", "org.passwordmaker.android.PasswordMakerProForAndroidActivity"]}, {"fe83aa5869338505d5beb82d5fe9c367": ["0", "org.passwordmaker.android.PasswordMakerProForAndroidActivity"]}, {"fe83aa5869338505d5beb82d5fe9c367": ["0", "org.passwordmaker.android.PasswordMakerProForAndroidActivity"]}, {"b6db671c22459c8ec0a3ce1b09ccf0ee": ["6", "org.passwordmaker.android.PasswordMakerProForAndroidActivity"]}, {"b6db671c22459c8ec0a3ce1b09ccf0ee": ["6", "org.passwordmaker.android.PasswordMakerProForAndroidActivity"]}, {"17f18953d4f5235eeaa5e9f40ca19922": ["2", "org.passwordmaker.android.PasswordMakerProForAndroidActivity"]}, {"ad649cc6feb381d21738971d1f305740": ["1", "org.passwordmaker.android.PasswordMakerProForAndroidActivity"]}, {"ad649cc6feb381d21738971d1f305740": ["1", "org.passwordmaker.android.PasswordMakerProForAndroidActivity"]}, {"ad649cc6feb381d21738971d1f305740": ["1", "org.passwordmaker.android.PasswordMakerProForAndroidActivity"]}, {"b6db671c22459c8ec0a3ce1b09ccf0ee": ["6", "org.passwordmaker.android.PasswordMakerProForAndroidActivity"]}, {"b6db671c22459c8ec0a3ce1b09ccf0ee": ["6", "org.passwordmaker.android.PasswordMakerProForAndroidActivity"]}, {"b6db671c22459c8ec0a3ce1b09ccf0ee": ["6", "org.passwordmaker.android.PasswordMakerProForAndroidActivity"]}, {"b6db671c22459c8ec0a3ce1b09ccf0ee": ["6", "org.passwordmaker.android.PasswordMakerProForAndroidActivity"]}, {"b6db671c22459c8ec0a3ce1b09ccf0ee": ["6", "org.passwordmaker.android.PasswordMakerProForAndroidActivity"]}, {"17f18953d4f5235eeaa5e9f40ca19922": ["2", "org.passwordmaker.android.PasswordMakerProForAndroidActivity"]}, {"b6db671c22459c8ec0a3ce1b09ccf0ee": ["6", "org.passwordmaker.android.PasswordMakerProForAndroidActivity"]}, {"17f18953d4f5235eeaa5e9f40ca19922": ["2", "org.passwordmaker.android.PasswordMakerProForAndroidActivity"]}, {"b6db671c22459c8ec0a3ce1b09ccf0ee": ["6", "org.passwordmaker.android.PasswordMakerProForAndroidActivity"]}, {"b6db671c22459c8ec0a3ce1b09ccf0ee": ["6", "org.passwordmaker.android.PasswordMakerProForAndroidActivity"]}, {"b6db671c22459c8ec0a3ce1b09ccf0ee": ["6", "org.passwordmaker.android.PasswordMakerProForAndroidActivity"]}, {"b6db671c22459c8ec0a3ce1b09ccf0ee": ["6", "org.passwordmaker.android.PasswordMakerProForAndroidActivity"]}, {"b6db671c22459c8ec0a3ce1b09ccf0ee": ["6", "org.passwordmaker.android.PasswordMakerProForAndroidActivity"]}, {"b6db671c22459c8ec0a3ce1b09ccf0ee": ["6", "org.passwordmaker.android.PasswordMakerProForAndroidActivity"]}, {"b6db671c22459c8ec0a3ce1b09ccf0ee": ["6", "org.passwordmaker.android.PasswordMakerProForAndroidActivity"]}, {"b6db671c22459c8ec0a3ce1b09ccf0ee": ["6", "org.passwordmaker.android.PasswordMakerProForAndroidActivity"]}, {"b6db671c22459c8ec0a3ce1b09ccf0ee": ["6", "org.passwordmaker.android.PasswordMakerProForAndroidActivity"]}, {"b6db671c22459c8ec0a3ce1b09ccf0ee": ["6", "org.passwordmaker.android.PasswordMakerProForAndroidActivity"]}, {"fe83aa5869338505d5beb82d5fe9c367": ["0", "org.passwordmaker.android.PasswordMakerProForAndroidActivity"]}, {"fe83aa5869338505d5beb82d5fe9c367": ["0", "org.passwordmaker.android.PasswordMakerProForAndroidActivity"]}, {"fe83aa5869338505d5beb82d5fe9c367": ["0", "org.passwordmaker.android.PasswordMakerProForAndroidActivity"]}, {"b6db671c22459c8ec0a3ce1b09ccf0ee": ["6", "org.passwordmaker.android.PasswordMakerProForAndroidActivity"]}, {"b6db671c22459c8ec0a3ce1b09ccf0ee": ["6", "org.passwordmaker.android.PasswordMakerProForAndroidActivity"]}, {"b6db671c22459c8ec0a3ce1b09ccf0ee": ["6", "org.passwordmaker.android.PasswordMakerProForAndroidActivity"]}, {"b6db671c22459c8ec0a3ce1b09ccf0ee": ["6", "org.passwordmaker.android.PasswordMakerProForAndroidActivity"]}, {"b6db671c22459c8ec0a3ce1b09ccf0ee": ["6", "org.passwordmaker.android.PasswordMakerProForAndroidActivity"]}, {"b6db671c22459c8ec0a3ce1b09ccf0ee": ["6", "org.passwordmaker.android.PasswordMakerProForAndroidActivity"]}, {"b6db671c22459c8ec0a3ce1b09ccf0ee": ["6", "org.passwordmaker.android.PasswordMakerProForAndroidActivity"]}, {"b6db671c22459c8ec0a3ce1b09ccf0ee": ["6", "org.passwordmaker.android.PasswordMakerProForAndroidActivity"]}, {"b6db671c22459c8ec0a3ce1b09ccf0ee": ["6", "org.passwordmaker.android.PasswordMakerProForAndroidActivity"]}, {"b6db671c22459c8ec0a3ce1b09ccf0ee": ["6", "org.passwordmaker.android.PasswordMakerProForAndroidActivity"]}, {"b6db671c22459c8ec0a3ce1b09ccf0ee": ["6", "org.passwordmaker.android.PasswordMakerProForAndroidActivity"]}, {"b6db671c22459c8ec0a3ce1b09ccf0ee": ["6", "org.passwordmaker.android.PasswordMakerProForAndroidActivity"]}, {"b6db671c22459c8ec0a3ce1b09ccf0ee": ["6", "org.passwordmaker.android.PasswordMakerProForAndroidActivity"]}, {"b6db671c22459c8ec0a3ce1b09ccf0ee": ["6", "org.passwordmaker.android.PasswordMakerProForAndroidActivity"]}, {"b6db671c22459c8ec0a3ce1b09ccf0ee": ["6", "org.passwordmaker.android.PasswordMakerProForAndroidActivity"]}, {"b6db671c22459c8ec0a3ce1b09ccf0ee": ["6", "org.passwordmaker.android.PasswordMakerProForAndroidActivity"]}, {"b6db671c22459c8ec0a3ce1b09ccf0ee": ["6", "org.passwordmaker.android.PasswordMakerProForAndroidActivity"]}, {"b6db671c22459c8ec0a3ce1b09ccf0ee": ["6", "org.passwordmaker.android.PasswordMakerProForAndroidActivity"]}, {"b6db671c22459c8ec0a3ce1b09ccf0ee": ["6", "org.passwordmaker.android.PasswordMakerProForAndroidActivity"]}, {"b6db671c22459c8ec0a3ce1b09ccf0ee": ["6", "org.passwordmaker.android.PasswordMakerProForAndroidActivity"]}, {"b6db671c22459c8ec0a3ce1b09ccf0ee": ["6", "org.passwordmaker.android.PasswordMakerProForAndroidActivity"]}, {"b6db671c22459c8ec0a3ce1b09ccf0ee": ["6", "org.passwordmaker.android.PasswordMakerProForAndroidActivity"]}, {"b6db671c22459c8ec0a3ce1b09ccf0ee": ["6", "org.passwordmaker.android.PasswordMakerProForAndroidActivity"]}, {"b6db671c22459c8ec0a3ce1b09ccf0ee": ["6", "org.passwordmaker.android.PasswordMakerProForAndroidActivity"]}, {"17f18953d4f5235eeaa5e9f40ca19922": ["2", "org.passwordmaker.android.PasswordMakerProForAndroidActivity"]}, {"ad649cc6feb381d21738971d1f305740": ["1", "org.passwordmaker.android.PasswordMakerProForAndroidActivity"]}, {"ad649cc6feb381d21738971d1f305740": ["1", "org.passwordmaker.android.PasswordMakerProForAndroidActivity"]}, {"fe83aa5869338505d5beb82d5fe9c367": ["0", "org.passwordmaker.android.PasswordMakerProForAndroidActivity"]}, {"fe83aa5869338505d5beb82d5fe9c367": ["0", "org.passwordmaker.android.PasswordMakerProForAndroidActivity"]}, {"fe83aa5869338505d5beb82d5fe9c367": ["0", "org.passwordmaker.android.PasswordMakerProForAndroidActivity"]}, {"fe83aa5869338505d5beb82d5fe9c367": ["0", "org.passwordmaker.android.PasswordMakerProForAndroidActivity"]}, {"fe83aa5869338505d5beb82d5fe9c367": ["0", "org.passwordmaker.android.PasswordMakerProForAndroidActivity"]}, {"fe83aa5869338505d5beb82d5fe9c367": ["0", "org.passwordmaker.android.PasswordMakerProForAndroidActivity"]}, {"b6db671c22459c8ec0a3ce1b09ccf0ee": ["6", "org.passwordmaker.android.PasswordMakerProForAndroidActivity"]}, {"b6db671c22459c8ec0a3ce1b09ccf0ee": ["6", "org.passwordmaker.android.PasswordMakerProForAndroidActivity"]}, {"b6db671c22459c8ec0a3ce1b09ccf0ee": ["6", "org.passwordmaker.android.PasswordMakerProForAndroidActivity"]}, {"b6db671c22459c8ec0a3ce1b09ccf0ee": ["6", "org.passwordmaker.android.PasswordMakerProForAndroidActivity"]}, {"b6db671c22459c8ec0a3ce1b09ccf0ee": ["6", "org.passwordmaker.android.PasswordMakerProForAndroidActivity"]}, {"b6db671c22459c8ec0a3ce1b09ccf0ee": ["6", "org.passwordmaker.android.PasswordMakerProForAndroidActivity"]}, {"b6db671c22459c8ec0a3ce1b09ccf0ee": ["6", "org.passwordmaker.android.PasswordMakerProForAndroidActivity"]}, {"b6db671c22459c8ec0a3ce1b09ccf0ee": ["6", "org.passwordmaker.android.PasswordMakerProForAndroidActivity"]}, {"b6db671c22459c8ec0a3ce1b09ccf0ee": ["6", "org.passwordmaker.android.PasswordMakerProForAndroidActivity"]}, {"650fc1e833252a96849deda40dc4f70c": ["20", "org.passwordmaker.android.PasswordMakerProForAndroidActivity"]}, {"b6db671c22459c8ec0a3ce1b09ccf0ee": ["6", "org.passwordmaker.android.PasswordMakerProForAndroidActivity"]}, {"b6db671c22459c8ec0a3ce1b09ccf0ee": ["6", "org.passwordmaker.android.PasswordMakerProForAndroidActivity"]}, {"fe83aa5869338505d5beb82d5fe9c367": ["0", "org.passwordmaker.android.PasswordMakerProForAndroidActivity"]}, {"fe83aa5869338505d5beb82d5fe9c367": ["0", "org.passwordmaker.android.PasswordMakerProForAndroidActivity"]}, {"fe83aa5869338505d5beb82d5fe9c367": ["0", "org.passwordmaker.android.PasswordMakerProForAndroidActivity"]}, {"650fc1e833252a96849deda40dc4f70c": ["20", "org.passwordmaker.android.PasswordMakerProForAndroidActivity"]}, {"fe83aa5869338505d5beb82d5fe9c367": ["0", "org.passwordmaker.android.PasswordMakerProForAndroidActivity"]}, {"fe83aa5869338505d5beb82d5fe9c367": ["0", "org.passwordmaker.android.PasswordMakerProForAndroidActivity"]}, {"fe83aa5869338505d5beb82d5fe9c367": ["0", "org.passwordmaker.android.PasswordMakerProForAndroidActivity"]}, {"650fc1e833252a96849deda40dc4f70c": ["20", "org.passwordmaker.android.PasswordMakerProForAndroidActivity"]}, {"fe83aa5869338505d5beb82d5fe9c367": ["0", "org.passwordmaker.android.PasswordMakerProForAndroidActivity"]}, {"fe83aa5869338505d5beb82d5fe9c367": ["0", "org.passwordmaker.android.PasswordMakerProForAndroidActivity"]}, {"fe83aa5869338505d5beb82d5fe9c367": ["0", "org.passwordmaker.android.PasswordMakerProForAndroidActivity"]}, {"fe83aa5869338505d5beb82d5fe9c367": ["0", "org.passwordmaker.android.PasswordMakerProForAndroidActivity"]}, {"fe83aa5869338505d5beb82d5fe9c367": ["0", "org.passwordmaker.android.PasswordMakerProForAndroidActivity"]}, {"fe83aa5869338505d5beb82d5fe9c367": ["0", "org.passwordmaker.android.PasswordMakerProForAndroidActivity"]}, {"fe83aa5869338505d5beb82d5fe9c367": ["0", "org.passwordmaker.android.PasswordMakerProForAndroidActivity"]}, {"fe83aa5869338505d5beb82d5fe9c367": ["0", "org.passwordmaker.android.PasswordMakerProForAndroidActivity"]}, {"fe83aa5869338505d5beb82d5fe9c367": ["0", "org.passwordmaker.android.PasswordMakerProForAndroidActivity"]}, {"b6db671c22459c8ec0a3ce1b09ccf0ee": ["6", "org.passwordmaker.android.PasswordMakerProForAndroidActivity"]}, {"b6db671c22459c8ec0a3ce1b09ccf0ee": ["6", "org.passwordmaker.android.PasswordMakerProForAndroidActivity"]}, {"fe83aa5869338505d5beb82d5fe9c367": ["0", "org.passwordmaker.android.PasswordMakerProForAndroidActivity"]}, {"fe83aa5869338505d5beb82d5fe9c367": ["0", "org.passwordmaker.android.PasswordMakerProForAndroidActivity"]}, {"b6db671c22459c8ec0a3ce1b09ccf0ee": ["6", "org.passwordmaker.android.PasswordMakerProForAndroidActivity"]}, {"650fc1e833252a96849deda40dc4f70c": ["20", "org.passwordmaker.android.PasswordMakerProForAndroidActivity"]}, {"ad649cc6feb381d21738971d1f305740": ["1", "org.passwordmaker.android.PasswordMakerProForAndroidActivity"]}, {"ad649cc6feb381d21738971d1f305740": ["1", "org.passwordmaker.android.PasswordMakerProForAndroidActivity"]}, {"b6db671c22459c8ec0a3ce1b09ccf0ee": ["6", "org.passwordmaker.android.PasswordMakerProForAndroidActivity"]}, {"b6db671c22459c8ec0a3ce1b09ccf0ee": ["6", "org.passwordmaker.android.PasswordMakerProForAndroidActivity"]}, {"b6db671c22459c8ec0a3ce1b09ccf0ee": ["6", "org.passwordmaker.android.PasswordMakerProForAndroidActivity"]}, {"a9cca47e01764c0426dbda008ba67d9c": ["21", "org.passwordmaker.android.PasswordMakerProForAndroidActivity"]}, {"b6db671c22459c8ec0a3ce1b09ccf0ee": ["6", "org.passwordmaker.android.PasswordMakerProForAndroidActivity"]}, {"b6db671c22459c8ec0a3ce1b09ccf0ee": ["6", "org.passwordmaker.android.PasswordMakerProForAndroidActivity"]}, {"b6db671c22459c8ec0a3ce1b09ccf0ee": ["6", "org.passwordmaker.android.PasswordMakerProForAndroidActivity"]}, {"b6db671c22459c8ec0a3ce1b09ccf0ee": ["6", "org.passwordmaker.android.PasswordMakerProForAndroidActivity"]}, {"b6db671c22459c8ec0a3ce1b09ccf0ee": ["6", "org.passwordmaker.android.PasswordMakerProForAndroidActivity"]}, {"650fc1e833252a96849deda40dc4f70c": ["20", "org.passwordmaker.android.PasswordMakerProForAndroidActivity"]}, {"ad649cc6feb381d21738971d1f305740": ["1", "org.passwordmaker.android.PasswordMakerProForAndroidActivity"]}, {"ad649cc6feb381d21738971d1f305740": ["1", "org.passwordmaker.android.PasswordMakerProForAndroidActivity"]}, {"b6db671c22459c8ec0a3ce1b09ccf0ee": ["6", "org.passwordmaker.android.PasswordMakerProForAndroidActivity"]}, {"b6db671c22459c8ec0a3ce1b09ccf0ee": ["6", "org.passwordmaker.android.PasswordMakerProForAndroidActivity"]}, {"b6db671c22459c8ec0a3ce1b09ccf0ee": ["6", "org.passwordmaker.android.PasswordMakerProForAndroidActivity"]}, {"b6db671c22459c8ec0a3ce1b09ccf0ee": ["6", "org.passwordmaker.android.PasswordMakerProForAndroidActivity"]}, {"650fc1e833252a96849deda40dc4f70c": ["20", "org.passwordmaker.android.PasswordMakerProForAndroidActivity"]}, {"ad649cc6feb381d21738971d1f305740": ["1", "org.passwordmaker.android.PasswordMakerProForAndroidActivity"]}, {"ad649cc6feb381d21738971d1f305740": ["1", "org.passwordmaker.android.PasswordMakerProForAndroidActivity"]}, {"b6db671c22459c8ec0a3ce1b09ccf0ee": ["6", "org.passwordmaker.android.PasswordMakerProForAndroidActivity"]}, {"b6db671c22459c8ec0a3ce1b09ccf0ee": ["6", "org.passwordmaker.android.PasswordMakerProForAndroidActivity"]}, {"b6db671c22459c8ec0a3ce1b09ccf0ee": ["6", "org.passwordmaker.android.PasswordMakerProForAndroidActivity"]}, {"650fc1e833252a96849deda40dc4f70c": ["20", "org.passwordmaker.android.PasswordMakerProForAndroidActivity"]}, {"b6db671c22459c8ec0a3ce1b09ccf0ee": ["6", "org.passwordmaker.android.PasswordMakerProForAndroidActivity"]}, {"b6db671c22459c8ec0a3ce1b09ccf0ee": ["6", "org.passwordmaker.android.PasswordMakerProForAndroidActivity"]}, {"fe83aa5869338505d5beb82d5fe9c367": ["0", "org.passwordmaker.android.PasswordMakerProForAndroidActivity"]}, {"650fc1e833252a96849deda40dc4f70c": ["20", "org.passwordmaker.android.PasswordMakerProForAndroidActivity"]}, {"b6db671c22459c8ec0a3ce1b09ccf0ee": ["6", "org.passwordmaker.android.PasswordMakerProForAndroidActivity"]}, {"b6db671c22459c8ec0a3ce1b09ccf0ee": ["6", "org.passwordmaker.android.PasswordMakerProForAndroidActivity"]}, {"fe83aa5869338505d5beb82d5fe9c367": ["0", "org.passwordmaker.android.PasswordMakerProForAndroidActivity"]}, {"fe83aa5869338505d5beb82d5fe9c367": ["0", "org.passwordmaker.android.PasswordMakerProForAndroidActivity"]}, {"b6db671c22459c8ec0a3ce1b09ccf0ee": ["6", "org.passwordmaker.android.PasswordMakerProForAndroidActivity"]}, {"b6db671c22459c8ec0a3ce1b09ccf0ee": ["6", "org.passwordmaker.android.PasswordMakerProForAndroidActivity"]}, {"fe83aa5869338505d5beb82d5fe9c367": ["0", "org.passwordmaker.android.PasswordMakerProForAndroidActivity"]}, {"fe83aa5869338505d5beb82d5fe9c367": ["0", "org.passwordmaker.android.PasswordMakerProForAndroidActivity"]}, {"fe83aa5869338505d5beb82d5fe9c367": ["0", "org.passwordmaker.android.PasswordMakerProForAndroidActivity"]}, {"650fc1e833252a96849deda40dc4f70c": ["20", "org.passwordmaker.android.PasswordMakerProForAndroidActivity"]}, {"fe83aa5869338505d5beb82d5fe9c367": ["0", "org.passwordmaker.android.PasswordMakerProForAndroidActivity"]}, {"fe83aa5869338505d5beb82d5fe9c367": ["0", "org.passwordmaker.android.PasswordMakerProForAndroidActivity"]}, {"b6db671c22459c8ec0a3ce1b09ccf0ee": ["6", "org.passwordmaker.android.PasswordMakerProForAndroidActivity"]}, {"b6db671c22459c8ec0a3ce1b09ccf0ee": ["6", "org.passwordmaker.android.PasswordMakerProForAndroidActivity"]}, {"b6db671c22459c8ec0a3ce1b09ccf0ee": ["6", "org.passwordmaker.android.PasswordMakerProForAndroidActivity"]}, {"fe83aa5869338505d5beb82d5fe9c367": ["0", "org.passwordmaker.android.PasswordMakerProForAndroidActivity"]}, {"fe83aa5869338505d5beb82d5fe9c367": ["0", "org.passwordmaker.android.PasswordMakerProForAndroidActivity"]}, {"650fc1e833252a96849deda40dc4f70c": ["20", "org.passwordmaker.android.PasswordMakerProForAndroidActivity"]}, {"ad649cc6feb381d21738971d1f305740": ["1", "org.passwordmaker.android.PasswordMakerProForAndroidActivity"]}, {"fe83aa5869338505d5beb82d5fe9c367": ["0", "org.passwordmaker.android.PasswordMakerProForAndroidActivity"]}, {"fe83aa5869338505d5beb82d5fe9c367": ["0", "org.passwordmaker.android.PasswordMakerProForAndroidActivity"]}, {"fe83aa5869338505d5beb82d5fe9c367": ["0", "org.passwordmaker.android.PasswordMakerProForAndroidActivity"]}, {"fe83aa5869338505d5beb82d5fe9c367": ["0", "org.passwordmaker.android.PasswordMakerProForAndroidActivity"]}, {"fe83aa5869338505d5beb82d5fe9c367": ["0", "org.passwordmaker.android.PasswordMakerProForAndroidActivity"]}, {"fe83aa5869338505d5beb82d5fe9c367": ["0", "org.passwordmaker.android.PasswordMakerProForAndroidActivity"]}, {"fe83aa5869338505d5beb82d5fe9c367": ["0", "org.passwordmaker.android.PasswordMakerProForAndroidActivity"]}, {"fe83aa5869338505d5beb82d5fe9c367": ["0", "org.passwordmaker.android.PasswordMakerProForAndroidActivity"]}, {"fe83aa5869338505d5beb82d5fe9c367": ["0", "org.passwordmaker.android.PasswordMakerProForAndroidActivity"]}, {"650fc1e833252a96849deda40dc4f70c": ["20", "org.passwordmaker.android.PasswordMakerProForAndroidActivity"]}, {"ad649cc6feb381d21738971d1f305740": ["1", "org.passwordmaker.android.PasswordMakerProForAndroidActivity"]}, {"b6db671c22459c8ec0a3ce1b09ccf0ee": ["6", "org.passwordmaker.android.PasswordMakerProForAndroidActivity"]}, {"b6db671c22459c8ec0a3ce1b09ccf0ee": ["6", "org.passwordmaker.android.PasswordMakerProForAndroidActivity"]}, {"fe83aa5869338505d5beb82d5fe9c367": ["0", "org.passwordmaker.android.PasswordMakerProForAndroidActivity"]}, {"fe83aa5869338505d5beb82d5fe9c367": ["0", "org.passwordmaker.android.PasswordMakerProForAndroidActivity"]}, {"fe83aa5869338505d5beb82d5fe9c367": ["0", "org.passwordmaker.android.PasswordMakerProForAndroidActivity"]}, {"fe83aa5869338505d5beb82d5fe9c367": ["0", "org.passwordmaker.android.PasswordMakerProForAndroidActivity"]}, {"fe83aa5869338505d5beb82d5fe9c367": ["0", "org.passwordmaker.android.PasswordMakerProForAndroidActivity"]}, {"fe83aa5869338505d5beb82d5fe9c367": ["0", "org.passwordmaker.android.PasswordMakerProForAndroidActivity"]}, {"650fc1e833252a96849deda40dc4f70c": ["20", "org.passwordmaker.android.PasswordMakerProForAndroidActivity"]}, {"fe83aa5869338505d5beb82d5fe9c367": ["0", "org.passwordmaker.android.PasswordMakerProForAndroidActivity"]}, {"fe83aa5869338505d5beb82d5fe9c367": ["0", "org.passwordmaker.android.PasswordMakerProForAndroidActivity"]}, {"fe83aa5869338505d5beb82d5fe9c367": ["0", "org.passwordmaker.android.PasswordMakerProForAndroidActivity"]}, {"fe83aa5869338505d5beb82d5fe9c367": ["0", "org.passwordmaker.android.PasswordMakerProForAndroidActivity"]}, {"650fc1e833252a96849deda40dc4f70c": ["20", "org.passwordmaker.android.PasswordMakerProForAndroidActivity"]}, {"fe83aa5869338505d5beb82d5fe9c367": ["0", "org.passwordmaker.android.PasswordMakerProForAndroidActivity"]}, {"fe83aa5869338505d5beb82d5fe9c367": ["0", "org.passwordmaker.android.PasswordMakerProForAndroidActivity"]}, {"b6db671c22459c8ec0a3ce1b09ccf0ee": ["6", "org.passwordmaker.android.PasswordMakerProForAndroidActivity"]}, {"b6db671c22459c8ec0a3ce1b09ccf0ee": ["6", "org.passwordmaker.android.PasswordMakerProForAndroidActivity"]}, {"b6db671c22459c8ec0a3ce1b09ccf0ee": ["6", "org.passwordmaker.android.PasswordMakerProForAndroidActivity"]}, {"b6db671c22459c8ec0a3ce1b09ccf0ee": ["6", "org.passwordmaker.android.PasswordMakerProForAndroidActivity"]}, {"b6db671c22459c8ec0a3ce1b09ccf0ee": ["6", "org.passwordmaker.android.PasswordMakerProForAndroidActivity"]}, {"b6db671c22459c8ec0a3ce1b09ccf0ee": ["6", "org.passwordmaker.android.PasswordMakerProForAndroidActivity"]}, {"b6db671c22459c8ec0a3ce1b09ccf0ee": ["6", "org.passwordmaker.android.PasswordMakerProForAndroidActivity"]}, {"b6db671c22459c8ec0a3ce1b09ccf0ee": ["6", "org.passwordmaker.android.PasswordMakerProForAndroidActivity"]}, {"fe83aa5869338505d5beb82d5fe9c367": ["0", "org.passwordmaker.android.PasswordMakerProForAndroidActivity"]}, {"fe83aa5869338505d5beb82d5fe9c367": ["0", "org.passwordmaker.android.PasswordMakerProForAndroidActivity"]}, {"fe83aa5869338505d5beb82d5fe9c367": ["0", "org.passwordmaker.android.PasswordMakerProForAndroidActivity"]}, {"fe83aa5869338505d5beb82d5fe9c367": ["0", "org.passwordmaker.android.PasswordMakerProForAndroidActivity"]}, {"fe83aa5869338505d5beb82d5fe9c367": ["0", "org.passwordmaker.android.PasswordMakerProForAndroidActivity"]}, {"fe83aa5869338505d5beb82d5fe9c367": ["0", "org.passwordmaker.android.PasswordMakerProForAndroidActivity"]}, {"fe83aa5869338505d5beb82d5fe9c367": ["0", "org.passwordmaker.android.PasswordMakerProForAndroidActivity"]}, {"650fc1e833252a96849deda40dc4f70c": ["20", "org.passwordmaker.android.PasswordMakerProForAndroidActivity"]}, {"fe83aa5869338505d5beb82d5fe9c367": ["0", "org.passwordmaker.android.PasswordMakerProForAndroidActivity"]}, {"fe83aa5869338505d5beb82d5fe9c367": ["0", "org.passwordmaker.android.PasswordMakerProForAndroidActivity"]}, {"fe83aa5869338505d5beb82d5fe9c367": ["0", "org.passwordmaker.android.PasswordMakerProForAndroidActivity"]}, {"fe83aa5869338505d5beb82d5fe9c367": ["0", "org.passwordmaker.android.PasswordMakerProForAndroidActivity"]}, {"fe83aa5869338505d5beb82d5fe9c367": ["0", "org.passwordmaker.android.PasswordMakerProForAndroidActivity"]}, {"fe83aa5869338505d5beb82d5fe9c367": ["0", "org.passwordmaker.android.PasswordMakerProForAndroidActivity"]}, {"fe83aa5869338505d5beb82d5fe9c367": ["0", "org.passwordmaker.android.PasswordMakerProForAndroidActivity"]}, {"fe83aa5869338505d5beb82d5fe9c367": ["0", "org.passwordmaker.android.PasswordMakerProForAndroidActivity"]}, {"fe83aa5869338505d5beb82d5fe9c367": ["0", "org.passwordmaker.android.PasswordMakerProForAndroidActivity"]}, {"fe83aa5869338505d5beb82d5fe9c367": ["0", "org.passwordmaker.android.PasswordMakerProForAndroidActivity"]}, {"fe83aa5869338505d5beb82d5fe9c367": ["0", "org.passwordmaker.android.PasswordMakerProForAndroidActivity"]}, {"fe83aa5869338505d5beb82d5fe9c367": ["0", "org.passwordmaker.android.PasswordMakerProForAndroidActivity"]}, {"fe83aa5869338505d5beb82d5fe9c367": ["0", "org.passwordmaker.android.PasswordMakerProForAndroidActivity"]}, {"fe83aa5869338505d5beb82d5fe9c367": ["0", "org.passwordmaker.android.PasswordMakerProForAndroidActivity"]}, {"fe83aa5869338505d5beb82d5fe9c367": ["0", "org.passwordmaker.android.PasswordMakerProForAndroidActivity"]}, {"fe83aa5869338505d5beb82d5fe9c367": ["0", "org.passwordmaker.android.PasswordMakerProForAndroidActivity"]}, {"fe83aa5869338505d5beb82d5fe9c367": ["0", "org.passwordmaker.android.PasswordMakerProForAndroidActivity"]}, {"fe83aa5869338505d5beb82d5fe9c367": ["0", "org.passwordmaker.android.PasswordMakerProForAndroidActivity"]}, {"fe83aa5869338505d5beb82d5fe9c367": ["0", "org.passwordmaker.android.PasswordMakerProForAndroidActivity"]}, {"fe83aa5869338505d5beb82d5fe9c367": ["0", "org.passwordmaker.android.PasswordMakerProForAndroidActivity"]}, {"fe83aa5869338505d5beb82d5fe9c367": ["0", "org.passwordmaker.android.PasswordMakerProForAndroidActivity"]}, {"fe83aa5869338505d5beb82d5fe9c367": ["0", "org.passwordmaker.android.PasswordMakerProForAndroidActivity"]}, {"fe83aa5869338505d5beb82d5fe9c367": ["0", "org.passwordmaker.android.PasswordMakerProForAndroidActivity"]}, {"fe83aa5869338505d5beb82d5fe9c367": ["0", "org.passwordmaker.android.PasswordMakerProForAndroidActivity"]}, {"fe83aa5869338505d5beb82d5fe9c367": ["0", "org.passwordmaker.android.PasswordMakerProForAndroidActivity"]}, {"fe83aa5869338505d5beb82d5fe9c367": ["0", "org.passwordmaker.android.PasswordMakerProForAndroidActivity"]}, {"fe83aa5869338505d5beb82d5fe9c367": ["0", "org.passwordmaker.android.PasswordMakerProForAndroidActivity"]}, {"fe83aa5869338505d5beb82d5fe9c367": ["0", "org.passwordmaker.android.PasswordMakerProForAndroidActivity"]}, {"fe83aa5869338505d5beb82d5fe9c367": ["0", "org.passwordmaker.android.PasswordMakerProForAndroidActivity"]}, {"fe83aa5869338505d5beb82d5fe9c367": ["0", "org.passwordmaker.android.PasswordMakerProForAndroidActivity"]}, {"b6db671c22459c8ec0a3ce1b09ccf0ee": ["6", "org.passwordmaker.android.PasswordMakerProForAndroidActivity"]}, {"b6db671c22459c8ec0a3ce1b09ccf0ee": ["6", "org.passwordmaker.android.PasswordMakerProForAndroidActivity"]}, {"b6db671c22459c8ec0a3ce1b09ccf0ee": ["6", "org.passwordmaker.android.PasswordMakerProForAndroidActivity"]}, {"b6db671c22459c8ec0a3ce1b09ccf0ee": ["6", "org.passwordmaker.android.PasswordMakerProForAndroidActivity"]}, {"b6db671c22459c8ec0a3ce1b09ccf0ee": ["6", "org.passwordmaker.android.PasswordMakerProForAndroidActivity"]}, {"fe83aa5869338505d5beb82d5fe9c367": ["0", "org.passwordmaker.android.PasswordMakerProForAndroidActivity"]}, {"b6db671c22459c8ec0a3ce1b09ccf0ee": ["6", "org.passwordmaker.android.PasswordMakerProForAndroidActivity"]}, {"b6db671c22459c8ec0a3ce1b09ccf0ee": ["6", "org.passwordmaker.android.PasswordMakerProForAndroidActivity"]}, {"b6db671c22459c8ec0a3ce1b09ccf0ee": ["6", "org.passwordmaker.android.PasswordMakerProForAndroidActivity"]}, {"b6db671c22459c8ec0a3ce1b09ccf0ee": ["6", "org.passwordmaker.android.PasswordMakerProForAndroidActivity"]}, {"b6db671c22459c8ec0a3ce1b09ccf0ee": ["6", "org.passwordmaker.android.PasswordMakerProForAndroidActivity"]}, {"b6db671c22459c8ec0a3ce1b09ccf0ee": ["6", "org.passwordmaker.android.PasswordMakerProForAndroidActivity"]}, {"b6db671c22459c8ec0a3ce1b09ccf0ee": ["6", "org.passwordmaker.android.PasswordMakerProForAndroidActivity"]}, {"b6db671c22459c8ec0a3ce1b09ccf0ee": ["6", "org.passwordmaker.android.PasswordMakerProForAndroidActivity"]}, {"fe83aa5869338505d5beb82d5fe9c367": ["0", "org.passwordmaker.android.PasswordMakerProForAndroidActivity"]}, {"fe83aa5869338505d5beb82d5fe9c367": ["0", "org.passwordmaker.android.PasswordMakerProForAndroidActivity"]}, {"fe83aa5869338505d5beb82d5fe9c367": ["0", "org.passwordmaker.android.PasswordMakerProForAndroidActivity"]}, {"fe83aa5869338505d5beb82d5fe9c367": ["0", "org.passwordmaker.android.PasswordMakerProForAndroidActivity"]}, {"fe83aa5869338505d5beb82d5fe9c367": ["0", "org.passwordmaker.android.PasswordMakerProForAndroidActivity"]}, {"650fc1e833252a96849deda40dc4f70c": ["20", "org.passwordmaker.android.PasswordMakerProForAndroidActivity"]}, {"ad649cc6feb381d21738971d1f305740": ["1", "org.passwordmaker.android.PasswordMakerProForAndroidActivity"]}, {"fe83aa5869338505d5beb82d5fe9c367": ["0", "org.passwordmaker.android.PasswordMakerProForAndroidActivity"]}, {"fe83aa5869338505d5beb82d5fe9c367": ["0", "org.passwordmaker.android.PasswordMakerProForAndroidActivity"]}, {"fe83aa5869338505d5beb82d5fe9c367": ["0", "org.passwordmaker.android.PasswordMakerProForAndroidActivity"]}, {"fe83aa5869338505d5beb82d5fe9c367": ["0", "org.passwordmaker.android.PasswordMakerProForAndroidActivity"]}, {"b6db671c22459c8ec0a3ce1b09ccf0ee": ["6", "org.passwordmaker.android.PasswordMakerProForAndroidActivity"]}, {"b6db671c22459c8ec0a3ce1b09ccf0ee": ["6", "org.passwordmaker.android.PasswordMakerProForAndroidActivity"]}, {"b6db671c22459c8ec0a3ce1b09ccf0ee": ["6", "org.passwordmaker.android.PasswordMakerProForAndroidActivity"]}, {"b6db671c22459c8ec0a3ce1b09ccf0ee": ["6", "org.passwordmaker.android.PasswordMakerProForAndroidActivity"]}, {"b6db671c22459c8ec0a3ce1b09ccf0ee": ["6", "org.passwordmaker.android.PasswordMakerProForAndroidActivity"]}, {"fe83aa5869338505d5beb82d5fe9c367": ["0", "org.passwordmaker.android.PasswordMakerProForAndroidActivity"]}, {"fe83aa5869338505d5beb82d5fe9c367": ["0", "org.passwordmaker.android.PasswordMakerProForAndroidActivity"]}, {"fe83aa5869338505d5beb82d5fe9c367": ["0", "org.passwordmaker.android.PasswordMakerProForAndroidActivity"]}, {"fe83aa5869338505d5beb82d5fe9c367": ["0", "org.passwordmaker.android.PasswordMakerProForAndroidActivity"]}, {"fe83aa5869338505d5beb82d5fe9c367": ["0", "org.passwordmaker.android.PasswordMakerProForAndroidActivity"]}, {"fe83aa5869338505d5beb82d5fe9c367": ["0", "org.passwordmaker.android.PasswordMakerProForAndroidActivity"]}, {"fe83aa5869338505d5beb82d5fe9c367": ["0", "org.passwordmaker.android.PasswordMakerProForAndroidActivity"]}, {"fe83aa5869338505d5beb82d5fe9c367": ["0", "org.passwordmaker.android.PasswordMakerProForAndroidActivity"]}, {"650fc1e833252a96849deda40dc4f70c": ["20", "org.passwordmaker.android.PasswordMakerProForAndroidActivity"]}, {"fe83aa5869338505d5beb82d5fe9c367": ["0", "org.passwordmaker.android.PasswordMakerProForAndroidActivity"]}, {"fe83aa5869338505d5beb82d5fe9c367": ["0", "org.passwordmaker.android.PasswordMakerProForAndroidActivity"]}, {"fe83aa5869338505d5beb82d5fe9c367": ["0", "org.passwordmaker.android.PasswordMakerProForAndroidActivity"]}, {"fe83aa5869338505d5beb82d5fe9c367": ["0", "org.passwordmaker.android.PasswordMakerProForAndroidActivity"]}, {"fe83aa5869338505d5beb82d5fe9c367": ["0", "org.passwordmaker.android.PasswordMakerProForAndroidActivity"]}, {"fe83aa5869338505d5beb82d5fe9c367": ["0", "org.passwordmaker.android.PasswordMakerProForAndroidActivity"]}, {"fe83aa5869338505d5beb82d5fe9c367": ["0", "org.passwordmaker.android.PasswordMakerProForAndroidActivity"]}, {"fe83aa5869338505d5beb82d5fe9c367": ["0", "org.passwordmaker.android.PasswordMakerProForAndroidActivity"]}, {"fe83aa5869338505d5beb82d5fe9c367": ["0", "org.passwordmaker.android.PasswordMakerProForAndroidActivity"]}, {"fe83aa5869338505d5beb82d5fe9c367": ["0", "org.passwordmaker.android.PasswordMakerProForAndroidActivity"]}, {"650fc1e833252a96849deda40dc4f70c": ["20", "org.passwordmaker.android.PasswordMakerProForAndroidActivity"]}, {"e5d77b721f62051f963dc99f5236465d": ["5", "org.passwordmaker.android.PasswordMakerEditFavorites"]}, {"e5d77b721f62051f963dc99f5236465d": ["5", "org.passwordmaker.android.PasswordMakerEditFavorites"]}, {"f7b87c5d67c47617cdc32887e26ccaaf": ["4", "org.passwordmaker.android.PasswordMakerEditFavorites"]}, {"f7b87c5d67c47617cdc32887e26ccaaf": ["4", "org.passwordmaker.android.PasswordMakerEditFavorites"]}, {"a26eeb536177cb7f2409203cc16c6c36": ["22", "org.passwordmaker.android.PasswordMakerEditFavorites"]}, {"e5d77b721f62051f963dc99f5236465d": ["5", "org.passwordmaker.android.PasswordMakerEditFavorites"]}, {"e5d77b721f62051f963dc99f5236465d": ["5", "org.passwordmaker.android.PasswordMakerEditFavorites"]}, {"f7b87c5d67c47617cdc32887e26ccaaf": ["4", "org.passwordmaker.android.PasswordMakerEditFavorites"]}, {"f7b87c5d67c47617cdc32887e26ccaaf": ["4", "org.passwordmaker.android.PasswordMakerEditFavorites"]}, {"e5d77b721f62051f963dc99f5236465d": ["5", "org.passwordmaker.android.PasswordMakerEditFavorites"]}, {"fe83aa5869338505d5beb82d5fe9c367": ["0", "org.passwordmaker.android.PasswordMakerProForAndroidActivity"]}, {"650fc1e833252a96849deda40dc4f70c": ["20", "org.passwordmaker.android.PasswordMakerProForAndroidActivity"]}, {"fe83aa5869338505d5beb82d5fe9c367": ["0", "org.passwordmaker.android.PasswordMakerProForAndroidActivity"]}, {"fe83aa5869338505d5beb82d5fe9c367": ["0", "org.passwordmaker.android.PasswordMakerProForAndroidActivity"]}, {"fe83aa5869338505d5beb82d5fe9c367": ["0", "org.passwordmaker.android.PasswordMakerProForAndroidActivity"]}, {"650fc1e833252a96849deda40dc4f70c": ["20", "org.passwordmaker.android.PasswordMakerProForAndroidActivity"]}, {"fe83aa5869338505d5beb82d5fe9c367": ["0", "org.passwordmaker.android.PasswordMakerProForAndroidActivity"]}, {"fe83aa5869338505d5beb82d5fe9c367": ["0", "org.passwordmaker.android.PasswordMakerProForAndroidActivity"]}, {"fe83aa5869338505d5beb82d5fe9c367": ["0", "org.passwordmaker.android.PasswordMakerProForAndroidActivity"]}, {"fe83aa5869338505d5beb82d5fe9c367": ["0", "org.passwordmaker.android.PasswordMakerProForAndroidActivity"]}, {"fe83aa5869338505d5beb82d5fe9c367": ["0", "org.passwordmaker.android.PasswordMakerProForAndroidActivity"]}, {"650fc1e833252a96849deda40dc4f70c": ["20", "org.passwordmaker.android.PasswordMakerProForAndroidActivity"]}, {"e5d77b721f62051f963dc99f5236465d": ["5", "org.passwordmaker.android.PasswordMakerEditFavorites"]}, {"f7b87c5d67c47617cdc32887e26ccaaf": ["4", "org.passwordmaker.android.PasswordMakerEditFavorites"]}, {"a26eeb536177cb7f2409203cc16c6c36": ["22", "org.passwordmaker.android.PasswordMakerEditFavorites"]}, {"f7b87c5d67c47617cdc32887e26ccaaf": ["4", "org.passwordmaker.android.PasswordMakerEditFavorites"]}, {"fe83aa5869338505d5beb82d5fe9c367": ["0", "org.passwordmaker.android.PasswordMakerProForAndroidActivity"]}, {"fe83aa5869338505d5beb82d5fe9c367": ["0", "org.passwordmaker.android.PasswordMakerProForAndroidActivity"]}, {"fe83aa5869338505d5beb82d5fe9c367": ["0", "org.passwordmaker.android.PasswordMakerProForAndroidActivity"]}, {"650fc1e833252a96849deda40dc4f70c": ["20", "org.passwordmaker.android.PasswordMakerProForAndroidActivity"]}, {"fe83aa5869338505d5beb82d5fe9c367": ["0", "org.passwordmaker.android.PasswordMakerProForAndroidActivity"]}, {"fe83aa5869338505d5beb82d5fe9c367": ["0", "org.passwordmaker.android.PasswordMakerProForAndroidActivity"]}, {"fe83aa5869338505d5beb82d5fe9c367": ["0", "org.passwordmaker.android.PasswordMakerProForAndroidActivity"]}, {"fe83aa5869338505d5beb82d5fe9c367": ["0", "org.passwordmaker.android.PasswordMakerProForAndroidActivity"]}, {"fe83aa5869338505d5beb82d5fe9c367": ["0", "org.passwordmaker.android.PasswordMakerProForAndroidActivity"]}, {"650fc1e833252a96849deda40dc4f70c": ["20", "org.passwordmaker.android.PasswordMakerProForAndroidActivity"]}, {"e5d77b721f62051f963dc99f5236465d": ["5", "org.passwordmaker.android.PasswordMakerEditFavorites"]}, {"fe83aa5869338505d5beb82d5fe9c367": ["0", "org.passwordmaker.android.PasswordMakerProForAndroidActivity"]}, {"fe83aa5869338505d5beb82d5fe9c367": ["0", "org.passwordmaker.android.PasswordMakerProForAndroidActivity"]}, {"fe83aa5869338505d5beb82d5fe9c367": ["0", "org.passwordmaker.android.PasswordMakerProForAndroidActivity"]}, {"fe83aa5869338505d5beb82d5fe9c367": ["0", "org.passwordmaker.android.PasswordMakerProForAndroidActivity"]}, {"fe83aa5869338505d5beb82d5fe9c367": ["0", "org.passwordmaker.android.PasswordMakerProForAndroidActivity"]}, {"fe83aa5869338505d5beb82d5fe9c367": ["0", "org.passwordmaker.android.PasswordMakerProForAndroidActivity"]}, {"fe83aa5869338505d5beb82d5fe9c367": ["0", "org.passwordmaker.android.PasswordMakerProForAndroidActivity"]}, {"fe83aa5869338505d5beb82d5fe9c367": ["0", "org.passwordmaker.android.PasswordMakerProForAndroidActivity"]}, {"fe83aa5869338505d5beb82d5fe9c367": ["0", "org.passwordmaker.android.PasswordMakerProForAndroidActivity"]}, {"650fc1e833252a96849deda40dc4f70c": ["20", "org.passwordmaker.android.PasswordMakerProForAndroidActivity"]}, {"fe83aa5869338505d5beb82d5fe9c367": ["0", "org.passwordmaker.android.PasswordMakerProForAndroidActivity"]}, {"650fc1e833252a96849deda40dc4f70c": ["20", "org.passwordmaker.android.PasswordMakerProForAndroidActivity"]}, {"ad649cc6feb381d21738971d1f305740": ["1", "org.passwordmaker.android.PasswordMakerProForAndroidActivity"]}, {"ad649cc6feb381d21738971d1f305740": ["1", "org.passwordmaker.android.PasswordMakerProForAndroidActivity"]}, {"fe83aa5869338505d5beb82d5fe9c367": ["0", "org.passwordmaker.android.PasswordMakerProForAndroidActivity"]}, {"b6db671c22459c8ec0a3ce1b09ccf0ee": ["6", "org.passwordmaker.android.PasswordMakerProForAndroidActivity"]}, {"b6db671c22459c8ec0a3ce1b09ccf0ee": ["6", "org.passwordmaker.android.PasswordMakerProForAndroidActivity"]}, {"b6db671c22459c8ec0a3ce1b09ccf0ee": ["6", "org.passwordmaker.android.PasswordMakerProForAndroidActivity"]}, {"b6db671c22459c8ec0a3ce1b09ccf0ee": ["6", "org.passwordmaker.android.PasswordMakerProForAndroidActivity"]}, {"b6db671c22459c8ec0a3ce1b09ccf0ee": ["6", "org.passwordmaker.android.PasswordMakerProForAndroidActivity"]}, {"b6db671c22459c8ec0a3ce1b09ccf0ee": ["6", "org.passwordmaker.android.PasswordMakerProForAndroidActivity"]}, {"b6db671c22459c8ec0a3ce1b09ccf0ee": ["6", "org.passwordmaker.android.PasswordMakerProForAndroidActivity"]}, {"b6db671c22459c8ec0a3ce1b09ccf0ee": ["6", "org.passwordmaker.android.PasswordMakerProForAndroidActivity"]}, {"b6db671c22459c8ec0a3ce1b09ccf0ee": ["6", "org.passwordmaker.android.PasswordMakerProForAndroidActivity"]}, {"b6db671c22459c8ec0a3ce1b09ccf0ee": ["6", "org.passwordmaker.android.PasswordMakerProForAndroidActivity"]}, {"b6db671c22459c8ec0a3ce1b09ccf0ee": ["6", "org.passwordmaker.android.PasswordMakerProForAndroidActivity"]}, {"fe83aa5869338505d5beb82d5fe9c367": ["0", "org.passwordmaker.android.PasswordMakerProForAndroidActivity"]}, {"fe83aa5869338505d5beb82d5fe9c367": ["0", "org.passwordmaker.android.PasswordMakerProForAndroidActivity"]}, {"fe83aa5869338505d5beb82d5fe9c367": ["0", "org.passwordmaker.android.PasswordMakerProForAndroidActivity"]}, {"fe83aa5869338505d5beb82d5fe9c367": ["0", "org.passwordmaker.android.PasswordMakerProForAndroidActivity"]}, {"b6db671c22459c8ec0a3ce1b09ccf0ee": ["6", "org.passwordmaker.android.PasswordMakerProForAndroidActivity"]}, {"b6db671c22459c8ec0a3ce1b09ccf0ee": ["6", "org.passwordmaker.android.PasswordMakerProForAndroidActivity"]}, {"650fc1e833252a96849deda40dc4f70c": ["20", "org.passwordmaker.android.PasswordMakerProForAndroidActivity"]}, {"b6db671c22459c8ec0a3ce1b09ccf0ee": ["6", "org.passwordmaker.android.PasswordMakerProForAndroidActivity"]}, {"b6db671c22459c8ec0a3ce1b09ccf0ee": ["6", "org.passwordmaker.android.PasswordMakerProForAndroidActivity"]}, {"b6db671c22459c8ec0a3ce1b09ccf0ee": ["6", "org.passwordmaker.android.PasswordMakerProForAndroidActivity"]}, {"b6db671c22459c8ec0a3ce1b09ccf0ee": ["6", "org.passwordmaker.android.PasswordMakerProForAndroidActivity"]}, {"b6db671c22459c8ec0a3ce1b09ccf0ee": ["6", "org.passwordmaker.android.PasswordMakerProForAndroidActivity"]}, {"b6db671c22459c8ec0a3ce1b09ccf0ee": ["6", "org.passwordmaker.android.PasswordMakerProForAndroidActivity"]}, {"b6db671c22459c8ec0a3ce1b09ccf0ee": ["6", "org.passwordmaker.android.PasswordMakerProForAndroidActivity"]}, {"b6db671c22459c8ec0a3ce1b09ccf0ee": ["6", "org.passwordmaker.android.PasswordMakerProForAndroidActivity"]}, {"b6db671c22459c8ec0a3ce1b09ccf0ee": ["6", "org.passwordmaker.android.PasswordMakerProForAndroidActivity"]}, {"b6db671c22459c8ec0a3ce1b09ccf0ee": ["6", "org.passwordmaker.android.PasswordMakerProForAndroidActivity"]}, {"b6db671c22459c8ec0a3ce1b09ccf0ee": ["6", "org.passwordmaker.android.PasswordMakerProForAndroidActivity"]}, {"b6db671c22459c8ec0a3ce1b09ccf0ee": ["6", "org.passwordmaker.android.PasswordMakerProForAndroidActivity"]}, {"b6db671c22459c8ec0a3ce1b09ccf0ee": ["6", "org.passwordmaker.android.PasswordMakerProForAndroidActivity"]}, {"b6db671c22459c8ec0a3ce1b09ccf0ee": ["6", "org.passwordmaker.android.PasswordMakerProForAndroidActivity"]}, {"b6db671c22459c8ec0a3ce1b09ccf0ee": ["6", "org.passwordmaker.android.PasswordMakerProForAndroidActivity"]}, {"b6db671c22459c8ec0a3ce1b09ccf0ee": ["6", "org.passwordmaker.android.PasswordMakerProForAndroidActivity"]}, {"b6db671c22459c8ec0a3ce1b09ccf0ee": ["6", "org.passwordmaker.android.PasswordMakerProForAndroidActivity"]}, {"b6db671c22459c8ec0a3ce1b09ccf0ee": ["6", "org.passwordmaker.android.PasswordMakerProForAndroidActivity"]}, {"b6db671c22459c8ec0a3ce1b09ccf0ee": ["6", "org.passwordmaker.android.PasswordMakerProForAndroidActivity"]}, {"b6db671c22459c8ec0a3ce1b09ccf0ee": ["6", "org.passwordmaker.android.PasswordMakerProForAndroidActivity"]}, {"b6db671c22459c8ec0a3ce1b09ccf0ee": ["6", "org.passwordmaker.android.PasswordMakerProForAndroidActivity"]}, {"b6db671c22459c8ec0a3ce1b09ccf0ee": ["6", "org.passwordmaker.android.PasswordMakerProForAndroidActivity"]}, {"b6db671c22459c8ec0a3ce1b09ccf0ee": ["6", "org.passwordmaker.android.PasswordMakerProForAndroidActivity"]}, {"b6db671c22459c8ec0a3ce1b09ccf0ee": ["6", "org.passwordmaker.android.PasswordMakerProForAndroidActivity"]}, {"b6db671c22459c8ec0a3ce1b09ccf0ee": ["6", "org.passwordmaker.android.PasswordMakerProForAndroidActivity"]}, {"b6db671c22459c8ec0a3ce1b09ccf0ee": ["6", "org.passwordmaker.android.PasswordMakerProForAndroidActivity"]}, {"b6db671c22459c8ec0a3ce1b09ccf0ee": ["6", "org.passwordmaker.android.PasswordMakerProForAndroidActivity"]}, {"b6db671c22459c8ec0a3ce1b09ccf0ee": ["6", "org.passwordmaker.android.PasswordMakerProForAndroidActivity"]}, {"b6db671c22459c8ec0a3ce1b09ccf0ee": ["6", "org.passwordmaker.android.PasswordMakerProForAndroidActivity"]}, {"b6db671c22459c8ec0a3ce1b09ccf0ee": ["6", "org.passwordmaker.android.PasswordMakerProForAndroidActivity"]}, {"b6db671c22459c8ec0a3ce1b09ccf0ee": ["6", "org.passwordmaker.android.PasswordMakerProForAndroidActivity"]}, {"b6db671c22459c8ec0a3ce1b09ccf0ee": ["6", "org.passwordmaker.android.PasswordMakerProForAndroidActivity"]}, {"b6db671c22459c8ec0a3ce1b09ccf0ee": ["6", "org.passwordmaker.android.PasswordMakerProForAndroidActivity"]}, {"650fc1e833252a96849deda40dc4f70c": ["20", "org.passwordmaker.android.PasswordMakerProForAndroidActivity"]}, {"e5d77b721f62051f963dc99f5236465d": ["5", "org.passwordmaker.android.PasswordMakerEditFavorites"]}, {"f7b87c5d67c47617cdc32887e26ccaaf": ["4", "org.passwordmaker.android.PasswordMakerEditFavorites"]}, {"e5d77b721f62051f963dc99f5236465d": ["5", "org.passwordmaker.android.PasswordMakerEditFavorites"]}, {"531b3842f457cc3302ba79b6e4ed87f2": ["3", "org.passwordmaker.android.PasswordMakerEditFavorites"]}, {"531b3842f457cc3302ba79b6e4ed87f2": ["3", "org.passwordmaker.android.PasswordMakerEditFavorites"]}, {"f7b87c5d67c47617cdc32887e26ccaaf": ["4", "org.passwordmaker.android.PasswordMakerEditFavorites"]}, {"b6db671c22459c8ec0a3ce1b09ccf0ee": ["6", "org.passwordmaker.android.PasswordMakerProForAndroidActivity"]}, {"fe83aa5869338505d5beb82d5fe9c367": ["0", "org.passwordmaker.android.PasswordMakerProForAndroidActivity"]}, {"650fc1e833252a96849deda40dc4f70c": ["20", "org.passwordmaker.android.PasswordMakerProForAndroidActivity"]}, {"fe83aa5869338505d5beb82d5fe9c367": ["0", "org.passwordmaker.android.PasswordMakerProForAndroidActivity"]}, {"fe83aa5869338505d5beb82d5fe9c367": ["0", "org.passwordmaker.android.PasswordMakerProForAndroidActivity"]}, {"fe83aa5869338505d5beb82d5fe9c367": ["0", "org.passwordmaker.android.PasswordMakerProForAndroidActivity"]}, {"fe83aa5869338505d5beb82d5fe9c367": ["0", "org.passwordmaker.android.PasswordMakerProForAndroidActivity"]}, {"fe83aa5869338505d5beb82d5fe9c367": ["0", "org.passwordmaker.android.PasswordMakerProForAndroidActivity"]}, {"fe83aa5869338505d5beb82d5fe9c367": ["0", "org.passwordmaker.android.PasswordMakerProForAndroidActivity"]}, {"fe83aa5869338505d5beb82d5fe9c367": ["0", "org.passwordmaker.android.PasswordMakerProForAndroidActivity"]}, {"fe83aa5869338505d5beb82d5fe9c367": ["0", "org.passwordmaker.android.PasswordMakerProForAndroidActivity"]}, {"fe83aa5869338505d5beb82d5fe9c367": ["0", "org.passwordmaker.android.PasswordMakerProForAndroidActivity"]}, {"fe83aa5869338505d5beb82d5fe9c367": ["0", "org.passwordmaker.android.PasswordMakerProForAndroidActivity"]}, {"b6db671c22459c8ec0a3ce1b09ccf0ee": ["6", "org.passwordmaker.android.PasswordMakerProForAndroidActivity"]}, {"b6db671c22459c8ec0a3ce1b09ccf0ee": ["6", "org.passwordmaker.android.PasswordMakerProForAndroidActivity"]}, {"b6db671c22459c8ec0a3ce1b09ccf0ee": ["6", "org.passwordmaker.android.PasswordMakerProForAndroidActivity"]}, {"b6db671c22459c8ec0a3ce1b09ccf0ee": ["6", "org.passwordmaker.android.PasswordMakerProForAndroidActivity"]}, {"b6db671c22459c8ec0a3ce1b09ccf0ee": ["6", "org.passwordmaker.android.PasswordMakerProForAndroidActivity"]}, {"650fc1e833252a96849deda40dc4f70c": ["20", "org.passwordmaker.android.PasswordMakerProForAndroidActivity"]}, {"ad649cc6feb381d21738971d1f305740": ["1", "org.passwordmaker.android.PasswordMakerProForAndroidActivity"]}, {"b6db671c22459c8ec0a3ce1b09ccf0ee": ["6", "org.passwordmaker.android.PasswordMakerProForAndroidActivity"]}, {"b6db671c22459c8ec0a3ce1b09ccf0ee": ["6", "org.passwordmaker.android.PasswordMakerProForAndroidActivity"]}, {"fe83aa5869338505d5beb82d5fe9c367": ["0", "org.passwordmaker.android.PasswordMakerProForAndroidActivity"]}, {"fe83aa5869338505d5beb82d5fe9c367": ["0", "org.passwordmaker.android.PasswordMakerProForAndroidActivity"]}, {"fe83aa5869338505d5beb82d5fe9c367": ["0", "org.passwordmaker.android.PasswordMakerProForAndroidActivity"]}, {"fe83aa5869338505d5beb82d5fe9c367": ["0", "org.passwordmaker.android.PasswordMakerProForAndroidActivity"]}, {"b6db671c22459c8ec0a3ce1b09ccf0ee": ["6", "org.passwordmaker.android.PasswordMakerProForAndroidActivity"]}, {"b6db671c22459c8ec0a3ce1b09ccf0ee": ["6", "org.passwordmaker.android.PasswordMakerProForAndroidActivity"]}, {"b6db671c22459c8ec0a3ce1b09ccf0ee": ["6", "org.passwordmaker.android.PasswordMakerProForAndroidActivity"]}, {"b6db671c22459c8ec0a3ce1b09ccf0ee": ["6", "org.passwordmaker.android.PasswordMakerProForAndroidActivity"]}, {"b6db671c22459c8ec0a3ce1b09ccf0ee": ["6", "org.passwordmaker.android.PasswordMakerProForAndroidActivity"]}, {"fe83aa5869338505d5beb82d5fe9c367": ["0", "org.passwordmaker.android.PasswordMakerProForAndroidActivity"]}, {"fe83aa5869338505d5beb82d5fe9c367": ["0", "org.passwordmaker.android.PasswordMakerProForAndroidActivity"]}, {"fe83aa5869338505d5beb82d5fe9c367": ["0", "org.passwordmaker.android.PasswordMakerProForAndroidActivity"]}, {"b6db671c22459c8ec0a3ce1b09ccf0ee": ["6", "org.passwordmaker.android.PasswordMakerProForAndroidActivity"]}, {"b6db671c22459c8ec0a3ce1b09ccf0ee": ["6", "org.passwordmaker.android.PasswordMakerProForAndroidActivity"]}, {"b6db671c22459c8ec0a3ce1b09ccf0ee": ["6", "org.passwordmaker.android.PasswordMakerProForAndroidActivity"]}, {"b6db671c22459c8ec0a3ce1b09ccf0ee": ["6", "org.passwordmaker.android.PasswordMakerProForAndroidActivity"]}, {"b6db671c22459c8ec0a3ce1b09ccf0ee": ["6", "org.passwordmaker.android.PasswordMakerProForAndroidActivity"]}, {"b6db671c22459c8ec0a3ce1b09ccf0ee": ["6", "org.passwordmaker.android.PasswordMakerProForAndroidActivity"]}, {"b6db671c22459c8ec0a3ce1b09ccf0ee": ["6", "org.passwordmaker.android.PasswordMakerProForAndroidActivity"]}, {"b6db671c22459c8ec0a3ce1b09ccf0ee": ["6", "org.passwordmaker.android.PasswordMakerProForAndroidActivity"]}, {"650fc1e833252a96849deda40dc4f70c": ["20", "org.passwordmaker.android.PasswordMakerProForAndroidActivity"]}, {"b6db671c22459c8ec0a3ce1b09ccf0ee": ["6", "org.passwordmaker.android.PasswordMakerProForAndroidActivity"]}, {"b6db671c22459c8ec0a3ce1b09ccf0ee": ["6", "org.passwordmaker.android.PasswordMakerProForAndroidActivity"]}, {"b6db671c22459c8ec0a3ce1b09ccf0ee": ["6", "org.passwordmaker.android.PasswordMakerProForAndroidActivity"]}, {"b6db671c22459c8ec0a3ce1b09ccf0ee": ["6", "org.passwordmaker.android.PasswordMakerProForAndroidActivity"]}, {"b6db671c22459c8ec0a3ce1b09ccf0ee": ["6", "org.passwordmaker.android.PasswordMakerProForAndroidActivity"]}, {"b6db671c22459c8ec0a3ce1b09ccf0ee": ["6", "org.passwordmaker.android.PasswordMakerProForAndroidActivity"]}, {"fe83aa5869338505d5beb82d5fe9c367": ["0", "org.passwordmaker.android.PasswordMakerProForAndroidActivity"]}, {"b6db671c22459c8ec0a3ce1b09ccf0ee": ["6", "org.passwordmaker.android.PasswordMakerProForAndroidActivity"]}, {"b6db671c22459c8ec0a3ce1b09ccf0ee": ["6", "org.passwordmaker.android.PasswordMakerProForAndroidActivity"]}, {"b6db671c22459c8ec0a3ce1b09ccf0ee": ["6", "org.passwordmaker.android.PasswordMakerProForAndroidActivity"]}, {"b6db671c22459c8ec0a3ce1b09ccf0ee": ["6", "org.passwordmaker.android.PasswordMakerProForAndroidActivity"]}, {"b6db671c22459c8ec0a3ce1b09ccf0ee": ["6", "org.passwordmaker.android.PasswordMakerProForAndroidActivity"]}, {"b6db671c22459c8ec0a3ce1b09ccf0ee": ["6", "org.passwordmaker.android.PasswordMakerProForAndroidActivity"]}, {"b6db671c22459c8ec0a3ce1b09ccf0ee": ["6", "org.passwordmaker.android.PasswordMakerProForAndroidActivity"]}, {"b6db671c22459c8ec0a3ce1b09ccf0ee": ["6", "org.passwordmaker.android.PasswordMakerProForAndroidActivity"]}, {"fe83aa5869338505d5beb82d5fe9c367": ["0", "org.passwordmaker.android.PasswordMakerProForAndroidActivity"]}, {"fe83aa5869338505d5beb82d5fe9c367": ["0", "org.passwordmaker.android.PasswordMakerProForAndroidActivity"]}, {"fe83aa5869338505d5beb82d5fe9c367": ["0", "org.passwordmaker.android.PasswordMakerProForAndroidActivity"]}, {"fe83aa5869338505d5beb82d5fe9c367": ["0", "org.passwordmaker.android.PasswordMakerProForAndroidActivity"]}, {"650fc1e833252a96849deda40dc4f70c": ["20", "org.passwordmaker.android.PasswordMakerProForAndroidActivity"]}, {"fe83aa5869338505d5beb82d5fe9c367": ["0", "org.passwordmaker.android.PasswordMakerProForAndroidActivity"]}, {"fe83aa5869338505d5beb82d5fe9c367": ["0", "org.passwordmaker.android.PasswordMakerProForAndroidActivity"]}, {"fe83aa5869338505d5beb82d5fe9c367": ["0", "org.passwordmaker.android.PasswordMakerProForAndroidActivity"]}, {"fe83aa5869338505d5beb82d5fe9c367": ["0", "org.passwordmaker.android.PasswordMakerProForAndroidActivity"]}, {"fe83aa5869338505d5beb82d5fe9c367": ["0", "org.passwordmaker.android.PasswordMakerProForAndroidActivity"]}, {"fe83aa5869338505d5beb82d5fe9c367": ["0", "org.passwordmaker.android.PasswordMakerProForAndroidActivity"]}, {"fe83aa5869338505d5beb82d5fe9c367": ["0", "org.passwordmaker.android.PasswordMakerProForAndroidActivity"]}, {"fe83aa5869338505d5beb82d5fe9c367": ["0", "org.passwordmaker.android.PasswordMakerProForAndroidActivity"]}, {"fe83aa5869338505d5beb82d5fe9c367": ["0", "org.passwordmaker.android.PasswordMakerProForAndroidActivity"]}, {"fe83aa5869338505d5beb82d5fe9c367": ["0", "org.passwordmaker.android.PasswordMakerProForAndroidActivity"]}, {"b6db671c22459c8ec0a3ce1b09ccf0ee": ["6", "org.passwordmaker.android.PasswordMakerProForAndroidActivity"]}, {"b6db671c22459c8ec0a3ce1b09ccf0ee": ["6", "org.passwordmaker.android.PasswordMakerProForAndroidActivity"]}, {"b6db671c22459c8ec0a3ce1b09ccf0ee": ["6", "org.passwordmaker.android.PasswordMakerProForAndroidActivity"]}, {"b6db671c22459c8ec0a3ce1b09ccf0ee": ["6", "org.passwordmaker.android.PasswordMakerProForAndroidActivity"]}, {"b6db671c22459c8ec0a3ce1b09ccf0ee": ["6", "org.passwordmaker.android.PasswordMakerProForAndroidActivity"]}, {"b6db671c22459c8ec0a3ce1b09ccf0ee": ["6", "org.passwordmaker.android.PasswordMakerProForAndroidActivity"]}, {"b6db671c22459c8ec0a3ce1b09ccf0ee": ["6", "org.passwordmaker.android.PasswordMakerProForAndroidActivity"]}, {"b6db671c22459c8ec0a3ce1b09ccf0ee": ["6", "org.passwordmaker.android.PasswordMakerProForAndroidActivity"]}, {"b6db671c22459c8ec0a3ce1b09ccf0ee": ["6", "org.passwordmaker.android.PasswordMakerProForAndroidActivity"]}, {"fe83aa5869338505d5beb82d5fe9c367": ["0", "org.passwordmaker.android.PasswordMakerProForAndroidActivity"]}, {"fe83aa5869338505d5beb82d5fe9c367": ["0", "org.passwordmaker.android.PasswordMakerProForAndroidActivity"]}, {"fe83aa5869338505d5beb82d5fe9c367": ["0", "org.passwordmaker.android.PasswordMakerProForAndroidActivity"]}, {"fe83aa5869338505d5beb82d5fe9c367": ["0", "org.passwordmaker.android.PasswordMakerProForAndroidActivity"]}, {"fe83aa5869338505d5beb82d5fe9c367": ["0", "org.passwordmaker.android.PasswordMakerProForAndroidActivity"]}, {"fe83aa5869338505d5beb82d5fe9c367": ["0", "org.passwordmaker.android.PasswordMakerProForAndroidActivity"]}, {"fe83aa5869338505d5beb82d5fe9c367": ["0", "org.passwordmaker.android.PasswordMakerProForAndroidActivity"]}, {"fe83aa5869338505d5beb82d5fe9c367": ["0", "org.passwordmaker.android.PasswordMakerProForAndroidActivity"]}, {"fe83aa5869338505d5beb82d5fe9c367": ["0", "org.passwordmaker.android.PasswordMakerProForAndroidActivity"]}, {"fe83aa5869338505d5beb82d5fe9c367": ["0", "org.passwordmaker.android.PasswordMakerProForAndroidActivity"]}, {"fe83aa5869338505d5beb82d5fe9c367": ["0", "org.passwordmaker.android.PasswordMakerProForAndroidActivity"]}, {"fe83aa5869338505d5beb82d5fe9c367": ["0", "org.passwordmaker.android.PasswordMakerProForAndroidActivity"]}, {"fe83aa5869338505d5beb82d5fe9c367": ["0", "org.passwordmaker.android.PasswordMakerProForAndroidActivity"]}, {"fe83aa5869338505d5beb82d5fe9c367": ["0", "org.passwordmaker.android.PasswordMakerProForAndroidActivity"]}, {"fe83aa5869338505d5beb82d5fe9c367": ["0", "org.passwordmaker.android.PasswordMakerProForAndroidActivity"]}, {"fe83aa5869338505d5beb82d5fe9c367": ["0", "org.passwordmaker.android.PasswordMakerProForAndroidActivity"]}, {"fe83aa5869338505d5beb82d5fe9c367": ["0", "org.passwordmaker.android.PasswordMakerProForAndroidActivity"]}, {"fe83aa5869338505d5beb82d5fe9c367": ["0", "org.passwordmaker.android.PasswordMakerProForAndroidActivity"]}, {"b6db671c22459c8ec0a3ce1b09ccf0ee": ["6", "org.passwordmaker.android.PasswordMakerProForAndroidActivity"]}, {"fe83aa5869338505d5beb82d5fe9c367": ["0", "org.passwordmaker.android.PasswordMakerProForAndroidActivity"]}, {"fe83aa5869338505d5beb82d5fe9c367": ["0", "org.passwordmaker.android.PasswordMakerProForAndroidActivity"]}, {"fe83aa5869338505d5beb82d5fe9c367": ["0", "org.passwordmaker.android.PasswordMakerProForAndroidActivity"]}, {"fe83aa5869338505d5beb82d5fe9c367": ["0", "org.passwordmaker.android.PasswordMakerProForAndroidActivity"]}, {"fe83aa5869338505d5beb82d5fe9c367": ["0", "org.passwordmaker.android.PasswordMakerProForAndroidActivity"]}, {"fe83aa5869338505d5beb82d5fe9c367": ["0", "org.passwordmaker.android.PasswordMakerProForAndroidActivity"]}, {"fe83aa5869338505d5beb82d5fe9c367": ["0", "org.passwordmaker.android.PasswordMakerProForAndroidActivity"]}, {"fe83aa5869338505d5beb82d5fe9c367": ["0", "org.passwordmaker.android.PasswordMakerProForAndroidActivity"]}, {"fe83aa5869338505d5beb82d5fe9c367": ["0", "org.passwordmaker.android.PasswordMakerProForAndroidActivity"]}, {"fe83aa5869338505d5beb82d5fe9c367": ["0", "org.passwordmaker.android.PasswordMakerProForAndroidActivity"]}, {"fe83aa5869338505d5beb82d5fe9c367": ["0", "org.passwordmaker.android.PasswordMakerProForAndroidActivity"]}, {"b6db671c22459c8ec0a3ce1b09ccf0ee": ["6", "org.passwordmaker.android.PasswordMakerProForAndroidActivity"]}, {"b6db671c22459c8ec0a3ce1b09ccf0ee": ["6", "org.passwordmaker.android.PasswordMakerProForAndroidActivity"]}, {"650fc1e833252a96849deda40dc4f70c": ["20", "org.passwordmaker.android.PasswordMakerProForAndroidActivity"]}, {"ad649cc6feb381d21738971d1f305740": ["1", "org.passwordmaker.android.PasswordMakerProForAndroidActivity"]}, {"ad649cc6feb381d21738971d1f305740": ["1", "org.passwordmaker.android.PasswordMakerProForAndroidActivity"]}, {"b6db671c22459c8ec0a3ce1b09ccf0ee": ["6", "org.passwordmaker.android.PasswordMakerProForAndroidActivity"]}, {"b6db671c22459c8ec0a3ce1b09ccf0ee": ["6", "org.passwordmaker.android.PasswordMakerProForAndroidActivity"]}, {"b6db671c22459c8ec0a3ce1b09ccf0ee": ["6", "org.passwordmaker.android.PasswordMakerProForAndroidActivity"]}, {"b6db671c22459c8ec0a3ce1b09ccf0ee": ["6", "org.passwordmaker.android.PasswordMakerProForAndroidActivity"]}, {"650fc1e833252a96849deda40dc4f70c": ["20", "org.passwordmaker.android.PasswordMakerProForAndroidActivity"]}, {"b6db671c22459c8ec0a3ce1b09ccf0ee": ["6", "org.passwordmaker.android.PasswordMakerProForAndroidActivity"]}, {"b6db671c22459c8ec0a3ce1b09ccf0ee": ["6", "org.passwordmaker.android.PasswordMakerProForAndroidActivity"]}, {"b6db671c22459c8ec0a3ce1b09ccf0ee": ["6", "org.passwordmaker.android.PasswordMakerProForAndroidActivity"]}, {"fe83aa5869338505d5beb82d5fe9c367": ["0", "org.passwordmaker.android.PasswordMakerProForAndroidActivity"]}, {"fe83aa5869338505d5beb82d5fe9c367": ["0", "org.passwordmaker.android.PasswordMakerProForAndroidActivity"]}, {"650fc1e833252a96849deda40dc4f70c": ["20", "org.passwordmaker.android.PasswordMakerProForAndroidActivity"]}, {"fe83aa5869338505d5beb82d5fe9c367": ["0", "org.passwordmaker.android.PasswordMakerProForAndroidActivity"]}, {"fe83aa5869338505d5beb82d5fe9c367": ["0", "org.passwordmaker.android.PasswordMakerProForAndroidActivity"]}, {"fe83aa5869338505d5beb82d5fe9c367": ["0", "org.passwordmaker.android.PasswordMakerProForAndroidActivity"]}, {"fe83aa5869338505d5beb82d5fe9c367": ["0", "org.passwordmaker.android.PasswordMakerProForAndroidActivity"]}, {"fe83aa5869338505d5beb82d5fe9c367": ["0", "org.passwordmaker.android.PasswordMakerProForAndroidActivity"]}, {"b6db671c22459c8ec0a3ce1b09ccf0ee": ["6", "org.passwordmaker.android.PasswordMakerProForAndroidActivity"]}, {"b6db671c22459c8ec0a3ce1b09ccf0ee": ["6", "org.passwordmaker.android.PasswordMakerProForAndroidActivity"]}, {"b6db671c22459c8ec0a3ce1b09ccf0ee": ["6", "org.passwordmaker.android.PasswordMakerProForAndroidActivity"]}, {"b6db671c22459c8ec0a3ce1b09ccf0ee": ["6", "org.passwordmaker.android.PasswordMakerProForAndroidActivity"]}, {"650fc1e833252a96849deda40dc4f70c": ["20", "org.passwordmaker.android.PasswordMakerProForAndroidActivity"]}, {"ad649cc6feb381d21738971d1f305740": ["1", "org.passwordmaker.android.PasswordMakerProForAndroidActivity"]}, {"b6db671c22459c8ec0a3ce1b09ccf0ee": ["6", "org.passwordmaker.android.PasswordMakerProForAndroidActivity"]}, {"b6db671c22459c8ec0a3ce1b09ccf0ee": ["6", "org.passwordmaker.android.PasswordMakerProForAndroidActivity"]}, {"fe83aa5869338505d5beb82d5fe9c367": ["0", "org.passwordmaker.android.PasswordMakerProForAndroidActivity"]}, {"fe83aa5869338505d5beb82d5fe9c367": ["0", "org.passwordmaker.android.PasswordMakerProForAndroidActivity"]}, {"b6db671c22459c8ec0a3ce1b09ccf0ee": ["6", "org.passwordmaker.android.PasswordMakerProForAndroidActivity"]}, {"b6db671c22459c8ec0a3ce1b09ccf0ee": ["6", "org.passwordmaker.android.PasswordMakerProForAndroidActivity"]}, {"fe83aa5869338505d5beb82d5fe9c367": ["0", "org.passwordmaker.android.PasswordMakerProForAndroidActivity"]}, {"fe83aa5869338505d5beb82d5fe9c367": ["0", "org.passwordmaker.android.PasswordMakerProForAndroidActivity"]}, {"fe83aa5869338505d5beb82d5fe9c367": ["0", "org.passwordmaker.android.PasswordMakerProForAndroidActivity"]}, {"fe83aa5869338505d5beb82d5fe9c367": ["0", "org.passwordmaker.android.PasswordMakerProForAndroidActivity"]}, {"fe83aa5869338505d5beb82d5fe9c367": ["0", "org.passwordmaker.android.PasswordMakerProForAndroidActivity"]}, {"b6db671c22459c8ec0a3ce1b09ccf0ee": ["6", "org.passwordmaker.android.PasswordMakerProForAndroidActivity"]}, {"b6db671c22459c8ec0a3ce1b09ccf0ee": ["6", "org.passwordmaker.android.PasswordMakerProForAndroidActivity"]}, {"b6db671c22459c8ec0a3ce1b09ccf0ee": ["6", "org.passwordmaker.android.PasswordMakerProForAndroidActivity"]}, {"b6db671c22459c8ec0a3ce1b09ccf0ee": ["6", "org.passwordmaker.android.PasswordMakerProForAndroidActivity"]}, {"b6db671c22459c8ec0a3ce1b09ccf0ee": ["6", "org.passwordmaker.android.PasswordMakerProForAndroidActivity"]}, {"b6db671c22459c8ec0a3ce1b09ccf0ee": ["6", "org.passwordmaker.android.PasswordMakerProForAndroidActivity"]}, {"a9cca47e01764c0426dbda008ba67d9c": ["21", "org.passwordmaker.android.PasswordMakerProForAndroidActivity"]}, {"b6db671c22459c8ec0a3ce1b09ccf0ee": ["6", "org.passwordmaker.android.PasswordMakerProForAndroidActivity"]}, {"a9cca47e01764c0426dbda008ba67d9c": ["21", "org.passwordmaker.android.PasswordMakerProForAndroidActivity"]}, {"ad649cc6feb381d21738971d1f305740": ["1", "org.passwordmaker.android.PasswordMakerProForAndroidActivity"]}, {"b6db671c22459c8ec0a3ce1b09ccf0ee": ["6", "org.passwordmaker.android.PasswordMakerProForAndroidActivity"]}, {"b6db671c22459c8ec0a3ce1b09ccf0ee": ["6", "org.passwordmaker.android.PasswordMakerProForAndroidActivity"]}, {"b6db671c22459c8ec0a3ce1b09ccf0ee": ["6", "org.passwordmaker.android.PasswordMakerProForAndroidActivity"]}, {"b6db671c22459c8ec0a3ce1b09ccf0ee": ["6", "org.passwordmaker.android.PasswordMakerProForAndroidActivity"]}, {"b6db671c22459c8ec0a3ce1b09ccf0ee": ["6", "org.passwordmaker.android.PasswordMakerProForAndroidActivity"]}, {"b6db671c22459c8ec0a3ce1b09ccf0ee": ["6", "org.passwordmaker.android.PasswordMakerProForAndroidActivity"]}, {"b6db671c22459c8ec0a3ce1b09ccf0ee": ["6", "org.passwordmaker.android.PasswordMakerProForAndroidActivity"]}, {"a9cca47e01764c0426dbda008ba67d9c": ["21", "org.passwordmaker.android.PasswordMakerProForAndroidActivity"]}, {"b6db671c22459c8ec0a3ce1b09ccf0ee": ["6", "org.passwordmaker.android.PasswordMakerProForAndroidActivity"]}, {"b6db671c22459c8ec0a3ce1b09ccf0ee": ["6", "org.passwordmaker.android.PasswordMakerProForAndroidActivity"]}, {"b6db671c22459c8ec0a3ce1b09ccf0ee": ["6", "org.passwordmaker.android.PasswordMakerProForAndroidActivity"]}, {"b6db671c22459c8ec0a3ce1b09ccf0ee": ["6", "org.passwordmaker.android.PasswordMakerProForAndroidActivity"]}, {"b6db671c22459c8ec0a3ce1b09ccf0ee": ["6", "org.passwordmaker.android.PasswordMakerProForAndroidActivity"]}, {"b6db671c22459c8ec0a3ce1b09ccf0ee": ["6", "org.passwordmaker.android.PasswordMakerProForAndroidActivity"]}, {"b6db671c22459c8ec0a3ce1b09ccf0ee": ["6", "org.passwordmaker.android.PasswordMakerProForAndroidActivity"]}, {"fe83aa5869338505d5beb82d5fe9c367": ["0", "org.passwordmaker.android.PasswordMakerProForAndroidActivity"]}, {"fe83aa5869338505d5beb82d5fe9c367": ["0", "org.passwordmaker.android.PasswordMakerProForAndroidActivity"]}, {"fe83aa5869338505d5beb82d5fe9c367": ["0", "org.passwordmaker.android.PasswordMakerProForAndroidActivity"]}, {"fe83aa5869338505d5beb82d5fe9c367": ["0", "org.passwordmaker.android.PasswordMakerProForAndroidActivity"]}, {"a9cca47e01764c0426dbda008ba67d9c": ["21", "org.passwordmaker.android.PasswordMakerProForAndroidActivity"]}, {"ad649cc6feb381d21738971d1f305740": ["1", "org.passwordmaker.android.PasswordMakerProForAndroidActivity"]}, {"ad649cc6feb381d21738971d1f305740": ["1", "org.passwordmaker.android.PasswordMakerProForAndroidActivity"]}, {"fe83aa5869338505d5beb82d5fe9c367": ["0", "org.passwordmaker.android.PasswordMakerProForAndroidActivity"]}, {"fe83aa5869338505d5beb82d5fe9c367": ["0", "org.passwordmaker.android.PasswordMakerProForAndroidActivity"]}, {"fe83aa5869338505d5beb82d5fe9c367": ["0", "org.passwordmaker.android.PasswordMakerProForAndroidActivity"]}, {"fe83aa5869338505d5beb82d5fe9c367": ["0", "org.passwordmaker.android.PasswordMakerProForAndroidActivity"]}, {"2061c443483f88749db517a1e2d15b7f": ["23", "org.passwordmaker.android.PasswordMakerProForAndroidActivity"]}, {"fe83aa5869338505d5beb82d5fe9c367": ["0", "org.passwordmaker.android.PasswordMakerProForAndroidActivity"]}, {"fe83aa5869338505d5beb82d5fe9c367": ["0", "org.passwordmaker.android.PasswordMakerProForAndroidActivity"]}, {"fe83aa5869338505d5beb82d5fe9c367": ["0", "org.passwordmaker.android.PasswordMakerProForAndroidActivity"]}, {"fe83aa5869338505d5beb82d5fe9c367": ["0", "org.passwordmaker.android.PasswordMakerProForAndroidActivity"]}, {"2061c443483f88749db517a1e2d15b7f": ["23", "org.passwordmaker.android.PasswordMakerProForAndroidActivity"]}, {"ad649cc6feb381d21738971d1f305740": ["1", "org.passwordmaker.android.PasswordMakerProForAndroidActivity"]}, {"fe83aa5869338505d5beb82d5fe9c367": ["0", "org.passwordmaker.android.PasswordMakerProForAndroidActivity"]}, {"fe83aa5869338505d5beb82d5fe9c367": ["0", "org.passwordmaker.android.PasswordMakerProForAndroidActivity"]}, {"2061c443483f88749db517a1e2d15b7f": ["23", "org.passwordmaker.android.PasswordMakerProForAndroidActivity"]}, {"b6db671c22459c8ec0a3ce1b09ccf0ee": ["6", "org.passwordmaker.android.PasswordMakerProForAndroidActivity"]}, {"b6db671c22459c8ec0a3ce1b09ccf0ee": ["6", "org.passwordmaker.android.PasswordMakerProForAndroidActivity"]}, {"b6db671c22459c8ec0a3ce1b09ccf0ee": ["6", "org.passwordmaker.android.PasswordMakerProForAndroidActivity"]}, {"b6db671c22459c8ec0a3ce1b09ccf0ee": ["6", "org.passwordmaker.android.PasswordMakerProForAndroidActivity"]}, {"b6db671c22459c8ec0a3ce1b09ccf0ee": ["6", "org.passwordmaker.android.PasswordMakerProForAndroidActivity"]}, {"b6db671c22459c8ec0a3ce1b09ccf0ee": ["6", "org.passwordmaker.android.PasswordMakerProForAndroidActivity"]}, {"b6db671c22459c8ec0a3ce1b09ccf0ee": ["6", "org.passwordmaker.android.PasswordMakerProForAndroidActivity"]}, {"b6db671c22459c8ec0a3ce1b09ccf0ee": ["6", "org.passwordmaker.android.PasswordMakerProForAndroidActivity"]}, {"b6db671c22459c8ec0a3ce1b09ccf0ee": ["6", "org.passwordmaker.android.PasswordMakerProForAndroidActivity"]}, {"b6db671c22459c8ec0a3ce1b09ccf0ee": ["6", "org.passwordmaker.android.PasswordMakerProForAndroidActivity"]}, {"b6db671c22459c8ec0a3ce1b09ccf0ee": ["6", "org.passwordmaker.android.PasswordMakerProForAndroidActivity"]}, {"b6db671c22459c8ec0a3ce1b09ccf0ee": ["6", "org.passwordmaker.android.PasswordMakerProForAndroidActivity"]}, {"b6db671c22459c8ec0a3ce1b09ccf0ee": ["6", "org.passwordmaker.android.PasswordMakerProForAndroidActivity"]}, {"b6db671c22459c8ec0a3ce1b09ccf0ee": ["6", "org.passwordmaker.android.PasswordMakerProForAndroidActivity"]}, {"b6db671c22459c8ec0a3ce1b09ccf0ee": ["6", "org.passwordmaker.android.PasswordMakerProForAndroidActivity"]}, {"b6db671c22459c8ec0a3ce1b09ccf0ee": ["6", "org.passwordmaker.android.PasswordMakerProForAndroidActivity"]}, {"b6db671c22459c8ec0a3ce1b09ccf0ee": ["6", "org.passwordmaker.android.PasswordMakerProForAndroidActivity"]}, {"b6db671c22459c8ec0a3ce1b09ccf0ee": ["6", "org.passwordmaker.android.PasswordMakerProForAndroidActivity"]}, {"b6db671c22459c8ec0a3ce1b09ccf0ee": ["6", "org.passwordmaker.android.PasswordMakerProForAndroidActivity"]}, {"b6db671c22459c8ec0a3ce1b09ccf0ee": ["6", "org.passwordmaker.android.PasswordMakerProForAndroidActivity"]}, {"b6db671c22459c8ec0a3ce1b09ccf0ee": ["6", "org.passwordmaker.android.PasswordMakerProForAndroidActivity"]}, {"b6db671c22459c8ec0a3ce1b09ccf0ee": ["6", "org.passwordmaker.android.PasswordMakerProForAndroidActivity"]}, {"fe83aa5869338505d5beb82d5fe9c367": ["0", "org.passwordmaker.android.PasswordMakerProForAndroidActivity"]}, {"fe83aa5869338505d5beb82d5fe9c367": ["0", "org.passwordmaker.android.PasswordMakerProForAndroidActivity"]}, {"2061c443483f88749db517a1e2d15b7f": ["23", "org.passwordmaker.android.PasswordMakerProForAndroidActivity"]}, {"fe83aa5869338505d5beb82d5fe9c367": ["0", "org.passwordmaker.android.PasswordMakerProForAndroidActivity"]}, {"fe83aa5869338505d5beb82d5fe9c367": ["0", "org.passwordmaker.android.PasswordMakerProForAndroidActivity"]}, {"fe83aa5869338505d5beb82d5fe9c367": ["0", "org.passwordmaker.android.PasswordMakerProForAndroidActivity"]}, {"fe83aa5869338505d5beb82d5fe9c367": ["0", "org.passwordmaker.android.PasswordMakerProForAndroidActivity"]}, {"fe83aa5869338505d5beb82d5fe9c367": ["0", "org.passwordmaker.android.PasswordMakerProForAndroidActivity"]}, {"fe83aa5869338505d5beb82d5fe9c367": ["0", "org.passwordmaker.android.PasswordMakerProForAndroidActivity"]}, {"2061c443483f88749db517a1e2d15b7f": ["23", "org.passwordmaker.android.PasswordMakerProForAndroidActivity"]}, {"fe83aa5869338505d5beb82d5fe9c367": ["0", "org.passwordmaker.android.PasswordMakerProForAndroidActivity"]}, {"fe83aa5869338505d5beb82d5fe9c367": ["0", "org.passwordmaker.android.PasswordMakerProForAndroidActivity"]}, {"fe83aa5869338505d5beb82d5fe9c367": ["0", "org.passwordmaker.android.PasswordMakerProForAndroidActivity"]}, {"fe83aa5869338505d5beb82d5fe9c367": ["0", "org.passwordmaker.android.PasswordMakerProForAndroidActivity"]}, {"fe83aa5869338505d5beb82d5fe9c367": ["0", "org.passwordmaker.android.PasswordMakerProForAndroidActivity"]}, {"b6db671c22459c8ec0a3ce1b09ccf0ee": ["6", "org.passwordmaker.android.PasswordMakerProForAndroidActivity"]}, {"2061c443483f88749db517a1e2d15b7f": ["23", "org.passwordmaker.android.PasswordMakerProForAndroidActivity"]}, {"cb1352e830db861ea33759b791b1809b": ["24", "org.passwordmaker.android.PasswordMakerEditFavorites"]}, {"cb1352e830db861ea33759b791b1809b": ["24", "org.passwordmaker.android.PasswordMakerEditFavorites"]}, {"f7b87c5d67c47617cdc32887e26ccaaf": ["4", "org.passwordmaker.android.PasswordMakerEditFavorites"]}, {"f7b87c5d67c47617cdc32887e26ccaaf": ["4", "org.passwordmaker.android.PasswordMakerEditFavorites"]}, {"f7b87c5d67c47617cdc32887e26ccaaf": ["4", "org.passwordmaker.android.PasswordMakerEditFavorites"]}, {"f7b87c5d67c47617cdc32887e26ccaaf": ["4", "org.passwordmaker.android.PasswordMakerEditFavorites"]}, {"f7b87c5d67c47617cdc32887e26ccaaf": ["4", "org.passwordmaker.android.PasswordMakerEditFavorites"]}, {"cb1352e830db861ea33759b791b1809b": ["24", "org.passwordmaker.android.PasswordMakerEditFavorites"]}, {"cb1352e830db861ea33759b791b1809b": ["24", "org.passwordmaker.android.PasswordMakerEditFavorites"]}, {"b6db671c22459c8ec0a3ce1b09ccf0ee": ["6", "org.passwordmaker.android.PasswordMakerProForAndroidActivity"]}, {"b6db671c22459c8ec0a3ce1b09ccf0ee": ["6", "org.passwordmaker.android.PasswordMakerProForAndroidActivity"]}, {"b6db671c22459c8ec0a3ce1b09ccf0ee": ["6", "org.passwordmaker.android.PasswordMakerProForAndroidActivity"]}, {"b6db671c22459c8ec0a3ce1b09ccf0ee": ["6", "org.passwordmaker.android.PasswordMakerProForAndroidActivity"]}, {"fe83aa5869338505d5beb82d5fe9c367": ["0", "org.passwordmaker.android.PasswordMakerProForAndroidActivity"]}, {"fe83aa5869338505d5beb82d5fe9c367": ["0", "org.passwordmaker.android.PasswordMakerProForAndroidActivity"]}, {"fe83aa5869338505d5beb82d5fe9c367": ["0", "org.passwordmaker.android.PasswordMakerProForAndroidActivity"]}, {"fe83aa5869338505d5beb82d5fe9c367": ["0", "org.passwordmaker.android.PasswordMakerProForAndroidActivity"]}, {"b6db671c22459c8ec0a3ce1b09ccf0ee": ["6", "org.passwordmaker.android.PasswordMakerProForAndroidActivity"]}, {"b6db671c22459c8ec0a3ce1b09ccf0ee": ["6", "org.passwordmaker.android.PasswordMakerProForAndroidActivity"]}, {"2061c443483f88749db517a1e2d15b7f": ["23", "org.passwordmaker.android.PasswordMakerProForAndroidActivity"]}, {"b6db671c22459c8ec0a3ce1b09ccf0ee": ["6", "org.passwordmaker.android.PasswordMakerProForAndroidActivity"]}, {"b6db671c22459c8ec0a3ce1b09ccf0ee": ["6", "org.passwordmaker.android.PasswordMakerProForAndroidActivity"]}, {"b6db671c22459c8ec0a3ce1b09ccf0ee": ["6", "org.passwordmaker.android.PasswordMakerProForAndroidActivity"]}, {"b6db671c22459c8ec0a3ce1b09ccf0ee": ["6", "org.passwordmaker.android.PasswordMakerProForAndroidActivity"]}, {"b6db671c22459c8ec0a3ce1b09ccf0ee": ["6", "org.passwordmaker.android.PasswordMakerProForAndroidActivity"]}, {"b6db671c22459c8ec0a3ce1b09ccf0ee": ["6", "org.passwordmaker.android.PasswordMakerProForAndroidActivity"]}, {"b6db671c22459c8ec0a3ce1b09ccf0ee": ["6", "org.passwordmaker.android.PasswordMakerProForAndroidActivity"]}, {"2061c443483f88749db517a1e2d15b7f": ["23", "org.passwordmaker.android.PasswordMakerProForAndroidActivity"]}, {"ad649cc6feb381d21738971d1f305740": ["1", "org.passwordmaker.android.PasswordMakerProForAndroidActivity"]}, {"ad649cc6feb381d21738971d1f305740": ["1", "org.passwordmaker.android.PasswordMakerProForAndroidActivity"]}, {"ad649cc6feb381d21738971d1f305740": ["1", "org.passwordmaker.android.PasswordMakerProForAndroidActivity"]}, {"b6db671c22459c8ec0a3ce1b09ccf0ee": ["6", "org.passwordmaker.android.PasswordMakerProForAndroidActivity"]}, {"b6db671c22459c8ec0a3ce1b09ccf0ee": ["6", "org.passwordmaker.android.PasswordMakerProForAndroidActivity"]}, {"b6db671c22459c8ec0a3ce1b09ccf0ee": ["6", "org.passwordmaker.android.PasswordMakerProForAndroidActivity"]}, {"b6db671c22459c8ec0a3ce1b09ccf0ee": ["6", "org.passwordmaker.android.PasswordMakerProForAndroidActivity"]}, {"b6db671c22459c8ec0a3ce1b09ccf0ee": ["6", "org.passwordmaker.android.PasswordMakerProForAndroidActivity"]}, {"b6db671c22459c8ec0a3ce1b09ccf0ee": ["6", "org.passwordmaker.android.PasswordMakerProForAndroidActivity"]}, {"b6db671c22459c8ec0a3ce1b09ccf0ee": ["6", "org.passwordmaker.android.PasswordMakerProForAndroidActivity"]}, {"b6db671c22459c8ec0a3ce1b09ccf0ee": ["6", "org.passwordmaker.android.PasswordMakerProForAndroidActivity"]}, {"b6db671c22459c8ec0a3ce1b09ccf0ee": ["6", "org.passwordmaker.android.PasswordMakerProForAndroidActivity"]}, {"b6db671c22459c8ec0a3ce1b09ccf0ee": ["6", "org.passwordmaker.android.PasswordMakerProForAndroidActivity"]}, {"b6db671c22459c8ec0a3ce1b09ccf0ee": ["6", "org.passwordmaker.android.PasswordMakerProForAndroidActivity"]}, {"2061c443483f88749db517a1e2d15b7f": ["23", "org.passwordmaker.android.PasswordMakerProForAndroidActivity"]}, {"ad649cc6feb381d21738971d1f305740": ["1", "org.passwordmaker.android.PasswordMakerProForAndroidActivity"]}, {"ad649cc6feb381d21738971d1f305740": ["1", "org.passwordmaker.android.PasswordMakerProForAndroidActivity"]}, {"b6db671c22459c8ec0a3ce1b09ccf0ee": ["6", "org.passwordmaker.android.PasswordMakerProForAndroidActivity"]}, {"b6db671c22459c8ec0a3ce1b09ccf0ee": ["6", "org.passwordmaker.android.PasswordMakerProForAndroidActivity"]}, {"b6db671c22459c8ec0a3ce1b09ccf0ee": ["6", "org.passwordmaker.android.PasswordMakerProForAndroidActivity"]}, {"b6db671c22459c8ec0a3ce1b09ccf0ee": ["6", "org.passwordmaker.android.PasswordMakerProForAndroidActivity"]}, {"b6db671c22459c8ec0a3ce1b09ccf0ee": ["6", "org.passwordmaker.android.PasswordMakerProForAndroidActivity"]}, {"b6db671c22459c8ec0a3ce1b09ccf0ee": ["6", "org.passwordmaker.android.PasswordMakerProForAndroidActivity"]}, {"b6db671c22459c8ec0a3ce1b09ccf0ee": ["6", "org.passwordmaker.android.PasswordMakerProForAndroidActivity"]}, {"b6db671c22459c8ec0a3ce1b09ccf0ee": ["6", "org.passwordmaker.android.PasswordMakerProForAndroidActivity"]}, {"b6db671c22459c8ec0a3ce1b09ccf0ee": ["6", "org.passwordmaker.android.PasswordMakerProForAndroidActivity"]}, {"b6db671c22459c8ec0a3ce1b09ccf0ee": ["6", "org.passwordmaker.android.PasswordMakerProForAndroidActivity"]}, {"b6db671c22459c8ec0a3ce1b09ccf0ee": ["6", "org.passwordmaker.android.PasswordMakerProForAndroidActivity"]}, {"b6db671c22459c8ec0a3ce1b09ccf0ee": ["6", "org.passwordmaker.android.PasswordMakerProForAndroidActivity"]}, {"2061c443483f88749db517a1e2d15b7f": ["23", "org.passwordmaker.android.PasswordMakerProForAndroidActivity"]}, {"b6db671c22459c8ec0a3ce1b09ccf0ee": ["6", "org.passwordmaker.android.PasswordMakerProForAndroidActivity"]}, {"b6db671c22459c8ec0a3ce1b09ccf0ee": ["6", "org.passwordmaker.android.PasswordMakerProForAndroidActivity"]}, {"b6db671c22459c8ec0a3ce1b09ccf0ee": ["6", "org.passwordmaker.android.PasswordMakerProForAndroidActivity"]}, {"b6db671c22459c8ec0a3ce1b09ccf0ee": ["6", "org.passwordmaker.android.PasswordMakerProForAndroidActivity"]}, {"b6db671c22459c8ec0a3ce1b09ccf0ee": ["6", "org.passwordmaker.android.PasswordMakerProForAndroidActivity"]}, {"2061c443483f88749db517a1e2d15b7f": ["23", "org.passwordmaker.android.PasswordMakerProForAndroidActivity"]}, {"b6db671c22459c8ec0a3ce1b09ccf0ee": ["6", "org.passwordmaker.android.PasswordMakerProForAndroidActivity"]}, {"b6db671c22459c8ec0a3ce1b09ccf0ee": ["6", "org.passwordmaker.android.PasswordMakerProForAndroidActivity"]}, {"b6db671c22459c8ec0a3ce1b09ccf0ee": ["6", "org.passwordmaker.android.PasswordMakerProForAndroidActivity"]}, {"b6db671c22459c8ec0a3ce1b09ccf0ee": ["6", "org.passwordmaker.android.PasswordMakerProForAndroidActivity"]}, {"b6db671c22459c8ec0a3ce1b09ccf0ee": ["6", "org.passwordmaker.android.PasswordMakerProForAndroidActivity"]}, {"2061c443483f88749db517a1e2d15b7f": ["23", "org.passwordmaker.android.PasswordMakerProForAndroidActivity"]}, {"ad649cc6feb381d21738971d1f305740": ["1", "org.passwordmaker.android.PasswordMakerProForAndroidActivity"]}, {"b6db671c22459c8ec0a3ce1b09ccf0ee": ["6", "org.passwordmaker.android.PasswordMakerProForAndroidActivity"]}, {"b6db671c22459c8ec0a3ce1b09ccf0ee": ["6", "org.passwordmaker.android.PasswordMakerProForAndroidActivity"]}, {"b6db671c22459c8ec0a3ce1b09ccf0ee": ["6", "org.passwordmaker.android.PasswordMakerProForAndroidActivity"]}, {"2061c443483f88749db517a1e2d15b7f": ["23", "org.passwordmaker.android.PasswordMakerProForAndroidActivity"]}, {"b6db671c22459c8ec0a3ce1b09ccf0ee": ["6", "org.passwordmaker.android.PasswordMakerProForAndroidActivity"]}, {"b6db671c22459c8ec0a3ce1b09ccf0ee": ["6", "org.passwordmaker.android.PasswordMakerProForAndroidActivity"]}, {"b6db671c22459c8ec0a3ce1b09ccf0ee": ["6", "org.passwordmaker.android.PasswordMakerProForAndroidActivity"]}, {"b6db671c22459c8ec0a3ce1b09ccf0ee": ["6", "org.passwordmaker.android.PasswordMakerProForAndroidActivity"]}, {"b6db671c22459c8ec0a3ce1b09ccf0ee": ["6", "org.passwordmaker.android.PasswordMakerProForAndroidActivity"]}, {"b6db671c22459c8ec0a3ce1b09ccf0ee": ["6", "org.passwordmaker.android.PasswordMakerProForAndroidActivity"]}, {"b6db671c22459c8ec0a3ce1b09ccf0ee": ["6", "org.passwordmaker.android.PasswordMakerProForAndroidActivity"]}, {"b6db671c22459c8ec0a3ce1b09ccf0ee": ["6", "org.passwordmaker.android.PasswordMakerProForAndroidActivity"]}, {"b6db671c22459c8ec0a3ce1b09ccf0ee": ["6", "org.passwordmaker.android.PasswordMakerProForAndroidActivity"]}, {"b6db671c22459c8ec0a3ce1b09ccf0ee": ["6", "org.passwordmaker.android.PasswordMakerProForAndroidActivity"]}, {"b6db671c22459c8ec0a3ce1b09ccf0ee": ["6", "org.passwordmaker.android.PasswordMakerProForAndroidActivity"]}, {"b6db671c22459c8ec0a3ce1b09ccf0ee": ["6", "org.passwordmaker.android.PasswordMakerProForAndroidActivity"]}, {"b6db671c22459c8ec0a3ce1b09ccf0ee": ["6", "org.passwordmaker.android.PasswordMakerProForAndroidActivity"]}, {"2061c443483f88749db517a1e2d15b7f": ["23", "org.passwordmaker.android.PasswordMakerProForAndroidActivity"]}, {"b6db671c22459c8ec0a3ce1b09ccf0ee": ["6", "org.passwordmaker.android.PasswordMakerProForAndroidActivity"]}, {"b6db671c22459c8ec0a3ce1b09ccf0ee": ["6", "org.passwordmaker.android.PasswordMakerProForAndroidActivity"]}, {"b6db671c22459c8ec0a3ce1b09ccf0ee": ["6", "org.passwordmaker.android.PasswordMakerProForAndroidActivity"]}, {"2061c443483f88749db517a1e2d15b7f": ["23", "org.passwordmaker.android.PasswordMakerProForAndroidActivity"]}, {"b6db671c22459c8ec0a3ce1b09ccf0ee": ["6", "org.passwordmaker.android.PasswordMakerProForAndroidActivity"]}, {"b6db671c22459c8ec0a3ce1b09ccf0ee": ["6", "org.passwordmaker.android.PasswordMakerProForAndroidActivity"]}, {"b6db671c22459c8ec0a3ce1b09ccf0ee": ["6", "org.passwordmaker.android.PasswordMakerProForAndroidActivity"]}, {"b6db671c22459c8ec0a3ce1b09ccf0ee": ["6", "org.passwordmaker.android.PasswordMakerProForAndroidActivity"]}, {"b6db671c22459c8ec0a3ce1b09ccf0ee": ["6", "org.passwordmaker.android.PasswordMakerProForAndroidActivity"]}, {"2061c443483f88749db517a1e2d15b7f": ["23", "org.passwordmaker.android.PasswordMakerProForAndroidActivity"]}, {"b6db671c22459c8ec0a3ce1b09ccf0ee": ["6", "org.passwordmaker.android.PasswordMakerProForAndroidActivity"]}, {"b6db671c22459c8ec0a3ce1b09ccf0ee": ["6", "org.passwordmaker.android.PasswordMakerProForAndroidActivity"]}, {"2061c443483f88749db517a1e2d15b7f": ["23", "org.passwordmaker.android.PasswordMakerProForAndroidActivity"]}, {"b6db671c22459c8ec0a3ce1b09ccf0ee": ["6", "org.passwordmaker.android.PasswordMakerProForAndroidActivity"]}, {"b6db671c22459c8ec0a3ce1b09ccf0ee": ["6", "org.passwordmaker.android.PasswordMakerProForAndroidActivity"]}, {"b6db671c22459c8ec0a3ce1b09ccf0ee": ["6", "org.passwordmaker.android.PasswordMakerProForAndroidActivity"]}, {"b6db671c22459c8ec0a3ce1b09ccf0ee": ["6", "org.passwordmaker.android.PasswordMakerProForAndroidActivity"]}, {"b6db671c22459c8ec0a3ce1b09ccf0ee": ["6", "org.passwordmaker.android.PasswordMakerProForAndroidActivity"]}, {"b6db671c22459c8ec0a3ce1b09ccf0ee": ["6", "org.passwordmaker.android.PasswordMakerProForAndroidActivity"]}, {"b6db671c22459c8ec0a3ce1b09ccf0ee": ["6", "org.passwordmaker.android.PasswordMakerProForAndroidActivity"]}, {"b6db671c22459c8ec0a3ce1b09ccf0ee": ["6", "org.passwordmaker.android.PasswordMakerProForAndroidActivity"]}, {"b6db671c22459c8ec0a3ce1b09ccf0ee": ["6", "org.passwordmaker.android.PasswordMakerProForAndroidActivity"]}, {"b6db671c22459c8ec0a3ce1b09ccf0ee": ["6", "org.passwordmaker.android.PasswordMakerProForAndroidActivity"]}, {"b6db671c22459c8ec0a3ce1b09ccf0ee": ["6", "org.passwordmaker.android.PasswordMakerProForAndroidActivity"]}, {"b6db671c22459c8ec0a3ce1b09ccf0ee": ["6", "org.passwordmaker.android.PasswordMakerProForAndroidActivity"]}, {"b6db671c22459c8ec0a3ce1b09ccf0ee": ["6", "org.passwordmaker.android.PasswordMakerProForAndroidActivity"]}, {"b6db671c22459c8ec0a3ce1b09ccf0ee": ["6", "org.passwordmaker.android.PasswordMakerProForAndroidActivity"]}, {"b6db671c22459c8ec0a3ce1b09ccf0ee": ["6", "org.passwordmaker.android.PasswordMakerProForAndroidActivity"]}, {"b6db671c22459c8ec0a3ce1b09ccf0ee": ["6", "org.passwordmaker.android.PasswordMakerProForAndroidActivity"]}, {"b6db671c22459c8ec0a3ce1b09ccf0ee": ["6", "org.passwordmaker.android.PasswordMakerProForAndroidActivity"]}, {"b6db671c22459c8ec0a3ce1b09ccf0ee": ["6", "org.passwordmaker.android.PasswordMakerProForAndroidActivity"]}, {"2061c443483f88749db517a1e2d15b7f": ["23", "org.passwordmaker.android.PasswordMakerProForAndroidActivity"]}, {"fe83aa5869338505d5beb82d5fe9c367": ["0", "org.passwordmaker.android.PasswordMakerProForAndroidActivity"]}, {"fe83aa5869338505d5beb82d5fe9c367": ["0", "org.passwordmaker.android.PasswordMakerProForAndroidActivity"]}]