{"state_map": {"0": "07609d509ff06f47867dfa45a79a0c99", "1": "5936bfcb5143a2c0b1a0ad5b63983215", "2": "59eb85470e0270c720e506e6094f241a", "3": "63b3ebb2da9bb4b8a77f553782b3355b", "4": "8c4b93c54c3a4bcc0f935b13d03f8f51", "5": "fbc106ffff5f211bbf4ccce94c077c3f", "6": "e2e224ac24b5134c965300d04f83e26c", "7": "6c3eb20196d0a9b7a73a2b88432eca81", "8": "7d26bc7920ba08c51ad226980a251837", "9": "e2c60450f9f1a81bfc9c2bd7e09a64dd", "10": "5fb49dc1b0eba085759e344c010c1494", "11": "ed3287d5c921745323e3bbfb4e1a4c0f", "12": "9047655b2d0c2fbdb8c0838f7f642792", "13": "3c6eb5858ced50ffee7ae4c9474fbac0", "14": "d77fecbe20eb3485bd6e67dffe76d8e6", "15": "a9b4b1a4b4829b7cb6453b524f9fea73", "16": "e2d4a11840db1a9722f7446bfc536d05", "17": "84cf821a14db9f22040fe19b5a48b804", "18": "fa1afad96e6a67a752a7221d0a9735e1", "19": "7184d3b2afb594a20423daec494a4599", "20": "d4277aef61bf25d4b8c24e64e0ebde9b", "21": "2ea16d95b1ca8714a0a630c02db123ca", "22": "db18a2f2688a3818e6709b3193c0226a", "23": "ca01c161ba1647686e8c63a8685cbe53", "24": "daf58e25705de7615655bccb00bf6abd", "25": "5024ed88c4a7bb3fc52c62042348d6ec", "26": "96866bc5ff388952a5fe9f82ef3f5602", "27": "b37536cca3cd36b58e2825da882abd67", "28": "70355228f2a9d4e99e2e6ea36549d041", "29": "49ed8811ba4698d1277a53dd5ac52598", "30": "3cd5a672563aea8cd52ec845ea923307", "31": "90475cb76bf66d3cd7564bf05eed07c5", "32": "cc8202af67912cdc8fc0eb47cfe9a025", "33": "7963e4ea83e29d4e309c9fe9c139254b", "34": "34ec0d7453099dfed79f5fb5f4356785", "35": "be45a980cb30a43810f26cd98a7b67df", "36": "ca9a67316faf4931a7bd72e6900f1f6e", "37": "ec3a3c65c4285331788a4597babed1a4", "38": "212522be1d16f3bd2ecb5f870f353104", "39": "6ebbd3c29d4ec8d5caf625bcbfdf2086", "40": "1857dbef9c89ae5515dcec96877a8cfd", "41": "39e2dbdac038b6fbb9d04787dceb500c", "42": "633198160506a845b90fb427dfb0f874", "43": "54afd6bf15bfc147990cbaac42aed369", "44": "3388eae9fd28b1d805899e218ff51861", "45": "5c0e7fa89e68e4e668784c048a63a3c7", "46": "1596c2fe1a572f8789fbf50d7aa4db83", "47": "c892c91443d3dab28faf06c449c87b76", "48": "377b51a0a9ab4780bf2cfc07815c5a10", "49": "7821844952417d2382135e912c94d163", "50": "ab8dd857dc768f7fc946df586331c614", "51": "574e7154367bb96fcfdceae9b712aef8", "52": "4cc7692aab9efd5aae051a7d247ef831", "53": "ee76d6d504b9054005edb6df79d87652", "54": "8a3c50700e8f108d82bc59e4eb95cec2", "55": "b19e4df033c10b3b1132e675a345cd4d", "56": "6ad9b38eaa4b3a9b572d92c13090c101", "57": "7fa3e333bbf48a370e6277c6ac4f495c", "58": "581a650834b5cac2a69c0702eb7e91ea", "59": "c7c9193fc2e3ade29e0abfe4e3f875df", "60": "4934f8234320f406f140e0a30276fce9"}, "act_map": {"0": "com.bwx.bequick.MainSettingsActivity", "1": "com.bwx.bequick.MainSettingsActivity", "2": "com.bwx.bequick.MainSettingsActivity", "3": "com.bwx.bequick.preferences.BrightnessPrefs", "4": "com.bwx.bequick.MainSettingsActivity", "5": "com.bwx.bequick.MainSettingsActivity", "6": "com.bwx.bequick.preferences.GpsPrefs", "7": "com.bwx.bequick.preferences.MobileDataPrefs", "8": "com.bwx.bequick.MainSettingsActivity", "9": "com.bwx.bequick.LayoutSettingsActivity", "10": "com.bwx.bequick.LayoutSettingsActivity", "11": "com.bwx.bequick.preferences.MobileDataApnPrefs", "12": "com.bwx.bequick.preferences.AirplaneModePrefs", "13": "com.bwx.bequick.preferences.CommonPrefs", "14": "com.bwx.bequick.preferences.CommonPrefs", "15": "com.bwx.bequick.preferences.CommonPrefs", "16": "com.bwx.bequick.preferences.CommonPrefs", "17": "com.bwx.bequick.preferences.CommonPrefs", "18": "com.bwx.bequick.preferences.CommonPrefs", "19": "com.bwx.bequick.preferences.CommonPrefs", "20": "com.bwx.bequick.LayoutSettingsActivity", "21": "com.bwx.bequick.LayoutSettingsActivity", "22": "com.bwx.bequick.MainSettingsActivity", "23": "com.bwx.bequick.LayoutSettingsActivity", "24": "com.bwx.bequick.LayoutSettingsActivity", "25": "com.bwx.bequick.LayoutSettingsActivity", "26": "com.bwx.bequick.LayoutSettingsActivity", "27": "com.bwx.bequick.MainSettingsActivity", "28": "com.bwx.bequick.LayoutSettingsActivity", "29": "com.bwx.bequick.MainSettingsActivity", "30": "com.bwx.bequick.preferences.CommonPrefs", "31": "com.bwx.bequick.preferences.CommonPrefs", "32": "com.bwx.bequick.preferences.CommonPrefs", "33": "com.bwx.bequick.MainSettingsActivity", "34": "com.bwx.bequick.MainSettingsActivity", "35": "com.bwx.bequick.LayoutSettingsActivity", "36": "com.bwx.bequick.MainSettingsActivity", "37": "com.bwx.bequick.MainSettingsActivity", "38": "com.bwx.bequick.MainSettingsActivity", "39": "com.bwx.bequick.MainSettingsActivity", "40": "com.bwx.bequick.MainSettingsActivity", "41": "com.bwx.bequick.LayoutSettingsActivity", "42": "com.bwx.bequick.MainSettingsActivity", "43": "com.bwx.bequick.preferences.MobileDataApnPrefs", "44": "com.bwx.bequick.MainSettingsActivity", "45": "com.bwx.bequick.preferences.CommonPrefs", "46": "com.bwx.bequick.MainSettingsActivity", "47": "com.bwx.bequick.MainSettingsActivity", "48": "com.bwx.bequick.LayoutSettingsActivity", "49": "com.bwx.bequick.LayoutSettingsActivity", "50": "com.bwx.bequick.LayoutSettingsActivity", "51": "com.bwx.bequick.LayoutSettingsActivity", "52": "com.bwx.bequick.DialogSettingsActivity", "53": "com.bwx.bequick.DialogSettingsActivity", "54": "com.bwx.bequick.DialogSettingsActivity", "55": "com.bwx.bequick.DialogSettingsActivity", "56": "com.bwx.bequick.DialogSettingsActivity", "57": "com.bwx.bequick.DialogSettingsActivity", "58": "com.bwx.bequick.preferences.CommonPrefs", "59": "com.bwx.bequick.DialogSettingsActivity", "60": "com.bwx.bequick.preferences.MobileDataPrefs"}, "state_num": 61, "transition": [[0, 1, 0.02250072152422154], [0, 5, 0.032336330451773074], [0, 7, 0.02250072152422154], [0, 2, 0.05997935071096266], [0, 6, 0.04477564849613502], [0, 3, 0.022500686366899093], [0, 8, 0.04458713415633227], [0, 9, 0.022500826996188883], [0, 20, 0.022500686366899093], [0, 13, 0.022500791838866434], [0, 21, 0.02250072152422154], [0, 10, 0.022500791838866434], [0, 42, 0.2557518366780443], [0, 11, 0.02250072152422154], [0, 14, 0.0431838108740919], [0, 44, 0.022274962129235933], [0, 24, 0.02250072152422154], [0, 17, 0.022500686366899093], [0, 32, 0.022500686366899093], [0, 23, 0.022500686366899093], [0, 60, 3.515732244827983e-08], [0, 0, 0.2046014412165775], [1, 0, 0.03912339584448057], [1, 2, 0.10428964702064067], [1, 3, 6.018965456180224e-08], [1, 5, 0.05622509118199881], [1, 7, 0.03912333565482601], [1, 6, 0.03912333565482601], [1, 9, 0.03912339584448057], [1, 13, 0.03912339584448057], [1, 17, 0.03912327546517145], [1, 21, 0.03912333565482601], [1, 16, 0.0928916273076798], [1, 22, 0.038730794429422954], [1, 20, 0.03912333565482601], [1, 10, 0.03912333565482601], [1, 1, 0.3557526385978598], [2, 1, 0.0709572475481112], [2, 4, 0.0709572475481112], [2, 0, 0.0709572475481112], [2, 9, 1.112619760580516e-06], [2, 47, 0.0709572475481112], [2, 46, 0.0709572475481112], [2, 2, 0.6452126496396836], [3, 1, 0.07317558158799822], [3, 4, 4.3044459757646017e-07], [3, 0, 4.3044459757646017e-07], [3, 9, 0.0731760120325958], [3, 49, 0.0731760120325958], [3, 28, 4.3044459757646017e-07], [3, 59, 0.11507675856355894], [3, 3, 0.6653943444494584], [4, 3, 0.05815333251252353], [4, 2, 0.15501745899898572], [4, 5, 0.08357369401464597], [4, 6, 0.058153427845855525], [4, 7, 0.058153427845855525], [4, 17, 0.05815333251252353], [4, 9, 9.53333319877435e-08], [4, 4, 0.528795230936278], [5, 4, 0.055269868001092806], [5, 0, 0.055269868001092806], [5, 1, 0.055269868001092806], [5, 9, 4.5388027385212946e-07], [5, 33, 0.05526964106095588], [5, 34, 0.05526964106095588], [5, 36, 0.05526964106095588], [5, 38, 0.05526964106095588], [5, 13, 2.2694013692606473e-07], [5, 46, 0.055269868001092806], [5, 47, 0.055269868001092806], [5, 5, 0.5025714149303013], [6, 4, 0.052375341845367705], [6, 0, 0.05237533875419759], [6, 1, 0.0523750337587461], [6, 9, 0.0523750337587461], [6, 35, 0.0523747256721245], [6, 26, 0.0523747256721245], [6, 25, 0.0523750337587461], [6, 10, 0.0523750337587461], [6, 50, 0.0523750337587461], [6, 28, 0.0523750337587461], [6, 6, 0.4762496655037088], [7, 4, 0.06000392458356809], [7, 0, 0.060003571623458304], [7, 1, 0.060003571623458304], [7, 10, 0.060003571623458304], [7, 26, 0.060003571623458304], [7, 9, 0.06000321866334852], [7, 23, 3.529601097844031e-07], [7, 52, 0.09436174960707248], [7, 7, 0.5456164676920677], [8, 0, 1.9811042278745325e-06], [8, 8, 0.9999980188957721], [9, 1, 0.02469973582781546], [9, 10, 0.024699770616076384], [9, 12, 0.024699665257343295], [9, 3, 0.024699735330840304], [9, 6, 0.024699735330840304], [9, 0, 0.02469973582781546], [9, 20, 3.5285236081918995e-08], [9, 5, 0.03549650248049776], [9, 24, 0.02469970054257938], [9, 25, 3.5285236081918995e-08], [9, 23, 0.024699735330840304], [9, 26, 0.024699735330840304], [9, 27, 0.024699665257343295], [9, 34, 0.024699665257343295], [9, 28, 0.024699735330840304], [9, 21, 0.024699735330840304], [9, 36, 0.024699665257343295], [9, 37, 0.024699665257343295], [9, 2, 0.06584105890737965], [9, 46, 0.024699770616076384], [9, 47, 0.024699700045604223], [9, 48, 0.024699700045604223], [9, 49, 0.024699700045604223], [9, 52, 0.03884283147328932], [9, 54, 0.03884283147328932], [9, 51, 0.024699700045604223], [9, 56, 0.038842866261550237], [9, 50, 3.4788260925835635e-08], [9, 4, 0.024699665257343295], [9, 57, 0.03884283147328932], [9, 7, 3.5285236081918995e-08], [9, 9, 0.2245970201448535], [10, 9, 0.0338010308511164], [10, 11, 0.03380098040196722], [10, 12, 0.03380098040196722], [10, 23, 0.03380098040196722], [10, 0, 0.03380098040196722], [10, 25, 0.03380098040196722], [10, 27, 5.04491491833105e-08], [10, 28, 0.03380098040196722], [10, 21, 0.03380098040196722], [10, 26, 0.03380098040196722], [10, 34, 5.04491491833105e-08], [10, 35, 5.04491491833105e-08], [10, 24, 0.03380098040196722], [10, 36, 5.04491491833105e-08], [10, 37, 5.04491491833105e-08], [10, 7, 0.03380098040196722], [10, 6, 0.03380098040196722], [10, 38, 5.04491491833105e-08], [10, 43, 0.06487148625822486], [10, 47, 0.03380092995281804], [10, 46, 5.04491491833105e-08], [10, 50, 0.03380092995281804], [10, 48, 0.03380092995281804], [10, 52, 5.04491491833105e-08], [10, 54, 0.05315558159171927], [10, 51, 5.04491491833105e-08], [10, 57, 5.04491491833105e-08], [10, 1, 0.03380098040196722], [10, 49, 0.03380092995281804], [10, 10, 0.3073559121725688], [11, 10, 0.0713658089624942], [11, 43, 0.13696658315048976], [11, 0, 0.0713658089624942], [11, 23, 2.6431683202097097e-07], [11, 57, 2.6431683202097097e-07], [11, 20, 0.0713658089624942], [11, 11, 0.6489354613283637], [12, 10, 0.09014632459956125], [12, 9, 5.634110074284613e-07], [12, 48, 5.634110074284613e-07], [12, 28, 0.09014632459956125], [12, 12, 0.8197062239788626], [13, 1, 0.029471960264993657], [13, 14, 0.056563237843913955], [13, 15, 0.047465117475353334], [13, 16, 0.06997611706864663], [13, 17, 0.029472024334333213], [13, 0, 0.029472024334333213], [13, 29, 0.029471896195654105], [13, 30, 0.029472024334333213], [13, 18, 0.08047985799497473], [13, 33, 6.406933955576979e-08], [13, 5, 0.04235479410406117], [13, 32, 0.029471960264993657], [13, 40, 0.029471960264993657], [13, 19, 0.06462983502822249], [13, 31, 0.029472024334333213], [13, 46, 0.029471960264993657], [13, 47, 0.029471960264993657], [13, 54, 0.046347668488572906], [13, 58, 0.029471960264993657], [13, 52, 6.406933955576979e-08], [13, 13, 0.26799148873462625], [14, 13, 0.062139062311548546], [14, 17, 0.062139062311548546], [14, 18, 6.625339357603999e-07], [14, 30, 0.062139062311548546], [14, 31, 0.062139062311548546], [14, 32, 0.062139062311548546], [14, 0, 6.625339357603999e-07], [14, 45, 0.06213839977761279], [14, 46, 6.625339357603999e-07], [14, 58, 0.06213839977761279], [14, 14, 0.5650259012852246], [15, 13, 0.07095751278461732], [15, 17, 0.07095751278461732], [15, 30, 0.07095691132937344], [15, 32, 0.07095751278461732], [15, 31, 0.07095630987412956], [15, 15, 0.6452142404426451], [16, 13, 0.09014746092938965], [16, 17, 2.5180468474267844e-06], [16, 1, 1.2590234237133922e-06], [16, 30, 0.09014746092938965], [16, 54, 1.2590234237133922e-06], [16, 57, 1.2590234237133922e-06], [16, 16, 0.8196987830241023], [17, 16, 0.09925765599883168], [17, 14, 0.08023223732697816], [17, 18, 0.11415679675129901], [17, 19, 0.09167440089262664], [17, 13, 0.041804657664097], [17, 15, 0.06732698607674481], [17, 1, 9.72196819179841e-08], [17, 30, 0.041804560444415086], [17, 32, 0.041804657664097], [17, 40, 9.72196819179841e-08], [17, 45, 0.04180446322473316], [17, 52, 9.72196819179841e-08], [17, 4, 9.72196819179841e-08], [17, 0, 9.72196819179841e-08], [17, 57, 9.72196819179841e-08], [17, 17, 0.38013300063808564], [18, 14, 0.17427841867349567], [18, 17, 1.458641658590506e-06], [18, 13, 1.458641658590506e-06], [18, 30, 1.458641658590506e-06], [18, 18, 0.8257172054015286], [19, 17, 0.09014668545667155], [19, 13, 9.884164713282645e-07], [19, 31, 0.09014668545667155], [19, 19, 0.8197056406701856], [20, 9, 0.0763759544795608], [20, 21, 0.07637607020070396], [20, 0, 1.1572114315084972e-07], [20, 1, 0.07637607020070396], [20, 11, 0.07637607020070396], [20, 20, 0.694495719197184], [21, 20, 0.04526299082329459], [21, 1, 0.04526299082329459], [21, 0, 0.04526299082329459], [21, 23, 0.04526299082329459], [21, 25, 0.04526299082329459], [21, 10, 0.04526299082329459], [21, 29, 6.200401208120892e-08], [21, 9, 0.04526299082329459], [21, 26, 0.045262928819282504], [21, 28, 0.04526299082329459], [21, 48, 6.200401208120892e-08], [21, 46, 6.200401208120892e-08], [21, 51, 0.045262928819282504], [21, 49, 0.045262928819282504], [21, 41, 0.045262928819282504], [21, 24, 0.045262928819282504], [21, 21, 0.4115812433051942], [22, 1, 0.09907752322065298], [22, 22, 0.900922476779347], [23, 21, 0.049768309746300164], [23, 10, 0.049768309746300164], [23, 9, 0.049768309746300164], [23, 25, 0.049768309746300164], [23, 24, 0.049768309746300164], [23, 26, 0.049768309746300164], [23, 41, 0.049768309746300164], [23, 49, 0.04976824157062678], [23, 47, 6.817567338442026e-08], [23, 50, 0.04976824157062678], [23, 56, 6.817567338442026e-08], [23, 7, 0.04976824157062678], [23, 28, 6.817567338442026e-08], [23, 11, 0.04976824157062678], [23, 0, 6.817567338442026e-08], [23, 23, 0.45254859279069787], [24, 9, 0.06625539164310579], [24, 23, 0.06625539164310579], [24, 34, 9.46504242752593e-08], [24, 10, 0.06625539164310579], [24, 36, 9.46504242752593e-08], [24, 0, 0.06625548629353006], [24, 47, 0.06625529699268151], [24, 21, 9.46504242752593e-08], [24, 57, 9.46504242752593e-08], [24, 26, 0.06625529699268151], [24, 24, 0.6024673661900922], [25, 9, 0.062138312818372426], [25, 21, 0.062138481910041884], [25, 10, 0.062138481910041884], [25, 23, 0.06213839678906542], [25, 28, 0.06213839793934889], [25, 6, 0.06213839678906542], [25, 26, 0.06213839678906542], [25, 25, 0.5650311350549987], [26, 9, 0.05850309842268111], [26, 23, 0.05850309842268111], [26, 10, 0.05850309842268111], [26, 21, 7.905813427641465e-08], [26, 6, 7.905813427641465e-08], [26, 7, 0.05850309842268111], [26, 49, 0.058503019364546834], [26, 46, 0.05850309842268111], [26, 50, 7.905813427641465e-08], [26, 51, 7.905813427641465e-08], [26, 28, 0.058503019364546834], [26, 25, 0.05850309842268111], [26, 24, 7.905813427641465e-08], [26, 26, 0.5319749754441482], [27, 10, 0.09907737750610295], [27, 9, 1.3954560212127178e-07], [27, 27, 0.9009224829482949], [28, 10, 0.055269660758567], [28, 9, 0.055269660758567], [28, 21, 0.055269660758567], [28, 25, 0.055269660758567], [28, 49, 0.055269660758567], [28, 3, 0.05526958606993718], [28, 26, 7.468862982423944e-08], [28, 57, 7.468862982423944e-08], [28, 12, 0.055269660758567], [28, 23, 0.05526958606993718], [28, 6, 0.055269660758567], [28, 46, 7.468862982423944e-08], [28, 28, 0.5025729784842672], [29, 21, 0.09907737769812812], [29, 13, 1.3760746902517795e-07], [29, 29, 0.9009224846944028], [30, 15, 0.06911944958057596], [30, 14, 0.08236827703719832], [30, 16, 0.10190031977504557], [30, 13, 0.042917627598565156], [30, 31, 0.042917532226483264], [30, 17, 0.042917627598565156], [30, 50, 0.042917436854401365], [30, 32, 9.537208189866971e-08], [30, 18, 0.11719602975731973], [30, 54, 0.06749220079026913], [30, 30, 0.39025340340949416], [31, 30, 0.06576672992901479], [31, 14, 0.12622096143297226], [31, 32, 1.31533196791636e-07], [31, 13, 0.06576672992901479], [31, 19, 0.14422174443762373], [31, 15, 1.31533196791636e-07], [31, 31, 0.5980235712049806], [32, 17, 0.06015832328921184], [32, 15, 0.09688582842278215], [32, 13, 0.06015832328921184], [32, 31, 0.060158049843530736], [32, 14, 0.1154569223956858], [32, 30, 0.060158049843530736], [32, 0, 1.3672284055347896e-07], [32, 32, 0.5470243661932063], [33, 13, 0.0867284059942339], [33, 5, 0.12463966873879358], [33, 34, 1.22152684498921e-07], [33, 33, 0.7886318031142882], [34, 33, 0.07390846914274758], [34, 9, 2.111670546935645e-07], [34, 24, 0.07390846914274758], [34, 5, 0.10621580247340152], [34, 10, 0.07390846914274758], [34, 34, 0.6720585789313009], [35, 10, 0.09907737806660885], [35, 6, 1.3388834873866062e-07], [35, 35, 0.9009224880450424], [36, 24, 0.07980688123346906], [36, 5, 0.1146925705366314], [36, 10, 0.07980688123346906], [36, 9, 1.1911474810965531e-07], [36, 36, 0.7256935478816823], [37, 10, 0.0990773782434796], [37, 9, 1.3210317099130617e-07], [37, 37, 0.9009224896533494], [38, 10, 0.0748304851613851], [38, 39, 0.13718609443759291], [38, 5, 0.10754083917032785], [38, 38, 0.6804425812306941], [39, 38, 0.0990783539275998], [39, 39, 0.9009216460724002], [40, 17, 0.09014594499715116], [40, 13, 0.09014605231375235], [40, 41, 1.073166011870847e-07], [40, 40, 0.8197078953724952], [41, 40, 0.09014594208165205], [41, 23, 0.09014606556924394], [41, 21, 1.2348759189267405e-07], [41, 41, 0.819707868861512], [42, 0, 0.09912811732233079], [42, 42, 0.9008718826776693], [43, 11, 0.09907919012544546], [43, 10, 1.0563938904749858e-06], [43, 43, 0.9009197534806641], [44, 0, 0.09907752521896686], [44, 44, 0.900922474781033], [45, 14, 0.17427931575059602], [45, 17, 2.0637992786891133e-07], [45, 45, 0.8257204778694761], [46, 13, 0.04326173852420545], [46, 47, 0.04326173852420545], [46, 9, 0.0432620818707916], [46, 5, 0.062172489036753764], [46, 10, 0.043261669854888225], [46, 21, 0.043261669854888225], [46, 26, 0.04326173852420545], [46, 48, 0.043261669854888225], [46, 14, 0.08302874581902632], [46, 28, 0.043261669854888225], [46, 2, 0.11532123289037763], [46, 46, 0.39338355539088127], [47, 46, 0.05815340354013185], [47, 10, 9.0864551055595e-08], [47, 9, 0.05815340354013185], [47, 23, 0.0581533126755808], [47, 49, 9.0864551055595e-08], [47, 5, 0.08357366103770188], [47, 13, 0.058153494404682905], [47, 24, 9.0864551055595e-08], [47, 2, 0.15501740165154018], [47, 47, 0.5287950505565773], [48, 21, 0.07095656606677922], [48, 9, 0.07095666600560466], [48, 49, 0.07095666600560466], [48, 51, 0.07095656606677922], [48, 10, 9.993882544616793e-08], [48, 46, 9.993882544616793e-08], [48, 54, 9.993882544616793e-08], [48, 12, 0.07095656606677922], [48, 56, 9.993882544616793e-08], [48, 48, 0.6452165700331515], [49, 48, 0.07095664632502609], [49, 23, 1.0434785584877977e-07], [49, 47, 0.07095654197717025], [49, 28, 0.07095664632502609], [49, 26, 1.0434785584877977e-07], [49, 9, 0.07095664632502609], [49, 50, 1.0434785584877977e-07], [49, 3, 0.07095664632502609], [49, 21, 1.0434785584877977e-07], [49, 10, 1.0434785584877977e-07], [49, 49, 0.6452163509834463], [50, 49, 0.07637595830153408], [50, 23, 1.0321075446153256e-07], [50, 26, 0.07637595830153408], [50, 6, 0.07637606151228855], [50, 10, 1.0321075446153256e-07], [50, 9, 0.07637595830153408], [50, 30, 1.0321075446153256e-07], [50, 50, 0.6944957539508457], [51, 26, 0.08269161726657805], [51, 48, 1.1646706657264515e-07], [51, 10, 0.08269161726657805], [51, 9, 0.08269173373364462], [51, 21, 1.1646706657264515e-07], [51, 51, 0.7519247987990663], [52, 17, 0.05328068190091423], [52, 53, 0.07657112035775042], [52, 9, 1.289069196996728e-07], [52, 10, 0.05328068190091423], [52, 54, 0.08378962671170703], [52, 13, 0.05328068190091423], [52, 7, 0.05328081080783393], [52, 55, 0.14202863330620477], [52, 52, 0.48448763420684127], [53, 52, 0.10222683584452583], [53, 56, 0.10222683584452583], [53, 57, 0.10222656893179459], [53, 54, 0.10222683584452583], [53, 53, 0.5910929235346281], [54, 52, 0.08215112107387629], [54, 9, 2.567218522279693e-07], [54, 10, 0.05223890559743245], [54, 48, 0.052238777236506335], [54, 55, 0.1392512628780522], [54, 16, 0.12403217696796158], [54, 13, 1.2836092611398466e-07], [54, 53, 0.07507377273764612], [54, 30, 1.2836092611398466e-07], [54, 54, 0.4750134700648206], [55, 54, 0.11386743240391092], [55, 57, 0.11386743240391092], [55, 52, 0.11386743240391092], [55, 55, 0.6583977027882673], [56, 23, 0.0739084362234903], [56, 9, 0.07390900784063495], [56, 48, 0.0739084362234903], [56, 53, 0.10621584011984006], [56, 56, 0.6720582795925443], [57, 16, 0.11542546617496849], [57, 9, 4.853997279425662e-07], [57, 10, 0.04861387877188988], [57, 28, 0.04861387877188988], [57, 17, 0.04861387877188988], [57, 24, 0.04861387877188988], [57, 53, 0.06986433410074945], [57, 55, 0.12958848712685722], [57, 11, 0.04861387877188988], [57, 57, 0.4420518333382473], [58, 13, 0.08324785227134153], [58, 14, 0.15977095124547033], [58, 58, 0.7569811964831882], [59, 3, 0.09907762528593009], [59, 59, 0.9009223747140699], [60, 0, 0.09907739133191718], [60, 60, 0.9009226086680827]]}