{"state_map": {"0": "2b5c2d98eb573392fd38c6a9140cc1ff", "1": "da146cb22c7d67e7126d0e7b0dff5bb2", "2": "64ba9ddefdcafeb7da118bc3add16c92", "3": "9ad841d4f5c81eb770ce8ff742fb9bb2", "4": "a47117887f077510a83d014b50043732", "5": "98e734fa70ec089a73e477ee335b0589", "6": "ac229ec513cd2b0e9812edf493829a59", "7": "12dbaa52a36e01a7d3f2f4933d0a9813", "8": "2385214e950724a591c3a512a07787de", "9": "b77ad98e15ef8e6f8e2703badf1f7800", "10": "b6866a8cb51aca8c5fb96cfe9eca5ddd", "11": "b370856d8e4d55247bcb47cb7ec26f96", "12": "cefc223a83447d8821086639e85b90ab", "13": "a8ebb928afaf77baacd7de757454c360", "14": "a7ab68c53c0a2413eb74f53f60a6ede0", "15": "86287de1c18fab20dde7dfaefc39ef90", "16": "ac5a4262c961afd855584fa2b6c1b028", "17": "54121b89f7e5eb0534e04f0c60d0ac68", "18": "5a9b30de79ecf9d078eae838036215ae", "19": "374f7dd176dd2487b9fe1f959aa8eafc", "20": "e3b365376acce5ec4939c88f4c2f7663", "21": "519597a3df9fabadaa70365e6d52dd91", "22": "eae78475ccf62c7ca9cbe7c4abb15d73", "23": "14758683f464938c6a30bc9b72b48d5e", "24": "abfeaeec88dd5fd6cdd8696964100faf", "25": "476139ac7e0739edcebafdfbee06a006", "26": "758c3dfd8cd76c7a4cacabe34188d417", "27": "480b8d6942b5e6dcb35bae0493cc4b42", "28": "43847ec63cd1d933ea54a48be88b6131", "29": "a48b3b8702533911bae4c09bb4979e9a", "30": "e98754a8ee0eb9346de9f7e82b85b14b", "31": "3c13bcfe46f64d8759a45e6834449210", "32": "da7e9ac04cc149b9b1e5db3d4d1000cd", "33": "994206ee3261173afc407e747f6baeb0", "34": "b84f8b12bfb50ce66575b150545230c7", "35": "8633690522931c963471b8532d76355b", "36": "93cdb32ae35b6f3d9a39d3dba72a6d10", "37": "0324469af6b056cc5b69c2fa71bf2982", "38": "300e1b786402b51ee5d8320dab37adc0", "39": "c7595542edbf220a1aca49d632c4edd6", "40": "c43bc245bd3877b233153f3021dcd99a", "41": "19e861f7def1b66730f3a938c8fbdaca", "42": "e190163665f06c31210dcea7e1b97eb1", "43": "9ab2bd4fb1faa0e1ad6b7c1f7f5b6f05", "44": "39a34f25e954552d49d6e87328eed246", "45": "5a61d73095a7a866b640b4a2cece06bd", "46": "f6ff52a3275cd42b75b0d27f081875bd", "47": "036986a89b3ac0456c52a54f80c0de72", "48": "7d8789ac3a3852b1aeddd1852aa4ad7f", "49": "4cfedd8eaf46651d3f989fdefd84b9a0"}, "act_map": {"0": "com.morphoss.acal.activity.TodoListView", "1": "com.morphoss.acal.activity.ShowUpgradeChanges", "2": "com.morphoss.acal.activity.serverconfig.NewServerConfiguration", "3": "com.morphoss.acal.activity.MonthView", "4": "com.morphoss.acal.activity.Settings", "5": "com.morphoss.acal.activity.AcalPreferences", "6": "com.morphoss.acal.activity.AcalPreferences", "7": "com.morphoss.acal.activity.AcalPreferences", "8": "com.morphoss.acal.activity.AcalPreferences", "9": "com.morphoss.acal.activity.AcalPreferences", "10": "com.morphoss.acal.activity.AcalPreferences", "11": "com.morphoss.acal.activity.AcalPreferences", "12": "com.morphoss.acal.activity.AcalPreferences", "13": "com.morphoss.acal.activity.AcalPreferences", "14": "com.morphoss.acal.activity.AcalPreferences", "15": "com.morphoss.acal.activity.AcalPreferences", "16": "com.morphoss.acal.activity.AcalPreferences", "17": "com.morphoss.acal.activity.AcalPreferences", "18": "com.morphoss.acal.activity.serverconfig.ServerConfigList", "19": "com.morphoss.acal.activity.serverconfig.AddServerList", "20": "com.morphoss.acal.activity.serverconfig.ServerConfiguration", "21": "com.morphoss.acal.activity.serverconfig.ServerConfiguration", "22": "com.morphoss.acal.activity.MonthView", "23": "com.morphoss.acal.activity.YearView", "24": "com.morphoss.acal.activity.JournalListView", "25": "com.morphoss.acal.activity.serverconfig.ServerConfigList", "26": "com.morphoss.acal.activity.serverconfig.ServerConfigList", "27": "com.morphoss.acal.activity.serverconfig.ServerConfiguration", "28": "com.morphoss.acal.activity.serverconfig.ServerConfiguration", "29": "com.morphoss.acal.activity.serverconfig.ServerConfiguration", "30": "com.morphoss.acal.weekview.WeekViewActivity", "31": "com.morphoss.acal.weekview.WeekViewActivity", "32": "com.morphoss.acal.activity.MonthView", "33": "com.morphoss.acal.activity.MonthView", "34": "com.morphoss.acal.activity.MonthView", "35": "com.morphoss.acal.activity.serverconfig.AddServerList", "36": "com.morphoss.acal.activity.MonthView", "37": "com.morphoss.acal.activity.MonthView", "38": "com.morphoss.acal.activity.MonthView", "39": "com.morphoss.acal.activity.MonthView", "40": "com.morphoss.acal.activity.serverconfig.ServerConfiguration", "41": "com.morphoss.acal.activity.serverconfig.ServerConfiguration", "42": "com.morphoss.acal.activity.AcalPreferences", "43": "com.morphoss.acal.activity.AcalPreferences", "44": "com.morphoss.acal.activity.serverconfig.ServerConfigList", "45": "com.morphoss.acal.activity.serverconfig.ServerConfigList", "46": "com.morphoss.acal.activity.serverconfig.ServerConfigList", "47": "com.morphoss.acal.activity.MonthView", "48": "com.morphoss.acal.activity.YearView", "49": "com.morphoss.acal.activity.AcalPreferences"}, "state_num": 50, "transition": [[0, 1, 7.269603770970712e-07], [0, 3, 0.04119514832921114], [0, 24, 0.04119514832921114], [0, 30, 0.04119490600908544], [0, 33, 4.846402513980475e-07], [0, 22, 0.04119514832921114], [0, 4, 9.668491971870747e-07], [0, 29, 0.12010883209694108], [0, 19, 0.04119442136883403], [0, 2, 0.04119514832921113], [0, 23, 0.04119442136883403], [0, 32, 2.423201256990237e-07], [0, 36, 2.423201256990237e-07], [0, 16, 0.04119442136883403], [0, 34, 0.04119442136883403], [0, 31, 0.13454950317434342], [0, 0, 0.37458581683737213], [1, 0, 0.08269138973837063], [1, 2, 1.033642371729633e-06], [1, 4, 0.08269242338074236], [1, 24, 0.08269138973837063], [1, 3, 1.033642371729633e-06], [1, 1, 0.7519227298577729], [2, 1, 0.05526927824007457], [2, 3, 0.05527059417527075], [2, 24, 0.05527059417527074], [2, 0, 0.05527033098823151], [2, 22, 0.05527006780119227], [2, 30, 0.05526927824007457], [2, 32, 0.05526980461415304], [2, 23, 0.05526927824007457], [2, 4, 2.6318703923845033e-07], [2, 34, 7.895611177153509e-07], [2, 36, 0.05526954142711381], [2, 2, 0.502570179350387], [3, 2, 0.036368551875345614], [3, 4, 0.03636852278057394], [3, 20, 0.036368464591030596], [3, 22, 0.03636852278057394], [3, 30, 0.03636849368580227], [3, 32, 0.03636849368580227], [3, 0, 0.03636861006488896], [3, 34, 0.036368464591030596], [3, 23, 0.03636849368580227], [3, 24, 0.03636861006488896], [3, 36, 0.03636849368580227], [3, 37, 0.03636849368580227], [3, 39, 0.03636849368580227], [3, 31, 0.11878692986422132], [3, 1, 0.036368464591030596], [3, 9, 0.04135108393960969], [3, 3, 0.33070281274199215], [4, 3, 0.04282815445990966], [4, 1, 0.04282815445990966], [4, 5, 0.04282815445990966], [4, 18, 5.353452389333841e-07], [4, 24, 0.04282815445990966], [4, 20, 0.04282761911467072], [4, 30, 0.04282815445990966], [4, 0, 0.08522552967635144], [4, 25, 5.353452389333841e-07], [4, 34, 5.353452389333841e-07], [4, 31, 0.13988386491522797], [4, 2, 0.04282761911467072], [4, 45, 5.353452389333841e-07], [4, 22, 0.04282761911467072], [4, 44, 0.04282815445990966], [4, 4, 0.38943667992399467], [5, 4, 0.032838568213705205], [5, 6, 0.032838568213705205], [5, 7, 0.03250908425169479], [5, 8, 1.6419202010842552e-07], [5, 13, 0.19536326948359195], [5, 14, 0.032838568213705205], [5, 16, 0.032838568213705205], [5, 17, 0.07401362974233482], [5, 10, 0.032838568213705205], [5, 42, 0.032838568213705205], [5, 9, 0.03733739151249215], [5, 43, 0.07401362974233482], [5, 15, 0.04595045971113804], [5, 49, 0.045177249512476585], [5, 24, 1.6419202010842552e-07], [5, 5, 0.29860354837766523], [6, 5, 0.0759136833451173], [6, 9, 1.9464997101319565e-07], [6, 13, 0.23379565968130292], [6, 6, 0.6902904623236088], [7, 5, 0.09818118089869005], [7, 7, 0.90181881910131], [8, 5, 0.06520203763011702], [8, 9, 2.9637289831871375e-07], [8, 11, 0.1548115514946735], [8, 12, 2.9637289831871375e-07], [8, 13, 0.1870958657142432], [8, 8, 0.5928899524151697], [9, 8, 0.07095640044684634], [9, 10, 0.07095676716366392], [9, 14, 0.07095713388048151], [9, 6, 0.07095640044684634], [9, 42, 0.07095713388048151], [9, 5, 7.334336351623741e-07], [9, 3, 3.6671681758118704e-07], [9, 9, 0.6452150640312275], [10, 9, 0.05495258742039054], [10, 11, 0.11475370387890453], [10, 12, 0.05495258742039054], [10, 13, 0.28753170758591645], [10, 5, 0.04833107349063421], [10, 10, 0.43947834020376364], [11, 10, 0.09014802842178656], [11, 8, 0.09014802842178656], [11, 11, 0.819703943156427], [12, 10, 0.09014677527239091], [12, 8, 0.09014588400094412], [12, 12, 0.8197073407266651], [13, 10, 0.07095904637979097], [13, 5, 2.483113987937833e-06], [13, 42, 0.0709602440505058], [13, 16, 0.07095784870907615], [13, 6, 0.07095784870907615], [13, 8, 0.07095767316395957], [13, 13, 0.6452048558736032], [14, 5, 0.07918070110720106], [14, 15, 0.11079654259274155], [14, 9, 0.09002867786413318], [14, 14, 0.7199940784359241], [15, 14, 0.09907933481713702], [15, 5, 5.545505868430446e-07], [15, 15, 0.9009201106322762], [16, 5, 0.05655926335773384], [16, 17, 0.12747712356028668], [16, 43, 0.12747712356028668], [16, 13, 0.17418850040643385], [16, 0, 2.693285429961469e-07], [16, 16, 0.514297719786716], [17, 16, 0.09908109002681248], [17, 5, 8.588716461172146e-07], [17, 22, 8.588716461172146e-07], [17, 17, 0.9009171922298952], [18, 4, 0.07608401641080194], [18, 19, 1.0869145201543134e-06], [18, 26, 0.1559887020439645], [18, 35, 0.07608510332532209], [18, 18, 0.6918410913053913], [19, 18, 0.03947124320671108], [19, 20, 0.039471602036194785], [19, 21, 0.12156202829692694], [19, 25, 0.03947124320671108], [19, 27, 0.039471602036194785], [19, 0, 1.7941474184868676e-07], [19, 41, 0.03947124320671108], [19, 29, 0.11508463441020954], [19, 40, 0.088665205293431], [19, 44, 0.03947142262145294], [19, 45, 0.03947142262145294], [19, 46, 0.03947142262145294], [19, 19, 0.35891675102780873], [20, 19, 0.038161857536645284], [20, 21, 0.22703195527269773], [20, 3, 2.385093735786558e-07], [20, 27, 2.385093735786558e-07], [20, 29, 0.1112659901286631], [20, 4, 3.577640603679837e-07], [20, 30, 1.192546867893279e-07], [20, 25, 0.038161619027271707], [20, 26, 2.385093735786558e-07], [20, 35, 0.038161857536645284], [20, 40, 0.08572321629324593], [20, 46, 0.038161619027271707], [20, 45, 0.0381617382819585], [20, 24, 1.192546867893279e-07], [20, 44, 0.0381617382819585], [20, 20, 0.34700709681208747], [21, 20, 0.15210405021347856], [21, 25, 1.3846752751884117e-06], [21, 27, 0.07643952668662875], [21, 19, 2.7693505503768235e-06], [21, 24, 1.3846752751884117e-06], [21, 41, 0.07643556175742666], [21, 35, 2.7693505503768235e-06], [21, 21, 0.6950125532908149], [22, 3, 0.04062867516943185], [22, 23, 0.040628610163707585], [22, 30, 0.040628610163707585], [22, 33, 0.04062857766084546], [22, 0, 0.04062870767229398], [22, 34, 0.04062857766084546], [22, 2, 0.04062870767229398], [22, 38, 0.040628610163707585], [22, 32, 0.04062857766084546], [22, 24, 0.0406287401751561], [22, 4, 3.250286212867637e-08], [22, 17, 0.09157170068197497], [22, 31, 0.13270134055294075], [22, 22, 0.3694405320993871], [23, 22, 0.04788423220827395], [23, 24, 8.978069087324181e-07], [23, 3, 0.04788423220827395], [23, 0, 8.978069087324181e-07], [23, 32, 0.04788333440136521], [23, 2, 5.985379391549454e-07], [23, 48, 0.3251729538045105], [23, 36, 0.04788333440136521], [23, 34, 0.04788333440136521], [23, 23, 0.43540618442308937], [24, 23, 0.039309485852676455], [24, 4, 0.03930984321163876], [24, 0, 0.03930984321163876], [24, 30, 0.03930984321163876], [24, 31, 0.12839291379191428], [24, 3, 0.03930984321163876], [24, 21, 0.12106385417189583], [24, 2, 0.03930984321163876], [24, 22, 0.03930984321163876], [24, 1, 3.5735896229705875e-07], [24, 36, 0.039309485852676455], [24, 20, 0.039309485852676455], [24, 5, 0.039309485852676455], [24, 24, 0.35744587199668937], [25, 21, 0.1898374950764644], [25, 26, 0.1263767620518193], [25, 4, 0.06164031682338562], [25, 19, 7.705039602923202e-07], [25, 20, 0.06164108732734591], [25, 35, 7.705039602923202e-07], [25, 25, 0.5605027977130643], [26, 25, 0.09014665296891164], [26, 18, 8.40083765887545e-07], [26, 20, 0.09014581288514575], [26, 26, 0.8197066940621767], [27, 20, 0.04130876996030741], [27, 21, 0.24575561742736657], [27, 28, 0.07928078730215307], [27, 19, 0.04130912916700272], [27, 40, 0.092792975745713], [27, 41, 0.04130903936532889], [27, 46, 0.04130885976198124], [27, 45, 0.04130903936532889], [27, 35, 1.796033476535105e-07], [27, 27, 0.3756256023014706], [28, 27, 0.09907919012544546], [28, 41, 1.0563938904749858e-06], [28, 28, 0.9009197534806641], [29, 20, 0.09907830917650795], [29, 0, 1.5203894878179248e-06], [29, 19, 1.5203894878179248e-06], [29, 40, 1.5203894878179248e-06], [29, 29, 0.9009171296550287], [30, 4, 0.04681806153595003], [30, 22, 0.046818274343386035], [30, 3, 0.04681848715082204], [30, 31, 0.15291629813310875], [30, 32, 0.04681848715082204], [30, 24, 0.04681848715082204], [30, 0, 0.04681848715082204], [30, 20, 0.046817635921078016], [30, 34, 0.04681827434338603], [30, 2, 1.0640371800245005e-06], [30, 36, 0.04681784872851402], [30, 47, 2.1280743600490009e-07], [30, 30, 0.42571838154667296], [31, 30, 0.09907963288518011], [31, 24, 2.0225085523414015e-06], [31, 4, 2.0225085523414015e-06], [31, 3, 2.0225085523414015e-06], [31, 32, 2.0225085523414015e-06], [31, 34, 2.0225085523414015e-06], [31, 22, 2.0225085523414015e-06], [31, 0, 2.0225085523414015e-06], [31, 31, 0.9009062095549539], [32, 30, 0.05760595036032643], [32, 3, 0.05760599644504986], [32, 22, 4.6084723420482415e-08], [32, 23, 0.05760595036032643], [32, 0, 0.05760590427560301], [32, 2, 0.05760595036032643], [32, 31, 0.188152801827073], [32, 32, 0.5238174002865713], [33, 0, 0.09907738347885423], [33, 22, 7.926190678308338e-08], [33, 33, 0.900922537259239], [34, 4, 0.061127194401990076], [34, 3, 4.890175552159207e-08], [34, 30, 0.0611272433037456], [34, 22, 4.890175552159207e-08], [34, 2, 0.061127194401990076], [34, 0, 4.890175552159207e-08], [34, 23, 0.0611272433037456], [34, 31, 0.19965406392263793], [34, 34, 0.5558369139606241], [35, 25, 0.058231306938320265], [35, 20, 0.05823173828133463], [35, 18, 0.058231522609827446], [35, 21, 0.17933855654689818], [35, 27, 0.058231306938320265], [35, 44, 0.058231306938320265], [35, 35, 0.5295042617469788], [36, 3, 0.06625543837019089], [36, 30, 0.06625538536592501], [36, 47, 0.06625533236165912], [36, 24, 5.30042658893273e-08], [36, 0, 0.06625533236165912], [36, 23, 0.06625538536592501], [36, 2, 0.06625538536592501], [36, 36, 0.6024676878044498], [37, 3, 0.099077462740761], [37, 37, 0.900922537259239], [38, 22, 0.099077462740761], [38, 38, 0.900922537259239], [39, 3, 0.09907772192832126], [39, 39, 0.9009222780716787], [40, 27, 0.06662857764736334], [40, 19, 1.3606029461258785e-06], [40, 20, 0.06662857764736334], [40, 29, 0.19426215878659547], [40, 45, 2.828420383316085e-06], [40, 41, 0.06662721704441721], [40, 40, 0.6058492798509312], [41, 27, 0.06626000954738705], [41, 21, 0.20406436466682798], [41, 19, 3.975584670504541e-07], [41, 28, 0.12716715520403557], [41, 45, 1.3251948901681805e-07], [41, 40, 1.3251948901681805e-07], [41, 41, 0.6025078079843043], [42, 9, 0.06618440110901365], [42, 13, 0.3463013439385954], [42, 5, 0.058209496438221875], [42, 49, 1.455233772871115e-07], [42, 42, 0.5293046129907917], [43, 16, 0.09908052175004119], [43, 5, 8.932278928645026e-07], [43, 43, 0.900918585022066], [44, 19, 0.08269219955743576], [44, 20, 0.08269219955743576], [44, 4, 0.08269219955743576], [44, 35, 8.269137264370932e-07], [44, 44, 0.7519225744139661], [45, 19, 0.05329742201702148], [45, 40, 0.24887841063550437], [45, 20, 0.05329742201702148], [45, 27, 0.05329742201702148], [45, 41, 0.053296937499407844], [45, 4, 0.053296937499407844], [45, 45, 0.4846354483146155], [46, 19, 0.08269216430740996], [46, 27, 0.08269216430740996], [46, 20, 0.08269216430740996], [46, 46, 0.75192350707777], [47, 30, 0.09907738347885423], [47, 36, 7.926190678308338e-08], [47, 47, 0.900922537259239], [48, 23, 0.09908143244670971], [48, 48, 0.9009185675532904], [49, 42, 0.09907732380816307], [49, 5, 6.815253530217288e-07], [49, 49, 0.9009219946664838]]}