[{"a6ef29e91209424fedd37719b9a3efff": ["0", "a2dp.Vol.main"]}, {"81091b58697b2b24f338002575d07f7e": ["1", "a2dp.Vol.main"]}, {"a6ef29e91209424fedd37719b9a3efff": ["0", "a2dp.Vol.main"]}, {"a6ef29e91209424fedd37719b9a3efff": ["0", "a2dp.Vol.main"]}, {"a6ef29e91209424fedd37719b9a3efff": ["0", "a2dp.Vol.main"]}, {"a6ef29e91209424fedd37719b9a3efff": ["0", "a2dp.Vol.main"]}, {"a6ef29e91209424fedd37719b9a3efff": ["0", "a2dp.Vol.main"]}, {"a6ef29e91209424fedd37719b9a3efff": ["0", "a2dp.Vol.main"]}, {"a6ef29e91209424fedd37719b9a3efff": ["0", "a2dp.Vol.main"]}, {"a6ef29e91209424fedd37719b9a3efff": ["0", "a2dp.Vol.main"]}, {"a6ef29e91209424fedd37719b9a3efff": ["0", "a2dp.Vol.main"]}, {"a6ef29e91209424fedd37719b9a3efff": ["0", "a2dp.Vol.main"]}, {"a6ef29e91209424fedd37719b9a3efff": ["0", "a2dp.Vol.main"]}, {"a6ef29e91209424fedd37719b9a3efff": ["0", "a2dp.Vol.main"]}, {"a6ef29e91209424fedd37719b9a3efff": ["0", "a2dp.Vol.main"]}, {"a6ef29e91209424fedd37719b9a3efff": ["0", "a2dp.Vol.main"]}, {"a6ef29e91209424fedd37719b9a3efff": ["0", "a2dp.Vol.main"]}, {"a6ef29e91209424fedd37719b9a3efff": ["0", "a2dp.Vol.main"]}, {"a6ef29e91209424fedd37719b9a3efff": ["0", "a2dp.Vol.main"]}, {"a6ef29e91209424fedd37719b9a3efff": ["0", "a2dp.Vol.main"]}, {"81091b58697b2b24f338002575d07f7e": ["1", "a2dp.Vol.main"]}, {"a6ef29e91209424fedd37719b9a3efff": ["0", "a2dp.Vol.main"]}, {"a6ef29e91209424fedd37719b9a3efff": ["0", "a2dp.Vol.main"]}, {"a6ef29e91209424fedd37719b9a3efff": ["0", "a2dp.Vol.main"]}, {"a6ef29e91209424fedd37719b9a3efff": ["0", "a2dp.Vol.main"]}, {"a6ef29e91209424fedd37719b9a3efff": ["0", "a2dp.Vol.main"]}, {"a6ef29e91209424fedd37719b9a3efff": ["0", "a2dp.Vol.main"]}, {"81091b58697b2b24f338002575d07f7e": ["1", "a2dp.Vol.main"]}, {"a6ef29e91209424fedd37719b9a3efff": ["0", "a2dp.Vol.main"]}, {"a6ef29e91209424fedd37719b9a3efff": ["0", "a2dp.Vol.main"]}, {"a6ef29e91209424fedd37719b9a3efff": ["0", "a2dp.Vol.main"]}, {"a6ef29e91209424fedd37719b9a3efff": ["0", "a2dp.Vol.main"]}, {"a6ef29e91209424fedd37719b9a3efff": ["0", "a2dp.Vol.main"]}, {"a6ef29e91209424fedd37719b9a3efff": ["0", "a2dp.Vol.main"]}, {"81091b58697b2b24f338002575d07f7e": ["1", "a2dp.Vol.main"]}, {"a6ef29e91209424fedd37719b9a3efff": ["0", "a2dp.Vol.main"]}, {"a6ef29e91209424fedd37719b9a3efff": ["0", "a2dp.Vol.main"]}, {"a6ef29e91209424fedd37719b9a3efff": ["0", "a2dp.Vol.main"]}, {"a6ef29e91209424fedd37719b9a3efff": ["0", "a2dp.Vol.main"]}, {"a6ef29e91209424fedd37719b9a3efff": ["0", "a2dp.Vol.main"]}, {"a6ef29e91209424fedd37719b9a3efff": ["0", "a2dp.Vol.main"]}, {"a6ef29e91209424fedd37719b9a3efff": ["0", "a2dp.Vol.main"]}, {"81091b58697b2b24f338002575d07f7e": ["1", "a2dp.Vol.main"]}, {"a6ef29e91209424fedd37719b9a3efff": ["0", "a2dp.Vol.main"]}, {"81091b58697b2b24f338002575d07f7e": ["1", "a2dp.Vol.main"]}, {"a6ef29e91209424fedd37719b9a3efff": ["0", "a2dp.Vol.main"]}, {"a6ef29e91209424fedd37719b9a3efff": ["0", "a2dp.Vol.main"]}, {"a6ef29e91209424fedd37719b9a3efff": ["0", "a2dp.Vol.main"]}, {"81091b58697b2b24f338002575d07f7e": ["1", "a2dp.Vol.main"]}, {"a6ef29e91209424fedd37719b9a3efff": ["0", "a2dp.Vol.main"]}, {"a6ef29e91209424fedd37719b9a3efff": ["0", "a2dp.Vol.main"]}, {"a6ef29e91209424fedd37719b9a3efff": ["0", "a2dp.Vol.main"]}, {"a6ef29e91209424fedd37719b9a3efff": ["0", "a2dp.Vol.main"]}, {"81091b58697b2b24f338002575d07f7e": ["1", "a2dp.Vol.main"]}, {"a6ef29e91209424fedd37719b9a3efff": ["0", "a2dp.Vol.main"]}, {"a6ef29e91209424fedd37719b9a3efff": ["0", "a2dp.Vol.main"]}, {"a6ef29e91209424fedd37719b9a3efff": ["0", "a2dp.Vol.main"]}, {"a6ef29e91209424fedd37719b9a3efff": ["0", "a2dp.Vol.main"]}, {"a6ef29e91209424fedd37719b9a3efff": ["0", "a2dp.Vol.main"]}, {"a6ef29e91209424fedd37719b9a3efff": ["0", "a2dp.Vol.main"]}, {"a6ef29e91209424fedd37719b9a3efff": ["0", "a2dp.Vol.main"]}, {"81091b58697b2b24f338002575d07f7e": ["1", "a2dp.Vol.main"]}, {"a6ef29e91209424fedd37719b9a3efff": ["0", "a2dp.Vol.main"]}, {"81091b58697b2b24f338002575d07f7e": ["1", "a2dp.Vol.main"]}, {"a6ef29e91209424fedd37719b9a3efff": ["0", "a2dp.Vol.main"]}, {"a6ef29e91209424fedd37719b9a3efff": ["0", "a2dp.Vol.main"]}, {"a6ef29e91209424fedd37719b9a3efff": ["0", "a2dp.Vol.main"]}, {"a6ef29e91209424fedd37719b9a3efff": ["0", "a2dp.Vol.main"]}, {"a6ef29e91209424fedd37719b9a3efff": ["0", "a2dp.Vol.main"]}, {"a6ef29e91209424fedd37719b9a3efff": ["0", "a2dp.Vol.main"]}, {"a6ef29e91209424fedd37719b9a3efff": ["0", "a2dp.Vol.main"]}, {"81091b58697b2b24f338002575d07f7e": ["1", "a2dp.Vol.main"]}, {"a6ef29e91209424fedd37719b9a3efff": ["0", "a2dp.Vol.main"]}, {"a6ef29e91209424fedd37719b9a3efff": ["0", "a2dp.Vol.main"]}, {"a6ef29e91209424fedd37719b9a3efff": ["0", "a2dp.Vol.main"]}, {"a6ef29e91209424fedd37719b9a3efff": ["0", "a2dp.Vol.main"]}, {"a6ef29e91209424fedd37719b9a3efff": ["0", "a2dp.Vol.main"]}, {"81091b58697b2b24f338002575d07f7e": ["1", "a2dp.Vol.main"]}, {"cd7618c120ba4595da64536eafb6dcde": ["8", "a2dp.Vol.EditDevice"]}, {"a6ef29e91209424fedd37719b9a3efff": ["0", "a2dp.Vol.main"]}, {"a6ef29e91209424fedd37719b9a3efff": ["0", "a2dp.Vol.main"]}, {"81091b58697b2b24f338002575d07f7e": ["1", "a2dp.Vol.main"]}, {"a6ef29e91209424fedd37719b9a3efff": ["0", "a2dp.Vol.main"]}, {"a6ef29e91209424fedd37719b9a3efff": ["0", "a2dp.Vol.main"]}, {"a6ef29e91209424fedd37719b9a3efff": ["0", "a2dp.Vol.main"]}, {"81091b58697b2b24f338002575d07f7e": ["1", "a2dp.Vol.main"]}, {"cd7618c120ba4595da64536eafb6dcde": ["8", "a2dp.Vol.EditDevice"]}, {"cd7618c120ba4595da64536eafb6dcde": ["8", "a2dp.Vol.EditDevice"]}, {"b2a5c87ebe77622afe39938d902f37d7": ["15", "a2dp.Vol.EditDevice"]}, {"41ea1fcca507efb84cedafb9ce6db262": ["80", "a2dp.Vol.EditDevice"]}, {"47921cd861282304ccc98804bd5db85b": ["87", "a2dp.Vol.EditDevice"]}, {"47921cd861282304ccc98804bd5db85b": ["87", "a2dp.Vol.EditDevice"]}, {"3804555c899958266d780f165ef3d9ad": ["14", "a2dp.Vol.EditDevice"]}, {"47921cd861282304ccc98804bd5db85b": ["87", "a2dp.Vol.EditDevice"]}, {"47921cd861282304ccc98804bd5db85b": ["87", "a2dp.Vol.EditDevice"]}, {"4f0f818f67cd00649afd15d391eda010": ["10", "a2dp.Vol.EditDevice"]}, {"47921cd861282304ccc98804bd5db85b": ["87", "a2dp.Vol.EditDevice"]}, {"47921cd861282304ccc98804bd5db85b": ["87", "a2dp.Vol.EditDevice"]}, {"8805aa0735c3d38f5f93a24967b7cf08": ["12", "a2dp.Vol.EditDevice"]}, {"5244e12989824fd63edb9070dbe0f4d9": ["6", "a2dp.Vol.EditDevice"]}, {"8805aa0735c3d38f5f93a24967b7cf08": ["12", "a2dp.Vol.EditDevice"]}, {"8805aa0735c3d38f5f93a24967b7cf08": ["12", "a2dp.Vol.EditDevice"]}, {"5244e12989824fd63edb9070dbe0f4d9": ["6", "a2dp.Vol.EditDevice"]}, {"8805aa0735c3d38f5f93a24967b7cf08": ["12", "a2dp.Vol.EditDevice"]}, {"b974a0b7079e472046e0aad07d7769eb": ["96", "a2dp.Vol.EditDevice"]}, {"5244e12989824fd63edb9070dbe0f4d9": ["6", "a2dp.Vol.EditDevice"]}, {"335974d51fa11bb3fa3b086c88bbfaaf": ["78", "a2dp.Vol.EditDevice"]}, {"4f0f818f67cd00649afd15d391eda010": ["10", "a2dp.Vol.EditDevice"]}, {"335974d51fa11bb3fa3b086c88bbfaaf": ["78", "a2dp.Vol.EditDevice"]}, {"5244e12989824fd63edb9070dbe0f4d9": ["6", "a2dp.Vol.EditDevice"]}, {"335974d51fa11bb3fa3b086c88bbfaaf": ["78", "a2dp.Vol.EditDevice"]}, {"5244e12989824fd63edb9070dbe0f4d9": ["6", "a2dp.Vol.EditDevice"]}, {"335974d51fa11bb3fa3b086c88bbfaaf": ["78", "a2dp.Vol.EditDevice"]}, {"8805aa0735c3d38f5f93a24967b7cf08": ["12", "a2dp.Vol.EditDevice"]}, {"5244e12989824fd63edb9070dbe0f4d9": ["6", "a2dp.Vol.EditDevice"]}, {"8805aa0735c3d38f5f93a24967b7cf08": ["12", "a2dp.Vol.EditDevice"]}, {"4f0f818f67cd00649afd15d391eda010": ["10", "a2dp.Vol.EditDevice"]}, {"8805aa0735c3d38f5f93a24967b7cf08": ["12", "a2dp.Vol.EditDevice"]}, {"5244e12989824fd63edb9070dbe0f4d9": ["6", "a2dp.Vol.EditDevice"]}, {"8805aa0735c3d38f5f93a24967b7cf08": ["12", "a2dp.Vol.EditDevice"]}, {"8805aa0735c3d38f5f93a24967b7cf08": ["12", "a2dp.Vol.EditDevice"]}, {"4f0f818f67cd00649afd15d391eda010": ["10", "a2dp.Vol.EditDevice"]}, {"a6ef29e91209424fedd37719b9a3efff": ["0", "a2dp.Vol.main"]}, {"a6ef29e91209424fedd37719b9a3efff": ["0", "a2dp.Vol.main"]}, {"81091b58697b2b24f338002575d07f7e": ["1", "a2dp.Vol.main"]}, {"a6ef29e91209424fedd37719b9a3efff": ["0", "a2dp.Vol.main"]}, {"81091b58697b2b24f338002575d07f7e": ["1", "a2dp.Vol.main"]}, {"a6ef29e91209424fedd37719b9a3efff": ["0", "a2dp.Vol.main"]}, {"a6ef29e91209424fedd37719b9a3efff": ["0", "a2dp.Vol.main"]}, {"a6ef29e91209424fedd37719b9a3efff": ["0", "a2dp.Vol.main"]}, {"a6ef29e91209424fedd37719b9a3efff": ["0", "a2dp.Vol.main"]}, {"81091b58697b2b24f338002575d07f7e": ["1", "a2dp.Vol.main"]}, {"a6ef29e91209424fedd37719b9a3efff": ["0", "a2dp.Vol.main"]}, {"a6ef29e91209424fedd37719b9a3efff": ["0", "a2dp.Vol.main"]}, {"a6ef29e91209424fedd37719b9a3efff": ["0", "a2dp.Vol.main"]}, {"81091b58697b2b24f338002575d07f7e": ["1", "a2dp.Vol.main"]}, {"a6ef29e91209424fedd37719b9a3efff": ["0", "a2dp.Vol.main"]}, {"a6ef29e91209424fedd37719b9a3efff": ["0", "a2dp.Vol.main"]}, {"a6ef29e91209424fedd37719b9a3efff": ["0", "a2dp.Vol.main"]}, {"81091b58697b2b24f338002575d07f7e": ["1", "a2dp.Vol.main"]}, {"a6ef29e91209424fedd37719b9a3efff": ["0", "a2dp.Vol.main"]}, {"a6ef29e91209424fedd37719b9a3efff": ["0", "a2dp.Vol.main"]}, {"a6ef29e91209424fedd37719b9a3efff": ["0", "a2dp.Vol.main"]}, {"81091b58697b2b24f338002575d07f7e": ["1", "a2dp.Vol.main"]}, {"0c86a596803587cac0e6adf0ed792cbd": ["16", "a2dp.Vol.EditDevice"]}, {"a6ef29e91209424fedd37719b9a3efff": ["0", "a2dp.Vol.main"]}, {"81091b58697b2b24f338002575d07f7e": ["1", "a2dp.Vol.main"]}, {"a6ef29e91209424fedd37719b9a3efff": ["0", "a2dp.Vol.main"]}, {"a6ef29e91209424fedd37719b9a3efff": ["0", "a2dp.Vol.main"]}, {"a6ef29e91209424fedd37719b9a3efff": ["0", "a2dp.Vol.main"]}, {"a6ef29e91209424fedd37719b9a3efff": ["0", "a2dp.Vol.main"]}, {"a6ef29e91209424fedd37719b9a3efff": ["0", "a2dp.Vol.main"]}, {"a6ef29e91209424fedd37719b9a3efff": ["0", "a2dp.Vol.main"]}, {"a6ef29e91209424fedd37719b9a3efff": ["0", "a2dp.Vol.main"]}, {"a6ef29e91209424fedd37719b9a3efff": ["0", "a2dp.Vol.main"]}, {"a6ef29e91209424fedd37719b9a3efff": ["0", "a2dp.Vol.main"]}, {"a6ef29e91209424fedd37719b9a3efff": ["0", "a2dp.Vol.main"]}, {"a6ef29e91209424fedd37719b9a3efff": ["0", "a2dp.Vol.main"]}, {"81091b58697b2b24f338002575d07f7e": ["1", "a2dp.Vol.main"]}, {"a6ef29e91209424fedd37719b9a3efff": ["0", "a2dp.Vol.main"]}, {"a6ef29e91209424fedd37719b9a3efff": ["0", "a2dp.Vol.main"]}, {"a6ef29e91209424fedd37719b9a3efff": ["0", "a2dp.Vol.main"]}, {"a6ef29e91209424fedd37719b9a3efff": ["0", "a2dp.Vol.main"]}, {"a6ef29e91209424fedd37719b9a3efff": ["0", "a2dp.Vol.main"]}, {"a6ef29e91209424fedd37719b9a3efff": ["0", "a2dp.Vol.main"]}, {"81091b58697b2b24f338002575d07f7e": ["1", "a2dp.Vol.main"]}, {"cd7618c120ba4595da64536eafb6dcde": ["8", "a2dp.Vol.EditDevice"]}, {"0c86a596803587cac0e6adf0ed792cbd": ["16", "a2dp.Vol.EditDevice"]}, {"4f0f818f67cd00649afd15d391eda010": ["10", "a2dp.Vol.EditDevice"]}, {"0c86a596803587cac0e6adf0ed792cbd": ["16", "a2dp.Vol.EditDevice"]}, {"0c86a596803587cac0e6adf0ed792cbd": ["16", "a2dp.Vol.EditDevice"]}, {"a6ef29e91209424fedd37719b9a3efff": ["0", "a2dp.Vol.main"]}, {"81091b58697b2b24f338002575d07f7e": ["1", "a2dp.Vol.main"]}, {"a6ef29e91209424fedd37719b9a3efff": ["0", "a2dp.Vol.main"]}, {"a6ef29e91209424fedd37719b9a3efff": ["0", "a2dp.Vol.main"]}, {"a6ef29e91209424fedd37719b9a3efff": ["0", "a2dp.Vol.main"]}, {"a6ef29e91209424fedd37719b9a3efff": ["0", "a2dp.Vol.main"]}, {"a6ef29e91209424fedd37719b9a3efff": ["0", "a2dp.Vol.main"]}, {"a6ef29e91209424fedd37719b9a3efff": ["0", "a2dp.Vol.main"]}, {"81091b58697b2b24f338002575d07f7e": ["1", "a2dp.Vol.main"]}, {"a6ef29e91209424fedd37719b9a3efff": ["0", "a2dp.Vol.main"]}, {"a6ef29e91209424fedd37719b9a3efff": ["0", "a2dp.Vol.main"]}, {"a6ef29e91209424fedd37719b9a3efff": ["0", "a2dp.Vol.main"]}, {"a6ef29e91209424fedd37719b9a3efff": ["0", "a2dp.Vol.main"]}, {"a6ef29e91209424fedd37719b9a3efff": ["0", "a2dp.Vol.main"]}, {"a6ef29e91209424fedd37719b9a3efff": ["0", "a2dp.Vol.main"]}, {"a6ef29e91209424fedd37719b9a3efff": ["0", "a2dp.Vol.main"]}, {"a6ef29e91209424fedd37719b9a3efff": ["0", "a2dp.Vol.main"]}, {"a6ef29e91209424fedd37719b9a3efff": ["0", "a2dp.Vol.main"]}, {"a6ef29e91209424fedd37719b9a3efff": ["0", "a2dp.Vol.main"]}, {"81091b58697b2b24f338002575d07f7e": ["1", "a2dp.Vol.main"]}, {"a6ef29e91209424fedd37719b9a3efff": ["0", "a2dp.Vol.main"]}, {"a6ef29e91209424fedd37719b9a3efff": ["0", "a2dp.Vol.main"]}, {"a6ef29e91209424fedd37719b9a3efff": ["0", "a2dp.Vol.main"]}, {"a6ef29e91209424fedd37719b9a3efff": ["0", "a2dp.Vol.main"]}, {"a6ef29e91209424fedd37719b9a3efff": ["0", "a2dp.Vol.main"]}, {"a6ef29e91209424fedd37719b9a3efff": ["0", "a2dp.Vol.main"]}, {"a6ef29e91209424fedd37719b9a3efff": ["0", "a2dp.Vol.main"]}, {"a6ef29e91209424fedd37719b9a3efff": ["0", "a2dp.Vol.main"]}, {"a6ef29e91209424fedd37719b9a3efff": ["0", "a2dp.Vol.main"]}, {"a6ef29e91209424fedd37719b9a3efff": ["0", "a2dp.Vol.main"]}, {"a6ef29e91209424fedd37719b9a3efff": ["0", "a2dp.Vol.main"]}, {"a6ef29e91209424fedd37719b9a3efff": ["0", "a2dp.Vol.main"]}, {"a6ef29e91209424fedd37719b9a3efff": ["0", "a2dp.Vol.main"]}, {"a6ef29e91209424fedd37719b9a3efff": ["0", "a2dp.Vol.main"]}, {"a6ef29e91209424fedd37719b9a3efff": ["0", "a2dp.Vol.main"]}, {"a6ef29e91209424fedd37719b9a3efff": ["0", "a2dp.Vol.main"]}, {"a6ef29e91209424fedd37719b9a3efff": ["0", "a2dp.Vol.main"]}, {"a6ef29e91209424fedd37719b9a3efff": ["0", "a2dp.Vol.main"]}, {"a6ef29e91209424fedd37719b9a3efff": ["0", "a2dp.Vol.main"]}, {"a6ef29e91209424fedd37719b9a3efff": ["0", "a2dp.Vol.main"]}, {"a6ef29e91209424fedd37719b9a3efff": ["0", "a2dp.Vol.main"]}, {"a6ef29e91209424fedd37719b9a3efff": ["0", "a2dp.Vol.main"]}, {"a6ef29e91209424fedd37719b9a3efff": ["0", "a2dp.Vol.main"]}, {"a6ef29e91209424fedd37719b9a3efff": ["0", "a2dp.Vol.main"]}, {"81091b58697b2b24f338002575d07f7e": ["1", "a2dp.Vol.main"]}, {"a6ef29e91209424fedd37719b9a3efff": ["0", "a2dp.Vol.main"]}, {"81091b58697b2b24f338002575d07f7e": ["1", "a2dp.Vol.main"]}, {"a6ef29e91209424fedd37719b9a3efff": ["0", "a2dp.Vol.main"]}, {"a6ef29e91209424fedd37719b9a3efff": ["0", "a2dp.Vol.main"]}, {"81091b58697b2b24f338002575d07f7e": ["1", "a2dp.Vol.main"]}, {"a6ef29e91209424fedd37719b9a3efff": ["0", "a2dp.Vol.main"]}, {"81091b58697b2b24f338002575d07f7e": ["1", "a2dp.Vol.main"]}, {"a6ef29e91209424fedd37719b9a3efff": ["0", "a2dp.Vol.main"]}, {"a6ef29e91209424fedd37719b9a3efff": ["0", "a2dp.Vol.main"]}, {"a6ef29e91209424fedd37719b9a3efff": ["0", "a2dp.Vol.main"]}, {"a6ef29e91209424fedd37719b9a3efff": ["0", "a2dp.Vol.main"]}, {"a6ef29e91209424fedd37719b9a3efff": ["0", "a2dp.Vol.main"]}, {"a6ef29e91209424fedd37719b9a3efff": ["0", "a2dp.Vol.main"]}, {"a6ef29e91209424fedd37719b9a3efff": ["0", "a2dp.Vol.main"]}, {"a6ef29e91209424fedd37719b9a3efff": ["0", "a2dp.Vol.main"]}, {"a6ef29e91209424fedd37719b9a3efff": ["0", "a2dp.Vol.main"]}, {"a6ef29e91209424fedd37719b9a3efff": ["0", "a2dp.Vol.main"]}, {"a6ef29e91209424fedd37719b9a3efff": ["0", "a2dp.Vol.main"]}, {"a6ef29e91209424fedd37719b9a3efff": ["0", "a2dp.Vol.main"]}, {"a6ef29e91209424fedd37719b9a3efff": ["0", "a2dp.Vol.main"]}, {"a6ef29e91209424fedd37719b9a3efff": ["0", "a2dp.Vol.main"]}, {"81091b58697b2b24f338002575d07f7e": ["1", "a2dp.Vol.main"]}, {"c19ffdfeaabf15bb6e92b0141aa48ea8": ["4", "a2dp.Vol.EditDevice"]}, {"c19ffdfeaabf15bb6e92b0141aa48ea8": ["4", "a2dp.Vol.EditDevice"]}, {"c19ffdfeaabf15bb6e92b0141aa48ea8": ["4", "a2dp.Vol.EditDevice"]}, {"0c86a596803587cac0e6adf0ed792cbd": ["16", "a2dp.Vol.EditDevice"]}, {"a6ef29e91209424fedd37719b9a3efff": ["0", "a2dp.Vol.main"]}, {"a6ef29e91209424fedd37719b9a3efff": ["0", "a2dp.Vol.main"]}, {"a6ef29e91209424fedd37719b9a3efff": ["0", "a2dp.Vol.main"]}, {"81091b58697b2b24f338002575d07f7e": ["1", "a2dp.Vol.main"]}, {"a6ef29e91209424fedd37719b9a3efff": ["0", "a2dp.Vol.main"]}, {"a6ef29e91209424fedd37719b9a3efff": ["0", "a2dp.Vol.main"]}, {"a6ef29e91209424fedd37719b9a3efff": ["0", "a2dp.Vol.main"]}, {"a6ef29e91209424fedd37719b9a3efff": ["0", "a2dp.Vol.main"]}, {"a6ef29e91209424fedd37719b9a3efff": ["0", "a2dp.Vol.main"]}, {"a6ef29e91209424fedd37719b9a3efff": ["0", "a2dp.Vol.main"]}, {"a6ef29e91209424fedd37719b9a3efff": ["0", "a2dp.Vol.main"]}, {"a6ef29e91209424fedd37719b9a3efff": ["0", "a2dp.Vol.main"]}, {"a6ef29e91209424fedd37719b9a3efff": ["0", "a2dp.Vol.main"]}, {"a6ef29e91209424fedd37719b9a3efff": ["0", "a2dp.Vol.main"]}, {"a6ef29e91209424fedd37719b9a3efff": ["0", "a2dp.Vol.main"]}, {"81091b58697b2b24f338002575d07f7e": ["1", "a2dp.Vol.main"]}, {"0c86a596803587cac0e6adf0ed792cbd": ["16", "a2dp.Vol.EditDevice"]}, {"a6ef29e91209424fedd37719b9a3efff": ["0", "a2dp.Vol.main"]}, {"a6ef29e91209424fedd37719b9a3efff": ["0", "a2dp.Vol.main"]}, {"81091b58697b2b24f338002575d07f7e": ["1", "a2dp.Vol.main"]}, {"a6ef29e91209424fedd37719b9a3efff": ["0", "a2dp.Vol.main"]}, {"a6ef29e91209424fedd37719b9a3efff": ["0", "a2dp.Vol.main"]}, {"a6ef29e91209424fedd37719b9a3efff": ["0", "a2dp.Vol.main"]}, {"a6ef29e91209424fedd37719b9a3efff": ["0", "a2dp.Vol.main"]}, {"a6ef29e91209424fedd37719b9a3efff": ["0", "a2dp.Vol.main"]}, {"a6ef29e91209424fedd37719b9a3efff": ["0", "a2dp.Vol.main"]}, {"81091b58697b2b24f338002575d07f7e": ["1", "a2dp.Vol.main"]}, {"a6ef29e91209424fedd37719b9a3efff": ["0", "a2dp.Vol.main"]}, {"81091b58697b2b24f338002575d07f7e": ["1", "a2dp.Vol.main"]}, {"cd7618c120ba4595da64536eafb6dcde": ["8", "a2dp.Vol.EditDevice"]}, {"0c86a596803587cac0e6adf0ed792cbd": ["16", "a2dp.Vol.EditDevice"]}, {"4f0f818f67cd00649afd15d391eda010": ["10", "a2dp.Vol.EditDevice"]}, {"77065da92f39f9b4b56c687c4b70361a": ["17", "a2dp.Vol.AppChooser"]}, {"5b6cf69d1a9576d6c8844beda82bcba5": ["132", "a2dp.Vol.EditDevice"]}, {"5244e12989824fd63edb9070dbe0f4d9": ["6", "a2dp.Vol.EditDevice"]}, {"5b6cf69d1a9576d6c8844beda82bcba5": ["132", "a2dp.Vol.EditDevice"]}, {"5b6cf69d1a9576d6c8844beda82bcba5": ["132", "a2dp.Vol.EditDevice"]}, {"5244e12989824fd63edb9070dbe0f4d9": ["6", "a2dp.Vol.EditDevice"]}, {"5b6cf69d1a9576d6c8844beda82bcba5": ["132", "a2dp.Vol.EditDevice"]}, {"cd7618c120ba4595da64536eafb6dcde": ["8", "a2dp.Vol.EditDevice"]}, {"c19ffdfeaabf15bb6e92b0141aa48ea8": ["4", "a2dp.Vol.EditDevice"]}, {"c19ffdfeaabf15bb6e92b0141aa48ea8": ["4", "a2dp.Vol.EditDevice"]}, {"077e09dba6d6c38ba27ba8a339e88818": ["25", "a2dp.Vol.EditDevice"]}, {"74ca7da659a5a61b6f360d41c74fbad3": ["23", "a2dp.Vol.EditDevice"]}, {"74ca7da659a5a61b6f360d41c74fbad3": ["23", "a2dp.Vol.EditDevice"]}, {"74ca7da659a5a61b6f360d41c74fbad3": ["23", "a2dp.Vol.EditDevice"]}, {"4f0f818f67cd00649afd15d391eda010": ["10", "a2dp.Vol.EditDevice"]}, {"dca73cae41797094393cd9b18d45be3b": ["67", "a2dp.Vol.EditDevice"]}, {"4f0f818f67cd00649afd15d391eda010": ["10", "a2dp.Vol.EditDevice"]}, {"77065da92f39f9b4b56c687c4b70361a": ["17", "a2dp.Vol.AppChooser"]}, {"dca73cae41797094393cd9b18d45be3b": ["67", "a2dp.Vol.EditDevice"]}, {"4f0f818f67cd00649afd15d391eda010": ["10", "a2dp.Vol.EditDevice"]}, {"77065da92f39f9b4b56c687c4b70361a": ["17", "a2dp.Vol.AppChooser"]}, {"2c073548290aa5e389335178f167967e": ["146", "a2dp.Vol.EditDevice"]}, {"4f0f818f67cd00649afd15d391eda010": ["10", "a2dp.Vol.EditDevice"]}, {"8ffaf98818a1a09f26d1d95a8699112a": ["147", "a2dp.Vol.EditDevice"]}, {"8ffaf98818a1a09f26d1d95a8699112a": ["147", "a2dp.Vol.EditDevice"]}, {"cd7618c120ba4595da64536eafb6dcde": ["8", "a2dp.Vol.EditDevice"]}, {"cd7618c120ba4595da64536eafb6dcde": ["8", "a2dp.Vol.EditDevice"]}, {"8805aa0735c3d38f5f93a24967b7cf08": ["12", "a2dp.Vol.EditDevice"]}, {"5244e12989824fd63edb9070dbe0f4d9": ["6", "a2dp.Vol.EditDevice"]}, {"8805aa0735c3d38f5f93a24967b7cf08": ["12", "a2dp.Vol.EditDevice"]}, {"5244e12989824fd63edb9070dbe0f4d9": ["6", "a2dp.Vol.EditDevice"]}, {"8805aa0735c3d38f5f93a24967b7cf08": ["12", "a2dp.Vol.EditDevice"]}, {"8805aa0735c3d38f5f93a24967b7cf08": ["12", "a2dp.Vol.EditDevice"]}, {"8805aa0735c3d38f5f93a24967b7cf08": ["12", "a2dp.Vol.EditDevice"]}, {"5244e12989824fd63edb9070dbe0f4d9": ["6", "a2dp.Vol.EditDevice"]}, {"335974d51fa11bb3fa3b086c88bbfaaf": ["78", "a2dp.Vol.EditDevice"]}, {"3804555c899958266d780f165ef3d9ad": ["14", "a2dp.Vol.EditDevice"]}, {"47921cd861282304ccc98804bd5db85b": ["87", "a2dp.Vol.EditDevice"]}, {"4f0f818f67cd00649afd15d391eda010": ["10", "a2dp.Vol.EditDevice"]}, {"a6ef29e91209424fedd37719b9a3efff": ["0", "a2dp.Vol.main"]}, {"a6ef29e91209424fedd37719b9a3efff": ["0", "a2dp.Vol.main"]}, {"81091b58697b2b24f338002575d07f7e": ["1", "a2dp.Vol.main"]}, {"a6ef29e91209424fedd37719b9a3efff": ["0", "a2dp.Vol.main"]}, {"a6ef29e91209424fedd37719b9a3efff": ["0", "a2dp.Vol.main"]}, {"a6ef29e91209424fedd37719b9a3efff": ["0", "a2dp.Vol.main"]}, {"a6ef29e91209424fedd37719b9a3efff": ["0", "a2dp.Vol.main"]}, {"a6ef29e91209424fedd37719b9a3efff": ["0", "a2dp.Vol.main"]}, {"a6ef29e91209424fedd37719b9a3efff": ["0", "a2dp.Vol.main"]}, {"a6ef29e91209424fedd37719b9a3efff": ["0", "a2dp.Vol.main"]}, {"a6ef29e91209424fedd37719b9a3efff": ["0", "a2dp.Vol.main"]}, {"a6ef29e91209424fedd37719b9a3efff": ["0", "a2dp.Vol.main"]}, {"a6ef29e91209424fedd37719b9a3efff": ["0", "a2dp.Vol.main"]}, {"a6ef29e91209424fedd37719b9a3efff": ["0", "a2dp.Vol.main"]}, {"a6ef29e91209424fedd37719b9a3efff": ["0", "a2dp.Vol.main"]}, {"81091b58697b2b24f338002575d07f7e": ["1", "a2dp.Vol.main"]}, {"a6ef29e91209424fedd37719b9a3efff": ["0", "a2dp.Vol.main"]}, {"a6ef29e91209424fedd37719b9a3efff": ["0", "a2dp.Vol.main"]}, {"a6ef29e91209424fedd37719b9a3efff": ["0", "a2dp.Vol.main"]}, {"a6ef29e91209424fedd37719b9a3efff": ["0", "a2dp.Vol.main"]}, {"a6ef29e91209424fedd37719b9a3efff": ["0", "a2dp.Vol.main"]}, {"a6ef29e91209424fedd37719b9a3efff": ["0", "a2dp.Vol.main"]}, {"a6ef29e91209424fedd37719b9a3efff": ["0", "a2dp.Vol.main"]}, {"a6ef29e91209424fedd37719b9a3efff": ["0", "a2dp.Vol.main"]}, {"a6ef29e91209424fedd37719b9a3efff": ["0", "a2dp.Vol.main"]}, {"a6ef29e91209424fedd37719b9a3efff": ["0", "a2dp.Vol.main"]}, {"a6ef29e91209424fedd37719b9a3efff": ["0", "a2dp.Vol.main"]}, {"a6ef29e91209424fedd37719b9a3efff": ["0", "a2dp.Vol.main"]}, {"a6ef29e91209424fedd37719b9a3efff": ["0", "a2dp.Vol.main"]}, {"a6ef29e91209424fedd37719b9a3efff": ["0", "a2dp.Vol.main"]}, {"a6ef29e91209424fedd37719b9a3efff": ["0", "a2dp.Vol.main"]}, {"81091b58697b2b24f338002575d07f7e": ["1", "a2dp.Vol.main"]}, {"a6ef29e91209424fedd37719b9a3efff": ["0", "a2dp.Vol.main"]}, {"a6ef29e91209424fedd37719b9a3efff": ["0", "a2dp.Vol.main"]}, {"81091b58697b2b24f338002575d07f7e": ["1", "a2dp.Vol.main"]}, {"a6ef29e91209424fedd37719b9a3efff": ["0", "a2dp.Vol.main"]}, {"a6ef29e91209424fedd37719b9a3efff": ["0", "a2dp.Vol.main"]}, {"a6ef29e91209424fedd37719b9a3efff": ["0", "a2dp.Vol.main"]}, {"81091b58697b2b24f338002575d07f7e": ["1", "a2dp.Vol.main"]}, {"a6ef29e91209424fedd37719b9a3efff": ["0", "a2dp.Vol.main"]}, {"81091b58697b2b24f338002575d07f7e": ["1", "a2dp.Vol.main"]}, {"a6ef29e91209424fedd37719b9a3efff": ["0", "a2dp.Vol.main"]}, {"81091b58697b2b24f338002575d07f7e": ["1", "a2dp.Vol.main"]}, {"a6ef29e91209424fedd37719b9a3efff": ["0", "a2dp.Vol.main"]}, {"a6ef29e91209424fedd37719b9a3efff": ["0", "a2dp.Vol.main"]}, {"a6ef29e91209424fedd37719b9a3efff": ["0", "a2dp.Vol.main"]}, {"a6ef29e91209424fedd37719b9a3efff": ["0", "a2dp.Vol.main"]}, {"a6ef29e91209424fedd37719b9a3efff": ["0", "a2dp.Vol.main"]}, {"81091b58697b2b24f338002575d07f7e": ["1", "a2dp.Vol.main"]}, {"a6ef29e91209424fedd37719b9a3efff": ["0", "a2dp.Vol.main"]}, {"a6ef29e91209424fedd37719b9a3efff": ["0", "a2dp.Vol.main"]}, {"a6ef29e91209424fedd37719b9a3efff": ["0", "a2dp.Vol.main"]}, {"a6ef29e91209424fedd37719b9a3efff": ["0", "a2dp.Vol.main"]}, {"a6ef29e91209424fedd37719b9a3efff": ["0", "a2dp.Vol.main"]}, {"a6ef29e91209424fedd37719b9a3efff": ["0", "a2dp.Vol.main"]}, {"a6ef29e91209424fedd37719b9a3efff": ["0", "a2dp.Vol.main"]}, {"a6ef29e91209424fedd37719b9a3efff": ["0", "a2dp.Vol.main"]}, {"a6ef29e91209424fedd37719b9a3efff": ["0", "a2dp.Vol.main"]}, {"a6ef29e91209424fedd37719b9a3efff": ["0", "a2dp.Vol.main"]}, {"81091b58697b2b24f338002575d07f7e": ["1", "a2dp.Vol.main"]}, {"a6ef29e91209424fedd37719b9a3efff": ["0", "a2dp.Vol.main"]}, {"a6ef29e91209424fedd37719b9a3efff": ["0", "a2dp.Vol.main"]}, {"81091b58697b2b24f338002575d07f7e": ["1", "a2dp.Vol.main"]}, {"cd7618c120ba4595da64536eafb6dcde": ["8", "a2dp.Vol.EditDevice"]}, {"cd7618c120ba4595da64536eafb6dcde": ["8", "a2dp.Vol.EditDevice"]}, {"ac7eb67e84ffcddbcac3b05878add0cf": ["91", "a2dp.Vol.EditDevice"]}, {"3804555c899958266d780f165ef3d9ad": ["14", "a2dp.Vol.EditDevice"]}, {"8805aa0735c3d38f5f93a24967b7cf08": ["12", "a2dp.Vol.EditDevice"]}, {"4f0f818f67cd00649afd15d391eda010": ["10", "a2dp.Vol.EditDevice"]}, {"8805aa0735c3d38f5f93a24967b7cf08": ["12", "a2dp.Vol.EditDevice"]}, {"a6ef29e91209424fedd37719b9a3efff": ["0", "a2dp.Vol.main"]}, {"a6ef29e91209424fedd37719b9a3efff": ["0", "a2dp.Vol.main"]}, {"a6ef29e91209424fedd37719b9a3efff": ["0", "a2dp.Vol.main"]}, {"a6ef29e91209424fedd37719b9a3efff": ["0", "a2dp.Vol.main"]}, {"a6ef29e91209424fedd37719b9a3efff": ["0", "a2dp.Vol.main"]}, {"81091b58697b2b24f338002575d07f7e": ["1", "a2dp.Vol.main"]}, {"a6ef29e91209424fedd37719b9a3efff": ["0", "a2dp.Vol.main"]}, {"a6ef29e91209424fedd37719b9a3efff": ["0", "a2dp.Vol.main"]}, {"81091b58697b2b24f338002575d07f7e": ["1", "a2dp.Vol.main"]}, {"cd7618c120ba4595da64536eafb6dcde": ["8", "a2dp.Vol.EditDevice"]}, {"8805aa0735c3d38f5f93a24967b7cf08": ["12", "a2dp.Vol.EditDevice"]}, {"a6ef29e91209424fedd37719b9a3efff": ["0", "a2dp.Vol.main"]}, {"a6ef29e91209424fedd37719b9a3efff": ["0", "a2dp.Vol.main"]}, {"81091b58697b2b24f338002575d07f7e": ["1", "a2dp.Vol.main"]}, {"8805aa0735c3d38f5f93a24967b7cf08": ["12", "a2dp.Vol.EditDevice"]}, {"a6ef29e91209424fedd37719b9a3efff": ["0", "a2dp.Vol.main"]}, {"a6ef29e91209424fedd37719b9a3efff": ["0", "a2dp.Vol.main"]}, {"81091b58697b2b24f338002575d07f7e": ["1", "a2dp.Vol.main"]}, {"a6ef29e91209424fedd37719b9a3efff": ["0", "a2dp.Vol.main"]}, {"a6ef29e91209424fedd37719b9a3efff": ["0", "a2dp.Vol.main"]}, {"a6ef29e91209424fedd37719b9a3efff": ["0", "a2dp.Vol.main"]}, {"a6ef29e91209424fedd37719b9a3efff": ["0", "a2dp.Vol.main"]}, {"a6ef29e91209424fedd37719b9a3efff": ["0", "a2dp.Vol.main"]}, {"81091b58697b2b24f338002575d07f7e": ["1", "a2dp.Vol.main"]}, {"a6ef29e91209424fedd37719b9a3efff": ["0", "a2dp.Vol.main"]}, {"a6ef29e91209424fedd37719b9a3efff": ["0", "a2dp.Vol.main"]}, {"a6ef29e91209424fedd37719b9a3efff": ["0", "a2dp.Vol.main"]}, {"a6ef29e91209424fedd37719b9a3efff": ["0", "a2dp.Vol.main"]}, {"a6ef29e91209424fedd37719b9a3efff": ["0", "a2dp.Vol.main"]}, {"a6ef29e91209424fedd37719b9a3efff": ["0", "a2dp.Vol.main"]}, {"a6ef29e91209424fedd37719b9a3efff": ["0", "a2dp.Vol.main"]}, {"a6ef29e91209424fedd37719b9a3efff": ["0", "a2dp.Vol.main"]}, {"a6ef29e91209424fedd37719b9a3efff": ["0", "a2dp.Vol.main"]}, {"a6ef29e91209424fedd37719b9a3efff": ["0", "a2dp.Vol.main"]}, {"a6ef29e91209424fedd37719b9a3efff": ["0", "a2dp.Vol.main"]}, {"a6ef29e91209424fedd37719b9a3efff": ["0", "a2dp.Vol.main"]}, {"a6ef29e91209424fedd37719b9a3efff": ["0", "a2dp.Vol.main"]}, {"a6ef29e91209424fedd37719b9a3efff": ["0", "a2dp.Vol.main"]}, {"a6ef29e91209424fedd37719b9a3efff": ["0", "a2dp.Vol.main"]}, {"a6ef29e91209424fedd37719b9a3efff": ["0", "a2dp.Vol.main"]}, {"81091b58697b2b24f338002575d07f7e": ["1", "a2dp.Vol.main"]}, {"a6ef29e91209424fedd37719b9a3efff": ["0", "a2dp.Vol.main"]}, {"a6ef29e91209424fedd37719b9a3efff": ["0", "a2dp.Vol.main"]}, {"a6ef29e91209424fedd37719b9a3efff": ["0", "a2dp.Vol.main"]}, {"a6ef29e91209424fedd37719b9a3efff": ["0", "a2dp.Vol.main"]}, {"a6ef29e91209424fedd37719b9a3efff": ["0", "a2dp.Vol.main"]}, {"a6ef29e91209424fedd37719b9a3efff": ["0", "a2dp.Vol.main"]}, {"a6ef29e91209424fedd37719b9a3efff": ["0", "a2dp.Vol.main"]}, {"81091b58697b2b24f338002575d07f7e": ["1", "a2dp.Vol.main"]}, {"0c86a596803587cac0e6adf0ed792cbd": ["16", "a2dp.Vol.EditDevice"]}, {"0c86a596803587cac0e6adf0ed792cbd": ["16", "a2dp.Vol.EditDevice"]}, {"0c86a596803587cac0e6adf0ed792cbd": ["16", "a2dp.Vol.EditDevice"]}, {"5244e12989824fd63edb9070dbe0f4d9": ["6", "a2dp.Vol.EditDevice"]}, {"0c86a596803587cac0e6adf0ed792cbd": ["16", "a2dp.Vol.EditDevice"]}, {"a6ef29e91209424fedd37719b9a3efff": ["0", "a2dp.Vol.main"]}, {"a6ef29e91209424fedd37719b9a3efff": ["0", "a2dp.Vol.main"]}, {"a6ef29e91209424fedd37719b9a3efff": ["0", "a2dp.Vol.main"]}, {"81091b58697b2b24f338002575d07f7e": ["1", "a2dp.Vol.main"]}, {"a6ef29e91209424fedd37719b9a3efff": ["0", "a2dp.Vol.main"]}, {"a6ef29e91209424fedd37719b9a3efff": ["0", "a2dp.Vol.main"]}, {"a6ef29e91209424fedd37719b9a3efff": ["0", "a2dp.Vol.main"]}, {"a6ef29e91209424fedd37719b9a3efff": ["0", "a2dp.Vol.main"]}, {"a6ef29e91209424fedd37719b9a3efff": ["0", "a2dp.Vol.main"]}, {"a6ef29e91209424fedd37719b9a3efff": ["0", "a2dp.Vol.main"]}, {"81091b58697b2b24f338002575d07f7e": ["1", "a2dp.Vol.main"]}, {"0c86a596803587cac0e6adf0ed792cbd": ["16", "a2dp.Vol.EditDevice"]}, {"4f0f818f67cd00649afd15d391eda010": ["10", "a2dp.Vol.EditDevice"]}, {"0c86a596803587cac0e6adf0ed792cbd": ["16", "a2dp.Vol.EditDevice"]}, {"5244e12989824fd63edb9070dbe0f4d9": ["6", "a2dp.Vol.EditDevice"]}, {"0c86a596803587cac0e6adf0ed792cbd": ["16", "a2dp.Vol.EditDevice"]}, {"0c86a596803587cac0e6adf0ed792cbd": ["16", "a2dp.Vol.EditDevice"]}, {"0c86a596803587cac0e6adf0ed792cbd": ["16", "a2dp.Vol.EditDevice"]}, {"5244e12989824fd63edb9070dbe0f4d9": ["6", "a2dp.Vol.EditDevice"]}, {"0c86a596803587cac0e6adf0ed792cbd": ["16", "a2dp.Vol.EditDevice"]}, {"4f0f818f67cd00649afd15d391eda010": ["10", "a2dp.Vol.EditDevice"]}, {"0c86a596803587cac0e6adf0ed792cbd": ["16", "a2dp.Vol.EditDevice"]}, {"0c86a596803587cac0e6adf0ed792cbd": ["16", "a2dp.Vol.EditDevice"]}, {"0c86a596803587cac0e6adf0ed792cbd": ["16", "a2dp.Vol.EditDevice"]}, {"5244e12989824fd63edb9070dbe0f4d9": ["6", "a2dp.Vol.EditDevice"]}, {"ac7eb67e84ffcddbcac3b05878add0cf": ["91", "a2dp.Vol.EditDevice"]}, {"4f0f818f67cd00649afd15d391eda010": ["10", "a2dp.Vol.EditDevice"]}, {"986ca8677e5bacbade19322c8e06aa43": ["89", "a2dp.Vol.EditDevice"]}, {"986ca8677e5bacbade19322c8e06aa43": ["89", "a2dp.Vol.EditDevice"]}, {"986ca8677e5bacbade19322c8e06aa43": ["89", "a2dp.Vol.EditDevice"]}, {"4f0f818f67cd00649afd15d391eda010": ["10", "a2dp.Vol.EditDevice"]}, {"986ca8677e5bacbade19322c8e06aa43": ["89", "a2dp.Vol.EditDevice"]}, {"5244e12989824fd63edb9070dbe0f4d9": ["6", "a2dp.Vol.EditDevice"]}, {"8805aa0735c3d38f5f93a24967b7cf08": ["12", "a2dp.Vol.EditDevice"]}, {"8805aa0735c3d38f5f93a24967b7cf08": ["12", "a2dp.Vol.EditDevice"]}, {"a6ef29e91209424fedd37719b9a3efff": ["0", "a2dp.Vol.main"]}, {"a6ef29e91209424fedd37719b9a3efff": ["0", "a2dp.Vol.main"]}, {"81091b58697b2b24f338002575d07f7e": ["1", "a2dp.Vol.main"]}, {"a6ef29e91209424fedd37719b9a3efff": ["0", "a2dp.Vol.main"]}, {"a6ef29e91209424fedd37719b9a3efff": ["0", "a2dp.Vol.main"]}, {"a6ef29e91209424fedd37719b9a3efff": ["0", "a2dp.Vol.main"]}, {"a6ef29e91209424fedd37719b9a3efff": ["0", "a2dp.Vol.main"]}, {"a6ef29e91209424fedd37719b9a3efff": ["0", "a2dp.Vol.main"]}, {"a6ef29e91209424fedd37719b9a3efff": ["0", "a2dp.Vol.main"]}, {"81091b58697b2b24f338002575d07f7e": ["1", "a2dp.Vol.main"]}, {"a6ef29e91209424fedd37719b9a3efff": ["0", "a2dp.Vol.main"]}, {"81091b58697b2b24f338002575d07f7e": ["1", "a2dp.Vol.main"]}, {"a6ef29e91209424fedd37719b9a3efff": ["0", "a2dp.Vol.main"]}, {"a6ef29e91209424fedd37719b9a3efff": ["0", "a2dp.Vol.main"]}, {"a6ef29e91209424fedd37719b9a3efff": ["0", "a2dp.Vol.main"]}, {"a6ef29e91209424fedd37719b9a3efff": ["0", "a2dp.Vol.main"]}, {"a6ef29e91209424fedd37719b9a3efff": ["0", "a2dp.Vol.main"]}, {"a6ef29e91209424fedd37719b9a3efff": ["0", "a2dp.Vol.main"]}, {"a6ef29e91209424fedd37719b9a3efff": ["0", "a2dp.Vol.main"]}, {"a6ef29e91209424fedd37719b9a3efff": ["0", "a2dp.Vol.main"]}, {"a6ef29e91209424fedd37719b9a3efff": ["0", "a2dp.Vol.main"]}, {"a6ef29e91209424fedd37719b9a3efff": ["0", "a2dp.Vol.main"]}, {"a6ef29e91209424fedd37719b9a3efff": ["0", "a2dp.Vol.main"]}, {"a6ef29e91209424fedd37719b9a3efff": ["0", "a2dp.Vol.main"]}, {"a6ef29e91209424fedd37719b9a3efff": ["0", "a2dp.Vol.main"]}, {"a6ef29e91209424fedd37719b9a3efff": ["0", "a2dp.Vol.main"]}, {"a6ef29e91209424fedd37719b9a3efff": ["0", "a2dp.Vol.main"]}, {"81091b58697b2b24f338002575d07f7e": ["1", "a2dp.Vol.main"]}, {"0c86a596803587cac0e6adf0ed792cbd": ["16", "a2dp.Vol.EditDevice"]}, {"a6ef29e91209424fedd37719b9a3efff": ["0", "a2dp.Vol.main"]}, {"81091b58697b2b24f338002575d07f7e": ["1", "a2dp.Vol.main"]}, {"a6ef29e91209424fedd37719b9a3efff": ["0", "a2dp.Vol.main"]}, {"a6ef29e91209424fedd37719b9a3efff": ["0", "a2dp.Vol.main"]}, {"a6ef29e91209424fedd37719b9a3efff": ["0", "a2dp.Vol.main"]}, {"a6ef29e91209424fedd37719b9a3efff": ["0", "a2dp.Vol.main"]}, {"a6ef29e91209424fedd37719b9a3efff": ["0", "a2dp.Vol.main"]}, {"a6ef29e91209424fedd37719b9a3efff": ["0", "a2dp.Vol.main"]}, {"a6ef29e91209424fedd37719b9a3efff": ["0", "a2dp.Vol.main"]}, {"81091b58697b2b24f338002575d07f7e": ["1", "a2dp.Vol.main"]}, {"a6ef29e91209424fedd37719b9a3efff": ["0", "a2dp.Vol.main"]}, {"81091b58697b2b24f338002575d07f7e": ["1", "a2dp.Vol.main"]}, {"a6ef29e91209424fedd37719b9a3efff": ["0", "a2dp.Vol.main"]}, {"a6ef29e91209424fedd37719b9a3efff": ["0", "a2dp.Vol.main"]}, {"a6ef29e91209424fedd37719b9a3efff": ["0", "a2dp.Vol.main"]}, {"a6ef29e91209424fedd37719b9a3efff": ["0", "a2dp.Vol.main"]}, {"a6ef29e91209424fedd37719b9a3efff": ["0", "a2dp.Vol.main"]}, {"81091b58697b2b24f338002575d07f7e": ["1", "a2dp.Vol.main"]}, {"b2a5c87ebe77622afe39938d902f37d7": ["15", "a2dp.Vol.EditDevice"]}, {"5244e12989824fd63edb9070dbe0f4d9": ["6", "a2dp.Vol.EditDevice"]}, {"b2a5c87ebe77622afe39938d902f37d7": ["15", "a2dp.Vol.EditDevice"]}, {"4f0f818f67cd00649afd15d391eda010": ["10", "a2dp.Vol.EditDevice"]}, {"a6d8d43b35fead67bd15815e2f98543c": ["53", "a2dp.Vol.EditDevice"]}, {"a6d8d43b35fead67bd15815e2f98543c": ["53", "a2dp.Vol.EditDevice"]}, {"a6d8d43b35fead67bd15815e2f98543c": ["53", "a2dp.Vol.EditDevice"]}, {"a6d8d43b35fead67bd15815e2f98543c": ["53", "a2dp.Vol.EditDevice"]}, {"a6d8d43b35fead67bd15815e2f98543c": ["53", "a2dp.Vol.EditDevice"]}, {"4f0f818f67cd00649afd15d391eda010": ["10", "a2dp.Vol.EditDevice"]}, {"a6d8d43b35fead67bd15815e2f98543c": ["53", "a2dp.Vol.EditDevice"]}, {"d1c76b97b42ca868e9bb7e6b225192bf": ["124", "a2dp.Vol.EditDevice"]}, {"d1c76b97b42ca868e9bb7e6b225192bf": ["124", "a2dp.Vol.EditDevice"]}, {"4f0f818f67cd00649afd15d391eda010": ["10", "a2dp.Vol.EditDevice"]}, {"ac7eb67e84ffcddbcac3b05878add0cf": ["91", "a2dp.Vol.EditDevice"]}, {"0c86a596803587cac0e6adf0ed792cbd": ["16", "a2dp.Vol.EditDevice"]}, {"a6ef29e91209424fedd37719b9a3efff": ["0", "a2dp.Vol.main"]}, {"a6ef29e91209424fedd37719b9a3efff": ["0", "a2dp.Vol.main"]}, {"a6ef29e91209424fedd37719b9a3efff": ["0", "a2dp.Vol.main"]}, {"81091b58697b2b24f338002575d07f7e": ["1", "a2dp.Vol.main"]}, {"b2a5c87ebe77622afe39938d902f37d7": ["15", "a2dp.Vol.EditDevice"]}, {"0c86a596803587cac0e6adf0ed792cbd": ["16", "a2dp.Vol.EditDevice"]}, {"5244e12989824fd63edb9070dbe0f4d9": ["6", "a2dp.Vol.EditDevice"]}, {"0c86a596803587cac0e6adf0ed792cbd": ["16", "a2dp.Vol.EditDevice"]}, {"a6ef29e91209424fedd37719b9a3efff": ["0", "a2dp.Vol.main"]}, {"a6ef29e91209424fedd37719b9a3efff": ["0", "a2dp.Vol.main"]}, {"a6ef29e91209424fedd37719b9a3efff": ["0", "a2dp.Vol.main"]}, {"a6ef29e91209424fedd37719b9a3efff": ["0", "a2dp.Vol.main"]}, {"81091b58697b2b24f338002575d07f7e": ["1", "a2dp.Vol.main"]}, {"a6ef29e91209424fedd37719b9a3efff": ["0", "a2dp.Vol.main"]}, {"a6ef29e91209424fedd37719b9a3efff": ["0", "a2dp.Vol.main"]}, {"81091b58697b2b24f338002575d07f7e": ["1", "a2dp.Vol.main"]}, {"a6ef29e91209424fedd37719b9a3efff": ["0", "a2dp.Vol.main"]}, {"a6ef29e91209424fedd37719b9a3efff": ["0", "a2dp.Vol.main"]}, {"81091b58697b2b24f338002575d07f7e": ["1", "a2dp.Vol.main"]}, {"a6ef29e91209424fedd37719b9a3efff": ["0", "a2dp.Vol.main"]}, {"a6ef29e91209424fedd37719b9a3efff": ["0", "a2dp.Vol.main"]}, {"81091b58697b2b24f338002575d07f7e": ["1", "a2dp.Vol.main"]}, {"b2a5c87ebe77622afe39938d902f37d7": ["15", "a2dp.Vol.EditDevice"]}, {"4f0f818f67cd00649afd15d391eda010": ["10", "a2dp.Vol.EditDevice"]}, {"b2a5c87ebe77622afe39938d902f37d7": ["15", "a2dp.Vol.EditDevice"]}, {"4f0f818f67cd00649afd15d391eda010": ["10", "a2dp.Vol.EditDevice"]}, {"0c86a596803587cac0e6adf0ed792cbd": ["16", "a2dp.Vol.EditDevice"]}, {"a6ef29e91209424fedd37719b9a3efff": ["0", "a2dp.Vol.main"]}, {"a6ef29e91209424fedd37719b9a3efff": ["0", "a2dp.Vol.main"]}, {"a6ef29e91209424fedd37719b9a3efff": ["0", "a2dp.Vol.main"]}, {"a6ef29e91209424fedd37719b9a3efff": ["0", "a2dp.Vol.main"]}, {"a6ef29e91209424fedd37719b9a3efff": ["0", "a2dp.Vol.main"]}, {"a6ef29e91209424fedd37719b9a3efff": ["0", "a2dp.Vol.main"]}, {"a6ef29e91209424fedd37719b9a3efff": ["0", "a2dp.Vol.main"]}, {"a6ef29e91209424fedd37719b9a3efff": ["0", "a2dp.Vol.main"]}, {"81091b58697b2b24f338002575d07f7e": ["1", "a2dp.Vol.main"]}, {"a6ef29e91209424fedd37719b9a3efff": ["0", "a2dp.Vol.main"]}, {"81091b58697b2b24f338002575d07f7e": ["1", "a2dp.Vol.main"]}, {"a6ef29e91209424fedd37719b9a3efff": ["0", "a2dp.Vol.main"]}, {"a6ef29e91209424fedd37719b9a3efff": ["0", "a2dp.Vol.main"]}, {"81091b58697b2b24f338002575d07f7e": ["1", "a2dp.Vol.main"]}, {"a6ef29e91209424fedd37719b9a3efff": ["0", "a2dp.Vol.main"]}, {"81091b58697b2b24f338002575d07f7e": ["1", "a2dp.Vol.main"]}, {"a6ef29e91209424fedd37719b9a3efff": ["0", "a2dp.Vol.main"]}, {"81091b58697b2b24f338002575d07f7e": ["1", "a2dp.Vol.main"]}, {"a6ef29e91209424fedd37719b9a3efff": ["0", "a2dp.Vol.main"]}, {"a6ef29e91209424fedd37719b9a3efff": ["0", "a2dp.Vol.main"]}, {"a6ef29e91209424fedd37719b9a3efff": ["0", "a2dp.Vol.main"]}, {"a6ef29e91209424fedd37719b9a3efff": ["0", "a2dp.Vol.main"]}, {"a6ef29e91209424fedd37719b9a3efff": ["0", "a2dp.Vol.main"]}, {"a6ef29e91209424fedd37719b9a3efff": ["0", "a2dp.Vol.main"]}, {"a6ef29e91209424fedd37719b9a3efff": ["0", "a2dp.Vol.main"]}, {"a6ef29e91209424fedd37719b9a3efff": ["0", "a2dp.Vol.main"]}, {"a6ef29e91209424fedd37719b9a3efff": ["0", "a2dp.Vol.main"]}, {"a6ef29e91209424fedd37719b9a3efff": ["0", "a2dp.Vol.main"]}, {"81091b58697b2b24f338002575d07f7e": ["1", "a2dp.Vol.main"]}, {"a6ef29e91209424fedd37719b9a3efff": ["0", "a2dp.Vol.main"]}, {"81091b58697b2b24f338002575d07f7e": ["1", "a2dp.Vol.main"]}, {"cd7618c120ba4595da64536eafb6dcde": ["8", "a2dp.Vol.EditDevice"]}, {"cd7618c120ba4595da64536eafb6dcde": ["8", "a2dp.Vol.EditDevice"]}, {"0c86a596803587cac0e6adf0ed792cbd": ["16", "a2dp.Vol.EditDevice"]}, {"5244e12989824fd63edb9070dbe0f4d9": ["6", "a2dp.Vol.EditDevice"]}, {"0c86a596803587cac0e6adf0ed792cbd": ["16", "a2dp.Vol.EditDevice"]}, {"a6ef29e91209424fedd37719b9a3efff": ["0", "a2dp.Vol.main"]}, {"a6ef29e91209424fedd37719b9a3efff": ["0", "a2dp.Vol.main"]}, {"a6ef29e91209424fedd37719b9a3efff": ["0", "a2dp.Vol.main"]}, {"81091b58697b2b24f338002575d07f7e": ["1", "a2dp.Vol.main"]}, {"a6ef29e91209424fedd37719b9a3efff": ["0", "a2dp.Vol.main"]}, {"a6ef29e91209424fedd37719b9a3efff": ["0", "a2dp.Vol.main"]}, {"a6ef29e91209424fedd37719b9a3efff": ["0", "a2dp.Vol.main"]}, {"a6ef29e91209424fedd37719b9a3efff": ["0", "a2dp.Vol.main"]}, {"a6ef29e91209424fedd37719b9a3efff": ["0", "a2dp.Vol.main"]}, {"81091b58697b2b24f338002575d07f7e": ["1", "a2dp.Vol.main"]}, {"a6ef29e91209424fedd37719b9a3efff": ["0", "a2dp.Vol.main"]}, {"a6ef29e91209424fedd37719b9a3efff": ["0", "a2dp.Vol.main"]}, {"a6ef29e91209424fedd37719b9a3efff": ["0", "a2dp.Vol.main"]}, {"a6ef29e91209424fedd37719b9a3efff": ["0", "a2dp.Vol.main"]}, {"a6ef29e91209424fedd37719b9a3efff": ["0", "a2dp.Vol.main"]}, {"a6ef29e91209424fedd37719b9a3efff": ["0", "a2dp.Vol.main"]}, {"a6ef29e91209424fedd37719b9a3efff": ["0", "a2dp.Vol.main"]}, {"a6ef29e91209424fedd37719b9a3efff": ["0", "a2dp.Vol.main"]}, {"a6ef29e91209424fedd37719b9a3efff": ["0", "a2dp.Vol.main"]}, {"a6ef29e91209424fedd37719b9a3efff": ["0", "a2dp.Vol.main"]}, {"81091b58697b2b24f338002575d07f7e": ["1", "a2dp.Vol.main"]}, {"a6ef29e91209424fedd37719b9a3efff": ["0", "a2dp.Vol.main"]}, {"a6ef29e91209424fedd37719b9a3efff": ["0", "a2dp.Vol.main"]}, {"a6ef29e91209424fedd37719b9a3efff": ["0", "a2dp.Vol.main"]}, {"a6ef29e91209424fedd37719b9a3efff": ["0", "a2dp.Vol.main"]}, {"81091b58697b2b24f338002575d07f7e": ["1", "a2dp.Vol.main"]}, {"a6ef29e91209424fedd37719b9a3efff": ["0", "a2dp.Vol.main"]}, {"a6ef29e91209424fedd37719b9a3efff": ["0", "a2dp.Vol.main"]}, {"a6ef29e91209424fedd37719b9a3efff": ["0", "a2dp.Vol.main"]}, {"a6ef29e91209424fedd37719b9a3efff": ["0", "a2dp.Vol.main"]}, {"a6ef29e91209424fedd37719b9a3efff": ["0", "a2dp.Vol.main"]}, {"a6ef29e91209424fedd37719b9a3efff": ["0", "a2dp.Vol.main"]}, {"a6ef29e91209424fedd37719b9a3efff": ["0", "a2dp.Vol.main"]}, {"a6ef29e91209424fedd37719b9a3efff": ["0", "a2dp.Vol.main"]}, {"a6ef29e91209424fedd37719b9a3efff": ["0", "a2dp.Vol.main"]}, {"a6ef29e91209424fedd37719b9a3efff": ["0", "a2dp.Vol.main"]}, {"a6ef29e91209424fedd37719b9a3efff": ["0", "a2dp.Vol.main"]}, {"81091b58697b2b24f338002575d07f7e": ["1", "a2dp.Vol.main"]}, {"a6ef29e91209424fedd37719b9a3efff": ["0", "a2dp.Vol.main"]}, {"a6ef29e91209424fedd37719b9a3efff": ["0", "a2dp.Vol.main"]}, {"a6ef29e91209424fedd37719b9a3efff": ["0", "a2dp.Vol.main"]}, {"a6ef29e91209424fedd37719b9a3efff": ["0", "a2dp.Vol.main"]}, {"81091b58697b2b24f338002575d07f7e": ["1", "a2dp.Vol.main"]}, {"a6ef29e91209424fedd37719b9a3efff": ["0", "a2dp.Vol.main"]}, {"a6ef29e91209424fedd37719b9a3efff": ["0", "a2dp.Vol.main"]}, {"81091b58697b2b24f338002575d07f7e": ["1", "a2dp.Vol.main"]}, {"c19ffdfeaabf15bb6e92b0141aa48ea8": ["4", "a2dp.Vol.EditDevice"]}, {"8805aa0735c3d38f5f93a24967b7cf08": ["12", "a2dp.Vol.EditDevice"]}, {"5244e12989824fd63edb9070dbe0f4d9": ["6", "a2dp.Vol.EditDevice"]}, {"b2a5c87ebe77622afe39938d902f37d7": ["15", "a2dp.Vol.EditDevice"]}, {"b2a5c87ebe77622afe39938d902f37d7": ["15", "a2dp.Vol.EditDevice"]}, {"b2a5c87ebe77622afe39938d902f37d7": ["15", "a2dp.Vol.EditDevice"]}, {"c83b138985c27d2a3194e70512207e6f": ["92", "a2dp.Vol.EditDevice"]}, {"5244e12989824fd63edb9070dbe0f4d9": ["6", "a2dp.Vol.EditDevice"]}, {"0c86a596803587cac0e6adf0ed792cbd": ["16", "a2dp.Vol.EditDevice"]}, {"4f0f818f67cd00649afd15d391eda010": ["10", "a2dp.Vol.EditDevice"]}, {"0c86a596803587cac0e6adf0ed792cbd": ["16", "a2dp.Vol.EditDevice"]}, {"4f0f818f67cd00649afd15d391eda010": ["10", "a2dp.Vol.EditDevice"]}, {"0c86a596803587cac0e6adf0ed792cbd": ["16", "a2dp.Vol.EditDevice"]}, {"5244e12989824fd63edb9070dbe0f4d9": ["6", "a2dp.Vol.EditDevice"]}, {"b2a5c87ebe77622afe39938d902f37d7": ["15", "a2dp.Vol.EditDevice"]}, {"5244e12989824fd63edb9070dbe0f4d9": ["6", "a2dp.Vol.EditDevice"]}, {"a6ef29e91209424fedd37719b9a3efff": ["0", "a2dp.Vol.main"]}, {"81091b58697b2b24f338002575d07f7e": ["1", "a2dp.Vol.main"]}, {"0c86a596803587cac0e6adf0ed792cbd": ["16", "a2dp.Vol.EditDevice"]}, {"4f0f818f67cd00649afd15d391eda010": ["10", "a2dp.Vol.EditDevice"]}, {"0c86a596803587cac0e6adf0ed792cbd": ["16", "a2dp.Vol.EditDevice"]}, {"a6ef29e91209424fedd37719b9a3efff": ["0", "a2dp.Vol.main"]}, {"a6ef29e91209424fedd37719b9a3efff": ["0", "a2dp.Vol.main"]}, {"a6ef29e91209424fedd37719b9a3efff": ["0", "a2dp.Vol.main"]}, {"a6ef29e91209424fedd37719b9a3efff": ["0", "a2dp.Vol.main"]}, {"81091b58697b2b24f338002575d07f7e": ["1", "a2dp.Vol.main"]}, {"a6ef29e91209424fedd37719b9a3efff": ["0", "a2dp.Vol.main"]}, {"a6ef29e91209424fedd37719b9a3efff": ["0", "a2dp.Vol.main"]}, {"a6ef29e91209424fedd37719b9a3efff": ["0", "a2dp.Vol.main"]}, {"a6ef29e91209424fedd37719b9a3efff": ["0", "a2dp.Vol.main"]}, {"a6ef29e91209424fedd37719b9a3efff": ["0", "a2dp.Vol.main"]}, {"a6ef29e91209424fedd37719b9a3efff": ["0", "a2dp.Vol.main"]}, {"a6ef29e91209424fedd37719b9a3efff": ["0", "a2dp.Vol.main"]}, {"81091b58697b2b24f338002575d07f7e": ["1", "a2dp.Vol.main"]}, {"a6ef29e91209424fedd37719b9a3efff": ["0", "a2dp.Vol.main"]}, {"a6ef29e91209424fedd37719b9a3efff": ["0", "a2dp.Vol.main"]}, {"a6ef29e91209424fedd37719b9a3efff": ["0", "a2dp.Vol.main"]}, {"a6ef29e91209424fedd37719b9a3efff": ["0", "a2dp.Vol.main"]}, {"81091b58697b2b24f338002575d07f7e": ["1", "a2dp.Vol.main"]}, {"cd7618c120ba4595da64536eafb6dcde": ["8", "a2dp.Vol.EditDevice"]}, {"0c86a596803587cac0e6adf0ed792cbd": ["16", "a2dp.Vol.EditDevice"]}, {"cd7618c120ba4595da64536eafb6dcde": ["8", "a2dp.Vol.EditDevice"]}, {"cd7618c120ba4595da64536eafb6dcde": ["8", "a2dp.Vol.EditDevice"]}, {"0c86a596803587cac0e6adf0ed792cbd": ["16", "a2dp.Vol.EditDevice"]}, {"4f0f818f67cd00649afd15d391eda010": ["10", "a2dp.Vol.EditDevice"]}, {"f2641250226e45872759212c2885ec90": ["11", "a2dp.Vol.CustomIntentMaker"]}, {"f2641250226e45872759212c2885ec90": ["11", "a2dp.Vol.CustomIntentMaker"]}, {"f2641250226e45872759212c2885ec90": ["11", "a2dp.Vol.CustomIntentMaker"]}, {"f2641250226e45872759212c2885ec90": ["11", "a2dp.Vol.CustomIntentMaker"]}, {"0c86a596803587cac0e6adf0ed792cbd": ["16", "a2dp.Vol.EditDevice"]}, {"0c86a596803587cac0e6adf0ed792cbd": ["16", "a2dp.Vol.EditDevice"]}, {"ac7eb67e84ffcddbcac3b05878add0cf": ["91", "a2dp.Vol.EditDevice"]}, {"5244e12989824fd63edb9070dbe0f4d9": ["6", "a2dp.Vol.EditDevice"]}, {"ac7eb67e84ffcddbcac3b05878add0cf": ["91", "a2dp.Vol.EditDevice"]}, {"a6ef29e91209424fedd37719b9a3efff": ["0", "a2dp.Vol.main"]}, {"81091b58697b2b24f338002575d07f7e": ["1", "a2dp.Vol.main"]}, {"a6ef29e91209424fedd37719b9a3efff": ["0", "a2dp.Vol.main"]}, {"a6ef29e91209424fedd37719b9a3efff": ["0", "a2dp.Vol.main"]}, {"a6ef29e91209424fedd37719b9a3efff": ["0", "a2dp.Vol.main"]}, {"a6ef29e91209424fedd37719b9a3efff": ["0", "a2dp.Vol.main"]}, {"a6ef29e91209424fedd37719b9a3efff": ["0", "a2dp.Vol.main"]}, {"a6ef29e91209424fedd37719b9a3efff": ["0", "a2dp.Vol.main"]}, {"a6ef29e91209424fedd37719b9a3efff": ["0", "a2dp.Vol.main"]}, {"a6ef29e91209424fedd37719b9a3efff": ["0", "a2dp.Vol.main"]}, {"a6ef29e91209424fedd37719b9a3efff": ["0", "a2dp.Vol.main"]}, {"81091b58697b2b24f338002575d07f7e": ["1", "a2dp.Vol.main"]}, {"a6ef29e91209424fedd37719b9a3efff": ["0", "a2dp.Vol.main"]}, {"a6ef29e91209424fedd37719b9a3efff": ["0", "a2dp.Vol.main"]}, {"a6ef29e91209424fedd37719b9a3efff": ["0", "a2dp.Vol.main"]}, {"a6ef29e91209424fedd37719b9a3efff": ["0", "a2dp.Vol.main"]}, {"a6ef29e91209424fedd37719b9a3efff": ["0", "a2dp.Vol.main"]}, {"a6ef29e91209424fedd37719b9a3efff": ["0", "a2dp.Vol.main"]}, {"a6ef29e91209424fedd37719b9a3efff": ["0", "a2dp.Vol.main"]}, {"a6ef29e91209424fedd37719b9a3efff": ["0", "a2dp.Vol.main"]}, {"a6ef29e91209424fedd37719b9a3efff": ["0", "a2dp.Vol.main"]}, {"81091b58697b2b24f338002575d07f7e": ["1", "a2dp.Vol.main"]}, {"a6ef29e91209424fedd37719b9a3efff": ["0", "a2dp.Vol.main"]}, {"a6ef29e91209424fedd37719b9a3efff": ["0", "a2dp.Vol.main"]}, {"81091b58697b2b24f338002575d07f7e": ["1", "a2dp.Vol.main"]}, {"a6ef29e91209424fedd37719b9a3efff": ["0", "a2dp.Vol.main"]}, {"a6ef29e91209424fedd37719b9a3efff": ["0", "a2dp.Vol.main"]}, {"a6ef29e91209424fedd37719b9a3efff": ["0", "a2dp.Vol.main"]}, {"a6ef29e91209424fedd37719b9a3efff": ["0", "a2dp.Vol.main"]}, {"a6ef29e91209424fedd37719b9a3efff": ["0", "a2dp.Vol.main"]}, {"a6ef29e91209424fedd37719b9a3efff": ["0", "a2dp.Vol.main"]}, {"81091b58697b2b24f338002575d07f7e": ["1", "a2dp.Vol.main"]}, {"a6ef29e91209424fedd37719b9a3efff": ["0", "a2dp.Vol.main"]}, {"a6ef29e91209424fedd37719b9a3efff": ["0", "a2dp.Vol.main"]}, {"a6ef29e91209424fedd37719b9a3efff": ["0", "a2dp.Vol.main"]}, {"a6ef29e91209424fedd37719b9a3efff": ["0", "a2dp.Vol.main"]}, {"a6ef29e91209424fedd37719b9a3efff": ["0", "a2dp.Vol.main"]}, {"a6ef29e91209424fedd37719b9a3efff": ["0", "a2dp.Vol.main"]}, {"a6ef29e91209424fedd37719b9a3efff": ["0", "a2dp.Vol.main"]}, {"a6ef29e91209424fedd37719b9a3efff": ["0", "a2dp.Vol.main"]}, {"a6ef29e91209424fedd37719b9a3efff": ["0", "a2dp.Vol.main"]}, {"a6ef29e91209424fedd37719b9a3efff": ["0", "a2dp.Vol.main"]}, {"a6ef29e91209424fedd37719b9a3efff": ["0", "a2dp.Vol.main"]}, {"a6ef29e91209424fedd37719b9a3efff": ["0", "a2dp.Vol.main"]}, {"a6ef29e91209424fedd37719b9a3efff": ["0", "a2dp.Vol.main"]}, {"a6ef29e91209424fedd37719b9a3efff": ["0", "a2dp.Vol.main"]}, {"a6ef29e91209424fedd37719b9a3efff": ["0", "a2dp.Vol.main"]}, {"a6ef29e91209424fedd37719b9a3efff": ["0", "a2dp.Vol.main"]}, {"a6ef29e91209424fedd37719b9a3efff": ["0", "a2dp.Vol.main"]}, {"a6ef29e91209424fedd37719b9a3efff": ["0", "a2dp.Vol.main"]}, {"a6ef29e91209424fedd37719b9a3efff": ["0", "a2dp.Vol.main"]}, {"a6ef29e91209424fedd37719b9a3efff": ["0", "a2dp.Vol.main"]}, {"a6ef29e91209424fedd37719b9a3efff": ["0", "a2dp.Vol.main"]}, {"a6ef29e91209424fedd37719b9a3efff": ["0", "a2dp.Vol.main"]}, {"81091b58697b2b24f338002575d07f7e": ["1", "a2dp.Vol.main"]}, {"a6ef29e91209424fedd37719b9a3efff": ["0", "a2dp.Vol.main"]}, {"81091b58697b2b24f338002575d07f7e": ["1", "a2dp.Vol.main"]}, {"a6ef29e91209424fedd37719b9a3efff": ["0", "a2dp.Vol.main"]}, {"a6ef29e91209424fedd37719b9a3efff": ["0", "a2dp.Vol.main"]}, {"81091b58697b2b24f338002575d07f7e": ["1", "a2dp.Vol.main"]}, {"a6ef29e91209424fedd37719b9a3efff": ["0", "a2dp.Vol.main"]}, {"a6ef29e91209424fedd37719b9a3efff": ["0", "a2dp.Vol.main"]}, {"81091b58697b2b24f338002575d07f7e": ["1", "a2dp.Vol.main"]}, {"cd7618c120ba4595da64536eafb6dcde": ["8", "a2dp.Vol.EditDevice"]}, {"0c86a596803587cac0e6adf0ed792cbd": ["16", "a2dp.Vol.EditDevice"]}, {"5244e12989824fd63edb9070dbe0f4d9": ["6", "a2dp.Vol.EditDevice"]}, {"0c86a596803587cac0e6adf0ed792cbd": ["16", "a2dp.Vol.EditDevice"]}, {"a6ef29e91209424fedd37719b9a3efff": ["0", "a2dp.Vol.main"]}, {"a6ef29e91209424fedd37719b9a3efff": ["0", "a2dp.Vol.main"]}, {"81091b58697b2b24f338002575d07f7e": ["1", "a2dp.Vol.main"]}, {"a6ef29e91209424fedd37719b9a3efff": ["0", "a2dp.Vol.main"]}, {"a6ef29e91209424fedd37719b9a3efff": ["0", "a2dp.Vol.main"]}, {"a6ef29e91209424fedd37719b9a3efff": ["0", "a2dp.Vol.main"]}, {"a6ef29e91209424fedd37719b9a3efff": ["0", "a2dp.Vol.main"]}, {"a6ef29e91209424fedd37719b9a3efff": ["0", "a2dp.Vol.main"]}, {"81091b58697b2b24f338002575d07f7e": ["1", "a2dp.Vol.main"]}, {"a6ef29e91209424fedd37719b9a3efff": ["0", "a2dp.Vol.main"]}, {"a6ef29e91209424fedd37719b9a3efff": ["0", "a2dp.Vol.main"]}, {"81091b58697b2b24f338002575d07f7e": ["1", "a2dp.Vol.main"]}, {"a6ef29e91209424fedd37719b9a3efff": ["0", "a2dp.Vol.main"]}, {"a6ef29e91209424fedd37719b9a3efff": ["0", "a2dp.Vol.main"]}, {"a6ef29e91209424fedd37719b9a3efff": ["0", "a2dp.Vol.main"]}, {"a6ef29e91209424fedd37719b9a3efff": ["0", "a2dp.Vol.main"]}, {"a6ef29e91209424fedd37719b9a3efff": ["0", "a2dp.Vol.main"]}, {"a6ef29e91209424fedd37719b9a3efff": ["0", "a2dp.Vol.main"]}, {"a6ef29e91209424fedd37719b9a3efff": ["0", "a2dp.Vol.main"]}, {"81091b58697b2b24f338002575d07f7e": ["1", "a2dp.Vol.main"]}, {"b2a5c87ebe77622afe39938d902f37d7": ["15", "a2dp.Vol.EditDevice"]}, {"4f0f818f67cd00649afd15d391eda010": ["10", "a2dp.Vol.EditDevice"]}, {"0c86a596803587cac0e6adf0ed792cbd": ["16", "a2dp.Vol.EditDevice"]}, {"a6ef29e91209424fedd37719b9a3efff": ["0", "a2dp.Vol.main"]}, {"a6ef29e91209424fedd37719b9a3efff": ["0", "a2dp.Vol.main"]}, {"a6ef29e91209424fedd37719b9a3efff": ["0", "a2dp.Vol.main"]}, {"81091b58697b2b24f338002575d07f7e": ["1", "a2dp.Vol.main"]}, {"a6ef29e91209424fedd37719b9a3efff": ["0", "a2dp.Vol.main"]}, {"81091b58697b2b24f338002575d07f7e": ["1", "a2dp.Vol.main"]}, {"a6ef29e91209424fedd37719b9a3efff": ["0", "a2dp.Vol.main"]}, {"81091b58697b2b24f338002575d07f7e": ["1", "a2dp.Vol.main"]}, {"cd7618c120ba4595da64536eafb6dcde": ["8", "a2dp.Vol.EditDevice"]}, {"cd7618c120ba4595da64536eafb6dcde": ["8", "a2dp.Vol.EditDevice"]}, {"cd7618c120ba4595da64536eafb6dcde": ["8", "a2dp.Vol.EditDevice"]}, {"b2a5c87ebe77622afe39938d902f37d7": ["15", "a2dp.Vol.EditDevice"]}, {"a6ef29e91209424fedd37719b9a3efff": ["0", "a2dp.Vol.main"]}, {"a6ef29e91209424fedd37719b9a3efff": ["0", "a2dp.Vol.main"]}, {"a6ef29e91209424fedd37719b9a3efff": ["0", "a2dp.Vol.main"]}, {"a6ef29e91209424fedd37719b9a3efff": ["0", "a2dp.Vol.main"]}, {"81091b58697b2b24f338002575d07f7e": ["1", "a2dp.Vol.main"]}, {"c19ffdfeaabf15bb6e92b0141aa48ea8": ["4", "a2dp.Vol.EditDevice"]}, {"c19ffdfeaabf15bb6e92b0141aa48ea8": ["4", "a2dp.Vol.EditDevice"]}, {"c19ffdfeaabf15bb6e92b0141aa48ea8": ["4", "a2dp.Vol.EditDevice"]}, {"335974d51fa11bb3fa3b086c88bbfaaf": ["78", "a2dp.Vol.EditDevice"]}, {"4f0f818f67cd00649afd15d391eda010": ["10", "a2dp.Vol.EditDevice"]}, {"77065da92f39f9b4b56c687c4b70361a": ["17", "a2dp.Vol.AppChooser"]}, {"15d0cce1865eabceca330f78f83a4782": ["51", "a2dp.Vol.EditDevice"]}, {"15d0cce1865eabceca330f78f83a4782": ["51", "a2dp.Vol.EditDevice"]}, {"d1c76b97b42ca868e9bb7e6b225192bf": ["124", "a2dp.Vol.EditDevice"]}, {"5244e12989824fd63edb9070dbe0f4d9": ["6", "a2dp.Vol.EditDevice"]}, {"d1c76b97b42ca868e9bb7e6b225192bf": ["124", "a2dp.Vol.EditDevice"]}, {"5244e12989824fd63edb9070dbe0f4d9": ["6", "a2dp.Vol.EditDevice"]}, {"d1c76b97b42ca868e9bb7e6b225192bf": ["124", "a2dp.Vol.EditDevice"]}, {"d1c76b97b42ca868e9bb7e6b225192bf": ["124", "a2dp.Vol.EditDevice"]}, {"4f0f818f67cd00649afd15d391eda010": ["10", "a2dp.Vol.EditDevice"]}, {"77065da92f39f9b4b56c687c4b70361a": ["17", "a2dp.Vol.AppChooser"]}, {"77065da92f39f9b4b56c687c4b70361a": ["17", "a2dp.Vol.AppChooser"]}, {"2c073548290aa5e389335178f167967e": ["146", "a2dp.Vol.EditDevice"]}, {"4f0f818f67cd00649afd15d391eda010": ["10", "a2dp.Vol.EditDevice"]}, {"a6ef29e91209424fedd37719b9a3efff": ["0", "a2dp.Vol.main"]}, {"81091b58697b2b24f338002575d07f7e": ["1", "a2dp.Vol.main"]}, {"a6ef29e91209424fedd37719b9a3efff": ["0", "a2dp.Vol.main"]}, {"a6ef29e91209424fedd37719b9a3efff": ["0", "a2dp.Vol.main"]}, {"a6ef29e91209424fedd37719b9a3efff": ["0", "a2dp.Vol.main"]}, {"a6ef29e91209424fedd37719b9a3efff": ["0", "a2dp.Vol.main"]}, {"a6ef29e91209424fedd37719b9a3efff": ["0", "a2dp.Vol.main"]}, {"a6ef29e91209424fedd37719b9a3efff": ["0", "a2dp.Vol.main"]}, {"a6ef29e91209424fedd37719b9a3efff": ["0", "a2dp.Vol.main"]}, {"81091b58697b2b24f338002575d07f7e": ["1", "a2dp.Vol.main"]}, {"a6ef29e91209424fedd37719b9a3efff": ["0", "a2dp.Vol.main"]}, {"a6ef29e91209424fedd37719b9a3efff": ["0", "a2dp.Vol.main"]}, {"a6ef29e91209424fedd37719b9a3efff": ["0", "a2dp.Vol.main"]}, {"a6ef29e91209424fedd37719b9a3efff": ["0", "a2dp.Vol.main"]}, {"a6ef29e91209424fedd37719b9a3efff": ["0", "a2dp.Vol.main"]}, {"81091b58697b2b24f338002575d07f7e": ["1", "a2dp.Vol.main"]}, {"a6ef29e91209424fedd37719b9a3efff": ["0", "a2dp.Vol.main"]}, {"81091b58697b2b24f338002575d07f7e": ["1", "a2dp.Vol.main"]}, {"cd7618c120ba4595da64536eafb6dcde": ["8", "a2dp.Vol.EditDevice"]}, {"0c86a596803587cac0e6adf0ed792cbd": ["16", "a2dp.Vol.EditDevice"]}, {"4f0f818f67cd00649afd15d391eda010": ["10", "a2dp.Vol.EditDevice"]}, {"0c86a596803587cac0e6adf0ed792cbd": ["16", "a2dp.Vol.EditDevice"]}, {"0c86a596803587cac0e6adf0ed792cbd": ["16", "a2dp.Vol.EditDevice"]}, {"4f0f818f67cd00649afd15d391eda010": ["10", "a2dp.Vol.EditDevice"]}, {"3baa6a7870c297fedfb12e3a10f06e3c": ["101", "a2dp.Vol.EditDevice"]}, {"5244e12989824fd63edb9070dbe0f4d9": ["6", "a2dp.Vol.EditDevice"]}, {"8805aa0735c3d38f5f93a24967b7cf08": ["12", "a2dp.Vol.EditDevice"]}, {"4f0f818f67cd00649afd15d391eda010": ["10", "a2dp.Vol.EditDevice"]}, {"f2641250226e45872759212c2885ec90": ["11", "a2dp.Vol.CustomIntentMaker"]}, {"f2641250226e45872759212c2885ec90": ["11", "a2dp.Vol.CustomIntentMaker"]}, {"f2641250226e45872759212c2885ec90": ["11", "a2dp.Vol.CustomIntentMaker"]}, {"f2641250226e45872759212c2885ec90": ["11", "a2dp.Vol.CustomIntentMaker"]}, {"8805aa0735c3d38f5f93a24967b7cf08": ["12", "a2dp.Vol.EditDevice"]}, {"5244e12989824fd63edb9070dbe0f4d9": ["6", "a2dp.Vol.EditDevice"]}, {"c19ffdfeaabf15bb6e92b0141aa48ea8": ["4", "a2dp.Vol.EditDevice"]}, {"c19ffdfeaabf15bb6e92b0141aa48ea8": ["4", "a2dp.Vol.EditDevice"]}, {"8805aa0735c3d38f5f93a24967b7cf08": ["12", "a2dp.Vol.EditDevice"]}, {"8805aa0735c3d38f5f93a24967b7cf08": ["12", "a2dp.Vol.EditDevice"]}, {"8805aa0735c3d38f5f93a24967b7cf08": ["12", "a2dp.Vol.EditDevice"]}, {"8805aa0735c3d38f5f93a24967b7cf08": ["12", "a2dp.Vol.EditDevice"]}, {"a6ef29e91209424fedd37719b9a3efff": ["0", "a2dp.Vol.main"]}, {"a6ef29e91209424fedd37719b9a3efff": ["0", "a2dp.Vol.main"]}, {"a6ef29e91209424fedd37719b9a3efff": ["0", "a2dp.Vol.main"]}, {"a6ef29e91209424fedd37719b9a3efff": ["0", "a2dp.Vol.main"]}, {"a6ef29e91209424fedd37719b9a3efff": ["0", "a2dp.Vol.main"]}, {"a6ef29e91209424fedd37719b9a3efff": ["0", "a2dp.Vol.main"]}, {"a6ef29e91209424fedd37719b9a3efff": ["0", "a2dp.Vol.main"]}, {"a6ef29e91209424fedd37719b9a3efff": ["0", "a2dp.Vol.main"]}, {"a6ef29e91209424fedd37719b9a3efff": ["0", "a2dp.Vol.main"]}, {"a6ef29e91209424fedd37719b9a3efff": ["0", "a2dp.Vol.main"]}, {"81091b58697b2b24f338002575d07f7e": ["1", "a2dp.Vol.main"]}, {"a6ef29e91209424fedd37719b9a3efff": ["0", "a2dp.Vol.main"]}, {"81091b58697b2b24f338002575d07f7e": ["1", "a2dp.Vol.main"]}, {"a6ef29e91209424fedd37719b9a3efff": ["0", "a2dp.Vol.main"]}, {"a6ef29e91209424fedd37719b9a3efff": ["0", "a2dp.Vol.main"]}, {"a6ef29e91209424fedd37719b9a3efff": ["0", "a2dp.Vol.main"]}, {"a6ef29e91209424fedd37719b9a3efff": ["0", "a2dp.Vol.main"]}, {"a6ef29e91209424fedd37719b9a3efff": ["0", "a2dp.Vol.main"]}, {"a6ef29e91209424fedd37719b9a3efff": ["0", "a2dp.Vol.main"]}, {"a6ef29e91209424fedd37719b9a3efff": ["0", "a2dp.Vol.main"]}, {"a6ef29e91209424fedd37719b9a3efff": ["0", "a2dp.Vol.main"]}, {"a6ef29e91209424fedd37719b9a3efff": ["0", "a2dp.Vol.main"]}, {"a6ef29e91209424fedd37719b9a3efff": ["0", "a2dp.Vol.main"]}, {"a6ef29e91209424fedd37719b9a3efff": ["0", "a2dp.Vol.main"]}, {"a6ef29e91209424fedd37719b9a3efff": ["0", "a2dp.Vol.main"]}, {"a6ef29e91209424fedd37719b9a3efff": ["0", "a2dp.Vol.main"]}, {"a6ef29e91209424fedd37719b9a3efff": ["0", "a2dp.Vol.main"]}, {"81091b58697b2b24f338002575d07f7e": ["1", "a2dp.Vol.main"]}, {"a6ef29e91209424fedd37719b9a3efff": ["0", "a2dp.Vol.main"]}, {"81091b58697b2b24f338002575d07f7e": ["1", "a2dp.Vol.main"]}, {"a6ef29e91209424fedd37719b9a3efff": ["0", "a2dp.Vol.main"]}, {"81091b58697b2b24f338002575d07f7e": ["1", "a2dp.Vol.main"]}, {"a6ef29e91209424fedd37719b9a3efff": ["0", "a2dp.Vol.main"]}, {"a6ef29e91209424fedd37719b9a3efff": ["0", "a2dp.Vol.main"]}, {"a6ef29e91209424fedd37719b9a3efff": ["0", "a2dp.Vol.main"]}, {"a6ef29e91209424fedd37719b9a3efff": ["0", "a2dp.Vol.main"]}, {"a6ef29e91209424fedd37719b9a3efff": ["0", "a2dp.Vol.main"]}, {"a6ef29e91209424fedd37719b9a3efff": ["0", "a2dp.Vol.main"]}, {"a6ef29e91209424fedd37719b9a3efff": ["0", "a2dp.Vol.main"]}, {"81091b58697b2b24f338002575d07f7e": ["1", "a2dp.Vol.main"]}, {"a6ef29e91209424fedd37719b9a3efff": ["0", "a2dp.Vol.main"]}, {"a6ef29e91209424fedd37719b9a3efff": ["0", "a2dp.Vol.main"]}, {"81091b58697b2b24f338002575d07f7e": ["1", "a2dp.Vol.main"]}, {"a6ef29e91209424fedd37719b9a3efff": ["0", "a2dp.Vol.main"]}, {"a6ef29e91209424fedd37719b9a3efff": ["0", "a2dp.Vol.main"]}, {"a6ef29e91209424fedd37719b9a3efff": ["0", "a2dp.Vol.main"]}, {"a6ef29e91209424fedd37719b9a3efff": ["0", "a2dp.Vol.main"]}, {"a6ef29e91209424fedd37719b9a3efff": ["0", "a2dp.Vol.main"]}, {"a6ef29e91209424fedd37719b9a3efff": ["0", "a2dp.Vol.main"]}, {"a6ef29e91209424fedd37719b9a3efff": ["0", "a2dp.Vol.main"]}, {"a6ef29e91209424fedd37719b9a3efff": ["0", "a2dp.Vol.main"]}, {"a6ef29e91209424fedd37719b9a3efff": ["0", "a2dp.Vol.main"]}, {"a6ef29e91209424fedd37719b9a3efff": ["0", "a2dp.Vol.main"]}, {"a6ef29e91209424fedd37719b9a3efff": ["0", "a2dp.Vol.main"]}, {"a6ef29e91209424fedd37719b9a3efff": ["0", "a2dp.Vol.main"]}, {"81091b58697b2b24f338002575d07f7e": ["1", "a2dp.Vol.main"]}, {"a6ef29e91209424fedd37719b9a3efff": ["0", "a2dp.Vol.main"]}, {"81091b58697b2b24f338002575d07f7e": ["1", "a2dp.Vol.main"]}, {"a6ef29e91209424fedd37719b9a3efff": ["0", "a2dp.Vol.main"]}, {"a6ef29e91209424fedd37719b9a3efff": ["0", "a2dp.Vol.main"]}, {"a6ef29e91209424fedd37719b9a3efff": ["0", "a2dp.Vol.main"]}, {"a6ef29e91209424fedd37719b9a3efff": ["0", "a2dp.Vol.main"]}, {"a6ef29e91209424fedd37719b9a3efff": ["0", "a2dp.Vol.main"]}, {"a6ef29e91209424fedd37719b9a3efff": ["0", "a2dp.Vol.main"]}, {"a6ef29e91209424fedd37719b9a3efff": ["0", "a2dp.Vol.main"]}, {"a6ef29e91209424fedd37719b9a3efff": ["0", "a2dp.Vol.main"]}, {"a6ef29e91209424fedd37719b9a3efff": ["0", "a2dp.Vol.main"]}, {"81091b58697b2b24f338002575d07f7e": ["1", "a2dp.Vol.main"]}, {"a6ef29e91209424fedd37719b9a3efff": ["0", "a2dp.Vol.main"]}, {"81091b58697b2b24f338002575d07f7e": ["1", "a2dp.Vol.main"]}, {"a6ef29e91209424fedd37719b9a3efff": ["0", "a2dp.Vol.main"]}, {"a6ef29e91209424fedd37719b9a3efff": ["0", "a2dp.Vol.main"]}, {"a6ef29e91209424fedd37719b9a3efff": ["0", "a2dp.Vol.main"]}, {"81091b58697b2b24f338002575d07f7e": ["1", "a2dp.Vol.main"]}, {"a6ef29e91209424fedd37719b9a3efff": ["0", "a2dp.Vol.main"]}, {"a6ef29e91209424fedd37719b9a3efff": ["0", "a2dp.Vol.main"]}, {"a6ef29e91209424fedd37719b9a3efff": ["0", "a2dp.Vol.main"]}, {"a6ef29e91209424fedd37719b9a3efff": ["0", "a2dp.Vol.main"]}, {"a6ef29e91209424fedd37719b9a3efff": ["0", "a2dp.Vol.main"]}, {"81091b58697b2b24f338002575d07f7e": ["1", "a2dp.Vol.main"]}, {"b2a5c87ebe77622afe39938d902f37d7": ["15", "a2dp.Vol.EditDevice"]}, {"b2a5c87ebe77622afe39938d902f37d7": ["15", "a2dp.Vol.EditDevice"]}, {"3804555c899958266d780f165ef3d9ad": ["14", "a2dp.Vol.EditDevice"]}, {"335974d51fa11bb3fa3b086c88bbfaaf": ["78", "a2dp.Vol.EditDevice"]}, {"335974d51fa11bb3fa3b086c88bbfaaf": ["78", "a2dp.Vol.EditDevice"]}, {"335974d51fa11bb3fa3b086c88bbfaaf": ["78", "a2dp.Vol.EditDevice"]}, {"335974d51fa11bb3fa3b086c88bbfaaf": ["78", "a2dp.Vol.EditDevice"]}, {"a6ef29e91209424fedd37719b9a3efff": ["0", "a2dp.Vol.main"]}, {"a6ef29e91209424fedd37719b9a3efff": ["0", "a2dp.Vol.main"]}, {"a6ef29e91209424fedd37719b9a3efff": ["0", "a2dp.Vol.main"]}, {"81091b58697b2b24f338002575d07f7e": ["1", "a2dp.Vol.main"]}, {"a6ef29e91209424fedd37719b9a3efff": ["0", "a2dp.Vol.main"]}, {"a6ef29e91209424fedd37719b9a3efff": ["0", "a2dp.Vol.main"]}, {"81091b58697b2b24f338002575d07f7e": ["1", "a2dp.Vol.main"]}, {"a6ef29e91209424fedd37719b9a3efff": ["0", "a2dp.Vol.main"]}, {"a6ef29e91209424fedd37719b9a3efff": ["0", "a2dp.Vol.main"]}, {"a6ef29e91209424fedd37719b9a3efff": ["0", "a2dp.Vol.main"]}, {"a6ef29e91209424fedd37719b9a3efff": ["0", "a2dp.Vol.main"]}, {"a6ef29e91209424fedd37719b9a3efff": ["0", "a2dp.Vol.main"]}, {"81091b58697b2b24f338002575d07f7e": ["1", "a2dp.Vol.main"]}, {"a6ef29e91209424fedd37719b9a3efff": ["0", "a2dp.Vol.main"]}, {"a6ef29e91209424fedd37719b9a3efff": ["0", "a2dp.Vol.main"]}, {"81091b58697b2b24f338002575d07f7e": ["1", "a2dp.Vol.main"]}, {"a6ef29e91209424fedd37719b9a3efff": ["0", "a2dp.Vol.main"]}, {"81091b58697b2b24f338002575d07f7e": ["1", "a2dp.Vol.main"]}, {"a6ef29e91209424fedd37719b9a3efff": ["0", "a2dp.Vol.main"]}, {"a6ef29e91209424fedd37719b9a3efff": ["0", "a2dp.Vol.main"]}, {"a6ef29e91209424fedd37719b9a3efff": ["0", "a2dp.Vol.main"]}, {"81091b58697b2b24f338002575d07f7e": ["1", "a2dp.Vol.main"]}, {"a6ef29e91209424fedd37719b9a3efff": ["0", "a2dp.Vol.main"]}, {"a6ef29e91209424fedd37719b9a3efff": ["0", "a2dp.Vol.main"]}, {"a6ef29e91209424fedd37719b9a3efff": ["0", "a2dp.Vol.main"]}, {"81091b58697b2b24f338002575d07f7e": ["1", "a2dp.Vol.main"]}, {"a6ef29e91209424fedd37719b9a3efff": ["0", "a2dp.Vol.main"]}, {"a6ef29e91209424fedd37719b9a3efff": ["0", "a2dp.Vol.main"]}, {"a6ef29e91209424fedd37719b9a3efff": ["0", "a2dp.Vol.main"]}, {"a6ef29e91209424fedd37719b9a3efff": ["0", "a2dp.Vol.main"]}, {"a6ef29e91209424fedd37719b9a3efff": ["0", "a2dp.Vol.main"]}, {"a6ef29e91209424fedd37719b9a3efff": ["0", "a2dp.Vol.main"]}, {"81091b58697b2b24f338002575d07f7e": ["1", "a2dp.Vol.main"]}, {"a6ef29e91209424fedd37719b9a3efff": ["0", "a2dp.Vol.main"]}, {"a6ef29e91209424fedd37719b9a3efff": ["0", "a2dp.Vol.main"]}, {"a6ef29e91209424fedd37719b9a3efff": ["0", "a2dp.Vol.main"]}, {"a6ef29e91209424fedd37719b9a3efff": ["0", "a2dp.Vol.main"]}, {"a6ef29e91209424fedd37719b9a3efff": ["0", "a2dp.Vol.main"]}, {"81091b58697b2b24f338002575d07f7e": ["1", "a2dp.Vol.main"]}, {"a6ef29e91209424fedd37719b9a3efff": ["0", "a2dp.Vol.main"]}, {"a6ef29e91209424fedd37719b9a3efff": ["0", "a2dp.Vol.main"]}, {"a6ef29e91209424fedd37719b9a3efff": ["0", "a2dp.Vol.main"]}, {"a6ef29e91209424fedd37719b9a3efff": ["0", "a2dp.Vol.main"]}, {"a6ef29e91209424fedd37719b9a3efff": ["0", "a2dp.Vol.main"]}, {"a6ef29e91209424fedd37719b9a3efff": ["0", "a2dp.Vol.main"]}, {"a6ef29e91209424fedd37719b9a3efff": ["0", "a2dp.Vol.main"]}, {"a6ef29e91209424fedd37719b9a3efff": ["0", "a2dp.Vol.main"]}, {"a6ef29e91209424fedd37719b9a3efff": ["0", "a2dp.Vol.main"]}, {"a6ef29e91209424fedd37719b9a3efff": ["0", "a2dp.Vol.main"]}, {"a6ef29e91209424fedd37719b9a3efff": ["0", "a2dp.Vol.main"]}, {"a6ef29e91209424fedd37719b9a3efff": ["0", "a2dp.Vol.main"]}, {"a6ef29e91209424fedd37719b9a3efff": ["0", "a2dp.Vol.main"]}, {"a6ef29e91209424fedd37719b9a3efff": ["0", "a2dp.Vol.main"]}, {"a6ef29e91209424fedd37719b9a3efff": ["0", "a2dp.Vol.main"]}, {"a6ef29e91209424fedd37719b9a3efff": ["0", "a2dp.Vol.main"]}, {"81091b58697b2b24f338002575d07f7e": ["1", "a2dp.Vol.main"]}, {"a6ef29e91209424fedd37719b9a3efff": ["0", "a2dp.Vol.main"]}, {"a6ef29e91209424fedd37719b9a3efff": ["0", "a2dp.Vol.main"]}, {"a6ef29e91209424fedd37719b9a3efff": ["0", "a2dp.Vol.main"]}, {"81091b58697b2b24f338002575d07f7e": ["1", "a2dp.Vol.main"]}, {"a6ef29e91209424fedd37719b9a3efff": ["0", "a2dp.Vol.main"]}, {"a6ef29e91209424fedd37719b9a3efff": ["0", "a2dp.Vol.main"]}, {"a6ef29e91209424fedd37719b9a3efff": ["0", "a2dp.Vol.main"]}, {"a6ef29e91209424fedd37719b9a3efff": ["0", "a2dp.Vol.main"]}, {"a6ef29e91209424fedd37719b9a3efff": ["0", "a2dp.Vol.main"]}, {"a6ef29e91209424fedd37719b9a3efff": ["0", "a2dp.Vol.main"]}, {"a6ef29e91209424fedd37719b9a3efff": ["0", "a2dp.Vol.main"]}, {"a6ef29e91209424fedd37719b9a3efff": ["0", "a2dp.Vol.main"]}, {"a6ef29e91209424fedd37719b9a3efff": ["0", "a2dp.Vol.main"]}, {"a6ef29e91209424fedd37719b9a3efff": ["0", "a2dp.Vol.main"]}, {"a6ef29e91209424fedd37719b9a3efff": ["0", "a2dp.Vol.main"]}, {"81091b58697b2b24f338002575d07f7e": ["1", "a2dp.Vol.main"]}, {"a6ef29e91209424fedd37719b9a3efff": ["0", "a2dp.Vol.main"]}, {"a6ef29e91209424fedd37719b9a3efff": ["0", "a2dp.Vol.main"]}, {"a6ef29e91209424fedd37719b9a3efff": ["0", "a2dp.Vol.main"]}, {"a6ef29e91209424fedd37719b9a3efff": ["0", "a2dp.Vol.main"]}, {"a6ef29e91209424fedd37719b9a3efff": ["0", "a2dp.Vol.main"]}, {"a6ef29e91209424fedd37719b9a3efff": ["0", "a2dp.Vol.main"]}, {"81091b58697b2b24f338002575d07f7e": ["1", "a2dp.Vol.main"]}, {"a6ef29e91209424fedd37719b9a3efff": ["0", "a2dp.Vol.main"]}, {"a6ef29e91209424fedd37719b9a3efff": ["0", "a2dp.Vol.main"]}, {"a6ef29e91209424fedd37719b9a3efff": ["0", "a2dp.Vol.main"]}, {"a6ef29e91209424fedd37719b9a3efff": ["0", "a2dp.Vol.main"]}, {"a6ef29e91209424fedd37719b9a3efff": ["0", "a2dp.Vol.main"]}, {"a6ef29e91209424fedd37719b9a3efff": ["0", "a2dp.Vol.main"]}, {"a6ef29e91209424fedd37719b9a3efff": ["0", "a2dp.Vol.main"]}, {"a6ef29e91209424fedd37719b9a3efff": ["0", "a2dp.Vol.main"]}, {"a6ef29e91209424fedd37719b9a3efff": ["0", "a2dp.Vol.main"]}, {"a6ef29e91209424fedd37719b9a3efff": ["0", "a2dp.Vol.main"]}, {"81091b58697b2b24f338002575d07f7e": ["1", "a2dp.Vol.main"]}, {"a6ef29e91209424fedd37719b9a3efff": ["0", "a2dp.Vol.main"]}, {"a6ef29e91209424fedd37719b9a3efff": ["0", "a2dp.Vol.main"]}, {"81091b58697b2b24f338002575d07f7e": ["1", "a2dp.Vol.main"]}, {"a6ef29e91209424fedd37719b9a3efff": ["0", "a2dp.Vol.main"]}, {"a6ef29e91209424fedd37719b9a3efff": ["0", "a2dp.Vol.main"]}, {"a6ef29e91209424fedd37719b9a3efff": ["0", "a2dp.Vol.main"]}, {"a6ef29e91209424fedd37719b9a3efff": ["0", "a2dp.Vol.main"]}, {"a6ef29e91209424fedd37719b9a3efff": ["0", "a2dp.Vol.main"]}, {"a6ef29e91209424fedd37719b9a3efff": ["0", "a2dp.Vol.main"]}, {"a6ef29e91209424fedd37719b9a3efff": ["0", "a2dp.Vol.main"]}, {"a6ef29e91209424fedd37719b9a3efff": ["0", "a2dp.Vol.main"]}, {"a6ef29e91209424fedd37719b9a3efff": ["0", "a2dp.Vol.main"]}, {"a6ef29e91209424fedd37719b9a3efff": ["0", "a2dp.Vol.main"]}, {"a6ef29e91209424fedd37719b9a3efff": ["0", "a2dp.Vol.main"]}, {"81091b58697b2b24f338002575d07f7e": ["1", "a2dp.Vol.main"]}, {"a6ef29e91209424fedd37719b9a3efff": ["0", "a2dp.Vol.main"]}, {"a6ef29e91209424fedd37719b9a3efff": ["0", "a2dp.Vol.main"]}, {"a6ef29e91209424fedd37719b9a3efff": ["0", "a2dp.Vol.main"]}, {"a6ef29e91209424fedd37719b9a3efff": ["0", "a2dp.Vol.main"]}, {"a6ef29e91209424fedd37719b9a3efff": ["0", "a2dp.Vol.main"]}, {"a6ef29e91209424fedd37719b9a3efff": ["0", "a2dp.Vol.main"]}, {"a6ef29e91209424fedd37719b9a3efff": ["0", "a2dp.Vol.main"]}, {"a6ef29e91209424fedd37719b9a3efff": ["0", "a2dp.Vol.main"]}, {"a6ef29e91209424fedd37719b9a3efff": ["0", "a2dp.Vol.main"]}, {"a6ef29e91209424fedd37719b9a3efff": ["0", "a2dp.Vol.main"]}, {"a6ef29e91209424fedd37719b9a3efff": ["0", "a2dp.Vol.main"]}, {"a6ef29e91209424fedd37719b9a3efff": ["0", "a2dp.Vol.main"]}, {"81091b58697b2b24f338002575d07f7e": ["1", "a2dp.Vol.main"]}, {"a6ef29e91209424fedd37719b9a3efff": ["0", "a2dp.Vol.main"]}, {"a6ef29e91209424fedd37719b9a3efff": ["0", "a2dp.Vol.main"]}, {"81091b58697b2b24f338002575d07f7e": ["1", "a2dp.Vol.main"]}, {"a6ef29e91209424fedd37719b9a3efff": ["0", "a2dp.Vol.main"]}, {"a6ef29e91209424fedd37719b9a3efff": ["0", "a2dp.Vol.main"]}, {"a6ef29e91209424fedd37719b9a3efff": ["0", "a2dp.Vol.main"]}, {"a6ef29e91209424fedd37719b9a3efff": ["0", "a2dp.Vol.main"]}, {"a6ef29e91209424fedd37719b9a3efff": ["0", "a2dp.Vol.main"]}, {"a6ef29e91209424fedd37719b9a3efff": ["0", "a2dp.Vol.main"]}, {"a6ef29e91209424fedd37719b9a3efff": ["0", "a2dp.Vol.main"]}, {"a6ef29e91209424fedd37719b9a3efff": ["0", "a2dp.Vol.main"]}, {"a6ef29e91209424fedd37719b9a3efff": ["0", "a2dp.Vol.main"]}, {"a6ef29e91209424fedd37719b9a3efff": ["0", "a2dp.Vol.main"]}, {"a6ef29e91209424fedd37719b9a3efff": ["0", "a2dp.Vol.main"]}, {"81091b58697b2b24f338002575d07f7e": ["1", "a2dp.Vol.main"]}, {"a6ef29e91209424fedd37719b9a3efff": ["0", "a2dp.Vol.main"]}, {"81091b58697b2b24f338002575d07f7e": ["1", "a2dp.Vol.main"]}, {"cd7618c120ba4595da64536eafb6dcde": ["8", "a2dp.Vol.EditDevice"]}, {"a6ef29e91209424fedd37719b9a3efff": ["0", "a2dp.Vol.main"]}, {"81091b58697b2b24f338002575d07f7e": ["1", "a2dp.Vol.main"]}, {"a6ef29e91209424fedd37719b9a3efff": ["0", "a2dp.Vol.main"]}, {"a6ef29e91209424fedd37719b9a3efff": ["0", "a2dp.Vol.main"]}, {"81091b58697b2b24f338002575d07f7e": ["1", "a2dp.Vol.main"]}, {"a6ef29e91209424fedd37719b9a3efff": ["0", "a2dp.Vol.main"]}, {"a6ef29e91209424fedd37719b9a3efff": ["0", "a2dp.Vol.main"]}, {"a6ef29e91209424fedd37719b9a3efff": ["0", "a2dp.Vol.main"]}, {"81091b58697b2b24f338002575d07f7e": ["1", "a2dp.Vol.main"]}, {"a6ef29e91209424fedd37719b9a3efff": ["0", "a2dp.Vol.main"]}, {"a6ef29e91209424fedd37719b9a3efff": ["0", "a2dp.Vol.main"]}, {"a6ef29e91209424fedd37719b9a3efff": ["0", "a2dp.Vol.main"]}, {"a6ef29e91209424fedd37719b9a3efff": ["0", "a2dp.Vol.main"]}, {"a6ef29e91209424fedd37719b9a3efff": ["0", "a2dp.Vol.main"]}, {"a6ef29e91209424fedd37719b9a3efff": ["0", "a2dp.Vol.main"]}, {"a6ef29e91209424fedd37719b9a3efff": ["0", "a2dp.Vol.main"]}, {"a6ef29e91209424fedd37719b9a3efff": ["0", "a2dp.Vol.main"]}, {"a6ef29e91209424fedd37719b9a3efff": ["0", "a2dp.Vol.main"]}, {"a6ef29e91209424fedd37719b9a3efff": ["0", "a2dp.Vol.main"]}, {"a6ef29e91209424fedd37719b9a3efff": ["0", "a2dp.Vol.main"]}, {"a6ef29e91209424fedd37719b9a3efff": ["0", "a2dp.Vol.main"]}, {"a6ef29e91209424fedd37719b9a3efff": ["0", "a2dp.Vol.main"]}, {"a6ef29e91209424fedd37719b9a3efff": ["0", "a2dp.Vol.main"]}, {"a6ef29e91209424fedd37719b9a3efff": ["0", "a2dp.Vol.main"]}, {"a6ef29e91209424fedd37719b9a3efff": ["0", "a2dp.Vol.main"]}, {"81091b58697b2b24f338002575d07f7e": ["1", "a2dp.Vol.main"]}, {"a6ef29e91209424fedd37719b9a3efff": ["0", "a2dp.Vol.main"]}, {"a6ef29e91209424fedd37719b9a3efff": ["0", "a2dp.Vol.main"]}, {"a6ef29e91209424fedd37719b9a3efff": ["0", "a2dp.Vol.main"]}, {"a6ef29e91209424fedd37719b9a3efff": ["0", "a2dp.Vol.main"]}, {"a6ef29e91209424fedd37719b9a3efff": ["0", "a2dp.Vol.main"]}, {"a6ef29e91209424fedd37719b9a3efff": ["0", "a2dp.Vol.main"]}, {"a6ef29e91209424fedd37719b9a3efff": ["0", "a2dp.Vol.main"]}, {"a6ef29e91209424fedd37719b9a3efff": ["0", "a2dp.Vol.main"]}, {"a6ef29e91209424fedd37719b9a3efff": ["0", "a2dp.Vol.main"]}, {"a6ef29e91209424fedd37719b9a3efff": ["0", "a2dp.Vol.main"]}, {"a6ef29e91209424fedd37719b9a3efff": ["0", "a2dp.Vol.main"]}, {"a6ef29e91209424fedd37719b9a3efff": ["0", "a2dp.Vol.main"]}, {"a6ef29e91209424fedd37719b9a3efff": ["0", "a2dp.Vol.main"]}, {"a6ef29e91209424fedd37719b9a3efff": ["0", "a2dp.Vol.main"]}, {"a6ef29e91209424fedd37719b9a3efff": ["0", "a2dp.Vol.main"]}, {"81091b58697b2b24f338002575d07f7e": ["1", "a2dp.Vol.main"]}, {"a6ef29e91209424fedd37719b9a3efff": ["0", "a2dp.Vol.main"]}, {"81091b58697b2b24f338002575d07f7e": ["1", "a2dp.Vol.main"]}, {"a6ef29e91209424fedd37719b9a3efff": ["0", "a2dp.Vol.main"]}, {"a6ef29e91209424fedd37719b9a3efff": ["0", "a2dp.Vol.main"]}, {"a6ef29e91209424fedd37719b9a3efff": ["0", "a2dp.Vol.main"]}, {"a6ef29e91209424fedd37719b9a3efff": ["0", "a2dp.Vol.main"]}, {"a6ef29e91209424fedd37719b9a3efff": ["0", "a2dp.Vol.main"]}, {"a6ef29e91209424fedd37719b9a3efff": ["0", "a2dp.Vol.main"]}, {"a6ef29e91209424fedd37719b9a3efff": ["0", "a2dp.Vol.main"]}, {"81091b58697b2b24f338002575d07f7e": ["1", "a2dp.Vol.main"]}, {"a6ef29e91209424fedd37719b9a3efff": ["0", "a2dp.Vol.main"]}, {"a6ef29e91209424fedd37719b9a3efff": ["0", "a2dp.Vol.main"]}, {"a6ef29e91209424fedd37719b9a3efff": ["0", "a2dp.Vol.main"]}, {"a6ef29e91209424fedd37719b9a3efff": ["0", "a2dp.Vol.main"]}, {"81091b58697b2b24f338002575d07f7e": ["1", "a2dp.Vol.main"]}, {"cd7618c120ba4595da64536eafb6dcde": ["8", "a2dp.Vol.EditDevice"]}, {"b2a5c87ebe77622afe39938d902f37d7": ["15", "a2dp.Vol.EditDevice"]}, {"5244e12989824fd63edb9070dbe0f4d9": ["6", "a2dp.Vol.EditDevice"]}, {"b2a5c87ebe77622afe39938d902f37d7": ["15", "a2dp.Vol.EditDevice"]}, {"3804555c899958266d780f165ef3d9ad": ["14", "a2dp.Vol.EditDevice"]}, {"b2a5c87ebe77622afe39938d902f37d7": ["15", "a2dp.Vol.EditDevice"]}, {"0c86a596803587cac0e6adf0ed792cbd": ["16", "a2dp.Vol.EditDevice"]}, {"0c86a596803587cac0e6adf0ed792cbd": ["16", "a2dp.Vol.EditDevice"]}, {"5244e12989824fd63edb9070dbe0f4d9": ["6", "a2dp.Vol.EditDevice"]}, {"0c86a596803587cac0e6adf0ed792cbd": ["16", "a2dp.Vol.EditDevice"]}, {"5244e12989824fd63edb9070dbe0f4d9": ["6", "a2dp.Vol.EditDevice"]}, {"0c86a596803587cac0e6adf0ed792cbd": ["16", "a2dp.Vol.EditDevice"]}, {"a6ef29e91209424fedd37719b9a3efff": ["0", "a2dp.Vol.main"]}, {"a6ef29e91209424fedd37719b9a3efff": ["0", "a2dp.Vol.main"]}, {"a6ef29e91209424fedd37719b9a3efff": ["0", "a2dp.Vol.main"]}, {"a6ef29e91209424fedd37719b9a3efff": ["0", "a2dp.Vol.main"]}, {"81091b58697b2b24f338002575d07f7e": ["1", "a2dp.Vol.main"]}, {"a6ef29e91209424fedd37719b9a3efff": ["0", "a2dp.Vol.main"]}, {"a6ef29e91209424fedd37719b9a3efff": ["0", "a2dp.Vol.main"]}, {"81091b58697b2b24f338002575d07f7e": ["1", "a2dp.Vol.main"]}, {"cd7618c120ba4595da64536eafb6dcde": ["8", "a2dp.Vol.EditDevice"]}, {"cd7618c120ba4595da64536eafb6dcde": ["8", "a2dp.Vol.EditDevice"]}, {"a6ef29e91209424fedd37719b9a3efff": ["0", "a2dp.Vol.main"]}, {"a6ef29e91209424fedd37719b9a3efff": ["0", "a2dp.Vol.main"]}, {"81091b58697b2b24f338002575d07f7e": ["1", "a2dp.Vol.main"]}, {"0c86a596803587cac0e6adf0ed792cbd": ["16", "a2dp.Vol.EditDevice"]}, {"4f0f818f67cd00649afd15d391eda010": ["10", "a2dp.Vol.EditDevice"]}, {"0c86a596803587cac0e6adf0ed792cbd": ["16", "a2dp.Vol.EditDevice"]}, {"0c86a596803587cac0e6adf0ed792cbd": ["16", "a2dp.Vol.EditDevice"]}, {"5244e12989824fd63edb9070dbe0f4d9": ["6", "a2dp.Vol.EditDevice"]}, {"0c86a596803587cac0e6adf0ed792cbd": ["16", "a2dp.Vol.EditDevice"]}, {"0c86a596803587cac0e6adf0ed792cbd": ["16", "a2dp.Vol.EditDevice"]}, {"4f0f818f67cd00649afd15d391eda010": ["10", "a2dp.Vol.EditDevice"]}, {"0c86a596803587cac0e6adf0ed792cbd": ["16", "a2dp.Vol.EditDevice"]}, {"3804555c899958266d780f165ef3d9ad": ["14", "a2dp.Vol.EditDevice"]}, {"cd7618c120ba4595da64536eafb6dcde": ["8", "a2dp.Vol.EditDevice"]}, {"0c86a596803587cac0e6adf0ed792cbd": ["16", "a2dp.Vol.EditDevice"]}, {"5244e12989824fd63edb9070dbe0f4d9": ["6", "a2dp.Vol.EditDevice"]}, {"0c86a596803587cac0e6adf0ed792cbd": ["16", "a2dp.Vol.EditDevice"]}, {"a6ef29e91209424fedd37719b9a3efff": ["0", "a2dp.Vol.main"]}, {"a6ef29e91209424fedd37719b9a3efff": ["0", "a2dp.Vol.main"]}, {"a6ef29e91209424fedd37719b9a3efff": ["0", "a2dp.Vol.main"]}, {"81091b58697b2b24f338002575d07f7e": ["1", "a2dp.Vol.main"]}, {"a6ef29e91209424fedd37719b9a3efff": ["0", "a2dp.Vol.main"]}, {"a6ef29e91209424fedd37719b9a3efff": ["0", "a2dp.Vol.main"]}, {"a6ef29e91209424fedd37719b9a3efff": ["0", "a2dp.Vol.main"]}, {"81091b58697b2b24f338002575d07f7e": ["1", "a2dp.Vol.main"]}, {"a6ef29e91209424fedd37719b9a3efff": ["0", "a2dp.Vol.main"]}, {"a6ef29e91209424fedd37719b9a3efff": ["0", "a2dp.Vol.main"]}, {"a6ef29e91209424fedd37719b9a3efff": ["0", "a2dp.Vol.main"]}, {"a6ef29e91209424fedd37719b9a3efff": ["0", "a2dp.Vol.main"]}, {"81091b58697b2b24f338002575d07f7e": ["1", "a2dp.Vol.main"]}, {"c19ffdfeaabf15bb6e92b0141aa48ea8": ["4", "a2dp.Vol.EditDevice"]}, {"0c86a596803587cac0e6adf0ed792cbd": ["16", "a2dp.Vol.EditDevice"]}, {"4f0f818f67cd00649afd15d391eda010": ["10", "a2dp.Vol.EditDevice"]}, {"a6ef29e91209424fedd37719b9a3efff": ["0", "a2dp.Vol.main"]}, {"a6ef29e91209424fedd37719b9a3efff": ["0", "a2dp.Vol.main"]}, {"81091b58697b2b24f338002575d07f7e": ["1", "a2dp.Vol.main"]}, {"a6ef29e91209424fedd37719b9a3efff": ["0", "a2dp.Vol.main"]}, {"a6ef29e91209424fedd37719b9a3efff": ["0", "a2dp.Vol.main"]}, {"a6ef29e91209424fedd37719b9a3efff": ["0", "a2dp.Vol.main"]}, {"a6ef29e91209424fedd37719b9a3efff": ["0", "a2dp.Vol.main"]}, {"81091b58697b2b24f338002575d07f7e": ["1", "a2dp.Vol.main"]}, {"a6ef29e91209424fedd37719b9a3efff": ["0", "a2dp.Vol.main"]}, {"81091b58697b2b24f338002575d07f7e": ["1", "a2dp.Vol.main"]}, {"a6ef29e91209424fedd37719b9a3efff": ["0", "a2dp.Vol.main"]}, {"a6ef29e91209424fedd37719b9a3efff": ["0", "a2dp.Vol.main"]}, {"a6ef29e91209424fedd37719b9a3efff": ["0", "a2dp.Vol.main"]}, {"a6ef29e91209424fedd37719b9a3efff": ["0", "a2dp.Vol.main"]}, {"a6ef29e91209424fedd37719b9a3efff": ["0", "a2dp.Vol.main"]}, {"a6ef29e91209424fedd37719b9a3efff": ["0", "a2dp.Vol.main"]}, {"a6ef29e91209424fedd37719b9a3efff": ["0", "a2dp.Vol.main"]}, {"a6ef29e91209424fedd37719b9a3efff": ["0", "a2dp.Vol.main"]}, {"a6ef29e91209424fedd37719b9a3efff": ["0", "a2dp.Vol.main"]}, {"a6ef29e91209424fedd37719b9a3efff": ["0", "a2dp.Vol.main"]}, {"a6ef29e91209424fedd37719b9a3efff": ["0", "a2dp.Vol.main"]}, {"a6ef29e91209424fedd37719b9a3efff": ["0", "a2dp.Vol.main"]}, {"a6ef29e91209424fedd37719b9a3efff": ["0", "a2dp.Vol.main"]}, {"a6ef29e91209424fedd37719b9a3efff": ["0", "a2dp.Vol.main"]}, {"a6ef29e91209424fedd37719b9a3efff": ["0", "a2dp.Vol.main"]}, {"a6ef29e91209424fedd37719b9a3efff": ["0", "a2dp.Vol.main"]}, {"81091b58697b2b24f338002575d07f7e": ["1", "a2dp.Vol.main"]}, {"a6ef29e91209424fedd37719b9a3efff": ["0", "a2dp.Vol.main"]}, {"a6ef29e91209424fedd37719b9a3efff": ["0", "a2dp.Vol.main"]}, {"a6ef29e91209424fedd37719b9a3efff": ["0", "a2dp.Vol.main"]}, {"a6ef29e91209424fedd37719b9a3efff": ["0", "a2dp.Vol.main"]}, {"81091b58697b2b24f338002575d07f7e": ["1", "a2dp.Vol.main"]}, {"a6ef29e91209424fedd37719b9a3efff": ["0", "a2dp.Vol.main"]}, {"a6ef29e91209424fedd37719b9a3efff": ["0", "a2dp.Vol.main"]}, {"a6ef29e91209424fedd37719b9a3efff": ["0", "a2dp.Vol.main"]}, {"a6ef29e91209424fedd37719b9a3efff": ["0", "a2dp.Vol.main"]}, {"81091b58697b2b24f338002575d07f7e": ["1", "a2dp.Vol.main"]}, {"0c86a596803587cac0e6adf0ed792cbd": ["16", "a2dp.Vol.EditDevice"]}, {"a6ef29e91209424fedd37719b9a3efff": ["0", "a2dp.Vol.main"]}, {"a6ef29e91209424fedd37719b9a3efff": ["0", "a2dp.Vol.main"]}, {"81091b58697b2b24f338002575d07f7e": ["1", "a2dp.Vol.main"]}, {"a6ef29e91209424fedd37719b9a3efff": ["0", "a2dp.Vol.main"]}, {"a6ef29e91209424fedd37719b9a3efff": ["0", "a2dp.Vol.main"]}, {"a6ef29e91209424fedd37719b9a3efff": ["0", "a2dp.Vol.main"]}, {"a6ef29e91209424fedd37719b9a3efff": ["0", "a2dp.Vol.main"]}, {"a6ef29e91209424fedd37719b9a3efff": ["0", "a2dp.Vol.main"]}, {"a6ef29e91209424fedd37719b9a3efff": ["0", "a2dp.Vol.main"]}, {"a6ef29e91209424fedd37719b9a3efff": ["0", "a2dp.Vol.main"]}, {"a6ef29e91209424fedd37719b9a3efff": ["0", "a2dp.Vol.main"]}, {"a6ef29e91209424fedd37719b9a3efff": ["0", "a2dp.Vol.main"]}, {"a6ef29e91209424fedd37719b9a3efff": ["0", "a2dp.Vol.main"]}, {"a6ef29e91209424fedd37719b9a3efff": ["0", "a2dp.Vol.main"]}, {"81091b58697b2b24f338002575d07f7e": ["1", "a2dp.Vol.main"]}, {"a6ef29e91209424fedd37719b9a3efff": ["0", "a2dp.Vol.main"]}, {"a6ef29e91209424fedd37719b9a3efff": ["0", "a2dp.Vol.main"]}, {"a6ef29e91209424fedd37719b9a3efff": ["0", "a2dp.Vol.main"]}, {"a6ef29e91209424fedd37719b9a3efff": ["0", "a2dp.Vol.main"]}, {"a6ef29e91209424fedd37719b9a3efff": ["0", "a2dp.Vol.main"]}, {"a6ef29e91209424fedd37719b9a3efff": ["0", "a2dp.Vol.main"]}, {"a6ef29e91209424fedd37719b9a3efff": ["0", "a2dp.Vol.main"]}, {"a6ef29e91209424fedd37719b9a3efff": ["0", "a2dp.Vol.main"]}, {"81091b58697b2b24f338002575d07f7e": ["1", "a2dp.Vol.main"]}, {"a6ef29e91209424fedd37719b9a3efff": ["0", "a2dp.Vol.main"]}, {"81091b58697b2b24f338002575d07f7e": ["1", "a2dp.Vol.main"]}, {"a6ef29e91209424fedd37719b9a3efff": ["0", "a2dp.Vol.main"]}, {"a6ef29e91209424fedd37719b9a3efff": ["0", "a2dp.Vol.main"]}, {"a6ef29e91209424fedd37719b9a3efff": ["0", "a2dp.Vol.main"]}, {"a6ef29e91209424fedd37719b9a3efff": ["0", "a2dp.Vol.main"]}, {"a6ef29e91209424fedd37719b9a3efff": ["0", "a2dp.Vol.main"]}, {"a6ef29e91209424fedd37719b9a3efff": ["0", "a2dp.Vol.main"]}, {"a6ef29e91209424fedd37719b9a3efff": ["0", "a2dp.Vol.main"]}, {"a6ef29e91209424fedd37719b9a3efff": ["0", "a2dp.Vol.main"]}, {"a6ef29e91209424fedd37719b9a3efff": ["0", "a2dp.Vol.main"]}, {"a6ef29e91209424fedd37719b9a3efff": ["0", "a2dp.Vol.main"]}, {"81091b58697b2b24f338002575d07f7e": ["1", "a2dp.Vol.main"]}, {"0c86a596803587cac0e6adf0ed792cbd": ["16", "a2dp.Vol.EditDevice"]}, {"a6ef29e91209424fedd37719b9a3efff": ["0", "a2dp.Vol.main"]}, {"a6ef29e91209424fedd37719b9a3efff": ["0", "a2dp.Vol.main"]}, {"81091b58697b2b24f338002575d07f7e": ["1", "a2dp.Vol.main"]}, {"b2a5c87ebe77622afe39938d902f37d7": ["15", "a2dp.Vol.EditDevice"]}, {"b2a5c87ebe77622afe39938d902f37d7": ["15", "a2dp.Vol.EditDevice"]}, {"5244e12989824fd63edb9070dbe0f4d9": ["6", "a2dp.Vol.EditDevice"]}, {"c19ffdfeaabf15bb6e92b0141aa48ea8": ["4", "a2dp.Vol.EditDevice"]}, {"a6ef29e91209424fedd37719b9a3efff": ["0", "a2dp.Vol.main"]}, {"81091b58697b2b24f338002575d07f7e": ["1", "a2dp.Vol.main"]}, {"cd7618c120ba4595da64536eafb6dcde": ["8", "a2dp.Vol.EditDevice"]}, {"cd7618c120ba4595da64536eafb6dcde": ["8", "a2dp.Vol.EditDevice"]}, {"c19ffdfeaabf15bb6e92b0141aa48ea8": ["4", "a2dp.Vol.EditDevice"]}, {"c19ffdfeaabf15bb6e92b0141aa48ea8": ["4", "a2dp.Vol.EditDevice"]}, {"c19ffdfeaabf15bb6e92b0141aa48ea8": ["4", "a2dp.Vol.EditDevice"]}, {"8805aa0735c3d38f5f93a24967b7cf08": ["12", "a2dp.Vol.EditDevice"]}, {"a6ef29e91209424fedd37719b9a3efff": ["0", "a2dp.Vol.main"]}, {"a6ef29e91209424fedd37719b9a3efff": ["0", "a2dp.Vol.main"]}, {"81091b58697b2b24f338002575d07f7e": ["1", "a2dp.Vol.main"]}, {"a6ef29e91209424fedd37719b9a3efff": ["0", "a2dp.Vol.main"]}, {"81091b58697b2b24f338002575d07f7e": ["1", "a2dp.Vol.main"]}, {"a6ef29e91209424fedd37719b9a3efff": ["0", "a2dp.Vol.main"]}, {"a6ef29e91209424fedd37719b9a3efff": ["0", "a2dp.Vol.main"]}, {"a6ef29e91209424fedd37719b9a3efff": ["0", "a2dp.Vol.main"]}, {"a6ef29e91209424fedd37719b9a3efff": ["0", "a2dp.Vol.main"]}, {"a6ef29e91209424fedd37719b9a3efff": ["0", "a2dp.Vol.main"]}, {"a6ef29e91209424fedd37719b9a3efff": ["0", "a2dp.Vol.main"]}, {"a6ef29e91209424fedd37719b9a3efff": ["0", "a2dp.Vol.main"]}, {"a6ef29e91209424fedd37719b9a3efff": ["0", "a2dp.Vol.main"]}, {"a6ef29e91209424fedd37719b9a3efff": ["0", "a2dp.Vol.main"]}, {"a6ef29e91209424fedd37719b9a3efff": ["0", "a2dp.Vol.main"]}, {"a6ef29e91209424fedd37719b9a3efff": ["0", "a2dp.Vol.main"]}, {"a6ef29e91209424fedd37719b9a3efff": ["0", "a2dp.Vol.main"]}, {"a6ef29e91209424fedd37719b9a3efff": ["0", "a2dp.Vol.main"]}, {"a6ef29e91209424fedd37719b9a3efff": ["0", "a2dp.Vol.main"]}, {"81091b58697b2b24f338002575d07f7e": ["1", "a2dp.Vol.main"]}, {"a6ef29e91209424fedd37719b9a3efff": ["0", "a2dp.Vol.main"]}, {"81091b58697b2b24f338002575d07f7e": ["1", "a2dp.Vol.main"]}, {"cd7618c120ba4595da64536eafb6dcde": ["8", "a2dp.Vol.EditDevice"]}, {"cd7618c120ba4595da64536eafb6dcde": ["8", "a2dp.Vol.EditDevice"]}, {"0c86a596803587cac0e6adf0ed792cbd": ["16", "a2dp.Vol.EditDevice"]}, {"b2a5c87ebe77622afe39938d902f37d7": ["15", "a2dp.Vol.EditDevice"]}, {"a6ef29e91209424fedd37719b9a3efff": ["0", "a2dp.Vol.main"]}, {"81091b58697b2b24f338002575d07f7e": ["1", "a2dp.Vol.main"]}, {"a6ef29e91209424fedd37719b9a3efff": ["0", "a2dp.Vol.main"]}, {"81091b58697b2b24f338002575d07f7e": ["1", "a2dp.Vol.main"]}, {"a6ef29e91209424fedd37719b9a3efff": ["0", "a2dp.Vol.main"]}, {"81091b58697b2b24f338002575d07f7e": ["1", "a2dp.Vol.main"]}, {"a6ef29e91209424fedd37719b9a3efff": ["0", "a2dp.Vol.main"]}, {"a6ef29e91209424fedd37719b9a3efff": ["0", "a2dp.Vol.main"]}, {"a6ef29e91209424fedd37719b9a3efff": ["0", "a2dp.Vol.main"]}, {"81091b58697b2b24f338002575d07f7e": ["1", "a2dp.Vol.main"]}, {"a6ef29e91209424fedd37719b9a3efff": ["0", "a2dp.Vol.main"]}, {"a6ef29e91209424fedd37719b9a3efff": ["0", "a2dp.Vol.main"]}, {"a6ef29e91209424fedd37719b9a3efff": ["0", "a2dp.Vol.main"]}, {"a6ef29e91209424fedd37719b9a3efff": ["0", "a2dp.Vol.main"]}, {"a6ef29e91209424fedd37719b9a3efff": ["0", "a2dp.Vol.main"]}, {"81091b58697b2b24f338002575d07f7e": ["1", "a2dp.Vol.main"]}, {"a6ef29e91209424fedd37719b9a3efff": ["0", "a2dp.Vol.main"]}, {"a6ef29e91209424fedd37719b9a3efff": ["0", "a2dp.Vol.main"]}, {"a6ef29e91209424fedd37719b9a3efff": ["0", "a2dp.Vol.main"]}, {"81091b58697b2b24f338002575d07f7e": ["1", "a2dp.Vol.main"]}, {"0c86a596803587cac0e6adf0ed792cbd": ["16", "a2dp.Vol.EditDevice"]}, {"a6ef29e91209424fedd37719b9a3efff": ["0", "a2dp.Vol.main"]}, {"81091b58697b2b24f338002575d07f7e": ["1", "a2dp.Vol.main"]}, {"b2a5c87ebe77622afe39938d902f37d7": ["15", "a2dp.Vol.EditDevice"]}, {"3804555c899958266d780f165ef3d9ad": ["14", "a2dp.Vol.EditDevice"]}, {"0c86a596803587cac0e6adf0ed792cbd": ["16", "a2dp.Vol.EditDevice"]}, {"a6ef29e91209424fedd37719b9a3efff": ["0", "a2dp.Vol.main"]}, {"a6ef29e91209424fedd37719b9a3efff": ["0", "a2dp.Vol.main"]}, {"81091b58697b2b24f338002575d07f7e": ["1", "a2dp.Vol.main"]}, {"a6ef29e91209424fedd37719b9a3efff": ["0", "a2dp.Vol.main"]}, {"a6ef29e91209424fedd37719b9a3efff": ["0", "a2dp.Vol.main"]}, {"a6ef29e91209424fedd37719b9a3efff": ["0", "a2dp.Vol.main"]}, {"81091b58697b2b24f338002575d07f7e": ["1", "a2dp.Vol.main"]}, {"b2a5c87ebe77622afe39938d902f37d7": ["15", "a2dp.Vol.EditDevice"]}, {"b2a5c87ebe77622afe39938d902f37d7": ["15", "a2dp.Vol.EditDevice"]}, {"b2a5c87ebe77622afe39938d902f37d7": ["15", "a2dp.Vol.EditDevice"]}, {"5244e12989824fd63edb9070dbe0f4d9": ["6", "a2dp.Vol.EditDevice"]}, {"b2a5c87ebe77622afe39938d902f37d7": ["15", "a2dp.Vol.EditDevice"]}, {"c19ffdfeaabf15bb6e92b0141aa48ea8": ["4", "a2dp.Vol.EditDevice"]}, {"c19ffdfeaabf15bb6e92b0141aa48ea8": ["4", "a2dp.Vol.EditDevice"]}, {"0c86a596803587cac0e6adf0ed792cbd": ["16", "a2dp.Vol.EditDevice"]}, {"0c86a596803587cac0e6adf0ed792cbd": ["16", "a2dp.Vol.EditDevice"]}, {"3804555c899958266d780f165ef3d9ad": ["14", "a2dp.Vol.EditDevice"]}, {"0c86a596803587cac0e6adf0ed792cbd": ["16", "a2dp.Vol.EditDevice"]}, {"3804555c899958266d780f165ef3d9ad": ["14", "a2dp.Vol.EditDevice"]}, {"0c86a596803587cac0e6adf0ed792cbd": ["16", "a2dp.Vol.EditDevice"]}, {"0c86a596803587cac0e6adf0ed792cbd": ["16", "a2dp.Vol.EditDevice"]}, {"5244e12989824fd63edb9070dbe0f4d9": ["6", "a2dp.Vol.EditDevice"]}, {"0c86a596803587cac0e6adf0ed792cbd": ["16", "a2dp.Vol.EditDevice"]}, {"5244e12989824fd63edb9070dbe0f4d9": ["6", "a2dp.Vol.EditDevice"]}, {"b1d3010c7f8a1eb6f2a4c2ca0ad232a8": ["100", "a2dp.Vol.EditDevice"]}, {"4f0f818f67cd00649afd15d391eda010": ["10", "a2dp.Vol.EditDevice"]}, {"77065da92f39f9b4b56c687c4b70361a": ["17", "a2dp.Vol.AppChooser"]}, {"077e09dba6d6c38ba27ba8a339e88818": ["25", "a2dp.Vol.EditDevice"]}, {"a6ef29e91209424fedd37719b9a3efff": ["0", "a2dp.Vol.main"]}, {"a6ef29e91209424fedd37719b9a3efff": ["0", "a2dp.Vol.main"]}, {"81091b58697b2b24f338002575d07f7e": ["1", "a2dp.Vol.main"]}, {"a6ef29e91209424fedd37719b9a3efff": ["0", "a2dp.Vol.main"]}, {"a6ef29e91209424fedd37719b9a3efff": ["0", "a2dp.Vol.main"]}, {"a6ef29e91209424fedd37719b9a3efff": ["0", "a2dp.Vol.main"]}, {"a6ef29e91209424fedd37719b9a3efff": ["0", "a2dp.Vol.main"]}, {"a6ef29e91209424fedd37719b9a3efff": ["0", "a2dp.Vol.main"]}, {"a6ef29e91209424fedd37719b9a3efff": ["0", "a2dp.Vol.main"]}, {"a6ef29e91209424fedd37719b9a3efff": ["0", "a2dp.Vol.main"]}, {"81091b58697b2b24f338002575d07f7e": ["1", "a2dp.Vol.main"]}, {"a6ef29e91209424fedd37719b9a3efff": ["0", "a2dp.Vol.main"]}, {"81091b58697b2b24f338002575d07f7e": ["1", "a2dp.Vol.main"]}, {"0c86a596803587cac0e6adf0ed792cbd": ["16", "a2dp.Vol.EditDevice"]}, {"4f0f818f67cd00649afd15d391eda010": ["10", "a2dp.Vol.EditDevice"]}]