[{"5b7b9970d7921678db8488ddfd9081eb": ["19", "org.jtb.alogcat.LogActivity"]}, {"5b7b9970d7921678db8488ddfd9081eb": ["19", "org.jtb.alogcat.LogActivity"]}, {"f572063c04cdeb4020465a66a951c094": ["12", "org.jtb.alogcat.LogActivity"]}, {"af4b0a182149d1cdf913860034223343": ["18", "org.jtb.alogcat.LogActivity"]}, {"af4b0a182149d1cdf913860034223343": ["18", "org.jtb.alogcat.LogActivity"]}, {"af4b0a182149d1cdf913860034223343": ["18", "org.jtb.alogcat.LogActivity"]}, {"b61ec79352049b785714d494c6bf9e1d": ["0", "org.jtb.alogcat.LogActivity"]}, {"dd6c03fbf5b7a8d366c79133f6bdf448": ["17", "org.jtb.alogcat.LogActivity"]}, {"dd6c03fbf5b7a8d366c79133f6bdf448": ["17", "org.jtb.alogcat.LogActivity"]}, {"f572063c04cdeb4020465a66a951c094": ["12", "org.jtb.alogcat.LogActivity"]}, {"dd6c03fbf5b7a8d366c79133f6bdf448": ["17", "org.jtb.alogcat.LogActivity"]}, {"dd6c03fbf5b7a8d366c79133f6bdf448": ["17", "org.jtb.alogcat.LogActivity"]}, {"dd6c03fbf5b7a8d366c79133f6bdf448": ["17", "org.jtb.alogcat.LogActivity"]}, {"dd6c03fbf5b7a8d366c79133f6bdf448": ["17", "org.jtb.alogcat.LogActivity"]}, {"f572063c04cdeb4020465a66a951c094": ["12", "org.jtb.alogcat.LogActivity"]}, {"dd6c03fbf5b7a8d366c79133f6bdf448": ["17", "org.jtb.alogcat.LogActivity"]}, {"af4b0a182149d1cdf913860034223343": ["18", "org.jtb.alogcat.LogActivity"]}, {"af4b0a182149d1cdf913860034223343": ["18", "org.jtb.alogcat.LogActivity"]}, {"b61ec79352049b785714d494c6bf9e1d": ["0", "org.jtb.alogcat.LogActivity"]}, {"f572063c04cdeb4020465a66a951c094": ["12", "org.jtb.alogcat.LogActivity"]}, {"af4b0a182149d1cdf913860034223343": ["18", "org.jtb.alogcat.LogActivity"]}, {"dd6c03fbf5b7a8d366c79133f6bdf448": ["17", "org.jtb.alogcat.LogActivity"]}, {"dd6c03fbf5b7a8d366c79133f6bdf448": ["17", "org.jtb.alogcat.LogActivity"]}, {"f62038c80fc8029d5d3759e85863dc88": ["8", "org.jtb.alogcat.LogActivity"]}, {"af4b0a182149d1cdf913860034223343": ["18", "org.jtb.alogcat.LogActivity"]}, {"af4b0a182149d1cdf913860034223343": ["18", "org.jtb.alogcat.LogActivity"]}, {"dd6c03fbf5b7a8d366c79133f6bdf448": ["17", "org.jtb.alogcat.LogActivity"]}, {"f572063c04cdeb4020465a66a951c094": ["12", "org.jtb.alogcat.LogActivity"]}, {"f572063c04cdeb4020465a66a951c094": ["12", "org.jtb.alogcat.LogActivity"]}, {"b61ec79352049b785714d494c6bf9e1d": ["0", "org.jtb.alogcat.LogActivity"]}, {"f572063c04cdeb4020465a66a951c094": ["12", "org.jtb.alogcat.LogActivity"]}, {"dd6c03fbf5b7a8d366c79133f6bdf448": ["17", "org.jtb.alogcat.LogActivity"]}, {"dd6c03fbf5b7a8d366c79133f6bdf448": ["17", "org.jtb.alogcat.LogActivity"]}, {"dd6c03fbf5b7a8d366c79133f6bdf448": ["17", "org.jtb.alogcat.LogActivity"]}, {"af4b0a182149d1cdf913860034223343": ["18", "org.jtb.alogcat.LogActivity"]}, {"dd6c03fbf5b7a8d366c79133f6bdf448": ["17", "org.jtb.alogcat.LogActivity"]}, {"b61ec79352049b785714d494c6bf9e1d": ["0", "org.jtb.alogcat.LogActivity"]}, {"fc49c6fd6506aa1916e5f948da777996": ["1", "org.jtb.alogcat.PrefsActivity"]}, {"fc49c6fd6506aa1916e5f948da777996": ["1", "org.jtb.alogcat.PrefsActivity"]}, {"423b9ded68d0141aafab8bae247118cc": ["3", "org.jtb.alogcat.PrefsActivity"]}, {"fc49c6fd6506aa1916e5f948da777996": ["1", "org.jtb.alogcat.PrefsActivity"]}, {"6408f226e1777a6f9745a78f263ac789": ["4", "org.jtb.alogcat.PrefsActivity"]}, {"fc49c6fd6506aa1916e5f948da777996": ["1", "org.jtb.alogcat.PrefsActivity"]}, {"fc49c6fd6506aa1916e5f948da777996": ["1", "org.jtb.alogcat.PrefsActivity"]}, {"423b9ded68d0141aafab8bae247118cc": ["3", "org.jtb.alogcat.PrefsActivity"]}, {"fc49c6fd6506aa1916e5f948da777996": ["1", "org.jtb.alogcat.PrefsActivity"]}, {"423b9ded68d0141aafab8bae247118cc": ["3", "org.jtb.alogcat.PrefsActivity"]}, {"fc49c6fd6506aa1916e5f948da777996": ["1", "org.jtb.alogcat.PrefsActivity"]}, {"fc49c6fd6506aa1916e5f948da777996": ["1", "org.jtb.alogcat.PrefsActivity"]}, {"423b9ded68d0141aafab8bae247118cc": ["3", "org.jtb.alogcat.PrefsActivity"]}, {"fc49c6fd6506aa1916e5f948da777996": ["1", "org.jtb.alogcat.PrefsActivity"]}, {"423b9ded68d0141aafab8bae247118cc": ["3", "org.jtb.alogcat.PrefsActivity"]}, {"fc49c6fd6506aa1916e5f948da777996": ["1", "org.jtb.alogcat.PrefsActivity"]}, {"fc49c6fd6506aa1916e5f948da777996": ["1", "org.jtb.alogcat.PrefsActivity"]}, {"423b9ded68d0141aafab8bae247118cc": ["3", "org.jtb.alogcat.PrefsActivity"]}, {"fc49c6fd6506aa1916e5f948da777996": ["1", "org.jtb.alogcat.PrefsActivity"]}, {"423b9ded68d0141aafab8bae247118cc": ["3", "org.jtb.alogcat.PrefsActivity"]}, {"fc49c6fd6506aa1916e5f948da777996": ["1", "org.jtb.alogcat.PrefsActivity"]}, {"fc49c6fd6506aa1916e5f948da777996": ["1", "org.jtb.alogcat.PrefsActivity"]}, {"fc49c6fd6506aa1916e5f948da777996": ["1", "org.jtb.alogcat.PrefsActivity"]}, {"7de14a47bfa0e8dea4a60f0483131a4a": ["16", "org.jtb.alogcat.LogActivity"]}, {"7de14a47bfa0e8dea4a60f0483131a4a": ["16", "org.jtb.alogcat.LogActivity"]}, {"7de14a47bfa0e8dea4a60f0483131a4a": ["16", "org.jtb.alogcat.LogActivity"]}, {"7de14a47bfa0e8dea4a60f0483131a4a": ["16", "org.jtb.alogcat.LogActivity"]}, {"7de14a47bfa0e8dea4a60f0483131a4a": ["16", "org.jtb.alogcat.LogActivity"]}, {"b61ec79352049b785714d494c6bf9e1d": ["0", "org.jtb.alogcat.LogActivity"]}, {"7de14a47bfa0e8dea4a60f0483131a4a": ["16", "org.jtb.alogcat.LogActivity"]}, {"7de14a47bfa0e8dea4a60f0483131a4a": ["16", "org.jtb.alogcat.LogActivity"]}, {"7de14a47bfa0e8dea4a60f0483131a4a": ["16", "org.jtb.alogcat.LogActivity"]}, {"7de14a47bfa0e8dea4a60f0483131a4a": ["16", "org.jtb.alogcat.LogActivity"]}, {"7de14a47bfa0e8dea4a60f0483131a4a": ["16", "org.jtb.alogcat.LogActivity"]}, {"7de14a47bfa0e8dea4a60f0483131a4a": ["16", "org.jtb.alogcat.LogActivity"]}, {"7de14a47bfa0e8dea4a60f0483131a4a": ["16", "org.jtb.alogcat.LogActivity"]}, {"7de14a47bfa0e8dea4a60f0483131a4a": ["16", "org.jtb.alogcat.LogActivity"]}, {"7de14a47bfa0e8dea4a60f0483131a4a": ["16", "org.jtb.alogcat.LogActivity"]}, {"7de14a47bfa0e8dea4a60f0483131a4a": ["16", "org.jtb.alogcat.LogActivity"]}, {"7de14a47bfa0e8dea4a60f0483131a4a": ["16", "org.jtb.alogcat.LogActivity"]}, {"7de14a47bfa0e8dea4a60f0483131a4a": ["16", "org.jtb.alogcat.LogActivity"]}, {"b61ec79352049b785714d494c6bf9e1d": ["0", "org.jtb.alogcat.LogActivity"]}, {"7de14a47bfa0e8dea4a60f0483131a4a": ["16", "org.jtb.alogcat.LogActivity"]}, {"7de14a47bfa0e8dea4a60f0483131a4a": ["16", "org.jtb.alogcat.LogActivity"]}, {"7de14a47bfa0e8dea4a60f0483131a4a": ["16", "org.jtb.alogcat.LogActivity"]}, {"7de14a47bfa0e8dea4a60f0483131a4a": ["16", "org.jtb.alogcat.LogActivity"]}, {"7de14a47bfa0e8dea4a60f0483131a4a": ["16", "org.jtb.alogcat.LogActivity"]}, {"7de14a47bfa0e8dea4a60f0483131a4a": ["16", "org.jtb.alogcat.LogActivity"]}, {"7de14a47bfa0e8dea4a60f0483131a4a": ["16", "org.jtb.alogcat.LogActivity"]}, {"7de14a47bfa0e8dea4a60f0483131a4a": ["16", "org.jtb.alogcat.LogActivity"]}, {"7de14a47bfa0e8dea4a60f0483131a4a": ["16", "org.jtb.alogcat.LogActivity"]}, {"7de14a47bfa0e8dea4a60f0483131a4a": ["16", "org.jtb.alogcat.LogActivity"]}, {"b61ec79352049b785714d494c6bf9e1d": ["0", "org.jtb.alogcat.LogActivity"]}, {"7de14a47bfa0e8dea4a60f0483131a4a": ["16", "org.jtb.alogcat.LogActivity"]}, {"7de14a47bfa0e8dea4a60f0483131a4a": ["16", "org.jtb.alogcat.LogActivity"]}, {"7de14a47bfa0e8dea4a60f0483131a4a": ["16", "org.jtb.alogcat.LogActivity"]}, {"b61ec79352049b785714d494c6bf9e1d": ["0", "org.jtb.alogcat.LogActivity"]}, {"fc49c6fd6506aa1916e5f948da777996": ["1", "org.jtb.alogcat.PrefsActivity"]}, {"fc49c6fd6506aa1916e5f948da777996": ["1", "org.jtb.alogcat.PrefsActivity"]}, {"423b9ded68d0141aafab8bae247118cc": ["3", "org.jtb.alogcat.PrefsActivity"]}, {"fc49c6fd6506aa1916e5f948da777996": ["1", "org.jtb.alogcat.PrefsActivity"]}, {"fc49c6fd6506aa1916e5f948da777996": ["1", "org.jtb.alogcat.PrefsActivity"]}, {"fc49c6fd6506aa1916e5f948da777996": ["1", "org.jtb.alogcat.PrefsActivity"]}, {"fc49c6fd6506aa1916e5f948da777996": ["1", "org.jtb.alogcat.PrefsActivity"]}, {"fc49c6fd6506aa1916e5f948da777996": ["1", "org.jtb.alogcat.PrefsActivity"]}, {"423b9ded68d0141aafab8bae247118cc": ["3", "org.jtb.alogcat.PrefsActivity"]}, {"fc49c6fd6506aa1916e5f948da777996": ["1", "org.jtb.alogcat.PrefsActivity"]}, {"fc49c6fd6506aa1916e5f948da777996": ["1", "org.jtb.alogcat.PrefsActivity"]}, {"7de14a47bfa0e8dea4a60f0483131a4a": ["16", "org.jtb.alogcat.LogActivity"]}, {"7de14a47bfa0e8dea4a60f0483131a4a": ["16", "org.jtb.alogcat.LogActivity"]}, {"7de14a47bfa0e8dea4a60f0483131a4a": ["16", "org.jtb.alogcat.LogActivity"]}, {"7de14a47bfa0e8dea4a60f0483131a4a": ["16", "org.jtb.alogcat.LogActivity"]}, {"7de14a47bfa0e8dea4a60f0483131a4a": ["16", "org.jtb.alogcat.LogActivity"]}, {"b61ec79352049b785714d494c6bf9e1d": ["0", "org.jtb.alogcat.LogActivity"]}, {"7de14a47bfa0e8dea4a60f0483131a4a": ["16", "org.jtb.alogcat.LogActivity"]}, {"7de14a47bfa0e8dea4a60f0483131a4a": ["16", "org.jtb.alogcat.LogActivity"]}, {"7de14a47bfa0e8dea4a60f0483131a4a": ["16", "org.jtb.alogcat.LogActivity"]}, {"7de14a47bfa0e8dea4a60f0483131a4a": ["16", "org.jtb.alogcat.LogActivity"]}, {"7de14a47bfa0e8dea4a60f0483131a4a": ["16", "org.jtb.alogcat.LogActivity"]}, {"b61ec79352049b785714d494c6bf9e1d": ["0", "org.jtb.alogcat.LogActivity"]}, {"7de14a47bfa0e8dea4a60f0483131a4a": ["16", "org.jtb.alogcat.LogActivity"]}, {"7de14a47bfa0e8dea4a60f0483131a4a": ["16", "org.jtb.alogcat.LogActivity"]}, {"7de14a47bfa0e8dea4a60f0483131a4a": ["16", "org.jtb.alogcat.LogActivity"]}, {"7de14a47bfa0e8dea4a60f0483131a4a": ["16", "org.jtb.alogcat.LogActivity"]}, {"7de14a47bfa0e8dea4a60f0483131a4a": ["16", "org.jtb.alogcat.LogActivity"]}, {"7de14a47bfa0e8dea4a60f0483131a4a": ["16", "org.jtb.alogcat.LogActivity"]}, {"7de14a47bfa0e8dea4a60f0483131a4a": ["16", "org.jtb.alogcat.LogActivity"]}, {"7de14a47bfa0e8dea4a60f0483131a4a": ["16", "org.jtb.alogcat.LogActivity"]}, {"7de14a47bfa0e8dea4a60f0483131a4a": ["16", "org.jtb.alogcat.LogActivity"]}, {"7de14a47bfa0e8dea4a60f0483131a4a": ["16", "org.jtb.alogcat.LogActivity"]}, {"b61ec79352049b785714d494c6bf9e1d": ["0", "org.jtb.alogcat.LogActivity"]}, {"7de14a47bfa0e8dea4a60f0483131a4a": ["16", "org.jtb.alogcat.LogActivity"]}, {"7de14a47bfa0e8dea4a60f0483131a4a": ["16", "org.jtb.alogcat.LogActivity"]}, {"7de14a47bfa0e8dea4a60f0483131a4a": ["16", "org.jtb.alogcat.LogActivity"]}, {"7de14a47bfa0e8dea4a60f0483131a4a": ["16", "org.jtb.alogcat.LogActivity"]}, {"b61ec79352049b785714d494c6bf9e1d": ["0", "org.jtb.alogcat.LogActivity"]}, {"fc49c6fd6506aa1916e5f948da777996": ["1", "org.jtb.alogcat.PrefsActivity"]}, {"fc49c6fd6506aa1916e5f948da777996": ["1", "org.jtb.alogcat.PrefsActivity"]}, {"423b9ded68d0141aafab8bae247118cc": ["3", "org.jtb.alogcat.PrefsActivity"]}, {"fc49c6fd6506aa1916e5f948da777996": ["1", "org.jtb.alogcat.PrefsActivity"]}, {"423b9ded68d0141aafab8bae247118cc": ["3", "org.jtb.alogcat.PrefsActivity"]}, {"fc49c6fd6506aa1916e5f948da777996": ["1", "org.jtb.alogcat.PrefsActivity"]}, {"fc49c6fd6506aa1916e5f948da777996": ["1", "org.jtb.alogcat.PrefsActivity"]}, {"423b9ded68d0141aafab8bae247118cc": ["3", "org.jtb.alogcat.PrefsActivity"]}, {"fc49c6fd6506aa1916e5f948da777996": ["1", "org.jtb.alogcat.PrefsActivity"]}, {"fc49c6fd6506aa1916e5f948da777996": ["1", "org.jtb.alogcat.PrefsActivity"]}, {"fc49c6fd6506aa1916e5f948da777996": ["1", "org.jtb.alogcat.PrefsActivity"]}, {"423b9ded68d0141aafab8bae247118cc": ["3", "org.jtb.alogcat.PrefsActivity"]}, {"fc49c6fd6506aa1916e5f948da777996": ["1", "org.jtb.alogcat.PrefsActivity"]}, {"423b9ded68d0141aafab8bae247118cc": ["3", "org.jtb.alogcat.PrefsActivity"]}, {"fc49c6fd6506aa1916e5f948da777996": ["1", "org.jtb.alogcat.PrefsActivity"]}, {"fc49c6fd6506aa1916e5f948da777996": ["1", "org.jtb.alogcat.PrefsActivity"]}, {"6408f226e1777a6f9745a78f263ac789": ["4", "org.jtb.alogcat.PrefsActivity"]}, {"fc49c6fd6506aa1916e5f948da777996": ["1", "org.jtb.alogcat.PrefsActivity"]}, {"fc49c6fd6506aa1916e5f948da777996": ["1", "org.jtb.alogcat.PrefsActivity"]}, {"6408f226e1777a6f9745a78f263ac789": ["4", "org.jtb.alogcat.PrefsActivity"]}, {"fc49c6fd6506aa1916e5f948da777996": ["1", "org.jtb.alogcat.PrefsActivity"]}, {"fc49c6fd6506aa1916e5f948da777996": ["1", "org.jtb.alogcat.PrefsActivity"]}, {"6408f226e1777a6f9745a78f263ac789": ["4", "org.jtb.alogcat.PrefsActivity"]}, {"fc49c6fd6506aa1916e5f948da777996": ["1", "org.jtb.alogcat.PrefsActivity"]}, {"d9e85a52319eb7901bef0aa256f4a8f2": ["2", "org.jtb.alogcat.PrefsActivity"]}, {"fc49c6fd6506aa1916e5f948da777996": ["1", "org.jtb.alogcat.PrefsActivity"]}, {"6408f226e1777a6f9745a78f263ac789": ["4", "org.jtb.alogcat.PrefsActivity"]}, {"fc49c6fd6506aa1916e5f948da777996": ["1", "org.jtb.alogcat.PrefsActivity"]}, {"fc49c6fd6506aa1916e5f948da777996": ["1", "org.jtb.alogcat.PrefsActivity"]}, {"fc49c6fd6506aa1916e5f948da777996": ["1", "org.jtb.alogcat.PrefsActivity"]}, {"423b9ded68d0141aafab8bae247118cc": ["3", "org.jtb.alogcat.PrefsActivity"]}, {"fc49c6fd6506aa1916e5f948da777996": ["1", "org.jtb.alogcat.PrefsActivity"]}, {"423b9ded68d0141aafab8bae247118cc": ["3", "org.jtb.alogcat.PrefsActivity"]}, {"fc49c6fd6506aa1916e5f948da777996": ["1", "org.jtb.alogcat.PrefsActivity"]}, {"fc49c6fd6506aa1916e5f948da777996": ["1", "org.jtb.alogcat.PrefsActivity"]}, {"6408f226e1777a6f9745a78f263ac789": ["4", "org.jtb.alogcat.PrefsActivity"]}, {"fc49c6fd6506aa1916e5f948da777996": ["1", "org.jtb.alogcat.PrefsActivity"]}, {"fc49c6fd6506aa1916e5f948da777996": ["1", "org.jtb.alogcat.PrefsActivity"]}, {"423b9ded68d0141aafab8bae247118cc": ["3", "org.jtb.alogcat.PrefsActivity"]}, {"fc49c6fd6506aa1916e5f948da777996": ["1", "org.jtb.alogcat.PrefsActivity"]}, {"423b9ded68d0141aafab8bae247118cc": ["3", "org.jtb.alogcat.PrefsActivity"]}, {"fc49c6fd6506aa1916e5f948da777996": ["1", "org.jtb.alogcat.PrefsActivity"]}, {"423b9ded68d0141aafab8bae247118cc": ["3", "org.jtb.alogcat.PrefsActivity"]}, {"fc49c6fd6506aa1916e5f948da777996": ["1", "org.jtb.alogcat.PrefsActivity"]}, {"fc49c6fd6506aa1916e5f948da777996": ["1", "org.jtb.alogcat.PrefsActivity"]}, {"d9e85a52319eb7901bef0aa256f4a8f2": ["2", "org.jtb.alogcat.PrefsActivity"]}, {"fc49c6fd6506aa1916e5f948da777996": ["1", "org.jtb.alogcat.PrefsActivity"]}, {"423b9ded68d0141aafab8bae247118cc": ["3", "org.jtb.alogcat.PrefsActivity"]}, {"fc49c6fd6506aa1916e5f948da777996": ["1", "org.jtb.alogcat.PrefsActivity"]}, {"423b9ded68d0141aafab8bae247118cc": ["3", "org.jtb.alogcat.PrefsActivity"]}, {"fc49c6fd6506aa1916e5f948da777996": ["1", "org.jtb.alogcat.PrefsActivity"]}, {"6408f226e1777a6f9745a78f263ac789": ["4", "org.jtb.alogcat.PrefsActivity"]}, {"6408f226e1777a6f9745a78f263ac789": ["4", "org.jtb.alogcat.PrefsActivity"]}, {"fc49c6fd6506aa1916e5f948da777996": ["1", "org.jtb.alogcat.PrefsActivity"]}, {"fc49c6fd6506aa1916e5f948da777996": ["1", "org.jtb.alogcat.PrefsActivity"]}, {"423b9ded68d0141aafab8bae247118cc": ["3", "org.jtb.alogcat.PrefsActivity"]}, {"423b9ded68d0141aafab8bae247118cc": ["3", "org.jtb.alogcat.PrefsActivity"]}, {"fc49c6fd6506aa1916e5f948da777996": ["1", "org.jtb.alogcat.PrefsActivity"]}, {"423b9ded68d0141aafab8bae247118cc": ["3", "org.jtb.alogcat.PrefsActivity"]}, {"fc49c6fd6506aa1916e5f948da777996": ["1", "org.jtb.alogcat.PrefsActivity"]}, {"d9e85a52319eb7901bef0aa256f4a8f2": ["2", "org.jtb.alogcat.PrefsActivity"]}, {"fc49c6fd6506aa1916e5f948da777996": ["1", "org.jtb.alogcat.PrefsActivity"]}, {"423b9ded68d0141aafab8bae247118cc": ["3", "org.jtb.alogcat.PrefsActivity"]}, {"fc49c6fd6506aa1916e5f948da777996": ["1", "org.jtb.alogcat.PrefsActivity"]}, {"fc49c6fd6506aa1916e5f948da777996": ["1", "org.jtb.alogcat.PrefsActivity"]}, {"fc49c6fd6506aa1916e5f948da777996": ["1", "org.jtb.alogcat.PrefsActivity"]}, {"fc49c6fd6506aa1916e5f948da777996": ["1", "org.jtb.alogcat.PrefsActivity"]}, {"423b9ded68d0141aafab8bae247118cc": ["3", "org.jtb.alogcat.PrefsActivity"]}, {"fc49c6fd6506aa1916e5f948da777996": ["1", "org.jtb.alogcat.PrefsActivity"]}, {"d9e85a52319eb7901bef0aa256f4a8f2": ["2", "org.jtb.alogcat.PrefsActivity"]}, {"fc49c6fd6506aa1916e5f948da777996": ["1", "org.jtb.alogcat.PrefsActivity"]}, {"6408f226e1777a6f9745a78f263ac789": ["4", "org.jtb.alogcat.PrefsActivity"]}, {"fc49c6fd6506aa1916e5f948da777996": ["1", "org.jtb.alogcat.PrefsActivity"]}, {"6408f226e1777a6f9745a78f263ac789": ["4", "org.jtb.alogcat.PrefsActivity"]}, {"fc49c6fd6506aa1916e5f948da777996": ["1", "org.jtb.alogcat.PrefsActivity"]}, {"d9e85a52319eb7901bef0aa256f4a8f2": ["2", "org.jtb.alogcat.PrefsActivity"]}, {"fc49c6fd6506aa1916e5f948da777996": ["1", "org.jtb.alogcat.PrefsActivity"]}, {"fc49c6fd6506aa1916e5f948da777996": ["1", "org.jtb.alogcat.PrefsActivity"]}, {"7de14a47bfa0e8dea4a60f0483131a4a": ["16", "org.jtb.alogcat.LogActivity"]}, {"7de14a47bfa0e8dea4a60f0483131a4a": ["16", "org.jtb.alogcat.LogActivity"]}, {"7de14a47bfa0e8dea4a60f0483131a4a": ["16", "org.jtb.alogcat.LogActivity"]}, {"7de14a47bfa0e8dea4a60f0483131a4a": ["16", "org.jtb.alogcat.LogActivity"]}, {"7de14a47bfa0e8dea4a60f0483131a4a": ["16", "org.jtb.alogcat.LogActivity"]}, {"7de14a47bfa0e8dea4a60f0483131a4a": ["16", "org.jtb.alogcat.LogActivity"]}, {"b61ec79352049b785714d494c6bf9e1d": ["0", "org.jtb.alogcat.LogActivity"]}, {"7de14a47bfa0e8dea4a60f0483131a4a": ["16", "org.jtb.alogcat.LogActivity"]}, {"7de14a47bfa0e8dea4a60f0483131a4a": ["16", "org.jtb.alogcat.LogActivity"]}, {"7de14a47bfa0e8dea4a60f0483131a4a": ["16", "org.jtb.alogcat.LogActivity"]}, {"7de14a47bfa0e8dea4a60f0483131a4a": ["16", "org.jtb.alogcat.LogActivity"]}, {"7de14a47bfa0e8dea4a60f0483131a4a": ["16", "org.jtb.alogcat.LogActivity"]}, {"7de14a47bfa0e8dea4a60f0483131a4a": ["16", "org.jtb.alogcat.LogActivity"]}, {"7de14a47bfa0e8dea4a60f0483131a4a": ["16", "org.jtb.alogcat.LogActivity"]}, {"7de14a47bfa0e8dea4a60f0483131a4a": ["16", "org.jtb.alogcat.LogActivity"]}, {"b61ec79352049b785714d494c6bf9e1d": ["0", "org.jtb.alogcat.LogActivity"]}, {"7de14a47bfa0e8dea4a60f0483131a4a": ["16", "org.jtb.alogcat.LogActivity"]}, {"7de14a47bfa0e8dea4a60f0483131a4a": ["16", "org.jtb.alogcat.LogActivity"]}, {"7de14a47bfa0e8dea4a60f0483131a4a": ["16", "org.jtb.alogcat.LogActivity"]}, {"b61ec79352049b785714d494c6bf9e1d": ["0", "org.jtb.alogcat.LogActivity"]}, {"7de14a47bfa0e8dea4a60f0483131a4a": ["16", "org.jtb.alogcat.LogActivity"]}, {"7de14a47bfa0e8dea4a60f0483131a4a": ["16", "org.jtb.alogcat.LogActivity"]}, {"7de14a47bfa0e8dea4a60f0483131a4a": ["16", "org.jtb.alogcat.LogActivity"]}, {"7de14a47bfa0e8dea4a60f0483131a4a": ["16", "org.jtb.alogcat.LogActivity"]}, {"7de14a47bfa0e8dea4a60f0483131a4a": ["16", "org.jtb.alogcat.LogActivity"]}, {"7de14a47bfa0e8dea4a60f0483131a4a": ["16", "org.jtb.alogcat.LogActivity"]}, {"7de14a47bfa0e8dea4a60f0483131a4a": ["16", "org.jtb.alogcat.LogActivity"]}, {"7de14a47bfa0e8dea4a60f0483131a4a": ["16", "org.jtb.alogcat.LogActivity"]}, {"7de14a47bfa0e8dea4a60f0483131a4a": ["16", "org.jtb.alogcat.LogActivity"]}, {"b61ec79352049b785714d494c6bf9e1d": ["0", "org.jtb.alogcat.LogActivity"]}, {"7de14a47bfa0e8dea4a60f0483131a4a": ["16", "org.jtb.alogcat.LogActivity"]}, {"7de14a47bfa0e8dea4a60f0483131a4a": ["16", "org.jtb.alogcat.LogActivity"]}, {"7de14a47bfa0e8dea4a60f0483131a4a": ["16", "org.jtb.alogcat.LogActivity"]}, {"b61ec79352049b785714d494c6bf9e1d": ["0", "org.jtb.alogcat.LogActivity"]}, {"7de14a47bfa0e8dea4a60f0483131a4a": ["16", "org.jtb.alogcat.LogActivity"]}, {"7de14a47bfa0e8dea4a60f0483131a4a": ["16", "org.jtb.alogcat.LogActivity"]}, {"7de14a47bfa0e8dea4a60f0483131a4a": ["16", "org.jtb.alogcat.LogActivity"]}, {"b61ec79352049b785714d494c6bf9e1d": ["0", "org.jtb.alogcat.LogActivity"]}, {"7de14a47bfa0e8dea4a60f0483131a4a": ["16", "org.jtb.alogcat.LogActivity"]}, {"7de14a47bfa0e8dea4a60f0483131a4a": ["16", "org.jtb.alogcat.LogActivity"]}, {"7de14a47bfa0e8dea4a60f0483131a4a": ["16", "org.jtb.alogcat.LogActivity"]}, {"7de14a47bfa0e8dea4a60f0483131a4a": ["16", "org.jtb.alogcat.LogActivity"]}, {"7de14a47bfa0e8dea4a60f0483131a4a": ["16", "org.jtb.alogcat.LogActivity"]}, {"7de14a47bfa0e8dea4a60f0483131a4a": ["16", "org.jtb.alogcat.LogActivity"]}, {"7de14a47bfa0e8dea4a60f0483131a4a": ["16", "org.jtb.alogcat.LogActivity"]}, {"7de14a47bfa0e8dea4a60f0483131a4a": ["16", "org.jtb.alogcat.LogActivity"]}, {"7de14a47bfa0e8dea4a60f0483131a4a": ["16", "org.jtb.alogcat.LogActivity"]}, {"7de14a47bfa0e8dea4a60f0483131a4a": ["16", "org.jtb.alogcat.LogActivity"]}, {"7de14a47bfa0e8dea4a60f0483131a4a": ["16", "org.jtb.alogcat.LogActivity"]}, {"7de14a47bfa0e8dea4a60f0483131a4a": ["16", "org.jtb.alogcat.LogActivity"]}, {"b61ec79352049b785714d494c6bf9e1d": ["0", "org.jtb.alogcat.LogActivity"]}, {"7de14a47bfa0e8dea4a60f0483131a4a": ["16", "org.jtb.alogcat.LogActivity"]}, {"7de14a47bfa0e8dea4a60f0483131a4a": ["16", "org.jtb.alogcat.LogActivity"]}, {"7de14a47bfa0e8dea4a60f0483131a4a": ["16", "org.jtb.alogcat.LogActivity"]}, {"7de14a47bfa0e8dea4a60f0483131a4a": ["16", "org.jtb.alogcat.LogActivity"]}, {"b61ec79352049b785714d494c6bf9e1d": ["0", "org.jtb.alogcat.LogActivity"]}, {"7de14a47bfa0e8dea4a60f0483131a4a": ["16", "org.jtb.alogcat.LogActivity"]}, {"7de14a47bfa0e8dea4a60f0483131a4a": ["16", "org.jtb.alogcat.LogActivity"]}, {"7de14a47bfa0e8dea4a60f0483131a4a": ["16", "org.jtb.alogcat.LogActivity"]}, {"7de14a47bfa0e8dea4a60f0483131a4a": ["16", "org.jtb.alogcat.LogActivity"]}, {"c9501069ce5a6aebee7a01417bf1b304": ["27", "org.jtb.alogcat.LogActivity"]}, {"7de14a47bfa0e8dea4a60f0483131a4a": ["16", "org.jtb.alogcat.LogActivity"]}, {"7de14a47bfa0e8dea4a60f0483131a4a": ["16", "org.jtb.alogcat.LogActivity"]}, {"7de14a47bfa0e8dea4a60f0483131a4a": ["16", "org.jtb.alogcat.LogActivity"]}, {"7de14a47bfa0e8dea4a60f0483131a4a": ["16", "org.jtb.alogcat.LogActivity"]}, {"7de14a47bfa0e8dea4a60f0483131a4a": ["16", "org.jtb.alogcat.LogActivity"]}, {"7de14a47bfa0e8dea4a60f0483131a4a": ["16", "org.jtb.alogcat.LogActivity"]}, {"7de14a47bfa0e8dea4a60f0483131a4a": ["16", "org.jtb.alogcat.LogActivity"]}, {"b61ec79352049b785714d494c6bf9e1d": ["0", "org.jtb.alogcat.LogActivity"]}, {"7de14a47bfa0e8dea4a60f0483131a4a": ["16", "org.jtb.alogcat.LogActivity"]}, {"7de14a47bfa0e8dea4a60f0483131a4a": ["16", "org.jtb.alogcat.LogActivity"]}, {"7de14a47bfa0e8dea4a60f0483131a4a": ["16", "org.jtb.alogcat.LogActivity"]}, {"7de14a47bfa0e8dea4a60f0483131a4a": ["16", "org.jtb.alogcat.LogActivity"]}, {"7de14a47bfa0e8dea4a60f0483131a4a": ["16", "org.jtb.alogcat.LogActivity"]}, {"7de14a47bfa0e8dea4a60f0483131a4a": ["16", "org.jtb.alogcat.LogActivity"]}, {"b61ec79352049b785714d494c6bf9e1d": ["0", "org.jtb.alogcat.LogActivity"]}, {"fc49c6fd6506aa1916e5f948da777996": ["1", "org.jtb.alogcat.PrefsActivity"]}, {"fc49c6fd6506aa1916e5f948da777996": ["1", "org.jtb.alogcat.PrefsActivity"]}, {"423b9ded68d0141aafab8bae247118cc": ["3", "org.jtb.alogcat.PrefsActivity"]}, {"fc49c6fd6506aa1916e5f948da777996": ["1", "org.jtb.alogcat.PrefsActivity"]}, {"fc49c6fd6506aa1916e5f948da777996": ["1", "org.jtb.alogcat.PrefsActivity"]}, {"7de14a47bfa0e8dea4a60f0483131a4a": ["16", "org.jtb.alogcat.LogActivity"]}, {"7de14a47bfa0e8dea4a60f0483131a4a": ["16", "org.jtb.alogcat.LogActivity"]}, {"7de14a47bfa0e8dea4a60f0483131a4a": ["16", "org.jtb.alogcat.LogActivity"]}, {"7de14a47bfa0e8dea4a60f0483131a4a": ["16", "org.jtb.alogcat.LogActivity"]}, {"7de14a47bfa0e8dea4a60f0483131a4a": ["16", "org.jtb.alogcat.LogActivity"]}, {"7de14a47bfa0e8dea4a60f0483131a4a": ["16", "org.jtb.alogcat.LogActivity"]}, {"7de14a47bfa0e8dea4a60f0483131a4a": ["16", "org.jtb.alogcat.LogActivity"]}, {"7de14a47bfa0e8dea4a60f0483131a4a": ["16", "org.jtb.alogcat.LogActivity"]}, {"7de14a47bfa0e8dea4a60f0483131a4a": ["16", "org.jtb.alogcat.LogActivity"]}, {"7de14a47bfa0e8dea4a60f0483131a4a": ["16", "org.jtb.alogcat.LogActivity"]}, {"7de14a47bfa0e8dea4a60f0483131a4a": ["16", "org.jtb.alogcat.LogActivity"]}, {"7de14a47bfa0e8dea4a60f0483131a4a": ["16", "org.jtb.alogcat.LogActivity"]}, {"7de14a47bfa0e8dea4a60f0483131a4a": ["16", "org.jtb.alogcat.LogActivity"]}, {"7de14a47bfa0e8dea4a60f0483131a4a": ["16", "org.jtb.alogcat.LogActivity"]}, {"7de14a47bfa0e8dea4a60f0483131a4a": ["16", "org.jtb.alogcat.LogActivity"]}, {"7de14a47bfa0e8dea4a60f0483131a4a": ["16", "org.jtb.alogcat.LogActivity"]}, {"7de14a47bfa0e8dea4a60f0483131a4a": ["16", "org.jtb.alogcat.LogActivity"]}, {"7de14a47bfa0e8dea4a60f0483131a4a": ["16", "org.jtb.alogcat.LogActivity"]}, {"7de14a47bfa0e8dea4a60f0483131a4a": ["16", "org.jtb.alogcat.LogActivity"]}, {"7de14a47bfa0e8dea4a60f0483131a4a": ["16", "org.jtb.alogcat.LogActivity"]}, {"b61ec79352049b785714d494c6bf9e1d": ["0", "org.jtb.alogcat.LogActivity"]}, {"fc49c6fd6506aa1916e5f948da777996": ["1", "org.jtb.alogcat.PrefsActivity"]}, {"6408f226e1777a6f9745a78f263ac789": ["4", "org.jtb.alogcat.PrefsActivity"]}, {"fc49c6fd6506aa1916e5f948da777996": ["1", "org.jtb.alogcat.PrefsActivity"]}, {"fc49c6fd6506aa1916e5f948da777996": ["1", "org.jtb.alogcat.PrefsActivity"]}, {"fc49c6fd6506aa1916e5f948da777996": ["1", "org.jtb.alogcat.PrefsActivity"]}, {"fc49c6fd6506aa1916e5f948da777996": ["1", "org.jtb.alogcat.PrefsActivity"]}, {"fc49c6fd6506aa1916e5f948da777996": ["1", "org.jtb.alogcat.PrefsActivity"]}, {"fc49c6fd6506aa1916e5f948da777996": ["1", "org.jtb.alogcat.PrefsActivity"]}, {"fc49c6fd6506aa1916e5f948da777996": ["1", "org.jtb.alogcat.PrefsActivity"]}, {"fc49c6fd6506aa1916e5f948da777996": ["1", "org.jtb.alogcat.PrefsActivity"]}, {"423b9ded68d0141aafab8bae247118cc": ["3", "org.jtb.alogcat.PrefsActivity"]}, {"fc49c6fd6506aa1916e5f948da777996": ["1", "org.jtb.alogcat.PrefsActivity"]}, {"fc49c6fd6506aa1916e5f948da777996": ["1", "org.jtb.alogcat.PrefsActivity"]}, {"423b9ded68d0141aafab8bae247118cc": ["3", "org.jtb.alogcat.PrefsActivity"]}, {"fc49c6fd6506aa1916e5f948da777996": ["1", "org.jtb.alogcat.PrefsActivity"]}, {"fc49c6fd6506aa1916e5f948da777996": ["1", "org.jtb.alogcat.PrefsActivity"]}, {"fc49c6fd6506aa1916e5f948da777996": ["1", "org.jtb.alogcat.PrefsActivity"]}, {"423b9ded68d0141aafab8bae247118cc": ["3", "org.jtb.alogcat.PrefsActivity"]}, {"fc49c6fd6506aa1916e5f948da777996": ["1", "org.jtb.alogcat.PrefsActivity"]}, {"423b9ded68d0141aafab8bae247118cc": ["3", "org.jtb.alogcat.PrefsActivity"]}, {"fc49c6fd6506aa1916e5f948da777996": ["1", "org.jtb.alogcat.PrefsActivity"]}, {"6408f226e1777a6f9745a78f263ac789": ["4", "org.jtb.alogcat.PrefsActivity"]}, {"fc49c6fd6506aa1916e5f948da777996": ["1", "org.jtb.alogcat.PrefsActivity"]}, {"fc49c6fd6506aa1916e5f948da777996": ["1", "org.jtb.alogcat.PrefsActivity"]}, {"fc49c6fd6506aa1916e5f948da777996": ["1", "org.jtb.alogcat.PrefsActivity"]}, {"fc49c6fd6506aa1916e5f948da777996": ["1", "org.jtb.alogcat.PrefsActivity"]}, {"d9e85a52319eb7901bef0aa256f4a8f2": ["2", "org.jtb.alogcat.PrefsActivity"]}, {"7de14a47bfa0e8dea4a60f0483131a4a": ["16", "org.jtb.alogcat.LogActivity"]}, {"7de14a47bfa0e8dea4a60f0483131a4a": ["16", "org.jtb.alogcat.LogActivity"]}, {"7de14a47bfa0e8dea4a60f0483131a4a": ["16", "org.jtb.alogcat.LogActivity"]}, {"7de14a47bfa0e8dea4a60f0483131a4a": ["16", "org.jtb.alogcat.LogActivity"]}, {"7de14a47bfa0e8dea4a60f0483131a4a": ["16", "org.jtb.alogcat.LogActivity"]}, {"7de14a47bfa0e8dea4a60f0483131a4a": ["16", "org.jtb.alogcat.LogActivity"]}, {"7de14a47bfa0e8dea4a60f0483131a4a": ["16", "org.jtb.alogcat.LogActivity"]}, {"7de14a47bfa0e8dea4a60f0483131a4a": ["16", "org.jtb.alogcat.LogActivity"]}, {"7de14a47bfa0e8dea4a60f0483131a4a": ["16", "org.jtb.alogcat.LogActivity"]}, {"7de14a47bfa0e8dea4a60f0483131a4a": ["16", "org.jtb.alogcat.LogActivity"]}, {"7de14a47bfa0e8dea4a60f0483131a4a": ["16", "org.jtb.alogcat.LogActivity"]}, {"7de14a47bfa0e8dea4a60f0483131a4a": ["16", "org.jtb.alogcat.LogActivity"]}, {"7de14a47bfa0e8dea4a60f0483131a4a": ["16", "org.jtb.alogcat.LogActivity"]}, {"7de14a47bfa0e8dea4a60f0483131a4a": ["16", "org.jtb.alogcat.LogActivity"]}, {"7de14a47bfa0e8dea4a60f0483131a4a": ["16", "org.jtb.alogcat.LogActivity"]}, {"7de14a47bfa0e8dea4a60f0483131a4a": ["16", "org.jtb.alogcat.LogActivity"]}, {"7de14a47bfa0e8dea4a60f0483131a4a": ["16", "org.jtb.alogcat.LogActivity"]}, {"7de14a47bfa0e8dea4a60f0483131a4a": ["16", "org.jtb.alogcat.LogActivity"]}, {"7de14a47bfa0e8dea4a60f0483131a4a": ["16", "org.jtb.alogcat.LogActivity"]}, {"7de14a47bfa0e8dea4a60f0483131a4a": ["16", "org.jtb.alogcat.LogActivity"]}, {"b61ec79352049b785714d494c6bf9e1d": ["0", "org.jtb.alogcat.LogActivity"]}, {"7de14a47bfa0e8dea4a60f0483131a4a": ["16", "org.jtb.alogcat.LogActivity"]}, {"7de14a47bfa0e8dea4a60f0483131a4a": ["16", "org.jtb.alogcat.LogActivity"]}, {"7de14a47bfa0e8dea4a60f0483131a4a": ["16", "org.jtb.alogcat.LogActivity"]}, {"7de14a47bfa0e8dea4a60f0483131a4a": ["16", "org.jtb.alogcat.LogActivity"]}, {"7de14a47bfa0e8dea4a60f0483131a4a": ["16", "org.jtb.alogcat.LogActivity"]}, {"7de14a47bfa0e8dea4a60f0483131a4a": ["16", "org.jtb.alogcat.LogActivity"]}, {"7de14a47bfa0e8dea4a60f0483131a4a": ["16", "org.jtb.alogcat.LogActivity"]}, {"7de14a47bfa0e8dea4a60f0483131a4a": ["16", "org.jtb.alogcat.LogActivity"]}, {"7de14a47bfa0e8dea4a60f0483131a4a": ["16", "org.jtb.alogcat.LogActivity"]}, {"7de14a47bfa0e8dea4a60f0483131a4a": ["16", "org.jtb.alogcat.LogActivity"]}, {"7de14a47bfa0e8dea4a60f0483131a4a": ["16", "org.jtb.alogcat.LogActivity"]}, {"7de14a47bfa0e8dea4a60f0483131a4a": ["16", "org.jtb.alogcat.LogActivity"]}, {"7de14a47bfa0e8dea4a60f0483131a4a": ["16", "org.jtb.alogcat.LogActivity"]}, {"7de14a47bfa0e8dea4a60f0483131a4a": ["16", "org.jtb.alogcat.LogActivity"]}, {"b61ec79352049b785714d494c6bf9e1d": ["0", "org.jtb.alogcat.LogActivity"]}, {"7de14a47bfa0e8dea4a60f0483131a4a": ["16", "org.jtb.alogcat.LogActivity"]}, {"7de14a47bfa0e8dea4a60f0483131a4a": ["16", "org.jtb.alogcat.LogActivity"]}, {"7de14a47bfa0e8dea4a60f0483131a4a": ["16", "org.jtb.alogcat.LogActivity"]}, {"7de14a47bfa0e8dea4a60f0483131a4a": ["16", "org.jtb.alogcat.LogActivity"]}, {"7de14a47bfa0e8dea4a60f0483131a4a": ["16", "org.jtb.alogcat.LogActivity"]}, {"7de14a47bfa0e8dea4a60f0483131a4a": ["16", "org.jtb.alogcat.LogActivity"]}, {"7de14a47bfa0e8dea4a60f0483131a4a": ["16", "org.jtb.alogcat.LogActivity"]}, {"7de14a47bfa0e8dea4a60f0483131a4a": ["16", "org.jtb.alogcat.LogActivity"]}, {"7de14a47bfa0e8dea4a60f0483131a4a": ["16", "org.jtb.alogcat.LogActivity"]}, {"b61ec79352049b785714d494c6bf9e1d": ["0", "org.jtb.alogcat.LogActivity"]}, {"7de14a47bfa0e8dea4a60f0483131a4a": ["16", "org.jtb.alogcat.LogActivity"]}, {"7de14a47bfa0e8dea4a60f0483131a4a": ["16", "org.jtb.alogcat.LogActivity"]}, {"7de14a47bfa0e8dea4a60f0483131a4a": ["16", "org.jtb.alogcat.LogActivity"]}, {"b61ec79352049b785714d494c6bf9e1d": ["0", "org.jtb.alogcat.LogActivity"]}, {"fc49c6fd6506aa1916e5f948da777996": ["1", "org.jtb.alogcat.PrefsActivity"]}, {"6408f226e1777a6f9745a78f263ac789": ["4", "org.jtb.alogcat.PrefsActivity"]}, {"fc49c6fd6506aa1916e5f948da777996": ["1", "org.jtb.alogcat.PrefsActivity"]}, {"fc49c6fd6506aa1916e5f948da777996": ["1", "org.jtb.alogcat.PrefsActivity"]}, {"6408f226e1777a6f9745a78f263ac789": ["4", "org.jtb.alogcat.PrefsActivity"]}, {"fc49c6fd6506aa1916e5f948da777996": ["1", "org.jtb.alogcat.PrefsActivity"]}, {"fc49c6fd6506aa1916e5f948da777996": ["1", "org.jtb.alogcat.PrefsActivity"]}, {"fc49c6fd6506aa1916e5f948da777996": ["1", "org.jtb.alogcat.PrefsActivity"]}, {"d9e85a52319eb7901bef0aa256f4a8f2": ["2", "org.jtb.alogcat.PrefsActivity"]}, {"fc49c6fd6506aa1916e5f948da777996": ["1", "org.jtb.alogcat.PrefsActivity"]}, {"fc49c6fd6506aa1916e5f948da777996": ["1", "org.jtb.alogcat.PrefsActivity"]}, {"fc49c6fd6506aa1916e5f948da777996": ["1", "org.jtb.alogcat.PrefsActivity"]}, {"d9e85a52319eb7901bef0aa256f4a8f2": ["2", "org.jtb.alogcat.PrefsActivity"]}, {"fc49c6fd6506aa1916e5f948da777996": ["1", "org.jtb.alogcat.PrefsActivity"]}, {"fc49c6fd6506aa1916e5f948da777996": ["1", "org.jtb.alogcat.PrefsActivity"]}, {"fc49c6fd6506aa1916e5f948da777996": ["1", "org.jtb.alogcat.PrefsActivity"]}, {"423b9ded68d0141aafab8bae247118cc": ["3", "org.jtb.alogcat.PrefsActivity"]}, {"fc49c6fd6506aa1916e5f948da777996": ["1", "org.jtb.alogcat.PrefsActivity"]}, {"d9e85a52319eb7901bef0aa256f4a8f2": ["2", "org.jtb.alogcat.PrefsActivity"]}, {"fc49c6fd6506aa1916e5f948da777996": ["1", "org.jtb.alogcat.PrefsActivity"]}, {"fc49c6fd6506aa1916e5f948da777996": ["1", "org.jtb.alogcat.PrefsActivity"]}, {"423b9ded68d0141aafab8bae247118cc": ["3", "org.jtb.alogcat.PrefsActivity"]}, {"fc49c6fd6506aa1916e5f948da777996": ["1", "org.jtb.alogcat.PrefsActivity"]}, {"fc49c6fd6506aa1916e5f948da777996": ["1", "org.jtb.alogcat.PrefsActivity"]}, {"423b9ded68d0141aafab8bae247118cc": ["3", "org.jtb.alogcat.PrefsActivity"]}, {"fc49c6fd6506aa1916e5f948da777996": ["1", "org.jtb.alogcat.PrefsActivity"]}, {"fc49c6fd6506aa1916e5f948da777996": ["1", "org.jtb.alogcat.PrefsActivity"]}, {"423b9ded68d0141aafab8bae247118cc": ["3", "org.jtb.alogcat.PrefsActivity"]}, {"fc49c6fd6506aa1916e5f948da777996": ["1", "org.jtb.alogcat.PrefsActivity"]}, {"423b9ded68d0141aafab8bae247118cc": ["3", "org.jtb.alogcat.PrefsActivity"]}, {"fc49c6fd6506aa1916e5f948da777996": ["1", "org.jtb.alogcat.PrefsActivity"]}, {"fc49c6fd6506aa1916e5f948da777996": ["1", "org.jtb.alogcat.PrefsActivity"]}, {"fc49c6fd6506aa1916e5f948da777996": ["1", "org.jtb.alogcat.PrefsActivity"]}, {"423b9ded68d0141aafab8bae247118cc": ["3", "org.jtb.alogcat.PrefsActivity"]}, {"fc49c6fd6506aa1916e5f948da777996": ["1", "org.jtb.alogcat.PrefsActivity"]}, {"fc49c6fd6506aa1916e5f948da777996": ["1", "org.jtb.alogcat.PrefsActivity"]}, {"fc49c6fd6506aa1916e5f948da777996": ["1", "org.jtb.alogcat.PrefsActivity"]}, {"fc49c6fd6506aa1916e5f948da777996": ["1", "org.jtb.alogcat.PrefsActivity"]}, {"423b9ded68d0141aafab8bae247118cc": ["3", "org.jtb.alogcat.PrefsActivity"]}, {"fc49c6fd6506aa1916e5f948da777996": ["1", "org.jtb.alogcat.PrefsActivity"]}, {"423b9ded68d0141aafab8bae247118cc": ["3", "org.jtb.alogcat.PrefsActivity"]}, {"fc49c6fd6506aa1916e5f948da777996": ["1", "org.jtb.alogcat.PrefsActivity"]}, {"d9e85a52319eb7901bef0aa256f4a8f2": ["2", "org.jtb.alogcat.PrefsActivity"]}, {"fc49c6fd6506aa1916e5f948da777996": ["1", "org.jtb.alogcat.PrefsActivity"]}, {"423b9ded68d0141aafab8bae247118cc": ["3", "org.jtb.alogcat.PrefsActivity"]}, {"fc49c6fd6506aa1916e5f948da777996": ["1", "org.jtb.alogcat.PrefsActivity"]}, {"d9e85a52319eb7901bef0aa256f4a8f2": ["2", "org.jtb.alogcat.PrefsActivity"]}, {"fc49c6fd6506aa1916e5f948da777996": ["1", "org.jtb.alogcat.PrefsActivity"]}, {"423b9ded68d0141aafab8bae247118cc": ["3", "org.jtb.alogcat.PrefsActivity"]}, {"fc49c6fd6506aa1916e5f948da777996": ["1", "org.jtb.alogcat.PrefsActivity"]}, {"fc49c6fd6506aa1916e5f948da777996": ["1", "org.jtb.alogcat.PrefsActivity"]}, {"423b9ded68d0141aafab8bae247118cc": ["3", "org.jtb.alogcat.PrefsActivity"]}, {"fc49c6fd6506aa1916e5f948da777996": ["1", "org.jtb.alogcat.PrefsActivity"]}, {"fc49c6fd6506aa1916e5f948da777996": ["1", "org.jtb.alogcat.PrefsActivity"]}, {"6408f226e1777a6f9745a78f263ac789": ["4", "org.jtb.alogcat.PrefsActivity"]}, {"fc49c6fd6506aa1916e5f948da777996": ["1", "org.jtb.alogcat.PrefsActivity"]}, {"423b9ded68d0141aafab8bae247118cc": ["3", "org.jtb.alogcat.PrefsActivity"]}, {"fc49c6fd6506aa1916e5f948da777996": ["1", "org.jtb.alogcat.PrefsActivity"]}, {"d9e85a52319eb7901bef0aa256f4a8f2": ["2", "org.jtb.alogcat.PrefsActivity"]}, {"fc49c6fd6506aa1916e5f948da777996": ["1", "org.jtb.alogcat.PrefsActivity"]}, {"fc49c6fd6506aa1916e5f948da777996": ["1", "org.jtb.alogcat.PrefsActivity"]}, {"d9e85a52319eb7901bef0aa256f4a8f2": ["2", "org.jtb.alogcat.PrefsActivity"]}, {"fc49c6fd6506aa1916e5f948da777996": ["1", "org.jtb.alogcat.PrefsActivity"]}, {"fc49c6fd6506aa1916e5f948da777996": ["1", "org.jtb.alogcat.PrefsActivity"]}, {"fc49c6fd6506aa1916e5f948da777996": ["1", "org.jtb.alogcat.PrefsActivity"]}, {"fc49c6fd6506aa1916e5f948da777996": ["1", "org.jtb.alogcat.PrefsActivity"]}, {"fc49c6fd6506aa1916e5f948da777996": ["1", "org.jtb.alogcat.PrefsActivity"]}, {"423b9ded68d0141aafab8bae247118cc": ["3", "org.jtb.alogcat.PrefsActivity"]}, {"fc49c6fd6506aa1916e5f948da777996": ["1", "org.jtb.alogcat.PrefsActivity"]}, {"423b9ded68d0141aafab8bae247118cc": ["3", "org.jtb.alogcat.PrefsActivity"]}, {"fc49c6fd6506aa1916e5f948da777996": ["1", "org.jtb.alogcat.PrefsActivity"]}, {"fc49c6fd6506aa1916e5f948da777996": ["1", "org.jtb.alogcat.PrefsActivity"]}, {"423b9ded68d0141aafab8bae247118cc": ["3", "org.jtb.alogcat.PrefsActivity"]}, {"fc49c6fd6506aa1916e5f948da777996": ["1", "org.jtb.alogcat.PrefsActivity"]}, {"fc49c6fd6506aa1916e5f948da777996": ["1", "org.jtb.alogcat.PrefsActivity"]}, {"fc49c6fd6506aa1916e5f948da777996": ["1", "org.jtb.alogcat.PrefsActivity"]}, {"fc49c6fd6506aa1916e5f948da777996": ["1", "org.jtb.alogcat.PrefsActivity"]}, {"6408f226e1777a6f9745a78f263ac789": ["4", "org.jtb.alogcat.PrefsActivity"]}, {"fc49c6fd6506aa1916e5f948da777996": ["1", "org.jtb.alogcat.PrefsActivity"]}, {"fc49c6fd6506aa1916e5f948da777996": ["1", "org.jtb.alogcat.PrefsActivity"]}, {"fc49c6fd6506aa1916e5f948da777996": ["1", "org.jtb.alogcat.PrefsActivity"]}, {"fc49c6fd6506aa1916e5f948da777996": ["1", "org.jtb.alogcat.PrefsActivity"]}, {"fc49c6fd6506aa1916e5f948da777996": ["1", "org.jtb.alogcat.PrefsActivity"]}, {"fc49c6fd6506aa1916e5f948da777996": ["1", "org.jtb.alogcat.PrefsActivity"]}, {"fc49c6fd6506aa1916e5f948da777996": ["1", "org.jtb.alogcat.PrefsActivity"]}, {"fc49c6fd6506aa1916e5f948da777996": ["1", "org.jtb.alogcat.PrefsActivity"]}, {"fc49c6fd6506aa1916e5f948da777996": ["1", "org.jtb.alogcat.PrefsActivity"]}, {"fc49c6fd6506aa1916e5f948da777996": ["1", "org.jtb.alogcat.PrefsActivity"]}, {"d9e85a52319eb7901bef0aa256f4a8f2": ["2", "org.jtb.alogcat.PrefsActivity"]}, {"fc49c6fd6506aa1916e5f948da777996": ["1", "org.jtb.alogcat.PrefsActivity"]}, {"fc49c6fd6506aa1916e5f948da777996": ["1", "org.jtb.alogcat.PrefsActivity"]}, {"fc49c6fd6506aa1916e5f948da777996": ["1", "org.jtb.alogcat.PrefsActivity"]}, {"fc49c6fd6506aa1916e5f948da777996": ["1", "org.jtb.alogcat.PrefsActivity"]}, {"423b9ded68d0141aafab8bae247118cc": ["3", "org.jtb.alogcat.PrefsActivity"]}, {"fc49c6fd6506aa1916e5f948da777996": ["1", "org.jtb.alogcat.PrefsActivity"]}, {"fc49c6fd6506aa1916e5f948da777996": ["1", "org.jtb.alogcat.PrefsActivity"]}, {"423b9ded68d0141aafab8bae247118cc": ["3", "org.jtb.alogcat.PrefsActivity"]}, {"fc49c6fd6506aa1916e5f948da777996": ["1", "org.jtb.alogcat.PrefsActivity"]}, {"d9e85a52319eb7901bef0aa256f4a8f2": ["2", "org.jtb.alogcat.PrefsActivity"]}, {"fc49c6fd6506aa1916e5f948da777996": ["1", "org.jtb.alogcat.PrefsActivity"]}, {"fc49c6fd6506aa1916e5f948da777996": ["1", "org.jtb.alogcat.PrefsActivity"]}, {"d9e85a52319eb7901bef0aa256f4a8f2": ["2", "org.jtb.alogcat.PrefsActivity"]}, {"fc49c6fd6506aa1916e5f948da777996": ["1", "org.jtb.alogcat.PrefsActivity"]}, {"423b9ded68d0141aafab8bae247118cc": ["3", "org.jtb.alogcat.PrefsActivity"]}, {"fc49c6fd6506aa1916e5f948da777996": ["1", "org.jtb.alogcat.PrefsActivity"]}, {"423b9ded68d0141aafab8bae247118cc": ["3", "org.jtb.alogcat.PrefsActivity"]}, {"fc49c6fd6506aa1916e5f948da777996": ["1", "org.jtb.alogcat.PrefsActivity"]}, {"423b9ded68d0141aafab8bae247118cc": ["3", "org.jtb.alogcat.PrefsActivity"]}, {"fc49c6fd6506aa1916e5f948da777996": ["1", "org.jtb.alogcat.PrefsActivity"]}, {"423b9ded68d0141aafab8bae247118cc": ["3", "org.jtb.alogcat.PrefsActivity"]}, {"fc49c6fd6506aa1916e5f948da777996": ["1", "org.jtb.alogcat.PrefsActivity"]}, {"fc49c6fd6506aa1916e5f948da777996": ["1", "org.jtb.alogcat.PrefsActivity"]}, {"423b9ded68d0141aafab8bae247118cc": ["3", "org.jtb.alogcat.PrefsActivity"]}, {"fc49c6fd6506aa1916e5f948da777996": ["1", "org.jtb.alogcat.PrefsActivity"]}, {"fc49c6fd6506aa1916e5f948da777996": ["1", "org.jtb.alogcat.PrefsActivity"]}, {"6408f226e1777a6f9745a78f263ac789": ["4", "org.jtb.alogcat.PrefsActivity"]}, {"fc49c6fd6506aa1916e5f948da777996": ["1", "org.jtb.alogcat.PrefsActivity"]}, {"423b9ded68d0141aafab8bae247118cc": ["3", "org.jtb.alogcat.PrefsActivity"]}, {"fc49c6fd6506aa1916e5f948da777996": ["1", "org.jtb.alogcat.PrefsActivity"]}, {"fc49c6fd6506aa1916e5f948da777996": ["1", "org.jtb.alogcat.PrefsActivity"]}, {"fc49c6fd6506aa1916e5f948da777996": ["1", "org.jtb.alogcat.PrefsActivity"]}, {"6408f226e1777a6f9745a78f263ac789": ["4", "org.jtb.alogcat.PrefsActivity"]}, {"fc49c6fd6506aa1916e5f948da777996": ["1", "org.jtb.alogcat.PrefsActivity"]}, {"423b9ded68d0141aafab8bae247118cc": ["3", "org.jtb.alogcat.PrefsActivity"]}, {"fc49c6fd6506aa1916e5f948da777996": ["1", "org.jtb.alogcat.PrefsActivity"]}, {"6408f226e1777a6f9745a78f263ac789": ["4", "org.jtb.alogcat.PrefsActivity"]}, {"fc49c6fd6506aa1916e5f948da777996": ["1", "org.jtb.alogcat.PrefsActivity"]}, {"423b9ded68d0141aafab8bae247118cc": ["3", "org.jtb.alogcat.PrefsActivity"]}, {"fc49c6fd6506aa1916e5f948da777996": ["1", "org.jtb.alogcat.PrefsActivity"]}, {"fc49c6fd6506aa1916e5f948da777996": ["1", "org.jtb.alogcat.PrefsActivity"]}, {"fc49c6fd6506aa1916e5f948da777996": ["1", "org.jtb.alogcat.PrefsActivity"]}, {"fc49c6fd6506aa1916e5f948da777996": ["1", "org.jtb.alogcat.PrefsActivity"]}, {"423b9ded68d0141aafab8bae247118cc": ["3", "org.jtb.alogcat.PrefsActivity"]}, {"fc49c6fd6506aa1916e5f948da777996": ["1", "org.jtb.alogcat.PrefsActivity"]}, {"6408f226e1777a6f9745a78f263ac789": ["4", "org.jtb.alogcat.PrefsActivity"]}, {"fc49c6fd6506aa1916e5f948da777996": ["1", "org.jtb.alogcat.PrefsActivity"]}, {"fc49c6fd6506aa1916e5f948da777996": ["1", "org.jtb.alogcat.PrefsActivity"]}, {"423b9ded68d0141aafab8bae247118cc": ["3", "org.jtb.alogcat.PrefsActivity"]}, {"fc49c6fd6506aa1916e5f948da777996": ["1", "org.jtb.alogcat.PrefsActivity"]}, {"423b9ded68d0141aafab8bae247118cc": ["3", "org.jtb.alogcat.PrefsActivity"]}, {"fc49c6fd6506aa1916e5f948da777996": ["1", "org.jtb.alogcat.PrefsActivity"]}, {"423b9ded68d0141aafab8bae247118cc": ["3", "org.jtb.alogcat.PrefsActivity"]}, {"fc49c6fd6506aa1916e5f948da777996": ["1", "org.jtb.alogcat.PrefsActivity"]}, {"423b9ded68d0141aafab8bae247118cc": ["3", "org.jtb.alogcat.PrefsActivity"]}, {"fc49c6fd6506aa1916e5f948da777996": ["1", "org.jtb.alogcat.PrefsActivity"]}, {"fc49c6fd6506aa1916e5f948da777996": ["1", "org.jtb.alogcat.PrefsActivity"]}, {"fc49c6fd6506aa1916e5f948da777996": ["1", "org.jtb.alogcat.PrefsActivity"]}, {"423b9ded68d0141aafab8bae247118cc": ["3", "org.jtb.alogcat.PrefsActivity"]}, {"fc49c6fd6506aa1916e5f948da777996": ["1", "org.jtb.alogcat.PrefsActivity"]}, {"fc49c6fd6506aa1916e5f948da777996": ["1", "org.jtb.alogcat.PrefsActivity"]}, {"5a19f785016bcd5bf634e78d3df238aa": ["31", "org.jtb.alogcat.LogActivity"]}, {"5a19f785016bcd5bf634e78d3df238aa": ["31", "org.jtb.alogcat.LogActivity"]}, {"5a19f785016bcd5bf634e78d3df238aa": ["31", "org.jtb.alogcat.LogActivity"]}, {"5a19f785016bcd5bf634e78d3df238aa": ["31", "org.jtb.alogcat.LogActivity"]}, {"b61ec79352049b785714d494c6bf9e1d": ["0", "org.jtb.alogcat.LogActivity"]}, {"fc49c6fd6506aa1916e5f948da777996": ["1", "org.jtb.alogcat.PrefsActivity"]}, {"fc49c6fd6506aa1916e5f948da777996": ["1", "org.jtb.alogcat.PrefsActivity"]}, {"fc49c6fd6506aa1916e5f948da777996": ["1", "org.jtb.alogcat.PrefsActivity"]}, {"fc49c6fd6506aa1916e5f948da777996": ["1", "org.jtb.alogcat.PrefsActivity"]}, {"fc49c6fd6506aa1916e5f948da777996": ["1", "org.jtb.alogcat.PrefsActivity"]}, {"fc49c6fd6506aa1916e5f948da777996": ["1", "org.jtb.alogcat.PrefsActivity"]}, {"6408f226e1777a6f9745a78f263ac789": ["4", "org.jtb.alogcat.PrefsActivity"]}, {"fc49c6fd6506aa1916e5f948da777996": ["1", "org.jtb.alogcat.PrefsActivity"]}, {"fc49c6fd6506aa1916e5f948da777996": ["1", "org.jtb.alogcat.PrefsActivity"]}, {"6408f226e1777a6f9745a78f263ac789": ["4", "org.jtb.alogcat.PrefsActivity"]}, {"fc49c6fd6506aa1916e5f948da777996": ["1", "org.jtb.alogcat.PrefsActivity"]}, {"fc49c6fd6506aa1916e5f948da777996": ["1", "org.jtb.alogcat.PrefsActivity"]}, {"423b9ded68d0141aafab8bae247118cc": ["3", "org.jtb.alogcat.PrefsActivity"]}, {"fc49c6fd6506aa1916e5f948da777996": ["1", "org.jtb.alogcat.PrefsActivity"]}, {"fc49c6fd6506aa1916e5f948da777996": ["1", "org.jtb.alogcat.PrefsActivity"]}, {"fc49c6fd6506aa1916e5f948da777996": ["1", "org.jtb.alogcat.PrefsActivity"]}, {"423b9ded68d0141aafab8bae247118cc": ["3", "org.jtb.alogcat.PrefsActivity"]}, {"fc49c6fd6506aa1916e5f948da777996": ["1", "org.jtb.alogcat.PrefsActivity"]}, {"fc49c6fd6506aa1916e5f948da777996": ["1", "org.jtb.alogcat.PrefsActivity"]}, {"fc49c6fd6506aa1916e5f948da777996": ["1", "org.jtb.alogcat.PrefsActivity"]}, {"423b9ded68d0141aafab8bae247118cc": ["3", "org.jtb.alogcat.PrefsActivity"]}, {"fc49c6fd6506aa1916e5f948da777996": ["1", "org.jtb.alogcat.PrefsActivity"]}, {"fc49c6fd6506aa1916e5f948da777996": ["1", "org.jtb.alogcat.PrefsActivity"]}, {"fc49c6fd6506aa1916e5f948da777996": ["1", "org.jtb.alogcat.PrefsActivity"]}, {"fc49c6fd6506aa1916e5f948da777996": ["1", "org.jtb.alogcat.PrefsActivity"]}, {"423b9ded68d0141aafab8bae247118cc": ["3", "org.jtb.alogcat.PrefsActivity"]}, {"fc49c6fd6506aa1916e5f948da777996": ["1", "org.jtb.alogcat.PrefsActivity"]}, {"27e7108492e8f0e12bf105261cb06ad1": ["7", "org.jtb.alogcat.LogActivity"]}, {"b61ec79352049b785714d494c6bf9e1d": ["0", "org.jtb.alogcat.LogActivity"]}, {"a1cadff68941d3f0a94bc15c2e9a99d3": ["15", "org.jtb.alogcat.LogActivity"]}, {"af4b0a182149d1cdf913860034223343": ["18", "org.jtb.alogcat.LogActivity"]}, {"27e7108492e8f0e12bf105261cb06ad1": ["7", "org.jtb.alogcat.LogActivity"]}, {"b61ec79352049b785714d494c6bf9e1d": ["0", "org.jtb.alogcat.LogActivity"]}, {"fc49c6fd6506aa1916e5f948da777996": ["1", "org.jtb.alogcat.PrefsActivity"]}, {"423b9ded68d0141aafab8bae247118cc": ["3", "org.jtb.alogcat.PrefsActivity"]}, {"fc49c6fd6506aa1916e5f948da777996": ["1", "org.jtb.alogcat.PrefsActivity"]}, {"fc49c6fd6506aa1916e5f948da777996": ["1", "org.jtb.alogcat.PrefsActivity"]}, {"fc49c6fd6506aa1916e5f948da777996": ["1", "org.jtb.alogcat.PrefsActivity"]}, {"fc49c6fd6506aa1916e5f948da777996": ["1", "org.jtb.alogcat.PrefsActivity"]}, {"6408f226e1777a6f9745a78f263ac789": ["4", "org.jtb.alogcat.PrefsActivity"]}, {"fc49c6fd6506aa1916e5f948da777996": ["1", "org.jtb.alogcat.PrefsActivity"]}, {"fc49c6fd6506aa1916e5f948da777996": ["1", "org.jtb.alogcat.PrefsActivity"]}, {"d9e85a52319eb7901bef0aa256f4a8f2": ["2", "org.jtb.alogcat.PrefsActivity"]}, {"fc49c6fd6506aa1916e5f948da777996": ["1", "org.jtb.alogcat.PrefsActivity"]}, {"423b9ded68d0141aafab8bae247118cc": ["3", "org.jtb.alogcat.PrefsActivity"]}, {"fc49c6fd6506aa1916e5f948da777996": ["1", "org.jtb.alogcat.PrefsActivity"]}, {"fc49c6fd6506aa1916e5f948da777996": ["1", "org.jtb.alogcat.PrefsActivity"]}, {"fc49c6fd6506aa1916e5f948da777996": ["1", "org.jtb.alogcat.PrefsActivity"]}, {"fc49c6fd6506aa1916e5f948da777996": ["1", "org.jtb.alogcat.PrefsActivity"]}, {"fc49c6fd6506aa1916e5f948da777996": ["1", "org.jtb.alogcat.PrefsActivity"]}, {"d9e85a52319eb7901bef0aa256f4a8f2": ["2", "org.jtb.alogcat.PrefsActivity"]}, {"fc49c6fd6506aa1916e5f948da777996": ["1", "org.jtb.alogcat.PrefsActivity"]}, {"6408f226e1777a6f9745a78f263ac789": ["4", "org.jtb.alogcat.PrefsActivity"]}, {"fc49c6fd6506aa1916e5f948da777996": ["1", "org.jtb.alogcat.PrefsActivity"]}, {"fc49c6fd6506aa1916e5f948da777996": ["1", "org.jtb.alogcat.PrefsActivity"]}, {"423b9ded68d0141aafab8bae247118cc": ["3", "org.jtb.alogcat.PrefsActivity"]}, {"fc49c6fd6506aa1916e5f948da777996": ["1", "org.jtb.alogcat.PrefsActivity"]}, {"d9e85a52319eb7901bef0aa256f4a8f2": ["2", "org.jtb.alogcat.PrefsActivity"]}, {"fc49c6fd6506aa1916e5f948da777996": ["1", "org.jtb.alogcat.PrefsActivity"]}, {"fc49c6fd6506aa1916e5f948da777996": ["1", "org.jtb.alogcat.PrefsActivity"]}, {"fc49c6fd6506aa1916e5f948da777996": ["1", "org.jtb.alogcat.PrefsActivity"]}, {"fc49c6fd6506aa1916e5f948da777996": ["1", "org.jtb.alogcat.PrefsActivity"]}, {"6408f226e1777a6f9745a78f263ac789": ["4", "org.jtb.alogcat.PrefsActivity"]}, {"fc49c6fd6506aa1916e5f948da777996": ["1", "org.jtb.alogcat.PrefsActivity"]}, {"423b9ded68d0141aafab8bae247118cc": ["3", "org.jtb.alogcat.PrefsActivity"]}, {"fc49c6fd6506aa1916e5f948da777996": ["1", "org.jtb.alogcat.PrefsActivity"]}, {"d9e85a52319eb7901bef0aa256f4a8f2": ["2", "org.jtb.alogcat.PrefsActivity"]}, {"fc49c6fd6506aa1916e5f948da777996": ["1", "org.jtb.alogcat.PrefsActivity"]}, {"423b9ded68d0141aafab8bae247118cc": ["3", "org.jtb.alogcat.PrefsActivity"]}, {"fc49c6fd6506aa1916e5f948da777996": ["1", "org.jtb.alogcat.PrefsActivity"]}, {"6408f226e1777a6f9745a78f263ac789": ["4", "org.jtb.alogcat.PrefsActivity"]}, {"fc49c6fd6506aa1916e5f948da777996": ["1", "org.jtb.alogcat.PrefsActivity"]}, {"6408f226e1777a6f9745a78f263ac789": ["4", "org.jtb.alogcat.PrefsActivity"]}, {"fc49c6fd6506aa1916e5f948da777996": ["1", "org.jtb.alogcat.PrefsActivity"]}, {"d9e85a52319eb7901bef0aa256f4a8f2": ["2", "org.jtb.alogcat.PrefsActivity"]}, {"fc49c6fd6506aa1916e5f948da777996": ["1", "org.jtb.alogcat.PrefsActivity"]}, {"fc49c6fd6506aa1916e5f948da777996": ["1", "org.jtb.alogcat.PrefsActivity"]}, {"423b9ded68d0141aafab8bae247118cc": ["3", "org.jtb.alogcat.PrefsActivity"]}, {"fc49c6fd6506aa1916e5f948da777996": ["1", "org.jtb.alogcat.PrefsActivity"]}, {"d9e85a52319eb7901bef0aa256f4a8f2": ["2", "org.jtb.alogcat.PrefsActivity"]}, {"fc49c6fd6506aa1916e5f948da777996": ["1", "org.jtb.alogcat.PrefsActivity"]}, {"423b9ded68d0141aafab8bae247118cc": ["3", "org.jtb.alogcat.PrefsActivity"]}, {"fc49c6fd6506aa1916e5f948da777996": ["1", "org.jtb.alogcat.PrefsActivity"]}, {"423b9ded68d0141aafab8bae247118cc": ["3", "org.jtb.alogcat.PrefsActivity"]}, {"7de14a47bfa0e8dea4a60f0483131a4a": ["16", "org.jtb.alogcat.LogActivity"]}, {"6b932d3142d76b2b8ab0965444388582": ["6", "org.jtb.alogcat.LogActivity"]}, {"6b932d3142d76b2b8ab0965444388582": ["6", "org.jtb.alogcat.LogActivity"]}, {"b61ec79352049b785714d494c6bf9e1d": ["0", "org.jtb.alogcat.LogActivity"]}, {"b61ec79352049b785714d494c6bf9e1d": ["0", "org.jtb.alogcat.LogActivity"]}, {"fc49c6fd6506aa1916e5f948da777996": ["1", "org.jtb.alogcat.PrefsActivity"]}, {"fc49c6fd6506aa1916e5f948da777996": ["1", "org.jtb.alogcat.PrefsActivity"]}, {"fc49c6fd6506aa1916e5f948da777996": ["1", "org.jtb.alogcat.PrefsActivity"]}, {"fc49c6fd6506aa1916e5f948da777996": ["1", "org.jtb.alogcat.PrefsActivity"]}, {"fc49c6fd6506aa1916e5f948da777996": ["1", "org.jtb.alogcat.PrefsActivity"]}, {"d9e85a52319eb7901bef0aa256f4a8f2": ["2", "org.jtb.alogcat.PrefsActivity"]}, {"fc49c6fd6506aa1916e5f948da777996": ["1", "org.jtb.alogcat.PrefsActivity"]}, {"6408f226e1777a6f9745a78f263ac789": ["4", "org.jtb.alogcat.PrefsActivity"]}, {"fc49c6fd6506aa1916e5f948da777996": ["1", "org.jtb.alogcat.PrefsActivity"]}, {"fc49c6fd6506aa1916e5f948da777996": ["1", "org.jtb.alogcat.PrefsActivity"]}, {"fc49c6fd6506aa1916e5f948da777996": ["1", "org.jtb.alogcat.PrefsActivity"]}, {"fc49c6fd6506aa1916e5f948da777996": ["1", "org.jtb.alogcat.PrefsActivity"]}, {"fc49c6fd6506aa1916e5f948da777996": ["1", "org.jtb.alogcat.PrefsActivity"]}, {"fc49c6fd6506aa1916e5f948da777996": ["1", "org.jtb.alogcat.PrefsActivity"]}, {"fc49c6fd6506aa1916e5f948da777996": ["1", "org.jtb.alogcat.PrefsActivity"]}, {"423b9ded68d0141aafab8bae247118cc": ["3", "org.jtb.alogcat.PrefsActivity"]}, {"fc49c6fd6506aa1916e5f948da777996": ["1", "org.jtb.alogcat.PrefsActivity"]}, {"fc49c6fd6506aa1916e5f948da777996": ["1", "org.jtb.alogcat.PrefsActivity"]}, {"fc49c6fd6506aa1916e5f948da777996": ["1", "org.jtb.alogcat.PrefsActivity"]}, {"fc49c6fd6506aa1916e5f948da777996": ["1", "org.jtb.alogcat.PrefsActivity"]}, {"fc49c6fd6506aa1916e5f948da777996": ["1", "org.jtb.alogcat.PrefsActivity"]}, {"fc49c6fd6506aa1916e5f948da777996": ["1", "org.jtb.alogcat.PrefsActivity"]}, {"423b9ded68d0141aafab8bae247118cc": ["3", "org.jtb.alogcat.PrefsActivity"]}, {"fc49c6fd6506aa1916e5f948da777996": ["1", "org.jtb.alogcat.PrefsActivity"]}, {"fc49c6fd6506aa1916e5f948da777996": ["1", "org.jtb.alogcat.PrefsActivity"]}, {"d9e85a52319eb7901bef0aa256f4a8f2": ["2", "org.jtb.alogcat.PrefsActivity"]}, {"fc49c6fd6506aa1916e5f948da777996": ["1", "org.jtb.alogcat.PrefsActivity"]}, {"fc49c6fd6506aa1916e5f948da777996": ["1", "org.jtb.alogcat.PrefsActivity"]}, {"6408f226e1777a6f9745a78f263ac789": ["4", "org.jtb.alogcat.PrefsActivity"]}, {"fc49c6fd6506aa1916e5f948da777996": ["1", "org.jtb.alogcat.PrefsActivity"]}, {"fc49c6fd6506aa1916e5f948da777996": ["1", "org.jtb.alogcat.PrefsActivity"]}, {"fc49c6fd6506aa1916e5f948da777996": ["1", "org.jtb.alogcat.PrefsActivity"]}, {"423b9ded68d0141aafab8bae247118cc": ["3", "org.jtb.alogcat.PrefsActivity"]}, {"fc49c6fd6506aa1916e5f948da777996": ["1", "org.jtb.alogcat.PrefsActivity"]}, {"fc49c6fd6506aa1916e5f948da777996": ["1", "org.jtb.alogcat.PrefsActivity"]}, {"fc49c6fd6506aa1916e5f948da777996": ["1", "org.jtb.alogcat.PrefsActivity"]}, {"fc49c6fd6506aa1916e5f948da777996": ["1", "org.jtb.alogcat.PrefsActivity"]}, {"fc49c6fd6506aa1916e5f948da777996": ["1", "org.jtb.alogcat.PrefsActivity"]}, {"fc49c6fd6506aa1916e5f948da777996": ["1", "org.jtb.alogcat.PrefsActivity"]}, {"423b9ded68d0141aafab8bae247118cc": ["3", "org.jtb.alogcat.PrefsActivity"]}, {"fc49c6fd6506aa1916e5f948da777996": ["1", "org.jtb.alogcat.PrefsActivity"]}, {"fc49c6fd6506aa1916e5f948da777996": ["1", "org.jtb.alogcat.PrefsActivity"]}, {"fc49c6fd6506aa1916e5f948da777996": ["1", "org.jtb.alogcat.PrefsActivity"]}, {"6408f226e1777a6f9745a78f263ac789": ["4", "org.jtb.alogcat.PrefsActivity"]}, {"fc49c6fd6506aa1916e5f948da777996": ["1", "org.jtb.alogcat.PrefsActivity"]}, {"6408f226e1777a6f9745a78f263ac789": ["4", "org.jtb.alogcat.PrefsActivity"]}, {"fc49c6fd6506aa1916e5f948da777996": ["1", "org.jtb.alogcat.PrefsActivity"]}, {"423b9ded68d0141aafab8bae247118cc": ["3", "org.jtb.alogcat.PrefsActivity"]}, {"fc49c6fd6506aa1916e5f948da777996": ["1", "org.jtb.alogcat.PrefsActivity"]}, {"fc49c6fd6506aa1916e5f948da777996": ["1", "org.jtb.alogcat.PrefsActivity"]}, {"fc49c6fd6506aa1916e5f948da777996": ["1", "org.jtb.alogcat.PrefsActivity"]}, {"d9e85a52319eb7901bef0aa256f4a8f2": ["2", "org.jtb.alogcat.PrefsActivity"]}, {"fc49c6fd6506aa1916e5f948da777996": ["1", "org.jtb.alogcat.PrefsActivity"]}, {"7de14a47bfa0e8dea4a60f0483131a4a": ["16", "org.jtb.alogcat.LogActivity"]}, {"7de14a47bfa0e8dea4a60f0483131a4a": ["16", "org.jtb.alogcat.LogActivity"]}, {"7de14a47bfa0e8dea4a60f0483131a4a": ["16", "org.jtb.alogcat.LogActivity"]}, {"7de14a47bfa0e8dea4a60f0483131a4a": ["16", "org.jtb.alogcat.LogActivity"]}, {"b61ec79352049b785714d494c6bf9e1d": ["0", "org.jtb.alogcat.LogActivity"]}, {"5a19f785016bcd5bf634e78d3df238aa": ["31", "org.jtb.alogcat.LogActivity"]}, {"5a19f785016bcd5bf634e78d3df238aa": ["31", "org.jtb.alogcat.LogActivity"]}, {"5a19f785016bcd5bf634e78d3df238aa": ["31", "org.jtb.alogcat.LogActivity"]}, {"5a19f785016bcd5bf634e78d3df238aa": ["31", "org.jtb.alogcat.LogActivity"]}, {"5a19f785016bcd5bf634e78d3df238aa": ["31", "org.jtb.alogcat.LogActivity"]}, {"b61ec79352049b785714d494c6bf9e1d": ["0", "org.jtb.alogcat.LogActivity"]}, {"5a19f785016bcd5bf634e78d3df238aa": ["31", "org.jtb.alogcat.LogActivity"]}, {"5a19f785016bcd5bf634e78d3df238aa": ["31", "org.jtb.alogcat.LogActivity"]}, {"5a19f785016bcd5bf634e78d3df238aa": ["31", "org.jtb.alogcat.LogActivity"]}, {"b61ec79352049b785714d494c6bf9e1d": ["0", "org.jtb.alogcat.LogActivity"]}, {"7de14a47bfa0e8dea4a60f0483131a4a": ["16", "org.jtb.alogcat.LogActivity"]}, {"7de14a47bfa0e8dea4a60f0483131a4a": ["16", "org.jtb.alogcat.LogActivity"]}, {"7de14a47bfa0e8dea4a60f0483131a4a": ["16", "org.jtb.alogcat.LogActivity"]}, {"b61ec79352049b785714d494c6bf9e1d": ["0", "org.jtb.alogcat.LogActivity"]}, {"7de14a47bfa0e8dea4a60f0483131a4a": ["16", "org.jtb.alogcat.LogActivity"]}, {"7de14a47bfa0e8dea4a60f0483131a4a": ["16", "org.jtb.alogcat.LogActivity"]}, {"7de14a47bfa0e8dea4a60f0483131a4a": ["16", "org.jtb.alogcat.LogActivity"]}, {"b61ec79352049b785714d494c6bf9e1d": ["0", "org.jtb.alogcat.LogActivity"]}, {"5a19f785016bcd5bf634e78d3df238aa": ["31", "org.jtb.alogcat.LogActivity"]}, {"5a19f785016bcd5bf634e78d3df238aa": ["31", "org.jtb.alogcat.LogActivity"]}, {"5a19f785016bcd5bf634e78d3df238aa": ["31", "org.jtb.alogcat.LogActivity"]}, {"b61ec79352049b785714d494c6bf9e1d": ["0", "org.jtb.alogcat.LogActivity"]}, {"7de14a47bfa0e8dea4a60f0483131a4a": ["16", "org.jtb.alogcat.LogActivity"]}, {"7de14a47bfa0e8dea4a60f0483131a4a": ["16", "org.jtb.alogcat.LogActivity"]}, {"b61ec79352049b785714d494c6bf9e1d": ["0", "org.jtb.alogcat.LogActivity"]}, {"5a19f785016bcd5bf634e78d3df238aa": ["31", "org.jtb.alogcat.LogActivity"]}, {"5a19f785016bcd5bf634e78d3df238aa": ["31", "org.jtb.alogcat.LogActivity"]}, {"5a19f785016bcd5bf634e78d3df238aa": ["31", "org.jtb.alogcat.LogActivity"]}, {"5a19f785016bcd5bf634e78d3df238aa": ["31", "org.jtb.alogcat.LogActivity"]}, {"5a19f785016bcd5bf634e78d3df238aa": ["31", "org.jtb.alogcat.LogActivity"]}, {"b61ec79352049b785714d494c6bf9e1d": ["0", "org.jtb.alogcat.LogActivity"]}, {"5a19f785016bcd5bf634e78d3df238aa": ["31", "org.jtb.alogcat.LogActivity"]}, {"5a19f785016bcd5bf634e78d3df238aa": ["31", "org.jtb.alogcat.LogActivity"]}, {"5a19f785016bcd5bf634e78d3df238aa": ["31", "org.jtb.alogcat.LogActivity"]}, {"5a19f785016bcd5bf634e78d3df238aa": ["31", "org.jtb.alogcat.LogActivity"]}, {"5a19f785016bcd5bf634e78d3df238aa": ["31", "org.jtb.alogcat.LogActivity"]}, {"5a19f785016bcd5bf634e78d3df238aa": ["31", "org.jtb.alogcat.LogActivity"]}, {"5a19f785016bcd5bf634e78d3df238aa": ["31", "org.jtb.alogcat.LogActivity"]}, {"5a19f785016bcd5bf634e78d3df238aa": ["31", "org.jtb.alogcat.LogActivity"]}, {"5a19f785016bcd5bf634e78d3df238aa": ["31", "org.jtb.alogcat.LogActivity"]}, {"5a19f785016bcd5bf634e78d3df238aa": ["31", "org.jtb.alogcat.LogActivity"]}, {"5a19f785016bcd5bf634e78d3df238aa": ["31", "org.jtb.alogcat.LogActivity"]}, {"5a19f785016bcd5bf634e78d3df238aa": ["31", "org.jtb.alogcat.LogActivity"]}, {"5a19f785016bcd5bf634e78d3df238aa": ["31", "org.jtb.alogcat.LogActivity"]}, {"5a19f785016bcd5bf634e78d3df238aa": ["31", "org.jtb.alogcat.LogActivity"]}, {"5a19f785016bcd5bf634e78d3df238aa": ["31", "org.jtb.alogcat.LogActivity"]}, {"5a19f785016bcd5bf634e78d3df238aa": ["31", "org.jtb.alogcat.LogActivity"]}, {"5a19f785016bcd5bf634e78d3df238aa": ["31", "org.jtb.alogcat.LogActivity"]}, {"5a19f785016bcd5bf634e78d3df238aa": ["31", "org.jtb.alogcat.LogActivity"]}, {"b61ec79352049b785714d494c6bf9e1d": ["0", "org.jtb.alogcat.LogActivity"]}, {"5a19f785016bcd5bf634e78d3df238aa": ["31", "org.jtb.alogcat.LogActivity"]}, {"5a19f785016bcd5bf634e78d3df238aa": ["31", "org.jtb.alogcat.LogActivity"]}, {"b61ec79352049b785714d494c6bf9e1d": ["0", "org.jtb.alogcat.LogActivity"]}, {"7de14a47bfa0e8dea4a60f0483131a4a": ["16", "org.jtb.alogcat.LogActivity"]}, {"7de14a47bfa0e8dea4a60f0483131a4a": ["16", "org.jtb.alogcat.LogActivity"]}, {"5a19f785016bcd5bf634e78d3df238aa": ["31", "org.jtb.alogcat.LogActivity"]}, {"5a19f785016bcd5bf634e78d3df238aa": ["31", "org.jtb.alogcat.LogActivity"]}, {"5a19f785016bcd5bf634e78d3df238aa": ["31", "org.jtb.alogcat.LogActivity"]}, {"5a19f785016bcd5bf634e78d3df238aa": ["31", "org.jtb.alogcat.LogActivity"]}, {"5a19f785016bcd5bf634e78d3df238aa": ["31", "org.jtb.alogcat.LogActivity"]}, {"5a19f785016bcd5bf634e78d3df238aa": ["31", "org.jtb.alogcat.LogActivity"]}, {"5a19f785016bcd5bf634e78d3df238aa": ["31", "org.jtb.alogcat.LogActivity"]}, {"b61ec79352049b785714d494c6bf9e1d": ["0", "org.jtb.alogcat.LogActivity"]}, {"5a19f785016bcd5bf634e78d3df238aa": ["31", "org.jtb.alogcat.LogActivity"]}, {"5a19f785016bcd5bf634e78d3df238aa": ["31", "org.jtb.alogcat.LogActivity"]}, {"b61ec79352049b785714d494c6bf9e1d": ["0", "org.jtb.alogcat.LogActivity"]}, {"7de14a47bfa0e8dea4a60f0483131a4a": ["16", "org.jtb.alogcat.LogActivity"]}, {"5a19f785016bcd5bf634e78d3df238aa": ["31", "org.jtb.alogcat.LogActivity"]}, {"5a19f785016bcd5bf634e78d3df238aa": ["31", "org.jtb.alogcat.LogActivity"]}, {"5a19f785016bcd5bf634e78d3df238aa": ["31", "org.jtb.alogcat.LogActivity"]}, {"5a19f785016bcd5bf634e78d3df238aa": ["31", "org.jtb.alogcat.LogActivity"]}, {"5a19f785016bcd5bf634e78d3df238aa": ["31", "org.jtb.alogcat.LogActivity"]}, {"5a19f785016bcd5bf634e78d3df238aa": ["31", "org.jtb.alogcat.LogActivity"]}, {"5a19f785016bcd5bf634e78d3df238aa": ["31", "org.jtb.alogcat.LogActivity"]}, {"5a19f785016bcd5bf634e78d3df238aa": ["31", "org.jtb.alogcat.LogActivity"]}, {"5a19f785016bcd5bf634e78d3df238aa": ["31", "org.jtb.alogcat.LogActivity"]}, {"5a19f785016bcd5bf634e78d3df238aa": ["31", "org.jtb.alogcat.LogActivity"]}, {"5a19f785016bcd5bf634e78d3df238aa": ["31", "org.jtb.alogcat.LogActivity"]}, {"5a19f785016bcd5bf634e78d3df238aa": ["31", "org.jtb.alogcat.LogActivity"]}, {"b61ec79352049b785714d494c6bf9e1d": ["0", "org.jtb.alogcat.LogActivity"]}, {"5a19f785016bcd5bf634e78d3df238aa": ["31", "org.jtb.alogcat.LogActivity"]}, {"5a19f785016bcd5bf634e78d3df238aa": ["31", "org.jtb.alogcat.LogActivity"]}, {"5a19f785016bcd5bf634e78d3df238aa": ["31", "org.jtb.alogcat.LogActivity"]}, {"5a19f785016bcd5bf634e78d3df238aa": ["31", "org.jtb.alogcat.LogActivity"]}, {"5a19f785016bcd5bf634e78d3df238aa": ["31", "org.jtb.alogcat.LogActivity"]}, {"b61ec79352049b785714d494c6bf9e1d": ["0", "org.jtb.alogcat.LogActivity"]}, {"7de14a47bfa0e8dea4a60f0483131a4a": ["16", "org.jtb.alogcat.LogActivity"]}, {"5a19f785016bcd5bf634e78d3df238aa": ["31", "org.jtb.alogcat.LogActivity"]}, {"5a19f785016bcd5bf634e78d3df238aa": ["31", "org.jtb.alogcat.LogActivity"]}, {"5a19f785016bcd5bf634e78d3df238aa": ["31", "org.jtb.alogcat.LogActivity"]}, {"5a19f785016bcd5bf634e78d3df238aa": ["31", "org.jtb.alogcat.LogActivity"]}, {"5a19f785016bcd5bf634e78d3df238aa": ["31", "org.jtb.alogcat.LogActivity"]}, {"5a19f785016bcd5bf634e78d3df238aa": ["31", "org.jtb.alogcat.LogActivity"]}, {"5a19f785016bcd5bf634e78d3df238aa": ["31", "org.jtb.alogcat.LogActivity"]}, {"5a19f785016bcd5bf634e78d3df238aa": ["31", "org.jtb.alogcat.LogActivity"]}, {"b61ec79352049b785714d494c6bf9e1d": ["0", "org.jtb.alogcat.LogActivity"]}, {"7de14a47bfa0e8dea4a60f0483131a4a": ["16", "org.jtb.alogcat.LogActivity"]}, {"5a19f785016bcd5bf634e78d3df238aa": ["31", "org.jtb.alogcat.LogActivity"]}, {"5a19f785016bcd5bf634e78d3df238aa": ["31", "org.jtb.alogcat.LogActivity"]}, {"5a19f785016bcd5bf634e78d3df238aa": ["31", "org.jtb.alogcat.LogActivity"]}, {"5a19f785016bcd5bf634e78d3df238aa": ["31", "org.jtb.alogcat.LogActivity"]}, {"5a19f785016bcd5bf634e78d3df238aa": ["31", "org.jtb.alogcat.LogActivity"]}, {"5a19f785016bcd5bf634e78d3df238aa": ["31", "org.jtb.alogcat.LogActivity"]}, {"5a19f785016bcd5bf634e78d3df238aa": ["31", "org.jtb.alogcat.LogActivity"]}, {"5a19f785016bcd5bf634e78d3df238aa": ["31", "org.jtb.alogcat.LogActivity"]}, {"5a19f785016bcd5bf634e78d3df238aa": ["31", "org.jtb.alogcat.LogActivity"]}, {"5a19f785016bcd5bf634e78d3df238aa": ["31", "org.jtb.alogcat.LogActivity"]}, {"5a19f785016bcd5bf634e78d3df238aa": ["31", "org.jtb.alogcat.LogActivity"]}, {"5a19f785016bcd5bf634e78d3df238aa": ["31", "org.jtb.alogcat.LogActivity"]}, {"5a19f785016bcd5bf634e78d3df238aa": ["31", "org.jtb.alogcat.LogActivity"]}, {"5a19f785016bcd5bf634e78d3df238aa": ["31", "org.jtb.alogcat.LogActivity"]}, {"5a19f785016bcd5bf634e78d3df238aa": ["31", "org.jtb.alogcat.LogActivity"]}, {"5a19f785016bcd5bf634e78d3df238aa": ["31", "org.jtb.alogcat.LogActivity"]}, {"5a19f785016bcd5bf634e78d3df238aa": ["31", "org.jtb.alogcat.LogActivity"]}, {"5a19f785016bcd5bf634e78d3df238aa": ["31", "org.jtb.alogcat.LogActivity"]}, {"5a19f785016bcd5bf634e78d3df238aa": ["31", "org.jtb.alogcat.LogActivity"]}, {"5a19f785016bcd5bf634e78d3df238aa": ["31", "org.jtb.alogcat.LogActivity"]}, {"b61ec79352049b785714d494c6bf9e1d": ["0", "org.jtb.alogcat.LogActivity"]}, {"5a19f785016bcd5bf634e78d3df238aa": ["31", "org.jtb.alogcat.LogActivity"]}, {"5a19f785016bcd5bf634e78d3df238aa": ["31", "org.jtb.alogcat.LogActivity"]}, {"5a19f785016bcd5bf634e78d3df238aa": ["31", "org.jtb.alogcat.LogActivity"]}, {"c9501069ce5a6aebee7a01417bf1b304": ["27", "org.jtb.alogcat.LogActivity"]}, {"5a19f785016bcd5bf634e78d3df238aa": ["31", "org.jtb.alogcat.LogActivity"]}, {"b61ec79352049b785714d494c6bf9e1d": ["0", "org.jtb.alogcat.LogActivity"]}, {"5a19f785016bcd5bf634e78d3df238aa": ["31", "org.jtb.alogcat.LogActivity"]}, {"5a19f785016bcd5bf634e78d3df238aa": ["31", "org.jtb.alogcat.LogActivity"]}, {"5a19f785016bcd5bf634e78d3df238aa": ["31", "org.jtb.alogcat.LogActivity"]}, {"5a19f785016bcd5bf634e78d3df238aa": ["31", "org.jtb.alogcat.LogActivity"]}, {"b61ec79352049b785714d494c6bf9e1d": ["0", "org.jtb.alogcat.LogActivity"]}, {"7de14a47bfa0e8dea4a60f0483131a4a": ["16", "org.jtb.alogcat.LogActivity"]}, {"7de14a47bfa0e8dea4a60f0483131a4a": ["16", "org.jtb.alogcat.LogActivity"]}, {"7de14a47bfa0e8dea4a60f0483131a4a": ["16", "org.jtb.alogcat.LogActivity"]}, {"7de14a47bfa0e8dea4a60f0483131a4a": ["16", "org.jtb.alogcat.LogActivity"]}, {"b61ec79352049b785714d494c6bf9e1d": ["0", "org.jtb.alogcat.LogActivity"]}, {"7de14a47bfa0e8dea4a60f0483131a4a": ["16", "org.jtb.alogcat.LogActivity"]}, {"7de14a47bfa0e8dea4a60f0483131a4a": ["16", "org.jtb.alogcat.LogActivity"]}, {"5a19f785016bcd5bf634e78d3df238aa": ["31", "org.jtb.alogcat.LogActivity"]}, {"5a19f785016bcd5bf634e78d3df238aa": ["31", "org.jtb.alogcat.LogActivity"]}, {"b61ec79352049b785714d494c6bf9e1d": ["0", "org.jtb.alogcat.LogActivity"]}, {"fc49c6fd6506aa1916e5f948da777996": ["1", "org.jtb.alogcat.PrefsActivity"]}, {"fc49c6fd6506aa1916e5f948da777996": ["1", "org.jtb.alogcat.PrefsActivity"]}, {"fc49c6fd6506aa1916e5f948da777996": ["1", "org.jtb.alogcat.PrefsActivity"]}, {"423b9ded68d0141aafab8bae247118cc": ["3", "org.jtb.alogcat.PrefsActivity"]}, {"fc49c6fd6506aa1916e5f948da777996": ["1", "org.jtb.alogcat.PrefsActivity"]}, {"fc49c6fd6506aa1916e5f948da777996": ["1", "org.jtb.alogcat.PrefsActivity"]}, {"fc49c6fd6506aa1916e5f948da777996": ["1", "org.jtb.alogcat.PrefsActivity"]}, {"fc49c6fd6506aa1916e5f948da777996": ["1", "org.jtb.alogcat.PrefsActivity"]}, {"423b9ded68d0141aafab8bae247118cc": ["3", "org.jtb.alogcat.PrefsActivity"]}, {"fc49c6fd6506aa1916e5f948da777996": ["1", "org.jtb.alogcat.PrefsActivity"]}, {"fc49c6fd6506aa1916e5f948da777996": ["1", "org.jtb.alogcat.PrefsActivity"]}, {"423b9ded68d0141aafab8bae247118cc": ["3", "org.jtb.alogcat.PrefsActivity"]}, {"fc49c6fd6506aa1916e5f948da777996": ["1", "org.jtb.alogcat.PrefsActivity"]}, {"423b9ded68d0141aafab8bae247118cc": ["3", "org.jtb.alogcat.PrefsActivity"]}, {"fc49c6fd6506aa1916e5f948da777996": ["1", "org.jtb.alogcat.PrefsActivity"]}, {"6408f226e1777a6f9745a78f263ac789": ["4", "org.jtb.alogcat.PrefsActivity"]}, {"fc49c6fd6506aa1916e5f948da777996": ["1", "org.jtb.alogcat.PrefsActivity"]}, {"fc49c6fd6506aa1916e5f948da777996": ["1", "org.jtb.alogcat.PrefsActivity"]}, {"423b9ded68d0141aafab8bae247118cc": ["3", "org.jtb.alogcat.PrefsActivity"]}, {"fc49c6fd6506aa1916e5f948da777996": ["1", "org.jtb.alogcat.PrefsActivity"]}, {"7de14a47bfa0e8dea4a60f0483131a4a": ["16", "org.jtb.alogcat.LogActivity"]}, {"7de14a47bfa0e8dea4a60f0483131a4a": ["16", "org.jtb.alogcat.LogActivity"]}, {"b61ec79352049b785714d494c6bf9e1d": ["0", "org.jtb.alogcat.LogActivity"]}, {"b0319ac3e811c06b4989b52817ba5fba": ["13", "org.jtb.alogcat.LogActivity"]}, {"39be9ff9b6fd3a37e64a8e4d83c85891": ["5", "org.jtb.alogcat.LogActivity"]}, {"b0319ac3e811c06b4989b52817ba5fba": ["13", "org.jtb.alogcat.LogActivity"]}, {"5b7b9970d7921678db8488ddfd9081eb": ["19", "org.jtb.alogcat.LogActivity"]}, {"b61ec79352049b785714d494c6bf9e1d": ["0", "org.jtb.alogcat.LogActivity"]}, {"b0319ac3e811c06b4989b52817ba5fba": ["13", "org.jtb.alogcat.LogActivity"]}, {"39be9ff9b6fd3a37e64a8e4d83c85891": ["5", "org.jtb.alogcat.LogActivity"]}, {"b0319ac3e811c06b4989b52817ba5fba": ["13", "org.jtb.alogcat.LogActivity"]}, {"b0319ac3e811c06b4989b52817ba5fba": ["13", "org.jtb.alogcat.LogActivity"]}, {"b0319ac3e811c06b4989b52817ba5fba": ["13", "org.jtb.alogcat.LogActivity"]}, {"39be9ff9b6fd3a37e64a8e4d83c85891": ["5", "org.jtb.alogcat.LogActivity"]}, {"5b7b9970d7921678db8488ddfd9081eb": ["19", "org.jtb.alogcat.LogActivity"]}, {"5b7b9970d7921678db8488ddfd9081eb": ["19", "org.jtb.alogcat.LogActivity"]}, {"39be9ff9b6fd3a37e64a8e4d83c85891": ["5", "org.jtb.alogcat.LogActivity"]}, {"5b7b9970d7921678db8488ddfd9081eb": ["19", "org.jtb.alogcat.LogActivity"]}, {"39be9ff9b6fd3a37e64a8e4d83c85891": ["5", "org.jtb.alogcat.LogActivity"]}, {"5b7b9970d7921678db8488ddfd9081eb": ["19", "org.jtb.alogcat.LogActivity"]}, {"5b7b9970d7921678db8488ddfd9081eb": ["19", "org.jtb.alogcat.LogActivity"]}, {"b0319ac3e811c06b4989b52817ba5fba": ["13", "org.jtb.alogcat.LogActivity"]}, {"5b7b9970d7921678db8488ddfd9081eb": ["19", "org.jtb.alogcat.LogActivity"]}, {"5b7b9970d7921678db8488ddfd9081eb": ["19", "org.jtb.alogcat.LogActivity"]}, {"5b7b9970d7921678db8488ddfd9081eb": ["19", "org.jtb.alogcat.LogActivity"]}, {"5b7b9970d7921678db8488ddfd9081eb": ["19", "org.jtb.alogcat.LogActivity"]}, {"5b7b9970d7921678db8488ddfd9081eb": ["19", "org.jtb.alogcat.LogActivity"]}, {"5b7b9970d7921678db8488ddfd9081eb": ["19", "org.jtb.alogcat.LogActivity"]}, {"b61ec79352049b785714d494c6bf9e1d": ["0", "org.jtb.alogcat.LogActivity"]}, {"7de14a47bfa0e8dea4a60f0483131a4a": ["16", "org.jtb.alogcat.LogActivity"]}, {"7de14a47bfa0e8dea4a60f0483131a4a": ["16", "org.jtb.alogcat.LogActivity"]}, {"7de14a47bfa0e8dea4a60f0483131a4a": ["16", "org.jtb.alogcat.LogActivity"]}, {"7de14a47bfa0e8dea4a60f0483131a4a": ["16", "org.jtb.alogcat.LogActivity"]}, {"7de14a47bfa0e8dea4a60f0483131a4a": ["16", "org.jtb.alogcat.LogActivity"]}, {"7de14a47bfa0e8dea4a60f0483131a4a": ["16", "org.jtb.alogcat.LogActivity"]}, {"7de14a47bfa0e8dea4a60f0483131a4a": ["16", "org.jtb.alogcat.LogActivity"]}, {"7de14a47bfa0e8dea4a60f0483131a4a": ["16", "org.jtb.alogcat.LogActivity"]}, {"b61ec79352049b785714d494c6bf9e1d": ["0", "org.jtb.alogcat.LogActivity"]}, {"7de14a47bfa0e8dea4a60f0483131a4a": ["16", "org.jtb.alogcat.LogActivity"]}, {"7de14a47bfa0e8dea4a60f0483131a4a": ["16", "org.jtb.alogcat.LogActivity"]}, {"7de14a47bfa0e8dea4a60f0483131a4a": ["16", "org.jtb.alogcat.LogActivity"]}, {"39be9ff9b6fd3a37e64a8e4d83c85891": ["5", "org.jtb.alogcat.LogActivity"]}, {"5b7b9970d7921678db8488ddfd9081eb": ["19", "org.jtb.alogcat.LogActivity"]}, {"b61ec79352049b785714d494c6bf9e1d": ["0", "org.jtb.alogcat.LogActivity"]}, {"5b7b9970d7921678db8488ddfd9081eb": ["19", "org.jtb.alogcat.LogActivity"]}]