[{"c57f235f26044ee2ff0f4b67f323c81c": ["0", "com.chmod0.manpages.ManualActivity"]}, {"c57f235f26044ee2ff0f4b67f323c81c": ["0", "com.chmod0.manpages.ManualActivity"]}, {"98681f2004a285b4712d54be13b25e38": ["1", "com.chmod0.manpages.ManualActivity"]}, {"98681f2004a285b4712d54be13b25e38": ["1", "com.chmod0.manpages.ManualActivity"]}, {"98681f2004a285b4712d54be13b25e38": ["1", "com.chmod0.manpages.ManualActivity"]}, {"98681f2004a285b4712d54be13b25e38": ["1", "com.chmod0.manpages.ManualActivity"]}, {"98681f2004a285b4712d54be13b25e38": ["1", "com.chmod0.manpages.ManualActivity"]}, {"98681f2004a285b4712d54be13b25e38": ["1", "com.chmod0.manpages.ManualActivity"]}, {"98681f2004a285b4712d54be13b25e38": ["1", "com.chmod0.manpages.ManualActivity"]}, {"98681f2004a285b4712d54be13b25e38": ["1", "com.chmod0.manpages.ManualActivity"]}, {"98681f2004a285b4712d54be13b25e38": ["1", "com.chmod0.manpages.ManualActivity"]}, {"98681f2004a285b4712d54be13b25e38": ["1", "com.chmod0.manpages.ManualActivity"]}, {"98681f2004a285b4712d54be13b25e38": ["1", "com.chmod0.manpages.ManualActivity"]}, {"c57f235f26044ee2ff0f4b67f323c81c": ["0", "com.chmod0.manpages.ManualActivity"]}, {"98681f2004a285b4712d54be13b25e38": ["1", "com.chmod0.manpages.ManualActivity"]}, {"c57f235f26044ee2ff0f4b67f323c81c": ["0", "com.chmod0.manpages.ManualActivity"]}, {"98681f2004a285b4712d54be13b25e38": ["1", "com.chmod0.manpages.ManualActivity"]}, {"98681f2004a285b4712d54be13b25e38": ["1", "com.chmod0.manpages.ManualActivity"]}, {"98681f2004a285b4712d54be13b25e38": ["1", "com.chmod0.manpages.ManualActivity"]}, {"98681f2004a285b4712d54be13b25e38": ["1", "com.chmod0.manpages.ManualActivity"]}, {"98681f2004a285b4712d54be13b25e38": ["1", "com.chmod0.manpages.ManualActivity"]}, {"98681f2004a285b4712d54be13b25e38": ["1", "com.chmod0.manpages.ManualActivity"]}, {"98681f2004a285b4712d54be13b25e38": ["1", "com.chmod0.manpages.ManualActivity"]}, {"98681f2004a285b4712d54be13b25e38": ["1", "com.chmod0.manpages.ManualActivity"]}, {"98681f2004a285b4712d54be13b25e38": ["1", "com.chmod0.manpages.ManualActivity"]}, {"98681f2004a285b4712d54be13b25e38": ["1", "com.chmod0.manpages.ManualActivity"]}, {"98681f2004a285b4712d54be13b25e38": ["1", "com.chmod0.manpages.ManualActivity"]}, {"98681f2004a285b4712d54be13b25e38": ["1", "com.chmod0.manpages.ManualActivity"]}, {"98681f2004a285b4712d54be13b25e38": ["1", "com.chmod0.manpages.ManualActivity"]}, {"98681f2004a285b4712d54be13b25e38": ["1", "com.chmod0.manpages.ManualActivity"]}, {"98681f2004a285b4712d54be13b25e38": ["1", "com.chmod0.manpages.ManualActivity"]}, {"98681f2004a285b4712d54be13b25e38": ["1", "com.chmod0.manpages.ManualActivity"]}, {"c57f235f26044ee2ff0f4b67f323c81c": ["0", "com.chmod0.manpages.ManualActivity"]}, {"98681f2004a285b4712d54be13b25e38": ["1", "com.chmod0.manpages.ManualActivity"]}, {"98681f2004a285b4712d54be13b25e38": ["1", "com.chmod0.manpages.ManualActivity"]}, {"98681f2004a285b4712d54be13b25e38": ["1", "com.chmod0.manpages.ManualActivity"]}, {"c57f235f26044ee2ff0f4b67f323c81c": ["0", "com.chmod0.manpages.ManualActivity"]}, {"c57f235f26044ee2ff0f4b67f323c81c": ["0", "com.chmod0.manpages.ManualActivity"]}, {"98681f2004a285b4712d54be13b25e38": ["1", "com.chmod0.manpages.ManualActivity"]}, {"98681f2004a285b4712d54be13b25e38": ["1", "com.chmod0.manpages.ManualActivity"]}, {"98681f2004a285b4712d54be13b25e38": ["1", "com.chmod0.manpages.ManualActivity"]}, {"98681f2004a285b4712d54be13b25e38": ["1", "com.chmod0.manpages.ManualActivity"]}, {"98681f2004a285b4712d54be13b25e38": ["1", "com.chmod0.manpages.ManualActivity"]}, {"98681f2004a285b4712d54be13b25e38": ["1", "com.chmod0.manpages.ManualActivity"]}, {"98681f2004a285b4712d54be13b25e38": ["1", "com.chmod0.manpages.ManualActivity"]}, {"98681f2004a285b4712d54be13b25e38": ["1", "com.chmod0.manpages.ManualActivity"]}, {"c57f235f26044ee2ff0f4b67f323c81c": ["0", "com.chmod0.manpages.ManualActivity"]}, {"98681f2004a285b4712d54be13b25e38": ["1", "com.chmod0.manpages.ManualActivity"]}, {"98681f2004a285b4712d54be13b25e38": ["1", "com.chmod0.manpages.ManualActivity"]}, {"c57f235f26044ee2ff0f4b67f323c81c": ["0", "com.chmod0.manpages.ManualActivity"]}, {"98681f2004a285b4712d54be13b25e38": ["1", "com.chmod0.manpages.ManualActivity"]}, {"98681f2004a285b4712d54be13b25e38": ["1", "com.chmod0.manpages.ManualActivity"]}, {"98681f2004a285b4712d54be13b25e38": ["1", "com.chmod0.manpages.ManualActivity"]}, {"98681f2004a285b4712d54be13b25e38": ["1", "com.chmod0.manpages.ManualActivity"]}, {"98681f2004a285b4712d54be13b25e38": ["1", "com.chmod0.manpages.ManualActivity"]}, {"98681f2004a285b4712d54be13b25e38": ["1", "com.chmod0.manpages.ManualActivity"]}, {"98681f2004a285b4712d54be13b25e38": ["1", "com.chmod0.manpages.ManualActivity"]}, {"98681f2004a285b4712d54be13b25e38": ["1", "com.chmod0.manpages.ManualActivity"]}, {"98681f2004a285b4712d54be13b25e38": ["1", "com.chmod0.manpages.ManualActivity"]}, {"98681f2004a285b4712d54be13b25e38": ["1", "com.chmod0.manpages.ManualActivity"]}, {"98681f2004a285b4712d54be13b25e38": ["1", "com.chmod0.manpages.ManualActivity"]}, {"c57f235f26044ee2ff0f4b67f323c81c": ["0", "com.chmod0.manpages.ManualActivity"]}, {"98681f2004a285b4712d54be13b25e38": ["1", "com.chmod0.manpages.ManualActivity"]}, {"98681f2004a285b4712d54be13b25e38": ["1", "com.chmod0.manpages.ManualActivity"]}, {"98681f2004a285b4712d54be13b25e38": ["1", "com.chmod0.manpages.ManualActivity"]}, {"98681f2004a285b4712d54be13b25e38": ["1", "com.chmod0.manpages.ManualActivity"]}, {"98681f2004a285b4712d54be13b25e38": ["1", "com.chmod0.manpages.ManualActivity"]}, {"98681f2004a285b4712d54be13b25e38": ["1", "com.chmod0.manpages.ManualActivity"]}, {"98681f2004a285b4712d54be13b25e38": ["1", "com.chmod0.manpages.ManualActivity"]}, {"98681f2004a285b4712d54be13b25e38": ["1", "com.chmod0.manpages.ManualActivity"]}, {"98681f2004a285b4712d54be13b25e38": ["1", "com.chmod0.manpages.ManualActivity"]}, {"98681f2004a285b4712d54be13b25e38": ["1", "com.chmod0.manpages.ManualActivity"]}, {"98681f2004a285b4712d54be13b25e38": ["1", "com.chmod0.manpages.ManualActivity"]}, {"98681f2004a285b4712d54be13b25e38": ["1", "com.chmod0.manpages.ManualActivity"]}, {"98681f2004a285b4712d54be13b25e38": ["1", "com.chmod0.manpages.ManualActivity"]}, {"98681f2004a285b4712d54be13b25e38": ["1", "com.chmod0.manpages.ManualActivity"]}, {"c57f235f26044ee2ff0f4b67f323c81c": ["0", "com.chmod0.manpages.ManualActivity"]}, {"98681f2004a285b4712d54be13b25e38": ["1", "com.chmod0.manpages.ManualActivity"]}, {"c57f235f26044ee2ff0f4b67f323c81c": ["0", "com.chmod0.manpages.ManualActivity"]}, {"6364f3f3a7302ad15364d11f02c5eee5": ["2", "com.chmod0.manpages.ManualActivity"]}, {"6364f3f3a7302ad15364d11f02c5eee5": ["2", "com.chmod0.manpages.ManualActivity"]}, {"6364f3f3a7302ad15364d11f02c5eee5": ["2", "com.chmod0.manpages.ManualActivity"]}, {"c57f235f26044ee2ff0f4b67f323c81c": ["0", "com.chmod0.manpages.ManualActivity"]}, {"98681f2004a285b4712d54be13b25e38": ["1", "com.chmod0.manpages.ManualActivity"]}, {"98681f2004a285b4712d54be13b25e38": ["1", "com.chmod0.manpages.ManualActivity"]}, {"98681f2004a285b4712d54be13b25e38": ["1", "com.chmod0.manpages.ManualActivity"]}, {"98681f2004a285b4712d54be13b25e38": ["1", "com.chmod0.manpages.ManualActivity"]}, {"98681f2004a285b4712d54be13b25e38": ["1", "com.chmod0.manpages.ManualActivity"]}, {"c57f235f26044ee2ff0f4b67f323c81c": ["0", "com.chmod0.manpages.ManualActivity"]}, {"98681f2004a285b4712d54be13b25e38": ["1", "com.chmod0.manpages.ManualActivity"]}, {"98681f2004a285b4712d54be13b25e38": ["1", "com.chmod0.manpages.ManualActivity"]}, {"98681f2004a285b4712d54be13b25e38": ["1", "com.chmod0.manpages.ManualActivity"]}, {"98681f2004a285b4712d54be13b25e38": ["1", "com.chmod0.manpages.ManualActivity"]}, {"98681f2004a285b4712d54be13b25e38": ["1", "com.chmod0.manpages.ManualActivity"]}, {"98681f2004a285b4712d54be13b25e38": ["1", "com.chmod0.manpages.ManualActivity"]}, {"98681f2004a285b4712d54be13b25e38": ["1", "com.chmod0.manpages.ManualActivity"]}, {"c57f235f26044ee2ff0f4b67f323c81c": ["0", "com.chmod0.manpages.ManualActivity"]}, {"98681f2004a285b4712d54be13b25e38": ["1", "com.chmod0.manpages.ManualActivity"]}, {"98681f2004a285b4712d54be13b25e38": ["1", "com.chmod0.manpages.ManualActivity"]}, {"c57f235f26044ee2ff0f4b67f323c81c": ["0", "com.chmod0.manpages.ManualActivity"]}, {"98681f2004a285b4712d54be13b25e38": ["1", "com.chmod0.manpages.ManualActivity"]}, {"98681f2004a285b4712d54be13b25e38": ["1", "com.chmod0.manpages.ManualActivity"]}, {"98681f2004a285b4712d54be13b25e38": ["1", "com.chmod0.manpages.ManualActivity"]}, {"98681f2004a285b4712d54be13b25e38": ["1", "com.chmod0.manpages.ManualActivity"]}, {"98681f2004a285b4712d54be13b25e38": ["1", "com.chmod0.manpages.ManualActivity"]}, {"98681f2004a285b4712d54be13b25e38": ["1", "com.chmod0.manpages.ManualActivity"]}, {"98681f2004a285b4712d54be13b25e38": ["1", "com.chmod0.manpages.ManualActivity"]}, {"98681f2004a285b4712d54be13b25e38": ["1", "com.chmod0.manpages.ManualActivity"]}, {"98681f2004a285b4712d54be13b25e38": ["1", "com.chmod0.manpages.ManualActivity"]}, {"98681f2004a285b4712d54be13b25e38": ["1", "com.chmod0.manpages.ManualActivity"]}, {"c57f235f26044ee2ff0f4b67f323c81c": ["0", "com.chmod0.manpages.ManualActivity"]}, {"98681f2004a285b4712d54be13b25e38": ["1", "com.chmod0.manpages.ManualActivity"]}, {"98681f2004a285b4712d54be13b25e38": ["1", "com.chmod0.manpages.ManualActivity"]}, {"98681f2004a285b4712d54be13b25e38": ["1", "com.chmod0.manpages.ManualActivity"]}, {"c57f235f26044ee2ff0f4b67f323c81c": ["0", "com.chmod0.manpages.ManualActivity"]}, {"98681f2004a285b4712d54be13b25e38": ["1", "com.chmod0.manpages.ManualActivity"]}, {"98681f2004a285b4712d54be13b25e38": ["1", "com.chmod0.manpages.ManualActivity"]}, {"c57f235f26044ee2ff0f4b67f323c81c": ["0", "com.chmod0.manpages.ManualActivity"]}, {"98681f2004a285b4712d54be13b25e38": ["1", "com.chmod0.manpages.ManualActivity"]}, {"98681f2004a285b4712d54be13b25e38": ["1", "com.chmod0.manpages.ManualActivity"]}, {"98681f2004a285b4712d54be13b25e38": ["1", "com.chmod0.manpages.ManualActivity"]}, {"98681f2004a285b4712d54be13b25e38": ["1", "com.chmod0.manpages.ManualActivity"]}, {"98681f2004a285b4712d54be13b25e38": ["1", "com.chmod0.manpages.ManualActivity"]}, {"98681f2004a285b4712d54be13b25e38": ["1", "com.chmod0.manpages.ManualActivity"]}, {"98681f2004a285b4712d54be13b25e38": ["1", "com.chmod0.manpages.ManualActivity"]}, {"98681f2004a285b4712d54be13b25e38": ["1", "com.chmod0.manpages.ManualActivity"]}, {"98681f2004a285b4712d54be13b25e38": ["1", "com.chmod0.manpages.ManualActivity"]}, {"98681f2004a285b4712d54be13b25e38": ["1", "com.chmod0.manpages.ManualActivity"]}, {"98681f2004a285b4712d54be13b25e38": ["1", "com.chmod0.manpages.ManualActivity"]}, {"98681f2004a285b4712d54be13b25e38": ["1", "com.chmod0.manpages.ManualActivity"]}, {"c57f235f26044ee2ff0f4b67f323c81c": ["0", "com.chmod0.manpages.ManualActivity"]}, {"98681f2004a285b4712d54be13b25e38": ["1", "com.chmod0.manpages.ManualActivity"]}, {"98681f2004a285b4712d54be13b25e38": ["1", "com.chmod0.manpages.ManualActivity"]}, {"98681f2004a285b4712d54be13b25e38": ["1", "com.chmod0.manpages.ManualActivity"]}, {"c57f235f26044ee2ff0f4b67f323c81c": ["0", "com.chmod0.manpages.ManualActivity"]}, {"98681f2004a285b4712d54be13b25e38": ["1", "com.chmod0.manpages.ManualActivity"]}, {"98681f2004a285b4712d54be13b25e38": ["1", "com.chmod0.manpages.ManualActivity"]}, {"c57f235f26044ee2ff0f4b67f323c81c": ["0", "com.chmod0.manpages.ManualActivity"]}, {"98681f2004a285b4712d54be13b25e38": ["1", "com.chmod0.manpages.ManualActivity"]}, {"98681f2004a285b4712d54be13b25e38": ["1", "com.chmod0.manpages.ManualActivity"]}, {"98681f2004a285b4712d54be13b25e38": ["1", "com.chmod0.manpages.ManualActivity"]}, {"98681f2004a285b4712d54be13b25e38": ["1", "com.chmod0.manpages.ManualActivity"]}, {"98681f2004a285b4712d54be13b25e38": ["1", "com.chmod0.manpages.ManualActivity"]}, {"98681f2004a285b4712d54be13b25e38": ["1", "com.chmod0.manpages.ManualActivity"]}, {"98681f2004a285b4712d54be13b25e38": ["1", "com.chmod0.manpages.ManualActivity"]}, {"98681f2004a285b4712d54be13b25e38": ["1", "com.chmod0.manpages.ManualActivity"]}, {"98681f2004a285b4712d54be13b25e38": ["1", "com.chmod0.manpages.ManualActivity"]}, {"98681f2004a285b4712d54be13b25e38": ["1", "com.chmod0.manpages.ManualActivity"]}, {"98681f2004a285b4712d54be13b25e38": ["1", "com.chmod0.manpages.ManualActivity"]}, {"98681f2004a285b4712d54be13b25e38": ["1", "com.chmod0.manpages.ManualActivity"]}, {"98681f2004a285b4712d54be13b25e38": ["1", "com.chmod0.manpages.ManualActivity"]}, {"98681f2004a285b4712d54be13b25e38": ["1", "com.chmod0.manpages.ManualActivity"]}, {"98681f2004a285b4712d54be13b25e38": ["1", "com.chmod0.manpages.ManualActivity"]}, {"c57f235f26044ee2ff0f4b67f323c81c": ["0", "com.chmod0.manpages.ManualActivity"]}, {"98681f2004a285b4712d54be13b25e38": ["1", "com.chmod0.manpages.ManualActivity"]}, {"c57f235f26044ee2ff0f4b67f323c81c": ["0", "com.chmod0.manpages.ManualActivity"]}, {"98681f2004a285b4712d54be13b25e38": ["1", "com.chmod0.manpages.ManualActivity"]}, {"c57f235f26044ee2ff0f4b67f323c81c": ["0", "com.chmod0.manpages.ManualActivity"]}, {"c57f235f26044ee2ff0f4b67f323c81c": ["0", "com.chmod0.manpages.ManualActivity"]}, {"98681f2004a285b4712d54be13b25e38": ["1", "com.chmod0.manpages.ManualActivity"]}, {"c57f235f26044ee2ff0f4b67f323c81c": ["0", "com.chmod0.manpages.ManualActivity"]}, {"98681f2004a285b4712d54be13b25e38": ["1", "com.chmod0.manpages.ManualActivity"]}, {"98681f2004a285b4712d54be13b25e38": ["1", "com.chmod0.manpages.ManualActivity"]}, {"98681f2004a285b4712d54be13b25e38": ["1", "com.chmod0.manpages.ManualActivity"]}, {"6364f3f3a7302ad15364d11f02c5eee5": ["2", "com.chmod0.manpages.ManualActivity"]}, {"6364f3f3a7302ad15364d11f02c5eee5": ["2", "com.chmod0.manpages.ManualActivity"]}, {"6364f3f3a7302ad15364d11f02c5eee5": ["2", "com.chmod0.manpages.ManualActivity"]}, {"c57f235f26044ee2ff0f4b67f323c81c": ["0", "com.chmod0.manpages.ManualActivity"]}, {"98681f2004a285b4712d54be13b25e38": ["1", "com.chmod0.manpages.ManualActivity"]}, {"98681f2004a285b4712d54be13b25e38": ["1", "com.chmod0.manpages.ManualActivity"]}, {"c57f235f26044ee2ff0f4b67f323c81c": ["0", "com.chmod0.manpages.ManualActivity"]}, {"98681f2004a285b4712d54be13b25e38": ["1", "com.chmod0.manpages.ManualActivity"]}, {"98681f2004a285b4712d54be13b25e38": ["1", "com.chmod0.manpages.ManualActivity"]}, {"98681f2004a285b4712d54be13b25e38": ["1", "com.chmod0.manpages.ManualActivity"]}, {"98681f2004a285b4712d54be13b25e38": ["1", "com.chmod0.manpages.ManualActivity"]}, {"98681f2004a285b4712d54be13b25e38": ["1", "com.chmod0.manpages.ManualActivity"]}, {"98681f2004a285b4712d54be13b25e38": ["1", "com.chmod0.manpages.ManualActivity"]}, {"98681f2004a285b4712d54be13b25e38": ["1", "com.chmod0.manpages.ManualActivity"]}, {"98681f2004a285b4712d54be13b25e38": ["1", "com.chmod0.manpages.ManualActivity"]}, {"98681f2004a285b4712d54be13b25e38": ["1", "com.chmod0.manpages.ManualActivity"]}, {"98681f2004a285b4712d54be13b25e38": ["1", "com.chmod0.manpages.ManualActivity"]}, {"98681f2004a285b4712d54be13b25e38": ["1", "com.chmod0.manpages.ManualActivity"]}, {"98681f2004a285b4712d54be13b25e38": ["1", "com.chmod0.manpages.ManualActivity"]}, {"98681f2004a285b4712d54be13b25e38": ["1", "com.chmod0.manpages.ManualActivity"]}, {"98681f2004a285b4712d54be13b25e38": ["1", "com.chmod0.manpages.ManualActivity"]}, {"6364f3f3a7302ad15364d11f02c5eee5": ["2", "com.chmod0.manpages.ManualActivity"]}, {"6364f3f3a7302ad15364d11f02c5eee5": ["2", "com.chmod0.manpages.ManualActivity"]}, {"c57f235f26044ee2ff0f4b67f323c81c": ["0", "com.chmod0.manpages.ManualActivity"]}, {"98681f2004a285b4712d54be13b25e38": ["1", "com.chmod0.manpages.ManualActivity"]}, {"98681f2004a285b4712d54be13b25e38": ["1", "com.chmod0.manpages.ManualActivity"]}, {"98681f2004a285b4712d54be13b25e38": ["1", "com.chmod0.manpages.ManualActivity"]}, {"98681f2004a285b4712d54be13b25e38": ["1", "com.chmod0.manpages.ManualActivity"]}, {"98681f2004a285b4712d54be13b25e38": ["1", "com.chmod0.manpages.ManualActivity"]}, {"c57f235f26044ee2ff0f4b67f323c81c": ["0", "com.chmod0.manpages.ManualActivity"]}, {"98681f2004a285b4712d54be13b25e38": ["1", "com.chmod0.manpages.ManualActivity"]}, {"98681f2004a285b4712d54be13b25e38": ["1", "com.chmod0.manpages.ManualActivity"]}, {"98681f2004a285b4712d54be13b25e38": ["1", "com.chmod0.manpages.ManualActivity"]}, {"98681f2004a285b4712d54be13b25e38": ["1", "com.chmod0.manpages.ManualActivity"]}, {"98681f2004a285b4712d54be13b25e38": ["1", "com.chmod0.manpages.ManualActivity"]}, {"98681f2004a285b4712d54be13b25e38": ["1", "com.chmod0.manpages.ManualActivity"]}, {"c57f235f26044ee2ff0f4b67f323c81c": ["0", "com.chmod0.manpages.ManualActivity"]}, {"98681f2004a285b4712d54be13b25e38": ["1", "com.chmod0.manpages.ManualActivity"]}, {"98681f2004a285b4712d54be13b25e38": ["1", "com.chmod0.manpages.ManualActivity"]}, {"c57f235f26044ee2ff0f4b67f323c81c": ["0", "com.chmod0.manpages.ManualActivity"]}, {"98681f2004a285b4712d54be13b25e38": ["1", "com.chmod0.manpages.ManualActivity"]}, {"98681f2004a285b4712d54be13b25e38": ["1", "com.chmod0.manpages.ManualActivity"]}, {"c57f235f26044ee2ff0f4b67f323c81c": ["0", "com.chmod0.manpages.ManualActivity"]}, {"98681f2004a285b4712d54be13b25e38": ["1", "com.chmod0.manpages.ManualActivity"]}, {"98681f2004a285b4712d54be13b25e38": ["1", "com.chmod0.manpages.ManualActivity"]}, {"c57f235f26044ee2ff0f4b67f323c81c": ["0", "com.chmod0.manpages.ManualActivity"]}, {"98681f2004a285b4712d54be13b25e38": ["1", "com.chmod0.manpages.ManualActivity"]}, {"98681f2004a285b4712d54be13b25e38": ["1", "com.chmod0.manpages.ManualActivity"]}, {"98681f2004a285b4712d54be13b25e38": ["1", "com.chmod0.manpages.ManualActivity"]}, {"98681f2004a285b4712d54be13b25e38": ["1", "com.chmod0.manpages.ManualActivity"]}, {"c57f235f26044ee2ff0f4b67f323c81c": ["0", "com.chmod0.manpages.ManualActivity"]}, {"98681f2004a285b4712d54be13b25e38": ["1", "com.chmod0.manpages.ManualActivity"]}, {"98681f2004a285b4712d54be13b25e38": ["1", "com.chmod0.manpages.ManualActivity"]}, {"98681f2004a285b4712d54be13b25e38": ["1", "com.chmod0.manpages.ManualActivity"]}, {"98681f2004a285b4712d54be13b25e38": ["1", "com.chmod0.manpages.ManualActivity"]}, {"98681f2004a285b4712d54be13b25e38": ["1", "com.chmod0.manpages.ManualActivity"]}, {"c57f235f26044ee2ff0f4b67f323c81c": ["0", "com.chmod0.manpages.ManualActivity"]}, {"98681f2004a285b4712d54be13b25e38": ["1", "com.chmod0.manpages.ManualActivity"]}, {"98681f2004a285b4712d54be13b25e38": ["1", "com.chmod0.manpages.ManualActivity"]}, {"98681f2004a285b4712d54be13b25e38": ["1", "com.chmod0.manpages.ManualActivity"]}, {"98681f2004a285b4712d54be13b25e38": ["1", "com.chmod0.manpages.ManualActivity"]}, {"c57f235f26044ee2ff0f4b67f323c81c": ["0", "com.chmod0.manpages.ManualActivity"]}, {"98681f2004a285b4712d54be13b25e38": ["1", "com.chmod0.manpages.ManualActivity"]}, {"98681f2004a285b4712d54be13b25e38": ["1", "com.chmod0.manpages.ManualActivity"]}, {"98681f2004a285b4712d54be13b25e38": ["1", "com.chmod0.manpages.ManualActivity"]}, {"c57f235f26044ee2ff0f4b67f323c81c": ["0", "com.chmod0.manpages.ManualActivity"]}, {"98681f2004a285b4712d54be13b25e38": ["1", "com.chmod0.manpages.ManualActivity"]}, {"98681f2004a285b4712d54be13b25e38": ["1", "com.chmod0.manpages.ManualActivity"]}, {"98681f2004a285b4712d54be13b25e38": ["1", "com.chmod0.manpages.ManualActivity"]}, {"98681f2004a285b4712d54be13b25e38": ["1", "com.chmod0.manpages.ManualActivity"]}, {"98681f2004a285b4712d54be13b25e38": ["1", "com.chmod0.manpages.ManualActivity"]}, {"c57f235f26044ee2ff0f4b67f323c81c": ["0", "com.chmod0.manpages.ManualActivity"]}, {"98681f2004a285b4712d54be13b25e38": ["1", "com.chmod0.manpages.ManualActivity"]}, {"98681f2004a285b4712d54be13b25e38": ["1", "com.chmod0.manpages.ManualActivity"]}, {"c57f235f26044ee2ff0f4b67f323c81c": ["0", "com.chmod0.manpages.ManualActivity"]}]