[{"fbe82fb95f3619a01a5fa3e566233058": ["0", "com.hectorone.multismssender.MultiSmsSender"]}, {"fbe82fb95f3619a01a5fa3e566233058": ["0", "com.hectorone.multismssender.MultiSmsSender"]}, {"fbe82fb95f3619a01a5fa3e566233058": ["0", "com.hectorone.multismssender.MultiSmsSender"]}, {"1c697226dda1065dd1e317bdea0cc5ee": ["2", "com.hectorone.multismssender.MultiSmsSender"]}, {"fbe82fb95f3619a01a5fa3e566233058": ["0", "com.hectorone.multismssender.MultiSmsSender"]}, {"fbe82fb95f3619a01a5fa3e566233058": ["0", "com.hectorone.multismssender.MultiSmsSender"]}, {"fbe82fb95f3619a01a5fa3e566233058": ["0", "com.hectorone.multismssender.MultiSmsSender"]}, {"fbe82fb95f3619a01a5fa3e566233058": ["0", "com.hectorone.multismssender.MultiSmsSender"]}, {"fbe82fb95f3619a01a5fa3e566233058": ["0", "com.hectorone.multismssender.MultiSmsSender"]}, {"fbe82fb95f3619a01a5fa3e566233058": ["0", "com.hectorone.multismssender.MultiSmsSender"]}, {"fbe82fb95f3619a01a5fa3e566233058": ["0", "com.hectorone.multismssender.MultiSmsSender"]}, {"949b2f7840dad904d727e4970da960c3": ["1", "com.hectorone.multismssender.PhoneNumberSelection"]}, {"fbe82fb95f3619a01a5fa3e566233058": ["0", "com.hectorone.multismssender.MultiSmsSender"]}, {"1c697226dda1065dd1e317bdea0cc5ee": ["2", "com.hectorone.multismssender.MultiSmsSender"]}, {"fbe82fb95f3619a01a5fa3e566233058": ["0", "com.hectorone.multismssender.MultiSmsSender"]}, {"fbe82fb95f3619a01a5fa3e566233058": ["0", "com.hectorone.multismssender.MultiSmsSender"]}, {"949b2f7840dad904d727e4970da960c3": ["1", "com.hectorone.multismssender.PhoneNumberSelection"]}, {"fbe82fb95f3619a01a5fa3e566233058": ["0", "com.hectorone.multismssender.MultiSmsSender"]}, {"fbe82fb95f3619a01a5fa3e566233058": ["0", "com.hectorone.multismssender.MultiSmsSender"]}, {"fbe82fb95f3619a01a5fa3e566233058": ["0", "com.hectorone.multismssender.MultiSmsSender"]}, {"1c697226dda1065dd1e317bdea0cc5ee": ["2", "com.hectorone.multismssender.MultiSmsSender"]}, {"fbe82fb95f3619a01a5fa3e566233058": ["0", "com.hectorone.multismssender.MultiSmsSender"]}, {"fbe82fb95f3619a01a5fa3e566233058": ["0", "com.hectorone.multismssender.MultiSmsSender"]}, {"fbe82fb95f3619a01a5fa3e566233058": ["0", "com.hectorone.multismssender.MultiSmsSender"]}, {"fbe82fb95f3619a01a5fa3e566233058": ["0", "com.hectorone.multismssender.MultiSmsSender"]}, {"fbe82fb95f3619a01a5fa3e566233058": ["0", "com.hectorone.multismssender.MultiSmsSender"]}, {"fbe82fb95f3619a01a5fa3e566233058": ["0", "com.hectorone.multismssender.MultiSmsSender"]}, {"fbe82fb95f3619a01a5fa3e566233058": ["0", "com.hectorone.multismssender.MultiSmsSender"]}, {"fbe82fb95f3619a01a5fa3e566233058": ["0", "com.hectorone.multismssender.MultiSmsSender"]}, {"fbe82fb95f3619a01a5fa3e566233058": ["0", "com.hectorone.multismssender.MultiSmsSender"]}, {"fbe82fb95f3619a01a5fa3e566233058": ["0", "com.hectorone.multismssender.MultiSmsSender"]}, {"fbe82fb95f3619a01a5fa3e566233058": ["0", "com.hectorone.multismssender.MultiSmsSender"]}, {"fbe82fb95f3619a01a5fa3e566233058": ["0", "com.hectorone.multismssender.MultiSmsSender"]}, {"1c697226dda1065dd1e317bdea0cc5ee": ["2", "com.hectorone.multismssender.MultiSmsSender"]}, {"fbe82fb95f3619a01a5fa3e566233058": ["0", "com.hectorone.multismssender.MultiSmsSender"]}, {"fbe82fb95f3619a01a5fa3e566233058": ["0", "com.hectorone.multismssender.MultiSmsSender"]}, {"fbe82fb95f3619a01a5fa3e566233058": ["0", "com.hectorone.multismssender.MultiSmsSender"]}, {"fbe82fb95f3619a01a5fa3e566233058": ["0", "com.hectorone.multismssender.MultiSmsSender"]}, {"fbe82fb95f3619a01a5fa3e566233058": ["0", "com.hectorone.multismssender.MultiSmsSender"]}, {"fbe82fb95f3619a01a5fa3e566233058": ["0", "com.hectorone.multismssender.MultiSmsSender"]}, {"fbe82fb95f3619a01a5fa3e566233058": ["0", "com.hectorone.multismssender.MultiSmsSender"]}, {"fbe82fb95f3619a01a5fa3e566233058": ["0", "com.hectorone.multismssender.MultiSmsSender"]}, {"fbe82fb95f3619a01a5fa3e566233058": ["0", "com.hectorone.multismssender.MultiSmsSender"]}, {"fbe82fb95f3619a01a5fa3e566233058": ["0", "com.hectorone.multismssender.MultiSmsSender"]}, {"fbe82fb95f3619a01a5fa3e566233058": ["0", "com.hectorone.multismssender.MultiSmsSender"]}, {"fbe82fb95f3619a01a5fa3e566233058": ["0", "com.hectorone.multismssender.MultiSmsSender"]}, {"949b2f7840dad904d727e4970da960c3": ["1", "com.hectorone.multismssender.PhoneNumberSelection"]}, {"fbe82fb95f3619a01a5fa3e566233058": ["0", "com.hectorone.multismssender.MultiSmsSender"]}, {"fbe82fb95f3619a01a5fa3e566233058": ["0", "com.hectorone.multismssender.MultiSmsSender"]}, {"fbe82fb95f3619a01a5fa3e566233058": ["0", "com.hectorone.multismssender.MultiSmsSender"]}, {"fbe82fb95f3619a01a5fa3e566233058": ["0", "com.hectorone.multismssender.MultiSmsSender"]}, {"fbe82fb95f3619a01a5fa3e566233058": ["0", "com.hectorone.multismssender.MultiSmsSender"]}, {"fbe82fb95f3619a01a5fa3e566233058": ["0", "com.hectorone.multismssender.MultiSmsSender"]}, {"fbe82fb95f3619a01a5fa3e566233058": ["0", "com.hectorone.multismssender.MultiSmsSender"]}, {"1c697226dda1065dd1e317bdea0cc5ee": ["2", "com.hectorone.multismssender.MultiSmsSender"]}, {"fbe82fb95f3619a01a5fa3e566233058": ["0", "com.hectorone.multismssender.MultiSmsSender"]}, {"fbe82fb95f3619a01a5fa3e566233058": ["0", "com.hectorone.multismssender.MultiSmsSender"]}, {"fbe82fb95f3619a01a5fa3e566233058": ["0", "com.hectorone.multismssender.MultiSmsSender"]}, {"fbe82fb95f3619a01a5fa3e566233058": ["0", "com.hectorone.multismssender.MultiSmsSender"]}, {"1c697226dda1065dd1e317bdea0cc5ee": ["2", "com.hectorone.multismssender.MultiSmsSender"]}, {"fbe82fb95f3619a01a5fa3e566233058": ["0", "com.hectorone.multismssender.MultiSmsSender"]}, {"fbe82fb95f3619a01a5fa3e566233058": ["0", "com.hectorone.multismssender.MultiSmsSender"]}, {"fbe82fb95f3619a01a5fa3e566233058": ["0", "com.hectorone.multismssender.MultiSmsSender"]}, {"1c697226dda1065dd1e317bdea0cc5ee": ["2", "com.hectorone.multismssender.MultiSmsSender"]}, {"fbe82fb95f3619a01a5fa3e566233058": ["0", "com.hectorone.multismssender.MultiSmsSender"]}, {"fbe82fb95f3619a01a5fa3e566233058": ["0", "com.hectorone.multismssender.MultiSmsSender"]}, {"949b2f7840dad904d727e4970da960c3": ["1", "com.hectorone.multismssender.PhoneNumberSelection"]}, {"fbe82fb95f3619a01a5fa3e566233058": ["0", "com.hectorone.multismssender.MultiSmsSender"]}, {"fbe82fb95f3619a01a5fa3e566233058": ["0", "com.hectorone.multismssender.MultiSmsSender"]}, {"fbe82fb95f3619a01a5fa3e566233058": ["0", "com.hectorone.multismssender.MultiSmsSender"]}, {"fbe82fb95f3619a01a5fa3e566233058": ["0", "com.hectorone.multismssender.MultiSmsSender"]}, {"fbe82fb95f3619a01a5fa3e566233058": ["0", "com.hectorone.multismssender.MultiSmsSender"]}, {"1c697226dda1065dd1e317bdea0cc5ee": ["2", "com.hectorone.multismssender.MultiSmsSender"]}, {"fbe82fb95f3619a01a5fa3e566233058": ["0", "com.hectorone.multismssender.MultiSmsSender"]}, {"fbe82fb95f3619a01a5fa3e566233058": ["0", "com.hectorone.multismssender.MultiSmsSender"]}, {"fbe82fb95f3619a01a5fa3e566233058": ["0", "com.hectorone.multismssender.MultiSmsSender"]}, {"fbe82fb95f3619a01a5fa3e566233058": ["0", "com.hectorone.multismssender.MultiSmsSender"]}, {"fbe82fb95f3619a01a5fa3e566233058": ["0", "com.hectorone.multismssender.MultiSmsSender"]}, {"fbe82fb95f3619a01a5fa3e566233058": ["0", "com.hectorone.multismssender.MultiSmsSender"]}, {"fbe82fb95f3619a01a5fa3e566233058": ["0", "com.hectorone.multismssender.MultiSmsSender"]}, {"949b2f7840dad904d727e4970da960c3": ["1", "com.hectorone.multismssender.PhoneNumberSelection"]}, {"fbe82fb95f3619a01a5fa3e566233058": ["0", "com.hectorone.multismssender.MultiSmsSender"]}, {"fbe82fb95f3619a01a5fa3e566233058": ["0", "com.hectorone.multismssender.MultiSmsSender"]}, {"fbe82fb95f3619a01a5fa3e566233058": ["0", "com.hectorone.multismssender.MultiSmsSender"]}, {"fbe82fb95f3619a01a5fa3e566233058": ["0", "com.hectorone.multismssender.MultiSmsSender"]}, {"fbe82fb95f3619a01a5fa3e566233058": ["0", "com.hectorone.multismssender.MultiSmsSender"]}, {"fbe82fb95f3619a01a5fa3e566233058": ["0", "com.hectorone.multismssender.MultiSmsSender"]}, {"fbe82fb95f3619a01a5fa3e566233058": ["0", "com.hectorone.multismssender.MultiSmsSender"]}, {"949b2f7840dad904d727e4970da960c3": ["1", "com.hectorone.multismssender.PhoneNumberSelection"]}, {"fbe82fb95f3619a01a5fa3e566233058": ["0", "com.hectorone.multismssender.MultiSmsSender"]}, {"fbe82fb95f3619a01a5fa3e566233058": ["0", "com.hectorone.multismssender.MultiSmsSender"]}, {"949b2f7840dad904d727e4970da960c3": ["1", "com.hectorone.multismssender.PhoneNumberSelection"]}, {"fbe82fb95f3619a01a5fa3e566233058": ["0", "com.hectorone.multismssender.MultiSmsSender"]}, {"fbe82fb95f3619a01a5fa3e566233058": ["0", "com.hectorone.multismssender.MultiSmsSender"]}, {"949b2f7840dad904d727e4970da960c3": ["1", "com.hectorone.multismssender.PhoneNumberSelection"]}, {"fbe82fb95f3619a01a5fa3e566233058": ["0", "com.hectorone.multismssender.MultiSmsSender"]}, {"fbe82fb95f3619a01a5fa3e566233058": ["0", "com.hectorone.multismssender.MultiSmsSender"]}, {"fbe82fb95f3619a01a5fa3e566233058": ["0", "com.hectorone.multismssender.MultiSmsSender"]}, {"fbe82fb95f3619a01a5fa3e566233058": ["0", "com.hectorone.multismssender.MultiSmsSender"]}, {"949b2f7840dad904d727e4970da960c3": ["1", "com.hectorone.multismssender.PhoneNumberSelection"]}, {"fbe82fb95f3619a01a5fa3e566233058": ["0", "com.hectorone.multismssender.MultiSmsSender"]}, {"fbe82fb95f3619a01a5fa3e566233058": ["0", "com.hectorone.multismssender.MultiSmsSender"]}, {"949b2f7840dad904d727e4970da960c3": ["1", "com.hectorone.multismssender.PhoneNumberSelection"]}, {"fbe82fb95f3619a01a5fa3e566233058": ["0", "com.hectorone.multismssender.MultiSmsSender"]}, {"fbe82fb95f3619a01a5fa3e566233058": ["0", "com.hectorone.multismssender.MultiSmsSender"]}, {"fbe82fb95f3619a01a5fa3e566233058": ["0", "com.hectorone.multismssender.MultiSmsSender"]}, {"fbe82fb95f3619a01a5fa3e566233058": ["0", "com.hectorone.multismssender.MultiSmsSender"]}, {"949b2f7840dad904d727e4970da960c3": ["1", "com.hectorone.multismssender.PhoneNumberSelection"]}, {"fbe82fb95f3619a01a5fa3e566233058": ["0", "com.hectorone.multismssender.MultiSmsSender"]}, {"fbe82fb95f3619a01a5fa3e566233058": ["0", "com.hectorone.multismssender.MultiSmsSender"]}, {"1c697226dda1065dd1e317bdea0cc5ee": ["2", "com.hectorone.multismssender.MultiSmsSender"]}, {"fbe82fb95f3619a01a5fa3e566233058": ["0", "com.hectorone.multismssender.MultiSmsSender"]}, {"fbe82fb95f3619a01a5fa3e566233058": ["0", "com.hectorone.multismssender.MultiSmsSender"]}, {"fbe82fb95f3619a01a5fa3e566233058": ["0", "com.hectorone.multismssender.MultiSmsSender"]}, {"fbe82fb95f3619a01a5fa3e566233058": ["0", "com.hectorone.multismssender.MultiSmsSender"]}, {"fbe82fb95f3619a01a5fa3e566233058": ["0", "com.hectorone.multismssender.MultiSmsSender"]}, {"fbe82fb95f3619a01a5fa3e566233058": ["0", "com.hectorone.multismssender.MultiSmsSender"]}, {"fbe82fb95f3619a01a5fa3e566233058": ["0", "com.hectorone.multismssender.MultiSmsSender"]}, {"fbe82fb95f3619a01a5fa3e566233058": ["0", "com.hectorone.multismssender.MultiSmsSender"]}, {"fbe82fb95f3619a01a5fa3e566233058": ["0", "com.hectorone.multismssender.MultiSmsSender"]}, {"fbe82fb95f3619a01a5fa3e566233058": ["0", "com.hectorone.multismssender.MultiSmsSender"]}, {"949b2f7840dad904d727e4970da960c3": ["1", "com.hectorone.multismssender.PhoneNumberSelection"]}, {"fbe82fb95f3619a01a5fa3e566233058": ["0", "com.hectorone.multismssender.MultiSmsSender"]}, {"fbe82fb95f3619a01a5fa3e566233058": ["0", "com.hectorone.multismssender.MultiSmsSender"]}, {"fbe82fb95f3619a01a5fa3e566233058": ["0", "com.hectorone.multismssender.MultiSmsSender"]}, {"fbe82fb95f3619a01a5fa3e566233058": ["0", "com.hectorone.multismssender.MultiSmsSender"]}, {"fbe82fb95f3619a01a5fa3e566233058": ["0", "com.hectorone.multismssender.MultiSmsSender"]}, {"fbe82fb95f3619a01a5fa3e566233058": ["0", "com.hectorone.multismssender.MultiSmsSender"]}, {"fbe82fb95f3619a01a5fa3e566233058": ["0", "com.hectorone.multismssender.MultiSmsSender"]}, {"fbe82fb95f3619a01a5fa3e566233058": ["0", "com.hectorone.multismssender.MultiSmsSender"]}, {"1c697226dda1065dd1e317bdea0cc5ee": ["2", "com.hectorone.multismssender.MultiSmsSender"]}, {"fbe82fb95f3619a01a5fa3e566233058": ["0", "com.hectorone.multismssender.MultiSmsSender"]}, {"fbe82fb95f3619a01a5fa3e566233058": ["0", "com.hectorone.multismssender.MultiSmsSender"]}, {"fbe82fb95f3619a01a5fa3e566233058": ["0", "com.hectorone.multismssender.MultiSmsSender"]}, {"fbe82fb95f3619a01a5fa3e566233058": ["0", "com.hectorone.multismssender.MultiSmsSender"]}, {"fbe82fb95f3619a01a5fa3e566233058": ["0", "com.hectorone.multismssender.MultiSmsSender"]}, {"fbe82fb95f3619a01a5fa3e566233058": ["0", "com.hectorone.multismssender.MultiSmsSender"]}, {"fbe82fb95f3619a01a5fa3e566233058": ["0", "com.hectorone.multismssender.MultiSmsSender"]}, {"1c697226dda1065dd1e317bdea0cc5ee": ["2", "com.hectorone.multismssender.MultiSmsSender"]}, {"fbe82fb95f3619a01a5fa3e566233058": ["0", "com.hectorone.multismssender.MultiSmsSender"]}, {"fbe82fb95f3619a01a5fa3e566233058": ["0", "com.hectorone.multismssender.MultiSmsSender"]}, {"fbe82fb95f3619a01a5fa3e566233058": ["0", "com.hectorone.multismssender.MultiSmsSender"]}, {"fbe82fb95f3619a01a5fa3e566233058": ["0", "com.hectorone.multismssender.MultiSmsSender"]}, {"fbe82fb95f3619a01a5fa3e566233058": ["0", "com.hectorone.multismssender.MultiSmsSender"]}, {"fbe82fb95f3619a01a5fa3e566233058": ["0", "com.hectorone.multismssender.MultiSmsSender"]}, {"1c697226dda1065dd1e317bdea0cc5ee": ["2", "com.hectorone.multismssender.MultiSmsSender"]}, {"fbe82fb95f3619a01a5fa3e566233058": ["0", "com.hectorone.multismssender.MultiSmsSender"]}, {"fbe82fb95f3619a01a5fa3e566233058": ["0", "com.hectorone.multismssender.MultiSmsSender"]}, {"fbe82fb95f3619a01a5fa3e566233058": ["0", "com.hectorone.multismssender.MultiSmsSender"]}, {"fbe82fb95f3619a01a5fa3e566233058": ["0", "com.hectorone.multismssender.MultiSmsSender"]}, {"fbe82fb95f3619a01a5fa3e566233058": ["0", "com.hectorone.multismssender.MultiSmsSender"]}, {"fbe82fb95f3619a01a5fa3e566233058": ["0", "com.hectorone.multismssender.MultiSmsSender"]}, {"fbe82fb95f3619a01a5fa3e566233058": ["0", "com.hectorone.multismssender.MultiSmsSender"]}, {"fbe82fb95f3619a01a5fa3e566233058": ["0", "com.hectorone.multismssender.MultiSmsSender"]}, {"fbe82fb95f3619a01a5fa3e566233058": ["0", "com.hectorone.multismssender.MultiSmsSender"]}, {"fbe82fb95f3619a01a5fa3e566233058": ["0", "com.hectorone.multismssender.MultiSmsSender"]}, {"fbe82fb95f3619a01a5fa3e566233058": ["0", "com.hectorone.multismssender.MultiSmsSender"]}, {"fbe82fb95f3619a01a5fa3e566233058": ["0", "com.hectorone.multismssender.MultiSmsSender"]}, {"fbe82fb95f3619a01a5fa3e566233058": ["0", "com.hectorone.multismssender.MultiSmsSender"]}, {"fbe82fb95f3619a01a5fa3e566233058": ["0", "com.hectorone.multismssender.MultiSmsSender"]}, {"fbe82fb95f3619a01a5fa3e566233058": ["0", "com.hectorone.multismssender.MultiSmsSender"]}, {"fbe82fb95f3619a01a5fa3e566233058": ["0", "com.hectorone.multismssender.MultiSmsSender"]}, {"fbe82fb95f3619a01a5fa3e566233058": ["0", "com.hectorone.multismssender.MultiSmsSender"]}, {"fbe82fb95f3619a01a5fa3e566233058": ["0", "com.hectorone.multismssender.MultiSmsSender"]}, {"949b2f7840dad904d727e4970da960c3": ["1", "com.hectorone.multismssender.PhoneNumberSelection"]}, {"fbe82fb95f3619a01a5fa3e566233058": ["0", "com.hectorone.multismssender.MultiSmsSender"]}, {"fbe82fb95f3619a01a5fa3e566233058": ["0", "com.hectorone.multismssender.MultiSmsSender"]}, {"fbe82fb95f3619a01a5fa3e566233058": ["0", "com.hectorone.multismssender.MultiSmsSender"]}, {"949b2f7840dad904d727e4970da960c3": ["1", "com.hectorone.multismssender.PhoneNumberSelection"]}, {"fbe82fb95f3619a01a5fa3e566233058": ["0", "com.hectorone.multismssender.MultiSmsSender"]}, {"fbe82fb95f3619a01a5fa3e566233058": ["0", "com.hectorone.multismssender.MultiSmsSender"]}, {"fbe82fb95f3619a01a5fa3e566233058": ["0", "com.hectorone.multismssender.MultiSmsSender"]}, {"fbe82fb95f3619a01a5fa3e566233058": ["0", "com.hectorone.multismssender.MultiSmsSender"]}, {"fbe82fb95f3619a01a5fa3e566233058": ["0", "com.hectorone.multismssender.MultiSmsSender"]}, {"fbe82fb95f3619a01a5fa3e566233058": ["0", "com.hectorone.multismssender.MultiSmsSender"]}, {"fbe82fb95f3619a01a5fa3e566233058": ["0", "com.hectorone.multismssender.MultiSmsSender"]}, {"fbe82fb95f3619a01a5fa3e566233058": ["0", "com.hectorone.multismssender.MultiSmsSender"]}, {"fbe82fb95f3619a01a5fa3e566233058": ["0", "com.hectorone.multismssender.MultiSmsSender"]}, {"fbe82fb95f3619a01a5fa3e566233058": ["0", "com.hectorone.multismssender.MultiSmsSender"]}, {"fbe82fb95f3619a01a5fa3e566233058": ["0", "com.hectorone.multismssender.MultiSmsSender"]}, {"949b2f7840dad904d727e4970da960c3": ["1", "com.hectorone.multismssender.PhoneNumberSelection"]}, {"fbe82fb95f3619a01a5fa3e566233058": ["0", "com.hectorone.multismssender.MultiSmsSender"]}, {"fbe82fb95f3619a01a5fa3e566233058": ["0", "com.hectorone.multismssender.MultiSmsSender"]}, {"949b2f7840dad904d727e4970da960c3": ["1", "com.hectorone.multismssender.PhoneNumberSelection"]}, {"fbe82fb95f3619a01a5fa3e566233058": ["0", "com.hectorone.multismssender.MultiSmsSender"]}, {"fbe82fb95f3619a01a5fa3e566233058": ["0", "com.hectorone.multismssender.MultiSmsSender"]}, {"949b2f7840dad904d727e4970da960c3": ["1", "com.hectorone.multismssender.PhoneNumberSelection"]}, {"fbe82fb95f3619a01a5fa3e566233058": ["0", "com.hectorone.multismssender.MultiSmsSender"]}, {"fbe82fb95f3619a01a5fa3e566233058": ["0", "com.hectorone.multismssender.MultiSmsSender"]}, {"1c697226dda1065dd1e317bdea0cc5ee": ["2", "com.hectorone.multismssender.MultiSmsSender"]}, {"fbe82fb95f3619a01a5fa3e566233058": ["0", "com.hectorone.multismssender.MultiSmsSender"]}, {"fbe82fb95f3619a01a5fa3e566233058": ["0", "com.hectorone.multismssender.MultiSmsSender"]}, {"fbe82fb95f3619a01a5fa3e566233058": ["0", "com.hectorone.multismssender.MultiSmsSender"]}, {"fbe82fb95f3619a01a5fa3e566233058": ["0", "com.hectorone.multismssender.MultiSmsSender"]}, {"fbe82fb95f3619a01a5fa3e566233058": ["0", "com.hectorone.multismssender.MultiSmsSender"]}, {"fbe82fb95f3619a01a5fa3e566233058": ["0", "com.hectorone.multismssender.MultiSmsSender"]}, {"1c697226dda1065dd1e317bdea0cc5ee": ["2", "com.hectorone.multismssender.MultiSmsSender"]}, {"fbe82fb95f3619a01a5fa3e566233058": ["0", "com.hectorone.multismssender.MultiSmsSender"]}, {"fbe82fb95f3619a01a5fa3e566233058": ["0", "com.hectorone.multismssender.MultiSmsSender"]}, {"fbe82fb95f3619a01a5fa3e566233058": ["0", "com.hectorone.multismssender.MultiSmsSender"]}, {"949b2f7840dad904d727e4970da960c3": ["1", "com.hectorone.multismssender.PhoneNumberSelection"]}, {"fbe82fb95f3619a01a5fa3e566233058": ["0", "com.hectorone.multismssender.MultiSmsSender"]}, {"fbe82fb95f3619a01a5fa3e566233058": ["0", "com.hectorone.multismssender.MultiSmsSender"]}, {"fbe82fb95f3619a01a5fa3e566233058": ["0", "com.hectorone.multismssender.MultiSmsSender"]}, {"fbe82fb95f3619a01a5fa3e566233058": ["0", "com.hectorone.multismssender.MultiSmsSender"]}, {"fbe82fb95f3619a01a5fa3e566233058": ["0", "com.hectorone.multismssender.MultiSmsSender"]}, {"fbe82fb95f3619a01a5fa3e566233058": ["0", "com.hectorone.multismssender.MultiSmsSender"]}, {"fbe82fb95f3619a01a5fa3e566233058": ["0", "com.hectorone.multismssender.MultiSmsSender"]}, {"fbe82fb95f3619a01a5fa3e566233058": ["0", "com.hectorone.multismssender.MultiSmsSender"]}, {"1c697226dda1065dd1e317bdea0cc5ee": ["2", "com.hectorone.multismssender.MultiSmsSender"]}, {"fbe82fb95f3619a01a5fa3e566233058": ["0", "com.hectorone.multismssender.MultiSmsSender"]}, {"fbe82fb95f3619a01a5fa3e566233058": ["0", "com.hectorone.multismssender.MultiSmsSender"]}, {"fbe82fb95f3619a01a5fa3e566233058": ["0", "com.hectorone.multismssender.MultiSmsSender"]}, {"fbe82fb95f3619a01a5fa3e566233058": ["0", "com.hectorone.multismssender.MultiSmsSender"]}, {"fbe82fb95f3619a01a5fa3e566233058": ["0", "com.hectorone.multismssender.MultiSmsSender"]}, {"fbe82fb95f3619a01a5fa3e566233058": ["0", "com.hectorone.multismssender.MultiSmsSender"]}, {"fbe82fb95f3619a01a5fa3e566233058": ["0", "com.hectorone.multismssender.MultiSmsSender"]}, {"fbe82fb95f3619a01a5fa3e566233058": ["0", "com.hectorone.multismssender.MultiSmsSender"]}, {"fbe82fb95f3619a01a5fa3e566233058": ["0", "com.hectorone.multismssender.MultiSmsSender"]}, {"fbe82fb95f3619a01a5fa3e566233058": ["0", "com.hectorone.multismssender.MultiSmsSender"]}, {"fbe82fb95f3619a01a5fa3e566233058": ["0", "com.hectorone.multismssender.MultiSmsSender"]}, {"fbe82fb95f3619a01a5fa3e566233058": ["0", "com.hectorone.multismssender.MultiSmsSender"]}, {"fbe82fb95f3619a01a5fa3e566233058": ["0", "com.hectorone.multismssender.MultiSmsSender"]}, {"fbe82fb95f3619a01a5fa3e566233058": ["0", "com.hectorone.multismssender.MultiSmsSender"]}, {"1c697226dda1065dd1e317bdea0cc5ee": ["2", "com.hectorone.multismssender.MultiSmsSender"]}, {"fbe82fb95f3619a01a5fa3e566233058": ["0", "com.hectorone.multismssender.MultiSmsSender"]}, {"fbe82fb95f3619a01a5fa3e566233058": ["0", "com.hectorone.multismssender.MultiSmsSender"]}, {"949b2f7840dad904d727e4970da960c3": ["1", "com.hectorone.multismssender.PhoneNumberSelection"]}, {"fbe82fb95f3619a01a5fa3e566233058": ["0", "com.hectorone.multismssender.MultiSmsSender"]}, {"fbe82fb95f3619a01a5fa3e566233058": ["0", "com.hectorone.multismssender.MultiSmsSender"]}, {"949b2f7840dad904d727e4970da960c3": ["1", "com.hectorone.multismssender.PhoneNumberSelection"]}, {"fbe82fb95f3619a01a5fa3e566233058": ["0", "com.hectorone.multismssender.MultiSmsSender"]}, {"fbe82fb95f3619a01a5fa3e566233058": ["0", "com.hectorone.multismssender.MultiSmsSender"]}, {"fbe82fb95f3619a01a5fa3e566233058": ["0", "com.hectorone.multismssender.MultiSmsSender"]}, {"fbe82fb95f3619a01a5fa3e566233058": ["0", "com.hectorone.multismssender.MultiSmsSender"]}, {"fbe82fb95f3619a01a5fa3e566233058": ["0", "com.hectorone.multismssender.MultiSmsSender"]}, {"fbe82fb95f3619a01a5fa3e566233058": ["0", "com.hectorone.multismssender.MultiSmsSender"]}, {"1c697226dda1065dd1e317bdea0cc5ee": ["2", "com.hectorone.multismssender.MultiSmsSender"]}, {"fbe82fb95f3619a01a5fa3e566233058": ["0", "com.hectorone.multismssender.MultiSmsSender"]}, {"949b2f7840dad904d727e4970da960c3": ["1", "com.hectorone.multismssender.PhoneNumberSelection"]}, {"fbe82fb95f3619a01a5fa3e566233058": ["0", "com.hectorone.multismssender.MultiSmsSender"]}, {"fbe82fb95f3619a01a5fa3e566233058": ["0", "com.hectorone.multismssender.MultiSmsSender"]}, {"fbe82fb95f3619a01a5fa3e566233058": ["0", "com.hectorone.multismssender.MultiSmsSender"]}, {"fbe82fb95f3619a01a5fa3e566233058": ["0", "com.hectorone.multismssender.MultiSmsSender"]}, {"949b2f7840dad904d727e4970da960c3": ["1", "com.hectorone.multismssender.PhoneNumberSelection"]}, {"fbe82fb95f3619a01a5fa3e566233058": ["0", "com.hectorone.multismssender.MultiSmsSender"]}, {"fbe82fb95f3619a01a5fa3e566233058": ["0", "com.hectorone.multismssender.MultiSmsSender"]}, {"fbe82fb95f3619a01a5fa3e566233058": ["0", "com.hectorone.multismssender.MultiSmsSender"]}, {"fbe82fb95f3619a01a5fa3e566233058": ["0", "com.hectorone.multismssender.MultiSmsSender"]}, {"fbe82fb95f3619a01a5fa3e566233058": ["0", "com.hectorone.multismssender.MultiSmsSender"]}, {"fbe82fb95f3619a01a5fa3e566233058": ["0", "com.hectorone.multismssender.MultiSmsSender"]}, {"fbe82fb95f3619a01a5fa3e566233058": ["0", "com.hectorone.multismssender.MultiSmsSender"]}, {"1c697226dda1065dd1e317bdea0cc5ee": ["2", "com.hectorone.multismssender.MultiSmsSender"]}, {"fbe82fb95f3619a01a5fa3e566233058": ["0", "com.hectorone.multismssender.MultiSmsSender"]}, {"fbe82fb95f3619a01a5fa3e566233058": ["0", "com.hectorone.multismssender.MultiSmsSender"]}, {"fbe82fb95f3619a01a5fa3e566233058": ["0", "com.hectorone.multismssender.MultiSmsSender"]}, {"fbe82fb95f3619a01a5fa3e566233058": ["0", "com.hectorone.multismssender.MultiSmsSender"]}, {"fbe82fb95f3619a01a5fa3e566233058": ["0", "com.hectorone.multismssender.MultiSmsSender"]}, {"fbe82fb95f3619a01a5fa3e566233058": ["0", "com.hectorone.multismssender.MultiSmsSender"]}, {"fbe82fb95f3619a01a5fa3e566233058": ["0", "com.hectorone.multismssender.MultiSmsSender"]}, {"fbe82fb95f3619a01a5fa3e566233058": ["0", "com.hectorone.multismssender.MultiSmsSender"]}, {"1c697226dda1065dd1e317bdea0cc5ee": ["2", "com.hectorone.multismssender.MultiSmsSender"]}, {"fbe82fb95f3619a01a5fa3e566233058": ["0", "com.hectorone.multismssender.MultiSmsSender"]}, {"fbe82fb95f3619a01a5fa3e566233058": ["0", "com.hectorone.multismssender.MultiSmsSender"]}, {"fbe82fb95f3619a01a5fa3e566233058": ["0", "com.hectorone.multismssender.MultiSmsSender"]}, {"fbe82fb95f3619a01a5fa3e566233058": ["0", "com.hectorone.multismssender.MultiSmsSender"]}, {"fbe82fb95f3619a01a5fa3e566233058": ["0", "com.hectorone.multismssender.MultiSmsSender"]}, {"fbe82fb95f3619a01a5fa3e566233058": ["0", "com.hectorone.multismssender.MultiSmsSender"]}, {"fbe82fb95f3619a01a5fa3e566233058": ["0", "com.hectorone.multismssender.MultiSmsSender"]}, {"949b2f7840dad904d727e4970da960c3": ["1", "com.hectorone.multismssender.PhoneNumberSelection"]}, {"fbe82fb95f3619a01a5fa3e566233058": ["0", "com.hectorone.multismssender.MultiSmsSender"]}, {"fbe82fb95f3619a01a5fa3e566233058": ["0", "com.hectorone.multismssender.MultiSmsSender"]}, {"fbe82fb95f3619a01a5fa3e566233058": ["0", "com.hectorone.multismssender.MultiSmsSender"]}, {"fbe82fb95f3619a01a5fa3e566233058": ["0", "com.hectorone.multismssender.MultiSmsSender"]}, {"fbe82fb95f3619a01a5fa3e566233058": ["0", "com.hectorone.multismssender.MultiSmsSender"]}, {"fbe82fb95f3619a01a5fa3e566233058": ["0", "com.hectorone.multismssender.MultiSmsSender"]}, {"fbe82fb95f3619a01a5fa3e566233058": ["0", "com.hectorone.multismssender.MultiSmsSender"]}, {"fbe82fb95f3619a01a5fa3e566233058": ["0", "com.hectorone.multismssender.MultiSmsSender"]}, {"fbe82fb95f3619a01a5fa3e566233058": ["0", "com.hectorone.multismssender.MultiSmsSender"]}, {"fbe82fb95f3619a01a5fa3e566233058": ["0", "com.hectorone.multismssender.MultiSmsSender"]}, {"1c697226dda1065dd1e317bdea0cc5ee": ["2", "com.hectorone.multismssender.MultiSmsSender"]}, {"fbe82fb95f3619a01a5fa3e566233058": ["0", "com.hectorone.multismssender.MultiSmsSender"]}, {"fbe82fb95f3619a01a5fa3e566233058": ["0", "com.hectorone.multismssender.MultiSmsSender"]}, {"fbe82fb95f3619a01a5fa3e566233058": ["0", "com.hectorone.multismssender.MultiSmsSender"]}, {"fbe82fb95f3619a01a5fa3e566233058": ["0", "com.hectorone.multismssender.MultiSmsSender"]}, {"fbe82fb95f3619a01a5fa3e566233058": ["0", "com.hectorone.multismssender.MultiSmsSender"]}, {"fbe82fb95f3619a01a5fa3e566233058": ["0", "com.hectorone.multismssender.MultiSmsSender"]}, {"fbe82fb95f3619a01a5fa3e566233058": ["0", "com.hectorone.multismssender.MultiSmsSender"]}, {"fbe82fb95f3619a01a5fa3e566233058": ["0", "com.hectorone.multismssender.MultiSmsSender"]}, {"fbe82fb95f3619a01a5fa3e566233058": ["0", "com.hectorone.multismssender.MultiSmsSender"]}, {"949b2f7840dad904d727e4970da960c3": ["1", "com.hectorone.multismssender.PhoneNumberSelection"]}, {"fbe82fb95f3619a01a5fa3e566233058": ["0", "com.hectorone.multismssender.MultiSmsSender"]}, {"fbe82fb95f3619a01a5fa3e566233058": ["0", "com.hectorone.multismssender.MultiSmsSender"]}, {"fbe82fb95f3619a01a5fa3e566233058": ["0", "com.hectorone.multismssender.MultiSmsSender"]}, {"fbe82fb95f3619a01a5fa3e566233058": ["0", "com.hectorone.multismssender.MultiSmsSender"]}, {"fbe82fb95f3619a01a5fa3e566233058": ["0", "com.hectorone.multismssender.MultiSmsSender"]}, {"fbe82fb95f3619a01a5fa3e566233058": ["0", "com.hectorone.multismssender.MultiSmsSender"]}, {"fbe82fb95f3619a01a5fa3e566233058": ["0", "com.hectorone.multismssender.MultiSmsSender"]}, {"fbe82fb95f3619a01a5fa3e566233058": ["0", "com.hectorone.multismssender.MultiSmsSender"]}, {"1c697226dda1065dd1e317bdea0cc5ee": ["2", "com.hectorone.multismssender.MultiSmsSender"]}, {"fbe82fb95f3619a01a5fa3e566233058": ["0", "com.hectorone.multismssender.MultiSmsSender"]}, {"fbe82fb95f3619a01a5fa3e566233058": ["0", "com.hectorone.multismssender.MultiSmsSender"]}, {"fbe82fb95f3619a01a5fa3e566233058": ["0", "com.hectorone.multismssender.MultiSmsSender"]}, {"fbe82fb95f3619a01a5fa3e566233058": ["0", "com.hectorone.multismssender.MultiSmsSender"]}, {"fbe82fb95f3619a01a5fa3e566233058": ["0", "com.hectorone.multismssender.MultiSmsSender"]}, {"fbe82fb95f3619a01a5fa3e566233058": ["0", "com.hectorone.multismssender.MultiSmsSender"]}, {"fbe82fb95f3619a01a5fa3e566233058": ["0", "com.hectorone.multismssender.MultiSmsSender"]}, {"fbe82fb95f3619a01a5fa3e566233058": ["0", "com.hectorone.multismssender.MultiSmsSender"]}, {"fbe82fb95f3619a01a5fa3e566233058": ["0", "com.hectorone.multismssender.MultiSmsSender"]}, {"fbe82fb95f3619a01a5fa3e566233058": ["0", "com.hectorone.multismssender.MultiSmsSender"]}, {"fbe82fb95f3619a01a5fa3e566233058": ["0", "com.hectorone.multismssender.MultiSmsSender"]}, {"949b2f7840dad904d727e4970da960c3": ["1", "com.hectorone.multismssender.PhoneNumberSelection"]}, {"fbe82fb95f3619a01a5fa3e566233058": ["0", "com.hectorone.multismssender.MultiSmsSender"]}, {"fbe82fb95f3619a01a5fa3e566233058": ["0", "com.hectorone.multismssender.MultiSmsSender"]}, {"1c697226dda1065dd1e317bdea0cc5ee": ["2", "com.hectorone.multismssender.MultiSmsSender"]}, {"fbe82fb95f3619a01a5fa3e566233058": ["0", "com.hectorone.multismssender.MultiSmsSender"]}, {"fbe82fb95f3619a01a5fa3e566233058": ["0", "com.hectorone.multismssender.MultiSmsSender"]}, {"fbe82fb95f3619a01a5fa3e566233058": ["0", "com.hectorone.multismssender.MultiSmsSender"]}, {"fbe82fb95f3619a01a5fa3e566233058": ["0", "com.hectorone.multismssender.MultiSmsSender"]}, {"fbe82fb95f3619a01a5fa3e566233058": ["0", "com.hectorone.multismssender.MultiSmsSender"]}, {"fbe82fb95f3619a01a5fa3e566233058": ["0", "com.hectorone.multismssender.MultiSmsSender"]}, {"fbe82fb95f3619a01a5fa3e566233058": ["0", "com.hectorone.multismssender.MultiSmsSender"]}, {"949b2f7840dad904d727e4970da960c3": ["1", "com.hectorone.multismssender.PhoneNumberSelection"]}, {"fbe82fb95f3619a01a5fa3e566233058": ["0", "com.hectorone.multismssender.MultiSmsSender"]}, {"949b2f7840dad904d727e4970da960c3": ["1", "com.hectorone.multismssender.PhoneNumberSelection"]}, {"fbe82fb95f3619a01a5fa3e566233058": ["0", "com.hectorone.multismssender.MultiSmsSender"]}, {"1c697226dda1065dd1e317bdea0cc5ee": ["2", "com.hectorone.multismssender.MultiSmsSender"]}, {"fbe82fb95f3619a01a5fa3e566233058": ["0", "com.hectorone.multismssender.MultiSmsSender"]}, {"fbe82fb95f3619a01a5fa3e566233058": ["0", "com.hectorone.multismssender.MultiSmsSender"]}, {"fbe82fb95f3619a01a5fa3e566233058": ["0", "com.hectorone.multismssender.MultiSmsSender"]}, {"fbe82fb95f3619a01a5fa3e566233058": ["0", "com.hectorone.multismssender.MultiSmsSender"]}, {"fbe82fb95f3619a01a5fa3e566233058": ["0", "com.hectorone.multismssender.MultiSmsSender"]}, {"949b2f7840dad904d727e4970da960c3": ["1", "com.hectorone.multismssender.PhoneNumberSelection"]}, {"fbe82fb95f3619a01a5fa3e566233058": ["0", "com.hectorone.multismssender.MultiSmsSender"]}, {"fbe82fb95f3619a01a5fa3e566233058": ["0", "com.hectorone.multismssender.MultiSmsSender"]}, {"fbe82fb95f3619a01a5fa3e566233058": ["0", "com.hectorone.multismssender.MultiSmsSender"]}, {"fbe82fb95f3619a01a5fa3e566233058": ["0", "com.hectorone.multismssender.MultiSmsSender"]}, {"fbe82fb95f3619a01a5fa3e566233058": ["0", "com.hectorone.multismssender.MultiSmsSender"]}, {"fbe82fb95f3619a01a5fa3e566233058": ["0", "com.hectorone.multismssender.MultiSmsSender"]}, {"949b2f7840dad904d727e4970da960c3": ["1", "com.hectorone.multismssender.PhoneNumberSelection"]}, {"fbe82fb95f3619a01a5fa3e566233058": ["0", "com.hectorone.multismssender.MultiSmsSender"]}, {"fbe82fb95f3619a01a5fa3e566233058": ["0", "com.hectorone.multismssender.MultiSmsSender"]}, {"fbe82fb95f3619a01a5fa3e566233058": ["0", "com.hectorone.multismssender.MultiSmsSender"]}, {"fbe82fb95f3619a01a5fa3e566233058": ["0", "com.hectorone.multismssender.MultiSmsSender"]}, {"fbe82fb95f3619a01a5fa3e566233058": ["0", "com.hectorone.multismssender.MultiSmsSender"]}, {"fbe82fb95f3619a01a5fa3e566233058": ["0", "com.hectorone.multismssender.MultiSmsSender"]}, {"fbe82fb95f3619a01a5fa3e566233058": ["0", "com.hectorone.multismssender.MultiSmsSender"]}, {"fbe82fb95f3619a01a5fa3e566233058": ["0", "com.hectorone.multismssender.MultiSmsSender"]}, {"fbe82fb95f3619a01a5fa3e566233058": ["0", "com.hectorone.multismssender.MultiSmsSender"]}, {"fbe82fb95f3619a01a5fa3e566233058": ["0", "com.hectorone.multismssender.MultiSmsSender"]}, {"fbe82fb95f3619a01a5fa3e566233058": ["0", "com.hectorone.multismssender.MultiSmsSender"]}, {"fbe82fb95f3619a01a5fa3e566233058": ["0", "com.hectorone.multismssender.MultiSmsSender"]}, {"fbe82fb95f3619a01a5fa3e566233058": ["0", "com.hectorone.multismssender.MultiSmsSender"]}, {"fbe82fb95f3619a01a5fa3e566233058": ["0", "com.hectorone.multismssender.MultiSmsSender"]}, {"949b2f7840dad904d727e4970da960c3": ["1", "com.hectorone.multismssender.PhoneNumberSelection"]}, {"fbe82fb95f3619a01a5fa3e566233058": ["0", "com.hectorone.multismssender.MultiSmsSender"]}, {"fbe82fb95f3619a01a5fa3e566233058": ["0", "com.hectorone.multismssender.MultiSmsSender"]}, {"fbe82fb95f3619a01a5fa3e566233058": ["0", "com.hectorone.multismssender.MultiSmsSender"]}, {"fbe82fb95f3619a01a5fa3e566233058": ["0", "com.hectorone.multismssender.MultiSmsSender"]}, {"fbe82fb95f3619a01a5fa3e566233058": ["0", "com.hectorone.multismssender.MultiSmsSender"]}, {"fbe82fb95f3619a01a5fa3e566233058": ["0", "com.hectorone.multismssender.MultiSmsSender"]}, {"fbe82fb95f3619a01a5fa3e566233058": ["0", "com.hectorone.multismssender.MultiSmsSender"]}, {"fbe82fb95f3619a01a5fa3e566233058": ["0", "com.hectorone.multismssender.MultiSmsSender"]}, {"fbe82fb95f3619a01a5fa3e566233058": ["0", "com.hectorone.multismssender.MultiSmsSender"]}, {"fbe82fb95f3619a01a5fa3e566233058": ["0", "com.hectorone.multismssender.MultiSmsSender"]}, {"fbe82fb95f3619a01a5fa3e566233058": ["0", "com.hectorone.multismssender.MultiSmsSender"]}, {"fbe82fb95f3619a01a5fa3e566233058": ["0", "com.hectorone.multismssender.MultiSmsSender"]}, {"1c697226dda1065dd1e317bdea0cc5ee": ["2", "com.hectorone.multismssender.MultiSmsSender"]}, {"fbe82fb95f3619a01a5fa3e566233058": ["0", "com.hectorone.multismssender.MultiSmsSender"]}, {"fbe82fb95f3619a01a5fa3e566233058": ["0", "com.hectorone.multismssender.MultiSmsSender"]}, {"fbe82fb95f3619a01a5fa3e566233058": ["0", "com.hectorone.multismssender.MultiSmsSender"]}, {"fbe82fb95f3619a01a5fa3e566233058": ["0", "com.hectorone.multismssender.MultiSmsSender"]}, {"949b2f7840dad904d727e4970da960c3": ["1", "com.hectorone.multismssender.PhoneNumberSelection"]}, {"fbe82fb95f3619a01a5fa3e566233058": ["0", "com.hectorone.multismssender.MultiSmsSender"]}, {"fbe82fb95f3619a01a5fa3e566233058": ["0", "com.hectorone.multismssender.MultiSmsSender"]}, {"1c697226dda1065dd1e317bdea0cc5ee": ["2", "com.hectorone.multismssender.MultiSmsSender"]}, {"fbe82fb95f3619a01a5fa3e566233058": ["0", "com.hectorone.multismssender.MultiSmsSender"]}, {"fbe82fb95f3619a01a5fa3e566233058": ["0", "com.hectorone.multismssender.MultiSmsSender"]}, {"949b2f7840dad904d727e4970da960c3": ["1", "com.hectorone.multismssender.PhoneNumberSelection"]}, {"fbe82fb95f3619a01a5fa3e566233058": ["0", "com.hectorone.multismssender.MultiSmsSender"]}, {"949b2f7840dad904d727e4970da960c3": ["1", "com.hectorone.multismssender.PhoneNumberSelection"]}, {"fbe82fb95f3619a01a5fa3e566233058": ["0", "com.hectorone.multismssender.MultiSmsSender"]}, {"fbe82fb95f3619a01a5fa3e566233058": ["0", "com.hectorone.multismssender.MultiSmsSender"]}, {"fbe82fb95f3619a01a5fa3e566233058": ["0", "com.hectorone.multismssender.MultiSmsSender"]}, {"1c697226dda1065dd1e317bdea0cc5ee": ["2", "com.hectorone.multismssender.MultiSmsSender"]}, {"fbe82fb95f3619a01a5fa3e566233058": ["0", "com.hectorone.multismssender.MultiSmsSender"]}, {"fbe82fb95f3619a01a5fa3e566233058": ["0", "com.hectorone.multismssender.MultiSmsSender"]}, {"fbe82fb95f3619a01a5fa3e566233058": ["0", "com.hectorone.multismssender.MultiSmsSender"]}, {"fbe82fb95f3619a01a5fa3e566233058": ["0", "com.hectorone.multismssender.MultiSmsSender"]}, {"fbe82fb95f3619a01a5fa3e566233058": ["0", "com.hectorone.multismssender.MultiSmsSender"]}, {"fbe82fb95f3619a01a5fa3e566233058": ["0", "com.hectorone.multismssender.MultiSmsSender"]}, {"fbe82fb95f3619a01a5fa3e566233058": ["0", "com.hectorone.multismssender.MultiSmsSender"]}, {"949b2f7840dad904d727e4970da960c3": ["1", "com.hectorone.multismssender.PhoneNumberSelection"]}, {"fbe82fb95f3619a01a5fa3e566233058": ["0", "com.hectorone.multismssender.MultiSmsSender"]}, {"1c697226dda1065dd1e317bdea0cc5ee": ["2", "com.hectorone.multismssender.MultiSmsSender"]}, {"fbe82fb95f3619a01a5fa3e566233058": ["0", "com.hectorone.multismssender.MultiSmsSender"]}, {"1c697226dda1065dd1e317bdea0cc5ee": ["2", "com.hectorone.multismssender.MultiSmsSender"]}, {"fbe82fb95f3619a01a5fa3e566233058": ["0", "com.hectorone.multismssender.MultiSmsSender"]}, {"fbe82fb95f3619a01a5fa3e566233058": ["0", "com.hectorone.multismssender.MultiSmsSender"]}, {"949b2f7840dad904d727e4970da960c3": ["1", "com.hectorone.multismssender.PhoneNumberSelection"]}, {"fbe82fb95f3619a01a5fa3e566233058": ["0", "com.hectorone.multismssender.MultiSmsSender"]}, {"fbe82fb95f3619a01a5fa3e566233058": ["0", "com.hectorone.multismssender.MultiSmsSender"]}, {"fbe82fb95f3619a01a5fa3e566233058": ["0", "com.hectorone.multismssender.MultiSmsSender"]}, {"fbe82fb95f3619a01a5fa3e566233058": ["0", "com.hectorone.multismssender.MultiSmsSender"]}, {"fbe82fb95f3619a01a5fa3e566233058": ["0", "com.hectorone.multismssender.MultiSmsSender"]}, {"fbe82fb95f3619a01a5fa3e566233058": ["0", "com.hectorone.multismssender.MultiSmsSender"]}, {"fbe82fb95f3619a01a5fa3e566233058": ["0", "com.hectorone.multismssender.MultiSmsSender"]}, {"fbe82fb95f3619a01a5fa3e566233058": ["0", "com.hectorone.multismssender.MultiSmsSender"]}, {"fbe82fb95f3619a01a5fa3e566233058": ["0", "com.hectorone.multismssender.MultiSmsSender"]}, {"fbe82fb95f3619a01a5fa3e566233058": ["0", "com.hectorone.multismssender.MultiSmsSender"]}, {"fbe82fb95f3619a01a5fa3e566233058": ["0", "com.hectorone.multismssender.MultiSmsSender"]}, {"fbe82fb95f3619a01a5fa3e566233058": ["0", "com.hectorone.multismssender.MultiSmsSender"]}, {"fbe82fb95f3619a01a5fa3e566233058": ["0", "com.hectorone.multismssender.MultiSmsSender"]}, {"fbe82fb95f3619a01a5fa3e566233058": ["0", "com.hectorone.multismssender.MultiSmsSender"]}, {"fbe82fb95f3619a01a5fa3e566233058": ["0", "com.hectorone.multismssender.MultiSmsSender"]}, {"fbe82fb95f3619a01a5fa3e566233058": ["0", "com.hectorone.multismssender.MultiSmsSender"]}, {"fbe82fb95f3619a01a5fa3e566233058": ["0", "com.hectorone.multismssender.MultiSmsSender"]}, {"fbe82fb95f3619a01a5fa3e566233058": ["0", "com.hectorone.multismssender.MultiSmsSender"]}, {"fbe82fb95f3619a01a5fa3e566233058": ["0", "com.hectorone.multismssender.MultiSmsSender"]}, {"fbe82fb95f3619a01a5fa3e566233058": ["0", "com.hectorone.multismssender.MultiSmsSender"]}, {"fbe82fb95f3619a01a5fa3e566233058": ["0", "com.hectorone.multismssender.MultiSmsSender"]}, {"1c697226dda1065dd1e317bdea0cc5ee": ["2", "com.hectorone.multismssender.MultiSmsSender"]}, {"fbe82fb95f3619a01a5fa3e566233058": ["0", "com.hectorone.multismssender.MultiSmsSender"]}, {"fbe82fb95f3619a01a5fa3e566233058": ["0", "com.hectorone.multismssender.MultiSmsSender"]}, {"1c697226dda1065dd1e317bdea0cc5ee": ["2", "com.hectorone.multismssender.MultiSmsSender"]}, {"fbe82fb95f3619a01a5fa3e566233058": ["0", "com.hectorone.multismssender.MultiSmsSender"]}, {"fbe82fb95f3619a01a5fa3e566233058": ["0", "com.hectorone.multismssender.MultiSmsSender"]}, {"fbe82fb95f3619a01a5fa3e566233058": ["0", "com.hectorone.multismssender.MultiSmsSender"]}, {"fbe82fb95f3619a01a5fa3e566233058": ["0", "com.hectorone.multismssender.MultiSmsSender"]}, {"949b2f7840dad904d727e4970da960c3": ["1", "com.hectorone.multismssender.PhoneNumberSelection"]}, {"fbe82fb95f3619a01a5fa3e566233058": ["0", "com.hectorone.multismssender.MultiSmsSender"]}, {"fbe82fb95f3619a01a5fa3e566233058": ["0", "com.hectorone.multismssender.MultiSmsSender"]}, {"fbe82fb95f3619a01a5fa3e566233058": ["0", "com.hectorone.multismssender.MultiSmsSender"]}, {"fbe82fb95f3619a01a5fa3e566233058": ["0", "com.hectorone.multismssender.MultiSmsSender"]}, {"fbe82fb95f3619a01a5fa3e566233058": ["0", "com.hectorone.multismssender.MultiSmsSender"]}, {"fbe82fb95f3619a01a5fa3e566233058": ["0", "com.hectorone.multismssender.MultiSmsSender"]}, {"fbe82fb95f3619a01a5fa3e566233058": ["0", "com.hectorone.multismssender.MultiSmsSender"]}, {"fbe82fb95f3619a01a5fa3e566233058": ["0", "com.hectorone.multismssender.MultiSmsSender"]}, {"fbe82fb95f3619a01a5fa3e566233058": ["0", "com.hectorone.multismssender.MultiSmsSender"]}, {"fbe82fb95f3619a01a5fa3e566233058": ["0", "com.hectorone.multismssender.MultiSmsSender"]}, {"fbe82fb95f3619a01a5fa3e566233058": ["0", "com.hectorone.multismssender.MultiSmsSender"]}, {"fbe82fb95f3619a01a5fa3e566233058": ["0", "com.hectorone.multismssender.MultiSmsSender"]}, {"fbe82fb95f3619a01a5fa3e566233058": ["0", "com.hectorone.multismssender.MultiSmsSender"]}, {"fbe82fb95f3619a01a5fa3e566233058": ["0", "com.hectorone.multismssender.MultiSmsSender"]}, {"fbe82fb95f3619a01a5fa3e566233058": ["0", "com.hectorone.multismssender.MultiSmsSender"]}, {"fbe82fb95f3619a01a5fa3e566233058": ["0", "com.hectorone.multismssender.MultiSmsSender"]}, {"949b2f7840dad904d727e4970da960c3": ["1", "com.hectorone.multismssender.PhoneNumberSelection"]}, {"fbe82fb95f3619a01a5fa3e566233058": ["0", "com.hectorone.multismssender.MultiSmsSender"]}, {"fbe82fb95f3619a01a5fa3e566233058": ["0", "com.hectorone.multismssender.MultiSmsSender"]}, {"fbe82fb95f3619a01a5fa3e566233058": ["0", "com.hectorone.multismssender.MultiSmsSender"]}, {"fbe82fb95f3619a01a5fa3e566233058": ["0", "com.hectorone.multismssender.MultiSmsSender"]}, {"fbe82fb95f3619a01a5fa3e566233058": ["0", "com.hectorone.multismssender.MultiSmsSender"]}, {"fbe82fb95f3619a01a5fa3e566233058": ["0", "com.hectorone.multismssender.MultiSmsSender"]}, {"949b2f7840dad904d727e4970da960c3": ["1", "com.hectorone.multismssender.PhoneNumberSelection"]}, {"fbe82fb95f3619a01a5fa3e566233058": ["0", "com.hectorone.multismssender.MultiSmsSender"]}, {"fbe82fb95f3619a01a5fa3e566233058": ["0", "com.hectorone.multismssender.MultiSmsSender"]}, {"fbe82fb95f3619a01a5fa3e566233058": ["0", "com.hectorone.multismssender.MultiSmsSender"]}, {"fbe82fb95f3619a01a5fa3e566233058": ["0", "com.hectorone.multismssender.MultiSmsSender"]}, {"fbe82fb95f3619a01a5fa3e566233058": ["0", "com.hectorone.multismssender.MultiSmsSender"]}, {"fbe82fb95f3619a01a5fa3e566233058": ["0", "com.hectorone.multismssender.MultiSmsSender"]}, {"fbe82fb95f3619a01a5fa3e566233058": ["0", "com.hectorone.multismssender.MultiSmsSender"]}, {"949b2f7840dad904d727e4970da960c3": ["1", "com.hectorone.multismssender.PhoneNumberSelection"]}, {"fbe82fb95f3619a01a5fa3e566233058": ["0", "com.hectorone.multismssender.MultiSmsSender"]}, {"fbe82fb95f3619a01a5fa3e566233058": ["0", "com.hectorone.multismssender.MultiSmsSender"]}, {"fbe82fb95f3619a01a5fa3e566233058": ["0", "com.hectorone.multismssender.MultiSmsSender"]}, {"fbe82fb95f3619a01a5fa3e566233058": ["0", "com.hectorone.multismssender.MultiSmsSender"]}, {"fbe82fb95f3619a01a5fa3e566233058": ["0", "com.hectorone.multismssender.MultiSmsSender"]}, {"fbe82fb95f3619a01a5fa3e566233058": ["0", "com.hectorone.multismssender.MultiSmsSender"]}, {"fbe82fb95f3619a01a5fa3e566233058": ["0", "com.hectorone.multismssender.MultiSmsSender"]}, {"1c697226dda1065dd1e317bdea0cc5ee": ["2", "com.hectorone.multismssender.MultiSmsSender"]}, {"fbe82fb95f3619a01a5fa3e566233058": ["0", "com.hectorone.multismssender.MultiSmsSender"]}, {"fbe82fb95f3619a01a5fa3e566233058": ["0", "com.hectorone.multismssender.MultiSmsSender"]}, {"1c697226dda1065dd1e317bdea0cc5ee": ["2", "com.hectorone.multismssender.MultiSmsSender"]}, {"fbe82fb95f3619a01a5fa3e566233058": ["0", "com.hectorone.multismssender.MultiSmsSender"]}, {"fbe82fb95f3619a01a5fa3e566233058": ["0", "com.hectorone.multismssender.MultiSmsSender"]}, {"fbe82fb95f3619a01a5fa3e566233058": ["0", "com.hectorone.multismssender.MultiSmsSender"]}, {"fbe82fb95f3619a01a5fa3e566233058": ["0", "com.hectorone.multismssender.MultiSmsSender"]}, {"fbe82fb95f3619a01a5fa3e566233058": ["0", "com.hectorone.multismssender.MultiSmsSender"]}, {"fbe82fb95f3619a01a5fa3e566233058": ["0", "com.hectorone.multismssender.MultiSmsSender"]}, {"fbe82fb95f3619a01a5fa3e566233058": ["0", "com.hectorone.multismssender.MultiSmsSender"]}, {"fbe82fb95f3619a01a5fa3e566233058": ["0", "com.hectorone.multismssender.MultiSmsSender"]}, {"fbe82fb95f3619a01a5fa3e566233058": ["0", "com.hectorone.multismssender.MultiSmsSender"]}, {"fbe82fb95f3619a01a5fa3e566233058": ["0", "com.hectorone.multismssender.MultiSmsSender"]}, {"949b2f7840dad904d727e4970da960c3": ["1", "com.hectorone.multismssender.PhoneNumberSelection"]}, {"fbe82fb95f3619a01a5fa3e566233058": ["0", "com.hectorone.multismssender.MultiSmsSender"]}, {"fbe82fb95f3619a01a5fa3e566233058": ["0", "com.hectorone.multismssender.MultiSmsSender"]}, {"fbe82fb95f3619a01a5fa3e566233058": ["0", "com.hectorone.multismssender.MultiSmsSender"]}, {"fbe82fb95f3619a01a5fa3e566233058": ["0", "com.hectorone.multismssender.MultiSmsSender"]}, {"fbe82fb95f3619a01a5fa3e566233058": ["0", "com.hectorone.multismssender.MultiSmsSender"]}, {"949b2f7840dad904d727e4970da960c3": ["1", "com.hectorone.multismssender.PhoneNumberSelection"]}, {"fbe82fb95f3619a01a5fa3e566233058": ["0", "com.hectorone.multismssender.MultiSmsSender"]}, {"fbe82fb95f3619a01a5fa3e566233058": ["0", "com.hectorone.multismssender.MultiSmsSender"]}, {"fbe82fb95f3619a01a5fa3e566233058": ["0", "com.hectorone.multismssender.MultiSmsSender"]}, {"fbe82fb95f3619a01a5fa3e566233058": ["0", "com.hectorone.multismssender.MultiSmsSender"]}, {"fbe82fb95f3619a01a5fa3e566233058": ["0", "com.hectorone.multismssender.MultiSmsSender"]}, {"fbe82fb95f3619a01a5fa3e566233058": ["0", "com.hectorone.multismssender.MultiSmsSender"]}, {"fbe82fb95f3619a01a5fa3e566233058": ["0", "com.hectorone.multismssender.MultiSmsSender"]}, {"fbe82fb95f3619a01a5fa3e566233058": ["0", "com.hectorone.multismssender.MultiSmsSender"]}, {"fbe82fb95f3619a01a5fa3e566233058": ["0", "com.hectorone.multismssender.MultiSmsSender"]}, {"fbe82fb95f3619a01a5fa3e566233058": ["0", "com.hectorone.multismssender.MultiSmsSender"]}, {"949b2f7840dad904d727e4970da960c3": ["1", "com.hectorone.multismssender.PhoneNumberSelection"]}, {"fbe82fb95f3619a01a5fa3e566233058": ["0", "com.hectorone.multismssender.MultiSmsSender"]}, {"fbe82fb95f3619a01a5fa3e566233058": ["0", "com.hectorone.multismssender.MultiSmsSender"]}, {"fbe82fb95f3619a01a5fa3e566233058": ["0", "com.hectorone.multismssender.MultiSmsSender"]}, {"fbe82fb95f3619a01a5fa3e566233058": ["0", "com.hectorone.multismssender.MultiSmsSender"]}, {"fbe82fb95f3619a01a5fa3e566233058": ["0", "com.hectorone.multismssender.MultiSmsSender"]}, {"949b2f7840dad904d727e4970da960c3": ["1", "com.hectorone.multismssender.PhoneNumberSelection"]}, {"fbe82fb95f3619a01a5fa3e566233058": ["0", "com.hectorone.multismssender.MultiSmsSender"]}, {"fbe82fb95f3619a01a5fa3e566233058": ["0", "com.hectorone.multismssender.MultiSmsSender"]}, {"fbe82fb95f3619a01a5fa3e566233058": ["0", "com.hectorone.multismssender.MultiSmsSender"]}, {"949b2f7840dad904d727e4970da960c3": ["1", "com.hectorone.multismssender.PhoneNumberSelection"]}, {"fbe82fb95f3619a01a5fa3e566233058": ["0", "com.hectorone.multismssender.MultiSmsSender"]}, {"fbe82fb95f3619a01a5fa3e566233058": ["0", "com.hectorone.multismssender.MultiSmsSender"]}, {"fbe82fb95f3619a01a5fa3e566233058": ["0", "com.hectorone.multismssender.MultiSmsSender"]}, {"fbe82fb95f3619a01a5fa3e566233058": ["0", "com.hectorone.multismssender.MultiSmsSender"]}, {"fbe82fb95f3619a01a5fa3e566233058": ["0", "com.hectorone.multismssender.MultiSmsSender"]}, {"fbe82fb95f3619a01a5fa3e566233058": ["0", "com.hectorone.multismssender.MultiSmsSender"]}, {"fbe82fb95f3619a01a5fa3e566233058": ["0", "com.hectorone.multismssender.MultiSmsSender"]}, {"fbe82fb95f3619a01a5fa3e566233058": ["0", "com.hectorone.multismssender.MultiSmsSender"]}, {"fbe82fb95f3619a01a5fa3e566233058": ["0", "com.hectorone.multismssender.MultiSmsSender"]}, {"fbe82fb95f3619a01a5fa3e566233058": ["0", "com.hectorone.multismssender.MultiSmsSender"]}, {"fbe82fb95f3619a01a5fa3e566233058": ["0", "com.hectorone.multismssender.MultiSmsSender"]}, {"949b2f7840dad904d727e4970da960c3": ["1", "com.hectorone.multismssender.PhoneNumberSelection"]}, {"fbe82fb95f3619a01a5fa3e566233058": ["0", "com.hectorone.multismssender.MultiSmsSender"]}, {"fbe82fb95f3619a01a5fa3e566233058": ["0", "com.hectorone.multismssender.MultiSmsSender"]}, {"fbe82fb95f3619a01a5fa3e566233058": ["0", "com.hectorone.multismssender.MultiSmsSender"]}, {"fbe82fb95f3619a01a5fa3e566233058": ["0", "com.hectorone.multismssender.MultiSmsSender"]}, {"fbe82fb95f3619a01a5fa3e566233058": ["0", "com.hectorone.multismssender.MultiSmsSender"]}, {"fbe82fb95f3619a01a5fa3e566233058": ["0", "com.hectorone.multismssender.MultiSmsSender"]}, {"949b2f7840dad904d727e4970da960c3": ["1", "com.hectorone.multismssender.PhoneNumberSelection"]}, {"fbe82fb95f3619a01a5fa3e566233058": ["0", "com.hectorone.multismssender.MultiSmsSender"]}, {"fbe82fb95f3619a01a5fa3e566233058": ["0", "com.hectorone.multismssender.MultiSmsSender"]}, {"fbe82fb95f3619a01a5fa3e566233058": ["0", "com.hectorone.multismssender.MultiSmsSender"]}, {"fbe82fb95f3619a01a5fa3e566233058": ["0", "com.hectorone.multismssender.MultiSmsSender"]}, {"949b2f7840dad904d727e4970da960c3": ["1", "com.hectorone.multismssender.PhoneNumberSelection"]}, {"fbe82fb95f3619a01a5fa3e566233058": ["0", "com.hectorone.multismssender.MultiSmsSender"]}, {"fbe82fb95f3619a01a5fa3e566233058": ["0", "com.hectorone.multismssender.MultiSmsSender"]}, {"fbe82fb95f3619a01a5fa3e566233058": ["0", "com.hectorone.multismssender.MultiSmsSender"]}, {"fbe82fb95f3619a01a5fa3e566233058": ["0", "com.hectorone.multismssender.MultiSmsSender"]}, {"fbe82fb95f3619a01a5fa3e566233058": ["0", "com.hectorone.multismssender.MultiSmsSender"]}, {"fbe82fb95f3619a01a5fa3e566233058": ["0", "com.hectorone.multismssender.MultiSmsSender"]}, {"fbe82fb95f3619a01a5fa3e566233058": ["0", "com.hectorone.multismssender.MultiSmsSender"]}, {"fbe82fb95f3619a01a5fa3e566233058": ["0", "com.hectorone.multismssender.MultiSmsSender"]}, {"1c697226dda1065dd1e317bdea0cc5ee": ["2", "com.hectorone.multismssender.MultiSmsSender"]}, {"fbe82fb95f3619a01a5fa3e566233058": ["0", "com.hectorone.multismssender.MultiSmsSender"]}, {"fbe82fb95f3619a01a5fa3e566233058": ["0", "com.hectorone.multismssender.MultiSmsSender"]}, {"fbe82fb95f3619a01a5fa3e566233058": ["0", "com.hectorone.multismssender.MultiSmsSender"]}, {"fbe82fb95f3619a01a5fa3e566233058": ["0", "com.hectorone.multismssender.MultiSmsSender"]}, {"fbe82fb95f3619a01a5fa3e566233058": ["0", "com.hectorone.multismssender.MultiSmsSender"]}, {"fbe82fb95f3619a01a5fa3e566233058": ["0", "com.hectorone.multismssender.MultiSmsSender"]}, {"949b2f7840dad904d727e4970da960c3": ["1", "com.hectorone.multismssender.PhoneNumberSelection"]}, {"fbe82fb95f3619a01a5fa3e566233058": ["0", "com.hectorone.multismssender.MultiSmsSender"]}, {"fbe82fb95f3619a01a5fa3e566233058": ["0", "com.hectorone.multismssender.MultiSmsSender"]}, {"fbe82fb95f3619a01a5fa3e566233058": ["0", "com.hectorone.multismssender.MultiSmsSender"]}, {"fbe82fb95f3619a01a5fa3e566233058": ["0", "com.hectorone.multismssender.MultiSmsSender"]}, {"fbe82fb95f3619a01a5fa3e566233058": ["0", "com.hectorone.multismssender.MultiSmsSender"]}, {"949b2f7840dad904d727e4970da960c3": ["1", "com.hectorone.multismssender.PhoneNumberSelection"]}, {"fbe82fb95f3619a01a5fa3e566233058": ["0", "com.hectorone.multismssender.MultiSmsSender"]}, {"fbe82fb95f3619a01a5fa3e566233058": ["0", "com.hectorone.multismssender.MultiSmsSender"]}, {"949b2f7840dad904d727e4970da960c3": ["1", "com.hectorone.multismssender.PhoneNumberSelection"]}, {"fbe82fb95f3619a01a5fa3e566233058": ["0", "com.hectorone.multismssender.MultiSmsSender"]}, {"fbe82fb95f3619a01a5fa3e566233058": ["0", "com.hectorone.multismssender.MultiSmsSender"]}, {"fbe82fb95f3619a01a5fa3e566233058": ["0", "com.hectorone.multismssender.MultiSmsSender"]}, {"fbe82fb95f3619a01a5fa3e566233058": ["0", "com.hectorone.multismssender.MultiSmsSender"]}, {"fbe82fb95f3619a01a5fa3e566233058": ["0", "com.hectorone.multismssender.MultiSmsSender"]}, {"fbe82fb95f3619a01a5fa3e566233058": ["0", "com.hectorone.multismssender.MultiSmsSender"]}, {"fbe82fb95f3619a01a5fa3e566233058": ["0", "com.hectorone.multismssender.MultiSmsSender"]}, {"fbe82fb95f3619a01a5fa3e566233058": ["0", "com.hectorone.multismssender.MultiSmsSender"]}, {"fbe82fb95f3619a01a5fa3e566233058": ["0", "com.hectorone.multismssender.MultiSmsSender"]}, {"fbe82fb95f3619a01a5fa3e566233058": ["0", "com.hectorone.multismssender.MultiSmsSender"]}, {"fbe82fb95f3619a01a5fa3e566233058": ["0", "com.hectorone.multismssender.MultiSmsSender"]}, {"fbe82fb95f3619a01a5fa3e566233058": ["0", "com.hectorone.multismssender.MultiSmsSender"]}, {"fbe82fb95f3619a01a5fa3e566233058": ["0", "com.hectorone.multismssender.MultiSmsSender"]}, {"fbe82fb95f3619a01a5fa3e566233058": ["0", "com.hectorone.multismssender.MultiSmsSender"]}, {"949b2f7840dad904d727e4970da960c3": ["1", "com.hectorone.multismssender.PhoneNumberSelection"]}, {"fbe82fb95f3619a01a5fa3e566233058": ["0", "com.hectorone.multismssender.MultiSmsSender"]}, {"fbe82fb95f3619a01a5fa3e566233058": ["0", "com.hectorone.multismssender.MultiSmsSender"]}, {"fbe82fb95f3619a01a5fa3e566233058": ["0", "com.hectorone.multismssender.MultiSmsSender"]}, {"fbe82fb95f3619a01a5fa3e566233058": ["0", "com.hectorone.multismssender.MultiSmsSender"]}, {"fbe82fb95f3619a01a5fa3e566233058": ["0", "com.hectorone.multismssender.MultiSmsSender"]}, {"fbe82fb95f3619a01a5fa3e566233058": ["0", "com.hectorone.multismssender.MultiSmsSender"]}, {"fbe82fb95f3619a01a5fa3e566233058": ["0", "com.hectorone.multismssender.MultiSmsSender"]}, {"fbe82fb95f3619a01a5fa3e566233058": ["0", "com.hectorone.multismssender.MultiSmsSender"]}, {"fbe82fb95f3619a01a5fa3e566233058": ["0", "com.hectorone.multismssender.MultiSmsSender"]}, {"fbe82fb95f3619a01a5fa3e566233058": ["0", "com.hectorone.multismssender.MultiSmsSender"]}, {"fbe82fb95f3619a01a5fa3e566233058": ["0", "com.hectorone.multismssender.MultiSmsSender"]}, {"fbe82fb95f3619a01a5fa3e566233058": ["0", "com.hectorone.multismssender.MultiSmsSender"]}, {"fbe82fb95f3619a01a5fa3e566233058": ["0", "com.hectorone.multismssender.MultiSmsSender"]}, {"fbe82fb95f3619a01a5fa3e566233058": ["0", "com.hectorone.multismssender.MultiSmsSender"]}, {"1c697226dda1065dd1e317bdea0cc5ee": ["2", "com.hectorone.multismssender.MultiSmsSender"]}, {"fbe82fb95f3619a01a5fa3e566233058": ["0", "com.hectorone.multismssender.MultiSmsSender"]}, {"fbe82fb95f3619a01a5fa3e566233058": ["0", "com.hectorone.multismssender.MultiSmsSender"]}, {"fbe82fb95f3619a01a5fa3e566233058": ["0", "com.hectorone.multismssender.MultiSmsSender"]}, {"fbe82fb95f3619a01a5fa3e566233058": ["0", "com.hectorone.multismssender.MultiSmsSender"]}, {"fbe82fb95f3619a01a5fa3e566233058": ["0", "com.hectorone.multismssender.MultiSmsSender"]}, {"fbe82fb95f3619a01a5fa3e566233058": ["0", "com.hectorone.multismssender.MultiSmsSender"]}, {"fbe82fb95f3619a01a5fa3e566233058": ["0", "com.hectorone.multismssender.MultiSmsSender"]}, {"fbe82fb95f3619a01a5fa3e566233058": ["0", "com.hectorone.multismssender.MultiSmsSender"]}, {"fbe82fb95f3619a01a5fa3e566233058": ["0", "com.hectorone.multismssender.MultiSmsSender"]}, {"fbe82fb95f3619a01a5fa3e566233058": ["0", "com.hectorone.multismssender.MultiSmsSender"]}, {"fbe82fb95f3619a01a5fa3e566233058": ["0", "com.hectorone.multismssender.MultiSmsSender"]}, {"949b2f7840dad904d727e4970da960c3": ["1", "com.hectorone.multismssender.PhoneNumberSelection"]}, {"fbe82fb95f3619a01a5fa3e566233058": ["0", "com.hectorone.multismssender.MultiSmsSender"]}, {"949b2f7840dad904d727e4970da960c3": ["1", "com.hectorone.multismssender.PhoneNumberSelection"]}, {"fbe82fb95f3619a01a5fa3e566233058": ["0", "com.hectorone.multismssender.MultiSmsSender"]}, {"fbe82fb95f3619a01a5fa3e566233058": ["0", "com.hectorone.multismssender.MultiSmsSender"]}, {"fbe82fb95f3619a01a5fa3e566233058": ["0", "com.hectorone.multismssender.MultiSmsSender"]}, {"fbe82fb95f3619a01a5fa3e566233058": ["0", "com.hectorone.multismssender.MultiSmsSender"]}, {"fbe82fb95f3619a01a5fa3e566233058": ["0", "com.hectorone.multismssender.MultiSmsSender"]}, {"fbe82fb95f3619a01a5fa3e566233058": ["0", "com.hectorone.multismssender.MultiSmsSender"]}, {"fbe82fb95f3619a01a5fa3e566233058": ["0", "com.hectorone.multismssender.MultiSmsSender"]}, {"949b2f7840dad904d727e4970da960c3": ["1", "com.hectorone.multismssender.PhoneNumberSelection"]}, {"fbe82fb95f3619a01a5fa3e566233058": ["0", "com.hectorone.multismssender.MultiSmsSender"]}, {"fbe82fb95f3619a01a5fa3e566233058": ["0", "com.hectorone.multismssender.MultiSmsSender"]}, {"fbe82fb95f3619a01a5fa3e566233058": ["0", "com.hectorone.multismssender.MultiSmsSender"]}, {"fbe82fb95f3619a01a5fa3e566233058": ["0", "com.hectorone.multismssender.MultiSmsSender"]}, {"1c697226dda1065dd1e317bdea0cc5ee": ["2", "com.hectorone.multismssender.MultiSmsSender"]}, {"fbe82fb95f3619a01a5fa3e566233058": ["0", "com.hectorone.multismssender.MultiSmsSender"]}, {"fbe82fb95f3619a01a5fa3e566233058": ["0", "com.hectorone.multismssender.MultiSmsSender"]}, {"fbe82fb95f3619a01a5fa3e566233058": ["0", "com.hectorone.multismssender.MultiSmsSender"]}, {"fbe82fb95f3619a01a5fa3e566233058": ["0", "com.hectorone.multismssender.MultiSmsSender"]}, {"fbe82fb95f3619a01a5fa3e566233058": ["0", "com.hectorone.multismssender.MultiSmsSender"]}, {"fbe82fb95f3619a01a5fa3e566233058": ["0", "com.hectorone.multismssender.MultiSmsSender"]}, {"fbe82fb95f3619a01a5fa3e566233058": ["0", "com.hectorone.multismssender.MultiSmsSender"]}, {"949b2f7840dad904d727e4970da960c3": ["1", "com.hectorone.multismssender.PhoneNumberSelection"]}, {"fbe82fb95f3619a01a5fa3e566233058": ["0", "com.hectorone.multismssender.MultiSmsSender"]}, {"fbe82fb95f3619a01a5fa3e566233058": ["0", "com.hectorone.multismssender.MultiSmsSender"]}, {"fbe82fb95f3619a01a5fa3e566233058": ["0", "com.hectorone.multismssender.MultiSmsSender"]}, {"fbe82fb95f3619a01a5fa3e566233058": ["0", "com.hectorone.multismssender.MultiSmsSender"]}, {"fbe82fb95f3619a01a5fa3e566233058": ["0", "com.hectorone.multismssender.MultiSmsSender"]}, {"fbe82fb95f3619a01a5fa3e566233058": ["0", "com.hectorone.multismssender.MultiSmsSender"]}, {"fbe82fb95f3619a01a5fa3e566233058": ["0", "com.hectorone.multismssender.MultiSmsSender"]}, {"fbe82fb95f3619a01a5fa3e566233058": ["0", "com.hectorone.multismssender.MultiSmsSender"]}, {"fbe82fb95f3619a01a5fa3e566233058": ["0", "com.hectorone.multismssender.MultiSmsSender"]}, {"fbe82fb95f3619a01a5fa3e566233058": ["0", "com.hectorone.multismssender.MultiSmsSender"]}, {"fbe82fb95f3619a01a5fa3e566233058": ["0", "com.hectorone.multismssender.MultiSmsSender"]}, {"fbe82fb95f3619a01a5fa3e566233058": ["0", "com.hectorone.multismssender.MultiSmsSender"]}, {"fbe82fb95f3619a01a5fa3e566233058": ["0", "com.hectorone.multismssender.MultiSmsSender"]}, {"fbe82fb95f3619a01a5fa3e566233058": ["0", "com.hectorone.multismssender.MultiSmsSender"]}, {"fbe82fb95f3619a01a5fa3e566233058": ["0", "com.hectorone.multismssender.MultiSmsSender"]}, {"fbe82fb95f3619a01a5fa3e566233058": ["0", "com.hectorone.multismssender.MultiSmsSender"]}, {"fbe82fb95f3619a01a5fa3e566233058": ["0", "com.hectorone.multismssender.MultiSmsSender"]}, {"fbe82fb95f3619a01a5fa3e566233058": ["0", "com.hectorone.multismssender.MultiSmsSender"]}, {"fbe82fb95f3619a01a5fa3e566233058": ["0", "com.hectorone.multismssender.MultiSmsSender"]}, {"fbe82fb95f3619a01a5fa3e566233058": ["0", "com.hectorone.multismssender.MultiSmsSender"]}, {"fbe82fb95f3619a01a5fa3e566233058": ["0", "com.hectorone.multismssender.MultiSmsSender"]}, {"fbe82fb95f3619a01a5fa3e566233058": ["0", "com.hectorone.multismssender.MultiSmsSender"]}, {"1c697226dda1065dd1e317bdea0cc5ee": ["2", "com.hectorone.multismssender.MultiSmsSender"]}, {"fbe82fb95f3619a01a5fa3e566233058": ["0", "com.hectorone.multismssender.MultiSmsSender"]}, {"fbe82fb95f3619a01a5fa3e566233058": ["0", "com.hectorone.multismssender.MultiSmsSender"]}, {"fbe82fb95f3619a01a5fa3e566233058": ["0", "com.hectorone.multismssender.MultiSmsSender"]}, {"fbe82fb95f3619a01a5fa3e566233058": ["0", "com.hectorone.multismssender.MultiSmsSender"]}, {"fbe82fb95f3619a01a5fa3e566233058": ["0", "com.hectorone.multismssender.MultiSmsSender"]}, {"fbe82fb95f3619a01a5fa3e566233058": ["0", "com.hectorone.multismssender.MultiSmsSender"]}, {"fbe82fb95f3619a01a5fa3e566233058": ["0", "com.hectorone.multismssender.MultiSmsSender"]}, {"fbe82fb95f3619a01a5fa3e566233058": ["0", "com.hectorone.multismssender.MultiSmsSender"]}, {"fbe82fb95f3619a01a5fa3e566233058": ["0", "com.hectorone.multismssender.MultiSmsSender"]}, {"949b2f7840dad904d727e4970da960c3": ["1", "com.hectorone.multismssender.PhoneNumberSelection"]}, {"fbe82fb95f3619a01a5fa3e566233058": ["0", "com.hectorone.multismssender.MultiSmsSender"]}, {"fbe82fb95f3619a01a5fa3e566233058": ["0", "com.hectorone.multismssender.MultiSmsSender"]}, {"1c697226dda1065dd1e317bdea0cc5ee": ["2", "com.hectorone.multismssender.MultiSmsSender"]}, {"fbe82fb95f3619a01a5fa3e566233058": ["0", "com.hectorone.multismssender.MultiSmsSender"]}, {"fbe82fb95f3619a01a5fa3e566233058": ["0", "com.hectorone.multismssender.MultiSmsSender"]}, {"fbe82fb95f3619a01a5fa3e566233058": ["0", "com.hectorone.multismssender.MultiSmsSender"]}, {"fbe82fb95f3619a01a5fa3e566233058": ["0", "com.hectorone.multismssender.MultiSmsSender"]}, {"fbe82fb95f3619a01a5fa3e566233058": ["0", "com.hectorone.multismssender.MultiSmsSender"]}, {"fbe82fb95f3619a01a5fa3e566233058": ["0", "com.hectorone.multismssender.MultiSmsSender"]}, {"fbe82fb95f3619a01a5fa3e566233058": ["0", "com.hectorone.multismssender.MultiSmsSender"]}, {"fbe82fb95f3619a01a5fa3e566233058": ["0", "com.hectorone.multismssender.MultiSmsSender"]}, {"1c697226dda1065dd1e317bdea0cc5ee": ["2", "com.hectorone.multismssender.MultiSmsSender"]}, {"fbe82fb95f3619a01a5fa3e566233058": ["0", "com.hectorone.multismssender.MultiSmsSender"]}, {"fbe82fb95f3619a01a5fa3e566233058": ["0", "com.hectorone.multismssender.MultiSmsSender"]}, {"fbe82fb95f3619a01a5fa3e566233058": ["0", "com.hectorone.multismssender.MultiSmsSender"]}, {"fbe82fb95f3619a01a5fa3e566233058": ["0", "com.hectorone.multismssender.MultiSmsSender"]}, {"fbe82fb95f3619a01a5fa3e566233058": ["0", "com.hectorone.multismssender.MultiSmsSender"]}, {"fbe82fb95f3619a01a5fa3e566233058": ["0", "com.hectorone.multismssender.MultiSmsSender"]}, {"fbe82fb95f3619a01a5fa3e566233058": ["0", "com.hectorone.multismssender.MultiSmsSender"]}, {"fbe82fb95f3619a01a5fa3e566233058": ["0", "com.hectorone.multismssender.MultiSmsSender"]}, {"fbe82fb95f3619a01a5fa3e566233058": ["0", "com.hectorone.multismssender.MultiSmsSender"]}, {"fbe82fb95f3619a01a5fa3e566233058": ["0", "com.hectorone.multismssender.MultiSmsSender"]}, {"fbe82fb95f3619a01a5fa3e566233058": ["0", "com.hectorone.multismssender.MultiSmsSender"]}, {"fbe82fb95f3619a01a5fa3e566233058": ["0", "com.hectorone.multismssender.MultiSmsSender"]}, {"fbe82fb95f3619a01a5fa3e566233058": ["0", "com.hectorone.multismssender.MultiSmsSender"]}, {"fbe82fb95f3619a01a5fa3e566233058": ["0", "com.hectorone.multismssender.MultiSmsSender"]}, {"fbe82fb95f3619a01a5fa3e566233058": ["0", "com.hectorone.multismssender.MultiSmsSender"]}, {"fbe82fb95f3619a01a5fa3e566233058": ["0", "com.hectorone.multismssender.MultiSmsSender"]}, {"fbe82fb95f3619a01a5fa3e566233058": ["0", "com.hectorone.multismssender.MultiSmsSender"]}, {"fbe82fb95f3619a01a5fa3e566233058": ["0", "com.hectorone.multismssender.MultiSmsSender"]}, {"1c697226dda1065dd1e317bdea0cc5ee": ["2", "com.hectorone.multismssender.MultiSmsSender"]}, {"fbe82fb95f3619a01a5fa3e566233058": ["0", "com.hectorone.multismssender.MultiSmsSender"]}, {"fbe82fb95f3619a01a5fa3e566233058": ["0", "com.hectorone.multismssender.MultiSmsSender"]}, {"fbe82fb95f3619a01a5fa3e566233058": ["0", "com.hectorone.multismssender.MultiSmsSender"]}, {"fbe82fb95f3619a01a5fa3e566233058": ["0", "com.hectorone.multismssender.MultiSmsSender"]}, {"fbe82fb95f3619a01a5fa3e566233058": ["0", "com.hectorone.multismssender.MultiSmsSender"]}, {"949b2f7840dad904d727e4970da960c3": ["1", "com.hectorone.multismssender.PhoneNumberSelection"]}, {"fbe82fb95f3619a01a5fa3e566233058": ["0", "com.hectorone.multismssender.MultiSmsSender"]}, {"fbe82fb95f3619a01a5fa3e566233058": ["0", "com.hectorone.multismssender.MultiSmsSender"]}, {"fbe82fb95f3619a01a5fa3e566233058": ["0", "com.hectorone.multismssender.MultiSmsSender"]}, {"fbe82fb95f3619a01a5fa3e566233058": ["0", "com.hectorone.multismssender.MultiSmsSender"]}, {"fbe82fb95f3619a01a5fa3e566233058": ["0", "com.hectorone.multismssender.MultiSmsSender"]}, {"fbe82fb95f3619a01a5fa3e566233058": ["0", "com.hectorone.multismssender.MultiSmsSender"]}]