[{"82331d028fbdd6c521c00da710f23daf": ["0", "jp.gr.java_conf.hatalab.mnv.MainActivity"]}, {"82331d028fbdd6c521c00da710f23daf": ["0", "jp.gr.java_conf.hatalab.mnv.MainActivity"]}, {"573e5072875fcf3fa465d0f111360a4f": ["1", "jp.gr.java_conf.hatalab.mnv.MainActivity"]}, {"573e5072875fcf3fa465d0f111360a4f": ["1", "jp.gr.java_conf.hatalab.mnv.MainActivity"]}, {"82331d028fbdd6c521c00da710f23daf": ["0", "jp.gr.java_conf.hatalab.mnv.MainActivity"]}, {"573e5072875fcf3fa465d0f111360a4f": ["1", "jp.gr.java_conf.hatalab.mnv.MainActivity"]}, {"82331d028fbdd6c521c00da710f23daf": ["0", "jp.gr.java_conf.hatalab.mnv.MainActivity"]}, {"573e5072875fcf3fa465d0f111360a4f": ["1", "jp.gr.java_conf.hatalab.mnv.MainActivity"]}, {"82331d028fbdd6c521c00da710f23daf": ["0", "jp.gr.java_conf.hatalab.mnv.MainActivity"]}, {"573e5072875fcf3fa465d0f111360a4f": ["1", "jp.gr.java_conf.hatalab.mnv.MainActivity"]}, {"82331d028fbdd6c521c00da710f23daf": ["0", "jp.gr.java_conf.hatalab.mnv.MainActivity"]}, {"82331d028fbdd6c521c00da710f23daf": ["0", "jp.gr.java_conf.hatalab.mnv.MainActivity"]}, {"82331d028fbdd6c521c00da710f23daf": ["0", "jp.gr.java_conf.hatalab.mnv.MainActivity"]}, {"573e5072875fcf3fa465d0f111360a4f": ["1", "jp.gr.java_conf.hatalab.mnv.MainActivity"]}, {"82331d028fbdd6c521c00da710f23daf": ["0", "jp.gr.java_conf.hatalab.mnv.MainActivity"]}, {"573e5072875fcf3fa465d0f111360a4f": ["1", "jp.gr.java_conf.hatalab.mnv.MainActivity"]}, {"82331d028fbdd6c521c00da710f23daf": ["0", "jp.gr.java_conf.hatalab.mnv.MainActivity"]}, {"573e5072875fcf3fa465d0f111360a4f": ["1", "jp.gr.java_conf.hatalab.mnv.MainActivity"]}, {"82331d028fbdd6c521c00da710f23daf": ["0", "jp.gr.java_conf.hatalab.mnv.MainActivity"]}, {"ced35a833c1e22a41b5b068606eb9718": ["2", "jp.gr.java_conf.hatalab.mnv.MainActivity"]}, {"ced35a833c1e22a41b5b068606eb9718": ["2", "jp.gr.java_conf.hatalab.mnv.MainActivity"]}, {"ced35a833c1e22a41b5b068606eb9718": ["2", "jp.gr.java_conf.hatalab.mnv.MainActivity"]}, {"82331d028fbdd6c521c00da710f23daf": ["0", "jp.gr.java_conf.hatalab.mnv.MainActivity"]}, {"82331d028fbdd6c521c00da710f23daf": ["0", "jp.gr.java_conf.hatalab.mnv.MainActivity"]}, {"ced35a833c1e22a41b5b068606eb9718": ["2", "jp.gr.java_conf.hatalab.mnv.MainActivity"]}, {"ced35a833c1e22a41b5b068606eb9718": ["2", "jp.gr.java_conf.hatalab.mnv.MainActivity"]}, {"4934e42d4575a8a4d2d6e2438dd5202d": ["4", "jp.gr.java_conf.hatalab.mnv.MainActivity"]}, {"ced35a833c1e22a41b5b068606eb9718": ["2", "jp.gr.java_conf.hatalab.mnv.MainActivity"]}, {"ced35a833c1e22a41b5b068606eb9718": ["2", "jp.gr.java_conf.hatalab.mnv.MainActivity"]}, {"ced35a833c1e22a41b5b068606eb9718": ["2", "jp.gr.java_conf.hatalab.mnv.MainActivity"]}, {"82331d028fbdd6c521c00da710f23daf": ["0", "jp.gr.java_conf.hatalab.mnv.MainActivity"]}, {"ced35a833c1e22a41b5b068606eb9718": ["2", "jp.gr.java_conf.hatalab.mnv.MainActivity"]}, {"7601ffe9e870b74834149017e12a43e5": ["15", "jp.gr.java_conf.hatalab.mnv.MainActivity"]}, {"7601ffe9e870b74834149017e12a43e5": ["15", "jp.gr.java_conf.hatalab.mnv.MainActivity"]}, {"ced35a833c1e22a41b5b068606eb9718": ["2", "jp.gr.java_conf.hatalab.mnv.MainActivity"]}, {"7601ffe9e870b74834149017e12a43e5": ["15", "jp.gr.java_conf.hatalab.mnv.MainActivity"]}, {"ced35a833c1e22a41b5b068606eb9718": ["2", "jp.gr.java_conf.hatalab.mnv.MainActivity"]}, {"ced35a833c1e22a41b5b068606eb9718": ["2", "jp.gr.java_conf.hatalab.mnv.MainActivity"]}, {"7601ffe9e870b74834149017e12a43e5": ["15", "jp.gr.java_conf.hatalab.mnv.MainActivity"]}, {"573e5072875fcf3fa465d0f111360a4f": ["1", "jp.gr.java_conf.hatalab.mnv.MainActivity"]}, {"7601ffe9e870b74834149017e12a43e5": ["15", "jp.gr.java_conf.hatalab.mnv.MainActivity"]}, {"573e5072875fcf3fa465d0f111360a4f": ["1", "jp.gr.java_conf.hatalab.mnv.MainActivity"]}, {"573e5072875fcf3fa465d0f111360a4f": ["1", "jp.gr.java_conf.hatalab.mnv.MainActivity"]}, {"7601ffe9e870b74834149017e12a43e5": ["15", "jp.gr.java_conf.hatalab.mnv.MainActivity"]}, {"ced35a833c1e22a41b5b068606eb9718": ["2", "jp.gr.java_conf.hatalab.mnv.MainActivity"]}, {"7601ffe9e870b74834149017e12a43e5": ["15", "jp.gr.java_conf.hatalab.mnv.MainActivity"]}, {"7601ffe9e870b74834149017e12a43e5": ["15", "jp.gr.java_conf.hatalab.mnv.MainActivity"]}, {"573e5072875fcf3fa465d0f111360a4f": ["1", "jp.gr.java_conf.hatalab.mnv.MainActivity"]}, {"7601ffe9e870b74834149017e12a43e5": ["15", "jp.gr.java_conf.hatalab.mnv.MainActivity"]}, {"82331d028fbdd6c521c00da710f23daf": ["0", "jp.gr.java_conf.hatalab.mnv.MainActivity"]}, {"422da4a6aa02b2b25f28e1c1dc9dc72d": ["7", "jp.gr.java_conf.hatalab.mnv.MainActivity"]}, {"422da4a6aa02b2b25f28e1c1dc9dc72d": ["7", "jp.gr.java_conf.hatalab.mnv.MainActivity"]}, {"422da4a6aa02b2b25f28e1c1dc9dc72d": ["7", "jp.gr.java_conf.hatalab.mnv.MainActivity"]}, {"82331d028fbdd6c521c00da710f23daf": ["0", "jp.gr.java_conf.hatalab.mnv.MainActivity"]}, {"573e5072875fcf3fa465d0f111360a4f": ["1", "jp.gr.java_conf.hatalab.mnv.MainActivity"]}, {"82331d028fbdd6c521c00da710f23daf": ["0", "jp.gr.java_conf.hatalab.mnv.MainActivity"]}, {"573e5072875fcf3fa465d0f111360a4f": ["1", "jp.gr.java_conf.hatalab.mnv.MainActivity"]}, {"573e5072875fcf3fa465d0f111360a4f": ["1", "jp.gr.java_conf.hatalab.mnv.MainActivity"]}, {"573e5072875fcf3fa465d0f111360a4f": ["1", "jp.gr.java_conf.hatalab.mnv.MainActivity"]}, {"82331d028fbdd6c521c00da710f23daf": ["0", "jp.gr.java_conf.hatalab.mnv.MainActivity"]}, {"573e5072875fcf3fa465d0f111360a4f": ["1", "jp.gr.java_conf.hatalab.mnv.MainActivity"]}, {"82331d028fbdd6c521c00da710f23daf": ["0", "jp.gr.java_conf.hatalab.mnv.MainActivity"]}, {"82331d028fbdd6c521c00da710f23daf": ["0", "jp.gr.java_conf.hatalab.mnv.MainActivity"]}, {"ced35a833c1e22a41b5b068606eb9718": ["2", "jp.gr.java_conf.hatalab.mnv.MainActivity"]}, {"573e5072875fcf3fa465d0f111360a4f": ["1", "jp.gr.java_conf.hatalab.mnv.MainActivity"]}, {"82331d028fbdd6c521c00da710f23daf": ["0", "jp.gr.java_conf.hatalab.mnv.MainActivity"]}, {"573e5072875fcf3fa465d0f111360a4f": ["1", "jp.gr.java_conf.hatalab.mnv.MainActivity"]}, {"82331d028fbdd6c521c00da710f23daf": ["0", "jp.gr.java_conf.hatalab.mnv.MainActivity"]}, {"573e5072875fcf3fa465d0f111360a4f": ["1", "jp.gr.java_conf.hatalab.mnv.MainActivity"]}, {"82331d028fbdd6c521c00da710f23daf": ["0", "jp.gr.java_conf.hatalab.mnv.MainActivity"]}, {"ced35a833c1e22a41b5b068606eb9718": ["2", "jp.gr.java_conf.hatalab.mnv.MainActivity"]}, {"ced35a833c1e22a41b5b068606eb9718": ["2", "jp.gr.java_conf.hatalab.mnv.MainActivity"]}, {"ced35a833c1e22a41b5b068606eb9718": ["2", "jp.gr.java_conf.hatalab.mnv.MainActivity"]}, {"82331d028fbdd6c521c00da710f23daf": ["0", "jp.gr.java_conf.hatalab.mnv.MainActivity"]}, {"82331d028fbdd6c521c00da710f23daf": ["0", "jp.gr.java_conf.hatalab.mnv.MainActivity"]}, {"82331d028fbdd6c521c00da710f23daf": ["0", "jp.gr.java_conf.hatalab.mnv.MainActivity"]}, {"573e5072875fcf3fa465d0f111360a4f": ["1", "jp.gr.java_conf.hatalab.mnv.MainActivity"]}, {"573e5072875fcf3fa465d0f111360a4f": ["1", "jp.gr.java_conf.hatalab.mnv.MainActivity"]}, {"573e5072875fcf3fa465d0f111360a4f": ["1", "jp.gr.java_conf.hatalab.mnv.MainActivity"]}, {"82331d028fbdd6c521c00da710f23daf": ["0", "jp.gr.java_conf.hatalab.mnv.MainActivity"]}, {"573e5072875fcf3fa465d0f111360a4f": ["1", "jp.gr.java_conf.hatalab.mnv.MainActivity"]}, {"82331d028fbdd6c521c00da710f23daf": ["0", "jp.gr.java_conf.hatalab.mnv.MainActivity"]}, {"573e5072875fcf3fa465d0f111360a4f": ["1", "jp.gr.java_conf.hatalab.mnv.MainActivity"]}, {"573e5072875fcf3fa465d0f111360a4f": ["1", "jp.gr.java_conf.hatalab.mnv.MainActivity"]}, {"82331d028fbdd6c521c00da710f23daf": ["0", "jp.gr.java_conf.hatalab.mnv.MainActivity"]}, {"ced35a833c1e22a41b5b068606eb9718": ["2", "jp.gr.java_conf.hatalab.mnv.MainActivity"]}, {"82331d028fbdd6c521c00da710f23daf": ["0", "jp.gr.java_conf.hatalab.mnv.MainActivity"]}, {"422da4a6aa02b2b25f28e1c1dc9dc72d": ["7", "jp.gr.java_conf.hatalab.mnv.MainActivity"]}, {"422da4a6aa02b2b25f28e1c1dc9dc72d": ["7", "jp.gr.java_conf.hatalab.mnv.MainActivity"]}, {"82331d028fbdd6c521c00da710f23daf": ["0", "jp.gr.java_conf.hatalab.mnv.MainActivity"]}, {"573e5072875fcf3fa465d0f111360a4f": ["1", "jp.gr.java_conf.hatalab.mnv.MainActivity"]}, {"82331d028fbdd6c521c00da710f23daf": ["0", "jp.gr.java_conf.hatalab.mnv.MainActivity"]}, {"573e5072875fcf3fa465d0f111360a4f": ["1", "jp.gr.java_conf.hatalab.mnv.MainActivity"]}, {"82331d028fbdd6c521c00da710f23daf": ["0", "jp.gr.java_conf.hatalab.mnv.MainActivity"]}, {"573e5072875fcf3fa465d0f111360a4f": ["1", "jp.gr.java_conf.hatalab.mnv.MainActivity"]}, {"573e5072875fcf3fa465d0f111360a4f": ["1", "jp.gr.java_conf.hatalab.mnv.MainActivity"]}, {"82331d028fbdd6c521c00da710f23daf": ["0", "jp.gr.java_conf.hatalab.mnv.MainActivity"]}, {"573e5072875fcf3fa465d0f111360a4f": ["1", "jp.gr.java_conf.hatalab.mnv.MainActivity"]}, {"573e5072875fcf3fa465d0f111360a4f": ["1", "jp.gr.java_conf.hatalab.mnv.MainActivity"]}, {"82331d028fbdd6c521c00da710f23daf": ["0", "jp.gr.java_conf.hatalab.mnv.MainActivity"]}, {"573e5072875fcf3fa465d0f111360a4f": ["1", "jp.gr.java_conf.hatalab.mnv.MainActivity"]}, {"82331d028fbdd6c521c00da710f23daf": ["0", "jp.gr.java_conf.hatalab.mnv.MainActivity"]}, {"573e5072875fcf3fa465d0f111360a4f": ["1", "jp.gr.java_conf.hatalab.mnv.MainActivity"]}, {"82331d028fbdd6c521c00da710f23daf": ["0", "jp.gr.java_conf.hatalab.mnv.MainActivity"]}, {"573e5072875fcf3fa465d0f111360a4f": ["1", "jp.gr.java_conf.hatalab.mnv.MainActivity"]}, {"573e5072875fcf3fa465d0f111360a4f": ["1", "jp.gr.java_conf.hatalab.mnv.MainActivity"]}, {"82331d028fbdd6c521c00da710f23daf": ["0", "jp.gr.java_conf.hatalab.mnv.MainActivity"]}, {"573e5072875fcf3fa465d0f111360a4f": ["1", "jp.gr.java_conf.hatalab.mnv.MainActivity"]}, {"573e5072875fcf3fa465d0f111360a4f": ["1", "jp.gr.java_conf.hatalab.mnv.MainActivity"]}, {"82331d028fbdd6c521c00da710f23daf": ["0", "jp.gr.java_conf.hatalab.mnv.MainActivity"]}, {"573e5072875fcf3fa465d0f111360a4f": ["1", "jp.gr.java_conf.hatalab.mnv.MainActivity"]}, {"573e5072875fcf3fa465d0f111360a4f": ["1", "jp.gr.java_conf.hatalab.mnv.MainActivity"]}, {"573e5072875fcf3fa465d0f111360a4f": ["1", "jp.gr.java_conf.hatalab.mnv.MainActivity"]}, {"573e5072875fcf3fa465d0f111360a4f": ["1", "jp.gr.java_conf.hatalab.mnv.MainActivity"]}, {"82331d028fbdd6c521c00da710f23daf": ["0", "jp.gr.java_conf.hatalab.mnv.MainActivity"]}, {"573e5072875fcf3fa465d0f111360a4f": ["1", "jp.gr.java_conf.hatalab.mnv.MainActivity"]}, {"82331d028fbdd6c521c00da710f23daf": ["0", "jp.gr.java_conf.hatalab.mnv.MainActivity"]}, {"573e5072875fcf3fa465d0f111360a4f": ["1", "jp.gr.java_conf.hatalab.mnv.MainActivity"]}, {"82331d028fbdd6c521c00da710f23daf": ["0", "jp.gr.java_conf.hatalab.mnv.MainActivity"]}, {"573e5072875fcf3fa465d0f111360a4f": ["1", "jp.gr.java_conf.hatalab.mnv.MainActivity"]}, {"573e5072875fcf3fa465d0f111360a4f": ["1", "jp.gr.java_conf.hatalab.mnv.MainActivity"]}, {"82331d028fbdd6c521c00da710f23daf": ["0", "jp.gr.java_conf.hatalab.mnv.MainActivity"]}, {"422da4a6aa02b2b25f28e1c1dc9dc72d": ["7", "jp.gr.java_conf.hatalab.mnv.MainActivity"]}, {"422da4a6aa02b2b25f28e1c1dc9dc72d": ["7", "jp.gr.java_conf.hatalab.mnv.MainActivity"]}, {"422da4a6aa02b2b25f28e1c1dc9dc72d": ["7", "jp.gr.java_conf.hatalab.mnv.MainActivity"]}, {"82331d028fbdd6c521c00da710f23daf": ["0", "jp.gr.java_conf.hatalab.mnv.MainActivity"]}, {"82331d028fbdd6c521c00da710f23daf": ["0", "jp.gr.java_conf.hatalab.mnv.MainActivity"]}, {"573e5072875fcf3fa465d0f111360a4f": ["1", "jp.gr.java_conf.hatalab.mnv.MainActivity"]}, {"573e5072875fcf3fa465d0f111360a4f": ["1", "jp.gr.java_conf.hatalab.mnv.MainActivity"]}, {"573e5072875fcf3fa465d0f111360a4f": ["1", "jp.gr.java_conf.hatalab.mnv.MainActivity"]}, {"82331d028fbdd6c521c00da710f23daf": ["0", "jp.gr.java_conf.hatalab.mnv.MainActivity"]}, {"573e5072875fcf3fa465d0f111360a4f": ["1", "jp.gr.java_conf.hatalab.mnv.MainActivity"]}, {"573e5072875fcf3fa465d0f111360a4f": ["1", "jp.gr.java_conf.hatalab.mnv.MainActivity"]}, {"82331d028fbdd6c521c00da710f23daf": ["0", "jp.gr.java_conf.hatalab.mnv.MainActivity"]}, {"573e5072875fcf3fa465d0f111360a4f": ["1", "jp.gr.java_conf.hatalab.mnv.MainActivity"]}, {"573e5072875fcf3fa465d0f111360a4f": ["1", "jp.gr.java_conf.hatalab.mnv.MainActivity"]}, {"82331d028fbdd6c521c00da710f23daf": ["0", "jp.gr.java_conf.hatalab.mnv.MainActivity"]}, {"573e5072875fcf3fa465d0f111360a4f": ["1", "jp.gr.java_conf.hatalab.mnv.MainActivity"]}, {"573e5072875fcf3fa465d0f111360a4f": ["1", "jp.gr.java_conf.hatalab.mnv.MainActivity"]}, {"573e5072875fcf3fa465d0f111360a4f": ["1", "jp.gr.java_conf.hatalab.mnv.MainActivity"]}, {"573e5072875fcf3fa465d0f111360a4f": ["1", "jp.gr.java_conf.hatalab.mnv.MainActivity"]}, {"573e5072875fcf3fa465d0f111360a4f": ["1", "jp.gr.java_conf.hatalab.mnv.MainActivity"]}, {"82331d028fbdd6c521c00da710f23daf": ["0", "jp.gr.java_conf.hatalab.mnv.MainActivity"]}, {"573e5072875fcf3fa465d0f111360a4f": ["1", "jp.gr.java_conf.hatalab.mnv.MainActivity"]}, {"573e5072875fcf3fa465d0f111360a4f": ["1", "jp.gr.java_conf.hatalab.mnv.MainActivity"]}, {"82331d028fbdd6c521c00da710f23daf": ["0", "jp.gr.java_conf.hatalab.mnv.MainActivity"]}, {"82331d028fbdd6c521c00da710f23daf": ["0", "jp.gr.java_conf.hatalab.mnv.MainActivity"]}, {"82331d028fbdd6c521c00da710f23daf": ["0", "jp.gr.java_conf.hatalab.mnv.MainActivity"]}, {"573e5072875fcf3fa465d0f111360a4f": ["1", "jp.gr.java_conf.hatalab.mnv.MainActivity"]}, {"82331d028fbdd6c521c00da710f23daf": ["0", "jp.gr.java_conf.hatalab.mnv.MainActivity"]}, {"573e5072875fcf3fa465d0f111360a4f": ["1", "jp.gr.java_conf.hatalab.mnv.MainActivity"]}, {"82331d028fbdd6c521c00da710f23daf": ["0", "jp.gr.java_conf.hatalab.mnv.MainActivity"]}, {"422da4a6aa02b2b25f28e1c1dc9dc72d": ["7", "jp.gr.java_conf.hatalab.mnv.MainActivity"]}, {"82331d028fbdd6c521c00da710f23daf": ["0", "jp.gr.java_conf.hatalab.mnv.MainActivity"]}, {"573e5072875fcf3fa465d0f111360a4f": ["1", "jp.gr.java_conf.hatalab.mnv.MainActivity"]}, {"82331d028fbdd6c521c00da710f23daf": ["0", "jp.gr.java_conf.hatalab.mnv.MainActivity"]}, {"573e5072875fcf3fa465d0f111360a4f": ["1", "jp.gr.java_conf.hatalab.mnv.MainActivity"]}, {"82331d028fbdd6c521c00da710f23daf": ["0", "jp.gr.java_conf.hatalab.mnv.MainActivity"]}, {"573e5072875fcf3fa465d0f111360a4f": ["1", "jp.gr.java_conf.hatalab.mnv.MainActivity"]}, {"82331d028fbdd6c521c00da710f23daf": ["0", "jp.gr.java_conf.hatalab.mnv.MainActivity"]}, {"573e5072875fcf3fa465d0f111360a4f": ["1", "jp.gr.java_conf.hatalab.mnv.MainActivity"]}, {"82331d028fbdd6c521c00da710f23daf": ["0", "jp.gr.java_conf.hatalab.mnv.MainActivity"]}, {"ced35a833c1e22a41b5b068606eb9718": ["2", "jp.gr.java_conf.hatalab.mnv.MainActivity"]}, {"82331d028fbdd6c521c00da710f23daf": ["0", "jp.gr.java_conf.hatalab.mnv.MainActivity"]}, {"573e5072875fcf3fa465d0f111360a4f": ["1", "jp.gr.java_conf.hatalab.mnv.MainActivity"]}, {"82331d028fbdd6c521c00da710f23daf": ["0", "jp.gr.java_conf.hatalab.mnv.MainActivity"]}, {"573e5072875fcf3fa465d0f111360a4f": ["1", "jp.gr.java_conf.hatalab.mnv.MainActivity"]}, {"82331d028fbdd6c521c00da710f23daf": ["0", "jp.gr.java_conf.hatalab.mnv.MainActivity"]}, {"573e5072875fcf3fa465d0f111360a4f": ["1", "jp.gr.java_conf.hatalab.mnv.MainActivity"]}, {"573e5072875fcf3fa465d0f111360a4f": ["1", "jp.gr.java_conf.hatalab.mnv.MainActivity"]}, {"573e5072875fcf3fa465d0f111360a4f": ["1", "jp.gr.java_conf.hatalab.mnv.MainActivity"]}, {"573e5072875fcf3fa465d0f111360a4f": ["1", "jp.gr.java_conf.hatalab.mnv.MainActivity"]}, {"82331d028fbdd6c521c00da710f23daf": ["0", "jp.gr.java_conf.hatalab.mnv.MainActivity"]}, {"573e5072875fcf3fa465d0f111360a4f": ["1", "jp.gr.java_conf.hatalab.mnv.MainActivity"]}, {"82331d028fbdd6c521c00da710f23daf": ["0", "jp.gr.java_conf.hatalab.mnv.MainActivity"]}, {"82331d028fbdd6c521c00da710f23daf": ["0", "jp.gr.java_conf.hatalab.mnv.MainActivity"]}, {"573e5072875fcf3fa465d0f111360a4f": ["1", "jp.gr.java_conf.hatalab.mnv.MainActivity"]}, {"573e5072875fcf3fa465d0f111360a4f": ["1", "jp.gr.java_conf.hatalab.mnv.MainActivity"]}, {"82331d028fbdd6c521c00da710f23daf": ["0", "jp.gr.java_conf.hatalab.mnv.MainActivity"]}, {"82331d028fbdd6c521c00da710f23daf": ["0", "jp.gr.java_conf.hatalab.mnv.MainActivity"]}, {"82331d028fbdd6c521c00da710f23daf": ["0", "jp.gr.java_conf.hatalab.mnv.MainActivity"]}, {"ced35a833c1e22a41b5b068606eb9718": ["2", "jp.gr.java_conf.hatalab.mnv.MainActivity"]}, {"461e4f9f2c0f09e9f97ac51404b09681": ["17", "jp.gr.java_conf.hatalab.mnv.MainActivity"]}, {"461e4f9f2c0f09e9f97ac51404b09681": ["17", "jp.gr.java_conf.hatalab.mnv.MainActivity"]}, {"461e4f9f2c0f09e9f97ac51404b09681": ["17", "jp.gr.java_conf.hatalab.mnv.MainActivity"]}, {"461e4f9f2c0f09e9f97ac51404b09681": ["17", "jp.gr.java_conf.hatalab.mnv.MainActivity"]}, {"461e4f9f2c0f09e9f97ac51404b09681": ["17", "jp.gr.java_conf.hatalab.mnv.MainActivity"]}, {"461e4f9f2c0f09e9f97ac51404b09681": ["17", "jp.gr.java_conf.hatalab.mnv.MainActivity"]}, {"422da4a6aa02b2b25f28e1c1dc9dc72d": ["7", "jp.gr.java_conf.hatalab.mnv.MainActivity"]}, {"422da4a6aa02b2b25f28e1c1dc9dc72d": ["7", "jp.gr.java_conf.hatalab.mnv.MainActivity"]}, {"422da4a6aa02b2b25f28e1c1dc9dc72d": ["7", "jp.gr.java_conf.hatalab.mnv.MainActivity"]}, {"422da4a6aa02b2b25f28e1c1dc9dc72d": ["7", "jp.gr.java_conf.hatalab.mnv.MainActivity"]}, {"422da4a6aa02b2b25f28e1c1dc9dc72d": ["7", "jp.gr.java_conf.hatalab.mnv.MainActivity"]}, {"422da4a6aa02b2b25f28e1c1dc9dc72d": ["7", "jp.gr.java_conf.hatalab.mnv.MainActivity"]}, {"461e4f9f2c0f09e9f97ac51404b09681": ["17", "jp.gr.java_conf.hatalab.mnv.MainActivity"]}, {"42ded163b381212c2b8e46ef9e0f966e": ["3", "jp.gr.java_conf.hatalab.mnv.TextEdit"]}, {"42ded163b381212c2b8e46ef9e0f966e": ["3", "jp.gr.java_conf.hatalab.mnv.TextEdit"]}, {"42ded163b381212c2b8e46ef9e0f966e": ["3", "jp.gr.java_conf.hatalab.mnv.TextEdit"]}, {"42ded163b381212c2b8e46ef9e0f966e": ["3", "jp.gr.java_conf.hatalab.mnv.TextEdit"]}, {"42ded163b381212c2b8e46ef9e0f966e": ["3", "jp.gr.java_conf.hatalab.mnv.TextEdit"]}, {"42ded163b381212c2b8e46ef9e0f966e": ["3", "jp.gr.java_conf.hatalab.mnv.TextEdit"]}, {"42ded163b381212c2b8e46ef9e0f966e": ["3", "jp.gr.java_conf.hatalab.mnv.TextEdit"]}, {"42ded163b381212c2b8e46ef9e0f966e": ["3", "jp.gr.java_conf.hatalab.mnv.TextEdit"]}, {"42ded163b381212c2b8e46ef9e0f966e": ["3", "jp.gr.java_conf.hatalab.mnv.TextEdit"]}, {"42ded163b381212c2b8e46ef9e0f966e": ["3", "jp.gr.java_conf.hatalab.mnv.TextEdit"]}, {"42ded163b381212c2b8e46ef9e0f966e": ["3", "jp.gr.java_conf.hatalab.mnv.TextEdit"]}, {"42ded163b381212c2b8e46ef9e0f966e": ["3", "jp.gr.java_conf.hatalab.mnv.TextEdit"]}, {"842fd95630ee424e64ea5a4755e57e8b": ["8", "jp.gr.java_conf.hatalab.mnv.TextEdit"]}, {"461e4f9f2c0f09e9f97ac51404b09681": ["17", "jp.gr.java_conf.hatalab.mnv.MainActivity"]}, {"422da4a6aa02b2b25f28e1c1dc9dc72d": ["7", "jp.gr.java_conf.hatalab.mnv.MainActivity"]}, {"422da4a6aa02b2b25f28e1c1dc9dc72d": ["7", "jp.gr.java_conf.hatalab.mnv.MainActivity"]}, {"422da4a6aa02b2b25f28e1c1dc9dc72d": ["7", "jp.gr.java_conf.hatalab.mnv.MainActivity"]}, {"461e4f9f2c0f09e9f97ac51404b09681": ["17", "jp.gr.java_conf.hatalab.mnv.MainActivity"]}, {"461e4f9f2c0f09e9f97ac51404b09681": ["17", "jp.gr.java_conf.hatalab.mnv.MainActivity"]}, {"461e4f9f2c0f09e9f97ac51404b09681": ["17", "jp.gr.java_conf.hatalab.mnv.MainActivity"]}, {"461e4f9f2c0f09e9f97ac51404b09681": ["17", "jp.gr.java_conf.hatalab.mnv.MainActivity"]}, {"42ded163b381212c2b8e46ef9e0f966e": ["3", "jp.gr.java_conf.hatalab.mnv.TextEdit"]}, {"42ded163b381212c2b8e46ef9e0f966e": ["3", "jp.gr.java_conf.hatalab.mnv.TextEdit"]}, {"42ded163b381212c2b8e46ef9e0f966e": ["3", "jp.gr.java_conf.hatalab.mnv.TextEdit"]}, {"42ded163b381212c2b8e46ef9e0f966e": ["3", "jp.gr.java_conf.hatalab.mnv.TextEdit"]}, {"42ded163b381212c2b8e46ef9e0f966e": ["3", "jp.gr.java_conf.hatalab.mnv.TextEdit"]}, {"42ded163b381212c2b8e46ef9e0f966e": ["3", "jp.gr.java_conf.hatalab.mnv.TextEdit"]}, {"42ded163b381212c2b8e46ef9e0f966e": ["3", "jp.gr.java_conf.hatalab.mnv.TextEdit"]}, {"42ded163b381212c2b8e46ef9e0f966e": ["3", "jp.gr.java_conf.hatalab.mnv.TextEdit"]}, {"42ded163b381212c2b8e46ef9e0f966e": ["3", "jp.gr.java_conf.hatalab.mnv.TextEdit"]}, {"842fd95630ee424e64ea5a4755e57e8b": ["8", "jp.gr.java_conf.hatalab.mnv.TextEdit"]}, {"8a631c2f67c689f970997eba00e6159e": ["13", "jp.gr.java_conf.hatalab.mnv.TextEdit"]}, {"42ded163b381212c2b8e46ef9e0f966e": ["3", "jp.gr.java_conf.hatalab.mnv.TextEdit"]}, {"42ded163b381212c2b8e46ef9e0f966e": ["3", "jp.gr.java_conf.hatalab.mnv.TextEdit"]}, {"42ded163b381212c2b8e46ef9e0f966e": ["3", "jp.gr.java_conf.hatalab.mnv.TextEdit"]}, {"42ded163b381212c2b8e46ef9e0f966e": ["3", "jp.gr.java_conf.hatalab.mnv.TextEdit"]}, {"42ded163b381212c2b8e46ef9e0f966e": ["3", "jp.gr.java_conf.hatalab.mnv.TextEdit"]}, {"42ded163b381212c2b8e46ef9e0f966e": ["3", "jp.gr.java_conf.hatalab.mnv.TextEdit"]}, {"42ded163b381212c2b8e46ef9e0f966e": ["3", "jp.gr.java_conf.hatalab.mnv.TextEdit"]}, {"42ded163b381212c2b8e46ef9e0f966e": ["3", "jp.gr.java_conf.hatalab.mnv.TextEdit"]}, {"42ded163b381212c2b8e46ef9e0f966e": ["3", "jp.gr.java_conf.hatalab.mnv.TextEdit"]}, {"42ded163b381212c2b8e46ef9e0f966e": ["3", "jp.gr.java_conf.hatalab.mnv.TextEdit"]}, {"42ded163b381212c2b8e46ef9e0f966e": ["3", "jp.gr.java_conf.hatalab.mnv.TextEdit"]}, {"42ded163b381212c2b8e46ef9e0f966e": ["3", "jp.gr.java_conf.hatalab.mnv.TextEdit"]}, {"42ded163b381212c2b8e46ef9e0f966e": ["3", "jp.gr.java_conf.hatalab.mnv.TextEdit"]}, {"42ded163b381212c2b8e46ef9e0f966e": ["3", "jp.gr.java_conf.hatalab.mnv.TextEdit"]}, {"42ded163b381212c2b8e46ef9e0f966e": ["3", "jp.gr.java_conf.hatalab.mnv.TextEdit"]}, {"42ded163b381212c2b8e46ef9e0f966e": ["3", "jp.gr.java_conf.hatalab.mnv.TextEdit"]}, {"42ded163b381212c2b8e46ef9e0f966e": ["3", "jp.gr.java_conf.hatalab.mnv.TextEdit"]}, {"42ded163b381212c2b8e46ef9e0f966e": ["3", "jp.gr.java_conf.hatalab.mnv.TextEdit"]}, {"42ded163b381212c2b8e46ef9e0f966e": ["3", "jp.gr.java_conf.hatalab.mnv.TextEdit"]}, {"42ded163b381212c2b8e46ef9e0f966e": ["3", "jp.gr.java_conf.hatalab.mnv.TextEdit"]}, {"42ded163b381212c2b8e46ef9e0f966e": ["3", "jp.gr.java_conf.hatalab.mnv.TextEdit"]}, {"42ded163b381212c2b8e46ef9e0f966e": ["3", "jp.gr.java_conf.hatalab.mnv.TextEdit"]}, {"42ded163b381212c2b8e46ef9e0f966e": ["3", "jp.gr.java_conf.hatalab.mnv.TextEdit"]}, {"42ded163b381212c2b8e46ef9e0f966e": ["3", "jp.gr.java_conf.hatalab.mnv.TextEdit"]}, {"42ded163b381212c2b8e46ef9e0f966e": ["3", "jp.gr.java_conf.hatalab.mnv.TextEdit"]}, {"42ded163b381212c2b8e46ef9e0f966e": ["3", "jp.gr.java_conf.hatalab.mnv.TextEdit"]}, {"42ded163b381212c2b8e46ef9e0f966e": ["3", "jp.gr.java_conf.hatalab.mnv.TextEdit"]}, {"42ded163b381212c2b8e46ef9e0f966e": ["3", "jp.gr.java_conf.hatalab.mnv.TextEdit"]}, {"42ded163b381212c2b8e46ef9e0f966e": ["3", "jp.gr.java_conf.hatalab.mnv.TextEdit"]}, {"42ded163b381212c2b8e46ef9e0f966e": ["3", "jp.gr.java_conf.hatalab.mnv.TextEdit"]}, {"42ded163b381212c2b8e46ef9e0f966e": ["3", "jp.gr.java_conf.hatalab.mnv.TextEdit"]}, {"42ded163b381212c2b8e46ef9e0f966e": ["3", "jp.gr.java_conf.hatalab.mnv.TextEdit"]}, {"42ded163b381212c2b8e46ef9e0f966e": ["3", "jp.gr.java_conf.hatalab.mnv.TextEdit"]}, {"42ded163b381212c2b8e46ef9e0f966e": ["3", "jp.gr.java_conf.hatalab.mnv.TextEdit"]}, {"42ded163b381212c2b8e46ef9e0f966e": ["3", "jp.gr.java_conf.hatalab.mnv.TextEdit"]}, {"42ded163b381212c2b8e46ef9e0f966e": ["3", "jp.gr.java_conf.hatalab.mnv.TextEdit"]}, {"42ded163b381212c2b8e46ef9e0f966e": ["3", "jp.gr.java_conf.hatalab.mnv.TextEdit"]}, {"42ded163b381212c2b8e46ef9e0f966e": ["3", "jp.gr.java_conf.hatalab.mnv.TextEdit"]}, {"42ded163b381212c2b8e46ef9e0f966e": ["3", "jp.gr.java_conf.hatalab.mnv.TextEdit"]}, {"42ded163b381212c2b8e46ef9e0f966e": ["3", "jp.gr.java_conf.hatalab.mnv.TextEdit"]}, {"42ded163b381212c2b8e46ef9e0f966e": ["3", "jp.gr.java_conf.hatalab.mnv.TextEdit"]}, {"42ded163b381212c2b8e46ef9e0f966e": ["3", "jp.gr.java_conf.hatalab.mnv.TextEdit"]}, {"42ded163b381212c2b8e46ef9e0f966e": ["3", "jp.gr.java_conf.hatalab.mnv.TextEdit"]}, {"42ded163b381212c2b8e46ef9e0f966e": ["3", "jp.gr.java_conf.hatalab.mnv.TextEdit"]}, {"42ded163b381212c2b8e46ef9e0f966e": ["3", "jp.gr.java_conf.hatalab.mnv.TextEdit"]}, {"42ded163b381212c2b8e46ef9e0f966e": ["3", "jp.gr.java_conf.hatalab.mnv.TextEdit"]}, {"42ded163b381212c2b8e46ef9e0f966e": ["3", "jp.gr.java_conf.hatalab.mnv.TextEdit"]}, {"42ded163b381212c2b8e46ef9e0f966e": ["3", "jp.gr.java_conf.hatalab.mnv.TextEdit"]}, {"42ded163b381212c2b8e46ef9e0f966e": ["3", "jp.gr.java_conf.hatalab.mnv.TextEdit"]}, {"82331d028fbdd6c521c00da710f23daf": ["0", "jp.gr.java_conf.hatalab.mnv.MainActivity"]}, {"82331d028fbdd6c521c00da710f23daf": ["0", "jp.gr.java_conf.hatalab.mnv.MainActivity"]}, {"ced35a833c1e22a41b5b068606eb9718": ["2", "jp.gr.java_conf.hatalab.mnv.MainActivity"]}, {"ced35a833c1e22a41b5b068606eb9718": ["2", "jp.gr.java_conf.hatalab.mnv.MainActivity"]}, {"ced35a833c1e22a41b5b068606eb9718": ["2", "jp.gr.java_conf.hatalab.mnv.MainActivity"]}, {"ced35a833c1e22a41b5b068606eb9718": ["2", "jp.gr.java_conf.hatalab.mnv.MainActivity"]}, {"ced35a833c1e22a41b5b068606eb9718": ["2", "jp.gr.java_conf.hatalab.mnv.MainActivity"]}, {"573e5072875fcf3fa465d0f111360a4f": ["1", "jp.gr.java_conf.hatalab.mnv.MainActivity"]}, {"ced35a833c1e22a41b5b068606eb9718": ["2", "jp.gr.java_conf.hatalab.mnv.MainActivity"]}, {"ced35a833c1e22a41b5b068606eb9718": ["2", "jp.gr.java_conf.hatalab.mnv.MainActivity"]}, {"ced35a833c1e22a41b5b068606eb9718": ["2", "jp.gr.java_conf.hatalab.mnv.MainActivity"]}, {"ced35a833c1e22a41b5b068606eb9718": ["2", "jp.gr.java_conf.hatalab.mnv.MainActivity"]}, {"573e5072875fcf3fa465d0f111360a4f": ["1", "jp.gr.java_conf.hatalab.mnv.MainActivity"]}, {"82331d028fbdd6c521c00da710f23daf": ["0", "jp.gr.java_conf.hatalab.mnv.MainActivity"]}, {"573e5072875fcf3fa465d0f111360a4f": ["1", "jp.gr.java_conf.hatalab.mnv.MainActivity"]}, {"573e5072875fcf3fa465d0f111360a4f": ["1", "jp.gr.java_conf.hatalab.mnv.MainActivity"]}, {"573e5072875fcf3fa465d0f111360a4f": ["1", "jp.gr.java_conf.hatalab.mnv.MainActivity"]}, {"573e5072875fcf3fa465d0f111360a4f": ["1", "jp.gr.java_conf.hatalab.mnv.MainActivity"]}, {"573e5072875fcf3fa465d0f111360a4f": ["1", "jp.gr.java_conf.hatalab.mnv.MainActivity"]}, {"82331d028fbdd6c521c00da710f23daf": ["0", "jp.gr.java_conf.hatalab.mnv.MainActivity"]}, {"573e5072875fcf3fa465d0f111360a4f": ["1", "jp.gr.java_conf.hatalab.mnv.MainActivity"]}, {"573e5072875fcf3fa465d0f111360a4f": ["1", "jp.gr.java_conf.hatalab.mnv.MainActivity"]}, {"82331d028fbdd6c521c00da710f23daf": ["0", "jp.gr.java_conf.hatalab.mnv.MainActivity"]}, {"573e5072875fcf3fa465d0f111360a4f": ["1", "jp.gr.java_conf.hatalab.mnv.MainActivity"]}, {"82331d028fbdd6c521c00da710f23daf": ["0", "jp.gr.java_conf.hatalab.mnv.MainActivity"]}, {"573e5072875fcf3fa465d0f111360a4f": ["1", "jp.gr.java_conf.hatalab.mnv.MainActivity"]}, {"573e5072875fcf3fa465d0f111360a4f": ["1", "jp.gr.java_conf.hatalab.mnv.MainActivity"]}, {"82331d028fbdd6c521c00da710f23daf": ["0", "jp.gr.java_conf.hatalab.mnv.MainActivity"]}, {"573e5072875fcf3fa465d0f111360a4f": ["1", "jp.gr.java_conf.hatalab.mnv.MainActivity"]}, {"82331d028fbdd6c521c00da710f23daf": ["0", "jp.gr.java_conf.hatalab.mnv.MainActivity"]}, {"573e5072875fcf3fa465d0f111360a4f": ["1", "jp.gr.java_conf.hatalab.mnv.MainActivity"]}, {"82331d028fbdd6c521c00da710f23daf": ["0", "jp.gr.java_conf.hatalab.mnv.MainActivity"]}, {"573e5072875fcf3fa465d0f111360a4f": ["1", "jp.gr.java_conf.hatalab.mnv.MainActivity"]}, {"82331d028fbdd6c521c00da710f23daf": ["0", "jp.gr.java_conf.hatalab.mnv.MainActivity"]}, {"573e5072875fcf3fa465d0f111360a4f": ["1", "jp.gr.java_conf.hatalab.mnv.MainActivity"]}, {"82331d028fbdd6c521c00da710f23daf": ["0", "jp.gr.java_conf.hatalab.mnv.MainActivity"]}, {"573e5072875fcf3fa465d0f111360a4f": ["1", "jp.gr.java_conf.hatalab.mnv.MainActivity"]}, {"82331d028fbdd6c521c00da710f23daf": ["0", "jp.gr.java_conf.hatalab.mnv.MainActivity"]}, {"573e5072875fcf3fa465d0f111360a4f": ["1", "jp.gr.java_conf.hatalab.mnv.MainActivity"]}, {"573e5072875fcf3fa465d0f111360a4f": ["1", "jp.gr.java_conf.hatalab.mnv.MainActivity"]}, {"82331d028fbdd6c521c00da710f23daf": ["0", "jp.gr.java_conf.hatalab.mnv.MainActivity"]}, {"573e5072875fcf3fa465d0f111360a4f": ["1", "jp.gr.java_conf.hatalab.mnv.MainActivity"]}, {"573e5072875fcf3fa465d0f111360a4f": ["1", "jp.gr.java_conf.hatalab.mnv.MainActivity"]}, {"573e5072875fcf3fa465d0f111360a4f": ["1", "jp.gr.java_conf.hatalab.mnv.MainActivity"]}, {"82331d028fbdd6c521c00da710f23daf": ["0", "jp.gr.java_conf.hatalab.mnv.MainActivity"]}, {"573e5072875fcf3fa465d0f111360a4f": ["1", "jp.gr.java_conf.hatalab.mnv.MainActivity"]}, {"573e5072875fcf3fa465d0f111360a4f": ["1", "jp.gr.java_conf.hatalab.mnv.MainActivity"]}, {"573e5072875fcf3fa465d0f111360a4f": ["1", "jp.gr.java_conf.hatalab.mnv.MainActivity"]}, {"82331d028fbdd6c521c00da710f23daf": ["0", "jp.gr.java_conf.hatalab.mnv.MainActivity"]}, {"573e5072875fcf3fa465d0f111360a4f": ["1", "jp.gr.java_conf.hatalab.mnv.MainActivity"]}, {"82331d028fbdd6c521c00da710f23daf": ["0", "jp.gr.java_conf.hatalab.mnv.MainActivity"]}, {"573e5072875fcf3fa465d0f111360a4f": ["1", "jp.gr.java_conf.hatalab.mnv.MainActivity"]}, {"82331d028fbdd6c521c00da710f23daf": ["0", "jp.gr.java_conf.hatalab.mnv.MainActivity"]}, {"ced35a833c1e22a41b5b068606eb9718": ["2", "jp.gr.java_conf.hatalab.mnv.MainActivity"]}, {"ced35a833c1e22a41b5b068606eb9718": ["2", "jp.gr.java_conf.hatalab.mnv.MainActivity"]}, {"82331d028fbdd6c521c00da710f23daf": ["0", "jp.gr.java_conf.hatalab.mnv.MainActivity"]}, {"422da4a6aa02b2b25f28e1c1dc9dc72d": ["7", "jp.gr.java_conf.hatalab.mnv.MainActivity"]}, {"82331d028fbdd6c521c00da710f23daf": ["0", "jp.gr.java_conf.hatalab.mnv.MainActivity"]}, {"573e5072875fcf3fa465d0f111360a4f": ["1", "jp.gr.java_conf.hatalab.mnv.MainActivity"]}, {"573e5072875fcf3fa465d0f111360a4f": ["1", "jp.gr.java_conf.hatalab.mnv.MainActivity"]}, {"82331d028fbdd6c521c00da710f23daf": ["0", "jp.gr.java_conf.hatalab.mnv.MainActivity"]}, {"573e5072875fcf3fa465d0f111360a4f": ["1", "jp.gr.java_conf.hatalab.mnv.MainActivity"]}, {"82331d028fbdd6c521c00da710f23daf": ["0", "jp.gr.java_conf.hatalab.mnv.MainActivity"]}, {"573e5072875fcf3fa465d0f111360a4f": ["1", "jp.gr.java_conf.hatalab.mnv.MainActivity"]}, {"82331d028fbdd6c521c00da710f23daf": ["0", "jp.gr.java_conf.hatalab.mnv.MainActivity"]}, {"82331d028fbdd6c521c00da710f23daf": ["0", "jp.gr.java_conf.hatalab.mnv.MainActivity"]}, {"ced35a833c1e22a41b5b068606eb9718": ["2", "jp.gr.java_conf.hatalab.mnv.MainActivity"]}, {"ced35a833c1e22a41b5b068606eb9718": ["2", "jp.gr.java_conf.hatalab.mnv.MainActivity"]}, {"ced35a833c1e22a41b5b068606eb9718": ["2", "jp.gr.java_conf.hatalab.mnv.MainActivity"]}, {"ced35a833c1e22a41b5b068606eb9718": ["2", "jp.gr.java_conf.hatalab.mnv.MainActivity"]}, {"ced35a833c1e22a41b5b068606eb9718": ["2", "jp.gr.java_conf.hatalab.mnv.MainActivity"]}, {"ced35a833c1e22a41b5b068606eb9718": ["2", "jp.gr.java_conf.hatalab.mnv.MainActivity"]}, {"ced35a833c1e22a41b5b068606eb9718": ["2", "jp.gr.java_conf.hatalab.mnv.MainActivity"]}, {"ced35a833c1e22a41b5b068606eb9718": ["2", "jp.gr.java_conf.hatalab.mnv.MainActivity"]}, {"ced35a833c1e22a41b5b068606eb9718": ["2", "jp.gr.java_conf.hatalab.mnv.MainActivity"]}, {"ced35a833c1e22a41b5b068606eb9718": ["2", "jp.gr.java_conf.hatalab.mnv.MainActivity"]}, {"ced35a833c1e22a41b5b068606eb9718": ["2", "jp.gr.java_conf.hatalab.mnv.MainActivity"]}, {"ced35a833c1e22a41b5b068606eb9718": ["2", "jp.gr.java_conf.hatalab.mnv.MainActivity"]}, {"ced35a833c1e22a41b5b068606eb9718": ["2", "jp.gr.java_conf.hatalab.mnv.MainActivity"]}, {"ced35a833c1e22a41b5b068606eb9718": ["2", "jp.gr.java_conf.hatalab.mnv.MainActivity"]}, {"ced35a833c1e22a41b5b068606eb9718": ["2", "jp.gr.java_conf.hatalab.mnv.MainActivity"]}, {"ced35a833c1e22a41b5b068606eb9718": ["2", "jp.gr.java_conf.hatalab.mnv.MainActivity"]}, {"ced35a833c1e22a41b5b068606eb9718": ["2", "jp.gr.java_conf.hatalab.mnv.MainActivity"]}, {"ced35a833c1e22a41b5b068606eb9718": ["2", "jp.gr.java_conf.hatalab.mnv.MainActivity"]}, {"ced35a833c1e22a41b5b068606eb9718": ["2", "jp.gr.java_conf.hatalab.mnv.MainActivity"]}, {"ced35a833c1e22a41b5b068606eb9718": ["2", "jp.gr.java_conf.hatalab.mnv.MainActivity"]}, {"ced35a833c1e22a41b5b068606eb9718": ["2", "jp.gr.java_conf.hatalab.mnv.MainActivity"]}, {"ced35a833c1e22a41b5b068606eb9718": ["2", "jp.gr.java_conf.hatalab.mnv.MainActivity"]}, {"ced35a833c1e22a41b5b068606eb9718": ["2", "jp.gr.java_conf.hatalab.mnv.MainActivity"]}, {"ced35a833c1e22a41b5b068606eb9718": ["2", "jp.gr.java_conf.hatalab.mnv.MainActivity"]}, {"ced35a833c1e22a41b5b068606eb9718": ["2", "jp.gr.java_conf.hatalab.mnv.MainActivity"]}, {"ced35a833c1e22a41b5b068606eb9718": ["2", "jp.gr.java_conf.hatalab.mnv.MainActivity"]}, {"573e5072875fcf3fa465d0f111360a4f": ["1", "jp.gr.java_conf.hatalab.mnv.MainActivity"]}, {"ced35a833c1e22a41b5b068606eb9718": ["2", "jp.gr.java_conf.hatalab.mnv.MainActivity"]}, {"573e5072875fcf3fa465d0f111360a4f": ["1", "jp.gr.java_conf.hatalab.mnv.MainActivity"]}, {"573e5072875fcf3fa465d0f111360a4f": ["1", "jp.gr.java_conf.hatalab.mnv.MainActivity"]}, {"ced35a833c1e22a41b5b068606eb9718": ["2", "jp.gr.java_conf.hatalab.mnv.MainActivity"]}, {"4934e42d4575a8a4d2d6e2438dd5202d": ["4", "jp.gr.java_conf.hatalab.mnv.MainActivity"]}, {"5c850c80edaa3f7db12e47962a92cca0": ["6", "jp.gr.java_conf.hatalab.mnv.MainActivity"]}, {"5c850c80edaa3f7db12e47962a92cca0": ["6", "jp.gr.java_conf.hatalab.mnv.MainActivity"]}, {"5c850c80edaa3f7db12e47962a92cca0": ["6", "jp.gr.java_conf.hatalab.mnv.MainActivity"]}, {"5c850c80edaa3f7db12e47962a92cca0": ["6", "jp.gr.java_conf.hatalab.mnv.MainActivity"]}, {"5c850c80edaa3f7db12e47962a92cca0": ["6", "jp.gr.java_conf.hatalab.mnv.MainActivity"]}, {"5c850c80edaa3f7db12e47962a92cca0": ["6", "jp.gr.java_conf.hatalab.mnv.MainActivity"]}, {"4934e42d4575a8a4d2d6e2438dd5202d": ["4", "jp.gr.java_conf.hatalab.mnv.MainActivity"]}, {"ced35a833c1e22a41b5b068606eb9718": ["2", "jp.gr.java_conf.hatalab.mnv.MainActivity"]}, {"4934e42d4575a8a4d2d6e2438dd5202d": ["4", "jp.gr.java_conf.hatalab.mnv.MainActivity"]}, {"4934e42d4575a8a4d2d6e2438dd5202d": ["4", "jp.gr.java_conf.hatalab.mnv.MainActivity"]}, {"ced35a833c1e22a41b5b068606eb9718": ["2", "jp.gr.java_conf.hatalab.mnv.MainActivity"]}, {"a8ea3ab1490fb17fb368f274f4da93d2": ["70", "jp.gr.java_conf.hatalab.mnv.MainActivity"]}, {"ced35a833c1e22a41b5b068606eb9718": ["2", "jp.gr.java_conf.hatalab.mnv.MainActivity"]}, {"ced35a833c1e22a41b5b068606eb9718": ["2", "jp.gr.java_conf.hatalab.mnv.MainActivity"]}, {"ced35a833c1e22a41b5b068606eb9718": ["2", "jp.gr.java_conf.hatalab.mnv.MainActivity"]}, {"4934e42d4575a8a4d2d6e2438dd5202d": ["4", "jp.gr.java_conf.hatalab.mnv.MainActivity"]}, {"ced35a833c1e22a41b5b068606eb9718": ["2", "jp.gr.java_conf.hatalab.mnv.MainActivity"]}, {"4934e42d4575a8a4d2d6e2438dd5202d": ["4", "jp.gr.java_conf.hatalab.mnv.MainActivity"]}, {"4934e42d4575a8a4d2d6e2438dd5202d": ["4", "jp.gr.java_conf.hatalab.mnv.MainActivity"]}, {"4934e42d4575a8a4d2d6e2438dd5202d": ["4", "jp.gr.java_conf.hatalab.mnv.MainActivity"]}, {"ced35a833c1e22a41b5b068606eb9718": ["2", "jp.gr.java_conf.hatalab.mnv.MainActivity"]}, {"4934e42d4575a8a4d2d6e2438dd5202d": ["4", "jp.gr.java_conf.hatalab.mnv.MainActivity"]}, {"4934e42d4575a8a4d2d6e2438dd5202d": ["4", "jp.gr.java_conf.hatalab.mnv.MainActivity"]}, {"422da4a6aa02b2b25f28e1c1dc9dc72d": ["7", "jp.gr.java_conf.hatalab.mnv.MainActivity"]}, {"422da4a6aa02b2b25f28e1c1dc9dc72d": ["7", "jp.gr.java_conf.hatalab.mnv.MainActivity"]}, {"422da4a6aa02b2b25f28e1c1dc9dc72d": ["7", "jp.gr.java_conf.hatalab.mnv.MainActivity"]}, {"422da4a6aa02b2b25f28e1c1dc9dc72d": ["7", "jp.gr.java_conf.hatalab.mnv.MainActivity"]}, {"422da4a6aa02b2b25f28e1c1dc9dc72d": ["7", "jp.gr.java_conf.hatalab.mnv.MainActivity"]}, {"422da4a6aa02b2b25f28e1c1dc9dc72d": ["7", "jp.gr.java_conf.hatalab.mnv.MainActivity"]}, {"422da4a6aa02b2b25f28e1c1dc9dc72d": ["7", "jp.gr.java_conf.hatalab.mnv.MainActivity"]}, {"4934e42d4575a8a4d2d6e2438dd5202d": ["4", "jp.gr.java_conf.hatalab.mnv.MainActivity"]}, {"4934e42d4575a8a4d2d6e2438dd5202d": ["4", "jp.gr.java_conf.hatalab.mnv.MainActivity"]}, {"82331d028fbdd6c521c00da710f23daf": ["0", "jp.gr.java_conf.hatalab.mnv.MainActivity"]}, {"573e5072875fcf3fa465d0f111360a4f": ["1", "jp.gr.java_conf.hatalab.mnv.MainActivity"]}, {"573e5072875fcf3fa465d0f111360a4f": ["1", "jp.gr.java_conf.hatalab.mnv.MainActivity"]}, {"82331d028fbdd6c521c00da710f23daf": ["0", "jp.gr.java_conf.hatalab.mnv.MainActivity"]}, {"573e5072875fcf3fa465d0f111360a4f": ["1", "jp.gr.java_conf.hatalab.mnv.MainActivity"]}, {"82331d028fbdd6c521c00da710f23daf": ["0", "jp.gr.java_conf.hatalab.mnv.MainActivity"]}, {"573e5072875fcf3fa465d0f111360a4f": ["1", "jp.gr.java_conf.hatalab.mnv.MainActivity"]}, {"82331d028fbdd6c521c00da710f23daf": ["0", "jp.gr.java_conf.hatalab.mnv.MainActivity"]}, {"573e5072875fcf3fa465d0f111360a4f": ["1", "jp.gr.java_conf.hatalab.mnv.MainActivity"]}, {"82331d028fbdd6c521c00da710f23daf": ["0", "jp.gr.java_conf.hatalab.mnv.MainActivity"]}, {"573e5072875fcf3fa465d0f111360a4f": ["1", "jp.gr.java_conf.hatalab.mnv.MainActivity"]}, {"573e5072875fcf3fa465d0f111360a4f": ["1", "jp.gr.java_conf.hatalab.mnv.MainActivity"]}, {"82331d028fbdd6c521c00da710f23daf": ["0", "jp.gr.java_conf.hatalab.mnv.MainActivity"]}, {"573e5072875fcf3fa465d0f111360a4f": ["1", "jp.gr.java_conf.hatalab.mnv.MainActivity"]}, {"82331d028fbdd6c521c00da710f23daf": ["0", "jp.gr.java_conf.hatalab.mnv.MainActivity"]}, {"573e5072875fcf3fa465d0f111360a4f": ["1", "jp.gr.java_conf.hatalab.mnv.MainActivity"]}, {"82331d028fbdd6c521c00da710f23daf": ["0", "jp.gr.java_conf.hatalab.mnv.MainActivity"]}, {"573e5072875fcf3fa465d0f111360a4f": ["1", "jp.gr.java_conf.hatalab.mnv.MainActivity"]}, {"573e5072875fcf3fa465d0f111360a4f": ["1", "jp.gr.java_conf.hatalab.mnv.MainActivity"]}, {"573e5072875fcf3fa465d0f111360a4f": ["1", "jp.gr.java_conf.hatalab.mnv.MainActivity"]}, {"573e5072875fcf3fa465d0f111360a4f": ["1", "jp.gr.java_conf.hatalab.mnv.MainActivity"]}, {"573e5072875fcf3fa465d0f111360a4f": ["1", "jp.gr.java_conf.hatalab.mnv.MainActivity"]}, {"82331d028fbdd6c521c00da710f23daf": ["0", "jp.gr.java_conf.hatalab.mnv.MainActivity"]}, {"573e5072875fcf3fa465d0f111360a4f": ["1", "jp.gr.java_conf.hatalab.mnv.MainActivity"]}, {"573e5072875fcf3fa465d0f111360a4f": ["1", "jp.gr.java_conf.hatalab.mnv.MainActivity"]}, {"573e5072875fcf3fa465d0f111360a4f": ["1", "jp.gr.java_conf.hatalab.mnv.MainActivity"]}, {"573e5072875fcf3fa465d0f111360a4f": ["1", "jp.gr.java_conf.hatalab.mnv.MainActivity"]}, {"82331d028fbdd6c521c00da710f23daf": ["0", "jp.gr.java_conf.hatalab.mnv.MainActivity"]}, {"82331d028fbdd6c521c00da710f23daf": ["0", "jp.gr.java_conf.hatalab.mnv.MainActivity"]}, {"ced35a833c1e22a41b5b068606eb9718": ["2", "jp.gr.java_conf.hatalab.mnv.MainActivity"]}, {"ced35a833c1e22a41b5b068606eb9718": ["2", "jp.gr.java_conf.hatalab.mnv.MainActivity"]}, {"85ff5f3833e030a69b7a43c0f7d57e27": ["59", "jp.gr.java_conf.hatalab.mnv.MainActivity"]}, {"82331d028fbdd6c521c00da710f23daf": ["0", "jp.gr.java_conf.hatalab.mnv.MainActivity"]}, {"573e5072875fcf3fa465d0f111360a4f": ["1", "jp.gr.java_conf.hatalab.mnv.MainActivity"]}, {"82331d028fbdd6c521c00da710f23daf": ["0", "jp.gr.java_conf.hatalab.mnv.MainActivity"]}, {"422da4a6aa02b2b25f28e1c1dc9dc72d": ["7", "jp.gr.java_conf.hatalab.mnv.MainActivity"]}, {"82331d028fbdd6c521c00da710f23daf": ["0", "jp.gr.java_conf.hatalab.mnv.MainActivity"]}, {"422da4a6aa02b2b25f28e1c1dc9dc72d": ["7", "jp.gr.java_conf.hatalab.mnv.MainActivity"]}, {"7601ffe9e870b74834149017e12a43e5": ["15", "jp.gr.java_conf.hatalab.mnv.MainActivity"]}, {"422da4a6aa02b2b25f28e1c1dc9dc72d": ["7", "jp.gr.java_conf.hatalab.mnv.MainActivity"]}, {"7601ffe9e870b74834149017e12a43e5": ["15", "jp.gr.java_conf.hatalab.mnv.MainActivity"]}, {"7601ffe9e870b74834149017e12a43e5": ["15", "jp.gr.java_conf.hatalab.mnv.MainActivity"]}, {"422da4a6aa02b2b25f28e1c1dc9dc72d": ["7", "jp.gr.java_conf.hatalab.mnv.MainActivity"]}, {"422da4a6aa02b2b25f28e1c1dc9dc72d": ["7", "jp.gr.java_conf.hatalab.mnv.MainActivity"]}, {"422da4a6aa02b2b25f28e1c1dc9dc72d": ["7", "jp.gr.java_conf.hatalab.mnv.MainActivity"]}, {"7601ffe9e870b74834149017e12a43e5": ["15", "jp.gr.java_conf.hatalab.mnv.MainActivity"]}, {"7601ffe9e870b74834149017e12a43e5": ["15", "jp.gr.java_conf.hatalab.mnv.MainActivity"]}, {"5c850c80edaa3f7db12e47962a92cca0": ["6", "jp.gr.java_conf.hatalab.mnv.MainActivity"]}, {"7601ffe9e870b74834149017e12a43e5": ["15", "jp.gr.java_conf.hatalab.mnv.MainActivity"]}, {"7601ffe9e870b74834149017e12a43e5": ["15", "jp.gr.java_conf.hatalab.mnv.MainActivity"]}, {"7601ffe9e870b74834149017e12a43e5": ["15", "jp.gr.java_conf.hatalab.mnv.MainActivity"]}, {"422da4a6aa02b2b25f28e1c1dc9dc72d": ["7", "jp.gr.java_conf.hatalab.mnv.MainActivity"]}, {"7601ffe9e870b74834149017e12a43e5": ["15", "jp.gr.java_conf.hatalab.mnv.MainActivity"]}, {"7601ffe9e870b74834149017e12a43e5": ["15", "jp.gr.java_conf.hatalab.mnv.MainActivity"]}, {"422da4a6aa02b2b25f28e1c1dc9dc72d": ["7", "jp.gr.java_conf.hatalab.mnv.MainActivity"]}, {"422da4a6aa02b2b25f28e1c1dc9dc72d": ["7", "jp.gr.java_conf.hatalab.mnv.MainActivity"]}, {"422da4a6aa02b2b25f28e1c1dc9dc72d": ["7", "jp.gr.java_conf.hatalab.mnv.MainActivity"]}, {"7601ffe9e870b74834149017e12a43e5": ["15", "jp.gr.java_conf.hatalab.mnv.MainActivity"]}, {"422da4a6aa02b2b25f28e1c1dc9dc72d": ["7", "jp.gr.java_conf.hatalab.mnv.MainActivity"]}, {"422da4a6aa02b2b25f28e1c1dc9dc72d": ["7", "jp.gr.java_conf.hatalab.mnv.MainActivity"]}, {"82331d028fbdd6c521c00da710f23daf": ["0", "jp.gr.java_conf.hatalab.mnv.MainActivity"]}, {"573e5072875fcf3fa465d0f111360a4f": ["1", "jp.gr.java_conf.hatalab.mnv.MainActivity"]}, {"573e5072875fcf3fa465d0f111360a4f": ["1", "jp.gr.java_conf.hatalab.mnv.MainActivity"]}, {"82331d028fbdd6c521c00da710f23daf": ["0", "jp.gr.java_conf.hatalab.mnv.MainActivity"]}, {"573e5072875fcf3fa465d0f111360a4f": ["1", "jp.gr.java_conf.hatalab.mnv.MainActivity"]}, {"573e5072875fcf3fa465d0f111360a4f": ["1", "jp.gr.java_conf.hatalab.mnv.MainActivity"]}, {"82331d028fbdd6c521c00da710f23daf": ["0", "jp.gr.java_conf.hatalab.mnv.MainActivity"]}, {"82331d028fbdd6c521c00da710f23daf": ["0", "jp.gr.java_conf.hatalab.mnv.MainActivity"]}, {"573e5072875fcf3fa465d0f111360a4f": ["1", "jp.gr.java_conf.hatalab.mnv.MainActivity"]}, {"573e5072875fcf3fa465d0f111360a4f": ["1", "jp.gr.java_conf.hatalab.mnv.MainActivity"]}, {"82331d028fbdd6c521c00da710f23daf": ["0", "jp.gr.java_conf.hatalab.mnv.MainActivity"]}, {"ced35a833c1e22a41b5b068606eb9718": ["2", "jp.gr.java_conf.hatalab.mnv.MainActivity"]}, {"ced35a833c1e22a41b5b068606eb9718": ["2", "jp.gr.java_conf.hatalab.mnv.MainActivity"]}, {"573e5072875fcf3fa465d0f111360a4f": ["1", "jp.gr.java_conf.hatalab.mnv.MainActivity"]}, {"573e5072875fcf3fa465d0f111360a4f": ["1", "jp.gr.java_conf.hatalab.mnv.MainActivity"]}, {"573e5072875fcf3fa465d0f111360a4f": ["1", "jp.gr.java_conf.hatalab.mnv.MainActivity"]}, {"ced35a833c1e22a41b5b068606eb9718": ["2", "jp.gr.java_conf.hatalab.mnv.MainActivity"]}, {"ced35a833c1e22a41b5b068606eb9718": ["2", "jp.gr.java_conf.hatalab.mnv.MainActivity"]}, {"82331d028fbdd6c521c00da710f23daf": ["0", "jp.gr.java_conf.hatalab.mnv.MainActivity"]}, {"573e5072875fcf3fa465d0f111360a4f": ["1", "jp.gr.java_conf.hatalab.mnv.MainActivity"]}, {"82331d028fbdd6c521c00da710f23daf": ["0", "jp.gr.java_conf.hatalab.mnv.MainActivity"]}, {"ced35a833c1e22a41b5b068606eb9718": ["2", "jp.gr.java_conf.hatalab.mnv.MainActivity"]}, {"ced35a833c1e22a41b5b068606eb9718": ["2", "jp.gr.java_conf.hatalab.mnv.MainActivity"]}, {"ced35a833c1e22a41b5b068606eb9718": ["2", "jp.gr.java_conf.hatalab.mnv.MainActivity"]}, {"422da4a6aa02b2b25f28e1c1dc9dc72d": ["7", "jp.gr.java_conf.hatalab.mnv.MainActivity"]}, {"ced35a833c1e22a41b5b068606eb9718": ["2", "jp.gr.java_conf.hatalab.mnv.MainActivity"]}, {"573e5072875fcf3fa465d0f111360a4f": ["1", "jp.gr.java_conf.hatalab.mnv.MainActivity"]}, {"ced35a833c1e22a41b5b068606eb9718": ["2", "jp.gr.java_conf.hatalab.mnv.MainActivity"]}, {"ced35a833c1e22a41b5b068606eb9718": ["2", "jp.gr.java_conf.hatalab.mnv.MainActivity"]}, {"4934e42d4575a8a4d2d6e2438dd5202d": ["4", "jp.gr.java_conf.hatalab.mnv.MainActivity"]}, {"4934e42d4575a8a4d2d6e2438dd5202d": ["4", "jp.gr.java_conf.hatalab.mnv.MainActivity"]}, {"4934e42d4575a8a4d2d6e2438dd5202d": ["4", "jp.gr.java_conf.hatalab.mnv.MainActivity"]}, {"4934e42d4575a8a4d2d6e2438dd5202d": ["4", "jp.gr.java_conf.hatalab.mnv.MainActivity"]}, {"4934e42d4575a8a4d2d6e2438dd5202d": ["4", "jp.gr.java_conf.hatalab.mnv.MainActivity"]}, {"4934e42d4575a8a4d2d6e2438dd5202d": ["4", "jp.gr.java_conf.hatalab.mnv.MainActivity"]}, {"4934e42d4575a8a4d2d6e2438dd5202d": ["4", "jp.gr.java_conf.hatalab.mnv.MainActivity"]}, {"4934e42d4575a8a4d2d6e2438dd5202d": ["4", "jp.gr.java_conf.hatalab.mnv.MainActivity"]}, {"ced35a833c1e22a41b5b068606eb9718": ["2", "jp.gr.java_conf.hatalab.mnv.MainActivity"]}, {"82331d028fbdd6c521c00da710f23daf": ["0", "jp.gr.java_conf.hatalab.mnv.MainActivity"]}, {"573e5072875fcf3fa465d0f111360a4f": ["1", "jp.gr.java_conf.hatalab.mnv.MainActivity"]}, {"573e5072875fcf3fa465d0f111360a4f": ["1", "jp.gr.java_conf.hatalab.mnv.MainActivity"]}, {"82331d028fbdd6c521c00da710f23daf": ["0", "jp.gr.java_conf.hatalab.mnv.MainActivity"]}, {"573e5072875fcf3fa465d0f111360a4f": ["1", "jp.gr.java_conf.hatalab.mnv.MainActivity"]}, {"82331d028fbdd6c521c00da710f23daf": ["0", "jp.gr.java_conf.hatalab.mnv.MainActivity"]}, {"573e5072875fcf3fa465d0f111360a4f": ["1", "jp.gr.java_conf.hatalab.mnv.MainActivity"]}, {"82331d028fbdd6c521c00da710f23daf": ["0", "jp.gr.java_conf.hatalab.mnv.MainActivity"]}, {"ced35a833c1e22a41b5b068606eb9718": ["2", "jp.gr.java_conf.hatalab.mnv.MainActivity"]}, {"ced35a833c1e22a41b5b068606eb9718": ["2", "jp.gr.java_conf.hatalab.mnv.MainActivity"]}, {"82331d028fbdd6c521c00da710f23daf": ["0", "jp.gr.java_conf.hatalab.mnv.MainActivity"]}, {"422da4a6aa02b2b25f28e1c1dc9dc72d": ["7", "jp.gr.java_conf.hatalab.mnv.MainActivity"]}, {"82331d028fbdd6c521c00da710f23daf": ["0", "jp.gr.java_conf.hatalab.mnv.MainActivity"]}, {"ced35a833c1e22a41b5b068606eb9718": ["2", "jp.gr.java_conf.hatalab.mnv.MainActivity"]}, {"85ff5f3833e030a69b7a43c0f7d57e27": ["59", "jp.gr.java_conf.hatalab.mnv.MainActivity"]}, {"85ff5f3833e030a69b7a43c0f7d57e27": ["59", "jp.gr.java_conf.hatalab.mnv.MainActivity"]}, {"ced35a833c1e22a41b5b068606eb9718": ["2", "jp.gr.java_conf.hatalab.mnv.MainActivity"]}, {"ced35a833c1e22a41b5b068606eb9718": ["2", "jp.gr.java_conf.hatalab.mnv.MainActivity"]}, {"ced35a833c1e22a41b5b068606eb9718": ["2", "jp.gr.java_conf.hatalab.mnv.MainActivity"]}, {"ced35a833c1e22a41b5b068606eb9718": ["2", "jp.gr.java_conf.hatalab.mnv.MainActivity"]}, {"ced35a833c1e22a41b5b068606eb9718": ["2", "jp.gr.java_conf.hatalab.mnv.MainActivity"]}, {"ced35a833c1e22a41b5b068606eb9718": ["2", "jp.gr.java_conf.hatalab.mnv.MainActivity"]}, {"573e5072875fcf3fa465d0f111360a4f": ["1", "jp.gr.java_conf.hatalab.mnv.MainActivity"]}, {"ced35a833c1e22a41b5b068606eb9718": ["2", "jp.gr.java_conf.hatalab.mnv.MainActivity"]}, {"573e5072875fcf3fa465d0f111360a4f": ["1", "jp.gr.java_conf.hatalab.mnv.MainActivity"]}, {"ced35a833c1e22a41b5b068606eb9718": ["2", "jp.gr.java_conf.hatalab.mnv.MainActivity"]}, {"4934e42d4575a8a4d2d6e2438dd5202d": ["4", "jp.gr.java_conf.hatalab.mnv.MainActivity"]}, {"4934e42d4575a8a4d2d6e2438dd5202d": ["4", "jp.gr.java_conf.hatalab.mnv.MainActivity"]}, {"4934e42d4575a8a4d2d6e2438dd5202d": ["4", "jp.gr.java_conf.hatalab.mnv.MainActivity"]}, {"4934e42d4575a8a4d2d6e2438dd5202d": ["4", "jp.gr.java_conf.hatalab.mnv.MainActivity"]}, {"4934e42d4575a8a4d2d6e2438dd5202d": ["4", "jp.gr.java_conf.hatalab.mnv.MainActivity"]}, {"4934e42d4575a8a4d2d6e2438dd5202d": ["4", "jp.gr.java_conf.hatalab.mnv.MainActivity"]}, {"ced35a833c1e22a41b5b068606eb9718": ["2", "jp.gr.java_conf.hatalab.mnv.MainActivity"]}, {"ced35a833c1e22a41b5b068606eb9718": ["2", "jp.gr.java_conf.hatalab.mnv.MainActivity"]}, {"ced35a833c1e22a41b5b068606eb9718": ["2", "jp.gr.java_conf.hatalab.mnv.MainActivity"]}, {"73516da65e111f3c9dab65d67f16e946": ["71", "jp.gr.java_conf.hatalab.mnv.MainActivity"]}, {"73516da65e111f3c9dab65d67f16e946": ["71", "jp.gr.java_conf.hatalab.mnv.MainActivity"]}, {"73516da65e111f3c9dab65d67f16e946": ["71", "jp.gr.java_conf.hatalab.mnv.MainActivity"]}, {"ced35a833c1e22a41b5b068606eb9718": ["2", "jp.gr.java_conf.hatalab.mnv.MainActivity"]}, {"ced35a833c1e22a41b5b068606eb9718": ["2", "jp.gr.java_conf.hatalab.mnv.MainActivity"]}, {"ced35a833c1e22a41b5b068606eb9718": ["2", "jp.gr.java_conf.hatalab.mnv.MainActivity"]}, {"ced35a833c1e22a41b5b068606eb9718": ["2", "jp.gr.java_conf.hatalab.mnv.MainActivity"]}, {"ced35a833c1e22a41b5b068606eb9718": ["2", "jp.gr.java_conf.hatalab.mnv.MainActivity"]}, {"ced35a833c1e22a41b5b068606eb9718": ["2", "jp.gr.java_conf.hatalab.mnv.MainActivity"]}, {"ced35a833c1e22a41b5b068606eb9718": ["2", "jp.gr.java_conf.hatalab.mnv.MainActivity"]}, {"82331d028fbdd6c521c00da710f23daf": ["0", "jp.gr.java_conf.hatalab.mnv.MainActivity"]}, {"422da4a6aa02b2b25f28e1c1dc9dc72d": ["7", "jp.gr.java_conf.hatalab.mnv.MainActivity"]}, {"82331d028fbdd6c521c00da710f23daf": ["0", "jp.gr.java_conf.hatalab.mnv.MainActivity"]}, {"422da4a6aa02b2b25f28e1c1dc9dc72d": ["7", "jp.gr.java_conf.hatalab.mnv.MainActivity"]}, {"7601ffe9e870b74834149017e12a43e5": ["15", "jp.gr.java_conf.hatalab.mnv.MainActivity"]}, {"422da4a6aa02b2b25f28e1c1dc9dc72d": ["7", "jp.gr.java_conf.hatalab.mnv.MainActivity"]}, {"7601ffe9e870b74834149017e12a43e5": ["15", "jp.gr.java_conf.hatalab.mnv.MainActivity"]}, {"7601ffe9e870b74834149017e12a43e5": ["15", "jp.gr.java_conf.hatalab.mnv.MainActivity"]}, {"422da4a6aa02b2b25f28e1c1dc9dc72d": ["7", "jp.gr.java_conf.hatalab.mnv.MainActivity"]}, {"422da4a6aa02b2b25f28e1c1dc9dc72d": ["7", "jp.gr.java_conf.hatalab.mnv.MainActivity"]}, {"7601ffe9e870b74834149017e12a43e5": ["15", "jp.gr.java_conf.hatalab.mnv.MainActivity"]}, {"5c850c80edaa3f7db12e47962a92cca0": ["6", "jp.gr.java_conf.hatalab.mnv.MainActivity"]}, {"5c850c80edaa3f7db12e47962a92cca0": ["6", "jp.gr.java_conf.hatalab.mnv.MainActivity"]}, {"5c850c80edaa3f7db12e47962a92cca0": ["6", "jp.gr.java_conf.hatalab.mnv.MainActivity"]}, {"7601ffe9e870b74834149017e12a43e5": ["15", "jp.gr.java_conf.hatalab.mnv.MainActivity"]}, {"422da4a6aa02b2b25f28e1c1dc9dc72d": ["7", "jp.gr.java_conf.hatalab.mnv.MainActivity"]}, {"82331d028fbdd6c521c00da710f23daf": ["0", "jp.gr.java_conf.hatalab.mnv.MainActivity"]}, {"422da4a6aa02b2b25f28e1c1dc9dc72d": ["7", "jp.gr.java_conf.hatalab.mnv.MainActivity"]}, {"422da4a6aa02b2b25f28e1c1dc9dc72d": ["7", "jp.gr.java_conf.hatalab.mnv.MainActivity"]}, {"7601ffe9e870b74834149017e12a43e5": ["15", "jp.gr.java_conf.hatalab.mnv.MainActivity"]}, {"5c850c80edaa3f7db12e47962a92cca0": ["6", "jp.gr.java_conf.hatalab.mnv.MainActivity"]}, {"7601ffe9e870b74834149017e12a43e5": ["15", "jp.gr.java_conf.hatalab.mnv.MainActivity"]}, {"422da4a6aa02b2b25f28e1c1dc9dc72d": ["7", "jp.gr.java_conf.hatalab.mnv.MainActivity"]}, {"422da4a6aa02b2b25f28e1c1dc9dc72d": ["7", "jp.gr.java_conf.hatalab.mnv.MainActivity"]}, {"7601ffe9e870b74834149017e12a43e5": ["15", "jp.gr.java_conf.hatalab.mnv.MainActivity"]}, {"422da4a6aa02b2b25f28e1c1dc9dc72d": ["7", "jp.gr.java_conf.hatalab.mnv.MainActivity"]}, {"82331d028fbdd6c521c00da710f23daf": ["0", "jp.gr.java_conf.hatalab.mnv.MainActivity"]}, {"573e5072875fcf3fa465d0f111360a4f": ["1", "jp.gr.java_conf.hatalab.mnv.MainActivity"]}, {"82331d028fbdd6c521c00da710f23daf": ["0", "jp.gr.java_conf.hatalab.mnv.MainActivity"]}, {"573e5072875fcf3fa465d0f111360a4f": ["1", "jp.gr.java_conf.hatalab.mnv.MainActivity"]}, {"82331d028fbdd6c521c00da710f23daf": ["0", "jp.gr.java_conf.hatalab.mnv.MainActivity"]}, {"573e5072875fcf3fa465d0f111360a4f": ["1", "jp.gr.java_conf.hatalab.mnv.MainActivity"]}, {"82331d028fbdd6c521c00da710f23daf": ["0", "jp.gr.java_conf.hatalab.mnv.MainActivity"]}, {"ced35a833c1e22a41b5b068606eb9718": ["2", "jp.gr.java_conf.hatalab.mnv.MainActivity"]}, {"573e5072875fcf3fa465d0f111360a4f": ["1", "jp.gr.java_conf.hatalab.mnv.MainActivity"]}, {"573e5072875fcf3fa465d0f111360a4f": ["1", "jp.gr.java_conf.hatalab.mnv.MainActivity"]}, {"573e5072875fcf3fa465d0f111360a4f": ["1", "jp.gr.java_conf.hatalab.mnv.MainActivity"]}, {"573e5072875fcf3fa465d0f111360a4f": ["1", "jp.gr.java_conf.hatalab.mnv.MainActivity"]}, {"573e5072875fcf3fa465d0f111360a4f": ["1", "jp.gr.java_conf.hatalab.mnv.MainActivity"]}, {"ced35a833c1e22a41b5b068606eb9718": ["2", "jp.gr.java_conf.hatalab.mnv.MainActivity"]}, {"ced35a833c1e22a41b5b068606eb9718": ["2", "jp.gr.java_conf.hatalab.mnv.MainActivity"]}, {"ced35a833c1e22a41b5b068606eb9718": ["2", "jp.gr.java_conf.hatalab.mnv.MainActivity"]}, {"ced35a833c1e22a41b5b068606eb9718": ["2", "jp.gr.java_conf.hatalab.mnv.MainActivity"]}, {"ced35a833c1e22a41b5b068606eb9718": ["2", "jp.gr.java_conf.hatalab.mnv.MainActivity"]}, {"ced35a833c1e22a41b5b068606eb9718": ["2", "jp.gr.java_conf.hatalab.mnv.MainActivity"]}, {"ced35a833c1e22a41b5b068606eb9718": ["2", "jp.gr.java_conf.hatalab.mnv.MainActivity"]}, {"ced35a833c1e22a41b5b068606eb9718": ["2", "jp.gr.java_conf.hatalab.mnv.MainActivity"]}, {"ced35a833c1e22a41b5b068606eb9718": ["2", "jp.gr.java_conf.hatalab.mnv.MainActivity"]}, {"ced35a833c1e22a41b5b068606eb9718": ["2", "jp.gr.java_conf.hatalab.mnv.MainActivity"]}, {"ced35a833c1e22a41b5b068606eb9718": ["2", "jp.gr.java_conf.hatalab.mnv.MainActivity"]}, {"ced35a833c1e22a41b5b068606eb9718": ["2", "jp.gr.java_conf.hatalab.mnv.MainActivity"]}, {"ced35a833c1e22a41b5b068606eb9718": ["2", "jp.gr.java_conf.hatalab.mnv.MainActivity"]}, {"ced35a833c1e22a41b5b068606eb9718": ["2", "jp.gr.java_conf.hatalab.mnv.MainActivity"]}, {"ced35a833c1e22a41b5b068606eb9718": ["2", "jp.gr.java_conf.hatalab.mnv.MainActivity"]}, {"ced35a833c1e22a41b5b068606eb9718": ["2", "jp.gr.java_conf.hatalab.mnv.MainActivity"]}, {"ced35a833c1e22a41b5b068606eb9718": ["2", "jp.gr.java_conf.hatalab.mnv.MainActivity"]}, {"ced35a833c1e22a41b5b068606eb9718": ["2", "jp.gr.java_conf.hatalab.mnv.MainActivity"]}, {"ced35a833c1e22a41b5b068606eb9718": ["2", "jp.gr.java_conf.hatalab.mnv.MainActivity"]}, {"ced35a833c1e22a41b5b068606eb9718": ["2", "jp.gr.java_conf.hatalab.mnv.MainActivity"]}, {"ced35a833c1e22a41b5b068606eb9718": ["2", "jp.gr.java_conf.hatalab.mnv.MainActivity"]}, {"573e5072875fcf3fa465d0f111360a4f": ["1", "jp.gr.java_conf.hatalab.mnv.MainActivity"]}, {"573e5072875fcf3fa465d0f111360a4f": ["1", "jp.gr.java_conf.hatalab.mnv.MainActivity"]}, {"573e5072875fcf3fa465d0f111360a4f": ["1", "jp.gr.java_conf.hatalab.mnv.MainActivity"]}, {"ced35a833c1e22a41b5b068606eb9718": ["2", "jp.gr.java_conf.hatalab.mnv.MainActivity"]}, {"ced35a833c1e22a41b5b068606eb9718": ["2", "jp.gr.java_conf.hatalab.mnv.MainActivity"]}, {"ced35a833c1e22a41b5b068606eb9718": ["2", "jp.gr.java_conf.hatalab.mnv.MainActivity"]}, {"ced35a833c1e22a41b5b068606eb9718": ["2", "jp.gr.java_conf.hatalab.mnv.MainActivity"]}, {"ced35a833c1e22a41b5b068606eb9718": ["2", "jp.gr.java_conf.hatalab.mnv.MainActivity"]}, {"ced35a833c1e22a41b5b068606eb9718": ["2", "jp.gr.java_conf.hatalab.mnv.MainActivity"]}, {"ced35a833c1e22a41b5b068606eb9718": ["2", "jp.gr.java_conf.hatalab.mnv.MainActivity"]}, {"8a631c2f67c689f970997eba00e6159e": ["13", "jp.gr.java_conf.hatalab.mnv.TextEdit"]}, {"42ded163b381212c2b8e46ef9e0f966e": ["3", "jp.gr.java_conf.hatalab.mnv.TextEdit"]}, {"42ded163b381212c2b8e46ef9e0f966e": ["3", "jp.gr.java_conf.hatalab.mnv.TextEdit"]}, {"42ded163b381212c2b8e46ef9e0f966e": ["3", "jp.gr.java_conf.hatalab.mnv.TextEdit"]}, {"42ded163b381212c2b8e46ef9e0f966e": ["3", "jp.gr.java_conf.hatalab.mnv.TextEdit"]}, {"42ded163b381212c2b8e46ef9e0f966e": ["3", "jp.gr.java_conf.hatalab.mnv.TextEdit"]}, {"42ded163b381212c2b8e46ef9e0f966e": ["3", "jp.gr.java_conf.hatalab.mnv.TextEdit"]}, {"42ded163b381212c2b8e46ef9e0f966e": ["3", "jp.gr.java_conf.hatalab.mnv.TextEdit"]}, {"42ded163b381212c2b8e46ef9e0f966e": ["3", "jp.gr.java_conf.hatalab.mnv.TextEdit"]}, {"42ded163b381212c2b8e46ef9e0f966e": ["3", "jp.gr.java_conf.hatalab.mnv.TextEdit"]}, {"42ded163b381212c2b8e46ef9e0f966e": ["3", "jp.gr.java_conf.hatalab.mnv.TextEdit"]}, {"42ded163b381212c2b8e46ef9e0f966e": ["3", "jp.gr.java_conf.hatalab.mnv.TextEdit"]}, {"42ded163b381212c2b8e46ef9e0f966e": ["3", "jp.gr.java_conf.hatalab.mnv.TextEdit"]}, {"42ded163b381212c2b8e46ef9e0f966e": ["3", "jp.gr.java_conf.hatalab.mnv.TextEdit"]}, {"42ded163b381212c2b8e46ef9e0f966e": ["3", "jp.gr.java_conf.hatalab.mnv.TextEdit"]}, {"42ded163b381212c2b8e46ef9e0f966e": ["3", "jp.gr.java_conf.hatalab.mnv.TextEdit"]}, {"42ded163b381212c2b8e46ef9e0f966e": ["3", "jp.gr.java_conf.hatalab.mnv.TextEdit"]}, {"42ded163b381212c2b8e46ef9e0f966e": ["3", "jp.gr.java_conf.hatalab.mnv.TextEdit"]}, {"842fd95630ee424e64ea5a4755e57e8b": ["8", "jp.gr.java_conf.hatalab.mnv.TextEdit"]}, {"8a631c2f67c689f970997eba00e6159e": ["13", "jp.gr.java_conf.hatalab.mnv.TextEdit"]}, {"42ded163b381212c2b8e46ef9e0f966e": ["3", "jp.gr.java_conf.hatalab.mnv.TextEdit"]}, {"842fd95630ee424e64ea5a4755e57e8b": ["8", "jp.gr.java_conf.hatalab.mnv.TextEdit"]}, {"ced35a833c1e22a41b5b068606eb9718": ["2", "jp.gr.java_conf.hatalab.mnv.MainActivity"]}, {"ced35a833c1e22a41b5b068606eb9718": ["2", "jp.gr.java_conf.hatalab.mnv.MainActivity"]}, {"ced35a833c1e22a41b5b068606eb9718": ["2", "jp.gr.java_conf.hatalab.mnv.MainActivity"]}, {"ced35a833c1e22a41b5b068606eb9718": ["2", "jp.gr.java_conf.hatalab.mnv.MainActivity"]}, {"ced35a833c1e22a41b5b068606eb9718": ["2", "jp.gr.java_conf.hatalab.mnv.MainActivity"]}, {"ced35a833c1e22a41b5b068606eb9718": ["2", "jp.gr.java_conf.hatalab.mnv.MainActivity"]}, {"ced35a833c1e22a41b5b068606eb9718": ["2", "jp.gr.java_conf.hatalab.mnv.MainActivity"]}, {"ced35a833c1e22a41b5b068606eb9718": ["2", "jp.gr.java_conf.hatalab.mnv.MainActivity"]}, {"ced35a833c1e22a41b5b068606eb9718": ["2", "jp.gr.java_conf.hatalab.mnv.MainActivity"]}, {"573e5072875fcf3fa465d0f111360a4f": ["1", "jp.gr.java_conf.hatalab.mnv.MainActivity"]}, {"ced35a833c1e22a41b5b068606eb9718": ["2", "jp.gr.java_conf.hatalab.mnv.MainActivity"]}, {"573e5072875fcf3fa465d0f111360a4f": ["1", "jp.gr.java_conf.hatalab.mnv.MainActivity"]}, {"ced35a833c1e22a41b5b068606eb9718": ["2", "jp.gr.java_conf.hatalab.mnv.MainActivity"]}, {"573e5072875fcf3fa465d0f111360a4f": ["1", "jp.gr.java_conf.hatalab.mnv.MainActivity"]}, {"ced35a833c1e22a41b5b068606eb9718": ["2", "jp.gr.java_conf.hatalab.mnv.MainActivity"]}, {"85ff5f3833e030a69b7a43c0f7d57e27": ["59", "jp.gr.java_conf.hatalab.mnv.MainActivity"]}, {"85ff5f3833e030a69b7a43c0f7d57e27": ["59", "jp.gr.java_conf.hatalab.mnv.MainActivity"]}, {"85ff5f3833e030a69b7a43c0f7d57e27": ["59", "jp.gr.java_conf.hatalab.mnv.MainActivity"]}, {"85ff5f3833e030a69b7a43c0f7d57e27": ["59", "jp.gr.java_conf.hatalab.mnv.MainActivity"]}, {"ced35a833c1e22a41b5b068606eb9718": ["2", "jp.gr.java_conf.hatalab.mnv.MainActivity"]}, {"ced35a833c1e22a41b5b068606eb9718": ["2", "jp.gr.java_conf.hatalab.mnv.MainActivity"]}, {"461e4f9f2c0f09e9f97ac51404b09681": ["17", "jp.gr.java_conf.hatalab.mnv.MainActivity"]}, {"42ded163b381212c2b8e46ef9e0f966e": ["3", "jp.gr.java_conf.hatalab.mnv.TextEdit"]}, {"42ded163b381212c2b8e46ef9e0f966e": ["3", "jp.gr.java_conf.hatalab.mnv.TextEdit"]}, {"42ded163b381212c2b8e46ef9e0f966e": ["3", "jp.gr.java_conf.hatalab.mnv.TextEdit"]}, {"42ded163b381212c2b8e46ef9e0f966e": ["3", "jp.gr.java_conf.hatalab.mnv.TextEdit"]}, {"42ded163b381212c2b8e46ef9e0f966e": ["3", "jp.gr.java_conf.hatalab.mnv.TextEdit"]}, {"42ded163b381212c2b8e46ef9e0f966e": ["3", "jp.gr.java_conf.hatalab.mnv.TextEdit"]}, {"42ded163b381212c2b8e46ef9e0f966e": ["3", "jp.gr.java_conf.hatalab.mnv.TextEdit"]}, {"42ded163b381212c2b8e46ef9e0f966e": ["3", "jp.gr.java_conf.hatalab.mnv.TextEdit"]}, {"42ded163b381212c2b8e46ef9e0f966e": ["3", "jp.gr.java_conf.hatalab.mnv.TextEdit"]}, {"42ded163b381212c2b8e46ef9e0f966e": ["3", "jp.gr.java_conf.hatalab.mnv.TextEdit"]}, {"42ded163b381212c2b8e46ef9e0f966e": ["3", "jp.gr.java_conf.hatalab.mnv.TextEdit"]}, {"42ded163b381212c2b8e46ef9e0f966e": ["3", "jp.gr.java_conf.hatalab.mnv.TextEdit"]}, {"42ded163b381212c2b8e46ef9e0f966e": ["3", "jp.gr.java_conf.hatalab.mnv.TextEdit"]}, {"42ded163b381212c2b8e46ef9e0f966e": ["3", "jp.gr.java_conf.hatalab.mnv.TextEdit"]}, {"42ded163b381212c2b8e46ef9e0f966e": ["3", "jp.gr.java_conf.hatalab.mnv.TextEdit"]}, {"42ded163b381212c2b8e46ef9e0f966e": ["3", "jp.gr.java_conf.hatalab.mnv.TextEdit"]}, {"42ded163b381212c2b8e46ef9e0f966e": ["3", "jp.gr.java_conf.hatalab.mnv.TextEdit"]}, {"42ded163b381212c2b8e46ef9e0f966e": ["3", "jp.gr.java_conf.hatalab.mnv.TextEdit"]}, {"42ded163b381212c2b8e46ef9e0f966e": ["3", "jp.gr.java_conf.hatalab.mnv.TextEdit"]}, {"42ded163b381212c2b8e46ef9e0f966e": ["3", "jp.gr.java_conf.hatalab.mnv.TextEdit"]}, {"42ded163b381212c2b8e46ef9e0f966e": ["3", "jp.gr.java_conf.hatalab.mnv.TextEdit"]}, {"42ded163b381212c2b8e46ef9e0f966e": ["3", "jp.gr.java_conf.hatalab.mnv.TextEdit"]}, {"42ded163b381212c2b8e46ef9e0f966e": ["3", "jp.gr.java_conf.hatalab.mnv.TextEdit"]}, {"42ded163b381212c2b8e46ef9e0f966e": ["3", "jp.gr.java_conf.hatalab.mnv.TextEdit"]}, {"42ded163b381212c2b8e46ef9e0f966e": ["3", "jp.gr.java_conf.hatalab.mnv.TextEdit"]}, {"42ded163b381212c2b8e46ef9e0f966e": ["3", "jp.gr.java_conf.hatalab.mnv.TextEdit"]}, {"85ff5f3833e030a69b7a43c0f7d57e27": ["59", "jp.gr.java_conf.hatalab.mnv.MainActivity"]}, {"422da4a6aa02b2b25f28e1c1dc9dc72d": ["7", "jp.gr.java_conf.hatalab.mnv.MainActivity"]}, {"42ded163b381212c2b8e46ef9e0f966e": ["3", "jp.gr.java_conf.hatalab.mnv.TextEdit"]}, {"42ded163b381212c2b8e46ef9e0f966e": ["3", "jp.gr.java_conf.hatalab.mnv.TextEdit"]}, {"42ded163b381212c2b8e46ef9e0f966e": ["3", "jp.gr.java_conf.hatalab.mnv.TextEdit"]}, {"42ded163b381212c2b8e46ef9e0f966e": ["3", "jp.gr.java_conf.hatalab.mnv.TextEdit"]}, {"42ded163b381212c2b8e46ef9e0f966e": ["3", "jp.gr.java_conf.hatalab.mnv.TextEdit"]}, {"42ded163b381212c2b8e46ef9e0f966e": ["3", "jp.gr.java_conf.hatalab.mnv.TextEdit"]}, {"42ded163b381212c2b8e46ef9e0f966e": ["3", "jp.gr.java_conf.hatalab.mnv.TextEdit"]}, {"842fd95630ee424e64ea5a4755e57e8b": ["8", "jp.gr.java_conf.hatalab.mnv.TextEdit"]}, {"42ded163b381212c2b8e46ef9e0f966e": ["3", "jp.gr.java_conf.hatalab.mnv.TextEdit"]}, {"842fd95630ee424e64ea5a4755e57e8b": ["8", "jp.gr.java_conf.hatalab.mnv.TextEdit"]}, {"42ded163b381212c2b8e46ef9e0f966e": ["3", "jp.gr.java_conf.hatalab.mnv.TextEdit"]}, {"42ded163b381212c2b8e46ef9e0f966e": ["3", "jp.gr.java_conf.hatalab.mnv.TextEdit"]}, {"42ded163b381212c2b8e46ef9e0f966e": ["3", "jp.gr.java_conf.hatalab.mnv.TextEdit"]}, {"42ded163b381212c2b8e46ef9e0f966e": ["3", "jp.gr.java_conf.hatalab.mnv.TextEdit"]}, {"42ded163b381212c2b8e46ef9e0f966e": ["3", "jp.gr.java_conf.hatalab.mnv.TextEdit"]}, {"42ded163b381212c2b8e46ef9e0f966e": ["3", "jp.gr.java_conf.hatalab.mnv.TextEdit"]}, {"42ded163b381212c2b8e46ef9e0f966e": ["3", "jp.gr.java_conf.hatalab.mnv.TextEdit"]}, {"42ded163b381212c2b8e46ef9e0f966e": ["3", "jp.gr.java_conf.hatalab.mnv.TextEdit"]}, {"42ded163b381212c2b8e46ef9e0f966e": ["3", "jp.gr.java_conf.hatalab.mnv.TextEdit"]}, {"42ded163b381212c2b8e46ef9e0f966e": ["3", "jp.gr.java_conf.hatalab.mnv.TextEdit"]}, {"42ded163b381212c2b8e46ef9e0f966e": ["3", "jp.gr.java_conf.hatalab.mnv.TextEdit"]}, {"42ded163b381212c2b8e46ef9e0f966e": ["3", "jp.gr.java_conf.hatalab.mnv.TextEdit"]}, {"42ded163b381212c2b8e46ef9e0f966e": ["3", "jp.gr.java_conf.hatalab.mnv.TextEdit"]}, {"42ded163b381212c2b8e46ef9e0f966e": ["3", "jp.gr.java_conf.hatalab.mnv.TextEdit"]}, {"42ded163b381212c2b8e46ef9e0f966e": ["3", "jp.gr.java_conf.hatalab.mnv.TextEdit"]}, {"42ded163b381212c2b8e46ef9e0f966e": ["3", "jp.gr.java_conf.hatalab.mnv.TextEdit"]}, {"82331d028fbdd6c521c00da710f23daf": ["0", "jp.gr.java_conf.hatalab.mnv.MainActivity"]}, {"422da4a6aa02b2b25f28e1c1dc9dc72d": ["7", "jp.gr.java_conf.hatalab.mnv.MainActivity"]}, {"82331d028fbdd6c521c00da710f23daf": ["0", "jp.gr.java_conf.hatalab.mnv.MainActivity"]}, {"422da4a6aa02b2b25f28e1c1dc9dc72d": ["7", "jp.gr.java_conf.hatalab.mnv.MainActivity"]}, {"82331d028fbdd6c521c00da710f23daf": ["0", "jp.gr.java_conf.hatalab.mnv.MainActivity"]}, {"573e5072875fcf3fa465d0f111360a4f": ["1", "jp.gr.java_conf.hatalab.mnv.MainActivity"]}, {"573e5072875fcf3fa465d0f111360a4f": ["1", "jp.gr.java_conf.hatalab.mnv.MainActivity"]}, {"573e5072875fcf3fa465d0f111360a4f": ["1", "jp.gr.java_conf.hatalab.mnv.MainActivity"]}, {"82331d028fbdd6c521c00da710f23daf": ["0", "jp.gr.java_conf.hatalab.mnv.MainActivity"]}, {"573e5072875fcf3fa465d0f111360a4f": ["1", "jp.gr.java_conf.hatalab.mnv.MainActivity"]}, {"82331d028fbdd6c521c00da710f23daf": ["0", "jp.gr.java_conf.hatalab.mnv.MainActivity"]}, {"573e5072875fcf3fa465d0f111360a4f": ["1", "jp.gr.java_conf.hatalab.mnv.MainActivity"]}, {"82331d028fbdd6c521c00da710f23daf": ["0", "jp.gr.java_conf.hatalab.mnv.MainActivity"]}, {"573e5072875fcf3fa465d0f111360a4f": ["1", "jp.gr.java_conf.hatalab.mnv.MainActivity"]}, {"82331d028fbdd6c521c00da710f23daf": ["0", "jp.gr.java_conf.hatalab.mnv.MainActivity"]}, {"573e5072875fcf3fa465d0f111360a4f": ["1", "jp.gr.java_conf.hatalab.mnv.MainActivity"]}, {"82331d028fbdd6c521c00da710f23daf": ["0", "jp.gr.java_conf.hatalab.mnv.MainActivity"]}, {"82331d028fbdd6c521c00da710f23daf": ["0", "jp.gr.java_conf.hatalab.mnv.MainActivity"]}, {"573e5072875fcf3fa465d0f111360a4f": ["1", "jp.gr.java_conf.hatalab.mnv.MainActivity"]}, {"82331d028fbdd6c521c00da710f23daf": ["0", "jp.gr.java_conf.hatalab.mnv.MainActivity"]}, {"573e5072875fcf3fa465d0f111360a4f": ["1", "jp.gr.java_conf.hatalab.mnv.MainActivity"]}, {"573e5072875fcf3fa465d0f111360a4f": ["1", "jp.gr.java_conf.hatalab.mnv.MainActivity"]}, {"82331d028fbdd6c521c00da710f23daf": ["0", "jp.gr.java_conf.hatalab.mnv.MainActivity"]}, {"82331d028fbdd6c521c00da710f23daf": ["0", "jp.gr.java_conf.hatalab.mnv.MainActivity"]}, {"ced35a833c1e22a41b5b068606eb9718": ["2", "jp.gr.java_conf.hatalab.mnv.MainActivity"]}, {"ced35a833c1e22a41b5b068606eb9718": ["2", "jp.gr.java_conf.hatalab.mnv.MainActivity"]}, {"ced35a833c1e22a41b5b068606eb9718": ["2", "jp.gr.java_conf.hatalab.mnv.MainActivity"]}, {"573e5072875fcf3fa465d0f111360a4f": ["1", "jp.gr.java_conf.hatalab.mnv.MainActivity"]}, {"573e5072875fcf3fa465d0f111360a4f": ["1", "jp.gr.java_conf.hatalab.mnv.MainActivity"]}, {"ced35a833c1e22a41b5b068606eb9718": ["2", "jp.gr.java_conf.hatalab.mnv.MainActivity"]}, {"ced35a833c1e22a41b5b068606eb9718": ["2", "jp.gr.java_conf.hatalab.mnv.MainActivity"]}, {"ced35a833c1e22a41b5b068606eb9718": ["2", "jp.gr.java_conf.hatalab.mnv.MainActivity"]}, {"ced35a833c1e22a41b5b068606eb9718": ["2", "jp.gr.java_conf.hatalab.mnv.MainActivity"]}, {"82331d028fbdd6c521c00da710f23daf": ["0", "jp.gr.java_conf.hatalab.mnv.MainActivity"]}, {"573e5072875fcf3fa465d0f111360a4f": ["1", "jp.gr.java_conf.hatalab.mnv.MainActivity"]}, {"573e5072875fcf3fa465d0f111360a4f": ["1", "jp.gr.java_conf.hatalab.mnv.MainActivity"]}, {"573e5072875fcf3fa465d0f111360a4f": ["1", "jp.gr.java_conf.hatalab.mnv.MainActivity"]}, {"82331d028fbdd6c521c00da710f23daf": ["0", "jp.gr.java_conf.hatalab.mnv.MainActivity"]}, {"ced35a833c1e22a41b5b068606eb9718": ["2", "jp.gr.java_conf.hatalab.mnv.MainActivity"]}, {"ced35a833c1e22a41b5b068606eb9718": ["2", "jp.gr.java_conf.hatalab.mnv.MainActivity"]}, {"85ff5f3833e030a69b7a43c0f7d57e27": ["59", "jp.gr.java_conf.hatalab.mnv.MainActivity"]}, {"85ff5f3833e030a69b7a43c0f7d57e27": ["59", "jp.gr.java_conf.hatalab.mnv.MainActivity"]}, {"42ded163b381212c2b8e46ef9e0f966e": ["3", "jp.gr.java_conf.hatalab.mnv.TextEdit"]}, {"42ded163b381212c2b8e46ef9e0f966e": ["3", "jp.gr.java_conf.hatalab.mnv.TextEdit"]}, {"42ded163b381212c2b8e46ef9e0f966e": ["3", "jp.gr.java_conf.hatalab.mnv.TextEdit"]}, {"42ded163b381212c2b8e46ef9e0f966e": ["3", "jp.gr.java_conf.hatalab.mnv.TextEdit"]}, {"82331d028fbdd6c521c00da710f23daf": ["0", "jp.gr.java_conf.hatalab.mnv.MainActivity"]}, {"573e5072875fcf3fa465d0f111360a4f": ["1", "jp.gr.java_conf.hatalab.mnv.MainActivity"]}, {"82331d028fbdd6c521c00da710f23daf": ["0", "jp.gr.java_conf.hatalab.mnv.MainActivity"]}, {"573e5072875fcf3fa465d0f111360a4f": ["1", "jp.gr.java_conf.hatalab.mnv.MainActivity"]}, {"82331d028fbdd6c521c00da710f23daf": ["0", "jp.gr.java_conf.hatalab.mnv.MainActivity"]}, {"573e5072875fcf3fa465d0f111360a4f": ["1", "jp.gr.java_conf.hatalab.mnv.MainActivity"]}, {"82331d028fbdd6c521c00da710f23daf": ["0", "jp.gr.java_conf.hatalab.mnv.MainActivity"]}, {"ced35a833c1e22a41b5b068606eb9718": ["2", "jp.gr.java_conf.hatalab.mnv.MainActivity"]}, {"ced35a833c1e22a41b5b068606eb9718": ["2", "jp.gr.java_conf.hatalab.mnv.MainActivity"]}, {"ced35a833c1e22a41b5b068606eb9718": ["2", "jp.gr.java_conf.hatalab.mnv.MainActivity"]}, {"573e5072875fcf3fa465d0f111360a4f": ["1", "jp.gr.java_conf.hatalab.mnv.MainActivity"]}, {"82331d028fbdd6c521c00da710f23daf": ["0", "jp.gr.java_conf.hatalab.mnv.MainActivity"]}, {"ced35a833c1e22a41b5b068606eb9718": ["2", "jp.gr.java_conf.hatalab.mnv.MainActivity"]}, {"ced35a833c1e22a41b5b068606eb9718": ["2", "jp.gr.java_conf.hatalab.mnv.MainActivity"]}, {"ced35a833c1e22a41b5b068606eb9718": ["2", "jp.gr.java_conf.hatalab.mnv.MainActivity"]}, {"85ff5f3833e030a69b7a43c0f7d57e27": ["59", "jp.gr.java_conf.hatalab.mnv.MainActivity"]}, {"85ff5f3833e030a69b7a43c0f7d57e27": ["59", "jp.gr.java_conf.hatalab.mnv.MainActivity"]}, {"82331d028fbdd6c521c00da710f23daf": ["0", "jp.gr.java_conf.hatalab.mnv.MainActivity"]}, {"573e5072875fcf3fa465d0f111360a4f": ["1", "jp.gr.java_conf.hatalab.mnv.MainActivity"]}, {"573e5072875fcf3fa465d0f111360a4f": ["1", "jp.gr.java_conf.hatalab.mnv.MainActivity"]}, {"573e5072875fcf3fa465d0f111360a4f": ["1", "jp.gr.java_conf.hatalab.mnv.MainActivity"]}, {"82331d028fbdd6c521c00da710f23daf": ["0", "jp.gr.java_conf.hatalab.mnv.MainActivity"]}, {"573e5072875fcf3fa465d0f111360a4f": ["1", "jp.gr.java_conf.hatalab.mnv.MainActivity"]}, {"573e5072875fcf3fa465d0f111360a4f": ["1", "jp.gr.java_conf.hatalab.mnv.MainActivity"]}, {"82331d028fbdd6c521c00da710f23daf": ["0", "jp.gr.java_conf.hatalab.mnv.MainActivity"]}, {"573e5072875fcf3fa465d0f111360a4f": ["1", "jp.gr.java_conf.hatalab.mnv.MainActivity"]}, {"82331d028fbdd6c521c00da710f23daf": ["0", "jp.gr.java_conf.hatalab.mnv.MainActivity"]}, {"573e5072875fcf3fa465d0f111360a4f": ["1", "jp.gr.java_conf.hatalab.mnv.MainActivity"]}, {"573e5072875fcf3fa465d0f111360a4f": ["1", "jp.gr.java_conf.hatalab.mnv.MainActivity"]}, {"82331d028fbdd6c521c00da710f23daf": ["0", "jp.gr.java_conf.hatalab.mnv.MainActivity"]}, {"573e5072875fcf3fa465d0f111360a4f": ["1", "jp.gr.java_conf.hatalab.mnv.MainActivity"]}, {"573e5072875fcf3fa465d0f111360a4f": ["1", "jp.gr.java_conf.hatalab.mnv.MainActivity"]}, {"82331d028fbdd6c521c00da710f23daf": ["0", "jp.gr.java_conf.hatalab.mnv.MainActivity"]}, {"573e5072875fcf3fa465d0f111360a4f": ["1", "jp.gr.java_conf.hatalab.mnv.MainActivity"]}, {"82331d028fbdd6c521c00da710f23daf": ["0", "jp.gr.java_conf.hatalab.mnv.MainActivity"]}, {"573e5072875fcf3fa465d0f111360a4f": ["1", "jp.gr.java_conf.hatalab.mnv.MainActivity"]}, {"573e5072875fcf3fa465d0f111360a4f": ["1", "jp.gr.java_conf.hatalab.mnv.MainActivity"]}, {"573e5072875fcf3fa465d0f111360a4f": ["1", "jp.gr.java_conf.hatalab.mnv.MainActivity"]}, {"573e5072875fcf3fa465d0f111360a4f": ["1", "jp.gr.java_conf.hatalab.mnv.MainActivity"]}, {"573e5072875fcf3fa465d0f111360a4f": ["1", "jp.gr.java_conf.hatalab.mnv.MainActivity"]}, {"573e5072875fcf3fa465d0f111360a4f": ["1", "jp.gr.java_conf.hatalab.mnv.MainActivity"]}, {"82331d028fbdd6c521c00da710f23daf": ["0", "jp.gr.java_conf.hatalab.mnv.MainActivity"]}, {"573e5072875fcf3fa465d0f111360a4f": ["1", "jp.gr.java_conf.hatalab.mnv.MainActivity"]}, {"82331d028fbdd6c521c00da710f23daf": ["0", "jp.gr.java_conf.hatalab.mnv.MainActivity"]}, {"573e5072875fcf3fa465d0f111360a4f": ["1", "jp.gr.java_conf.hatalab.mnv.MainActivity"]}, {"82331d028fbdd6c521c00da710f23daf": ["0", "jp.gr.java_conf.hatalab.mnv.MainActivity"]}, {"573e5072875fcf3fa465d0f111360a4f": ["1", "jp.gr.java_conf.hatalab.mnv.MainActivity"]}, {"82331d028fbdd6c521c00da710f23daf": ["0", "jp.gr.java_conf.hatalab.mnv.MainActivity"]}, {"573e5072875fcf3fa465d0f111360a4f": ["1", "jp.gr.java_conf.hatalab.mnv.MainActivity"]}, {"82331d028fbdd6c521c00da710f23daf": ["0", "jp.gr.java_conf.hatalab.mnv.MainActivity"]}, {"573e5072875fcf3fa465d0f111360a4f": ["1", "jp.gr.java_conf.hatalab.mnv.MainActivity"]}, {"82331d028fbdd6c521c00da710f23daf": ["0", "jp.gr.java_conf.hatalab.mnv.MainActivity"]}, {"82331d028fbdd6c521c00da710f23daf": ["0", "jp.gr.java_conf.hatalab.mnv.MainActivity"]}, {"573e5072875fcf3fa465d0f111360a4f": ["1", "jp.gr.java_conf.hatalab.mnv.MainActivity"]}, {"82331d028fbdd6c521c00da710f23daf": ["0", "jp.gr.java_conf.hatalab.mnv.MainActivity"]}, {"573e5072875fcf3fa465d0f111360a4f": ["1", "jp.gr.java_conf.hatalab.mnv.MainActivity"]}, {"573e5072875fcf3fa465d0f111360a4f": ["1", "jp.gr.java_conf.hatalab.mnv.MainActivity"]}, {"82331d028fbdd6c521c00da710f23daf": ["0", "jp.gr.java_conf.hatalab.mnv.MainActivity"]}, {"573e5072875fcf3fa465d0f111360a4f": ["1", "jp.gr.java_conf.hatalab.mnv.MainActivity"]}, {"573e5072875fcf3fa465d0f111360a4f": ["1", "jp.gr.java_conf.hatalab.mnv.MainActivity"]}, {"573e5072875fcf3fa465d0f111360a4f": ["1", "jp.gr.java_conf.hatalab.mnv.MainActivity"]}, {"82331d028fbdd6c521c00da710f23daf": ["0", "jp.gr.java_conf.hatalab.mnv.MainActivity"]}, {"422da4a6aa02b2b25f28e1c1dc9dc72d": ["7", "jp.gr.java_conf.hatalab.mnv.MainActivity"]}, {"422da4a6aa02b2b25f28e1c1dc9dc72d": ["7", "jp.gr.java_conf.hatalab.mnv.MainActivity"]}, {"82331d028fbdd6c521c00da710f23daf": ["0", "jp.gr.java_conf.hatalab.mnv.MainActivity"]}, {"573e5072875fcf3fa465d0f111360a4f": ["1", "jp.gr.java_conf.hatalab.mnv.MainActivity"]}, {"82331d028fbdd6c521c00da710f23daf": ["0", "jp.gr.java_conf.hatalab.mnv.MainActivity"]}, {"573e5072875fcf3fa465d0f111360a4f": ["1", "jp.gr.java_conf.hatalab.mnv.MainActivity"]}, {"573e5072875fcf3fa465d0f111360a4f": ["1", "jp.gr.java_conf.hatalab.mnv.MainActivity"]}, {"573e5072875fcf3fa465d0f111360a4f": ["1", "jp.gr.java_conf.hatalab.mnv.MainActivity"]}, {"573e5072875fcf3fa465d0f111360a4f": ["1", "jp.gr.java_conf.hatalab.mnv.MainActivity"]}, {"573e5072875fcf3fa465d0f111360a4f": ["1", "jp.gr.java_conf.hatalab.mnv.MainActivity"]}, {"573e5072875fcf3fa465d0f111360a4f": ["1", "jp.gr.java_conf.hatalab.mnv.MainActivity"]}, {"573e5072875fcf3fa465d0f111360a4f": ["1", "jp.gr.java_conf.hatalab.mnv.MainActivity"]}, {"82331d028fbdd6c521c00da710f23daf": ["0", "jp.gr.java_conf.hatalab.mnv.MainActivity"]}, {"573e5072875fcf3fa465d0f111360a4f": ["1", "jp.gr.java_conf.hatalab.mnv.MainActivity"]}, {"82331d028fbdd6c521c00da710f23daf": ["0", "jp.gr.java_conf.hatalab.mnv.MainActivity"]}, {"573e5072875fcf3fa465d0f111360a4f": ["1", "jp.gr.java_conf.hatalab.mnv.MainActivity"]}, {"573e5072875fcf3fa465d0f111360a4f": ["1", "jp.gr.java_conf.hatalab.mnv.MainActivity"]}, {"573e5072875fcf3fa465d0f111360a4f": ["1", "jp.gr.java_conf.hatalab.mnv.MainActivity"]}, {"82331d028fbdd6c521c00da710f23daf": ["0", "jp.gr.java_conf.hatalab.mnv.MainActivity"]}, {"573e5072875fcf3fa465d0f111360a4f": ["1", "jp.gr.java_conf.hatalab.mnv.MainActivity"]}, {"82331d028fbdd6c521c00da710f23daf": ["0", "jp.gr.java_conf.hatalab.mnv.MainActivity"]}, {"573e5072875fcf3fa465d0f111360a4f": ["1", "jp.gr.java_conf.hatalab.mnv.MainActivity"]}, {"82331d028fbdd6c521c00da710f23daf": ["0", "jp.gr.java_conf.hatalab.mnv.MainActivity"]}, {"573e5072875fcf3fa465d0f111360a4f": ["1", "jp.gr.java_conf.hatalab.mnv.MainActivity"]}, {"573e5072875fcf3fa465d0f111360a4f": ["1", "jp.gr.java_conf.hatalab.mnv.MainActivity"]}, {"573e5072875fcf3fa465d0f111360a4f": ["1", "jp.gr.java_conf.hatalab.mnv.MainActivity"]}, {"82331d028fbdd6c521c00da710f23daf": ["0", "jp.gr.java_conf.hatalab.mnv.MainActivity"]}, {"573e5072875fcf3fa465d0f111360a4f": ["1", "jp.gr.java_conf.hatalab.mnv.MainActivity"]}, {"573e5072875fcf3fa465d0f111360a4f": ["1", "jp.gr.java_conf.hatalab.mnv.MainActivity"]}, {"573e5072875fcf3fa465d0f111360a4f": ["1", "jp.gr.java_conf.hatalab.mnv.MainActivity"]}, {"573e5072875fcf3fa465d0f111360a4f": ["1", "jp.gr.java_conf.hatalab.mnv.MainActivity"]}, {"82331d028fbdd6c521c00da710f23daf": ["0", "jp.gr.java_conf.hatalab.mnv.MainActivity"]}, {"573e5072875fcf3fa465d0f111360a4f": ["1", "jp.gr.java_conf.hatalab.mnv.MainActivity"]}, {"573e5072875fcf3fa465d0f111360a4f": ["1", "jp.gr.java_conf.hatalab.mnv.MainActivity"]}, {"82331d028fbdd6c521c00da710f23daf": ["0", "jp.gr.java_conf.hatalab.mnv.MainActivity"]}, {"573e5072875fcf3fa465d0f111360a4f": ["1", "jp.gr.java_conf.hatalab.mnv.MainActivity"]}, {"82331d028fbdd6c521c00da710f23daf": ["0", "jp.gr.java_conf.hatalab.mnv.MainActivity"]}, {"573e5072875fcf3fa465d0f111360a4f": ["1", "jp.gr.java_conf.hatalab.mnv.MainActivity"]}, {"573e5072875fcf3fa465d0f111360a4f": ["1", "jp.gr.java_conf.hatalab.mnv.MainActivity"]}, {"573e5072875fcf3fa465d0f111360a4f": ["1", "jp.gr.java_conf.hatalab.mnv.MainActivity"]}, {"82331d028fbdd6c521c00da710f23daf": ["0", "jp.gr.java_conf.hatalab.mnv.MainActivity"]}, {"573e5072875fcf3fa465d0f111360a4f": ["1", "jp.gr.java_conf.hatalab.mnv.MainActivity"]}, {"82331d028fbdd6c521c00da710f23daf": ["0", "jp.gr.java_conf.hatalab.mnv.MainActivity"]}, {"573e5072875fcf3fa465d0f111360a4f": ["1", "jp.gr.java_conf.hatalab.mnv.MainActivity"]}, {"82331d028fbdd6c521c00da710f23daf": ["0", "jp.gr.java_conf.hatalab.mnv.MainActivity"]}, {"ced35a833c1e22a41b5b068606eb9718": ["2", "jp.gr.java_conf.hatalab.mnv.MainActivity"]}, {"ced35a833c1e22a41b5b068606eb9718": ["2", "jp.gr.java_conf.hatalab.mnv.MainActivity"]}, {"ced35a833c1e22a41b5b068606eb9718": ["2", "jp.gr.java_conf.hatalab.mnv.MainActivity"]}, {"82331d028fbdd6c521c00da710f23daf": ["0", "jp.gr.java_conf.hatalab.mnv.MainActivity"]}, {"573e5072875fcf3fa465d0f111360a4f": ["1", "jp.gr.java_conf.hatalab.mnv.MainActivity"]}, {"573e5072875fcf3fa465d0f111360a4f": ["1", "jp.gr.java_conf.hatalab.mnv.MainActivity"]}, {"82331d028fbdd6c521c00da710f23daf": ["0", "jp.gr.java_conf.hatalab.mnv.MainActivity"]}, {"573e5072875fcf3fa465d0f111360a4f": ["1", "jp.gr.java_conf.hatalab.mnv.MainActivity"]}, {"82331d028fbdd6c521c00da710f23daf": ["0", "jp.gr.java_conf.hatalab.mnv.MainActivity"]}, {"573e5072875fcf3fa465d0f111360a4f": ["1", "jp.gr.java_conf.hatalab.mnv.MainActivity"]}, {"573e5072875fcf3fa465d0f111360a4f": ["1", "jp.gr.java_conf.hatalab.mnv.MainActivity"]}, {"573e5072875fcf3fa465d0f111360a4f": ["1", "jp.gr.java_conf.hatalab.mnv.MainActivity"]}, {"82331d028fbdd6c521c00da710f23daf": ["0", "jp.gr.java_conf.hatalab.mnv.MainActivity"]}, {"ced35a833c1e22a41b5b068606eb9718": ["2", "jp.gr.java_conf.hatalab.mnv.MainActivity"]}, {"573e5072875fcf3fa465d0f111360a4f": ["1", "jp.gr.java_conf.hatalab.mnv.MainActivity"]}, {"573e5072875fcf3fa465d0f111360a4f": ["1", "jp.gr.java_conf.hatalab.mnv.MainActivity"]}, {"82331d028fbdd6c521c00da710f23daf": ["0", "jp.gr.java_conf.hatalab.mnv.MainActivity"]}, {"573e5072875fcf3fa465d0f111360a4f": ["1", "jp.gr.java_conf.hatalab.mnv.MainActivity"]}, {"82331d028fbdd6c521c00da710f23daf": ["0", "jp.gr.java_conf.hatalab.mnv.MainActivity"]}, {"82331d028fbdd6c521c00da710f23daf": ["0", "jp.gr.java_conf.hatalab.mnv.MainActivity"]}, {"82331d028fbdd6c521c00da710f23daf": ["0", "jp.gr.java_conf.hatalab.mnv.MainActivity"]}, {"573e5072875fcf3fa465d0f111360a4f": ["1", "jp.gr.java_conf.hatalab.mnv.MainActivity"]}, {"82331d028fbdd6c521c00da710f23daf": ["0", "jp.gr.java_conf.hatalab.mnv.MainActivity"]}, {"573e5072875fcf3fa465d0f111360a4f": ["1", "jp.gr.java_conf.hatalab.mnv.MainActivity"]}, {"82331d028fbdd6c521c00da710f23daf": ["0", "jp.gr.java_conf.hatalab.mnv.MainActivity"]}, {"422da4a6aa02b2b25f28e1c1dc9dc72d": ["7", "jp.gr.java_conf.hatalab.mnv.MainActivity"]}, {"7601ffe9e870b74834149017e12a43e5": ["15", "jp.gr.java_conf.hatalab.mnv.MainActivity"]}, {"422da4a6aa02b2b25f28e1c1dc9dc72d": ["7", "jp.gr.java_conf.hatalab.mnv.MainActivity"]}, {"7601ffe9e870b74834149017e12a43e5": ["15", "jp.gr.java_conf.hatalab.mnv.MainActivity"]}, {"422da4a6aa02b2b25f28e1c1dc9dc72d": ["7", "jp.gr.java_conf.hatalab.mnv.MainActivity"]}, {"422da4a6aa02b2b25f28e1c1dc9dc72d": ["7", "jp.gr.java_conf.hatalab.mnv.MainActivity"]}, {"7601ffe9e870b74834149017e12a43e5": ["15", "jp.gr.java_conf.hatalab.mnv.MainActivity"]}, {"422da4a6aa02b2b25f28e1c1dc9dc72d": ["7", "jp.gr.java_conf.hatalab.mnv.MainActivity"]}, {"573e5072875fcf3fa465d0f111360a4f": ["1", "jp.gr.java_conf.hatalab.mnv.MainActivity"]}, {"422da4a6aa02b2b25f28e1c1dc9dc72d": ["7", "jp.gr.java_conf.hatalab.mnv.MainActivity"]}, {"422da4a6aa02b2b25f28e1c1dc9dc72d": ["7", "jp.gr.java_conf.hatalab.mnv.MainActivity"]}, {"7601ffe9e870b74834149017e12a43e5": ["15", "jp.gr.java_conf.hatalab.mnv.MainActivity"]}, {"7601ffe9e870b74834149017e12a43e5": ["15", "jp.gr.java_conf.hatalab.mnv.MainActivity"]}, {"82331d028fbdd6c521c00da710f23daf": ["0", "jp.gr.java_conf.hatalab.mnv.MainActivity"]}, {"422da4a6aa02b2b25f28e1c1dc9dc72d": ["7", "jp.gr.java_conf.hatalab.mnv.MainActivity"]}, {"82331d028fbdd6c521c00da710f23daf": ["0", "jp.gr.java_conf.hatalab.mnv.MainActivity"]}, {"82331d028fbdd6c521c00da710f23daf": ["0", "jp.gr.java_conf.hatalab.mnv.MainActivity"]}, {"573e5072875fcf3fa465d0f111360a4f": ["1", "jp.gr.java_conf.hatalab.mnv.MainActivity"]}, {"82331d028fbdd6c521c00da710f23daf": ["0", "jp.gr.java_conf.hatalab.mnv.MainActivity"]}, {"ced35a833c1e22a41b5b068606eb9718": ["2", "jp.gr.java_conf.hatalab.mnv.MainActivity"]}, {"4934e42d4575a8a4d2d6e2438dd5202d": ["4", "jp.gr.java_conf.hatalab.mnv.MainActivity"]}, {"ced35a833c1e22a41b5b068606eb9718": ["2", "jp.gr.java_conf.hatalab.mnv.MainActivity"]}, {"573e5072875fcf3fa465d0f111360a4f": ["1", "jp.gr.java_conf.hatalab.mnv.MainActivity"]}, {"573e5072875fcf3fa465d0f111360a4f": ["1", "jp.gr.java_conf.hatalab.mnv.MainActivity"]}, {"573e5072875fcf3fa465d0f111360a4f": ["1", "jp.gr.java_conf.hatalab.mnv.MainActivity"]}, {"ced35a833c1e22a41b5b068606eb9718": ["2", "jp.gr.java_conf.hatalab.mnv.MainActivity"]}, {"4934e42d4575a8a4d2d6e2438dd5202d": ["4", "jp.gr.java_conf.hatalab.mnv.MainActivity"]}, {"ced35a833c1e22a41b5b068606eb9718": ["2", "jp.gr.java_conf.hatalab.mnv.MainActivity"]}, {"ced35a833c1e22a41b5b068606eb9718": ["2", "jp.gr.java_conf.hatalab.mnv.MainActivity"]}, {"573e5072875fcf3fa465d0f111360a4f": ["1", "jp.gr.java_conf.hatalab.mnv.MainActivity"]}, {"ced35a833c1e22a41b5b068606eb9718": ["2", "jp.gr.java_conf.hatalab.mnv.MainActivity"]}, {"573e5072875fcf3fa465d0f111360a4f": ["1", "jp.gr.java_conf.hatalab.mnv.MainActivity"]}, {"ced35a833c1e22a41b5b068606eb9718": ["2", "jp.gr.java_conf.hatalab.mnv.MainActivity"]}, {"ced35a833c1e22a41b5b068606eb9718": ["2", "jp.gr.java_conf.hatalab.mnv.MainActivity"]}, {"573e5072875fcf3fa465d0f111360a4f": ["1", "jp.gr.java_conf.hatalab.mnv.MainActivity"]}, {"573e5072875fcf3fa465d0f111360a4f": ["1", "jp.gr.java_conf.hatalab.mnv.MainActivity"]}, {"ced35a833c1e22a41b5b068606eb9718": ["2", "jp.gr.java_conf.hatalab.mnv.MainActivity"]}, {"ced35a833c1e22a41b5b068606eb9718": ["2", "jp.gr.java_conf.hatalab.mnv.MainActivity"]}, {"461e4f9f2c0f09e9f97ac51404b09681": ["17", "jp.gr.java_conf.hatalab.mnv.MainActivity"]}, {"461e4f9f2c0f09e9f97ac51404b09681": ["17", "jp.gr.java_conf.hatalab.mnv.MainActivity"]}, {"ced35a833c1e22a41b5b068606eb9718": ["2", "jp.gr.java_conf.hatalab.mnv.MainActivity"]}, {"82331d028fbdd6c521c00da710f23daf": ["0", "jp.gr.java_conf.hatalab.mnv.MainActivity"]}, {"573e5072875fcf3fa465d0f111360a4f": ["1", "jp.gr.java_conf.hatalab.mnv.MainActivity"]}, {"573e5072875fcf3fa465d0f111360a4f": ["1", "jp.gr.java_conf.hatalab.mnv.MainActivity"]}, {"573e5072875fcf3fa465d0f111360a4f": ["1", "jp.gr.java_conf.hatalab.mnv.MainActivity"]}, {"573e5072875fcf3fa465d0f111360a4f": ["1", "jp.gr.java_conf.hatalab.mnv.MainActivity"]}, {"82331d028fbdd6c521c00da710f23daf": ["0", "jp.gr.java_conf.hatalab.mnv.MainActivity"]}, {"82331d028fbdd6c521c00da710f23daf": ["0", "jp.gr.java_conf.hatalab.mnv.MainActivity"]}, {"573e5072875fcf3fa465d0f111360a4f": ["1", "jp.gr.java_conf.hatalab.mnv.MainActivity"]}, {"82331d028fbdd6c521c00da710f23daf": ["0", "jp.gr.java_conf.hatalab.mnv.MainActivity"]}, {"573e5072875fcf3fa465d0f111360a4f": ["1", "jp.gr.java_conf.hatalab.mnv.MainActivity"]}, {"573e5072875fcf3fa465d0f111360a4f": ["1", "jp.gr.java_conf.hatalab.mnv.MainActivity"]}, {"82331d028fbdd6c521c00da710f23daf": ["0", "jp.gr.java_conf.hatalab.mnv.MainActivity"]}, {"ced35a833c1e22a41b5b068606eb9718": ["2", "jp.gr.java_conf.hatalab.mnv.MainActivity"]}, {"ced35a833c1e22a41b5b068606eb9718": ["2", "jp.gr.java_conf.hatalab.mnv.MainActivity"]}, {"ced35a833c1e22a41b5b068606eb9718": ["2", "jp.gr.java_conf.hatalab.mnv.MainActivity"]}, {"ced35a833c1e22a41b5b068606eb9718": ["2", "jp.gr.java_conf.hatalab.mnv.MainActivity"]}, {"ced35a833c1e22a41b5b068606eb9718": ["2", "jp.gr.java_conf.hatalab.mnv.MainActivity"]}, {"ced35a833c1e22a41b5b068606eb9718": ["2", "jp.gr.java_conf.hatalab.mnv.MainActivity"]}, {"7576eb3d82b96fca077c2ab09b0a01de": ["57", "jp.gr.java_conf.hatalab.mnv.MainActivity"]}, {"573e5072875fcf3fa465d0f111360a4f": ["1", "jp.gr.java_conf.hatalab.mnv.MainActivity"]}, {"7576eb3d82b96fca077c2ab09b0a01de": ["57", "jp.gr.java_conf.hatalab.mnv.MainActivity"]}, {"7576eb3d82b96fca077c2ab09b0a01de": ["57", "jp.gr.java_conf.hatalab.mnv.MainActivity"]}, {"573e5072875fcf3fa465d0f111360a4f": ["1", "jp.gr.java_conf.hatalab.mnv.MainActivity"]}, {"7576eb3d82b96fca077c2ab09b0a01de": ["57", "jp.gr.java_conf.hatalab.mnv.MainActivity"]}, {"7576eb3d82b96fca077c2ab09b0a01de": ["57", "jp.gr.java_conf.hatalab.mnv.MainActivity"]}, {"7576eb3d82b96fca077c2ab09b0a01de": ["57", "jp.gr.java_conf.hatalab.mnv.MainActivity"]}, {"573e5072875fcf3fa465d0f111360a4f": ["1", "jp.gr.java_conf.hatalab.mnv.MainActivity"]}, {"7576eb3d82b96fca077c2ab09b0a01de": ["57", "jp.gr.java_conf.hatalab.mnv.MainActivity"]}]