[{"e0ed11ff578e85890a6111359eb40458": ["0", "jp.sblo.pandora.aGrep.Settings"]}, {"e0ed11ff578e85890a6111359eb40458": ["0", "jp.sblo.pandora.aGrep.Settings"]}, {"df8c3f5526f36c849d8f8ba21699567f": ["1", "jp.sblo.pandora.aGrep.Settings"]}, {"e0ed11ff578e85890a6111359eb40458": ["0", "jp.sblo.pandora.aGrep.Settings"]}, {"1e13702478feb3bb340b9c8948431ccd": ["3", "jp.sblo.pandora.aGrep.FileSelectorActivity"]}, {"b734fe295b7ea32773b1b7c3fc3f0aff": ["4", "jp.sblo.pandora.aGrep.FileSelectorActivity"]}, {"1e13702478feb3bb340b9c8948431ccd": ["3", "jp.sblo.pandora.aGrep.FileSelectorActivity"]}, {"247411c4410eb6d3fe7e67c3867da937": ["13", "jp.sblo.pandora.aGrep.FileSelectorActivity"]}, {"1e13702478feb3bb340b9c8948431ccd": ["3", "jp.sblo.pandora.aGrep.FileSelectorActivity"]}, {"247411c4410eb6d3fe7e67c3867da937": ["13", "jp.sblo.pandora.aGrep.FileSelectorActivity"]}, {"3bab101ef69d2dced37cd0de89cab9d2": ["14", "jp.sblo.pandora.aGrep.FileSelectorActivity"]}, {"247411c4410eb6d3fe7e67c3867da937": ["13", "jp.sblo.pandora.aGrep.FileSelectorActivity"]}, {"3bab101ef69d2dced37cd0de89cab9d2": ["14", "jp.sblo.pandora.aGrep.FileSelectorActivity"]}, {"247411c4410eb6d3fe7e67c3867da937": ["13", "jp.sblo.pandora.aGrep.FileSelectorActivity"]}, {"3bab101ef69d2dced37cd0de89cab9d2": ["14", "jp.sblo.pandora.aGrep.FileSelectorActivity"]}, {"247411c4410eb6d3fe7e67c3867da937": ["13", "jp.sblo.pandora.aGrep.FileSelectorActivity"]}, {"3bab101ef69d2dced37cd0de89cab9d2": ["14", "jp.sblo.pandora.aGrep.FileSelectorActivity"]}, {"247411c4410eb6d3fe7e67c3867da937": ["13", "jp.sblo.pandora.aGrep.FileSelectorActivity"]}, {"3bab101ef69d2dced37cd0de89cab9d2": ["14", "jp.sblo.pandora.aGrep.FileSelectorActivity"]}, {"247411c4410eb6d3fe7e67c3867da937": ["13", "jp.sblo.pandora.aGrep.FileSelectorActivity"]}, {"b734fe295b7ea32773b1b7c3fc3f0aff": ["4", "jp.sblo.pandora.aGrep.FileSelectorActivity"]}, {"e0ed11ff578e85890a6111359eb40458": ["0", "jp.sblo.pandora.aGrep.Settings"]}, {"df8c3f5526f36c849d8f8ba21699567f": ["1", "jp.sblo.pandora.aGrep.Settings"]}, {"e0ed11ff578e85890a6111359eb40458": ["0", "jp.sblo.pandora.aGrep.Settings"]}, {"df8c3f5526f36c849d8f8ba21699567f": ["1", "jp.sblo.pandora.aGrep.Settings"]}, {"e0ed11ff578e85890a6111359eb40458": ["0", "jp.sblo.pandora.aGrep.Settings"]}, {"e0ed11ff578e85890a6111359eb40458": ["0", "jp.sblo.pandora.aGrep.Settings"]}, {"1e13702478feb3bb340b9c8948431ccd": ["3", "jp.sblo.pandora.aGrep.FileSelectorActivity"]}, {"b734fe295b7ea32773b1b7c3fc3f0aff": ["4", "jp.sblo.pandora.aGrep.FileSelectorActivity"]}, {"1e13702478feb3bb340b9c8948431ccd": ["3", "jp.sblo.pandora.aGrep.FileSelectorActivity"]}, {"247411c4410eb6d3fe7e67c3867da937": ["13", "jp.sblo.pandora.aGrep.FileSelectorActivity"]}, {"3bab101ef69d2dced37cd0de89cab9d2": ["14", "jp.sblo.pandora.aGrep.FileSelectorActivity"]}, {"247411c4410eb6d3fe7e67c3867da937": ["13", "jp.sblo.pandora.aGrep.FileSelectorActivity"]}, {"3bab101ef69d2dced37cd0de89cab9d2": ["14", "jp.sblo.pandora.aGrep.FileSelectorActivity"]}, {"25fa28b68581b0f4ce666238a2b6a66d": ["15", "jp.sblo.pandora.aGrep.FileSelectorActivity"]}, {"b734fe295b7ea32773b1b7c3fc3f0aff": ["4", "jp.sblo.pandora.aGrep.FileSelectorActivity"]}, {"25fa28b68581b0f4ce666238a2b6a66d": ["15", "jp.sblo.pandora.aGrep.FileSelectorActivity"]}, {"3bab101ef69d2dced37cd0de89cab9d2": ["14", "jp.sblo.pandora.aGrep.FileSelectorActivity"]}, {"25fa28b68581b0f4ce666238a2b6a66d": ["15", "jp.sblo.pandora.aGrep.FileSelectorActivity"]}, {"3bab101ef69d2dced37cd0de89cab9d2": ["14", "jp.sblo.pandora.aGrep.FileSelectorActivity"]}, {"247411c4410eb6d3fe7e67c3867da937": ["13", "jp.sblo.pandora.aGrep.FileSelectorActivity"]}, {"1e13702478feb3bb340b9c8948431ccd": ["3", "jp.sblo.pandora.aGrep.FileSelectorActivity"]}, {"b734fe295b7ea32773b1b7c3fc3f0aff": ["4", "jp.sblo.pandora.aGrep.FileSelectorActivity"]}, {"1e13702478feb3bb340b9c8948431ccd": ["3", "jp.sblo.pandora.aGrep.FileSelectorActivity"]}, {"1e13702478feb3bb340b9c8948431ccd": ["3", "jp.sblo.pandora.aGrep.FileSelectorActivity"]}, {"4627266349a4864df019d2f0db98940a": ["11", "jp.sblo.pandora.aGrep.FileSelectorActivity"]}, {"4627266349a4864df019d2f0db98940a": ["11", "jp.sblo.pandora.aGrep.FileSelectorActivity"]}, {"4627266349a4864df019d2f0db98940a": ["11", "jp.sblo.pandora.aGrep.FileSelectorActivity"]}, {"4627266349a4864df019d2f0db98940a": ["11", "jp.sblo.pandora.aGrep.FileSelectorActivity"]}, {"e0ed11ff578e85890a6111359eb40458": ["0", "jp.sblo.pandora.aGrep.Settings"]}, {"1e13702478feb3bb340b9c8948431ccd": ["3", "jp.sblo.pandora.aGrep.FileSelectorActivity"]}, {"1e13702478feb3bb340b9c8948431ccd": ["3", "jp.sblo.pandora.aGrep.FileSelectorActivity"]}, {"4627266349a4864df019d2f0db98940a": ["11", "jp.sblo.pandora.aGrep.FileSelectorActivity"]}, {"1e13702478feb3bb340b9c8948431ccd": ["3", "jp.sblo.pandora.aGrep.FileSelectorActivity"]}, {"1e13702478feb3bb340b9c8948431ccd": ["3", "jp.sblo.pandora.aGrep.FileSelectorActivity"]}, {"e0ed11ff578e85890a6111359eb40458": ["0", "jp.sblo.pandora.aGrep.Settings"]}, {"df8c3f5526f36c849d8f8ba21699567f": ["1", "jp.sblo.pandora.aGrep.Settings"]}, {"9a0754a070a504cf914eaae834f91c68": ["2", "jp.sblo.pandora.aGrep.Settings"]}, {"9a0754a070a504cf914eaae834f91c68": ["2", "jp.sblo.pandora.aGrep.Settings"]}, {"9a0754a070a504cf914eaae834f91c68": ["2", "jp.sblo.pandora.aGrep.Settings"]}, {"9a0754a070a504cf914eaae834f91c68": ["2", "jp.sblo.pandora.aGrep.Settings"]}, {"9a0754a070a504cf914eaae834f91c68": ["2", "jp.sblo.pandora.aGrep.Settings"]}, {"9a0754a070a504cf914eaae834f91c68": ["2", "jp.sblo.pandora.aGrep.Settings"]}, {"1e13702478feb3bb340b9c8948431ccd": ["3", "jp.sblo.pandora.aGrep.FileSelectorActivity"]}, {"b734fe295b7ea32773b1b7c3fc3f0aff": ["4", "jp.sblo.pandora.aGrep.FileSelectorActivity"]}, {"1e13702478feb3bb340b9c8948431ccd": ["3", "jp.sblo.pandora.aGrep.FileSelectorActivity"]}, {"b734fe295b7ea32773b1b7c3fc3f0aff": ["4", "jp.sblo.pandora.aGrep.FileSelectorActivity"]}, {"1e13702478feb3bb340b9c8948431ccd": ["3", "jp.sblo.pandora.aGrep.FileSelectorActivity"]}, {"247411c4410eb6d3fe7e67c3867da937": ["13", "jp.sblo.pandora.aGrep.FileSelectorActivity"]}, {"3bab101ef69d2dced37cd0de89cab9d2": ["14", "jp.sblo.pandora.aGrep.FileSelectorActivity"]}, {"247411c4410eb6d3fe7e67c3867da937": ["13", "jp.sblo.pandora.aGrep.FileSelectorActivity"]}, {"3bab101ef69d2dced37cd0de89cab9d2": ["14", "jp.sblo.pandora.aGrep.FileSelectorActivity"]}, {"25fa28b68581b0f4ce666238a2b6a66d": ["15", "jp.sblo.pandora.aGrep.FileSelectorActivity"]}, {"b734fe295b7ea32773b1b7c3fc3f0aff": ["4", "jp.sblo.pandora.aGrep.FileSelectorActivity"]}, {"25fa28b68581b0f4ce666238a2b6a66d": ["15", "jp.sblo.pandora.aGrep.FileSelectorActivity"]}, {"3bab101ef69d2dced37cd0de89cab9d2": ["14", "jp.sblo.pandora.aGrep.FileSelectorActivity"]}, {"9a0754a070a504cf914eaae834f91c68": ["2", "jp.sblo.pandora.aGrep.Settings"]}, {"9a0754a070a504cf914eaae834f91c68": ["2", "jp.sblo.pandora.aGrep.Settings"]}, {"9a0754a070a504cf914eaae834f91c68": ["2", "jp.sblo.pandora.aGrep.Settings"]}, {"9a0754a070a504cf914eaae834f91c68": ["2", "jp.sblo.pandora.aGrep.Settings"]}, {"9a0754a070a504cf914eaae834f91c68": ["2", "jp.sblo.pandora.aGrep.Settings"]}, {"9a0754a070a504cf914eaae834f91c68": ["2", "jp.sblo.pandora.aGrep.Settings"]}, {"9a0754a070a504cf914eaae834f91c68": ["2", "jp.sblo.pandora.aGrep.Settings"]}, {"9a0754a070a504cf914eaae834f91c68": ["2", "jp.sblo.pandora.aGrep.Settings"]}, {"9a0754a070a504cf914eaae834f91c68": ["2", "jp.sblo.pandora.aGrep.Settings"]}, {"9a0754a070a504cf914eaae834f91c68": ["2", "jp.sblo.pandora.aGrep.Settings"]}, {"9a0754a070a504cf914eaae834f91c68": ["2", "jp.sblo.pandora.aGrep.Settings"]}, {"9a0754a070a504cf914eaae834f91c68": ["2", "jp.sblo.pandora.aGrep.Settings"]}, {"9a0754a070a504cf914eaae834f91c68": ["2", "jp.sblo.pandora.aGrep.Settings"]}, {"9a0754a070a504cf914eaae834f91c68": ["2", "jp.sblo.pandora.aGrep.Settings"]}, {"9a0754a070a504cf914eaae834f91c68": ["2", "jp.sblo.pandora.aGrep.Settings"]}, {"9a0754a070a504cf914eaae834f91c68": ["2", "jp.sblo.pandora.aGrep.Settings"]}, {"9a0754a070a504cf914eaae834f91c68": ["2", "jp.sblo.pandora.aGrep.Settings"]}, {"9a0754a070a504cf914eaae834f91c68": ["2", "jp.sblo.pandora.aGrep.Settings"]}, {"9a0754a070a504cf914eaae834f91c68": ["2", "jp.sblo.pandora.aGrep.Settings"]}, {"1e13702478feb3bb340b9c8948431ccd": ["3", "jp.sblo.pandora.aGrep.FileSelectorActivity"]}, {"b734fe295b7ea32773b1b7c3fc3f0aff": ["4", "jp.sblo.pandora.aGrep.FileSelectorActivity"]}, {"1e13702478feb3bb340b9c8948431ccd": ["3", "jp.sblo.pandora.aGrep.FileSelectorActivity"]}, {"b734fe295b7ea32773b1b7c3fc3f0aff": ["4", "jp.sblo.pandora.aGrep.FileSelectorActivity"]}, {"1e13702478feb3bb340b9c8948431ccd": ["3", "jp.sblo.pandora.aGrep.FileSelectorActivity"]}, {"b734fe295b7ea32773b1b7c3fc3f0aff": ["4", "jp.sblo.pandora.aGrep.FileSelectorActivity"]}, {"1e13702478feb3bb340b9c8948431ccd": ["3", "jp.sblo.pandora.aGrep.FileSelectorActivity"]}, {"9a0754a070a504cf914eaae834f91c68": ["2", "jp.sblo.pandora.aGrep.Settings"]}, {"9a0754a070a504cf914eaae834f91c68": ["2", "jp.sblo.pandora.aGrep.Settings"]}, {"9a0754a070a504cf914eaae834f91c68": ["2", "jp.sblo.pandora.aGrep.Settings"]}, {"9a0754a070a504cf914eaae834f91c68": ["2", "jp.sblo.pandora.aGrep.Settings"]}, {"1e13702478feb3bb340b9c8948431ccd": ["3", "jp.sblo.pandora.aGrep.FileSelectorActivity"]}, {"247411c4410eb6d3fe7e67c3867da937": ["13", "jp.sblo.pandora.aGrep.FileSelectorActivity"]}, {"3bab101ef69d2dced37cd0de89cab9d2": ["14", "jp.sblo.pandora.aGrep.FileSelectorActivity"]}, {"247411c4410eb6d3fe7e67c3867da937": ["13", "jp.sblo.pandora.aGrep.FileSelectorActivity"]}, {"1e13702478feb3bb340b9c8948431ccd": ["3", "jp.sblo.pandora.aGrep.FileSelectorActivity"]}, {"247411c4410eb6d3fe7e67c3867da937": ["13", "jp.sblo.pandora.aGrep.FileSelectorActivity"]}, {"3bab101ef69d2dced37cd0de89cab9d2": ["14", "jp.sblo.pandora.aGrep.FileSelectorActivity"]}, {"247411c4410eb6d3fe7e67c3867da937": ["13", "jp.sblo.pandora.aGrep.FileSelectorActivity"]}, {"3bab101ef69d2dced37cd0de89cab9d2": ["14", "jp.sblo.pandora.aGrep.FileSelectorActivity"]}, {"9a0754a070a504cf914eaae834f91c68": ["2", "jp.sblo.pandora.aGrep.Settings"]}, {"9a0754a070a504cf914eaae834f91c68": ["2", "jp.sblo.pandora.aGrep.Settings"]}, {"9a0754a070a504cf914eaae834f91c68": ["2", "jp.sblo.pandora.aGrep.Settings"]}, {"9a0754a070a504cf914eaae834f91c68": ["2", "jp.sblo.pandora.aGrep.Settings"]}, {"9a0754a070a504cf914eaae834f91c68": ["2", "jp.sblo.pandora.aGrep.Settings"]}, {"9a0754a070a504cf914eaae834f91c68": ["2", "jp.sblo.pandora.aGrep.Settings"]}, {"1e13702478feb3bb340b9c8948431ccd": ["3", "jp.sblo.pandora.aGrep.FileSelectorActivity"]}, {"247411c4410eb6d3fe7e67c3867da937": ["13", "jp.sblo.pandora.aGrep.FileSelectorActivity"]}, {"1e13702478feb3bb340b9c8948431ccd": ["3", "jp.sblo.pandora.aGrep.FileSelectorActivity"]}, {"b734fe295b7ea32773b1b7c3fc3f0aff": ["4", "jp.sblo.pandora.aGrep.FileSelectorActivity"]}, {"1e13702478feb3bb340b9c8948431ccd": ["3", "jp.sblo.pandora.aGrep.FileSelectorActivity"]}, {"1e13702478feb3bb340b9c8948431ccd": ["3", "jp.sblo.pandora.aGrep.FileSelectorActivity"]}, {"4627266349a4864df019d2f0db98940a": ["11", "jp.sblo.pandora.aGrep.FileSelectorActivity"]}, {"1e13702478feb3bb340b9c8948431ccd": ["3", "jp.sblo.pandora.aGrep.FileSelectorActivity"]}, {"1e13702478feb3bb340b9c8948431ccd": ["3", "jp.sblo.pandora.aGrep.FileSelectorActivity"]}, {"1e13702478feb3bb340b9c8948431ccd": ["3", "jp.sblo.pandora.aGrep.FileSelectorActivity"]}, {"1e13702478feb3bb340b9c8948431ccd": ["3", "jp.sblo.pandora.aGrep.FileSelectorActivity"]}, {"1e13702478feb3bb340b9c8948431ccd": ["3", "jp.sblo.pandora.aGrep.FileSelectorActivity"]}, {"1e13702478feb3bb340b9c8948431ccd": ["3", "jp.sblo.pandora.aGrep.FileSelectorActivity"]}, {"1e13702478feb3bb340b9c8948431ccd": ["3", "jp.sblo.pandora.aGrep.FileSelectorActivity"]}, {"1e13702478feb3bb340b9c8948431ccd": ["3", "jp.sblo.pandora.aGrep.FileSelectorActivity"]}, {"1e13702478feb3bb340b9c8948431ccd": ["3", "jp.sblo.pandora.aGrep.FileSelectorActivity"]}, {"1e13702478feb3bb340b9c8948431ccd": ["3", "jp.sblo.pandora.aGrep.FileSelectorActivity"]}, {"1e13702478feb3bb340b9c8948431ccd": ["3", "jp.sblo.pandora.aGrep.FileSelectorActivity"]}, {"1e13702478feb3bb340b9c8948431ccd": ["3", "jp.sblo.pandora.aGrep.FileSelectorActivity"]}, {"1e13702478feb3bb340b9c8948431ccd": ["3", "jp.sblo.pandora.aGrep.FileSelectorActivity"]}, {"1e13702478feb3bb340b9c8948431ccd": ["3", "jp.sblo.pandora.aGrep.FileSelectorActivity"]}, {"1e13702478feb3bb340b9c8948431ccd": ["3", "jp.sblo.pandora.aGrep.FileSelectorActivity"]}, {"1e13702478feb3bb340b9c8948431ccd": ["3", "jp.sblo.pandora.aGrep.FileSelectorActivity"]}, {"1e13702478feb3bb340b9c8948431ccd": ["3", "jp.sblo.pandora.aGrep.FileSelectorActivity"]}, {"1e13702478feb3bb340b9c8948431ccd": ["3", "jp.sblo.pandora.aGrep.FileSelectorActivity"]}, {"1e13702478feb3bb340b9c8948431ccd": ["3", "jp.sblo.pandora.aGrep.FileSelectorActivity"]}, {"1e13702478feb3bb340b9c8948431ccd": ["3", "jp.sblo.pandora.aGrep.FileSelectorActivity"]}, {"1e13702478feb3bb340b9c8948431ccd": ["3", "jp.sblo.pandora.aGrep.FileSelectorActivity"]}, {"1e13702478feb3bb340b9c8948431ccd": ["3", "jp.sblo.pandora.aGrep.FileSelectorActivity"]}, {"9a0754a070a504cf914eaae834f91c68": ["2", "jp.sblo.pandora.aGrep.Settings"]}, {"9a0754a070a504cf914eaae834f91c68": ["2", "jp.sblo.pandora.aGrep.Settings"]}, {"9a0754a070a504cf914eaae834f91c68": ["2", "jp.sblo.pandora.aGrep.Settings"]}, {"9a0754a070a504cf914eaae834f91c68": ["2", "jp.sblo.pandora.aGrep.Settings"]}, {"9a0754a070a504cf914eaae834f91c68": ["2", "jp.sblo.pandora.aGrep.Settings"]}, {"9a0754a070a504cf914eaae834f91c68": ["2", "jp.sblo.pandora.aGrep.Settings"]}, {"1e13702478feb3bb340b9c8948431ccd": ["3", "jp.sblo.pandora.aGrep.FileSelectorActivity"]}, {"9a0754a070a504cf914eaae834f91c68": ["2", "jp.sblo.pandora.aGrep.Settings"]}, {"9a0754a070a504cf914eaae834f91c68": ["2", "jp.sblo.pandora.aGrep.Settings"]}, {"9a0754a070a504cf914eaae834f91c68": ["2", "jp.sblo.pandora.aGrep.Settings"]}, {"9a0754a070a504cf914eaae834f91c68": ["2", "jp.sblo.pandora.aGrep.Settings"]}, {"9a0754a070a504cf914eaae834f91c68": ["2", "jp.sblo.pandora.aGrep.Settings"]}, {"9a0754a070a504cf914eaae834f91c68": ["2", "jp.sblo.pandora.aGrep.Settings"]}, {"9a0754a070a504cf914eaae834f91c68": ["2", "jp.sblo.pandora.aGrep.Settings"]}, {"9a0754a070a504cf914eaae834f91c68": ["2", "jp.sblo.pandora.aGrep.Settings"]}, {"9a0754a070a504cf914eaae834f91c68": ["2", "jp.sblo.pandora.aGrep.Settings"]}, {"1e13702478feb3bb340b9c8948431ccd": ["3", "jp.sblo.pandora.aGrep.FileSelectorActivity"]}, {"1e13702478feb3bb340b9c8948431ccd": ["3", "jp.sblo.pandora.aGrep.FileSelectorActivity"]}, {"1e13702478feb3bb340b9c8948431ccd": ["3", "jp.sblo.pandora.aGrep.FileSelectorActivity"]}, {"1e13702478feb3bb340b9c8948431ccd": ["3", "jp.sblo.pandora.aGrep.FileSelectorActivity"]}, {"1e13702478feb3bb340b9c8948431ccd": ["3", "jp.sblo.pandora.aGrep.FileSelectorActivity"]}, {"1e13702478feb3bb340b9c8948431ccd": ["3", "jp.sblo.pandora.aGrep.FileSelectorActivity"]}, {"1e13702478feb3bb340b9c8948431ccd": ["3", "jp.sblo.pandora.aGrep.FileSelectorActivity"]}, {"1e13702478feb3bb340b9c8948431ccd": ["3", "jp.sblo.pandora.aGrep.FileSelectorActivity"]}, {"1e13702478feb3bb340b9c8948431ccd": ["3", "jp.sblo.pandora.aGrep.FileSelectorActivity"]}, {"1e13702478feb3bb340b9c8948431ccd": ["3", "jp.sblo.pandora.aGrep.FileSelectorActivity"]}, {"1e13702478feb3bb340b9c8948431ccd": ["3", "jp.sblo.pandora.aGrep.FileSelectorActivity"]}, {"1e13702478feb3bb340b9c8948431ccd": ["3", "jp.sblo.pandora.aGrep.FileSelectorActivity"]}, {"1e13702478feb3bb340b9c8948431ccd": ["3", "jp.sblo.pandora.aGrep.FileSelectorActivity"]}, {"1e13702478feb3bb340b9c8948431ccd": ["3", "jp.sblo.pandora.aGrep.FileSelectorActivity"]}, {"1e13702478feb3bb340b9c8948431ccd": ["3", "jp.sblo.pandora.aGrep.FileSelectorActivity"]}, {"1e13702478feb3bb340b9c8948431ccd": ["3", "jp.sblo.pandora.aGrep.FileSelectorActivity"]}, {"1e13702478feb3bb340b9c8948431ccd": ["3", "jp.sblo.pandora.aGrep.FileSelectorActivity"]}, {"1e13702478feb3bb340b9c8948431ccd": ["3", "jp.sblo.pandora.aGrep.FileSelectorActivity"]}, {"1e13702478feb3bb340b9c8948431ccd": ["3", "jp.sblo.pandora.aGrep.FileSelectorActivity"]}, {"1e13702478feb3bb340b9c8948431ccd": ["3", "jp.sblo.pandora.aGrep.FileSelectorActivity"]}, {"1e13702478feb3bb340b9c8948431ccd": ["3", "jp.sblo.pandora.aGrep.FileSelectorActivity"]}, {"1e13702478feb3bb340b9c8948431ccd": ["3", "jp.sblo.pandora.aGrep.FileSelectorActivity"]}, {"9a0754a070a504cf914eaae834f91c68": ["2", "jp.sblo.pandora.aGrep.Settings"]}, {"2990e38286350406a20596f2c51dddd3": ["8", "jp.sblo.pandora.aGrep.Settings"]}, {"9a0754a070a504cf914eaae834f91c68": ["2", "jp.sblo.pandora.aGrep.Settings"]}, {"9a0754a070a504cf914eaae834f91c68": ["2", "jp.sblo.pandora.aGrep.Settings"]}, {"9a0754a070a504cf914eaae834f91c68": ["2", "jp.sblo.pandora.aGrep.Settings"]}, {"9a0754a070a504cf914eaae834f91c68": ["2", "jp.sblo.pandora.aGrep.Settings"]}, {"9a0754a070a504cf914eaae834f91c68": ["2", "jp.sblo.pandora.aGrep.Settings"]}, {"1e13702478feb3bb340b9c8948431ccd": ["3", "jp.sblo.pandora.aGrep.FileSelectorActivity"]}, {"1e13702478feb3bb340b9c8948431ccd": ["3", "jp.sblo.pandora.aGrep.FileSelectorActivity"]}, {"4627266349a4864df019d2f0db98940a": ["11", "jp.sblo.pandora.aGrep.FileSelectorActivity"]}, {"4627266349a4864df019d2f0db98940a": ["11", "jp.sblo.pandora.aGrep.FileSelectorActivity"]}, {"4627266349a4864df019d2f0db98940a": ["11", "jp.sblo.pandora.aGrep.FileSelectorActivity"]}, {"4627266349a4864df019d2f0db98940a": ["11", "jp.sblo.pandora.aGrep.FileSelectorActivity"]}, {"9a0754a070a504cf914eaae834f91c68": ["2", "jp.sblo.pandora.aGrep.Settings"]}, {"9a0754a070a504cf914eaae834f91c68": ["2", "jp.sblo.pandora.aGrep.Settings"]}, {"9a0754a070a504cf914eaae834f91c68": ["2", "jp.sblo.pandora.aGrep.Settings"]}, {"9a0754a070a504cf914eaae834f91c68": ["2", "jp.sblo.pandora.aGrep.Settings"]}, {"2990e38286350406a20596f2c51dddd3": ["8", "jp.sblo.pandora.aGrep.Settings"]}, {"e0ed11ff578e85890a6111359eb40458": ["0", "jp.sblo.pandora.aGrep.Settings"]}, {"e0ed11ff578e85890a6111359eb40458": ["0", "jp.sblo.pandora.aGrep.Settings"]}, {"1e13702478feb3bb340b9c8948431ccd": ["3", "jp.sblo.pandora.aGrep.FileSelectorActivity"]}, {"1e13702478feb3bb340b9c8948431ccd": ["3", "jp.sblo.pandora.aGrep.FileSelectorActivity"]}, {"1e13702478feb3bb340b9c8948431ccd": ["3", "jp.sblo.pandora.aGrep.FileSelectorActivity"]}, {"e0ed11ff578e85890a6111359eb40458": ["0", "jp.sblo.pandora.aGrep.Settings"]}, {"e0ed11ff578e85890a6111359eb40458": ["0", "jp.sblo.pandora.aGrep.Settings"]}, {"e0ed11ff578e85890a6111359eb40458": ["0", "jp.sblo.pandora.aGrep.Settings"]}, {"e0ed11ff578e85890a6111359eb40458": ["0", "jp.sblo.pandora.aGrep.Settings"]}, {"e0ed11ff578e85890a6111359eb40458": ["0", "jp.sblo.pandora.aGrep.Settings"]}, {"1e13702478feb3bb340b9c8948431ccd": ["3", "jp.sblo.pandora.aGrep.FileSelectorActivity"]}, {"b734fe295b7ea32773b1b7c3fc3f0aff": ["4", "jp.sblo.pandora.aGrep.FileSelectorActivity"]}, {"1e13702478feb3bb340b9c8948431ccd": ["3", "jp.sblo.pandora.aGrep.FileSelectorActivity"]}, {"1e13702478feb3bb340b9c8948431ccd": ["3", "jp.sblo.pandora.aGrep.FileSelectorActivity"]}, {"4627266349a4864df019d2f0db98940a": ["11", "jp.sblo.pandora.aGrep.FileSelectorActivity"]}, {"1e13702478feb3bb340b9c8948431ccd": ["3", "jp.sblo.pandora.aGrep.FileSelectorActivity"]}, {"1e13702478feb3bb340b9c8948431ccd": ["3", "jp.sblo.pandora.aGrep.FileSelectorActivity"]}, {"1e13702478feb3bb340b9c8948431ccd": ["3", "jp.sblo.pandora.aGrep.FileSelectorActivity"]}, {"1e13702478feb3bb340b9c8948431ccd": ["3", "jp.sblo.pandora.aGrep.FileSelectorActivity"]}, {"1e13702478feb3bb340b9c8948431ccd": ["3", "jp.sblo.pandora.aGrep.FileSelectorActivity"]}, {"1e13702478feb3bb340b9c8948431ccd": ["3", "jp.sblo.pandora.aGrep.FileSelectorActivity"]}, {"1e13702478feb3bb340b9c8948431ccd": ["3", "jp.sblo.pandora.aGrep.FileSelectorActivity"]}, {"1e13702478feb3bb340b9c8948431ccd": ["3", "jp.sblo.pandora.aGrep.FileSelectorActivity"]}, {"1e13702478feb3bb340b9c8948431ccd": ["3", "jp.sblo.pandora.aGrep.FileSelectorActivity"]}, {"1e13702478feb3bb340b9c8948431ccd": ["3", "jp.sblo.pandora.aGrep.FileSelectorActivity"]}, {"1e13702478feb3bb340b9c8948431ccd": ["3", "jp.sblo.pandora.aGrep.FileSelectorActivity"]}, {"1e13702478feb3bb340b9c8948431ccd": ["3", "jp.sblo.pandora.aGrep.FileSelectorActivity"]}, {"1e13702478feb3bb340b9c8948431ccd": ["3", "jp.sblo.pandora.aGrep.FileSelectorActivity"]}, {"1e13702478feb3bb340b9c8948431ccd": ["3", "jp.sblo.pandora.aGrep.FileSelectorActivity"]}, {"1e13702478feb3bb340b9c8948431ccd": ["3", "jp.sblo.pandora.aGrep.FileSelectorActivity"]}, {"1e13702478feb3bb340b9c8948431ccd": ["3", "jp.sblo.pandora.aGrep.FileSelectorActivity"]}, {"1e13702478feb3bb340b9c8948431ccd": ["3", "jp.sblo.pandora.aGrep.FileSelectorActivity"]}, {"e0ed11ff578e85890a6111359eb40458": ["0", "jp.sblo.pandora.aGrep.Settings"]}, {"e0ed11ff578e85890a6111359eb40458": ["0", "jp.sblo.pandora.aGrep.Settings"]}, {"e0ed11ff578e85890a6111359eb40458": ["0", "jp.sblo.pandora.aGrep.Settings"]}, {"df8c3f5526f36c849d8f8ba21699567f": ["1", "jp.sblo.pandora.aGrep.Settings"]}, {"e0ed11ff578e85890a6111359eb40458": ["0", "jp.sblo.pandora.aGrep.Settings"]}, {"df8c3f5526f36c849d8f8ba21699567f": ["1", "jp.sblo.pandora.aGrep.Settings"]}, {"e0ed11ff578e85890a6111359eb40458": ["0", "jp.sblo.pandora.aGrep.Settings"]}, {"e0ed11ff578e85890a6111359eb40458": ["0", "jp.sblo.pandora.aGrep.Settings"]}, {"df8c3f5526f36c849d8f8ba21699567f": ["1", "jp.sblo.pandora.aGrep.Settings"]}, {"9a0754a070a504cf914eaae834f91c68": ["2", "jp.sblo.pandora.aGrep.Settings"]}, {"9a0754a070a504cf914eaae834f91c68": ["2", "jp.sblo.pandora.aGrep.Settings"]}, {"9a0754a070a504cf914eaae834f91c68": ["2", "jp.sblo.pandora.aGrep.Settings"]}, {"2990e38286350406a20596f2c51dddd3": ["8", "jp.sblo.pandora.aGrep.Settings"]}, {"9a0754a070a504cf914eaae834f91c68": ["2", "jp.sblo.pandora.aGrep.Settings"]}, {"9a0754a070a504cf914eaae834f91c68": ["2", "jp.sblo.pandora.aGrep.Settings"]}, {"9a0754a070a504cf914eaae834f91c68": ["2", "jp.sblo.pandora.aGrep.Settings"]}, {"9a0754a070a504cf914eaae834f91c68": ["2", "jp.sblo.pandora.aGrep.Settings"]}, {"1e13702478feb3bb340b9c8948431ccd": ["3", "jp.sblo.pandora.aGrep.FileSelectorActivity"]}, {"247411c4410eb6d3fe7e67c3867da937": ["13", "jp.sblo.pandora.aGrep.FileSelectorActivity"]}, {"3bab101ef69d2dced37cd0de89cab9d2": ["14", "jp.sblo.pandora.aGrep.FileSelectorActivity"]}, {"25fa28b68581b0f4ce666238a2b6a66d": ["15", "jp.sblo.pandora.aGrep.FileSelectorActivity"]}, {"3bab101ef69d2dced37cd0de89cab9d2": ["14", "jp.sblo.pandora.aGrep.FileSelectorActivity"]}, {"247411c4410eb6d3fe7e67c3867da937": ["13", "jp.sblo.pandora.aGrep.FileSelectorActivity"]}, {"1e13702478feb3bb340b9c8948431ccd": ["3", "jp.sblo.pandora.aGrep.FileSelectorActivity"]}, {"1e13702478feb3bb340b9c8948431ccd": ["3", "jp.sblo.pandora.aGrep.FileSelectorActivity"]}, {"1e13702478feb3bb340b9c8948431ccd": ["3", "jp.sblo.pandora.aGrep.FileSelectorActivity"]}, {"1e13702478feb3bb340b9c8948431ccd": ["3", "jp.sblo.pandora.aGrep.FileSelectorActivity"]}, {"9a0754a070a504cf914eaae834f91c68": ["2", "jp.sblo.pandora.aGrep.Settings"]}, {"9a0754a070a504cf914eaae834f91c68": ["2", "jp.sblo.pandora.aGrep.Settings"]}, {"9a0754a070a504cf914eaae834f91c68": ["2", "jp.sblo.pandora.aGrep.Settings"]}, {"9a0754a070a504cf914eaae834f91c68": ["2", "jp.sblo.pandora.aGrep.Settings"]}, {"9a0754a070a504cf914eaae834f91c68": ["2", "jp.sblo.pandora.aGrep.Settings"]}, {"9a0754a070a504cf914eaae834f91c68": ["2", "jp.sblo.pandora.aGrep.Settings"]}, {"9a0754a070a504cf914eaae834f91c68": ["2", "jp.sblo.pandora.aGrep.Settings"]}, {"9a0754a070a504cf914eaae834f91c68": ["2", "jp.sblo.pandora.aGrep.Settings"]}, {"9a0754a070a504cf914eaae834f91c68": ["2", "jp.sblo.pandora.aGrep.Settings"]}, {"9a0754a070a504cf914eaae834f91c68": ["2", "jp.sblo.pandora.aGrep.Settings"]}, {"9a0754a070a504cf914eaae834f91c68": ["2", "jp.sblo.pandora.aGrep.Settings"]}, {"9a0754a070a504cf914eaae834f91c68": ["2", "jp.sblo.pandora.aGrep.Settings"]}, {"9a0754a070a504cf914eaae834f91c68": ["2", "jp.sblo.pandora.aGrep.Settings"]}, {"9a0754a070a504cf914eaae834f91c68": ["2", "jp.sblo.pandora.aGrep.Settings"]}, {"9a0754a070a504cf914eaae834f91c68": ["2", "jp.sblo.pandora.aGrep.Settings"]}, {"1e13702478feb3bb340b9c8948431ccd": ["3", "jp.sblo.pandora.aGrep.FileSelectorActivity"]}, {"247411c4410eb6d3fe7e67c3867da937": ["13", "jp.sblo.pandora.aGrep.FileSelectorActivity"]}, {"3bab101ef69d2dced37cd0de89cab9d2": ["14", "jp.sblo.pandora.aGrep.FileSelectorActivity"]}, {"25fa28b68581b0f4ce666238a2b6a66d": ["15", "jp.sblo.pandora.aGrep.FileSelectorActivity"]}, {"3bab101ef69d2dced37cd0de89cab9d2": ["14", "jp.sblo.pandora.aGrep.FileSelectorActivity"]}, {"247411c4410eb6d3fe7e67c3867da937": ["13", "jp.sblo.pandora.aGrep.FileSelectorActivity"]}, {"3bab101ef69d2dced37cd0de89cab9d2": ["14", "jp.sblo.pandora.aGrep.FileSelectorActivity"]}, {"247411c4410eb6d3fe7e67c3867da937": ["13", "jp.sblo.pandora.aGrep.FileSelectorActivity"]}, {"1e13702478feb3bb340b9c8948431ccd": ["3", "jp.sblo.pandora.aGrep.FileSelectorActivity"]}, {"247411c4410eb6d3fe7e67c3867da937": ["13", "jp.sblo.pandora.aGrep.FileSelectorActivity"]}, {"9a0754a070a504cf914eaae834f91c68": ["2", "jp.sblo.pandora.aGrep.Settings"]}, {"9a0754a070a504cf914eaae834f91c68": ["2", "jp.sblo.pandora.aGrep.Settings"]}, {"2990e38286350406a20596f2c51dddd3": ["8", "jp.sblo.pandora.aGrep.Settings"]}, {"e0ed11ff578e85890a6111359eb40458": ["0", "jp.sblo.pandora.aGrep.Settings"]}, {"2990e38286350406a20596f2c51dddd3": ["8", "jp.sblo.pandora.aGrep.Settings"]}, {"77ba6488349e488d5905dd51d71cad65": ["12", "jp.sblo.pandora.aGrep.Settings"]}, {"df8c3f5526f36c849d8f8ba21699567f": ["1", "jp.sblo.pandora.aGrep.Settings"]}, {"e0ed11ff578e85890a6111359eb40458": ["0", "jp.sblo.pandora.aGrep.Settings"]}, {"9a0754a070a504cf914eaae834f91c68": ["2", "jp.sblo.pandora.aGrep.Settings"]}, {"9a0754a070a504cf914eaae834f91c68": ["2", "jp.sblo.pandora.aGrep.Settings"]}, {"9a0754a070a504cf914eaae834f91c68": ["2", "jp.sblo.pandora.aGrep.Settings"]}, {"9a0754a070a504cf914eaae834f91c68": ["2", "jp.sblo.pandora.aGrep.Settings"]}, {"1e13702478feb3bb340b9c8948431ccd": ["3", "jp.sblo.pandora.aGrep.FileSelectorActivity"]}, {"b734fe295b7ea32773b1b7c3fc3f0aff": ["4", "jp.sblo.pandora.aGrep.FileSelectorActivity"]}, {"1e13702478feb3bb340b9c8948431ccd": ["3", "jp.sblo.pandora.aGrep.FileSelectorActivity"]}, {"1e13702478feb3bb340b9c8948431ccd": ["3", "jp.sblo.pandora.aGrep.FileSelectorActivity"]}, {"9a0754a070a504cf914eaae834f91c68": ["2", "jp.sblo.pandora.aGrep.Settings"]}, {"9a0754a070a504cf914eaae834f91c68": ["2", "jp.sblo.pandora.aGrep.Settings"]}, {"1e13702478feb3bb340b9c8948431ccd": ["3", "jp.sblo.pandora.aGrep.FileSelectorActivity"]}, {"1e13702478feb3bb340b9c8948431ccd": ["3", "jp.sblo.pandora.aGrep.FileSelectorActivity"]}, {"1e13702478feb3bb340b9c8948431ccd": ["3", "jp.sblo.pandora.aGrep.FileSelectorActivity"]}, {"1e13702478feb3bb340b9c8948431ccd": ["3", "jp.sblo.pandora.aGrep.FileSelectorActivity"]}, {"1e13702478feb3bb340b9c8948431ccd": ["3", "jp.sblo.pandora.aGrep.FileSelectorActivity"]}, {"1e13702478feb3bb340b9c8948431ccd": ["3", "jp.sblo.pandora.aGrep.FileSelectorActivity"]}, {"1e13702478feb3bb340b9c8948431ccd": ["3", "jp.sblo.pandora.aGrep.FileSelectorActivity"]}, {"1e13702478feb3bb340b9c8948431ccd": ["3", "jp.sblo.pandora.aGrep.FileSelectorActivity"]}, {"1e13702478feb3bb340b9c8948431ccd": ["3", "jp.sblo.pandora.aGrep.FileSelectorActivity"]}, {"9a0754a070a504cf914eaae834f91c68": ["2", "jp.sblo.pandora.aGrep.Settings"]}, {"9a0754a070a504cf914eaae834f91c68": ["2", "jp.sblo.pandora.aGrep.Settings"]}, {"2990e38286350406a20596f2c51dddd3": ["8", "jp.sblo.pandora.aGrep.Settings"]}, {"e0ed11ff578e85890a6111359eb40458": ["0", "jp.sblo.pandora.aGrep.Settings"]}, {"df8c3f5526f36c849d8f8ba21699567f": ["1", "jp.sblo.pandora.aGrep.Settings"]}, {"9a0754a070a504cf914eaae834f91c68": ["2", "jp.sblo.pandora.aGrep.Settings"]}, {"9a0754a070a504cf914eaae834f91c68": ["2", "jp.sblo.pandora.aGrep.Settings"]}, {"9a0754a070a504cf914eaae834f91c68": ["2", "jp.sblo.pandora.aGrep.Settings"]}, {"9a0754a070a504cf914eaae834f91c68": ["2", "jp.sblo.pandora.aGrep.Settings"]}, {"9a0754a070a504cf914eaae834f91c68": ["2", "jp.sblo.pandora.aGrep.Settings"]}, {"1e13702478feb3bb340b9c8948431ccd": ["3", "jp.sblo.pandora.aGrep.FileSelectorActivity"]}, {"1e13702478feb3bb340b9c8948431ccd": ["3", "jp.sblo.pandora.aGrep.FileSelectorActivity"]}, {"1e13702478feb3bb340b9c8948431ccd": ["3", "jp.sblo.pandora.aGrep.FileSelectorActivity"]}, {"1e13702478feb3bb340b9c8948431ccd": ["3", "jp.sblo.pandora.aGrep.FileSelectorActivity"]}, {"4627266349a4864df019d2f0db98940a": ["11", "jp.sblo.pandora.aGrep.FileSelectorActivity"]}, {"4627266349a4864df019d2f0db98940a": ["11", "jp.sblo.pandora.aGrep.FileSelectorActivity"]}, {"4627266349a4864df019d2f0db98940a": ["11", "jp.sblo.pandora.aGrep.FileSelectorActivity"]}, {"4627266349a4864df019d2f0db98940a": ["11", "jp.sblo.pandora.aGrep.FileSelectorActivity"]}, {"4627266349a4864df019d2f0db98940a": ["11", "jp.sblo.pandora.aGrep.FileSelectorActivity"]}, {"4627266349a4864df019d2f0db98940a": ["11", "jp.sblo.pandora.aGrep.FileSelectorActivity"]}, {"4627266349a4864df019d2f0db98940a": ["11", "jp.sblo.pandora.aGrep.FileSelectorActivity"]}, {"4627266349a4864df019d2f0db98940a": ["11", "jp.sblo.pandora.aGrep.FileSelectorActivity"]}, {"4627266349a4864df019d2f0db98940a": ["11", "jp.sblo.pandora.aGrep.FileSelectorActivity"]}, {"4627266349a4864df019d2f0db98940a": ["11", "jp.sblo.pandora.aGrep.FileSelectorActivity"]}, {"4627266349a4864df019d2f0db98940a": ["11", "jp.sblo.pandora.aGrep.FileSelectorActivity"]}, {"4627266349a4864df019d2f0db98940a": ["11", "jp.sblo.pandora.aGrep.FileSelectorActivity"]}, {"4627266349a4864df019d2f0db98940a": ["11", "jp.sblo.pandora.aGrep.FileSelectorActivity"]}, {"4627266349a4864df019d2f0db98940a": ["11", "jp.sblo.pandora.aGrep.FileSelectorActivity"]}, {"4627266349a4864df019d2f0db98940a": ["11", "jp.sblo.pandora.aGrep.FileSelectorActivity"]}, {"4627266349a4864df019d2f0db98940a": ["11", "jp.sblo.pandora.aGrep.FileSelectorActivity"]}, {"4627266349a4864df019d2f0db98940a": ["11", "jp.sblo.pandora.aGrep.FileSelectorActivity"]}, {"9a0754a070a504cf914eaae834f91c68": ["2", "jp.sblo.pandora.aGrep.Settings"]}, {"9a0754a070a504cf914eaae834f91c68": ["2", "jp.sblo.pandora.aGrep.Settings"]}, {"9a0754a070a504cf914eaae834f91c68": ["2", "jp.sblo.pandora.aGrep.Settings"]}, {"9a0754a070a504cf914eaae834f91c68": ["2", "jp.sblo.pandora.aGrep.Settings"]}, {"1e13702478feb3bb340b9c8948431ccd": ["3", "jp.sblo.pandora.aGrep.FileSelectorActivity"]}, {"b734fe295b7ea32773b1b7c3fc3f0aff": ["4", "jp.sblo.pandora.aGrep.FileSelectorActivity"]}, {"1e13702478feb3bb340b9c8948431ccd": ["3", "jp.sblo.pandora.aGrep.FileSelectorActivity"]}, {"b734fe295b7ea32773b1b7c3fc3f0aff": ["4", "jp.sblo.pandora.aGrep.FileSelectorActivity"]}, {"1e13702478feb3bb340b9c8948431ccd": ["3", "jp.sblo.pandora.aGrep.FileSelectorActivity"]}, {"b734fe295b7ea32773b1b7c3fc3f0aff": ["4", "jp.sblo.pandora.aGrep.FileSelectorActivity"]}, {"1e13702478feb3bb340b9c8948431ccd": ["3", "jp.sblo.pandora.aGrep.FileSelectorActivity"]}, {"247411c4410eb6d3fe7e67c3867da937": ["13", "jp.sblo.pandora.aGrep.FileSelectorActivity"]}, {"3bab101ef69d2dced37cd0de89cab9d2": ["14", "jp.sblo.pandora.aGrep.FileSelectorActivity"]}, {"247411c4410eb6d3fe7e67c3867da937": ["13", "jp.sblo.pandora.aGrep.FileSelectorActivity"]}, {"3bab101ef69d2dced37cd0de89cab9d2": ["14", "jp.sblo.pandora.aGrep.FileSelectorActivity"]}, {"247411c4410eb6d3fe7e67c3867da937": ["13", "jp.sblo.pandora.aGrep.FileSelectorActivity"]}, {"1e13702478feb3bb340b9c8948431ccd": ["3", "jp.sblo.pandora.aGrep.FileSelectorActivity"]}, {"247411c4410eb6d3fe7e67c3867da937": ["13", "jp.sblo.pandora.aGrep.FileSelectorActivity"]}, {"1e13702478feb3bb340b9c8948431ccd": ["3", "jp.sblo.pandora.aGrep.FileSelectorActivity"]}, {"b734fe295b7ea32773b1b7c3fc3f0aff": ["4", "jp.sblo.pandora.aGrep.FileSelectorActivity"]}, {"1e13702478feb3bb340b9c8948431ccd": ["3", "jp.sblo.pandora.aGrep.FileSelectorActivity"]}, {"247411c4410eb6d3fe7e67c3867da937": ["13", "jp.sblo.pandora.aGrep.FileSelectorActivity"]}, {"3bab101ef69d2dced37cd0de89cab9d2": ["14", "jp.sblo.pandora.aGrep.FileSelectorActivity"]}, {"247411c4410eb6d3fe7e67c3867da937": ["13", "jp.sblo.pandora.aGrep.FileSelectorActivity"]}, {"3bab101ef69d2dced37cd0de89cab9d2": ["14", "jp.sblo.pandora.aGrep.FileSelectorActivity"]}, {"247411c4410eb6d3fe7e67c3867da937": ["13", "jp.sblo.pandora.aGrep.FileSelectorActivity"]}, {"1e13702478feb3bb340b9c8948431ccd": ["3", "jp.sblo.pandora.aGrep.FileSelectorActivity"]}, {"247411c4410eb6d3fe7e67c3867da937": ["13", "jp.sblo.pandora.aGrep.FileSelectorActivity"]}, {"3bab101ef69d2dced37cd0de89cab9d2": ["14", "jp.sblo.pandora.aGrep.FileSelectorActivity"]}, {"247411c4410eb6d3fe7e67c3867da937": ["13", "jp.sblo.pandora.aGrep.FileSelectorActivity"]}, {"b734fe295b7ea32773b1b7c3fc3f0aff": ["4", "jp.sblo.pandora.aGrep.FileSelectorActivity"]}, {"247411c4410eb6d3fe7e67c3867da937": ["13", "jp.sblo.pandora.aGrep.FileSelectorActivity"]}, {"9a0754a070a504cf914eaae834f91c68": ["2", "jp.sblo.pandora.aGrep.Settings"]}, {"1e13702478feb3bb340b9c8948431ccd": ["3", "jp.sblo.pandora.aGrep.FileSelectorActivity"]}, {"9a0754a070a504cf914eaae834f91c68": ["2", "jp.sblo.pandora.aGrep.Settings"]}, {"9a0754a070a504cf914eaae834f91c68": ["2", "jp.sblo.pandora.aGrep.Settings"]}, {"2990e38286350406a20596f2c51dddd3": ["8", "jp.sblo.pandora.aGrep.Settings"]}, {"9a0754a070a504cf914eaae834f91c68": ["2", "jp.sblo.pandora.aGrep.Settings"]}, {"9a0754a070a504cf914eaae834f91c68": ["2", "jp.sblo.pandora.aGrep.Settings"]}, {"2990e38286350406a20596f2c51dddd3": ["8", "jp.sblo.pandora.aGrep.Settings"]}, {"e0ed11ff578e85890a6111359eb40458": ["0", "jp.sblo.pandora.aGrep.Settings"]}, {"2990e38286350406a20596f2c51dddd3": ["8", "jp.sblo.pandora.aGrep.Settings"]}, {"e0ed11ff578e85890a6111359eb40458": ["0", "jp.sblo.pandora.aGrep.Settings"]}, {"e0ed11ff578e85890a6111359eb40458": ["0", "jp.sblo.pandora.aGrep.Settings"]}, {"df8c3f5526f36c849d8f8ba21699567f": ["1", "jp.sblo.pandora.aGrep.Settings"]}, {"e0ed11ff578e85890a6111359eb40458": ["0", "jp.sblo.pandora.aGrep.Settings"]}, {"e0ed11ff578e85890a6111359eb40458": ["0", "jp.sblo.pandora.aGrep.Settings"]}, {"e0ed11ff578e85890a6111359eb40458": ["0", "jp.sblo.pandora.aGrep.Settings"]}, {"df8c3f5526f36c849d8f8ba21699567f": ["1", "jp.sblo.pandora.aGrep.Settings"]}, {"e0ed11ff578e85890a6111359eb40458": ["0", "jp.sblo.pandora.aGrep.Settings"]}, {"e0ed11ff578e85890a6111359eb40458": ["0", "jp.sblo.pandora.aGrep.Settings"]}, {"e0ed11ff578e85890a6111359eb40458": ["0", "jp.sblo.pandora.aGrep.Settings"]}, {"e0ed11ff578e85890a6111359eb40458": ["0", "jp.sblo.pandora.aGrep.Settings"]}, {"2990e38286350406a20596f2c51dddd3": ["8", "jp.sblo.pandora.aGrep.Settings"]}, {"e0ed11ff578e85890a6111359eb40458": ["0", "jp.sblo.pandora.aGrep.Settings"]}, {"e0ed11ff578e85890a6111359eb40458": ["0", "jp.sblo.pandora.aGrep.Settings"]}, {"e0ed11ff578e85890a6111359eb40458": ["0", "jp.sblo.pandora.aGrep.Settings"]}, {"e0ed11ff578e85890a6111359eb40458": ["0", "jp.sblo.pandora.aGrep.Settings"]}, {"df8c3f5526f36c849d8f8ba21699567f": ["1", "jp.sblo.pandora.aGrep.Settings"]}, {"e0ed11ff578e85890a6111359eb40458": ["0", "jp.sblo.pandora.aGrep.Settings"]}, {"e0ed11ff578e85890a6111359eb40458": ["0", "jp.sblo.pandora.aGrep.Settings"]}, {"1e13702478feb3bb340b9c8948431ccd": ["3", "jp.sblo.pandora.aGrep.FileSelectorActivity"]}, {"1e13702478feb3bb340b9c8948431ccd": ["3", "jp.sblo.pandora.aGrep.FileSelectorActivity"]}, {"4627266349a4864df019d2f0db98940a": ["11", "jp.sblo.pandora.aGrep.FileSelectorActivity"]}, {"1e13702478feb3bb340b9c8948431ccd": ["3", "jp.sblo.pandora.aGrep.FileSelectorActivity"]}, {"1e13702478feb3bb340b9c8948431ccd": ["3", "jp.sblo.pandora.aGrep.FileSelectorActivity"]}, {"1e13702478feb3bb340b9c8948431ccd": ["3", "jp.sblo.pandora.aGrep.FileSelectorActivity"]}, {"1e13702478feb3bb340b9c8948431ccd": ["3", "jp.sblo.pandora.aGrep.FileSelectorActivity"]}, {"1e13702478feb3bb340b9c8948431ccd": ["3", "jp.sblo.pandora.aGrep.FileSelectorActivity"]}, {"1e13702478feb3bb340b9c8948431ccd": ["3", "jp.sblo.pandora.aGrep.FileSelectorActivity"]}, {"1e13702478feb3bb340b9c8948431ccd": ["3", "jp.sblo.pandora.aGrep.FileSelectorActivity"]}, {"1e13702478feb3bb340b9c8948431ccd": ["3", "jp.sblo.pandora.aGrep.FileSelectorActivity"]}, {"1e13702478feb3bb340b9c8948431ccd": ["3", "jp.sblo.pandora.aGrep.FileSelectorActivity"]}, {"1e13702478feb3bb340b9c8948431ccd": ["3", "jp.sblo.pandora.aGrep.FileSelectorActivity"]}, {"1e13702478feb3bb340b9c8948431ccd": ["3", "jp.sblo.pandora.aGrep.FileSelectorActivity"]}, {"1e13702478feb3bb340b9c8948431ccd": ["3", "jp.sblo.pandora.aGrep.FileSelectorActivity"]}, {"1e13702478feb3bb340b9c8948431ccd": ["3", "jp.sblo.pandora.aGrep.FileSelectorActivity"]}, {"1e13702478feb3bb340b9c8948431ccd": ["3", "jp.sblo.pandora.aGrep.FileSelectorActivity"]}, {"1e13702478feb3bb340b9c8948431ccd": ["3", "jp.sblo.pandora.aGrep.FileSelectorActivity"]}, {"1e13702478feb3bb340b9c8948431ccd": ["3", "jp.sblo.pandora.aGrep.FileSelectorActivity"]}, {"1e13702478feb3bb340b9c8948431ccd": ["3", "jp.sblo.pandora.aGrep.FileSelectorActivity"]}, {"1e13702478feb3bb340b9c8948431ccd": ["3", "jp.sblo.pandora.aGrep.FileSelectorActivity"]}, {"1e13702478feb3bb340b9c8948431ccd": ["3", "jp.sblo.pandora.aGrep.FileSelectorActivity"]}, {"1e13702478feb3bb340b9c8948431ccd": ["3", "jp.sblo.pandora.aGrep.FileSelectorActivity"]}, {"1e13702478feb3bb340b9c8948431ccd": ["3", "jp.sblo.pandora.aGrep.FileSelectorActivity"]}, {"1e13702478feb3bb340b9c8948431ccd": ["3", "jp.sblo.pandora.aGrep.FileSelectorActivity"]}, {"1e13702478feb3bb340b9c8948431ccd": ["3", "jp.sblo.pandora.aGrep.FileSelectorActivity"]}, {"1e13702478feb3bb340b9c8948431ccd": ["3", "jp.sblo.pandora.aGrep.FileSelectorActivity"]}, {"1e13702478feb3bb340b9c8948431ccd": ["3", "jp.sblo.pandora.aGrep.FileSelectorActivity"]}, {"1e13702478feb3bb340b9c8948431ccd": ["3", "jp.sblo.pandora.aGrep.FileSelectorActivity"]}, {"1e13702478feb3bb340b9c8948431ccd": ["3", "jp.sblo.pandora.aGrep.FileSelectorActivity"]}, {"1e13702478feb3bb340b9c8948431ccd": ["3", "jp.sblo.pandora.aGrep.FileSelectorActivity"]}, {"1e13702478feb3bb340b9c8948431ccd": ["3", "jp.sblo.pandora.aGrep.FileSelectorActivity"]}, {"e0ed11ff578e85890a6111359eb40458": ["0", "jp.sblo.pandora.aGrep.Settings"]}, {"1e13702478feb3bb340b9c8948431ccd": ["3", "jp.sblo.pandora.aGrep.FileSelectorActivity"]}, {"e0ed11ff578e85890a6111359eb40458": ["0", "jp.sblo.pandora.aGrep.Settings"]}, {"e0ed11ff578e85890a6111359eb40458": ["0", "jp.sblo.pandora.aGrep.Settings"]}, {"e0ed11ff578e85890a6111359eb40458": ["0", "jp.sblo.pandora.aGrep.Settings"]}, {"e0ed11ff578e85890a6111359eb40458": ["0", "jp.sblo.pandora.aGrep.Settings"]}, {"df8c3f5526f36c849d8f8ba21699567f": ["1", "jp.sblo.pandora.aGrep.Settings"]}, {"e0ed11ff578e85890a6111359eb40458": ["0", "jp.sblo.pandora.aGrep.Settings"]}, {"e0ed11ff578e85890a6111359eb40458": ["0", "jp.sblo.pandora.aGrep.Settings"]}, {"e0ed11ff578e85890a6111359eb40458": ["0", "jp.sblo.pandora.aGrep.Settings"]}, {"e0ed11ff578e85890a6111359eb40458": ["0", "jp.sblo.pandora.aGrep.Settings"]}, {"df8c3f5526f36c849d8f8ba21699567f": ["1", "jp.sblo.pandora.aGrep.Settings"]}, {"9a0754a070a504cf914eaae834f91c68": ["2", "jp.sblo.pandora.aGrep.Settings"]}, {"9a0754a070a504cf914eaae834f91c68": ["2", "jp.sblo.pandora.aGrep.Settings"]}, {"9a0754a070a504cf914eaae834f91c68": ["2", "jp.sblo.pandora.aGrep.Settings"]}, {"1e13702478feb3bb340b9c8948431ccd": ["3", "jp.sblo.pandora.aGrep.FileSelectorActivity"]}, {"b734fe295b7ea32773b1b7c3fc3f0aff": ["4", "jp.sblo.pandora.aGrep.FileSelectorActivity"]}, {"1e13702478feb3bb340b9c8948431ccd": ["3", "jp.sblo.pandora.aGrep.FileSelectorActivity"]}, {"1e13702478feb3bb340b9c8948431ccd": ["3", "jp.sblo.pandora.aGrep.FileSelectorActivity"]}, {"1e13702478feb3bb340b9c8948431ccd": ["3", "jp.sblo.pandora.aGrep.FileSelectorActivity"]}, {"1e13702478feb3bb340b9c8948431ccd": ["3", "jp.sblo.pandora.aGrep.FileSelectorActivity"]}, {"1e13702478feb3bb340b9c8948431ccd": ["3", "jp.sblo.pandora.aGrep.FileSelectorActivity"]}, {"1e13702478feb3bb340b9c8948431ccd": ["3", "jp.sblo.pandora.aGrep.FileSelectorActivity"]}, {"1e13702478feb3bb340b9c8948431ccd": ["3", "jp.sblo.pandora.aGrep.FileSelectorActivity"]}, {"1e13702478feb3bb340b9c8948431ccd": ["3", "jp.sblo.pandora.aGrep.FileSelectorActivity"]}, {"1e13702478feb3bb340b9c8948431ccd": ["3", "jp.sblo.pandora.aGrep.FileSelectorActivity"]}, {"1e13702478feb3bb340b9c8948431ccd": ["3", "jp.sblo.pandora.aGrep.FileSelectorActivity"]}, {"1e13702478feb3bb340b9c8948431ccd": ["3", "jp.sblo.pandora.aGrep.FileSelectorActivity"]}, {"1e13702478feb3bb340b9c8948431ccd": ["3", "jp.sblo.pandora.aGrep.FileSelectorActivity"]}, {"1e13702478feb3bb340b9c8948431ccd": ["3", "jp.sblo.pandora.aGrep.FileSelectorActivity"]}, {"1e13702478feb3bb340b9c8948431ccd": ["3", "jp.sblo.pandora.aGrep.FileSelectorActivity"]}, {"1e13702478feb3bb340b9c8948431ccd": ["3", "jp.sblo.pandora.aGrep.FileSelectorActivity"]}, {"1e13702478feb3bb340b9c8948431ccd": ["3", "jp.sblo.pandora.aGrep.FileSelectorActivity"]}, {"1e13702478feb3bb340b9c8948431ccd": ["3", "jp.sblo.pandora.aGrep.FileSelectorActivity"]}, {"1e13702478feb3bb340b9c8948431ccd": ["3", "jp.sblo.pandora.aGrep.FileSelectorActivity"]}, {"1e13702478feb3bb340b9c8948431ccd": ["3", "jp.sblo.pandora.aGrep.FileSelectorActivity"]}, {"1e13702478feb3bb340b9c8948431ccd": ["3", "jp.sblo.pandora.aGrep.FileSelectorActivity"]}, {"1e13702478feb3bb340b9c8948431ccd": ["3", "jp.sblo.pandora.aGrep.FileSelectorActivity"]}, {"1e13702478feb3bb340b9c8948431ccd": ["3", "jp.sblo.pandora.aGrep.FileSelectorActivity"]}, {"1e13702478feb3bb340b9c8948431ccd": ["3", "jp.sblo.pandora.aGrep.FileSelectorActivity"]}, {"1e13702478feb3bb340b9c8948431ccd": ["3", "jp.sblo.pandora.aGrep.FileSelectorActivity"]}, {"1e13702478feb3bb340b9c8948431ccd": ["3", "jp.sblo.pandora.aGrep.FileSelectorActivity"]}, {"1e13702478feb3bb340b9c8948431ccd": ["3", "jp.sblo.pandora.aGrep.FileSelectorActivity"]}, {"1e13702478feb3bb340b9c8948431ccd": ["3", "jp.sblo.pandora.aGrep.FileSelectorActivity"]}, {"1e13702478feb3bb340b9c8948431ccd": ["3", "jp.sblo.pandora.aGrep.FileSelectorActivity"]}, {"1e13702478feb3bb340b9c8948431ccd": ["3", "jp.sblo.pandora.aGrep.FileSelectorActivity"]}, {"1e13702478feb3bb340b9c8948431ccd": ["3", "jp.sblo.pandora.aGrep.FileSelectorActivity"]}, {"1e13702478feb3bb340b9c8948431ccd": ["3", "jp.sblo.pandora.aGrep.FileSelectorActivity"]}, {"1e13702478feb3bb340b9c8948431ccd": ["3", "jp.sblo.pandora.aGrep.FileSelectorActivity"]}, {"1e13702478feb3bb340b9c8948431ccd": ["3", "jp.sblo.pandora.aGrep.FileSelectorActivity"]}, {"1e13702478feb3bb340b9c8948431ccd": ["3", "jp.sblo.pandora.aGrep.FileSelectorActivity"]}, {"1e13702478feb3bb340b9c8948431ccd": ["3", "jp.sblo.pandora.aGrep.FileSelectorActivity"]}, {"1e13702478feb3bb340b9c8948431ccd": ["3", "jp.sblo.pandora.aGrep.FileSelectorActivity"]}, {"1e13702478feb3bb340b9c8948431ccd": ["3", "jp.sblo.pandora.aGrep.FileSelectorActivity"]}, {"1e13702478feb3bb340b9c8948431ccd": ["3", "jp.sblo.pandora.aGrep.FileSelectorActivity"]}, {"9a0754a070a504cf914eaae834f91c68": ["2", "jp.sblo.pandora.aGrep.Settings"]}, {"9a0754a070a504cf914eaae834f91c68": ["2", "jp.sblo.pandora.aGrep.Settings"]}, {"2990e38286350406a20596f2c51dddd3": ["8", "jp.sblo.pandora.aGrep.Settings"]}, {"9a0754a070a504cf914eaae834f91c68": ["2", "jp.sblo.pandora.aGrep.Settings"]}, {"9a0754a070a504cf914eaae834f91c68": ["2", "jp.sblo.pandora.aGrep.Settings"]}, {"9a0754a070a504cf914eaae834f91c68": ["2", "jp.sblo.pandora.aGrep.Settings"]}, {"9a0754a070a504cf914eaae834f91c68": ["2", "jp.sblo.pandora.aGrep.Settings"]}, {"9a0754a070a504cf914eaae834f91c68": ["2", "jp.sblo.pandora.aGrep.Settings"]}, {"2990e38286350406a20596f2c51dddd3": ["8", "jp.sblo.pandora.aGrep.Settings"]}, {"9a0754a070a504cf914eaae834f91c68": ["2", "jp.sblo.pandora.aGrep.Settings"]}, {"9a0754a070a504cf914eaae834f91c68": ["2", "jp.sblo.pandora.aGrep.Settings"]}, {"9a0754a070a504cf914eaae834f91c68": ["2", "jp.sblo.pandora.aGrep.Settings"]}, {"9a0754a070a504cf914eaae834f91c68": ["2", "jp.sblo.pandora.aGrep.Settings"]}, {"9a0754a070a504cf914eaae834f91c68": ["2", "jp.sblo.pandora.aGrep.Settings"]}, {"1e13702478feb3bb340b9c8948431ccd": ["3", "jp.sblo.pandora.aGrep.FileSelectorActivity"]}, {"247411c4410eb6d3fe7e67c3867da937": ["13", "jp.sblo.pandora.aGrep.FileSelectorActivity"]}, {"1e13702478feb3bb340b9c8948431ccd": ["3", "jp.sblo.pandora.aGrep.FileSelectorActivity"]}, {"1e13702478feb3bb340b9c8948431ccd": ["3", "jp.sblo.pandora.aGrep.FileSelectorActivity"]}, {"1e13702478feb3bb340b9c8948431ccd": ["3", "jp.sblo.pandora.aGrep.FileSelectorActivity"]}, {"1e13702478feb3bb340b9c8948431ccd": ["3", "jp.sblo.pandora.aGrep.FileSelectorActivity"]}, {"4627266349a4864df019d2f0db98940a": ["11", "jp.sblo.pandora.aGrep.FileSelectorActivity"]}, {"1e13702478feb3bb340b9c8948431ccd": ["3", "jp.sblo.pandora.aGrep.FileSelectorActivity"]}, {"1e13702478feb3bb340b9c8948431ccd": ["3", "jp.sblo.pandora.aGrep.FileSelectorActivity"]}, {"1e13702478feb3bb340b9c8948431ccd": ["3", "jp.sblo.pandora.aGrep.FileSelectorActivity"]}, {"1e13702478feb3bb340b9c8948431ccd": ["3", "jp.sblo.pandora.aGrep.FileSelectorActivity"]}, {"1e13702478feb3bb340b9c8948431ccd": ["3", "jp.sblo.pandora.aGrep.FileSelectorActivity"]}, {"1e13702478feb3bb340b9c8948431ccd": ["3", "jp.sblo.pandora.aGrep.FileSelectorActivity"]}, {"1e13702478feb3bb340b9c8948431ccd": ["3", "jp.sblo.pandora.aGrep.FileSelectorActivity"]}, {"1e13702478feb3bb340b9c8948431ccd": ["3", "jp.sblo.pandora.aGrep.FileSelectorActivity"]}, {"1e13702478feb3bb340b9c8948431ccd": ["3", "jp.sblo.pandora.aGrep.FileSelectorActivity"]}, {"1e13702478feb3bb340b9c8948431ccd": ["3", "jp.sblo.pandora.aGrep.FileSelectorActivity"]}, {"1e13702478feb3bb340b9c8948431ccd": ["3", "jp.sblo.pandora.aGrep.FileSelectorActivity"]}, {"1e13702478feb3bb340b9c8948431ccd": ["3", "jp.sblo.pandora.aGrep.FileSelectorActivity"]}, {"1e13702478feb3bb340b9c8948431ccd": ["3", "jp.sblo.pandora.aGrep.FileSelectorActivity"]}, {"1e13702478feb3bb340b9c8948431ccd": ["3", "jp.sblo.pandora.aGrep.FileSelectorActivity"]}, {"1e13702478feb3bb340b9c8948431ccd": ["3", "jp.sblo.pandora.aGrep.FileSelectorActivity"]}, {"1e13702478feb3bb340b9c8948431ccd": ["3", "jp.sblo.pandora.aGrep.FileSelectorActivity"]}, {"71f66b0ce81bccbd13c7ad8f9d163f75": ["17", "jp.sblo.pandora.aGrep.FileSelectorActivity"]}, {"9a0754a070a504cf914eaae834f91c68": ["2", "jp.sblo.pandora.aGrep.Settings"]}, {"9a0754a070a504cf914eaae834f91c68": ["2", "jp.sblo.pandora.aGrep.Settings"]}, {"1e13702478feb3bb340b9c8948431ccd": ["3", "jp.sblo.pandora.aGrep.FileSelectorActivity"]}, {"247411c4410eb6d3fe7e67c3867da937": ["13", "jp.sblo.pandora.aGrep.FileSelectorActivity"]}, {"3bab101ef69d2dced37cd0de89cab9d2": ["14", "jp.sblo.pandora.aGrep.FileSelectorActivity"]}, {"247411c4410eb6d3fe7e67c3867da937": ["13", "jp.sblo.pandora.aGrep.FileSelectorActivity"]}, {"b734fe295b7ea32773b1b7c3fc3f0aff": ["4", "jp.sblo.pandora.aGrep.FileSelectorActivity"]}, {"247411c4410eb6d3fe7e67c3867da937": ["13", "jp.sblo.pandora.aGrep.FileSelectorActivity"]}, {"9a0754a070a504cf914eaae834f91c68": ["2", "jp.sblo.pandora.aGrep.Settings"]}, {"9a0754a070a504cf914eaae834f91c68": ["2", "jp.sblo.pandora.aGrep.Settings"]}, {"1e13702478feb3bb340b9c8948431ccd": ["3", "jp.sblo.pandora.aGrep.FileSelectorActivity"]}, {"b734fe295b7ea32773b1b7c3fc3f0aff": ["4", "jp.sblo.pandora.aGrep.FileSelectorActivity"]}, {"1e13702478feb3bb340b9c8948431ccd": ["3", "jp.sblo.pandora.aGrep.FileSelectorActivity"]}, {"247411c4410eb6d3fe7e67c3867da937": ["13", "jp.sblo.pandora.aGrep.FileSelectorActivity"]}, {"3bab101ef69d2dced37cd0de89cab9d2": ["14", "jp.sblo.pandora.aGrep.FileSelectorActivity"]}, {"247411c4410eb6d3fe7e67c3867da937": ["13", "jp.sblo.pandora.aGrep.FileSelectorActivity"]}, {"3bab101ef69d2dced37cd0de89cab9d2": ["14", "jp.sblo.pandora.aGrep.FileSelectorActivity"]}, {"25fa28b68581b0f4ce666238a2b6a66d": ["15", "jp.sblo.pandora.aGrep.FileSelectorActivity"]}, {"3bab101ef69d2dced37cd0de89cab9d2": ["14", "jp.sblo.pandora.aGrep.FileSelectorActivity"]}, {"247411c4410eb6d3fe7e67c3867da937": ["13", "jp.sblo.pandora.aGrep.FileSelectorActivity"]}, {"3bab101ef69d2dced37cd0de89cab9d2": ["14", "jp.sblo.pandora.aGrep.FileSelectorActivity"]}, {"9a0754a070a504cf914eaae834f91c68": ["2", "jp.sblo.pandora.aGrep.Settings"]}, {"9a0754a070a504cf914eaae834f91c68": ["2", "jp.sblo.pandora.aGrep.Settings"]}, {"9a0754a070a504cf914eaae834f91c68": ["2", "jp.sblo.pandora.aGrep.Settings"]}, {"9a0754a070a504cf914eaae834f91c68": ["2", "jp.sblo.pandora.aGrep.Settings"]}, {"9a0754a070a504cf914eaae834f91c68": ["2", "jp.sblo.pandora.aGrep.Settings"]}, {"1e13702478feb3bb340b9c8948431ccd": ["3", "jp.sblo.pandora.aGrep.FileSelectorActivity"]}, {"247411c4410eb6d3fe7e67c3867da937": ["13", "jp.sblo.pandora.aGrep.FileSelectorActivity"]}, {"3bab101ef69d2dced37cd0de89cab9d2": ["14", "jp.sblo.pandora.aGrep.FileSelectorActivity"]}, {"247411c4410eb6d3fe7e67c3867da937": ["13", "jp.sblo.pandora.aGrep.FileSelectorActivity"]}, {"1e13702478feb3bb340b9c8948431ccd": ["3", "jp.sblo.pandora.aGrep.FileSelectorActivity"]}, {"1e13702478feb3bb340b9c8948431ccd": ["3", "jp.sblo.pandora.aGrep.FileSelectorActivity"]}, {"1e13702478feb3bb340b9c8948431ccd": ["3", "jp.sblo.pandora.aGrep.FileSelectorActivity"]}, {"1e13702478feb3bb340b9c8948431ccd": ["3", "jp.sblo.pandora.aGrep.FileSelectorActivity"]}, {"1e13702478feb3bb340b9c8948431ccd": ["3", "jp.sblo.pandora.aGrep.FileSelectorActivity"]}, {"1e13702478feb3bb340b9c8948431ccd": ["3", "jp.sblo.pandora.aGrep.FileSelectorActivity"]}, {"1e13702478feb3bb340b9c8948431ccd": ["3", "jp.sblo.pandora.aGrep.FileSelectorActivity"]}, {"9a0754a070a504cf914eaae834f91c68": ["2", "jp.sblo.pandora.aGrep.Settings"]}, {"1e13702478feb3bb340b9c8948431ccd": ["3", "jp.sblo.pandora.aGrep.FileSelectorActivity"]}, {"b734fe295b7ea32773b1b7c3fc3f0aff": ["4", "jp.sblo.pandora.aGrep.FileSelectorActivity"]}, {"1e13702478feb3bb340b9c8948431ccd": ["3", "jp.sblo.pandora.aGrep.FileSelectorActivity"]}, {"247411c4410eb6d3fe7e67c3867da937": ["13", "jp.sblo.pandora.aGrep.FileSelectorActivity"]}, {"3bab101ef69d2dced37cd0de89cab9d2": ["14", "jp.sblo.pandora.aGrep.FileSelectorActivity"]}, {"247411c4410eb6d3fe7e67c3867da937": ["13", "jp.sblo.pandora.aGrep.FileSelectorActivity"]}, {"1e13702478feb3bb340b9c8948431ccd": ["3", "jp.sblo.pandora.aGrep.FileSelectorActivity"]}, {"247411c4410eb6d3fe7e67c3867da937": ["13", "jp.sblo.pandora.aGrep.FileSelectorActivity"]}, {"1e13702478feb3bb340b9c8948431ccd": ["3", "jp.sblo.pandora.aGrep.FileSelectorActivity"]}, {"b734fe295b7ea32773b1b7c3fc3f0aff": ["4", "jp.sblo.pandora.aGrep.FileSelectorActivity"]}, {"1e13702478feb3bb340b9c8948431ccd": ["3", "jp.sblo.pandora.aGrep.FileSelectorActivity"]}, {"b734fe295b7ea32773b1b7c3fc3f0aff": ["4", "jp.sblo.pandora.aGrep.FileSelectorActivity"]}, {"1e13702478feb3bb340b9c8948431ccd": ["3", "jp.sblo.pandora.aGrep.FileSelectorActivity"]}, {"b734fe295b7ea32773b1b7c3fc3f0aff": ["4", "jp.sblo.pandora.aGrep.FileSelectorActivity"]}, {"1e13702478feb3bb340b9c8948431ccd": ["3", "jp.sblo.pandora.aGrep.FileSelectorActivity"]}, {"247411c4410eb6d3fe7e67c3867da937": ["13", "jp.sblo.pandora.aGrep.FileSelectorActivity"]}, {"1e13702478feb3bb340b9c8948431ccd": ["3", "jp.sblo.pandora.aGrep.FileSelectorActivity"]}, {"b734fe295b7ea32773b1b7c3fc3f0aff": ["4", "jp.sblo.pandora.aGrep.FileSelectorActivity"]}, {"1e13702478feb3bb340b9c8948431ccd": ["3", "jp.sblo.pandora.aGrep.FileSelectorActivity"]}, {"9a0754a070a504cf914eaae834f91c68": ["2", "jp.sblo.pandora.aGrep.Settings"]}, {"9a0754a070a504cf914eaae834f91c68": ["2", "jp.sblo.pandora.aGrep.Settings"]}, {"9a0754a070a504cf914eaae834f91c68": ["2", "jp.sblo.pandora.aGrep.Settings"]}, {"9a0754a070a504cf914eaae834f91c68": ["2", "jp.sblo.pandora.aGrep.Settings"]}, {"9a0754a070a504cf914eaae834f91c68": ["2", "jp.sblo.pandora.aGrep.Settings"]}, {"9a0754a070a504cf914eaae834f91c68": ["2", "jp.sblo.pandora.aGrep.Settings"]}, {"9a0754a070a504cf914eaae834f91c68": ["2", "jp.sblo.pandora.aGrep.Settings"]}, {"1e13702478feb3bb340b9c8948431ccd": ["3", "jp.sblo.pandora.aGrep.FileSelectorActivity"]}, {"247411c4410eb6d3fe7e67c3867da937": ["13", "jp.sblo.pandora.aGrep.FileSelectorActivity"]}, {"1e13702478feb3bb340b9c8948431ccd": ["3", "jp.sblo.pandora.aGrep.FileSelectorActivity"]}, {"1e13702478feb3bb340b9c8948431ccd": ["3", "jp.sblo.pandora.aGrep.FileSelectorActivity"]}, {"1e13702478feb3bb340b9c8948431ccd": ["3", "jp.sblo.pandora.aGrep.FileSelectorActivity"]}, {"1e13702478feb3bb340b9c8948431ccd": ["3", "jp.sblo.pandora.aGrep.FileSelectorActivity"]}, {"1e13702478feb3bb340b9c8948431ccd": ["3", "jp.sblo.pandora.aGrep.FileSelectorActivity"]}, {"1e13702478feb3bb340b9c8948431ccd": ["3", "jp.sblo.pandora.aGrep.FileSelectorActivity"]}, {"1e13702478feb3bb340b9c8948431ccd": ["3", "jp.sblo.pandora.aGrep.FileSelectorActivity"]}, {"1e13702478feb3bb340b9c8948431ccd": ["3", "jp.sblo.pandora.aGrep.FileSelectorActivity"]}, {"1e13702478feb3bb340b9c8948431ccd": ["3", "jp.sblo.pandora.aGrep.FileSelectorActivity"]}, {"1e13702478feb3bb340b9c8948431ccd": ["3", "jp.sblo.pandora.aGrep.FileSelectorActivity"]}, {"1e13702478feb3bb340b9c8948431ccd": ["3", "jp.sblo.pandora.aGrep.FileSelectorActivity"]}, {"1e13702478feb3bb340b9c8948431ccd": ["3", "jp.sblo.pandora.aGrep.FileSelectorActivity"]}, {"1e13702478feb3bb340b9c8948431ccd": ["3", "jp.sblo.pandora.aGrep.FileSelectorActivity"]}, {"1e13702478feb3bb340b9c8948431ccd": ["3", "jp.sblo.pandora.aGrep.FileSelectorActivity"]}, {"1e13702478feb3bb340b9c8948431ccd": ["3", "jp.sblo.pandora.aGrep.FileSelectorActivity"]}, {"1e13702478feb3bb340b9c8948431ccd": ["3", "jp.sblo.pandora.aGrep.FileSelectorActivity"]}, {"1e13702478feb3bb340b9c8948431ccd": ["3", "jp.sblo.pandora.aGrep.FileSelectorActivity"]}, {"1e13702478feb3bb340b9c8948431ccd": ["3", "jp.sblo.pandora.aGrep.FileSelectorActivity"]}, {"1e13702478feb3bb340b9c8948431ccd": ["3", "jp.sblo.pandora.aGrep.FileSelectorActivity"]}, {"1e13702478feb3bb340b9c8948431ccd": ["3", "jp.sblo.pandora.aGrep.FileSelectorActivity"]}, {"1e13702478feb3bb340b9c8948431ccd": ["3", "jp.sblo.pandora.aGrep.FileSelectorActivity"]}, {"1e13702478feb3bb340b9c8948431ccd": ["3", "jp.sblo.pandora.aGrep.FileSelectorActivity"]}, {"1e13702478feb3bb340b9c8948431ccd": ["3", "jp.sblo.pandora.aGrep.FileSelectorActivity"]}, {"1e13702478feb3bb340b9c8948431ccd": ["3", "jp.sblo.pandora.aGrep.FileSelectorActivity"]}, {"1e13702478feb3bb340b9c8948431ccd": ["3", "jp.sblo.pandora.aGrep.FileSelectorActivity"]}, {"1e13702478feb3bb340b9c8948431ccd": ["3", "jp.sblo.pandora.aGrep.FileSelectorActivity"]}, {"1e13702478feb3bb340b9c8948431ccd": ["3", "jp.sblo.pandora.aGrep.FileSelectorActivity"]}, {"1e13702478feb3bb340b9c8948431ccd": ["3", "jp.sblo.pandora.aGrep.FileSelectorActivity"]}, {"1e13702478feb3bb340b9c8948431ccd": ["3", "jp.sblo.pandora.aGrep.FileSelectorActivity"]}, {"1e13702478feb3bb340b9c8948431ccd": ["3", "jp.sblo.pandora.aGrep.FileSelectorActivity"]}, {"1e13702478feb3bb340b9c8948431ccd": ["3", "jp.sblo.pandora.aGrep.FileSelectorActivity"]}, {"1e13702478feb3bb340b9c8948431ccd": ["3", "jp.sblo.pandora.aGrep.FileSelectorActivity"]}, {"1e13702478feb3bb340b9c8948431ccd": ["3", "jp.sblo.pandora.aGrep.FileSelectorActivity"]}, {"1e13702478feb3bb340b9c8948431ccd": ["3", "jp.sblo.pandora.aGrep.FileSelectorActivity"]}, {"1e13702478feb3bb340b9c8948431ccd": ["3", "jp.sblo.pandora.aGrep.FileSelectorActivity"]}, {"1e13702478feb3bb340b9c8948431ccd": ["3", "jp.sblo.pandora.aGrep.FileSelectorActivity"]}, {"1e13702478feb3bb340b9c8948431ccd": ["3", "jp.sblo.pandora.aGrep.FileSelectorActivity"]}, {"1e13702478feb3bb340b9c8948431ccd": ["3", "jp.sblo.pandora.aGrep.FileSelectorActivity"]}, {"9a0754a070a504cf914eaae834f91c68": ["2", "jp.sblo.pandora.aGrep.Settings"]}, {"2990e38286350406a20596f2c51dddd3": ["8", "jp.sblo.pandora.aGrep.Settings"]}, {"e0ed11ff578e85890a6111359eb40458": ["0", "jp.sblo.pandora.aGrep.Settings"]}, {"df8c3f5526f36c849d8f8ba21699567f": ["1", "jp.sblo.pandora.aGrep.Settings"]}, {"e0ed11ff578e85890a6111359eb40458": ["0", "jp.sblo.pandora.aGrep.Settings"]}, {"e0ed11ff578e85890a6111359eb40458": ["0", "jp.sblo.pandora.aGrep.Settings"]}, {"df8c3f5526f36c849d8f8ba21699567f": ["1", "jp.sblo.pandora.aGrep.Settings"]}, {"e0ed11ff578e85890a6111359eb40458": ["0", "jp.sblo.pandora.aGrep.Settings"]}, {"e0ed11ff578e85890a6111359eb40458": ["0", "jp.sblo.pandora.aGrep.Settings"]}, {"1e13702478feb3bb340b9c8948431ccd": ["3", "jp.sblo.pandora.aGrep.FileSelectorActivity"]}, {"247411c4410eb6d3fe7e67c3867da937": ["13", "jp.sblo.pandora.aGrep.FileSelectorActivity"]}, {"3bab101ef69d2dced37cd0de89cab9d2": ["14", "jp.sblo.pandora.aGrep.FileSelectorActivity"]}, {"25fa28b68581b0f4ce666238a2b6a66d": ["15", "jp.sblo.pandora.aGrep.FileSelectorActivity"]}, {"3bab101ef69d2dced37cd0de89cab9d2": ["14", "jp.sblo.pandora.aGrep.FileSelectorActivity"]}, {"e0ed11ff578e85890a6111359eb40458": ["0", "jp.sblo.pandora.aGrep.Settings"]}, {"e0ed11ff578e85890a6111359eb40458": ["0", "jp.sblo.pandora.aGrep.Settings"]}, {"df8c3f5526f36c849d8f8ba21699567f": ["1", "jp.sblo.pandora.aGrep.Settings"]}, {"9a0754a070a504cf914eaae834f91c68": ["2", "jp.sblo.pandora.aGrep.Settings"]}, {"2990e38286350406a20596f2c51dddd3": ["8", "jp.sblo.pandora.aGrep.Settings"]}, {"9a0754a070a504cf914eaae834f91c68": ["2", "jp.sblo.pandora.aGrep.Settings"]}, {"9a0754a070a504cf914eaae834f91c68": ["2", "jp.sblo.pandora.aGrep.Settings"]}, {"9a0754a070a504cf914eaae834f91c68": ["2", "jp.sblo.pandora.aGrep.Settings"]}, {"9a0754a070a504cf914eaae834f91c68": ["2", "jp.sblo.pandora.aGrep.Settings"]}, {"1e13702478feb3bb340b9c8948431ccd": ["3", "jp.sblo.pandora.aGrep.FileSelectorActivity"]}, {"247411c4410eb6d3fe7e67c3867da937": ["13", "jp.sblo.pandora.aGrep.FileSelectorActivity"]}, {"3bab101ef69d2dced37cd0de89cab9d2": ["14", "jp.sblo.pandora.aGrep.FileSelectorActivity"]}, {"25fa28b68581b0f4ce666238a2b6a66d": ["15", "jp.sblo.pandora.aGrep.FileSelectorActivity"]}, {"b734fe295b7ea32773b1b7c3fc3f0aff": ["4", "jp.sblo.pandora.aGrep.FileSelectorActivity"]}, {"25fa28b68581b0f4ce666238a2b6a66d": ["15", "jp.sblo.pandora.aGrep.FileSelectorActivity"]}, {"9a0754a070a504cf914eaae834f91c68": ["2", "jp.sblo.pandora.aGrep.Settings"]}, {"9a0754a070a504cf914eaae834f91c68": ["2", "jp.sblo.pandora.aGrep.Settings"]}, {"2990e38286350406a20596f2c51dddd3": ["8", "jp.sblo.pandora.aGrep.Settings"]}, {"e0ed11ff578e85890a6111359eb40458": ["0", "jp.sblo.pandora.aGrep.Settings"]}, {"df8c3f5526f36c849d8f8ba21699567f": ["1", "jp.sblo.pandora.aGrep.Settings"]}, {"e0ed11ff578e85890a6111359eb40458": ["0", "jp.sblo.pandora.aGrep.Settings"]}, {"e0ed11ff578e85890a6111359eb40458": ["0", "jp.sblo.pandora.aGrep.Settings"]}, {"e0ed11ff578e85890a6111359eb40458": ["0", "jp.sblo.pandora.aGrep.Settings"]}, {"1e13702478feb3bb340b9c8948431ccd": ["3", "jp.sblo.pandora.aGrep.FileSelectorActivity"]}, {"1e13702478feb3bb340b9c8948431ccd": ["3", "jp.sblo.pandora.aGrep.FileSelectorActivity"]}, {"4627266349a4864df019d2f0db98940a": ["11", "jp.sblo.pandora.aGrep.FileSelectorActivity"]}, {"4627266349a4864df019d2f0db98940a": ["11", "jp.sblo.pandora.aGrep.FileSelectorActivity"]}, {"4627266349a4864df019d2f0db98940a": ["11", "jp.sblo.pandora.aGrep.FileSelectorActivity"]}, {"4627266349a4864df019d2f0db98940a": ["11", "jp.sblo.pandora.aGrep.FileSelectorActivity"]}, {"4627266349a4864df019d2f0db98940a": ["11", "jp.sblo.pandora.aGrep.FileSelectorActivity"]}, {"4627266349a4864df019d2f0db98940a": ["11", "jp.sblo.pandora.aGrep.FileSelectorActivity"]}, {"4627266349a4864df019d2f0db98940a": ["11", "jp.sblo.pandora.aGrep.FileSelectorActivity"]}, {"4627266349a4864df019d2f0db98940a": ["11", "jp.sblo.pandora.aGrep.FileSelectorActivity"]}, {"4627266349a4864df019d2f0db98940a": ["11", "jp.sblo.pandora.aGrep.FileSelectorActivity"]}, {"4627266349a4864df019d2f0db98940a": ["11", "jp.sblo.pandora.aGrep.FileSelectorActivity"]}, {"4627266349a4864df019d2f0db98940a": ["11", "jp.sblo.pandora.aGrep.FileSelectorActivity"]}, {"e0ed11ff578e85890a6111359eb40458": ["0", "jp.sblo.pandora.aGrep.Settings"]}, {"1e13702478feb3bb340b9c8948431ccd": ["3", "jp.sblo.pandora.aGrep.FileSelectorActivity"]}, {"b734fe295b7ea32773b1b7c3fc3f0aff": ["4", "jp.sblo.pandora.aGrep.FileSelectorActivity"]}, {"1e13702478feb3bb340b9c8948431ccd": ["3", "jp.sblo.pandora.aGrep.FileSelectorActivity"]}, {"e0ed11ff578e85890a6111359eb40458": ["0", "jp.sblo.pandora.aGrep.Settings"]}, {"e0ed11ff578e85890a6111359eb40458": ["0", "jp.sblo.pandora.aGrep.Settings"]}, {"e0ed11ff578e85890a6111359eb40458": ["0", "jp.sblo.pandora.aGrep.Settings"]}, {"df8c3f5526f36c849d8f8ba21699567f": ["1", "jp.sblo.pandora.aGrep.Settings"]}, {"e0ed11ff578e85890a6111359eb40458": ["0", "jp.sblo.pandora.aGrep.Settings"]}, {"e0ed11ff578e85890a6111359eb40458": ["0", "jp.sblo.pandora.aGrep.Settings"]}, {"e0ed11ff578e85890a6111359eb40458": ["0", "jp.sblo.pandora.aGrep.Settings"]}, {"e0ed11ff578e85890a6111359eb40458": ["0", "jp.sblo.pandora.aGrep.Settings"]}, {"e0ed11ff578e85890a6111359eb40458": ["0", "jp.sblo.pandora.aGrep.Settings"]}, {"e0ed11ff578e85890a6111359eb40458": ["0", "jp.sblo.pandora.aGrep.Settings"]}, {"e0ed11ff578e85890a6111359eb40458": ["0", "jp.sblo.pandora.aGrep.Settings"]}, {"e0ed11ff578e85890a6111359eb40458": ["0", "jp.sblo.pandora.aGrep.Settings"]}, {"df8c3f5526f36c849d8f8ba21699567f": ["1", "jp.sblo.pandora.aGrep.Settings"]}, {"9a0754a070a504cf914eaae834f91c68": ["2", "jp.sblo.pandora.aGrep.Settings"]}, {"9a0754a070a504cf914eaae834f91c68": ["2", "jp.sblo.pandora.aGrep.Settings"]}, {"9a0754a070a504cf914eaae834f91c68": ["2", "jp.sblo.pandora.aGrep.Settings"]}, {"9a0754a070a504cf914eaae834f91c68": ["2", "jp.sblo.pandora.aGrep.Settings"]}, {"9a0754a070a504cf914eaae834f91c68": ["2", "jp.sblo.pandora.aGrep.Settings"]}, {"9a0754a070a504cf914eaae834f91c68": ["2", "jp.sblo.pandora.aGrep.Settings"]}, {"1e13702478feb3bb340b9c8948431ccd": ["3", "jp.sblo.pandora.aGrep.FileSelectorActivity"]}, {"247411c4410eb6d3fe7e67c3867da937": ["13", "jp.sblo.pandora.aGrep.FileSelectorActivity"]}, {"1e13702478feb3bb340b9c8948431ccd": ["3", "jp.sblo.pandora.aGrep.FileSelectorActivity"]}, {"1e13702478feb3bb340b9c8948431ccd": ["3", "jp.sblo.pandora.aGrep.FileSelectorActivity"]}, {"1e13702478feb3bb340b9c8948431ccd": ["3", "jp.sblo.pandora.aGrep.FileSelectorActivity"]}, {"1e13702478feb3bb340b9c8948431ccd": ["3", "jp.sblo.pandora.aGrep.FileSelectorActivity"]}, {"1e13702478feb3bb340b9c8948431ccd": ["3", "jp.sblo.pandora.aGrep.FileSelectorActivity"]}, {"1e13702478feb3bb340b9c8948431ccd": ["3", "jp.sblo.pandora.aGrep.FileSelectorActivity"]}, {"1e13702478feb3bb340b9c8948431ccd": ["3", "jp.sblo.pandora.aGrep.FileSelectorActivity"]}, {"1e13702478feb3bb340b9c8948431ccd": ["3", "jp.sblo.pandora.aGrep.FileSelectorActivity"]}, {"1e13702478feb3bb340b9c8948431ccd": ["3", "jp.sblo.pandora.aGrep.FileSelectorActivity"]}, {"1e13702478feb3bb340b9c8948431ccd": ["3", "jp.sblo.pandora.aGrep.FileSelectorActivity"]}, {"1e13702478feb3bb340b9c8948431ccd": ["3", "jp.sblo.pandora.aGrep.FileSelectorActivity"]}, {"1e13702478feb3bb340b9c8948431ccd": ["3", "jp.sblo.pandora.aGrep.FileSelectorActivity"]}, {"1e13702478feb3bb340b9c8948431ccd": ["3", "jp.sblo.pandora.aGrep.FileSelectorActivity"]}, {"1e13702478feb3bb340b9c8948431ccd": ["3", "jp.sblo.pandora.aGrep.FileSelectorActivity"]}, {"1e13702478feb3bb340b9c8948431ccd": ["3", "jp.sblo.pandora.aGrep.FileSelectorActivity"]}, {"1e13702478feb3bb340b9c8948431ccd": ["3", "jp.sblo.pandora.aGrep.FileSelectorActivity"]}, {"1e13702478feb3bb340b9c8948431ccd": ["3", "jp.sblo.pandora.aGrep.FileSelectorActivity"]}, {"1e13702478feb3bb340b9c8948431ccd": ["3", "jp.sblo.pandora.aGrep.FileSelectorActivity"]}, {"1e13702478feb3bb340b9c8948431ccd": ["3", "jp.sblo.pandora.aGrep.FileSelectorActivity"]}, {"1e13702478feb3bb340b9c8948431ccd": ["3", "jp.sblo.pandora.aGrep.FileSelectorActivity"]}, {"1e13702478feb3bb340b9c8948431ccd": ["3", "jp.sblo.pandora.aGrep.FileSelectorActivity"]}, {"1e13702478feb3bb340b9c8948431ccd": ["3", "jp.sblo.pandora.aGrep.FileSelectorActivity"]}, {"1e13702478feb3bb340b9c8948431ccd": ["3", "jp.sblo.pandora.aGrep.FileSelectorActivity"]}, {"1e13702478feb3bb340b9c8948431ccd": ["3", "jp.sblo.pandora.aGrep.FileSelectorActivity"]}, {"1e13702478feb3bb340b9c8948431ccd": ["3", "jp.sblo.pandora.aGrep.FileSelectorActivity"]}, {"1e13702478feb3bb340b9c8948431ccd": ["3", "jp.sblo.pandora.aGrep.FileSelectorActivity"]}, {"1e13702478feb3bb340b9c8948431ccd": ["3", "jp.sblo.pandora.aGrep.FileSelectorActivity"]}, {"1e13702478feb3bb340b9c8948431ccd": ["3", "jp.sblo.pandora.aGrep.FileSelectorActivity"]}, {"1e13702478feb3bb340b9c8948431ccd": ["3", "jp.sblo.pandora.aGrep.FileSelectorActivity"]}, {"1e13702478feb3bb340b9c8948431ccd": ["3", "jp.sblo.pandora.aGrep.FileSelectorActivity"]}, {"1e13702478feb3bb340b9c8948431ccd": ["3", "jp.sblo.pandora.aGrep.FileSelectorActivity"]}, {"1e13702478feb3bb340b9c8948431ccd": ["3", "jp.sblo.pandora.aGrep.FileSelectorActivity"]}, {"1e13702478feb3bb340b9c8948431ccd": ["3", "jp.sblo.pandora.aGrep.FileSelectorActivity"]}, {"1e13702478feb3bb340b9c8948431ccd": ["3", "jp.sblo.pandora.aGrep.FileSelectorActivity"]}, {"1e13702478feb3bb340b9c8948431ccd": ["3", "jp.sblo.pandora.aGrep.FileSelectorActivity"]}, {"1e13702478feb3bb340b9c8948431ccd": ["3", "jp.sblo.pandora.aGrep.FileSelectorActivity"]}, {"1e13702478feb3bb340b9c8948431ccd": ["3", "jp.sblo.pandora.aGrep.FileSelectorActivity"]}, {"1e13702478feb3bb340b9c8948431ccd": ["3", "jp.sblo.pandora.aGrep.FileSelectorActivity"]}, {"1e13702478feb3bb340b9c8948431ccd": ["3", "jp.sblo.pandora.aGrep.FileSelectorActivity"]}, {"1e13702478feb3bb340b9c8948431ccd": ["3", "jp.sblo.pandora.aGrep.FileSelectorActivity"]}, {"1e13702478feb3bb340b9c8948431ccd": ["3", "jp.sblo.pandora.aGrep.FileSelectorActivity"]}, {"1e13702478feb3bb340b9c8948431ccd": ["3", "jp.sblo.pandora.aGrep.FileSelectorActivity"]}, {"1e13702478feb3bb340b9c8948431ccd": ["3", "jp.sblo.pandora.aGrep.FileSelectorActivity"]}, {"1e13702478feb3bb340b9c8948431ccd": ["3", "jp.sblo.pandora.aGrep.FileSelectorActivity"]}, {"1e13702478feb3bb340b9c8948431ccd": ["3", "jp.sblo.pandora.aGrep.FileSelectorActivity"]}, {"1e13702478feb3bb340b9c8948431ccd": ["3", "jp.sblo.pandora.aGrep.FileSelectorActivity"]}, {"1e13702478feb3bb340b9c8948431ccd": ["3", "jp.sblo.pandora.aGrep.FileSelectorActivity"]}, {"1e13702478feb3bb340b9c8948431ccd": ["3", "jp.sblo.pandora.aGrep.FileSelectorActivity"]}, {"1e13702478feb3bb340b9c8948431ccd": ["3", "jp.sblo.pandora.aGrep.FileSelectorActivity"]}, {"1e13702478feb3bb340b9c8948431ccd": ["3", "jp.sblo.pandora.aGrep.FileSelectorActivity"]}, {"1e13702478feb3bb340b9c8948431ccd": ["3", "jp.sblo.pandora.aGrep.FileSelectorActivity"]}, {"1e13702478feb3bb340b9c8948431ccd": ["3", "jp.sblo.pandora.aGrep.FileSelectorActivity"]}, {"1e13702478feb3bb340b9c8948431ccd": ["3", "jp.sblo.pandora.aGrep.FileSelectorActivity"]}, {"1e13702478feb3bb340b9c8948431ccd": ["3", "jp.sblo.pandora.aGrep.FileSelectorActivity"]}, {"1e13702478feb3bb340b9c8948431ccd": ["3", "jp.sblo.pandora.aGrep.FileSelectorActivity"]}, {"1e13702478feb3bb340b9c8948431ccd": ["3", "jp.sblo.pandora.aGrep.FileSelectorActivity"]}, {"1e13702478feb3bb340b9c8948431ccd": ["3", "jp.sblo.pandora.aGrep.FileSelectorActivity"]}, {"1e13702478feb3bb340b9c8948431ccd": ["3", "jp.sblo.pandora.aGrep.FileSelectorActivity"]}, {"1e13702478feb3bb340b9c8948431ccd": ["3", "jp.sblo.pandora.aGrep.FileSelectorActivity"]}, {"1e13702478feb3bb340b9c8948431ccd": ["3", "jp.sblo.pandora.aGrep.FileSelectorActivity"]}, {"1e13702478feb3bb340b9c8948431ccd": ["3", "jp.sblo.pandora.aGrep.FileSelectorActivity"]}, {"1e13702478feb3bb340b9c8948431ccd": ["3", "jp.sblo.pandora.aGrep.FileSelectorActivity"]}, {"1e13702478feb3bb340b9c8948431ccd": ["3", "jp.sblo.pandora.aGrep.FileSelectorActivity"]}, {"1e13702478feb3bb340b9c8948431ccd": ["3", "jp.sblo.pandora.aGrep.FileSelectorActivity"]}, {"1e13702478feb3bb340b9c8948431ccd": ["3", "jp.sblo.pandora.aGrep.FileSelectorActivity"]}, {"1e13702478feb3bb340b9c8948431ccd": ["3", "jp.sblo.pandora.aGrep.FileSelectorActivity"]}, {"1e13702478feb3bb340b9c8948431ccd": ["3", "jp.sblo.pandora.aGrep.FileSelectorActivity"]}, {"1e13702478feb3bb340b9c8948431ccd": ["3", "jp.sblo.pandora.aGrep.FileSelectorActivity"]}, {"1e13702478feb3bb340b9c8948431ccd": ["3", "jp.sblo.pandora.aGrep.FileSelectorActivity"]}, {"1e13702478feb3bb340b9c8948431ccd": ["3", "jp.sblo.pandora.aGrep.FileSelectorActivity"]}, {"1e13702478feb3bb340b9c8948431ccd": ["3", "jp.sblo.pandora.aGrep.FileSelectorActivity"]}, {"1e13702478feb3bb340b9c8948431ccd": ["3", "jp.sblo.pandora.aGrep.FileSelectorActivity"]}, {"1e13702478feb3bb340b9c8948431ccd": ["3", "jp.sblo.pandora.aGrep.FileSelectorActivity"]}, {"1e13702478feb3bb340b9c8948431ccd": ["3", "jp.sblo.pandora.aGrep.FileSelectorActivity"]}, {"1e13702478feb3bb340b9c8948431ccd": ["3", "jp.sblo.pandora.aGrep.FileSelectorActivity"]}, {"1e13702478feb3bb340b9c8948431ccd": ["3", "jp.sblo.pandora.aGrep.FileSelectorActivity"]}, {"1e13702478feb3bb340b9c8948431ccd": ["3", "jp.sblo.pandora.aGrep.FileSelectorActivity"]}, {"1e13702478feb3bb340b9c8948431ccd": ["3", "jp.sblo.pandora.aGrep.FileSelectorActivity"]}, {"1e13702478feb3bb340b9c8948431ccd": ["3", "jp.sblo.pandora.aGrep.FileSelectorActivity"]}, {"1e13702478feb3bb340b9c8948431ccd": ["3", "jp.sblo.pandora.aGrep.FileSelectorActivity"]}, {"1e13702478feb3bb340b9c8948431ccd": ["3", "jp.sblo.pandora.aGrep.FileSelectorActivity"]}, {"1e13702478feb3bb340b9c8948431ccd": ["3", "jp.sblo.pandora.aGrep.FileSelectorActivity"]}, {"1e13702478feb3bb340b9c8948431ccd": ["3", "jp.sblo.pandora.aGrep.FileSelectorActivity"]}, {"1e13702478feb3bb340b9c8948431ccd": ["3", "jp.sblo.pandora.aGrep.FileSelectorActivity"]}, {"1e13702478feb3bb340b9c8948431ccd": ["3", "jp.sblo.pandora.aGrep.FileSelectorActivity"]}, {"1e13702478feb3bb340b9c8948431ccd": ["3", "jp.sblo.pandora.aGrep.FileSelectorActivity"]}, {"1e13702478feb3bb340b9c8948431ccd": ["3", "jp.sblo.pandora.aGrep.FileSelectorActivity"]}, {"1e13702478feb3bb340b9c8948431ccd": ["3", "jp.sblo.pandora.aGrep.FileSelectorActivity"]}, {"1e13702478feb3bb340b9c8948431ccd": ["3", "jp.sblo.pandora.aGrep.FileSelectorActivity"]}, {"1e13702478feb3bb340b9c8948431ccd": ["3", "jp.sblo.pandora.aGrep.FileSelectorActivity"]}, {"1e13702478feb3bb340b9c8948431ccd": ["3", "jp.sblo.pandora.aGrep.FileSelectorActivity"]}, {"1e13702478feb3bb340b9c8948431ccd": ["3", "jp.sblo.pandora.aGrep.FileSelectorActivity"]}, {"1e13702478feb3bb340b9c8948431ccd": ["3", "jp.sblo.pandora.aGrep.FileSelectorActivity"]}, {"1e13702478feb3bb340b9c8948431ccd": ["3", "jp.sblo.pandora.aGrep.FileSelectorActivity"]}, {"1e13702478feb3bb340b9c8948431ccd": ["3", "jp.sblo.pandora.aGrep.FileSelectorActivity"]}, {"1e13702478feb3bb340b9c8948431ccd": ["3", "jp.sblo.pandora.aGrep.FileSelectorActivity"]}, {"1e13702478feb3bb340b9c8948431ccd": ["3", "jp.sblo.pandora.aGrep.FileSelectorActivity"]}, {"1e13702478feb3bb340b9c8948431ccd": ["3", "jp.sblo.pandora.aGrep.FileSelectorActivity"]}, {"1e13702478feb3bb340b9c8948431ccd": ["3", "jp.sblo.pandora.aGrep.FileSelectorActivity"]}, {"1e13702478feb3bb340b9c8948431ccd": ["3", "jp.sblo.pandora.aGrep.FileSelectorActivity"]}, {"1e13702478feb3bb340b9c8948431ccd": ["3", "jp.sblo.pandora.aGrep.FileSelectorActivity"]}, {"1e13702478feb3bb340b9c8948431ccd": ["3", "jp.sblo.pandora.aGrep.FileSelectorActivity"]}, {"1e13702478feb3bb340b9c8948431ccd": ["3", "jp.sblo.pandora.aGrep.FileSelectorActivity"]}, {"1e13702478feb3bb340b9c8948431ccd": ["3", "jp.sblo.pandora.aGrep.FileSelectorActivity"]}, {"1e13702478feb3bb340b9c8948431ccd": ["3", "jp.sblo.pandora.aGrep.FileSelectorActivity"]}, {"1e13702478feb3bb340b9c8948431ccd": ["3", "jp.sblo.pandora.aGrep.FileSelectorActivity"]}, {"1e13702478feb3bb340b9c8948431ccd": ["3", "jp.sblo.pandora.aGrep.FileSelectorActivity"]}, {"1e13702478feb3bb340b9c8948431ccd": ["3", "jp.sblo.pandora.aGrep.FileSelectorActivity"]}, {"1e13702478feb3bb340b9c8948431ccd": ["3", "jp.sblo.pandora.aGrep.FileSelectorActivity"]}, {"1e13702478feb3bb340b9c8948431ccd": ["3", "jp.sblo.pandora.aGrep.FileSelectorActivity"]}, {"1e13702478feb3bb340b9c8948431ccd": ["3", "jp.sblo.pandora.aGrep.FileSelectorActivity"]}, {"1e13702478feb3bb340b9c8948431ccd": ["3", "jp.sblo.pandora.aGrep.FileSelectorActivity"]}, {"1e13702478feb3bb340b9c8948431ccd": ["3", "jp.sblo.pandora.aGrep.FileSelectorActivity"]}, {"1e13702478feb3bb340b9c8948431ccd": ["3", "jp.sblo.pandora.aGrep.FileSelectorActivity"]}, {"1e13702478feb3bb340b9c8948431ccd": ["3", "jp.sblo.pandora.aGrep.FileSelectorActivity"]}, {"1e13702478feb3bb340b9c8948431ccd": ["3", "jp.sblo.pandora.aGrep.FileSelectorActivity"]}, {"1e13702478feb3bb340b9c8948431ccd": ["3", "jp.sblo.pandora.aGrep.FileSelectorActivity"]}, {"1e13702478feb3bb340b9c8948431ccd": ["3", "jp.sblo.pandora.aGrep.FileSelectorActivity"]}, {"1e13702478feb3bb340b9c8948431ccd": ["3", "jp.sblo.pandora.aGrep.FileSelectorActivity"]}, {"1e13702478feb3bb340b9c8948431ccd": ["3", "jp.sblo.pandora.aGrep.FileSelectorActivity"]}, {"1e13702478feb3bb340b9c8948431ccd": ["3", "jp.sblo.pandora.aGrep.FileSelectorActivity"]}, {"1e13702478feb3bb340b9c8948431ccd": ["3", "jp.sblo.pandora.aGrep.FileSelectorActivity"]}, {"1e13702478feb3bb340b9c8948431ccd": ["3", "jp.sblo.pandora.aGrep.FileSelectorActivity"]}, {"1e13702478feb3bb340b9c8948431ccd": ["3", "jp.sblo.pandora.aGrep.FileSelectorActivity"]}, {"1e13702478feb3bb340b9c8948431ccd": ["3", "jp.sblo.pandora.aGrep.FileSelectorActivity"]}, {"1e13702478feb3bb340b9c8948431ccd": ["3", "jp.sblo.pandora.aGrep.FileSelectorActivity"]}, {"1e13702478feb3bb340b9c8948431ccd": ["3", "jp.sblo.pandora.aGrep.FileSelectorActivity"]}, {"1e13702478feb3bb340b9c8948431ccd": ["3", "jp.sblo.pandora.aGrep.FileSelectorActivity"]}, {"1e13702478feb3bb340b9c8948431ccd": ["3", "jp.sblo.pandora.aGrep.FileSelectorActivity"]}, {"1e13702478feb3bb340b9c8948431ccd": ["3", "jp.sblo.pandora.aGrep.FileSelectorActivity"]}, {"1e13702478feb3bb340b9c8948431ccd": ["3", "jp.sblo.pandora.aGrep.FileSelectorActivity"]}, {"1e13702478feb3bb340b9c8948431ccd": ["3", "jp.sblo.pandora.aGrep.FileSelectorActivity"]}, {"1e13702478feb3bb340b9c8948431ccd": ["3", "jp.sblo.pandora.aGrep.FileSelectorActivity"]}, {"1e13702478feb3bb340b9c8948431ccd": ["3", "jp.sblo.pandora.aGrep.FileSelectorActivity"]}, {"1e13702478feb3bb340b9c8948431ccd": ["3", "jp.sblo.pandora.aGrep.FileSelectorActivity"]}, {"1e13702478feb3bb340b9c8948431ccd": ["3", "jp.sblo.pandora.aGrep.FileSelectorActivity"]}, {"1e13702478feb3bb340b9c8948431ccd": ["3", "jp.sblo.pandora.aGrep.FileSelectorActivity"]}, {"1e13702478feb3bb340b9c8948431ccd": ["3", "jp.sblo.pandora.aGrep.FileSelectorActivity"]}, {"1e13702478feb3bb340b9c8948431ccd": ["3", "jp.sblo.pandora.aGrep.FileSelectorActivity"]}, {"1e13702478feb3bb340b9c8948431ccd": ["3", "jp.sblo.pandora.aGrep.FileSelectorActivity"]}, {"1e13702478feb3bb340b9c8948431ccd": ["3", "jp.sblo.pandora.aGrep.FileSelectorActivity"]}, {"1e13702478feb3bb340b9c8948431ccd": ["3", "jp.sblo.pandora.aGrep.FileSelectorActivity"]}, {"1e13702478feb3bb340b9c8948431ccd": ["3", "jp.sblo.pandora.aGrep.FileSelectorActivity"]}, {"1e13702478feb3bb340b9c8948431ccd": ["3", "jp.sblo.pandora.aGrep.FileSelectorActivity"]}, {"1e13702478feb3bb340b9c8948431ccd": ["3", "jp.sblo.pandora.aGrep.FileSelectorActivity"]}, {"1e13702478feb3bb340b9c8948431ccd": ["3", "jp.sblo.pandora.aGrep.FileSelectorActivity"]}, {"1e13702478feb3bb340b9c8948431ccd": ["3", "jp.sblo.pandora.aGrep.FileSelectorActivity"]}, {"1e13702478feb3bb340b9c8948431ccd": ["3", "jp.sblo.pandora.aGrep.FileSelectorActivity"]}, {"1e13702478feb3bb340b9c8948431ccd": ["3", "jp.sblo.pandora.aGrep.FileSelectorActivity"]}, {"1e13702478feb3bb340b9c8948431ccd": ["3", "jp.sblo.pandora.aGrep.FileSelectorActivity"]}, {"1e13702478feb3bb340b9c8948431ccd": ["3", "jp.sblo.pandora.aGrep.FileSelectorActivity"]}, {"1e13702478feb3bb340b9c8948431ccd": ["3", "jp.sblo.pandora.aGrep.FileSelectorActivity"]}, {"1e13702478feb3bb340b9c8948431ccd": ["3", "jp.sblo.pandora.aGrep.FileSelectorActivity"]}, {"1e13702478feb3bb340b9c8948431ccd": ["3", "jp.sblo.pandora.aGrep.FileSelectorActivity"]}, {"1e13702478feb3bb340b9c8948431ccd": ["3", "jp.sblo.pandora.aGrep.FileSelectorActivity"]}, {"1e13702478feb3bb340b9c8948431ccd": ["3", "jp.sblo.pandora.aGrep.FileSelectorActivity"]}, {"1e13702478feb3bb340b9c8948431ccd": ["3", "jp.sblo.pandora.aGrep.FileSelectorActivity"]}, {"9a0754a070a504cf914eaae834f91c68": ["2", "jp.sblo.pandora.aGrep.Settings"]}, {"2990e38286350406a20596f2c51dddd3": ["8", "jp.sblo.pandora.aGrep.Settings"]}, {"9a0754a070a504cf914eaae834f91c68": ["2", "jp.sblo.pandora.aGrep.Settings"]}, {"1e13702478feb3bb340b9c8948431ccd": ["3", "jp.sblo.pandora.aGrep.FileSelectorActivity"]}, {"247411c4410eb6d3fe7e67c3867da937": ["13", "jp.sblo.pandora.aGrep.FileSelectorActivity"]}, {"3bab101ef69d2dced37cd0de89cab9d2": ["14", "jp.sblo.pandora.aGrep.FileSelectorActivity"]}, {"247411c4410eb6d3fe7e67c3867da937": ["13", "jp.sblo.pandora.aGrep.FileSelectorActivity"]}, {"3bab101ef69d2dced37cd0de89cab9d2": ["14", "jp.sblo.pandora.aGrep.FileSelectorActivity"]}, {"25fa28b68581b0f4ce666238a2b6a66d": ["15", "jp.sblo.pandora.aGrep.FileSelectorActivity"]}, {"3bab101ef69d2dced37cd0de89cab9d2": ["14", "jp.sblo.pandora.aGrep.FileSelectorActivity"]}, {"247411c4410eb6d3fe7e67c3867da937": ["13", "jp.sblo.pandora.aGrep.FileSelectorActivity"]}, {"1e13702478feb3bb340b9c8948431ccd": ["3", "jp.sblo.pandora.aGrep.FileSelectorActivity"]}, {"b734fe295b7ea32773b1b7c3fc3f0aff": ["4", "jp.sblo.pandora.aGrep.FileSelectorActivity"]}, {"1e13702478feb3bb340b9c8948431ccd": ["3", "jp.sblo.pandora.aGrep.FileSelectorActivity"]}, {"1e13702478feb3bb340b9c8948431ccd": ["3", "jp.sblo.pandora.aGrep.FileSelectorActivity"]}, {"4627266349a4864df019d2f0db98940a": ["11", "jp.sblo.pandora.aGrep.FileSelectorActivity"]}, {"4627266349a4864df019d2f0db98940a": ["11", "jp.sblo.pandora.aGrep.FileSelectorActivity"]}, {"4627266349a4864df019d2f0db98940a": ["11", "jp.sblo.pandora.aGrep.FileSelectorActivity"]}, {"4627266349a4864df019d2f0db98940a": ["11", "jp.sblo.pandora.aGrep.FileSelectorActivity"]}, {"4627266349a4864df019d2f0db98940a": ["11", "jp.sblo.pandora.aGrep.FileSelectorActivity"]}, {"4627266349a4864df019d2f0db98940a": ["11", "jp.sblo.pandora.aGrep.FileSelectorActivity"]}, {"9a0754a070a504cf914eaae834f91c68": ["2", "jp.sblo.pandora.aGrep.Settings"]}, {"9a0754a070a504cf914eaae834f91c68": ["2", "jp.sblo.pandora.aGrep.Settings"]}, {"9a0754a070a504cf914eaae834f91c68": ["2", "jp.sblo.pandora.aGrep.Settings"]}, {"9a0754a070a504cf914eaae834f91c68": ["2", "jp.sblo.pandora.aGrep.Settings"]}, {"9a0754a070a504cf914eaae834f91c68": ["2", "jp.sblo.pandora.aGrep.Settings"]}, {"1e13702478feb3bb340b9c8948431ccd": ["3", "jp.sblo.pandora.aGrep.FileSelectorActivity"]}, {"1e13702478feb3bb340b9c8948431ccd": ["3", "jp.sblo.pandora.aGrep.FileSelectorActivity"]}, {"1e13702478feb3bb340b9c8948431ccd": ["3", "jp.sblo.pandora.aGrep.FileSelectorActivity"]}, {"1e13702478feb3bb340b9c8948431ccd": ["3", "jp.sblo.pandora.aGrep.FileSelectorActivity"]}, {"1e13702478feb3bb340b9c8948431ccd": ["3", "jp.sblo.pandora.aGrep.FileSelectorActivity"]}, {"1e13702478feb3bb340b9c8948431ccd": ["3", "jp.sblo.pandora.aGrep.FileSelectorActivity"]}, {"1e13702478feb3bb340b9c8948431ccd": ["3", "jp.sblo.pandora.aGrep.FileSelectorActivity"]}, {"1e13702478feb3bb340b9c8948431ccd": ["3", "jp.sblo.pandora.aGrep.FileSelectorActivity"]}, {"1e13702478feb3bb340b9c8948431ccd": ["3", "jp.sblo.pandora.aGrep.FileSelectorActivity"]}, {"1e13702478feb3bb340b9c8948431ccd": ["3", "jp.sblo.pandora.aGrep.FileSelectorActivity"]}, {"1e13702478feb3bb340b9c8948431ccd": ["3", "jp.sblo.pandora.aGrep.FileSelectorActivity"]}, {"1e13702478feb3bb340b9c8948431ccd": ["3", "jp.sblo.pandora.aGrep.FileSelectorActivity"]}, {"1e13702478feb3bb340b9c8948431ccd": ["3", "jp.sblo.pandora.aGrep.FileSelectorActivity"]}, {"1e13702478feb3bb340b9c8948431ccd": ["3", "jp.sblo.pandora.aGrep.FileSelectorActivity"]}, {"1e13702478feb3bb340b9c8948431ccd": ["3", "jp.sblo.pandora.aGrep.FileSelectorActivity"]}, {"1e13702478feb3bb340b9c8948431ccd": ["3", "jp.sblo.pandora.aGrep.FileSelectorActivity"]}, {"1e13702478feb3bb340b9c8948431ccd": ["3", "jp.sblo.pandora.aGrep.FileSelectorActivity"]}, {"1e13702478feb3bb340b9c8948431ccd": ["3", "jp.sblo.pandora.aGrep.FileSelectorActivity"]}, {"1e13702478feb3bb340b9c8948431ccd": ["3", "jp.sblo.pandora.aGrep.FileSelectorActivity"]}, {"1e13702478feb3bb340b9c8948431ccd": ["3", "jp.sblo.pandora.aGrep.FileSelectorActivity"]}, {"1e13702478feb3bb340b9c8948431ccd": ["3", "jp.sblo.pandora.aGrep.FileSelectorActivity"]}, {"1e13702478feb3bb340b9c8948431ccd": ["3", "jp.sblo.pandora.aGrep.FileSelectorActivity"]}, {"1e13702478feb3bb340b9c8948431ccd": ["3", "jp.sblo.pandora.aGrep.FileSelectorActivity"]}, {"1e13702478feb3bb340b9c8948431ccd": ["3", "jp.sblo.pandora.aGrep.FileSelectorActivity"]}, {"1e13702478feb3bb340b9c8948431ccd": ["3", "jp.sblo.pandora.aGrep.FileSelectorActivity"]}, {"1e13702478feb3bb340b9c8948431ccd": ["3", "jp.sblo.pandora.aGrep.FileSelectorActivity"]}, {"1e13702478feb3bb340b9c8948431ccd": ["3", "jp.sblo.pandora.aGrep.FileSelectorActivity"]}, {"1e13702478feb3bb340b9c8948431ccd": ["3", "jp.sblo.pandora.aGrep.FileSelectorActivity"]}, {"1e13702478feb3bb340b9c8948431ccd": ["3", "jp.sblo.pandora.aGrep.FileSelectorActivity"]}, {"1e13702478feb3bb340b9c8948431ccd": ["3", "jp.sblo.pandora.aGrep.FileSelectorActivity"]}, {"1e13702478feb3bb340b9c8948431ccd": ["3", "jp.sblo.pandora.aGrep.FileSelectorActivity"]}, {"1e13702478feb3bb340b9c8948431ccd": ["3", "jp.sblo.pandora.aGrep.FileSelectorActivity"]}, {"1e13702478feb3bb340b9c8948431ccd": ["3", "jp.sblo.pandora.aGrep.FileSelectorActivity"]}, {"1e13702478feb3bb340b9c8948431ccd": ["3", "jp.sblo.pandora.aGrep.FileSelectorActivity"]}, {"1e13702478feb3bb340b9c8948431ccd": ["3", "jp.sblo.pandora.aGrep.FileSelectorActivity"]}, {"1e13702478feb3bb340b9c8948431ccd": ["3", "jp.sblo.pandora.aGrep.FileSelectorActivity"]}, {"1e13702478feb3bb340b9c8948431ccd": ["3", "jp.sblo.pandora.aGrep.FileSelectorActivity"]}, {"1e13702478feb3bb340b9c8948431ccd": ["3", "jp.sblo.pandora.aGrep.FileSelectorActivity"]}, {"1e13702478feb3bb340b9c8948431ccd": ["3", "jp.sblo.pandora.aGrep.FileSelectorActivity"]}, {"1e13702478feb3bb340b9c8948431ccd": ["3", "jp.sblo.pandora.aGrep.FileSelectorActivity"]}, {"1e13702478feb3bb340b9c8948431ccd": ["3", "jp.sblo.pandora.aGrep.FileSelectorActivity"]}, {"1e13702478feb3bb340b9c8948431ccd": ["3", "jp.sblo.pandora.aGrep.FileSelectorActivity"]}, {"1e13702478feb3bb340b9c8948431ccd": ["3", "jp.sblo.pandora.aGrep.FileSelectorActivity"]}, {"1e13702478feb3bb340b9c8948431ccd": ["3", "jp.sblo.pandora.aGrep.FileSelectorActivity"]}, {"1e13702478feb3bb340b9c8948431ccd": ["3", "jp.sblo.pandora.aGrep.FileSelectorActivity"]}, {"1e13702478feb3bb340b9c8948431ccd": ["3", "jp.sblo.pandora.aGrep.FileSelectorActivity"]}, {"1e13702478feb3bb340b9c8948431ccd": ["3", "jp.sblo.pandora.aGrep.FileSelectorActivity"]}, {"1e13702478feb3bb340b9c8948431ccd": ["3", "jp.sblo.pandora.aGrep.FileSelectorActivity"]}, {"1e13702478feb3bb340b9c8948431ccd": ["3", "jp.sblo.pandora.aGrep.FileSelectorActivity"]}, {"1e13702478feb3bb340b9c8948431ccd": ["3", "jp.sblo.pandora.aGrep.FileSelectorActivity"]}, {"1e13702478feb3bb340b9c8948431ccd": ["3", "jp.sblo.pandora.aGrep.FileSelectorActivity"]}, {"1e13702478feb3bb340b9c8948431ccd": ["3", "jp.sblo.pandora.aGrep.FileSelectorActivity"]}, {"9a0754a070a504cf914eaae834f91c68": ["2", "jp.sblo.pandora.aGrep.Settings"]}, {"9a0754a070a504cf914eaae834f91c68": ["2", "jp.sblo.pandora.aGrep.Settings"]}, {"9a0754a070a504cf914eaae834f91c68": ["2", "jp.sblo.pandora.aGrep.Settings"]}, {"9a0754a070a504cf914eaae834f91c68": ["2", "jp.sblo.pandora.aGrep.Settings"]}, {"9a0754a070a504cf914eaae834f91c68": ["2", "jp.sblo.pandora.aGrep.Settings"]}, {"9a0754a070a504cf914eaae834f91c68": ["2", "jp.sblo.pandora.aGrep.Settings"]}, {"9a0754a070a504cf914eaae834f91c68": ["2", "jp.sblo.pandora.aGrep.Settings"]}, {"1e13702478feb3bb340b9c8948431ccd": ["3", "jp.sblo.pandora.aGrep.FileSelectorActivity"]}, {"247411c4410eb6d3fe7e67c3867da937": ["13", "jp.sblo.pandora.aGrep.FileSelectorActivity"]}, {"1e13702478feb3bb340b9c8948431ccd": ["3", "jp.sblo.pandora.aGrep.FileSelectorActivity"]}, {"247411c4410eb6d3fe7e67c3867da937": ["13", "jp.sblo.pandora.aGrep.FileSelectorActivity"]}, {"3bab101ef69d2dced37cd0de89cab9d2": ["14", "jp.sblo.pandora.aGrep.FileSelectorActivity"]}, {"25fa28b68581b0f4ce666238a2b6a66d": ["15", "jp.sblo.pandora.aGrep.FileSelectorActivity"]}, {"3bab101ef69d2dced37cd0de89cab9d2": ["14", "jp.sblo.pandora.aGrep.FileSelectorActivity"]}, {"247411c4410eb6d3fe7e67c3867da937": ["13", "jp.sblo.pandora.aGrep.FileSelectorActivity"]}, {"b734fe295b7ea32773b1b7c3fc3f0aff": ["4", "jp.sblo.pandora.aGrep.FileSelectorActivity"]}, {"247411c4410eb6d3fe7e67c3867da937": ["13", "jp.sblo.pandora.aGrep.FileSelectorActivity"]}, {"3bab101ef69d2dced37cd0de89cab9d2": ["14", "jp.sblo.pandora.aGrep.FileSelectorActivity"]}, {"247411c4410eb6d3fe7e67c3867da937": ["13", "jp.sblo.pandora.aGrep.FileSelectorActivity"]}, {"b734fe295b7ea32773b1b7c3fc3f0aff": ["4", "jp.sblo.pandora.aGrep.FileSelectorActivity"]}, {"247411c4410eb6d3fe7e67c3867da937": ["13", "jp.sblo.pandora.aGrep.FileSelectorActivity"]}, {"b734fe295b7ea32773b1b7c3fc3f0aff": ["4", "jp.sblo.pandora.aGrep.FileSelectorActivity"]}, {"247411c4410eb6d3fe7e67c3867da937": ["13", "jp.sblo.pandora.aGrep.FileSelectorActivity"]}, {"3bab101ef69d2dced37cd0de89cab9d2": ["14", "jp.sblo.pandora.aGrep.FileSelectorActivity"]}, {"25fa28b68581b0f4ce666238a2b6a66d": ["15", "jp.sblo.pandora.aGrep.FileSelectorActivity"]}, {"b734fe295b7ea32773b1b7c3fc3f0aff": ["4", "jp.sblo.pandora.aGrep.FileSelectorActivity"]}, {"25fa28b68581b0f4ce666238a2b6a66d": ["15", "jp.sblo.pandora.aGrep.FileSelectorActivity"]}, {"3bab101ef69d2dced37cd0de89cab9d2": ["14", "jp.sblo.pandora.aGrep.FileSelectorActivity"]}, {"25fa28b68581b0f4ce666238a2b6a66d": ["15", "jp.sblo.pandora.aGrep.FileSelectorActivity"]}, {"3bab101ef69d2dced37cd0de89cab9d2": ["14", "jp.sblo.pandora.aGrep.FileSelectorActivity"]}, {"247411c4410eb6d3fe7e67c3867da937": ["13", "jp.sblo.pandora.aGrep.FileSelectorActivity"]}, {"3bab101ef69d2dced37cd0de89cab9d2": ["14", "jp.sblo.pandora.aGrep.FileSelectorActivity"]}, {"247411c4410eb6d3fe7e67c3867da937": ["13", "jp.sblo.pandora.aGrep.FileSelectorActivity"]}, {"3bab101ef69d2dced37cd0de89cab9d2": ["14", "jp.sblo.pandora.aGrep.FileSelectorActivity"]}, {"247411c4410eb6d3fe7e67c3867da937": ["13", "jp.sblo.pandora.aGrep.FileSelectorActivity"]}, {"1e13702478feb3bb340b9c8948431ccd": ["3", "jp.sblo.pandora.aGrep.FileSelectorActivity"]}, {"247411c4410eb6d3fe7e67c3867da937": ["13", "jp.sblo.pandora.aGrep.FileSelectorActivity"]}, {"1e13702478feb3bb340b9c8948431ccd": ["3", "jp.sblo.pandora.aGrep.FileSelectorActivity"]}, {"1e13702478feb3bb340b9c8948431ccd": ["3", "jp.sblo.pandora.aGrep.FileSelectorActivity"]}, {"1e13702478feb3bb340b9c8948431ccd": ["3", "jp.sblo.pandora.aGrep.FileSelectorActivity"]}, {"1e13702478feb3bb340b9c8948431ccd": ["3", "jp.sblo.pandora.aGrep.FileSelectorActivity"]}, {"1e13702478feb3bb340b9c8948431ccd": ["3", "jp.sblo.pandora.aGrep.FileSelectorActivity"]}, {"1e13702478feb3bb340b9c8948431ccd": ["3", "jp.sblo.pandora.aGrep.FileSelectorActivity"]}, {"1e13702478feb3bb340b9c8948431ccd": ["3", "jp.sblo.pandora.aGrep.FileSelectorActivity"]}, {"1e13702478feb3bb340b9c8948431ccd": ["3", "jp.sblo.pandora.aGrep.FileSelectorActivity"]}, {"1e13702478feb3bb340b9c8948431ccd": ["3", "jp.sblo.pandora.aGrep.FileSelectorActivity"]}, {"1e13702478feb3bb340b9c8948431ccd": ["3", "jp.sblo.pandora.aGrep.FileSelectorActivity"]}, {"1e13702478feb3bb340b9c8948431ccd": ["3", "jp.sblo.pandora.aGrep.FileSelectorActivity"]}, {"1e13702478feb3bb340b9c8948431ccd": ["3", "jp.sblo.pandora.aGrep.FileSelectorActivity"]}, {"1e13702478feb3bb340b9c8948431ccd": ["3", "jp.sblo.pandora.aGrep.FileSelectorActivity"]}, {"1e13702478feb3bb340b9c8948431ccd": ["3", "jp.sblo.pandora.aGrep.FileSelectorActivity"]}, {"1e13702478feb3bb340b9c8948431ccd": ["3", "jp.sblo.pandora.aGrep.FileSelectorActivity"]}, {"1e13702478feb3bb340b9c8948431ccd": ["3", "jp.sblo.pandora.aGrep.FileSelectorActivity"]}, {"9a0754a070a504cf914eaae834f91c68": ["2", "jp.sblo.pandora.aGrep.Settings"]}, {"9a0754a070a504cf914eaae834f91c68": ["2", "jp.sblo.pandora.aGrep.Settings"]}, {"9a0754a070a504cf914eaae834f91c68": ["2", "jp.sblo.pandora.aGrep.Settings"]}, {"9a0754a070a504cf914eaae834f91c68": ["2", "jp.sblo.pandora.aGrep.Settings"]}, {"9a0754a070a504cf914eaae834f91c68": ["2", "jp.sblo.pandora.aGrep.Settings"]}, {"1e13702478feb3bb340b9c8948431ccd": ["3", "jp.sblo.pandora.aGrep.FileSelectorActivity"]}, {"247411c4410eb6d3fe7e67c3867da937": ["13", "jp.sblo.pandora.aGrep.FileSelectorActivity"]}, {"1e13702478feb3bb340b9c8948431ccd": ["3", "jp.sblo.pandora.aGrep.FileSelectorActivity"]}, {"1e13702478feb3bb340b9c8948431ccd": ["3", "jp.sblo.pandora.aGrep.FileSelectorActivity"]}, {"4627266349a4864df019d2f0db98940a": ["11", "jp.sblo.pandora.aGrep.FileSelectorActivity"]}, {"4627266349a4864df019d2f0db98940a": ["11", "jp.sblo.pandora.aGrep.FileSelectorActivity"]}, {"4627266349a4864df019d2f0db98940a": ["11", "jp.sblo.pandora.aGrep.FileSelectorActivity"]}, {"4627266349a4864df019d2f0db98940a": ["11", "jp.sblo.pandora.aGrep.FileSelectorActivity"]}, {"4627266349a4864df019d2f0db98940a": ["11", "jp.sblo.pandora.aGrep.FileSelectorActivity"]}, {"1e13702478feb3bb340b9c8948431ccd": ["3", "jp.sblo.pandora.aGrep.FileSelectorActivity"]}, {"1e13702478feb3bb340b9c8948431ccd": ["3", "jp.sblo.pandora.aGrep.FileSelectorActivity"]}, {"1e13702478feb3bb340b9c8948431ccd": ["3", "jp.sblo.pandora.aGrep.FileSelectorActivity"]}, {"71f66b0ce81bccbd13c7ad8f9d163f75": ["17", "jp.sblo.pandora.aGrep.FileSelectorActivity"]}, {"71f66b0ce81bccbd13c7ad8f9d163f75": ["17", "jp.sblo.pandora.aGrep.FileSelectorActivity"]}, {"71f66b0ce81bccbd13c7ad8f9d163f75": ["17", "jp.sblo.pandora.aGrep.FileSelectorActivity"]}, {"71f66b0ce81bccbd13c7ad8f9d163f75": ["17", "jp.sblo.pandora.aGrep.FileSelectorActivity"]}, {"1e13702478feb3bb340b9c8948431ccd": ["3", "jp.sblo.pandora.aGrep.FileSelectorActivity"]}, {"1e13702478feb3bb340b9c8948431ccd": ["3", "jp.sblo.pandora.aGrep.FileSelectorActivity"]}, {"1e13702478feb3bb340b9c8948431ccd": ["3", "jp.sblo.pandora.aGrep.FileSelectorActivity"]}, {"1e13702478feb3bb340b9c8948431ccd": ["3", "jp.sblo.pandora.aGrep.FileSelectorActivity"]}, {"1e13702478feb3bb340b9c8948431ccd": ["3", "jp.sblo.pandora.aGrep.FileSelectorActivity"]}, {"1e13702478feb3bb340b9c8948431ccd": ["3", "jp.sblo.pandora.aGrep.FileSelectorActivity"]}, {"1e13702478feb3bb340b9c8948431ccd": ["3", "jp.sblo.pandora.aGrep.FileSelectorActivity"]}, {"1e13702478feb3bb340b9c8948431ccd": ["3", "jp.sblo.pandora.aGrep.FileSelectorActivity"]}, {"1e13702478feb3bb340b9c8948431ccd": ["3", "jp.sblo.pandora.aGrep.FileSelectorActivity"]}, {"1e13702478feb3bb340b9c8948431ccd": ["3", "jp.sblo.pandora.aGrep.FileSelectorActivity"]}, {"1e13702478feb3bb340b9c8948431ccd": ["3", "jp.sblo.pandora.aGrep.FileSelectorActivity"]}, {"1e13702478feb3bb340b9c8948431ccd": ["3", "jp.sblo.pandora.aGrep.FileSelectorActivity"]}, {"1e13702478feb3bb340b9c8948431ccd": ["3", "jp.sblo.pandora.aGrep.FileSelectorActivity"]}, {"1e13702478feb3bb340b9c8948431ccd": ["3", "jp.sblo.pandora.aGrep.FileSelectorActivity"]}, {"1e13702478feb3bb340b9c8948431ccd": ["3", "jp.sblo.pandora.aGrep.FileSelectorActivity"]}, {"1e13702478feb3bb340b9c8948431ccd": ["3", "jp.sblo.pandora.aGrep.FileSelectorActivity"]}, {"1e13702478feb3bb340b9c8948431ccd": ["3", "jp.sblo.pandora.aGrep.FileSelectorActivity"]}, {"1e13702478feb3bb340b9c8948431ccd": ["3", "jp.sblo.pandora.aGrep.FileSelectorActivity"]}, {"1e13702478feb3bb340b9c8948431ccd": ["3", "jp.sblo.pandora.aGrep.FileSelectorActivity"]}, {"1e13702478feb3bb340b9c8948431ccd": ["3", "jp.sblo.pandora.aGrep.FileSelectorActivity"]}, {"1e13702478feb3bb340b9c8948431ccd": ["3", "jp.sblo.pandora.aGrep.FileSelectorActivity"]}, {"1e13702478feb3bb340b9c8948431ccd": ["3", "jp.sblo.pandora.aGrep.FileSelectorActivity"]}, {"1e13702478feb3bb340b9c8948431ccd": ["3", "jp.sblo.pandora.aGrep.FileSelectorActivity"]}, {"1e13702478feb3bb340b9c8948431ccd": ["3", "jp.sblo.pandora.aGrep.FileSelectorActivity"]}, {"1e13702478feb3bb340b9c8948431ccd": ["3", "jp.sblo.pandora.aGrep.FileSelectorActivity"]}, {"1e13702478feb3bb340b9c8948431ccd": ["3", "jp.sblo.pandora.aGrep.FileSelectorActivity"]}, {"1e13702478feb3bb340b9c8948431ccd": ["3", "jp.sblo.pandora.aGrep.FileSelectorActivity"]}, {"1e13702478feb3bb340b9c8948431ccd": ["3", "jp.sblo.pandora.aGrep.FileSelectorActivity"]}, {"1e13702478feb3bb340b9c8948431ccd": ["3", "jp.sblo.pandora.aGrep.FileSelectorActivity"]}, {"1e13702478feb3bb340b9c8948431ccd": ["3", "jp.sblo.pandora.aGrep.FileSelectorActivity"]}, {"1e13702478feb3bb340b9c8948431ccd": ["3", "jp.sblo.pandora.aGrep.FileSelectorActivity"]}, {"9a0754a070a504cf914eaae834f91c68": ["2", "jp.sblo.pandora.aGrep.Settings"]}, {"9a0754a070a504cf914eaae834f91c68": ["2", "jp.sblo.pandora.aGrep.Settings"]}, {"9a0754a070a504cf914eaae834f91c68": ["2", "jp.sblo.pandora.aGrep.Settings"]}, {"9a0754a070a504cf914eaae834f91c68": ["2", "jp.sblo.pandora.aGrep.Settings"]}, {"9a0754a070a504cf914eaae834f91c68": ["2", "jp.sblo.pandora.aGrep.Settings"]}]