[{"62930aed9decf72ae20da72ec96e2d15": ["0", "com.android.lolcat.LolcatActivity"]}, {"62930aed9decf72ae20da72ec96e2d15": ["0", "com.android.lolcat.LolcatActivity"]}, {"62930aed9decf72ae20da72ec96e2d15": ["0", "com.android.lolcat.LolcatActivity"]}, {"62930aed9decf72ae20da72ec96e2d15": ["0", "com.android.lolcat.LolcatActivity"]}, {"62930aed9decf72ae20da72ec96e2d15": ["0", "com.android.lolcat.LolcatActivity"]}, {"62930aed9decf72ae20da72ec96e2d15": ["0", "com.android.lolcat.LolcatActivity"]}, {"62930aed9decf72ae20da72ec96e2d15": ["0", "com.android.lolcat.LolcatActivity"]}, {"9792f134c2a429f4779e57d4eb36705d": ["2", "com.android.lolcat.LolcatActivity"]}, {"62930aed9decf72ae20da72ec96e2d15": ["0", "com.android.lolcat.LolcatActivity"]}, {"62930aed9decf72ae20da72ec96e2d15": ["0", "com.android.lolcat.LolcatActivity"]}, {"62930aed9decf72ae20da72ec96e2d15": ["0", "com.android.lolcat.LolcatActivity"]}, {"9792f134c2a429f4779e57d4eb36705d": ["2", "com.android.lolcat.LolcatActivity"]}, {"62930aed9decf72ae20da72ec96e2d15": ["0", "com.android.lolcat.LolcatActivity"]}, {"9792f134c2a429f4779e57d4eb36705d": ["2", "com.android.lolcat.LolcatActivity"]}, {"62930aed9decf72ae20da72ec96e2d15": ["0", "com.android.lolcat.LolcatActivity"]}, {"62930aed9decf72ae20da72ec96e2d15": ["0", "com.android.lolcat.LolcatActivity"]}, {"62930aed9decf72ae20da72ec96e2d15": ["0", "com.android.lolcat.LolcatActivity"]}, {"9792f134c2a429f4779e57d4eb36705d": ["2", "com.android.lolcat.LolcatActivity"]}, {"62930aed9decf72ae20da72ec96e2d15": ["0", "com.android.lolcat.LolcatActivity"]}, {"62930aed9decf72ae20da72ec96e2d15": ["0", "com.android.lolcat.LolcatActivity"]}, {"62930aed9decf72ae20da72ec96e2d15": ["0", "com.android.lolcat.LolcatActivity"]}, {"62930aed9decf72ae20da72ec96e2d15": ["0", "com.android.lolcat.LolcatActivity"]}, {"62930aed9decf72ae20da72ec96e2d15": ["0", "com.android.lolcat.LolcatActivity"]}, {"62930aed9decf72ae20da72ec96e2d15": ["0", "com.android.lolcat.LolcatActivity"]}, {"62930aed9decf72ae20da72ec96e2d15": ["0", "com.android.lolcat.LolcatActivity"]}, {"9792f134c2a429f4779e57d4eb36705d": ["2", "com.android.lolcat.LolcatActivity"]}, {"62930aed9decf72ae20da72ec96e2d15": ["0", "com.android.lolcat.LolcatActivity"]}, {"62930aed9decf72ae20da72ec96e2d15": ["0", "com.android.lolcat.LolcatActivity"]}, {"9792f134c2a429f4779e57d4eb36705d": ["2", "com.android.lolcat.LolcatActivity"]}, {"62930aed9decf72ae20da72ec96e2d15": ["0", "com.android.lolcat.LolcatActivity"]}, {"62930aed9decf72ae20da72ec96e2d15": ["0", "com.android.lolcat.LolcatActivity"]}, {"62930aed9decf72ae20da72ec96e2d15": ["0", "com.android.lolcat.LolcatActivity"]}, {"9792f134c2a429f4779e57d4eb36705d": ["2", "com.android.lolcat.LolcatActivity"]}, {"62930aed9decf72ae20da72ec96e2d15": ["0", "com.android.lolcat.LolcatActivity"]}, {"62930aed9decf72ae20da72ec96e2d15": ["0", "com.android.lolcat.LolcatActivity"]}, {"62930aed9decf72ae20da72ec96e2d15": ["0", "com.android.lolcat.LolcatActivity"]}, {"62930aed9decf72ae20da72ec96e2d15": ["0", "com.android.lolcat.LolcatActivity"]}, {"62930aed9decf72ae20da72ec96e2d15": ["0", "com.android.lolcat.LolcatActivity"]}, {"62930aed9decf72ae20da72ec96e2d15": ["0", "com.android.lolcat.LolcatActivity"]}, {"62930aed9decf72ae20da72ec96e2d15": ["0", "com.android.lolcat.LolcatActivity"]}, {"62930aed9decf72ae20da72ec96e2d15": ["0", "com.android.lolcat.LolcatActivity"]}, {"62930aed9decf72ae20da72ec96e2d15": ["0", "com.android.lolcat.LolcatActivity"]}, {"62930aed9decf72ae20da72ec96e2d15": ["0", "com.android.lolcat.LolcatActivity"]}, {"62930aed9decf72ae20da72ec96e2d15": ["0", "com.android.lolcat.LolcatActivity"]}, {"62930aed9decf72ae20da72ec96e2d15": ["0", "com.android.lolcat.LolcatActivity"]}, {"62930aed9decf72ae20da72ec96e2d15": ["0", "com.android.lolcat.LolcatActivity"]}, {"62930aed9decf72ae20da72ec96e2d15": ["0", "com.android.lolcat.LolcatActivity"]}, {"9792f134c2a429f4779e57d4eb36705d": ["2", "com.android.lolcat.LolcatActivity"]}, {"62930aed9decf72ae20da72ec96e2d15": ["0", "com.android.lolcat.LolcatActivity"]}, {"62930aed9decf72ae20da72ec96e2d15": ["0", "com.android.lolcat.LolcatActivity"]}, {"62930aed9decf72ae20da72ec96e2d15": ["0", "com.android.lolcat.LolcatActivity"]}, {"62930aed9decf72ae20da72ec96e2d15": ["0", "com.android.lolcat.LolcatActivity"]}, {"62930aed9decf72ae20da72ec96e2d15": ["0", "com.android.lolcat.LolcatActivity"]}, {"62930aed9decf72ae20da72ec96e2d15": ["0", "com.android.lolcat.LolcatActivity"]}, {"62930aed9decf72ae20da72ec96e2d15": ["0", "com.android.lolcat.LolcatActivity"]}, {"62930aed9decf72ae20da72ec96e2d15": ["0", "com.android.lolcat.LolcatActivity"]}, {"62930aed9decf72ae20da72ec96e2d15": ["0", "com.android.lolcat.LolcatActivity"]}, {"62930aed9decf72ae20da72ec96e2d15": ["0", "com.android.lolcat.LolcatActivity"]}, {"62930aed9decf72ae20da72ec96e2d15": ["0", "com.android.lolcat.LolcatActivity"]}, {"62930aed9decf72ae20da72ec96e2d15": ["0", "com.android.lolcat.LolcatActivity"]}, {"62930aed9decf72ae20da72ec96e2d15": ["0", "com.android.lolcat.LolcatActivity"]}, {"62930aed9decf72ae20da72ec96e2d15": ["0", "com.android.lolcat.LolcatActivity"]}, {"62930aed9decf72ae20da72ec96e2d15": ["0", "com.android.lolcat.LolcatActivity"]}, {"9792f134c2a429f4779e57d4eb36705d": ["2", "com.android.lolcat.LolcatActivity"]}, {"62930aed9decf72ae20da72ec96e2d15": ["0", "com.android.lolcat.LolcatActivity"]}, {"9792f134c2a429f4779e57d4eb36705d": ["2", "com.android.lolcat.LolcatActivity"]}, {"62930aed9decf72ae20da72ec96e2d15": ["0", "com.android.lolcat.LolcatActivity"]}, {"62930aed9decf72ae20da72ec96e2d15": ["0", "com.android.lolcat.LolcatActivity"]}, {"62930aed9decf72ae20da72ec96e2d15": ["0", "com.android.lolcat.LolcatActivity"]}, {"62930aed9decf72ae20da72ec96e2d15": ["0", "com.android.lolcat.LolcatActivity"]}, {"9792f134c2a429f4779e57d4eb36705d": ["2", "com.android.lolcat.LolcatActivity"]}, {"62930aed9decf72ae20da72ec96e2d15": ["0", "com.android.lolcat.LolcatActivity"]}, {"62930aed9decf72ae20da72ec96e2d15": ["0", "com.android.lolcat.LolcatActivity"]}, {"62930aed9decf72ae20da72ec96e2d15": ["0", "com.android.lolcat.LolcatActivity"]}, {"62930aed9decf72ae20da72ec96e2d15": ["0", "com.android.lolcat.LolcatActivity"]}, {"62930aed9decf72ae20da72ec96e2d15": ["0", "com.android.lolcat.LolcatActivity"]}, {"62930aed9decf72ae20da72ec96e2d15": ["0", "com.android.lolcat.LolcatActivity"]}, {"62930aed9decf72ae20da72ec96e2d15": ["0", "com.android.lolcat.LolcatActivity"]}, {"62930aed9decf72ae20da72ec96e2d15": ["0", "com.android.lolcat.LolcatActivity"]}, {"62930aed9decf72ae20da72ec96e2d15": ["0", "com.android.lolcat.LolcatActivity"]}, {"9792f134c2a429f4779e57d4eb36705d": ["2", "com.android.lolcat.LolcatActivity"]}, {"62930aed9decf72ae20da72ec96e2d15": ["0", "com.android.lolcat.LolcatActivity"]}, {"62930aed9decf72ae20da72ec96e2d15": ["0", "com.android.lolcat.LolcatActivity"]}, {"62930aed9decf72ae20da72ec96e2d15": ["0", "com.android.lolcat.LolcatActivity"]}, {"62930aed9decf72ae20da72ec96e2d15": ["0", "com.android.lolcat.LolcatActivity"]}, {"62930aed9decf72ae20da72ec96e2d15": ["0", "com.android.lolcat.LolcatActivity"]}, {"62930aed9decf72ae20da72ec96e2d15": ["0", "com.android.lolcat.LolcatActivity"]}, {"62930aed9decf72ae20da72ec96e2d15": ["0", "com.android.lolcat.LolcatActivity"]}, {"62930aed9decf72ae20da72ec96e2d15": ["0", "com.android.lolcat.LolcatActivity"]}, {"62930aed9decf72ae20da72ec96e2d15": ["0", "com.android.lolcat.LolcatActivity"]}, {"62930aed9decf72ae20da72ec96e2d15": ["0", "com.android.lolcat.LolcatActivity"]}, {"62930aed9decf72ae20da72ec96e2d15": ["0", "com.android.lolcat.LolcatActivity"]}, {"62930aed9decf72ae20da72ec96e2d15": ["0", "com.android.lolcat.LolcatActivity"]}, {"62930aed9decf72ae20da72ec96e2d15": ["0", "com.android.lolcat.LolcatActivity"]}, {"9792f134c2a429f4779e57d4eb36705d": ["2", "com.android.lolcat.LolcatActivity"]}, {"62930aed9decf72ae20da72ec96e2d15": ["0", "com.android.lolcat.LolcatActivity"]}, {"62930aed9decf72ae20da72ec96e2d15": ["0", "com.android.lolcat.LolcatActivity"]}, {"62930aed9decf72ae20da72ec96e2d15": ["0", "com.android.lolcat.LolcatActivity"]}, {"62930aed9decf72ae20da72ec96e2d15": ["0", "com.android.lolcat.LolcatActivity"]}, {"62930aed9decf72ae20da72ec96e2d15": ["0", "com.android.lolcat.LolcatActivity"]}, {"9792f134c2a429f4779e57d4eb36705d": ["2", "com.android.lolcat.LolcatActivity"]}, {"62930aed9decf72ae20da72ec96e2d15": ["0", "com.android.lolcat.LolcatActivity"]}, {"62930aed9decf72ae20da72ec96e2d15": ["0", "com.android.lolcat.LolcatActivity"]}, {"62930aed9decf72ae20da72ec96e2d15": ["0", "com.android.lolcat.LolcatActivity"]}, {"62930aed9decf72ae20da72ec96e2d15": ["0", "com.android.lolcat.LolcatActivity"]}, {"62930aed9decf72ae20da72ec96e2d15": ["0", "com.android.lolcat.LolcatActivity"]}, {"62930aed9decf72ae20da72ec96e2d15": ["0", "com.android.lolcat.LolcatActivity"]}, {"62930aed9decf72ae20da72ec96e2d15": ["0", "com.android.lolcat.LolcatActivity"]}, {"9792f134c2a429f4779e57d4eb36705d": ["2", "com.android.lolcat.LolcatActivity"]}, {"62930aed9decf72ae20da72ec96e2d15": ["0", "com.android.lolcat.LolcatActivity"]}, {"62930aed9decf72ae20da72ec96e2d15": ["0", "com.android.lolcat.LolcatActivity"]}, {"9792f134c2a429f4779e57d4eb36705d": ["2", "com.android.lolcat.LolcatActivity"]}, {"62930aed9decf72ae20da72ec96e2d15": ["0", "com.android.lolcat.LolcatActivity"]}, {"62930aed9decf72ae20da72ec96e2d15": ["0", "com.android.lolcat.LolcatActivity"]}, {"62930aed9decf72ae20da72ec96e2d15": ["0", "com.android.lolcat.LolcatActivity"]}, {"62930aed9decf72ae20da72ec96e2d15": ["0", "com.android.lolcat.LolcatActivity"]}, {"62930aed9decf72ae20da72ec96e2d15": ["0", "com.android.lolcat.LolcatActivity"]}, {"62930aed9decf72ae20da72ec96e2d15": ["0", "com.android.lolcat.LolcatActivity"]}, {"9792f134c2a429f4779e57d4eb36705d": ["2", "com.android.lolcat.LolcatActivity"]}, {"62930aed9decf72ae20da72ec96e2d15": ["0", "com.android.lolcat.LolcatActivity"]}, {"62930aed9decf72ae20da72ec96e2d15": ["0", "com.android.lolcat.LolcatActivity"]}, {"62930aed9decf72ae20da72ec96e2d15": ["0", "com.android.lolcat.LolcatActivity"]}, {"62930aed9decf72ae20da72ec96e2d15": ["0", "com.android.lolcat.LolcatActivity"]}, {"62930aed9decf72ae20da72ec96e2d15": ["0", "com.android.lolcat.LolcatActivity"]}, {"62930aed9decf72ae20da72ec96e2d15": ["0", "com.android.lolcat.LolcatActivity"]}, {"62930aed9decf72ae20da72ec96e2d15": ["0", "com.android.lolcat.LolcatActivity"]}, {"62930aed9decf72ae20da72ec96e2d15": ["0", "com.android.lolcat.LolcatActivity"]}, {"62930aed9decf72ae20da72ec96e2d15": ["0", "com.android.lolcat.LolcatActivity"]}, {"62930aed9decf72ae20da72ec96e2d15": ["0", "com.android.lolcat.LolcatActivity"]}, {"62930aed9decf72ae20da72ec96e2d15": ["0", "com.android.lolcat.LolcatActivity"]}, {"62930aed9decf72ae20da72ec96e2d15": ["0", "com.android.lolcat.LolcatActivity"]}, {"62930aed9decf72ae20da72ec96e2d15": ["0", "com.android.lolcat.LolcatActivity"]}, {"62930aed9decf72ae20da72ec96e2d15": ["0", "com.android.lolcat.LolcatActivity"]}, {"62930aed9decf72ae20da72ec96e2d15": ["0", "com.android.lolcat.LolcatActivity"]}, {"9792f134c2a429f4779e57d4eb36705d": ["2", "com.android.lolcat.LolcatActivity"]}, {"62930aed9decf72ae20da72ec96e2d15": ["0", "com.android.lolcat.LolcatActivity"]}, {"62930aed9decf72ae20da72ec96e2d15": ["0", "com.android.lolcat.LolcatActivity"]}, {"62930aed9decf72ae20da72ec96e2d15": ["0", "com.android.lolcat.LolcatActivity"]}, {"62930aed9decf72ae20da72ec96e2d15": ["0", "com.android.lolcat.LolcatActivity"]}, {"9792f134c2a429f4779e57d4eb36705d": ["2", "com.android.lolcat.LolcatActivity"]}, {"62930aed9decf72ae20da72ec96e2d15": ["0", "com.android.lolcat.LolcatActivity"]}, {"62930aed9decf72ae20da72ec96e2d15": ["0", "com.android.lolcat.LolcatActivity"]}, {"62930aed9decf72ae20da72ec96e2d15": ["0", "com.android.lolcat.LolcatActivity"]}, {"62930aed9decf72ae20da72ec96e2d15": ["0", "com.android.lolcat.LolcatActivity"]}, {"62930aed9decf72ae20da72ec96e2d15": ["0", "com.android.lolcat.LolcatActivity"]}, {"62930aed9decf72ae20da72ec96e2d15": ["0", "com.android.lolcat.LolcatActivity"]}, {"62930aed9decf72ae20da72ec96e2d15": ["0", "com.android.lolcat.LolcatActivity"]}, {"62930aed9decf72ae20da72ec96e2d15": ["0", "com.android.lolcat.LolcatActivity"]}, {"62930aed9decf72ae20da72ec96e2d15": ["0", "com.android.lolcat.LolcatActivity"]}, {"62930aed9decf72ae20da72ec96e2d15": ["0", "com.android.lolcat.LolcatActivity"]}, {"62930aed9decf72ae20da72ec96e2d15": ["0", "com.android.lolcat.LolcatActivity"]}, {"9792f134c2a429f4779e57d4eb36705d": ["2", "com.android.lolcat.LolcatActivity"]}, {"62930aed9decf72ae20da72ec96e2d15": ["0", "com.android.lolcat.LolcatActivity"]}, {"62930aed9decf72ae20da72ec96e2d15": ["0", "com.android.lolcat.LolcatActivity"]}, {"62930aed9decf72ae20da72ec96e2d15": ["0", "com.android.lolcat.LolcatActivity"]}, {"62930aed9decf72ae20da72ec96e2d15": ["0", "com.android.lolcat.LolcatActivity"]}, {"62930aed9decf72ae20da72ec96e2d15": ["0", "com.android.lolcat.LolcatActivity"]}, {"62930aed9decf72ae20da72ec96e2d15": ["0", "com.android.lolcat.LolcatActivity"]}, {"62930aed9decf72ae20da72ec96e2d15": ["0", "com.android.lolcat.LolcatActivity"]}, {"62930aed9decf72ae20da72ec96e2d15": ["0", "com.android.lolcat.LolcatActivity"]}, {"62930aed9decf72ae20da72ec96e2d15": ["0", "com.android.lolcat.LolcatActivity"]}, {"9792f134c2a429f4779e57d4eb36705d": ["2", "com.android.lolcat.LolcatActivity"]}, {"62930aed9decf72ae20da72ec96e2d15": ["0", "com.android.lolcat.LolcatActivity"]}, {"62930aed9decf72ae20da72ec96e2d15": ["0", "com.android.lolcat.LolcatActivity"]}, {"62930aed9decf72ae20da72ec96e2d15": ["0", "com.android.lolcat.LolcatActivity"]}, {"62930aed9decf72ae20da72ec96e2d15": ["0", "com.android.lolcat.LolcatActivity"]}, {"62930aed9decf72ae20da72ec96e2d15": ["0", "com.android.lolcat.LolcatActivity"]}, {"62930aed9decf72ae20da72ec96e2d15": ["0", "com.android.lolcat.LolcatActivity"]}, {"62930aed9decf72ae20da72ec96e2d15": ["0", "com.android.lolcat.LolcatActivity"]}, {"62930aed9decf72ae20da72ec96e2d15": ["0", "com.android.lolcat.LolcatActivity"]}, {"62930aed9decf72ae20da72ec96e2d15": ["0", "com.android.lolcat.LolcatActivity"]}, {"62930aed9decf72ae20da72ec96e2d15": ["0", "com.android.lolcat.LolcatActivity"]}, {"9792f134c2a429f4779e57d4eb36705d": ["2", "com.android.lolcat.LolcatActivity"]}, {"62930aed9decf72ae20da72ec96e2d15": ["0", "com.android.lolcat.LolcatActivity"]}, {"62930aed9decf72ae20da72ec96e2d15": ["0", "com.android.lolcat.LolcatActivity"]}, {"62930aed9decf72ae20da72ec96e2d15": ["0", "com.android.lolcat.LolcatActivity"]}, {"9792f134c2a429f4779e57d4eb36705d": ["2", "com.android.lolcat.LolcatActivity"]}, {"62930aed9decf72ae20da72ec96e2d15": ["0", "com.android.lolcat.LolcatActivity"]}, {"62930aed9decf72ae20da72ec96e2d15": ["0", "com.android.lolcat.LolcatActivity"]}, {"9792f134c2a429f4779e57d4eb36705d": ["2", "com.android.lolcat.LolcatActivity"]}, {"62930aed9decf72ae20da72ec96e2d15": ["0", "com.android.lolcat.LolcatActivity"]}, {"62930aed9decf72ae20da72ec96e2d15": ["0", "com.android.lolcat.LolcatActivity"]}, {"9792f134c2a429f4779e57d4eb36705d": ["2", "com.android.lolcat.LolcatActivity"]}, {"62930aed9decf72ae20da72ec96e2d15": ["0", "com.android.lolcat.LolcatActivity"]}, {"62930aed9decf72ae20da72ec96e2d15": ["0", "com.android.lolcat.LolcatActivity"]}, {"62930aed9decf72ae20da72ec96e2d15": ["0", "com.android.lolcat.LolcatActivity"]}, {"62930aed9decf72ae20da72ec96e2d15": ["0", "com.android.lolcat.LolcatActivity"]}, {"62930aed9decf72ae20da72ec96e2d15": ["0", "com.android.lolcat.LolcatActivity"]}, {"62930aed9decf72ae20da72ec96e2d15": ["0", "com.android.lolcat.LolcatActivity"]}, {"62930aed9decf72ae20da72ec96e2d15": ["0", "com.android.lolcat.LolcatActivity"]}, {"9792f134c2a429f4779e57d4eb36705d": ["2", "com.android.lolcat.LolcatActivity"]}, {"62930aed9decf72ae20da72ec96e2d15": ["0", "com.android.lolcat.LolcatActivity"]}, {"9792f134c2a429f4779e57d4eb36705d": ["2", "com.android.lolcat.LolcatActivity"]}, {"62930aed9decf72ae20da72ec96e2d15": ["0", "com.android.lolcat.LolcatActivity"]}, {"62930aed9decf72ae20da72ec96e2d15": ["0", "com.android.lolcat.LolcatActivity"]}, {"62930aed9decf72ae20da72ec96e2d15": ["0", "com.android.lolcat.LolcatActivity"]}, {"62930aed9decf72ae20da72ec96e2d15": ["0", "com.android.lolcat.LolcatActivity"]}, {"9792f134c2a429f4779e57d4eb36705d": ["2", "com.android.lolcat.LolcatActivity"]}, {"62930aed9decf72ae20da72ec96e2d15": ["0", "com.android.lolcat.LolcatActivity"]}, {"62930aed9decf72ae20da72ec96e2d15": ["0", "com.android.lolcat.LolcatActivity"]}, {"62930aed9decf72ae20da72ec96e2d15": ["0", "com.android.lolcat.LolcatActivity"]}, {"62930aed9decf72ae20da72ec96e2d15": ["0", "com.android.lolcat.LolcatActivity"]}, {"62930aed9decf72ae20da72ec96e2d15": ["0", "com.android.lolcat.LolcatActivity"]}, {"62930aed9decf72ae20da72ec96e2d15": ["0", "com.android.lolcat.LolcatActivity"]}, {"62930aed9decf72ae20da72ec96e2d15": ["0", "com.android.lolcat.LolcatActivity"]}, {"62930aed9decf72ae20da72ec96e2d15": ["0", "com.android.lolcat.LolcatActivity"]}, {"62930aed9decf72ae20da72ec96e2d15": ["0", "com.android.lolcat.LolcatActivity"]}, {"62930aed9decf72ae20da72ec96e2d15": ["0", "com.android.lolcat.LolcatActivity"]}, {"62930aed9decf72ae20da72ec96e2d15": ["0", "com.android.lolcat.LolcatActivity"]}, {"9792f134c2a429f4779e57d4eb36705d": ["2", "com.android.lolcat.LolcatActivity"]}, {"62930aed9decf72ae20da72ec96e2d15": ["0", "com.android.lolcat.LolcatActivity"]}, {"9792f134c2a429f4779e57d4eb36705d": ["2", "com.android.lolcat.LolcatActivity"]}, {"62930aed9decf72ae20da72ec96e2d15": ["0", "com.android.lolcat.LolcatActivity"]}, {"62930aed9decf72ae20da72ec96e2d15": ["0", "com.android.lolcat.LolcatActivity"]}, {"62930aed9decf72ae20da72ec96e2d15": ["0", "com.android.lolcat.LolcatActivity"]}, {"9792f134c2a429f4779e57d4eb36705d": ["2", "com.android.lolcat.LolcatActivity"]}, {"62930aed9decf72ae20da72ec96e2d15": ["0", "com.android.lolcat.LolcatActivity"]}, {"62930aed9decf72ae20da72ec96e2d15": ["0", "com.android.lolcat.LolcatActivity"]}, {"62930aed9decf72ae20da72ec96e2d15": ["0", "com.android.lolcat.LolcatActivity"]}, {"62930aed9decf72ae20da72ec96e2d15": ["0", "com.android.lolcat.LolcatActivity"]}, {"62930aed9decf72ae20da72ec96e2d15": ["0", "com.android.lolcat.LolcatActivity"]}, {"62930aed9decf72ae20da72ec96e2d15": ["0", "com.android.lolcat.LolcatActivity"]}, {"62930aed9decf72ae20da72ec96e2d15": ["0", "com.android.lolcat.LolcatActivity"]}, {"62930aed9decf72ae20da72ec96e2d15": ["0", "com.android.lolcat.LolcatActivity"]}, {"62930aed9decf72ae20da72ec96e2d15": ["0", "com.android.lolcat.LolcatActivity"]}, {"62930aed9decf72ae20da72ec96e2d15": ["0", "com.android.lolcat.LolcatActivity"]}, {"62930aed9decf72ae20da72ec96e2d15": ["0", "com.android.lolcat.LolcatActivity"]}, {"62930aed9decf72ae20da72ec96e2d15": ["0", "com.android.lolcat.LolcatActivity"]}, {"62930aed9decf72ae20da72ec96e2d15": ["0", "com.android.lolcat.LolcatActivity"]}, {"62930aed9decf72ae20da72ec96e2d15": ["0", "com.android.lolcat.LolcatActivity"]}, {"62930aed9decf72ae20da72ec96e2d15": ["0", "com.android.lolcat.LolcatActivity"]}, {"62930aed9decf72ae20da72ec96e2d15": ["0", "com.android.lolcat.LolcatActivity"]}, {"62930aed9decf72ae20da72ec96e2d15": ["0", "com.android.lolcat.LolcatActivity"]}, {"62930aed9decf72ae20da72ec96e2d15": ["0", "com.android.lolcat.LolcatActivity"]}, {"62930aed9decf72ae20da72ec96e2d15": ["0", "com.android.lolcat.LolcatActivity"]}, {"62930aed9decf72ae20da72ec96e2d15": ["0", "com.android.lolcat.LolcatActivity"]}, {"62930aed9decf72ae20da72ec96e2d15": ["0", "com.android.lolcat.LolcatActivity"]}, {"62930aed9decf72ae20da72ec96e2d15": ["0", "com.android.lolcat.LolcatActivity"]}, {"62930aed9decf72ae20da72ec96e2d15": ["0", "com.android.lolcat.LolcatActivity"]}, {"62930aed9decf72ae20da72ec96e2d15": ["0", "com.android.lolcat.LolcatActivity"]}, {"62930aed9decf72ae20da72ec96e2d15": ["0", "com.android.lolcat.LolcatActivity"]}, {"62930aed9decf72ae20da72ec96e2d15": ["0", "com.android.lolcat.LolcatActivity"]}, {"9792f134c2a429f4779e57d4eb36705d": ["2", "com.android.lolcat.LolcatActivity"]}, {"62930aed9decf72ae20da72ec96e2d15": ["0", "com.android.lolcat.LolcatActivity"]}, {"9792f134c2a429f4779e57d4eb36705d": ["2", "com.android.lolcat.LolcatActivity"]}, {"62930aed9decf72ae20da72ec96e2d15": ["0", "com.android.lolcat.LolcatActivity"]}, {"62930aed9decf72ae20da72ec96e2d15": ["0", "com.android.lolcat.LolcatActivity"]}, {"62930aed9decf72ae20da72ec96e2d15": ["0", "com.android.lolcat.LolcatActivity"]}, {"62930aed9decf72ae20da72ec96e2d15": ["0", "com.android.lolcat.LolcatActivity"]}, {"62930aed9decf72ae20da72ec96e2d15": ["0", "com.android.lolcat.LolcatActivity"]}, {"9792f134c2a429f4779e57d4eb36705d": ["2", "com.android.lolcat.LolcatActivity"]}, {"62930aed9decf72ae20da72ec96e2d15": ["0", "com.android.lolcat.LolcatActivity"]}, {"62930aed9decf72ae20da72ec96e2d15": ["0", "com.android.lolcat.LolcatActivity"]}, {"62930aed9decf72ae20da72ec96e2d15": ["0", "com.android.lolcat.LolcatActivity"]}, {"62930aed9decf72ae20da72ec96e2d15": ["0", "com.android.lolcat.LolcatActivity"]}, {"62930aed9decf72ae20da72ec96e2d15": ["0", "com.android.lolcat.LolcatActivity"]}, {"62930aed9decf72ae20da72ec96e2d15": ["0", "com.android.lolcat.LolcatActivity"]}, {"62930aed9decf72ae20da72ec96e2d15": ["0", "com.android.lolcat.LolcatActivity"]}, {"62930aed9decf72ae20da72ec96e2d15": ["0", "com.android.lolcat.LolcatActivity"]}, {"62930aed9decf72ae20da72ec96e2d15": ["0", "com.android.lolcat.LolcatActivity"]}, {"62930aed9decf72ae20da72ec96e2d15": ["0", "com.android.lolcat.LolcatActivity"]}, {"62930aed9decf72ae20da72ec96e2d15": ["0", "com.android.lolcat.LolcatActivity"]}, {"62930aed9decf72ae20da72ec96e2d15": ["0", "com.android.lolcat.LolcatActivity"]}, {"62930aed9decf72ae20da72ec96e2d15": ["0", "com.android.lolcat.LolcatActivity"]}, {"62930aed9decf72ae20da72ec96e2d15": ["0", "com.android.lolcat.LolcatActivity"]}, {"62930aed9decf72ae20da72ec96e2d15": ["0", "com.android.lolcat.LolcatActivity"]}, {"62930aed9decf72ae20da72ec96e2d15": ["0", "com.android.lolcat.LolcatActivity"]}, {"62930aed9decf72ae20da72ec96e2d15": ["0", "com.android.lolcat.LolcatActivity"]}, {"62930aed9decf72ae20da72ec96e2d15": ["0", "com.android.lolcat.LolcatActivity"]}, {"9792f134c2a429f4779e57d4eb36705d": ["2", "com.android.lolcat.LolcatActivity"]}, {"62930aed9decf72ae20da72ec96e2d15": ["0", "com.android.lolcat.LolcatActivity"]}, {"62930aed9decf72ae20da72ec96e2d15": ["0", "com.android.lolcat.LolcatActivity"]}, {"9792f134c2a429f4779e57d4eb36705d": ["2", "com.android.lolcat.LolcatActivity"]}, {"62930aed9decf72ae20da72ec96e2d15": ["0", "com.android.lolcat.LolcatActivity"]}, {"62930aed9decf72ae20da72ec96e2d15": ["0", "com.android.lolcat.LolcatActivity"]}, {"62930aed9decf72ae20da72ec96e2d15": ["0", "com.android.lolcat.LolcatActivity"]}, {"62930aed9decf72ae20da72ec96e2d15": ["0", "com.android.lolcat.LolcatActivity"]}, {"62930aed9decf72ae20da72ec96e2d15": ["0", "com.android.lolcat.LolcatActivity"]}, {"62930aed9decf72ae20da72ec96e2d15": ["0", "com.android.lolcat.LolcatActivity"]}, {"62930aed9decf72ae20da72ec96e2d15": ["0", "com.android.lolcat.LolcatActivity"]}, {"62930aed9decf72ae20da72ec96e2d15": ["0", "com.android.lolcat.LolcatActivity"]}, {"62930aed9decf72ae20da72ec96e2d15": ["0", "com.android.lolcat.LolcatActivity"]}, {"62930aed9decf72ae20da72ec96e2d15": ["0", "com.android.lolcat.LolcatActivity"]}, {"62930aed9decf72ae20da72ec96e2d15": ["0", "com.android.lolcat.LolcatActivity"]}, {"9792f134c2a429f4779e57d4eb36705d": ["2", "com.android.lolcat.LolcatActivity"]}, {"62930aed9decf72ae20da72ec96e2d15": ["0", "com.android.lolcat.LolcatActivity"]}, {"62930aed9decf72ae20da72ec96e2d15": ["0", "com.android.lolcat.LolcatActivity"]}, {"62930aed9decf72ae20da72ec96e2d15": ["0", "com.android.lolcat.LolcatActivity"]}, {"62930aed9decf72ae20da72ec96e2d15": ["0", "com.android.lolcat.LolcatActivity"]}, {"62930aed9decf72ae20da72ec96e2d15": ["0", "com.android.lolcat.LolcatActivity"]}, {"62930aed9decf72ae20da72ec96e2d15": ["0", "com.android.lolcat.LolcatActivity"]}, {"62930aed9decf72ae20da72ec96e2d15": ["0", "com.android.lolcat.LolcatActivity"]}, {"62930aed9decf72ae20da72ec96e2d15": ["0", "com.android.lolcat.LolcatActivity"]}, {"62930aed9decf72ae20da72ec96e2d15": ["0", "com.android.lolcat.LolcatActivity"]}, {"62930aed9decf72ae20da72ec96e2d15": ["0", "com.android.lolcat.LolcatActivity"]}, {"9792f134c2a429f4779e57d4eb36705d": ["2", "com.android.lolcat.LolcatActivity"]}, {"62930aed9decf72ae20da72ec96e2d15": ["0", "com.android.lolcat.LolcatActivity"]}, {"62930aed9decf72ae20da72ec96e2d15": ["0", "com.android.lolcat.LolcatActivity"]}, {"62930aed9decf72ae20da72ec96e2d15": ["0", "com.android.lolcat.LolcatActivity"]}, {"62930aed9decf72ae20da72ec96e2d15": ["0", "com.android.lolcat.LolcatActivity"]}, {"9792f134c2a429f4779e57d4eb36705d": ["2", "com.android.lolcat.LolcatActivity"]}, {"62930aed9decf72ae20da72ec96e2d15": ["0", "com.android.lolcat.LolcatActivity"]}, {"9792f134c2a429f4779e57d4eb36705d": ["2", "com.android.lolcat.LolcatActivity"]}, {"62930aed9decf72ae20da72ec96e2d15": ["0", "com.android.lolcat.LolcatActivity"]}, {"62930aed9decf72ae20da72ec96e2d15": ["0", "com.android.lolcat.LolcatActivity"]}, {"62930aed9decf72ae20da72ec96e2d15": ["0", "com.android.lolcat.LolcatActivity"]}, {"9792f134c2a429f4779e57d4eb36705d": ["2", "com.android.lolcat.LolcatActivity"]}, {"62930aed9decf72ae20da72ec96e2d15": ["0", "com.android.lolcat.LolcatActivity"]}, {"62930aed9decf72ae20da72ec96e2d15": ["0", "com.android.lolcat.LolcatActivity"]}, {"62930aed9decf72ae20da72ec96e2d15": ["0", "com.android.lolcat.LolcatActivity"]}, {"9792f134c2a429f4779e57d4eb36705d": ["2", "com.android.lolcat.LolcatActivity"]}, {"62930aed9decf72ae20da72ec96e2d15": ["0", "com.android.lolcat.LolcatActivity"]}, {"62930aed9decf72ae20da72ec96e2d15": ["0", "com.android.lolcat.LolcatActivity"]}, {"62930aed9decf72ae20da72ec96e2d15": ["0", "com.android.lolcat.LolcatActivity"]}, {"9792f134c2a429f4779e57d4eb36705d": ["2", "com.android.lolcat.LolcatActivity"]}, {"62930aed9decf72ae20da72ec96e2d15": ["0", "com.android.lolcat.LolcatActivity"]}, {"62930aed9decf72ae20da72ec96e2d15": ["0", "com.android.lolcat.LolcatActivity"]}, {"62930aed9decf72ae20da72ec96e2d15": ["0", "com.android.lolcat.LolcatActivity"]}, {"62930aed9decf72ae20da72ec96e2d15": ["0", "com.android.lolcat.LolcatActivity"]}, {"62930aed9decf72ae20da72ec96e2d15": ["0", "com.android.lolcat.LolcatActivity"]}, {"62930aed9decf72ae20da72ec96e2d15": ["0", "com.android.lolcat.LolcatActivity"]}, {"9792f134c2a429f4779e57d4eb36705d": ["2", "com.android.lolcat.LolcatActivity"]}, {"62930aed9decf72ae20da72ec96e2d15": ["0", "com.android.lolcat.LolcatActivity"]}, {"62930aed9decf72ae20da72ec96e2d15": ["0", "com.android.lolcat.LolcatActivity"]}, {"62930aed9decf72ae20da72ec96e2d15": ["0", "com.android.lolcat.LolcatActivity"]}, {"9792f134c2a429f4779e57d4eb36705d": ["2", "com.android.lolcat.LolcatActivity"]}, {"62930aed9decf72ae20da72ec96e2d15": ["0", "com.android.lolcat.LolcatActivity"]}, {"62930aed9decf72ae20da72ec96e2d15": ["0", "com.android.lolcat.LolcatActivity"]}, {"62930aed9decf72ae20da72ec96e2d15": ["0", "com.android.lolcat.LolcatActivity"]}, {"62930aed9decf72ae20da72ec96e2d15": ["0", "com.android.lolcat.LolcatActivity"]}, {"62930aed9decf72ae20da72ec96e2d15": ["0", "com.android.lolcat.LolcatActivity"]}, {"62930aed9decf72ae20da72ec96e2d15": ["0", "com.android.lolcat.LolcatActivity"]}, {"62930aed9decf72ae20da72ec96e2d15": ["0", "com.android.lolcat.LolcatActivity"]}, {"9792f134c2a429f4779e57d4eb36705d": ["2", "com.android.lolcat.LolcatActivity"]}, {"62930aed9decf72ae20da72ec96e2d15": ["0", "com.android.lolcat.LolcatActivity"]}, {"62930aed9decf72ae20da72ec96e2d15": ["0", "com.android.lolcat.LolcatActivity"]}, {"9792f134c2a429f4779e57d4eb36705d": ["2", "com.android.lolcat.LolcatActivity"]}, {"62930aed9decf72ae20da72ec96e2d15": ["0", "com.android.lolcat.LolcatActivity"]}, {"62930aed9decf72ae20da72ec96e2d15": ["0", "com.android.lolcat.LolcatActivity"]}, {"62930aed9decf72ae20da72ec96e2d15": ["0", "com.android.lolcat.LolcatActivity"]}, {"9792f134c2a429f4779e57d4eb36705d": ["2", "com.android.lolcat.LolcatActivity"]}, {"62930aed9decf72ae20da72ec96e2d15": ["0", "com.android.lolcat.LolcatActivity"]}, {"62930aed9decf72ae20da72ec96e2d15": ["0", "com.android.lolcat.LolcatActivity"]}, {"9792f134c2a429f4779e57d4eb36705d": ["2", "com.android.lolcat.LolcatActivity"]}, {"62930aed9decf72ae20da72ec96e2d15": ["0", "com.android.lolcat.LolcatActivity"]}, {"62930aed9decf72ae20da72ec96e2d15": ["0", "com.android.lolcat.LolcatActivity"]}, {"62930aed9decf72ae20da72ec96e2d15": ["0", "com.android.lolcat.LolcatActivity"]}, {"9792f134c2a429f4779e57d4eb36705d": ["2", "com.android.lolcat.LolcatActivity"]}, {"62930aed9decf72ae20da72ec96e2d15": ["0", "com.android.lolcat.LolcatActivity"]}, {"9792f134c2a429f4779e57d4eb36705d": ["2", "com.android.lolcat.LolcatActivity"]}, {"62930aed9decf72ae20da72ec96e2d15": ["0", "com.android.lolcat.LolcatActivity"]}, {"62930aed9decf72ae20da72ec96e2d15": ["0", "com.android.lolcat.LolcatActivity"]}, {"9792f134c2a429f4779e57d4eb36705d": ["2", "com.android.lolcat.LolcatActivity"]}, {"62930aed9decf72ae20da72ec96e2d15": ["0", "com.android.lolcat.LolcatActivity"]}, {"62930aed9decf72ae20da72ec96e2d15": ["0", "com.android.lolcat.LolcatActivity"]}, {"62930aed9decf72ae20da72ec96e2d15": ["0", "com.android.lolcat.LolcatActivity"]}, {"62930aed9decf72ae20da72ec96e2d15": ["0", "com.android.lolcat.LolcatActivity"]}, {"62930aed9decf72ae20da72ec96e2d15": ["0", "com.android.lolcat.LolcatActivity"]}, {"62930aed9decf72ae20da72ec96e2d15": ["0", "com.android.lolcat.LolcatActivity"]}, {"62930aed9decf72ae20da72ec96e2d15": ["0", "com.android.lolcat.LolcatActivity"]}, {"9792f134c2a429f4779e57d4eb36705d": ["2", "com.android.lolcat.LolcatActivity"]}, {"62930aed9decf72ae20da72ec96e2d15": ["0", "com.android.lolcat.LolcatActivity"]}, {"62930aed9decf72ae20da72ec96e2d15": ["0", "com.android.lolcat.LolcatActivity"]}, {"62930aed9decf72ae20da72ec96e2d15": ["0", "com.android.lolcat.LolcatActivity"]}, {"9792f134c2a429f4779e57d4eb36705d": ["2", "com.android.lolcat.LolcatActivity"]}, {"62930aed9decf72ae20da72ec96e2d15": ["0", "com.android.lolcat.LolcatActivity"]}, {"62930aed9decf72ae20da72ec96e2d15": ["0", "com.android.lolcat.LolcatActivity"]}, {"62930aed9decf72ae20da72ec96e2d15": ["0", "com.android.lolcat.LolcatActivity"]}, {"9792f134c2a429f4779e57d4eb36705d": ["2", "com.android.lolcat.LolcatActivity"]}, {"62930aed9decf72ae20da72ec96e2d15": ["0", "com.android.lolcat.LolcatActivity"]}, {"9792f134c2a429f4779e57d4eb36705d": ["2", "com.android.lolcat.LolcatActivity"]}, {"62930aed9decf72ae20da72ec96e2d15": ["0", "com.android.lolcat.LolcatActivity"]}, {"9792f134c2a429f4779e57d4eb36705d": ["2", "com.android.lolcat.LolcatActivity"]}, {"62930aed9decf72ae20da72ec96e2d15": ["0", "com.android.lolcat.LolcatActivity"]}, {"62930aed9decf72ae20da72ec96e2d15": ["0", "com.android.lolcat.LolcatActivity"]}, {"9792f134c2a429f4779e57d4eb36705d": ["2", "com.android.lolcat.LolcatActivity"]}, {"62930aed9decf72ae20da72ec96e2d15": ["0", "com.android.lolcat.LolcatActivity"]}, {"62930aed9decf72ae20da72ec96e2d15": ["0", "com.android.lolcat.LolcatActivity"]}, {"9792f134c2a429f4779e57d4eb36705d": ["2", "com.android.lolcat.LolcatActivity"]}, {"62930aed9decf72ae20da72ec96e2d15": ["0", "com.android.lolcat.LolcatActivity"]}, {"62930aed9decf72ae20da72ec96e2d15": ["0", "com.android.lolcat.LolcatActivity"]}, {"62930aed9decf72ae20da72ec96e2d15": ["0", "com.android.lolcat.LolcatActivity"]}, {"62930aed9decf72ae20da72ec96e2d15": ["0", "com.android.lolcat.LolcatActivity"]}, {"62930aed9decf72ae20da72ec96e2d15": ["0", "com.android.lolcat.LolcatActivity"]}, {"62930aed9decf72ae20da72ec96e2d15": ["0", "com.android.lolcat.LolcatActivity"]}, {"9792f134c2a429f4779e57d4eb36705d": ["2", "com.android.lolcat.LolcatActivity"]}, {"62930aed9decf72ae20da72ec96e2d15": ["0", "com.android.lolcat.LolcatActivity"]}, {"62930aed9decf72ae20da72ec96e2d15": ["0", "com.android.lolcat.LolcatActivity"]}, {"62930aed9decf72ae20da72ec96e2d15": ["0", "com.android.lolcat.LolcatActivity"]}, {"62930aed9decf72ae20da72ec96e2d15": ["0", "com.android.lolcat.LolcatActivity"]}, {"62930aed9decf72ae20da72ec96e2d15": ["0", "com.android.lolcat.LolcatActivity"]}, {"62930aed9decf72ae20da72ec96e2d15": ["0", "com.android.lolcat.LolcatActivity"]}, {"62930aed9decf72ae20da72ec96e2d15": ["0", "com.android.lolcat.LolcatActivity"]}, {"62930aed9decf72ae20da72ec96e2d15": ["0", "com.android.lolcat.LolcatActivity"]}, {"62930aed9decf72ae20da72ec96e2d15": ["0", "com.android.lolcat.LolcatActivity"]}, {"62930aed9decf72ae20da72ec96e2d15": ["0", "com.android.lolcat.LolcatActivity"]}, {"62930aed9decf72ae20da72ec96e2d15": ["0", "com.android.lolcat.LolcatActivity"]}, {"62930aed9decf72ae20da72ec96e2d15": ["0", "com.android.lolcat.LolcatActivity"]}, {"62930aed9decf72ae20da72ec96e2d15": ["0", "com.android.lolcat.LolcatActivity"]}, {"62930aed9decf72ae20da72ec96e2d15": ["0", "com.android.lolcat.LolcatActivity"]}, {"62930aed9decf72ae20da72ec96e2d15": ["0", "com.android.lolcat.LolcatActivity"]}, {"62930aed9decf72ae20da72ec96e2d15": ["0", "com.android.lolcat.LolcatActivity"]}, {"9792f134c2a429f4779e57d4eb36705d": ["2", "com.android.lolcat.LolcatActivity"]}, {"62930aed9decf72ae20da72ec96e2d15": ["0", "com.android.lolcat.LolcatActivity"]}, {"62930aed9decf72ae20da72ec96e2d15": ["0", "com.android.lolcat.LolcatActivity"]}, {"62930aed9decf72ae20da72ec96e2d15": ["0", "com.android.lolcat.LolcatActivity"]}, {"62930aed9decf72ae20da72ec96e2d15": ["0", "com.android.lolcat.LolcatActivity"]}, {"62930aed9decf72ae20da72ec96e2d15": ["0", "com.android.lolcat.LolcatActivity"]}, {"62930aed9decf72ae20da72ec96e2d15": ["0", "com.android.lolcat.LolcatActivity"]}, {"62930aed9decf72ae20da72ec96e2d15": ["0", "com.android.lolcat.LolcatActivity"]}, {"9792f134c2a429f4779e57d4eb36705d": ["2", "com.android.lolcat.LolcatActivity"]}, {"62930aed9decf72ae20da72ec96e2d15": ["0", "com.android.lolcat.LolcatActivity"]}, {"62930aed9decf72ae20da72ec96e2d15": ["0", "com.android.lolcat.LolcatActivity"]}, {"62930aed9decf72ae20da72ec96e2d15": ["0", "com.android.lolcat.LolcatActivity"]}, {"9792f134c2a429f4779e57d4eb36705d": ["2", "com.android.lolcat.LolcatActivity"]}, {"62930aed9decf72ae20da72ec96e2d15": ["0", "com.android.lolcat.LolcatActivity"]}, {"62930aed9decf72ae20da72ec96e2d15": ["0", "com.android.lolcat.LolcatActivity"]}, {"62930aed9decf72ae20da72ec96e2d15": ["0", "com.android.lolcat.LolcatActivity"]}, {"9792f134c2a429f4779e57d4eb36705d": ["2", "com.android.lolcat.LolcatActivity"]}, {"62930aed9decf72ae20da72ec96e2d15": ["0", "com.android.lolcat.LolcatActivity"]}, {"62930aed9decf72ae20da72ec96e2d15": ["0", "com.android.lolcat.LolcatActivity"]}, {"62930aed9decf72ae20da72ec96e2d15": ["0", "com.android.lolcat.LolcatActivity"]}, {"62930aed9decf72ae20da72ec96e2d15": ["0", "com.android.lolcat.LolcatActivity"]}, {"9792f134c2a429f4779e57d4eb36705d": ["2", "com.android.lolcat.LolcatActivity"]}, {"62930aed9decf72ae20da72ec96e2d15": ["0", "com.android.lolcat.LolcatActivity"]}, {"62930aed9decf72ae20da72ec96e2d15": ["0", "com.android.lolcat.LolcatActivity"]}, {"62930aed9decf72ae20da72ec96e2d15": ["0", "com.android.lolcat.LolcatActivity"]}, {"62930aed9decf72ae20da72ec96e2d15": ["0", "com.android.lolcat.LolcatActivity"]}, {"62930aed9decf72ae20da72ec96e2d15": ["0", "com.android.lolcat.LolcatActivity"]}, {"62930aed9decf72ae20da72ec96e2d15": ["0", "com.android.lolcat.LolcatActivity"]}, {"9792f134c2a429f4779e57d4eb36705d": ["2", "com.android.lolcat.LolcatActivity"]}, {"62930aed9decf72ae20da72ec96e2d15": ["0", "com.android.lolcat.LolcatActivity"]}, {"62930aed9decf72ae20da72ec96e2d15": ["0", "com.android.lolcat.LolcatActivity"]}, {"62930aed9decf72ae20da72ec96e2d15": ["0", "com.android.lolcat.LolcatActivity"]}, {"62930aed9decf72ae20da72ec96e2d15": ["0", "com.android.lolcat.LolcatActivity"]}, {"62930aed9decf72ae20da72ec96e2d15": ["0", "com.android.lolcat.LolcatActivity"]}, {"9792f134c2a429f4779e57d4eb36705d": ["2", "com.android.lolcat.LolcatActivity"]}, {"62930aed9decf72ae20da72ec96e2d15": ["0", "com.android.lolcat.LolcatActivity"]}, {"62930aed9decf72ae20da72ec96e2d15": ["0", "com.android.lolcat.LolcatActivity"]}, {"62930aed9decf72ae20da72ec96e2d15": ["0", "com.android.lolcat.LolcatActivity"]}, {"62930aed9decf72ae20da72ec96e2d15": ["0", "com.android.lolcat.LolcatActivity"]}, {"9792f134c2a429f4779e57d4eb36705d": ["2", "com.android.lolcat.LolcatActivity"]}, {"62930aed9decf72ae20da72ec96e2d15": ["0", "com.android.lolcat.LolcatActivity"]}, {"62930aed9decf72ae20da72ec96e2d15": ["0", "com.android.lolcat.LolcatActivity"]}, {"62930aed9decf72ae20da72ec96e2d15": ["0", "com.android.lolcat.LolcatActivity"]}, {"9792f134c2a429f4779e57d4eb36705d": ["2", "com.android.lolcat.LolcatActivity"]}, {"62930aed9decf72ae20da72ec96e2d15": ["0", "com.android.lolcat.LolcatActivity"]}, {"62930aed9decf72ae20da72ec96e2d15": ["0", "com.android.lolcat.LolcatActivity"]}, {"9792f134c2a429f4779e57d4eb36705d": ["2", "com.android.lolcat.LolcatActivity"]}, {"62930aed9decf72ae20da72ec96e2d15": ["0", "com.android.lolcat.LolcatActivity"]}, {"62930aed9decf72ae20da72ec96e2d15": ["0", "com.android.lolcat.LolcatActivity"]}, {"62930aed9decf72ae20da72ec96e2d15": ["0", "com.android.lolcat.LolcatActivity"]}, {"62930aed9decf72ae20da72ec96e2d15": ["0", "com.android.lolcat.LolcatActivity"]}, {"62930aed9decf72ae20da72ec96e2d15": ["0", "com.android.lolcat.LolcatActivity"]}, {"62930aed9decf72ae20da72ec96e2d15": ["0", "com.android.lolcat.LolcatActivity"]}, {"62930aed9decf72ae20da72ec96e2d15": ["0", "com.android.lolcat.LolcatActivity"]}, {"62930aed9decf72ae20da72ec96e2d15": ["0", "com.android.lolcat.LolcatActivity"]}, {"62930aed9decf72ae20da72ec96e2d15": ["0", "com.android.lolcat.LolcatActivity"]}, {"62930aed9decf72ae20da72ec96e2d15": ["0", "com.android.lolcat.LolcatActivity"]}, {"9792f134c2a429f4779e57d4eb36705d": ["2", "com.android.lolcat.LolcatActivity"]}, {"62930aed9decf72ae20da72ec96e2d15": ["0", "com.android.lolcat.LolcatActivity"]}, {"62930aed9decf72ae20da72ec96e2d15": ["0", "com.android.lolcat.LolcatActivity"]}, {"62930aed9decf72ae20da72ec96e2d15": ["0", "com.android.lolcat.LolcatActivity"]}, {"62930aed9decf72ae20da72ec96e2d15": ["0", "com.android.lolcat.LolcatActivity"]}, {"9792f134c2a429f4779e57d4eb36705d": ["2", "com.android.lolcat.LolcatActivity"]}, {"62930aed9decf72ae20da72ec96e2d15": ["0", "com.android.lolcat.LolcatActivity"]}, {"9792f134c2a429f4779e57d4eb36705d": ["2", "com.android.lolcat.LolcatActivity"]}, {"62930aed9decf72ae20da72ec96e2d15": ["0", "com.android.lolcat.LolcatActivity"]}, {"9792f134c2a429f4779e57d4eb36705d": ["2", "com.android.lolcat.LolcatActivity"]}, {"62930aed9decf72ae20da72ec96e2d15": ["0", "com.android.lolcat.LolcatActivity"]}, {"62930aed9decf72ae20da72ec96e2d15": ["0", "com.android.lolcat.LolcatActivity"]}, {"62930aed9decf72ae20da72ec96e2d15": ["0", "com.android.lolcat.LolcatActivity"]}, {"62930aed9decf72ae20da72ec96e2d15": ["0", "com.android.lolcat.LolcatActivity"]}, {"62930aed9decf72ae20da72ec96e2d15": ["0", "com.android.lolcat.LolcatActivity"]}, {"62930aed9decf72ae20da72ec96e2d15": ["0", "com.android.lolcat.LolcatActivity"]}, {"62930aed9decf72ae20da72ec96e2d15": ["0", "com.android.lolcat.LolcatActivity"]}, {"62930aed9decf72ae20da72ec96e2d15": ["0", "com.android.lolcat.LolcatActivity"]}, {"9792f134c2a429f4779e57d4eb36705d": ["2", "com.android.lolcat.LolcatActivity"]}, {"62930aed9decf72ae20da72ec96e2d15": ["0", "com.android.lolcat.LolcatActivity"]}, {"62930aed9decf72ae20da72ec96e2d15": ["0", "com.android.lolcat.LolcatActivity"]}, {"62930aed9decf72ae20da72ec96e2d15": ["0", "com.android.lolcat.LolcatActivity"]}, {"62930aed9decf72ae20da72ec96e2d15": ["0", "com.android.lolcat.LolcatActivity"]}, {"62930aed9decf72ae20da72ec96e2d15": ["0", "com.android.lolcat.LolcatActivity"]}, {"9792f134c2a429f4779e57d4eb36705d": ["2", "com.android.lolcat.LolcatActivity"]}, {"62930aed9decf72ae20da72ec96e2d15": ["0", "com.android.lolcat.LolcatActivity"]}, {"9792f134c2a429f4779e57d4eb36705d": ["2", "com.android.lolcat.LolcatActivity"]}, {"62930aed9decf72ae20da72ec96e2d15": ["0", "com.android.lolcat.LolcatActivity"]}, {"62930aed9decf72ae20da72ec96e2d15": ["0", "com.android.lolcat.LolcatActivity"]}, {"9792f134c2a429f4779e57d4eb36705d": ["2", "com.android.lolcat.LolcatActivity"]}, {"62930aed9decf72ae20da72ec96e2d15": ["0", "com.android.lolcat.LolcatActivity"]}, {"62930aed9decf72ae20da72ec96e2d15": ["0", "com.android.lolcat.LolcatActivity"]}, {"62930aed9decf72ae20da72ec96e2d15": ["0", "com.android.lolcat.LolcatActivity"]}, {"62930aed9decf72ae20da72ec96e2d15": ["0", "com.android.lolcat.LolcatActivity"]}, {"62930aed9decf72ae20da72ec96e2d15": ["0", "com.android.lolcat.LolcatActivity"]}, {"9792f134c2a429f4779e57d4eb36705d": ["2", "com.android.lolcat.LolcatActivity"]}, {"62930aed9decf72ae20da72ec96e2d15": ["0", "com.android.lolcat.LolcatActivity"]}, {"62930aed9decf72ae20da72ec96e2d15": ["0", "com.android.lolcat.LolcatActivity"]}, {"62930aed9decf72ae20da72ec96e2d15": ["0", "com.android.lolcat.LolcatActivity"]}, {"62930aed9decf72ae20da72ec96e2d15": ["0", "com.android.lolcat.LolcatActivity"]}, {"62930aed9decf72ae20da72ec96e2d15": ["0", "com.android.lolcat.LolcatActivity"]}, {"62930aed9decf72ae20da72ec96e2d15": ["0", "com.android.lolcat.LolcatActivity"]}, {"62930aed9decf72ae20da72ec96e2d15": ["0", "com.android.lolcat.LolcatActivity"]}, {"62930aed9decf72ae20da72ec96e2d15": ["0", "com.android.lolcat.LolcatActivity"]}, {"9792f134c2a429f4779e57d4eb36705d": ["2", "com.android.lolcat.LolcatActivity"]}, {"62930aed9decf72ae20da72ec96e2d15": ["0", "com.android.lolcat.LolcatActivity"]}, {"62930aed9decf72ae20da72ec96e2d15": ["0", "com.android.lolcat.LolcatActivity"]}, {"9792f134c2a429f4779e57d4eb36705d": ["2", "com.android.lolcat.LolcatActivity"]}, {"62930aed9decf72ae20da72ec96e2d15": ["0", "com.android.lolcat.LolcatActivity"]}, {"62930aed9decf72ae20da72ec96e2d15": ["0", "com.android.lolcat.LolcatActivity"]}, {"62930aed9decf72ae20da72ec96e2d15": ["0", "com.android.lolcat.LolcatActivity"]}, {"9792f134c2a429f4779e57d4eb36705d": ["2", "com.android.lolcat.LolcatActivity"]}, {"62930aed9decf72ae20da72ec96e2d15": ["0", "com.android.lolcat.LolcatActivity"]}, {"62930aed9decf72ae20da72ec96e2d15": ["0", "com.android.lolcat.LolcatActivity"]}, {"62930aed9decf72ae20da72ec96e2d15": ["0", "com.android.lolcat.LolcatActivity"]}, {"62930aed9decf72ae20da72ec96e2d15": ["0", "com.android.lolcat.LolcatActivity"]}, {"9792f134c2a429f4779e57d4eb36705d": ["2", "com.android.lolcat.LolcatActivity"]}, {"62930aed9decf72ae20da72ec96e2d15": ["0", "com.android.lolcat.LolcatActivity"]}, {"62930aed9decf72ae20da72ec96e2d15": ["0", "com.android.lolcat.LolcatActivity"]}, {"62930aed9decf72ae20da72ec96e2d15": ["0", "com.android.lolcat.LolcatActivity"]}, {"62930aed9decf72ae20da72ec96e2d15": ["0", "com.android.lolcat.LolcatActivity"]}, {"9792f134c2a429f4779e57d4eb36705d": ["2", "com.android.lolcat.LolcatActivity"]}, {"62930aed9decf72ae20da72ec96e2d15": ["0", "com.android.lolcat.LolcatActivity"]}, {"9792f134c2a429f4779e57d4eb36705d": ["2", "com.android.lolcat.LolcatActivity"]}, {"62930aed9decf72ae20da72ec96e2d15": ["0", "com.android.lolcat.LolcatActivity"]}, {"62930aed9decf72ae20da72ec96e2d15": ["0", "com.android.lolcat.LolcatActivity"]}, {"9792f134c2a429f4779e57d4eb36705d": ["2", "com.android.lolcat.LolcatActivity"]}, {"62930aed9decf72ae20da72ec96e2d15": ["0", "com.android.lolcat.LolcatActivity"]}, {"62930aed9decf72ae20da72ec96e2d15": ["0", "com.android.lolcat.LolcatActivity"]}, {"62930aed9decf72ae20da72ec96e2d15": ["0", "com.android.lolcat.LolcatActivity"]}, {"62930aed9decf72ae20da72ec96e2d15": ["0", "com.android.lolcat.LolcatActivity"]}, {"62930aed9decf72ae20da72ec96e2d15": ["0", "com.android.lolcat.LolcatActivity"]}, {"62930aed9decf72ae20da72ec96e2d15": ["0", "com.android.lolcat.LolcatActivity"]}, {"62930aed9decf72ae20da72ec96e2d15": ["0", "com.android.lolcat.LolcatActivity"]}, {"9792f134c2a429f4779e57d4eb36705d": ["2", "com.android.lolcat.LolcatActivity"]}, {"62930aed9decf72ae20da72ec96e2d15": ["0", "com.android.lolcat.LolcatActivity"]}, {"62930aed9decf72ae20da72ec96e2d15": ["0", "com.android.lolcat.LolcatActivity"]}, {"62930aed9decf72ae20da72ec96e2d15": ["0", "com.android.lolcat.LolcatActivity"]}, {"62930aed9decf72ae20da72ec96e2d15": ["0", "com.android.lolcat.LolcatActivity"]}, {"9792f134c2a429f4779e57d4eb36705d": ["2", "com.android.lolcat.LolcatActivity"]}, {"62930aed9decf72ae20da72ec96e2d15": ["0", "com.android.lolcat.LolcatActivity"]}, {"9792f134c2a429f4779e57d4eb36705d": ["2", "com.android.lolcat.LolcatActivity"]}, {"62930aed9decf72ae20da72ec96e2d15": ["0", "com.android.lolcat.LolcatActivity"]}, {"9792f134c2a429f4779e57d4eb36705d": ["2", "com.android.lolcat.LolcatActivity"]}, {"62930aed9decf72ae20da72ec96e2d15": ["0", "com.android.lolcat.LolcatActivity"]}, {"62930aed9decf72ae20da72ec96e2d15": ["0", "com.android.lolcat.LolcatActivity"]}, {"62930aed9decf72ae20da72ec96e2d15": ["0", "com.android.lolcat.LolcatActivity"]}, {"62930aed9decf72ae20da72ec96e2d15": ["0", "com.android.lolcat.LolcatActivity"]}, {"62930aed9decf72ae20da72ec96e2d15": ["0", "com.android.lolcat.LolcatActivity"]}, {"9792f134c2a429f4779e57d4eb36705d": ["2", "com.android.lolcat.LolcatActivity"]}, {"62930aed9decf72ae20da72ec96e2d15": ["0", "com.android.lolcat.LolcatActivity"]}, {"62930aed9decf72ae20da72ec96e2d15": ["0", "com.android.lolcat.LolcatActivity"]}, {"9792f134c2a429f4779e57d4eb36705d": ["2", "com.android.lolcat.LolcatActivity"]}, {"62930aed9decf72ae20da72ec96e2d15": ["0", "com.android.lolcat.LolcatActivity"]}, {"62930aed9decf72ae20da72ec96e2d15": ["0", "com.android.lolcat.LolcatActivity"]}, {"62930aed9decf72ae20da72ec96e2d15": ["0", "com.android.lolcat.LolcatActivity"]}, {"62930aed9decf72ae20da72ec96e2d15": ["0", "com.android.lolcat.LolcatActivity"]}, {"9792f134c2a429f4779e57d4eb36705d": ["2", "com.android.lolcat.LolcatActivity"]}]