[{"1ccb6290ea98bb94f0a12dd60214fff3": ["0", "org.totschnig.myexpenses.MyExpenses"]}, {"9e928143021f76b00f0d04d39e3c9a75": ["22", "org.totschnig.myexpenses.MyExpenses"]}, {"9e928143021f76b00f0d04d39e3c9a75": ["22", "org.totschnig.myexpenses.MyExpenses"]}, {"9e928143021f76b00f0d04d39e3c9a75": ["22", "org.totschnig.myexpenses.MyExpenses"]}, {"9e928143021f76b00f0d04d39e3c9a75": ["22", "org.totschnig.myexpenses.MyExpenses"]}, {"9e928143021f76b00f0d04d39e3c9a75": ["22", "org.totschnig.myexpenses.MyExpenses"]}, {"9e928143021f76b00f0d04d39e3c9a75": ["22", "org.totschnig.myexpenses.MyExpenses"]}, {"aefc47f1db0f236a1988302218abaef9": ["42", "org.totschnig.myexpenses.Backup"]}, {"1ccb6290ea98bb94f0a12dd60214fff3": ["0", "org.totschnig.myexpenses.MyExpenses"]}, {"e71f04ecb1e2eae5bafe4cd22d3f4b76": ["14", "org.totschnig.myexpenses.MyExpenses"]}, {"e71f04ecb1e2eae5bafe4cd22d3f4b76": ["14", "org.totschnig.myexpenses.MyExpenses"]}, {"1ccb6290ea98bb94f0a12dd60214fff3": ["0", "org.totschnig.myexpenses.MyExpenses"]}, {"e71f04ecb1e2eae5bafe4cd22d3f4b76": ["14", "org.totschnig.myexpenses.MyExpenses"]}, {"1ccb6290ea98bb94f0a12dd60214fff3": ["0", "org.totschnig.myexpenses.MyExpenses"]}, {"833793e9aefa8385043f671cb5eeb4b4": ["13", "org.totschnig.myexpenses.MyExpenses"]}, {"833793e9aefa8385043f671cb5eeb4b4": ["13", "org.totschnig.myexpenses.MyExpenses"]}, {"833793e9aefa8385043f671cb5eeb4b4": ["13", "org.totschnig.myexpenses.MyExpenses"]}, {"a2c23685dc5817b9feb60b486758f25e": ["10", "org.totschnig.myexpenses.AccountEdit"]}, {"a2c23685dc5817b9feb60b486758f25e": ["10", "org.totschnig.myexpenses.AccountEdit"]}, {"a2c23685dc5817b9feb60b486758f25e": ["10", "org.totschnig.myexpenses.AccountEdit"]}, {"a2c23685dc5817b9feb60b486758f25e": ["10", "org.totschnig.myexpenses.AccountEdit"]}, {"a2c23685dc5817b9feb60b486758f25e": ["10", "org.totschnig.myexpenses.AccountEdit"]}, {"1ccb6290ea98bb94f0a12dd60214fff3": ["0", "org.totschnig.myexpenses.MyExpenses"]}, {"e12f0e47d0bbb3f51850c354855b68bf": ["56", "org.totschnig.myexpenses.MyExpenses"]}, {"e12f0e47d0bbb3f51850c354855b68bf": ["56", "org.totschnig.myexpenses.MyExpenses"]}, {"1b40cd242bce666576985d6fdf768bb5": ["57", "org.totschnig.myexpenses.MyExpenses"]}]