[{"1ccb6290ea98bb94f0a12dd60214fff3": ["0", "org.totschnig.myexpenses.MyExpenses"]}, {"833793e9aefa8385043f671cb5eeb4b4": ["13", "org.totschnig.myexpenses.MyExpenses"]}, {"e87d6f680036de5f3a809cecb5e34ba2": ["9", "org.totschnig.myexpenses.ManageAccounts"]}, {"a2c23685dc5817b9feb60b486758f25e": ["10", "org.totschnig.myexpenses.AccountEdit"]}, {"8b84c9991ecfefd8cde43bb67f673e1b": ["11", "org.totschnig.myexpenses.AccountEdit"]}, {"a2c23685dc5817b9feb60b486758f25e": ["10", "org.totschnig.myexpenses.AccountEdit"]}, {"a2c23685dc5817b9feb60b486758f25e": ["10", "org.totschnig.myexpenses.AccountEdit"]}, {"1ccb6290ea98bb94f0a12dd60214fff3": ["0", "org.totschnig.myexpenses.MyExpenses"]}, {"1ccb6290ea98bb94f0a12dd60214fff3": ["0", "org.totschnig.myexpenses.MyExpenses"]}, {"008d02c1066036047d3b8c7696fde555": ["1", "org.totschnig.myexpenses.MyExpenses"]}, {"008d02c1066036047d3b8c7696fde555": ["1", "org.totschnig.myexpenses.MyExpenses"]}, {"008d02c1066036047d3b8c7696fde555": ["1", "org.totschnig.myexpenses.MyExpenses"]}, {"1ccb6290ea98bb94f0a12dd60214fff3": ["0", "org.totschnig.myexpenses.MyExpenses"]}, {"e71f04ecb1e2eae5bafe4cd22d3f4b76": ["14", "org.totschnig.myexpenses.MyExpenses"]}, {"e71f04ecb1e2eae5bafe4cd22d3f4b76": ["14", "org.totschnig.myexpenses.MyExpenses"]}, {"e4a7bba61cc62ae868a34b903fa0d2ba": ["2", "org.totschnig.myexpenses.MyExpenses"]}, {"1ccb6290ea98bb94f0a12dd60214fff3": ["0", "org.totschnig.myexpenses.MyExpenses"]}, {"008d02c1066036047d3b8c7696fde555": ["1", "org.totschnig.myexpenses.MyExpenses"]}, {"1ccb6290ea98bb94f0a12dd60214fff3": ["0", "org.totschnig.myexpenses.MyExpenses"]}, {"008d02c1066036047d3b8c7696fde555": ["1", "org.totschnig.myexpenses.MyExpenses"]}, {"1ccb6290ea98bb94f0a12dd60214fff3": ["0", "org.totschnig.myexpenses.MyExpenses"]}, {"79ab8af36e5784961bd65339a053e3b1": ["64", "org.totschnig.myexpenses.MyExpenses"]}, {"79ab8af36e5784961bd65339a053e3b1": ["64", "org.totschnig.myexpenses.MyExpenses"]}, {"79ab8af36e5784961bd65339a053e3b1": ["64", "org.totschnig.myexpenses.MyExpenses"]}, {"79ab8af36e5784961bd65339a053e3b1": ["64", "org.totschnig.myexpenses.MyExpenses"]}, {"e4a7bba61cc62ae868a34b903fa0d2ba": ["2", "org.totschnig.myexpenses.MyExpenses"]}, {"e4a7bba61cc62ae868a34b903fa0d2ba": ["2", "org.totschnig.myexpenses.MyExpenses"]}, {"1ccb6290ea98bb94f0a12dd60214fff3": ["0", "org.totschnig.myexpenses.MyExpenses"]}, {"1ccb6290ea98bb94f0a12dd60214fff3": ["0", "org.totschnig.myexpenses.MyExpenses"]}, {"e763e522d0802568a86f8189a3e41547": ["23", "org.totschnig.myexpenses.MyExpenses"]}, {"1ccb6290ea98bb94f0a12dd60214fff3": ["0", "org.totschnig.myexpenses.MyExpenses"]}, {"1ccb6290ea98bb94f0a12dd60214fff3": ["0", "org.totschnig.myexpenses.MyExpenses"]}, {"e763e522d0802568a86f8189a3e41547": ["23", "org.totschnig.myexpenses.MyExpenses"]}, {"1ccb6290ea98bb94f0a12dd60214fff3": ["0", "org.totschnig.myexpenses.MyExpenses"]}, {"b1eba837f742351413810e756c8edeae": ["8", "org.totschnig.myexpenses.MyPreferenceActivity"]}, {"b1eba837f742351413810e756c8edeae": ["8", "org.totschnig.myexpenses.MyPreferenceActivity"]}, {"b1eba837f742351413810e756c8edeae": ["8", "org.totschnig.myexpenses.MyPreferenceActivity"]}, {"a1029bda9832546270cade622bf7eda2": ["15", "org.totschnig.myexpenses.ManageParties"]}, {"a1029bda9832546270cade622bf7eda2": ["15", "org.totschnig.myexpenses.ManageParties"]}, {"a1029bda9832546270cade622bf7eda2": ["15", "org.totschnig.myexpenses.ManageParties"]}, {"a1029bda9832546270cade622bf7eda2": ["15", "org.totschnig.myexpenses.ManageParties"]}, {"a1029bda9832546270cade622bf7eda2": ["15", "org.totschnig.myexpenses.ManageParties"]}, {"a1029bda9832546270cade622bf7eda2": ["15", "org.totschnig.myexpenses.ManageParties"]}, {"a1029bda9832546270cade622bf7eda2": ["15", "org.totschnig.myexpenses.ManageParties"]}, {"a1029bda9832546270cade622bf7eda2": ["15", "org.totschnig.myexpenses.ManageParties"]}, {"a1029bda9832546270cade622bf7eda2": ["15", "org.totschnig.myexpenses.ManageParties"]}, {"a1029bda9832546270cade622bf7eda2": ["15", "org.totschnig.myexpenses.ManageParties"]}, {"a1029bda9832546270cade622bf7eda2": ["15", "org.totschnig.myexpenses.ManageParties"]}, {"a1029bda9832546270cade622bf7eda2": ["15", "org.totschnig.myexpenses.ManageParties"]}, {"a1029bda9832546270cade622bf7eda2": ["15", "org.totschnig.myexpenses.ManageParties"]}, {"a1029bda9832546270cade622bf7eda2": ["15", "org.totschnig.myexpenses.ManageParties"]}, {"a1029bda9832546270cade622bf7eda2": ["15", "org.totschnig.myexpenses.ManageParties"]}, {"a1029bda9832546270cade622bf7eda2": ["15", "org.totschnig.myexpenses.ManageParties"]}, {"a1029bda9832546270cade622bf7eda2": ["15", "org.totschnig.myexpenses.ManageParties"]}, {"a1029bda9832546270cade622bf7eda2": ["15", "org.totschnig.myexpenses.ManageParties"]}, {"a1029bda9832546270cade622bf7eda2": ["15", "org.totschnig.myexpenses.ManageParties"]}, {"a1029bda9832546270cade622bf7eda2": ["15", "org.totschnig.myexpenses.ManageParties"]}, {"a1029bda9832546270cade622bf7eda2": ["15", "org.totschnig.myexpenses.ManageParties"]}, {"a1029bda9832546270cade622bf7eda2": ["15", "org.totschnig.myexpenses.ManageParties"]}, {"a1029bda9832546270cade622bf7eda2": ["15", "org.totschnig.myexpenses.ManageParties"]}, {"a1029bda9832546270cade622bf7eda2": ["15", "org.totschnig.myexpenses.ManageParties"]}, {"a1029bda9832546270cade622bf7eda2": ["15", "org.totschnig.myexpenses.ManageParties"]}, {"a1029bda9832546270cade622bf7eda2": ["15", "org.totschnig.myexpenses.ManageParties"]}, {"a1029bda9832546270cade622bf7eda2": ["15", "org.totschnig.myexpenses.ManageParties"]}, {"a1029bda9832546270cade622bf7eda2": ["15", "org.totschnig.myexpenses.ManageParties"]}, {"a1029bda9832546270cade622bf7eda2": ["15", "org.totschnig.myexpenses.ManageParties"]}, {"a1029bda9832546270cade622bf7eda2": ["15", "org.totschnig.myexpenses.ManageParties"]}, {"a1029bda9832546270cade622bf7eda2": ["15", "org.totschnig.myexpenses.ManageParties"]}, {"a1029bda9832546270cade622bf7eda2": ["15", "org.totschnig.myexpenses.ManageParties"]}, {"a1029bda9832546270cade622bf7eda2": ["15", "org.totschnig.myexpenses.ManageParties"]}, {"a1029bda9832546270cade622bf7eda2": ["15", "org.totschnig.myexpenses.ManageParties"]}, {"a1029bda9832546270cade622bf7eda2": ["15", "org.totschnig.myexpenses.ManageParties"]}, {"a1029bda9832546270cade622bf7eda2": ["15", "org.totschnig.myexpenses.ManageParties"]}, {"a1029bda9832546270cade622bf7eda2": ["15", "org.totschnig.myexpenses.ManageParties"]}, {"a1029bda9832546270cade622bf7eda2": ["15", "org.totschnig.myexpenses.ManageParties"]}, {"a1029bda9832546270cade622bf7eda2": ["15", "org.totschnig.myexpenses.ManageParties"]}, {"a1029bda9832546270cade622bf7eda2": ["15", "org.totschnig.myexpenses.ManageParties"]}]