[{"deb686377ffdb0251ff09f32e73b4367": ["0", "org.waxworlds.edam.importcontacts.Intro"]}, {"f6a2f3aae48a29100a6e966870fba509": ["1", "org.waxworlds.edam.importcontacts.ConfigureVCF"]}, {"deb686377ffdb0251ff09f32e73b4367": ["0", "org.waxworlds.edam.importcontacts.Intro"]}, {"f6a2f3aae48a29100a6e966870fba509": ["1", "org.waxworlds.edam.importcontacts.ConfigureVCF"]}, {"deb686377ffdb0251ff09f32e73b4367": ["0", "org.waxworlds.edam.importcontacts.Intro"]}, {"deb686377ffdb0251ff09f32e73b4367": ["0", "org.waxworlds.edam.importcontacts.Intro"]}, {"deb686377ffdb0251ff09f32e73b4367": ["0", "org.waxworlds.edam.importcontacts.Intro"]}, {"f6a2f3aae48a29100a6e966870fba509": ["1", "org.waxworlds.edam.importcontacts.ConfigureVCF"]}, {"deb686377ffdb0251ff09f32e73b4367": ["0", "org.waxworlds.edam.importcontacts.Intro"]}, {"deb686377ffdb0251ff09f32e73b4367": ["0", "org.waxworlds.edam.importcontacts.Intro"]}, {"deb686377ffdb0251ff09f32e73b4367": ["0", "org.waxworlds.edam.importcontacts.Intro"]}, {"deb686377ffdb0251ff09f32e73b4367": ["0", "org.waxworlds.edam.importcontacts.Intro"]}, {"f6a2f3aae48a29100a6e966870fba509": ["1", "org.waxworlds.edam.importcontacts.ConfigureVCF"]}, {"deb686377ffdb0251ff09f32e73b4367": ["0", "org.waxworlds.edam.importcontacts.Intro"]}, {"deb686377ffdb0251ff09f32e73b4367": ["0", "org.waxworlds.edam.importcontacts.Intro"]}, {"f6a2f3aae48a29100a6e966870fba509": ["1", "org.waxworlds.edam.importcontacts.ConfigureVCF"]}, {"048f6f3c2bc62be1ee15c40c25ae0f65": ["2", "org.waxworlds.edam.importcontacts.Merge"]}, {"f6a2f3aae48a29100a6e966870fba509": ["1", "org.waxworlds.edam.importcontacts.ConfigureVCF"]}, {"deb686377ffdb0251ff09f32e73b4367": ["0", "org.waxworlds.edam.importcontacts.Intro"]}, {"deb686377ffdb0251ff09f32e73b4367": ["0", "org.waxworlds.edam.importcontacts.Intro"]}, {"f6a2f3aae48a29100a6e966870fba509": ["1", "org.waxworlds.edam.importcontacts.ConfigureVCF"]}, {"deb686377ffdb0251ff09f32e73b4367": ["0", "org.waxworlds.edam.importcontacts.Intro"]}, {"f6a2f3aae48a29100a6e966870fba509": ["1", "org.waxworlds.edam.importcontacts.ConfigureVCF"]}, {"048f6f3c2bc62be1ee15c40c25ae0f65": ["2", "org.waxworlds.edam.importcontacts.Merge"]}, {"deb686377ffdb0251ff09f32e73b4367": ["0", "org.waxworlds.edam.importcontacts.Intro"]}, {"deb686377ffdb0251ff09f32e73b4367": ["0", "org.waxworlds.edam.importcontacts.Intro"]}, {"f6a2f3aae48a29100a6e966870fba509": ["1", "org.waxworlds.edam.importcontacts.ConfigureVCF"]}, {"deb686377ffdb0251ff09f32e73b4367": ["0", "org.waxworlds.edam.importcontacts.Intro"]}, {"f6a2f3aae48a29100a6e966870fba509": ["1", "org.waxworlds.edam.importcontacts.ConfigureVCF"]}, {"3ef10485581c415cc2c1a96067c74233": ["3", "org.waxworlds.edam.importcontacts.ConfigureVCF"]}, {"f6a2f3aae48a29100a6e966870fba509": ["1", "org.waxworlds.edam.importcontacts.ConfigureVCF"]}, {"048f6f3c2bc62be1ee15c40c25ae0f65": ["2", "org.waxworlds.edam.importcontacts.Merge"]}, {"f6a2f3aae48a29100a6e966870fba509": ["1", "org.waxworlds.edam.importcontacts.ConfigureVCF"]}, {"deb686377ffdb0251ff09f32e73b4367": ["0", "org.waxworlds.edam.importcontacts.Intro"]}, {"deb686377ffdb0251ff09f32e73b4367": ["0", "org.waxworlds.edam.importcontacts.Intro"]}, {"f6a2f3aae48a29100a6e966870fba509": ["1", "org.waxworlds.edam.importcontacts.ConfigureVCF"]}, {"3ef10485581c415cc2c1a96067c74233": ["3", "org.waxworlds.edam.importcontacts.ConfigureVCF"]}, {"f6a2f3aae48a29100a6e966870fba509": ["1", "org.waxworlds.edam.importcontacts.ConfigureVCF"]}, {"3ef10485581c415cc2c1a96067c74233": ["3", "org.waxworlds.edam.importcontacts.ConfigureVCF"]}, {"f6a2f3aae48a29100a6e966870fba509": ["1", "org.waxworlds.edam.importcontacts.ConfigureVCF"]}, {"deb686377ffdb0251ff09f32e73b4367": ["0", "org.waxworlds.edam.importcontacts.Intro"]}, {"f6a2f3aae48a29100a6e966870fba509": ["1", "org.waxworlds.edam.importcontacts.ConfigureVCF"]}, {"deb686377ffdb0251ff09f32e73b4367": ["0", "org.waxworlds.edam.importcontacts.Intro"]}, {"f6a2f3aae48a29100a6e966870fba509": ["1", "org.waxworlds.edam.importcontacts.ConfigureVCF"]}, {"deb686377ffdb0251ff09f32e73b4367": ["0", "org.waxworlds.edam.importcontacts.Intro"]}, {"f6a2f3aae48a29100a6e966870fba509": ["1", "org.waxworlds.edam.importcontacts.ConfigureVCF"]}, {"deb686377ffdb0251ff09f32e73b4367": ["0", "org.waxworlds.edam.importcontacts.Intro"]}, {"deb686377ffdb0251ff09f32e73b4367": ["0", "org.waxworlds.edam.importcontacts.Intro"]}, {"f6a2f3aae48a29100a6e966870fba509": ["1", "org.waxworlds.edam.importcontacts.ConfigureVCF"]}, {"3ef10485581c415cc2c1a96067c74233": ["3", "org.waxworlds.edam.importcontacts.ConfigureVCF"]}, {"f6a2f3aae48a29100a6e966870fba509": ["1", "org.waxworlds.edam.importcontacts.ConfigureVCF"]}, {"3ef10485581c415cc2c1a96067c74233": ["3", "org.waxworlds.edam.importcontacts.ConfigureVCF"]}, {"f6a2f3aae48a29100a6e966870fba509": ["1", "org.waxworlds.edam.importcontacts.ConfigureVCF"]}, {"deb686377ffdb0251ff09f32e73b4367": ["0", "org.waxworlds.edam.importcontacts.Intro"]}, {"deb686377ffdb0251ff09f32e73b4367": ["0", "org.waxworlds.edam.importcontacts.Intro"]}, {"deb686377ffdb0251ff09f32e73b4367": ["0", "org.waxworlds.edam.importcontacts.Intro"]}, {"f6a2f3aae48a29100a6e966870fba509": ["1", "org.waxworlds.edam.importcontacts.ConfigureVCF"]}, {"deb686377ffdb0251ff09f32e73b4367": ["0", "org.waxworlds.edam.importcontacts.Intro"]}, {"f6a2f3aae48a29100a6e966870fba509": ["1", "org.waxworlds.edam.importcontacts.ConfigureVCF"]}, {"f6a2f3aae48a29100a6e966870fba509": ["1", "org.waxworlds.edam.importcontacts.ConfigureVCF"]}, {"3ef10485581c415cc2c1a96067c74233": ["3", "org.waxworlds.edam.importcontacts.ConfigureVCF"]}, {"f6a2f3aae48a29100a6e966870fba509": ["1", "org.waxworlds.edam.importcontacts.ConfigureVCF"]}, {"deb686377ffdb0251ff09f32e73b4367": ["0", "org.waxworlds.edam.importcontacts.Intro"]}, {"f6a2f3aae48a29100a6e966870fba509": ["1", "org.waxworlds.edam.importcontacts.ConfigureVCF"]}, {"deb686377ffdb0251ff09f32e73b4367": ["0", "org.waxworlds.edam.importcontacts.Intro"]}, {"deb686377ffdb0251ff09f32e73b4367": ["0", "org.waxworlds.edam.importcontacts.Intro"]}, {"deb686377ffdb0251ff09f32e73b4367": ["0", "org.waxworlds.edam.importcontacts.Intro"]}, {"f6a2f3aae48a29100a6e966870fba509": ["1", "org.waxworlds.edam.importcontacts.ConfigureVCF"]}, {"deb686377ffdb0251ff09f32e73b4367": ["0", "org.waxworlds.edam.importcontacts.Intro"]}, {"f6a2f3aae48a29100a6e966870fba509": ["1", "org.waxworlds.edam.importcontacts.ConfigureVCF"]}, {"deb686377ffdb0251ff09f32e73b4367": ["0", "org.waxworlds.edam.importcontacts.Intro"]}, {"f6a2f3aae48a29100a6e966870fba509": ["1", "org.waxworlds.edam.importcontacts.ConfigureVCF"]}, {"048f6f3c2bc62be1ee15c40c25ae0f65": ["2", "org.waxworlds.edam.importcontacts.Merge"]}, {"f6a2f3aae48a29100a6e966870fba509": ["1", "org.waxworlds.edam.importcontacts.ConfigureVCF"]}, {"deb686377ffdb0251ff09f32e73b4367": ["0", "org.waxworlds.edam.importcontacts.Intro"]}, {"deb686377ffdb0251ff09f32e73b4367": ["0", "org.waxworlds.edam.importcontacts.Intro"]}, {"deb686377ffdb0251ff09f32e73b4367": ["0", "org.waxworlds.edam.importcontacts.Intro"]}, {"deb686377ffdb0251ff09f32e73b4367": ["0", "org.waxworlds.edam.importcontacts.Intro"]}, {"f6a2f3aae48a29100a6e966870fba509": ["1", "org.waxworlds.edam.importcontacts.ConfigureVCF"]}, {"3ef10485581c415cc2c1a96067c74233": ["3", "org.waxworlds.edam.importcontacts.ConfigureVCF"]}, {"f6a2f3aae48a29100a6e966870fba509": ["1", "org.waxworlds.edam.importcontacts.ConfigureVCF"]}, {"deb686377ffdb0251ff09f32e73b4367": ["0", "org.waxworlds.edam.importcontacts.Intro"]}, {"deb686377ffdb0251ff09f32e73b4367": ["0", "org.waxworlds.edam.importcontacts.Intro"]}, {"deb686377ffdb0251ff09f32e73b4367": ["0", "org.waxworlds.edam.importcontacts.Intro"]}, {"f6a2f3aae48a29100a6e966870fba509": ["1", "org.waxworlds.edam.importcontacts.ConfigureVCF"]}, {"deb686377ffdb0251ff09f32e73b4367": ["0", "org.waxworlds.edam.importcontacts.Intro"]}, {"deb686377ffdb0251ff09f32e73b4367": ["0", "org.waxworlds.edam.importcontacts.Intro"]}, {"f6a2f3aae48a29100a6e966870fba509": ["1", "org.waxworlds.edam.importcontacts.ConfigureVCF"]}, {"deb686377ffdb0251ff09f32e73b4367": ["0", "org.waxworlds.edam.importcontacts.Intro"]}, {"deb686377ffdb0251ff09f32e73b4367": ["0", "org.waxworlds.edam.importcontacts.Intro"]}, {"f6a2f3aae48a29100a6e966870fba509": ["1", "org.waxworlds.edam.importcontacts.ConfigureVCF"]}, {"3ef10485581c415cc2c1a96067c74233": ["3", "org.waxworlds.edam.importcontacts.ConfigureVCF"]}, {"f6a2f3aae48a29100a6e966870fba509": ["1", "org.waxworlds.edam.importcontacts.ConfigureVCF"]}, {"deb686377ffdb0251ff09f32e73b4367": ["0", "org.waxworlds.edam.importcontacts.Intro"]}, {"deb686377ffdb0251ff09f32e73b4367": ["0", "org.waxworlds.edam.importcontacts.Intro"]}, {"deb686377ffdb0251ff09f32e73b4367": ["0", "org.waxworlds.edam.importcontacts.Intro"]}, {"deb686377ffdb0251ff09f32e73b4367": ["0", "org.waxworlds.edam.importcontacts.Intro"]}, {"f6a2f3aae48a29100a6e966870fba509": ["1", "org.waxworlds.edam.importcontacts.ConfigureVCF"]}, {"deb686377ffdb0251ff09f32e73b4367": ["0", "org.waxworlds.edam.importcontacts.Intro"]}, {"deb686377ffdb0251ff09f32e73b4367": ["0", "org.waxworlds.edam.importcontacts.Intro"]}, {"deb686377ffdb0251ff09f32e73b4367": ["0", "org.waxworlds.edam.importcontacts.Intro"]}, {"deb686377ffdb0251ff09f32e73b4367": ["0", "org.waxworlds.edam.importcontacts.Intro"]}, {"f6a2f3aae48a29100a6e966870fba509": ["1", "org.waxworlds.edam.importcontacts.ConfigureVCF"]}, {"deb686377ffdb0251ff09f32e73b4367": ["0", "org.waxworlds.edam.importcontacts.Intro"]}, {"f6a2f3aae48a29100a6e966870fba509": ["1", "org.waxworlds.edam.importcontacts.ConfigureVCF"]}, {"048f6f3c2bc62be1ee15c40c25ae0f65": ["2", "org.waxworlds.edam.importcontacts.Merge"]}, {"deb686377ffdb0251ff09f32e73b4367": ["0", "org.waxworlds.edam.importcontacts.Intro"]}, {"deb686377ffdb0251ff09f32e73b4367": ["0", "org.waxworlds.edam.importcontacts.Intro"]}, {"f6a2f3aae48a29100a6e966870fba509": ["1", "org.waxworlds.edam.importcontacts.ConfigureVCF"]}, {"deb686377ffdb0251ff09f32e73b4367": ["0", "org.waxworlds.edam.importcontacts.Intro"]}, {"deb686377ffdb0251ff09f32e73b4367": ["0", "org.waxworlds.edam.importcontacts.Intro"]}, {"f6a2f3aae48a29100a6e966870fba509": ["1", "org.waxworlds.edam.importcontacts.ConfigureVCF"]}, {"3ef10485581c415cc2c1a96067c74233": ["3", "org.waxworlds.edam.importcontacts.ConfigureVCF"]}, {"f6a2f3aae48a29100a6e966870fba509": ["1", "org.waxworlds.edam.importcontacts.ConfigureVCF"]}, {"048f6f3c2bc62be1ee15c40c25ae0f65": ["2", "org.waxworlds.edam.importcontacts.Merge"]}, {"f6a2f3aae48a29100a6e966870fba509": ["1", "org.waxworlds.edam.importcontacts.ConfigureVCF"]}, {"048f6f3c2bc62be1ee15c40c25ae0f65": ["2", "org.waxworlds.edam.importcontacts.Merge"]}, {"f6a2f3aae48a29100a6e966870fba509": ["1", "org.waxworlds.edam.importcontacts.ConfigureVCF"]}, {"3ef10485581c415cc2c1a96067c74233": ["3", "org.waxworlds.edam.importcontacts.ConfigureVCF"]}, {"f6a2f3aae48a29100a6e966870fba509": ["1", "org.waxworlds.edam.importcontacts.ConfigureVCF"]}, {"f6a2f3aae48a29100a6e966870fba509": ["1", "org.waxworlds.edam.importcontacts.ConfigureVCF"]}, {"3ef10485581c415cc2c1a96067c74233": ["3", "org.waxworlds.edam.importcontacts.ConfigureVCF"]}, {"deb686377ffdb0251ff09f32e73b4367": ["0", "org.waxworlds.edam.importcontacts.Intro"]}, {"f6a2f3aae48a29100a6e966870fba509": ["1", "org.waxworlds.edam.importcontacts.ConfigureVCF"]}, {"3ef10485581c415cc2c1a96067c74233": ["3", "org.waxworlds.edam.importcontacts.ConfigureVCF"]}, {"f6a2f3aae48a29100a6e966870fba509": ["1", "org.waxworlds.edam.importcontacts.ConfigureVCF"]}, {"deb686377ffdb0251ff09f32e73b4367": ["0", "org.waxworlds.edam.importcontacts.Intro"]}, {"f6a2f3aae48a29100a6e966870fba509": ["1", "org.waxworlds.edam.importcontacts.ConfigureVCF"]}, {"3ef10485581c415cc2c1a96067c74233": ["3", "org.waxworlds.edam.importcontacts.ConfigureVCF"]}, {"f6a2f3aae48a29100a6e966870fba509": ["1", "org.waxworlds.edam.importcontacts.ConfigureVCF"]}, {"3ef10485581c415cc2c1a96067c74233": ["3", "org.waxworlds.edam.importcontacts.ConfigureVCF"]}, {"f6a2f3aae48a29100a6e966870fba509": ["1", "org.waxworlds.edam.importcontacts.ConfigureVCF"]}, {"deb686377ffdb0251ff09f32e73b4367": ["0", "org.waxworlds.edam.importcontacts.Intro"]}, {"f6a2f3aae48a29100a6e966870fba509": ["1", "org.waxworlds.edam.importcontacts.ConfigureVCF"]}, {"3ef10485581c415cc2c1a96067c74233": ["3", "org.waxworlds.edam.importcontacts.ConfigureVCF"]}, {"f6a2f3aae48a29100a6e966870fba509": ["1", "org.waxworlds.edam.importcontacts.ConfigureVCF"]}, {"3ef10485581c415cc2c1a96067c74233": ["3", "org.waxworlds.edam.importcontacts.ConfigureVCF"]}, {"f6a2f3aae48a29100a6e966870fba509": ["1", "org.waxworlds.edam.importcontacts.ConfigureVCF"]}, {"048f6f3c2bc62be1ee15c40c25ae0f65": ["2", "org.waxworlds.edam.importcontacts.Merge"]}, {"f6a2f3aae48a29100a6e966870fba509": ["1", "org.waxworlds.edam.importcontacts.ConfigureVCF"]}, {"3ef10485581c415cc2c1a96067c74233": ["3", "org.waxworlds.edam.importcontacts.ConfigureVCF"]}, {"f6a2f3aae48a29100a6e966870fba509": ["1", "org.waxworlds.edam.importcontacts.ConfigureVCF"]}, {"048f6f3c2bc62be1ee15c40c25ae0f65": ["2", "org.waxworlds.edam.importcontacts.Merge"]}, {"7e29764ec494b4fd55c26e6977b6856d": ["9", "org.waxworlds.edam.importcontacts.Doit"]}, {"6dfc05e7b2ee5260780ba8c992e909e0": ["11", "org.waxworlds.edam.importcontacts.Doit"]}, {"354c1e4508a7fb994709116dc073bd5e": ["10", "org.waxworlds.edam.importcontacts.Doit"]}, {"048f6f3c2bc62be1ee15c40c25ae0f65": ["2", "org.waxworlds.edam.importcontacts.Merge"]}, {"deb686377ffdb0251ff09f32e73b4367": ["0", "org.waxworlds.edam.importcontacts.Intro"]}, {"f6a2f3aae48a29100a6e966870fba509": ["1", "org.waxworlds.edam.importcontacts.ConfigureVCF"]}, {"deb686377ffdb0251ff09f32e73b4367": ["0", "org.waxworlds.edam.importcontacts.Intro"]}, {"f6a2f3aae48a29100a6e966870fba509": ["1", "org.waxworlds.edam.importcontacts.ConfigureVCF"]}, {"048f6f3c2bc62be1ee15c40c25ae0f65": ["2", "org.waxworlds.edam.importcontacts.Merge"]}, {"f6a2f3aae48a29100a6e966870fba509": ["1", "org.waxworlds.edam.importcontacts.ConfigureVCF"]}, {"048f6f3c2bc62be1ee15c40c25ae0f65": ["2", "org.waxworlds.edam.importcontacts.Merge"]}, {"7e29764ec494b4fd55c26e6977b6856d": ["9", "org.waxworlds.edam.importcontacts.Doit"]}, {"048f6f3c2bc62be1ee15c40c25ae0f65": ["2", "org.waxworlds.edam.importcontacts.Merge"]}, {"f6a2f3aae48a29100a6e966870fba509": ["1", "org.waxworlds.edam.importcontacts.ConfigureVCF"]}, {"deb686377ffdb0251ff09f32e73b4367": ["0", "org.waxworlds.edam.importcontacts.Intro"]}, {"deb686377ffdb0251ff09f32e73b4367": ["0", "org.waxworlds.edam.importcontacts.Intro"]}, {"f6a2f3aae48a29100a6e966870fba509": ["1", "org.waxworlds.edam.importcontacts.ConfigureVCF"]}, {"deb686377ffdb0251ff09f32e73b4367": ["0", "org.waxworlds.edam.importcontacts.Intro"]}, {"deb686377ffdb0251ff09f32e73b4367": ["0", "org.waxworlds.edam.importcontacts.Intro"]}, {"f6a2f3aae48a29100a6e966870fba509": ["1", "org.waxworlds.edam.importcontacts.ConfigureVCF"]}, {"deb686377ffdb0251ff09f32e73b4367": ["0", "org.waxworlds.edam.importcontacts.Intro"]}, {"f6a2f3aae48a29100a6e966870fba509": ["1", "org.waxworlds.edam.importcontacts.ConfigureVCF"]}, {"deb686377ffdb0251ff09f32e73b4367": ["0", "org.waxworlds.edam.importcontacts.Intro"]}, {"deb686377ffdb0251ff09f32e73b4367": ["0", "org.waxworlds.edam.importcontacts.Intro"]}, {"deb686377ffdb0251ff09f32e73b4367": ["0", "org.waxworlds.edam.importcontacts.Intro"]}, {"f6a2f3aae48a29100a6e966870fba509": ["1", "org.waxworlds.edam.importcontacts.ConfigureVCF"]}, {"048f6f3c2bc62be1ee15c40c25ae0f65": ["2", "org.waxworlds.edam.importcontacts.Merge"]}, {"7e29764ec494b4fd55c26e6977b6856d": ["9", "org.waxworlds.edam.importcontacts.Doit"]}, {"048f6f3c2bc62be1ee15c40c25ae0f65": ["2", "org.waxworlds.edam.importcontacts.Merge"]}, {"f6a2f3aae48a29100a6e966870fba509": ["1", "org.waxworlds.edam.importcontacts.ConfigureVCF"]}, {"3ef10485581c415cc2c1a96067c74233": ["3", "org.waxworlds.edam.importcontacts.ConfigureVCF"]}, {"f6a2f3aae48a29100a6e966870fba509": ["1", "org.waxworlds.edam.importcontacts.ConfigureVCF"]}, {"deb686377ffdb0251ff09f32e73b4367": ["0", "org.waxworlds.edam.importcontacts.Intro"]}, {"deb686377ffdb0251ff09f32e73b4367": ["0", "org.waxworlds.edam.importcontacts.Intro"]}, {"f6a2f3aae48a29100a6e966870fba509": ["1", "org.waxworlds.edam.importcontacts.ConfigureVCF"]}, {"048f6f3c2bc62be1ee15c40c25ae0f65": ["2", "org.waxworlds.edam.importcontacts.Merge"]}, {"7e29764ec494b4fd55c26e6977b6856d": ["9", "org.waxworlds.edam.importcontacts.Doit"]}, {"048f6f3c2bc62be1ee15c40c25ae0f65": ["2", "org.waxworlds.edam.importcontacts.Merge"]}, {"f6a2f3aae48a29100a6e966870fba509": ["1", "org.waxworlds.edam.importcontacts.ConfigureVCF"]}, {"3ef10485581c415cc2c1a96067c74233": ["3", "org.waxworlds.edam.importcontacts.ConfigureVCF"]}, {"f6a2f3aae48a29100a6e966870fba509": ["1", "org.waxworlds.edam.importcontacts.ConfigureVCF"]}, {"deb686377ffdb0251ff09f32e73b4367": ["0", "org.waxworlds.edam.importcontacts.Intro"]}, {"f6a2f3aae48a29100a6e966870fba509": ["1", "org.waxworlds.edam.importcontacts.ConfigureVCF"]}, {"deb686377ffdb0251ff09f32e73b4367": ["0", "org.waxworlds.edam.importcontacts.Intro"]}, {"deb686377ffdb0251ff09f32e73b4367": ["0", "org.waxworlds.edam.importcontacts.Intro"]}, {"deb686377ffdb0251ff09f32e73b4367": ["0", "org.waxworlds.edam.importcontacts.Intro"]}, {"deb686377ffdb0251ff09f32e73b4367": ["0", "org.waxworlds.edam.importcontacts.Intro"]}, {"f6a2f3aae48a29100a6e966870fba509": ["1", "org.waxworlds.edam.importcontacts.ConfigureVCF"]}, {"deb686377ffdb0251ff09f32e73b4367": ["0", "org.waxworlds.edam.importcontacts.Intro"]}, {"deb686377ffdb0251ff09f32e73b4367": ["0", "org.waxworlds.edam.importcontacts.Intro"]}, {"deb686377ffdb0251ff09f32e73b4367": ["0", "org.waxworlds.edam.importcontacts.Intro"]}, {"deb686377ffdb0251ff09f32e73b4367": ["0", "org.waxworlds.edam.importcontacts.Intro"]}, {"deb686377ffdb0251ff09f32e73b4367": ["0", "org.waxworlds.edam.importcontacts.Intro"]}, {"deb686377ffdb0251ff09f32e73b4367": ["0", "org.waxworlds.edam.importcontacts.Intro"]}, {"f6a2f3aae48a29100a6e966870fba509": ["1", "org.waxworlds.edam.importcontacts.ConfigureVCF"]}, {"3ef10485581c415cc2c1a96067c74233": ["3", "org.waxworlds.edam.importcontacts.ConfigureVCF"]}, {"deb686377ffdb0251ff09f32e73b4367": ["0", "org.waxworlds.edam.importcontacts.Intro"]}, {"f6a2f3aae48a29100a6e966870fba509": ["1", "org.waxworlds.edam.importcontacts.ConfigureVCF"]}, {"f6a2f3aae48a29100a6e966870fba509": ["1", "org.waxworlds.edam.importcontacts.ConfigureVCF"]}, {"048f6f3c2bc62be1ee15c40c25ae0f65": ["2", "org.waxworlds.edam.importcontacts.Merge"]}, {"7e29764ec494b4fd55c26e6977b6856d": ["9", "org.waxworlds.edam.importcontacts.Doit"]}, {"048f6f3c2bc62be1ee15c40c25ae0f65": ["2", "org.waxworlds.edam.importcontacts.Merge"]}, {"f6a2f3aae48a29100a6e966870fba509": ["1", "org.waxworlds.edam.importcontacts.ConfigureVCF"]}, {"048f6f3c2bc62be1ee15c40c25ae0f65": ["2", "org.waxworlds.edam.importcontacts.Merge"]}, {"f6a2f3aae48a29100a6e966870fba509": ["1", "org.waxworlds.edam.importcontacts.ConfigureVCF"]}, {"048f6f3c2bc62be1ee15c40c25ae0f65": ["2", "org.waxworlds.edam.importcontacts.Merge"]}, {"f6a2f3aae48a29100a6e966870fba509": ["1", "org.waxworlds.edam.importcontacts.ConfigureVCF"]}, {"3ef10485581c415cc2c1a96067c74233": ["3", "org.waxworlds.edam.importcontacts.ConfigureVCF"]}, {"f6a2f3aae48a29100a6e966870fba509": ["1", "org.waxworlds.edam.importcontacts.ConfigureVCF"]}, {"deb686377ffdb0251ff09f32e73b4367": ["0", "org.waxworlds.edam.importcontacts.Intro"]}, {"f6a2f3aae48a29100a6e966870fba509": ["1", "org.waxworlds.edam.importcontacts.ConfigureVCF"]}, {"deb686377ffdb0251ff09f32e73b4367": ["0", "org.waxworlds.edam.importcontacts.Intro"]}, {"f6a2f3aae48a29100a6e966870fba509": ["1", "org.waxworlds.edam.importcontacts.ConfigureVCF"]}, {"3ef10485581c415cc2c1a96067c74233": ["3", "org.waxworlds.edam.importcontacts.ConfigureVCF"]}, {"f6a2f3aae48a29100a6e966870fba509": ["1", "org.waxworlds.edam.importcontacts.ConfigureVCF"]}, {"048f6f3c2bc62be1ee15c40c25ae0f65": ["2", "org.waxworlds.edam.importcontacts.Merge"]}, {"7e29764ec494b4fd55c26e6977b6856d": ["9", "org.waxworlds.edam.importcontacts.Doit"]}, {"048f6f3c2bc62be1ee15c40c25ae0f65": ["2", "org.waxworlds.edam.importcontacts.Merge"]}, {"f6a2f3aae48a29100a6e966870fba509": ["1", "org.waxworlds.edam.importcontacts.ConfigureVCF"]}, {"048f6f3c2bc62be1ee15c40c25ae0f65": ["2", "org.waxworlds.edam.importcontacts.Merge"]}, {"f6a2f3aae48a29100a6e966870fba509": ["1", "org.waxworlds.edam.importcontacts.ConfigureVCF"]}, {"f6a2f3aae48a29100a6e966870fba509": ["1", "org.waxworlds.edam.importcontacts.ConfigureVCF"]}, {"f6a2f3aae48a29100a6e966870fba509": ["1", "org.waxworlds.edam.importcontacts.ConfigureVCF"]}, {"deb686377ffdb0251ff09f32e73b4367": ["0", "org.waxworlds.edam.importcontacts.Intro"]}, {"f6a2f3aae48a29100a6e966870fba509": ["1", "org.waxworlds.edam.importcontacts.ConfigureVCF"]}, {"048f6f3c2bc62be1ee15c40c25ae0f65": ["2", "org.waxworlds.edam.importcontacts.Merge"]}, {"7e29764ec494b4fd55c26e6977b6856d": ["9", "org.waxworlds.edam.importcontacts.Doit"]}, {"6dfc05e7b2ee5260780ba8c992e909e0": ["11", "org.waxworlds.edam.importcontacts.Doit"]}, {"354c1e4508a7fb994709116dc073bd5e": ["10", "org.waxworlds.edam.importcontacts.Doit"]}, {"048f6f3c2bc62be1ee15c40c25ae0f65": ["2", "org.waxworlds.edam.importcontacts.Merge"]}, {"7e29764ec494b4fd55c26e6977b6856d": ["9", "org.waxworlds.edam.importcontacts.Doit"]}, {"048f6f3c2bc62be1ee15c40c25ae0f65": ["2", "org.waxworlds.edam.importcontacts.Merge"]}, {"7e29764ec494b4fd55c26e6977b6856d": ["9", "org.waxworlds.edam.importcontacts.Doit"]}, {"048f6f3c2bc62be1ee15c40c25ae0f65": ["2", "org.waxworlds.edam.importcontacts.Merge"]}, {"7e29764ec494b4fd55c26e6977b6856d": ["9", "org.waxworlds.edam.importcontacts.Doit"]}, {"048f6f3c2bc62be1ee15c40c25ae0f65": ["2", "org.waxworlds.edam.importcontacts.Merge"]}, {"f6a2f3aae48a29100a6e966870fba509": ["1", "org.waxworlds.edam.importcontacts.ConfigureVCF"]}, {"3ef10485581c415cc2c1a96067c74233": ["3", "org.waxworlds.edam.importcontacts.ConfigureVCF"]}, {"deb686377ffdb0251ff09f32e73b4367": ["0", "org.waxworlds.edam.importcontacts.Intro"]}, {"deb686377ffdb0251ff09f32e73b4367": ["0", "org.waxworlds.edam.importcontacts.Intro"]}, {"deb686377ffdb0251ff09f32e73b4367": ["0", "org.waxworlds.edam.importcontacts.Intro"]}, {"deb686377ffdb0251ff09f32e73b4367": ["0", "org.waxworlds.edam.importcontacts.Intro"]}, {"deb686377ffdb0251ff09f32e73b4367": ["0", "org.waxworlds.edam.importcontacts.Intro"]}, {"deb686377ffdb0251ff09f32e73b4367": ["0", "org.waxworlds.edam.importcontacts.Intro"]}, {"deb686377ffdb0251ff09f32e73b4367": ["0", "org.waxworlds.edam.importcontacts.Intro"]}, {"f6a2f3aae48a29100a6e966870fba509": ["1", "org.waxworlds.edam.importcontacts.ConfigureVCF"]}, {"048f6f3c2bc62be1ee15c40c25ae0f65": ["2", "org.waxworlds.edam.importcontacts.Merge"]}, {"7e29764ec494b4fd55c26e6977b6856d": ["9", "org.waxworlds.edam.importcontacts.Doit"]}, {"6dfc05e7b2ee5260780ba8c992e909e0": ["11", "org.waxworlds.edam.importcontacts.Doit"]}, {"354c1e4508a7fb994709116dc073bd5e": ["10", "org.waxworlds.edam.importcontacts.Doit"]}, {"048f6f3c2bc62be1ee15c40c25ae0f65": ["2", "org.waxworlds.edam.importcontacts.Merge"]}, {"7e29764ec494b4fd55c26e6977b6856d": ["9", "org.waxworlds.edam.importcontacts.Doit"]}, {"6dfc05e7b2ee5260780ba8c992e909e0": ["11", "org.waxworlds.edam.importcontacts.Doit"]}, {"354c1e4508a7fb994709116dc073bd5e": ["10", "org.waxworlds.edam.importcontacts.Doit"]}, {"048f6f3c2bc62be1ee15c40c25ae0f65": ["2", "org.waxworlds.edam.importcontacts.Merge"]}, {"048f6f3c2bc62be1ee15c40c25ae0f65": ["2", "org.waxworlds.edam.importcontacts.Merge"]}, {"f6a2f3aae48a29100a6e966870fba509": ["1", "org.waxworlds.edam.importcontacts.ConfigureVCF"]}, {"048f6f3c2bc62be1ee15c40c25ae0f65": ["2", "org.waxworlds.edam.importcontacts.Merge"]}, {"7e29764ec494b4fd55c26e6977b6856d": ["9", "org.waxworlds.edam.importcontacts.Doit"]}, {"048f6f3c2bc62be1ee15c40c25ae0f65": ["2", "org.waxworlds.edam.importcontacts.Merge"]}, {"7e29764ec494b4fd55c26e6977b6856d": ["9", "org.waxworlds.edam.importcontacts.Doit"]}, {"6dfc05e7b2ee5260780ba8c992e909e0": ["11", "org.waxworlds.edam.importcontacts.Doit"]}, {"354c1e4508a7fb994709116dc073bd5e": ["10", "org.waxworlds.edam.importcontacts.Doit"]}, {"deb686377ffdb0251ff09f32e73b4367": ["0", "org.waxworlds.edam.importcontacts.Intro"]}, {"f6a2f3aae48a29100a6e966870fba509": ["1", "org.waxworlds.edam.importcontacts.ConfigureVCF"]}, {"048f6f3c2bc62be1ee15c40c25ae0f65": ["2", "org.waxworlds.edam.importcontacts.Merge"]}, {"f6a2f3aae48a29100a6e966870fba509": ["1", "org.waxworlds.edam.importcontacts.ConfigureVCF"]}, {"3ef10485581c415cc2c1a96067c74233": ["3", "org.waxworlds.edam.importcontacts.ConfigureVCF"]}, {"f6a2f3aae48a29100a6e966870fba509": ["1", "org.waxworlds.edam.importcontacts.ConfigureVCF"]}, {"deb686377ffdb0251ff09f32e73b4367": ["0", "org.waxworlds.edam.importcontacts.Intro"]}, {"deb686377ffdb0251ff09f32e73b4367": ["0", "org.waxworlds.edam.importcontacts.Intro"]}, {"deb686377ffdb0251ff09f32e73b4367": ["0", "org.waxworlds.edam.importcontacts.Intro"]}, {"deb686377ffdb0251ff09f32e73b4367": ["0", "org.waxworlds.edam.importcontacts.Intro"]}, {"f6a2f3aae48a29100a6e966870fba509": ["1", "org.waxworlds.edam.importcontacts.ConfigureVCF"]}, {"deb686377ffdb0251ff09f32e73b4367": ["0", "org.waxworlds.edam.importcontacts.Intro"]}, {"deb686377ffdb0251ff09f32e73b4367": ["0", "org.waxworlds.edam.importcontacts.Intro"]}, {"deb686377ffdb0251ff09f32e73b4367": ["0", "org.waxworlds.edam.importcontacts.Intro"]}, {"f6a2f3aae48a29100a6e966870fba509": ["1", "org.waxworlds.edam.importcontacts.ConfigureVCF"]}, {"f6a2f3aae48a29100a6e966870fba509": ["1", "org.waxworlds.edam.importcontacts.ConfigureVCF"]}, {"f6a2f3aae48a29100a6e966870fba509": ["1", "org.waxworlds.edam.importcontacts.ConfigureVCF"]}, {"3ef10485581c415cc2c1a96067c74233": ["3", "org.waxworlds.edam.importcontacts.ConfigureVCF"]}, {"deb686377ffdb0251ff09f32e73b4367": ["0", "org.waxworlds.edam.importcontacts.Intro"]}, {"f6a2f3aae48a29100a6e966870fba509": ["1", "org.waxworlds.edam.importcontacts.ConfigureVCF"]}, {"3ef10485581c415cc2c1a96067c74233": ["3", "org.waxworlds.edam.importcontacts.ConfigureVCF"]}, {"deb686377ffdb0251ff09f32e73b4367": ["0", "org.waxworlds.edam.importcontacts.Intro"]}, {"f6a2f3aae48a29100a6e966870fba509": ["1", "org.waxworlds.edam.importcontacts.ConfigureVCF"]}, {"048f6f3c2bc62be1ee15c40c25ae0f65": ["2", "org.waxworlds.edam.importcontacts.Merge"]}, {"7e29764ec494b4fd55c26e6977b6856d": ["9", "org.waxworlds.edam.importcontacts.Doit"]}, {"048f6f3c2bc62be1ee15c40c25ae0f65": ["2", "org.waxworlds.edam.importcontacts.Merge"]}, {"f6a2f3aae48a29100a6e966870fba509": ["1", "org.waxworlds.edam.importcontacts.ConfigureVCF"]}, {"deb686377ffdb0251ff09f32e73b4367": ["0", "org.waxworlds.edam.importcontacts.Intro"]}, {"deb686377ffdb0251ff09f32e73b4367": ["0", "org.waxworlds.edam.importcontacts.Intro"]}, {"f6a2f3aae48a29100a6e966870fba509": ["1", "org.waxworlds.edam.importcontacts.ConfigureVCF"]}, {"deb686377ffdb0251ff09f32e73b4367": ["0", "org.waxworlds.edam.importcontacts.Intro"]}, {"deb686377ffdb0251ff09f32e73b4367": ["0", "org.waxworlds.edam.importcontacts.Intro"]}, {"deb686377ffdb0251ff09f32e73b4367": ["0", "org.waxworlds.edam.importcontacts.Intro"]}, {"deb686377ffdb0251ff09f32e73b4367": ["0", "org.waxworlds.edam.importcontacts.Intro"]}, {"f6a2f3aae48a29100a6e966870fba509": ["1", "org.waxworlds.edam.importcontacts.ConfigureVCF"]}, {"deb686377ffdb0251ff09f32e73b4367": ["0", "org.waxworlds.edam.importcontacts.Intro"]}, {"f6a2f3aae48a29100a6e966870fba509": ["1", "org.waxworlds.edam.importcontacts.ConfigureVCF"]}, {"3ef10485581c415cc2c1a96067c74233": ["3", "org.waxworlds.edam.importcontacts.ConfigureVCF"]}, {"f6a2f3aae48a29100a6e966870fba509": ["1", "org.waxworlds.edam.importcontacts.ConfigureVCF"]}, {"048f6f3c2bc62be1ee15c40c25ae0f65": ["2", "org.waxworlds.edam.importcontacts.Merge"]}, {"7e29764ec494b4fd55c26e6977b6856d": ["9", "org.waxworlds.edam.importcontacts.Doit"]}, {"deb686377ffdb0251ff09f32e73b4367": ["0", "org.waxworlds.edam.importcontacts.Intro"]}, {"deb686377ffdb0251ff09f32e73b4367": ["0", "org.waxworlds.edam.importcontacts.Intro"]}, {"deb686377ffdb0251ff09f32e73b4367": ["0", "org.waxworlds.edam.importcontacts.Intro"]}, {"deb686377ffdb0251ff09f32e73b4367": ["0", "org.waxworlds.edam.importcontacts.Intro"]}, {"f6a2f3aae48a29100a6e966870fba509": ["1", "org.waxworlds.edam.importcontacts.ConfigureVCF"]}, {"deb686377ffdb0251ff09f32e73b4367": ["0", "org.waxworlds.edam.importcontacts.Intro"]}, {"deb686377ffdb0251ff09f32e73b4367": ["0", "org.waxworlds.edam.importcontacts.Intro"]}, {"f6a2f3aae48a29100a6e966870fba509": ["1", "org.waxworlds.edam.importcontacts.ConfigureVCF"]}, {"048f6f3c2bc62be1ee15c40c25ae0f65": ["2", "org.waxworlds.edam.importcontacts.Merge"]}, {"deb686377ffdb0251ff09f32e73b4367": ["0", "org.waxworlds.edam.importcontacts.Intro"]}, {"deb686377ffdb0251ff09f32e73b4367": ["0", "org.waxworlds.edam.importcontacts.Intro"]}, {"deb686377ffdb0251ff09f32e73b4367": ["0", "org.waxworlds.edam.importcontacts.Intro"]}, {"f6a2f3aae48a29100a6e966870fba509": ["1", "org.waxworlds.edam.importcontacts.ConfigureVCF"]}, {"048f6f3c2bc62be1ee15c40c25ae0f65": ["2", "org.waxworlds.edam.importcontacts.Merge"]}, {"7e29764ec494b4fd55c26e6977b6856d": ["9", "org.waxworlds.edam.importcontacts.Doit"]}, {"048f6f3c2bc62be1ee15c40c25ae0f65": ["2", "org.waxworlds.edam.importcontacts.Merge"]}, {"048f6f3c2bc62be1ee15c40c25ae0f65": ["2", "org.waxworlds.edam.importcontacts.Merge"]}, {"7e29764ec494b4fd55c26e6977b6856d": ["9", "org.waxworlds.edam.importcontacts.Doit"]}, {"048f6f3c2bc62be1ee15c40c25ae0f65": ["2", "org.waxworlds.edam.importcontacts.Merge"]}, {"f6a2f3aae48a29100a6e966870fba509": ["1", "org.waxworlds.edam.importcontacts.ConfigureVCF"]}, {"deb686377ffdb0251ff09f32e73b4367": ["0", "org.waxworlds.edam.importcontacts.Intro"]}, {"deb686377ffdb0251ff09f32e73b4367": ["0", "org.waxworlds.edam.importcontacts.Intro"]}, {"deb686377ffdb0251ff09f32e73b4367": ["0", "org.waxworlds.edam.importcontacts.Intro"]}, {"deb686377ffdb0251ff09f32e73b4367": ["0", "org.waxworlds.edam.importcontacts.Intro"]}, {"f6a2f3aae48a29100a6e966870fba509": ["1", "org.waxworlds.edam.importcontacts.ConfigureVCF"]}, {"3ef10485581c415cc2c1a96067c74233": ["3", "org.waxworlds.edam.importcontacts.ConfigureVCF"]}, {"f6a2f3aae48a29100a6e966870fba509": ["1", "org.waxworlds.edam.importcontacts.ConfigureVCF"]}, {"3ef10485581c415cc2c1a96067c74233": ["3", "org.waxworlds.edam.importcontacts.ConfigureVCF"]}, {"f6a2f3aae48a29100a6e966870fba509": ["1", "org.waxworlds.edam.importcontacts.ConfigureVCF"]}, {"f6a2f3aae48a29100a6e966870fba509": ["1", "org.waxworlds.edam.importcontacts.ConfigureVCF"]}, {"048f6f3c2bc62be1ee15c40c25ae0f65": ["2", "org.waxworlds.edam.importcontacts.Merge"]}, {"7e29764ec494b4fd55c26e6977b6856d": ["9", "org.waxworlds.edam.importcontacts.Doit"]}, {"6dfc05e7b2ee5260780ba8c992e909e0": ["11", "org.waxworlds.edam.importcontacts.Doit"]}, {"354c1e4508a7fb994709116dc073bd5e": ["10", "org.waxworlds.edam.importcontacts.Doit"]}, {"048f6f3c2bc62be1ee15c40c25ae0f65": ["2", "org.waxworlds.edam.importcontacts.Merge"]}, {"7e29764ec494b4fd55c26e6977b6856d": ["9", "org.waxworlds.edam.importcontacts.Doit"]}, {"f6a2f3aae48a29100a6e966870fba509": ["1", "org.waxworlds.edam.importcontacts.ConfigureVCF"]}, {"deb686377ffdb0251ff09f32e73b4367": ["0", "org.waxworlds.edam.importcontacts.Intro"]}, {"deb686377ffdb0251ff09f32e73b4367": ["0", "org.waxworlds.edam.importcontacts.Intro"]}, {"deb686377ffdb0251ff09f32e73b4367": ["0", "org.waxworlds.edam.importcontacts.Intro"]}, {"deb686377ffdb0251ff09f32e73b4367": ["0", "org.waxworlds.edam.importcontacts.Intro"]}, {"deb686377ffdb0251ff09f32e73b4367": ["0", "org.waxworlds.edam.importcontacts.Intro"]}, {"f6a2f3aae48a29100a6e966870fba509": ["1", "org.waxworlds.edam.importcontacts.ConfigureVCF"]}, {"deb686377ffdb0251ff09f32e73b4367": ["0", "org.waxworlds.edam.importcontacts.Intro"]}, {"deb686377ffdb0251ff09f32e73b4367": ["0", "org.waxworlds.edam.importcontacts.Intro"]}, {"deb686377ffdb0251ff09f32e73b4367": ["0", "org.waxworlds.edam.importcontacts.Intro"]}, {"f6a2f3aae48a29100a6e966870fba509": ["1", "org.waxworlds.edam.importcontacts.ConfigureVCF"]}, {"3ef10485581c415cc2c1a96067c74233": ["3", "org.waxworlds.edam.importcontacts.ConfigureVCF"]}, {"f6a2f3aae48a29100a6e966870fba509": ["1", "org.waxworlds.edam.importcontacts.ConfigureVCF"]}, {"3ef10485581c415cc2c1a96067c74233": ["3", "org.waxworlds.edam.importcontacts.ConfigureVCF"]}, {"deb686377ffdb0251ff09f32e73b4367": ["0", "org.waxworlds.edam.importcontacts.Intro"]}, {"f6a2f3aae48a29100a6e966870fba509": ["1", "org.waxworlds.edam.importcontacts.ConfigureVCF"]}, {"f6a2f3aae48a29100a6e966870fba509": ["1", "org.waxworlds.edam.importcontacts.ConfigureVCF"]}, {"048f6f3c2bc62be1ee15c40c25ae0f65": ["2", "org.waxworlds.edam.importcontacts.Merge"]}, {"7e29764ec494b4fd55c26e6977b6856d": ["9", "org.waxworlds.edam.importcontacts.Doit"]}, {"6dfc05e7b2ee5260780ba8c992e909e0": ["11", "org.waxworlds.edam.importcontacts.Doit"]}, {"354c1e4508a7fb994709116dc073bd5e": ["10", "org.waxworlds.edam.importcontacts.Doit"]}, {"048f6f3c2bc62be1ee15c40c25ae0f65": ["2", "org.waxworlds.edam.importcontacts.Merge"]}, {"f6a2f3aae48a29100a6e966870fba509": ["1", "org.waxworlds.edam.importcontacts.ConfigureVCF"]}, {"048f6f3c2bc62be1ee15c40c25ae0f65": ["2", "org.waxworlds.edam.importcontacts.Merge"]}, {"048f6f3c2bc62be1ee15c40c25ae0f65": ["2", "org.waxworlds.edam.importcontacts.Merge"]}, {"f6a2f3aae48a29100a6e966870fba509": ["1", "org.waxworlds.edam.importcontacts.ConfigureVCF"]}, {"048f6f3c2bc62be1ee15c40c25ae0f65": ["2", "org.waxworlds.edam.importcontacts.Merge"]}, {"f6a2f3aae48a29100a6e966870fba509": ["1", "org.waxworlds.edam.importcontacts.ConfigureVCF"]}, {"deb686377ffdb0251ff09f32e73b4367": ["0", "org.waxworlds.edam.importcontacts.Intro"]}, {"deb686377ffdb0251ff09f32e73b4367": ["0", "org.waxworlds.edam.importcontacts.Intro"]}, {"f6a2f3aae48a29100a6e966870fba509": ["1", "org.waxworlds.edam.importcontacts.ConfigureVCF"]}, {"deb686377ffdb0251ff09f32e73b4367": ["0", "org.waxworlds.edam.importcontacts.Intro"]}, {"deb686377ffdb0251ff09f32e73b4367": ["0", "org.waxworlds.edam.importcontacts.Intro"]}, {"deb686377ffdb0251ff09f32e73b4367": ["0", "org.waxworlds.edam.importcontacts.Intro"]}, {"deb686377ffdb0251ff09f32e73b4367": ["0", "org.waxworlds.edam.importcontacts.Intro"]}, {"deb686377ffdb0251ff09f32e73b4367": ["0", "org.waxworlds.edam.importcontacts.Intro"]}, {"deb686377ffdb0251ff09f32e73b4367": ["0", "org.waxworlds.edam.importcontacts.Intro"]}, {"f6a2f3aae48a29100a6e966870fba509": ["1", "org.waxworlds.edam.importcontacts.ConfigureVCF"]}, {"deb686377ffdb0251ff09f32e73b4367": ["0", "org.waxworlds.edam.importcontacts.Intro"]}, {"deb686377ffdb0251ff09f32e73b4367": ["0", "org.waxworlds.edam.importcontacts.Intro"]}, {"deb686377ffdb0251ff09f32e73b4367": ["0", "org.waxworlds.edam.importcontacts.Intro"]}, {"deb686377ffdb0251ff09f32e73b4367": ["0", "org.waxworlds.edam.importcontacts.Intro"]}, {"deb686377ffdb0251ff09f32e73b4367": ["0", "org.waxworlds.edam.importcontacts.Intro"]}, {"deb686377ffdb0251ff09f32e73b4367": ["0", "org.waxworlds.edam.importcontacts.Intro"]}, {"deb686377ffdb0251ff09f32e73b4367": ["0", "org.waxworlds.edam.importcontacts.Intro"]}, {"deb686377ffdb0251ff09f32e73b4367": ["0", "org.waxworlds.edam.importcontacts.Intro"]}, {"deb686377ffdb0251ff09f32e73b4367": ["0", "org.waxworlds.edam.importcontacts.Intro"]}, {"f6a2f3aae48a29100a6e966870fba509": ["1", "org.waxworlds.edam.importcontacts.ConfigureVCF"]}, {"deb686377ffdb0251ff09f32e73b4367": ["0", "org.waxworlds.edam.importcontacts.Intro"]}, {"deb686377ffdb0251ff09f32e73b4367": ["0", "org.waxworlds.edam.importcontacts.Intro"]}, {"deb686377ffdb0251ff09f32e73b4367": ["0", "org.waxworlds.edam.importcontacts.Intro"]}, {"f6a2f3aae48a29100a6e966870fba509": ["1", "org.waxworlds.edam.importcontacts.ConfigureVCF"]}, {"3ef10485581c415cc2c1a96067c74233": ["3", "org.waxworlds.edam.importcontacts.ConfigureVCF"]}, {"f6a2f3aae48a29100a6e966870fba509": ["1", "org.waxworlds.edam.importcontacts.ConfigureVCF"]}, {"3ef10485581c415cc2c1a96067c74233": ["3", "org.waxworlds.edam.importcontacts.ConfigureVCF"]}, {"f6a2f3aae48a29100a6e966870fba509": ["1", "org.waxworlds.edam.importcontacts.ConfigureVCF"]}, {"048f6f3c2bc62be1ee15c40c25ae0f65": ["2", "org.waxworlds.edam.importcontacts.Merge"]}, {"f6a2f3aae48a29100a6e966870fba509": ["1", "org.waxworlds.edam.importcontacts.ConfigureVCF"]}, {"3ef10485581c415cc2c1a96067c74233": ["3", "org.waxworlds.edam.importcontacts.ConfigureVCF"]}, {"f6a2f3aae48a29100a6e966870fba509": ["1", "org.waxworlds.edam.importcontacts.ConfigureVCF"]}, {"deb686377ffdb0251ff09f32e73b4367": ["0", "org.waxworlds.edam.importcontacts.Intro"]}, {"f6a2f3aae48a29100a6e966870fba509": ["1", "org.waxworlds.edam.importcontacts.ConfigureVCF"]}, {"048f6f3c2bc62be1ee15c40c25ae0f65": ["2", "org.waxworlds.edam.importcontacts.Merge"]}, {"7e29764ec494b4fd55c26e6977b6856d": ["9", "org.waxworlds.edam.importcontacts.Doit"]}, {"f6a2f3aae48a29100a6e966870fba509": ["1", "org.waxworlds.edam.importcontacts.ConfigureVCF"]}, {"deb686377ffdb0251ff09f32e73b4367": ["0", "org.waxworlds.edam.importcontacts.Intro"]}, {"deb686377ffdb0251ff09f32e73b4367": ["0", "org.waxworlds.edam.importcontacts.Intro"]}, {"deb686377ffdb0251ff09f32e73b4367": ["0", "org.waxworlds.edam.importcontacts.Intro"]}, {"deb686377ffdb0251ff09f32e73b4367": ["0", "org.waxworlds.edam.importcontacts.Intro"]}, {"deb686377ffdb0251ff09f32e73b4367": ["0", "org.waxworlds.edam.importcontacts.Intro"]}, {"f6a2f3aae48a29100a6e966870fba509": ["1", "org.waxworlds.edam.importcontacts.ConfigureVCF"]}, {"3ef10485581c415cc2c1a96067c74233": ["3", "org.waxworlds.edam.importcontacts.ConfigureVCF"]}, {"deb686377ffdb0251ff09f32e73b4367": ["0", "org.waxworlds.edam.importcontacts.Intro"]}, {"f6a2f3aae48a29100a6e966870fba509": ["1", "org.waxworlds.edam.importcontacts.ConfigureVCF"]}, {"3ef10485581c415cc2c1a96067c74233": ["3", "org.waxworlds.edam.importcontacts.ConfigureVCF"]}, {"f6a2f3aae48a29100a6e966870fba509": ["1", "org.waxworlds.edam.importcontacts.ConfigureVCF"]}, {"3ef10485581c415cc2c1a96067c74233": ["3", "org.waxworlds.edam.importcontacts.ConfigureVCF"]}, {"f6a2f3aae48a29100a6e966870fba509": ["1", "org.waxworlds.edam.importcontacts.ConfigureVCF"]}, {"048f6f3c2bc62be1ee15c40c25ae0f65": ["2", "org.waxworlds.edam.importcontacts.Merge"]}, {"7e29764ec494b4fd55c26e6977b6856d": ["9", "org.waxworlds.edam.importcontacts.Doit"]}, {"048f6f3c2bc62be1ee15c40c25ae0f65": ["2", "org.waxworlds.edam.importcontacts.Merge"]}, {"7e29764ec494b4fd55c26e6977b6856d": ["9", "org.waxworlds.edam.importcontacts.Doit"]}, {"048f6f3c2bc62be1ee15c40c25ae0f65": ["2", "org.waxworlds.edam.importcontacts.Merge"]}, {"f6a2f3aae48a29100a6e966870fba509": ["1", "org.waxworlds.edam.importcontacts.ConfigureVCF"]}, {"3ef10485581c415cc2c1a96067c74233": ["3", "org.waxworlds.edam.importcontacts.ConfigureVCF"]}, {"f6a2f3aae48a29100a6e966870fba509": ["1", "org.waxworlds.edam.importcontacts.ConfigureVCF"]}, {"deb686377ffdb0251ff09f32e73b4367": ["0", "org.waxworlds.edam.importcontacts.Intro"]}, {"f6a2f3aae48a29100a6e966870fba509": ["1", "org.waxworlds.edam.importcontacts.ConfigureVCF"]}, {"deb686377ffdb0251ff09f32e73b4367": ["0", "org.waxworlds.edam.importcontacts.Intro"]}, {"deb686377ffdb0251ff09f32e73b4367": ["0", "org.waxworlds.edam.importcontacts.Intro"]}, {"f6a2f3aae48a29100a6e966870fba509": ["1", "org.waxworlds.edam.importcontacts.ConfigureVCF"]}, {"f6a2f3aae48a29100a6e966870fba509": ["1", "org.waxworlds.edam.importcontacts.ConfigureVCF"]}, {"deb686377ffdb0251ff09f32e73b4367": ["0", "org.waxworlds.edam.importcontacts.Intro"]}, {"f6a2f3aae48a29100a6e966870fba509": ["1", "org.waxworlds.edam.importcontacts.ConfigureVCF"]}, {"deb686377ffdb0251ff09f32e73b4367": ["0", "org.waxworlds.edam.importcontacts.Intro"]}, {"deb686377ffdb0251ff09f32e73b4367": ["0", "org.waxworlds.edam.importcontacts.Intro"]}, {"f6a2f3aae48a29100a6e966870fba509": ["1", "org.waxworlds.edam.importcontacts.ConfigureVCF"]}, {"3ef10485581c415cc2c1a96067c74233": ["3", "org.waxworlds.edam.importcontacts.ConfigureVCF"]}, {"f6a2f3aae48a29100a6e966870fba509": ["1", "org.waxworlds.edam.importcontacts.ConfigureVCF"]}, {"f6a2f3aae48a29100a6e966870fba509": ["1", "org.waxworlds.edam.importcontacts.ConfigureVCF"]}, {"deb686377ffdb0251ff09f32e73b4367": ["0", "org.waxworlds.edam.importcontacts.Intro"]}, {"f6a2f3aae48a29100a6e966870fba509": ["1", "org.waxworlds.edam.importcontacts.ConfigureVCF"]}, {"3ef10485581c415cc2c1a96067c74233": ["3", "org.waxworlds.edam.importcontacts.ConfigureVCF"]}, {"f6a2f3aae48a29100a6e966870fba509": ["1", "org.waxworlds.edam.importcontacts.ConfigureVCF"]}, {"3ef10485581c415cc2c1a96067c74233": ["3", "org.waxworlds.edam.importcontacts.ConfigureVCF"]}, {"f6a2f3aae48a29100a6e966870fba509": ["1", "org.waxworlds.edam.importcontacts.ConfigureVCF"]}, {"3ef10485581c415cc2c1a96067c74233": ["3", "org.waxworlds.edam.importcontacts.ConfigureVCF"]}, {"f6a2f3aae48a29100a6e966870fba509": ["1", "org.waxworlds.edam.importcontacts.ConfigureVCF"]}, {"f6a2f3aae48a29100a6e966870fba509": ["1", "org.waxworlds.edam.importcontacts.ConfigureVCF"]}, {"deb686377ffdb0251ff09f32e73b4367": ["0", "org.waxworlds.edam.importcontacts.Intro"]}, {"f6a2f3aae48a29100a6e966870fba509": ["1", "org.waxworlds.edam.importcontacts.ConfigureVCF"]}, {"deb686377ffdb0251ff09f32e73b4367": ["0", "org.waxworlds.edam.importcontacts.Intro"]}, {"f6a2f3aae48a29100a6e966870fba509": ["1", "org.waxworlds.edam.importcontacts.ConfigureVCF"]}, {"3ef10485581c415cc2c1a96067c74233": ["3", "org.waxworlds.edam.importcontacts.ConfigureVCF"]}, {"f6a2f3aae48a29100a6e966870fba509": ["1", "org.waxworlds.edam.importcontacts.ConfigureVCF"]}, {"3ef10485581c415cc2c1a96067c74233": ["3", "org.waxworlds.edam.importcontacts.ConfigureVCF"]}, {"f6a2f3aae48a29100a6e966870fba509": ["1", "org.waxworlds.edam.importcontacts.ConfigureVCF"]}, {"3ef10485581c415cc2c1a96067c74233": ["3", "org.waxworlds.edam.importcontacts.ConfigureVCF"]}, {"f6a2f3aae48a29100a6e966870fba509": ["1", "org.waxworlds.edam.importcontacts.ConfigureVCF"]}, {"3ef10485581c415cc2c1a96067c74233": ["3", "org.waxworlds.edam.importcontacts.ConfigureVCF"]}, {"f6a2f3aae48a29100a6e966870fba509": ["1", "org.waxworlds.edam.importcontacts.ConfigureVCF"]}, {"deb686377ffdb0251ff09f32e73b4367": ["0", "org.waxworlds.edam.importcontacts.Intro"]}, {"deb686377ffdb0251ff09f32e73b4367": ["0", "org.waxworlds.edam.importcontacts.Intro"]}, {"f6a2f3aae48a29100a6e966870fba509": ["1", "org.waxworlds.edam.importcontacts.ConfigureVCF"]}, {"3ef10485581c415cc2c1a96067c74233": ["3", "org.waxworlds.edam.importcontacts.ConfigureVCF"]}, {"f6a2f3aae48a29100a6e966870fba509": ["1", "org.waxworlds.edam.importcontacts.ConfigureVCF"]}, {"deb686377ffdb0251ff09f32e73b4367": ["0", "org.waxworlds.edam.importcontacts.Intro"]}, {"f6a2f3aae48a29100a6e966870fba509": ["1", "org.waxworlds.edam.importcontacts.ConfigureVCF"]}, {"f6a2f3aae48a29100a6e966870fba509": ["1", "org.waxworlds.edam.importcontacts.ConfigureVCF"]}, {"deb686377ffdb0251ff09f32e73b4367": ["0", "org.waxworlds.edam.importcontacts.Intro"]}, {"f6a2f3aae48a29100a6e966870fba509": ["1", "org.waxworlds.edam.importcontacts.ConfigureVCF"]}, {"deb686377ffdb0251ff09f32e73b4367": ["0", "org.waxworlds.edam.importcontacts.Intro"]}, {"deb686377ffdb0251ff09f32e73b4367": ["0", "org.waxworlds.edam.importcontacts.Intro"]}, {"deb686377ffdb0251ff09f32e73b4367": ["0", "org.waxworlds.edam.importcontacts.Intro"]}, {"deb686377ffdb0251ff09f32e73b4367": ["0", "org.waxworlds.edam.importcontacts.Intro"]}, {"f6a2f3aae48a29100a6e966870fba509": ["1", "org.waxworlds.edam.importcontacts.ConfigureVCF"]}, {"deb686377ffdb0251ff09f32e73b4367": ["0", "org.waxworlds.edam.importcontacts.Intro"]}, {"deb686377ffdb0251ff09f32e73b4367": ["0", "org.waxworlds.edam.importcontacts.Intro"]}, {"f6a2f3aae48a29100a6e966870fba509": ["1", "org.waxworlds.edam.importcontacts.ConfigureVCF"]}, {"f6a2f3aae48a29100a6e966870fba509": ["1", "org.waxworlds.edam.importcontacts.ConfigureVCF"]}, {"deb686377ffdb0251ff09f32e73b4367": ["0", "org.waxworlds.edam.importcontacts.Intro"]}, {"f6a2f3aae48a29100a6e966870fba509": ["1", "org.waxworlds.edam.importcontacts.ConfigureVCF"]}, {"deb686377ffdb0251ff09f32e73b4367": ["0", "org.waxworlds.edam.importcontacts.Intro"]}, {"deb686377ffdb0251ff09f32e73b4367": ["0", "org.waxworlds.edam.importcontacts.Intro"]}, {"f6a2f3aae48a29100a6e966870fba509": ["1", "org.waxworlds.edam.importcontacts.ConfigureVCF"]}, {"3ef10485581c415cc2c1a96067c74233": ["3", "org.waxworlds.edam.importcontacts.ConfigureVCF"]}, {"f6a2f3aae48a29100a6e966870fba509": ["1", "org.waxworlds.edam.importcontacts.ConfigureVCF"]}, {"deb686377ffdb0251ff09f32e73b4367": ["0", "org.waxworlds.edam.importcontacts.Intro"]}, {"deb686377ffdb0251ff09f32e73b4367": ["0", "org.waxworlds.edam.importcontacts.Intro"]}, {"deb686377ffdb0251ff09f32e73b4367": ["0", "org.waxworlds.edam.importcontacts.Intro"]}, {"f6a2f3aae48a29100a6e966870fba509": ["1", "org.waxworlds.edam.importcontacts.ConfigureVCF"]}, {"deb686377ffdb0251ff09f32e73b4367": ["0", "org.waxworlds.edam.importcontacts.Intro"]}, {"f6a2f3aae48a29100a6e966870fba509": ["1", "org.waxworlds.edam.importcontacts.ConfigureVCF"]}, {"3ef10485581c415cc2c1a96067c74233": ["3", "org.waxworlds.edam.importcontacts.ConfigureVCF"]}, {"deb686377ffdb0251ff09f32e73b4367": ["0", "org.waxworlds.edam.importcontacts.Intro"]}, {"f6a2f3aae48a29100a6e966870fba509": ["1", "org.waxworlds.edam.importcontacts.ConfigureVCF"]}, {"f6a2f3aae48a29100a6e966870fba509": ["1", "org.waxworlds.edam.importcontacts.ConfigureVCF"]}, {"deb686377ffdb0251ff09f32e73b4367": ["0", "org.waxworlds.edam.importcontacts.Intro"]}, {"f6a2f3aae48a29100a6e966870fba509": ["1", "org.waxworlds.edam.importcontacts.ConfigureVCF"]}, {"048f6f3c2bc62be1ee15c40c25ae0f65": ["2", "org.waxworlds.edam.importcontacts.Merge"]}, {"f6a2f3aae48a29100a6e966870fba509": ["1", "org.waxworlds.edam.importcontacts.ConfigureVCF"]}, {"f6a2f3aae48a29100a6e966870fba509": ["1", "org.waxworlds.edam.importcontacts.ConfigureVCF"]}, {"f6a2f3aae48a29100a6e966870fba509": ["1", "org.waxworlds.edam.importcontacts.ConfigureVCF"]}, {"048f6f3c2bc62be1ee15c40c25ae0f65": ["2", "org.waxworlds.edam.importcontacts.Merge"]}, {"f6a2f3aae48a29100a6e966870fba509": ["1", "org.waxworlds.edam.importcontacts.ConfigureVCF"]}, {"deb686377ffdb0251ff09f32e73b4367": ["0", "org.waxworlds.edam.importcontacts.Intro"]}, {"deb686377ffdb0251ff09f32e73b4367": ["0", "org.waxworlds.edam.importcontacts.Intro"]}, {"deb686377ffdb0251ff09f32e73b4367": ["0", "org.waxworlds.edam.importcontacts.Intro"]}, {"deb686377ffdb0251ff09f32e73b4367": ["0", "org.waxworlds.edam.importcontacts.Intro"]}, {"f6a2f3aae48a29100a6e966870fba509": ["1", "org.waxworlds.edam.importcontacts.ConfigureVCF"]}, {"048f6f3c2bc62be1ee15c40c25ae0f65": ["2", "org.waxworlds.edam.importcontacts.Merge"]}, {"7e29764ec494b4fd55c26e6977b6856d": ["9", "org.waxworlds.edam.importcontacts.Doit"]}, {"6dfc05e7b2ee5260780ba8c992e909e0": ["11", "org.waxworlds.edam.importcontacts.Doit"]}, {"354c1e4508a7fb994709116dc073bd5e": ["10", "org.waxworlds.edam.importcontacts.Doit"]}, {"048f6f3c2bc62be1ee15c40c25ae0f65": ["2", "org.waxworlds.edam.importcontacts.Merge"]}, {"f6a2f3aae48a29100a6e966870fba509": ["1", "org.waxworlds.edam.importcontacts.ConfigureVCF"]}, {"3ef10485581c415cc2c1a96067c74233": ["3", "org.waxworlds.edam.importcontacts.ConfigureVCF"]}, {"f6a2f3aae48a29100a6e966870fba509": ["1", "org.waxworlds.edam.importcontacts.ConfigureVCF"]}, {"3ef10485581c415cc2c1a96067c74233": ["3", "org.waxworlds.edam.importcontacts.ConfigureVCF"]}, {"f6a2f3aae48a29100a6e966870fba509": ["1", "org.waxworlds.edam.importcontacts.ConfigureVCF"]}, {"048f6f3c2bc62be1ee15c40c25ae0f65": ["2", "org.waxworlds.edam.importcontacts.Merge"]}, {"7e29764ec494b4fd55c26e6977b6856d": ["9", "org.waxworlds.edam.importcontacts.Doit"]}, {"048f6f3c2bc62be1ee15c40c25ae0f65": ["2", "org.waxworlds.edam.importcontacts.Merge"]}, {"f6a2f3aae48a29100a6e966870fba509": ["1", "org.waxworlds.edam.importcontacts.ConfigureVCF"]}, {"048f6f3c2bc62be1ee15c40c25ae0f65": ["2", "org.waxworlds.edam.importcontacts.Merge"]}, {"f6a2f3aae48a29100a6e966870fba509": ["1", "org.waxworlds.edam.importcontacts.ConfigureVCF"]}, {"048f6f3c2bc62be1ee15c40c25ae0f65": ["2", "org.waxworlds.edam.importcontacts.Merge"]}, {"7e29764ec494b4fd55c26e6977b6856d": ["9", "org.waxworlds.edam.importcontacts.Doit"]}, {"6dfc05e7b2ee5260780ba8c992e909e0": ["11", "org.waxworlds.edam.importcontacts.Doit"]}, {"354c1e4508a7fb994709116dc073bd5e": ["10", "org.waxworlds.edam.importcontacts.Doit"]}, {"deb686377ffdb0251ff09f32e73b4367": ["0", "org.waxworlds.edam.importcontacts.Intro"]}, {"deb686377ffdb0251ff09f32e73b4367": ["0", "org.waxworlds.edam.importcontacts.Intro"]}, {"deb686377ffdb0251ff09f32e73b4367": ["0", "org.waxworlds.edam.importcontacts.Intro"]}, {"f6a2f3aae48a29100a6e966870fba509": ["1", "org.waxworlds.edam.importcontacts.ConfigureVCF"]}, {"f6a2f3aae48a29100a6e966870fba509": ["1", "org.waxworlds.edam.importcontacts.ConfigureVCF"]}, {"deb686377ffdb0251ff09f32e73b4367": ["0", "org.waxworlds.edam.importcontacts.Intro"]}, {"f6a2f3aae48a29100a6e966870fba509": ["1", "org.waxworlds.edam.importcontacts.ConfigureVCF"]}, {"deb686377ffdb0251ff09f32e73b4367": ["0", "org.waxworlds.edam.importcontacts.Intro"]}, {"f6a2f3aae48a29100a6e966870fba509": ["1", "org.waxworlds.edam.importcontacts.ConfigureVCF"]}, {"3ef10485581c415cc2c1a96067c74233": ["3", "org.waxworlds.edam.importcontacts.ConfigureVCF"]}, {"f6a2f3aae48a29100a6e966870fba509": ["1", "org.waxworlds.edam.importcontacts.ConfigureVCF"]}, {"deb686377ffdb0251ff09f32e73b4367": ["0", "org.waxworlds.edam.importcontacts.Intro"]}, {"deb686377ffdb0251ff09f32e73b4367": ["0", "org.waxworlds.edam.importcontacts.Intro"]}, {"deb686377ffdb0251ff09f32e73b4367": ["0", "org.waxworlds.edam.importcontacts.Intro"]}, {"deb686377ffdb0251ff09f32e73b4367": ["0", "org.waxworlds.edam.importcontacts.Intro"]}, {"f6a2f3aae48a29100a6e966870fba509": ["1", "org.waxworlds.edam.importcontacts.ConfigureVCF"]}, {"deb686377ffdb0251ff09f32e73b4367": ["0", "org.waxworlds.edam.importcontacts.Intro"]}, {"deb686377ffdb0251ff09f32e73b4367": ["0", "org.waxworlds.edam.importcontacts.Intro"]}, {"f6a2f3aae48a29100a6e966870fba509": ["1", "org.waxworlds.edam.importcontacts.ConfigureVCF"]}, {"deb686377ffdb0251ff09f32e73b4367": ["0", "org.waxworlds.edam.importcontacts.Intro"]}, {"f6a2f3aae48a29100a6e966870fba509": ["1", "org.waxworlds.edam.importcontacts.ConfigureVCF"]}, {"048f6f3c2bc62be1ee15c40c25ae0f65": ["2", "org.waxworlds.edam.importcontacts.Merge"]}, {"f6a2f3aae48a29100a6e966870fba509": ["1", "org.waxworlds.edam.importcontacts.ConfigureVCF"]}, {"3ef10485581c415cc2c1a96067c74233": ["3", "org.waxworlds.edam.importcontacts.ConfigureVCF"]}, {"f6a2f3aae48a29100a6e966870fba509": ["1", "org.waxworlds.edam.importcontacts.ConfigureVCF"]}, {"deb686377ffdb0251ff09f32e73b4367": ["0", "org.waxworlds.edam.importcontacts.Intro"]}, {"f6a2f3aae48a29100a6e966870fba509": ["1", "org.waxworlds.edam.importcontacts.ConfigureVCF"]}, {"3ef10485581c415cc2c1a96067c74233": ["3", "org.waxworlds.edam.importcontacts.ConfigureVCF"]}, {"f6a2f3aae48a29100a6e966870fba509": ["1", "org.waxworlds.edam.importcontacts.ConfigureVCF"]}, {"048f6f3c2bc62be1ee15c40c25ae0f65": ["2", "org.waxworlds.edam.importcontacts.Merge"]}, {"7e29764ec494b4fd55c26e6977b6856d": ["9", "org.waxworlds.edam.importcontacts.Doit"]}, {"048f6f3c2bc62be1ee15c40c25ae0f65": ["2", "org.waxworlds.edam.importcontacts.Merge"]}, {"f6a2f3aae48a29100a6e966870fba509": ["1", "org.waxworlds.edam.importcontacts.ConfigureVCF"]}, {"3ef10485581c415cc2c1a96067c74233": ["3", "org.waxworlds.edam.importcontacts.ConfigureVCF"]}, {"f6a2f3aae48a29100a6e966870fba509": ["1", "org.waxworlds.edam.importcontacts.ConfigureVCF"]}, {"048f6f3c2bc62be1ee15c40c25ae0f65": ["2", "org.waxworlds.edam.importcontacts.Merge"]}, {"f6a2f3aae48a29100a6e966870fba509": ["1", "org.waxworlds.edam.importcontacts.ConfigureVCF"]}, {"3ef10485581c415cc2c1a96067c74233": ["3", "org.waxworlds.edam.importcontacts.ConfigureVCF"]}, {"f6a2f3aae48a29100a6e966870fba509": ["1", "org.waxworlds.edam.importcontacts.ConfigureVCF"]}, {"048f6f3c2bc62be1ee15c40c25ae0f65": ["2", "org.waxworlds.edam.importcontacts.Merge"]}, {"f6a2f3aae48a29100a6e966870fba509": ["1", "org.waxworlds.edam.importcontacts.ConfigureVCF"]}, {"deb686377ffdb0251ff09f32e73b4367": ["0", "org.waxworlds.edam.importcontacts.Intro"]}, {"f6a2f3aae48a29100a6e966870fba509": ["1", "org.waxworlds.edam.importcontacts.ConfigureVCF"]}, {"3ef10485581c415cc2c1a96067c74233": ["3", "org.waxworlds.edam.importcontacts.ConfigureVCF"]}, {"deb686377ffdb0251ff09f32e73b4367": ["0", "org.waxworlds.edam.importcontacts.Intro"]}, {"deb686377ffdb0251ff09f32e73b4367": ["0", "org.waxworlds.edam.importcontacts.Intro"]}, {"deb686377ffdb0251ff09f32e73b4367": ["0", "org.waxworlds.edam.importcontacts.Intro"]}, {"deb686377ffdb0251ff09f32e73b4367": ["0", "org.waxworlds.edam.importcontacts.Intro"]}, {"deb686377ffdb0251ff09f32e73b4367": ["0", "org.waxworlds.edam.importcontacts.Intro"]}, {"f6a2f3aae48a29100a6e966870fba509": ["1", "org.waxworlds.edam.importcontacts.ConfigureVCF"]}, {"3ef10485581c415cc2c1a96067c74233": ["3", "org.waxworlds.edam.importcontacts.ConfigureVCF"]}, {"f6a2f3aae48a29100a6e966870fba509": ["1", "org.waxworlds.edam.importcontacts.ConfigureVCF"]}, {"3ef10485581c415cc2c1a96067c74233": ["3", "org.waxworlds.edam.importcontacts.ConfigureVCF"]}, {"f6a2f3aae48a29100a6e966870fba509": ["1", "org.waxworlds.edam.importcontacts.ConfigureVCF"]}, {"deb686377ffdb0251ff09f32e73b4367": ["0", "org.waxworlds.edam.importcontacts.Intro"]}, {"deb686377ffdb0251ff09f32e73b4367": ["0", "org.waxworlds.edam.importcontacts.Intro"]}, {"f6a2f3aae48a29100a6e966870fba509": ["1", "org.waxworlds.edam.importcontacts.ConfigureVCF"]}, {"048f6f3c2bc62be1ee15c40c25ae0f65": ["2", "org.waxworlds.edam.importcontacts.Merge"]}, {"7e29764ec494b4fd55c26e6977b6856d": ["9", "org.waxworlds.edam.importcontacts.Doit"]}, {"048f6f3c2bc62be1ee15c40c25ae0f65": ["2", "org.waxworlds.edam.importcontacts.Merge"]}, {"f6a2f3aae48a29100a6e966870fba509": ["1", "org.waxworlds.edam.importcontacts.ConfigureVCF"]}, {"f6a2f3aae48a29100a6e966870fba509": ["1", "org.waxworlds.edam.importcontacts.ConfigureVCF"]}, {"048f6f3c2bc62be1ee15c40c25ae0f65": ["2", "org.waxworlds.edam.importcontacts.Merge"]}, {"7e29764ec494b4fd55c26e6977b6856d": ["9", "org.waxworlds.edam.importcontacts.Doit"]}, {"6dfc05e7b2ee5260780ba8c992e909e0": ["11", "org.waxworlds.edam.importcontacts.Doit"]}, {"354c1e4508a7fb994709116dc073bd5e": ["10", "org.waxworlds.edam.importcontacts.Doit"]}, {"deb686377ffdb0251ff09f32e73b4367": ["0", "org.waxworlds.edam.importcontacts.Intro"]}, {"f6a2f3aae48a29100a6e966870fba509": ["1", "org.waxworlds.edam.importcontacts.ConfigureVCF"]}, {"deb686377ffdb0251ff09f32e73b4367": ["0", "org.waxworlds.edam.importcontacts.Intro"]}, {"deb686377ffdb0251ff09f32e73b4367": ["0", "org.waxworlds.edam.importcontacts.Intro"]}, {"f6a2f3aae48a29100a6e966870fba509": ["1", "org.waxworlds.edam.importcontacts.ConfigureVCF"]}, {"deb686377ffdb0251ff09f32e73b4367": ["0", "org.waxworlds.edam.importcontacts.Intro"]}, {"f6a2f3aae48a29100a6e966870fba509": ["1", "org.waxworlds.edam.importcontacts.ConfigureVCF"]}, {"deb686377ffdb0251ff09f32e73b4367": ["0", "org.waxworlds.edam.importcontacts.Intro"]}, {"deb686377ffdb0251ff09f32e73b4367": ["0", "org.waxworlds.edam.importcontacts.Intro"]}, {"f6a2f3aae48a29100a6e966870fba509": ["1", "org.waxworlds.edam.importcontacts.ConfigureVCF"]}, {"048f6f3c2bc62be1ee15c40c25ae0f65": ["2", "org.waxworlds.edam.importcontacts.Merge"]}, {"deb686377ffdb0251ff09f32e73b4367": ["0", "org.waxworlds.edam.importcontacts.Intro"]}, {"f6a2f3aae48a29100a6e966870fba509": ["1", "org.waxworlds.edam.importcontacts.ConfigureVCF"]}, {"3ef10485581c415cc2c1a96067c74233": ["3", "org.waxworlds.edam.importcontacts.ConfigureVCF"]}, {"f6a2f3aae48a29100a6e966870fba509": ["1", "org.waxworlds.edam.importcontacts.ConfigureVCF"]}, {"deb686377ffdb0251ff09f32e73b4367": ["0", "org.waxworlds.edam.importcontacts.Intro"]}, {"deb686377ffdb0251ff09f32e73b4367": ["0", "org.waxworlds.edam.importcontacts.Intro"]}, {"deb686377ffdb0251ff09f32e73b4367": ["0", "org.waxworlds.edam.importcontacts.Intro"]}, {"deb686377ffdb0251ff09f32e73b4367": ["0", "org.waxworlds.edam.importcontacts.Intro"]}, {"f6a2f3aae48a29100a6e966870fba509": ["1", "org.waxworlds.edam.importcontacts.ConfigureVCF"]}, {"deb686377ffdb0251ff09f32e73b4367": ["0", "org.waxworlds.edam.importcontacts.Intro"]}, {"f6a2f3aae48a29100a6e966870fba509": ["1", "org.waxworlds.edam.importcontacts.ConfigureVCF"]}, {"f6a2f3aae48a29100a6e966870fba509": ["1", "org.waxworlds.edam.importcontacts.ConfigureVCF"]}, {"3ef10485581c415cc2c1a96067c74233": ["3", "org.waxworlds.edam.importcontacts.ConfigureVCF"]}, {"f6a2f3aae48a29100a6e966870fba509": ["1", "org.waxworlds.edam.importcontacts.ConfigureVCF"]}, {"f6a2f3aae48a29100a6e966870fba509": ["1", "org.waxworlds.edam.importcontacts.ConfigureVCF"]}, {"deb686377ffdb0251ff09f32e73b4367": ["0", "org.waxworlds.edam.importcontacts.Intro"]}, {"f6a2f3aae48a29100a6e966870fba509": ["1", "org.waxworlds.edam.importcontacts.ConfigureVCF"]}, {"deb686377ffdb0251ff09f32e73b4367": ["0", "org.waxworlds.edam.importcontacts.Intro"]}, {"f6a2f3aae48a29100a6e966870fba509": ["1", "org.waxworlds.edam.importcontacts.ConfigureVCF"]}, {"048f6f3c2bc62be1ee15c40c25ae0f65": ["2", "org.waxworlds.edam.importcontacts.Merge"]}, {"deb686377ffdb0251ff09f32e73b4367": ["0", "org.waxworlds.edam.importcontacts.Intro"]}, {"deb686377ffdb0251ff09f32e73b4367": ["0", "org.waxworlds.edam.importcontacts.Intro"]}, {"deb686377ffdb0251ff09f32e73b4367": ["0", "org.waxworlds.edam.importcontacts.Intro"]}, {"deb686377ffdb0251ff09f32e73b4367": ["0", "org.waxworlds.edam.importcontacts.Intro"]}, {"deb686377ffdb0251ff09f32e73b4367": ["0", "org.waxworlds.edam.importcontacts.Intro"]}, {"deb686377ffdb0251ff09f32e73b4367": ["0", "org.waxworlds.edam.importcontacts.Intro"]}, {"f6a2f3aae48a29100a6e966870fba509": ["1", "org.waxworlds.edam.importcontacts.ConfigureVCF"]}, {"f6a2f3aae48a29100a6e966870fba509": ["1", "org.waxworlds.edam.importcontacts.ConfigureVCF"]}, {"deb686377ffdb0251ff09f32e73b4367": ["0", "org.waxworlds.edam.importcontacts.Intro"]}, {"f6a2f3aae48a29100a6e966870fba509": ["1", "org.waxworlds.edam.importcontacts.ConfigureVCF"]}, {"deb686377ffdb0251ff09f32e73b4367": ["0", "org.waxworlds.edam.importcontacts.Intro"]}, {"deb686377ffdb0251ff09f32e73b4367": ["0", "org.waxworlds.edam.importcontacts.Intro"]}, {"deb686377ffdb0251ff09f32e73b4367": ["0", "org.waxworlds.edam.importcontacts.Intro"]}, {"f6a2f3aae48a29100a6e966870fba509": ["1", "org.waxworlds.edam.importcontacts.ConfigureVCF"]}, {"f6a2f3aae48a29100a6e966870fba509": ["1", "org.waxworlds.edam.importcontacts.ConfigureVCF"]}, {"deb686377ffdb0251ff09f32e73b4367": ["0", "org.waxworlds.edam.importcontacts.Intro"]}, {"deb686377ffdb0251ff09f32e73b4367": ["0", "org.waxworlds.edam.importcontacts.Intro"]}, {"f6a2f3aae48a29100a6e966870fba509": ["1", "org.waxworlds.edam.importcontacts.ConfigureVCF"]}, {"048f6f3c2bc62be1ee15c40c25ae0f65": ["2", "org.waxworlds.edam.importcontacts.Merge"]}]