[{"30fec0e14390377d25126a38a1c32632": ["3", "com.ringdroid.RingdroidSelectActivity"]}, {"30fec0e14390377d25126a38a1c32632": ["3", "com.ringdroid.RingdroidSelectActivity"]}, {"30fec0e14390377d25126a38a1c32632": ["3", "com.ringdroid.RingdroidSelectActivity"]}, {"30fec0e14390377d25126a38a1c32632": ["3", "com.ringdroid.RingdroidSelectActivity"]}, {"30fec0e14390377d25126a38a1c32632": ["3", "com.ringdroid.RingdroidSelectActivity"]}, {"30fec0e14390377d25126a38a1c32632": ["3", "com.ringdroid.RingdroidSelectActivity"]}, {"30fec0e14390377d25126a38a1c32632": ["3", "com.ringdroid.RingdroidSelectActivity"]}, {"30fec0e14390377d25126a38a1c32632": ["3", "com.ringdroid.RingdroidSelectActivity"]}, {"30fec0e14390377d25126a38a1c32632": ["3", "com.ringdroid.RingdroidSelectActivity"]}, {"30fec0e14390377d25126a38a1c32632": ["3", "com.ringdroid.RingdroidSelectActivity"]}, {"1771d7a30bdfbc43f9cf2597786a72fb": ["9", "com.ringdroid.RingdroidSelectActivity"]}, {"1771d7a30bdfbc43f9cf2597786a72fb": ["9", "com.ringdroid.RingdroidSelectActivity"]}, {"581e16aa53ddda5a407c1d052746b340": ["0", "com.ringdroid.RingdroidSelectActivity"]}, {"1771d7a30bdfbc43f9cf2597786a72fb": ["9", "com.ringdroid.RingdroidSelectActivity"]}, {"1771d7a30bdfbc43f9cf2597786a72fb": ["9", "com.ringdroid.RingdroidSelectActivity"]}, {"1771d7a30bdfbc43f9cf2597786a72fb": ["9", "com.ringdroid.RingdroidSelectActivity"]}, {"f5fe3cfdb928c073d2120a0afad0211a": ["13", "com.ringdroid.RingdroidSelectActivity"]}, {"581e16aa53ddda5a407c1d052746b340": ["0", "com.ringdroid.RingdroidSelectActivity"]}, {"db9959a017890bfaf11a4f57861c249c": ["5", "com.ringdroid.RingdroidEditActivity"]}, {"db9959a017890bfaf11a4f57861c249c": ["5", "com.ringdroid.RingdroidEditActivity"]}, {"30fec0e14390377d25126a38a1c32632": ["3", "com.ringdroid.RingdroidSelectActivity"]}, {"30fec0e14390377d25126a38a1c32632": ["3", "com.ringdroid.RingdroidSelectActivity"]}, {"30fec0e14390377d25126a38a1c32632": ["3", "com.ringdroid.RingdroidSelectActivity"]}, {"30fec0e14390377d25126a38a1c32632": ["3", "com.ringdroid.RingdroidSelectActivity"]}, {"581e16aa53ddda5a407c1d052746b340": ["0", "com.ringdroid.RingdroidSelectActivity"]}, {"883437e751af6ea399ea5d9012dfad29": ["1", "com.ringdroid.RingdroidSelectActivity"]}, {"883437e751af6ea399ea5d9012dfad29": ["1", "com.ringdroid.RingdroidSelectActivity"]}, {"bb8f132b796d1f6d013455a41b4c7bcd": ["2", "com.ringdroid.RingdroidEditActivity"]}, {"30fec0e14390377d25126a38a1c32632": ["3", "com.ringdroid.RingdroidSelectActivity"]}, {"30fec0e14390377d25126a38a1c32632": ["3", "com.ringdroid.RingdroidSelectActivity"]}, {"30fec0e14390377d25126a38a1c32632": ["3", "com.ringdroid.RingdroidSelectActivity"]}, {"30fec0e14390377d25126a38a1c32632": ["3", "com.ringdroid.RingdroidSelectActivity"]}, {"30fec0e14390377d25126a38a1c32632": ["3", "com.ringdroid.RingdroidSelectActivity"]}, {"581e16aa53ddda5a407c1d052746b340": ["0", "com.ringdroid.RingdroidSelectActivity"]}, {"db9959a017890bfaf11a4f57861c249c": ["5", "com.ringdroid.RingdroidEditActivity"]}, {"db9959a017890bfaf11a4f57861c249c": ["5", "com.ringdroid.RingdroidEditActivity"]}, {"30fec0e14390377d25126a38a1c32632": ["3", "com.ringdroid.RingdroidSelectActivity"]}, {"30fec0e14390377d25126a38a1c32632": ["3", "com.ringdroid.RingdroidSelectActivity"]}, {"30fec0e14390377d25126a38a1c32632": ["3", "com.ringdroid.RingdroidSelectActivity"]}, {"30fec0e14390377d25126a38a1c32632": ["3", "com.ringdroid.RingdroidSelectActivity"]}, {"30fec0e14390377d25126a38a1c32632": ["3", "com.ringdroid.RingdroidSelectActivity"]}, {"30fec0e14390377d25126a38a1c32632": ["3", "com.ringdroid.RingdroidSelectActivity"]}, {"1771d7a30bdfbc43f9cf2597786a72fb": ["9", "com.ringdroid.RingdroidSelectActivity"]}, {"1771d7a30bdfbc43f9cf2597786a72fb": ["9", "com.ringdroid.RingdroidSelectActivity"]}, {"ed70a8160732f0d0882e4bd44549b2f8": ["4", "com.ringdroid.RingdroidSelectActivity"]}, {"30fec0e14390377d25126a38a1c32632": ["3", "com.ringdroid.RingdroidSelectActivity"]}, {"30fec0e14390377d25126a38a1c32632": ["3", "com.ringdroid.RingdroidSelectActivity"]}, {"30fec0e14390377d25126a38a1c32632": ["3", "com.ringdroid.RingdroidSelectActivity"]}, {"30fec0e14390377d25126a38a1c32632": ["3", "com.ringdroid.RingdroidSelectActivity"]}, {"30fec0e14390377d25126a38a1c32632": ["3", "com.ringdroid.RingdroidSelectActivity"]}, {"30fec0e14390377d25126a38a1c32632": ["3", "com.ringdroid.RingdroidSelectActivity"]}, {"30fec0e14390377d25126a38a1c32632": ["3", "com.ringdroid.RingdroidSelectActivity"]}, {"30fec0e14390377d25126a38a1c32632": ["3", "com.ringdroid.RingdroidSelectActivity"]}, {"30fec0e14390377d25126a38a1c32632": ["3", "com.ringdroid.RingdroidSelectActivity"]}, {"30fec0e14390377d25126a38a1c32632": ["3", "com.ringdroid.RingdroidSelectActivity"]}, {"30fec0e14390377d25126a38a1c32632": ["3", "com.ringdroid.RingdroidSelectActivity"]}, {"30fec0e14390377d25126a38a1c32632": ["3", "com.ringdroid.RingdroidSelectActivity"]}, {"30fec0e14390377d25126a38a1c32632": ["3", "com.ringdroid.RingdroidSelectActivity"]}, {"30fec0e14390377d25126a38a1c32632": ["3", "com.ringdroid.RingdroidSelectActivity"]}, {"581e16aa53ddda5a407c1d052746b340": ["0", "com.ringdroid.RingdroidSelectActivity"]}, {"db9959a017890bfaf11a4f57861c249c": ["5", "com.ringdroid.RingdroidEditActivity"]}, {"30fec0e14390377d25126a38a1c32632": ["3", "com.ringdroid.RingdroidSelectActivity"]}, {"30fec0e14390377d25126a38a1c32632": ["3", "com.ringdroid.RingdroidSelectActivity"]}, {"30fec0e14390377d25126a38a1c32632": ["3", "com.ringdroid.RingdroidSelectActivity"]}, {"30fec0e14390377d25126a38a1c32632": ["3", "com.ringdroid.RingdroidSelectActivity"]}, {"30fec0e14390377d25126a38a1c32632": ["3", "com.ringdroid.RingdroidSelectActivity"]}, {"30fec0e14390377d25126a38a1c32632": ["3", "com.ringdroid.RingdroidSelectActivity"]}, {"581e16aa53ddda5a407c1d052746b340": ["0", "com.ringdroid.RingdroidSelectActivity"]}, {"722206a9807f0ef22757d5e4a798afbe": ["6", "com.ringdroid.RingdroidSelectActivity"]}, {"30fec0e14390377d25126a38a1c32632": ["3", "com.ringdroid.RingdroidSelectActivity"]}, {"30fec0e14390377d25126a38a1c32632": ["3", "com.ringdroid.RingdroidSelectActivity"]}, {"581e16aa53ddda5a407c1d052746b340": ["0", "com.ringdroid.RingdroidSelectActivity"]}, {"db9959a017890bfaf11a4f57861c249c": ["5", "com.ringdroid.RingdroidEditActivity"]}, {"db9959a017890bfaf11a4f57861c249c": ["5", "com.ringdroid.RingdroidEditActivity"]}, {"30fec0e14390377d25126a38a1c32632": ["3", "com.ringdroid.RingdroidSelectActivity"]}, {"30fec0e14390377d25126a38a1c32632": ["3", "com.ringdroid.RingdroidSelectActivity"]}, {"30fec0e14390377d25126a38a1c32632": ["3", "com.ringdroid.RingdroidSelectActivity"]}, {"581e16aa53ddda5a407c1d052746b340": ["0", "com.ringdroid.RingdroidSelectActivity"]}, {"db9959a017890bfaf11a4f57861c249c": ["5", "com.ringdroid.RingdroidEditActivity"]}, {"db9959a017890bfaf11a4f57861c249c": ["5", "com.ringdroid.RingdroidEditActivity"]}, {"30fec0e14390377d25126a38a1c32632": ["3", "com.ringdroid.RingdroidSelectActivity"]}, {"ed70a8160732f0d0882e4bd44549b2f8": ["4", "com.ringdroid.RingdroidSelectActivity"]}, {"ed70a8160732f0d0882e4bd44549b2f8": ["4", "com.ringdroid.RingdroidSelectActivity"]}, {"581e16aa53ddda5a407c1d052746b340": ["0", "com.ringdroid.RingdroidSelectActivity"]}, {"f5fe3cfdb928c073d2120a0afad0211a": ["13", "com.ringdroid.RingdroidSelectActivity"]}, {"f5fe3cfdb928c073d2120a0afad0211a": ["13", "com.ringdroid.RingdroidSelectActivity"]}, {"30fec0e14390377d25126a38a1c32632": ["3", "com.ringdroid.RingdroidSelectActivity"]}, {"30fec0e14390377d25126a38a1c32632": ["3", "com.ringdroid.RingdroidSelectActivity"]}, {"30fec0e14390377d25126a38a1c32632": ["3", "com.ringdroid.RingdroidSelectActivity"]}, {"581e16aa53ddda5a407c1d052746b340": ["0", "com.ringdroid.RingdroidSelectActivity"]}, {"722206a9807f0ef22757d5e4a798afbe": ["6", "com.ringdroid.RingdroidSelectActivity"]}, {"30fec0e14390377d25126a38a1c32632": ["3", "com.ringdroid.RingdroidSelectActivity"]}, {"30fec0e14390377d25126a38a1c32632": ["3", "com.ringdroid.RingdroidSelectActivity"]}, {"30fec0e14390377d25126a38a1c32632": ["3", "com.ringdroid.RingdroidSelectActivity"]}, {"30fec0e14390377d25126a38a1c32632": ["3", "com.ringdroid.RingdroidSelectActivity"]}, {"30fec0e14390377d25126a38a1c32632": ["3", "com.ringdroid.RingdroidSelectActivity"]}, {"ed70a8160732f0d0882e4bd44549b2f8": ["4", "com.ringdroid.RingdroidSelectActivity"]}, {"1771d7a30bdfbc43f9cf2597786a72fb": ["9", "com.ringdroid.RingdroidSelectActivity"]}, {"1771d7a30bdfbc43f9cf2597786a72fb": ["9", "com.ringdroid.RingdroidSelectActivity"]}, {"1771d7a30bdfbc43f9cf2597786a72fb": ["9", "com.ringdroid.RingdroidSelectActivity"]}, {"1771d7a30bdfbc43f9cf2597786a72fb": ["9", "com.ringdroid.RingdroidSelectActivity"]}, {"1771d7a30bdfbc43f9cf2597786a72fb": ["9", "com.ringdroid.RingdroidSelectActivity"]}, {"581e16aa53ddda5a407c1d052746b340": ["0", "com.ringdroid.RingdroidSelectActivity"]}, {"db9959a017890bfaf11a4f57861c249c": ["5", "com.ringdroid.RingdroidEditActivity"]}, {"30fec0e14390377d25126a38a1c32632": ["3", "com.ringdroid.RingdroidSelectActivity"]}, {"30fec0e14390377d25126a38a1c32632": ["3", "com.ringdroid.RingdroidSelectActivity"]}, {"30fec0e14390377d25126a38a1c32632": ["3", "com.ringdroid.RingdroidSelectActivity"]}, {"30fec0e14390377d25126a38a1c32632": ["3", "com.ringdroid.RingdroidSelectActivity"]}, {"1771d7a30bdfbc43f9cf2597786a72fb": ["9", "com.ringdroid.RingdroidSelectActivity"]}, {"1771d7a30bdfbc43f9cf2597786a72fb": ["9", "com.ringdroid.RingdroidSelectActivity"]}, {"30fec0e14390377d25126a38a1c32632": ["3", "com.ringdroid.RingdroidSelectActivity"]}, {"30fec0e14390377d25126a38a1c32632": ["3", "com.ringdroid.RingdroidSelectActivity"]}, {"30fec0e14390377d25126a38a1c32632": ["3", "com.ringdroid.RingdroidSelectActivity"]}, {"1771d7a30bdfbc43f9cf2597786a72fb": ["9", "com.ringdroid.RingdroidSelectActivity"]}, {"1771d7a30bdfbc43f9cf2597786a72fb": ["9", "com.ringdroid.RingdroidSelectActivity"]}, {"1771d7a30bdfbc43f9cf2597786a72fb": ["9", "com.ringdroid.RingdroidSelectActivity"]}, {"30fec0e14390377d25126a38a1c32632": ["3", "com.ringdroid.RingdroidSelectActivity"]}, {"30fec0e14390377d25126a38a1c32632": ["3", "com.ringdroid.RingdroidSelectActivity"]}, {"ed70a8160732f0d0882e4bd44549b2f8": ["4", "com.ringdroid.RingdroidSelectActivity"]}, {"581e16aa53ddda5a407c1d052746b340": ["0", "com.ringdroid.RingdroidSelectActivity"]}, {"722206a9807f0ef22757d5e4a798afbe": ["6", "com.ringdroid.RingdroidSelectActivity"]}, {"1771d7a30bdfbc43f9cf2597786a72fb": ["9", "com.ringdroid.RingdroidSelectActivity"]}, {"1771d7a30bdfbc43f9cf2597786a72fb": ["9", "com.ringdroid.RingdroidSelectActivity"]}, {"1771d7a30bdfbc43f9cf2597786a72fb": ["9", "com.ringdroid.RingdroidSelectActivity"]}, {"1771d7a30bdfbc43f9cf2597786a72fb": ["9", "com.ringdroid.RingdroidSelectActivity"]}, {"30fec0e14390377d25126a38a1c32632": ["3", "com.ringdroid.RingdroidSelectActivity"]}, {"30fec0e14390377d25126a38a1c32632": ["3", "com.ringdroid.RingdroidSelectActivity"]}, {"30fec0e14390377d25126a38a1c32632": ["3", "com.ringdroid.RingdroidSelectActivity"]}, {"30fec0e14390377d25126a38a1c32632": ["3", "com.ringdroid.RingdroidSelectActivity"]}, {"30fec0e14390377d25126a38a1c32632": ["3", "com.ringdroid.RingdroidSelectActivity"]}, {"30fec0e14390377d25126a38a1c32632": ["3", "com.ringdroid.RingdroidSelectActivity"]}, {"30fec0e14390377d25126a38a1c32632": ["3", "com.ringdroid.RingdroidSelectActivity"]}, {"30fec0e14390377d25126a38a1c32632": ["3", "com.ringdroid.RingdroidSelectActivity"]}, {"581e16aa53ddda5a407c1d052746b340": ["0", "com.ringdroid.RingdroidSelectActivity"]}, {"722206a9807f0ef22757d5e4a798afbe": ["6", "com.ringdroid.RingdroidSelectActivity"]}, {"30fec0e14390377d25126a38a1c32632": ["3", "com.ringdroid.RingdroidSelectActivity"]}, {"30fec0e14390377d25126a38a1c32632": ["3", "com.ringdroid.RingdroidSelectActivity"]}, {"30fec0e14390377d25126a38a1c32632": ["3", "com.ringdroid.RingdroidSelectActivity"]}, {"581e16aa53ddda5a407c1d052746b340": ["0", "com.ringdroid.RingdroidSelectActivity"]}, {"883437e751af6ea399ea5d9012dfad29": ["1", "com.ringdroid.RingdroidSelectActivity"]}, {"30fec0e14390377d25126a38a1c32632": ["3", "com.ringdroid.RingdroidSelectActivity"]}, {"30fec0e14390377d25126a38a1c32632": ["3", "com.ringdroid.RingdroidSelectActivity"]}, {"30fec0e14390377d25126a38a1c32632": ["3", "com.ringdroid.RingdroidSelectActivity"]}, {"30fec0e14390377d25126a38a1c32632": ["3", "com.ringdroid.RingdroidSelectActivity"]}, {"30fec0e14390377d25126a38a1c32632": ["3", "com.ringdroid.RingdroidSelectActivity"]}, {"30fec0e14390377d25126a38a1c32632": ["3", "com.ringdroid.RingdroidSelectActivity"]}, {"30fec0e14390377d25126a38a1c32632": ["3", "com.ringdroid.RingdroidSelectActivity"]}, {"30fec0e14390377d25126a38a1c32632": ["3", "com.ringdroid.RingdroidSelectActivity"]}, {"581e16aa53ddda5a407c1d052746b340": ["0", "com.ringdroid.RingdroidSelectActivity"]}, {"722206a9807f0ef22757d5e4a798afbe": ["6", "com.ringdroid.RingdroidSelectActivity"]}, {"1771d7a30bdfbc43f9cf2597786a72fb": ["9", "com.ringdroid.RingdroidSelectActivity"]}, {"1771d7a30bdfbc43f9cf2597786a72fb": ["9", "com.ringdroid.RingdroidSelectActivity"]}, {"1771d7a30bdfbc43f9cf2597786a72fb": ["9", "com.ringdroid.RingdroidSelectActivity"]}, {"1771d7a30bdfbc43f9cf2597786a72fb": ["9", "com.ringdroid.RingdroidSelectActivity"]}, {"581e16aa53ddda5a407c1d052746b340": ["0", "com.ringdroid.RingdroidSelectActivity"]}, {"1771d7a30bdfbc43f9cf2597786a72fb": ["9", "com.ringdroid.RingdroidSelectActivity"]}, {"1771d7a30bdfbc43f9cf2597786a72fb": ["9", "com.ringdroid.RingdroidSelectActivity"]}, {"30fec0e14390377d25126a38a1c32632": ["3", "com.ringdroid.RingdroidSelectActivity"]}, {"30fec0e14390377d25126a38a1c32632": ["3", "com.ringdroid.RingdroidSelectActivity"]}, {"30fec0e14390377d25126a38a1c32632": ["3", "com.ringdroid.RingdroidSelectActivity"]}, {"30fec0e14390377d25126a38a1c32632": ["3", "com.ringdroid.RingdroidSelectActivity"]}, {"1771d7a30bdfbc43f9cf2597786a72fb": ["9", "com.ringdroid.RingdroidSelectActivity"]}, {"1771d7a30bdfbc43f9cf2597786a72fb": ["9", "com.ringdroid.RingdroidSelectActivity"]}, {"1771d7a30bdfbc43f9cf2597786a72fb": ["9", "com.ringdroid.RingdroidSelectActivity"]}, {"1771d7a30bdfbc43f9cf2597786a72fb": ["9", "com.ringdroid.RingdroidSelectActivity"]}, {"30fec0e14390377d25126a38a1c32632": ["3", "com.ringdroid.RingdroidSelectActivity"]}, {"30fec0e14390377d25126a38a1c32632": ["3", "com.ringdroid.RingdroidSelectActivity"]}, {"30fec0e14390377d25126a38a1c32632": ["3", "com.ringdroid.RingdroidSelectActivity"]}, {"581e16aa53ddda5a407c1d052746b340": ["0", "com.ringdroid.RingdroidSelectActivity"]}, {"722206a9807f0ef22757d5e4a798afbe": ["6", "com.ringdroid.RingdroidSelectActivity"]}, {"30fec0e14390377d25126a38a1c32632": ["3", "com.ringdroid.RingdroidSelectActivity"]}, {"30fec0e14390377d25126a38a1c32632": ["3", "com.ringdroid.RingdroidSelectActivity"]}, {"30fec0e14390377d25126a38a1c32632": ["3", "com.ringdroid.RingdroidSelectActivity"]}, {"581e16aa53ddda5a407c1d052746b340": ["0", "com.ringdroid.RingdroidSelectActivity"]}, {"883437e751af6ea399ea5d9012dfad29": ["1", "com.ringdroid.RingdroidSelectActivity"]}, {"30fec0e14390377d25126a38a1c32632": ["3", "com.ringdroid.RingdroidSelectActivity"]}, {"30fec0e14390377d25126a38a1c32632": ["3", "com.ringdroid.RingdroidSelectActivity"]}, {"30fec0e14390377d25126a38a1c32632": ["3", "com.ringdroid.RingdroidSelectActivity"]}, {"30fec0e14390377d25126a38a1c32632": ["3", "com.ringdroid.RingdroidSelectActivity"]}, {"581e16aa53ddda5a407c1d052746b340": ["0", "com.ringdroid.RingdroidSelectActivity"]}, {"db9959a017890bfaf11a4f57861c249c": ["5", "com.ringdroid.RingdroidEditActivity"]}, {"30fec0e14390377d25126a38a1c32632": ["3", "com.ringdroid.RingdroidSelectActivity"]}, {"30fec0e14390377d25126a38a1c32632": ["3", "com.ringdroid.RingdroidSelectActivity"]}, {"30fec0e14390377d25126a38a1c32632": ["3", "com.ringdroid.RingdroidSelectActivity"]}, {"30fec0e14390377d25126a38a1c32632": ["3", "com.ringdroid.RingdroidSelectActivity"]}, {"ed70a8160732f0d0882e4bd44549b2f8": ["4", "com.ringdroid.RingdroidSelectActivity"]}, {"ed70a8160732f0d0882e4bd44549b2f8": ["4", "com.ringdroid.RingdroidSelectActivity"]}, {"ed70a8160732f0d0882e4bd44549b2f8": ["4", "com.ringdroid.RingdroidSelectActivity"]}, {"ed70a8160732f0d0882e4bd44549b2f8": ["4", "com.ringdroid.RingdroidSelectActivity"]}, {"1771d7a30bdfbc43f9cf2597786a72fb": ["9", "com.ringdroid.RingdroidSelectActivity"]}, {"581e16aa53ddda5a407c1d052746b340": ["0", "com.ringdroid.RingdroidSelectActivity"]}, {"1771d7a30bdfbc43f9cf2597786a72fb": ["9", "com.ringdroid.RingdroidSelectActivity"]}, {"1771d7a30bdfbc43f9cf2597786a72fb": ["9", "com.ringdroid.RingdroidSelectActivity"]}, {"30fec0e14390377d25126a38a1c32632": ["3", "com.ringdroid.RingdroidSelectActivity"]}, {"30fec0e14390377d25126a38a1c32632": ["3", "com.ringdroid.RingdroidSelectActivity"]}, {"1771d7a30bdfbc43f9cf2597786a72fb": ["9", "com.ringdroid.RingdroidSelectActivity"]}, {"1771d7a30bdfbc43f9cf2597786a72fb": ["9", "com.ringdroid.RingdroidSelectActivity"]}, {"1771d7a30bdfbc43f9cf2597786a72fb": ["9", "com.ringdroid.RingdroidSelectActivity"]}, {"581e16aa53ddda5a407c1d052746b340": ["0", "com.ringdroid.RingdroidSelectActivity"]}, {"1771d7a30bdfbc43f9cf2597786a72fb": ["9", "com.ringdroid.RingdroidSelectActivity"]}, {"30fec0e14390377d25126a38a1c32632": ["3", "com.ringdroid.RingdroidSelectActivity"]}, {"30fec0e14390377d25126a38a1c32632": ["3", "com.ringdroid.RingdroidSelectActivity"]}, {"30fec0e14390377d25126a38a1c32632": ["3", "com.ringdroid.RingdroidSelectActivity"]}, {"581e16aa53ddda5a407c1d052746b340": ["0", "com.ringdroid.RingdroidSelectActivity"]}, {"db9959a017890bfaf11a4f57861c249c": ["5", "com.ringdroid.RingdroidEditActivity"]}, {"30fec0e14390377d25126a38a1c32632": ["3", "com.ringdroid.RingdroidSelectActivity"]}, {"30fec0e14390377d25126a38a1c32632": ["3", "com.ringdroid.RingdroidSelectActivity"]}, {"30fec0e14390377d25126a38a1c32632": ["3", "com.ringdroid.RingdroidSelectActivity"]}, {"30fec0e14390377d25126a38a1c32632": ["3", "com.ringdroid.RingdroidSelectActivity"]}, {"30fec0e14390377d25126a38a1c32632": ["3", "com.ringdroid.RingdroidSelectActivity"]}, {"ed70a8160732f0d0882e4bd44549b2f8": ["4", "com.ringdroid.RingdroidSelectActivity"]}, {"1771d7a30bdfbc43f9cf2597786a72fb": ["9", "com.ringdroid.RingdroidSelectActivity"]}, {"1771d7a30bdfbc43f9cf2597786a72fb": ["9", "com.ringdroid.RingdroidSelectActivity"]}, {"1771d7a30bdfbc43f9cf2597786a72fb": ["9", "com.ringdroid.RingdroidSelectActivity"]}, {"ed70a8160732f0d0882e4bd44549b2f8": ["4", "com.ringdroid.RingdroidSelectActivity"]}, {"1771d7a30bdfbc43f9cf2597786a72fb": ["9", "com.ringdroid.RingdroidSelectActivity"]}, {"1771d7a30bdfbc43f9cf2597786a72fb": ["9", "com.ringdroid.RingdroidSelectActivity"]}, {"30fec0e14390377d25126a38a1c32632": ["3", "com.ringdroid.RingdroidSelectActivity"]}, {"30fec0e14390377d25126a38a1c32632": ["3", "com.ringdroid.RingdroidSelectActivity"]}, {"30fec0e14390377d25126a38a1c32632": ["3", "com.ringdroid.RingdroidSelectActivity"]}, {"ed70a8160732f0d0882e4bd44549b2f8": ["4", "com.ringdroid.RingdroidSelectActivity"]}, {"30fec0e14390377d25126a38a1c32632": ["3", "com.ringdroid.RingdroidSelectActivity"]}, {"30fec0e14390377d25126a38a1c32632": ["3", "com.ringdroid.RingdroidSelectActivity"]}, {"30fec0e14390377d25126a38a1c32632": ["3", "com.ringdroid.RingdroidSelectActivity"]}, {"30fec0e14390377d25126a38a1c32632": ["3", "com.ringdroid.RingdroidSelectActivity"]}, {"30fec0e14390377d25126a38a1c32632": ["3", "com.ringdroid.RingdroidSelectActivity"]}, {"30fec0e14390377d25126a38a1c32632": ["3", "com.ringdroid.RingdroidSelectActivity"]}, {"30fec0e14390377d25126a38a1c32632": ["3", "com.ringdroid.RingdroidSelectActivity"]}, {"30fec0e14390377d25126a38a1c32632": ["3", "com.ringdroid.RingdroidSelectActivity"]}, {"30fec0e14390377d25126a38a1c32632": ["3", "com.ringdroid.RingdroidSelectActivity"]}, {"30fec0e14390377d25126a38a1c32632": ["3", "com.ringdroid.RingdroidSelectActivity"]}, {"ed70a8160732f0d0882e4bd44549b2f8": ["4", "com.ringdroid.RingdroidSelectActivity"]}, {"30fec0e14390377d25126a38a1c32632": ["3", "com.ringdroid.RingdroidSelectActivity"]}, {"ed70a8160732f0d0882e4bd44549b2f8": ["4", "com.ringdroid.RingdroidSelectActivity"]}, {"ed70a8160732f0d0882e4bd44549b2f8": ["4", "com.ringdroid.RingdroidSelectActivity"]}, {"ed70a8160732f0d0882e4bd44549b2f8": ["4", "com.ringdroid.RingdroidSelectActivity"]}, {"1771d7a30bdfbc43f9cf2597786a72fb": ["9", "com.ringdroid.RingdroidSelectActivity"]}, {"1771d7a30bdfbc43f9cf2597786a72fb": ["9", "com.ringdroid.RingdroidSelectActivity"]}, {"1771d7a30bdfbc43f9cf2597786a72fb": ["9", "com.ringdroid.RingdroidSelectActivity"]}, {"1771d7a30bdfbc43f9cf2597786a72fb": ["9", "com.ringdroid.RingdroidSelectActivity"]}, {"1771d7a30bdfbc43f9cf2597786a72fb": ["9", "com.ringdroid.RingdroidSelectActivity"]}, {"ed70a8160732f0d0882e4bd44549b2f8": ["4", "com.ringdroid.RingdroidSelectActivity"]}, {"1771d7a30bdfbc43f9cf2597786a72fb": ["9", "com.ringdroid.RingdroidSelectActivity"]}, {"1771d7a30bdfbc43f9cf2597786a72fb": ["9", "com.ringdroid.RingdroidSelectActivity"]}, {"1771d7a30bdfbc43f9cf2597786a72fb": ["9", "com.ringdroid.RingdroidSelectActivity"]}, {"1771d7a30bdfbc43f9cf2597786a72fb": ["9", "com.ringdroid.RingdroidSelectActivity"]}, {"30fec0e14390377d25126a38a1c32632": ["3", "com.ringdroid.RingdroidSelectActivity"]}, {"30fec0e14390377d25126a38a1c32632": ["3", "com.ringdroid.RingdroidSelectActivity"]}, {"30fec0e14390377d25126a38a1c32632": ["3", "com.ringdroid.RingdroidSelectActivity"]}, {"30fec0e14390377d25126a38a1c32632": ["3", "com.ringdroid.RingdroidSelectActivity"]}, {"30fec0e14390377d25126a38a1c32632": ["3", "com.ringdroid.RingdroidSelectActivity"]}, {"30fec0e14390377d25126a38a1c32632": ["3", "com.ringdroid.RingdroidSelectActivity"]}, {"30fec0e14390377d25126a38a1c32632": ["3", "com.ringdroid.RingdroidSelectActivity"]}, {"30fec0e14390377d25126a38a1c32632": ["3", "com.ringdroid.RingdroidSelectActivity"]}, {"581e16aa53ddda5a407c1d052746b340": ["0", "com.ringdroid.RingdroidSelectActivity"]}, {"db9959a017890bfaf11a4f57861c249c": ["5", "com.ringdroid.RingdroidEditActivity"]}, {"db9959a017890bfaf11a4f57861c249c": ["5", "com.ringdroid.RingdroidEditActivity"]}, {"30fec0e14390377d25126a38a1c32632": ["3", "com.ringdroid.RingdroidSelectActivity"]}, {"30fec0e14390377d25126a38a1c32632": ["3", "com.ringdroid.RingdroidSelectActivity"]}, {"581e16aa53ddda5a407c1d052746b340": ["0", "com.ringdroid.RingdroidSelectActivity"]}, {"db9959a017890bfaf11a4f57861c249c": ["5", "com.ringdroid.RingdroidEditActivity"]}, {"30fec0e14390377d25126a38a1c32632": ["3", "com.ringdroid.RingdroidSelectActivity"]}, {"30fec0e14390377d25126a38a1c32632": ["3", "com.ringdroid.RingdroidSelectActivity"]}, {"30fec0e14390377d25126a38a1c32632": ["3", "com.ringdroid.RingdroidSelectActivity"]}, {"30fec0e14390377d25126a38a1c32632": ["3", "com.ringdroid.RingdroidSelectActivity"]}, {"30fec0e14390377d25126a38a1c32632": ["3", "com.ringdroid.RingdroidSelectActivity"]}, {"30fec0e14390377d25126a38a1c32632": ["3", "com.ringdroid.RingdroidSelectActivity"]}, {"ed70a8160732f0d0882e4bd44549b2f8": ["4", "com.ringdroid.RingdroidSelectActivity"]}, {"ed70a8160732f0d0882e4bd44549b2f8": ["4", "com.ringdroid.RingdroidSelectActivity"]}, {"ed70a8160732f0d0882e4bd44549b2f8": ["4", "com.ringdroid.RingdroidSelectActivity"]}, {"ed70a8160732f0d0882e4bd44549b2f8": ["4", "com.ringdroid.RingdroidSelectActivity"]}, {"581e16aa53ddda5a407c1d052746b340": ["0", "com.ringdroid.RingdroidSelectActivity"]}, {"db9959a017890bfaf11a4f57861c249c": ["5", "com.ringdroid.RingdroidEditActivity"]}, {"db9959a017890bfaf11a4f57861c249c": ["5", "com.ringdroid.RingdroidEditActivity"]}, {"30fec0e14390377d25126a38a1c32632": ["3", "com.ringdroid.RingdroidSelectActivity"]}, {"30fec0e14390377d25126a38a1c32632": ["3", "com.ringdroid.RingdroidSelectActivity"]}, {"30fec0e14390377d25126a38a1c32632": ["3", "com.ringdroid.RingdroidSelectActivity"]}, {"581e16aa53ddda5a407c1d052746b340": ["0", "com.ringdroid.RingdroidSelectActivity"]}, {"883437e751af6ea399ea5d9012dfad29": ["1", "com.ringdroid.RingdroidSelectActivity"]}, {"bb8f132b796d1f6d013455a41b4c7bcd": ["2", "com.ringdroid.RingdroidEditActivity"]}, {"30fec0e14390377d25126a38a1c32632": ["3", "com.ringdroid.RingdroidSelectActivity"]}, {"30fec0e14390377d25126a38a1c32632": ["3", "com.ringdroid.RingdroidSelectActivity"]}, {"30fec0e14390377d25126a38a1c32632": ["3", "com.ringdroid.RingdroidSelectActivity"]}, {"30fec0e14390377d25126a38a1c32632": ["3", "com.ringdroid.RingdroidSelectActivity"]}, {"30fec0e14390377d25126a38a1c32632": ["3", "com.ringdroid.RingdroidSelectActivity"]}, {"30fec0e14390377d25126a38a1c32632": ["3", "com.ringdroid.RingdroidSelectActivity"]}, {"581e16aa53ddda5a407c1d052746b340": ["0", "com.ringdroid.RingdroidSelectActivity"]}, {"722206a9807f0ef22757d5e4a798afbe": ["6", "com.ringdroid.RingdroidSelectActivity"]}, {"30fec0e14390377d25126a38a1c32632": ["3", "com.ringdroid.RingdroidSelectActivity"]}, {"ed70a8160732f0d0882e4bd44549b2f8": ["4", "com.ringdroid.RingdroidSelectActivity"]}, {"ed70a8160732f0d0882e4bd44549b2f8": ["4", "com.ringdroid.RingdroidSelectActivity"]}, {"581e16aa53ddda5a407c1d052746b340": ["0", "com.ringdroid.RingdroidSelectActivity"]}, {"db9959a017890bfaf11a4f57861c249c": ["5", "com.ringdroid.RingdroidEditActivity"]}, {"db9959a017890bfaf11a4f57861c249c": ["5", "com.ringdroid.RingdroidEditActivity"]}, {"db9959a017890bfaf11a4f57861c249c": ["5", "com.ringdroid.RingdroidEditActivity"]}, {"30fec0e14390377d25126a38a1c32632": ["3", "com.ringdroid.RingdroidSelectActivity"]}, {"30fec0e14390377d25126a38a1c32632": ["3", "com.ringdroid.RingdroidSelectActivity"]}, {"30fec0e14390377d25126a38a1c32632": ["3", "com.ringdroid.RingdroidSelectActivity"]}, {"30fec0e14390377d25126a38a1c32632": ["3", "com.ringdroid.RingdroidSelectActivity"]}, {"581e16aa53ddda5a407c1d052746b340": ["0", "com.ringdroid.RingdroidSelectActivity"]}, {"db9959a017890bfaf11a4f57861c249c": ["5", "com.ringdroid.RingdroidEditActivity"]}, {"30fec0e14390377d25126a38a1c32632": ["3", "com.ringdroid.RingdroidSelectActivity"]}, {"30fec0e14390377d25126a38a1c32632": ["3", "com.ringdroid.RingdroidSelectActivity"]}, {"30fec0e14390377d25126a38a1c32632": ["3", "com.ringdroid.RingdroidSelectActivity"]}, {"581e16aa53ddda5a407c1d052746b340": ["0", "com.ringdroid.RingdroidSelectActivity"]}, {"883437e751af6ea399ea5d9012dfad29": ["1", "com.ringdroid.RingdroidSelectActivity"]}, {"30fec0e14390377d25126a38a1c32632": ["3", "com.ringdroid.RingdroidSelectActivity"]}, {"1771d7a30bdfbc43f9cf2597786a72fb": ["9", "com.ringdroid.RingdroidSelectActivity"]}, {"ed70a8160732f0d0882e4bd44549b2f8": ["4", "com.ringdroid.RingdroidSelectActivity"]}, {"1771d7a30bdfbc43f9cf2597786a72fb": ["9", "com.ringdroid.RingdroidSelectActivity"]}, {"1771d7a30bdfbc43f9cf2597786a72fb": ["9", "com.ringdroid.RingdroidSelectActivity"]}, {"1771d7a30bdfbc43f9cf2597786a72fb": ["9", "com.ringdroid.RingdroidSelectActivity"]}, {"1771d7a30bdfbc43f9cf2597786a72fb": ["9", "com.ringdroid.RingdroidSelectActivity"]}, {"1771d7a30bdfbc43f9cf2597786a72fb": ["9", "com.ringdroid.RingdroidSelectActivity"]}, {"1771d7a30bdfbc43f9cf2597786a72fb": ["9", "com.ringdroid.RingdroidSelectActivity"]}, {"30fec0e14390377d25126a38a1c32632": ["3", "com.ringdroid.RingdroidSelectActivity"]}, {"30fec0e14390377d25126a38a1c32632": ["3", "com.ringdroid.RingdroidSelectActivity"]}, {"30fec0e14390377d25126a38a1c32632": ["3", "com.ringdroid.RingdroidSelectActivity"]}, {"30fec0e14390377d25126a38a1c32632": ["3", "com.ringdroid.RingdroidSelectActivity"]}, {"30fec0e14390377d25126a38a1c32632": ["3", "com.ringdroid.RingdroidSelectActivity"]}, {"30fec0e14390377d25126a38a1c32632": ["3", "com.ringdroid.RingdroidSelectActivity"]}, {"30fec0e14390377d25126a38a1c32632": ["3", "com.ringdroid.RingdroidSelectActivity"]}, {"30fec0e14390377d25126a38a1c32632": ["3", "com.ringdroid.RingdroidSelectActivity"]}, {"30fec0e14390377d25126a38a1c32632": ["3", "com.ringdroid.RingdroidSelectActivity"]}, {"30fec0e14390377d25126a38a1c32632": ["3", "com.ringdroid.RingdroidSelectActivity"]}, {"30fec0e14390377d25126a38a1c32632": ["3", "com.ringdroid.RingdroidSelectActivity"]}, {"30fec0e14390377d25126a38a1c32632": ["3", "com.ringdroid.RingdroidSelectActivity"]}, {"1771d7a30bdfbc43f9cf2597786a72fb": ["9", "com.ringdroid.RingdroidSelectActivity"]}, {"1771d7a30bdfbc43f9cf2597786a72fb": ["9", "com.ringdroid.RingdroidSelectActivity"]}, {"1771d7a30bdfbc43f9cf2597786a72fb": ["9", "com.ringdroid.RingdroidSelectActivity"]}, {"1771d7a30bdfbc43f9cf2597786a72fb": ["9", "com.ringdroid.RingdroidSelectActivity"]}, {"581e16aa53ddda5a407c1d052746b340": ["0", "com.ringdroid.RingdroidSelectActivity"]}, {"30fec0e14390377d25126a38a1c32632": ["3", "com.ringdroid.RingdroidSelectActivity"]}, {"1771d7a30bdfbc43f9cf2597786a72fb": ["9", "com.ringdroid.RingdroidSelectActivity"]}, {"1771d7a30bdfbc43f9cf2597786a72fb": ["9", "com.ringdroid.RingdroidSelectActivity"]}, {"ed70a8160732f0d0882e4bd44549b2f8": ["4", "com.ringdroid.RingdroidSelectActivity"]}, {"ed70a8160732f0d0882e4bd44549b2f8": ["4", "com.ringdroid.RingdroidSelectActivity"]}, {"1771d7a30bdfbc43f9cf2597786a72fb": ["9", "com.ringdroid.RingdroidSelectActivity"]}, {"1771d7a30bdfbc43f9cf2597786a72fb": ["9", "com.ringdroid.RingdroidSelectActivity"]}, {"1771d7a30bdfbc43f9cf2597786a72fb": ["9", "com.ringdroid.RingdroidSelectActivity"]}, {"1771d7a30bdfbc43f9cf2597786a72fb": ["9", "com.ringdroid.RingdroidSelectActivity"]}, {"1771d7a30bdfbc43f9cf2597786a72fb": ["9", "com.ringdroid.RingdroidSelectActivity"]}, {"1771d7a30bdfbc43f9cf2597786a72fb": ["9", "com.ringdroid.RingdroidSelectActivity"]}, {"1771d7a30bdfbc43f9cf2597786a72fb": ["9", "com.ringdroid.RingdroidSelectActivity"]}, {"1771d7a30bdfbc43f9cf2597786a72fb": ["9", "com.ringdroid.RingdroidSelectActivity"]}, {"30fec0e14390377d25126a38a1c32632": ["3", "com.ringdroid.RingdroidSelectActivity"]}, {"1771d7a30bdfbc43f9cf2597786a72fb": ["9", "com.ringdroid.RingdroidSelectActivity"]}, {"1771d7a30bdfbc43f9cf2597786a72fb": ["9", "com.ringdroid.RingdroidSelectActivity"]}, {"1771d7a30bdfbc43f9cf2597786a72fb": ["9", "com.ringdroid.RingdroidSelectActivity"]}, {"1771d7a30bdfbc43f9cf2597786a72fb": ["9", "com.ringdroid.RingdroidSelectActivity"]}, {"1771d7a30bdfbc43f9cf2597786a72fb": ["9", "com.ringdroid.RingdroidSelectActivity"]}, {"1771d7a30bdfbc43f9cf2597786a72fb": ["9", "com.ringdroid.RingdroidSelectActivity"]}, {"1771d7a30bdfbc43f9cf2597786a72fb": ["9", "com.ringdroid.RingdroidSelectActivity"]}, {"1771d7a30bdfbc43f9cf2597786a72fb": ["9", "com.ringdroid.RingdroidSelectActivity"]}, {"581e16aa53ddda5a407c1d052746b340": ["0", "com.ringdroid.RingdroidSelectActivity"]}, {"1771d7a30bdfbc43f9cf2597786a72fb": ["9", "com.ringdroid.RingdroidSelectActivity"]}, {"f5fe3cfdb928c073d2120a0afad0211a": ["13", "com.ringdroid.RingdroidSelectActivity"]}, {"f5fe3cfdb928c073d2120a0afad0211a": ["13", "com.ringdroid.RingdroidSelectActivity"]}, {"f5fe3cfdb928c073d2120a0afad0211a": ["13", "com.ringdroid.RingdroidSelectActivity"]}, {"1771d7a30bdfbc43f9cf2597786a72fb": ["9", "com.ringdroid.RingdroidSelectActivity"]}, {"30fec0e14390377d25126a38a1c32632": ["3", "com.ringdroid.RingdroidSelectActivity"]}, {"30fec0e14390377d25126a38a1c32632": ["3", "com.ringdroid.RingdroidSelectActivity"]}, {"30fec0e14390377d25126a38a1c32632": ["3", "com.ringdroid.RingdroidSelectActivity"]}, {"30fec0e14390377d25126a38a1c32632": ["3", "com.ringdroid.RingdroidSelectActivity"]}, {"30fec0e14390377d25126a38a1c32632": ["3", "com.ringdroid.RingdroidSelectActivity"]}, {"581e16aa53ddda5a407c1d052746b340": ["0", "com.ringdroid.RingdroidSelectActivity"]}, {"883437e751af6ea399ea5d9012dfad29": ["1", "com.ringdroid.RingdroidSelectActivity"]}, {"883437e751af6ea399ea5d9012dfad29": ["1", "com.ringdroid.RingdroidSelectActivity"]}, {"883437e751af6ea399ea5d9012dfad29": ["1", "com.ringdroid.RingdroidSelectActivity"]}, {"30fec0e14390377d25126a38a1c32632": ["3", "com.ringdroid.RingdroidSelectActivity"]}, {"ed70a8160732f0d0882e4bd44549b2f8": ["4", "com.ringdroid.RingdroidSelectActivity"]}, {"ed70a8160732f0d0882e4bd44549b2f8": ["4", "com.ringdroid.RingdroidSelectActivity"]}, {"1771d7a30bdfbc43f9cf2597786a72fb": ["9", "com.ringdroid.RingdroidSelectActivity"]}, {"1771d7a30bdfbc43f9cf2597786a72fb": ["9", "com.ringdroid.RingdroidSelectActivity"]}, {"1771d7a30bdfbc43f9cf2597786a72fb": ["9", "com.ringdroid.RingdroidSelectActivity"]}, {"1771d7a30bdfbc43f9cf2597786a72fb": ["9", "com.ringdroid.RingdroidSelectActivity"]}, {"1771d7a30bdfbc43f9cf2597786a72fb": ["9", "com.ringdroid.RingdroidSelectActivity"]}, {"1771d7a30bdfbc43f9cf2597786a72fb": ["9", "com.ringdroid.RingdroidSelectActivity"]}, {"1771d7a30bdfbc43f9cf2597786a72fb": ["9", "com.ringdroid.RingdroidSelectActivity"]}, {"1771d7a30bdfbc43f9cf2597786a72fb": ["9", "com.ringdroid.RingdroidSelectActivity"]}, {"1771d7a30bdfbc43f9cf2597786a72fb": ["9", "com.ringdroid.RingdroidSelectActivity"]}, {"1771d7a30bdfbc43f9cf2597786a72fb": ["9", "com.ringdroid.RingdroidSelectActivity"]}, {"1771d7a30bdfbc43f9cf2597786a72fb": ["9", "com.ringdroid.RingdroidSelectActivity"]}, {"1771d7a30bdfbc43f9cf2597786a72fb": ["9", "com.ringdroid.RingdroidSelectActivity"]}, {"1771d7a30bdfbc43f9cf2597786a72fb": ["9", "com.ringdroid.RingdroidSelectActivity"]}, {"581e16aa53ddda5a407c1d052746b340": ["0", "com.ringdroid.RingdroidSelectActivity"]}, {"1771d7a30bdfbc43f9cf2597786a72fb": ["9", "com.ringdroid.RingdroidSelectActivity"]}, {"1771d7a30bdfbc43f9cf2597786a72fb": ["9", "com.ringdroid.RingdroidSelectActivity"]}, {"1771d7a30bdfbc43f9cf2597786a72fb": ["9", "com.ringdroid.RingdroidSelectActivity"]}, {"1771d7a30bdfbc43f9cf2597786a72fb": ["9", "com.ringdroid.RingdroidSelectActivity"]}, {"1771d7a30bdfbc43f9cf2597786a72fb": ["9", "com.ringdroid.RingdroidSelectActivity"]}, {"1771d7a30bdfbc43f9cf2597786a72fb": ["9", "com.ringdroid.RingdroidSelectActivity"]}, {"581e16aa53ddda5a407c1d052746b340": ["0", "com.ringdroid.RingdroidSelectActivity"]}, {"db9959a017890bfaf11a4f57861c249c": ["5", "com.ringdroid.RingdroidEditActivity"]}, {"30fec0e14390377d25126a38a1c32632": ["3", "com.ringdroid.RingdroidSelectActivity"]}, {"30fec0e14390377d25126a38a1c32632": ["3", "com.ringdroid.RingdroidSelectActivity"]}, {"30fec0e14390377d25126a38a1c32632": ["3", "com.ringdroid.RingdroidSelectActivity"]}, {"30fec0e14390377d25126a38a1c32632": ["3", "com.ringdroid.RingdroidSelectActivity"]}, {"581e16aa53ddda5a407c1d052746b340": ["0", "com.ringdroid.RingdroidSelectActivity"]}, {"883437e751af6ea399ea5d9012dfad29": ["1", "com.ringdroid.RingdroidSelectActivity"]}, {"bb8f132b796d1f6d013455a41b4c7bcd": ["2", "com.ringdroid.RingdroidEditActivity"]}, {"30fec0e14390377d25126a38a1c32632": ["3", "com.ringdroid.RingdroidSelectActivity"]}, {"30fec0e14390377d25126a38a1c32632": ["3", "com.ringdroid.RingdroidSelectActivity"]}, {"30fec0e14390377d25126a38a1c32632": ["3", "com.ringdroid.RingdroidSelectActivity"]}, {"30fec0e14390377d25126a38a1c32632": ["3", "com.ringdroid.RingdroidSelectActivity"]}, {"30fec0e14390377d25126a38a1c32632": ["3", "com.ringdroid.RingdroidSelectActivity"]}, {"ed70a8160732f0d0882e4bd44549b2f8": ["4", "com.ringdroid.RingdroidSelectActivity"]}, {"ed70a8160732f0d0882e4bd44549b2f8": ["4", "com.ringdroid.RingdroidSelectActivity"]}, {"30fec0e14390377d25126a38a1c32632": ["3", "com.ringdroid.RingdroidSelectActivity"]}, {"30fec0e14390377d25126a38a1c32632": ["3", "com.ringdroid.RingdroidSelectActivity"]}, {"30fec0e14390377d25126a38a1c32632": ["3", "com.ringdroid.RingdroidSelectActivity"]}, {"581e16aa53ddda5a407c1d052746b340": ["0", "com.ringdroid.RingdroidSelectActivity"]}, {"722206a9807f0ef22757d5e4a798afbe": ["6", "com.ringdroid.RingdroidSelectActivity"]}, {"30fec0e14390377d25126a38a1c32632": ["3", "com.ringdroid.RingdroidSelectActivity"]}, {"30fec0e14390377d25126a38a1c32632": ["3", "com.ringdroid.RingdroidSelectActivity"]}, {"30fec0e14390377d25126a38a1c32632": ["3", "com.ringdroid.RingdroidSelectActivity"]}, {"1771d7a30bdfbc43f9cf2597786a72fb": ["9", "com.ringdroid.RingdroidSelectActivity"]}, {"1771d7a30bdfbc43f9cf2597786a72fb": ["9", "com.ringdroid.RingdroidSelectActivity"]}, {"1771d7a30bdfbc43f9cf2597786a72fb": ["9", "com.ringdroid.RingdroidSelectActivity"]}, {"581e16aa53ddda5a407c1d052746b340": ["0", "com.ringdroid.RingdroidSelectActivity"]}, {"1771d7a30bdfbc43f9cf2597786a72fb": ["9", "com.ringdroid.RingdroidSelectActivity"]}, {"883437e751af6ea399ea5d9012dfad29": ["1", "com.ringdroid.RingdroidSelectActivity"]}, {"30fec0e14390377d25126a38a1c32632": ["3", "com.ringdroid.RingdroidSelectActivity"]}, {"30fec0e14390377d25126a38a1c32632": ["3", "com.ringdroid.RingdroidSelectActivity"]}, {"30fec0e14390377d25126a38a1c32632": ["3", "com.ringdroid.RingdroidSelectActivity"]}, {"581e16aa53ddda5a407c1d052746b340": ["0", "com.ringdroid.RingdroidSelectActivity"]}, {"883437e751af6ea399ea5d9012dfad29": ["1", "com.ringdroid.RingdroidSelectActivity"]}, {"bb8f132b796d1f6d013455a41b4c7bcd": ["2", "com.ringdroid.RingdroidEditActivity"]}, {"30fec0e14390377d25126a38a1c32632": ["3", "com.ringdroid.RingdroidSelectActivity"]}, {"30fec0e14390377d25126a38a1c32632": ["3", "com.ringdroid.RingdroidSelectActivity"]}, {"30fec0e14390377d25126a38a1c32632": ["3", "com.ringdroid.RingdroidSelectActivity"]}, {"30fec0e14390377d25126a38a1c32632": ["3", "com.ringdroid.RingdroidSelectActivity"]}, {"30fec0e14390377d25126a38a1c32632": ["3", "com.ringdroid.RingdroidSelectActivity"]}, {"1771d7a30bdfbc43f9cf2597786a72fb": ["9", "com.ringdroid.RingdroidSelectActivity"]}, {"1771d7a30bdfbc43f9cf2597786a72fb": ["9", "com.ringdroid.RingdroidSelectActivity"]}, {"1771d7a30bdfbc43f9cf2597786a72fb": ["9", "com.ringdroid.RingdroidSelectActivity"]}, {"581e16aa53ddda5a407c1d052746b340": ["0", "com.ringdroid.RingdroidSelectActivity"]}, {"db9959a017890bfaf11a4f57861c249c": ["5", "com.ringdroid.RingdroidEditActivity"]}, {"db9959a017890bfaf11a4f57861c249c": ["5", "com.ringdroid.RingdroidEditActivity"]}, {"30fec0e14390377d25126a38a1c32632": ["3", "com.ringdroid.RingdroidSelectActivity"]}, {"30fec0e14390377d25126a38a1c32632": ["3", "com.ringdroid.RingdroidSelectActivity"]}, {"30fec0e14390377d25126a38a1c32632": ["3", "com.ringdroid.RingdroidSelectActivity"]}, {"30fec0e14390377d25126a38a1c32632": ["3", "com.ringdroid.RingdroidSelectActivity"]}, {"581e16aa53ddda5a407c1d052746b340": ["0", "com.ringdroid.RingdroidSelectActivity"]}, {"722206a9807f0ef22757d5e4a798afbe": ["6", "com.ringdroid.RingdroidSelectActivity"]}, {"1771d7a30bdfbc43f9cf2597786a72fb": ["9", "com.ringdroid.RingdroidSelectActivity"]}, {"1771d7a30bdfbc43f9cf2597786a72fb": ["9", "com.ringdroid.RingdroidSelectActivity"]}, {"1771d7a30bdfbc43f9cf2597786a72fb": ["9", "com.ringdroid.RingdroidSelectActivity"]}, {"1771d7a30bdfbc43f9cf2597786a72fb": ["9", "com.ringdroid.RingdroidSelectActivity"]}, {"1771d7a30bdfbc43f9cf2597786a72fb": ["9", "com.ringdroid.RingdroidSelectActivity"]}, {"581e16aa53ddda5a407c1d052746b340": ["0", "com.ringdroid.RingdroidSelectActivity"]}, {"722206a9807f0ef22757d5e4a798afbe": ["6", "com.ringdroid.RingdroidSelectActivity"]}, {"1771d7a30bdfbc43f9cf2597786a72fb": ["9", "com.ringdroid.RingdroidSelectActivity"]}, {"1771d7a30bdfbc43f9cf2597786a72fb": ["9", "com.ringdroid.RingdroidSelectActivity"]}, {"581e16aa53ddda5a407c1d052746b340": ["0", "com.ringdroid.RingdroidSelectActivity"]}, {"db9959a017890bfaf11a4f57861c249c": ["5", "com.ringdroid.RingdroidEditActivity"]}, {"db9959a017890bfaf11a4f57861c249c": ["5", "com.ringdroid.RingdroidEditActivity"]}, {"db9959a017890bfaf11a4f57861c249c": ["5", "com.ringdroid.RingdroidEditActivity"]}, {"db9959a017890bfaf11a4f57861c249c": ["5", "com.ringdroid.RingdroidEditActivity"]}, {"30fec0e14390377d25126a38a1c32632": ["3", "com.ringdroid.RingdroidSelectActivity"]}, {"30fec0e14390377d25126a38a1c32632": ["3", "com.ringdroid.RingdroidSelectActivity"]}, {"581e16aa53ddda5a407c1d052746b340": ["0", "com.ringdroid.RingdroidSelectActivity"]}, {"db9959a017890bfaf11a4f57861c249c": ["5", "com.ringdroid.RingdroidEditActivity"]}, {"db9959a017890bfaf11a4f57861c249c": ["5", "com.ringdroid.RingdroidEditActivity"]}, {"30fec0e14390377d25126a38a1c32632": ["3", "com.ringdroid.RingdroidSelectActivity"]}, {"30fec0e14390377d25126a38a1c32632": ["3", "com.ringdroid.RingdroidSelectActivity"]}, {"30fec0e14390377d25126a38a1c32632": ["3", "com.ringdroid.RingdroidSelectActivity"]}, {"30fec0e14390377d25126a38a1c32632": ["3", "com.ringdroid.RingdroidSelectActivity"]}, {"ed70a8160732f0d0882e4bd44549b2f8": ["4", "com.ringdroid.RingdroidSelectActivity"]}, {"ed70a8160732f0d0882e4bd44549b2f8": ["4", "com.ringdroid.RingdroidSelectActivity"]}, {"ed70a8160732f0d0882e4bd44549b2f8": ["4", "com.ringdroid.RingdroidSelectActivity"]}, {"ed70a8160732f0d0882e4bd44549b2f8": ["4", "com.ringdroid.RingdroidSelectActivity"]}, {"ed70a8160732f0d0882e4bd44549b2f8": ["4", "com.ringdroid.RingdroidSelectActivity"]}, {"581e16aa53ddda5a407c1d052746b340": ["0", "com.ringdroid.RingdroidSelectActivity"]}, {"722206a9807f0ef22757d5e4a798afbe": ["6", "com.ringdroid.RingdroidSelectActivity"]}, {"ed70a8160732f0d0882e4bd44549b2f8": ["4", "com.ringdroid.RingdroidSelectActivity"]}, {"ed70a8160732f0d0882e4bd44549b2f8": ["4", "com.ringdroid.RingdroidSelectActivity"]}, {"1771d7a30bdfbc43f9cf2597786a72fb": ["9", "com.ringdroid.RingdroidSelectActivity"]}, {"581e16aa53ddda5a407c1d052746b340": ["0", "com.ringdroid.RingdroidSelectActivity"]}, {"1771d7a30bdfbc43f9cf2597786a72fb": ["9", "com.ringdroid.RingdroidSelectActivity"]}, {"1771d7a30bdfbc43f9cf2597786a72fb": ["9", "com.ringdroid.RingdroidSelectActivity"]}, {"1771d7a30bdfbc43f9cf2597786a72fb": ["9", "com.ringdroid.RingdroidSelectActivity"]}, {"1771d7a30bdfbc43f9cf2597786a72fb": ["9", "com.ringdroid.RingdroidSelectActivity"]}, {"1771d7a30bdfbc43f9cf2597786a72fb": ["9", "com.ringdroid.RingdroidSelectActivity"]}, {"1771d7a30bdfbc43f9cf2597786a72fb": ["9", "com.ringdroid.RingdroidSelectActivity"]}, {"f5fe3cfdb928c073d2120a0afad0211a": ["13", "com.ringdroid.RingdroidSelectActivity"]}, {"bb8f132b796d1f6d013455a41b4c7bcd": ["2", "com.ringdroid.RingdroidEditActivity"]}, {"30fec0e14390377d25126a38a1c32632": ["3", "com.ringdroid.RingdroidSelectActivity"]}, {"30fec0e14390377d25126a38a1c32632": ["3", "com.ringdroid.RingdroidSelectActivity"]}, {"ed70a8160732f0d0882e4bd44549b2f8": ["4", "com.ringdroid.RingdroidSelectActivity"]}, {"1771d7a30bdfbc43f9cf2597786a72fb": ["9", "com.ringdroid.RingdroidSelectActivity"]}, {"30fec0e14390377d25126a38a1c32632": ["3", "com.ringdroid.RingdroidSelectActivity"]}, {"30fec0e14390377d25126a38a1c32632": ["3", "com.ringdroid.RingdroidSelectActivity"]}, {"30fec0e14390377d25126a38a1c32632": ["3", "com.ringdroid.RingdroidSelectActivity"]}, {"30fec0e14390377d25126a38a1c32632": ["3", "com.ringdroid.RingdroidSelectActivity"]}, {"30fec0e14390377d25126a38a1c32632": ["3", "com.ringdroid.RingdroidSelectActivity"]}, {"30fec0e14390377d25126a38a1c32632": ["3", "com.ringdroid.RingdroidSelectActivity"]}, {"30fec0e14390377d25126a38a1c32632": ["3", "com.ringdroid.RingdroidSelectActivity"]}, {"30fec0e14390377d25126a38a1c32632": ["3", "com.ringdroid.RingdroidSelectActivity"]}, {"30fec0e14390377d25126a38a1c32632": ["3", "com.ringdroid.RingdroidSelectActivity"]}, {"30fec0e14390377d25126a38a1c32632": ["3", "com.ringdroid.RingdroidSelectActivity"]}, {"30fec0e14390377d25126a38a1c32632": ["3", "com.ringdroid.RingdroidSelectActivity"]}, {"30fec0e14390377d25126a38a1c32632": ["3", "com.ringdroid.RingdroidSelectActivity"]}, {"30fec0e14390377d25126a38a1c32632": ["3", "com.ringdroid.RingdroidSelectActivity"]}, {"581e16aa53ddda5a407c1d052746b340": ["0", "com.ringdroid.RingdroidSelectActivity"]}, {"883437e751af6ea399ea5d9012dfad29": ["1", "com.ringdroid.RingdroidSelectActivity"]}, {"bb8f132b796d1f6d013455a41b4c7bcd": ["2", "com.ringdroid.RingdroidEditActivity"]}, {"883437e751af6ea399ea5d9012dfad29": ["1", "com.ringdroid.RingdroidSelectActivity"]}, {"30fec0e14390377d25126a38a1c32632": ["3", "com.ringdroid.RingdroidSelectActivity"]}, {"1771d7a30bdfbc43f9cf2597786a72fb": ["9", "com.ringdroid.RingdroidSelectActivity"]}, {"1771d7a30bdfbc43f9cf2597786a72fb": ["9", "com.ringdroid.RingdroidSelectActivity"]}, {"1771d7a30bdfbc43f9cf2597786a72fb": ["9", "com.ringdroid.RingdroidSelectActivity"]}, {"30fec0e14390377d25126a38a1c32632": ["3", "com.ringdroid.RingdroidSelectActivity"]}, {"30fec0e14390377d25126a38a1c32632": ["3", "com.ringdroid.RingdroidSelectActivity"]}, {"30fec0e14390377d25126a38a1c32632": ["3", "com.ringdroid.RingdroidSelectActivity"]}, {"581e16aa53ddda5a407c1d052746b340": ["0", "com.ringdroid.RingdroidSelectActivity"]}, {"883437e751af6ea399ea5d9012dfad29": ["1", "com.ringdroid.RingdroidSelectActivity"]}, {"bb8f132b796d1f6d013455a41b4c7bcd": ["2", "com.ringdroid.RingdroidEditActivity"]}, {"30fec0e14390377d25126a38a1c32632": ["3", "com.ringdroid.RingdroidSelectActivity"]}, {"30fec0e14390377d25126a38a1c32632": ["3", "com.ringdroid.RingdroidSelectActivity"]}, {"581e16aa53ddda5a407c1d052746b340": ["0", "com.ringdroid.RingdroidSelectActivity"]}, {"db9959a017890bfaf11a4f57861c249c": ["5", "com.ringdroid.RingdroidEditActivity"]}, {"db9959a017890bfaf11a4f57861c249c": ["5", "com.ringdroid.RingdroidEditActivity"]}, {"30fec0e14390377d25126a38a1c32632": ["3", "com.ringdroid.RingdroidSelectActivity"]}, {"ed70a8160732f0d0882e4bd44549b2f8": ["4", "com.ringdroid.RingdroidSelectActivity"]}, {"581e16aa53ddda5a407c1d052746b340": ["0", "com.ringdroid.RingdroidSelectActivity"]}, {"db9959a017890bfaf11a4f57861c249c": ["5", "com.ringdroid.RingdroidEditActivity"]}, {"db9959a017890bfaf11a4f57861c249c": ["5", "com.ringdroid.RingdroidEditActivity"]}, {"db9959a017890bfaf11a4f57861c249c": ["5", "com.ringdroid.RingdroidEditActivity"]}, {"30fec0e14390377d25126a38a1c32632": ["3", "com.ringdroid.RingdroidSelectActivity"]}, {"30fec0e14390377d25126a38a1c32632": ["3", "com.ringdroid.RingdroidSelectActivity"]}, {"581e16aa53ddda5a407c1d052746b340": ["0", "com.ringdroid.RingdroidSelectActivity"]}, {"722206a9807f0ef22757d5e4a798afbe": ["6", "com.ringdroid.RingdroidSelectActivity"]}, {"30fec0e14390377d25126a38a1c32632": ["3", "com.ringdroid.RingdroidSelectActivity"]}, {"1771d7a30bdfbc43f9cf2597786a72fb": ["9", "com.ringdroid.RingdroidSelectActivity"]}, {"1771d7a30bdfbc43f9cf2597786a72fb": ["9", "com.ringdroid.RingdroidSelectActivity"]}, {"1771d7a30bdfbc43f9cf2597786a72fb": ["9", "com.ringdroid.RingdroidSelectActivity"]}, {"1771d7a30bdfbc43f9cf2597786a72fb": ["9", "com.ringdroid.RingdroidSelectActivity"]}, {"1771d7a30bdfbc43f9cf2597786a72fb": ["9", "com.ringdroid.RingdroidSelectActivity"]}, {"1771d7a30bdfbc43f9cf2597786a72fb": ["9", "com.ringdroid.RingdroidSelectActivity"]}, {"1771d7a30bdfbc43f9cf2597786a72fb": ["9", "com.ringdroid.RingdroidSelectActivity"]}, {"1771d7a30bdfbc43f9cf2597786a72fb": ["9", "com.ringdroid.RingdroidSelectActivity"]}, {"1771d7a30bdfbc43f9cf2597786a72fb": ["9", "com.ringdroid.RingdroidSelectActivity"]}, {"1771d7a30bdfbc43f9cf2597786a72fb": ["9", "com.ringdroid.RingdroidSelectActivity"]}, {"1771d7a30bdfbc43f9cf2597786a72fb": ["9", "com.ringdroid.RingdroidSelectActivity"]}, {"30fec0e14390377d25126a38a1c32632": ["3", "com.ringdroid.RingdroidSelectActivity"]}, {"30fec0e14390377d25126a38a1c32632": ["3", "com.ringdroid.RingdroidSelectActivity"]}, {"581e16aa53ddda5a407c1d052746b340": ["0", "com.ringdroid.RingdroidSelectActivity"]}, {"722206a9807f0ef22757d5e4a798afbe": ["6", "com.ringdroid.RingdroidSelectActivity"]}, {"30fec0e14390377d25126a38a1c32632": ["3", "com.ringdroid.RingdroidSelectActivity"]}, {"30fec0e14390377d25126a38a1c32632": ["3", "com.ringdroid.RingdroidSelectActivity"]}, {"30fec0e14390377d25126a38a1c32632": ["3", "com.ringdroid.RingdroidSelectActivity"]}, {"30fec0e14390377d25126a38a1c32632": ["3", "com.ringdroid.RingdroidSelectActivity"]}, {"30fec0e14390377d25126a38a1c32632": ["3", "com.ringdroid.RingdroidSelectActivity"]}, {"30fec0e14390377d25126a38a1c32632": ["3", "com.ringdroid.RingdroidSelectActivity"]}, {"30fec0e14390377d25126a38a1c32632": ["3", "com.ringdroid.RingdroidSelectActivity"]}, {"ed70a8160732f0d0882e4bd44549b2f8": ["4", "com.ringdroid.RingdroidSelectActivity"]}, {"1771d7a30bdfbc43f9cf2597786a72fb": ["9", "com.ringdroid.RingdroidSelectActivity"]}, {"30fec0e14390377d25126a38a1c32632": ["3", "com.ringdroid.RingdroidSelectActivity"]}, {"30fec0e14390377d25126a38a1c32632": ["3", "com.ringdroid.RingdroidSelectActivity"]}, {"ed70a8160732f0d0882e4bd44549b2f8": ["4", "com.ringdroid.RingdroidSelectActivity"]}, {"30fec0e14390377d25126a38a1c32632": ["3", "com.ringdroid.RingdroidSelectActivity"]}, {"30fec0e14390377d25126a38a1c32632": ["3", "com.ringdroid.RingdroidSelectActivity"]}, {"30fec0e14390377d25126a38a1c32632": ["3", "com.ringdroid.RingdroidSelectActivity"]}, {"30fec0e14390377d25126a38a1c32632": ["3", "com.ringdroid.RingdroidSelectActivity"]}, {"581e16aa53ddda5a407c1d052746b340": ["0", "com.ringdroid.RingdroidSelectActivity"]}, {"722206a9807f0ef22757d5e4a798afbe": ["6", "com.ringdroid.RingdroidSelectActivity"]}, {"30fec0e14390377d25126a38a1c32632": ["3", "com.ringdroid.RingdroidSelectActivity"]}, {"30fec0e14390377d25126a38a1c32632": ["3", "com.ringdroid.RingdroidSelectActivity"]}, {"ed70a8160732f0d0882e4bd44549b2f8": ["4", "com.ringdroid.RingdroidSelectActivity"]}, {"ed70a8160732f0d0882e4bd44549b2f8": ["4", "com.ringdroid.RingdroidSelectActivity"]}, {"ed70a8160732f0d0882e4bd44549b2f8": ["4", "com.ringdroid.RingdroidSelectActivity"]}, {"ed70a8160732f0d0882e4bd44549b2f8": ["4", "com.ringdroid.RingdroidSelectActivity"]}, {"ed70a8160732f0d0882e4bd44549b2f8": ["4", "com.ringdroid.RingdroidSelectActivity"]}, {"ed70a8160732f0d0882e4bd44549b2f8": ["4", "com.ringdroid.RingdroidSelectActivity"]}, {"ed70a8160732f0d0882e4bd44549b2f8": ["4", "com.ringdroid.RingdroidSelectActivity"]}, {"30fec0e14390377d25126a38a1c32632": ["3", "com.ringdroid.RingdroidSelectActivity"]}, {"30fec0e14390377d25126a38a1c32632": ["3", "com.ringdroid.RingdroidSelectActivity"]}, {"581e16aa53ddda5a407c1d052746b340": ["0", "com.ringdroid.RingdroidSelectActivity"]}, {"883437e751af6ea399ea5d9012dfad29": ["1", "com.ringdroid.RingdroidSelectActivity"]}, {"30fec0e14390377d25126a38a1c32632": ["3", "com.ringdroid.RingdroidSelectActivity"]}, {"581e16aa53ddda5a407c1d052746b340": ["0", "com.ringdroid.RingdroidSelectActivity"]}, {"722206a9807f0ef22757d5e4a798afbe": ["6", "com.ringdroid.RingdroidSelectActivity"]}, {"30fec0e14390377d25126a38a1c32632": ["3", "com.ringdroid.RingdroidSelectActivity"]}, {"30fec0e14390377d25126a38a1c32632": ["3", "com.ringdroid.RingdroidSelectActivity"]}, {"ed70a8160732f0d0882e4bd44549b2f8": ["4", "com.ringdroid.RingdroidSelectActivity"]}, {"30fec0e14390377d25126a38a1c32632": ["3", "com.ringdroid.RingdroidSelectActivity"]}, {"581e16aa53ddda5a407c1d052746b340": ["0", "com.ringdroid.RingdroidSelectActivity"]}, {"883437e751af6ea399ea5d9012dfad29": ["1", "com.ringdroid.RingdroidSelectActivity"]}, {"bb8f132b796d1f6d013455a41b4c7bcd": ["2", "com.ringdroid.RingdroidEditActivity"]}, {"30fec0e14390377d25126a38a1c32632": ["3", "com.ringdroid.RingdroidSelectActivity"]}, {"30fec0e14390377d25126a38a1c32632": ["3", "com.ringdroid.RingdroidSelectActivity"]}, {"30fec0e14390377d25126a38a1c32632": ["3", "com.ringdroid.RingdroidSelectActivity"]}, {"30fec0e14390377d25126a38a1c32632": ["3", "com.ringdroid.RingdroidSelectActivity"]}, {"30fec0e14390377d25126a38a1c32632": ["3", "com.ringdroid.RingdroidSelectActivity"]}, {"30fec0e14390377d25126a38a1c32632": ["3", "com.ringdroid.RingdroidSelectActivity"]}, {"581e16aa53ddda5a407c1d052746b340": ["0", "com.ringdroid.RingdroidSelectActivity"]}, {"883437e751af6ea399ea5d9012dfad29": ["1", "com.ringdroid.RingdroidSelectActivity"]}, {"883437e751af6ea399ea5d9012dfad29": ["1", "com.ringdroid.RingdroidSelectActivity"]}, {"bb8f132b796d1f6d013455a41b4c7bcd": ["2", "com.ringdroid.RingdroidEditActivity"]}, {"30fec0e14390377d25126a38a1c32632": ["3", "com.ringdroid.RingdroidSelectActivity"]}, {"30fec0e14390377d25126a38a1c32632": ["3", "com.ringdroid.RingdroidSelectActivity"]}, {"30fec0e14390377d25126a38a1c32632": ["3", "com.ringdroid.RingdroidSelectActivity"]}, {"30fec0e14390377d25126a38a1c32632": ["3", "com.ringdroid.RingdroidSelectActivity"]}, {"30fec0e14390377d25126a38a1c32632": ["3", "com.ringdroid.RingdroidSelectActivity"]}, {"581e16aa53ddda5a407c1d052746b340": ["0", "com.ringdroid.RingdroidSelectActivity"]}, {"722206a9807f0ef22757d5e4a798afbe": ["6", "com.ringdroid.RingdroidSelectActivity"]}, {"30fec0e14390377d25126a38a1c32632": ["3", "com.ringdroid.RingdroidSelectActivity"]}, {"30fec0e14390377d25126a38a1c32632": ["3", "com.ringdroid.RingdroidSelectActivity"]}, {"30fec0e14390377d25126a38a1c32632": ["3", "com.ringdroid.RingdroidSelectActivity"]}, {"30fec0e14390377d25126a38a1c32632": ["3", "com.ringdroid.RingdroidSelectActivity"]}, {"30fec0e14390377d25126a38a1c32632": ["3", "com.ringdroid.RingdroidSelectActivity"]}, {"1771d7a30bdfbc43f9cf2597786a72fb": ["9", "com.ringdroid.RingdroidSelectActivity"]}, {"1771d7a30bdfbc43f9cf2597786a72fb": ["9", "com.ringdroid.RingdroidSelectActivity"]}, {"1771d7a30bdfbc43f9cf2597786a72fb": ["9", "com.ringdroid.RingdroidSelectActivity"]}, {"30fec0e14390377d25126a38a1c32632": ["3", "com.ringdroid.RingdroidSelectActivity"]}, {"30fec0e14390377d25126a38a1c32632": ["3", "com.ringdroid.RingdroidSelectActivity"]}, {"30fec0e14390377d25126a38a1c32632": ["3", "com.ringdroid.RingdroidSelectActivity"]}, {"30fec0e14390377d25126a38a1c32632": ["3", "com.ringdroid.RingdroidSelectActivity"]}, {"581e16aa53ddda5a407c1d052746b340": ["0", "com.ringdroid.RingdroidSelectActivity"]}, {"db9959a017890bfaf11a4f57861c249c": ["5", "com.ringdroid.RingdroidEditActivity"]}, {"db9959a017890bfaf11a4f57861c249c": ["5", "com.ringdroid.RingdroidEditActivity"]}, {"db9959a017890bfaf11a4f57861c249c": ["5", "com.ringdroid.RingdroidEditActivity"]}, {"db9959a017890bfaf11a4f57861c249c": ["5", "com.ringdroid.RingdroidEditActivity"]}, {"30fec0e14390377d25126a38a1c32632": ["3", "com.ringdroid.RingdroidSelectActivity"]}, {"30fec0e14390377d25126a38a1c32632": ["3", "com.ringdroid.RingdroidSelectActivity"]}, {"30fec0e14390377d25126a38a1c32632": ["3", "com.ringdroid.RingdroidSelectActivity"]}, {"30fec0e14390377d25126a38a1c32632": ["3", "com.ringdroid.RingdroidSelectActivity"]}, {"30fec0e14390377d25126a38a1c32632": ["3", "com.ringdroid.RingdroidSelectActivity"]}, {"30fec0e14390377d25126a38a1c32632": ["3", "com.ringdroid.RingdroidSelectActivity"]}, {"ed70a8160732f0d0882e4bd44549b2f8": ["4", "com.ringdroid.RingdroidSelectActivity"]}, {"ed70a8160732f0d0882e4bd44549b2f8": ["4", "com.ringdroid.RingdroidSelectActivity"]}, {"ed70a8160732f0d0882e4bd44549b2f8": ["4", "com.ringdroid.RingdroidSelectActivity"]}, {"581e16aa53ddda5a407c1d052746b340": ["0", "com.ringdroid.RingdroidSelectActivity"]}, {"db9959a017890bfaf11a4f57861c249c": ["5", "com.ringdroid.RingdroidEditActivity"]}, {"30fec0e14390377d25126a38a1c32632": ["3", "com.ringdroid.RingdroidSelectActivity"]}, {"30fec0e14390377d25126a38a1c32632": ["3", "com.ringdroid.RingdroidSelectActivity"]}, {"30fec0e14390377d25126a38a1c32632": ["3", "com.ringdroid.RingdroidSelectActivity"]}, {"1771d7a30bdfbc43f9cf2597786a72fb": ["9", "com.ringdroid.RingdroidSelectActivity"]}, {"1771d7a30bdfbc43f9cf2597786a72fb": ["9", "com.ringdroid.RingdroidSelectActivity"]}, {"581e16aa53ddda5a407c1d052746b340": ["0", "com.ringdroid.RingdroidSelectActivity"]}, {"581e16aa53ddda5a407c1d052746b340": ["0", "com.ringdroid.RingdroidSelectActivity"]}, {"30fec0e14390377d25126a38a1c32632": ["3", "com.ringdroid.RingdroidSelectActivity"]}, {"30fec0e14390377d25126a38a1c32632": ["3", "com.ringdroid.RingdroidSelectActivity"]}, {"30fec0e14390377d25126a38a1c32632": ["3", "com.ringdroid.RingdroidSelectActivity"]}, {"30fec0e14390377d25126a38a1c32632": ["3", "com.ringdroid.RingdroidSelectActivity"]}, {"30fec0e14390377d25126a38a1c32632": ["3", "com.ringdroid.RingdroidSelectActivity"]}, {"30fec0e14390377d25126a38a1c32632": ["3", "com.ringdroid.RingdroidSelectActivity"]}, {"30fec0e14390377d25126a38a1c32632": ["3", "com.ringdroid.RingdroidSelectActivity"]}, {"30fec0e14390377d25126a38a1c32632": ["3", "com.ringdroid.RingdroidSelectActivity"]}, {"30fec0e14390377d25126a38a1c32632": ["3", "com.ringdroid.RingdroidSelectActivity"]}, {"30fec0e14390377d25126a38a1c32632": ["3", "com.ringdroid.RingdroidSelectActivity"]}, {"30fec0e14390377d25126a38a1c32632": ["3", "com.ringdroid.RingdroidSelectActivity"]}, {"30fec0e14390377d25126a38a1c32632": ["3", "com.ringdroid.RingdroidSelectActivity"]}, {"30fec0e14390377d25126a38a1c32632": ["3", "com.ringdroid.RingdroidSelectActivity"]}, {"581e16aa53ddda5a407c1d052746b340": ["0", "com.ringdroid.RingdroidSelectActivity"]}, {"722206a9807f0ef22757d5e4a798afbe": ["6", "com.ringdroid.RingdroidSelectActivity"]}, {"30fec0e14390377d25126a38a1c32632": ["3", "com.ringdroid.RingdroidSelectActivity"]}, {"30fec0e14390377d25126a38a1c32632": ["3", "com.ringdroid.RingdroidSelectActivity"]}, {"30fec0e14390377d25126a38a1c32632": ["3", "com.ringdroid.RingdroidSelectActivity"]}, {"30fec0e14390377d25126a38a1c32632": ["3", "com.ringdroid.RingdroidSelectActivity"]}, {"30fec0e14390377d25126a38a1c32632": ["3", "com.ringdroid.RingdroidSelectActivity"]}, {"30fec0e14390377d25126a38a1c32632": ["3", "com.ringdroid.RingdroidSelectActivity"]}, {"30fec0e14390377d25126a38a1c32632": ["3", "com.ringdroid.RingdroidSelectActivity"]}, {"581e16aa53ddda5a407c1d052746b340": ["0", "com.ringdroid.RingdroidSelectActivity"]}, {"883437e751af6ea399ea5d9012dfad29": ["1", "com.ringdroid.RingdroidSelectActivity"]}, {"883437e751af6ea399ea5d9012dfad29": ["1", "com.ringdroid.RingdroidSelectActivity"]}, {"bb8f132b796d1f6d013455a41b4c7bcd": ["2", "com.ringdroid.RingdroidEditActivity"]}, {"30fec0e14390377d25126a38a1c32632": ["3", "com.ringdroid.RingdroidSelectActivity"]}, {"30fec0e14390377d25126a38a1c32632": ["3", "com.ringdroid.RingdroidSelectActivity"]}, {"581e16aa53ddda5a407c1d052746b340": ["0", "com.ringdroid.RingdroidSelectActivity"]}, {"db9959a017890bfaf11a4f57861c249c": ["5", "com.ringdroid.RingdroidEditActivity"]}, {"30fec0e14390377d25126a38a1c32632": ["3", "com.ringdroid.RingdroidSelectActivity"]}, {"30fec0e14390377d25126a38a1c32632": ["3", "com.ringdroid.RingdroidSelectActivity"]}, {"30fec0e14390377d25126a38a1c32632": ["3", "com.ringdroid.RingdroidSelectActivity"]}, {"30fec0e14390377d25126a38a1c32632": ["3", "com.ringdroid.RingdroidSelectActivity"]}, {"30fec0e14390377d25126a38a1c32632": ["3", "com.ringdroid.RingdroidSelectActivity"]}, {"30fec0e14390377d25126a38a1c32632": ["3", "com.ringdroid.RingdroidSelectActivity"]}, {"30fec0e14390377d25126a38a1c32632": ["3", "com.ringdroid.RingdroidSelectActivity"]}, {"30fec0e14390377d25126a38a1c32632": ["3", "com.ringdroid.RingdroidSelectActivity"]}, {"30fec0e14390377d25126a38a1c32632": ["3", "com.ringdroid.RingdroidSelectActivity"]}, {"30fec0e14390377d25126a38a1c32632": ["3", "com.ringdroid.RingdroidSelectActivity"]}, {"ed70a8160732f0d0882e4bd44549b2f8": ["4", "com.ringdroid.RingdroidSelectActivity"]}, {"1771d7a30bdfbc43f9cf2597786a72fb": ["9", "com.ringdroid.RingdroidSelectActivity"]}, {"1771d7a30bdfbc43f9cf2597786a72fb": ["9", "com.ringdroid.RingdroidSelectActivity"]}, {"1771d7a30bdfbc43f9cf2597786a72fb": ["9", "com.ringdroid.RingdroidSelectActivity"]}, {"1771d7a30bdfbc43f9cf2597786a72fb": ["9", "com.ringdroid.RingdroidSelectActivity"]}, {"1771d7a30bdfbc43f9cf2597786a72fb": ["9", "com.ringdroid.RingdroidSelectActivity"]}, {"1771d7a30bdfbc43f9cf2597786a72fb": ["9", "com.ringdroid.RingdroidSelectActivity"]}, {"ed70a8160732f0d0882e4bd44549b2f8": ["4", "com.ringdroid.RingdroidSelectActivity"]}, {"1771d7a30bdfbc43f9cf2597786a72fb": ["9", "com.ringdroid.RingdroidSelectActivity"]}, {"30fec0e14390377d25126a38a1c32632": ["3", "com.ringdroid.RingdroidSelectActivity"]}, {"30fec0e14390377d25126a38a1c32632": ["3", "com.ringdroid.RingdroidSelectActivity"]}, {"30fec0e14390377d25126a38a1c32632": ["3", "com.ringdroid.RingdroidSelectActivity"]}, {"30fec0e14390377d25126a38a1c32632": ["3", "com.ringdroid.RingdroidSelectActivity"]}, {"30fec0e14390377d25126a38a1c32632": ["3", "com.ringdroid.RingdroidSelectActivity"]}, {"30fec0e14390377d25126a38a1c32632": ["3", "com.ringdroid.RingdroidSelectActivity"]}, {"581e16aa53ddda5a407c1d052746b340": ["0", "com.ringdroid.RingdroidSelectActivity"]}, {"30fec0e14390377d25126a38a1c32632": ["3", "com.ringdroid.RingdroidSelectActivity"]}, {"30fec0e14390377d25126a38a1c32632": ["3", "com.ringdroid.RingdroidSelectActivity"]}, {"ed70a8160732f0d0882e4bd44549b2f8": ["4", "com.ringdroid.RingdroidSelectActivity"]}, {"ed70a8160732f0d0882e4bd44549b2f8": ["4", "com.ringdroid.RingdroidSelectActivity"]}, {"ed70a8160732f0d0882e4bd44549b2f8": ["4", "com.ringdroid.RingdroidSelectActivity"]}, {"ed70a8160732f0d0882e4bd44549b2f8": ["4", "com.ringdroid.RingdroidSelectActivity"]}, {"581e16aa53ddda5a407c1d052746b340": ["0", "com.ringdroid.RingdroidSelectActivity"]}, {"581e16aa53ddda5a407c1d052746b340": ["0", "com.ringdroid.RingdroidSelectActivity"]}, {"722206a9807f0ef22757d5e4a798afbe": ["6", "com.ringdroid.RingdroidSelectActivity"]}, {"6d6ea625d5a251c39b4615b64e589e87": ["19", "com.ringdroid.RingdroidSelectActivity"]}, {"30fec0e14390377d25126a38a1c32632": ["3", "com.ringdroid.RingdroidSelectActivity"]}, {"30fec0e14390377d25126a38a1c32632": ["3", "com.ringdroid.RingdroidSelectActivity"]}, {"30fec0e14390377d25126a38a1c32632": ["3", "com.ringdroid.RingdroidSelectActivity"]}, {"30fec0e14390377d25126a38a1c32632": ["3", "com.ringdroid.RingdroidSelectActivity"]}, {"30fec0e14390377d25126a38a1c32632": ["3", "com.ringdroid.RingdroidSelectActivity"]}, {"1771d7a30bdfbc43f9cf2597786a72fb": ["9", "com.ringdroid.RingdroidSelectActivity"]}, {"30fec0e14390377d25126a38a1c32632": ["3", "com.ringdroid.RingdroidSelectActivity"]}, {"30fec0e14390377d25126a38a1c32632": ["3", "com.ringdroid.RingdroidSelectActivity"]}, {"30fec0e14390377d25126a38a1c32632": ["3", "com.ringdroid.RingdroidSelectActivity"]}, {"30fec0e14390377d25126a38a1c32632": ["3", "com.ringdroid.RingdroidSelectActivity"]}, {"30fec0e14390377d25126a38a1c32632": ["3", "com.ringdroid.RingdroidSelectActivity"]}, {"1771d7a30bdfbc43f9cf2597786a72fb": ["9", "com.ringdroid.RingdroidSelectActivity"]}, {"30fec0e14390377d25126a38a1c32632": ["3", "com.ringdroid.RingdroidSelectActivity"]}, {"581e16aa53ddda5a407c1d052746b340": ["0", "com.ringdroid.RingdroidSelectActivity"]}, {"722206a9807f0ef22757d5e4a798afbe": ["6", "com.ringdroid.RingdroidSelectActivity"]}, {"30fec0e14390377d25126a38a1c32632": ["3", "com.ringdroid.RingdroidSelectActivity"]}, {"30fec0e14390377d25126a38a1c32632": ["3", "com.ringdroid.RingdroidSelectActivity"]}, {"30fec0e14390377d25126a38a1c32632": ["3", "com.ringdroid.RingdroidSelectActivity"]}, {"30fec0e14390377d25126a38a1c32632": ["3", "com.ringdroid.RingdroidSelectActivity"]}, {"30fec0e14390377d25126a38a1c32632": ["3", "com.ringdroid.RingdroidSelectActivity"]}, {"1771d7a30bdfbc43f9cf2597786a72fb": ["9", "com.ringdroid.RingdroidSelectActivity"]}, {"1771d7a30bdfbc43f9cf2597786a72fb": ["9", "com.ringdroid.RingdroidSelectActivity"]}, {"1771d7a30bdfbc43f9cf2597786a72fb": ["9", "com.ringdroid.RingdroidSelectActivity"]}, {"30fec0e14390377d25126a38a1c32632": ["3", "com.ringdroid.RingdroidSelectActivity"]}, {"30fec0e14390377d25126a38a1c32632": ["3", "com.ringdroid.RingdroidSelectActivity"]}, {"30fec0e14390377d25126a38a1c32632": ["3", "com.ringdroid.RingdroidSelectActivity"]}, {"30fec0e14390377d25126a38a1c32632": ["3", "com.ringdroid.RingdroidSelectActivity"]}, {"1771d7a30bdfbc43f9cf2597786a72fb": ["9", "com.ringdroid.RingdroidSelectActivity"]}, {"1771d7a30bdfbc43f9cf2597786a72fb": ["9", "com.ringdroid.RingdroidSelectActivity"]}, {"1771d7a30bdfbc43f9cf2597786a72fb": ["9", "com.ringdroid.RingdroidSelectActivity"]}, {"581e16aa53ddda5a407c1d052746b340": ["0", "com.ringdroid.RingdroidSelectActivity"]}, {"722206a9807f0ef22757d5e4a798afbe": ["6", "com.ringdroid.RingdroidSelectActivity"]}, {"1771d7a30bdfbc43f9cf2597786a72fb": ["9", "com.ringdroid.RingdroidSelectActivity"]}, {"1771d7a30bdfbc43f9cf2597786a72fb": ["9", "com.ringdroid.RingdroidSelectActivity"]}, {"1771d7a30bdfbc43f9cf2597786a72fb": ["9", "com.ringdroid.RingdroidSelectActivity"]}, {"1771d7a30bdfbc43f9cf2597786a72fb": ["9", "com.ringdroid.RingdroidSelectActivity"]}, {"ed70a8160732f0d0882e4bd44549b2f8": ["4", "com.ringdroid.RingdroidSelectActivity"]}, {"ed70a8160732f0d0882e4bd44549b2f8": ["4", "com.ringdroid.RingdroidSelectActivity"]}, {"1771d7a30bdfbc43f9cf2597786a72fb": ["9", "com.ringdroid.RingdroidSelectActivity"]}, {"1771d7a30bdfbc43f9cf2597786a72fb": ["9", "com.ringdroid.RingdroidSelectActivity"]}, {"30fec0e14390377d25126a38a1c32632": ["3", "com.ringdroid.RingdroidSelectActivity"]}, {"30fec0e14390377d25126a38a1c32632": ["3", "com.ringdroid.RingdroidSelectActivity"]}, {"30fec0e14390377d25126a38a1c32632": ["3", "com.ringdroid.RingdroidSelectActivity"]}, {"581e16aa53ddda5a407c1d052746b340": ["0", "com.ringdroid.RingdroidSelectActivity"]}, {"883437e751af6ea399ea5d9012dfad29": ["1", "com.ringdroid.RingdroidSelectActivity"]}, {"bb8f132b796d1f6d013455a41b4c7bcd": ["2", "com.ringdroid.RingdroidEditActivity"]}, {"30fec0e14390377d25126a38a1c32632": ["3", "com.ringdroid.RingdroidSelectActivity"]}, {"30fec0e14390377d25126a38a1c32632": ["3", "com.ringdroid.RingdroidSelectActivity"]}, {"30fec0e14390377d25126a38a1c32632": ["3", "com.ringdroid.RingdroidSelectActivity"]}, {"30fec0e14390377d25126a38a1c32632": ["3", "com.ringdroid.RingdroidSelectActivity"]}, {"30fec0e14390377d25126a38a1c32632": ["3", "com.ringdroid.RingdroidSelectActivity"]}, {"30fec0e14390377d25126a38a1c32632": ["3", "com.ringdroid.RingdroidSelectActivity"]}, {"30fec0e14390377d25126a38a1c32632": ["3", "com.ringdroid.RingdroidSelectActivity"]}, {"30fec0e14390377d25126a38a1c32632": ["3", "com.ringdroid.RingdroidSelectActivity"]}, {"30fec0e14390377d25126a38a1c32632": ["3", "com.ringdroid.RingdroidSelectActivity"]}, {"581e16aa53ddda5a407c1d052746b340": ["0", "com.ringdroid.RingdroidSelectActivity"]}, {"db9959a017890bfaf11a4f57861c249c": ["5", "com.ringdroid.RingdroidEditActivity"]}, {"30fec0e14390377d25126a38a1c32632": ["3", "com.ringdroid.RingdroidSelectActivity"]}, {"ed70a8160732f0d0882e4bd44549b2f8": ["4", "com.ringdroid.RingdroidSelectActivity"]}, {"30fec0e14390377d25126a38a1c32632": ["3", "com.ringdroid.RingdroidSelectActivity"]}, {"30fec0e14390377d25126a38a1c32632": ["3", "com.ringdroid.RingdroidSelectActivity"]}, {"30fec0e14390377d25126a38a1c32632": ["3", "com.ringdroid.RingdroidSelectActivity"]}, {"30fec0e14390377d25126a38a1c32632": ["3", "com.ringdroid.RingdroidSelectActivity"]}, {"ed70a8160732f0d0882e4bd44549b2f8": ["4", "com.ringdroid.RingdroidSelectActivity"]}, {"ed70a8160732f0d0882e4bd44549b2f8": ["4", "com.ringdroid.RingdroidSelectActivity"]}, {"30fec0e14390377d25126a38a1c32632": ["3", "com.ringdroid.RingdroidSelectActivity"]}, {"30fec0e14390377d25126a38a1c32632": ["3", "com.ringdroid.RingdroidSelectActivity"]}, {"30fec0e14390377d25126a38a1c32632": ["3", "com.ringdroid.RingdroidSelectActivity"]}, {"30fec0e14390377d25126a38a1c32632": ["3", "com.ringdroid.RingdroidSelectActivity"]}, {"ed70a8160732f0d0882e4bd44549b2f8": ["4", "com.ringdroid.RingdroidSelectActivity"]}, {"ed70a8160732f0d0882e4bd44549b2f8": ["4", "com.ringdroid.RingdroidSelectActivity"]}, {"1771d7a30bdfbc43f9cf2597786a72fb": ["9", "com.ringdroid.RingdroidSelectActivity"]}, {"1771d7a30bdfbc43f9cf2597786a72fb": ["9", "com.ringdroid.RingdroidSelectActivity"]}, {"1771d7a30bdfbc43f9cf2597786a72fb": ["9", "com.ringdroid.RingdroidSelectActivity"]}, {"581e16aa53ddda5a407c1d052746b340": ["0", "com.ringdroid.RingdroidSelectActivity"]}, {"db9959a017890bfaf11a4f57861c249c": ["5", "com.ringdroid.RingdroidEditActivity"]}, {"db9959a017890bfaf11a4f57861c249c": ["5", "com.ringdroid.RingdroidEditActivity"]}, {"30fec0e14390377d25126a38a1c32632": ["3", "com.ringdroid.RingdroidSelectActivity"]}, {"581e16aa53ddda5a407c1d052746b340": ["0", "com.ringdroid.RingdroidSelectActivity"]}, {"883437e751af6ea399ea5d9012dfad29": ["1", "com.ringdroid.RingdroidSelectActivity"]}, {"883437e751af6ea399ea5d9012dfad29": ["1", "com.ringdroid.RingdroidSelectActivity"]}, {"883437e751af6ea399ea5d9012dfad29": ["1", "com.ringdroid.RingdroidSelectActivity"]}, {"bb8f132b796d1f6d013455a41b4c7bcd": ["2", "com.ringdroid.RingdroidEditActivity"]}, {"30fec0e14390377d25126a38a1c32632": ["3", "com.ringdroid.RingdroidSelectActivity"]}, {"30fec0e14390377d25126a38a1c32632": ["3", "com.ringdroid.RingdroidSelectActivity"]}, {"30fec0e14390377d25126a38a1c32632": ["3", "com.ringdroid.RingdroidSelectActivity"]}, {"30fec0e14390377d25126a38a1c32632": ["3", "com.ringdroid.RingdroidSelectActivity"]}, {"30fec0e14390377d25126a38a1c32632": ["3", "com.ringdroid.RingdroidSelectActivity"]}, {"30fec0e14390377d25126a38a1c32632": ["3", "com.ringdroid.RingdroidSelectActivity"]}, {"30fec0e14390377d25126a38a1c32632": ["3", "com.ringdroid.RingdroidSelectActivity"]}, {"30fec0e14390377d25126a38a1c32632": ["3", "com.ringdroid.RingdroidSelectActivity"]}, {"30fec0e14390377d25126a38a1c32632": ["3", "com.ringdroid.RingdroidSelectActivity"]}, {"30fec0e14390377d25126a38a1c32632": ["3", "com.ringdroid.RingdroidSelectActivity"]}, {"30fec0e14390377d25126a38a1c32632": ["3", "com.ringdroid.RingdroidSelectActivity"]}, {"30fec0e14390377d25126a38a1c32632": ["3", "com.ringdroid.RingdroidSelectActivity"]}, {"581e16aa53ddda5a407c1d052746b340": ["0", "com.ringdroid.RingdroidSelectActivity"]}, {"4637fea5c968128a1f83f9a174c4f9c3": ["14", "com.ringdroid.RingdroidSelectActivity"]}, {"30fec0e14390377d25126a38a1c32632": ["3", "com.ringdroid.RingdroidSelectActivity"]}, {"ed70a8160732f0d0882e4bd44549b2f8": ["4", "com.ringdroid.RingdroidSelectActivity"]}, {"ed70a8160732f0d0882e4bd44549b2f8": ["4", "com.ringdroid.RingdroidSelectActivity"]}, {"581e16aa53ddda5a407c1d052746b340": ["0", "com.ringdroid.RingdroidSelectActivity"]}, {"f5fe3cfdb928c073d2120a0afad0211a": ["13", "com.ringdroid.RingdroidSelectActivity"]}, {"f5fe3cfdb928c073d2120a0afad0211a": ["13", "com.ringdroid.RingdroidSelectActivity"]}, {"bb8f132b796d1f6d013455a41b4c7bcd": ["2", "com.ringdroid.RingdroidEditActivity"]}, {"30fec0e14390377d25126a38a1c32632": ["3", "com.ringdroid.RingdroidSelectActivity"]}, {"30fec0e14390377d25126a38a1c32632": ["3", "com.ringdroid.RingdroidSelectActivity"]}, {"30fec0e14390377d25126a38a1c32632": ["3", "com.ringdroid.RingdroidSelectActivity"]}, {"30fec0e14390377d25126a38a1c32632": ["3", "com.ringdroid.RingdroidSelectActivity"]}, {"30fec0e14390377d25126a38a1c32632": ["3", "com.ringdroid.RingdroidSelectActivity"]}, {"30fec0e14390377d25126a38a1c32632": ["3", "com.ringdroid.RingdroidSelectActivity"]}, {"30fec0e14390377d25126a38a1c32632": ["3", "com.ringdroid.RingdroidSelectActivity"]}, {"30fec0e14390377d25126a38a1c32632": ["3", "com.ringdroid.RingdroidSelectActivity"]}, {"30fec0e14390377d25126a38a1c32632": ["3", "com.ringdroid.RingdroidSelectActivity"]}, {"30fec0e14390377d25126a38a1c32632": ["3", "com.ringdroid.RingdroidSelectActivity"]}, {"581e16aa53ddda5a407c1d052746b340": ["0", "com.ringdroid.RingdroidSelectActivity"]}, {"db9959a017890bfaf11a4f57861c249c": ["5", "com.ringdroid.RingdroidEditActivity"]}, {"db9959a017890bfaf11a4f57861c249c": ["5", "com.ringdroid.RingdroidEditActivity"]}, {"30fec0e14390377d25126a38a1c32632": ["3", "com.ringdroid.RingdroidSelectActivity"]}, {"30fec0e14390377d25126a38a1c32632": ["3", "com.ringdroid.RingdroidSelectActivity"]}, {"30fec0e14390377d25126a38a1c32632": ["3", "com.ringdroid.RingdroidSelectActivity"]}, {"30fec0e14390377d25126a38a1c32632": ["3", "com.ringdroid.RingdroidSelectActivity"]}, {"30fec0e14390377d25126a38a1c32632": ["3", "com.ringdroid.RingdroidSelectActivity"]}, {"30fec0e14390377d25126a38a1c32632": ["3", "com.ringdroid.RingdroidSelectActivity"]}, {"30fec0e14390377d25126a38a1c32632": ["3", "com.ringdroid.RingdroidSelectActivity"]}, {"30fec0e14390377d25126a38a1c32632": ["3", "com.ringdroid.RingdroidSelectActivity"]}, {"30fec0e14390377d25126a38a1c32632": ["3", "com.ringdroid.RingdroidSelectActivity"]}, {"581e16aa53ddda5a407c1d052746b340": ["0", "com.ringdroid.RingdroidSelectActivity"]}, {"883437e751af6ea399ea5d9012dfad29": ["1", "com.ringdroid.RingdroidSelectActivity"]}, {"bb8f132b796d1f6d013455a41b4c7bcd": ["2", "com.ringdroid.RingdroidEditActivity"]}, {"30fec0e14390377d25126a38a1c32632": ["3", "com.ringdroid.RingdroidSelectActivity"]}, {"30fec0e14390377d25126a38a1c32632": ["3", "com.ringdroid.RingdroidSelectActivity"]}, {"30fec0e14390377d25126a38a1c32632": ["3", "com.ringdroid.RingdroidSelectActivity"]}, {"581e16aa53ddda5a407c1d052746b340": ["0", "com.ringdroid.RingdroidSelectActivity"]}, {"db9959a017890bfaf11a4f57861c249c": ["5", "com.ringdroid.RingdroidEditActivity"]}, {"db9959a017890bfaf11a4f57861c249c": ["5", "com.ringdroid.RingdroidEditActivity"]}, {"db9959a017890bfaf11a4f57861c249c": ["5", "com.ringdroid.RingdroidEditActivity"]}, {"30fec0e14390377d25126a38a1c32632": ["3", "com.ringdroid.RingdroidSelectActivity"]}, {"30fec0e14390377d25126a38a1c32632": ["3", "com.ringdroid.RingdroidSelectActivity"]}, {"581e16aa53ddda5a407c1d052746b340": ["0", "com.ringdroid.RingdroidSelectActivity"]}, {"722206a9807f0ef22757d5e4a798afbe": ["6", "com.ringdroid.RingdroidSelectActivity"]}, {"30fec0e14390377d25126a38a1c32632": ["3", "com.ringdroid.RingdroidSelectActivity"]}, {"30fec0e14390377d25126a38a1c32632": ["3", "com.ringdroid.RingdroidSelectActivity"]}, {"581e16aa53ddda5a407c1d052746b340": ["0", "com.ringdroid.RingdroidSelectActivity"]}, {"722206a9807f0ef22757d5e4a798afbe": ["6", "com.ringdroid.RingdroidSelectActivity"]}, {"30fec0e14390377d25126a38a1c32632": ["3", "com.ringdroid.RingdroidSelectActivity"]}, {"30fec0e14390377d25126a38a1c32632": ["3", "com.ringdroid.RingdroidSelectActivity"]}, {"1771d7a30bdfbc43f9cf2597786a72fb": ["9", "com.ringdroid.RingdroidSelectActivity"]}, {"1771d7a30bdfbc43f9cf2597786a72fb": ["9", "com.ringdroid.RingdroidSelectActivity"]}, {"30fec0e14390377d25126a38a1c32632": ["3", "com.ringdroid.RingdroidSelectActivity"]}, {"30fec0e14390377d25126a38a1c32632": ["3", "com.ringdroid.RingdroidSelectActivity"]}, {"30fec0e14390377d25126a38a1c32632": ["3", "com.ringdroid.RingdroidSelectActivity"]}, {"581e16aa53ddda5a407c1d052746b340": ["0", "com.ringdroid.RingdroidSelectActivity"]}, {"db9959a017890bfaf11a4f57861c249c": ["5", "com.ringdroid.RingdroidEditActivity"]}, {"db9959a017890bfaf11a4f57861c249c": ["5", "com.ringdroid.RingdroidEditActivity"]}, {"db9959a017890bfaf11a4f57861c249c": ["5", "com.ringdroid.RingdroidEditActivity"]}, {"30fec0e14390377d25126a38a1c32632": ["3", "com.ringdroid.RingdroidSelectActivity"]}, {"30fec0e14390377d25126a38a1c32632": ["3", "com.ringdroid.RingdroidSelectActivity"]}, {"ed70a8160732f0d0882e4bd44549b2f8": ["4", "com.ringdroid.RingdroidSelectActivity"]}, {"ed70a8160732f0d0882e4bd44549b2f8": ["4", "com.ringdroid.RingdroidSelectActivity"]}, {"581e16aa53ddda5a407c1d052746b340": ["0", "com.ringdroid.RingdroidSelectActivity"]}, {"722206a9807f0ef22757d5e4a798afbe": ["6", "com.ringdroid.RingdroidSelectActivity"]}, {"ed70a8160732f0d0882e4bd44549b2f8": ["4", "com.ringdroid.RingdroidSelectActivity"]}, {"ed70a8160732f0d0882e4bd44549b2f8": ["4", "com.ringdroid.RingdroidSelectActivity"]}, {"581e16aa53ddda5a407c1d052746b340": ["0", "com.ringdroid.RingdroidSelectActivity"]}, {"db9959a017890bfaf11a4f57861c249c": ["5", "com.ringdroid.RingdroidEditActivity"]}, {"db9959a017890bfaf11a4f57861c249c": ["5", "com.ringdroid.RingdroidEditActivity"]}, {"30fec0e14390377d25126a38a1c32632": ["3", "com.ringdroid.RingdroidSelectActivity"]}, {"30fec0e14390377d25126a38a1c32632": ["3", "com.ringdroid.RingdroidSelectActivity"]}, {"30fec0e14390377d25126a38a1c32632": ["3", "com.ringdroid.RingdroidSelectActivity"]}, {"30fec0e14390377d25126a38a1c32632": ["3", "com.ringdroid.RingdroidSelectActivity"]}, {"581e16aa53ddda5a407c1d052746b340": ["0", "com.ringdroid.RingdroidSelectActivity"]}, {"883437e751af6ea399ea5d9012dfad29": ["1", "com.ringdroid.RingdroidSelectActivity"]}, {"bb8f132b796d1f6d013455a41b4c7bcd": ["2", "com.ringdroid.RingdroidEditActivity"]}, {"30fec0e14390377d25126a38a1c32632": ["3", "com.ringdroid.RingdroidSelectActivity"]}, {"581e16aa53ddda5a407c1d052746b340": ["0", "com.ringdroid.RingdroidSelectActivity"]}, {"db9959a017890bfaf11a4f57861c249c": ["5", "com.ringdroid.RingdroidEditActivity"]}, {"db9959a017890bfaf11a4f57861c249c": ["5", "com.ringdroid.RingdroidEditActivity"]}, {"db9959a017890bfaf11a4f57861c249c": ["5", "com.ringdroid.RingdroidEditActivity"]}, {"30fec0e14390377d25126a38a1c32632": ["3", "com.ringdroid.RingdroidSelectActivity"]}, {"30fec0e14390377d25126a38a1c32632": ["3", "com.ringdroid.RingdroidSelectActivity"]}, {"581e16aa53ddda5a407c1d052746b340": ["0", "com.ringdroid.RingdroidSelectActivity"]}, {"db9959a017890bfaf11a4f57861c249c": ["5", "com.ringdroid.RingdroidEditActivity"]}, {"30fec0e14390377d25126a38a1c32632": ["3", "com.ringdroid.RingdroidSelectActivity"]}, {"30fec0e14390377d25126a38a1c32632": ["3", "com.ringdroid.RingdroidSelectActivity"]}, {"30fec0e14390377d25126a38a1c32632": ["3", "com.ringdroid.RingdroidSelectActivity"]}, {"581e16aa53ddda5a407c1d052746b340": ["0", "com.ringdroid.RingdroidSelectActivity"]}, {"e8b14b9b3451d2c972e9fbf4c54163e7": ["16", "com.ringdroid.RingdroidSelectActivity"]}, {"bb8f132b796d1f6d013455a41b4c7bcd": ["2", "com.ringdroid.RingdroidEditActivity"]}, {"581e16aa53ddda5a407c1d052746b340": ["0", "com.ringdroid.RingdroidSelectActivity"]}, {"883437e751af6ea399ea5d9012dfad29": ["1", "com.ringdroid.RingdroidSelectActivity"]}, {"bb8f132b796d1f6d013455a41b4c7bcd": ["2", "com.ringdroid.RingdroidEditActivity"]}, {"30fec0e14390377d25126a38a1c32632": ["3", "com.ringdroid.RingdroidSelectActivity"]}, {"30fec0e14390377d25126a38a1c32632": ["3", "com.ringdroid.RingdroidSelectActivity"]}, {"ed70a8160732f0d0882e4bd44549b2f8": ["4", "com.ringdroid.RingdroidSelectActivity"]}, {"ed70a8160732f0d0882e4bd44549b2f8": ["4", "com.ringdroid.RingdroidSelectActivity"]}, {"ed70a8160732f0d0882e4bd44549b2f8": ["4", "com.ringdroid.RingdroidSelectActivity"]}, {"ed70a8160732f0d0882e4bd44549b2f8": ["4", "com.ringdroid.RingdroidSelectActivity"]}, {"ed70a8160732f0d0882e4bd44549b2f8": ["4", "com.ringdroid.RingdroidSelectActivity"]}, {"581e16aa53ddda5a407c1d052746b340": ["0", "com.ringdroid.RingdroidSelectActivity"]}, {"db9959a017890bfaf11a4f57861c249c": ["5", "com.ringdroid.RingdroidEditActivity"]}, {"db9959a017890bfaf11a4f57861c249c": ["5", "com.ringdroid.RingdroidEditActivity"]}, {"581e16aa53ddda5a407c1d052746b340": ["0", "com.ringdroid.RingdroidSelectActivity"]}, {"883437e751af6ea399ea5d9012dfad29": ["1", "com.ringdroid.RingdroidSelectActivity"]}, {"30fec0e14390377d25126a38a1c32632": ["3", "com.ringdroid.RingdroidSelectActivity"]}, {"30fec0e14390377d25126a38a1c32632": ["3", "com.ringdroid.RingdroidSelectActivity"]}, {"30fec0e14390377d25126a38a1c32632": ["3", "com.ringdroid.RingdroidSelectActivity"]}, {"30fec0e14390377d25126a38a1c32632": ["3", "com.ringdroid.RingdroidSelectActivity"]}, {"30fec0e14390377d25126a38a1c32632": ["3", "com.ringdroid.RingdroidSelectActivity"]}, {"30fec0e14390377d25126a38a1c32632": ["3", "com.ringdroid.RingdroidSelectActivity"]}, {"ed70a8160732f0d0882e4bd44549b2f8": ["4", "com.ringdroid.RingdroidSelectActivity"]}, {"ed70a8160732f0d0882e4bd44549b2f8": ["4", "com.ringdroid.RingdroidSelectActivity"]}, {"ed70a8160732f0d0882e4bd44549b2f8": ["4", "com.ringdroid.RingdroidSelectActivity"]}, {"1771d7a30bdfbc43f9cf2597786a72fb": ["9", "com.ringdroid.RingdroidSelectActivity"]}, {"1771d7a30bdfbc43f9cf2597786a72fb": ["9", "com.ringdroid.RingdroidSelectActivity"]}, {"1771d7a30bdfbc43f9cf2597786a72fb": ["9", "com.ringdroid.RingdroidSelectActivity"]}, {"581e16aa53ddda5a407c1d052746b340": ["0", "com.ringdroid.RingdroidSelectActivity"]}, {"883437e751af6ea399ea5d9012dfad29": ["1", "com.ringdroid.RingdroidSelectActivity"]}, {"bb8f132b796d1f6d013455a41b4c7bcd": ["2", "com.ringdroid.RingdroidEditActivity"]}, {"30fec0e14390377d25126a38a1c32632": ["3", "com.ringdroid.RingdroidSelectActivity"]}, {"30fec0e14390377d25126a38a1c32632": ["3", "com.ringdroid.RingdroidSelectActivity"]}, {"ed70a8160732f0d0882e4bd44549b2f8": ["4", "com.ringdroid.RingdroidSelectActivity"]}, {"ed70a8160732f0d0882e4bd44549b2f8": ["4", "com.ringdroid.RingdroidSelectActivity"]}, {"30fec0e14390377d25126a38a1c32632": ["3", "com.ringdroid.RingdroidSelectActivity"]}, {"ed70a8160732f0d0882e4bd44549b2f8": ["4", "com.ringdroid.RingdroidSelectActivity"]}, {"ed70a8160732f0d0882e4bd44549b2f8": ["4", "com.ringdroid.RingdroidSelectActivity"]}, {"ed70a8160732f0d0882e4bd44549b2f8": ["4", "com.ringdroid.RingdroidSelectActivity"]}, {"ed70a8160732f0d0882e4bd44549b2f8": ["4", "com.ringdroid.RingdroidSelectActivity"]}, {"581e16aa53ddda5a407c1d052746b340": ["0", "com.ringdroid.RingdroidSelectActivity"]}, {"db9959a017890bfaf11a4f57861c249c": ["5", "com.ringdroid.RingdroidEditActivity"]}, {"30fec0e14390377d25126a38a1c32632": ["3", "com.ringdroid.RingdroidSelectActivity"]}, {"30fec0e14390377d25126a38a1c32632": ["3", "com.ringdroid.RingdroidSelectActivity"]}, {"30fec0e14390377d25126a38a1c32632": ["3", "com.ringdroid.RingdroidSelectActivity"]}, {"581e16aa53ddda5a407c1d052746b340": ["0", "com.ringdroid.RingdroidSelectActivity"]}, {"db9959a017890bfaf11a4f57861c249c": ["5", "com.ringdroid.RingdroidEditActivity"]}, {"db9959a017890bfaf11a4f57861c249c": ["5", "com.ringdroid.RingdroidEditActivity"]}, {"db9959a017890bfaf11a4f57861c249c": ["5", "com.ringdroid.RingdroidEditActivity"]}, {"30fec0e14390377d25126a38a1c32632": ["3", "com.ringdroid.RingdroidSelectActivity"]}, {"1771d7a30bdfbc43f9cf2597786a72fb": ["9", "com.ringdroid.RingdroidSelectActivity"]}, {"ed70a8160732f0d0882e4bd44549b2f8": ["4", "com.ringdroid.RingdroidSelectActivity"]}, {"1771d7a30bdfbc43f9cf2597786a72fb": ["9", "com.ringdroid.RingdroidSelectActivity"]}, {"30fec0e14390377d25126a38a1c32632": ["3", "com.ringdroid.RingdroidSelectActivity"]}, {"30fec0e14390377d25126a38a1c32632": ["3", "com.ringdroid.RingdroidSelectActivity"]}, {"30fec0e14390377d25126a38a1c32632": ["3", "com.ringdroid.RingdroidSelectActivity"]}, {"30fec0e14390377d25126a38a1c32632": ["3", "com.ringdroid.RingdroidSelectActivity"]}, {"30fec0e14390377d25126a38a1c32632": ["3", "com.ringdroid.RingdroidSelectActivity"]}, {"30fec0e14390377d25126a38a1c32632": ["3", "com.ringdroid.RingdroidSelectActivity"]}, {"30fec0e14390377d25126a38a1c32632": ["3", "com.ringdroid.RingdroidSelectActivity"]}, {"30fec0e14390377d25126a38a1c32632": ["3", "com.ringdroid.RingdroidSelectActivity"]}, {"30fec0e14390377d25126a38a1c32632": ["3", "com.ringdroid.RingdroidSelectActivity"]}, {"30fec0e14390377d25126a38a1c32632": ["3", "com.ringdroid.RingdroidSelectActivity"]}, {"30fec0e14390377d25126a38a1c32632": ["3", "com.ringdroid.RingdroidSelectActivity"]}, {"30fec0e14390377d25126a38a1c32632": ["3", "com.ringdroid.RingdroidSelectActivity"]}, {"1771d7a30bdfbc43f9cf2597786a72fb": ["9", "com.ringdroid.RingdroidSelectActivity"]}, {"1771d7a30bdfbc43f9cf2597786a72fb": ["9", "com.ringdroid.RingdroidSelectActivity"]}, {"1771d7a30bdfbc43f9cf2597786a72fb": ["9", "com.ringdroid.RingdroidSelectActivity"]}, {"1771d7a30bdfbc43f9cf2597786a72fb": ["9", "com.ringdroid.RingdroidSelectActivity"]}, {"1771d7a30bdfbc43f9cf2597786a72fb": ["9", "com.ringdroid.RingdroidSelectActivity"]}, {"1771d7a30bdfbc43f9cf2597786a72fb": ["9", "com.ringdroid.RingdroidSelectActivity"]}, {"30fec0e14390377d25126a38a1c32632": ["3", "com.ringdroid.RingdroidSelectActivity"]}, {"30fec0e14390377d25126a38a1c32632": ["3", "com.ringdroid.RingdroidSelectActivity"]}, {"30fec0e14390377d25126a38a1c32632": ["3", "com.ringdroid.RingdroidSelectActivity"]}, {"30fec0e14390377d25126a38a1c32632": ["3", "com.ringdroid.RingdroidSelectActivity"]}, {"30fec0e14390377d25126a38a1c32632": ["3", "com.ringdroid.RingdroidSelectActivity"]}, {"30fec0e14390377d25126a38a1c32632": ["3", "com.ringdroid.RingdroidSelectActivity"]}, {"30fec0e14390377d25126a38a1c32632": ["3", "com.ringdroid.RingdroidSelectActivity"]}, {"30fec0e14390377d25126a38a1c32632": ["3", "com.ringdroid.RingdroidSelectActivity"]}, {"30fec0e14390377d25126a38a1c32632": ["3", "com.ringdroid.RingdroidSelectActivity"]}, {"30fec0e14390377d25126a38a1c32632": ["3", "com.ringdroid.RingdroidSelectActivity"]}, {"581e16aa53ddda5a407c1d052746b340": ["0", "com.ringdroid.RingdroidSelectActivity"]}, {"722206a9807f0ef22757d5e4a798afbe": ["6", "com.ringdroid.RingdroidSelectActivity"]}, {"581e16aa53ddda5a407c1d052746b340": ["0", "com.ringdroid.RingdroidSelectActivity"]}, {"722206a9807f0ef22757d5e4a798afbe": ["6", "com.ringdroid.RingdroidSelectActivity"]}, {"30fec0e14390377d25126a38a1c32632": ["3", "com.ringdroid.RingdroidSelectActivity"]}, {"30fec0e14390377d25126a38a1c32632": ["3", "com.ringdroid.RingdroidSelectActivity"]}, {"581e16aa53ddda5a407c1d052746b340": ["0", "com.ringdroid.RingdroidSelectActivity"]}, {"db9959a017890bfaf11a4f57861c249c": ["5", "com.ringdroid.RingdroidEditActivity"]}, {"db9959a017890bfaf11a4f57861c249c": ["5", "com.ringdroid.RingdroidEditActivity"]}, {"db9959a017890bfaf11a4f57861c249c": ["5", "com.ringdroid.RingdroidEditActivity"]}, {"db9959a017890bfaf11a4f57861c249c": ["5", "com.ringdroid.RingdroidEditActivity"]}, {"db9959a017890bfaf11a4f57861c249c": ["5", "com.ringdroid.RingdroidEditActivity"]}, {"db9959a017890bfaf11a4f57861c249c": ["5", "com.ringdroid.RingdroidEditActivity"]}, {"db9959a017890bfaf11a4f57861c249c": ["5", "com.ringdroid.RingdroidEditActivity"]}, {"db9959a017890bfaf11a4f57861c249c": ["5", "com.ringdroid.RingdroidEditActivity"]}, {"30fec0e14390377d25126a38a1c32632": ["3", "com.ringdroid.RingdroidSelectActivity"]}, {"30fec0e14390377d25126a38a1c32632": ["3", "com.ringdroid.RingdroidSelectActivity"]}, {"30fec0e14390377d25126a38a1c32632": ["3", "com.ringdroid.RingdroidSelectActivity"]}, {"581e16aa53ddda5a407c1d052746b340": ["0", "com.ringdroid.RingdroidSelectActivity"]}, {"883437e751af6ea399ea5d9012dfad29": ["1", "com.ringdroid.RingdroidSelectActivity"]}, {"bb8f132b796d1f6d013455a41b4c7bcd": ["2", "com.ringdroid.RingdroidEditActivity"]}, {"30fec0e14390377d25126a38a1c32632": ["3", "com.ringdroid.RingdroidSelectActivity"]}, {"30fec0e14390377d25126a38a1c32632": ["3", "com.ringdroid.RingdroidSelectActivity"]}, {"30fec0e14390377d25126a38a1c32632": ["3", "com.ringdroid.RingdroidSelectActivity"]}, {"581e16aa53ddda5a407c1d052746b340": ["0", "com.ringdroid.RingdroidSelectActivity"]}, {"db9959a017890bfaf11a4f57861c249c": ["5", "com.ringdroid.RingdroidEditActivity"]}, {"db9959a017890bfaf11a4f57861c249c": ["5", "com.ringdroid.RingdroidEditActivity"]}, {"db9959a017890bfaf11a4f57861c249c": ["5", "com.ringdroid.RingdroidEditActivity"]}, {"db9959a017890bfaf11a4f57861c249c": ["5", "com.ringdroid.RingdroidEditActivity"]}, {"db9959a017890bfaf11a4f57861c249c": ["5", "com.ringdroid.RingdroidEditActivity"]}, {"db9959a017890bfaf11a4f57861c249c": ["5", "com.ringdroid.RingdroidEditActivity"]}, {"db9959a017890bfaf11a4f57861c249c": ["5", "com.ringdroid.RingdroidEditActivity"]}, {"30fec0e14390377d25126a38a1c32632": ["3", "com.ringdroid.RingdroidSelectActivity"]}, {"30fec0e14390377d25126a38a1c32632": ["3", "com.ringdroid.RingdroidSelectActivity"]}, {"581e16aa53ddda5a407c1d052746b340": ["0", "com.ringdroid.RingdroidSelectActivity"]}, {"883437e751af6ea399ea5d9012dfad29": ["1", "com.ringdroid.RingdroidSelectActivity"]}, {"bb8f132b796d1f6d013455a41b4c7bcd": ["2", "com.ringdroid.RingdroidEditActivity"]}, {"30fec0e14390377d25126a38a1c32632": ["3", "com.ringdroid.RingdroidSelectActivity"]}, {"30fec0e14390377d25126a38a1c32632": ["3", "com.ringdroid.RingdroidSelectActivity"]}, {"ed70a8160732f0d0882e4bd44549b2f8": ["4", "com.ringdroid.RingdroidSelectActivity"]}, {"30fec0e14390377d25126a38a1c32632": ["3", "com.ringdroid.RingdroidSelectActivity"]}, {"30fec0e14390377d25126a38a1c32632": ["3", "com.ringdroid.RingdroidSelectActivity"]}, {"30fec0e14390377d25126a38a1c32632": ["3", "com.ringdroid.RingdroidSelectActivity"]}, {"581e16aa53ddda5a407c1d052746b340": ["0", "com.ringdroid.RingdroidSelectActivity"]}, {"722206a9807f0ef22757d5e4a798afbe": ["6", "com.ringdroid.RingdroidSelectActivity"]}, {"30fec0e14390377d25126a38a1c32632": ["3", "com.ringdroid.RingdroidSelectActivity"]}, {"30fec0e14390377d25126a38a1c32632": ["3", "com.ringdroid.RingdroidSelectActivity"]}, {"30fec0e14390377d25126a38a1c32632": ["3", "com.ringdroid.RingdroidSelectActivity"]}, {"30fec0e14390377d25126a38a1c32632": ["3", "com.ringdroid.RingdroidSelectActivity"]}, {"581e16aa53ddda5a407c1d052746b340": ["0", "com.ringdroid.RingdroidSelectActivity"]}, {"722206a9807f0ef22757d5e4a798afbe": ["6", "com.ringdroid.RingdroidSelectActivity"]}, {"30fec0e14390377d25126a38a1c32632": ["3", "com.ringdroid.RingdroidSelectActivity"]}, {"30fec0e14390377d25126a38a1c32632": ["3", "com.ringdroid.RingdroidSelectActivity"]}, {"581e16aa53ddda5a407c1d052746b340": ["0", "com.ringdroid.RingdroidSelectActivity"]}, {"722206a9807f0ef22757d5e4a798afbe": ["6", "com.ringdroid.RingdroidSelectActivity"]}, {"30fec0e14390377d25126a38a1c32632": ["3", "com.ringdroid.RingdroidSelectActivity"]}, {"30fec0e14390377d25126a38a1c32632": ["3", "com.ringdroid.RingdroidSelectActivity"]}, {"30fec0e14390377d25126a38a1c32632": ["3", "com.ringdroid.RingdroidSelectActivity"]}, {"30fec0e14390377d25126a38a1c32632": ["3", "com.ringdroid.RingdroidSelectActivity"]}, {"30fec0e14390377d25126a38a1c32632": ["3", "com.ringdroid.RingdroidSelectActivity"]}, {"30fec0e14390377d25126a38a1c32632": ["3", "com.ringdroid.RingdroidSelectActivity"]}, {"30fec0e14390377d25126a38a1c32632": ["3", "com.ringdroid.RingdroidSelectActivity"]}, {"ed70a8160732f0d0882e4bd44549b2f8": ["4", "com.ringdroid.RingdroidSelectActivity"]}, {"30fec0e14390377d25126a38a1c32632": ["3", "com.ringdroid.RingdroidSelectActivity"]}, {"581e16aa53ddda5a407c1d052746b340": ["0", "com.ringdroid.RingdroidSelectActivity"]}, {"db9959a017890bfaf11a4f57861c249c": ["5", "com.ringdroid.RingdroidEditActivity"]}, {"db9959a017890bfaf11a4f57861c249c": ["5", "com.ringdroid.RingdroidEditActivity"]}, {"db9959a017890bfaf11a4f57861c249c": ["5", "com.ringdroid.RingdroidEditActivity"]}, {"db9959a017890bfaf11a4f57861c249c": ["5", "com.ringdroid.RingdroidEditActivity"]}, {"30fec0e14390377d25126a38a1c32632": ["3", "com.ringdroid.RingdroidSelectActivity"]}, {"30fec0e14390377d25126a38a1c32632": ["3", "com.ringdroid.RingdroidSelectActivity"]}, {"30fec0e14390377d25126a38a1c32632": ["3", "com.ringdroid.RingdroidSelectActivity"]}, {"30fec0e14390377d25126a38a1c32632": ["3", "com.ringdroid.RingdroidSelectActivity"]}, {"30fec0e14390377d25126a38a1c32632": ["3", "com.ringdroid.RingdroidSelectActivity"]}, {"1771d7a30bdfbc43f9cf2597786a72fb": ["9", "com.ringdroid.RingdroidSelectActivity"]}, {"1771d7a30bdfbc43f9cf2597786a72fb": ["9", "com.ringdroid.RingdroidSelectActivity"]}, {"1771d7a30bdfbc43f9cf2597786a72fb": ["9", "com.ringdroid.RingdroidSelectActivity"]}, {"1771d7a30bdfbc43f9cf2597786a72fb": ["9", "com.ringdroid.RingdroidSelectActivity"]}, {"1771d7a30bdfbc43f9cf2597786a72fb": ["9", "com.ringdroid.RingdroidSelectActivity"]}, {"30fec0e14390377d25126a38a1c32632": ["3", "com.ringdroid.RingdroidSelectActivity"]}, {"30fec0e14390377d25126a38a1c32632": ["3", "com.ringdroid.RingdroidSelectActivity"]}, {"30fec0e14390377d25126a38a1c32632": ["3", "com.ringdroid.RingdroidSelectActivity"]}, {"581e16aa53ddda5a407c1d052746b340": ["0", "com.ringdroid.RingdroidSelectActivity"]}, {"883437e751af6ea399ea5d9012dfad29": ["1", "com.ringdroid.RingdroidSelectActivity"]}, {"883437e751af6ea399ea5d9012dfad29": ["1", "com.ringdroid.RingdroidSelectActivity"]}, {"bb8f132b796d1f6d013455a41b4c7bcd": ["2", "com.ringdroid.RingdroidEditActivity"]}, {"30fec0e14390377d25126a38a1c32632": ["3", "com.ringdroid.RingdroidSelectActivity"]}, {"30fec0e14390377d25126a38a1c32632": ["3", "com.ringdroid.RingdroidSelectActivity"]}, {"581e16aa53ddda5a407c1d052746b340": ["0", "com.ringdroid.RingdroidSelectActivity"]}, {"883437e751af6ea399ea5d9012dfad29": ["1", "com.ringdroid.RingdroidSelectActivity"]}, {"30fec0e14390377d25126a38a1c32632": ["3", "com.ringdroid.RingdroidSelectActivity"]}, {"30fec0e14390377d25126a38a1c32632": ["3", "com.ringdroid.RingdroidSelectActivity"]}, {"30fec0e14390377d25126a38a1c32632": ["3", "com.ringdroid.RingdroidSelectActivity"]}, {"30fec0e14390377d25126a38a1c32632": ["3", "com.ringdroid.RingdroidSelectActivity"]}, {"ed70a8160732f0d0882e4bd44549b2f8": ["4", "com.ringdroid.RingdroidSelectActivity"]}]