[{"5d2c22664a70527b5460828109a6514e": ["0", "com.android.spritemethodtest.SpriteMethodTest"]}, {"1f436faa33f35072e77f9e9134e20642": ["1", "com.android.spritemethodtest.SpriteMethodTest"]}, {"5d2c22664a70527b5460828109a6514e": ["0", "com.android.spritemethodtest.SpriteMethodTest"]}, {"1f436faa33f35072e77f9e9134e20642": ["1", "com.android.spritemethodtest.SpriteMethodTest"]}, {"5d2c22664a70527b5460828109a6514e": ["0", "com.android.spritemethodtest.SpriteMethodTest"]}, {"1f436faa33f35072e77f9e9134e20642": ["1", "com.android.spritemethodtest.SpriteMethodTest"]}, {"5d2c22664a70527b5460828109a6514e": ["0", "com.android.spritemethodtest.SpriteMethodTest"]}, {"1f436faa33f35072e77f9e9134e20642": ["1", "com.android.spritemethodtest.SpriteMethodTest"]}, {"5d2c22664a70527b5460828109a6514e": ["0", "com.android.spritemethodtest.SpriteMethodTest"]}, {"5d2c22664a70527b5460828109a6514e": ["0", "com.android.spritemethodtest.SpriteMethodTest"]}, {"5d2c22664a70527b5460828109a6514e": ["0", "com.android.spritemethodtest.SpriteMethodTest"]}, {"5d2c22664a70527b5460828109a6514e": ["0", "com.android.spritemethodtest.SpriteMethodTest"]}, {"1f436faa33f35072e77f9e9134e20642": ["1", "com.android.spritemethodtest.SpriteMethodTest"]}, {"5d2c22664a70527b5460828109a6514e": ["0", "com.android.spritemethodtest.SpriteMethodTest"]}, {"1f436faa33f35072e77f9e9134e20642": ["1", "com.android.spritemethodtest.SpriteMethodTest"]}, {"5d2c22664a70527b5460828109a6514e": ["0", "com.android.spritemethodtest.SpriteMethodTest"]}, {"1f436faa33f35072e77f9e9134e20642": ["1", "com.android.spritemethodtest.SpriteMethodTest"]}, {"5d2c22664a70527b5460828109a6514e": ["0", "com.android.spritemethodtest.SpriteMethodTest"]}, {"1f436faa33f35072e77f9e9134e20642": ["1", "com.android.spritemethodtest.SpriteMethodTest"]}, {"5d2c22664a70527b5460828109a6514e": ["0", "com.android.spritemethodtest.SpriteMethodTest"]}, {"1f436faa33f35072e77f9e9134e20642": ["1", "com.android.spritemethodtest.SpriteMethodTest"]}, {"5d2c22664a70527b5460828109a6514e": ["0", "com.android.spritemethodtest.SpriteMethodTest"]}, {"1f436faa33f35072e77f9e9134e20642": ["1", "com.android.spritemethodtest.SpriteMethodTest"]}, {"5d2c22664a70527b5460828109a6514e": ["0", "com.android.spritemethodtest.SpriteMethodTest"]}, {"1f436faa33f35072e77f9e9134e20642": ["1", "com.android.spritemethodtest.SpriteMethodTest"]}, {"5d2c22664a70527b5460828109a6514e": ["0", "com.android.spritemethodtest.SpriteMethodTest"]}, {"1f436faa33f35072e77f9e9134e20642": ["1", "com.android.spritemethodtest.SpriteMethodTest"]}, {"5d2c22664a70527b5460828109a6514e": ["0", "com.android.spritemethodtest.SpriteMethodTest"]}, {"1f436faa33f35072e77f9e9134e20642": ["1", "com.android.spritemethodtest.SpriteMethodTest"]}, {"5d2c22664a70527b5460828109a6514e": ["0", "com.android.spritemethodtest.SpriteMethodTest"]}, {"5d2c22664a70527b5460828109a6514e": ["0", "com.android.spritemethodtest.SpriteMethodTest"]}, {"1f436faa33f35072e77f9e9134e20642": ["1", "com.android.spritemethodtest.SpriteMethodTest"]}, {"5d2c22664a70527b5460828109a6514e": ["0", "com.android.spritemethodtest.SpriteMethodTest"]}, {"1f436faa33f35072e77f9e9134e20642": ["1", "com.android.spritemethodtest.SpriteMethodTest"]}, {"5d2c22664a70527b5460828109a6514e": ["0", "com.android.spritemethodtest.SpriteMethodTest"]}, {"1f436faa33f35072e77f9e9134e20642": ["1", "com.android.spritemethodtest.SpriteMethodTest"]}, {"5d2c22664a70527b5460828109a6514e": ["0", "com.android.spritemethodtest.SpriteMethodTest"]}, {"1f436faa33f35072e77f9e9134e20642": ["1", "com.android.spritemethodtest.SpriteMethodTest"]}, {"5d2c22664a70527b5460828109a6514e": ["0", "com.android.spritemethodtest.SpriteMethodTest"]}, {"5d2c22664a70527b5460828109a6514e": ["0", "com.android.spritemethodtest.SpriteMethodTest"]}, {"1f436faa33f35072e77f9e9134e20642": ["1", "com.android.spritemethodtest.SpriteMethodTest"]}, {"5d2c22664a70527b5460828109a6514e": ["0", "com.android.spritemethodtest.SpriteMethodTest"]}, {"5d2c22664a70527b5460828109a6514e": ["0", "com.android.spritemethodtest.SpriteMethodTest"]}, {"5d2c22664a70527b5460828109a6514e": ["0", "com.android.spritemethodtest.SpriteMethodTest"]}, {"1f436faa33f35072e77f9e9134e20642": ["1", "com.android.spritemethodtest.SpriteMethodTest"]}, {"5d2c22664a70527b5460828109a6514e": ["0", "com.android.spritemethodtest.SpriteMethodTest"]}, {"5d2c22664a70527b5460828109a6514e": ["0", "com.android.spritemethodtest.SpriteMethodTest"]}, {"1f436faa33f35072e77f9e9134e20642": ["1", "com.android.spritemethodtest.SpriteMethodTest"]}, {"5d2c22664a70527b5460828109a6514e": ["0", "com.android.spritemethodtest.SpriteMethodTest"]}, {"1f436faa33f35072e77f9e9134e20642": ["1", "com.android.spritemethodtest.SpriteMethodTest"]}, {"5d2c22664a70527b5460828109a6514e": ["0", "com.android.spritemethodtest.SpriteMethodTest"]}, {"1f436faa33f35072e77f9e9134e20642": ["1", "com.android.spritemethodtest.SpriteMethodTest"]}, {"5d2c22664a70527b5460828109a6514e": ["0", "com.android.spritemethodtest.SpriteMethodTest"]}, {"1f436faa33f35072e77f9e9134e20642": ["1", "com.android.spritemethodtest.SpriteMethodTest"]}, {"5d2c22664a70527b5460828109a6514e": ["0", "com.android.spritemethodtest.SpriteMethodTest"]}, {"5d2c22664a70527b5460828109a6514e": ["0", "com.android.spritemethodtest.SpriteMethodTest"]}, {"5d2c22664a70527b5460828109a6514e": ["0", "com.android.spritemethodtest.SpriteMethodTest"]}, {"1f436faa33f35072e77f9e9134e20642": ["1", "com.android.spritemethodtest.SpriteMethodTest"]}, {"5d2c22664a70527b5460828109a6514e": ["0", "com.android.spritemethodtest.SpriteMethodTest"]}, {"1f436faa33f35072e77f9e9134e20642": ["1", "com.android.spritemethodtest.SpriteMethodTest"]}, {"5d2c22664a70527b5460828109a6514e": ["0", "com.android.spritemethodtest.SpriteMethodTest"]}, {"1f436faa33f35072e77f9e9134e20642": ["1", "com.android.spritemethodtest.SpriteMethodTest"]}, {"5d2c22664a70527b5460828109a6514e": ["0", "com.android.spritemethodtest.SpriteMethodTest"]}, {"5d2c22664a70527b5460828109a6514e": ["0", "com.android.spritemethodtest.SpriteMethodTest"]}, {"1f436faa33f35072e77f9e9134e20642": ["1", "com.android.spritemethodtest.SpriteMethodTest"]}, {"5d2c22664a70527b5460828109a6514e": ["0", "com.android.spritemethodtest.SpriteMethodTest"]}, {"5d2c22664a70527b5460828109a6514e": ["0", "com.android.spritemethodtest.SpriteMethodTest"]}, {"5d2c22664a70527b5460828109a6514e": ["0", "com.android.spritemethodtest.SpriteMethodTest"]}, {"1f436faa33f35072e77f9e9134e20642": ["1", "com.android.spritemethodtest.SpriteMethodTest"]}, {"5d2c22664a70527b5460828109a6514e": ["0", "com.android.spritemethodtest.SpriteMethodTest"]}, {"1f436faa33f35072e77f9e9134e20642": ["1", "com.android.spritemethodtest.SpriteMethodTest"]}, {"5d2c22664a70527b5460828109a6514e": ["0", "com.android.spritemethodtest.SpriteMethodTest"]}, {"5d2c22664a70527b5460828109a6514e": ["0", "com.android.spritemethodtest.SpriteMethodTest"]}, {"5d2c22664a70527b5460828109a6514e": ["0", "com.android.spritemethodtest.SpriteMethodTest"]}, {"5d2c22664a70527b5460828109a6514e": ["0", "com.android.spritemethodtest.SpriteMethodTest"]}, {"1f436faa33f35072e77f9e9134e20642": ["1", "com.android.spritemethodtest.SpriteMethodTest"]}, {"5d2c22664a70527b5460828109a6514e": ["0", "com.android.spritemethodtest.SpriteMethodTest"]}, {"1f436faa33f35072e77f9e9134e20642": ["1", "com.android.spritemethodtest.SpriteMethodTest"]}, {"5d2c22664a70527b5460828109a6514e": ["0", "com.android.spritemethodtest.SpriteMethodTest"]}, {"1f436faa33f35072e77f9e9134e20642": ["1", "com.android.spritemethodtest.SpriteMethodTest"]}, {"5d2c22664a70527b5460828109a6514e": ["0", "com.android.spritemethodtest.SpriteMethodTest"]}, {"5d2c22664a70527b5460828109a6514e": ["0", "com.android.spritemethodtest.SpriteMethodTest"]}, {"1f436faa33f35072e77f9e9134e20642": ["1", "com.android.spritemethodtest.SpriteMethodTest"]}, {"5d2c22664a70527b5460828109a6514e": ["0", "com.android.spritemethodtest.SpriteMethodTest"]}, {"5d2c22664a70527b5460828109a6514e": ["0", "com.android.spritemethodtest.SpriteMethodTest"]}, {"1f436faa33f35072e77f9e9134e20642": ["1", "com.android.spritemethodtest.SpriteMethodTest"]}, {"5d2c22664a70527b5460828109a6514e": ["0", "com.android.spritemethodtest.SpriteMethodTest"]}, {"5d2c22664a70527b5460828109a6514e": ["0", "com.android.spritemethodtest.SpriteMethodTest"]}, {"1f436faa33f35072e77f9e9134e20642": ["1", "com.android.spritemethodtest.SpriteMethodTest"]}, {"5d2c22664a70527b5460828109a6514e": ["0", "com.android.spritemethodtest.SpriteMethodTest"]}, {"1f436faa33f35072e77f9e9134e20642": ["1", "com.android.spritemethodtest.SpriteMethodTest"]}, {"5d2c22664a70527b5460828109a6514e": ["0", "com.android.spritemethodtest.SpriteMethodTest"]}, {"5d2c22664a70527b5460828109a6514e": ["0", "com.android.spritemethodtest.SpriteMethodTest"]}, {"1f436faa33f35072e77f9e9134e20642": ["1", "com.android.spritemethodtest.SpriteMethodTest"]}, {"5d2c22664a70527b5460828109a6514e": ["0", "com.android.spritemethodtest.SpriteMethodTest"]}, {"1f436faa33f35072e77f9e9134e20642": ["1", "com.android.spritemethodtest.SpriteMethodTest"]}, {"5d2c22664a70527b5460828109a6514e": ["0", "com.android.spritemethodtest.SpriteMethodTest"]}, {"1f436faa33f35072e77f9e9134e20642": ["1", "com.android.spritemethodtest.SpriteMethodTest"]}, {"5d2c22664a70527b5460828109a6514e": ["0", "com.android.spritemethodtest.SpriteMethodTest"]}, {"1f436faa33f35072e77f9e9134e20642": ["1", "com.android.spritemethodtest.SpriteMethodTest"]}, {"5d2c22664a70527b5460828109a6514e": ["0", "com.android.spritemethodtest.SpriteMethodTest"]}, {"5d2c22664a70527b5460828109a6514e": ["0", "com.android.spritemethodtest.SpriteMethodTest"]}, {"1f436faa33f35072e77f9e9134e20642": ["1", "com.android.spritemethodtest.SpriteMethodTest"]}, {"5d2c22664a70527b5460828109a6514e": ["0", "com.android.spritemethodtest.SpriteMethodTest"]}, {"5d2c22664a70527b5460828109a6514e": ["0", "com.android.spritemethodtest.SpriteMethodTest"]}, {"5d2c22664a70527b5460828109a6514e": ["0", "com.android.spritemethodtest.SpriteMethodTest"]}, {"1f436faa33f35072e77f9e9134e20642": ["1", "com.android.spritemethodtest.SpriteMethodTest"]}, {"5d2c22664a70527b5460828109a6514e": ["0", "com.android.spritemethodtest.SpriteMethodTest"]}, {"1f436faa33f35072e77f9e9134e20642": ["1", "com.android.spritemethodtest.SpriteMethodTest"]}, {"5d2c22664a70527b5460828109a6514e": ["0", "com.android.spritemethodtest.SpriteMethodTest"]}, {"1f436faa33f35072e77f9e9134e20642": ["1", "com.android.spritemethodtest.SpriteMethodTest"]}, {"5d2c22664a70527b5460828109a6514e": ["0", "com.android.spritemethodtest.SpriteMethodTest"]}, {"1f436faa33f35072e77f9e9134e20642": ["1", "com.android.spritemethodtest.SpriteMethodTest"]}, {"5d2c22664a70527b5460828109a6514e": ["0", "com.android.spritemethodtest.SpriteMethodTest"]}, {"5d2c22664a70527b5460828109a6514e": ["0", "com.android.spritemethodtest.SpriteMethodTest"]}, {"1f436faa33f35072e77f9e9134e20642": ["1", "com.android.spritemethodtest.SpriteMethodTest"]}, {"5d2c22664a70527b5460828109a6514e": ["0", "com.android.spritemethodtest.SpriteMethodTest"]}, {"1f436faa33f35072e77f9e9134e20642": ["1", "com.android.spritemethodtest.SpriteMethodTest"]}, {"5d2c22664a70527b5460828109a6514e": ["0", "com.android.spritemethodtest.SpriteMethodTest"]}, {"5d2c22664a70527b5460828109a6514e": ["0", "com.android.spritemethodtest.SpriteMethodTest"]}, {"1f436faa33f35072e77f9e9134e20642": ["1", "com.android.spritemethodtest.SpriteMethodTest"]}, {"5d2c22664a70527b5460828109a6514e": ["0", "com.android.spritemethodtest.SpriteMethodTest"]}, {"1f436faa33f35072e77f9e9134e20642": ["1", "com.android.spritemethodtest.SpriteMethodTest"]}, {"5d2c22664a70527b5460828109a6514e": ["0", "com.android.spritemethodtest.SpriteMethodTest"]}, {"1f436faa33f35072e77f9e9134e20642": ["1", "com.android.spritemethodtest.SpriteMethodTest"]}, {"5d2c22664a70527b5460828109a6514e": ["0", "com.android.spritemethodtest.SpriteMethodTest"]}, {"1f436faa33f35072e77f9e9134e20642": ["1", "com.android.spritemethodtest.SpriteMethodTest"]}, {"5d2c22664a70527b5460828109a6514e": ["0", "com.android.spritemethodtest.SpriteMethodTest"]}, {"1f436faa33f35072e77f9e9134e20642": ["1", "com.android.spritemethodtest.SpriteMethodTest"]}, {"5d2c22664a70527b5460828109a6514e": ["0", "com.android.spritemethodtest.SpriteMethodTest"]}, {"1f436faa33f35072e77f9e9134e20642": ["1", "com.android.spritemethodtest.SpriteMethodTest"]}, {"5d2c22664a70527b5460828109a6514e": ["0", "com.android.spritemethodtest.SpriteMethodTest"]}, {"5d2c22664a70527b5460828109a6514e": ["0", "com.android.spritemethodtest.SpriteMethodTest"]}, {"1f436faa33f35072e77f9e9134e20642": ["1", "com.android.spritemethodtest.SpriteMethodTest"]}, {"5d2c22664a70527b5460828109a6514e": ["0", "com.android.spritemethodtest.SpriteMethodTest"]}, {"1f436faa33f35072e77f9e9134e20642": ["1", "com.android.spritemethodtest.SpriteMethodTest"]}, {"5d2c22664a70527b5460828109a6514e": ["0", "com.android.spritemethodtest.SpriteMethodTest"]}, {"5d2c22664a70527b5460828109a6514e": ["0", "com.android.spritemethodtest.SpriteMethodTest"]}, {"5d2c22664a70527b5460828109a6514e": ["0", "com.android.spritemethodtest.SpriteMethodTest"]}, {"1f436faa33f35072e77f9e9134e20642": ["1", "com.android.spritemethodtest.SpriteMethodTest"]}, {"5d2c22664a70527b5460828109a6514e": ["0", "com.android.spritemethodtest.SpriteMethodTest"]}, {"5d2c22664a70527b5460828109a6514e": ["0", "com.android.spritemethodtest.SpriteMethodTest"]}, {"1f436faa33f35072e77f9e9134e20642": ["1", "com.android.spritemethodtest.SpriteMethodTest"]}, {"5d2c22664a70527b5460828109a6514e": ["0", "com.android.spritemethodtest.SpriteMethodTest"]}, {"1f436faa33f35072e77f9e9134e20642": ["1", "com.android.spritemethodtest.SpriteMethodTest"]}, {"5d2c22664a70527b5460828109a6514e": ["0", "com.android.spritemethodtest.SpriteMethodTest"]}, {"5d2c22664a70527b5460828109a6514e": ["0", "com.android.spritemethodtest.SpriteMethodTest"]}, {"1f436faa33f35072e77f9e9134e20642": ["1", "com.android.spritemethodtest.SpriteMethodTest"]}, {"5d2c22664a70527b5460828109a6514e": ["0", "com.android.spritemethodtest.SpriteMethodTest"]}, {"5d2c22664a70527b5460828109a6514e": ["0", "com.android.spritemethodtest.SpriteMethodTest"]}, {"5d2c22664a70527b5460828109a6514e": ["0", "com.android.spritemethodtest.SpriteMethodTest"]}, {"1f436faa33f35072e77f9e9134e20642": ["1", "com.android.spritemethodtest.SpriteMethodTest"]}, {"5d2c22664a70527b5460828109a6514e": ["0", "com.android.spritemethodtest.SpriteMethodTest"]}, {"1f436faa33f35072e77f9e9134e20642": ["1", "com.android.spritemethodtest.SpriteMethodTest"]}, {"5d2c22664a70527b5460828109a6514e": ["0", "com.android.spritemethodtest.SpriteMethodTest"]}, {"5d2c22664a70527b5460828109a6514e": ["0", "com.android.spritemethodtest.SpriteMethodTest"]}, {"5d2c22664a70527b5460828109a6514e": ["0", "com.android.spritemethodtest.SpriteMethodTest"]}, {"5d2c22664a70527b5460828109a6514e": ["0", "com.android.spritemethodtest.SpriteMethodTest"]}, {"1f436faa33f35072e77f9e9134e20642": ["1", "com.android.spritemethodtest.SpriteMethodTest"]}, {"5d2c22664a70527b5460828109a6514e": ["0", "com.android.spritemethodtest.SpriteMethodTest"]}, {"5d2c22664a70527b5460828109a6514e": ["0", "com.android.spritemethodtest.SpriteMethodTest"]}, {"5d2c22664a70527b5460828109a6514e": ["0", "com.android.spritemethodtest.SpriteMethodTest"]}, {"1f436faa33f35072e77f9e9134e20642": ["1", "com.android.spritemethodtest.SpriteMethodTest"]}, {"5d2c22664a70527b5460828109a6514e": ["0", "com.android.spritemethodtest.SpriteMethodTest"]}, {"5d2c22664a70527b5460828109a6514e": ["0", "com.android.spritemethodtest.SpriteMethodTest"]}, {"5d2c22664a70527b5460828109a6514e": ["0", "com.android.spritemethodtest.SpriteMethodTest"]}, {"5d2c22664a70527b5460828109a6514e": ["0", "com.android.spritemethodtest.SpriteMethodTest"]}, {"5d2c22664a70527b5460828109a6514e": ["0", "com.android.spritemethodtest.SpriteMethodTest"]}, {"1f436faa33f35072e77f9e9134e20642": ["1", "com.android.spritemethodtest.SpriteMethodTest"]}, {"5d2c22664a70527b5460828109a6514e": ["0", "com.android.spritemethodtest.SpriteMethodTest"]}, {"1f436faa33f35072e77f9e9134e20642": ["1", "com.android.spritemethodtest.SpriteMethodTest"]}, {"5d2c22664a70527b5460828109a6514e": ["0", "com.android.spritemethodtest.SpriteMethodTest"]}, {"5d2c22664a70527b5460828109a6514e": ["0", "com.android.spritemethodtest.SpriteMethodTest"]}, {"5d2c22664a70527b5460828109a6514e": ["0", "com.android.spritemethodtest.SpriteMethodTest"]}, {"1f436faa33f35072e77f9e9134e20642": ["1", "com.android.spritemethodtest.SpriteMethodTest"]}, {"5d2c22664a70527b5460828109a6514e": ["0", "com.android.spritemethodtest.SpriteMethodTest"]}, {"1f436faa33f35072e77f9e9134e20642": ["1", "com.android.spritemethodtest.SpriteMethodTest"]}, {"5d2c22664a70527b5460828109a6514e": ["0", "com.android.spritemethodtest.SpriteMethodTest"]}, {"1f436faa33f35072e77f9e9134e20642": ["1", "com.android.spritemethodtest.SpriteMethodTest"]}, {"5d2c22664a70527b5460828109a6514e": ["0", "com.android.spritemethodtest.SpriteMethodTest"]}, {"5d2c22664a70527b5460828109a6514e": ["0", "com.android.spritemethodtest.SpriteMethodTest"]}, {"5d2c22664a70527b5460828109a6514e": ["0", "com.android.spritemethodtest.SpriteMethodTest"]}, {"1f436faa33f35072e77f9e9134e20642": ["1", "com.android.spritemethodtest.SpriteMethodTest"]}, {"5d2c22664a70527b5460828109a6514e": ["0", "com.android.spritemethodtest.SpriteMethodTest"]}, {"1f436faa33f35072e77f9e9134e20642": ["1", "com.android.spritemethodtest.SpriteMethodTest"]}, {"5d2c22664a70527b5460828109a6514e": ["0", "com.android.spritemethodtest.SpriteMethodTest"]}, {"1f436faa33f35072e77f9e9134e20642": ["1", "com.android.spritemethodtest.SpriteMethodTest"]}, {"5d2c22664a70527b5460828109a6514e": ["0", "com.android.spritemethodtest.SpriteMethodTest"]}, {"5d2c22664a70527b5460828109a6514e": ["0", "com.android.spritemethodtest.SpriteMethodTest"]}, {"1f436faa33f35072e77f9e9134e20642": ["1", "com.android.spritemethodtest.SpriteMethodTest"]}, {"5d2c22664a70527b5460828109a6514e": ["0", "com.android.spritemethodtest.SpriteMethodTest"]}, {"1f436faa33f35072e77f9e9134e20642": ["1", "com.android.spritemethodtest.SpriteMethodTest"]}, {"5d2c22664a70527b5460828109a6514e": ["0", "com.android.spritemethodtest.SpriteMethodTest"]}, {"1f436faa33f35072e77f9e9134e20642": ["1", "com.android.spritemethodtest.SpriteMethodTest"]}, {"5d2c22664a70527b5460828109a6514e": ["0", "com.android.spritemethodtest.SpriteMethodTest"]}, {"1f436faa33f35072e77f9e9134e20642": ["1", "com.android.spritemethodtest.SpriteMethodTest"]}, {"5d2c22664a70527b5460828109a6514e": ["0", "com.android.spritemethodtest.SpriteMethodTest"]}, {"1f436faa33f35072e77f9e9134e20642": ["1", "com.android.spritemethodtest.SpriteMethodTest"]}, {"5d2c22664a70527b5460828109a6514e": ["0", "com.android.spritemethodtest.SpriteMethodTest"]}, {"1f436faa33f35072e77f9e9134e20642": ["1", "com.android.spritemethodtest.SpriteMethodTest"]}, {"5d2c22664a70527b5460828109a6514e": ["0", "com.android.spritemethodtest.SpriteMethodTest"]}, {"1f436faa33f35072e77f9e9134e20642": ["1", "com.android.spritemethodtest.SpriteMethodTest"]}, {"5d2c22664a70527b5460828109a6514e": ["0", "com.android.spritemethodtest.SpriteMethodTest"]}, {"5d2c22664a70527b5460828109a6514e": ["0", "com.android.spritemethodtest.SpriteMethodTest"]}, {"5d2c22664a70527b5460828109a6514e": ["0", "com.android.spritemethodtest.SpriteMethodTest"]}, {"1f436faa33f35072e77f9e9134e20642": ["1", "com.android.spritemethodtest.SpriteMethodTest"]}, {"5d2c22664a70527b5460828109a6514e": ["0", "com.android.spritemethodtest.SpriteMethodTest"]}, {"5d2c22664a70527b5460828109a6514e": ["0", "com.android.spritemethodtest.SpriteMethodTest"]}, {"1f436faa33f35072e77f9e9134e20642": ["1", "com.android.spritemethodtest.SpriteMethodTest"]}, {"5d2c22664a70527b5460828109a6514e": ["0", "com.android.spritemethodtest.SpriteMethodTest"]}, {"5d2c22664a70527b5460828109a6514e": ["0", "com.android.spritemethodtest.SpriteMethodTest"]}, {"5d2c22664a70527b5460828109a6514e": ["0", "com.android.spritemethodtest.SpriteMethodTest"]}, {"1f436faa33f35072e77f9e9134e20642": ["1", "com.android.spritemethodtest.SpriteMethodTest"]}, {"5d2c22664a70527b5460828109a6514e": ["0", "com.android.spritemethodtest.SpriteMethodTest"]}, {"5d2c22664a70527b5460828109a6514e": ["0", "com.android.spritemethodtest.SpriteMethodTest"]}, {"5d2c22664a70527b5460828109a6514e": ["0", "com.android.spritemethodtest.SpriteMethodTest"]}, {"5d2c22664a70527b5460828109a6514e": ["0", "com.android.spritemethodtest.SpriteMethodTest"]}, {"1f436faa33f35072e77f9e9134e20642": ["1", "com.android.spritemethodtest.SpriteMethodTest"]}, {"5d2c22664a70527b5460828109a6514e": ["0", "com.android.spritemethodtest.SpriteMethodTest"]}, {"1f436faa33f35072e77f9e9134e20642": ["1", "com.android.spritemethodtest.SpriteMethodTest"]}, {"5d2c22664a70527b5460828109a6514e": ["0", "com.android.spritemethodtest.SpriteMethodTest"]}, {"1f436faa33f35072e77f9e9134e20642": ["1", "com.android.spritemethodtest.SpriteMethodTest"]}, {"5d2c22664a70527b5460828109a6514e": ["0", "com.android.spritemethodtest.SpriteMethodTest"]}, {"1f436faa33f35072e77f9e9134e20642": ["1", "com.android.spritemethodtest.SpriteMethodTest"]}, {"5d2c22664a70527b5460828109a6514e": ["0", "com.android.spritemethodtest.SpriteMethodTest"]}, {"1f436faa33f35072e77f9e9134e20642": ["1", "com.android.spritemethodtest.SpriteMethodTest"]}, {"5d2c22664a70527b5460828109a6514e": ["0", "com.android.spritemethodtest.SpriteMethodTest"]}, {"1f436faa33f35072e77f9e9134e20642": ["1", "com.android.spritemethodtest.SpriteMethodTest"]}, {"5d2c22664a70527b5460828109a6514e": ["0", "com.android.spritemethodtest.SpriteMethodTest"]}, {"1f436faa33f35072e77f9e9134e20642": ["1", "com.android.spritemethodtest.SpriteMethodTest"]}, {"5d2c22664a70527b5460828109a6514e": ["0", "com.android.spritemethodtest.SpriteMethodTest"]}, {"1f436faa33f35072e77f9e9134e20642": ["1", "com.android.spritemethodtest.SpriteMethodTest"]}]