[{"105fe9289b37e77d1091f8dfd4462320": ["1", "com.merriamwebster.dictionary.activity.dictionary.DictionaryActivity"]}, {"d67b1ca8d103cbc10ee08df28a645b10": ["130", "com.merriamwebster.dictionary.activity.dictionary.DictionaryActivity"]}, {"d67b1ca8d103cbc10ee08df28a645b10": ["130", "com.merriamwebster.dictionary.activity.dictionary.DictionaryActivity"]}, {"4d1122577c7e2886f7ca2f78120cc0f0": ["113", "com.merriamwebster.dictionary.activity.dictionary.DictionaryActivity"]}, {"4d1122577c7e2886f7ca2f78120cc0f0": ["113", "com.merriamwebster.dictionary.activity.dictionary.DictionaryActivity"]}, {"d67b1ca8d103cbc10ee08df28a645b10": ["130", "com.merriamwebster.dictionary.activity.dictionary.DictionaryActivity"]}, {"d67b1ca8d103cbc10ee08df28a645b10": ["130", "com.merriamwebster.dictionary.activity.dictionary.DictionaryActivity"]}, {"c423456fba373a15480a4b0dfa9a22e5": ["452", "com.merriamwebster.dictionary.activity.dictionary.DictionaryActivity"]}, {"137904cd4ae486efa196a929c47b57d2": ["453", "com.merriamwebster.dictionary.activity.dictionary.DictionaryActivity"]}, {"137904cd4ae486efa196a929c47b57d2": ["453", "com.merriamwebster.dictionary.activity.dictionary.DictionaryActivity"]}, {"98b999dabac619fa6b5977286be55639": ["454", "com.merriamwebster.dictionary.activity.dictionary.DictionaryActivity"]}, {"c423456fba373a15480a4b0dfa9a22e5": ["452", "com.merriamwebster.dictionary.activity.dictionary.DictionaryActivity"]}, {"c423456fba373a15480a4b0dfa9a22e5": ["452", "com.merriamwebster.dictionary.activity.dictionary.DictionaryActivity"]}, {"137904cd4ae486efa196a929c47b57d2": ["453", "com.merriamwebster.dictionary.activity.dictionary.DictionaryActivity"]}, {"cac1dec96a3b88196a95a7ce04709c83": ["455", "com.merriamwebster.dictionary.activity.dictionary.DictionaryActivity"]}, {"c423456fba373a15480a4b0dfa9a22e5": ["452", "com.merriamwebster.dictionary.activity.dictionary.DictionaryActivity"]}, {"137904cd4ae486efa196a929c47b57d2": ["453", "com.merriamwebster.dictionary.activity.dictionary.DictionaryActivity"]}, {"811e78ad99b07c21bab1b95eaccc9257": ["456", "com.merriamwebster.dictionary.activity.dictionary.DictionaryActivity"]}, {"811e78ad99b07c21bab1b95eaccc9257": ["456", "com.merriamwebster.dictionary.activity.dictionary.DictionaryActivity"]}, {"8e81c9ffb1f80993a62602be236db1b5": ["114", "com.merriamwebster.dictionary.activity.dictionary.DictionaryActivity"]}, {"4d1122577c7e2886f7ca2f78120cc0f0": ["113", "com.merriamwebster.dictionary.activity.dictionary.DictionaryActivity"]}, {"d67b1ca8d103cbc10ee08df28a645b10": ["130", "com.merriamwebster.dictionary.activity.dictionary.DictionaryActivity"]}, {"811e78ad99b07c21bab1b95eaccc9257": ["456", "com.merriamwebster.dictionary.activity.dictionary.DictionaryActivity"]}, {"8e81c9ffb1f80993a62602be236db1b5": ["114", "com.merriamwebster.dictionary.activity.dictionary.DictionaryActivity"]}, {"811e78ad99b07c21bab1b95eaccc9257": ["456", "com.merriamwebster.dictionary.activity.dictionary.DictionaryActivity"]}, {"811e78ad99b07c21bab1b95eaccc9257": ["456", "com.merriamwebster.dictionary.activity.dictionary.DictionaryActivity"]}, {"811e78ad99b07c21bab1b95eaccc9257": ["456", "com.merriamwebster.dictionary.activity.dictionary.DictionaryActivity"]}, {"8e81c9ffb1f80993a62602be236db1b5": ["114", "com.merriamwebster.dictionary.activity.dictionary.DictionaryActivity"]}, {"8e81c9ffb1f80993a62602be236db1b5": ["114", "com.merriamwebster.dictionary.activity.dictionary.DictionaryActivity"]}, {"8e81c9ffb1f80993a62602be236db1b5": ["114", "com.merriamwebster.dictionary.activity.dictionary.DictionaryActivity"]}, {"4d1122577c7e2886f7ca2f78120cc0f0": ["113", "com.merriamwebster.dictionary.activity.dictionary.DictionaryActivity"]}, {"d67b1ca8d103cbc10ee08df28a645b10": ["130", "com.merriamwebster.dictionary.activity.dictionary.DictionaryActivity"]}, {"b847535a6e92b75fdd7edfbf35efeddf": ["457", "com.merriamwebster.dictionary.activity.dictionary.DictionaryActivity"]}, {"cf27fbfc959fafc7d1f7d99cc89fb885": ["458", "com.merriamwebster.dictionary.activity.dictionary.DictionaryActivity"]}, {"e21e0eff07d34ee874f462d337b79cfd": ["7", "com.merriamwebster.dictionary.activity.dictionary.DictionaryActivity"]}, {"c7419881d012eee2cec97fafc43060be": ["39", "com.merriamwebster.dictionary.activity.dictionary.DictionaryActivity"]}, {"8e81c9ffb1f80993a62602be236db1b5": ["114", "com.merriamwebster.dictionary.activity.dictionary.DictionaryActivity"]}, {"811e78ad99b07c21bab1b95eaccc9257": ["456", "com.merriamwebster.dictionary.activity.dictionary.DictionaryActivity"]}, {"811e78ad99b07c21bab1b95eaccc9257": ["456", "com.merriamwebster.dictionary.activity.dictionary.DictionaryActivity"]}, {"5b0ac84a76dbbe8e5044c825bc5122cc": ["459", "com.merriamwebster.dictionary.activity.dictionary.DictionaryActivity"]}, {"d67b1ca8d103cbc10ee08df28a645b10": ["130", "com.merriamwebster.dictionary.activity.dictionary.DictionaryActivity"]}, {"d67b1ca8d103cbc10ee08df28a645b10": ["130", "com.merriamwebster.dictionary.activity.dictionary.DictionaryActivity"]}, {"cf27fbfc959fafc7d1f7d99cc89fb885": ["458", "com.merriamwebster.dictionary.activity.dictionary.DictionaryActivity"]}, {"cf27fbfc959fafc7d1f7d99cc89fb885": ["458", "com.merriamwebster.dictionary.activity.dictionary.DictionaryActivity"]}, {"cf27fbfc959fafc7d1f7d99cc89fb885": ["458", "com.merriamwebster.dictionary.activity.dictionary.DictionaryActivity"]}, {"b847535a6e92b75fdd7edfbf35efeddf": ["457", "com.merriamwebster.dictionary.activity.dictionary.DictionaryActivity"]}, {"cf27fbfc959fafc7d1f7d99cc89fb885": ["458", "com.merriamwebster.dictionary.activity.dictionary.DictionaryActivity"]}, {"105fe9289b37e77d1091f8dfd4462320": ["1", "com.merriamwebster.dictionary.activity.dictionary.DictionaryActivity"]}, {"105fe9289b37e77d1091f8dfd4462320": ["1", "com.merriamwebster.dictionary.activity.dictionary.DictionaryActivity"]}, {"8e81c9ffb1f80993a62602be236db1b5": ["114", "com.merriamwebster.dictionary.activity.dictionary.DictionaryActivity"]}, {"811e78ad99b07c21bab1b95eaccc9257": ["456", "com.merriamwebster.dictionary.activity.dictionary.DictionaryActivity"]}, {"5f35fb7892555d9134d83849a6875509": ["460", "com.merriamwebster.dictionary.activity.dictionary.DictionaryActivity"]}, {"8e81c9ffb1f80993a62602be236db1b5": ["114", "com.merriamwebster.dictionary.activity.dictionary.DictionaryActivity"]}, {"8e81c9ffb1f80993a62602be236db1b5": ["114", "com.merriamwebster.dictionary.activity.dictionary.DictionaryActivity"]}, {"811e78ad99b07c21bab1b95eaccc9257": ["456", "com.merriamwebster.dictionary.activity.dictionary.DictionaryActivity"]}, {"811e78ad99b07c21bab1b95eaccc9257": ["456", "com.merriamwebster.dictionary.activity.dictionary.DictionaryActivity"]}, {"811e78ad99b07c21bab1b95eaccc9257": ["456", "com.merriamwebster.dictionary.activity.dictionary.DictionaryActivity"]}, {"811e78ad99b07c21bab1b95eaccc9257": ["456", "com.merriamwebster.dictionary.activity.dictionary.DictionaryActivity"]}, {"811e78ad99b07c21bab1b95eaccc9257": ["456", "com.merriamwebster.dictionary.activity.dictionary.DictionaryActivity"]}, {"811e78ad99b07c21bab1b95eaccc9257": ["456", "com.merriamwebster.dictionary.activity.dictionary.DictionaryActivity"]}, {"811e78ad99b07c21bab1b95eaccc9257": ["456", "com.merriamwebster.dictionary.activity.dictionary.DictionaryActivity"]}, {"8e81c9ffb1f80993a62602be236db1b5": ["114", "com.merriamwebster.dictionary.activity.dictionary.DictionaryActivity"]}, {"8e81c9ffb1f80993a62602be236db1b5": ["114", "com.merriamwebster.dictionary.activity.dictionary.DictionaryActivity"]}, {"811e78ad99b07c21bab1b95eaccc9257": ["456", "com.merriamwebster.dictionary.activity.dictionary.DictionaryActivity"]}, {"8e81c9ffb1f80993a62602be236db1b5": ["114", "com.merriamwebster.dictionary.activity.dictionary.DictionaryActivity"]}, {"8e81c9ffb1f80993a62602be236db1b5": ["114", "com.merriamwebster.dictionary.activity.dictionary.DictionaryActivity"]}, {"811e78ad99b07c21bab1b95eaccc9257": ["456", "com.merriamwebster.dictionary.activity.dictionary.DictionaryActivity"]}, {"1f5a3b26d9d9dc1556daa78f255e0e40": ["93", "com.merriamwebster.dictionary.activity.dictionary.DictionaryActivity"]}, {"f8e0f9344ee2a7fdc07a712014740593": ["92", "com.merriamwebster.dictionary.activity.dictionary.DictionaryActivity"]}, {"1f5a3b26d9d9dc1556daa78f255e0e40": ["93", "com.merriamwebster.dictionary.activity.dictionary.DictionaryActivity"]}, {"b847535a6e92b75fdd7edfbf35efeddf": ["457", "com.merriamwebster.dictionary.activity.dictionary.DictionaryActivity"]}, {"b847535a6e92b75fdd7edfbf35efeddf": ["457", "com.merriamwebster.dictionary.activity.dictionary.DictionaryActivity"]}, {"cf27fbfc959fafc7d1f7d99cc89fb885": ["458", "com.merriamwebster.dictionary.activity.dictionary.DictionaryActivity"]}, {"cf27fbfc959fafc7d1f7d99cc89fb885": ["458", "com.merriamwebster.dictionary.activity.dictionary.DictionaryActivity"]}, {"b847535a6e92b75fdd7edfbf35efeddf": ["457", "com.merriamwebster.dictionary.activity.dictionary.DictionaryActivity"]}, {"b847535a6e92b75fdd7edfbf35efeddf": ["457", "com.merriamwebster.dictionary.activity.dictionary.DictionaryActivity"]}, {"b847535a6e92b75fdd7edfbf35efeddf": ["457", "com.merriamwebster.dictionary.activity.dictionary.DictionaryActivity"]}, {"cf27fbfc959fafc7d1f7d99cc89fb885": ["458", "com.merriamwebster.dictionary.activity.dictionary.DictionaryActivity"]}, {"cb72b0e43afc758e59bcbdeb8e23e5bb": ["351", "com.merriamwebster.dictionary.activity.dictionary.DictionaryActivity"]}, {"1f5a3b26d9d9dc1556daa78f255e0e40": ["93", "com.merriamwebster.dictionary.activity.dictionary.DictionaryActivity"]}, {"1f5a3b26d9d9dc1556daa78f255e0e40": ["93", "com.merriamwebster.dictionary.activity.dictionary.DictionaryActivity"]}, {"b847535a6e92b75fdd7edfbf35efeddf": ["457", "com.merriamwebster.dictionary.activity.dictionary.DictionaryActivity"]}, {"cf27fbfc959fafc7d1f7d99cc89fb885": ["458", "com.merriamwebster.dictionary.activity.dictionary.DictionaryActivity"]}, {"89980e7908b3ab990a9c3bace1f3cd50": ["461", "com.merriamwebster.dictionary.activity.dictionary.DictionaryActivity"]}, {"b847535a6e92b75fdd7edfbf35efeddf": ["457", "com.merriamwebster.dictionary.activity.dictionary.DictionaryActivity"]}, {"b847535a6e92b75fdd7edfbf35efeddf": ["457", "com.merriamwebster.dictionary.activity.dictionary.DictionaryActivity"]}, {"cf27fbfc959fafc7d1f7d99cc89fb885": ["458", "com.merriamwebster.dictionary.activity.dictionary.DictionaryActivity"]}, {"c423456fba373a15480a4b0dfa9a22e5": ["452", "com.merriamwebster.dictionary.activity.dictionary.DictionaryActivity"]}, {"c423456fba373a15480a4b0dfa9a22e5": ["452", "com.merriamwebster.dictionary.activity.dictionary.DictionaryActivity"]}, {"137904cd4ae486efa196a929c47b57d2": ["453", "com.merriamwebster.dictionary.activity.dictionary.DictionaryActivity"]}, {"8e81c9ffb1f80993a62602be236db1b5": ["114", "com.merriamwebster.dictionary.activity.dictionary.DictionaryActivity"]}, {"811e78ad99b07c21bab1b95eaccc9257": ["456", "com.merriamwebster.dictionary.activity.dictionary.DictionaryActivity"]}, {"811e78ad99b07c21bab1b95eaccc9257": ["456", "com.merriamwebster.dictionary.activity.dictionary.DictionaryActivity"]}, {"c423456fba373a15480a4b0dfa9a22e5": ["452", "com.merriamwebster.dictionary.activity.dictionary.DictionaryActivity"]}, {"137904cd4ae486efa196a929c47b57d2": ["453", "com.merriamwebster.dictionary.activity.dictionary.DictionaryActivity"]}, {"1f5a3b26d9d9dc1556daa78f255e0e40": ["93", "com.merriamwebster.dictionary.activity.dictionary.DictionaryActivity"]}, {"f8e0f9344ee2a7fdc07a712014740593": ["92", "com.merriamwebster.dictionary.activity.dictionary.DictionaryActivity"]}, {"1f5a3b26d9d9dc1556daa78f255e0e40": ["93", "com.merriamwebster.dictionary.activity.dictionary.DictionaryActivity"]}, {"c423456fba373a15480a4b0dfa9a22e5": ["452", "com.merriamwebster.dictionary.activity.dictionary.DictionaryActivity"]}, {"c423456fba373a15480a4b0dfa9a22e5": ["452", "com.merriamwebster.dictionary.activity.dictionary.DictionaryActivity"]}, {"c423456fba373a15480a4b0dfa9a22e5": ["452", "com.merriamwebster.dictionary.activity.dictionary.DictionaryActivity"]}, {"137904cd4ae486efa196a929c47b57d2": ["453", "com.merriamwebster.dictionary.activity.dictionary.DictionaryActivity"]}, {"6ddbac7fcbee1f4188e255a0151900f2": ["276", "com.merriamwebster.dictionary.activity.dictionary.DictionaryActivity"]}, {"ff675521de179bfa55c012920e07e729": ["274", "com.merriamwebster.dictionary.activity.dictionary.DictionaryActivity"]}, {"97e506efbb843330e4555a11d8816f9d": ["8", "com.merriamwebster.dictionary.activity.dictionary.DictionaryActivity"]}, {"97e506efbb843330e4555a11d8816f9d": ["8", "com.merriamwebster.dictionary.activity.dictionary.DictionaryActivity"]}, {"db2fb10a2e92d6ab3126aee71602bf82": ["462", "com.google.android.gms.ads.AdActivity"]}, {"db2fb10a2e92d6ab3126aee71602bf82": ["462", "com.google.android.gms.ads.AdActivity"]}, {"db2fb10a2e92d6ab3126aee71602bf82": ["462", "com.google.android.gms.ads.AdActivity"]}, {"db2fb10a2e92d6ab3126aee71602bf82": ["462", "com.google.android.gms.ads.AdActivity"]}, {"db2fb10a2e92d6ab3126aee71602bf82": ["462", "com.google.android.gms.ads.AdActivity"]}, {"db2fb10a2e92d6ab3126aee71602bf82": ["462", "com.google.android.gms.ads.AdActivity"]}, {"db2fb10a2e92d6ab3126aee71602bf82": ["462", "com.google.android.gms.ads.AdActivity"]}, {"db2fb10a2e92d6ab3126aee71602bf82": ["462", "com.google.android.gms.ads.AdActivity"]}, {"db2fb10a2e92d6ab3126aee71602bf82": ["462", "com.google.android.gms.ads.AdActivity"]}, {"db2fb10a2e92d6ab3126aee71602bf82": ["462", "com.google.android.gms.ads.AdActivity"]}, {"db2fb10a2e92d6ab3126aee71602bf82": ["462", "com.google.android.gms.ads.AdActivity"]}, {"db2fb10a2e92d6ab3126aee71602bf82": ["462", "com.google.android.gms.ads.AdActivity"]}, {"db2fb10a2e92d6ab3126aee71602bf82": ["462", "com.google.android.gms.ads.AdActivity"]}, {"db2fb10a2e92d6ab3126aee71602bf82": ["462", "com.google.android.gms.ads.AdActivity"]}, {"db2fb10a2e92d6ab3126aee71602bf82": ["462", "com.google.android.gms.ads.AdActivity"]}, {"db2fb10a2e92d6ab3126aee71602bf82": ["462", "com.google.android.gms.ads.AdActivity"]}, {"db2fb10a2e92d6ab3126aee71602bf82": ["462", "com.google.android.gms.ads.AdActivity"]}, {"db2fb10a2e92d6ab3126aee71602bf82": ["462", "com.google.android.gms.ads.AdActivity"]}, {"db2fb10a2e92d6ab3126aee71602bf82": ["462", "com.google.android.gms.ads.AdActivity"]}, {"db2fb10a2e92d6ab3126aee71602bf82": ["462", "com.google.android.gms.ads.AdActivity"]}, {"db2fb10a2e92d6ab3126aee71602bf82": ["462", "com.google.android.gms.ads.AdActivity"]}, {"db2fb10a2e92d6ab3126aee71602bf82": ["462", "com.google.android.gms.ads.AdActivity"]}, {"db2fb10a2e92d6ab3126aee71602bf82": ["462", "com.google.android.gms.ads.AdActivity"]}, {"db2fb10a2e92d6ab3126aee71602bf82": ["462", "com.google.android.gms.ads.AdActivity"]}, {"db2fb10a2e92d6ab3126aee71602bf82": ["462", "com.google.android.gms.ads.AdActivity"]}, {"db2fb10a2e92d6ab3126aee71602bf82": ["462", "com.google.android.gms.ads.AdActivity"]}, {"db2fb10a2e92d6ab3126aee71602bf82": ["462", "com.google.android.gms.ads.AdActivity"]}, {"db2fb10a2e92d6ab3126aee71602bf82": ["462", "com.google.android.gms.ads.AdActivity"]}, {"db2fb10a2e92d6ab3126aee71602bf82": ["462", "com.google.android.gms.ads.AdActivity"]}, {"db2fb10a2e92d6ab3126aee71602bf82": ["462", "com.google.android.gms.ads.AdActivity"]}, {"db2fb10a2e92d6ab3126aee71602bf82": ["462", "com.google.android.gms.ads.AdActivity"]}, {"db2fb10a2e92d6ab3126aee71602bf82": ["462", "com.google.android.gms.ads.AdActivity"]}, {"db2fb10a2e92d6ab3126aee71602bf82": ["462", "com.google.android.gms.ads.AdActivity"]}, {"db2fb10a2e92d6ab3126aee71602bf82": ["462", "com.google.android.gms.ads.AdActivity"]}, {"db2fb10a2e92d6ab3126aee71602bf82": ["462", "com.google.android.gms.ads.AdActivity"]}, {"db2fb10a2e92d6ab3126aee71602bf82": ["462", "com.google.android.gms.ads.AdActivity"]}, {"db2fb10a2e92d6ab3126aee71602bf82": ["462", "com.google.android.gms.ads.AdActivity"]}, {"db2fb10a2e92d6ab3126aee71602bf82": ["462", "com.google.android.gms.ads.AdActivity"]}, {"db2fb10a2e92d6ab3126aee71602bf82": ["462", "com.google.android.gms.ads.AdActivity"]}, {"db2fb10a2e92d6ab3126aee71602bf82": ["462", "com.google.android.gms.ads.AdActivity"]}, {"db2fb10a2e92d6ab3126aee71602bf82": ["462", "com.google.android.gms.ads.AdActivity"]}, {"db2fb10a2e92d6ab3126aee71602bf82": ["462", "com.google.android.gms.ads.AdActivity"]}, {"db2fb10a2e92d6ab3126aee71602bf82": ["462", "com.google.android.gms.ads.AdActivity"]}, {"db2fb10a2e92d6ab3126aee71602bf82": ["462", "com.google.android.gms.ads.AdActivity"]}, {"db2fb10a2e92d6ab3126aee71602bf82": ["462", "com.google.android.gms.ads.AdActivity"]}, {"db2fb10a2e92d6ab3126aee71602bf82": ["462", "com.google.android.gms.ads.AdActivity"]}, {"db2fb10a2e92d6ab3126aee71602bf82": ["462", "com.google.android.gms.ads.AdActivity"]}, {"db2fb10a2e92d6ab3126aee71602bf82": ["462", "com.google.android.gms.ads.AdActivity"]}, {"db2fb10a2e92d6ab3126aee71602bf82": ["462", "com.google.android.gms.ads.AdActivity"]}, {"db2fb10a2e92d6ab3126aee71602bf82": ["462", "com.google.android.gms.ads.AdActivity"]}, {"db2fb10a2e92d6ab3126aee71602bf82": ["462", "com.google.android.gms.ads.AdActivity"]}, {"db2fb10a2e92d6ab3126aee71602bf82": ["462", "com.google.android.gms.ads.AdActivity"]}, {"db2fb10a2e92d6ab3126aee71602bf82": ["462", "com.google.android.gms.ads.AdActivity"]}, {"db2fb10a2e92d6ab3126aee71602bf82": ["462", "com.google.android.gms.ads.AdActivity"]}, {"db2fb10a2e92d6ab3126aee71602bf82": ["462", "com.google.android.gms.ads.AdActivity"]}, {"db2fb10a2e92d6ab3126aee71602bf82": ["462", "com.google.android.gms.ads.AdActivity"]}, {"db2fb10a2e92d6ab3126aee71602bf82": ["462", "com.google.android.gms.ads.AdActivity"]}, {"db2fb10a2e92d6ab3126aee71602bf82": ["462", "com.google.android.gms.ads.AdActivity"]}, {"db2fb10a2e92d6ab3126aee71602bf82": ["462", "com.google.android.gms.ads.AdActivity"]}, {"db2fb10a2e92d6ab3126aee71602bf82": ["462", "com.google.android.gms.ads.AdActivity"]}, {"db2fb10a2e92d6ab3126aee71602bf82": ["462", "com.google.android.gms.ads.AdActivity"]}, {"db2fb10a2e92d6ab3126aee71602bf82": ["462", "com.google.android.gms.ads.AdActivity"]}, {"db2fb10a2e92d6ab3126aee71602bf82": ["462", "com.google.android.gms.ads.AdActivity"]}, {"db2fb10a2e92d6ab3126aee71602bf82": ["462", "com.google.android.gms.ads.AdActivity"]}, {"db2fb10a2e92d6ab3126aee71602bf82": ["462", "com.google.android.gms.ads.AdActivity"]}, {"db2fb10a2e92d6ab3126aee71602bf82": ["462", "com.google.android.gms.ads.AdActivity"]}, {"db2fb10a2e92d6ab3126aee71602bf82": ["462", "com.google.android.gms.ads.AdActivity"]}, {"db2fb10a2e92d6ab3126aee71602bf82": ["462", "com.google.android.gms.ads.AdActivity"]}, {"db2fb10a2e92d6ab3126aee71602bf82": ["462", "com.google.android.gms.ads.AdActivity"]}, {"db2fb10a2e92d6ab3126aee71602bf82": ["462", "com.google.android.gms.ads.AdActivity"]}, {"db2fb10a2e92d6ab3126aee71602bf82": ["462", "com.google.android.gms.ads.AdActivity"]}, {"db2fb10a2e92d6ab3126aee71602bf82": ["462", "com.google.android.gms.ads.AdActivity"]}, {"db2fb10a2e92d6ab3126aee71602bf82": ["462", "com.google.android.gms.ads.AdActivity"]}, {"db2fb10a2e92d6ab3126aee71602bf82": ["462", "com.google.android.gms.ads.AdActivity"]}, {"db2fb10a2e92d6ab3126aee71602bf82": ["462", "com.google.android.gms.ads.AdActivity"]}, {"db2fb10a2e92d6ab3126aee71602bf82": ["462", "com.google.android.gms.ads.AdActivity"]}, {"db2fb10a2e92d6ab3126aee71602bf82": ["462", "com.google.android.gms.ads.AdActivity"]}]