[{"f970ce0bfeb81110da7098f1c6e74a1e": ["52", "com.merriamwebster.dictionary.activity.dictionary.DictionaryActivity"]}, {"1dd21fab2eb13de21969080bf4b23052": ["507", "com.merriamwebster.dictionary.activity.dictionary.DictionaryActivity"]}, {"f970ce0bfeb81110da7098f1c6e74a1e": ["52", "com.merriamwebster.dictionary.activity.dictionary.DictionaryActivity"]}, {"105fe9289b37e77d1091f8dfd4462320": ["1", "com.merriamwebster.dictionary.activity.dictionary.DictionaryActivity"]}, {"105fe9289b37e77d1091f8dfd4462320": ["1", "com.merriamwebster.dictionary.activity.dictionary.DictionaryActivity"]}, {"4d1122577c7e2886f7ca2f78120cc0f0": ["113", "com.merriamwebster.dictionary.activity.dictionary.DictionaryActivity"]}, {"d67b1ca8d103cbc10ee08df28a645b10": ["130", "com.merriamwebster.dictionary.activity.dictionary.DictionaryActivity"]}, {"d67b1ca8d103cbc10ee08df28a645b10": ["130", "com.merriamwebster.dictionary.activity.dictionary.DictionaryActivity"]}, {"137904cd4ae486efa196a929c47b57d2": ["453", "com.merriamwebster.dictionary.activity.dictionary.DictionaryActivity"]}, {"137904cd4ae486efa196a929c47b57d2": ["453", "com.merriamwebster.dictionary.activity.dictionary.DictionaryActivity"]}, {"137904cd4ae486efa196a929c47b57d2": ["453", "com.merriamwebster.dictionary.activity.dictionary.DictionaryActivity"]}, {"c423456fba373a15480a4b0dfa9a22e5": ["452", "com.merriamwebster.dictionary.activity.dictionary.DictionaryActivity"]}, {"137904cd4ae486efa196a929c47b57d2": ["453", "com.merriamwebster.dictionary.activity.dictionary.DictionaryActivity"]}, {"c423456fba373a15480a4b0dfa9a22e5": ["452", "com.merriamwebster.dictionary.activity.dictionary.DictionaryActivity"]}, {"137904cd4ae486efa196a929c47b57d2": ["453", "com.merriamwebster.dictionary.activity.dictionary.DictionaryActivity"]}, {"c423456fba373a15480a4b0dfa9a22e5": ["452", "com.merriamwebster.dictionary.activity.dictionary.DictionaryActivity"]}, {"137904cd4ae486efa196a929c47b57d2": ["453", "com.merriamwebster.dictionary.activity.dictionary.DictionaryActivity"]}, {"8e81c9ffb1f80993a62602be236db1b5": ["114", "com.merriamwebster.dictionary.activity.dictionary.DictionaryActivity"]}, {"811e78ad99b07c21bab1b95eaccc9257": ["456", "com.merriamwebster.dictionary.activity.dictionary.DictionaryActivity"]}, {"c423456fba373a15480a4b0dfa9a22e5": ["452", "com.merriamwebster.dictionary.activity.dictionary.DictionaryActivity"]}, {"137904cd4ae486efa196a929c47b57d2": ["453", "com.merriamwebster.dictionary.activity.dictionary.DictionaryActivity"]}, {"137904cd4ae486efa196a929c47b57d2": ["453", "com.merriamwebster.dictionary.activity.dictionary.DictionaryActivity"]}, {"c423456fba373a15480a4b0dfa9a22e5": ["452", "com.merriamwebster.dictionary.activity.dictionary.DictionaryActivity"]}, {"137904cd4ae486efa196a929c47b57d2": ["453", "com.merriamwebster.dictionary.activity.dictionary.DictionaryActivity"]}, {"6ddbac7fcbee1f4188e255a0151900f2": ["276", "com.merriamwebster.dictionary.activity.dictionary.DictionaryActivity"]}, {"4d1122577c7e2886f7ca2f78120cc0f0": ["113", "com.merriamwebster.dictionary.activity.dictionary.DictionaryActivity"]}, {"4d1122577c7e2886f7ca2f78120cc0f0": ["113", "com.merriamwebster.dictionary.activity.dictionary.DictionaryActivity"]}, {"4d1122577c7e2886f7ca2f78120cc0f0": ["113", "com.merriamwebster.dictionary.activity.dictionary.DictionaryActivity"]}, {"d67b1ca8d103cbc10ee08df28a645b10": ["130", "com.merriamwebster.dictionary.activity.dictionary.DictionaryActivity"]}, {"5b0ac84a76dbbe8e5044c825bc5122cc": ["459", "com.merriamwebster.dictionary.activity.dictionary.DictionaryActivity"]}, {"4d1122577c7e2886f7ca2f78120cc0f0": ["113", "com.merriamwebster.dictionary.activity.dictionary.DictionaryActivity"]}, {"4d1122577c7e2886f7ca2f78120cc0f0": ["113", "com.merriamwebster.dictionary.activity.dictionary.DictionaryActivity"]}, {"d67b1ca8d103cbc10ee08df28a645b10": ["130", "com.merriamwebster.dictionary.activity.dictionary.DictionaryActivity"]}, {"105fe9289b37e77d1091f8dfd4462320": ["1", "com.merriamwebster.dictionary.activity.dictionary.DictionaryActivity"]}, {"e21e0eff07d34ee874f462d337b79cfd": ["7", "com.merriamwebster.dictionary.activity.dictionary.DictionaryActivity"]}, {"51b9005fce130aaf6d6a90dc6dc293a2": ["9", "com.merriamwebster.games.activity.GamePlayActivity"]}, {"51b9005fce130aaf6d6a90dc6dc293a2": ["9", "com.merriamwebster.games.activity.GamePlayActivity"]}, {"51b9005fce130aaf6d6a90dc6dc293a2": ["9", "com.merriamwebster.games.activity.GamePlayActivity"]}, {"fc65d532adc4b87c06a10a9119fa04c4": ["575", "com.merriamwebster.games.activity.GamePlayActivity"]}, {"7e3286c6f308ceac869314deebfb61eb": ["370", "com.merriamwebster.games.activity.GamePlayActivity"]}, {"3f5308313df516d624fabaae12a22cee": ["371", "com.merriamwebster.games.activity.GamePlayActivity"]}, {"db2fb10a2e92d6ab3126aee71602bf82": ["462", "com.google.android.gms.ads.AdActivity"]}, {"db2fb10a2e92d6ab3126aee71602bf82": ["462", "com.google.android.gms.ads.AdActivity"]}, {"db2fb10a2e92d6ab3126aee71602bf82": ["462", "com.google.android.gms.ads.AdActivity"]}, {"db2fb10a2e92d6ab3126aee71602bf82": ["462", "com.google.android.gms.ads.AdActivity"]}, {"db2fb10a2e92d6ab3126aee71602bf82": ["462", "com.google.android.gms.ads.AdActivity"]}, {"db2fb10a2e92d6ab3126aee71602bf82": ["462", "com.google.android.gms.ads.AdActivity"]}, {"db2fb10a2e92d6ab3126aee71602bf82": ["462", "com.google.android.gms.ads.AdActivity"]}, {"db2fb10a2e92d6ab3126aee71602bf82": ["462", "com.google.android.gms.ads.AdActivity"]}, {"db2fb10a2e92d6ab3126aee71602bf82": ["462", "com.google.android.gms.ads.AdActivity"]}, {"db2fb10a2e92d6ab3126aee71602bf82": ["462", "com.google.android.gms.ads.AdActivity"]}, {"db2fb10a2e92d6ab3126aee71602bf82": ["462", "com.google.android.gms.ads.AdActivity"]}, {"db2fb10a2e92d6ab3126aee71602bf82": ["462", "com.google.android.gms.ads.AdActivity"]}, {"db2fb10a2e92d6ab3126aee71602bf82": ["462", "com.google.android.gms.ads.AdActivity"]}, {"db2fb10a2e92d6ab3126aee71602bf82": ["462", "com.google.android.gms.ads.AdActivity"]}, {"db2fb10a2e92d6ab3126aee71602bf82": ["462", "com.google.android.gms.ads.AdActivity"]}, {"db2fb10a2e92d6ab3126aee71602bf82": ["462", "com.google.android.gms.ads.AdActivity"]}, {"db2fb10a2e92d6ab3126aee71602bf82": ["462", "com.google.android.gms.ads.AdActivity"]}, {"db2fb10a2e92d6ab3126aee71602bf82": ["462", "com.google.android.gms.ads.AdActivity"]}, {"db2fb10a2e92d6ab3126aee71602bf82": ["462", "com.google.android.gms.ads.AdActivity"]}, {"db2fb10a2e92d6ab3126aee71602bf82": ["462", "com.google.android.gms.ads.AdActivity"]}, {"db2fb10a2e92d6ab3126aee71602bf82": ["462", "com.google.android.gms.ads.AdActivity"]}, {"db2fb10a2e92d6ab3126aee71602bf82": ["462", "com.google.android.gms.ads.AdActivity"]}, {"db2fb10a2e92d6ab3126aee71602bf82": ["462", "com.google.android.gms.ads.AdActivity"]}, {"db2fb10a2e92d6ab3126aee71602bf82": ["462", "com.google.android.gms.ads.AdActivity"]}, {"db2fb10a2e92d6ab3126aee71602bf82": ["462", "com.google.android.gms.ads.AdActivity"]}, {"db2fb10a2e92d6ab3126aee71602bf82": ["462", "com.google.android.gms.ads.AdActivity"]}, {"db2fb10a2e92d6ab3126aee71602bf82": ["462", "com.google.android.gms.ads.AdActivity"]}, {"db2fb10a2e92d6ab3126aee71602bf82": ["462", "com.google.android.gms.ads.AdActivity"]}, {"db2fb10a2e92d6ab3126aee71602bf82": ["462", "com.google.android.gms.ads.AdActivity"]}, {"db2fb10a2e92d6ab3126aee71602bf82": ["462", "com.google.android.gms.ads.AdActivity"]}, {"db2fb10a2e92d6ab3126aee71602bf82": ["462", "com.google.android.gms.ads.AdActivity"]}, {"db2fb10a2e92d6ab3126aee71602bf82": ["462", "com.google.android.gms.ads.AdActivity"]}, {"db2fb10a2e92d6ab3126aee71602bf82": ["462", "com.google.android.gms.ads.AdActivity"]}, {"db2fb10a2e92d6ab3126aee71602bf82": ["462", "com.google.android.gms.ads.AdActivity"]}, {"db2fb10a2e92d6ab3126aee71602bf82": ["462", "com.google.android.gms.ads.AdActivity"]}, {"db2fb10a2e92d6ab3126aee71602bf82": ["462", "com.google.android.gms.ads.AdActivity"]}, {"db2fb10a2e92d6ab3126aee71602bf82": ["462", "com.google.android.gms.ads.AdActivity"]}, {"db2fb10a2e92d6ab3126aee71602bf82": ["462", "com.google.android.gms.ads.AdActivity"]}, {"db2fb10a2e92d6ab3126aee71602bf82": ["462", "com.google.android.gms.ads.AdActivity"]}, {"db2fb10a2e92d6ab3126aee71602bf82": ["462", "com.google.android.gms.ads.AdActivity"]}, {"db2fb10a2e92d6ab3126aee71602bf82": ["462", "com.google.android.gms.ads.AdActivity"]}, {"db2fb10a2e92d6ab3126aee71602bf82": ["462", "com.google.android.gms.ads.AdActivity"]}, {"db2fb10a2e92d6ab3126aee71602bf82": ["462", "com.google.android.gms.ads.AdActivity"]}, {"db2fb10a2e92d6ab3126aee71602bf82": ["462", "com.google.android.gms.ads.AdActivity"]}, {"db2fb10a2e92d6ab3126aee71602bf82": ["462", "com.google.android.gms.ads.AdActivity"]}, {"db2fb10a2e92d6ab3126aee71602bf82": ["462", "com.google.android.gms.ads.AdActivity"]}, {"db2fb10a2e92d6ab3126aee71602bf82": ["462", "com.google.android.gms.ads.AdActivity"]}, {"db2fb10a2e92d6ab3126aee71602bf82": ["462", "com.google.android.gms.ads.AdActivity"]}, {"db2fb10a2e92d6ab3126aee71602bf82": ["462", "com.google.android.gms.ads.AdActivity"]}, {"db2fb10a2e92d6ab3126aee71602bf82": ["462", "com.google.android.gms.ads.AdActivity"]}, {"db2fb10a2e92d6ab3126aee71602bf82": ["462", "com.google.android.gms.ads.AdActivity"]}, {"db2fb10a2e92d6ab3126aee71602bf82": ["462", "com.google.android.gms.ads.AdActivity"]}, {"db2fb10a2e92d6ab3126aee71602bf82": ["462", "com.google.android.gms.ads.AdActivity"]}, {"db2fb10a2e92d6ab3126aee71602bf82": ["462", "com.google.android.gms.ads.AdActivity"]}, {"db2fb10a2e92d6ab3126aee71602bf82": ["462", "com.google.android.gms.ads.AdActivity"]}, {"db2fb10a2e92d6ab3126aee71602bf82": ["462", "com.google.android.gms.ads.AdActivity"]}, {"db2fb10a2e92d6ab3126aee71602bf82": ["462", "com.google.android.gms.ads.AdActivity"]}, {"db2fb10a2e92d6ab3126aee71602bf82": ["462", "com.google.android.gms.ads.AdActivity"]}, {"db2fb10a2e92d6ab3126aee71602bf82": ["462", "com.google.android.gms.ads.AdActivity"]}, {"db2fb10a2e92d6ab3126aee71602bf82": ["462", "com.google.android.gms.ads.AdActivity"]}, {"db2fb10a2e92d6ab3126aee71602bf82": ["462", "com.google.android.gms.ads.AdActivity"]}, {"db2fb10a2e92d6ab3126aee71602bf82": ["462", "com.google.android.gms.ads.AdActivity"]}, {"db2fb10a2e92d6ab3126aee71602bf82": ["462", "com.google.android.gms.ads.AdActivity"]}, {"db2fb10a2e92d6ab3126aee71602bf82": ["462", "com.google.android.gms.ads.AdActivity"]}, {"db2fb10a2e92d6ab3126aee71602bf82": ["462", "com.google.android.gms.ads.AdActivity"]}, {"db2fb10a2e92d6ab3126aee71602bf82": ["462", "com.google.android.gms.ads.AdActivity"]}, {"db2fb10a2e92d6ab3126aee71602bf82": ["462", "com.google.android.gms.ads.AdActivity"]}, {"db2fb10a2e92d6ab3126aee71602bf82": ["462", "com.google.android.gms.ads.AdActivity"]}, {"db2fb10a2e92d6ab3126aee71602bf82": ["462", "com.google.android.gms.ads.AdActivity"]}, {"db2fb10a2e92d6ab3126aee71602bf82": ["462", "com.google.android.gms.ads.AdActivity"]}, {"db2fb10a2e92d6ab3126aee71602bf82": ["462", "com.google.android.gms.ads.AdActivity"]}, {"db2fb10a2e92d6ab3126aee71602bf82": ["462", "com.google.android.gms.ads.AdActivity"]}, {"db2fb10a2e92d6ab3126aee71602bf82": ["462", "com.google.android.gms.ads.AdActivity"]}, {"db2fb10a2e92d6ab3126aee71602bf82": ["462", "com.google.android.gms.ads.AdActivity"]}, {"db2fb10a2e92d6ab3126aee71602bf82": ["462", "com.google.android.gms.ads.AdActivity"]}, {"db2fb10a2e92d6ab3126aee71602bf82": ["462", "com.google.android.gms.ads.AdActivity"]}, {"db2fb10a2e92d6ab3126aee71602bf82": ["462", "com.google.android.gms.ads.AdActivity"]}, {"db2fb10a2e92d6ab3126aee71602bf82": ["462", "com.google.android.gms.ads.AdActivity"]}, {"db2fb10a2e92d6ab3126aee71602bf82": ["462", "com.google.android.gms.ads.AdActivity"]}, {"db2fb10a2e92d6ab3126aee71602bf82": ["462", "com.google.android.gms.ads.AdActivity"]}]