[{"414fd3ae3a8d8982541867ebf74f93f4": ["0", "com.duolingo.app.LoginActivity"]}, {"414fd3ae3a8d8982541867ebf74f93f4": ["0", "com.duolingo.app.LoginActivity"]}, {"a3765483c5e26a073f0216d354f93728": ["9", "com.duolingo.app.LoginActivity"]}, {"51771d9fe4a9a4a3b12da2489452313e": ["12", "com.duolingo.app.HomeActivity"]}, {"51771d9fe4a9a4a3b12da2489452313e": ["12", "com.duolingo.app.HomeActivity"]}, {"c0e0f039790532be2a456560f903f573": ["6", "com.duolingo.app.SignupActivity"]}, {"98c7b3297fb4365a461f4fff0f80e9a0": ["8", "com.duolingo.app.SignupActivity"]}, {"d8f02137ddd9dff6038c9327bb7453c1": ["7", "com.facebook.FacebookActivity"]}, {"d8f02137ddd9dff6038c9327bb7453c1": ["7", "com.facebook.FacebookActivity"]}, {"d8f02137ddd9dff6038c9327bb7453c1": ["7", "com.facebook.FacebookActivity"]}, {"d8f02137ddd9dff6038c9327bb7453c1": ["7", "com.facebook.FacebookActivity"]}, {"d8f02137ddd9dff6038c9327bb7453c1": ["7", "com.facebook.FacebookActivity"]}, {"d8f02137ddd9dff6038c9327bb7453c1": ["7", "com.facebook.FacebookActivity"]}, {"d8f02137ddd9dff6038c9327bb7453c1": ["7", "com.facebook.FacebookActivity"]}, {"d8f02137ddd9dff6038c9327bb7453c1": ["7", "com.facebook.FacebookActivity"]}, {"d8f02137ddd9dff6038c9327bb7453c1": ["7", "com.facebook.FacebookActivity"]}, {"d8f02137ddd9dff6038c9327bb7453c1": ["7", "com.facebook.FacebookActivity"]}, {"d8f02137ddd9dff6038c9327bb7453c1": ["7", "com.facebook.FacebookActivity"]}, {"d8f02137ddd9dff6038c9327bb7453c1": ["7", "com.facebook.FacebookActivity"]}, {"d8f02137ddd9dff6038c9327bb7453c1": ["7", "com.facebook.FacebookActivity"]}, {"d8f02137ddd9dff6038c9327bb7453c1": ["7", "com.facebook.FacebookActivity"]}, {"d8f02137ddd9dff6038c9327bb7453c1": ["7", "com.facebook.FacebookActivity"]}, {"d8f02137ddd9dff6038c9327bb7453c1": ["7", "com.facebook.FacebookActivity"]}, {"98c7b3297fb4365a461f4fff0f80e9a0": ["8", "com.duolingo.app.SignupActivity"]}, {"98c7b3297fb4365a461f4fff0f80e9a0": ["8", "com.duolingo.app.SignupActivity"]}, {"c0e0f039790532be2a456560f903f573": ["6", "com.duolingo.app.SignupActivity"]}, {"d8f02137ddd9dff6038c9327bb7453c1": ["7", "com.facebook.FacebookActivity"]}, {"d8f02137ddd9dff6038c9327bb7453c1": ["7", "com.facebook.FacebookActivity"]}, {"d8f02137ddd9dff6038c9327bb7453c1": ["7", "com.facebook.FacebookActivity"]}, {"d8f02137ddd9dff6038c9327bb7453c1": ["7", "com.facebook.FacebookActivity"]}, {"d8f02137ddd9dff6038c9327bb7453c1": ["7", "com.facebook.FacebookActivity"]}, {"d8f02137ddd9dff6038c9327bb7453c1": ["7", "com.facebook.FacebookActivity"]}, {"d8f02137ddd9dff6038c9327bb7453c1": ["7", "com.facebook.FacebookActivity"]}, {"d8f02137ddd9dff6038c9327bb7453c1": ["7", "com.facebook.FacebookActivity"]}, {"d8f02137ddd9dff6038c9327bb7453c1": ["7", "com.facebook.FacebookActivity"]}, {"d8f02137ddd9dff6038c9327bb7453c1": ["7", "com.facebook.FacebookActivity"]}, {"d8f02137ddd9dff6038c9327bb7453c1": ["7", "com.facebook.FacebookActivity"]}, {"d8f02137ddd9dff6038c9327bb7453c1": ["7", "com.facebook.FacebookActivity"]}, {"d8f02137ddd9dff6038c9327bb7453c1": ["7", "com.facebook.FacebookActivity"]}, {"d8f02137ddd9dff6038c9327bb7453c1": ["7", "com.facebook.FacebookActivity"]}, {"d8f02137ddd9dff6038c9327bb7453c1": ["7", "com.facebook.FacebookActivity"]}, {"d8f02137ddd9dff6038c9327bb7453c1": ["7", "com.facebook.FacebookActivity"]}, {"d8f02137ddd9dff6038c9327bb7453c1": ["7", "com.facebook.FacebookActivity"]}, {"d8f02137ddd9dff6038c9327bb7453c1": ["7", "com.facebook.FacebookActivity"]}, {"d8f02137ddd9dff6038c9327bb7453c1": ["7", "com.facebook.FacebookActivity"]}, {"d8f02137ddd9dff6038c9327bb7453c1": ["7", "com.facebook.FacebookActivity"]}, {"d8f02137ddd9dff6038c9327bb7453c1": ["7", "com.facebook.FacebookActivity"]}, {"d8f02137ddd9dff6038c9327bb7453c1": ["7", "com.facebook.FacebookActivity"]}, {"d8f02137ddd9dff6038c9327bb7453c1": ["7", "com.facebook.FacebookActivity"]}, {"d8f02137ddd9dff6038c9327bb7453c1": ["7", "com.facebook.FacebookActivity"]}, {"d8f02137ddd9dff6038c9327bb7453c1": ["7", "com.facebook.FacebookActivity"]}, {"d8f02137ddd9dff6038c9327bb7453c1": ["7", "com.facebook.FacebookActivity"]}, {"d8f02137ddd9dff6038c9327bb7453c1": ["7", "com.facebook.FacebookActivity"]}, {"d8f02137ddd9dff6038c9327bb7453c1": ["7", "com.facebook.FacebookActivity"]}, {"d8f02137ddd9dff6038c9327bb7453c1": ["7", "com.facebook.FacebookActivity"]}, {"d8f02137ddd9dff6038c9327bb7453c1": ["7", "com.facebook.FacebookActivity"]}, {"d8f02137ddd9dff6038c9327bb7453c1": ["7", "com.facebook.FacebookActivity"]}, {"d8f02137ddd9dff6038c9327bb7453c1": ["7", "com.facebook.FacebookActivity"]}, {"d8f02137ddd9dff6038c9327bb7453c1": ["7", "com.facebook.FacebookActivity"]}, {"d8f02137ddd9dff6038c9327bb7453c1": ["7", "com.facebook.FacebookActivity"]}, {"d8f02137ddd9dff6038c9327bb7453c1": ["7", "com.facebook.FacebookActivity"]}, {"d8f02137ddd9dff6038c9327bb7453c1": ["7", "com.facebook.FacebookActivity"]}, {"d8f02137ddd9dff6038c9327bb7453c1": ["7", "com.facebook.FacebookActivity"]}, {"d8f02137ddd9dff6038c9327bb7453c1": ["7", "com.facebook.FacebookActivity"]}, {"d8f02137ddd9dff6038c9327bb7453c1": ["7", "com.facebook.FacebookActivity"]}, {"d8f02137ddd9dff6038c9327bb7453c1": ["7", "com.facebook.FacebookActivity"]}, {"d8f02137ddd9dff6038c9327bb7453c1": ["7", "com.facebook.FacebookActivity"]}, {"d8f02137ddd9dff6038c9327bb7453c1": ["7", "com.facebook.FacebookActivity"]}, {"d8f02137ddd9dff6038c9327bb7453c1": ["7", "com.facebook.FacebookActivity"]}, {"d8f02137ddd9dff6038c9327bb7453c1": ["7", "com.facebook.FacebookActivity"]}, {"d8f02137ddd9dff6038c9327bb7453c1": ["7", "com.facebook.FacebookActivity"]}, {"d8f02137ddd9dff6038c9327bb7453c1": ["7", "com.facebook.FacebookActivity"]}, {"d8f02137ddd9dff6038c9327bb7453c1": ["7", "com.facebook.FacebookActivity"]}, {"d8f02137ddd9dff6038c9327bb7453c1": ["7", "com.facebook.FacebookActivity"]}, {"d8f02137ddd9dff6038c9327bb7453c1": ["7", "com.facebook.FacebookActivity"]}, {"d8f02137ddd9dff6038c9327bb7453c1": ["7", "com.facebook.FacebookActivity"]}, {"d8f02137ddd9dff6038c9327bb7453c1": ["7", "com.facebook.FacebookActivity"]}, {"d8f02137ddd9dff6038c9327bb7453c1": ["7", "com.facebook.FacebookActivity"]}, {"d8f02137ddd9dff6038c9327bb7453c1": ["7", "com.facebook.FacebookActivity"]}, {"d8f02137ddd9dff6038c9327bb7453c1": ["7", "com.facebook.FacebookActivity"]}, {"d8f02137ddd9dff6038c9327bb7453c1": ["7", "com.facebook.FacebookActivity"]}, {"d8f02137ddd9dff6038c9327bb7453c1": ["7", "com.facebook.FacebookActivity"]}, {"d8f02137ddd9dff6038c9327bb7453c1": ["7", "com.facebook.FacebookActivity"]}, {"d8f02137ddd9dff6038c9327bb7453c1": ["7", "com.facebook.FacebookActivity"]}, {"d8f02137ddd9dff6038c9327bb7453c1": ["7", "com.facebook.FacebookActivity"]}, {"d8f02137ddd9dff6038c9327bb7453c1": ["7", "com.facebook.FacebookActivity"]}, {"d8f02137ddd9dff6038c9327bb7453c1": ["7", "com.facebook.FacebookActivity"]}, {"d8f02137ddd9dff6038c9327bb7453c1": ["7", "com.facebook.FacebookActivity"]}, {"d8f02137ddd9dff6038c9327bb7453c1": ["7", "com.facebook.FacebookActivity"]}, {"d8f02137ddd9dff6038c9327bb7453c1": ["7", "com.facebook.FacebookActivity"]}, {"d8f02137ddd9dff6038c9327bb7453c1": ["7", "com.facebook.FacebookActivity"]}, {"d8f02137ddd9dff6038c9327bb7453c1": ["7", "com.facebook.FacebookActivity"]}, {"d8f02137ddd9dff6038c9327bb7453c1": ["7", "com.facebook.FacebookActivity"]}, {"d8f02137ddd9dff6038c9327bb7453c1": ["7", "com.facebook.FacebookActivity"]}, {"d8f02137ddd9dff6038c9327bb7453c1": ["7", "com.facebook.FacebookActivity"]}, {"d8f02137ddd9dff6038c9327bb7453c1": ["7", "com.facebook.FacebookActivity"]}, {"d8f02137ddd9dff6038c9327bb7453c1": ["7", "com.facebook.FacebookActivity"]}, {"d8f02137ddd9dff6038c9327bb7453c1": ["7", "com.facebook.FacebookActivity"]}, {"d8f02137ddd9dff6038c9327bb7453c1": ["7", "com.facebook.FacebookActivity"]}, {"d8f02137ddd9dff6038c9327bb7453c1": ["7", "com.facebook.FacebookActivity"]}, {"d8f02137ddd9dff6038c9327bb7453c1": ["7", "com.facebook.FacebookActivity"]}, {"d8f02137ddd9dff6038c9327bb7453c1": ["7", "com.facebook.FacebookActivity"]}, {"d8f02137ddd9dff6038c9327bb7453c1": ["7", "com.facebook.FacebookActivity"]}, {"d8f02137ddd9dff6038c9327bb7453c1": ["7", "com.facebook.FacebookActivity"]}, {"d8f02137ddd9dff6038c9327bb7453c1": ["7", "com.facebook.FacebookActivity"]}, {"d8f02137ddd9dff6038c9327bb7453c1": ["7", "com.facebook.FacebookActivity"]}, {"d8f02137ddd9dff6038c9327bb7453c1": ["7", "com.facebook.FacebookActivity"]}, {"d8f02137ddd9dff6038c9327bb7453c1": ["7", "com.facebook.FacebookActivity"]}, {"d8f02137ddd9dff6038c9327bb7453c1": ["7", "com.facebook.FacebookActivity"]}, {"d8f02137ddd9dff6038c9327bb7453c1": ["7", "com.facebook.FacebookActivity"]}, {"d8f02137ddd9dff6038c9327bb7453c1": ["7", "com.facebook.FacebookActivity"]}, {"d8f02137ddd9dff6038c9327bb7453c1": ["7", "com.facebook.FacebookActivity"]}, {"d8f02137ddd9dff6038c9327bb7453c1": ["7", "com.facebook.FacebookActivity"]}, {"d8f02137ddd9dff6038c9327bb7453c1": ["7", "com.facebook.FacebookActivity"]}, {"d8f02137ddd9dff6038c9327bb7453c1": ["7", "com.facebook.FacebookActivity"]}, {"d8f02137ddd9dff6038c9327bb7453c1": ["7", "com.facebook.FacebookActivity"]}, {"d8f02137ddd9dff6038c9327bb7453c1": ["7", "com.facebook.FacebookActivity"]}, {"d8f02137ddd9dff6038c9327bb7453c1": ["7", "com.facebook.FacebookActivity"]}, {"d8f02137ddd9dff6038c9327bb7453c1": ["7", "com.facebook.FacebookActivity"]}, {"d8f02137ddd9dff6038c9327bb7453c1": ["7", "com.facebook.FacebookActivity"]}, {"d8f02137ddd9dff6038c9327bb7453c1": ["7", "com.facebook.FacebookActivity"]}, {"d8f02137ddd9dff6038c9327bb7453c1": ["7", "com.facebook.FacebookActivity"]}, {"d8f02137ddd9dff6038c9327bb7453c1": ["7", "com.facebook.FacebookActivity"]}, {"d8f02137ddd9dff6038c9327bb7453c1": ["7", "com.facebook.FacebookActivity"]}, {"d8f02137ddd9dff6038c9327bb7453c1": ["7", "com.facebook.FacebookActivity"]}, {"d8f02137ddd9dff6038c9327bb7453c1": ["7", "com.facebook.FacebookActivity"]}, {"d8f02137ddd9dff6038c9327bb7453c1": ["7", "com.facebook.FacebookActivity"]}, {"d8f02137ddd9dff6038c9327bb7453c1": ["7", "com.facebook.FacebookActivity"]}, {"d8f02137ddd9dff6038c9327bb7453c1": ["7", "com.facebook.FacebookActivity"]}, {"d8f02137ddd9dff6038c9327bb7453c1": ["7", "com.facebook.FacebookActivity"]}, {"d8f02137ddd9dff6038c9327bb7453c1": ["7", "com.facebook.FacebookActivity"]}, {"d8f02137ddd9dff6038c9327bb7453c1": ["7", "com.facebook.FacebookActivity"]}, {"c0e0f039790532be2a456560f903f573": ["6", "com.duolingo.app.SignupActivity"]}, {"c0e0f039790532be2a456560f903f573": ["6", "com.duolingo.app.SignupActivity"]}, {"c0e0f039790532be2a456560f903f573": ["6", "com.duolingo.app.SignupActivity"]}, {"d8f02137ddd9dff6038c9327bb7453c1": ["7", "com.facebook.FacebookActivity"]}, {"d8f02137ddd9dff6038c9327bb7453c1": ["7", "com.facebook.FacebookActivity"]}, {"d8f02137ddd9dff6038c9327bb7453c1": ["7", "com.facebook.FacebookActivity"]}, {"d8f02137ddd9dff6038c9327bb7453c1": ["7", "com.facebook.FacebookActivity"]}, {"d8f02137ddd9dff6038c9327bb7453c1": ["7", "com.facebook.FacebookActivity"]}, {"d8f02137ddd9dff6038c9327bb7453c1": ["7", "com.facebook.FacebookActivity"]}, {"d8f02137ddd9dff6038c9327bb7453c1": ["7", "com.facebook.FacebookActivity"]}, {"d8f02137ddd9dff6038c9327bb7453c1": ["7", "com.facebook.FacebookActivity"]}, {"d8f02137ddd9dff6038c9327bb7453c1": ["7", "com.facebook.FacebookActivity"]}, {"d8f02137ddd9dff6038c9327bb7453c1": ["7", "com.facebook.FacebookActivity"]}, {"d8f02137ddd9dff6038c9327bb7453c1": ["7", "com.facebook.FacebookActivity"]}, {"d8f02137ddd9dff6038c9327bb7453c1": ["7", "com.facebook.FacebookActivity"]}, {"d8f02137ddd9dff6038c9327bb7453c1": ["7", "com.facebook.FacebookActivity"]}, {"d8f02137ddd9dff6038c9327bb7453c1": ["7", "com.facebook.FacebookActivity"]}, {"d8f02137ddd9dff6038c9327bb7453c1": ["7", "com.facebook.FacebookActivity"]}, {"d8f02137ddd9dff6038c9327bb7453c1": ["7", "com.facebook.FacebookActivity"]}, {"d8f02137ddd9dff6038c9327bb7453c1": ["7", "com.facebook.FacebookActivity"]}, {"d8f02137ddd9dff6038c9327bb7453c1": ["7", "com.facebook.FacebookActivity"]}, {"d8f02137ddd9dff6038c9327bb7453c1": ["7", "com.facebook.FacebookActivity"]}, {"d8f02137ddd9dff6038c9327bb7453c1": ["7", "com.facebook.FacebookActivity"]}, {"d8f02137ddd9dff6038c9327bb7453c1": ["7", "com.facebook.FacebookActivity"]}, {"d8f02137ddd9dff6038c9327bb7453c1": ["7", "com.facebook.FacebookActivity"]}, {"d8f02137ddd9dff6038c9327bb7453c1": ["7", "com.facebook.FacebookActivity"]}, {"d8f02137ddd9dff6038c9327bb7453c1": ["7", "com.facebook.FacebookActivity"]}, {"d8f02137ddd9dff6038c9327bb7453c1": ["7", "com.facebook.FacebookActivity"]}, {"d8f02137ddd9dff6038c9327bb7453c1": ["7", "com.facebook.FacebookActivity"]}, {"d8f02137ddd9dff6038c9327bb7453c1": ["7", "com.facebook.FacebookActivity"]}, {"d8f02137ddd9dff6038c9327bb7453c1": ["7", "com.facebook.FacebookActivity"]}, {"d8f02137ddd9dff6038c9327bb7453c1": ["7", "com.facebook.FacebookActivity"]}, {"d8f02137ddd9dff6038c9327bb7453c1": ["7", "com.facebook.FacebookActivity"]}, {"d8f02137ddd9dff6038c9327bb7453c1": ["7", "com.facebook.FacebookActivity"]}, {"d8f02137ddd9dff6038c9327bb7453c1": ["7", "com.facebook.FacebookActivity"]}, {"d8f02137ddd9dff6038c9327bb7453c1": ["7", "com.facebook.FacebookActivity"]}, {"d8f02137ddd9dff6038c9327bb7453c1": ["7", "com.facebook.FacebookActivity"]}, {"d8f02137ddd9dff6038c9327bb7453c1": ["7", "com.facebook.FacebookActivity"]}, {"d8f02137ddd9dff6038c9327bb7453c1": ["7", "com.facebook.FacebookActivity"]}, {"d8f02137ddd9dff6038c9327bb7453c1": ["7", "com.facebook.FacebookActivity"]}, {"d8f02137ddd9dff6038c9327bb7453c1": ["7", "com.facebook.FacebookActivity"]}, {"d8f02137ddd9dff6038c9327bb7453c1": ["7", "com.facebook.FacebookActivity"]}, {"d8f02137ddd9dff6038c9327bb7453c1": ["7", "com.facebook.FacebookActivity"]}, {"d8f02137ddd9dff6038c9327bb7453c1": ["7", "com.facebook.FacebookActivity"]}, {"d8f02137ddd9dff6038c9327bb7453c1": ["7", "com.facebook.FacebookActivity"]}, {"d8f02137ddd9dff6038c9327bb7453c1": ["7", "com.facebook.FacebookActivity"]}, {"d8f02137ddd9dff6038c9327bb7453c1": ["7", "com.facebook.FacebookActivity"]}, {"d8f02137ddd9dff6038c9327bb7453c1": ["7", "com.facebook.FacebookActivity"]}, {"d8f02137ddd9dff6038c9327bb7453c1": ["7", "com.facebook.FacebookActivity"]}, {"d8f02137ddd9dff6038c9327bb7453c1": ["7", "com.facebook.FacebookActivity"]}, {"d8f02137ddd9dff6038c9327bb7453c1": ["7", "com.facebook.FacebookActivity"]}, {"d8f02137ddd9dff6038c9327bb7453c1": ["7", "com.facebook.FacebookActivity"]}, {"d8f02137ddd9dff6038c9327bb7453c1": ["7", "com.facebook.FacebookActivity"]}, {"d8f02137ddd9dff6038c9327bb7453c1": ["7", "com.facebook.FacebookActivity"]}, {"d8f02137ddd9dff6038c9327bb7453c1": ["7", "com.facebook.FacebookActivity"]}, {"d8f02137ddd9dff6038c9327bb7453c1": ["7", "com.facebook.FacebookActivity"]}, {"d8f02137ddd9dff6038c9327bb7453c1": ["7", "com.facebook.FacebookActivity"]}, {"d8f02137ddd9dff6038c9327bb7453c1": ["7", "com.facebook.FacebookActivity"]}, {"d8f02137ddd9dff6038c9327bb7453c1": ["7", "com.facebook.FacebookActivity"]}, {"d8f02137ddd9dff6038c9327bb7453c1": ["7", "com.facebook.FacebookActivity"]}, {"d8f02137ddd9dff6038c9327bb7453c1": ["7", "com.facebook.FacebookActivity"]}, {"d8f02137ddd9dff6038c9327bb7453c1": ["7", "com.facebook.FacebookActivity"]}, {"d8f02137ddd9dff6038c9327bb7453c1": ["7", "com.facebook.FacebookActivity"]}, {"d8f02137ddd9dff6038c9327bb7453c1": ["7", "com.facebook.FacebookActivity"]}, {"d8f02137ddd9dff6038c9327bb7453c1": ["7", "com.facebook.FacebookActivity"]}, {"d8f02137ddd9dff6038c9327bb7453c1": ["7", "com.facebook.FacebookActivity"]}, {"d8f02137ddd9dff6038c9327bb7453c1": ["7", "com.facebook.FacebookActivity"]}, {"d8f02137ddd9dff6038c9327bb7453c1": ["7", "com.facebook.FacebookActivity"]}, {"d8f02137ddd9dff6038c9327bb7453c1": ["7", "com.facebook.FacebookActivity"]}, {"d8f02137ddd9dff6038c9327bb7453c1": ["7", "com.facebook.FacebookActivity"]}, {"d8f02137ddd9dff6038c9327bb7453c1": ["7", "com.facebook.FacebookActivity"]}, {"d8f02137ddd9dff6038c9327bb7453c1": ["7", "com.facebook.FacebookActivity"]}, {"d8f02137ddd9dff6038c9327bb7453c1": ["7", "com.facebook.FacebookActivity"]}, {"d8f02137ddd9dff6038c9327bb7453c1": ["7", "com.facebook.FacebookActivity"]}, {"d8f02137ddd9dff6038c9327bb7453c1": ["7", "com.facebook.FacebookActivity"]}, {"d8f02137ddd9dff6038c9327bb7453c1": ["7", "com.facebook.FacebookActivity"]}, {"d8f02137ddd9dff6038c9327bb7453c1": ["7", "com.facebook.FacebookActivity"]}, {"d8f02137ddd9dff6038c9327bb7453c1": ["7", "com.facebook.FacebookActivity"]}, {"d8f02137ddd9dff6038c9327bb7453c1": ["7", "com.facebook.FacebookActivity"]}, {"d8f02137ddd9dff6038c9327bb7453c1": ["7", "com.facebook.FacebookActivity"]}, {"d8f02137ddd9dff6038c9327bb7453c1": ["7", "com.facebook.FacebookActivity"]}, {"d8f02137ddd9dff6038c9327bb7453c1": ["7", "com.facebook.FacebookActivity"]}, {"d8f02137ddd9dff6038c9327bb7453c1": ["7", "com.facebook.FacebookActivity"]}, {"d8f02137ddd9dff6038c9327bb7453c1": ["7", "com.facebook.FacebookActivity"]}, {"d8f02137ddd9dff6038c9327bb7453c1": ["7", "com.facebook.FacebookActivity"]}, {"d8f02137ddd9dff6038c9327bb7453c1": ["7", "com.facebook.FacebookActivity"]}, {"d8f02137ddd9dff6038c9327bb7453c1": ["7", "com.facebook.FacebookActivity"]}, {"d8f02137ddd9dff6038c9327bb7453c1": ["7", "com.facebook.FacebookActivity"]}, {"d8f02137ddd9dff6038c9327bb7453c1": ["7", "com.facebook.FacebookActivity"]}, {"d8f02137ddd9dff6038c9327bb7453c1": ["7", "com.facebook.FacebookActivity"]}, {"d8f02137ddd9dff6038c9327bb7453c1": ["7", "com.facebook.FacebookActivity"]}, {"d8f02137ddd9dff6038c9327bb7453c1": ["7", "com.facebook.FacebookActivity"]}, {"d8f02137ddd9dff6038c9327bb7453c1": ["7", "com.facebook.FacebookActivity"]}, {"d8f02137ddd9dff6038c9327bb7453c1": ["7", "com.facebook.FacebookActivity"]}, {"d8f02137ddd9dff6038c9327bb7453c1": ["7", "com.facebook.FacebookActivity"]}, {"d8f02137ddd9dff6038c9327bb7453c1": ["7", "com.facebook.FacebookActivity"]}, {"d8f02137ddd9dff6038c9327bb7453c1": ["7", "com.facebook.FacebookActivity"]}, {"d8f02137ddd9dff6038c9327bb7453c1": ["7", "com.facebook.FacebookActivity"]}, {"d8f02137ddd9dff6038c9327bb7453c1": ["7", "com.facebook.FacebookActivity"]}, {"d8f02137ddd9dff6038c9327bb7453c1": ["7", "com.facebook.FacebookActivity"]}, {"d8f02137ddd9dff6038c9327bb7453c1": ["7", "com.facebook.FacebookActivity"]}, {"d8f02137ddd9dff6038c9327bb7453c1": ["7", "com.facebook.FacebookActivity"]}, {"d8f02137ddd9dff6038c9327bb7453c1": ["7", "com.facebook.FacebookActivity"]}, {"d8f02137ddd9dff6038c9327bb7453c1": ["7", "com.facebook.FacebookActivity"]}, {"d8f02137ddd9dff6038c9327bb7453c1": ["7", "com.facebook.FacebookActivity"]}, {"d8f02137ddd9dff6038c9327bb7453c1": ["7", "com.facebook.FacebookActivity"]}, {"d8f02137ddd9dff6038c9327bb7453c1": ["7", "com.facebook.FacebookActivity"]}, {"d8f02137ddd9dff6038c9327bb7453c1": ["7", "com.facebook.FacebookActivity"]}, {"d8f02137ddd9dff6038c9327bb7453c1": ["7", "com.facebook.FacebookActivity"]}, {"d8f02137ddd9dff6038c9327bb7453c1": ["7", "com.facebook.FacebookActivity"]}, {"d8f02137ddd9dff6038c9327bb7453c1": ["7", "com.facebook.FacebookActivity"]}, {"d8f02137ddd9dff6038c9327bb7453c1": ["7", "com.facebook.FacebookActivity"]}, {"d8f02137ddd9dff6038c9327bb7453c1": ["7", "com.facebook.FacebookActivity"]}, {"d8f02137ddd9dff6038c9327bb7453c1": ["7", "com.facebook.FacebookActivity"]}, {"d8f02137ddd9dff6038c9327bb7453c1": ["7", "com.facebook.FacebookActivity"]}, {"d8f02137ddd9dff6038c9327bb7453c1": ["7", "com.facebook.FacebookActivity"]}, {"d8f02137ddd9dff6038c9327bb7453c1": ["7", "com.facebook.FacebookActivity"]}, {"d8f02137ddd9dff6038c9327bb7453c1": ["7", "com.facebook.FacebookActivity"]}, {"d8f02137ddd9dff6038c9327bb7453c1": ["7", "com.facebook.FacebookActivity"]}, {"d8f02137ddd9dff6038c9327bb7453c1": ["7", "com.facebook.FacebookActivity"]}, {"d8f02137ddd9dff6038c9327bb7453c1": ["7", "com.facebook.FacebookActivity"]}, {"d8f02137ddd9dff6038c9327bb7453c1": ["7", "com.facebook.FacebookActivity"]}, {"d8f02137ddd9dff6038c9327bb7453c1": ["7", "com.facebook.FacebookActivity"]}, {"d8f02137ddd9dff6038c9327bb7453c1": ["7", "com.facebook.FacebookActivity"]}, {"d8f02137ddd9dff6038c9327bb7453c1": ["7", "com.facebook.FacebookActivity"]}, {"d8f02137ddd9dff6038c9327bb7453c1": ["7", "com.facebook.FacebookActivity"]}, {"d8f02137ddd9dff6038c9327bb7453c1": ["7", "com.facebook.FacebookActivity"]}, {"d8f02137ddd9dff6038c9327bb7453c1": ["7", "com.facebook.FacebookActivity"]}, {"d8f02137ddd9dff6038c9327bb7453c1": ["7", "com.facebook.FacebookActivity"]}, {"d8f02137ddd9dff6038c9327bb7453c1": ["7", "com.facebook.FacebookActivity"]}, {"d8f02137ddd9dff6038c9327bb7453c1": ["7", "com.facebook.FacebookActivity"]}, {"d8f02137ddd9dff6038c9327bb7453c1": ["7", "com.facebook.FacebookActivity"]}, {"d8f02137ddd9dff6038c9327bb7453c1": ["7", "com.facebook.FacebookActivity"]}, {"d8f02137ddd9dff6038c9327bb7453c1": ["7", "com.facebook.FacebookActivity"]}, {"d8f02137ddd9dff6038c9327bb7453c1": ["7", "com.facebook.FacebookActivity"]}, {"d8f02137ddd9dff6038c9327bb7453c1": ["7", "com.facebook.FacebookActivity"]}, {"d8f02137ddd9dff6038c9327bb7453c1": ["7", "com.facebook.FacebookActivity"]}, {"d8f02137ddd9dff6038c9327bb7453c1": ["7", "com.facebook.FacebookActivity"]}, {"d8f02137ddd9dff6038c9327bb7453c1": ["7", "com.facebook.FacebookActivity"]}, {"d8f02137ddd9dff6038c9327bb7453c1": ["7", "com.facebook.FacebookActivity"]}, {"d8f02137ddd9dff6038c9327bb7453c1": ["7", "com.facebook.FacebookActivity"]}, {"d8f02137ddd9dff6038c9327bb7453c1": ["7", "com.facebook.FacebookActivity"]}, {"d8f02137ddd9dff6038c9327bb7453c1": ["7", "com.facebook.FacebookActivity"]}, {"d8f02137ddd9dff6038c9327bb7453c1": ["7", "com.facebook.FacebookActivity"]}, {"d8f02137ddd9dff6038c9327bb7453c1": ["7", "com.facebook.FacebookActivity"]}, {"d8f02137ddd9dff6038c9327bb7453c1": ["7", "com.facebook.FacebookActivity"]}, {"d8f02137ddd9dff6038c9327bb7453c1": ["7", "com.facebook.FacebookActivity"]}, {"d8f02137ddd9dff6038c9327bb7453c1": ["7", "com.facebook.FacebookActivity"]}, {"d8f02137ddd9dff6038c9327bb7453c1": ["7", "com.facebook.FacebookActivity"]}, {"d8f02137ddd9dff6038c9327bb7453c1": ["7", "com.facebook.FacebookActivity"]}, {"d8f02137ddd9dff6038c9327bb7453c1": ["7", "com.facebook.FacebookActivity"]}, {"d8f02137ddd9dff6038c9327bb7453c1": ["7", "com.facebook.FacebookActivity"]}, {"d8f02137ddd9dff6038c9327bb7453c1": ["7", "com.facebook.FacebookActivity"]}, {"d8f02137ddd9dff6038c9327bb7453c1": ["7", "com.facebook.FacebookActivity"]}, {"d8f02137ddd9dff6038c9327bb7453c1": ["7", "com.facebook.FacebookActivity"]}, {"d8f02137ddd9dff6038c9327bb7453c1": ["7", "com.facebook.FacebookActivity"]}, {"d8f02137ddd9dff6038c9327bb7453c1": ["7", "com.facebook.FacebookActivity"]}, {"d8f02137ddd9dff6038c9327bb7453c1": ["7", "com.facebook.FacebookActivity"]}, {"d8f02137ddd9dff6038c9327bb7453c1": ["7", "com.facebook.FacebookActivity"]}, {"d8f02137ddd9dff6038c9327bb7453c1": ["7", "com.facebook.FacebookActivity"]}, {"d8f02137ddd9dff6038c9327bb7453c1": ["7", "com.facebook.FacebookActivity"]}, {"d8f02137ddd9dff6038c9327bb7453c1": ["7", "com.facebook.FacebookActivity"]}, {"d8f02137ddd9dff6038c9327bb7453c1": ["7", "com.facebook.FacebookActivity"]}, {"d8f02137ddd9dff6038c9327bb7453c1": ["7", "com.facebook.FacebookActivity"]}, {"d8f02137ddd9dff6038c9327bb7453c1": ["7", "com.facebook.FacebookActivity"]}, {"d8f02137ddd9dff6038c9327bb7453c1": ["7", "com.facebook.FacebookActivity"]}, {"d8f02137ddd9dff6038c9327bb7453c1": ["7", "com.facebook.FacebookActivity"]}, {"d8f02137ddd9dff6038c9327bb7453c1": ["7", "com.facebook.FacebookActivity"]}, {"d8f02137ddd9dff6038c9327bb7453c1": ["7", "com.facebook.FacebookActivity"]}, {"d8f02137ddd9dff6038c9327bb7453c1": ["7", "com.facebook.FacebookActivity"]}, {"d8f02137ddd9dff6038c9327bb7453c1": ["7", "com.facebook.FacebookActivity"]}, {"d8f02137ddd9dff6038c9327bb7453c1": ["7", "com.facebook.FacebookActivity"]}, {"d8f02137ddd9dff6038c9327bb7453c1": ["7", "com.facebook.FacebookActivity"]}, {"d8f02137ddd9dff6038c9327bb7453c1": ["7", "com.facebook.FacebookActivity"]}, {"d8f02137ddd9dff6038c9327bb7453c1": ["7", "com.facebook.FacebookActivity"]}, {"d8f02137ddd9dff6038c9327bb7453c1": ["7", "com.facebook.FacebookActivity"]}, {"d8f02137ddd9dff6038c9327bb7453c1": ["7", "com.facebook.FacebookActivity"]}, {"d8f02137ddd9dff6038c9327bb7453c1": ["7", "com.facebook.FacebookActivity"]}, {"d8f02137ddd9dff6038c9327bb7453c1": ["7", "com.facebook.FacebookActivity"]}, {"d8f02137ddd9dff6038c9327bb7453c1": ["7", "com.facebook.FacebookActivity"]}, {"d8f02137ddd9dff6038c9327bb7453c1": ["7", "com.facebook.FacebookActivity"]}, {"d8f02137ddd9dff6038c9327bb7453c1": ["7", "com.facebook.FacebookActivity"]}, {"d8f02137ddd9dff6038c9327bb7453c1": ["7", "com.facebook.FacebookActivity"]}, {"d8f02137ddd9dff6038c9327bb7453c1": ["7", "com.facebook.FacebookActivity"]}, {"d8f02137ddd9dff6038c9327bb7453c1": ["7", "com.facebook.FacebookActivity"]}, {"d8f02137ddd9dff6038c9327bb7453c1": ["7", "com.facebook.FacebookActivity"]}, {"d8f02137ddd9dff6038c9327bb7453c1": ["7", "com.facebook.FacebookActivity"]}, {"d8f02137ddd9dff6038c9327bb7453c1": ["7", "com.facebook.FacebookActivity"]}, {"d8f02137ddd9dff6038c9327bb7453c1": ["7", "com.facebook.FacebookActivity"]}, {"d8f02137ddd9dff6038c9327bb7453c1": ["7", "com.facebook.FacebookActivity"]}, {"d8f02137ddd9dff6038c9327bb7453c1": ["7", "com.facebook.FacebookActivity"]}, {"d8f02137ddd9dff6038c9327bb7453c1": ["7", "com.facebook.FacebookActivity"]}, {"d8f02137ddd9dff6038c9327bb7453c1": ["7", "com.facebook.FacebookActivity"]}, {"d8f02137ddd9dff6038c9327bb7453c1": ["7", "com.facebook.FacebookActivity"]}, {"d8f02137ddd9dff6038c9327bb7453c1": ["7", "com.facebook.FacebookActivity"]}, {"d8f02137ddd9dff6038c9327bb7453c1": ["7", "com.facebook.FacebookActivity"]}, {"d8f02137ddd9dff6038c9327bb7453c1": ["7", "com.facebook.FacebookActivity"]}, {"d8f02137ddd9dff6038c9327bb7453c1": ["7", "com.facebook.FacebookActivity"]}, {"d8f02137ddd9dff6038c9327bb7453c1": ["7", "com.facebook.FacebookActivity"]}, {"d8f02137ddd9dff6038c9327bb7453c1": ["7", "com.facebook.FacebookActivity"]}]