[{"69c9e29a4b4fd3a6aebae4a4ec311208": ["0", "com.goodrx.activity.main.StartActivity"]}, {"69c9e29a4b4fd3a6aebae4a4ec311208": ["0", "com.goodrx.activity.main.StartActivity"]}, {"0df13b23417c4996d56939b2ba058f12": ["697", "com.goodrx.activity.main.MainActivity"]}, {"0df13b23417c4996d56939b2ba058f12": ["697", "com.goodrx.activity.main.MainActivity"]}, {"00c2f3f9237008bf998320bd2c6a880c": ["1", "com.goodrx.activity.main.MainActivity"]}, {"00c2f3f9237008bf998320bd2c6a880c": ["1", "com.goodrx.activity.main.MainActivity"]}, {"01bba0ddc643e0014b083cd472be3b4b": ["20", "com.goodrx.activity.main.MainActivity"]}, {"bd28f312ebd9adc92099d51228e7be84": ["698", "com.goodrx.activity.price.PriceActivity"]}, {"fd1046a8ac3a2126bad0e00b718b042e": ["233", "com.goodrx.activity.SavingsDetailActivity"]}, {"bd28f312ebd9adc92099d51228e7be84": ["698", "com.goodrx.activity.price.PriceActivity"]}, {"fd1046a8ac3a2126bad0e00b718b042e": ["233", "com.goodrx.activity.SavingsDetailActivity"]}, {"82a79a85c2d8f714a8c5be6193e01e48": ["232", "com.goodrx.activity.SavingsDetailActivity"]}, {"bd28f312ebd9adc92099d51228e7be84": ["698", "com.goodrx.activity.price.PriceActivity"]}, {"01bba0ddc643e0014b083cd472be3b4b": ["20", "com.goodrx.activity.main.MainActivity"]}, {"01bba0ddc643e0014b083cd472be3b4b": ["20", "com.goodrx.activity.main.MainActivity"]}, {"f0446ee22b04b7988ffa6598922d1eb0": ["18", "com.goodrx.activity.price.PriceActivity"]}, {"01bba0ddc643e0014b083cd472be3b4b": ["20", "com.goodrx.activity.main.MainActivity"]}, {"01bba0ddc643e0014b083cd472be3b4b": ["20", "com.goodrx.activity.main.MainActivity"]}, {"bcc7665ed5e8384b274016f3ed7a24f2": ["176", "com.goodrx.activity.price.PriceActivity"]}, {"9b7e17209ce1c73f2ec8f42fa44110b4": ["699", "com.goodrx.activity.store.StoreActivity"]}, {"bcc7665ed5e8384b274016f3ed7a24f2": ["176", "com.goodrx.activity.price.PriceActivity"]}, {"c62ba7cc7162c744aa8df2fdf5fdb4a9": ["426", "com.goodrx.activity.store.StoreActivity"]}, {"23e18b4a7a3c1555aba1bcc409b0113a": ["67", "com.goodrx.activity.store.StoreActivity"]}, {"c62ba7cc7162c744aa8df2fdf5fdb4a9": ["426", "com.goodrx.activity.store.StoreActivity"]}, {"c62ba7cc7162c744aa8df2fdf5fdb4a9": ["426", "com.goodrx.activity.store.StoreActivity"]}, {"c62ba7cc7162c744aa8df2fdf5fdb4a9": ["426", "com.goodrx.activity.store.StoreActivity"]}, {"c62ba7cc7162c744aa8df2fdf5fdb4a9": ["426", "com.goodrx.activity.store.StoreActivity"]}, {"6de5aaa30abccdbe4cd96c4eb8d45002": ["186", "com.goodrx.activity.price.PriceActivity"]}, {"ee624bba2d7255407fcd731235a72ddf": ["700", "com.goodrx.activity.price.PriceActivity"]}, {"01bba0ddc643e0014b083cd472be3b4b": ["20", "com.goodrx.activity.main.MainActivity"]}, {"b1ec82b9ba70caac40fc47542ba20e33": ["437", "com.goodrx.activity.main.MainActivity"]}, {"93f4017a875a363b1352b9602a462107": ["19", "com.goodrx.activity.main.MainActivity"]}, {"93f4017a875a363b1352b9602a462107": ["19", "com.goodrx.activity.main.MainActivity"]}, {"93f4017a875a363b1352b9602a462107": ["19", "com.goodrx.activity.main.MainActivity"]}, {"93f4017a875a363b1352b9602a462107": ["19", "com.goodrx.activity.main.MainActivity"]}, {"93f4017a875a363b1352b9602a462107": ["19", "com.goodrx.activity.main.MainActivity"]}, {"4dbd3c931e2ba902b3ea338a9933ffb7": ["23", "com.goodrx.activity.main.MainActivity"]}, {"a4e4b3690999a766fd8d8b2dac1d90b9": ["92", "com.goodrx.activity.main.MainActivity"]}, {"a4e4b3690999a766fd8d8b2dac1d90b9": ["92", "com.goodrx.activity.main.MainActivity"]}, {"bcc7665ed5e8384b274016f3ed7a24f2": ["176", "com.goodrx.activity.price.PriceActivity"]}, {"c62ba7cc7162c744aa8df2fdf5fdb4a9": ["426", "com.goodrx.activity.store.StoreActivity"]}, {"c62ba7cc7162c744aa8df2fdf5fdb4a9": ["426", "com.goodrx.activity.store.StoreActivity"]}, {"c62ba7cc7162c744aa8df2fdf5fdb4a9": ["426", "com.goodrx.activity.store.StoreActivity"]}, {"6de5aaa30abccdbe4cd96c4eb8d45002": ["186", "com.goodrx.activity.price.PriceActivity"]}, {"648b342e0e513bc158463628113d28f2": ["308", "com.goodrx.activity.price.PriceActivity"]}, {"54e3296d4d8cb9749a848698969ab6f5": ["450", "com.goodrx.activity.price.PriceActivity"]}, {"c62ba7cc7162c744aa8df2fdf5fdb4a9": ["426", "com.goodrx.activity.store.StoreActivity"]}, {"c62ba7cc7162c744aa8df2fdf5fdb4a9": ["426", "com.goodrx.activity.store.StoreActivity"]}, {"23e18b4a7a3c1555aba1bcc409b0113a": ["67", "com.goodrx.activity.store.StoreActivity"]}, {"c62ba7cc7162c744aa8df2fdf5fdb4a9": ["426", "com.goodrx.activity.store.StoreActivity"]}, {"23e18b4a7a3c1555aba1bcc409b0113a": ["67", "com.goodrx.activity.store.StoreActivity"]}, {"c62ba7cc7162c744aa8df2fdf5fdb4a9": ["426", "com.goodrx.activity.store.StoreActivity"]}, {"23e18b4a7a3c1555aba1bcc409b0113a": ["67", "com.goodrx.activity.store.StoreActivity"]}, {"c62ba7cc7162c744aa8df2fdf5fdb4a9": ["426", "com.goodrx.activity.store.StoreActivity"]}, {"c62ba7cc7162c744aa8df2fdf5fdb4a9": ["426", "com.goodrx.activity.store.StoreActivity"]}, {"c62ba7cc7162c744aa8df2fdf5fdb4a9": ["426", "com.goodrx.activity.store.StoreActivity"]}, {"4bc869aae3892dcb15c22972a90c01cb": ["65", "com.goodrx.activity.store.StoreActivity"]}, {"c62ba7cc7162c744aa8df2fdf5fdb4a9": ["426", "com.goodrx.activity.store.StoreActivity"]}, {"c62ba7cc7162c744aa8df2fdf5fdb4a9": ["426", "com.goodrx.activity.store.StoreActivity"]}, {"c62ba7cc7162c744aa8df2fdf5fdb4a9": ["426", "com.goodrx.activity.store.StoreActivity"]}, {"c62ba7cc7162c744aa8df2fdf5fdb4a9": ["426", "com.goodrx.activity.store.StoreActivity"]}, {"4fb1f0d43958a21d18ffd71543207638": ["66", "com.goodrx.activity.store.StoreActivity"]}, {"c62ba7cc7162c744aa8df2fdf5fdb4a9": ["426", "com.goodrx.activity.store.StoreActivity"]}, {"23e18b4a7a3c1555aba1bcc409b0113a": ["67", "com.goodrx.activity.store.StoreActivity"]}, {"bb540e1c6fad5aa389206f7275062d19": ["68", "com.goodrx.activity.store.StoreActivity"]}, {"c62ba7cc7162c744aa8df2fdf5fdb4a9": ["426", "com.goodrx.activity.store.StoreActivity"]}, {"54e3296d4d8cb9749a848698969ab6f5": ["450", "com.goodrx.activity.price.PriceActivity"]}, {"a4e4b3690999a766fd8d8b2dac1d90b9": ["92", "com.goodrx.activity.main.MainActivity"]}, {"35bd5c7d488009a3ccc44c3ce43c4ad8": ["21", "com.goodrx.activity.main.MainActivity"]}, {"3f5f6d73595faa35881e28ade0d2c684": ["455", "com.goodrx.activity.main.MainActivity"]}, {"3f5f6d73595faa35881e28ade0d2c684": ["455", "com.goodrx.activity.main.MainActivity"]}, {"249aa0c77c572a9457a2027796812001": ["4", "com.goodrx.activity.main.MainActivity"]}, {"48f9c33e495b6a0c9df35651bbef4b79": ["5", "com.goodrx.activity.CreateAccountActivity"]}, {"d4f1760c41cda04de38831b7b86d4b2a": ["6", "com.goodrx.activity.WebViewActivity"]}, {"48f9c33e495b6a0c9df35651bbef4b79": ["5", "com.goodrx.activity.CreateAccountActivity"]}, {"d4f1760c41cda04de38831b7b86d4b2a": ["6", "com.goodrx.activity.WebViewActivity"]}, {"48f9c33e495b6a0c9df35651bbef4b79": ["5", "com.goodrx.activity.CreateAccountActivity"]}, {"f71ededc3ad5ed4a3e501ab752531875": ["7", "com.goodrx.activity.CreateAccountActivity"]}, {"f71ededc3ad5ed4a3e501ab752531875": ["7", "com.goodrx.activity.CreateAccountActivity"]}, {"f71ededc3ad5ed4a3e501ab752531875": ["7", "com.goodrx.activity.CreateAccountActivity"]}, {"f71ededc3ad5ed4a3e501ab752531875": ["7", "com.goodrx.activity.CreateAccountActivity"]}, {"249aa0c77c572a9457a2027796812001": ["4", "com.goodrx.activity.main.MainActivity"]}, {"48f9c33e495b6a0c9df35651bbef4b79": ["5", "com.goodrx.activity.CreateAccountActivity"]}, {"249aa0c77c572a9457a2027796812001": ["4", "com.goodrx.activity.main.MainActivity"]}, {"d1faab3bb06c1321be5f494a8ffa520b": ["95", "com.goodrx.activity.StaticContentActivity"]}, {"b50dc71065262bfcaec231e78e559b2f": ["26", "com.goodrx.activity.main.MainActivity"]}, {"2a37c4e6f58090eed84e1ce041833c22": ["514", "com.goodrx.activity.main.MainActivity"]}, {"2a37c4e6f58090eed84e1ce041833c22": ["514", "com.goodrx.activity.main.MainActivity"]}, {"8e68aa70bdf0ca3ed94be749a64f13a5": ["58", "com.goodrx.activity.BestPharmacyActivity"]}, {"b50dc71065262bfcaec231e78e559b2f": ["26", "com.goodrx.activity.main.MainActivity"]}, {"4dbd3c931e2ba902b3ea338a9933ffb7": ["23", "com.goodrx.activity.main.MainActivity"]}, {"4dbd3c931e2ba902b3ea338a9933ffb7": ["23", "com.goodrx.activity.main.MainActivity"]}, {"b50dc71065262bfcaec231e78e559b2f": ["26", "com.goodrx.activity.main.MainActivity"]}, {"01bba0ddc643e0014b083cd472be3b4b": ["20", "com.goodrx.activity.main.MainActivity"]}, {"01bba0ddc643e0014b083cd472be3b4b": ["20", "com.goodrx.activity.main.MainActivity"]}, {"d1f724a44d7352dff9f3882627d4c094": ["74", "com.goodrx.activity.main.MainActivity"]}, {"89765bb8e27bed25d31b4652aa61061c": ["701", "com.goodrx.activity.main.MainActivity"]}, {"47c4edd00b6a594fd927d2d100dc8d47": ["76", "com.goodrx.activity.pillid.PillIdActivity"]}, {"0620d709b0e12710746ba27ec4955746": ["77", "com.goodrx.activity.pillid.PillIdActivity"]}, {"0620d709b0e12710746ba27ec4955746": ["77", "com.goodrx.activity.pillid.PillIdActivity"]}, {"0620d709b0e12710746ba27ec4955746": ["77", "com.goodrx.activity.pillid.PillIdActivity"]}, {"0620d709b0e12710746ba27ec4955746": ["77", "com.goodrx.activity.pillid.PillIdActivity"]}, {"0620d709b0e12710746ba27ec4955746": ["77", "com.goodrx.activity.pillid.PillIdActivity"]}, {"0620d709b0e12710746ba27ec4955746": ["77", "com.goodrx.activity.pillid.PillIdActivity"]}, {"0620d709b0e12710746ba27ec4955746": ["77", "com.goodrx.activity.pillid.PillIdActivity"]}, {"0620d709b0e12710746ba27ec4955746": ["77", "com.goodrx.activity.pillid.PillIdActivity"]}, {"0620d709b0e12710746ba27ec4955746": ["77", "com.goodrx.activity.pillid.PillIdActivity"]}, {"5c6a3d3c517e5dfb16765e57975386f8": ["472", "com.goodrx.activity.main.MainActivity"]}, {"47c4edd00b6a594fd927d2d100dc8d47": ["76", "com.goodrx.activity.pillid.PillIdActivity"]}, {"0620d709b0e12710746ba27ec4955746": ["77", "com.goodrx.activity.pillid.PillIdActivity"]}, {"0620d709b0e12710746ba27ec4955746": ["77", "com.goodrx.activity.pillid.PillIdActivity"]}, {"0620d709b0e12710746ba27ec4955746": ["77", "com.goodrx.activity.pillid.PillIdActivity"]}, {"0620d709b0e12710746ba27ec4955746": ["77", "com.goodrx.activity.pillid.PillIdActivity"]}, {"23d2411dcd113d403c08c887e2e1f685": ["702", "com.goodrx.activity.main.MainActivity"]}, {"1b16f6f60359b538480416e56bffd2e9": ["703", "com.goodrx.activity.main.MainActivity"]}, {"1b16f6f60359b538480416e56bffd2e9": ["703", "com.goodrx.activity.main.MainActivity"]}, {"b50dc71065262bfcaec231e78e559b2f": ["26", "com.goodrx.activity.main.MainActivity"]}, {"01bba0ddc643e0014b083cd472be3b4b": ["20", "com.goodrx.activity.main.MainActivity"]}, {"b50dc71065262bfcaec231e78e559b2f": ["26", "com.goodrx.activity.main.MainActivity"]}, {"b50dc71065262bfcaec231e78e559b2f": ["26", "com.goodrx.activity.main.MainActivity"]}, {"4dbd3c931e2ba902b3ea338a9933ffb7": ["23", "com.goodrx.activity.main.MainActivity"]}, {"b50dc71065262bfcaec231e78e559b2f": ["26", "com.goodrx.activity.main.MainActivity"]}, {"b50dc71065262bfcaec231e78e559b2f": ["26", "com.goodrx.activity.main.MainActivity"]}, {"4dbd3c931e2ba902b3ea338a9933ffb7": ["23", "com.goodrx.activity.main.MainActivity"]}, {"4dbd3c931e2ba902b3ea338a9933ffb7": ["23", "com.goodrx.activity.main.MainActivity"]}, {"374c4a575a7e30801fc83d7a31784277": ["27", "com.goodrx.activity.main.MainActivity"]}, {"4dbd3c931e2ba902b3ea338a9933ffb7": ["23", "com.goodrx.activity.main.MainActivity"]}, {"4dbd3c931e2ba902b3ea338a9933ffb7": ["23", "com.goodrx.activity.main.MainActivity"]}, {"bcc7665ed5e8384b274016f3ed7a24f2": ["176", "com.goodrx.activity.price.PriceActivity"]}, {"c62ba7cc7162c744aa8df2fdf5fdb4a9": ["426", "com.goodrx.activity.store.StoreActivity"]}, {"c62ba7cc7162c744aa8df2fdf5fdb4a9": ["426", "com.goodrx.activity.store.StoreActivity"]}, {"c62ba7cc7162c744aa8df2fdf5fdb4a9": ["426", "com.goodrx.activity.store.StoreActivity"]}, {"c62ba7cc7162c744aa8df2fdf5fdb4a9": ["426", "com.goodrx.activity.store.StoreActivity"]}, {"c62ba7cc7162c744aa8df2fdf5fdb4a9": ["426", "com.goodrx.activity.store.StoreActivity"]}, {"c62ba7cc7162c744aa8df2fdf5fdb4a9": ["426", "com.goodrx.activity.store.StoreActivity"]}, {"4fb1f0d43958a21d18ffd71543207638": ["66", "com.goodrx.activity.store.StoreActivity"]}, {"c62ba7cc7162c744aa8df2fdf5fdb4a9": ["426", "com.goodrx.activity.store.StoreActivity"]}, {"c62ba7cc7162c744aa8df2fdf5fdb4a9": ["426", "com.goodrx.activity.store.StoreActivity"]}, {"c62ba7cc7162c744aa8df2fdf5fdb4a9": ["426", "com.goodrx.activity.store.StoreActivity"]}, {"6de5aaa30abccdbe4cd96c4eb8d45002": ["186", "com.goodrx.activity.price.PriceActivity"]}, {"648b342e0e513bc158463628113d28f2": ["308", "com.goodrx.activity.price.PriceActivity"]}, {"54e3296d4d8cb9749a848698969ab6f5": ["450", "com.goodrx.activity.price.PriceActivity"]}, {"b1ec82b9ba70caac40fc47542ba20e33": ["437", "com.goodrx.activity.main.MainActivity"]}, {"c2fd8c9f364ccc9c0ba27310fc6cd81e": ["445", "com.goodrx.activity.main.MainActivity"]}, {"9b07bf5d9b9dd615c64d38769c60e789": ["73", "com.goodrx.activity.main.MainActivity"]}, {"9b07bf5d9b9dd615c64d38769c60e789": ["73", "com.goodrx.activity.main.MainActivity"]}, {"cc56e18f9e5107efb5abd7b1fd2569fc": ["704", "com.goodrx.activity.main.MainActivity"]}, {"cc56e18f9e5107efb5abd7b1fd2569fc": ["704", "com.goodrx.activity.main.MainActivity"]}, {"3fdd4e2d438dc42e41f38da5c2773414": ["705", "com.goodrx.activity.main.MainActivity"]}, {"b38ce73b4fe8d0d8555d50e250eda7b1": ["420", "com.goodrx.activity.price.PriceActivity"]}, {"c2fd8c9f364ccc9c0ba27310fc6cd81e": ["445", "com.goodrx.activity.main.MainActivity"]}, {"c2fd8c9f364ccc9c0ba27310fc6cd81e": ["445", "com.goodrx.activity.main.MainActivity"]}, {"249aa0c77c572a9457a2027796812001": ["4", "com.goodrx.activity.main.MainActivity"]}, {"c2fd8c9f364ccc9c0ba27310fc6cd81e": ["445", "com.goodrx.activity.main.MainActivity"]}, {"c2fd8c9f364ccc9c0ba27310fc6cd81e": ["445", "com.goodrx.activity.main.MainActivity"]}, {"249aa0c77c572a9457a2027796812001": ["4", "com.goodrx.activity.main.MainActivity"]}, {"c2fd8c9f364ccc9c0ba27310fc6cd81e": ["445", "com.goodrx.activity.main.MainActivity"]}, {"c2fd8c9f364ccc9c0ba27310fc6cd81e": ["445", "com.goodrx.activity.main.MainActivity"]}, {"01bba0ddc643e0014b083cd472be3b4b": ["20", "com.goodrx.activity.main.MainActivity"]}, {"c2fd8c9f364ccc9c0ba27310fc6cd81e": ["445", "com.goodrx.activity.main.MainActivity"]}, {"b1ec82b9ba70caac40fc47542ba20e33": ["437", "com.goodrx.activity.main.MainActivity"]}, {"41d95a1d1c5d5a7aecdcf9664ca46f19": ["172", "com.goodrx.activity.main.MainActivity"]}, {"5c6a3d3c517e5dfb16765e57975386f8": ["472", "com.goodrx.activity.main.MainActivity"]}, {"4dbd3c931e2ba902b3ea338a9933ffb7": ["23", "com.goodrx.activity.main.MainActivity"]}, {"18407c3b02eb6e9a7f5217ba8943a7da": ["511", "com.goodrx.activity.price.PriceActivity"]}, {"c2fd8c9f364ccc9c0ba27310fc6cd81e": ["445", "com.goodrx.activity.main.MainActivity"]}, {"4dbd3c931e2ba902b3ea338a9933ffb7": ["23", "com.goodrx.activity.main.MainActivity"]}, {"4dbd3c931e2ba902b3ea338a9933ffb7": ["23", "com.goodrx.activity.main.MainActivity"]}, {"18407c3b02eb6e9a7f5217ba8943a7da": ["511", "com.goodrx.activity.price.PriceActivity"]}, {"c62ba7cc7162c744aa8df2fdf5fdb4a9": ["426", "com.goodrx.activity.store.StoreActivity"]}, {"c62ba7cc7162c744aa8df2fdf5fdb4a9": ["426", "com.goodrx.activity.store.StoreActivity"]}, {"c62ba7cc7162c744aa8df2fdf5fdb4a9": ["426", "com.goodrx.activity.store.StoreActivity"]}, {"c62ba7cc7162c744aa8df2fdf5fdb4a9": ["426", "com.goodrx.activity.store.StoreActivity"]}, {"c62ba7cc7162c744aa8df2fdf5fdb4a9": ["426", "com.goodrx.activity.store.StoreActivity"]}, {"4bc869aae3892dcb15c22972a90c01cb": ["65", "com.goodrx.activity.store.StoreActivity"]}, {"c62ba7cc7162c744aa8df2fdf5fdb4a9": ["426", "com.goodrx.activity.store.StoreActivity"]}, {"18407c3b02eb6e9a7f5217ba8943a7da": ["511", "com.goodrx.activity.price.PriceActivity"]}, {"580071914dc6148a10b6d9b79108fa6e": ["508", "com.goodrx.activity.store.StoreActivity"]}, {"4fb1f0d43958a21d18ffd71543207638": ["66", "com.goodrx.activity.store.StoreActivity"]}, {"580071914dc6148a10b6d9b79108fa6e": ["508", "com.goodrx.activity.store.StoreActivity"]}, {"4fb1f0d43958a21d18ffd71543207638": ["66", "com.goodrx.activity.store.StoreActivity"]}, {"580071914dc6148a10b6d9b79108fa6e": ["508", "com.goodrx.activity.store.StoreActivity"]}, {"580071914dc6148a10b6d9b79108fa6e": ["508", "com.goodrx.activity.store.StoreActivity"]}, {"580071914dc6148a10b6d9b79108fa6e": ["508", "com.goodrx.activity.store.StoreActivity"]}, {"580071914dc6148a10b6d9b79108fa6e": ["508", "com.goodrx.activity.store.StoreActivity"]}, {"580071914dc6148a10b6d9b79108fa6e": ["508", "com.goodrx.activity.store.StoreActivity"]}, {"580071914dc6148a10b6d9b79108fa6e": ["508", "com.goodrx.activity.store.StoreActivity"]}, {"4bc869aae3892dcb15c22972a90c01cb": ["65", "com.goodrx.activity.store.StoreActivity"]}, {"580071914dc6148a10b6d9b79108fa6e": ["508", "com.goodrx.activity.store.StoreActivity"]}, {"580071914dc6148a10b6d9b79108fa6e": ["508", "com.goodrx.activity.store.StoreActivity"]}, {"580071914dc6148a10b6d9b79108fa6e": ["508", "com.goodrx.activity.store.StoreActivity"]}, {"580071914dc6148a10b6d9b79108fa6e": ["508", "com.goodrx.activity.store.StoreActivity"]}, {"4bc869aae3892dcb15c22972a90c01cb": ["65", "com.goodrx.activity.store.StoreActivity"]}, {"580071914dc6148a10b6d9b79108fa6e": ["508", "com.goodrx.activity.store.StoreActivity"]}, {"18407c3b02eb6e9a7f5217ba8943a7da": ["511", "com.goodrx.activity.price.PriceActivity"]}, {"6a93db5200644e324109b6cdcc9d6104": ["706", "com.goodrx.activity.price.PriceActivity"]}, {"c2fd8c9f364ccc9c0ba27310fc6cd81e": ["445", "com.goodrx.activity.main.MainActivity"]}, {"d678c1fd1e622093a9ef1bbdfe158ecb": ["707", "com.goodrx.activity.main.MainActivity"]}, {"a4e4b3690999a766fd8d8b2dac1d90b9": ["92", "com.goodrx.activity.main.MainActivity"]}, {"c2fd8c9f364ccc9c0ba27310fc6cd81e": ["445", "com.goodrx.activity.main.MainActivity"]}, {"c2fd8c9f364ccc9c0ba27310fc6cd81e": ["445", "com.goodrx.activity.main.MainActivity"]}, {"3fdd4e2d438dc42e41f38da5c2773414": ["705", "com.goodrx.activity.main.MainActivity"]}, {"0d2cdfb37c80983db2c7ff786b0fd379": ["708", "com.goodrx.activity.price.PriceActivity"]}, {"3fdd4e2d438dc42e41f38da5c2773414": ["705", "com.goodrx.activity.main.MainActivity"]}, {"b8eecb5c8c855f82c41385a2d4946ca4": ["3", "com.goodrx.activity.AddRxActivity"]}, {"3fdd4e2d438dc42e41f38da5c2773414": ["705", "com.goodrx.activity.main.MainActivity"]}, {"c2fd8c9f364ccc9c0ba27310fc6cd81e": ["445", "com.goodrx.activity.main.MainActivity"]}, {"c2fd8c9f364ccc9c0ba27310fc6cd81e": ["445", "com.goodrx.activity.main.MainActivity"]}, {"c2fd8c9f364ccc9c0ba27310fc6cd81e": ["445", "com.goodrx.activity.main.MainActivity"]}, {"41d95a1d1c5d5a7aecdcf9664ca46f19": ["172", "com.goodrx.activity.main.MainActivity"]}, {"3b80652ac3d4d949f2d065b708b16b41": ["8", "com.goodrx.activity.ConditionActivity"]}, {"26b1631dd37373886ae72a00de70379a": ["70", "com.goodrx.activity.ConditionClassActivity"]}, {"0502e172d4d66a8554bb9be1994531be": ["135", "com.goodrx.activity.ClassDrugActivity"]}, {"ddc2b72e0e01daa53d906ce5ea63c479": ["15", "com.goodrx.activity.configure.PrescriptionConfigureActivity"]}, {"bcc7665ed5e8384b274016f3ed7a24f2": ["176", "com.goodrx.activity.price.PriceActivity"]}, {"c62ba7cc7162c744aa8df2fdf5fdb4a9": ["426", "com.goodrx.activity.store.StoreActivity"]}, {"580071914dc6148a10b6d9b79108fa6e": ["508", "com.goodrx.activity.store.StoreActivity"]}, {"6de5aaa30abccdbe4cd96c4eb8d45002": ["186", "com.goodrx.activity.price.PriceActivity"]}, {"648b342e0e513bc158463628113d28f2": ["308", "com.goodrx.activity.price.PriceActivity"]}, {"54e3296d4d8cb9749a848698969ab6f5": ["450", "com.goodrx.activity.price.PriceActivity"]}, {"ddc2b72e0e01daa53d906ce5ea63c479": ["15", "com.goodrx.activity.configure.PrescriptionConfigureActivity"]}, {"b41ca5e16f3e41663e54bd39b4420dfd": ["16", "com.goodrx.activity.configure.PrescriptionConfigureActivity"]}, {"9a04d9ec47de9df8ea47839bda2f357f": ["17", "com.goodrx.activity.configure.PrescriptionConfigureActivity"]}, {"485c244bd31e47d8dfa29b08447867f5": ["111", "com.goodrx.activity.configure.PrescriptionConfigureActivity"]}, {"c70244acd3a62b5f019afd856634b0ad": ["709", "com.goodrx.activity.configure.PrescriptionConfigureActivity"]}, {"f0446ee22b04b7988ffa6598922d1eb0": ["18", "com.goodrx.activity.price.PriceActivity"]}, {"c70244acd3a62b5f019afd856634b0ad": ["709", "com.goodrx.activity.configure.PrescriptionConfigureActivity"]}, {"c70244acd3a62b5f019afd856634b0ad": ["709", "com.goodrx.activity.configure.PrescriptionConfigureActivity"]}, {"bcc7665ed5e8384b274016f3ed7a24f2": ["176", "com.goodrx.activity.price.PriceActivity"]}, {"9a04d9ec47de9df8ea47839bda2f357f": ["17", "com.goodrx.activity.configure.PrescriptionConfigureActivity"]}, {"bcc7665ed5e8384b274016f3ed7a24f2": ["176", "com.goodrx.activity.price.PriceActivity"]}, {"9a04d9ec47de9df8ea47839bda2f357f": ["17", "com.goodrx.activity.configure.PrescriptionConfigureActivity"]}, {"bcc7665ed5e8384b274016f3ed7a24f2": ["176", "com.goodrx.activity.price.PriceActivity"]}, {"c62ba7cc7162c744aa8df2fdf5fdb4a9": ["426", "com.goodrx.activity.store.StoreActivity"]}, {"c62ba7cc7162c744aa8df2fdf5fdb4a9": ["426", "com.goodrx.activity.store.StoreActivity"]}, {"c62ba7cc7162c744aa8df2fdf5fdb4a9": ["426", "com.goodrx.activity.store.StoreActivity"]}, {"c62ba7cc7162c744aa8df2fdf5fdb4a9": ["426", "com.goodrx.activity.store.StoreActivity"]}, {"c62ba7cc7162c744aa8df2fdf5fdb4a9": ["426", "com.goodrx.activity.store.StoreActivity"]}, {"c62ba7cc7162c744aa8df2fdf5fdb4a9": ["426", "com.goodrx.activity.store.StoreActivity"]}, {"23e18b4a7a3c1555aba1bcc409b0113a": ["67", "com.goodrx.activity.store.StoreActivity"]}, {"c62ba7cc7162c744aa8df2fdf5fdb4a9": ["426", "com.goodrx.activity.store.StoreActivity"]}, {"bcc7665ed5e8384b274016f3ed7a24f2": ["176", "com.goodrx.activity.price.PriceActivity"]}, {"1aa9675ecf8d2cf350fa041abb9cd5f5": ["461", "com.goodrx.activity.main.MainActivity"]}, {"b1ec82b9ba70caac40fc47542ba20e33": ["437", "com.goodrx.activity.main.MainActivity"]}, {"1aa9675ecf8d2cf350fa041abb9cd5f5": ["461", "com.goodrx.activity.main.MainActivity"]}, {"1aa9675ecf8d2cf350fa041abb9cd5f5": ["461", "com.goodrx.activity.main.MainActivity"]}, {"1aa9675ecf8d2cf350fa041abb9cd5f5": ["461", "com.goodrx.activity.main.MainActivity"]}, {"01bba0ddc643e0014b083cd472be3b4b": ["20", "com.goodrx.activity.main.MainActivity"]}, {"01bba0ddc643e0014b083cd472be3b4b": ["20", "com.goodrx.activity.main.MainActivity"]}, {"1aa9675ecf8d2cf350fa041abb9cd5f5": ["461", "com.goodrx.activity.main.MainActivity"]}, {"01bba0ddc643e0014b083cd472be3b4b": ["20", "com.goodrx.activity.main.MainActivity"]}, {"01bba0ddc643e0014b083cd472be3b4b": ["20", "com.goodrx.activity.main.MainActivity"]}, {"249aa0c77c572a9457a2027796812001": ["4", "com.goodrx.activity.main.MainActivity"]}, {"48f9c33e495b6a0c9df35651bbef4b79": ["5", "com.goodrx.activity.CreateAccountActivity"]}, {"45b2c89d6fd32cd68502c054c9e4cf2d": ["296", "com.goodrx.activity.WebViewActivity"]}, {"45b2c89d6fd32cd68502c054c9e4cf2d": ["296", "com.goodrx.activity.WebViewActivity"]}, {"45b2c89d6fd32cd68502c054c9e4cf2d": ["296", "com.goodrx.activity.WebViewActivity"]}, {"45b2c89d6fd32cd68502c054c9e4cf2d": ["296", "com.goodrx.activity.WebViewActivity"]}, {"d4f1760c41cda04de38831b7b86d4b2a": ["6", "com.goodrx.activity.WebViewActivity"]}, {"48f9c33e495b6a0c9df35651bbef4b79": ["5", "com.goodrx.activity.CreateAccountActivity"]}, {"f71ededc3ad5ed4a3e501ab752531875": ["7", "com.goodrx.activity.CreateAccountActivity"]}, {"f71ededc3ad5ed4a3e501ab752531875": ["7", "com.goodrx.activity.CreateAccountActivity"]}, {"4cb99f3282be8605fa8348becfbeca1c": ["216", "com.goodrx.activity.CreateAccountActivity"]}, {"f71ededc3ad5ed4a3e501ab752531875": ["7", "com.goodrx.activity.CreateAccountActivity"]}, {"3bcd0cd28c447e91e59c266401745165": ["127", "com.goodrx.activity.main.MainActivity"]}, {"d1faab3bb06c1321be5f494a8ffa520b": ["95", "com.goodrx.activity.StaticContentActivity"]}, {"1aa9675ecf8d2cf350fa041abb9cd5f5": ["461", "com.goodrx.activity.main.MainActivity"]}, {"01bba0ddc643e0014b083cd472be3b4b": ["20", "com.goodrx.activity.main.MainActivity"]}, {"1aa9675ecf8d2cf350fa041abb9cd5f5": ["461", "com.goodrx.activity.main.MainActivity"]}, {"237e19eaf49880c9e1f6c100cc109d55": ["710", "com.goodrx.activity.main.MainActivity"]}, {"b38ce73b4fe8d0d8555d50e250eda7b1": ["420", "com.goodrx.activity.price.PriceActivity"]}, {"c62ba7cc7162c744aa8df2fdf5fdb4a9": ["426", "com.goodrx.activity.store.StoreActivity"]}, {"b38ce73b4fe8d0d8555d50e250eda7b1": ["420", "com.goodrx.activity.price.PriceActivity"]}, {"c62ba7cc7162c744aa8df2fdf5fdb4a9": ["426", "com.goodrx.activity.store.StoreActivity"]}, {"4fb1f0d43958a21d18ffd71543207638": ["66", "com.goodrx.activity.store.StoreActivity"]}, {"c62ba7cc7162c744aa8df2fdf5fdb4a9": ["426", "com.goodrx.activity.store.StoreActivity"]}, {"23e18b4a7a3c1555aba1bcc409b0113a": ["67", "com.goodrx.activity.store.StoreActivity"]}, {"c62ba7cc7162c744aa8df2fdf5fdb4a9": ["426", "com.goodrx.activity.store.StoreActivity"]}, {"c62ba7cc7162c744aa8df2fdf5fdb4a9": ["426", "com.goodrx.activity.store.StoreActivity"]}, {"b38ce73b4fe8d0d8555d50e250eda7b1": ["420", "com.goodrx.activity.price.PriceActivity"]}, {"c62ba7cc7162c744aa8df2fdf5fdb4a9": ["426", "com.goodrx.activity.store.StoreActivity"]}, {"23e18b4a7a3c1555aba1bcc409b0113a": ["67", "com.goodrx.activity.store.StoreActivity"]}, {"c62ba7cc7162c744aa8df2fdf5fdb4a9": ["426", "com.goodrx.activity.store.StoreActivity"]}, {"c62ba7cc7162c744aa8df2fdf5fdb4a9": ["426", "com.goodrx.activity.store.StoreActivity"]}, {"23e18b4a7a3c1555aba1bcc409b0113a": ["67", "com.goodrx.activity.store.StoreActivity"]}, {"bb540e1c6fad5aa389206f7275062d19": ["68", "com.goodrx.activity.store.StoreActivity"]}, {"c62ba7cc7162c744aa8df2fdf5fdb4a9": ["426", "com.goodrx.activity.store.StoreActivity"]}, {"c62ba7cc7162c744aa8df2fdf5fdb4a9": ["426", "com.goodrx.activity.store.StoreActivity"]}, {"4fb1f0d43958a21d18ffd71543207638": ["66", "com.goodrx.activity.store.StoreActivity"]}, {"c62ba7cc7162c744aa8df2fdf5fdb4a9": ["426", "com.goodrx.activity.store.StoreActivity"]}, {"c62ba7cc7162c744aa8df2fdf5fdb4a9": ["426", "com.goodrx.activity.store.StoreActivity"]}, {"23e18b4a7a3c1555aba1bcc409b0113a": ["67", "com.goodrx.activity.store.StoreActivity"]}, {"c62ba7cc7162c744aa8df2fdf5fdb4a9": ["426", "com.goodrx.activity.store.StoreActivity"]}, {"4fb1f0d43958a21d18ffd71543207638": ["66", "com.goodrx.activity.store.StoreActivity"]}, {"c62ba7cc7162c744aa8df2fdf5fdb4a9": ["426", "com.goodrx.activity.store.StoreActivity"]}, {"c62ba7cc7162c744aa8df2fdf5fdb4a9": ["426", "com.goodrx.activity.store.StoreActivity"]}, {"c62ba7cc7162c744aa8df2fdf5fdb4a9": ["426", "com.goodrx.activity.store.StoreActivity"]}, {"4bc869aae3892dcb15c22972a90c01cb": ["65", "com.goodrx.activity.store.StoreActivity"]}, {"c62ba7cc7162c744aa8df2fdf5fdb4a9": ["426", "com.goodrx.activity.store.StoreActivity"]}, {"c62ba7cc7162c744aa8df2fdf5fdb4a9": ["426", "com.goodrx.activity.store.StoreActivity"]}, {"4fb1f0d43958a21d18ffd71543207638": ["66", "com.goodrx.activity.store.StoreActivity"]}, {"c62ba7cc7162c744aa8df2fdf5fdb4a9": ["426", "com.goodrx.activity.store.StoreActivity"]}, {"23e18b4a7a3c1555aba1bcc409b0113a": ["67", "com.goodrx.activity.store.StoreActivity"]}, {"c62ba7cc7162c744aa8df2fdf5fdb4a9": ["426", "com.goodrx.activity.store.StoreActivity"]}, {"4fb1f0d43958a21d18ffd71543207638": ["66", "com.goodrx.activity.store.StoreActivity"]}, {"c62ba7cc7162c744aa8df2fdf5fdb4a9": ["426", "com.goodrx.activity.store.StoreActivity"]}, {"c62ba7cc7162c744aa8df2fdf5fdb4a9": ["426", "com.goodrx.activity.store.StoreActivity"]}, {"c62ba7cc7162c744aa8df2fdf5fdb4a9": ["426", "com.goodrx.activity.store.StoreActivity"]}, {"b38ce73b4fe8d0d8555d50e250eda7b1": ["420", "com.goodrx.activity.price.PriceActivity"]}, {"c62ba7cc7162c744aa8df2fdf5fdb4a9": ["426", "com.goodrx.activity.store.StoreActivity"]}, {"c62ba7cc7162c744aa8df2fdf5fdb4a9": ["426", "com.goodrx.activity.store.StoreActivity"]}, {"c62ba7cc7162c744aa8df2fdf5fdb4a9": ["426", "com.goodrx.activity.store.StoreActivity"]}, {"4bc869aae3892dcb15c22972a90c01cb": ["65", "com.goodrx.activity.store.StoreActivity"]}, {"c62ba7cc7162c744aa8df2fdf5fdb4a9": ["426", "com.goodrx.activity.store.StoreActivity"]}, {"b38ce73b4fe8d0d8555d50e250eda7b1": ["420", "com.goodrx.activity.price.PriceActivity"]}, {"c62ba7cc7162c744aa8df2fdf5fdb4a9": ["426", "com.goodrx.activity.store.StoreActivity"]}, {"4fb1f0d43958a21d18ffd71543207638": ["66", "com.goodrx.activity.store.StoreActivity"]}, {"c62ba7cc7162c744aa8df2fdf5fdb4a9": ["426", "com.goodrx.activity.store.StoreActivity"]}, {"4fb1f0d43958a21d18ffd71543207638": ["66", "com.goodrx.activity.store.StoreActivity"]}, {"c62ba7cc7162c744aa8df2fdf5fdb4a9": ["426", "com.goodrx.activity.store.StoreActivity"]}, {"c62ba7cc7162c744aa8df2fdf5fdb4a9": ["426", "com.goodrx.activity.store.StoreActivity"]}, {"23e18b4a7a3c1555aba1bcc409b0113a": ["67", "com.goodrx.activity.store.StoreActivity"]}, {"c62ba7cc7162c744aa8df2fdf5fdb4a9": ["426", "com.goodrx.activity.store.StoreActivity"]}, {"23e18b4a7a3c1555aba1bcc409b0113a": ["67", "com.goodrx.activity.store.StoreActivity"]}, {"bb540e1c6fad5aa389206f7275062d19": ["68", "com.goodrx.activity.store.StoreActivity"]}, {"c62ba7cc7162c744aa8df2fdf5fdb4a9": ["426", "com.goodrx.activity.store.StoreActivity"]}, {"c62ba7cc7162c744aa8df2fdf5fdb4a9": ["426", "com.goodrx.activity.store.StoreActivity"]}, {"c62ba7cc7162c744aa8df2fdf5fdb4a9": ["426", "com.goodrx.activity.store.StoreActivity"]}, {"4bc869aae3892dcb15c22972a90c01cb": ["65", "com.goodrx.activity.store.StoreActivity"]}, {"c62ba7cc7162c744aa8df2fdf5fdb4a9": ["426", "com.goodrx.activity.store.StoreActivity"]}, {"c62ba7cc7162c744aa8df2fdf5fdb4a9": ["426", "com.goodrx.activity.store.StoreActivity"]}, {"c62ba7cc7162c744aa8df2fdf5fdb4a9": ["426", "com.goodrx.activity.store.StoreActivity"]}, {"4fb1f0d43958a21d18ffd71543207638": ["66", "com.goodrx.activity.store.StoreActivity"]}, {"c62ba7cc7162c744aa8df2fdf5fdb4a9": ["426", "com.goodrx.activity.store.StoreActivity"]}, {"c62ba7cc7162c744aa8df2fdf5fdb4a9": ["426", "com.goodrx.activity.store.StoreActivity"]}, {"b38ce73b4fe8d0d8555d50e250eda7b1": ["420", "com.goodrx.activity.price.PriceActivity"]}, {"237e19eaf49880c9e1f6c100cc109d55": ["710", "com.goodrx.activity.main.MainActivity"]}, {"b38ce73b4fe8d0d8555d50e250eda7b1": ["420", "com.goodrx.activity.price.PriceActivity"]}, {"8ebc4d98a2363b6910a489f6f8a4dffa": ["711", "com.goodrx.activity.main.MainActivity"]}, {"b38ce73b4fe8d0d8555d50e250eda7b1": ["420", "com.goodrx.activity.price.PriceActivity"]}, {"c62ba7cc7162c744aa8df2fdf5fdb4a9": ["426", "com.goodrx.activity.store.StoreActivity"]}, {"c62ba7cc7162c744aa8df2fdf5fdb4a9": ["426", "com.goodrx.activity.store.StoreActivity"]}, {"23e18b4a7a3c1555aba1bcc409b0113a": ["67", "com.goodrx.activity.store.StoreActivity"]}, {"bb540e1c6fad5aa389206f7275062d19": ["68", "com.goodrx.activity.store.StoreActivity"]}, {"c62ba7cc7162c744aa8df2fdf5fdb4a9": ["426", "com.goodrx.activity.store.StoreActivity"]}, {"23e18b4a7a3c1555aba1bcc409b0113a": ["67", "com.goodrx.activity.store.StoreActivity"]}, {"c62ba7cc7162c744aa8df2fdf5fdb4a9": ["426", "com.goodrx.activity.store.StoreActivity"]}, {"b38ce73b4fe8d0d8555d50e250eda7b1": ["420", "com.goodrx.activity.price.PriceActivity"]}, {"c62ba7cc7162c744aa8df2fdf5fdb4a9": ["426", "com.goodrx.activity.store.StoreActivity"]}, {"b38ce73b4fe8d0d8555d50e250eda7b1": ["420", "com.goodrx.activity.price.PriceActivity"]}, {"c62ba7cc7162c744aa8df2fdf5fdb4a9": ["426", "com.goodrx.activity.store.StoreActivity"]}, {"c62ba7cc7162c744aa8df2fdf5fdb4a9": ["426", "com.goodrx.activity.store.StoreActivity"]}, {"c62ba7cc7162c744aa8df2fdf5fdb4a9": ["426", "com.goodrx.activity.store.StoreActivity"]}, {"c62ba7cc7162c744aa8df2fdf5fdb4a9": ["426", "com.goodrx.activity.store.StoreActivity"]}, {"4fb1f0d43958a21d18ffd71543207638": ["66", "com.goodrx.activity.store.StoreActivity"]}, {"c62ba7cc7162c744aa8df2fdf5fdb4a9": ["426", "com.goodrx.activity.store.StoreActivity"]}, {"c62ba7cc7162c744aa8df2fdf5fdb4a9": ["426", "com.goodrx.activity.store.StoreActivity"]}, {"c62ba7cc7162c744aa8df2fdf5fdb4a9": ["426", "com.goodrx.activity.store.StoreActivity"]}, {"23e18b4a7a3c1555aba1bcc409b0113a": ["67", "com.goodrx.activity.store.StoreActivity"]}, {"c62ba7cc7162c744aa8df2fdf5fdb4a9": ["426", "com.goodrx.activity.store.StoreActivity"]}, {"23e18b4a7a3c1555aba1bcc409b0113a": ["67", "com.goodrx.activity.store.StoreActivity"]}, {"bb540e1c6fad5aa389206f7275062d19": ["68", "com.goodrx.activity.store.StoreActivity"]}, {"c62ba7cc7162c744aa8df2fdf5fdb4a9": ["426", "com.goodrx.activity.store.StoreActivity"]}, {"c62ba7cc7162c744aa8df2fdf5fdb4a9": ["426", "com.goodrx.activity.store.StoreActivity"]}, {"23e18b4a7a3c1555aba1bcc409b0113a": ["67", "com.goodrx.activity.store.StoreActivity"]}, {"c62ba7cc7162c744aa8df2fdf5fdb4a9": ["426", "com.goodrx.activity.store.StoreActivity"]}, {"23e18b4a7a3c1555aba1bcc409b0113a": ["67", "com.goodrx.activity.store.StoreActivity"]}, {"bb540e1c6fad5aa389206f7275062d19": ["68", "com.goodrx.activity.store.StoreActivity"]}, {"c62ba7cc7162c744aa8df2fdf5fdb4a9": ["426", "com.goodrx.activity.store.StoreActivity"]}, {"4fb1f0d43958a21d18ffd71543207638": ["66", "com.goodrx.activity.store.StoreActivity"]}, {"c62ba7cc7162c744aa8df2fdf5fdb4a9": ["426", "com.goodrx.activity.store.StoreActivity"]}, {"c62ba7cc7162c744aa8df2fdf5fdb4a9": ["426", "com.goodrx.activity.store.StoreActivity"]}, {"c62ba7cc7162c744aa8df2fdf5fdb4a9": ["426", "com.goodrx.activity.store.StoreActivity"]}, {"c62ba7cc7162c744aa8df2fdf5fdb4a9": ["426", "com.goodrx.activity.store.StoreActivity"]}, {"b38ce73b4fe8d0d8555d50e250eda7b1": ["420", "com.goodrx.activity.price.PriceActivity"]}, {"c62ba7cc7162c744aa8df2fdf5fdb4a9": ["426", "com.goodrx.activity.store.StoreActivity"]}, {"580071914dc6148a10b6d9b79108fa6e": ["508", "com.goodrx.activity.store.StoreActivity"]}, {"580071914dc6148a10b6d9b79108fa6e": ["508", "com.goodrx.activity.store.StoreActivity"]}, {"23e18b4a7a3c1555aba1bcc409b0113a": ["67", "com.goodrx.activity.store.StoreActivity"]}, {"580071914dc6148a10b6d9b79108fa6e": ["508", "com.goodrx.activity.store.StoreActivity"]}, {"580071914dc6148a10b6d9b79108fa6e": ["508", "com.goodrx.activity.store.StoreActivity"]}, {"580071914dc6148a10b6d9b79108fa6e": ["508", "com.goodrx.activity.store.StoreActivity"]}, {"23e18b4a7a3c1555aba1bcc409b0113a": ["67", "com.goodrx.activity.store.StoreActivity"]}, {"580071914dc6148a10b6d9b79108fa6e": ["508", "com.goodrx.activity.store.StoreActivity"]}, {"4bc869aae3892dcb15c22972a90c01cb": ["65", "com.goodrx.activity.store.StoreActivity"]}, {"580071914dc6148a10b6d9b79108fa6e": ["508", "com.goodrx.activity.store.StoreActivity"]}, {"580071914dc6148a10b6d9b79108fa6e": ["508", "com.goodrx.activity.store.StoreActivity"]}, {"b38ce73b4fe8d0d8555d50e250eda7b1": ["420", "com.goodrx.activity.price.PriceActivity"]}, {"53f19bfc7e7ff6a032210a99938da4ef": ["712", "com.goodrx.activity.main.MainActivity"]}, {"317fc77d6367fdf1992d6f46a389eb38": ["427", "com.goodrx.activity.price.PriceActivity"]}, {"d4f1760c41cda04de38831b7b86d4b2a": ["6", "com.goodrx.activity.WebViewActivity"]}, {"317fc77d6367fdf1992d6f46a389eb38": ["427", "com.goodrx.activity.price.PriceActivity"]}, {"d4f1760c41cda04de38831b7b86d4b2a": ["6", "com.goodrx.activity.WebViewActivity"]}, {"317fc77d6367fdf1992d6f46a389eb38": ["427", "com.goodrx.activity.price.PriceActivity"]}, {"1aa9675ecf8d2cf350fa041abb9cd5f5": ["461", "com.goodrx.activity.main.MainActivity"]}, {"1aa9675ecf8d2cf350fa041abb9cd5f5": ["461", "com.goodrx.activity.main.MainActivity"]}, {"01bba0ddc643e0014b083cd472be3b4b": ["20", "com.goodrx.activity.main.MainActivity"]}, {"01bba0ddc643e0014b083cd472be3b4b": ["20", "com.goodrx.activity.main.MainActivity"]}, {"53f19bfc7e7ff6a032210a99938da4ef": ["712", "com.goodrx.activity.main.MainActivity"]}, {"b38ce73b4fe8d0d8555d50e250eda7b1": ["420", "com.goodrx.activity.price.PriceActivity"]}, {"249aa0c77c572a9457a2027796812001": ["4", "com.goodrx.activity.main.MainActivity"]}, {"53f19bfc7e7ff6a032210a99938da4ef": ["712", "com.goodrx.activity.main.MainActivity"]}, {"1aa9675ecf8d2cf350fa041abb9cd5f5": ["461", "com.goodrx.activity.main.MainActivity"]}, {"4dbd3c931e2ba902b3ea338a9933ffb7": ["23", "com.goodrx.activity.main.MainActivity"]}, {"4dbd3c931e2ba902b3ea338a9933ffb7": ["23", "com.goodrx.activity.main.MainActivity"]}, {"4dbd3c931e2ba902b3ea338a9933ffb7": ["23", "com.goodrx.activity.main.MainActivity"]}, {"4dbd3c931e2ba902b3ea338a9933ffb7": ["23", "com.goodrx.activity.main.MainActivity"]}, {"35bd5c7d488009a3ccc44c3ce43c4ad8": ["21", "com.goodrx.activity.main.MainActivity"]}, {"fb19b9d4124a01f807bb70dbe3461dd8": ["69", "com.goodrx.activity.main.MainActivity"]}, {"fb19b9d4124a01f807bb70dbe3461dd8": ["69", "com.goodrx.activity.main.MainActivity"]}, {"cf81fe436fa5b6b8f34e81da2b086013": ["25", "com.goodrx.activity.main.MainActivity"]}, {"b1ec82b9ba70caac40fc47542ba20e33": ["437", "com.goodrx.activity.main.MainActivity"]}, {"1aa9675ecf8d2cf350fa041abb9cd5f5": ["461", "com.goodrx.activity.main.MainActivity"]}, {"1aa9675ecf8d2cf350fa041abb9cd5f5": ["461", "com.goodrx.activity.main.MainActivity"]}, {"1aa9675ecf8d2cf350fa041abb9cd5f5": ["461", "com.goodrx.activity.main.MainActivity"]}, {"5c6a3d3c517e5dfb16765e57975386f8": ["472", "com.goodrx.activity.main.MainActivity"]}, {"47c4edd00b6a594fd927d2d100dc8d47": ["76", "com.goodrx.activity.pillid.PillIdActivity"]}, {"0620d709b0e12710746ba27ec4955746": ["77", "com.goodrx.activity.pillid.PillIdActivity"]}, {"0620d709b0e12710746ba27ec4955746": ["77", "com.goodrx.activity.pillid.PillIdActivity"]}, {"0620d709b0e12710746ba27ec4955746": ["77", "com.goodrx.activity.pillid.PillIdActivity"]}, {"0620d709b0e12710746ba27ec4955746": ["77", "com.goodrx.activity.pillid.PillIdActivity"]}, {"8f611c5890899a9deeab6ef4a9ffb6be": ["84", "com.goodrx.activity.pillid.PillIdActivity"]}, {"7712d542361a9a51119d758d05b074fc": ["713", "com.goodrx.activity.pillid.PillIdActivity"]}, {"1aa9675ecf8d2cf350fa041abb9cd5f5": ["461", "com.goodrx.activity.main.MainActivity"]}, {"1aa9675ecf8d2cf350fa041abb9cd5f5": ["461", "com.goodrx.activity.main.MainActivity"]}, {"1aa9675ecf8d2cf350fa041abb9cd5f5": ["461", "com.goodrx.activity.main.MainActivity"]}, {"1aa9675ecf8d2cf350fa041abb9cd5f5": ["461", "com.goodrx.activity.main.MainActivity"]}, {"1aa9675ecf8d2cf350fa041abb9cd5f5": ["461", "com.goodrx.activity.main.MainActivity"]}, {"d1f724a44d7352dff9f3882627d4c094": ["74", "com.goodrx.activity.main.MainActivity"]}, {"35bd5c7d488009a3ccc44c3ce43c4ad8": ["21", "com.goodrx.activity.main.MainActivity"]}, {"7b32c8a981432513243f16d840c4ed34": ["173", "com.goodrx.activity.main.MainActivity"]}, {"89765bb8e27bed25d31b4652aa61061c": ["701", "com.goodrx.activity.main.MainActivity"]}, {"01bba0ddc643e0014b083cd472be3b4b": ["20", "com.goodrx.activity.main.MainActivity"]}, {"35bd5c7d488009a3ccc44c3ce43c4ad8": ["21", "com.goodrx.activity.main.MainActivity"]}, {"d1f724a44d7352dff9f3882627d4c094": ["74", "com.goodrx.activity.main.MainActivity"]}, {"d1f724a44d7352dff9f3882627d4c094": ["74", "com.goodrx.activity.main.MainActivity"]}, {"35bd5c7d488009a3ccc44c3ce43c4ad8": ["21", "com.goodrx.activity.main.MainActivity"]}, {"7b32c8a981432513243f16d840c4ed34": ["173", "com.goodrx.activity.main.MainActivity"]}, {"7b32c8a981432513243f16d840c4ed34": ["173", "com.goodrx.activity.main.MainActivity"]}, {"b1ec82b9ba70caac40fc47542ba20e33": ["437", "com.goodrx.activity.main.MainActivity"]}, {"41d95a1d1c5d5a7aecdcf9664ca46f19": ["172", "com.goodrx.activity.main.MainActivity"]}, {"3b80652ac3d4d949f2d065b708b16b41": ["8", "com.goodrx.activity.ConditionActivity"]}, {"914b8b57ffe0fd36493544b002420f67": ["311", "com.goodrx.activity.ConditionClassActivity"]}, {"f72cb103509fd77e7eebe0193a3504dd": ["71", "com.goodrx.activity.ClassDrugActivity"]}, {"83c2511aaff8156213875c4e31fbb774": ["300", "com.goodrx.activity.configure.PrescriptionConfigureActivity"]}, {"c506a719f9accefdb5449e52508573b1": ["714", "com.goodrx.activity.price.PriceActivity"]}, {"83c2511aaff8156213875c4e31fbb774": ["300", "com.goodrx.activity.configure.PrescriptionConfigureActivity"]}, {"83c2511aaff8156213875c4e31fbb774": ["300", "com.goodrx.activity.configure.PrescriptionConfigureActivity"]}, {"83c2511aaff8156213875c4e31fbb774": ["300", "com.goodrx.activity.configure.PrescriptionConfigureActivity"]}, {"83c2511aaff8156213875c4e31fbb774": ["300", "com.goodrx.activity.configure.PrescriptionConfigureActivity"]}, {"f605e2afb8676bf284b10cfa58205be5": ["72", "com.goodrx.activity.price.PriceActivity"]}, {"83c2511aaff8156213875c4e31fbb774": ["300", "com.goodrx.activity.configure.PrescriptionConfigureActivity"]}, {"f605e2afb8676bf284b10cfa58205be5": ["72", "com.goodrx.activity.price.PriceActivity"]}, {"f605e2afb8676bf284b10cfa58205be5": ["72", "com.goodrx.activity.price.PriceActivity"]}, {"83c2511aaff8156213875c4e31fbb774": ["300", "com.goodrx.activity.configure.PrescriptionConfigureActivity"]}, {"b41ca5e16f3e41663e54bd39b4420dfd": ["16", "com.goodrx.activity.configure.PrescriptionConfigureActivity"]}, {"83c2511aaff8156213875c4e31fbb774": ["300", "com.goodrx.activity.configure.PrescriptionConfigureActivity"]}, {"b41ca5e16f3e41663e54bd39b4420dfd": ["16", "com.goodrx.activity.configure.PrescriptionConfigureActivity"]}, {"d3effde2b15d755690e74f758469f9ed": ["222", "com.goodrx.activity.configure.PrescriptionConfigureActivity"]}, {"4539011ed5eb5101ef9ef8f3511010a2": ["715", "com.goodrx.activity.configure.PrescriptionConfigureActivity"]}, {"d3effde2b15d755690e74f758469f9ed": ["222", "com.goodrx.activity.configure.PrescriptionConfigureActivity"]}, {"d3effde2b15d755690e74f758469f9ed": ["222", "com.goodrx.activity.configure.PrescriptionConfigureActivity"]}, {"b41ca5e16f3e41663e54bd39b4420dfd": ["16", "com.goodrx.activity.configure.PrescriptionConfigureActivity"]}, {"d3effde2b15d755690e74f758469f9ed": ["222", "com.goodrx.activity.configure.PrescriptionConfigureActivity"]}, {"b41ca5e16f3e41663e54bd39b4420dfd": ["16", "com.goodrx.activity.configure.PrescriptionConfigureActivity"]}, {"d3effde2b15d755690e74f758469f9ed": ["222", "com.goodrx.activity.configure.PrescriptionConfigureActivity"]}, {"d3effde2b15d755690e74f758469f9ed": ["222", "com.goodrx.activity.configure.PrescriptionConfigureActivity"]}, {"e6793d132829f10deb700c7669f78074": ["716", "com.goodrx.activity.price.PriceActivity"]}, {"d3effde2b15d755690e74f758469f9ed": ["222", "com.goodrx.activity.configure.PrescriptionConfigureActivity"]}, {"377bf8e6ea517180e1914d95e39ac626": ["717", "com.goodrx.activity.price.PriceActivity"]}, {"377bf8e6ea517180e1914d95e39ac626": ["717", "com.goodrx.activity.price.PriceActivity"]}, {"16b00e7b5ff143a62f7a07079bbcaf8a": ["475", "com.goodrx.activity.main.MainActivity"]}, {"01bba0ddc643e0014b083cd472be3b4b": ["20", "com.goodrx.activity.main.MainActivity"]}, {"2d7b70f4ba614298ef1136759150b092": ["51", "com.goodrx.activity.main.MainActivity"]}, {"01bba0ddc643e0014b083cd472be3b4b": ["20", "com.goodrx.activity.main.MainActivity"]}, {"2d7b70f4ba614298ef1136759150b092": ["51", "com.goodrx.activity.main.MainActivity"]}, {"d1f724a44d7352dff9f3882627d4c094": ["74", "com.goodrx.activity.main.MainActivity"]}, {"d1f724a44d7352dff9f3882627d4c094": ["74", "com.goodrx.activity.main.MainActivity"]}, {"cf81fe436fa5b6b8f34e81da2b086013": ["25", "com.goodrx.activity.main.MainActivity"]}, {"d1f724a44d7352dff9f3882627d4c094": ["74", "com.goodrx.activity.main.MainActivity"]}, {"d1f724a44d7352dff9f3882627d4c094": ["74", "com.goodrx.activity.main.MainActivity"]}, {"d1f724a44d7352dff9f3882627d4c094": ["74", "com.goodrx.activity.main.MainActivity"]}, {"16b00e7b5ff143a62f7a07079bbcaf8a": ["475", "com.goodrx.activity.main.MainActivity"]}, {"53f19bfc7e7ff6a032210a99938da4ef": ["712", "com.goodrx.activity.main.MainActivity"]}, {"2cb2c25cfbf6447a781160323abc459d": ["718", "com.goodrx.activity.price.PriceActivity"]}, {"521c61f95b564b78371d4632754c9904": ["459", "com.goodrx.activity.price.PriceActivity"]}, {"16b00e7b5ff143a62f7a07079bbcaf8a": ["475", "com.goodrx.activity.main.MainActivity"]}, {"b1ec82b9ba70caac40fc47542ba20e33": ["437", "com.goodrx.activity.main.MainActivity"]}, {"16b00e7b5ff143a62f7a07079bbcaf8a": ["475", "com.goodrx.activity.main.MainActivity"]}, {"16b00e7b5ff143a62f7a07079bbcaf8a": ["475", "com.goodrx.activity.main.MainActivity"]}, {"b1ec82b9ba70caac40fc47542ba20e33": ["437", "com.goodrx.activity.main.MainActivity"]}, {"16b00e7b5ff143a62f7a07079bbcaf8a": ["475", "com.goodrx.activity.main.MainActivity"]}, {"01bba0ddc643e0014b083cd472be3b4b": ["20", "com.goodrx.activity.main.MainActivity"]}, {"01bba0ddc643e0014b083cd472be3b4b": ["20", "com.goodrx.activity.main.MainActivity"]}, {"01bba0ddc643e0014b083cd472be3b4b": ["20", "com.goodrx.activity.main.MainActivity"]}, {"89765bb8e27bed25d31b4652aa61061c": ["701", "com.goodrx.activity.main.MainActivity"]}, {"89765bb8e27bed25d31b4652aa61061c": ["701", "com.goodrx.activity.main.MainActivity"]}, {"16b00e7b5ff143a62f7a07079bbcaf8a": ["475", "com.goodrx.activity.main.MainActivity"]}, {"16b00e7b5ff143a62f7a07079bbcaf8a": ["475", "com.goodrx.activity.main.MainActivity"]}, {"16b00e7b5ff143a62f7a07079bbcaf8a": ["475", "com.goodrx.activity.main.MainActivity"]}, {"4dbd3c931e2ba902b3ea338a9933ffb7": ["23", "com.goodrx.activity.main.MainActivity"]}, {"c143c8e07e9be569590a3208184fb661": ["24", "com.goodrx.activity.main.MainActivity"]}, {"4dbd3c931e2ba902b3ea338a9933ffb7": ["23", "com.goodrx.activity.main.MainActivity"]}, {"2d7b70f4ba614298ef1136759150b092": ["51", "com.goodrx.activity.main.MainActivity"]}, {"622b974900b937fb3ef94056066bf1a4": ["22", "com.goodrx.activity.main.MainActivity"]}, {"41d95a1d1c5d5a7aecdcf9664ca46f19": ["172", "com.goodrx.activity.main.MainActivity"]}, {"3b80652ac3d4d949f2d065b708b16b41": ["8", "com.goodrx.activity.ConditionActivity"]}, {"52f4b22e2d10632c9df2a3470735a190": ["484", "com.goodrx.activity.ConditionClassActivity"]}, {"3b80652ac3d4d949f2d065b708b16b41": ["8", "com.goodrx.activity.ConditionActivity"]}, {"2cc05f85342d08a1024ae065f659d031": ["13", "com.goodrx.activity.ConditionClassActivity"]}, {"51cea41127ed4d9775c633820a3c8ae2": ["133", "com.goodrx.activity.ClassDrugActivity"]}, {"9a04d9ec47de9df8ea47839bda2f357f": ["17", "com.goodrx.activity.configure.PrescriptionConfigureActivity"]}, {"9a04d9ec47de9df8ea47839bda2f357f": ["17", "com.goodrx.activity.configure.PrescriptionConfigureActivity"]}, {"9a04d9ec47de9df8ea47839bda2f357f": ["17", "com.goodrx.activity.configure.PrescriptionConfigureActivity"]}, {"96f9682ca9062b915b85076b55975761": ["719", "com.goodrx.activity.configure.PrescriptionConfigureActivity"]}, {"9a04d9ec47de9df8ea47839bda2f357f": ["17", "com.goodrx.activity.configure.PrescriptionConfigureActivity"]}, {"67d9fb1547e61c4fb613eedb5c198a4d": ["720", "com.goodrx.activity.price.PriceActivity"]}, {"9a04d9ec47de9df8ea47839bda2f357f": ["17", "com.goodrx.activity.configure.PrescriptionConfigureActivity"]}, {"7a65e94b29610e3122f8a7886a38751b": ["442", "com.goodrx.activity.price.PriceActivity"]}, {"c62ba7cc7162c744aa8df2fdf5fdb4a9": ["426", "com.goodrx.activity.store.StoreActivity"]}, {"c62ba7cc7162c744aa8df2fdf5fdb4a9": ["426", "com.goodrx.activity.store.StoreActivity"]}, {"6de5aaa30abccdbe4cd96c4eb8d45002": ["186", "com.goodrx.activity.price.PriceActivity"]}, {"96398cfda6f8952a5db519806fc75e37": ["443", "com.goodrx.activity.price.PriceActivity"]}, {"b47c521611982ec967f454077fead41b": ["721", "com.goodrx.activity.main.MainActivity"]}, {"b38ce73b4fe8d0d8555d50e250eda7b1": ["420", "com.goodrx.activity.price.PriceActivity"]}, {"b47c521611982ec967f454077fead41b": ["721", "com.goodrx.activity.main.MainActivity"]}, {"b38ce73b4fe8d0d8555d50e250eda7b1": ["420", "com.goodrx.activity.price.PriceActivity"]}, {"f3654d11a7dc690728cbaeff06cac0a7": ["722", "com.goodrx.activity.main.MainActivity"]}, {"f3654d11a7dc690728cbaeff06cac0a7": ["722", "com.goodrx.activity.main.MainActivity"]}, {"01bba0ddc643e0014b083cd472be3b4b": ["20", "com.goodrx.activity.main.MainActivity"]}, {"01bba0ddc643e0014b083cd472be3b4b": ["20", "com.goodrx.activity.main.MainActivity"]}, {"01bba0ddc643e0014b083cd472be3b4b": ["20", "com.goodrx.activity.main.MainActivity"]}, {"d1f724a44d7352dff9f3882627d4c094": ["74", "com.goodrx.activity.main.MainActivity"]}, {"d1f724a44d7352dff9f3882627d4c094": ["74", "com.goodrx.activity.main.MainActivity"]}, {"d1f724a44d7352dff9f3882627d4c094": ["74", "com.goodrx.activity.main.MainActivity"]}, {"d1f724a44d7352dff9f3882627d4c094": ["74", "com.goodrx.activity.main.MainActivity"]}, {"d1f724a44d7352dff9f3882627d4c094": ["74", "com.goodrx.activity.main.MainActivity"]}, {"c143c8e07e9be569590a3208184fb661": ["24", "com.goodrx.activity.main.MainActivity"]}, {"d1f724a44d7352dff9f3882627d4c094": ["74", "com.goodrx.activity.main.MainActivity"]}, {"d1f724a44d7352dff9f3882627d4c094": ["74", "com.goodrx.activity.main.MainActivity"]}, {"d1f724a44d7352dff9f3882627d4c094": ["74", "com.goodrx.activity.main.MainActivity"]}, {"d1f724a44d7352dff9f3882627d4c094": ["74", "com.goodrx.activity.main.MainActivity"]}, {"2d7b70f4ba614298ef1136759150b092": ["51", "com.goodrx.activity.main.MainActivity"]}, {"d1f724a44d7352dff9f3882627d4c094": ["74", "com.goodrx.activity.main.MainActivity"]}, {"d1f724a44d7352dff9f3882627d4c094": ["74", "com.goodrx.activity.main.MainActivity"]}, {"f3654d11a7dc690728cbaeff06cac0a7": ["722", "com.goodrx.activity.main.MainActivity"]}, {"b1ec82b9ba70caac40fc47542ba20e33": ["437", "com.goodrx.activity.main.MainActivity"]}, {"f3654d11a7dc690728cbaeff06cac0a7": ["722", "com.goodrx.activity.main.MainActivity"]}, {"f3654d11a7dc690728cbaeff06cac0a7": ["722", "com.goodrx.activity.main.MainActivity"]}, {"f3654d11a7dc690728cbaeff06cac0a7": ["722", "com.goodrx.activity.main.MainActivity"]}, {"f3654d11a7dc690728cbaeff06cac0a7": ["722", "com.goodrx.activity.main.MainActivity"]}, {"79e22cfde7061dc7ccda7590b6f5e644": ["723", "com.goodrx.activity.main.MainActivity"]}, {"d88bb03b74c3ebb70fc920765de55551": ["724", "com.goodrx.activity.price.PriceActivity"]}, {"79e22cfde7061dc7ccda7590b6f5e644": ["723", "com.goodrx.activity.main.MainActivity"]}, {"d88bb03b74c3ebb70fc920765de55551": ["724", "com.goodrx.activity.price.PriceActivity"]}, {"79e22cfde7061dc7ccda7590b6f5e644": ["723", "com.goodrx.activity.main.MainActivity"]}, {"b38ce73b4fe8d0d8555d50e250eda7b1": ["420", "com.goodrx.activity.price.PriceActivity"]}, {"c62ba7cc7162c744aa8df2fdf5fdb4a9": ["426", "com.goodrx.activity.store.StoreActivity"]}, {"c62ba7cc7162c744aa8df2fdf5fdb4a9": ["426", "com.goodrx.activity.store.StoreActivity"]}, {"2cb2c25cfbf6447a781160323abc459d": ["718", "com.goodrx.activity.price.PriceActivity"]}, {"262dc800a3189ff3584ea01a3806abdb": ["254", "com.goodrx.activity.price.PriceActivity"]}, {"262dc800a3189ff3584ea01a3806abdb": ["254", "com.goodrx.activity.price.PriceActivity"]}, {"262dc800a3189ff3584ea01a3806abdb": ["254", "com.goodrx.activity.price.PriceActivity"]}, {"2cb2c25cfbf6447a781160323abc459d": ["718", "com.goodrx.activity.price.PriceActivity"]}, {"79e22cfde7061dc7ccda7590b6f5e644": ["723", "com.goodrx.activity.main.MainActivity"]}, {"b38ce73b4fe8d0d8555d50e250eda7b1": ["420", "com.goodrx.activity.price.PriceActivity"]}, {"b38ce73b4fe8d0d8555d50e250eda7b1": ["420", "com.goodrx.activity.price.PriceActivity"]}, {"0042a8b03976b550f006904d29d8019e": ["725", "com.goodrx.activity.main.MainActivity"]}, {"d88bb03b74c3ebb70fc920765de55551": ["724", "com.goodrx.activity.price.PriceActivity"]}, {"c62ba7cc7162c744aa8df2fdf5fdb4a9": ["426", "com.goodrx.activity.store.StoreActivity"]}, {"23e18b4a7a3c1555aba1bcc409b0113a": ["67", "com.goodrx.activity.store.StoreActivity"]}, {"bb540e1c6fad5aa389206f7275062d19": ["68", "com.goodrx.activity.store.StoreActivity"]}, {"c62ba7cc7162c744aa8df2fdf5fdb4a9": ["426", "com.goodrx.activity.store.StoreActivity"]}, {"c62ba7cc7162c744aa8df2fdf5fdb4a9": ["426", "com.goodrx.activity.store.StoreActivity"]}, {"c62ba7cc7162c744aa8df2fdf5fdb4a9": ["426", "com.goodrx.activity.store.StoreActivity"]}, {"d88bb03b74c3ebb70fc920765de55551": ["724", "com.goodrx.activity.price.PriceActivity"]}, {"b47c521611982ec967f454077fead41b": ["721", "com.goodrx.activity.main.MainActivity"]}, {"b38ce73b4fe8d0d8555d50e250eda7b1": ["420", "com.goodrx.activity.price.PriceActivity"]}, {"f3654d11a7dc690728cbaeff06cac0a7": ["722", "com.goodrx.activity.main.MainActivity"]}, {"4dbd3c931e2ba902b3ea338a9933ffb7": ["23", "com.goodrx.activity.main.MainActivity"]}, {"374c4a575a7e30801fc83d7a31784277": ["27", "com.goodrx.activity.main.MainActivity"]}, {"a4e4b3690999a766fd8d8b2dac1d90b9": ["92", "com.goodrx.activity.main.MainActivity"]}, {"2d7b70f4ba614298ef1136759150b092": ["51", "com.goodrx.activity.main.MainActivity"]}, {"7c0a2b666f32841cffa7f22ff32e398f": ["726", "com.goodrx.activity.main.MainActivity"]}, {"7c0a2b666f32841cffa7f22ff32e398f": ["726", "com.goodrx.activity.main.MainActivity"]}, {"cf81fe436fa5b6b8f34e81da2b086013": ["25", "com.goodrx.activity.main.MainActivity"]}, {"54f4b704457769245fc771344e869bbe": ["29", "com.goodrx.activity.main.MainActivity"]}, {"b1ec82b9ba70caac40fc47542ba20e33": ["437", "com.goodrx.activity.main.MainActivity"]}, {"f3654d11a7dc690728cbaeff06cac0a7": ["722", "com.goodrx.activity.main.MainActivity"]}, {"89765bb8e27bed25d31b4652aa61061c": ["701", "com.goodrx.activity.main.MainActivity"]}, {"a4e4b3690999a766fd8d8b2dac1d90b9": ["92", "com.goodrx.activity.main.MainActivity"]}, {"b1ec82b9ba70caac40fc47542ba20e33": ["437", "com.goodrx.activity.main.MainActivity"]}, {"6994365fd50c768af4479b6b16dd0ca3": ["125", "com.goodrx.activity.main.MainActivity"]}, {"521c61f95b564b78371d4632754c9904": ["459", "com.goodrx.activity.price.PriceActivity"]}, {"17983d413647772801c548f863638229": ["727", "com.goodrx.activity.main.MainActivity"]}, {"79e22cfde7061dc7ccda7590b6f5e644": ["723", "com.goodrx.activity.main.MainActivity"]}, {"b38ce73b4fe8d0d8555d50e250eda7b1": ["420", "com.goodrx.activity.price.PriceActivity"]}, {"c62ba7cc7162c744aa8df2fdf5fdb4a9": ["426", "com.goodrx.activity.store.StoreActivity"]}, {"c62ba7cc7162c744aa8df2fdf5fdb4a9": ["426", "com.goodrx.activity.store.StoreActivity"]}, {"23e18b4a7a3c1555aba1bcc409b0113a": ["67", "com.goodrx.activity.store.StoreActivity"]}, {"c62ba7cc7162c744aa8df2fdf5fdb4a9": ["426", "com.goodrx.activity.store.StoreActivity"]}, {"c62ba7cc7162c744aa8df2fdf5fdb4a9": ["426", "com.goodrx.activity.store.StoreActivity"]}, {"4fb1f0d43958a21d18ffd71543207638": ["66", "com.goodrx.activity.store.StoreActivity"]}, {"c62ba7cc7162c744aa8df2fdf5fdb4a9": ["426", "com.goodrx.activity.store.StoreActivity"]}, {"4fb1f0d43958a21d18ffd71543207638": ["66", "com.goodrx.activity.store.StoreActivity"]}, {"c62ba7cc7162c744aa8df2fdf5fdb4a9": ["426", "com.goodrx.activity.store.StoreActivity"]}, {"c62ba7cc7162c744aa8df2fdf5fdb4a9": ["426", "com.goodrx.activity.store.StoreActivity"]}, {"c62ba7cc7162c744aa8df2fdf5fdb4a9": ["426", "com.goodrx.activity.store.StoreActivity"]}, {"c62ba7cc7162c744aa8df2fdf5fdb4a9": ["426", "com.goodrx.activity.store.StoreActivity"]}, {"b38ce73b4fe8d0d8555d50e250eda7b1": ["420", "com.goodrx.activity.price.PriceActivity"]}, {"79e22cfde7061dc7ccda7590b6f5e644": ["723", "com.goodrx.activity.main.MainActivity"]}, {"dd977ec2d3e699d5be149b1d374665fa": ["728", "com.goodrx.activity.price.PriceActivity"]}, {"79e22cfde7061dc7ccda7590b6f5e644": ["723", "com.goodrx.activity.main.MainActivity"]}, {"79e22cfde7061dc7ccda7590b6f5e644": ["723", "com.goodrx.activity.main.MainActivity"]}, {"d88bb03b74c3ebb70fc920765de55551": ["724", "com.goodrx.activity.price.PriceActivity"]}, {"d88bb03b74c3ebb70fc920765de55551": ["724", "com.goodrx.activity.price.PriceActivity"]}, {"f3654d11a7dc690728cbaeff06cac0a7": ["722", "com.goodrx.activity.main.MainActivity"]}, {"4dbd3c931e2ba902b3ea338a9933ffb7": ["23", "com.goodrx.activity.main.MainActivity"]}, {"374c4a575a7e30801fc83d7a31784277": ["27", "com.goodrx.activity.main.MainActivity"]}, {"b1ec82b9ba70caac40fc47542ba20e33": ["437", "com.goodrx.activity.main.MainActivity"]}, {"f3654d11a7dc690728cbaeff06cac0a7": ["722", "com.goodrx.activity.main.MainActivity"]}, {"f3654d11a7dc690728cbaeff06cac0a7": ["722", "com.goodrx.activity.main.MainActivity"]}, {"f3654d11a7dc690728cbaeff06cac0a7": ["722", "com.goodrx.activity.main.MainActivity"]}, {"f3654d11a7dc690728cbaeff06cac0a7": ["722", "com.goodrx.activity.main.MainActivity"]}, {"f3654d11a7dc690728cbaeff06cac0a7": ["722", "com.goodrx.activity.main.MainActivity"]}, {"622b974900b937fb3ef94056066bf1a4": ["22", "com.goodrx.activity.main.MainActivity"]}, {"622b974900b937fb3ef94056066bf1a4": ["22", "com.goodrx.activity.main.MainActivity"]}, {"7b32c8a981432513243f16d840c4ed34": ["173", "com.goodrx.activity.main.MainActivity"]}, {"79e22cfde7061dc7ccda7590b6f5e644": ["723", "com.goodrx.activity.main.MainActivity"]}, {"b38ce73b4fe8d0d8555d50e250eda7b1": ["420", "com.goodrx.activity.price.PriceActivity"]}, {"79e22cfde7061dc7ccda7590b6f5e644": ["723", "com.goodrx.activity.main.MainActivity"]}, {"b38ce73b4fe8d0d8555d50e250eda7b1": ["420", "com.goodrx.activity.price.PriceActivity"]}, {"c62ba7cc7162c744aa8df2fdf5fdb4a9": ["426", "com.goodrx.activity.store.StoreActivity"]}, {"c62ba7cc7162c744aa8df2fdf5fdb4a9": ["426", "com.goodrx.activity.store.StoreActivity"]}, {"23e18b4a7a3c1555aba1bcc409b0113a": ["67", "com.goodrx.activity.store.StoreActivity"]}, {"c62ba7cc7162c744aa8df2fdf5fdb4a9": ["426", "com.goodrx.activity.store.StoreActivity"]}, {"4fb1f0d43958a21d18ffd71543207638": ["66", "com.goodrx.activity.store.StoreActivity"]}, {"c62ba7cc7162c744aa8df2fdf5fdb4a9": ["426", "com.goodrx.activity.store.StoreActivity"]}, {"c62ba7cc7162c744aa8df2fdf5fdb4a9": ["426", "com.goodrx.activity.store.StoreActivity"]}, {"23e18b4a7a3c1555aba1bcc409b0113a": ["67", "com.goodrx.activity.store.StoreActivity"]}, {"c62ba7cc7162c744aa8df2fdf5fdb4a9": ["426", "com.goodrx.activity.store.StoreActivity"]}, {"b38ce73b4fe8d0d8555d50e250eda7b1": ["420", "com.goodrx.activity.price.PriceActivity"]}, {"79e22cfde7061dc7ccda7590b6f5e644": ["723", "com.goodrx.activity.main.MainActivity"]}, {"b38ce73b4fe8d0d8555d50e250eda7b1": ["420", "com.goodrx.activity.price.PriceActivity"]}, {"c62ba7cc7162c744aa8df2fdf5fdb4a9": ["426", "com.goodrx.activity.store.StoreActivity"]}, {"c62ba7cc7162c744aa8df2fdf5fdb4a9": ["426", "com.goodrx.activity.store.StoreActivity"]}, {"b38ce73b4fe8d0d8555d50e250eda7b1": ["420", "com.goodrx.activity.price.PriceActivity"]}, {"c62ba7cc7162c744aa8df2fdf5fdb4a9": ["426", "com.goodrx.activity.store.StoreActivity"]}, {"c62ba7cc7162c744aa8df2fdf5fdb4a9": ["426", "com.goodrx.activity.store.StoreActivity"]}, {"c62ba7cc7162c744aa8df2fdf5fdb4a9": ["426", "com.goodrx.activity.store.StoreActivity"]}, {"b38ce73b4fe8d0d8555d50e250eda7b1": ["420", "com.goodrx.activity.price.PriceActivity"]}, {"c62ba7cc7162c744aa8df2fdf5fdb4a9": ["426", "com.goodrx.activity.store.StoreActivity"]}, {"c62ba7cc7162c744aa8df2fdf5fdb4a9": ["426", "com.goodrx.activity.store.StoreActivity"]}, {"c62ba7cc7162c744aa8df2fdf5fdb4a9": ["426", "com.goodrx.activity.store.StoreActivity"]}, {"b38ce73b4fe8d0d8555d50e250eda7b1": ["420", "com.goodrx.activity.price.PriceActivity"]}, {"c62ba7cc7162c744aa8df2fdf5fdb4a9": ["426", "com.goodrx.activity.store.StoreActivity"]}, {"c62ba7cc7162c744aa8df2fdf5fdb4a9": ["426", "com.goodrx.activity.store.StoreActivity"]}, {"c62ba7cc7162c744aa8df2fdf5fdb4a9": ["426", "com.goodrx.activity.store.StoreActivity"]}, {"c62ba7cc7162c744aa8df2fdf5fdb4a9": ["426", "com.goodrx.activity.store.StoreActivity"]}, {"4bc869aae3892dcb15c22972a90c01cb": ["65", "com.goodrx.activity.store.StoreActivity"]}, {"c62ba7cc7162c744aa8df2fdf5fdb4a9": ["426", "com.goodrx.activity.store.StoreActivity"]}, {"b38ce73b4fe8d0d8555d50e250eda7b1": ["420", "com.goodrx.activity.price.PriceActivity"]}, {"c62ba7cc7162c744aa8df2fdf5fdb4a9": ["426", "com.goodrx.activity.store.StoreActivity"]}, {"23e18b4a7a3c1555aba1bcc409b0113a": ["67", "com.goodrx.activity.store.StoreActivity"]}, {"bb540e1c6fad5aa389206f7275062d19": ["68", "com.goodrx.activity.store.StoreActivity"]}, {"c62ba7cc7162c744aa8df2fdf5fdb4a9": ["426", "com.goodrx.activity.store.StoreActivity"]}, {"c62ba7cc7162c744aa8df2fdf5fdb4a9": ["426", "com.goodrx.activity.store.StoreActivity"]}, {"c62ba7cc7162c744aa8df2fdf5fdb4a9": ["426", "com.goodrx.activity.store.StoreActivity"]}, {"c62ba7cc7162c744aa8df2fdf5fdb4a9": ["426", "com.goodrx.activity.store.StoreActivity"]}, {"4fb1f0d43958a21d18ffd71543207638": ["66", "com.goodrx.activity.store.StoreActivity"]}, {"c62ba7cc7162c744aa8df2fdf5fdb4a9": ["426", "com.goodrx.activity.store.StoreActivity"]}, {"c62ba7cc7162c744aa8df2fdf5fdb4a9": ["426", "com.goodrx.activity.store.StoreActivity"]}, {"4fb1f0d43958a21d18ffd71543207638": ["66", "com.goodrx.activity.store.StoreActivity"]}, {"c62ba7cc7162c744aa8df2fdf5fdb4a9": ["426", "com.goodrx.activity.store.StoreActivity"]}, {"b38ce73b4fe8d0d8555d50e250eda7b1": ["420", "com.goodrx.activity.price.PriceActivity"]}, {"c62ba7cc7162c744aa8df2fdf5fdb4a9": ["426", "com.goodrx.activity.store.StoreActivity"]}, {"c62ba7cc7162c744aa8df2fdf5fdb4a9": ["426", "com.goodrx.activity.store.StoreActivity"]}, {"4bc869aae3892dcb15c22972a90c01cb": ["65", "com.goodrx.activity.store.StoreActivity"]}, {"c62ba7cc7162c744aa8df2fdf5fdb4a9": ["426", "com.goodrx.activity.store.StoreActivity"]}, {"c62ba7cc7162c744aa8df2fdf5fdb4a9": ["426", "com.goodrx.activity.store.StoreActivity"]}, {"b38ce73b4fe8d0d8555d50e250eda7b1": ["420", "com.goodrx.activity.price.PriceActivity"]}, {"c62ba7cc7162c744aa8df2fdf5fdb4a9": ["426", "com.goodrx.activity.store.StoreActivity"]}, {"4fb1f0d43958a21d18ffd71543207638": ["66", "com.goodrx.activity.store.StoreActivity"]}, {"c62ba7cc7162c744aa8df2fdf5fdb4a9": ["426", "com.goodrx.activity.store.StoreActivity"]}, {"23e18b4a7a3c1555aba1bcc409b0113a": ["67", "com.goodrx.activity.store.StoreActivity"]}, {"c62ba7cc7162c744aa8df2fdf5fdb4a9": ["426", "com.goodrx.activity.store.StoreActivity"]}, {"23e18b4a7a3c1555aba1bcc409b0113a": ["67", "com.goodrx.activity.store.StoreActivity"]}, {"c62ba7cc7162c744aa8df2fdf5fdb4a9": ["426", "com.goodrx.activity.store.StoreActivity"]}, {"23e18b4a7a3c1555aba1bcc409b0113a": ["67", "com.goodrx.activity.store.StoreActivity"]}, {"bb540e1c6fad5aa389206f7275062d19": ["68", "com.goodrx.activity.store.StoreActivity"]}, {"c62ba7cc7162c744aa8df2fdf5fdb4a9": ["426", "com.goodrx.activity.store.StoreActivity"]}, {"23e18b4a7a3c1555aba1bcc409b0113a": ["67", "com.goodrx.activity.store.StoreActivity"]}, {"c62ba7cc7162c744aa8df2fdf5fdb4a9": ["426", "com.goodrx.activity.store.StoreActivity"]}, {"23e18b4a7a3c1555aba1bcc409b0113a": ["67", "com.goodrx.activity.store.StoreActivity"]}, {"c62ba7cc7162c744aa8df2fdf5fdb4a9": ["426", "com.goodrx.activity.store.StoreActivity"]}, {"b38ce73b4fe8d0d8555d50e250eda7b1": ["420", "com.goodrx.activity.price.PriceActivity"]}, {"c62ba7cc7162c744aa8df2fdf5fdb4a9": ["426", "com.goodrx.activity.store.StoreActivity"]}, {"c62ba7cc7162c744aa8df2fdf5fdb4a9": ["426", "com.goodrx.activity.store.StoreActivity"]}, {"c62ba7cc7162c744aa8df2fdf5fdb4a9": ["426", "com.goodrx.activity.store.StoreActivity"]}, {"c62ba7cc7162c744aa8df2fdf5fdb4a9": ["426", "com.goodrx.activity.store.StoreActivity"]}, {"23e18b4a7a3c1555aba1bcc409b0113a": ["67", "com.goodrx.activity.store.StoreActivity"]}, {"c62ba7cc7162c744aa8df2fdf5fdb4a9": ["426", "com.goodrx.activity.store.StoreActivity"]}, {"23e18b4a7a3c1555aba1bcc409b0113a": ["67", "com.goodrx.activity.store.StoreActivity"]}, {"c62ba7cc7162c744aa8df2fdf5fdb4a9": ["426", "com.goodrx.activity.store.StoreActivity"]}, {"c62ba7cc7162c744aa8df2fdf5fdb4a9": ["426", "com.goodrx.activity.store.StoreActivity"]}, {"c62ba7cc7162c744aa8df2fdf5fdb4a9": ["426", "com.goodrx.activity.store.StoreActivity"]}, {"b38ce73b4fe8d0d8555d50e250eda7b1": ["420", "com.goodrx.activity.price.PriceActivity"]}, {"f3654d11a7dc690728cbaeff06cac0a7": ["722", "com.goodrx.activity.main.MainActivity"]}, {"4dbd3c931e2ba902b3ea338a9933ffb7": ["23", "com.goodrx.activity.main.MainActivity"]}, {"f3654d11a7dc690728cbaeff06cac0a7": ["722", "com.goodrx.activity.main.MainActivity"]}, {"4dbd3c931e2ba902b3ea338a9933ffb7": ["23", "com.goodrx.activity.main.MainActivity"]}, {"cf81fe436fa5b6b8f34e81da2b086013": ["25", "com.goodrx.activity.main.MainActivity"]}, {"54f4b704457769245fc771344e869bbe": ["29", "com.goodrx.activity.main.MainActivity"]}, {"54f4b704457769245fc771344e869bbe": ["29", "com.goodrx.activity.main.MainActivity"]}, {"4dbd3c931e2ba902b3ea338a9933ffb7": ["23", "com.goodrx.activity.main.MainActivity"]}, {"b1ec82b9ba70caac40fc47542ba20e33": ["437", "com.goodrx.activity.main.MainActivity"]}, {"00c2f3f9237008bf998320bd2c6a880c": ["1", "com.goodrx.activity.main.MainActivity"]}, {"3b80652ac3d4d949f2d065b708b16b41": ["8", "com.goodrx.activity.ConditionActivity"]}, {"26b1631dd37373886ae72a00de70379a": ["70", "com.goodrx.activity.ConditionClassActivity"]}, {"f72cb103509fd77e7eebe0193a3504dd": ["71", "com.goodrx.activity.ClassDrugActivity"]}, {"d3effde2b15d755690e74f758469f9ed": ["222", "com.goodrx.activity.configure.PrescriptionConfigureActivity"]}, {"8412f9823b12691fe1d86d3b5180f726": ["337", "com.goodrx.activity.configure.PrescriptionConfigureActivity"]}, {"d3effde2b15d755690e74f758469f9ed": ["222", "com.goodrx.activity.configure.PrescriptionConfigureActivity"]}, {"d3effde2b15d755690e74f758469f9ed": ["222", "com.goodrx.activity.configure.PrescriptionConfigureActivity"]}, {"b41ca5e16f3e41663e54bd39b4420dfd": ["16", "com.goodrx.activity.configure.PrescriptionConfigureActivity"]}, {"2675aeb4fb809e9be1f15857c0fdbb69": ["314", "com.goodrx.activity.configure.PrescriptionConfigureActivity"]}, {"2675aeb4fb809e9be1f15857c0fdbb69": ["314", "com.goodrx.activity.configure.PrescriptionConfigureActivity"]}, {"485c244bd31e47d8dfa29b08447867f5": ["111", "com.goodrx.activity.configure.PrescriptionConfigureActivity"]}, {"2675aeb4fb809e9be1f15857c0fdbb69": ["314", "com.goodrx.activity.configure.PrescriptionConfigureActivity"]}, {"7a65e94b29610e3122f8a7886a38751b": ["442", "com.goodrx.activity.price.PriceActivity"]}, {"c62ba7cc7162c744aa8df2fdf5fdb4a9": ["426", "com.goodrx.activity.store.StoreActivity"]}, {"c62ba7cc7162c744aa8df2fdf5fdb4a9": ["426", "com.goodrx.activity.store.StoreActivity"]}, {"c62ba7cc7162c744aa8df2fdf5fdb4a9": ["426", "com.goodrx.activity.store.StoreActivity"]}, {"c62ba7cc7162c744aa8df2fdf5fdb4a9": ["426", "com.goodrx.activity.store.StoreActivity"]}, {"c62ba7cc7162c744aa8df2fdf5fdb4a9": ["426", "com.goodrx.activity.store.StoreActivity"]}, {"c62ba7cc7162c744aa8df2fdf5fdb4a9": ["426", "com.goodrx.activity.store.StoreActivity"]}, {"6de5aaa30abccdbe4cd96c4eb8d45002": ["186", "com.goodrx.activity.price.PriceActivity"]}, {"96398cfda6f8952a5db519806fc75e37": ["443", "com.goodrx.activity.price.PriceActivity"]}, {"c62ba7cc7162c744aa8df2fdf5fdb4a9": ["426", "com.goodrx.activity.store.StoreActivity"]}, {"c62ba7cc7162c744aa8df2fdf5fdb4a9": ["426", "com.goodrx.activity.store.StoreActivity"]}, {"c62ba7cc7162c744aa8df2fdf5fdb4a9": ["426", "com.goodrx.activity.store.StoreActivity"]}, {"c62ba7cc7162c744aa8df2fdf5fdb4a9": ["426", "com.goodrx.activity.store.StoreActivity"]}, {"c62ba7cc7162c744aa8df2fdf5fdb4a9": ["426", "com.goodrx.activity.store.StoreActivity"]}, {"c62ba7cc7162c744aa8df2fdf5fdb4a9": ["426", "com.goodrx.activity.store.StoreActivity"]}, {"c62ba7cc7162c744aa8df2fdf5fdb4a9": ["426", "com.goodrx.activity.store.StoreActivity"]}, {"23e18b4a7a3c1555aba1bcc409b0113a": ["67", "com.goodrx.activity.store.StoreActivity"]}, {"c62ba7cc7162c744aa8df2fdf5fdb4a9": ["426", "com.goodrx.activity.store.StoreActivity"]}, {"4bc869aae3892dcb15c22972a90c01cb": ["65", "com.goodrx.activity.store.StoreActivity"]}, {"c62ba7cc7162c744aa8df2fdf5fdb4a9": ["426", "com.goodrx.activity.store.StoreActivity"]}, {"c62ba7cc7162c744aa8df2fdf5fdb4a9": ["426", "com.goodrx.activity.store.StoreActivity"]}, {"c62ba7cc7162c744aa8df2fdf5fdb4a9": ["426", "com.goodrx.activity.store.StoreActivity"]}, {"c62ba7cc7162c744aa8df2fdf5fdb4a9": ["426", "com.goodrx.activity.store.StoreActivity"]}, {"c62ba7cc7162c744aa8df2fdf5fdb4a9": ["426", "com.goodrx.activity.store.StoreActivity"]}, {"4fb1f0d43958a21d18ffd71543207638": ["66", "com.goodrx.activity.store.StoreActivity"]}, {"c62ba7cc7162c744aa8df2fdf5fdb4a9": ["426", "com.goodrx.activity.store.StoreActivity"]}, {"96398cfda6f8952a5db519806fc75e37": ["443", "com.goodrx.activity.price.PriceActivity"]}, {"c62ba7cc7162c744aa8df2fdf5fdb4a9": ["426", "com.goodrx.activity.store.StoreActivity"]}, {"c62ba7cc7162c744aa8df2fdf5fdb4a9": ["426", "com.goodrx.activity.store.StoreActivity"]}, {"580071914dc6148a10b6d9b79108fa6e": ["508", "com.goodrx.activity.store.StoreActivity"]}, {"580071914dc6148a10b6d9b79108fa6e": ["508", "com.goodrx.activity.store.StoreActivity"]}, {"580071914dc6148a10b6d9b79108fa6e": ["508", "com.goodrx.activity.store.StoreActivity"]}, {"4fb1f0d43958a21d18ffd71543207638": ["66", "com.goodrx.activity.store.StoreActivity"]}, {"580071914dc6148a10b6d9b79108fa6e": ["508", "com.goodrx.activity.store.StoreActivity"]}, {"4fb1f0d43958a21d18ffd71543207638": ["66", "com.goodrx.activity.store.StoreActivity"]}, {"580071914dc6148a10b6d9b79108fa6e": ["508", "com.goodrx.activity.store.StoreActivity"]}, {"23e18b4a7a3c1555aba1bcc409b0113a": ["67", "com.goodrx.activity.store.StoreActivity"]}, {"bb540e1c6fad5aa389206f7275062d19": ["68", "com.goodrx.activity.store.StoreActivity"]}, {"580071914dc6148a10b6d9b79108fa6e": ["508", "com.goodrx.activity.store.StoreActivity"]}, {"580071914dc6148a10b6d9b79108fa6e": ["508", "com.goodrx.activity.store.StoreActivity"]}, {"580071914dc6148a10b6d9b79108fa6e": ["508", "com.goodrx.activity.store.StoreActivity"]}, {"580071914dc6148a10b6d9b79108fa6e": ["508", "com.goodrx.activity.store.StoreActivity"]}, {"580071914dc6148a10b6d9b79108fa6e": ["508", "com.goodrx.activity.store.StoreActivity"]}, {"580071914dc6148a10b6d9b79108fa6e": ["508", "com.goodrx.activity.store.StoreActivity"]}, {"4bc869aae3892dcb15c22972a90c01cb": ["65", "com.goodrx.activity.store.StoreActivity"]}, {"580071914dc6148a10b6d9b79108fa6e": ["508", "com.goodrx.activity.store.StoreActivity"]}, {"580071914dc6148a10b6d9b79108fa6e": ["508", "com.goodrx.activity.store.StoreActivity"]}, {"96398cfda6f8952a5db519806fc75e37": ["443", "com.goodrx.activity.price.PriceActivity"]}, {"2675aeb4fb809e9be1f15857c0fdbb69": ["314", "com.goodrx.activity.configure.PrescriptionConfigureActivity"]}, {"3e2f75db7a6d65ad17131287f3922004": ["510", "com.goodrx.activity.price.PriceActivity"]}, {"3e2f75db7a6d65ad17131287f3922004": ["510", "com.goodrx.activity.price.PriceActivity"]}, {"3e2f75db7a6d65ad17131287f3922004": ["510", "com.goodrx.activity.price.PriceActivity"]}, {"c62ba7cc7162c744aa8df2fdf5fdb4a9": ["426", "com.goodrx.activity.store.StoreActivity"]}, {"c62ba7cc7162c744aa8df2fdf5fdb4a9": ["426", "com.goodrx.activity.store.StoreActivity"]}, {"23e18b4a7a3c1555aba1bcc409b0113a": ["67", "com.goodrx.activity.store.StoreActivity"]}, {"bb540e1c6fad5aa389206f7275062d19": ["68", "com.goodrx.activity.store.StoreActivity"]}, {"c62ba7cc7162c744aa8df2fdf5fdb4a9": ["426", "com.goodrx.activity.store.StoreActivity"]}, {"4fb1f0d43958a21d18ffd71543207638": ["66", "com.goodrx.activity.store.StoreActivity"]}, {"c62ba7cc7162c744aa8df2fdf5fdb4a9": ["426", "com.goodrx.activity.store.StoreActivity"]}, {"c62ba7cc7162c744aa8df2fdf5fdb4a9": ["426", "com.goodrx.activity.store.StoreActivity"]}, {"3e2f75db7a6d65ad17131287f3922004": ["510", "com.goodrx.activity.price.PriceActivity"]}, {"2675aeb4fb809e9be1f15857c0fdbb69": ["314", "com.goodrx.activity.configure.PrescriptionConfigureActivity"]}, {"2675aeb4fb809e9be1f15857c0fdbb69": ["314", "com.goodrx.activity.configure.PrescriptionConfigureActivity"]}, {"f72cb103509fd77e7eebe0193a3504dd": ["71", "com.goodrx.activity.ClassDrugActivity"]}, {"ddc2b72e0e01daa53d906ce5ea63c479": ["15", "com.goodrx.activity.configure.PrescriptionConfigureActivity"]}, {"bcc7665ed5e8384b274016f3ed7a24f2": ["176", "com.goodrx.activity.price.PriceActivity"]}, {"1fe2ddc651c1ae520ca8911114a54d2d": ["729", "com.goodrx.activity.main.MainActivity"]}, {"4dbd3c931e2ba902b3ea338a9933ffb7": ["23", "com.goodrx.activity.main.MainActivity"]}, {"1fe2ddc651c1ae520ca8911114a54d2d": ["729", "com.goodrx.activity.main.MainActivity"]}, {"1fe2ddc651c1ae520ca8911114a54d2d": ["729", "com.goodrx.activity.main.MainActivity"]}, {"4dbd3c931e2ba902b3ea338a9933ffb7": ["23", "com.goodrx.activity.main.MainActivity"]}, {"35bd5c7d488009a3ccc44c3ce43c4ad8": ["21", "com.goodrx.activity.main.MainActivity"]}, {"9c19f75eb1a1a20dbb62e3a3f6caf9bc": ["30", "com.goodrx.activity.main.MainActivity"]}, {"f605e2afb8676bf284b10cfa58205be5": ["72", "com.goodrx.activity.price.PriceActivity"]}, {"72a4f048233f10365a5a3a08e64e96d3": ["384", "com.goodrx.activity.price.PriceActivity"]}, {"f605e2afb8676bf284b10cfa58205be5": ["72", "com.goodrx.activity.price.PriceActivity"]}, {"2d8d56caa1d6885a4fd54bb1ebcc2830": ["730", "com.goodrx.activity.store.StoreActivity"]}, {"f605e2afb8676bf284b10cfa58205be5": ["72", "com.goodrx.activity.price.PriceActivity"]}, {"13ca384d1c50c0dcd09d9763e777bc3c": ["731", "com.goodrx.activity.price.PriceActivity"]}, {"82a79a85c2d8f714a8c5be6193e01e48": ["232", "com.goodrx.activity.SavingsDetailActivity"]}, {"f605e2afb8676bf284b10cfa58205be5": ["72", "com.goodrx.activity.price.PriceActivity"]}, {"f605e2afb8676bf284b10cfa58205be5": ["72", "com.goodrx.activity.price.PriceActivity"]}, {"c62ba7cc7162c744aa8df2fdf5fdb4a9": ["426", "com.goodrx.activity.store.StoreActivity"]}, {"580071914dc6148a10b6d9b79108fa6e": ["508", "com.goodrx.activity.store.StoreActivity"]}, {"580071914dc6148a10b6d9b79108fa6e": ["508", "com.goodrx.activity.store.StoreActivity"]}, {"580071914dc6148a10b6d9b79108fa6e": ["508", "com.goodrx.activity.store.StoreActivity"]}, {"4bc869aae3892dcb15c22972a90c01cb": ["65", "com.goodrx.activity.store.StoreActivity"]}, {"580071914dc6148a10b6d9b79108fa6e": ["508", "com.goodrx.activity.store.StoreActivity"]}, {"f605e2afb8676bf284b10cfa58205be5": ["72", "com.goodrx.activity.price.PriceActivity"]}, {"b1ec82b9ba70caac40fc47542ba20e33": ["437", "com.goodrx.activity.main.MainActivity"]}, {"337857f0f7d7a24f80c176cf9e36b179": ["732", "com.goodrx.activity.main.MainActivity"]}, {"71345369ded28f24131a98b2cc39ceec": ["733", "com.goodrx.activity.main.MainActivity"]}, {"71345369ded28f24131a98b2cc39ceec": ["733", "com.goodrx.activity.main.MainActivity"]}, {"71345369ded28f24131a98b2cc39ceec": ["733", "com.goodrx.activity.main.MainActivity"]}, {"a4e4b3690999a766fd8d8b2dac1d90b9": ["92", "com.goodrx.activity.main.MainActivity"]}, {"a4e4b3690999a766fd8d8b2dac1d90b9": ["92", "com.goodrx.activity.main.MainActivity"]}, {"a4e4b3690999a766fd8d8b2dac1d90b9": ["92", "com.goodrx.activity.main.MainActivity"]}, {"b1ec82b9ba70caac40fc47542ba20e33": ["437", "com.goodrx.activity.main.MainActivity"]}, {"780a9aa9e93cd9a98e0380f00e1bd98c": ["734", "com.goodrx.activity.main.MainActivity"]}, {"622b974900b937fb3ef94056066bf1a4": ["22", "com.goodrx.activity.main.MainActivity"]}, {"f0eb26106b563cbe9c28b97cbf9a973a": ["532", "com.goodrx.activity.main.MainActivity"]}, {"622b974900b937fb3ef94056066bf1a4": ["22", "com.goodrx.activity.main.MainActivity"]}, {"c143c8e07e9be569590a3208184fb661": ["24", "com.goodrx.activity.main.MainActivity"]}, {"7b32c8a981432513243f16d840c4ed34": ["173", "com.goodrx.activity.main.MainActivity"]}, {"f0eb26106b563cbe9c28b97cbf9a973a": ["532", "com.goodrx.activity.main.MainActivity"]}, {"7b32c8a981432513243f16d840c4ed34": ["173", "com.goodrx.activity.main.MainActivity"]}]