[{"69c9e29a4b4fd3a6aebae4a4ec311208": ["0", "com.goodrx.activity.main.StartActivity"]}, {"41d95a1d1c5d5a7aecdcf9664ca46f19": ["172", "com.goodrx.activity.main.MainActivity"]}, {"41d95a1d1c5d5a7aecdcf9664ca46f19": ["172", "com.goodrx.activity.main.MainActivity"]}, {"41d95a1d1c5d5a7aecdcf9664ca46f19": ["172", "com.goodrx.activity.main.MainActivity"]}, {"41d95a1d1c5d5a7aecdcf9664ca46f19": ["172", "com.goodrx.activity.main.MainActivity"]}, {"01bba0ddc643e0014b083cd472be3b4b": ["20", "com.goodrx.activity.main.MainActivity"]}, {"d1f724a44d7352dff9f3882627d4c094": ["74", "com.goodrx.activity.main.MainActivity"]}, {"d1f724a44d7352dff9f3882627d4c094": ["74", "com.goodrx.activity.main.MainActivity"]}, {"35bd5c7d488009a3ccc44c3ce43c4ad8": ["21", "com.goodrx.activity.main.MainActivity"]}, {"d1f724a44d7352dff9f3882627d4c094": ["74", "com.goodrx.activity.main.MainActivity"]}, {"c143c8e07e9be569590a3208184fb661": ["24", "com.goodrx.activity.main.MainActivity"]}, {"d1f724a44d7352dff9f3882627d4c094": ["74", "com.goodrx.activity.main.MainActivity"]}, {"d1f724a44d7352dff9f3882627d4c094": ["74", "com.goodrx.activity.main.MainActivity"]}, {"2d7b70f4ba614298ef1136759150b092": ["51", "com.goodrx.activity.main.MainActivity"]}, {"d1f724a44d7352dff9f3882627d4c094": ["74", "com.goodrx.activity.main.MainActivity"]}, {"d1f724a44d7352dff9f3882627d4c094": ["74", "com.goodrx.activity.main.MainActivity"]}, {"d1f724a44d7352dff9f3882627d4c094": ["74", "com.goodrx.activity.main.MainActivity"]}, {"d1f724a44d7352dff9f3882627d4c094": ["74", "com.goodrx.activity.main.MainActivity"]}, {"bcc7665ed5e8384b274016f3ed7a24f2": ["176", "com.goodrx.activity.price.PriceActivity"]}, {"d1f724a44d7352dff9f3882627d4c094": ["74", "com.goodrx.activity.main.MainActivity"]}, {"d1f724a44d7352dff9f3882627d4c094": ["74", "com.goodrx.activity.main.MainActivity"]}, {"d1f724a44d7352dff9f3882627d4c094": ["74", "com.goodrx.activity.main.MainActivity"]}, {"d1f724a44d7352dff9f3882627d4c094": ["74", "com.goodrx.activity.main.MainActivity"]}, {"d1f724a44d7352dff9f3882627d4c094": ["74", "com.goodrx.activity.main.MainActivity"]}, {"bcc7665ed5e8384b274016f3ed7a24f2": ["176", "com.goodrx.activity.price.PriceActivity"]}, {"c62ba7cc7162c744aa8df2fdf5fdb4a9": ["426", "com.goodrx.activity.store.StoreActivity"]}, {"c62ba7cc7162c744aa8df2fdf5fdb4a9": ["426", "com.goodrx.activity.store.StoreActivity"]}, {"23e18b4a7a3c1555aba1bcc409b0113a": ["67", "com.goodrx.activity.store.StoreActivity"]}, {"c62ba7cc7162c744aa8df2fdf5fdb4a9": ["426", "com.goodrx.activity.store.StoreActivity"]}, {"c62ba7cc7162c744aa8df2fdf5fdb4a9": ["426", "com.goodrx.activity.store.StoreActivity"]}, {"c62ba7cc7162c744aa8df2fdf5fdb4a9": ["426", "com.goodrx.activity.store.StoreActivity"]}, {"4fb1f0d43958a21d18ffd71543207638": ["66", "com.goodrx.activity.store.StoreActivity"]}, {"c62ba7cc7162c744aa8df2fdf5fdb4a9": ["426", "com.goodrx.activity.store.StoreActivity"]}, {"23e18b4a7a3c1555aba1bcc409b0113a": ["67", "com.goodrx.activity.store.StoreActivity"]}, {"c62ba7cc7162c744aa8df2fdf5fdb4a9": ["426", "com.goodrx.activity.store.StoreActivity"]}, {"bcc7665ed5e8384b274016f3ed7a24f2": ["176", "com.goodrx.activity.price.PriceActivity"]}, {"b1ec82b9ba70caac40fc47542ba20e33": ["437", "com.goodrx.activity.main.MainActivity"]}, {"93f4017a875a363b1352b9602a462107": ["19", "com.goodrx.activity.main.MainActivity"]}, {"93f4017a875a363b1352b9602a462107": ["19", "com.goodrx.activity.main.MainActivity"]}, {"93f4017a875a363b1352b9602a462107": ["19", "com.goodrx.activity.main.MainActivity"]}, {"93f4017a875a363b1352b9602a462107": ["19", "com.goodrx.activity.main.MainActivity"]}, {"41d95a1d1c5d5a7aecdcf9664ca46f19": ["172", "com.goodrx.activity.main.MainActivity"]}, {"41d95a1d1c5d5a7aecdcf9664ca46f19": ["172", "com.goodrx.activity.main.MainActivity"]}, {"47c4edd00b6a594fd927d2d100dc8d47": ["76", "com.goodrx.activity.pillid.PillIdActivity"]}, {"0620d709b0e12710746ba27ec4955746": ["77", "com.goodrx.activity.pillid.PillIdActivity"]}, {"41d95a1d1c5d5a7aecdcf9664ca46f19": ["172", "com.goodrx.activity.main.MainActivity"]}, {"47c4edd00b6a594fd927d2d100dc8d47": ["76", "com.goodrx.activity.pillid.PillIdActivity"]}, {"0620d709b0e12710746ba27ec4955746": ["77", "com.goodrx.activity.pillid.PillIdActivity"]}, {"0620d709b0e12710746ba27ec4955746": ["77", "com.goodrx.activity.pillid.PillIdActivity"]}, {"0620d709b0e12710746ba27ec4955746": ["77", "com.goodrx.activity.pillid.PillIdActivity"]}, {"0620d709b0e12710746ba27ec4955746": ["77", "com.goodrx.activity.pillid.PillIdActivity"]}, {"0620d709b0e12710746ba27ec4955746": ["77", "com.goodrx.activity.pillid.PillIdActivity"]}, {"0620d709b0e12710746ba27ec4955746": ["77", "com.goodrx.activity.pillid.PillIdActivity"]}, {"0620d709b0e12710746ba27ec4955746": ["77", "com.goodrx.activity.pillid.PillIdActivity"]}, {"0620d709b0e12710746ba27ec4955746": ["77", "com.goodrx.activity.pillid.PillIdActivity"]}, {"93f4017a875a363b1352b9602a462107": ["19", "com.goodrx.activity.main.MainActivity"]}, {"01bba0ddc643e0014b083cd472be3b4b": ["20", "com.goodrx.activity.main.MainActivity"]}, {"01bba0ddc643e0014b083cd472be3b4b": ["20", "com.goodrx.activity.main.MainActivity"]}, {"01bba0ddc643e0014b083cd472be3b4b": ["20", "com.goodrx.activity.main.MainActivity"]}, {"01bba0ddc643e0014b083cd472be3b4b": ["20", "com.goodrx.activity.main.MainActivity"]}, {"384fe6af22c0256d53e0019db2bc4622": ["438", "com.goodrx.activity.main.MainActivity"]}, {"93f4017a875a363b1352b9602a462107": ["19", "com.goodrx.activity.main.MainActivity"]}, {"93f4017a875a363b1352b9602a462107": ["19", "com.goodrx.activity.main.MainActivity"]}, {"41e05c7cc4cc646c4bc00e9d27eae6d6": ["439", "com.goodrx.activity.main.MainActivity"]}, {"93f4017a875a363b1352b9602a462107": ["19", "com.goodrx.activity.main.MainActivity"]}, {"4dbd3c931e2ba902b3ea338a9933ffb7": ["23", "com.goodrx.activity.main.MainActivity"]}, {"4dbd3c931e2ba902b3ea338a9933ffb7": ["23", "com.goodrx.activity.main.MainActivity"]}, {"a4e4b3690999a766fd8d8b2dac1d90b9": ["92", "com.goodrx.activity.main.MainActivity"]}, {"a4e4b3690999a766fd8d8b2dac1d90b9": ["92", "com.goodrx.activity.main.MainActivity"]}, {"249aa0c77c572a9457a2027796812001": ["4", "com.goodrx.activity.main.MainActivity"]}, {"d1faab3bb06c1321be5f494a8ffa520b": ["95", "com.goodrx.activity.StaticContentActivity"]}, {"249aa0c77c572a9457a2027796812001": ["4", "com.goodrx.activity.main.MainActivity"]}, {"a56a81842457321e334dbe7fef001119": ["440", "com.goodrx.activity.main.MainActivity"]}, {"a56a81842457321e334dbe7fef001119": ["440", "com.goodrx.activity.main.MainActivity"]}, {"914b8b57ffe0fd36493544b002420f67": ["311", "com.goodrx.activity.ConditionClassActivity"]}, {"3955428c8f232425dfd401f488fc3ed9": ["283", "com.goodrx.activity.ClassDrugActivity"]}, {"d3effde2b15d755690e74f758469f9ed": ["222", "com.goodrx.activity.configure.PrescriptionConfigureActivity"]}, {"d3effde2b15d755690e74f758469f9ed": ["222", "com.goodrx.activity.configure.PrescriptionConfigureActivity"]}, {"d3effde2b15d755690e74f758469f9ed": ["222", "com.goodrx.activity.configure.PrescriptionConfigureActivity"]}, {"83c2511aaff8156213875c4e31fbb774": ["300", "com.goodrx.activity.configure.PrescriptionConfigureActivity"]}, {"bcc7665ed5e8384b274016f3ed7a24f2": ["176", "com.goodrx.activity.price.PriceActivity"]}, {"b50dc71065262bfcaec231e78e559b2f": ["26", "com.goodrx.activity.main.MainActivity"]}, {"9c19f75eb1a1a20dbb62e3a3f6caf9bc": ["30", "com.goodrx.activity.main.MainActivity"]}, {"9b5085d58cb3fc33a8d0d293519925e7": ["198", "com.goodrx.activity.main.MainActivity"]}, {"f177b9c2b87ecf61ff405bc0b746e30b": ["441", "com.goodrx.activity.main.MainActivity"]}, {"7a65e94b29610e3122f8a7886a38751b": ["442", "com.goodrx.activity.price.PriceActivity"]}, {"c62ba7cc7162c744aa8df2fdf5fdb4a9": ["426", "com.goodrx.activity.store.StoreActivity"]}, {"c62ba7cc7162c744aa8df2fdf5fdb4a9": ["426", "com.goodrx.activity.store.StoreActivity"]}, {"c62ba7cc7162c744aa8df2fdf5fdb4a9": ["426", "com.goodrx.activity.store.StoreActivity"]}, {"23e18b4a7a3c1555aba1bcc409b0113a": ["67", "com.goodrx.activity.store.StoreActivity"]}, {"c62ba7cc7162c744aa8df2fdf5fdb4a9": ["426", "com.goodrx.activity.store.StoreActivity"]}, {"4fb1f0d43958a21d18ffd71543207638": ["66", "com.goodrx.activity.store.StoreActivity"]}, {"c62ba7cc7162c744aa8df2fdf5fdb4a9": ["426", "com.goodrx.activity.store.StoreActivity"]}, {"c62ba7cc7162c744aa8df2fdf5fdb4a9": ["426", "com.goodrx.activity.store.StoreActivity"]}, {"23e18b4a7a3c1555aba1bcc409b0113a": ["67", "com.goodrx.activity.store.StoreActivity"]}, {"c62ba7cc7162c744aa8df2fdf5fdb4a9": ["426", "com.goodrx.activity.store.StoreActivity"]}, {"4fb1f0d43958a21d18ffd71543207638": ["66", "com.goodrx.activity.store.StoreActivity"]}, {"c62ba7cc7162c744aa8df2fdf5fdb4a9": ["426", "com.goodrx.activity.store.StoreActivity"]}, {"7a65e94b29610e3122f8a7886a38751b": ["442", "com.goodrx.activity.price.PriceActivity"]}, {"c62ba7cc7162c744aa8df2fdf5fdb4a9": ["426", "com.goodrx.activity.store.StoreActivity"]}, {"7a65e94b29610e3122f8a7886a38751b": ["442", "com.goodrx.activity.price.PriceActivity"]}, {"c62ba7cc7162c744aa8df2fdf5fdb4a9": ["426", "com.goodrx.activity.store.StoreActivity"]}, {"c62ba7cc7162c744aa8df2fdf5fdb4a9": ["426", "com.goodrx.activity.store.StoreActivity"]}, {"7a65e94b29610e3122f8a7886a38751b": ["442", "com.goodrx.activity.price.PriceActivity"]}, {"96398cfda6f8952a5db519806fc75e37": ["443", "com.goodrx.activity.price.PriceActivity"]}, {"c62ba7cc7162c744aa8df2fdf5fdb4a9": ["426", "com.goodrx.activity.store.StoreActivity"]}, {"c62ba7cc7162c744aa8df2fdf5fdb4a9": ["426", "com.goodrx.activity.store.StoreActivity"]}, {"c62ba7cc7162c744aa8df2fdf5fdb4a9": ["426", "com.goodrx.activity.store.StoreActivity"]}, {"4fb1f0d43958a21d18ffd71543207638": ["66", "com.goodrx.activity.store.StoreActivity"]}, {"c62ba7cc7162c744aa8df2fdf5fdb4a9": ["426", "com.goodrx.activity.store.StoreActivity"]}, {"c62ba7cc7162c744aa8df2fdf5fdb4a9": ["426", "com.goodrx.activity.store.StoreActivity"]}, {"c62ba7cc7162c744aa8df2fdf5fdb4a9": ["426", "com.goodrx.activity.store.StoreActivity"]}, {"c62ba7cc7162c744aa8df2fdf5fdb4a9": ["426", "com.goodrx.activity.store.StoreActivity"]}, {"23e18b4a7a3c1555aba1bcc409b0113a": ["67", "com.goodrx.activity.store.StoreActivity"]}, {"c62ba7cc7162c744aa8df2fdf5fdb4a9": ["426", "com.goodrx.activity.store.StoreActivity"]}, {"96398cfda6f8952a5db519806fc75e37": ["443", "com.goodrx.activity.price.PriceActivity"]}, {"c62ba7cc7162c744aa8df2fdf5fdb4a9": ["426", "com.goodrx.activity.store.StoreActivity"]}, {"c62ba7cc7162c744aa8df2fdf5fdb4a9": ["426", "com.goodrx.activity.store.StoreActivity"]}, {"2b6a9452075120fabf484884ba566eb8": ["444", "com.goodrx.activity.price.PriceActivity"]}, {"c2fd8c9f364ccc9c0ba27310fc6cd81e": ["445", "com.goodrx.activity.main.MainActivity"]}, {"8d8a710d6e7db67a6d0eb711e166eada": ["39", "com.goodrx.activity.main.MainActivity"]}, {"57abec8733ba3f7d49faf6e5d4301991": ["446", "com.goodrx.activity.main.MainActivity"]}, {"af6a6e087eecd55ce8b23044271ec534": ["40", "com.goodrx.activity.main.MainActivity"]}, {"be5203b38375b3b2342076fae19846e2": ["41", "com.goodrx.activity.main.MainActivity"]}, {"be5203b38375b3b2342076fae19846e2": ["41", "com.goodrx.activity.main.MainActivity"]}, {"c2fd8c9f364ccc9c0ba27310fc6cd81e": ["445", "com.goodrx.activity.main.MainActivity"]}, {"4dbd3c931e2ba902b3ea338a9933ffb7": ["23", "com.goodrx.activity.main.MainActivity"]}, {"4dbd3c931e2ba902b3ea338a9933ffb7": ["23", "com.goodrx.activity.main.MainActivity"]}, {"a4e4b3690999a766fd8d8b2dac1d90b9": ["92", "com.goodrx.activity.main.MainActivity"]}, {"cf81fe436fa5b6b8f34e81da2b086013": ["25", "com.goodrx.activity.main.MainActivity"]}, {"04f8e44107ffce87d1625d90bef21ec1": ["447", "com.goodrx.activity.main.MainActivity"]}, {"35bd5c7d488009a3ccc44c3ce43c4ad8": ["21", "com.goodrx.activity.main.MainActivity"]}, {"18ef5aedbe421e3137be2aa4d0cc2653": ["448", "com.goodrx.activity.main.MainActivity"]}, {"18ef5aedbe421e3137be2aa4d0cc2653": ["448", "com.goodrx.activity.main.MainActivity"]}, {"7ad93fafee71eb904eead653a2819d13": ["449", "com.goodrx.activity.main.MainActivity"]}, {"35bd5c7d488009a3ccc44c3ce43c4ad8": ["21", "com.goodrx.activity.main.MainActivity"]}, {"7ad93fafee71eb904eead653a2819d13": ["449", "com.goodrx.activity.main.MainActivity"]}, {"2d7b70f4ba614298ef1136759150b092": ["51", "com.goodrx.activity.main.MainActivity"]}, {"b1ec82b9ba70caac40fc47542ba20e33": ["437", "com.goodrx.activity.main.MainActivity"]}, {"c2fd8c9f364ccc9c0ba27310fc6cd81e": ["445", "com.goodrx.activity.main.MainActivity"]}, {"c2fd8c9f364ccc9c0ba27310fc6cd81e": ["445", "com.goodrx.activity.main.MainActivity"]}, {"c2fd8c9f364ccc9c0ba27310fc6cd81e": ["445", "com.goodrx.activity.main.MainActivity"]}, {"c2fd8c9f364ccc9c0ba27310fc6cd81e": ["445", "com.goodrx.activity.main.MainActivity"]}, {"c2fd8c9f364ccc9c0ba27310fc6cd81e": ["445", "com.goodrx.activity.main.MainActivity"]}, {"c2fd8c9f364ccc9c0ba27310fc6cd81e": ["445", "com.goodrx.activity.main.MainActivity"]}, {"249aa0c77c572a9457a2027796812001": ["4", "com.goodrx.activity.main.MainActivity"]}, {"d1faab3bb06c1321be5f494a8ffa520b": ["95", "com.goodrx.activity.StaticContentActivity"]}, {"249aa0c77c572a9457a2027796812001": ["4", "com.goodrx.activity.main.MainActivity"]}, {"48f9c33e495b6a0c9df35651bbef4b79": ["5", "com.goodrx.activity.CreateAccountActivity"]}, {"f71ededc3ad5ed4a3e501ab752531875": ["7", "com.goodrx.activity.CreateAccountActivity"]}, {"d4f1760c41cda04de38831b7b86d4b2a": ["6", "com.goodrx.activity.WebViewActivity"]}, {"f71ededc3ad5ed4a3e501ab752531875": ["7", "com.goodrx.activity.CreateAccountActivity"]}, {"c2fd8c9f364ccc9c0ba27310fc6cd81e": ["445", "com.goodrx.activity.main.MainActivity"]}, {"4dbd3c931e2ba902b3ea338a9933ffb7": ["23", "com.goodrx.activity.main.MainActivity"]}, {"cf81fe436fa5b6b8f34e81da2b086013": ["25", "com.goodrx.activity.main.MainActivity"]}, {"04f8e44107ffce87d1625d90bef21ec1": ["447", "com.goodrx.activity.main.MainActivity"]}, {"35bd5c7d488009a3ccc44c3ce43c4ad8": ["21", "com.goodrx.activity.main.MainActivity"]}, {"a4e4b3690999a766fd8d8b2dac1d90b9": ["92", "com.goodrx.activity.main.MainActivity"]}, {"a4e4b3690999a766fd8d8b2dac1d90b9": ["92", "com.goodrx.activity.main.MainActivity"]}, {"a4e4b3690999a766fd8d8b2dac1d90b9": ["92", "com.goodrx.activity.main.MainActivity"]}, {"c2fd8c9f364ccc9c0ba27310fc6cd81e": ["445", "com.goodrx.activity.main.MainActivity"]}, {"4dbd3c931e2ba902b3ea338a9933ffb7": ["23", "com.goodrx.activity.main.MainActivity"]}, {"bcc7665ed5e8384b274016f3ed7a24f2": ["176", "com.goodrx.activity.price.PriceActivity"]}, {"c62ba7cc7162c744aa8df2fdf5fdb4a9": ["426", "com.goodrx.activity.store.StoreActivity"]}, {"c62ba7cc7162c744aa8df2fdf5fdb4a9": ["426", "com.goodrx.activity.store.StoreActivity"]}, {"4fb1f0d43958a21d18ffd71543207638": ["66", "com.goodrx.activity.store.StoreActivity"]}, {"c62ba7cc7162c744aa8df2fdf5fdb4a9": ["426", "com.goodrx.activity.store.StoreActivity"]}, {"c62ba7cc7162c744aa8df2fdf5fdb4a9": ["426", "com.goodrx.activity.store.StoreActivity"]}, {"c62ba7cc7162c744aa8df2fdf5fdb4a9": ["426", "com.goodrx.activity.store.StoreActivity"]}, {"4bc869aae3892dcb15c22972a90c01cb": ["65", "com.goodrx.activity.store.StoreActivity"]}, {"c62ba7cc7162c744aa8df2fdf5fdb4a9": ["426", "com.goodrx.activity.store.StoreActivity"]}, {"4fb1f0d43958a21d18ffd71543207638": ["66", "com.goodrx.activity.store.StoreActivity"]}, {"c62ba7cc7162c744aa8df2fdf5fdb4a9": ["426", "com.goodrx.activity.store.StoreActivity"]}, {"c62ba7cc7162c744aa8df2fdf5fdb4a9": ["426", "com.goodrx.activity.store.StoreActivity"]}, {"c62ba7cc7162c744aa8df2fdf5fdb4a9": ["426", "com.goodrx.activity.store.StoreActivity"]}, {"c62ba7cc7162c744aa8df2fdf5fdb4a9": ["426", "com.goodrx.activity.store.StoreActivity"]}, {"c62ba7cc7162c744aa8df2fdf5fdb4a9": ["426", "com.goodrx.activity.store.StoreActivity"]}, {"c62ba7cc7162c744aa8df2fdf5fdb4a9": ["426", "com.goodrx.activity.store.StoreActivity"]}, {"23e18b4a7a3c1555aba1bcc409b0113a": ["67", "com.goodrx.activity.store.StoreActivity"]}, {"bb540e1c6fad5aa389206f7275062d19": ["68", "com.goodrx.activity.store.StoreActivity"]}, {"c62ba7cc7162c744aa8df2fdf5fdb4a9": ["426", "com.goodrx.activity.store.StoreActivity"]}, {"6de5aaa30abccdbe4cd96c4eb8d45002": ["186", "com.goodrx.activity.price.PriceActivity"]}, {"648b342e0e513bc158463628113d28f2": ["308", "com.goodrx.activity.price.PriceActivity"]}, {"54e3296d4d8cb9749a848698969ab6f5": ["450", "com.goodrx.activity.price.PriceActivity"]}, {"c62ba7cc7162c744aa8df2fdf5fdb4a9": ["426", "com.goodrx.activity.store.StoreActivity"]}, {"23e18b4a7a3c1555aba1bcc409b0113a": ["67", "com.goodrx.activity.store.StoreActivity"]}, {"bb540e1c6fad5aa389206f7275062d19": ["68", "com.goodrx.activity.store.StoreActivity"]}, {"bb540e1c6fad5aa389206f7275062d19": ["68", "com.goodrx.activity.store.StoreActivity"]}, {"bb540e1c6fad5aa389206f7275062d19": ["68", "com.goodrx.activity.store.StoreActivity"]}, {"c62ba7cc7162c744aa8df2fdf5fdb4a9": ["426", "com.goodrx.activity.store.StoreActivity"]}, {"c62ba7cc7162c744aa8df2fdf5fdb4a9": ["426", "com.goodrx.activity.store.StoreActivity"]}, {"c62ba7cc7162c744aa8df2fdf5fdb4a9": ["426", "com.goodrx.activity.store.StoreActivity"]}, {"c62ba7cc7162c744aa8df2fdf5fdb4a9": ["426", "com.goodrx.activity.store.StoreActivity"]}, {"23e18b4a7a3c1555aba1bcc409b0113a": ["67", "com.goodrx.activity.store.StoreActivity"]}, {"c62ba7cc7162c744aa8df2fdf5fdb4a9": ["426", "com.goodrx.activity.store.StoreActivity"]}, {"c62ba7cc7162c744aa8df2fdf5fdb4a9": ["426", "com.goodrx.activity.store.StoreActivity"]}, {"c62ba7cc7162c744aa8df2fdf5fdb4a9": ["426", "com.goodrx.activity.store.StoreActivity"]}, {"c62ba7cc7162c744aa8df2fdf5fdb4a9": ["426", "com.goodrx.activity.store.StoreActivity"]}, {"23e18b4a7a3c1555aba1bcc409b0113a": ["67", "com.goodrx.activity.store.StoreActivity"]}, {"bb540e1c6fad5aa389206f7275062d19": ["68", "com.goodrx.activity.store.StoreActivity"]}, {"c62ba7cc7162c744aa8df2fdf5fdb4a9": ["426", "com.goodrx.activity.store.StoreActivity"]}, {"c62ba7cc7162c744aa8df2fdf5fdb4a9": ["426", "com.goodrx.activity.store.StoreActivity"]}, {"c62ba7cc7162c744aa8df2fdf5fdb4a9": ["426", "com.goodrx.activity.store.StoreActivity"]}, {"c62ba7cc7162c744aa8df2fdf5fdb4a9": ["426", "com.goodrx.activity.store.StoreActivity"]}, {"4fb1f0d43958a21d18ffd71543207638": ["66", "com.goodrx.activity.store.StoreActivity"]}, {"c62ba7cc7162c744aa8df2fdf5fdb4a9": ["426", "com.goodrx.activity.store.StoreActivity"]}, {"c62ba7cc7162c744aa8df2fdf5fdb4a9": ["426", "com.goodrx.activity.store.StoreActivity"]}, {"c62ba7cc7162c744aa8df2fdf5fdb4a9": ["426", "com.goodrx.activity.store.StoreActivity"]}, {"c62ba7cc7162c744aa8df2fdf5fdb4a9": ["426", "com.goodrx.activity.store.StoreActivity"]}, {"c62ba7cc7162c744aa8df2fdf5fdb4a9": ["426", "com.goodrx.activity.store.StoreActivity"]}, {"3e394345f63bac8e7924440311047685": ["451", "com.goodrx.activity.price.PriceActivity"]}, {"282c0a4d1418f4001252674c95038833": ["452", "com.goodrx.activity.main.MainActivity"]}, {"b38ce73b4fe8d0d8555d50e250eda7b1": ["420", "com.goodrx.activity.price.PriceActivity"]}, {"282c0a4d1418f4001252674c95038833": ["452", "com.goodrx.activity.main.MainActivity"]}, {"cca0e9d14a45ebea7af74a278f4527bd": ["453", "com.goodrx.activity.price.PriceActivity"]}, {"d4f1760c41cda04de38831b7b86d4b2a": ["6", "com.goodrx.activity.WebViewActivity"]}, {"cca0e9d14a45ebea7af74a278f4527bd": ["453", "com.goodrx.activity.price.PriceActivity"]}, {"18552aeddd94f47d5c7ed35874f27872": ["454", "com.goodrx.activity.main.MainActivity"]}, {"4dbd3c931e2ba902b3ea338a9933ffb7": ["23", "com.goodrx.activity.main.MainActivity"]}, {"18552aeddd94f47d5c7ed35874f27872": ["454", "com.goodrx.activity.main.MainActivity"]}, {"9c19f75eb1a1a20dbb62e3a3f6caf9bc": ["30", "com.goodrx.activity.main.MainActivity"]}, {"3f5f6d73595faa35881e28ade0d2c684": ["455", "com.goodrx.activity.main.MainActivity"]}, {"a4e4b3690999a766fd8d8b2dac1d90b9": ["92", "com.goodrx.activity.main.MainActivity"]}, {"c143c8e07e9be569590a3208184fb661": ["24", "com.goodrx.activity.main.MainActivity"]}, {"a4e4b3690999a766fd8d8b2dac1d90b9": ["92", "com.goodrx.activity.main.MainActivity"]}, {"c143c8e07e9be569590a3208184fb661": ["24", "com.goodrx.activity.main.MainActivity"]}, {"a4e4b3690999a766fd8d8b2dac1d90b9": ["92", "com.goodrx.activity.main.MainActivity"]}, {"bcc7665ed5e8384b274016f3ed7a24f2": ["176", "com.goodrx.activity.price.PriceActivity"]}, {"18552aeddd94f47d5c7ed35874f27872": ["454", "com.goodrx.activity.main.MainActivity"]}, {"18552aeddd94f47d5c7ed35874f27872": ["454", "com.goodrx.activity.main.MainActivity"]}, {"18552aeddd94f47d5c7ed35874f27872": ["454", "com.goodrx.activity.main.MainActivity"]}, {"b1ec82b9ba70caac40fc47542ba20e33": ["437", "com.goodrx.activity.main.MainActivity"]}, {"18552aeddd94f47d5c7ed35874f27872": ["454", "com.goodrx.activity.main.MainActivity"]}, {"4dbd3c931e2ba902b3ea338a9933ffb7": ["23", "com.goodrx.activity.main.MainActivity"]}, {"18552aeddd94f47d5c7ed35874f27872": ["454", "com.goodrx.activity.main.MainActivity"]}, {"18552aeddd94f47d5c7ed35874f27872": ["454", "com.goodrx.activity.main.MainActivity"]}, {"18552aeddd94f47d5c7ed35874f27872": ["454", "com.goodrx.activity.main.MainActivity"]}, {"18552aeddd94f47d5c7ed35874f27872": ["454", "com.goodrx.activity.main.MainActivity"]}, {"4dbd3c931e2ba902b3ea338a9933ffb7": ["23", "com.goodrx.activity.main.MainActivity"]}, {"35bd5c7d488009a3ccc44c3ce43c4ad8": ["21", "com.goodrx.activity.main.MainActivity"]}, {"9c19f75eb1a1a20dbb62e3a3f6caf9bc": ["30", "com.goodrx.activity.main.MainActivity"]}, {"c143c8e07e9be569590a3208184fb661": ["24", "com.goodrx.activity.main.MainActivity"]}, {"9c19f75eb1a1a20dbb62e3a3f6caf9bc": ["30", "com.goodrx.activity.main.MainActivity"]}, {"2cf790fceee658ba41d6e8ffb33fde6c": ["179", "com.goodrx.activity.price.PriceActivity"]}, {"d4f1760c41cda04de38831b7b86d4b2a": ["6", "com.goodrx.activity.WebViewActivity"]}, {"2cf790fceee658ba41d6e8ffb33fde6c": ["179", "com.goodrx.activity.price.PriceActivity"]}, {"d4f1760c41cda04de38831b7b86d4b2a": ["6", "com.goodrx.activity.WebViewActivity"]}, {"39327afb06b0d46d59583ddf6b626ac1": ["456", "com.goodrx.activity.price.PriceActivity"]}, {"3f5f6d73595faa35881e28ade0d2c684": ["455", "com.goodrx.activity.main.MainActivity"]}, {"c143c8e07e9be569590a3208184fb661": ["24", "com.goodrx.activity.main.MainActivity"]}, {"54f4b704457769245fc771344e869bbe": ["29", "com.goodrx.activity.main.MainActivity"]}, {"3f5f6d73595faa35881e28ade0d2c684": ["455", "com.goodrx.activity.main.MainActivity"]}, {"282c0a4d1418f4001252674c95038833": ["452", "com.goodrx.activity.main.MainActivity"]}, {"ca835dc31a61f5e1d76083afa0db7907": ["457", "com.goodrx.activity.price.PriceActivity"]}, {"282c0a4d1418f4001252674c95038833": ["452", "com.goodrx.activity.main.MainActivity"]}, {"b38ce73b4fe8d0d8555d50e250eda7b1": ["420", "com.goodrx.activity.price.PriceActivity"]}, {"b38ce73b4fe8d0d8555d50e250eda7b1": ["420", "com.goodrx.activity.price.PriceActivity"]}, {"282c0a4d1418f4001252674c95038833": ["452", "com.goodrx.activity.main.MainActivity"]}, {"8e68aa70bdf0ca3ed94be749a64f13a5": ["58", "com.goodrx.activity.BestPharmacyActivity"]}, {"8e68aa70bdf0ca3ed94be749a64f13a5": ["58", "com.goodrx.activity.BestPharmacyActivity"]}, {"282c0a4d1418f4001252674c95038833": ["452", "com.goodrx.activity.main.MainActivity"]}, {"8ddfbb141ee29b75544dd4a3e990cb23": ["297", "com.goodrx.activity.AddRxActivity"]}, {"8ddfbb141ee29b75544dd4a3e990cb23": ["297", "com.goodrx.activity.AddRxActivity"]}, {"8ddfbb141ee29b75544dd4a3e990cb23": ["297", "com.goodrx.activity.AddRxActivity"]}, {"8ada7ac3c636252822a44363c2ad5f4c": ["32", "com.goodrx.activity.RxEditActivity"]}, {"8ada7ac3c636252822a44363c2ad5f4c": ["32", "com.goodrx.activity.RxEditActivity"]}, {"92a6e2bf621a44012b7d91d3b35031f8": ["33", "com.goodrx.activity.RxEditActivity"]}, {"8ada7ac3c636252822a44363c2ad5f4c": ["32", "com.goodrx.activity.RxEditActivity"]}, {"4d2895c8ca5bd3cd27745c5c0acb1874": ["45", "com.goodrx.activity.RxEditActivity"]}, {"8ada7ac3c636252822a44363c2ad5f4c": ["32", "com.goodrx.activity.RxEditActivity"]}, {"8ada7ac3c636252822a44363c2ad5f4c": ["32", "com.goodrx.activity.RxEditActivity"]}, {"a5d5059c881f42f8783dc9dc6626d0cd": ["35", "com.goodrx.activity.RxEditActivity"]}, {"8ada7ac3c636252822a44363c2ad5f4c": ["32", "com.goodrx.activity.RxEditActivity"]}, {"55df61d1e9ef102ff8321d02bed9c97c": ["458", "com.goodrx.activity.main.MainActivity"]}, {"521c61f95b564b78371d4632754c9904": ["459", "com.goodrx.activity.price.PriceActivity"]}, {"55df61d1e9ef102ff8321d02bed9c97c": ["458", "com.goodrx.activity.main.MainActivity"]}, {"acd8272a65bf9abaa6bb5442fdfc7871": ["460", "com.goodrx.activity.price.PriceActivity"]}, {"c62ba7cc7162c744aa8df2fdf5fdb4a9": ["426", "com.goodrx.activity.store.StoreActivity"]}, {"acd8272a65bf9abaa6bb5442fdfc7871": ["460", "com.goodrx.activity.price.PriceActivity"]}, {"c62ba7cc7162c744aa8df2fdf5fdb4a9": ["426", "com.goodrx.activity.store.StoreActivity"]}, {"c62ba7cc7162c744aa8df2fdf5fdb4a9": ["426", "com.goodrx.activity.store.StoreActivity"]}, {"c62ba7cc7162c744aa8df2fdf5fdb4a9": ["426", "com.goodrx.activity.store.StoreActivity"]}, {"c62ba7cc7162c744aa8df2fdf5fdb4a9": ["426", "com.goodrx.activity.store.StoreActivity"]}, {"c62ba7cc7162c744aa8df2fdf5fdb4a9": ["426", "com.goodrx.activity.store.StoreActivity"]}, {"c62ba7cc7162c744aa8df2fdf5fdb4a9": ["426", "com.goodrx.activity.store.StoreActivity"]}, {"c62ba7cc7162c744aa8df2fdf5fdb4a9": ["426", "com.goodrx.activity.store.StoreActivity"]}, {"c62ba7cc7162c744aa8df2fdf5fdb4a9": ["426", "com.goodrx.activity.store.StoreActivity"]}, {"4fb1f0d43958a21d18ffd71543207638": ["66", "com.goodrx.activity.store.StoreActivity"]}, {"c62ba7cc7162c744aa8df2fdf5fdb4a9": ["426", "com.goodrx.activity.store.StoreActivity"]}, {"c62ba7cc7162c744aa8df2fdf5fdb4a9": ["426", "com.goodrx.activity.store.StoreActivity"]}, {"23e18b4a7a3c1555aba1bcc409b0113a": ["67", "com.goodrx.activity.store.StoreActivity"]}, {"c62ba7cc7162c744aa8df2fdf5fdb4a9": ["426", "com.goodrx.activity.store.StoreActivity"]}, {"4fb1f0d43958a21d18ffd71543207638": ["66", "com.goodrx.activity.store.StoreActivity"]}, {"c62ba7cc7162c744aa8df2fdf5fdb4a9": ["426", "com.goodrx.activity.store.StoreActivity"]}, {"c62ba7cc7162c744aa8df2fdf5fdb4a9": ["426", "com.goodrx.activity.store.StoreActivity"]}, {"4fb1f0d43958a21d18ffd71543207638": ["66", "com.goodrx.activity.store.StoreActivity"]}, {"c62ba7cc7162c744aa8df2fdf5fdb4a9": ["426", "com.goodrx.activity.store.StoreActivity"]}, {"acd8272a65bf9abaa6bb5442fdfc7871": ["460", "com.goodrx.activity.price.PriceActivity"]}, {"c62ba7cc7162c744aa8df2fdf5fdb4a9": ["426", "com.goodrx.activity.store.StoreActivity"]}, {"23e18b4a7a3c1555aba1bcc409b0113a": ["67", "com.goodrx.activity.store.StoreActivity"]}, {"bb540e1c6fad5aa389206f7275062d19": ["68", "com.goodrx.activity.store.StoreActivity"]}, {"c62ba7cc7162c744aa8df2fdf5fdb4a9": ["426", "com.goodrx.activity.store.StoreActivity"]}, {"c62ba7cc7162c744aa8df2fdf5fdb4a9": ["426", "com.goodrx.activity.store.StoreActivity"]}, {"c62ba7cc7162c744aa8df2fdf5fdb4a9": ["426", "com.goodrx.activity.store.StoreActivity"]}, {"acd8272a65bf9abaa6bb5442fdfc7871": ["460", "com.goodrx.activity.price.PriceActivity"]}, {"55df61d1e9ef102ff8321d02bed9c97c": ["458", "com.goodrx.activity.main.MainActivity"]}, {"b38ce73b4fe8d0d8555d50e250eda7b1": ["420", "com.goodrx.activity.price.PriceActivity"]}, {"c62ba7cc7162c744aa8df2fdf5fdb4a9": ["426", "com.goodrx.activity.store.StoreActivity"]}, {"4fb1f0d43958a21d18ffd71543207638": ["66", "com.goodrx.activity.store.StoreActivity"]}, {"c62ba7cc7162c744aa8df2fdf5fdb4a9": ["426", "com.goodrx.activity.store.StoreActivity"]}, {"4fb1f0d43958a21d18ffd71543207638": ["66", "com.goodrx.activity.store.StoreActivity"]}, {"c62ba7cc7162c744aa8df2fdf5fdb4a9": ["426", "com.goodrx.activity.store.StoreActivity"]}, {"c62ba7cc7162c744aa8df2fdf5fdb4a9": ["426", "com.goodrx.activity.store.StoreActivity"]}, {"b38ce73b4fe8d0d8555d50e250eda7b1": ["420", "com.goodrx.activity.price.PriceActivity"]}, {"1aa9675ecf8d2cf350fa041abb9cd5f5": ["461", "com.goodrx.activity.main.MainActivity"]}, {"4f0ce323d0502229134d99b2cea9c8c6": ["462", "com.goodrx.activity.main.MainActivity"]}, {"4f0ce323d0502229134d99b2cea9c8c6": ["462", "com.goodrx.activity.main.MainActivity"]}, {"4f0ce323d0502229134d99b2cea9c8c6": ["462", "com.goodrx.activity.main.MainActivity"]}, {"cf81fe436fa5b6b8f34e81da2b086013": ["25", "com.goodrx.activity.main.MainActivity"]}, {"5de9b9878456d3dd7ba08fa587f6e978": ["463", "com.goodrx.activity.main.MainActivity"]}, {"cb509cca4fccae1eb18204cada73ce03": ["464", "com.goodrx.activity.main.MainActivity"]}, {"35bd5c7d488009a3ccc44c3ce43c4ad8": ["21", "com.goodrx.activity.main.MainActivity"]}, {"7b32c8a981432513243f16d840c4ed34": ["173", "com.goodrx.activity.main.MainActivity"]}, {"1cbde3cd6ece9198421cc9d376c77e02": ["465", "com.goodrx.activity.main.MainActivity"]}, {"7b32c8a981432513243f16d840c4ed34": ["173", "com.goodrx.activity.main.MainActivity"]}, {"7b32c8a981432513243f16d840c4ed34": ["173", "com.goodrx.activity.main.MainActivity"]}, {"55df61d1e9ef102ff8321d02bed9c97c": ["458", "com.goodrx.activity.main.MainActivity"]}, {"d690b88c4de7bdb79cf28f727a97a0f0": ["466", "com.goodrx.activity.price.PriceActivity"]}, {"d690b88c4de7bdb79cf28f727a97a0f0": ["466", "com.goodrx.activity.price.PriceActivity"]}, {"4bf346f69c2349a778499cd3f129d988": ["467", "com.goodrx.activity.store.StoreActivity"]}, {"605a1a15bc79dfdcf1ddb8bcf699d9cd": ["468", "com.goodrx.activity.EsiAttestationActivity"]}, {"4bf346f69c2349a778499cd3f129d988": ["467", "com.goodrx.activity.store.StoreActivity"]}, {"d690b88c4de7bdb79cf28f727a97a0f0": ["466", "com.goodrx.activity.price.PriceActivity"]}, {"1aa9675ecf8d2cf350fa041abb9cd5f5": ["461", "com.goodrx.activity.main.MainActivity"]}, {"01bba0ddc643e0014b083cd472be3b4b": ["20", "com.goodrx.activity.main.MainActivity"]}, {"c143c8e07e9be569590a3208184fb661": ["24", "com.goodrx.activity.main.MainActivity"]}, {"01bba0ddc643e0014b083cd472be3b4b": ["20", "com.goodrx.activity.main.MainActivity"]}, {"01bba0ddc643e0014b083cd472be3b4b": ["20", "com.goodrx.activity.main.MainActivity"]}, {"01bba0ddc643e0014b083cd472be3b4b": ["20", "com.goodrx.activity.main.MainActivity"]}, {"cf81fe436fa5b6b8f34e81da2b086013": ["25", "com.goodrx.activity.main.MainActivity"]}, {"6bd18f72b8e4ea71934961661debe9aa": ["469", "com.goodrx.activity.main.MainActivity"]}, {"66cf84ab96b8196db839300cc3ae11ed": ["470", "com.goodrx.activity.main.MainActivity"]}, {"66cf84ab96b8196db839300cc3ae11ed": ["470", "com.goodrx.activity.main.MainActivity"]}, {"66cf84ab96b8196db839300cc3ae11ed": ["470", "com.goodrx.activity.main.MainActivity"]}, {"aee2f4ab10b34dbd9a7cc226df1c8d79": ["471", "com.goodrx.activity.main.MainActivity"]}, {"8e68aa70bdf0ca3ed94be749a64f13a5": ["58", "com.goodrx.activity.BestPharmacyActivity"]}, {"aee2f4ab10b34dbd9a7cc226df1c8d79": ["471", "com.goodrx.activity.main.MainActivity"]}, {"8e68aa70bdf0ca3ed94be749a64f13a5": ["58", "com.goodrx.activity.BestPharmacyActivity"]}, {"aee2f4ab10b34dbd9a7cc226df1c8d79": ["471", "com.goodrx.activity.main.MainActivity"]}, {"acd8272a65bf9abaa6bb5442fdfc7871": ["460", "com.goodrx.activity.price.PriceActivity"]}, {"5c6a3d3c517e5dfb16765e57975386f8": ["472", "com.goodrx.activity.main.MainActivity"]}, {"3b80652ac3d4d949f2d065b708b16b41": ["8", "com.goodrx.activity.ConditionActivity"]}, {"b95193ef30349caea69b8584d412bdd8": ["473", "com.goodrx.activity.ConditionClassActivity"]}, {"55088f5714d6dfd2c36fe7cdef340176": ["221", "com.goodrx.activity.ClassDrugActivity"]}, {"ddc2b72e0e01daa53d906ce5ea63c479": ["15", "com.goodrx.activity.configure.PrescriptionConfigureActivity"]}, {"ddc2b72e0e01daa53d906ce5ea63c479": ["15", "com.goodrx.activity.configure.PrescriptionConfigureActivity"]}, {"406ff162ba2cf106cce0e1259fbb101b": ["474", "com.goodrx.activity.price.PriceActivity"]}, {"16b00e7b5ff143a62f7a07079bbcaf8a": ["475", "com.goodrx.activity.main.MainActivity"]}]