[{"a54eb7b725e02d86fa2b84d04eb91878": ["0", "com.microsoft.office.word.WordActivity"]}, {"a54eb7b725e02d86fa2b84d04eb91878": ["0", "com.microsoft.office.word.WordActivity"]}, {"a54eb7b725e02d86fa2b84d04eb91878": ["0", "com.microsoft.office.word.WordActivity"]}, {"a54eb7b725e02d86fa2b84d04eb91878": ["0", "com.microsoft.office.word.WordActivity"]}, {"a54eb7b725e02d86fa2b84d04eb91878": ["0", "com.microsoft.office.word.WordActivity"]}, {"a54eb7b725e02d86fa2b84d04eb91878": ["0", "com.microsoft.office.word.WordActivity"]}, {"a54eb7b725e02d86fa2b84d04eb91878": ["0", "com.microsoft.office.word.WordActivity"]}, {"a54eb7b725e02d86fa2b84d04eb91878": ["0", "com.microsoft.office.word.WordActivity"]}, {"a54eb7b725e02d86fa2b84d04eb91878": ["0", "com.microsoft.office.word.WordActivity"]}, {"a54eb7b725e02d86fa2b84d04eb91878": ["0", "com.microsoft.office.word.WordActivity"]}, {"a54eb7b725e02d86fa2b84d04eb91878": ["0", "com.microsoft.office.word.WordActivity"]}, {"a54eb7b725e02d86fa2b84d04eb91878": ["0", "com.microsoft.office.word.WordActivity"]}, {"a54eb7b725e02d86fa2b84d04eb91878": ["0", "com.microsoft.office.word.WordActivity"]}, {"a54eb7b725e02d86fa2b84d04eb91878": ["0", "com.microsoft.office.word.WordActivity"]}, {"a54eb7b725e02d86fa2b84d04eb91878": ["0", "com.microsoft.office.word.WordActivity"]}, {"a54eb7b725e02d86fa2b84d04eb91878": ["0", "com.microsoft.office.word.WordActivity"]}, {"a54eb7b725e02d86fa2b84d04eb91878": ["0", "com.microsoft.office.word.WordActivity"]}, {"a54eb7b725e02d86fa2b84d04eb91878": ["0", "com.microsoft.office.word.WordActivity"]}, {"a54eb7b725e02d86fa2b84d04eb91878": ["0", "com.microsoft.office.word.WordActivity"]}, {"a54eb7b725e02d86fa2b84d04eb91878": ["0", "com.microsoft.office.word.WordActivity"]}, {"a54eb7b725e02d86fa2b84d04eb91878": ["0", "com.microsoft.office.word.WordActivity"]}, {"a54eb7b725e02d86fa2b84d04eb91878": ["0", "com.microsoft.office.word.WordActivity"]}, {"a54eb7b725e02d86fa2b84d04eb91878": ["0", "com.microsoft.office.word.WordActivity"]}, {"a54eb7b725e02d86fa2b84d04eb91878": ["0", "com.microsoft.office.word.WordActivity"]}, {"a54eb7b725e02d86fa2b84d04eb91878": ["0", "com.microsoft.office.word.WordActivity"]}, {"a54eb7b725e02d86fa2b84d04eb91878": ["0", "com.microsoft.office.word.WordActivity"]}, {"a54eb7b725e02d86fa2b84d04eb91878": ["0", "com.microsoft.office.word.WordActivity"]}, {"a54eb7b725e02d86fa2b84d04eb91878": ["0", "com.microsoft.office.word.WordActivity"]}, {"a54eb7b725e02d86fa2b84d04eb91878": ["0", "com.microsoft.office.word.WordActivity"]}, {"a54eb7b725e02d86fa2b84d04eb91878": ["0", "com.microsoft.office.word.WordActivity"]}, {"a54eb7b725e02d86fa2b84d04eb91878": ["0", "com.microsoft.office.word.WordActivity"]}, {"a54eb7b725e02d86fa2b84d04eb91878": ["0", "com.microsoft.office.word.WordActivity"]}, {"a54eb7b725e02d86fa2b84d04eb91878": ["0", "com.microsoft.office.word.WordActivity"]}, {"a54eb7b725e02d86fa2b84d04eb91878": ["0", "com.microsoft.office.word.WordActivity"]}, {"a54eb7b725e02d86fa2b84d04eb91878": ["0", "com.microsoft.office.word.WordActivity"]}, {"a54eb7b725e02d86fa2b84d04eb91878": ["0", "com.microsoft.office.word.WordActivity"]}, {"a54eb7b725e02d86fa2b84d04eb91878": ["0", "com.microsoft.office.word.WordActivity"]}, {"a54eb7b725e02d86fa2b84d04eb91878": ["0", "com.microsoft.office.word.WordActivity"]}, {"a54eb7b725e02d86fa2b84d04eb91878": ["0", "com.microsoft.office.word.WordActivity"]}, {"a54eb7b725e02d86fa2b84d04eb91878": ["0", "com.microsoft.office.word.WordActivity"]}, {"a54eb7b725e02d86fa2b84d04eb91878": ["0", "com.microsoft.office.word.WordActivity"]}, {"a54eb7b725e02d86fa2b84d04eb91878": ["0", "com.microsoft.office.word.WordActivity"]}, {"a54eb7b725e02d86fa2b84d04eb91878": ["0", "com.microsoft.office.word.WordActivity"]}, {"a54eb7b725e02d86fa2b84d04eb91878": ["0", "com.microsoft.office.word.WordActivity"]}, {"a54eb7b725e02d86fa2b84d04eb91878": ["0", "com.microsoft.office.word.WordActivity"]}, {"a54eb7b725e02d86fa2b84d04eb91878": ["0", "com.microsoft.office.word.WordActivity"]}, {"a54eb7b725e02d86fa2b84d04eb91878": ["0", "com.microsoft.office.word.WordActivity"]}, {"a54eb7b725e02d86fa2b84d04eb91878": ["0", "com.microsoft.office.word.WordActivity"]}, {"a54eb7b725e02d86fa2b84d04eb91878": ["0", "com.microsoft.office.word.WordActivity"]}, {"a54eb7b725e02d86fa2b84d04eb91878": ["0", "com.microsoft.office.word.WordActivity"]}, {"a54eb7b725e02d86fa2b84d04eb91878": ["0", "com.microsoft.office.word.WordActivity"]}, {"a54eb7b725e02d86fa2b84d04eb91878": ["0", "com.microsoft.office.word.WordActivity"]}, {"a54eb7b725e02d86fa2b84d04eb91878": ["0", "com.microsoft.office.word.WordActivity"]}, {"423214a683885ccd26a9e461594775ba": ["767", "com.microsoft.office.word.WordActivity"]}, {"423214a683885ccd26a9e461594775ba": ["767", "com.microsoft.office.word.WordActivity"]}, {"423214a683885ccd26a9e461594775ba": ["767", "com.microsoft.office.word.WordActivity"]}, {"423214a683885ccd26a9e461594775ba": ["767", "com.microsoft.office.word.WordActivity"]}, {"423214a683885ccd26a9e461594775ba": ["767", "com.microsoft.office.word.WordActivity"]}, {"423214a683885ccd26a9e461594775ba": ["767", "com.microsoft.office.word.WordActivity"]}, {"423214a683885ccd26a9e461594775ba": ["767", "com.microsoft.office.word.WordActivity"]}, {"423214a683885ccd26a9e461594775ba": ["767", "com.microsoft.office.word.WordActivity"]}, {"423214a683885ccd26a9e461594775ba": ["767", "com.microsoft.office.word.WordActivity"]}, {"423214a683885ccd26a9e461594775ba": ["767", "com.microsoft.office.word.WordActivity"]}, {"423214a683885ccd26a9e461594775ba": ["767", "com.microsoft.office.word.WordActivity"]}, {"423214a683885ccd26a9e461594775ba": ["767", "com.microsoft.office.word.WordActivity"]}, {"423214a683885ccd26a9e461594775ba": ["767", "com.microsoft.office.word.WordActivity"]}, {"423214a683885ccd26a9e461594775ba": ["767", "com.microsoft.office.word.WordActivity"]}, {"423214a683885ccd26a9e461594775ba": ["767", "com.microsoft.office.word.WordActivity"]}, {"423214a683885ccd26a9e461594775ba": ["767", "com.microsoft.office.word.WordActivity"]}, {"423214a683885ccd26a9e461594775ba": ["767", "com.microsoft.office.word.WordActivity"]}, {"423214a683885ccd26a9e461594775ba": ["767", "com.microsoft.office.word.WordActivity"]}, {"423214a683885ccd26a9e461594775ba": ["767", "com.microsoft.office.word.WordActivity"]}, {"423214a683885ccd26a9e461594775ba": ["767", "com.microsoft.office.word.WordActivity"]}, {"423214a683885ccd26a9e461594775ba": ["767", "com.microsoft.office.word.WordActivity"]}, {"423214a683885ccd26a9e461594775ba": ["767", "com.microsoft.office.word.WordActivity"]}, {"423214a683885ccd26a9e461594775ba": ["767", "com.microsoft.office.word.WordActivity"]}, {"423214a683885ccd26a9e461594775ba": ["767", "com.microsoft.office.word.WordActivity"]}, {"423214a683885ccd26a9e461594775ba": ["767", "com.microsoft.office.word.WordActivity"]}, {"423214a683885ccd26a9e461594775ba": ["767", "com.microsoft.office.word.WordActivity"]}, {"423214a683885ccd26a9e461594775ba": ["767", "com.microsoft.office.word.WordActivity"]}, {"423214a683885ccd26a9e461594775ba": ["767", "com.microsoft.office.word.WordActivity"]}, {"423214a683885ccd26a9e461594775ba": ["767", "com.microsoft.office.word.WordActivity"]}, {"423214a683885ccd26a9e461594775ba": ["767", "com.microsoft.office.word.WordActivity"]}, {"423214a683885ccd26a9e461594775ba": ["767", "com.microsoft.office.word.WordActivity"]}, {"423214a683885ccd26a9e461594775ba": ["767", "com.microsoft.office.word.WordActivity"]}, {"423214a683885ccd26a9e461594775ba": ["767", "com.microsoft.office.word.WordActivity"]}, {"423214a683885ccd26a9e461594775ba": ["767", "com.microsoft.office.word.WordActivity"]}, {"423214a683885ccd26a9e461594775ba": ["767", "com.microsoft.office.word.WordActivity"]}, {"423214a683885ccd26a9e461594775ba": ["767", "com.microsoft.office.word.WordActivity"]}, {"423214a683885ccd26a9e461594775ba": ["767", "com.microsoft.office.word.WordActivity"]}, {"423214a683885ccd26a9e461594775ba": ["767", "com.microsoft.office.word.WordActivity"]}, {"423214a683885ccd26a9e461594775ba": ["767", "com.microsoft.office.word.WordActivity"]}, {"423214a683885ccd26a9e461594775ba": ["767", "com.microsoft.office.word.WordActivity"]}, {"423214a683885ccd26a9e461594775ba": ["767", "com.microsoft.office.word.WordActivity"]}, {"423214a683885ccd26a9e461594775ba": ["767", "com.microsoft.office.word.WordActivity"]}, {"423214a683885ccd26a9e461594775ba": ["767", "com.microsoft.office.word.WordActivity"]}, {"423214a683885ccd26a9e461594775ba": ["767", "com.microsoft.office.word.WordActivity"]}, {"423214a683885ccd26a9e461594775ba": ["767", "com.microsoft.office.word.WordActivity"]}, {"423214a683885ccd26a9e461594775ba": ["767", "com.microsoft.office.word.WordActivity"]}, {"423214a683885ccd26a9e461594775ba": ["767", "com.microsoft.office.word.WordActivity"]}, {"423214a683885ccd26a9e461594775ba": ["767", "com.microsoft.office.word.WordActivity"]}, {"423214a683885ccd26a9e461594775ba": ["767", "com.microsoft.office.word.WordActivity"]}, {"423214a683885ccd26a9e461594775ba": ["767", "com.microsoft.office.word.WordActivity"]}, {"423214a683885ccd26a9e461594775ba": ["767", "com.microsoft.office.word.WordActivity"]}, {"423214a683885ccd26a9e461594775ba": ["767", "com.microsoft.office.word.WordActivity"]}, {"423214a683885ccd26a9e461594775ba": ["767", "com.microsoft.office.word.WordActivity"]}, {"423214a683885ccd26a9e461594775ba": ["767", "com.microsoft.office.word.WordActivity"]}, {"423214a683885ccd26a9e461594775ba": ["767", "com.microsoft.office.word.WordActivity"]}, {"423214a683885ccd26a9e461594775ba": ["767", "com.microsoft.office.word.WordActivity"]}, {"423214a683885ccd26a9e461594775ba": ["767", "com.microsoft.office.word.WordActivity"]}, {"423214a683885ccd26a9e461594775ba": ["767", "com.microsoft.office.word.WordActivity"]}, {"423214a683885ccd26a9e461594775ba": ["767", "com.microsoft.office.word.WordActivity"]}, {"34d47a04de564a53ba026850b22fb378": ["1467", "com.microsoft.office.word.WordActivity"]}, {"34d47a04de564a53ba026850b22fb378": ["1467", "com.microsoft.office.word.WordActivity"]}, {"34d47a04de564a53ba026850b22fb378": ["1467", "com.microsoft.office.word.WordActivity"]}, {"34d47a04de564a53ba026850b22fb378": ["1467", "com.microsoft.office.word.WordActivity"]}, {"34d47a04de564a53ba026850b22fb378": ["1467", "com.microsoft.office.word.WordActivity"]}, {"d45ec64e75903c7e5b1258b7e407b594": ["1468", "com.microsoft.office.word.WordActivity"]}, {"d45ec64e75903c7e5b1258b7e407b594": ["1468", "com.microsoft.office.word.WordActivity"]}, {"d45ec64e75903c7e5b1258b7e407b594": ["1468", "com.microsoft.office.word.WordActivity"]}, {"4bd5411ea5f2ed7aa46eaedd81002054": ["819", "com.microsoft.office.word.WordActivity"]}, {"4bd5411ea5f2ed7aa46eaedd81002054": ["819", "com.microsoft.office.word.WordActivity"]}, {"4bd5411ea5f2ed7aa46eaedd81002054": ["819", "com.microsoft.office.word.WordActivity"]}, {"5824c2006e614d733be7450fb167eabc": ["1283", "com.microsoft.office.word.WordActivity"]}, {"5824c2006e614d733be7450fb167eabc": ["1283", "com.microsoft.office.word.WordActivity"]}, {"5824c2006e614d733be7450fb167eabc": ["1283", "com.microsoft.office.word.WordActivity"]}, {"5824c2006e614d733be7450fb167eabc": ["1283", "com.microsoft.office.word.WordActivity"]}, {"5824c2006e614d733be7450fb167eabc": ["1283", "com.microsoft.office.word.WordActivity"]}, {"5824c2006e614d733be7450fb167eabc": ["1283", "com.microsoft.office.word.WordActivity"]}, {"5824c2006e614d733be7450fb167eabc": ["1283", "com.microsoft.office.word.WordActivity"]}, {"5824c2006e614d733be7450fb167eabc": ["1283", "com.microsoft.office.word.WordActivity"]}, {"5824c2006e614d733be7450fb167eabc": ["1283", "com.microsoft.office.word.WordActivity"]}, {"5824c2006e614d733be7450fb167eabc": ["1283", "com.microsoft.office.word.WordActivity"]}, {"5824c2006e614d733be7450fb167eabc": ["1283", "com.microsoft.office.word.WordActivity"]}, {"5824c2006e614d733be7450fb167eabc": ["1283", "com.microsoft.office.word.WordActivity"]}, {"5824c2006e614d733be7450fb167eabc": ["1283", "com.microsoft.office.word.WordActivity"]}, {"5824c2006e614d733be7450fb167eabc": ["1283", "com.microsoft.office.word.WordActivity"]}, {"5824c2006e614d733be7450fb167eabc": ["1283", "com.microsoft.office.word.WordActivity"]}, {"5824c2006e614d733be7450fb167eabc": ["1283", "com.microsoft.office.word.WordActivity"]}, {"5824c2006e614d733be7450fb167eabc": ["1283", "com.microsoft.office.word.WordActivity"]}, {"4bd5411ea5f2ed7aa46eaedd81002054": ["819", "com.microsoft.office.word.WordActivity"]}, {"4bd5411ea5f2ed7aa46eaedd81002054": ["819", "com.microsoft.office.word.WordActivity"]}, {"4bd5411ea5f2ed7aa46eaedd81002054": ["819", "com.microsoft.office.word.WordActivity"]}, {"4bd5411ea5f2ed7aa46eaedd81002054": ["819", "com.microsoft.office.word.WordActivity"]}, {"4bd5411ea5f2ed7aa46eaedd81002054": ["819", "com.microsoft.office.word.WordActivity"]}, {"4bd5411ea5f2ed7aa46eaedd81002054": ["819", "com.microsoft.office.word.WordActivity"]}, {"4bd5411ea5f2ed7aa46eaedd81002054": ["819", "com.microsoft.office.word.WordActivity"]}, {"34d47a04de564a53ba026850b22fb378": ["1467", "com.microsoft.office.word.WordActivity"]}, {"34d47a04de564a53ba026850b22fb378": ["1467", "com.microsoft.office.word.WordActivity"]}, {"6c7be5849fbf69247fed04444c768d8d": ["1469", "com.microsoft.office.word.WordActivity"]}, {"6c7be5849fbf69247fed04444c768d8d": ["1469", "com.microsoft.office.word.WordActivity"]}, {"6c7be5849fbf69247fed04444c768d8d": ["1469", "com.microsoft.office.word.WordActivity"]}, {"d4671ec64a3e99111d624ffe40ecc2ca": ["1470", "com.microsoft.office.word.WordActivity"]}, {"567a373e090ffee098ee608cc0c0ce10": ["2", "com.microsoft.office.word.WordActivity"]}, {"567a373e090ffee098ee608cc0c0ce10": ["2", "com.microsoft.office.word.WordActivity"]}, {"567a373e090ffee098ee608cc0c0ce10": ["2", "com.microsoft.office.word.WordActivity"]}, {"864698960b88bd0e95df9a3b7994fd56": ["13", "com.microsoft.office.word.WordActivity"]}, {"864698960b88bd0e95df9a3b7994fd56": ["13", "com.microsoft.office.word.WordActivity"]}, {"864698960b88bd0e95df9a3b7994fd56": ["13", "com.microsoft.office.word.WordActivity"]}, {"d859ffb39d0ec8dfb5cf439c72ac5212": ["35", "com.microsoft.office.word.WordActivity"]}, {"d859ffb39d0ec8dfb5cf439c72ac5212": ["35", "com.microsoft.office.word.WordActivity"]}, {"d859ffb39d0ec8dfb5cf439c72ac5212": ["35", "com.microsoft.office.word.WordActivity"]}, {"567a373e090ffee098ee608cc0c0ce10": ["2", "com.microsoft.office.word.WordActivity"]}, {"567a373e090ffee098ee608cc0c0ce10": ["2", "com.microsoft.office.word.WordActivity"]}, {"567a373e090ffee098ee608cc0c0ce10": ["2", "com.microsoft.office.word.WordActivity"]}, {"d859ffb39d0ec8dfb5cf439c72ac5212": ["35", "com.microsoft.office.word.WordActivity"]}, {"d859ffb39d0ec8dfb5cf439c72ac5212": ["35", "com.microsoft.office.word.WordActivity"]}, {"0d9978a550e220a41b27de78a8a560ba": ["1471", "com.microsoft.office.word.WordActivity"]}, {"567a373e090ffee098ee608cc0c0ce10": ["2", "com.microsoft.office.word.WordActivity"]}, {"567a373e090ffee098ee608cc0c0ce10": ["2", "com.microsoft.office.word.WordActivity"]}, {"567a373e090ffee098ee608cc0c0ce10": ["2", "com.microsoft.office.word.WordActivity"]}, {"44d86efbc2e78410a7b3f45ba9725c18": ["531", "com.microsoft.office.word.WordActivity"]}, {"d859ffb39d0ec8dfb5cf439c72ac5212": ["35", "com.microsoft.office.word.WordActivity"]}, {"567a373e090ffee098ee608cc0c0ce10": ["2", "com.microsoft.office.word.WordActivity"]}, {"d859ffb39d0ec8dfb5cf439c72ac5212": ["35", "com.microsoft.office.word.WordActivity"]}, {"567a373e090ffee098ee608cc0c0ce10": ["2", "com.microsoft.office.word.WordActivity"]}, {"567a373e090ffee098ee608cc0c0ce10": ["2", "com.microsoft.office.word.WordActivity"]}, {"567a373e090ffee098ee608cc0c0ce10": ["2", "com.microsoft.office.word.WordActivity"]}, {"44d86efbc2e78410a7b3f45ba9725c18": ["531", "com.microsoft.office.word.WordActivity"]}, {"d859ffb39d0ec8dfb5cf439c72ac5212": ["35", "com.microsoft.office.word.WordActivity"]}, {"567a373e090ffee098ee608cc0c0ce10": ["2", "com.microsoft.office.word.WordActivity"]}, {"53323e4df6676ddd82f6df4c18d7b933": ["1472", "com.microsoft.office.word.WordActivity"]}, {"53323e4df6676ddd82f6df4c18d7b933": ["1472", "com.microsoft.office.word.WordActivity"]}, {"53323e4df6676ddd82f6df4c18d7b933": ["1472", "com.microsoft.office.word.WordActivity"]}, {"53323e4df6676ddd82f6df4c18d7b933": ["1472", "com.microsoft.office.word.WordActivity"]}, {"53323e4df6676ddd82f6df4c18d7b933": ["1472", "com.microsoft.office.word.WordActivity"]}, {"567a373e090ffee098ee608cc0c0ce10": ["2", "com.microsoft.office.word.WordActivity"]}, {"567a373e090ffee098ee608cc0c0ce10": ["2", "com.microsoft.office.word.WordActivity"]}, {"567a373e090ffee098ee608cc0c0ce10": ["2", "com.microsoft.office.word.WordActivity"]}, {"d859ffb39d0ec8dfb5cf439c72ac5212": ["35", "com.microsoft.office.word.WordActivity"]}, {"d859ffb39d0ec8dfb5cf439c72ac5212": ["35", "com.microsoft.office.word.WordActivity"]}, {"d859ffb39d0ec8dfb5cf439c72ac5212": ["35", "com.microsoft.office.word.WordActivity"]}, {"567a373e090ffee098ee608cc0c0ce10": ["2", "com.microsoft.office.word.WordActivity"]}, {"567a373e090ffee098ee608cc0c0ce10": ["2", "com.microsoft.office.word.WordActivity"]}, {"567a373e090ffee098ee608cc0c0ce10": ["2", "com.microsoft.office.word.WordActivity"]}, {"567a373e090ffee098ee608cc0c0ce10": ["2", "com.microsoft.office.word.WordActivity"]}, {"567a373e090ffee098ee608cc0c0ce10": ["2", "com.microsoft.office.word.WordActivity"]}, {"567a373e090ffee098ee608cc0c0ce10": ["2", "com.microsoft.office.word.WordActivity"]}, {"f36eab303b6b04daafd5f9d2c7cf77a5": ["34", "com.microsoft.office.word.WordActivity"]}, {"f36eab303b6b04daafd5f9d2c7cf77a5": ["34", "com.microsoft.office.word.WordActivity"]}, {"f36eab303b6b04daafd5f9d2c7cf77a5": ["34", "com.microsoft.office.word.WordActivity"]}, {"9d01768aef4216467083cbcc2216e2ef": ["523", "com.microsoft.office.word.WordActivity"]}, {"9d01768aef4216467083cbcc2216e2ef": ["523", "com.microsoft.office.word.WordActivity"]}, {"567a373e090ffee098ee608cc0c0ce10": ["2", "com.microsoft.office.word.WordActivity"]}, {"567a373e090ffee098ee608cc0c0ce10": ["2", "com.microsoft.office.word.WordActivity"]}, {"567a373e090ffee098ee608cc0c0ce10": ["2", "com.microsoft.office.word.WordActivity"]}, {"567a373e090ffee098ee608cc0c0ce10": ["2", "com.microsoft.office.word.WordActivity"]}, {"567a373e090ffee098ee608cc0c0ce10": ["2", "com.microsoft.office.word.WordActivity"]}, {"d859ffb39d0ec8dfb5cf439c72ac5212": ["35", "com.microsoft.office.word.WordActivity"]}, {"567a373e090ffee098ee608cc0c0ce10": ["2", "com.microsoft.office.word.WordActivity"]}, {"567a373e090ffee098ee608cc0c0ce10": ["2", "com.microsoft.office.word.WordActivity"]}, {"567a373e090ffee098ee608cc0c0ce10": ["2", "com.microsoft.office.word.WordActivity"]}, {"567a373e090ffee098ee608cc0c0ce10": ["2", "com.microsoft.office.word.WordActivity"]}, {"567a373e090ffee098ee608cc0c0ce10": ["2", "com.microsoft.office.word.WordActivity"]}, {"44d86efbc2e78410a7b3f45ba9725c18": ["531", "com.microsoft.office.word.WordActivity"]}, {"567a373e090ffee098ee608cc0c0ce10": ["2", "com.microsoft.office.word.WordActivity"]}, {"567a373e090ffee098ee608cc0c0ce10": ["2", "com.microsoft.office.word.WordActivity"]}, {"567a373e090ffee098ee608cc0c0ce10": ["2", "com.microsoft.office.word.WordActivity"]}, {"567a373e090ffee098ee608cc0c0ce10": ["2", "com.microsoft.office.word.WordActivity"]}, {"53323e4df6676ddd82f6df4c18d7b933": ["1472", "com.microsoft.office.word.WordActivity"]}, {"34d47a04de564a53ba026850b22fb378": ["1467", "com.microsoft.office.word.WordActivity"]}, {"567a373e090ffee098ee608cc0c0ce10": ["2", "com.microsoft.office.word.WordActivity"]}, {"34d47a04de564a53ba026850b22fb378": ["1467", "com.microsoft.office.word.WordActivity"]}, {"34d47a04de564a53ba026850b22fb378": ["1467", "com.microsoft.office.word.WordActivity"]}, {"34d47a04de564a53ba026850b22fb378": ["1467", "com.microsoft.office.word.WordActivity"]}, {"d45ec64e75903c7e5b1258b7e407b594": ["1468", "com.microsoft.office.word.WordActivity"]}, {"34d47a04de564a53ba026850b22fb378": ["1467", "com.microsoft.office.word.WordActivity"]}, {"34d47a04de564a53ba026850b22fb378": ["1467", "com.microsoft.office.word.WordActivity"]}, {"34d47a04de564a53ba026850b22fb378": ["1467", "com.microsoft.office.word.WordActivity"]}, {"79f625f053eec9e329dcf6a6343aff3f": ["1473", "com.microsoft.office.word.WordActivity"]}, {"a4330ea7b5b7c40337a03a486a6ba653": ["1359", "com.microsoft.office.word.WordActivity"]}, {"a99659370524a57170c4b34cb9182ccf": ["453", "com.microsoft.office.word.WordActivity"]}, {"a99659370524a57170c4b34cb9182ccf": ["453", "com.microsoft.office.word.WordActivity"]}, {"a99659370524a57170c4b34cb9182ccf": ["453", "com.microsoft.office.word.WordActivity"]}, {"a99659370524a57170c4b34cb9182ccf": ["453", "com.microsoft.office.word.WordActivity"]}, {"80c4896923dd905509a93d6642824b77": ["667", "com.microsoft.office.word.WordActivity"]}, {"80c4896923dd905509a93d6642824b77": ["667", "com.microsoft.office.word.WordActivity"]}, {"be261248f007aee3ea2764eaaf82d184": ["666", "com.microsoft.office.word.WordActivity"]}, {"be261248f007aee3ea2764eaaf82d184": ["666", "com.microsoft.office.word.WordActivity"]}, {"80c4896923dd905509a93d6642824b77": ["667", "com.microsoft.office.word.WordActivity"]}, {"80c4896923dd905509a93d6642824b77": ["667", "com.microsoft.office.word.WordActivity"]}, {"86b25812d51310e301a3e89862f79149": ["1474", "com.microsoft.office.word.WordActivity"]}, {"80c4896923dd905509a93d6642824b77": ["667", "com.microsoft.office.word.WordActivity"]}, {"80c4896923dd905509a93d6642824b77": ["667", "com.microsoft.office.word.WordActivity"]}, {"4c8cc69eb146e669e97d01bdfc2e577d": ["1423", "com.microsoft.office.word.WordActivity"]}, {"4c8cc69eb146e669e97d01bdfc2e577d": ["1423", "com.microsoft.office.word.WordActivity"]}, {"4ac13199faa480f919128de8a700be83": ["1475", "com.microsoft.office.word.WordActivity"]}, {"4ac13199faa480f919128de8a700be83": ["1475", "com.microsoft.office.word.WordActivity"]}, {"07989c6baa6240a590fad591e6e07689": ["1476", "com.microsoft.office.word.WordActivity"]}, {"07989c6baa6240a590fad591e6e07689": ["1476", "com.microsoft.office.word.WordActivity"]}, {"b3b6027ba3db9a23f1c275150c3d771f": ["1477", "com.microsoft.office.word.WordActivity"]}, {"b3b6027ba3db9a23f1c275150c3d771f": ["1477", "com.microsoft.office.word.WordActivity"]}, {"b3b6027ba3db9a23f1c275150c3d771f": ["1477", "com.microsoft.office.word.WordActivity"]}, {"b3b6027ba3db9a23f1c275150c3d771f": ["1477", "com.microsoft.office.word.WordActivity"]}, {"b3b6027ba3db9a23f1c275150c3d771f": ["1477", "com.microsoft.office.word.WordActivity"]}, {"b3b6027ba3db9a23f1c275150c3d771f": ["1477", "com.microsoft.office.word.WordActivity"]}, {"f2b2f8a426b67dfaf5d1159ee207a26a": ["1478", "com.microsoft.office.word.WordActivity"]}, {"f2b2f8a426b67dfaf5d1159ee207a26a": ["1478", "com.microsoft.office.word.WordActivity"]}, {"1f1002235bf3733176d5a278d80c163f": ["1479", "com.microsoft.office.word.WordActivity"]}, {"1f1002235bf3733176d5a278d80c163f": ["1479", "com.microsoft.office.word.WordActivity"]}, {"f2b2f8a426b67dfaf5d1159ee207a26a": ["1478", "com.microsoft.office.word.WordActivity"]}, {"f2b2f8a426b67dfaf5d1159ee207a26a": ["1478", "com.microsoft.office.word.WordActivity"]}, {"f2b2f8a426b67dfaf5d1159ee207a26a": ["1478", "com.microsoft.office.word.WordActivity"]}, {"f2b2f8a426b67dfaf5d1159ee207a26a": ["1478", "com.microsoft.office.word.WordActivity"]}, {"f2b2f8a426b67dfaf5d1159ee207a26a": ["1478", "com.microsoft.office.word.WordActivity"]}, {"f2b2f8a426b67dfaf5d1159ee207a26a": ["1478", "com.microsoft.office.word.WordActivity"]}, {"42098c31e8ec18f20a2ce9dc90fe569d": ["1480", "com.microsoft.office.word.WordActivity"]}, {"f2b2f8a426b67dfaf5d1159ee207a26a": ["1478", "com.microsoft.office.word.WordActivity"]}, {"f2b2f8a426b67dfaf5d1159ee207a26a": ["1478", "com.microsoft.office.word.WordActivity"]}, {"9dbac74a756fd86fd9b01198faed6752": ["1481", "com.microsoft.office.word.WordActivity"]}, {"9dbac74a756fd86fd9b01198faed6752": ["1481", "com.microsoft.office.word.WordActivity"]}, {"d21dc463ad254ac3715daf8f24f2ce13": ["1482", "com.microsoft.office.word.WordActivity"]}, {"d21dc463ad254ac3715daf8f24f2ce13": ["1482", "com.microsoft.office.word.WordActivity"]}, {"a73da7e8fab647b3eaa877df3d278037": ["1427", "com.microsoft.office.word.WordActivity"]}, {"447553851b94d272b781c0e46c6444a7": ["1430", "com.microsoft.office.word.WordActivity"]}, {"dd93b3cdcd86d391c9da9639c45b5d37": ["1483", "com.microsoft.office.word.WordActivity"]}, {"6724c22b1b9d16141c626365a97a571d": ["1484", "com.microsoft.office.word.WordActivity"]}, {"6724c22b1b9d16141c626365a97a571d": ["1484", "com.microsoft.office.word.WordActivity"]}, {"171bddb8f76281b5b1949c6e91a8e4f2": ["1485", "com.microsoft.office.word.WordActivity"]}, {"d29bbf8b365db814c4c778dad15cc4a2": ["1486", "com.microsoft.office.word.WordActivity"]}, {"d29bbf8b365db814c4c778dad15cc4a2": ["1486", "com.microsoft.office.word.WordActivity"]}, {"e4fd8d448d13da74767416258444080d": ["780", "com.microsoft.office.word.WordActivity"]}, {"d67e6f3a018528f9cf2807f517730b1e": ["909", "com.microsoft.office.word.WordActivity"]}, {"d67e6f3a018528f9cf2807f517730b1e": ["909", "com.microsoft.office.word.WordActivity"]}, {"d67e6f3a018528f9cf2807f517730b1e": ["909", "com.microsoft.office.word.WordActivity"]}, {"16924e3f2e1c0462806bca3867e2d99d": ["380", "com.microsoft.office.word.WordActivity"]}, {"16924e3f2e1c0462806bca3867e2d99d": ["380", "com.microsoft.office.word.WordActivity"]}, {"16924e3f2e1c0462806bca3867e2d99d": ["380", "com.microsoft.office.word.WordActivity"]}, {"cef3491a94d6703ba321e0787a853532": ["182", "com.microsoft.office.word.WordActivity"]}, {"7dfb882025b45761cecf8fd6b684368f": ["12", "com.microsoft.office.word.WordActivity"]}, {"4a1914f2fe60a36dfa514869e552a1df": ["890", "com.microsoft.office.word.WordActivity"]}, {"8385c891d036428c6eab1830a15ab11d": ["503", "com.microsoft.office.word.WordActivity"]}, {"8385c891d036428c6eab1830a15ab11d": ["503", "com.microsoft.office.word.WordActivity"]}, {"775494c099ab31aa616449fd8a4f3502": ["1487", "com.microsoft.office.word.WordActivity"]}, {"8385c891d036428c6eab1830a15ab11d": ["503", "com.microsoft.office.word.WordActivity"]}, {"3c4139823549a720ba6261f263856718": ["1488", "com.microsoft.office.word.WordActivity"]}, {"8385c891d036428c6eab1830a15ab11d": ["503", "com.microsoft.office.word.WordActivity"]}, {"8385c891d036428c6eab1830a15ab11d": ["503", "com.microsoft.office.word.WordActivity"]}, {"b1c8e149d80eb1ee9d84e07cae046784": ["455", "com.microsoft.office.word.WordActivity"]}, {"b1c8e149d80eb1ee9d84e07cae046784": ["455", "com.microsoft.office.word.WordActivity"]}, {"b1c8e149d80eb1ee9d84e07cae046784": ["455", "com.microsoft.office.word.WordActivity"]}, {"7c8a6c8394a8cc1bb83c18eb3bf8eeed": ["1005", "com.microsoft.office.word.WordActivity"]}, {"7c8a6c8394a8cc1bb83c18eb3bf8eeed": ["1005", "com.microsoft.office.word.WordActivity"]}, {"7c8a6c8394a8cc1bb83c18eb3bf8eeed": ["1005", "com.microsoft.office.word.WordActivity"]}, {"7c8a6c8394a8cc1bb83c18eb3bf8eeed": ["1005", "com.microsoft.office.word.WordActivity"]}, {"d35e5b77db38573f35ac2729508b268e": ["1489", "com.microsoft.office.word.WordActivity"]}, {"4368472067b79e0bb4847835c3b71790": ["447", "com.microsoft.office.word.WordActivity"]}, {"d35e5b77db38573f35ac2729508b268e": ["1489", "com.microsoft.office.word.WordActivity"]}, {"c52be84d39994e7045a3f37f0bf4cae3": ["390", "com.microsoft.office.word.WordActivity"]}, {"c52be84d39994e7045a3f37f0bf4cae3": ["390", "com.microsoft.office.word.WordActivity"]}, {"6ec8131061bb1099ac07d2e6be22ae4c": ["1411", "com.microsoft.office.word.WordActivity"]}, {"6ec8131061bb1099ac07d2e6be22ae4c": ["1411", "com.microsoft.office.word.WordActivity"]}, {"7c8a6c8394a8cc1bb83c18eb3bf8eeed": ["1005", "com.microsoft.office.word.WordActivity"]}, {"7c8a6c8394a8cc1bb83c18eb3bf8eeed": ["1005", "com.microsoft.office.word.WordActivity"]}, {"c52be84d39994e7045a3f37f0bf4cae3": ["390", "com.microsoft.office.word.WordActivity"]}, {"c52be84d39994e7045a3f37f0bf4cae3": ["390", "com.microsoft.office.word.WordActivity"]}, {"7c8a6c8394a8cc1bb83c18eb3bf8eeed": ["1005", "com.microsoft.office.word.WordActivity"]}, {"7c8a6c8394a8cc1bb83c18eb3bf8eeed": ["1005", "com.microsoft.office.word.WordActivity"]}, {"7c8a6c8394a8cc1bb83c18eb3bf8eeed": ["1005", "com.microsoft.office.word.WordActivity"]}, {"7c8a6c8394a8cc1bb83c18eb3bf8eeed": ["1005", "com.microsoft.office.word.WordActivity"]}, {"7c8a6c8394a8cc1bb83c18eb3bf8eeed": ["1005", "com.microsoft.office.word.WordActivity"]}, {"c52be84d39994e7045a3f37f0bf4cae3": ["390", "com.microsoft.office.word.WordActivity"]}, {"c52be84d39994e7045a3f37f0bf4cae3": ["390", "com.microsoft.office.word.WordActivity"]}, {"c674e3ea8db0f2959f1c5f0bdbc64fc1": ["626", "com.microsoft.office.word.WordActivity"]}, {"c674e3ea8db0f2959f1c5f0bdbc64fc1": ["626", "com.microsoft.office.word.WordActivity"]}, {"c674e3ea8db0f2959f1c5f0bdbc64fc1": ["626", "com.microsoft.office.word.WordActivity"]}, {"c674e3ea8db0f2959f1c5f0bdbc64fc1": ["626", "com.microsoft.office.word.WordActivity"]}, {"c674e3ea8db0f2959f1c5f0bdbc64fc1": ["626", "com.microsoft.office.word.WordActivity"]}, {"c674e3ea8db0f2959f1c5f0bdbc64fc1": ["626", "com.microsoft.office.word.WordActivity"]}, {"d2e404d570d3d03c51298a5fab605eb3": ["1490", "com.microsoft.office.word.WordActivity"]}, {"d2e404d570d3d03c51298a5fab605eb3": ["1490", "com.microsoft.office.word.WordActivity"]}, {"d2e404d570d3d03c51298a5fab605eb3": ["1490", "com.microsoft.office.word.WordActivity"]}, {"c674e3ea8db0f2959f1c5f0bdbc64fc1": ["626", "com.microsoft.office.word.WordActivity"]}, {"c674e3ea8db0f2959f1c5f0bdbc64fc1": ["626", "com.microsoft.office.word.WordActivity"]}, {"8d35ccefe4a2264b96dc39e1cb94a4ee": ["1491", "com.microsoft.office.word.WordActivity"]}, {"8d35ccefe4a2264b96dc39e1cb94a4ee": ["1491", "com.microsoft.office.word.WordActivity"]}, {"8d35ccefe4a2264b96dc39e1cb94a4ee": ["1491", "com.microsoft.office.word.WordActivity"]}, {"45da5403d08d386ba435af1853c41c67": ["1492", "com.microsoft.office.word.WordActivity"]}, {"45da5403d08d386ba435af1853c41c67": ["1492", "com.microsoft.office.word.WordActivity"]}, {"45da5403d08d386ba435af1853c41c67": ["1492", "com.microsoft.office.word.WordActivity"]}, {"d2e404d570d3d03c51298a5fab605eb3": ["1490", "com.microsoft.office.word.WordActivity"]}, {"d2e404d570d3d03c51298a5fab605eb3": ["1490", "com.microsoft.office.word.WordActivity"]}, {"d35e5b77db38573f35ac2729508b268e": ["1489", "com.microsoft.office.word.WordActivity"]}, {"d2e404d570d3d03c51298a5fab605eb3": ["1490", "com.microsoft.office.word.WordActivity"]}, {"d2e404d570d3d03c51298a5fab605eb3": ["1490", "com.microsoft.office.word.WordActivity"]}, {"0e0982579a6c841aee5c2cf11128db0b": ["1493", "com.microsoft.office.word.WordActivity"]}, {"0e0982579a6c841aee5c2cf11128db0b": ["1493", "com.microsoft.office.word.WordActivity"]}, {"b1c8e149d80eb1ee9d84e07cae046784": ["455", "com.microsoft.office.word.WordActivity"]}, {"b1c8e149d80eb1ee9d84e07cae046784": ["455", "com.microsoft.office.word.WordActivity"]}, {"b690ab6063ad7ebefbc9b8540c350b39": ["456", "com.microsoft.office.word.WordActivity"]}, {"b690ab6063ad7ebefbc9b8540c350b39": ["456", "com.microsoft.office.word.WordActivity"]}, {"b690ab6063ad7ebefbc9b8540c350b39": ["456", "com.microsoft.office.word.WordActivity"]}, {"b1c8e149d80eb1ee9d84e07cae046784": ["455", "com.microsoft.office.word.WordActivity"]}, {"b1c8e149d80eb1ee9d84e07cae046784": ["455", "com.microsoft.office.word.WordActivity"]}, {"a99659370524a57170c4b34cb9182ccf": ["453", "com.microsoft.office.word.WordActivity"]}, {"a99659370524a57170c4b34cb9182ccf": ["453", "com.microsoft.office.word.WordActivity"]}, {"36550c5dc28ae6d5c5bb8c74ffb0e7f5": ["76", "com.microsoft.office.word.WordActivity"]}, {"ec436d8640c71fb831887b0235b6eb17": ["549", "com.microsoft.office.word.WordActivity"]}, {"ec436d8640c71fb831887b0235b6eb17": ["549", "com.microsoft.office.word.WordActivity"]}, {"ec436d8640c71fb831887b0235b6eb17": ["549", "com.microsoft.office.word.WordActivity"]}, {"f8af0860f8a3553bd4898012b82eb423": ["1494", "com.microsoft.office.word.WordActivity"]}, {"f8af0860f8a3553bd4898012b82eb423": ["1494", "com.microsoft.office.word.WordActivity"]}, {"ec436d8640c71fb831887b0235b6eb17": ["549", "com.microsoft.office.word.WordActivity"]}, {"ec436d8640c71fb831887b0235b6eb17": ["549", "com.microsoft.office.word.WordActivity"]}, {"5a05ad5c59eee080eeacf0b97d6e2cb8": ["1495", "com.microsoft.office.word.WordActivity"]}, {"ae7a4feaf278ffc9861a866875b77da9": ["1496", "com.microsoft.office.word.WordActivity"]}, {"9cb8d95dfd752093dd7376111a32302b": ["1497", "com.microsoft.office.word.WordActivity"]}, {"9cb8d95dfd752093dd7376111a32302b": ["1497", "com.microsoft.office.word.WordActivity"]}, {"9cb8d95dfd752093dd7376111a32302b": ["1497", "com.microsoft.office.word.WordActivity"]}, {"18c0209e0b02a05f901ab7d748f69aab": ["801", "com.microsoft.office.word.WordActivity"]}, {"18c0209e0b02a05f901ab7d748f69aab": ["801", "com.microsoft.office.word.WordActivity"]}, {"18c0209e0b02a05f901ab7d748f69aab": ["801", "com.microsoft.office.word.WordActivity"]}, {"18c0209e0b02a05f901ab7d748f69aab": ["801", "com.microsoft.office.word.WordActivity"]}, {"bf87d2838814eb14f4b5e4e4e002c1fa": ["1498", "com.microsoft.office.word.WordActivity"]}, {"bf87d2838814eb14f4b5e4e4e002c1fa": ["1498", "com.microsoft.office.word.WordActivity"]}, {"bf87d2838814eb14f4b5e4e4e002c1fa": ["1498", "com.microsoft.office.word.WordActivity"]}, {"bf87d2838814eb14f4b5e4e4e002c1fa": ["1498", "com.microsoft.office.word.WordActivity"]}, {"bf87d2838814eb14f4b5e4e4e002c1fa": ["1498", "com.microsoft.office.word.WordActivity"]}, {"a99659370524a57170c4b34cb9182ccf": ["453", "com.microsoft.office.word.WordActivity"]}, {"a99659370524a57170c4b34cb9182ccf": ["453", "com.microsoft.office.word.WordActivity"]}, {"5668b9bae15b08afe6cc0e7b879843b2": ["553", "com.microsoft.office.word.WordActivity"]}, {"5668b9bae15b08afe6cc0e7b879843b2": ["553", "com.microsoft.office.word.WordActivity"]}, {"0f29a72a1c300095ac00e1e0dbce9b21": ["1499", "com.microsoft.office.word.WordActivity"]}, {"6cd7f9bc374687256200cef95af1466e": ["1500", "com.microsoft.office.word.WordActivity"]}, {"7dfb882025b45761cecf8fd6b684368f": ["12", "com.microsoft.office.word.WordActivity"]}, {"7dfb882025b45761cecf8fd6b684368f": ["12", "com.microsoft.office.word.WordActivity"]}, {"7dfb882025b45761cecf8fd6b684368f": ["12", "com.microsoft.office.word.WordActivity"]}, {"a4bbacba6aae86078653504e8ef7a395": ["18", "com.microsoft.office.word.WordActivity"]}, {"ec436d8640c71fb831887b0235b6eb17": ["549", "com.microsoft.office.word.WordActivity"]}, {"ec436d8640c71fb831887b0235b6eb17": ["549", "com.microsoft.office.word.WordActivity"]}, {"80c4896923dd905509a93d6642824b77": ["667", "com.microsoft.office.word.WordActivity"]}, {"80c4896923dd905509a93d6642824b77": ["667", "com.microsoft.office.word.WordActivity"]}, {"80c4896923dd905509a93d6642824b77": ["667", "com.microsoft.office.word.WordActivity"]}, {"80c4896923dd905509a93d6642824b77": ["667", "com.microsoft.office.word.WordActivity"]}, {"86b25812d51310e301a3e89862f79149": ["1474", "com.microsoft.office.word.WordActivity"]}, {"80c4896923dd905509a93d6642824b77": ["667", "com.microsoft.office.word.WordActivity"]}, {"80c4896923dd905509a93d6642824b77": ["667", "com.microsoft.office.word.WordActivity"]}, {"a99659370524a57170c4b34cb9182ccf": ["453", "com.microsoft.office.word.WordActivity"]}, {"a99659370524a57170c4b34cb9182ccf": ["453", "com.microsoft.office.word.WordActivity"]}, {"9cb8d95dfd752093dd7376111a32302b": ["1497", "com.microsoft.office.word.WordActivity"]}, {"25349c0a9ba10996da39cd18d1954997": ["1501", "com.microsoft.office.word.WordActivity"]}, {"9cb8d95dfd752093dd7376111a32302b": ["1497", "com.microsoft.office.word.WordActivity"]}, {"9cb8d95dfd752093dd7376111a32302b": ["1497", "com.microsoft.office.word.WordActivity"]}, {"9cb8d95dfd752093dd7376111a32302b": ["1497", "com.microsoft.office.word.WordActivity"]}, {"18c0209e0b02a05f901ab7d748f69aab": ["801", "com.microsoft.office.word.WordActivity"]}, {"18c0209e0b02a05f901ab7d748f69aab": ["801", "com.microsoft.office.word.WordActivity"]}, {"18c0209e0b02a05f901ab7d748f69aab": ["801", "com.microsoft.office.word.WordActivity"]}, {"18c0209e0b02a05f901ab7d748f69aab": ["801", "com.microsoft.office.word.WordActivity"]}, {"bf87d2838814eb14f4b5e4e4e002c1fa": ["1498", "com.microsoft.office.word.WordActivity"]}, {"bf87d2838814eb14f4b5e4e4e002c1fa": ["1498", "com.microsoft.office.word.WordActivity"]}, {"bf87d2838814eb14f4b5e4e4e002c1fa": ["1498", "com.microsoft.office.word.WordActivity"]}, {"9a9a68a2711afc12d9b711b29f1433ec": ["1502", "com.microsoft.office.word.WordActivity"]}, {"9a9a68a2711afc12d9b711b29f1433ec": ["1502", "com.microsoft.office.word.WordActivity"]}, {"9a9a68a2711afc12d9b711b29f1433ec": ["1502", "com.microsoft.office.word.WordActivity"]}, {"9a9a68a2711afc12d9b711b29f1433ec": ["1502", "com.microsoft.office.word.WordActivity"]}, {"9cb8d95dfd752093dd7376111a32302b": ["1497", "com.microsoft.office.word.WordActivity"]}, {"dcf6e2eb37307bf47fc235872f81fe8a": ["1503", "com.microsoft.office.word.WordActivity"]}, {"dcf6e2eb37307bf47fc235872f81fe8a": ["1503", "com.microsoft.office.word.WordActivity"]}, {"dcf6e2eb37307bf47fc235872f81fe8a": ["1503", "com.microsoft.office.word.WordActivity"]}, {"18c0209e0b02a05f901ab7d748f69aab": ["801", "com.microsoft.office.word.WordActivity"]}, {"18c0209e0b02a05f901ab7d748f69aab": ["801", "com.microsoft.office.word.WordActivity"]}, {"18c0209e0b02a05f901ab7d748f69aab": ["801", "com.microsoft.office.word.WordActivity"]}, {"dcf6e2eb37307bf47fc235872f81fe8a": ["1503", "com.microsoft.office.word.WordActivity"]}, {"dcf6e2eb37307bf47fc235872f81fe8a": ["1503", "com.microsoft.office.word.WordActivity"]}, {"dcf6e2eb37307bf47fc235872f81fe8a": ["1503", "com.microsoft.office.word.WordActivity"]}, {"18c0209e0b02a05f901ab7d748f69aab": ["801", "com.microsoft.office.word.WordActivity"]}, {"18c0209e0b02a05f901ab7d748f69aab": ["801", "com.microsoft.office.word.WordActivity"]}, {"18c0209e0b02a05f901ab7d748f69aab": ["801", "com.microsoft.office.word.WordActivity"]}, {"9cb8d95dfd752093dd7376111a32302b": ["1497", "com.microsoft.office.word.WordActivity"]}, {"f99d72b43e40c5bd3bf9799283a4783d": ["1504", "com.microsoft.office.word.WordActivity"]}, {"f99d72b43e40c5bd3bf9799283a4783d": ["1504", "com.microsoft.office.word.WordActivity"]}, {"f99d72b43e40c5bd3bf9799283a4783d": ["1504", "com.microsoft.office.word.WordActivity"]}, {"f99d72b43e40c5bd3bf9799283a4783d": ["1504", "com.microsoft.office.word.WordActivity"]}, {"353d6038ac510eb29d58b71449c4ceb0": ["1435", "com.microsoft.office.word.WordActivity"]}, {"353d6038ac510eb29d58b71449c4ceb0": ["1435", "com.microsoft.office.word.WordActivity"]}, {"353d6038ac510eb29d58b71449c4ceb0": ["1435", "com.microsoft.office.word.WordActivity"]}, {"353d6038ac510eb29d58b71449c4ceb0": ["1435", "com.microsoft.office.word.WordActivity"]}, {"5a3caefe714f05955093b0f59f780b57": ["1505", "com.microsoft.office.word.WordActivity"]}, {"5a3caefe714f05955093b0f59f780b57": ["1505", "com.microsoft.office.word.WordActivity"]}, {"5a3caefe714f05955093b0f59f780b57": ["1505", "com.microsoft.office.word.WordActivity"]}, {"5a3caefe714f05955093b0f59f780b57": ["1505", "com.microsoft.office.word.WordActivity"]}, {"5a3caefe714f05955093b0f59f780b57": ["1505", "com.microsoft.office.word.WordActivity"]}, {"5a3caefe714f05955093b0f59f780b57": ["1505", "com.microsoft.office.word.WordActivity"]}, {"5a3caefe714f05955093b0f59f780b57": ["1505", "com.microsoft.office.word.WordActivity"]}, {"5a3caefe714f05955093b0f59f780b57": ["1505", "com.microsoft.office.word.WordActivity"]}, {"5a3caefe714f05955093b0f59f780b57": ["1505", "com.microsoft.office.word.WordActivity"]}, {"18c0209e0b02a05f901ab7d748f69aab": ["801", "com.microsoft.office.word.WordActivity"]}, {"18c0209e0b02a05f901ab7d748f69aab": ["801", "com.microsoft.office.word.WordActivity"]}, {"bf87d2838814eb14f4b5e4e4e002c1fa": ["1498", "com.microsoft.office.word.WordActivity"]}, {"a99659370524a57170c4b34cb9182ccf": ["453", "com.microsoft.office.word.WordActivity"]}, {"a99659370524a57170c4b34cb9182ccf": ["453", "com.microsoft.office.word.WordActivity"]}, {"a99659370524a57170c4b34cb9182ccf": ["453", "com.microsoft.office.word.WordActivity"]}, {"a99659370524a57170c4b34cb9182ccf": ["453", "com.microsoft.office.word.WordActivity"]}, {"a99659370524a57170c4b34cb9182ccf": ["453", "com.microsoft.office.word.WordActivity"]}, {"a99659370524a57170c4b34cb9182ccf": ["453", "com.microsoft.office.word.WordActivity"]}, {"a99659370524a57170c4b34cb9182ccf": ["453", "com.microsoft.office.word.WordActivity"]}, {"a99659370524a57170c4b34cb9182ccf": ["453", "com.microsoft.office.word.WordActivity"]}, {"a99659370524a57170c4b34cb9182ccf": ["453", "com.microsoft.office.word.WordActivity"]}, {"a99659370524a57170c4b34cb9182ccf": ["453", "com.microsoft.office.word.WordActivity"]}, {"a99659370524a57170c4b34cb9182ccf": ["453", "com.microsoft.office.word.WordActivity"]}, {"a99659370524a57170c4b34cb9182ccf": ["453", "com.microsoft.office.word.WordActivity"]}, {"f57c50a3f697a59e662be0694a41a4d1": ["476", "com.microsoft.office.word.WordActivity"]}, {"f57c50a3f697a59e662be0694a41a4d1": ["476", "com.microsoft.office.word.WordActivity"]}, {"f57c50a3f697a59e662be0694a41a4d1": ["476", "com.microsoft.office.word.WordActivity"]}, {"f57c50a3f697a59e662be0694a41a4d1": ["476", "com.microsoft.office.word.WordActivity"]}, {"c13c98a00cdb560d9373b78959a050aa": ["162", "com.microsoft.office.word.WordActivity"]}, {"c13c98a00cdb560d9373b78959a050aa": ["162", "com.microsoft.office.word.WordActivity"]}, {"c13c98a00cdb560d9373b78959a050aa": ["162", "com.microsoft.office.word.WordActivity"]}, {"c13c98a00cdb560d9373b78959a050aa": ["162", "com.microsoft.office.word.WordActivity"]}, {"b1c8e149d80eb1ee9d84e07cae046784": ["455", "com.microsoft.office.word.WordActivity"]}, {"44453cb6e518128038ff44c115b1ba54": ["1074", "com.microsoft.office.word.WordActivity"]}, {"93c86915c1ed64760ed8ff0ebc3c7da9": ["168", "com.microsoft.office.word.WordActivity"]}, {"93c86915c1ed64760ed8ff0ebc3c7da9": ["168", "com.microsoft.office.word.WordActivity"]}, {"b1c8e149d80eb1ee9d84e07cae046784": ["455", "com.microsoft.office.word.WordActivity"]}, {"b1c8e149d80eb1ee9d84e07cae046784": ["455", "com.microsoft.office.word.WordActivity"]}, {"c29a2fca82fb7a66c66d1e1eb8212f9e": ["387", "com.microsoft.office.word.WordActivity"]}, {"c29a2fca82fb7a66c66d1e1eb8212f9e": ["387", "com.microsoft.office.word.WordActivity"]}, {"f40254ec6c3fb1955069cf00bf577b4b": ["484", "com.microsoft.office.word.WordActivity"]}, {"f40254ec6c3fb1955069cf00bf577b4b": ["484", "com.microsoft.office.word.WordActivity"]}, {"f40254ec6c3fb1955069cf00bf577b4b": ["484", "com.microsoft.office.word.WordActivity"]}, {"f40254ec6c3fb1955069cf00bf577b4b": ["484", "com.microsoft.office.word.WordActivity"]}, {"c29a2fca82fb7a66c66d1e1eb8212f9e": ["387", "com.microsoft.office.word.WordActivity"]}, {"c29a2fca82fb7a66c66d1e1eb8212f9e": ["387", "com.microsoft.office.word.WordActivity"]}, {"c29a2fca82fb7a66c66d1e1eb8212f9e": ["387", "com.microsoft.office.word.WordActivity"]}, {"44453cb6e518128038ff44c115b1ba54": ["1074", "com.microsoft.office.word.WordActivity"]}, {"44453cb6e518128038ff44c115b1ba54": ["1074", "com.microsoft.office.word.WordActivity"]}, {"44453cb6e518128038ff44c115b1ba54": ["1074", "com.microsoft.office.word.WordActivity"]}, {"44453cb6e518128038ff44c115b1ba54": ["1074", "com.microsoft.office.word.WordActivity"]}, {"d2797e4923c6f3240054c17134588209": ["1506", "com.microsoft.office.word.WordActivity"]}, {"44453cb6e518128038ff44c115b1ba54": ["1074", "com.microsoft.office.word.WordActivity"]}, {"567a373e090ffee098ee608cc0c0ce10": ["2", "com.microsoft.office.word.WordActivity"]}, {"44453cb6e518128038ff44c115b1ba54": ["1074", "com.microsoft.office.word.WordActivity"]}, {"b1c8e149d80eb1ee9d84e07cae046784": ["455", "com.microsoft.office.word.WordActivity"]}, {"b1c8e149d80eb1ee9d84e07cae046784": ["455", "com.microsoft.office.word.WordActivity"]}, {"b1c8e149d80eb1ee9d84e07cae046784": ["455", "com.microsoft.office.word.WordActivity"]}, {"b1c8e149d80eb1ee9d84e07cae046784": ["455", "com.microsoft.office.word.WordActivity"]}, {"b1c8e149d80eb1ee9d84e07cae046784": ["455", "com.microsoft.office.word.WordActivity"]}, {"b1c8e149d80eb1ee9d84e07cae046784": ["455", "com.microsoft.office.word.WordActivity"]}, {"f40254ec6c3fb1955069cf00bf577b4b": ["484", "com.microsoft.office.word.WordActivity"]}, {"f40254ec6c3fb1955069cf00bf577b4b": ["484", "com.microsoft.office.word.WordActivity"]}, {"3397bbb21d36b087e3f4c04485a4d0d3": ["442", "com.microsoft.office.word.WordActivity"]}, {"3397bbb21d36b087e3f4c04485a4d0d3": ["442", "com.microsoft.office.word.WordActivity"]}, {"3397bbb21d36b087e3f4c04485a4d0d3": ["442", "com.microsoft.office.word.WordActivity"]}, {"3397bbb21d36b087e3f4c04485a4d0d3": ["442", "com.microsoft.office.word.WordActivity"]}, {"3397bbb21d36b087e3f4c04485a4d0d3": ["442", "com.microsoft.office.word.WordActivity"]}, {"c52be84d39994e7045a3f37f0bf4cae3": ["390", "com.microsoft.office.word.WordActivity"]}, {"c52be84d39994e7045a3f37f0bf4cae3": ["390", "com.microsoft.office.word.WordActivity"]}, {"c52be84d39994e7045a3f37f0bf4cae3": ["390", "com.microsoft.office.word.WordActivity"]}, {"c52be84d39994e7045a3f37f0bf4cae3": ["390", "com.microsoft.office.word.WordActivity"]}, {"c52be84d39994e7045a3f37f0bf4cae3": ["390", "com.microsoft.office.word.WordActivity"]}, {"c52be84d39994e7045a3f37f0bf4cae3": ["390", "com.microsoft.office.word.WordActivity"]}, {"c52be84d39994e7045a3f37f0bf4cae3": ["390", "com.microsoft.office.word.WordActivity"]}, {"c52be84d39994e7045a3f37f0bf4cae3": ["390", "com.microsoft.office.word.WordActivity"]}, {"49394dab1740db1b61bc6856e15c1299": ["486", "com.microsoft.office.word.WordActivity"]}, {"49394dab1740db1b61bc6856e15c1299": ["486", "com.microsoft.office.word.WordActivity"]}, {"b6900a6d63eeb37d1d8193aba57f69bf": ["490", "com.microsoft.office.word.WordActivity"]}, {"b6900a6d63eeb37d1d8193aba57f69bf": ["490", "com.microsoft.office.word.WordActivity"]}, {"b6900a6d63eeb37d1d8193aba57f69bf": ["490", "com.microsoft.office.word.WordActivity"]}, {"b6900a6d63eeb37d1d8193aba57f69bf": ["490", "com.microsoft.office.word.WordActivity"]}, {"b6900a6d63eeb37d1d8193aba57f69bf": ["490", "com.microsoft.office.word.WordActivity"]}, {"2a23da92e549e34c6433bb6cd274c8dc": ["491", "com.microsoft.office.word.WordActivity"]}, {"2a23da92e549e34c6433bb6cd274c8dc": ["491", "com.microsoft.office.word.WordActivity"]}, {"c3911b74251819514b68a5d902068557": ["496", "com.microsoft.office.word.WordActivity"]}, {"2a23da92e549e34c6433bb6cd274c8dc": ["491", "com.microsoft.office.word.WordActivity"]}, {"2a23da92e549e34c6433bb6cd274c8dc": ["491", "com.microsoft.office.word.WordActivity"]}, {"c3911b74251819514b68a5d902068557": ["496", "com.microsoft.office.word.WordActivity"]}, {"c3911b74251819514b68a5d902068557": ["496", "com.microsoft.office.word.WordActivity"]}, {"2a23da92e549e34c6433bb6cd274c8dc": ["491", "com.microsoft.office.word.WordActivity"]}, {"2a23da92e549e34c6433bb6cd274c8dc": ["491", "com.microsoft.office.word.WordActivity"]}, {"2a23da92e549e34c6433bb6cd274c8dc": ["491", "com.microsoft.office.word.WordActivity"]}, {"9f2653aaa42fec7cd027acb13c27a5c6": ["487", "com.microsoft.office.word.WordActivity"]}, {"9f2653aaa42fec7cd027acb13c27a5c6": ["487", "com.microsoft.office.word.WordActivity"]}, {"686abe4c4bef953cbd233fe045646b38": ["488", "com.microsoft.office.word.WordActivity"]}, {"686abe4c4bef953cbd233fe045646b38": ["488", "com.microsoft.office.word.WordActivity"]}, {"9f2653aaa42fec7cd027acb13c27a5c6": ["487", "com.microsoft.office.word.WordActivity"]}, {"9f2653aaa42fec7cd027acb13c27a5c6": ["487", "com.microsoft.office.word.WordActivity"]}, {"49394dab1740db1b61bc6856e15c1299": ["486", "com.microsoft.office.word.WordActivity"]}, {"c29a2fca82fb7a66c66d1e1eb8212f9e": ["387", "com.microsoft.office.word.WordActivity"]}, {"c29a2fca82fb7a66c66d1e1eb8212f9e": ["387", "com.microsoft.office.word.WordActivity"]}, {"c29a2fca82fb7a66c66d1e1eb8212f9e": ["387", "com.microsoft.office.word.WordActivity"]}, {"c29a2fca82fb7a66c66d1e1eb8212f9e": ["387", "com.microsoft.office.word.WordActivity"]}, {"c29a2fca82fb7a66c66d1e1eb8212f9e": ["387", "com.microsoft.office.word.WordActivity"]}, {"c29a2fca82fb7a66c66d1e1eb8212f9e": ["387", "com.microsoft.office.word.WordActivity"]}, {"f691e932ceea1d9ca25fc64ef9165459": ["473", "com.microsoft.office.word.WordActivity"]}, {"f691e932ceea1d9ca25fc64ef9165459": ["473", "com.microsoft.office.word.WordActivity"]}, {"f691e932ceea1d9ca25fc64ef9165459": ["473", "com.microsoft.office.word.WordActivity"]}, {"f691e932ceea1d9ca25fc64ef9165459": ["473", "com.microsoft.office.word.WordActivity"]}, {"f691e932ceea1d9ca25fc64ef9165459": ["473", "com.microsoft.office.word.WordActivity"]}, {"44453cb6e518128038ff44c115b1ba54": ["1074", "com.microsoft.office.word.WordActivity"]}, {"44453cb6e518128038ff44c115b1ba54": ["1074", "com.microsoft.office.word.WordActivity"]}, {"44453cb6e518128038ff44c115b1ba54": ["1074", "com.microsoft.office.word.WordActivity"]}, {"d36368e172591fb2c40574d7f1ee1646": ["1183", "com.microsoft.office.word.WordActivity"]}, {"d36368e172591fb2c40574d7f1ee1646": ["1183", "com.microsoft.office.word.WordActivity"]}, {"d36368e172591fb2c40574d7f1ee1646": ["1183", "com.microsoft.office.word.WordActivity"]}, {"d36368e172591fb2c40574d7f1ee1646": ["1183", "com.microsoft.office.word.WordActivity"]}, {"d36368e172591fb2c40574d7f1ee1646": ["1183", "com.microsoft.office.word.WordActivity"]}, {"d36368e172591fb2c40574d7f1ee1646": ["1183", "com.microsoft.office.word.WordActivity"]}, {"d36368e172591fb2c40574d7f1ee1646": ["1183", "com.microsoft.office.word.WordActivity"]}, {"d36368e172591fb2c40574d7f1ee1646": ["1183", "com.microsoft.office.word.WordActivity"]}, {"84c4d72c2c93d4656329afddf9476a1c": ["584", "com.microsoft.office.word.WordActivity"]}, {"567a373e090ffee098ee608cc0c0ce10": ["2", "com.microsoft.office.word.WordActivity"]}, {"b5fca47d6e265a34d765b563e78bb1eb": ["1290", "com.microsoft.office.word.WordActivity"]}, {"b5fca47d6e265a34d765b563e78bb1eb": ["1290", "com.microsoft.office.word.WordActivity"]}, {"b5fca47d6e265a34d765b563e78bb1eb": ["1290", "com.microsoft.office.word.WordActivity"]}, {"84c4d72c2c93d4656329afddf9476a1c": ["584", "com.microsoft.office.word.WordActivity"]}, {"567a373e090ffee098ee608cc0c0ce10": ["2", "com.microsoft.office.word.WordActivity"]}, {"567a373e090ffee098ee608cc0c0ce10": ["2", "com.microsoft.office.word.WordActivity"]}, {"567a373e090ffee098ee608cc0c0ce10": ["2", "com.microsoft.office.word.WordActivity"]}, {"44d86efbc2e78410a7b3f45ba9725c18": ["531", "com.microsoft.office.word.WordActivity"]}, {"6ec49be166510e6c9d374462e7aeafd3": ["752", "com.microsoft.office.word.WordActivity"]}, {"44d86efbc2e78410a7b3f45ba9725c18": ["531", "com.microsoft.office.word.WordActivity"]}, {"44d86efbc2e78410a7b3f45ba9725c18": ["531", "com.microsoft.office.word.WordActivity"]}, {"567a373e090ffee098ee608cc0c0ce10": ["2", "com.microsoft.office.word.WordActivity"]}, {"d859ffb39d0ec8dfb5cf439c72ac5212": ["35", "com.microsoft.office.word.WordActivity"]}, {"567a373e090ffee098ee608cc0c0ce10": ["2", "com.microsoft.office.word.WordActivity"]}, {"567a373e090ffee098ee608cc0c0ce10": ["2", "com.microsoft.office.word.WordActivity"]}, {"567a373e090ffee098ee608cc0c0ce10": ["2", "com.microsoft.office.word.WordActivity"]}, {"d859ffb39d0ec8dfb5cf439c72ac5212": ["35", "com.microsoft.office.word.WordActivity"]}, {"567a373e090ffee098ee608cc0c0ce10": ["2", "com.microsoft.office.word.WordActivity"]}, {"d9b6eab085856218fc7e1dc819765020": ["1507", "com.microsoft.office.word.WordActivity"]}, {"84c4d72c2c93d4656329afddf9476a1c": ["584", "com.microsoft.office.word.WordActivity"]}, {"84c4d72c2c93d4656329afddf9476a1c": ["584", "com.microsoft.office.word.WordActivity"]}, {"84c4d72c2c93d4656329afddf9476a1c": ["584", "com.microsoft.office.word.WordActivity"]}, {"44453cb6e518128038ff44c115b1ba54": ["1074", "com.microsoft.office.word.WordActivity"]}, {"ec436d8640c71fb831887b0235b6eb17": ["549", "com.microsoft.office.word.WordActivity"]}, {"ec436d8640c71fb831887b0235b6eb17": ["549", "com.microsoft.office.word.WordActivity"]}, {"ec436d8640c71fb831887b0235b6eb17": ["549", "com.microsoft.office.word.WordActivity"]}, {"ec436d8640c71fb831887b0235b6eb17": ["549", "com.microsoft.office.word.WordActivity"]}, {"ec436d8640c71fb831887b0235b6eb17": ["549", "com.microsoft.office.word.WordActivity"]}, {"ec436d8640c71fb831887b0235b6eb17": ["549", "com.microsoft.office.word.WordActivity"]}, {"ec436d8640c71fb831887b0235b6eb17": ["549", "com.microsoft.office.word.WordActivity"]}, {"ec436d8640c71fb831887b0235b6eb17": ["549", "com.microsoft.office.word.WordActivity"]}, {"a99659370524a57170c4b34cb9182ccf": ["453", "com.microsoft.office.word.WordActivity"]}, {"a99659370524a57170c4b34cb9182ccf": ["453", "com.microsoft.office.word.WordActivity"]}, {"a99659370524a57170c4b34cb9182ccf": ["453", "com.microsoft.office.word.WordActivity"]}, {"a99659370524a57170c4b34cb9182ccf": ["453", "com.microsoft.office.word.WordActivity"]}, {"44453cb6e518128038ff44c115b1ba54": ["1074", "com.microsoft.office.word.WordActivity"]}, {"44453cb6e518128038ff44c115b1ba54": ["1074", "com.microsoft.office.word.WordActivity"]}, {"44453cb6e518128038ff44c115b1ba54": ["1074", "com.microsoft.office.word.WordActivity"]}, {"567a373e090ffee098ee608cc0c0ce10": ["2", "com.microsoft.office.word.WordActivity"]}, {"44453cb6e518128038ff44c115b1ba54": ["1074", "com.microsoft.office.word.WordActivity"]}, {"44453cb6e518128038ff44c115b1ba54": ["1074", "com.microsoft.office.word.WordActivity"]}, {"d2797e4923c6f3240054c17134588209": ["1506", "com.microsoft.office.word.WordActivity"]}, {"44453cb6e518128038ff44c115b1ba54": ["1074", "com.microsoft.office.word.WordActivity"]}, {"44453cb6e518128038ff44c115b1ba54": ["1074", "com.microsoft.office.word.WordActivity"]}, {"44453cb6e518128038ff44c115b1ba54": ["1074", "com.microsoft.office.word.WordActivity"]}, {"93c86915c1ed64760ed8ff0ebc3c7da9": ["168", "com.microsoft.office.word.WordActivity"]}, {"93c86915c1ed64760ed8ff0ebc3c7da9": ["168", "com.microsoft.office.word.WordActivity"]}, {"93c86915c1ed64760ed8ff0ebc3c7da9": ["168", "com.microsoft.office.word.WordActivity"]}, {"93c86915c1ed64760ed8ff0ebc3c7da9": ["168", "com.microsoft.office.word.WordActivity"]}, {"93c86915c1ed64760ed8ff0ebc3c7da9": ["168", "com.microsoft.office.word.WordActivity"]}, {"b1c8e149d80eb1ee9d84e07cae046784": ["455", "com.microsoft.office.word.WordActivity"]}, {"b1c8e149d80eb1ee9d84e07cae046784": ["455", "com.microsoft.office.word.WordActivity"]}, {"44453cb6e518128038ff44c115b1ba54": ["1074", "com.microsoft.office.word.WordActivity"]}, {"44453cb6e518128038ff44c115b1ba54": ["1074", "com.microsoft.office.word.WordActivity"]}, {"44453cb6e518128038ff44c115b1ba54": ["1074", "com.microsoft.office.word.WordActivity"]}, {"a4bbacba6aae86078653504e8ef7a395": ["18", "com.microsoft.office.word.WordActivity"]}, {"82370f30304ec98cfc074928391cc12d": ["427", "com.microsoft.office.word.WordActivity"]}, {"82370f30304ec98cfc074928391cc12d": ["427", "com.microsoft.office.word.WordActivity"]}, {"82370f30304ec98cfc074928391cc12d": ["427", "com.microsoft.office.word.WordActivity"]}, {"7abd129f17d9501b962312abd468c30a": ["1508", "com.microsoft.office.word.WordActivity"]}, {"7abd129f17d9501b962312abd468c30a": ["1508", "com.microsoft.office.word.WordActivity"]}, {"82370f30304ec98cfc074928391cc12d": ["427", "com.microsoft.office.word.WordActivity"]}, {"82370f30304ec98cfc074928391cc12d": ["427", "com.microsoft.office.word.WordActivity"]}, {"4b5ccd1a2f30c84c2b2ba9454028de7d": ["1118", "com.microsoft.office.word.WordActivity"]}, {"4b5ccd1a2f30c84c2b2ba9454028de7d": ["1118", "com.microsoft.office.word.WordActivity"]}, {"4b5ccd1a2f30c84c2b2ba9454028de7d": ["1118", "com.microsoft.office.word.WordActivity"]}, {"a4bbacba6aae86078653504e8ef7a395": ["18", "com.microsoft.office.word.WordActivity"]}, {"82370f30304ec98cfc074928391cc12d": ["427", "com.microsoft.office.word.WordActivity"]}, {"82370f30304ec98cfc074928391cc12d": ["427", "com.microsoft.office.word.WordActivity"]}, {"82370f30304ec98cfc074928391cc12d": ["427", "com.microsoft.office.word.WordActivity"]}, {"82370f30304ec98cfc074928391cc12d": ["427", "com.microsoft.office.word.WordActivity"]}, {"5ec72badc508f8bc7bf81a5f08c2dbe7": ["1176", "com.microsoft.office.word.WordActivity"]}, {"5ec72badc508f8bc7bf81a5f08c2dbe7": ["1176", "com.microsoft.office.word.WordActivity"]}, {"5ec72badc508f8bc7bf81a5f08c2dbe7": ["1176", "com.microsoft.office.word.WordActivity"]}, {"5ec72badc508f8bc7bf81a5f08c2dbe7": ["1176", "com.microsoft.office.word.WordActivity"]}, {"5ec72badc508f8bc7bf81a5f08c2dbe7": ["1176", "com.microsoft.office.word.WordActivity"]}, {"5ec72badc508f8bc7bf81a5f08c2dbe7": ["1176", "com.microsoft.office.word.WordActivity"]}, {"292b6d304b4fee674a67461a2e8a4bad": ["1509", "com.microsoft.office.word.WordActivity"]}, {"292b6d304b4fee674a67461a2e8a4bad": ["1509", "com.microsoft.office.word.WordActivity"]}, {"292b6d304b4fee674a67461a2e8a4bad": ["1509", "com.microsoft.office.word.WordActivity"]}, {"292b6d304b4fee674a67461a2e8a4bad": ["1509", "com.microsoft.office.word.WordActivity"]}, {"93c86915c1ed64760ed8ff0ebc3c7da9": ["168", "com.microsoft.office.word.WordActivity"]}, {"b1c8e149d80eb1ee9d84e07cae046784": ["455", "com.microsoft.office.word.WordActivity"]}, {"b1c8e149d80eb1ee9d84e07cae046784": ["455", "com.microsoft.office.word.WordActivity"]}, {"730b9bd9c7fa0f3729267241ec90749f": ["415", "com.microsoft.office.word.WordActivity"]}, {"730b9bd9c7fa0f3729267241ec90749f": ["415", "com.microsoft.office.word.WordActivity"]}, {"730b9bd9c7fa0f3729267241ec90749f": ["415", "com.microsoft.office.word.WordActivity"]}, {"567a373e090ffee098ee608cc0c0ce10": ["2", "com.microsoft.office.word.WordActivity"]}, {"b1c8e149d80eb1ee9d84e07cae046784": ["455", "com.microsoft.office.word.WordActivity"]}, {"292b6d304b4fee674a67461a2e8a4bad": ["1509", "com.microsoft.office.word.WordActivity"]}, {"692a6a38932ca8bad165f7e5b87e8e4f": ["102", "com.microsoft.office.word.WordActivity"]}, {"762ca07420bf0a2057a38eddeb83383c": ["279", "com.microsoft.office.word.WordActivity"]}, {"fa6e65a89fe11f0910cb2f05d4ff4ed1": ["371", "com.microsoft.office.word.WordActivity"]}, {"fa6e65a89fe11f0910cb2f05d4ff4ed1": ["371", "com.microsoft.office.word.WordActivity"]}, {"7f139b05c31798c2109e51f9029f0c14": ["1510", "com.microsoft.office.word.WordActivity"]}, {"692a6a38932ca8bad165f7e5b87e8e4f": ["102", "com.microsoft.office.word.WordActivity"]}, {"692a6a38932ca8bad165f7e5b87e8e4f": ["102", "com.microsoft.office.word.WordActivity"]}, {"692a6a38932ca8bad165f7e5b87e8e4f": ["102", "com.microsoft.office.word.WordActivity"]}, {"8c1969dcdbc11c9fac41d5846672f196": ["1142", "com.microsoft.office.word.WordActivity"]}, {"8c1969dcdbc11c9fac41d5846672f196": ["1142", "com.microsoft.office.word.WordActivity"]}, {"692a6a38932ca8bad165f7e5b87e8e4f": ["102", "com.microsoft.office.word.WordActivity"]}, {"8c1969dcdbc11c9fac41d5846672f196": ["1142", "com.microsoft.office.word.WordActivity"]}, {"02a47404cb0151e6e89c239febe25c4d": ["133", "com.microsoft.office.word.WordActivity"]}, {"02a47404cb0151e6e89c239febe25c4d": ["133", "com.microsoft.office.word.WordActivity"]}, {"292b6d304b4fee674a67461a2e8a4bad": ["1509", "com.microsoft.office.word.WordActivity"]}, {"292b6d304b4fee674a67461a2e8a4bad": ["1509", "com.microsoft.office.word.WordActivity"]}, {"19ad8012057aa1733f66833cbe60f99d": ["103", "com.microsoft.office.word.WordActivity"]}, {"19ad8012057aa1733f66833cbe60f99d": ["103", "com.microsoft.office.word.WordActivity"]}, {"1d3616cf1f555caada349050bf87d58e": ["1511", "com.microsoft.office.word.WordActivity"]}, {"692a6a38932ca8bad165f7e5b87e8e4f": ["102", "com.microsoft.office.word.WordActivity"]}, {"692a6a38932ca8bad165f7e5b87e8e4f": ["102", "com.microsoft.office.word.WordActivity"]}, {"60fd5aab9b1b206711f10094c8d93721": ["1512", "com.microsoft.office.word.WordActivity"]}, {"692a6a38932ca8bad165f7e5b87e8e4f": ["102", "com.microsoft.office.word.WordActivity"]}, {"292b6d304b4fee674a67461a2e8a4bad": ["1509", "com.microsoft.office.word.WordActivity"]}, {"a72c5f54d3f52c3dc22700bfc2e80b61": ["721", "com.microsoft.office.word.WordActivity"]}, {"a72c5f54d3f52c3dc22700bfc2e80b61": ["721", "com.microsoft.office.word.WordActivity"]}, {"a72c5f54d3f52c3dc22700bfc2e80b61": ["721", "com.microsoft.office.word.WordActivity"]}, {"292b6d304b4fee674a67461a2e8a4bad": ["1509", "com.microsoft.office.word.WordActivity"]}, {"292b6d304b4fee674a67461a2e8a4bad": ["1509", "com.microsoft.office.word.WordActivity"]}, {"292b6d304b4fee674a67461a2e8a4bad": ["1509", "com.microsoft.office.word.WordActivity"]}, {"292b6d304b4fee674a67461a2e8a4bad": ["1509", "com.microsoft.office.word.WordActivity"]}, {"a4bbacba6aae86078653504e8ef7a395": ["18", "com.microsoft.office.word.WordActivity"]}, {"d783bbc91f390afcaf3979e119570563": ["58", "com.microsoft.office.word.WordActivity"]}, {"38d6577dc1e723fee3afd3b4c0672ca1": ["1264", "com.microsoft.office.word.WordActivity"]}, {"292b6d304b4fee674a67461a2e8a4bad": ["1509", "com.microsoft.office.word.WordActivity"]}, {"292b6d304b4fee674a67461a2e8a4bad": ["1509", "com.microsoft.office.word.WordActivity"]}, {"3fe723440d72b09c2f52c61ce0c0b7d2": ["1513", "com.microsoft.office.word.WordActivity"]}, {"d783bbc91f390afcaf3979e119570563": ["58", "com.microsoft.office.word.WordActivity"]}, {"a72c5f54d3f52c3dc22700bfc2e80b61": ["721", "com.microsoft.office.word.WordActivity"]}, {"86abcf443e98ae9da04b97be86bf285d": ["1514", "com.microsoft.office.word.WordActivity"]}, {"a72c5f54d3f52c3dc22700bfc2e80b61": ["721", "com.microsoft.office.word.WordActivity"]}, {"d0ae17c77a5d80f6356564bce9158163": ["1515", "com.microsoft.office.word.WordActivity"]}, {"a72c5f54d3f52c3dc22700bfc2e80b61": ["721", "com.microsoft.office.word.WordActivity"]}, {"86abcf443e98ae9da04b97be86bf285d": ["1514", "com.microsoft.office.word.WordActivity"]}, {"a72c5f54d3f52c3dc22700bfc2e80b61": ["721", "com.microsoft.office.word.WordActivity"]}, {"a72c5f54d3f52c3dc22700bfc2e80b61": ["721", "com.microsoft.office.word.WordActivity"]}, {"292b6d304b4fee674a67461a2e8a4bad": ["1509", "com.microsoft.office.word.WordActivity"]}, {"aec58ffcc4adf9ad931a9822fa67406e": ["1516", "com.microsoft.office.word.WordActivity"]}, {"aec58ffcc4adf9ad931a9822fa67406e": ["1516", "com.microsoft.office.word.WordActivity"]}, {"aec58ffcc4adf9ad931a9822fa67406e": ["1516", "com.microsoft.office.word.WordActivity"]}, {"aec58ffcc4adf9ad931a9822fa67406e": ["1516", "com.microsoft.office.word.WordActivity"]}, {"aec58ffcc4adf9ad931a9822fa67406e": ["1516", "com.microsoft.office.word.WordActivity"]}, {"a4bbacba6aae86078653504e8ef7a395": ["18", "com.microsoft.office.word.WordActivity"]}, {"d5f0f884a69a068a72bd1393023bc0a5": ["61", "com.microsoft.office.word.WordActivity"]}, {"b5632447136e30c6a736d8c1e8ff3a45": ["716", "com.microsoft.office.word.WordActivity"]}, {"d5f0f884a69a068a72bd1393023bc0a5": ["61", "com.microsoft.office.word.WordActivity"]}, {"a4bbacba6aae86078653504e8ef7a395": ["18", "com.microsoft.office.word.WordActivity"]}, {"d5f0f884a69a068a72bd1393023bc0a5": ["61", "com.microsoft.office.word.WordActivity"]}, {"a4bbacba6aae86078653504e8ef7a395": ["18", "com.microsoft.office.word.WordActivity"]}, {"d5f0f884a69a068a72bd1393023bc0a5": ["61", "com.microsoft.office.word.WordActivity"]}, {"a4bbacba6aae86078653504e8ef7a395": ["18", "com.microsoft.office.word.WordActivity"]}, {"d5f0f884a69a068a72bd1393023bc0a5": ["61", "com.microsoft.office.word.WordActivity"]}, {"a4bbacba6aae86078653504e8ef7a395": ["18", "com.microsoft.office.word.WordActivity"]}, {"d5f0f884a69a068a72bd1393023bc0a5": ["61", "com.microsoft.office.word.WordActivity"]}, {"a4bbacba6aae86078653504e8ef7a395": ["18", "com.microsoft.office.word.WordActivity"]}, {"d5f0f884a69a068a72bd1393023bc0a5": ["61", "com.microsoft.office.word.WordActivity"]}, {"a4bbacba6aae86078653504e8ef7a395": ["18", "com.microsoft.office.word.WordActivity"]}, {"d5f0f884a69a068a72bd1393023bc0a5": ["61", "com.microsoft.office.word.WordActivity"]}, {"a4bbacba6aae86078653504e8ef7a395": ["18", "com.microsoft.office.word.WordActivity"]}, {"d5f0f884a69a068a72bd1393023bc0a5": ["61", "com.microsoft.office.word.WordActivity"]}, {"a4bbacba6aae86078653504e8ef7a395": ["18", "com.microsoft.office.word.WordActivity"]}, {"292b6d304b4fee674a67461a2e8a4bad": ["1509", "com.microsoft.office.word.WordActivity"]}, {"cb947a5b4f62d76c73b85bda43753c42": ["57", "com.microsoft.office.word.WordActivity"]}, {"d783bbc91f390afcaf3979e119570563": ["58", "com.microsoft.office.word.WordActivity"]}, {"d783bbc91f390afcaf3979e119570563": ["58", "com.microsoft.office.word.WordActivity"]}, {"f48bca40cf21810acb5069d92e781fa5": ["720", "com.microsoft.office.word.WordActivity"]}, {"292b6d304b4fee674a67461a2e8a4bad": ["1509", "com.microsoft.office.word.WordActivity"]}, {"292b6d304b4fee674a67461a2e8a4bad": ["1509", "com.microsoft.office.word.WordActivity"]}, {"292b6d304b4fee674a67461a2e8a4bad": ["1509", "com.microsoft.office.word.WordActivity"]}, {"a4bbacba6aae86078653504e8ef7a395": ["18", "com.microsoft.office.word.WordActivity"]}, {"d5f0f884a69a068a72bd1393023bc0a5": ["61", "com.microsoft.office.word.WordActivity"]}, {"a4bbacba6aae86078653504e8ef7a395": ["18", "com.microsoft.office.word.WordActivity"]}, {"d5f0f884a69a068a72bd1393023bc0a5": ["61", "com.microsoft.office.word.WordActivity"]}, {"a4bbacba6aae86078653504e8ef7a395": ["18", "com.microsoft.office.word.WordActivity"]}, {"d5f0f884a69a068a72bd1393023bc0a5": ["61", "com.microsoft.office.word.WordActivity"]}, {"567a373e090ffee098ee608cc0c0ce10": ["2", "com.microsoft.office.word.WordActivity"]}, {"a4bbacba6aae86078653504e8ef7a395": ["18", "com.microsoft.office.word.WordActivity"]}, {"d5f0f884a69a068a72bd1393023bc0a5": ["61", "com.microsoft.office.word.WordActivity"]}, {"6e7765c3dbd913715a875d1654073aab": ["717", "com.microsoft.office.word.WordActivity"]}, {"d5f0f884a69a068a72bd1393023bc0a5": ["61", "com.microsoft.office.word.WordActivity"]}, {"d5f0f884a69a068a72bd1393023bc0a5": ["61", "com.microsoft.office.word.WordActivity"]}, {"d5f0f884a69a068a72bd1393023bc0a5": ["61", "com.microsoft.office.word.WordActivity"]}, {"567a373e090ffee098ee608cc0c0ce10": ["2", "com.microsoft.office.word.WordActivity"]}, {"567a373e090ffee098ee608cc0c0ce10": ["2", "com.microsoft.office.word.WordActivity"]}, {"567a373e090ffee098ee608cc0c0ce10": ["2", "com.microsoft.office.word.WordActivity"]}, {"567a373e090ffee098ee608cc0c0ce10": ["2", "com.microsoft.office.word.WordActivity"]}, {"a4bbacba6aae86078653504e8ef7a395": ["18", "com.microsoft.office.word.WordActivity"]}, {"d5f0f884a69a068a72bd1393023bc0a5": ["61", "com.microsoft.office.word.WordActivity"]}, {"a4bbacba6aae86078653504e8ef7a395": ["18", "com.microsoft.office.word.WordActivity"]}, {"d5f0f884a69a068a72bd1393023bc0a5": ["61", "com.microsoft.office.word.WordActivity"]}, {"567a373e090ffee098ee608cc0c0ce10": ["2", "com.microsoft.office.word.WordActivity"]}, {"6e7765c3dbd913715a875d1654073aab": ["717", "com.microsoft.office.word.WordActivity"]}, {"d5f0f884a69a068a72bd1393023bc0a5": ["61", "com.microsoft.office.word.WordActivity"]}, {"6e7765c3dbd913715a875d1654073aab": ["717", "com.microsoft.office.word.WordActivity"]}, {"6e7765c3dbd913715a875d1654073aab": ["717", "com.microsoft.office.word.WordActivity"]}, {"d5f0f884a69a068a72bd1393023bc0a5": ["61", "com.microsoft.office.word.WordActivity"]}, {"d5f0f884a69a068a72bd1393023bc0a5": ["61", "com.microsoft.office.word.WordActivity"]}, {"d5f0f884a69a068a72bd1393023bc0a5": ["61", "com.microsoft.office.word.WordActivity"]}, {"567a373e090ffee098ee608cc0c0ce10": ["2", "com.microsoft.office.word.WordActivity"]}, {"567a373e090ffee098ee608cc0c0ce10": ["2", "com.microsoft.office.word.WordActivity"]}, {"567a373e090ffee098ee608cc0c0ce10": ["2", "com.microsoft.office.word.WordActivity"]}, {"d859ffb39d0ec8dfb5cf439c72ac5212": ["35", "com.microsoft.office.word.WordActivity"]}, {"567a373e090ffee098ee608cc0c0ce10": ["2", "com.microsoft.office.word.WordActivity"]}, {"6e7765c3dbd913715a875d1654073aab": ["717", "com.microsoft.office.word.WordActivity"]}, {"d5f0f884a69a068a72bd1393023bc0a5": ["61", "com.microsoft.office.word.WordActivity"]}, {"a4bbacba6aae86078653504e8ef7a395": ["18", "com.microsoft.office.word.WordActivity"]}, {"d5f0f884a69a068a72bd1393023bc0a5": ["61", "com.microsoft.office.word.WordActivity"]}, {"a4bbacba6aae86078653504e8ef7a395": ["18", "com.microsoft.office.word.WordActivity"]}, {"a4bbacba6aae86078653504e8ef7a395": ["18", "com.microsoft.office.word.WordActivity"]}, {"a4bbacba6aae86078653504e8ef7a395": ["18", "com.microsoft.office.word.WordActivity"]}, {"d5f0f884a69a068a72bd1393023bc0a5": ["61", "com.microsoft.office.word.WordActivity"]}, {"d5f0f884a69a068a72bd1393023bc0a5": ["61", "com.microsoft.office.word.WordActivity"]}, {"d5f0f884a69a068a72bd1393023bc0a5": ["61", "com.microsoft.office.word.WordActivity"]}, {"a4bbacba6aae86078653504e8ef7a395": ["18", "com.microsoft.office.word.WordActivity"]}, {"d5f0f884a69a068a72bd1393023bc0a5": ["61", "com.microsoft.office.word.WordActivity"]}, {"a4bbacba6aae86078653504e8ef7a395": ["18", "com.microsoft.office.word.WordActivity"]}, {"d5f0f884a69a068a72bd1393023bc0a5": ["61", "com.microsoft.office.word.WordActivity"]}, {"567a373e090ffee098ee608cc0c0ce10": ["2", "com.microsoft.office.word.WordActivity"]}, {"567a373e090ffee098ee608cc0c0ce10": ["2", "com.microsoft.office.word.WordActivity"]}, {"567a373e090ffee098ee608cc0c0ce10": ["2", "com.microsoft.office.word.WordActivity"]}, {"9d01768aef4216467083cbcc2216e2ef": ["523", "com.microsoft.office.word.WordActivity"]}, {"567a373e090ffee098ee608cc0c0ce10": ["2", "com.microsoft.office.word.WordActivity"]}, {"a4bbacba6aae86078653504e8ef7a395": ["18", "com.microsoft.office.word.WordActivity"]}, {"d5f0f884a69a068a72bd1393023bc0a5": ["61", "com.microsoft.office.word.WordActivity"]}, {"a4bbacba6aae86078653504e8ef7a395": ["18", "com.microsoft.office.word.WordActivity"]}, {"d5f0f884a69a068a72bd1393023bc0a5": ["61", "com.microsoft.office.word.WordActivity"]}, {"a4bbacba6aae86078653504e8ef7a395": ["18", "com.microsoft.office.word.WordActivity"]}, {"d5f0f884a69a068a72bd1393023bc0a5": ["61", "com.microsoft.office.word.WordActivity"]}, {"6e7765c3dbd913715a875d1654073aab": ["717", "com.microsoft.office.word.WordActivity"]}, {"d5f0f884a69a068a72bd1393023bc0a5": ["61", "com.microsoft.office.word.WordActivity"]}, {"6e7765c3dbd913715a875d1654073aab": ["717", "com.microsoft.office.word.WordActivity"]}, {"d5f0f884a69a068a72bd1393023bc0a5": ["61", "com.microsoft.office.word.WordActivity"]}, {"a4bbacba6aae86078653504e8ef7a395": ["18", "com.microsoft.office.word.WordActivity"]}, {"a4bbacba6aae86078653504e8ef7a395": ["18", "com.microsoft.office.word.WordActivity"]}, {"d5f0f884a69a068a72bd1393023bc0a5": ["61", "com.microsoft.office.word.WordActivity"]}, {"a4bbacba6aae86078653504e8ef7a395": ["18", "com.microsoft.office.word.WordActivity"]}, {"d5f0f884a69a068a72bd1393023bc0a5": ["61", "com.microsoft.office.word.WordActivity"]}, {"567a373e090ffee098ee608cc0c0ce10": ["2", "com.microsoft.office.word.WordActivity"]}, {"567a373e090ffee098ee608cc0c0ce10": ["2", "com.microsoft.office.word.WordActivity"]}, {"567a373e090ffee098ee608cc0c0ce10": ["2", "com.microsoft.office.word.WordActivity"]}, {"567a373e090ffee098ee608cc0c0ce10": ["2", "com.microsoft.office.word.WordActivity"]}, {"567a373e090ffee098ee608cc0c0ce10": ["2", "com.microsoft.office.word.WordActivity"]}, {"567a373e090ffee098ee608cc0c0ce10": ["2", "com.microsoft.office.word.WordActivity"]}, {"d859ffb39d0ec8dfb5cf439c72ac5212": ["35", "com.microsoft.office.word.WordActivity"]}, {"567a373e090ffee098ee608cc0c0ce10": ["2", "com.microsoft.office.word.WordActivity"]}, {"567a373e090ffee098ee608cc0c0ce10": ["2", "com.microsoft.office.word.WordActivity"]}, {"567a373e090ffee098ee608cc0c0ce10": ["2", "com.microsoft.office.word.WordActivity"]}, {"d859ffb39d0ec8dfb5cf439c72ac5212": ["35", "com.microsoft.office.word.WordActivity"]}, {"d859ffb39d0ec8dfb5cf439c72ac5212": ["35", "com.microsoft.office.word.WordActivity"]}, {"d859ffb39d0ec8dfb5cf439c72ac5212": ["35", "com.microsoft.office.word.WordActivity"]}, {"567a373e090ffee098ee608cc0c0ce10": ["2", "com.microsoft.office.word.WordActivity"]}, {"567a373e090ffee098ee608cc0c0ce10": ["2", "com.microsoft.office.word.WordActivity"]}, {"567a373e090ffee098ee608cc0c0ce10": ["2", "com.microsoft.office.word.WordActivity"]}, {"567a373e090ffee098ee608cc0c0ce10": ["2", "com.microsoft.office.word.WordActivity"]}, {"567a373e090ffee098ee608cc0c0ce10": ["2", "com.microsoft.office.word.WordActivity"]}, {"567a373e090ffee098ee608cc0c0ce10": ["2", "com.microsoft.office.word.WordActivity"]}, {"44d86efbc2e78410a7b3f45ba9725c18": ["531", "com.microsoft.office.word.WordActivity"]}, {"d859ffb39d0ec8dfb5cf439c72ac5212": ["35", "com.microsoft.office.word.WordActivity"]}, {"567a373e090ffee098ee608cc0c0ce10": ["2", "com.microsoft.office.word.WordActivity"]}, {"44d86efbc2e78410a7b3f45ba9725c18": ["531", "com.microsoft.office.word.WordActivity"]}, {"44d86efbc2e78410a7b3f45ba9725c18": ["531", "com.microsoft.office.word.WordActivity"]}, {"44d86efbc2e78410a7b3f45ba9725c18": ["531", "com.microsoft.office.word.WordActivity"]}, {"44d86efbc2e78410a7b3f45ba9725c18": ["531", "com.microsoft.office.word.WordActivity"]}, {"44d86efbc2e78410a7b3f45ba9725c18": ["531", "com.microsoft.office.word.WordActivity"]}, {"9d01768aef4216467083cbcc2216e2ef": ["523", "com.microsoft.office.word.WordActivity"]}, {"9d01768aef4216467083cbcc2216e2ef": ["523", "com.microsoft.office.word.WordActivity"]}, {"9d01768aef4216467083cbcc2216e2ef": ["523", "com.microsoft.office.word.WordActivity"]}, {"d859ffb39d0ec8dfb5cf439c72ac5212": ["35", "com.microsoft.office.word.WordActivity"]}, {"567a373e090ffee098ee608cc0c0ce10": ["2", "com.microsoft.office.word.WordActivity"]}, {"a4bbacba6aae86078653504e8ef7a395": ["18", "com.microsoft.office.word.WordActivity"]}, {"d5f0f884a69a068a72bd1393023bc0a5": ["61", "com.microsoft.office.word.WordActivity"]}, {"a4bbacba6aae86078653504e8ef7a395": ["18", "com.microsoft.office.word.WordActivity"]}, {"d5f0f884a69a068a72bd1393023bc0a5": ["61", "com.microsoft.office.word.WordActivity"]}, {"a4bbacba6aae86078653504e8ef7a395": ["18", "com.microsoft.office.word.WordActivity"]}, {"d5f0f884a69a068a72bd1393023bc0a5": ["61", "com.microsoft.office.word.WordActivity"]}, {"a4bbacba6aae86078653504e8ef7a395": ["18", "com.microsoft.office.word.WordActivity"]}, {"d5f0f884a69a068a72bd1393023bc0a5": ["61", "com.microsoft.office.word.WordActivity"]}, {"6e7765c3dbd913715a875d1654073aab": ["717", "com.microsoft.office.word.WordActivity"]}, {"d5f0f884a69a068a72bd1393023bc0a5": ["61", "com.microsoft.office.word.WordActivity"]}, {"a4bbacba6aae86078653504e8ef7a395": ["18", "com.microsoft.office.word.WordActivity"]}, {"d5f0f884a69a068a72bd1393023bc0a5": ["61", "com.microsoft.office.word.WordActivity"]}, {"567a373e090ffee098ee608cc0c0ce10": ["2", "com.microsoft.office.word.WordActivity"]}, {"a4bbacba6aae86078653504e8ef7a395": ["18", "com.microsoft.office.word.WordActivity"]}, {"d5f0f884a69a068a72bd1393023bc0a5": ["61", "com.microsoft.office.word.WordActivity"]}, {"a4bbacba6aae86078653504e8ef7a395": ["18", "com.microsoft.office.word.WordActivity"]}, {"a4bbacba6aae86078653504e8ef7a395": ["18", "com.microsoft.office.word.WordActivity"]}, {"7205f8356dd2d03c66472f571e334e3c": ["1517", "com.microsoft.office.word.WordActivity"]}, {"a4bbacba6aae86078653504e8ef7a395": ["18", "com.microsoft.office.word.WordActivity"]}, {"d5f0f884a69a068a72bd1393023bc0a5": ["61", "com.microsoft.office.word.WordActivity"]}, {"6e7765c3dbd913715a875d1654073aab": ["717", "com.microsoft.office.word.WordActivity"]}, {"d5f0f884a69a068a72bd1393023bc0a5": ["61", "com.microsoft.office.word.WordActivity"]}, {"a4bbacba6aae86078653504e8ef7a395": ["18", "com.microsoft.office.word.WordActivity"]}, {"d5f0f884a69a068a72bd1393023bc0a5": ["61", "com.microsoft.office.word.WordActivity"]}, {"d5f0f884a69a068a72bd1393023bc0a5": ["61", "com.microsoft.office.word.WordActivity"]}, {"d5f0f884a69a068a72bd1393023bc0a5": ["61", "com.microsoft.office.word.WordActivity"]}, {"567a373e090ffee098ee608cc0c0ce10": ["2", "com.microsoft.office.word.WordActivity"]}, {"a4bbacba6aae86078653504e8ef7a395": ["18", "com.microsoft.office.word.WordActivity"]}, {"a4bbacba6aae86078653504e8ef7a395": ["18", "com.microsoft.office.word.WordActivity"]}, {"ec4f687d4cbeb3beaa28752a6d11844e": ["105", "com.microsoft.office.word.WordActivity"]}, {"a4bbacba6aae86078653504e8ef7a395": ["18", "com.microsoft.office.word.WordActivity"]}, {"a4bbacba6aae86078653504e8ef7a395": ["18", "com.microsoft.office.word.WordActivity"]}, {"ec4f687d4cbeb3beaa28752a6d11844e": ["105", "com.microsoft.office.word.WordActivity"]}, {"a4bbacba6aae86078653504e8ef7a395": ["18", "com.microsoft.office.word.WordActivity"]}, {"292b6d304b4fee674a67461a2e8a4bad": ["1509", "com.microsoft.office.word.WordActivity"]}, {"a72c5f54d3f52c3dc22700bfc2e80b61": ["721", "com.microsoft.office.word.WordActivity"]}, {"d0ae17c77a5d80f6356564bce9158163": ["1515", "com.microsoft.office.word.WordActivity"]}, {"a72c5f54d3f52c3dc22700bfc2e80b61": ["721", "com.microsoft.office.word.WordActivity"]}, {"a72c5f54d3f52c3dc22700bfc2e80b61": ["721", "com.microsoft.office.word.WordActivity"]}, {"36550c5dc28ae6d5c5bb8c74ffb0e7f5": ["76", "com.microsoft.office.word.WordActivity"]}, {"19b931b70c10538c5c90c9b6774756ad": ["1518", "com.microsoft.office.word.WordActivity"]}, {"19b931b70c10538c5c90c9b6774756ad": ["1518", "com.microsoft.office.word.WordActivity"]}, {"bf77b9ebda849e94f64861b731a51010": ["1274", "com.microsoft.office.word.WordActivity"]}, {"bf77b9ebda849e94f64861b731a51010": ["1274", "com.microsoft.office.word.WordActivity"]}, {"b5852423d31e4238fa1ca8d0da591eca": ["1519", "com.microsoft.office.word.WordActivity"]}, {"b5852423d31e4238fa1ca8d0da591eca": ["1519", "com.microsoft.office.word.WordActivity"]}, {"b5d04f54ba0e4ab848b46924d6f61a3a": ["11", "com.microsoft.office.word.WordActivity"]}, {"b5d04f54ba0e4ab848b46924d6f61a3a": ["11", "com.microsoft.office.word.WordActivity"]}, {"567a373e090ffee098ee608cc0c0ce10": ["2", "com.microsoft.office.word.WordActivity"]}, {"b5d04f54ba0e4ab848b46924d6f61a3a": ["11", "com.microsoft.office.word.WordActivity"]}, {"567a373e090ffee098ee608cc0c0ce10": ["2", "com.microsoft.office.word.WordActivity"]}, {"b5d04f54ba0e4ab848b46924d6f61a3a": ["11", "com.microsoft.office.word.WordActivity"]}, {"b5d04f54ba0e4ab848b46924d6f61a3a": ["11", "com.microsoft.office.word.WordActivity"]}, {"b5d04f54ba0e4ab848b46924d6f61a3a": ["11", "com.microsoft.office.word.WordActivity"]}, {"567a373e090ffee098ee608cc0c0ce10": ["2", "com.microsoft.office.word.WordActivity"]}, {"567a373e090ffee098ee608cc0c0ce10": ["2", "com.microsoft.office.word.WordActivity"]}, {"567a373e090ffee098ee608cc0c0ce10": ["2", "com.microsoft.office.word.WordActivity"]}, {"d859ffb39d0ec8dfb5cf439c72ac5212": ["35", "com.microsoft.office.word.WordActivity"]}, {"567a373e090ffee098ee608cc0c0ce10": ["2", "com.microsoft.office.word.WordActivity"]}, {"f36eab303b6b04daafd5f9d2c7cf77a5": ["34", "com.microsoft.office.word.WordActivity"]}, {"567a373e090ffee098ee608cc0c0ce10": ["2", "com.microsoft.office.word.WordActivity"]}, {"b5d04f54ba0e4ab848b46924d6f61a3a": ["11", "com.microsoft.office.word.WordActivity"]}, {"567a373e090ffee098ee608cc0c0ce10": ["2", "com.microsoft.office.word.WordActivity"]}, {"567a373e090ffee098ee608cc0c0ce10": ["2", "com.microsoft.office.word.WordActivity"]}, {"567a373e090ffee098ee608cc0c0ce10": ["2", "com.microsoft.office.word.WordActivity"]}, {"d859ffb39d0ec8dfb5cf439c72ac5212": ["35", "com.microsoft.office.word.WordActivity"]}, {"567a373e090ffee098ee608cc0c0ce10": ["2", "com.microsoft.office.word.WordActivity"]}, {"567a373e090ffee098ee608cc0c0ce10": ["2", "com.microsoft.office.word.WordActivity"]}, {"567a373e090ffee098ee608cc0c0ce10": ["2", "com.microsoft.office.word.WordActivity"]}, {"567a373e090ffee098ee608cc0c0ce10": ["2", "com.microsoft.office.word.WordActivity"]}, {"b5d04f54ba0e4ab848b46924d6f61a3a": ["11", "com.microsoft.office.word.WordActivity"]}, {"b5d04f54ba0e4ab848b46924d6f61a3a": ["11", "com.microsoft.office.word.WordActivity"]}, {"9410ce4c8990f07134979bd54842500a": ["463", "com.microsoft.office.word.WordActivity"]}, {"567a373e090ffee098ee608cc0c0ce10": ["2", "com.microsoft.office.word.WordActivity"]}, {"567a373e090ffee098ee608cc0c0ce10": ["2", "com.microsoft.office.word.WordActivity"]}, {"567a373e090ffee098ee608cc0c0ce10": ["2", "com.microsoft.office.word.WordActivity"]}, {"d859ffb39d0ec8dfb5cf439c72ac5212": ["35", "com.microsoft.office.word.WordActivity"]}, {"567a373e090ffee098ee608cc0c0ce10": ["2", "com.microsoft.office.word.WordActivity"]}, {"567a373e090ffee098ee608cc0c0ce10": ["2", "com.microsoft.office.word.WordActivity"]}, {"567a373e090ffee098ee608cc0c0ce10": ["2", "com.microsoft.office.word.WordActivity"]}, {"44d86efbc2e78410a7b3f45ba9725c18": ["531", "com.microsoft.office.word.WordActivity"]}, {"9d01768aef4216467083cbcc2216e2ef": ["523", "com.microsoft.office.word.WordActivity"]}, {"44d86efbc2e78410a7b3f45ba9725c18": ["531", "com.microsoft.office.word.WordActivity"]}, {"d859ffb39d0ec8dfb5cf439c72ac5212": ["35", "com.microsoft.office.word.WordActivity"]}, {"567a373e090ffee098ee608cc0c0ce10": ["2", "com.microsoft.office.word.WordActivity"]}, {"567a373e090ffee098ee608cc0c0ce10": ["2", "com.microsoft.office.word.WordActivity"]}, {"567a373e090ffee098ee608cc0c0ce10": ["2", "com.microsoft.office.word.WordActivity"]}, {"f36eab303b6b04daafd5f9d2c7cf77a5": ["34", "com.microsoft.office.word.WordActivity"]}, {"f36eab303b6b04daafd5f9d2c7cf77a5": ["34", "com.microsoft.office.word.WordActivity"]}, {"d859ffb39d0ec8dfb5cf439c72ac5212": ["35", "com.microsoft.office.word.WordActivity"]}, {"d859ffb39d0ec8dfb5cf439c72ac5212": ["35", "com.microsoft.office.word.WordActivity"]}, {"567a373e090ffee098ee608cc0c0ce10": ["2", "com.microsoft.office.word.WordActivity"]}, {"567a373e090ffee098ee608cc0c0ce10": ["2", "com.microsoft.office.word.WordActivity"]}, {"567a373e090ffee098ee608cc0c0ce10": ["2", "com.microsoft.office.word.WordActivity"]}, {"d859ffb39d0ec8dfb5cf439c72ac5212": ["35", "com.microsoft.office.word.WordActivity"]}, {"567a373e090ffee098ee608cc0c0ce10": ["2", "com.microsoft.office.word.WordActivity"]}, {"567a373e090ffee098ee608cc0c0ce10": ["2", "com.microsoft.office.word.WordActivity"]}, {"567a373e090ffee098ee608cc0c0ce10": ["2", "com.microsoft.office.word.WordActivity"]}, {"567a373e090ffee098ee608cc0c0ce10": ["2", "com.microsoft.office.word.WordActivity"]}, {"567a373e090ffee098ee608cc0c0ce10": ["2", "com.microsoft.office.word.WordActivity"]}, {"d859ffb39d0ec8dfb5cf439c72ac5212": ["35", "com.microsoft.office.word.WordActivity"]}, {"567a373e090ffee098ee608cc0c0ce10": ["2", "com.microsoft.office.word.WordActivity"]}, {"567a373e090ffee098ee608cc0c0ce10": ["2", "com.microsoft.office.word.WordActivity"]}, {"567a373e090ffee098ee608cc0c0ce10": ["2", "com.microsoft.office.word.WordActivity"]}, {"d859ffb39d0ec8dfb5cf439c72ac5212": ["35", "com.microsoft.office.word.WordActivity"]}, {"567a373e090ffee098ee608cc0c0ce10": ["2", "com.microsoft.office.word.WordActivity"]}, {"567a373e090ffee098ee608cc0c0ce10": ["2", "com.microsoft.office.word.WordActivity"]}, {"567a373e090ffee098ee608cc0c0ce10": ["2", "com.microsoft.office.word.WordActivity"]}, {"567a373e090ffee098ee608cc0c0ce10": ["2", "com.microsoft.office.word.WordActivity"]}, {"567a373e090ffee098ee608cc0c0ce10": ["2", "com.microsoft.office.word.WordActivity"]}, {"d859ffb39d0ec8dfb5cf439c72ac5212": ["35", "com.microsoft.office.word.WordActivity"]}, {"567a373e090ffee098ee608cc0c0ce10": ["2", "com.microsoft.office.word.WordActivity"]}, {"9410ce4c8990f07134979bd54842500a": ["463", "com.microsoft.office.word.WordActivity"]}, {"9410ce4c8990f07134979bd54842500a": ["463", "com.microsoft.office.word.WordActivity"]}, {"9410ce4c8990f07134979bd54842500a": ["463", "com.microsoft.office.word.WordActivity"]}, {"7a7f62309ecf159eac4c2f38951b48e5": ["649", "com.microsoft.office.word.WordActivity"]}, {"9410ce4c8990f07134979bd54842500a": ["463", "com.microsoft.office.word.WordActivity"]}, {"9410ce4c8990f07134979bd54842500a": ["463", "com.microsoft.office.word.WordActivity"]}, {"9410ce4c8990f07134979bd54842500a": ["463", "com.microsoft.office.word.WordActivity"]}, {"9410ce4c8990f07134979bd54842500a": ["463", "com.microsoft.office.word.WordActivity"]}, {"7a7f62309ecf159eac4c2f38951b48e5": ["649", "com.microsoft.office.word.WordActivity"]}, {"b5d04f54ba0e4ab848b46924d6f61a3a": ["11", "com.microsoft.office.word.WordActivity"]}, {"567a373e090ffee098ee608cc0c0ce10": ["2", "com.microsoft.office.word.WordActivity"]}, {"b5d04f54ba0e4ab848b46924d6f61a3a": ["11", "com.microsoft.office.word.WordActivity"]}, {"b5d04f54ba0e4ab848b46924d6f61a3a": ["11", "com.microsoft.office.word.WordActivity"]}, {"88b3dda3995393ddefacdfa07cf78d62": ["1520", "com.microsoft.office.word.WordActivity"]}, {"3c0e6343278026a9bd0ad799e6fa38a2": ["153", "com.microsoft.office.word.WordActivity"]}, {"3c0e6343278026a9bd0ad799e6fa38a2": ["153", "com.microsoft.office.word.WordActivity"]}, {"3c0e6343278026a9bd0ad799e6fa38a2": ["153", "com.microsoft.office.word.WordActivity"]}, {"bf77b9ebda849e94f64861b731a51010": ["1274", "com.microsoft.office.word.WordActivity"]}, {"40af705129002aca71790b46fc9dbba7": ["1300", "com.microsoft.office.word.WordActivity"]}, {"19b931b70c10538c5c90c9b6774756ad": ["1518", "com.microsoft.office.word.WordActivity"]}, {"a58e57dcb198f63ba01244020f5c6290": ["1521", "com.microsoft.office.word.WordActivity"]}, {"19b931b70c10538c5c90c9b6774756ad": ["1518", "com.microsoft.office.word.WordActivity"]}, {"19b931b70c10538c5c90c9b6774756ad": ["1518", "com.microsoft.office.word.WordActivity"]}, {"5094895d692b84be1a2de919091b07bc": ["1522", "com.microsoft.office.word.WordActivity"]}, {"c1794e24b1d1c498d975e6c90cab7f37": ["1523", "com.microsoft.office.word.WordActivity"]}, {"c9f2dd9e793e251c60b4298701c2c104": ["1524", "com.microsoft.office.word.WordActivity"]}, {"c9f2dd9e793e251c60b4298701c2c104": ["1524", "com.microsoft.office.word.WordActivity"]}, {"c9f2dd9e793e251c60b4298701c2c104": ["1524", "com.microsoft.office.word.WordActivity"]}, {"2b132b187d26ad26b502ae794ac638dd": ["1525", "com.microsoft.office.word.WordActivity"]}, {"2b132b187d26ad26b502ae794ac638dd": ["1525", "com.microsoft.office.word.WordActivity"]}, {"2b132b187d26ad26b502ae794ac638dd": ["1525", "com.microsoft.office.word.WordActivity"]}, {"1ad1829b38f52bbb65a491bb6d4f0955": ["1526", "com.microsoft.office.word.WordActivity"]}, {"1ad1829b38f52bbb65a491bb6d4f0955": ["1526", "com.microsoft.office.word.WordActivity"]}, {"b5d04f54ba0e4ab848b46924d6f61a3a": ["11", "com.microsoft.office.word.WordActivity"]}, {"b5d04f54ba0e4ab848b46924d6f61a3a": ["11", "com.microsoft.office.word.WordActivity"]}, {"b5d04f54ba0e4ab848b46924d6f61a3a": ["11", "com.microsoft.office.word.WordActivity"]}, {"b5d04f54ba0e4ab848b46924d6f61a3a": ["11", "com.microsoft.office.word.WordActivity"]}, {"b5d04f54ba0e4ab848b46924d6f61a3a": ["11", "com.microsoft.office.word.WordActivity"]}, {"b5d04f54ba0e4ab848b46924d6f61a3a": ["11", "com.microsoft.office.word.WordActivity"]}, {"422972bbea3b30b8ae18e93aac2169ce": ["1527", "com.microsoft.office.word.WordActivity"]}, {"292b6d304b4fee674a67461a2e8a4bad": ["1509", "com.microsoft.office.word.WordActivity"]}, {"aa55e89bf84e777122d239c0008f9e03": ["295", "com.microsoft.office.word.WordActivity"]}, {"d065a1c3d7b08e167e2eee68a5fbd051": ["1301", "com.microsoft.office.word.WordActivity"]}, {"6caed187f0e2f8aeec8a9cf1fa2b384e": ["98", "com.microsoft.office.word.WordActivity"]}, {"292b6d304b4fee674a67461a2e8a4bad": ["1509", "com.microsoft.office.word.WordActivity"]}, {"292b6d304b4fee674a67461a2e8a4bad": ["1509", "com.microsoft.office.word.WordActivity"]}, {"292b6d304b4fee674a67461a2e8a4bad": ["1509", "com.microsoft.office.word.WordActivity"]}, {"4bd5411ea5f2ed7aa46eaedd81002054": ["819", "com.microsoft.office.word.WordActivity"]}, {"4bd5411ea5f2ed7aa46eaedd81002054": ["819", "com.microsoft.office.word.WordActivity"]}, {"4bd5411ea5f2ed7aa46eaedd81002054": ["819", "com.microsoft.office.word.WordActivity"]}, {"7b107d2946e7005918d486aed514ef33": ["1291", "com.microsoft.office.word.WordActivity"]}, {"7b107d2946e7005918d486aed514ef33": ["1291", "com.microsoft.office.word.WordActivity"]}, {"7b107d2946e7005918d486aed514ef33": ["1291", "com.microsoft.office.word.WordActivity"]}, {"7b107d2946e7005918d486aed514ef33": ["1291", "com.microsoft.office.word.WordActivity"]}, {"7b107d2946e7005918d486aed514ef33": ["1291", "com.microsoft.office.word.WordActivity"]}, {"7b107d2946e7005918d486aed514ef33": ["1291", "com.microsoft.office.word.WordActivity"]}, {"7b107d2946e7005918d486aed514ef33": ["1291", "com.microsoft.office.word.WordActivity"]}, {"7b107d2946e7005918d486aed514ef33": ["1291", "com.microsoft.office.word.WordActivity"]}, {"7b107d2946e7005918d486aed514ef33": ["1291", "com.microsoft.office.word.WordActivity"]}, {"7b107d2946e7005918d486aed514ef33": ["1291", "com.microsoft.office.word.WordActivity"]}, {"4bd5411ea5f2ed7aa46eaedd81002054": ["819", "com.microsoft.office.word.WordActivity"]}, {"4bd5411ea5f2ed7aa46eaedd81002054": ["819", "com.microsoft.office.word.WordActivity"]}, {"4bd5411ea5f2ed7aa46eaedd81002054": ["819", "com.microsoft.office.word.WordActivity"]}, {"4bd5411ea5f2ed7aa46eaedd81002054": ["819", "com.microsoft.office.word.WordActivity"]}, {"4bd5411ea5f2ed7aa46eaedd81002054": ["819", "com.microsoft.office.word.WordActivity"]}, {"d36368e172591fb2c40574d7f1ee1646": ["1183", "com.microsoft.office.word.WordActivity"]}, {"d36368e172591fb2c40574d7f1ee1646": ["1183", "com.microsoft.office.word.WordActivity"]}, {"d36368e172591fb2c40574d7f1ee1646": ["1183", "com.microsoft.office.word.WordActivity"]}, {"7b107d2946e7005918d486aed514ef33": ["1291", "com.microsoft.office.word.WordActivity"]}, {"cb947a5b4f62d76c73b85bda43753c42": ["57", "com.microsoft.office.word.WordActivity"]}, {"d783bbc91f390afcaf3979e119570563": ["58", "com.microsoft.office.word.WordActivity"]}, {"d783bbc91f390afcaf3979e119570563": ["58", "com.microsoft.office.word.WordActivity"]}, {"f224ea30dab89ed6b811b0afc755dc26": ["80", "com.microsoft.office.word.WordActivity"]}, {"f224ea30dab89ed6b811b0afc755dc26": ["80", "com.microsoft.office.word.WordActivity"]}, {"fa6e65a89fe11f0910cb2f05d4ff4ed1": ["371", "com.microsoft.office.word.WordActivity"]}, {"0ee176041e172256926cbbdeffae7a72": ["1048", "com.microsoft.office.word.WordActivity"]}, {"292b6d304b4fee674a67461a2e8a4bad": ["1509", "com.microsoft.office.word.WordActivity"]}, {"f224ea30dab89ed6b811b0afc755dc26": ["80", "com.microsoft.office.word.WordActivity"]}, {"f224ea30dab89ed6b811b0afc755dc26": ["80", "com.microsoft.office.word.WordActivity"]}, {"a72c5f54d3f52c3dc22700bfc2e80b61": ["721", "com.microsoft.office.word.WordActivity"]}, {"d0ae17c77a5d80f6356564bce9158163": ["1515", "com.microsoft.office.word.WordActivity"]}, {"a72c5f54d3f52c3dc22700bfc2e80b61": ["721", "com.microsoft.office.word.WordActivity"]}, {"bf77b9ebda849e94f64861b731a51010": ["1274", "com.microsoft.office.word.WordActivity"]}, {"711e5b99cf5aac0513cabbca6366af2b": ["1298", "com.microsoft.office.word.WordActivity"]}, {"567a373e090ffee098ee608cc0c0ce10": ["2", "com.microsoft.office.word.WordActivity"]}, {"44d86efbc2e78410a7b3f45ba9725c18": ["531", "com.microsoft.office.word.WordActivity"]}, {"d859ffb39d0ec8dfb5cf439c72ac5212": ["35", "com.microsoft.office.word.WordActivity"]}, {"567a373e090ffee098ee608cc0c0ce10": ["2", "com.microsoft.office.word.WordActivity"]}, {"bf77b9ebda849e94f64861b731a51010": ["1274", "com.microsoft.office.word.WordActivity"]}, {"40af705129002aca71790b46fc9dbba7": ["1300", "com.microsoft.office.word.WordActivity"]}, {"bf77b9ebda849e94f64861b731a51010": ["1274", "com.microsoft.office.word.WordActivity"]}, {"40af705129002aca71790b46fc9dbba7": ["1300", "com.microsoft.office.word.WordActivity"]}, {"40af705129002aca71790b46fc9dbba7": ["1300", "com.microsoft.office.word.WordActivity"]}, {"40af705129002aca71790b46fc9dbba7": ["1300", "com.microsoft.office.word.WordActivity"]}, {"40af705129002aca71790b46fc9dbba7": ["1300", "com.microsoft.office.word.WordActivity"]}, {"1ad1829b38f52bbb65a491bb6d4f0955": ["1526", "com.microsoft.office.word.WordActivity"]}, {"bc84733fc8a02099881f11aa249d70e9": ["1528", "com.microsoft.office.word.WordActivity"]}, {"bc84733fc8a02099881f11aa249d70e9": ["1528", "com.microsoft.office.word.WordActivity"]}, {"292b6d304b4fee674a67461a2e8a4bad": ["1509", "com.microsoft.office.word.WordActivity"]}, {"292b6d304b4fee674a67461a2e8a4bad": ["1509", "com.microsoft.office.word.WordActivity"]}, {"292b6d304b4fee674a67461a2e8a4bad": ["1509", "com.microsoft.office.word.WordActivity"]}, {"19ad8012057aa1733f66833cbe60f99d": ["103", "com.microsoft.office.word.WordActivity"]}, {"19ad8012057aa1733f66833cbe60f99d": ["103", "com.microsoft.office.word.WordActivity"]}, {"aad12b00aaf501bc0e8129d33c965577": ["1529", "com.microsoft.office.word.WordActivity"]}, {"1b832e24e4c2a74455e7115d040dc84e": ["1530", "com.microsoft.office.word.WordActivity"]}, {"c4388eb413f73fb2bcef350178e861f4": ["520", "com.microsoft.office.word.WordActivity"]}, {"292b6d304b4fee674a67461a2e8a4bad": ["1509", "com.microsoft.office.word.WordActivity"]}, {"cb947a5b4f62d76c73b85bda43753c42": ["57", "com.microsoft.office.word.WordActivity"]}, {"292b6d304b4fee674a67461a2e8a4bad": ["1509", "com.microsoft.office.word.WordActivity"]}, {"567a373e090ffee098ee608cc0c0ce10": ["2", "com.microsoft.office.word.WordActivity"]}, {"292b6d304b4fee674a67461a2e8a4bad": ["1509", "com.microsoft.office.word.WordActivity"]}, {"292b6d304b4fee674a67461a2e8a4bad": ["1509", "com.microsoft.office.word.WordActivity"]}, {"88d6ddca00820e9de920e4ad841f1875": ["63", "com.microsoft.office.word.WordActivity"]}, {"545c7b0ed5ef5756d5a079ad497e75e4": ["64", "com.microsoft.office.word.WordActivity"]}, {"88d6ddca00820e9de920e4ad841f1875": ["63", "com.microsoft.office.word.WordActivity"]}, {"546c25de5e9dd816e696338931de73b3": ["1311", "com.microsoft.office.word.WordActivity"]}, {"546c25de5e9dd816e696338931de73b3": ["1311", "com.microsoft.office.word.WordActivity"]}, {"19ad8012057aa1733f66833cbe60f99d": ["103", "com.microsoft.office.word.WordActivity"]}, {"292b6d304b4fee674a67461a2e8a4bad": ["1509", "com.microsoft.office.word.WordActivity"]}, {"f48bca40cf21810acb5069d92e781fa5": ["720", "com.microsoft.office.word.WordActivity"]}, {"bf65d2a51f5087c377e53c65daa29f16": ["1531", "com.microsoft.office.word.WordActivity"]}, {"813f154c166094e3cd4e26c8afe6ac8e": ["1321", "com.microsoft.office.word.WordActivity"]}, {"813f154c166094e3cd4e26c8afe6ac8e": ["1321", "com.microsoft.office.word.WordActivity"]}, {"813f154c166094e3cd4e26c8afe6ac8e": ["1321", "com.microsoft.office.word.WordActivity"]}, {"fc458146479fc68a440985ba9cdaeb0f": ["1332", "com.microsoft.office.word.WordActivity"]}, {"813f154c166094e3cd4e26c8afe6ac8e": ["1321", "com.microsoft.office.word.WordActivity"]}, {"813f154c166094e3cd4e26c8afe6ac8e": ["1321", "com.microsoft.office.word.WordActivity"]}, {"bf77b9ebda849e94f64861b731a51010": ["1274", "com.microsoft.office.word.WordActivity"]}, {"bf77b9ebda849e94f64861b731a51010": ["1274", "com.microsoft.office.word.WordActivity"]}, {"5094895d692b84be1a2de919091b07bc": ["1522", "com.microsoft.office.word.WordActivity"]}, {"c1794e24b1d1c498d975e6c90cab7f37": ["1523", "com.microsoft.office.word.WordActivity"]}, {"567a373e090ffee098ee608cc0c0ce10": ["2", "com.microsoft.office.word.WordActivity"]}, {"567a373e090ffee098ee608cc0c0ce10": ["2", "com.microsoft.office.word.WordActivity"]}, {"567a373e090ffee098ee608cc0c0ce10": ["2", "com.microsoft.office.word.WordActivity"]}, {"567a373e090ffee098ee608cc0c0ce10": ["2", "com.microsoft.office.word.WordActivity"]}, {"567a373e090ffee098ee608cc0c0ce10": ["2", "com.microsoft.office.word.WordActivity"]}, {"567a373e090ffee098ee608cc0c0ce10": ["2", "com.microsoft.office.word.WordActivity"]}, {"8a38b6d4bb1fe86c4a128fde04d59dc8": ["1532", "com.microsoft.office.word.WordActivity"]}, {"8a38b6d4bb1fe86c4a128fde04d59dc8": ["1532", "com.microsoft.office.word.WordActivity"]}, {"79f625f053eec9e329dcf6a6343aff3f": ["1473", "com.microsoft.office.word.WordActivity"]}, {"d5f0f884a69a068a72bd1393023bc0a5": ["61", "com.microsoft.office.word.WordActivity"]}, {"567a373e090ffee098ee608cc0c0ce10": ["2", "com.microsoft.office.word.WordActivity"]}, {"864698960b88bd0e95df9a3b7994fd56": ["13", "com.microsoft.office.word.WordActivity"]}, {"864698960b88bd0e95df9a3b7994fd56": ["13", "com.microsoft.office.word.WordActivity"]}, {"864698960b88bd0e95df9a3b7994fd56": ["13", "com.microsoft.office.word.WordActivity"]}, {"d859ffb39d0ec8dfb5cf439c72ac5212": ["35", "com.microsoft.office.word.WordActivity"]}, {"d859ffb39d0ec8dfb5cf439c72ac5212": ["35", "com.microsoft.office.word.WordActivity"]}, {"d859ffb39d0ec8dfb5cf439c72ac5212": ["35", "com.microsoft.office.word.WordActivity"]}, {"567a373e090ffee098ee608cc0c0ce10": ["2", "com.microsoft.office.word.WordActivity"]}, {"567a373e090ffee098ee608cc0c0ce10": ["2", "com.microsoft.office.word.WordActivity"]}, {"567a373e090ffee098ee608cc0c0ce10": ["2", "com.microsoft.office.word.WordActivity"]}, {"d859ffb39d0ec8dfb5cf439c72ac5212": ["35", "com.microsoft.office.word.WordActivity"]}, {"567a373e090ffee098ee608cc0c0ce10": ["2", "com.microsoft.office.word.WordActivity"]}, {"79f625f053eec9e329dcf6a6343aff3f": ["1473", "com.microsoft.office.word.WordActivity"]}, {"79f625f053eec9e329dcf6a6343aff3f": ["1473", "com.microsoft.office.word.WordActivity"]}, {"35950a9773a659a17bef51acb52b61ac": ["1533", "com.microsoft.office.word.WordActivity"]}, {"79f625f053eec9e329dcf6a6343aff3f": ["1473", "com.microsoft.office.word.WordActivity"]}, {"d5f0f884a69a068a72bd1393023bc0a5": ["61", "com.microsoft.office.word.WordActivity"]}, {"a09396097ff8fcc6deb3924122b02fc7": ["766", "com.microsoft.office.word.WordActivity"]}, {"d5f0f884a69a068a72bd1393023bc0a5": ["61", "com.microsoft.office.word.WordActivity"]}, {"a09396097ff8fcc6deb3924122b02fc7": ["766", "com.microsoft.office.word.WordActivity"]}, {"d5f0f884a69a068a72bd1393023bc0a5": ["61", "com.microsoft.office.word.WordActivity"]}, {"567a373e090ffee098ee608cc0c0ce10": ["2", "com.microsoft.office.word.WordActivity"]}, {"9d01768aef4216467083cbcc2216e2ef": ["523", "com.microsoft.office.word.WordActivity"]}, {"9d01768aef4216467083cbcc2216e2ef": ["523", "com.microsoft.office.word.WordActivity"]}]