[{"9fdfc3e5ca1d2108f5a2a473a0f72d73": ["222", "com.sonymobile.sketch.dashboard.DashboardActivity"]}, {"0b3f6c87c2249966639cc97362218329": ["0", "com.sonymobile.sketch.dashboard.DashboardActivity"]}, {"ca9bb9a6441f354ec95b974f0a6a67da": ["1", "com.sonymobile.sketch.dashboard.IntroductionActivity"]}, {"83c11de8e47437bed1ddc15f0a180055": ["41", "com.sonymobile.sketch.dashboard.DashboardActivity"]}, {"80bc86d1713f66000209f690a53f61ca": ["3", "com.sonymobile.sketch.tutorial.TutorialActivity"]}, {"83c11de8e47437bed1ddc15f0a180055": ["41", "com.sonymobile.sketch.dashboard.DashboardActivity"]}, {"ea2f221724b68ac6d81e52bef5396052": ["2", "com.sonymobile.sketch.dashboard.DashboardActivity"]}, {"ea2f221724b68ac6d81e52bef5396052": ["2", "com.sonymobile.sketch.dashboard.DashboardActivity"]}, {"22d41362a606dcb6bfd12d7f70ff1876": ["290", "com.sonymobile.sketch.dashboard.DashboardActivity"]}, {"b887b316562e75d5fb7e423c66bcfc4f": ["6", "com.sonymobile.sketch.dashboard.DashboardActivity"]}, {"a2ab1f0667ca630bee1e1e528c695e2e": ["14", "com.sonymobile.sketch.SketchEditorActivity"]}, {"f87d6215bc6630081015da1a4eada123": ["19", "com.sonymobile.sketch.SketchEditorActivity"]}, {"a2ab1f0667ca630bee1e1e528c695e2e": ["14", "com.sonymobile.sketch.SketchEditorActivity"]}, {"a2ab1f0667ca630bee1e1e528c695e2e": ["14", "com.sonymobile.sketch.SketchEditorActivity"]}, {"a2ab1f0667ca630bee1e1e528c695e2e": ["14", "com.sonymobile.sketch.SketchEditorActivity"]}, {"a2ab1f0667ca630bee1e1e528c695e2e": ["14", "com.sonymobile.sketch.SketchEditorActivity"]}, {"a2ab1f0667ca630bee1e1e528c695e2e": ["14", "com.sonymobile.sketch.SketchEditorActivity"]}, {"a2ab1f0667ca630bee1e1e528c695e2e": ["14", "com.sonymobile.sketch.SketchEditorActivity"]}, {"a2ab1f0667ca630bee1e1e528c695e2e": ["14", "com.sonymobile.sketch.SketchEditorActivity"]}, {"a2ab1f0667ca630bee1e1e528c695e2e": ["14", "com.sonymobile.sketch.SketchEditorActivity"]}, {"a2ab1f0667ca630bee1e1e528c695e2e": ["14", "com.sonymobile.sketch.SketchEditorActivity"]}, {"a2ab1f0667ca630bee1e1e528c695e2e": ["14", "com.sonymobile.sketch.SketchEditorActivity"]}, {"a2ab1f0667ca630bee1e1e528c695e2e": ["14", "com.sonymobile.sketch.SketchEditorActivity"]}, {"a2ab1f0667ca630bee1e1e528c695e2e": ["14", "com.sonymobile.sketch.SketchEditorActivity"]}, {"a2ab1f0667ca630bee1e1e528c695e2e": ["14", "com.sonymobile.sketch.SketchEditorActivity"]}, {"a2ab1f0667ca630bee1e1e528c695e2e": ["14", "com.sonymobile.sketch.SketchEditorActivity"]}, {"a2ab1f0667ca630bee1e1e528c695e2e": ["14", "com.sonymobile.sketch.SketchEditorActivity"]}, {"a2ab1f0667ca630bee1e1e528c695e2e": ["14", "com.sonymobile.sketch.SketchEditorActivity"]}, {"a2ab1f0667ca630bee1e1e528c695e2e": ["14", "com.sonymobile.sketch.SketchEditorActivity"]}, {"a2ab1f0667ca630bee1e1e528c695e2e": ["14", "com.sonymobile.sketch.SketchEditorActivity"]}, {"a2ab1f0667ca630bee1e1e528c695e2e": ["14", "com.sonymobile.sketch.SketchEditorActivity"]}, {"a2ab1f0667ca630bee1e1e528c695e2e": ["14", "com.sonymobile.sketch.SketchEditorActivity"]}, {"374abadf1d7ad1dba2b2deacbde4f625": ["30", "com.sonymobile.sketch.SketchEditorActivity"]}, {"746e4719157d6661d514f079dece9122": ["226", "com.sonymobile.sketch.dashboard.DashboardActivity"]}, {"dc2e24a98fea7381b404bad5009c08eb": ["8", "com.sonymobile.sketch.login.SignInActivity"]}]