[{"414fd3ae3a8d8982541867ebf74f93f4": ["0", "com.duolingo.app.LoginActivity"]}, {"a3765483c5e26a073f0216d354f93728": ["9", "com.duolingo.app.LoginActivity"]}, {"1065f4cc60c574662a01bb63d3c37a50": ["10", "com.duolingo.app.LoginActivity"]}, {"3dbca313ccdaaaab0f7695b8626329ce": ["4", "com.duolingo.app.WelcomeFlowActivity"]}, {"6d56c77b62117b7964b3c54c49a3c11a": ["11", "com.duolingo.app.HomeActivity"]}, {"51771d9fe4a9a4a3b12da2489452313e": ["12", "com.duolingo.app.HomeActivity"]}, {"c0e0f039790532be2a456560f903f573": ["6", "com.duolingo.app.SignupActivity"]}, {"98c7b3297fb4365a461f4fff0f80e9a0": ["8", "com.duolingo.app.SignupActivity"]}, {"98c7b3297fb4365a461f4fff0f80e9a0": ["8", "com.duolingo.app.SignupActivity"]}, {"4401cfdd918b5ba75436e62183774b99": ["13", "com.duolingo.app.HomeActivity"]}, {"51771d9fe4a9a4a3b12da2489452313e": ["12", "com.duolingo.app.HomeActivity"]}, {"c0e0f039790532be2a456560f903f573": ["6", "com.duolingo.app.SignupActivity"]}, {"d8f02137ddd9dff6038c9327bb7453c1": ["7", "com.facebook.FacebookActivity"]}, {"d8f02137ddd9dff6038c9327bb7453c1": ["7", "com.facebook.FacebookActivity"]}, {"c0e0f039790532be2a456560f903f573": ["6", "com.duolingo.app.SignupActivity"]}, {"d8f02137ddd9dff6038c9327bb7453c1": ["7", "com.facebook.FacebookActivity"]}, {"d8f02137ddd9dff6038c9327bb7453c1": ["7", "com.facebook.FacebookActivity"]}, {"d8f02137ddd9dff6038c9327bb7453c1": ["7", "com.facebook.FacebookActivity"]}, {"d8f02137ddd9dff6038c9327bb7453c1": ["7", "com.facebook.FacebookActivity"]}, {"d8f02137ddd9dff6038c9327bb7453c1": ["7", "com.facebook.FacebookActivity"]}, {"d8f02137ddd9dff6038c9327bb7453c1": ["7", "com.facebook.FacebookActivity"]}, {"d8f02137ddd9dff6038c9327bb7453c1": ["7", "com.facebook.FacebookActivity"]}, {"d8f02137ddd9dff6038c9327bb7453c1": ["7", "com.facebook.FacebookActivity"]}, {"d8f02137ddd9dff6038c9327bb7453c1": ["7", "com.facebook.FacebookActivity"]}, {"d8f02137ddd9dff6038c9327bb7453c1": ["7", "com.facebook.FacebookActivity"]}, {"d8f02137ddd9dff6038c9327bb7453c1": ["7", "com.facebook.FacebookActivity"]}, {"d8f02137ddd9dff6038c9327bb7453c1": ["7", "com.facebook.FacebookActivity"]}, {"d8f02137ddd9dff6038c9327bb7453c1": ["7", "com.facebook.FacebookActivity"]}, {"d8f02137ddd9dff6038c9327bb7453c1": ["7", "com.facebook.FacebookActivity"]}, {"d8f02137ddd9dff6038c9327bb7453c1": ["7", "com.facebook.FacebookActivity"]}, {"d8f02137ddd9dff6038c9327bb7453c1": ["7", "com.facebook.FacebookActivity"]}, {"d8f02137ddd9dff6038c9327bb7453c1": ["7", "com.facebook.FacebookActivity"]}, {"d8f02137ddd9dff6038c9327bb7453c1": ["7", "com.facebook.FacebookActivity"]}, {"d8f02137ddd9dff6038c9327bb7453c1": ["7", "com.facebook.FacebookActivity"]}, {"d8f02137ddd9dff6038c9327bb7453c1": ["7", "com.facebook.FacebookActivity"]}, {"d8f02137ddd9dff6038c9327bb7453c1": ["7", "com.facebook.FacebookActivity"]}, {"d8f02137ddd9dff6038c9327bb7453c1": ["7", "com.facebook.FacebookActivity"]}, {"d8f02137ddd9dff6038c9327bb7453c1": ["7", "com.facebook.FacebookActivity"]}, {"d8f02137ddd9dff6038c9327bb7453c1": ["7", "com.facebook.FacebookActivity"]}, {"d8f02137ddd9dff6038c9327bb7453c1": ["7", "com.facebook.FacebookActivity"]}, {"d8f02137ddd9dff6038c9327bb7453c1": ["7", "com.facebook.FacebookActivity"]}, {"d8f02137ddd9dff6038c9327bb7453c1": ["7", "com.facebook.FacebookActivity"]}, {"d8f02137ddd9dff6038c9327bb7453c1": ["7", "com.facebook.FacebookActivity"]}, {"d8f02137ddd9dff6038c9327bb7453c1": ["7", "com.facebook.FacebookActivity"]}, {"d8f02137ddd9dff6038c9327bb7453c1": ["7", "com.facebook.FacebookActivity"]}, {"d8f02137ddd9dff6038c9327bb7453c1": ["7", "com.facebook.FacebookActivity"]}, {"d8f02137ddd9dff6038c9327bb7453c1": ["7", "com.facebook.FacebookActivity"]}, {"d8f02137ddd9dff6038c9327bb7453c1": ["7", "com.facebook.FacebookActivity"]}, {"d8f02137ddd9dff6038c9327bb7453c1": ["7", "com.facebook.FacebookActivity"]}, {"d8f02137ddd9dff6038c9327bb7453c1": ["7", "com.facebook.FacebookActivity"]}, {"d8f02137ddd9dff6038c9327bb7453c1": ["7", "com.facebook.FacebookActivity"]}, {"d8f02137ddd9dff6038c9327bb7453c1": ["7", "com.facebook.FacebookActivity"]}, {"d8f02137ddd9dff6038c9327bb7453c1": ["7", "com.facebook.FacebookActivity"]}, {"d8f02137ddd9dff6038c9327bb7453c1": ["7", "com.facebook.FacebookActivity"]}, {"d8f02137ddd9dff6038c9327bb7453c1": ["7", "com.facebook.FacebookActivity"]}, {"d8f02137ddd9dff6038c9327bb7453c1": ["7", "com.facebook.FacebookActivity"]}, {"d8f02137ddd9dff6038c9327bb7453c1": ["7", "com.facebook.FacebookActivity"]}, {"d8f02137ddd9dff6038c9327bb7453c1": ["7", "com.facebook.FacebookActivity"]}, {"d8f02137ddd9dff6038c9327bb7453c1": ["7", "com.facebook.FacebookActivity"]}, {"d8f02137ddd9dff6038c9327bb7453c1": ["7", "com.facebook.FacebookActivity"]}, {"d8f02137ddd9dff6038c9327bb7453c1": ["7", "com.facebook.FacebookActivity"]}, {"d8f02137ddd9dff6038c9327bb7453c1": ["7", "com.facebook.FacebookActivity"]}, {"d8f02137ddd9dff6038c9327bb7453c1": ["7", "com.facebook.FacebookActivity"]}, {"d8f02137ddd9dff6038c9327bb7453c1": ["7", "com.facebook.FacebookActivity"]}, {"d8f02137ddd9dff6038c9327bb7453c1": ["7", "com.facebook.FacebookActivity"]}, {"d8f02137ddd9dff6038c9327bb7453c1": ["7", "com.facebook.FacebookActivity"]}, {"d8f02137ddd9dff6038c9327bb7453c1": ["7", "com.facebook.FacebookActivity"]}, {"d8f02137ddd9dff6038c9327bb7453c1": ["7", "com.facebook.FacebookActivity"]}, {"d8f02137ddd9dff6038c9327bb7453c1": ["7", "com.facebook.FacebookActivity"]}, {"d8f02137ddd9dff6038c9327bb7453c1": ["7", "com.facebook.FacebookActivity"]}, {"d8f02137ddd9dff6038c9327bb7453c1": ["7", "com.facebook.FacebookActivity"]}, {"d8f02137ddd9dff6038c9327bb7453c1": ["7", "com.facebook.FacebookActivity"]}, {"d8f02137ddd9dff6038c9327bb7453c1": ["7", "com.facebook.FacebookActivity"]}, {"d8f02137ddd9dff6038c9327bb7453c1": ["7", "com.facebook.FacebookActivity"]}, {"d8f02137ddd9dff6038c9327bb7453c1": ["7", "com.facebook.FacebookActivity"]}, {"d8f02137ddd9dff6038c9327bb7453c1": ["7", "com.facebook.FacebookActivity"]}, {"d8f02137ddd9dff6038c9327bb7453c1": ["7", "com.facebook.FacebookActivity"]}, {"d8f02137ddd9dff6038c9327bb7453c1": ["7", "com.facebook.FacebookActivity"]}, {"d8f02137ddd9dff6038c9327bb7453c1": ["7", "com.facebook.FacebookActivity"]}, {"d8f02137ddd9dff6038c9327bb7453c1": ["7", "com.facebook.FacebookActivity"]}, {"d8f02137ddd9dff6038c9327bb7453c1": ["7", "com.facebook.FacebookActivity"]}, {"d8f02137ddd9dff6038c9327bb7453c1": ["7", "com.facebook.FacebookActivity"]}, {"d8f02137ddd9dff6038c9327bb7453c1": ["7", "com.facebook.FacebookActivity"]}, {"d8f02137ddd9dff6038c9327bb7453c1": ["7", "com.facebook.FacebookActivity"]}, {"d8f02137ddd9dff6038c9327bb7453c1": ["7", "com.facebook.FacebookActivity"]}, {"d8f02137ddd9dff6038c9327bb7453c1": ["7", "com.facebook.FacebookActivity"]}, {"d8f02137ddd9dff6038c9327bb7453c1": ["7", "com.facebook.FacebookActivity"]}, {"d8f02137ddd9dff6038c9327bb7453c1": ["7", "com.facebook.FacebookActivity"]}, {"d8f02137ddd9dff6038c9327bb7453c1": ["7", "com.facebook.FacebookActivity"]}, {"d8f02137ddd9dff6038c9327bb7453c1": ["7", "com.facebook.FacebookActivity"]}, {"d8f02137ddd9dff6038c9327bb7453c1": ["7", "com.facebook.FacebookActivity"]}, {"d8f02137ddd9dff6038c9327bb7453c1": ["7", "com.facebook.FacebookActivity"]}, {"d8f02137ddd9dff6038c9327bb7453c1": ["7", "com.facebook.FacebookActivity"]}, {"d8f02137ddd9dff6038c9327bb7453c1": ["7", "com.facebook.FacebookActivity"]}, {"d8f02137ddd9dff6038c9327bb7453c1": ["7", "com.facebook.FacebookActivity"]}, {"d8f02137ddd9dff6038c9327bb7453c1": ["7", "com.facebook.FacebookActivity"]}, {"d8f02137ddd9dff6038c9327bb7453c1": ["7", "com.facebook.FacebookActivity"]}, {"d8f02137ddd9dff6038c9327bb7453c1": ["7", "com.facebook.FacebookActivity"]}, {"d8f02137ddd9dff6038c9327bb7453c1": ["7", "com.facebook.FacebookActivity"]}, {"d8f02137ddd9dff6038c9327bb7453c1": ["7", "com.facebook.FacebookActivity"]}, {"d8f02137ddd9dff6038c9327bb7453c1": ["7", "com.facebook.FacebookActivity"]}, {"d8f02137ddd9dff6038c9327bb7453c1": ["7", "com.facebook.FacebookActivity"]}, {"d8f02137ddd9dff6038c9327bb7453c1": ["7", "com.facebook.FacebookActivity"]}, {"d8f02137ddd9dff6038c9327bb7453c1": ["7", "com.facebook.FacebookActivity"]}, {"d8f02137ddd9dff6038c9327bb7453c1": ["7", "com.facebook.FacebookActivity"]}, {"d8f02137ddd9dff6038c9327bb7453c1": ["7", "com.facebook.FacebookActivity"]}, {"d8f02137ddd9dff6038c9327bb7453c1": ["7", "com.facebook.FacebookActivity"]}, {"d8f02137ddd9dff6038c9327bb7453c1": ["7", "com.facebook.FacebookActivity"]}, {"d8f02137ddd9dff6038c9327bb7453c1": ["7", "com.facebook.FacebookActivity"]}, {"d8f02137ddd9dff6038c9327bb7453c1": ["7", "com.facebook.FacebookActivity"]}, {"d8f02137ddd9dff6038c9327bb7453c1": ["7", "com.facebook.FacebookActivity"]}, {"d8f02137ddd9dff6038c9327bb7453c1": ["7", "com.facebook.FacebookActivity"]}, {"d8f02137ddd9dff6038c9327bb7453c1": ["7", "com.facebook.FacebookActivity"]}, {"d8f02137ddd9dff6038c9327bb7453c1": ["7", "com.facebook.FacebookActivity"]}, {"d8f02137ddd9dff6038c9327bb7453c1": ["7", "com.facebook.FacebookActivity"]}, {"d8f02137ddd9dff6038c9327bb7453c1": ["7", "com.facebook.FacebookActivity"]}, {"d8f02137ddd9dff6038c9327bb7453c1": ["7", "com.facebook.FacebookActivity"]}, {"d8f02137ddd9dff6038c9327bb7453c1": ["7", "com.facebook.FacebookActivity"]}, {"d8f02137ddd9dff6038c9327bb7453c1": ["7", "com.facebook.FacebookActivity"]}, {"d8f02137ddd9dff6038c9327bb7453c1": ["7", "com.facebook.FacebookActivity"]}, {"d8f02137ddd9dff6038c9327bb7453c1": ["7", "com.facebook.FacebookActivity"]}, {"d8f02137ddd9dff6038c9327bb7453c1": ["7", "com.facebook.FacebookActivity"]}, {"d8f02137ddd9dff6038c9327bb7453c1": ["7", "com.facebook.FacebookActivity"]}, {"d8f02137ddd9dff6038c9327bb7453c1": ["7", "com.facebook.FacebookActivity"]}, {"d8f02137ddd9dff6038c9327bb7453c1": ["7", "com.facebook.FacebookActivity"]}, {"d8f02137ddd9dff6038c9327bb7453c1": ["7", "com.facebook.FacebookActivity"]}, {"d8f02137ddd9dff6038c9327bb7453c1": ["7", "com.facebook.FacebookActivity"]}, {"d8f02137ddd9dff6038c9327bb7453c1": ["7", "com.facebook.FacebookActivity"]}, {"d8f02137ddd9dff6038c9327bb7453c1": ["7", "com.facebook.FacebookActivity"]}, {"d8f02137ddd9dff6038c9327bb7453c1": ["7", "com.facebook.FacebookActivity"]}, {"d8f02137ddd9dff6038c9327bb7453c1": ["7", "com.facebook.FacebookActivity"]}, {"d8f02137ddd9dff6038c9327bb7453c1": ["7", "com.facebook.FacebookActivity"]}, {"d8f02137ddd9dff6038c9327bb7453c1": ["7", "com.facebook.FacebookActivity"]}, {"d8f02137ddd9dff6038c9327bb7453c1": ["7", "com.facebook.FacebookActivity"]}, {"d8f02137ddd9dff6038c9327bb7453c1": ["7", "com.facebook.FacebookActivity"]}, {"d8f02137ddd9dff6038c9327bb7453c1": ["7", "com.facebook.FacebookActivity"]}, {"d8f02137ddd9dff6038c9327bb7453c1": ["7", "com.facebook.FacebookActivity"]}, {"d8f02137ddd9dff6038c9327bb7453c1": ["7", "com.facebook.FacebookActivity"]}, {"d8f02137ddd9dff6038c9327bb7453c1": ["7", "com.facebook.FacebookActivity"]}, {"d8f02137ddd9dff6038c9327bb7453c1": ["7", "com.facebook.FacebookActivity"]}, {"d8f02137ddd9dff6038c9327bb7453c1": ["7", "com.facebook.FacebookActivity"]}, {"d8f02137ddd9dff6038c9327bb7453c1": ["7", "com.facebook.FacebookActivity"]}, {"d8f02137ddd9dff6038c9327bb7453c1": ["7", "com.facebook.FacebookActivity"]}, {"d8f02137ddd9dff6038c9327bb7453c1": ["7", "com.facebook.FacebookActivity"]}, {"d8f02137ddd9dff6038c9327bb7453c1": ["7", "com.facebook.FacebookActivity"]}, {"d8f02137ddd9dff6038c9327bb7453c1": ["7", "com.facebook.FacebookActivity"]}, {"d8f02137ddd9dff6038c9327bb7453c1": ["7", "com.facebook.FacebookActivity"]}, {"d8f02137ddd9dff6038c9327bb7453c1": ["7", "com.facebook.FacebookActivity"]}, {"d8f02137ddd9dff6038c9327bb7453c1": ["7", "com.facebook.FacebookActivity"]}, {"d8f02137ddd9dff6038c9327bb7453c1": ["7", "com.facebook.FacebookActivity"]}, {"d8f02137ddd9dff6038c9327bb7453c1": ["7", "com.facebook.FacebookActivity"]}, {"d8f02137ddd9dff6038c9327bb7453c1": ["7", "com.facebook.FacebookActivity"]}, {"d8f02137ddd9dff6038c9327bb7453c1": ["7", "com.facebook.FacebookActivity"]}, {"d8f02137ddd9dff6038c9327bb7453c1": ["7", "com.facebook.FacebookActivity"]}, {"d8f02137ddd9dff6038c9327bb7453c1": ["7", "com.facebook.FacebookActivity"]}, {"d8f02137ddd9dff6038c9327bb7453c1": ["7", "com.facebook.FacebookActivity"]}, {"d8f02137ddd9dff6038c9327bb7453c1": ["7", "com.facebook.FacebookActivity"]}, {"d8f02137ddd9dff6038c9327bb7453c1": ["7", "com.facebook.FacebookActivity"]}, {"d8f02137ddd9dff6038c9327bb7453c1": ["7", "com.facebook.FacebookActivity"]}, {"d8f02137ddd9dff6038c9327bb7453c1": ["7", "com.facebook.FacebookActivity"]}, {"d8f02137ddd9dff6038c9327bb7453c1": ["7", "com.facebook.FacebookActivity"]}, {"d8f02137ddd9dff6038c9327bb7453c1": ["7", "com.facebook.FacebookActivity"]}, {"d8f02137ddd9dff6038c9327bb7453c1": ["7", "com.facebook.FacebookActivity"]}, {"d8f02137ddd9dff6038c9327bb7453c1": ["7", "com.facebook.FacebookActivity"]}, {"d8f02137ddd9dff6038c9327bb7453c1": ["7", "com.facebook.FacebookActivity"]}, {"d8f02137ddd9dff6038c9327bb7453c1": ["7", "com.facebook.FacebookActivity"]}, {"d8f02137ddd9dff6038c9327bb7453c1": ["7", "com.facebook.FacebookActivity"]}, {"d8f02137ddd9dff6038c9327bb7453c1": ["7", "com.facebook.FacebookActivity"]}, {"d8f02137ddd9dff6038c9327bb7453c1": ["7", "com.facebook.FacebookActivity"]}, {"c0e0f039790532be2a456560f903f573": ["6", "com.duolingo.app.SignupActivity"]}, {"98c7b3297fb4365a461f4fff0f80e9a0": ["8", "com.duolingo.app.SignupActivity"]}, {"d8f02137ddd9dff6038c9327bb7453c1": ["7", "com.facebook.FacebookActivity"]}, {"d8f02137ddd9dff6038c9327bb7453c1": ["7", "com.facebook.FacebookActivity"]}, {"d8f02137ddd9dff6038c9327bb7453c1": ["7", "com.facebook.FacebookActivity"]}, {"d8f02137ddd9dff6038c9327bb7453c1": ["7", "com.facebook.FacebookActivity"]}, {"d8f02137ddd9dff6038c9327bb7453c1": ["7", "com.facebook.FacebookActivity"]}, {"d8f02137ddd9dff6038c9327bb7453c1": ["7", "com.facebook.FacebookActivity"]}, {"d8f02137ddd9dff6038c9327bb7453c1": ["7", "com.facebook.FacebookActivity"]}, {"d8f02137ddd9dff6038c9327bb7453c1": ["7", "com.facebook.FacebookActivity"]}, {"d8f02137ddd9dff6038c9327bb7453c1": ["7", "com.facebook.FacebookActivity"]}, {"d8f02137ddd9dff6038c9327bb7453c1": ["7", "com.facebook.FacebookActivity"]}, {"d8f02137ddd9dff6038c9327bb7453c1": ["7", "com.facebook.FacebookActivity"]}, {"d8f02137ddd9dff6038c9327bb7453c1": ["7", "com.facebook.FacebookActivity"]}, {"d8f02137ddd9dff6038c9327bb7453c1": ["7", "com.facebook.FacebookActivity"]}, {"d8f02137ddd9dff6038c9327bb7453c1": ["7", "com.facebook.FacebookActivity"]}, {"d8f02137ddd9dff6038c9327bb7453c1": ["7", "com.facebook.FacebookActivity"]}, {"d8f02137ddd9dff6038c9327bb7453c1": ["7", "com.facebook.FacebookActivity"]}, {"d8f02137ddd9dff6038c9327bb7453c1": ["7", "com.facebook.FacebookActivity"]}, {"d8f02137ddd9dff6038c9327bb7453c1": ["7", "com.facebook.FacebookActivity"]}, {"d8f02137ddd9dff6038c9327bb7453c1": ["7", "com.facebook.FacebookActivity"]}, {"d8f02137ddd9dff6038c9327bb7453c1": ["7", "com.facebook.FacebookActivity"]}, {"d8f02137ddd9dff6038c9327bb7453c1": ["7", "com.facebook.FacebookActivity"]}, {"d8f02137ddd9dff6038c9327bb7453c1": ["7", "com.facebook.FacebookActivity"]}, {"d8f02137ddd9dff6038c9327bb7453c1": ["7", "com.facebook.FacebookActivity"]}, {"d8f02137ddd9dff6038c9327bb7453c1": ["7", "com.facebook.FacebookActivity"]}, {"d8f02137ddd9dff6038c9327bb7453c1": ["7", "com.facebook.FacebookActivity"]}, {"d8f02137ddd9dff6038c9327bb7453c1": ["7", "com.facebook.FacebookActivity"]}, {"d8f02137ddd9dff6038c9327bb7453c1": ["7", "com.facebook.FacebookActivity"]}, {"d8f02137ddd9dff6038c9327bb7453c1": ["7", "com.facebook.FacebookActivity"]}, {"d8f02137ddd9dff6038c9327bb7453c1": ["7", "com.facebook.FacebookActivity"]}, {"d8f02137ddd9dff6038c9327bb7453c1": ["7", "com.facebook.FacebookActivity"]}, {"d8f02137ddd9dff6038c9327bb7453c1": ["7", "com.facebook.FacebookActivity"]}, {"d8f02137ddd9dff6038c9327bb7453c1": ["7", "com.facebook.FacebookActivity"]}, {"d8f02137ddd9dff6038c9327bb7453c1": ["7", "com.facebook.FacebookActivity"]}, {"d8f02137ddd9dff6038c9327bb7453c1": ["7", "com.facebook.FacebookActivity"]}, {"d8f02137ddd9dff6038c9327bb7453c1": ["7", "com.facebook.FacebookActivity"]}, {"d8f02137ddd9dff6038c9327bb7453c1": ["7", "com.facebook.FacebookActivity"]}, {"d8f02137ddd9dff6038c9327bb7453c1": ["7", "com.facebook.FacebookActivity"]}, {"d8f02137ddd9dff6038c9327bb7453c1": ["7", "com.facebook.FacebookActivity"]}, {"d8f02137ddd9dff6038c9327bb7453c1": ["7", "com.facebook.FacebookActivity"]}, {"d8f02137ddd9dff6038c9327bb7453c1": ["7", "com.facebook.FacebookActivity"]}, {"d8f02137ddd9dff6038c9327bb7453c1": ["7", "com.facebook.FacebookActivity"]}, {"d8f02137ddd9dff6038c9327bb7453c1": ["7", "com.facebook.FacebookActivity"]}, {"d8f02137ddd9dff6038c9327bb7453c1": ["7", "com.facebook.FacebookActivity"]}, {"d8f02137ddd9dff6038c9327bb7453c1": ["7", "com.facebook.FacebookActivity"]}, {"d8f02137ddd9dff6038c9327bb7453c1": ["7", "com.facebook.FacebookActivity"]}, {"d8f02137ddd9dff6038c9327bb7453c1": ["7", "com.facebook.FacebookActivity"]}, {"d8f02137ddd9dff6038c9327bb7453c1": ["7", "com.facebook.FacebookActivity"]}, {"d8f02137ddd9dff6038c9327bb7453c1": ["7", "com.facebook.FacebookActivity"]}, {"d8f02137ddd9dff6038c9327bb7453c1": ["7", "com.facebook.FacebookActivity"]}, {"d8f02137ddd9dff6038c9327bb7453c1": ["7", "com.facebook.FacebookActivity"]}, {"d8f02137ddd9dff6038c9327bb7453c1": ["7", "com.facebook.FacebookActivity"]}, {"d8f02137ddd9dff6038c9327bb7453c1": ["7", "com.facebook.FacebookActivity"]}, {"d8f02137ddd9dff6038c9327bb7453c1": ["7", "com.facebook.FacebookActivity"]}, {"d8f02137ddd9dff6038c9327bb7453c1": ["7", "com.facebook.FacebookActivity"]}, {"d8f02137ddd9dff6038c9327bb7453c1": ["7", "com.facebook.FacebookActivity"]}, {"d8f02137ddd9dff6038c9327bb7453c1": ["7", "com.facebook.FacebookActivity"]}, {"d8f02137ddd9dff6038c9327bb7453c1": ["7", "com.facebook.FacebookActivity"]}, {"d8f02137ddd9dff6038c9327bb7453c1": ["7", "com.facebook.FacebookActivity"]}, {"d8f02137ddd9dff6038c9327bb7453c1": ["7", "com.facebook.FacebookActivity"]}, {"d8f02137ddd9dff6038c9327bb7453c1": ["7", "com.facebook.FacebookActivity"]}, {"d8f02137ddd9dff6038c9327bb7453c1": ["7", "com.facebook.FacebookActivity"]}, {"d8f02137ddd9dff6038c9327bb7453c1": ["7", "com.facebook.FacebookActivity"]}, {"d8f02137ddd9dff6038c9327bb7453c1": ["7", "com.facebook.FacebookActivity"]}, {"d8f02137ddd9dff6038c9327bb7453c1": ["7", "com.facebook.FacebookActivity"]}, {"d8f02137ddd9dff6038c9327bb7453c1": ["7", "com.facebook.FacebookActivity"]}, {"c0e0f039790532be2a456560f903f573": ["6", "com.duolingo.app.SignupActivity"]}, {"c0e0f039790532be2a456560f903f573": ["6", "com.duolingo.app.SignupActivity"]}, {"41f1c6de26031b2fd1cd2df02fe3c106": ["14", "com.duolingo.app.HomeActivity"]}, {"41f1c6de26031b2fd1cd2df02fe3c106": ["14", "com.duolingo.app.HomeActivity"]}, {"2aa4962546976aaad61cca84525ad463": ["15", "com.duolingo.app.HomeActivity"]}, {"51771d9fe4a9a4a3b12da2489452313e": ["12", "com.duolingo.app.HomeActivity"]}, {"f51445cd56d312779eed184127e63831": ["16", "com.duolingo.app.SettingsActivity"]}, {"2038ff8a1858150c913fcad43a3f74d1": ["17", "com.duolingo.app.HomeActivity"]}, {"a4c3ec21d496d6b0182f71d7e8ac59fd": ["18", "com.duolingo.app.HomeActivity"]}, {"2038ff8a1858150c913fcad43a3f74d1": ["17", "com.duolingo.app.HomeActivity"]}, {"2038ff8a1858150c913fcad43a3f74d1": ["17", "com.duolingo.app.HomeActivity"]}, {"2038ff8a1858150c913fcad43a3f74d1": ["17", "com.duolingo.app.HomeActivity"]}, {"c0e0f039790532be2a456560f903f573": ["6", "com.duolingo.app.SignupActivity"]}, {"d8f02137ddd9dff6038c9327bb7453c1": ["7", "com.facebook.FacebookActivity"]}, {"d8f02137ddd9dff6038c9327bb7453c1": ["7", "com.facebook.FacebookActivity"]}, {"d8f02137ddd9dff6038c9327bb7453c1": ["7", "com.facebook.FacebookActivity"]}, {"d8f02137ddd9dff6038c9327bb7453c1": ["7", "com.facebook.FacebookActivity"]}, {"d8f02137ddd9dff6038c9327bb7453c1": ["7", "com.facebook.FacebookActivity"]}, {"d8f02137ddd9dff6038c9327bb7453c1": ["7", "com.facebook.FacebookActivity"]}, {"d8f02137ddd9dff6038c9327bb7453c1": ["7", "com.facebook.FacebookActivity"]}, {"d8f02137ddd9dff6038c9327bb7453c1": ["7", "com.facebook.FacebookActivity"]}, {"d8f02137ddd9dff6038c9327bb7453c1": ["7", "com.facebook.FacebookActivity"]}, {"d8f02137ddd9dff6038c9327bb7453c1": ["7", "com.facebook.FacebookActivity"]}, {"d8f02137ddd9dff6038c9327bb7453c1": ["7", "com.facebook.FacebookActivity"]}, {"d8f02137ddd9dff6038c9327bb7453c1": ["7", "com.facebook.FacebookActivity"]}, {"d8f02137ddd9dff6038c9327bb7453c1": ["7", "com.facebook.FacebookActivity"]}, {"d8f02137ddd9dff6038c9327bb7453c1": ["7", "com.facebook.FacebookActivity"]}, {"d8f02137ddd9dff6038c9327bb7453c1": ["7", "com.facebook.FacebookActivity"]}, {"d8f02137ddd9dff6038c9327bb7453c1": ["7", "com.facebook.FacebookActivity"]}, {"d8f02137ddd9dff6038c9327bb7453c1": ["7", "com.facebook.FacebookActivity"]}, {"d8f02137ddd9dff6038c9327bb7453c1": ["7", "com.facebook.FacebookActivity"]}, {"d8f02137ddd9dff6038c9327bb7453c1": ["7", "com.facebook.FacebookActivity"]}, {"d8f02137ddd9dff6038c9327bb7453c1": ["7", "com.facebook.FacebookActivity"]}, {"d8f02137ddd9dff6038c9327bb7453c1": ["7", "com.facebook.FacebookActivity"]}, {"d8f02137ddd9dff6038c9327bb7453c1": ["7", "com.facebook.FacebookActivity"]}, {"d8f02137ddd9dff6038c9327bb7453c1": ["7", "com.facebook.FacebookActivity"]}, {"d8f02137ddd9dff6038c9327bb7453c1": ["7", "com.facebook.FacebookActivity"]}, {"d8f02137ddd9dff6038c9327bb7453c1": ["7", "com.facebook.FacebookActivity"]}, {"d8f02137ddd9dff6038c9327bb7453c1": ["7", "com.facebook.FacebookActivity"]}, {"d8f02137ddd9dff6038c9327bb7453c1": ["7", "com.facebook.FacebookActivity"]}, {"d8f02137ddd9dff6038c9327bb7453c1": ["7", "com.facebook.FacebookActivity"]}, {"d8f02137ddd9dff6038c9327bb7453c1": ["7", "com.facebook.FacebookActivity"]}, {"d8f02137ddd9dff6038c9327bb7453c1": ["7", "com.facebook.FacebookActivity"]}, {"d8f02137ddd9dff6038c9327bb7453c1": ["7", "com.facebook.FacebookActivity"]}, {"d8f02137ddd9dff6038c9327bb7453c1": ["7", "com.facebook.FacebookActivity"]}, {"d8f02137ddd9dff6038c9327bb7453c1": ["7", "com.facebook.FacebookActivity"]}, {"d8f02137ddd9dff6038c9327bb7453c1": ["7", "com.facebook.FacebookActivity"]}, {"d8f02137ddd9dff6038c9327bb7453c1": ["7", "com.facebook.FacebookActivity"]}, {"d8f02137ddd9dff6038c9327bb7453c1": ["7", "com.facebook.FacebookActivity"]}, {"d8f02137ddd9dff6038c9327bb7453c1": ["7", "com.facebook.FacebookActivity"]}, {"d8f02137ddd9dff6038c9327bb7453c1": ["7", "com.facebook.FacebookActivity"]}, {"d8f02137ddd9dff6038c9327bb7453c1": ["7", "com.facebook.FacebookActivity"]}, {"d8f02137ddd9dff6038c9327bb7453c1": ["7", "com.facebook.FacebookActivity"]}, {"d8f02137ddd9dff6038c9327bb7453c1": ["7", "com.facebook.FacebookActivity"]}, {"d8f02137ddd9dff6038c9327bb7453c1": ["7", "com.facebook.FacebookActivity"]}, {"d8f02137ddd9dff6038c9327bb7453c1": ["7", "com.facebook.FacebookActivity"]}, {"d8f02137ddd9dff6038c9327bb7453c1": ["7", "com.facebook.FacebookActivity"]}, {"d8f02137ddd9dff6038c9327bb7453c1": ["7", "com.facebook.FacebookActivity"]}, {"d8f02137ddd9dff6038c9327bb7453c1": ["7", "com.facebook.FacebookActivity"]}, {"d8f02137ddd9dff6038c9327bb7453c1": ["7", "com.facebook.FacebookActivity"]}, {"d8f02137ddd9dff6038c9327bb7453c1": ["7", "com.facebook.FacebookActivity"]}, {"d8f02137ddd9dff6038c9327bb7453c1": ["7", "com.facebook.FacebookActivity"]}, {"d8f02137ddd9dff6038c9327bb7453c1": ["7", "com.facebook.FacebookActivity"]}, {"d8f02137ddd9dff6038c9327bb7453c1": ["7", "com.facebook.FacebookActivity"]}, {"d8f02137ddd9dff6038c9327bb7453c1": ["7", "com.facebook.FacebookActivity"]}, {"d8f02137ddd9dff6038c9327bb7453c1": ["7", "com.facebook.FacebookActivity"]}, {"d8f02137ddd9dff6038c9327bb7453c1": ["7", "com.facebook.FacebookActivity"]}, {"d8f02137ddd9dff6038c9327bb7453c1": ["7", "com.facebook.FacebookActivity"]}, {"d8f02137ddd9dff6038c9327bb7453c1": ["7", "com.facebook.FacebookActivity"]}, {"d8f02137ddd9dff6038c9327bb7453c1": ["7", "com.facebook.FacebookActivity"]}, {"d8f02137ddd9dff6038c9327bb7453c1": ["7", "com.facebook.FacebookActivity"]}, {"c0e0f039790532be2a456560f903f573": ["6", "com.duolingo.app.SignupActivity"]}, {"98c7b3297fb4365a461f4fff0f80e9a0": ["8", "com.duolingo.app.SignupActivity"]}, {"98c7b3297fb4365a461f4fff0f80e9a0": ["8", "com.duolingo.app.SignupActivity"]}, {"d8f02137ddd9dff6038c9327bb7453c1": ["7", "com.facebook.FacebookActivity"]}, {"d8f02137ddd9dff6038c9327bb7453c1": ["7", "com.facebook.FacebookActivity"]}, {"d8f02137ddd9dff6038c9327bb7453c1": ["7", "com.facebook.FacebookActivity"]}, {"d8f02137ddd9dff6038c9327bb7453c1": ["7", "com.facebook.FacebookActivity"]}, {"d8f02137ddd9dff6038c9327bb7453c1": ["7", "com.facebook.FacebookActivity"]}, {"d8f02137ddd9dff6038c9327bb7453c1": ["7", "com.facebook.FacebookActivity"]}, {"d8f02137ddd9dff6038c9327bb7453c1": ["7", "com.facebook.FacebookActivity"]}, {"d8f02137ddd9dff6038c9327bb7453c1": ["7", "com.facebook.FacebookActivity"]}, {"d8f02137ddd9dff6038c9327bb7453c1": ["7", "com.facebook.FacebookActivity"]}, {"d8f02137ddd9dff6038c9327bb7453c1": ["7", "com.facebook.FacebookActivity"]}, {"d8f02137ddd9dff6038c9327bb7453c1": ["7", "com.facebook.FacebookActivity"]}, {"d8f02137ddd9dff6038c9327bb7453c1": ["7", "com.facebook.FacebookActivity"]}, {"d8f02137ddd9dff6038c9327bb7453c1": ["7", "com.facebook.FacebookActivity"]}, {"d8f02137ddd9dff6038c9327bb7453c1": ["7", "com.facebook.FacebookActivity"]}, {"d8f02137ddd9dff6038c9327bb7453c1": ["7", "com.facebook.FacebookActivity"]}, {"d8f02137ddd9dff6038c9327bb7453c1": ["7", "com.facebook.FacebookActivity"]}, {"d8f02137ddd9dff6038c9327bb7453c1": ["7", "com.facebook.FacebookActivity"]}, {"d8f02137ddd9dff6038c9327bb7453c1": ["7", "com.facebook.FacebookActivity"]}, {"d8f02137ddd9dff6038c9327bb7453c1": ["7", "com.facebook.FacebookActivity"]}, {"d8f02137ddd9dff6038c9327bb7453c1": ["7", "com.facebook.FacebookActivity"]}, {"d8f02137ddd9dff6038c9327bb7453c1": ["7", "com.facebook.FacebookActivity"]}, {"d8f02137ddd9dff6038c9327bb7453c1": ["7", "com.facebook.FacebookActivity"]}, {"d8f02137ddd9dff6038c9327bb7453c1": ["7", "com.facebook.FacebookActivity"]}, {"d8f02137ddd9dff6038c9327bb7453c1": ["7", "com.facebook.FacebookActivity"]}, {"d8f02137ddd9dff6038c9327bb7453c1": ["7", "com.facebook.FacebookActivity"]}, {"d8f02137ddd9dff6038c9327bb7453c1": ["7", "com.facebook.FacebookActivity"]}, {"d8f02137ddd9dff6038c9327bb7453c1": ["7", "com.facebook.FacebookActivity"]}, {"d8f02137ddd9dff6038c9327bb7453c1": ["7", "com.facebook.FacebookActivity"]}, {"d8f02137ddd9dff6038c9327bb7453c1": ["7", "com.facebook.FacebookActivity"]}, {"d8f02137ddd9dff6038c9327bb7453c1": ["7", "com.facebook.FacebookActivity"]}, {"d8f02137ddd9dff6038c9327bb7453c1": ["7", "com.facebook.FacebookActivity"]}, {"d8f02137ddd9dff6038c9327bb7453c1": ["7", "com.facebook.FacebookActivity"]}, {"d8f02137ddd9dff6038c9327bb7453c1": ["7", "com.facebook.FacebookActivity"]}, {"d8f02137ddd9dff6038c9327bb7453c1": ["7", "com.facebook.FacebookActivity"]}, {"d8f02137ddd9dff6038c9327bb7453c1": ["7", "com.facebook.FacebookActivity"]}, {"d8f02137ddd9dff6038c9327bb7453c1": ["7", "com.facebook.FacebookActivity"]}, {"d8f02137ddd9dff6038c9327bb7453c1": ["7", "com.facebook.FacebookActivity"]}, {"d8f02137ddd9dff6038c9327bb7453c1": ["7", "com.facebook.FacebookActivity"]}, {"d8f02137ddd9dff6038c9327bb7453c1": ["7", "com.facebook.FacebookActivity"]}, {"d8f02137ddd9dff6038c9327bb7453c1": ["7", "com.facebook.FacebookActivity"]}, {"d8f02137ddd9dff6038c9327bb7453c1": ["7", "com.facebook.FacebookActivity"]}, {"d8f02137ddd9dff6038c9327bb7453c1": ["7", "com.facebook.FacebookActivity"]}, {"d8f02137ddd9dff6038c9327bb7453c1": ["7", "com.facebook.FacebookActivity"]}, {"d8f02137ddd9dff6038c9327bb7453c1": ["7", "com.facebook.FacebookActivity"]}, {"d8f02137ddd9dff6038c9327bb7453c1": ["7", "com.facebook.FacebookActivity"]}, {"d8f02137ddd9dff6038c9327bb7453c1": ["7", "com.facebook.FacebookActivity"]}, {"d8f02137ddd9dff6038c9327bb7453c1": ["7", "com.facebook.FacebookActivity"]}, {"d8f02137ddd9dff6038c9327bb7453c1": ["7", "com.facebook.FacebookActivity"]}, {"d8f02137ddd9dff6038c9327bb7453c1": ["7", "com.facebook.FacebookActivity"]}, {"d8f02137ddd9dff6038c9327bb7453c1": ["7", "com.facebook.FacebookActivity"]}, {"d8f02137ddd9dff6038c9327bb7453c1": ["7", "com.facebook.FacebookActivity"]}, {"d8f02137ddd9dff6038c9327bb7453c1": ["7", "com.facebook.FacebookActivity"]}, {"d8f02137ddd9dff6038c9327bb7453c1": ["7", "com.facebook.FacebookActivity"]}, {"d8f02137ddd9dff6038c9327bb7453c1": ["7", "com.facebook.FacebookActivity"]}, {"d8f02137ddd9dff6038c9327bb7453c1": ["7", "com.facebook.FacebookActivity"]}, {"d8f02137ddd9dff6038c9327bb7453c1": ["7", "com.facebook.FacebookActivity"]}, {"d8f02137ddd9dff6038c9327bb7453c1": ["7", "com.facebook.FacebookActivity"]}, {"d8f02137ddd9dff6038c9327bb7453c1": ["7", "com.facebook.FacebookActivity"]}, {"d8f02137ddd9dff6038c9327bb7453c1": ["7", "com.facebook.FacebookActivity"]}, {"d8f02137ddd9dff6038c9327bb7453c1": ["7", "com.facebook.FacebookActivity"]}, {"d8f02137ddd9dff6038c9327bb7453c1": ["7", "com.facebook.FacebookActivity"]}, {"d8f02137ddd9dff6038c9327bb7453c1": ["7", "com.facebook.FacebookActivity"]}, {"d8f02137ddd9dff6038c9327bb7453c1": ["7", "com.facebook.FacebookActivity"]}, {"d8f02137ddd9dff6038c9327bb7453c1": ["7", "com.facebook.FacebookActivity"]}, {"d8f02137ddd9dff6038c9327bb7453c1": ["7", "com.facebook.FacebookActivity"]}, {"d8f02137ddd9dff6038c9327bb7453c1": ["7", "com.facebook.FacebookActivity"]}, {"d8f02137ddd9dff6038c9327bb7453c1": ["7", "com.facebook.FacebookActivity"]}, {"98c7b3297fb4365a461f4fff0f80e9a0": ["8", "com.duolingo.app.SignupActivity"]}, {"d8f02137ddd9dff6038c9327bb7453c1": ["7", "com.facebook.FacebookActivity"]}, {"d8f02137ddd9dff6038c9327bb7453c1": ["7", "com.facebook.FacebookActivity"]}, {"d8f02137ddd9dff6038c9327bb7453c1": ["7", "com.facebook.FacebookActivity"]}, {"d8f02137ddd9dff6038c9327bb7453c1": ["7", "com.facebook.FacebookActivity"]}, {"d8f02137ddd9dff6038c9327bb7453c1": ["7", "com.facebook.FacebookActivity"]}, {"d8f02137ddd9dff6038c9327bb7453c1": ["7", "com.facebook.FacebookActivity"]}, {"d8f02137ddd9dff6038c9327bb7453c1": ["7", "com.facebook.FacebookActivity"]}, {"d8f02137ddd9dff6038c9327bb7453c1": ["7", "com.facebook.FacebookActivity"]}, {"d8f02137ddd9dff6038c9327bb7453c1": ["7", "com.facebook.FacebookActivity"]}, {"d8f02137ddd9dff6038c9327bb7453c1": ["7", "com.facebook.FacebookActivity"]}, {"d8f02137ddd9dff6038c9327bb7453c1": ["7", "com.facebook.FacebookActivity"]}, {"d8f02137ddd9dff6038c9327bb7453c1": ["7", "com.facebook.FacebookActivity"]}, {"d8f02137ddd9dff6038c9327bb7453c1": ["7", "com.facebook.FacebookActivity"]}, {"d8f02137ddd9dff6038c9327bb7453c1": ["7", "com.facebook.FacebookActivity"]}, {"d8f02137ddd9dff6038c9327bb7453c1": ["7", "com.facebook.FacebookActivity"]}, {"d8f02137ddd9dff6038c9327bb7453c1": ["7", "com.facebook.FacebookActivity"]}, {"d8f02137ddd9dff6038c9327bb7453c1": ["7", "com.facebook.FacebookActivity"]}, {"d8f02137ddd9dff6038c9327bb7453c1": ["7", "com.facebook.FacebookActivity"]}, {"d8f02137ddd9dff6038c9327bb7453c1": ["7", "com.facebook.FacebookActivity"]}, {"d8f02137ddd9dff6038c9327bb7453c1": ["7", "com.facebook.FacebookActivity"]}, {"d8f02137ddd9dff6038c9327bb7453c1": ["7", "com.facebook.FacebookActivity"]}, {"d8f02137ddd9dff6038c9327bb7453c1": ["7", "com.facebook.FacebookActivity"]}, {"d8f02137ddd9dff6038c9327bb7453c1": ["7", "com.facebook.FacebookActivity"]}, {"d8f02137ddd9dff6038c9327bb7453c1": ["7", "com.facebook.FacebookActivity"]}, {"d8f02137ddd9dff6038c9327bb7453c1": ["7", "com.facebook.FacebookActivity"]}, {"d8f02137ddd9dff6038c9327bb7453c1": ["7", "com.facebook.FacebookActivity"]}, {"d8f02137ddd9dff6038c9327bb7453c1": ["7", "com.facebook.FacebookActivity"]}, {"d8f02137ddd9dff6038c9327bb7453c1": ["7", "com.facebook.FacebookActivity"]}, {"d8f02137ddd9dff6038c9327bb7453c1": ["7", "com.facebook.FacebookActivity"]}, {"d8f02137ddd9dff6038c9327bb7453c1": ["7", "com.facebook.FacebookActivity"]}, {"d8f02137ddd9dff6038c9327bb7453c1": ["7", "com.facebook.FacebookActivity"]}, {"d8f02137ddd9dff6038c9327bb7453c1": ["7", "com.facebook.FacebookActivity"]}, {"d8f02137ddd9dff6038c9327bb7453c1": ["7", "com.facebook.FacebookActivity"]}, {"d8f02137ddd9dff6038c9327bb7453c1": ["7", "com.facebook.FacebookActivity"]}, {"d8f02137ddd9dff6038c9327bb7453c1": ["7", "com.facebook.FacebookActivity"]}, {"d8f02137ddd9dff6038c9327bb7453c1": ["7", "com.facebook.FacebookActivity"]}, {"d8f02137ddd9dff6038c9327bb7453c1": ["7", "com.facebook.FacebookActivity"]}, {"d8f02137ddd9dff6038c9327bb7453c1": ["7", "com.facebook.FacebookActivity"]}, {"d8f02137ddd9dff6038c9327bb7453c1": ["7", "com.facebook.FacebookActivity"]}, {"d8f02137ddd9dff6038c9327bb7453c1": ["7", "com.facebook.FacebookActivity"]}, {"d8f02137ddd9dff6038c9327bb7453c1": ["7", "com.facebook.FacebookActivity"]}, {"d8f02137ddd9dff6038c9327bb7453c1": ["7", "com.facebook.FacebookActivity"]}, {"d8f02137ddd9dff6038c9327bb7453c1": ["7", "com.facebook.FacebookActivity"]}, {"d8f02137ddd9dff6038c9327bb7453c1": ["7", "com.facebook.FacebookActivity"]}, {"d8f02137ddd9dff6038c9327bb7453c1": ["7", "com.facebook.FacebookActivity"]}, {"d8f02137ddd9dff6038c9327bb7453c1": ["7", "com.facebook.FacebookActivity"]}, {"d8f02137ddd9dff6038c9327bb7453c1": ["7", "com.facebook.FacebookActivity"]}, {"d8f02137ddd9dff6038c9327bb7453c1": ["7", "com.facebook.FacebookActivity"]}, {"d8f02137ddd9dff6038c9327bb7453c1": ["7", "com.facebook.FacebookActivity"]}, {"d8f02137ddd9dff6038c9327bb7453c1": ["7", "com.facebook.FacebookActivity"]}, {"d8f02137ddd9dff6038c9327bb7453c1": ["7", "com.facebook.FacebookActivity"]}, {"d8f02137ddd9dff6038c9327bb7453c1": ["7", "com.facebook.FacebookActivity"]}, {"d8f02137ddd9dff6038c9327bb7453c1": ["7", "com.facebook.FacebookActivity"]}, {"d8f02137ddd9dff6038c9327bb7453c1": ["7", "com.facebook.FacebookActivity"]}, {"d8f02137ddd9dff6038c9327bb7453c1": ["7", "com.facebook.FacebookActivity"]}, {"d8f02137ddd9dff6038c9327bb7453c1": ["7", "com.facebook.FacebookActivity"]}, {"d8f02137ddd9dff6038c9327bb7453c1": ["7", "com.facebook.FacebookActivity"]}, {"d8f02137ddd9dff6038c9327bb7453c1": ["7", "com.facebook.FacebookActivity"]}, {"d8f02137ddd9dff6038c9327bb7453c1": ["7", "com.facebook.FacebookActivity"]}, {"d8f02137ddd9dff6038c9327bb7453c1": ["7", "com.facebook.FacebookActivity"]}, {"d8f02137ddd9dff6038c9327bb7453c1": ["7", "com.facebook.FacebookActivity"]}, {"d8f02137ddd9dff6038c9327bb7453c1": ["7", "com.facebook.FacebookActivity"]}, {"d8f02137ddd9dff6038c9327bb7453c1": ["7", "com.facebook.FacebookActivity"]}, {"d8f02137ddd9dff6038c9327bb7453c1": ["7", "com.facebook.FacebookActivity"]}, {"d8f02137ddd9dff6038c9327bb7453c1": ["7", "com.facebook.FacebookActivity"]}, {"d8f02137ddd9dff6038c9327bb7453c1": ["7", "com.facebook.FacebookActivity"]}, {"d8f02137ddd9dff6038c9327bb7453c1": ["7", "com.facebook.FacebookActivity"]}, {"d8f02137ddd9dff6038c9327bb7453c1": ["7", "com.facebook.FacebookActivity"]}, {"d8f02137ddd9dff6038c9327bb7453c1": ["7", "com.facebook.FacebookActivity"]}, {"d8f02137ddd9dff6038c9327bb7453c1": ["7", "com.facebook.FacebookActivity"]}, {"d8f02137ddd9dff6038c9327bb7453c1": ["7", "com.facebook.FacebookActivity"]}, {"d8f02137ddd9dff6038c9327bb7453c1": ["7", "com.facebook.FacebookActivity"]}, {"d8f02137ddd9dff6038c9327bb7453c1": ["7", "com.facebook.FacebookActivity"]}, {"d8f02137ddd9dff6038c9327bb7453c1": ["7", "com.facebook.FacebookActivity"]}, {"d8f02137ddd9dff6038c9327bb7453c1": ["7", "com.facebook.FacebookActivity"]}, {"d8f02137ddd9dff6038c9327bb7453c1": ["7", "com.facebook.FacebookActivity"]}, {"98c7b3297fb4365a461f4fff0f80e9a0": ["8", "com.duolingo.app.SignupActivity"]}, {"98c7b3297fb4365a461f4fff0f80e9a0": ["8", "com.duolingo.app.SignupActivity"]}, {"98c7b3297fb4365a461f4fff0f80e9a0": ["8", "com.duolingo.app.SignupActivity"]}, {"98c7b3297fb4365a461f4fff0f80e9a0": ["8", "com.duolingo.app.SignupActivity"]}, {"98c7b3297fb4365a461f4fff0f80e9a0": ["8", "com.duolingo.app.SignupActivity"]}, {"98c7b3297fb4365a461f4fff0f80e9a0": ["8", "com.duolingo.app.SignupActivity"]}, {"b3f343cc2ecc2569ced2a043a6d14d78": ["19", "com.duolingo.app.WelcomeFlowActivity"]}, {"259052783895dc2ce382a11d65601640": ["20", "com.duolingo.app.LessonActivity"]}, {"950597cb53557bf8287f63bebc21bfea": ["21", "com.duolingo.app.LessonActivity"]}, {"259052783895dc2ce382a11d65601640": ["20", "com.duolingo.app.LessonActivity"]}, {"259052783895dc2ce382a11d65601640": ["20", "com.duolingo.app.LessonActivity"]}, {"259052783895dc2ce382a11d65601640": ["20", "com.duolingo.app.LessonActivity"]}, {"259052783895dc2ce382a11d65601640": ["20", "com.duolingo.app.LessonActivity"]}, {"259052783895dc2ce382a11d65601640": ["20", "com.duolingo.app.LessonActivity"]}, {"cce7b1ac7fd3c552fbc07559cf388ac8": ["22", "com.duolingo.app.LessonActivity"]}, {"cce7b1ac7fd3c552fbc07559cf388ac8": ["22", "com.duolingo.app.LessonActivity"]}, {"259052783895dc2ce382a11d65601640": ["20", "com.duolingo.app.LessonActivity"]}, {"259052783895dc2ce382a11d65601640": ["20", "com.duolingo.app.LessonActivity"]}, {"259052783895dc2ce382a11d65601640": ["20", "com.duolingo.app.LessonActivity"]}, {"259052783895dc2ce382a11d65601640": ["20", "com.duolingo.app.LessonActivity"]}, {"cce7b1ac7fd3c552fbc07559cf388ac8": ["22", "com.duolingo.app.LessonActivity"]}, {"a1cfc1167f95480b27fc7549ee0b23fd": ["23", "com.duolingo.app.LessonActivity"]}, {"a1cfc1167f95480b27fc7549ee0b23fd": ["23", "com.duolingo.app.LessonActivity"]}, {"a1cfc1167f95480b27fc7549ee0b23fd": ["23", "com.duolingo.app.LessonActivity"]}, {"a1cfc1167f95480b27fc7549ee0b23fd": ["23", "com.duolingo.app.LessonActivity"]}, {"a1cfc1167f95480b27fc7549ee0b23fd": ["23", "com.duolingo.app.LessonActivity"]}, {"a1cfc1167f95480b27fc7549ee0b23fd": ["23", "com.duolingo.app.LessonActivity"]}, {"a1cfc1167f95480b27fc7549ee0b23fd": ["23", "com.duolingo.app.LessonActivity"]}, {"a1cfc1167f95480b27fc7549ee0b23fd": ["23", "com.duolingo.app.LessonActivity"]}, {"a1cfc1167f95480b27fc7549ee0b23fd": ["23", "com.duolingo.app.LessonActivity"]}, {"a1cfc1167f95480b27fc7549ee0b23fd": ["23", "com.duolingo.app.LessonActivity"]}, {"a1cfc1167f95480b27fc7549ee0b23fd": ["23", "com.duolingo.app.LessonActivity"]}, {"a1cfc1167f95480b27fc7549ee0b23fd": ["23", "com.duolingo.app.LessonActivity"]}, {"a1cfc1167f95480b27fc7549ee0b23fd": ["23", "com.duolingo.app.LessonActivity"]}, {"a1cfc1167f95480b27fc7549ee0b23fd": ["23", "com.duolingo.app.LessonActivity"]}, {"a1cfc1167f95480b27fc7549ee0b23fd": ["23", "com.duolingo.app.LessonActivity"]}, {"a1cfc1167f95480b27fc7549ee0b23fd": ["23", "com.duolingo.app.LessonActivity"]}, {"a1cfc1167f95480b27fc7549ee0b23fd": ["23", "com.duolingo.app.LessonActivity"]}, {"a1cfc1167f95480b27fc7549ee0b23fd": ["23", "com.duolingo.app.LessonActivity"]}, {"a1cfc1167f95480b27fc7549ee0b23fd": ["23", "com.duolingo.app.LessonActivity"]}, {"a1cfc1167f95480b27fc7549ee0b23fd": ["23", "com.duolingo.app.LessonActivity"]}, {"a1cfc1167f95480b27fc7549ee0b23fd": ["23", "com.duolingo.app.LessonActivity"]}, {"a1cfc1167f95480b27fc7549ee0b23fd": ["23", "com.duolingo.app.LessonActivity"]}, {"a1cfc1167f95480b27fc7549ee0b23fd": ["23", "com.duolingo.app.LessonActivity"]}, {"a1cfc1167f95480b27fc7549ee0b23fd": ["23", "com.duolingo.app.LessonActivity"]}, {"a1cfc1167f95480b27fc7549ee0b23fd": ["23", "com.duolingo.app.LessonActivity"]}, {"a1cfc1167f95480b27fc7549ee0b23fd": ["23", "com.duolingo.app.LessonActivity"]}, {"a1cfc1167f95480b27fc7549ee0b23fd": ["23", "com.duolingo.app.LessonActivity"]}, {"a1cfc1167f95480b27fc7549ee0b23fd": ["23", "com.duolingo.app.LessonActivity"]}, {"a1cfc1167f95480b27fc7549ee0b23fd": ["23", "com.duolingo.app.LessonActivity"]}, {"a1cfc1167f95480b27fc7549ee0b23fd": ["23", "com.duolingo.app.LessonActivity"]}, {"a1cfc1167f95480b27fc7549ee0b23fd": ["23", "com.duolingo.app.LessonActivity"]}, {"a1cfc1167f95480b27fc7549ee0b23fd": ["23", "com.duolingo.app.LessonActivity"]}, {"a1cfc1167f95480b27fc7549ee0b23fd": ["23", "com.duolingo.app.LessonActivity"]}, {"a1cfc1167f95480b27fc7549ee0b23fd": ["23", "com.duolingo.app.LessonActivity"]}, {"a1cfc1167f95480b27fc7549ee0b23fd": ["23", "com.duolingo.app.LessonActivity"]}, {"a1cfc1167f95480b27fc7549ee0b23fd": ["23", "com.duolingo.app.LessonActivity"]}, {"a1cfc1167f95480b27fc7549ee0b23fd": ["23", "com.duolingo.app.LessonActivity"]}, {"a1cfc1167f95480b27fc7549ee0b23fd": ["23", "com.duolingo.app.LessonActivity"]}, {"a1cfc1167f95480b27fc7549ee0b23fd": ["23", "com.duolingo.app.LessonActivity"]}, {"a1cfc1167f95480b27fc7549ee0b23fd": ["23", "com.duolingo.app.LessonActivity"]}, {"a1cfc1167f95480b27fc7549ee0b23fd": ["23", "com.duolingo.app.LessonActivity"]}, {"a1cfc1167f95480b27fc7549ee0b23fd": ["23", "com.duolingo.app.LessonActivity"]}, {"a1cfc1167f95480b27fc7549ee0b23fd": ["23", "com.duolingo.app.LessonActivity"]}, {"a1cfc1167f95480b27fc7549ee0b23fd": ["23", "com.duolingo.app.LessonActivity"]}, {"a1cfc1167f95480b27fc7549ee0b23fd": ["23", "com.duolingo.app.LessonActivity"]}, {"ba4e1d3836450f84352d976e41b382a8": ["24", "com.duolingo.app.LessonActivity"]}, {"ba4e1d3836450f84352d976e41b382a8": ["24", "com.duolingo.app.LessonActivity"]}, {"a1cfc1167f95480b27fc7549ee0b23fd": ["23", "com.duolingo.app.LessonActivity"]}, {"a1cfc1167f95480b27fc7549ee0b23fd": ["23", "com.duolingo.app.LessonActivity"]}, {"a1cfc1167f95480b27fc7549ee0b23fd": ["23", "com.duolingo.app.LessonActivity"]}, {"a1cfc1167f95480b27fc7549ee0b23fd": ["23", "com.duolingo.app.LessonActivity"]}, {"a1cfc1167f95480b27fc7549ee0b23fd": ["23", "com.duolingo.app.LessonActivity"]}, {"950597cb53557bf8287f63bebc21bfea": ["21", "com.duolingo.app.LessonActivity"]}, {"a1cfc1167f95480b27fc7549ee0b23fd": ["23", "com.duolingo.app.LessonActivity"]}, {"a1cfc1167f95480b27fc7549ee0b23fd": ["23", "com.duolingo.app.LessonActivity"]}, {"a1cfc1167f95480b27fc7549ee0b23fd": ["23", "com.duolingo.app.LessonActivity"]}, {"a1cfc1167f95480b27fc7549ee0b23fd": ["23", "com.duolingo.app.LessonActivity"]}, {"a1cfc1167f95480b27fc7549ee0b23fd": ["23", "com.duolingo.app.LessonActivity"]}, {"a1cfc1167f95480b27fc7549ee0b23fd": ["23", "com.duolingo.app.LessonActivity"]}, {"a1cfc1167f95480b27fc7549ee0b23fd": ["23", "com.duolingo.app.LessonActivity"]}, {"a1cfc1167f95480b27fc7549ee0b23fd": ["23", "com.duolingo.app.LessonActivity"]}, {"a1cfc1167f95480b27fc7549ee0b23fd": ["23", "com.duolingo.app.LessonActivity"]}, {"a1cfc1167f95480b27fc7549ee0b23fd": ["23", "com.duolingo.app.LessonActivity"]}, {"a1cfc1167f95480b27fc7549ee0b23fd": ["23", "com.duolingo.app.LessonActivity"]}, {"a1cfc1167f95480b27fc7549ee0b23fd": ["23", "com.duolingo.app.LessonActivity"]}, {"ba4e1d3836450f84352d976e41b382a8": ["24", "com.duolingo.app.LessonActivity"]}, {"a1cfc1167f95480b27fc7549ee0b23fd": ["23", "com.duolingo.app.LessonActivity"]}, {"ba4e1d3836450f84352d976e41b382a8": ["24", "com.duolingo.app.LessonActivity"]}, {"ba4e1d3836450f84352d976e41b382a8": ["24", "com.duolingo.app.LessonActivity"]}, {"ba4e1d3836450f84352d976e41b382a8": ["24", "com.duolingo.app.LessonActivity"]}, {"ba4e1d3836450f84352d976e41b382a8": ["24", "com.duolingo.app.LessonActivity"]}, {"d54005a0b32c946e7fb8be41eff7819a": ["25", "com.duolingo.app.LessonActivity"]}, {"d54005a0b32c946e7fb8be41eff7819a": ["25", "com.duolingo.app.LessonActivity"]}, {"950597cb53557bf8287f63bebc21bfea": ["21", "com.duolingo.app.LessonActivity"]}, {"3372d91732dc201950418b125a8fe7ce": ["26", "com.duolingo.app.LessonActivity"]}, {"3372d91732dc201950418b125a8fe7ce": ["26", "com.duolingo.app.LessonActivity"]}, {"3372d91732dc201950418b125a8fe7ce": ["26", "com.duolingo.app.LessonActivity"]}, {"3372d91732dc201950418b125a8fe7ce": ["26", "com.duolingo.app.LessonActivity"]}, {"3372d91732dc201950418b125a8fe7ce": ["26", "com.duolingo.app.LessonActivity"]}, {"3372d91732dc201950418b125a8fe7ce": ["26", "com.duolingo.app.LessonActivity"]}, {"3372d91732dc201950418b125a8fe7ce": ["26", "com.duolingo.app.LessonActivity"]}, {"3372d91732dc201950418b125a8fe7ce": ["26", "com.duolingo.app.LessonActivity"]}, {"3372d91732dc201950418b125a8fe7ce": ["26", "com.duolingo.app.LessonActivity"]}, {"db2fb10a2e92d6ab3126aee71602bf82": ["27", "com.google.android.gms.ads.AdActivity"]}, {"db2fb10a2e92d6ab3126aee71602bf82": ["27", "com.google.android.gms.ads.AdActivity"]}, {"db2fb10a2e92d6ab3126aee71602bf82": ["27", "com.google.android.gms.ads.AdActivity"]}, {"db2fb10a2e92d6ab3126aee71602bf82": ["27", "com.google.android.gms.ads.AdActivity"]}, {"db2fb10a2e92d6ab3126aee71602bf82": ["27", "com.google.android.gms.ads.AdActivity"]}, {"db2fb10a2e92d6ab3126aee71602bf82": ["27", "com.google.android.gms.ads.AdActivity"]}, {"db2fb10a2e92d6ab3126aee71602bf82": ["27", "com.google.android.gms.ads.AdActivity"]}, {"db2fb10a2e92d6ab3126aee71602bf82": ["27", "com.google.android.gms.ads.AdActivity"]}, {"db2fb10a2e92d6ab3126aee71602bf82": ["27", "com.google.android.gms.ads.AdActivity"]}, {"db2fb10a2e92d6ab3126aee71602bf82": ["27", "com.google.android.gms.ads.AdActivity"]}, {"db2fb10a2e92d6ab3126aee71602bf82": ["27", "com.google.android.gms.ads.AdActivity"]}, {"db2fb10a2e92d6ab3126aee71602bf82": ["27", "com.google.android.gms.ads.AdActivity"]}, {"db2fb10a2e92d6ab3126aee71602bf82": ["27", "com.google.android.gms.ads.AdActivity"]}, {"db2fb10a2e92d6ab3126aee71602bf82": ["27", "com.google.android.gms.ads.AdActivity"]}, {"db2fb10a2e92d6ab3126aee71602bf82": ["27", "com.google.android.gms.ads.AdActivity"]}, {"db2fb10a2e92d6ab3126aee71602bf82": ["27", "com.google.android.gms.ads.AdActivity"]}, {"db2fb10a2e92d6ab3126aee71602bf82": ["27", "com.google.android.gms.ads.AdActivity"]}, {"db2fb10a2e92d6ab3126aee71602bf82": ["27", "com.google.android.gms.ads.AdActivity"]}, {"db2fb10a2e92d6ab3126aee71602bf82": ["27", "com.google.android.gms.ads.AdActivity"]}, {"db2fb10a2e92d6ab3126aee71602bf82": ["27", "com.google.android.gms.ads.AdActivity"]}, {"db2fb10a2e92d6ab3126aee71602bf82": ["27", "com.google.android.gms.ads.AdActivity"]}, {"db2fb10a2e92d6ab3126aee71602bf82": ["27", "com.google.android.gms.ads.AdActivity"]}, {"db2fb10a2e92d6ab3126aee71602bf82": ["27", "com.google.android.gms.ads.AdActivity"]}, {"db2fb10a2e92d6ab3126aee71602bf82": ["27", "com.google.android.gms.ads.AdActivity"]}, {"db2fb10a2e92d6ab3126aee71602bf82": ["27", "com.google.android.gms.ads.AdActivity"]}, {"db2fb10a2e92d6ab3126aee71602bf82": ["27", "com.google.android.gms.ads.AdActivity"]}, {"db2fb10a2e92d6ab3126aee71602bf82": ["27", "com.google.android.gms.ads.AdActivity"]}, {"db2fb10a2e92d6ab3126aee71602bf82": ["27", "com.google.android.gms.ads.AdActivity"]}, {"db2fb10a2e92d6ab3126aee71602bf82": ["27", "com.google.android.gms.ads.AdActivity"]}, {"db2fb10a2e92d6ab3126aee71602bf82": ["27", "com.google.android.gms.ads.AdActivity"]}, {"db2fb10a2e92d6ab3126aee71602bf82": ["27", "com.google.android.gms.ads.AdActivity"]}, {"db2fb10a2e92d6ab3126aee71602bf82": ["27", "com.google.android.gms.ads.AdActivity"]}, {"db2fb10a2e92d6ab3126aee71602bf82": ["27", "com.google.android.gms.ads.AdActivity"]}, {"db2fb10a2e92d6ab3126aee71602bf82": ["27", "com.google.android.gms.ads.AdActivity"]}, {"db2fb10a2e92d6ab3126aee71602bf82": ["27", "com.google.android.gms.ads.AdActivity"]}, {"db2fb10a2e92d6ab3126aee71602bf82": ["27", "com.google.android.gms.ads.AdActivity"]}, {"db2fb10a2e92d6ab3126aee71602bf82": ["27", "com.google.android.gms.ads.AdActivity"]}, {"db2fb10a2e92d6ab3126aee71602bf82": ["27", "com.google.android.gms.ads.AdActivity"]}, {"db2fb10a2e92d6ab3126aee71602bf82": ["27", "com.google.android.gms.ads.AdActivity"]}, {"db2fb10a2e92d6ab3126aee71602bf82": ["27", "com.google.android.gms.ads.AdActivity"]}, {"db2fb10a2e92d6ab3126aee71602bf82": ["27", "com.google.android.gms.ads.AdActivity"]}, {"db2fb10a2e92d6ab3126aee71602bf82": ["27", "com.google.android.gms.ads.AdActivity"]}, {"db2fb10a2e92d6ab3126aee71602bf82": ["27", "com.google.android.gms.ads.AdActivity"]}, {"db2fb10a2e92d6ab3126aee71602bf82": ["27", "com.google.android.gms.ads.AdActivity"]}, {"db2fb10a2e92d6ab3126aee71602bf82": ["27", "com.google.android.gms.ads.AdActivity"]}, {"db2fb10a2e92d6ab3126aee71602bf82": ["27", "com.google.android.gms.ads.AdActivity"]}, {"db2fb10a2e92d6ab3126aee71602bf82": ["27", "com.google.android.gms.ads.AdActivity"]}, {"db2fb10a2e92d6ab3126aee71602bf82": ["27", "com.google.android.gms.ads.AdActivity"]}, {"db2fb10a2e92d6ab3126aee71602bf82": ["27", "com.google.android.gms.ads.AdActivity"]}, {"db2fb10a2e92d6ab3126aee71602bf82": ["27", "com.google.android.gms.ads.AdActivity"]}, {"db2fb10a2e92d6ab3126aee71602bf82": ["27", "com.google.android.gms.ads.AdActivity"]}, {"db2fb10a2e92d6ab3126aee71602bf82": ["27", "com.google.android.gms.ads.AdActivity"]}, {"db2fb10a2e92d6ab3126aee71602bf82": ["27", "com.google.android.gms.ads.AdActivity"]}, {"db2fb10a2e92d6ab3126aee71602bf82": ["27", "com.google.android.gms.ads.AdActivity"]}, {"db2fb10a2e92d6ab3126aee71602bf82": ["27", "com.google.android.gms.ads.AdActivity"]}, {"db2fb10a2e92d6ab3126aee71602bf82": ["27", "com.google.android.gms.ads.AdActivity"]}, {"db2fb10a2e92d6ab3126aee71602bf82": ["27", "com.google.android.gms.ads.AdActivity"]}, {"db2fb10a2e92d6ab3126aee71602bf82": ["27", "com.google.android.gms.ads.AdActivity"]}, {"db2fb10a2e92d6ab3126aee71602bf82": ["27", "com.google.android.gms.ads.AdActivity"]}]