[{"414fd3ae3a8d8982541867ebf74f93f4": ["0", "com.duolingo.app.LoginActivity"]}, {"04e50421aef7e1b789023ddc1a7f6fc3": ["1", "com.duolingo.app.LoginActivity"]}, {"14a94f45ecb9a6d50bde8af4c076c735": ["2", "com.duolingo.app.LoginActivity"]}, {"8464048154a5b0b52e28b375a013fb2c": ["3", "com.duolingo.app.HomeActivity"]}, {"3dbca313ccdaaaab0f7695b8626329ce": ["4", "com.duolingo.app.WelcomeFlowActivity"]}, {"3dbca313ccdaaaab0f7695b8626329ce": ["4", "com.duolingo.app.WelcomeFlowActivity"]}, {"3dbca313ccdaaaab0f7695b8626329ce": ["4", "com.duolingo.app.WelcomeFlowActivity"]}, {"3dbca313ccdaaaab0f7695b8626329ce": ["4", "com.duolingo.app.WelcomeFlowActivity"]}, {"0d3b291622464a1f71d8520e96be43f6": ["5", "com.duolingo.app.WelcomeFlowActivity"]}, {"c0e0f039790532be2a456560f903f573": ["6", "com.duolingo.app.SignupActivity"]}, {"d8f02137ddd9dff6038c9327bb7453c1": ["7", "com.facebook.FacebookActivity"]}, {"d8f02137ddd9dff6038c9327bb7453c1": ["7", "com.facebook.FacebookActivity"]}, {"d8f02137ddd9dff6038c9327bb7453c1": ["7", "com.facebook.FacebookActivity"]}, {"d8f02137ddd9dff6038c9327bb7453c1": ["7", "com.facebook.FacebookActivity"]}, {"d8f02137ddd9dff6038c9327bb7453c1": ["7", "com.facebook.FacebookActivity"]}, {"d8f02137ddd9dff6038c9327bb7453c1": ["7", "com.facebook.FacebookActivity"]}, {"d8f02137ddd9dff6038c9327bb7453c1": ["7", "com.facebook.FacebookActivity"]}, {"d8f02137ddd9dff6038c9327bb7453c1": ["7", "com.facebook.FacebookActivity"]}, {"d8f02137ddd9dff6038c9327bb7453c1": ["7", "com.facebook.FacebookActivity"]}, {"d8f02137ddd9dff6038c9327bb7453c1": ["7", "com.facebook.FacebookActivity"]}, {"d8f02137ddd9dff6038c9327bb7453c1": ["7", "com.facebook.FacebookActivity"]}, {"d8f02137ddd9dff6038c9327bb7453c1": ["7", "com.facebook.FacebookActivity"]}, {"d8f02137ddd9dff6038c9327bb7453c1": ["7", "com.facebook.FacebookActivity"]}, {"d8f02137ddd9dff6038c9327bb7453c1": ["7", "com.facebook.FacebookActivity"]}, {"d8f02137ddd9dff6038c9327bb7453c1": ["7", "com.facebook.FacebookActivity"]}, {"d8f02137ddd9dff6038c9327bb7453c1": ["7", "com.facebook.FacebookActivity"]}, {"d8f02137ddd9dff6038c9327bb7453c1": ["7", "com.facebook.FacebookActivity"]}, {"d8f02137ddd9dff6038c9327bb7453c1": ["7", "com.facebook.FacebookActivity"]}, {"d8f02137ddd9dff6038c9327bb7453c1": ["7", "com.facebook.FacebookActivity"]}, {"d8f02137ddd9dff6038c9327bb7453c1": ["7", "com.facebook.FacebookActivity"]}, {"d8f02137ddd9dff6038c9327bb7453c1": ["7", "com.facebook.FacebookActivity"]}, {"d8f02137ddd9dff6038c9327bb7453c1": ["7", "com.facebook.FacebookActivity"]}, {"d8f02137ddd9dff6038c9327bb7453c1": ["7", "com.facebook.FacebookActivity"]}, {"d8f02137ddd9dff6038c9327bb7453c1": ["7", "com.facebook.FacebookActivity"]}, {"d8f02137ddd9dff6038c9327bb7453c1": ["7", "com.facebook.FacebookActivity"]}, {"d8f02137ddd9dff6038c9327bb7453c1": ["7", "com.facebook.FacebookActivity"]}, {"d8f02137ddd9dff6038c9327bb7453c1": ["7", "com.facebook.FacebookActivity"]}, {"d8f02137ddd9dff6038c9327bb7453c1": ["7", "com.facebook.FacebookActivity"]}, {"d8f02137ddd9dff6038c9327bb7453c1": ["7", "com.facebook.FacebookActivity"]}, {"d8f02137ddd9dff6038c9327bb7453c1": ["7", "com.facebook.FacebookActivity"]}, {"d8f02137ddd9dff6038c9327bb7453c1": ["7", "com.facebook.FacebookActivity"]}, {"d8f02137ddd9dff6038c9327bb7453c1": ["7", "com.facebook.FacebookActivity"]}, {"d8f02137ddd9dff6038c9327bb7453c1": ["7", "com.facebook.FacebookActivity"]}, {"d8f02137ddd9dff6038c9327bb7453c1": ["7", "com.facebook.FacebookActivity"]}, {"d8f02137ddd9dff6038c9327bb7453c1": ["7", "com.facebook.FacebookActivity"]}, {"d8f02137ddd9dff6038c9327bb7453c1": ["7", "com.facebook.FacebookActivity"]}, {"d8f02137ddd9dff6038c9327bb7453c1": ["7", "com.facebook.FacebookActivity"]}, {"d8f02137ddd9dff6038c9327bb7453c1": ["7", "com.facebook.FacebookActivity"]}, {"d8f02137ddd9dff6038c9327bb7453c1": ["7", "com.facebook.FacebookActivity"]}, {"d8f02137ddd9dff6038c9327bb7453c1": ["7", "com.facebook.FacebookActivity"]}, {"d8f02137ddd9dff6038c9327bb7453c1": ["7", "com.facebook.FacebookActivity"]}, {"d8f02137ddd9dff6038c9327bb7453c1": ["7", "com.facebook.FacebookActivity"]}, {"d8f02137ddd9dff6038c9327bb7453c1": ["7", "com.facebook.FacebookActivity"]}, {"d8f02137ddd9dff6038c9327bb7453c1": ["7", "com.facebook.FacebookActivity"]}, {"d8f02137ddd9dff6038c9327bb7453c1": ["7", "com.facebook.FacebookActivity"]}, {"d8f02137ddd9dff6038c9327bb7453c1": ["7", "com.facebook.FacebookActivity"]}, {"d8f02137ddd9dff6038c9327bb7453c1": ["7", "com.facebook.FacebookActivity"]}, {"d8f02137ddd9dff6038c9327bb7453c1": ["7", "com.facebook.FacebookActivity"]}, {"d8f02137ddd9dff6038c9327bb7453c1": ["7", "com.facebook.FacebookActivity"]}, {"d8f02137ddd9dff6038c9327bb7453c1": ["7", "com.facebook.FacebookActivity"]}, {"d8f02137ddd9dff6038c9327bb7453c1": ["7", "com.facebook.FacebookActivity"]}, {"d8f02137ddd9dff6038c9327bb7453c1": ["7", "com.facebook.FacebookActivity"]}, {"d8f02137ddd9dff6038c9327bb7453c1": ["7", "com.facebook.FacebookActivity"]}, {"d8f02137ddd9dff6038c9327bb7453c1": ["7", "com.facebook.FacebookActivity"]}, {"d8f02137ddd9dff6038c9327bb7453c1": ["7", "com.facebook.FacebookActivity"]}, {"d8f02137ddd9dff6038c9327bb7453c1": ["7", "com.facebook.FacebookActivity"]}, {"d8f02137ddd9dff6038c9327bb7453c1": ["7", "com.facebook.FacebookActivity"]}, {"d8f02137ddd9dff6038c9327bb7453c1": ["7", "com.facebook.FacebookActivity"]}, {"d8f02137ddd9dff6038c9327bb7453c1": ["7", "com.facebook.FacebookActivity"]}, {"d8f02137ddd9dff6038c9327bb7453c1": ["7", "com.facebook.FacebookActivity"]}, {"d8f02137ddd9dff6038c9327bb7453c1": ["7", "com.facebook.FacebookActivity"]}, {"d8f02137ddd9dff6038c9327bb7453c1": ["7", "com.facebook.FacebookActivity"]}, {"d8f02137ddd9dff6038c9327bb7453c1": ["7", "com.facebook.FacebookActivity"]}, {"d8f02137ddd9dff6038c9327bb7453c1": ["7", "com.facebook.FacebookActivity"]}, {"d8f02137ddd9dff6038c9327bb7453c1": ["7", "com.facebook.FacebookActivity"]}, {"d8f02137ddd9dff6038c9327bb7453c1": ["7", "com.facebook.FacebookActivity"]}, {"d8f02137ddd9dff6038c9327bb7453c1": ["7", "com.facebook.FacebookActivity"]}, {"d8f02137ddd9dff6038c9327bb7453c1": ["7", "com.facebook.FacebookActivity"]}, {"d8f02137ddd9dff6038c9327bb7453c1": ["7", "com.facebook.FacebookActivity"]}, {"d8f02137ddd9dff6038c9327bb7453c1": ["7", "com.facebook.FacebookActivity"]}, {"d8f02137ddd9dff6038c9327bb7453c1": ["7", "com.facebook.FacebookActivity"]}, {"d8f02137ddd9dff6038c9327bb7453c1": ["7", "com.facebook.FacebookActivity"]}, {"d8f02137ddd9dff6038c9327bb7453c1": ["7", "com.facebook.FacebookActivity"]}, {"d8f02137ddd9dff6038c9327bb7453c1": ["7", "com.facebook.FacebookActivity"]}, {"d8f02137ddd9dff6038c9327bb7453c1": ["7", "com.facebook.FacebookActivity"]}, {"d8f02137ddd9dff6038c9327bb7453c1": ["7", "com.facebook.FacebookActivity"]}, {"d8f02137ddd9dff6038c9327bb7453c1": ["7", "com.facebook.FacebookActivity"]}, {"d8f02137ddd9dff6038c9327bb7453c1": ["7", "com.facebook.FacebookActivity"]}, {"d8f02137ddd9dff6038c9327bb7453c1": ["7", "com.facebook.FacebookActivity"]}, {"d8f02137ddd9dff6038c9327bb7453c1": ["7", "com.facebook.FacebookActivity"]}, {"d8f02137ddd9dff6038c9327bb7453c1": ["7", "com.facebook.FacebookActivity"]}, {"d8f02137ddd9dff6038c9327bb7453c1": ["7", "com.facebook.FacebookActivity"]}, {"d8f02137ddd9dff6038c9327bb7453c1": ["7", "com.facebook.FacebookActivity"]}, {"d8f02137ddd9dff6038c9327bb7453c1": ["7", "com.facebook.FacebookActivity"]}, {"c0e0f039790532be2a456560f903f573": ["6", "com.duolingo.app.SignupActivity"]}, {"98c7b3297fb4365a461f4fff0f80e9a0": ["8", "com.duolingo.app.SignupActivity"]}, {"98c7b3297fb4365a461f4fff0f80e9a0": ["8", "com.duolingo.app.SignupActivity"]}, {"d8f02137ddd9dff6038c9327bb7453c1": ["7", "com.facebook.FacebookActivity"]}, {"d8f02137ddd9dff6038c9327bb7453c1": ["7", "com.facebook.FacebookActivity"]}, {"d8f02137ddd9dff6038c9327bb7453c1": ["7", "com.facebook.FacebookActivity"]}, {"d8f02137ddd9dff6038c9327bb7453c1": ["7", "com.facebook.FacebookActivity"]}, {"d8f02137ddd9dff6038c9327bb7453c1": ["7", "com.facebook.FacebookActivity"]}, {"d8f02137ddd9dff6038c9327bb7453c1": ["7", "com.facebook.FacebookActivity"]}, {"d8f02137ddd9dff6038c9327bb7453c1": ["7", "com.facebook.FacebookActivity"]}, {"d8f02137ddd9dff6038c9327bb7453c1": ["7", "com.facebook.FacebookActivity"]}, {"d8f02137ddd9dff6038c9327bb7453c1": ["7", "com.facebook.FacebookActivity"]}, {"d8f02137ddd9dff6038c9327bb7453c1": ["7", "com.facebook.FacebookActivity"]}, {"d8f02137ddd9dff6038c9327bb7453c1": ["7", "com.facebook.FacebookActivity"]}, {"d8f02137ddd9dff6038c9327bb7453c1": ["7", "com.facebook.FacebookActivity"]}, {"d8f02137ddd9dff6038c9327bb7453c1": ["7", "com.facebook.FacebookActivity"]}, {"d8f02137ddd9dff6038c9327bb7453c1": ["7", "com.facebook.FacebookActivity"]}, {"d8f02137ddd9dff6038c9327bb7453c1": ["7", "com.facebook.FacebookActivity"]}, {"d8f02137ddd9dff6038c9327bb7453c1": ["7", "com.facebook.FacebookActivity"]}, {"d8f02137ddd9dff6038c9327bb7453c1": ["7", "com.facebook.FacebookActivity"]}, {"d8f02137ddd9dff6038c9327bb7453c1": ["7", "com.facebook.FacebookActivity"]}, {"d8f02137ddd9dff6038c9327bb7453c1": ["7", "com.facebook.FacebookActivity"]}, {"d8f02137ddd9dff6038c9327bb7453c1": ["7", "com.facebook.FacebookActivity"]}, {"d8f02137ddd9dff6038c9327bb7453c1": ["7", "com.facebook.FacebookActivity"]}, {"d8f02137ddd9dff6038c9327bb7453c1": ["7", "com.facebook.FacebookActivity"]}, {"d8f02137ddd9dff6038c9327bb7453c1": ["7", "com.facebook.FacebookActivity"]}, {"d8f02137ddd9dff6038c9327bb7453c1": ["7", "com.facebook.FacebookActivity"]}, {"98c7b3297fb4365a461f4fff0f80e9a0": ["8", "com.duolingo.app.SignupActivity"]}, {"98c7b3297fb4365a461f4fff0f80e9a0": ["8", "com.duolingo.app.SignupActivity"]}, {"98c7b3297fb4365a461f4fff0f80e9a0": ["8", "com.duolingo.app.SignupActivity"]}, {"98c7b3297fb4365a461f4fff0f80e9a0": ["8", "com.duolingo.app.SignupActivity"]}, {"98c7b3297fb4365a461f4fff0f80e9a0": ["8", "com.duolingo.app.SignupActivity"]}, {"d8f02137ddd9dff6038c9327bb7453c1": ["7", "com.facebook.FacebookActivity"]}, {"d8f02137ddd9dff6038c9327bb7453c1": ["7", "com.facebook.FacebookActivity"]}, {"d8f02137ddd9dff6038c9327bb7453c1": ["7", "com.facebook.FacebookActivity"]}, {"d8f02137ddd9dff6038c9327bb7453c1": ["7", "com.facebook.FacebookActivity"]}, {"d8f02137ddd9dff6038c9327bb7453c1": ["7", "com.facebook.FacebookActivity"]}, {"d8f02137ddd9dff6038c9327bb7453c1": ["7", "com.facebook.FacebookActivity"]}, {"d8f02137ddd9dff6038c9327bb7453c1": ["7", "com.facebook.FacebookActivity"]}, {"d8f02137ddd9dff6038c9327bb7453c1": ["7", "com.facebook.FacebookActivity"]}, {"d8f02137ddd9dff6038c9327bb7453c1": ["7", "com.facebook.FacebookActivity"]}, {"d8f02137ddd9dff6038c9327bb7453c1": ["7", "com.facebook.FacebookActivity"]}, {"d8f02137ddd9dff6038c9327bb7453c1": ["7", "com.facebook.FacebookActivity"]}, {"d8f02137ddd9dff6038c9327bb7453c1": ["7", "com.facebook.FacebookActivity"]}, {"d8f02137ddd9dff6038c9327bb7453c1": ["7", "com.facebook.FacebookActivity"]}, {"d8f02137ddd9dff6038c9327bb7453c1": ["7", "com.facebook.FacebookActivity"]}, {"d8f02137ddd9dff6038c9327bb7453c1": ["7", "com.facebook.FacebookActivity"]}, {"d8f02137ddd9dff6038c9327bb7453c1": ["7", "com.facebook.FacebookActivity"]}, {"d8f02137ddd9dff6038c9327bb7453c1": ["7", "com.facebook.FacebookActivity"]}, {"d8f02137ddd9dff6038c9327bb7453c1": ["7", "com.facebook.FacebookActivity"]}, {"d8f02137ddd9dff6038c9327bb7453c1": ["7", "com.facebook.FacebookActivity"]}, {"d8f02137ddd9dff6038c9327bb7453c1": ["7", "com.facebook.FacebookActivity"]}, {"d8f02137ddd9dff6038c9327bb7453c1": ["7", "com.facebook.FacebookActivity"]}, {"d8f02137ddd9dff6038c9327bb7453c1": ["7", "com.facebook.FacebookActivity"]}, {"d8f02137ddd9dff6038c9327bb7453c1": ["7", "com.facebook.FacebookActivity"]}, {"d8f02137ddd9dff6038c9327bb7453c1": ["7", "com.facebook.FacebookActivity"]}, {"d8f02137ddd9dff6038c9327bb7453c1": ["7", "com.facebook.FacebookActivity"]}, {"d8f02137ddd9dff6038c9327bb7453c1": ["7", "com.facebook.FacebookActivity"]}, {"d8f02137ddd9dff6038c9327bb7453c1": ["7", "com.facebook.FacebookActivity"]}, {"d8f02137ddd9dff6038c9327bb7453c1": ["7", "com.facebook.FacebookActivity"]}, {"d8f02137ddd9dff6038c9327bb7453c1": ["7", "com.facebook.FacebookActivity"]}, {"d8f02137ddd9dff6038c9327bb7453c1": ["7", "com.facebook.FacebookActivity"]}, {"d8f02137ddd9dff6038c9327bb7453c1": ["7", "com.facebook.FacebookActivity"]}, {"d8f02137ddd9dff6038c9327bb7453c1": ["7", "com.facebook.FacebookActivity"]}, {"d8f02137ddd9dff6038c9327bb7453c1": ["7", "com.facebook.FacebookActivity"]}, {"d8f02137ddd9dff6038c9327bb7453c1": ["7", "com.facebook.FacebookActivity"]}, {"d8f02137ddd9dff6038c9327bb7453c1": ["7", "com.facebook.FacebookActivity"]}, {"d8f02137ddd9dff6038c9327bb7453c1": ["7", "com.facebook.FacebookActivity"]}, {"d8f02137ddd9dff6038c9327bb7453c1": ["7", "com.facebook.FacebookActivity"]}, {"d8f02137ddd9dff6038c9327bb7453c1": ["7", "com.facebook.FacebookActivity"]}, {"d8f02137ddd9dff6038c9327bb7453c1": ["7", "com.facebook.FacebookActivity"]}, {"d8f02137ddd9dff6038c9327bb7453c1": ["7", "com.facebook.FacebookActivity"]}, {"d8f02137ddd9dff6038c9327bb7453c1": ["7", "com.facebook.FacebookActivity"]}, {"d8f02137ddd9dff6038c9327bb7453c1": ["7", "com.facebook.FacebookActivity"]}, {"d8f02137ddd9dff6038c9327bb7453c1": ["7", "com.facebook.FacebookActivity"]}, {"d8f02137ddd9dff6038c9327bb7453c1": ["7", "com.facebook.FacebookActivity"]}, {"d8f02137ddd9dff6038c9327bb7453c1": ["7", "com.facebook.FacebookActivity"]}, {"d8f02137ddd9dff6038c9327bb7453c1": ["7", "com.facebook.FacebookActivity"]}, {"d8f02137ddd9dff6038c9327bb7453c1": ["7", "com.facebook.FacebookActivity"]}, {"d8f02137ddd9dff6038c9327bb7453c1": ["7", "com.facebook.FacebookActivity"]}, {"d8f02137ddd9dff6038c9327bb7453c1": ["7", "com.facebook.FacebookActivity"]}, {"d8f02137ddd9dff6038c9327bb7453c1": ["7", "com.facebook.FacebookActivity"]}, {"d8f02137ddd9dff6038c9327bb7453c1": ["7", "com.facebook.FacebookActivity"]}, {"d8f02137ddd9dff6038c9327bb7453c1": ["7", "com.facebook.FacebookActivity"]}, {"d8f02137ddd9dff6038c9327bb7453c1": ["7", "com.facebook.FacebookActivity"]}, {"d8f02137ddd9dff6038c9327bb7453c1": ["7", "com.facebook.FacebookActivity"]}, {"d8f02137ddd9dff6038c9327bb7453c1": ["7", "com.facebook.FacebookActivity"]}, {"d8f02137ddd9dff6038c9327bb7453c1": ["7", "com.facebook.FacebookActivity"]}, {"d8f02137ddd9dff6038c9327bb7453c1": ["7", "com.facebook.FacebookActivity"]}, {"d8f02137ddd9dff6038c9327bb7453c1": ["7", "com.facebook.FacebookActivity"]}, {"d8f02137ddd9dff6038c9327bb7453c1": ["7", "com.facebook.FacebookActivity"]}, {"d8f02137ddd9dff6038c9327bb7453c1": ["7", "com.facebook.FacebookActivity"]}, {"d8f02137ddd9dff6038c9327bb7453c1": ["7", "com.facebook.FacebookActivity"]}, {"d8f02137ddd9dff6038c9327bb7453c1": ["7", "com.facebook.FacebookActivity"]}, {"d8f02137ddd9dff6038c9327bb7453c1": ["7", "com.facebook.FacebookActivity"]}, {"d8f02137ddd9dff6038c9327bb7453c1": ["7", "com.facebook.FacebookActivity"]}, {"d8f02137ddd9dff6038c9327bb7453c1": ["7", "com.facebook.FacebookActivity"]}, {"d8f02137ddd9dff6038c9327bb7453c1": ["7", "com.facebook.FacebookActivity"]}, {"d8f02137ddd9dff6038c9327bb7453c1": ["7", "com.facebook.FacebookActivity"]}, {"d8f02137ddd9dff6038c9327bb7453c1": ["7", "com.facebook.FacebookActivity"]}, {"d8f02137ddd9dff6038c9327bb7453c1": ["7", "com.facebook.FacebookActivity"]}, {"d8f02137ddd9dff6038c9327bb7453c1": ["7", "com.facebook.FacebookActivity"]}, {"d8f02137ddd9dff6038c9327bb7453c1": ["7", "com.facebook.FacebookActivity"]}, {"d8f02137ddd9dff6038c9327bb7453c1": ["7", "com.facebook.FacebookActivity"]}, {"d8f02137ddd9dff6038c9327bb7453c1": ["7", "com.facebook.FacebookActivity"]}, {"d8f02137ddd9dff6038c9327bb7453c1": ["7", "com.facebook.FacebookActivity"]}, {"d8f02137ddd9dff6038c9327bb7453c1": ["7", "com.facebook.FacebookActivity"]}, {"d8f02137ddd9dff6038c9327bb7453c1": ["7", "com.facebook.FacebookActivity"]}, {"d8f02137ddd9dff6038c9327bb7453c1": ["7", "com.facebook.FacebookActivity"]}, {"d8f02137ddd9dff6038c9327bb7453c1": ["7", "com.facebook.FacebookActivity"]}, {"d8f02137ddd9dff6038c9327bb7453c1": ["7", "com.facebook.FacebookActivity"]}, {"d8f02137ddd9dff6038c9327bb7453c1": ["7", "com.facebook.FacebookActivity"]}, {"d8f02137ddd9dff6038c9327bb7453c1": ["7", "com.facebook.FacebookActivity"]}, {"d8f02137ddd9dff6038c9327bb7453c1": ["7", "com.facebook.FacebookActivity"]}, {"d8f02137ddd9dff6038c9327bb7453c1": ["7", "com.facebook.FacebookActivity"]}, {"d8f02137ddd9dff6038c9327bb7453c1": ["7", "com.facebook.FacebookActivity"]}, {"d8f02137ddd9dff6038c9327bb7453c1": ["7", "com.facebook.FacebookActivity"]}, {"d8f02137ddd9dff6038c9327bb7453c1": ["7", "com.facebook.FacebookActivity"]}, {"d8f02137ddd9dff6038c9327bb7453c1": ["7", "com.facebook.FacebookActivity"]}, {"d8f02137ddd9dff6038c9327bb7453c1": ["7", "com.facebook.FacebookActivity"]}, {"d8f02137ddd9dff6038c9327bb7453c1": ["7", "com.facebook.FacebookActivity"]}, {"d8f02137ddd9dff6038c9327bb7453c1": ["7", "com.facebook.FacebookActivity"]}, {"d8f02137ddd9dff6038c9327bb7453c1": ["7", "com.facebook.FacebookActivity"]}, {"d8f02137ddd9dff6038c9327bb7453c1": ["7", "com.facebook.FacebookActivity"]}, {"d8f02137ddd9dff6038c9327bb7453c1": ["7", "com.facebook.FacebookActivity"]}, {"d8f02137ddd9dff6038c9327bb7453c1": ["7", "com.facebook.FacebookActivity"]}, {"d8f02137ddd9dff6038c9327bb7453c1": ["7", "com.facebook.FacebookActivity"]}, {"d8f02137ddd9dff6038c9327bb7453c1": ["7", "com.facebook.FacebookActivity"]}, {"d8f02137ddd9dff6038c9327bb7453c1": ["7", "com.facebook.FacebookActivity"]}, {"d8f02137ddd9dff6038c9327bb7453c1": ["7", "com.facebook.FacebookActivity"]}, {"d8f02137ddd9dff6038c9327bb7453c1": ["7", "com.facebook.FacebookActivity"]}, {"d8f02137ddd9dff6038c9327bb7453c1": ["7", "com.facebook.FacebookActivity"]}, {"d8f02137ddd9dff6038c9327bb7453c1": ["7", "com.facebook.FacebookActivity"]}, {"d8f02137ddd9dff6038c9327bb7453c1": ["7", "com.facebook.FacebookActivity"]}, {"d8f02137ddd9dff6038c9327bb7453c1": ["7", "com.facebook.FacebookActivity"]}, {"d8f02137ddd9dff6038c9327bb7453c1": ["7", "com.facebook.FacebookActivity"]}, {"d8f02137ddd9dff6038c9327bb7453c1": ["7", "com.facebook.FacebookActivity"]}, {"98c7b3297fb4365a461f4fff0f80e9a0": ["8", "com.duolingo.app.SignupActivity"]}, {"d8f02137ddd9dff6038c9327bb7453c1": ["7", "com.facebook.FacebookActivity"]}, {"d8f02137ddd9dff6038c9327bb7453c1": ["7", "com.facebook.FacebookActivity"]}, {"d8f02137ddd9dff6038c9327bb7453c1": ["7", "com.facebook.FacebookActivity"]}, {"d8f02137ddd9dff6038c9327bb7453c1": ["7", "com.facebook.FacebookActivity"]}, {"d8f02137ddd9dff6038c9327bb7453c1": ["7", "com.facebook.FacebookActivity"]}, {"d8f02137ddd9dff6038c9327bb7453c1": ["7", "com.facebook.FacebookActivity"]}, {"d8f02137ddd9dff6038c9327bb7453c1": ["7", "com.facebook.FacebookActivity"]}, {"d8f02137ddd9dff6038c9327bb7453c1": ["7", "com.facebook.FacebookActivity"]}, {"d8f02137ddd9dff6038c9327bb7453c1": ["7", "com.facebook.FacebookActivity"]}, {"d8f02137ddd9dff6038c9327bb7453c1": ["7", "com.facebook.FacebookActivity"]}, {"d8f02137ddd9dff6038c9327bb7453c1": ["7", "com.facebook.FacebookActivity"]}, {"d8f02137ddd9dff6038c9327bb7453c1": ["7", "com.facebook.FacebookActivity"]}, {"d8f02137ddd9dff6038c9327bb7453c1": ["7", "com.facebook.FacebookActivity"]}, {"d8f02137ddd9dff6038c9327bb7453c1": ["7", "com.facebook.FacebookActivity"]}, {"d8f02137ddd9dff6038c9327bb7453c1": ["7", "com.facebook.FacebookActivity"]}, {"d8f02137ddd9dff6038c9327bb7453c1": ["7", "com.facebook.FacebookActivity"]}, {"d8f02137ddd9dff6038c9327bb7453c1": ["7", "com.facebook.FacebookActivity"]}, {"d8f02137ddd9dff6038c9327bb7453c1": ["7", "com.facebook.FacebookActivity"]}, {"d8f02137ddd9dff6038c9327bb7453c1": ["7", "com.facebook.FacebookActivity"]}, {"d8f02137ddd9dff6038c9327bb7453c1": ["7", "com.facebook.FacebookActivity"]}, {"d8f02137ddd9dff6038c9327bb7453c1": ["7", "com.facebook.FacebookActivity"]}, {"d8f02137ddd9dff6038c9327bb7453c1": ["7", "com.facebook.FacebookActivity"]}, {"d8f02137ddd9dff6038c9327bb7453c1": ["7", "com.facebook.FacebookActivity"]}, {"d8f02137ddd9dff6038c9327bb7453c1": ["7", "com.facebook.FacebookActivity"]}, {"d8f02137ddd9dff6038c9327bb7453c1": ["7", "com.facebook.FacebookActivity"]}, {"d8f02137ddd9dff6038c9327bb7453c1": ["7", "com.facebook.FacebookActivity"]}, {"d8f02137ddd9dff6038c9327bb7453c1": ["7", "com.facebook.FacebookActivity"]}, {"d8f02137ddd9dff6038c9327bb7453c1": ["7", "com.facebook.FacebookActivity"]}, {"d8f02137ddd9dff6038c9327bb7453c1": ["7", "com.facebook.FacebookActivity"]}, {"d8f02137ddd9dff6038c9327bb7453c1": ["7", "com.facebook.FacebookActivity"]}, {"d8f02137ddd9dff6038c9327bb7453c1": ["7", "com.facebook.FacebookActivity"]}, {"d8f02137ddd9dff6038c9327bb7453c1": ["7", "com.facebook.FacebookActivity"]}, {"d8f02137ddd9dff6038c9327bb7453c1": ["7", "com.facebook.FacebookActivity"]}, {"d8f02137ddd9dff6038c9327bb7453c1": ["7", "com.facebook.FacebookActivity"]}, {"d8f02137ddd9dff6038c9327bb7453c1": ["7", "com.facebook.FacebookActivity"]}, {"d8f02137ddd9dff6038c9327bb7453c1": ["7", "com.facebook.FacebookActivity"]}, {"d8f02137ddd9dff6038c9327bb7453c1": ["7", "com.facebook.FacebookActivity"]}, {"d8f02137ddd9dff6038c9327bb7453c1": ["7", "com.facebook.FacebookActivity"]}, {"d8f02137ddd9dff6038c9327bb7453c1": ["7", "com.facebook.FacebookActivity"]}, {"d8f02137ddd9dff6038c9327bb7453c1": ["7", "com.facebook.FacebookActivity"]}, {"d8f02137ddd9dff6038c9327bb7453c1": ["7", "com.facebook.FacebookActivity"]}, {"d8f02137ddd9dff6038c9327bb7453c1": ["7", "com.facebook.FacebookActivity"]}, {"d8f02137ddd9dff6038c9327bb7453c1": ["7", "com.facebook.FacebookActivity"]}, {"d8f02137ddd9dff6038c9327bb7453c1": ["7", "com.facebook.FacebookActivity"]}, {"d8f02137ddd9dff6038c9327bb7453c1": ["7", "com.facebook.FacebookActivity"]}, {"d8f02137ddd9dff6038c9327bb7453c1": ["7", "com.facebook.FacebookActivity"]}, {"d8f02137ddd9dff6038c9327bb7453c1": ["7", "com.facebook.FacebookActivity"]}, {"d8f02137ddd9dff6038c9327bb7453c1": ["7", "com.facebook.FacebookActivity"]}, {"d8f02137ddd9dff6038c9327bb7453c1": ["7", "com.facebook.FacebookActivity"]}, {"d8f02137ddd9dff6038c9327bb7453c1": ["7", "com.facebook.FacebookActivity"]}, {"d8f02137ddd9dff6038c9327bb7453c1": ["7", "com.facebook.FacebookActivity"]}, {"d8f02137ddd9dff6038c9327bb7453c1": ["7", "com.facebook.FacebookActivity"]}, {"d8f02137ddd9dff6038c9327bb7453c1": ["7", "com.facebook.FacebookActivity"]}, {"d8f02137ddd9dff6038c9327bb7453c1": ["7", "com.facebook.FacebookActivity"]}, {"d8f02137ddd9dff6038c9327bb7453c1": ["7", "com.facebook.FacebookActivity"]}, {"d8f02137ddd9dff6038c9327bb7453c1": ["7", "com.facebook.FacebookActivity"]}, {"d8f02137ddd9dff6038c9327bb7453c1": ["7", "com.facebook.FacebookActivity"]}, {"d8f02137ddd9dff6038c9327bb7453c1": ["7", "com.facebook.FacebookActivity"]}, {"d8f02137ddd9dff6038c9327bb7453c1": ["7", "com.facebook.FacebookActivity"]}, {"d8f02137ddd9dff6038c9327bb7453c1": ["7", "com.facebook.FacebookActivity"]}, {"d8f02137ddd9dff6038c9327bb7453c1": ["7", "com.facebook.FacebookActivity"]}, {"d8f02137ddd9dff6038c9327bb7453c1": ["7", "com.facebook.FacebookActivity"]}, {"d8f02137ddd9dff6038c9327bb7453c1": ["7", "com.facebook.FacebookActivity"]}, {"d8f02137ddd9dff6038c9327bb7453c1": ["7", "com.facebook.FacebookActivity"]}, {"d8f02137ddd9dff6038c9327bb7453c1": ["7", "com.facebook.FacebookActivity"]}, {"d8f02137ddd9dff6038c9327bb7453c1": ["7", "com.facebook.FacebookActivity"]}, {"d8f02137ddd9dff6038c9327bb7453c1": ["7", "com.facebook.FacebookActivity"]}, {"d8f02137ddd9dff6038c9327bb7453c1": ["7", "com.facebook.FacebookActivity"]}, {"d8f02137ddd9dff6038c9327bb7453c1": ["7", "com.facebook.FacebookActivity"]}, {"d8f02137ddd9dff6038c9327bb7453c1": ["7", "com.facebook.FacebookActivity"]}, {"d8f02137ddd9dff6038c9327bb7453c1": ["7", "com.facebook.FacebookActivity"]}, {"d8f02137ddd9dff6038c9327bb7453c1": ["7", "com.facebook.FacebookActivity"]}, {"d8f02137ddd9dff6038c9327bb7453c1": ["7", "com.facebook.FacebookActivity"]}, {"d8f02137ddd9dff6038c9327bb7453c1": ["7", "com.facebook.FacebookActivity"]}, {"d8f02137ddd9dff6038c9327bb7453c1": ["7", "com.facebook.FacebookActivity"]}, {"d8f02137ddd9dff6038c9327bb7453c1": ["7", "com.facebook.FacebookActivity"]}, {"d8f02137ddd9dff6038c9327bb7453c1": ["7", "com.facebook.FacebookActivity"]}, {"d8f02137ddd9dff6038c9327bb7453c1": ["7", "com.facebook.FacebookActivity"]}, {"d8f02137ddd9dff6038c9327bb7453c1": ["7", "com.facebook.FacebookActivity"]}, {"d8f02137ddd9dff6038c9327bb7453c1": ["7", "com.facebook.FacebookActivity"]}, {"d8f02137ddd9dff6038c9327bb7453c1": ["7", "com.facebook.FacebookActivity"]}, {"d8f02137ddd9dff6038c9327bb7453c1": ["7", "com.facebook.FacebookActivity"]}, {"d8f02137ddd9dff6038c9327bb7453c1": ["7", "com.facebook.FacebookActivity"]}, {"d8f02137ddd9dff6038c9327bb7453c1": ["7", "com.facebook.FacebookActivity"]}, {"d8f02137ddd9dff6038c9327bb7453c1": ["7", "com.facebook.FacebookActivity"]}, {"d8f02137ddd9dff6038c9327bb7453c1": ["7", "com.facebook.FacebookActivity"]}, {"d8f02137ddd9dff6038c9327bb7453c1": ["7", "com.facebook.FacebookActivity"]}, {"d8f02137ddd9dff6038c9327bb7453c1": ["7", "com.facebook.FacebookActivity"]}, {"d8f02137ddd9dff6038c9327bb7453c1": ["7", "com.facebook.FacebookActivity"]}, {"d8f02137ddd9dff6038c9327bb7453c1": ["7", "com.facebook.FacebookActivity"]}, {"d8f02137ddd9dff6038c9327bb7453c1": ["7", "com.facebook.FacebookActivity"]}, {"d8f02137ddd9dff6038c9327bb7453c1": ["7", "com.facebook.FacebookActivity"]}, {"d8f02137ddd9dff6038c9327bb7453c1": ["7", "com.facebook.FacebookActivity"]}, {"d8f02137ddd9dff6038c9327bb7453c1": ["7", "com.facebook.FacebookActivity"]}, {"d8f02137ddd9dff6038c9327bb7453c1": ["7", "com.facebook.FacebookActivity"]}, {"d8f02137ddd9dff6038c9327bb7453c1": ["7", "com.facebook.FacebookActivity"]}, {"d8f02137ddd9dff6038c9327bb7453c1": ["7", "com.facebook.FacebookActivity"]}, {"d8f02137ddd9dff6038c9327bb7453c1": ["7", "com.facebook.FacebookActivity"]}, {"d8f02137ddd9dff6038c9327bb7453c1": ["7", "com.facebook.FacebookActivity"]}, {"d8f02137ddd9dff6038c9327bb7453c1": ["7", "com.facebook.FacebookActivity"]}, {"d8f02137ddd9dff6038c9327bb7453c1": ["7", "com.facebook.FacebookActivity"]}, {"d8f02137ddd9dff6038c9327bb7453c1": ["7", "com.facebook.FacebookActivity"]}, {"d8f02137ddd9dff6038c9327bb7453c1": ["7", "com.facebook.FacebookActivity"]}, {"d8f02137ddd9dff6038c9327bb7453c1": ["7", "com.facebook.FacebookActivity"]}, {"d8f02137ddd9dff6038c9327bb7453c1": ["7", "com.facebook.FacebookActivity"]}, {"d8f02137ddd9dff6038c9327bb7453c1": ["7", "com.facebook.FacebookActivity"]}, {"d8f02137ddd9dff6038c9327bb7453c1": ["7", "com.facebook.FacebookActivity"]}, {"d8f02137ddd9dff6038c9327bb7453c1": ["7", "com.facebook.FacebookActivity"]}, {"d8f02137ddd9dff6038c9327bb7453c1": ["7", "com.facebook.FacebookActivity"]}, {"d8f02137ddd9dff6038c9327bb7453c1": ["7", "com.facebook.FacebookActivity"]}, {"d8f02137ddd9dff6038c9327bb7453c1": ["7", "com.facebook.FacebookActivity"]}, {"d8f02137ddd9dff6038c9327bb7453c1": ["7", "com.facebook.FacebookActivity"]}, {"d8f02137ddd9dff6038c9327bb7453c1": ["7", "com.facebook.FacebookActivity"]}, {"d8f02137ddd9dff6038c9327bb7453c1": ["7", "com.facebook.FacebookActivity"]}, {"d8f02137ddd9dff6038c9327bb7453c1": ["7", "com.facebook.FacebookActivity"]}, {"d8f02137ddd9dff6038c9327bb7453c1": ["7", "com.facebook.FacebookActivity"]}, {"d8f02137ddd9dff6038c9327bb7453c1": ["7", "com.facebook.FacebookActivity"]}, {"d8f02137ddd9dff6038c9327bb7453c1": ["7", "com.facebook.FacebookActivity"]}, {"d8f02137ddd9dff6038c9327bb7453c1": ["7", "com.facebook.FacebookActivity"]}, {"d8f02137ddd9dff6038c9327bb7453c1": ["7", "com.facebook.FacebookActivity"]}, {"d8f02137ddd9dff6038c9327bb7453c1": ["7", "com.facebook.FacebookActivity"]}, {"d8f02137ddd9dff6038c9327bb7453c1": ["7", "com.facebook.FacebookActivity"]}, {"d8f02137ddd9dff6038c9327bb7453c1": ["7", "com.facebook.FacebookActivity"]}, {"d8f02137ddd9dff6038c9327bb7453c1": ["7", "com.facebook.FacebookActivity"]}, {"d8f02137ddd9dff6038c9327bb7453c1": ["7", "com.facebook.FacebookActivity"]}, {"d8f02137ddd9dff6038c9327bb7453c1": ["7", "com.facebook.FacebookActivity"]}, {"d8f02137ddd9dff6038c9327bb7453c1": ["7", "com.facebook.FacebookActivity"]}, {"d8f02137ddd9dff6038c9327bb7453c1": ["7", "com.facebook.FacebookActivity"]}, {"d8f02137ddd9dff6038c9327bb7453c1": ["7", "com.facebook.FacebookActivity"]}, {"d8f02137ddd9dff6038c9327bb7453c1": ["7", "com.facebook.FacebookActivity"]}, {"98c7b3297fb4365a461f4fff0f80e9a0": ["8", "com.duolingo.app.SignupActivity"]}, {"98c7b3297fb4365a461f4fff0f80e9a0": ["8", "com.duolingo.app.SignupActivity"]}, {"d8f02137ddd9dff6038c9327bb7453c1": ["7", "com.facebook.FacebookActivity"]}, {"d8f02137ddd9dff6038c9327bb7453c1": ["7", "com.facebook.FacebookActivity"]}, {"d8f02137ddd9dff6038c9327bb7453c1": ["7", "com.facebook.FacebookActivity"]}, {"d8f02137ddd9dff6038c9327bb7453c1": ["7", "com.facebook.FacebookActivity"]}, {"d8f02137ddd9dff6038c9327bb7453c1": ["7", "com.facebook.FacebookActivity"]}, {"d8f02137ddd9dff6038c9327bb7453c1": ["7", "com.facebook.FacebookActivity"]}, {"d8f02137ddd9dff6038c9327bb7453c1": ["7", "com.facebook.FacebookActivity"]}, {"d8f02137ddd9dff6038c9327bb7453c1": ["7", "com.facebook.FacebookActivity"]}, {"d8f02137ddd9dff6038c9327bb7453c1": ["7", "com.facebook.FacebookActivity"]}, {"d8f02137ddd9dff6038c9327bb7453c1": ["7", "com.facebook.FacebookActivity"]}, {"d8f02137ddd9dff6038c9327bb7453c1": ["7", "com.facebook.FacebookActivity"]}, {"d8f02137ddd9dff6038c9327bb7453c1": ["7", "com.facebook.FacebookActivity"]}, {"d8f02137ddd9dff6038c9327bb7453c1": ["7", "com.facebook.FacebookActivity"]}, {"d8f02137ddd9dff6038c9327bb7453c1": ["7", "com.facebook.FacebookActivity"]}, {"d8f02137ddd9dff6038c9327bb7453c1": ["7", "com.facebook.FacebookActivity"]}, {"d8f02137ddd9dff6038c9327bb7453c1": ["7", "com.facebook.FacebookActivity"]}, {"d8f02137ddd9dff6038c9327bb7453c1": ["7", "com.facebook.FacebookActivity"]}, {"d8f02137ddd9dff6038c9327bb7453c1": ["7", "com.facebook.FacebookActivity"]}, {"d8f02137ddd9dff6038c9327bb7453c1": ["7", "com.facebook.FacebookActivity"]}, {"d8f02137ddd9dff6038c9327bb7453c1": ["7", "com.facebook.FacebookActivity"]}, {"d8f02137ddd9dff6038c9327bb7453c1": ["7", "com.facebook.FacebookActivity"]}, {"d8f02137ddd9dff6038c9327bb7453c1": ["7", "com.facebook.FacebookActivity"]}, {"d8f02137ddd9dff6038c9327bb7453c1": ["7", "com.facebook.FacebookActivity"]}, {"d8f02137ddd9dff6038c9327bb7453c1": ["7", "com.facebook.FacebookActivity"]}, {"d8f02137ddd9dff6038c9327bb7453c1": ["7", "com.facebook.FacebookActivity"]}, {"d8f02137ddd9dff6038c9327bb7453c1": ["7", "com.facebook.FacebookActivity"]}, {"d8f02137ddd9dff6038c9327bb7453c1": ["7", "com.facebook.FacebookActivity"]}, {"d8f02137ddd9dff6038c9327bb7453c1": ["7", "com.facebook.FacebookActivity"]}, {"d8f02137ddd9dff6038c9327bb7453c1": ["7", "com.facebook.FacebookActivity"]}, {"d8f02137ddd9dff6038c9327bb7453c1": ["7", "com.facebook.FacebookActivity"]}, {"d8f02137ddd9dff6038c9327bb7453c1": ["7", "com.facebook.FacebookActivity"]}, {"d8f02137ddd9dff6038c9327bb7453c1": ["7", "com.facebook.FacebookActivity"]}, {"d8f02137ddd9dff6038c9327bb7453c1": ["7", "com.facebook.FacebookActivity"]}, {"d8f02137ddd9dff6038c9327bb7453c1": ["7", "com.facebook.FacebookActivity"]}, {"d8f02137ddd9dff6038c9327bb7453c1": ["7", "com.facebook.FacebookActivity"]}, {"d8f02137ddd9dff6038c9327bb7453c1": ["7", "com.facebook.FacebookActivity"]}, {"d8f02137ddd9dff6038c9327bb7453c1": ["7", "com.facebook.FacebookActivity"]}, {"d8f02137ddd9dff6038c9327bb7453c1": ["7", "com.facebook.FacebookActivity"]}, {"d8f02137ddd9dff6038c9327bb7453c1": ["7", "com.facebook.FacebookActivity"]}, {"d8f02137ddd9dff6038c9327bb7453c1": ["7", "com.facebook.FacebookActivity"]}, {"d8f02137ddd9dff6038c9327bb7453c1": ["7", "com.facebook.FacebookActivity"]}, {"d8f02137ddd9dff6038c9327bb7453c1": ["7", "com.facebook.FacebookActivity"]}, {"d8f02137ddd9dff6038c9327bb7453c1": ["7", "com.facebook.FacebookActivity"]}, {"d8f02137ddd9dff6038c9327bb7453c1": ["7", "com.facebook.FacebookActivity"]}, {"d8f02137ddd9dff6038c9327bb7453c1": ["7", "com.facebook.FacebookActivity"]}]