[{"69c9e29a4b4fd3a6aebae4a4ec311208": ["0", "com.goodrx.activity.main.StartActivity"]}, {"c5aab162dbbd9232834ff2940fc999d2": ["631", "com.goodrx.activity.main.MainActivity"]}, {"52d5335183fffbbf6a6ee4e4f1d2f084": ["632", "com.goodrx.activity.main.MainActivity"]}, {"b8eecb5c8c855f82c41385a2d4946ca4": ["3", "com.goodrx.activity.AddRxActivity"]}, {"b8eecb5c8c855f82c41385a2d4946ca4": ["3", "com.goodrx.activity.AddRxActivity"]}, {"b8eecb5c8c855f82c41385a2d4946ca4": ["3", "com.goodrx.activity.AddRxActivity"]}, {"36601324d7759820b46b6c34c3276431": ["107", "com.goodrx.activity.main.MainActivity"]}, {"c30d0729c216bdab04b49094220c8f6b": ["117", "com.goodrx.activity.main.MainActivity"]}, {"0502e172d4d66a8554bb9be1994531be": ["135", "com.goodrx.activity.ClassDrugActivity"]}, {"580c9471c92f7916d8d919a096b914af": ["633", "com.goodrx.activity.configure.PrescriptionConfigureActivity"]}, {"346b00138c1eeb1a5995eabb63dd5aca": ["312", "com.goodrx.activity.configure.PrescriptionConfigureActivity"]}, {"c4a36cad3e2b4df2fb2d4f5c1a1f2b25": ["220", "com.goodrx.activity.price.PriceActivity"]}, {"dbc56bffe0f15dc3e0abd610073dfdbb": ["115", "com.goodrx.activity.main.MainActivity"]}, {"f72cb103509fd77e7eebe0193a3504dd": ["71", "com.goodrx.activity.ClassDrugActivity"]}, {"580c9471c92f7916d8d919a096b914af": ["633", "com.goodrx.activity.configure.PrescriptionConfigureActivity"]}, {"0e516f9073de690533e1657e5555576c": ["112", "com.goodrx.activity.main.MainActivity"]}, {"e76ca4298a9551f830cb1c5a11c88e7c": ["50", "com.goodrx.activity.main.MainActivity"]}, {"c143c8e07e9be569590a3208184fb661": ["24", "com.goodrx.activity.main.MainActivity"]}, {"e76ca4298a9551f830cb1c5a11c88e7c": ["50", "com.goodrx.activity.main.MainActivity"]}, {"9b3403c5096c10f4a7291a2035fa935c": ["106", "com.goodrx.activity.main.MainActivity"]}, {"9b3403c5096c10f4a7291a2035fa935c": ["106", "com.goodrx.activity.main.MainActivity"]}, {"9b3403c5096c10f4a7291a2035fa935c": ["106", "com.goodrx.activity.main.MainActivity"]}, {"9b3403c5096c10f4a7291a2035fa935c": ["106", "com.goodrx.activity.main.MainActivity"]}, {"9b3403c5096c10f4a7291a2035fa935c": ["106", "com.goodrx.activity.main.MainActivity"]}, {"9b3403c5096c10f4a7291a2035fa935c": ["106", "com.goodrx.activity.main.MainActivity"]}, {"9b3403c5096c10f4a7291a2035fa935c": ["106", "com.goodrx.activity.main.MainActivity"]}, {"9b3403c5096c10f4a7291a2035fa935c": ["106", "com.goodrx.activity.main.MainActivity"]}, {"9b3403c5096c10f4a7291a2035fa935c": ["106", "com.goodrx.activity.main.MainActivity"]}, {"cf81fe436fa5b6b8f34e81da2b086013": ["25", "com.goodrx.activity.main.MainActivity"]}, {"54f4b704457769245fc771344e869bbe": ["29", "com.goodrx.activity.main.MainActivity"]}, {"9b3403c5096c10f4a7291a2035fa935c": ["106", "com.goodrx.activity.main.MainActivity"]}, {"9b3403c5096c10f4a7291a2035fa935c": ["106", "com.goodrx.activity.main.MainActivity"]}, {"0e516f9073de690533e1657e5555576c": ["112", "com.goodrx.activity.main.MainActivity"]}, {"e76ca4298a9551f830cb1c5a11c88e7c": ["50", "com.goodrx.activity.main.MainActivity"]}, {"e76ca4298a9551f830cb1c5a11c88e7c": ["50", "com.goodrx.activity.main.MainActivity"]}, {"e76ca4298a9551f830cb1c5a11c88e7c": ["50", "com.goodrx.activity.main.MainActivity"]}, {"c143c8e07e9be569590a3208184fb661": ["24", "com.goodrx.activity.main.MainActivity"]}, {"9b3403c5096c10f4a7291a2035fa935c": ["106", "com.goodrx.activity.main.MainActivity"]}, {"b1ec82b9ba70caac40fc47542ba20e33": ["437", "com.goodrx.activity.main.MainActivity"]}, {"0e516f9073de690533e1657e5555576c": ["112", "com.goodrx.activity.main.MainActivity"]}, {"0e516f9073de690533e1657e5555576c": ["112", "com.goodrx.activity.main.MainActivity"]}, {"e76ca4298a9551f830cb1c5a11c88e7c": ["50", "com.goodrx.activity.main.MainActivity"]}, {"0b7788e02deed88e43e4d24fecb1e83b": ["402", "com.goodrx.activity.price.PriceActivity"]}, {"962387399dffe27335055edbe41ab875": ["123", "com.goodrx.activity.WebViewActivity"]}, {"0b7788e02deed88e43e4d24fecb1e83b": ["402", "com.goodrx.activity.price.PriceActivity"]}, {"962387399dffe27335055edbe41ab875": ["123", "com.goodrx.activity.WebViewActivity"]}, {"0b7788e02deed88e43e4d24fecb1e83b": ["402", "com.goodrx.activity.price.PriceActivity"]}, {"962387399dffe27335055edbe41ab875": ["123", "com.goodrx.activity.WebViewActivity"]}, {"2f74b73aa77c7cf2f0ba365cd3c78f0c": ["634", "com.goodrx.activity.price.PriceActivity"]}, {"82a79a85c2d8f714a8c5be6193e01e48": ["232", "com.goodrx.activity.SavingsDetailActivity"]}, {"2f74b73aa77c7cf2f0ba365cd3c78f0c": ["634", "com.goodrx.activity.price.PriceActivity"]}, {"fd1046a8ac3a2126bad0e00b718b042e": ["233", "com.goodrx.activity.SavingsDetailActivity"]}, {"ddc2b72e0e01daa53d906ce5ea63c479": ["15", "com.goodrx.activity.configure.PrescriptionConfigureActivity"]}, {"c4a36cad3e2b4df2fb2d4f5c1a1f2b25": ["220", "com.goodrx.activity.price.PriceActivity"]}, {"ddc2b72e0e01daa53d906ce5ea63c479": ["15", "com.goodrx.activity.configure.PrescriptionConfigureActivity"]}, {"485c244bd31e47d8dfa29b08447867f5": ["111", "com.goodrx.activity.configure.PrescriptionConfigureActivity"]}, {"9f1005bbc3508094e375c9925034389c": ["635", "com.goodrx.activity.configure.PrescriptionConfigureActivity"]}, {"9f1005bbc3508094e375c9925034389c": ["635", "com.goodrx.activity.configure.PrescriptionConfigureActivity"]}, {"9f1005bbc3508094e375c9925034389c": ["635", "com.goodrx.activity.configure.PrescriptionConfigureActivity"]}, {"ddc2b72e0e01daa53d906ce5ea63c479": ["15", "com.goodrx.activity.configure.PrescriptionConfigureActivity"]}, {"341c6b9aea25d2402718bbba44a1f3fd": ["59", "com.goodrx.activity.price.PriceActivity"]}, {"95edcfaa96a5c866a0f279c1d643c8b9": ["64", "com.goodrx.activity.store.StoreActivity"]}, {"95edcfaa96a5c866a0f279c1d643c8b9": ["64", "com.goodrx.activity.store.StoreActivity"]}, {"341c6b9aea25d2402718bbba44a1f3fd": ["59", "com.goodrx.activity.price.PriceActivity"]}, {"ddc2b72e0e01daa53d906ce5ea63c479": ["15", "com.goodrx.activity.configure.PrescriptionConfigureActivity"]}, {"ddc2b72e0e01daa53d906ce5ea63c479": ["15", "com.goodrx.activity.configure.PrescriptionConfigureActivity"]}, {"b41ca5e16f3e41663e54bd39b4420dfd": ["16", "com.goodrx.activity.configure.PrescriptionConfigureActivity"]}, {"ddc2b72e0e01daa53d906ce5ea63c479": ["15", "com.goodrx.activity.configure.PrescriptionConfigureActivity"]}, {"ddc2b72e0e01daa53d906ce5ea63c479": ["15", "com.goodrx.activity.configure.PrescriptionConfigureActivity"]}, {"b41ca5e16f3e41663e54bd39b4420dfd": ["16", "com.goodrx.activity.configure.PrescriptionConfigureActivity"]}, {"9a04d9ec47de9df8ea47839bda2f357f": ["17", "com.goodrx.activity.configure.PrescriptionConfigureActivity"]}, {"9a04d9ec47de9df8ea47839bda2f357f": ["17", "com.goodrx.activity.configure.PrescriptionConfigureActivity"]}, {"9a04d9ec47de9df8ea47839bda2f357f": ["17", "com.goodrx.activity.configure.PrescriptionConfigureActivity"]}, {"9a04d9ec47de9df8ea47839bda2f357f": ["17", "com.goodrx.activity.configure.PrescriptionConfigureActivity"]}, {"fd1046a8ac3a2126bad0e00b718b042e": ["233", "com.goodrx.activity.SavingsDetailActivity"]}, {"ddc2b72e0e01daa53d906ce5ea63c479": ["15", "com.goodrx.activity.configure.PrescriptionConfigureActivity"]}, {"ddc2b72e0e01daa53d906ce5ea63c479": ["15", "com.goodrx.activity.configure.PrescriptionConfigureActivity"]}, {"ddc2b72e0e01daa53d906ce5ea63c479": ["15", "com.goodrx.activity.configure.PrescriptionConfigureActivity"]}, {"f624f5cfdf3ca2b779c7f7bfaaa9863e": ["90", "com.goodrx.activity.configure.PrescriptionConfigureActivity"]}, {"ddc2b72e0e01daa53d906ce5ea63c479": ["15", "com.goodrx.activity.configure.PrescriptionConfigureActivity"]}, {"ddc2b72e0e01daa53d906ce5ea63c479": ["15", "com.goodrx.activity.configure.PrescriptionConfigureActivity"]}, {"f624f5cfdf3ca2b779c7f7bfaaa9863e": ["90", "com.goodrx.activity.configure.PrescriptionConfigureActivity"]}, {"ddc2b72e0e01daa53d906ce5ea63c479": ["15", "com.goodrx.activity.configure.PrescriptionConfigureActivity"]}, {"8412f9823b12691fe1d86d3b5180f726": ["337", "com.goodrx.activity.configure.PrescriptionConfigureActivity"]}, {"ddc2b72e0e01daa53d906ce5ea63c479": ["15", "com.goodrx.activity.configure.PrescriptionConfigureActivity"]}, {"fd1046a8ac3a2126bad0e00b718b042e": ["233", "com.goodrx.activity.SavingsDetailActivity"]}, {"ddc2b72e0e01daa53d906ce5ea63c479": ["15", "com.goodrx.activity.configure.PrescriptionConfigureActivity"]}, {"ddc2b72e0e01daa53d906ce5ea63c479": ["15", "com.goodrx.activity.configure.PrescriptionConfigureActivity"]}, {"341c6b9aea25d2402718bbba44a1f3fd": ["59", "com.goodrx.activity.price.PriceActivity"]}, {"ddc2b72e0e01daa53d906ce5ea63c479": ["15", "com.goodrx.activity.configure.PrescriptionConfigureActivity"]}, {"341c6b9aea25d2402718bbba44a1f3fd": ["59", "com.goodrx.activity.price.PriceActivity"]}, {"d48b610c196567194feb4aaacc35d6c5": ["48", "com.goodrx.activity.main.MainActivity"]}, {"d48b610c196567194feb4aaacc35d6c5": ["48", "com.goodrx.activity.main.MainActivity"]}, {"d48b610c196567194feb4aaacc35d6c5": ["48", "com.goodrx.activity.main.MainActivity"]}, {"b7ceda420a4a2a231c2e05d6d3d2f6be": ["636", "com.goodrx.activity.main.MainActivity"]}, {"48d36f9cc1280a2b92962b5299d64ef6": ["108", "com.goodrx.activity.main.MainActivity"]}, {"48d36f9cc1280a2b92962b5299d64ef6": ["108", "com.goodrx.activity.main.MainActivity"]}, {"35bd5c7d488009a3ccc44c3ce43c4ad8": ["21", "com.goodrx.activity.main.MainActivity"]}, {"c892d2f881208edf9621c6bc743bb979": ["245", "com.goodrx.activity.main.MainActivity"]}, {"ba17aeb3ef722eaacb673bfb5926bc39": ["130", "com.goodrx.activity.main.MainActivity"]}, {"ba17aeb3ef722eaacb673bfb5926bc39": ["130", "com.goodrx.activity.main.MainActivity"]}, {"ba17aeb3ef722eaacb673bfb5926bc39": ["130", "com.goodrx.activity.main.MainActivity"]}, {"d48b610c196567194feb4aaacc35d6c5": ["48", "com.goodrx.activity.main.MainActivity"]}, {"5cc5d02f9f8108bad6f099c9b74ad6fc": ["53", "com.goodrx.activity.main.MainActivity"]}, {"d1faab3bb06c1321be5f494a8ffa520b": ["95", "com.goodrx.activity.StaticContentActivity"]}, {"5cc5d02f9f8108bad6f099c9b74ad6fc": ["53", "com.goodrx.activity.main.MainActivity"]}, {"d48b610c196567194feb4aaacc35d6c5": ["48", "com.goodrx.activity.main.MainActivity"]}, {"3d0945ee28ed9358a79e857ee68dc4f7": ["119", "com.goodrx.activity.main.MainActivity"]}, {"d48b610c196567194feb4aaacc35d6c5": ["48", "com.goodrx.activity.main.MainActivity"]}, {"5cc5d02f9f8108bad6f099c9b74ad6fc": ["53", "com.goodrx.activity.main.MainActivity"]}, {"77e1805dc85754d706fb0dd015e7e245": ["637", "com.goodrx.activity.main.MainActivity"]}, {"d48b610c196567194feb4aaacc35d6c5": ["48", "com.goodrx.activity.main.MainActivity"]}, {"e76ca4298a9551f830cb1c5a11c88e7c": ["50", "com.goodrx.activity.main.MainActivity"]}, {"9b3403c5096c10f4a7291a2035fa935c": ["106", "com.goodrx.activity.main.MainActivity"]}, {"9b3403c5096c10f4a7291a2035fa935c": ["106", "com.goodrx.activity.main.MainActivity"]}, {"9b3403c5096c10f4a7291a2035fa935c": ["106", "com.goodrx.activity.main.MainActivity"]}, {"cf81fe436fa5b6b8f34e81da2b086013": ["25", "com.goodrx.activity.main.MainActivity"]}, {"d6fdc06f57549d24048ac3c678cb0258": ["638", "com.goodrx.activity.main.MainActivity"]}, {"35bd5c7d488009a3ccc44c3ce43c4ad8": ["21", "com.goodrx.activity.main.MainActivity"]}, {"98642b5fbeb96744e1a8b6d93625dcf8": ["250", "com.goodrx.activity.main.MainActivity"]}, {"b1ec82b9ba70caac40fc47542ba20e33": ["437", "com.goodrx.activity.main.MainActivity"]}, {"d48b610c196567194feb4aaacc35d6c5": ["48", "com.goodrx.activity.main.MainActivity"]}, {"3d0945ee28ed9358a79e857ee68dc4f7": ["119", "com.goodrx.activity.main.MainActivity"]}, {"3b1b065de49af1d023d49ead3daf50ba": ["31", "com.goodrx.activity.AddRxActivity"]}, {"3b1b065de49af1d023d49ead3daf50ba": ["31", "com.goodrx.activity.AddRxActivity"]}, {"3b1b065de49af1d023d49ead3daf50ba": ["31", "com.goodrx.activity.AddRxActivity"]}, {"3d0945ee28ed9358a79e857ee68dc4f7": ["119", "com.goodrx.activity.main.MainActivity"]}, {"98642b5fbeb96744e1a8b6d93625dcf8": ["250", "com.goodrx.activity.main.MainActivity"]}, {"98642b5fbeb96744e1a8b6d93625dcf8": ["250", "com.goodrx.activity.main.MainActivity"]}, {"341c6b9aea25d2402718bbba44a1f3fd": ["59", "com.goodrx.activity.price.PriceActivity"]}, {"220875b2132665b1cd6c53aebfc9b3cf": ["350", "com.goodrx.activity.main.MainActivity"]}, {"220875b2132665b1cd6c53aebfc9b3cf": ["350", "com.goodrx.activity.main.MainActivity"]}, {"c30d0729c216bdab04b49094220c8f6b": ["117", "com.goodrx.activity.main.MainActivity"]}, {"c30d0729c216bdab04b49094220c8f6b": ["117", "com.goodrx.activity.main.MainActivity"]}, {"3d0945ee28ed9358a79e857ee68dc4f7": ["119", "com.goodrx.activity.main.MainActivity"]}, {"220875b2132665b1cd6c53aebfc9b3cf": ["350", "com.goodrx.activity.main.MainActivity"]}, {"220875b2132665b1cd6c53aebfc9b3cf": ["350", "com.goodrx.activity.main.MainActivity"]}, {"220875b2132665b1cd6c53aebfc9b3cf": ["350", "com.goodrx.activity.main.MainActivity"]}, {"dbc56bffe0f15dc3e0abd610073dfdbb": ["115", "com.goodrx.activity.main.MainActivity"]}, {"48db8991a8474e21b716ac68e2489150": ["639", "com.goodrx.activity.main.MainActivity"]}, {"ca7f2235e2ae75918bf3e360792efcee": ["640", "com.goodrx.activity.main.MainActivity"]}, {"9b3403c5096c10f4a7291a2035fa935c": ["106", "com.goodrx.activity.main.MainActivity"]}, {"3d60bda6ca1bc71d970ec4de0b6d14b5": ["251", "com.goodrx.activity.price.PriceActivity"]}, {"22ad05b242b26bde91749a5f36123cc9": ["278", "com.goodrx.activity.price.PriceActivity"]}, {"e68efbe47ebe4037bd2dc52140907a67": ["291", "com.goodrx.activity.store.StoreActivity"]}, {"23e18b4a7a3c1555aba1bcc409b0113a": ["67", "com.goodrx.activity.store.StoreActivity"]}, {"e68efbe47ebe4037bd2dc52140907a67": ["291", "com.goodrx.activity.store.StoreActivity"]}, {"22ad05b242b26bde91749a5f36123cc9": ["278", "com.goodrx.activity.price.PriceActivity"]}, {"22ad05b242b26bde91749a5f36123cc9": ["278", "com.goodrx.activity.price.PriceActivity"]}, {"5cc5d02f9f8108bad6f099c9b74ad6fc": ["53", "com.goodrx.activity.main.MainActivity"]}, {"220875b2132665b1cd6c53aebfc9b3cf": ["350", "com.goodrx.activity.main.MainActivity"]}, {"2dbef40f613e9aaf2a8c570c87cfd317": ["580", "com.goodrx.activity.main.MainActivity"]}, {"d53cff30ce6ba70dc7148ede7cc00093": ["223", "com.goodrx.activity.price.PriceActivity"]}, {"8b0c345b708e80005abefd02346f1a9d": ["358", "com.goodrx.activity.price.NoticeDetailActivity"]}, {"d53cff30ce6ba70dc7148ede7cc00093": ["223", "com.goodrx.activity.price.PriceActivity"]}, {"d55f1e8953fb55924cedbe8645d60f36": ["101", "com.goodrx.activity.main.MainActivity"]}, {"d55f1e8953fb55924cedbe8645d60f36": ["101", "com.goodrx.activity.main.MainActivity"]}, {"220875b2132665b1cd6c53aebfc9b3cf": ["350", "com.goodrx.activity.main.MainActivity"]}, {"48d36f9cc1280a2b92962b5299d64ef6": ["108", "com.goodrx.activity.main.MainActivity"]}, {"35bd5c7d488009a3ccc44c3ce43c4ad8": ["21", "com.goodrx.activity.main.MainActivity"]}, {"48d36f9cc1280a2b92962b5299d64ef6": ["108", "com.goodrx.activity.main.MainActivity"]}, {"4968973bd80255a0a6e3280ee68da83c": ["340", "com.goodrx.activity.price.PriceActivity"]}, {"2145f4f611fb7c20be4f17b9e452bcd3": ["641", "com.goodrx.activity.main.MainActivity"]}, {"e76ca4298a9551f830cb1c5a11c88e7c": ["50", "com.goodrx.activity.main.MainActivity"]}, {"e76ca4298a9551f830cb1c5a11c88e7c": ["50", "com.goodrx.activity.main.MainActivity"]}, {"35bd5c7d488009a3ccc44c3ce43c4ad8": ["21", "com.goodrx.activity.main.MainActivity"]}, {"024677b8d822a610aa1902ada8b91265": ["52", "com.goodrx.activity.main.MainActivity"]}, {"024677b8d822a610aa1902ada8b91265": ["52", "com.goodrx.activity.main.MainActivity"]}, {"341c6b9aea25d2402718bbba44a1f3fd": ["59", "com.goodrx.activity.price.PriceActivity"]}, {"024677b8d822a610aa1902ada8b91265": ["52", "com.goodrx.activity.main.MainActivity"]}, {"41304aede6993929ec6dd1831da54093": ["299", "com.goodrx.activity.main.MainActivity"]}, {"41304aede6993929ec6dd1831da54093": ["299", "com.goodrx.activity.main.MainActivity"]}, {"b1ec82b9ba70caac40fc47542ba20e33": ["437", "com.goodrx.activity.main.MainActivity"]}, {"41304aede6993929ec6dd1831da54093": ["299", "com.goodrx.activity.main.MainActivity"]}, {"e76ca4298a9551f830cb1c5a11c88e7c": ["50", "com.goodrx.activity.main.MainActivity"]}, {"3d60bda6ca1bc71d970ec4de0b6d14b5": ["251", "com.goodrx.activity.price.PriceActivity"]}, {"95edcfaa96a5c866a0f279c1d643c8b9": ["64", "com.goodrx.activity.store.StoreActivity"]}, {"95edcfaa96a5c866a0f279c1d643c8b9": ["64", "com.goodrx.activity.store.StoreActivity"]}, {"95edcfaa96a5c866a0f279c1d643c8b9": ["64", "com.goodrx.activity.store.StoreActivity"]}, {"95edcfaa96a5c866a0f279c1d643c8b9": ["64", "com.goodrx.activity.store.StoreActivity"]}, {"95edcfaa96a5c866a0f279c1d643c8b9": ["64", "com.goodrx.activity.store.StoreActivity"]}, {"95edcfaa96a5c866a0f279c1d643c8b9": ["64", "com.goodrx.activity.store.StoreActivity"]}, {"6de5aaa30abccdbe4cd96c4eb8d45002": ["186", "com.goodrx.activity.price.PriceActivity"]}, {"3d60bda6ca1bc71d970ec4de0b6d14b5": ["251", "com.goodrx.activity.price.PriceActivity"]}, {"95edcfaa96a5c866a0f279c1d643c8b9": ["64", "com.goodrx.activity.store.StoreActivity"]}, {"6de5aaa30abccdbe4cd96c4eb8d45002": ["186", "com.goodrx.activity.price.PriceActivity"]}, {"3d60bda6ca1bc71d970ec4de0b6d14b5": ["251", "com.goodrx.activity.price.PriceActivity"]}, {"95edcfaa96a5c866a0f279c1d643c8b9": ["64", "com.goodrx.activity.store.StoreActivity"]}, {"95edcfaa96a5c866a0f279c1d643c8b9": ["64", "com.goodrx.activity.store.StoreActivity"]}, {"95edcfaa96a5c866a0f279c1d643c8b9": ["64", "com.goodrx.activity.store.StoreActivity"]}, {"95edcfaa96a5c866a0f279c1d643c8b9": ["64", "com.goodrx.activity.store.StoreActivity"]}, {"95edcfaa96a5c866a0f279c1d643c8b9": ["64", "com.goodrx.activity.store.StoreActivity"]}, {"95edcfaa96a5c866a0f279c1d643c8b9": ["64", "com.goodrx.activity.store.StoreActivity"]}, {"95edcfaa96a5c866a0f279c1d643c8b9": ["64", "com.goodrx.activity.store.StoreActivity"]}, {"95edcfaa96a5c866a0f279c1d643c8b9": ["64", "com.goodrx.activity.store.StoreActivity"]}, {"95edcfaa96a5c866a0f279c1d643c8b9": ["64", "com.goodrx.activity.store.StoreActivity"]}, {"95edcfaa96a5c866a0f279c1d643c8b9": ["64", "com.goodrx.activity.store.StoreActivity"]}, {"95edcfaa96a5c866a0f279c1d643c8b9": ["64", "com.goodrx.activity.store.StoreActivity"]}, {"3d60bda6ca1bc71d970ec4de0b6d14b5": ["251", "com.goodrx.activity.price.PriceActivity"]}, {"eec77293348b124649115ee3a5da4628": ["642", "com.goodrx.activity.main.MainActivity"]}, {"48f9c33e495b6a0c9df35651bbef4b79": ["5", "com.goodrx.activity.CreateAccountActivity"]}, {"f71ededc3ad5ed4a3e501ab752531875": ["7", "com.goodrx.activity.CreateAccountActivity"]}, {"45b2c89d6fd32cd68502c054c9e4cf2d": ["296", "com.goodrx.activity.WebViewActivity"]}, {"45b2c89d6fd32cd68502c054c9e4cf2d": ["296", "com.goodrx.activity.WebViewActivity"]}, {"45b2c89d6fd32cd68502c054c9e4cf2d": ["296", "com.goodrx.activity.WebViewActivity"]}, {"45b2c89d6fd32cd68502c054c9e4cf2d": ["296", "com.goodrx.activity.WebViewActivity"]}, {"45b2c89d6fd32cd68502c054c9e4cf2d": ["296", "com.goodrx.activity.WebViewActivity"]}, {"962387399dffe27335055edbe41ab875": ["123", "com.goodrx.activity.WebViewActivity"]}, {"f71ededc3ad5ed4a3e501ab752531875": ["7", "com.goodrx.activity.CreateAccountActivity"]}, {"4cb99f3282be8605fa8348becfbeca1c": ["216", "com.goodrx.activity.CreateAccountActivity"]}, {"f71ededc3ad5ed4a3e501ab752531875": ["7", "com.goodrx.activity.CreateAccountActivity"]}, {"f71ededc3ad5ed4a3e501ab752531875": ["7", "com.goodrx.activity.CreateAccountActivity"]}, {"f71ededc3ad5ed4a3e501ab752531875": ["7", "com.goodrx.activity.CreateAccountActivity"]}, {"f71ededc3ad5ed4a3e501ab752531875": ["7", "com.goodrx.activity.CreateAccountActivity"]}, {"f71ededc3ad5ed4a3e501ab752531875": ["7", "com.goodrx.activity.CreateAccountActivity"]}, {"f71ededc3ad5ed4a3e501ab752531875": ["7", "com.goodrx.activity.CreateAccountActivity"]}, {"45b2c89d6fd32cd68502c054c9e4cf2d": ["296", "com.goodrx.activity.WebViewActivity"]}, {"45b2c89d6fd32cd68502c054c9e4cf2d": ["296", "com.goodrx.activity.WebViewActivity"]}, {"962387399dffe27335055edbe41ab875": ["123", "com.goodrx.activity.WebViewActivity"]}, {"f71ededc3ad5ed4a3e501ab752531875": ["7", "com.goodrx.activity.CreateAccountActivity"]}, {"f71ededc3ad5ed4a3e501ab752531875": ["7", "com.goodrx.activity.CreateAccountActivity"]}, {"f71ededc3ad5ed4a3e501ab752531875": ["7", "com.goodrx.activity.CreateAccountActivity"]}, {"f71ededc3ad5ed4a3e501ab752531875": ["7", "com.goodrx.activity.CreateAccountActivity"]}, {"f71ededc3ad5ed4a3e501ab752531875": ["7", "com.goodrx.activity.CreateAccountActivity"]}, {"4cb99f3282be8605fa8348becfbeca1c": ["216", "com.goodrx.activity.CreateAccountActivity"]}, {"f71ededc3ad5ed4a3e501ab752531875": ["7", "com.goodrx.activity.CreateAccountActivity"]}, {"4cb99f3282be8605fa8348becfbeca1c": ["216", "com.goodrx.activity.CreateAccountActivity"]}, {"962387399dffe27335055edbe41ab875": ["123", "com.goodrx.activity.WebViewActivity"]}, {"4cb99f3282be8605fa8348becfbeca1c": ["216", "com.goodrx.activity.CreateAccountActivity"]}, {"f71ededc3ad5ed4a3e501ab752531875": ["7", "com.goodrx.activity.CreateAccountActivity"]}, {"41304aede6993929ec6dd1831da54093": ["299", "com.goodrx.activity.main.MainActivity"]}, {"41304aede6993929ec6dd1831da54093": ["299", "com.goodrx.activity.main.MainActivity"]}, {"41304aede6993929ec6dd1831da54093": ["299", "com.goodrx.activity.main.MainActivity"]}, {"41304aede6993929ec6dd1831da54093": ["299", "com.goodrx.activity.main.MainActivity"]}, {"41304aede6993929ec6dd1831da54093": ["299", "com.goodrx.activity.main.MainActivity"]}, {"41304aede6993929ec6dd1831da54093": ["299", "com.goodrx.activity.main.MainActivity"]}, {"41304aede6993929ec6dd1831da54093": ["299", "com.goodrx.activity.main.MainActivity"]}, {"8695ec4a5000b670d848a780e6e41513": ["113", "com.goodrx.activity.main.MainActivity"]}, {"41304aede6993929ec6dd1831da54093": ["299", "com.goodrx.activity.main.MainActivity"]}, {"e76ca4298a9551f830cb1c5a11c88e7c": ["50", "com.goodrx.activity.main.MainActivity"]}, {"c143c8e07e9be569590a3208184fb661": ["24", "com.goodrx.activity.main.MainActivity"]}, {"e76ca4298a9551f830cb1c5a11c88e7c": ["50", "com.goodrx.activity.main.MainActivity"]}, {"d55f1e8953fb55924cedbe8645d60f36": ["101", "com.goodrx.activity.main.MainActivity"]}, {"5cc5d02f9f8108bad6f099c9b74ad6fc": ["53", "com.goodrx.activity.main.MainActivity"]}, {"d1faab3bb06c1321be5f494a8ffa520b": ["95", "com.goodrx.activity.StaticContentActivity"]}, {"5cc5d02f9f8108bad6f099c9b74ad6fc": ["53", "com.goodrx.activity.main.MainActivity"]}, {"41304aede6993929ec6dd1831da54093": ["299", "com.goodrx.activity.main.MainActivity"]}, {"ef5ea93feb6020e9de0b765e0ed3ccf9": ["338", "com.goodrx.activity.main.MainActivity"]}, {"48d36f9cc1280a2b92962b5299d64ef6": ["108", "com.goodrx.activity.main.MainActivity"]}, {"48d36f9cc1280a2b92962b5299d64ef6": ["108", "com.goodrx.activity.main.MainActivity"]}, {"2d7b70f4ba614298ef1136759150b092": ["51", "com.goodrx.activity.main.MainActivity"]}]