[{"57919a093ba917361402ba944698de1f": ["109", "com.iconology.ui.store.featured.FeaturedActivity"]}, {"b7ceb3fbd6fe10ac7b78f228cd4ead56": ["41", "com.iconology.ui.store.issues.IssueDetailActivity"]}, {"42b3de3906099431a6f52740f6b66e4c": ["12", "com.iconology.ui.store.preview.IssuePreviewActivity"]}, {"e7e47aa8bbe5c18b6a12ba16ffa9b4df": ["118", "com.iconology.ui.store.issues.IssueDetailActivity"]}, {"b5c406791b41bf1d0447085604e503f3": ["201", "com.iconology.ui.store.series.SeriesDetailActivity"]}, {"b7ceb3fbd6fe10ac7b78f228cd4ead56": ["41", "com.iconology.ui.store.issues.IssueDetailActivity"]}, {"b7ceb3fbd6fe10ac7b78f228cd4ead56": ["41", "com.iconology.ui.store.issues.IssueDetailActivity"]}, {"42b3de3906099431a6f52740f6b66e4c": ["12", "com.iconology.ui.store.preview.IssuePreviewActivity"]}, {"e7e47aa8bbe5c18b6a12ba16ffa9b4df": ["118", "com.iconology.ui.store.issues.IssueDetailActivity"]}, {"1310dcd0d6450b0926daca4ff2ddbfd7": ["51", "com.iconology.ui.store.series.SeriesDetailActivity"]}, {"e7e47aa8bbe5c18b6a12ba16ffa9b4df": ["118", "com.iconology.ui.store.issues.IssueDetailActivity"]}, {"4027acba80f5b95dd71f56b70277920c": ["60", "com.iconology.ui.store.series.SeriesDetailActivity"]}, {"e7e47aa8bbe5c18b6a12ba16ffa9b4df": ["118", "com.iconology.ui.store.issues.IssueDetailActivity"]}, {"fa81bd99a8cba200e5efe92c80f53ab7": ["202", "com.iconology.ui.store.series.SeriesDetailActivity"]}, {"894f64534d6eef63c7a583dd7e4e49aa": ["114", "com.iconology.ui.store.issues.IssueDetailActivity"]}, {"3f77b328bb6c4ee58c330d03248466f2": ["122", "com.iconology.ui.store.series.SeriesDetailActivity"]}, {"8feb2a1e07edd66b81e049dcc83bac08": ["177", "com.iconology.ui.store.issues.IssueDetailActivity"]}, {"e46f1af21169e504e5665ab316961b54": ["120", "com.iconology.ui.store.series.SeriesDetailActivity"]}, {"3f77b328bb6c4ee58c330d03248466f2": ["122", "com.iconology.ui.store.series.SeriesDetailActivity"]}, {"cbd191fae0ccdd9f4ae499ddbbbb4ba4": ["47", "com.iconology.ui.store.issues.IssueDetailActivity"]}, {"a240da0da7af8bde1f115a656dc670a5": ["3", "com.iconology.ui.mybooks.MyBooksActivity"]}, {"83c68acd99917033003d93c174e28ef8": ["5", "com.iconology.ui.account.LoginActivity"]}, {"a240da0da7af8bde1f115a656dc670a5": ["3", "com.iconology.ui.mybooks.MyBooksActivity"]}, {"83c68acd99917033003d93c174e28ef8": ["5", "com.iconology.ui.account.LoginActivity"]}, {"a240da0da7af8bde1f115a656dc670a5": ["3", "com.iconology.ui.mybooks.MyBooksActivity"]}, {"83c68acd99917033003d93c174e28ef8": ["5", "com.iconology.ui.account.LoginActivity"]}, {"a906683d8ce1d237fb4eddb265479c0a": ["8", "com.iconology.ui.mybooks.MyBooksActivity"]}, {"a240da0da7af8bde1f115a656dc670a5": ["3", "com.iconology.ui.mybooks.MyBooksActivity"]}, {"83c68acd99917033003d93c174e28ef8": ["5", "com.iconology.ui.account.LoginActivity"]}, {"a906683d8ce1d237fb4eddb265479c0a": ["8", "com.iconology.ui.mybooks.MyBooksActivity"]}, {"a906683d8ce1d237fb4eddb265479c0a": ["8", "com.iconology.ui.mybooks.MyBooksActivity"]}, {"a906683d8ce1d237fb4eddb265479c0a": ["8", "com.iconology.ui.mybooks.MyBooksActivity"]}, {"a906683d8ce1d237fb4eddb265479c0a": ["8", "com.iconology.ui.mybooks.MyBooksActivity"]}, {"a906683d8ce1d237fb4eddb265479c0a": ["8", "com.iconology.ui.mybooks.MyBooksActivity"]}, {"a240da0da7af8bde1f115a656dc670a5": ["3", "com.iconology.ui.mybooks.MyBooksActivity"]}, {"cbd191fae0ccdd9f4ae499ddbbbb4ba4": ["47", "com.iconology.ui.store.issues.IssueDetailActivity"]}, {"456ef616ccf840aa78c74f6610d89105": ["112", "com.iconology.ui.store.preview.IssuePreviewActivity"]}, {"cbd191fae0ccdd9f4ae499ddbbbb4ba4": ["47", "com.iconology.ui.store.issues.IssueDetailActivity"]}, {"e7e47aa8bbe5c18b6a12ba16ffa9b4df": ["118", "com.iconology.ui.store.issues.IssueDetailActivity"]}, {"1b6130f7cfa8f4d76ee86b7fc8a20915": ["86", "com.iconology.ui.store.series.SeriesDetailActivity"]}, {"4119ba497ea76f2f3d045451e55d0e21": ["24", "com.iconology.ui.store.issues.IssueDetailActivity"]}, {"42b3de3906099431a6f52740f6b66e4c": ["12", "com.iconology.ui.store.preview.IssuePreviewActivity"]}, {"4119ba497ea76f2f3d045451e55d0e21": ["24", "com.iconology.ui.store.issues.IssueDetailActivity"]}, {"fe03f0e30d377a14dbe151829ffd5aed": ["83", "com.iconology.ui.store.creators.CreatorDetailActivity"]}, {"d76ec4e7da8ead9c53c731899b8b81f1": ["203", "com.iconology.ui.store.series.SeriesDetailActivity"]}, {"cbd191fae0ccdd9f4ae499ddbbbb4ba4": ["47", "com.iconology.ui.store.issues.IssueDetailActivity"]}, {"64ade03fd702a5a5110cae803ffce2a6": ["18", "com.iconology.ui.store.issues.IssueDetailActivity"]}, {"cbd191fae0ccdd9f4ae499ddbbbb4ba4": ["47", "com.iconology.ui.store.issues.IssueDetailActivity"]}, {"696fa9f33b237c1294200337ccf25797": ["204", "com.iconology.ui.store.preview.IssuePreviewActivity"]}, {"e7e47aa8bbe5c18b6a12ba16ffa9b4df": ["118", "com.iconology.ui.store.issues.IssueDetailActivity"]}, {"fbbad5046597ccee0ecf75806017aa51": ["43", "com.iconology.ui.store.series.SeriesDetailActivity"]}, {"941d87c6623496929b368aad8be64c44": ["1", "com.iconology.search.ui.SearchActivity"]}, {"fbbad5046597ccee0ecf75806017aa51": ["43", "com.iconology.ui.store.series.SeriesDetailActivity"]}, {"38f1c752f974ffb41d5b87093afd3526": ["9", "com.iconology.search.ui.SearchActivity"]}, {"941d87c6623496929b368aad8be64c44": ["1", "com.iconology.search.ui.SearchActivity"]}, {"941d87c6623496929b368aad8be64c44": ["1", "com.iconology.search.ui.SearchActivity"]}, {"fbbad5046597ccee0ecf75806017aa51": ["43", "com.iconology.ui.store.series.SeriesDetailActivity"]}, {"fbbad5046597ccee0ecf75806017aa51": ["43", "com.iconology.ui.store.series.SeriesDetailActivity"]}, {"e7e47aa8bbe5c18b6a12ba16ffa9b4df": ["118", "com.iconology.ui.store.issues.IssueDetailActivity"]}, {"1b6130f7cfa8f4d76ee86b7fc8a20915": ["86", "com.iconology.ui.store.series.SeriesDetailActivity"]}, {"51fe82a36c237ce724ccf0565eb3ac0b": ["26", "com.iconology.ui.store.issues.IssueDetailActivity"]}, {"51fe82a36c237ce724ccf0565eb3ac0b": ["26", "com.iconology.ui.store.issues.IssueDetailActivity"]}, {"a906683d8ce1d237fb4eddb265479c0a": ["8", "com.iconology.ui.mybooks.MyBooksActivity"]}, {"a906683d8ce1d237fb4eddb265479c0a": ["8", "com.iconology.ui.mybooks.MyBooksActivity"]}, {"a240da0da7af8bde1f115a656dc670a5": ["3", "com.iconology.ui.mybooks.MyBooksActivity"]}, {"83c68acd99917033003d93c174e28ef8": ["5", "com.iconology.ui.account.LoginActivity"]}, {"a906683d8ce1d237fb4eddb265479c0a": ["8", "com.iconology.ui.mybooks.MyBooksActivity"]}, {"a906683d8ce1d237fb4eddb265479c0a": ["8", "com.iconology.ui.mybooks.MyBooksActivity"]}, {"a906683d8ce1d237fb4eddb265479c0a": ["8", "com.iconology.ui.mybooks.MyBooksActivity"]}, {"a240da0da7af8bde1f115a656dc670a5": ["3", "com.iconology.ui.mybooks.MyBooksActivity"]}, {"83c68acd99917033003d93c174e28ef8": ["5", "com.iconology.ui.account.LoginActivity"]}, {"24796b91860d79a139de59692a72019a": ["63", "com.iconology.ui.WebViewActivity"]}, {"cdcff3bed69c4dcce0cd99e8b1db6b1c": ["119", "com.iconology.ui.account.CreateAccountActivity"]}, {"24796b91860d79a139de59692a72019a": ["63", "com.iconology.ui.WebViewActivity"]}, {"cdcff3bed69c4dcce0cd99e8b1db6b1c": ["119", "com.iconology.ui.account.CreateAccountActivity"]}, {"24796b91860d79a139de59692a72019a": ["63", "com.iconology.ui.WebViewActivity"]}, {"cdcff3bed69c4dcce0cd99e8b1db6b1c": ["119", "com.iconology.ui.account.CreateAccountActivity"]}, {"cdcff3bed69c4dcce0cd99e8b1db6b1c": ["119", "com.iconology.ui.account.CreateAccountActivity"]}, {"06676f4ccc04a354557015c89999f23e": ["168", "com.iconology.ui.account.CreateAccountActivity"]}, {"cdcff3bed69c4dcce0cd99e8b1db6b1c": ["119", "com.iconology.ui.account.CreateAccountActivity"]}, {"83c68acd99917033003d93c174e28ef8": ["5", "com.iconology.ui.account.LoginActivity"]}, {"24796b91860d79a139de59692a72019a": ["63", "com.iconology.ui.WebViewActivity"]}, {"cdcff3bed69c4dcce0cd99e8b1db6b1c": ["119", "com.iconology.ui.account.CreateAccountActivity"]}, {"cdcff3bed69c4dcce0cd99e8b1db6b1c": ["119", "com.iconology.ui.account.CreateAccountActivity"]}, {"83c68acd99917033003d93c174e28ef8": ["5", "com.iconology.ui.account.LoginActivity"]}, {"a906683d8ce1d237fb4eddb265479c0a": ["8", "com.iconology.ui.mybooks.MyBooksActivity"]}, {"a906683d8ce1d237fb4eddb265479c0a": ["8", "com.iconology.ui.mybooks.MyBooksActivity"]}, {"a240da0da7af8bde1f115a656dc670a5": ["3", "com.iconology.ui.mybooks.MyBooksActivity"]}, {"51fe82a36c237ce724ccf0565eb3ac0b": ["26", "com.iconology.ui.store.issues.IssueDetailActivity"]}, {"a240da0da7af8bde1f115a656dc670a5": ["3", "com.iconology.ui.mybooks.MyBooksActivity"]}, {"83c68acd99917033003d93c174e28ef8": ["5", "com.iconology.ui.account.LoginActivity"]}, {"a240da0da7af8bde1f115a656dc670a5": ["3", "com.iconology.ui.mybooks.MyBooksActivity"]}, {"faf2360e2c0e8d190804b31d3bad0184": ["4", "com.iconology.ui.mybooks.MyBooksActivity"]}, {"83c68acd99917033003d93c174e28ef8": ["5", "com.iconology.ui.account.LoginActivity"]}, {"a240da0da7af8bde1f115a656dc670a5": ["3", "com.iconology.ui.mybooks.MyBooksActivity"]}, {"51fe82a36c237ce724ccf0565eb3ac0b": ["26", "com.iconology.ui.store.issues.IssueDetailActivity"]}, {"a240da0da7af8bde1f115a656dc670a5": ["3", "com.iconology.ui.mybooks.MyBooksActivity"]}, {"83c68acd99917033003d93c174e28ef8": ["5", "com.iconology.ui.account.LoginActivity"]}, {"a240da0da7af8bde1f115a656dc670a5": ["3", "com.iconology.ui.mybooks.MyBooksActivity"]}, {"a906683d8ce1d237fb4eddb265479c0a": ["8", "com.iconology.ui.mybooks.MyBooksActivity"]}, {"faf2360e2c0e8d190804b31d3bad0184": ["4", "com.iconology.ui.mybooks.MyBooksActivity"]}, {"fa910e5006d223c6c7eae391bec7c8ca": ["72", "com.iconology.ui.store.creators.CreatorsActivity"]}, {"ab65dac5cdaf34f7f97cf0a0808ea71e": ["6", "com.iconology.ui.store.issues.IssueDetailActivity"]}, {"456ef616ccf840aa78c74f6610d89105": ["112", "com.iconology.ui.store.preview.IssuePreviewActivity"]}, {"ab65dac5cdaf34f7f97cf0a0808ea71e": ["6", "com.iconology.ui.store.issues.IssueDetailActivity"]}, {"ab65dac5cdaf34f7f97cf0a0808ea71e": ["6", "com.iconology.ui.store.issues.IssueDetailActivity"]}, {"ab65dac5cdaf34f7f97cf0a0808ea71e": ["6", "com.iconology.ui.store.issues.IssueDetailActivity"]}, {"ab65dac5cdaf34f7f97cf0a0808ea71e": ["6", "com.iconology.ui.store.issues.IssueDetailActivity"]}, {"456ef616ccf840aa78c74f6610d89105": ["112", "com.iconology.ui.store.preview.IssuePreviewActivity"]}, {"ab65dac5cdaf34f7f97cf0a0808ea71e": ["6", "com.iconology.ui.store.issues.IssueDetailActivity"]}, {"42b3de3906099431a6f52740f6b66e4c": ["12", "com.iconology.ui.store.preview.IssuePreviewActivity"]}, {"ab65dac5cdaf34f7f97cf0a0808ea71e": ["6", "com.iconology.ui.store.issues.IssueDetailActivity"]}, {"4119ba497ea76f2f3d045451e55d0e21": ["24", "com.iconology.ui.store.issues.IssueDetailActivity"]}, {"a240da0da7af8bde1f115a656dc670a5": ["3", "com.iconology.ui.mybooks.MyBooksActivity"]}, {"a240da0da7af8bde1f115a656dc670a5": ["3", "com.iconology.ui.mybooks.MyBooksActivity"]}, {"a906683d8ce1d237fb4eddb265479c0a": ["8", "com.iconology.ui.mybooks.MyBooksActivity"]}, {"a240da0da7af8bde1f115a656dc670a5": ["3", "com.iconology.ui.mybooks.MyBooksActivity"]}, {"83c68acd99917033003d93c174e28ef8": ["5", "com.iconology.ui.account.LoginActivity"]}, {"cdcff3bed69c4dcce0cd99e8b1db6b1c": ["119", "com.iconology.ui.account.CreateAccountActivity"]}, {"cdcff3bed69c4dcce0cd99e8b1db6b1c": ["119", "com.iconology.ui.account.CreateAccountActivity"]}, {"83c68acd99917033003d93c174e28ef8": ["5", "com.iconology.ui.account.LoginActivity"]}, {"cdcff3bed69c4dcce0cd99e8b1db6b1c": ["119", "com.iconology.ui.account.CreateAccountActivity"]}, {"83c68acd99917033003d93c174e28ef8": ["5", "com.iconology.ui.account.LoginActivity"]}, {"83c68acd99917033003d93c174e28ef8": ["5", "com.iconology.ui.account.LoginActivity"]}, {"83c68acd99917033003d93c174e28ef8": ["5", "com.iconology.ui.account.LoginActivity"]}, {"a240da0da7af8bde1f115a656dc670a5": ["3", "com.iconology.ui.mybooks.MyBooksActivity"]}, {"83c68acd99917033003d93c174e28ef8": ["5", "com.iconology.ui.account.LoginActivity"]}, {"a906683d8ce1d237fb4eddb265479c0a": ["8", "com.iconology.ui.mybooks.MyBooksActivity"]}, {"a240da0da7af8bde1f115a656dc670a5": ["3", "com.iconology.ui.mybooks.MyBooksActivity"]}, {"83c68acd99917033003d93c174e28ef8": ["5", "com.iconology.ui.account.LoginActivity"]}, {"24796b91860d79a139de59692a72019a": ["63", "com.iconology.ui.WebViewActivity"]}, {"cdcff3bed69c4dcce0cd99e8b1db6b1c": ["119", "com.iconology.ui.account.CreateAccountActivity"]}, {"83c68acd99917033003d93c174e28ef8": ["5", "com.iconology.ui.account.LoginActivity"]}, {"a240da0da7af8bde1f115a656dc670a5": ["3", "com.iconology.ui.mybooks.MyBooksActivity"]}, {"83c68acd99917033003d93c174e28ef8": ["5", "com.iconology.ui.account.LoginActivity"]}, {"a240da0da7af8bde1f115a656dc670a5": ["3", "com.iconology.ui.mybooks.MyBooksActivity"]}, {"83c68acd99917033003d93c174e28ef8": ["5", "com.iconology.ui.account.LoginActivity"]}, {"a240da0da7af8bde1f115a656dc670a5": ["3", "com.iconology.ui.mybooks.MyBooksActivity"]}, {"83c68acd99917033003d93c174e28ef8": ["5", "com.iconology.ui.account.LoginActivity"]}, {"cdcff3bed69c4dcce0cd99e8b1db6b1c": ["119", "com.iconology.ui.account.CreateAccountActivity"]}, {"cdcff3bed69c4dcce0cd99e8b1db6b1c": ["119", "com.iconology.ui.account.CreateAccountActivity"]}, {"83c68acd99917033003d93c174e28ef8": ["5", "com.iconology.ui.account.LoginActivity"]}, {"83c68acd99917033003d93c174e28ef8": ["5", "com.iconology.ui.account.LoginActivity"]}, {"83c68acd99917033003d93c174e28ef8": ["5", "com.iconology.ui.account.LoginActivity"]}, {"a906683d8ce1d237fb4eddb265479c0a": ["8", "com.iconology.ui.mybooks.MyBooksActivity"]}, {"a240da0da7af8bde1f115a656dc670a5": ["3", "com.iconology.ui.mybooks.MyBooksActivity"]}, {"83c68acd99917033003d93c174e28ef8": ["5", "com.iconology.ui.account.LoginActivity"]}, {"a240da0da7af8bde1f115a656dc670a5": ["3", "com.iconology.ui.mybooks.MyBooksActivity"]}, {"8feb2a1e07edd66b81e049dcc83bac08": ["177", "com.iconology.ui.store.issues.IssueDetailActivity"]}, {"ab65dac5cdaf34f7f97cf0a0808ea71e": ["6", "com.iconology.ui.store.issues.IssueDetailActivity"]}, {"42b3de3906099431a6f52740f6b66e4c": ["12", "com.iconology.ui.store.preview.IssuePreviewActivity"]}, {"588a8063e62caf3da94b34202bde78b3": ["205", "com.iconology.ui.store.issues.IssueDetailActivity"]}, {"42b3de3906099431a6f52740f6b66e4c": ["12", "com.iconology.ui.store.preview.IssuePreviewActivity"]}, {"588a8063e62caf3da94b34202bde78b3": ["205", "com.iconology.ui.store.issues.IssueDetailActivity"]}, {"456ef616ccf840aa78c74f6610d89105": ["112", "com.iconology.ui.store.preview.IssuePreviewActivity"]}, {"e7e47aa8bbe5c18b6a12ba16ffa9b4df": ["118", "com.iconology.ui.store.issues.IssueDetailActivity"]}, {"4ee7638b31fe93cbe23f2abc1ea29144": ["48", "com.iconology.ui.store.series.SeriesDetailActivity"]}, {"4119ba497ea76f2f3d045451e55d0e21": ["24", "com.iconology.ui.store.issues.IssueDetailActivity"]}, {"42b3de3906099431a6f52740f6b66e4c": ["12", "com.iconology.ui.store.preview.IssuePreviewActivity"]}, {"e7e47aa8bbe5c18b6a12ba16ffa9b4df": ["118", "com.iconology.ui.store.issues.IssueDetailActivity"]}, {"4ee7638b31fe93cbe23f2abc1ea29144": ["48", "com.iconology.ui.store.series.SeriesDetailActivity"]}, {"4119ba497ea76f2f3d045451e55d0e21": ["24", "com.iconology.ui.store.issues.IssueDetailActivity"]}, {"42b3de3906099431a6f52740f6b66e4c": ["12", "com.iconology.ui.store.preview.IssuePreviewActivity"]}, {"4119ba497ea76f2f3d045451e55d0e21": ["24", "com.iconology.ui.store.issues.IssueDetailActivity"]}, {"a240da0da7af8bde1f115a656dc670a5": ["3", "com.iconology.ui.mybooks.MyBooksActivity"]}, {"83c68acd99917033003d93c174e28ef8": ["5", "com.iconology.ui.account.LoginActivity"]}, {"a240da0da7af8bde1f115a656dc670a5": ["3", "com.iconology.ui.mybooks.MyBooksActivity"]}, {"4119ba497ea76f2f3d045451e55d0e21": ["24", "com.iconology.ui.store.issues.IssueDetailActivity"]}, {"e7e47aa8bbe5c18b6a12ba16ffa9b4df": ["118", "com.iconology.ui.store.issues.IssueDetailActivity"]}, {"d11b35340a9e286b0060ca8cecde9211": ["46", "com.iconology.ui.store.series.SeriesDetailActivity"]}, {"2ed26aa45ddb35dae7dd8a558d4180aa": ["206", "com.iconology.ui.store.series.SeriesActivity"]}, {"965920a70b393f0c063207230cffda6d": ["50", "com.iconology.ui.store.issues.IssueDetailActivity"]}, {"24796b91860d79a139de59692a72019a": ["63", "com.iconology.ui.WebViewActivity"]}, {"c93f0d45fd989900e19b6bba18283907": ["207", "com.iconology.ui.store.series.SeriesActivity"]}, {"d11b35340a9e286b0060ca8cecde9211": ["46", "com.iconology.ui.store.series.SeriesDetailActivity"]}, {"a240da0da7af8bde1f115a656dc670a5": ["3", "com.iconology.ui.mybooks.MyBooksActivity"]}, {"a240da0da7af8bde1f115a656dc670a5": ["3", "com.iconology.ui.mybooks.MyBooksActivity"]}, {"83c68acd99917033003d93c174e28ef8": ["5", "com.iconology.ui.account.LoginActivity"]}, {"faf2360e2c0e8d190804b31d3bad0184": ["4", "com.iconology.ui.mybooks.MyBooksActivity"]}, {"83c68acd99917033003d93c174e28ef8": ["5", "com.iconology.ui.account.LoginActivity"]}, {"a906683d8ce1d237fb4eddb265479c0a": ["8", "com.iconology.ui.mybooks.MyBooksActivity"]}, {"a240da0da7af8bde1f115a656dc670a5": ["3", "com.iconology.ui.mybooks.MyBooksActivity"]}, {"83c68acd99917033003d93c174e28ef8": ["5", "com.iconology.ui.account.LoginActivity"]}, {"a906683d8ce1d237fb4eddb265479c0a": ["8", "com.iconology.ui.mybooks.MyBooksActivity"]}, {"a240da0da7af8bde1f115a656dc670a5": ["3", "com.iconology.ui.mybooks.MyBooksActivity"]}, {"83c68acd99917033003d93c174e28ef8": ["5", "com.iconology.ui.account.LoginActivity"]}, {"a906683d8ce1d237fb4eddb265479c0a": ["8", "com.iconology.ui.mybooks.MyBooksActivity"]}, {"a240da0da7af8bde1f115a656dc670a5": ["3", "com.iconology.ui.mybooks.MyBooksActivity"]}, {"d11b35340a9e286b0060ca8cecde9211": ["46", "com.iconology.ui.store.series.SeriesDetailActivity"]}, {"4119ba497ea76f2f3d045451e55d0e21": ["24", "com.iconology.ui.store.issues.IssueDetailActivity"]}, {"d11b35340a9e286b0060ca8cecde9211": ["46", "com.iconology.ui.store.series.SeriesDetailActivity"]}, {"4119ba497ea76f2f3d045451e55d0e21": ["24", "com.iconology.ui.store.issues.IssueDetailActivity"]}, {"456ef616ccf840aa78c74f6610d89105": ["112", "com.iconology.ui.store.preview.IssuePreviewActivity"]}, {"38ecd3636408cf544fe532e2c504a0c7": ["116", "com.iconology.ui.store.issues.IssueDetailActivity"]}, {"d76ec4e7da8ead9c53c731899b8b81f1": ["203", "com.iconology.ui.store.series.SeriesDetailActivity"]}, {"38ecd3636408cf544fe532e2c504a0c7": ["116", "com.iconology.ui.store.issues.IssueDetailActivity"]}, {"3f77b328bb6c4ee58c330d03248466f2": ["122", "com.iconology.ui.store.series.SeriesDetailActivity"]}, {"ab65dac5cdaf34f7f97cf0a0808ea71e": ["6", "com.iconology.ui.store.issues.IssueDetailActivity"]}, {"456ef616ccf840aa78c74f6610d89105": ["112", "com.iconology.ui.store.preview.IssuePreviewActivity"]}, {"e7e47aa8bbe5c18b6a12ba16ffa9b4df": ["118", "com.iconology.ui.store.issues.IssueDetailActivity"]}, {"e7e47aa8bbe5c18b6a12ba16ffa9b4df": ["118", "com.iconology.ui.store.issues.IssueDetailActivity"]}, {"d11b35340a9e286b0060ca8cecde9211": ["46", "com.iconology.ui.store.series.SeriesDetailActivity"]}, {"d2364881d5c5eb066199aa6c5404c0d3": ["75", "com.iconology.ui.store.issues.IssueDetailActivity"]}, {"456ef616ccf840aa78c74f6610d89105": ["112", "com.iconology.ui.store.preview.IssuePreviewActivity"]}, {"d2364881d5c5eb066199aa6c5404c0d3": ["75", "com.iconology.ui.store.issues.IssueDetailActivity"]}, {"42b3de3906099431a6f52740f6b66e4c": ["12", "com.iconology.ui.store.preview.IssuePreviewActivity"]}, {"d2364881d5c5eb066199aa6c5404c0d3": ["75", "com.iconology.ui.store.issues.IssueDetailActivity"]}, {"42b3de3906099431a6f52740f6b66e4c": ["12", "com.iconology.ui.store.preview.IssuePreviewActivity"]}, {"e7e47aa8bbe5c18b6a12ba16ffa9b4df": ["118", "com.iconology.ui.store.issues.IssueDetailActivity"]}, {"3f77b328bb6c4ee58c330d03248466f2": ["122", "com.iconology.ui.store.series.SeriesDetailActivity"]}, {"243f505ccac14002686ce49e7995c716": ["71", "com.iconology.ui.store.issues.IssueDetailActivity"]}, {"42b3de3906099431a6f52740f6b66e4c": ["12", "com.iconology.ui.store.preview.IssuePreviewActivity"]}, {"e7e47aa8bbe5c18b6a12ba16ffa9b4df": ["118", "com.iconology.ui.store.issues.IssueDetailActivity"]}, {"d11b35340a9e286b0060ca8cecde9211": ["46", "com.iconology.ui.store.series.SeriesDetailActivity"]}, {"a240da0da7af8bde1f115a656dc670a5": ["3", "com.iconology.ui.mybooks.MyBooksActivity"]}, {"a906683d8ce1d237fb4eddb265479c0a": ["8", "com.iconology.ui.mybooks.MyBooksActivity"]}, {"a240da0da7af8bde1f115a656dc670a5": ["3", "com.iconology.ui.mybooks.MyBooksActivity"]}, {"83c68acd99917033003d93c174e28ef8": ["5", "com.iconology.ui.account.LoginActivity"]}, {"a240da0da7af8bde1f115a656dc670a5": ["3", "com.iconology.ui.mybooks.MyBooksActivity"]}, {"83c68acd99917033003d93c174e28ef8": ["5", "com.iconology.ui.account.LoginActivity"]}, {"a240da0da7af8bde1f115a656dc670a5": ["3", "com.iconology.ui.mybooks.MyBooksActivity"]}, {"83c68acd99917033003d93c174e28ef8": ["5", "com.iconology.ui.account.LoginActivity"]}, {"a240da0da7af8bde1f115a656dc670a5": ["3", "com.iconology.ui.mybooks.MyBooksActivity"]}, {"a240da0da7af8bde1f115a656dc670a5": ["3", "com.iconology.ui.mybooks.MyBooksActivity"]}, {"a906683d8ce1d237fb4eddb265479c0a": ["8", "com.iconology.ui.mybooks.MyBooksActivity"]}, {"a240da0da7af8bde1f115a656dc670a5": ["3", "com.iconology.ui.mybooks.MyBooksActivity"]}, {"a240da0da7af8bde1f115a656dc670a5": ["3", "com.iconology.ui.mybooks.MyBooksActivity"]}, {"a240da0da7af8bde1f115a656dc670a5": ["3", "com.iconology.ui.mybooks.MyBooksActivity"]}, {"83c68acd99917033003d93c174e28ef8": ["5", "com.iconology.ui.account.LoginActivity"]}, {"a240da0da7af8bde1f115a656dc670a5": ["3", "com.iconology.ui.mybooks.MyBooksActivity"]}, {"83c68acd99917033003d93c174e28ef8": ["5", "com.iconology.ui.account.LoginActivity"]}, {"24796b91860d79a139de59692a72019a": ["63", "com.iconology.ui.WebViewActivity"]}, {"24796b91860d79a139de59692a72019a": ["63", "com.iconology.ui.WebViewActivity"]}, {"cdcff3bed69c4dcce0cd99e8b1db6b1c": ["119", "com.iconology.ui.account.CreateAccountActivity"]}, {"2195b1b3072ae6a4abc692b31fb5c4a1": ["156", "com.iconology.ui.account.CreateAccountActivity"]}, {"cdcff3bed69c4dcce0cd99e8b1db6b1c": ["119", "com.iconology.ui.account.CreateAccountActivity"]}, {"24796b91860d79a139de59692a72019a": ["63", "com.iconology.ui.WebViewActivity"]}, {"cdcff3bed69c4dcce0cd99e8b1db6b1c": ["119", "com.iconology.ui.account.CreateAccountActivity"]}, {"06676f4ccc04a354557015c89999f23e": ["168", "com.iconology.ui.account.CreateAccountActivity"]}, {"cdcff3bed69c4dcce0cd99e8b1db6b1c": ["119", "com.iconology.ui.account.CreateAccountActivity"]}, {"83c68acd99917033003d93c174e28ef8": ["5", "com.iconology.ui.account.LoginActivity"]}, {"24796b91860d79a139de59692a72019a": ["63", "com.iconology.ui.WebViewActivity"]}, {"cdcff3bed69c4dcce0cd99e8b1db6b1c": ["119", "com.iconology.ui.account.CreateAccountActivity"]}, {"cdcff3bed69c4dcce0cd99e8b1db6b1c": ["119", "com.iconology.ui.account.CreateAccountActivity"]}, {"83c68acd99917033003d93c174e28ef8": ["5", "com.iconology.ui.account.LoginActivity"]}, {"a906683d8ce1d237fb4eddb265479c0a": ["8", "com.iconology.ui.mybooks.MyBooksActivity"]}, {"a906683d8ce1d237fb4eddb265479c0a": ["8", "com.iconology.ui.mybooks.MyBooksActivity"]}, {"a240da0da7af8bde1f115a656dc670a5": ["3", "com.iconology.ui.mybooks.MyBooksActivity"]}, {"d11b35340a9e286b0060ca8cecde9211": ["46", "com.iconology.ui.store.series.SeriesDetailActivity"]}, {"d11b35340a9e286b0060ca8cecde9211": ["46", "com.iconology.ui.store.series.SeriesDetailActivity"]}, {"e7e47aa8bbe5c18b6a12ba16ffa9b4df": ["118", "com.iconology.ui.store.issues.IssueDetailActivity"]}, {"d11b35340a9e286b0060ca8cecde9211": ["46", "com.iconology.ui.store.series.SeriesDetailActivity"]}, {"243f505ccac14002686ce49e7995c716": ["71", "com.iconology.ui.store.issues.IssueDetailActivity"]}, {"3f77b328bb6c4ee58c330d03248466f2": ["122", "com.iconology.ui.store.series.SeriesDetailActivity"]}, {"d2364881d5c5eb066199aa6c5404c0d3": ["75", "com.iconology.ui.store.issues.IssueDetailActivity"]}, {"d2364881d5c5eb066199aa6c5404c0d3": ["75", "com.iconology.ui.store.issues.IssueDetailActivity"]}, {"cdf8febcf650ad98024d2e217dd2352d": ["208", "com.iconology.ui.store.preview.IssuePreviewActivity"]}, {"d2364881d5c5eb066199aa6c5404c0d3": ["75", "com.iconology.ui.store.issues.IssueDetailActivity"]}, {"42b3de3906099431a6f52740f6b66e4c": ["12", "com.iconology.ui.store.preview.IssuePreviewActivity"]}, {"486c1a3f66ec439aeae74a74db24f4e0": ["209", "com.iconology.ui.store.issues.IssueDetailActivity"]}, {"a906683d8ce1d237fb4eddb265479c0a": ["8", "com.iconology.ui.mybooks.MyBooksActivity"]}, {"a240da0da7af8bde1f115a656dc670a5": ["3", "com.iconology.ui.mybooks.MyBooksActivity"]}, {"83c68acd99917033003d93c174e28ef8": ["5", "com.iconology.ui.account.LoginActivity"]}, {"cdcff3bed69c4dcce0cd99e8b1db6b1c": ["119", "com.iconology.ui.account.CreateAccountActivity"]}, {"cdcff3bed69c4dcce0cd99e8b1db6b1c": ["119", "com.iconology.ui.account.CreateAccountActivity"]}, {"83c68acd99917033003d93c174e28ef8": ["5", "com.iconology.ui.account.LoginActivity"]}, {"83c68acd99917033003d93c174e28ef8": ["5", "com.iconology.ui.account.LoginActivity"]}, {"a906683d8ce1d237fb4eddb265479c0a": ["8", "com.iconology.ui.mybooks.MyBooksActivity"]}, {"a906683d8ce1d237fb4eddb265479c0a": ["8", "com.iconology.ui.mybooks.MyBooksActivity"]}, {"a240da0da7af8bde1f115a656dc670a5": ["3", "com.iconology.ui.mybooks.MyBooksActivity"]}, {"83c68acd99917033003d93c174e28ef8": ["5", "com.iconology.ui.account.LoginActivity"]}, {"a240da0da7af8bde1f115a656dc670a5": ["3", "com.iconology.ui.mybooks.MyBooksActivity"]}, {"83c68acd99917033003d93c174e28ef8": ["5", "com.iconology.ui.account.LoginActivity"]}, {"cdcff3bed69c4dcce0cd99e8b1db6b1c": ["119", "com.iconology.ui.account.CreateAccountActivity"]}, {"24796b91860d79a139de59692a72019a": ["63", "com.iconology.ui.WebViewActivity"]}, {"cdcff3bed69c4dcce0cd99e8b1db6b1c": ["119", "com.iconology.ui.account.CreateAccountActivity"]}, {"cdcff3bed69c4dcce0cd99e8b1db6b1c": ["119", "com.iconology.ui.account.CreateAccountActivity"]}, {"24796b91860d79a139de59692a72019a": ["63", "com.iconology.ui.WebViewActivity"]}, {"24796b91860d79a139de59692a72019a": ["63", "com.iconology.ui.WebViewActivity"]}, {"cdcff3bed69c4dcce0cd99e8b1db6b1c": ["119", "com.iconology.ui.account.CreateAccountActivity"]}, {"cdcff3bed69c4dcce0cd99e8b1db6b1c": ["119", "com.iconology.ui.account.CreateAccountActivity"]}, {"83c68acd99917033003d93c174e28ef8": ["5", "com.iconology.ui.account.LoginActivity"]}, {"83c68acd99917033003d93c174e28ef8": ["5", "com.iconology.ui.account.LoginActivity"]}, {"83c68acd99917033003d93c174e28ef8": ["5", "com.iconology.ui.account.LoginActivity"]}, {"83c68acd99917033003d93c174e28ef8": ["5", "com.iconology.ui.account.LoginActivity"]}, {"a240da0da7af8bde1f115a656dc670a5": ["3", "com.iconology.ui.mybooks.MyBooksActivity"]}, {"83c68acd99917033003d93c174e28ef8": ["5", "com.iconology.ui.account.LoginActivity"]}, {"a240da0da7af8bde1f115a656dc670a5": ["3", "com.iconology.ui.mybooks.MyBooksActivity"]}, {"83c68acd99917033003d93c174e28ef8": ["5", "com.iconology.ui.account.LoginActivity"]}, {"a240da0da7af8bde1f115a656dc670a5": ["3", "com.iconology.ui.mybooks.MyBooksActivity"]}, {"83c68acd99917033003d93c174e28ef8": ["5", "com.iconology.ui.account.LoginActivity"]}, {"a240da0da7af8bde1f115a656dc670a5": ["3", "com.iconology.ui.mybooks.MyBooksActivity"]}, {"83c68acd99917033003d93c174e28ef8": ["5", "com.iconology.ui.account.LoginActivity"]}, {"a906683d8ce1d237fb4eddb265479c0a": ["8", "com.iconology.ui.mybooks.MyBooksActivity"]}, {"a906683d8ce1d237fb4eddb265479c0a": ["8", "com.iconology.ui.mybooks.MyBooksActivity"]}, {"a906683d8ce1d237fb4eddb265479c0a": ["8", "com.iconology.ui.mybooks.MyBooksActivity"]}, {"a906683d8ce1d237fb4eddb265479c0a": ["8", "com.iconology.ui.mybooks.MyBooksActivity"]}, {"a906683d8ce1d237fb4eddb265479c0a": ["8", "com.iconology.ui.mybooks.MyBooksActivity"]}, {"a240da0da7af8bde1f115a656dc670a5": ["3", "com.iconology.ui.mybooks.MyBooksActivity"]}, {"d2364881d5c5eb066199aa6c5404c0d3": ["75", "com.iconology.ui.store.issues.IssueDetailActivity"]}, {"3f77b328bb6c4ee58c330d03248466f2": ["122", "com.iconology.ui.store.series.SeriesDetailActivity"]}, {"8be46321be6883736fb8382379202286": ["131", "com.iconology.ui.store.issues.IssueDetailActivity"]}, {"8be46321be6883736fb8382379202286": ["131", "com.iconology.ui.store.issues.IssueDetailActivity"]}, {"8be46321be6883736fb8382379202286": ["131", "com.iconology.ui.store.issues.IssueDetailActivity"]}, {"8be46321be6883736fb8382379202286": ["131", "com.iconology.ui.store.issues.IssueDetailActivity"]}, {"3f77b328bb6c4ee58c330d03248466f2": ["122", "com.iconology.ui.store.series.SeriesDetailActivity"]}, {"8be46321be6883736fb8382379202286": ["131", "com.iconology.ui.store.issues.IssueDetailActivity"]}, {"8be46321be6883736fb8382379202286": ["131", "com.iconology.ui.store.issues.IssueDetailActivity"]}, {"8be46321be6883736fb8382379202286": ["131", "com.iconology.ui.store.issues.IssueDetailActivity"]}, {"8be46321be6883736fb8382379202286": ["131", "com.iconology.ui.store.issues.IssueDetailActivity"]}, {"8be46321be6883736fb8382379202286": ["131", "com.iconology.ui.store.issues.IssueDetailActivity"]}, {"8be46321be6883736fb8382379202286": ["131", "com.iconology.ui.store.issues.IssueDetailActivity"]}, {"edb12ef6584961b003fe8df506ea2f65": ["210", "com.iconology.ui.store.series.SeriesDetailActivity"]}, {"8be46321be6883736fb8382379202286": ["131", "com.iconology.ui.store.issues.IssueDetailActivity"]}, {"3f77b328bb6c4ee58c330d03248466f2": ["122", "com.iconology.ui.store.series.SeriesDetailActivity"]}, {"8be46321be6883736fb8382379202286": ["131", "com.iconology.ui.store.issues.IssueDetailActivity"]}, {"8be46321be6883736fb8382379202286": ["131", "com.iconology.ui.store.issues.IssueDetailActivity"]}, {"8be46321be6883736fb8382379202286": ["131", "com.iconology.ui.store.issues.IssueDetailActivity"]}, {"a240da0da7af8bde1f115a656dc670a5": ["3", "com.iconology.ui.mybooks.MyBooksActivity"]}, {"83c68acd99917033003d93c174e28ef8": ["5", "com.iconology.ui.account.LoginActivity"]}, {"83c68acd99917033003d93c174e28ef8": ["5", "com.iconology.ui.account.LoginActivity"]}, {"83c68acd99917033003d93c174e28ef8": ["5", "com.iconology.ui.account.LoginActivity"]}, {"cdcff3bed69c4dcce0cd99e8b1db6b1c": ["119", "com.iconology.ui.account.CreateAccountActivity"]}, {"83c68acd99917033003d93c174e28ef8": ["5", "com.iconology.ui.account.LoginActivity"]}, {"83c68acd99917033003d93c174e28ef8": ["5", "com.iconology.ui.account.LoginActivity"]}, {"83c68acd99917033003d93c174e28ef8": ["5", "com.iconology.ui.account.LoginActivity"]}, {"a240da0da7af8bde1f115a656dc670a5": ["3", "com.iconology.ui.mybooks.MyBooksActivity"]}, {"83c68acd99917033003d93c174e28ef8": ["5", "com.iconology.ui.account.LoginActivity"]}, {"83c68acd99917033003d93c174e28ef8": ["5", "com.iconology.ui.account.LoginActivity"]}, {"a240da0da7af8bde1f115a656dc670a5": ["3", "com.iconology.ui.mybooks.MyBooksActivity"]}, {"83c68acd99917033003d93c174e28ef8": ["5", "com.iconology.ui.account.LoginActivity"]}, {"cdcff3bed69c4dcce0cd99e8b1db6b1c": ["119", "com.iconology.ui.account.CreateAccountActivity"]}, {"24796b91860d79a139de59692a72019a": ["63", "com.iconology.ui.WebViewActivity"]}, {"cdcff3bed69c4dcce0cd99e8b1db6b1c": ["119", "com.iconology.ui.account.CreateAccountActivity"]}, {"2195b1b3072ae6a4abc692b31fb5c4a1": ["156", "com.iconology.ui.account.CreateAccountActivity"]}, {"24796b91860d79a139de59692a72019a": ["63", "com.iconology.ui.WebViewActivity"]}, {"24796b91860d79a139de59692a72019a": ["63", "com.iconology.ui.WebViewActivity"]}, {"cdcff3bed69c4dcce0cd99e8b1db6b1c": ["119", "com.iconology.ui.account.CreateAccountActivity"]}, {"cdcff3bed69c4dcce0cd99e8b1db6b1c": ["119", "com.iconology.ui.account.CreateAccountActivity"]}, {"83c68acd99917033003d93c174e28ef8": ["5", "com.iconology.ui.account.LoginActivity"]}, {"a240da0da7af8bde1f115a656dc670a5": ["3", "com.iconology.ui.mybooks.MyBooksActivity"]}, {"83c68acd99917033003d93c174e28ef8": ["5", "com.iconology.ui.account.LoginActivity"]}, {"24796b91860d79a139de59692a72019a": ["63", "com.iconology.ui.WebViewActivity"]}, {"cdcff3bed69c4dcce0cd99e8b1db6b1c": ["119", "com.iconology.ui.account.CreateAccountActivity"]}, {"cdcff3bed69c4dcce0cd99e8b1db6b1c": ["119", "com.iconology.ui.account.CreateAccountActivity"]}, {"83c68acd99917033003d93c174e28ef8": ["5", "com.iconology.ui.account.LoginActivity"]}, {"a240da0da7af8bde1f115a656dc670a5": ["3", "com.iconology.ui.mybooks.MyBooksActivity"]}, {"8be46321be6883736fb8382379202286": ["131", "com.iconology.ui.store.issues.IssueDetailActivity"]}, {"3f77b328bb6c4ee58c330d03248466f2": ["122", "com.iconology.ui.store.series.SeriesDetailActivity"]}, {"3f77b328bb6c4ee58c330d03248466f2": ["122", "com.iconology.ui.store.series.SeriesDetailActivity"]}, {"8be46321be6883736fb8382379202286": ["131", "com.iconology.ui.store.issues.IssueDetailActivity"]}, {"8be46321be6883736fb8382379202286": ["131", "com.iconology.ui.store.issues.IssueDetailActivity"]}, {"8be46321be6883736fb8382379202286": ["131", "com.iconology.ui.store.issues.IssueDetailActivity"]}, {"3f77b328bb6c4ee58c330d03248466f2": ["122", "com.iconology.ui.store.series.SeriesDetailActivity"]}, {"8be46321be6883736fb8382379202286": ["131", "com.iconology.ui.store.issues.IssueDetailActivity"]}, {"8be46321be6883736fb8382379202286": ["131", "com.iconology.ui.store.issues.IssueDetailActivity"]}, {"8be46321be6883736fb8382379202286": ["131", "com.iconology.ui.store.issues.IssueDetailActivity"]}, {"8be46321be6883736fb8382379202286": ["131", "com.iconology.ui.store.issues.IssueDetailActivity"]}, {"8be46321be6883736fb8382379202286": ["131", "com.iconology.ui.store.issues.IssueDetailActivity"]}, {"8be46321be6883736fb8382379202286": ["131", "com.iconology.ui.store.issues.IssueDetailActivity"]}, {"8be46321be6883736fb8382379202286": ["131", "com.iconology.ui.store.issues.IssueDetailActivity"]}, {"8be46321be6883736fb8382379202286": ["131", "com.iconology.ui.store.issues.IssueDetailActivity"]}, {"edb12ef6584961b003fe8df506ea2f65": ["210", "com.iconology.ui.store.series.SeriesDetailActivity"]}, {"8be46321be6883736fb8382379202286": ["131", "com.iconology.ui.store.issues.IssueDetailActivity"]}, {"8be46321be6883736fb8382379202286": ["131", "com.iconology.ui.store.issues.IssueDetailActivity"]}, {"3f77b328bb6c4ee58c330d03248466f2": ["122", "com.iconology.ui.store.series.SeriesDetailActivity"]}, {"8be46321be6883736fb8382379202286": ["131", "com.iconology.ui.store.issues.IssueDetailActivity"]}, {"8be46321be6883736fb8382379202286": ["131", "com.iconology.ui.store.issues.IssueDetailActivity"]}, {"8be46321be6883736fb8382379202286": ["131", "com.iconology.ui.store.issues.IssueDetailActivity"]}, {"8be46321be6883736fb8382379202286": ["131", "com.iconology.ui.store.issues.IssueDetailActivity"]}, {"8be46321be6883736fb8382379202286": ["131", "com.iconology.ui.store.issues.IssueDetailActivity"]}, {"8be46321be6883736fb8382379202286": ["131", "com.iconology.ui.store.issues.IssueDetailActivity"]}, {"8be46321be6883736fb8382379202286": ["131", "com.iconology.ui.store.issues.IssueDetailActivity"]}, {"8be46321be6883736fb8382379202286": ["131", "com.iconology.ui.store.issues.IssueDetailActivity"]}, {"8be46321be6883736fb8382379202286": ["131", "com.iconology.ui.store.issues.IssueDetailActivity"]}, {"a240da0da7af8bde1f115a656dc670a5": ["3", "com.iconology.ui.mybooks.MyBooksActivity"]}, {"8be46321be6883736fb8382379202286": ["131", "com.iconology.ui.store.issues.IssueDetailActivity"]}, {"8be46321be6883736fb8382379202286": ["131", "com.iconology.ui.store.issues.IssueDetailActivity"]}, {"f4f334faab7a6a072cf785f20b3a7e85": ["211", "com.iconology.ui.store.series.SeriesDetailActivity"]}, {"38f1c752f974ffb41d5b87093afd3526": ["9", "com.iconology.search.ui.SearchActivity"]}, {"f4f334faab7a6a072cf785f20b3a7e85": ["211", "com.iconology.ui.store.series.SeriesDetailActivity"]}, {"8be46321be6883736fb8382379202286": ["131", "com.iconology.ui.store.issues.IssueDetailActivity"]}, {"8be46321be6883736fb8382379202286": ["131", "com.iconology.ui.store.issues.IssueDetailActivity"]}, {"8be46321be6883736fb8382379202286": ["131", "com.iconology.ui.store.issues.IssueDetailActivity"]}, {"f4f334faab7a6a072cf785f20b3a7e85": ["211", "com.iconology.ui.store.series.SeriesDetailActivity"]}, {"8f95d356dcece3b6499248d57f7865fc": ["31", "com.iconology.ui.store.sectionedpage.SectionedPageSectionActivity"]}, {"8f95d356dcece3b6499248d57f7865fc": ["31", "com.iconology.ui.store.sectionedpage.SectionedPageSectionActivity"]}, {"8f95d356dcece3b6499248d57f7865fc": ["31", "com.iconology.ui.store.sectionedpage.SectionedPageSectionActivity"]}, {"c2613c8144f2c27a4d0fdd33e02a3b26": ["133", "com.iconology.ui.store.issues.IssueDetailActivity"]}, {"83c68acd99917033003d93c174e28ef8": ["5", "com.iconology.ui.account.LoginActivity"]}, {"8be46321be6883736fb8382379202286": ["131", "com.iconology.ui.store.issues.IssueDetailActivity"]}, {"8f95d356dcece3b6499248d57f7865fc": ["31", "com.iconology.ui.store.sectionedpage.SectionedPageSectionActivity"]}, {"8be46321be6883736fb8382379202286": ["131", "com.iconology.ui.store.issues.IssueDetailActivity"]}, {"8be46321be6883736fb8382379202286": ["131", "com.iconology.ui.store.issues.IssueDetailActivity"]}, {"8be46321be6883736fb8382379202286": ["131", "com.iconology.ui.store.issues.IssueDetailActivity"]}, {"8be46321be6883736fb8382379202286": ["131", "com.iconology.ui.store.issues.IssueDetailActivity"]}, {"8be46321be6883736fb8382379202286": ["131", "com.iconology.ui.store.issues.IssueDetailActivity"]}, {"a906683d8ce1d237fb4eddb265479c0a": ["8", "com.iconology.ui.mybooks.MyBooksActivity"]}, {"a240da0da7af8bde1f115a656dc670a5": ["3", "com.iconology.ui.mybooks.MyBooksActivity"]}, {"83c68acd99917033003d93c174e28ef8": ["5", "com.iconology.ui.account.LoginActivity"]}, {"83c68acd99917033003d93c174e28ef8": ["5", "com.iconology.ui.account.LoginActivity"]}, {"a240da0da7af8bde1f115a656dc670a5": ["3", "com.iconology.ui.mybooks.MyBooksActivity"]}, {"83c68acd99917033003d93c174e28ef8": ["5", "com.iconology.ui.account.LoginActivity"]}, {"a906683d8ce1d237fb4eddb265479c0a": ["8", "com.iconology.ui.mybooks.MyBooksActivity"]}, {"a240da0da7af8bde1f115a656dc670a5": ["3", "com.iconology.ui.mybooks.MyBooksActivity"]}, {"83c68acd99917033003d93c174e28ef8": ["5", "com.iconology.ui.account.LoginActivity"]}, {"a240da0da7af8bde1f115a656dc670a5": ["3", "com.iconology.ui.mybooks.MyBooksActivity"]}, {"a240da0da7af8bde1f115a656dc670a5": ["3", "com.iconology.ui.mybooks.MyBooksActivity"]}, {"83c68acd99917033003d93c174e28ef8": ["5", "com.iconology.ui.account.LoginActivity"]}, {"83c68acd99917033003d93c174e28ef8": ["5", "com.iconology.ui.account.LoginActivity"]}, {"0a77c0bda0a8d027c65d26f237ca31c0": ["172", "com.iconology.ui.mybooks.MyBooksActivity"]}, {"407ca0d3257aae3f1ebee43cd0f10e59": ["212", "com.iconology.ui.mybooks.MyBooksActivity"]}, {"8be46321be6883736fb8382379202286": ["131", "com.iconology.ui.store.issues.IssueDetailActivity"]}, {"a240da0da7af8bde1f115a656dc670a5": ["3", "com.iconology.ui.mybooks.MyBooksActivity"]}, {"83c68acd99917033003d93c174e28ef8": ["5", "com.iconology.ui.account.LoginActivity"]}, {"83c68acd99917033003d93c174e28ef8": ["5", "com.iconology.ui.account.LoginActivity"]}, {"a906683d8ce1d237fb4eddb265479c0a": ["8", "com.iconology.ui.mybooks.MyBooksActivity"]}, {"a906683d8ce1d237fb4eddb265479c0a": ["8", "com.iconology.ui.mybooks.MyBooksActivity"]}, {"a240da0da7af8bde1f115a656dc670a5": ["3", "com.iconology.ui.mybooks.MyBooksActivity"]}, {"83c68acd99917033003d93c174e28ef8": ["5", "com.iconology.ui.account.LoginActivity"]}, {"83c68acd99917033003d93c174e28ef8": ["5", "com.iconology.ui.account.LoginActivity"]}, {"83c68acd99917033003d93c174e28ef8": ["5", "com.iconology.ui.account.LoginActivity"]}, {"cdcff3bed69c4dcce0cd99e8b1db6b1c": ["119", "com.iconology.ui.account.CreateAccountActivity"]}, {"24796b91860d79a139de59692a72019a": ["63", "com.iconology.ui.WebViewActivity"]}, {"cdcff3bed69c4dcce0cd99e8b1db6b1c": ["119", "com.iconology.ui.account.CreateAccountActivity"]}, {"2195b1b3072ae6a4abc692b31fb5c4a1": ["156", "com.iconology.ui.account.CreateAccountActivity"]}, {"24796b91860d79a139de59692a72019a": ["63", "com.iconology.ui.WebViewActivity"]}, {"cdcff3bed69c4dcce0cd99e8b1db6b1c": ["119", "com.iconology.ui.account.CreateAccountActivity"]}, {"83c68acd99917033003d93c174e28ef8": ["5", "com.iconology.ui.account.LoginActivity"]}, {"83c68acd99917033003d93c174e28ef8": ["5", "com.iconology.ui.account.LoginActivity"]}, {"a906683d8ce1d237fb4eddb265479c0a": ["8", "com.iconology.ui.mybooks.MyBooksActivity"]}, {"a906683d8ce1d237fb4eddb265479c0a": ["8", "com.iconology.ui.mybooks.MyBooksActivity"]}, {"a906683d8ce1d237fb4eddb265479c0a": ["8", "com.iconology.ui.mybooks.MyBooksActivity"]}, {"a240da0da7af8bde1f115a656dc670a5": ["3", "com.iconology.ui.mybooks.MyBooksActivity"]}, {"8be46321be6883736fb8382379202286": ["131", "com.iconology.ui.store.issues.IssueDetailActivity"]}, {"8be46321be6883736fb8382379202286": ["131", "com.iconology.ui.store.issues.IssueDetailActivity"]}, {"8be46321be6883736fb8382379202286": ["131", "com.iconology.ui.store.issues.IssueDetailActivity"]}, {"8be46321be6883736fb8382379202286": ["131", "com.iconology.ui.store.issues.IssueDetailActivity"]}, {"8be46321be6883736fb8382379202286": ["131", "com.iconology.ui.store.issues.IssueDetailActivity"]}, {"8be46321be6883736fb8382379202286": ["131", "com.iconology.ui.store.issues.IssueDetailActivity"]}, {"a240da0da7af8bde1f115a656dc670a5": ["3", "com.iconology.ui.mybooks.MyBooksActivity"]}, {"83c68acd99917033003d93c174e28ef8": ["5", "com.iconology.ui.account.LoginActivity"]}, {"a906683d8ce1d237fb4eddb265479c0a": ["8", "com.iconology.ui.mybooks.MyBooksActivity"]}, {"a906683d8ce1d237fb4eddb265479c0a": ["8", "com.iconology.ui.mybooks.MyBooksActivity"]}, {"faf2360e2c0e8d190804b31d3bad0184": ["4", "com.iconology.ui.mybooks.MyBooksActivity"]}, {"cdb8f59e475ee05b5848e5b874ed60c2": ["82", "com.iconology.ui.store.creators.CreatorsActivity"]}, {"d81941910168ff5c20b7f411c3f116f2": ["113", "com.iconology.ui.store.creators.CreatorDetailActivity"]}, {"e7e47aa8bbe5c18b6a12ba16ffa9b4df": ["118", "com.iconology.ui.store.issues.IssueDetailActivity"]}, {"d11b35340a9e286b0060ca8cecde9211": ["46", "com.iconology.ui.store.series.SeriesDetailActivity"]}, {"a240da0da7af8bde1f115a656dc670a5": ["3", "com.iconology.ui.mybooks.MyBooksActivity"]}, {"83c68acd99917033003d93c174e28ef8": ["5", "com.iconology.ui.account.LoginActivity"]}, {"a240da0da7af8bde1f115a656dc670a5": ["3", "com.iconology.ui.mybooks.MyBooksActivity"]}, {"83c68acd99917033003d93c174e28ef8": ["5", "com.iconology.ui.account.LoginActivity"]}, {"83c68acd99917033003d93c174e28ef8": ["5", "com.iconology.ui.account.LoginActivity"]}, {"a240da0da7af8bde1f115a656dc670a5": ["3", "com.iconology.ui.mybooks.MyBooksActivity"]}, {"83c68acd99917033003d93c174e28ef8": ["5", "com.iconology.ui.account.LoginActivity"]}, {"a906683d8ce1d237fb4eddb265479c0a": ["8", "com.iconology.ui.mybooks.MyBooksActivity"]}, {"a240da0da7af8bde1f115a656dc670a5": ["3", "com.iconology.ui.mybooks.MyBooksActivity"]}, {"83c68acd99917033003d93c174e28ef8": ["5", "com.iconology.ui.account.LoginActivity"]}, {"83c68acd99917033003d93c174e28ef8": ["5", "com.iconology.ui.account.LoginActivity"]}, {"83c68acd99917033003d93c174e28ef8": ["5", "com.iconology.ui.account.LoginActivity"]}, {"a906683d8ce1d237fb4eddb265479c0a": ["8", "com.iconology.ui.mybooks.MyBooksActivity"]}]