[{"eba27dbb39876823fdc80e1c93b02cc5": ["28", "com.barilab.handmirror.Act_Settings"]}, {"eba27dbb39876823fdc80e1c93b02cc5": ["28", "com.barilab.handmirror.Act_Settings"]}, {"eba27dbb39876823fdc80e1c93b02cc5": ["28", "com.barilab.handmirror.Act_Settings"]}, {"eba27dbb39876823fdc80e1c93b02cc5": ["28", "com.barilab.handmirror.Act_Settings"]}, {"eba27dbb39876823fdc80e1c93b02cc5": ["28", "com.barilab.handmirror.Act_Settings"]}, {"eba27dbb39876823fdc80e1c93b02cc5": ["28", "com.barilab.handmirror.Act_Settings"]}, {"eba27dbb39876823fdc80e1c93b02cc5": ["28", "com.barilab.handmirror.Act_Settings"]}, {"eba27dbb39876823fdc80e1c93b02cc5": ["28", "com.barilab.handmirror.Act_Settings"]}, {"eba27dbb39876823fdc80e1c93b02cc5": ["28", "com.barilab.handmirror.Act_Settings"]}, {"eba27dbb39876823fdc80e1c93b02cc5": ["28", "com.barilab.handmirror.Act_Settings"]}, {"eba27dbb39876823fdc80e1c93b02cc5": ["28", "com.barilab.handmirror.Act_Settings"]}, {"eba27dbb39876823fdc80e1c93b02cc5": ["28", "com.barilab.handmirror.Act_Settings"]}, {"eba27dbb39876823fdc80e1c93b02cc5": ["28", "com.barilab.handmirror.Act_Settings"]}, {"eba27dbb39876823fdc80e1c93b02cc5": ["28", "com.barilab.handmirror.Act_Settings"]}, {"eba27dbb39876823fdc80e1c93b02cc5": ["28", "com.barilab.handmirror.Act_Settings"]}, {"eba27dbb39876823fdc80e1c93b02cc5": ["28", "com.barilab.handmirror.Act_Settings"]}, {"eba27dbb39876823fdc80e1c93b02cc5": ["28", "com.barilab.handmirror.Act_Settings"]}, {"eba27dbb39876823fdc80e1c93b02cc5": ["28", "com.barilab.handmirror.Act_Settings"]}, {"eba27dbb39876823fdc80e1c93b02cc5": ["28", "com.barilab.handmirror.Act_Settings"]}, {"eba27dbb39876823fdc80e1c93b02cc5": ["28", "com.barilab.handmirror.Act_Settings"]}, {"eba27dbb39876823fdc80e1c93b02cc5": ["28", "com.barilab.handmirror.Act_Settings"]}, {"eba27dbb39876823fdc80e1c93b02cc5": ["28", "com.barilab.handmirror.Act_Settings"]}, {"eba27dbb39876823fdc80e1c93b02cc5": ["28", "com.barilab.handmirror.Act_Settings"]}, {"eba27dbb39876823fdc80e1c93b02cc5": ["28", "com.barilab.handmirror.Act_Settings"]}, {"eba27dbb39876823fdc80e1c93b02cc5": ["28", "com.barilab.handmirror.Act_Settings"]}, {"eba27dbb39876823fdc80e1c93b02cc5": ["28", "com.barilab.handmirror.Act_Settings"]}, {"eba27dbb39876823fdc80e1c93b02cc5": ["28", "com.barilab.handmirror.Act_Settings"]}, {"eba27dbb39876823fdc80e1c93b02cc5": ["28", "com.barilab.handmirror.Act_Settings"]}, {"eba27dbb39876823fdc80e1c93b02cc5": ["28", "com.barilab.handmirror.Act_Settings"]}, {"eba27dbb39876823fdc80e1c93b02cc5": ["28", "com.barilab.handmirror.Act_Settings"]}, {"eba27dbb39876823fdc80e1c93b02cc5": ["28", "com.barilab.handmirror.Act_Settings"]}, {"eba27dbb39876823fdc80e1c93b02cc5": ["28", "com.barilab.handmirror.Act_Settings"]}, {"eba27dbb39876823fdc80e1c93b02cc5": ["28", "com.barilab.handmirror.Act_Settings"]}, {"eba27dbb39876823fdc80e1c93b02cc5": ["28", "com.barilab.handmirror.Act_Settings"]}, {"eba27dbb39876823fdc80e1c93b02cc5": ["28", "com.barilab.handmirror.Act_Settings"]}, {"eba27dbb39876823fdc80e1c93b02cc5": ["28", "com.barilab.handmirror.Act_Settings"]}, {"eba27dbb39876823fdc80e1c93b02cc5": ["28", "com.barilab.handmirror.Act_Settings"]}, {"eba27dbb39876823fdc80e1c93b02cc5": ["28", "com.barilab.handmirror.Act_Settings"]}, {"eba27dbb39876823fdc80e1c93b02cc5": ["28", "com.barilab.handmirror.Act_Settings"]}, {"eba27dbb39876823fdc80e1c93b02cc5": ["28", "com.barilab.handmirror.Act_Settings"]}, {"eba27dbb39876823fdc80e1c93b02cc5": ["28", "com.barilab.handmirror.Act_Settings"]}, {"eba27dbb39876823fdc80e1c93b02cc5": ["28", "com.barilab.handmirror.Act_Settings"]}, {"ee90df8c25db77dbfb26c6ed3ed753f8": ["4", "kr.co.smartstudy.ssiap.UnifiedStore"]}, {"eba27dbb39876823fdc80e1c93b02cc5": ["28", "com.barilab.handmirror.Act_Settings"]}, {"eba27dbb39876823fdc80e1c93b02cc5": ["28", "com.barilab.handmirror.Act_Settings"]}, {"eba27dbb39876823fdc80e1c93b02cc5": ["28", "com.barilab.handmirror.Act_Settings"]}, {"eba27dbb39876823fdc80e1c93b02cc5": ["28", "com.barilab.handmirror.Act_Settings"]}, {"eba27dbb39876823fdc80e1c93b02cc5": ["28", "com.barilab.handmirror.Act_Settings"]}, {"eba27dbb39876823fdc80e1c93b02cc5": ["28", "com.barilab.handmirror.Act_Settings"]}, {"eba27dbb39876823fdc80e1c93b02cc5": ["28", "com.barilab.handmirror.Act_Settings"]}, {"eba27dbb39876823fdc80e1c93b02cc5": ["28", "com.barilab.handmirror.Act_Settings"]}, {"eba27dbb39876823fdc80e1c93b02cc5": ["28", "com.barilab.handmirror.Act_Settings"]}, {"eba27dbb39876823fdc80e1c93b02cc5": ["28", "com.barilab.handmirror.Act_Settings"]}, {"eba27dbb39876823fdc80e1c93b02cc5": ["28", "com.barilab.handmirror.Act_Settings"]}, {"eba27dbb39876823fdc80e1c93b02cc5": ["28", "com.barilab.handmirror.Act_Settings"]}, {"eba27dbb39876823fdc80e1c93b02cc5": ["28", "com.barilab.handmirror.Act_Settings"]}, {"eba27dbb39876823fdc80e1c93b02cc5": ["28", "com.barilab.handmirror.Act_Settings"]}, {"eba27dbb39876823fdc80e1c93b02cc5": ["28", "com.barilab.handmirror.Act_Settings"]}, {"eba27dbb39876823fdc80e1c93b02cc5": ["28", "com.barilab.handmirror.Act_Settings"]}, {"eba27dbb39876823fdc80e1c93b02cc5": ["28", "com.barilab.handmirror.Act_Settings"]}, {"eba27dbb39876823fdc80e1c93b02cc5": ["28", "com.barilab.handmirror.Act_Settings"]}, {"eba27dbb39876823fdc80e1c93b02cc5": ["28", "com.barilab.handmirror.Act_Settings"]}, {"eba27dbb39876823fdc80e1c93b02cc5": ["28", "com.barilab.handmirror.Act_Settings"]}, {"eba27dbb39876823fdc80e1c93b02cc5": ["28", "com.barilab.handmirror.Act_Settings"]}, {"eba27dbb39876823fdc80e1c93b02cc5": ["28", "com.barilab.handmirror.Act_Settings"]}, {"eba27dbb39876823fdc80e1c93b02cc5": ["28", "com.barilab.handmirror.Act_Settings"]}, {"eba27dbb39876823fdc80e1c93b02cc5": ["28", "com.barilab.handmirror.Act_Settings"]}, {"eba27dbb39876823fdc80e1c93b02cc5": ["28", "com.barilab.handmirror.Act_Settings"]}, {"eba27dbb39876823fdc80e1c93b02cc5": ["28", "com.barilab.handmirror.Act_Settings"]}, {"eba27dbb39876823fdc80e1c93b02cc5": ["28", "com.barilab.handmirror.Act_Settings"]}, {"eba27dbb39876823fdc80e1c93b02cc5": ["28", "com.barilab.handmirror.Act_Settings"]}, {"eba27dbb39876823fdc80e1c93b02cc5": ["28", "com.barilab.handmirror.Act_Settings"]}, {"eba27dbb39876823fdc80e1c93b02cc5": ["28", "com.barilab.handmirror.Act_Settings"]}, {"eba27dbb39876823fdc80e1c93b02cc5": ["28", "com.barilab.handmirror.Act_Settings"]}, {"eba27dbb39876823fdc80e1c93b02cc5": ["28", "com.barilab.handmirror.Act_Settings"]}, {"eba27dbb39876823fdc80e1c93b02cc5": ["28", "com.barilab.handmirror.Act_Settings"]}, {"eba27dbb39876823fdc80e1c93b02cc5": ["28", "com.barilab.handmirror.Act_Settings"]}, {"eba27dbb39876823fdc80e1c93b02cc5": ["28", "com.barilab.handmirror.Act_Settings"]}, {"eba27dbb39876823fdc80e1c93b02cc5": ["28", "com.barilab.handmirror.Act_Settings"]}, {"eba27dbb39876823fdc80e1c93b02cc5": ["28", "com.barilab.handmirror.Act_Settings"]}, {"eba27dbb39876823fdc80e1c93b02cc5": ["28", "com.barilab.handmirror.Act_Settings"]}, {"eba27dbb39876823fdc80e1c93b02cc5": ["28", "com.barilab.handmirror.Act_Settings"]}, {"eba27dbb39876823fdc80e1c93b02cc5": ["28", "com.barilab.handmirror.Act_Settings"]}, {"eba27dbb39876823fdc80e1c93b02cc5": ["28", "com.barilab.handmirror.Act_Settings"]}, {"eba27dbb39876823fdc80e1c93b02cc5": ["28", "com.barilab.handmirror.Act_Settings"]}, {"eba27dbb39876823fdc80e1c93b02cc5": ["28", "com.barilab.handmirror.Act_Settings"]}, {"eba27dbb39876823fdc80e1c93b02cc5": ["28", "com.barilab.handmirror.Act_Settings"]}, {"eba27dbb39876823fdc80e1c93b02cc5": ["28", "com.barilab.handmirror.Act_Settings"]}, {"eba27dbb39876823fdc80e1c93b02cc5": ["28", "com.barilab.handmirror.Act_Settings"]}, {"eba27dbb39876823fdc80e1c93b02cc5": ["28", "com.barilab.handmirror.Act_Settings"]}, {"eba27dbb39876823fdc80e1c93b02cc5": ["28", "com.barilab.handmirror.Act_Settings"]}, {"eba27dbb39876823fdc80e1c93b02cc5": ["28", "com.barilab.handmirror.Act_Settings"]}, {"eba27dbb39876823fdc80e1c93b02cc5": ["28", "com.barilab.handmirror.Act_Settings"]}, {"eba27dbb39876823fdc80e1c93b02cc5": ["28", "com.barilab.handmirror.Act_Settings"]}, {"eba27dbb39876823fdc80e1c93b02cc5": ["28", "com.barilab.handmirror.Act_Settings"]}, {"eba27dbb39876823fdc80e1c93b02cc5": ["28", "com.barilab.handmirror.Act_Settings"]}, {"eba27dbb39876823fdc80e1c93b02cc5": ["28", "com.barilab.handmirror.Act_Settings"]}, {"eba27dbb39876823fdc80e1c93b02cc5": ["28", "com.barilab.handmirror.Act_Settings"]}, {"eba27dbb39876823fdc80e1c93b02cc5": ["28", "com.barilab.handmirror.Act_Settings"]}, {"eba27dbb39876823fdc80e1c93b02cc5": ["28", "com.barilab.handmirror.Act_Settings"]}, {"eba27dbb39876823fdc80e1c93b02cc5": ["28", "com.barilab.handmirror.Act_Settings"]}, {"eba27dbb39876823fdc80e1c93b02cc5": ["28", "com.barilab.handmirror.Act_Settings"]}, {"eba27dbb39876823fdc80e1c93b02cc5": ["28", "com.barilab.handmirror.Act_Settings"]}, {"eba27dbb39876823fdc80e1c93b02cc5": ["28", "com.barilab.handmirror.Act_Settings"]}, {"eba27dbb39876823fdc80e1c93b02cc5": ["28", "com.barilab.handmirror.Act_Settings"]}, {"eba27dbb39876823fdc80e1c93b02cc5": ["28", "com.barilab.handmirror.Act_Settings"]}, {"eba27dbb39876823fdc80e1c93b02cc5": ["28", "com.barilab.handmirror.Act_Settings"]}, {"eba27dbb39876823fdc80e1c93b02cc5": ["28", "com.barilab.handmirror.Act_Settings"]}, {"eba27dbb39876823fdc80e1c93b02cc5": ["28", "com.barilab.handmirror.Act_Settings"]}, {"eba27dbb39876823fdc80e1c93b02cc5": ["28", "com.barilab.handmirror.Act_Settings"]}, {"eba27dbb39876823fdc80e1c93b02cc5": ["28", "com.barilab.handmirror.Act_Settings"]}, {"eba27dbb39876823fdc80e1c93b02cc5": ["28", "com.barilab.handmirror.Act_Settings"]}, {"eba27dbb39876823fdc80e1c93b02cc5": ["28", "com.barilab.handmirror.Act_Settings"]}, {"eba27dbb39876823fdc80e1c93b02cc5": ["28", "com.barilab.handmirror.Act_Settings"]}, {"eba27dbb39876823fdc80e1c93b02cc5": ["28", "com.barilab.handmirror.Act_Settings"]}, {"eba27dbb39876823fdc80e1c93b02cc5": ["28", "com.barilab.handmirror.Act_Settings"]}, {"eba27dbb39876823fdc80e1c93b02cc5": ["28", "com.barilab.handmirror.Act_Settings"]}, {"eba27dbb39876823fdc80e1c93b02cc5": ["28", "com.barilab.handmirror.Act_Settings"]}, {"eba27dbb39876823fdc80e1c93b02cc5": ["28", "com.barilab.handmirror.Act_Settings"]}, {"eba27dbb39876823fdc80e1c93b02cc5": ["28", "com.barilab.handmirror.Act_Settings"]}, {"eba27dbb39876823fdc80e1c93b02cc5": ["28", "com.barilab.handmirror.Act_Settings"]}, {"eba27dbb39876823fdc80e1c93b02cc5": ["28", "com.barilab.handmirror.Act_Settings"]}, {"eba27dbb39876823fdc80e1c93b02cc5": ["28", "com.barilab.handmirror.Act_Settings"]}, {"eba27dbb39876823fdc80e1c93b02cc5": ["28", "com.barilab.handmirror.Act_Settings"]}, {"eba27dbb39876823fdc80e1c93b02cc5": ["28", "com.barilab.handmirror.Act_Settings"]}, {"eba27dbb39876823fdc80e1c93b02cc5": ["28", "com.barilab.handmirror.Act_Settings"]}, {"eba27dbb39876823fdc80e1c93b02cc5": ["28", "com.barilab.handmirror.Act_Settings"]}, {"eba27dbb39876823fdc80e1c93b02cc5": ["28", "com.barilab.handmirror.Act_Settings"]}, {"eba27dbb39876823fdc80e1c93b02cc5": ["28", "com.barilab.handmirror.Act_Settings"]}, {"eba27dbb39876823fdc80e1c93b02cc5": ["28", "com.barilab.handmirror.Act_Settings"]}, {"eba27dbb39876823fdc80e1c93b02cc5": ["28", "com.barilab.handmirror.Act_Settings"]}, {"eba27dbb39876823fdc80e1c93b02cc5": ["28", "com.barilab.handmirror.Act_Settings"]}, {"eba27dbb39876823fdc80e1c93b02cc5": ["28", "com.barilab.handmirror.Act_Settings"]}, {"eba27dbb39876823fdc80e1c93b02cc5": ["28", "com.barilab.handmirror.Act_Settings"]}, {"eba27dbb39876823fdc80e1c93b02cc5": ["28", "com.barilab.handmirror.Act_Settings"]}, {"eba27dbb39876823fdc80e1c93b02cc5": ["28", "com.barilab.handmirror.Act_Settings"]}, {"eba27dbb39876823fdc80e1c93b02cc5": ["28", "com.barilab.handmirror.Act_Settings"]}, {"eba27dbb39876823fdc80e1c93b02cc5": ["28", "com.barilab.handmirror.Act_Settings"]}, {"eba27dbb39876823fdc80e1c93b02cc5": ["28", "com.barilab.handmirror.Act_Settings"]}, {"eba27dbb39876823fdc80e1c93b02cc5": ["28", "com.barilab.handmirror.Act_Settings"]}, {"eba27dbb39876823fdc80e1c93b02cc5": ["28", "com.barilab.handmirror.Act_Settings"]}, {"eba27dbb39876823fdc80e1c93b02cc5": ["28", "com.barilab.handmirror.Act_Settings"]}, {"eba27dbb39876823fdc80e1c93b02cc5": ["28", "com.barilab.handmirror.Act_Settings"]}, {"eba27dbb39876823fdc80e1c93b02cc5": ["28", "com.barilab.handmirror.Act_Settings"]}, {"eba27dbb39876823fdc80e1c93b02cc5": ["28", "com.barilab.handmirror.Act_Settings"]}, {"eba27dbb39876823fdc80e1c93b02cc5": ["28", "com.barilab.handmirror.Act_Settings"]}, {"eba27dbb39876823fdc80e1c93b02cc5": ["28", "com.barilab.handmirror.Act_Settings"]}, {"eba27dbb39876823fdc80e1c93b02cc5": ["28", "com.barilab.handmirror.Act_Settings"]}, {"eba27dbb39876823fdc80e1c93b02cc5": ["28", "com.barilab.handmirror.Act_Settings"]}, {"eba27dbb39876823fdc80e1c93b02cc5": ["28", "com.barilab.handmirror.Act_Settings"]}, {"eba27dbb39876823fdc80e1c93b02cc5": ["28", "com.barilab.handmirror.Act_Settings"]}, {"eba27dbb39876823fdc80e1c93b02cc5": ["28", "com.barilab.handmirror.Act_Settings"]}, {"eba27dbb39876823fdc80e1c93b02cc5": ["28", "com.barilab.handmirror.Act_Settings"]}, {"eba27dbb39876823fdc80e1c93b02cc5": ["28", "com.barilab.handmirror.Act_Settings"]}, {"eba27dbb39876823fdc80e1c93b02cc5": ["28", "com.barilab.handmirror.Act_Settings"]}, {"eba27dbb39876823fdc80e1c93b02cc5": ["28", "com.barilab.handmirror.Act_Settings"]}, {"eba27dbb39876823fdc80e1c93b02cc5": ["28", "com.barilab.handmirror.Act_Settings"]}, {"eba27dbb39876823fdc80e1c93b02cc5": ["28", "com.barilab.handmirror.Act_Settings"]}, {"eba27dbb39876823fdc80e1c93b02cc5": ["28", "com.barilab.handmirror.Act_Settings"]}, {"eba27dbb39876823fdc80e1c93b02cc5": ["28", "com.barilab.handmirror.Act_Settings"]}, {"eba27dbb39876823fdc80e1c93b02cc5": ["28", "com.barilab.handmirror.Act_Settings"]}, {"eba27dbb39876823fdc80e1c93b02cc5": ["28", "com.barilab.handmirror.Act_Settings"]}, {"eba27dbb39876823fdc80e1c93b02cc5": ["28", "com.barilab.handmirror.Act_Settings"]}, {"eba27dbb39876823fdc80e1c93b02cc5": ["28", "com.barilab.handmirror.Act_Settings"]}, {"eba27dbb39876823fdc80e1c93b02cc5": ["28", "com.barilab.handmirror.Act_Settings"]}, {"eba27dbb39876823fdc80e1c93b02cc5": ["28", "com.barilab.handmirror.Act_Settings"]}, {"eba27dbb39876823fdc80e1c93b02cc5": ["28", "com.barilab.handmirror.Act_Settings"]}, {"eba27dbb39876823fdc80e1c93b02cc5": ["28", "com.barilab.handmirror.Act_Settings"]}, {"eba27dbb39876823fdc80e1c93b02cc5": ["28", "com.barilab.handmirror.Act_Settings"]}, {"eba27dbb39876823fdc80e1c93b02cc5": ["28", "com.barilab.handmirror.Act_Settings"]}, {"eba27dbb39876823fdc80e1c93b02cc5": ["28", "com.barilab.handmirror.Act_Settings"]}, {"eba27dbb39876823fdc80e1c93b02cc5": ["28", "com.barilab.handmirror.Act_Settings"]}, {"eba27dbb39876823fdc80e1c93b02cc5": ["28", "com.barilab.handmirror.Act_Settings"]}, {"eba27dbb39876823fdc80e1c93b02cc5": ["28", "com.barilab.handmirror.Act_Settings"]}, {"eba27dbb39876823fdc80e1c93b02cc5": ["28", "com.barilab.handmirror.Act_Settings"]}, {"eba27dbb39876823fdc80e1c93b02cc5": ["28", "com.barilab.handmirror.Act_Settings"]}, {"eba27dbb39876823fdc80e1c93b02cc5": ["28", "com.barilab.handmirror.Act_Settings"]}, {"eba27dbb39876823fdc80e1c93b02cc5": ["28", "com.barilab.handmirror.Act_Settings"]}, {"eba27dbb39876823fdc80e1c93b02cc5": ["28", "com.barilab.handmirror.Act_Settings"]}, {"eba27dbb39876823fdc80e1c93b02cc5": ["28", "com.barilab.handmirror.Act_Settings"]}, {"eba27dbb39876823fdc80e1c93b02cc5": ["28", "com.barilab.handmirror.Act_Settings"]}, {"eba27dbb39876823fdc80e1c93b02cc5": ["28", "com.barilab.handmirror.Act_Settings"]}, {"eba27dbb39876823fdc80e1c93b02cc5": ["28", "com.barilab.handmirror.Act_Settings"]}, {"eba27dbb39876823fdc80e1c93b02cc5": ["28", "com.barilab.handmirror.Act_Settings"]}, {"eba27dbb39876823fdc80e1c93b02cc5": ["28", "com.barilab.handmirror.Act_Settings"]}, {"eba27dbb39876823fdc80e1c93b02cc5": ["28", "com.barilab.handmirror.Act_Settings"]}, {"eba27dbb39876823fdc80e1c93b02cc5": ["28", "com.barilab.handmirror.Act_Settings"]}, {"eba27dbb39876823fdc80e1c93b02cc5": ["28", "com.barilab.handmirror.Act_Settings"]}, {"eba27dbb39876823fdc80e1c93b02cc5": ["28", "com.barilab.handmirror.Act_Settings"]}, {"eba27dbb39876823fdc80e1c93b02cc5": ["28", "com.barilab.handmirror.Act_Settings"]}, {"eba27dbb39876823fdc80e1c93b02cc5": ["28", "com.barilab.handmirror.Act_Settings"]}, {"eba27dbb39876823fdc80e1c93b02cc5": ["28", "com.barilab.handmirror.Act_Settings"]}, {"eba27dbb39876823fdc80e1c93b02cc5": ["28", "com.barilab.handmirror.Act_Settings"]}, {"eba27dbb39876823fdc80e1c93b02cc5": ["28", "com.barilab.handmirror.Act_Settings"]}, {"eba27dbb39876823fdc80e1c93b02cc5": ["28", "com.barilab.handmirror.Act_Settings"]}, {"eba27dbb39876823fdc80e1c93b02cc5": ["28", "com.barilab.handmirror.Act_Settings"]}, {"eba27dbb39876823fdc80e1c93b02cc5": ["28", "com.barilab.handmirror.Act_Settings"]}, {"eba27dbb39876823fdc80e1c93b02cc5": ["28", "com.barilab.handmirror.Act_Settings"]}, {"eba27dbb39876823fdc80e1c93b02cc5": ["28", "com.barilab.handmirror.Act_Settings"]}, {"eba27dbb39876823fdc80e1c93b02cc5": ["28", "com.barilab.handmirror.Act_Settings"]}, {"eba27dbb39876823fdc80e1c93b02cc5": ["28", "com.barilab.handmirror.Act_Settings"]}, {"eba27dbb39876823fdc80e1c93b02cc5": ["28", "com.barilab.handmirror.Act_Settings"]}, {"eba27dbb39876823fdc80e1c93b02cc5": ["28", "com.barilab.handmirror.Act_Settings"]}, {"eba27dbb39876823fdc80e1c93b02cc5": ["28", "com.barilab.handmirror.Act_Settings"]}, {"eba27dbb39876823fdc80e1c93b02cc5": ["28", "com.barilab.handmirror.Act_Settings"]}, {"eba27dbb39876823fdc80e1c93b02cc5": ["28", "com.barilab.handmirror.Act_Settings"]}, {"eba27dbb39876823fdc80e1c93b02cc5": ["28", "com.barilab.handmirror.Act_Settings"]}, {"eba27dbb39876823fdc80e1c93b02cc5": ["28", "com.barilab.handmirror.Act_Settings"]}, {"eba27dbb39876823fdc80e1c93b02cc5": ["28", "com.barilab.handmirror.Act_Settings"]}, {"eba27dbb39876823fdc80e1c93b02cc5": ["28", "com.barilab.handmirror.Act_Settings"]}, {"eba27dbb39876823fdc80e1c93b02cc5": ["28", "com.barilab.handmirror.Act_Settings"]}, {"eba27dbb39876823fdc80e1c93b02cc5": ["28", "com.barilab.handmirror.Act_Settings"]}, {"eba27dbb39876823fdc80e1c93b02cc5": ["28", "com.barilab.handmirror.Act_Settings"]}, {"eba27dbb39876823fdc80e1c93b02cc5": ["28", "com.barilab.handmirror.Act_Settings"]}, {"eba27dbb39876823fdc80e1c93b02cc5": ["28", "com.barilab.handmirror.Act_Settings"]}, {"eba27dbb39876823fdc80e1c93b02cc5": ["28", "com.barilab.handmirror.Act_Settings"]}, {"eba27dbb39876823fdc80e1c93b02cc5": ["28", "com.barilab.handmirror.Act_Settings"]}, {"eba27dbb39876823fdc80e1c93b02cc5": ["28", "com.barilab.handmirror.Act_Settings"]}, {"eba27dbb39876823fdc80e1c93b02cc5": ["28", "com.barilab.handmirror.Act_Settings"]}, {"eba27dbb39876823fdc80e1c93b02cc5": ["28", "com.barilab.handmirror.Act_Settings"]}, {"eba27dbb39876823fdc80e1c93b02cc5": ["28", "com.barilab.handmirror.Act_Settings"]}, {"eba27dbb39876823fdc80e1c93b02cc5": ["28", "com.barilab.handmirror.Act_Settings"]}, {"eba27dbb39876823fdc80e1c93b02cc5": ["28", "com.barilab.handmirror.Act_Settings"]}, {"eba27dbb39876823fdc80e1c93b02cc5": ["28", "com.barilab.handmirror.Act_Settings"]}, {"eba27dbb39876823fdc80e1c93b02cc5": ["28", "com.barilab.handmirror.Act_Settings"]}, {"eba27dbb39876823fdc80e1c93b02cc5": ["28", "com.barilab.handmirror.Act_Settings"]}, {"eba27dbb39876823fdc80e1c93b02cc5": ["28", "com.barilab.handmirror.Act_Settings"]}, {"eba27dbb39876823fdc80e1c93b02cc5": ["28", "com.barilab.handmirror.Act_Settings"]}, {"eba27dbb39876823fdc80e1c93b02cc5": ["28", "com.barilab.handmirror.Act_Settings"]}, {"eba27dbb39876823fdc80e1c93b02cc5": ["28", "com.barilab.handmirror.Act_Settings"]}, {"eba27dbb39876823fdc80e1c93b02cc5": ["28", "com.barilab.handmirror.Act_Settings"]}, {"eba27dbb39876823fdc80e1c93b02cc5": ["28", "com.barilab.handmirror.Act_Settings"]}, {"eba27dbb39876823fdc80e1c93b02cc5": ["28", "com.barilab.handmirror.Act_Settings"]}, {"eba27dbb39876823fdc80e1c93b02cc5": ["28", "com.barilab.handmirror.Act_Settings"]}, {"eba27dbb39876823fdc80e1c93b02cc5": ["28", "com.barilab.handmirror.Act_Settings"]}, {"eba27dbb39876823fdc80e1c93b02cc5": ["28", "com.barilab.handmirror.Act_Settings"]}, {"eba27dbb39876823fdc80e1c93b02cc5": ["28", "com.barilab.handmirror.Act_Settings"]}, {"eba27dbb39876823fdc80e1c93b02cc5": ["28", "com.barilab.handmirror.Act_Settings"]}, {"eba27dbb39876823fdc80e1c93b02cc5": ["28", "com.barilab.handmirror.Act_Settings"]}, {"eba27dbb39876823fdc80e1c93b02cc5": ["28", "com.barilab.handmirror.Act_Settings"]}, {"eba27dbb39876823fdc80e1c93b02cc5": ["28", "com.barilab.handmirror.Act_Settings"]}, {"eba27dbb39876823fdc80e1c93b02cc5": ["28", "com.barilab.handmirror.Act_Settings"]}, {"eba27dbb39876823fdc80e1c93b02cc5": ["28", "com.barilab.handmirror.Act_Settings"]}, {"eba27dbb39876823fdc80e1c93b02cc5": ["28", "com.barilab.handmirror.Act_Settings"]}, {"eba27dbb39876823fdc80e1c93b02cc5": ["28", "com.barilab.handmirror.Act_Settings"]}, {"eba27dbb39876823fdc80e1c93b02cc5": ["28", "com.barilab.handmirror.Act_Settings"]}, {"eba27dbb39876823fdc80e1c93b02cc5": ["28", "com.barilab.handmirror.Act_Settings"]}, {"eba27dbb39876823fdc80e1c93b02cc5": ["28", "com.barilab.handmirror.Act_Settings"]}, {"eba27dbb39876823fdc80e1c93b02cc5": ["28", "com.barilab.handmirror.Act_Settings"]}, {"eba27dbb39876823fdc80e1c93b02cc5": ["28", "com.barilab.handmirror.Act_Settings"]}, {"eba27dbb39876823fdc80e1c93b02cc5": ["28", "com.barilab.handmirror.Act_Settings"]}, {"eba27dbb39876823fdc80e1c93b02cc5": ["28", "com.barilab.handmirror.Act_Settings"]}, {"eba27dbb39876823fdc80e1c93b02cc5": ["28", "com.barilab.handmirror.Act_Settings"]}, {"eba27dbb39876823fdc80e1c93b02cc5": ["28", "com.barilab.handmirror.Act_Settings"]}, {"eba27dbb39876823fdc80e1c93b02cc5": ["28", "com.barilab.handmirror.Act_Settings"]}, {"eba27dbb39876823fdc80e1c93b02cc5": ["28", "com.barilab.handmirror.Act_Settings"]}, {"eba27dbb39876823fdc80e1c93b02cc5": ["28", "com.barilab.handmirror.Act_Settings"]}, {"eba27dbb39876823fdc80e1c93b02cc5": ["28", "com.barilab.handmirror.Act_Settings"]}, {"eba27dbb39876823fdc80e1c93b02cc5": ["28", "com.barilab.handmirror.Act_Settings"]}, {"eba27dbb39876823fdc80e1c93b02cc5": ["28", "com.barilab.handmirror.Act_Settings"]}, {"eba27dbb39876823fdc80e1c93b02cc5": ["28", "com.barilab.handmirror.Act_Settings"]}, {"eba27dbb39876823fdc80e1c93b02cc5": ["28", "com.barilab.handmirror.Act_Settings"]}, {"eba27dbb39876823fdc80e1c93b02cc5": ["28", "com.barilab.handmirror.Act_Settings"]}, {"eba27dbb39876823fdc80e1c93b02cc5": ["28", "com.barilab.handmirror.Act_Settings"]}, {"eba27dbb39876823fdc80e1c93b02cc5": ["28", "com.barilab.handmirror.Act_Settings"]}, {"eba27dbb39876823fdc80e1c93b02cc5": ["28", "com.barilab.handmirror.Act_Settings"]}, {"eba27dbb39876823fdc80e1c93b02cc5": ["28", "com.barilab.handmirror.Act_Settings"]}, {"eba27dbb39876823fdc80e1c93b02cc5": ["28", "com.barilab.handmirror.Act_Settings"]}, {"eba27dbb39876823fdc80e1c93b02cc5": ["28", "com.barilab.handmirror.Act_Settings"]}, {"eba27dbb39876823fdc80e1c93b02cc5": ["28", "com.barilab.handmirror.Act_Settings"]}, {"eba27dbb39876823fdc80e1c93b02cc5": ["28", "com.barilab.handmirror.Act_Settings"]}, {"eba27dbb39876823fdc80e1c93b02cc5": ["28", "com.barilab.handmirror.Act_Settings"]}, {"eba27dbb39876823fdc80e1c93b02cc5": ["28", "com.barilab.handmirror.Act_Settings"]}, {"eba27dbb39876823fdc80e1c93b02cc5": ["28", "com.barilab.handmirror.Act_Settings"]}, {"eba27dbb39876823fdc80e1c93b02cc5": ["28", "com.barilab.handmirror.Act_Settings"]}, {"eba27dbb39876823fdc80e1c93b02cc5": ["28", "com.barilab.handmirror.Act_Settings"]}, {"eba27dbb39876823fdc80e1c93b02cc5": ["28", "com.barilab.handmirror.Act_Settings"]}, {"eba27dbb39876823fdc80e1c93b02cc5": ["28", "com.barilab.handmirror.Act_Settings"]}, {"eba27dbb39876823fdc80e1c93b02cc5": ["28", "com.barilab.handmirror.Act_Settings"]}, {"eba27dbb39876823fdc80e1c93b02cc5": ["28", "com.barilab.handmirror.Act_Settings"]}, {"eba27dbb39876823fdc80e1c93b02cc5": ["28", "com.barilab.handmirror.Act_Settings"]}, {"eba27dbb39876823fdc80e1c93b02cc5": ["28", "com.barilab.handmirror.Act_Settings"]}, {"eba27dbb39876823fdc80e1c93b02cc5": ["28", "com.barilab.handmirror.Act_Settings"]}, {"eba27dbb39876823fdc80e1c93b02cc5": ["28", "com.barilab.handmirror.Act_Settings"]}, {"eba27dbb39876823fdc80e1c93b02cc5": ["28", "com.barilab.handmirror.Act_Settings"]}, {"eba27dbb39876823fdc80e1c93b02cc5": ["28", "com.barilab.handmirror.Act_Settings"]}, {"eba27dbb39876823fdc80e1c93b02cc5": ["28", "com.barilab.handmirror.Act_Settings"]}, {"eba27dbb39876823fdc80e1c93b02cc5": ["28", "com.barilab.handmirror.Act_Settings"]}, {"eba27dbb39876823fdc80e1c93b02cc5": ["28", "com.barilab.handmirror.Act_Settings"]}, {"eba27dbb39876823fdc80e1c93b02cc5": ["28", "com.barilab.handmirror.Act_Settings"]}, {"eba27dbb39876823fdc80e1c93b02cc5": ["28", "com.barilab.handmirror.Act_Settings"]}, {"eba27dbb39876823fdc80e1c93b02cc5": ["28", "com.barilab.handmirror.Act_Settings"]}, {"eba27dbb39876823fdc80e1c93b02cc5": ["28", "com.barilab.handmirror.Act_Settings"]}, {"eba27dbb39876823fdc80e1c93b02cc5": ["28", "com.barilab.handmirror.Act_Settings"]}, {"eba27dbb39876823fdc80e1c93b02cc5": ["28", "com.barilab.handmirror.Act_Settings"]}, {"eba27dbb39876823fdc80e1c93b02cc5": ["28", "com.barilab.handmirror.Act_Settings"]}, {"eba27dbb39876823fdc80e1c93b02cc5": ["28", "com.barilab.handmirror.Act_Settings"]}, {"eba27dbb39876823fdc80e1c93b02cc5": ["28", "com.barilab.handmirror.Act_Settings"]}, {"eba27dbb39876823fdc80e1c93b02cc5": ["28", "com.barilab.handmirror.Act_Settings"]}, {"eba27dbb39876823fdc80e1c93b02cc5": ["28", "com.barilab.handmirror.Act_Settings"]}, {"eba27dbb39876823fdc80e1c93b02cc5": ["28", "com.barilab.handmirror.Act_Settings"]}, {"eba27dbb39876823fdc80e1c93b02cc5": ["28", "com.barilab.handmirror.Act_Settings"]}, {"eba27dbb39876823fdc80e1c93b02cc5": ["28", "com.barilab.handmirror.Act_Settings"]}, {"eba27dbb39876823fdc80e1c93b02cc5": ["28", "com.barilab.handmirror.Act_Settings"]}, {"eba27dbb39876823fdc80e1c93b02cc5": ["28", "com.barilab.handmirror.Act_Settings"]}, {"eba27dbb39876823fdc80e1c93b02cc5": ["28", "com.barilab.handmirror.Act_Settings"]}, {"eba27dbb39876823fdc80e1c93b02cc5": ["28", "com.barilab.handmirror.Act_Settings"]}, {"eba27dbb39876823fdc80e1c93b02cc5": ["28", "com.barilab.handmirror.Act_Settings"]}, {"eba27dbb39876823fdc80e1c93b02cc5": ["28", "com.barilab.handmirror.Act_Settings"]}, {"eba27dbb39876823fdc80e1c93b02cc5": ["28", "com.barilab.handmirror.Act_Settings"]}, {"eba27dbb39876823fdc80e1c93b02cc5": ["28", "com.barilab.handmirror.Act_Settings"]}, {"eba27dbb39876823fdc80e1c93b02cc5": ["28", "com.barilab.handmirror.Act_Settings"]}, {"eba27dbb39876823fdc80e1c93b02cc5": ["28", "com.barilab.handmirror.Act_Settings"]}, {"eba27dbb39876823fdc80e1c93b02cc5": ["28", "com.barilab.handmirror.Act_Settings"]}, {"eba27dbb39876823fdc80e1c93b02cc5": ["28", "com.barilab.handmirror.Act_Settings"]}, {"eba27dbb39876823fdc80e1c93b02cc5": ["28", "com.barilab.handmirror.Act_Settings"]}, {"eba27dbb39876823fdc80e1c93b02cc5": ["28", "com.barilab.handmirror.Act_Settings"]}, {"eba27dbb39876823fdc80e1c93b02cc5": ["28", "com.barilab.handmirror.Act_Settings"]}, {"eba27dbb39876823fdc80e1c93b02cc5": ["28", "com.barilab.handmirror.Act_Settings"]}, {"eba27dbb39876823fdc80e1c93b02cc5": ["28", "com.barilab.handmirror.Act_Settings"]}, {"eba27dbb39876823fdc80e1c93b02cc5": ["28", "com.barilab.handmirror.Act_Settings"]}, {"eba27dbb39876823fdc80e1c93b02cc5": ["28", "com.barilab.handmirror.Act_Settings"]}, {"eba27dbb39876823fdc80e1c93b02cc5": ["28", "com.barilab.handmirror.Act_Settings"]}, {"eba27dbb39876823fdc80e1c93b02cc5": ["28", "com.barilab.handmirror.Act_Settings"]}, {"eba27dbb39876823fdc80e1c93b02cc5": ["28", "com.barilab.handmirror.Act_Settings"]}, {"eba27dbb39876823fdc80e1c93b02cc5": ["28", "com.barilab.handmirror.Act_Settings"]}, {"eba27dbb39876823fdc80e1c93b02cc5": ["28", "com.barilab.handmirror.Act_Settings"]}, {"eba27dbb39876823fdc80e1c93b02cc5": ["28", "com.barilab.handmirror.Act_Settings"]}, {"eba27dbb39876823fdc80e1c93b02cc5": ["28", "com.barilab.handmirror.Act_Settings"]}, {"eba27dbb39876823fdc80e1c93b02cc5": ["28", "com.barilab.handmirror.Act_Settings"]}, {"eba27dbb39876823fdc80e1c93b02cc5": ["28", "com.barilab.handmirror.Act_Settings"]}, {"eba27dbb39876823fdc80e1c93b02cc5": ["28", "com.barilab.handmirror.Act_Settings"]}, {"eba27dbb39876823fdc80e1c93b02cc5": ["28", "com.barilab.handmirror.Act_Settings"]}, {"eba27dbb39876823fdc80e1c93b02cc5": ["28", "com.barilab.handmirror.Act_Settings"]}, {"eba27dbb39876823fdc80e1c93b02cc5": ["28", "com.barilab.handmirror.Act_Settings"]}, {"eba27dbb39876823fdc80e1c93b02cc5": ["28", "com.barilab.handmirror.Act_Settings"]}, {"eba27dbb39876823fdc80e1c93b02cc5": ["28", "com.barilab.handmirror.Act_Settings"]}, {"eba27dbb39876823fdc80e1c93b02cc5": ["28", "com.barilab.handmirror.Act_Settings"]}, {"eba27dbb39876823fdc80e1c93b02cc5": ["28", "com.barilab.handmirror.Act_Settings"]}, {"eba27dbb39876823fdc80e1c93b02cc5": ["28", "com.barilab.handmirror.Act_Settings"]}, {"eba27dbb39876823fdc80e1c93b02cc5": ["28", "com.barilab.handmirror.Act_Settings"]}, {"eba27dbb39876823fdc80e1c93b02cc5": ["28", "com.barilab.handmirror.Act_Settings"]}, {"eba27dbb39876823fdc80e1c93b02cc5": ["28", "com.barilab.handmirror.Act_Settings"]}, {"eba27dbb39876823fdc80e1c93b02cc5": ["28", "com.barilab.handmirror.Act_Settings"]}, {"eba27dbb39876823fdc80e1c93b02cc5": ["28", "com.barilab.handmirror.Act_Settings"]}, {"eba27dbb39876823fdc80e1c93b02cc5": ["28", "com.barilab.handmirror.Act_Settings"]}, {"eba27dbb39876823fdc80e1c93b02cc5": ["28", "com.barilab.handmirror.Act_Settings"]}, {"eba27dbb39876823fdc80e1c93b02cc5": ["28", "com.barilab.handmirror.Act_Settings"]}, {"eba27dbb39876823fdc80e1c93b02cc5": ["28", "com.barilab.handmirror.Act_Settings"]}, {"eba27dbb39876823fdc80e1c93b02cc5": ["28", "com.barilab.handmirror.Act_Settings"]}, {"eba27dbb39876823fdc80e1c93b02cc5": ["28", "com.barilab.handmirror.Act_Settings"]}, {"eba27dbb39876823fdc80e1c93b02cc5": ["28", "com.barilab.handmirror.Act_Settings"]}, {"eba27dbb39876823fdc80e1c93b02cc5": ["28", "com.barilab.handmirror.Act_Settings"]}, {"eba27dbb39876823fdc80e1c93b02cc5": ["28", "com.barilab.handmirror.Act_Settings"]}, {"eba27dbb39876823fdc80e1c93b02cc5": ["28", "com.barilab.handmirror.Act_Settings"]}, {"eba27dbb39876823fdc80e1c93b02cc5": ["28", "com.barilab.handmirror.Act_Settings"]}, {"eba27dbb39876823fdc80e1c93b02cc5": ["28", "com.barilab.handmirror.Act_Settings"]}, {"eba27dbb39876823fdc80e1c93b02cc5": ["28", "com.barilab.handmirror.Act_Settings"]}, {"eba27dbb39876823fdc80e1c93b02cc5": ["28", "com.barilab.handmirror.Act_Settings"]}, {"eba27dbb39876823fdc80e1c93b02cc5": ["28", "com.barilab.handmirror.Act_Settings"]}, {"eba27dbb39876823fdc80e1c93b02cc5": ["28", "com.barilab.handmirror.Act_Settings"]}, {"eba27dbb39876823fdc80e1c93b02cc5": ["28", "com.barilab.handmirror.Act_Settings"]}, {"eba27dbb39876823fdc80e1c93b02cc5": ["28", "com.barilab.handmirror.Act_Settings"]}, {"eba27dbb39876823fdc80e1c93b02cc5": ["28", "com.barilab.handmirror.Act_Settings"]}, {"eba27dbb39876823fdc80e1c93b02cc5": ["28", "com.barilab.handmirror.Act_Settings"]}, {"eba27dbb39876823fdc80e1c93b02cc5": ["28", "com.barilab.handmirror.Act_Settings"]}, {"eba27dbb39876823fdc80e1c93b02cc5": ["28", "com.barilab.handmirror.Act_Settings"]}, {"eba27dbb39876823fdc80e1c93b02cc5": ["28", "com.barilab.handmirror.Act_Settings"]}, {"eba27dbb39876823fdc80e1c93b02cc5": ["28", "com.barilab.handmirror.Act_Settings"]}, {"eba27dbb39876823fdc80e1c93b02cc5": ["28", "com.barilab.handmirror.Act_Settings"]}, {"eba27dbb39876823fdc80e1c93b02cc5": ["28", "com.barilab.handmirror.Act_Settings"]}, {"eba27dbb39876823fdc80e1c93b02cc5": ["28", "com.barilab.handmirror.Act_Settings"]}, {"eba27dbb39876823fdc80e1c93b02cc5": ["28", "com.barilab.handmirror.Act_Settings"]}, {"eba27dbb39876823fdc80e1c93b02cc5": ["28", "com.barilab.handmirror.Act_Settings"]}, {"eba27dbb39876823fdc80e1c93b02cc5": ["28", "com.barilab.handmirror.Act_Settings"]}, {"eba27dbb39876823fdc80e1c93b02cc5": ["28", "com.barilab.handmirror.Act_Settings"]}, {"eba27dbb39876823fdc80e1c93b02cc5": ["28", "com.barilab.handmirror.Act_Settings"]}, {"eba27dbb39876823fdc80e1c93b02cc5": ["28", "com.barilab.handmirror.Act_Settings"]}, {"eba27dbb39876823fdc80e1c93b02cc5": ["28", "com.barilab.handmirror.Act_Settings"]}, {"eba27dbb39876823fdc80e1c93b02cc5": ["28", "com.barilab.handmirror.Act_Settings"]}, {"eba27dbb39876823fdc80e1c93b02cc5": ["28", "com.barilab.handmirror.Act_Settings"]}, {"eba27dbb39876823fdc80e1c93b02cc5": ["28", "com.barilab.handmirror.Act_Settings"]}, {"eba27dbb39876823fdc80e1c93b02cc5": ["28", "com.barilab.handmirror.Act_Settings"]}, {"eba27dbb39876823fdc80e1c93b02cc5": ["28", "com.barilab.handmirror.Act_Settings"]}, {"eba27dbb39876823fdc80e1c93b02cc5": ["28", "com.barilab.handmirror.Act_Settings"]}, {"eba27dbb39876823fdc80e1c93b02cc5": ["28", "com.barilab.handmirror.Act_Settings"]}, {"eba27dbb39876823fdc80e1c93b02cc5": ["28", "com.barilab.handmirror.Act_Settings"]}, {"eba27dbb39876823fdc80e1c93b02cc5": ["28", "com.barilab.handmirror.Act_Settings"]}, {"eba27dbb39876823fdc80e1c93b02cc5": ["28", "com.barilab.handmirror.Act_Settings"]}, {"eba27dbb39876823fdc80e1c93b02cc5": ["28", "com.barilab.handmirror.Act_Settings"]}, {"eba27dbb39876823fdc80e1c93b02cc5": ["28", "com.barilab.handmirror.Act_Settings"]}, {"ee90df8c25db77dbfb26c6ed3ed753f8": ["4", "kr.co.smartstudy.ssiap.UnifiedStore"]}, {"eba27dbb39876823fdc80e1c93b02cc5": ["28", "com.barilab.handmirror.Act_Settings"]}, {"eba27dbb39876823fdc80e1c93b02cc5": ["28", "com.barilab.handmirror.Act_Settings"]}, {"eba27dbb39876823fdc80e1c93b02cc5": ["28", "com.barilab.handmirror.Act_Settings"]}, {"eba27dbb39876823fdc80e1c93b02cc5": ["28", "com.barilab.handmirror.Act_Settings"]}, {"eba27dbb39876823fdc80e1c93b02cc5": ["28", "com.barilab.handmirror.Act_Settings"]}, {"eba27dbb39876823fdc80e1c93b02cc5": ["28", "com.barilab.handmirror.Act_Settings"]}, {"eba27dbb39876823fdc80e1c93b02cc5": ["28", "com.barilab.handmirror.Act_Settings"]}, {"eba27dbb39876823fdc80e1c93b02cc5": ["28", "com.barilab.handmirror.Act_Settings"]}, {"eba27dbb39876823fdc80e1c93b02cc5": ["28", "com.barilab.handmirror.Act_Settings"]}, {"eba27dbb39876823fdc80e1c93b02cc5": ["28", "com.barilab.handmirror.Act_Settings"]}, {"eba27dbb39876823fdc80e1c93b02cc5": ["28", "com.barilab.handmirror.Act_Settings"]}, {"eba27dbb39876823fdc80e1c93b02cc5": ["28", "com.barilab.handmirror.Act_Settings"]}, {"eba27dbb39876823fdc80e1c93b02cc5": ["28", "com.barilab.handmirror.Act_Settings"]}, {"eba27dbb39876823fdc80e1c93b02cc5": ["28", "com.barilab.handmirror.Act_Settings"]}, {"eba27dbb39876823fdc80e1c93b02cc5": ["28", "com.barilab.handmirror.Act_Settings"]}, {"ee90df8c25db77dbfb26c6ed3ed753f8": ["4", "kr.co.smartstudy.ssiap.UnifiedStore"]}, {"eba27dbb39876823fdc80e1c93b02cc5": ["28", "com.barilab.handmirror.Act_Settings"]}, {"eba27dbb39876823fdc80e1c93b02cc5": ["28", "com.barilab.handmirror.Act_Settings"]}, {"eba27dbb39876823fdc80e1c93b02cc5": ["28", "com.barilab.handmirror.Act_Settings"]}, {"eba27dbb39876823fdc80e1c93b02cc5": ["28", "com.barilab.handmirror.Act_Settings"]}, {"eba27dbb39876823fdc80e1c93b02cc5": ["28", "com.barilab.handmirror.Act_Settings"]}, {"eba27dbb39876823fdc80e1c93b02cc5": ["28", "com.barilab.handmirror.Act_Settings"]}, {"e21dac4423a2cc1b784633063047010f": ["1", "com.barilab.handmirror.Act_Settings"]}, {"e21dac4423a2cc1b784633063047010f": ["1", "com.barilab.handmirror.Act_Settings"]}, {"eba27dbb39876823fdc80e1c93b02cc5": ["28", "com.barilab.handmirror.Act_Settings"]}, {"eba27dbb39876823fdc80e1c93b02cc5": ["28", "com.barilab.handmirror.Act_Settings"]}, {"eba27dbb39876823fdc80e1c93b02cc5": ["28", "com.barilab.handmirror.Act_Settings"]}, {"eba27dbb39876823fdc80e1c93b02cc5": ["28", "com.barilab.handmirror.Act_Settings"]}, {"eba27dbb39876823fdc80e1c93b02cc5": ["28", "com.barilab.handmirror.Act_Settings"]}, {"eba27dbb39876823fdc80e1c93b02cc5": ["28", "com.barilab.handmirror.Act_Settings"]}, {"eba27dbb39876823fdc80e1c93b02cc5": ["28", "com.barilab.handmirror.Act_Settings"]}, {"eba27dbb39876823fdc80e1c93b02cc5": ["28", "com.barilab.handmirror.Act_Settings"]}, {"eba27dbb39876823fdc80e1c93b02cc5": ["28", "com.barilab.handmirror.Act_Settings"]}, {"eba27dbb39876823fdc80e1c93b02cc5": ["28", "com.barilab.handmirror.Act_Settings"]}, {"eba27dbb39876823fdc80e1c93b02cc5": ["28", "com.barilab.handmirror.Act_Settings"]}, {"eba27dbb39876823fdc80e1c93b02cc5": ["28", "com.barilab.handmirror.Act_Settings"]}, {"eba27dbb39876823fdc80e1c93b02cc5": ["28", "com.barilab.handmirror.Act_Settings"]}, {"eba27dbb39876823fdc80e1c93b02cc5": ["28", "com.barilab.handmirror.Act_Settings"]}, {"eba27dbb39876823fdc80e1c93b02cc5": ["28", "com.barilab.handmirror.Act_Settings"]}, {"eba27dbb39876823fdc80e1c93b02cc5": ["28", "com.barilab.handmirror.Act_Settings"]}, {"eba27dbb39876823fdc80e1c93b02cc5": ["28", "com.barilab.handmirror.Act_Settings"]}, {"eba27dbb39876823fdc80e1c93b02cc5": ["28", "com.barilab.handmirror.Act_Settings"]}, {"eba27dbb39876823fdc80e1c93b02cc5": ["28", "com.barilab.handmirror.Act_Settings"]}, {"eba27dbb39876823fdc80e1c93b02cc5": ["28", "com.barilab.handmirror.Act_Settings"]}, {"eba27dbb39876823fdc80e1c93b02cc5": ["28", "com.barilab.handmirror.Act_Settings"]}, {"eba27dbb39876823fdc80e1c93b02cc5": ["28", "com.barilab.handmirror.Act_Settings"]}, {"eba27dbb39876823fdc80e1c93b02cc5": ["28", "com.barilab.handmirror.Act_Settings"]}, {"eba27dbb39876823fdc80e1c93b02cc5": ["28", "com.barilab.handmirror.Act_Settings"]}, {"eba27dbb39876823fdc80e1c93b02cc5": ["28", "com.barilab.handmirror.Act_Settings"]}, {"eba27dbb39876823fdc80e1c93b02cc5": ["28", "com.barilab.handmirror.Act_Settings"]}, {"eba27dbb39876823fdc80e1c93b02cc5": ["28", "com.barilab.handmirror.Act_Settings"]}, {"eba27dbb39876823fdc80e1c93b02cc5": ["28", "com.barilab.handmirror.Act_Settings"]}, {"eba27dbb39876823fdc80e1c93b02cc5": ["28", "com.barilab.handmirror.Act_Settings"]}, {"eba27dbb39876823fdc80e1c93b02cc5": ["28", "com.barilab.handmirror.Act_Settings"]}, {"eba27dbb39876823fdc80e1c93b02cc5": ["28", "com.barilab.handmirror.Act_Settings"]}, {"eba27dbb39876823fdc80e1c93b02cc5": ["28", "com.barilab.handmirror.Act_Settings"]}, {"eba27dbb39876823fdc80e1c93b02cc5": ["28", "com.barilab.handmirror.Act_Settings"]}, {"eba27dbb39876823fdc80e1c93b02cc5": ["28", "com.barilab.handmirror.Act_Settings"]}, {"eba27dbb39876823fdc80e1c93b02cc5": ["28", "com.barilab.handmirror.Act_Settings"]}, {"eba27dbb39876823fdc80e1c93b02cc5": ["28", "com.barilab.handmirror.Act_Settings"]}, {"1284ec14b666c1d6665e79f113a710cf": ["0", "com.barilab.handmirror.Act_Main"]}, {"e21dac4423a2cc1b784633063047010f": ["1", "com.barilab.handmirror.Act_Settings"]}, {"c34ee9741e0fe151e1b2f4bb6ff61f3c": ["2", "com.barilab.handmirror.Act_Settings"]}, {"eba27dbb39876823fdc80e1c93b02cc5": ["28", "com.barilab.handmirror.Act_Settings"]}, {"eba27dbb39876823fdc80e1c93b02cc5": ["28", "com.barilab.handmirror.Act_Settings"]}, {"eba27dbb39876823fdc80e1c93b02cc5": ["28", "com.barilab.handmirror.Act_Settings"]}, {"eba27dbb39876823fdc80e1c93b02cc5": ["28", "com.barilab.handmirror.Act_Settings"]}, {"eba27dbb39876823fdc80e1c93b02cc5": ["28", "com.barilab.handmirror.Act_Settings"]}, {"eba27dbb39876823fdc80e1c93b02cc5": ["28", "com.barilab.handmirror.Act_Settings"]}, {"eba27dbb39876823fdc80e1c93b02cc5": ["28", "com.barilab.handmirror.Act_Settings"]}, {"eba27dbb39876823fdc80e1c93b02cc5": ["28", "com.barilab.handmirror.Act_Settings"]}, {"eba27dbb39876823fdc80e1c93b02cc5": ["28", "com.barilab.handmirror.Act_Settings"]}, {"eba27dbb39876823fdc80e1c93b02cc5": ["28", "com.barilab.handmirror.Act_Settings"]}, {"eba27dbb39876823fdc80e1c93b02cc5": ["28", "com.barilab.handmirror.Act_Settings"]}, {"eba27dbb39876823fdc80e1c93b02cc5": ["28", "com.barilab.handmirror.Act_Settings"]}, {"eba27dbb39876823fdc80e1c93b02cc5": ["28", "com.barilab.handmirror.Act_Settings"]}, {"eba27dbb39876823fdc80e1c93b02cc5": ["28", "com.barilab.handmirror.Act_Settings"]}, {"eba27dbb39876823fdc80e1c93b02cc5": ["28", "com.barilab.handmirror.Act_Settings"]}, {"eba27dbb39876823fdc80e1c93b02cc5": ["28", "com.barilab.handmirror.Act_Settings"]}, {"eba27dbb39876823fdc80e1c93b02cc5": ["28", "com.barilab.handmirror.Act_Settings"]}, {"eba27dbb39876823fdc80e1c93b02cc5": ["28", "com.barilab.handmirror.Act_Settings"]}, {"eba27dbb39876823fdc80e1c93b02cc5": ["28", "com.barilab.handmirror.Act_Settings"]}, {"eba27dbb39876823fdc80e1c93b02cc5": ["28", "com.barilab.handmirror.Act_Settings"]}, {"eba27dbb39876823fdc80e1c93b02cc5": ["28", "com.barilab.handmirror.Act_Settings"]}, {"eba27dbb39876823fdc80e1c93b02cc5": ["28", "com.barilab.handmirror.Act_Settings"]}, {"eba27dbb39876823fdc80e1c93b02cc5": ["28", "com.barilab.handmirror.Act_Settings"]}, {"eba27dbb39876823fdc80e1c93b02cc5": ["28", "com.barilab.handmirror.Act_Settings"]}, {"eba27dbb39876823fdc80e1c93b02cc5": ["28", "com.barilab.handmirror.Act_Settings"]}, {"e79d40002dec442f962a2c8b25527265": ["29", "com.barilab.handmirror.Act_Main"]}, {"e79d40002dec442f962a2c8b25527265": ["29", "com.barilab.handmirror.Act_Main"]}, {"1284ec14b666c1d6665e79f113a710cf": ["0", "com.barilab.handmirror.Act_Main"]}, {"e21dac4423a2cc1b784633063047010f": ["1", "com.barilab.handmirror.Act_Settings"]}, {"d021044c187781ea062a05fc8e681134": ["6", "com.barilab.handmirror.Act_Settings"]}, {"e21dac4423a2cc1b784633063047010f": ["1", "com.barilab.handmirror.Act_Settings"]}, {"e21dac4423a2cc1b784633063047010f": ["1", "com.barilab.handmirror.Act_Settings"]}, {"e21dac4423a2cc1b784633063047010f": ["1", "com.barilab.handmirror.Act_Settings"]}, {"e21dac4423a2cc1b784633063047010f": ["1", "com.barilab.handmirror.Act_Settings"]}, {"e21dac4423a2cc1b784633063047010f": ["1", "com.barilab.handmirror.Act_Settings"]}, {"eba27dbb39876823fdc80e1c93b02cc5": ["28", "com.barilab.handmirror.Act_Settings"]}, {"eba27dbb39876823fdc80e1c93b02cc5": ["28", "com.barilab.handmirror.Act_Settings"]}, {"eba27dbb39876823fdc80e1c93b02cc5": ["28", "com.barilab.handmirror.Act_Settings"]}, {"eba27dbb39876823fdc80e1c93b02cc5": ["28", "com.barilab.handmirror.Act_Settings"]}, {"eba27dbb39876823fdc80e1c93b02cc5": ["28", "com.barilab.handmirror.Act_Settings"]}, {"eba27dbb39876823fdc80e1c93b02cc5": ["28", "com.barilab.handmirror.Act_Settings"]}, {"eba27dbb39876823fdc80e1c93b02cc5": ["28", "com.barilab.handmirror.Act_Settings"]}, {"eba27dbb39876823fdc80e1c93b02cc5": ["28", "com.barilab.handmirror.Act_Settings"]}, {"eba27dbb39876823fdc80e1c93b02cc5": ["28", "com.barilab.handmirror.Act_Settings"]}, {"eba27dbb39876823fdc80e1c93b02cc5": ["28", "com.barilab.handmirror.Act_Settings"]}, {"1284ec14b666c1d6665e79f113a710cf": ["0", "com.barilab.handmirror.Act_Main"]}, {"e21dac4423a2cc1b784633063047010f": ["1", "com.barilab.handmirror.Act_Settings"]}, {"ee90df8c25db77dbfb26c6ed3ed753f8": ["4", "kr.co.smartstudy.ssiap.UnifiedStore"]}, {"1284ec14b666c1d6665e79f113a710cf": ["0", "com.barilab.handmirror.Act_Main"]}, {"e21dac4423a2cc1b784633063047010f": ["1", "com.barilab.handmirror.Act_Settings"]}, {"ee90df8c25db77dbfb26c6ed3ed753f8": ["4", "kr.co.smartstudy.ssiap.UnifiedStore"]}, {"eba27dbb39876823fdc80e1c93b02cc5": ["28", "com.barilab.handmirror.Act_Settings"]}, {"eba27dbb39876823fdc80e1c93b02cc5": ["28", "com.barilab.handmirror.Act_Settings"]}, {"eba27dbb39876823fdc80e1c93b02cc5": ["28", "com.barilab.handmirror.Act_Settings"]}, {"eba27dbb39876823fdc80e1c93b02cc5": ["28", "com.barilab.handmirror.Act_Settings"]}, {"eba27dbb39876823fdc80e1c93b02cc5": ["28", "com.barilab.handmirror.Act_Settings"]}, {"eba27dbb39876823fdc80e1c93b02cc5": ["28", "com.barilab.handmirror.Act_Settings"]}, {"eba27dbb39876823fdc80e1c93b02cc5": ["28", "com.barilab.handmirror.Act_Settings"]}, {"eba27dbb39876823fdc80e1c93b02cc5": ["28", "com.barilab.handmirror.Act_Settings"]}, {"eba27dbb39876823fdc80e1c93b02cc5": ["28", "com.barilab.handmirror.Act_Settings"]}, {"eba27dbb39876823fdc80e1c93b02cc5": ["28", "com.barilab.handmirror.Act_Settings"]}, {"eba27dbb39876823fdc80e1c93b02cc5": ["28", "com.barilab.handmirror.Act_Settings"]}, {"eba27dbb39876823fdc80e1c93b02cc5": ["28", "com.barilab.handmirror.Act_Settings"]}, {"eba27dbb39876823fdc80e1c93b02cc5": ["28", "com.barilab.handmirror.Act_Settings"]}, {"eba27dbb39876823fdc80e1c93b02cc5": ["28", "com.barilab.handmirror.Act_Settings"]}, {"eba27dbb39876823fdc80e1c93b02cc5": ["28", "com.barilab.handmirror.Act_Settings"]}, {"eba27dbb39876823fdc80e1c93b02cc5": ["28", "com.barilab.handmirror.Act_Settings"]}, {"eba27dbb39876823fdc80e1c93b02cc5": ["28", "com.barilab.handmirror.Act_Settings"]}, {"eba27dbb39876823fdc80e1c93b02cc5": ["28", "com.barilab.handmirror.Act_Settings"]}, {"eba27dbb39876823fdc80e1c93b02cc5": ["28", "com.barilab.handmirror.Act_Settings"]}, {"eba27dbb39876823fdc80e1c93b02cc5": ["28", "com.barilab.handmirror.Act_Settings"]}, {"eba27dbb39876823fdc80e1c93b02cc5": ["28", "com.barilab.handmirror.Act_Settings"]}, {"eba27dbb39876823fdc80e1c93b02cc5": ["28", "com.barilab.handmirror.Act_Settings"]}, {"eba27dbb39876823fdc80e1c93b02cc5": ["28", "com.barilab.handmirror.Act_Settings"]}, {"eba27dbb39876823fdc80e1c93b02cc5": ["28", "com.barilab.handmirror.Act_Settings"]}, {"eba27dbb39876823fdc80e1c93b02cc5": ["28", "com.barilab.handmirror.Act_Settings"]}, {"eba27dbb39876823fdc80e1c93b02cc5": ["28", "com.barilab.handmirror.Act_Settings"]}, {"eba27dbb39876823fdc80e1c93b02cc5": ["28", "com.barilab.handmirror.Act_Settings"]}, {"eba27dbb39876823fdc80e1c93b02cc5": ["28", "com.barilab.handmirror.Act_Settings"]}, {"eba27dbb39876823fdc80e1c93b02cc5": ["28", "com.barilab.handmirror.Act_Settings"]}, {"eba27dbb39876823fdc80e1c93b02cc5": ["28", "com.barilab.handmirror.Act_Settings"]}, {"eba27dbb39876823fdc80e1c93b02cc5": ["28", "com.barilab.handmirror.Act_Settings"]}, {"eba27dbb39876823fdc80e1c93b02cc5": ["28", "com.barilab.handmirror.Act_Settings"]}, {"eba27dbb39876823fdc80e1c93b02cc5": ["28", "com.barilab.handmirror.Act_Settings"]}, {"eba27dbb39876823fdc80e1c93b02cc5": ["28", "com.barilab.handmirror.Act_Settings"]}, {"eba27dbb39876823fdc80e1c93b02cc5": ["28", "com.barilab.handmirror.Act_Settings"]}, {"eba27dbb39876823fdc80e1c93b02cc5": ["28", "com.barilab.handmirror.Act_Settings"]}, {"eba27dbb39876823fdc80e1c93b02cc5": ["28", "com.barilab.handmirror.Act_Settings"]}, {"eba27dbb39876823fdc80e1c93b02cc5": ["28", "com.barilab.handmirror.Act_Settings"]}, {"eba27dbb39876823fdc80e1c93b02cc5": ["28", "com.barilab.handmirror.Act_Settings"]}, {"eba27dbb39876823fdc80e1c93b02cc5": ["28", "com.barilab.handmirror.Act_Settings"]}, {"eba27dbb39876823fdc80e1c93b02cc5": ["28", "com.barilab.handmirror.Act_Settings"]}, {"eba27dbb39876823fdc80e1c93b02cc5": ["28", "com.barilab.handmirror.Act_Settings"]}, {"eba27dbb39876823fdc80e1c93b02cc5": ["28", "com.barilab.handmirror.Act_Settings"]}, {"eba27dbb39876823fdc80e1c93b02cc5": ["28", "com.barilab.handmirror.Act_Settings"]}, {"eba27dbb39876823fdc80e1c93b02cc5": ["28", "com.barilab.handmirror.Act_Settings"]}, {"eba27dbb39876823fdc80e1c93b02cc5": ["28", "com.barilab.handmirror.Act_Settings"]}, {"eba27dbb39876823fdc80e1c93b02cc5": ["28", "com.barilab.handmirror.Act_Settings"]}, {"eba27dbb39876823fdc80e1c93b02cc5": ["28", "com.barilab.handmirror.Act_Settings"]}, {"eba27dbb39876823fdc80e1c93b02cc5": ["28", "com.barilab.handmirror.Act_Settings"]}, {"eba27dbb39876823fdc80e1c93b02cc5": ["28", "com.barilab.handmirror.Act_Settings"]}, {"eba27dbb39876823fdc80e1c93b02cc5": ["28", "com.barilab.handmirror.Act_Settings"]}, {"eba27dbb39876823fdc80e1c93b02cc5": ["28", "com.barilab.handmirror.Act_Settings"]}, {"eba27dbb39876823fdc80e1c93b02cc5": ["28", "com.barilab.handmirror.Act_Settings"]}, {"eba27dbb39876823fdc80e1c93b02cc5": ["28", "com.barilab.handmirror.Act_Settings"]}, {"eba27dbb39876823fdc80e1c93b02cc5": ["28", "com.barilab.handmirror.Act_Settings"]}, {"eba27dbb39876823fdc80e1c93b02cc5": ["28", "com.barilab.handmirror.Act_Settings"]}, {"eba27dbb39876823fdc80e1c93b02cc5": ["28", "com.barilab.handmirror.Act_Settings"]}, {"eba27dbb39876823fdc80e1c93b02cc5": ["28", "com.barilab.handmirror.Act_Settings"]}, {"eba27dbb39876823fdc80e1c93b02cc5": ["28", "com.barilab.handmirror.Act_Settings"]}, {"eba27dbb39876823fdc80e1c93b02cc5": ["28", "com.barilab.handmirror.Act_Settings"]}, {"eba27dbb39876823fdc80e1c93b02cc5": ["28", "com.barilab.handmirror.Act_Settings"]}, {"eba27dbb39876823fdc80e1c93b02cc5": ["28", "com.barilab.handmirror.Act_Settings"]}, {"eba27dbb39876823fdc80e1c93b02cc5": ["28", "com.barilab.handmirror.Act_Settings"]}, {"eba27dbb39876823fdc80e1c93b02cc5": ["28", "com.barilab.handmirror.Act_Settings"]}, {"eba27dbb39876823fdc80e1c93b02cc5": ["28", "com.barilab.handmirror.Act_Settings"]}, {"eba27dbb39876823fdc80e1c93b02cc5": ["28", "com.barilab.handmirror.Act_Settings"]}, {"eba27dbb39876823fdc80e1c93b02cc5": ["28", "com.barilab.handmirror.Act_Settings"]}, {"eba27dbb39876823fdc80e1c93b02cc5": ["28", "com.barilab.handmirror.Act_Settings"]}, {"eba27dbb39876823fdc80e1c93b02cc5": ["28", "com.barilab.handmirror.Act_Settings"]}, {"eba27dbb39876823fdc80e1c93b02cc5": ["28", "com.barilab.handmirror.Act_Settings"]}, {"eba27dbb39876823fdc80e1c93b02cc5": ["28", "com.barilab.handmirror.Act_Settings"]}, {"eba27dbb39876823fdc80e1c93b02cc5": ["28", "com.barilab.handmirror.Act_Settings"]}, {"eba27dbb39876823fdc80e1c93b02cc5": ["28", "com.barilab.handmirror.Act_Settings"]}, {"eba27dbb39876823fdc80e1c93b02cc5": ["28", "com.barilab.handmirror.Act_Settings"]}, {"eba27dbb39876823fdc80e1c93b02cc5": ["28", "com.barilab.handmirror.Act_Settings"]}, {"eba27dbb39876823fdc80e1c93b02cc5": ["28", "com.barilab.handmirror.Act_Settings"]}, {"eba27dbb39876823fdc80e1c93b02cc5": ["28", "com.barilab.handmirror.Act_Settings"]}, {"eba27dbb39876823fdc80e1c93b02cc5": ["28", "com.barilab.handmirror.Act_Settings"]}, {"eba27dbb39876823fdc80e1c93b02cc5": ["28", "com.barilab.handmirror.Act_Settings"]}, {"eba27dbb39876823fdc80e1c93b02cc5": ["28", "com.barilab.handmirror.Act_Settings"]}, {"eba27dbb39876823fdc80e1c93b02cc5": ["28", "com.barilab.handmirror.Act_Settings"]}, {"eba27dbb39876823fdc80e1c93b02cc5": ["28", "com.barilab.handmirror.Act_Settings"]}, {"eba27dbb39876823fdc80e1c93b02cc5": ["28", "com.barilab.handmirror.Act_Settings"]}, {"eba27dbb39876823fdc80e1c93b02cc5": ["28", "com.barilab.handmirror.Act_Settings"]}, {"eba27dbb39876823fdc80e1c93b02cc5": ["28", "com.barilab.handmirror.Act_Settings"]}, {"eba27dbb39876823fdc80e1c93b02cc5": ["28", "com.barilab.handmirror.Act_Settings"]}, {"eba27dbb39876823fdc80e1c93b02cc5": ["28", "com.barilab.handmirror.Act_Settings"]}, {"eba27dbb39876823fdc80e1c93b02cc5": ["28", "com.barilab.handmirror.Act_Settings"]}, {"eba27dbb39876823fdc80e1c93b02cc5": ["28", "com.barilab.handmirror.Act_Settings"]}, {"eba27dbb39876823fdc80e1c93b02cc5": ["28", "com.barilab.handmirror.Act_Settings"]}, {"eba27dbb39876823fdc80e1c93b02cc5": ["28", "com.barilab.handmirror.Act_Settings"]}, {"eba27dbb39876823fdc80e1c93b02cc5": ["28", "com.barilab.handmirror.Act_Settings"]}, {"eba27dbb39876823fdc80e1c93b02cc5": ["28", "com.barilab.handmirror.Act_Settings"]}, {"eba27dbb39876823fdc80e1c93b02cc5": ["28", "com.barilab.handmirror.Act_Settings"]}, {"eba27dbb39876823fdc80e1c93b02cc5": ["28", "com.barilab.handmirror.Act_Settings"]}, {"eba27dbb39876823fdc80e1c93b02cc5": ["28", "com.barilab.handmirror.Act_Settings"]}, {"eba27dbb39876823fdc80e1c93b02cc5": ["28", "com.barilab.handmirror.Act_Settings"]}, {"eba27dbb39876823fdc80e1c93b02cc5": ["28", "com.barilab.handmirror.Act_Settings"]}, {"eba27dbb39876823fdc80e1c93b02cc5": ["28", "com.barilab.handmirror.Act_Settings"]}, {"eba27dbb39876823fdc80e1c93b02cc5": ["28", "com.barilab.handmirror.Act_Settings"]}, {"eba27dbb39876823fdc80e1c93b02cc5": ["28", "com.barilab.handmirror.Act_Settings"]}, {"eba27dbb39876823fdc80e1c93b02cc5": ["28", "com.barilab.handmirror.Act_Settings"]}, {"eba27dbb39876823fdc80e1c93b02cc5": ["28", "com.barilab.handmirror.Act_Settings"]}, {"eba27dbb39876823fdc80e1c93b02cc5": ["28", "com.barilab.handmirror.Act_Settings"]}, {"eba27dbb39876823fdc80e1c93b02cc5": ["28", "com.barilab.handmirror.Act_Settings"]}, {"eba27dbb39876823fdc80e1c93b02cc5": ["28", "com.barilab.handmirror.Act_Settings"]}, {"eba27dbb39876823fdc80e1c93b02cc5": ["28", "com.barilab.handmirror.Act_Settings"]}, {"eba27dbb39876823fdc80e1c93b02cc5": ["28", "com.barilab.handmirror.Act_Settings"]}, {"eba27dbb39876823fdc80e1c93b02cc5": ["28", "com.barilab.handmirror.Act_Settings"]}, {"eba27dbb39876823fdc80e1c93b02cc5": ["28", "com.barilab.handmirror.Act_Settings"]}, {"eba27dbb39876823fdc80e1c93b02cc5": ["28", "com.barilab.handmirror.Act_Settings"]}, {"eba27dbb39876823fdc80e1c93b02cc5": ["28", "com.barilab.handmirror.Act_Settings"]}, {"eba27dbb39876823fdc80e1c93b02cc5": ["28", "com.barilab.handmirror.Act_Settings"]}, {"eba27dbb39876823fdc80e1c93b02cc5": ["28", "com.barilab.handmirror.Act_Settings"]}, {"eba27dbb39876823fdc80e1c93b02cc5": ["28", "com.barilab.handmirror.Act_Settings"]}, {"eba27dbb39876823fdc80e1c93b02cc5": ["28", "com.barilab.handmirror.Act_Settings"]}, {"eba27dbb39876823fdc80e1c93b02cc5": ["28", "com.barilab.handmirror.Act_Settings"]}, {"eba27dbb39876823fdc80e1c93b02cc5": ["28", "com.barilab.handmirror.Act_Settings"]}, {"eba27dbb39876823fdc80e1c93b02cc5": ["28", "com.barilab.handmirror.Act_Settings"]}, {"eba27dbb39876823fdc80e1c93b02cc5": ["28", "com.barilab.handmirror.Act_Settings"]}, {"eba27dbb39876823fdc80e1c93b02cc5": ["28", "com.barilab.handmirror.Act_Settings"]}, {"eba27dbb39876823fdc80e1c93b02cc5": ["28", "com.barilab.handmirror.Act_Settings"]}, {"eba27dbb39876823fdc80e1c93b02cc5": ["28", "com.barilab.handmirror.Act_Settings"]}, {"eba27dbb39876823fdc80e1c93b02cc5": ["28", "com.barilab.handmirror.Act_Settings"]}, {"eba27dbb39876823fdc80e1c93b02cc5": ["28", "com.barilab.handmirror.Act_Settings"]}, {"eba27dbb39876823fdc80e1c93b02cc5": ["28", "com.barilab.handmirror.Act_Settings"]}, {"eba27dbb39876823fdc80e1c93b02cc5": ["28", "com.barilab.handmirror.Act_Settings"]}, {"eba27dbb39876823fdc80e1c93b02cc5": ["28", "com.barilab.handmirror.Act_Settings"]}, {"eba27dbb39876823fdc80e1c93b02cc5": ["28", "com.barilab.handmirror.Act_Settings"]}, {"eba27dbb39876823fdc80e1c93b02cc5": ["28", "com.barilab.handmirror.Act_Settings"]}, {"eba27dbb39876823fdc80e1c93b02cc5": ["28", "com.barilab.handmirror.Act_Settings"]}, {"eba27dbb39876823fdc80e1c93b02cc5": ["28", "com.barilab.handmirror.Act_Settings"]}, {"eba27dbb39876823fdc80e1c93b02cc5": ["28", "com.barilab.handmirror.Act_Settings"]}, {"eba27dbb39876823fdc80e1c93b02cc5": ["28", "com.barilab.handmirror.Act_Settings"]}, {"eba27dbb39876823fdc80e1c93b02cc5": ["28", "com.barilab.handmirror.Act_Settings"]}, {"eba27dbb39876823fdc80e1c93b02cc5": ["28", "com.barilab.handmirror.Act_Settings"]}, {"eba27dbb39876823fdc80e1c93b02cc5": ["28", "com.barilab.handmirror.Act_Settings"]}, {"eba27dbb39876823fdc80e1c93b02cc5": ["28", "com.barilab.handmirror.Act_Settings"]}, {"eba27dbb39876823fdc80e1c93b02cc5": ["28", "com.barilab.handmirror.Act_Settings"]}, {"eba27dbb39876823fdc80e1c93b02cc5": ["28", "com.barilab.handmirror.Act_Settings"]}, {"eba27dbb39876823fdc80e1c93b02cc5": ["28", "com.barilab.handmirror.Act_Settings"]}, {"eba27dbb39876823fdc80e1c93b02cc5": ["28", "com.barilab.handmirror.Act_Settings"]}, {"eba27dbb39876823fdc80e1c93b02cc5": ["28", "com.barilab.handmirror.Act_Settings"]}, {"eba27dbb39876823fdc80e1c93b02cc5": ["28", "com.barilab.handmirror.Act_Settings"]}, {"eba27dbb39876823fdc80e1c93b02cc5": ["28", "com.barilab.handmirror.Act_Settings"]}, {"eba27dbb39876823fdc80e1c93b02cc5": ["28", "com.barilab.handmirror.Act_Settings"]}, {"eba27dbb39876823fdc80e1c93b02cc5": ["28", "com.barilab.handmirror.Act_Settings"]}, {"eba27dbb39876823fdc80e1c93b02cc5": ["28", "com.barilab.handmirror.Act_Settings"]}, {"eba27dbb39876823fdc80e1c93b02cc5": ["28", "com.barilab.handmirror.Act_Settings"]}, {"eba27dbb39876823fdc80e1c93b02cc5": ["28", "com.barilab.handmirror.Act_Settings"]}, {"eba27dbb39876823fdc80e1c93b02cc5": ["28", "com.barilab.handmirror.Act_Settings"]}, {"eba27dbb39876823fdc80e1c93b02cc5": ["28", "com.barilab.handmirror.Act_Settings"]}, {"eba27dbb39876823fdc80e1c93b02cc5": ["28", "com.barilab.handmirror.Act_Settings"]}, {"eba27dbb39876823fdc80e1c93b02cc5": ["28", "com.barilab.handmirror.Act_Settings"]}, {"eba27dbb39876823fdc80e1c93b02cc5": ["28", "com.barilab.handmirror.Act_Settings"]}, {"eba27dbb39876823fdc80e1c93b02cc5": ["28", "com.barilab.handmirror.Act_Settings"]}, {"eba27dbb39876823fdc80e1c93b02cc5": ["28", "com.barilab.handmirror.Act_Settings"]}, {"eba27dbb39876823fdc80e1c93b02cc5": ["28", "com.barilab.handmirror.Act_Settings"]}, {"eba27dbb39876823fdc80e1c93b02cc5": ["28", "com.barilab.handmirror.Act_Settings"]}, {"eba27dbb39876823fdc80e1c93b02cc5": ["28", "com.barilab.handmirror.Act_Settings"]}, {"eba27dbb39876823fdc80e1c93b02cc5": ["28", "com.barilab.handmirror.Act_Settings"]}, {"eba27dbb39876823fdc80e1c93b02cc5": ["28", "com.barilab.handmirror.Act_Settings"]}, {"eba27dbb39876823fdc80e1c93b02cc5": ["28", "com.barilab.handmirror.Act_Settings"]}, {"eba27dbb39876823fdc80e1c93b02cc5": ["28", "com.barilab.handmirror.Act_Settings"]}, {"eba27dbb39876823fdc80e1c93b02cc5": ["28", "com.barilab.handmirror.Act_Settings"]}, {"eba27dbb39876823fdc80e1c93b02cc5": ["28", "com.barilab.handmirror.Act_Settings"]}, {"eba27dbb39876823fdc80e1c93b02cc5": ["28", "com.barilab.handmirror.Act_Settings"]}, {"eba27dbb39876823fdc80e1c93b02cc5": ["28", "com.barilab.handmirror.Act_Settings"]}, {"eba27dbb39876823fdc80e1c93b02cc5": ["28", "com.barilab.handmirror.Act_Settings"]}, {"eba27dbb39876823fdc80e1c93b02cc5": ["28", "com.barilab.handmirror.Act_Settings"]}, {"eba27dbb39876823fdc80e1c93b02cc5": ["28", "com.barilab.handmirror.Act_Settings"]}, {"eba27dbb39876823fdc80e1c93b02cc5": ["28", "com.barilab.handmirror.Act_Settings"]}, {"eba27dbb39876823fdc80e1c93b02cc5": ["28", "com.barilab.handmirror.Act_Settings"]}, {"eba27dbb39876823fdc80e1c93b02cc5": ["28", "com.barilab.handmirror.Act_Settings"]}, {"eba27dbb39876823fdc80e1c93b02cc5": ["28", "com.barilab.handmirror.Act_Settings"]}, {"eba27dbb39876823fdc80e1c93b02cc5": ["28", "com.barilab.handmirror.Act_Settings"]}, {"eba27dbb39876823fdc80e1c93b02cc5": ["28", "com.barilab.handmirror.Act_Settings"]}, {"eba27dbb39876823fdc80e1c93b02cc5": ["28", "com.barilab.handmirror.Act_Settings"]}, {"eba27dbb39876823fdc80e1c93b02cc5": ["28", "com.barilab.handmirror.Act_Settings"]}, {"eba27dbb39876823fdc80e1c93b02cc5": ["28", "com.barilab.handmirror.Act_Settings"]}, {"eba27dbb39876823fdc80e1c93b02cc5": ["28", "com.barilab.handmirror.Act_Settings"]}, {"eba27dbb39876823fdc80e1c93b02cc5": ["28", "com.barilab.handmirror.Act_Settings"]}, {"eba27dbb39876823fdc80e1c93b02cc5": ["28", "com.barilab.handmirror.Act_Settings"]}, {"eba27dbb39876823fdc80e1c93b02cc5": ["28", "com.barilab.handmirror.Act_Settings"]}, {"eba27dbb39876823fdc80e1c93b02cc5": ["28", "com.barilab.handmirror.Act_Settings"]}, {"eba27dbb39876823fdc80e1c93b02cc5": ["28", "com.barilab.handmirror.Act_Settings"]}, {"eba27dbb39876823fdc80e1c93b02cc5": ["28", "com.barilab.handmirror.Act_Settings"]}, {"eba27dbb39876823fdc80e1c93b02cc5": ["28", "com.barilab.handmirror.Act_Settings"]}, {"eba27dbb39876823fdc80e1c93b02cc5": ["28", "com.barilab.handmirror.Act_Settings"]}, {"e79d40002dec442f962a2c8b25527265": ["29", "com.barilab.handmirror.Act_Main"]}, {"e79d40002dec442f962a2c8b25527265": ["29", "com.barilab.handmirror.Act_Main"]}, {"1284ec14b666c1d6665e79f113a710cf": ["0", "com.barilab.handmirror.Act_Main"]}, {"e21dac4423a2cc1b784633063047010f": ["1", "com.barilab.handmirror.Act_Settings"]}, {"d021044c187781ea062a05fc8e681134": ["6", "com.barilab.handmirror.Act_Settings"]}, {"e21dac4423a2cc1b784633063047010f": ["1", "com.barilab.handmirror.Act_Settings"]}, {"e21dac4423a2cc1b784633063047010f": ["1", "com.barilab.handmirror.Act_Settings"]}, {"e21dac4423a2cc1b784633063047010f": ["1", "com.barilab.handmirror.Act_Settings"]}, {"e21dac4423a2cc1b784633063047010f": ["1", "com.barilab.handmirror.Act_Settings"]}, {"e21dac4423a2cc1b784633063047010f": ["1", "com.barilab.handmirror.Act_Settings"]}, {"eba27dbb39876823fdc80e1c93b02cc5": ["28", "com.barilab.handmirror.Act_Settings"]}, {"eba27dbb39876823fdc80e1c93b02cc5": ["28", "com.barilab.handmirror.Act_Settings"]}, {"eba27dbb39876823fdc80e1c93b02cc5": ["28", "com.barilab.handmirror.Act_Settings"]}, {"eba27dbb39876823fdc80e1c93b02cc5": ["28", "com.barilab.handmirror.Act_Settings"]}, {"eba27dbb39876823fdc80e1c93b02cc5": ["28", "com.barilab.handmirror.Act_Settings"]}, {"eba27dbb39876823fdc80e1c93b02cc5": ["28", "com.barilab.handmirror.Act_Settings"]}, {"eba27dbb39876823fdc80e1c93b02cc5": ["28", "com.barilab.handmirror.Act_Settings"]}, {"eba27dbb39876823fdc80e1c93b02cc5": ["28", "com.barilab.handmirror.Act_Settings"]}, {"eba27dbb39876823fdc80e1c93b02cc5": ["28", "com.barilab.handmirror.Act_Settings"]}, {"eba27dbb39876823fdc80e1c93b02cc5": ["28", "com.barilab.handmirror.Act_Settings"]}, {"eba27dbb39876823fdc80e1c93b02cc5": ["28", "com.barilab.handmirror.Act_Settings"]}, {"eba27dbb39876823fdc80e1c93b02cc5": ["28", "com.barilab.handmirror.Act_Settings"]}, {"eba27dbb39876823fdc80e1c93b02cc5": ["28", "com.barilab.handmirror.Act_Settings"]}, {"eba27dbb39876823fdc80e1c93b02cc5": ["28", "com.barilab.handmirror.Act_Settings"]}, {"eba27dbb39876823fdc80e1c93b02cc5": ["28", "com.barilab.handmirror.Act_Settings"]}, {"eba27dbb39876823fdc80e1c93b02cc5": ["28", "com.barilab.handmirror.Act_Settings"]}, {"eba27dbb39876823fdc80e1c93b02cc5": ["28", "com.barilab.handmirror.Act_Settings"]}, {"eba27dbb39876823fdc80e1c93b02cc5": ["28", "com.barilab.handmirror.Act_Settings"]}, {"eba27dbb39876823fdc80e1c93b02cc5": ["28", "com.barilab.handmirror.Act_Settings"]}, {"e79d40002dec442f962a2c8b25527265": ["29", "com.barilab.handmirror.Act_Main"]}, {"e79d40002dec442f962a2c8b25527265": ["29", "com.barilab.handmirror.Act_Main"]}, {"1284ec14b666c1d6665e79f113a710cf": ["0", "com.barilab.handmirror.Act_Main"]}, {"e21dac4423a2cc1b784633063047010f": ["1", "com.barilab.handmirror.Act_Settings"]}, {"d021044c187781ea062a05fc8e681134": ["6", "com.barilab.handmirror.Act_Settings"]}, {"e21dac4423a2cc1b784633063047010f": ["1", "com.barilab.handmirror.Act_Settings"]}, {"e21dac4423a2cc1b784633063047010f": ["1", "com.barilab.handmirror.Act_Settings"]}, {"e21dac4423a2cc1b784633063047010f": ["1", "com.barilab.handmirror.Act_Settings"]}, {"e21dac4423a2cc1b784633063047010f": ["1", "com.barilab.handmirror.Act_Settings"]}, {"e21dac4423a2cc1b784633063047010f": ["1", "com.barilab.handmirror.Act_Settings"]}, {"eba27dbb39876823fdc80e1c93b02cc5": ["28", "com.barilab.handmirror.Act_Settings"]}, {"eba27dbb39876823fdc80e1c93b02cc5": ["28", "com.barilab.handmirror.Act_Settings"]}, {"eba27dbb39876823fdc80e1c93b02cc5": ["28", "com.barilab.handmirror.Act_Settings"]}, {"eba27dbb39876823fdc80e1c93b02cc5": ["28", "com.barilab.handmirror.Act_Settings"]}, {"eba27dbb39876823fdc80e1c93b02cc5": ["28", "com.barilab.handmirror.Act_Settings"]}, {"eba27dbb39876823fdc80e1c93b02cc5": ["28", "com.barilab.handmirror.Act_Settings"]}, {"eba27dbb39876823fdc80e1c93b02cc5": ["28", "com.barilab.handmirror.Act_Settings"]}, {"eba27dbb39876823fdc80e1c93b02cc5": ["28", "com.barilab.handmirror.Act_Settings"]}, {"eba27dbb39876823fdc80e1c93b02cc5": ["28", "com.barilab.handmirror.Act_Settings"]}, {"eba27dbb39876823fdc80e1c93b02cc5": ["28", "com.barilab.handmirror.Act_Settings"]}, {"eba27dbb39876823fdc80e1c93b02cc5": ["28", "com.barilab.handmirror.Act_Settings"]}, {"eba27dbb39876823fdc80e1c93b02cc5": ["28", "com.barilab.handmirror.Act_Settings"]}, {"eba27dbb39876823fdc80e1c93b02cc5": ["28", "com.barilab.handmirror.Act_Settings"]}, {"eba27dbb39876823fdc80e1c93b02cc5": ["28", "com.barilab.handmirror.Act_Settings"]}, {"eba27dbb39876823fdc80e1c93b02cc5": ["28", "com.barilab.handmirror.Act_Settings"]}, {"eba27dbb39876823fdc80e1c93b02cc5": ["28", "com.barilab.handmirror.Act_Settings"]}, {"eba27dbb39876823fdc80e1c93b02cc5": ["28", "com.barilab.handmirror.Act_Settings"]}, {"eba27dbb39876823fdc80e1c93b02cc5": ["28", "com.barilab.handmirror.Act_Settings"]}, {"eba27dbb39876823fdc80e1c93b02cc5": ["28", "com.barilab.handmirror.Act_Settings"]}, {"eba27dbb39876823fdc80e1c93b02cc5": ["28", "com.barilab.handmirror.Act_Settings"]}, {"eba27dbb39876823fdc80e1c93b02cc5": ["28", "com.barilab.handmirror.Act_Settings"]}, {"eba27dbb39876823fdc80e1c93b02cc5": ["28", "com.barilab.handmirror.Act_Settings"]}, {"eba27dbb39876823fdc80e1c93b02cc5": ["28", "com.barilab.handmirror.Act_Settings"]}, {"eba27dbb39876823fdc80e1c93b02cc5": ["28", "com.barilab.handmirror.Act_Settings"]}, {"eba27dbb39876823fdc80e1c93b02cc5": ["28", "com.barilab.handmirror.Act_Settings"]}, {"eba27dbb39876823fdc80e1c93b02cc5": ["28", "com.barilab.handmirror.Act_Settings"]}, {"eba27dbb39876823fdc80e1c93b02cc5": ["28", "com.barilab.handmirror.Act_Settings"]}, {"eba27dbb39876823fdc80e1c93b02cc5": ["28", "com.barilab.handmirror.Act_Settings"]}, {"eba27dbb39876823fdc80e1c93b02cc5": ["28", "com.barilab.handmirror.Act_Settings"]}, {"eba27dbb39876823fdc80e1c93b02cc5": ["28", "com.barilab.handmirror.Act_Settings"]}, {"eba27dbb39876823fdc80e1c93b02cc5": ["28", "com.barilab.handmirror.Act_Settings"]}, {"eba27dbb39876823fdc80e1c93b02cc5": ["28", "com.barilab.handmirror.Act_Settings"]}, {"eba27dbb39876823fdc80e1c93b02cc5": ["28", "com.barilab.handmirror.Act_Settings"]}, {"eba27dbb39876823fdc80e1c93b02cc5": ["28", "com.barilab.handmirror.Act_Settings"]}, {"eba27dbb39876823fdc80e1c93b02cc5": ["28", "com.barilab.handmirror.Act_Settings"]}, {"eba27dbb39876823fdc80e1c93b02cc5": ["28", "com.barilab.handmirror.Act_Settings"]}, {"eba27dbb39876823fdc80e1c93b02cc5": ["28", "com.barilab.handmirror.Act_Settings"]}, {"eba27dbb39876823fdc80e1c93b02cc5": ["28", "com.barilab.handmirror.Act_Settings"]}, {"eba27dbb39876823fdc80e1c93b02cc5": ["28", "com.barilab.handmirror.Act_Settings"]}, {"eba27dbb39876823fdc80e1c93b02cc5": ["28", "com.barilab.handmirror.Act_Settings"]}, {"eba27dbb39876823fdc80e1c93b02cc5": ["28", "com.barilab.handmirror.Act_Settings"]}, {"eba27dbb39876823fdc80e1c93b02cc5": ["28", "com.barilab.handmirror.Act_Settings"]}, {"eba27dbb39876823fdc80e1c93b02cc5": ["28", "com.barilab.handmirror.Act_Settings"]}, {"eba27dbb39876823fdc80e1c93b02cc5": ["28", "com.barilab.handmirror.Act_Settings"]}, {"eba27dbb39876823fdc80e1c93b02cc5": ["28", "com.barilab.handmirror.Act_Settings"]}, {"eba27dbb39876823fdc80e1c93b02cc5": ["28", "com.barilab.handmirror.Act_Settings"]}, {"1284ec14b666c1d6665e79f113a710cf": ["0", "com.barilab.handmirror.Act_Main"]}, {"e21dac4423a2cc1b784633063047010f": ["1", "com.barilab.handmirror.Act_Settings"]}, {"ee90df8c25db77dbfb26c6ed3ed753f8": ["4", "kr.co.smartstudy.ssiap.UnifiedStore"]}, {"eba27dbb39876823fdc80e1c93b02cc5": ["28", "com.barilab.handmirror.Act_Settings"]}, {"eba27dbb39876823fdc80e1c93b02cc5": ["28", "com.barilab.handmirror.Act_Settings"]}, {"eba27dbb39876823fdc80e1c93b02cc5": ["28", "com.barilab.handmirror.Act_Settings"]}, {"eba27dbb39876823fdc80e1c93b02cc5": ["28", "com.barilab.handmirror.Act_Settings"]}, {"eba27dbb39876823fdc80e1c93b02cc5": ["28", "com.barilab.handmirror.Act_Settings"]}, {"eba27dbb39876823fdc80e1c93b02cc5": ["28", "com.barilab.handmirror.Act_Settings"]}, {"1284ec14b666c1d6665e79f113a710cf": ["0", "com.barilab.handmirror.Act_Main"]}, {"e21dac4423a2cc1b784633063047010f": ["1", "com.barilab.handmirror.Act_Settings"]}, {"ee90df8c25db77dbfb26c6ed3ed753f8": ["4", "kr.co.smartstudy.ssiap.UnifiedStore"]}, {"eba27dbb39876823fdc80e1c93b02cc5": ["28", "com.barilab.handmirror.Act_Settings"]}, {"eba27dbb39876823fdc80e1c93b02cc5": ["28", "com.barilab.handmirror.Act_Settings"]}, {"eba27dbb39876823fdc80e1c93b02cc5": ["28", "com.barilab.handmirror.Act_Settings"]}, {"eba27dbb39876823fdc80e1c93b02cc5": ["28", "com.barilab.handmirror.Act_Settings"]}, {"eba27dbb39876823fdc80e1c93b02cc5": ["28", "com.barilab.handmirror.Act_Settings"]}, {"eba27dbb39876823fdc80e1c93b02cc5": ["28", "com.barilab.handmirror.Act_Settings"]}, {"eba27dbb39876823fdc80e1c93b02cc5": ["28", "com.barilab.handmirror.Act_Settings"]}, {"eba27dbb39876823fdc80e1c93b02cc5": ["28", "com.barilab.handmirror.Act_Settings"]}, {"eba27dbb39876823fdc80e1c93b02cc5": ["28", "com.barilab.handmirror.Act_Settings"]}, {"eba27dbb39876823fdc80e1c93b02cc5": ["28", "com.barilab.handmirror.Act_Settings"]}, {"eba27dbb39876823fdc80e1c93b02cc5": ["28", "com.barilab.handmirror.Act_Settings"]}, {"eba27dbb39876823fdc80e1c93b02cc5": ["28", "com.barilab.handmirror.Act_Settings"]}, {"eba27dbb39876823fdc80e1c93b02cc5": ["28", "com.barilab.handmirror.Act_Settings"]}, {"eba27dbb39876823fdc80e1c93b02cc5": ["28", "com.barilab.handmirror.Act_Settings"]}, {"eba27dbb39876823fdc80e1c93b02cc5": ["28", "com.barilab.handmirror.Act_Settings"]}, {"eba27dbb39876823fdc80e1c93b02cc5": ["28", "com.barilab.handmirror.Act_Settings"]}, {"eba27dbb39876823fdc80e1c93b02cc5": ["28", "com.barilab.handmirror.Act_Settings"]}, {"eba27dbb39876823fdc80e1c93b02cc5": ["28", "com.barilab.handmirror.Act_Settings"]}, {"1284ec14b666c1d6665e79f113a710cf": ["0", "com.barilab.handmirror.Act_Main"]}, {"e21dac4423a2cc1b784633063047010f": ["1", "com.barilab.handmirror.Act_Settings"]}, {"ee90df8c25db77dbfb26c6ed3ed753f8": ["4", "kr.co.smartstudy.ssiap.UnifiedStore"]}, {"eba27dbb39876823fdc80e1c93b02cc5": ["28", "com.barilab.handmirror.Act_Settings"]}, {"eba27dbb39876823fdc80e1c93b02cc5": ["28", "com.barilab.handmirror.Act_Settings"]}, {"eba27dbb39876823fdc80e1c93b02cc5": ["28", "com.barilab.handmirror.Act_Settings"]}, {"eba27dbb39876823fdc80e1c93b02cc5": ["28", "com.barilab.handmirror.Act_Settings"]}, {"eba27dbb39876823fdc80e1c93b02cc5": ["28", "com.barilab.handmirror.Act_Settings"]}, {"eba27dbb39876823fdc80e1c93b02cc5": ["28", "com.barilab.handmirror.Act_Settings"]}, {"1284ec14b666c1d6665e79f113a710cf": ["0", "com.barilab.handmirror.Act_Main"]}, {"e21dac4423a2cc1b784633063047010f": ["1", "com.barilab.handmirror.Act_Settings"]}, {"ee90df8c25db77dbfb26c6ed3ed753f8": ["4", "kr.co.smartstudy.ssiap.UnifiedStore"]}, {"eba27dbb39876823fdc80e1c93b02cc5": ["28", "com.barilab.handmirror.Act_Settings"]}, {"eba27dbb39876823fdc80e1c93b02cc5": ["28", "com.barilab.handmirror.Act_Settings"]}, {"eba27dbb39876823fdc80e1c93b02cc5": ["28", "com.barilab.handmirror.Act_Settings"]}, {"eba27dbb39876823fdc80e1c93b02cc5": ["28", "com.barilab.handmirror.Act_Settings"]}, {"eba27dbb39876823fdc80e1c93b02cc5": ["28", "com.barilab.handmirror.Act_Settings"]}, {"eba27dbb39876823fdc80e1c93b02cc5": ["28", "com.barilab.handmirror.Act_Settings"]}, {"eba27dbb39876823fdc80e1c93b02cc5": ["28", "com.barilab.handmirror.Act_Settings"]}, {"eba27dbb39876823fdc80e1c93b02cc5": ["28", "com.barilab.handmirror.Act_Settings"]}, {"eba27dbb39876823fdc80e1c93b02cc5": ["28", "com.barilab.handmirror.Act_Settings"]}, {"eba27dbb39876823fdc80e1c93b02cc5": ["28", "com.barilab.handmirror.Act_Settings"]}, {"eba27dbb39876823fdc80e1c93b02cc5": ["28", "com.barilab.handmirror.Act_Settings"]}, {"eba27dbb39876823fdc80e1c93b02cc5": ["28", "com.barilab.handmirror.Act_Settings"]}, {"eba27dbb39876823fdc80e1c93b02cc5": ["28", "com.barilab.handmirror.Act_Settings"]}, {"eba27dbb39876823fdc80e1c93b02cc5": ["28", "com.barilab.handmirror.Act_Settings"]}, {"eba27dbb39876823fdc80e1c93b02cc5": ["28", "com.barilab.handmirror.Act_Settings"]}, {"eba27dbb39876823fdc80e1c93b02cc5": ["28", "com.barilab.handmirror.Act_Settings"]}, {"eba27dbb39876823fdc80e1c93b02cc5": ["28", "com.barilab.handmirror.Act_Settings"]}, {"eba27dbb39876823fdc80e1c93b02cc5": ["28", "com.barilab.handmirror.Act_Settings"]}, {"eba27dbb39876823fdc80e1c93b02cc5": ["28", "com.barilab.handmirror.Act_Settings"]}, {"eba27dbb39876823fdc80e1c93b02cc5": ["28", "com.barilab.handmirror.Act_Settings"]}, {"eba27dbb39876823fdc80e1c93b02cc5": ["28", "com.barilab.handmirror.Act_Settings"]}, {"eba27dbb39876823fdc80e1c93b02cc5": ["28", "com.barilab.handmirror.Act_Settings"]}, {"eba27dbb39876823fdc80e1c93b02cc5": ["28", "com.barilab.handmirror.Act_Settings"]}, {"eba27dbb39876823fdc80e1c93b02cc5": ["28", "com.barilab.handmirror.Act_Settings"]}, {"eba27dbb39876823fdc80e1c93b02cc5": ["28", "com.barilab.handmirror.Act_Settings"]}, {"eba27dbb39876823fdc80e1c93b02cc5": ["28", "com.barilab.handmirror.Act_Settings"]}, {"eba27dbb39876823fdc80e1c93b02cc5": ["28", "com.barilab.handmirror.Act_Settings"]}, {"eba27dbb39876823fdc80e1c93b02cc5": ["28", "com.barilab.handmirror.Act_Settings"]}, {"eba27dbb39876823fdc80e1c93b02cc5": ["28", "com.barilab.handmirror.Act_Settings"]}, {"eba27dbb39876823fdc80e1c93b02cc5": ["28", "com.barilab.handmirror.Act_Settings"]}, {"eba27dbb39876823fdc80e1c93b02cc5": ["28", "com.barilab.handmirror.Act_Settings"]}, {"eba27dbb39876823fdc80e1c93b02cc5": ["28", "com.barilab.handmirror.Act_Settings"]}, {"eba27dbb39876823fdc80e1c93b02cc5": ["28", "com.barilab.handmirror.Act_Settings"]}, {"eba27dbb39876823fdc80e1c93b02cc5": ["28", "com.barilab.handmirror.Act_Settings"]}, {"eba27dbb39876823fdc80e1c93b02cc5": ["28", "com.barilab.handmirror.Act_Settings"]}, {"eba27dbb39876823fdc80e1c93b02cc5": ["28", "com.barilab.handmirror.Act_Settings"]}, {"eba27dbb39876823fdc80e1c93b02cc5": ["28", "com.barilab.handmirror.Act_Settings"]}, {"eba27dbb39876823fdc80e1c93b02cc5": ["28", "com.barilab.handmirror.Act_Settings"]}, {"eba27dbb39876823fdc80e1c93b02cc5": ["28", "com.barilab.handmirror.Act_Settings"]}, {"eba27dbb39876823fdc80e1c93b02cc5": ["28", "com.barilab.handmirror.Act_Settings"]}, {"eba27dbb39876823fdc80e1c93b02cc5": ["28", "com.barilab.handmirror.Act_Settings"]}, {"eba27dbb39876823fdc80e1c93b02cc5": ["28", "com.barilab.handmirror.Act_Settings"]}, {"eba27dbb39876823fdc80e1c93b02cc5": ["28", "com.barilab.handmirror.Act_Settings"]}, {"eba27dbb39876823fdc80e1c93b02cc5": ["28", "com.barilab.handmirror.Act_Settings"]}, {"eba27dbb39876823fdc80e1c93b02cc5": ["28", "com.barilab.handmirror.Act_Settings"]}, {"eba27dbb39876823fdc80e1c93b02cc5": ["28", "com.barilab.handmirror.Act_Settings"]}, {"eba27dbb39876823fdc80e1c93b02cc5": ["28", "com.barilab.handmirror.Act_Settings"]}, {"eba27dbb39876823fdc80e1c93b02cc5": ["28", "com.barilab.handmirror.Act_Settings"]}, {"eba27dbb39876823fdc80e1c93b02cc5": ["28", "com.barilab.handmirror.Act_Settings"]}, {"eba27dbb39876823fdc80e1c93b02cc5": ["28", "com.barilab.handmirror.Act_Settings"]}, {"eba27dbb39876823fdc80e1c93b02cc5": ["28", "com.barilab.handmirror.Act_Settings"]}, {"eba27dbb39876823fdc80e1c93b02cc5": ["28", "com.barilab.handmirror.Act_Settings"]}, {"eba27dbb39876823fdc80e1c93b02cc5": ["28", "com.barilab.handmirror.Act_Settings"]}, {"eba27dbb39876823fdc80e1c93b02cc5": ["28", "com.barilab.handmirror.Act_Settings"]}, {"eba27dbb39876823fdc80e1c93b02cc5": ["28", "com.barilab.handmirror.Act_Settings"]}, {"eba27dbb39876823fdc80e1c93b02cc5": ["28", "com.barilab.handmirror.Act_Settings"]}, {"eba27dbb39876823fdc80e1c93b02cc5": ["28", "com.barilab.handmirror.Act_Settings"]}, {"eba27dbb39876823fdc80e1c93b02cc5": ["28", "com.barilab.handmirror.Act_Settings"]}, {"eba27dbb39876823fdc80e1c93b02cc5": ["28", "com.barilab.handmirror.Act_Settings"]}, {"eba27dbb39876823fdc80e1c93b02cc5": ["28", "com.barilab.handmirror.Act_Settings"]}, {"eba27dbb39876823fdc80e1c93b02cc5": ["28", "com.barilab.handmirror.Act_Settings"]}, {"eba27dbb39876823fdc80e1c93b02cc5": ["28", "com.barilab.handmirror.Act_Settings"]}, {"eba27dbb39876823fdc80e1c93b02cc5": ["28", "com.barilab.handmirror.Act_Settings"]}, {"eba27dbb39876823fdc80e1c93b02cc5": ["28", "com.barilab.handmirror.Act_Settings"]}, {"eba27dbb39876823fdc80e1c93b02cc5": ["28", "com.barilab.handmirror.Act_Settings"]}, {"eba27dbb39876823fdc80e1c93b02cc5": ["28", "com.barilab.handmirror.Act_Settings"]}, {"eba27dbb39876823fdc80e1c93b02cc5": ["28", "com.barilab.handmirror.Act_Settings"]}, {"eba27dbb39876823fdc80e1c93b02cc5": ["28", "com.barilab.handmirror.Act_Settings"]}, {"eba27dbb39876823fdc80e1c93b02cc5": ["28", "com.barilab.handmirror.Act_Settings"]}, {"eba27dbb39876823fdc80e1c93b02cc5": ["28", "com.barilab.handmirror.Act_Settings"]}, {"eba27dbb39876823fdc80e1c93b02cc5": ["28", "com.barilab.handmirror.Act_Settings"]}, {"eba27dbb39876823fdc80e1c93b02cc5": ["28", "com.barilab.handmirror.Act_Settings"]}, {"eba27dbb39876823fdc80e1c93b02cc5": ["28", "com.barilab.handmirror.Act_Settings"]}, {"eba27dbb39876823fdc80e1c93b02cc5": ["28", "com.barilab.handmirror.Act_Settings"]}, {"eba27dbb39876823fdc80e1c93b02cc5": ["28", "com.barilab.handmirror.Act_Settings"]}, {"eba27dbb39876823fdc80e1c93b02cc5": ["28", "com.barilab.handmirror.Act_Settings"]}, {"eba27dbb39876823fdc80e1c93b02cc5": ["28", "com.barilab.handmirror.Act_Settings"]}, {"eba27dbb39876823fdc80e1c93b02cc5": ["28", "com.barilab.handmirror.Act_Settings"]}, {"eba27dbb39876823fdc80e1c93b02cc5": ["28", "com.barilab.handmirror.Act_Settings"]}, {"eba27dbb39876823fdc80e1c93b02cc5": ["28", "com.barilab.handmirror.Act_Settings"]}, {"eba27dbb39876823fdc80e1c93b02cc5": ["28", "com.barilab.handmirror.Act_Settings"]}, {"eba27dbb39876823fdc80e1c93b02cc5": ["28", "com.barilab.handmirror.Act_Settings"]}, {"eba27dbb39876823fdc80e1c93b02cc5": ["28", "com.barilab.handmirror.Act_Settings"]}, {"eba27dbb39876823fdc80e1c93b02cc5": ["28", "com.barilab.handmirror.Act_Settings"]}, {"eba27dbb39876823fdc80e1c93b02cc5": ["28", "com.barilab.handmirror.Act_Settings"]}, {"eba27dbb39876823fdc80e1c93b02cc5": ["28", "com.barilab.handmirror.Act_Settings"]}, {"eba27dbb39876823fdc80e1c93b02cc5": ["28", "com.barilab.handmirror.Act_Settings"]}, {"eba27dbb39876823fdc80e1c93b02cc5": ["28", "com.barilab.handmirror.Act_Settings"]}, {"eba27dbb39876823fdc80e1c93b02cc5": ["28", "com.barilab.handmirror.Act_Settings"]}, {"eba27dbb39876823fdc80e1c93b02cc5": ["28", "com.barilab.handmirror.Act_Settings"]}, {"eba27dbb39876823fdc80e1c93b02cc5": ["28", "com.barilab.handmirror.Act_Settings"]}, {"eba27dbb39876823fdc80e1c93b02cc5": ["28", "com.barilab.handmirror.Act_Settings"]}, {"eba27dbb39876823fdc80e1c93b02cc5": ["28", "com.barilab.handmirror.Act_Settings"]}, {"e21dac4423a2cc1b784633063047010f": ["1", "com.barilab.handmirror.Act_Settings"]}, {"e21dac4423a2cc1b784633063047010f": ["1", "com.barilab.handmirror.Act_Settings"]}, {"1284ec14b666c1d6665e79f113a710cf": ["0", "com.barilab.handmirror.Act_Main"]}, {"e21dac4423a2cc1b784633063047010f": ["1", "com.barilab.handmirror.Act_Settings"]}, {"ee90df8c25db77dbfb26c6ed3ed753f8": ["4", "kr.co.smartstudy.ssiap.UnifiedStore"]}, {"eba27dbb39876823fdc80e1c93b02cc5": ["28", "com.barilab.handmirror.Act_Settings"]}, {"eba27dbb39876823fdc80e1c93b02cc5": ["28", "com.barilab.handmirror.Act_Settings"]}, {"eba27dbb39876823fdc80e1c93b02cc5": ["28", "com.barilab.handmirror.Act_Settings"]}, {"eba27dbb39876823fdc80e1c93b02cc5": ["28", "com.barilab.handmirror.Act_Settings"]}, {"eba27dbb39876823fdc80e1c93b02cc5": ["28", "com.barilab.handmirror.Act_Settings"]}, {"eba27dbb39876823fdc80e1c93b02cc5": ["28", "com.barilab.handmirror.Act_Settings"]}, {"eba27dbb39876823fdc80e1c93b02cc5": ["28", "com.barilab.handmirror.Act_Settings"]}, {"eba27dbb39876823fdc80e1c93b02cc5": ["28", "com.barilab.handmirror.Act_Settings"]}, {"eba27dbb39876823fdc80e1c93b02cc5": ["28", "com.barilab.handmirror.Act_Settings"]}, {"eba27dbb39876823fdc80e1c93b02cc5": ["28", "com.barilab.handmirror.Act_Settings"]}, {"eba27dbb39876823fdc80e1c93b02cc5": ["28", "com.barilab.handmirror.Act_Settings"]}, {"eba27dbb39876823fdc80e1c93b02cc5": ["28", "com.barilab.handmirror.Act_Settings"]}, {"eba27dbb39876823fdc80e1c93b02cc5": ["28", "com.barilab.handmirror.Act_Settings"]}, {"eba27dbb39876823fdc80e1c93b02cc5": ["28", "com.barilab.handmirror.Act_Settings"]}, {"eba27dbb39876823fdc80e1c93b02cc5": ["28", "com.barilab.handmirror.Act_Settings"]}, {"eba27dbb39876823fdc80e1c93b02cc5": ["28", "com.barilab.handmirror.Act_Settings"]}, {"eba27dbb39876823fdc80e1c93b02cc5": ["28", "com.barilab.handmirror.Act_Settings"]}, {"eba27dbb39876823fdc80e1c93b02cc5": ["28", "com.barilab.handmirror.Act_Settings"]}, {"eba27dbb39876823fdc80e1c93b02cc5": ["28", "com.barilab.handmirror.Act_Settings"]}, {"eba27dbb39876823fdc80e1c93b02cc5": ["28", "com.barilab.handmirror.Act_Settings"]}, {"eba27dbb39876823fdc80e1c93b02cc5": ["28", "com.barilab.handmirror.Act_Settings"]}, {"eba27dbb39876823fdc80e1c93b02cc5": ["28", "com.barilab.handmirror.Act_Settings"]}, {"eba27dbb39876823fdc80e1c93b02cc5": ["28", "com.barilab.handmirror.Act_Settings"]}, {"eba27dbb39876823fdc80e1c93b02cc5": ["28", "com.barilab.handmirror.Act_Settings"]}, {"eba27dbb39876823fdc80e1c93b02cc5": ["28", "com.barilab.handmirror.Act_Settings"]}, {"eba27dbb39876823fdc80e1c93b02cc5": ["28", "com.barilab.handmirror.Act_Settings"]}, {"eba27dbb39876823fdc80e1c93b02cc5": ["28", "com.barilab.handmirror.Act_Settings"]}, {"eba27dbb39876823fdc80e1c93b02cc5": ["28", "com.barilab.handmirror.Act_Settings"]}, {"eba27dbb39876823fdc80e1c93b02cc5": ["28", "com.barilab.handmirror.Act_Settings"]}, {"eba27dbb39876823fdc80e1c93b02cc5": ["28", "com.barilab.handmirror.Act_Settings"]}, {"eba27dbb39876823fdc80e1c93b02cc5": ["28", "com.barilab.handmirror.Act_Settings"]}, {"eba27dbb39876823fdc80e1c93b02cc5": ["28", "com.barilab.handmirror.Act_Settings"]}, {"eba27dbb39876823fdc80e1c93b02cc5": ["28", "com.barilab.handmirror.Act_Settings"]}, {"eba27dbb39876823fdc80e1c93b02cc5": ["28", "com.barilab.handmirror.Act_Settings"]}, {"eba27dbb39876823fdc80e1c93b02cc5": ["28", "com.barilab.handmirror.Act_Settings"]}, {"eba27dbb39876823fdc80e1c93b02cc5": ["28", "com.barilab.handmirror.Act_Settings"]}, {"eba27dbb39876823fdc80e1c93b02cc5": ["28", "com.barilab.handmirror.Act_Settings"]}, {"eba27dbb39876823fdc80e1c93b02cc5": ["28", "com.barilab.handmirror.Act_Settings"]}, {"eba27dbb39876823fdc80e1c93b02cc5": ["28", "com.barilab.handmirror.Act_Settings"]}, {"eba27dbb39876823fdc80e1c93b02cc5": ["28", "com.barilab.handmirror.Act_Settings"]}, {"eba27dbb39876823fdc80e1c93b02cc5": ["28", "com.barilab.handmirror.Act_Settings"]}, {"eba27dbb39876823fdc80e1c93b02cc5": ["28", "com.barilab.handmirror.Act_Settings"]}, {"eba27dbb39876823fdc80e1c93b02cc5": ["28", "com.barilab.handmirror.Act_Settings"]}, {"eba27dbb39876823fdc80e1c93b02cc5": ["28", "com.barilab.handmirror.Act_Settings"]}, {"eba27dbb39876823fdc80e1c93b02cc5": ["28", "com.barilab.handmirror.Act_Settings"]}, {"eba27dbb39876823fdc80e1c93b02cc5": ["28", "com.barilab.handmirror.Act_Settings"]}, {"eba27dbb39876823fdc80e1c93b02cc5": ["28", "com.barilab.handmirror.Act_Settings"]}, {"eba27dbb39876823fdc80e1c93b02cc5": ["28", "com.barilab.handmirror.Act_Settings"]}, {"eba27dbb39876823fdc80e1c93b02cc5": ["28", "com.barilab.handmirror.Act_Settings"]}, {"eba27dbb39876823fdc80e1c93b02cc5": ["28", "com.barilab.handmirror.Act_Settings"]}, {"eba27dbb39876823fdc80e1c93b02cc5": ["28", "com.barilab.handmirror.Act_Settings"]}, {"e79d40002dec442f962a2c8b25527265": ["29", "com.barilab.handmirror.Act_Main"]}, {"e79d40002dec442f962a2c8b25527265": ["29", "com.barilab.handmirror.Act_Main"]}, {"2b43d9cd5ae391951e402028dee77c12": ["15", "com.barilab.handmirror.Act_Main"]}, {"e21dac4423a2cc1b784633063047010f": ["1", "com.barilab.handmirror.Act_Settings"]}, {"d021044c187781ea062a05fc8e681134": ["6", "com.barilab.handmirror.Act_Settings"]}, {"e21dac4423a2cc1b784633063047010f": ["1", "com.barilab.handmirror.Act_Settings"]}, {"e21dac4423a2cc1b784633063047010f": ["1", "com.barilab.handmirror.Act_Settings"]}, {"e21dac4423a2cc1b784633063047010f": ["1", "com.barilab.handmirror.Act_Settings"]}, {"e21dac4423a2cc1b784633063047010f": ["1", "com.barilab.handmirror.Act_Settings"]}, {"e21dac4423a2cc1b784633063047010f": ["1", "com.barilab.handmirror.Act_Settings"]}, {"eba27dbb39876823fdc80e1c93b02cc5": ["28", "com.barilab.handmirror.Act_Settings"]}, {"eba27dbb39876823fdc80e1c93b02cc5": ["28", "com.barilab.handmirror.Act_Settings"]}, {"eba27dbb39876823fdc80e1c93b02cc5": ["28", "com.barilab.handmirror.Act_Settings"]}, {"eba27dbb39876823fdc80e1c93b02cc5": ["28", "com.barilab.handmirror.Act_Settings"]}, {"eba27dbb39876823fdc80e1c93b02cc5": ["28", "com.barilab.handmirror.Act_Settings"]}, {"eba27dbb39876823fdc80e1c93b02cc5": ["28", "com.barilab.handmirror.Act_Settings"]}, {"eba27dbb39876823fdc80e1c93b02cc5": ["28", "com.barilab.handmirror.Act_Settings"]}, {"eba27dbb39876823fdc80e1c93b02cc5": ["28", "com.barilab.handmirror.Act_Settings"]}, {"eba27dbb39876823fdc80e1c93b02cc5": ["28", "com.barilab.handmirror.Act_Settings"]}, {"eba27dbb39876823fdc80e1c93b02cc5": ["28", "com.barilab.handmirror.Act_Settings"]}, {"eba27dbb39876823fdc80e1c93b02cc5": ["28", "com.barilab.handmirror.Act_Settings"]}, {"eba27dbb39876823fdc80e1c93b02cc5": ["28", "com.barilab.handmirror.Act_Settings"]}, {"eba27dbb39876823fdc80e1c93b02cc5": ["28", "com.barilab.handmirror.Act_Settings"]}, {"eba27dbb39876823fdc80e1c93b02cc5": ["28", "com.barilab.handmirror.Act_Settings"]}, {"eba27dbb39876823fdc80e1c93b02cc5": ["28", "com.barilab.handmirror.Act_Settings"]}, {"eba27dbb39876823fdc80e1c93b02cc5": ["28", "com.barilab.handmirror.Act_Settings"]}, {"3942da610701fecaf6bbb2f9ca97e6a0": ["3", "com.barilab.handmirror.Act_Settings"]}, {"eba27dbb39876823fdc80e1c93b02cc5": ["28", "com.barilab.handmirror.Act_Settings"]}, {"ee90df8c25db77dbfb26c6ed3ed753f8": ["4", "kr.co.smartstudy.ssiap.UnifiedStore"]}, {"eba27dbb39876823fdc80e1c93b02cc5": ["28", "com.barilab.handmirror.Act_Settings"]}, {"eba27dbb39876823fdc80e1c93b02cc5": ["28", "com.barilab.handmirror.Act_Settings"]}, {"eba27dbb39876823fdc80e1c93b02cc5": ["28", "com.barilab.handmirror.Act_Settings"]}, {"eba27dbb39876823fdc80e1c93b02cc5": ["28", "com.barilab.handmirror.Act_Settings"]}, {"eba27dbb39876823fdc80e1c93b02cc5": ["28", "com.barilab.handmirror.Act_Settings"]}, {"eba27dbb39876823fdc80e1c93b02cc5": ["28", "com.barilab.handmirror.Act_Settings"]}, {"eba27dbb39876823fdc80e1c93b02cc5": ["28", "com.barilab.handmirror.Act_Settings"]}, {"eba27dbb39876823fdc80e1c93b02cc5": ["28", "com.barilab.handmirror.Act_Settings"]}, {"eba27dbb39876823fdc80e1c93b02cc5": ["28", "com.barilab.handmirror.Act_Settings"]}, {"eba27dbb39876823fdc80e1c93b02cc5": ["28", "com.barilab.handmirror.Act_Settings"]}, {"eba27dbb39876823fdc80e1c93b02cc5": ["28", "com.barilab.handmirror.Act_Settings"]}, {"eba27dbb39876823fdc80e1c93b02cc5": ["28", "com.barilab.handmirror.Act_Settings"]}, {"eba27dbb39876823fdc80e1c93b02cc5": ["28", "com.barilab.handmirror.Act_Settings"]}, {"eba27dbb39876823fdc80e1c93b02cc5": ["28", "com.barilab.handmirror.Act_Settings"]}, {"eba27dbb39876823fdc80e1c93b02cc5": ["28", "com.barilab.handmirror.Act_Settings"]}, {"e79d40002dec442f962a2c8b25527265": ["29", "com.barilab.handmirror.Act_Main"]}, {"e79d40002dec442f962a2c8b25527265": ["29", "com.barilab.handmirror.Act_Main"]}, {"1284ec14b666c1d6665e79f113a710cf": ["0", "com.barilab.handmirror.Act_Main"]}, {"e21dac4423a2cc1b784633063047010f": ["1", "com.barilab.handmirror.Act_Settings"]}, {"d021044c187781ea062a05fc8e681134": ["6", "com.barilab.handmirror.Act_Settings"]}, {"e21dac4423a2cc1b784633063047010f": ["1", "com.barilab.handmirror.Act_Settings"]}, {"e21dac4423a2cc1b784633063047010f": ["1", "com.barilab.handmirror.Act_Settings"]}, {"e21dac4423a2cc1b784633063047010f": ["1", "com.barilab.handmirror.Act_Settings"]}, {"e21dac4423a2cc1b784633063047010f": ["1", "com.barilab.handmirror.Act_Settings"]}, {"e21dac4423a2cc1b784633063047010f": ["1", "com.barilab.handmirror.Act_Settings"]}, {"eba27dbb39876823fdc80e1c93b02cc5": ["28", "com.barilab.handmirror.Act_Settings"]}, {"eba27dbb39876823fdc80e1c93b02cc5": ["28", "com.barilab.handmirror.Act_Settings"]}, {"eba27dbb39876823fdc80e1c93b02cc5": ["28", "com.barilab.handmirror.Act_Settings"]}, {"eba27dbb39876823fdc80e1c93b02cc5": ["28", "com.barilab.handmirror.Act_Settings"]}, {"eba27dbb39876823fdc80e1c93b02cc5": ["28", "com.barilab.handmirror.Act_Settings"]}, {"eba27dbb39876823fdc80e1c93b02cc5": ["28", "com.barilab.handmirror.Act_Settings"]}, {"eba27dbb39876823fdc80e1c93b02cc5": ["28", "com.barilab.handmirror.Act_Settings"]}, {"eba27dbb39876823fdc80e1c93b02cc5": ["28", "com.barilab.handmirror.Act_Settings"]}, {"eba27dbb39876823fdc80e1c93b02cc5": ["28", "com.barilab.handmirror.Act_Settings"]}, {"eba27dbb39876823fdc80e1c93b02cc5": ["28", "com.barilab.handmirror.Act_Settings"]}, {"eba27dbb39876823fdc80e1c93b02cc5": ["28", "com.barilab.handmirror.Act_Settings"]}, {"eba27dbb39876823fdc80e1c93b02cc5": ["28", "com.barilab.handmirror.Act_Settings"]}, {"eba27dbb39876823fdc80e1c93b02cc5": ["28", "com.barilab.handmirror.Act_Settings"]}, {"eba27dbb39876823fdc80e1c93b02cc5": ["28", "com.barilab.handmirror.Act_Settings"]}, {"eba27dbb39876823fdc80e1c93b02cc5": ["28", "com.barilab.handmirror.Act_Settings"]}, {"eba27dbb39876823fdc80e1c93b02cc5": ["28", "com.barilab.handmirror.Act_Settings"]}, {"eba27dbb39876823fdc80e1c93b02cc5": ["28", "com.barilab.handmirror.Act_Settings"]}, {"eba27dbb39876823fdc80e1c93b02cc5": ["28", "com.barilab.handmirror.Act_Settings"]}, {"eba27dbb39876823fdc80e1c93b02cc5": ["28", "com.barilab.handmirror.Act_Settings"]}, {"eba27dbb39876823fdc80e1c93b02cc5": ["28", "com.barilab.handmirror.Act_Settings"]}, {"eba27dbb39876823fdc80e1c93b02cc5": ["28", "com.barilab.handmirror.Act_Settings"]}, {"eba27dbb39876823fdc80e1c93b02cc5": ["28", "com.barilab.handmirror.Act_Settings"]}, {"eba27dbb39876823fdc80e1c93b02cc5": ["28", "com.barilab.handmirror.Act_Settings"]}, {"eba27dbb39876823fdc80e1c93b02cc5": ["28", "com.barilab.handmirror.Act_Settings"]}, {"eba27dbb39876823fdc80e1c93b02cc5": ["28", "com.barilab.handmirror.Act_Settings"]}, {"eba27dbb39876823fdc80e1c93b02cc5": ["28", "com.barilab.handmirror.Act_Settings"]}, {"eba27dbb39876823fdc80e1c93b02cc5": ["28", "com.barilab.handmirror.Act_Settings"]}, {"eba27dbb39876823fdc80e1c93b02cc5": ["28", "com.barilab.handmirror.Act_Settings"]}, {"eba27dbb39876823fdc80e1c93b02cc5": ["28", "com.barilab.handmirror.Act_Settings"]}, {"eba27dbb39876823fdc80e1c93b02cc5": ["28", "com.barilab.handmirror.Act_Settings"]}, {"eba27dbb39876823fdc80e1c93b02cc5": ["28", "com.barilab.handmirror.Act_Settings"]}, {"eba27dbb39876823fdc80e1c93b02cc5": ["28", "com.barilab.handmirror.Act_Settings"]}, {"eba27dbb39876823fdc80e1c93b02cc5": ["28", "com.barilab.handmirror.Act_Settings"]}, {"eba27dbb39876823fdc80e1c93b02cc5": ["28", "com.barilab.handmirror.Act_Settings"]}, {"eba27dbb39876823fdc80e1c93b02cc5": ["28", "com.barilab.handmirror.Act_Settings"]}, {"eba27dbb39876823fdc80e1c93b02cc5": ["28", "com.barilab.handmirror.Act_Settings"]}, {"eba27dbb39876823fdc80e1c93b02cc5": ["28", "com.barilab.handmirror.Act_Settings"]}, {"eba27dbb39876823fdc80e1c93b02cc5": ["28", "com.barilab.handmirror.Act_Settings"]}, {"eba27dbb39876823fdc80e1c93b02cc5": ["28", "com.barilab.handmirror.Act_Settings"]}, {"eba27dbb39876823fdc80e1c93b02cc5": ["28", "com.barilab.handmirror.Act_Settings"]}, {"eba27dbb39876823fdc80e1c93b02cc5": ["28", "com.barilab.handmirror.Act_Settings"]}, {"eba27dbb39876823fdc80e1c93b02cc5": ["28", "com.barilab.handmirror.Act_Settings"]}, {"eba27dbb39876823fdc80e1c93b02cc5": ["28", "com.barilab.handmirror.Act_Settings"]}, {"eba27dbb39876823fdc80e1c93b02cc5": ["28", "com.barilab.handmirror.Act_Settings"]}, {"eba27dbb39876823fdc80e1c93b02cc5": ["28", "com.barilab.handmirror.Act_Settings"]}, {"eba27dbb39876823fdc80e1c93b02cc5": ["28", "com.barilab.handmirror.Act_Settings"]}, {"eba27dbb39876823fdc80e1c93b02cc5": ["28", "com.barilab.handmirror.Act_Settings"]}, {"eba27dbb39876823fdc80e1c93b02cc5": ["28", "com.barilab.handmirror.Act_Settings"]}, {"eba27dbb39876823fdc80e1c93b02cc5": ["28", "com.barilab.handmirror.Act_Settings"]}, {"eba27dbb39876823fdc80e1c93b02cc5": ["28", "com.barilab.handmirror.Act_Settings"]}, {"eba27dbb39876823fdc80e1c93b02cc5": ["28", "com.barilab.handmirror.Act_Settings"]}, {"eba27dbb39876823fdc80e1c93b02cc5": ["28", "com.barilab.handmirror.Act_Settings"]}, {"eba27dbb39876823fdc80e1c93b02cc5": ["28", "com.barilab.handmirror.Act_Settings"]}, {"eba27dbb39876823fdc80e1c93b02cc5": ["28", "com.barilab.handmirror.Act_Settings"]}, {"eba27dbb39876823fdc80e1c93b02cc5": ["28", "com.barilab.handmirror.Act_Settings"]}, {"eba27dbb39876823fdc80e1c93b02cc5": ["28", "com.barilab.handmirror.Act_Settings"]}, {"eba27dbb39876823fdc80e1c93b02cc5": ["28", "com.barilab.handmirror.Act_Settings"]}, {"eba27dbb39876823fdc80e1c93b02cc5": ["28", "com.barilab.handmirror.Act_Settings"]}, {"eba27dbb39876823fdc80e1c93b02cc5": ["28", "com.barilab.handmirror.Act_Settings"]}, {"eba27dbb39876823fdc80e1c93b02cc5": ["28", "com.barilab.handmirror.Act_Settings"]}, {"eba27dbb39876823fdc80e1c93b02cc5": ["28", "com.barilab.handmirror.Act_Settings"]}, {"eba27dbb39876823fdc80e1c93b02cc5": ["28", "com.barilab.handmirror.Act_Settings"]}, {"eba27dbb39876823fdc80e1c93b02cc5": ["28", "com.barilab.handmirror.Act_Settings"]}, {"eba27dbb39876823fdc80e1c93b02cc5": ["28", "com.barilab.handmirror.Act_Settings"]}, {"eba27dbb39876823fdc80e1c93b02cc5": ["28", "com.barilab.handmirror.Act_Settings"]}, {"eba27dbb39876823fdc80e1c93b02cc5": ["28", "com.barilab.handmirror.Act_Settings"]}, {"eba27dbb39876823fdc80e1c93b02cc5": ["28", "com.barilab.handmirror.Act_Settings"]}, {"eba27dbb39876823fdc80e1c93b02cc5": ["28", "com.barilab.handmirror.Act_Settings"]}, {"eba27dbb39876823fdc80e1c93b02cc5": ["28", "com.barilab.handmirror.Act_Settings"]}, {"eba27dbb39876823fdc80e1c93b02cc5": ["28", "com.barilab.handmirror.Act_Settings"]}, {"eba27dbb39876823fdc80e1c93b02cc5": ["28", "com.barilab.handmirror.Act_Settings"]}, {"eba27dbb39876823fdc80e1c93b02cc5": ["28", "com.barilab.handmirror.Act_Settings"]}, {"eba27dbb39876823fdc80e1c93b02cc5": ["28", "com.barilab.handmirror.Act_Settings"]}, {"eba27dbb39876823fdc80e1c93b02cc5": ["28", "com.barilab.handmirror.Act_Settings"]}, {"eba27dbb39876823fdc80e1c93b02cc5": ["28", "com.barilab.handmirror.Act_Settings"]}, {"eba27dbb39876823fdc80e1c93b02cc5": ["28", "com.barilab.handmirror.Act_Settings"]}, {"eba27dbb39876823fdc80e1c93b02cc5": ["28", "com.barilab.handmirror.Act_Settings"]}, {"eba27dbb39876823fdc80e1c93b02cc5": ["28", "com.barilab.handmirror.Act_Settings"]}, {"eba27dbb39876823fdc80e1c93b02cc5": ["28", "com.barilab.handmirror.Act_Settings"]}, {"eba27dbb39876823fdc80e1c93b02cc5": ["28", "com.barilab.handmirror.Act_Settings"]}, {"eba27dbb39876823fdc80e1c93b02cc5": ["28", "com.barilab.handmirror.Act_Settings"]}, {"eba27dbb39876823fdc80e1c93b02cc5": ["28", "com.barilab.handmirror.Act_Settings"]}, {"eba27dbb39876823fdc80e1c93b02cc5": ["28", "com.barilab.handmirror.Act_Settings"]}, {"eba27dbb39876823fdc80e1c93b02cc5": ["28", "com.barilab.handmirror.Act_Settings"]}, {"eba27dbb39876823fdc80e1c93b02cc5": ["28", "com.barilab.handmirror.Act_Settings"]}, {"eba27dbb39876823fdc80e1c93b02cc5": ["28", "com.barilab.handmirror.Act_Settings"]}, {"eba27dbb39876823fdc80e1c93b02cc5": ["28", "com.barilab.handmirror.Act_Settings"]}, {"eba27dbb39876823fdc80e1c93b02cc5": ["28", "com.barilab.handmirror.Act_Settings"]}, {"eba27dbb39876823fdc80e1c93b02cc5": ["28", "com.barilab.handmirror.Act_Settings"]}, {"eba27dbb39876823fdc80e1c93b02cc5": ["28", "com.barilab.handmirror.Act_Settings"]}, {"eba27dbb39876823fdc80e1c93b02cc5": ["28", "com.barilab.handmirror.Act_Settings"]}, {"eba27dbb39876823fdc80e1c93b02cc5": ["28", "com.barilab.handmirror.Act_Settings"]}, {"eba27dbb39876823fdc80e1c93b02cc5": ["28", "com.barilab.handmirror.Act_Settings"]}, {"eba27dbb39876823fdc80e1c93b02cc5": ["28", "com.barilab.handmirror.Act_Settings"]}, {"eba27dbb39876823fdc80e1c93b02cc5": ["28", "com.barilab.handmirror.Act_Settings"]}, {"eba27dbb39876823fdc80e1c93b02cc5": ["28", "com.barilab.handmirror.Act_Settings"]}, {"eba27dbb39876823fdc80e1c93b02cc5": ["28", "com.barilab.handmirror.Act_Settings"]}, {"eba27dbb39876823fdc80e1c93b02cc5": ["28", "com.barilab.handmirror.Act_Settings"]}, {"eba27dbb39876823fdc80e1c93b02cc5": ["28", "com.barilab.handmirror.Act_Settings"]}, {"eba27dbb39876823fdc80e1c93b02cc5": ["28", "com.barilab.handmirror.Act_Settings"]}, {"eba27dbb39876823fdc80e1c93b02cc5": ["28", "com.barilab.handmirror.Act_Settings"]}, {"eba27dbb39876823fdc80e1c93b02cc5": ["28", "com.barilab.handmirror.Act_Settings"]}, {"eba27dbb39876823fdc80e1c93b02cc5": ["28", "com.barilab.handmirror.Act_Settings"]}, {"eba27dbb39876823fdc80e1c93b02cc5": ["28", "com.barilab.handmirror.Act_Settings"]}, {"eba27dbb39876823fdc80e1c93b02cc5": ["28", "com.barilab.handmirror.Act_Settings"]}, {"eba27dbb39876823fdc80e1c93b02cc5": ["28", "com.barilab.handmirror.Act_Settings"]}, {"eba27dbb39876823fdc80e1c93b02cc5": ["28", "com.barilab.handmirror.Act_Settings"]}, {"eba27dbb39876823fdc80e1c93b02cc5": ["28", "com.barilab.handmirror.Act_Settings"]}, {"eba27dbb39876823fdc80e1c93b02cc5": ["28", "com.barilab.handmirror.Act_Settings"]}, {"eba27dbb39876823fdc80e1c93b02cc5": ["28", "com.barilab.handmirror.Act_Settings"]}, {"eba27dbb39876823fdc80e1c93b02cc5": ["28", "com.barilab.handmirror.Act_Settings"]}, {"eba27dbb39876823fdc80e1c93b02cc5": ["28", "com.barilab.handmirror.Act_Settings"]}, {"eba27dbb39876823fdc80e1c93b02cc5": ["28", "com.barilab.handmirror.Act_Settings"]}, {"eba27dbb39876823fdc80e1c93b02cc5": ["28", "com.barilab.handmirror.Act_Settings"]}, {"eba27dbb39876823fdc80e1c93b02cc5": ["28", "com.barilab.handmirror.Act_Settings"]}, {"eba27dbb39876823fdc80e1c93b02cc5": ["28", "com.barilab.handmirror.Act_Settings"]}, {"eba27dbb39876823fdc80e1c93b02cc5": ["28", "com.barilab.handmirror.Act_Settings"]}, {"eba27dbb39876823fdc80e1c93b02cc5": ["28", "com.barilab.handmirror.Act_Settings"]}, {"eba27dbb39876823fdc80e1c93b02cc5": ["28", "com.barilab.handmirror.Act_Settings"]}, {"eba27dbb39876823fdc80e1c93b02cc5": ["28", "com.barilab.handmirror.Act_Settings"]}]