[{"a73678738940432ca6bf0b6e5c070a60": ["0", "net.zedge.android.activity.ControllerActivity"]}, {"23aaa372323744cf32f26a7afba7d476": ["1", "net.zedge.android.activity.ControllerActivity"]}, {"307d074c1d7f227c651c93d9b876c161": ["603", "net.zedge.android.activity.ControllerActivity"]}, {"307d074c1d7f227c651c93d9b876c161": ["603", "net.zedge.android.activity.ControllerActivity"]}, {"307d074c1d7f227c651c93d9b876c161": ["603", "net.zedge.android.activity.ControllerActivity"]}, {"307d074c1d7f227c651c93d9b876c161": ["603", "net.zedge.android.activity.ControllerActivity"]}, {"8b9d1c69dae8f67787e0f5770da1e667": ["604", "net.zedge.android.activity.ControllerActivity"]}, {"8b9d1c69dae8f67787e0f5770da1e667": ["604", "net.zedge.android.activity.ControllerActivity"]}, {"5cc9cc174d826d0d0e18e3496bff2bd9": ["605", "net.zedge.android.activity.ControllerActivity"]}, {"8b9d1c69dae8f67787e0f5770da1e667": ["604", "net.zedge.android.activity.ControllerActivity"]}, {"8b9d1c69dae8f67787e0f5770da1e667": ["604", "net.zedge.android.activity.ControllerActivity"]}, {"8b9d1c69dae8f67787e0f5770da1e667": ["604", "net.zedge.android.activity.ControllerActivity"]}, {"5cc9cc174d826d0d0e18e3496bff2bd9": ["605", "net.zedge.android.activity.ControllerActivity"]}, {"37924003c6854dd0439bf700d9986dd1": ["606", "net.zedge.android.activity.ControllerActivity"]}, {"ee8bebd4402772402d0bd6de8c63e115": ["607", "net.zedge.android.activity.ControllerActivity"]}, {"076a615713296f340130da2af87f8db5": ["608", "net.zedge.android.activity.ControllerActivity"]}, {"8b9d1c69dae8f67787e0f5770da1e667": ["604", "net.zedge.android.activity.ControllerActivity"]}, {"8b9d1c69dae8f67787e0f5770da1e667": ["604", "net.zedge.android.activity.ControllerActivity"]}, {"8b9d1c69dae8f67787e0f5770da1e667": ["604", "net.zedge.android.activity.ControllerActivity"]}, {"076a615713296f340130da2af87f8db5": ["608", "net.zedge.android.activity.ControllerActivity"]}, {"076a615713296f340130da2af87f8db5": ["608", "net.zedge.android.activity.ControllerActivity"]}, {"37924003c6854dd0439bf700d9986dd1": ["606", "net.zedge.android.activity.ControllerActivity"]}, {"8b9d1c69dae8f67787e0f5770da1e667": ["604", "net.zedge.android.activity.ControllerActivity"]}, {"8b9d1c69dae8f67787e0f5770da1e667": ["604", "net.zedge.android.activity.ControllerActivity"]}, {"def7bde94a248e25de0b9eed49310e1b": ["94", "net.zedge.android.activity.ControllerActivity"]}, {"bbb0234b384e13e353cc1384f702fca5": ["217", "net.zedge.android.activity.ControllerActivity"]}, {"3fd82a2b744f7833a73286dd028f825b": ["16", "net.zedge.android.activity.ControllerActivity"]}, {"e3be8a60c058d28a83883c22ebec4261": ["258", "net.zedge.android.activity.ControllerActivity"]}, {"96d669192e5c392e1c0ad6d1dc942fea": ["256", "com.google.android.gms.ads.AdActivity"]}, {"96d669192e5c392e1c0ad6d1dc942fea": ["256", "com.google.android.gms.ads.AdActivity"]}, {"b3b28e59212912084c63871e1f85126e": ["10", "com.google.android.gms.ads.AdActivity"]}, {"b3b28e59212912084c63871e1f85126e": ["10", "com.google.android.gms.ads.AdActivity"]}, {"b3b28e59212912084c63871e1f85126e": ["10", "com.google.android.gms.ads.AdActivity"]}, {"b3b28e59212912084c63871e1f85126e": ["10", "com.google.android.gms.ads.AdActivity"]}, {"b3b28e59212912084c63871e1f85126e": ["10", "com.google.android.gms.ads.AdActivity"]}, {"b3b28e59212912084c63871e1f85126e": ["10", "com.google.android.gms.ads.AdActivity"]}, {"b3b28e59212912084c63871e1f85126e": ["10", "com.google.android.gms.ads.AdActivity"]}, {"b3b28e59212912084c63871e1f85126e": ["10", "com.google.android.gms.ads.AdActivity"]}, {"b3b28e59212912084c63871e1f85126e": ["10", "com.google.android.gms.ads.AdActivity"]}, {"b3b28e59212912084c63871e1f85126e": ["10", "com.google.android.gms.ads.AdActivity"]}, {"b3b28e59212912084c63871e1f85126e": ["10", "com.google.android.gms.ads.AdActivity"]}, {"b3b28e59212912084c63871e1f85126e": ["10", "com.google.android.gms.ads.AdActivity"]}, {"b3b28e59212912084c63871e1f85126e": ["10", "com.google.android.gms.ads.AdActivity"]}, {"b3b28e59212912084c63871e1f85126e": ["10", "com.google.android.gms.ads.AdActivity"]}, {"b3b28e59212912084c63871e1f85126e": ["10", "com.google.android.gms.ads.AdActivity"]}, {"b3b28e59212912084c63871e1f85126e": ["10", "com.google.android.gms.ads.AdActivity"]}, {"b3b28e59212912084c63871e1f85126e": ["10", "com.google.android.gms.ads.AdActivity"]}, {"b3b28e59212912084c63871e1f85126e": ["10", "com.google.android.gms.ads.AdActivity"]}, {"b3b28e59212912084c63871e1f85126e": ["10", "com.google.android.gms.ads.AdActivity"]}, {"b3b28e59212912084c63871e1f85126e": ["10", "com.google.android.gms.ads.AdActivity"]}, {"b3b28e59212912084c63871e1f85126e": ["10", "com.google.android.gms.ads.AdActivity"]}, {"b3b28e59212912084c63871e1f85126e": ["10", "com.google.android.gms.ads.AdActivity"]}, {"b3b28e59212912084c63871e1f85126e": ["10", "com.google.android.gms.ads.AdActivity"]}, {"b3b28e59212912084c63871e1f85126e": ["10", "com.google.android.gms.ads.AdActivity"]}, {"b3b28e59212912084c63871e1f85126e": ["10", "com.google.android.gms.ads.AdActivity"]}, {"b3b28e59212912084c63871e1f85126e": ["10", "com.google.android.gms.ads.AdActivity"]}, {"b3b28e59212912084c63871e1f85126e": ["10", "com.google.android.gms.ads.AdActivity"]}, {"b3b28e59212912084c63871e1f85126e": ["10", "com.google.android.gms.ads.AdActivity"]}, {"b3b28e59212912084c63871e1f85126e": ["10", "com.google.android.gms.ads.AdActivity"]}, {"b3b28e59212912084c63871e1f85126e": ["10", "com.google.android.gms.ads.AdActivity"]}, {"b3b28e59212912084c63871e1f85126e": ["10", "com.google.android.gms.ads.AdActivity"]}, {"b3b28e59212912084c63871e1f85126e": ["10", "com.google.android.gms.ads.AdActivity"]}, {"b3b28e59212912084c63871e1f85126e": ["10", "com.google.android.gms.ads.AdActivity"]}, {"b3b28e59212912084c63871e1f85126e": ["10", "com.google.android.gms.ads.AdActivity"]}, {"b3b28e59212912084c63871e1f85126e": ["10", "com.google.android.gms.ads.AdActivity"]}, {"b3b28e59212912084c63871e1f85126e": ["10", "com.google.android.gms.ads.AdActivity"]}, {"b3b28e59212912084c63871e1f85126e": ["10", "com.google.android.gms.ads.AdActivity"]}, {"b3b28e59212912084c63871e1f85126e": ["10", "com.google.android.gms.ads.AdActivity"]}, {"b3b28e59212912084c63871e1f85126e": ["10", "com.google.android.gms.ads.AdActivity"]}, {"b3b28e59212912084c63871e1f85126e": ["10", "com.google.android.gms.ads.AdActivity"]}, {"b3b28e59212912084c63871e1f85126e": ["10", "com.google.android.gms.ads.AdActivity"]}, {"b3b28e59212912084c63871e1f85126e": ["10", "com.google.android.gms.ads.AdActivity"]}, {"b3b28e59212912084c63871e1f85126e": ["10", "com.google.android.gms.ads.AdActivity"]}, {"b3b28e59212912084c63871e1f85126e": ["10", "com.google.android.gms.ads.AdActivity"]}, {"b3b28e59212912084c63871e1f85126e": ["10", "com.google.android.gms.ads.AdActivity"]}, {"b3b28e59212912084c63871e1f85126e": ["10", "com.google.android.gms.ads.AdActivity"]}, {"b3b28e59212912084c63871e1f85126e": ["10", "com.google.android.gms.ads.AdActivity"]}, {"b3b28e59212912084c63871e1f85126e": ["10", "com.google.android.gms.ads.AdActivity"]}, {"b3b28e59212912084c63871e1f85126e": ["10", "com.google.android.gms.ads.AdActivity"]}, {"b3b28e59212912084c63871e1f85126e": ["10", "com.google.android.gms.ads.AdActivity"]}, {"b3b28e59212912084c63871e1f85126e": ["10", "com.google.android.gms.ads.AdActivity"]}, {"b3b28e59212912084c63871e1f85126e": ["10", "com.google.android.gms.ads.AdActivity"]}, {"b3b28e59212912084c63871e1f85126e": ["10", "com.google.android.gms.ads.AdActivity"]}, {"b3b28e59212912084c63871e1f85126e": ["10", "com.google.android.gms.ads.AdActivity"]}, {"b3b28e59212912084c63871e1f85126e": ["10", "com.google.android.gms.ads.AdActivity"]}, {"b3b28e59212912084c63871e1f85126e": ["10", "com.google.android.gms.ads.AdActivity"]}, {"b3b28e59212912084c63871e1f85126e": ["10", "com.google.android.gms.ads.AdActivity"]}, {"b3b28e59212912084c63871e1f85126e": ["10", "com.google.android.gms.ads.AdActivity"]}, {"b3b28e59212912084c63871e1f85126e": ["10", "com.google.android.gms.ads.AdActivity"]}, {"b3b28e59212912084c63871e1f85126e": ["10", "com.google.android.gms.ads.AdActivity"]}, {"b3b28e59212912084c63871e1f85126e": ["10", "com.google.android.gms.ads.AdActivity"]}, {"b3b28e59212912084c63871e1f85126e": ["10", "com.google.android.gms.ads.AdActivity"]}, {"b3b28e59212912084c63871e1f85126e": ["10", "com.google.android.gms.ads.AdActivity"]}, {"b3b28e59212912084c63871e1f85126e": ["10", "com.google.android.gms.ads.AdActivity"]}, {"b3b28e59212912084c63871e1f85126e": ["10", "com.google.android.gms.ads.AdActivity"]}, {"b3b28e59212912084c63871e1f85126e": ["10", "com.google.android.gms.ads.AdActivity"]}, {"b3b28e59212912084c63871e1f85126e": ["10", "com.google.android.gms.ads.AdActivity"]}, {"b3b28e59212912084c63871e1f85126e": ["10", "com.google.android.gms.ads.AdActivity"]}, {"b3b28e59212912084c63871e1f85126e": ["10", "com.google.android.gms.ads.AdActivity"]}, {"b3b28e59212912084c63871e1f85126e": ["10", "com.google.android.gms.ads.AdActivity"]}, {"b3b28e59212912084c63871e1f85126e": ["10", "com.google.android.gms.ads.AdActivity"]}, {"b3b28e59212912084c63871e1f85126e": ["10", "com.google.android.gms.ads.AdActivity"]}, {"b3b28e59212912084c63871e1f85126e": ["10", "com.google.android.gms.ads.AdActivity"]}, {"b3b28e59212912084c63871e1f85126e": ["10", "com.google.android.gms.ads.AdActivity"]}, {"b3b28e59212912084c63871e1f85126e": ["10", "com.google.android.gms.ads.AdActivity"]}, {"b3b28e59212912084c63871e1f85126e": ["10", "com.google.android.gms.ads.AdActivity"]}, {"b3b28e59212912084c63871e1f85126e": ["10", "com.google.android.gms.ads.AdActivity"]}, {"b3b28e59212912084c63871e1f85126e": ["10", "com.google.android.gms.ads.AdActivity"]}, {"b3b28e59212912084c63871e1f85126e": ["10", "com.google.android.gms.ads.AdActivity"]}, {"b3b28e59212912084c63871e1f85126e": ["10", "com.google.android.gms.ads.AdActivity"]}, {"b3b28e59212912084c63871e1f85126e": ["10", "com.google.android.gms.ads.AdActivity"]}, {"b3b28e59212912084c63871e1f85126e": ["10", "com.google.android.gms.ads.AdActivity"]}, {"b3b28e59212912084c63871e1f85126e": ["10", "com.google.android.gms.ads.AdActivity"]}, {"b3b28e59212912084c63871e1f85126e": ["10", "com.google.android.gms.ads.AdActivity"]}, {"b3b28e59212912084c63871e1f85126e": ["10", "com.google.android.gms.ads.AdActivity"]}, {"b3b28e59212912084c63871e1f85126e": ["10", "com.google.android.gms.ads.AdActivity"]}, {"b3b28e59212912084c63871e1f85126e": ["10", "com.google.android.gms.ads.AdActivity"]}, {"b3b28e59212912084c63871e1f85126e": ["10", "com.google.android.gms.ads.AdActivity"]}, {"b3b28e59212912084c63871e1f85126e": ["10", "com.google.android.gms.ads.AdActivity"]}, {"b3b28e59212912084c63871e1f85126e": ["10", "com.google.android.gms.ads.AdActivity"]}, {"b3b28e59212912084c63871e1f85126e": ["10", "com.google.android.gms.ads.AdActivity"]}, {"b3b28e59212912084c63871e1f85126e": ["10", "com.google.android.gms.ads.AdActivity"]}, {"b3b28e59212912084c63871e1f85126e": ["10", "com.google.android.gms.ads.AdActivity"]}, {"b3b28e59212912084c63871e1f85126e": ["10", "com.google.android.gms.ads.AdActivity"]}, {"b3b28e59212912084c63871e1f85126e": ["10", "com.google.android.gms.ads.AdActivity"]}, {"b3b28e59212912084c63871e1f85126e": ["10", "com.google.android.gms.ads.AdActivity"]}, {"b3b28e59212912084c63871e1f85126e": ["10", "com.google.android.gms.ads.AdActivity"]}, {"b3b28e59212912084c63871e1f85126e": ["10", "com.google.android.gms.ads.AdActivity"]}, {"b3b28e59212912084c63871e1f85126e": ["10", "com.google.android.gms.ads.AdActivity"]}, {"b3b28e59212912084c63871e1f85126e": ["10", "com.google.android.gms.ads.AdActivity"]}, {"b3b28e59212912084c63871e1f85126e": ["10", "com.google.android.gms.ads.AdActivity"]}, {"b3b28e59212912084c63871e1f85126e": ["10", "com.google.android.gms.ads.AdActivity"]}, {"b3b28e59212912084c63871e1f85126e": ["10", "com.google.android.gms.ads.AdActivity"]}, {"b3b28e59212912084c63871e1f85126e": ["10", "com.google.android.gms.ads.AdActivity"]}, {"b3b28e59212912084c63871e1f85126e": ["10", "com.google.android.gms.ads.AdActivity"]}, {"b3b28e59212912084c63871e1f85126e": ["10", "com.google.android.gms.ads.AdActivity"]}, {"b3b28e59212912084c63871e1f85126e": ["10", "com.google.android.gms.ads.AdActivity"]}, {"b3b28e59212912084c63871e1f85126e": ["10", "com.google.android.gms.ads.AdActivity"]}, {"b3b28e59212912084c63871e1f85126e": ["10", "com.google.android.gms.ads.AdActivity"]}, {"b3b28e59212912084c63871e1f85126e": ["10", "com.google.android.gms.ads.AdActivity"]}, {"b3b28e59212912084c63871e1f85126e": ["10", "com.google.android.gms.ads.AdActivity"]}, {"b3b28e59212912084c63871e1f85126e": ["10", "com.google.android.gms.ads.AdActivity"]}, {"b3b28e59212912084c63871e1f85126e": ["10", "com.google.android.gms.ads.AdActivity"]}, {"b3b28e59212912084c63871e1f85126e": ["10", "com.google.android.gms.ads.AdActivity"]}, {"b3b28e59212912084c63871e1f85126e": ["10", "com.google.android.gms.ads.AdActivity"]}, {"b3b28e59212912084c63871e1f85126e": ["10", "com.google.android.gms.ads.AdActivity"]}, {"b3b28e59212912084c63871e1f85126e": ["10", "com.google.android.gms.ads.AdActivity"]}, {"b3b28e59212912084c63871e1f85126e": ["10", "com.google.android.gms.ads.AdActivity"]}, {"b3b28e59212912084c63871e1f85126e": ["10", "com.google.android.gms.ads.AdActivity"]}, {"b3b28e59212912084c63871e1f85126e": ["10", "com.google.android.gms.ads.AdActivity"]}, {"b3b28e59212912084c63871e1f85126e": ["10", "com.google.android.gms.ads.AdActivity"]}, {"b3b28e59212912084c63871e1f85126e": ["10", "com.google.android.gms.ads.AdActivity"]}, {"b3b28e59212912084c63871e1f85126e": ["10", "com.google.android.gms.ads.AdActivity"]}, {"b3b28e59212912084c63871e1f85126e": ["10", "com.google.android.gms.ads.AdActivity"]}, {"b3b28e59212912084c63871e1f85126e": ["10", "com.google.android.gms.ads.AdActivity"]}, {"b3b28e59212912084c63871e1f85126e": ["10", "com.google.android.gms.ads.AdActivity"]}, {"b3b28e59212912084c63871e1f85126e": ["10", "com.google.android.gms.ads.AdActivity"]}, {"b3b28e59212912084c63871e1f85126e": ["10", "com.google.android.gms.ads.AdActivity"]}, {"b3b28e59212912084c63871e1f85126e": ["10", "com.google.android.gms.ads.AdActivity"]}, {"b3b28e59212912084c63871e1f85126e": ["10", "com.google.android.gms.ads.AdActivity"]}, {"b3b28e59212912084c63871e1f85126e": ["10", "com.google.android.gms.ads.AdActivity"]}, {"b3b28e59212912084c63871e1f85126e": ["10", "com.google.android.gms.ads.AdActivity"]}, {"b3b28e59212912084c63871e1f85126e": ["10", "com.google.android.gms.ads.AdActivity"]}, {"b3b28e59212912084c63871e1f85126e": ["10", "com.google.android.gms.ads.AdActivity"]}, {"b3b28e59212912084c63871e1f85126e": ["10", "com.google.android.gms.ads.AdActivity"]}, {"b3b28e59212912084c63871e1f85126e": ["10", "com.google.android.gms.ads.AdActivity"]}, {"b3b28e59212912084c63871e1f85126e": ["10", "com.google.android.gms.ads.AdActivity"]}, {"b3b28e59212912084c63871e1f85126e": ["10", "com.google.android.gms.ads.AdActivity"]}, {"b3b28e59212912084c63871e1f85126e": ["10", "com.google.android.gms.ads.AdActivity"]}, {"b3b28e59212912084c63871e1f85126e": ["10", "com.google.android.gms.ads.AdActivity"]}, {"b3b28e59212912084c63871e1f85126e": ["10", "com.google.android.gms.ads.AdActivity"]}, {"b3b28e59212912084c63871e1f85126e": ["10", "com.google.android.gms.ads.AdActivity"]}, {"b3b28e59212912084c63871e1f85126e": ["10", "com.google.android.gms.ads.AdActivity"]}, {"b3b28e59212912084c63871e1f85126e": ["10", "com.google.android.gms.ads.AdActivity"]}, {"b3b28e59212912084c63871e1f85126e": ["10", "com.google.android.gms.ads.AdActivity"]}, {"b3b28e59212912084c63871e1f85126e": ["10", "com.google.android.gms.ads.AdActivity"]}, {"b3b28e59212912084c63871e1f85126e": ["10", "com.google.android.gms.ads.AdActivity"]}, {"b3b28e59212912084c63871e1f85126e": ["10", "com.google.android.gms.ads.AdActivity"]}, {"b3b28e59212912084c63871e1f85126e": ["10", "com.google.android.gms.ads.AdActivity"]}, {"b3b28e59212912084c63871e1f85126e": ["10", "com.google.android.gms.ads.AdActivity"]}, {"b3b28e59212912084c63871e1f85126e": ["10", "com.google.android.gms.ads.AdActivity"]}, {"b3b28e59212912084c63871e1f85126e": ["10", "com.google.android.gms.ads.AdActivity"]}, {"b3b28e59212912084c63871e1f85126e": ["10", "com.google.android.gms.ads.AdActivity"]}, {"b3b28e59212912084c63871e1f85126e": ["10", "com.google.android.gms.ads.AdActivity"]}, {"b3b28e59212912084c63871e1f85126e": ["10", "com.google.android.gms.ads.AdActivity"]}, {"b3b28e59212912084c63871e1f85126e": ["10", "com.google.android.gms.ads.AdActivity"]}, {"b3b28e59212912084c63871e1f85126e": ["10", "com.google.android.gms.ads.AdActivity"]}, {"b3b28e59212912084c63871e1f85126e": ["10", "com.google.android.gms.ads.AdActivity"]}, {"b3b28e59212912084c63871e1f85126e": ["10", "com.google.android.gms.ads.AdActivity"]}, {"b3b28e59212912084c63871e1f85126e": ["10", "com.google.android.gms.ads.AdActivity"]}, {"b3b28e59212912084c63871e1f85126e": ["10", "com.google.android.gms.ads.AdActivity"]}, {"b3b28e59212912084c63871e1f85126e": ["10", "com.google.android.gms.ads.AdActivity"]}, {"b3b28e59212912084c63871e1f85126e": ["10", "com.google.android.gms.ads.AdActivity"]}, {"b3b28e59212912084c63871e1f85126e": ["10", "com.google.android.gms.ads.AdActivity"]}, {"b3b28e59212912084c63871e1f85126e": ["10", "com.google.android.gms.ads.AdActivity"]}, {"b3b28e59212912084c63871e1f85126e": ["10", "com.google.android.gms.ads.AdActivity"]}, {"b3b28e59212912084c63871e1f85126e": ["10", "com.google.android.gms.ads.AdActivity"]}, {"b3b28e59212912084c63871e1f85126e": ["10", "com.google.android.gms.ads.AdActivity"]}, {"b3b28e59212912084c63871e1f85126e": ["10", "com.google.android.gms.ads.AdActivity"]}, {"b3b28e59212912084c63871e1f85126e": ["10", "com.google.android.gms.ads.AdActivity"]}, {"b3b28e59212912084c63871e1f85126e": ["10", "com.google.android.gms.ads.AdActivity"]}, {"b3b28e59212912084c63871e1f85126e": ["10", "com.google.android.gms.ads.AdActivity"]}, {"b3b28e59212912084c63871e1f85126e": ["10", "com.google.android.gms.ads.AdActivity"]}, {"b3b28e59212912084c63871e1f85126e": ["10", "com.google.android.gms.ads.AdActivity"]}, {"b3b28e59212912084c63871e1f85126e": ["10", "com.google.android.gms.ads.AdActivity"]}, {"b3b28e59212912084c63871e1f85126e": ["10", "com.google.android.gms.ads.AdActivity"]}, {"b3b28e59212912084c63871e1f85126e": ["10", "com.google.android.gms.ads.AdActivity"]}, {"b3b28e59212912084c63871e1f85126e": ["10", "com.google.android.gms.ads.AdActivity"]}, {"b3b28e59212912084c63871e1f85126e": ["10", "com.google.android.gms.ads.AdActivity"]}, {"b3b28e59212912084c63871e1f85126e": ["10", "com.google.android.gms.ads.AdActivity"]}, {"b3b28e59212912084c63871e1f85126e": ["10", "com.google.android.gms.ads.AdActivity"]}, {"b3b28e59212912084c63871e1f85126e": ["10", "com.google.android.gms.ads.AdActivity"]}, {"b3b28e59212912084c63871e1f85126e": ["10", "com.google.android.gms.ads.AdActivity"]}, {"b3b28e59212912084c63871e1f85126e": ["10", "com.google.android.gms.ads.AdActivity"]}, {"b3b28e59212912084c63871e1f85126e": ["10", "com.google.android.gms.ads.AdActivity"]}, {"b3b28e59212912084c63871e1f85126e": ["10", "com.google.android.gms.ads.AdActivity"]}, {"b3b28e59212912084c63871e1f85126e": ["10", "com.google.android.gms.ads.AdActivity"]}, {"b3b28e59212912084c63871e1f85126e": ["10", "com.google.android.gms.ads.AdActivity"]}, {"b3b28e59212912084c63871e1f85126e": ["10", "com.google.android.gms.ads.AdActivity"]}, {"b3b28e59212912084c63871e1f85126e": ["10", "com.google.android.gms.ads.AdActivity"]}, {"b3b28e59212912084c63871e1f85126e": ["10", "com.google.android.gms.ads.AdActivity"]}, {"b3b28e59212912084c63871e1f85126e": ["10", "com.google.android.gms.ads.AdActivity"]}, {"b3b28e59212912084c63871e1f85126e": ["10", "com.google.android.gms.ads.AdActivity"]}, {"b3b28e59212912084c63871e1f85126e": ["10", "com.google.android.gms.ads.AdActivity"]}, {"b3b28e59212912084c63871e1f85126e": ["10", "com.google.android.gms.ads.AdActivity"]}, {"b3b28e59212912084c63871e1f85126e": ["10", "com.google.android.gms.ads.AdActivity"]}, {"b3b28e59212912084c63871e1f85126e": ["10", "com.google.android.gms.ads.AdActivity"]}, {"b3b28e59212912084c63871e1f85126e": ["10", "com.google.android.gms.ads.AdActivity"]}, {"b3b28e59212912084c63871e1f85126e": ["10", "com.google.android.gms.ads.AdActivity"]}, {"b3b28e59212912084c63871e1f85126e": ["10", "com.google.android.gms.ads.AdActivity"]}, {"b3b28e59212912084c63871e1f85126e": ["10", "com.google.android.gms.ads.AdActivity"]}, {"b3b28e59212912084c63871e1f85126e": ["10", "com.google.android.gms.ads.AdActivity"]}, {"b3b28e59212912084c63871e1f85126e": ["10", "com.google.android.gms.ads.AdActivity"]}, {"b3b28e59212912084c63871e1f85126e": ["10", "com.google.android.gms.ads.AdActivity"]}, {"b3b28e59212912084c63871e1f85126e": ["10", "com.google.android.gms.ads.AdActivity"]}, {"b3b28e59212912084c63871e1f85126e": ["10", "com.google.android.gms.ads.AdActivity"]}, {"b3b28e59212912084c63871e1f85126e": ["10", "com.google.android.gms.ads.AdActivity"]}, {"b3b28e59212912084c63871e1f85126e": ["10", "com.google.android.gms.ads.AdActivity"]}, {"b3b28e59212912084c63871e1f85126e": ["10", "com.google.android.gms.ads.AdActivity"]}, {"b3b28e59212912084c63871e1f85126e": ["10", "com.google.android.gms.ads.AdActivity"]}, {"b3b28e59212912084c63871e1f85126e": ["10", "com.google.android.gms.ads.AdActivity"]}, {"b3b28e59212912084c63871e1f85126e": ["10", "com.google.android.gms.ads.AdActivity"]}, {"b3b28e59212912084c63871e1f85126e": ["10", "com.google.android.gms.ads.AdActivity"]}, {"b3b28e59212912084c63871e1f85126e": ["10", "com.google.android.gms.ads.AdActivity"]}, {"b3b28e59212912084c63871e1f85126e": ["10", "com.google.android.gms.ads.AdActivity"]}, {"b3b28e59212912084c63871e1f85126e": ["10", "com.google.android.gms.ads.AdActivity"]}, {"b3b28e59212912084c63871e1f85126e": ["10", "com.google.android.gms.ads.AdActivity"]}, {"b3b28e59212912084c63871e1f85126e": ["10", "com.google.android.gms.ads.AdActivity"]}, {"b3b28e59212912084c63871e1f85126e": ["10", "com.google.android.gms.ads.AdActivity"]}, {"b3b28e59212912084c63871e1f85126e": ["10", "com.google.android.gms.ads.AdActivity"]}, {"b3b28e59212912084c63871e1f85126e": ["10", "com.google.android.gms.ads.AdActivity"]}, {"b3b28e59212912084c63871e1f85126e": ["10", "com.google.android.gms.ads.AdActivity"]}, {"b3b28e59212912084c63871e1f85126e": ["10", "com.google.android.gms.ads.AdActivity"]}, {"b3b28e59212912084c63871e1f85126e": ["10", "com.google.android.gms.ads.AdActivity"]}, {"b3b28e59212912084c63871e1f85126e": ["10", "com.google.android.gms.ads.AdActivity"]}, {"b3b28e59212912084c63871e1f85126e": ["10", "com.google.android.gms.ads.AdActivity"]}, {"b3b28e59212912084c63871e1f85126e": ["10", "com.google.android.gms.ads.AdActivity"]}, {"b3b28e59212912084c63871e1f85126e": ["10", "com.google.android.gms.ads.AdActivity"]}, {"b3b28e59212912084c63871e1f85126e": ["10", "com.google.android.gms.ads.AdActivity"]}, {"b3b28e59212912084c63871e1f85126e": ["10", "com.google.android.gms.ads.AdActivity"]}, {"b3b28e59212912084c63871e1f85126e": ["10", "com.google.android.gms.ads.AdActivity"]}, {"b3b28e59212912084c63871e1f85126e": ["10", "com.google.android.gms.ads.AdActivity"]}, {"b3b28e59212912084c63871e1f85126e": ["10", "com.google.android.gms.ads.AdActivity"]}, {"b3b28e59212912084c63871e1f85126e": ["10", "com.google.android.gms.ads.AdActivity"]}, {"b3b28e59212912084c63871e1f85126e": ["10", "com.google.android.gms.ads.AdActivity"]}, {"b3b28e59212912084c63871e1f85126e": ["10", "com.google.android.gms.ads.AdActivity"]}, {"b3b28e59212912084c63871e1f85126e": ["10", "com.google.android.gms.ads.AdActivity"]}, {"b3b28e59212912084c63871e1f85126e": ["10", "com.google.android.gms.ads.AdActivity"]}, {"b3b28e59212912084c63871e1f85126e": ["10", "com.google.android.gms.ads.AdActivity"]}, {"b3b28e59212912084c63871e1f85126e": ["10", "com.google.android.gms.ads.AdActivity"]}, {"b3b28e59212912084c63871e1f85126e": ["10", "com.google.android.gms.ads.AdActivity"]}, {"b3b28e59212912084c63871e1f85126e": ["10", "com.google.android.gms.ads.AdActivity"]}, {"b3b28e59212912084c63871e1f85126e": ["10", "com.google.android.gms.ads.AdActivity"]}, {"b3b28e59212912084c63871e1f85126e": ["10", "com.google.android.gms.ads.AdActivity"]}, {"b3b28e59212912084c63871e1f85126e": ["10", "com.google.android.gms.ads.AdActivity"]}, {"b3b28e59212912084c63871e1f85126e": ["10", "com.google.android.gms.ads.AdActivity"]}, {"b3b28e59212912084c63871e1f85126e": ["10", "com.google.android.gms.ads.AdActivity"]}, {"b3b28e59212912084c63871e1f85126e": ["10", "com.google.android.gms.ads.AdActivity"]}, {"b3b28e59212912084c63871e1f85126e": ["10", "com.google.android.gms.ads.AdActivity"]}, {"b3b28e59212912084c63871e1f85126e": ["10", "com.google.android.gms.ads.AdActivity"]}, {"b3b28e59212912084c63871e1f85126e": ["10", "com.google.android.gms.ads.AdActivity"]}, {"b3b28e59212912084c63871e1f85126e": ["10", "com.google.android.gms.ads.AdActivity"]}, {"b3b28e59212912084c63871e1f85126e": ["10", "com.google.android.gms.ads.AdActivity"]}, {"b3b28e59212912084c63871e1f85126e": ["10", "com.google.android.gms.ads.AdActivity"]}, {"b3b28e59212912084c63871e1f85126e": ["10", "com.google.android.gms.ads.AdActivity"]}, {"b3b28e59212912084c63871e1f85126e": ["10", "com.google.android.gms.ads.AdActivity"]}, {"b3b28e59212912084c63871e1f85126e": ["10", "com.google.android.gms.ads.AdActivity"]}, {"b3b28e59212912084c63871e1f85126e": ["10", "com.google.android.gms.ads.AdActivity"]}, {"b3b28e59212912084c63871e1f85126e": ["10", "com.google.android.gms.ads.AdActivity"]}, {"b3b28e59212912084c63871e1f85126e": ["10", "com.google.android.gms.ads.AdActivity"]}, {"b3b28e59212912084c63871e1f85126e": ["10", "com.google.android.gms.ads.AdActivity"]}, {"b3b28e59212912084c63871e1f85126e": ["10", "com.google.android.gms.ads.AdActivity"]}, {"b3b28e59212912084c63871e1f85126e": ["10", "com.google.android.gms.ads.AdActivity"]}, {"b3b28e59212912084c63871e1f85126e": ["10", "com.google.android.gms.ads.AdActivity"]}, {"b3b28e59212912084c63871e1f85126e": ["10", "com.google.android.gms.ads.AdActivity"]}, {"b3b28e59212912084c63871e1f85126e": ["10", "com.google.android.gms.ads.AdActivity"]}, {"b3b28e59212912084c63871e1f85126e": ["10", "com.google.android.gms.ads.AdActivity"]}, {"b3b28e59212912084c63871e1f85126e": ["10", "com.google.android.gms.ads.AdActivity"]}, {"b3b28e59212912084c63871e1f85126e": ["10", "com.google.android.gms.ads.AdActivity"]}, {"b3b28e59212912084c63871e1f85126e": ["10", "com.google.android.gms.ads.AdActivity"]}, {"b3b28e59212912084c63871e1f85126e": ["10", "com.google.android.gms.ads.AdActivity"]}, {"b3b28e59212912084c63871e1f85126e": ["10", "com.google.android.gms.ads.AdActivity"]}, {"b3b28e59212912084c63871e1f85126e": ["10", "com.google.android.gms.ads.AdActivity"]}, {"b3b28e59212912084c63871e1f85126e": ["10", "com.google.android.gms.ads.AdActivity"]}, {"b3b28e59212912084c63871e1f85126e": ["10", "com.google.android.gms.ads.AdActivity"]}, {"b3b28e59212912084c63871e1f85126e": ["10", "com.google.android.gms.ads.AdActivity"]}, {"b3b28e59212912084c63871e1f85126e": ["10", "com.google.android.gms.ads.AdActivity"]}, {"b3b28e59212912084c63871e1f85126e": ["10", "com.google.android.gms.ads.AdActivity"]}, {"b3b28e59212912084c63871e1f85126e": ["10", "com.google.android.gms.ads.AdActivity"]}, {"b3b28e59212912084c63871e1f85126e": ["10", "com.google.android.gms.ads.AdActivity"]}, {"b3b28e59212912084c63871e1f85126e": ["10", "com.google.android.gms.ads.AdActivity"]}, {"b3b28e59212912084c63871e1f85126e": ["10", "com.google.android.gms.ads.AdActivity"]}, {"b3b28e59212912084c63871e1f85126e": ["10", "com.google.android.gms.ads.AdActivity"]}, {"b3b28e59212912084c63871e1f85126e": ["10", "com.google.android.gms.ads.AdActivity"]}, {"b3b28e59212912084c63871e1f85126e": ["10", "com.google.android.gms.ads.AdActivity"]}, {"b3b28e59212912084c63871e1f85126e": ["10", "com.google.android.gms.ads.AdActivity"]}, {"b3b28e59212912084c63871e1f85126e": ["10", "com.google.android.gms.ads.AdActivity"]}, {"b3b28e59212912084c63871e1f85126e": ["10", "com.google.android.gms.ads.AdActivity"]}, {"b3b28e59212912084c63871e1f85126e": ["10", "com.google.android.gms.ads.AdActivity"]}, {"b3b28e59212912084c63871e1f85126e": ["10", "com.google.android.gms.ads.AdActivity"]}, {"b3b28e59212912084c63871e1f85126e": ["10", "com.google.android.gms.ads.AdActivity"]}, {"b3b28e59212912084c63871e1f85126e": ["10", "com.google.android.gms.ads.AdActivity"]}, {"b3b28e59212912084c63871e1f85126e": ["10", "com.google.android.gms.ads.AdActivity"]}, {"b3b28e59212912084c63871e1f85126e": ["10", "com.google.android.gms.ads.AdActivity"]}, {"b3b28e59212912084c63871e1f85126e": ["10", "com.google.android.gms.ads.AdActivity"]}, {"b3b28e59212912084c63871e1f85126e": ["10", "com.google.android.gms.ads.AdActivity"]}, {"b3b28e59212912084c63871e1f85126e": ["10", "com.google.android.gms.ads.AdActivity"]}, {"b3b28e59212912084c63871e1f85126e": ["10", "com.google.android.gms.ads.AdActivity"]}, {"b3b28e59212912084c63871e1f85126e": ["10", "com.google.android.gms.ads.AdActivity"]}, {"b3b28e59212912084c63871e1f85126e": ["10", "com.google.android.gms.ads.AdActivity"]}, {"b3b28e59212912084c63871e1f85126e": ["10", "com.google.android.gms.ads.AdActivity"]}, {"b3b28e59212912084c63871e1f85126e": ["10", "com.google.android.gms.ads.AdActivity"]}, {"b3b28e59212912084c63871e1f85126e": ["10", "com.google.android.gms.ads.AdActivity"]}, {"b3b28e59212912084c63871e1f85126e": ["10", "com.google.android.gms.ads.AdActivity"]}, {"b3b28e59212912084c63871e1f85126e": ["10", "com.google.android.gms.ads.AdActivity"]}, {"b3b28e59212912084c63871e1f85126e": ["10", "com.google.android.gms.ads.AdActivity"]}, {"b3b28e59212912084c63871e1f85126e": ["10", "com.google.android.gms.ads.AdActivity"]}, {"b3b28e59212912084c63871e1f85126e": ["10", "com.google.android.gms.ads.AdActivity"]}, {"b3b28e59212912084c63871e1f85126e": ["10", "com.google.android.gms.ads.AdActivity"]}, {"b3b28e59212912084c63871e1f85126e": ["10", "com.google.android.gms.ads.AdActivity"]}, {"b3b28e59212912084c63871e1f85126e": ["10", "com.google.android.gms.ads.AdActivity"]}, {"b3b28e59212912084c63871e1f85126e": ["10", "com.google.android.gms.ads.AdActivity"]}, {"b3b28e59212912084c63871e1f85126e": ["10", "com.google.android.gms.ads.AdActivity"]}, {"b3b28e59212912084c63871e1f85126e": ["10", "com.google.android.gms.ads.AdActivity"]}, {"b3b28e59212912084c63871e1f85126e": ["10", "com.google.android.gms.ads.AdActivity"]}, {"b3b28e59212912084c63871e1f85126e": ["10", "com.google.android.gms.ads.AdActivity"]}, {"b3b28e59212912084c63871e1f85126e": ["10", "com.google.android.gms.ads.AdActivity"]}, {"b3b28e59212912084c63871e1f85126e": ["10", "com.google.android.gms.ads.AdActivity"]}, {"b3b28e59212912084c63871e1f85126e": ["10", "com.google.android.gms.ads.AdActivity"]}, {"b3b28e59212912084c63871e1f85126e": ["10", "com.google.android.gms.ads.AdActivity"]}, {"b3b28e59212912084c63871e1f85126e": ["10", "com.google.android.gms.ads.AdActivity"]}, {"b3b28e59212912084c63871e1f85126e": ["10", "com.google.android.gms.ads.AdActivity"]}, {"b3b28e59212912084c63871e1f85126e": ["10", "com.google.android.gms.ads.AdActivity"]}, {"b3b28e59212912084c63871e1f85126e": ["10", "com.google.android.gms.ads.AdActivity"]}, {"b3b28e59212912084c63871e1f85126e": ["10", "com.google.android.gms.ads.AdActivity"]}, {"b3b28e59212912084c63871e1f85126e": ["10", "com.google.android.gms.ads.AdActivity"]}, {"b3b28e59212912084c63871e1f85126e": ["10", "com.google.android.gms.ads.AdActivity"]}, {"b3b28e59212912084c63871e1f85126e": ["10", "com.google.android.gms.ads.AdActivity"]}, {"b3b28e59212912084c63871e1f85126e": ["10", "com.google.android.gms.ads.AdActivity"]}, {"b3b28e59212912084c63871e1f85126e": ["10", "com.google.android.gms.ads.AdActivity"]}, {"b3b28e59212912084c63871e1f85126e": ["10", "com.google.android.gms.ads.AdActivity"]}, {"b3b28e59212912084c63871e1f85126e": ["10", "com.google.android.gms.ads.AdActivity"]}, {"b3b28e59212912084c63871e1f85126e": ["10", "com.google.android.gms.ads.AdActivity"]}, {"b3b28e59212912084c63871e1f85126e": ["10", "com.google.android.gms.ads.AdActivity"]}, {"b3b28e59212912084c63871e1f85126e": ["10", "com.google.android.gms.ads.AdActivity"]}, {"b3b28e59212912084c63871e1f85126e": ["10", "com.google.android.gms.ads.AdActivity"]}, {"b3b28e59212912084c63871e1f85126e": ["10", "com.google.android.gms.ads.AdActivity"]}, {"b3b28e59212912084c63871e1f85126e": ["10", "com.google.android.gms.ads.AdActivity"]}, {"b3b28e59212912084c63871e1f85126e": ["10", "com.google.android.gms.ads.AdActivity"]}, {"b3b28e59212912084c63871e1f85126e": ["10", "com.google.android.gms.ads.AdActivity"]}, {"b3b28e59212912084c63871e1f85126e": ["10", "com.google.android.gms.ads.AdActivity"]}, {"b3b28e59212912084c63871e1f85126e": ["10", "com.google.android.gms.ads.AdActivity"]}, {"b3b28e59212912084c63871e1f85126e": ["10", "com.google.android.gms.ads.AdActivity"]}, {"b3b28e59212912084c63871e1f85126e": ["10", "com.google.android.gms.ads.AdActivity"]}, {"b3b28e59212912084c63871e1f85126e": ["10", "com.google.android.gms.ads.AdActivity"]}, {"b3b28e59212912084c63871e1f85126e": ["10", "com.google.android.gms.ads.AdActivity"]}, {"b3b28e59212912084c63871e1f85126e": ["10", "com.google.android.gms.ads.AdActivity"]}, {"b3b28e59212912084c63871e1f85126e": ["10", "com.google.android.gms.ads.AdActivity"]}, {"b3b28e59212912084c63871e1f85126e": ["10", "com.google.android.gms.ads.AdActivity"]}, {"b3b28e59212912084c63871e1f85126e": ["10", "com.google.android.gms.ads.AdActivity"]}, {"b3b28e59212912084c63871e1f85126e": ["10", "com.google.android.gms.ads.AdActivity"]}, {"b3b28e59212912084c63871e1f85126e": ["10", "com.google.android.gms.ads.AdActivity"]}, {"b3b28e59212912084c63871e1f85126e": ["10", "com.google.android.gms.ads.AdActivity"]}, {"b3b28e59212912084c63871e1f85126e": ["10", "com.google.android.gms.ads.AdActivity"]}, {"b3b28e59212912084c63871e1f85126e": ["10", "com.google.android.gms.ads.AdActivity"]}, {"b3b28e59212912084c63871e1f85126e": ["10", "com.google.android.gms.ads.AdActivity"]}, {"b3b28e59212912084c63871e1f85126e": ["10", "com.google.android.gms.ads.AdActivity"]}, {"b3b28e59212912084c63871e1f85126e": ["10", "com.google.android.gms.ads.AdActivity"]}, {"b3b28e59212912084c63871e1f85126e": ["10", "com.google.android.gms.ads.AdActivity"]}, {"b3b28e59212912084c63871e1f85126e": ["10", "com.google.android.gms.ads.AdActivity"]}, {"b3b28e59212912084c63871e1f85126e": ["10", "com.google.android.gms.ads.AdActivity"]}, {"b3b28e59212912084c63871e1f85126e": ["10", "com.google.android.gms.ads.AdActivity"]}, {"b3b28e59212912084c63871e1f85126e": ["10", "com.google.android.gms.ads.AdActivity"]}, {"b3b28e59212912084c63871e1f85126e": ["10", "com.google.android.gms.ads.AdActivity"]}, {"b3b28e59212912084c63871e1f85126e": ["10", "com.google.android.gms.ads.AdActivity"]}, {"b3b28e59212912084c63871e1f85126e": ["10", "com.google.android.gms.ads.AdActivity"]}, {"b3b28e59212912084c63871e1f85126e": ["10", "com.google.android.gms.ads.AdActivity"]}, {"b3b28e59212912084c63871e1f85126e": ["10", "com.google.android.gms.ads.AdActivity"]}, {"b3b28e59212912084c63871e1f85126e": ["10", "com.google.android.gms.ads.AdActivity"]}, {"b3b28e59212912084c63871e1f85126e": ["10", "com.google.android.gms.ads.AdActivity"]}, {"b3b28e59212912084c63871e1f85126e": ["10", "com.google.android.gms.ads.AdActivity"]}, {"b3b28e59212912084c63871e1f85126e": ["10", "com.google.android.gms.ads.AdActivity"]}, {"b3b28e59212912084c63871e1f85126e": ["10", "com.google.android.gms.ads.AdActivity"]}, {"b3b28e59212912084c63871e1f85126e": ["10", "com.google.android.gms.ads.AdActivity"]}, {"b3b28e59212912084c63871e1f85126e": ["10", "com.google.android.gms.ads.AdActivity"]}, {"b3b28e59212912084c63871e1f85126e": ["10", "com.google.android.gms.ads.AdActivity"]}, {"b3b28e59212912084c63871e1f85126e": ["10", "com.google.android.gms.ads.AdActivity"]}, {"b3b28e59212912084c63871e1f85126e": ["10", "com.google.android.gms.ads.AdActivity"]}, {"b3b28e59212912084c63871e1f85126e": ["10", "com.google.android.gms.ads.AdActivity"]}, {"b3b28e59212912084c63871e1f85126e": ["10", "com.google.android.gms.ads.AdActivity"]}, {"b3b28e59212912084c63871e1f85126e": ["10", "com.google.android.gms.ads.AdActivity"]}, {"b3b28e59212912084c63871e1f85126e": ["10", "com.google.android.gms.ads.AdActivity"]}, {"b3b28e59212912084c63871e1f85126e": ["10", "com.google.android.gms.ads.AdActivity"]}, {"b3b28e59212912084c63871e1f85126e": ["10", "com.google.android.gms.ads.AdActivity"]}, {"b3b28e59212912084c63871e1f85126e": ["10", "com.google.android.gms.ads.AdActivity"]}, {"b3b28e59212912084c63871e1f85126e": ["10", "com.google.android.gms.ads.AdActivity"]}, {"b3b28e59212912084c63871e1f85126e": ["10", "com.google.android.gms.ads.AdActivity"]}, {"b3b28e59212912084c63871e1f85126e": ["10", "com.google.android.gms.ads.AdActivity"]}, {"b3b28e59212912084c63871e1f85126e": ["10", "com.google.android.gms.ads.AdActivity"]}, {"b3b28e59212912084c63871e1f85126e": ["10", "com.google.android.gms.ads.AdActivity"]}, {"b3b28e59212912084c63871e1f85126e": ["10", "com.google.android.gms.ads.AdActivity"]}, {"b3b28e59212912084c63871e1f85126e": ["10", "com.google.android.gms.ads.AdActivity"]}, {"b3b28e59212912084c63871e1f85126e": ["10", "com.google.android.gms.ads.AdActivity"]}, {"b3b28e59212912084c63871e1f85126e": ["10", "com.google.android.gms.ads.AdActivity"]}, {"b3b28e59212912084c63871e1f85126e": ["10", "com.google.android.gms.ads.AdActivity"]}, {"b3b28e59212912084c63871e1f85126e": ["10", "com.google.android.gms.ads.AdActivity"]}, {"b3b28e59212912084c63871e1f85126e": ["10", "com.google.android.gms.ads.AdActivity"]}, {"b3b28e59212912084c63871e1f85126e": ["10", "com.google.android.gms.ads.AdActivity"]}, {"b3b28e59212912084c63871e1f85126e": ["10", "com.google.android.gms.ads.AdActivity"]}, {"b3b28e59212912084c63871e1f85126e": ["10", "com.google.android.gms.ads.AdActivity"]}, {"b3b28e59212912084c63871e1f85126e": ["10", "com.google.android.gms.ads.AdActivity"]}, {"b3b28e59212912084c63871e1f85126e": ["10", "com.google.android.gms.ads.AdActivity"]}, {"b3b28e59212912084c63871e1f85126e": ["10", "com.google.android.gms.ads.AdActivity"]}, {"b3b28e59212912084c63871e1f85126e": ["10", "com.google.android.gms.ads.AdActivity"]}, {"b3b28e59212912084c63871e1f85126e": ["10", "com.google.android.gms.ads.AdActivity"]}, {"b3b28e59212912084c63871e1f85126e": ["10", "com.google.android.gms.ads.AdActivity"]}, {"b3b28e59212912084c63871e1f85126e": ["10", "com.google.android.gms.ads.AdActivity"]}, {"b3b28e59212912084c63871e1f85126e": ["10", "com.google.android.gms.ads.AdActivity"]}, {"b3b28e59212912084c63871e1f85126e": ["10", "com.google.android.gms.ads.AdActivity"]}, {"b3b28e59212912084c63871e1f85126e": ["10", "com.google.android.gms.ads.AdActivity"]}, {"b3b28e59212912084c63871e1f85126e": ["10", "com.google.android.gms.ads.AdActivity"]}, {"b3b28e59212912084c63871e1f85126e": ["10", "com.google.android.gms.ads.AdActivity"]}, {"b3b28e59212912084c63871e1f85126e": ["10", "com.google.android.gms.ads.AdActivity"]}, {"b3b28e59212912084c63871e1f85126e": ["10", "com.google.android.gms.ads.AdActivity"]}, {"b3b28e59212912084c63871e1f85126e": ["10", "com.google.android.gms.ads.AdActivity"]}, {"b3b28e59212912084c63871e1f85126e": ["10", "com.google.android.gms.ads.AdActivity"]}, {"b3b28e59212912084c63871e1f85126e": ["10", "com.google.android.gms.ads.AdActivity"]}, {"b3b28e59212912084c63871e1f85126e": ["10", "com.google.android.gms.ads.AdActivity"]}, {"b3b28e59212912084c63871e1f85126e": ["10", "com.google.android.gms.ads.AdActivity"]}, {"b3b28e59212912084c63871e1f85126e": ["10", "com.google.android.gms.ads.AdActivity"]}, {"b3b28e59212912084c63871e1f85126e": ["10", "com.google.android.gms.ads.AdActivity"]}, {"b3b28e59212912084c63871e1f85126e": ["10", "com.google.android.gms.ads.AdActivity"]}, {"b3b28e59212912084c63871e1f85126e": ["10", "com.google.android.gms.ads.AdActivity"]}, {"b3b28e59212912084c63871e1f85126e": ["10", "com.google.android.gms.ads.AdActivity"]}, {"b3b28e59212912084c63871e1f85126e": ["10", "com.google.android.gms.ads.AdActivity"]}, {"b3b28e59212912084c63871e1f85126e": ["10", "com.google.android.gms.ads.AdActivity"]}, {"b3b28e59212912084c63871e1f85126e": ["10", "com.google.android.gms.ads.AdActivity"]}, {"b3b28e59212912084c63871e1f85126e": ["10", "com.google.android.gms.ads.AdActivity"]}, {"b3b28e59212912084c63871e1f85126e": ["10", "com.google.android.gms.ads.AdActivity"]}, {"b3b28e59212912084c63871e1f85126e": ["10", "com.google.android.gms.ads.AdActivity"]}, {"b3b28e59212912084c63871e1f85126e": ["10", "com.google.android.gms.ads.AdActivity"]}, {"b3b28e59212912084c63871e1f85126e": ["10", "com.google.android.gms.ads.AdActivity"]}, {"b3b28e59212912084c63871e1f85126e": ["10", "com.google.android.gms.ads.AdActivity"]}, {"b3b28e59212912084c63871e1f85126e": ["10", "com.google.android.gms.ads.AdActivity"]}, {"b3b28e59212912084c63871e1f85126e": ["10", "com.google.android.gms.ads.AdActivity"]}, {"b3b28e59212912084c63871e1f85126e": ["10", "com.google.android.gms.ads.AdActivity"]}, {"b3b28e59212912084c63871e1f85126e": ["10", "com.google.android.gms.ads.AdActivity"]}, {"b3b28e59212912084c63871e1f85126e": ["10", "com.google.android.gms.ads.AdActivity"]}, {"b3b28e59212912084c63871e1f85126e": ["10", "com.google.android.gms.ads.AdActivity"]}, {"b3b28e59212912084c63871e1f85126e": ["10", "com.google.android.gms.ads.AdActivity"]}, {"b3b28e59212912084c63871e1f85126e": ["10", "com.google.android.gms.ads.AdActivity"]}, {"b3b28e59212912084c63871e1f85126e": ["10", "com.google.android.gms.ads.AdActivity"]}, {"b3b28e59212912084c63871e1f85126e": ["10", "com.google.android.gms.ads.AdActivity"]}, {"b3b28e59212912084c63871e1f85126e": ["10", "com.google.android.gms.ads.AdActivity"]}, {"b3b28e59212912084c63871e1f85126e": ["10", "com.google.android.gms.ads.AdActivity"]}, {"b3b28e59212912084c63871e1f85126e": ["10", "com.google.android.gms.ads.AdActivity"]}, {"b3b28e59212912084c63871e1f85126e": ["10", "com.google.android.gms.ads.AdActivity"]}, {"b3b28e59212912084c63871e1f85126e": ["10", "com.google.android.gms.ads.AdActivity"]}, {"b3b28e59212912084c63871e1f85126e": ["10", "com.google.android.gms.ads.AdActivity"]}, {"b3b28e59212912084c63871e1f85126e": ["10", "com.google.android.gms.ads.AdActivity"]}, {"b3b28e59212912084c63871e1f85126e": ["10", "com.google.android.gms.ads.AdActivity"]}, {"b3b28e59212912084c63871e1f85126e": ["10", "com.google.android.gms.ads.AdActivity"]}, {"b3b28e59212912084c63871e1f85126e": ["10", "com.google.android.gms.ads.AdActivity"]}, {"b3b28e59212912084c63871e1f85126e": ["10", "com.google.android.gms.ads.AdActivity"]}, {"b3b28e59212912084c63871e1f85126e": ["10", "com.google.android.gms.ads.AdActivity"]}, {"b3b28e59212912084c63871e1f85126e": ["10", "com.google.android.gms.ads.AdActivity"]}, {"b3b28e59212912084c63871e1f85126e": ["10", "com.google.android.gms.ads.AdActivity"]}, {"b3b28e59212912084c63871e1f85126e": ["10", "com.google.android.gms.ads.AdActivity"]}, {"b3b28e59212912084c63871e1f85126e": ["10", "com.google.android.gms.ads.AdActivity"]}, {"b3b28e59212912084c63871e1f85126e": ["10", "com.google.android.gms.ads.AdActivity"]}, {"b3b28e59212912084c63871e1f85126e": ["10", "com.google.android.gms.ads.AdActivity"]}, {"b3b28e59212912084c63871e1f85126e": ["10", "com.google.android.gms.ads.AdActivity"]}, {"b3b28e59212912084c63871e1f85126e": ["10", "com.google.android.gms.ads.AdActivity"]}, {"b3b28e59212912084c63871e1f85126e": ["10", "com.google.android.gms.ads.AdActivity"]}, {"b3b28e59212912084c63871e1f85126e": ["10", "com.google.android.gms.ads.AdActivity"]}, {"b3b28e59212912084c63871e1f85126e": ["10", "com.google.android.gms.ads.AdActivity"]}, {"6c3fa09ce508066ce9d994070725536d": ["609", "net.zedge.android.activity.ControllerActivity"]}, {"642ed4abe64a7c9d8bf02235f907fdbc": ["255", "net.zedge.android.activity.ControllerActivity"]}, {"cd09d4726dcb3bc32efa75b4d073ba50": ["157", "net.zedge.android.activity.ControllerActivity"]}, {"3fd82a2b744f7833a73286dd028f825b": ["16", "net.zedge.android.activity.ControllerActivity"]}, {"3fd82a2b744f7833a73286dd028f825b": ["16", "net.zedge.android.activity.ControllerActivity"]}, {"642ed4abe64a7c9d8bf02235f907fdbc": ["255", "net.zedge.android.activity.ControllerActivity"]}, {"8b60b05061c54b98d21ca0840b10f2bc": ["42", "net.zedge.android.activity.ControllerActivity"]}, {"aca3c01c76eaac85bfffe38fcb8ec4b2": ["43", "net.zedge.android.activity.ControllerActivity"]}, {"aca3c01c76eaac85bfffe38fcb8ec4b2": ["43", "net.zedge.android.activity.ControllerActivity"]}, {"aca3c01c76eaac85bfffe38fcb8ec4b2": ["43", "net.zedge.android.activity.ControllerActivity"]}, {"8b60b05061c54b98d21ca0840b10f2bc": ["42", "net.zedge.android.activity.ControllerActivity"]}, {"96d669192e5c392e1c0ad6d1dc942fea": ["256", "com.google.android.gms.ads.AdActivity"]}, {"b3b28e59212912084c63871e1f85126e": ["10", "com.google.android.gms.ads.AdActivity"]}, {"b3b28e59212912084c63871e1f85126e": ["10", "com.google.android.gms.ads.AdActivity"]}, {"b3b28e59212912084c63871e1f85126e": ["10", "com.google.android.gms.ads.AdActivity"]}, {"b3b28e59212912084c63871e1f85126e": ["10", "com.google.android.gms.ads.AdActivity"]}, {"b3b28e59212912084c63871e1f85126e": ["10", "com.google.android.gms.ads.AdActivity"]}, {"b3b28e59212912084c63871e1f85126e": ["10", "com.google.android.gms.ads.AdActivity"]}, {"b3b28e59212912084c63871e1f85126e": ["10", "com.google.android.gms.ads.AdActivity"]}, {"b3b28e59212912084c63871e1f85126e": ["10", "com.google.android.gms.ads.AdActivity"]}, {"b3b28e59212912084c63871e1f85126e": ["10", "com.google.android.gms.ads.AdActivity"]}, {"b3b28e59212912084c63871e1f85126e": ["10", "com.google.android.gms.ads.AdActivity"]}, {"b3b28e59212912084c63871e1f85126e": ["10", "com.google.android.gms.ads.AdActivity"]}, {"b3b28e59212912084c63871e1f85126e": ["10", "com.google.android.gms.ads.AdActivity"]}, {"b3b28e59212912084c63871e1f85126e": ["10", "com.google.android.gms.ads.AdActivity"]}, {"b3b28e59212912084c63871e1f85126e": ["10", "com.google.android.gms.ads.AdActivity"]}, {"b3b28e59212912084c63871e1f85126e": ["10", "com.google.android.gms.ads.AdActivity"]}, {"b3b28e59212912084c63871e1f85126e": ["10", "com.google.android.gms.ads.AdActivity"]}, {"b3b28e59212912084c63871e1f85126e": ["10", "com.google.android.gms.ads.AdActivity"]}, {"b3b28e59212912084c63871e1f85126e": ["10", "com.google.android.gms.ads.AdActivity"]}, {"b3b28e59212912084c63871e1f85126e": ["10", "com.google.android.gms.ads.AdActivity"]}, {"b3b28e59212912084c63871e1f85126e": ["10", "com.google.android.gms.ads.AdActivity"]}, {"b3b28e59212912084c63871e1f85126e": ["10", "com.google.android.gms.ads.AdActivity"]}, {"b3b28e59212912084c63871e1f85126e": ["10", "com.google.android.gms.ads.AdActivity"]}, {"b3b28e59212912084c63871e1f85126e": ["10", "com.google.android.gms.ads.AdActivity"]}, {"b3b28e59212912084c63871e1f85126e": ["10", "com.google.android.gms.ads.AdActivity"]}, {"b3b28e59212912084c63871e1f85126e": ["10", "com.google.android.gms.ads.AdActivity"]}, {"b3b28e59212912084c63871e1f85126e": ["10", "com.google.android.gms.ads.AdActivity"]}, {"b3b28e59212912084c63871e1f85126e": ["10", "com.google.android.gms.ads.AdActivity"]}, {"b3b28e59212912084c63871e1f85126e": ["10", "com.google.android.gms.ads.AdActivity"]}, {"b3b28e59212912084c63871e1f85126e": ["10", "com.google.android.gms.ads.AdActivity"]}, {"b3b28e59212912084c63871e1f85126e": ["10", "com.google.android.gms.ads.AdActivity"]}, {"b3b28e59212912084c63871e1f85126e": ["10", "com.google.android.gms.ads.AdActivity"]}, {"b3b28e59212912084c63871e1f85126e": ["10", "com.google.android.gms.ads.AdActivity"]}, {"b3b28e59212912084c63871e1f85126e": ["10", "com.google.android.gms.ads.AdActivity"]}, {"b3b28e59212912084c63871e1f85126e": ["10", "com.google.android.gms.ads.AdActivity"]}, {"b3b28e59212912084c63871e1f85126e": ["10", "com.google.android.gms.ads.AdActivity"]}, {"b3b28e59212912084c63871e1f85126e": ["10", "com.google.android.gms.ads.AdActivity"]}, {"b3b28e59212912084c63871e1f85126e": ["10", "com.google.android.gms.ads.AdActivity"]}, {"b3b28e59212912084c63871e1f85126e": ["10", "com.google.android.gms.ads.AdActivity"]}, {"b3b28e59212912084c63871e1f85126e": ["10", "com.google.android.gms.ads.AdActivity"]}, {"b3b28e59212912084c63871e1f85126e": ["10", "com.google.android.gms.ads.AdActivity"]}, {"b3b28e59212912084c63871e1f85126e": ["10", "com.google.android.gms.ads.AdActivity"]}, {"b3b28e59212912084c63871e1f85126e": ["10", "com.google.android.gms.ads.AdActivity"]}, {"b3b28e59212912084c63871e1f85126e": ["10", "com.google.android.gms.ads.AdActivity"]}, {"b3b28e59212912084c63871e1f85126e": ["10", "com.google.android.gms.ads.AdActivity"]}, {"b3b28e59212912084c63871e1f85126e": ["10", "com.google.android.gms.ads.AdActivity"]}, {"b3b28e59212912084c63871e1f85126e": ["10", "com.google.android.gms.ads.AdActivity"]}, {"b3b28e59212912084c63871e1f85126e": ["10", "com.google.android.gms.ads.AdActivity"]}, {"b3b28e59212912084c63871e1f85126e": ["10", "com.google.android.gms.ads.AdActivity"]}, {"b3b28e59212912084c63871e1f85126e": ["10", "com.google.android.gms.ads.AdActivity"]}, {"b3b28e59212912084c63871e1f85126e": ["10", "com.google.android.gms.ads.AdActivity"]}, {"b3b28e59212912084c63871e1f85126e": ["10", "com.google.android.gms.ads.AdActivity"]}, {"b3b28e59212912084c63871e1f85126e": ["10", "com.google.android.gms.ads.AdActivity"]}, {"b3b28e59212912084c63871e1f85126e": ["10", "com.google.android.gms.ads.AdActivity"]}, {"b3b28e59212912084c63871e1f85126e": ["10", "com.google.android.gms.ads.AdActivity"]}, {"b3b28e59212912084c63871e1f85126e": ["10", "com.google.android.gms.ads.AdActivity"]}, {"b3b28e59212912084c63871e1f85126e": ["10", "com.google.android.gms.ads.AdActivity"]}, {"b3b28e59212912084c63871e1f85126e": ["10", "com.google.android.gms.ads.AdActivity"]}, {"b3b28e59212912084c63871e1f85126e": ["10", "com.google.android.gms.ads.AdActivity"]}, {"b3b28e59212912084c63871e1f85126e": ["10", "com.google.android.gms.ads.AdActivity"]}, {"b3b28e59212912084c63871e1f85126e": ["10", "com.google.android.gms.ads.AdActivity"]}, {"b3b28e59212912084c63871e1f85126e": ["10", "com.google.android.gms.ads.AdActivity"]}, {"b3b28e59212912084c63871e1f85126e": ["10", "com.google.android.gms.ads.AdActivity"]}, {"b3b28e59212912084c63871e1f85126e": ["10", "com.google.android.gms.ads.AdActivity"]}, {"b3b28e59212912084c63871e1f85126e": ["10", "com.google.android.gms.ads.AdActivity"]}, {"b3b28e59212912084c63871e1f85126e": ["10", "com.google.android.gms.ads.AdActivity"]}, {"b3b28e59212912084c63871e1f85126e": ["10", "com.google.android.gms.ads.AdActivity"]}, {"b3b28e59212912084c63871e1f85126e": ["10", "com.google.android.gms.ads.AdActivity"]}, {"b3b28e59212912084c63871e1f85126e": ["10", "com.google.android.gms.ads.AdActivity"]}, {"b3b28e59212912084c63871e1f85126e": ["10", "com.google.android.gms.ads.AdActivity"]}, {"b3b28e59212912084c63871e1f85126e": ["10", "com.google.android.gms.ads.AdActivity"]}, {"b3b28e59212912084c63871e1f85126e": ["10", "com.google.android.gms.ads.AdActivity"]}, {"b3b28e59212912084c63871e1f85126e": ["10", "com.google.android.gms.ads.AdActivity"]}, {"b3b28e59212912084c63871e1f85126e": ["10", "com.google.android.gms.ads.AdActivity"]}, {"b3b28e59212912084c63871e1f85126e": ["10", "com.google.android.gms.ads.AdActivity"]}, {"b3b28e59212912084c63871e1f85126e": ["10", "com.google.android.gms.ads.AdActivity"]}, {"b3b28e59212912084c63871e1f85126e": ["10", "com.google.android.gms.ads.AdActivity"]}, {"b3b28e59212912084c63871e1f85126e": ["10", "com.google.android.gms.ads.AdActivity"]}, {"b3b28e59212912084c63871e1f85126e": ["10", "com.google.android.gms.ads.AdActivity"]}, {"b3b28e59212912084c63871e1f85126e": ["10", "com.google.android.gms.ads.AdActivity"]}, {"b3b28e59212912084c63871e1f85126e": ["10", "com.google.android.gms.ads.AdActivity"]}, {"b3b28e59212912084c63871e1f85126e": ["10", "com.google.android.gms.ads.AdActivity"]}, {"b3b28e59212912084c63871e1f85126e": ["10", "com.google.android.gms.ads.AdActivity"]}, {"b3b28e59212912084c63871e1f85126e": ["10", "com.google.android.gms.ads.AdActivity"]}, {"b3b28e59212912084c63871e1f85126e": ["10", "com.google.android.gms.ads.AdActivity"]}, {"b3b28e59212912084c63871e1f85126e": ["10", "com.google.android.gms.ads.AdActivity"]}, {"b3b28e59212912084c63871e1f85126e": ["10", "com.google.android.gms.ads.AdActivity"]}, {"b3b28e59212912084c63871e1f85126e": ["10", "com.google.android.gms.ads.AdActivity"]}, {"b3b28e59212912084c63871e1f85126e": ["10", "com.google.android.gms.ads.AdActivity"]}, {"b3b28e59212912084c63871e1f85126e": ["10", "com.google.android.gms.ads.AdActivity"]}, {"b3b28e59212912084c63871e1f85126e": ["10", "com.google.android.gms.ads.AdActivity"]}, {"b3b28e59212912084c63871e1f85126e": ["10", "com.google.android.gms.ads.AdActivity"]}, {"b3b28e59212912084c63871e1f85126e": ["10", "com.google.android.gms.ads.AdActivity"]}, {"b3b28e59212912084c63871e1f85126e": ["10", "com.google.android.gms.ads.AdActivity"]}, {"b3b28e59212912084c63871e1f85126e": ["10", "com.google.android.gms.ads.AdActivity"]}, {"b3b28e59212912084c63871e1f85126e": ["10", "com.google.android.gms.ads.AdActivity"]}, {"b3b28e59212912084c63871e1f85126e": ["10", "com.google.android.gms.ads.AdActivity"]}, {"b3b28e59212912084c63871e1f85126e": ["10", "com.google.android.gms.ads.AdActivity"]}, {"b3b28e59212912084c63871e1f85126e": ["10", "com.google.android.gms.ads.AdActivity"]}, {"b3b28e59212912084c63871e1f85126e": ["10", "com.google.android.gms.ads.AdActivity"]}, {"b3b28e59212912084c63871e1f85126e": ["10", "com.google.android.gms.ads.AdActivity"]}, {"b3b28e59212912084c63871e1f85126e": ["10", "com.google.android.gms.ads.AdActivity"]}, {"b3b28e59212912084c63871e1f85126e": ["10", "com.google.android.gms.ads.AdActivity"]}, {"b3b28e59212912084c63871e1f85126e": ["10", "com.google.android.gms.ads.AdActivity"]}, {"b3b28e59212912084c63871e1f85126e": ["10", "com.google.android.gms.ads.AdActivity"]}, {"b3b28e59212912084c63871e1f85126e": ["10", "com.google.android.gms.ads.AdActivity"]}, {"b3b28e59212912084c63871e1f85126e": ["10", "com.google.android.gms.ads.AdActivity"]}, {"b3b28e59212912084c63871e1f85126e": ["10", "com.google.android.gms.ads.AdActivity"]}, {"b3b28e59212912084c63871e1f85126e": ["10", "com.google.android.gms.ads.AdActivity"]}, {"b3b28e59212912084c63871e1f85126e": ["10", "com.google.android.gms.ads.AdActivity"]}, {"b3b28e59212912084c63871e1f85126e": ["10", "com.google.android.gms.ads.AdActivity"]}, {"b3b28e59212912084c63871e1f85126e": ["10", "com.google.android.gms.ads.AdActivity"]}, {"b3b28e59212912084c63871e1f85126e": ["10", "com.google.android.gms.ads.AdActivity"]}, {"b3b28e59212912084c63871e1f85126e": ["10", "com.google.android.gms.ads.AdActivity"]}, {"b3b28e59212912084c63871e1f85126e": ["10", "com.google.android.gms.ads.AdActivity"]}, {"b3b28e59212912084c63871e1f85126e": ["10", "com.google.android.gms.ads.AdActivity"]}, {"b3b28e59212912084c63871e1f85126e": ["10", "com.google.android.gms.ads.AdActivity"]}, {"b3b28e59212912084c63871e1f85126e": ["10", "com.google.android.gms.ads.AdActivity"]}, {"b3b28e59212912084c63871e1f85126e": ["10", "com.google.android.gms.ads.AdActivity"]}, {"b3b28e59212912084c63871e1f85126e": ["10", "com.google.android.gms.ads.AdActivity"]}, {"b3b28e59212912084c63871e1f85126e": ["10", "com.google.android.gms.ads.AdActivity"]}, {"b3b28e59212912084c63871e1f85126e": ["10", "com.google.android.gms.ads.AdActivity"]}, {"b3b28e59212912084c63871e1f85126e": ["10", "com.google.android.gms.ads.AdActivity"]}, {"b3b28e59212912084c63871e1f85126e": ["10", "com.google.android.gms.ads.AdActivity"]}, {"b3b28e59212912084c63871e1f85126e": ["10", "com.google.android.gms.ads.AdActivity"]}, {"b3b28e59212912084c63871e1f85126e": ["10", "com.google.android.gms.ads.AdActivity"]}, {"b3b28e59212912084c63871e1f85126e": ["10", "com.google.android.gms.ads.AdActivity"]}, {"b3b28e59212912084c63871e1f85126e": ["10", "com.google.android.gms.ads.AdActivity"]}, {"b3b28e59212912084c63871e1f85126e": ["10", "com.google.android.gms.ads.AdActivity"]}, {"b3b28e59212912084c63871e1f85126e": ["10", "com.google.android.gms.ads.AdActivity"]}, {"b3b28e59212912084c63871e1f85126e": ["10", "com.google.android.gms.ads.AdActivity"]}, {"b3b28e59212912084c63871e1f85126e": ["10", "com.google.android.gms.ads.AdActivity"]}, {"b3b28e59212912084c63871e1f85126e": ["10", "com.google.android.gms.ads.AdActivity"]}, {"b3b28e59212912084c63871e1f85126e": ["10", "com.google.android.gms.ads.AdActivity"]}, {"b3b28e59212912084c63871e1f85126e": ["10", "com.google.android.gms.ads.AdActivity"]}, {"b3b28e59212912084c63871e1f85126e": ["10", "com.google.android.gms.ads.AdActivity"]}, {"b3b28e59212912084c63871e1f85126e": ["10", "com.google.android.gms.ads.AdActivity"]}, {"b3b28e59212912084c63871e1f85126e": ["10", "com.google.android.gms.ads.AdActivity"]}, {"b3b28e59212912084c63871e1f85126e": ["10", "com.google.android.gms.ads.AdActivity"]}, {"b3b28e59212912084c63871e1f85126e": ["10", "com.google.android.gms.ads.AdActivity"]}, {"b3b28e59212912084c63871e1f85126e": ["10", "com.google.android.gms.ads.AdActivity"]}, {"b3b28e59212912084c63871e1f85126e": ["10", "com.google.android.gms.ads.AdActivity"]}, {"b3b28e59212912084c63871e1f85126e": ["10", "com.google.android.gms.ads.AdActivity"]}, {"b3b28e59212912084c63871e1f85126e": ["10", "com.google.android.gms.ads.AdActivity"]}, {"b3b28e59212912084c63871e1f85126e": ["10", "com.google.android.gms.ads.AdActivity"]}, {"b3b28e59212912084c63871e1f85126e": ["10", "com.google.android.gms.ads.AdActivity"]}, {"b3b28e59212912084c63871e1f85126e": ["10", "com.google.android.gms.ads.AdActivity"]}, {"b3b28e59212912084c63871e1f85126e": ["10", "com.google.android.gms.ads.AdActivity"]}, {"b3b28e59212912084c63871e1f85126e": ["10", "com.google.android.gms.ads.AdActivity"]}, {"b3b28e59212912084c63871e1f85126e": ["10", "com.google.android.gms.ads.AdActivity"]}, {"b3b28e59212912084c63871e1f85126e": ["10", "com.google.android.gms.ads.AdActivity"]}, {"b3b28e59212912084c63871e1f85126e": ["10", "com.google.android.gms.ads.AdActivity"]}, {"b3b28e59212912084c63871e1f85126e": ["10", "com.google.android.gms.ads.AdActivity"]}, {"b3b28e59212912084c63871e1f85126e": ["10", "com.google.android.gms.ads.AdActivity"]}, {"b3b28e59212912084c63871e1f85126e": ["10", "com.google.android.gms.ads.AdActivity"]}, {"b3b28e59212912084c63871e1f85126e": ["10", "com.google.android.gms.ads.AdActivity"]}, {"b3b28e59212912084c63871e1f85126e": ["10", "com.google.android.gms.ads.AdActivity"]}, {"b3b28e59212912084c63871e1f85126e": ["10", "com.google.android.gms.ads.AdActivity"]}, {"b3b28e59212912084c63871e1f85126e": ["10", "com.google.android.gms.ads.AdActivity"]}, {"b3b28e59212912084c63871e1f85126e": ["10", "com.google.android.gms.ads.AdActivity"]}, {"b3b28e59212912084c63871e1f85126e": ["10", "com.google.android.gms.ads.AdActivity"]}, {"b3b28e59212912084c63871e1f85126e": ["10", "com.google.android.gms.ads.AdActivity"]}, {"b3b28e59212912084c63871e1f85126e": ["10", "com.google.android.gms.ads.AdActivity"]}, {"b3b28e59212912084c63871e1f85126e": ["10", "com.google.android.gms.ads.AdActivity"]}, {"b3b28e59212912084c63871e1f85126e": ["10", "com.google.android.gms.ads.AdActivity"]}, {"b3b28e59212912084c63871e1f85126e": ["10", "com.google.android.gms.ads.AdActivity"]}, {"b3b28e59212912084c63871e1f85126e": ["10", "com.google.android.gms.ads.AdActivity"]}, {"b3b28e59212912084c63871e1f85126e": ["10", "com.google.android.gms.ads.AdActivity"]}, {"b3b28e59212912084c63871e1f85126e": ["10", "com.google.android.gms.ads.AdActivity"]}, {"b3b28e59212912084c63871e1f85126e": ["10", "com.google.android.gms.ads.AdActivity"]}, {"b3b28e59212912084c63871e1f85126e": ["10", "com.google.android.gms.ads.AdActivity"]}, {"b3b28e59212912084c63871e1f85126e": ["10", "com.google.android.gms.ads.AdActivity"]}, {"b3b28e59212912084c63871e1f85126e": ["10", "com.google.android.gms.ads.AdActivity"]}, {"b3b28e59212912084c63871e1f85126e": ["10", "com.google.android.gms.ads.AdActivity"]}, {"b3b28e59212912084c63871e1f85126e": ["10", "com.google.android.gms.ads.AdActivity"]}, {"b3b28e59212912084c63871e1f85126e": ["10", "com.google.android.gms.ads.AdActivity"]}, {"b3b28e59212912084c63871e1f85126e": ["10", "com.google.android.gms.ads.AdActivity"]}, {"b3b28e59212912084c63871e1f85126e": ["10", "com.google.android.gms.ads.AdActivity"]}, {"b3b28e59212912084c63871e1f85126e": ["10", "com.google.android.gms.ads.AdActivity"]}, {"b3b28e59212912084c63871e1f85126e": ["10", "com.google.android.gms.ads.AdActivity"]}, {"b3b28e59212912084c63871e1f85126e": ["10", "com.google.android.gms.ads.AdActivity"]}, {"b3b28e59212912084c63871e1f85126e": ["10", "com.google.android.gms.ads.AdActivity"]}, {"b3b28e59212912084c63871e1f85126e": ["10", "com.google.android.gms.ads.AdActivity"]}, {"b3b28e59212912084c63871e1f85126e": ["10", "com.google.android.gms.ads.AdActivity"]}, {"b3b28e59212912084c63871e1f85126e": ["10", "com.google.android.gms.ads.AdActivity"]}, {"b3b28e59212912084c63871e1f85126e": ["10", "com.google.android.gms.ads.AdActivity"]}, {"b3b28e59212912084c63871e1f85126e": ["10", "com.google.android.gms.ads.AdActivity"]}, {"b3b28e59212912084c63871e1f85126e": ["10", "com.google.android.gms.ads.AdActivity"]}, {"b3b28e59212912084c63871e1f85126e": ["10", "com.google.android.gms.ads.AdActivity"]}, {"b3b28e59212912084c63871e1f85126e": ["10", "com.google.android.gms.ads.AdActivity"]}, {"b3b28e59212912084c63871e1f85126e": ["10", "com.google.android.gms.ads.AdActivity"]}, {"b3b28e59212912084c63871e1f85126e": ["10", "com.google.android.gms.ads.AdActivity"]}, {"b3b28e59212912084c63871e1f85126e": ["10", "com.google.android.gms.ads.AdActivity"]}, {"b3b28e59212912084c63871e1f85126e": ["10", "com.google.android.gms.ads.AdActivity"]}, {"b3b28e59212912084c63871e1f85126e": ["10", "com.google.android.gms.ads.AdActivity"]}, {"b3b28e59212912084c63871e1f85126e": ["10", "com.google.android.gms.ads.AdActivity"]}, {"2759d2f4d44eec1c36afa8b94b95a8e4": ["610", "com.google.android.gms.ads.AdActivity"]}, {"2759d2f4d44eec1c36afa8b94b95a8e4": ["610", "com.google.android.gms.ads.AdActivity"]}, {"aca3c01c76eaac85bfffe38fcb8ec4b2": ["43", "net.zedge.android.activity.ControllerActivity"]}, {"82602546f301d2c97357bd6b9d0caa3f": ["611", "net.zedge.android.activity.ControllerActivity"]}, {"3b688fd2c13873ee8d7006731dafb890": ["612", "net.zedge.android.activity.ControllerActivity"]}, {"3b688fd2c13873ee8d7006731dafb890": ["612", "net.zedge.android.activity.ControllerActivity"]}, {"db2fb10a2e92d6ab3126aee71602bf82": ["265", "com.google.android.gms.ads.AdActivity"]}, {"db2fb10a2e92d6ab3126aee71602bf82": ["265", "com.google.android.gms.ads.AdActivity"]}, {"db2fb10a2e92d6ab3126aee71602bf82": ["265", "com.google.android.gms.ads.AdActivity"]}, {"db2fb10a2e92d6ab3126aee71602bf82": ["265", "com.google.android.gms.ads.AdActivity"]}, {"db2fb10a2e92d6ab3126aee71602bf82": ["265", "com.google.android.gms.ads.AdActivity"]}, {"db2fb10a2e92d6ab3126aee71602bf82": ["265", "com.google.android.gms.ads.AdActivity"]}, {"db2fb10a2e92d6ab3126aee71602bf82": ["265", "com.google.android.gms.ads.AdActivity"]}, {"db2fb10a2e92d6ab3126aee71602bf82": ["265", "com.google.android.gms.ads.AdActivity"]}, {"db2fb10a2e92d6ab3126aee71602bf82": ["265", "com.google.android.gms.ads.AdActivity"]}, {"db2fb10a2e92d6ab3126aee71602bf82": ["265", "com.google.android.gms.ads.AdActivity"]}, {"db2fb10a2e92d6ab3126aee71602bf82": ["265", "com.google.android.gms.ads.AdActivity"]}, {"db2fb10a2e92d6ab3126aee71602bf82": ["265", "com.google.android.gms.ads.AdActivity"]}, {"db2fb10a2e92d6ab3126aee71602bf82": ["265", "com.google.android.gms.ads.AdActivity"]}, {"db2fb10a2e92d6ab3126aee71602bf82": ["265", "com.google.android.gms.ads.AdActivity"]}, {"db2fb10a2e92d6ab3126aee71602bf82": ["265", "com.google.android.gms.ads.AdActivity"]}, {"db2fb10a2e92d6ab3126aee71602bf82": ["265", "com.google.android.gms.ads.AdActivity"]}, {"db2fb10a2e92d6ab3126aee71602bf82": ["265", "com.google.android.gms.ads.AdActivity"]}, {"db2fb10a2e92d6ab3126aee71602bf82": ["265", "com.google.android.gms.ads.AdActivity"]}, {"db2fb10a2e92d6ab3126aee71602bf82": ["265", "com.google.android.gms.ads.AdActivity"]}, {"db2fb10a2e92d6ab3126aee71602bf82": ["265", "com.google.android.gms.ads.AdActivity"]}, {"db2fb10a2e92d6ab3126aee71602bf82": ["265", "com.google.android.gms.ads.AdActivity"]}, {"db2fb10a2e92d6ab3126aee71602bf82": ["265", "com.google.android.gms.ads.AdActivity"]}, {"db2fb10a2e92d6ab3126aee71602bf82": ["265", "com.google.android.gms.ads.AdActivity"]}, {"db2fb10a2e92d6ab3126aee71602bf82": ["265", "com.google.android.gms.ads.AdActivity"]}, {"db2fb10a2e92d6ab3126aee71602bf82": ["265", "com.google.android.gms.ads.AdActivity"]}, {"db2fb10a2e92d6ab3126aee71602bf82": ["265", "com.google.android.gms.ads.AdActivity"]}, {"db2fb10a2e92d6ab3126aee71602bf82": ["265", "com.google.android.gms.ads.AdActivity"]}, {"db2fb10a2e92d6ab3126aee71602bf82": ["265", "com.google.android.gms.ads.AdActivity"]}, {"db2fb10a2e92d6ab3126aee71602bf82": ["265", "com.google.android.gms.ads.AdActivity"]}, {"db2fb10a2e92d6ab3126aee71602bf82": ["265", "com.google.android.gms.ads.AdActivity"]}, {"db2fb10a2e92d6ab3126aee71602bf82": ["265", "com.google.android.gms.ads.AdActivity"]}, {"db2fb10a2e92d6ab3126aee71602bf82": ["265", "com.google.android.gms.ads.AdActivity"]}, {"db2fb10a2e92d6ab3126aee71602bf82": ["265", "com.google.android.gms.ads.AdActivity"]}, {"db2fb10a2e92d6ab3126aee71602bf82": ["265", "com.google.android.gms.ads.AdActivity"]}, {"db2fb10a2e92d6ab3126aee71602bf82": ["265", "com.google.android.gms.ads.AdActivity"]}, {"db2fb10a2e92d6ab3126aee71602bf82": ["265", "com.google.android.gms.ads.AdActivity"]}, {"db2fb10a2e92d6ab3126aee71602bf82": ["265", "com.google.android.gms.ads.AdActivity"]}, {"db2fb10a2e92d6ab3126aee71602bf82": ["265", "com.google.android.gms.ads.AdActivity"]}, {"db2fb10a2e92d6ab3126aee71602bf82": ["265", "com.google.android.gms.ads.AdActivity"]}, {"db2fb10a2e92d6ab3126aee71602bf82": ["265", "com.google.android.gms.ads.AdActivity"]}, {"db2fb10a2e92d6ab3126aee71602bf82": ["265", "com.google.android.gms.ads.AdActivity"]}, {"db2fb10a2e92d6ab3126aee71602bf82": ["265", "com.google.android.gms.ads.AdActivity"]}, {"db2fb10a2e92d6ab3126aee71602bf82": ["265", "com.google.android.gms.ads.AdActivity"]}, {"db2fb10a2e92d6ab3126aee71602bf82": ["265", "com.google.android.gms.ads.AdActivity"]}, {"db2fb10a2e92d6ab3126aee71602bf82": ["265", "com.google.android.gms.ads.AdActivity"]}, {"db2fb10a2e92d6ab3126aee71602bf82": ["265", "com.google.android.gms.ads.AdActivity"]}, {"db2fb10a2e92d6ab3126aee71602bf82": ["265", "com.google.android.gms.ads.AdActivity"]}, {"db2fb10a2e92d6ab3126aee71602bf82": ["265", "com.google.android.gms.ads.AdActivity"]}, {"db2fb10a2e92d6ab3126aee71602bf82": ["265", "com.google.android.gms.ads.AdActivity"]}, {"db2fb10a2e92d6ab3126aee71602bf82": ["265", "com.google.android.gms.ads.AdActivity"]}, {"db2fb10a2e92d6ab3126aee71602bf82": ["265", "com.google.android.gms.ads.AdActivity"]}, {"db2fb10a2e92d6ab3126aee71602bf82": ["265", "com.google.android.gms.ads.AdActivity"]}, {"db2fb10a2e92d6ab3126aee71602bf82": ["265", "com.google.android.gms.ads.AdActivity"]}, {"db2fb10a2e92d6ab3126aee71602bf82": ["265", "com.google.android.gms.ads.AdActivity"]}, {"db2fb10a2e92d6ab3126aee71602bf82": ["265", "com.google.android.gms.ads.AdActivity"]}, {"db2fb10a2e92d6ab3126aee71602bf82": ["265", "com.google.android.gms.ads.AdActivity"]}, {"db2fb10a2e92d6ab3126aee71602bf82": ["265", "com.google.android.gms.ads.AdActivity"]}, {"db2fb10a2e92d6ab3126aee71602bf82": ["265", "com.google.android.gms.ads.AdActivity"]}, {"db2fb10a2e92d6ab3126aee71602bf82": ["265", "com.google.android.gms.ads.AdActivity"]}, {"db2fb10a2e92d6ab3126aee71602bf82": ["265", "com.google.android.gms.ads.AdActivity"]}, {"db2fb10a2e92d6ab3126aee71602bf82": ["265", "com.google.android.gms.ads.AdActivity"]}, {"db2fb10a2e92d6ab3126aee71602bf82": ["265", "com.google.android.gms.ads.AdActivity"]}, {"db2fb10a2e92d6ab3126aee71602bf82": ["265", "com.google.android.gms.ads.AdActivity"]}, {"db2fb10a2e92d6ab3126aee71602bf82": ["265", "com.google.android.gms.ads.AdActivity"]}, {"db2fb10a2e92d6ab3126aee71602bf82": ["265", "com.google.android.gms.ads.AdActivity"]}, {"db2fb10a2e92d6ab3126aee71602bf82": ["265", "com.google.android.gms.ads.AdActivity"]}, {"db2fb10a2e92d6ab3126aee71602bf82": ["265", "com.google.android.gms.ads.AdActivity"]}, {"db2fb10a2e92d6ab3126aee71602bf82": ["265", "com.google.android.gms.ads.AdActivity"]}, {"db2fb10a2e92d6ab3126aee71602bf82": ["265", "com.google.android.gms.ads.AdActivity"]}, {"db2fb10a2e92d6ab3126aee71602bf82": ["265", "com.google.android.gms.ads.AdActivity"]}, {"db2fb10a2e92d6ab3126aee71602bf82": ["265", "com.google.android.gms.ads.AdActivity"]}, {"db2fb10a2e92d6ab3126aee71602bf82": ["265", "com.google.android.gms.ads.AdActivity"]}, {"db2fb10a2e92d6ab3126aee71602bf82": ["265", "com.google.android.gms.ads.AdActivity"]}, {"db2fb10a2e92d6ab3126aee71602bf82": ["265", "com.google.android.gms.ads.AdActivity"]}, {"db2fb10a2e92d6ab3126aee71602bf82": ["265", "com.google.android.gms.ads.AdActivity"]}, {"db2fb10a2e92d6ab3126aee71602bf82": ["265", "com.google.android.gms.ads.AdActivity"]}, {"db2fb10a2e92d6ab3126aee71602bf82": ["265", "com.google.android.gms.ads.AdActivity"]}, {"db2fb10a2e92d6ab3126aee71602bf82": ["265", "com.google.android.gms.ads.AdActivity"]}, {"db2fb10a2e92d6ab3126aee71602bf82": ["265", "com.google.android.gms.ads.AdActivity"]}, {"db2fb10a2e92d6ab3126aee71602bf82": ["265", "com.google.android.gms.ads.AdActivity"]}, {"db2fb10a2e92d6ab3126aee71602bf82": ["265", "com.google.android.gms.ads.AdActivity"]}, {"db2fb10a2e92d6ab3126aee71602bf82": ["265", "com.google.android.gms.ads.AdActivity"]}, {"db2fb10a2e92d6ab3126aee71602bf82": ["265", "com.google.android.gms.ads.AdActivity"]}, {"db2fb10a2e92d6ab3126aee71602bf82": ["265", "com.google.android.gms.ads.AdActivity"]}, {"db2fb10a2e92d6ab3126aee71602bf82": ["265", "com.google.android.gms.ads.AdActivity"]}, {"db2fb10a2e92d6ab3126aee71602bf82": ["265", "com.google.android.gms.ads.AdActivity"]}, {"db2fb10a2e92d6ab3126aee71602bf82": ["265", "com.google.android.gms.ads.AdActivity"]}, {"db2fb10a2e92d6ab3126aee71602bf82": ["265", "com.google.android.gms.ads.AdActivity"]}, {"db2fb10a2e92d6ab3126aee71602bf82": ["265", "com.google.android.gms.ads.AdActivity"]}, {"db2fb10a2e92d6ab3126aee71602bf82": ["265", "com.google.android.gms.ads.AdActivity"]}]